object_uid,object_idx,condition,uncapped,seed_base,elapsed_seconds,fg_psnr,fg_lpips,fg_ssim,edge_ssim,full_psnr,full_lpips,full_ssim,input_cond_sha256,input_depth_sha256,input_global_embeds_sha256,input_init_latent_sha256,input_normal_sha256,input_target_sha256
02dba652a05246a7a6e2040a5fae956f,0,native_gc3,False,42,8.061752080917358,11.22683048248291,0.10980398952960968,0.2954528033733368,0.48412707448005676,20.066144466400146,0.1188533827662468,0.8771970868110657,c9be8488443f0722e8aa14a32b5f80cfbc6d8aa18e450195e673591a12a8d0c4,5a23dc2e3d8845d120c97fcd48832d55e38cc194024a50391e6c255b4c41d358,535ab0a5a9f0a635ed1ea3a601d93ec1b228e53fba6af67763cb71818907afa6,0340047558809127cfbef95fc332f3ae1ce4145167192ddcfc30e1e5778e94dd,7bac7bba7150294a42c38c3a43d58c0b3198c571268789bc3b6e67b2b0805e2a,cb52f3ca887679cb63fa23b25cb5e4604e05b831143ad371fc06e4ea520c5090
02dba652a05246a7a6e2040a5fae956f,0,native_gfh,False,42,7.550724983215332,12.403993606567383,0.10661959648132324,0.34392136335372925,0.5113826990127563,19.029606580734253,0.11974094808101654,0.8693422675132751,c9be8488443f0722e8aa14a32b5f80cfbc6d8aa18e450195e673591a12a8d0c4,5a23dc2e3d8845d120c97fcd48832d55e38cc194024a50391e6c255b4c41d358,535ab0a5a9f0a635ed1ea3a601d93ec1b228e53fba6af67763cb71818907afa6,0340047558809127cfbef95fc332f3ae1ce4145167192ddcfc30e1e5778e94dd,7bac7bba7150294a42c38c3a43d58c0b3198c571268789bc3b6e67b2b0805e2a,cb52f3ca887679cb63fa23b25cb5e4604e05b831143ad371fc06e4ea520c5090
02dba652a05246a7a6e2040a5fae956f,0,native_gfl,False,42,7.604452610015869,10.533734560012817,0.10874352604150772,0.27426669001579285,0.477103054523468,19.695937633514404,0.11339862644672394,0.8693208694458008,c9be8488443f0722e8aa14a32b5f80cfbc6d8aa18e450195e673591a12a8d0c4,5a23dc2e3d8845d120c97fcd48832d55e38cc194024a50391e6c255b4c41d358,535ab0a5a9f0a635ed1ea3a601d93ec1b228e53fba6af67763cb71818907afa6,0340047558809127cfbef95fc332f3ae1ce4145167192ddcfc30e1e5778e94dd,7bac7bba7150294a42c38c3a43d58c0b3198c571268789bc3b6e67b2b0805e2a,cb52f3ca887679cb63fa23b25cb5e4604e05b831143ad371fc06e4ea520c5090
02dba652a05246a7a6e2040a5fae956f,0,no_adapter,False,42,7.430054664611816,6.475903391838074,0.14971238374710083,0.38390809297561646,0.4829086661338806,10.41070818901062,0.6048535704612732,0.7534777522087097,c9be8488443f0722e8aa14a32b5f80cfbc6d8aa18e450195e673591a12a8d0c4,5a23dc2e3d8845d120c97fcd48832d55e38cc194024a50391e6c255b4c41d358,535ab0a5a9f0a635ed1ea3a601d93ec1b228e53fba6af67763cb71818907afa6,0340047558809127cfbef95fc332f3ae1ce4145167192ddcfc30e1e5778e94dd,7bac7bba7150294a42c38c3a43d58c0b3198c571268789bc3b6e67b2b0805e2a,cb52f3ca887679cb63fa23b25cb5e4604e05b831143ad371fc06e4ea520c5090
033fc9d942504cb9b571dc088f6e68f2,1,native_gc3,False,42,8.09855341911316,15.621544122695923,0.11998488008975983,0.5068040490150452,0.5861526131629944,21.552987098693848,0.11537330597639084,0.8915945887565613,550ddd8acdc730f8b0afb63776ccf44adf5561452c64617a0a3d6bac31fca687,b71989446b98ee55ad4a958ed7b6de8e40cd591b3c0c9bfe10ee9ef2cc23feb8,9d0acec74aa09b83e303eb12e97a4b94d2fe69397a4355627aad4fb8affc7e53,0340047558809127cfbef95fc332f3ae1ce4145167192ddcfc30e1e5778e94dd,b147853e0bcfbdbc1612415c54273e6c4dee291ef7c3bf73d42b4bd1244fb9c5,0295e53f51aa2be26d7f10ba8604fb4e62d21a7f781cc7c03fb7e8ab66532a0f
033fc9d942504cb9b571dc088f6e68f2,1,native_gfh,False,42,7.643146753311157,17.261765003204346,0.09980760514736176,0.5307572484016418,0.6045868992805481,19.988720417022705,0.10286879539489746,0.8878567218780518,550ddd8acdc730f8b0afb63776ccf44adf5561452c64617a0a3d6bac31fca687,b71989446b98ee55ad4a958ed7b6de8e40cd591b3c0c9bfe10ee9ef2cc23feb8,9d0acec74aa09b83e303eb12e97a4b94d2fe69397a4355627aad4fb8affc7e53,0340047558809127cfbef95fc332f3ae1ce4145167192ddcfc30e1e5778e94dd,b147853e0bcfbdbc1612415c54273e6c4dee291ef7c3bf73d42b4bd1244fb9c5,0295e53f51aa2be26d7f10ba8604fb4e62d21a7f781cc7c03fb7e8ab66532a0f
033fc9d942504cb9b571dc088f6e68f2,1,native_gfl,False,42,7.6952221393585205,14.24970269203186,0.12658673524856567,0.5069551467895508,0.5934701561927795,21.616742610931396,0.1184602752327919,0.886066734790802,550ddd8acdc730f8b0afb63776ccf44adf5561452c64617a0a3d6bac31fca687,b71989446b98ee55ad4a958ed7b6de8e40cd591b3c0c9bfe10ee9ef2cc23feb8,9d0acec74aa09b83e303eb12e97a4b94d2fe69397a4355627aad4fb8affc7e53,0340047558809127cfbef95fc332f3ae1ce4145167192ddcfc30e1e5778e94dd,b147853e0bcfbdbc1612415c54273e6c4dee291ef7c3bf73d42b4bd1244fb9c5,0295e53f51aa2be26d7f10ba8604fb4e62d21a7f781cc7c03fb7e8ab66532a0f
033fc9d942504cb9b571dc088f6e68f2,1,no_adapter,False,42,7.53410530090332,7.065220475196838,0.17381694912910461,0.47779637575149536,0.524378776550293,10.331432819366455,0.6466174125671387,0.7485011219978333,550ddd8acdc730f8b0afb63776ccf44adf5561452c64617a0a3d6bac31fca687,b71989446b98ee55ad4a958ed7b6de8e40cd591b3c0c9bfe10ee9ef2cc23feb8,9d0acec74aa09b83e303eb12e97a4b94d2fe69397a4355627aad4fb8affc7e53,0340047558809127cfbef95fc332f3ae1ce4145167192ddcfc30e1e5778e94dd,b147853e0bcfbdbc1612415c54273e6c4dee291ef7c3bf73d42b4bd1244fb9c5,0295e53f51aa2be26d7f10ba8604fb4e62d21a7f781cc7c03fb7e8ab66532a0f
03657338956d41158be94cf19b150402,2,native_gc3,False,42,7.636558771133423,8.268969655036926,0.13591203093528748,0.26942479610443115,0.49896565079689026,18.768070936203003,0.14549997448921204,0.879973292350769,a00858600d9077144feaa8da9e6fa4b2f4dbad89c2664a659280bb37d52745bb,3d4e929e9c9a3d353c156fefdd53c3a9ec26a89640907a1a28aab66c9e16e7bf,9a4f844a9b70d509dc70f7bdd6c1737e24c14a33e4b8dd89f037df7203afb210,0340047558809127cfbef95fc332f3ae1ce4145167192ddcfc30e1e5778e94dd,732d4c8b36129c5eab37cd617b989ca026ff9c4b5ac80e506cc94e80db14bcbf,a3c7aba084a269fb66b826321ccbacd692835f418f38c4aac8466af441d91693
03657338956d41158be94cf19b150402,2,native_gfh,False,42,7.70406174659729,10.60969591140747,0.11669543385505676,0.3285065293312073,0.5357043743133545,18.38848352432251,0.13419926166534424,0.8720495104789734,a00858600d9077144feaa8da9e6fa4b2f4dbad89c2664a659280bb37d52745bb,3d4e929e9c9a3d353c156fefdd53c3a9ec26a89640907a1a28aab66c9e16e7bf,9a4f844a9b70d509dc70f7bdd6c1737e24c14a33e4b8dd89f037df7203afb210,0340047558809127cfbef95fc332f3ae1ce4145167192ddcfc30e1e5778e94dd,732d4c8b36129c5eab37cd617b989ca026ff9c4b5ac80e506cc94e80db14bcbf,a3c7aba084a269fb66b826321ccbacd692835f418f38c4aac8466af441d91693
03657338956d41158be94cf19b150402,2,native_gfl,False,42,7.480494976043701,7.127293944358826,0.145735502243042,0.24234867095947266,0.4839993119239807,18.007761240005493,0.15706323087215424,0.8716633319854736,a00858600d9077144feaa8da9e6fa4b2f4dbad89c2664a659280bb37d52745bb,3d4e929e9c9a3d353c156fefdd53c3a9ec26a89640907a1a28aab66c9e16e7bf,9a4f844a9b70d509dc70f7bdd6c1737e24c14a33e4b8dd89f037df7203afb210,0340047558809127cfbef95fc332f3ae1ce4145167192ddcfc30e1e5778e94dd,732d4c8b36129c5eab37cd617b989ca026ff9c4b5ac80e506cc94e80db14bcbf,a3c7aba084a269fb66b826321ccbacd692835f418f38c4aac8466af441d91693
03657338956d41158be94cf19b150402,2,no_adapter,False,42,7.157304525375366,10.077811479568481,0.12608349323272705,0.48394617438316345,0.5134223103523254,11.600468158721924,0.6317467093467712,0.7373652458190918,a00858600d9077144feaa8da9e6fa4b2f4dbad89c2664a659280bb37d52745bb,3d4e929e9c9a3d353c156fefdd53c3a9ec26a89640907a1a28aab66c9e16e7bf,9a4f844a9b70d509dc70f7bdd6c1737e24c14a33e4b8dd89f037df7203afb210,0340047558809127cfbef95fc332f3ae1ce4145167192ddcfc30e1e5778e94dd,732d4c8b36129c5eab37cd617b989ca026ff9c4b5ac80e506cc94e80db14bcbf,a3c7aba084a269fb66b826321ccbacd692835f418f38c4aac8466af441d91693
03e56d297da241b58fc9eb85586bcb8a,3,native_gc3,False,42,7.524631977081299,11.96516752243042,0.21465817093849182,0.3146836459636688,0.4017718732357025,17.96327829360962,0.2213548868894577,0.8105995655059814,453bb3e67795a50fedf8716c781f7256765780ad0df7d800407a87fdaed54f6c,1b4596c6c87e6c75b8d44ee9a87ce57b68e6eec2989ad0d1342f3ccec8faf9af,a7ca41f88d06a1cff8e00d0f30f028b4261c65551475ef034996c9a64f9895b8,0340047558809127cfbef95fc332f3ae1ce4145167192ddcfc30e1e5778e94dd,2e17e6da75f25bec35f299802dd36208ec732b3be51f0aae6baa8eedc634c9b9,bb534ec8ba8f4128fed40acd49fae01d56bc39d2fbc70471aa34bdb8a0a69f1f
03e56d297da241b58fc9eb85586bcb8a,3,native_gfh,False,42,7.483816623687744,11.769288778305054,0.21527528762817383,0.36834079027175903,0.41675126552581787,17.1559476852417,0.23094342648983002,0.8106046319007874,453bb3e67795a50fedf8716c781f7256765780ad0df7d800407a87fdaed54f6c,1b4596c6c87e6c75b8d44ee9a87ce57b68e6eec2989ad0d1342f3ccec8faf9af,a7ca41f88d06a1cff8e00d0f30f028b4261c65551475ef034996c9a64f9895b8,0340047558809127cfbef95fc332f3ae1ce4145167192ddcfc30e1e5778e94dd,2e17e6da75f25bec35f299802dd36208ec732b3be51f0aae6baa8eedc634c9b9,bb534ec8ba8f4128fed40acd49fae01d56bc39d2fbc70471aa34bdb8a0a69f1f
03e56d297da241b58fc9eb85586bcb8a,3,native_gfl,False,42,7.460989713668823,12.298305034637451,0.21560223400592804,0.2849200665950775,0.3972216248512268,18.19276452064514,0.22085371613502502,0.8054312467575073,453bb3e67795a50fedf8716c781f7256765780ad0df7d800407a87fdaed54f6c,1b4596c6c87e6c75b8d44ee9a87ce57b68e6eec2989ad0d1342f3ccec8faf9af,a7ca41f88d06a1cff8e00d0f30f028b4261c65551475ef034996c9a64f9895b8,0340047558809127cfbef95fc332f3ae1ce4145167192ddcfc30e1e5778e94dd,2e17e6da75f25bec35f299802dd36208ec732b3be51f0aae6baa8eedc634c9b9,bb534ec8ba8f4128fed40acd49fae01d56bc39d2fbc70471aa34bdb8a0a69f1f
03e56d297da241b58fc9eb85586bcb8a,3,no_adapter,False,42,7.147651672363281,5.130608677864075,0.2682134807109833,0.38650694489479065,0.3389907777309418,8.820451498031616,0.5871089100837708,0.7167307138442993,453bb3e67795a50fedf8716c781f7256765780ad0df7d800407a87fdaed54f6c,1b4596c6c87e6c75b8d44ee9a87ce57b68e6eec2989ad0d1342f3ccec8faf9af,a7ca41f88d06a1cff8e00d0f30f028b4261c65551475ef034996c9a64f9895b8,0340047558809127cfbef95fc332f3ae1ce4145167192ddcfc30e1e5778e94dd,2e17e6da75f25bec35f299802dd36208ec732b3be51f0aae6baa8eedc634c9b9,bb534ec8ba8f4128fed40acd49fae01d56bc39d2fbc70471aa34bdb8a0a69f1f
051866dbfd054270ba58110b78ae6980,4,native_gc3,False,42,7.639544486999512,12.434431314468384,0.1257716864347458,0.3404914438724518,0.46301743388175964,20.04600763320923,0.15891443192958832,0.8582513928413391,d5f54c812ae7d5ab35c50840b308120cf8a08ca37f86d2c5219d3c5ea90fbdfa,2c29ac165f00666ab68a73d0b407bc3e917597d9c6a74ff596a03985fb47cd6b,6e7af38ce448c8b3034e61732366ad5a00a2d56842fdb0bf0a0b085251503f4f,0340047558809127cfbef95fc332f3ae1ce4145167192ddcfc30e1e5778e94dd,64050306382a58a2ea35ce8af23160a395d2577c9944689dbf443f719ec3133c,16cc3b9aad3c36586c6455100fa127862c3c7d9bab09fad009fa0e07f7caab49
051866dbfd054270ba58110b78ae6980,4,native_gfh,False,42,7.453348875045776,13.881971836090088,0.10997268557548523,0.3827893137931824,0.4797402620315552,18.494595289230347,0.15843990445137024,0.8543780446052551,d5f54c812ae7d5ab35c50840b308120cf8a08ca37f86d2c5219d3c5ea90fbdfa,2c29ac165f00666ab68a73d0b407bc3e917597d9c6a74ff596a03985fb47cd6b,6e7af38ce448c8b3034e61732366ad5a00a2d56842fdb0bf0a0b085251503f4f,0340047558809127cfbef95fc332f3ae1ce4145167192ddcfc30e1e5778e94dd,64050306382a58a2ea35ce8af23160a395d2577c9944689dbf443f719ec3133c,16cc3b9aad3c36586c6455100fa127862c3c7d9bab09fad009fa0e07f7caab49
051866dbfd054270ba58110b78ae6980,4,native_gfl,False,42,7.596444368362427,11.967742443084717,0.1275613158941269,0.3216457962989807,0.4567507207393646,20.127265453338623,0.16055330634117126,0.8566754460334778,d5f54c812ae7d5ab35c50840b308120cf8a08ca37f86d2c5219d3c5ea90fbdfa,2c29ac165f00666ab68a73d0b407bc3e917597d9c6a74ff596a03985fb47cd6b,6e7af38ce448c8b3034e61732366ad5a00a2d56842fdb0bf0a0b085251503f4f,0340047558809127cfbef95fc332f3ae1ce4145167192ddcfc30e1e5778e94dd,64050306382a58a2ea35ce8af23160a395d2577c9944689dbf443f719ec3133c,16cc3b9aad3c36586c6455100fa127862c3c7d9bab09fad009fa0e07f7caab49
051866dbfd054270ba58110b78ae6980,4,no_adapter,False,42,7.423232078552246,6.82133674621582,0.157605841755867,0.35834306478500366,0.43627533316612244,10.820385217666626,0.6009373068809509,0.7357311248779297,d5f54c812ae7d5ab35c50840b308120cf8a08ca37f86d2c5219d3c5ea90fbdfa,2c29ac165f00666ab68a73d0b407bc3e917597d9c6a74ff596a03985fb47cd6b,6e7af38ce448c8b3034e61732366ad5a00a2d56842fdb0bf0a0b085251503f4f,0340047558809127cfbef95fc332f3ae1ce4145167192ddcfc30e1e5778e94dd,64050306382a58a2ea35ce8af23160a395d2577c9944689dbf443f719ec3133c,16cc3b9aad3c36586c6455100fa127862c3c7d9bab09fad009fa0e07f7caab49
0571e6db30c84b1593bc55a8e145a430,5,native_gc3,False,42,7.554839611053467,13.695000410079956,0.20531801879405975,0.3814665973186493,0.479827880859375,17.754398584365845,0.1991494596004486,0.7580312490463257,80addf3ee18004fe0d9dfba9b113b1c080f05c4c68802af96b4f10a00dc07ea7,6516c02c40e213efdc3facf3c9c058adfab4766f381c748ba08efab3333a94b1,18f1fb3369d3afeaed4e931b081c853dbf1dbad3442650bd741a5780b2d89330,0340047558809127cfbef95fc332f3ae1ce4145167192ddcfc30e1e5778e94dd,78e7fa78b8808abfe503c2ba7a53c84578154c8e94075d16ea048c644c5fa46d,dba3f204907ce9fbbde1f0b1e3f45a8a13fb4f45b6115ee91d50246d9cc8cd3f
0571e6db30c84b1593bc55a8e145a430,5,native_gfh,False,42,7.524149656295776,10.825667381286621,0.23486250638961792,0.42224571108818054,0.48454228043556213,15.037362575531006,0.25029394030570984,0.7467437982559204,80addf3ee18004fe0d9dfba9b113b1c080f05c4c68802af96b4f10a00dc07ea7,6516c02c40e213efdc3facf3c9c058adfab4766f381c748ba08efab3333a94b1,18f1fb3369d3afeaed4e931b081c853dbf1dbad3442650bd741a5780b2d89330,0340047558809127cfbef95fc332f3ae1ce4145167192ddcfc30e1e5778e94dd,78e7fa78b8808abfe503c2ba7a53c84578154c8e94075d16ea048c644c5fa46d,dba3f204907ce9fbbde1f0b1e3f45a8a13fb4f45b6115ee91d50246d9cc8cd3f
0571e6db30c84b1593bc55a8e145a430,5,native_gfl,False,42,7.555833578109741,15.397082567214966,0.19798925518989563,0.3643546402454376,0.48202505707740784,19.318898916244507,0.19282594323158264,0.7614293694496155,80addf3ee18004fe0d9dfba9b113b1c080f05c4c68802af96b4f10a00dc07ea7,6516c02c40e213efdc3facf3c9c058adfab4766f381c748ba08efab3333a94b1,18f1fb3369d3afeaed4e931b081c853dbf1dbad3442650bd741a5780b2d89330,0340047558809127cfbef95fc332f3ae1ce4145167192ddcfc30e1e5778e94dd,78e7fa78b8808abfe503c2ba7a53c84578154c8e94075d16ea048c644c5fa46d,dba3f204907ce9fbbde1f0b1e3f45a8a13fb4f45b6115ee91d50246d9cc8cd3f
0571e6db30c84b1593bc55a8e145a430,5,no_adapter,False,42,7.154658317565918,5.096867084503174,0.4027625620365143,0.31716620922088623,0.38551872968673706,6.45036518573761,0.686382532119751,0.5301456451416016,80addf3ee18004fe0d9dfba9b113b1c080f05c4c68802af96b4f10a00dc07ea7,6516c02c40e213efdc3facf3c9c058adfab4766f381c748ba08efab3333a94b1,18f1fb3369d3afeaed4e931b081c853dbf1dbad3442650bd741a5780b2d89330,0340047558809127cfbef95fc332f3ae1ce4145167192ddcfc30e1e5778e94dd,78e7fa78b8808abfe503c2ba7a53c84578154c8e94075d16ea048c644c5fa46d,dba3f204907ce9fbbde1f0b1e3f45a8a13fb4f45b6115ee91d50246d9cc8cd3f
05f454964b7e4d2bbf5c23890f0ba0ba,6,native_gc3,False,42,7.64620041847229,14.837566614151001,0.1684616357088089,0.41838645935058594,0.4583591818809509,20.14735698699951,0.16428153216838837,0.8280695676803589,e035aaba67b74234c4008ee43e0c7a9e80d6f64c5f72cf88a19448da13feb066,f4424d7d3b7cb4ed0d177b4a001ab8bdfc88ab5f2ddd16ffc7305b0cb76ce3f3,773f4d6acfcd01a15b47ff5a4a596840cbde33148a91bf8803c1d0aba8bcebcb,0340047558809127cfbef95fc332f3ae1ce4145167192ddcfc30e1e5778e94dd,6805c818772b3224cc984c5cdf7cd985824ba177bd8c5785d7eca58c9e73bd7f,db6838b3cd0eeab99bd14982d1603ccda708068a00691c1fe34118eadee5fd8a
05f454964b7e4d2bbf5c23890f0ba0ba,6,native_gfh,False,42,7.484795093536377,17.877168655395508,0.13907572627067566,0.49517595767974854,0.48805534839630127,20.491998195648193,0.14435657858848572,0.832625150680542,e035aaba67b74234c4008ee43e0c7a9e80d6f64c5f72cf88a19448da13feb066,f4424d7d3b7cb4ed0d177b4a001ab8bdfc88ab5f2ddd16ffc7305b0cb76ce3f3,773f4d6acfcd01a15b47ff5a4a596840cbde33148a91bf8803c1d0aba8bcebcb,0340047558809127cfbef95fc332f3ae1ce4145167192ddcfc30e1e5778e94dd,6805c818772b3224cc984c5cdf7cd985824ba177bd8c5785d7eca58c9e73bd7f,db6838b3cd0eeab99bd14982d1603ccda708068a00691c1fe34118eadee5fd8a
05f454964b7e4d2bbf5c23890f0ba0ba,6,native_gfl,False,42,7.523927927017212,12.825899124145508,0.17899508774280548,0.3692736327648163,0.443421334028244,18.788390159606934,0.16963960230350494,0.8195637464523315,e035aaba67b74234c4008ee43e0c7a9e80d6f64c5f72cf88a19448da13feb066,f4424d7d3b7cb4ed0d177b4a001ab8bdfc88ab5f2ddd16ffc7305b0cb76ce3f3,773f4d6acfcd01a15b47ff5a4a596840cbde33148a91bf8803c1d0aba8bcebcb,0340047558809127cfbef95fc332f3ae1ce4145167192ddcfc30e1e5778e94dd,6805c818772b3224cc984c5cdf7cd985824ba177bd8c5785d7eca58c9e73bd7f,db6838b3cd0eeab99bd14982d1603ccda708068a00691c1fe34118eadee5fd8a
05f454964b7e4d2bbf5c23890f0ba0ba,6,no_adapter,False,42,7.266016960144043,8.253318667411804,0.2398015707731247,0.5397059917449951,0.43568313121795654,9.615815281867981,0.622065544128418,0.7068400979042053,e035aaba67b74234c4008ee43e0c7a9e80d6f64c5f72cf88a19448da13feb066,f4424d7d3b7cb4ed0d177b4a001ab8bdfc88ab5f2ddd16ffc7305b0cb76ce3f3,773f4d6acfcd01a15b47ff5a4a596840cbde33148a91bf8803c1d0aba8bcebcb,0340047558809127cfbef95fc332f3ae1ce4145167192ddcfc30e1e5778e94dd,6805c818772b3224cc984c5cdf7cd985824ba177bd8c5785d7eca58c9e73bd7f,db6838b3cd0eeab99bd14982d1603ccda708068a00691c1fe34118eadee5fd8a
0653fd929bb8403c9b386b5930534eb2,7,native_gc3,False,42,7.606443166732788,12.106432914733887,0.2070925235748291,0.2327519655227661,0.43401387333869934,18.959641456604004,0.2739173471927643,0.8228743076324463,003aff532d1ac9d01e39164a00feedccbf5907bea82fe614d14aecfb43bfde5c,b7dcaea2add2b5eb9dfda6efe562c13c8b9c9164d722867758b465254bff95b4,b18656d60e8f20a44bedc955cf126d2a3e0e5abff379f3d62a6aafa9cf3dc07d,0340047558809127cfbef95fc332f3ae1ce4145167192ddcfc30e1e5778e94dd,e74d25fbfd3794feef133e6ec464c3db6cad3b87ab287b4e87b9add18a4c55b6,8164180aeb59ca316f9c7d2418158549f7de37f70fc2e7b82689955fda6f1eb2
0653fd929bb8403c9b386b5930534eb2,7,native_gfh,False,42,7.605789661407471,13.028255701065063,0.1767352819442749,0.2660447061061859,0.47060462832450867,18.985553979873657,0.2658814489841461,0.8195898532867432,003aff532d1ac9d01e39164a00feedccbf5907bea82fe614d14aecfb43bfde5c,b7dcaea2add2b5eb9dfda6efe562c13c8b9c9164d722867758b465254bff95b4,b18656d60e8f20a44bedc955cf126d2a3e0e5abff379f3d62a6aafa9cf3dc07d,0340047558809127cfbef95fc332f3ae1ce4145167192ddcfc30e1e5778e94dd,e74d25fbfd3794feef133e6ec464c3db6cad3b87ab287b4e87b9add18a4c55b6,8164180aeb59ca316f9c7d2418158549f7de37f70fc2e7b82689955fda6f1eb2
0653fd929bb8403c9b386b5930534eb2,7,native_gfl,False,42,7.586476802825928,11.614818572998047,0.22029465436935425,0.2085685133934021,0.4125622808933258,18.480350971221924,0.27926722168922424,0.8141350150108337,003aff532d1ac9d01e39164a00feedccbf5907bea82fe614d14aecfb43bfde5c,b7dcaea2add2b5eb9dfda6efe562c13c8b9c9164d722867758b465254bff95b4,b18656d60e8f20a44bedc955cf126d2a3e0e5abff379f3d62a6aafa9cf3dc07d,0340047558809127cfbef95fc332f3ae1ce4145167192ddcfc30e1e5778e94dd,e74d25fbfd3794feef133e6ec464c3db6cad3b87ab287b4e87b9add18a4c55b6,8164180aeb59ca316f9c7d2418158549f7de37f70fc2e7b82689955fda6f1eb2
0653fd929bb8403c9b386b5930534eb2,7,no_adapter,False,42,7.35997748374939,6.907585859298706,0.20145182311534882,0.2584119737148285,0.48924437165260315,10.78630805015564,0.6636924147605896,0.6973301768302917,003aff532d1ac9d01e39164a00feedccbf5907bea82fe614d14aecfb43bfde5c,b7dcaea2add2b5eb9dfda6efe562c13c8b9c9164d722867758b465254bff95b4,b18656d60e8f20a44bedc955cf126d2a3e0e5abff379f3d62a6aafa9cf3dc07d,0340047558809127cfbef95fc332f3ae1ce4145167192ddcfc30e1e5778e94dd,e74d25fbfd3794feef133e6ec464c3db6cad3b87ab287b4e87b9add18a4c55b6,8164180aeb59ca316f9c7d2418158549f7de37f70fc2e7b82689955fda6f1eb2
067aa0a948074dda86ad9fdad1fcef9d,8,native_gc3,False,42,7.619355201721191,7.3479098081588745,0.11121496558189392,0.3133159875869751,0.5085234045982361,18.615795373916626,0.14257854223251343,0.8869149088859558,a58fd9b254b5401dc5869e32ffedd60361980b4acc9bbe943c0b127365d7a69e,ba190e1291120bdef1e4e713409d40494eb774e49898ea6beada8d378bc05cb6,b90205d0e6cce1217ad9f9d96972c41b979c8b114e966e3648c65a7e6a44db6e,0340047558809127cfbef95fc332f3ae1ce4145167192ddcfc30e1e5778e94dd,296e099c39010f4be6f44dd2a7b64fde03f578f0ea5f5ff62244253ec1d77741,71c605826323eea44eba283bbfdfbec560bc7ed275c1d323c7fef0b3d74d15b9
067aa0a948074dda86ad9fdad1fcef9d,8,native_gfh,False,42,7.518465995788574,9.538747668266296,0.10062141716480255,0.370327353477478,0.5534799098968506,18.09262752532959,0.13187703490257263,0.882339358329773,a58fd9b254b5401dc5869e32ffedd60361980b4acc9bbe943c0b127365d7a69e,ba190e1291120bdef1e4e713409d40494eb774e49898ea6beada8d378bc05cb6,b90205d0e6cce1217ad9f9d96972c41b979c8b114e966e3648c65a7e6a44db6e,0340047558809127cfbef95fc332f3ae1ce4145167192ddcfc30e1e5778e94dd,296e099c39010f4be6f44dd2a7b64fde03f578f0ea5f5ff62244253ec1d77741,71c605826323eea44eba283bbfdfbec560bc7ed275c1d323c7fef0b3d74d15b9
067aa0a948074dda86ad9fdad1fcef9d,8,native_gfl,False,42,7.518414497375488,6.669741272926331,0.11371207982301712,0.2917023301124573,0.4990886449813843,18.285502195358276,0.1526278704404831,0.8850787878036499,a58fd9b254b5401dc5869e32ffedd60361980b4acc9bbe943c0b127365d7a69e,ba190e1291120bdef1e4e713409d40494eb774e49898ea6beada8d378bc05cb6,b90205d0e6cce1217ad9f9d96972c41b979c8b114e966e3648c65a7e6a44db6e,0340047558809127cfbef95fc332f3ae1ce4145167192ddcfc30e1e5778e94dd,296e099c39010f4be6f44dd2a7b64fde03f578f0ea5f5ff62244253ec1d77741,71c605826323eea44eba283bbfdfbec560bc7ed275c1d323c7fef0b3d74d15b9
067aa0a948074dda86ad9fdad1fcef9d,8,no_adapter,False,42,7.106779098510742,10.017908811569214,0.10964430868625641,0.44917231798171997,0.5247265100479126,11.714814901351929,0.6024999022483826,0.7773949503898621,a58fd9b254b5401dc5869e32ffedd60361980b4acc9bbe943c0b127365d7a69e,ba190e1291120bdef1e4e713409d40494eb774e49898ea6beada8d378bc05cb6,b90205d0e6cce1217ad9f9d96972c41b979c8b114e966e3648c65a7e6a44db6e,0340047558809127cfbef95fc332f3ae1ce4145167192ddcfc30e1e5778e94dd,296e099c39010f4be6f44dd2a7b64fde03f578f0ea5f5ff62244253ec1d77741,71c605826323eea44eba283bbfdfbec560bc7ed275c1d323c7fef0b3d74d15b9
068ac3dfc34a464c89a5c467eb951969,9,native_gc3,False,42,7.5774383544921875,14.705522060394287,0.1896386593580246,0.2692006528377533,0.5201032757759094,19.30005431175232,0.1330816149711609,0.7407236099243164,9a0523b8792c6a3d7a9d79d0eb68518e2ce8dca9673a34fb20e16f856e07f3ac,4ad45d70ca89f07491c538fb67b3cd135fc670dfaad381c2941c969d7a33b0d8,6ed7cc4d8cd149632341f3b1c11f9c2d3c060a677ce6da6ea2749f28db0808ee,0340047558809127cfbef95fc332f3ae1ce4145167192ddcfc30e1e5778e94dd,e2099010ec75fbbd69a72a026ac6b8dd7ff0dcd0e55075babd8180802e6ddda5,c7452b39f0b65b424acb899d780cf66028df54065bda45799d7cf0c3628d3950
068ac3dfc34a464c89a5c467eb951969,9,native_gfh,False,42,7.682260274887085,12.916141748428345,0.21510012447834015,0.2722565531730652,0.5191864967346191,17.258528470993042,0.1773824542760849,0.7349678874015808,9a0523b8792c6a3d7a9d79d0eb68518e2ce8dca9673a34fb20e16f856e07f3ac,4ad45d70ca89f07491c538fb67b3cd135fc670dfaad381c2941c969d7a33b0d8,6ed7cc4d8cd149632341f3b1c11f9c2d3c060a677ce6da6ea2749f28db0808ee,0340047558809127cfbef95fc332f3ae1ce4145167192ddcfc30e1e5778e94dd,e2099010ec75fbbd69a72a026ac6b8dd7ff0dcd0e55075babd8180802e6ddda5,c7452b39f0b65b424acb899d780cf66028df54065bda45799d7cf0c3628d3950
068ac3dfc34a464c89a5c467eb951969,9,native_gfl,False,42,7.518847703933716,15.173511505126953,0.18544833362102509,0.26086288690567017,0.5173901915550232,19.874141216278076,0.12976884841918945,0.7385637760162354,9a0523b8792c6a3d7a9d79d0eb68518e2ce8dca9673a34fb20e16f856e07f3ac,4ad45d70ca89f07491c538fb67b3cd135fc670dfaad381c2941c969d7a33b0d8,6ed7cc4d8cd149632341f3b1c11f9c2d3c060a677ce6da6ea2749f28db0808ee,0340047558809127cfbef95fc332f3ae1ce4145167192ddcfc30e1e5778e94dd,e2099010ec75fbbd69a72a026ac6b8dd7ff0dcd0e55075babd8180802e6ddda5,c7452b39f0b65b424acb899d780cf66028df54065bda45799d7cf0c3628d3950
068ac3dfc34a464c89a5c467eb951969,9,no_adapter,False,42,7.310693979263306,5.731578469276428,0.35693681240081787,0.21544894576072693,0.384812593460083,8.281849026679993,0.5685864090919495,0.6195748448371887,9a0523b8792c6a3d7a9d79d0eb68518e2ce8dca9673a34fb20e16f856e07f3ac,4ad45d70ca89f07491c538fb67b3cd135fc670dfaad381c2941c969d7a33b0d8,6ed7cc4d8cd149632341f3b1c11f9c2d3c060a677ce6da6ea2749f28db0808ee,0340047558809127cfbef95fc332f3ae1ce4145167192ddcfc30e1e5778e94dd,e2099010ec75fbbd69a72a026ac6b8dd7ff0dcd0e55075babd8180802e6ddda5,c7452b39f0b65b424acb899d780cf66028df54065bda45799d7cf0c3628d3950
06fa4974f8cd4d4ea792e98fa1521457,10,native_gc3,False,42,7.473868370056152,14.343361854553223,0.46495482325553894,0.6348596215248108,0.5153311491012573,17.398674488067627,0.49257898330688477,0.7899916172027588,3cea3d925dc3c7e23dfff35517548b92197bcc7f2ca9ba968d4540d67af5badd,0838dfea79035d46d01470f30409beea5cad8396069f6c48d6202985c4881760,f3e26e36bf47f95cfae294c990c61c2e829aeebdc1eb5829c0650a450d200a80,0340047558809127cfbef95fc332f3ae1ce4145167192ddcfc30e1e5778e94dd,610a9168702d9a6d9d80bfcc04bea3bffb505a288c52bb2305b7e5a4eaae6723,bd7514ee5eea1e79e683187c62e7a348df9f283e5f2d3e062308ff872ca3e712
06fa4974f8cd4d4ea792e98fa1521457,10,native_gfh,False,42,7.409520387649536,15.524177551269531,0.35418692231178284,0.77616286277771,0.5375624895095825,18.394087553024292,0.39230459928512573,0.8415122628211975,3cea3d925dc3c7e23dfff35517548b92197bcc7f2ca9ba968d4540d67af5badd,0838dfea79035d46d01470f30409beea5cad8396069f6c48d6202985c4881760,f3e26e36bf47f95cfae294c990c61c2e829aeebdc1eb5829c0650a450d200a80,0340047558809127cfbef95fc332f3ae1ce4145167192ddcfc30e1e5778e94dd,610a9168702d9a6d9d80bfcc04bea3bffb505a288c52bb2305b7e5a4eaae6723,bd7514ee5eea1e79e683187c62e7a348df9f283e5f2d3e062308ff872ca3e712
06fa4974f8cd4d4ea792e98fa1521457,10,native_gfl,False,42,7.361589193344116,12.550090551376343,0.4892510771751404,0.4497387409210205,0.5186532139778137,15.603418350219727,0.5036847591400146,0.7191980481147766,3cea3d925dc3c7e23dfff35517548b92197bcc7f2ca9ba968d4540d67af5badd,0838dfea79035d46d01470f30409beea5cad8396069f6c48d6202985c4881760,f3e26e36bf47f95cfae294c990c61c2e829aeebdc1eb5829c0650a450d200a80,0340047558809127cfbef95fc332f3ae1ce4145167192ddcfc30e1e5778e94dd,610a9168702d9a6d9d80bfcc04bea3bffb505a288c52bb2305b7e5a4eaae6723,bd7514ee5eea1e79e683187c62e7a348df9f283e5f2d3e062308ff872ca3e712
06fa4974f8cd4d4ea792e98fa1521457,10,no_adapter,False,42,7.230904817581177,11.191999912261963,0.48479095101356506,0.6770843267440796,0.5141092538833618,11.139469146728516,0.7431360483169556,0.6934521794319153,3cea3d925dc3c7e23dfff35517548b92197bcc7f2ca9ba968d4540d67af5badd,0838dfea79035d46d01470f30409beea5cad8396069f6c48d6202985c4881760,f3e26e36bf47f95cfae294c990c61c2e829aeebdc1eb5829c0650a450d200a80,0340047558809127cfbef95fc332f3ae1ce4145167192ddcfc30e1e5778e94dd,610a9168702d9a6d9d80bfcc04bea3bffb505a288c52bb2305b7e5a4eaae6723,bd7514ee5eea1e79e683187c62e7a348df9f283e5f2d3e062308ff872ca3e712
08bf7329181544ecacde071ae086d03a,11,native_gc3,False,42,7.448538780212402,10.796558856964111,0.19690538942813873,0.25605839490890503,0.39305540919303894,16.903055906295776,0.20748549699783325,0.7863348126411438,a3aa482f24cf6b381194da7d64e28c33d9546cc9cc0f9496811fb27aed247b5e,db020877f2daa62f317a36cd896a1b0708d18b37edd6fd9b885ae7eaca3b081d,3060a59d5f1dad89b9da7391b372eeb80ad0dd7f5bfc636f43dabdb74204afb9,0340047558809127cfbef95fc332f3ae1ce4145167192ddcfc30e1e5778e94dd,a612805331f87ad68bbd8d06ffdb09f51e7ea60148bd6a67cd1428d8d715e3a9,377351b629bd6e9b1002a3eab10d85541f6380ebfda8ccb9d9157a8c3a5e4245
08bf7329181544ecacde071ae086d03a,11,native_gfh,False,42,7.523186922073364,11.153753995895386,0.20706598460674286,0.2943602502346039,0.3938014507293701,16.45640254020691,0.21869701147079468,0.785563588142395,a3aa482f24cf6b381194da7d64e28c33d9546cc9cc0f9496811fb27aed247b5e,db020877f2daa62f317a36cd896a1b0708d18b37edd6fd9b885ae7eaca3b081d,3060a59d5f1dad89b9da7391b372eeb80ad0dd7f5bfc636f43dabdb74204afb9,0340047558809127cfbef95fc332f3ae1ce4145167192ddcfc30e1e5778e94dd,a612805331f87ad68bbd8d06ffdb09f51e7ea60148bd6a67cd1428d8d715e3a9,377351b629bd6e9b1002a3eab10d85541f6380ebfda8ccb9d9157a8c3a5e4245
08bf7329181544ecacde071ae086d03a,11,native_gfl,False,42,7.50105357170105,10.021833181381226,0.19545210897922516,0.22754459083080292,0.39258691668510437,16.378815174102783,0.20442330837249756,0.7770165205001831,a3aa482f24cf6b381194da7d64e28c33d9546cc9cc0f9496811fb27aed247b5e,db020877f2daa62f317a36cd896a1b0708d18b37edd6fd9b885ae7eaca3b081d,3060a59d5f1dad89b9da7391b372eeb80ad0dd7f5bfc636f43dabdb74204afb9,0340047558809127cfbef95fc332f3ae1ce4145167192ddcfc30e1e5778e94dd,a612805331f87ad68bbd8d06ffdb09f51e7ea60148bd6a67cd1428d8d715e3a9,377351b629bd6e9b1002a3eab10d85541f6380ebfda8ccb9d9157a8c3a5e4245
08bf7329181544ecacde071ae086d03a,11,no_adapter,False,42,7.115304470062256,5.655832886695862,0.26306068897247314,0.2949793338775635,0.33085983991622925,8.82845401763916,0.5745232701301575,0.6834185719490051,a3aa482f24cf6b381194da7d64e28c33d9546cc9cc0f9496811fb27aed247b5e,db020877f2daa62f317a36cd896a1b0708d18b37edd6fd9b885ae7eaca3b081d,3060a59d5f1dad89b9da7391b372eeb80ad0dd7f5bfc636f43dabdb74204afb9,0340047558809127cfbef95fc332f3ae1ce4145167192ddcfc30e1e5778e94dd,a612805331f87ad68bbd8d06ffdb09f51e7ea60148bd6a67cd1428d8d715e3a9,377351b629bd6e9b1002a3eab10d85541f6380ebfda8ccb9d9157a8c3a5e4245
0a1810add9984f3c950c34b7b5462d96,12,native_gc3,False,42,7.603875398635864,13.827018737792969,0.12648744881153107,0.42002516984939575,0.5232346057891846,21.13273859024048,0.1624530851840973,0.8759037256240845,8a853c0bf2ec4da03f358e049974dcf661f2321ffd645b06fbb1d488e1628b09,bc9c3a6aaeb96abc6359aebf571b56ba7da5bae9c2415a3183edd8d9577163af,33fa4c8fb31b44cfe6d0067fac0e561742b484a9ef7d84b41e18d7f24e9ed526,0340047558809127cfbef95fc332f3ae1ce4145167192ddcfc30e1e5778e94dd,470787c0d16787e07ffed09288aeb9fd15a1c8dda2b564f3cbeb1c208cc99205,c69a5463a1d9f09cab858b994dd3494517750fee5c48a90abac42e25c726c0c4
0a1810add9984f3c950c34b7b5462d96,12,native_gfh,False,42,7.557429313659668,15.524959564208984,0.11061957478523254,0.4793444871902466,0.5518292188644409,19.819188117980957,0.14737555384635925,0.8787811398506165,8a853c0bf2ec4da03f358e049974dcf661f2321ffd645b06fbb1d488e1628b09,bc9c3a6aaeb96abc6359aebf571b56ba7da5bae9c2415a3183edd8d9577163af,33fa4c8fb31b44cfe6d0067fac0e561742b484a9ef7d84b41e18d7f24e9ed526,0340047558809127cfbef95fc332f3ae1ce4145167192ddcfc30e1e5778e94dd,470787c0d16787e07ffed09288aeb9fd15a1c8dda2b564f3cbeb1c208cc99205,c69a5463a1d9f09cab858b994dd3494517750fee5c48a90abac42e25c726c0c4
0a1810add9984f3c950c34b7b5462d96,12,native_gfl,False,42,7.46479344367981,13.30217719078064,0.13125944137573242,0.41553419828414917,0.5170526504516602,21.169121265411377,0.17835764586925507,0.8721967339515686,8a853c0bf2ec4da03f358e049974dcf661f2321ffd645b06fbb1d488e1628b09,bc9c3a6aaeb96abc6359aebf571b56ba7da5bae9c2415a3183edd8d9577163af,33fa4c8fb31b44cfe6d0067fac0e561742b484a9ef7d84b41e18d7f24e9ed526,0340047558809127cfbef95fc332f3ae1ce4145167192ddcfc30e1e5778e94dd,470787c0d16787e07ffed09288aeb9fd15a1c8dda2b564f3cbeb1c208cc99205,c69a5463a1d9f09cab858b994dd3494517750fee5c48a90abac42e25c726c0c4
0a1810add9984f3c950c34b7b5462d96,12,no_adapter,False,42,7.2938408851623535,7.507269978523254,0.1469597965478897,0.47406360507011414,0.4909312427043915,10.315122604370117,0.6602249145507812,0.7303180694580078,8a853c0bf2ec4da03f358e049974dcf661f2321ffd645b06fbb1d488e1628b09,bc9c3a6aaeb96abc6359aebf571b56ba7da5bae9c2415a3183edd8d9577163af,33fa4c8fb31b44cfe6d0067fac0e561742b484a9ef7d84b41e18d7f24e9ed526,0340047558809127cfbef95fc332f3ae1ce4145167192ddcfc30e1e5778e94dd,470787c0d16787e07ffed09288aeb9fd15a1c8dda2b564f3cbeb1c208cc99205,c69a5463a1d9f09cab858b994dd3494517750fee5c48a90abac42e25c726c0c4
0aed0fc48aeb4e2c8ed081107945291d,13,native_gc3,False,42,7.52771520614624,13.896028995513916,0.2633165717124939,0.6264972686767578,0.535953938961029,19.62121844291687,0.2830726206302643,0.8608740568161011,3224dee730084d8fea4a8395e043e23730c3abf83ac37bcbe5b5ccd47c9ccef0,d4be73929e6ed863c46eb69f44bc15de436ded8c8cead895849c6005ee5c334b,b38f09f8f341fdf8ff20c6c45ea2f6809158ff69028b841f16b63730518d97c1,0340047558809127cfbef95fc332f3ae1ce4145167192ddcfc30e1e5778e94dd,6ab40619a448be716ac8d90e4aab53d8ee61862b61d86ff017c5f4e757c971e0,f7fac584a18cedb452d25bd85552185504e8921147a254c144a54bdd3c554eab
0aed0fc48aeb4e2c8ed081107945291d,13,native_gfh,False,42,7.493880987167358,14.850825071334839,0.24007974565029144,0.701713502407074,0.5946146845817566,19.245147705078125,0.27425843477249146,0.8664568662643433,3224dee730084d8fea4a8395e043e23730c3abf83ac37bcbe5b5ccd47c9ccef0,d4be73929e6ed863c46eb69f44bc15de436ded8c8cead895849c6005ee5c334b,b38f09f8f341fdf8ff20c6c45ea2f6809158ff69028b841f16b63730518d97c1,0340047558809127cfbef95fc332f3ae1ce4145167192ddcfc30e1e5778e94dd,6ab40619a448be716ac8d90e4aab53d8ee61862b61d86ff017c5f4e757c971e0,f7fac584a18cedb452d25bd85552185504e8921147a254c144a54bdd3c554eab
0aed0fc48aeb4e2c8ed081107945291d,13,native_gfl,False,42,7.5781848430633545,11.698918342590332,0.2904720902442932,0.5792614221572876,0.5137132406234741,17.651416063308716,0.30435997247695923,0.8465989232063293,3224dee730084d8fea4a8395e043e23730c3abf83ac37bcbe5b5ccd47c9ccef0,d4be73929e6ed863c46eb69f44bc15de436ded8c8cead895849c6005ee5c334b,b38f09f8f341fdf8ff20c6c45ea2f6809158ff69028b841f16b63730518d97c1,0340047558809127cfbef95fc332f3ae1ce4145167192ddcfc30e1e5778e94dd,6ab40619a448be716ac8d90e4aab53d8ee61862b61d86ff017c5f4e757c971e0,f7fac584a18cedb452d25bd85552185504e8921147a254c144a54bdd3c554eab
0aed0fc48aeb4e2c8ed081107945291d,13,no_adapter,False,42,7.273515462875366,10.986535549163818,0.23978115618228912,0.6677031517028809,0.540759801864624,11.396254301071167,0.632705807685852,0.7562847137451172,3224dee730084d8fea4a8395e043e23730c3abf83ac37bcbe5b5ccd47c9ccef0,d4be73929e6ed863c46eb69f44bc15de436ded8c8cead895849c6005ee5c334b,b38f09f8f341fdf8ff20c6c45ea2f6809158ff69028b841f16b63730518d97c1,0340047558809127cfbef95fc332f3ae1ce4145167192ddcfc30e1e5778e94dd,6ab40619a448be716ac8d90e4aab53d8ee61862b61d86ff017c5f4e757c971e0,f7fac584a18cedb452d25bd85552185504e8921147a254c144a54bdd3c554eab
0c8e1199b7b64ad2ac1c6ff784139dec,14,native_gc3,False,42,7.570922613143921,10.154169797897339,0.19183100759983063,0.30426886677742004,0.43320509791374207,18.34982991218567,0.23960541188716888,0.8414438366889954,6851cfc06f06ee6fc50ece535376a9ed808676f6a56f045b9cdd0429ca4d4c30,d34a985ecaf4c199be64447e7c47e9169d3224b34fd7d25ad17791727a414893,6203c46c5b0ba782a83264b9477a5187dc4fc8c7ee2cac0ac814552ce9498d20,0340047558809127cfbef95fc332f3ae1ce4145167192ddcfc30e1e5778e94dd,caebc9e073939e96129985e0b649789371fff681f40151752d19240bd308df4a,7828a5d864957a37b697b31f47eba6e00924b27096211a17eb1fde44b1a1cf42
0c8e1199b7b64ad2ac1c6ff784139dec,14,native_gfh,False,42,7.518118619918823,12.018612623214722,0.17170430719852448,0.3437458574771881,0.45362603664398193,18.1155788898468,0.23315882682800293,0.838983416557312,6851cfc06f06ee6fc50ece535376a9ed808676f6a56f045b9cdd0429ca4d4c30,d34a985ecaf4c199be64447e7c47e9169d3224b34fd7d25ad17791727a414893,6203c46c5b0ba782a83264b9477a5187dc4fc8c7ee2cac0ac814552ce9498d20,0340047558809127cfbef95fc332f3ae1ce4145167192ddcfc30e1e5778e94dd,caebc9e073939e96129985e0b649789371fff681f40151752d19240bd308df4a,7828a5d864957a37b697b31f47eba6e00924b27096211a17eb1fde44b1a1cf42
0c8e1199b7b64ad2ac1c6ff784139dec,14,native_gfl,False,42,7.456402063369751,9.6015065908432,0.1996237188577652,0.28160950541496277,0.4240434765815735,18.0377197265625,0.2517377734184265,0.8379572033882141,6851cfc06f06ee6fc50ece535376a9ed808676f6a56f045b9cdd0429ca4d4c30,d34a985ecaf4c199be64447e7c47e9169d3224b34fd7d25ad17791727a414893,6203c46c5b0ba782a83264b9477a5187dc4fc8c7ee2cac0ac814552ce9498d20,0340047558809127cfbef95fc332f3ae1ce4145167192ddcfc30e1e5778e94dd,caebc9e073939e96129985e0b649789371fff681f40151752d19240bd308df4a,7828a5d864957a37b697b31f47eba6e00924b27096211a17eb1fde44b1a1cf42
0c8e1199b7b64ad2ac1c6ff784139dec,14,no_adapter,False,42,7.203509092330933,8.828229308128357,0.2015368938446045,0.37718716263771057,0.3868834376335144,10.591922998428345,0.6704080700874329,0.6960987448692322,6851cfc06f06ee6fc50ece535376a9ed808676f6a56f045b9cdd0429ca4d4c30,d34a985ecaf4c199be64447e7c47e9169d3224b34fd7d25ad17791727a414893,6203c46c5b0ba782a83264b9477a5187dc4fc8c7ee2cac0ac814552ce9498d20,0340047558809127cfbef95fc332f3ae1ce4145167192ddcfc30e1e5778e94dd,caebc9e073939e96129985e0b649789371fff681f40151752d19240bd308df4a,7828a5d864957a37b697b31f47eba6e00924b27096211a17eb1fde44b1a1cf42
0d4a613cffae4863bc49aab49ce92b8a,15,native_gc3,False,42,7.529657363891602,10.284008979797363,0.19865745306015015,0.4629063010215759,0.5224035978317261,18.71765971183777,0.20078951120376587,0.8776165246963501,29a637938eaccd33738958d56bc8af002ef4144ca3384b478d2e0efe02e889ba,399a1a58008d2f04700a5b449a5c7151f31618b7c3f8920fda6c35f340beb02b,ef683272318c385c8195399f7e6b8ed7fab04a396ed4ecbfe898e52331b26770,0340047558809127cfbef95fc332f3ae1ce4145167192ddcfc30e1e5778e94dd,491aeca2fa36b18317b20fa386b0a3a2f0789917268bd43bc6cd02e7f1543c57,406cb324334ab7032b56f434f93961085e1e3406656818859d41cf27aece7429
0d4a613cffae4863bc49aab49ce92b8a,15,native_gfh,False,42,7.608123064041138,13.13655138015747,0.17486724257469177,0.5489478707313538,0.5777412056922913,19.41962957382202,0.18587152659893036,0.8780567049980164,29a637938eaccd33738958d56bc8af002ef4144ca3384b478d2e0efe02e889ba,399a1a58008d2f04700a5b449a5c7151f31618b7c3f8920fda6c35f340beb02b,ef683272318c385c8195399f7e6b8ed7fab04a396ed4ecbfe898e52331b26770,0340047558809127cfbef95fc332f3ae1ce4145167192ddcfc30e1e5778e94dd,491aeca2fa36b18317b20fa386b0a3a2f0789917268bd43bc6cd02e7f1543c57,406cb324334ab7032b56f434f93961085e1e3406656818859d41cf27aece7429
0d4a613cffae4863bc49aab49ce92b8a,15,native_gfl,False,42,7.83489990234375,9.362050890922546,0.20642799139022827,0.4425385892391205,0.5133445858955383,18.078356981277466,0.20549419522285461,0.8707464337348938,29a637938eaccd33738958d56bc8af002ef4144ca3384b478d2e0efe02e889ba,399a1a58008d2f04700a5b449a5c7151f31618b7c3f8920fda6c35f340beb02b,ef683272318c385c8195399f7e6b8ed7fab04a396ed4ecbfe898e52331b26770,0340047558809127cfbef95fc332f3ae1ce4145167192ddcfc30e1e5778e94dd,491aeca2fa36b18317b20fa386b0a3a2f0789917268bd43bc6cd02e7f1543c57,406cb324334ab7032b56f434f93961085e1e3406656818859d41cf27aece7429
0d4a613cffae4863bc49aab49ce92b8a,15,no_adapter,False,42,7.245572090148926,10.093119144439697,0.1650262176990509,0.61714768409729,0.5293471217155457,11.170428991317749,0.606867253780365,0.769515335559845,29a637938eaccd33738958d56bc8af002ef4144ca3384b478d2e0efe02e889ba,399a1a58008d2f04700a5b449a5c7151f31618b7c3f8920fda6c35f340beb02b,ef683272318c385c8195399f7e6b8ed7fab04a396ed4ecbfe898e52331b26770,0340047558809127cfbef95fc332f3ae1ce4145167192ddcfc30e1e5778e94dd,491aeca2fa36b18317b20fa386b0a3a2f0789917268bd43bc6cd02e7f1543c57,406cb324334ab7032b56f434f93961085e1e3406656818859d41cf27aece7429
0e96435a23ee42f9b0e76860066c62ff,16,native_gc3,False,42,7.463846206665039,6.748669147491455,0.37225669622421265,0.05117003619670868,0.2852618098258972,12.557147741317749,0.38903653621673584,0.6935566067695618,02bbcb6ef019946277705daa53e9c4abb79595b85dd5c200cbbaf64814f54653,2e9a9e448259cba89b9be0a3b6e6e31260b28342a99c62fef6a1ee904a3abf2b,d931ee1764aef645227156d917480dcd29b4d4c1faaa3c0b37adfaddb97e1cba,0340047558809127cfbef95fc332f3ae1ce4145167192ddcfc30e1e5778e94dd,01d60b29d2270e125a80e8cc3f372a5fbcc86a1c7dbdd183a7b95e81053018f6,c76ecbb19db90804cbb9263058110ba0b6d75d520c4e756a3389593dbfe351f5
0e96435a23ee42f9b0e76860066c62ff,16,native_gfh,False,42,7.474562168121338,5.761021375656128,0.3813222050666809,0.04055546224117279,0.26823189854621887,11.636286973953247,0.3976088762283325,0.6871983408927917,02bbcb6ef019946277705daa53e9c4abb79595b85dd5c200cbbaf64814f54653,2e9a9e448259cba89b9be0a3b6e6e31260b28342a99c62fef6a1ee904a3abf2b,d931ee1764aef645227156d917480dcd29b4d4c1faaa3c0b37adfaddb97e1cba,0340047558809127cfbef95fc332f3ae1ce4145167192ddcfc30e1e5778e94dd,01d60b29d2270e125a80e8cc3f372a5fbcc86a1c7dbdd183a7b95e81053018f6,c76ecbb19db90804cbb9263058110ba0b6d75d520c4e756a3389593dbfe351f5
0e96435a23ee42f9b0e76860066c62ff,16,native_gfl,False,42,7.380157709121704,7.78573215007782,0.3491346836090088,0.056452564895153046,0.29609525203704834,13.389339447021484,0.3617072105407715,0.7038866877555847,02bbcb6ef019946277705daa53e9c4abb79595b85dd5c200cbbaf64814f54653,2e9a9e448259cba89b9be0a3b6e6e31260b28342a99c62fef6a1ee904a3abf2b,d931ee1764aef645227156d917480dcd29b4d4c1faaa3c0b37adfaddb97e1cba,0340047558809127cfbef95fc332f3ae1ce4145167192ddcfc30e1e5778e94dd,01d60b29d2270e125a80e8cc3f372a5fbcc86a1c7dbdd183a7b95e81053018f6,c76ecbb19db90804cbb9263058110ba0b6d75d520c4e756a3389593dbfe351f5
0e96435a23ee42f9b0e76860066c62ff,16,no_adapter,False,42,7.2870752811431885,0.9097342193126678,0.3305565416812897,0.02742771804332733,0.2053745537996292,6.025646328926086,0.6784562468528748,0.6096986532211304,02bbcb6ef019946277705daa53e9c4abb79595b85dd5c200cbbaf64814f54653,2e9a9e448259cba89b9be0a3b6e6e31260b28342a99c62fef6a1ee904a3abf2b,d931ee1764aef645227156d917480dcd29b4d4c1faaa3c0b37adfaddb97e1cba,0340047558809127cfbef95fc332f3ae1ce4145167192ddcfc30e1e5778e94dd,01d60b29d2270e125a80e8cc3f372a5fbcc86a1c7dbdd183a7b95e81053018f6,c76ecbb19db90804cbb9263058110ba0b6d75d520c4e756a3389593dbfe351f5
0f1a74942b204c80a657fefe10e13050,17,native_gc3,False,42,7.434847831726074,14.179445505142212,0.18989047408103943,0.6847376227378845,0.6108141541481018,20.507497787475586,0.2105584293603897,0.889165461063385,25555591f3f04eb49d602ebaa8076a3a48a0542aca110c835b8c41a5c793aa2a,e119d5bd21006fe403634f29beb650fd33cfecb371ab9ca77e6be1e1ac61af11,9c924739e82a79a4a17fe83ca644381dd0462c8f8043aba101ecb252e4f53128,0340047558809127cfbef95fc332f3ae1ce4145167192ddcfc30e1e5778e94dd,80cf07ee064b92b682ebe6ee88765a439a0d0e89e986a42c5b38acc0a84d556b,041ede3789946371088e3ac8cdcdd5a07f27bb400ce8d5cb1c27bda2481c2df1
0f1a74942b204c80a657fefe10e13050,17,native_gfh,False,42,7.4293670654296875,15.23889422416687,0.172668918967247,0.7526082396507263,0.6501509547233582,19.50315833091736,0.19665735960006714,0.8901365399360657,25555591f3f04eb49d602ebaa8076a3a48a0542aca110c835b8c41a5c793aa2a,e119d5bd21006fe403634f29beb650fd33cfecb371ab9ca77e6be1e1ac61af11,9c924739e82a79a4a17fe83ca644381dd0462c8f8043aba101ecb252e4f53128,0340047558809127cfbef95fc332f3ae1ce4145167192ddcfc30e1e5778e94dd,80cf07ee064b92b682ebe6ee88765a439a0d0e89e986a42c5b38acc0a84d556b,041ede3789946371088e3ac8cdcdd5a07f27bb400ce8d5cb1c27bda2481c2df1
0f1a74942b204c80a657fefe10e13050,17,native_gfl,False,42,7.369916677474976,12.181704044342041,0.2080300897359848,0.647261381149292,0.5967211723327637,19.001305103302002,0.22496874630451202,0.8756908774375916,25555591f3f04eb49d602ebaa8076a3a48a0542aca110c835b8c41a5c793aa2a,e119d5bd21006fe403634f29beb650fd33cfecb371ab9ca77e6be1e1ac61af11,9c924739e82a79a4a17fe83ca644381dd0462c8f8043aba101ecb252e4f53128,0340047558809127cfbef95fc332f3ae1ce4145167192ddcfc30e1e5778e94dd,80cf07ee064b92b682ebe6ee88765a439a0d0e89e986a42c5b38acc0a84d556b,041ede3789946371088e3ac8cdcdd5a07f27bb400ce8d5cb1c27bda2481c2df1
0f1a74942b204c80a657fefe10e13050,17,no_adapter,False,42,7.16314435005188,11.83101773262024,0.17929591238498688,0.737688422203064,0.5713636875152588,12.312957048416138,0.5819170475006104,0.7991289496421814,25555591f3f04eb49d602ebaa8076a3a48a0542aca110c835b8c41a5c793aa2a,e119d5bd21006fe403634f29beb650fd33cfecb371ab9ca77e6be1e1ac61af11,9c924739e82a79a4a17fe83ca644381dd0462c8f8043aba101ecb252e4f53128,0340047558809127cfbef95fc332f3ae1ce4145167192ddcfc30e1e5778e94dd,80cf07ee064b92b682ebe6ee88765a439a0d0e89e986a42c5b38acc0a84d556b,041ede3789946371088e3ac8cdcdd5a07f27bb400ce8d5cb1c27bda2481c2df1
0f48fd160bac489ca9bd52c6b0b9c7d7,18,native_gc3,False,42,7.576500415802002,11.464061737060547,0.14657890796661377,0.29649055004119873,0.3817494809627533,19.21971321105957,0.2439315915107727,0.8438272476196289,49af30667c42a7137151b619332a978741e034bded0d19ed6e7a03e715264e9e,45cc78e96115636fd6bc31b9709ca1ddace8011142fa9cf198fabef9ec81af0b,0aca34de7776dc517c8500b7081a19d7cf14c6c56abcdbf0e95bc7714efa859d,0340047558809127cfbef95fc332f3ae1ce4145167192ddcfc30e1e5778e94dd,59d46f4c677af7cc0edeae86682184460fc6d6670980d7ba957c57c73444d1b2,549dc3f1a087e292482dbda0b557bb6c4738c884dcb5bfbd5628b45a6a6ae6e8
0f48fd160bac489ca9bd52c6b0b9c7d7,18,native_gfh,False,42,7.562465190887451,14.61580753326416,0.11726908385753632,0.315369576215744,0.401964008808136,19.513381719589233,0.2359931319952011,0.8370635509490967,49af30667c42a7137151b619332a978741e034bded0d19ed6e7a03e715264e9e,45cc78e96115636fd6bc31b9709ca1ddace8011142fa9cf198fabef9ec81af0b,0aca34de7776dc517c8500b7081a19d7cf14c6c56abcdbf0e95bc7714efa859d,0340047558809127cfbef95fc332f3ae1ce4145167192ddcfc30e1e5778e94dd,59d46f4c677af7cc0edeae86682184460fc6d6670980d7ba957c57c73444d1b2,549dc3f1a087e292482dbda0b557bb6c4738c884dcb5bfbd5628b45a6a6ae6e8
0f48fd160bac489ca9bd52c6b0b9c7d7,18,native_gfl,False,42,7.66187047958374,10.767751932144165,0.15022137761116028,0.2887958288192749,0.37918296456336975,18.91230583190918,0.24773970246315002,0.8389256596565247,49af30667c42a7137151b619332a978741e034bded0d19ed6e7a03e715264e9e,45cc78e96115636fd6bc31b9709ca1ddace8011142fa9cf198fabef9ec81af0b,0aca34de7776dc517c8500b7081a19d7cf14c6c56abcdbf0e95bc7714efa859d,0340047558809127cfbef95fc332f3ae1ce4145167192ddcfc30e1e5778e94dd,59d46f4c677af7cc0edeae86682184460fc6d6670980d7ba957c57c73444d1b2,549dc3f1a087e292482dbda0b557bb6c4738c884dcb5bfbd5628b45a6a6ae6e8
0f48fd160bac489ca9bd52c6b0b9c7d7,18,no_adapter,False,42,7.328690767288208,8.687034249305725,0.17063800990581512,0.31155499815940857,0.34985876083374023,10.982905626296997,0.6638108491897583,0.7039236426353455,49af30667c42a7137151b619332a978741e034bded0d19ed6e7a03e715264e9e,45cc78e96115636fd6bc31b9709ca1ddace8011142fa9cf198fabef9ec81af0b,0aca34de7776dc517c8500b7081a19d7cf14c6c56abcdbf0e95bc7714efa859d,0340047558809127cfbef95fc332f3ae1ce4145167192ddcfc30e1e5778e94dd,59d46f4c677af7cc0edeae86682184460fc6d6670980d7ba957c57c73444d1b2,549dc3f1a087e292482dbda0b557bb6c4738c884dcb5bfbd5628b45a6a6ae6e8
0f9579e2d298480aa26a0d9fed9307a9,19,native_gc3,False,42,7.5050108432769775,9.474307894706726,0.13525433838367462,0.3416803777217865,0.48521581292152405,18.522276878356934,0.15710702538490295,0.8717299103736877,1c554479d2d2d01671ba3cf6ecf4ba40f54d85779a3cc6bcb743b04e2ca0b89a,8782b01b7a26e7c6b243c0bc7759c521a3230663c789053a555631a6ac214e21,2e03fb6bdc68a10fd618b6867c6badc91ebb098dd04efba5611bffffae89db86,0340047558809127cfbef95fc332f3ae1ce4145167192ddcfc30e1e5778e94dd,a1b6b6415148f1033fd634ea30223c80222e41ba3e4ae48b525e02b7f0dabf26,a78ec9604a1eecc7c82faaa8a0c15f0a65e99d683a063fc831f1cfcba1158fc0
0f9579e2d298480aa26a0d9fed9307a9,19,native_gfh,False,42,7.506321668624878,11.731157302856445,0.12073948979377747,0.39219987392425537,0.5190527439117432,18.0870258808136,0.15409179031848907,0.8660631775856018,1c554479d2d2d01671ba3cf6ecf4ba40f54d85779a3cc6bcb743b04e2ca0b89a,8782b01b7a26e7c6b243c0bc7759c521a3230663c789053a555631a6ac214e21,2e03fb6bdc68a10fd618b6867c6badc91ebb098dd04efba5611bffffae89db86,0340047558809127cfbef95fc332f3ae1ce4145167192ddcfc30e1e5778e94dd,a1b6b6415148f1033fd634ea30223c80222e41ba3e4ae48b525e02b7f0dabf26,a78ec9604a1eecc7c82faaa8a0c15f0a65e99d683a063fc831f1cfcba1158fc0
0f9579e2d298480aa26a0d9fed9307a9,19,native_gfl,False,42,7.617950439453125,8.810989260673523,0.13900651037693024,0.32891136407852173,0.48155176639556885,18.265336751937866,0.18519224226474762,0.8647594451904297,1c554479d2d2d01671ba3cf6ecf4ba40f54d85779a3cc6bcb743b04e2ca0b89a,8782b01b7a26e7c6b243c0bc7759c521a3230663c789053a555631a6ac214e21,2e03fb6bdc68a10fd618b6867c6badc91ebb098dd04efba5611bffffae89db86,0340047558809127cfbef95fc332f3ae1ce4145167192ddcfc30e1e5778e94dd,a1b6b6415148f1033fd634ea30223c80222e41ba3e4ae48b525e02b7f0dabf26,a78ec9604a1eecc7c82faaa8a0c15f0a65e99d683a063fc831f1cfcba1158fc0
0f9579e2d298480aa26a0d9fed9307a9,19,no_adapter,False,42,7.453113079071045,11.254827976226807,0.12444978207349777,0.4793855547904968,0.5161641240119934,11.806442737579346,0.6263633966445923,0.7618893980979919,1c554479d2d2d01671ba3cf6ecf4ba40f54d85779a3cc6bcb743b04e2ca0b89a,8782b01b7a26e7c6b243c0bc7759c521a3230663c789053a555631a6ac214e21,2e03fb6bdc68a10fd618b6867c6badc91ebb098dd04efba5611bffffae89db86,0340047558809127cfbef95fc332f3ae1ce4145167192ddcfc30e1e5778e94dd,a1b6b6415148f1033fd634ea30223c80222e41ba3e4ae48b525e02b7f0dabf26,a78ec9604a1eecc7c82faaa8a0c15f0a65e99d683a063fc831f1cfcba1158fc0
0fd7dd34038c4896a9a6e86b8a285d1d,20,native_gc3,False,42,7.575281620025635,12.358324527740479,0.10445952415466309,0.11563482880592346,0.3095081150531769,20.102996826171875,0.2937030792236328,0.8187159299850464,f00260011c85a3181c023d1b071e965310240eaf2a8b304328f6d77fd7cf9e7d,402c65a0277e4f15ae347db7b5f56fa474bcfc15e703ec2aee55f4d83793bbf7,a577a250c7412228b6b96c5b43145f1d428e2ecf5286bb47f5ccb13cc9917947,0340047558809127cfbef95fc332f3ae1ce4145167192ddcfc30e1e5778e94dd,146655e329ec85a40db224c173e7c3e2441370e7127b774ae9fe73108c20a1a9,b25c539d21fc700804305759c826796b6f7656c6fd09ac04497c4fe7eb49d024
0fd7dd34038c4896a9a6e86b8a285d1d,20,native_gfh,False,42,7.533293724060059,14.460738897323608,0.08432560414075851,0.10823535174131393,0.3086596429347992,18.85243058204651,0.3015039265155792,0.8136441111564636,f00260011c85a3181c023d1b071e965310240eaf2a8b304328f6d77fd7cf9e7d,402c65a0277e4f15ae347db7b5f56fa474bcfc15e703ec2aee55f4d83793bbf7,a577a250c7412228b6b96c5b43145f1d428e2ecf5286bb47f5ccb13cc9917947,0340047558809127cfbef95fc332f3ae1ce4145167192ddcfc30e1e5778e94dd,146655e329ec85a40db224c173e7c3e2441370e7127b774ae9fe73108c20a1a9,b25c539d21fc700804305759c826796b6f7656c6fd09ac04497c4fe7eb49d024
0fd7dd34038c4896a9a6e86b8a285d1d,20,native_gfl,False,42,7.538430213928223,12.25900411605835,0.10661831498146057,0.11773373931646347,0.3087597191333771,20.447463989257812,0.29541581869125366,0.8173933625221252,f00260011c85a3181c023d1b071e965310240eaf2a8b304328f6d77fd7cf9e7d,402c65a0277e4f15ae347db7b5f56fa474bcfc15e703ec2aee55f4d83793bbf7,a577a250c7412228b6b96c5b43145f1d428e2ecf5286bb47f5ccb13cc9917947,0340047558809127cfbef95fc332f3ae1ce4145167192ddcfc30e1e5778e94dd,146655e329ec85a40db224c173e7c3e2441370e7127b774ae9fe73108c20a1a9,b25c539d21fc700804305759c826796b6f7656c6fd09ac04497c4fe7eb49d024
0fd7dd34038c4896a9a6e86b8a285d1d,20,no_adapter,False,42,7.15296196937561,9.635228514671326,0.1290537416934967,0.07479790598154068,0.2818601727485657,11.210073232650757,0.6765792965888977,0.6758859753608704,f00260011c85a3181c023d1b071e965310240eaf2a8b304328f6d77fd7cf9e7d,402c65a0277e4f15ae347db7b5f56fa474bcfc15e703ec2aee55f4d83793bbf7,a577a250c7412228b6b96c5b43145f1d428e2ecf5286bb47f5ccb13cc9917947,0340047558809127cfbef95fc332f3ae1ce4145167192ddcfc30e1e5778e94dd,146655e329ec85a40db224c173e7c3e2441370e7127b774ae9fe73108c20a1a9,b25c539d21fc700804305759c826796b6f7656c6fd09ac04497c4fe7eb49d024
101761aacaf94d44b22f6b14c46e1c1a,21,native_gc3,False,42,7.707330942153931,14.561878442764282,0.1327246129512787,0.3116171658039093,0.4598628282546997,19.886831045150757,0.1371854990720749,0.8262876272201538,7d45b528aab4d80336a5f3258b2886a862ab24720d9deb81d1189effc4940da7,f472d249a56d8675fb188dfab983ac5385b6a66220f5310a75832c23e48b03d0,131b583d1a2ef20023c83b14f1d8515590c77aef720aec0da9fbfc2985dccd59,0340047558809127cfbef95fc332f3ae1ce4145167192ddcfc30e1e5778e94dd,af998430ed348669791ffde6c146b1591f7ec421bf8c285c82c0fd68d40e68e9,c66b811e869dc28e2fc3be1241cc1c17008e64681a8f314f9671ada41dd32fef
101761aacaf94d44b22f6b14c46e1c1a,21,native_gfh,False,42,7.571618556976318,13.586429357528687,0.12858891487121582,0.33409005403518677,0.46447527408599854,18.44436764717102,0.14621195197105408,0.8207376599311829,7d45b528aab4d80336a5f3258b2886a862ab24720d9deb81d1189effc4940da7,f472d249a56d8675fb188dfab983ac5385b6a66220f5310a75832c23e48b03d0,131b583d1a2ef20023c83b14f1d8515590c77aef720aec0da9fbfc2985dccd59,0340047558809127cfbef95fc332f3ae1ce4145167192ddcfc30e1e5778e94dd,af998430ed348669791ffde6c146b1591f7ec421bf8c285c82c0fd68d40e68e9,c66b811e869dc28e2fc3be1241cc1c17008e64681a8f314f9671ada41dd32fef
101761aacaf94d44b22f6b14c46e1c1a,21,native_gfl,False,42,7.6547181606292725,14.902082681655884,0.1302318274974823,0.29577645659446716,0.4562200903892517,20.435807704925537,0.13323760032653809,0.8211725950241089,7d45b528aab4d80336a5f3258b2886a862ab24720d9deb81d1189effc4940da7,f472d249a56d8675fb188dfab983ac5385b6a66220f5310a75832c23e48b03d0,131b583d1a2ef20023c83b14f1d8515590c77aef720aec0da9fbfc2985dccd59,0340047558809127cfbef95fc332f3ae1ce4145167192ddcfc30e1e5778e94dd,af998430ed348669791ffde6c146b1591f7ec421bf8c285c82c0fd68d40e68e9,c66b811e869dc28e2fc3be1241cc1c17008e64681a8f314f9671ada41dd32fef
101761aacaf94d44b22f6b14c46e1c1a,21,no_adapter,False,42,7.391246318817139,5.482050180435181,0.23126457631587982,0.3155171573162079,0.39087605476379395,8.519530296325684,0.6271425485610962,0.6692962646484375,7d45b528aab4d80336a5f3258b2886a862ab24720d9deb81d1189effc4940da7,f472d249a56d8675fb188dfab983ac5385b6a66220f5310a75832c23e48b03d0,131b583d1a2ef20023c83b14f1d8515590c77aef720aec0da9fbfc2985dccd59,0340047558809127cfbef95fc332f3ae1ce4145167192ddcfc30e1e5778e94dd,af998430ed348669791ffde6c146b1591f7ec421bf8c285c82c0fd68d40e68e9,c66b811e869dc28e2fc3be1241cc1c17008e64681a8f314f9671ada41dd32fef
10344179ccf84978ac2523dcf29ead72,22,native_gc3,False,42,7.411591291427612,9.241986870765686,0.1362810879945755,0.428409606218338,0.521092414855957,18.507778644561768,0.177248015999794,0.8776765465736389,730ba279bc2534f4f071d2f53e4d179c32ff0b414ebc3e929c4adfb3db046506,8c4ecbad543efbc7f1cc1b007ee7a8342e8a51985441bb24c073756b3a006f16,e24f4f5d405fbbc1b4f63ab6581e5014f43d06836e45f1a9ee86cd5588389140,0340047558809127cfbef95fc332f3ae1ce4145167192ddcfc30e1e5778e94dd,2cf5df8203a6e16f58ca34daab2df80bf5318226bc7d9b9da0e60a2fcacea21b,8d63760449e19651c3dce66feb8e1835089875b4f74096eb9258c29bba74f074
10344179ccf84978ac2523dcf29ead72,22,native_gfh,False,42,7.404126882553101,11.110196113586426,0.12433140724897385,0.5033168196678162,0.5597497820854187,18.11410665512085,0.16793793439865112,0.8735774159431458,730ba279bc2534f4f071d2f53e4d179c32ff0b414ebc3e929c4adfb3db046506,8c4ecbad543efbc7f1cc1b007ee7a8342e8a51985441bb24c073756b3a006f16,e24f4f5d405fbbc1b4f63ab6581e5014f43d06836e45f1a9ee86cd5588389140,0340047558809127cfbef95fc332f3ae1ce4145167192ddcfc30e1e5778e94dd,2cf5df8203a6e16f58ca34daab2df80bf5318226bc7d9b9da0e60a2fcacea21b,8d63760449e19651c3dce66feb8e1835089875b4f74096eb9258c29bba74f074
10344179ccf84978ac2523dcf29ead72,22,native_gfl,False,42,7.4388909339904785,7.6123106479644775,0.14896230399608612,0.37130099534988403,0.5025584101676941,17.3637056350708,0.1899821162223816,0.8694172501564026,730ba279bc2534f4f071d2f53e4d179c32ff0b414ebc3e929c4adfb3db046506,8c4ecbad543efbc7f1cc1b007ee7a8342e8a51985441bb24c073756b3a006f16,e24f4f5d405fbbc1b4f63ab6581e5014f43d06836e45f1a9ee86cd5588389140,0340047558809127cfbef95fc332f3ae1ce4145167192ddcfc30e1e5778e94dd,2cf5df8203a6e16f58ca34daab2df80bf5318226bc7d9b9da0e60a2fcacea21b,8d63760449e19651c3dce66feb8e1835089875b4f74096eb9258c29bba74f074
10344179ccf84978ac2523dcf29ead72,22,no_adapter,False,42,7.275529861450195,10.954598188400269,0.12786810100078583,0.5533920526504517,0.5351055860519409,11.631417274475098,0.6380062103271484,0.76735919713974,730ba279bc2534f4f071d2f53e4d179c32ff0b414ebc3e929c4adfb3db046506,8c4ecbad543efbc7f1cc1b007ee7a8342e8a51985441bb24c073756b3a006f16,e24f4f5d405fbbc1b4f63ab6581e5014f43d06836e45f1a9ee86cd5588389140,0340047558809127cfbef95fc332f3ae1ce4145167192ddcfc30e1e5778e94dd,2cf5df8203a6e16f58ca34daab2df80bf5318226bc7d9b9da0e60a2fcacea21b,8d63760449e19651c3dce66feb8e1835089875b4f74096eb9258c29bba74f074
10378d8ea7fd4e8a9bd9d9803e9bcaa9,23,native_gc3,False,42,7.482534170150757,12.297977209091187,0.2405938059091568,0.4983128309249878,0.5647135376930237,19.474215507507324,0.22757157683372498,0.8738996386528015,02b7eedcb06be78e343a8087049881444432a514b42566f1a2fb6072a1a21384,c7241a0a1609f8c6f22368ea6eaf4ffc2cbb5de6c1b78b4beb51888c12fdce71,3ee45425578a7d634b6ad103f026b220d9a65b4b3a1b95f8d55883c648a92e53,0340047558809127cfbef95fc332f3ae1ce4145167192ddcfc30e1e5778e94dd,46458fa2c128bc510b541ac6e81e738fa490e955fbbbc816f947497031c4f403,205fca21b948ee64c9f58b33b6f38d1c187c225edcfed73ebef207f69de32a26
10378d8ea7fd4e8a9bd9d9803e9bcaa9,23,native_gfh,False,42,7.816094398498535,13.705252408981323,0.2327696681022644,0.5450250506401062,0.5939123630523682,19.458372592926025,0.22953090071678162,0.8682703375816345,02b7eedcb06be78e343a8087049881444432a514b42566f1a2fb6072a1a21384,c7241a0a1609f8c6f22368ea6eaf4ffc2cbb5de6c1b78b4beb51888c12fdce71,3ee45425578a7d634b6ad103f026b220d9a65b4b3a1b95f8d55883c648a92e53,0340047558809127cfbef95fc332f3ae1ce4145167192ddcfc30e1e5778e94dd,46458fa2c128bc510b541ac6e81e738fa490e955fbbbc816f947497031c4f403,205fca21b948ee64c9f58b33b6f38d1c187c225edcfed73ebef207f69de32a26
10378d8ea7fd4e8a9bd9d9803e9bcaa9,23,native_gfl,False,42,7.571383714675903,10.56185245513916,0.2504078149795532,0.46287038922309875,0.5772311091423035,18.07949423789978,0.2342522144317627,0.8682959675788879,02b7eedcb06be78e343a8087049881444432a514b42566f1a2fb6072a1a21384,c7241a0a1609f8c6f22368ea6eaf4ffc2cbb5de6c1b78b4beb51888c12fdce71,3ee45425578a7d634b6ad103f026b220d9a65b4b3a1b95f8d55883c648a92e53,0340047558809127cfbef95fc332f3ae1ce4145167192ddcfc30e1e5778e94dd,46458fa2c128bc510b541ac6e81e738fa490e955fbbbc816f947497031c4f403,205fca21b948ee64c9f58b33b6f38d1c187c225edcfed73ebef207f69de32a26
10378d8ea7fd4e8a9bd9d9803e9bcaa9,23,no_adapter,False,42,7.358679533004761,7.9197704792022705,0.22577497363090515,0.6456086039543152,0.5318523049354553,9.978594779968262,0.6295492649078369,0.779425859451294,02b7eedcb06be78e343a8087049881444432a514b42566f1a2fb6072a1a21384,c7241a0a1609f8c6f22368ea6eaf4ffc2cbb5de6c1b78b4beb51888c12fdce71,3ee45425578a7d634b6ad103f026b220d9a65b4b3a1b95f8d55883c648a92e53,0340047558809127cfbef95fc332f3ae1ce4145167192ddcfc30e1e5778e94dd,46458fa2c128bc510b541ac6e81e738fa490e955fbbbc816f947497031c4f403,205fca21b948ee64c9f58b33b6f38d1c187c225edcfed73ebef207f69de32a26
122461e0e5bb47928efc16bf13a20f68,24,native_gc3,False,42,7.531935691833496,12.770817279815674,0.15834182500839233,0.31793907284736633,0.49457383155822754,19.46070671081543,0.14024247229099274,0.8358051180839539,f2308051735b8ae869a85b1c5c75240a6139d82e969e9df0c738e39c4e595c1b,47663743815da4e8814038e07598221833b658907f858f9d212cdb7d2027e427,8d1fc233ee0489f19f6d20a00c0cdf81c800fb4a4999e8a5e3ad8789b8a298d3,0340047558809127cfbef95fc332f3ae1ce4145167192ddcfc30e1e5778e94dd,a2f6cc6bc4b618b31eab384fff6763e9dc66375d88c2b1f93ab5e066be243a82,8d9023ad39a26c71f242e59a06dc572e4e516f1a241f2f769a9eeded63ae6764
122461e0e5bb47928efc16bf13a20f68,24,native_gfh,False,42,7.497660398483276,13.208224773406982,0.15022486448287964,0.3724520802497864,0.5084864497184753,18.684788942337036,0.1437239944934845,0.8336132764816284,f2308051735b8ae869a85b1c5c75240a6139d82e969e9df0c738e39c4e595c1b,47663743815da4e8814038e07598221833b658907f858f9d212cdb7d2027e427,8d1fc233ee0489f19f6d20a00c0cdf81c800fb4a4999e8a5e3ad8789b8a298d3,0340047558809127cfbef95fc332f3ae1ce4145167192ddcfc30e1e5778e94dd,a2f6cc6bc4b618b31eab384fff6763e9dc66375d88c2b1f93ab5e066be243a82,8d9023ad39a26c71f242e59a06dc572e4e516f1a241f2f769a9eeded63ae6764
122461e0e5bb47928efc16bf13a20f68,24,native_gfl,False,42,7.416689872741699,12.257438898086548,0.1662561446428299,0.2951250672340393,0.4890841543674469,19.22693133354187,0.143095463514328,0.8283020853996277,f2308051735b8ae869a85b1c5c75240a6139d82e969e9df0c738e39c4e595c1b,47663743815da4e8814038e07598221833b658907f858f9d212cdb7d2027e427,8d1fc233ee0489f19f6d20a00c0cdf81c800fb4a4999e8a5e3ad8789b8a298d3,0340047558809127cfbef95fc332f3ae1ce4145167192ddcfc30e1e5778e94dd,a2f6cc6bc4b618b31eab384fff6763e9dc66375d88c2b1f93ab5e066be243a82,8d9023ad39a26c71f242e59a06dc572e4e516f1a241f2f769a9eeded63ae6764
122461e0e5bb47928efc16bf13a20f68,24,no_adapter,False,42,7.157033681869507,5.49616277217865,0.21864384412765503,0.3736181855201721,0.4312455654144287,9.345241785049438,0.5607693195343018,0.7479697465896606,f2308051735b8ae869a85b1c5c75240a6139d82e969e9df0c738e39c4e595c1b,47663743815da4e8814038e07598221833b658907f858f9d212cdb7d2027e427,8d1fc233ee0489f19f6d20a00c0cdf81c800fb4a4999e8a5e3ad8789b8a298d3,0340047558809127cfbef95fc332f3ae1ce4145167192ddcfc30e1e5778e94dd,a2f6cc6bc4b618b31eab384fff6763e9dc66375d88c2b1f93ab5e066be243a82,8d9023ad39a26c71f242e59a06dc572e4e516f1a241f2f769a9eeded63ae6764
1433e0d035e8402a8a32b82e01396b1b,25,native_gc3,False,42,7.5384721755981445,13.4078848361969,0.3483709692955017,0.3988649845123291,0.46620121598243713,17.926814556121826,0.3522641360759735,0.7484513521194458,9b0615ae2efa25da0c225ecff91c2ed136fa780afec2c8a1c3a4a7ab9ebed200,580ba2836b6ac0f94627a43d1ebf2a7e89f134ca1b909379d6ca88ec38f7c1b4,db4908357d55784d3045e99977663550c0c04a55f39cdc332db13b325dcaa0a5,0340047558809127cfbef95fc332f3ae1ce4145167192ddcfc30e1e5778e94dd,2a359abbc4c900f7bb8ed30a61dde3ab80323a25613061ca7196cc15d3126537,964f71448046c9c7699efce8800807b29b62d24bc4ea13dd699e8327ee4834db
1433e0d035e8402a8a32b82e01396b1b,25,native_gfh,False,42,7.442789793014526,15.121034383773804,0.31994926929473877,0.4805821478366852,0.49927905201911926,18.520150184631348,0.33400407433509827,0.7644853591918945,9b0615ae2efa25da0c225ecff91c2ed136fa780afec2c8a1c3a4a7ab9ebed200,580ba2836b6ac0f94627a43d1ebf2a7e89f134ca1b909379d6ca88ec38f7c1b4,db4908357d55784d3045e99977663550c0c04a55f39cdc332db13b325dcaa0a5,0340047558809127cfbef95fc332f3ae1ce4145167192ddcfc30e1e5778e94dd,2a359abbc4c900f7bb8ed30a61dde3ab80323a25613061ca7196cc15d3126537,964f71448046c9c7699efce8800807b29b62d24bc4ea13dd699e8327ee4834db
1433e0d035e8402a8a32b82e01396b1b,25,native_gfl,False,42,7.436804533004761,11.475499868392944,0.37854552268981934,0.3026095926761627,0.4418754577636719,16.17089033126831,0.37918820977211,0.7214272618293762,9b0615ae2efa25da0c225ecff91c2ed136fa780afec2c8a1c3a4a7ab9ebed200,580ba2836b6ac0f94627a43d1ebf2a7e89f134ca1b909379d6ca88ec38f7c1b4,db4908357d55784d3045e99977663550c0c04a55f39cdc332db13b325dcaa0a5,0340047558809127cfbef95fc332f3ae1ce4145167192ddcfc30e1e5778e94dd,2a359abbc4c900f7bb8ed30a61dde3ab80323a25613061ca7196cc15d3126537,964f71448046c9c7699efce8800807b29b62d24bc4ea13dd699e8327ee4834db
1433e0d035e8402a8a32b82e01396b1b,25,no_adapter,False,42,7.18317437171936,10.438175201416016,0.3970988988876343,0.5133419632911682,0.40817689895629883,10.321038961410522,0.7222828269004822,0.6422357559204102,9b0615ae2efa25da0c225ecff91c2ed136fa780afec2c8a1c3a4a7ab9ebed200,580ba2836b6ac0f94627a43d1ebf2a7e89f134ca1b909379d6ca88ec38f7c1b4,db4908357d55784d3045e99977663550c0c04a55f39cdc332db13b325dcaa0a5,0340047558809127cfbef95fc332f3ae1ce4145167192ddcfc30e1e5778e94dd,2a359abbc4c900f7bb8ed30a61dde3ab80323a25613061ca7196cc15d3126537,964f71448046c9c7699efce8800807b29b62d24bc4ea13dd699e8327ee4834db
14e89a88004c4ff6b93738a292fb997d,26,native_gc3,False,42,7.607297897338867,12.42485761642456,0.14555761218070984,0.24486461281776428,0.412382036447525,20.052952766418457,0.23087753355503082,0.828258752822876,fa3d97edd9a505f8a23c32bebd2253291c7cd6771a6f30a4e3717dcb1be405d0,5ea92561be6b8f03536c19f3088702f33db563a55a121ead2b11a3d9e74e2ecb,5fa9558be2b5fdd291cb468d59bc5c97ed0c5c705cd7c7c0e025164108bcc631,0340047558809127cfbef95fc332f3ae1ce4145167192ddcfc30e1e5778e94dd,15dad0a2385b7b4fe532f6da4a6d6facc57cd9778489ab2ca4c93e41fa271f1b,1735f31dc55e54b6ebb99149704bbc4327da4ec83d811e120bb26e9381884c8e
14e89a88004c4ff6b93738a292fb997d,26,native_gfh,False,42,7.396302700042725,13.611116409301758,0.13082177937030792,0.25039905309677124,0.4135790169239044,19.198436737060547,0.22807827591896057,0.8243280053138733,fa3d97edd9a505f8a23c32bebd2253291c7cd6771a6f30a4e3717dcb1be405d0,5ea92561be6b8f03536c19f3088702f33db563a55a121ead2b11a3d9e74e2ecb,5fa9558be2b5fdd291cb468d59bc5c97ed0c5c705cd7c7c0e025164108bcc631,0340047558809127cfbef95fc332f3ae1ce4145167192ddcfc30e1e5778e94dd,15dad0a2385b7b4fe532f6da4a6d6facc57cd9778489ab2ca4c93e41fa271f1b,1735f31dc55e54b6ebb99149704bbc4327da4ec83d811e120bb26e9381884c8e
14e89a88004c4ff6b93738a292fb997d,26,native_gfl,False,42,7.396754264831543,12.01914668083191,0.15038207173347473,0.23542365431785583,0.4090625047683716,20.079526901245117,0.24550573527812958,0.8255787491798401,fa3d97edd9a505f8a23c32bebd2253291c7cd6771a6f30a4e3717dcb1be405d0,5ea92561be6b8f03536c19f3088702f33db563a55a121ead2b11a3d9e74e2ecb,5fa9558be2b5fdd291cb468d59bc5c97ed0c5c705cd7c7c0e025164108bcc631,0340047558809127cfbef95fc332f3ae1ce4145167192ddcfc30e1e5778e94dd,15dad0a2385b7b4fe532f6da4a6d6facc57cd9778489ab2ca4c93e41fa271f1b,1735f31dc55e54b6ebb99149704bbc4327da4ec83d811e120bb26e9381884c8e
14e89a88004c4ff6b93738a292fb997d,26,no_adapter,False,42,7.060216903686523,7.473253607749939,0.17575249075889587,0.2659773826599121,0.3567999005317688,10.25428295135498,0.6500959992408752,0.6973850131034851,fa3d97edd9a505f8a23c32bebd2253291c7cd6771a6f30a4e3717dcb1be405d0,5ea92561be6b8f03536c19f3088702f33db563a55a121ead2b11a3d9e74e2ecb,5fa9558be2b5fdd291cb468d59bc5c97ed0c5c705cd7c7c0e025164108bcc631,0340047558809127cfbef95fc332f3ae1ce4145167192ddcfc30e1e5778e94dd,15dad0a2385b7b4fe532f6da4a6d6facc57cd9778489ab2ca4c93e41fa271f1b,1735f31dc55e54b6ebb99149704bbc4327da4ec83d811e120bb26e9381884c8e
169fe22d274440eb9441b00ad5236688,27,native_gc3,False,42,7.477922201156616,10.382331609725952,0.23140880465507507,0.3312930762767792,0.46220120787620544,16.120874881744385,0.24432602524757385,0.7912415266036987,0faa87cc2c0ed43dc831e8a625c6bcf06fe0bc589d5b8c1310b4c164601b783a,79cb0a83863c2911716529b9b8ce908c61a66e2c86abbdab5512cbf2d71b3a41,659218a14f5b019c74aced4fe35824dac27aa24ef6b426d30eb61b810746e158,0340047558809127cfbef95fc332f3ae1ce4145167192ddcfc30e1e5778e94dd,6602e320f2826043cdbc1610588280052b2eb1f49943c93da72ab26655cb865a,f16443474599a4e9f6198e7d8d679a6b91ee50977538f0f7b01feed2754898ce
169fe22d274440eb9441b00ad5236688,27,native_gfh,False,42,7.581349849700928,9.492318630218506,0.24828550219535828,0.3689563572406769,0.45873019099235535,14.984145164489746,0.2686132490634918,0.7897874116897583,0faa87cc2c0ed43dc831e8a625c6bcf06fe0bc589d5b8c1310b4c164601b783a,79cb0a83863c2911716529b9b8ce908c61a66e2c86abbdab5512cbf2d71b3a41,659218a14f5b019c74aced4fe35824dac27aa24ef6b426d30eb61b810746e158,0340047558809127cfbef95fc332f3ae1ce4145167192ddcfc30e1e5778e94dd,6602e320f2826043cdbc1610588280052b2eb1f49943c93da72ab26655cb865a,f16443474599a4e9f6198e7d8d679a6b91ee50977538f0f7b01feed2754898ce
169fe22d274440eb9441b00ad5236688,27,native_gfl,False,42,7.511827707290649,11.367058753967285,0.22866368293762207,0.32246530055999756,0.4745456874370575,17.08877444267273,0.2385445237159729,0.7913798093795776,0faa87cc2c0ed43dc831e8a625c6bcf06fe0bc589d5b8c1310b4c164601b783a,79cb0a83863c2911716529b9b8ce908c61a66e2c86abbdab5512cbf2d71b3a41,659218a14f5b019c74aced4fe35824dac27aa24ef6b426d30eb61b810746e158,0340047558809127cfbef95fc332f3ae1ce4145167192ddcfc30e1e5778e94dd,6602e320f2826043cdbc1610588280052b2eb1f49943c93da72ab26655cb865a,f16443474599a4e9f6198e7d8d679a6b91ee50977538f0f7b01feed2754898ce
169fe22d274440eb9441b00ad5236688,27,no_adapter,False,42,7.22631311416626,4.097023606300354,0.30772149562835693,0.33044734597206116,0.3957139253616333,7.855191230773926,0.6282386183738708,0.6638007760047913,0faa87cc2c0ed43dc831e8a625c6bcf06fe0bc589d5b8c1310b4c164601b783a,79cb0a83863c2911716529b9b8ce908c61a66e2c86abbdab5512cbf2d71b3a41,659218a14f5b019c74aced4fe35824dac27aa24ef6b426d30eb61b810746e158,0340047558809127cfbef95fc332f3ae1ce4145167192ddcfc30e1e5778e94dd,6602e320f2826043cdbc1610588280052b2eb1f49943c93da72ab26655cb865a,f16443474599a4e9f6198e7d8d679a6b91ee50977538f0f7b01feed2754898ce
1a274647331648f7bf048cacd1d15a03,28,native_gc3,False,42,7.322288990020752,9.750835299491882,0.23867861926555634,0.2898053824901581,0.43275144696235657,16.760051250457764,0.2511027753353119,0.8204830288887024,424842936ae81887d5344c5b3636deff0b0119023b9118cd96d8053a757c319f,7f4e7df49e54588474a43a7b699bf1312338849e776395f882444e05d4efa557,a29b0468fef7619197fbadc43967cdc2292e2b4c41517490b5c7ce9f1ac01b65,0340047558809127cfbef95fc332f3ae1ce4145167192ddcfc30e1e5778e94dd,6b792e0f3a04e742aec177a65cf0bb1f6ab6d4371b0d44d7d6225d301b3a4fa2,3bc782acfa5439edd2799ceda753ba9799a258ba79de44900bce62353bf77e8a
1a274647331648f7bf048cacd1d15a03,28,native_gfh,False,42,7.558818578720093,10.481781959533691,0.24183963239192963,0.35072752833366394,0.4509478211402893,16.488142013549805,0.25912952423095703,0.8167123794555664,424842936ae81887d5344c5b3636deff0b0119023b9118cd96d8053a757c319f,7f4e7df49e54588474a43a7b699bf1312338849e776395f882444e05d4efa557,a29b0468fef7619197fbadc43967cdc2292e2b4c41517490b5c7ce9f1ac01b65,0340047558809127cfbef95fc332f3ae1ce4145167192ddcfc30e1e5778e94dd,6b792e0f3a04e742aec177a65cf0bb1f6ab6d4371b0d44d7d6225d301b3a4fa2,3bc782acfa5439edd2799ceda753ba9799a258ba79de44900bce62353bf77e8a
1a274647331648f7bf048cacd1d15a03,28,native_gfl,False,42,7.389123439788818,9.218326807022095,0.24205392599105835,0.2638080418109894,0.423476904630661,16.373755931854248,0.2494659274816513,0.8133255839347839,424842936ae81887d5344c5b3636deff0b0119023b9118cd96d8053a757c319f,7f4e7df49e54588474a43a7b699bf1312338849e776395f882444e05d4efa557,a29b0468fef7619197fbadc43967cdc2292e2b4c41517490b5c7ce9f1ac01b65,0340047558809127cfbef95fc332f3ae1ce4145167192ddcfc30e1e5778e94dd,6b792e0f3a04e742aec177a65cf0bb1f6ab6d4371b0d44d7d6225d301b3a4fa2,3bc782acfa5439edd2799ceda753ba9799a258ba79de44900bce62353bf77e8a
1a274647331648f7bf048cacd1d15a03,28,no_adapter,False,42,7.118740558624268,5.329170823097229,0.2699587941169739,0.323720246553421,0.3467402756214142,9.103291630744934,0.6469652652740479,0.6906476616859436,424842936ae81887d5344c5b3636deff0b0119023b9118cd96d8053a757c319f,7f4e7df49e54588474a43a7b699bf1312338849e776395f882444e05d4efa557,a29b0468fef7619197fbadc43967cdc2292e2b4c41517490b5c7ce9f1ac01b65,0340047558809127cfbef95fc332f3ae1ce4145167192ddcfc30e1e5778e94dd,6b792e0f3a04e742aec177a65cf0bb1f6ab6d4371b0d44d7d6225d301b3a4fa2,3bc782acfa5439edd2799ceda753ba9799a258ba79de44900bce62353bf77e8a
1b0fd7f10ef84650bde143a4dba1a701,29,native_gc3,False,42,7.471381425857544,11.06154203414917,0.15859392285346985,0.2549703121185303,0.45654645562171936,17.947347164154053,0.16013851761817932,0.8286378979682922,1f0d9b683b05fd92c943779152ea2ccab04b07bec74606266015baef56c45a05,5b07c68fbcf0ea653c2ee1f0dc374a9e2fcb4ac9fac0e3416d999752ff3ef999,db2c617046bd537e7fb4e96c151c6041d498aea6ba6008a1dce3d4f200670482,0340047558809127cfbef95fc332f3ae1ce4145167192ddcfc30e1e5778e94dd,3f85f2c04455b0e20786aa90293e19eed7e57f850ff4d82a0768418b61be63a1,9b04f2f2ada32141aada4ccb3d8919a6061a6c2a7955dcf85cb2bc3b158784ba
1b0fd7f10ef84650bde143a4dba1a701,29,native_gfh,False,42,7.442720890045166,11.40648365020752,0.14975227415561676,0.27997466921806335,0.47720757126808167,17.210021018981934,0.14832891523838043,0.8211273550987244,1f0d9b683b05fd92c943779152ea2ccab04b07bec74606266015baef56c45a05,5b07c68fbcf0ea653c2ee1f0dc374a9e2fcb4ac9fac0e3416d999752ff3ef999,db2c617046bd537e7fb4e96c151c6041d498aea6ba6008a1dce3d4f200670482,0340047558809127cfbef95fc332f3ae1ce4145167192ddcfc30e1e5778e94dd,3f85f2c04455b0e20786aa90293e19eed7e57f850ff4d82a0768418b61be63a1,9b04f2f2ada32141aada4ccb3d8919a6061a6c2a7955dcf85cb2bc3b158784ba
1b0fd7f10ef84650bde143a4dba1a701,29,native_gfl,False,42,7.505100250244141,11.482629776000977,0.1527925580739975,0.25445660948753357,0.4550413489341736,18.408262729644775,0.1514802873134613,0.8252809643745422,1f0d9b683b05fd92c943779152ea2ccab04b07bec74606266015baef56c45a05,5b07c68fbcf0ea653c2ee1f0dc374a9e2fcb4ac9fac0e3416d999752ff3ef999,db2c617046bd537e7fb4e96c151c6041d498aea6ba6008a1dce3d4f200670482,0340047558809127cfbef95fc332f3ae1ce4145167192ddcfc30e1e5778e94dd,3f85f2c04455b0e20786aa90293e19eed7e57f850ff4d82a0768418b61be63a1,9b04f2f2ada32141aada4ccb3d8919a6061a6c2a7955dcf85cb2bc3b158784ba
1b0fd7f10ef84650bde143a4dba1a701,29,no_adapter,False,42,7.221774339675903,4.3174731731414795,0.21210113167762756,0.23797069489955902,0.3886511027812958,9.53489363193512,0.5229620337486267,0.7556625604629517,1f0d9b683b05fd92c943779152ea2ccab04b07bec74606266015baef56c45a05,5b07c68fbcf0ea653c2ee1f0dc374a9e2fcb4ac9fac0e3416d999752ff3ef999,db2c617046bd537e7fb4e96c151c6041d498aea6ba6008a1dce3d4f200670482,0340047558809127cfbef95fc332f3ae1ce4145167192ddcfc30e1e5778e94dd,3f85f2c04455b0e20786aa90293e19eed7e57f850ff4d82a0768418b61be63a1,9b04f2f2ada32141aada4ccb3d8919a6061a6c2a7955dcf85cb2bc3b158784ba
1bde3bf332e34f81b879a793f123eb23,30,native_gc3,False,42,7.311337232589722,7.07131564617157,0.1872059404850006,0.23271791636943817,0.5006439685821533,15.121729373931885,0.2216508835554123,0.8385768532752991,b39e19224510363e5c47e1bd7264c7b7e6bd2428b3c61e1147c0da3e57867270,256c3939c95ca58523d6d45df2af6577b8b9a38465876b5f2e82de7cf1f4ee77,59e72be610e715513a1545aa51b73fe003d6634654f471b524ea4d21462d7f81,0340047558809127cfbef95fc332f3ae1ce4145167192ddcfc30e1e5778e94dd,cf79816c2ba30fd73cf7944c858f12409b98b3f88ed1792434f1c121cd20f065,c5c37bf2c31a7b0b6f70843de2bca47de55a31440f84db7b0ae4ef63b6ce61e6
1bde3bf332e34f81b879a793f123eb23,30,native_gfh,False,42,7.382455348968506,7.091159224510193,0.18536308407783508,0.2645719349384308,0.5183544158935547,14.557644128799438,0.2247839868068695,0.8325135111808777,b39e19224510363e5c47e1bd7264c7b7e6bd2428b3c61e1147c0da3e57867270,256c3939c95ca58523d6d45df2af6577b8b9a38465876b5f2e82de7cf1f4ee77,59e72be610e715513a1545aa51b73fe003d6634654f471b524ea4d21462d7f81,0340047558809127cfbef95fc332f3ae1ce4145167192ddcfc30e1e5778e94dd,cf79816c2ba30fd73cf7944c858f12409b98b3f88ed1792434f1c121cd20f065,c5c37bf2c31a7b0b6f70843de2bca47de55a31440f84db7b0ae4ef63b6ce61e6
1bde3bf332e34f81b879a793f123eb23,30,native_gfl,False,42,7.431124448776245,7.630971074104309,0.1883295178413391,0.22290419042110443,0.5005367398262024,15.76442003250122,0.21808354556560516,0.8389830589294434,b39e19224510363e5c47e1bd7264c7b7e6bd2428b3c61e1147c0da3e57867270,256c3939c95ca58523d6d45df2af6577b8b9a38465876b5f2e82de7cf1f4ee77,59e72be610e715513a1545aa51b73fe003d6634654f471b524ea4d21462d7f81,0340047558809127cfbef95fc332f3ae1ce4145167192ddcfc30e1e5778e94dd,cf79816c2ba30fd73cf7944c858f12409b98b3f88ed1792434f1c121cd20f065,c5c37bf2c31a7b0b6f70843de2bca47de55a31440f84db7b0ae4ef63b6ce61e6
1bde3bf332e34f81b879a793f123eb23,30,no_adapter,False,42,7.154812812805176,2.550116777420044,0.20620538294315338,0.2305673360824585,0.4619302451610565,8.214584589004517,0.6442121267318726,0.6892821192741394,b39e19224510363e5c47e1bd7264c7b7e6bd2428b3c61e1147c0da3e57867270,256c3939c95ca58523d6d45df2af6577b8b9a38465876b5f2e82de7cf1f4ee77,59e72be610e715513a1545aa51b73fe003d6634654f471b524ea4d21462d7f81,0340047558809127cfbef95fc332f3ae1ce4145167192ddcfc30e1e5778e94dd,cf79816c2ba30fd73cf7944c858f12409b98b3f88ed1792434f1c121cd20f065,c5c37bf2c31a7b0b6f70843de2bca47de55a31440f84db7b0ae4ef63b6ce61e6
1beb5cc59f734f24a3800a1888f529f0,31,native_gc3,False,42,7.5156471729278564,9.835141897201538,0.1335877925157547,0.39396408200263977,0.4909907281398773,18.90727162361145,0.16892918944358826,0.8831369280815125,7ebad20dcf563e5edc20847844e0314858d1deec50a8c7b6dcbbe38eabbac46f,62c09e65f48343b1ceb8d8c654544cc359bd463800c7966f341c144dc385c1cc,114a5b2200db6794541877452bba3a611ae6edb69aee9a7218814aa429c6a18b,0340047558809127cfbef95fc332f3ae1ce4145167192ddcfc30e1e5778e94dd,702e28e643dd2d6fa04b9d50b2397f3b5b92b63f15d3049003c95ff8f0b09102,08ceec8d4d745707e4b5283d8758ac199a99bb05c98694267c4cf1b80d5bc30b
1beb5cc59f734f24a3800a1888f529f0,31,native_gfh,False,42,7.615546703338623,10.424673557281494,0.12861201167106628,0.4161050021648407,0.5070382356643677,17.99399971961975,0.17224763333797455,0.8737165331840515,7ebad20dcf563e5edc20847844e0314858d1deec50a8c7b6dcbbe38eabbac46f,62c09e65f48343b1ceb8d8c654544cc359bd463800c7966f341c144dc385c1cc,114a5b2200db6794541877452bba3a611ae6edb69aee9a7218814aa429c6a18b,0340047558809127cfbef95fc332f3ae1ce4145167192ddcfc30e1e5778e94dd,702e28e643dd2d6fa04b9d50b2397f3b5b92b63f15d3049003c95ff8f0b09102,08ceec8d4d745707e4b5283d8758ac199a99bb05c98694267c4cf1b80d5bc30b
1beb5cc59f734f24a3800a1888f529f0,31,native_gfl,False,42,7.671191930770874,9.194051027297974,0.13590264320373535,0.3718624413013458,0.48551616072654724,18.68472456932068,0.17181114852428436,0.8750908970832825,7ebad20dcf563e5edc20847844e0314858d1deec50a8c7b6dcbbe38eabbac46f,62c09e65f48343b1ceb8d8c654544cc359bd463800c7966f341c144dc385c1cc,114a5b2200db6794541877452bba3a611ae6edb69aee9a7218814aa429c6a18b,0340047558809127cfbef95fc332f3ae1ce4145167192ddcfc30e1e5778e94dd,702e28e643dd2d6fa04b9d50b2397f3b5b92b63f15d3049003c95ff8f0b09102,08ceec8d4d745707e4b5283d8758ac199a99bb05c98694267c4cf1b80d5bc30b
1beb5cc59f734f24a3800a1888f529f0,31,no_adapter,False,42,7.312835216522217,5.902576446533203,0.12424357980489731,0.46992892026901245,0.44885021448135376,11.798800230026245,0.5300703644752502,0.8316600918769836,7ebad20dcf563e5edc20847844e0314858d1deec50a8c7b6dcbbe38eabbac46f,62c09e65f48343b1ceb8d8c654544cc359bd463800c7966f341c144dc385c1cc,114a5b2200db6794541877452bba3a611ae6edb69aee9a7218814aa429c6a18b,0340047558809127cfbef95fc332f3ae1ce4145167192ddcfc30e1e5778e94dd,702e28e643dd2d6fa04b9d50b2397f3b5b92b63f15d3049003c95ff8f0b09102,08ceec8d4d745707e4b5283d8758ac199a99bb05c98694267c4cf1b80d5bc30b
1c6fcf51891b49eea183fb6e6170c15c,32,native_gc3,False,42,7.447877883911133,16.230367422103882,0.28823405504226685,0.6835841536521912,0.5855863690376282,20.64669132232666,0.2963721752166748,0.8355637788772583,9d3ed92cf1304ccc90b458569381f9e409a66567346af9ec195e6f3eaa896fe3,d7f6d1efca1fe1ecf0ae4f3903163eaa88f8e2c86d53c9ac70abfe8a442e5baa,28c334b8a3bf92f4c1705399438ebe89d035592c4d97f38c3e6c9ddabc6ddd50,0340047558809127cfbef95fc332f3ae1ce4145167192ddcfc30e1e5778e94dd,a43b9ab26c70131ddf32591d6ec153634d629e216fa9feb30f639c8174cb041f,ac4128f495cb6cc8942546ff71fec9719efc817c2842f325cd716b755ceefca4
1c6fcf51891b49eea183fb6e6170c15c,32,native_gfh,False,42,7.4549500942230225,15.664185285568237,0.2813970446586609,0.7458553314208984,0.6067652702331543,19.56752061843872,0.314026415348053,0.8411401510238647,9d3ed92cf1304ccc90b458569381f9e409a66567346af9ec195e6f3eaa896fe3,d7f6d1efca1fe1ecf0ae4f3903163eaa88f8e2c86d53c9ac70abfe8a442e5baa,28c334b8a3bf92f4c1705399438ebe89d035592c4d97f38c3e6c9ddabc6ddd50,0340047558809127cfbef95fc332f3ae1ce4145167192ddcfc30e1e5778e94dd,a43b9ab26c70131ddf32591d6ec153634d629e216fa9feb30f639c8174cb041f,ac4128f495cb6cc8942546ff71fec9719efc817c2842f325cd716b755ceefca4
1c6fcf51891b49eea183fb6e6170c15c,32,native_gfl,False,42,7.4459686279296875,15.907028913497925,0.29409241676330566,0.6449645161628723,0.5813422203063965,20.358903408050537,0.2893911898136139,0.8505237698554993,9d3ed92cf1304ccc90b458569381f9e409a66567346af9ec195e6f3eaa896fe3,d7f6d1efca1fe1ecf0ae4f3903163eaa88f8e2c86d53c9ac70abfe8a442e5baa,28c334b8a3bf92f4c1705399438ebe89d035592c4d97f38c3e6c9ddabc6ddd50,0340047558809127cfbef95fc332f3ae1ce4145167192ddcfc30e1e5778e94dd,a43b9ab26c70131ddf32591d6ec153634d629e216fa9feb30f639c8174cb041f,ac4128f495cb6cc8942546ff71fec9719efc817c2842f325cd716b755ceefca4
1c6fcf51891b49eea183fb6e6170c15c,32,no_adapter,False,42,7.171611785888672,8.716733455657959,0.35161975026130676,0.7377721071243286,0.5340579152107239,10.039159059524536,0.6883885264396667,0.7547104358673096,9d3ed92cf1304ccc90b458569381f9e409a66567346af9ec195e6f3eaa896fe3,d7f6d1efca1fe1ecf0ae4f3903163eaa88f8e2c86d53c9ac70abfe8a442e5baa,28c334b8a3bf92f4c1705399438ebe89d035592c4d97f38c3e6c9ddabc6ddd50,0340047558809127cfbef95fc332f3ae1ce4145167192ddcfc30e1e5778e94dd,a43b9ab26c70131ddf32591d6ec153634d629e216fa9feb30f639c8174cb041f,ac4128f495cb6cc8942546ff71fec9719efc817c2842f325cd716b755ceefca4
1d1bcb173c28475ba351eb604c7135dc,33,native_gc3,False,42,7.602414608001709,20.686566829681396,0.2650960385799408,0.7520793080329895,0.62762451171875,24.621505737304688,0.2609894275665283,0.8707945942878723,977b4a6df067b969b80acb17bad37e79f85da99cb3d2a8cf11c038cdadee89a5,78a3f7738f02df4ee1d29315df93c14eab2fb06c92ea9f17c09209522f14aac1,5363bc42b92e41148a9d1711e1675574fe6fabeee829fc5e156140d856ea6338,0340047558809127cfbef95fc332f3ae1ce4145167192ddcfc30e1e5778e94dd,92b3e4ba1a354d2f49d7361418689aa190ed5905234b4b8150df09c0f03fcf89,a28288329fb41d36df6de5995c9dd5d7735e580a39b8c9d62203715fa4a5b6a5
1d1bcb173c28475ba351eb604c7135dc,33,native_gfh,False,42,7.625298023223877,21.549339294433594,0.21540123224258423,0.8136351704597473,0.639407217502594,24.363036155700684,0.24300502240657806,0.8837230801582336,977b4a6df067b969b80acb17bad37e79f85da99cb3d2a8cf11c038cdadee89a5,78a3f7738f02df4ee1d29315df93c14eab2fb06c92ea9f17c09209522f14aac1,5363bc42b92e41148a9d1711e1675574fe6fabeee829fc5e156140d856ea6338,0340047558809127cfbef95fc332f3ae1ce4145167192ddcfc30e1e5778e94dd,92b3e4ba1a354d2f49d7361418689aa190ed5905234b4b8150df09c0f03fcf89,a28288329fb41d36df6de5995c9dd5d7735e580a39b8c9d62203715fa4a5b6a5
1d1bcb173c28475ba351eb604c7135dc,33,native_gfl,False,42,7.4233598709106445,19.229129552841187,0.27408653497695923,0.7094160914421082,0.6212528944015503,23.269104957580566,0.25449270009994507,0.8861687779426575,977b4a6df067b969b80acb17bad37e79f85da99cb3d2a8cf11c038cdadee89a5,78a3f7738f02df4ee1d29315df93c14eab2fb06c92ea9f17c09209522f14aac1,5363bc42b92e41148a9d1711e1675574fe6fabeee829fc5e156140d856ea6338,0340047558809127cfbef95fc332f3ae1ce4145167192ddcfc30e1e5778e94dd,92b3e4ba1a354d2f49d7361418689aa190ed5905234b4b8150df09c0f03fcf89,a28288329fb41d36df6de5995c9dd5d7735e580a39b8c9d62203715fa4a5b6a5
1d1bcb173c28475ba351eb604c7135dc,33,no_adapter,False,42,7.184878826141357,10.39847731590271,0.3493526875972748,0.7179863452911377,0.542804479598999,10.675063133239746,0.6600594520568848,0.7282934784889221,977b4a6df067b969b80acb17bad37e79f85da99cb3d2a8cf11c038cdadee89a5,78a3f7738f02df4ee1d29315df93c14eab2fb06c92ea9f17c09209522f14aac1,5363bc42b92e41148a9d1711e1675574fe6fabeee829fc5e156140d856ea6338,0340047558809127cfbef95fc332f3ae1ce4145167192ddcfc30e1e5778e94dd,92b3e4ba1a354d2f49d7361418689aa190ed5905234b4b8150df09c0f03fcf89,a28288329fb41d36df6de5995c9dd5d7735e580a39b8c9d62203715fa4a5b6a5
1dc2c857f7614caeb6c2aa0559ccf973,34,native_gc3,False,42,7.431774139404297,12.032257318496704,0.18493714928627014,0.36015766859054565,0.5122278928756714,18.9089572429657,0.1759488582611084,0.8458653092384338,1f912102cbec004a2c041635dd0e67803f0ecb6c231c52577ea447d29771c307,9c8cb42470b3cc99ee769fe46dd1c646e5ef50fe3acc3264fd18dde69fb22f59,d67cb1f35826201a9dc7d144df8858c2fa72938da5db9596583c9fad9e3a1b3b,0340047558809127cfbef95fc332f3ae1ce4145167192ddcfc30e1e5778e94dd,7b78cc16db4b756b892fb5f9a9991186e1ef7841e40fb0c3c333477e19dd45c0,c6bfb0dbc4b9a52d097eed929ec8d236a39040af7534b75ce0df7befe4df062b
1dc2c857f7614caeb6c2aa0559ccf973,34,native_gfh,False,42,7.368855237960815,12.372260093688965,0.1730683147907257,0.4404287040233612,0.5308420658111572,17.90644884109497,0.17972123622894287,0.846716582775116,1f912102cbec004a2c041635dd0e67803f0ecb6c231c52577ea447d29771c307,9c8cb42470b3cc99ee769fe46dd1c646e5ef50fe3acc3264fd18dde69fb22f59,d67cb1f35826201a9dc7d144df8858c2fa72938da5db9596583c9fad9e3a1b3b,0340047558809127cfbef95fc332f3ae1ce4145167192ddcfc30e1e5778e94dd,7b78cc16db4b756b892fb5f9a9991186e1ef7841e40fb0c3c333477e19dd45c0,c6bfb0dbc4b9a52d097eed929ec8d236a39040af7534b75ce0df7befe4df062b
1dc2c857f7614caeb6c2aa0559ccf973,34,native_gfl,False,42,7.55281925201416,11.576415300369263,0.19077783823013306,0.34084123373031616,0.5151182413101196,18.919806480407715,0.1928125023841858,0.8359032273292542,1f912102cbec004a2c041635dd0e67803f0ecb6c231c52577ea447d29771c307,9c8cb42470b3cc99ee769fe46dd1c646e5ef50fe3acc3264fd18dde69fb22f59,d67cb1f35826201a9dc7d144df8858c2fa72938da5db9596583c9fad9e3a1b3b,0340047558809127cfbef95fc332f3ae1ce4145167192ddcfc30e1e5778e94dd,7b78cc16db4b756b892fb5f9a9991186e1ef7841e40fb0c3c333477e19dd45c0,c6bfb0dbc4b9a52d097eed929ec8d236a39040af7534b75ce0df7befe4df062b
1dc2c857f7614caeb6c2aa0559ccf973,34,no_adapter,False,42,7.175760984420776,5.4603880643844604,0.222891703248024,0.41603511571884155,0.45590829849243164,8.614001274108887,0.6072416305541992,0.7201751470565796,1f912102cbec004a2c041635dd0e67803f0ecb6c231c52577ea447d29771c307,9c8cb42470b3cc99ee769fe46dd1c646e5ef50fe3acc3264fd18dde69fb22f59,d67cb1f35826201a9dc7d144df8858c2fa72938da5db9596583c9fad9e3a1b3b,0340047558809127cfbef95fc332f3ae1ce4145167192ddcfc30e1e5778e94dd,7b78cc16db4b756b892fb5f9a9991186e1ef7841e40fb0c3c333477e19dd45c0,c6bfb0dbc4b9a52d097eed929ec8d236a39040af7534b75ce0df7befe4df062b
1dc6e308ab7a4f8eba5e076edb5ab281,35,native_gc3,False,42,7.600383520126343,16.748650074005127,0.1671217978000641,0.6400407552719116,0.5582758784294128,22.754123210906982,0.1736307442188263,0.8832829594612122,aaf1c53a9f70cd3b53a92390005d4e667913fcd55f32af05573b7f85e1fafed6,83229110d497f538a012384a3507e865847a32ef9333ad8ea7c4c57af78aeb01,6023983b5cb4c433a4fe5f54fdd4ef36c4c655a6fbfd33eac62d9cff6c207ae2,0340047558809127cfbef95fc332f3ae1ce4145167192ddcfc30e1e5778e94dd,929eea2bff09b77ec1010d548779eee6a9aedd9a3d42dcc8d3260bab7044fc8e,f09c9e7a54cc2fd16d7dbe1eaccf55d9f53aad797828e69dba3d2f9950925651
1dc6e308ab7a4f8eba5e076edb5ab281,35,native_gfh,False,42,7.471630334854126,17.950319051742554,0.1555463969707489,0.7034316062927246,0.591291606426239,21.852331161499023,0.18099963665008545,0.8847454786300659,aaf1c53a9f70cd3b53a92390005d4e667913fcd55f32af05573b7f85e1fafed6,83229110d497f538a012384a3507e865847a32ef9333ad8ea7c4c57af78aeb01,6023983b5cb4c433a4fe5f54fdd4ef36c4c655a6fbfd33eac62d9cff6c207ae2,0340047558809127cfbef95fc332f3ae1ce4145167192ddcfc30e1e5778e94dd,929eea2bff09b77ec1010d548779eee6a9aedd9a3d42dcc8d3260bab7044fc8e,f09c9e7a54cc2fd16d7dbe1eaccf55d9f53aad797828e69dba3d2f9950925651
1dc6e308ab7a4f8eba5e076edb5ab281,35,native_gfl,False,42,7.467209577560425,14.928773641586304,0.1768852174282074,0.6519181132316589,0.5536009669303894,21.43427610397339,0.17299309372901917,0.8816404938697815,aaf1c53a9f70cd3b53a92390005d4e667913fcd55f32af05573b7f85e1fafed6,83229110d497f538a012384a3507e865847a32ef9333ad8ea7c4c57af78aeb01,6023983b5cb4c433a4fe5f54fdd4ef36c4c655a6fbfd33eac62d9cff6c207ae2,0340047558809127cfbef95fc332f3ae1ce4145167192ddcfc30e1e5778e94dd,929eea2bff09b77ec1010d548779eee6a9aedd9a3d42dcc8d3260bab7044fc8e,f09c9e7a54cc2fd16d7dbe1eaccf55d9f53aad797828e69dba3d2f9950925651
1dc6e308ab7a4f8eba5e076edb5ab281,35,no_adapter,False,42,7.253784894943237,9.872692227363586,0.2320108860731125,0.6541386246681213,0.5237479209899902,11.578404903411865,0.6442488431930542,0.7571150660514832,aaf1c53a9f70cd3b53a92390005d4e667913fcd55f32af05573b7f85e1fafed6,83229110d497f538a012384a3507e865847a32ef9333ad8ea7c4c57af78aeb01,6023983b5cb4c433a4fe5f54fdd4ef36c4c655a6fbfd33eac62d9cff6c207ae2,0340047558809127cfbef95fc332f3ae1ce4145167192ddcfc30e1e5778e94dd,929eea2bff09b77ec1010d548779eee6a9aedd9a3d42dcc8d3260bab7044fc8e,f09c9e7a54cc2fd16d7dbe1eaccf55d9f53aad797828e69dba3d2f9950925651
1e64c56b589942478f657a581606455e,36,native_gc3,False,42,7.510997295379639,16.049344539642334,0.22633248567581177,0.6463465690612793,0.6202366948127747,21.95091962814331,0.20289643108844757,0.8797119855880737,beb0b14610a1cad9c5887724920c036d3f42ec6153864a55eb47b63831918f3a,8cf2c370803f5a14172c550e05e44053a638b74501108fed6ca22fa19762e681,7332908a0777b20fdc27cb7e45daee813f0a9a3a744c11613359a10180c476bc,0340047558809127cfbef95fc332f3ae1ce4145167192ddcfc30e1e5778e94dd,60aeefb722594b98cd0d3dd2fa816318b66797ffdf6ad3bd016ddaf38300be7e,31fe66cd18c36f4f9696a28299ec6f91312f95446a6e995f48c7f0b5431207b6
1e64c56b589942478f657a581606455e,36,native_gfh,False,42,7.544207334518433,18.809585571289062,0.19703654944896698,0.7465134263038635,0.6349054574966431,21.48317575454712,0.19212207198143005,0.8902978897094727,beb0b14610a1cad9c5887724920c036d3f42ec6153864a55eb47b63831918f3a,8cf2c370803f5a14172c550e05e44053a638b74501108fed6ca22fa19762e681,7332908a0777b20fdc27cb7e45daee813f0a9a3a744c11613359a10180c476bc,0340047558809127cfbef95fc332f3ae1ce4145167192ddcfc30e1e5778e94dd,60aeefb722594b98cd0d3dd2fa816318b66797ffdf6ad3bd016ddaf38300be7e,31fe66cd18c36f4f9696a28299ec6f91312f95446a6e995f48c7f0b5431207b6
1e64c56b589942478f657a581606455e,36,native_gfl,False,42,7.493093252182007,14.034031629562378,0.24461470544338226,0.5953322052955627,0.6182987093925476,20.462138652801514,0.2113158106803894,0.8691422343254089,beb0b14610a1cad9c5887724920c036d3f42ec6153864a55eb47b63831918f3a,8cf2c370803f5a14172c550e05e44053a638b74501108fed6ca22fa19762e681,7332908a0777b20fdc27cb7e45daee813f0a9a3a744c11613359a10180c476bc,0340047558809127cfbef95fc332f3ae1ce4145167192ddcfc30e1e5778e94dd,60aeefb722594b98cd0d3dd2fa816318b66797ffdf6ad3bd016ddaf38300be7e,31fe66cd18c36f4f9696a28299ec6f91312f95446a6e995f48c7f0b5431207b6
1e64c56b589942478f657a581606455e,36,no_adapter,False,42,7.216932535171509,9.39931035041809,0.26002758741378784,0.6640529632568359,0.47963759303092957,10.945496559143066,0.6502026319503784,0.7489982843399048,beb0b14610a1cad9c5887724920c036d3f42ec6153864a55eb47b63831918f3a,8cf2c370803f5a14172c550e05e44053a638b74501108fed6ca22fa19762e681,7332908a0777b20fdc27cb7e45daee813f0a9a3a744c11613359a10180c476bc,0340047558809127cfbef95fc332f3ae1ce4145167192ddcfc30e1e5778e94dd,60aeefb722594b98cd0d3dd2fa816318b66797ffdf6ad3bd016ddaf38300be7e,31fe66cd18c36f4f9696a28299ec6f91312f95446a6e995f48c7f0b5431207b6
1f18c71afd1e4331a5da76fe1825c18b,37,native_gc3,False,42,7.608108758926392,11.062726974487305,0.20581375062465668,0.36796480417251587,0.3973354697227478,18.164223432540894,0.26030203700065613,0.8361640572547913,8829cdb2aab4561b26ff1e28ba10d0df6727305767461851a141113e569bb0c7,a270b6ebbccf96854a4dabe1a00fbc6e285f7b33ed490ea143be350b21063786,b784b33b69c7f3ad396e926c5cb110f0431356f401c8148cc8f0e85344f1499f,0340047558809127cfbef95fc332f3ae1ce4145167192ddcfc30e1e5778e94dd,4a8bafd1f12d99ba2f64e6ba5eec6f0922c200b8b473d063cddac96ca93cfea9,e45529770b39584216836103d7a2412666cf213d4fb0ef35cfb90109241f0dbe
1f18c71afd1e4331a5da76fe1825c18b,37,native_gfh,False,42,7.636662483215332,13.075746297836304,0.18475136160850525,0.4304921329021454,0.4188274145126343,18.268250226974487,0.25104427337646484,0.8376061320304871,8829cdb2aab4561b26ff1e28ba10d0df6727305767461851a141113e569bb0c7,a270b6ebbccf96854a4dabe1a00fbc6e285f7b33ed490ea143be350b21063786,b784b33b69c7f3ad396e926c5cb110f0431356f401c8148cc8f0e85344f1499f,0340047558809127cfbef95fc332f3ae1ce4145167192ddcfc30e1e5778e94dd,4a8bafd1f12d99ba2f64e6ba5eec6f0922c200b8b473d063cddac96ca93cfea9,e45529770b39584216836103d7a2412666cf213d4fb0ef35cfb90109241f0dbe
1f18c71afd1e4331a5da76fe1825c18b,37,native_gfl,False,42,7.599910497665405,10.24950623512268,0.21326856315135956,0.3473949134349823,0.39087098836898804,17.6074481010437,0.26591381430625916,0.8267529010772705,8829cdb2aab4561b26ff1e28ba10d0df6727305767461851a141113e569bb0c7,a270b6ebbccf96854a4dabe1a00fbc6e285f7b33ed490ea143be350b21063786,b784b33b69c7f3ad396e926c5cb110f0431356f401c8148cc8f0e85344f1499f,0340047558809127cfbef95fc332f3ae1ce4145167192ddcfc30e1e5778e94dd,4a8bafd1f12d99ba2f64e6ba5eec6f0922c200b8b473d063cddac96ca93cfea9,e45529770b39584216836103d7a2412666cf213d4fb0ef35cfb90109241f0dbe
1f18c71afd1e4331a5da76fe1825c18b,37,no_adapter,False,42,7.243009805679321,7.721809148788452,0.21460911631584167,0.4468272626399994,0.35838180780410767,11.038824319839478,0.632595419883728,0.7143744230270386,8829cdb2aab4561b26ff1e28ba10d0df6727305767461851a141113e569bb0c7,a270b6ebbccf96854a4dabe1a00fbc6e285f7b33ed490ea143be350b21063786,b784b33b69c7f3ad396e926c5cb110f0431356f401c8148cc8f0e85344f1499f,0340047558809127cfbef95fc332f3ae1ce4145167192ddcfc30e1e5778e94dd,4a8bafd1f12d99ba2f64e6ba5eec6f0922c200b8b473d063cddac96ca93cfea9,e45529770b39584216836103d7a2412666cf213d4fb0ef35cfb90109241f0dbe
21678bd623654182b52c11d013de4e71,38,native_gc3,False,42,7.465290307998657,11.255333423614502,0.1755198836326599,0.2576899230480194,0.4209478795528412,17.4014949798584,0.187242329120636,0.8061721920967102,1fe0a9e464afaebc042df704e47e477587f68f35214d0bb65927c4943c6cefbf,35e69f92ca505c95f1d04a4cd1a07a0af5c3f2cabd9aaf9c7c0338337bc36534,f40b0ae4ceeac3d9eaae08ed4ec00a57be75437d2ceec83d2014f10f97473824,0340047558809127cfbef95fc332f3ae1ce4145167192ddcfc30e1e5778e94dd,250959b836563cb172f5c001f8198a687286303eaaa3f363c57efec2e4857cc8,ba22ebb7518ef4a577a07bffd102cd46380e94eda709ae35856bc4c87bf744b4
21678bd623654182b52c11d013de4e71,38,native_gfh,False,42,7.45332670211792,10.60373306274414,0.17871850728988647,0.2553994953632355,0.4139624536037445,16.10167622566223,0.19807963073253632,0.8013591170310974,1fe0a9e464afaebc042df704e47e477587f68f35214d0bb65927c4943c6cefbf,35e69f92ca505c95f1d04a4cd1a07a0af5c3f2cabd9aaf9c7c0338337bc36534,f40b0ae4ceeac3d9eaae08ed4ec00a57be75437d2ceec83d2014f10f97473824,0340047558809127cfbef95fc332f3ae1ce4145167192ddcfc30e1e5778e94dd,250959b836563cb172f5c001f8198a687286303eaaa3f363c57efec2e4857cc8,ba22ebb7518ef4a577a07bffd102cd46380e94eda709ae35856bc4c87bf744b4
21678bd623654182b52c11d013de4e71,38,native_gfl,False,42,7.533246040344238,11.55401349067688,0.17902696132659912,0.26153355836868286,0.4272119402885437,17.96711564064026,0.20338337123394012,0.806536853313446,1fe0a9e464afaebc042df704e47e477587f68f35214d0bb65927c4943c6cefbf,35e69f92ca505c95f1d04a4cd1a07a0af5c3f2cabd9aaf9c7c0338337bc36534,f40b0ae4ceeac3d9eaae08ed4ec00a57be75437d2ceec83d2014f10f97473824,0340047558809127cfbef95fc332f3ae1ce4145167192ddcfc30e1e5778e94dd,250959b836563cb172f5c001f8198a687286303eaaa3f363c57efec2e4857cc8,ba22ebb7518ef4a577a07bffd102cd46380e94eda709ae35856bc4c87bf744b4
21678bd623654182b52c11d013de4e71,38,no_adapter,False,42,7.150932312011719,4.882183372974396,0.2510189414024353,0.18916551768779755,0.3211832344532013,7.995683550834656,0.6546996831893921,0.6163716912269592,1fe0a9e464afaebc042df704e47e477587f68f35214d0bb65927c4943c6cefbf,35e69f92ca505c95f1d04a4cd1a07a0af5c3f2cabd9aaf9c7c0338337bc36534,f40b0ae4ceeac3d9eaae08ed4ec00a57be75437d2ceec83d2014f10f97473824,0340047558809127cfbef95fc332f3ae1ce4145167192ddcfc30e1e5778e94dd,250959b836563cb172f5c001f8198a687286303eaaa3f363c57efec2e4857cc8,ba22ebb7518ef4a577a07bffd102cd46380e94eda709ae35856bc4c87bf744b4
218bbfd03d13422993e34fcce974584c,39,native_gc3,False,42,7.450854539871216,11.15598440170288,0.16253629326820374,0.452276349067688,0.6843805909156799,19.217480421066284,0.17199519276618958,0.8753897547721863,7aeb554f8430a86ef5fe0887a2411dfffe363df20c72f177bf33e634b6a8a7ed,9f02d48fca05199d6b87f8ecb1463dcdc0b889329cc743be8f74c46138d93ac9,8c2946dfedf03d1d682ab9ceb20af17b3eb583faf1bf6ab61dc191e63dae20b1,0340047558809127cfbef95fc332f3ae1ce4145167192ddcfc30e1e5778e94dd,a7a1c86b6485ff923637afe9c72bea17939a0410c7928fb6dfd8b2e2e66695c3,b3ff50da9f619b111dbb611257cf5db97967e7474c0f5c84920abd42297ed47d
218bbfd03d13422993e34fcce974584c,39,native_gfh,False,42,7.48852276802063,12.222546339035034,0.15746836364269257,0.512462854385376,0.6680451035499573,18.49208354949951,0.17022350430488586,0.8712706565856934,7aeb554f8430a86ef5fe0887a2411dfffe363df20c72f177bf33e634b6a8a7ed,9f02d48fca05199d6b87f8ecb1463dcdc0b889329cc743be8f74c46138d93ac9,8c2946dfedf03d1d682ab9ceb20af17b3eb583faf1bf6ab61dc191e63dae20b1,0340047558809127cfbef95fc332f3ae1ce4145167192ddcfc30e1e5778e94dd,a7a1c86b6485ff923637afe9c72bea17939a0410c7928fb6dfd8b2e2e66695c3,b3ff50da9f619b111dbb611257cf5db97967e7474c0f5c84920abd42297ed47d
218bbfd03d13422993e34fcce974584c,39,native_gfl,False,42,7.436712265014648,9.32277262210846,0.17178048193454742,0.3973059356212616,0.6677477955818176,17.767837047576904,0.17771103978157043,0.8668496012687683,7aeb554f8430a86ef5fe0887a2411dfffe363df20c72f177bf33e634b6a8a7ed,9f02d48fca05199d6b87f8ecb1463dcdc0b889329cc743be8f74c46138d93ac9,8c2946dfedf03d1d682ab9ceb20af17b3eb583faf1bf6ab61dc191e63dae20b1,0340047558809127cfbef95fc332f3ae1ce4145167192ddcfc30e1e5778e94dd,a7a1c86b6485ff923637afe9c72bea17939a0410c7928fb6dfd8b2e2e66695c3,b3ff50da9f619b111dbb611257cf5db97967e7474c0f5c84920abd42297ed47d
218bbfd03d13422993e34fcce974584c,39,no_adapter,False,42,7.302033185958862,11.112277507781982,0.15006950497627258,0.5855958461761475,0.5997827053070068,12.09912657737732,0.5607218742370605,0.76857590675354,7aeb554f8430a86ef5fe0887a2411dfffe363df20c72f177bf33e634b6a8a7ed,9f02d48fca05199d6b87f8ecb1463dcdc0b889329cc743be8f74c46138d93ac9,8c2946dfedf03d1d682ab9ceb20af17b3eb583faf1bf6ab61dc191e63dae20b1,0340047558809127cfbef95fc332f3ae1ce4145167192ddcfc30e1e5778e94dd,a7a1c86b6485ff923637afe9c72bea17939a0410c7928fb6dfd8b2e2e66695c3,b3ff50da9f619b111dbb611257cf5db97967e7474c0f5c84920abd42297ed47d
21b3a073dd274087b16fe95ab64ba5c2,40,native_gc3,False,42,7.388762474060059,10.33681869506836,0.25166139006614685,0.2011178731918335,0.48311710357666016,16.88633441925049,0.25315558910369873,0.8009845614433289,dc3c74776115db78b70d8686fc21dc400fa7e9785d2939ee5872c80dc307153f,50085632fd42db7cda86166459f962079aceae3103a40eda335a092464ac80df,5560e843fe8e66f10f7ab1a4930b502b3d7616d2c12144bc4f263a3a1ae92e14,0340047558809127cfbef95fc332f3ae1ce4145167192ddcfc30e1e5778e94dd,72284abc4c42a3880c58a9002591675065c2927b173c9f65f6d6e7053f3ff3aa,9626cf37c343996ae19a88a4de6fc0c9156599dd330a301f4049fa680bff88ed
21b3a073dd274087b16fe95ab64ba5c2,40,native_gfh,False,42,7.397074937820435,9.444518685340881,0.266791433095932,0.2118675410747528,0.4801153242588043,15.618351697921753,0.27024656534194946,0.7907393574714661,dc3c74776115db78b70d8686fc21dc400fa7e9785d2939ee5872c80dc307153f,50085632fd42db7cda86166459f962079aceae3103a40eda335a092464ac80df,5560e843fe8e66f10f7ab1a4930b502b3d7616d2c12144bc4f263a3a1ae92e14,0340047558809127cfbef95fc332f3ae1ce4145167192ddcfc30e1e5778e94dd,72284abc4c42a3880c58a9002591675065c2927b173c9f65f6d6e7053f3ff3aa,9626cf37c343996ae19a88a4de6fc0c9156599dd330a301f4049fa680bff88ed
21b3a073dd274087b16fe95ab64ba5c2,40,native_gfl,False,42,7.329322576522827,10.950549840927124,0.24112629890441895,0.19509027898311615,0.4855288565158844,17.591753005981445,0.2392796277999878,0.7955946326255798,dc3c74776115db78b70d8686fc21dc400fa7e9785d2939ee5872c80dc307153f,50085632fd42db7cda86166459f962079aceae3103a40eda335a092464ac80df,5560e843fe8e66f10f7ab1a4930b502b3d7616d2c12144bc4f263a3a1ae92e14,0340047558809127cfbef95fc332f3ae1ce4145167192ddcfc30e1e5778e94dd,72284abc4c42a3880c58a9002591675065c2927b173c9f65f6d6e7053f3ff3aa,9626cf37c343996ae19a88a4de6fc0c9156599dd330a301f4049fa680bff88ed
21b3a073dd274087b16fe95ab64ba5c2,40,no_adapter,False,42,7.111099720001221,3.6299344897270203,0.2877851128578186,0.18099427223205566,0.3976781368255615,7.812029719352722,0.6699674129486084,0.6433572769165039,dc3c74776115db78b70d8686fc21dc400fa7e9785d2939ee5872c80dc307153f,50085632fd42db7cda86166459f962079aceae3103a40eda335a092464ac80df,5560e843fe8e66f10f7ab1a4930b502b3d7616d2c12144bc4f263a3a1ae92e14,0340047558809127cfbef95fc332f3ae1ce4145167192ddcfc30e1e5778e94dd,72284abc4c42a3880c58a9002591675065c2927b173c9f65f6d6e7053f3ff3aa,9626cf37c343996ae19a88a4de6fc0c9156599dd330a301f4049fa680bff88ed
221e90e2b64c43b9b94b7ba063173509,41,native_gc3,False,42,7.654165506362915,11.643346548080444,0.13172264397144318,0.1930362731218338,0.3899800777435303,20.263805389404297,0.2328007072210312,0.8549433946609497,25f853c4ffeb8f45fe35c6caedd78833263400b259bcd0d4fac90e9d7c9cfa62,b660a2a04a4001f6eda524e1a137aa12767133a1bccfe5b25bccf0a137077057,423d6b726bae2b241e1d6d1ce78ce7c85f1a4af477c1fe40a273d86e859df67d,0340047558809127cfbef95fc332f3ae1ce4145167192ddcfc30e1e5778e94dd,d80208e2cbaac5439e927456be4e6543304a2a1a86e7b8ce57d63f2c4bf6dcfb,6713e729681f37b4be27d139bb9ca3455bcbdb3277e5dfcf0233af1064b6926b
221e90e2b64c43b9b94b7ba063173509,41,native_gfh,False,42,7.518006801605225,11.308807134628296,0.12919190526008606,0.17313845455646515,0.3812912702560425,18.39517593383789,0.24720962345600128,0.8497121930122375,25f853c4ffeb8f45fe35c6caedd78833263400b259bcd0d4fac90e9d7c9cfa62,b660a2a04a4001f6eda524e1a137aa12767133a1bccfe5b25bccf0a137077057,423d6b726bae2b241e1d6d1ce78ce7c85f1a4af477c1fe40a273d86e859df67d,0340047558809127cfbef95fc332f3ae1ce4145167192ddcfc30e1e5778e94dd,d80208e2cbaac5439e927456be4e6543304a2a1a86e7b8ce57d63f2c4bf6dcfb,6713e729681f37b4be27d139bb9ca3455bcbdb3277e5dfcf0233af1064b6926b
221e90e2b64c43b9b94b7ba063173509,41,native_gfl,False,42,7.4545111656188965,11.603726148605347,0.13192890584468842,0.19677232205867767,0.3915281891822815,20.639889240264893,0.2329857498407364,0.8547375798225403,25f853c4ffeb8f45fe35c6caedd78833263400b259bcd0d4fac90e9d7c9cfa62,b660a2a04a4001f6eda524e1a137aa12767133a1bccfe5b25bccf0a137077057,423d6b726bae2b241e1d6d1ce78ce7c85f1a4af477c1fe40a273d86e859df67d,0340047558809127cfbef95fc332f3ae1ce4145167192ddcfc30e1e5778e94dd,d80208e2cbaac5439e927456be4e6543304a2a1a86e7b8ce57d63f2c4bf6dcfb,6713e729681f37b4be27d139bb9ca3455bcbdb3277e5dfcf0233af1064b6926b
221e90e2b64c43b9b94b7ba063173509,41,no_adapter,False,42,7.246406078338623,5.073199272155762,0.13551828265190125,0.09139027446508408,0.31888237595558167,12.34354853630066,0.5710552334785461,0.79076087474823,25f853c4ffeb8f45fe35c6caedd78833263400b259bcd0d4fac90e9d7c9cfa62,b660a2a04a4001f6eda524e1a137aa12767133a1bccfe5b25bccf0a137077057,423d6b726bae2b241e1d6d1ce78ce7c85f1a4af477c1fe40a273d86e859df67d,0340047558809127cfbef95fc332f3ae1ce4145167192ddcfc30e1e5778e94dd,d80208e2cbaac5439e927456be4e6543304a2a1a86e7b8ce57d63f2c4bf6dcfb,6713e729681f37b4be27d139bb9ca3455bcbdb3277e5dfcf0233af1064b6926b
2238fa39a5ba454a82a5b45070a5679f,42,native_gc3,False,42,7.337308645248413,13.949300050735474,0.1592911034822464,0.5134261846542358,0.5312337875366211,20.35449981689453,0.15110597014427185,0.8636584877967834,171e2056f55bd40fdd9590575e93978e3f9bc9b4af583929d476511837c0c879,c07b16eb8146c025aa0e48232c005f5b36e3f75454424d8ead580ae1ab49ece3,531b2f45e8424c1690dd5f1a170cd55a23901361ef384a14606c05cf7b519dfd,0340047558809127cfbef95fc332f3ae1ce4145167192ddcfc30e1e5778e94dd,702f9084d3e4942a7d3881ea826c23af20564171a7655c21045bd687faae728d,c5085495aeed282b944c4478aeb680f9fd47703f4bbfae869a584236efc3c50f
2238fa39a5ba454a82a5b45070a5679f,42,native_gfh,False,42,7.3433837890625,14.96484637260437,0.13399916887283325,0.5714594125747681,0.5477840304374695,19.0976345539093,0.14412447810173035,0.8582403063774109,171e2056f55bd40fdd9590575e93978e3f9bc9b4af583929d476511837c0c879,c07b16eb8146c025aa0e48232c005f5b36e3f75454424d8ead580ae1ab49ece3,531b2f45e8424c1690dd5f1a170cd55a23901361ef384a14606c05cf7b519dfd,0340047558809127cfbef95fc332f3ae1ce4145167192ddcfc30e1e5778e94dd,702f9084d3e4942a7d3881ea826c23af20564171a7655c21045bd687faae728d,c5085495aeed282b944c4478aeb680f9fd47703f4bbfae869a584236efc3c50f
2238fa39a5ba454a82a5b45070a5679f,42,native_gfl,False,42,7.529103994369507,13.723284006118774,0.16425670683383942,0.4942130744457245,0.5293699502944946,20.526409149169922,0.14977291226387024,0.8580312132835388,171e2056f55bd40fdd9590575e93978e3f9bc9b4af583929d476511837c0c879,c07b16eb8146c025aa0e48232c005f5b36e3f75454424d8ead580ae1ab49ece3,531b2f45e8424c1690dd5f1a170cd55a23901361ef384a14606c05cf7b519dfd,0340047558809127cfbef95fc332f3ae1ce4145167192ddcfc30e1e5778e94dd,702f9084d3e4942a7d3881ea826c23af20564171a7655c21045bd687faae728d,c5085495aeed282b944c4478aeb680f9fd47703f4bbfae869a584236efc3c50f
2238fa39a5ba454a82a5b45070a5679f,42,no_adapter,False,42,7.124502420425415,7.261788845062256,0.22829127311706543,0.5004538297653198,0.46204042434692383,10.206513404846191,0.6071879863739014,0.7302986979484558,171e2056f55bd40fdd9590575e93978e3f9bc9b4af583929d476511837c0c879,c07b16eb8146c025aa0e48232c005f5b36e3f75454424d8ead580ae1ab49ece3,531b2f45e8424c1690dd5f1a170cd55a23901361ef384a14606c05cf7b519dfd,0340047558809127cfbef95fc332f3ae1ce4145167192ddcfc30e1e5778e94dd,702f9084d3e4942a7d3881ea826c23af20564171a7655c21045bd687faae728d,c5085495aeed282b944c4478aeb680f9fd47703f4bbfae869a584236efc3c50f
238ff3e41c964655b83aa9c8770cc766,43,native_gc3,False,42,7.585548639297485,13.753279447555542,0.12240418791770935,0.2988014221191406,0.4920998513698578,20.381016731262207,0.14204588532447815,0.8411114811897278,87ce95b23b1fd560c959d106d5385994ec3eee660c9bec2bcc2514da7db967fa,a07b40bd51a755307838246576725e4f10757ddad20ca5ea5207ff3918908a25,23f7bd041eb3a8c61935ad9bb699c278cc8ee06c524a1ea6e3a649cbbb2fa4c9,0340047558809127cfbef95fc332f3ae1ce4145167192ddcfc30e1e5778e94dd,d56886e1fa537db6c63902e27d2c5fd77e15c094d219e633f4af44e7893d199a,f2116b25a90a72e8ab52f7aa906bffb6af4e9353ef42ad496bab4eff425ca613
238ff3e41c964655b83aa9c8770cc766,43,native_gfh,False,42,7.462696552276611,13.635205030441284,0.12625154852867126,0.31917405128479004,0.49920445680618286,18.740330934524536,0.15186549723148346,0.8424875736236572,87ce95b23b1fd560c959d106d5385994ec3eee660c9bec2bcc2514da7db967fa,a07b40bd51a755307838246576725e4f10757ddad20ca5ea5207ff3918908a25,23f7bd041eb3a8c61935ad9bb699c278cc8ee06c524a1ea6e3a649cbbb2fa4c9,0340047558809127cfbef95fc332f3ae1ce4145167192ddcfc30e1e5778e94dd,d56886e1fa537db6c63902e27d2c5fd77e15c094d219e633f4af44e7893d199a,f2116b25a90a72e8ab52f7aa906bffb6af4e9353ef42ad496bab4eff425ca613
238ff3e41c964655b83aa9c8770cc766,43,native_gfl,False,42,7.512673377990723,13.502198457717896,0.12016952782869339,0.292394757270813,0.4938710927963257,20.580551624298096,0.14650316536426544,0.8394617438316345,87ce95b23b1fd560c959d106d5385994ec3eee660c9bec2bcc2514da7db967fa,a07b40bd51a755307838246576725e4f10757ddad20ca5ea5207ff3918908a25,23f7bd041eb3a8c61935ad9bb699c278cc8ee06c524a1ea6e3a649cbbb2fa4c9,0340047558809127cfbef95fc332f3ae1ce4145167192ddcfc30e1e5778e94dd,d56886e1fa537db6c63902e27d2c5fd77e15c094d219e633f4af44e7893d199a,f2116b25a90a72e8ab52f7aa906bffb6af4e9353ef42ad496bab4eff425ca613
238ff3e41c964655b83aa9c8770cc766,43,no_adapter,False,42,7.141989469528198,6.103188991546631,0.19630292057991028,0.2758599817752838,0.42190393805503845,9.838736057281494,0.6107607483863831,0.71687251329422,87ce95b23b1fd560c959d106d5385994ec3eee660c9bec2bcc2514da7db967fa,a07b40bd51a755307838246576725e4f10757ddad20ca5ea5207ff3918908a25,23f7bd041eb3a8c61935ad9bb699c278cc8ee06c524a1ea6e3a649cbbb2fa4c9,0340047558809127cfbef95fc332f3ae1ce4145167192ddcfc30e1e5778e94dd,d56886e1fa537db6c63902e27d2c5fd77e15c094d219e633f4af44e7893d199a,f2116b25a90a72e8ab52f7aa906bffb6af4e9353ef42ad496bab4eff425ca613
24c8a9fc66da43fe8e6239db4bf10119,44,native_gc3,False,42,7.39974308013916,14.599686861038208,0.3376540541648865,0.48470982909202576,0.4737219214439392,19.430426359176636,0.3414805829524994,0.7975403666496277,da73d97f3fbf1f995167ed40bbbb385933dfce2809bcd81929d7a2bcd08e08a8,8c84bd63d20ea5fcfb7b7c8efa5f03e902604e23dc185ac28acb0eb43559f050,a10280e52654a45380f0610fc01f7f6f40a08da7eed32155bd63a8d1f68bc0d7,0340047558809127cfbef95fc332f3ae1ce4145167192ddcfc30e1e5778e94dd,54b701c4bf282569541226db34a4bb808e790216f0ec110b71f26d767a29c27b,b1d79de7e9e10374fd24102b7631b6b6c4b3007bac692fef8c49ebb5f9446e4b
24c8a9fc66da43fe8e6239db4bf10119,44,native_gfh,False,42,7.485427379608154,14.830199480056763,0.31682288646698,0.5737443566322327,0.5015900731086731,19.008853435516357,0.3386206328868866,0.8136638402938843,da73d97f3fbf1f995167ed40bbbb385933dfce2809bcd81929d7a2bcd08e08a8,8c84bd63d20ea5fcfb7b7c8efa5f03e902604e23dc185ac28acb0eb43559f050,a10280e52654a45380f0610fc01f7f6f40a08da7eed32155bd63a8d1f68bc0d7,0340047558809127cfbef95fc332f3ae1ce4145167192ddcfc30e1e5778e94dd,54b701c4bf282569541226db34a4bb808e790216f0ec110b71f26d767a29c27b,b1d79de7e9e10374fd24102b7631b6b6c4b3007bac692fef8c49ebb5f9446e4b
24c8a9fc66da43fe8e6239db4bf10119,44,native_gfl,False,42,7.439645051956177,14.309581518173218,0.3458757996559143,0.3948103189468384,0.4569178819656372,19.212646484375,0.34663182497024536,0.7887978553771973,da73d97f3fbf1f995167ed40bbbb385933dfce2809bcd81929d7a2bcd08e08a8,8c84bd63d20ea5fcfb7b7c8efa5f03e902604e23dc185ac28acb0eb43559f050,a10280e52654a45380f0610fc01f7f6f40a08da7eed32155bd63a8d1f68bc0d7,0340047558809127cfbef95fc332f3ae1ce4145167192ddcfc30e1e5778e94dd,54b701c4bf282569541226db34a4bb808e790216f0ec110b71f26d767a29c27b,b1d79de7e9e10374fd24102b7631b6b6c4b3007bac692fef8c49ebb5f9446e4b
24c8a9fc66da43fe8e6239db4bf10119,44,no_adapter,False,42,6.964277029037476,6.954939365386963,0.34850311279296875,0.5956830382347107,0.4292457103729248,9.260085225105286,0.6763205528259277,0.7284218668937683,da73d97f3fbf1f995167ed40bbbb385933dfce2809bcd81929d7a2bcd08e08a8,8c84bd63d20ea5fcfb7b7c8efa5f03e902604e23dc185ac28acb0eb43559f050,a10280e52654a45380f0610fc01f7f6f40a08da7eed32155bd63a8d1f68bc0d7,0340047558809127cfbef95fc332f3ae1ce4145167192ddcfc30e1e5778e94dd,54b701c4bf282569541226db34a4bb808e790216f0ec110b71f26d767a29c27b,b1d79de7e9e10374fd24102b7631b6b6c4b3007bac692fef8c49ebb5f9446e4b
260e20eadf44489f960896581829a69f,45,native_gc3,False,42,7.3593909740448,11.754951477050781,0.15076203644275665,0.2691332697868347,0.37572428584098816,18.5680091381073,0.1725609451532364,0.8270487785339355,9872ad15eb951b64fe92af44dade201d7cdf2e5328af2f1c233fdaef37555d0d,71be58074a506d33a4b801aa5af7ec38269f3bbfd69a9151c946d086e39f2a04,51fb91ab00fe84739100c11493bf587a2ac7623b5f218e08d0ebb494acfe688f,0340047558809127cfbef95fc332f3ae1ce4145167192ddcfc30e1e5778e94dd,acdeebe092ac152161b538ada39cd97f419671e57acb98c5a5de3852e58afe7a,9eb3f9637dc0e4a70179efc2ebe004ae494258b57a0d87c677dc24f686642d57
260e20eadf44489f960896581829a69f,45,native_gfh,False,42,7.42925763130188,11.616493463516235,0.16124705970287323,0.2861666977405548,0.38296544551849365,17.340952157974243,0.18152229487895966,0.8180291056632996,9872ad15eb951b64fe92af44dade201d7cdf2e5328af2f1c233fdaef37555d0d,71be58074a506d33a4b801aa5af7ec38269f3bbfd69a9151c946d086e39f2a04,51fb91ab00fe84739100c11493bf587a2ac7623b5f218e08d0ebb494acfe688f,0340047558809127cfbef95fc332f3ae1ce4145167192ddcfc30e1e5778e94dd,acdeebe092ac152161b538ada39cd97f419671e57acb98c5a5de3852e58afe7a,9eb3f9637dc0e4a70179efc2ebe004ae494258b57a0d87c677dc24f686642d57
260e20eadf44489f960896581829a69f,45,native_gfl,False,42,7.421311616897583,12.083836793899536,0.14958719909191132,0.2619439661502838,0.3788928985595703,19.029533863067627,0.17599546909332275,0.821681797504425,9872ad15eb951b64fe92af44dade201d7cdf2e5328af2f1c233fdaef37555d0d,71be58074a506d33a4b801aa5af7ec38269f3bbfd69a9151c946d086e39f2a04,51fb91ab00fe84739100c11493bf587a2ac7623b5f218e08d0ebb494acfe688f,0340047558809127cfbef95fc332f3ae1ce4145167192ddcfc30e1e5778e94dd,acdeebe092ac152161b538ada39cd97f419671e57acb98c5a5de3852e58afe7a,9eb3f9637dc0e4a70179efc2ebe004ae494258b57a0d87c677dc24f686642d57
260e20eadf44489f960896581829a69f,45,no_adapter,False,42,7.117287874221802,4.7742703557014465,0.20974886417388916,0.24128472805023193,0.30774468183517456,8.728176355361938,0.6501600742340088,0.6633082032203674,9872ad15eb951b64fe92af44dade201d7cdf2e5328af2f1c233fdaef37555d0d,71be58074a506d33a4b801aa5af7ec38269f3bbfd69a9151c946d086e39f2a04,51fb91ab00fe84739100c11493bf587a2ac7623b5f218e08d0ebb494acfe688f,0340047558809127cfbef95fc332f3ae1ce4145167192ddcfc30e1e5778e94dd,acdeebe092ac152161b538ada39cd97f419671e57acb98c5a5de3852e58afe7a,9eb3f9637dc0e4a70179efc2ebe004ae494258b57a0d87c677dc24f686642d57
26a181885c6d4f26ad6b4843a0331752,46,native_gc3,False,42,7.207712411880493,11.837115287780762,0.1795918345451355,0.2828185558319092,0.44525423645973206,18.758524656295776,0.20220696926116943,0.8239895701408386,58d3a50c2a1e58daae8efef08e3b43f376a686754a28d24aa8efa525a328df57,c33238cead86548a137e2276aaa3e615376f5aa221bb7829115679c87d9e2664,3658ef4d1749ac73c4889fc33580dde24409fb793b96a94504f12fc8b49237a1,0340047558809127cfbef95fc332f3ae1ce4145167192ddcfc30e1e5778e94dd,d752b25dbd4fe3acaf552431f1c85ccf4dc82afd8fc11eedf72d6c5c9d4847c0,f01f03d2b154fa65608be3f4bd72a2af6ede360dede1a973cc8b95f511524940
26a181885c6d4f26ad6b4843a0331752,46,native_gfh,False,42,7.319713354110718,12.354273796081543,0.17769145965576172,0.3143189549446106,0.45368483662605286,17.832636833190918,0.2113148272037506,0.8190769553184509,58d3a50c2a1e58daae8efef08e3b43f376a686754a28d24aa8efa525a328df57,c33238cead86548a137e2276aaa3e615376f5aa221bb7829115679c87d9e2664,3658ef4d1749ac73c4889fc33580dde24409fb793b96a94504f12fc8b49237a1,0340047558809127cfbef95fc332f3ae1ce4145167192ddcfc30e1e5778e94dd,d752b25dbd4fe3acaf552431f1c85ccf4dc82afd8fc11eedf72d6c5c9d4847c0,f01f03d2b154fa65608be3f4bd72a2af6ede360dede1a973cc8b95f511524940
26a181885c6d4f26ad6b4843a0331752,46,native_gfl,False,42,7.318514108657837,11.60057544708252,0.18189388513565063,0.25857144594192505,0.44781211018562317,18.800026178359985,0.200673907995224,0.8152416348457336,58d3a50c2a1e58daae8efef08e3b43f376a686754a28d24aa8efa525a328df57,c33238cead86548a137e2276aaa3e615376f5aa221bb7829115679c87d9e2664,3658ef4d1749ac73c4889fc33580dde24409fb793b96a94504f12fc8b49237a1,0340047558809127cfbef95fc332f3ae1ce4145167192ddcfc30e1e5778e94dd,d752b25dbd4fe3acaf552431f1c85ccf4dc82afd8fc11eedf72d6c5c9d4847c0,f01f03d2b154fa65608be3f4bd72a2af6ede360dede1a973cc8b95f511524940
26a181885c6d4f26ad6b4843a0331752,46,no_adapter,False,42,7.013509750366211,6.022965312004089,0.22961992025375366,0.32151082158088684,0.3848739564418793,9.28606927394867,0.6077063083648682,0.7203068733215332,58d3a50c2a1e58daae8efef08e3b43f376a686754a28d24aa8efa525a328df57,c33238cead86548a137e2276aaa3e615376f5aa221bb7829115679c87d9e2664,3658ef4d1749ac73c4889fc33580dde24409fb793b96a94504f12fc8b49237a1,0340047558809127cfbef95fc332f3ae1ce4145167192ddcfc30e1e5778e94dd,d752b25dbd4fe3acaf552431f1c85ccf4dc82afd8fc11eedf72d6c5c9d4847c0,f01f03d2b154fa65608be3f4bd72a2af6ede360dede1a973cc8b95f511524940
27a2bb91d63f4f508457383bb58fb105,47,native_gc3,False,42,7.354085683822632,11.504881381988525,0.15627659857273102,0.5533124208450317,0.6807353496551514,18.970355987548828,0.15610796213150024,0.882558286190033,dcdbe7798864380a2b3243d9616cb72c7232a7599f932818998893390cdda4b2,394f727b2843baf8f4a0558ad76ed1e7eff48b15bf843a285bede857927cb149,724ec7572483559a046051a9aa4d895cd974f986b1f08d86edaf72d7b45e737d,0340047558809127cfbef95fc332f3ae1ce4145167192ddcfc30e1e5778e94dd,fb623e8934c84dd1a893bb93dcf9ee2bf6c6a1531904d7e8c21f4fa76da8b42e,a4615c4fef42eb457e4aaf4d0fb4565d3d6081ec084af684798c9dbbd7ea652f
27a2bb91d63f4f508457383bb58fb105,47,native_gfh,False,42,7.385841131210327,11.033421754837036,0.13950327038764954,0.5793944597244263,0.6711937785148621,17.696269750595093,0.16473329067230225,0.8702390789985657,dcdbe7798864380a2b3243d9616cb72c7232a7599f932818998893390cdda4b2,394f727b2843baf8f4a0558ad76ed1e7eff48b15bf843a285bede857927cb149,724ec7572483559a046051a9aa4d895cd974f986b1f08d86edaf72d7b45e737d,0340047558809127cfbef95fc332f3ae1ce4145167192ddcfc30e1e5778e94dd,fb623e8934c84dd1a893bb93dcf9ee2bf6c6a1531904d7e8c21f4fa76da8b42e,a4615c4fef42eb457e4aaf4d0fb4565d3d6081ec084af684798c9dbbd7ea652f
27a2bb91d63f4f508457383bb58fb105,47,native_gfl,False,42,7.3852667808532715,12.976288795471191,0.14791293442249298,0.5589302182197571,0.7049971222877502,20.457794666290283,0.143581822514534,0.8827999830245972,dcdbe7798864380a2b3243d9616cb72c7232a7599f932818998893390cdda4b2,394f727b2843baf8f4a0558ad76ed1e7eff48b15bf843a285bede857927cb149,724ec7572483559a046051a9aa4d895cd974f986b1f08d86edaf72d7b45e737d,0340047558809127cfbef95fc332f3ae1ce4145167192ddcfc30e1e5778e94dd,fb623e8934c84dd1a893bb93dcf9ee2bf6c6a1531904d7e8c21f4fa76da8b42e,a4615c4fef42eb457e4aaf4d0fb4565d3d6081ec084af684798c9dbbd7ea652f
27a2bb91d63f4f508457383bb58fb105,47,no_adapter,False,42,7.137981414794922,4.602671265602112,0.23022177815437317,0.5291784405708313,0.5233160257339478,8.90246331691742,0.646284282207489,0.7418578863143921,dcdbe7798864380a2b3243d9616cb72c7232a7599f932818998893390cdda4b2,394f727b2843baf8f4a0558ad76ed1e7eff48b15bf843a285bede857927cb149,724ec7572483559a046051a9aa4d895cd974f986b1f08d86edaf72d7b45e737d,0340047558809127cfbef95fc332f3ae1ce4145167192ddcfc30e1e5778e94dd,fb623e8934c84dd1a893bb93dcf9ee2bf6c6a1531904d7e8c21f4fa76da8b42e,a4615c4fef42eb457e4aaf4d0fb4565d3d6081ec084af684798c9dbbd7ea652f
289ad3ba92f54a9a83cbfd3fed37bec6,48,native_gc3,False,42,7.296231508255005,9.852017760276794,0.2830115556716919,0.5262301564216614,0.5252861976623535,15.39429783821106,0.28034940361976624,0.8133948445320129,a7074b5b0f882ac543605e94edda5b3ed76bb2055865ad95df8398b955321aa1,aaa186aaa9d824b3b4e7483b01cda3dfbaa8f5910ff8ca8aadc99b1d816f94c2,c5f122342d7cb1890d1b68879e758d937368d7c7a6f622c51796d60e70fb43d7,0340047558809127cfbef95fc332f3ae1ce4145167192ddcfc30e1e5778e94dd,a6dab69a14310a021ec586d18c9b1d73b2af4f7f665e39a39be80a8ddfb7aade,2ced764c7016283013aa9e2bc2ea058313022eefd08d0bf3ba9605e4b35b70d8
289ad3ba92f54a9a83cbfd3fed37bec6,48,native_gfh,False,42,7.449213981628418,8.76509964466095,0.27036917209625244,0.564932107925415,0.5231927037239075,14.097527265548706,0.2797077000141144,0.8097389340400696,a7074b5b0f882ac543605e94edda5b3ed76bb2055865ad95df8398b955321aa1,aaa186aaa9d824b3b4e7483b01cda3dfbaa8f5910ff8ca8aadc99b1d816f94c2,c5f122342d7cb1890d1b68879e758d937368d7c7a6f622c51796d60e70fb43d7,0340047558809127cfbef95fc332f3ae1ce4145167192ddcfc30e1e5778e94dd,a6dab69a14310a021ec586d18c9b1d73b2af4f7f665e39a39be80a8ddfb7aade,2ced764c7016283013aa9e2bc2ea058313022eefd08d0bf3ba9605e4b35b70d8
289ad3ba92f54a9a83cbfd3fed37bec6,48,native_gfl,False,42,7.38627028465271,11.510162353515625,0.27571937441825867,0.5254793763160706,0.5286846160888672,17.05756187438965,0.2663981318473816,0.8180530071258545,a7074b5b0f882ac543605e94edda5b3ed76bb2055865ad95df8398b955321aa1,aaa186aaa9d824b3b4e7483b01cda3dfbaa8f5910ff8ca8aadc99b1d816f94c2,c5f122342d7cb1890d1b68879e758d937368d7c7a6f622c51796d60e70fb43d7,0340047558809127cfbef95fc332f3ae1ce4145167192ddcfc30e1e5778e94dd,a6dab69a14310a021ec586d18c9b1d73b2af4f7f665e39a39be80a8ddfb7aade,2ced764c7016283013aa9e2bc2ea058313022eefd08d0bf3ba9605e4b35b70d8
289ad3ba92f54a9a83cbfd3fed37bec6,48,no_adapter,False,42,7.062042236328125,3.539656698703766,0.34922268986701965,0.47081097960472107,0.40944740176200867,7.260746955871582,0.6656872034072876,0.6760537028312683,a7074b5b0f882ac543605e94edda5b3ed76bb2055865ad95df8398b955321aa1,aaa186aaa9d824b3b4e7483b01cda3dfbaa8f5910ff8ca8aadc99b1d816f94c2,c5f122342d7cb1890d1b68879e758d937368d7c7a6f622c51796d60e70fb43d7,0340047558809127cfbef95fc332f3ae1ce4145167192ddcfc30e1e5778e94dd,a6dab69a14310a021ec586d18c9b1d73b2af4f7f665e39a39be80a8ddfb7aade,2ced764c7016283013aa9e2bc2ea058313022eefd08d0bf3ba9605e4b35b70d8
29fbc6903ed74f18977548da04626f74,49,native_gc3,False,42,7.410333156585693,14.18352484703064,0.3128291666507721,0.4541628658771515,0.4700092077255249,19.23076868057251,0.329588919878006,0.795415997505188,412db6faf03c2b6bd61ff7f82d572f6817d0dd65d2534a1e115c7978626bfade,8aeed4271745f667f1f343d3685ed90e8446c1170e55a2ce87e7f75b80c5ca14,2d51db133e05008e332b5ed46885094b0c221b522d0cd2c1ecbe04fbea9fa144,0340047558809127cfbef95fc332f3ae1ce4145167192ddcfc30e1e5778e94dd,a43bf3feb6aac3c15d82ca299c3accf35ce12e850bfb095e1e4548b14c76dc45,5b9663272169c6d0f3fb6579d8bea9aca7317e61c6f8bf5abb9aad8a419d009f
29fbc6903ed74f18977548da04626f74,49,native_gfh,False,42,7.378204822540283,16.36115550994873,0.3043396472930908,0.51850426197052,0.5013687014579773,20.040946006774902,0.3397306501865387,0.8018250465393066,412db6faf03c2b6bd61ff7f82d572f6817d0dd65d2534a1e115c7978626bfade,8aeed4271745f667f1f343d3685ed90e8446c1170e55a2ce87e7f75b80c5ca14,2d51db133e05008e332b5ed46885094b0c221b522d0cd2c1ecbe04fbea9fa144,0340047558809127cfbef95fc332f3ae1ce4145167192ddcfc30e1e5778e94dd,a43bf3feb6aac3c15d82ca299c3accf35ce12e850bfb095e1e4548b14c76dc45,5b9663272169c6d0f3fb6579d8bea9aca7317e61c6f8bf5abb9aad8a419d009f
29fbc6903ed74f18977548da04626f74,49,native_gfl,False,42,7.340253591537476,12.37667202949524,0.3279162645339966,0.4256579875946045,0.4561646282672882,17.596503496170044,0.3346974849700928,0.7974709272384644,412db6faf03c2b6bd61ff7f82d572f6817d0dd65d2534a1e115c7978626bfade,8aeed4271745f667f1f343d3685ed90e8446c1170e55a2ce87e7f75b80c5ca14,2d51db133e05008e332b5ed46885094b0c221b522d0cd2c1ecbe04fbea9fa144,0340047558809127cfbef95fc332f3ae1ce4145167192ddcfc30e1e5778e94dd,a43bf3feb6aac3c15d82ca299c3accf35ce12e850bfb095e1e4548b14c76dc45,5b9663272169c6d0f3fb6579d8bea9aca7317e61c6f8bf5abb9aad8a419d009f
29fbc6903ed74f18977548da04626f74,49,no_adapter,False,42,7.0825934410095215,9.034019112586975,0.31664615869522095,0.4873069226741791,0.45346567034721375,10.255582332611084,0.6566081047058105,0.6919169425964355,412db6faf03c2b6bd61ff7f82d572f6817d0dd65d2534a1e115c7978626bfade,8aeed4271745f667f1f343d3685ed90e8446c1170e55a2ce87e7f75b80c5ca14,2d51db133e05008e332b5ed46885094b0c221b522d0cd2c1ecbe04fbea9fa144,0340047558809127cfbef95fc332f3ae1ce4145167192ddcfc30e1e5778e94dd,a43bf3feb6aac3c15d82ca299c3accf35ce12e850bfb095e1e4548b14c76dc45,5b9663272169c6d0f3fb6579d8bea9aca7317e61c6f8bf5abb9aad8a419d009f
2a3a0062bf6b450eb32f8e5717675436,50,native_gc3,False,42,7.345059394836426,11.949242353439331,0.13568982481956482,0.2854372262954712,0.36954861879348755,19.3537175655365,0.19812698662281036,0.8555539846420288,43e616308eec7f29896545b24360a8942bd16b738dc9ab60bcd0a2e2fcc4da1a,9f1923d11ffa80ff1abb2ef28fc5f66e07bda6d484d056b28718f1c88c6ef4b0,9ef8519acf5e8ccd893c726d657811140d7666359592579c6577bbfa0aae472f,0340047558809127cfbef95fc332f3ae1ce4145167192ddcfc30e1e5778e94dd,d67b3879db4a76b3b1bf1d0969a92e1c39edc8e66039fc2d8d8e3bd2c439e9f3,3cf45d29ee39956c35ff1008103b6db3daf0a36147d5af5e7fb9d7b096feda73
2a3a0062bf6b450eb32f8e5717675436,50,native_gfh,False,42,7.315814018249512,13.620805740356445,0.11948440968990326,0.32021087408065796,0.3858659267425537,18.836522102355957,0.1814732551574707,0.8524776101112366,43e616308eec7f29896545b24360a8942bd16b738dc9ab60bcd0a2e2fcc4da1a,9f1923d11ffa80ff1abb2ef28fc5f66e07bda6d484d056b28718f1c88c6ef4b0,9ef8519acf5e8ccd893c726d657811140d7666359592579c6577bbfa0aae472f,0340047558809127cfbef95fc332f3ae1ce4145167192ddcfc30e1e5778e94dd,d67b3879db4a76b3b1bf1d0969a92e1c39edc8e66039fc2d8d8e3bd2c439e9f3,3cf45d29ee39956c35ff1008103b6db3daf0a36147d5af5e7fb9d7b096feda73
2a3a0062bf6b450eb32f8e5717675436,50,native_gfl,False,42,7.320586919784546,11.302790641784668,0.1415567249059677,0.268470823764801,0.37009191513061523,19.151214361190796,0.1984322965145111,0.8552121520042419,43e616308eec7f29896545b24360a8942bd16b738dc9ab60bcd0a2e2fcc4da1a,9f1923d11ffa80ff1abb2ef28fc5f66e07bda6d484d056b28718f1c88c6ef4b0,9ef8519acf5e8ccd893c726d657811140d7666359592579c6577bbfa0aae472f,0340047558809127cfbef95fc332f3ae1ce4145167192ddcfc30e1e5778e94dd,d67b3879db4a76b3b1bf1d0969a92e1c39edc8e66039fc2d8d8e3bd2c439e9f3,3cf45d29ee39956c35ff1008103b6db3daf0a36147d5af5e7fb9d7b096feda73
2a3a0062bf6b450eb32f8e5717675436,50,no_adapter,False,42,7.132346153259277,7.692843079566956,0.1480391025543213,0.3129706084728241,0.34072527289390564,10.380092859268188,0.6407445073127747,0.7169701457023621,43e616308eec7f29896545b24360a8942bd16b738dc9ab60bcd0a2e2fcc4da1a,9f1923d11ffa80ff1abb2ef28fc5f66e07bda6d484d056b28718f1c88c6ef4b0,9ef8519acf5e8ccd893c726d657811140d7666359592579c6577bbfa0aae472f,0340047558809127cfbef95fc332f3ae1ce4145167192ddcfc30e1e5778e94dd,d67b3879db4a76b3b1bf1d0969a92e1c39edc8e66039fc2d8d8e3bd2c439e9f3,3cf45d29ee39956c35ff1008103b6db3daf0a36147d5af5e7fb9d7b096feda73
2b647178869d4367985010e72516a93d,51,native_gc3,False,42,7.268930435180664,14.080735445022583,0.24315211176872253,0.30482369661331177,0.33854418992996216,17.697343826293945,0.2620929181575775,0.7221323847770691,7aaf5ac96fa17f981a294bd0f7ab66b6ffaa3f6d9faf5c7b592698dae7fd3916,6d0c09ec85514ec7cfb19e255141ec95fd54d3fd3d7538c218dfedc130246d47,e2c94c4c676105f5ebafd49be2915a74fece4fdd6329b6f4ffaa396fd9c081db,0340047558809127cfbef95fc332f3ae1ce4145167192ddcfc30e1e5778e94dd,22810effd90f28159590be0c6ea3885ccf18cd5197ad1f5dcd3b13c6c09c85ed,bc48458e725909caf0d20f4b50e888a3c2be426903037510ea180f435d1882d8
2b647178869d4367985010e72516a93d,51,native_gfh,False,42,7.325527667999268,15.078524351119995,0.2191813737154007,0.3320160508155823,0.36255761981010437,17.762378454208374,0.2554849088191986,0.7227063775062561,7aaf5ac96fa17f981a294bd0f7ab66b6ffaa3f6d9faf5c7b592698dae7fd3916,6d0c09ec85514ec7cfb19e255141ec95fd54d3fd3d7538c218dfedc130246d47,e2c94c4c676105f5ebafd49be2915a74fece4fdd6329b6f4ffaa396fd9c081db,0340047558809127cfbef95fc332f3ae1ce4145167192ddcfc30e1e5778e94dd,22810effd90f28159590be0c6ea3885ccf18cd5197ad1f5dcd3b13c6c09c85ed,bc48458e725909caf0d20f4b50e888a3c2be426903037510ea180f435d1882d8
2b647178869d4367985010e72516a93d,51,native_gfl,False,42,7.482931137084961,12.27841854095459,0.26643112301826477,0.27927350997924805,0.31948503851890564,16.14623785018921,0.27932941913604736,0.7357116341590881,7aaf5ac96fa17f981a294bd0f7ab66b6ffaa3f6d9faf5c7b592698dae7fd3916,6d0c09ec85514ec7cfb19e255141ec95fd54d3fd3d7538c218dfedc130246d47,e2c94c4c676105f5ebafd49be2915a74fece4fdd6329b6f4ffaa396fd9c081db,0340047558809127cfbef95fc332f3ae1ce4145167192ddcfc30e1e5778e94dd,22810effd90f28159590be0c6ea3885ccf18cd5197ad1f5dcd3b13c6c09c85ed,bc48458e725909caf0d20f4b50e888a3c2be426903037510ea180f435d1882d8
2b647178869d4367985010e72516a93d,51,no_adapter,False,42,7.290325164794922,10.044722557067871,0.3110341429710388,0.2949358820915222,0.3146671652793884,9.763613939285278,0.6968704462051392,0.5338614583015442,7aaf5ac96fa17f981a294bd0f7ab66b6ffaa3f6d9faf5c7b592698dae7fd3916,6d0c09ec85514ec7cfb19e255141ec95fd54d3fd3d7538c218dfedc130246d47,e2c94c4c676105f5ebafd49be2915a74fece4fdd6329b6f4ffaa396fd9c081db,0340047558809127cfbef95fc332f3ae1ce4145167192ddcfc30e1e5778e94dd,22810effd90f28159590be0c6ea3885ccf18cd5197ad1f5dcd3b13c6c09c85ed,bc48458e725909caf0d20f4b50e888a3c2be426903037510ea180f435d1882d8
2ba051ecf36e437d93cffc5edf9e8889,52,native_gc3,False,42,7.467473983764648,7.480009198188782,0.12319052964448929,0.2755090296268463,0.5573654174804688,18.664318323135376,0.14445346593856812,0.884479820728302,ef4c9c5322155f2c07ca2122967b3bdfbbfe13571a85cd58db997382edc78382,dcb64fa177ab621aa94d916086be6b695802cbb35d2f734471237ef002a55025,47f41032733fe927f423fd44ef167758f12e83e4f35148c58d7fa7221147fd00,0340047558809127cfbef95fc332f3ae1ce4145167192ddcfc30e1e5778e94dd,8558ec8742db92d2040d4a90b404238210973d5c9d6d42bc19194099c39b6748,2c16c6561b13cffb426104809b94e52ed5d8ff93d7888a46601bf538eec0a91c
2ba051ecf36e437d93cffc5edf9e8889,52,native_gfh,False,42,7.53728723526001,9.097205400466919,0.11879795789718628,0.36176174879074097,0.5848491191864014,18.120200634002686,0.14309021830558777,0.8831439018249512,ef4c9c5322155f2c07ca2122967b3bdfbbfe13571a85cd58db997382edc78382,dcb64fa177ab621aa94d916086be6b695802cbb35d2f734471237ef002a55025,47f41032733fe927f423fd44ef167758f12e83e4f35148c58d7fa7221147fd00,0340047558809127cfbef95fc332f3ae1ce4145167192ddcfc30e1e5778e94dd,8558ec8742db92d2040d4a90b404238210973d5c9d6d42bc19194099c39b6748,2c16c6561b13cffb426104809b94e52ed5d8ff93d7888a46601bf538eec0a91c
2ba051ecf36e437d93cffc5edf9e8889,52,native_gfl,False,42,7.495256423950195,6.246252059936523,0.12821048498153687,0.22808213531970978,0.5477524399757385,17.804524898529053,0.1477699875831604,0.8801665902137756,ef4c9c5322155f2c07ca2122967b3bdfbbfe13571a85cd58db997382edc78382,dcb64fa177ab621aa94d916086be6b695802cbb35d2f734471237ef002a55025,47f41032733fe927f423fd44ef167758f12e83e4f35148c58d7fa7221147fd00,0340047558809127cfbef95fc332f3ae1ce4145167192ddcfc30e1e5778e94dd,8558ec8742db92d2040d4a90b404238210973d5c9d6d42bc19194099c39b6748,2c16c6561b13cffb426104809b94e52ed5d8ff93d7888a46601bf538eec0a91c
2ba051ecf36e437d93cffc5edf9e8889,52,no_adapter,False,42,7.290945768356323,8.746683597564697,0.12525983154773712,0.4094480276107788,0.5225727558135986,11.342618465423584,0.5383894443511963,0.7971518039703369,ef4c9c5322155f2c07ca2122967b3bdfbbfe13571a85cd58db997382edc78382,dcb64fa177ab621aa94d916086be6b695802cbb35d2f734471237ef002a55025,47f41032733fe927f423fd44ef167758f12e83e4f35148c58d7fa7221147fd00,0340047558809127cfbef95fc332f3ae1ce4145167192ddcfc30e1e5778e94dd,8558ec8742db92d2040d4a90b404238210973d5c9d6d42bc19194099c39b6748,2c16c6561b13cffb426104809b94e52ed5d8ff93d7888a46601bf538eec0a91c
2c4ed9b0c68945e8bedd004c832c1e8d,53,native_gc3,False,42,7.400238990783691,13.179477453231812,0.2247447967529297,0.2812480628490448,0.44194915890693665,19.24334406852722,0.22418293356895447,0.8351343274116516,935776c5b2404331cac1177962e46f803968bf8d225253e954747b3cde364e35,ee6a37170cae5f61e57265964271ed2f3c39c0652b0210a8acd3f6551dc07f0b,81411f7b72aef7095d519ac6763d0fc5cc3db6534681c59fc02d8f51868b0532,0340047558809127cfbef95fc332f3ae1ce4145167192ddcfc30e1e5778e94dd,6cdc107d74673e37c7df639790cc54a38840d45e54832c27d5f4e3eef2c1d9de,0f7912b552d404bd2afc0c50b398eccb6ec3493c8dc6adb986eaf7a695a65091
2c4ed9b0c68945e8bedd004c832c1e8d,53,native_gfh,False,42,7.409283876419067,14.373060464859009,0.21116214990615845,0.3683990240097046,0.45388349890708923,18.596858978271484,0.2200966775417328,0.8330056071281433,935776c5b2404331cac1177962e46f803968bf8d225253e954747b3cde364e35,ee6a37170cae5f61e57265964271ed2f3c39c0652b0210a8acd3f6551dc07f0b,81411f7b72aef7095d519ac6763d0fc5cc3db6534681c59fc02d8f51868b0532,0340047558809127cfbef95fc332f3ae1ce4145167192ddcfc30e1e5778e94dd,6cdc107d74673e37c7df639790cc54a38840d45e54832c27d5f4e3eef2c1d9de,0f7912b552d404bd2afc0c50b398eccb6ec3493c8dc6adb986eaf7a695a65091
2c4ed9b0c68945e8bedd004c832c1e8d,53,native_gfl,False,42,7.3199546337127686,12.042434215545654,0.23379212617874146,0.22548744082450867,0.44370996952056885,18.76023530960083,0.22443602979183197,0.8215087056159973,935776c5b2404331cac1177962e46f803968bf8d225253e954747b3cde364e35,ee6a37170cae5f61e57265964271ed2f3c39c0652b0210a8acd3f6551dc07f0b,81411f7b72aef7095d519ac6763d0fc5cc3db6534681c59fc02d8f51868b0532,0340047558809127cfbef95fc332f3ae1ce4145167192ddcfc30e1e5778e94dd,6cdc107d74673e37c7df639790cc54a38840d45e54832c27d5f4e3eef2c1d9de,0f7912b552d404bd2afc0c50b398eccb6ec3493c8dc6adb986eaf7a695a65091
2c4ed9b0c68945e8bedd004c832c1e8d,53,no_adapter,False,42,7.15348744392395,5.950170159339905,0.2051297426223755,0.48829931020736694,0.38399559259414673,9.771784543991089,0.5668634176254272,0.7727410197257996,935776c5b2404331cac1177962e46f803968bf8d225253e954747b3cde364e35,ee6a37170cae5f61e57265964271ed2f3c39c0652b0210a8acd3f6551dc07f0b,81411f7b72aef7095d519ac6763d0fc5cc3db6534681c59fc02d8f51868b0532,0340047558809127cfbef95fc332f3ae1ce4145167192ddcfc30e1e5778e94dd,6cdc107d74673e37c7df639790cc54a38840d45e54832c27d5f4e3eef2c1d9de,0f7912b552d404bd2afc0c50b398eccb6ec3493c8dc6adb986eaf7a695a65091
2d8da64ae6734d0ca08eba1a011a03f3,54,native_gc3,False,42,7.511561870574951,11.23816728591919,0.3166176378726959,0.4689679443836212,0.49361807107925415,16.23955488204956,0.3098435699939728,0.792105495929718,03f54b202d97c39c3cb9b2df5638aeee07cd9ecd0d7705f6802a3ef64bc8123c,87e0d26bd4bc7020c8cd4fd823de8f3a2f54695f95978b4b54d2bd95d615f349,5121b1b8c9299039dce553df0bd07ed9a093034789827163841a3f5dbb4e041f,0340047558809127cfbef95fc332f3ae1ce4145167192ddcfc30e1e5778e94dd,97e324f05a8f186e728f63bd8dbba9bf2f35f538722880f9c91ee34193817b8a,a1f1a8298d77e7ea6bdc120c95c6b86066b3b5bb6dbffed6392cb358bbff733c
2d8da64ae6734d0ca08eba1a011a03f3,54,native_gfh,False,42,7.501344442367554,11.45815134048462,0.31396377086639404,0.5192031264305115,0.4998337924480438,16.17555022239685,0.3288852274417877,0.7973015904426575,03f54b202d97c39c3cb9b2df5638aeee07cd9ecd0d7705f6802a3ef64bc8123c,87e0d26bd4bc7020c8cd4fd823de8f3a2f54695f95978b4b54d2bd95d615f349,5121b1b8c9299039dce553df0bd07ed9a093034789827163841a3f5dbb4e041f,0340047558809127cfbef95fc332f3ae1ce4145167192ddcfc30e1e5778e94dd,97e324f05a8f186e728f63bd8dbba9bf2f35f538722880f9c91ee34193817b8a,a1f1a8298d77e7ea6bdc120c95c6b86066b3b5bb6dbffed6392cb358bbff733c
2d8da64ae6734d0ca08eba1a011a03f3,54,native_gfl,False,42,7.403975248336792,11.027753353118896,0.3229045271873474,0.40280333161354065,0.49663448333740234,16.026679277420044,0.31667330861091614,0.7850850820541382,03f54b202d97c39c3cb9b2df5638aeee07cd9ecd0d7705f6802a3ef64bc8123c,87e0d26bd4bc7020c8cd4fd823de8f3a2f54695f95978b4b54d2bd95d615f349,5121b1b8c9299039dce553df0bd07ed9a093034789827163841a3f5dbb4e041f,0340047558809127cfbef95fc332f3ae1ce4145167192ddcfc30e1e5778e94dd,97e324f05a8f186e728f63bd8dbba9bf2f35f538722880f9c91ee34193817b8a,a1f1a8298d77e7ea6bdc120c95c6b86066b3b5bb6dbffed6392cb358bbff733c
2d8da64ae6734d0ca08eba1a011a03f3,54,no_adapter,False,42,7.209118843078613,7.190248966217041,0.34861230850219727,0.45885348320007324,0.3809410333633423,9.116764068603516,0.6729701161384583,0.6327177882194519,03f54b202d97c39c3cb9b2df5638aeee07cd9ecd0d7705f6802a3ef64bc8123c,87e0d26bd4bc7020c8cd4fd823de8f3a2f54695f95978b4b54d2bd95d615f349,5121b1b8c9299039dce553df0bd07ed9a093034789827163841a3f5dbb4e041f,0340047558809127cfbef95fc332f3ae1ce4145167192ddcfc30e1e5778e94dd,97e324f05a8f186e728f63bd8dbba9bf2f35f538722880f9c91ee34193817b8a,a1f1a8298d77e7ea6bdc120c95c6b86066b3b5bb6dbffed6392cb358bbff733c
2dd9bc8172c6461797947cc7214db399,55,native_gc3,False,42,7.396403074264526,12.83362865447998,0.2472703754901886,0.2946781516075134,0.4963761568069458,18.71435284614563,0.21528100967407227,0.7861657738685608,4113c4bf8b95d35c9f3ce144bb090c69bd4a1203109a031c829aeab228995ace,6f85965316f8df984cf5c261b5aaf264cda0d5905fff3d8456e3b6f5f5dde2d9,60f1588b0a0f864acc08063024572b3c42c51d26f5a0e144d6310536082a70f3,0340047558809127cfbef95fc332f3ae1ce4145167192ddcfc30e1e5778e94dd,b9cf399e143b2867d6fe9aaeeb3996e05668efeffbe73db2108c1ec2c877bcc4,fde34cba2cb34244659a50ffcf658850222119c3ebd3397ad22dbf06a4202ae2
2dd9bc8172c6461797947cc7214db399,55,native_gfh,False,42,7.410340785980225,13.278113603591919,0.2203795611858368,0.3320108950138092,0.5238224864006042,18.18315625190735,0.20914188027381897,0.7859296202659607,4113c4bf8b95d35c9f3ce144bb090c69bd4a1203109a031c829aeab228995ace,6f85965316f8df984cf5c261b5aaf264cda0d5905fff3d8456e3b6f5f5dde2d9,60f1588b0a0f864acc08063024572b3c42c51d26f5a0e144d6310536082a70f3,0340047558809127cfbef95fc332f3ae1ce4145167192ddcfc30e1e5778e94dd,b9cf399e143b2867d6fe9aaeeb3996e05668efeffbe73db2108c1ec2c877bcc4,fde34cba2cb34244659a50ffcf658850222119c3ebd3397ad22dbf06a4202ae2
2dd9bc8172c6461797947cc7214db399,55,native_gfl,False,42,7.313675403594971,12.54617691040039,0.2608586549758911,0.28386667370796204,0.49696582555770874,18.641477823257446,0.21834442019462585,0.7814587950706482,4113c4bf8b95d35c9f3ce144bb090c69bd4a1203109a031c829aeab228995ace,6f85965316f8df984cf5c261b5aaf264cda0d5905fff3d8456e3b6f5f5dde2d9,60f1588b0a0f864acc08063024572b3c42c51d26f5a0e144d6310536082a70f3,0340047558809127cfbef95fc332f3ae1ce4145167192ddcfc30e1e5778e94dd,b9cf399e143b2867d6fe9aaeeb3996e05668efeffbe73db2108c1ec2c877bcc4,fde34cba2cb34244659a50ffcf658850222119c3ebd3397ad22dbf06a4202ae2
2dd9bc8172c6461797947cc7214db399,55,no_adapter,False,42,7.085637092590332,6.527062654495239,0.34458017349243164,0.288700670003891,0.4069029986858368,8.79307210445404,0.6863541007041931,0.6535560488700867,4113c4bf8b95d35c9f3ce144bb090c69bd4a1203109a031c829aeab228995ace,6f85965316f8df984cf5c261b5aaf264cda0d5905fff3d8456e3b6f5f5dde2d9,60f1588b0a0f864acc08063024572b3c42c51d26f5a0e144d6310536082a70f3,0340047558809127cfbef95fc332f3ae1ce4145167192ddcfc30e1e5778e94dd,b9cf399e143b2867d6fe9aaeeb3996e05668efeffbe73db2108c1ec2c877bcc4,fde34cba2cb34244659a50ffcf658850222119c3ebd3397ad22dbf06a4202ae2
2e63042e5da54bd1ab9a122ad3b987b9,56,native_gc3,False,42,7.602673292160034,14.166678190231323,0.17835356295108795,0.5593608617782593,0.5481281280517578,20.813541412353516,0.17073002457618713,0.8738861083984375,8134b41e4018fd0cdc491bc9dde56de95f33d4fe28a8231a376387230479a935,795418a790ceea7cdc73ab94aba728739f6cb92a7ab56d5fea37efbe032fd7b0,3ba4c15da38aba3b251dfb5ed1e3cbe0c85b0a5a33bdc229eeac05ba5c99c61a,0340047558809127cfbef95fc332f3ae1ce4145167192ddcfc30e1e5778e94dd,46a65228f22208a2aecaf36023daecaf83fd44fdef1fe07c6d47ad4b15bf6ae5,bedd4365c14bd8d3ba87d4bba0843d87701121c0da8507893210f3aedfb8c2da
2e63042e5da54bd1ab9a122ad3b987b9,56,native_gfh,False,42,7.5040223598480225,16.98957085609436,0.1512666642665863,0.6141139268875122,0.5997607111930847,20.535283088684082,0.15011517703533173,0.873701810836792,8134b41e4018fd0cdc491bc9dde56de95f33d4fe28a8231a376387230479a935,795418a790ceea7cdc73ab94aba728739f6cb92a7ab56d5fea37efbe032fd7b0,3ba4c15da38aba3b251dfb5ed1e3cbe0c85b0a5a33bdc229eeac05ba5c99c61a,0340047558809127cfbef95fc332f3ae1ce4145167192ddcfc30e1e5778e94dd,46a65228f22208a2aecaf36023daecaf83fd44fdef1fe07c6d47ad4b15bf6ae5,bedd4365c14bd8d3ba87d4bba0843d87701121c0da8507893210f3aedfb8c2da
2e63042e5da54bd1ab9a122ad3b987b9,56,native_gfl,False,42,7.456097602844238,12.331799268722534,0.1918737292289734,0.5211436748504639,0.5375878810882568,19.616111516952515,0.18085549771785736,0.8656817674636841,8134b41e4018fd0cdc491bc9dde56de95f33d4fe28a8231a376387230479a935,795418a790ceea7cdc73ab94aba728739f6cb92a7ab56d5fea37efbe032fd7b0,3ba4c15da38aba3b251dfb5ed1e3cbe0c85b0a5a33bdc229eeac05ba5c99c61a,0340047558809127cfbef95fc332f3ae1ce4145167192ddcfc30e1e5778e94dd,46a65228f22208a2aecaf36023daecaf83fd44fdef1fe07c6d47ad4b15bf6ae5,bedd4365c14bd8d3ba87d4bba0843d87701121c0da8507893210f3aedfb8c2da
2e63042e5da54bd1ab9a122ad3b987b9,56,no_adapter,False,42,7.166535377502441,10.473817586898804,0.22341549396514893,0.616312563419342,0.5219736099243164,11.1307692527771,0.6752377152442932,0.7344793081283569,8134b41e4018fd0cdc491bc9dde56de95f33d4fe28a8231a376387230479a935,795418a790ceea7cdc73ab94aba728739f6cb92a7ab56d5fea37efbe032fd7b0,3ba4c15da38aba3b251dfb5ed1e3cbe0c85b0a5a33bdc229eeac05ba5c99c61a,0340047558809127cfbef95fc332f3ae1ce4145167192ddcfc30e1e5778e94dd,46a65228f22208a2aecaf36023daecaf83fd44fdef1fe07c6d47ad4b15bf6ae5,bedd4365c14bd8d3ba87d4bba0843d87701121c0da8507893210f3aedfb8c2da
2e8e044c740b43438b68da67cfafcae4,57,native_gc3,False,42,7.401448011398315,8.052210211753845,0.17948441207408905,0.27414315938949585,0.4480624496936798,17.590484619140625,0.1999710202217102,0.8596062064170837,3b5b7e3ba86a2c3c6d9da6ad91f43af6c288fa78618f1e41dcca02f292fd7a34,6a185fb346c64967b0e9bc23cbcc975984b3b0672b7ab0c71278a7f81736fa05,c6efd1fc55f15abcc13e68437343ce03c3fb29b535e75affe5d7a75432ae267c,0340047558809127cfbef95fc332f3ae1ce4145167192ddcfc30e1e5778e94dd,9bca900a7937f7ce3fba2f4022c41d8122120193324a9ff56de933bd301112dd,8958f68366ba6632b962cdb4bbb975b1e1970491d73aeb6f8a7c035e806b6d98
2e8e044c740b43438b68da67cfafcae4,57,native_gfh,False,42,7.398615598678589,9.830743670463562,0.17417845129966736,0.3039114475250244,0.44807085394859314,17.372634410858154,0.20932939648628235,0.8534938097000122,3b5b7e3ba86a2c3c6d9da6ad91f43af6c288fa78618f1e41dcca02f292fd7a34,6a185fb346c64967b0e9bc23cbcc975984b3b0672b7ab0c71278a7f81736fa05,c6efd1fc55f15abcc13e68437343ce03c3fb29b535e75affe5d7a75432ae267c,0340047558809127cfbef95fc332f3ae1ce4145167192ddcfc30e1e5778e94dd,9bca900a7937f7ce3fba2f4022c41d8122120193324a9ff56de933bd301112dd,8958f68366ba6632b962cdb4bbb975b1e1970491d73aeb6f8a7c035e806b6d98
2e8e044c740b43438b68da67cfafcae4,57,native_gfl,False,42,7.540660619735718,7.400974631309509,0.1838597059249878,0.2615300118923187,0.4526568353176117,17.21861243247986,0.2308400571346283,0.8533968329429626,3b5b7e3ba86a2c3c6d9da6ad91f43af6c288fa78618f1e41dcca02f292fd7a34,6a185fb346c64967b0e9bc23cbcc975984b3b0672b7ab0c71278a7f81736fa05,c6efd1fc55f15abcc13e68437343ce03c3fb29b535e75affe5d7a75432ae267c,0340047558809127cfbef95fc332f3ae1ce4145167192ddcfc30e1e5778e94dd,9bca900a7937f7ce3fba2f4022c41d8122120193324a9ff56de933bd301112dd,8958f68366ba6632b962cdb4bbb975b1e1970491d73aeb6f8a7c035e806b6d98
2e8e044c740b43438b68da67cfafcae4,57,no_adapter,False,42,7.202704429626465,7.509558796882629,0.17947562038898468,0.3775685429573059,0.3710693418979645,10.349820852279663,0.6280087828636169,0.7342246174812317,3b5b7e3ba86a2c3c6d9da6ad91f43af6c288fa78618f1e41dcca02f292fd7a34,6a185fb346c64967b0e9bc23cbcc975984b3b0672b7ab0c71278a7f81736fa05,c6efd1fc55f15abcc13e68437343ce03c3fb29b535e75affe5d7a75432ae267c,0340047558809127cfbef95fc332f3ae1ce4145167192ddcfc30e1e5778e94dd,9bca900a7937f7ce3fba2f4022c41d8122120193324a9ff56de933bd301112dd,8958f68366ba6632b962cdb4bbb975b1e1970491d73aeb6f8a7c035e806b6d98
2efdab1dd7854cff9dbffa1791bbdaa8,58,native_gc3,False,42,7.541245698928833,10.092428922653198,0.2598290741443634,0.31789302825927734,0.38676902651786804,15.528359413146973,0.2586238980293274,0.7663336992263794,4881f75657b39d3c509fa25a760f0e21dd167f431fe656cf875049142138c004,9377cf3304c59ba043e8364fe5b56fe01dfb679a8c8b23c45f0f3a41a2417977,234e833f0f4f412b78f48fe9dbd4f79f9f723f82b3841459ea70c3d0a0c15d9c,0340047558809127cfbef95fc332f3ae1ce4145167192ddcfc30e1e5778e94dd,bd770501423b3e69838a192141089cb29c827fcd238d17f15f26db10b08520c9,2daf08649e034ba0e2939b35b3d2e2c0ceda9fd960167587706837f6e8c015fa
2efdab1dd7854cff9dbffa1791bbdaa8,58,native_gfh,False,42,7.548811197280884,9.871104955673218,0.25703033804893494,0.3761204779148102,0.40895572304725647,14.990174770355225,0.27580201625823975,0.7722349166870117,4881f75657b39d3c509fa25a760f0e21dd167f431fe656cf875049142138c004,9377cf3304c59ba043e8364fe5b56fe01dfb679a8c8b23c45f0f3a41a2417977,234e833f0f4f412b78f48fe9dbd4f79f9f723f82b3841459ea70c3d0a0c15d9c,0340047558809127cfbef95fc332f3ae1ce4145167192ddcfc30e1e5778e94dd,bd770501423b3e69838a192141089cb29c827fcd238d17f15f26db10b08520c9,2daf08649e034ba0e2939b35b3d2e2c0ceda9fd960167587706837f6e8c015fa
2efdab1dd7854cff9dbffa1791bbdaa8,58,native_gfl,False,42,7.334909200668335,10.524874925613403,0.2554503083229065,0.28970715403556824,0.3832741677761078,15.971286296844482,0.2489449679851532,0.7607377171516418,4881f75657b39d3c509fa25a760f0e21dd167f431fe656cf875049142138c004,9377cf3304c59ba043e8364fe5b56fe01dfb679a8c8b23c45f0f3a41a2417977,234e833f0f4f412b78f48fe9dbd4f79f9f723f82b3841459ea70c3d0a0c15d9c,0340047558809127cfbef95fc332f3ae1ce4145167192ddcfc30e1e5778e94dd,bd770501423b3e69838a192141089cb29c827fcd238d17f15f26db10b08520c9,2daf08649e034ba0e2939b35b3d2e2c0ceda9fd960167587706837f6e8c015fa
2efdab1dd7854cff9dbffa1791bbdaa8,58,no_adapter,False,42,7.080345392227173,4.426977634429932,0.31451693177223206,0.3942800760269165,0.36225390434265137,7.331075668334961,0.6476148962974548,0.6591238379478455,4881f75657b39d3c509fa25a760f0e21dd167f431fe656cf875049142138c004,9377cf3304c59ba043e8364fe5b56fe01dfb679a8c8b23c45f0f3a41a2417977,234e833f0f4f412b78f48fe9dbd4f79f9f723f82b3841459ea70c3d0a0c15d9c,0340047558809127cfbef95fc332f3ae1ce4145167192ddcfc30e1e5778e94dd,bd770501423b3e69838a192141089cb29c827fcd238d17f15f26db10b08520c9,2daf08649e034ba0e2939b35b3d2e2c0ceda9fd960167587706837f6e8c015fa
2f622128d566435a97564781735e0ab4,59,native_gc3,False,42,7.5073630809783936,8.637582659721375,0.18695756793022156,0.328323096036911,0.4433622360229492,15.259754657745361,0.20989790558815002,0.812795877456665,a6d3e663ffef9ce34116cf94a7f2cc6fff622ecc827490fb9ff84240f465d498,7f215a2f1e875dd4a860260da843efd7cd1addff136f8ac446e69193960aa8f6,54724914959bb5e038265245493a12422240650f049d83930848199f5ff18635,0340047558809127cfbef95fc332f3ae1ce4145167192ddcfc30e1e5778e94dd,51a96c862d99811930f31cbf660ee6deeb862fce1385d366ef2c4792097834b8,3db0353fe00dde2100030413a3f53de4daf69095162d743569663084a5c5292c
2f622128d566435a97564781735e0ab4,59,native_gfh,False,42,7.481714487075806,7.697632908821106,0.19667597115039825,0.34990522265434265,0.43902501463890076,14.034425020217896,0.2230672836303711,0.8002975583076477,a6d3e663ffef9ce34116cf94a7f2cc6fff622ecc827490fb9ff84240f465d498,7f215a2f1e875dd4a860260da843efd7cd1addff136f8ac446e69193960aa8f6,54724914959bb5e038265245493a12422240650f049d83930848199f5ff18635,0340047558809127cfbef95fc332f3ae1ce4145167192ddcfc30e1e5778e94dd,51a96c862d99811930f31cbf660ee6deeb862fce1385d366ef2c4792097834b8,3db0353fe00dde2100030413a3f53de4daf69095162d743569663084a5c5292c
2f622128d566435a97564781735e0ab4,59,native_gfl,False,42,7.452360391616821,10.241572856903076,0.18328362703323364,0.3520442843437195,0.45248663425445557,16.78123950958252,0.20566222071647644,0.821478009223938,a6d3e663ffef9ce34116cf94a7f2cc6fff622ecc827490fb9ff84240f465d498,7f215a2f1e875dd4a860260da843efd7cd1addff136f8ac446e69193960aa8f6,54724914959bb5e038265245493a12422240650f049d83930848199f5ff18635,0340047558809127cfbef95fc332f3ae1ce4145167192ddcfc30e1e5778e94dd,51a96c862d99811930f31cbf660ee6deeb862fce1385d366ef2c4792097834b8,3db0353fe00dde2100030413a3f53de4daf69095162d743569663084a5c5292c
2f622128d566435a97564781735e0ab4,59,no_adapter,False,42,7.19259238243103,2.6271533966064453,0.24414470791816711,0.27263274788856506,0.36135953664779663,6.9110411405563354,0.6476297974586487,0.6379088163375854,a6d3e663ffef9ce34116cf94a7f2cc6fff622ecc827490fb9ff84240f465d498,7f215a2f1e875dd4a860260da843efd7cd1addff136f8ac446e69193960aa8f6,54724914959bb5e038265245493a12422240650f049d83930848199f5ff18635,0340047558809127cfbef95fc332f3ae1ce4145167192ddcfc30e1e5778e94dd,51a96c862d99811930f31cbf660ee6deeb862fce1385d366ef2c4792097834b8,3db0353fe00dde2100030413a3f53de4daf69095162d743569663084a5c5292c
2f6c94487ee54cb88021f4643409d849,60,native_gc3,False,42,7.460849046707153,9.860113859176636,0.145666241645813,0.2333497405052185,0.411140114068985,17.524038553237915,0.1656695157289505,0.8274317383766174,c1951d405af5238594edb86588877a852605f5b3fe549fe9160feda31b9eb21c,766d8833d62b0c3ac788bf24c406cd664f4c794dca08ac117427c6fe8aedcd28,b4ff39f74cbbebe8ffc90c3fc2501002da9d6fea5d4df9b781ed16b8330eba4a,0340047558809127cfbef95fc332f3ae1ce4145167192ddcfc30e1e5778e94dd,404b85f6b5050679bc309ad05b053d76a28f64787deb1ee430df8c77d25cd887,1fd63b8a2b2fbf630a5b6d897b3ad405dfc257e88f9acd68213a9dcbb0705555
2f6c94487ee54cb88021f4643409d849,60,native_gfh,False,42,7.288897514343262,8.744297623634338,0.15200859308242798,0.237211212515831,0.40342849493026733,16.060266494750977,0.16841819882392883,0.825603723526001,c1951d405af5238594edb86588877a852605f5b3fe549fe9160feda31b9eb21c,766d8833d62b0c3ac788bf24c406cd664f4c794dca08ac117427c6fe8aedcd28,b4ff39f74cbbebe8ffc90c3fc2501002da9d6fea5d4df9b781ed16b8330eba4a,0340047558809127cfbef95fc332f3ae1ce4145167192ddcfc30e1e5778e94dd,404b85f6b5050679bc309ad05b053d76a28f64787deb1ee430df8c77d25cd887,1fd63b8a2b2fbf630a5b6d897b3ad405dfc257e88f9acd68213a9dcbb0705555
2f6c94487ee54cb88021f4643409d849,60,native_gfl,False,42,7.288636207580566,10.866870880126953,0.1425226479768753,0.24053072929382324,0.41594061255455017,18.47461462020874,0.17664377391338348,0.8252735137939453,c1951d405af5238594edb86588877a852605f5b3fe549fe9160feda31b9eb21c,766d8833d62b0c3ac788bf24c406cd664f4c794dca08ac117427c6fe8aedcd28,b4ff39f74cbbebe8ffc90c3fc2501002da9d6fea5d4df9b781ed16b8330eba4a,0340047558809127cfbef95fc332f3ae1ce4145167192ddcfc30e1e5778e94dd,404b85f6b5050679bc309ad05b053d76a28f64787deb1ee430df8c77d25cd887,1fd63b8a2b2fbf630a5b6d897b3ad405dfc257e88f9acd68213a9dcbb0705555
2f6c94487ee54cb88021f4643409d849,60,no_adapter,False,42,7.066023588180542,3.2337433099746704,0.20896509289741516,0.17526404559612274,0.3330020308494568,8.454412817955017,0.6340793371200562,0.6778678894042969,c1951d405af5238594edb86588877a852605f5b3fe549fe9160feda31b9eb21c,766d8833d62b0c3ac788bf24c406cd664f4c794dca08ac117427c6fe8aedcd28,b4ff39f74cbbebe8ffc90c3fc2501002da9d6fea5d4df9b781ed16b8330eba4a,0340047558809127cfbef95fc332f3ae1ce4145167192ddcfc30e1e5778e94dd,404b85f6b5050679bc309ad05b053d76a28f64787deb1ee430df8c77d25cd887,1fd63b8a2b2fbf630a5b6d897b3ad405dfc257e88f9acd68213a9dcbb0705555
2fe417ae929f45d790093c1676306578,61,native_gc3,False,42,7.467854738235474,14.21235203742981,0.15696796774864197,0.5559947490692139,0.5589330792427063,21.593806743621826,0.16932716965675354,0.8799630403518677,42c9a653324584c58fd82e776cefbd43fefa8f21f8a63f4dfdc70d29d60edcda,c4bb1d25435de6cef38ad2105dd05c87cddb74a97f33a5e79e3735509600b573,57644d6d555786fae220c12e53d9b632890e2a45d1e0c701808ffcac2c1ee197,0340047558809127cfbef95fc332f3ae1ce4145167192ddcfc30e1e5778e94dd,49c48f57f3d61a24a3ca514e903f9104ea2350d094576d0a046dcf6852d0a3aa,ff3dd086c2e00c0769c48eb49f99d7a272ae6b338186538e1c89311c2486490f
2fe417ae929f45d790093c1676306578,61,native_gfh,False,42,7.411675691604614,15.858404636383057,0.14468702673912048,0.6176084280014038,0.5944041609764099,20.554661750793457,0.1556754857301712,0.8762878179550171,42c9a653324584c58fd82e776cefbd43fefa8f21f8a63f4dfdc70d29d60edcda,c4bb1d25435de6cef38ad2105dd05c87cddb74a97f33a5e79e3735509600b573,57644d6d555786fae220c12e53d9b632890e2a45d1e0c701808ffcac2c1ee197,0340047558809127cfbef95fc332f3ae1ce4145167192ddcfc30e1e5778e94dd,49c48f57f3d61a24a3ca514e903f9104ea2350d094576d0a046dcf6852d0a3aa,ff3dd086c2e00c0769c48eb49f99d7a272ae6b338186538e1c89311c2486490f
2fe417ae929f45d790093c1676306578,61,native_gfl,False,42,7.432008743286133,12.99350619316101,0.16234101355075836,0.5381892919540405,0.5553829073905945,20.70286750793457,0.1711648553609848,0.8750488758087158,42c9a653324584c58fd82e776cefbd43fefa8f21f8a63f4dfdc70d29d60edcda,c4bb1d25435de6cef38ad2105dd05c87cddb74a97f33a5e79e3735509600b573,57644d6d555786fae220c12e53d9b632890e2a45d1e0c701808ffcac2c1ee197,0340047558809127cfbef95fc332f3ae1ce4145167192ddcfc30e1e5778e94dd,49c48f57f3d61a24a3ca514e903f9104ea2350d094576d0a046dcf6852d0a3aa,ff3dd086c2e00c0769c48eb49f99d7a272ae6b338186538e1c89311c2486490f
2fe417ae929f45d790093c1676306578,61,no_adapter,False,42,7.192739009857178,8.424515724182129,0.16686423122882843,0.6902692914009094,0.5586098432540894,11.24423623085022,0.5777174830436707,0.7982714176177979,42c9a653324584c58fd82e776cefbd43fefa8f21f8a63f4dfdc70d29d60edcda,c4bb1d25435de6cef38ad2105dd05c87cddb74a97f33a5e79e3735509600b573,57644d6d555786fae220c12e53d9b632890e2a45d1e0c701808ffcac2c1ee197,0340047558809127cfbef95fc332f3ae1ce4145167192ddcfc30e1e5778e94dd,49c48f57f3d61a24a3ca514e903f9104ea2350d094576d0a046dcf6852d0a3aa,ff3dd086c2e00c0769c48eb49f99d7a272ae6b338186538e1c89311c2486490f
304eb0d8c95347d3b89423e74e62d412,62,native_gc3,False,42,7.5221147537231445,12.416855096817017,0.11400273442268372,0.23418369889259338,0.46521079540252686,19.93405818939209,0.1476922184228897,0.8592748641967773,76c0e7dbae5b7f4fb8d6d0694b7917fa8b9bbf3c9ab0e0401c02241ce987981e,ff05992128794103c94da24c27189af72dc1b3f5fd224e9cab83f997db8dce4d,81dbcfb4856d01bdcd1069ed033b1e8e6a8232a1d4feb7c034ab7a3e2561e2e2,0340047558809127cfbef95fc332f3ae1ce4145167192ddcfc30e1e5778e94dd,6a0566ea5d7cacd36fdfdc8422336939ecb0b8f2e575fd0b195ac2eb08034506,ee0ab16bd92db59e7f1b28e69ee6a9647769cf7a5048db0d71edd98ebaf73edd
304eb0d8c95347d3b89423e74e62d412,62,native_gfh,False,42,7.347124338150024,13.301119804382324,0.10804440081119537,0.2568579912185669,0.47882694005966187,18.953253030776978,0.13791707158088684,0.8591521382331848,76c0e7dbae5b7f4fb8d6d0694b7917fa8b9bbf3c9ab0e0401c02241ce987981e,ff05992128794103c94da24c27189af72dc1b3f5fd224e9cab83f997db8dce4d,81dbcfb4856d01bdcd1069ed033b1e8e6a8232a1d4feb7c034ab7a3e2561e2e2,0340047558809127cfbef95fc332f3ae1ce4145167192ddcfc30e1e5778e94dd,6a0566ea5d7cacd36fdfdc8422336939ecb0b8f2e575fd0b195ac2eb08034506,ee0ab16bd92db59e7f1b28e69ee6a9647769cf7a5048db0d71edd98ebaf73edd
304eb0d8c95347d3b89423e74e62d412,62,native_gfl,False,42,7.470044851303101,12.28200912475586,0.11545925587415695,0.231898233294487,0.4658455550670624,20.26573896408081,0.15705139935016632,0.8557103276252747,76c0e7dbae5b7f4fb8d6d0694b7917fa8b9bbf3c9ab0e0401c02241ce987981e,ff05992128794103c94da24c27189af72dc1b3f5fd224e9cab83f997db8dce4d,81dbcfb4856d01bdcd1069ed033b1e8e6a8232a1d4feb7c034ab7a3e2561e2e2,0340047558809127cfbef95fc332f3ae1ce4145167192ddcfc30e1e5778e94dd,6a0566ea5d7cacd36fdfdc8422336939ecb0b8f2e575fd0b195ac2eb08034506,ee0ab16bd92db59e7f1b28e69ee6a9647769cf7a5048db0d71edd98ebaf73edd
304eb0d8c95347d3b89423e74e62d412,62,no_adapter,False,42,7.078583717346191,5.649657845497131,0.16859030723571777,0.18429559469223022,0.39161351323127747,9.489022493362427,0.6537493467330933,0.6922494173049927,76c0e7dbae5b7f4fb8d6d0694b7917fa8b9bbf3c9ab0e0401c02241ce987981e,ff05992128794103c94da24c27189af72dc1b3f5fd224e9cab83f997db8dce4d,81dbcfb4856d01bdcd1069ed033b1e8e6a8232a1d4feb7c034ab7a3e2561e2e2,0340047558809127cfbef95fc332f3ae1ce4145167192ddcfc30e1e5778e94dd,6a0566ea5d7cacd36fdfdc8422336939ecb0b8f2e575fd0b195ac2eb08034506,ee0ab16bd92db59e7f1b28e69ee6a9647769cf7a5048db0d71edd98ebaf73edd
30ddfb8dabbb43798be21a39f8f4a94c,63,native_gc3,False,42,7.465867519378662,9.737609624862671,0.3258213698863983,0.3858148455619812,0.3746717870235443,14.89824652671814,0.34245622158050537,0.7595410346984863,bc07ef8fbdaae30d014e4480dec47eb9e12c16ca403220d5469b1f983317a291,273acfb5cbcd48c432a2b84043ae484368de907c51545b160f8ab102456b764f,251939441a3149c7496a52feee7283d16c688d385d88a8bc5ef168e477ab2570,0340047558809127cfbef95fc332f3ae1ce4145167192ddcfc30e1e5778e94dd,5ca77e7fc5996d9a3bfcc712aef02896aed60807c6cbd4104151638587801dcf,0a8439dec980511afffc37feae0010040394bbc2c2b2a3428e7300f9d029935f
30ddfb8dabbb43798be21a39f8f4a94c,63,native_gfh,False,42,7.483625888824463,9.159408211708069,0.3229069113731384,0.43790727853775024,0.3790358901023865,14.059391021728516,0.3591684103012085,0.758515477180481,bc07ef8fbdaae30d014e4480dec47eb9e12c16ca403220d5469b1f983317a291,273acfb5cbcd48c432a2b84043ae484368de907c51545b160f8ab102456b764f,251939441a3149c7496a52feee7283d16c688d385d88a8bc5ef168e477ab2570,0340047558809127cfbef95fc332f3ae1ce4145167192ddcfc30e1e5778e94dd,5ca77e7fc5996d9a3bfcc712aef02896aed60807c6cbd4104151638587801dcf,0a8439dec980511afffc37feae0010040394bbc2c2b2a3428e7300f9d029935f
30ddfb8dabbb43798be21a39f8f4a94c,63,native_gfl,False,42,7.5943543910980225,10.145524740219116,0.3177918791770935,0.31895989179611206,0.3799518048763275,15.284830331802368,0.34234949946403503,0.7515671849250793,bc07ef8fbdaae30d014e4480dec47eb9e12c16ca403220d5469b1f983317a291,273acfb5cbcd48c432a2b84043ae484368de907c51545b160f8ab102456b764f,251939441a3149c7496a52feee7283d16c688d385d88a8bc5ef168e477ab2570,0340047558809127cfbef95fc332f3ae1ce4145167192ddcfc30e1e5778e94dd,5ca77e7fc5996d9a3bfcc712aef02896aed60807c6cbd4104151638587801dcf,0a8439dec980511afffc37feae0010040394bbc2c2b2a3428e7300f9d029935f
30ddfb8dabbb43798be21a39f8f4a94c,63,no_adapter,False,42,7.245527744293213,4.405863285064697,0.3539806604385376,0.48517587780952454,0.33451688289642334,7.4629539251327515,0.684966504573822,0.6649190187454224,bc07ef8fbdaae30d014e4480dec47eb9e12c16ca403220d5469b1f983317a291,273acfb5cbcd48c432a2b84043ae484368de907c51545b160f8ab102456b764f,251939441a3149c7496a52feee7283d16c688d385d88a8bc5ef168e477ab2570,0340047558809127cfbef95fc332f3ae1ce4145167192ddcfc30e1e5778e94dd,5ca77e7fc5996d9a3bfcc712aef02896aed60807c6cbd4104151638587801dcf,0a8439dec980511afffc37feae0010040394bbc2c2b2a3428e7300f9d029935f
32d71367c1ff421ca80fe121723b1fc0,64,native_gc3,False,42,7.340015172958374,10.472793579101562,0.11904418468475342,0.2790052592754364,0.46269306540489197,19.63431715965271,0.1505623161792755,0.8760293126106262,0d66b27489bffcb6ac1f23f85d1d393179bd58dc375e17b059c26f7e260f225f,e83fbb038270cab5a25e8a1d29109e52a305c0d24aeda58293ff969b7db8200b,dad2034c94bba778ae37174dc5a2dc2181c0e00905d73430aff4ad37f99a6ba9,0340047558809127cfbef95fc332f3ae1ce4145167192ddcfc30e1e5778e94dd,5e9c73f79f72b88a6f617c8ca776f14794e637aa60309be4a3572a2b142d49ad,3f9d1591e19b7cd4bdc5391316837f9033e73354af55402bd38e84067b633565
32d71367c1ff421ca80fe121723b1fc0,64,native_gfh,False,42,7.316352844238281,11.835590600967407,0.11418327689170837,0.307771772146225,0.48665323853492737,18.52322220802307,0.1504233479499817,0.8710806965827942,0d66b27489bffcb6ac1f23f85d1d393179bd58dc375e17b059c26f7e260f225f,e83fbb038270cab5a25e8a1d29109e52a305c0d24aeda58293ff969b7db8200b,dad2034c94bba778ae37174dc5a2dc2181c0e00905d73430aff4ad37f99a6ba9,0340047558809127cfbef95fc332f3ae1ce4145167192ddcfc30e1e5778e94dd,5e9c73f79f72b88a6f617c8ca776f14794e637aa60309be4a3572a2b142d49ad,3f9d1591e19b7cd4bdc5391316837f9033e73354af55402bd38e84067b633565
32d71367c1ff421ca80fe121723b1fc0,64,native_gfl,False,42,7.368503093719482,9.982489943504333,0.11916786432266235,0.2819226086139679,0.45974573493003845,19.569953680038452,0.15881814062595367,0.8729932904243469,0d66b27489bffcb6ac1f23f85d1d393179bd58dc375e17b059c26f7e260f225f,e83fbb038270cab5a25e8a1d29109e52a305c0d24aeda58293ff969b7db8200b,dad2034c94bba778ae37174dc5a2dc2181c0e00905d73430aff4ad37f99a6ba9,0340047558809127cfbef95fc332f3ae1ce4145167192ddcfc30e1e5778e94dd,5e9c73f79f72b88a6f617c8ca776f14794e637aa60309be4a3572a2b142d49ad,3f9d1591e19b7cd4bdc5391316837f9033e73354af55402bd38e84067b633565
32d71367c1ff421ca80fe121723b1fc0,64,no_adapter,False,42,7.072831392288208,5.967750549316406,0.1418471783399582,0.30240151286125183,0.4270087778568268,10.516717433929443,0.6242783069610596,0.7363899350166321,0d66b27489bffcb6ac1f23f85d1d393179bd58dc375e17b059c26f7e260f225f,e83fbb038270cab5a25e8a1d29109e52a305c0d24aeda58293ff969b7db8200b,dad2034c94bba778ae37174dc5a2dc2181c0e00905d73430aff4ad37f99a6ba9,0340047558809127cfbef95fc332f3ae1ce4145167192ddcfc30e1e5778e94dd,5e9c73f79f72b88a6f617c8ca776f14794e637aa60309be4a3572a2b142d49ad,3f9d1591e19b7cd4bdc5391316837f9033e73354af55402bd38e84067b633565
35e3c1c992dd4e7c9677a341a66db6bf,65,native_gc3,False,42,7.452737092971802,11.252127885818481,0.13439510762691498,0.4143836796283722,0.4774850904941559,18.852063417434692,0.14349399507045746,0.87517249584198,c12d03cbb44d36f9ac3b8f26480b47cc921b8e41ea739d6b919e3733c8c3ee41,0eb2bbb9730858929551b698cd029e609e399fbc7b6194a253ebf689e3aaf78d,5184569536685e93648337298e0e2d836d735865e933f151a673471432e1fe3e,0340047558809127cfbef95fc332f3ae1ce4145167192ddcfc30e1e5778e94dd,afcc3533a3cb9e0d38414667ac7d4dc0b2a7a336c5f40762ec25e681991aa6db,9afdfd0d5c1d1c6453fae909de17f46e7bdab5b8ef796becd4c6f8f2b19c3def
35e3c1c992dd4e7c9677a341a66db6bf,65,native_gfh,False,42,7.464123487472534,11.957887411117554,0.13644468784332275,0.46605393290519714,0.5032685995101929,18.23371648788452,0.15284672379493713,0.8636696338653564,c12d03cbb44d36f9ac3b8f26480b47cc921b8e41ea739d6b919e3733c8c3ee41,0eb2bbb9730858929551b698cd029e609e399fbc7b6194a253ebf689e3aaf78d,5184569536685e93648337298e0e2d836d735865e933f151a673471432e1fe3e,0340047558809127cfbef95fc332f3ae1ce4145167192ddcfc30e1e5778e94dd,afcc3533a3cb9e0d38414667ac7d4dc0b2a7a336c5f40762ec25e681991aa6db,9afdfd0d5c1d1c6453fae909de17f46e7bdab5b8ef796becd4c6f8f2b19c3def
35e3c1c992dd4e7c9677a341a66db6bf,65,native_gfl,False,42,7.4736008644104,10.548133850097656,0.1311224400997162,0.39562714099884033,0.4663333296775818,18.49279284477234,0.1412089467048645,0.8726749420166016,c12d03cbb44d36f9ac3b8f26480b47cc921b8e41ea739d6b919e3733c8c3ee41,0eb2bbb9730858929551b698cd029e609e399fbc7b6194a253ebf689e3aaf78d,5184569536685e93648337298e0e2d836d735865e933f151a673471432e1fe3e,0340047558809127cfbef95fc332f3ae1ce4145167192ddcfc30e1e5778e94dd,afcc3533a3cb9e0d38414667ac7d4dc0b2a7a336c5f40762ec25e681991aa6db,9afdfd0d5c1d1c6453fae909de17f46e7bdab5b8ef796becd4c6f8f2b19c3def
35e3c1c992dd4e7c9677a341a66db6bf,65,no_adapter,False,42,7.155852556228638,5.314420461654663,0.17090871930122375,0.5836649537086487,0.49278032779693604,9.135057926177979,0.5928869247436523,0.7694492936134338,c12d03cbb44d36f9ac3b8f26480b47cc921b8e41ea739d6b919e3733c8c3ee41,0eb2bbb9730858929551b698cd029e609e399fbc7b6194a253ebf689e3aaf78d,5184569536685e93648337298e0e2d836d735865e933f151a673471432e1fe3e,0340047558809127cfbef95fc332f3ae1ce4145167192ddcfc30e1e5778e94dd,afcc3533a3cb9e0d38414667ac7d4dc0b2a7a336c5f40762ec25e681991aa6db,9afdfd0d5c1d1c6453fae909de17f46e7bdab5b8ef796becd4c6f8f2b19c3def
3661f48408244f45b656921908b5fae6,66,native_gc3,False,42,7.319000720977783,9.36994194984436,0.14928314089775085,0.2622351348400116,0.3946879208087921,16.148340702056885,0.17035570740699768,0.8143805265426636,beddbb693242ac3e2805a39c8ca8f01a16f1a691cedf640ba3010c86ba60d0fa,23335340fdd6f7f3220755427b93c7b75952bb1ad3723152c23b938da133329e,7797923271f78ba2b4b76558e46caa0d7433206e7112af9e9501767daf47db92,0340047558809127cfbef95fc332f3ae1ce4145167192ddcfc30e1e5778e94dd,517ba0db976e3bc31383078a0e7db1e72a2509f2f3ccd5eb9cb07bbc05711256,a3972d69ad1baa5f36d85236b46a9cefb8c4f9731ec520d76504bed79cd6d462
3661f48408244f45b656921908b5fae6,66,native_gfh,False,42,7.293566942214966,9.014695286750793,0.15768516063690186,0.29516613483428955,0.40502458810806274,15.370301008224487,0.17499539256095886,0.8054264187812805,beddbb693242ac3e2805a39c8ca8f01a16f1a691cedf640ba3010c86ba60d0fa,23335340fdd6f7f3220755427b93c7b75952bb1ad3723152c23b938da133329e,7797923271f78ba2b4b76558e46caa0d7433206e7112af9e9501767daf47db92,0340047558809127cfbef95fc332f3ae1ce4145167192ddcfc30e1e5778e94dd,517ba0db976e3bc31383078a0e7db1e72a2509f2f3ccd5eb9cb07bbc05711256,a3972d69ad1baa5f36d85236b46a9cefb8c4f9731ec520d76504bed79cd6d462
3661f48408244f45b656921908b5fae6,66,native_gfl,False,42,7.467345237731934,9.882164597511292,0.14444836974143982,0.2562045156955719,0.39326179027557373,16.69575572013855,0.16531828045845032,0.8135612607002258,beddbb693242ac3e2805a39c8ca8f01a16f1a691cedf640ba3010c86ba60d0fa,23335340fdd6f7f3220755427b93c7b75952bb1ad3723152c23b938da133329e,7797923271f78ba2b4b76558e46caa0d7433206e7112af9e9501767daf47db92,0340047558809127cfbef95fc332f3ae1ce4145167192ddcfc30e1e5778e94dd,517ba0db976e3bc31383078a0e7db1e72a2509f2f3ccd5eb9cb07bbc05711256,a3972d69ad1baa5f36d85236b46a9cefb8c4f9731ec520d76504bed79cd6d462
3661f48408244f45b656921908b5fae6,66,no_adapter,False,42,7.1861326694488525,3.486943542957306,0.20594191551208496,0.28631487488746643,0.3448576331138611,6.73175573348999,0.5798414945602417,0.6706424355506897,beddbb693242ac3e2805a39c8ca8f01a16f1a691cedf640ba3010c86ba60d0fa,23335340fdd6f7f3220755427b93c7b75952bb1ad3723152c23b938da133329e,7797923271f78ba2b4b76558e46caa0d7433206e7112af9e9501767daf47db92,0340047558809127cfbef95fc332f3ae1ce4145167192ddcfc30e1e5778e94dd,517ba0db976e3bc31383078a0e7db1e72a2509f2f3ccd5eb9cb07bbc05711256,a3972d69ad1baa5f36d85236b46a9cefb8c4f9731ec520d76504bed79cd6d462
38333a4335704ccfaadbe323c25a2efb,67,native_gc3,False,42,7.5899128913879395,13.435381650924683,0.234022855758667,0.5984136462211609,0.531764805316925,18.94737958908081,0.23721876740455627,0.8429708480834961,1d935f4b105efc45702b19ef981274fdf91249231bdc8afc3d6adcba17e23cf0,d2d9c31a58274b242558c0e83baa83cc12dfdb93901b4c88f83bdea39bd4a113,761bfed75630424286d73bf2d01b3fca801ddb99aba52fc4069289f022ac4321,0340047558809127cfbef95fc332f3ae1ce4145167192ddcfc30e1e5778e94dd,16fab34eb3b8f13fd12f3f844958268f7908c282b5214218aade68872f7f1f6f,19af19a3248fa2727e8d8c060d6b9cc4adb59e2e2cca738d92af10f990681a09
38333a4335704ccfaadbe323c25a2efb,67,native_gfh,False,42,7.434152603149414,14.254615306854248,0.22811482846736908,0.6587330102920532,0.5727807283401489,18.872435092926025,0.23562771081924438,0.8505613803863525,1d935f4b105efc45702b19ef981274fdf91249231bdc8afc3d6adcba17e23cf0,d2d9c31a58274b242558c0e83baa83cc12dfdb93901b4c88f83bdea39bd4a113,761bfed75630424286d73bf2d01b3fca801ddb99aba52fc4069289f022ac4321,0340047558809127cfbef95fc332f3ae1ce4145167192ddcfc30e1e5778e94dd,16fab34eb3b8f13fd12f3f844958268f7908c282b5214218aade68872f7f1f6f,19af19a3248fa2727e8d8c060d6b9cc4adb59e2e2cca738d92af10f990681a09
38333a4335704ccfaadbe323c25a2efb,67,native_gfl,False,42,7.426602602005005,11.37203335762024,0.2548660635948181,0.5627802610397339,0.5163747072219849,17.05378293991089,0.25043943524360657,0.8346918821334839,1d935f4b105efc45702b19ef981274fdf91249231bdc8afc3d6adcba17e23cf0,d2d9c31a58274b242558c0e83baa83cc12dfdb93901b4c88f83bdea39bd4a113,761bfed75630424286d73bf2d01b3fca801ddb99aba52fc4069289f022ac4321,0340047558809127cfbef95fc332f3ae1ce4145167192ddcfc30e1e5778e94dd,16fab34eb3b8f13fd12f3f844958268f7908c282b5214218aade68872f7f1f6f,19af19a3248fa2727e8d8c060d6b9cc4adb59e2e2cca738d92af10f990681a09
38333a4335704ccfaadbe323c25a2efb,67,no_adapter,False,42,7.029129981994629,11.84844970703125,0.22866831719875336,0.6201047301292419,0.4981628954410553,12.048665285110474,0.5888088345527649,0.7372580170631409,1d935f4b105efc45702b19ef981274fdf91249231bdc8afc3d6adcba17e23cf0,d2d9c31a58274b242558c0e83baa83cc12dfdb93901b4c88f83bdea39bd4a113,761bfed75630424286d73bf2d01b3fca801ddb99aba52fc4069289f022ac4321,0340047558809127cfbef95fc332f3ae1ce4145167192ddcfc30e1e5778e94dd,16fab34eb3b8f13fd12f3f844958268f7908c282b5214218aade68872f7f1f6f,19af19a3248fa2727e8d8c060d6b9cc4adb59e2e2cca738d92af10f990681a09
3a352abda1a44dee95087895b8ff9c8f,68,native_gc3,False,42,7.304181098937988,12.725167274475098,0.3464466631412506,0.5725488662719727,0.5519145131111145,17.658190727233887,0.3400236964225769,0.821571409702301,2ee9af059880db4623301e4ea4ce9dbf60cc065c51cbd0c3abc34219f762ffb1,3e10141eb662cb736f15d2b17d40c48197d8bbd34e5087092a2eeaf8d1b0eb36,c607fb794c72e879e6d99cc4b5561092c972a54d5758093683eea677ff764d5e,0340047558809127cfbef95fc332f3ae1ce4145167192ddcfc30e1e5778e94dd,ea1f3063a03638c062d9399776ddcf9ed07f1e5066a8de41486c995dea163ae1,732efbae53d816c460bee800b8282d5c5bd5ddc0317b28bfa0516f6d87850f5d
3a352abda1a44dee95087895b8ff9c8f,68,native_gfh,False,42,7.437166929244995,14.026813507080078,0.3203858435153961,0.6623968482017517,0.602749228477478,17.98704743385315,0.328501433134079,0.8397600054740906,2ee9af059880db4623301e4ea4ce9dbf60cc065c51cbd0c3abc34219f762ffb1,3e10141eb662cb736f15d2b17d40c48197d8bbd34e5087092a2eeaf8d1b0eb36,c607fb794c72e879e6d99cc4b5561092c972a54d5758093683eea677ff764d5e,0340047558809127cfbef95fc332f3ae1ce4145167192ddcfc30e1e5778e94dd,ea1f3063a03638c062d9399776ddcf9ed07f1e5066a8de41486c995dea163ae1,732efbae53d816c460bee800b8282d5c5bd5ddc0317b28bfa0516f6d87850f5d
3a352abda1a44dee95087895b8ff9c8f,68,native_gfl,False,42,7.393449544906616,10.92536211013794,0.35769253969192505,0.5013517141342163,0.5279909372329712,16.012096405029297,0.34907758235931396,0.7999606728553772,2ee9af059880db4623301e4ea4ce9dbf60cc065c51cbd0c3abc34219f762ffb1,3e10141eb662cb736f15d2b17d40c48197d8bbd34e5087092a2eeaf8d1b0eb36,c607fb794c72e879e6d99cc4b5561092c972a54d5758093683eea677ff764d5e,0340047558809127cfbef95fc332f3ae1ce4145167192ddcfc30e1e5778e94dd,ea1f3063a03638c062d9399776ddcf9ed07f1e5066a8de41486c995dea163ae1,732efbae53d816c460bee800b8282d5c5bd5ddc0317b28bfa0516f6d87850f5d
3a352abda1a44dee95087895b8ff9c8f,68,no_adapter,False,42,7.22527551651001,9.962644577026367,0.3365887999534607,0.6116394996643066,0.5614481568336487,10.118489265441895,0.6713511943817139,0.7074398398399353,2ee9af059880db4623301e4ea4ce9dbf60cc065c51cbd0c3abc34219f762ffb1,3e10141eb662cb736f15d2b17d40c48197d8bbd34e5087092a2eeaf8d1b0eb36,c607fb794c72e879e6d99cc4b5561092c972a54d5758093683eea677ff764d5e,0340047558809127cfbef95fc332f3ae1ce4145167192ddcfc30e1e5778e94dd,ea1f3063a03638c062d9399776ddcf9ed07f1e5066a8de41486c995dea163ae1,732efbae53d816c460bee800b8282d5c5bd5ddc0317b28bfa0516f6d87850f5d
3b4d51128238447ea0339aca6f399781,69,native_gc3,False,42,7.351592063903809,11.41398310661316,0.1881558895111084,0.3566570281982422,0.5264265537261963,17.98014760017395,0.1821248084306717,0.8430159687995911,3429da1e9d2420826fc80da3a78b53dbd70dfa2a22e6f591774ce79b196d0fad,2cf2ca6217b5789663616c37bdf2cad2418f5df00a165bef11ed2228fa2d0ae8,297271f01974338743124e7174a390de62febfa6c2ae43083bcc344055e4e612,0340047558809127cfbef95fc332f3ae1ce4145167192ddcfc30e1e5778e94dd,77c73a14c3a7e7a2b7712c766c74a2828a9bc22d25522ae2051178ff725aeb59,d8180503425355ed6c686b3442c1a0451e628cf7485485dd34ebd2cdc3e7a2c9
3b4d51128238447ea0339aca6f399781,69,native_gfh,False,42,7.431780576705933,10.2485990524292,0.18042367696762085,0.38186129927635193,0.533600389957428,16.488492488861084,0.18063053488731384,0.8392742872238159,3429da1e9d2420826fc80da3a78b53dbd70dfa2a22e6f591774ce79b196d0fad,2cf2ca6217b5789663616c37bdf2cad2418f5df00a165bef11ed2228fa2d0ae8,297271f01974338743124e7174a390de62febfa6c2ae43083bcc344055e4e612,0340047558809127cfbef95fc332f3ae1ce4145167192ddcfc30e1e5778e94dd,77c73a14c3a7e7a2b7712c766c74a2828a9bc22d25522ae2051178ff725aeb59,d8180503425355ed6c686b3442c1a0451e628cf7485485dd34ebd2cdc3e7a2c9
3b4d51128238447ea0339aca6f399781,69,native_gfl,False,42,7.361371755599976,12.640218734741211,0.1869845986366272,0.37774378061294556,0.5311073064804077,19.114880561828613,0.17929525673389435,0.8417601585388184,3429da1e9d2420826fc80da3a78b53dbd70dfa2a22e6f591774ce79b196d0fad,2cf2ca6217b5789663616c37bdf2cad2418f5df00a165bef11ed2228fa2d0ae8,297271f01974338743124e7174a390de62febfa6c2ae43083bcc344055e4e612,0340047558809127cfbef95fc332f3ae1ce4145167192ddcfc30e1e5778e94dd,77c73a14c3a7e7a2b7712c766c74a2828a9bc22d25522ae2051178ff725aeb59,d8180503425355ed6c686b3442c1a0451e628cf7485485dd34ebd2cdc3e7a2c9
3b4d51128238447ea0339aca6f399781,69,no_adapter,False,42,7.130992650985718,3.7754660844802856,0.21926508843898773,0.2770998179912567,0.4001525044441223,7.545016407966614,0.5644240379333496,0.7249301671981812,3429da1e9d2420826fc80da3a78b53dbd70dfa2a22e6f591774ce79b196d0fad,2cf2ca6217b5789663616c37bdf2cad2418f5df00a165bef11ed2228fa2d0ae8,297271f01974338743124e7174a390de62febfa6c2ae43083bcc344055e4e612,0340047558809127cfbef95fc332f3ae1ce4145167192ddcfc30e1e5778e94dd,77c73a14c3a7e7a2b7712c766c74a2828a9bc22d25522ae2051178ff725aeb59,d8180503425355ed6c686b3442c1a0451e628cf7485485dd34ebd2cdc3e7a2c9
3c83796ca5f043f1beb8044dd2e51a0d,70,native_gc3,False,42,7.453913450241089,11.961864233016968,0.17352275550365448,0.2533131241798401,0.4258759617805481,18.65023970603943,0.1758507341146469,0.8259389400482178,8a7986aa80066027d7c451c2e7582ea767dd271367b0e77aefb0cd8b68689205,c55210721b0c06837c205c6ea321a49a7899283d64e94f49b99547bfbdec81b9,aefc1d72d2b88adb2c6b8e2e2b761cbc82e841ae244b943964708fc981ae9ae4,0340047558809127cfbef95fc332f3ae1ce4145167192ddcfc30e1e5778e94dd,a1a1894cbf85f37185975645107d857690fe991fa4eae162ba67c4d22ad47455,0de6efdd28b97b2bcc0c1f92352eb91b851aa45df3042cf76d16dc96738b90ba
3c83796ca5f043f1beb8044dd2e51a0d,70,native_gfh,False,42,7.42192530632019,12.08442211151123,0.17914925515651703,0.2795022130012512,0.4376240074634552,17.700852155685425,0.1859096884727478,0.8206769824028015,8a7986aa80066027d7c451c2e7582ea767dd271367b0e77aefb0cd8b68689205,c55210721b0c06837c205c6ea321a49a7899283d64e94f49b99547bfbdec81b9,aefc1d72d2b88adb2c6b8e2e2b761cbc82e841ae244b943964708fc981ae9ae4,0340047558809127cfbef95fc332f3ae1ce4145167192ddcfc30e1e5778e94dd,a1a1894cbf85f37185975645107d857690fe991fa4eae162ba67c4d22ad47455,0de6efdd28b97b2bcc0c1f92352eb91b851aa45df3042cf76d16dc96738b90ba
3c83796ca5f043f1beb8044dd2e51a0d,70,native_gfl,False,42,7.482628583908081,11.500601768493652,0.17061837017536163,0.236673042178154,0.42829281091690063,18.56125235557556,0.167805016040802,0.8195872902870178,8a7986aa80066027d7c451c2e7582ea767dd271367b0e77aefb0cd8b68689205,c55210721b0c06837c205c6ea321a49a7899283d64e94f49b99547bfbdec81b9,aefc1d72d2b88adb2c6b8e2e2b761cbc82e841ae244b943964708fc981ae9ae4,0340047558809127cfbef95fc332f3ae1ce4145167192ddcfc30e1e5778e94dd,a1a1894cbf85f37185975645107d857690fe991fa4eae162ba67c4d22ad47455,0de6efdd28b97b2bcc0c1f92352eb91b851aa45df3042cf76d16dc96738b90ba
3c83796ca5f043f1beb8044dd2e51a0d,70,no_adapter,False,42,7.162620544433594,5.087652802467346,0.21458026766777039,0.2475057691335678,0.36224284768104553,9.078654646873474,0.5733314752578735,0.7263023257255554,8a7986aa80066027d7c451c2e7582ea767dd271367b0e77aefb0cd8b68689205,c55210721b0c06837c205c6ea321a49a7899283d64e94f49b99547bfbdec81b9,aefc1d72d2b88adb2c6b8e2e2b761cbc82e841ae244b943964708fc981ae9ae4,0340047558809127cfbef95fc332f3ae1ce4145167192ddcfc30e1e5778e94dd,a1a1894cbf85f37185975645107d857690fe991fa4eae162ba67c4d22ad47455,0de6efdd28b97b2bcc0c1f92352eb91b851aa45df3042cf76d16dc96738b90ba
3d1b3900ca954de9a2dfdfacca269b6d,71,native_gc3,False,42,7.480545520782471,11.0821533203125,0.17352834343910217,0.25795218348503113,0.4055659770965576,19.091960191726685,0.2933966815471649,0.8449980616569519,30841f041104fc0a50ea3bbb6c84836f12b01ba8bd38ef87dedab60b503d635a,922b807eda2b32b818d8a610ced2406033420a3c7316c21d8d9b10ba27d1a0b4,83f7ff98da395141a3c40a965141b40ef6532663a42dd9d05a996ff4e4b7b90e,0340047558809127cfbef95fc332f3ae1ce4145167192ddcfc30e1e5778e94dd,94c98cda5131e84eb7ca9e3644f4f90b75d7cfa00a6eb003ae77d7eed048a151,7f609913f1d6624cb366fe18816e87d9604f754dc2822044dc733377aed99824
3d1b3900ca954de9a2dfdfacca269b6d,71,native_gfh,False,42,7.642692565917969,12.871483564376831,0.16086624562740326,0.28751659393310547,0.41962453722953796,18.955565690994263,0.29207414388656616,0.8444660902023315,30841f041104fc0a50ea3bbb6c84836f12b01ba8bd38ef87dedab60b503d635a,922b807eda2b32b818d8a610ced2406033420a3c7316c21d8d9b10ba27d1a0b4,83f7ff98da395141a3c40a965141b40ef6532663a42dd9d05a996ff4e4b7b90e,0340047558809127cfbef95fc332f3ae1ce4145167192ddcfc30e1e5778e94dd,94c98cda5131e84eb7ca9e3644f4f90b75d7cfa00a6eb003ae77d7eed048a151,7f609913f1d6624cb366fe18816e87d9604f754dc2822044dc733377aed99824
3d1b3900ca954de9a2dfdfacca269b6d,71,native_gfl,False,42,7.868414402008057,10.524559020996094,0.17692604660987854,0.24490462243556976,0.4006270170211792,18.904502391815186,0.2993581295013428,0.84112149477005,30841f041104fc0a50ea3bbb6c84836f12b01ba8bd38ef87dedab60b503d635a,922b807eda2b32b818d8a610ced2406033420a3c7316c21d8d9b10ba27d1a0b4,83f7ff98da395141a3c40a965141b40ef6532663a42dd9d05a996ff4e4b7b90e,0340047558809127cfbef95fc332f3ae1ce4145167192ddcfc30e1e5778e94dd,94c98cda5131e84eb7ca9e3644f4f90b75d7cfa00a6eb003ae77d7eed048a151,7f609913f1d6624cb366fe18816e87d9604f754dc2822044dc733377aed99824
3d1b3900ca954de9a2dfdfacca269b6d,71,no_adapter,False,42,7.336654186248779,7.539772391319275,0.16943250596523285,0.3440844714641571,0.39136776328086853,10.279690027236938,0.647927463054657,0.7222840785980225,30841f041104fc0a50ea3bbb6c84836f12b01ba8bd38ef87dedab60b503d635a,922b807eda2b32b818d8a610ced2406033420a3c7316c21d8d9b10ba27d1a0b4,83f7ff98da395141a3c40a965141b40ef6532663a42dd9d05a996ff4e4b7b90e,0340047558809127cfbef95fc332f3ae1ce4145167192ddcfc30e1e5778e94dd,94c98cda5131e84eb7ca9e3644f4f90b75d7cfa00a6eb003ae77d7eed048a151,7f609913f1d6624cb366fe18816e87d9604f754dc2822044dc733377aed99824
3d72fed5fd38452eadb433b1ce695576,72,native_gc3,False,42,7.51029109954834,8.927226662635803,0.14754466712474823,0.240667924284935,0.36986619234085083,15.914182662963867,0.16020603477954865,0.8171111941337585,16b7182e067c3ac329feaed6fb8712dd58c2a4f16a46a882247c13176de015cc,adf4b08c05007f142cbef3184c60e53d07e6fa2393ecdc600ca6ed832112cf16,49dd6149e13b95f84f4a893366f3d4fabfc3f841b615fc50cd8c06eddb52dcc8,0340047558809127cfbef95fc332f3ae1ce4145167192ddcfc30e1e5778e94dd,33d26ed85eb8d92de734bd2197b6708ed99772887022dc33ef39adc3bfede537,2a08eaf6914389586d57b839f0384412305041aae2bbf38024474e7c83468683
3d72fed5fd38452eadb433b1ce695576,72,native_gfh,False,42,7.585874557495117,8.198720216751099,0.1615864485502243,0.2004919946193695,0.3598827123641968,15.200502872467041,0.17044220864772797,0.8026220798492432,16b7182e067c3ac329feaed6fb8712dd58c2a4f16a46a882247c13176de015cc,adf4b08c05007f142cbef3184c60e53d07e6fa2393ecdc600ca6ed832112cf16,49dd6149e13b95f84f4a893366f3d4fabfc3f841b615fc50cd8c06eddb52dcc8,0340047558809127cfbef95fc332f3ae1ce4145167192ddcfc30e1e5778e94dd,33d26ed85eb8d92de734bd2197b6708ed99772887022dc33ef39adc3bfede537,2a08eaf6914389586d57b839f0384412305041aae2bbf38024474e7c83468683
3d72fed5fd38452eadb433b1ce695576,72,native_gfl,False,42,7.571258544921875,9.671216607093811,0.13449984788894653,0.28744396567344666,0.37942609190940857,16.40122890472412,0.15096497535705566,0.8164576292037964,16b7182e067c3ac329feaed6fb8712dd58c2a4f16a46a882247c13176de015cc,adf4b08c05007f142cbef3184c60e53d07e6fa2393ecdc600ca6ed832112cf16,49dd6149e13b95f84f4a893366f3d4fabfc3f841b615fc50cd8c06eddb52dcc8,0340047558809127cfbef95fc332f3ae1ce4145167192ddcfc30e1e5778e94dd,33d26ed85eb8d92de734bd2197b6708ed99772887022dc33ef39adc3bfede537,2a08eaf6914389586d57b839f0384412305041aae2bbf38024474e7c83468683
3d72fed5fd38452eadb433b1ce695576,72,no_adapter,False,42,7.1497368812561035,2.346535176038742,0.20451456308364868,0.15403473377227783,0.28866317868232727,7.81358540058136,0.5549934506416321,0.719049334526062,16b7182e067c3ac329feaed6fb8712dd58c2a4f16a46a882247c13176de015cc,adf4b08c05007f142cbef3184c60e53d07e6fa2393ecdc600ca6ed832112cf16,49dd6149e13b95f84f4a893366f3d4fabfc3f841b615fc50cd8c06eddb52dcc8,0340047558809127cfbef95fc332f3ae1ce4145167192ddcfc30e1e5778e94dd,33d26ed85eb8d92de734bd2197b6708ed99772887022dc33ef39adc3bfede537,2a08eaf6914389586d57b839f0384412305041aae2bbf38024474e7c83468683
3e632b0a45e047259c7fa23ce8c3e3df,73,native_gc3,False,42,7.618806600570679,10.539122819900513,0.17143107950687408,0.19476664066314697,0.3973824679851532,17.816914319992065,0.18354959785938263,0.8197464346885681,a70934c3352cf5caf251e1ed63ab5b58c56456cdf6dacedaa8fd974738422b9d,a18010dd82b055e639b6eb2ab85cba5bf5d519226e0cad36e89d8d34ce01353d,d6a8d2871992ac06d4045686613281b3781ad9c56dbb4fd2961d94efcdbdb660,0340047558809127cfbef95fc332f3ae1ce4145167192ddcfc30e1e5778e94dd,e232d16fa12feb993ed9dca80884d6d070904faa8630aed83744199cab1d52a2,a722b99478745475ccc47be767254a876a31d8295cab153178b79485e869cb9b
3e632b0a45e047259c7fa23ce8c3e3df,73,native_gfh,False,42,7.533951759338379,10.871963500976562,0.17867310345172882,0.20255564153194427,0.4028249680995941,17.316107749938965,0.18826080858707428,0.8129147887229919,a70934c3352cf5caf251e1ed63ab5b58c56456cdf6dacedaa8fd974738422b9d,a18010dd82b055e639b6eb2ab85cba5bf5d519226e0cad36e89d8d34ce01353d,d6a8d2871992ac06d4045686613281b3781ad9c56dbb4fd2961d94efcdbdb660,0340047558809127cfbef95fc332f3ae1ce4145167192ddcfc30e1e5778e94dd,e232d16fa12feb993ed9dca80884d6d070904faa8630aed83744199cab1d52a2,a722b99478745475ccc47be767254a876a31d8295cab153178b79485e869cb9b
3e632b0a45e047259c7fa23ce8c3e3df,73,native_gfl,False,42,7.454614639282227,10.282394886016846,0.1704031527042389,0.19145680963993073,0.39561742544174194,17.66703963279724,0.17906735837459564,0.8096478581428528,a70934c3352cf5caf251e1ed63ab5b58c56456cdf6dacedaa8fd974738422b9d,a18010dd82b055e639b6eb2ab85cba5bf5d519226e0cad36e89d8d34ce01353d,d6a8d2871992ac06d4045686613281b3781ad9c56dbb4fd2961d94efcdbdb660,0340047558809127cfbef95fc332f3ae1ce4145167192ddcfc30e1e5778e94dd,e232d16fa12feb993ed9dca80884d6d070904faa8630aed83744199cab1d52a2,a722b99478745475ccc47be767254a876a31d8295cab153178b79485e869cb9b
3e632b0a45e047259c7fa23ce8c3e3df,73,no_adapter,False,42,6.996768951416016,4.885497093200684,0.22314023971557617,0.15195587277412415,0.32790446281433105,9.953011274337769,0.5662283897399902,0.7417420744895935,a70934c3352cf5caf251e1ed63ab5b58c56456cdf6dacedaa8fd974738422b9d,a18010dd82b055e639b6eb2ab85cba5bf5d519226e0cad36e89d8d34ce01353d,d6a8d2871992ac06d4045686613281b3781ad9c56dbb4fd2961d94efcdbdb660,0340047558809127cfbef95fc332f3ae1ce4145167192ddcfc30e1e5778e94dd,e232d16fa12feb993ed9dca80884d6d070904faa8630aed83744199cab1d52a2,a722b99478745475ccc47be767254a876a31d8295cab153178b79485e869cb9b
3f0c24f89e3e4b33ba50193e8bd77af3,74,native_gc3,False,42,7.36574912071228,12.715263366699219,0.22500455379486084,0.4785892069339752,0.5567046999931335,19.0415096282959,0.22629481554031372,0.8415964841842651,4181d9a93c7ad983963feb3a83aa6b5abce90ba9a99ffe38b9cab05480c79cf0,d13a4692c86260953999c902765589b75c8197bb891ad5d6ca37234f20e602bd,15bedbcd2def8be6161ac3d967b567f45b98e5a9113c5cb965bb170f47e4b603,0340047558809127cfbef95fc332f3ae1ce4145167192ddcfc30e1e5778e94dd,8a867c3fef91673071e3d2d9fe35975f97c3c70db14ef77c2d9b539d2f6ef87c,a4c1f8dac6778ed6fc711a2727725800149cf5049b7abff73bfb6152b90a9f76
3f0c24f89e3e4b33ba50193e8bd77af3,74,native_gfh,False,42,7.37204384803772,13.376816511154175,0.2090243697166443,0.5726312398910522,0.6080052256584167,17.914974689483643,0.2280695140361786,0.8412246108055115,4181d9a93c7ad983963feb3a83aa6b5abce90ba9a99ffe38b9cab05480c79cf0,d13a4692c86260953999c902765589b75c8197bb891ad5d6ca37234f20e602bd,15bedbcd2def8be6161ac3d967b567f45b98e5a9113c5cb965bb170f47e4b603,0340047558809127cfbef95fc332f3ae1ce4145167192ddcfc30e1e5778e94dd,8a867c3fef91673071e3d2d9fe35975f97c3c70db14ef77c2d9b539d2f6ef87c,a4c1f8dac6778ed6fc711a2727725800149cf5049b7abff73bfb6152b90a9f76
3f0c24f89e3e4b33ba50193e8bd77af3,74,native_gfl,False,42,7.4242262840271,10.650924444198608,0.23876060545444489,0.394551157951355,0.5423046946525574,17.367846965789795,0.23228147625923157,0.8240112662315369,4181d9a93c7ad983963feb3a83aa6b5abce90ba9a99ffe38b9cab05480c79cf0,d13a4692c86260953999c902765589b75c8197bb891ad5d6ca37234f20e602bd,15bedbcd2def8be6161ac3d967b567f45b98e5a9113c5cb965bb170f47e4b603,0340047558809127cfbef95fc332f3ae1ce4145167192ddcfc30e1e5778e94dd,8a867c3fef91673071e3d2d9fe35975f97c3c70db14ef77c2d9b539d2f6ef87c,a4c1f8dac6778ed6fc711a2727725800149cf5049b7abff73bfb6152b90a9f76
3f0c24f89e3e4b33ba50193e8bd77af3,74,no_adapter,False,42,7.312605381011963,10.137449502944946,0.26550135016441345,0.5715898871421814,0.4863365888595581,10.895829200744629,0.6299523711204529,0.7118901014328003,4181d9a93c7ad983963feb3a83aa6b5abce90ba9a99ffe38b9cab05480c79cf0,d13a4692c86260953999c902765589b75c8197bb891ad5d6ca37234f20e602bd,15bedbcd2def8be6161ac3d967b567f45b98e5a9113c5cb965bb170f47e4b603,0340047558809127cfbef95fc332f3ae1ce4145167192ddcfc30e1e5778e94dd,8a867c3fef91673071e3d2d9fe35975f97c3c70db14ef77c2d9b539d2f6ef87c,a4c1f8dac6778ed6fc711a2727725800149cf5049b7abff73bfb6152b90a9f76
3fef443e20504e0b8a6b9f94a8602780,75,native_gc3,False,42,7.356427431106567,11.787346601486206,0.14659836888313293,0.319779634475708,0.4303075671195984,19.338817596435547,0.15689979493618011,0.8639052510261536,7b51bf9e815c5713adda887916ace5038a748c1be35fd39e9ff2fd3c5a9e4d84,b0b47334180973faeef5ef6d46c78b398ae28ca93cb989a0a4dc50b0c79630a7,8cd148651a80b8ba70ff8bb48d83e51013f39181024a98df6ec053c09bf4519f,0340047558809127cfbef95fc332f3ae1ce4145167192ddcfc30e1e5778e94dd,45594e5adcb8ccf96bce9b32a992af13dae33127daa4153ece520b6ca094dc67,06646d921a615a920e3f7dc82ad4d14c4dd564230f5fd8ea95b999eb529e04c1
3fef443e20504e0b8a6b9f94a8602780,75,native_gfh,False,42,7.376888751983643,12.5235116481781,0.1409844160079956,0.340317964553833,0.4417800307273865,18.60798954963684,0.1593749076128006,0.8519691824913025,7b51bf9e815c5713adda887916ace5038a748c1be35fd39e9ff2fd3c5a9e4d84,b0b47334180973faeef5ef6d46c78b398ae28ca93cb989a0a4dc50b0c79630a7,8cd148651a80b8ba70ff8bb48d83e51013f39181024a98df6ec053c09bf4519f,0340047558809127cfbef95fc332f3ae1ce4145167192ddcfc30e1e5778e94dd,45594e5adcb8ccf96bce9b32a992af13dae33127daa4153ece520b6ca094dc67,06646d921a615a920e3f7dc82ad4d14c4dd564230f5fd8ea95b999eb529e04c1
3fef443e20504e0b8a6b9f94a8602780,75,native_gfl,False,42,7.386704206466675,10.639392137527466,0.14833766222000122,0.30360764265060425,0.4269227385520935,18.648332357406616,0.15387466549873352,0.8570436239242554,7b51bf9e815c5713adda887916ace5038a748c1be35fd39e9ff2fd3c5a9e4d84,b0b47334180973faeef5ef6d46c78b398ae28ca93cb989a0a4dc50b0c79630a7,8cd148651a80b8ba70ff8bb48d83e51013f39181024a98df6ec053c09bf4519f,0340047558809127cfbef95fc332f3ae1ce4145167192ddcfc30e1e5778e94dd,45594e5adcb8ccf96bce9b32a992af13dae33127daa4153ece520b6ca094dc67,06646d921a615a920e3f7dc82ad4d14c4dd564230f5fd8ea95b999eb529e04c1
3fef443e20504e0b8a6b9f94a8602780,75,no_adapter,False,42,7.058454751968384,5.858643651008606,0.16533000767230988,0.3503798246383667,0.38309913873672485,10.020827054977417,0.5480616092681885,0.7764415740966797,7b51bf9e815c5713adda887916ace5038a748c1be35fd39e9ff2fd3c5a9e4d84,b0b47334180973faeef5ef6d46c78b398ae28ca93cb989a0a4dc50b0c79630a7,8cd148651a80b8ba70ff8bb48d83e51013f39181024a98df6ec053c09bf4519f,0340047558809127cfbef95fc332f3ae1ce4145167192ddcfc30e1e5778e94dd,45594e5adcb8ccf96bce9b32a992af13dae33127daa4153ece520b6ca094dc67,06646d921a615a920e3f7dc82ad4d14c4dd564230f5fd8ea95b999eb529e04c1
40f3398b639c4b91a227fec856c7b35b,76,native_gc3,False,42,7.503640413284302,9.977978467941284,0.20332279801368713,0.26494768261909485,0.3944629430770874,17.986128330230713,0.18930277228355408,0.8456916809082031,074e534be35f1e92cbc43599daccc4ad19ed503e1293ee8079cd970b8a49f45e,b475186d9c675f1993ce8fd153325cc40dd667fbbb5b9f6a6126709726f10c0e,61e2e8bda535d5d4912758cbbf1e61a3ef5699a8c98e14b2c243ee8a9750167b,0340047558809127cfbef95fc332f3ae1ce4145167192ddcfc30e1e5778e94dd,32250cdb47b042d07a8e229d2bf4aedd021e91310242339bf02ad6506fccbb50,6263a65032e6cb990e129927c702feda8054f57f79fcad7272a43c76bbc78d72
40f3398b639c4b91a227fec856c7b35b,76,native_gfh,False,42,7.4661290645599365,10.416185855865479,0.19884991645812988,0.26515454053878784,0.39723384380340576,17.611833810806274,0.1978602409362793,0.8421958088874817,074e534be35f1e92cbc43599daccc4ad19ed503e1293ee8079cd970b8a49f45e,b475186d9c675f1993ce8fd153325cc40dd667fbbb5b9f6a6126709726f10c0e,61e2e8bda535d5d4912758cbbf1e61a3ef5699a8c98e14b2c243ee8a9750167b,0340047558809127cfbef95fc332f3ae1ce4145167192ddcfc30e1e5778e94dd,32250cdb47b042d07a8e229d2bf4aedd021e91310242339bf02ad6506fccbb50,6263a65032e6cb990e129927c702feda8054f57f79fcad7272a43c76bbc78d72
40f3398b639c4b91a227fec856c7b35b,76,native_gfl,False,42,7.379299163818359,9.898033738136292,0.20695489645004272,0.26733747124671936,0.39514005184173584,17.90574312210083,0.20683830976486206,0.8434765338897705,074e534be35f1e92cbc43599daccc4ad19ed503e1293ee8079cd970b8a49f45e,b475186d9c675f1993ce8fd153325cc40dd667fbbb5b9f6a6126709726f10c0e,61e2e8bda535d5d4912758cbbf1e61a3ef5699a8c98e14b2c243ee8a9750167b,0340047558809127cfbef95fc332f3ae1ce4145167192ddcfc30e1e5778e94dd,32250cdb47b042d07a8e229d2bf4aedd021e91310242339bf02ad6506fccbb50,6263a65032e6cb990e129927c702feda8054f57f79fcad7272a43c76bbc78d72
40f3398b639c4b91a227fec856c7b35b,76,no_adapter,False,42,7.105250597000122,4.989118278026581,0.2141592800617218,0.2382623851299286,0.3321281373500824,9.847813844680786,0.5715028047561646,0.7401461005210876,074e534be35f1e92cbc43599daccc4ad19ed503e1293ee8079cd970b8a49f45e,b475186d9c675f1993ce8fd153325cc40dd667fbbb5b9f6a6126709726f10c0e,61e2e8bda535d5d4912758cbbf1e61a3ef5699a8c98e14b2c243ee8a9750167b,0340047558809127cfbef95fc332f3ae1ce4145167192ddcfc30e1e5778e94dd,32250cdb47b042d07a8e229d2bf4aedd021e91310242339bf02ad6506fccbb50,6263a65032e6cb990e129927c702feda8054f57f79fcad7272a43c76bbc78d72
427a94c8194947fba076c385e2c49206,77,native_gc3,False,42,7.330729246139526,9.653039574623108,0.21478907763957977,0.24689413607120514,0.3398498594760895,16.42694115638733,0.2402169406414032,0.8061372637748718,f4b6fe9e8d8412b45ca8aa6afbd486977f47f75e68c2c8990a02adc43d59a664,51045f0aa36c38f701f5f734161b5c5ecc6cd3f92c903265c9b6d25028b1e19e,756b396633d385f2cf4278901e934871d757674698c0f7f3573c6f0716661eb5,0340047558809127cfbef95fc332f3ae1ce4145167192ddcfc30e1e5778e94dd,8e041173c6297a8111152b13972c3194d8b98be60c1a0fb506f60d751bc9e592,8a7142d605560d37c8f58340d685fdf33f893148b6f541662b1ad84a5db41a2c
427a94c8194947fba076c385e2c49206,77,native_gfh,False,42,7.322947978973389,10.088800191879272,0.21626663208007812,0.26362448930740356,0.34949299693107605,16.199413537979126,0.24518567323684692,0.7975718379020691,f4b6fe9e8d8412b45ca8aa6afbd486977f47f75e68c2c8990a02adc43d59a664,51045f0aa36c38f701f5f734161b5c5ecc6cd3f92c903265c9b6d25028b1e19e,756b396633d385f2cf4278901e934871d757674698c0f7f3573c6f0716661eb5,0340047558809127cfbef95fc332f3ae1ce4145167192ddcfc30e1e5778e94dd,8e041173c6297a8111152b13972c3194d8b98be60c1a0fb506f60d751bc9e592,8a7142d605560d37c8f58340d685fdf33f893148b6f541662b1ad84a5db41a2c
427a94c8194947fba076c385e2c49206,77,native_gfl,False,42,7.49216103553772,9.900222420692444,0.21241089701652527,0.23973475396633148,0.3362506628036499,16.601611375808716,0.2384660691022873,0.8017376661300659,f4b6fe9e8d8412b45ca8aa6afbd486977f47f75e68c2c8990a02adc43d59a664,51045f0aa36c38f701f5f734161b5c5ecc6cd3f92c903265c9b6d25028b1e19e,756b396633d385f2cf4278901e934871d757674698c0f7f3573c6f0716661eb5,0340047558809127cfbef95fc332f3ae1ce4145167192ddcfc30e1e5778e94dd,8e041173c6297a8111152b13972c3194d8b98be60c1a0fb506f60d751bc9e592,8a7142d605560d37c8f58340d685fdf33f893148b6f541662b1ad84a5db41a2c
427a94c8194947fba076c385e2c49206,77,no_adapter,False,42,7.102787494659424,4.662160277366638,0.25899022817611694,0.2684725522994995,0.3101862967014313,8.905751705169678,0.6319092512130737,0.7028906941413879,f4b6fe9e8d8412b45ca8aa6afbd486977f47f75e68c2c8990a02adc43d59a664,51045f0aa36c38f701f5f734161b5c5ecc6cd3f92c903265c9b6d25028b1e19e,756b396633d385f2cf4278901e934871d757674698c0f7f3573c6f0716661eb5,0340047558809127cfbef95fc332f3ae1ce4145167192ddcfc30e1e5778e94dd,8e041173c6297a8111152b13972c3194d8b98be60c1a0fb506f60d751bc9e592,8a7142d605560d37c8f58340d685fdf33f893148b6f541662b1ad84a5db41a2c
433a1d5bd31b4fa9903e306baab9f47b,78,native_gc3,False,42,7.43400764465332,14.00665283203125,0.24475350975990295,0.4483979046344757,0.46490922570228577,19.71275806427002,0.23272716999053955,0.8256490230560303,28e75288d2569f8540237294fb1c08044110932fea7c7370d970812b7a5b64aa,72c7a44e9eb96a4a83d33dd04503d4a79fec23f0333fb5358c610b62fd21fa49,fbced5e8c04dc18500f8ae60a52ccb97d7ab120ade9cc5364d9ec7356e1f512a,0340047558809127cfbef95fc332f3ae1ce4145167192ddcfc30e1e5778e94dd,a367211725a247f5a66ad0cea5c007b08e7794c63b9a0a16543057cf991fdab8,c09c62071a3079479677e400b9ccdebcd6a8de6577ecd5852f6d9e86e53d5e18
433a1d5bd31b4fa9903e306baab9f47b,78,native_gfh,False,42,7.364935398101807,16.117810010910034,0.23077648878097534,0.5276145339012146,0.4962550103664398,19.76103186607361,0.22885239124298096,0.8298962116241455,28e75288d2569f8540237294fb1c08044110932fea7c7370d970812b7a5b64aa,72c7a44e9eb96a4a83d33dd04503d4a79fec23f0333fb5358c610b62fd21fa49,fbced5e8c04dc18500f8ae60a52ccb97d7ab120ade9cc5364d9ec7356e1f512a,0340047558809127cfbef95fc332f3ae1ce4145167192ddcfc30e1e5778e94dd,a367211725a247f5a66ad0cea5c007b08e7794c63b9a0a16543057cf991fdab8,c09c62071a3079479677e400b9ccdebcd6a8de6577ecd5852f6d9e86e53d5e18
433a1d5bd31b4fa9903e306baab9f47b,78,native_gfl,False,42,7.316922426223755,12.109580039978027,0.2634277045726776,0.40493980050086975,0.4516359865665436,18.187365531921387,0.24470674991607666,0.8158601522445679,28e75288d2569f8540237294fb1c08044110932fea7c7370d970812b7a5b64aa,72c7a44e9eb96a4a83d33dd04503d4a79fec23f0333fb5358c610b62fd21fa49,fbced5e8c04dc18500f8ae60a52ccb97d7ab120ade9cc5364d9ec7356e1f512a,0340047558809127cfbef95fc332f3ae1ce4145167192ddcfc30e1e5778e94dd,a367211725a247f5a66ad0cea5c007b08e7794c63b9a0a16543057cf991fdab8,c09c62071a3079479677e400b9ccdebcd6a8de6577ecd5852f6d9e86e53d5e18
433a1d5bd31b4fa9903e306baab9f47b,78,no_adapter,False,42,6.995067358016968,8.334764838218689,0.24133974313735962,0.5526944398880005,0.43579408526420593,10.4989492893219,0.5984022617340088,0.7488095164299011,28e75288d2569f8540237294fb1c08044110932fea7c7370d970812b7a5b64aa,72c7a44e9eb96a4a83d33dd04503d4a79fec23f0333fb5358c610b62fd21fa49,fbced5e8c04dc18500f8ae60a52ccb97d7ab120ade9cc5364d9ec7356e1f512a,0340047558809127cfbef95fc332f3ae1ce4145167192ddcfc30e1e5778e94dd,a367211725a247f5a66ad0cea5c007b08e7794c63b9a0a16543057cf991fdab8,c09c62071a3079479677e400b9ccdebcd6a8de6577ecd5852f6d9e86e53d5e18
4434ef5d4b8a4cc4b794ce346f4e0738,79,native_gc3,False,42,7.597796440124512,12.56318211555481,0.20773977041244507,0.37279441952705383,0.5288090109825134,20.32663106918335,0.27926573157310486,0.8304266929626465,d327616532267f8f6d8de8e12247638195e26b993f54316695e450be3d280253,60073bf942c3c4e372417db10a2b0a9b048a7f667ae4f9ea10fdd8e7bab89de2,7007721573385d54f1834bf35003530e9b02a20cd396a19085afddce78227a7e,0340047558809127cfbef95fc332f3ae1ce4145167192ddcfc30e1e5778e94dd,29be534cb7c4fb7b3f8c263c5d6b34b9faf31ec8610e230b31d9f670d67df7e2,eb9baa2f377b67c7cbd6d18458d6416cf58b657942003bcc2feb38301caf14c2
4434ef5d4b8a4cc4b794ce346f4e0738,79,native_gfh,False,42,7.519242525100708,14.402567148208618,0.1742803454399109,0.4063143730163574,0.57509845495224,19.99733567237854,0.27234119176864624,0.8303167223930359,d327616532267f8f6d8de8e12247638195e26b993f54316695e450be3d280253,60073bf942c3c4e372417db10a2b0a9b048a7f667ae4f9ea10fdd8e7bab89de2,7007721573385d54f1834bf35003530e9b02a20cd396a19085afddce78227a7e,0340047558809127cfbef95fc332f3ae1ce4145167192ddcfc30e1e5778e94dd,29be534cb7c4fb7b3f8c263c5d6b34b9faf31ec8610e230b31d9f670d67df7e2,eb9baa2f377b67c7cbd6d18458d6416cf58b657942003bcc2feb38301caf14c2
4434ef5d4b8a4cc4b794ce346f4e0738,79,native_gfl,False,42,7.38732647895813,11.156091690063477,0.2233525812625885,0.33484047651290894,0.5059959292411804,19.220014810562134,0.2872777283191681,0.8225646615028381,d327616532267f8f6d8de8e12247638195e26b993f54316695e450be3d280253,60073bf942c3c4e372417db10a2b0a9b048a7f667ae4f9ea10fdd8e7bab89de2,7007721573385d54f1834bf35003530e9b02a20cd396a19085afddce78227a7e,0340047558809127cfbef95fc332f3ae1ce4145167192ddcfc30e1e5778e94dd,29be534cb7c4fb7b3f8c263c5d6b34b9faf31ec8610e230b31d9f670d67df7e2,eb9baa2f377b67c7cbd6d18458d6416cf58b657942003bcc2feb38301caf14c2
4434ef5d4b8a4cc4b794ce346f4e0738,79,no_adapter,False,42,7.182618856430054,9.887080788612366,0.2334660440683365,0.43626585602760315,0.5824863910675049,10.725531578063965,0.6428354382514954,0.7104560136795044,d327616532267f8f6d8de8e12247638195e26b993f54316695e450be3d280253,60073bf942c3c4e372417db10a2b0a9b048a7f667ae4f9ea10fdd8e7bab89de2,7007721573385d54f1834bf35003530e9b02a20cd396a19085afddce78227a7e,0340047558809127cfbef95fc332f3ae1ce4145167192ddcfc30e1e5778e94dd,29be534cb7c4fb7b3f8c263c5d6b34b9faf31ec8610e230b31d9f670d67df7e2,eb9baa2f377b67c7cbd6d18458d6416cf58b657942003bcc2feb38301caf14c2
449e82dd0724454496eb9e26af3b8810,80,native_gc3,False,42,7.339155435562134,11.63478970527649,0.11727722734212875,0.37751641869544983,0.4975084066390991,19.83413815498352,0.12738466262817383,0.8870439529418945,e36fbb12ade9e99fbc823d0dc7c805a5430390ee2566d877d3180cf1a9d91f22,2493eaa3913831e0cfa29e398aa2d870b6dfaeae6be1b46b2353c66b6fb14279,0622c62760eaaac0ebc904b10fbfcff658218f40b67359af7e03b968b2233359,0340047558809127cfbef95fc332f3ae1ce4145167192ddcfc30e1e5778e94dd,4a7215f92fe0ef5401a698800055d1199da3da4399ee346d923164a027e7e8fe,7b3b41a006902f7c21124e5b5f101db8df8cbba875a4af565bce338fb086d9b8
449e82dd0724454496eb9e26af3b8810,80,native_gfh,False,42,7.347435712814331,11.63671612739563,0.11978388577699661,0.40915536880493164,0.5209411382675171,18.655076026916504,0.12683174014091492,0.8757664561271667,e36fbb12ade9e99fbc823d0dc7c805a5430390ee2566d877d3180cf1a9d91f22,2493eaa3913831e0cfa29e398aa2d870b6dfaeae6be1b46b2353c66b6fb14279,0622c62760eaaac0ebc904b10fbfcff658218f40b67359af7e03b968b2233359,0340047558809127cfbef95fc332f3ae1ce4145167192ddcfc30e1e5778e94dd,4a7215f92fe0ef5401a698800055d1199da3da4399ee346d923164a027e7e8fe,7b3b41a006902f7c21124e5b5f101db8df8cbba875a4af565bce338fb086d9b8
449e82dd0724454496eb9e26af3b8810,80,native_gfl,False,42,7.303470134735107,11.45658254623413,0.11511841416358948,0.3846083879470825,0.4940507709980011,19.88447070121765,0.12377141416072845,0.8818641304969788,e36fbb12ade9e99fbc823d0dc7c805a5430390ee2566d877d3180cf1a9d91f22,2493eaa3913831e0cfa29e398aa2d870b6dfaeae6be1b46b2353c66b6fb14279,0622c62760eaaac0ebc904b10fbfcff658218f40b67359af7e03b968b2233359,0340047558809127cfbef95fc332f3ae1ce4145167192ddcfc30e1e5778e94dd,4a7215f92fe0ef5401a698800055d1199da3da4399ee346d923164a027e7e8fe,7b3b41a006902f7c21124e5b5f101db8df8cbba875a4af565bce338fb086d9b8
449e82dd0724454496eb9e26af3b8810,80,no_adapter,False,42,7.100403070449829,4.705689251422882,0.1599874198436737,0.3679630756378174,0.44166311621665955,10.015050172805786,0.6059969067573547,0.7505790591239929,e36fbb12ade9e99fbc823d0dc7c805a5430390ee2566d877d3180cf1a9d91f22,2493eaa3913831e0cfa29e398aa2d870b6dfaeae6be1b46b2353c66b6fb14279,0622c62760eaaac0ebc904b10fbfcff658218f40b67359af7e03b968b2233359,0340047558809127cfbef95fc332f3ae1ce4145167192ddcfc30e1e5778e94dd,4a7215f92fe0ef5401a698800055d1199da3da4399ee346d923164a027e7e8fe,7b3b41a006902f7c21124e5b5f101db8df8cbba875a4af565bce338fb086d9b8
45309185ade64afbb91137b044b74bc5,81,native_gc3,False,42,7.437631607055664,16.065433025360107,0.16599668562412262,0.4703434109687805,0.5272037386894226,21.82023525238037,0.1686447411775589,0.8470867872238159,f33b34b1a62c50c6a54ef0d29aa8dc12ba30682fac794dd9a5fc0756b385c6e4,ec5616b3bc2f306ddc3965f8fa8c5a157bdc5183fc716c406fa2769080158049,7151bdfcd6afbabd874d96bfdc7cdf9bcb5c9a50ce31abd7f71fb13b5bddd632,0340047558809127cfbef95fc332f3ae1ce4145167192ddcfc30e1e5778e94dd,906344aab971dd4e7edbbad6278a82988fd0312bb56efa0602799daea6400fd0,a07bad22ded0097b3c7b59a612a416fad0238b3f6d8fff31cd1b3ca75bd07c96
45309185ade64afbb91137b044b74bc5,81,native_gfh,False,42,7.378626823425293,17.75088667869568,0.14862005412578583,0.536040723323822,0.551212728023529,20.324625968933105,0.16407600045204163,0.8456314206123352,f33b34b1a62c50c6a54ef0d29aa8dc12ba30682fac794dd9a5fc0756b385c6e4,ec5616b3bc2f306ddc3965f8fa8c5a157bdc5183fc716c406fa2769080158049,7151bdfcd6afbabd874d96bfdc7cdf9bcb5c9a50ce31abd7f71fb13b5bddd632,0340047558809127cfbef95fc332f3ae1ce4145167192ddcfc30e1e5778e94dd,906344aab971dd4e7edbbad6278a82988fd0312bb56efa0602799daea6400fd0,a07bad22ded0097b3c7b59a612a416fad0238b3f6d8fff31cd1b3ca75bd07c96
45309185ade64afbb91137b044b74bc5,81,native_gfl,False,42,7.425989627838135,15.393465757369995,0.17695589363574982,0.4566049873828888,0.5215623378753662,21.677372455596924,0.17265529930591583,0.839326024055481,f33b34b1a62c50c6a54ef0d29aa8dc12ba30682fac794dd9a5fc0756b385c6e4,ec5616b3bc2f306ddc3965f8fa8c5a157bdc5183fc716c406fa2769080158049,7151bdfcd6afbabd874d96bfdc7cdf9bcb5c9a50ce31abd7f71fb13b5bddd632,0340047558809127cfbef95fc332f3ae1ce4145167192ddcfc30e1e5778e94dd,906344aab971dd4e7edbbad6278a82988fd0312bb56efa0602799daea6400fd0,a07bad22ded0097b3c7b59a612a416fad0238b3f6d8fff31cd1b3ca75bd07c96
45309185ade64afbb91137b044b74bc5,81,no_adapter,False,42,7.163443326950073,7.490660548210144,0.26609036326408386,0.5020471811294556,0.47348785400390625,10.027247667312622,0.6428056359291077,0.7103918790817261,f33b34b1a62c50c6a54ef0d29aa8dc12ba30682fac794dd9a5fc0756b385c6e4,ec5616b3bc2f306ddc3965f8fa8c5a157bdc5183fc716c406fa2769080158049,7151bdfcd6afbabd874d96bfdc7cdf9bcb5c9a50ce31abd7f71fb13b5bddd632,0340047558809127cfbef95fc332f3ae1ce4145167192ddcfc30e1e5778e94dd,906344aab971dd4e7edbbad6278a82988fd0312bb56efa0602799daea6400fd0,a07bad22ded0097b3c7b59a612a416fad0238b3f6d8fff31cd1b3ca75bd07c96
46faf219f586448b903d8159b34822dc,82,native_gc3,False,42,7.43742561340332,7.822633981704712,0.13583612442016602,0.17395685613155365,0.4401468336582184,17.02048420906067,0.19165454804897308,0.8520373106002808,859e175090d89edb3042697e2842e8a3b833847a8a868a6a4db56529a45f50ed,36f6398d62c00108bb8717e94d2b0f08a49af6dcc5eeb678626b114905f28065,741f79e602c65ea37896c11e15ad48b2666957f060b8b65a15dc74ef87fbe425,0340047558809127cfbef95fc332f3ae1ce4145167192ddcfc30e1e5778e94dd,6ee2f1ba35c1dc1aef9e0a7006210df2dfcc53c6743aef091757c260481c0783,221550ae225847025abb676a503fca90fcffe0b34543d3bcd5675f171b1d6d2d
46faf219f586448b903d8159b34822dc,82,native_gfh,False,42,7.418833017349243,7.333112359046936,0.14807121455669403,0.22796383500099182,0.44682714343070984,15.963385105133057,0.19355732202529907,0.846737802028656,859e175090d89edb3042697e2842e8a3b833847a8a868a6a4db56529a45f50ed,36f6398d62c00108bb8717e94d2b0f08a49af6dcc5eeb678626b114905f28065,741f79e602c65ea37896c11e15ad48b2666957f060b8b65a15dc74ef87fbe425,0340047558809127cfbef95fc332f3ae1ce4145167192ddcfc30e1e5778e94dd,6ee2f1ba35c1dc1aef9e0a7006210df2dfcc53c6743aef091757c260481c0783,221550ae225847025abb676a503fca90fcffe0b34543d3bcd5675f171b1d6d2d
46faf219f586448b903d8159b34822dc,82,native_gfl,False,42,7.4836039543151855,8.097295761108398,0.12937423586845398,0.14165085554122925,0.43763652443885803,17.392183542251587,0.19336234033107758,0.8478706479072571,859e175090d89edb3042697e2842e8a3b833847a8a868a6a4db56529a45f50ed,36f6398d62c00108bb8717e94d2b0f08a49af6dcc5eeb678626b114905f28065,741f79e602c65ea37896c11e15ad48b2666957f060b8b65a15dc74ef87fbe425,0340047558809127cfbef95fc332f3ae1ce4145167192ddcfc30e1e5778e94dd,6ee2f1ba35c1dc1aef9e0a7006210df2dfcc53c6743aef091757c260481c0783,221550ae225847025abb676a503fca90fcffe0b34543d3bcd5675f171b1d6d2d
46faf219f586448b903d8159b34822dc,82,no_adapter,False,42,7.1329240798950195,2.069486677646637,0.1521512269973755,0.2882838547229767,0.414630651473999,9.480674266815186,0.510075569152832,0.8012838959693909,859e175090d89edb3042697e2842e8a3b833847a8a868a6a4db56529a45f50ed,36f6398d62c00108bb8717e94d2b0f08a49af6dcc5eeb678626b114905f28065,741f79e602c65ea37896c11e15ad48b2666957f060b8b65a15dc74ef87fbe425,0340047558809127cfbef95fc332f3ae1ce4145167192ddcfc30e1e5778e94dd,6ee2f1ba35c1dc1aef9e0a7006210df2dfcc53c6743aef091757c260481c0783,221550ae225847025abb676a503fca90fcffe0b34543d3bcd5675f171b1d6d2d
488fe4f896084c1487944db923b54cea,83,native_gc3,False,42,7.420244455337524,12.048372030258179,0.2154855728149414,0.3584350347518921,0.3957725167274475,17.007839679718018,0.2547382116317749,0.7821493148803711,893407e5436bec55f420d22b1a2998b1a055944311083dad164bbb20a9063db0,cdcfd551f6c122389b48f41f9810a16d25f753727e1c87d2e881aaf01d799346,df05d69f2c93e9c75817404a8126dcdb74bcda4a8c7ee3574695fa50ab39fe37,0340047558809127cfbef95fc332f3ae1ce4145167192ddcfc30e1e5778e94dd,495cbe7862d399d2672408821c7e95b8c2bfd4695da594b15f40d8a78f6469a3,12ebcccbd6eb4d598373098ffc25148756f701f779390eaa332393fb510a780a
488fe4f896084c1487944db923b54cea,83,native_gfh,False,42,7.437518119812012,13.448265790939331,0.19351895153522491,0.3902614414691925,0.4224851429462433,17.315884828567505,0.2389443814754486,0.7853849530220032,893407e5436bec55f420d22b1a2998b1a055944311083dad164bbb20a9063db0,cdcfd551f6c122389b48f41f9810a16d25f753727e1c87d2e881aaf01d799346,df05d69f2c93e9c75817404a8126dcdb74bcda4a8c7ee3574695fa50ab39fe37,0340047558809127cfbef95fc332f3ae1ce4145167192ddcfc30e1e5778e94dd,495cbe7862d399d2672408821c7e95b8c2bfd4695da594b15f40d8a78f6469a3,12ebcccbd6eb4d598373098ffc25148756f701f779390eaa332393fb510a780a
488fe4f896084c1487944db923b54cea,83,native_gfl,False,42,7.415283441543579,10.85140585899353,0.23227724432945251,0.3287110924720764,0.3770419657230377,16.051549911499023,0.2647238075733185,0.7755699157714844,893407e5436bec55f420d22b1a2998b1a055944311083dad164bbb20a9063db0,cdcfd551f6c122389b48f41f9810a16d25f753727e1c87d2e881aaf01d799346,df05d69f2c93e9c75817404a8126dcdb74bcda4a8c7ee3574695fa50ab39fe37,0340047558809127cfbef95fc332f3ae1ce4145167192ddcfc30e1e5778e94dd,495cbe7862d399d2672408821c7e95b8c2bfd4695da594b15f40d8a78f6469a3,12ebcccbd6eb4d598373098ffc25148756f701f779390eaa332393fb510a780a
488fe4f896084c1487944db923b54cea,83,no_adapter,False,42,7.095741510391235,11.160640716552734,0.18428421020507812,0.46406713128089905,0.4644086956977844,11.241947412490845,0.5997841358184814,0.701975405216217,893407e5436bec55f420d22b1a2998b1a055944311083dad164bbb20a9063db0,cdcfd551f6c122389b48f41f9810a16d25f753727e1c87d2e881aaf01d799346,df05d69f2c93e9c75817404a8126dcdb74bcda4a8c7ee3574695fa50ab39fe37,0340047558809127cfbef95fc332f3ae1ce4145167192ddcfc30e1e5778e94dd,495cbe7862d399d2672408821c7e95b8c2bfd4695da594b15f40d8a78f6469a3,12ebcccbd6eb4d598373098ffc25148756f701f779390eaa332393fb510a780a
48aa625f11df47b68588bc3f476a3cb1,84,native_gc3,False,42,7.457566976547241,11.934797763824463,0.1689370572566986,0.3132137358188629,0.5161246657371521,21.06522560119629,0.20578846335411072,0.8790510892868042,c058a5a2b86599847e8a3c6e7d044b1cf26b0189bea3c02f2a0224fde7d5c53b,5fb3e944c4f16e47c9387f7bf5cf29172f11ece78236a460b65fc27c24d8133c,c897e4fd1be4b2d39769e16ca70fa48c50ec0d690663f4b7bebe74c960d1b4c7,0340047558809127cfbef95fc332f3ae1ce4145167192ddcfc30e1e5778e94dd,fb0c3540bd2916c36660ba30d32ddc5d9bbfb2a796522b95c851dd16dc143a0b,c9750b5dfbd89c44de56b9aaa750d0945f67e4fd90d56867355f1a96fb3047bb
48aa625f11df47b68588bc3f476a3cb1,84,native_gfh,False,42,7.398050308227539,13.438241481781006,0.16077964007854462,0.31763482093811035,0.5396047830581665,19.919675588607788,0.19162681698799133,0.8777799010276794,c058a5a2b86599847e8a3c6e7d044b1cf26b0189bea3c02f2a0224fde7d5c53b,5fb3e944c4f16e47c9387f7bf5cf29172f11ece78236a460b65fc27c24d8133c,c897e4fd1be4b2d39769e16ca70fa48c50ec0d690663f4b7bebe74c960d1b4c7,0340047558809127cfbef95fc332f3ae1ce4145167192ddcfc30e1e5778e94dd,fb0c3540bd2916c36660ba30d32ddc5d9bbfb2a796522b95c851dd16dc143a0b,c9750b5dfbd89c44de56b9aaa750d0945f67e4fd90d56867355f1a96fb3047bb
48aa625f11df47b68588bc3f476a3cb1,84,native_gfl,False,42,7.594895839691162,11.27254843711853,0.16809435188770294,0.307856947183609,0.5147081017494202,21.050171852111816,0.2035985291004181,0.8741753697395325,c058a5a2b86599847e8a3c6e7d044b1cf26b0189bea3c02f2a0224fde7d5c53b,5fb3e944c4f16e47c9387f7bf5cf29172f11ece78236a460b65fc27c24d8133c,c897e4fd1be4b2d39769e16ca70fa48c50ec0d690663f4b7bebe74c960d1b4c7,0340047558809127cfbef95fc332f3ae1ce4145167192ddcfc30e1e5778e94dd,fb0c3540bd2916c36660ba30d32ddc5d9bbfb2a796522b95c851dd16dc143a0b,c9750b5dfbd89c44de56b9aaa750d0945f67e4fd90d56867355f1a96fb3047bb
48aa625f11df47b68588bc3f476a3cb1,84,no_adapter,False,42,7.320696592330933,5.594081282615662,0.18992166221141815,0.3019371032714844,0.4211759865283966,9.926753640174866,0.6576522588729858,0.7252445220947266,c058a5a2b86599847e8a3c6e7d044b1cf26b0189bea3c02f2a0224fde7d5c53b,5fb3e944c4f16e47c9387f7bf5cf29172f11ece78236a460b65fc27c24d8133c,c897e4fd1be4b2d39769e16ca70fa48c50ec0d690663f4b7bebe74c960d1b4c7,0340047558809127cfbef95fc332f3ae1ce4145167192ddcfc30e1e5778e94dd,fb0c3540bd2916c36660ba30d32ddc5d9bbfb2a796522b95c851dd16dc143a0b,c9750b5dfbd89c44de56b9aaa750d0945f67e4fd90d56867355f1a96fb3047bb
49efa66f7e9c417994962e7671c89651,85,native_gc3,False,42,7.311601161956787,13.611806631088257,0.22118157148361206,0.5272420644760132,0.5185460448265076,19.36037540435791,0.24946318566799164,0.835077702999115,cdfbccd5fc2621227ac5eee9ad1669f3db99be4b50f21753ab9ec0da424709e1,7bb43c174cd1621534faf37a6a9235eb837e626baca995de7261f4d02648f089,0ff70ab08e2f8518a27e5638b47a3d3fd339567f6702906c339f94f31ad19c93,0340047558809127cfbef95fc332f3ae1ce4145167192ddcfc30e1e5778e94dd,fc8018d9277b3b1a8bb12428abbb6183a0453ebb20435b21cbcc38eb3c4461c7,3089a97b7b688eef2cb12296bd4d348fff0fb28f652529830393cb8d21cbc524
49efa66f7e9c417994962e7671c89651,85,native_gfh,False,42,7.439693212509155,15.317436456680298,0.20396912097930908,0.60328209400177,0.5617550015449524,19.41032648086548,0.24050192534923553,0.8426619172096252,cdfbccd5fc2621227ac5eee9ad1669f3db99be4b50f21753ab9ec0da424709e1,7bb43c174cd1621534faf37a6a9235eb837e626baca995de7261f4d02648f089,0ff70ab08e2f8518a27e5638b47a3d3fd339567f6702906c339f94f31ad19c93,0340047558809127cfbef95fc332f3ae1ce4145167192ddcfc30e1e5778e94dd,fc8018d9277b3b1a8bb12428abbb6183a0453ebb20435b21cbcc38eb3c4461c7,3089a97b7b688eef2cb12296bd4d348fff0fb28f652529830393cb8d21cbc524
49efa66f7e9c417994962e7671c89651,85,native_gfl,False,42,7.572474002838135,11.918137073516846,0.23916085064411163,0.4912954866886139,0.5010086297988892,17.9256010055542,0.26499688625335693,0.8234402537345886,cdfbccd5fc2621227ac5eee9ad1669f3db99be4b50f21753ab9ec0da424709e1,7bb43c174cd1621534faf37a6a9235eb837e626baca995de7261f4d02648f089,0ff70ab08e2f8518a27e5638b47a3d3fd339567f6702906c339f94f31ad19c93,0340047558809127cfbef95fc332f3ae1ce4145167192ddcfc30e1e5778e94dd,fc8018d9277b3b1a8bb12428abbb6183a0453ebb20435b21cbcc38eb3c4461c7,3089a97b7b688eef2cb12296bd4d348fff0fb28f652529830393cb8d21cbc524
49efa66f7e9c417994962e7671c89651,85,no_adapter,False,42,7.304726839065552,10.90983271598816,0.22924233973026276,0.5783542394638062,0.4927527904510498,11.083195209503174,0.6232349276542664,0.7141563892364502,cdfbccd5fc2621227ac5eee9ad1669f3db99be4b50f21753ab9ec0da424709e1,7bb43c174cd1621534faf37a6a9235eb837e626baca995de7261f4d02648f089,0ff70ab08e2f8518a27e5638b47a3d3fd339567f6702906c339f94f31ad19c93,0340047558809127cfbef95fc332f3ae1ce4145167192ddcfc30e1e5778e94dd,fc8018d9277b3b1a8bb12428abbb6183a0453ebb20435b21cbcc38eb3c4461c7,3089a97b7b688eef2cb12296bd4d348fff0fb28f652529830393cb8d21cbc524
4ba7a33962534f079c555fc2902a8e48,86,native_gc3,False,42,7.511276006698608,12.166541814804077,0.17389078438282013,0.23382562398910522,0.46631383895874023,18.93330216407776,0.2207348346710205,0.8262673616409302,4668fc6cb90e92b08f9047495dba5713550e964645bf54aa73001be42ccb7a9c,55e94aba665adbaff92e35ef7f067381f18e9490b6e5d745364c28acbacc521e,c5bfd77c7fd5f65c370abbc3fa2318eb329ee3cc2ade931716704d003545a957,0340047558809127cfbef95fc332f3ae1ce4145167192ddcfc30e1e5778e94dd,c239f49e5fe993df153cc38c06835228946603d475cc0659d6086d760ffadaa7,302298a8e7bbad0ddffea3e63ba455dbc256606d49c8633f976938ee8a3cd6e2
4ba7a33962534f079c555fc2902a8e48,86,native_gfh,False,42,7.467363119125366,12.464733123779297,0.17390672862529755,0.26769959926605225,0.4762997329235077,18.004262447357178,0.2267804890871048,0.8249161839485168,4668fc6cb90e92b08f9047495dba5713550e964645bf54aa73001be42ccb7a9c,55e94aba665adbaff92e35ef7f067381f18e9490b6e5d745364c28acbacc521e,c5bfd77c7fd5f65c370abbc3fa2318eb329ee3cc2ade931716704d003545a957,0340047558809127cfbef95fc332f3ae1ce4145167192ddcfc30e1e5778e94dd,c239f49e5fe993df153cc38c06835228946603d475cc0659d6086d760ffadaa7,302298a8e7bbad0ddffea3e63ba455dbc256606d49c8633f976938ee8a3cd6e2
4ba7a33962534f079c555fc2902a8e48,86,native_gfl,False,42,7.4282801151275635,11.829572916030884,0.17813247442245483,0.22388650476932526,0.4707193970680237,19.069963693618774,0.24712249636650085,0.8241466879844666,4668fc6cb90e92b08f9047495dba5713550e964645bf54aa73001be42ccb7a9c,55e94aba665adbaff92e35ef7f067381f18e9490b6e5d745364c28acbacc521e,c5bfd77c7fd5f65c370abbc3fa2318eb329ee3cc2ade931716704d003545a957,0340047558809127cfbef95fc332f3ae1ce4145167192ddcfc30e1e5778e94dd,c239f49e5fe993df153cc38c06835228946603d475cc0659d6086d760ffadaa7,302298a8e7bbad0ddffea3e63ba455dbc256606d49c8633f976938ee8a3cd6e2
4ba7a33962534f079c555fc2902a8e48,86,no_adapter,False,42,7.053808212280273,5.298806428909302,0.24739018082618713,0.24053142964839935,0.38809576630592346,8.618403673171997,0.6482841968536377,0.6852664947509766,4668fc6cb90e92b08f9047495dba5713550e964645bf54aa73001be42ccb7a9c,55e94aba665adbaff92e35ef7f067381f18e9490b6e5d745364c28acbacc521e,c5bfd77c7fd5f65c370abbc3fa2318eb329ee3cc2ade931716704d003545a957,0340047558809127cfbef95fc332f3ae1ce4145167192ddcfc30e1e5778e94dd,c239f49e5fe993df153cc38c06835228946603d475cc0659d6086d760ffadaa7,302298a8e7bbad0ddffea3e63ba455dbc256606d49c8633f976938ee8a3cd6e2
4c3bdb0ce75347cca71006a36e189db2,87,native_gc3,False,42,7.499165773391724,14.512271881103516,0.2248886227607727,0.5848479270935059,0.5563027262687683,20.630223751068115,0.26297104358673096,0.8656893968582153,5a404679cd3b5847c1a42c2d3f400f0deea03f72b32c3174e99b62ae0d180c22,e409e9c681c31efd69a42a4550ba09c15eaa7ab82608c59fccb4cd48b1fbe4d0,2f1a2c19c09e291d6bad6fde89f277cc75954dec7b16846c1effcf0eaa16309c,0340047558809127cfbef95fc332f3ae1ce4145167192ddcfc30e1e5778e94dd,e4f01152f0e07a64c52a2151166655287b2d34c998cf096230864078303c393b,b0e5955c8c6e349bdb77b50392ee692c0f9dc2acfda6a0aee72238204d08aedb
4c3bdb0ce75347cca71006a36e189db2,87,native_gfh,False,42,7.413968086242676,17.21945285797119,0.20771189033985138,0.6869053840637207,0.6019220948219299,20.631182193756104,0.26697027683258057,0.8734090924263,5a404679cd3b5847c1a42c2d3f400f0deea03f72b32c3174e99b62ae0d180c22,e409e9c681c31efd69a42a4550ba09c15eaa7ab82608c59fccb4cd48b1fbe4d0,2f1a2c19c09e291d6bad6fde89f277cc75954dec7b16846c1effcf0eaa16309c,0340047558809127cfbef95fc332f3ae1ce4145167192ddcfc30e1e5778e94dd,e4f01152f0e07a64c52a2151166655287b2d34c998cf096230864078303c393b,b0e5955c8c6e349bdb77b50392ee692c0f9dc2acfda6a0aee72238204d08aedb
4c3bdb0ce75347cca71006a36e189db2,87,native_gfl,False,42,7.379424095153809,12.355883121490479,0.24199220538139343,0.5263195037841797,0.5452576279640198,18.935043811798096,0.27068227529525757,0.8477458953857422,5a404679cd3b5847c1a42c2d3f400f0deea03f72b32c3174e99b62ae0d180c22,e409e9c681c31efd69a42a4550ba09c15eaa7ab82608c59fccb4cd48b1fbe4d0,2f1a2c19c09e291d6bad6fde89f277cc75954dec7b16846c1effcf0eaa16309c,0340047558809127cfbef95fc332f3ae1ce4145167192ddcfc30e1e5778e94dd,e4f01152f0e07a64c52a2151166655287b2d34c998cf096230864078303c393b,b0e5955c8c6e349bdb77b50392ee692c0f9dc2acfda6a0aee72238204d08aedb
4c3bdb0ce75347cca71006a36e189db2,87,no_adapter,False,42,7.080565452575684,10.688503980636597,0.22660742700099945,0.6739407777786255,0.5304259657859802,11.643421649932861,0.6377285122871399,0.7644661664962769,5a404679cd3b5847c1a42c2d3f400f0deea03f72b32c3174e99b62ae0d180c22,e409e9c681c31efd69a42a4550ba09c15eaa7ab82608c59fccb4cd48b1fbe4d0,2f1a2c19c09e291d6bad6fde89f277cc75954dec7b16846c1effcf0eaa16309c,0340047558809127cfbef95fc332f3ae1ce4145167192ddcfc30e1e5778e94dd,e4f01152f0e07a64c52a2151166655287b2d34c998cf096230864078303c393b,b0e5955c8c6e349bdb77b50392ee692c0f9dc2acfda6a0aee72238204d08aedb
4c7f46e299224f7e9954c22767e24baa,88,native_gc3,False,42,7.345110177993774,12.376761436462402,0.12490950524806976,0.35639244318008423,0.4677908718585968,20.404698848724365,0.15748733282089233,0.8771125674247742,f38d24d10ea99f2561369ef3b6bf1eea52f7d18cbcf8e1f2bbda10daf98a3134,969ea0b98d4eda2b51759505b27cd9f9423bbba60bd72c0c63410e8830816c6d,c00629c0901b8744dc0b2a7e1d3e3ef54ce5aaf9238b998208fae7bc128c5726,0340047558809127cfbef95fc332f3ae1ce4145167192ddcfc30e1e5778e94dd,c41f7c6ccc6ed105a01d7179e492861dcbcb7f53f7bf993e1eb2b8ad12f7baf0,ecb9ddd9f51ee97fbb51982c949c0e8f0e63acde6a4307227654c5a309a5e2e3
4c7f46e299224f7e9954c22767e24baa,88,native_gfh,False,42,7.323505401611328,13.69264841079712,0.11011204868555069,0.3874349594116211,0.4906888008117676,19.541327953338623,0.14918042719364166,0.8745090961456299,f38d24d10ea99f2561369ef3b6bf1eea52f7d18cbcf8e1f2bbda10daf98a3134,969ea0b98d4eda2b51759505b27cd9f9423bbba60bd72c0c63410e8830816c6d,c00629c0901b8744dc0b2a7e1d3e3ef54ce5aaf9238b998208fae7bc128c5726,0340047558809127cfbef95fc332f3ae1ce4145167192ddcfc30e1e5778e94dd,c41f7c6ccc6ed105a01d7179e492861dcbcb7f53f7bf993e1eb2b8ad12f7baf0,ecb9ddd9f51ee97fbb51982c949c0e8f0e63acde6a4307227654c5a309a5e2e3
4c7f46e299224f7e9954c22767e24baa,88,native_gfl,False,42,7.3650805950164795,11.738799810409546,0.12842857837677002,0.34129658341407776,0.4615674912929535,20.180084705352783,0.15495532751083374,0.8715984225273132,f38d24d10ea99f2561369ef3b6bf1eea52f7d18cbcf8e1f2bbda10daf98a3134,969ea0b98d4eda2b51759505b27cd9f9423bbba60bd72c0c63410e8830816c6d,c00629c0901b8744dc0b2a7e1d3e3ef54ce5aaf9238b998208fae7bc128c5726,0340047558809127cfbef95fc332f3ae1ce4145167192ddcfc30e1e5778e94dd,c41f7c6ccc6ed105a01d7179e492861dcbcb7f53f7bf993e1eb2b8ad12f7baf0,ecb9ddd9f51ee97fbb51982c949c0e8f0e63acde6a4307227654c5a309a5e2e3
4c7f46e299224f7e9954c22767e24baa,88,no_adapter,False,42,7.145374059677124,6.859170198440552,0.1452605426311493,0.38014963269233704,0.4448278844356537,10.45067310333252,0.6191930770874023,0.7288748621940613,f38d24d10ea99f2561369ef3b6bf1eea52f7d18cbcf8e1f2bbda10daf98a3134,969ea0b98d4eda2b51759505b27cd9f9423bbba60bd72c0c63410e8830816c6d,c00629c0901b8744dc0b2a7e1d3e3ef54ce5aaf9238b998208fae7bc128c5726,0340047558809127cfbef95fc332f3ae1ce4145167192ddcfc30e1e5778e94dd,c41f7c6ccc6ed105a01d7179e492861dcbcb7f53f7bf993e1eb2b8ad12f7baf0,ecb9ddd9f51ee97fbb51982c949c0e8f0e63acde6a4307227654c5a309a5e2e3
4dc762ee5d764b19a4de8a7a3e8b0db9,89,native_gc3,False,42,7.397753000259399,12.628451585769653,0.17138075828552246,0.3016570806503296,0.4655727446079254,18.993579149246216,0.1685146689414978,0.8080216646194458,1e2fb4b346013fba3404658090db6d1a504e5e0547893923e6feab56356958b5,3c1059e477e1871b05a486944972ae390cec5880c1133e12c1f24e73b2ea4284,4322be240de94cdb1bac1886fd1eff46ca57bfedd240610a7b91a206a7a41a55,0340047558809127cfbef95fc332f3ae1ce4145167192ddcfc30e1e5778e94dd,8c5c1b57c53f7675ebae9d7ae02c33be4a65b4667722b2fc99befe04d94bf274,1219427ef28b79ac16d3e0335a84c4c2ce86bd069fa5eacef4c8a0c504987fe5
4dc762ee5d764b19a4de8a7a3e8b0db9,89,native_gfh,False,42,7.442851543426514,14.598966836929321,0.15699303150177002,0.36076268553733826,0.4992843568325043,18.683918714523315,0.1530255526304245,0.807756245136261,1e2fb4b346013fba3404658090db6d1a504e5e0547893923e6feab56356958b5,3c1059e477e1871b05a486944972ae390cec5880c1133e12c1f24e73b2ea4284,4322be240de94cdb1bac1886fd1eff46ca57bfedd240610a7b91a206a7a41a55,0340047558809127cfbef95fc332f3ae1ce4145167192ddcfc30e1e5778e94dd,8c5c1b57c53f7675ebae9d7ae02c33be4a65b4667722b2fc99befe04d94bf274,1219427ef28b79ac16d3e0335a84c4c2ce86bd069fa5eacef4c8a0c504987fe5
4dc762ee5d764b19a4de8a7a3e8b0db9,89,native_gfl,False,42,7.496113300323486,10.74084758758545,0.17903944849967957,0.2711256444454193,0.4543299973011017,17.70361065864563,0.17200656235218048,0.7982059121131897,1e2fb4b346013fba3404658090db6d1a504e5e0547893923e6feab56356958b5,3c1059e477e1871b05a486944972ae390cec5880c1133e12c1f24e73b2ea4284,4322be240de94cdb1bac1886fd1eff46ca57bfedd240610a7b91a206a7a41a55,0340047558809127cfbef95fc332f3ae1ce4145167192ddcfc30e1e5778e94dd,8c5c1b57c53f7675ebae9d7ae02c33be4a65b4667722b2fc99befe04d94bf274,1219427ef28b79ac16d3e0335a84c4c2ce86bd069fa5eacef4c8a0c504987fe5
4dc762ee5d764b19a4de8a7a3e8b0db9,89,no_adapter,False,42,7.260313987731934,7.608292102813721,0.23445487022399902,0.3397037088871002,0.4126299023628235,9.407491087913513,0.6137610673904419,0.6529085636138916,1e2fb4b346013fba3404658090db6d1a504e5e0547893923e6feab56356958b5,3c1059e477e1871b05a486944972ae390cec5880c1133e12c1f24e73b2ea4284,4322be240de94cdb1bac1886fd1eff46ca57bfedd240610a7b91a206a7a41a55,0340047558809127cfbef95fc332f3ae1ce4145167192ddcfc30e1e5778e94dd,8c5c1b57c53f7675ebae9d7ae02c33be4a65b4667722b2fc99befe04d94bf274,1219427ef28b79ac16d3e0335a84c4c2ce86bd069fa5eacef4c8a0c504987fe5
511a346d65294b57b5024391f5547bb5,90,native_gc3,False,42,7.54124903678894,10.441149473190308,0.10881111025810242,0.2623533010482788,0.4831783175468445,18.71156930923462,0.15562058985233307,0.8733962178230286,920e21da719e6983bf90712f01f4976c2e4f318a572872a5846b8ae1b3bf7306,bbf84261a07ab5b8d2e6bbe540c76e54c96b24a2e9466aa44996600a0f0edc6d,45d9ee2f90b92f03ab94150d2866f211a1a745768de2e051cf701920572307cc,0340047558809127cfbef95fc332f3ae1ce4145167192ddcfc30e1e5778e94dd,17ae72fd4f358f065b5be14363f80f9e946e7cd943b8d05f6616f1da45db3d5f,ad028cf4c37a6db9e93c632b17cf19f12f6b7cfb2eac2fcaaee6259d9e1f4297
511a346d65294b57b5024391f5547bb5,90,native_gfh,False,42,7.5142951011657715,10.074807405471802,0.11008709669113159,0.2609248757362366,0.4777904152870178,17.035683393478394,0.15860816836357117,0.8711341023445129,920e21da719e6983bf90712f01f4976c2e4f318a572872a5846b8ae1b3bf7306,bbf84261a07ab5b8d2e6bbe540c76e54c96b24a2e9466aa44996600a0f0edc6d,45d9ee2f90b92f03ab94150d2866f211a1a745768de2e051cf701920572307cc,0340047558809127cfbef95fc332f3ae1ce4145167192ddcfc30e1e5778e94dd,17ae72fd4f358f065b5be14363f80f9e946e7cd943b8d05f6616f1da45db3d5f,ad028cf4c37a6db9e93c632b17cf19f12f6b7cfb2eac2fcaaee6259d9e1f4297
511a346d65294b57b5024391f5547bb5,90,native_gfl,False,42,7.636017322540283,10.85148572921753,0.10571369528770447,0.2687808573246002,0.4875146746635437,19.28817391395569,0.1654175966978073,0.8746854066848755,920e21da719e6983bf90712f01f4976c2e4f318a572872a5846b8ae1b3bf7306,bbf84261a07ab5b8d2e6bbe540c76e54c96b24a2e9466aa44996600a0f0edc6d,45d9ee2f90b92f03ab94150d2866f211a1a745768de2e051cf701920572307cc,0340047558809127cfbef95fc332f3ae1ce4145167192ddcfc30e1e5778e94dd,17ae72fd4f358f065b5be14363f80f9e946e7cd943b8d05f6616f1da45db3d5f,ad028cf4c37a6db9e93c632b17cf19f12f6b7cfb2eac2fcaaee6259d9e1f4297
511a346d65294b57b5024391f5547bb5,90,no_adapter,False,42,7.284611940383911,3.0928239226341248,0.12901031970977783,0.1977887749671936,0.40639370679855347,9.0184086561203,0.633525013923645,0.726457417011261,920e21da719e6983bf90712f01f4976c2e4f318a572872a5846b8ae1b3bf7306,bbf84261a07ab5b8d2e6bbe540c76e54c96b24a2e9466aa44996600a0f0edc6d,45d9ee2f90b92f03ab94150d2866f211a1a745768de2e051cf701920572307cc,0340047558809127cfbef95fc332f3ae1ce4145167192ddcfc30e1e5778e94dd,17ae72fd4f358f065b5be14363f80f9e946e7cd943b8d05f6616f1da45db3d5f,ad028cf4c37a6db9e93c632b17cf19f12f6b7cfb2eac2fcaaee6259d9e1f4297
53fbd0392b3946a386e2116991381f4c,91,native_gc3,False,42,7.742171764373779,8.400571346282959,0.19741351902484894,0.125852569937706,0.42106881737709045,15.745173692703247,0.20867690443992615,0.8108896613121033,35fb2255d3705929eed623e000aadb0bea00291a22d7db2afb6f45c116065420,58d498d5f972ecb154f3b446c517f204c57501f62a0a09a4936d9a5f1020b2cd,44b5d21a11e50524738d8e0431c73e7377158f4e987c289fb45ab58b5d39c277,0340047558809127cfbef95fc332f3ae1ce4145167192ddcfc30e1e5778e94dd,6b80488e3449957d84bd873aab6384561947e3a286d69ae1f7259ea100d48a82,b0d1634a83844d6825acc6c59988851ca882b1fcae8d1dd51123e0238ff55467
53fbd0392b3946a386e2116991381f4c,91,native_gfh,False,42,7.633647441864014,7.604548931121826,0.20114782452583313,0.12277855724096298,0.4130421578884125,14.654442071914673,0.2077658325433731,0.8023286461830139,35fb2255d3705929eed623e000aadb0bea00291a22d7db2afb6f45c116065420,58d498d5f972ecb154f3b446c517f204c57501f62a0a09a4936d9a5f1020b2cd,44b5d21a11e50524738d8e0431c73e7377158f4e987c289fb45ab58b5d39c277,0340047558809127cfbef95fc332f3ae1ce4145167192ddcfc30e1e5778e94dd,6b80488e3449957d84bd873aab6384561947e3a286d69ae1f7259ea100d48a82,b0d1634a83844d6825acc6c59988851ca882b1fcae8d1dd51123e0238ff55467
53fbd0392b3946a386e2116991381f4c,91,native_gfl,False,42,7.577977418899536,9.542673826217651,0.19490692019462585,0.14728951454162598,0.4327893555164337,16.855498552322388,0.2033580243587494,0.8117045760154724,35fb2255d3705929eed623e000aadb0bea00291a22d7db2afb6f45c116065420,58d498d5f972ecb154f3b446c517f204c57501f62a0a09a4936d9a5f1020b2cd,44b5d21a11e50524738d8e0431c73e7377158f4e987c289fb45ab58b5d39c277,0340047558809127cfbef95fc332f3ae1ce4145167192ddcfc30e1e5778e94dd,6b80488e3449957d84bd873aab6384561947e3a286d69ae1f7259ea100d48a82,b0d1634a83844d6825acc6c59988851ca882b1fcae8d1dd51123e0238ff55467
53fbd0392b3946a386e2116991381f4c,91,no_adapter,False,42,7.316549301147461,2.3623310029506683,0.23886656761169434,0.09870604425668716,0.35704487562179565,8.05167019367218,0.5565846562385559,0.7178494930267334,35fb2255d3705929eed623e000aadb0bea00291a22d7db2afb6f45c116065420,58d498d5f972ecb154f3b446c517f204c57501f62a0a09a4936d9a5f1020b2cd,44b5d21a11e50524738d8e0431c73e7377158f4e987c289fb45ab58b5d39c277,0340047558809127cfbef95fc332f3ae1ce4145167192ddcfc30e1e5778e94dd,6b80488e3449957d84bd873aab6384561947e3a286d69ae1f7259ea100d48a82,b0d1634a83844d6825acc6c59988851ca882b1fcae8d1dd51123e0238ff55467
549eb243dfe24f029d053e8c420dddbd,92,native_gc3,False,42,7.628754138946533,13.480584621429443,0.2511003911495209,0.49519503116607666,0.49620503187179565,20.06913185119629,0.2589833438396454,0.8638339042663574,75f83a1af0c58156e1a94fb7e4dfcdfcd13fcce2460173a1f8dcc46965073a9b,288a191204dc34dd82e10723c63b8ae9dbcbd53f68ea0ddf138e03542341a09b,448a6a4efa3a58c959e9bde8402bf359358331664f8b1f074bb19ea1885ecb08,0340047558809127cfbef95fc332f3ae1ce4145167192ddcfc30e1e5778e94dd,96588907e12934061d35002e2146a7b9ad9889cf403117907e089edfb3981b95,1ed7d49db6d8e0ca6e997f834ac6a2436d9a69c4a1d463f838f58ab6d46a8257
549eb243dfe24f029d053e8c420dddbd,92,native_gfh,False,42,7.472535133361816,15.299503803253174,0.2279837280511856,0.5613091588020325,0.5338423848152161,19.900919198989868,0.24245695769786835,0.8643344044685364,75f83a1af0c58156e1a94fb7e4dfcdfcd13fcce2460173a1f8dcc46965073a9b,288a191204dc34dd82e10723c63b8ae9dbcbd53f68ea0ddf138e03542341a09b,448a6a4efa3a58c959e9bde8402bf359358331664f8b1f074bb19ea1885ecb08,0340047558809127cfbef95fc332f3ae1ce4145167192ddcfc30e1e5778e94dd,96588907e12934061d35002e2146a7b9ad9889cf403117907e089edfb3981b95,1ed7d49db6d8e0ca6e997f834ac6a2436d9a69c4a1d463f838f58ab6d46a8257
549eb243dfe24f029d053e8c420dddbd,92,native_gfl,False,42,7.414301872253418,12.428117990493774,0.26178520917892456,0.4586494565010071,0.4856375753879547,19.44459557533264,0.26317957043647766,0.8547336459159851,75f83a1af0c58156e1a94fb7e4dfcdfcd13fcce2460173a1f8dcc46965073a9b,288a191204dc34dd82e10723c63b8ae9dbcbd53f68ea0ddf138e03542341a09b,448a6a4efa3a58c959e9bde8402bf359358331664f8b1f074bb19ea1885ecb08,0340047558809127cfbef95fc332f3ae1ce4145167192ddcfc30e1e5778e94dd,96588907e12934061d35002e2146a7b9ad9889cf403117907e089edfb3981b95,1ed7d49db6d8e0ca6e997f834ac6a2436d9a69c4a1d463f838f58ab6d46a8257
549eb243dfe24f029d053e8c420dddbd,92,no_adapter,False,42,7.14216423034668,7.83136785030365,0.23471851646900177,0.5544416904449463,0.4466407001018524,10.737634897232056,0.6258358359336853,0.755487322807312,75f83a1af0c58156e1a94fb7e4dfcdfcd13fcce2460173a1f8dcc46965073a9b,288a191204dc34dd82e10723c63b8ae9dbcbd53f68ea0ddf138e03542341a09b,448a6a4efa3a58c959e9bde8402bf359358331664f8b1f074bb19ea1885ecb08,0340047558809127cfbef95fc332f3ae1ce4145167192ddcfc30e1e5778e94dd,96588907e12934061d35002e2146a7b9ad9889cf403117907e089edfb3981b95,1ed7d49db6d8e0ca6e997f834ac6a2436d9a69c4a1d463f838f58ab6d46a8257
54aa675a07144da683002dee3ad39eb5,93,native_gc3,False,42,7.5846874713897705,12.1659255027771,0.15222933888435364,0.39711201190948486,0.5259033441543579,19.332658052444458,0.191398486495018,0.8560196161270142,69e873b93462e79160c71c6b1bc510a7dcabc9e47c953e1f8993c48c191e0d64,7ed0fd0a7e77abc6e7b323fefe753b35372eb61e794e3173cbb2687797582fe4,a519ddcd5bba42eec88a07fb2f76c1c1fd464cbca21da2db24f05b80cf339d94,0340047558809127cfbef95fc332f3ae1ce4145167192ddcfc30e1e5778e94dd,049b77b4cad5132b68a668752710a52181ed039c175ab2202db413db5d196466,0609aec3a2d031ab03bd7129ed90bdbff45d4de4771e3ff67f26199033c028fd
54aa675a07144da683002dee3ad39eb5,93,native_gfh,False,42,7.54006552696228,12.836326360702515,0.14264392852783203,0.43757694959640503,0.54514479637146,18.502466678619385,0.19191396236419678,0.8567885756492615,69e873b93462e79160c71c6b1bc510a7dcabc9e47c953e1f8993c48c191e0d64,7ed0fd0a7e77abc6e7b323fefe753b35372eb61e794e3173cbb2687797582fe4,a519ddcd5bba42eec88a07fb2f76c1c1fd464cbca21da2db24f05b80cf339d94,0340047558809127cfbef95fc332f3ae1ce4145167192ddcfc30e1e5778e94dd,049b77b4cad5132b68a668752710a52181ed039c175ab2202db413db5d196466,0609aec3a2d031ab03bd7129ed90bdbff45d4de4771e3ff67f26199033c028fd
54aa675a07144da683002dee3ad39eb5,93,native_gfl,False,42,7.53969144821167,11.685856580734253,0.15564963221549988,0.3895275592803955,0.5246296525001526,19.243204593658447,0.19893105328083038,0.853715181350708,69e873b93462e79160c71c6b1bc510a7dcabc9e47c953e1f8993c48c191e0d64,7ed0fd0a7e77abc6e7b323fefe753b35372eb61e794e3173cbb2687797582fe4,a519ddcd5bba42eec88a07fb2f76c1c1fd464cbca21da2db24f05b80cf339d94,0340047558809127cfbef95fc332f3ae1ce4145167192ddcfc30e1e5778e94dd,049b77b4cad5132b68a668752710a52181ed039c175ab2202db413db5d196466,0609aec3a2d031ab03bd7129ed90bdbff45d4de4771e3ff67f26199033c028fd
54aa675a07144da683002dee3ad39eb5,93,no_adapter,False,42,7.183016300201416,6.544228792190552,0.17609550058841705,0.3998323678970337,0.45126378536224365,9.937732219696045,0.5889828205108643,0.7354333996772766,69e873b93462e79160c71c6b1bc510a7dcabc9e47c953e1f8993c48c191e0d64,7ed0fd0a7e77abc6e7b323fefe753b35372eb61e794e3173cbb2687797582fe4,a519ddcd5bba42eec88a07fb2f76c1c1fd464cbca21da2db24f05b80cf339d94,0340047558809127cfbef95fc332f3ae1ce4145167192ddcfc30e1e5778e94dd,049b77b4cad5132b68a668752710a52181ed039c175ab2202db413db5d196466,0609aec3a2d031ab03bd7129ed90bdbff45d4de4771e3ff67f26199033c028fd
54d5dd1c7c00466fbad50ec144fd8f42,94,native_gc3,False,42,7.3482842445373535,12.312361001968384,0.23235444724559784,0.3498108386993408,0.4011905789375305,17.413010597229004,0.2726138234138489,0.7800028920173645,227c20c02a95a793301af214b3f5b93272c2a37381cb07c04990d4b9d37d0aaf,f13bdeaa87410fca57268521598a7b748dc4d554e7e252d0dc207695bf89ec55,778b38103f236628cf69e759e49c74931b28581722ab06fd46aa89829cd970fa,0340047558809127cfbef95fc332f3ae1ce4145167192ddcfc30e1e5778e94dd,3e60321af9adf955b4302a590e88bedf6af3812f7689cbdde2824dcc1c43b754,b8ec90fa9ada0548943f6b90fc6d7497dd9e1af5fe55aae3063d6d30f8b2aeb9
54d5dd1c7c00466fbad50ec144fd8f42,94,native_gfh,False,42,7.46959114074707,14.319218397140503,0.2077483832836151,0.43475785851478577,0.4417800307273865,17.81143546104431,0.2671956419944763,0.7920210361480713,227c20c02a95a793301af214b3f5b93272c2a37381cb07c04990d4b9d37d0aaf,f13bdeaa87410fca57268521598a7b748dc4d554e7e252d0dc207695bf89ec55,778b38103f236628cf69e759e49c74931b28581722ab06fd46aa89829cd970fa,0340047558809127cfbef95fc332f3ae1ce4145167192ddcfc30e1e5778e94dd,3e60321af9adf955b4302a590e88bedf6af3812f7689cbdde2824dcc1c43b754,b8ec90fa9ada0548943f6b90fc6d7497dd9e1af5fe55aae3063d6d30f8b2aeb9
54d5dd1c7c00466fbad50ec144fd8f42,94,native_gfl,False,42,7.322742938995361,10.58251142501831,0.25117167830467224,0.30214256048202515,0.37562769651412964,16.014305353164673,0.2848658561706543,0.7675350308418274,227c20c02a95a793301af214b3f5b93272c2a37381cb07c04990d4b9d37d0aaf,f13bdeaa87410fca57268521598a7b748dc4d554e7e252d0dc207695bf89ec55,778b38103f236628cf69e759e49c74931b28581722ab06fd46aa89829cd970fa,0340047558809127cfbef95fc332f3ae1ce4145167192ddcfc30e1e5778e94dd,3e60321af9adf955b4302a590e88bedf6af3812f7689cbdde2824dcc1c43b754,b8ec90fa9ada0548943f6b90fc6d7497dd9e1af5fe55aae3063d6d30f8b2aeb9
54d5dd1c7c00466fbad50ec144fd8f42,94,no_adapter,False,42,7.236433744430542,10.904825925827026,0.24088186025619507,0.5022926330566406,0.4184890389442444,11.81156039237976,0.6639443039894104,0.6971796154975891,227c20c02a95a793301af214b3f5b93272c2a37381cb07c04990d4b9d37d0aaf,f13bdeaa87410fca57268521598a7b748dc4d554e7e252d0dc207695bf89ec55,778b38103f236628cf69e759e49c74931b28581722ab06fd46aa89829cd970fa,0340047558809127cfbef95fc332f3ae1ce4145167192ddcfc30e1e5778e94dd,3e60321af9adf955b4302a590e88bedf6af3812f7689cbdde2824dcc1c43b754,b8ec90fa9ada0548943f6b90fc6d7497dd9e1af5fe55aae3063d6d30f8b2aeb9
56fba0847d1548f88e0d2fb8a7237871,95,native_gc3,False,42,7.502868890762329,8.26187252998352,0.17273354530334473,0.16325287520885468,0.2981131672859192,16.568621397018433,0.21844670176506042,0.835121214389801,87464819002095fa5e933342e3a4fd7411b00d07370fe47be6b0cb9c88bdfe55,e9ee070eb74dbeb1f06d2042b435cd1c2270a7b15a9c02a36f118f2fe12c346e,b77be7809d9175987b3d8be0a628c0c849c6254462e6ae3392c97e7b88aad3e8,0340047558809127cfbef95fc332f3ae1ce4145167192ddcfc30e1e5778e94dd,b9b4fb0cd8f4a76f3b6dfcc82936c73f63d746bb7fcc359b0b042ee765847957,9dad848a06995d2aed2d8b69a6caa73bd39195947ea8ca9ceb576edce6b7a92b
56fba0847d1548f88e0d2fb8a7237871,95,native_gfh,False,42,7.402625322341919,8.248435258865356,0.1784413754940033,0.1636906862258911,0.2959336042404175,16.305413246154785,0.22558945417404175,0.8271180987358093,87464819002095fa5e933342e3a4fd7411b00d07370fe47be6b0cb9c88bdfe55,e9ee070eb74dbeb1f06d2042b435cd1c2270a7b15a9c02a36f118f2fe12c346e,b77be7809d9175987b3d8be0a628c0c849c6254462e6ae3392c97e7b88aad3e8,0340047558809127cfbef95fc332f3ae1ce4145167192ddcfc30e1e5778e94dd,b9b4fb0cd8f4a76f3b6dfcc82936c73f63d746bb7fcc359b0b042ee765847957,9dad848a06995d2aed2d8b69a6caa73bd39195947ea8ca9ceb576edce6b7a92b
56fba0847d1548f88e0d2fb8a7237871,95,native_gfl,False,42,7.771198272705078,8.502813577651978,0.17167438566684723,0.16275615990161896,0.3018864393234253,16.64633870124817,0.21408414840698242,0.8332347869873047,87464819002095fa5e933342e3a4fd7411b00d07370fe47be6b0cb9c88bdfe55,e9ee070eb74dbeb1f06d2042b435cd1c2270a7b15a9c02a36f118f2fe12c346e,b77be7809d9175987b3d8be0a628c0c849c6254462e6ae3392c97e7b88aad3e8,0340047558809127cfbef95fc332f3ae1ce4145167192ddcfc30e1e5778e94dd,b9b4fb0cd8f4a76f3b6dfcc82936c73f63d746bb7fcc359b0b042ee765847957,9dad848a06995d2aed2d8b69a6caa73bd39195947ea8ca9ceb576edce6b7a92b
56fba0847d1548f88e0d2fb8a7237871,95,no_adapter,False,42,7.375049829483032,4.032823145389557,0.19005542993545532,0.1461140364408493,0.2583830952644348,9.441726803779602,0.6496031880378723,0.6930574178695679,87464819002095fa5e933342e3a4fd7411b00d07370fe47be6b0cb9c88bdfe55,e9ee070eb74dbeb1f06d2042b435cd1c2270a7b15a9c02a36f118f2fe12c346e,b77be7809d9175987b3d8be0a628c0c849c6254462e6ae3392c97e7b88aad3e8,0340047558809127cfbef95fc332f3ae1ce4145167192ddcfc30e1e5778e94dd,b9b4fb0cd8f4a76f3b6dfcc82936c73f63d746bb7fcc359b0b042ee765847957,9dad848a06995d2aed2d8b69a6caa73bd39195947ea8ca9ceb576edce6b7a92b
5750a120a1bf4030a5c34af9cecc66e6,96,native_gc3,False,42,7.512398719787598,11.756951808929443,0.18018324673175812,0.3772062659263611,0.45815905928611755,19.031121730804443,0.18197810649871826,0.8584750890731812,db81aafd934063ee95659a47a548a66714f1fd5ba17b12808b3a249ce485a740,1c25667ced2cba665f3c53ef9028c6e2717a181cf564005cf6b262cd8a07d887,07256ecaf6679d5767e457ffc331e59db062953b6667297b7f6013695a1ac3f2,0340047558809127cfbef95fc332f3ae1ce4145167192ddcfc30e1e5778e94dd,1dd2a9697324d2f2a6723ae012ea8bc38d8478a1a27995206d5b3c9152e0c597,b1f2ceddd30c2b05e032ecc6c860f19e9da22c44a95ce40500090209f2514d19
5750a120a1bf4030a5c34af9cecc66e6,96,native_gfh,False,42,7.58242130279541,11.546274423599243,0.17752134799957275,0.4391719400882721,0.47375136613845825,18.12896490097046,0.1883758306503296,0.8592985272407532,db81aafd934063ee95659a47a548a66714f1fd5ba17b12808b3a249ce485a740,1c25667ced2cba665f3c53ef9028c6e2717a181cf564005cf6b262cd8a07d887,07256ecaf6679d5767e457ffc331e59db062953b6667297b7f6013695a1ac3f2,0340047558809127cfbef95fc332f3ae1ce4145167192ddcfc30e1e5778e94dd,1dd2a9697324d2f2a6723ae012ea8bc38d8478a1a27995206d5b3c9152e0c597,b1f2ceddd30c2b05e032ecc6c860f19e9da22c44a95ce40500090209f2514d19
5750a120a1bf4030a5c34af9cecc66e6,96,native_gfl,False,42,7.386825323104858,12.151952981948853,0.18072131276130676,0.3620385229587555,0.461322158575058,19.424349069595337,0.1821334809064865,0.8538234233856201,db81aafd934063ee95659a47a548a66714f1fd5ba17b12808b3a249ce485a740,1c25667ced2cba665f3c53ef9028c6e2717a181cf564005cf6b262cd8a07d887,07256ecaf6679d5767e457ffc331e59db062953b6667297b7f6013695a1ac3f2,0340047558809127cfbef95fc332f3ae1ce4145167192ddcfc30e1e5778e94dd,1dd2a9697324d2f2a6723ae012ea8bc38d8478a1a27995206d5b3c9152e0c597,b1f2ceddd30c2b05e032ecc6c860f19e9da22c44a95ce40500090209f2514d19
5750a120a1bf4030a5c34af9cecc66e6,96,no_adapter,False,42,7.156110048294067,4.6157145500183105,0.21576303243637085,0.40978488326072693,0.40222132205963135,9.716948866844177,0.5336339473724365,0.7888444662094116,db81aafd934063ee95659a47a548a66714f1fd5ba17b12808b3a249ce485a740,1c25667ced2cba665f3c53ef9028c6e2717a181cf564005cf6b262cd8a07d887,07256ecaf6679d5767e457ffc331e59db062953b6667297b7f6013695a1ac3f2,0340047558809127cfbef95fc332f3ae1ce4145167192ddcfc30e1e5778e94dd,1dd2a9697324d2f2a6723ae012ea8bc38d8478a1a27995206d5b3c9152e0c597,b1f2ceddd30c2b05e032ecc6c860f19e9da22c44a95ce40500090209f2514d19
57e0be4f860d42b0a0d7fd9257b4e356,97,native_gc3,False,42,7.47303318977356,8.546473979949951,0.41143134236335754,0.35251930356025696,0.49682536721229553,12.939629554748535,0.42607396841049194,0.7606884837150574,01059a320f93c2fae3e5dda1b493bfe794cfd3819c7ffd45afc8d6c20f4cbc61,86cbed31160014709c4f32be287edf820c6d60460ccce6f6ee600eeb9f9ea510,35c41ea52fe41892868d334fb572c57defe929b4f7d04d086e0848d806b65b8c,0340047558809127cfbef95fc332f3ae1ce4145167192ddcfc30e1e5778e94dd,d8dc54bdaaa912bf515943542d0104269afab160ba252ac2324b1889efb3608d,e80b1f9617ba059fcbbe391906f2f1cc21023f11281e6ca473da659eca5a4638
57e0be4f860d42b0a0d7fd9257b4e356,97,native_gfh,False,42,7.495454549789429,7.772005200386047,0.3914310932159424,0.43157342076301575,0.5229190587997437,12.07768201828003,0.4399450123310089,0.7667497396469116,01059a320f93c2fae3e5dda1b493bfe794cfd3819c7ffd45afc8d6c20f4cbc61,86cbed31160014709c4f32be287edf820c6d60460ccce6f6ee600eeb9f9ea510,35c41ea52fe41892868d334fb572c57defe929b4f7d04d086e0848d806b65b8c,0340047558809127cfbef95fc332f3ae1ce4145167192ddcfc30e1e5778e94dd,d8dc54bdaaa912bf515943542d0104269afab160ba252ac2324b1889efb3608d,e80b1f9617ba059fcbbe391906f2f1cc21023f11281e6ca473da659eca5a4638
57e0be4f860d42b0a0d7fd9257b4e356,97,native_gfl,False,42,7.594845294952393,9.286617040634155,0.42508476972579956,0.25875124335289,0.5025392174720764,13.672817945480347,0.42920446395874023,0.7620447278022766,01059a320f93c2fae3e5dda1b493bfe794cfd3819c7ffd45afc8d6c20f4cbc61,86cbed31160014709c4f32be287edf820c6d60460ccce6f6ee600eeb9f9ea510,35c41ea52fe41892868d334fb572c57defe929b4f7d04d086e0848d806b65b8c,0340047558809127cfbef95fc332f3ae1ce4145167192ddcfc30e1e5778e94dd,d8dc54bdaaa912bf515943542d0104269afab160ba252ac2324b1889efb3608d,e80b1f9617ba059fcbbe391906f2f1cc21023f11281e6ca473da659eca5a4638
57e0be4f860d42b0a0d7fd9257b4e356,97,no_adapter,False,42,7.326199293136597,4.0237802267074585,0.39053839445114136,0.35540875792503357,0.4343329668045044,6.47668182849884,0.7310712337493896,0.6551212668418884,01059a320f93c2fae3e5dda1b493bfe794cfd3819c7ffd45afc8d6c20f4cbc61,86cbed31160014709c4f32be287edf820c6d60460ccce6f6ee600eeb9f9ea510,35c41ea52fe41892868d334fb572c57defe929b4f7d04d086e0848d806b65b8c,0340047558809127cfbef95fc332f3ae1ce4145167192ddcfc30e1e5778e94dd,d8dc54bdaaa912bf515943542d0104269afab160ba252ac2324b1889efb3608d,e80b1f9617ba059fcbbe391906f2f1cc21023f11281e6ca473da659eca5a4638
588f047dc97646799452243e6f17bd60,98,native_gc3,False,42,7.404070138931274,12.087576389312744,0.20926332473754883,0.4958645701408386,0.5317304730415344,19.0447199344635,0.2129572331905365,0.8579282164573669,75fbd9920c761a5b7904e9954933d504718e4ff41054c601d057f9f5b1b742e3,9d15d7da2e41c2d1cb893f0d23b7b4ea79c0deadfb527e6ed27b58b610c06968,6a25eee0f24650c7c1c82de7ca044a829beb164168919d8bc1c0ca69f5439cf2,0340047558809127cfbef95fc332f3ae1ce4145167192ddcfc30e1e5778e94dd,0a2749b715509b88bec03e57afff6192c25ccad5c995c6abdd3ec4ea17fe7f38,ca54eca159386d5e1b492c628854f1749cec41f4daca854159cb354bf8ff4302
588f047dc97646799452243e6f17bd60,98,native_gfh,False,42,7.3441712856292725,11.39790654182434,0.20203973352909088,0.5848168730735779,0.5439037680625916,17.779802083969116,0.21327956020832062,0.855313241481781,75fbd9920c761a5b7904e9954933d504718e4ff41054c601d057f9f5b1b742e3,9d15d7da2e41c2d1cb893f0d23b7b4ea79c0deadfb527e6ed27b58b610c06968,6a25eee0f24650c7c1c82de7ca044a829beb164168919d8bc1c0ca69f5439cf2,0340047558809127cfbef95fc332f3ae1ce4145167192ddcfc30e1e5778e94dd,0a2749b715509b88bec03e57afff6192c25ccad5c995c6abdd3ec4ea17fe7f38,ca54eca159386d5e1b492c628854f1749cec41f4daca854159cb354bf8ff4302
588f047dc97646799452243e6f17bd60,98,native_gfl,False,42,7.26883864402771,13.088308572769165,0.21076685190200806,0.4768691658973694,0.5277556777000427,20.029442310333252,0.2111106514930725,0.8581849336624146,75fbd9920c761a5b7904e9954933d504718e4ff41054c601d057f9f5b1b742e3,9d15d7da2e41c2d1cb893f0d23b7b4ea79c0deadfb527e6ed27b58b610c06968,6a25eee0f24650c7c1c82de7ca044a829beb164168919d8bc1c0ca69f5439cf2,0340047558809127cfbef95fc332f3ae1ce4145167192ddcfc30e1e5778e94dd,0a2749b715509b88bec03e57afff6192c25ccad5c995c6abdd3ec4ea17fe7f38,ca54eca159386d5e1b492c628854f1749cec41f4daca854159cb354bf8ff4302
588f047dc97646799452243e6f17bd60,98,no_adapter,False,42,7.302045822143555,4.629051089286804,0.2590450346469879,0.5681480169296265,0.45887506008148193,8.956929445266724,0.618570864200592,0.7513630986213684,75fbd9920c761a5b7904e9954933d504718e4ff41054c601d057f9f5b1b742e3,9d15d7da2e41c2d1cb893f0d23b7b4ea79c0deadfb527e6ed27b58b610c06968,6a25eee0f24650c7c1c82de7ca044a829beb164168919d8bc1c0ca69f5439cf2,0340047558809127cfbef95fc332f3ae1ce4145167192ddcfc30e1e5778e94dd,0a2749b715509b88bec03e57afff6192c25ccad5c995c6abdd3ec4ea17fe7f38,ca54eca159386d5e1b492c628854f1749cec41f4daca854159cb354bf8ff4302
59787f821dc34f01b166a257da340f8e,99,native_gc3,False,42,7.45634913444519,15.3115975856781,0.23373106122016907,0.3612686097621918,0.5601515769958496,21.0855770111084,0.20604270696640015,0.8249713182449341,f82f5b5fc78d157b71158a3a21b9bf1af039acfabbd215df5778d6d3425d0691,7710332c062a9be17509cc9757aafec95d21e669f9c0f0c430980a739814475b,165b1f083f43ce0659ca9de7c34fda38b7d8a6a91e672ec72e0cd5cf510a4400,0340047558809127cfbef95fc332f3ae1ce4145167192ddcfc30e1e5778e94dd,29ea7dd9761b074881f7b4535fd5bbec9fc05a9d6f97dbf87980a1caab02b9c1,3c0681bb500961fd176beb8d8c7e1b3f7fda29ffb7abd38cb998e1e45581efbe
59787f821dc34f01b166a257da340f8e,99,native_gfh,False,42,7.428424119949341,16.340301036834717,0.22757472097873688,0.44498148560523987,0.5950392484664917,20.52220582962036,0.20496676862239838,0.8310732841491699,f82f5b5fc78d157b71158a3a21b9bf1af039acfabbd215df5778d6d3425d0691,7710332c062a9be17509cc9757aafec95d21e669f9c0f0c430980a739814475b,165b1f083f43ce0659ca9de7c34fda38b7d8a6a91e672ec72e0cd5cf510a4400,0340047558809127cfbef95fc332f3ae1ce4145167192ddcfc30e1e5778e94dd,29ea7dd9761b074881f7b4535fd5bbec9fc05a9d6f97dbf87980a1caab02b9c1,3c0681bb500961fd176beb8d8c7e1b3f7fda29ffb7abd38cb998e1e45581efbe
59787f821dc34f01b166a257da340f8e,99,native_gfl,False,42,7.549870014190674,13.423854112625122,0.2374764382839203,0.3319641053676605,0.5465691089630127,19.79457974433899,0.20301134884357452,0.8159120678901672,f82f5b5fc78d157b71158a3a21b9bf1af039acfabbd215df5778d6d3425d0691,7710332c062a9be17509cc9757aafec95d21e669f9c0f0c430980a739814475b,165b1f083f43ce0659ca9de7c34fda38b7d8a6a91e672ec72e0cd5cf510a4400,0340047558809127cfbef95fc332f3ae1ce4145167192ddcfc30e1e5778e94dd,29ea7dd9761b074881f7b4535fd5bbec9fc05a9d6f97dbf87980a1caab02b9c1,3c0681bb500961fd176beb8d8c7e1b3f7fda29ffb7abd38cb998e1e45581efbe
59787f821dc34f01b166a257da340f8e,99,no_adapter,False,42,7.100157976150513,6.18010938167572,0.2794431447982788,0.45002099871635437,0.49888622760772705,9.117881059646606,0.6085723638534546,0.7253397107124329,f82f5b5fc78d157b71158a3a21b9bf1af039acfabbd215df5778d6d3425d0691,7710332c062a9be17509cc9757aafec95d21e669f9c0f0c430980a739814475b,165b1f083f43ce0659ca9de7c34fda38b7d8a6a91e672ec72e0cd5cf510a4400,0340047558809127cfbef95fc332f3ae1ce4145167192ddcfc30e1e5778e94dd,29ea7dd9761b074881f7b4535fd5bbec9fc05a9d6f97dbf87980a1caab02b9c1,3c0681bb500961fd176beb8d8c7e1b3f7fda29ffb7abd38cb998e1e45581efbe
5b957a4f1e6f403ab6eca5699777a1d4,100,native_gc3,False,42,7.496346473693848,13.367390632629395,0.3472498059272766,0.5429522395133972,0.4887952506542206,18.394434452056885,0.3148365020751953,0.8129032254219055,3586ae419aa8228871dde17aac135702dce9acebf455c115785f53b12c36f250,e2a9c69e0fa1077b8690296b6389323f40f878e3786c7beba0e737afd93ca664,ca3ec27bd9e218b7f479614016c33a1a488ce71b34cdd0feff4f1ae1789b4b56,0340047558809127cfbef95fc332f3ae1ce4145167192ddcfc30e1e5778e94dd,b406a1a2db7dd4f337d0c65e561bc7ac51635e12361c46180c5161e4f884dd46,47347898e3f237c3134a731cbca15e5a8fdb2d71a98d7f595e83a54dc4f1b404
5b957a4f1e6f403ab6eca5699777a1d4,100,native_gfh,False,42,7.362388610839844,14.935897588729858,0.3197707533836365,0.6518368721008301,0.5221091508865356,18.906266689300537,0.30559253692626953,0.8387815952301025,3586ae419aa8228871dde17aac135702dce9acebf455c115785f53b12c36f250,e2a9c69e0fa1077b8690296b6389323f40f878e3786c7beba0e737afd93ca664,ca3ec27bd9e218b7f479614016c33a1a488ce71b34cdd0feff4f1ae1789b4b56,0340047558809127cfbef95fc332f3ae1ce4145167192ddcfc30e1e5778e94dd,b406a1a2db7dd4f337d0c65e561bc7ac51635e12361c46180c5161e4f884dd46,47347898e3f237c3134a731cbca15e5a8fdb2d71a98d7f595e83a54dc4f1b404
5b957a4f1e6f403ab6eca5699777a1d4,100,native_gfl,False,42,7.356874704360962,11.525752544403076,0.35977840423583984,0.47429412603378296,0.47923150658607483,16.68547034263611,0.32488229870796204,0.7933214902877808,3586ae419aa8228871dde17aac135702dce9acebf455c115785f53b12c36f250,e2a9c69e0fa1077b8690296b6389323f40f878e3786c7beba0e737afd93ca664,ca3ec27bd9e218b7f479614016c33a1a488ce71b34cdd0feff4f1ae1789b4b56,0340047558809127cfbef95fc332f3ae1ce4145167192ddcfc30e1e5778e94dd,b406a1a2db7dd4f337d0c65e561bc7ac51635e12361c46180c5161e4f884dd46,47347898e3f237c3134a731cbca15e5a8fdb2d71a98d7f595e83a54dc4f1b404
5b957a4f1e6f403ab6eca5699777a1d4,100,no_adapter,False,42,7.173738479614258,9.090975522994995,0.3385482430458069,0.5986714363098145,0.4249919056892395,10.040808916091919,0.6839089393615723,0.7140632271766663,3586ae419aa8228871dde17aac135702dce9acebf455c115785f53b12c36f250,e2a9c69e0fa1077b8690296b6389323f40f878e3786c7beba0e737afd93ca664,ca3ec27bd9e218b7f479614016c33a1a488ce71b34cdd0feff4f1ae1789b4b56,0340047558809127cfbef95fc332f3ae1ce4145167192ddcfc30e1e5778e94dd,b406a1a2db7dd4f337d0c65e561bc7ac51635e12361c46180c5161e4f884dd46,47347898e3f237c3134a731cbca15e5a8fdb2d71a98d7f595e83a54dc4f1b404
5be90c2562ef450fa2c994369ceb5480,101,native_gc3,False,42,7.3525166511535645,13.646397590637207,0.22213214635849,0.45388707518577576,0.5519198775291443,20.19430637359619,0.24075011909008026,0.8574262261390686,bdaa9c53240e9b57a5aea0953a0efaab151ef9018087484c627792a999e49945,e0d7be19a00b0f06cfc627c60cb9b3451f78efb2beaea69c7cf9393dec70e600,713f24087de1d7f164b88d3fc00aff737fc5b307d1f372e2dd8984ec6160fd27,0340047558809127cfbef95fc332f3ae1ce4145167192ddcfc30e1e5778e94dd,579caf0e1119ef59c63105621e05114b98c2476674422ead96311c9a0d0a9a88,b9f25b0612deff2fd80d4ec692b0ed8d5a1b08b8e95b28a125bd28697d1563b5
5be90c2562ef450fa2c994369ceb5480,101,native_gfh,False,42,7.321820974349976,15.810627937316895,0.2052290439605713,0.5660827159881592,0.5693084001541138,19.79894518852234,0.22929958999156952,0.8651085495948792,bdaa9c53240e9b57a5aea0953a0efaab151ef9018087484c627792a999e49945,e0d7be19a00b0f06cfc627c60cb9b3451f78efb2beaea69c7cf9393dec70e600,713f24087de1d7f164b88d3fc00aff737fc5b307d1f372e2dd8984ec6160fd27,0340047558809127cfbef95fc332f3ae1ce4145167192ddcfc30e1e5778e94dd,579caf0e1119ef59c63105621e05114b98c2476674422ead96311c9a0d0a9a88,b9f25b0612deff2fd80d4ec692b0ed8d5a1b08b8e95b28a125bd28697d1563b5
5be90c2562ef450fa2c994369ceb5480,101,native_gfl,False,42,7.5662901401519775,13.090033531188965,0.23270675539970398,0.4154340326786041,0.5404655933380127,19.950931072235107,0.24367323517799377,0.8526938557624817,bdaa9c53240e9b57a5aea0953a0efaab151ef9018087484c627792a999e49945,e0d7be19a00b0f06cfc627c60cb9b3451f78efb2beaea69c7cf9393dec70e600,713f24087de1d7f164b88d3fc00aff737fc5b307d1f372e2dd8984ec6160fd27,0340047558809127cfbef95fc332f3ae1ce4145167192ddcfc30e1e5778e94dd,579caf0e1119ef59c63105621e05114b98c2476674422ead96311c9a0d0a9a88,b9f25b0612deff2fd80d4ec692b0ed8d5a1b08b8e95b28a125bd28697d1563b5
5be90c2562ef450fa2c994369ceb5480,101,no_adapter,False,42,7.24453330039978,6.702758073806763,0.2508007287979126,0.5594320893287659,0.47037091851234436,10.097380876541138,0.6412149667739868,0.7382939457893372,bdaa9c53240e9b57a5aea0953a0efaab151ef9018087484c627792a999e49945,e0d7be19a00b0f06cfc627c60cb9b3451f78efb2beaea69c7cf9393dec70e600,713f24087de1d7f164b88d3fc00aff737fc5b307d1f372e2dd8984ec6160fd27,0340047558809127cfbef95fc332f3ae1ce4145167192ddcfc30e1e5778e94dd,579caf0e1119ef59c63105621e05114b98c2476674422ead96311c9a0d0a9a88,b9f25b0612deff2fd80d4ec692b0ed8d5a1b08b8e95b28a125bd28697d1563b5
5c0dcbb8e7f74b33aaaf0f4a60d89cf8,102,native_gc3,False,42,7.341176748275757,11.825863122940063,0.1905972957611084,0.3817981779575348,0.4726903736591339,18.181486129760742,0.20631660521030426,0.8256773948669434,f9ce4667a2094dfdc13ed62d30c55398c6ad1c7566bf4a136798fa13fdc4ea5a,87b3addd1076a1ee116c6064dde9d879d033623ac717acea0529d41e6128812e,1ecd80979f51becb8fef7ea0e3c11e237983a68bf0dfc308f0850d510569dc72,0340047558809127cfbef95fc332f3ae1ce4145167192ddcfc30e1e5778e94dd,61d4a3621775313e7a3f381ef5aaccb4f625b0a8a7970774a358b0e6075e1cc8,6dd1bafe5859fb83e5e877106b6e327d1096e457a07161fcfb0445c734abbca5
5c0dcbb8e7f74b33aaaf0f4a60d89cf8,102,native_gfh,False,42,7.518213272094727,11.55049443244934,0.1809893548488617,0.44064873456954956,0.4749772846698761,17.277103662490845,0.21574246883392334,0.8250449299812317,f9ce4667a2094dfdc13ed62d30c55398c6ad1c7566bf4a136798fa13fdc4ea5a,87b3addd1076a1ee116c6064dde9d879d033623ac717acea0529d41e6128812e,1ecd80979f51becb8fef7ea0e3c11e237983a68bf0dfc308f0850d510569dc72,0340047558809127cfbef95fc332f3ae1ce4145167192ddcfc30e1e5778e94dd,61d4a3621775313e7a3f381ef5aaccb4f625b0a8a7970774a358b0e6075e1cc8,6dd1bafe5859fb83e5e877106b6e327d1096e457a07161fcfb0445c734abbca5
5c0dcbb8e7f74b33aaaf0f4a60d89cf8,102,native_gfl,False,42,7.399424076080322,12.410846948623657,0.19601236283779144,0.35943183302879333,0.47009730339050293,18.699421882629395,0.20992764830589294,0.8219581246376038,f9ce4667a2094dfdc13ed62d30c55398c6ad1c7566bf4a136798fa13fdc4ea5a,87b3addd1076a1ee116c6064dde9d879d033623ac717acea0529d41e6128812e,1ecd80979f51becb8fef7ea0e3c11e237983a68bf0dfc308f0850d510569dc72,0340047558809127cfbef95fc332f3ae1ce4145167192ddcfc30e1e5778e94dd,61d4a3621775313e7a3f381ef5aaccb4f625b0a8a7970774a358b0e6075e1cc8,6dd1bafe5859fb83e5e877106b6e327d1096e457a07161fcfb0445c734abbca5
5c0dcbb8e7f74b33aaaf0f4a60d89cf8,102,no_adapter,False,42,7.0823445320129395,4.453608989715576,0.25660383701324463,0.43539464473724365,0.3927311599254608,7.435675263404846,0.6062989830970764,0.7031956315040588,f9ce4667a2094dfdc13ed62d30c55398c6ad1c7566bf4a136798fa13fdc4ea5a,87b3addd1076a1ee116c6064dde9d879d033623ac717acea0529d41e6128812e,1ecd80979f51becb8fef7ea0e3c11e237983a68bf0dfc308f0850d510569dc72,0340047558809127cfbef95fc332f3ae1ce4145167192ddcfc30e1e5778e94dd,61d4a3621775313e7a3f381ef5aaccb4f625b0a8a7970774a358b0e6075e1cc8,6dd1bafe5859fb83e5e877106b6e327d1096e457a07161fcfb0445c734abbca5
5c381426fc614e72bf4062d8295f906b,103,native_gc3,False,42,7.4773805141448975,8.720453977584839,0.1461302638053894,0.189130499958992,0.35021817684173584,16.427727937698364,0.18455858528614044,0.8346078991889954,e8fa1c39b58ec3e1129c669fbf9a38743218b2c87eb6546aafeb3ce6ebfed1f6,531e85d262a1c2312368b6614d7dd8e9c57d64309f70e9879b0a8ad302e43759,a5e8f871faa6c95371534dfde5649de7d7e346b2e5223779d5776d40c6b18d50,0340047558809127cfbef95fc332f3ae1ce4145167192ddcfc30e1e5778e94dd,bc59762a16ff4b59566dba859604f1c46936a3b25c134d8b74a7a9f21a778641,113eccdb0f44efe977602f627804debc99c42a0c79ed54e666d9b57e6c04f7a1
5c381426fc614e72bf4062d8295f906b,103,native_gfh,False,42,7.494129657745361,7.925286293029785,0.14584793150424957,0.1732845902442932,0.3526603579521179,15.893715620040894,0.19499626755714417,0.8290015459060669,e8fa1c39b58ec3e1129c669fbf9a38743218b2c87eb6546aafeb3ce6ebfed1f6,531e85d262a1c2312368b6614d7dd8e9c57d64309f70e9879b0a8ad302e43759,a5e8f871faa6c95371534dfde5649de7d7e346b2e5223779d5776d40c6b18d50,0340047558809127cfbef95fc332f3ae1ce4145167192ddcfc30e1e5778e94dd,bc59762a16ff4b59566dba859604f1c46936a3b25c134d8b74a7a9f21a778641,113eccdb0f44efe977602f627804debc99c42a0c79ed54e666d9b57e6c04f7a1
5c381426fc614e72bf4062d8295f906b,103,native_gfl,False,42,7.53071141242981,9.312276244163513,0.14298686385154724,0.20394036173820496,0.35086745023727417,16.605989933013916,0.17667749524116516,0.8318140506744385,e8fa1c39b58ec3e1129c669fbf9a38743218b2c87eb6546aafeb3ce6ebfed1f6,531e85d262a1c2312368b6614d7dd8e9c57d64309f70e9879b0a8ad302e43759,a5e8f871faa6c95371534dfde5649de7d7e346b2e5223779d5776d40c6b18d50,0340047558809127cfbef95fc332f3ae1ce4145167192ddcfc30e1e5778e94dd,bc59762a16ff4b59566dba859604f1c46936a3b25c134d8b74a7a9f21a778641,113eccdb0f44efe977602f627804debc99c42a0c79ed54e666d9b57e6c04f7a1
5c381426fc614e72bf4062d8295f906b,103,no_adapter,False,42,7.2370922565460205,3.150312900543213,0.16252487897872925,0.1385732740163803,0.27993449568748474,8.71936023235321,0.6069790124893188,0.7102844715118408,e8fa1c39b58ec3e1129c669fbf9a38743218b2c87eb6546aafeb3ce6ebfed1f6,531e85d262a1c2312368b6614d7dd8e9c57d64309f70e9879b0a8ad302e43759,a5e8f871faa6c95371534dfde5649de7d7e346b2e5223779d5776d40c6b18d50,0340047558809127cfbef95fc332f3ae1ce4145167192ddcfc30e1e5778e94dd,bc59762a16ff4b59566dba859604f1c46936a3b25c134d8b74a7a9f21a778641,113eccdb0f44efe977602f627804debc99c42a0c79ed54e666d9b57e6c04f7a1
5c3d28ca34a64fd8bae069ab4677e310,104,native_gc3,False,42,7.425487518310547,12.863004207611084,0.10490989685058594,0.1879347860813141,0.3606705069541931,20.335707664489746,0.21295346319675446,0.8373334407806396,6f8bf8ce0824b77fb79b8765d63ff3d9b4ca093f6c0c416be2f9af0618fb4891,2a9d817962cc37977a09b55fe7aaa999127d30b554fdd9a91ea3127adff247b8,6af9d12d1b3327bcc836c2a4ced79336d1d0b5d294783a8de7275481f512764d,0340047558809127cfbef95fc332f3ae1ce4145167192ddcfc30e1e5778e94dd,caec32db224cb944e85000f25f9865c9eddc48b8ca0381ec15b854af5f9771e7,5c50a2d2bd1cb2ce15099eaefaaf83d5e6800ce5b1e1388fd32f9439f14fda34
5c3d28ca34a64fd8bae069ab4677e310,104,native_gfh,False,42,7.405372858047485,15.165071487426758,0.0874367207288742,0.17919465899467468,0.3566323518753052,18.175889253616333,0.21946854889392853,0.8325966000556946,6f8bf8ce0824b77fb79b8765d63ff3d9b4ca093f6c0c416be2f9af0618fb4891,2a9d817962cc37977a09b55fe7aaa999127d30b554fdd9a91ea3127adff247b8,6af9d12d1b3327bcc836c2a4ced79336d1d0b5d294783a8de7275481f512764d,0340047558809127cfbef95fc332f3ae1ce4145167192ddcfc30e1e5778e94dd,caec32db224cb944e85000f25f9865c9eddc48b8ca0381ec15b854af5f9771e7,5c50a2d2bd1cb2ce15099eaefaaf83d5e6800ce5b1e1388fd32f9439f14fda34
5c3d28ca34a64fd8bae069ab4677e310,104,native_gfl,False,42,7.504553318023682,12.701597213745117,0.1064593493938446,0.1878012716770172,0.35945191979408264,20.704314708709717,0.21536624431610107,0.8369128108024597,6f8bf8ce0824b77fb79b8765d63ff3d9b4ca093f6c0c416be2f9af0618fb4891,2a9d817962cc37977a09b55fe7aaa999127d30b554fdd9a91ea3127adff247b8,6af9d12d1b3327bcc836c2a4ced79336d1d0b5d294783a8de7275481f512764d,0340047558809127cfbef95fc332f3ae1ce4145167192ddcfc30e1e5778e94dd,caec32db224cb944e85000f25f9865c9eddc48b8ca0381ec15b854af5f9771e7,5c50a2d2bd1cb2ce15099eaefaaf83d5e6800ce5b1e1388fd32f9439f14fda34
5c3d28ca34a64fd8bae069ab4677e310,104,no_adapter,False,42,7.304581642150879,10.115101337432861,0.1367717832326889,0.14166128635406494,0.32142239809036255,11.5348482131958,0.6161024570465088,0.713818371295929,6f8bf8ce0824b77fb79b8765d63ff3d9b4ca093f6c0c416be2f9af0618fb4891,2a9d817962cc37977a09b55fe7aaa999127d30b554fdd9a91ea3127adff247b8,6af9d12d1b3327bcc836c2a4ced79336d1d0b5d294783a8de7275481f512764d,0340047558809127cfbef95fc332f3ae1ce4145167192ddcfc30e1e5778e94dd,caec32db224cb944e85000f25f9865c9eddc48b8ca0381ec15b854af5f9771e7,5c50a2d2bd1cb2ce15099eaefaaf83d5e6800ce5b1e1388fd32f9439f14fda34
5df3586e9c034d5a8996f80f75e775bf,105,native_gc3,False,42,7.490482330322266,12.647079229354858,0.12792617082595825,0.4387686550617218,0.4972268342971802,20.359113216400146,0.16024650633335114,0.8777573704719543,172ba52fc262519121e4b8f3390b7cb681000fade0a608b6c5cd6f0cf1f595e4,5a4a565ef7dfa73cedc4bebbb89819a3d5ea7f601608ac2c9c0c3b3c51d5a625,84c369b9d2c695f8366f6e667ade5b6f324fddd22b7c8488f44bb06fe3dcb2a0,0340047558809127cfbef95fc332f3ae1ce4145167192ddcfc30e1e5778e94dd,c6cfe7591e427e6b2e23b70c60d5debe365b9a4a9dfb4f66ada70e4d07bb9155,5220ce8eb6a4cec586f985902489cd28dd2899c1b515f624aa64987fe0a88b1e
5df3586e9c034d5a8996f80f75e775bf,105,native_gfh,False,42,7.461838483810425,12.306437492370605,0.12740688025951385,0.4663296341896057,0.5182433724403381,18.911365270614624,0.1549205332994461,0.8729093670845032,172ba52fc262519121e4b8f3390b7cb681000fade0a608b6c5cd6f0cf1f595e4,5a4a565ef7dfa73cedc4bebbb89819a3d5ea7f601608ac2c9c0c3b3c51d5a625,84c369b9d2c695f8366f6e667ade5b6f324fddd22b7c8488f44bb06fe3dcb2a0,0340047558809127cfbef95fc332f3ae1ce4145167192ddcfc30e1e5778e94dd,c6cfe7591e427e6b2e23b70c60d5debe365b9a4a9dfb4f66ada70e4d07bb9155,5220ce8eb6a4cec586f985902489cd28dd2899c1b515f624aa64987fe0a88b1e
5df3586e9c034d5a8996f80f75e775bf,105,native_gfl,False,42,7.4297661781311035,12.688353061676025,0.12339004874229431,0.42260122299194336,0.49360084533691406,20.580310821533203,0.15784111618995667,0.8725267052650452,172ba52fc262519121e4b8f3390b7cb681000fade0a608b6c5cd6f0cf1f595e4,5a4a565ef7dfa73cedc4bebbb89819a3d5ea7f601608ac2c9c0c3b3c51d5a625,84c369b9d2c695f8366f6e667ade5b6f324fddd22b7c8488f44bb06fe3dcb2a0,0340047558809127cfbef95fc332f3ae1ce4145167192ddcfc30e1e5778e94dd,c6cfe7591e427e6b2e23b70c60d5debe365b9a4a9dfb4f66ada70e4d07bb9155,5220ce8eb6a4cec586f985902489cd28dd2899c1b515f624aa64987fe0a88b1e
5df3586e9c034d5a8996f80f75e775bf,105,no_adapter,False,42,7.128040552139282,4.497303366661072,0.16755761206150055,0.5387130975723267,0.46836113929748535,9.704432487487793,0.5261592864990234,0.799437940120697,172ba52fc262519121e4b8f3390b7cb681000fade0a608b6c5cd6f0cf1f595e4,5a4a565ef7dfa73cedc4bebbb89819a3d5ea7f601608ac2c9c0c3b3c51d5a625,84c369b9d2c695f8366f6e667ade5b6f324fddd22b7c8488f44bb06fe3dcb2a0,0340047558809127cfbef95fc332f3ae1ce4145167192ddcfc30e1e5778e94dd,c6cfe7591e427e6b2e23b70c60d5debe365b9a4a9dfb4f66ada70e4d07bb9155,5220ce8eb6a4cec586f985902489cd28dd2899c1b515f624aa64987fe0a88b1e
5e72f9f4482d4d2c916a25232c89e0eb,106,native_gc3,False,42,7.429224252700806,8.679277896881104,0.1568509191274643,0.3870376944541931,0.570641279220581,18.433088064193726,0.15731549263000488,0.8841680884361267,eadd1334ee4bf0ecf918de74f060d3c5fab395f6824225d296ab0044b68c770c,104a2e494673cb6ca516364320da0214e2adb6676c3b0175246eb3eea24f1c89,3a0416563e0bcc82e9b3f12b474417f7cf58da85da82ee3021ecc93df69d420f,0340047558809127cfbef95fc332f3ae1ce4145167192ddcfc30e1e5778e94dd,7e5c0a7460142a2153fffda86e76a6945aec43c526fea6497e134cb385976df9,82f2b8d0dcee7779b30c357131c3a24e0166b006f983fd0e29a66240cc53c1c7
5e72f9f4482d4d2c916a25232c89e0eb,106,native_gfh,False,42,7.467007875442505,10.680400133132935,0.12948432564735413,0.48820415139198303,0.623566210269928,18.38247537612915,0.1353747546672821,0.8793385624885559,eadd1334ee4bf0ecf918de74f060d3c5fab395f6824225d296ab0044b68c770c,104a2e494673cb6ca516364320da0214e2adb6676c3b0175246eb3eea24f1c89,3a0416563e0bcc82e9b3f12b474417f7cf58da85da82ee3021ecc93df69d420f,0340047558809127cfbef95fc332f3ae1ce4145167192ddcfc30e1e5778e94dd,7e5c0a7460142a2153fffda86e76a6945aec43c526fea6497e134cb385976df9,82f2b8d0dcee7779b30c357131c3a24e0166b006f983fd0e29a66240cc53c1c7
5e72f9f4482d4d2c916a25232c89e0eb,106,native_gfl,False,42,7.427932500839233,7.276671528816223,0.16939766705036163,0.35865318775177,0.5582844614982605,17.427955865859985,0.16794908046722412,0.8745046257972717,eadd1334ee4bf0ecf918de74f060d3c5fab395f6824225d296ab0044b68c770c,104a2e494673cb6ca516364320da0214e2adb6676c3b0175246eb3eea24f1c89,3a0416563e0bcc82e9b3f12b474417f7cf58da85da82ee3021ecc93df69d420f,0340047558809127cfbef95fc332f3ae1ce4145167192ddcfc30e1e5778e94dd,7e5c0a7460142a2153fffda86e76a6945aec43c526fea6497e134cb385976df9,82f2b8d0dcee7779b30c357131c3a24e0166b006f983fd0e29a66240cc53c1c7
5e72f9f4482d4d2c916a25232c89e0eb,106,no_adapter,False,42,7.0324015617370605,10.402382612228394,0.11344660073518753,0.605764627456665,0.5832712054252625,11.326056718826294,0.5662540793418884,0.7958739399909973,eadd1334ee4bf0ecf918de74f060d3c5fab395f6824225d296ab0044b68c770c,104a2e494673cb6ca516364320da0214e2adb6676c3b0175246eb3eea24f1c89,3a0416563e0bcc82e9b3f12b474417f7cf58da85da82ee3021ecc93df69d420f,0340047558809127cfbef95fc332f3ae1ce4145167192ddcfc30e1e5778e94dd,7e5c0a7460142a2153fffda86e76a6945aec43c526fea6497e134cb385976df9,82f2b8d0dcee7779b30c357131c3a24e0166b006f983fd0e29a66240cc53c1c7
6088ed94509a49cca546f0686bea139b,107,native_gc3,False,42,7.577871322631836,9.47357714176178,0.11701838672161102,0.17633213102817535,0.4921630918979645,18.91171932220459,0.14149001240730286,0.873477041721344,1fb612d227d96a1ad2aaa4e9573c0284e349bf112a96b99a6cf49c1c13efe39c,04ad61fbd172ab71f70f65bdcf3aaf2f5e8958d95ebcd945879191fdccb84ced,5c93aa4e6fa67b1685af4f572debca3b862d67b70e38617fc2aadf71a72487ee,0340047558809127cfbef95fc332f3ae1ce4145167192ddcfc30e1e5778e94dd,2a10c31c427d1ed6b353a73ca0e37c94e5f83439947c03721ec3be11389ad526,73de1323a7fdf1779394693a66303b6ecc9cf7143c798ed3123a6a678c57a89b
6088ed94509a49cca546f0686bea139b,107,native_gfh,False,42,7.510227918624878,8.940923810005188,0.12380189448595047,0.18321125209331512,0.49443966150283813,17.420687675476074,0.14515458047389984,0.8661569952964783,1fb612d227d96a1ad2aaa4e9573c0284e349bf112a96b99a6cf49c1c13efe39c,04ad61fbd172ab71f70f65bdcf3aaf2f5e8958d95ebcd945879191fdccb84ced,5c93aa4e6fa67b1685af4f572debca3b862d67b70e38617fc2aadf71a72487ee,0340047558809127cfbef95fc332f3ae1ce4145167192ddcfc30e1e5778e94dd,2a10c31c427d1ed6b353a73ca0e37c94e5f83439947c03721ec3be11389ad526,73de1323a7fdf1779394693a66303b6ecc9cf7143c798ed3123a6a678c57a89b
6088ed94509a49cca546f0686bea139b,107,native_gfl,False,42,7.454509258270264,10.131891965866089,0.1155499815940857,0.18205410242080688,0.49774712324142456,19.619911909103394,0.14085721969604492,0.8691487312316895,1fb612d227d96a1ad2aaa4e9573c0284e349bf112a96b99a6cf49c1c13efe39c,04ad61fbd172ab71f70f65bdcf3aaf2f5e8958d95ebcd945879191fdccb84ced,5c93aa4e6fa67b1685af4f572debca3b862d67b70e38617fc2aadf71a72487ee,0340047558809127cfbef95fc332f3ae1ce4145167192ddcfc30e1e5778e94dd,2a10c31c427d1ed6b353a73ca0e37c94e5f83439947c03721ec3be11389ad526,73de1323a7fdf1779394693a66303b6ecc9cf7143c798ed3123a6a678c57a89b
6088ed94509a49cca546f0686bea139b,107,no_adapter,False,42,7.035891532897949,3.329916298389435,0.14283894002437592,0.14449481666088104,0.42486754059791565,10.688652992248535,0.49767231941223145,0.8125364184379578,1fb612d227d96a1ad2aaa4e9573c0284e349bf112a96b99a6cf49c1c13efe39c,04ad61fbd172ab71f70f65bdcf3aaf2f5e8958d95ebcd945879191fdccb84ced,5c93aa4e6fa67b1685af4f572debca3b862d67b70e38617fc2aadf71a72487ee,0340047558809127cfbef95fc332f3ae1ce4145167192ddcfc30e1e5778e94dd,2a10c31c427d1ed6b353a73ca0e37c94e5f83439947c03721ec3be11389ad526,73de1323a7fdf1779394693a66303b6ecc9cf7143c798ed3123a6a678c57a89b
61147d45fa974cf1b9dde544ad1c3868,108,native_gc3,False,42,7.369977712631226,12.030187845230103,0.12984901666641235,0.5359010100364685,0.6043450832366943,19.96100664138794,0.1469259262084961,0.8768907785415649,917598f0c6f52443f7b85f6bf89f4423ce4203013650c6cc9ff2bcb9fd17e18c,fbeda3a52c7603cb63345bc934374b83f9a1f1a05ba6e68e71c5dbf63e15805b,ed8dc71edf642aacaebb60ef7c33e5dc0652e91aace11198b022a2a5e6d8dafb,0340047558809127cfbef95fc332f3ae1ce4145167192ddcfc30e1e5778e94dd,5820e167499a502e93cb6bc2ac58b23aff68708f3d38485ea51ccdf372d7661c,ae1416f283c4b21215443a5a2652d08baa1591a7b26ced5a1371207f97149ec9
61147d45fa974cf1b9dde544ad1c3868,108,native_gfh,False,42,7.307249546051025,14.185162782669067,0.11503779143095016,0.5712026357650757,0.6201204657554626,19.010392427444458,0.13045340776443481,0.8781896233558655,917598f0c6f52443f7b85f6bf89f4423ce4203013650c6cc9ff2bcb9fd17e18c,fbeda3a52c7603cb63345bc934374b83f9a1f1a05ba6e68e71c5dbf63e15805b,ed8dc71edf642aacaebb60ef7c33e5dc0652e91aace11198b022a2a5e6d8dafb,0340047558809127cfbef95fc332f3ae1ce4145167192ddcfc30e1e5778e94dd,5820e167499a502e93cb6bc2ac58b23aff68708f3d38485ea51ccdf372d7661c,ae1416f283c4b21215443a5a2652d08baa1591a7b26ced5a1371207f97149ec9
61147d45fa974cf1b9dde544ad1c3868,108,native_gfl,False,42,7.372304916381836,10.200978517532349,0.13780683279037476,0.48468613624572754,0.6013003587722778,19.07457947731018,0.15658509731292725,0.8715900778770447,917598f0c6f52443f7b85f6bf89f4423ce4203013650c6cc9ff2bcb9fd17e18c,fbeda3a52c7603cb63345bc934374b83f9a1f1a05ba6e68e71c5dbf63e15805b,ed8dc71edf642aacaebb60ef7c33e5dc0652e91aace11198b022a2a5e6d8dafb,0340047558809127cfbef95fc332f3ae1ce4145167192ddcfc30e1e5778e94dd,5820e167499a502e93cb6bc2ac58b23aff68708f3d38485ea51ccdf372d7661c,ae1416f283c4b21215443a5a2652d08baa1591a7b26ced5a1371207f97149ec9
61147d45fa974cf1b9dde544ad1c3868,108,no_adapter,False,42,7.143203020095825,9.846659898757935,0.1565130054950714,0.532351016998291,0.5234166979789734,10.75852632522583,0.6507771015167236,0.7195592522621155,917598f0c6f52443f7b85f6bf89f4423ce4203013650c6cc9ff2bcb9fd17e18c,fbeda3a52c7603cb63345bc934374b83f9a1f1a05ba6e68e71c5dbf63e15805b,ed8dc71edf642aacaebb60ef7c33e5dc0652e91aace11198b022a2a5e6d8dafb,0340047558809127cfbef95fc332f3ae1ce4145167192ddcfc30e1e5778e94dd,5820e167499a502e93cb6bc2ac58b23aff68708f3d38485ea51ccdf372d7661c,ae1416f283c4b21215443a5a2652d08baa1591a7b26ced5a1371207f97149ec9
614ce9a2b7c54beea6a8d411ec5bd9d4,109,native_gc3,False,42,7.445658922195435,14.476847648620605,0.32346999645233154,0.26432037353515625,0.325248122215271,18.546700477600098,0.35605549812316895,0.7254897356033325,67fe4bd1e3e974df35ce88b5ee8c5944f8de4a7bf7860768f22ec09654af1d3f,1502af2f7cfbe67d92579a9fb28551bb3760e0bdedfa1c4a42739ae1c79d13de,85aa4ff8d5fe4d447d9fe9f2cba1784ccb6ab3d7739e48b512681dd5343e25c5,0340047558809127cfbef95fc332f3ae1ce4145167192ddcfc30e1e5778e94dd,1636c1cbb32525d87507fa3f90d8be23c3c167fa86c75d4058ae3c7024ecfe00,0c1bcc12c8703a3c995a88d45a075cecaf4f9ff1e0effa159e5ddeebb35b2414
614ce9a2b7c54beea6a8d411ec5bd9d4,109,native_gfh,False,42,7.512521982192993,15.817487239837646,0.3006575405597687,0.32027408480644226,0.3535717725753784,18.280293941497803,0.3615371584892273,0.7289722561836243,67fe4bd1e3e974df35ce88b5ee8c5944f8de4a7bf7860768f22ec09654af1d3f,1502af2f7cfbe67d92579a9fb28551bb3760e0bdedfa1c4a42739ae1c79d13de,85aa4ff8d5fe4d447d9fe9f2cba1784ccb6ab3d7739e48b512681dd5343e25c5,0340047558809127cfbef95fc332f3ae1ce4145167192ddcfc30e1e5778e94dd,1636c1cbb32525d87507fa3f90d8be23c3c167fa86c75d4058ae3c7024ecfe00,0c1bcc12c8703a3c995a88d45a075cecaf4f9ff1e0effa159e5ddeebb35b2414
614ce9a2b7c54beea6a8d411ec5bd9d4,109,native_gfl,False,42,7.533775568008423,13.462879657745361,0.33959928154945374,0.22148999571800232,0.30415037274360657,17.67043948173523,0.360664963722229,0.7110989689826965,67fe4bd1e3e974df35ce88b5ee8c5944f8de4a7bf7860768f22ec09654af1d3f,1502af2f7cfbe67d92579a9fb28551bb3760e0bdedfa1c4a42739ae1c79d13de,85aa4ff8d5fe4d447d9fe9f2cba1784ccb6ab3d7739e48b512681dd5343e25c5,0340047558809127cfbef95fc332f3ae1ce4145167192ddcfc30e1e5778e94dd,1636c1cbb32525d87507fa3f90d8be23c3c167fa86c75d4058ae3c7024ecfe00,0c1bcc12c8703a3c995a88d45a075cecaf4f9ff1e0effa159e5ddeebb35b2414
614ce9a2b7c54beea6a8d411ec5bd9d4,109,no_adapter,False,42,7.283990144729614,9.024656414985657,0.35918182134628296,0.32656747102737427,0.36725202202796936,9.883423447608948,0.7319372892379761,0.5781114101409912,67fe4bd1e3e974df35ce88b5ee8c5944f8de4a7bf7860768f22ec09654af1d3f,1502af2f7cfbe67d92579a9fb28551bb3760e0bdedfa1c4a42739ae1c79d13de,85aa4ff8d5fe4d447d9fe9f2cba1784ccb6ab3d7739e48b512681dd5343e25c5,0340047558809127cfbef95fc332f3ae1ce4145167192ddcfc30e1e5778e94dd,1636c1cbb32525d87507fa3f90d8be23c3c167fa86c75d4058ae3c7024ecfe00,0c1bcc12c8703a3c995a88d45a075cecaf4f9ff1e0effa159e5ddeebb35b2414
622a2f58e3154af9ae1c80ef61bb41f3,110,native_gc3,False,42,7.436534881591797,11.03633999824524,0.1936499923467636,0.2925311028957367,0.39973992109298706,16.626323461532593,0.2006032019853592,0.7839581370353699,ac426502e362144427f3852758a8eb01d1afbd0a910d9cea95f7b488e750fdb1,065ed77e586cc3fadd3bbdeb2577852202882a0184fc792ceff9644a6f3d3870,0dad65f930ee3818da2b13e4e0ec7ae3521fe9be102ac7a1b48a9dee603d9c4a,0340047558809127cfbef95fc332f3ae1ce4145167192ddcfc30e1e5778e94dd,4de4e570afc9324004522d9661001c1f0320bbe55b9d629a2abfee08c4213cf7,8e94dbc6f9b47adc8158f546e9be879ad354d88db36b59f9ea38a06484bd6c9e
622a2f58e3154af9ae1c80ef61bb41f3,110,native_gfh,False,42,7.4574034214019775,9.653827548027039,0.19796088337898254,0.3197746276855469,0.4005553126335144,15.17962098121643,0.20668289065361023,0.7821491360664368,ac426502e362144427f3852758a8eb01d1afbd0a910d9cea95f7b488e750fdb1,065ed77e586cc3fadd3bbdeb2577852202882a0184fc792ceff9644a6f3d3870,0dad65f930ee3818da2b13e4e0ec7ae3521fe9be102ac7a1b48a9dee603d9c4a,0340047558809127cfbef95fc332f3ae1ce4145167192ddcfc30e1e5778e94dd,4de4e570afc9324004522d9661001c1f0320bbe55b9d629a2abfee08c4213cf7,8e94dbc6f9b47adc8158f546e9be879ad354d88db36b59f9ea38a06484bd6c9e
622a2f58e3154af9ae1c80ef61bb41f3,110,native_gfl,False,42,7.386393785476685,12.180811166763306,0.19821587204933167,0.28440186381340027,0.4045436382293701,17.79576063156128,0.1996726095676422,0.7850844264030457,ac426502e362144427f3852758a8eb01d1afbd0a910d9cea95f7b488e750fdb1,065ed77e586cc3fadd3bbdeb2577852202882a0184fc792ceff9644a6f3d3870,0dad65f930ee3818da2b13e4e0ec7ae3521fe9be102ac7a1b48a9dee603d9c4a,0340047558809127cfbef95fc332f3ae1ce4145167192ddcfc30e1e5778e94dd,4de4e570afc9324004522d9661001c1f0320bbe55b9d629a2abfee08c4213cf7,8e94dbc6f9b47adc8158f546e9be879ad354d88db36b59f9ea38a06484bd6c9e
622a2f58e3154af9ae1c80ef61bb41f3,110,no_adapter,False,42,7.1567323207855225,4.297833144664764,0.3040609061717987,0.28724217414855957,0.3279939293861389,7.603477239608765,0.6453409194946289,0.657738983631134,ac426502e362144427f3852758a8eb01d1afbd0a910d9cea95f7b488e750fdb1,065ed77e586cc3fadd3bbdeb2577852202882a0184fc792ceff9644a6f3d3870,0dad65f930ee3818da2b13e4e0ec7ae3521fe9be102ac7a1b48a9dee603d9c4a,0340047558809127cfbef95fc332f3ae1ce4145167192ddcfc30e1e5778e94dd,4de4e570afc9324004522d9661001c1f0320bbe55b9d629a2abfee08c4213cf7,8e94dbc6f9b47adc8158f546e9be879ad354d88db36b59f9ea38a06484bd6c9e
62a9ef09a0814f578b50f5eb5947eb01,111,native_gc3,False,42,7.415029048919678,10.686173439025879,0.28910088539123535,0.3261055648326874,0.36209189891815186,16.208243370056152,0.28777045011520386,0.7773378491401672,aab29a97057342749f31f06ffa7f687094d7511b250dbe919b9c68d819bec52e,9d06218ec3be22d472415315a4cfec0262f47bd0fc813086c9bbbf127f991709,e0e2548da4b62b7588b7a7c46e5c88b5d7e82a1dffd2815743f7e1fb5757327b,0340047558809127cfbef95fc332f3ae1ce4145167192ddcfc30e1e5778e94dd,a3c67b0eb06d10183b2e5a4dff18bac135915ff4c6bbc32b7d3c62b7c0335a90,11ec1ec3f38d0ce88b12ee8b62573443ea0797b6ecd384923f2dc68f5f03fbbf
62a9ef09a0814f578b50f5eb5947eb01,111,native_gfh,False,42,7.490289211273193,10.201113224029541,0.30644723773002625,0.3648485541343689,0.3682418465614319,15.417832136154175,0.3204561173915863,0.7771496772766113,aab29a97057342749f31f06ffa7f687094d7511b250dbe919b9c68d819bec52e,9d06218ec3be22d472415315a4cfec0262f47bd0fc813086c9bbbf127f991709,e0e2548da4b62b7588b7a7c46e5c88b5d7e82a1dffd2815743f7e1fb5757327b,0340047558809127cfbef95fc332f3ae1ce4145167192ddcfc30e1e5778e94dd,a3c67b0eb06d10183b2e5a4dff18bac135915ff4c6bbc32b7d3c62b7c0335a90,11ec1ec3f38d0ce88b12ee8b62573443ea0797b6ecd384923f2dc68f5f03fbbf
62a9ef09a0814f578b50f5eb5947eb01,111,native_gfl,False,42,7.56789755821228,11.185845136642456,0.28387200832366943,0.3009062707424164,0.37001755833625793,16.71733021736145,0.2791966199874878,0.7717655301094055,aab29a97057342749f31f06ffa7f687094d7511b250dbe919b9c68d819bec52e,9d06218ec3be22d472415315a4cfec0262f47bd0fc813086c9bbbf127f991709,e0e2548da4b62b7588b7a7c46e5c88b5d7e82a1dffd2815743f7e1fb5757327b,0340047558809127cfbef95fc332f3ae1ce4145167192ddcfc30e1e5778e94dd,a3c67b0eb06d10183b2e5a4dff18bac135915ff4c6bbc32b7d3c62b7c0335a90,11ec1ec3f38d0ce88b12ee8b62573443ea0797b6ecd384923f2dc68f5f03fbbf
62a9ef09a0814f578b50f5eb5947eb01,111,no_adapter,False,42,7.100750923156738,4.710969924926758,0.3483002781867981,0.34551551938056946,0.306820809841156,8.154413104057312,0.6537794470787048,0.6752904057502747,aab29a97057342749f31f06ffa7f687094d7511b250dbe919b9c68d819bec52e,9d06218ec3be22d472415315a4cfec0262f47bd0fc813086c9bbbf127f991709,e0e2548da4b62b7588b7a7c46e5c88b5d7e82a1dffd2815743f7e1fb5757327b,0340047558809127cfbef95fc332f3ae1ce4145167192ddcfc30e1e5778e94dd,a3c67b0eb06d10183b2e5a4dff18bac135915ff4c6bbc32b7d3c62b7c0335a90,11ec1ec3f38d0ce88b12ee8b62573443ea0797b6ecd384923f2dc68f5f03fbbf
62b58e6bf5a74508b7acdc8b7f676f4b,112,native_gc3,False,42,7.382310390472412,11.353687047958374,0.1872836947441101,0.236944317817688,0.3511308431625366,17.330074310302734,0.21094822883605957,0.8034812211990356,09814125b09a1af9839eb17e75175db5f1e126fcc5be6d83ff527b40bacca883,47ba6968478a604cd48544e1c429c9dc273315c851c525cca7dfef9f2b357766,ee9f0bb84f9501a80592d01862f64450a48bc3df85178b3dc0878aaa7559f231,0340047558809127cfbef95fc332f3ae1ce4145167192ddcfc30e1e5778e94dd,6c8f4c3802c0c0cae8d5137f1c1e1228806b798ea58402c75c044fcd2045ac34,a99069a097be7bbe0660bcfd82163d333b1d798ce32d3087a495a10f8f329aa4
62b58e6bf5a74508b7acdc8b7f676f4b,112,native_gfh,False,42,7.432878017425537,10.931229591369629,0.1939491629600525,0.2565779983997345,0.3531922399997711,16.19327425956726,0.2178415209054947,0.7940645217895508,09814125b09a1af9839eb17e75175db5f1e126fcc5be6d83ff527b40bacca883,47ba6968478a604cd48544e1c429c9dc273315c851c525cca7dfef9f2b357766,ee9f0bb84f9501a80592d01862f64450a48bc3df85178b3dc0878aaa7559f231,0340047558809127cfbef95fc332f3ae1ce4145167192ddcfc30e1e5778e94dd,6c8f4c3802c0c0cae8d5137f1c1e1228806b798ea58402c75c044fcd2045ac34,a99069a097be7bbe0660bcfd82163d333b1d798ce32d3087a495a10f8f329aa4
62b58e6bf5a74508b7acdc8b7f676f4b,112,native_gfl,False,42,7.369907379150391,11.840685606002808,0.18770664930343628,0.2307060956954956,0.3531627058982849,17.791976928710938,0.21061858534812927,0.7982004284858704,09814125b09a1af9839eb17e75175db5f1e126fcc5be6d83ff527b40bacca883,47ba6968478a604cd48544e1c429c9dc273315c851c525cca7dfef9f2b357766,ee9f0bb84f9501a80592d01862f64450a48bc3df85178b3dc0878aaa7559f231,0340047558809127cfbef95fc332f3ae1ce4145167192ddcfc30e1e5778e94dd,6c8f4c3802c0c0cae8d5137f1c1e1228806b798ea58402c75c044fcd2045ac34,a99069a097be7bbe0660bcfd82163d333b1d798ce32d3087a495a10f8f329aa4
62b58e6bf5a74508b7acdc8b7f676f4b,112,no_adapter,False,42,7.3336968421936035,4.3915146589279175,0.2582782208919525,0.21154215931892395,0.28291505575180054,8.626158237457275,0.6118301749229431,0.6809507012367249,09814125b09a1af9839eb17e75175db5f1e126fcc5be6d83ff527b40bacca883,47ba6968478a604cd48544e1c429c9dc273315c851c525cca7dfef9f2b357766,ee9f0bb84f9501a80592d01862f64450a48bc3df85178b3dc0878aaa7559f231,0340047558809127cfbef95fc332f3ae1ce4145167192ddcfc30e1e5778e94dd,6c8f4c3802c0c0cae8d5137f1c1e1228806b798ea58402c75c044fcd2045ac34,a99069a097be7bbe0660bcfd82163d333b1d798ce32d3087a495a10f8f329aa4
63ae895edb69438092d12afbcce3f924,113,native_gc3,False,42,7.341890573501587,8.895716071128845,0.13059541583061218,0.09989149868488312,0.4511009454727173,17.205030918121338,0.19429883360862732,0.8452733159065247,4656f2da299f7e1a31e1db9861bfbd63fe881860bd2e84b797f005a04b9f3bb2,1317492316118dc43459613331e7a06473e1700c37ceb4dbfbb81d6af1cffe78,92a10ffbb6b2748c032ff6907e4f9b83b67d0ff731d77df9b63b4371070c26fe,0340047558809127cfbef95fc332f3ae1ce4145167192ddcfc30e1e5778e94dd,bb42310a929c8d96f0a5476f589b1f137e8fbd40e80354d9ebea3d5416232fa3,337ce44280a342dceba3ad1e30689cbdc55f5d00a58287055cd0aa28a34e4dbb
63ae895edb69438092d12afbcce3f924,113,native_gfh,False,42,7.409560918807983,8.214346766471863,0.14083699882030487,0.09827596694231033,0.4351440370082855,15.986154079437256,0.19578874111175537,0.8452741503715515,4656f2da299f7e1a31e1db9861bfbd63fe881860bd2e84b797f005a04b9f3bb2,1317492316118dc43459613331e7a06473e1700c37ceb4dbfbb81d6af1cffe78,92a10ffbb6b2748c032ff6907e4f9b83b67d0ff731d77df9b63b4371070c26fe,0340047558809127cfbef95fc332f3ae1ce4145167192ddcfc30e1e5778e94dd,bb42310a929c8d96f0a5476f589b1f137e8fbd40e80354d9ebea3d5416232fa3,337ce44280a342dceba3ad1e30689cbdc55f5d00a58287055cd0aa28a34e4dbb
63ae895edb69438092d12afbcce3f924,113,native_gfl,False,42,7.5202577114105225,9.258926510810852,0.1280563920736313,0.10744263231754303,0.46223029494285583,17.77669668197632,0.21126121282577515,0.8462629914283752,4656f2da299f7e1a31e1db9861bfbd63fe881860bd2e84b797f005a04b9f3bb2,1317492316118dc43459613331e7a06473e1700c37ceb4dbfbb81d6af1cffe78,92a10ffbb6b2748c032ff6907e4f9b83b67d0ff731d77df9b63b4371070c26fe,0340047558809127cfbef95fc332f3ae1ce4145167192ddcfc30e1e5778e94dd,bb42310a929c8d96f0a5476f589b1f137e8fbd40e80354d9ebea3d5416232fa3,337ce44280a342dceba3ad1e30689cbdc55f5d00a58287055cd0aa28a34e4dbb
63ae895edb69438092d12afbcce3f924,113,no_adapter,False,42,7.020353317260742,2.8354141116142273,0.15856048464775085,0.06708237528800964,0.38370874524116516,9.341362714767456,0.6020230650901794,0.738490879535675,4656f2da299f7e1a31e1db9861bfbd63fe881860bd2e84b797f005a04b9f3bb2,1317492316118dc43459613331e7a06473e1700c37ceb4dbfbb81d6af1cffe78,92a10ffbb6b2748c032ff6907e4f9b83b67d0ff731d77df9b63b4371070c26fe,0340047558809127cfbef95fc332f3ae1ce4145167192ddcfc30e1e5778e94dd,bb42310a929c8d96f0a5476f589b1f137e8fbd40e80354d9ebea3d5416232fa3,337ce44280a342dceba3ad1e30689cbdc55f5d00a58287055cd0aa28a34e4dbb
65134f2a5c8241ff85e62c70af011ca1,114,native_gc3,False,42,7.319549083709717,5.753001570701599,0.23846378922462463,0.02369992807507515,0.2794966697692871,12.989884614944458,0.25263330340385437,0.7651180624961853,cced9057da5e50a886c002aafb5103e38721c8e6a46cbba137b70493412f3143,766b69698c8a816d9f429737f46d564fff1225a32521166bedf36165dcdd6dfc,10fb1817aa89f6c855e7fc656ee103d224916e0e282954ff156cf610d2691926,0340047558809127cfbef95fc332f3ae1ce4145167192ddcfc30e1e5778e94dd,c05128181131ccfc95cf74dc0081e82123e215a02c91b6ab98a0a7d5f186006b,d6275e811187149e0511549fedcea53af513239035f49a1d9f3fde15401d04bc
65134f2a5c8241ff85e62c70af011ca1,114,native_gfh,False,42,7.455247640609741,4.794521629810333,0.24552491307258606,0.019604414701461792,0.2781011462211609,11.909974813461304,0.2726822793483734,0.753322184085846,cced9057da5e50a886c002aafb5103e38721c8e6a46cbba137b70493412f3143,766b69698c8a816d9f429737f46d564fff1225a32521166bedf36165dcdd6dfc,10fb1817aa89f6c855e7fc656ee103d224916e0e282954ff156cf610d2691926,0340047558809127cfbef95fc332f3ae1ce4145167192ddcfc30e1e5778e94dd,c05128181131ccfc95cf74dc0081e82123e215a02c91b6ab98a0a7d5f186006b,d6275e811187149e0511549fedcea53af513239035f49a1d9f3fde15401d04bc
65134f2a5c8241ff85e62c70af011ca1,114,native_gfl,False,42,7.40314793586731,6.861408948898315,0.22659702599048615,0.0286188255995512,0.28965145349502563,14.041115045547485,0.241946741938591,0.7586502432823181,cced9057da5e50a886c002aafb5103e38721c8e6a46cbba137b70493412f3143,766b69698c8a816d9f429737f46d564fff1225a32521166bedf36165dcdd6dfc,10fb1817aa89f6c855e7fc656ee103d224916e0e282954ff156cf610d2691926,0340047558809127cfbef95fc332f3ae1ce4145167192ddcfc30e1e5778e94dd,c05128181131ccfc95cf74dc0081e82123e215a02c91b6ab98a0a7d5f186006b,d6275e811187149e0511549fedcea53af513239035f49a1d9f3fde15401d04bc
65134f2a5c8241ff85e62c70af011ca1,114,no_adapter,False,42,7.03616189956665,0.8895640820264816,0.24405387043952942,0.006428919732570648,0.24095028638839722,6.789063811302185,0.6388229727745056,0.6437422633171082,cced9057da5e50a886c002aafb5103e38721c8e6a46cbba137b70493412f3143,766b69698c8a816d9f429737f46d564fff1225a32521166bedf36165dcdd6dfc,10fb1817aa89f6c855e7fc656ee103d224916e0e282954ff156cf610d2691926,0340047558809127cfbef95fc332f3ae1ce4145167192ddcfc30e1e5778e94dd,c05128181131ccfc95cf74dc0081e82123e215a02c91b6ab98a0a7d5f186006b,d6275e811187149e0511549fedcea53af513239035f49a1d9f3fde15401d04bc
6687061f614f4340bd44b8c4006f7e2e,115,native_gc3,False,42,7.35841703414917,12.28697419166565,0.1023988351225853,0.28007200360298157,0.4878414571285248,20.67335844039917,0.1270798295736313,0.8858873844146729,b3f9000ccecb52699f0e8e640e22e45c8d4f8d64d6de6097236ce8e746ce9c7a,9e9e378d9126c7e26287514f9b2e71731ff5b4a45a0d0696ca93b1642b901391,d1eb1440c9138febbc7cb1746a6892ffc966447db93455ae9524e2f051998f16,0340047558809127cfbef95fc332f3ae1ce4145167192ddcfc30e1e5778e94dd,c48811065478261bfb7f06ea98f323d17719f27a0509cc4e4cbb7fa5fb0d73ee,33ee962b6f88ade3fa99a1fe41b0b216b11fb7577443e1e82ae750180a25968f
6687061f614f4340bd44b8c4006f7e2e,115,native_gfh,False,42,7.464174270629883,12.376540899276733,0.09758716821670532,0.28737232089042664,0.4917703866958618,19.076590538024902,0.1280766725540161,0.8829423189163208,b3f9000ccecb52699f0e8e640e22e45c8d4f8d64d6de6097236ce8e746ce9c7a,9e9e378d9126c7e26287514f9b2e71731ff5b4a45a0d0696ca93b1642b901391,d1eb1440c9138febbc7cb1746a6892ffc966447db93455ae9524e2f051998f16,0340047558809127cfbef95fc332f3ae1ce4145167192ddcfc30e1e5778e94dd,c48811065478261bfb7f06ea98f323d17719f27a0509cc4e4cbb7fa5fb0d73ee,33ee962b6f88ade3fa99a1fe41b0b216b11fb7577443e1e82ae750180a25968f
6687061f614f4340bd44b8c4006f7e2e,115,native_gfl,False,42,7.51825213432312,12.19515085220337,0.10415305197238922,0.2875806987285614,0.4840669333934784,20.759413242340088,0.13984543085098267,0.8838038444519043,b3f9000ccecb52699f0e8e640e22e45c8d4f8d64d6de6097236ce8e746ce9c7a,9e9e378d9126c7e26287514f9b2e71731ff5b4a45a0d0696ca93b1642b901391,d1eb1440c9138febbc7cb1746a6892ffc966447db93455ae9524e2f051998f16,0340047558809127cfbef95fc332f3ae1ce4145167192ddcfc30e1e5778e94dd,c48811065478261bfb7f06ea98f323d17719f27a0509cc4e4cbb7fa5fb0d73ee,33ee962b6f88ade3fa99a1fe41b0b216b11fb7577443e1e82ae750180a25968f
6687061f614f4340bd44b8c4006f7e2e,115,no_adapter,False,42,7.101691246032715,5.0934648513793945,0.13106390833854675,0.2650393843650818,0.41935455799102783,10.686044692993164,0.6180602312088013,0.763514518737793,b3f9000ccecb52699f0e8e640e22e45c8d4f8d64d6de6097236ce8e746ce9c7a,9e9e378d9126c7e26287514f9b2e71731ff5b4a45a0d0696ca93b1642b901391,d1eb1440c9138febbc7cb1746a6892ffc966447db93455ae9524e2f051998f16,0340047558809127cfbef95fc332f3ae1ce4145167192ddcfc30e1e5778e94dd,c48811065478261bfb7f06ea98f323d17719f27a0509cc4e4cbb7fa5fb0d73ee,33ee962b6f88ade3fa99a1fe41b0b216b11fb7577443e1e82ae750180a25968f
66ea60ce156e4815964dde27c196b9e5,116,native_gc3,False,42,7.38783860206604,11.813968420028687,0.14872005581855774,0.33677569031715393,0.49096372723579407,18.06544303894043,0.14848220348358154,0.8283137679100037,89437c418871068e91e1f722855983876a0e927af048fc6b3235a2a13f8da405,4ed5d68950c0f41262f9c5bde86a981be0b852ef1ba57ab4a3b3eb4ea6219a8a,719bb8de45817d4ff4209af271fb88a8d549a04d58fad90a21fc6ab591bbafcd,0340047558809127cfbef95fc332f3ae1ce4145167192ddcfc30e1e5778e94dd,2839688328b94d29852fa12d0347b74dd7405474fd466f5d524170f11ee20ca8,9d3b5ad69f5d8a1fd57cc773583c6b785e1993d2b55ea50cebc4af1080cdd97d
66ea60ce156e4815964dde27c196b9e5,116,native_gfh,False,42,7.5559728145599365,11.096309423446655,0.1537865549325943,0.3886874318122864,0.5030748248100281,16.63492202758789,0.15785065293312073,0.8201912045478821,89437c418871068e91e1f722855983876a0e927af048fc6b3235a2a13f8da405,4ed5d68950c0f41262f9c5bde86a981be0b852ef1ba57ab4a3b3eb4ea6219a8a,719bb8de45817d4ff4209af271fb88a8d549a04d58fad90a21fc6ab591bbafcd,0340047558809127cfbef95fc332f3ae1ce4145167192ddcfc30e1e5778e94dd,2839688328b94d29852fa12d0347b74dd7405474fd466f5d524170f11ee20ca8,9d3b5ad69f5d8a1fd57cc773583c6b785e1993d2b55ea50cebc4af1080cdd97d
66ea60ce156e4815964dde27c196b9e5,116,native_gfl,False,42,7.219386577606201,12.482829093933105,0.14842534065246582,0.32984670996665955,0.48900875449180603,18.904550075531006,0.14819011092185974,0.8236659169197083,89437c418871068e91e1f722855983876a0e927af048fc6b3235a2a13f8da405,4ed5d68950c0f41262f9c5bde86a981be0b852ef1ba57ab4a3b3eb4ea6219a8a,719bb8de45817d4ff4209af271fb88a8d549a04d58fad90a21fc6ab591bbafcd,0340047558809127cfbef95fc332f3ae1ce4145167192ddcfc30e1e5778e94dd,2839688328b94d29852fa12d0347b74dd7405474fd466f5d524170f11ee20ca8,9d3b5ad69f5d8a1fd57cc773583c6b785e1993d2b55ea50cebc4af1080cdd97d
66ea60ce156e4815964dde27c196b9e5,116,no_adapter,False,42,6.909209728240967,4.789479374885559,0.23339805006980896,0.3118639290332794,0.40211501717567444,8.08692216873169,0.6412696242332458,0.6346490979194641,89437c418871068e91e1f722855983876a0e927af048fc6b3235a2a13f8da405,4ed5d68950c0f41262f9c5bde86a981be0b852ef1ba57ab4a3b3eb4ea6219a8a,719bb8de45817d4ff4209af271fb88a8d549a04d58fad90a21fc6ab591bbafcd,0340047558809127cfbef95fc332f3ae1ce4145167192ddcfc30e1e5778e94dd,2839688328b94d29852fa12d0347b74dd7405474fd466f5d524170f11ee20ca8,9d3b5ad69f5d8a1fd57cc773583c6b785e1993d2b55ea50cebc4af1080cdd97d
678ed83880ba4aa3b16873f9aa118d8f,117,native_gc3,False,42,7.323451995849609,11.16024136543274,0.16284847259521484,0.5081133842468262,0.564599335193634,19.052470922470093,0.17846328020095825,0.8720605969429016,50230c677b580eab42cc53c32490acf753b5179840fd43c73c899b8a8750f476,8a652af7b38a7eb213deb2382b19e98a7aed823cc961038c97a8cad890ff7aa6,085dea6ab7a59b3b19bb0bc27ea7a6a3633ac75337e6809bbd6dfb59fc62ef01,0340047558809127cfbef95fc332f3ae1ce4145167192ddcfc30e1e5778e94dd,c3732234e9236f8f2e62f4eac270aa2ff4886fdfa93fa3a98ac775106633b994,5808a94e24fd3bdfbd727562f5f08e4885024dd4bceb98a00e5f451f3611babb
678ed83880ba4aa3b16873f9aa118d8f,117,native_gfh,False,42,7.327541351318359,13.220664262771606,0.1412310004234314,0.5700355768203735,0.5974454879760742,19.024739265441895,0.16435545682907104,0.8728532791137695,50230c677b580eab42cc53c32490acf753b5179840fd43c73c899b8a8750f476,8a652af7b38a7eb213deb2382b19e98a7aed823cc961038c97a8cad890ff7aa6,085dea6ab7a59b3b19bb0bc27ea7a6a3633ac75337e6809bbd6dfb59fc62ef01,0340047558809127cfbef95fc332f3ae1ce4145167192ddcfc30e1e5778e94dd,c3732234e9236f8f2e62f4eac270aa2ff4886fdfa93fa3a98ac775106633b994,5808a94e24fd3bdfbd727562f5f08e4885024dd4bceb98a00e5f451f3611babb
678ed83880ba4aa3b16873f9aa118d8f,117,native_gfl,False,42,7.325357437133789,9.499160647392273,0.1738181859254837,0.4632435441017151,0.5532518625259399,17.777031660079956,0.183607816696167,0.8629292845726013,50230c677b580eab42cc53c32490acf753b5179840fd43c73c899b8a8750f476,8a652af7b38a7eb213deb2382b19e98a7aed823cc961038c97a8cad890ff7aa6,085dea6ab7a59b3b19bb0bc27ea7a6a3633ac75337e6809bbd6dfb59fc62ef01,0340047558809127cfbef95fc332f3ae1ce4145167192ddcfc30e1e5778e94dd,c3732234e9236f8f2e62f4eac270aa2ff4886fdfa93fa3a98ac775106633b994,5808a94e24fd3bdfbd727562f5f08e4885024dd4bceb98a00e5f451f3611babb
678ed83880ba4aa3b16873f9aa118d8f,117,no_adapter,False,42,7.141540765762329,11.43333911895752,0.14736106991767883,0.5913222432136536,0.5025976300239563,12.121375799179077,0.5615431070327759,0.7701866626739502,50230c677b580eab42cc53c32490acf753b5179840fd43c73c899b8a8750f476,8a652af7b38a7eb213deb2382b19e98a7aed823cc961038c97a8cad890ff7aa6,085dea6ab7a59b3b19bb0bc27ea7a6a3633ac75337e6809bbd6dfb59fc62ef01,0340047558809127cfbef95fc332f3ae1ce4145167192ddcfc30e1e5778e94dd,c3732234e9236f8f2e62f4eac270aa2ff4886fdfa93fa3a98ac775106633b994,5808a94e24fd3bdfbd727562f5f08e4885024dd4bceb98a00e5f451f3611babb
6e35f6fdf1264db4880049b802f18ea2,118,native_gc3,False,42,7.174860954284668,7.922186851501465,0.21536415815353394,0.2535504996776581,0.452470600605011,14.298866987228394,0.2168964296579361,0.7837063670158386,03dbbd5a054161988408aa2723f8b3fb843670736c6db228f261315fbf6c13d1,6b3f927a8b01b9fd5dbf20a3a899f58daee8a4cc684d2dc97ce965e1ba0633e1,64c9ce2a6805b0612d89f37a30c1bda17f1cbf5690abf55badf4f78ce83b6a70,0340047558809127cfbef95fc332f3ae1ce4145167192ddcfc30e1e5778e94dd,b0ee8ddee4b804c37c20b800d0af403d75e993d3d74e576265e016cf6a73b283,bb5e0e1ae6ca9f91c9805184d150fff7f247c326fd8a6371f0ad200ff5fc1292
6e35f6fdf1264db4880049b802f18ea2,118,native_gfh,False,42,7.237250804901123,6.574135422706604,0.22134166955947876,0.26930683851242065,0.4430554509162903,12.828528881072998,0.239190012216568,0.7768387198448181,03dbbd5a054161988408aa2723f8b3fb843670736c6db228f261315fbf6c13d1,6b3f927a8b01b9fd5dbf20a3a899f58daee8a4cc684d2dc97ce965e1ba0633e1,64c9ce2a6805b0612d89f37a30c1bda17f1cbf5690abf55badf4f78ce83b6a70,0340047558809127cfbef95fc332f3ae1ce4145167192ddcfc30e1e5778e94dd,b0ee8ddee4b804c37c20b800d0af403d75e993d3d74e576265e016cf6a73b283,bb5e0e1ae6ca9f91c9805184d150fff7f247c326fd8a6371f0ad200ff5fc1292
6e35f6fdf1264db4880049b802f18ea2,118,native_gfl,False,42,7.393134355545044,9.457401633262634,0.21090686321258545,0.24100971221923828,0.46458956599235535,15.840623378753662,0.21252503991127014,0.7878333926200867,03dbbd5a054161988408aa2723f8b3fb843670736c6db228f261315fbf6c13d1,6b3f927a8b01b9fd5dbf20a3a899f58daee8a4cc684d2dc97ce965e1ba0633e1,64c9ce2a6805b0612d89f37a30c1bda17f1cbf5690abf55badf4f78ce83b6a70,0340047558809127cfbef95fc332f3ae1ce4145167192ddcfc30e1e5778e94dd,b0ee8ddee4b804c37c20b800d0af403d75e993d3d74e576265e016cf6a73b283,bb5e0e1ae6ca9f91c9805184d150fff7f247c326fd8a6371f0ad200ff5fc1292
6e35f6fdf1264db4880049b802f18ea2,118,no_adapter,False,42,7.0726377964019775,2.1044161915779114,0.28012341260910034,0.22292613983154297,0.3684556782245636,6.932076811790466,0.6187152862548828,0.6454046368598938,03dbbd5a054161988408aa2723f8b3fb843670736c6db228f261315fbf6c13d1,6b3f927a8b01b9fd5dbf20a3a899f58daee8a4cc684d2dc97ce965e1ba0633e1,64c9ce2a6805b0612d89f37a30c1bda17f1cbf5690abf55badf4f78ce83b6a70,0340047558809127cfbef95fc332f3ae1ce4145167192ddcfc30e1e5778e94dd,b0ee8ddee4b804c37c20b800d0af403d75e993d3d74e576265e016cf6a73b283,bb5e0e1ae6ca9f91c9805184d150fff7f247c326fd8a6371f0ad200ff5fc1292
6eb03758e21741f18dd28ee7562606dc,119,native_gc3,False,42,7.560576677322388,8.643765449523926,0.2886076271533966,0.22407326102256775,0.37104541063308716,13.531510829925537,0.2853371202945709,0.7125053405761719,132f36cfabfb58bdec2ae5f121f88e56c1aba18e986cf3a78489ae9397260571,dcd2d8cbce6fa4d14a5cfa553c0eca57f12919a96d48001f1f0ea4ee5464ef72,51131f1bd0dd53304d73108bb7b74aa38a77feb52d2595493263d381444d3f1c,0340047558809127cfbef95fc332f3ae1ce4145167192ddcfc30e1e5778e94dd,5492128a89be9524439787041cee60dad7c54febbfc995e7a1524d503782a248,bfd79168b9dc4fc1b61de5ef330ac84ac490a749eb4f40cb141319c4d779d2b1
6eb03758e21741f18dd28ee7562606dc,119,native_gfh,False,42,7.495635509490967,7.914511561393738,0.30178341269493103,0.25428202748298645,0.3734828233718872,12.758090496063232,0.30970484018325806,0.7144635915756226,132f36cfabfb58bdec2ae5f121f88e56c1aba18e986cf3a78489ae9397260571,dcd2d8cbce6fa4d14a5cfa553c0eca57f12919a96d48001f1f0ea4ee5464ef72,51131f1bd0dd53304d73108bb7b74aa38a77feb52d2595493263d381444d3f1c,0340047558809127cfbef95fc332f3ae1ce4145167192ddcfc30e1e5778e94dd,5492128a89be9524439787041cee60dad7c54febbfc995e7a1524d503782a248,bfd79168b9dc4fc1b61de5ef330ac84ac490a749eb4f40cb141319c4d779d2b1
6eb03758e21741f18dd28ee7562606dc,119,native_gfl,False,42,7.537329435348511,9.48927104473114,0.2881419360637665,0.194463849067688,0.3709350824356079,14.315611124038696,0.28567051887512207,0.7218572497367859,132f36cfabfb58bdec2ae5f121f88e56c1aba18e986cf3a78489ae9397260571,dcd2d8cbce6fa4d14a5cfa553c0eca57f12919a96d48001f1f0ea4ee5464ef72,51131f1bd0dd53304d73108bb7b74aa38a77feb52d2595493263d381444d3f1c,0340047558809127cfbef95fc332f3ae1ce4145167192ddcfc30e1e5778e94dd,5492128a89be9524439787041cee60dad7c54febbfc995e7a1524d503782a248,bfd79168b9dc4fc1b61de5ef330ac84ac490a749eb4f40cb141319c4d779d2b1
6eb03758e21741f18dd28ee7562606dc,119,no_adapter,False,42,7.12364649772644,3.498164415359497,0.3427274525165558,0.23053090274333954,0.275180846452713,6.888828873634338,0.6451185941696167,0.5965275168418884,132f36cfabfb58bdec2ae5f121f88e56c1aba18e986cf3a78489ae9397260571,dcd2d8cbce6fa4d14a5cfa553c0eca57f12919a96d48001f1f0ea4ee5464ef72,51131f1bd0dd53304d73108bb7b74aa38a77feb52d2595493263d381444d3f1c,0340047558809127cfbef95fc332f3ae1ce4145167192ddcfc30e1e5778e94dd,5492128a89be9524439787041cee60dad7c54febbfc995e7a1524d503782a248,bfd79168b9dc4fc1b61de5ef330ac84ac490a749eb4f40cb141319c4d779d2b1
6f0d830323d14492bd96ae9848fbe8c4,120,native_gc3,False,42,7.334078073501587,14.613566398620605,0.22613221406936646,0.6226861476898193,0.5575885772705078,20.85097312927246,0.23643085360527039,0.8808742165565491,c260a7f7b98a601a164cf63e83b94f87f2bd75043695801a24d93b4fadd8fafd,e2c872625eaaa60c574f7e7ae625623e75a3d5e020a531b06e08ce1c59052d68,7d8a29089bd3f2122e2047cf5f7686c7d8228b0d408477e4526958056065a5e3,0340047558809127cfbef95fc332f3ae1ce4145167192ddcfc30e1e5778e94dd,e8ec14b4094ce15ea2e91e6fef0267d7a0538b8de6a08804afb55bb396c73092,0fc2d959cc89f3e7f559a7b9b30b3207fc62453b3c10ced7e6bdee4e9d67dc9c
6f0d830323d14492bd96ae9848fbe8c4,120,native_gfh,False,42,7.332027196884155,16.26638650894165,0.21191373467445374,0.7119723558425903,0.6037755012512207,19.946154356002808,0.23491160571575165,0.8830265998840332,c260a7f7b98a601a164cf63e83b94f87f2bd75043695801a24d93b4fadd8fafd,e2c872625eaaa60c574f7e7ae625623e75a3d5e020a531b06e08ce1c59052d68,7d8a29089bd3f2122e2047cf5f7686c7d8228b0d408477e4526958056065a5e3,0340047558809127cfbef95fc332f3ae1ce4145167192ddcfc30e1e5778e94dd,e8ec14b4094ce15ea2e91e6fef0267d7a0538b8de6a08804afb55bb396c73092,0fc2d959cc89f3e7f559a7b9b30b3207fc62453b3c10ced7e6bdee4e9d67dc9c
6f0d830323d14492bd96ae9848fbe8c4,120,native_gfl,False,42,7.328742980957031,12.759101390838623,0.23832345008850098,0.5849170684814453,0.5545260310173035,19.525694847106934,0.24104969203472137,0.8699584007263184,c260a7f7b98a601a164cf63e83b94f87f2bd75043695801a24d93b4fadd8fafd,e2c872625eaaa60c574f7e7ae625623e75a3d5e020a531b06e08ce1c59052d68,7d8a29089bd3f2122e2047cf5f7686c7d8228b0d408477e4526958056065a5e3,0340047558809127cfbef95fc332f3ae1ce4145167192ddcfc30e1e5778e94dd,e8ec14b4094ce15ea2e91e6fef0267d7a0538b8de6a08804afb55bb396c73092,0fc2d959cc89f3e7f559a7b9b30b3207fc62453b3c10ced7e6bdee4e9d67dc9c
6f0d830323d14492bd96ae9848fbe8c4,120,no_adapter,False,42,7.106482028961182,10.957103967666626,0.20362351834774017,0.7035737633705139,0.5600720643997192,11.484278440475464,0.6673473119735718,0.7604018449783325,c260a7f7b98a601a164cf63e83b94f87f2bd75043695801a24d93b4fadd8fafd,e2c872625eaaa60c574f7e7ae625623e75a3d5e020a531b06e08ce1c59052d68,7d8a29089bd3f2122e2047cf5f7686c7d8228b0d408477e4526958056065a5e3,0340047558809127cfbef95fc332f3ae1ce4145167192ddcfc30e1e5778e94dd,e8ec14b4094ce15ea2e91e6fef0267d7a0538b8de6a08804afb55bb396c73092,0fc2d959cc89f3e7f559a7b9b30b3207fc62453b3c10ced7e6bdee4e9d67dc9c
6f975796e1a1490d8dd43be0017b179a,121,native_gc3,False,42,7.43988561630249,10.286390781402588,0.19248057901859283,0.3594144582748413,0.5189864039421082,17.82361388206482,0.18459247052669525,0.8564087748527527,02d9dd1c596c8508f2348dab1f5d661d5a225960a5f04258624dd9fdd2b49c35,9b3e1df0a47ac98d685232024dc3f7e47a006b615a616ba681a82f1c574059c5,d8655d6d191e094784a811fe2f0936fb2a6b33c840639ccd5fb4cfe99fb494c0,0340047558809127cfbef95fc332f3ae1ce4145167192ddcfc30e1e5778e94dd,7b25ea41af1c42ba338fa9e029b4521600fb532bc143be78eb0935d890674741,9206de61075de96eeb379418a0184d8218306c8446f50192f0461b0572dbb92f
6f975796e1a1490d8dd43be0017b179a,121,native_gfh,False,42,7.478052854537964,10.629329681396484,0.1965276598930359,0.4075460135936737,0.534372866153717,17.11711883544922,0.18984581530094147,0.850218653678894,02d9dd1c596c8508f2348dab1f5d661d5a225960a5f04258624dd9fdd2b49c35,9b3e1df0a47ac98d685232024dc3f7e47a006b615a616ba681a82f1c574059c5,d8655d6d191e094784a811fe2f0936fb2a6b33c840639ccd5fb4cfe99fb494c0,0340047558809127cfbef95fc332f3ae1ce4145167192ddcfc30e1e5778e94dd,7b25ea41af1c42ba338fa9e029b4521600fb532bc143be78eb0935d890674741,9206de61075de96eeb379418a0184d8218306c8446f50192f0461b0572dbb92f
6f975796e1a1490d8dd43be0017b179a,121,native_gfl,False,42,7.5325376987457275,10.182082653045654,0.1919609010219574,0.34244754910469055,0.5174165964126587,17.93662428855896,0.1830153912305832,0.8496315479278564,02d9dd1c596c8508f2348dab1f5d661d5a225960a5f04258624dd9fdd2b49c35,9b3e1df0a47ac98d685232024dc3f7e47a006b615a616ba681a82f1c574059c5,d8655d6d191e094784a811fe2f0936fb2a6b33c840639ccd5fb4cfe99fb494c0,0340047558809127cfbef95fc332f3ae1ce4145167192ddcfc30e1e5778e94dd,7b25ea41af1c42ba338fa9e029b4521600fb532bc143be78eb0935d890674741,9206de61075de96eeb379418a0184d8218306c8446f50192f0461b0572dbb92f
6f975796e1a1490d8dd43be0017b179a,121,no_adapter,False,42,7.182219743728638,4.5625728368759155,0.2095157951116562,0.37662142515182495,0.4210571050643921,10.095939636230469,0.5422350168228149,0.7927927374839783,02d9dd1c596c8508f2348dab1f5d661d5a225960a5f04258624dd9fdd2b49c35,9b3e1df0a47ac98d685232024dc3f7e47a006b615a616ba681a82f1c574059c5,d8655d6d191e094784a811fe2f0936fb2a6b33c840639ccd5fb4cfe99fb494c0,0340047558809127cfbef95fc332f3ae1ce4145167192ddcfc30e1e5778e94dd,7b25ea41af1c42ba338fa9e029b4521600fb532bc143be78eb0935d890674741,9206de61075de96eeb379418a0184d8218306c8446f50192f0461b0572dbb92f
701daa128b9b4a5890e3f3b116f446de,122,native_gc3,False,42,7.377346754074097,13.636913299560547,0.14304634928703308,0.39860591292381287,0.4506182372570038,20.9011173248291,0.18636174499988556,0.8836567401885986,f6010ed82fed0c177312af0d5a6dba21d1945a951cd793f56a37cfb709a56723,20d76275e34c0e793a15b23773674d51b285e9359b8c6be50a150366ab6b048b,ba86beb53d69622188843dcd7e09a3579322415dfd09c26e819cbcce9f6e90eb,0340047558809127cfbef95fc332f3ae1ce4145167192ddcfc30e1e5778e94dd,0f93b6877435af53c9a964548dcbf9ae12b22f271da5e0327b5d9a61c5778e88,4cae75bc5bee67291568c69ad00d1bbdca82a0eb82c631ae1c7886ac42da2e0a
701daa128b9b4a5890e3f3b116f446de,122,native_gfh,False,42,7.341425895690918,14.600965976715088,0.13348287343978882,0.4312558174133301,0.4596598148345947,19.26321506500244,0.1853415071964264,0.8737589120864868,f6010ed82fed0c177312af0d5a6dba21d1945a951cd793f56a37cfb709a56723,20d76275e34c0e793a15b23773674d51b285e9359b8c6be50a150366ab6b048b,ba86beb53d69622188843dcd7e09a3579322415dfd09c26e819cbcce9f6e90eb,0340047558809127cfbef95fc332f3ae1ce4145167192ddcfc30e1e5778e94dd,0f93b6877435af53c9a964548dcbf9ae12b22f271da5e0327b5d9a61c5778e88,4cae75bc5bee67291568c69ad00d1bbdca82a0eb82c631ae1c7886ac42da2e0a
701daa128b9b4a5890e3f3b116f446de,122,native_gfl,False,42,7.490004062652588,12.871564626693726,0.15049149096012115,0.38814374804496765,0.4396642744541168,20.866246223449707,0.19088426232337952,0.8757421374320984,f6010ed82fed0c177312af0d5a6dba21d1945a951cd793f56a37cfb709a56723,20d76275e34c0e793a15b23773674d51b285e9359b8c6be50a150366ab6b048b,ba86beb53d69622188843dcd7e09a3579322415dfd09c26e819cbcce9f6e90eb,0340047558809127cfbef95fc332f3ae1ce4145167192ddcfc30e1e5778e94dd,0f93b6877435af53c9a964548dcbf9ae12b22f271da5e0327b5d9a61c5778e88,4cae75bc5bee67291568c69ad00d1bbdca82a0eb82c631ae1c7886ac42da2e0a
701daa128b9b4a5890e3f3b116f446de,122,no_adapter,False,42,7.253608226776123,6.6496360301971436,0.14851263165473938,0.36708202958106995,0.40191027522087097,10.961511135101318,0.6474737524986267,0.758272647857666,f6010ed82fed0c177312af0d5a6dba21d1945a951cd793f56a37cfb709a56723,20d76275e34c0e793a15b23773674d51b285e9359b8c6be50a150366ab6b048b,ba86beb53d69622188843dcd7e09a3579322415dfd09c26e819cbcce9f6e90eb,0340047558809127cfbef95fc332f3ae1ce4145167192ddcfc30e1e5778e94dd,0f93b6877435af53c9a964548dcbf9ae12b22f271da5e0327b5d9a61c5778e88,4cae75bc5bee67291568c69ad00d1bbdca82a0eb82c631ae1c7886ac42da2e0a
70b5ecf2855848fd993c4100bb3af5e6,123,native_gc3,False,42,7.540758371353149,12.976068258285522,0.2007385492324829,0.4473245441913605,0.5529257655143738,19.519089460372925,0.20062610507011414,0.8519342541694641,181765bbe2300f894b37e3599c496e0afe0e0fb1e5609f0dfc204937d0ae4b02,58ae29772e529ff7a8756b52fff73e738da3368fa321eebeb7d27d474122650e,4fa97aec8c5b8457ce35634bfdb21c1b4f665856fc65153c014f5561a5b7361b,0340047558809127cfbef95fc332f3ae1ce4145167192ddcfc30e1e5778e94dd,605445674ef5d42f9bd41e106f32b08360b4b051084cdf3833344d5792a40314,b49b37b23e10edbf11eb8201f724d70b3be239ef21244b014e2c6510f235cec1
70b5ecf2855848fd993c4100bb3af5e6,123,native_gfh,False,42,7.281430959701538,13.430403470993042,0.19790208339691162,0.5264238715171814,0.5816509127616882,18.448522090911865,0.2081601321697235,0.8524265885353088,181765bbe2300f894b37e3599c496e0afe0e0fb1e5609f0dfc204937d0ae4b02,58ae29772e529ff7a8756b52fff73e738da3368fa321eebeb7d27d474122650e,4fa97aec8c5b8457ce35634bfdb21c1b4f665856fc65153c014f5561a5b7361b,0340047558809127cfbef95fc332f3ae1ce4145167192ddcfc30e1e5778e94dd,605445674ef5d42f9bd41e106f32b08360b4b051084cdf3833344d5792a40314,b49b37b23e10edbf11eb8201f724d70b3be239ef21244b014e2c6510f235cec1
70b5ecf2855848fd993c4100bb3af5e6,123,native_gfl,False,42,7.3665056228637695,13.491373062133789,0.20618543028831482,0.4274604618549347,0.5580458641052246,20.281803607940674,0.2023218870162964,0.8530491590499878,181765bbe2300f894b37e3599c496e0afe0e0fb1e5609f0dfc204937d0ae4b02,58ae29772e529ff7a8756b52fff73e738da3368fa321eebeb7d27d474122650e,4fa97aec8c5b8457ce35634bfdb21c1b4f665856fc65153c014f5561a5b7361b,0340047558809127cfbef95fc332f3ae1ce4145167192ddcfc30e1e5778e94dd,605445674ef5d42f9bd41e106f32b08360b4b051084cdf3833344d5792a40314,b49b37b23e10edbf11eb8201f724d70b3be239ef21244b014e2c6510f235cec1
70b5ecf2855848fd993c4100bb3af5e6,123,no_adapter,False,42,7.076178550720215,6.01003110408783,0.2600105106830597,0.48650628328323364,0.5049011707305908,9.50145423412323,0.6677535772323608,0.719822883605957,181765bbe2300f894b37e3599c496e0afe0e0fb1e5609f0dfc204937d0ae4b02,58ae29772e529ff7a8756b52fff73e738da3368fa321eebeb7d27d474122650e,4fa97aec8c5b8457ce35634bfdb21c1b4f665856fc65153c014f5561a5b7361b,0340047558809127cfbef95fc332f3ae1ce4145167192ddcfc30e1e5778e94dd,605445674ef5d42f9bd41e106f32b08360b4b051084cdf3833344d5792a40314,b49b37b23e10edbf11eb8201f724d70b3be239ef21244b014e2c6510f235cec1
71090c13923441ee8a056628f45c69a6,124,native_gc3,False,42,7.521193504333496,12.946888208389282,0.15144941210746765,0.4352109134197235,0.4779454469680786,20.3045916557312,0.14953956007957458,0.8757217526435852,e869b761427279c906016a4f155869c3301dd6083ecc0b5a5172c7e910db1649,8fc33c630978d4efdb0ff9fd43025648c1d943df10e91e6e9fc277655622331f,f5250c4c02ca9554d115584fd825839a383c32f592aca82e08bb81648a2d0630,0340047558809127cfbef95fc332f3ae1ce4145167192ddcfc30e1e5778e94dd,1c659136006b28c5981438dfa524ad1b700590f86281b00e07b4f7cf2319267b,8c62a3b256bce9a911027b7b9690fa236b99a66da931d148b83c03a8c2148b46
71090c13923441ee8a056628f45c69a6,124,native_gfh,False,42,7.473648548126221,14.832024574279785,0.13986441493034363,0.4749334752559662,0.5125242471694946,19.80948567390442,0.14113745093345642,0.8716718554496765,e869b761427279c906016a4f155869c3301dd6083ecc0b5a5172c7e910db1649,8fc33c630978d4efdb0ff9fd43025648c1d943df10e91e6e9fc277655622331f,f5250c4c02ca9554d115584fd825839a383c32f592aca82e08bb81648a2d0630,0340047558809127cfbef95fc332f3ae1ce4145167192ddcfc30e1e5778e94dd,1c659136006b28c5981438dfa524ad1b700590f86281b00e07b4f7cf2319267b,8c62a3b256bce9a911027b7b9690fa236b99a66da931d148b83c03a8c2148b46
71090c13923441ee8a056628f45c69a6,124,native_gfl,False,42,7.407392501831055,11.195251941680908,0.1608031690120697,0.3990424871444702,0.46985718607902527,19.20995831489563,0.15496212244033813,0.868202269077301,e869b761427279c906016a4f155869c3301dd6083ecc0b5a5172c7e910db1649,8fc33c630978d4efdb0ff9fd43025648c1d943df10e91e6e9fc277655622331f,f5250c4c02ca9554d115584fd825839a383c32f592aca82e08bb81648a2d0630,0340047558809127cfbef95fc332f3ae1ce4145167192ddcfc30e1e5778e94dd,1c659136006b28c5981438dfa524ad1b700590f86281b00e07b4f7cf2319267b,8c62a3b256bce9a911027b7b9690fa236b99a66da931d148b83c03a8c2148b46
71090c13923441ee8a056628f45c69a6,124,no_adapter,False,42,7.132254600524902,7.21257746219635,0.15581469237804413,0.5352800488471985,0.45165619254112244,9.991962313652039,0.577256441116333,0.7850114107131958,e869b761427279c906016a4f155869c3301dd6083ecc0b5a5172c7e910db1649,8fc33c630978d4efdb0ff9fd43025648c1d943df10e91e6e9fc277655622331f,f5250c4c02ca9554d115584fd825839a383c32f592aca82e08bb81648a2d0630,0340047558809127cfbef95fc332f3ae1ce4145167192ddcfc30e1e5778e94dd,1c659136006b28c5981438dfa524ad1b700590f86281b00e07b4f7cf2319267b,8c62a3b256bce9a911027b7b9690fa236b99a66da931d148b83c03a8c2148b46
7122310d061344f9978eebf294bc4ccf,125,native_gc3,False,42,7.304393768310547,13.049616813659668,0.1963684856891632,0.31511425971984863,0.41396307945251465,19.82142925262451,0.25633952021598816,0.827129065990448,a420e3d09f52ddd1fd625870132011225ff04ecc1fd9fdce5b44b73f6c460672,38a0181eac8e70ac12e5d93d6f5ad55a6337d355b82d9d99beddd7d23d5aac1a,fff94a508278875365801b9fc715792ea4a25bfab9bab45dae166835e9e9ccab,0340047558809127cfbef95fc332f3ae1ce4145167192ddcfc30e1e5778e94dd,7a3e583e8cc7f7e04762ed3057ecc0bea49a0660b0a32ea681f113691ce99759,776ba52fe502cc94e1210b278f358c4a7d9ae19754ade520a2785719c616056d
7122310d061344f9978eebf294bc4ccf,125,native_gfh,False,42,7.413489580154419,15.133774280548096,0.16488930583000183,0.3449154496192932,0.4193497598171234,19.58156943321228,0.2520287036895752,0.818910539150238,a420e3d09f52ddd1fd625870132011225ff04ecc1fd9fdce5b44b73f6c460672,38a0181eac8e70ac12e5d93d6f5ad55a6337d355b82d9d99beddd7d23d5aac1a,fff94a508278875365801b9fc715792ea4a25bfab9bab45dae166835e9e9ccab,0340047558809127cfbef95fc332f3ae1ce4145167192ddcfc30e1e5778e94dd,7a3e583e8cc7f7e04762ed3057ecc0bea49a0660b0a32ea681f113691ce99759,776ba52fe502cc94e1210b278f358c4a7d9ae19754ade520a2785719c616056d
7122310d061344f9978eebf294bc4ccf,125,native_gfl,False,42,7.563616514205933,12.224518060684204,0.20333531498908997,0.28471100330352783,0.40700721740722656,19.44565176963806,0.25858059525489807,0.821501612663269,a420e3d09f52ddd1fd625870132011225ff04ecc1fd9fdce5b44b73f6c460672,38a0181eac8e70ac12e5d93d6f5ad55a6337d355b82d9d99beddd7d23d5aac1a,fff94a508278875365801b9fc715792ea4a25bfab9bab45dae166835e9e9ccab,0340047558809127cfbef95fc332f3ae1ce4145167192ddcfc30e1e5778e94dd,7a3e583e8cc7f7e04762ed3057ecc0bea49a0660b0a32ea681f113691ce99759,776ba52fe502cc94e1210b278f358c4a7d9ae19754ade520a2785719c616056d
7122310d061344f9978eebf294bc4ccf,125,no_adapter,False,42,7.198015451431274,7.592214941978455,0.20452800393104553,0.3446727693080902,0.3614109456539154,10.716472864151001,0.6124072670936584,0.7197933197021484,a420e3d09f52ddd1fd625870132011225ff04ecc1fd9fdce5b44b73f6c460672,38a0181eac8e70ac12e5d93d6f5ad55a6337d355b82d9d99beddd7d23d5aac1a,fff94a508278875365801b9fc715792ea4a25bfab9bab45dae166835e9e9ccab,0340047558809127cfbef95fc332f3ae1ce4145167192ddcfc30e1e5778e94dd,7a3e583e8cc7f7e04762ed3057ecc0bea49a0660b0a32ea681f113691ce99759,776ba52fe502cc94e1210b278f358c4a7d9ae19754ade520a2785719c616056d
71878fdedeb340858fece0b8d2cc8f45,126,native_gc3,False,42,7.290423393249512,16.690584421157837,0.14435431361198425,0.610343873500824,0.5774866938591003,22.94516086578369,0.17061540484428406,0.882500410079956,e23a65c90653966e23ce1069fbd1755626e08a6159283c36c8ac6de6babd3031,2b4a0606ccd3f6bcc2e587363414be4765e7f8520ffbad51ee0e71732606652d,074ba8524c4542b8cf611c677e85d40778e1e5a3c78861342d63afb7be540a09,0340047558809127cfbef95fc332f3ae1ce4145167192ddcfc30e1e5778e94dd,e77307c45258d74cb885f9ae282f47d4c9a90a9210b92e14852717a9a3a72e7b,6ac6ab85320ab94600500a8c817bc2b514d04e8e0266a337a4df358c7071043b
71878fdedeb340858fece0b8d2cc8f45,126,native_gfh,False,42,7.463833570480347,18.549731969833374,0.13626250624656677,0.6381464004516602,0.5989870429039001,20.754573345184326,0.17500826716423035,0.8758018016815186,e23a65c90653966e23ce1069fbd1755626e08a6159283c36c8ac6de6babd3031,2b4a0606ccd3f6bcc2e587363414be4765e7f8520ffbad51ee0e71732606652d,074ba8524c4542b8cf611c677e85d40778e1e5a3c78861342d63afb7be540a09,0340047558809127cfbef95fc332f3ae1ce4145167192ddcfc30e1e5778e94dd,e77307c45258d74cb885f9ae282f47d4c9a90a9210b92e14852717a9a3a72e7b,6ac6ab85320ab94600500a8c817bc2b514d04e8e0266a337a4df358c7071043b
71878fdedeb340858fece0b8d2cc8f45,126,native_gfl,False,42,7.378641605377197,15.059475898742676,0.150760680437088,0.6076382398605347,0.5753269791603088,22.309484481811523,0.1710023134946823,0.8782634139060974,e23a65c90653966e23ce1069fbd1755626e08a6159283c36c8ac6de6babd3031,2b4a0606ccd3f6bcc2e587363414be4765e7f8520ffbad51ee0e71732606652d,074ba8524c4542b8cf611c677e85d40778e1e5a3c78861342d63afb7be540a09,0340047558809127cfbef95fc332f3ae1ce4145167192ddcfc30e1e5778e94dd,e77307c45258d74cb885f9ae282f47d4c9a90a9210b92e14852717a9a3a72e7b,6ac6ab85320ab94600500a8c817bc2b514d04e8e0266a337a4df358c7071043b
71878fdedeb340858fece0b8d2cc8f45,126,no_adapter,False,42,7.063174247741699,9.434747099876404,0.20986022055149078,0.5726105570793152,0.5327588319778442,11.033352613449097,0.6272719502449036,0.7156921029090881,e23a65c90653966e23ce1069fbd1755626e08a6159283c36c8ac6de6babd3031,2b4a0606ccd3f6bcc2e587363414be4765e7f8520ffbad51ee0e71732606652d,074ba8524c4542b8cf611c677e85d40778e1e5a3c78861342d63afb7be540a09,0340047558809127cfbef95fc332f3ae1ce4145167192ddcfc30e1e5778e94dd,e77307c45258d74cb885f9ae282f47d4c9a90a9210b92e14852717a9a3a72e7b,6ac6ab85320ab94600500a8c817bc2b514d04e8e0266a337a4df358c7071043b
7384f32939ee4fedaa1029f2b7978e70,127,native_gc3,False,42,7.272111415863037,11.152818202972412,0.08631189912557602,0.32794710993766785,0.49301081895828247,19.020771980285645,0.11631174385547638,0.8777981996536255,b40cddda41ae966f6184472b98e8f161cb967b683ec65b2ae61cc8bce9b2f34a,6e76f21aed089c750860726e1a765965941444f0845abb7fcdbc360714a43b6b,fd76787c9235bf0630fbe966c338083b7a2eeaea7006c81051533b04ffc8f685,0340047558809127cfbef95fc332f3ae1ce4145167192ddcfc30e1e5778e94dd,8039bf917ec04f7549b5eb342d3637b48fbb604640039ff7bd628b9a47ce0f67,8ae100a053b082cf665aed8e6b34a1f117b0f2c897b7999ae382930d6a60c911
7384f32939ee4fedaa1029f2b7978e70,127,native_gfh,False,42,7.281886577606201,10.541384220123291,0.09867164492607117,0.26079061627388,0.4760611951351166,17.82777190208435,0.13143113255500793,0.8691597580909729,b40cddda41ae966f6184472b98e8f161cb967b683ec65b2ae61cc8bce9b2f34a,6e76f21aed089c750860726e1a765965941444f0845abb7fcdbc360714a43b6b,fd76787c9235bf0630fbe966c338083b7a2eeaea7006c81051533b04ffc8f685,0340047558809127cfbef95fc332f3ae1ce4145167192ddcfc30e1e5778e94dd,8039bf917ec04f7549b5eb342d3637b48fbb604640039ff7bd628b9a47ce0f67,8ae100a053b082cf665aed8e6b34a1f117b0f2c897b7999ae382930d6a60c911
7384f32939ee4fedaa1029f2b7978e70,127,native_gfl,False,42,7.331164836883545,11.357917785644531,0.08331112563610077,0.3266032636165619,0.48460739850997925,19.285916090011597,0.11401759833097458,0.8735068440437317,b40cddda41ae966f6184472b98e8f161cb967b683ec65b2ae61cc8bce9b2f34a,6e76f21aed089c750860726e1a765965941444f0845abb7fcdbc360714a43b6b,fd76787c9235bf0630fbe966c338083b7a2eeaea7006c81051533b04ffc8f685,0340047558809127cfbef95fc332f3ae1ce4145167192ddcfc30e1e5778e94dd,8039bf917ec04f7549b5eb342d3637b48fbb604640039ff7bd628b9a47ce0f67,8ae100a053b082cf665aed8e6b34a1f117b0f2c897b7999ae382930d6a60c911
7384f32939ee4fedaa1029f2b7978e70,127,no_adapter,False,42,7.002314567565918,3.4359630942344666,0.1322893500328064,0.20118847489356995,0.39417338371276855,10.187172889709473,0.5071529746055603,0.8046506643295288,b40cddda41ae966f6184472b98e8f161cb967b683ec65b2ae61cc8bce9b2f34a,6e76f21aed089c750860726e1a765965941444f0845abb7fcdbc360714a43b6b,fd76787c9235bf0630fbe966c338083b7a2eeaea7006c81051533b04ffc8f685,0340047558809127cfbef95fc332f3ae1ce4145167192ddcfc30e1e5778e94dd,8039bf917ec04f7549b5eb342d3637b48fbb604640039ff7bd628b9a47ce0f67,8ae100a053b082cf665aed8e6b34a1f117b0f2c897b7999ae382930d6a60c911
752954ca57af4f3e89c890dda630aa6d,128,native_gc3,False,42,7.386473178863525,10.346170663833618,0.1746164858341217,0.33945396542549133,0.4820539057254791,18.778483867645264,0.23294168710708618,0.8560379147529602,6e0f9fb94e749eabdc46c75dc00231c9aff922f6fc5890a3c0efd9ed85089b68,9cf773ec9ead53cadb4cb8109e2c8393ca5fe3c419b5876fe614c4ab4fa494b4,3965925eb97ad9e4e379860cb57a6bad4927d4a700cfa5425f14664d407c6976,0340047558809127cfbef95fc332f3ae1ce4145167192ddcfc30e1e5778e94dd,f89f2961bc0eb46b807f86e97158317fd21693f27899532fca3b7412709d43ba,ace35f09c1bce2700ae2569a00ff22e4286a425c4f1f3c8b8c0c8d76a909586c
752954ca57af4f3e89c890dda630aa6d,128,native_gfh,False,42,7.407825231552124,12.609093189239502,0.16162580251693726,0.3846316933631897,0.4827163517475128,18.332407474517822,0.22805184125900269,0.8544391989707947,6e0f9fb94e749eabdc46c75dc00231c9aff922f6fc5890a3c0efd9ed85089b68,9cf773ec9ead53cadb4cb8109e2c8393ca5fe3c419b5876fe614c4ab4fa494b4,3965925eb97ad9e4e379860cb57a6bad4927d4a700cfa5425f14664d407c6976,0340047558809127cfbef95fc332f3ae1ce4145167192ddcfc30e1e5778e94dd,f89f2961bc0eb46b807f86e97158317fd21693f27899532fca3b7412709d43ba,ace35f09c1bce2700ae2569a00ff22e4286a425c4f1f3c8b8c0c8d76a909586c
752954ca57af4f3e89c890dda630aa6d,128,native_gfl,False,42,7.403863906860352,9.704627990722656,0.17921534180641174,0.32739096879959106,0.4797755479812622,18.51203441619873,0.24487042427062988,0.8523345589637756,6e0f9fb94e749eabdc46c75dc00231c9aff922f6fc5890a3c0efd9ed85089b68,9cf773ec9ead53cadb4cb8109e2c8393ca5fe3c419b5876fe614c4ab4fa494b4,3965925eb97ad9e4e379860cb57a6bad4927d4a700cfa5425f14664d407c6976,0340047558809127cfbef95fc332f3ae1ce4145167192ddcfc30e1e5778e94dd,f89f2961bc0eb46b807f86e97158317fd21693f27899532fca3b7412709d43ba,ace35f09c1bce2700ae2569a00ff22e4286a425c4f1f3c8b8c0c8d76a909586c
752954ca57af4f3e89c890dda630aa6d,128,no_adapter,False,42,7.087338209152222,9.713589549064636,0.14542514085769653,0.40435153245925903,0.40704110264778137,12.990708351135254,0.5615934133529663,0.7813899517059326,6e0f9fb94e749eabdc46c75dc00231c9aff922f6fc5890a3c0efd9ed85089b68,9cf773ec9ead53cadb4cb8109e2c8393ca5fe3c419b5876fe614c4ab4fa494b4,3965925eb97ad9e4e379860cb57a6bad4927d4a700cfa5425f14664d407c6976,0340047558809127cfbef95fc332f3ae1ce4145167192ddcfc30e1e5778e94dd,f89f2961bc0eb46b807f86e97158317fd21693f27899532fca3b7412709d43ba,ace35f09c1bce2700ae2569a00ff22e4286a425c4f1f3c8b8c0c8d76a909586c
75dc5d1d60c94d19966a9e67bb78aeda,129,native_gc3,False,42,7.541283845901489,11.533204317092896,0.1361759454011917,0.3073391020298004,0.45963892340660095,19.54085350036621,0.17600509524345398,0.8662516474723816,ed4f2b7534a94ac5cc57d591177856c092f65c67372b02ff56d9b89bd3eff5da,4177ef44148ca10b83fadd6bac7da7f62156221b43e16615c978f8f1b048bcdb,ce6d226ab522bfdacb4b6bb35fe53f717f7982eb8bdd1369f8e99ac0dc7090a2,0340047558809127cfbef95fc332f3ae1ce4145167192ddcfc30e1e5778e94dd,8f30d15778725a426a9be6110f29c05c9ead5b0197d0ec02e0c804ea7857a729,e6c62f3a1468b635e0cd15f83f459d32f22a218a1822243a602d7579193d8324
75dc5d1d60c94d19966a9e67bb78aeda,129,native_gfh,False,42,7.370501756668091,13.773226737976074,0.12178236246109009,0.3161802291870117,0.47388988733291626,19.22270894050598,0.1501825749874115,0.8650215268135071,ed4f2b7534a94ac5cc57d591177856c092f65c67372b02ff56d9b89bd3eff5da,4177ef44148ca10b83fadd6bac7da7f62156221b43e16615c978f8f1b048bcdb,ce6d226ab522bfdacb4b6bb35fe53f717f7982eb8bdd1369f8e99ac0dc7090a2,0340047558809127cfbef95fc332f3ae1ce4145167192ddcfc30e1e5778e94dd,8f30d15778725a426a9be6110f29c05c9ead5b0197d0ec02e0c804ea7857a729,e6c62f3a1468b635e0cd15f83f459d32f22a218a1822243a602d7579193d8324
75dc5d1d60c94d19966a9e67bb78aeda,129,native_gfl,False,42,7.340884685516357,10.689131021499634,0.14021220803260803,0.2978725731372833,0.454794704914093,19.46534752845764,0.18001236021518707,0.8627888560295105,ed4f2b7534a94ac5cc57d591177856c092f65c67372b02ff56d9b89bd3eff5da,4177ef44148ca10b83fadd6bac7da7f62156221b43e16615c978f8f1b048bcdb,ce6d226ab522bfdacb4b6bb35fe53f717f7982eb8bdd1369f8e99ac0dc7090a2,0340047558809127cfbef95fc332f3ae1ce4145167192ddcfc30e1e5778e94dd,8f30d15778725a426a9be6110f29c05c9ead5b0197d0ec02e0c804ea7857a729,e6c62f3a1468b635e0cd15f83f459d32f22a218a1822243a602d7579193d8324
75dc5d1d60c94d19966a9e67bb78aeda,129,no_adapter,False,42,7.054558038711548,7.589312791824341,0.16097301244735718,0.3008674085140228,0.40600666403770447,10.228890180587769,0.6397266983985901,0.7228245139122009,ed4f2b7534a94ac5cc57d591177856c092f65c67372b02ff56d9b89bd3eff5da,4177ef44148ca10b83fadd6bac7da7f62156221b43e16615c978f8f1b048bcdb,ce6d226ab522bfdacb4b6bb35fe53f717f7982eb8bdd1369f8e99ac0dc7090a2,0340047558809127cfbef95fc332f3ae1ce4145167192ddcfc30e1e5778e94dd,8f30d15778725a426a9be6110f29c05c9ead5b0197d0ec02e0c804ea7857a729,e6c62f3a1468b635e0cd15f83f459d32f22a218a1822243a602d7579193d8324
75ebf2cbaf4645c0bc089ef1b0ed204b,130,native_gc3,False,42,7.325436353683472,14.069466590881348,0.23065713047981262,0.5987229943275452,0.6452870965003967,19.97260093688965,0.28552544116973877,0.8617714047431946,fe8471f0bb7cbb0f0bb65aadbe3111149e388e4b4d11138c098c29c3bd1b5527,0aa5ae11d0a1332d3563c64707bff58f003e569f2f1d8b7c40b42b77369759a9,1c58271518feb85d10f02cd1478065b191f29c11f44591a78cf519269226fdb8,0340047558809127cfbef95fc332f3ae1ce4145167192ddcfc30e1e5778e94dd,1e3cfd89c23b05508e4ea3469a23b8d23d650e684bbc77c1756e28b8cf0b214d,6ef780f5f53f7e572dea2bc343c3b31ed0111574820e2e5c4ca7a718fe36fef2
75ebf2cbaf4645c0bc089ef1b0ed204b,130,native_gfh,False,42,7.4215357303619385,15.23439645767212,0.19663147628307343,0.7082894444465637,0.6549861431121826,18.90620231628418,0.2570909559726715,0.8749956488609314,fe8471f0bb7cbb0f0bb65aadbe3111149e388e4b4d11138c098c29c3bd1b5527,0aa5ae11d0a1332d3563c64707bff58f003e569f2f1d8b7c40b42b77369759a9,1c58271518feb85d10f02cd1478065b191f29c11f44591a78cf519269226fdb8,0340047558809127cfbef95fc332f3ae1ce4145167192ddcfc30e1e5778e94dd,1e3cfd89c23b05508e4ea3469a23b8d23d650e684bbc77c1756e28b8cf0b214d,6ef780f5f53f7e572dea2bc343c3b31ed0111574820e2e5c4ca7a718fe36fef2
75ebf2cbaf4645c0bc089ef1b0ed204b,130,native_gfl,False,42,7.446995258331299,12.4193274974823,0.24240823090076447,0.553805410861969,0.6399518847465515,19.025238752365112,0.3186641037464142,0.848718523979187,fe8471f0bb7cbb0f0bb65aadbe3111149e388e4b4d11138c098c29c3bd1b5527,0aa5ae11d0a1332d3563c64707bff58f003e569f2f1d8b7c40b42b77369759a9,1c58271518feb85d10f02cd1478065b191f29c11f44591a78cf519269226fdb8,0340047558809127cfbef95fc332f3ae1ce4145167192ddcfc30e1e5778e94dd,1e3cfd89c23b05508e4ea3469a23b8d23d650e684bbc77c1756e28b8cf0b214d,6ef780f5f53f7e572dea2bc343c3b31ed0111574820e2e5c4ca7a718fe36fef2
75ebf2cbaf4645c0bc089ef1b0ed204b,130,no_adapter,False,42,7.234234809875488,11.612287759780884,0.21493403613567352,0.6515737771987915,0.6111269593238831,11.007741689682007,0.6757668852806091,0.7466427683830261,fe8471f0bb7cbb0f0bb65aadbe3111149e388e4b4d11138c098c29c3bd1b5527,0aa5ae11d0a1332d3563c64707bff58f003e569f2f1d8b7c40b42b77369759a9,1c58271518feb85d10f02cd1478065b191f29c11f44591a78cf519269226fdb8,0340047558809127cfbef95fc332f3ae1ce4145167192ddcfc30e1e5778e94dd,1e3cfd89c23b05508e4ea3469a23b8d23d650e684bbc77c1756e28b8cf0b214d,6ef780f5f53f7e572dea2bc343c3b31ed0111574820e2e5c4ca7a718fe36fef2
7858c0e606b442a7b3f50b823fd9703e,131,native_gc3,False,42,7.413846731185913,12.611109018325806,0.16075843572616577,0.45921850204467773,0.5268856287002563,20.34856081008911,0.19228795170783997,0.8729494214057922,1ca350dd494a98c90ce8abac49e47564797dfc57b92376e84ff4c66bee1418fb,da7617949a44dcebba10e0886085b0e1d181fe15d5e850aa49726a55e1fe956c,810485cb0d6fa5863941709a3633840c2ac2d6517bed9c9d00e31a330f4641d2,0340047558809127cfbef95fc332f3ae1ce4145167192ddcfc30e1e5778e94dd,1cef7d33d2e044837d3f1f2d245b3b144e7b02ba3008bc2a7c5f77e0f21921ff,01fc9b37fc8dc75f37d78dc53de74dd07297b338f2f434ca7febe91bdca30a85
7858c0e606b442a7b3f50b823fd9703e,131,native_gfh,False,42,7.475887775421143,14.965083599090576,0.14033213257789612,0.5101044178009033,0.5562694072723389,19.90323543548584,0.17550592124462128,0.868366539478302,1ca350dd494a98c90ce8abac49e47564797dfc57b92376e84ff4c66bee1418fb,da7617949a44dcebba10e0886085b0e1d181fe15d5e850aa49726a55e1fe956c,810485cb0d6fa5863941709a3633840c2ac2d6517bed9c9d00e31a330f4641d2,0340047558809127cfbef95fc332f3ae1ce4145167192ddcfc30e1e5778e94dd,1cef7d33d2e044837d3f1f2d245b3b144e7b02ba3008bc2a7c5f77e0f21921ff,01fc9b37fc8dc75f37d78dc53de74dd07297b338f2f434ca7febe91bdca30a85
7858c0e606b442a7b3f50b823fd9703e,131,native_gfl,False,42,7.525047540664673,11.143797636032104,0.17075252532958984,0.4328119158744812,0.517297089099884,19.408786296844482,0.1937660127878189,0.8634421229362488,1ca350dd494a98c90ce8abac49e47564797dfc57b92376e84ff4c66bee1418fb,da7617949a44dcebba10e0886085b0e1d181fe15d5e850aa49726a55e1fe956c,810485cb0d6fa5863941709a3633840c2ac2d6517bed9c9d00e31a330f4641d2,0340047558809127cfbef95fc332f3ae1ce4145167192ddcfc30e1e5778e94dd,1cef7d33d2e044837d3f1f2d245b3b144e7b02ba3008bc2a7c5f77e0f21921ff,01fc9b37fc8dc75f37d78dc53de74dd07297b338f2f434ca7febe91bdca30a85
7858c0e606b442a7b3f50b823fd9703e,131,no_adapter,False,42,7.26580286026001,11.69951319694519,0.14907187223434448,0.5183551907539368,0.4780859053134918,12.026149034500122,0.6161472797393799,0.7425668835639954,1ca350dd494a98c90ce8abac49e47564797dfc57b92376e84ff4c66bee1418fb,da7617949a44dcebba10e0886085b0e1d181fe15d5e850aa49726a55e1fe956c,810485cb0d6fa5863941709a3633840c2ac2d6517bed9c9d00e31a330f4641d2,0340047558809127cfbef95fc332f3ae1ce4145167192ddcfc30e1e5778e94dd,1cef7d33d2e044837d3f1f2d245b3b144e7b02ba3008bc2a7c5f77e0f21921ff,01fc9b37fc8dc75f37d78dc53de74dd07297b338f2f434ca7febe91bdca30a85
78efa1a5d15a4c8984233d33029e46e3,132,native_gc3,False,42,7.334954738616943,15.099684000015259,0.20583286881446838,0.5972163677215576,0.558199942111969,20.07169008255005,0.19119690358638763,0.8241087198257446,66d881110b8eca5d8e6a4676c04ae28f7841cffcc351304acbc288863622b59e,d3f5cb6ae26cd1a62725939dfc8b17ee073445866c90cedbfcc2490e78b6d75d,a14d81d3e26090d145fc92ab5ae71409dfcd63a7d30f43ce108384f6f5d0d116,0340047558809127cfbef95fc332f3ae1ce4145167192ddcfc30e1e5778e94dd,e4ca188631611714da2e61f9f78f5e64ba4d02d00bdb1fff6fa71bbb1a70c611,fdec8cb06a776db245b64e433ad15152c1921546283a326ceebf2a6644bd3d63
78efa1a5d15a4c8984233d33029e46e3,132,native_gfh,False,42,7.444035291671753,14.925645589828491,0.18102239072322845,0.6361768841743469,0.5751057267189026,19.258419275283813,0.19598710536956787,0.8251431584358215,66d881110b8eca5d8e6a4676c04ae28f7841cffcc351304acbc288863622b59e,d3f5cb6ae26cd1a62725939dfc8b17ee073445866c90cedbfcc2490e78b6d75d,a14d81d3e26090d145fc92ab5ae71409dfcd63a7d30f43ce108384f6f5d0d116,0340047558809127cfbef95fc332f3ae1ce4145167192ddcfc30e1e5778e94dd,e4ca188631611714da2e61f9f78f5e64ba4d02d00bdb1fff6fa71bbb1a70c611,fdec8cb06a776db245b64e433ad15152c1921546283a326ceebf2a6644bd3d63
78efa1a5d15a4c8984233d33029e46e3,132,native_gfl,False,42,7.444814205169678,14.98360276222229,0.22023829817771912,0.5911908745765686,0.5612016916275024,20.036132335662842,0.18344861268997192,0.8289033770561218,66d881110b8eca5d8e6a4676c04ae28f7841cffcc351304acbc288863622b59e,d3f5cb6ae26cd1a62725939dfc8b17ee073445866c90cedbfcc2490e78b6d75d,a14d81d3e26090d145fc92ab5ae71409dfcd63a7d30f43ce108384f6f5d0d116,0340047558809127cfbef95fc332f3ae1ce4145167192ddcfc30e1e5778e94dd,e4ca188631611714da2e61f9f78f5e64ba4d02d00bdb1fff6fa71bbb1a70c611,fdec8cb06a776db245b64e433ad15152c1921546283a326ceebf2a6644bd3d63
78efa1a5d15a4c8984233d33029e46e3,132,no_adapter,False,42,7.163150787353516,8.006858229637146,0.3307211399078369,0.5074636936187744,0.45066890120506287,9.246866703033447,0.6874599456787109,0.6054836511611938,66d881110b8eca5d8e6a4676c04ae28f7841cffcc351304acbc288863622b59e,d3f5cb6ae26cd1a62725939dfc8b17ee073445866c90cedbfcc2490e78b6d75d,a14d81d3e26090d145fc92ab5ae71409dfcd63a7d30f43ce108384f6f5d0d116,0340047558809127cfbef95fc332f3ae1ce4145167192ddcfc30e1e5778e94dd,e4ca188631611714da2e61f9f78f5e64ba4d02d00bdb1fff6fa71bbb1a70c611,fdec8cb06a776db245b64e433ad15152c1921546283a326ceebf2a6644bd3d63
7908c9b3b5ea4ee1bbf87260c27334bc,133,native_gc3,False,42,7.4369025230407715,8.972850441932678,0.15851248800754547,0.3077872693538666,0.5408844947814941,19.489386081695557,0.14871983230113983,0.884731113910675,02e72b3ae5f4816cb5400a18d5a3cf2644c5ac456a41f0bfe20dfe3cc3d8d0cb,a4659573233fbf33b7144d6ad6e1132d9eac6da3d67bf72da834e78b529059ae,d1f3ae9fab761a5d83e26ea865f58ea951df02422a073a02bf7385a9140bd1d6,0340047558809127cfbef95fc332f3ae1ce4145167192ddcfc30e1e5778e94dd,0b9fa09ff68edc35df8c794f89262db0f535cf257618ee0d0549f2d8c7c40d9e,2d32286818500331234ab04f4d46b33722d6bef9c8a242a87081aeca7f1fa060
7908c9b3b5ea4ee1bbf87260c27334bc,133,native_gfh,False,42,7.361504316329956,11.656577587127686,0.13939687609672546,0.3735007643699646,0.5837043523788452,19.140491485595703,0.13918191194534302,0.8827717900276184,02e72b3ae5f4816cb5400a18d5a3cf2644c5ac456a41f0bfe20dfe3cc3d8d0cb,a4659573233fbf33b7144d6ad6e1132d9eac6da3d67bf72da834e78b529059ae,d1f3ae9fab761a5d83e26ea865f58ea951df02422a073a02bf7385a9140bd1d6,0340047558809127cfbef95fc332f3ae1ce4145167192ddcfc30e1e5778e94dd,0b9fa09ff68edc35df8c794f89262db0f535cf257618ee0d0549f2d8c7c40d9e,2d32286818500331234ab04f4d46b33722d6bef9c8a242a87081aeca7f1fa060
7908c9b3b5ea4ee1bbf87260c27334bc,133,native_gfl,False,42,7.5450592041015625,7.468616366386414,0.16467496752738953,0.2688455879688263,0.5322743058204651,18.53604793548584,0.15186043083667755,0.8777465224266052,02e72b3ae5f4816cb5400a18d5a3cf2644c5ac456a41f0bfe20dfe3cc3d8d0cb,a4659573233fbf33b7144d6ad6e1132d9eac6da3d67bf72da834e78b529059ae,d1f3ae9fab761a5d83e26ea865f58ea951df02422a073a02bf7385a9140bd1d6,0340047558809127cfbef95fc332f3ae1ce4145167192ddcfc30e1e5778e94dd,0b9fa09ff68edc35df8c794f89262db0f535cf257618ee0d0549f2d8c7c40d9e,2d32286818500331234ab04f4d46b33722d6bef9c8a242a87081aeca7f1fa060
7908c9b3b5ea4ee1bbf87260c27334bc,133,no_adapter,False,42,7.275025367736816,9.228513836860657,0.15921427309513092,0.4375566244125366,0.5194860100746155,11.442166566848755,0.6626618504524231,0.7445335388183594,02e72b3ae5f4816cb5400a18d5a3cf2644c5ac456a41f0bfe20dfe3cc3d8d0cb,a4659573233fbf33b7144d6ad6e1132d9eac6da3d67bf72da834e78b529059ae,d1f3ae9fab761a5d83e26ea865f58ea951df02422a073a02bf7385a9140bd1d6,0340047558809127cfbef95fc332f3ae1ce4145167192ddcfc30e1e5778e94dd,0b9fa09ff68edc35df8c794f89262db0f535cf257618ee0d0549f2d8c7c40d9e,2d32286818500331234ab04f4d46b33722d6bef9c8a242a87081aeca7f1fa060
7b4dd5fa121a4021875d9b72c7aa52c8,134,native_gc3,False,42,7.348409652709961,12.188431024551392,0.10940616577863693,0.26344093680381775,0.39245569705963135,18.62971782684326,0.14926838874816895,0.8429000377655029,7d629ecd2683fbbd12f63666f58c960ce18d619e8a9dc7d04eeeb6adb6499861,0d2ee57fdab5f27bf7175724df856ca6413ce37726574f5b7e3d0ca245ca4c69,2165c4f419205ded6f41870c95ed7764f0d53ee1f787c5259ad41780221bba3e,0340047558809127cfbef95fc332f3ae1ce4145167192ddcfc30e1e5778e94dd,1d64d385d9dc47b850e1b0252bd987f3ba71a50b7398f5de52f72a16df39cd3f,d1066c94609ac3b349426d45f99cc0103f56cea0c69c0706eb22a2e82d5becca
7b4dd5fa121a4021875d9b72c7aa52c8,134,native_gfh,False,42,7.381216764450073,14.774956703186035,0.08085520565509796,0.309529572725296,0.43426910042762756,18.297791481018066,0.13051673769950867,0.8424743413925171,7d629ecd2683fbbd12f63666f58c960ce18d619e8a9dc7d04eeeb6adb6499861,0d2ee57fdab5f27bf7175724df856ca6413ce37726574f5b7e3d0ca245ca4c69,2165c4f419205ded6f41870c95ed7764f0d53ee1f787c5259ad41780221bba3e,0340047558809127cfbef95fc332f3ae1ce4145167192ddcfc30e1e5778e94dd,1d64d385d9dc47b850e1b0252bd987f3ba71a50b7398f5de52f72a16df39cd3f,d1066c94609ac3b349426d45f99cc0103f56cea0c69c0706eb22a2e82d5becca
7b4dd5fa121a4021875d9b72c7aa52c8,134,native_gfl,False,42,7.420169115066528,10.918017625808716,0.11542245000600815,0.23865801095962524,0.37203046679496765,17.982624769210815,0.17093892395496368,0.8385500907897949,7d629ecd2683fbbd12f63666f58c960ce18d619e8a9dc7d04eeeb6adb6499861,0d2ee57fdab5f27bf7175724df856ca6413ce37726574f5b7e3d0ca245ca4c69,2165c4f419205ded6f41870c95ed7764f0d53ee1f787c5259ad41780221bba3e,0340047558809127cfbef95fc332f3ae1ce4145167192ddcfc30e1e5778e94dd,1d64d385d9dc47b850e1b0252bd987f3ba71a50b7398f5de52f72a16df39cd3f,d1066c94609ac3b349426d45f99cc0103f56cea0c69c0706eb22a2e82d5becca
7b4dd5fa121a4021875d9b72c7aa52c8,134,no_adapter,False,42,7.101205587387085,8.37542712688446,0.1445019245147705,0.3043266534805298,0.43516284227371216,10.27361512184143,0.6070044040679932,0.7099312543869019,7d629ecd2683fbbd12f63666f58c960ce18d619e8a9dc7d04eeeb6adb6499861,0d2ee57fdab5f27bf7175724df856ca6413ce37726574f5b7e3d0ca245ca4c69,2165c4f419205ded6f41870c95ed7764f0d53ee1f787c5259ad41780221bba3e,0340047558809127cfbef95fc332f3ae1ce4145167192ddcfc30e1e5778e94dd,1d64d385d9dc47b850e1b0252bd987f3ba71a50b7398f5de52f72a16df39cd3f,d1066c94609ac3b349426d45f99cc0103f56cea0c69c0706eb22a2e82d5becca
7b6dc4e35b98416aa32bb217112d932a,135,native_gc3,False,42,7.47749662399292,8.189254403114319,0.13807468116283417,0.11408186703920364,0.4873286783695221,16.77108883857727,0.1577177494764328,0.8447360992431641,2cf7186a31e14966d08e088be9006c319f63a41062b1e45830227c99f48d3ab5,93af520ac19ab76aad4b8c333dd66aaf9e8fc585b0f12333788e9c6af7753a3a,7985868d918ac6bac7848f10152d3af820c73cb1a3b8cbda532bc9e201213967,0340047558809127cfbef95fc332f3ae1ce4145167192ddcfc30e1e5778e94dd,323039e5e64cf9be9997562a90d0228f040c9ddaba5dfb558bda4612a92ccd79,4edcdebb903d99a794db1203eea39962a10ef4605541fc01a729744280536516
7b6dc4e35b98416aa32bb217112d932a,135,native_gfh,False,42,7.478602886199951,6.971269249916077,0.15670189261436462,0.10543090850114822,0.4716093838214874,15.35273551940918,0.170895516872406,0.8370595574378967,2cf7186a31e14966d08e088be9006c319f63a41062b1e45830227c99f48d3ab5,93af520ac19ab76aad4b8c333dd66aaf9e8fc585b0f12333788e9c6af7753a3a,7985868d918ac6bac7848f10152d3af820c73cb1a3b8cbda532bc9e201213967,0340047558809127cfbef95fc332f3ae1ce4145167192ddcfc30e1e5778e94dd,323039e5e64cf9be9997562a90d0228f040c9ddaba5dfb558bda4612a92ccd79,4edcdebb903d99a794db1203eea39962a10ef4605541fc01a729744280536516
7b6dc4e35b98416aa32bb217112d932a,135,native_gfl,False,42,7.482993125915527,9.381216764450073,0.1323796808719635,0.12345381081104279,0.4883231520652771,17.875510454177856,0.15321433544158936,0.8436297178268433,2cf7186a31e14966d08e088be9006c319f63a41062b1e45830227c99f48d3ab5,93af520ac19ab76aad4b8c333dd66aaf9e8fc585b0f12333788e9c6af7753a3a,7985868d918ac6bac7848f10152d3af820c73cb1a3b8cbda532bc9e201213967,0340047558809127cfbef95fc332f3ae1ce4145167192ddcfc30e1e5778e94dd,323039e5e64cf9be9997562a90d0228f040c9ddaba5dfb558bda4612a92ccd79,4edcdebb903d99a794db1203eea39962a10ef4605541fc01a729744280536516
7b6dc4e35b98416aa32bb217112d932a,135,no_adapter,False,42,7.1592419147491455,1.5370500087738037,0.17308081686496735,0.06437184661626816,0.39588579535484314,9.025803804397583,0.5163101553916931,0.7759957909584045,2cf7186a31e14966d08e088be9006c319f63a41062b1e45830227c99f48d3ab5,93af520ac19ab76aad4b8c333dd66aaf9e8fc585b0f12333788e9c6af7753a3a,7985868d918ac6bac7848f10152d3af820c73cb1a3b8cbda532bc9e201213967,0340047558809127cfbef95fc332f3ae1ce4145167192ddcfc30e1e5778e94dd,323039e5e64cf9be9997562a90d0228f040c9ddaba5dfb558bda4612a92ccd79,4edcdebb903d99a794db1203eea39962a10ef4605541fc01a729744280536516
7bfce356e5ae43fbbd7393731a1258b6,136,native_gc3,False,42,7.417835474014282,12.400846481323242,0.2620607018470764,0.5051689743995667,0.5060391426086426,19.018934965133667,0.2957640290260315,0.8445811867713928,01326c944d72f96815e84405ba63435c93f6566b8769e3b92bf8f6ebbf416c00,1a510fffd346a916fa025c6405333e41c7d2e2992ea21e78c36338dcde9b3d3d,a739f9c00ffe554b94211645b70e975985058a680466977c3f15b2c7d81723b3,0340047558809127cfbef95fc332f3ae1ce4145167192ddcfc30e1e5778e94dd,a727c49dd511cdbc993d1a51c0e75037216a548e47f41b870d158c01a1e6a85a,858941e661988f5908da71f0da2f1b38fede2c9c5cc1b60cb01dffe30cc95468
7bfce356e5ae43fbbd7393731a1258b6,136,native_gfh,False,42,7.663790225982666,13.30362319946289,0.2548166513442993,0.5228824019432068,0.5359646081924438,18.232194185256958,0.2993100881576538,0.8365640044212341,01326c944d72f96815e84405ba63435c93f6566b8769e3b92bf8f6ebbf416c00,1a510fffd346a916fa025c6405333e41c7d2e2992ea21e78c36338dcde9b3d3d,a739f9c00ffe554b94211645b70e975985058a680466977c3f15b2c7d81723b3,0340047558809127cfbef95fc332f3ae1ce4145167192ddcfc30e1e5778e94dd,a727c49dd511cdbc993d1a51c0e75037216a548e47f41b870d158c01a1e6a85a,858941e661988f5908da71f0da2f1b38fede2c9c5cc1b60cb01dffe30cc95468
7bfce356e5ae43fbbd7393731a1258b6,136,native_gfl,False,42,7.3102052211761475,10.808247327804565,0.2741045653820038,0.43591219186782837,0.48242273926734924,17.8115713596344,0.2983565330505371,0.8292745351791382,01326c944d72f96815e84405ba63435c93f6566b8769e3b92bf8f6ebbf416c00,1a510fffd346a916fa025c6405333e41c7d2e2992ea21e78c36338dcde9b3d3d,a739f9c00ffe554b94211645b70e975985058a680466977c3f15b2c7d81723b3,0340047558809127cfbef95fc332f3ae1ce4145167192ddcfc30e1e5778e94dd,a727c49dd511cdbc993d1a51c0e75037216a548e47f41b870d158c01a1e6a85a,858941e661988f5908da71f0da2f1b38fede2c9c5cc1b60cb01dffe30cc95468
7bfce356e5ae43fbbd7393731a1258b6,136,no_adapter,False,42,7.054202318191528,11.15382194519043,0.19954052567481995,0.6181407570838928,0.4939805567264557,11.441036462783813,0.6011298894882202,0.7811554670333862,01326c944d72f96815e84405ba63435c93f6566b8769e3b92bf8f6ebbf416c00,1a510fffd346a916fa025c6405333e41c7d2e2992ea21e78c36338dcde9b3d3d,a739f9c00ffe554b94211645b70e975985058a680466977c3f15b2c7d81723b3,0340047558809127cfbef95fc332f3ae1ce4145167192ddcfc30e1e5778e94dd,a727c49dd511cdbc993d1a51c0e75037216a548e47f41b870d158c01a1e6a85a,858941e661988f5908da71f0da2f1b38fede2c9c5cc1b60cb01dffe30cc95468
7cf62b1faaad44fda043e5c8fb06fcf2,137,native_gc3,False,42,7.455069303512573,12.393001317977905,0.11854037642478943,0.33414116501808167,0.44913432002067566,20.40738344192505,0.11712963879108429,0.8733621835708618,c6b6681a32247c5460ec8a4da4acb1d28b2f614f30e66dc1e4e2fbcadf2a470d,163c4732633bd99ac5c0acb31e06cdb5361c31bbdc66da14cb3a84f790232f8a,81222dc6db7f82dccd6d7e500572bfcde8b4351fff5591c672d529cfc6f8af14,0340047558809127cfbef95fc332f3ae1ce4145167192ddcfc30e1e5778e94dd,d352f6b845278f0071beb3c6ec6813383912a88611366e0a5ad3627456c88ea1,178e9c4322bc4fc1cff7b4947199bfc9da729ebfff1d24d6e7c7455e7c8ec41b
7cf62b1faaad44fda043e5c8fb06fcf2,137,native_gfh,False,42,7.501010179519653,13.52028489112854,0.11207684874534607,0.3587932288646698,0.4628206491470337,19.442284107208252,0.12018684297800064,0.8676986694335938,c6b6681a32247c5460ec8a4da4acb1d28b2f614f30e66dc1e4e2fbcadf2a470d,163c4732633bd99ac5c0acb31e06cdb5361c31bbdc66da14cb3a84f790232f8a,81222dc6db7f82dccd6d7e500572bfcde8b4351fff5591c672d529cfc6f8af14,0340047558809127cfbef95fc332f3ae1ce4145167192ddcfc30e1e5778e94dd,d352f6b845278f0071beb3c6ec6813383912a88611366e0a5ad3627456c88ea1,178e9c4322bc4fc1cff7b4947199bfc9da729ebfff1d24d6e7c7455e7c8ec41b
7cf62b1faaad44fda043e5c8fb06fcf2,137,native_gfl,False,42,7.593222618103027,11.741368770599365,0.12045300006866455,0.3176710903644562,0.44370073080062866,20.182852745056152,0.11637328565120697,0.8676630258560181,c6b6681a32247c5460ec8a4da4acb1d28b2f614f30e66dc1e4e2fbcadf2a470d,163c4732633bd99ac5c0acb31e06cdb5361c31bbdc66da14cb3a84f790232f8a,81222dc6db7f82dccd6d7e500572bfcde8b4351fff5591c672d529cfc6f8af14,0340047558809127cfbef95fc332f3ae1ce4145167192ddcfc30e1e5778e94dd,d352f6b845278f0071beb3c6ec6813383912a88611366e0a5ad3627456c88ea1,178e9c4322bc4fc1cff7b4947199bfc9da729ebfff1d24d6e7c7455e7c8ec41b
7cf62b1faaad44fda043e5c8fb06fcf2,137,no_adapter,False,42,7.142544507980347,6.474558115005493,0.15164318680763245,0.35431864857673645,0.4021287262439728,10.177791118621826,0.5890175104141235,0.7395011186599731,c6b6681a32247c5460ec8a4da4acb1d28b2f614f30e66dc1e4e2fbcadf2a470d,163c4732633bd99ac5c0acb31e06cdb5361c31bbdc66da14cb3a84f790232f8a,81222dc6db7f82dccd6d7e500572bfcde8b4351fff5591c672d529cfc6f8af14,0340047558809127cfbef95fc332f3ae1ce4145167192ddcfc30e1e5778e94dd,d352f6b845278f0071beb3c6ec6813383912a88611366e0a5ad3627456c88ea1,178e9c4322bc4fc1cff7b4947199bfc9da729ebfff1d24d6e7c7455e7c8ec41b
7d1222bfc74645aba75b3a5836e6e1c9,138,native_gc3,False,42,7.357245445251465,10.821428298950195,0.18465813994407654,0.36958444118499756,0.508922278881073,19.127198457717896,0.2195294350385666,0.8548423051834106,732d851921db5c1088d5a84f097521cc230d5bf494d71089c8e8c97eb85dd29f,0dce2ac0d5f0f10445e0e39fd032fa6f3133ae595ac1eb8e53b3ac7d9846691b,fbf1067f1cb250dc7fd3f9ccc3708b8755b9bca9e25ae6b5cae8495c7ad3c644,0340047558809127cfbef95fc332f3ae1ce4145167192ddcfc30e1e5778e94dd,306e0601fee0153108dfedba8ebed7b69c2c07f5d2bf99cd762efa080800af51,c10ae44037f44c0561be4b47369697387ba93288d970bb6c347833380549c293
7d1222bfc74645aba75b3a5836e6e1c9,138,native_gfh,False,42,7.422052621841431,12.563483715057373,0.17698223888874054,0.4566120505332947,0.527758777141571,18.565865755081177,0.226279616355896,0.8555850982666016,732d851921db5c1088d5a84f097521cc230d5bf494d71089c8e8c97eb85dd29f,0dce2ac0d5f0f10445e0e39fd032fa6f3133ae595ac1eb8e53b3ac7d9846691b,fbf1067f1cb250dc7fd3f9ccc3708b8755b9bca9e25ae6b5cae8495c7ad3c644,0340047558809127cfbef95fc332f3ae1ce4145167192ddcfc30e1e5778e94dd,306e0601fee0153108dfedba8ebed7b69c2c07f5d2bf99cd762efa080800af51,c10ae44037f44c0561be4b47369697387ba93288d970bb6c347833380549c293
7d1222bfc74645aba75b3a5836e6e1c9,138,native_gfl,False,42,7.4353187084198,9.262858033180237,0.1942640244960785,0.3308805525302887,0.5017760396003723,17.959142923355103,0.2308308631181717,0.8465542197227478,732d851921db5c1088d5a84f097521cc230d5bf494d71089c8e8c97eb85dd29f,0dce2ac0d5f0f10445e0e39fd032fa6f3133ae595ac1eb8e53b3ac7d9846691b,fbf1067f1cb250dc7fd3f9ccc3708b8755b9bca9e25ae6b5cae8495c7ad3c644,0340047558809127cfbef95fc332f3ae1ce4145167192ddcfc30e1e5778e94dd,306e0601fee0153108dfedba8ebed7b69c2c07f5d2bf99cd762efa080800af51,c10ae44037f44c0561be4b47369697387ba93288d970bb6c347833380549c293
7d1222bfc74645aba75b3a5836e6e1c9,138,no_adapter,False,42,7.284670114517212,10.650185346603394,0.16892078518867493,0.5818158388137817,0.48661330342292786,12.132574319839478,0.6537586450576782,0.7573033571243286,732d851921db5c1088d5a84f097521cc230d5bf494d71089c8e8c97eb85dd29f,0dce2ac0d5f0f10445e0e39fd032fa6f3133ae595ac1eb8e53b3ac7d9846691b,fbf1067f1cb250dc7fd3f9ccc3708b8755b9bca9e25ae6b5cae8495c7ad3c644,0340047558809127cfbef95fc332f3ae1ce4145167192ddcfc30e1e5778e94dd,306e0601fee0153108dfedba8ebed7b69c2c07f5d2bf99cd762efa080800af51,c10ae44037f44c0561be4b47369697387ba93288d970bb6c347833380549c293
7d80728bd8694d9c870541a160bdae02,139,native_gc3,False,42,7.3695714473724365,11.96090817451477,0.1797894984483719,0.4383518695831299,0.5043824911117554,20.09120464324951,0.1945052444934845,0.8744470477104187,b8f99902db6c2395cc29d23e1c1243a5aa7e2257818b0f3455c386d93c8a0cae,b08412a379e2210f27c41cded1725ef23ff51fbe50b216424de55d3496371596,707bd44f18bb3cab25bd1059e5638854636e10898b010174b62fa7cae800060a,0340047558809127cfbef95fc332f3ae1ce4145167192ddcfc30e1e5778e94dd,b2b6add8574afe390bb3c442db0a056f561d6c4ad3dc874d7c7ab8e5861159b9,9df3c8ec371283df9d60a67ff7c1d92f7f9c58ec90a6ee665ad7ab597f13dcd2
7d80728bd8694d9c870541a160bdae02,139,native_gfh,False,42,7.532554388046265,13.276913166046143,0.1728559285402298,0.5087710618972778,0.5214370489120483,19.271745681762695,0.1910538673400879,0.8723662495613098,b8f99902db6c2395cc29d23e1c1243a5aa7e2257818b0f3455c386d93c8a0cae,b08412a379e2210f27c41cded1725ef23ff51fbe50b216424de55d3496371596,707bd44f18bb3cab25bd1059e5638854636e10898b010174b62fa7cae800060a,0340047558809127cfbef95fc332f3ae1ce4145167192ddcfc30e1e5778e94dd,b2b6add8574afe390bb3c442db0a056f561d6c4ad3dc874d7c7ab8e5861159b9,9df3c8ec371283df9d60a67ff7c1d92f7f9c58ec90a6ee665ad7ab597f13dcd2
7d80728bd8694d9c870541a160bdae02,139,native_gfl,False,42,7.531677961349487,11.073664426803589,0.1843022108078003,0.41645294427871704,0.5053799748420715,19.611587524414062,0.1924065798521042,0.8642263412475586,b8f99902db6c2395cc29d23e1c1243a5aa7e2257818b0f3455c386d93c8a0cae,b08412a379e2210f27c41cded1725ef23ff51fbe50b216424de55d3496371596,707bd44f18bb3cab25bd1059e5638854636e10898b010174b62fa7cae800060a,0340047558809127cfbef95fc332f3ae1ce4145167192ddcfc30e1e5778e94dd,b2b6add8574afe390bb3c442db0a056f561d6c4ad3dc874d7c7ab8e5861159b9,9df3c8ec371283df9d60a67ff7c1d92f7f9c58ec90a6ee665ad7ab597f13dcd2
7d80728bd8694d9c870541a160bdae02,139,no_adapter,False,42,7.1671013832092285,8.962564468383789,0.15935558080673218,0.5682210922241211,0.48082438111305237,11.724143028259277,0.5504024028778076,0.8171937465667725,b8f99902db6c2395cc29d23e1c1243a5aa7e2257818b0f3455c386d93c8a0cae,b08412a379e2210f27c41cded1725ef23ff51fbe50b216424de55d3496371596,707bd44f18bb3cab25bd1059e5638854636e10898b010174b62fa7cae800060a,0340047558809127cfbef95fc332f3ae1ce4145167192ddcfc30e1e5778e94dd,b2b6add8574afe390bb3c442db0a056f561d6c4ad3dc874d7c7ab8e5861159b9,9df3c8ec371283df9d60a67ff7c1d92f7f9c58ec90a6ee665ad7ab597f13dcd2
7f18ff803a7142a68af44d89063a8690,140,native_gc3,False,42,7.589823007583618,11.641225814819336,0.09584972262382507,0.38022881746292114,0.5352742075920105,19.839026927947998,0.12433648109436035,0.8921890258789062,93f64141fbf5574f7631af26395341af1abf5f33fbd6a4f006232d8397f29fff,104ff5772708738c79046221a6e51812ec5edaa4e241db08738293b6ad6ed814,9105f90c8c2692f4332f315d6881bcc4d718dd8b6f8e5a87801093253951ff7a,0340047558809127cfbef95fc332f3ae1ce4145167192ddcfc30e1e5778e94dd,1cfe48fc1917ac6f2e7266c5af2a8c2ce864765e74df802f78b916ad34f27ebb,0215f74e591cfda9767a3ebe8b3fe57c924335be3105935fe9747c5ba525d499
7f18ff803a7142a68af44d89063a8690,140,native_gfh,False,42,7.490966320037842,10.896402597427368,0.10961613804101944,0.34306246042251587,0.5463709235191345,18.76136302947998,0.12949775159358978,0.8860403299331665,93f64141fbf5574f7631af26395341af1abf5f33fbd6a4f006232d8397f29fff,104ff5772708738c79046221a6e51812ec5edaa4e241db08738293b6ad6ed814,9105f90c8c2692f4332f315d6881bcc4d718dd8b6f8e5a87801093253951ff7a,0340047558809127cfbef95fc332f3ae1ce4145167192ddcfc30e1e5778e94dd,1cfe48fc1917ac6f2e7266c5af2a8c2ce864765e74df802f78b916ad34f27ebb,0215f74e591cfda9767a3ebe8b3fe57c924335be3105935fe9747c5ba525d499
7f18ff803a7142a68af44d89063a8690,140,native_gfl,False,42,7.500681638717651,11.96372389793396,0.09134265780448914,0.38444724678993225,0.5345590114593506,20.226848125457764,0.13031162321567535,0.8880068063735962,93f64141fbf5574f7631af26395341af1abf5f33fbd6a4f006232d8397f29fff,104ff5772708738c79046221a6e51812ec5edaa4e241db08738293b6ad6ed814,9105f90c8c2692f4332f315d6881bcc4d718dd8b6f8e5a87801093253951ff7a,0340047558809127cfbef95fc332f3ae1ce4145167192ddcfc30e1e5778e94dd,1cfe48fc1917ac6f2e7266c5af2a8c2ce864765e74df802f78b916ad34f27ebb,0215f74e591cfda9767a3ebe8b3fe57c924335be3105935fe9747c5ba525d499
7f18ff803a7142a68af44d89063a8690,140,no_adapter,False,42,7.058573961257935,2.923625111579895,0.11029911041259766,0.25453653931617737,0.4469016492366791,10.210331678390503,0.4975038170814514,0.8255120515823364,93f64141fbf5574f7631af26395341af1abf5f33fbd6a4f006232d8397f29fff,104ff5772708738c79046221a6e51812ec5edaa4e241db08738293b6ad6ed814,9105f90c8c2692f4332f315d6881bcc4d718dd8b6f8e5a87801093253951ff7a,0340047558809127cfbef95fc332f3ae1ce4145167192ddcfc30e1e5778e94dd,1cfe48fc1917ac6f2e7266c5af2a8c2ce864765e74df802f78b916ad34f27ebb,0215f74e591cfda9767a3ebe8b3fe57c924335be3105935fe9747c5ba525d499
7fe22b03d99440069d6c014acc1a2678,141,native_gc3,False,42,7.5085272789001465,17.008756399154663,0.29859691858291626,0.6895785331726074,0.5853089094161987,20.93967914581299,0.28684115409851074,0.845125138759613,30e4878ec35ded63033f3b5b838bd4b3302f4a2590ee78fc2ce0d54786347a1c,daf84f44b99bddb36d8502f47a15e59c495b72b0549e3be3f7bad2e4c701613a,bbff81a63b0bc9ec6f38bf1d9282eaddc33ec9175992cfcc1c95fa246f2c400f,0340047558809127cfbef95fc332f3ae1ce4145167192ddcfc30e1e5778e94dd,088d3d5e12c33665f0ef78f056c455543361943927a3051848ba4608571c2ffa,558e52b298320d974b4b2cf9fe5c5b2cfbe80dd3fe647e0125918a895d56aca8
7fe22b03d99440069d6c014acc1a2678,141,native_gfh,False,42,7.437837362289429,14.869378805160522,0.2703225314617157,0.7943792343139648,0.6084261536598206,18.62202286720276,0.2880433201789856,0.8711695075035095,30e4878ec35ded63033f3b5b838bd4b3302f4a2590ee78fc2ce0d54786347a1c,daf84f44b99bddb36d8502f47a15e59c495b72b0549e3be3f7bad2e4c701613a,bbff81a63b0bc9ec6f38bf1d9282eaddc33ec9175992cfcc1c95fa246f2c400f,0340047558809127cfbef95fc332f3ae1ce4145167192ddcfc30e1e5778e94dd,088d3d5e12c33665f0ef78f056c455543361943927a3051848ba4608571c2ffa,558e52b298320d974b4b2cf9fe5c5b2cfbe80dd3fe647e0125918a895d56aca8
7fe22b03d99440069d6c014acc1a2678,141,native_gfl,False,42,7.333189249038696,18.175766468048096,0.3110077381134033,0.6716198921203613,0.5946158170700073,22.128374576568604,0.2845010757446289,0.8659101724624634,30e4878ec35ded63033f3b5b838bd4b3302f4a2590ee78fc2ce0d54786347a1c,daf84f44b99bddb36d8502f47a15e59c495b72b0549e3be3f7bad2e4c701613a,bbff81a63b0bc9ec6f38bf1d9282eaddc33ec9175992cfcc1c95fa246f2c400f,0340047558809127cfbef95fc332f3ae1ce4145167192ddcfc30e1e5778e94dd,088d3d5e12c33665f0ef78f056c455543361943927a3051848ba4608571c2ffa,558e52b298320d974b4b2cf9fe5c5b2cfbe80dd3fe647e0125918a895d56aca8
7fe22b03d99440069d6c014acc1a2678,141,no_adapter,False,42,7.224835395812988,7.520709037780762,0.41050586104393005,0.6426815986633301,0.4835978150367737,9.167008399963379,0.6999063491821289,0.7189606428146362,30e4878ec35ded63033f3b5b838bd4b3302f4a2590ee78fc2ce0d54786347a1c,daf84f44b99bddb36d8502f47a15e59c495b72b0549e3be3f7bad2e4c701613a,bbff81a63b0bc9ec6f38bf1d9282eaddc33ec9175992cfcc1c95fa246f2c400f,0340047558809127cfbef95fc332f3ae1ce4145167192ddcfc30e1e5778e94dd,088d3d5e12c33665f0ef78f056c455543361943927a3051848ba4608571c2ffa,558e52b298320d974b4b2cf9fe5c5b2cfbe80dd3fe647e0125918a895d56aca8
8097af58f4d149cc9fed9f493535f0c9,142,native_gc3,False,42,7.447391510009766,9.758465886116028,0.17428717017173767,0.30824464559555054,0.4981158673763275,17.51937508583069,0.1863282024860382,0.8420447111129761,4f795a40412882c61a3d0a4d1c9aba71f9b0601a8851823b7ce257c1d62d4a8b,790208a1a1970fd3c76b6f4b8b018a43ea49f1109abc2d0f9b6a4ab0b44ff0f8,9a15c788c1c0a3425ba03b9116493bfde948813567cee1303a27bbe249168132,0340047558809127cfbef95fc332f3ae1ce4145167192ddcfc30e1e5778e94dd,f0bc14ad9bef714b9c85766dbd5c588b30e8e12c6cc20529095f108f53aac5fe,73352e58953e4b75590a02903a2a5e29e47431cf2e2df6a1d8b6ab19bc770a8d
8097af58f4d149cc9fed9f493535f0c9,142,native_gfh,False,42,7.52318000793457,9.398748278617859,0.17510712146759033,0.3345872759819031,0.5264958739280701,16.54573082923889,0.18861106038093567,0.828749418258667,4f795a40412882c61a3d0a4d1c9aba71f9b0601a8851823b7ce257c1d62d4a8b,790208a1a1970fd3c76b6f4b8b018a43ea49f1109abc2d0f9b6a4ab0b44ff0f8,9a15c788c1c0a3425ba03b9116493bfde948813567cee1303a27bbe249168132,0340047558809127cfbef95fc332f3ae1ce4145167192ddcfc30e1e5778e94dd,f0bc14ad9bef714b9c85766dbd5c588b30e8e12c6cc20529095f108f53aac5fe,73352e58953e4b75590a02903a2a5e29e47431cf2e2df6a1d8b6ab19bc770a8d
8097af58f4d149cc9fed9f493535f0c9,142,native_gfl,False,42,7.607565402984619,10.757356882095337,0.17468321323394775,0.3241462707519531,0.49714189767837524,18.46384882926941,0.18567176163196564,0.8442803025245667,4f795a40412882c61a3d0a4d1c9aba71f9b0601a8851823b7ce257c1d62d4a8b,790208a1a1970fd3c76b6f4b8b018a43ea49f1109abc2d0f9b6a4ab0b44ff0f8,9a15c788c1c0a3425ba03b9116493bfde948813567cee1303a27bbe249168132,0340047558809127cfbef95fc332f3ae1ce4145167192ddcfc30e1e5778e94dd,f0bc14ad9bef714b9c85766dbd5c588b30e8e12c6cc20529095f108f53aac5fe,73352e58953e4b75590a02903a2a5e29e47431cf2e2df6a1d8b6ab19bc770a8d
8097af58f4d149cc9fed9f493535f0c9,142,no_adapter,False,42,7.216680288314819,3.1548821926116943,0.2135891169309616,0.3122490346431732,0.4525054693222046,8.714460730552673,0.5745221972465515,0.743134617805481,4f795a40412882c61a3d0a4d1c9aba71f9b0601a8851823b7ce257c1d62d4a8b,790208a1a1970fd3c76b6f4b8b018a43ea49f1109abc2d0f9b6a4ab0b44ff0f8,9a15c788c1c0a3425ba03b9116493bfde948813567cee1303a27bbe249168132,0340047558809127cfbef95fc332f3ae1ce4145167192ddcfc30e1e5778e94dd,f0bc14ad9bef714b9c85766dbd5c588b30e8e12c6cc20529095f108f53aac5fe,73352e58953e4b75590a02903a2a5e29e47431cf2e2df6a1d8b6ab19bc770a8d
8113a7a732654c80bbea2d35518e9136,143,native_gc3,False,42,7.499423027038574,11.945728063583374,0.18075329065322876,0.6514145135879517,0.5910008549690247,18.907617330551147,0.1923375427722931,0.8825192451477051,83f07e1714ac159ce1c88ae35f83444dcd05feadcc53a434d367e9544d4a5d87,e8e85d248ec7340e3c0be20cf0f6a94e305d3584fa05ddefd23eb691c429c3ba,20ecaf8a600f3d12eae6897eaa10e3c6230600b3c2318c9f0d60491be1ce5ac8,0340047558809127cfbef95fc332f3ae1ce4145167192ddcfc30e1e5778e94dd,b0377c8aa061d8fbd086b9c5d523bf0249d483f4577aeecd06b941903cfb66ea,d1af9e0eb8cd64aa4248743bbf73a78455349c77bbe855fcdd214d48d3f3df7c
8113a7a732654c80bbea2d35518e9136,143,native_gfh,False,42,7.483064413070679,13.396481275558472,0.15579088032245636,0.7093084454536438,0.6461907029151917,18.544338941574097,0.184724822640419,0.88306725025177,83f07e1714ac159ce1c88ae35f83444dcd05feadcc53a434d367e9544d4a5d87,e8e85d248ec7340e3c0be20cf0f6a94e305d3584fa05ddefd23eb691c429c3ba,20ecaf8a600f3d12eae6897eaa10e3c6230600b3c2318c9f0d60491be1ce5ac8,0340047558809127cfbef95fc332f3ae1ce4145167192ddcfc30e1e5778e94dd,b0377c8aa061d8fbd086b9c5d523bf0249d483f4577aeecd06b941903cfb66ea,d1af9e0eb8cd64aa4248743bbf73a78455349c77bbe855fcdd214d48d3f3df7c
8113a7a732654c80bbea2d35518e9136,143,native_gfl,False,42,7.6562416553497314,10.203132629394531,0.19326843321323395,0.6016342043876648,0.5831148624420166,17.670798301696777,0.2018219530582428,0.8680545091629028,83f07e1714ac159ce1c88ae35f83444dcd05feadcc53a434d367e9544d4a5d87,e8e85d248ec7340e3c0be20cf0f6a94e305d3584fa05ddefd23eb691c429c3ba,20ecaf8a600f3d12eae6897eaa10e3c6230600b3c2318c9f0d60491be1ce5ac8,0340047558809127cfbef95fc332f3ae1ce4145167192ddcfc30e1e5778e94dd,b0377c8aa061d8fbd086b9c5d523bf0249d483f4577aeecd06b941903cfb66ea,d1af9e0eb8cd64aa4248743bbf73a78455349c77bbe855fcdd214d48d3f3df7c
8113a7a732654c80bbea2d35518e9136,143,no_adapter,False,42,7.161595344543457,10.749965906143188,0.20920807123184204,0.632680356502533,0.5884012579917908,10.517714023590088,0.6411512494087219,0.736865222454071,83f07e1714ac159ce1c88ae35f83444dcd05feadcc53a434d367e9544d4a5d87,e8e85d248ec7340e3c0be20cf0f6a94e305d3584fa05ddefd23eb691c429c3ba,20ecaf8a600f3d12eae6897eaa10e3c6230600b3c2318c9f0d60491be1ce5ac8,0340047558809127cfbef95fc332f3ae1ce4145167192ddcfc30e1e5778e94dd,b0377c8aa061d8fbd086b9c5d523bf0249d483f4577aeecd06b941903cfb66ea,d1af9e0eb8cd64aa4248743bbf73a78455349c77bbe855fcdd214d48d3f3df7c
811e0c8deb494370952233ad4d97be17,144,native_gc3,False,42,7.5537450313568115,11.975901126861572,0.3149801194667816,0.4007389545440674,0.4132169783115387,17.399455308914185,0.3105682134628296,0.7939960956573486,5953f4e1e62716a77c290f6cb00517cc4e8f4279ee3bec7b84c8f2d44d1fbc9f,1bbbf5ed5092245bbcce93bcd89a613ce615a7776446f9fe37a1d312441d55f9,ec302b6c8cae99655fb0e1368a97abcc479284ae4e26fbf7f5b506f2d2b7020e,0340047558809127cfbef95fc332f3ae1ce4145167192ddcfc30e1e5778e94dd,6b1039666837a938d52f693f0eaafea87d4fe760cdb09db29660ba513cf088f3,1e7338a1f074250cdc1b924cde903c2c056d76fea21198b07723564fa13da2e9
811e0c8deb494370952233ad4d97be17,144,native_gfh,False,42,7.502271413803101,12.671124935150146,0.33023518323898315,0.4358779788017273,0.4212130010128021,17.820498943328857,0.3486165702342987,0.7953075766563416,5953f4e1e62716a77c290f6cb00517cc4e8f4279ee3bec7b84c8f2d44d1fbc9f,1bbbf5ed5092245bbcce93bcd89a613ce615a7776446f9fe37a1d312441d55f9,ec302b6c8cae99655fb0e1368a97abcc479284ae4e26fbf7f5b506f2d2b7020e,0340047558809127cfbef95fc332f3ae1ce4145167192ddcfc30e1e5778e94dd,6b1039666837a938d52f693f0eaafea87d4fe760cdb09db29660ba513cf088f3,1e7338a1f074250cdc1b924cde903c2c056d76fea21198b07723564fa13da2e9
811e0c8deb494370952233ad4d97be17,144,native_gfl,False,42,7.465608358383179,11.628695726394653,0.3100750148296356,0.3728139400482178,0.4140990376472473,16.96539282798767,0.3065255284309387,0.8006741404533386,5953f4e1e62716a77c290f6cb00517cc4e8f4279ee3bec7b84c8f2d44d1fbc9f,1bbbf5ed5092245bbcce93bcd89a613ce615a7776446f9fe37a1d312441d55f9,ec302b6c8cae99655fb0e1368a97abcc479284ae4e26fbf7f5b506f2d2b7020e,0340047558809127cfbef95fc332f3ae1ce4145167192ddcfc30e1e5778e94dd,6b1039666837a938d52f693f0eaafea87d4fe760cdb09db29660ba513cf088f3,1e7338a1f074250cdc1b924cde903c2c056d76fea21198b07723564fa13da2e9
811e0c8deb494370952233ad4d97be17,144,no_adapter,False,42,7.175052642822266,6.5024614334106445,0.3510536253452301,0.4039444327354431,0.3326643407344818,9.305924773216248,0.6599226593971252,0.660330057144165,5953f4e1e62716a77c290f6cb00517cc4e8f4279ee3bec7b84c8f2d44d1fbc9f,1bbbf5ed5092245bbcce93bcd89a613ce615a7776446f9fe37a1d312441d55f9,ec302b6c8cae99655fb0e1368a97abcc479284ae4e26fbf7f5b506f2d2b7020e,0340047558809127cfbef95fc332f3ae1ce4145167192ddcfc30e1e5778e94dd,6b1039666837a938d52f693f0eaafea87d4fe760cdb09db29660ba513cf088f3,1e7338a1f074250cdc1b924cde903c2c056d76fea21198b07723564fa13da2e9
83df38a278544e81a58c6aec793f3ba2,145,native_gc3,False,42,7.459366798400879,13.671395778656006,0.29224690794944763,0.6868077516555786,0.5899075865745544,18.631960153579712,0.28061991930007935,0.8587048649787903,b9da15d8f343b43e901ab4d2a7b48212863ab1ce04bc229378c108bafd8efef7,37b4fa9738f8aea695ce8cfd45a2968dbdb24b2a5f7bfdeb7345143f447569e8,9351f4a914b3e93e5d998ac9053bc72700a4baf9b348668a2ed674a9f5e01a18,0340047558809127cfbef95fc332f3ae1ce4145167192ddcfc30e1e5778e94dd,84199b9fa8d4c4049c6bdc6e31122a7ac88ed766e77b6b7d89a104ed6014b1e3,40618e1099b20ed0defbb604851994db348ca433f616198898c19819b775607d
83df38a278544e81a58c6aec793f3ba2,145,native_gfh,False,42,7.381326198577881,15.24280309677124,0.2630586326122284,0.7579689025878906,0.6411488056182861,19.38981294631958,0.2698214054107666,0.8705329298973083,b9da15d8f343b43e901ab4d2a7b48212863ab1ce04bc229378c108bafd8efef7,37b4fa9738f8aea695ce8cfd45a2968dbdb24b2a5f7bfdeb7345143f447569e8,9351f4a914b3e93e5d998ac9053bc72700a4baf9b348668a2ed674a9f5e01a18,0340047558809127cfbef95fc332f3ae1ce4145167192ddcfc30e1e5778e94dd,84199b9fa8d4c4049c6bdc6e31122a7ac88ed766e77b6b7d89a104ed6014b1e3,40618e1099b20ed0defbb604851994db348ca433f616198898c19819b775607d
83df38a278544e81a58c6aec793f3ba2,145,native_gfl,False,42,7.390225410461426,11.392812728881836,0.3177933990955353,0.6494641304016113,0.5826433300971985,16.471679210662842,0.2999632954597473,0.8620424270629883,b9da15d8f343b43e901ab4d2a7b48212863ab1ce04bc229378c108bafd8efef7,37b4fa9738f8aea695ce8cfd45a2968dbdb24b2a5f7bfdeb7345143f447569e8,9351f4a914b3e93e5d998ac9053bc72700a4baf9b348668a2ed674a9f5e01a18,0340047558809127cfbef95fc332f3ae1ce4145167192ddcfc30e1e5778e94dd,84199b9fa8d4c4049c6bdc6e31122a7ac88ed766e77b6b7d89a104ed6014b1e3,40618e1099b20ed0defbb604851994db348ca433f616198898c19819b775607d
83df38a278544e81a58c6aec793f3ba2,145,no_adapter,False,42,7.2987401485443115,12.461206912994385,0.2951746881008148,0.6590181589126587,0.5479243397712708,11.853344440460205,0.6569733023643494,0.7282436490058899,b9da15d8f343b43e901ab4d2a7b48212863ab1ce04bc229378c108bafd8efef7,37b4fa9738f8aea695ce8cfd45a2968dbdb24b2a5f7bfdeb7345143f447569e8,9351f4a914b3e93e5d998ac9053bc72700a4baf9b348668a2ed674a9f5e01a18,0340047558809127cfbef95fc332f3ae1ce4145167192ddcfc30e1e5778e94dd,84199b9fa8d4c4049c6bdc6e31122a7ac88ed766e77b6b7d89a104ed6014b1e3,40618e1099b20ed0defbb604851994db348ca433f616198898c19819b775607d
85a7df80b79a4ba9b8c3a175de0dbce6,146,native_gc3,False,42,7.438774108886719,13.994972705841064,0.13753047585487366,0.32695040106773376,0.5259503126144409,19.70137357711792,0.1284196972846985,0.820060133934021,743e5d1b70966e776dc4c98b5375149948f0bf0486b293040c4fd9498795e526,a8d1f859ff9e5f935af5fc6ecd7c44d06be1686b92e88ce9b7decf8190d11dc9,4892cf109004fa2162d19c2afcae40615c5789b75c289ada0e1239f9ac785cc7,0340047558809127cfbef95fc332f3ae1ce4145167192ddcfc30e1e5778e94dd,9413a24bae43bb76e6e6e22db979b31631475d0a7f2077eb57241007b02e132a,b22d4dc78c421634b2fc1b22815e4acce4337b1980eb1fe55907f814af9aa877
85a7df80b79a4ba9b8c3a175de0dbce6,146,native_gfh,False,42,7.311298847198486,12.342607975006104,0.158860445022583,0.37392017245292664,0.5377582907676697,18.015860319137573,0.14785455167293549,0.8170859813690186,743e5d1b70966e776dc4c98b5375149948f0bf0486b293040c4fd9498795e526,a8d1f859ff9e5f935af5fc6ecd7c44d06be1686b92e88ce9b7decf8190d11dc9,4892cf109004fa2162d19c2afcae40615c5789b75c289ada0e1239f9ac785cc7,0340047558809127cfbef95fc332f3ae1ce4145167192ddcfc30e1e5778e94dd,9413a24bae43bb76e6e6e22db979b31631475d0a7f2077eb57241007b02e132a,b22d4dc78c421634b2fc1b22815e4acce4337b1980eb1fe55907f814af9aa877
85a7df80b79a4ba9b8c3a175de0dbce6,146,native_gfl,False,42,7.426463603973389,14.447286128997803,0.13136988878250122,0.3050759732723236,0.5205071568489075,20.213325023651123,0.12666410207748413,0.814354658126831,743e5d1b70966e776dc4c98b5375149948f0bf0486b293040c4fd9498795e526,a8d1f859ff9e5f935af5fc6ecd7c44d06be1686b92e88ce9b7decf8190d11dc9,4892cf109004fa2162d19c2afcae40615c5789b75c289ada0e1239f9ac785cc7,0340047558809127cfbef95fc332f3ae1ce4145167192ddcfc30e1e5778e94dd,9413a24bae43bb76e6e6e22db979b31631475d0a7f2077eb57241007b02e132a,b22d4dc78c421634b2fc1b22815e4acce4337b1980eb1fe55907f814af9aa877
85a7df80b79a4ba9b8c3a175de0dbce6,146,no_adapter,False,42,7.053862571716309,5.331550240516663,0.24810181558132172,0.3330681324005127,0.43994665145874023,8.066798448562622,0.6150966286659241,0.6598212718963623,743e5d1b70966e776dc4c98b5375149948f0bf0486b293040c4fd9498795e526,a8d1f859ff9e5f935af5fc6ecd7c44d06be1686b92e88ce9b7decf8190d11dc9,4892cf109004fa2162d19c2afcae40615c5789b75c289ada0e1239f9ac785cc7,0340047558809127cfbef95fc332f3ae1ce4145167192ddcfc30e1e5778e94dd,9413a24bae43bb76e6e6e22db979b31631475d0a7f2077eb57241007b02e132a,b22d4dc78c421634b2fc1b22815e4acce4337b1980eb1fe55907f814af9aa877
85b0c166b5fc47a69455113c156b15aa,147,native_gc3,False,42,7.663153648376465,11.219013929367065,0.13391679525375366,0.24512171745300293,0.38318386673927307,18.54209303855896,0.17770490050315857,0.8358861804008484,32412434cb4a563b5d3e2c25ca20d78ce541337375e7e0a07d6fdcc81d46f9f7,1a5e0d21d4e166e9cad9b006993fb8323cbc4797598a3c6d8cc067a894e24a51,aef2b5567021275c93b10617637b0e2f2cc8a4d8abeb65b594e1fad8864832ec,0340047558809127cfbef95fc332f3ae1ce4145167192ddcfc30e1e5778e94dd,1c4c19c2c11e1fec97db19ad0106fb7b584d51785fe42c0b15ae7b10ceaa549c,c9723b30790e3c19a792e4d2ad29e6d0742b9294eddd30695b2eb9b0cef6deae
85b0c166b5fc47a69455113c156b15aa,147,native_gfh,False,42,7.476091623306274,13.150603771209717,0.13189809024333954,0.2762899100780487,0.39236530661582947,17.910945415496826,0.16887041926383972,0.8338141441345215,32412434cb4a563b5d3e2c25ca20d78ce541337375e7e0a07d6fdcc81d46f9f7,1a5e0d21d4e166e9cad9b006993fb8323cbc4797598a3c6d8cc067a894e24a51,aef2b5567021275c93b10617637b0e2f2cc8a4d8abeb65b594e1fad8864832ec,0340047558809127cfbef95fc332f3ae1ce4145167192ddcfc30e1e5778e94dd,1c4c19c2c11e1fec97db19ad0106fb7b584d51785fe42c0b15ae7b10ceaa549c,c9723b30790e3c19a792e4d2ad29e6d0742b9294eddd30695b2eb9b0cef6deae
85b0c166b5fc47a69455113c156b15aa,147,native_gfl,False,42,7.448128700256348,10.039371252059937,0.13912427425384521,0.2214367836713791,0.376476913690567,18.022369146347046,0.18246249854564667,0.8308194279670715,32412434cb4a563b5d3e2c25ca20d78ce541337375e7e0a07d6fdcc81d46f9f7,1a5e0d21d4e166e9cad9b006993fb8323cbc4797598a3c6d8cc067a894e24a51,aef2b5567021275c93b10617637b0e2f2cc8a4d8abeb65b594e1fad8864832ec,0340047558809127cfbef95fc332f3ae1ce4145167192ddcfc30e1e5778e94dd,1c4c19c2c11e1fec97db19ad0106fb7b584d51785fe42c0b15ae7b10ceaa549c,c9723b30790e3c19a792e4d2ad29e6d0742b9294eddd30695b2eb9b0cef6deae
85b0c166b5fc47a69455113c156b15aa,147,no_adapter,False,42,7.106337308883667,6.809377074241638,0.17053738236427307,0.287501722574234,0.34323573112487793,9.535102844238281,0.6430357694625854,0.7050657868385315,32412434cb4a563b5d3e2c25ca20d78ce541337375e7e0a07d6fdcc81d46f9f7,1a5e0d21d4e166e9cad9b006993fb8323cbc4797598a3c6d8cc067a894e24a51,aef2b5567021275c93b10617637b0e2f2cc8a4d8abeb65b594e1fad8864832ec,0340047558809127cfbef95fc332f3ae1ce4145167192ddcfc30e1e5778e94dd,1c4c19c2c11e1fec97db19ad0106fb7b584d51785fe42c0b15ae7b10ceaa549c,c9723b30790e3c19a792e4d2ad29e6d0742b9294eddd30695b2eb9b0cef6deae
86320a9985b746d4a405ffc9ac7fd23b,148,native_gc3,False,42,7.381349325180054,14.578123092651367,0.2661095857620239,0.6844742298126221,0.5734444260597229,19.213351011276245,0.26651716232299805,0.8547250032424927,1f043f32cadd979382c60961ad544acffa59b16e18567ab4ee5204dd41088f35,1df031f8d5f1a0a6d4a1117cc364082e98194badeb9ae1dcef5bc703bd83cda1,5b0e1ed5df679f94a09e388977b6210ebe8ba0a8d7ebf9a835aadcda366ac983,0340047558809127cfbef95fc332f3ae1ce4145167192ddcfc30e1e5778e94dd,f7675d201719726ff7839fc18ee70ef536da385fdce5e328277b38ad7801da01,f105a0ba91eb9467a0b7be14f43ad77b18b4055fe76da54a5f654784103b5a1f
86320a9985b746d4a405ffc9ac7fd23b,148,native_gfh,False,42,7.607647895812988,15.821561813354492,0.2322300225496292,0.7631978988647461,0.617002546787262,19.54702138900757,0.2474857121706009,0.8732332587242126,1f043f32cadd979382c60961ad544acffa59b16e18567ab4ee5204dd41088f35,1df031f8d5f1a0a6d4a1117cc364082e98194badeb9ae1dcef5bc703bd83cda1,5b0e1ed5df679f94a09e388977b6210ebe8ba0a8d7ebf9a835aadcda366ac983,0340047558809127cfbef95fc332f3ae1ce4145167192ddcfc30e1e5778e94dd,f7675d201719726ff7839fc18ee70ef536da385fdce5e328277b38ad7801da01,f105a0ba91eb9467a0b7be14f43ad77b18b4055fe76da54a5f654784103b5a1f
86320a9985b746d4a405ffc9ac7fd23b,148,native_gfl,False,42,7.48308539390564,12.409038543701172,0.29088255763053894,0.6285200119018555,0.5631341934204102,17.19504952430725,0.28245335817337036,0.8481715321540833,1f043f32cadd979382c60961ad544acffa59b16e18567ab4ee5204dd41088f35,1df031f8d5f1a0a6d4a1117cc364082e98194badeb9ae1dcef5bc703bd83cda1,5b0e1ed5df679f94a09e388977b6210ebe8ba0a8d7ebf9a835aadcda366ac983,0340047558809127cfbef95fc332f3ae1ce4145167192ddcfc30e1e5778e94dd,f7675d201719726ff7839fc18ee70ef536da385fdce5e328277b38ad7801da01,f105a0ba91eb9467a0b7be14f43ad77b18b4055fe76da54a5f654784103b5a1f
86320a9985b746d4a405ffc9ac7fd23b,148,no_adapter,False,42,7.084291934967041,10.390745401382446,0.2809617221355438,0.6453105211257935,0.5129717588424683,10.941158533096313,0.6162735223770142,0.733058750629425,1f043f32cadd979382c60961ad544acffa59b16e18567ab4ee5204dd41088f35,1df031f8d5f1a0a6d4a1117cc364082e98194badeb9ae1dcef5bc703bd83cda1,5b0e1ed5df679f94a09e388977b6210ebe8ba0a8d7ebf9a835aadcda366ac983,0340047558809127cfbef95fc332f3ae1ce4145167192ddcfc30e1e5778e94dd,f7675d201719726ff7839fc18ee70ef536da385fdce5e328277b38ad7801da01,f105a0ba91eb9467a0b7be14f43ad77b18b4055fe76da54a5f654784103b5a1f
8806a4c1056a41e3888d37212cc75f1d,149,native_gc3,False,42,7.369182825088501,12.593868970870972,0.27072015404701233,0.26253077387809753,0.321000337600708,18.46363067626953,0.2606582045555115,0.7962419986724854,27c19bb2f5f70cf49d680eb53a5f88b88b7805f3059ef3ea09a6e2cd09abac7f,a04e603a995ce9d4284630626d68f4f1c7153b275fd9e5d96c7d074dd2242053,cbc43e0e503c37694a88366d176107c34fc480a9c5866a0832e6c0375f070335,0340047558809127cfbef95fc332f3ae1ce4145167192ddcfc30e1e5778e94dd,7b165f2a297638d513d653ac478e5a51ed21032362d5bc7035362ef17a1c7d33,515d7dcf01bf94086b04ebb676cfd47ca2cd9a087e74d3e9a7633221f51f8451
8806a4c1056a41e3888d37212cc75f1d,149,native_gfh,False,42,7.322945594787598,14.464144706726074,0.24941998720169067,0.29990121722221375,0.3408614993095398,18.383355140686035,0.25367239117622375,0.788083016872406,27c19bb2f5f70cf49d680eb53a5f88b88b7805f3059ef3ea09a6e2cd09abac7f,a04e603a995ce9d4284630626d68f4f1c7153b275fd9e5d96c7d074dd2242053,cbc43e0e503c37694a88366d176107c34fc480a9c5866a0832e6c0375f070335,0340047558809127cfbef95fc332f3ae1ce4145167192ddcfc30e1e5778e94dd,7b165f2a297638d513d653ac478e5a51ed21032362d5bc7035362ef17a1c7d33,515d7dcf01bf94086b04ebb676cfd47ca2cd9a087e74d3e9a7633221f51f8451
8806a4c1056a41e3888d37212cc75f1d,149,native_gfl,False,42,7.417550563812256,11.232682466506958,0.28224605321884155,0.23351818323135376,0.3087913691997528,17.35328435897827,0.2685048282146454,0.7912307977676392,27c19bb2f5f70cf49d680eb53a5f88b88b7805f3059ef3ea09a6e2cd09abac7f,a04e603a995ce9d4284630626d68f4f1c7153b275fd9e5d96c7d074dd2242053,cbc43e0e503c37694a88366d176107c34fc480a9c5866a0832e6c0375f070335,0340047558809127cfbef95fc332f3ae1ce4145167192ddcfc30e1e5778e94dd,7b165f2a297638d513d653ac478e5a51ed21032362d5bc7035362ef17a1c7d33,515d7dcf01bf94086b04ebb676cfd47ca2cd9a087e74d3e9a7633221f51f8451
8806a4c1056a41e3888d37212cc75f1d,149,no_adapter,False,42,7.286879777908325,8.790598511695862,0.27433401346206665,0.3484494984149933,0.3156116306781769,10.00226616859436,0.6766383051872253,0.6595547795295715,27c19bb2f5f70cf49d680eb53a5f88b88b7805f3059ef3ea09a6e2cd09abac7f,a04e603a995ce9d4284630626d68f4f1c7153b275fd9e5d96c7d074dd2242053,cbc43e0e503c37694a88366d176107c34fc480a9c5866a0832e6c0375f070335,0340047558809127cfbef95fc332f3ae1ce4145167192ddcfc30e1e5778e94dd,7b165f2a297638d513d653ac478e5a51ed21032362d5bc7035362ef17a1c7d33,515d7dcf01bf94086b04ebb676cfd47ca2cd9a087e74d3e9a7633221f51f8451
883f0353c64947b4b355bc7eb7e19dd8,150,native_gc3,False,42,7.505329132080078,13.074713945388794,0.12198209017515182,0.3208859860897064,0.43879786133766174,20.648109912872314,0.2474304586648941,0.8410992622375488,b52d4c3a36161e50b4e7730d0b65f18e3b445986ab65e3252a9d8df7909474ec,e9d8b2e5bb8f59dad0854b22963d747891991b9fb93fbfccc20ce5e794b734e7,f761e29fd780589a67e6bab4f15dedb298ade3c9d5f0b15c8faf6c0ad3a0529c,0340047558809127cfbef95fc332f3ae1ce4145167192ddcfc30e1e5778e94dd,1092a04a88729fe8c84b746b9b1bcea2dddecaf7608dc59e7be7f716f7535eb0,559e2b4ee704c3ec9af97883dcab9e764ef53113328a54b16633a9f86cc06ffd
883f0353c64947b4b355bc7eb7e19dd8,150,native_gfh,False,42,7.752931833267212,15.191847085952759,0.10695872455835342,0.31216371059417725,0.4391920864582062,19.240353107452393,0.23302416503429413,0.835700511932373,b52d4c3a36161e50b4e7730d0b65f18e3b445986ab65e3252a9d8df7909474ec,e9d8b2e5bb8f59dad0854b22963d747891991b9fb93fbfccc20ce5e794b734e7,f761e29fd780589a67e6bab4f15dedb298ade3c9d5f0b15c8faf6c0ad3a0529c,0340047558809127cfbef95fc332f3ae1ce4145167192ddcfc30e1e5778e94dd,1092a04a88729fe8c84b746b9b1bcea2dddecaf7608dc59e7be7f716f7535eb0,559e2b4ee704c3ec9af97883dcab9e764ef53113328a54b16633a9f86cc06ffd
883f0353c64947b4b355bc7eb7e19dd8,150,native_gfl,False,42,7.648260831832886,12.396073341369629,0.1283036321401596,0.30686673521995544,0.4366447329521179,20.77394962310791,0.2485826313495636,0.8395346403121948,b52d4c3a36161e50b4e7730d0b65f18e3b445986ab65e3252a9d8df7909474ec,e9d8b2e5bb8f59dad0854b22963d747891991b9fb93fbfccc20ce5e794b734e7,f761e29fd780589a67e6bab4f15dedb298ade3c9d5f0b15c8faf6c0ad3a0529c,0340047558809127cfbef95fc332f3ae1ce4145167192ddcfc30e1e5778e94dd,1092a04a88729fe8c84b746b9b1bcea2dddecaf7608dc59e7be7f716f7535eb0,559e2b4ee704c3ec9af97883dcab9e764ef53113328a54b16633a9f86cc06ffd
883f0353c64947b4b355bc7eb7e19dd8,150,no_adapter,False,42,7.254025936126709,8.437902331352234,0.1675240397453308,0.3250698745250702,0.38127610087394714,11.138049364089966,0.662464439868927,0.7108721137046814,b52d4c3a36161e50b4e7730d0b65f18e3b445986ab65e3252a9d8df7909474ec,e9d8b2e5bb8f59dad0854b22963d747891991b9fb93fbfccc20ce5e794b734e7,f761e29fd780589a67e6bab4f15dedb298ade3c9d5f0b15c8faf6c0ad3a0529c,0340047558809127cfbef95fc332f3ae1ce4145167192ddcfc30e1e5778e94dd,1092a04a88729fe8c84b746b9b1bcea2dddecaf7608dc59e7be7f716f7535eb0,559e2b4ee704c3ec9af97883dcab9e764ef53113328a54b16633a9f86cc06ffd
885d96b479174bca92c8953adc6247be,151,native_gc3,False,42,7.541543245315552,10.99805235862732,0.11442208290100098,0.28050798177719116,0.46896615624427795,19.204288721084595,0.19361156225204468,0.87863689661026,8450cbfd4cf427287ded358c927b496fa12af5b86adde42e8a6335aa04d6e5f7,24c12e03aedab06e3a1c41dc2cc9536a39c36588f304be5bab663c16294152e5,5fd13f0f3a60d084bdcb26b9653df680ac1e019ea9c09a17de38801937a3750d,0340047558809127cfbef95fc332f3ae1ce4145167192ddcfc30e1e5778e94dd,37ce0793f182208df283865883e5848e61c4ae006106426e6a49e8d63d8ded5d,4db837c0bfbb2c6f2196eb934cc2699feff31ab97eebdf22a7fbadbb5569ec11
885d96b479174bca92c8953adc6247be,151,native_gfh,False,42,7.433140516281128,10.852916240692139,0.10812203586101532,0.25757262110710144,0.47271862626075745,18.232247829437256,0.1835039258003235,0.8727672696113586,8450cbfd4cf427287ded358c927b496fa12af5b86adde42e8a6335aa04d6e5f7,24c12e03aedab06e3a1c41dc2cc9536a39c36588f304be5bab663c16294152e5,5fd13f0f3a60d084bdcb26b9653df680ac1e019ea9c09a17de38801937a3750d,0340047558809127cfbef95fc332f3ae1ce4145167192ddcfc30e1e5778e94dd,37ce0793f182208df283865883e5848e61c4ae006106426e6a49e8d63d8ded5d,4db837c0bfbb2c6f2196eb934cc2699feff31ab97eebdf22a7fbadbb5569ec11
885d96b479174bca92c8953adc6247be,151,native_gfl,False,42,7.4394190311431885,11.015849113464355,0.1149098351597786,0.28399598598480225,0.4687674939632416,19.512758255004883,0.20608873665332794,0.8788195252418518,8450cbfd4cf427287ded358c927b496fa12af5b86adde42e8a6335aa04d6e5f7,24c12e03aedab06e3a1c41dc2cc9536a39c36588f304be5bab663c16294152e5,5fd13f0f3a60d084bdcb26b9653df680ac1e019ea9c09a17de38801937a3750d,0340047558809127cfbef95fc332f3ae1ce4145167192ddcfc30e1e5778e94dd,37ce0793f182208df283865883e5848e61c4ae006106426e6a49e8d63d8ded5d,4db837c0bfbb2c6f2196eb934cc2699feff31ab97eebdf22a7fbadbb5569ec11
885d96b479174bca92c8953adc6247be,151,no_adapter,False,42,7.100123882293701,4.757027626037598,0.1167445033788681,0.2637846767902374,0.4267905056476593,10.088618993759155,0.5176318883895874,0.80663001537323,8450cbfd4cf427287ded358c927b496fa12af5b86adde42e8a6335aa04d6e5f7,24c12e03aedab06e3a1c41dc2cc9536a39c36588f304be5bab663c16294152e5,5fd13f0f3a60d084bdcb26b9653df680ac1e019ea9c09a17de38801937a3750d,0340047558809127cfbef95fc332f3ae1ce4145167192ddcfc30e1e5778e94dd,37ce0793f182208df283865883e5848e61c4ae006106426e6a49e8d63d8ded5d,4db837c0bfbb2c6f2196eb934cc2699feff31ab97eebdf22a7fbadbb5569ec11
88889b8c03ab440aa63da365761b9a01,152,native_gc3,False,42,7.558047294616699,11.074261665344238,0.2692607641220093,0.43000683188438416,0.41472917795181274,16.495879888534546,0.2555186450481415,0.8040569424629211,3759a19acedf49818a396453b4f9046ffe4611d95e7f1eaa54aea7b15e1cfb42,b5fbd5c3aa3142d922ed638e56f959c2bafe34a4858aae056cceaa45b6d78201,3229c733142ba39e7e516a1e1c8868fe328c7ef6d4c5d33d72a84a2333c68e7a,0340047558809127cfbef95fc332f3ae1ce4145167192ddcfc30e1e5778e94dd,2758cce0898bb96160584081c852ccdbf3c6794df258ca1d468e01c3ed6a5ab1,c8979ab85fd72f316ae538221e0b92119cc1e78d788e124efa4e71fc5a019d07
88889b8c03ab440aa63da365761b9a01,152,native_gfh,False,42,7.416926860809326,10.257352590560913,0.26530343294143677,0.4866390526294708,0.4236440062522888,15.261694192886353,0.27422034740448,0.8052101731300354,3759a19acedf49818a396453b4f9046ffe4611d95e7f1eaa54aea7b15e1cfb42,b5fbd5c3aa3142d922ed638e56f959c2bafe34a4858aae056cceaa45b6d78201,3229c733142ba39e7e516a1e1c8868fe328c7ef6d4c5d33d72a84a2333c68e7a,0340047558809127cfbef95fc332f3ae1ce4145167192ddcfc30e1e5778e94dd,2758cce0898bb96160584081c852ccdbf3c6794df258ca1d468e01c3ed6a5ab1,c8979ab85fd72f316ae538221e0b92119cc1e78d788e124efa4e71fc5a019d07
88889b8c03ab440aa63da365761b9a01,152,native_gfl,False,42,7.383548974990845,12.478799819946289,0.270953893661499,0.4188680350780487,0.42928287386894226,17.889888286590576,0.25455841422080994,0.8051724433898926,3759a19acedf49818a396453b4f9046ffe4611d95e7f1eaa54aea7b15e1cfb42,b5fbd5c3aa3142d922ed638e56f959c2bafe34a4858aae056cceaa45b6d78201,3229c733142ba39e7e516a1e1c8868fe328c7ef6d4c5d33d72a84a2333c68e7a,0340047558809127cfbef95fc332f3ae1ce4145167192ddcfc30e1e5778e94dd,2758cce0898bb96160584081c852ccdbf3c6794df258ca1d468e01c3ed6a5ab1,c8979ab85fd72f316ae538221e0b92119cc1e78d788e124efa4e71fc5a019d07
88889b8c03ab440aa63da365761b9a01,152,no_adapter,False,42,7.28858208656311,4.50139194726944,0.329163134098053,0.43517005443573,0.3813587725162506,7.870317101478577,0.667839527130127,0.6756895780563354,3759a19acedf49818a396453b4f9046ffe4611d95e7f1eaa54aea7b15e1cfb42,b5fbd5c3aa3142d922ed638e56f959c2bafe34a4858aae056cceaa45b6d78201,3229c733142ba39e7e516a1e1c8868fe328c7ef6d4c5d33d72a84a2333c68e7a,0340047558809127cfbef95fc332f3ae1ce4145167192ddcfc30e1e5778e94dd,2758cce0898bb96160584081c852ccdbf3c6794df258ca1d468e01c3ed6a5ab1,c8979ab85fd72f316ae538221e0b92119cc1e78d788e124efa4e71fc5a019d07
8a2123caf67d4dd384e67eaa25b057ab,153,native_gc3,False,42,7.400215148925781,9.34697687625885,0.3276625871658325,0.23962260782718658,0.4644181430339813,14.56074833869934,0.31638866662979126,0.8078034520149231,6785d69ddbdd91d1f2e381a04bf14bea2d08b2e2b502e48cf5680bdf9331677d,8114f47fa76009f1b4d25c8d7253a2922f9f240019082e1878095ff41028b26f,427ecb175ab4789d21a90bde82ddc6a1ffc8994a6429aa781501a75c8ffcea63,0340047558809127cfbef95fc332f3ae1ce4145167192ddcfc30e1e5778e94dd,89d843c0d36b890fe18b6cc5738334489433b40a920fe7a7270270c2535e855b,214c0c6e942f4127b50b31eef24a674a928262ec27fbf5fbee2ff8fc48ee7e17
8a2123caf67d4dd384e67eaa25b057ab,153,native_gfh,False,42,7.44729471206665,8.6920166015625,0.32090067863464355,0.24731700122356415,0.4514978229999542,13.789275884628296,0.33751553297042847,0.8116132020950317,6785d69ddbdd91d1f2e381a04bf14bea2d08b2e2b502e48cf5680bdf9331677d,8114f47fa76009f1b4d25c8d7253a2922f9f240019082e1878095ff41028b26f,427ecb175ab4789d21a90bde82ddc6a1ffc8994a6429aa781501a75c8ffcea63,0340047558809127cfbef95fc332f3ae1ce4145167192ddcfc30e1e5778e94dd,89d843c0d36b890fe18b6cc5738334489433b40a920fe7a7270270c2535e855b,214c0c6e942f4127b50b31eef24a674a928262ec27fbf5fbee2ff8fc48ee7e17
8a2123caf67d4dd384e67eaa25b057ab,153,native_gfl,False,42,7.391669988632202,10.011497735977173,0.3271790146827698,0.2495083063840866,0.48337453603744507,15.200778245925903,0.3120346665382385,0.8233819007873535,6785d69ddbdd91d1f2e381a04bf14bea2d08b2e2b502e48cf5680bdf9331677d,8114f47fa76009f1b4d25c8d7253a2922f9f240019082e1878095ff41028b26f,427ecb175ab4789d21a90bde82ddc6a1ffc8994a6429aa781501a75c8ffcea63,0340047558809127cfbef95fc332f3ae1ce4145167192ddcfc30e1e5778e94dd,89d843c0d36b890fe18b6cc5738334489433b40a920fe7a7270270c2535e855b,214c0c6e942f4127b50b31eef24a674a928262ec27fbf5fbee2ff8fc48ee7e17
8a2123caf67d4dd384e67eaa25b057ab,153,no_adapter,False,42,7.130763053894043,4.213879108428955,0.2917051613330841,0.1941872537136078,0.3665626347064972,7.930241227149963,0.6399648189544678,0.7382596135139465,6785d69ddbdd91d1f2e381a04bf14bea2d08b2e2b502e48cf5680bdf9331677d,8114f47fa76009f1b4d25c8d7253a2922f9f240019082e1878095ff41028b26f,427ecb175ab4789d21a90bde82ddc6a1ffc8994a6429aa781501a75c8ffcea63,0340047558809127cfbef95fc332f3ae1ce4145167192ddcfc30e1e5778e94dd,89d843c0d36b890fe18b6cc5738334489433b40a920fe7a7270270c2535e855b,214c0c6e942f4127b50b31eef24a674a928262ec27fbf5fbee2ff8fc48ee7e17
8b0e502085994c67ba188fdcb01dcea4,154,native_gc3,False,42,7.465904712677002,12.168344259262085,0.21652595698833466,0.38270285725593567,0.44974973797798157,18.63579750061035,0.20599205791950226,0.8281360864639282,cec3ed5bcad6662072f0514f0dcb4d328bed131cccb545f5a8323da763e7d1f9,b8afacb2df6bd07d6de0a7fa94c2681a0b3300f6bbc9121f18b2175390ca63ff,6ed123ee98c49da2edbf2add3a0544f487d94ad578afa1efe217d5b9f8b287f2,0340047558809127cfbef95fc332f3ae1ce4145167192ddcfc30e1e5778e94dd,1f01c99ddd70b78f5d2551e4322713e0a3021fd24ffcbd73561eb909d3effa2e,caf9e8cb21bc29ba573f839b0e55748dbb5a2c4aecb8925e17fe9c4c80f43b29
8b0e502085994c67ba188fdcb01dcea4,154,native_gfh,False,42,7.499946117401123,13.044493198394775,0.19437673687934875,0.4425605237483978,0.47141388058662415,18.401589393615723,0.21252363920211792,0.8278203010559082,cec3ed5bcad6662072f0514f0dcb4d328bed131cccb545f5a8323da763e7d1f9,b8afacb2df6bd07d6de0a7fa94c2681a0b3300f6bbc9121f18b2175390ca63ff,6ed123ee98c49da2edbf2add3a0544f487d94ad578afa1efe217d5b9f8b287f2,0340047558809127cfbef95fc332f3ae1ce4145167192ddcfc30e1e5778e94dd,1f01c99ddd70b78f5d2551e4322713e0a3021fd24ffcbd73561eb909d3effa2e,caf9e8cb21bc29ba573f839b0e55748dbb5a2c4aecb8925e17fe9c4c80f43b29
8b0e502085994c67ba188fdcb01dcea4,154,native_gfl,False,42,7.395450115203857,12.049486637115479,0.22550204396247864,0.35163813829421997,0.4445335865020752,18.625622987747192,0.21221917867660522,0.8200367093086243,cec3ed5bcad6662072f0514f0dcb4d328bed131cccb545f5a8323da763e7d1f9,b8afacb2df6bd07d6de0a7fa94c2681a0b3300f6bbc9121f18b2175390ca63ff,6ed123ee98c49da2edbf2add3a0544f487d94ad578afa1efe217d5b9f8b287f2,0340047558809127cfbef95fc332f3ae1ce4145167192ddcfc30e1e5778e94dd,1f01c99ddd70b78f5d2551e4322713e0a3021fd24ffcbd73561eb909d3effa2e,caf9e8cb21bc29ba573f839b0e55748dbb5a2c4aecb8925e17fe9c4c80f43b29
8b0e502085994c67ba188fdcb01dcea4,154,no_adapter,False,42,7.0928168296813965,6.602759957313538,0.22535976767539978,0.4998836815357208,0.4207778871059418,10.405361652374268,0.5707607865333557,0.7803242206573486,cec3ed5bcad6662072f0514f0dcb4d328bed131cccb545f5a8323da763e7d1f9,b8afacb2df6bd07d6de0a7fa94c2681a0b3300f6bbc9121f18b2175390ca63ff,6ed123ee98c49da2edbf2add3a0544f487d94ad578afa1efe217d5b9f8b287f2,0340047558809127cfbef95fc332f3ae1ce4145167192ddcfc30e1e5778e94dd,1f01c99ddd70b78f5d2551e4322713e0a3021fd24ffcbd73561eb909d3effa2e,caf9e8cb21bc29ba573f839b0e55748dbb5a2c4aecb8925e17fe9c4c80f43b29
8b813e0ccf2d438e80be25584f8a163d,155,native_gc3,False,42,7.44120979309082,11.013952493667603,0.1343328058719635,0.44135650992393494,0.5862911939620972,20.3725528717041,0.13754555583000183,0.8975464701652527,ce6681988a33c6a914709d9ecb63e42a45e54ce752df1504f35b94de621c528d,204c380d7b7347f8fbef0d68457422c6f7b95e90d377d822ecbabb7fc482d1ed,bd3936484bb3bb4e05b7a1c4cd6d11714a7cc5dd9b89a622c0cabe1b72cbe114,0340047558809127cfbef95fc332f3ae1ce4145167192ddcfc30e1e5778e94dd,492e80e187484c04c5c1e3bcf5dbdb36ce54fd0261f09df52c2d0270fddbfc0f,8aeb0016edcd5347244fb3655cf54a05f32e8b614f55d409686a19b5f696df87
8b813e0ccf2d438e80be25584f8a163d,155,native_gfh,False,42,7.40936017036438,13.539354801177979,0.11759103089570999,0.5352559089660645,0.6352697610855103,20.09636163711548,0.1234627217054367,0.8926852345466614,ce6681988a33c6a914709d9ecb63e42a45e54ce752df1504f35b94de621c528d,204c380d7b7347f8fbef0d68457422c6f7b95e90d377d822ecbabb7fc482d1ed,bd3936484bb3bb4e05b7a1c4cd6d11714a7cc5dd9b89a622c0cabe1b72cbe114,0340047558809127cfbef95fc332f3ae1ce4145167192ddcfc30e1e5778e94dd,492e80e187484c04c5c1e3bcf5dbdb36ce54fd0261f09df52c2d0270fddbfc0f,8aeb0016edcd5347244fb3655cf54a05f32e8b614f55d409686a19b5f696df87
8b813e0ccf2d438e80be25584f8a163d,155,native_gfl,False,42,7.38135552406311,9.484838247299194,0.14028598368167877,0.41515210270881653,0.5708215236663818,19.478230476379395,0.1370096057653427,0.8895689845085144,ce6681988a33c6a914709d9ecb63e42a45e54ce752df1504f35b94de621c528d,204c380d7b7347f8fbef0d68457422c6f7b95e90d377d822ecbabb7fc482d1ed,bd3936484bb3bb4e05b7a1c4cd6d11714a7cc5dd9b89a622c0cabe1b72cbe114,0340047558809127cfbef95fc332f3ae1ce4145167192ddcfc30e1e5778e94dd,492e80e187484c04c5c1e3bcf5dbdb36ce54fd0261f09df52c2d0270fddbfc0f,8aeb0016edcd5347244fb3655cf54a05f32e8b614f55d409686a19b5f696df87
8b813e0ccf2d438e80be25584f8a163d,155,no_adapter,False,42,7.143791198730469,7.68545389175415,0.1299429088830948,0.6425977945327759,0.5613426566123962,10.589450597763062,0.6249621510505676,0.7839904427528381,ce6681988a33c6a914709d9ecb63e42a45e54ce752df1504f35b94de621c528d,204c380d7b7347f8fbef0d68457422c6f7b95e90d377d822ecbabb7fc482d1ed,bd3936484bb3bb4e05b7a1c4cd6d11714a7cc5dd9b89a622c0cabe1b72cbe114,0340047558809127cfbef95fc332f3ae1ce4145167192ddcfc30e1e5778e94dd,492e80e187484c04c5c1e3bcf5dbdb36ce54fd0261f09df52c2d0270fddbfc0f,8aeb0016edcd5347244fb3655cf54a05f32e8b614f55d409686a19b5f696df87
8bd93fcae54940bd903a94a9094da4ee,156,native_gc3,False,42,7.3570075035095215,13.130134344100952,0.17268288135528564,0.23556911945343018,0.39064937829971313,19.106963872909546,0.18608565628528595,0.8102748990058899,81378288991a34d4ad384a28fe2ec0a346fdef9e17f42501cfb6ee574777b038,071a6489f3cc475bdf07d429594e41051d0093a3fd444d43a2c8da0832187666,e664155411808c37e362ecfecf29926dcbcf27f53571341f773ce2d92eaf3be1,0340047558809127cfbef95fc332f3ae1ce4145167192ddcfc30e1e5778e94dd,d1c2e6c2d3fe45446f357792dfe545d7dd1436e0abf169b546301e8c69822776,a2551bdb02aa91a5d4a9c7bb7f2a7770e76b549a7b6d091796a730b41d0431c1
8bd93fcae54940bd903a94a9094da4ee,156,native_gfh,False,42,7.402042388916016,14.388259649276733,0.1606217324733734,0.25884443521499634,0.41231071949005127,18.87953758239746,0.16887100040912628,0.8075345158576965,81378288991a34d4ad384a28fe2ec0a346fdef9e17f42501cfb6ee574777b038,071a6489f3cc475bdf07d429594e41051d0093a3fd444d43a2c8da0832187666,e664155411808c37e362ecfecf29926dcbcf27f53571341f773ce2d92eaf3be1,0340047558809127cfbef95fc332f3ae1ce4145167192ddcfc30e1e5778e94dd,d1c2e6c2d3fe45446f357792dfe545d7dd1436e0abf169b546301e8c69822776,a2551bdb02aa91a5d4a9c7bb7f2a7770e76b549a7b6d091796a730b41d0431c1
8bd93fcae54940bd903a94a9094da4ee,156,native_gfl,False,42,7.359538555145264,12.166056632995605,0.17725728452205658,0.225187286734581,0.38233864307403564,18.553082942962646,0.18457964062690735,0.8033817410469055,81378288991a34d4ad384a28fe2ec0a346fdef9e17f42501cfb6ee574777b038,071a6489f3cc475bdf07d429594e41051d0093a3fd444d43a2c8da0832187666,e664155411808c37e362ecfecf29926dcbcf27f53571341f773ce2d92eaf3be1,0340047558809127cfbef95fc332f3ae1ce4145167192ddcfc30e1e5778e94dd,d1c2e6c2d3fe45446f357792dfe545d7dd1436e0abf169b546301e8c69822776,a2551bdb02aa91a5d4a9c7bb7f2a7770e76b549a7b6d091796a730b41d0431c1
8bd93fcae54940bd903a94a9094da4ee,156,no_adapter,False,42,7.073961496353149,6.889562010765076,0.2441924661397934,0.2368003875017166,0.349717378616333,10.357297658920288,0.5658245086669922,0.7343733906745911,81378288991a34d4ad384a28fe2ec0a346fdef9e17f42501cfb6ee574777b038,071a6489f3cc475bdf07d429594e41051d0093a3fd444d43a2c8da0832187666,e664155411808c37e362ecfecf29926dcbcf27f53571341f773ce2d92eaf3be1,0340047558809127cfbef95fc332f3ae1ce4145167192ddcfc30e1e5778e94dd,d1c2e6c2d3fe45446f357792dfe545d7dd1436e0abf169b546301e8c69822776,a2551bdb02aa91a5d4a9c7bb7f2a7770e76b549a7b6d091796a730b41d0431c1
8bde8eb73dcb45c6a3880e85e7b3694b,157,native_gc3,False,42,7.522446632385254,8.690782189369202,0.13026943802833557,0.32786795496940613,0.564376950263977,19.616905450820923,0.20903544127941132,0.8830528855323792,a87285159909ab30c30be332b937a07a69674ae0653f9a8c891e3aca68e3dfc7,0ba8de9c24f6e3bbcb276c2921be077c4add07a4382a0811ae6e53741e2bb61d,888ad3dccc2a8e574efa5a4d795e5c1496bec02ad0e1981b7f8e6914b12e397e,0340047558809127cfbef95fc332f3ae1ce4145167192ddcfc30e1e5778e94dd,15cc4ef6239ab6b41a6aa66e16d6ae07220616ffdb9e68a3ee6aa61b9be02dce,1e42e223e3e16313798daf7bc7014644d174d99b40b622238cad3fd6f11aa1b2
8bde8eb73dcb45c6a3880e85e7b3694b,157,native_gfh,False,42,7.548885822296143,11.26545786857605,0.09979887306690216,0.39110928773880005,0.5885584354400635,18.580658435821533,0.17959335446357727,0.8759742975234985,a87285159909ab30c30be332b937a07a69674ae0653f9a8c891e3aca68e3dfc7,0ba8de9c24f6e3bbcb276c2921be077c4add07a4382a0811ae6e53741e2bb61d,888ad3dccc2a8e574efa5a4d795e5c1496bec02ad0e1981b7f8e6914b12e397e,0340047558809127cfbef95fc332f3ae1ce4145167192ddcfc30e1e5778e94dd,15cc4ef6239ab6b41a6aa66e16d6ae07220616ffdb9e68a3ee6aa61b9be02dce,1e42e223e3e16313798daf7bc7014644d174d99b40b622238cad3fd6f11aa1b2
8bde8eb73dcb45c6a3880e85e7b3694b,157,native_gfl,False,42,7.610660791397095,8.175790905952454,0.1347985714673996,0.31003257632255554,0.559394896030426,19.530540704727173,0.2201836109161377,0.8787959218025208,a87285159909ab30c30be332b937a07a69674ae0653f9a8c891e3aca68e3dfc7,0ba8de9c24f6e3bbcb276c2921be077c4add07a4382a0811ae6e53741e2bb61d,888ad3dccc2a8e574efa5a4d795e5c1496bec02ad0e1981b7f8e6914b12e397e,0340047558809127cfbef95fc332f3ae1ce4145167192ddcfc30e1e5778e94dd,15cc4ef6239ab6b41a6aa66e16d6ae07220616ffdb9e68a3ee6aa61b9be02dce,1e42e223e3e16313798daf7bc7014644d174d99b40b622238cad3fd6f11aa1b2
8bde8eb73dcb45c6a3880e85e7b3694b,157,no_adapter,False,42,7.142345666885376,10.843628644943237,0.13806118071079254,0.5519466400146484,0.5381917357444763,10.926512479782104,0.6863213777542114,0.7287717461585999,a87285159909ab30c30be332b937a07a69674ae0653f9a8c891e3aca68e3dfc7,0ba8de9c24f6e3bbcb276c2921be077c4add07a4382a0811ae6e53741e2bb61d,888ad3dccc2a8e574efa5a4d795e5c1496bec02ad0e1981b7f8e6914b12e397e,0340047558809127cfbef95fc332f3ae1ce4145167192ddcfc30e1e5778e94dd,15cc4ef6239ab6b41a6aa66e16d6ae07220616ffdb9e68a3ee6aa61b9be02dce,1e42e223e3e16313798daf7bc7014644d174d99b40b622238cad3fd6f11aa1b2
8d1381af68fd4f4d873c6d34f51f21df,158,native_gc3,False,42,7.386645078659058,14.284979104995728,0.23805569112300873,0.640416145324707,0.5704579949378967,20.032246112823486,0.25483331084251404,0.8672114014625549,834e334cb6bebe110a2b2c43cf1bb272e605097cf12ee3db65031b3a416fbd04,dce231f9531bea168f7cd908cd5c584192c4f7b9b3052e3750cb831af24ae840,045261faf41a3f6396a339c9a8a2c9855b3829e6d15377af9aec58e41768498f,0340047558809127cfbef95fc332f3ae1ce4145167192ddcfc30e1e5778e94dd,01b8190a60828ca64f1d2b307fd9d95c3ef28a18223daa2e323681cffc8450b2,dd5eeecbe9c6f4b9c8e920d024487520352158319745c5e7e4055509882cf87d
8d1381af68fd4f4d873c6d34f51f21df,158,native_gfh,False,42,7.3319761753082275,15.320742130279541,0.21931082010269165,0.7174559235572815,0.6157059073448181,19.657119512557983,0.24206948280334473,0.8753123879432678,834e334cb6bebe110a2b2c43cf1bb272e605097cf12ee3db65031b3a416fbd04,dce231f9531bea168f7cd908cd5c584192c4f7b9b3052e3750cb831af24ae840,045261faf41a3f6396a339c9a8a2c9855b3829e6d15377af9aec58e41768498f,0340047558809127cfbef95fc332f3ae1ce4145167192ddcfc30e1e5778e94dd,01b8190a60828ca64f1d2b307fd9d95c3ef28a18223daa2e323681cffc8450b2,dd5eeecbe9c6f4b9c8e920d024487520352158319745c5e7e4055509882cf87d
8d1381af68fd4f4d873c6d34f51f21df,158,native_gfl,False,42,7.39831018447876,12.398620843887329,0.25662609934806824,0.6089063286781311,0.5504481196403503,18.47204327583313,0.2656919062137604,0.85882967710495,834e334cb6bebe110a2b2c43cf1bb272e605097cf12ee3db65031b3a416fbd04,dce231f9531bea168f7cd908cd5c584192c4f7b9b3052e3750cb831af24ae840,045261faf41a3f6396a339c9a8a2c9855b3829e6d15377af9aec58e41768498f,0340047558809127cfbef95fc332f3ae1ce4145167192ddcfc30e1e5778e94dd,01b8190a60828ca64f1d2b307fd9d95c3ef28a18223daa2e323681cffc8450b2,dd5eeecbe9c6f4b9c8e920d024487520352158319745c5e7e4055509882cf87d
8d1381af68fd4f4d873c6d34f51f21df,158,no_adapter,False,42,7.225781202316284,10.596208572387695,0.22586670517921448,0.6854660511016846,0.5309259295463562,11.197831630706787,0.6093132495880127,0.7797099351882935,834e334cb6bebe110a2b2c43cf1bb272e605097cf12ee3db65031b3a416fbd04,dce231f9531bea168f7cd908cd5c584192c4f7b9b3052e3750cb831af24ae840,045261faf41a3f6396a339c9a8a2c9855b3829e6d15377af9aec58e41768498f,0340047558809127cfbef95fc332f3ae1ce4145167192ddcfc30e1e5778e94dd,01b8190a60828ca64f1d2b307fd9d95c3ef28a18223daa2e323681cffc8450b2,dd5eeecbe9c6f4b9c8e920d024487520352158319745c5e7e4055509882cf87d
8d1a02e110374e33b3b6b773b14abee4,159,native_gc3,False,42,7.417768239974976,8.202896118164062,0.11591996252536774,0.17404663562774658,0.3708769381046295,17.64261484146118,0.17314928770065308,0.8519054055213928,529010befb8116e369b98bef2bf6818e2b94dbb39205763f61e3e9150011525f,e08cc856d395731f9918aec56af347b4e4a8ccb2e2c6219d80c462fc8165b773,ef19de7be464ce768dce469f6ca3a22450a6720850b6235f9f598ae7f13c51a3,0340047558809127cfbef95fc332f3ae1ce4145167192ddcfc30e1e5778e94dd,ac1269e1b9231ffa7bc15a68a9b85310e18e03d69624196377afba04c22330de,8dfa384992d6449a83f00eeb7c2e89191d4256e48aaa5b35298fbc1a96296bec
8d1a02e110374e33b3b6b773b14abee4,159,native_gfh,False,42,7.38995361328125,7.9797786474227905,0.11910304427146912,0.17312096059322357,0.3698844611644745,16.685142517089844,0.17337042093276978,0.8478768467903137,529010befb8116e369b98bef2bf6818e2b94dbb39205763f61e3e9150011525f,e08cc856d395731f9918aec56af347b4e4a8ccb2e2c6219d80c462fc8165b773,ef19de7be464ce768dce469f6ca3a22450a6720850b6235f9f598ae7f13c51a3,0340047558809127cfbef95fc332f3ae1ce4145167192ddcfc30e1e5778e94dd,ac1269e1b9231ffa7bc15a68a9b85310e18e03d69624196377afba04c22330de,8dfa384992d6449a83f00eeb7c2e89191d4256e48aaa5b35298fbc1a96296bec
8d1a02e110374e33b3b6b773b14abee4,159,native_gfl,False,42,7.519296884536743,8.739243149757385,0.11140589416027069,0.17344702780246735,0.3724439740180969,18.009835481643677,0.19097572565078735,0.8517340421676636,529010befb8116e369b98bef2bf6818e2b94dbb39205763f61e3e9150011525f,e08cc856d395731f9918aec56af347b4e4a8ccb2e2c6219d80c462fc8165b773,ef19de7be464ce768dce469f6ca3a22450a6720850b6235f9f598ae7f13c51a3,0340047558809127cfbef95fc332f3ae1ce4145167192ddcfc30e1e5778e94dd,ac1269e1b9231ffa7bc15a68a9b85310e18e03d69624196377afba04c22330de,8dfa384992d6449a83f00eeb7c2e89191d4256e48aaa5b35298fbc1a96296bec
8d1a02e110374e33b3b6b773b14abee4,159,no_adapter,False,42,7.1703877449035645,2.958907186985016,0.15642999112606049,0.11575106531381607,0.32652804255485535,9.250963926315308,0.6141484975814819,0.719518780708313,529010befb8116e369b98bef2bf6818e2b94dbb39205763f61e3e9150011525f,e08cc856d395731f9918aec56af347b4e4a8ccb2e2c6219d80c462fc8165b773,ef19de7be464ce768dce469f6ca3a22450a6720850b6235f9f598ae7f13c51a3,0340047558809127cfbef95fc332f3ae1ce4145167192ddcfc30e1e5778e94dd,ac1269e1b9231ffa7bc15a68a9b85310e18e03d69624196377afba04c22330de,8dfa384992d6449a83f00eeb7c2e89191d4256e48aaa5b35298fbc1a96296bec
8d52870caafd415e90a3552cbc09016d,160,native_gc3,False,42,7.494251489639282,13.302103281021118,0.20202544331550598,0.2572566568851471,0.519531786441803,20.01432180404663,0.22587963938713074,0.828929603099823,ca06bc3a442c9003d662729140610fbb04593dfe614a978071febfed014eb179,30b7cd20c0d04537da6b0ac3ccdcaf8b19b03e56b648c70a4f6ecb865ba10570,d5fe816420b7730bede00f5743c04b7eeccaea68978fcf4f01777461be173d10,0340047558809127cfbef95fc332f3ae1ce4145167192ddcfc30e1e5778e94dd,85b49bceb4331b587bc384b40836185f250e353d00dd43c5baaddc68929dfddb,1c268a46962da4233992bc5d9471cc52cf9e04cd351c1cd24ccdc9ad87066a24
8d52870caafd415e90a3552cbc09016d,160,native_gfh,False,42,7.422784090042114,13.191908597946167,0.18678057193756104,0.2636953592300415,0.5269864201545715,18.724792003631592,0.21706433594226837,0.8208900094032288,ca06bc3a442c9003d662729140610fbb04593dfe614a978071febfed014eb179,30b7cd20c0d04537da6b0ac3ccdcaf8b19b03e56b648c70a4f6ecb865ba10570,d5fe816420b7730bede00f5743c04b7eeccaea68978fcf4f01777461be173d10,0340047558809127cfbef95fc332f3ae1ce4145167192ddcfc30e1e5778e94dd,85b49bceb4331b587bc384b40836185f250e353d00dd43c5baaddc68929dfddb,1c268a46962da4233992bc5d9471cc52cf9e04cd351c1cd24ccdc9ad87066a24
8d52870caafd415e90a3552cbc09016d,160,native_gfl,False,42,7.416584730148315,14.503949880599976,0.2029087394475937,0.26374655961990356,0.5262528657913208,20.988986492156982,0.2216251939535141,0.8214470744132996,ca06bc3a442c9003d662729140610fbb04593dfe614a978071febfed014eb179,30b7cd20c0d04537da6b0ac3ccdcaf8b19b03e56b648c70a4f6ecb865ba10570,d5fe816420b7730bede00f5743c04b7eeccaea68978fcf4f01777461be173d10,0340047558809127cfbef95fc332f3ae1ce4145167192ddcfc30e1e5778e94dd,85b49bceb4331b587bc384b40836185f250e353d00dd43c5baaddc68929dfddb,1c268a46962da4233992bc5d9471cc52cf9e04cd351c1cd24ccdc9ad87066a24
8d52870caafd415e90a3552cbc09016d,160,no_adapter,False,42,7.130763053894043,5.56704580783844,0.28711432218551636,0.19055074453353882,0.40730494260787964,9.726307988166809,0.6924810409545898,0.661785900592804,ca06bc3a442c9003d662729140610fbb04593dfe614a978071febfed014eb179,30b7cd20c0d04537da6b0ac3ccdcaf8b19b03e56b648c70a4f6ecb865ba10570,d5fe816420b7730bede00f5743c04b7eeccaea68978fcf4f01777461be173d10,0340047558809127cfbef95fc332f3ae1ce4145167192ddcfc30e1e5778e94dd,85b49bceb4331b587bc384b40836185f250e353d00dd43c5baaddc68929dfddb,1c268a46962da4233992bc5d9471cc52cf9e04cd351c1cd24ccdc9ad87066a24
8eca82ef0b7a46e4854fdc185db48476,161,native_gc3,False,42,7.534166574478149,10.62161922454834,0.09551281481981277,0.23957054316997528,0.4637935161590576,20.389604568481445,0.24231919646263123,0.8679169416427612,25cb31e6d4913b2968492ae1983a507f9c986ab1fccb5e9fabac99f8144d8e48,fafad7b58d958a5211bd75aa414e552e4f26870bfbe1103f3343bfa116d76ed0,db78281bbaa38ad6808f7114bb81be325866ff4ef8184ad48eccd8dc0b4456c9,0340047558809127cfbef95fc332f3ae1ce4145167192ddcfc30e1e5778e94dd,6be711a79aa68bba9d0efbace7a1967ae23208150c8a70580558add6222732d3,b93986fdf57098883b1fac2d566afe93dc140d8f7c9985108a0a4ce94480f9fe
8eca82ef0b7a46e4854fdc185db48476,161,native_gfh,False,42,7.479662179946899,13.171392679214478,0.07666298747062683,0.25268709659576416,0.4800375699996948,19.214531183242798,0.2129446566104889,0.8663811683654785,25cb31e6d4913b2968492ae1983a507f9c986ab1fccb5e9fabac99f8144d8e48,fafad7b58d958a5211bd75aa414e552e4f26870bfbe1103f3343bfa116d76ed0,db78281bbaa38ad6808f7114bb81be325866ff4ef8184ad48eccd8dc0b4456c9,0340047558809127cfbef95fc332f3ae1ce4145167192ddcfc30e1e5778e94dd,6be711a79aa68bba9d0efbace7a1967ae23208150c8a70580558add6222732d3,b93986fdf57098883b1fac2d566afe93dc140d8f7c9985108a0a4ce94480f9fe
8eca82ef0b7a46e4854fdc185db48476,161,native_gfl,False,42,7.743700981140137,10.316356420516968,0.09781799465417862,0.23380528390407562,0.46079057455062866,20.547008514404297,0.24615071713924408,0.8684272766113281,25cb31e6d4913b2968492ae1983a507f9c986ab1fccb5e9fabac99f8144d8e48,fafad7b58d958a5211bd75aa414e552e4f26870bfbe1103f3343bfa116d76ed0,db78281bbaa38ad6808f7114bb81be325866ff4ef8184ad48eccd8dc0b4456c9,0340047558809127cfbef95fc332f3ae1ce4145167192ddcfc30e1e5778e94dd,6be711a79aa68bba9d0efbace7a1967ae23208150c8a70580558add6222732d3,b93986fdf57098883b1fac2d566afe93dc140d8f7c9985108a0a4ce94480f9fe
8eca82ef0b7a46e4854fdc185db48476,161,no_adapter,False,42,7.279291868209839,11.230474710464478,0.09044039994478226,0.23403474688529968,0.44600290060043335,11.570477485656738,0.6644397974014282,0.714496910572052,25cb31e6d4913b2968492ae1983a507f9c986ab1fccb5e9fabac99f8144d8e48,fafad7b58d958a5211bd75aa414e552e4f26870bfbe1103f3343bfa116d76ed0,db78281bbaa38ad6808f7114bb81be325866ff4ef8184ad48eccd8dc0b4456c9,0340047558809127cfbef95fc332f3ae1ce4145167192ddcfc30e1e5778e94dd,6be711a79aa68bba9d0efbace7a1967ae23208150c8a70580558add6222732d3,b93986fdf57098883b1fac2d566afe93dc140d8f7c9985108a0a4ce94480f9fe
8f3527bdb6944515a8c60aa0a61c8b17,162,native_gc3,False,42,7.416002511978149,11.146461963653564,0.19041210412979126,0.2689433991909027,0.3091903030872345,16.181585788726807,0.2300710380077362,0.7534833550453186,4890f99ef84212ecfb824d41fea493854235684825f3a21b098f872fb308c791,720a4b5b4e6c89d378e3d37356388e4ae0671d5af3d51011cdc3899e822cd071,465998b21d2ae04105c51bbf0a6035b1578e2620d4ce62a2814396ce1be10270,0340047558809127cfbef95fc332f3ae1ce4145167192ddcfc30e1e5778e94dd,fbb718ecc77358792f447644605657859aa5f18c3f3c3999b704b1da737bb806,61c3a26941eb38f9494b6b06646810bf3886aad2a274e26cdf66148cef517ea7
8f3527bdb6944515a8c60aa0a61c8b17,162,native_gfh,False,42,7.331602573394775,10.647845268249512,0.19156794250011444,0.3063652217388153,0.33531472086906433,15.579246282577515,0.2613835036754608,0.7469136118888855,4890f99ef84212ecfb824d41fea493854235684825f3a21b098f872fb308c791,720a4b5b4e6c89d378e3d37356388e4ae0671d5af3d51011cdc3899e822cd071,465998b21d2ae04105c51bbf0a6035b1578e2620d4ce62a2814396ce1be10270,0340047558809127cfbef95fc332f3ae1ce4145167192ddcfc30e1e5778e94dd,fbb718ecc77358792f447644605657859aa5f18c3f3c3999b704b1da737bb806,61c3a26941eb38f9494b6b06646810bf3886aad2a274e26cdf66148cef517ea7
8f3527bdb6944515a8c60aa0a61c8b17,162,native_gfl,False,42,7.344011545181274,11.840797662734985,0.18063437938690186,0.25033140182495117,0.2977161109447479,16.375601291656494,0.2231445014476776,0.7526257634162903,4890f99ef84212ecfb824d41fea493854235684825f3a21b098f872fb308c791,720a4b5b4e6c89d378e3d37356388e4ae0671d5af3d51011cdc3899e822cd071,465998b21d2ae04105c51bbf0a6035b1578e2620d4ce62a2814396ce1be10270,0340047558809127cfbef95fc332f3ae1ce4145167192ddcfc30e1e5778e94dd,fbb718ecc77358792f447644605657859aa5f18c3f3c3999b704b1da737bb806,61c3a26941eb38f9494b6b06646810bf3886aad2a274e26cdf66148cef517ea7
8f3527bdb6944515a8c60aa0a61c8b17,162,no_adapter,False,42,7.0624330043792725,4.793806076049805,0.2917855679988861,0.2885189652442932,0.3113171458244324,8.151787519454956,0.6713470220565796,0.6095505952835083,4890f99ef84212ecfb824d41fea493854235684825f3a21b098f872fb308c791,720a4b5b4e6c89d378e3d37356388e4ae0671d5af3d51011cdc3899e822cd071,465998b21d2ae04105c51bbf0a6035b1578e2620d4ce62a2814396ce1be10270,0340047558809127cfbef95fc332f3ae1ce4145167192ddcfc30e1e5778e94dd,fbb718ecc77358792f447644605657859aa5f18c3f3c3999b704b1da737bb806,61c3a26941eb38f9494b6b06646810bf3886aad2a274e26cdf66148cef517ea7
9118b89c7c904506b43265e9c899742f,163,native_gc3,False,42,7.522318363189697,15.419515371322632,0.17190085351467133,0.46175098419189453,0.5324331521987915,20.345337390899658,0.1459086835384369,0.817544162273407,e81d5fcab76cb315a643e028d436c92b501acbada32edbe8d0d4dd4d994f5f68,65ffb0cd252e0be3a6bd3441ce9ccc9f1387a1a72b5d72f0ef36a85fd5ce2c38,856f72ec6140348bc874b4c49b9f68825f6ce4fa5c277c926116178d90b17be1,0340047558809127cfbef95fc332f3ae1ce4145167192ddcfc30e1e5778e94dd,023e2e7ec41f1a768b4c1b6cf56980e89bf6a5c37d86e6fcc9d6b441f426de6c,4da0815f70d0b5b51688760be05254d0294214dd469be67f7936632c7f91462e
9118b89c7c904506b43265e9c899742f,163,native_gfh,False,42,7.400643825531006,18.301081657409668,0.14036774635314941,0.5359886288642883,0.5729302167892456,19.980374574661255,0.13283184170722961,0.8211174011230469,e81d5fcab76cb315a643e028d436c92b501acbada32edbe8d0d4dd4d994f5f68,65ffb0cd252e0be3a6bd3441ce9ccc9f1387a1a72b5d72f0ef36a85fd5ce2c38,856f72ec6140348bc874b4c49b9f68825f6ce4fa5c277c926116178d90b17be1,0340047558809127cfbef95fc332f3ae1ce4145167192ddcfc30e1e5778e94dd,023e2e7ec41f1a768b4c1b6cf56980e89bf6a5c37d86e6fcc9d6b441f426de6c,4da0815f70d0b5b51688760be05254d0294214dd469be67f7936632c7f91462e
9118b89c7c904506b43265e9c899742f,163,native_gfl,False,42,7.426065921783447,13.470592498779297,0.18614375591278076,0.4361110329627991,0.5271304845809937,19.222607612609863,0.15194071829319,0.8093224763870239,e81d5fcab76cb315a643e028d436c92b501acbada32edbe8d0d4dd4d994f5f68,65ffb0cd252e0be3a6bd3441ce9ccc9f1387a1a72b5d72f0ef36a85fd5ce2c38,856f72ec6140348bc874b4c49b9f68825f6ce4fa5c277c926116178d90b17be1,0340047558809127cfbef95fc332f3ae1ce4145167192ddcfc30e1e5778e94dd,023e2e7ec41f1a768b4c1b6cf56980e89bf6a5c37d86e6fcc9d6b441f426de6c,4da0815f70d0b5b51688760be05254d0294214dd469be67f7936632c7f91462e
9118b89c7c904506b43265e9c899742f,163,no_adapter,False,42,7.272800445556641,9.448530673980713,0.28059977293014526,0.3992944657802582,0.4428580701351166,8.363539576530457,0.6700952649116516,0.5710797309875488,e81d5fcab76cb315a643e028d436c92b501acbada32edbe8d0d4dd4d994f5f68,65ffb0cd252e0be3a6bd3441ce9ccc9f1387a1a72b5d72f0ef36a85fd5ce2c38,856f72ec6140348bc874b4c49b9f68825f6ce4fa5c277c926116178d90b17be1,0340047558809127cfbef95fc332f3ae1ce4145167192ddcfc30e1e5778e94dd,023e2e7ec41f1a768b4c1b6cf56980e89bf6a5c37d86e6fcc9d6b441f426de6c,4da0815f70d0b5b51688760be05254d0294214dd469be67f7936632c7f91462e
913b9ed85e954cd7a5a1b8684e7f2e44,164,native_gc3,False,42,7.471984386444092,7.053961753845215,0.3232685327529907,0.11900150775909424,0.4018245339393616,12.067809104919434,0.30600133538246155,0.6820602416992188,b9f10cb507cb071535db138c01b43f6902c08831acc67bed65102f3b08d80dd4,95e1057decf67c884975e0b3ce8ba3caef5acf122581b6cf3be3c51bef171258,13f219a0d78d1da9a2db2e4c90bfee62170611bbc88a6b87a62f1c4ced2e1e33,0340047558809127cfbef95fc332f3ae1ce4145167192ddcfc30e1e5778e94dd,432bd030adec40114d443652eaf56108c73fc38fb5fa1898e08cb2fb9e5777d7,78170272aee6647759490f7c095221a3847efdd6d3294a8346dbe0d5e32d827d
913b9ed85e954cd7a5a1b8684e7f2e44,164,native_gfh,False,42,7.437896728515625,6.381043791770935,0.335329532623291,0.13562020659446716,0.40649279952049255,11.21907114982605,0.3361702859401703,0.6751357316970825,b9f10cb507cb071535db138c01b43f6902c08831acc67bed65102f3b08d80dd4,95e1057decf67c884975e0b3ce8ba3caef5acf122581b6cf3be3c51bef171258,13f219a0d78d1da9a2db2e4c90bfee62170611bbc88a6b87a62f1c4ced2e1e33,0340047558809127cfbef95fc332f3ae1ce4145167192ddcfc30e1e5778e94dd,432bd030adec40114d443652eaf56108c73fc38fb5fa1898e08cb2fb9e5777d7,78170272aee6647759490f7c095221a3847efdd6d3294a8346dbe0d5e32d827d
913b9ed85e954cd7a5a1b8684e7f2e44,164,native_gfl,False,42,7.4580206871032715,8.188707828521729,0.31683075428009033,0.11428608000278473,0.41311463713645935,13.20987343788147,0.2978769540786743,0.6819819211959839,b9f10cb507cb071535db138c01b43f6902c08831acc67bed65102f3b08d80dd4,95e1057decf67c884975e0b3ce8ba3caef5acf122581b6cf3be3c51bef171258,13f219a0d78d1da9a2db2e4c90bfee62170611bbc88a6b87a62f1c4ced2e1e33,0340047558809127cfbef95fc332f3ae1ce4145167192ddcfc30e1e5778e94dd,432bd030adec40114d443652eaf56108c73fc38fb5fa1898e08cb2fb9e5777d7,78170272aee6647759490f7c095221a3847efdd6d3294a8346dbe0d5e32d827d
913b9ed85e954cd7a5a1b8684e7f2e44,164,no_adapter,False,42,7.186686038970947,1.9680900871753693,0.41219356656074524,0.12168183922767639,0.3307254910469055,5.778070092201233,0.6966487169265747,0.5571617484092712,b9f10cb507cb071535db138c01b43f6902c08831acc67bed65102f3b08d80dd4,95e1057decf67c884975e0b3ce8ba3caef5acf122581b6cf3be3c51bef171258,13f219a0d78d1da9a2db2e4c90bfee62170611bbc88a6b87a62f1c4ced2e1e33,0340047558809127cfbef95fc332f3ae1ce4145167192ddcfc30e1e5778e94dd,432bd030adec40114d443652eaf56108c73fc38fb5fa1898e08cb2fb9e5777d7,78170272aee6647759490f7c095221a3847efdd6d3294a8346dbe0d5e32d827d
915e3f2aa5314eb69408bd6deabb9488,165,native_gc3,False,42,7.435237169265747,14.225448369979858,0.22057634592056274,0.4009192883968353,0.5457438230514526,20.381946563720703,0.21622177958488464,0.8368896842002869,01914e1e91f7fd8b8a0768b3fbaec6fa3172d34d2289421d267ae60ef9ce9dc8,e95ba11195dcf92627d0f02e4e3eb36ce2709432448aba222cbada73e00734fe,a355dce3459ecee32b4b035896f3cf3657808fb21418343b7ef633774218378c,0340047558809127cfbef95fc332f3ae1ce4145167192ddcfc30e1e5778e94dd,48d447437f880f6edf65ecdb3263f18e947a35ba650baf6be371248faf729502,9ad95f6164c6c4a32905f8de55504a0052d5939e5022e8e11be1daa1fd084f67
915e3f2aa5314eb69408bd6deabb9488,165,native_gfh,False,42,7.405955076217651,15.846811532974243,0.20013317465782166,0.4352894425392151,0.5405367612838745,20.213944911956787,0.2041531205177307,0.8304079174995422,01914e1e91f7fd8b8a0768b3fbaec6fa3172d34d2289421d267ae60ef9ce9dc8,e95ba11195dcf92627d0f02e4e3eb36ce2709432448aba222cbada73e00734fe,a355dce3459ecee32b4b035896f3cf3657808fb21418343b7ef633774218378c,0340047558809127cfbef95fc332f3ae1ce4145167192ddcfc30e1e5778e94dd,48d447437f880f6edf65ecdb3263f18e947a35ba650baf6be371248faf729502,9ad95f6164c6c4a32905f8de55504a0052d5939e5022e8e11be1daa1fd084f67
915e3f2aa5314eb69408bd6deabb9488,165,native_gfl,False,42,7.5073652267456055,12.96482801437378,0.23009368777275085,0.3765551745891571,0.5713520050048828,19.608136415481567,0.21688500046730042,0.8298351168632507,01914e1e91f7fd8b8a0768b3fbaec6fa3172d34d2289421d267ae60ef9ce9dc8,e95ba11195dcf92627d0f02e4e3eb36ce2709432448aba222cbada73e00734fe,a355dce3459ecee32b4b035896f3cf3657808fb21418343b7ef633774218378c,0340047558809127cfbef95fc332f3ae1ce4145167192ddcfc30e1e5778e94dd,48d447437f880f6edf65ecdb3263f18e947a35ba650baf6be371248faf729502,9ad95f6164c6c4a32905f8de55504a0052d5939e5022e8e11be1daa1fd084f67
915e3f2aa5314eb69408bd6deabb9488,165,no_adapter,False,42,7.2272539138793945,7.7085137367248535,0.3045489192008972,0.4173429310321808,0.486490935087204,9.908127188682556,0.686208188533783,0.707396388053894,01914e1e91f7fd8b8a0768b3fbaec6fa3172d34d2289421d267ae60ef9ce9dc8,e95ba11195dcf92627d0f02e4e3eb36ce2709432448aba222cbada73e00734fe,a355dce3459ecee32b4b035896f3cf3657808fb21418343b7ef633774218378c,0340047558809127cfbef95fc332f3ae1ce4145167192ddcfc30e1e5778e94dd,48d447437f880f6edf65ecdb3263f18e947a35ba650baf6be371248faf729502,9ad95f6164c6c4a32905f8de55504a0052d5939e5022e8e11be1daa1fd084f67
94168bf0403d4372ace896c9ff824f58,166,native_gc3,False,42,7.389702796936035,12.902021408081055,0.09566883742809296,0.2889302372932434,0.5181688070297241,19.732319116592407,0.11535857617855072,0.8475996851921082,f4a0f7b5b2f56eb7496543c94412beb513b048a2889b205c8796f50034e3ab3c,4ac7976a0b34b306a20463b1e0345b65eeca776cfdfbccb70e2d28b321bed1d2,2f767af09c4c47f73eec2cc2bedcb46c878d92045dd9b6ba7b9fd7e4bba52c25,0340047558809127cfbef95fc332f3ae1ce4145167192ddcfc30e1e5778e94dd,8b5be0e1162d3bb301333bfe64d1cee932a1dd2eda4b6c9027848daebb1cc164,55d9e39cf52eb957fa0fbd1d4da5d4558a82e6b883ae834da91f23b555262b73
94168bf0403d4372ace896c9ff824f58,166,native_gfh,False,42,7.440231084823608,11.072919368743896,0.09656257182359695,0.29722359776496887,0.5142582058906555,17.86943793296814,0.11468538641929626,0.8456937670707703,f4a0f7b5b2f56eb7496543c94412beb513b048a2889b205c8796f50034e3ab3c,4ac7976a0b34b306a20463b1e0345b65eeca776cfdfbccb70e2d28b321bed1d2,2f767af09c4c47f73eec2cc2bedcb46c878d92045dd9b6ba7b9fd7e4bba52c25,0340047558809127cfbef95fc332f3ae1ce4145167192ddcfc30e1e5778e94dd,8b5be0e1162d3bb301333bfe64d1cee932a1dd2eda4b6c9027848daebb1cc164,55d9e39cf52eb957fa0fbd1d4da5d4558a82e6b883ae834da91f23b555262b73
94168bf0403d4372ace896c9ff824f58,166,native_gfl,False,42,7.462968111038208,14.105740785598755,0.09213370829820633,0.2912254333496094,0.5276364088058472,20.790939331054688,0.13169807195663452,0.844956636428833,f4a0f7b5b2f56eb7496543c94412beb513b048a2889b205c8796f50034e3ab3c,4ac7976a0b34b306a20463b1e0345b65eeca776cfdfbccb70e2d28b321bed1d2,2f767af09c4c47f73eec2cc2bedcb46c878d92045dd9b6ba7b9fd7e4bba52c25,0340047558809127cfbef95fc332f3ae1ce4145167192ddcfc30e1e5778e94dd,8b5be0e1162d3bb301333bfe64d1cee932a1dd2eda4b6c9027848daebb1cc164,55d9e39cf52eb957fa0fbd1d4da5d4558a82e6b883ae834da91f23b555262b73
94168bf0403d4372ace896c9ff824f58,166,no_adapter,False,42,7.170336961746216,4.3268778920173645,0.2120170295238495,0.251772940158844,0.41717809438705444,9.140214323997498,0.6081573963165283,0.7141299247741699,f4a0f7b5b2f56eb7496543c94412beb513b048a2889b205c8796f50034e3ab3c,4ac7976a0b34b306a20463b1e0345b65eeca776cfdfbccb70e2d28b321bed1d2,2f767af09c4c47f73eec2cc2bedcb46c878d92045dd9b6ba7b9fd7e4bba52c25,0340047558809127cfbef95fc332f3ae1ce4145167192ddcfc30e1e5778e94dd,8b5be0e1162d3bb301333bfe64d1cee932a1dd2eda4b6c9027848daebb1cc164,55d9e39cf52eb957fa0fbd1d4da5d4558a82e6b883ae834da91f23b555262b73
95eb2d9e35974fa3ba98968e5bdb62b6,167,native_gc3,False,42,7.58235502243042,14.17455792427063,0.21382956206798553,0.6566347479820251,0.6280390620231628,20.44191598892212,0.21243245899677277,0.8808905482292175,48068fb6bc10dd7d1157a3e6a16153136df1a167071dc95b022e4a653a709678,8c13bfe026013d4305ae010531059a2c641d74d40c0fbb992682ca9a5367a9e6,ee4b0a1f33fbb45dada6055744b5a959454cd610041292cca9bda9f19251574f,0340047558809127cfbef95fc332f3ae1ce4145167192ddcfc30e1e5778e94dd,6c80c36a44ba8b636750d991890cc2fe78b5cdcfba872374a4f058b1ee627218,3cfec4b3694d6f815b1da6ce3a1b50a492dfe5e55115028e011d7513f1aad376
95eb2d9e35974fa3ba98968e5bdb62b6,167,native_gfh,False,42,7.461752414703369,15.633406639099121,0.2014583945274353,0.7243194580078125,0.6585958003997803,20.075573921203613,0.20533111691474915,0.8810533881187439,48068fb6bc10dd7d1157a3e6a16153136df1a167071dc95b022e4a653a709678,8c13bfe026013d4305ae010531059a2c641d74d40c0fbb992682ca9a5367a9e6,ee4b0a1f33fbb45dada6055744b5a959454cd610041292cca9bda9f19251574f,0340047558809127cfbef95fc332f3ae1ce4145167192ddcfc30e1e5778e94dd,6c80c36a44ba8b636750d991890cc2fe78b5cdcfba872374a4f058b1ee627218,3cfec4b3694d6f815b1da6ce3a1b50a492dfe5e55115028e011d7513f1aad376
95eb2d9e35974fa3ba98968e5bdb62b6,167,native_gfl,False,42,7.4523024559021,11.780049800872803,0.22932755947113037,0.6180082559585571,0.6140875816345215,18.377712965011597,0.22732548415660858,0.8710678219795227,48068fb6bc10dd7d1157a3e6a16153136df1a167071dc95b022e4a653a709678,8c13bfe026013d4305ae010531059a2c641d74d40c0fbb992682ca9a5367a9e6,ee4b0a1f33fbb45dada6055744b5a959454cd610041292cca9bda9f19251574f,0340047558809127cfbef95fc332f3ae1ce4145167192ddcfc30e1e5778e94dd,6c80c36a44ba8b636750d991890cc2fe78b5cdcfba872374a4f058b1ee627218,3cfec4b3694d6f815b1da6ce3a1b50a492dfe5e55115028e011d7513f1aad376
95eb2d9e35974fa3ba98968e5bdb62b6,167,no_adapter,False,42,7.19265079498291,10.608699321746826,0.24187543988227844,0.6720247268676758,0.5469239950180054,11.234307289123535,0.6412318348884583,0.7569601535797119,48068fb6bc10dd7d1157a3e6a16153136df1a167071dc95b022e4a653a709678,8c13bfe026013d4305ae010531059a2c641d74d40c0fbb992682ca9a5367a9e6,ee4b0a1f33fbb45dada6055744b5a959454cd610041292cca9bda9f19251574f,0340047558809127cfbef95fc332f3ae1ce4145167192ddcfc30e1e5778e94dd,6c80c36a44ba8b636750d991890cc2fe78b5cdcfba872374a4f058b1ee627218,3cfec4b3694d6f815b1da6ce3a1b50a492dfe5e55115028e011d7513f1aad376
960dfd5b848248c58c7992fee9a08d25,168,native_gc3,False,42,7.396039724349976,7.772630453109741,0.12878558039665222,0.2909795641899109,0.5058799982070923,18.466113805770874,0.1489637941122055,0.8869788646697998,36d9b4f74c6aa811abddce345d56bcdd14f38ab0004eea18972648803091f151,6009db1dd9adee7da0a908c154c1a7ff61772e7bab9e54fafb33d13a9f38c66e,ae19b9073a91db14c15bc59801419e0f84ac7522b9ed12a0fb3e5d8f7246cb4a,0340047558809127cfbef95fc332f3ae1ce4145167192ddcfc30e1e5778e94dd,4c600656e82a2336d800d36d35ab7c767e6346b2f93e50f431c9062bbd91ec0b,82efc9e1703b42b7206913ad60e93c3160e045e2d6f8027cf9c6f45cdd5a1acf
960dfd5b848248c58c7992fee9a08d25,168,native_gfh,False,42,7.500593423843384,9.892486333847046,0.10877320915460587,0.3436252772808075,0.5370861291885376,18.219016790390015,0.14358752965927124,0.8760266900062561,36d9b4f74c6aa811abddce345d56bcdd14f38ab0004eea18972648803091f151,6009db1dd9adee7da0a908c154c1a7ff61772e7bab9e54fafb33d13a9f38c66e,ae19b9073a91db14c15bc59801419e0f84ac7522b9ed12a0fb3e5d8f7246cb4a,0340047558809127cfbef95fc332f3ae1ce4145167192ddcfc30e1e5778e94dd,4c600656e82a2336d800d36d35ab7c767e6346b2f93e50f431c9062bbd91ec0b,82efc9e1703b42b7206913ad60e93c3160e045e2d6f8027cf9c6f45cdd5a1acf
960dfd5b848248c58c7992fee9a08d25,168,native_gfl,False,42,7.508965253829956,6.7294394969940186,0.1339379847049713,0.26590126752853394,0.4897594749927521,17.774969339370728,0.15055762231349945,0.8811020255088806,36d9b4f74c6aa811abddce345d56bcdd14f38ab0004eea18972648803091f151,6009db1dd9adee7da0a908c154c1a7ff61772e7bab9e54fafb33d13a9f38c66e,ae19b9073a91db14c15bc59801419e0f84ac7522b9ed12a0fb3e5d8f7246cb4a,0340047558809127cfbef95fc332f3ae1ce4145167192ddcfc30e1e5778e94dd,4c600656e82a2336d800d36d35ab7c767e6346b2f93e50f431c9062bbd91ec0b,82efc9e1703b42b7206913ad60e93c3160e045e2d6f8027cf9c6f45cdd5a1acf
960dfd5b848248c58c7992fee9a08d25,168,no_adapter,False,42,7.162562847137451,10.378581285476685,0.11293375492095947,0.46991679072380066,0.5170789361000061,11.379269361495972,0.6057652235031128,0.7736691236495972,36d9b4f74c6aa811abddce345d56bcdd14f38ab0004eea18972648803091f151,6009db1dd9adee7da0a908c154c1a7ff61772e7bab9e54fafb33d13a9f38c66e,ae19b9073a91db14c15bc59801419e0f84ac7522b9ed12a0fb3e5d8f7246cb4a,0340047558809127cfbef95fc332f3ae1ce4145167192ddcfc30e1e5778e94dd,4c600656e82a2336d800d36d35ab7c767e6346b2f93e50f431c9062bbd91ec0b,82efc9e1703b42b7206913ad60e93c3160e045e2d6f8027cf9c6f45cdd5a1acf
96b49ba5c9724e2dbfc87411cf6d1ceb,169,native_gc3,False,42,7.429532527923584,12.456167936325073,0.17582054436206818,0.409698486328125,0.4621550440788269,18.50529670715332,0.20751190185546875,0.8182085752487183,c186f8b2c28063e0645c21bd5a89a1546ac7648d348ad55b8b8de86ca3c190ce,37ede4e449e390efee2835477724898716424d9816074fc70f4cfd0ac4651c52,aedee7bfc7fd496c74059ad10904858eaae136cabb28e19810e431056d6bf5c2,0340047558809127cfbef95fc332f3ae1ce4145167192ddcfc30e1e5778e94dd,7642edbe057799b94b6aea16b5fa677c66e0b5c9ff90d26b538978ba7ba90a1b,7c28bf16932f61227239ecc3c691e13ce3c5b78ad5b9a2aba38180e89b40a314
96b49ba5c9724e2dbfc87411cf6d1ceb,169,native_gfh,False,42,7.568804740905762,12.042098045349121,0.1751169115304947,0.49206453561782837,0.49829208850860596,17.67245054244995,0.2045155018568039,0.8162250518798828,c186f8b2c28063e0645c21bd5a89a1546ac7648d348ad55b8b8de86ca3c190ce,37ede4e449e390efee2835477724898716424d9816074fc70f4cfd0ac4651c52,aedee7bfc7fd496c74059ad10904858eaae136cabb28e19810e431056d6bf5c2,0340047558809127cfbef95fc332f3ae1ce4145167192ddcfc30e1e5778e94dd,7642edbe057799b94b6aea16b5fa677c66e0b5c9ff90d26b538978ba7ba90a1b,7c28bf16932f61227239ecc3c691e13ce3c5b78ad5b9a2aba38180e89b40a314
96b49ba5c9724e2dbfc87411cf6d1ceb,169,native_gfl,False,42,7.445674896240234,12.582902908325195,0.17458274960517883,0.3602026700973511,0.4413386881351471,18.55392575263977,0.2063409686088562,0.814017653465271,c186f8b2c28063e0645c21bd5a89a1546ac7648d348ad55b8b8de86ca3c190ce,37ede4e449e390efee2835477724898716424d9816074fc70f4cfd0ac4651c52,aedee7bfc7fd496c74059ad10904858eaae136cabb28e19810e431056d6bf5c2,0340047558809127cfbef95fc332f3ae1ce4145167192ddcfc30e1e5778e94dd,7642edbe057799b94b6aea16b5fa677c66e0b5c9ff90d26b538978ba7ba90a1b,7c28bf16932f61227239ecc3c691e13ce3c5b78ad5b9a2aba38180e89b40a314
96b49ba5c9724e2dbfc87411cf6d1ceb,169,no_adapter,False,42,7.161696195602417,5.395999550819397,0.26601606607437134,0.5370092988014221,0.4562698304653168,10.029242038726807,0.6175498366355896,0.727301836013794,c186f8b2c28063e0645c21bd5a89a1546ac7648d348ad55b8b8de86ca3c190ce,37ede4e449e390efee2835477724898716424d9816074fc70f4cfd0ac4651c52,aedee7bfc7fd496c74059ad10904858eaae136cabb28e19810e431056d6bf5c2,0340047558809127cfbef95fc332f3ae1ce4145167192ddcfc30e1e5778e94dd,7642edbe057799b94b6aea16b5fa677c66e0b5c9ff90d26b538978ba7ba90a1b,7c28bf16932f61227239ecc3c691e13ce3c5b78ad5b9a2aba38180e89b40a314
96f82043229b475fbb40410103a26d20,170,native_gc3,False,42,7.362128257751465,12.468165159225464,0.28193262219429016,0.22354689240455627,0.3114668130874634,17.238566875457764,0.33993563055992126,0.7285597920417786,4648d8db9f16415325579ec809b5e0734f9c5a0dd2d68fbbb1e5aed2d142db5f,ec614d670b7241619cd1712cfe913531eb8853cc168c6e187c30bf9c82847a12,31e5ad593b75549555bd1eeb9b01e83688923ad67533808c31ed12aab1aca4c0,0340047558809127cfbef95fc332f3ae1ce4145167192ddcfc30e1e5778e94dd,a07860073b12247cf39b5efeef584b65adc37459f5bf23ed358efaa43d740fdb,6daa265107c2f66826539e05d7cc0b4115102d656eb4d5d15b3115359a5718bf
96f82043229b475fbb40410103a26d20,170,native_gfh,False,42,7.601007699966431,13.26329231262207,0.25405412912368774,0.25587961077690125,0.3321802616119385,17.393736839294434,0.3471950888633728,0.7294707298278809,4648d8db9f16415325579ec809b5e0734f9c5a0dd2d68fbbb1e5aed2d142db5f,ec614d670b7241619cd1712cfe913531eb8853cc168c6e187c30bf9c82847a12,31e5ad593b75549555bd1eeb9b01e83688923ad67533808c31ed12aab1aca4c0,0340047558809127cfbef95fc332f3ae1ce4145167192ddcfc30e1e5778e94dd,a07860073b12247cf39b5efeef584b65adc37459f5bf23ed358efaa43d740fdb,6daa265107c2f66826539e05d7cc0b4115102d656eb4d5d15b3115359a5718bf
96f82043229b475fbb40410103a26d20,170,native_gfl,False,42,7.418293237686157,12.182308435440063,0.29145947098731995,0.198430135846138,0.29319292306900024,16.675924062728882,0.3406013548374176,0.7212265729904175,4648d8db9f16415325579ec809b5e0734f9c5a0dd2d68fbbb1e5aed2d142db5f,ec614d670b7241619cd1712cfe913531eb8853cc168c6e187c30bf9c82847a12,31e5ad593b75549555bd1eeb9b01e83688923ad67533808c31ed12aab1aca4c0,0340047558809127cfbef95fc332f3ae1ce4145167192ddcfc30e1e5778e94dd,a07860073b12247cf39b5efeef584b65adc37459f5bf23ed358efaa43d740fdb,6daa265107c2f66826539e05d7cc0b4115102d656eb4d5d15b3115359a5718bf
96f82043229b475fbb40410103a26d20,170,no_adapter,False,42,7.159892559051514,7.816058397293091,0.2886897623538971,0.2654460072517395,0.320011168718338,9.586706161499023,0.6992313861846924,0.6013410687446594,4648d8db9f16415325579ec809b5e0734f9c5a0dd2d68fbbb1e5aed2d142db5f,ec614d670b7241619cd1712cfe913531eb8853cc168c6e187c30bf9c82847a12,31e5ad593b75549555bd1eeb9b01e83688923ad67533808c31ed12aab1aca4c0,0340047558809127cfbef95fc332f3ae1ce4145167192ddcfc30e1e5778e94dd,a07860073b12247cf39b5efeef584b65adc37459f5bf23ed358efaa43d740fdb,6daa265107c2f66826539e05d7cc0b4115102d656eb4d5d15b3115359a5718bf
971afd5dfe5144c79be00b3a5106f6ea,171,native_gc3,False,42,7.288965463638306,13.257967233657837,0.2896955609321594,0.3060618042945862,0.32045871019363403,18.456062078475952,0.31083226203918457,0.7796556949615479,0f1e7072ae99eb88828c36e8603c6ad0e0bdef56e3946715058af3036def0028,e5f9e1b0e889d6a64783dd5ffc99d50d07b5683bf1387862d826e026a644ade9,bfbdfd93b25f85494595f21a3a5f541733887247c18d2779032ad93b50c827d1,0340047558809127cfbef95fc332f3ae1ce4145167192ddcfc30e1e5778e94dd,3516c3cc98db121c5e50190e2bf163be465d1d43da34807f1f4e818be16a09fc,75777234ea461562e259f82ea468396e436ecf3a2f0b9a07442f91bac3dc542d
971afd5dfe5144c79be00b3a5106f6ea,171,native_gfh,False,42,7.485522508621216,14.313102960586548,0.26290789246559143,0.35266247391700745,0.33751046657562256,18.548563718795776,0.311322957277298,0.7816504240036011,0f1e7072ae99eb88828c36e8603c6ad0e0bdef56e3946715058af3036def0028,e5f9e1b0e889d6a64783dd5ffc99d50d07b5683bf1387862d826e026a644ade9,bfbdfd93b25f85494595f21a3a5f541733887247c18d2779032ad93b50c827d1,0340047558809127cfbef95fc332f3ae1ce4145167192ddcfc30e1e5778e94dd,3516c3cc98db121c5e50190e2bf163be465d1d43da34807f1f4e818be16a09fc,75777234ea461562e259f82ea468396e436ecf3a2f0b9a07442f91bac3dc542d
971afd5dfe5144c79be00b3a5106f6ea,171,native_gfl,False,42,7.406146287918091,12.519479990005493,0.30433112382888794,0.265687495470047,0.3128761351108551,17.679479122161865,0.31692948937416077,0.7672942280769348,0f1e7072ae99eb88828c36e8603c6ad0e0bdef56e3946715058af3036def0028,e5f9e1b0e889d6a64783dd5ffc99d50d07b5683bf1387862d826e026a644ade9,bfbdfd93b25f85494595f21a3a5f541733887247c18d2779032ad93b50c827d1,0340047558809127cfbef95fc332f3ae1ce4145167192ddcfc30e1e5778e94dd,3516c3cc98db121c5e50190e2bf163be465d1d43da34807f1f4e818be16a09fc,75777234ea461562e259f82ea468396e436ecf3a2f0b9a07442f91bac3dc542d
971afd5dfe5144c79be00b3a5106f6ea,171,no_adapter,False,42,7.192443370819092,7.877375483512878,0.2725658118724823,0.3840612769126892,0.31999990344047546,10.940349102020264,0.664808988571167,0.6924048662185669,0f1e7072ae99eb88828c36e8603c6ad0e0bdef56e3946715058af3036def0028,e5f9e1b0e889d6a64783dd5ffc99d50d07b5683bf1387862d826e026a644ade9,bfbdfd93b25f85494595f21a3a5f541733887247c18d2779032ad93b50c827d1,0340047558809127cfbef95fc332f3ae1ce4145167192ddcfc30e1e5778e94dd,3516c3cc98db121c5e50190e2bf163be465d1d43da34807f1f4e818be16a09fc,75777234ea461562e259f82ea468396e436ecf3a2f0b9a07442f91bac3dc542d
975052a01bbe44bebeaef7b4775c227b,172,native_gc3,False,42,7.385487079620361,13.215721845626831,0.30641186237335205,0.621121346950531,0.5939034223556519,18.58800172805786,0.31603124737739563,0.8447389006614685,98ffe0e370b6f2a9d58810404f7afe735e708a59a4d72c50f04d4cf18f9111a7,54a2724ef14019856f60e59eb2e8af97461059e5c073b529ef6a4a7ab5a1f2cb,0329ab96605b9ec73eefbaccb1605663c0bd51c57a58e0f48034b183be90bdf3,0340047558809127cfbef95fc332f3ae1ce4145167192ddcfc30e1e5778e94dd,aab735c461928c28f85d5cf5fc0f754bbc2f85572b15dfa65b2f0ab910f2f14c,1b99cfba2d2cc48e14a155ca1278628e8ae9d77e97c3db6f38928e49f011ca37
975052a01bbe44bebeaef7b4775c227b,172,native_gfh,False,42,7.53297233581543,14.346152544021606,0.28204992413520813,0.6845195889472961,0.6234617829322815,18.864617347717285,0.31126442551612854,0.8512337803840637,98ffe0e370b6f2a9d58810404f7afe735e708a59a4d72c50f04d4cf18f9111a7,54a2724ef14019856f60e59eb2e8af97461059e5c073b529ef6a4a7ab5a1f2cb,0329ab96605b9ec73eefbaccb1605663c0bd51c57a58e0f48034b183be90bdf3,0340047558809127cfbef95fc332f3ae1ce4145167192ddcfc30e1e5778e94dd,aab735c461928c28f85d5cf5fc0f754bbc2f85572b15dfa65b2f0ab910f2f14c,1b99cfba2d2cc48e14a155ca1278628e8ae9d77e97c3db6f38928e49f011ca37
975052a01bbe44bebeaef7b4775c227b,172,native_gfl,False,42,7.435453414916992,11.242403984069824,0.3345925509929657,0.5502985715866089,0.5851537585258484,16.720579862594604,0.33611860871315,0.8365627527236938,98ffe0e370b6f2a9d58810404f7afe735e708a59a4d72c50f04d4cf18f9111a7,54a2724ef14019856f60e59eb2e8af97461059e5c073b529ef6a4a7ab5a1f2cb,0329ab96605b9ec73eefbaccb1605663c0bd51c57a58e0f48034b183be90bdf3,0340047558809127cfbef95fc332f3ae1ce4145167192ddcfc30e1e5778e94dd,aab735c461928c28f85d5cf5fc0f754bbc2f85572b15dfa65b2f0ab910f2f14c,1b99cfba2d2cc48e14a155ca1278628e8ae9d77e97c3db6f38928e49f011ca37
975052a01bbe44bebeaef7b4775c227b,172,no_adapter,False,42,7.230321645736694,10.67828893661499,0.28644028306007385,0.7294138073921204,0.5422156453132629,11.424325704574585,0.6599918603897095,0.7784476280212402,98ffe0e370b6f2a9d58810404f7afe735e708a59a4d72c50f04d4cf18f9111a7,54a2724ef14019856f60e59eb2e8af97461059e5c073b529ef6a4a7ab5a1f2cb,0329ab96605b9ec73eefbaccb1605663c0bd51c57a58e0f48034b183be90bdf3,0340047558809127cfbef95fc332f3ae1ce4145167192ddcfc30e1e5778e94dd,aab735c461928c28f85d5cf5fc0f754bbc2f85572b15dfa65b2f0ab910f2f14c,1b99cfba2d2cc48e14a155ca1278628e8ae9d77e97c3db6f38928e49f011ca37
978ad158811e4165836457da8051ad9f,173,native_gc3,False,42,7.466424942016602,13.19933295249939,0.19000829756259918,0.42059680819511414,0.48844999074935913,20.415496826171875,0.195532888174057,0.8699361085891724,824c6c8887b7e5d8c2855a599679728a0d61184fc0e556401994f01c04d1f875,00e0bf9d88a4177ed4ee9792928b230d9acabffe00f3a5565f1ee466ac8c1678,cd8332aa986f34e9566569acb2ad9d42265bb39fe64fd2d072fc22d503ee0e3c,0340047558809127cfbef95fc332f3ae1ce4145167192ddcfc30e1e5778e94dd,634cfcd3fb802b5d895d8ee343ef65620f9a0037c2f3c35b33907fef2808df61,8ee6b9a9c41e7eefdc46ecce80089f4f604baaae50e64d90650d74a8e2aebbbe
978ad158811e4165836457da8051ad9f,173,native_gfh,False,42,7.428481340408325,15.764917135238647,0.16971299052238464,0.5433467626571655,0.5373319387435913,19.771506786346436,0.18850156664848328,0.8698636293411255,824c6c8887b7e5d8c2855a599679728a0d61184fc0e556401994f01c04d1f875,00e0bf9d88a4177ed4ee9792928b230d9acabffe00f3a5565f1ee466ac8c1678,cd8332aa986f34e9566569acb2ad9d42265bb39fe64fd2d072fc22d503ee0e3c,0340047558809127cfbef95fc332f3ae1ce4145167192ddcfc30e1e5778e94dd,634cfcd3fb802b5d895d8ee343ef65620f9a0037c2f3c35b33907fef2808df61,8ee6b9a9c41e7eefdc46ecce80089f4f604baaae50e64d90650d74a8e2aebbbe
978ad158811e4165836457da8051ad9f,173,native_gfl,False,42,7.391332626342773,12.219574451446533,0.19736212491989136,0.4010354280471802,0.4813747704029083,19.8629891872406,0.19737090170383453,0.8647782206535339,824c6c8887b7e5d8c2855a599679728a0d61184fc0e556401994f01c04d1f875,00e0bf9d88a4177ed4ee9792928b230d9acabffe00f3a5565f1ee466ac8c1678,cd8332aa986f34e9566569acb2ad9d42265bb39fe64fd2d072fc22d503ee0e3c,0340047558809127cfbef95fc332f3ae1ce4145167192ddcfc30e1e5778e94dd,634cfcd3fb802b5d895d8ee343ef65620f9a0037c2f3c35b33907fef2808df61,8ee6b9a9c41e7eefdc46ecce80089f4f604baaae50e64d90650d74a8e2aebbbe
978ad158811e4165836457da8051ad9f,173,no_adapter,False,42,7.123863220214844,7.325276732444763,0.2088274359703064,0.5601417422294617,0.47125479578971863,10.70515751838684,0.6139714121818542,0.7667437195777893,824c6c8887b7e5d8c2855a599679728a0d61184fc0e556401994f01c04d1f875,00e0bf9d88a4177ed4ee9792928b230d9acabffe00f3a5565f1ee466ac8c1678,cd8332aa986f34e9566569acb2ad9d42265bb39fe64fd2d072fc22d503ee0e3c,0340047558809127cfbef95fc332f3ae1ce4145167192ddcfc30e1e5778e94dd,634cfcd3fb802b5d895d8ee343ef65620f9a0037c2f3c35b33907fef2808df61,8ee6b9a9c41e7eefdc46ecce80089f4f604baaae50e64d90650d74a8e2aebbbe
99e9b986c86b49e69a7b366971f067c9,174,native_gc3,False,42,7.418597459793091,13.232570886611938,0.23083628714084625,0.3445539176464081,0.365993857383728,17.88862943649292,0.3104317784309387,0.789052426815033,69ea1a6d837a94655b21ac45ee3ac86e2cf8d709905321748d7bf41949476e40,15b7f12b867cebb43f051eaffe777d023929ab22cf01fbd2909ea5cc64871c4a,4829456022db7c890d891269a674c0fad3a1b48f6a431a5aceb05d435f7b11cc,0340047558809127cfbef95fc332f3ae1ce4145167192ddcfc30e1e5778e94dd,6230a7220a5ef99e378eb73598b692637b4d598f40c01394bc127f919227264b,068851ff720f4661a8e3537d887211fe079707e5c5fc09d19806200b2d52c100
99e9b986c86b49e69a7b366971f067c9,174,native_gfh,False,42,7.421770811080933,14.350799322128296,0.22072720527648926,0.3857329189777374,0.38265740871429443,17.132854461669922,0.32116472721099854,0.7800054550170898,69ea1a6d837a94655b21ac45ee3ac86e2cf8d709905321748d7bf41949476e40,15b7f12b867cebb43f051eaffe777d023929ab22cf01fbd2909ea5cc64871c4a,4829456022db7c890d891269a674c0fad3a1b48f6a431a5aceb05d435f7b11cc,0340047558809127cfbef95fc332f3ae1ce4145167192ddcfc30e1e5778e94dd,6230a7220a5ef99e378eb73598b692637b4d598f40c01394bc127f919227264b,068851ff720f4661a8e3537d887211fe079707e5c5fc09d19806200b2d52c100
99e9b986c86b49e69a7b366971f067c9,174,native_gfl,False,42,7.372681617736816,13.356871604919434,0.23498159646987915,0.33952122926712036,0.3625989258289337,17.915109395980835,0.304261714220047,0.7821532487869263,69ea1a6d837a94655b21ac45ee3ac86e2cf8d709905321748d7bf41949476e40,15b7f12b867cebb43f051eaffe777d023929ab22cf01fbd2909ea5cc64871c4a,4829456022db7c890d891269a674c0fad3a1b48f6a431a5aceb05d435f7b11cc,0340047558809127cfbef95fc332f3ae1ce4145167192ddcfc30e1e5778e94dd,6230a7220a5ef99e378eb73598b692637b4d598f40c01394bc127f919227264b,068851ff720f4661a8e3537d887211fe079707e5c5fc09d19806200b2d52c100
99e9b986c86b49e69a7b366971f067c9,174,no_adapter,False,42,7.150425672531128,7.519016265869141,0.2716304659843445,0.3808848261833191,0.34390830993652344,8.60554814338684,0.7304192781448364,0.592262327671051,69ea1a6d837a94655b21ac45ee3ac86e2cf8d709905321748d7bf41949476e40,15b7f12b867cebb43f051eaffe777d023929ab22cf01fbd2909ea5cc64871c4a,4829456022db7c890d891269a674c0fad3a1b48f6a431a5aceb05d435f7b11cc,0340047558809127cfbef95fc332f3ae1ce4145167192ddcfc30e1e5778e94dd,6230a7220a5ef99e378eb73598b692637b4d598f40c01394bc127f919227264b,068851ff720f4661a8e3537d887211fe079707e5c5fc09d19806200b2d52c100
9a6680882bae4e84b0d190c4931edd30,175,native_gc3,False,42,7.402263164520264,9.642120599746704,0.17531827092170715,0.3124692440032959,0.3714185059070587,17.741003036499023,0.22267243266105652,0.8420736789703369,eccc94b7da0d5b196d652e7c64b121ba5c64de2b3581118bd0c4dcb43ece0200,4b27c027a3d403083e3ec637c87fb8ad7974a507f70edc1b215df3a1c834ee15,01cde1b9477f6c64808b5624fa82ba3cb5f2bdc5ccc4e27cd8c7a9309d2af516,0340047558809127cfbef95fc332f3ae1ce4145167192ddcfc30e1e5778e94dd,97b30fed8649ce371eaec7fc8fde2a2679cf4c67dceee78c082a517d19c547b8,ae40194dcfac9fdce08712a74a59caee0ba72980b2729ba3336bd460c85b8ade
9a6680882bae4e84b0d190c4931edd30,175,native_gfh,False,42,7.455930233001709,10.106922388076782,0.16023017466068268,0.3504083752632141,0.38812732696533203,17.633694410324097,0.23065999150276184,0.8421343564987183,eccc94b7da0d5b196d652e7c64b121ba5c64de2b3581118bd0c4dcb43ece0200,4b27c027a3d403083e3ec637c87fb8ad7974a507f70edc1b215df3a1c834ee15,01cde1b9477f6c64808b5624fa82ba3cb5f2bdc5ccc4e27cd8c7a9309d2af516,0340047558809127cfbef95fc332f3ae1ce4145167192ddcfc30e1e5778e94dd,97b30fed8649ce371eaec7fc8fde2a2679cf4c67dceee78c082a517d19c547b8,ae40194dcfac9fdce08712a74a59caee0ba72980b2729ba3336bd460c85b8ade
9a6680882bae4e84b0d190c4931edd30,175,native_gfl,False,42,7.399267673492432,9.946720600128174,0.17988258600234985,0.3009268343448639,0.36629998683929443,17.829259634017944,0.22652313113212585,0.8373892307281494,eccc94b7da0d5b196d652e7c64b121ba5c64de2b3581118bd0c4dcb43ece0200,4b27c027a3d403083e3ec637c87fb8ad7974a507f70edc1b215df3a1c834ee15,01cde1b9477f6c64808b5624fa82ba3cb5f2bdc5ccc4e27cd8c7a9309d2af516,0340047558809127cfbef95fc332f3ae1ce4145167192ddcfc30e1e5778e94dd,97b30fed8649ce371eaec7fc8fde2a2679cf4c67dceee78c082a517d19c547b8,ae40194dcfac9fdce08712a74a59caee0ba72980b2729ba3336bd460c85b8ade
9a6680882bae4e84b0d190c4931edd30,175,no_adapter,False,42,7.147384881973267,4.892509877681732,0.19423700869083405,0.28593266010284424,0.33344021439552307,10.083835124969482,0.6614879965782166,0.7012661099433899,eccc94b7da0d5b196d652e7c64b121ba5c64de2b3581118bd0c4dcb43ece0200,4b27c027a3d403083e3ec637c87fb8ad7974a507f70edc1b215df3a1c834ee15,01cde1b9477f6c64808b5624fa82ba3cb5f2bdc5ccc4e27cd8c7a9309d2af516,0340047558809127cfbef95fc332f3ae1ce4145167192ddcfc30e1e5778e94dd,97b30fed8649ce371eaec7fc8fde2a2679cf4c67dceee78c082a517d19c547b8,ae40194dcfac9fdce08712a74a59caee0ba72980b2729ba3336bd460c85b8ade
9bcb0d02bcf940da9de1d1738dba7fd4,176,native_gc3,False,42,7.388545036315918,12.304697036743164,0.1662556678056717,0.34288734197616577,0.39732563495635986,18.956124782562256,0.18972744047641754,0.859549880027771,1aaf0883ac2688ffae3d0c8f9046b63d0b75d22456700b990030e58efa00b6da,714a63c84236ec9085d6e73d9809b5ccc238514088efa0e978dde1aa27d0eabe,6ee8756aef1e5030609823f619861a9553086702fec8dd3d7745914a8f35f642,0340047558809127cfbef95fc332f3ae1ce4145167192ddcfc30e1e5778e94dd,b452df293767504d4b4beef2e0d0fded94423e23486f2d7949376d5fa02cdabe,1c7b808198d43ab97654bb68ff0f084f3a24a0eed837c1923149f2d6c1a42230
9bcb0d02bcf940da9de1d1738dba7fd4,176,native_gfh,False,42,7.3772804737091064,15.068047046661377,0.1486993432044983,0.3868769705295563,0.4192618429660797,19.100364446640015,0.1857534945011139,0.8555991053581238,1aaf0883ac2688ffae3d0c8f9046b63d0b75d22456700b990030e58efa00b6da,714a63c84236ec9085d6e73d9809b5ccc238514088efa0e978dde1aa27d0eabe,6ee8756aef1e5030609823f619861a9553086702fec8dd3d7745914a8f35f642,0340047558809127cfbef95fc332f3ae1ce4145167192ddcfc30e1e5778e94dd,b452df293767504d4b4beef2e0d0fded94423e23486f2d7949376d5fa02cdabe,1c7b808198d43ab97654bb68ff0f084f3a24a0eed837c1923149f2d6c1a42230
9bcb0d02bcf940da9de1d1738dba7fd4,176,native_gfl,False,42,7.418464183807373,11.62757396697998,0.17041149735450745,0.31992968916893005,0.39056453108787537,18.577744960784912,0.19420194625854492,0.8540946245193481,1aaf0883ac2688ffae3d0c8f9046b63d0b75d22456700b990030e58efa00b6da,714a63c84236ec9085d6e73d9809b5ccc238514088efa0e978dde1aa27d0eabe,6ee8756aef1e5030609823f619861a9553086702fec8dd3d7745914a8f35f642,0340047558809127cfbef95fc332f3ae1ce4145167192ddcfc30e1e5778e94dd,b452df293767504d4b4beef2e0d0fded94423e23486f2d7949376d5fa02cdabe,1c7b808198d43ab97654bb68ff0f084f3a24a0eed837c1923149f2d6c1a42230
9bcb0d02bcf940da9de1d1738dba7fd4,176,no_adapter,False,42,7.144268035888672,7.713048458099365,0.17521946132183075,0.37625524401664734,0.37747353315353394,10.71727991104126,0.6439059972763062,0.7209420800209045,1aaf0883ac2688ffae3d0c8f9046b63d0b75d22456700b990030e58efa00b6da,714a63c84236ec9085d6e73d9809b5ccc238514088efa0e978dde1aa27d0eabe,6ee8756aef1e5030609823f619861a9553086702fec8dd3d7745914a8f35f642,0340047558809127cfbef95fc332f3ae1ce4145167192ddcfc30e1e5778e94dd,b452df293767504d4b4beef2e0d0fded94423e23486f2d7949376d5fa02cdabe,1c7b808198d43ab97654bb68ff0f084f3a24a0eed837c1923149f2d6c1a42230
9cc360944c3f42e3b5c3d4d2bba43280,177,native_gc3,False,42,7.516799449920654,9.932032227516174,0.16105115413665771,0.1879546195268631,0.4050345718860626,16.405963897705078,0.17540346086025238,0.8016105890274048,f44f9af26f26d83dbfaea1f96102eb09937618a5ac1ba3ab65d7e10394ac59b4,7d122f97eb1d017ad3cefbc763928e306acb3299b23fd864547b04cc7f153c2a,837ce4745a984718a404d5e1ccfb9c24cda31f7d069a4241f867e077617a48e8,0340047558809127cfbef95fc332f3ae1ce4145167192ddcfc30e1e5778e94dd,8b0b4981512fd65a9ab3d0a1a72149b71a7d7ab8eb82a18192a560f4dfebb969,4dc90a5950c4f77375544e18a8bcefe19da7120abc7e6a44c4d0a197e41e8225
9cc360944c3f42e3b5c3d4d2bba43280,177,native_gfh,False,42,7.432866811752319,8.484342694282532,0.16538086533546448,0.19349157810211182,0.4103548228740692,15.041548013687134,0.17361612617969513,0.7899125218391418,f44f9af26f26d83dbfaea1f96102eb09937618a5ac1ba3ab65d7e10394ac59b4,7d122f97eb1d017ad3cefbc763928e306acb3299b23fd864547b04cc7f153c2a,837ce4745a984718a404d5e1ccfb9c24cda31f7d069a4241f867e077617a48e8,0340047558809127cfbef95fc332f3ae1ce4145167192ddcfc30e1e5778e94dd,8b0b4981512fd65a9ab3d0a1a72149b71a7d7ab8eb82a18192a560f4dfebb969,4dc90a5950c4f77375544e18a8bcefe19da7120abc7e6a44c4d0a197e41e8225
9cc360944c3f42e3b5c3d4d2bba43280,177,native_gfl,False,42,7.535741329193115,11.073743104934692,0.1597694307565689,0.19230704009532928,0.4078141748905182,17.32887625694275,0.17816832661628723,0.8014129400253296,f44f9af26f26d83dbfaea1f96102eb09937618a5ac1ba3ab65d7e10394ac59b4,7d122f97eb1d017ad3cefbc763928e306acb3299b23fd864547b04cc7f153c2a,837ce4745a984718a404d5e1ccfb9c24cda31f7d069a4241f867e077617a48e8,0340047558809127cfbef95fc332f3ae1ce4145167192ddcfc30e1e5778e94dd,8b0b4981512fd65a9ab3d0a1a72149b71a7d7ab8eb82a18192a560f4dfebb969,4dc90a5950c4f77375544e18a8bcefe19da7120abc7e6a44c4d0a197e41e8225
9cc360944c3f42e3b5c3d4d2bba43280,177,no_adapter,False,42,7.157045602798462,2.973417341709137,0.24307958781719208,0.16322976350784302,0.3465235233306885,7.452046275138855,0.6088137030601501,0.6580177545547485,f44f9af26f26d83dbfaea1f96102eb09937618a5ac1ba3ab65d7e10394ac59b4,7d122f97eb1d017ad3cefbc763928e306acb3299b23fd864547b04cc7f153c2a,837ce4745a984718a404d5e1ccfb9c24cda31f7d069a4241f867e077617a48e8,0340047558809127cfbef95fc332f3ae1ce4145167192ddcfc30e1e5778e94dd,8b0b4981512fd65a9ab3d0a1a72149b71a7d7ab8eb82a18192a560f4dfebb969,4dc90a5950c4f77375544e18a8bcefe19da7120abc7e6a44c4d0a197e41e8225
9d283a36439b4843ba5637bc7af77165,178,native_gc3,False,42,7.403482675552368,7.170199155807495,0.2846022844314575,0.1157802939414978,0.34018805623054504,13.635821342468262,0.30090129375457764,0.7538315653800964,39b5df3ac4f0bcb819acc0688e1765a2bcf8742aba003d0d0a8e091cafae16ec,15e9481d85661666bc952bfe615bc23ac5c07c2cc4d77e7d18ddc7e3f911dd0c,a59db9b911465a660f276f064167e296ae7afee5805b4fe3dc10912738b2a888,0340047558809127cfbef95fc332f3ae1ce4145167192ddcfc30e1e5778e94dd,2ab144cd2ec113b36b2bcf979d6b0a2258722105ff24599bd4ccbdbf3144c84c,19ba71e38219855a9ada8c1b9dfd1749a94bdfb1573c8ece48507b42672b729d
9d283a36439b4843ba5637bc7af77165,178,native_gfh,False,42,7.350313901901245,6.8866002559661865,0.2937968373298645,0.13275551795959473,0.333046555519104,13.068573474884033,0.3196659982204437,0.7486084699630737,39b5df3ac4f0bcb819acc0688e1765a2bcf8742aba003d0d0a8e091cafae16ec,15e9481d85661666bc952bfe615bc23ac5c07c2cc4d77e7d18ddc7e3f911dd0c,a59db9b911465a660f276f064167e296ae7afee5805b4fe3dc10912738b2a888,0340047558809127cfbef95fc332f3ae1ce4145167192ddcfc30e1e5778e94dd,2ab144cd2ec113b36b2bcf979d6b0a2258722105ff24599bd4ccbdbf3144c84c,19ba71e38219855a9ada8c1b9dfd1749a94bdfb1573c8ece48507b42672b729d
9d283a36439b4843ba5637bc7af77165,178,native_gfl,False,42,7.332842588424683,8.038021326065063,0.28260064125061035,0.10235200822353363,0.35147300362586975,14.551126956939697,0.2910791337490082,0.7540815472602844,39b5df3ac4f0bcb819acc0688e1765a2bcf8742aba003d0d0a8e091cafae16ec,15e9481d85661666bc952bfe615bc23ac5c07c2cc4d77e7d18ddc7e3f911dd0c,a59db9b911465a660f276f064167e296ae7afee5805b4fe3dc10912738b2a888,0340047558809127cfbef95fc332f3ae1ce4145167192ddcfc30e1e5778e94dd,2ab144cd2ec113b36b2bcf979d6b0a2258722105ff24599bd4ccbdbf3144c84c,19ba71e38219855a9ada8c1b9dfd1749a94bdfb1573c8ece48507b42672b729d
9d283a36439b4843ba5637bc7af77165,178,no_adapter,False,42,7.093630313873291,2.3928405344486237,0.3178941607475281,0.1411254107952118,0.29178178310394287,7.041029334068298,0.6733354330062866,0.6175675988197327,39b5df3ac4f0bcb819acc0688e1765a2bcf8742aba003d0d0a8e091cafae16ec,15e9481d85661666bc952bfe615bc23ac5c07c2cc4d77e7d18ddc7e3f911dd0c,a59db9b911465a660f276f064167e296ae7afee5805b4fe3dc10912738b2a888,0340047558809127cfbef95fc332f3ae1ce4145167192ddcfc30e1e5778e94dd,2ab144cd2ec113b36b2bcf979d6b0a2258722105ff24599bd4ccbdbf3144c84c,19ba71e38219855a9ada8c1b9dfd1749a94bdfb1573c8ece48507b42672b729d
9d56c38bed934e6a907d6db1052e95be,179,native_gc3,False,42,7.464176177978516,11.854082345962524,0.20550081133842468,0.557645320892334,0.5483218431472778,18.50021481513977,0.22018949687480927,0.8616904020309448,ac385b89064f3bfa573d32c83ec25409c28458b65ff8ef892944cf850ab7c48a,04290d5dd658ace53b40881f56507fbbfd84453c3c9d38f6b3e863cf2e550428,72ffd70f317dab7feb36031a7823f80968e976dc4a0d009a56d7b9f82964b677,0340047558809127cfbef95fc332f3ae1ce4145167192ddcfc30e1e5778e94dd,511ba737eeeb8a1662089cfac57b00fb2e73dd679793515a543bdec7ee39c3e7,cdb1313f0c81c15ac0cec2be78fca69dc8e5a6b18a1fe4977dbd913e3d4046b3
9d56c38bed934e6a907d6db1052e95be,179,native_gfh,False,42,7.477147102355957,13.37256669998169,0.18958203494548798,0.6408668756484985,0.5996283292770386,18.538461923599243,0.21324196457862854,0.8656982779502869,ac385b89064f3bfa573d32c83ec25409c28458b65ff8ef892944cf850ab7c48a,04290d5dd658ace53b40881f56507fbbfd84453c3c9d38f6b3e863cf2e550428,72ffd70f317dab7feb36031a7823f80968e976dc4a0d009a56d7b9f82964b677,0340047558809127cfbef95fc332f3ae1ce4145167192ddcfc30e1e5778e94dd,511ba737eeeb8a1662089cfac57b00fb2e73dd679793515a543bdec7ee39c3e7,cdb1313f0c81c15ac0cec2be78fca69dc8e5a6b18a1fe4977dbd913e3d4046b3
9d56c38bed934e6a907d6db1052e95be,179,native_gfl,False,42,7.436583995819092,9.446069598197937,0.225474014878273,0.49169182777404785,0.5180844068527222,16.44446611404419,0.23732106387615204,0.84639573097229,ac385b89064f3bfa573d32c83ec25409c28458b65ff8ef892944cf850ab7c48a,04290d5dd658ace53b40881f56507fbbfd84453c3c9d38f6b3e863cf2e550428,72ffd70f317dab7feb36031a7823f80968e976dc4a0d009a56d7b9f82964b677,0340047558809127cfbef95fc332f3ae1ce4145167192ddcfc30e1e5778e94dd,511ba737eeeb8a1662089cfac57b00fb2e73dd679793515a543bdec7ee39c3e7,cdb1313f0c81c15ac0cec2be78fca69dc8e5a6b18a1fe4977dbd913e3d4046b3
9d56c38bed934e6a907d6db1052e95be,179,no_adapter,False,42,7.08381199836731,12.177956104278564,0.16723953187465668,0.6997367739677429,0.5525254011154175,13.074661493301392,0.5897737741470337,0.7990202307701111,ac385b89064f3bfa573d32c83ec25409c28458b65ff8ef892944cf850ab7c48a,04290d5dd658ace53b40881f56507fbbfd84453c3c9d38f6b3e863cf2e550428,72ffd70f317dab7feb36031a7823f80968e976dc4a0d009a56d7b9f82964b677,0340047558809127cfbef95fc332f3ae1ce4145167192ddcfc30e1e5778e94dd,511ba737eeeb8a1662089cfac57b00fb2e73dd679793515a543bdec7ee39c3e7,cdb1313f0c81c15ac0cec2be78fca69dc8e5a6b18a1fe4977dbd913e3d4046b3
9db921e16bf84f81ad3e7c89b3ce40c1,180,native_gc3,False,42,7.355601787567139,12.755537033081055,0.21341852843761444,0.25787869095802307,0.4369053542613983,19.34022068977356,0.27778708934783936,0.8208670020103455,7b0fd03d17f9b65982b1fbcb8e18b4f79b6b90cc4b6b9f6b99a753de15eb6d6d,c917e1ede45db3cda14db08a52fb0f124379e3f7523175072698c5e41df8d62c,d8c2cdb17ca154f83440989ac8d3286ad527b21bde6cba1f5aefc8d0201ab0ea,0340047558809127cfbef95fc332f3ae1ce4145167192ddcfc30e1e5778e94dd,cd9be39856b62ed99fccdc8a19b35e1aebb7b8620248142cbcf8684ae88dd052,751da6d29fc50f0584fd7d5bce03926efa2b57cae1fee01fb86ed4a000ead369
9db921e16bf84f81ad3e7c89b3ce40c1,180,native_gfh,False,42,7.35758638381958,15.454075336456299,0.17340651154518127,0.29592034220695496,0.47496843338012695,19.830238819122314,0.2612977921962738,0.8164499402046204,7b0fd03d17f9b65982b1fbcb8e18b4f79b6b90cc4b6b9f6b99a753de15eb6d6d,c917e1ede45db3cda14db08a52fb0f124379e3f7523175072698c5e41df8d62c,d8c2cdb17ca154f83440989ac8d3286ad527b21bde6cba1f5aefc8d0201ab0ea,0340047558809127cfbef95fc332f3ae1ce4145167192ddcfc30e1e5778e94dd,cd9be39856b62ed99fccdc8a19b35e1aebb7b8620248142cbcf8684ae88dd052,751da6d29fc50f0584fd7d5bce03926efa2b57cae1fee01fb86ed4a000ead369
9db921e16bf84f81ad3e7c89b3ce40c1,180,native_gfl,False,42,7.489847183227539,12.109134197235107,0.22177071869373322,0.23222440481185913,0.4240645468235016,18.94205331802368,0.2796620726585388,0.8152192234992981,7b0fd03d17f9b65982b1fbcb8e18b4f79b6b90cc4b6b9f6b99a753de15eb6d6d,c917e1ede45db3cda14db08a52fb0f124379e3f7523175072698c5e41df8d62c,d8c2cdb17ca154f83440989ac8d3286ad527b21bde6cba1f5aefc8d0201ab0ea,0340047558809127cfbef95fc332f3ae1ce4145167192ddcfc30e1e5778e94dd,cd9be39856b62ed99fccdc8a19b35e1aebb7b8620248142cbcf8684ae88dd052,751da6d29fc50f0584fd7d5bce03926efa2b57cae1fee01fb86ed4a000ead369
9db921e16bf84f81ad3e7c89b3ce40c1,180,no_adapter,False,42,7.259298324584961,8.980093002319336,0.19761919975280762,0.34025856852531433,0.5218513011932373,12.064597606658936,0.6402158737182617,0.7263625264167786,7b0fd03d17f9b65982b1fbcb8e18b4f79b6b90cc4b6b9f6b99a753de15eb6d6d,c917e1ede45db3cda14db08a52fb0f124379e3f7523175072698c5e41df8d62c,d8c2cdb17ca154f83440989ac8d3286ad527b21bde6cba1f5aefc8d0201ab0ea,0340047558809127cfbef95fc332f3ae1ce4145167192ddcfc30e1e5778e94dd,cd9be39856b62ed99fccdc8a19b35e1aebb7b8620248142cbcf8684ae88dd052,751da6d29fc50f0584fd7d5bce03926efa2b57cae1fee01fb86ed4a000ead369
9df034a1687042e0a0039953005fb941,181,native_gc3,False,42,7.669485569000244,14.6498703956604,0.1908179074525833,0.49298059940338135,0.5301515460014343,19.891139268875122,0.18172574043273926,0.8285863995552063,ab231cdf5f70e54deacc97ac851f41ef942f6f9a324778f32fb70291d75d05a3,556cd8d372171db9dd76e7e2dd83ca0fcb66e5cbe2e433f7e326ce0e6b36764e,5aeecbe46e346ec3c6e96e9837f67cb8fcbc244ea57e77958e9393a489e51da9,0340047558809127cfbef95fc332f3ae1ce4145167192ddcfc30e1e5778e94dd,8394af8b2a652d1a888db5295877900a9ec2d553755079b0a7570d567403f4a3,6351e3120018f9357533606a14de46a019960a39dd0806bc1ce97d4e59084d2a
9df034a1687042e0a0039953005fb941,181,native_gfh,False,42,7.50970458984375,14.530880451202393,0.18410329520702362,0.5731981992721558,0.5520244836807251,19.254820346832275,0.19025492668151855,0.8389549255371094,ab231cdf5f70e54deacc97ac851f41ef942f6f9a324778f32fb70291d75d05a3,556cd8d372171db9dd76e7e2dd83ca0fcb66e5cbe2e433f7e326ce0e6b36764e,5aeecbe46e346ec3c6e96e9837f67cb8fcbc244ea57e77958e9393a489e51da9,0340047558809127cfbef95fc332f3ae1ce4145167192ddcfc30e1e5778e94dd,8394af8b2a652d1a888db5295877900a9ec2d553755079b0a7570d567403f4a3,6351e3120018f9357533606a14de46a019960a39dd0806bc1ce97d4e59084d2a
9df034a1687042e0a0039953005fb941,181,native_gfl,False,42,7.6382646560668945,13.531104326248169,0.19729964435100555,0.45475491881370544,0.5203898549079895,19.125701189041138,0.18328212201595306,0.8226078152656555,ab231cdf5f70e54deacc97ac851f41ef942f6f9a324778f32fb70291d75d05a3,556cd8d372171db9dd76e7e2dd83ca0fcb66e5cbe2e433f7e326ce0e6b36764e,5aeecbe46e346ec3c6e96e9837f67cb8fcbc244ea57e77958e9393a489e51da9,0340047558809127cfbef95fc332f3ae1ce4145167192ddcfc30e1e5778e94dd,8394af8b2a652d1a888db5295877900a9ec2d553755079b0a7570d567403f4a3,6351e3120018f9357533606a14de46a019960a39dd0806bc1ce97d4e59084d2a
9df034a1687042e0a0039953005fb941,181,no_adapter,False,42,7.421333074569702,7.091654539108276,0.2563447058200836,0.5700884461402893,0.470453143119812,9.057057499885559,0.595647394657135,0.7467830181121826,ab231cdf5f70e54deacc97ac851f41ef942f6f9a324778f32fb70291d75d05a3,556cd8d372171db9dd76e7e2dd83ca0fcb66e5cbe2e433f7e326ce0e6b36764e,5aeecbe46e346ec3c6e96e9837f67cb8fcbc244ea57e77958e9393a489e51da9,0340047558809127cfbef95fc332f3ae1ce4145167192ddcfc30e1e5778e94dd,8394af8b2a652d1a888db5295877900a9ec2d553755079b0a7570d567403f4a3,6351e3120018f9357533606a14de46a019960a39dd0806bc1ce97d4e59084d2a
9e30c4136c55440cb98989a5d4cd755a,182,native_gc3,False,42,7.53527569770813,9.662519693374634,0.2625768780708313,0.3330022990703583,0.4663773477077484,15.731004476547241,0.2701415419578552,0.8186362385749817,cf2d739ca7098249c7fdc383d03876271128f1fa5db2540d3e8c35635810a404,da8a0dcc66a426bb5b7ef0ca608b854268995fb673732df02112193da353de46,3c81950df65779e67f5feb346811a024995f6f3cb4e600a312753ed67846e87e,0340047558809127cfbef95fc332f3ae1ce4145167192ddcfc30e1e5778e94dd,f989c86bb2a6c8da830cca48968b02a90ddd4969fbb8f465943b19cccee4ce9e,dba75b84aeb67d5ee8298e7a0cb78da096fb7b888cf163a78041b821821ecbe2
9e30c4136c55440cb98989a5d4cd755a,182,native_gfh,False,42,7.576595067977905,8.650304675102234,0.2652120888233185,0.3610258102416992,0.4595247507095337,14.47520136833191,0.285018652677536,0.8159145712852478,cf2d739ca7098249c7fdc383d03876271128f1fa5db2540d3e8c35635810a404,da8a0dcc66a426bb5b7ef0ca608b854268995fb673732df02112193da353de46,3c81950df65779e67f5feb346811a024995f6f3cb4e600a312753ed67846e87e,0340047558809127cfbef95fc332f3ae1ce4145167192ddcfc30e1e5778e94dd,f989c86bb2a6c8da830cca48968b02a90ddd4969fbb8f465943b19cccee4ce9e,dba75b84aeb67d5ee8298e7a0cb78da096fb7b888cf163a78041b821821ecbe2
9e30c4136c55440cb98989a5d4cd755a,182,native_gfl,False,42,7.521107196807861,11.014982461929321,0.261245459318161,0.3349666893482208,0.4849439561367035,17.16554045677185,0.2613663971424103,0.8213889002799988,cf2d739ca7098249c7fdc383d03876271128f1fa5db2540d3e8c35635810a404,da8a0dcc66a426bb5b7ef0ca608b854268995fb673732df02112193da353de46,3c81950df65779e67f5feb346811a024995f6f3cb4e600a312753ed67846e87e,0340047558809127cfbef95fc332f3ae1ce4145167192ddcfc30e1e5778e94dd,f989c86bb2a6c8da830cca48968b02a90ddd4969fbb8f465943b19cccee4ce9e,dba75b84aeb67d5ee8298e7a0cb78da096fb7b888cf163a78041b821821ecbe2
9e30c4136c55440cb98989a5d4cd755a,182,no_adapter,False,42,7.1837897300720215,3.6577650904655457,0.315293550491333,0.291989266872406,0.3713918924331665,7.403757572174072,0.6426655650138855,0.6748030781745911,cf2d739ca7098249c7fdc383d03876271128f1fa5db2540d3e8c35635810a404,da8a0dcc66a426bb5b7ef0ca608b854268995fb673732df02112193da353de46,3c81950df65779e67f5feb346811a024995f6f3cb4e600a312753ed67846e87e,0340047558809127cfbef95fc332f3ae1ce4145167192ddcfc30e1e5778e94dd,f989c86bb2a6c8da830cca48968b02a90ddd4969fbb8f465943b19cccee4ce9e,dba75b84aeb67d5ee8298e7a0cb78da096fb7b888cf163a78041b821821ecbe2
9eb633d6601b42ef86c39cbfe3152872,183,native_gc3,False,42,7.5645527839660645,7.682217359542847,0.21590538322925568,0.12849153578281403,0.42837440967559814,14.684793949127197,0.21546702086925507,0.7904052734375,265468797c0e215d43d6ce42c12917d0332dc8082e66ee0d0bb61d1f461865c2,bf169688f50429d6323d5f40c0372d7ba12270d791ee78da3e52a6211e1d7008,2295c4b1ba6a45b8fb5ac966718d582ba348107b0ec0010fa72e9b28649d8d09,0340047558809127cfbef95fc332f3ae1ce4145167192ddcfc30e1e5778e94dd,b2eb467b53ae96857541ade6ff114fd7c459fa2e5c4dca77222478bb2a0e94d5,42b3854b850ac786e386fd167602bbc7e05576b6d3a31121b902735c36c60b91
9eb633d6601b42ef86c39cbfe3152872,183,native_gfh,False,42,7.546046018600464,7.3978835344314575,0.22085976600646973,0.13510140776634216,0.4211548864841461,14.0455162525177,0.22690558433532715,0.7855299115180969,265468797c0e215d43d6ce42c12917d0332dc8082e66ee0d0bb61d1f461865c2,bf169688f50429d6323d5f40c0372d7ba12270d791ee78da3e52a6211e1d7008,2295c4b1ba6a45b8fb5ac966718d582ba348107b0ec0010fa72e9b28649d8d09,0340047558809127cfbef95fc332f3ae1ce4145167192ddcfc30e1e5778e94dd,b2eb467b53ae96857541ade6ff114fd7c459fa2e5c4dca77222478bb2a0e94d5,42b3854b850ac786e386fd167602bbc7e05576b6d3a31121b902735c36c60b91
9eb633d6601b42ef86c39cbfe3152872,183,native_gfl,False,42,7.503982067108154,7.893082499504089,0.21273764967918396,0.1251942366361618,0.42622119188308716,14.961986541748047,0.2123536765575409,0.7873904705047607,265468797c0e215d43d6ce42c12917d0332dc8082e66ee0d0bb61d1f461865c2,bf169688f50429d6323d5f40c0372d7ba12270d791ee78da3e52a6211e1d7008,2295c4b1ba6a45b8fb5ac966718d582ba348107b0ec0010fa72e9b28649d8d09,0340047558809127cfbef95fc332f3ae1ce4145167192ddcfc30e1e5778e94dd,b2eb467b53ae96857541ade6ff114fd7c459fa2e5c4dca77222478bb2a0e94d5,42b3854b850ac786e386fd167602bbc7e05576b6d3a31121b902735c36c60b91
9eb633d6601b42ef86c39cbfe3152872,183,no_adapter,False,42,7.176746129989624,2.493157982826233,0.2492605447769165,0.12263283133506775,0.3510732650756836,6.843693852424622,0.6131928563117981,0.6933611631393433,265468797c0e215d43d6ce42c12917d0332dc8082e66ee0d0bb61d1f461865c2,bf169688f50429d6323d5f40c0372d7ba12270d791ee78da3e52a6211e1d7008,2295c4b1ba6a45b8fb5ac966718d582ba348107b0ec0010fa72e9b28649d8d09,0340047558809127cfbef95fc332f3ae1ce4145167192ddcfc30e1e5778e94dd,b2eb467b53ae96857541ade6ff114fd7c459fa2e5c4dca77222478bb2a0e94d5,42b3854b850ac786e386fd167602bbc7e05576b6d3a31121b902735c36c60b91
a1c025d7b1984f6e9f6f2c1fa563892d,184,native_gc3,False,42,7.3249781131744385,16.263201236724854,0.2636135220527649,0.5278370976448059,0.5701547861099243,21.892127990722656,0.24974560737609863,0.8471519351005554,0fb6d277659cfba310145e0009d206a15e155ffb2b8cffcf120858a7b9072f31,04fc1be4083065bac54d337358ccdb86702dba3a3b0acbabc448fd4ba29d5fb7,e24bcecf2b4cc949d500a4dd0e5d1349197517da3c597dae00e4d02bc2f60438,0340047558809127cfbef95fc332f3ae1ce4145167192ddcfc30e1e5778e94dd,e86be616f9e6b3c5e0fb97d1a98b62a62adbc76ee25a836e09224d53a28dde02,98f287b28f865b57389189afe0cb0000874f5d1811e449ad2a641e7f8b421dff
a1c025d7b1984f6e9f6f2c1fa563892d,184,native_gfh,False,42,7.34649133682251,18.235337734222412,0.24489927291870117,0.6303000450134277,0.619976282119751,21.287062168121338,0.2506785988807678,0.8574811220169067,0fb6d277659cfba310145e0009d206a15e155ffb2b8cffcf120858a7b9072f31,04fc1be4083065bac54d337358ccdb86702dba3a3b0acbabc448fd4ba29d5fb7,e24bcecf2b4cc949d500a4dd0e5d1349197517da3c597dae00e4d02bc2f60438,0340047558809127cfbef95fc332f3ae1ce4145167192ddcfc30e1e5778e94dd,e86be616f9e6b3c5e0fb97d1a98b62a62adbc76ee25a836e09224d53a28dde02,98f287b28f865b57389189afe0cb0000874f5d1811e449ad2a641e7f8b421dff
a1c025d7b1984f6e9f6f2c1fa563892d,184,native_gfl,False,42,7.321821689605713,14.274288415908813,0.2747141420841217,0.44996023178100586,0.5543428659439087,20.30144453048706,0.2555004060268402,0.8349916934967041,0fb6d277659cfba310145e0009d206a15e155ffb2b8cffcf120858a7b9072f31,04fc1be4083065bac54d337358ccdb86702dba3a3b0acbabc448fd4ba29d5fb7,e24bcecf2b4cc949d500a4dd0e5d1349197517da3c597dae00e4d02bc2f60438,0340047558809127cfbef95fc332f3ae1ce4145167192ddcfc30e1e5778e94dd,e86be616f9e6b3c5e0fb97d1a98b62a62adbc76ee25a836e09224d53a28dde02,98f287b28f865b57389189afe0cb0000874f5d1811e449ad2a641e7f8b421dff
a1c025d7b1984f6e9f6f2c1fa563892d,184,no_adapter,False,42,7.209696292877197,8.816357254981995,0.2254771590232849,0.6744945049285889,0.5526894927024841,10.361113548278809,0.6428968906402588,0.7595807313919067,0fb6d277659cfba310145e0009d206a15e155ffb2b8cffcf120858a7b9072f31,04fc1be4083065bac54d337358ccdb86702dba3a3b0acbabc448fd4ba29d5fb7,e24bcecf2b4cc949d500a4dd0e5d1349197517da3c597dae00e4d02bc2f60438,0340047558809127cfbef95fc332f3ae1ce4145167192ddcfc30e1e5778e94dd,e86be616f9e6b3c5e0fb97d1a98b62a62adbc76ee25a836e09224d53a28dde02,98f287b28f865b57389189afe0cb0000874f5d1811e449ad2a641e7f8b421dff
a2501cf59a114bc0b32f654a39f53c58,185,native_gc3,False,42,7.459949731826782,13.991183042526245,0.26669371128082275,0.5223492383956909,0.5031710267066956,20.00962734222412,0.2691456079483032,0.8542876839637756,c87d4b9f175064c32715c9265d9cdb750b885e24d09cd7e2054ba253c44f44fc,8008c8e7e270825666a2ff4bf31e7513155cace877f6d3667bf946277b5ffe9d,54721f51718ced3ade08222d0a50801993b8dd663962a4641aac5d46c18b0285,0340047558809127cfbef95fc332f3ae1ce4145167192ddcfc30e1e5778e94dd,353267f1df0c4bbe227b78faf3cd254bf1050fb4fa35c3bdbf06779b6f2340f1,599fba9114ecc769587c43c50d9ca3e9de5c101ac961b6f1f020bbd9aedbbc23
a2501cf59a114bc0b32f654a39f53c58,185,native_gfh,False,42,7.53830885887146,15.121068954467773,0.255638062953949,0.6353113055229187,0.5319343209266663,19.060683250427246,0.2742998003959656,0.8626260757446289,c87d4b9f175064c32715c9265d9cdb750b885e24d09cd7e2054ba253c44f44fc,8008c8e7e270825666a2ff4bf31e7513155cace877f6d3667bf946277b5ffe9d,54721f51718ced3ade08222d0a50801993b8dd663962a4641aac5d46c18b0285,0340047558809127cfbef95fc332f3ae1ce4145167192ddcfc30e1e5778e94dd,353267f1df0c4bbe227b78faf3cd254bf1050fb4fa35c3bdbf06779b6f2340f1,599fba9114ecc769587c43c50d9ca3e9de5c101ac961b6f1f020bbd9aedbbc23
a2501cf59a114bc0b32f654a39f53c58,185,native_gfl,False,42,7.400437831878662,12.351510524749756,0.2763917148113251,0.45594874024391174,0.49911656975746155,18.80160927772522,0.269601047039032,0.8430340886116028,c87d4b9f175064c32715c9265d9cdb750b885e24d09cd7e2054ba253c44f44fc,8008c8e7e270825666a2ff4bf31e7513155cace877f6d3667bf946277b5ffe9d,54721f51718ced3ade08222d0a50801993b8dd663962a4641aac5d46c18b0285,0340047558809127cfbef95fc332f3ae1ce4145167192ddcfc30e1e5778e94dd,353267f1df0c4bbe227b78faf3cd254bf1050fb4fa35c3bdbf06779b6f2340f1,599fba9114ecc769587c43c50d9ca3e9de5c101ac961b6f1f020bbd9aedbbc23
a2501cf59a114bc0b32f654a39f53c58,185,no_adapter,False,42,7.129465579986572,9.122422337532043,0.23222413659095764,0.6519100666046143,0.4804149866104126,10.705815553665161,0.5803886651992798,0.7900379300117493,c87d4b9f175064c32715c9265d9cdb750b885e24d09cd7e2054ba253c44f44fc,8008c8e7e270825666a2ff4bf31e7513155cace877f6d3667bf946277b5ffe9d,54721f51718ced3ade08222d0a50801993b8dd663962a4641aac5d46c18b0285,0340047558809127cfbef95fc332f3ae1ce4145167192ddcfc30e1e5778e94dd,353267f1df0c4bbe227b78faf3cd254bf1050fb4fa35c3bdbf06779b6f2340f1,599fba9114ecc769587c43c50d9ca3e9de5c101ac961b6f1f020bbd9aedbbc23
a2754b45972b427eb79d59c9022eadd9,186,native_gc3,False,42,7.515275239944458,15.31503438949585,0.20861002802848816,0.5237929224967957,0.5070096850395203,20.481221675872803,0.1974831521511078,0.843291699886322,dcb3e1f60c4799059b8f02a3cbbd2012f392d23d032e027ba30d27853573d645,3066517bbe615aa73828c04b75dbc943ec22a0f8bb5d52f4c4743d6c9e1acfe4,7d50ce30bbee88a644e823200c047d90a32ad51f240b9336f9f4a4d50d84ef5e,0340047558809127cfbef95fc332f3ae1ce4145167192ddcfc30e1e5778e94dd,dc75f08588a76b913cc1c04b016a04c11098f2a93f85b0f00295d73e49514f37,1f2d2b147655686a59bf38d7840cfa528e7e0a93ffc7566bdb61e66971355f0d
a2754b45972b427eb79d59c9022eadd9,186,native_gfh,False,42,7.4855265617370605,16.028746366500854,0.18418824672698975,0.5834212899208069,0.5289431214332581,19.915670156478882,0.1842595338821411,0.8490175604820251,dcb3e1f60c4799059b8f02a3cbbd2012f392d23d032e027ba30d27853573d645,3066517bbe615aa73828c04b75dbc943ec22a0f8bb5d52f4c4743d6c9e1acfe4,7d50ce30bbee88a644e823200c047d90a32ad51f240b9336f9f4a4d50d84ef5e,0340047558809127cfbef95fc332f3ae1ce4145167192ddcfc30e1e5778e94dd,dc75f08588a76b913cc1c04b016a04c11098f2a93f85b0f00295d73e49514f37,1f2d2b147655686a59bf38d7840cfa528e7e0a93ffc7566bdb61e66971355f0d
a2754b45972b427eb79d59c9022eadd9,186,native_gfl,False,42,7.484397888183594,13.574271202087402,0.22363603115081787,0.4863923192024231,0.4959373474121094,19.325045347213745,0.203803151845932,0.8304658532142639,dcb3e1f60c4799059b8f02a3cbbd2012f392d23d032e027ba30d27853573d645,3066517bbe615aa73828c04b75dbc943ec22a0f8bb5d52f4c4743d6c9e1acfe4,7d50ce30bbee88a644e823200c047d90a32ad51f240b9336f9f4a4d50d84ef5e,0340047558809127cfbef95fc332f3ae1ce4145167192ddcfc30e1e5778e94dd,dc75f08588a76b913cc1c04b016a04c11098f2a93f85b0f00295d73e49514f37,1f2d2b147655686a59bf38d7840cfa528e7e0a93ffc7566bdb61e66971355f0d
a2754b45972b427eb79d59c9022eadd9,186,no_adapter,False,42,7.232515096664429,7.264554500579834,0.27885815501213074,0.5029745697975159,0.4169207513332367,8.899754285812378,0.6241258978843689,0.6972529292106628,dcb3e1f60c4799059b8f02a3cbbd2012f392d23d032e027ba30d27853573d645,3066517bbe615aa73828c04b75dbc943ec22a0f8bb5d52f4c4743d6c9e1acfe4,7d50ce30bbee88a644e823200c047d90a32ad51f240b9336f9f4a4d50d84ef5e,0340047558809127cfbef95fc332f3ae1ce4145167192ddcfc30e1e5778e94dd,dc75f08588a76b913cc1c04b016a04c11098f2a93f85b0f00295d73e49514f37,1f2d2b147655686a59bf38d7840cfa528e7e0a93ffc7566bdb61e66971355f0d
a2852a78b57d452386973e7ce5cbe490,187,native_gc3,False,42,7.5107262134552,13.162715435028076,0.2821686565876007,0.5614809393882751,0.5256885886192322,19.291934967041016,0.29042768478393555,0.8511980175971985,1cb3c1f25a27cd07bc366eb842900ae1a81a7f32456cc7217206f380fb814e4d,287a792660695a94f8c256e7b44eaf34f471c0b4ce255dbabcc6681eca36a6e2,02f37b5a7b76bac75a8d9ef5a0d93f76420deac58c897efafd46568a27ef9c31,0340047558809127cfbef95fc332f3ae1ce4145167192ddcfc30e1e5778e94dd,7643aedc43f432d6aa722d2f019db0a28b294fc2c7ee23c16b377a2358808958,ed22f209bde85e3d1bb95c28bb3003988ecd910d5142734065cde02a09b68762
a2852a78b57d452386973e7ce5cbe490,187,native_gfh,False,42,7.524733543395996,15.402458906173706,0.2545362412929535,0.6430538892745972,0.5788084268569946,20.05213975906372,0.27508723735809326,0.8579123616218567,1cb3c1f25a27cd07bc366eb842900ae1a81a7f32456cc7217206f380fb814e4d,287a792660695a94f8c256e7b44eaf34f471c0b4ce255dbabcc6681eca36a6e2,02f37b5a7b76bac75a8d9ef5a0d93f76420deac58c897efafd46568a27ef9c31,0340047558809127cfbef95fc332f3ae1ce4145167192ddcfc30e1e5778e94dd,7643aedc43f432d6aa722d2f019db0a28b294fc2c7ee23c16b377a2358808958,ed22f209bde85e3d1bb95c28bb3003988ecd910d5142734065cde02a09b68762
a2852a78b57d452386973e7ce5cbe490,187,native_gfl,False,42,7.710071325302124,11.147818565368652,0.2977839410305023,0.5378305315971375,0.5194541215896606,17.513116598129272,0.3053211569786072,0.8406203985214233,1cb3c1f25a27cd07bc366eb842900ae1a81a7f32456cc7217206f380fb814e4d,287a792660695a94f8c256e7b44eaf34f471c0b4ce255dbabcc6681eca36a6e2,02f37b5a7b76bac75a8d9ef5a0d93f76420deac58c897efafd46568a27ef9c31,0340047558809127cfbef95fc332f3ae1ce4145167192ddcfc30e1e5778e94dd,7643aedc43f432d6aa722d2f019db0a28b294fc2c7ee23c16b377a2358808958,ed22f209bde85e3d1bb95c28bb3003988ecd910d5142734065cde02a09b68762
a2852a78b57d452386973e7ce5cbe490,187,no_adapter,False,42,7.195304870605469,10.771350860595703,0.25407272577285767,0.6330161690711975,0.5256891846656799,11.582189798355103,0.6487616300582886,0.7569442987442017,1cb3c1f25a27cd07bc366eb842900ae1a81a7f32456cc7217206f380fb814e4d,287a792660695a94f8c256e7b44eaf34f471c0b4ce255dbabcc6681eca36a6e2,02f37b5a7b76bac75a8d9ef5a0d93f76420deac58c897efafd46568a27ef9c31,0340047558809127cfbef95fc332f3ae1ce4145167192ddcfc30e1e5778e94dd,7643aedc43f432d6aa722d2f019db0a28b294fc2c7ee23c16b377a2358808958,ed22f209bde85e3d1bb95c28bb3003988ecd910d5142734065cde02a09b68762
a353815abfe64c3ebe07e516b223055b,188,native_gc3,False,42,7.525740146636963,12.327924966812134,0.19122745096683502,0.3816855251789093,0.34645622968673706,18.91339659690857,0.3163120448589325,0.81983482837677,80e3090f8de13052af013d5d764449e18c8a6bf5dcd47888eee80d0637e0c337,45526f1de4ffe5b942ddec7842ef055ff92bbed4719aa2c732503655a07997b7,adff59b57d62664c5446cdd855a7f1012f413a85afc5a4246decdec2c88b7e28,0340047558809127cfbef95fc332f3ae1ce4145167192ddcfc30e1e5778e94dd,0d11941f8bd1a6eef4d0e306cd92bd03216c8bf9ba8729f6bb7ce72d4c6787cd,ba9443da990f117398801ce043deb1a47f26331f5c6a89184c2ad02cb6ec8f63
a353815abfe64c3ebe07e516b223055b,188,native_gfh,False,42,7.469670057296753,14.32234525680542,0.1756117045879364,0.48696276545524597,0.3486733138561249,18.767722845077515,0.32145440578460693,0.8240897059440613,80e3090f8de13052af013d5d764449e18c8a6bf5dcd47888eee80d0637e0c337,45526f1de4ffe5b942ddec7842ef055ff92bbed4719aa2c732503655a07997b7,adff59b57d62664c5446cdd855a7f1012f413a85afc5a4246decdec2c88b7e28,0340047558809127cfbef95fc332f3ae1ce4145167192ddcfc30e1e5778e94dd,0d11941f8bd1a6eef4d0e306cd92bd03216c8bf9ba8729f6bb7ce72d4c6787cd,ba9443da990f117398801ce043deb1a47f26331f5c6a89184c2ad02cb6ec8f63
a353815abfe64c3ebe07e516b223055b,188,native_gfl,False,42,7.587352991104126,10.45300841331482,0.20298059284687042,0.332614541053772,0.3447992205619812,17.6631498336792,0.320108026266098,0.8078532814979553,80e3090f8de13052af013d5d764449e18c8a6bf5dcd47888eee80d0637e0c337,45526f1de4ffe5b942ddec7842ef055ff92bbed4719aa2c732503655a07997b7,adff59b57d62664c5446cdd855a7f1012f413a85afc5a4246decdec2c88b7e28,0340047558809127cfbef95fc332f3ae1ce4145167192ddcfc30e1e5778e94dd,0d11941f8bd1a6eef4d0e306cd92bd03216c8bf9ba8729f6bb7ce72d4c6787cd,ba9443da990f117398801ce043deb1a47f26331f5c6a89184c2ad02cb6ec8f63
a353815abfe64c3ebe07e516b223055b,188,no_adapter,False,42,7.200515270233154,11.67028546333313,0.1784083992242813,0.547637403011322,0.3140435814857483,11.552425622940063,0.6750596165657043,0.7008245587348938,80e3090f8de13052af013d5d764449e18c8a6bf5dcd47888eee80d0637e0c337,45526f1de4ffe5b942ddec7842ef055ff92bbed4719aa2c732503655a07997b7,adff59b57d62664c5446cdd855a7f1012f413a85afc5a4246decdec2c88b7e28,0340047558809127cfbef95fc332f3ae1ce4145167192ddcfc30e1e5778e94dd,0d11941f8bd1a6eef4d0e306cd92bd03216c8bf9ba8729f6bb7ce72d4c6787cd,ba9443da990f117398801ce043deb1a47f26331f5c6a89184c2ad02cb6ec8f63
a411ca256814410982665d5b8bed5b2c,189,native_gc3,False,42,7.495771884918213,11.275521516799927,0.27108293771743774,0.2986244857311249,0.4522688388824463,18.065989017486572,0.2889740467071533,0.817628026008606,70a0ce82ecb6b194b614a9add2433495d5471c416cf0522e0765ef436e8eee97,5d9495179b8db2d51c26e4f5bd0bb76e887e872d489d05620ae88d7bbcd381ea,44ca053764e3d87f5f373c5001e5c4c85f00a392a1f1f8304fde9bec8439ea91,0340047558809127cfbef95fc332f3ae1ce4145167192ddcfc30e1e5778e94dd,23c3fecc2f5cd9ca3ac2f9d03e6c1fd181bc00b24c53d1abbfd9667baef5d25a,24069766989e33efd722f874818218d358a0f0420a4ecfa717d814de1900186a
a411ca256814410982665d5b8bed5b2c,189,native_gfh,False,42,7.389118671417236,12.584969997406006,0.2401888072490692,0.33191266655921936,0.48526108264923096,18.167821168899536,0.2810696065425873,0.8183847069740295,70a0ce82ecb6b194b614a9add2433495d5471c416cf0522e0765ef436e8eee97,5d9495179b8db2d51c26e4f5bd0bb76e887e872d489d05620ae88d7bbcd381ea,44ca053764e3d87f5f373c5001e5c4c85f00a392a1f1f8304fde9bec8439ea91,0340047558809127cfbef95fc332f3ae1ce4145167192ddcfc30e1e5778e94dd,23c3fecc2f5cd9ca3ac2f9d03e6c1fd181bc00b24c53d1abbfd9667baef5d25a,24069766989e33efd722f874818218d358a0f0420a4ecfa717d814de1900186a
a411ca256814410982665d5b8bed5b2c,189,native_gfl,False,42,7.280282974243164,10.761481523513794,0.27891626954078674,0.2756021320819855,0.438036173582077,17.57301688194275,0.2937167286872864,0.8142160177230835,70a0ce82ecb6b194b614a9add2433495d5471c416cf0522e0765ef436e8eee97,5d9495179b8db2d51c26e4f5bd0bb76e887e872d489d05620ae88d7bbcd381ea,44ca053764e3d87f5f373c5001e5c4c85f00a392a1f1f8304fde9bec8439ea91,0340047558809127cfbef95fc332f3ae1ce4145167192ddcfc30e1e5778e94dd,23c3fecc2f5cd9ca3ac2f9d03e6c1fd181bc00b24c53d1abbfd9667baef5d25a,24069766989e33efd722f874818218d358a0f0420a4ecfa717d814de1900186a
a411ca256814410982665d5b8bed5b2c,189,no_adapter,False,42,7.1745710372924805,7.859998941421509,0.2308359444141388,0.33131545782089233,0.4963111877441406,10.653680562973022,0.6692451238632202,0.7206631898880005,70a0ce82ecb6b194b614a9add2433495d5471c416cf0522e0765ef436e8eee97,5d9495179b8db2d51c26e4f5bd0bb76e887e872d489d05620ae88d7bbcd381ea,44ca053764e3d87f5f373c5001e5c4c85f00a392a1f1f8304fde9bec8439ea91,0340047558809127cfbef95fc332f3ae1ce4145167192ddcfc30e1e5778e94dd,23c3fecc2f5cd9ca3ac2f9d03e6c1fd181bc00b24c53d1abbfd9667baef5d25a,24069766989e33efd722f874818218d358a0f0420a4ecfa717d814de1900186a
a6a47121a6544d569d6c02ef3f9788ee,190,native_gc3,False,42,7.46053671836853,13.999859094619751,0.1905488818883896,0.5038077235221863,0.511457085609436,20.199015140533447,0.22401227056980133,0.8564117550849915,04207d2993b9f7ffade764b3741f588e1ca871449fb4843a7f3149a14dd51305,0f44db185d2d4da2d9c62098ea0618160b8c3d51f3988ef28848095747275e4f,04cfe27c6ff2546b314799378b4acc30afb914b3d41dcb75f2e9c5a3fccf597b,0340047558809127cfbef95fc332f3ae1ce4145167192ddcfc30e1e5778e94dd,cf05719708cf727c82abfbd558abfb84d5e654f882c2d49b7adbcc1918cccba9,52c5eaa730268288e7fb76ef2335c2c1e4b194884a737d1f39268d18ccdafa64
a6a47121a6544d569d6c02ef3f9788ee,190,native_gfh,False,42,7.53483772277832,14.206315279006958,0.1929793655872345,0.5779208540916443,0.520801842212677,18.46742272377014,0.22336608171463013,0.8600518107414246,04207d2993b9f7ffade764b3741f588e1ca871449fb4843a7f3149a14dd51305,0f44db185d2d4da2d9c62098ea0618160b8c3d51f3988ef28848095747275e4f,04cfe27c6ff2546b314799378b4acc30afb914b3d41dcb75f2e9c5a3fccf597b,0340047558809127cfbef95fc332f3ae1ce4145167192ddcfc30e1e5778e94dd,cf05719708cf727c82abfbd558abfb84d5e654f882c2d49b7adbcc1918cccba9,52c5eaa730268288e7fb76ef2335c2c1e4b194884a737d1f39268d18ccdafa64
a6a47121a6544d569d6c02ef3f9788ee,190,native_gfl,False,42,7.516171216964722,13.316112756729126,0.19385835528373718,0.48510581254959106,0.5095905661582947,20.206544399261475,0.242696613073349,0.8529284596443176,04207d2993b9f7ffade764b3741f588e1ca871449fb4843a7f3149a14dd51305,0f44db185d2d4da2d9c62098ea0618160b8c3d51f3988ef28848095747275e4f,04cfe27c6ff2546b314799378b4acc30afb914b3d41dcb75f2e9c5a3fccf597b,0340047558809127cfbef95fc332f3ae1ce4145167192ddcfc30e1e5778e94dd,cf05719708cf727c82abfbd558abfb84d5e654f882c2d49b7adbcc1918cccba9,52c5eaa730268288e7fb76ef2335c2c1e4b194884a737d1f39268d18ccdafa64
a6a47121a6544d569d6c02ef3f9788ee,190,no_adapter,False,42,7.2039430141448975,7.348196506500244,0.2212240993976593,0.513649046421051,0.4745456576347351,10.119848251342773,0.6490176916122437,0.73286372423172,04207d2993b9f7ffade764b3741f588e1ca871449fb4843a7f3149a14dd51305,0f44db185d2d4da2d9c62098ea0618160b8c3d51f3988ef28848095747275e4f,04cfe27c6ff2546b314799378b4acc30afb914b3d41dcb75f2e9c5a3fccf597b,0340047558809127cfbef95fc332f3ae1ce4145167192ddcfc30e1e5778e94dd,cf05719708cf727c82abfbd558abfb84d5e654f882c2d49b7adbcc1918cccba9,52c5eaa730268288e7fb76ef2335c2c1e4b194884a737d1f39268d18ccdafa64
a70efd74d7d046ec8c7553432823bd45,191,native_gc3,False,42,7.373681306838989,12.01913833618164,0.1189814954996109,0.34252458810806274,0.46861526370048523,19.414862394332886,0.1201925277709961,0.8716535568237305,20be01fcb52d27df5c0078cc194e2e844db05430c8d160657e9a3a451444b325,04895c70944cfc756b12f6d80c3f0bbde96e6e8449fd9410043b8892e80d4aee,79f60f6b0d953c6210c4876a21af1812a8768395fe66f9d913d93ab362e8674c,0340047558809127cfbef95fc332f3ae1ce4145167192ddcfc30e1e5778e94dd,ef11a961d0b5f6668c19e568097c7787a541d051718ebc08d062f9d2022171bc,4f41f020242498228807aed7a5cb2356c8d21a26675d1386c8e0d90b99c09684
a70efd74d7d046ec8c7553432823bd45,191,native_gfh,False,42,7.433136224746704,13.496102094650269,0.10983063280582428,0.3807115852832794,0.503426194190979,19.139758348464966,0.1148974597454071,0.8622469902038574,20be01fcb52d27df5c0078cc194e2e844db05430c8d160657e9a3a451444b325,04895c70944cfc756b12f6d80c3f0bbde96e6e8449fd9410043b8892e80d4aee,79f60f6b0d953c6210c4876a21af1812a8768395fe66f9d913d93ab362e8674c,0340047558809127cfbef95fc332f3ae1ce4145167192ddcfc30e1e5778e94dd,ef11a961d0b5f6668c19e568097c7787a541d051718ebc08d062f9d2022171bc,4f41f020242498228807aed7a5cb2356c8d21a26675d1386c8e0d90b99c09684
a70efd74d7d046ec8c7553432823bd45,191,native_gfl,False,42,7.626780271530151,10.740658044815063,0.12107627093791962,0.31587377190589905,0.45552000403404236,18.766828775405884,0.11297960579395294,0.8628692626953125,20be01fcb52d27df5c0078cc194e2e844db05430c8d160657e9a3a451444b325,04895c70944cfc756b12f6d80c3f0bbde96e6e8449fd9410043b8892e80d4aee,79f60f6b0d953c6210c4876a21af1812a8768395fe66f9d913d93ab362e8674c,0340047558809127cfbef95fc332f3ae1ce4145167192ddcfc30e1e5778e94dd,ef11a961d0b5f6668c19e568097c7787a541d051718ebc08d062f9d2022171bc,4f41f020242498228807aed7a5cb2356c8d21a26675d1386c8e0d90b99c09684
a70efd74d7d046ec8c7553432823bd45,191,no_adapter,False,42,7.23194432258606,5.083599090576172,0.1519136130809784,0.3852897584438324,0.4297815263271332,8.31104576587677,0.5443350076675415,0.749125599861145,20be01fcb52d27df5c0078cc194e2e844db05430c8d160657e9a3a451444b325,04895c70944cfc756b12f6d80c3f0bbde96e6e8449fd9410043b8892e80d4aee,79f60f6b0d953c6210c4876a21af1812a8768395fe66f9d913d93ab362e8674c,0340047558809127cfbef95fc332f3ae1ce4145167192ddcfc30e1e5778e94dd,ef11a961d0b5f6668c19e568097c7787a541d051718ebc08d062f9d2022171bc,4f41f020242498228807aed7a5cb2356c8d21a26675d1386c8e0d90b99c09684
a71026aea8eb45bfb95d5fbc7db27815,192,native_gc3,False,42,7.452455520629883,12.86369800567627,0.20732346177101135,0.389913946390152,0.5201455950737,17.95358896255493,0.18964773416519165,0.8013116121292114,5e22a09ba4d6c88e03d82ca91c8e070a19b4262b31172fecc05d5d579be3820c,91d5d8ca27f0d9172a086d1b22ce6fbc31c331f37ffb31d55bde531577c15b08,8b6b6fe922b7345d07c8d8a6a3ec41a12059e71e39bc083f142a7ea70b98c4b0,0340047558809127cfbef95fc332f3ae1ce4145167192ddcfc30e1e5778e94dd,6b02e340fabafd5ee2fa6ba4fa4544751d372e85140c73c9241096682edeaf34,20ad4e745cd2b0fac823280f6fe31a8a0645d17aaee27534fe13cacdc2a30a58
a71026aea8eb45bfb95d5fbc7db27815,192,native_gfh,False,42,7.40891432762146,11.173208951950073,0.2083800584077835,0.41358113288879395,0.5291076302528381,16.126879453659058,0.19694754481315613,0.7944425940513611,5e22a09ba4d6c88e03d82ca91c8e070a19b4262b31172fecc05d5d579be3820c,91d5d8ca27f0d9172a086d1b22ce6fbc31c331f37ffb31d55bde531577c15b08,8b6b6fe922b7345d07c8d8a6a3ec41a12059e71e39bc083f142a7ea70b98c4b0,0340047558809127cfbef95fc332f3ae1ce4145167192ddcfc30e1e5778e94dd,6b02e340fabafd5ee2fa6ba4fa4544751d372e85140c73c9241096682edeaf34,20ad4e745cd2b0fac823280f6fe31a8a0645d17aaee27534fe13cacdc2a30a58
a71026aea8eb45bfb95d5fbc7db27815,192,native_gfl,False,42,7.335135221481323,14.449011087417603,0.20816943049430847,0.39172086119651794,0.5198779702186584,19.35790181159973,0.18624496459960938,0.8076076507568359,5e22a09ba4d6c88e03d82ca91c8e070a19b4262b31172fecc05d5d579be3820c,91d5d8ca27f0d9172a086d1b22ce6fbc31c331f37ffb31d55bde531577c15b08,8b6b6fe922b7345d07c8d8a6a3ec41a12059e71e39bc083f142a7ea70b98c4b0,0340047558809127cfbef95fc332f3ae1ce4145167192ddcfc30e1e5778e94dd,6b02e340fabafd5ee2fa6ba4fa4544751d372e85140c73c9241096682edeaf34,20ad4e745cd2b0fac823280f6fe31a8a0645d17aaee27534fe13cacdc2a30a58
a71026aea8eb45bfb95d5fbc7db27815,192,no_adapter,False,42,7.288910865783691,4.885360598564148,0.31622129678726196,0.3074099123477936,0.4044623076915741,7.890274524688721,0.6686981320381165,0.5827049016952515,5e22a09ba4d6c88e03d82ca91c8e070a19b4262b31172fecc05d5d579be3820c,91d5d8ca27f0d9172a086d1b22ce6fbc31c331f37ffb31d55bde531577c15b08,8b6b6fe922b7345d07c8d8a6a3ec41a12059e71e39bc083f142a7ea70b98c4b0,0340047558809127cfbef95fc332f3ae1ce4145167192ddcfc30e1e5778e94dd,6b02e340fabafd5ee2fa6ba4fa4544751d372e85140c73c9241096682edeaf34,20ad4e745cd2b0fac823280f6fe31a8a0645d17aaee27534fe13cacdc2a30a58
a82d9aad1af5413390e1212e415ff7c5,193,native_gc3,False,42,7.393277645111084,14.184919595718384,0.36467719078063965,0.6381498575210571,0.5919764041900635,18.73206615447998,0.36103367805480957,0.830114483833313,d0bb1242f0d4380f18f4e71d8e4edbea99bdf47055b4a80ba0158d55a8d49e3b,421aafdda3f81ae062d831bc10e301f7def7ad504cc0e76bab454be159ce1f63,b00eed7702a52b038f0eae817507a48b9e80cbe787c2e32842a35ef88e14c52a,0340047558809127cfbef95fc332f3ae1ce4145167192ddcfc30e1e5778e94dd,698815ca3f42c053d6e42f4daa25f2b40defbf3891abbbd2496dea3d3748b7b8,eadba7dd5a30966f5b59b23bed19d9367a07e6c296e067e0524f126d66324970
a82d9aad1af5413390e1212e415ff7c5,193,native_gfh,False,42,7.405350208282471,15.639947652816772,0.3136427104473114,0.7234404683113098,0.622033953666687,19.366401433944702,0.3378894329071045,0.850240170955658,d0bb1242f0d4380f18f4e71d8e4edbea99bdf47055b4a80ba0158d55a8d49e3b,421aafdda3f81ae062d831bc10e301f7def7ad504cc0e76bab454be159ce1f63,b00eed7702a52b038f0eae817507a48b9e80cbe787c2e32842a35ef88e14c52a,0340047558809127cfbef95fc332f3ae1ce4145167192ddcfc30e1e5778e94dd,698815ca3f42c053d6e42f4daa25f2b40defbf3891abbbd2496dea3d3748b7b8,eadba7dd5a30966f5b59b23bed19d9367a07e6c296e067e0524f126d66324970
a82d9aad1af5413390e1212e415ff7c5,193,native_gfl,False,42,7.455079793930054,12.446545362472534,0.3947259187698364,0.5135956406593323,0.5675643086433411,17.089903354644775,0.3813740313053131,0.8064291477203369,d0bb1242f0d4380f18f4e71d8e4edbea99bdf47055b4a80ba0158d55a8d49e3b,421aafdda3f81ae062d831bc10e301f7def7ad504cc0e76bab454be159ce1f63,b00eed7702a52b038f0eae817507a48b9e80cbe787c2e32842a35ef88e14c52a,0340047558809127cfbef95fc332f3ae1ce4145167192ddcfc30e1e5778e94dd,698815ca3f42c053d6e42f4daa25f2b40defbf3891abbbd2496dea3d3748b7b8,eadba7dd5a30966f5b59b23bed19d9367a07e6c296e067e0524f126d66324970
a82d9aad1af5413390e1212e415ff7c5,193,no_adapter,False,42,7.3732075691223145,10.10846734046936,0.3296593725681305,0.6965405344963074,0.5342357754707336,11.273881196975708,0.661361575126648,0.7573408484458923,d0bb1242f0d4380f18f4e71d8e4edbea99bdf47055b4a80ba0158d55a8d49e3b,421aafdda3f81ae062d831bc10e301f7def7ad504cc0e76bab454be159ce1f63,b00eed7702a52b038f0eae817507a48b9e80cbe787c2e32842a35ef88e14c52a,0340047558809127cfbef95fc332f3ae1ce4145167192ddcfc30e1e5778e94dd,698815ca3f42c053d6e42f4daa25f2b40defbf3891abbbd2496dea3d3748b7b8,eadba7dd5a30966f5b59b23bed19d9367a07e6c296e067e0524f126d66324970
a9ccc4aacabf45bc86bc9e892d0a11a8,194,native_gc3,False,42,7.47801661491394,9.444411993026733,0.15516962110996246,0.25710529088974,0.530267596244812,17.629852294921875,0.16098517179489136,0.8480570912361145,b93e28d63a338ece7b68504653d4d266d12e45a97802ddd02f6c93279d4b1730,c9bec3b48ac2010ed74f2f68340f07bc73950f7149e45101f23c0ad5cdc4148a,8bc1361e8433d17931f9f2d8258e73bc38625f8466125e0080afa362e2a8d65c,0340047558809127cfbef95fc332f3ae1ce4145167192ddcfc30e1e5778e94dd,dbb3a0c6bd1ce68df6f2018ec474901648ed979fb9699444641b298fc0d58b3b,807bf880cd49c341e763249ed9effef9cffa986673e5db959be39f068fa37a8c
a9ccc4aacabf45bc86bc9e892d0a11a8,194,native_gfh,False,42,7.496007204055786,10.010801553726196,0.15555623173713684,0.2861989438533783,0.5322288274765015,17.156649827957153,0.1652992069721222,0.8445143699645996,b93e28d63a338ece7b68504653d4d266d12e45a97802ddd02f6c93279d4b1730,c9bec3b48ac2010ed74f2f68340f07bc73950f7149e45101f23c0ad5cdc4148a,8bc1361e8433d17931f9f2d8258e73bc38625f8466125e0080afa362e2a8d65c,0340047558809127cfbef95fc332f3ae1ce4145167192ddcfc30e1e5778e94dd,dbb3a0c6bd1ce68df6f2018ec474901648ed979fb9699444641b298fc0d58b3b,807bf880cd49c341e763249ed9effef9cffa986673e5db959be39f068fa37a8c
a9ccc4aacabf45bc86bc9e892d0a11a8,194,native_gfl,False,42,7.494245529174805,9.369816780090332,0.15802791714668274,0.2427821159362793,0.5308395028114319,17.794880867004395,0.16574402153491974,0.8415401577949524,b93e28d63a338ece7b68504653d4d266d12e45a97802ddd02f6c93279d4b1730,c9bec3b48ac2010ed74f2f68340f07bc73950f7149e45101f23c0ad5cdc4148a,8bc1361e8433d17931f9f2d8258e73bc38625f8466125e0080afa362e2a8d65c,0340047558809127cfbef95fc332f3ae1ce4145167192ddcfc30e1e5778e94dd,dbb3a0c6bd1ce68df6f2018ec474901648ed979fb9699444641b298fc0d58b3b,807bf880cd49c341e763249ed9effef9cffa986673e5db959be39f068fa37a8c
a9ccc4aacabf45bc86bc9e892d0a11a8,194,no_adapter,False,42,7.262468576431274,4.020393788814545,0.19401277601718903,0.2419646978378296,0.40551185607910156,9.010347723960876,0.5971961617469788,0.7251911163330078,b93e28d63a338ece7b68504653d4d266d12e45a97802ddd02f6c93279d4b1730,c9bec3b48ac2010ed74f2f68340f07bc73950f7149e45101f23c0ad5cdc4148a,8bc1361e8433d17931f9f2d8258e73bc38625f8466125e0080afa362e2a8d65c,0340047558809127cfbef95fc332f3ae1ce4145167192ddcfc30e1e5778e94dd,dbb3a0c6bd1ce68df6f2018ec474901648ed979fb9699444641b298fc0d58b3b,807bf880cd49c341e763249ed9effef9cffa986673e5db959be39f068fa37a8c
ac9b4be2e1af467b9a5312bc684d08a7,195,native_gc3,False,42,7.513336420059204,11.558650732040405,0.11998853832483292,0.22302959859371185,0.39309051632881165,19.68186378479004,0.15592911839485168,0.8756070733070374,55466684f8a5dc907c1bb55db898a0e4be3dbbcb109270b914a3da31603ab75f,980c2122f948fa0bc2a7dd5c2a6ed09c3a032b80abd539df56156c9183fdca67,7c11a888499c16241be68a1b90a1b686e4bc3154ecb3fc749fc936a339064b10,0340047558809127cfbef95fc332f3ae1ce4145167192ddcfc30e1e5778e94dd,d516fb060d9e9bfe29435d23d83bb22bce2b26173f97e1cec7447f30983ab7c3,893d24e76d4c14a08dbb60cf1fa8261a16de0d6cfbcfe602ff4d4c3523f6d3fb
ac9b4be2e1af467b9a5312bc684d08a7,195,native_gfh,False,42,7.486841201782227,12.69289255142212,0.11533857136964798,0.2513680160045624,0.4223115146160126,18.323054313659668,0.1655605435371399,0.8655831217765808,55466684f8a5dc907c1bb55db898a0e4be3dbbcb109270b914a3da31603ab75f,980c2122f948fa0bc2a7dd5c2a6ed09c3a032b80abd539df56156c9183fdca67,7c11a888499c16241be68a1b90a1b686e4bc3154ecb3fc749fc936a339064b10,0340047558809127cfbef95fc332f3ae1ce4145167192ddcfc30e1e5778e94dd,d516fb060d9e9bfe29435d23d83bb22bce2b26173f97e1cec7447f30983ab7c3,893d24e76d4c14a08dbb60cf1fa8261a16de0d6cfbcfe602ff4d4c3523f6d3fb
ac9b4be2e1af467b9a5312bc684d08a7,195,native_gfl,False,42,7.436633110046387,11.376454830169678,0.11845966428518295,0.21223972737789154,0.38678988814353943,19.700417518615723,0.1559092104434967,0.8715494275093079,55466684f8a5dc907c1bb55db898a0e4be3dbbcb109270b914a3da31603ab75f,980c2122f948fa0bc2a7dd5c2a6ed09c3a032b80abd539df56156c9183fdca67,7c11a888499c16241be68a1b90a1b686e4bc3154ecb3fc749fc936a339064b10,0340047558809127cfbef95fc332f3ae1ce4145167192ddcfc30e1e5778e94dd,d516fb060d9e9bfe29435d23d83bb22bce2b26173f97e1cec7447f30983ab7c3,893d24e76d4c14a08dbb60cf1fa8261a16de0d6cfbcfe602ff4d4c3523f6d3fb
ac9b4be2e1af467b9a5312bc684d08a7,195,no_adapter,False,42,7.1261067390441895,6.96227490901947,0.12841521203517914,0.27518460154533386,0.4313039779663086,11.436681747436523,0.6004036068916321,0.7494004368782043,55466684f8a5dc907c1bb55db898a0e4be3dbbcb109270b914a3da31603ab75f,980c2122f948fa0bc2a7dd5c2a6ed09c3a032b80abd539df56156c9183fdca67,7c11a888499c16241be68a1b90a1b686e4bc3154ecb3fc749fc936a339064b10,0340047558809127cfbef95fc332f3ae1ce4145167192ddcfc30e1e5778e94dd,d516fb060d9e9bfe29435d23d83bb22bce2b26173f97e1cec7447f30983ab7c3,893d24e76d4c14a08dbb60cf1fa8261a16de0d6cfbcfe602ff4d4c3523f6d3fb
ad1d5e7f538a4deeb6dd9abd8896808f,196,native_gc3,False,42,7.458021879196167,11.84016466140747,0.21856385469436646,0.37071692943573,0.3874085247516632,17.6980459690094,0.257612019777298,0.7992955446243286,52a4cab4ddbd08e6ad210ff7a4ee3d2c77617cc902ae0525f95ac803ac09e8f2,9c4a6283efaf9c576784545dd8440c024292ce226d1630c07ba920f4c6b30627,39b2c5c1bff7a585e6160837df5701fee31f82ec737de9f23531c6e9e27ac037,0340047558809127cfbef95fc332f3ae1ce4145167192ddcfc30e1e5778e94dd,801a4536dc855938507501eb676310e405377517f6ea1c84a0c3395c0a6022ed,732547e0c9f0ce45582b211521485c98811367e50cffb213c7e15a74e438a3ea
ad1d5e7f538a4deeb6dd9abd8896808f,196,native_gfh,False,42,7.4069554805755615,11.580134630203247,0.21695588529109955,0.40137654542922974,0.3983983099460602,17.22799777984619,0.26366695761680603,0.7991563081741333,52a4cab4ddbd08e6ad210ff7a4ee3d2c77617cc902ae0525f95ac803ac09e8f2,9c4a6283efaf9c576784545dd8440c024292ce226d1630c07ba920f4c6b30627,39b2c5c1bff7a585e6160837df5701fee31f82ec737de9f23531c6e9e27ac037,0340047558809127cfbef95fc332f3ae1ce4145167192ddcfc30e1e5778e94dd,801a4536dc855938507501eb676310e405377517f6ea1c84a0c3395c0a6022ed,732547e0c9f0ce45582b211521485c98811367e50cffb213c7e15a74e438a3ea
ad1d5e7f538a4deeb6dd9abd8896808f,196,native_gfl,False,42,7.35321831703186,12.346625328063965,0.21565808355808258,0.352094441652298,0.38455820083618164,17.955069541931152,0.25722336769104004,0.7946199774742126,52a4cab4ddbd08e6ad210ff7a4ee3d2c77617cc902ae0525f95ac803ac09e8f2,9c4a6283efaf9c576784545dd8440c024292ce226d1630c07ba920f4c6b30627,39b2c5c1bff7a585e6160837df5701fee31f82ec737de9f23531c6e9e27ac037,0340047558809127cfbef95fc332f3ae1ce4145167192ddcfc30e1e5778e94dd,801a4536dc855938507501eb676310e405377517f6ea1c84a0c3395c0a6022ed,732547e0c9f0ce45582b211521485c98811367e50cffb213c7e15a74e438a3ea
ad1d5e7f538a4deeb6dd9abd8896808f,196,no_adapter,False,42,7.165772438049316,5.249204635620117,0.28842025995254517,0.3496401607990265,0.34178051352500916,9.032492637634277,0.5973495841026306,0.6886022686958313,52a4cab4ddbd08e6ad210ff7a4ee3d2c77617cc902ae0525f95ac803ac09e8f2,9c4a6283efaf9c576784545dd8440c024292ce226d1630c07ba920f4c6b30627,39b2c5c1bff7a585e6160837df5701fee31f82ec737de9f23531c6e9e27ac037,0340047558809127cfbef95fc332f3ae1ce4145167192ddcfc30e1e5778e94dd,801a4536dc855938507501eb676310e405377517f6ea1c84a0c3395c0a6022ed,732547e0c9f0ce45582b211521485c98811367e50cffb213c7e15a74e438a3ea
af0b455df54f445eb95361ca43e76145,197,native_gc3,False,42,7.441628694534302,7.768581509590149,0.24859103560447693,0.3181151747703552,0.5250624418258667,14.673893451690674,0.24363826215267181,0.830115020275116,1df4b94c62d1558f61d387b1f9f3e7ec67d60a081b27c95f1fa53b421c6780c8,004230e704f5c0b90f048e7b793ae6910bd80ca92a09f85c9dd57caeb85c7ba5,89e3fa108e419a26b34fdc17d814329ac8abe69e417e92195967b391f595c902,0340047558809127cfbef95fc332f3ae1ce4145167192ddcfc30e1e5778e94dd,456be8f4e162c444bb5b5e875ada26b690bc91589959924eef193123c7c1b4ea,4934ac3a7160d91641a46d6ebbc1f1ce64df60fc5d66af67f2f0d0ce1e234718
af0b455df54f445eb95361ca43e76145,197,native_gfh,False,42,7.5269224643707275,8.088436722755432,0.23078960180282593,0.3798399269580841,0.5606242418289185,14.465265274047852,0.24454748630523682,0.8310825228691101,1df4b94c62d1558f61d387b1f9f3e7ec67d60a081b27c95f1fa53b421c6780c8,004230e704f5c0b90f048e7b793ae6910bd80ca92a09f85c9dd57caeb85c7ba5,89e3fa108e419a26b34fdc17d814329ac8abe69e417e92195967b391f595c902,0340047558809127cfbef95fc332f3ae1ce4145167192ddcfc30e1e5778e94dd,456be8f4e162c444bb5b5e875ada26b690bc91589959924eef193123c7c1b4ea,4934ac3a7160d91641a46d6ebbc1f1ce64df60fc5d66af67f2f0d0ce1e234718
af0b455df54f445eb95361ca43e76145,197,native_gfl,False,42,7.442929029464722,8.125117421150208,0.2547343671321869,0.3040497899055481,0.5213300585746765,15.090271234512329,0.24365253746509552,0.8302764296531677,1df4b94c62d1558f61d387b1f9f3e7ec67d60a081b27c95f1fa53b421c6780c8,004230e704f5c0b90f048e7b793ae6910bd80ca92a09f85c9dd57caeb85c7ba5,89e3fa108e419a26b34fdc17d814329ac8abe69e417e92195967b391f595c902,0340047558809127cfbef95fc332f3ae1ce4145167192ddcfc30e1e5778e94dd,456be8f4e162c444bb5b5e875ada26b690bc91589959924eef193123c7c1b4ea,4934ac3a7160d91641a46d6ebbc1f1ce64df60fc5d66af67f2f0d0ce1e234718
af0b455df54f445eb95361ca43e76145,197,no_adapter,False,42,7.226866245269775,3.2119426131248474,0.2443748414516449,0.3436199128627777,0.4955965280532837,8.344807028770447,0.6496193408966064,0.7103897929191589,1df4b94c62d1558f61d387b1f9f3e7ec67d60a081b27c95f1fa53b421c6780c8,004230e704f5c0b90f048e7b793ae6910bd80ca92a09f85c9dd57caeb85c7ba5,89e3fa108e419a26b34fdc17d814329ac8abe69e417e92195967b391f595c902,0340047558809127cfbef95fc332f3ae1ce4145167192ddcfc30e1e5778e94dd,456be8f4e162c444bb5b5e875ada26b690bc91589959924eef193123c7c1b4ea,4934ac3a7160d91641a46d6ebbc1f1ce64df60fc5d66af67f2f0d0ce1e234718
af5e59463c7c4be4ad5404bc053805db,198,native_gc3,False,42,7.515303373336792,11.889791488647461,0.21574914455413818,0.3462148606777191,0.4341708719730377,18.965961933135986,0.22027131915092468,0.841940701007843,59797bf3cd1afd22a1ef8977149dcc9d3df3c5542d2f0820807b41a152f6bca4,a714b38b13eed0266eb133e568a7cf3bcd5e3456bced73c87dc97bc9b57fc471,ec34ba7eb25d35124f58bfe3791bc2a72310bb2753107a607d2059940beb4631,0340047558809127cfbef95fc332f3ae1ce4145167192ddcfc30e1e5778e94dd,1648425beedc20c05580631d6dd6d2885a97a3b0dacce22cb86f65afe52013a7,aaa48cd6cd3462e73e28b75872d22ac035d73b64e21e8cf6e0ff7fee544126b1
af5e59463c7c4be4ad5404bc053805db,198,native_gfh,False,42,7.447158575057983,14.712098836898804,0.1885133534669876,0.3837326765060425,0.4592486619949341,19.434291124343872,0.2048405408859253,0.8394787311553955,59797bf3cd1afd22a1ef8977149dcc9d3df3c5542d2f0820807b41a152f6bca4,a714b38b13eed0266eb133e568a7cf3bcd5e3456bced73c87dc97bc9b57fc471,ec34ba7eb25d35124f58bfe3791bc2a72310bb2753107a607d2059940beb4631,0340047558809127cfbef95fc332f3ae1ce4145167192ddcfc30e1e5778e94dd,1648425beedc20c05580631d6dd6d2885a97a3b0dacce22cb86f65afe52013a7,aaa48cd6cd3462e73e28b75872d22ac035d73b64e21e8cf6e0ff7fee544126b1
af5e59463c7c4be4ad5404bc053805db,198,native_gfl,False,42,7.458460092544556,10.679725408554077,0.2260041981935501,0.32740333676338196,0.42530229687690735,18.19662094116211,0.2244941145181656,0.8341447114944458,59797bf3cd1afd22a1ef8977149dcc9d3df3c5542d2f0820807b41a152f6bca4,a714b38b13eed0266eb133e568a7cf3bcd5e3456bced73c87dc97bc9b57fc471,ec34ba7eb25d35124f58bfe3791bc2a72310bb2753107a607d2059940beb4631,0340047558809127cfbef95fc332f3ae1ce4145167192ddcfc30e1e5778e94dd,1648425beedc20c05580631d6dd6d2885a97a3b0dacce22cb86f65afe52013a7,aaa48cd6cd3462e73e28b75872d22ac035d73b64e21e8cf6e0ff7fee544126b1
af5e59463c7c4be4ad5404bc053805db,198,no_adapter,False,42,7.148317337036133,9.162331223487854,0.18866541981697083,0.49214428663253784,0.4238741099834442,11.973888874053955,0.5618845820426941,0.7857569456100464,59797bf3cd1afd22a1ef8977149dcc9d3df3c5542d2f0820807b41a152f6bca4,a714b38b13eed0266eb133e568a7cf3bcd5e3456bced73c87dc97bc9b57fc471,ec34ba7eb25d35124f58bfe3791bc2a72310bb2753107a607d2059940beb4631,0340047558809127cfbef95fc332f3ae1ce4145167192ddcfc30e1e5778e94dd,1648425beedc20c05580631d6dd6d2885a97a3b0dacce22cb86f65afe52013a7,aaa48cd6cd3462e73e28b75872d22ac035d73b64e21e8cf6e0ff7fee544126b1
aff49c9459b9457f806724a46feabcd7,199,native_gc3,False,42,7.431998014450073,15.410643815994263,0.2542378008365631,0.6799951195716858,0.5781406760215759,20.346264839172363,0.2695865333080292,0.8570182919502258,e6d84875c8f57f547c34da942436cf51906f4a6cf0e383ac6483ff22e88a2e75,ae1fabe7bdd6dcb0ab371f03f60c35968a545ddd939edc469cc4d6fdbc9b8c0a,7f760f78776f83352fbb91a05a43e1aa2483cab3e6d12e629e228c18509c7ee4,0340047558809127cfbef95fc332f3ae1ce4145167192ddcfc30e1e5778e94dd,603e1e6e11438c6e6c47ab2d28d0f2dfe2fe2523dc94b9e5f4923ea0563e5ab2,88ad670676fb04fa3da059be68922ba13d4868e8ffef42dadb2582ef4eb58353
aff49c9459b9457f806724a46feabcd7,199,native_gfh,False,42,7.497013568878174,16.74626350402832,0.23101677000522614,0.7568017840385437,0.623561680316925,20.145680904388428,0.25979992747306824,0.8694578409194946,e6d84875c8f57f547c34da942436cf51906f4a6cf0e383ac6483ff22e88a2e75,ae1fabe7bdd6dcb0ab371f03f60c35968a545ddd939edc469cc4d6fdbc9b8c0a,7f760f78776f83352fbb91a05a43e1aa2483cab3e6d12e629e228c18509c7ee4,0340047558809127cfbef95fc332f3ae1ce4145167192ddcfc30e1e5778e94dd,603e1e6e11438c6e6c47ab2d28d0f2dfe2fe2523dc94b9e5f4923ea0563e5ab2,88ad670676fb04fa3da059be68922ba13d4868e8ffef42dadb2582ef4eb58353
aff49c9459b9457f806724a46feabcd7,199,native_gfl,False,42,7.4009246826171875,13.299105167388916,0.27411672472953796,0.6697186827659607,0.5784308314323425,18.48170757293701,0.2793973982334137,0.8582584857940674,e6d84875c8f57f547c34da942436cf51906f4a6cf0e383ac6483ff22e88a2e75,ae1fabe7bdd6dcb0ab371f03f60c35968a545ddd939edc469cc4d6fdbc9b8c0a,7f760f78776f83352fbb91a05a43e1aa2483cab3e6d12e629e228c18509c7ee4,0340047558809127cfbef95fc332f3ae1ce4145167192ddcfc30e1e5778e94dd,603e1e6e11438c6e6c47ab2d28d0f2dfe2fe2523dc94b9e5f4923ea0563e5ab2,88ad670676fb04fa3da059be68922ba13d4868e8ffef42dadb2582ef4eb58353
aff49c9459b9457f806724a46feabcd7,199,no_adapter,False,42,7.175710201263428,11.561493873596191,0.2824900150299072,0.6423660516738892,0.529434859752655,10.171587467193604,0.6715871691703796,0.7098715901374817,e6d84875c8f57f547c34da942436cf51906f4a6cf0e383ac6483ff22e88a2e75,ae1fabe7bdd6dcb0ab371f03f60c35968a545ddd939edc469cc4d6fdbc9b8c0a,7f760f78776f83352fbb91a05a43e1aa2483cab3e6d12e629e228c18509c7ee4,0340047558809127cfbef95fc332f3ae1ce4145167192ddcfc30e1e5778e94dd,603e1e6e11438c6e6c47ab2d28d0f2dfe2fe2523dc94b9e5f4923ea0563e5ab2,88ad670676fb04fa3da059be68922ba13d4868e8ffef42dadb2582ef4eb58353
b09220089d0e486bb1d11a5fd80d8fd3,200,native_gc3,False,42,7.4365949630737305,7.5430357456207275,0.1286410391330719,0.08441605418920517,0.383218377828598,16.34411096572876,0.164444237947464,0.8298864364624023,1aef6c67a65b9eb800addd54b4a87cf44119aa0f8ed2087dcdc5569a0971171c,e6258282fb7b70a4fa60c275ba75df285b7a5a8f36a5ab59ed1b93356d88a6a4,77b3a442e45e40ee0028e0bc944bee7ed7c94204b477e69497e4ba827b32d845,0340047558809127cfbef95fc332f3ae1ce4145167192ddcfc30e1e5778e94dd,e3e7868b3c3b9e505d2becc1c6cda6e0649dd81ca8deec6c3c43792d42fe1e04,8afe2037f5e819490a3339ed8936aca77a2f03002304b087b725b4926f4c90a2
b09220089d0e486bb1d11a5fd80d8fd3,200,native_gfh,False,42,7.5265491008758545,6.584603786468506,0.15028148889541626,0.0780302956700325,0.37552154064178467,15.23305892944336,0.18490475416183472,0.8242687582969666,1aef6c67a65b9eb800addd54b4a87cf44119aa0f8ed2087dcdc5569a0971171c,e6258282fb7b70a4fa60c275ba75df285b7a5a8f36a5ab59ed1b93356d88a6a4,77b3a442e45e40ee0028e0bc944bee7ed7c94204b477e69497e4ba827b32d845,0340047558809127cfbef95fc332f3ae1ce4145167192ddcfc30e1e5778e94dd,e3e7868b3c3b9e505d2becc1c6cda6e0649dd81ca8deec6c3c43792d42fe1e04,8afe2037f5e819490a3339ed8936aca77a2f03002304b087b725b4926f4c90a2
b09220089d0e486bb1d11a5fd80d8fd3,200,native_gfl,False,42,7.3806586265563965,8.484395742416382,0.11773259192705154,0.08870771527290344,0.3852892220020294,17.01968550682068,0.16330215334892273,0.828548014163971,1aef6c67a65b9eb800addd54b4a87cf44119aa0f8ed2087dcdc5569a0971171c,e6258282fb7b70a4fa60c275ba75df285b7a5a8f36a5ab59ed1b93356d88a6a4,77b3a442e45e40ee0028e0bc944bee7ed7c94204b477e69497e4ba827b32d845,0340047558809127cfbef95fc332f3ae1ce4145167192ddcfc30e1e5778e94dd,e3e7868b3c3b9e505d2becc1c6cda6e0649dd81ca8deec6c3c43792d42fe1e04,8afe2037f5e819490a3339ed8936aca77a2f03002304b087b725b4926f4c90a2
b09220089d0e486bb1d11a5fd80d8fd3,200,no_adapter,False,42,7.078289747238159,0.869230255484581,0.15852880477905273,0.05596110224723816,0.3439737558364868,7.254416346549988,0.5601645708084106,0.7254220247268677,1aef6c67a65b9eb800addd54b4a87cf44119aa0f8ed2087dcdc5569a0971171c,e6258282fb7b70a4fa60c275ba75df285b7a5a8f36a5ab59ed1b93356d88a6a4,77b3a442e45e40ee0028e0bc944bee7ed7c94204b477e69497e4ba827b32d845,0340047558809127cfbef95fc332f3ae1ce4145167192ddcfc30e1e5778e94dd,e3e7868b3c3b9e505d2becc1c6cda6e0649dd81ca8deec6c3c43792d42fe1e04,8afe2037f5e819490a3339ed8936aca77a2f03002304b087b725b4926f4c90a2
b09f24d3eca14a179165798fa504e25e,201,native_gc3,False,42,7.423906564712524,14.88388180732727,0.20680561661720276,0.38034120202064514,0.42305615544319153,19.3189537525177,0.2310207039117813,0.8115894198417664,09e96951a9d8bf53d0bd61b37f13c4d68609d7c7e737d759de4f3b788bcc5e83,9d58b657e6d7b48e2e85bf74af8f6ef9306819294cda5f5d913da607a61a2094,b6bb7ebc76b3f2d429d2e56c823ed664caca7a2e85878f6d3099dc88f670a10c,0340047558809127cfbef95fc332f3ae1ce4145167192ddcfc30e1e5778e94dd,af92649cb274c8c10ef5cedb978f06062de6ff3eba6aa0348833770214a631b2,a22a2d20713843f2195627ab74930768b175eaffe7e201a8de897e3195a5c6e6
b09f24d3eca14a179165798fa504e25e,201,native_gfh,False,42,7.352529048919678,17.355958223342896,0.17753523588180542,0.4141130745410919,0.4637505114078522,19.28501605987549,0.2236197590827942,0.8055711388587952,09e96951a9d8bf53d0bd61b37f13c4d68609d7c7e737d759de4f3b788bcc5e83,9d58b657e6d7b48e2e85bf74af8f6ef9306819294cda5f5d913da607a61a2094,b6bb7ebc76b3f2d429d2e56c823ed664caca7a2e85878f6d3099dc88f670a10c,0340047558809127cfbef95fc332f3ae1ce4145167192ddcfc30e1e5778e94dd,af92649cb274c8c10ef5cedb978f06062de6ff3eba6aa0348833770214a631b2,a22a2d20713843f2195627ab74930768b175eaffe7e201a8de897e3195a5c6e6
b09f24d3eca14a179165798fa504e25e,201,native_gfl,False,42,7.325811147689819,13.30317735671997,0.2208699882030487,0.3386766314506531,0.40246573090553284,18.316965103149414,0.2370665818452835,0.8072352409362793,09e96951a9d8bf53d0bd61b37f13c4d68609d7c7e737d759de4f3b788bcc5e83,9d58b657e6d7b48e2e85bf74af8f6ef9306819294cda5f5d913da607a61a2094,b6bb7ebc76b3f2d429d2e56c823ed664caca7a2e85878f6d3099dc88f670a10c,0340047558809127cfbef95fc332f3ae1ce4145167192ddcfc30e1e5778e94dd,af92649cb274c8c10ef5cedb978f06062de6ff3eba6aa0348833770214a631b2,a22a2d20713843f2195627ab74930768b175eaffe7e201a8de897e3195a5c6e6
b09f24d3eca14a179165798fa504e25e,201,no_adapter,False,42,7.125733852386475,8.925195336341858,0.25413623452186584,0.4352828562259674,0.4787636995315552,10.058865547180176,0.6920390129089355,0.6643186211585999,09e96951a9d8bf53d0bd61b37f13c4d68609d7c7e737d759de4f3b788bcc5e83,9d58b657e6d7b48e2e85bf74af8f6ef9306819294cda5f5d913da607a61a2094,b6bb7ebc76b3f2d429d2e56c823ed664caca7a2e85878f6d3099dc88f670a10c,0340047558809127cfbef95fc332f3ae1ce4145167192ddcfc30e1e5778e94dd,af92649cb274c8c10ef5cedb978f06062de6ff3eba6aa0348833770214a631b2,a22a2d20713843f2195627ab74930768b175eaffe7e201a8de897e3195a5c6e6
b1521432bf014ff0bdf022e75695b304,202,native_gc3,False,42,7.38211727142334,12.849286794662476,0.2831375300884247,0.4121617376804352,0.4330129623413086,17.445708513259888,0.28989148139953613,0.770621657371521,4f8994dda768a1c43e0b78139848344cec551efac8f164323528aedb7d5c51b8,7a58d70bdba82ee152bb79c8e00a3052762b5abbbfba926c3491f602cf1a691f,12f8a396eb066e7259e2ba8cfb4bb486dd9891aed38f83a999f5ae7d0d76b226,0340047558809127cfbef95fc332f3ae1ce4145167192ddcfc30e1e5778e94dd,8b687418466fff7652d21ff0d07f51b4f692d277f75dff92c66e4c2135b2b92f,2c29da7498a3851ff40b0d259c273ddde730e673d778858ec4a24cfd582a0941
b1521432bf014ff0bdf022e75695b304,202,native_gfh,False,42,7.411208629608154,12.980587482452393,0.2849644124507904,0.46517837047576904,0.4340735673904419,16.9060480594635,0.3105170726776123,0.7762551307678223,4f8994dda768a1c43e0b78139848344cec551efac8f164323528aedb7d5c51b8,7a58d70bdba82ee152bb79c8e00a3052762b5abbbfba926c3491f602cf1a691f,12f8a396eb066e7259e2ba8cfb4bb486dd9891aed38f83a999f5ae7d0d76b226,0340047558809127cfbef95fc332f3ae1ce4145167192ddcfc30e1e5778e94dd,8b687418466fff7652d21ff0d07f51b4f692d277f75dff92c66e4c2135b2b92f,2c29da7498a3851ff40b0d259c273ddde730e673d778858ec4a24cfd582a0941
b1521432bf014ff0bdf022e75695b304,202,native_gfl,False,42,7.346888542175293,12.567923069000244,0.28323835134506226,0.353764146566391,0.4332572817802429,17.309372425079346,0.2875373363494873,0.754086971282959,4f8994dda768a1c43e0b78139848344cec551efac8f164323528aedb7d5c51b8,7a58d70bdba82ee152bb79c8e00a3052762b5abbbfba926c3491f602cf1a691f,12f8a396eb066e7259e2ba8cfb4bb486dd9891aed38f83a999f5ae7d0d76b226,0340047558809127cfbef95fc332f3ae1ce4145167192ddcfc30e1e5778e94dd,8b687418466fff7652d21ff0d07f51b4f692d277f75dff92c66e4c2135b2b92f,2c29da7498a3851ff40b0d259c273ddde730e673d778858ec4a24cfd582a0941
b1521432bf014ff0bdf022e75695b304,202,no_adapter,False,42,7.099754810333252,6.635727286338806,0.35797223448753357,0.40126657485961914,0.3312821686267853,8.837394118309021,0.6612575054168701,0.6127020716667175,4f8994dda768a1c43e0b78139848344cec551efac8f164323528aedb7d5c51b8,7a58d70bdba82ee152bb79c8e00a3052762b5abbbfba926c3491f602cf1a691f,12f8a396eb066e7259e2ba8cfb4bb486dd9891aed38f83a999f5ae7d0d76b226,0340047558809127cfbef95fc332f3ae1ce4145167192ddcfc30e1e5778e94dd,8b687418466fff7652d21ff0d07f51b4f692d277f75dff92c66e4c2135b2b92f,2c29da7498a3851ff40b0d259c273ddde730e673d778858ec4a24cfd582a0941
b22d7e22a8554413b0d90c2cd25247ff,203,native_gc3,False,42,7.456958293914795,9.867520332336426,0.09911975264549255,0.32426416873931885,0.6860013604164124,20.264792442321777,0.12631632387638092,0.8849326372146606,75e419b503881372d4805d18a7b17c8dfe9f9104fc5f8453c464f21eee02fa8a,5111e3da1749666c977695b65dae8b35005c67fbe6c10c21b7774f3c57f03427,cd0965217f812592d097f65453c1fa461e4f9615eddbd39b5e0a7ea20cc73d64,0340047558809127cfbef95fc332f3ae1ce4145167192ddcfc30e1e5778e94dd,a854c838e09bee67fab56bdc03b7361a27456a35eee52f26cf6b0a9d2948d5d3,78726e1b10436b6df6fe8062c2e356ee6d013264f325df7539383fe927b04394
b22d7e22a8554413b0d90c2cd25247ff,203,native_gfh,False,42,7.359295129776001,10.957931280136108,0.103938527405262,0.36274799704551697,0.7139952182769775,19.143584966659546,0.12686991691589355,0.8866785168647766,75e419b503881372d4805d18a7b17c8dfe9f9104fc5f8453c464f21eee02fa8a,5111e3da1749666c977695b65dae8b35005c67fbe6c10c21b7774f3c57f03427,cd0965217f812592d097f65453c1fa461e4f9615eddbd39b5e0a7ea20cc73d64,0340047558809127cfbef95fc332f3ae1ce4145167192ddcfc30e1e5778e94dd,a854c838e09bee67fab56bdc03b7361a27456a35eee52f26cf6b0a9d2948d5d3,78726e1b10436b6df6fe8062c2e356ee6d013264f325df7539383fe927b04394
b22d7e22a8554413b0d90c2cd25247ff,203,native_gfl,False,42,7.390492677688599,8.913023471832275,0.09958035498857498,0.30130845308303833,0.6722307801246643,19.931883811950684,0.12873101234436035,0.8811699748039246,75e419b503881372d4805d18a7b17c8dfe9f9104fc5f8453c464f21eee02fa8a,5111e3da1749666c977695b65dae8b35005c67fbe6c10c21b7774f3c57f03427,cd0965217f812592d097f65453c1fa461e4f9615eddbd39b5e0a7ea20cc73d64,0340047558809127cfbef95fc332f3ae1ce4145167192ddcfc30e1e5778e94dd,a854c838e09bee67fab56bdc03b7361a27456a35eee52f26cf6b0a9d2948d5d3,78726e1b10436b6df6fe8062c2e356ee6d013264f325df7539383fe927b04394
b22d7e22a8554413b0d90c2cd25247ff,203,no_adapter,False,42,7.131543874740601,7.296569347381592,0.10941217839717865,0.4134027063846588,0.6268572807312012,12.349425554275513,0.5095266699790955,0.8304905295372009,75e419b503881372d4805d18a7b17c8dfe9f9104fc5f8453c464f21eee02fa8a,5111e3da1749666c977695b65dae8b35005c67fbe6c10c21b7774f3c57f03427,cd0965217f812592d097f65453c1fa461e4f9615eddbd39b5e0a7ea20cc73d64,0340047558809127cfbef95fc332f3ae1ce4145167192ddcfc30e1e5778e94dd,a854c838e09bee67fab56bdc03b7361a27456a35eee52f26cf6b0a9d2948d5d3,78726e1b10436b6df6fe8062c2e356ee6d013264f325df7539383fe927b04394
b23f502dfb2f49b9ade0b74445a7e7c8,204,native_gc3,False,42,7.388136386871338,11.756436824798584,0.2568328082561493,0.4610395133495331,0.5953529477119446,17.957322597503662,0.2428136169910431,0.8318881988525391,a28347c79ab5c61d2ad733fe565103aac3f3a8c8c61c1c07418aae99c891a87f,a30793574e28ec0b0277e182f1983d3422b61091199eee0b1e2f26e13d33a7da,d8665205339f8d4e203bcab497c71e993ad5fab40a53047a37e89a56e9293af7,0340047558809127cfbef95fc332f3ae1ce4145167192ddcfc30e1e5778e94dd,87c65a9f8a90b2b0399f229f35d37f72d9d40612272db25f64b7d7538f08c52a,15cd399b533e13a115b1f62562a1d1e205160cd17436e771fb86d1745143e1a6
b23f502dfb2f49b9ade0b74445a7e7c8,204,native_gfh,False,42,7.448029279708862,12.65491247177124,0.25257694721221924,0.5744247436523438,0.6212557554244995,17.697516679763794,0.2530066668987274,0.8359361290931702,a28347c79ab5c61d2ad733fe565103aac3f3a8c8c61c1c07418aae99c891a87f,a30793574e28ec0b0277e182f1983d3422b61091199eee0b1e2f26e13d33a7da,d8665205339f8d4e203bcab497c71e993ad5fab40a53047a37e89a56e9293af7,0340047558809127cfbef95fc332f3ae1ce4145167192ddcfc30e1e5778e94dd,87c65a9f8a90b2b0399f229f35d37f72d9d40612272db25f64b7d7538f08c52a,15cd399b533e13a115b1f62562a1d1e205160cd17436e771fb86d1745143e1a6
b23f502dfb2f49b9ade0b74445a7e7c8,204,native_gfl,False,42,7.424831867218018,10.649203062057495,0.26338139176368713,0.4116446077823639,0.5855794548988342,17.139625549316406,0.2397104799747467,0.822679340839386,a28347c79ab5c61d2ad733fe565103aac3f3a8c8c61c1c07418aae99c891a87f,a30793574e28ec0b0277e182f1983d3422b61091199eee0b1e2f26e13d33a7da,d8665205339f8d4e203bcab497c71e993ad5fab40a53047a37e89a56e9293af7,0340047558809127cfbef95fc332f3ae1ce4145167192ddcfc30e1e5778e94dd,87c65a9f8a90b2b0399f229f35d37f72d9d40612272db25f64b7d7538f08c52a,15cd399b533e13a115b1f62562a1d1e205160cd17436e771fb86d1745143e1a6
b23f502dfb2f49b9ade0b74445a7e7c8,204,no_adapter,False,42,7.319413661956787,7.9485368728637695,0.2697010040283203,0.6204792857170105,0.589063286781311,8.795514702796936,0.6975346207618713,0.6820399165153503,a28347c79ab5c61d2ad733fe565103aac3f3a8c8c61c1c07418aae99c891a87f,a30793574e28ec0b0277e182f1983d3422b61091199eee0b1e2f26e13d33a7da,d8665205339f8d4e203bcab497c71e993ad5fab40a53047a37e89a56e9293af7,0340047558809127cfbef95fc332f3ae1ce4145167192ddcfc30e1e5778e94dd,87c65a9f8a90b2b0399f229f35d37f72d9d40612272db25f64b7d7538f08c52a,15cd399b533e13a115b1f62562a1d1e205160cd17436e771fb86d1745143e1a6
b27dbda31dd9440f94d45af77876c642,205,native_gc3,False,42,7.382474899291992,13.785715103149414,0.17119669914245605,0.5365718603134155,0.5280328392982483,20.92006206512451,0.1747153401374817,0.8800280690193176,cd0168b7d76261e712b5781faa9c3924d70a329c3a93ae9014684a376ad4c901,ac3d1a7746014c1f920bd4646360b6c9f22a737b4fd6ef3a539619183735333a,bdbeb88d3707d890ea27c337dcd168cdbb464a3c6db04c132a8f775f5bd2c7af,0340047558809127cfbef95fc332f3ae1ce4145167192ddcfc30e1e5778e94dd,73a45f7bf93b4d28261e0349a94b64f2cb3c223110525dc6c2c277c1d97d81de,ff2ccdf2290a78f6f99cf0f35a077bf0a14fd402969a01ff38e21cc92ddc499d
b27dbda31dd9440f94d45af77876c642,205,native_gfh,False,42,7.5520710945129395,15.310531854629517,0.15264543890953064,0.6207162737846375,0.5659183859825134,19.748916625976562,0.17451274394989014,0.8793250322341919,cd0168b7d76261e712b5781faa9c3924d70a329c3a93ae9014684a376ad4c901,ac3d1a7746014c1f920bd4646360b6c9f22a737b4fd6ef3a539619183735333a,bdbeb88d3707d890ea27c337dcd168cdbb464a3c6db04c132a8f775f5bd2c7af,0340047558809127cfbef95fc332f3ae1ce4145167192ddcfc30e1e5778e94dd,73a45f7bf93b4d28261e0349a94b64f2cb3c223110525dc6c2c277c1d97d81de,ff2ccdf2290a78f6f99cf0f35a077bf0a14fd402969a01ff38e21cc92ddc499d
b27dbda31dd9440f94d45af77876c642,205,native_gfl,False,42,7.343157768249512,11.789758205413818,0.1815892457962036,0.4965609312057495,0.518537163734436,19.543721675872803,0.17641380429267883,0.8738496899604797,cd0168b7d76261e712b5781faa9c3924d70a329c3a93ae9014684a376ad4c901,ac3d1a7746014c1f920bd4646360b6c9f22a737b4fd6ef3a539619183735333a,bdbeb88d3707d890ea27c337dcd168cdbb464a3c6db04c132a8f775f5bd2c7af,0340047558809127cfbef95fc332f3ae1ce4145167192ddcfc30e1e5778e94dd,73a45f7bf93b4d28261e0349a94b64f2cb3c223110525dc6c2c277c1d97d81de,ff2ccdf2290a78f6f99cf0f35a077bf0a14fd402969a01ff38e21cc92ddc499d
b27dbda31dd9440f94d45af77876c642,205,no_adapter,False,42,7.105710983276367,10.04412293434143,0.14770640432834625,0.6430091261863708,0.49696052074432373,12.052083015441895,0.5330932140350342,0.8302934765815735,cd0168b7d76261e712b5781faa9c3924d70a329c3a93ae9014684a376ad4c901,ac3d1a7746014c1f920bd4646360b6c9f22a737b4fd6ef3a539619183735333a,bdbeb88d3707d890ea27c337dcd168cdbb464a3c6db04c132a8f775f5bd2c7af,0340047558809127cfbef95fc332f3ae1ce4145167192ddcfc30e1e5778e94dd,73a45f7bf93b4d28261e0349a94b64f2cb3c223110525dc6c2c277c1d97d81de,ff2ccdf2290a78f6f99cf0f35a077bf0a14fd402969a01ff38e21cc92ddc499d
b3c84129a0884722b61e9434876bea99,206,native_gc3,False,42,7.488336086273193,11.957212686538696,0.09209208190441132,0.13769899308681488,0.3315831124782562,19.968115091323853,0.29254332184791565,0.8196401596069336,44de9fcb6c4e54056e9522dbd667e0049d15b6f6357b74a023efba626d541fb2,7341f08a2dc82ac99ace167a06875143a2c58e7674256be2d64e6af374036157,e21dc20ca0772a2f2f5bc4221124ffa5f954943bf826ed36b7e3bb0caec09eea,0340047558809127cfbef95fc332f3ae1ce4145167192ddcfc30e1e5778e94dd,ba9846071b6f64bc67a854dd8a8199cd2616cdfa80b6573dc07eef701206476f,15b338542871e778f9c296f73190fa91b01c78a4a03a54d7a5a0fe07bfda2b94
b3c84129a0884722b61e9434876bea99,206,native_gfh,False,42,7.434951543807983,13.586926460266113,0.07247737050056458,0.12427293509244919,0.32973551750183105,18.70029091835022,0.2974174916744232,0.8121634721755981,44de9fcb6c4e54056e9522dbd667e0049d15b6f6357b74a023efba626d541fb2,7341f08a2dc82ac99ace167a06875143a2c58e7674256be2d64e6af374036157,e21dc20ca0772a2f2f5bc4221124ffa5f954943bf826ed36b7e3bb0caec09eea,0340047558809127cfbef95fc332f3ae1ce4145167192ddcfc30e1e5778e94dd,ba9846071b6f64bc67a854dd8a8199cd2616cdfa80b6573dc07eef701206476f,15b338542871e778f9c296f73190fa91b01c78a4a03a54d7a5a0fe07bfda2b94
b3c84129a0884722b61e9434876bea99,206,native_gfl,False,42,7.509225606918335,11.780210733413696,0.09704287350177765,0.13852563500404358,0.32862862944602966,20.115551948547363,0.30694779753685,0.8196508884429932,44de9fcb6c4e54056e9522dbd667e0049d15b6f6357b74a023efba626d541fb2,7341f08a2dc82ac99ace167a06875143a2c58e7674256be2d64e6af374036157,e21dc20ca0772a2f2f5bc4221124ffa5f954943bf826ed36b7e3bb0caec09eea,0340047558809127cfbef95fc332f3ae1ce4145167192ddcfc30e1e5778e94dd,ba9846071b6f64bc67a854dd8a8199cd2616cdfa80b6573dc07eef701206476f,15b338542871e778f9c296f73190fa91b01c78a4a03a54d7a5a0fe07bfda2b94
b3c84129a0884722b61e9434876bea99,206,no_adapter,False,42,7.1858601570129395,9.70237672328949,0.11147613078355789,0.08154149353504181,0.3112054467201233,11.82668685913086,0.666528046131134,0.7017985582351685,44de9fcb6c4e54056e9522dbd667e0049d15b6f6357b74a023efba626d541fb2,7341f08a2dc82ac99ace167a06875143a2c58e7674256be2d64e6af374036157,e21dc20ca0772a2f2f5bc4221124ffa5f954943bf826ed36b7e3bb0caec09eea,0340047558809127cfbef95fc332f3ae1ce4145167192ddcfc30e1e5778e94dd,ba9846071b6f64bc67a854dd8a8199cd2616cdfa80b6573dc07eef701206476f,15b338542871e778f9c296f73190fa91b01c78a4a03a54d7a5a0fe07bfda2b94
b51c986dcaaa438cb2eb1222caa15495,207,native_gc3,False,42,7.427200555801392,9.507462978363037,0.23971687257289886,0.31769514083862305,0.4480198919773102,16.129040718078613,0.25028127431869507,0.8305192589759827,648f3fd58d5b3179930cc145fda18875f6cddc781c22bb1fbf33475d3d9ba737,c412ca7d96fde0002eeb4c92192bb24bb549b930ceb2c3d3fc73b98330322927,7af94ef7041b18ec3042a7f9924fd0c596fdb0b53eab56369c029211a952c10a,0340047558809127cfbef95fc332f3ae1ce4145167192ddcfc30e1e5778e94dd,5f20e572ed617c1e9ddb2f0d446da8fe3a2ff01a7827e3da5e25b56e14511ee8,32135ac8299204e169db5df84b0825a4d974bf24dbff1fa88bcede8d36a91cfe
b51c986dcaaa438cb2eb1222caa15495,207,native_gfh,False,42,7.4200356006622314,8.968493938446045,0.2424110472202301,0.35254591703414917,0.45939964056015015,15.302040576934814,0.25852179527282715,0.8267660140991211,648f3fd58d5b3179930cc145fda18875f6cddc781c22bb1fbf33475d3d9ba737,c412ca7d96fde0002eeb4c92192bb24bb549b930ceb2c3d3fc73b98330322927,7af94ef7041b18ec3042a7f9924fd0c596fdb0b53eab56369c029211a952c10a,0340047558809127cfbef95fc332f3ae1ce4145167192ddcfc30e1e5778e94dd,5f20e572ed617c1e9ddb2f0d446da8fe3a2ff01a7827e3da5e25b56e14511ee8,32135ac8299204e169db5df84b0825a4d974bf24dbff1fa88bcede8d36a91cfe
b51c986dcaaa438cb2eb1222caa15495,207,native_gfl,False,42,7.3634350299835205,10.220377445220947,0.23969599604606628,0.31685954332351685,0.44876518845558167,16.843128204345703,0.2484753429889679,0.8327757716178894,648f3fd58d5b3179930cc145fda18875f6cddc781c22bb1fbf33475d3d9ba737,c412ca7d96fde0002eeb4c92192bb24bb549b930ceb2c3d3fc73b98330322927,7af94ef7041b18ec3042a7f9924fd0c596fdb0b53eab56369c029211a952c10a,0340047558809127cfbef95fc332f3ae1ce4145167192ddcfc30e1e5778e94dd,5f20e572ed617c1e9ddb2f0d446da8fe3a2ff01a7827e3da5e25b56e14511ee8,32135ac8299204e169db5df84b0825a4d974bf24dbff1fa88bcede8d36a91cfe
b51c986dcaaa438cb2eb1222caa15495,207,no_adapter,False,42,7.114325523376465,4.055375456809998,0.2831719219684601,0.31501442193984985,0.3943271338939667,8.1205815076828,0.6311309337615967,0.7000710368156433,648f3fd58d5b3179930cc145fda18875f6cddc781c22bb1fbf33475d3d9ba737,c412ca7d96fde0002eeb4c92192bb24bb549b930ceb2c3d3fc73b98330322927,7af94ef7041b18ec3042a7f9924fd0c596fdb0b53eab56369c029211a952c10a,0340047558809127cfbef95fc332f3ae1ce4145167192ddcfc30e1e5778e94dd,5f20e572ed617c1e9ddb2f0d446da8fe3a2ff01a7827e3da5e25b56e14511ee8,32135ac8299204e169db5df84b0825a4d974bf24dbff1fa88bcede8d36a91cfe
b591ba0dacc741b5b642b8bee9f9d23a,208,native_gc3,False,42,7.381027460098267,12.64691710472107,0.13252562284469604,0.31823936104774475,0.44098857045173645,19.142191410064697,0.16299515962600708,0.8562972545623779,f74df03cce431165b45029eed0f63b99cde9d1da0e01e9ec608337b3550170ba,d003f7b1fc04ec8de5e9129825e94d5744e911fc43b474d673b81588241cfe7c,b1659b6c0181e90cd7a6e5b62518bf96b67bc52825f087c5399e2a0ee162f78d,0340047558809127cfbef95fc332f3ae1ce4145167192ddcfc30e1e5778e94dd,198ce4b7738583328d7c0123c6cdb9746d3fda9db24a0c0b2a02e9d751eb4604,54e53669bd31e062a9732a5d4f69c044f714f311c41995f8cf575a94983735cc
b591ba0dacc741b5b642b8bee9f9d23a,208,native_gfh,False,42,7.517423152923584,12.622891664505005,0.1299978792667389,0.3519270122051239,0.46234187483787537,18.178821802139282,0.1676628589630127,0.8527822494506836,f74df03cce431165b45029eed0f63b99cde9d1da0e01e9ec608337b3550170ba,d003f7b1fc04ec8de5e9129825e94d5744e911fc43b474d673b81588241cfe7c,b1659b6c0181e90cd7a6e5b62518bf96b67bc52825f087c5399e2a0ee162f78d,0340047558809127cfbef95fc332f3ae1ce4145167192ddcfc30e1e5778e94dd,198ce4b7738583328d7c0123c6cdb9746d3fda9db24a0c0b2a02e9d751eb4604,54e53669bd31e062a9732a5d4f69c044f714f311c41995f8cf575a94983735cc
b591ba0dacc741b5b642b8bee9f9d23a,208,native_gfl,False,42,7.56908655166626,12.411047220230103,0.13184472918510437,0.30784839391708374,0.43438318371772766,19.12471294403076,0.17964349687099457,0.8537980914115906,f74df03cce431165b45029eed0f63b99cde9d1da0e01e9ec608337b3550170ba,d003f7b1fc04ec8de5e9129825e94d5744e911fc43b474d673b81588241cfe7c,b1659b6c0181e90cd7a6e5b62518bf96b67bc52825f087c5399e2a0ee162f78d,0340047558809127cfbef95fc332f3ae1ce4145167192ddcfc30e1e5778e94dd,198ce4b7738583328d7c0123c6cdb9746d3fda9db24a0c0b2a02e9d751eb4604,54e53669bd31e062a9732a5d4f69c044f714f311c41995f8cf575a94983735cc
b591ba0dacc741b5b642b8bee9f9d23a,208,no_adapter,False,42,7.206135034561157,6.649237275123596,0.16855819523334503,0.32475098967552185,0.4162624478340149,9.490564465522766,0.5981684923171997,0.7360584735870361,f74df03cce431165b45029eed0f63b99cde9d1da0e01e9ec608337b3550170ba,d003f7b1fc04ec8de5e9129825e94d5744e911fc43b474d673b81588241cfe7c,b1659b6c0181e90cd7a6e5b62518bf96b67bc52825f087c5399e2a0ee162f78d,0340047558809127cfbef95fc332f3ae1ce4145167192ddcfc30e1e5778e94dd,198ce4b7738583328d7c0123c6cdb9746d3fda9db24a0c0b2a02e9d751eb4604,54e53669bd31e062a9732a5d4f69c044f714f311c41995f8cf575a94983735cc
b60d3c625cc64239b22aecc1b97f45bd,209,native_gc3,False,42,7.588285684585571,10.224262475967407,0.0919799655675888,0.18154358863830566,0.40399691462516785,20.004630088806152,0.2523592710494995,0.839040994644165,95c7835afcd6d79af6ba52c690e27812ab1bcca40b1fbb4035a86e0d58d57e97,701e9dcbb614542983fb18ac9f9f15bc0afdc86f333bb65cc38415c9fbe0f2f8,5c02120083c77a3e99f563e31b1670bf0c920b3f95f50c38be04edb91689bed6,0340047558809127cfbef95fc332f3ae1ce4145167192ddcfc30e1e5778e94dd,f468c0bb791162d12c4d9c069f194d83472a0c895f42142323f16978e0d6ac46,c540449270a0ebcb69eb1beca5962202b2a64006f0f5bc832ce5ccdd5775f06a
b60d3c625cc64239b22aecc1b97f45bd,209,native_gfh,False,42,7.537787914276123,12.83457636833191,0.06714348495006561,0.18279339373111725,0.41564348340034485,18.890745639801025,0.24278226494789124,0.8337481617927551,95c7835afcd6d79af6ba52c690e27812ab1bcca40b1fbb4035a86e0d58d57e97,701e9dcbb614542983fb18ac9f9f15bc0afdc86f333bb65cc38415c9fbe0f2f8,5c02120083c77a3e99f563e31b1670bf0c920b3f95f50c38be04edb91689bed6,0340047558809127cfbef95fc332f3ae1ce4145167192ddcfc30e1e5778e94dd,f468c0bb791162d12c4d9c069f194d83472a0c895f42142323f16978e0d6ac46,c540449270a0ebcb69eb1beca5962202b2a64006f0f5bc832ce5ccdd5775f06a
b60d3c625cc64239b22aecc1b97f45bd,209,native_gfl,False,42,7.5415613651275635,9.891828894615173,0.0954386442899704,0.18050295114517212,0.4022984802722931,20.11714458465576,0.2550402283668518,0.8372945785522461,95c7835afcd6d79af6ba52c690e27812ab1bcca40b1fbb4035a86e0d58d57e97,701e9dcbb614542983fb18ac9f9f15bc0afdc86f333bb65cc38415c9fbe0f2f8,5c02120083c77a3e99f563e31b1670bf0c920b3f95f50c38be04edb91689bed6,0340047558809127cfbef95fc332f3ae1ce4145167192ddcfc30e1e5778e94dd,f468c0bb791162d12c4d9c069f194d83472a0c895f42142323f16978e0d6ac46,c540449270a0ebcb69eb1beca5962202b2a64006f0f5bc832ce5ccdd5775f06a
b60d3c625cc64239b22aecc1b97f45bd,209,no_adapter,False,42,7.1653852462768555,10.070290565490723,0.108773373067379,0.17126838862895966,0.3896094262599945,11.620227098464966,0.6437434554100037,0.7139647603034973,95c7835afcd6d79af6ba52c690e27812ab1bcca40b1fbb4035a86e0d58d57e97,701e9dcbb614542983fb18ac9f9f15bc0afdc86f333bb65cc38415c9fbe0f2f8,5c02120083c77a3e99f563e31b1670bf0c920b3f95f50c38be04edb91689bed6,0340047558809127cfbef95fc332f3ae1ce4145167192ddcfc30e1e5778e94dd,f468c0bb791162d12c4d9c069f194d83472a0c895f42142323f16978e0d6ac46,c540449270a0ebcb69eb1beca5962202b2a64006f0f5bc832ce5ccdd5775f06a
b689c644d0e745f5ac27417bc2bc5abe,210,native_gc3,False,42,7.473048686981201,10.73251724243164,0.18704679608345032,0.27281492948532104,0.4091515839099884,18.03336262702942,0.24809516966342926,0.8226979970932007,544692bb228d6b3ec1d52195a77cb99391b90a1fe2163b9367b2764cb3f43bae,4b6bb48854fea9185e9c337432e546f7c2f67cc1d162433093e4e7c5988e9ae6,8415d7454da13e4afab8b34adc151170f75a67ad80c9cb5a850af7e43129aa5a,0340047558809127cfbef95fc332f3ae1ce4145167192ddcfc30e1e5778e94dd,102163976eb405e9aaec28d5102a68c4d6c85b41e9bad2035c0bf3534d8c994b,9e9044750edfd3ffd349eb64dfb3e2f30adb14dbdc3bb5a4fb8eb5e7f62dceac
b689c644d0e745f5ac27417bc2bc5abe,210,native_gfh,False,42,7.442295074462891,11.562352180480957,0.17154282331466675,0.29945674538612366,0.41453954577445984,17.655460834503174,0.25178539752960205,0.8220797777175903,544692bb228d6b3ec1d52195a77cb99391b90a1fe2163b9367b2764cb3f43bae,4b6bb48854fea9185e9c337432e546f7c2f67cc1d162433093e4e7c5988e9ae6,8415d7454da13e4afab8b34adc151170f75a67ad80c9cb5a850af7e43129aa5a,0340047558809127cfbef95fc332f3ae1ce4145167192ddcfc30e1e5778e94dd,102163976eb405e9aaec28d5102a68c4d6c85b41e9bad2035c0bf3534d8c994b,9e9044750edfd3ffd349eb64dfb3e2f30adb14dbdc3bb5a4fb8eb5e7f62dceac
b689c644d0e745f5ac27417bc2bc5abe,210,native_gfl,False,42,7.583785772323608,10.38994312286377,0.19853967428207397,0.25821101665496826,0.4034216105937958,17.864646911621094,0.2590625286102295,0.8166067600250244,544692bb228d6b3ec1d52195a77cb99391b90a1fe2163b9367b2764cb3f43bae,4b6bb48854fea9185e9c337432e546f7c2f67cc1d162433093e4e7c5988e9ae6,8415d7454da13e4afab8b34adc151170f75a67ad80c9cb5a850af7e43129aa5a,0340047558809127cfbef95fc332f3ae1ce4145167192ddcfc30e1e5778e94dd,102163976eb405e9aaec28d5102a68c4d6c85b41e9bad2035c0bf3534d8c994b,9e9044750edfd3ffd349eb64dfb3e2f30adb14dbdc3bb5a4fb8eb5e7f62dceac
b689c644d0e745f5ac27417bc2bc5abe,210,no_adapter,False,42,7.318234443664551,6.593136191368103,0.18942444026470184,0.3300435543060303,0.3712497353553772,10.257372856140137,0.6153547167778015,0.7342429161071777,544692bb228d6b3ec1d52195a77cb99391b90a1fe2163b9367b2764cb3f43bae,4b6bb48854fea9185e9c337432e546f7c2f67cc1d162433093e4e7c5988e9ae6,8415d7454da13e4afab8b34adc151170f75a67ad80c9cb5a850af7e43129aa5a,0340047558809127cfbef95fc332f3ae1ce4145167192ddcfc30e1e5778e94dd,102163976eb405e9aaec28d5102a68c4d6c85b41e9bad2035c0bf3534d8c994b,9e9044750edfd3ffd349eb64dfb3e2f30adb14dbdc3bb5a4fb8eb5e7f62dceac
b69f3a927f5d4cdd9c0a47397620c5a0,211,native_gc3,False,42,7.393870115280151,10.240917205810547,0.1424887478351593,0.29674890637397766,0.5069653987884521,18.575992584228516,0.17180876433849335,0.8654384016990662,3c46ae00ba47ad3700c9bdb8a8b94714065f7fe0ecdcf3f20aaeef2c62130bba,9b1d64f42d91661b22270ab4fa318ec24ce41e4d95d68e1298504c1ec79086b4,18912e318a0e26a973d4311fcb39e5fc396b26c7412e90e254466c6970ebddae,0340047558809127cfbef95fc332f3ae1ce4145167192ddcfc30e1e5778e94dd,4219274e9546d430ac0c6f4d3a1ec1d3f1815cd8e4fafa830e95f4f7537b212a,e7a1ce96a75a704739d6a26cdce12b60864c24823ee9a599b31084fe78d3006e
b69f3a927f5d4cdd9c0a47397620c5a0,211,native_gfh,False,42,7.34128475189209,9.706931114196777,0.14595140516757965,0.31198370456695557,0.4918590486049652,17.427492141723633,0.18667112290859222,0.8581365942955017,3c46ae00ba47ad3700c9bdb8a8b94714065f7fe0ecdcf3f20aaeef2c62130bba,9b1d64f42d91661b22270ab4fa318ec24ce41e4d95d68e1298504c1ec79086b4,18912e318a0e26a973d4311fcb39e5fc396b26c7412e90e254466c6970ebddae,0340047558809127cfbef95fc332f3ae1ce4145167192ddcfc30e1e5778e94dd,4219274e9546d430ac0c6f4d3a1ec1d3f1815cd8e4fafa830e95f4f7537b212a,e7a1ce96a75a704739d6a26cdce12b60864c24823ee9a599b31084fe78d3006e
b69f3a927f5d4cdd9c0a47397620c5a0,211,native_gfl,False,42,7.356619119644165,10.259604454040527,0.14108335971832275,0.29596400260925293,0.5112392902374268,18.819762468338013,0.16843579709529877,0.862362265586853,3c46ae00ba47ad3700c9bdb8a8b94714065f7fe0ecdcf3f20aaeef2c62130bba,9b1d64f42d91661b22270ab4fa318ec24ce41e4d95d68e1298504c1ec79086b4,18912e318a0e26a973d4311fcb39e5fc396b26c7412e90e254466c6970ebddae,0340047558809127cfbef95fc332f3ae1ce4145167192ddcfc30e1e5778e94dd,4219274e9546d430ac0c6f4d3a1ec1d3f1815cd8e4fafa830e95f4f7537b212a,e7a1ce96a75a704739d6a26cdce12b60864c24823ee9a599b31084fe78d3006e
b69f3a927f5d4cdd9c0a47397620c5a0,211,no_adapter,False,42,7.045220851898193,3.825262188911438,0.14656305313110352,0.28433865308761597,0.41851359605789185,9.557645320892334,0.5411984920501709,0.7651220560073853,3c46ae00ba47ad3700c9bdb8a8b94714065f7fe0ecdcf3f20aaeef2c62130bba,9b1d64f42d91661b22270ab4fa318ec24ce41e4d95d68e1298504c1ec79086b4,18912e318a0e26a973d4311fcb39e5fc396b26c7412e90e254466c6970ebddae,0340047558809127cfbef95fc332f3ae1ce4145167192ddcfc30e1e5778e94dd,4219274e9546d430ac0c6f4d3a1ec1d3f1815cd8e4fafa830e95f4f7537b212a,e7a1ce96a75a704739d6a26cdce12b60864c24823ee9a599b31084fe78d3006e
b75c502ec8174fcb99a6f6ff643f7b8c,212,native_gc3,False,42,7.454828262329102,14.111521244049072,0.19012990593910217,0.6260208487510681,0.5770003795623779,20.039174556732178,0.1954561024904251,0.8600320219993591,050acd0959ad199addcb718ed2e6e663d9b9a8589709d517a09668adcc30ff36,456cfdff33dce8ff2fb4e8c5a3bd6d0f17eb360a108794f93bb23a5605347ef6,a68bce1ca2797e7766d84ff6f534636c8f50ec4c11d6ad39335cc3f41f78bb64,0340047558809127cfbef95fc332f3ae1ce4145167192ddcfc30e1e5778e94dd,86bd822397bb0d2e922ee3a00fa9aea40170d38bc34f05c7f6eedad253244d9f,17da36f7e9fa0b09b946bc28af72dc29ebf06f526f9be944b8679a0e954c5cea
b75c502ec8174fcb99a6f6ff643f7b8c,212,native_gfh,False,42,7.438784837722778,14.598112106323242,0.1828075498342514,0.6915674805641174,0.634778618812561,19.341922998428345,0.20025230944156647,0.8632492423057556,050acd0959ad199addcb718ed2e6e663d9b9a8589709d517a09668adcc30ff36,456cfdff33dce8ff2fb4e8c5a3bd6d0f17eb360a108794f93bb23a5605347ef6,a68bce1ca2797e7766d84ff6f534636c8f50ec4c11d6ad39335cc3f41f78bb64,0340047558809127cfbef95fc332f3ae1ce4145167192ddcfc30e1e5778e94dd,86bd822397bb0d2e922ee3a00fa9aea40170d38bc34f05c7f6eedad253244d9f,17da36f7e9fa0b09b946bc28af72dc29ebf06f526f9be944b8679a0e954c5cea
b75c502ec8174fcb99a6f6ff643f7b8c,212,native_gfl,False,42,7.442036867141724,11.858912706375122,0.2117597460746765,0.598774790763855,0.5622943639755249,17.987234592437744,0.2108927071094513,0.8532925844192505,050acd0959ad199addcb718ed2e6e663d9b9a8589709d517a09668adcc30ff36,456cfdff33dce8ff2fb4e8c5a3bd6d0f17eb360a108794f93bb23a5605347ef6,a68bce1ca2797e7766d84ff6f534636c8f50ec4c11d6ad39335cc3f41f78bb64,0340047558809127cfbef95fc332f3ae1ce4145167192ddcfc30e1e5778e94dd,86bd822397bb0d2e922ee3a00fa9aea40170d38bc34f05c7f6eedad253244d9f,17da36f7e9fa0b09b946bc28af72dc29ebf06f526f9be944b8679a0e954c5cea
b75c502ec8174fcb99a6f6ff643f7b8c,212,no_adapter,False,42,7.251277685165405,11.554239988327026,0.22807127237319946,0.6662033200263977,0.5708858370780945,11.749751567840576,0.6391816735267639,0.7371329069137573,050acd0959ad199addcb718ed2e6e663d9b9a8589709d517a09668adcc30ff36,456cfdff33dce8ff2fb4e8c5a3bd6d0f17eb360a108794f93bb23a5605347ef6,a68bce1ca2797e7766d84ff6f534636c8f50ec4c11d6ad39335cc3f41f78bb64,0340047558809127cfbef95fc332f3ae1ce4145167192ddcfc30e1e5778e94dd,86bd822397bb0d2e922ee3a00fa9aea40170d38bc34f05c7f6eedad253244d9f,17da36f7e9fa0b09b946bc28af72dc29ebf06f526f9be944b8679a0e954c5cea
b9713f24d0f64f799077bcf8b0202553,213,native_gc3,False,42,7.329340219497681,14.68317985534668,0.18263432383537292,0.5554798245429993,0.5419490933418274,20.515637397766113,0.19336403906345367,0.8528833985328674,fbe1029342b196e04472bef8e4aa953b742af4bebef02f88af6d5d3d034b8d6b,3cb51bc208517f6ff1b57e696ad16e02aa30403722da50503e1888882810c95d,7791935f9a3f29e717b0c8bb582ccf20351fc53b52f992e014f047ead8e005cb,0340047558809127cfbef95fc332f3ae1ce4145167192ddcfc30e1e5778e94dd,e64326432c6dc69a7c5a29c071d1f65b10e9f3abefd5268c3ba7249f1d633289,90c1fc7595bb2c8c606877c74dfdbae12fff03de55c67d97b4cf508191849cf4
b9713f24d0f64f799077bcf8b0202553,213,native_gfh,False,42,7.475620746612549,15.640381574630737,0.17551365494728088,0.6206498742103577,0.582144558429718,19.899513721466064,0.1984979212284088,0.8552535772323608,fbe1029342b196e04472bef8e4aa953b742af4bebef02f88af6d5d3d034b8d6b,3cb51bc208517f6ff1b57e696ad16e02aa30403722da50503e1888882810c95d,7791935f9a3f29e717b0c8bb582ccf20351fc53b52f992e014f047ead8e005cb,0340047558809127cfbef95fc332f3ae1ce4145167192ddcfc30e1e5778e94dd,e64326432c6dc69a7c5a29c071d1f65b10e9f3abefd5268c3ba7249f1d633289,90c1fc7595bb2c8c606877c74dfdbae12fff03de55c67d97b4cf508191849cf4
b9713f24d0f64f799077bcf8b0202553,213,native_gfl,False,42,7.606220006942749,12.447259426116943,0.20063993334770203,0.5136330723762512,0.5218787789344788,18.739689588546753,0.19993431866168976,0.8409854173660278,fbe1029342b196e04472bef8e4aa953b742af4bebef02f88af6d5d3d034b8d6b,3cb51bc208517f6ff1b57e696ad16e02aa30403722da50503e1888882810c95d,7791935f9a3f29e717b0c8bb582ccf20351fc53b52f992e014f047ead8e005cb,0340047558809127cfbef95fc332f3ae1ce4145167192ddcfc30e1e5778e94dd,e64326432c6dc69a7c5a29c071d1f65b10e9f3abefd5268c3ba7249f1d633289,90c1fc7595bb2c8c606877c74dfdbae12fff03de55c67d97b4cf508191849cf4
b9713f24d0f64f799077bcf8b0202553,213,no_adapter,False,42,7.314357042312622,10.643584728240967,0.1798899620771408,0.6751431822776794,0.5443235039710999,11.177067756652832,0.5778385996818542,0.7766082286834717,fbe1029342b196e04472bef8e4aa953b742af4bebef02f88af6d5d3d034b8d6b,3cb51bc208517f6ff1b57e696ad16e02aa30403722da50503e1888882810c95d,7791935f9a3f29e717b0c8bb582ccf20351fc53b52f992e014f047ead8e005cb,0340047558809127cfbef95fc332f3ae1ce4145167192ddcfc30e1e5778e94dd,e64326432c6dc69a7c5a29c071d1f65b10e9f3abefd5268c3ba7249f1d633289,90c1fc7595bb2c8c606877c74dfdbae12fff03de55c67d97b4cf508191849cf4
b9f300632e7344f5a8509aff2fbcbad6,214,native_gc3,False,42,7.507050275802612,7.180433869361877,0.27549776434898376,0.1702331006526947,0.37756243348121643,13.180625438690186,0.2669883966445923,0.7625337243080139,9d697f84e2a1d80286add039e131e6ba627bbbc1835fdda29e1aec879a160675,99c9b5c3304aab38e8fb4c308d62f24abc0ea1c98c11361160aa05467b2c0e9f,55c3a4ac239d95c7d3309c8aaa209124f65b53b43f06afcf31d8aedd423bb765,0340047558809127cfbef95fc332f3ae1ce4145167192ddcfc30e1e5778e94dd,75e8c71c60f01c66860b6df1eb4885518c672318a176b7620f80cc27ecd229ac,e068a086ec9be96ed08184c7288f9eae033957ed44b4ede6f19d3b343931c976
b9f300632e7344f5a8509aff2fbcbad6,214,native_gfh,False,42,7.486280918121338,5.858675837516785,0.27712303400039673,0.19489659368991852,0.37528687715530396,11.760425567626953,0.29403045773506165,0.7557147741317749,9d697f84e2a1d80286add039e131e6ba627bbbc1835fdda29e1aec879a160675,99c9b5c3304aab38e8fb4c308d62f24abc0ea1c98c11361160aa05467b2c0e9f,55c3a4ac239d95c7d3309c8aaa209124f65b53b43f06afcf31d8aedd423bb765,0340047558809127cfbef95fc332f3ae1ce4145167192ddcfc30e1e5778e94dd,75e8c71c60f01c66860b6df1eb4885518c672318a176b7620f80cc27ecd229ac,e068a086ec9be96ed08184c7288f9eae033957ed44b4ede6f19d3b343931c976
b9f300632e7344f5a8509aff2fbcbad6,214,native_gfl,False,42,7.452320337295532,8.660928010940552,0.2681191861629486,0.1629670262336731,0.3797697424888611,14.668587446212769,0.26035016775131226,0.7719433307647705,9d697f84e2a1d80286add039e131e6ba627bbbc1835fdda29e1aec879a160675,99c9b5c3304aab38e8fb4c308d62f24abc0ea1c98c11361160aa05467b2c0e9f,55c3a4ac239d95c7d3309c8aaa209124f65b53b43f06afcf31d8aedd423bb765,0340047558809127cfbef95fc332f3ae1ce4145167192ddcfc30e1e5778e94dd,75e8c71c60f01c66860b6df1eb4885518c672318a176b7620f80cc27ecd229ac,e068a086ec9be96ed08184c7288f9eae033957ed44b4ede6f19d3b343931c976
b9f300632e7344f5a8509aff2fbcbad6,214,no_adapter,False,42,7.1894371509552,2.2215084731578827,0.31542256474494934,0.15772110223770142,0.3142183721065521,7.085441946983337,0.6599636077880859,0.6483404636383057,9d697f84e2a1d80286add039e131e6ba627bbbc1835fdda29e1aec879a160675,99c9b5c3304aab38e8fb4c308d62f24abc0ea1c98c11361160aa05467b2c0e9f,55c3a4ac239d95c7d3309c8aaa209124f65b53b43f06afcf31d8aedd423bb765,0340047558809127cfbef95fc332f3ae1ce4145167192ddcfc30e1e5778e94dd,75e8c71c60f01c66860b6df1eb4885518c672318a176b7620f80cc27ecd229ac,e068a086ec9be96ed08184c7288f9eae033957ed44b4ede6f19d3b343931c976
bb16350c58f34517ae913e8c23ec4f01,215,native_gc3,False,42,7.454507350921631,10.961623191833496,0.09467077255249023,0.24932287633419037,0.4937356114387512,19.273619651794434,0.12180458009243011,0.8661994338035583,fa8ef2b2b388234be3e546bdbfc1ad392d5f16083dc0a78c33befd81b33beca0,417c4e370734e32ddcae386196f556dc0d8e6619d5ea5b32553d15b2e1860bc1,3ab8f95267c2f80fd6dc493a8b8a5ea3bf5c5c448687861420e5e6bc2c037f5e,0340047558809127cfbef95fc332f3ae1ce4145167192ddcfc30e1e5778e94dd,791d903d9075e4433fca95ce8d52e00456e717cc4cb8d8052fa2a8b948959dc7,1de7a46b2ae155c4a2170ec6e15c8238fce8843d6e05a00689776ea98855f3bf
bb16350c58f34517ae913e8c23ec4f01,215,native_gfh,False,42,7.363450288772583,10.064452886581421,0.10130659490823746,0.23455005884170532,0.4777221381664276,17.733769416809082,0.10936437547206879,0.8604357242584229,fa8ef2b2b388234be3e546bdbfc1ad392d5f16083dc0a78c33befd81b33beca0,417c4e370734e32ddcae386196f556dc0d8e6619d5ea5b32553d15b2e1860bc1,3ab8f95267c2f80fd6dc493a8b8a5ea3bf5c5c448687861420e5e6bc2c037f5e,0340047558809127cfbef95fc332f3ae1ce4145167192ddcfc30e1e5778e94dd,791d903d9075e4433fca95ce8d52e00456e717cc4cb8d8052fa2a8b948959dc7,1de7a46b2ae155c4a2170ec6e15c8238fce8843d6e05a00689776ea98855f3bf
bb16350c58f34517ae913e8c23ec4f01,215,native_gfl,False,42,7.423468112945557,11.30143404006958,0.0919066071510315,0.2561231851577759,0.49659109115600586,19.702476263046265,0.13653162121772766,0.8654392957687378,fa8ef2b2b388234be3e546bdbfc1ad392d5f16083dc0a78c33befd81b33beca0,417c4e370734e32ddcae386196f556dc0d8e6619d5ea5b32553d15b2e1860bc1,3ab8f95267c2f80fd6dc493a8b8a5ea3bf5c5c448687861420e5e6bc2c037f5e,0340047558809127cfbef95fc332f3ae1ce4145167192ddcfc30e1e5778e94dd,791d903d9075e4433fca95ce8d52e00456e717cc4cb8d8052fa2a8b948959dc7,1de7a46b2ae155c4a2170ec6e15c8238fce8843d6e05a00689776ea98855f3bf
bb16350c58f34517ae913e8c23ec4f01,215,no_adapter,False,42,7.134077072143555,3.157910406589508,0.14546021819114685,0.16795767843723297,0.38725170493125916,10.319088697433472,0.4980754256248474,0.7972887754440308,fa8ef2b2b388234be3e546bdbfc1ad392d5f16083dc0a78c33befd81b33beca0,417c4e370734e32ddcae386196f556dc0d8e6619d5ea5b32553d15b2e1860bc1,3ab8f95267c2f80fd6dc493a8b8a5ea3bf5c5c448687861420e5e6bc2c037f5e,0340047558809127cfbef95fc332f3ae1ce4145167192ddcfc30e1e5778e94dd,791d903d9075e4433fca95ce8d52e00456e717cc4cb8d8052fa2a8b948959dc7,1de7a46b2ae155c4a2170ec6e15c8238fce8843d6e05a00689776ea98855f3bf
bbd60c6a76754d668c98f08c9ddf6bb9,216,native_gc3,False,42,7.49971079826355,15.708533525466919,0.341560423374176,0.572598934173584,0.5652722120285034,20.599792003631592,0.33850550651550293,0.836348831653595,12d54403625aa1f0bed16054938a2562e45dcac0fd1abab1880aae04733bba18,b741254ea976af39d263edc0298c22252866ffa240c49fe3e975b386b29b550b,295671503387add405767e341925106e3bfbf92261384612e60dd0f6a105d3a1,0340047558809127cfbef95fc332f3ae1ce4145167192ddcfc30e1e5778e94dd,0dded24a1031e84d481cd5b80266a7fd0c1f7f3592954b084c69cc78e03d850f,50eff4bfb961b8ad46298fec42f805835fc9fa997f6655b9110c9e33b69c3472
bbd60c6a76754d668c98f08c9ddf6bb9,216,native_gfh,False,42,7.502908706665039,18.35698366165161,0.31585654616355896,0.6399162411689758,0.5982270240783691,21.720316410064697,0.321233868598938,0.8452754020690918,12d54403625aa1f0bed16054938a2562e45dcac0fd1abab1880aae04733bba18,b741254ea976af39d263edc0298c22252866ffa240c49fe3e975b386b29b550b,295671503387add405767e341925106e3bfbf92261384612e60dd0f6a105d3a1,0340047558809127cfbef95fc332f3ae1ce4145167192ddcfc30e1e5778e94dd,0dded24a1031e84d481cd5b80266a7fd0c1f7f3592954b084c69cc78e03d850f,50eff4bfb961b8ad46298fec42f805835fc9fa997f6655b9110c9e33b69c3472
bbd60c6a76754d668c98f08c9ddf6bb9,216,native_gfl,False,42,7.495974063873291,13.36371898651123,0.3648521602153778,0.5122566223144531,0.5491962432861328,18.563770055770874,0.34937843680381775,0.823830246925354,12d54403625aa1f0bed16054938a2562e45dcac0fd1abab1880aae04733bba18,b741254ea976af39d263edc0298c22252866ffa240c49fe3e975b386b29b550b,295671503387add405767e341925106e3bfbf92261384612e60dd0f6a105d3a1,0340047558809127cfbef95fc332f3ae1ce4145167192ddcfc30e1e5778e94dd,0dded24a1031e84d481cd5b80266a7fd0c1f7f3592954b084c69cc78e03d850f,50eff4bfb961b8ad46298fec42f805835fc9fa997f6655b9110c9e33b69c3472
bbd60c6a76754d668c98f08c9ddf6bb9,216,no_adapter,False,42,7.145462274551392,9.64573860168457,0.25433194637298584,0.7261927127838135,0.5534570217132568,10.221190452575684,0.6370747089385986,0.7875375747680664,12d54403625aa1f0bed16054938a2562e45dcac0fd1abab1880aae04733bba18,b741254ea976af39d263edc0298c22252866ffa240c49fe3e975b386b29b550b,295671503387add405767e341925106e3bfbf92261384612e60dd0f6a105d3a1,0340047558809127cfbef95fc332f3ae1ce4145167192ddcfc30e1e5778e94dd,0dded24a1031e84d481cd5b80266a7fd0c1f7f3592954b084c69cc78e03d850f,50eff4bfb961b8ad46298fec42f805835fc9fa997f6655b9110c9e33b69c3472
bc0e81f8e8994e719b891c93b295b64b,217,native_gc3,False,42,7.554025173187256,10.281189680099487,0.1656630039215088,0.24994495511054993,0.3964107632637024,18.026810884475708,0.17843326926231384,0.8393253684043884,55b9c1aaf0b4eba4920dac22b220c54f1479e23cf25497ed087fb0adbfd1e80f,69ceb56d5ba25f488a93fdce92311b1e37eab8d0db87affe7f170dcd00e1e069,60321d8c689a06a48cb9dc777ccbb6a85e1cec0e7985745edd467a007284da2e,0340047558809127cfbef95fc332f3ae1ce4145167192ddcfc30e1e5778e94dd,bb7c2bc67e6817adcc1524ba98ac247ef9e1609bcc9fbe4794f2d44cccaac08c,6d51a92ad0e0a6690277e5b7be809961f3763360ad32f30cd44e4b5527ae0694
bc0e81f8e8994e719b891c93b295b64b,217,native_gfh,False,42,7.491031646728516,12.748774290084839,0.14167281985282898,0.29580584168434143,0.432843953371048,18.37950825691223,0.17507965862751007,0.8384484052658081,55b9c1aaf0b4eba4920dac22b220c54f1479e23cf25497ed087fb0adbfd1e80f,69ceb56d5ba25f488a93fdce92311b1e37eab8d0db87affe7f170dcd00e1e069,60321d8c689a06a48cb9dc777ccbb6a85e1cec0e7985745edd467a007284da2e,0340047558809127cfbef95fc332f3ae1ce4145167192ddcfc30e1e5778e94dd,bb7c2bc67e6817adcc1524ba98ac247ef9e1609bcc9fbe4794f2d44cccaac08c,6d51a92ad0e0a6690277e5b7be809961f3763360ad32f30cd44e4b5527ae0694
bc0e81f8e8994e719b891c93b295b64b,217,native_gfl,False,42,7.4007728099823,9.788511991500854,0.17286938428878784,0.2369868904352188,0.3872070908546448,17.751388549804688,0.18252374231815338,0.832457423210144,55b9c1aaf0b4eba4920dac22b220c54f1479e23cf25497ed087fb0adbfd1e80f,69ceb56d5ba25f488a93fdce92311b1e37eab8d0db87affe7f170dcd00e1e069,60321d8c689a06a48cb9dc777ccbb6a85e1cec0e7985745edd467a007284da2e,0340047558809127cfbef95fc332f3ae1ce4145167192ddcfc30e1e5778e94dd,bb7c2bc67e6817adcc1524ba98ac247ef9e1609bcc9fbe4794f2d44cccaac08c,6d51a92ad0e0a6690277e5b7be809961f3763360ad32f30cd44e4b5527ae0694
bc0e81f8e8994e719b891c93b295b64b,217,no_adapter,False,42,7.096832990646362,8.753690123558044,0.17659461498260498,0.34493154287338257,0.4197700321674347,11.117581129074097,0.5839256644248962,0.7428888082504272,55b9c1aaf0b4eba4920dac22b220c54f1479e23cf25497ed087fb0adbfd1e80f,69ceb56d5ba25f488a93fdce92311b1e37eab8d0db87affe7f170dcd00e1e069,60321d8c689a06a48cb9dc777ccbb6a85e1cec0e7985745edd467a007284da2e,0340047558809127cfbef95fc332f3ae1ce4145167192ddcfc30e1e5778e94dd,bb7c2bc67e6817adcc1524ba98ac247ef9e1609bcc9fbe4794f2d44cccaac08c,6d51a92ad0e0a6690277e5b7be809961f3763360ad32f30cd44e4b5527ae0694
bd6475a7caf14feebda59ee1d190a353,218,native_gc3,False,42,7.420718669891357,10.227683782577515,0.16790089011192322,0.2965407371520996,0.46079546213150024,18.38951826095581,0.17735561728477478,0.8686633706092834,22768bf7f6e2ffd69462dd1054e4c30485059ee0f0319faf5cbe4ed5eb40bcdc,20e1789065c08f4ef32af080afacc538d93dcc34d5d467aff63ad212d332bd2e,4a43744c67f856e05a9c479708f69e2e791a415cdff8b896fd99ca6fdeaaf446,0340047558809127cfbef95fc332f3ae1ce4145167192ddcfc30e1e5778e94dd,18dc987f46441fb2d04113f3af6ab710cdef575f365899eae7164a58587d8beb,2f88e64c4676516d08cb1e05e298857f2ac57ea121265aa2e2a7173e2fcf8572
bd6475a7caf14feebda59ee1d190a353,218,native_gfh,False,42,7.394621133804321,9.55273449420929,0.17117516696453094,0.26970329880714417,0.46539831161499023,17.229902744293213,0.19229750335216522,0.8572279810905457,22768bf7f6e2ffd69462dd1054e4c30485059ee0f0319faf5cbe4ed5eb40bcdc,20e1789065c08f4ef32af080afacc538d93dcc34d5d467aff63ad212d332bd2e,4a43744c67f856e05a9c479708f69e2e791a415cdff8b896fd99ca6fdeaaf446,0340047558809127cfbef95fc332f3ae1ce4145167192ddcfc30e1e5778e94dd,18dc987f46441fb2d04113f3af6ab710cdef575f365899eae7164a58587d8beb,2f88e64c4676516d08cb1e05e298857f2ac57ea121265aa2e2a7173e2fcf8572
bd6475a7caf14feebda59ee1d190a353,218,native_gfl,False,42,7.53387713432312,10.870053768157959,0.16419988870620728,0.3271641135215759,0.47240379452705383,18.998188972473145,0.18118692934513092,0.8628906607627869,22768bf7f6e2ffd69462dd1054e4c30485059ee0f0319faf5cbe4ed5eb40bcdc,20e1789065c08f4ef32af080afacc538d93dcc34d5d467aff63ad212d332bd2e,4a43744c67f856e05a9c479708f69e2e791a415cdff8b896fd99ca6fdeaaf446,0340047558809127cfbef95fc332f3ae1ce4145167192ddcfc30e1e5778e94dd,18dc987f46441fb2d04113f3af6ab710cdef575f365899eae7164a58587d8beb,2f88e64c4676516d08cb1e05e298857f2ac57ea121265aa2e2a7173e2fcf8572
bd6475a7caf14feebda59ee1d190a353,218,no_adapter,False,42,7.127756834030151,3.2273581624031067,0.17325353622436523,0.23199057579040527,0.3841032087802887,7.547901272773743,0.5636266469955444,0.7419511675834656,22768bf7f6e2ffd69462dd1054e4c30485059ee0f0319faf5cbe4ed5eb40bcdc,20e1789065c08f4ef32af080afacc538d93dcc34d5d467aff63ad212d332bd2e,4a43744c67f856e05a9c479708f69e2e791a415cdff8b896fd99ca6fdeaaf446,0340047558809127cfbef95fc332f3ae1ce4145167192ddcfc30e1e5778e94dd,18dc987f46441fb2d04113f3af6ab710cdef575f365899eae7164a58587d8beb,2f88e64c4676516d08cb1e05e298857f2ac57ea121265aa2e2a7173e2fcf8572
bda331182d2f4f8da438b8102d84f524,219,native_gc3,False,42,7.429596424102783,16.282821893692017,0.24425071477890015,0.5637791156768799,0.5516864657402039,21.98448657989502,0.2264847755432129,0.8730764389038086,6cb6b16cc4da1100c7c0aa716aa4473a0c9c150f912edb8d39808d76efbb62e5,83ce0eceeaa1997e735708289a818b5ac30e3c3d5ef3ff694170ae484ae9af0f,438f69f96a588f4d10ad868fa7397990dcf912220242f64d170fec8918494f51,0340047558809127cfbef95fc332f3ae1ce4145167192ddcfc30e1e5778e94dd,f627d920551305a78e2575e3f49671ad918bcf758bd52e64fc994299e9d71650,2ab308601582f094fb4617e7a0070aa7529c32b982c623217209d56da3f958e6
bda331182d2f4f8da438b8102d84f524,219,native_gfh,False,42,7.653674125671387,17.55159854888916,0.2264203578233719,0.6582720279693604,0.5529589056968689,20.409886837005615,0.23640941083431244,0.8763764500617981,6cb6b16cc4da1100c7c0aa716aa4473a0c9c150f912edb8d39808d76efbb62e5,83ce0eceeaa1997e735708289a818b5ac30e3c3d5ef3ff694170ae484ae9af0f,438f69f96a588f4d10ad868fa7397990dcf912220242f64d170fec8918494f51,0340047558809127cfbef95fc332f3ae1ce4145167192ddcfc30e1e5778e94dd,f627d920551305a78e2575e3f49671ad918bcf758bd52e64fc994299e9d71650,2ab308601582f094fb4617e7a0070aa7529c32b982c623217209d56da3f958e6
bda331182d2f4f8da438b8102d84f524,219,native_gfl,False,42,7.438955783843994,14.856290817260742,0.25461480021476746,0.5269842743873596,0.5577632784843445,21.317384243011475,0.22762998938560486,0.8647778630256653,6cb6b16cc4da1100c7c0aa716aa4473a0c9c150f912edb8d39808d76efbb62e5,83ce0eceeaa1997e735708289a818b5ac30e3c3d5ef3ff694170ae484ae9af0f,438f69f96a588f4d10ad868fa7397990dcf912220242f64d170fec8918494f51,0340047558809127cfbef95fc332f3ae1ce4145167192ddcfc30e1e5778e94dd,f627d920551305a78e2575e3f49671ad918bcf758bd52e64fc994299e9d71650,2ab308601582f094fb4617e7a0070aa7529c32b982c623217209d56da3f958e6
bda331182d2f4f8da438b8102d84f524,219,no_adapter,False,42,7.16674280166626,7.5277262926101685,0.2871320843696594,0.5806032419204712,0.4661194682121277,10.136109590530396,0.6562278866767883,0.7438309788703918,6cb6b16cc4da1100c7c0aa716aa4473a0c9c150f912edb8d39808d76efbb62e5,83ce0eceeaa1997e735708289a818b5ac30e3c3d5ef3ff694170ae484ae9af0f,438f69f96a588f4d10ad868fa7397990dcf912220242f64d170fec8918494f51,0340047558809127cfbef95fc332f3ae1ce4145167192ddcfc30e1e5778e94dd,f627d920551305a78e2575e3f49671ad918bcf758bd52e64fc994299e9d71650,2ab308601582f094fb4617e7a0070aa7529c32b982c623217209d56da3f958e6
be3554e6df604c6383d9dbefa5713035,220,native_gc3,False,42,7.52592921257019,8.793911933898926,0.12320759892463684,0.2852610647678375,0.43566957116127014,17.65830397605896,0.15943074226379395,0.8688684105873108,706b7103c832f16f8c87e6db29f9a5e996f5d223068cb61961631e402e204de2,6f30139e147db6448d9f77b3805686f534ce60a163ca49017a4d0031f6046677,95f57f24a37c82105689340f5a431c2e0d979e4a78e08fe2add9d411bf3b484e,0340047558809127cfbef95fc332f3ae1ce4145167192ddcfc30e1e5778e94dd,a7fa572c1052ee16692894432a6409c4cf754bb0c2473dbb2d2dabdbb2ec6f11,06e3a73e25d688deca3ed0170f0b9736c5210d1159826ca8a114beba4748628e
be3554e6df604c6383d9dbefa5713035,220,native_gfh,False,42,7.519766569137573,7.81335175037384,0.1314254105091095,0.2758789658546448,0.42898261547088623,16.178972721099854,0.17958945035934448,0.8622903823852539,706b7103c832f16f8c87e6db29f9a5e996f5d223068cb61961631e402e204de2,6f30139e147db6448d9f77b3805686f534ce60a163ca49017a4d0031f6046677,95f57f24a37c82105689340f5a431c2e0d979e4a78e08fe2add9d411bf3b484e,0340047558809127cfbef95fc332f3ae1ce4145167192ddcfc30e1e5778e94dd,a7fa572c1052ee16692894432a6409c4cf754bb0c2473dbb2d2dabdbb2ec6f11,06e3a73e25d688deca3ed0170f0b9736c5210d1159826ca8a114beba4748628e
be3554e6df604c6383d9dbefa5713035,220,native_gfl,False,42,7.491382360458374,9.556302428245544,0.11926078796386719,0.302726686000824,0.4434383511543274,18.35394263267517,0.16242435574531555,0.8691954016685486,706b7103c832f16f8c87e6db29f9a5e996f5d223068cb61961631e402e204de2,6f30139e147db6448d9f77b3805686f534ce60a163ca49017a4d0031f6046677,95f57f24a37c82105689340f5a431c2e0d979e4a78e08fe2add9d411bf3b484e,0340047558809127cfbef95fc332f3ae1ce4145167192ddcfc30e1e5778e94dd,a7fa572c1052ee16692894432a6409c4cf754bb0c2473dbb2d2dabdbb2ec6f11,06e3a73e25d688deca3ed0170f0b9736c5210d1159826ca8a114beba4748628e
be3554e6df604c6383d9dbefa5713035,220,no_adapter,False,42,7.173273324966431,2.603786587715149,0.15751048922538757,0.19809900224208832,0.37372148036956787,8.693793416023254,0.631690502166748,0.72096848487854,706b7103c832f16f8c87e6db29f9a5e996f5d223068cb61961631e402e204de2,6f30139e147db6448d9f77b3805686f534ce60a163ca49017a4d0031f6046677,95f57f24a37c82105689340f5a431c2e0d979e4a78e08fe2add9d411bf3b484e,0340047558809127cfbef95fc332f3ae1ce4145167192ddcfc30e1e5778e94dd,a7fa572c1052ee16692894432a6409c4cf754bb0c2473dbb2d2dabdbb2ec6f11,06e3a73e25d688deca3ed0170f0b9736c5210d1159826ca8a114beba4748628e
bebf5e96177646bba07be154a43dfdca,221,native_gc3,False,42,7.409796714782715,11.929948329925537,0.5135921239852905,0.44678840041160583,0.35756367444992065,14.963973760604858,0.5077670812606812,0.6804290413856506,d85e606bc3af0f912767d68e24bc98e13d0ab537c6d9ef241b27d96082c8cdde,86be7c9a1755ccebe802fe6371a444faf57c2c3bc1626d818a91776cfafc4fc4,c1dfe8706862149507ebbc570f81d4db167c120e1f47d32a8f6f08d451b2d4ed,0340047558809127cfbef95fc332f3ae1ce4145167192ddcfc30e1e5778e94dd,328ce38ea66c94b65d6c25f454ff15a713cb053102f030f34560134f8594eca3,da3c9b5ee521e8756e837bc231045d9e73a766064bd7a942ab7cc06cc50d158e
bebf5e96177646bba07be154a43dfdca,221,native_gfh,False,42,7.378934621810913,11.90711498260498,0.48846757411956787,0.5792487263679504,0.39744722843170166,14.752694368362427,0.5035319328308105,0.7425028681755066,d85e606bc3af0f912767d68e24bc98e13d0ab537c6d9ef241b27d96082c8cdde,86be7c9a1755ccebe802fe6371a444faf57c2c3bc1626d818a91776cfafc4fc4,c1dfe8706862149507ebbc570f81d4db167c120e1f47d32a8f6f08d451b2d4ed,0340047558809127cfbef95fc332f3ae1ce4145167192ddcfc30e1e5778e94dd,328ce38ea66c94b65d6c25f454ff15a713cb053102f030f34560134f8594eca3,da3c9b5ee521e8756e837bc231045d9e73a766064bd7a942ab7cc06cc50d158e
bebf5e96177646bba07be154a43dfdca,221,native_gfl,False,42,7.3363378047943115,11.400314569473267,0.5004903674125671,0.2562189996242523,0.3198311924934387,14.453532695770264,0.48746222257614136,0.6237574219703674,d85e606bc3af0f912767d68e24bc98e13d0ab537c6d9ef241b27d96082c8cdde,86be7c9a1755ccebe802fe6371a444faf57c2c3bc1626d818a91776cfafc4fc4,c1dfe8706862149507ebbc570f81d4db167c120e1f47d32a8f6f08d451b2d4ed,0340047558809127cfbef95fc332f3ae1ce4145167192ddcfc30e1e5778e94dd,328ce38ea66c94b65d6c25f454ff15a713cb053102f030f34560134f8594eca3,da3c9b5ee521e8756e837bc231045d9e73a766064bd7a942ab7cc06cc50d158e
bebf5e96177646bba07be154a43dfdca,221,no_adapter,False,42,7.154681444168091,6.363269686698914,0.5445895195007324,0.4663761258125305,0.3427479565143585,7.594393491744995,0.7728782296180725,0.554946780204773,d85e606bc3af0f912767d68e24bc98e13d0ab537c6d9ef241b27d96082c8cdde,86be7c9a1755ccebe802fe6371a444faf57c2c3bc1626d818a91776cfafc4fc4,c1dfe8706862149507ebbc570f81d4db167c120e1f47d32a8f6f08d451b2d4ed,0340047558809127cfbef95fc332f3ae1ce4145167192ddcfc30e1e5778e94dd,328ce38ea66c94b65d6c25f454ff15a713cb053102f030f34560134f8594eca3,da3c9b5ee521e8756e837bc231045d9e73a766064bd7a942ab7cc06cc50d158e
bf568758e4ce4b49aebe890862dc9a22,222,native_gc3,False,42,7.294020891189575,16.088820695877075,0.1352807879447937,0.4994189441204071,0.6093655824661255,21.714513301849365,0.12719321250915527,0.8743805289268494,91bf3312608156471f789da5939ab598a73786c786ca5749f4ceb72541a057e0,8a4b9b527f222541fb206aa0d929540d6a5485169ce4adb9aa86f90497706319,04f4938de3caa82e628adad5f438c74569cad5defeb7afab2b1c4c8761a3ab75,0340047558809127cfbef95fc332f3ae1ce4145167192ddcfc30e1e5778e94dd,9c96527be2efe19784b216dca07de582b4f50a4c101448ad8abb1257387533df,d8bcad1e977d9e54fccfa0f7b0bdf25192f741af2e28ec5f11084e2eba57111f
bf568758e4ce4b49aebe890862dc9a22,222,native_gfh,False,42,7.298275709152222,16.19662880897522,0.12803083658218384,0.5580695271492004,0.6046596765518188,20.67171335220337,0.1298636645078659,0.8705840110778809,91bf3312608156471f789da5939ab598a73786c786ca5749f4ceb72541a057e0,8a4b9b527f222541fb206aa0d929540d6a5485169ce4adb9aa86f90497706319,04f4938de3caa82e628adad5f438c74569cad5defeb7afab2b1c4c8761a3ab75,0340047558809127cfbef95fc332f3ae1ce4145167192ddcfc30e1e5778e94dd,9c96527be2efe19784b216dca07de582b4f50a4c101448ad8abb1257387533df,d8bcad1e977d9e54fccfa0f7b0bdf25192f741af2e28ec5f11084e2eba57111f
bf568758e4ce4b49aebe890862dc9a22,222,native_gfl,False,42,7.291953086853027,15.095120668411255,0.14171823859214783,0.5074105858802795,0.6135238409042358,21.66806936264038,0.12339514493942261,0.8719274401664734,91bf3312608156471f789da5939ab598a73786c786ca5749f4ceb72541a057e0,8a4b9b527f222541fb206aa0d929540d6a5485169ce4adb9aa86f90497706319,04f4938de3caa82e628adad5f438c74569cad5defeb7afab2b1c4c8761a3ab75,0340047558809127cfbef95fc332f3ae1ce4145167192ddcfc30e1e5778e94dd,9c96527be2efe19784b216dca07de582b4f50a4c101448ad8abb1257387533df,d8bcad1e977d9e54fccfa0f7b0bdf25192f741af2e28ec5f11084e2eba57111f
bf568758e4ce4b49aebe890862dc9a22,222,no_adapter,False,42,7.030144691467285,6.052237153053284,0.19889208674430847,0.5568028092384338,0.4733223021030426,8.245095014572144,0.592824399471283,0.733530580997467,91bf3312608156471f789da5939ab598a73786c786ca5749f4ceb72541a057e0,8a4b9b527f222541fb206aa0d929540d6a5485169ce4adb9aa86f90497706319,04f4938de3caa82e628adad5f438c74569cad5defeb7afab2b1c4c8761a3ab75,0340047558809127cfbef95fc332f3ae1ce4145167192ddcfc30e1e5778e94dd,9c96527be2efe19784b216dca07de582b4f50a4c101448ad8abb1257387533df,d8bcad1e977d9e54fccfa0f7b0bdf25192f741af2e28ec5f11084e2eba57111f
c002e2aa017d49ae8e6dbd295cca3914,223,native_gc3,False,42,7.288651466369629,10.542738437652588,0.13376064598560333,0.5166807770729065,0.6200405955314636,19.846420288085938,0.14335699379444122,0.8986847996711731,991792aa3e1b2d6581d303bae700f766f01f5f0fab3b5c5786bba8abca23ce45,ac7ee7c98af9dc5c52239d89b85d6da2c442dab379e3f61e53e7894742484dfd,f5de692e719a953daf2af5359dab5fb8accbfa31a0f7313c2caf4057a9a5f9fd,0340047558809127cfbef95fc332f3ae1ce4145167192ddcfc30e1e5778e94dd,2599199443e6e80a71262d4477aafa15ccff1ab3b7a009187df59735b9ca27a9,44e3becd923b88f50fede7d8ea719f4b00fc68eb9ab8fbe9b7de6f0fe1f4deaf
c002e2aa017d49ae8e6dbd295cca3914,223,native_gfh,False,42,7.319491863250732,12.087557315826416,0.12156346440315247,0.5973009467124939,0.6555604934692383,19.422529935836792,0.13701385259628296,0.8954548239707947,991792aa3e1b2d6581d303bae700f766f01f5f0fab3b5c5786bba8abca23ce45,ac7ee7c98af9dc5c52239d89b85d6da2c442dab379e3f61e53e7894742484dfd,f5de692e719a953daf2af5359dab5fb8accbfa31a0f7313c2caf4057a9a5f9fd,0340047558809127cfbef95fc332f3ae1ce4145167192ddcfc30e1e5778e94dd,2599199443e6e80a71262d4477aafa15ccff1ab3b7a009187df59735b9ca27a9,44e3becd923b88f50fede7d8ea719f4b00fc68eb9ab8fbe9b7de6f0fe1f4deaf
c002e2aa017d49ae8e6dbd295cca3914,223,native_gfl,False,42,7.375604867935181,8.593665361404419,0.1454094648361206,0.449222594499588,0.6075340509414673,18.313039541244507,0.14714616537094116,0.8870094418525696,991792aa3e1b2d6581d303bae700f766f01f5f0fab3b5c5786bba8abca23ce45,ac7ee7c98af9dc5c52239d89b85d6da2c442dab379e3f61e53e7894742484dfd,f5de692e719a953daf2af5359dab5fb8accbfa31a0f7313c2caf4057a9a5f9fd,0340047558809127cfbef95fc332f3ae1ce4145167192ddcfc30e1e5778e94dd,2599199443e6e80a71262d4477aafa15ccff1ab3b7a009187df59735b9ca27a9,44e3becd923b88f50fede7d8ea719f4b00fc68eb9ab8fbe9b7de6f0fe1f4deaf
c002e2aa017d49ae8e6dbd295cca3914,223,no_adapter,False,42,7.253951787948608,9.63893175125122,0.13429832458496094,0.562865138053894,0.5774045586585999,11.380033493041992,0.5315904021263123,0.802939772605896,991792aa3e1b2d6581d303bae700f766f01f5f0fab3b5c5786bba8abca23ce45,ac7ee7c98af9dc5c52239d89b85d6da2c442dab379e3f61e53e7894742484dfd,f5de692e719a953daf2af5359dab5fb8accbfa31a0f7313c2caf4057a9a5f9fd,0340047558809127cfbef95fc332f3ae1ce4145167192ddcfc30e1e5778e94dd,2599199443e6e80a71262d4477aafa15ccff1ab3b7a009187df59735b9ca27a9,44e3becd923b88f50fede7d8ea719f4b00fc68eb9ab8fbe9b7de6f0fe1f4deaf
c05a8c16ef3147f5bb0c517739255a43,224,native_gc3,False,42,7.401028871536255,11.959975957870483,0.15914711356163025,0.23877890408039093,0.4693134129047394,18.9089298248291,0.15567126870155334,0.8269467949867249,f3a286113e9a7280549ba6de5104d2d94264dabd250a488f352f9b249ac8e450,6cdae38764f4942ea95256ce150ffa13d4c79038b6d3ef8b4a9ae164126c887d,a5692ab259264d0da6d730f345c12d87e2cb56f44e7fedf23edecd0e9612c8d4,0340047558809127cfbef95fc332f3ae1ce4145167192ddcfc30e1e5778e94dd,654637dd95bc4af0586d984688b9e39a2f92a3ae5b7e61c14f854b22a65ac565,8b27c29b1b26364f78d4943d8e4a34f23c63a240e37931a1be2dcd5589c8aab5
c05a8c16ef3147f5bb0c517739255a43,224,native_gfh,False,42,7.491231203079224,12.390005588531494,0.1625170260667801,0.2633782625198364,0.4801754057407379,18.18188786506653,0.15652775764465332,0.8260403871536255,f3a286113e9a7280549ba6de5104d2d94264dabd250a488f352f9b249ac8e450,6cdae38764f4942ea95256ce150ffa13d4c79038b6d3ef8b4a9ae164126c887d,a5692ab259264d0da6d730f345c12d87e2cb56f44e7fedf23edecd0e9612c8d4,0340047558809127cfbef95fc332f3ae1ce4145167192ddcfc30e1e5778e94dd,654637dd95bc4af0586d984688b9e39a2f92a3ae5b7e61c14f854b22a65ac565,8b27c29b1b26364f78d4943d8e4a34f23c63a240e37931a1be2dcd5589c8aab5
c05a8c16ef3147f5bb0c517739255a43,224,native_gfl,False,42,7.370080947875977,11.7472505569458,0.16249200701713562,0.23242686688899994,0.4655338525772095,19.02949810028076,0.16878584027290344,0.8190947771072388,f3a286113e9a7280549ba6de5104d2d94264dabd250a488f352f9b249ac8e450,6cdae38764f4942ea95256ce150ffa13d4c79038b6d3ef8b4a9ae164126c887d,a5692ab259264d0da6d730f345c12d87e2cb56f44e7fedf23edecd0e9612c8d4,0340047558809127cfbef95fc332f3ae1ce4145167192ddcfc30e1e5778e94dd,654637dd95bc4af0586d984688b9e39a2f92a3ae5b7e61c14f854b22a65ac565,8b27c29b1b26364f78d4943d8e4a34f23c63a240e37931a1be2dcd5589c8aab5
c05a8c16ef3147f5bb0c517739255a43,224,no_adapter,False,42,7.32619833946228,5.103781223297119,0.22735096514225006,0.2057090401649475,0.3888393044471741,8.40170681476593,0.6468950510025024,0.649006724357605,f3a286113e9a7280549ba6de5104d2d94264dabd250a488f352f9b249ac8e450,6cdae38764f4942ea95256ce150ffa13d4c79038b6d3ef8b4a9ae164126c887d,a5692ab259264d0da6d730f345c12d87e2cb56f44e7fedf23edecd0e9612c8d4,0340047558809127cfbef95fc332f3ae1ce4145167192ddcfc30e1e5778e94dd,654637dd95bc4af0586d984688b9e39a2f92a3ae5b7e61c14f854b22a65ac565,8b27c29b1b26364f78d4943d8e4a34f23c63a240e37931a1be2dcd5589c8aab5
c255e0b6061349dca566792e0c48da1c,225,native_gc3,False,42,7.726826429367065,8.922055959701538,0.1089772954583168,0.3429909646511078,0.48018941283226013,18.6935031414032,0.13270451128482819,0.8815954327583313,5bc9e003d91c3c1ed4c66ca4654abcd0d5c2c7f7fcbc81cdd99d4f0d15788d82,caac750279e6bbad5795eaa685f5b2349e882f6ea716f2eeb5beb99b6777dada,8985b0b5f69ba152882c296316883a7c66f0b657c45f934fbcd4aef384734378,0340047558809127cfbef95fc332f3ae1ce4145167192ddcfc30e1e5778e94dd,bcac48bd43f4a63d0691970262202c0ed0e4cea149b3ad8d976f1d63db5e032b,6a36419c9804aba0f28e872535c0e064fad87b05d08e8698a2f84858e7d4ba4c
c255e0b6061349dca566792e0c48da1c,225,native_gfh,False,42,7.478964328765869,11.03191614151001,0.09412679821252823,0.3854503333568573,0.5244919657707214,18.486013412475586,0.12142971158027649,0.8750622868537903,5bc9e003d91c3c1ed4c66ca4654abcd0d5c2c7f7fcbc81cdd99d4f0d15788d82,caac750279e6bbad5795eaa685f5b2349e882f6ea716f2eeb5beb99b6777dada,8985b0b5f69ba152882c296316883a7c66f0b657c45f934fbcd4aef384734378,0340047558809127cfbef95fc332f3ae1ce4145167192ddcfc30e1e5778e94dd,bcac48bd43f4a63d0691970262202c0ed0e4cea149b3ad8d976f1d63db5e032b,6a36419c9804aba0f28e872535c0e064fad87b05d08e8698a2f84858e7d4ba4c
c255e0b6061349dca566792e0c48da1c,225,native_gfl,False,42,7.497382164001465,7.415923476219177,0.11515200883150101,0.2945861518383026,0.45879268646240234,17.622092962265015,0.1380530595779419,0.8734028935432434,5bc9e003d91c3c1ed4c66ca4654abcd0d5c2c7f7fcbc81cdd99d4f0d15788d82,caac750279e6bbad5795eaa685f5b2349e882f6ea716f2eeb5beb99b6777dada,8985b0b5f69ba152882c296316883a7c66f0b657c45f934fbcd4aef384734378,0340047558809127cfbef95fc332f3ae1ce4145167192ddcfc30e1e5778e94dd,bcac48bd43f4a63d0691970262202c0ed0e4cea149b3ad8d976f1d63db5e032b,6a36419c9804aba0f28e872535c0e064fad87b05d08e8698a2f84858e7d4ba4c
c255e0b6061349dca566792e0c48da1c,225,no_adapter,False,42,7.222193241119385,11.080728769302368,0.09148040413856506,0.499452143907547,0.5231093168258667,12.17886209487915,0.5229513645172119,0.8004317879676819,5bc9e003d91c3c1ed4c66ca4654abcd0d5c2c7f7fcbc81cdd99d4f0d15788d82,caac750279e6bbad5795eaa685f5b2349e882f6ea716f2eeb5beb99b6777dada,8985b0b5f69ba152882c296316883a7c66f0b657c45f934fbcd4aef384734378,0340047558809127cfbef95fc332f3ae1ce4145167192ddcfc30e1e5778e94dd,bcac48bd43f4a63d0691970262202c0ed0e4cea149b3ad8d976f1d63db5e032b,6a36419c9804aba0f28e872535c0e064fad87b05d08e8698a2f84858e7d4ba4c
c292b6f0b87b4272ba67504efdda2958,226,native_gc3,False,42,7.582822561264038,10.182569026947021,0.17931511998176575,0.26753097772598267,0.4513355493545532,15.542922019958496,0.17933422327041626,0.7618244290351868,81efab1f7b3ef91791b4b9d31fc166780682e67448730c41a96995be17aec42e,20338441f1ce7bd8b6faac4581f35e69e11bb7b323b5c0c0f25fb8df29e8a848,f24425ae84ef1392c12577018c2216ad79d96d4cbfacc43b50b4e53905c5e435,0340047558809127cfbef95fc332f3ae1ce4145167192ddcfc30e1e5778e94dd,edb29e7842ae11cd7f126571d7e245c2fda4e86a5ad69bc2cee5c15abfb8adfa,ba7480fbfdd4c4fc913c6e773916b6203dd70dce3217b32d90b3561a7231edd4
c292b6f0b87b4272ba67504efdda2958,226,native_gfh,False,42,7.507432222366333,8.612286448478699,0.18726730346679688,0.2773735225200653,0.4464816749095917,14.0688157081604,0.19496065378189087,0.7543429136276245,81efab1f7b3ef91791b4b9d31fc166780682e67448730c41a96995be17aec42e,20338441f1ce7bd8b6faac4581f35e69e11bb7b323b5c0c0f25fb8df29e8a848,f24425ae84ef1392c12577018c2216ad79d96d4cbfacc43b50b4e53905c5e435,0340047558809127cfbef95fc332f3ae1ce4145167192ddcfc30e1e5778e94dd,edb29e7842ae11cd7f126571d7e245c2fda4e86a5ad69bc2cee5c15abfb8adfa,ba7480fbfdd4c4fc913c6e773916b6203dd70dce3217b32d90b3561a7231edd4
c292b6f0b87b4272ba67504efdda2958,226,native_gfl,False,42,7.71697998046875,11.78020715713501,0.16798542439937592,0.2685394585132599,0.4582729935646057,16.863216161727905,0.17154671251773834,0.7681301832199097,81efab1f7b3ef91791b4b9d31fc166780682e67448730c41a96995be17aec42e,20338441f1ce7bd8b6faac4581f35e69e11bb7b323b5c0c0f25fb8df29e8a848,f24425ae84ef1392c12577018c2216ad79d96d4cbfacc43b50b4e53905c5e435,0340047558809127cfbef95fc332f3ae1ce4145167192ddcfc30e1e5778e94dd,edb29e7842ae11cd7f126571d7e245c2fda4e86a5ad69bc2cee5c15abfb8adfa,ba7480fbfdd4c4fc913c6e773916b6203dd70dce3217b32d90b3561a7231edd4
c292b6f0b87b4272ba67504efdda2958,226,no_adapter,False,42,6.991053104400635,3.4455665946006775,0.3063637912273407,0.23899170756340027,0.3612576425075531,6.4223432540893555,0.6095097661018372,0.6067260503768921,81efab1f7b3ef91791b4b9d31fc166780682e67448730c41a96995be17aec42e,20338441f1ce7bd8b6faac4581f35e69e11bb7b323b5c0c0f25fb8df29e8a848,f24425ae84ef1392c12577018c2216ad79d96d4cbfacc43b50b4e53905c5e435,0340047558809127cfbef95fc332f3ae1ce4145167192ddcfc30e1e5778e94dd,edb29e7842ae11cd7f126571d7e245c2fda4e86a5ad69bc2cee5c15abfb8adfa,ba7480fbfdd4c4fc913c6e773916b6203dd70dce3217b32d90b3561a7231edd4
c2fc6cc4c1e844e59d36bd9f67bf8ee5,227,native_gc3,False,42,7.445480823516846,10.195297002792358,0.13615849614143372,0.45229825377464294,0.5951942801475525,19.613484144210815,0.15502554178237915,0.8890175223350525,593875cf628a6c8fcced83a0071bda4fefca57d20a4132532f09ebffe5ae9cec,54b7fc335acf724bfd6cb0af0c4a4437ab0f29c563fa79059c4afff3128a55bf,f759f13872019e92406d8652bd48ff37a8ef074ad7769930dba1f4040a1df21c,0340047558809127cfbef95fc332f3ae1ce4145167192ddcfc30e1e5778e94dd,541d8cc529322602e1c4363ff1f5ca6e155eb89000d1278b3e455df388d1959d,acb92a3da950f861070d664c6e8866b6d27fc2143ca0864c1315ba3bee105479
c2fc6cc4c1e844e59d36bd9f67bf8ee5,227,native_gfh,False,42,7.496565580368042,12.141083478927612,0.11595655977725983,0.5269477367401123,0.6333351135253906,18.689711093902588,0.13709737360477448,0.8823133707046509,593875cf628a6c8fcced83a0071bda4fefca57d20a4132532f09ebffe5ae9cec,54b7fc335acf724bfd6cb0af0c4a4437ab0f29c563fa79059c4afff3128a55bf,f759f13872019e92406d8652bd48ff37a8ef074ad7769930dba1f4040a1df21c,0340047558809127cfbef95fc332f3ae1ce4145167192ddcfc30e1e5778e94dd,541d8cc529322602e1c4363ff1f5ca6e155eb89000d1278b3e455df388d1959d,acb92a3da950f861070d664c6e8866b6d27fc2143ca0864c1315ba3bee105479
c2fc6cc4c1e844e59d36bd9f67bf8ee5,227,native_gfl,False,42,7.34902548789978,8.910819292068481,0.1479550153017044,0.4266422390937805,0.5914202928543091,18.858836889266968,0.16509442031383514,0.8792975544929504,593875cf628a6c8fcced83a0071bda4fefca57d20a4132532f09ebffe5ae9cec,54b7fc335acf724bfd6cb0af0c4a4437ab0f29c563fa79059c4afff3128a55bf,f759f13872019e92406d8652bd48ff37a8ef074ad7769930dba1f4040a1df21c,0340047558809127cfbef95fc332f3ae1ce4145167192ddcfc30e1e5778e94dd,541d8cc529322602e1c4363ff1f5ca6e155eb89000d1278b3e455df388d1959d,acb92a3da950f861070d664c6e8866b6d27fc2143ca0864c1315ba3bee105479
c2fc6cc4c1e844e59d36bd9f67bf8ee5,227,no_adapter,False,42,7.100430488586426,11.989493370056152,0.11559680104255676,0.6379563808441162,0.5931169986724854,12.25667953491211,0.6121076941490173,0.7898163199424744,593875cf628a6c8fcced83a0071bda4fefca57d20a4132532f09ebffe5ae9cec,54b7fc335acf724bfd6cb0af0c4a4437ab0f29c563fa79059c4afff3128a55bf,f759f13872019e92406d8652bd48ff37a8ef074ad7769930dba1f4040a1df21c,0340047558809127cfbef95fc332f3ae1ce4145167192ddcfc30e1e5778e94dd,541d8cc529322602e1c4363ff1f5ca6e155eb89000d1278b3e455df388d1959d,acb92a3da950f861070d664c6e8866b6d27fc2143ca0864c1315ba3bee105479
c464fd4323d748f5b0d56b8b77d42761,228,native_gc3,False,42,7.302738428115845,13.738664388656616,0.3863081634044647,0.5346482992172241,0.509979784488678,18.688416481018066,0.3657917380332947,0.8054884076118469,898c73ae02a50a082da51c44fe5ef04c73d274ded16742525035de974f37f1bd,100a7aae832dadfe1724327b492acd121c46b9215c5d4b31890a72d0fc017479,2dca09d721828ce9cbb7a372ea860cdfc0cd6678939d61248830b787d37a45e9,0340047558809127cfbef95fc332f3ae1ce4145167192ddcfc30e1e5778e94dd,e398cf3175a976fd59f19f138559367965f371486b63242442e0eb5453b86915,430624df0d21554432e858dce4339ad704097427c003c3c9116a348b46c1605d
c464fd4323d748f5b0d56b8b77d42761,228,native_gfh,False,42,7.429303407669067,15.139002799987793,0.3730606436729431,0.6326810717582703,0.5402402877807617,19.34473752975464,0.36948996782302856,0.8243721127510071,898c73ae02a50a082da51c44fe5ef04c73d274ded16742525035de974f37f1bd,100a7aae832dadfe1724327b492acd121c46b9215c5d4b31890a72d0fc017479,2dca09d721828ce9cbb7a372ea860cdfc0cd6678939d61248830b787d37a45e9,0340047558809127cfbef95fc332f3ae1ce4145167192ddcfc30e1e5778e94dd,e398cf3175a976fd59f19f138559367965f371486b63242442e0eb5453b86915,430624df0d21554432e858dce4339ad704097427c003c3c9116a348b46c1605d
c464fd4323d748f5b0d56b8b77d42761,228,native_gfl,False,42,7.436406373977661,12.313547134399414,0.38814398646354675,0.45643725991249084,0.49504271149635315,17.334991693496704,0.35888928174972534,0.8007485270500183,898c73ae02a50a082da51c44fe5ef04c73d274ded16742525035de974f37f1bd,100a7aae832dadfe1724327b492acd121c46b9215c5d4b31890a72d0fc017479,2dca09d721828ce9cbb7a372ea860cdfc0cd6678939d61248830b787d37a45e9,0340047558809127cfbef95fc332f3ae1ce4145167192ddcfc30e1e5778e94dd,e398cf3175a976fd59f19f138559367965f371486b63242442e0eb5453b86915,430624df0d21554432e858dce4339ad704097427c003c3c9116a348b46c1605d
c464fd4323d748f5b0d56b8b77d42761,228,no_adapter,False,42,7.243305206298828,7.765998840332031,0.37204980850219727,0.6422790288925171,0.5061814785003662,9.606223106384277,0.6530410051345825,0.7316624522209167,898c73ae02a50a082da51c44fe5ef04c73d274ded16742525035de974f37f1bd,100a7aae832dadfe1724327b492acd121c46b9215c5d4b31890a72d0fc017479,2dca09d721828ce9cbb7a372ea860cdfc0cd6678939d61248830b787d37a45e9,0340047558809127cfbef95fc332f3ae1ce4145167192ddcfc30e1e5778e94dd,e398cf3175a976fd59f19f138559367965f371486b63242442e0eb5453b86915,430624df0d21554432e858dce4339ad704097427c003c3c9116a348b46c1605d
c4e457c6917342949003be55181c9e14,229,native_gc3,False,42,7.335278749465942,10.693086385726929,0.14122909307479858,0.4324372410774231,0.5557313561439514,19.887603521347046,0.15706408023834229,0.8886916041374207,29916675d7cb31612fbfc586b91b27ed70519bd4c79d52f393fd4edafd433f49,fcbe41dbf3a6730b059b322183785280d0e6130e7462b4c1618bdec1c037f3c3,c9f372644d62d164ea6e3ca8712a3376165f4d3c99a1e31fa0af2734d719e380,0340047558809127cfbef95fc332f3ae1ce4145167192ddcfc30e1e5778e94dd,15fb1f1c8edec3898e60653f14d9bd6f06dc75071cd999ebf5ef20fd9ae414b5,40fdefbbcd638261b38feb723c8e7379ca5c31c449c124c73a02dd82d55c2cd0
c4e457c6917342949003be55181c9e14,229,native_gfh,False,42,7.522223711013794,11.981422901153564,0.1446402668952942,0.4765554964542389,0.5962569713592529,19.323041439056396,0.15682625770568848,0.8808130621910095,29916675d7cb31612fbfc586b91b27ed70519bd4c79d52f393fd4edafd433f49,fcbe41dbf3a6730b059b322183785280d0e6130e7462b4c1618bdec1c037f3c3,c9f372644d62d164ea6e3ca8712a3376165f4d3c99a1e31fa0af2734d719e380,0340047558809127cfbef95fc332f3ae1ce4145167192ddcfc30e1e5778e94dd,15fb1f1c8edec3898e60653f14d9bd6f06dc75071cd999ebf5ef20fd9ae414b5,40fdefbbcd638261b38feb723c8e7379ca5c31c449c124c73a02dd82d55c2cd0
c4e457c6917342949003be55181c9e14,229,native_gfl,False,42,7.419380187988281,9.84717607498169,0.14247608184814453,0.418121874332428,0.545809805393219,19.505752325057983,0.1563422828912735,0.8847314119338989,29916675d7cb31612fbfc586b91b27ed70519bd4c79d52f393fd4edafd433f49,fcbe41dbf3a6730b059b322183785280d0e6130e7462b4c1618bdec1c037f3c3,c9f372644d62d164ea6e3ca8712a3376165f4d3c99a1e31fa0af2734d719e380,0340047558809127cfbef95fc332f3ae1ce4145167192ddcfc30e1e5778e94dd,15fb1f1c8edec3898e60653f14d9bd6f06dc75071cd999ebf5ef20fd9ae414b5,40fdefbbcd638261b38feb723c8e7379ca5c31c449c124c73a02dd82d55c2cd0
c4e457c6917342949003be55181c9e14,229,no_adapter,False,42,7.2292258739471436,6.026064157485962,0.16798701882362366,0.6374025344848633,0.5751400589942932,10.463074445724487,0.627494215965271,0.7736478447914124,29916675d7cb31612fbfc586b91b27ed70519bd4c79d52f393fd4edafd433f49,fcbe41dbf3a6730b059b322183785280d0e6130e7462b4c1618bdec1c037f3c3,c9f372644d62d164ea6e3ca8712a3376165f4d3c99a1e31fa0af2734d719e380,0340047558809127cfbef95fc332f3ae1ce4145167192ddcfc30e1e5778e94dd,15fb1f1c8edec3898e60653f14d9bd6f06dc75071cd999ebf5ef20fd9ae414b5,40fdefbbcd638261b38feb723c8e7379ca5c31c449c124c73a02dd82d55c2cd0
c5c995a1b65644e096579ddc748c37a4,230,native_gc3,False,42,7.480459451675415,12.218977212905884,0.17733459174633026,0.2460196167230606,0.3672298192977905,18.835028409957886,0.1947813779115677,0.8219297528266907,d52cfe37b1a8447b785840edacbb8291e329bdbf16bff1459d3261b04c5944d3,92d297d4a46b6afc827743982cb3e8f45b70a064afdec69ab044a1592a5de3a5,8ca695bdb37d162acdef786834500d0d20f70ec16e686abdb8efd634dd4ef4e4,0340047558809127cfbef95fc332f3ae1ce4145167192ddcfc30e1e5778e94dd,4be8a32c218368f31b496710cec351379aa7b3eb78bb0b2ecdc475f16c427f8c,7684892ec3075095cd42a22843a71212ccdaa1139eedb660cba9211d242d2bea
c5c995a1b65644e096579ddc748c37a4,230,native_gfh,False,42,7.475861549377441,14.748003482818604,0.1518353968858719,0.27210649847984314,0.39750927686691284,18.768826723098755,0.17678841948509216,0.8149837851524353,d52cfe37b1a8447b785840edacbb8291e329bdbf16bff1459d3261b04c5944d3,92d297d4a46b6afc827743982cb3e8f45b70a064afdec69ab044a1592a5de3a5,8ca695bdb37d162acdef786834500d0d20f70ec16e686abdb8efd634dd4ef4e4,0340047558809127cfbef95fc332f3ae1ce4145167192ddcfc30e1e5778e94dd,4be8a32c218368f31b496710cec351379aa7b3eb78bb0b2ecdc475f16c427f8c,7684892ec3075095cd42a22843a71212ccdaa1139eedb660cba9211d242d2bea
c5c995a1b65644e096579ddc748c37a4,230,native_gfl,False,42,7.380175828933716,11.405540704727173,0.18779587745666504,0.22581355273723602,0.3465404510498047,18.37433695793152,0.1994529515504837,0.8119738101959229,d52cfe37b1a8447b785840edacbb8291e329bdbf16bff1459d3261b04c5944d3,92d297d4a46b6afc827743982cb3e8f45b70a064afdec69ab044a1592a5de3a5,8ca695bdb37d162acdef786834500d0d20f70ec16e686abdb8efd634dd4ef4e4,0340047558809127cfbef95fc332f3ae1ce4145167192ddcfc30e1e5778e94dd,4be8a32c218368f31b496710cec351379aa7b3eb78bb0b2ecdc475f16c427f8c,7684892ec3075095cd42a22843a71212ccdaa1139eedb660cba9211d242d2bea
c5c995a1b65644e096579ddc748c37a4,230,no_adapter,False,42,7.105854749679565,8.780548572540283,0.19912883639335632,0.3039548099040985,0.4298313856124878,10.607525110244751,0.6704583168029785,0.6717214584350586,d52cfe37b1a8447b785840edacbb8291e329bdbf16bff1459d3261b04c5944d3,92d297d4a46b6afc827743982cb3e8f45b70a064afdec69ab044a1592a5de3a5,8ca695bdb37d162acdef786834500d0d20f70ec16e686abdb8efd634dd4ef4e4,0340047558809127cfbef95fc332f3ae1ce4145167192ddcfc30e1e5778e94dd,4be8a32c218368f31b496710cec351379aa7b3eb78bb0b2ecdc475f16c427f8c,7684892ec3075095cd42a22843a71212ccdaa1139eedb660cba9211d242d2bea
c68f06031f444bf0a1fea8e34fdf2e8c,231,native_gc3,False,42,7.5194268226623535,9.28784191608429,0.1106438934803009,0.1846095770597458,0.45287439227104187,18.21304202079773,0.14885719120502472,0.861689031124115,db7e8078dc3f55341446a12025fd329671324b7143b727d09c7d9aed5cdebcfc,cbb21b4ef8dd60d1c7227ffa8d0949b2e81b96655359134966b60db7a99f6f69,3d0214f969634164386ed606bc399e6b08e6a89af206dafadf71222aec6b88f6,0340047558809127cfbef95fc332f3ae1ce4145167192ddcfc30e1e5778e94dd,c5d7c38f9ed420496eaf26e89f6ad0d5a50739f9a205037b3e529d0245db2868,ac24a518c129fffe4ac992e554d4e6b3efd41cc3ea1de84a95680c0ca130ffef
c68f06031f444bf0a1fea8e34fdf2e8c,231,native_gfh,False,42,7.461045742034912,8.927730917930603,0.120280921459198,0.18628430366516113,0.4526623487472534,16.925575733184814,0.17099329829216003,0.8547294735908508,db7e8078dc3f55341446a12025fd329671324b7143b727d09c7d9aed5cdebcfc,cbb21b4ef8dd60d1c7227ffa8d0949b2e81b96655359134966b60db7a99f6f69,3d0214f969634164386ed606bc399e6b08e6a89af206dafadf71222aec6b88f6,0340047558809127cfbef95fc332f3ae1ce4145167192ddcfc30e1e5778e94dd,c5d7c38f9ed420496eaf26e89f6ad0d5a50739f9a205037b3e529d0245db2868,ac24a518c129fffe4ac992e554d4e6b3efd41cc3ea1de84a95680c0ca130ffef
c68f06031f444bf0a1fea8e34fdf2e8c,231,native_gfl,False,42,7.438239336013794,9.44277048110962,0.10706941038370132,0.18783247470855713,0.4552408754825592,18.493781089782715,0.15992341935634613,0.8595851063728333,db7e8078dc3f55341446a12025fd329671324b7143b727d09c7d9aed5cdebcfc,cbb21b4ef8dd60d1c7227ffa8d0949b2e81b96655359134966b60db7a99f6f69,3d0214f969634164386ed606bc399e6b08e6a89af206dafadf71222aec6b88f6,0340047558809127cfbef95fc332f3ae1ce4145167192ddcfc30e1e5778e94dd,c5d7c38f9ed420496eaf26e89f6ad0d5a50739f9a205037b3e529d0245db2868,ac24a518c129fffe4ac992e554d4e6b3efd41cc3ea1de84a95680c0ca130ffef
c68f06031f444bf0a1fea8e34fdf2e8c,231,no_adapter,False,42,7.105008125305176,3.861991763114929,0.15086689591407776,0.12110957503318787,0.35133305191993713,9.549447894096375,0.5720784068107605,0.7489297986030579,db7e8078dc3f55341446a12025fd329671324b7143b727d09c7d9aed5cdebcfc,cbb21b4ef8dd60d1c7227ffa8d0949b2e81b96655359134966b60db7a99f6f69,3d0214f969634164386ed606bc399e6b08e6a89af206dafadf71222aec6b88f6,0340047558809127cfbef95fc332f3ae1ce4145167192ddcfc30e1e5778e94dd,c5d7c38f9ed420496eaf26e89f6ad0d5a50739f9a205037b3e529d0245db2868,ac24a518c129fffe4ac992e554d4e6b3efd41cc3ea1de84a95680c0ca130ffef
c76ac44df995482185077da81939b306,232,native_gc3,False,42,7.369514226913452,15.339909791946411,0.22477377951145172,0.27677014470100403,0.6865966320037842,21.67973756790161,0.21259784698486328,0.811204731464386,eb55fad084311e78f6129510a788c6a0c9eea49a9dc49c7333423acc5ccb3e22,bc8e91766c16d7c3285fa94fc60eea7b94277dd86710454bc2da40d1fe5f3224,fef6af575c0ad58890a37181977a197f50e3976659b1e284a66e046bf6a9e20c,0340047558809127cfbef95fc332f3ae1ce4145167192ddcfc30e1e5778e94dd,7dc446cee3febd4225d83a2549e2e6bc89830e95cb54c310051bafe9b08bdc48,c2c6a565fb7f6f03fbab7adaf06fafb24c99459f05c10bf4127d3a96d5667a0d
c76ac44df995482185077da81939b306,232,native_gfh,False,42,7.427642822265625,16.65831446647644,0.22520220279693604,0.2986503839492798,0.7198988199234009,20.4378342628479,0.2252127230167389,0.8058701753616333,eb55fad084311e78f6129510a788c6a0c9eea49a9dc49c7333423acc5ccb3e22,bc8e91766c16d7c3285fa94fc60eea7b94277dd86710454bc2da40d1fe5f3224,fef6af575c0ad58890a37181977a197f50e3976659b1e284a66e046bf6a9e20c,0340047558809127cfbef95fc332f3ae1ce4145167192ddcfc30e1e5778e94dd,7dc446cee3febd4225d83a2549e2e6bc89830e95cb54c310051bafe9b08bdc48,c2c6a565fb7f6f03fbab7adaf06fafb24c99459f05c10bf4127d3a96d5667a0d
c76ac44df995482185077da81939b306,232,native_gfl,False,42,7.274665594100952,12.695667743682861,0.22659994661808014,0.24309863150119781,0.6736428141593933,19.694606065750122,0.2021644562482834,0.8027606010437012,eb55fad084311e78f6129510a788c6a0c9eea49a9dc49c7333423acc5ccb3e22,bc8e91766c16d7c3285fa94fc60eea7b94277dd86710454bc2da40d1fe5f3224,fef6af575c0ad58890a37181977a197f50e3976659b1e284a66e046bf6a9e20c,0340047558809127cfbef95fc332f3ae1ce4145167192ddcfc30e1e5778e94dd,7dc446cee3febd4225d83a2549e2e6bc89830e95cb54c310051bafe9b08bdc48,c2c6a565fb7f6f03fbab7adaf06fafb24c99459f05c10bf4127d3a96d5667a0d
c76ac44df995482185077da81939b306,232,no_adapter,False,42,7.072513103485107,7.088374495506287,0.27168574929237366,0.2597912549972534,0.5136749744415283,9.894593954086304,0.6412476897239685,0.6629311442375183,eb55fad084311e78f6129510a788c6a0c9eea49a9dc49c7333423acc5ccb3e22,bc8e91766c16d7c3285fa94fc60eea7b94277dd86710454bc2da40d1fe5f3224,fef6af575c0ad58890a37181977a197f50e3976659b1e284a66e046bf6a9e20c,0340047558809127cfbef95fc332f3ae1ce4145167192ddcfc30e1e5778e94dd,7dc446cee3febd4225d83a2549e2e6bc89830e95cb54c310051bafe9b08bdc48,c2c6a565fb7f6f03fbab7adaf06fafb24c99459f05c10bf4127d3a96d5667a0d
c7ea604b54d5457f9615caa8a827a38b,233,native_gc3,False,42,7.355749607086182,10.501649379730225,0.16857776045799255,0.3503701984882355,0.5104739665985107,16.87804937362671,0.16944266855716705,0.8279677629470825,35717960860106f67a159052308ad83cb734fc585aa4d384b997d286754cff28,db6f211ffa3df48df93e32234a6f6363b8b59ecfab80b2b41dcb81f057a0f1de,db428c63bc003635125c40436f92835f366c15116c5bb0526d40284f00027731,0340047558809127cfbef95fc332f3ae1ce4145167192ddcfc30e1e5778e94dd,041bdbd97df384923d404898a936e41c6d6210736194e779157d2306aff4ca45,6af073283da113c160ebfe509f42b89d3b3177031c91d128c26c852573aed1a0
c7ea604b54d5457f9615caa8a827a38b,233,native_gfh,False,42,7.450866460800171,8.800646662712097,0.18365009129047394,0.34888768196105957,0.5053113102912903,15.081384181976318,0.18871721625328064,0.8131201863288879,35717960860106f67a159052308ad83cb734fc585aa4d384b997d286754cff28,db6f211ffa3df48df93e32234a6f6363b8b59ecfab80b2b41dcb81f057a0f1de,db428c63bc003635125c40436f92835f366c15116c5bb0526d40284f00027731,0340047558809127cfbef95fc332f3ae1ce4145167192ddcfc30e1e5778e94dd,041bdbd97df384923d404898a936e41c6d6210736194e779157d2306aff4ca45,6af073283da113c160ebfe509f42b89d3b3177031c91d128c26c852573aed1a0
c7ea604b54d5457f9615caa8a827a38b,233,native_gfl,False,42,7.417401552200317,12.475074529647827,0.1647760421037674,0.37055066227912903,0.5214930772781372,18.728938102722168,0.16658280789852142,0.8345469832420349,35717960860106f67a159052308ad83cb734fc585aa4d384b997d286754cff28,db6f211ffa3df48df93e32234a6f6363b8b59ecfab80b2b41dcb81f057a0f1de,db428c63bc003635125c40436f92835f366c15116c5bb0526d40284f00027731,0340047558809127cfbef95fc332f3ae1ce4145167192ddcfc30e1e5778e94dd,041bdbd97df384923d404898a936e41c6d6210736194e779157d2306aff4ca45,6af073283da113c160ebfe509f42b89d3b3177031c91d128c26c852573aed1a0
c7ea604b54d5457f9615caa8a827a38b,233,no_adapter,False,42,7.042490005493164,3.9742180705070496,0.2549756169319153,0.28430747985839844,0.41753914952278137,7.063148021697998,0.6175172328948975,0.6485017538070679,35717960860106f67a159052308ad83cb734fc585aa4d384b997d286754cff28,db6f211ffa3df48df93e32234a6f6363b8b59ecfab80b2b41dcb81f057a0f1de,db428c63bc003635125c40436f92835f366c15116c5bb0526d40284f00027731,0340047558809127cfbef95fc332f3ae1ce4145167192ddcfc30e1e5778e94dd,041bdbd97df384923d404898a936e41c6d6210736194e779157d2306aff4ca45,6af073283da113c160ebfe509f42b89d3b3177031c91d128c26c852573aed1a0
c8a9d0d162154189806e77a29460ecfc,234,native_gc3,False,42,7.339021921157837,11.668211221694946,0.14772287011146545,0.5267301797866821,0.5571125149726868,17.93181300163269,0.1844196319580078,0.8552747964859009,70fe10d7a6b666c82087fd9a797586a027459db10ad67b45cfa8735d01252934,7c70ac291ea2bb5e384c6d4fb59c542e933ba9c70464a0e5606ce5a402114bc8,75afd367083a2c56a015a45c07e26238632fb2ac3e037107f030f8370c8789bf,0340047558809127cfbef95fc332f3ae1ce4145167192ddcfc30e1e5778e94dd,b6d2961c578a9d97a13066ff831aecb8f554df0dddad7541c17e0c19dd3816a4,d2166463bc85dcdff3969935926501692d610d0f2eafd6bfaeb88a50b99c2dc8
c8a9d0d162154189806e77a29460ecfc,234,native_gfh,False,42,7.492215633392334,11.495579481124878,0.15326297283172607,0.5431102514266968,0.5594176650047302,16.86662793159485,0.18760670721530914,0.852912187576294,70fe10d7a6b666c82087fd9a797586a027459db10ad67b45cfa8735d01252934,7c70ac291ea2bb5e384c6d4fb59c542e933ba9c70464a0e5606ce5a402114bc8,75afd367083a2c56a015a45c07e26238632fb2ac3e037107f030f8370c8789bf,0340047558809127cfbef95fc332f3ae1ce4145167192ddcfc30e1e5778e94dd,b6d2961c578a9d97a13066ff831aecb8f554df0dddad7541c17e0c19dd3816a4,d2166463bc85dcdff3969935926501692d610d0f2eafd6bfaeb88a50b99c2dc8
c8a9d0d162154189806e77a29460ecfc,234,native_gfl,False,42,7.571115016937256,11.904747486114502,0.14119592308998108,0.5202395915985107,0.5622439980506897,18.45291495323181,0.19535881280899048,0.8515197038650513,70fe10d7a6b666c82087fd9a797586a027459db10ad67b45cfa8735d01252934,7c70ac291ea2bb5e384c6d4fb59c542e933ba9c70464a0e5606ce5a402114bc8,75afd367083a2c56a015a45c07e26238632fb2ac3e037107f030f8370c8789bf,0340047558809127cfbef95fc332f3ae1ce4145167192ddcfc30e1e5778e94dd,b6d2961c578a9d97a13066ff831aecb8f554df0dddad7541c17e0c19dd3816a4,d2166463bc85dcdff3969935926501692d610d0f2eafd6bfaeb88a50b99c2dc8
c8a9d0d162154189806e77a29460ecfc,234,no_adapter,False,42,7.1909849643707275,5.347743630409241,0.21498942375183105,0.3771287202835083,0.4293357729911804,7.864784002304077,0.6732056736946106,0.660944938659668,70fe10d7a6b666c82087fd9a797586a027459db10ad67b45cfa8735d01252934,7c70ac291ea2bb5e384c6d4fb59c542e933ba9c70464a0e5606ce5a402114bc8,75afd367083a2c56a015a45c07e26238632fb2ac3e037107f030f8370c8789bf,0340047558809127cfbef95fc332f3ae1ce4145167192ddcfc30e1e5778e94dd,b6d2961c578a9d97a13066ff831aecb8f554df0dddad7541c17e0c19dd3816a4,d2166463bc85dcdff3969935926501692d610d0f2eafd6bfaeb88a50b99c2dc8
c922326181b943ebbb6daa5376a247b8,235,native_gc3,False,42,7.316980838775635,12.525601387023926,0.15603801608085632,0.46038952469825745,0.5382663011550903,20.454118251800537,0.1624709963798523,0.86980801820755,878bd2a99daa47a7eeb16e36ef0c7ad51d369b46cd247e3f1deaaaf941e13ed4,efdce5622a0a2da8ea97c741772969bc7bf5977d116bc07c1fa9fe950baa7c7b,ce13393ad817b54bea2f16a5dcd396ad3e02d9a1a7e45b1f47309abfba263e67,0340047558809127cfbef95fc332f3ae1ce4145167192ddcfc30e1e5778e94dd,0cf9518fc58616ebcdeb8dd1429b61920adeb4219930090d2a17c191c5ed5b10,b8c3cfaa58f937dbb36e141150d315b275d8c8866fa83f29f7a2e8a9c7f94b08
c922326181b943ebbb6daa5376a247b8,235,native_gfh,False,42,7.436206817626953,14.779902696609497,0.13773731887340546,0.5107067227363586,0.5721973776817322,20.34790277481079,0.1543743759393692,0.868413507938385,878bd2a99daa47a7eeb16e36ef0c7ad51d369b46cd247e3f1deaaaf941e13ed4,efdce5622a0a2da8ea97c741772969bc7bf5977d116bc07c1fa9fe950baa7c7b,ce13393ad817b54bea2f16a5dcd396ad3e02d9a1a7e45b1f47309abfba263e67,0340047558809127cfbef95fc332f3ae1ce4145167192ddcfc30e1e5778e94dd,0cf9518fc58616ebcdeb8dd1429b61920adeb4219930090d2a17c191c5ed5b10,b8c3cfaa58f937dbb36e141150d315b275d8c8866fa83f29f7a2e8a9c7f94b08
c922326181b943ebbb6daa5376a247b8,235,native_gfl,False,42,7.508785009384155,10.816762447357178,0.16645103693008423,0.4054774045944214,0.5197372436523438,19.2626953125,0.17053428292274475,0.8602179884910583,878bd2a99daa47a7eeb16e36ef0c7ad51d369b46cd247e3f1deaaaf941e13ed4,efdce5622a0a2da8ea97c741772969bc7bf5977d116bc07c1fa9fe950baa7c7b,ce13393ad817b54bea2f16a5dcd396ad3e02d9a1a7e45b1f47309abfba263e67,0340047558809127cfbef95fc332f3ae1ce4145167192ddcfc30e1e5778e94dd,0cf9518fc58616ebcdeb8dd1429b61920adeb4219930090d2a17c191c5ed5b10,b8c3cfaa58f937dbb36e141150d315b275d8c8866fa83f29f7a2e8a9c7f94b08
c922326181b943ebbb6daa5376a247b8,235,no_adapter,False,42,7.267274856567383,8.064712285995483,0.17262870073318481,0.5494455099105835,0.5064844489097595,10.179797410964966,0.6172866821289062,0.7341920137405396,878bd2a99daa47a7eeb16e36ef0c7ad51d369b46cd247e3f1deaaaf941e13ed4,efdce5622a0a2da8ea97c741772969bc7bf5977d116bc07c1fa9fe950baa7c7b,ce13393ad817b54bea2f16a5dcd396ad3e02d9a1a7e45b1f47309abfba263e67,0340047558809127cfbef95fc332f3ae1ce4145167192ddcfc30e1e5778e94dd,0cf9518fc58616ebcdeb8dd1429b61920adeb4219930090d2a17c191c5ed5b10,b8c3cfaa58f937dbb36e141150d315b275d8c8866fa83f29f7a2e8a9c7f94b08
ca887928bb664bcba121219f0af41293,236,native_gc3,False,42,7.5617780685424805,12.337522506713867,0.22590157389640808,0.6060479879379272,0.5952497124671936,18.29526662826538,0.22416703402996063,0.8580905199050903,a69edea3e8c555584266f3cff43c815614d8964c03970020f247fa05f29da462,af7c423636c67ac4e7d847751eeb8e63b7eaecb66cb382786ce375e8afcb7572,0008f8e91768073ab6a69ab267173688b5f9d3dc8c5a97801ce4f7cd2ae4df97,0340047558809127cfbef95fc332f3ae1ce4145167192ddcfc30e1e5778e94dd,7774e5b12124d9c639f756616cc4e1749d3c090cb4bb3f5760c6790b108362c0,129217b33970a3d7a89ecdde38821caf6a050b59e10d3b46ec1fb1d16a4b2119
ca887928bb664bcba121219f0af41293,236,native_gfh,False,42,7.500507831573486,13.662713766098022,0.20195451378822327,0.6963909268379211,0.6469916701316833,18.629417419433594,0.2114584892988205,0.8666883111000061,a69edea3e8c555584266f3cff43c815614d8964c03970020f247fa05f29da462,af7c423636c67ac4e7d847751eeb8e63b7eaecb66cb382786ce375e8afcb7572,0008f8e91768073ab6a69ab267173688b5f9d3dc8c5a97801ce4f7cd2ae4df97,0340047558809127cfbef95fc332f3ae1ce4145167192ddcfc30e1e5778e94dd,7774e5b12124d9c639f756616cc4e1749d3c090cb4bb3f5760c6790b108362c0,129217b33970a3d7a89ecdde38821caf6a050b59e10d3b46ec1fb1d16a4b2119
ca887928bb664bcba121219f0af41293,236,native_gfl,False,42,7.380791425704956,9.836856722831726,0.24838894605636597,0.5543554425239563,0.5774698853492737,16.07526659965515,0.24076470732688904,0.8455480933189392,a69edea3e8c555584266f3cff43c815614d8964c03970020f247fa05f29da462,af7c423636c67ac4e7d847751eeb8e63b7eaecb66cb382786ce375e8afcb7572,0008f8e91768073ab6a69ab267173688b5f9d3dc8c5a97801ce4f7cd2ae4df97,0340047558809127cfbef95fc332f3ae1ce4145167192ddcfc30e1e5778e94dd,7774e5b12124d9c639f756616cc4e1749d3c090cb4bb3f5760c6790b108362c0,129217b33970a3d7a89ecdde38821caf6a050b59e10d3b46ec1fb1d16a4b2119
ca887928bb664bcba121219f0af41293,236,no_adapter,False,42,7.17310643196106,12.054997682571411,0.21257875859737396,0.7142452597618103,0.5612123012542725,12.073609828948975,0.599678635597229,0.7719017863273621,a69edea3e8c555584266f3cff43c815614d8964c03970020f247fa05f29da462,af7c423636c67ac4e7d847751eeb8e63b7eaecb66cb382786ce375e8afcb7572,0008f8e91768073ab6a69ab267173688b5f9d3dc8c5a97801ce4f7cd2ae4df97,0340047558809127cfbef95fc332f3ae1ce4145167192ddcfc30e1e5778e94dd,7774e5b12124d9c639f756616cc4e1749d3c090cb4bb3f5760c6790b108362c0,129217b33970a3d7a89ecdde38821caf6a050b59e10d3b46ec1fb1d16a4b2119
cc804d0e26f24cf29dfd830310f4786d,237,native_gc3,False,42,7.524839401245117,12.050731182098389,0.2886784076690674,0.4998476803302765,0.4599754810333252,17.817991971969604,0.3028414249420166,0.8320660591125488,18fd1bfa66a40fcdf8d83d56e6d08a00613e94164b3e8926e2864913ab4c381b,96ca63cc1ea4fd58bcb6910eb03f45f33bf3f9606f00383155da16d948698fca,2304db74b51195832423f6d95769d339c161e14af2ca4725cae3df6bd00499eb,0340047558809127cfbef95fc332f3ae1ce4145167192ddcfc30e1e5778e94dd,6ea9a77560f4e466d06cce92812daba46c71d810fe4d91206dc163f849ccb52a,e16de66eeaeadb86172bd3e0932008d99b104eb01911337fd4cc4e6504c5c368
cc804d0e26f24cf29dfd830310f4786d,237,native_gfh,False,42,7.495313882827759,13.169704675674438,0.2636740207672119,0.5992903113365173,0.48581239581108093,17.769187688827515,0.28872913122177124,0.844426691532135,18fd1bfa66a40fcdf8d83d56e6d08a00613e94164b3e8926e2864913ab4c381b,96ca63cc1ea4fd58bcb6910eb03f45f33bf3f9606f00383155da16d948698fca,2304db74b51195832423f6d95769d339c161e14af2ca4725cae3df6bd00499eb,0340047558809127cfbef95fc332f3ae1ce4145167192ddcfc30e1e5778e94dd,6ea9a77560f4e466d06cce92812daba46c71d810fe4d91206dc163f849ccb52a,e16de66eeaeadb86172bd3e0932008d99b104eb01911337fd4cc4e6504c5c368
cc804d0e26f24cf29dfd830310f4786d,237,native_gfl,False,42,7.419341087341309,11.132141351699829,0.3026549816131592,0.442902147769928,0.4526497423648834,17.20293879508972,0.31128937005996704,0.8141447901725769,18fd1bfa66a40fcdf8d83d56e6d08a00613e94164b3e8926e2864913ab4c381b,96ca63cc1ea4fd58bcb6910eb03f45f33bf3f9606f00383155da16d948698fca,2304db74b51195832423f6d95769d339c161e14af2ca4725cae3df6bd00499eb,0340047558809127cfbef95fc332f3ae1ce4145167192ddcfc30e1e5778e94dd,6ea9a77560f4e466d06cce92812daba46c71d810fe4d91206dc163f849ccb52a,e16de66eeaeadb86172bd3e0932008d99b104eb01911337fd4cc4e6504c5c368
cc804d0e26f24cf29dfd830310f4786d,237,no_adapter,False,42,7.080501556396484,8.818889856338501,0.2593882977962494,0.5759087800979614,0.4221426248550415,10.630636215209961,0.6651811599731445,0.7149828672409058,18fd1bfa66a40fcdf8d83d56e6d08a00613e94164b3e8926e2864913ab4c381b,96ca63cc1ea4fd58bcb6910eb03f45f33bf3f9606f00383155da16d948698fca,2304db74b51195832423f6d95769d339c161e14af2ca4725cae3df6bd00499eb,0340047558809127cfbef95fc332f3ae1ce4145167192ddcfc30e1e5778e94dd,6ea9a77560f4e466d06cce92812daba46c71d810fe4d91206dc163f849ccb52a,e16de66eeaeadb86172bd3e0932008d99b104eb01911337fd4cc4e6504c5c368
cd2a5b2c52104e07abc4f16b5d472089,238,native_gc3,False,42,7.470694541931152,8.192413449287415,0.2020958662033081,0.4197060167789459,0.569329023361206,15.432093143463135,0.21453750133514404,0.8478620648384094,278b47005ab422a272a5a64fd0d23ca96bb1c134bc7ca882793987ea2cb4d658,8e1ce4e13344188e9aae7119ed5597a9d13520c13ea8f2f58b779bb1ba4be09f,d31aa1b076f5287f5e7e8a6928388a5895743c4e1bd31fc28be3271f7f7f1bf7,0340047558809127cfbef95fc332f3ae1ce4145167192ddcfc30e1e5778e94dd,a947bf7e4621402b417e013a17a88f55d94c3f65a5e59462ce59066f3f85fe08,28f142487315a60336a7dcc14be3189cdf64c6a5eda5de37cccd016bda197b3f
cd2a5b2c52104e07abc4f16b5d472089,238,native_gfh,False,42,7.417134761810303,8.500390648841858,0.19036628305912018,0.4935622811317444,0.588914692401886,15.128049850463867,0.2110656499862671,0.8445366024971008,278b47005ab422a272a5a64fd0d23ca96bb1c134bc7ca882793987ea2cb4d658,8e1ce4e13344188e9aae7119ed5597a9d13520c13ea8f2f58b779bb1ba4be09f,d31aa1b076f5287f5e7e8a6928388a5895743c4e1bd31fc28be3271f7f7f1bf7,0340047558809127cfbef95fc332f3ae1ce4145167192ddcfc30e1e5778e94dd,a947bf7e4621402b417e013a17a88f55d94c3f65a5e59462ce59066f3f85fe08,28f142487315a60336a7dcc14be3189cdf64c6a5eda5de37cccd016bda197b3f
cd2a5b2c52104e07abc4f16b5d472089,238,native_gfl,False,42,7.627658367156982,8.70054841041565,0.2077932506799698,0.3871051073074341,0.5602124333381653,16.022005081176758,0.21374239027500153,0.8433182239532471,278b47005ab422a272a5a64fd0d23ca96bb1c134bc7ca882793987ea2cb4d658,8e1ce4e13344188e9aae7119ed5597a9d13520c13ea8f2f58b779bb1ba4be09f,d31aa1b076f5287f5e7e8a6928388a5895743c4e1bd31fc28be3271f7f7f1bf7,0340047558809127cfbef95fc332f3ae1ce4145167192ddcfc30e1e5778e94dd,a947bf7e4621402b417e013a17a88f55d94c3f65a5e59462ce59066f3f85fe08,28f142487315a60336a7dcc14be3189cdf64c6a5eda5de37cccd016bda197b3f
cd2a5b2c52104e07abc4f16b5d472089,238,no_adapter,False,42,7.132760763168335,3.3744174242019653,0.26045772433280945,0.4273366928100586,0.5286643505096436,8.124549388885498,0.6749597787857056,0.7012529373168945,278b47005ab422a272a5a64fd0d23ca96bb1c134bc7ca882793987ea2cb4d658,8e1ce4e13344188e9aae7119ed5597a9d13520c13ea8f2f58b779bb1ba4be09f,d31aa1b076f5287f5e7e8a6928388a5895743c4e1bd31fc28be3271f7f7f1bf7,0340047558809127cfbef95fc332f3ae1ce4145167192ddcfc30e1e5778e94dd,a947bf7e4621402b417e013a17a88f55d94c3f65a5e59462ce59066f3f85fe08,28f142487315a60336a7dcc14be3189cdf64c6a5eda5de37cccd016bda197b3f
ce123a07cf3443ceae7cecb10ef559d1,239,native_gc3,False,42,7.479289293289185,14.085129499435425,0.17533744871616364,0.42001068592071533,0.4657943546772003,19.671932458877563,0.15391606092453003,0.81679368019104,c2e7ceee2215bd35e4201cbe9a7f91979d9eac86834c17c3a4f002bf6da0417f,02639210d0efe85b0f5276cea747dd1e16a8aafb5c69498d6c69cc6a23351491,44305c915266468ff94e15eb1327845d67a56db7b4fab90358f3470297532c05,0340047558809127cfbef95fc332f3ae1ce4145167192ddcfc30e1e5778e94dd,8ee96eaee360acb5e95ba5eaa5f971cfddb1159c12d0c290f47bbc56098d2f98,17f28dca82ed8bb9a84dc86ba6a37c5fda56fe31e6beb024cdc27a59ad84124e
ce123a07cf3443ceae7cecb10ef559d1,239,native_gfh,False,42,7.548938989639282,13.645024299621582,0.16384059190750122,0.4713752865791321,0.4830642640590668,18.396791219711304,0.1584216058254242,0.8195909857749939,c2e7ceee2215bd35e4201cbe9a7f91979d9eac86834c17c3a4f002bf6da0417f,02639210d0efe85b0f5276cea747dd1e16a8aafb5c69498d6c69cc6a23351491,44305c915266468ff94e15eb1327845d67a56db7b4fab90358f3470297532c05,0340047558809127cfbef95fc332f3ae1ce4145167192ddcfc30e1e5778e94dd,8ee96eaee360acb5e95ba5eaa5f971cfddb1159c12d0c290f47bbc56098d2f98,17f28dca82ed8bb9a84dc86ba6a37c5fda56fe31e6beb024cdc27a59ad84124e
ce123a07cf3443ceae7cecb10ef559d1,239,native_gfl,False,42,7.507420778274536,14.192297458648682,0.1815638393163681,0.39343249797821045,0.46638280153274536,20.022544860839844,0.1554107964038849,0.8110314607620239,c2e7ceee2215bd35e4201cbe9a7f91979d9eac86834c17c3a4f002bf6da0417f,02639210d0efe85b0f5276cea747dd1e16a8aafb5c69498d6c69cc6a23351491,44305c915266468ff94e15eb1327845d67a56db7b4fab90358f3470297532c05,0340047558809127cfbef95fc332f3ae1ce4145167192ddcfc30e1e5778e94dd,8ee96eaee360acb5e95ba5eaa5f971cfddb1159c12d0c290f47bbc56098d2f98,17f28dca82ed8bb9a84dc86ba6a37c5fda56fe31e6beb024cdc27a59ad84124e
ce123a07cf3443ceae7cecb10ef559d1,239,no_adapter,False,42,7.160853624343872,6.558091640472412,0.28636661171913147,0.4468141496181488,0.39971262216567993,9.023716449737549,0.6334116458892822,0.6704054474830627,c2e7ceee2215bd35e4201cbe9a7f91979d9eac86834c17c3a4f002bf6da0417f,02639210d0efe85b0f5276cea747dd1e16a8aafb5c69498d6c69cc6a23351491,44305c915266468ff94e15eb1327845d67a56db7b4fab90358f3470297532c05,0340047558809127cfbef95fc332f3ae1ce4145167192ddcfc30e1e5778e94dd,8ee96eaee360acb5e95ba5eaa5f971cfddb1159c12d0c290f47bbc56098d2f98,17f28dca82ed8bb9a84dc86ba6a37c5fda56fe31e6beb024cdc27a59ad84124e
ce9bf30086414a639b45d28b4be2a994,240,native_gc3,False,42,7.399938583374023,13.477916717529297,0.16652008891105652,0.30055955052375793,0.368845134973526,20.2006196975708,0.2544165551662445,0.8305271863937378,82619afd966396c6fa815dd47423c8c2aae93579a4c90d8c91bdd07216939ebf,73c1d1d53ab6c6d2660e59bade13fbad61c64f2e23f6b9836d4fe38d509a81e8,a88ddf115ba1daaaebb999395c6b9277b5b1caf631ffeedb1bf3c8608614d398,0340047558809127cfbef95fc332f3ae1ce4145167192ddcfc30e1e5778e94dd,bde58cf6c395b8cbf608a6801ff25de3a25ae72d34b4aa95969ad78df954af1c,5d21f5e5134ab6f6bc774d1a0569bdc300b21210a746df2ffc57df1346b605fa
ce9bf30086414a639b45d28b4be2a994,240,native_gfh,False,42,7.351369857788086,14.693564176559448,0.14936496317386627,0.3257189691066742,0.3711080551147461,19.03167724609375,0.2663764953613281,0.8277448415756226,82619afd966396c6fa815dd47423c8c2aae93579a4c90d8c91bdd07216939ebf,73c1d1d53ab6c6d2660e59bade13fbad61c64f2e23f6b9836d4fe38d509a81e8,a88ddf115ba1daaaebb999395c6b9277b5b1caf631ffeedb1bf3c8608614d398,0340047558809127cfbef95fc332f3ae1ce4145167192ddcfc30e1e5778e94dd,bde58cf6c395b8cbf608a6801ff25de3a25ae72d34b4aa95969ad78df954af1c,5d21f5e5134ab6f6bc774d1a0569bdc300b21210a746df2ffc57df1346b605fa
ce9bf30086414a639b45d28b4be2a994,240,native_gfl,False,42,7.344067335128784,12.373080253601074,0.1729222536087036,0.2881912291049957,0.3697715997695923,19.678977727890015,0.2746092975139618,0.8229041695594788,82619afd966396c6fa815dd47423c8c2aae93579a4c90d8c91bdd07216939ebf,73c1d1d53ab6c6d2660e59bade13fbad61c64f2e23f6b9836d4fe38d509a81e8,a88ddf115ba1daaaebb999395c6b9277b5b1caf631ffeedb1bf3c8608614d398,0340047558809127cfbef95fc332f3ae1ce4145167192ddcfc30e1e5778e94dd,bde58cf6c395b8cbf608a6801ff25de3a25ae72d34b4aa95969ad78df954af1c,5d21f5e5134ab6f6bc774d1a0569bdc300b21210a746df2ffc57df1346b605fa
ce9bf30086414a639b45d28b4be2a994,240,no_adapter,False,42,7.16356348991394,6.804507374763489,0.21407395601272583,0.29208123683929443,0.3164602220058441,11.133694648742676,0.6634718179702759,0.7153592109680176,82619afd966396c6fa815dd47423c8c2aae93579a4c90d8c91bdd07216939ebf,73c1d1d53ab6c6d2660e59bade13fbad61c64f2e23f6b9836d4fe38d509a81e8,a88ddf115ba1daaaebb999395c6b9277b5b1caf631ffeedb1bf3c8608614d398,0340047558809127cfbef95fc332f3ae1ce4145167192ddcfc30e1e5778e94dd,bde58cf6c395b8cbf608a6801ff25de3a25ae72d34b4aa95969ad78df954af1c,5d21f5e5134ab6f6bc774d1a0569bdc300b21210a746df2ffc57df1346b605fa
d029ab5370c54d16881aaf809c47f866,241,native_gc3,False,42,7.484115362167358,6.10995352268219,0.3377034068107605,0.11530545353889465,0.36036181449890137,10.928677320480347,0.34282252192497253,0.6873209476470947,685c51c87fcc50a99ec1223462018f1e6ca111928ecc934c0cf2769d6acc6b27,b9175f3834efc5cf5739caeb2ac8f53568700951d58b485a566dda6863296000,b6875118264fd09374025199860f20b5f59d3f8528017ca29889882e42099ef1,0340047558809127cfbef95fc332f3ae1ce4145167192ddcfc30e1e5778e94dd,aa6f232cfc40078a6ee34ddd3e45d220d12c46431ca1f508ce204363c5835912,ad4e1655b3b8727e58ca0b0ca36538bf6da224c4e073568a24f9f5577d5c8c5b
d029ab5370c54d16881aaf809c47f866,241,native_gfh,False,42,7.547658205032349,5.444368124008179,0.35306477546691895,0.1284911334514618,0.35874372720718384,10.20115852355957,0.38330990076065063,0.6849596500396729,685c51c87fcc50a99ec1223462018f1e6ca111928ecc934c0cf2769d6acc6b27,b9175f3834efc5cf5739caeb2ac8f53568700951d58b485a566dda6863296000,b6875118264fd09374025199860f20b5f59d3f8528017ca29889882e42099ef1,0340047558809127cfbef95fc332f3ae1ce4145167192ddcfc30e1e5778e94dd,aa6f232cfc40078a6ee34ddd3e45d220d12c46431ca1f508ce204363c5835912,ad4e1655b3b8727e58ca0b0ca36538bf6da224c4e073568a24f9f5577d5c8c5b
d029ab5370c54d16881aaf809c47f866,241,native_gfl,False,42,7.536158561706543,6.908522248268127,0.3363859951496124,0.10577625781297684,0.3708726167678833,11.721251010894775,0.34031975269317627,0.7004292607307434,685c51c87fcc50a99ec1223462018f1e6ca111928ecc934c0cf2769d6acc6b27,b9175f3834efc5cf5739caeb2ac8f53568700951d58b485a566dda6863296000,b6875118264fd09374025199860f20b5f59d3f8528017ca29889882e42099ef1,0340047558809127cfbef95fc332f3ae1ce4145167192ddcfc30e1e5778e94dd,aa6f232cfc40078a6ee34ddd3e45d220d12c46431ca1f508ce204363c5835912,ad4e1655b3b8727e58ca0b0ca36538bf6da224c4e073568a24f9f5577d5c8c5b
d029ab5370c54d16881aaf809c47f866,241,no_adapter,False,42,7.305809736251831,1.7912229895591736,0.3825971484184265,0.110270194709301,0.3005678057670593,5.719119906425476,0.6268673539161682,0.5992438793182373,685c51c87fcc50a99ec1223462018f1e6ca111928ecc934c0cf2769d6acc6b27,b9175f3834efc5cf5739caeb2ac8f53568700951d58b485a566dda6863296000,b6875118264fd09374025199860f20b5f59d3f8528017ca29889882e42099ef1,0340047558809127cfbef95fc332f3ae1ce4145167192ddcfc30e1e5778e94dd,aa6f232cfc40078a6ee34ddd3e45d220d12c46431ca1f508ce204363c5835912,ad4e1655b3b8727e58ca0b0ca36538bf6da224c4e073568a24f9f5577d5c8c5b
d0cbbcda23394881b82aa875c8ae6849,242,native_gc3,False,42,7.36319637298584,13.529322147369385,0.2618406414985657,0.6896000504493713,0.5232312083244324,18.544217348098755,0.4102843999862671,0.8466277122497559,b4860a9a2f7869e14746a95c2970eda192c8f312fff972d14498d46634ba6635,0a63737c7135638a4bc83c59c325091a94f027c29d4a7189fea1ab19347e5bf6,75a1329b623d331d5a8ab934cdbcbcff10cb2f45d54f517179026540388d91b0,0340047558809127cfbef95fc332f3ae1ce4145167192ddcfc30e1e5778e94dd,e2470cfd4dacdb964eaf6f8b364b4d948c763acd8c7b5e66806e071fce34f237,59c031510a5187b7c7a344e9b5c613b958ae2ce91a9670c68de558abae46533a
d0cbbcda23394881b82aa875c8ae6849,242,native_gfh,False,42,7.4188361167907715,13.8108229637146,0.23322997987270355,0.7220991253852844,0.5508497357368469,17.803292274475098,0.40067386627197266,0.8526620864868164,b4860a9a2f7869e14746a95c2970eda192c8f312fff972d14498d46634ba6635,0a63737c7135638a4bc83c59c325091a94f027c29d4a7189fea1ab19347e5bf6,75a1329b623d331d5a8ab934cdbcbcff10cb2f45d54f517179026540388d91b0,0340047558809127cfbef95fc332f3ae1ce4145167192ddcfc30e1e5778e94dd,e2470cfd4dacdb964eaf6f8b364b4d948c763acd8c7b5e66806e071fce34f237,59c031510a5187b7c7a344e9b5c613b958ae2ce91a9670c68de558abae46533a
d0cbbcda23394881b82aa875c8ae6849,242,native_gfl,False,42,7.6409220695495605,11.856516599655151,0.279193252325058,0.650027871131897,0.5165903568267822,17.066482305526733,0.4285861849784851,0.839208722114563,b4860a9a2f7869e14746a95c2970eda192c8f312fff972d14498d46634ba6635,0a63737c7135638a4bc83c59c325091a94f027c29d4a7189fea1ab19347e5bf6,75a1329b623d331d5a8ab934cdbcbcff10cb2f45d54f517179026540388d91b0,0340047558809127cfbef95fc332f3ae1ce4145167192ddcfc30e1e5778e94dd,e2470cfd4dacdb964eaf6f8b364b4d948c763acd8c7b5e66806e071fce34f237,59c031510a5187b7c7a344e9b5c613b958ae2ce91a9670c68de558abae46533a
d0cbbcda23394881b82aa875c8ae6849,242,no_adapter,False,42,7.188388824462891,12.518916130065918,0.2766761779785156,0.693485677242279,0.5170337557792664,11.854071617126465,0.65573650598526,0.748147189617157,b4860a9a2f7869e14746a95c2970eda192c8f312fff972d14498d46634ba6635,0a63737c7135638a4bc83c59c325091a94f027c29d4a7189fea1ab19347e5bf6,75a1329b623d331d5a8ab934cdbcbcff10cb2f45d54f517179026540388d91b0,0340047558809127cfbef95fc332f3ae1ce4145167192ddcfc30e1e5778e94dd,e2470cfd4dacdb964eaf6f8b364b4d948c763acd8c7b5e66806e071fce34f237,59c031510a5187b7c7a344e9b5c613b958ae2ce91a9670c68de558abae46533a
d0e116a62bfc4cdd9edf60671073b306,243,native_gc3,False,42,7.42167854309082,10.733970403671265,0.13251321017742157,0.44926372170448303,0.5648825764656067,18.766688108444214,0.14831307530403137,0.8855378031730652,0678091897ae62232e44b37c4ae1ca29c5a97af4ee817cbe3855f27ad2a646bb,ee312f123441e2a1a296aacf12e660bae2ee8bc2720c0d097a56211017ee890c,947033de9cfe4fdc464b29ffd2b4614a3de0998ae4e7de7b3286a674652f39ab,0340047558809127cfbef95fc332f3ae1ce4145167192ddcfc30e1e5778e94dd,ab6153801240741d7c5b6876ab1c48d422a11aa1a0c189594ec40b2c538daa18,9f1881274a16faef0156e0fa5523b4ec2edb073a0c37da3f5ea39c4190eede7f
d0e116a62bfc4cdd9edf60671073b306,243,native_gfh,False,42,7.425396919250488,8.975234031677246,0.13493531942367554,0.4910609722137451,0.5421045422554016,16.84971332550049,0.15079879760742188,0.8729161024093628,0678091897ae62232e44b37c4ae1ca29c5a97af4ee817cbe3855f27ad2a646bb,ee312f123441e2a1a296aacf12e660bae2ee8bc2720c0d097a56211017ee890c,947033de9cfe4fdc464b29ffd2b4614a3de0998ae4e7de7b3286a674652f39ab,0340047558809127cfbef95fc332f3ae1ce4145167192ddcfc30e1e5778e94dd,ab6153801240741d7c5b6876ab1c48d422a11aa1a0c189594ec40b2c538daa18,9f1881274a16faef0156e0fa5523b4ec2edb073a0c37da3f5ea39c4190eede7f
d0e116a62bfc4cdd9edf60671073b306,243,native_gfl,False,42,7.356074571609497,12.76753544807434,0.12620306015014648,0.47562727332115173,0.5798175930976868,20.57346820831299,0.13832160830497742,0.8863338828086853,0678091897ae62232e44b37c4ae1ca29c5a97af4ee817cbe3855f27ad2a646bb,ee312f123441e2a1a296aacf12e660bae2ee8bc2720c0d097a56211017ee890c,947033de9cfe4fdc464b29ffd2b4614a3de0998ae4e7de7b3286a674652f39ab,0340047558809127cfbef95fc332f3ae1ce4145167192ddcfc30e1e5778e94dd,ab6153801240741d7c5b6876ab1c48d422a11aa1a0c189594ec40b2c538daa18,9f1881274a16faef0156e0fa5523b4ec2edb073a0c37da3f5ea39c4190eede7f
d0e116a62bfc4cdd9edf60671073b306,243,no_adapter,False,42,7.119739055633545,3.9719757437705994,0.1793735921382904,0.4227904975414276,0.43210700154304504,8.611858487129211,0.6451312899589539,0.7200068831443787,0678091897ae62232e44b37c4ae1ca29c5a97af4ee817cbe3855f27ad2a646bb,ee312f123441e2a1a296aacf12e660bae2ee8bc2720c0d097a56211017ee890c,947033de9cfe4fdc464b29ffd2b4614a3de0998ae4e7de7b3286a674652f39ab,0340047558809127cfbef95fc332f3ae1ce4145167192ddcfc30e1e5778e94dd,ab6153801240741d7c5b6876ab1c48d422a11aa1a0c189594ec40b2c538daa18,9f1881274a16faef0156e0fa5523b4ec2edb073a0c37da3f5ea39c4190eede7f
d1413b1e539649cd890a148d2bff7b43,244,native_gc3,False,42,7.558482885360718,11.46483063697815,0.1282557249069214,0.3222929835319519,0.4336357116699219,19.159342050552368,0.2554890811443329,0.8452688455581665,9127d487827c68dc666c83067d941af225b305cfe6028a009e4fd748f716c799,3a517baa0187fd4dfff45c6ca8e9316f37b7b408dcc1e71a8982a03996730136,698a221e3d300fa970c8ff0656ec0bcfddcec6e95dfc09b1e9adcc2b408f6afd,0340047558809127cfbef95fc332f3ae1ce4145167192ddcfc30e1e5778e94dd,7798913401fb6758b4dc8ed036f32fe0d496a6f86b8afc97e1e5f112e6863cfe,177a45d7bf0c59dfa51d214772f0229878db5bdb2207c152274e18998358041e
d1413b1e539649cd890a148d2bff7b43,244,native_gfh,False,42,7.505647659301758,14.351760149002075,0.10265438258647919,0.38181906938552856,0.456984281539917,18.422553539276123,0.24185453355312347,0.8474150896072388,9127d487827c68dc666c83067d941af225b305cfe6028a009e4fd748f716c799,3a517baa0187fd4dfff45c6ca8e9316f37b7b408dcc1e71a8982a03996730136,698a221e3d300fa970c8ff0656ec0bcfddcec6e95dfc09b1e9adcc2b408f6afd,0340047558809127cfbef95fc332f3ae1ce4145167192ddcfc30e1e5778e94dd,7798913401fb6758b4dc8ed036f32fe0d496a6f86b8afc97e1e5f112e6863cfe,177a45d7bf0c59dfa51d214772f0229878db5bdb2207c152274e18998358041e
d1413b1e539649cd890a148d2bff7b43,244,native_gfl,False,42,7.455776929855347,9.697681069374084,0.13820946216583252,0.2815954387187958,0.42175328731536865,18.23836326599121,0.26056697964668274,0.8410217761993408,9127d487827c68dc666c83067d941af225b305cfe6028a009e4fd748f716c799,3a517baa0187fd4dfff45c6ca8e9316f37b7b408dcc1e71a8982a03996730136,698a221e3d300fa970c8ff0656ec0bcfddcec6e95dfc09b1e9adcc2b408f6afd,0340047558809127cfbef95fc332f3ae1ce4145167192ddcfc30e1e5778e94dd,7798913401fb6758b4dc8ed036f32fe0d496a6f86b8afc97e1e5f112e6863cfe,177a45d7bf0c59dfa51d214772f0229878db5bdb2207c152274e18998358041e
d1413b1e539649cd890a148d2bff7b43,244,no_adapter,False,42,7.109472036361694,10.471312999725342,0.13662844896316528,0.4100915789604187,0.4174634516239166,11.156898736953735,0.6261642575263977,0.7206413745880127,9127d487827c68dc666c83067d941af225b305cfe6028a009e4fd748f716c799,3a517baa0187fd4dfff45c6ca8e9316f37b7b408dcc1e71a8982a03996730136,698a221e3d300fa970c8ff0656ec0bcfddcec6e95dfc09b1e9adcc2b408f6afd,0340047558809127cfbef95fc332f3ae1ce4145167192ddcfc30e1e5778e94dd,7798913401fb6758b4dc8ed036f32fe0d496a6f86b8afc97e1e5f112e6863cfe,177a45d7bf0c59dfa51d214772f0229878db5bdb2207c152274e18998358041e
d273961c77b74e4291e1f6c9f3776a65,245,native_gc3,False,42,7.429159641265869,12.48659372329712,0.11157675832509995,0.4587968587875366,0.5902706384658813,21.203763484954834,0.1260768622159958,0.903698742389679,7ed9dbb4da21291eceea1bc0c8a8ac7dc1b68d7c9fcde502ede6477bfdb1691f,14878995783737b17da703975d307fbcd7a76cb3abcf2006945954c92f2f6c2c,98d1de782e5bc21c4c673bb824a3358f5c736bee30a427764c2461a03a19b0ca,0340047558809127cfbef95fc332f3ae1ce4145167192ddcfc30e1e5778e94dd,05656c1d31903de41af2f46e869074d1c93c87c49b44f8251e29c604701f9313,479583aa40982969300e8bb7332c430c47c1c870c3cb6b6a5f1e36f67ca2f05c
d273961c77b74e4291e1f6c9f3776a65,245,native_gfh,False,42,7.516363620758057,11.742593050003052,0.10529628396034241,0.5385674238204956,0.6176321506500244,19.202743768692017,0.12487854808568954,0.8923914432525635,7ed9dbb4da21291eceea1bc0c8a8ac7dc1b68d7c9fcde502ede6477bfdb1691f,14878995783737b17da703975d307fbcd7a76cb3abcf2006945954c92f2f6c2c,98d1de782e5bc21c4c673bb824a3358f5c736bee30a427764c2461a03a19b0ca,0340047558809127cfbef95fc332f3ae1ce4145167192ddcfc30e1e5778e94dd,05656c1d31903de41af2f46e869074d1c93c87c49b44f8251e29c604701f9313,479583aa40982969300e8bb7332c430c47c1c870c3cb6b6a5f1e36f67ca2f05c
d273961c77b74e4291e1f6c9f3776a65,245,native_gfl,False,42,7.425343751907349,13.152042627334595,0.10361282527446747,0.47507715225219727,0.5852961540222168,22.101669311523438,0.11246292293071747,0.902283787727356,7ed9dbb4da21291eceea1bc0c8a8ac7dc1b68d7c9fcde502ede6477bfdb1691f,14878995783737b17da703975d307fbcd7a76cb3abcf2006945954c92f2f6c2c,98d1de782e5bc21c4c673bb824a3358f5c736bee30a427764c2461a03a19b0ca,0340047558809127cfbef95fc332f3ae1ce4145167192ddcfc30e1e5778e94dd,05656c1d31903de41af2f46e869074d1c93c87c49b44f8251e29c604701f9313,479583aa40982969300e8bb7332c430c47c1c870c3cb6b6a5f1e36f67ca2f05c
d273961c77b74e4291e1f6c9f3776a65,245,no_adapter,False,42,7.085962295532227,4.964878559112549,0.15175364911556244,0.5380824208259583,0.5470970869064331,9.813365936279297,0.6607566475868225,0.759318470954895,7ed9dbb4da21291eceea1bc0c8a8ac7dc1b68d7c9fcde502ede6477bfdb1691f,14878995783737b17da703975d307fbcd7a76cb3abcf2006945954c92f2f6c2c,98d1de782e5bc21c4c673bb824a3358f5c736bee30a427764c2461a03a19b0ca,0340047558809127cfbef95fc332f3ae1ce4145167192ddcfc30e1e5778e94dd,05656c1d31903de41af2f46e869074d1c93c87c49b44f8251e29c604701f9313,479583aa40982969300e8bb7332c430c47c1c870c3cb6b6a5f1e36f67ca2f05c
d318ed8afd494c7999f3123575a16fbb,246,native_gc3,False,42,7.489185571670532,9.41650390625,0.30206331610679626,0.43113309144973755,0.49316316843032837,14.997236728668213,0.3104395270347595,0.7975478768348694,65290ff1221e4f72393ca4291e038482f463be6c6a38476db4903d950e0a0f81,8250cd550d05e053a1b3a1a5952d7c07d953842673df7aa6188f71c824dd17ed,9cb22937e39b6e40725a38301f46e05cd68ff2801998cfe9a990f161daa94add,0340047558809127cfbef95fc332f3ae1ce4145167192ddcfc30e1e5778e94dd,70ff94a48214f7fc15a0632a20374a45d7f51bc23e312eb66af3543da5b7ee2f,9304b12145bd387445333a96d38bc7ba4ad0056b6b4a045988ad3f0c298b4a95
d318ed8afd494c7999f3123575a16fbb,246,native_gfh,False,42,7.415056228637695,9.152689576148987,0.27722248435020447,0.49444636702537537,0.49107006192207336,14.33529019355774,0.30651187896728516,0.8103658556938171,65290ff1221e4f72393ca4291e038482f463be6c6a38476db4903d950e0a0f81,8250cd550d05e053a1b3a1a5952d7c07d953842673df7aa6188f71c824dd17ed,9cb22937e39b6e40725a38301f46e05cd68ff2801998cfe9a990f161daa94add,0340047558809127cfbef95fc332f3ae1ce4145167192ddcfc30e1e5778e94dd,70ff94a48214f7fc15a0632a20374a45d7f51bc23e312eb66af3543da5b7ee2f,9304b12145bd387445333a96d38bc7ba4ad0056b6b4a045988ad3f0c298b4a95
d318ed8afd494c7999f3123575a16fbb,246,native_gfl,False,42,7.420649290084839,9.76999819278717,0.3017871081829071,0.4069778323173523,0.49132147431373596,15.453766584396362,0.32451578974723816,0.7901972532272339,65290ff1221e4f72393ca4291e038482f463be6c6a38476db4903d950e0a0f81,8250cd550d05e053a1b3a1a5952d7c07d953842673df7aa6188f71c824dd17ed,9cb22937e39b6e40725a38301f46e05cd68ff2801998cfe9a990f161daa94add,0340047558809127cfbef95fc332f3ae1ce4145167192ddcfc30e1e5778e94dd,70ff94a48214f7fc15a0632a20374a45d7f51bc23e312eb66af3543da5b7ee2f,9304b12145bd387445333a96d38bc7ba4ad0056b6b4a045988ad3f0c298b4a95
d318ed8afd494c7999f3123575a16fbb,246,no_adapter,False,42,7.209532976150513,4.801832735538483,0.3177236318588257,0.43900540471076965,0.43441450595855713,8.38003396987915,0.6444867849349976,0.6976073384284973,65290ff1221e4f72393ca4291e038482f463be6c6a38476db4903d950e0a0f81,8250cd550d05e053a1b3a1a5952d7c07d953842673df7aa6188f71c824dd17ed,9cb22937e39b6e40725a38301f46e05cd68ff2801998cfe9a990f161daa94add,0340047558809127cfbef95fc332f3ae1ce4145167192ddcfc30e1e5778e94dd,70ff94a48214f7fc15a0632a20374a45d7f51bc23e312eb66af3543da5b7ee2f,9304b12145bd387445333a96d38bc7ba4ad0056b6b4a045988ad3f0c298b4a95
d344a4f159454d6eb92c6b44eaee8b7b,247,native_gc3,False,42,7.424302577972412,14.970513582229614,0.2865203022956848,0.6877663731575012,0.6008610725402832,19.09762978553772,0.31250935792922974,0.8448445200920105,24e1e6dd7fee5c8f4b8a2f2aea4ef052077ddda81f6ef3a2edae0b651115e69a,f792fe85b25bf671e4e6c4899be56faae11104e533e3b849fc0be85c5fbfb536,f8d5a1e74b96d841af10da943c60b1f4143f9e765abb865731116ed13de59d21,0340047558809127cfbef95fc332f3ae1ce4145167192ddcfc30e1e5778e94dd,5b6ad047f7a6b789399ad0af9587fdba86688959a05b13832c3cd5278d0a8d4a,207547074c40099e94b02e0710ed9ee0aab076ea643d6d382ebc4f6806726e3e
d344a4f159454d6eb92c6b44eaee8b7b,247,native_gfh,False,42,7.559554576873779,15.46803593635559,0.2612450420856476,0.7673630714416504,0.6414957642555237,19.135475158691406,0.2920066714286804,0.8544339537620544,24e1e6dd7fee5c8f4b8a2f2aea4ef052077ddda81f6ef3a2edae0b651115e69a,f792fe85b25bf671e4e6c4899be56faae11104e533e3b849fc0be85c5fbfb536,f8d5a1e74b96d841af10da943c60b1f4143f9e765abb865731116ed13de59d21,0340047558809127cfbef95fc332f3ae1ce4145167192ddcfc30e1e5778e94dd,5b6ad047f7a6b789399ad0af9587fdba86688959a05b13832c3cd5278d0a8d4a,207547074c40099e94b02e0710ed9ee0aab076ea643d6d382ebc4f6806726e3e
d344a4f159454d6eb92c6b44eaee8b7b,247,native_gfl,False,42,7.576261043548584,13.121017217636108,0.3170327842235565,0.6273618340492249,0.593814492225647,17.287017107009888,0.3343397378921509,0.8517889380455017,24e1e6dd7fee5c8f4b8a2f2aea4ef052077ddda81f6ef3a2edae0b651115e69a,f792fe85b25bf671e4e6c4899be56faae11104e533e3b849fc0be85c5fbfb536,f8d5a1e74b96d841af10da943c60b1f4143f9e765abb865731116ed13de59d21,0340047558809127cfbef95fc332f3ae1ce4145167192ddcfc30e1e5778e94dd,5b6ad047f7a6b789399ad0af9587fdba86688959a05b13832c3cd5278d0a8d4a,207547074c40099e94b02e0710ed9ee0aab076ea643d6d382ebc4f6806726e3e
d344a4f159454d6eb92c6b44eaee8b7b,247,no_adapter,False,42,7.334103345870972,11.927789449691772,0.348972886800766,0.6619836688041687,0.5363172292709351,11.491540670394897,0.6930339336395264,0.6895506978034973,24e1e6dd7fee5c8f4b8a2f2aea4ef052077ddda81f6ef3a2edae0b651115e69a,f792fe85b25bf671e4e6c4899be56faae11104e533e3b849fc0be85c5fbfb536,f8d5a1e74b96d841af10da943c60b1f4143f9e765abb865731116ed13de59d21,0340047558809127cfbef95fc332f3ae1ce4145167192ddcfc30e1e5778e94dd,5b6ad047f7a6b789399ad0af9587fdba86688959a05b13832c3cd5278d0a8d4a,207547074c40099e94b02e0710ed9ee0aab076ea643d6d382ebc4f6806726e3e
d41e6930c7bc4ad6af4a55bdff1f563d,248,native_gc3,False,42,7.489135980606079,12.167876958847046,0.15413561463356018,0.309535950422287,0.4395042657852173,20.029785633087158,0.22562801837921143,0.8503010869026184,7776e3c3d84ecd84536d3d9d1ec001eaf9cba7b1dd76bc95ad7acfd7673c8cdf,ac74cb9d4c59ea97f648f0bcf65a4a594e95279c714fd39928327cee3406e606,4b3300550aa97018e45b68ffc3517cbbdbe7299513cde403ed4a6bc1c45826f1,0340047558809127cfbef95fc332f3ae1ce4145167192ddcfc30e1e5778e94dd,3f7e1db0b199efdbfd118b785af596c4495b560d0f531b77bcc035e78c7d12f7,4fcbd275effd13fb21ecf51475505a3f985fa49b2c3c74ba4ce9933b6b74d1a9
d41e6930c7bc4ad6af4a55bdff1f563d,248,native_gfh,False,42,7.46866774559021,14.665418863296509,0.1349850744009018,0.29909083247184753,0.4412437081336975,19.222054481506348,0.22776776552200317,0.841569721698761,7776e3c3d84ecd84536d3d9d1ec001eaf9cba7b1dd76bc95ad7acfd7673c8cdf,ac74cb9d4c59ea97f648f0bcf65a4a594e95279c714fd39928327cee3406e606,4b3300550aa97018e45b68ffc3517cbbdbe7299513cde403ed4a6bc1c45826f1,0340047558809127cfbef95fc332f3ae1ce4145167192ddcfc30e1e5778e94dd,3f7e1db0b199efdbfd118b785af596c4495b560d0f531b77bcc035e78c7d12f7,4fcbd275effd13fb21ecf51475505a3f985fa49b2c3c74ba4ce9933b6b74d1a9
d41e6930c7bc4ad6af4a55bdff1f563d,248,native_gfl,False,42,7.52997350692749,11.554497480392456,0.15751323103904724,0.30239084362983704,0.4388889670372009,19.91732120513916,0.2364441156387329,0.8476114273071289,7776e3c3d84ecd84536d3d9d1ec001eaf9cba7b1dd76bc95ad7acfd7673c8cdf,ac74cb9d4c59ea97f648f0bcf65a4a594e95279c714fd39928327cee3406e606,4b3300550aa97018e45b68ffc3517cbbdbe7299513cde403ed4a6bc1c45826f1,0340047558809127cfbef95fc332f3ae1ce4145167192ddcfc30e1e5778e94dd,3f7e1db0b199efdbfd118b785af596c4495b560d0f531b77bcc035e78c7d12f7,4fcbd275effd13fb21ecf51475505a3f985fa49b2c3c74ba4ce9933b6b74d1a9
d41e6930c7bc4ad6af4a55bdff1f563d,248,no_adapter,False,42,7.186577558517456,8.716081380844116,0.17441830039024353,0.35458722710609436,0.393709659576416,11.586246490478516,0.6361373662948608,0.7433052062988281,7776e3c3d84ecd84536d3d9d1ec001eaf9cba7b1dd76bc95ad7acfd7673c8cdf,ac74cb9d4c59ea97f648f0bcf65a4a594e95279c714fd39928327cee3406e606,4b3300550aa97018e45b68ffc3517cbbdbe7299513cde403ed4a6bc1c45826f1,0340047558809127cfbef95fc332f3ae1ce4145167192ddcfc30e1e5778e94dd,3f7e1db0b199efdbfd118b785af596c4495b560d0f531b77bcc035e78c7d12f7,4fcbd275effd13fb21ecf51475505a3f985fa49b2c3c74ba4ce9933b6b74d1a9
d61cfe611a404af590a9a8b55f063dc1,249,native_gc3,False,42,7.575476884841919,9.885255098342896,0.11600055545568466,0.3392353057861328,0.5653417110443115,20.13444185256958,0.14221450686454773,0.8889496922492981,61cdea036d04209e5e3a84ed4091f845fe1ea177c57af5d6ee037b8cad793e0e,51e6e74cbe4ebb30005a5b1a1c6babf69d729be6ddb4c70f6d9703435d7577b5,2ff9d69a4c1ac32901abbf25c8d2b2841939b22f1197993ed15662fdcfa53cb5,0340047558809127cfbef95fc332f3ae1ce4145167192ddcfc30e1e5778e94dd,d37574772b6230ac12362db352fc25786723c18a17b1f22bd03bb88b4c54be39,b26678d1f12f086bb46bbb034b1930b872a6b5dea446eafdf94a3c071cd77d7f
d61cfe611a404af590a9a8b55f063dc1,249,native_gfh,False,42,7.472085475921631,12.264931201934814,0.09932916611433029,0.3766242563724518,0.59907466173172,18.983643054962158,0.13098856806755066,0.8847672939300537,61cdea036d04209e5e3a84ed4091f845fe1ea177c57af5d6ee037b8cad793e0e,51e6e74cbe4ebb30005a5b1a1c6babf69d729be6ddb4c70f6d9703435d7577b5,2ff9d69a4c1ac32901abbf25c8d2b2841939b22f1197993ed15662fdcfa53cb5,0340047558809127cfbef95fc332f3ae1ce4145167192ddcfc30e1e5778e94dd,d37574772b6230ac12362db352fc25786723c18a17b1f22bd03bb88b4c54be39,b26678d1f12f086bb46bbb034b1930b872a6b5dea446eafdf94a3c071cd77d7f
d61cfe611a404af590a9a8b55f063dc1,249,native_gfl,False,42,7.538645029067993,9.154918789863586,0.11873073875904083,0.32814186811447144,0.5652725100517273,20.106282234191895,0.14333833754062653,0.887988805770874,61cdea036d04209e5e3a84ed4091f845fe1ea177c57af5d6ee037b8cad793e0e,51e6e74cbe4ebb30005a5b1a1c6babf69d729be6ddb4c70f6d9703435d7577b5,2ff9d69a4c1ac32901abbf25c8d2b2841939b22f1197993ed15662fdcfa53cb5,0340047558809127cfbef95fc332f3ae1ce4145167192ddcfc30e1e5778e94dd,d37574772b6230ac12362db352fc25786723c18a17b1f22bd03bb88b4c54be39,b26678d1f12f086bb46bbb034b1930b872a6b5dea446eafdf94a3c071cd77d7f
d61cfe611a404af590a9a8b55f063dc1,249,no_adapter,False,42,7.210956573486328,10.59618353843689,0.10912060737609863,0.4797876179218292,0.5382126569747925,11.30669116973877,0.6697184443473816,0.7518225908279419,61cdea036d04209e5e3a84ed4091f845fe1ea177c57af5d6ee037b8cad793e0e,51e6e74cbe4ebb30005a5b1a1c6babf69d729be6ddb4c70f6d9703435d7577b5,2ff9d69a4c1ac32901abbf25c8d2b2841939b22f1197993ed15662fdcfa53cb5,0340047558809127cfbef95fc332f3ae1ce4145167192ddcfc30e1e5778e94dd,d37574772b6230ac12362db352fc25786723c18a17b1f22bd03bb88b4c54be39,b26678d1f12f086bb46bbb034b1930b872a6b5dea446eafdf94a3c071cd77d7f
d99c0e540f2f40b78103070575976614,250,native_gc3,False,42,7.46492075920105,8.017276525497437,0.20875993371009827,0.3636530041694641,0.5100669264793396,17.702773809432983,0.24283894896507263,0.8734675645828247,b4e7a45e44fc8cac13b315cb76b36b15e76ded26269e3361540d9ab64ceb0158,c76c42797011ac074810e98f4f5365b4f62a0e87539cbdb14d9d53da6a1dfa14,75c30d95e9aa33722bbc89e2d7bde0a5ce6655f8791b2967dfe54a6eef97337b,0340047558809127cfbef95fc332f3ae1ce4145167192ddcfc30e1e5778e94dd,1732aa71ab7503ed02334e53c177c99c2906c3d23edf951ed91ffcef7f19d675,ab0e15ddc85b0cd965282aa4dfdf17eabbf27a05c266966464bdebf4c74d3288
d99c0e540f2f40b78103070575976614,250,native_gfh,False,42,7.408614635467529,10.12984037399292,0.18032307922840118,0.423717737197876,0.5471878051757812,17.998874187469482,0.2220715880393982,0.8696960806846619,b4e7a45e44fc8cac13b315cb76b36b15e76ded26269e3361540d9ab64ceb0158,c76c42797011ac074810e98f4f5365b4f62a0e87539cbdb14d9d53da6a1dfa14,75c30d95e9aa33722bbc89e2d7bde0a5ce6655f8791b2967dfe54a6eef97337b,0340047558809127cfbef95fc332f3ae1ce4145167192ddcfc30e1e5778e94dd,1732aa71ab7503ed02334e53c177c99c2906c3d23edf951ed91ffcef7f19d675,ab0e15ddc85b0cd965282aa4dfdf17eabbf27a05c266966464bdebf4c74d3288
d99c0e540f2f40b78103070575976614,250,native_gfl,False,42,7.420641899108887,6.894710659980774,0.22315017879009247,0.3144216537475586,0.49345964193344116,16.82530641555786,0.2516753077507019,0.8637354969978333,b4e7a45e44fc8cac13b315cb76b36b15e76ded26269e3361540d9ab64ceb0158,c76c42797011ac074810e98f4f5365b4f62a0e87539cbdb14d9d53da6a1dfa14,75c30d95e9aa33722bbc89e2d7bde0a5ce6655f8791b2967dfe54a6eef97337b,0340047558809127cfbef95fc332f3ae1ce4145167192ddcfc30e1e5778e94dd,1732aa71ab7503ed02334e53c177c99c2906c3d23edf951ed91ffcef7f19d675,ab0e15ddc85b0cd965282aa4dfdf17eabbf27a05c266966464bdebf4c74d3288
d99c0e540f2f40b78103070575976614,250,no_adapter,False,42,7.244949102401733,10.87803840637207,0.16336292028427124,0.5790914297103882,0.5210031270980835,11.372687816619873,0.6519206762313843,0.7581729888916016,b4e7a45e44fc8cac13b315cb76b36b15e76ded26269e3361540d9ab64ceb0158,c76c42797011ac074810e98f4f5365b4f62a0e87539cbdb14d9d53da6a1dfa14,75c30d95e9aa33722bbc89e2d7bde0a5ce6655f8791b2967dfe54a6eef97337b,0340047558809127cfbef95fc332f3ae1ce4145167192ddcfc30e1e5778e94dd,1732aa71ab7503ed02334e53c177c99c2906c3d23edf951ed91ffcef7f19d675,ab0e15ddc85b0cd965282aa4dfdf17eabbf27a05c266966464bdebf4c74d3288
dc4a1cfb098448c0bcffa778a423efe5,251,native_gc3,False,42,7.323460578918457,9.430967569351196,0.22160479426383972,0.17893032729625702,0.2796368896961212,15.537145137786865,0.22463256120681763,0.7747833728790283,13e5e4e78726489116e6ab322713a5bddcd6ec6fccb878086bcc3785dcc46f1c,cada5aaaac5555a4fdabfffa66bc80f6e7741440c68840202295fe93609a2454,f6523b4b0b0a83a2102160c03902b88724dd661343b45d69a8b374b1ed41dcf7,0340047558809127cfbef95fc332f3ae1ce4145167192ddcfc30e1e5778e94dd,4ba6dfd74be7dfc60f6041b6cc376c64aa15427e7b721bde36bca49daf1a416a,cc722e70d8972be274c4a8306b6f05e31cca0de04acf2fa60e7ad29a6b226b03
dc4a1cfb098448c0bcffa778a423efe5,251,native_gfh,False,42,7.344738721847534,8.305254578590393,0.23595884442329407,0.18019452691078186,0.2736019790172577,14.37421441078186,0.24614264070987701,0.7690255641937256,13e5e4e78726489116e6ab322713a5bddcd6ec6fccb878086bcc3785dcc46f1c,cada5aaaac5555a4fdabfffa66bc80f6e7741440c68840202295fe93609a2454,f6523b4b0b0a83a2102160c03902b88724dd661343b45d69a8b374b1ed41dcf7,0340047558809127cfbef95fc332f3ae1ce4145167192ddcfc30e1e5778e94dd,4ba6dfd74be7dfc60f6041b6cc376c64aa15427e7b721bde36bca49daf1a416a,cc722e70d8972be274c4a8306b6f05e31cca0de04acf2fa60e7ad29a6b226b03
dc4a1cfb098448c0bcffa778a423efe5,251,native_gfl,False,42,7.421964406967163,10.574841499328613,0.21564917266368866,0.18592220544815063,0.2862844467163086,16.449525356292725,0.22103023529052734,0.7773303389549255,13e5e4e78726489116e6ab322713a5bddcd6ec6fccb878086bcc3785dcc46f1c,cada5aaaac5555a4fdabfffa66bc80f6e7741440c68840202295fe93609a2454,f6523b4b0b0a83a2102160c03902b88724dd661343b45d69a8b374b1ed41dcf7,0340047558809127cfbef95fc332f3ae1ce4145167192ddcfc30e1e5778e94dd,4ba6dfd74be7dfc60f6041b6cc376c64aa15427e7b721bde36bca49daf1a416a,cc722e70d8972be274c4a8306b6f05e31cca0de04acf2fa60e7ad29a6b226b03
dc4a1cfb098448c0bcffa778a423efe5,251,no_adapter,False,42,7.2323384284973145,2.9461947083473206,0.2640732526779175,0.14875419437885284,0.22365441918373108,7.73894190788269,0.5974488258361816,0.6882614493370056,13e5e4e78726489116e6ab322713a5bddcd6ec6fccb878086bcc3785dcc46f1c,cada5aaaac5555a4fdabfffa66bc80f6e7741440c68840202295fe93609a2454,f6523b4b0b0a83a2102160c03902b88724dd661343b45d69a8b374b1ed41dcf7,0340047558809127cfbef95fc332f3ae1ce4145167192ddcfc30e1e5778e94dd,4ba6dfd74be7dfc60f6041b6cc376c64aa15427e7b721bde36bca49daf1a416a,cc722e70d8972be274c4a8306b6f05e31cca0de04acf2fa60e7ad29a6b226b03
dd5ead807a5b4630b1feb802f7b0276c,252,native_gc3,False,42,7.473891258239746,11.124529838562012,0.18472132086753845,0.41814643144607544,0.4582621157169342,18.477845191955566,0.19495484232902527,0.8613213300704956,6a8830dc539cd32cbb3f5391accb7d46738575b52ebf3a6a2f137de73260a244,874dd9dac485dbb1edfb917df6f4b2f72cfdd219f3c4f8f1953dbc59ffe53612,7df2550e3495908f174d53cd9c430cb933c6af5dcaec73f500fc98b4e7588037,0340047558809127cfbef95fc332f3ae1ce4145167192ddcfc30e1e5778e94dd,5a50df810e41e67dbd9f6e3aa18be45eea3d994ee89b3672034d7cf918774165,a5de0df661c7e12b960c1655951b80f570f2374112cb438ce7a9e5f4522d4efc
dd5ead807a5b4630b1feb802f7b0276c,252,native_gfh,False,42,7.4800097942352295,11.733726263046265,0.19071820378303528,0.4835303723812103,0.47241753339767456,17.87890911102295,0.2041034996509552,0.8595231771469116,6a8830dc539cd32cbb3f5391accb7d46738575b52ebf3a6a2f137de73260a244,874dd9dac485dbb1edfb917df6f4b2f72cfdd219f3c4f8f1953dbc59ffe53612,7df2550e3495908f174d53cd9c430cb933c6af5dcaec73f500fc98b4e7588037,0340047558809127cfbef95fc332f3ae1ce4145167192ddcfc30e1e5778e94dd,5a50df810e41e67dbd9f6e3aa18be45eea3d994ee89b3672034d7cf918774165,a5de0df661c7e12b960c1655951b80f570f2374112cb438ce7a9e5f4522d4efc
dd5ead807a5b4630b1feb802f7b0276c,252,native_gfl,False,42,7.430400371551514,10.325515270233154,0.18004290759563446,0.41395682096481323,0.46773865818977356,17.93458580970764,0.18775945901870728,0.8573881983757019,6a8830dc539cd32cbb3f5391accb7d46738575b52ebf3a6a2f137de73260a244,874dd9dac485dbb1edfb917df6f4b2f72cfdd219f3c4f8f1953dbc59ffe53612,7df2550e3495908f174d53cd9c430cb933c6af5dcaec73f500fc98b4e7588037,0340047558809127cfbef95fc332f3ae1ce4145167192ddcfc30e1e5778e94dd,5a50df810e41e67dbd9f6e3aa18be45eea3d994ee89b3672034d7cf918774165,a5de0df661c7e12b960c1655951b80f570f2374112cb438ce7a9e5f4522d4efc
dd5ead807a5b4630b1feb802f7b0276c,252,no_adapter,False,42,7.090461730957031,5.752989649772644,0.21782949566841125,0.4500364661216736,0.3900783360004425,9.486512541770935,0.6406078338623047,0.7385268211364746,6a8830dc539cd32cbb3f5391accb7d46738575b52ebf3a6a2f137de73260a244,874dd9dac485dbb1edfb917df6f4b2f72cfdd219f3c4f8f1953dbc59ffe53612,7df2550e3495908f174d53cd9c430cb933c6af5dcaec73f500fc98b4e7588037,0340047558809127cfbef95fc332f3ae1ce4145167192ddcfc30e1e5778e94dd,5a50df810e41e67dbd9f6e3aa18be45eea3d994ee89b3672034d7cf918774165,a5de0df661c7e12b960c1655951b80f570f2374112cb438ce7a9e5f4522d4efc
df9b812fed984fe7b07056cb7fab78a9,253,native_gc3,False,42,7.5911126136779785,11.09355092048645,0.1232771947979927,0.17603768408298492,0.4013429582118988,19.46977138519287,0.23197120428085327,0.826738178730011,a92f37157d16458e6a001806c2788eab72639937696eba64caf5b0dab04b4f72,5e83ca0f38338e877c98755c8f12ab226c68e497872cdb13756291bfdac44f30,07bdf7ccdb30b9c778bd2249fbf116cfe829b15b232c9ed3559bfcec2a11b63d,0340047558809127cfbef95fc332f3ae1ce4145167192ddcfc30e1e5778e94dd,789b7d6959be176326350cca9c03348af768793ae8c729dea0a618b8020d066b,c48c7465a478453dc166ce4498d0f17df15c6a77a658705060c12d2e3a9e466d
df9b812fed984fe7b07056cb7fab78a9,253,native_gfh,False,42,7.55769157409668,11.852412223815918,0.11072055250406265,0.184903085231781,0.41096898913383484,18.166996240615845,0.22164925932884216,0.822545051574707,a92f37157d16458e6a001806c2788eab72639937696eba64caf5b0dab04b4f72,5e83ca0f38338e877c98755c8f12ab226c68e497872cdb13756291bfdac44f30,07bdf7ccdb30b9c778bd2249fbf116cfe829b15b232c9ed3559bfcec2a11b63d,0340047558809127cfbef95fc332f3ae1ce4145167192ddcfc30e1e5778e94dd,789b7d6959be176326350cca9c03348af768793ae8c729dea0a618b8020d066b,c48c7465a478453dc166ce4498d0f17df15c6a77a658705060c12d2e3a9e466d
df9b812fed984fe7b07056cb7fab78a9,253,native_gfl,False,42,7.514295816421509,10.908273458480835,0.1235894188284874,0.17315423488616943,0.400459885597229,19.723492860794067,0.2333926409482956,0.8256325721740723,a92f37157d16458e6a001806c2788eab72639937696eba64caf5b0dab04b4f72,5e83ca0f38338e877c98755c8f12ab226c68e497872cdb13756291bfdac44f30,07bdf7ccdb30b9c778bd2249fbf116cfe829b15b232c9ed3559bfcec2a11b63d,0340047558809127cfbef95fc332f3ae1ce4145167192ddcfc30e1e5778e94dd,789b7d6959be176326350cca9c03348af768793ae8c729dea0a618b8020d066b,c48c7465a478453dc166ce4498d0f17df15c6a77a658705060c12d2e3a9e466d
df9b812fed984fe7b07056cb7fab78a9,253,no_adapter,False,42,7.269776105880737,6.060969829559326,0.17754706740379333,0.12691420316696167,0.3550886809825897,10.598924160003662,0.6811084747314453,0.6770520806312561,a92f37157d16458e6a001806c2788eab72639937696eba64caf5b0dab04b4f72,5e83ca0f38338e877c98755c8f12ab226c68e497872cdb13756291bfdac44f30,07bdf7ccdb30b9c778bd2249fbf116cfe829b15b232c9ed3559bfcec2a11b63d,0340047558809127cfbef95fc332f3ae1ce4145167192ddcfc30e1e5778e94dd,789b7d6959be176326350cca9c03348af768793ae8c729dea0a618b8020d066b,c48c7465a478453dc166ce4498d0f17df15c6a77a658705060c12d2e3a9e466d
e261c0fe85af46388260e2359a9bfc92,254,native_gc3,False,42,7.327931642532349,12.400665283203125,0.1861075460910797,0.4917879104614258,0.5226929783821106,18.476988077163696,0.18056102097034454,0.8438181281089783,1b651796c71bf497b5ae5e104e9a7addca06b5956ed75a585ddee020e407af96,2cfe4a877a027788b4d2b12f6fbc0fc37d45b4f96e9fd8fe6aa9a2c43dc75db5,480f1678890b5d206e8d45bd3975b4414eb275d0a586d3034e4d0a7bee8052a4,0340047558809127cfbef95fc332f3ae1ce4145167192ddcfc30e1e5778e94dd,66b65f1c2faa3e7f03af3a5a5d6e575de96c28dd62c0731b5c5b398c413cac6b,d86cb2d12df62fac0b45a96d64aecd1dad6aca00ff56fb406da26b7449dac22e
e261c0fe85af46388260e2359a9bfc92,254,native_gfh,False,42,7.379725217819214,11.525076627731323,0.19402837753295898,0.5335387587547302,0.5320768356323242,17.05243468284607,0.20352914929389954,0.8388069272041321,1b651796c71bf497b5ae5e104e9a7addca06b5956ed75a585ddee020e407af96,2cfe4a877a027788b4d2b12f6fbc0fc37d45b4f96e9fd8fe6aa9a2c43dc75db5,480f1678890b5d206e8d45bd3975b4414eb275d0a586d3034e4d0a7bee8052a4,0340047558809127cfbef95fc332f3ae1ce4145167192ddcfc30e1e5778e94dd,66b65f1c2faa3e7f03af3a5a5d6e575de96c28dd62c0731b5c5b398c413cac6b,d86cb2d12df62fac0b45a96d64aecd1dad6aca00ff56fb406da26b7449dac22e
e261c0fe85af46388260e2359a9bfc92,254,native_gfl,False,42,7.365379333496094,12.636405229568481,0.18862193822860718,0.47110313177108765,0.5217873454093933,18.934192657470703,0.18098604679107666,0.8441855907440186,1b651796c71bf497b5ae5e104e9a7addca06b5956ed75a585ddee020e407af96,2cfe4a877a027788b4d2b12f6fbc0fc37d45b4f96e9fd8fe6aa9a2c43dc75db5,480f1678890b5d206e8d45bd3975b4414eb275d0a586d3034e4d0a7bee8052a4,0340047558809127cfbef95fc332f3ae1ce4145167192ddcfc30e1e5778e94dd,66b65f1c2faa3e7f03af3a5a5d6e575de96c28dd62c0731b5c5b398c413cac6b,d86cb2d12df62fac0b45a96d64aecd1dad6aca00ff56fb406da26b7449dac22e
e261c0fe85af46388260e2359a9bfc92,254,no_adapter,False,42,7.03709077835083,5.149609446525574,0.2623675465583801,0.4825296998023987,0.4541453421115875,8.342282176017761,0.6496313810348511,0.704686164855957,1b651796c71bf497b5ae5e104e9a7addca06b5956ed75a585ddee020e407af96,2cfe4a877a027788b4d2b12f6fbc0fc37d45b4f96e9fd8fe6aa9a2c43dc75db5,480f1678890b5d206e8d45bd3975b4414eb275d0a586d3034e4d0a7bee8052a4,0340047558809127cfbef95fc332f3ae1ce4145167192ddcfc30e1e5778e94dd,66b65f1c2faa3e7f03af3a5a5d6e575de96c28dd62c0731b5c5b398c413cac6b,d86cb2d12df62fac0b45a96d64aecd1dad6aca00ff56fb406da26b7449dac22e
e2e39dc0a7a34d1eb232e46c798b1d8a,255,native_gc3,False,42,7.4432642459869385,9.61669147014618,0.11702018976211548,0.4714868664741516,0.5987890958786011,18.959211111068726,0.12621094286441803,0.884191632270813,2bc10da03a0d8a583de5ba03c49109f269f332533ddb13b45c82d1b884264c4b,1fe38f91efb802d04a7c4ab935ffd30cf5f3f3b29080d8ca846ec35ac0b6f79e,60dce387da2adcc2029da2c142e2301727b06cdb16450705121f1af8ec0e116f,0340047558809127cfbef95fc332f3ae1ce4145167192ddcfc30e1e5778e94dd,ac5e00010b60666743ba5b278f1835ba9741fb344efdd00ec6a7b79721868fd3,080831600718207f9ff016393a47da8b630594f1c3cb6288e94d5b5bf1493da4
e2e39dc0a7a34d1eb232e46c798b1d8a,255,native_gfh,False,42,7.417689800262451,11.885552406311035,0.09953295439481735,0.5627904534339905,0.6402941346168518,19.064475297927856,0.1104818731546402,0.8885058164596558,2bc10da03a0d8a583de5ba03c49109f269f332533ddb13b45c82d1b884264c4b,1fe38f91efb802d04a7c4ab935ffd30cf5f3f3b29080d8ca846ec35ac0b6f79e,60dce387da2adcc2029da2c142e2301727b06cdb16450705121f1af8ec0e116f,0340047558809127cfbef95fc332f3ae1ce4145167192ddcfc30e1e5778e94dd,ac5e00010b60666743ba5b278f1835ba9741fb344efdd00ec6a7b79721868fd3,080831600718207f9ff016393a47da8b630594f1c3cb6288e94d5b5bf1493da4
e2e39dc0a7a34d1eb232e46c798b1d8a,255,native_gfl,False,42,7.493287563323975,8.063501715660095,0.12768203020095825,0.4052945077419281,0.5842483043670654,17.88939595222473,0.13463358581066132,0.8747672438621521,2bc10da03a0d8a583de5ba03c49109f269f332533ddb13b45c82d1b884264c4b,1fe38f91efb802d04a7c4ab935ffd30cf5f3f3b29080d8ca846ec35ac0b6f79e,60dce387da2adcc2029da2c142e2301727b06cdb16450705121f1af8ec0e116f,0340047558809127cfbef95fc332f3ae1ce4145167192ddcfc30e1e5778e94dd,ac5e00010b60666743ba5b278f1835ba9741fb344efdd00ec6a7b79721868fd3,080831600718207f9ff016393a47da8b630594f1c3cb6288e94d5b5bf1493da4
e2e39dc0a7a34d1eb232e46c798b1d8a,255,no_adapter,False,42,7.166431188583374,11.285697221755981,0.12127696722745895,0.6003831028938293,0.5998455882072449,11.666845083236694,0.6180058121681213,0.7701670527458191,2bc10da03a0d8a583de5ba03c49109f269f332533ddb13b45c82d1b884264c4b,1fe38f91efb802d04a7c4ab935ffd30cf5f3f3b29080d8ca846ec35ac0b6f79e,60dce387da2adcc2029da2c142e2301727b06cdb16450705121f1af8ec0e116f,0340047558809127cfbef95fc332f3ae1ce4145167192ddcfc30e1e5778e94dd,ac5e00010b60666743ba5b278f1835ba9741fb344efdd00ec6a7b79721868fd3,080831600718207f9ff016393a47da8b630594f1c3cb6288e94d5b5bf1493da4
e52aec7a98474b7bbb760e9a782089ca,256,native_gc3,False,42,7.34368896484375,7.38670289516449,0.18897971510887146,0.22147272527217865,0.3939288854598999,16.13508105278015,0.24362783133983612,0.8413828611373901,cf8f8478721a8e944e06a86bbf1866d9d564cba1aca539bb2293cde77f72febd,d86f613be62e319762f558a0eba49c64978a9a5c494ed77111c37195861f07ad,904d6d8cdf74696f581c1f75eccc57e399e82bfd3e04103669df8514717a139c,0340047558809127cfbef95fc332f3ae1ce4145167192ddcfc30e1e5778e94dd,693cadb542604532865fda8c13695312d24dc732b80412a1c15aa9d113ec4c93,d323c2a7fbf1703903e71abd26869c0d74d2b615c92c8502fca627bfd7d1e4ee
e52aec7a98474b7bbb760e9a782089ca,256,native_gfh,False,42,7.451704740524292,7.125997543334961,0.18340319395065308,0.2594982385635376,0.3977506458759308,15.477938652038574,0.24888721108436584,0.8392892479896545,cf8f8478721a8e944e06a86bbf1866d9d564cba1aca539bb2293cde77f72febd,d86f613be62e319762f558a0eba49c64978a9a5c494ed77111c37195861f07ad,904d6d8cdf74696f581c1f75eccc57e399e82bfd3e04103669df8514717a139c,0340047558809127cfbef95fc332f3ae1ce4145167192ddcfc30e1e5778e94dd,693cadb542604532865fda8c13695312d24dc732b80412a1c15aa9d113ec4c93,d323c2a7fbf1703903e71abd26869c0d74d2b615c92c8502fca627bfd7d1e4ee
e52aec7a98474b7bbb760e9a782089ca,256,native_gfl,False,42,7.451841354370117,8.29114019870758,0.18519927561283112,0.22662092745304108,0.4040476083755493,16.985338926315308,0.2431390881538391,0.8387063145637512,cf8f8478721a8e944e06a86bbf1866d9d564cba1aca539bb2293cde77f72febd,d86f613be62e319762f558a0eba49c64978a9a5c494ed77111c37195861f07ad,904d6d8cdf74696f581c1f75eccc57e399e82bfd3e04103669df8514717a139c,0340047558809127cfbef95fc332f3ae1ce4145167192ddcfc30e1e5778e94dd,693cadb542604532865fda8c13695312d24dc732b80412a1c15aa9d113ec4c93,d323c2a7fbf1703903e71abd26869c0d74d2b615c92c8502fca627bfd7d1e4ee
e52aec7a98474b7bbb760e9a782089ca,256,no_adapter,False,42,7.188618898391724,2.33788400888443,0.21093308925628662,0.20404238998889923,0.3443339467048645,9.03404176235199,0.6391568779945374,0.700305700302124,cf8f8478721a8e944e06a86bbf1866d9d564cba1aca539bb2293cde77f72febd,d86f613be62e319762f558a0eba49c64978a9a5c494ed77111c37195861f07ad,904d6d8cdf74696f581c1f75eccc57e399e82bfd3e04103669df8514717a139c,0340047558809127cfbef95fc332f3ae1ce4145167192ddcfc30e1e5778e94dd,693cadb542604532865fda8c13695312d24dc732b80412a1c15aa9d113ec4c93,d323c2a7fbf1703903e71abd26869c0d74d2b615c92c8502fca627bfd7d1e4ee
e541ba8865d8407bb41880b999593c63,257,native_gc3,False,42,7.581665277481079,8.930999040603638,0.13324517011642456,0.17942218482494354,0.40968289971351624,18.063251972198486,0.15326452255249023,0.8628296852111816,4ccfb6c361d66ad6d09a2dec5346020545699f86b6d6f1000761fdfda1c716d9,5dad67a0f5b7794b2d2f9e533c84c5c79a4dfc2aca0e07b7c58afc7641872d68,3208e7eafeece4de8d10a557cb9823135f6e5991ce9ba4dea59619300936556e,0340047558809127cfbef95fc332f3ae1ce4145167192ddcfc30e1e5778e94dd,c1d5028d53f793e08a708163f448c51b4093b08db1dc1c9540fe0be0b6d655b5,2cf5c3bfff3aee3b391e37f473490d7abe1c79355c6c1562ef023345cf5712d4
e541ba8865d8407bb41880b999593c63,257,native_gfh,False,42,7.521839380264282,8.32390010356903,0.14045514166355133,0.15390916168689728,0.4018077850341797,17.007189989089966,0.16455048322677612,0.8576430678367615,4ccfb6c361d66ad6d09a2dec5346020545699f86b6d6f1000761fdfda1c716d9,5dad67a0f5b7794b2d2f9e533c84c5c79a4dfc2aca0e07b7c58afc7641872d68,3208e7eafeece4de8d10a557cb9823135f6e5991ce9ba4dea59619300936556e,0340047558809127cfbef95fc332f3ae1ce4145167192ddcfc30e1e5778e94dd,c1d5028d53f793e08a708163f448c51b4093b08db1dc1c9540fe0be0b6d655b5,2cf5c3bfff3aee3b391e37f473490d7abe1c79355c6c1562ef023345cf5712d4
e541ba8865d8407bb41880b999593c63,257,native_gfl,False,42,7.535031318664551,9.236406683921814,0.13041043281555176,0.19584313035011292,0.4129001200199127,18.379499912261963,0.16938921809196472,0.8584859371185303,4ccfb6c361d66ad6d09a2dec5346020545699f86b6d6f1000761fdfda1c716d9,5dad67a0f5b7794b2d2f9e533c84c5c79a4dfc2aca0e07b7c58afc7641872d68,3208e7eafeece4de8d10a557cb9823135f6e5991ce9ba4dea59619300936556e,0340047558809127cfbef95fc332f3ae1ce4145167192ddcfc30e1e5778e94dd,c1d5028d53f793e08a708163f448c51b4093b08db1dc1c9540fe0be0b6d655b5,2cf5c3bfff3aee3b391e37f473490d7abe1c79355c6c1562ef023345cf5712d4
e541ba8865d8407bb41880b999593c63,257,no_adapter,False,42,7.285647392272949,3.2412391901016235,0.1469457745552063,0.12559840083122253,0.3444254696369171,9.92108941078186,0.6482716798782349,0.7161825895309448,4ccfb6c361d66ad6d09a2dec5346020545699f86b6d6f1000761fdfda1c716d9,5dad67a0f5b7794b2d2f9e533c84c5c79a4dfc2aca0e07b7c58afc7641872d68,3208e7eafeece4de8d10a557cb9823135f6e5991ce9ba4dea59619300936556e,0340047558809127cfbef95fc332f3ae1ce4145167192ddcfc30e1e5778e94dd,c1d5028d53f793e08a708163f448c51b4093b08db1dc1c9540fe0be0b6d655b5,2cf5c3bfff3aee3b391e37f473490d7abe1c79355c6c1562ef023345cf5712d4
e55cc3f7d6a546da98ff8a1a5add70af,258,native_gc3,False,42,7.537625551223755,7.975422739982605,0.10124534368515015,0.28064051270484924,0.5568991899490356,19.387534856796265,0.12333771586418152,0.8899040222167969,06be1e7cd302b31c0a7ec33fdea704821c7cfcf12ca999de61539f9c7fd0049e,ad7937904fc41ba063342ccc5e43670fb73577a004029725ff1e76bd5abedf5f,8a0857d3b6e0b4faee539cce5988e3056a052f824c9c5ad685b2afb85b34c0df,0340047558809127cfbef95fc332f3ae1ce4145167192ddcfc30e1e5778e94dd,85b4507e7ec7b2ae085746bedf4bc0c89d2da99dd2a8a97f2d0efa8fe3e1ba2d,44d6d67c4e1cb04a341903ec965ab5e627161ac03780d54bf510490543f638a9
e55cc3f7d6a546da98ff8a1a5add70af,258,native_gfh,False,42,7.606311321258545,9.724900722503662,0.10511251538991928,0.32602277398109436,0.5810654759407043,18.942915201187134,0.1312781423330307,0.8885838389396667,06be1e7cd302b31c0a7ec33fdea704821c7cfcf12ca999de61539f9c7fd0049e,ad7937904fc41ba063342ccc5e43670fb73577a004029725ff1e76bd5abedf5f,8a0857d3b6e0b4faee539cce5988e3056a052f824c9c5ad685b2afb85b34c0df,0340047558809127cfbef95fc332f3ae1ce4145167192ddcfc30e1e5778e94dd,85b4507e7ec7b2ae085746bedf4bc0c89d2da99dd2a8a97f2d0efa8fe3e1ba2d,44d6d67c4e1cb04a341903ec965ab5e627161ac03780d54bf510490543f638a9
e55cc3f7d6a546da98ff8a1a5add70af,258,native_gfl,False,42,7.6317243576049805,7.310188412666321,0.10124243795871735,0.27289387583732605,0.5544951558113098,19.09650206565857,0.12534862756729126,0.8894977569580078,06be1e7cd302b31c0a7ec33fdea704821c7cfcf12ca999de61539f9c7fd0049e,ad7937904fc41ba063342ccc5e43670fb73577a004029725ff1e76bd5abedf5f,8a0857d3b6e0b4faee539cce5988e3056a052f824c9c5ad685b2afb85b34c0df,0340047558809127cfbef95fc332f3ae1ce4145167192ddcfc30e1e5778e94dd,85b4507e7ec7b2ae085746bedf4bc0c89d2da99dd2a8a97f2d0efa8fe3e1ba2d,44d6d67c4e1cb04a341903ec965ab5e627161ac03780d54bf510490543f638a9
e55cc3f7d6a546da98ff8a1a5add70af,258,no_adapter,False,42,7.349795818328857,7.560070157051086,0.10961557179689407,0.3739827275276184,0.5196036100387573,12.484678030014038,0.5924161076545715,0.7907612323760986,06be1e7cd302b31c0a7ec33fdea704821c7cfcf12ca999de61539f9c7fd0049e,ad7937904fc41ba063342ccc5e43670fb73577a004029725ff1e76bd5abedf5f,8a0857d3b6e0b4faee539cce5988e3056a052f824c9c5ad685b2afb85b34c0df,0340047558809127cfbef95fc332f3ae1ce4145167192ddcfc30e1e5778e94dd,85b4507e7ec7b2ae085746bedf4bc0c89d2da99dd2a8a97f2d0efa8fe3e1ba2d,44d6d67c4e1cb04a341903ec965ab5e627161ac03780d54bf510490543f638a9
e5a66f632e324c239ae70aa91144d6ee,259,native_gc3,False,42,7.518767356872559,13.514339923858643,0.15632806718349457,0.571638822555542,0.564861536026001,21.028566360473633,0.17070794105529785,0.8884146809577942,3972a32c32f8333ff82ce3bc5115028d4094e7d0b08f936fb631b9192703b19d,7083e332d9eb6ab25894a032a77d29e27ea3c290937c1234e9273fe89d6d65fb,c17476c0da512352c30c20be9c6fa8eec7889e4d7e279f8cbdb871bd2c3bbd2b,0340047558809127cfbef95fc332f3ae1ce4145167192ddcfc30e1e5778e94dd,1f95342a1279ae9f4ce1956f1085ae4353197287e60361ef48463b1e577d1c88,086703abc5f2b733f88078799cb257f55bb88405a8eac4c5de374380fa31c4c5
e5a66f632e324c239ae70aa91144d6ee,259,native_gfh,False,42,7.546241521835327,14.851161241531372,0.14080363512039185,0.6600637435913086,0.6057574152946472,20.108985900878906,0.15489766001701355,0.8898319602012634,3972a32c32f8333ff82ce3bc5115028d4094e7d0b08f936fb631b9192703b19d,7083e332d9eb6ab25894a032a77d29e27ea3c290937c1234e9273fe89d6d65fb,c17476c0da512352c30c20be9c6fa8eec7889e4d7e279f8cbdb871bd2c3bbd2b,0340047558809127cfbef95fc332f3ae1ce4145167192ddcfc30e1e5778e94dd,1f95342a1279ae9f4ce1956f1085ae4353197287e60361ef48463b1e577d1c88,086703abc5f2b733f88078799cb257f55bb88405a8eac4c5de374380fa31c4c5
e5a66f632e324c239ae70aa91144d6ee,259,native_gfl,False,42,7.543493032455444,11.976827383041382,0.16206036508083344,0.548739492893219,0.5584061741828918,19.98712182044983,0.17200900614261627,0.8810644149780273,3972a32c32f8333ff82ce3bc5115028d4094e7d0b08f936fb631b9192703b19d,7083e332d9eb6ab25894a032a77d29e27ea3c290937c1234e9273fe89d6d65fb,c17476c0da512352c30c20be9c6fa8eec7889e4d7e279f8cbdb871bd2c3bbd2b,0340047558809127cfbef95fc332f3ae1ce4145167192ddcfc30e1e5778e94dd,1f95342a1279ae9f4ce1956f1085ae4353197287e60361ef48463b1e577d1c88,086703abc5f2b733f88078799cb257f55bb88405a8eac4c5de374380fa31c4c5
e5a66f632e324c239ae70aa91144d6ee,259,no_adapter,False,42,7.244667291641235,10.764609575271606,0.14155231416225433,0.7058314681053162,0.5506777763366699,13.659385442733765,0.56083083152771,0.8358472585678101,3972a32c32f8333ff82ce3bc5115028d4094e7d0b08f936fb631b9192703b19d,7083e332d9eb6ab25894a032a77d29e27ea3c290937c1234e9273fe89d6d65fb,c17476c0da512352c30c20be9c6fa8eec7889e4d7e279f8cbdb871bd2c3bbd2b,0340047558809127cfbef95fc332f3ae1ce4145167192ddcfc30e1e5778e94dd,1f95342a1279ae9f4ce1956f1085ae4353197287e60361ef48463b1e577d1c88,086703abc5f2b733f88078799cb257f55bb88405a8eac4c5de374380fa31c4c5
e5bf10593ab8458c8dac1093c369a7c5,260,native_gc3,False,42,7.570865869522095,12.78312087059021,0.1578058898448944,0.3603169620037079,0.5079254508018494,20.314204692840576,0.14331114292144775,0.8672068119049072,cb3348e59f4a901e1ffae522c07a56887ef3d84f4aa3c24fcb5d5e4a7a401f38,24eda4d260650ea659d29a9326b7490157b110ac60a0a91612b4257b02c71855,3a966abd3e0e4915338b31b4e31d3d3fbc0cfc338a20959ab713f63ef3cae225,0340047558809127cfbef95fc332f3ae1ce4145167192ddcfc30e1e5778e94dd,5d16f0134d7c8ea39029860b69fa15137623f384b876a196f7ad3118fb8644af,f8d3a14fabe01d2614ea359f43e2bd5c639dd968c4eef02cb24568e6cebe8ea4
e5bf10593ab8458c8dac1093c369a7c5,260,native_gfh,False,42,7.51150107383728,13.65963101387024,0.1486189067363739,0.4217258095741272,0.529822826385498,19.983831644058228,0.15130606293678284,0.862410843372345,cb3348e59f4a901e1ffae522c07a56887ef3d84f4aa3c24fcb5d5e4a7a401f38,24eda4d260650ea659d29a9326b7490157b110ac60a0a91612b4257b02c71855,3a966abd3e0e4915338b31b4e31d3d3fbc0cfc338a20959ab713f63ef3cae225,0340047558809127cfbef95fc332f3ae1ce4145167192ddcfc30e1e5778e94dd,5d16f0134d7c8ea39029860b69fa15137623f384b876a196f7ad3118fb8644af,f8d3a14fabe01d2614ea359f43e2bd5c639dd968c4eef02cb24568e6cebe8ea4
e5bf10593ab8458c8dac1093c369a7c5,260,native_gfl,False,42,7.442985773086548,11.815725564956665,0.15894916653633118,0.33902817964553833,0.49819621443748474,19.78580951690674,0.1398029327392578,0.8645029664039612,cb3348e59f4a901e1ffae522c07a56887ef3d84f4aa3c24fcb5d5e4a7a401f38,24eda4d260650ea659d29a9326b7490157b110ac60a0a91612b4257b02c71855,3a966abd3e0e4915338b31b4e31d3d3fbc0cfc338a20959ab713f63ef3cae225,0340047558809127cfbef95fc332f3ae1ce4145167192ddcfc30e1e5778e94dd,5d16f0134d7c8ea39029860b69fa15137623f384b876a196f7ad3118fb8644af,f8d3a14fabe01d2614ea359f43e2bd5c639dd968c4eef02cb24568e6cebe8ea4
e5bf10593ab8458c8dac1093c369a7c5,260,no_adapter,False,42,7.233960390090942,5.711528658866882,0.19814878702163696,0.46723243594169617,0.42050066590309143,10.174052715301514,0.4895009696483612,0.7976922988891602,cb3348e59f4a901e1ffae522c07a56887ef3d84f4aa3c24fcb5d5e4a7a401f38,24eda4d260650ea659d29a9326b7490157b110ac60a0a91612b4257b02c71855,3a966abd3e0e4915338b31b4e31d3d3fbc0cfc338a20959ab713f63ef3cae225,0340047558809127cfbef95fc332f3ae1ce4145167192ddcfc30e1e5778e94dd,5d16f0134d7c8ea39029860b69fa15137623f384b876a196f7ad3118fb8644af,f8d3a14fabe01d2614ea359f43e2bd5c639dd968c4eef02cb24568e6cebe8ea4
e5d79b0459274421867edfee7fb9d3c4,261,native_gc3,False,42,7.544752359390259,9.924673438072205,0.17265018820762634,0.30063286423683167,0.5040060877799988,18.307178020477295,0.18035602569580078,0.8550086617469788,b02ae349cff72702ea7949d6cae219011b26ff3bd56af92655d408426a5ec6d1,7bee34623eca7ac7f07e2271c527a4b5e869b43548eec47bfc870a70b219bb64,2aa6958cd9976cf8fe34ed59ed6d0f5003309a156fed66cfe905f6a0d65668d2,0340047558809127cfbef95fc332f3ae1ce4145167192ddcfc30e1e5778e94dd,c0052e91fd509c147788f4d8137464c5ae1a1dd49033ee73b2807e420909caf0,6135247bcf987370ac0b36f9731e154cf9fe67a8829022f56536ca6901bdf849
e5d79b0459274421867edfee7fb9d3c4,261,native_gfh,False,42,7.546159982681274,12.740951776504517,0.14828036725521088,0.39048099517822266,0.5454883575439453,18.679715394973755,0.1676872819662094,0.8576618432998657,b02ae349cff72702ea7949d6cae219011b26ff3bd56af92655d408426a5ec6d1,7bee34623eca7ac7f07e2271c527a4b5e869b43548eec47bfc870a70b219bb64,2aa6958cd9976cf8fe34ed59ed6d0f5003309a156fed66cfe905f6a0d65668d2,0340047558809127cfbef95fc332f3ae1ce4145167192ddcfc30e1e5778e94dd,c0052e91fd509c147788f4d8137464c5ae1a1dd49033ee73b2807e420909caf0,6135247bcf987370ac0b36f9731e154cf9fe67a8829022f56536ca6901bdf849
e5d79b0459274421867edfee7fb9d3c4,261,native_gfl,False,42,7.576732873916626,8.288582563400269,0.18143391609191895,0.24925529956817627,0.49333515763282776,17.26327657699585,0.19916324317455292,0.8429636359214783,b02ae349cff72702ea7949d6cae219011b26ff3bd56af92655d408426a5ec6d1,7bee34623eca7ac7f07e2271c527a4b5e869b43548eec47bfc870a70b219bb64,2aa6958cd9976cf8fe34ed59ed6d0f5003309a156fed66cfe905f6a0d65668d2,0340047558809127cfbef95fc332f3ae1ce4145167192ddcfc30e1e5778e94dd,c0052e91fd509c147788f4d8137464c5ae1a1dd49033ee73b2807e420909caf0,6135247bcf987370ac0b36f9731e154cf9fe67a8829022f56536ca6901bdf849
e5d79b0459274421867edfee7fb9d3c4,261,no_adapter,False,42,7.256497621536255,8.304163813591003,0.17531035840511322,0.44985440373420715,0.4664309620857239,10.855668783187866,0.6175214648246765,0.7521291375160217,b02ae349cff72702ea7949d6cae219011b26ff3bd56af92655d408426a5ec6d1,7bee34623eca7ac7f07e2271c527a4b5e869b43548eec47bfc870a70b219bb64,2aa6958cd9976cf8fe34ed59ed6d0f5003309a156fed66cfe905f6a0d65668d2,0340047558809127cfbef95fc332f3ae1ce4145167192ddcfc30e1e5778e94dd,c0052e91fd509c147788f4d8137464c5ae1a1dd49033ee73b2807e420909caf0,6135247bcf987370ac0b36f9731e154cf9fe67a8829022f56536ca6901bdf849
e79d62a1fa974770991f34aeb1e4e288,262,native_gc3,False,42,7.3782031536102295,13.626230955123901,0.2100878357887268,0.3140762448310852,0.4219547510147095,18.894307613372803,0.27079418301582336,0.8077071309089661,9a6e28a303768c42f96190b673ee3736c515940e297822fad08f6476d093d853,837295e2d57eaa785b495b444beadbdd93faa772b454d0e8aa20da9ea9d1a6f4,3a52a768423711196a75d48029a06d0bfe3f8e8cd1b7e413cd52562b658812c0,0340047558809127cfbef95fc332f3ae1ce4145167192ddcfc30e1e5778e94dd,f94fee52194c2a43513f26b786e13e8d477c870a485aeb190c257200c61fca3c,c8b736e139dbe6bfb0f79d75272067d9337507341a39d7c72f7a7cec214e298b
e79d62a1fa974770991f34aeb1e4e288,262,native_gfh,False,42,7.574613571166992,14.982341527938843,0.18971434235572815,0.3534753918647766,0.47534647583961487,18.847018480300903,0.2641778290271759,0.8087478280067444,9a6e28a303768c42f96190b673ee3736c515940e297822fad08f6476d093d853,837295e2d57eaa785b495b444beadbdd93faa772b454d0e8aa20da9ea9d1a6f4,3a52a768423711196a75d48029a06d0bfe3f8e8cd1b7e413cd52562b658812c0,0340047558809127cfbef95fc332f3ae1ce4145167192ddcfc30e1e5778e94dd,f94fee52194c2a43513f26b786e13e8d477c870a485aeb190c257200c61fca3c,c8b736e139dbe6bfb0f79d75272067d9337507341a39d7c72f7a7cec214e298b
e79d62a1fa974770991f34aeb1e4e288,262,native_gfl,False,42,7.474858045578003,13.447190523147583,0.2223568856716156,0.2821124196052551,0.38803765177726746,18.229275941848755,0.2778970003128052,0.7979068756103516,9a6e28a303768c42f96190b673ee3736c515940e297822fad08f6476d093d853,837295e2d57eaa785b495b444beadbdd93faa772b454d0e8aa20da9ea9d1a6f4,3a52a768423711196a75d48029a06d0bfe3f8e8cd1b7e413cd52562b658812c0,0340047558809127cfbef95fc332f3ae1ce4145167192ddcfc30e1e5778e94dd,f94fee52194c2a43513f26b786e13e8d477c870a485aeb190c257200c61fca3c,c8b736e139dbe6bfb0f79d75272067d9337507341a39d7c72f7a7cec214e298b
e79d62a1fa974770991f34aeb1e4e288,262,no_adapter,False,42,7.178587913513184,7.690944075584412,0.2199893593788147,0.38247066736221313,0.48742732405662537,9.985596537590027,0.6915427446365356,0.6627352833747864,9a6e28a303768c42f96190b673ee3736c515940e297822fad08f6476d093d853,837295e2d57eaa785b495b444beadbdd93faa772b454d0e8aa20da9ea9d1a6f4,3a52a768423711196a75d48029a06d0bfe3f8e8cd1b7e413cd52562b658812c0,0340047558809127cfbef95fc332f3ae1ce4145167192ddcfc30e1e5778e94dd,f94fee52194c2a43513f26b786e13e8d477c870a485aeb190c257200c61fca3c,c8b736e139dbe6bfb0f79d75272067d9337507341a39d7c72f7a7cec214e298b
e7d18e2082104c828ed79f1992ec758f,263,native_gc3,False,42,7.538154363632202,10.68036437034607,0.16595566272735596,0.35248345136642456,0.5011870861053467,17.861318588256836,0.1709997057914734,0.8504778146743774,42bd842658c2709854a4ce94978d4096f357e51ff081dae305a91ba07b7bfd6d,ce396ac9d5ebb9cd47e8e7904d856b358eb7ca83abff512b545a1340eff76a40,dd8e716995cf114011cda9826a449f9c970211210c229d41080c3c46f55813ca,0340047558809127cfbef95fc332f3ae1ce4145167192ddcfc30e1e5778e94dd,fb6a7624bf6311a95f0462921251ea8e5d75d7411fd3d72428903883640ae15e,1b96c0efaa983cdaafa9f7f31add2bae6fca9f926cb1bc5e7869f2d3cc3ecef3
e7d18e2082104c828ed79f1992ec758f,263,native_gfh,False,42,7.454552888870239,10.95221996307373,0.17167943716049194,0.38052839040756226,0.5111910104751587,17.24686861038208,0.1851179599761963,0.8437240719795227,42bd842658c2709854a4ce94978d4096f357e51ff081dae305a91ba07b7bfd6d,ce396ac9d5ebb9cd47e8e7904d856b358eb7ca83abff512b545a1340eff76a40,dd8e716995cf114011cda9826a449f9c970211210c229d41080c3c46f55813ca,0340047558809127cfbef95fc332f3ae1ce4145167192ddcfc30e1e5778e94dd,fb6a7624bf6311a95f0462921251ea8e5d75d7411fd3d72428903883640ae15e,1b96c0efaa983cdaafa9f7f31add2bae6fca9f926cb1bc5e7869f2d3cc3ecef3
e7d18e2082104c828ed79f1992ec758f,263,native_gfl,False,42,7.413672685623169,10.033328533172607,0.16552528738975525,0.3309573829174042,0.492390513420105,17.54817485809326,0.16822205483913422,0.8422728776931763,42bd842658c2709854a4ce94978d4096f357e51ff081dae305a91ba07b7bfd6d,ce396ac9d5ebb9cd47e8e7904d856b358eb7ca83abff512b545a1340eff76a40,dd8e716995cf114011cda9826a449f9c970211210c229d41080c3c46f55813ca,0340047558809127cfbef95fc332f3ae1ce4145167192ddcfc30e1e5778e94dd,fb6a7624bf6311a95f0462921251ea8e5d75d7411fd3d72428903883640ae15e,1b96c0efaa983cdaafa9f7f31add2bae6fca9f926cb1bc5e7869f2d3cc3ecef3
e7d18e2082104c828ed79f1992ec758f,263,no_adapter,False,42,6.992938756942749,5.019434690475464,0.18110623955726624,0.36032184958457947,0.42407986521720886,9.642651677131653,0.5438904166221619,0.7752291560173035,42bd842658c2709854a4ce94978d4096f357e51ff081dae305a91ba07b7bfd6d,ce396ac9d5ebb9cd47e8e7904d856b358eb7ca83abff512b545a1340eff76a40,dd8e716995cf114011cda9826a449f9c970211210c229d41080c3c46f55813ca,0340047558809127cfbef95fc332f3ae1ce4145167192ddcfc30e1e5778e94dd,fb6a7624bf6311a95f0462921251ea8e5d75d7411fd3d72428903883640ae15e,1b96c0efaa983cdaafa9f7f31add2bae6fca9f926cb1bc5e7869f2d3cc3ecef3
e87e9e74d76e4ec88ca55bf212935b8f,264,native_gc3,False,42,7.464174509048462,11.10474705696106,0.16503705084323883,0.3934507369995117,0.4893978536128998,18.819867372512817,0.1661224067211151,0.8682454228401184,beac891ebf0e3f4510731b7466f5acdd7c9579087eaa446ccc9a18b03dad2989,be5cd8160df334a0c9d1c4f3f1c2e9c67668723ceaae426c5b0e04614acd8006,7cfc26137d2a0325f2a698f2efe9574aa4130f84997c3684be59b9d6b6fbb803,0340047558809127cfbef95fc332f3ae1ce4145167192ddcfc30e1e5778e94dd,b7ff56a969d97c37c362994011b74648fa2291dba14702e5ad32940a50e08d29,c52f74e5bb696318b417c3365657099eff52ff98a95084ae4c80e320c97a5853
e87e9e74d76e4ec88ca55bf212935b8f,264,native_gfh,False,42,7.417230844497681,11.29878044128418,0.1584361046552658,0.43249842524528503,0.5104706883430481,18.04778218269348,0.16181032359600067,0.8621189594268799,beac891ebf0e3f4510731b7466f5acdd7c9579087eaa446ccc9a18b03dad2989,be5cd8160df334a0c9d1c4f3f1c2e9c67668723ceaae426c5b0e04614acd8006,7cfc26137d2a0325f2a698f2efe9574aa4130f84997c3684be59b9d6b6fbb803,0340047558809127cfbef95fc332f3ae1ce4145167192ddcfc30e1e5778e94dd,b7ff56a969d97c37c362994011b74648fa2291dba14702e5ad32940a50e08d29,c52f74e5bb696318b417c3365657099eff52ff98a95084ae4c80e320c97a5853
e87e9e74d76e4ec88ca55bf212935b8f,264,native_gfl,False,42,7.344140529632568,10.433417558670044,0.16893430054187775,0.3818180561065674,0.4900714159011841,18.410011529922485,0.16779331862926483,0.8573955297470093,beac891ebf0e3f4510731b7466f5acdd7c9579087eaa446ccc9a18b03dad2989,be5cd8160df334a0c9d1c4f3f1c2e9c67668723ceaae426c5b0e04614acd8006,7cfc26137d2a0325f2a698f2efe9574aa4130f84997c3684be59b9d6b6fbb803,0340047558809127cfbef95fc332f3ae1ce4145167192ddcfc30e1e5778e94dd,b7ff56a969d97c37c362994011b74648fa2291dba14702e5ad32940a50e08d29,c52f74e5bb696318b417c3365657099eff52ff98a95084ae4c80e320c97a5853
e87e9e74d76e4ec88ca55bf212935b8f,264,no_adapter,False,42,7.259929895401001,5.697372555732727,0.19981303811073303,0.36501389741897583,0.42391008138656616,9.111879467964172,0.6694412231445312,0.7089462280273438,beac891ebf0e3f4510731b7466f5acdd7c9579087eaa446ccc9a18b03dad2989,be5cd8160df334a0c9d1c4f3f1c2e9c67668723ceaae426c5b0e04614acd8006,7cfc26137d2a0325f2a698f2efe9574aa4130f84997c3684be59b9d6b6fbb803,0340047558809127cfbef95fc332f3ae1ce4145167192ddcfc30e1e5778e94dd,b7ff56a969d97c37c362994011b74648fa2291dba14702e5ad32940a50e08d29,c52f74e5bb696318b417c3365657099eff52ff98a95084ae4c80e320c97a5853
e8eba6392a594c5c9d3c6a499aa2da2c,265,native_gc3,False,42,7.279265403747559,13.806288242340088,0.32600870728492737,0.2579037845134735,0.3630724549293518,17.95617699623108,0.3549574911594391,0.7181161046028137,6dab1f310bb44ac23b8df67b499c6b4e363b47abbbdc361cc072a5699c9a69fd,9669dea4f6de4fd7d745390ce645e819a575dec715d349e6650f7b2d641ffef2,96191d073f14bbe18376a02d812b9035ce1ec2b9a6777e20886d4518cb7a2b9a,0340047558809127cfbef95fc332f3ae1ce4145167192ddcfc30e1e5778e94dd,2c01c232d1d46240ccbf585b3b96e85a3eab08b239627a433b4f98f34fe690f3,de2b765db417f31baa2fc8375bcfc0e445d0da1cc9e4eea9fd007e6902d9ffff
e8eba6392a594c5c9d3c6a499aa2da2c,265,native_gfh,False,42,7.537859201431274,15.21390438079834,0.29732710123062134,0.313424289226532,0.3906940817832947,18.231444358825684,0.35566335916519165,0.7277413606643677,6dab1f310bb44ac23b8df67b499c6b4e363b47abbbdc361cc072a5699c9a69fd,9669dea4f6de4fd7d745390ce645e819a575dec715d349e6650f7b2d641ffef2,96191d073f14bbe18376a02d812b9035ce1ec2b9a6777e20886d4518cb7a2b9a,0340047558809127cfbef95fc332f3ae1ce4145167192ddcfc30e1e5778e94dd,2c01c232d1d46240ccbf585b3b96e85a3eab08b239627a433b4f98f34fe690f3,de2b765db417f31baa2fc8375bcfc0e445d0da1cc9e4eea9fd007e6902d9ffff
e8eba6392a594c5c9d3c6a499aa2da2c,265,native_gfl,False,42,7.415262937545776,12.68078327178955,0.3483169376850128,0.21093130111694336,0.341511607170105,16.992064714431763,0.3710665702819824,0.7053382992744446,6dab1f310bb44ac23b8df67b499c6b4e363b47abbbdc361cc072a5699c9a69fd,9669dea4f6de4fd7d745390ce645e819a575dec715d349e6650f7b2d641ffef2,96191d073f14bbe18376a02d812b9035ce1ec2b9a6777e20886d4518cb7a2b9a,0340047558809127cfbef95fc332f3ae1ce4145167192ddcfc30e1e5778e94dd,2c01c232d1d46240ccbf585b3b96e85a3eab08b239627a433b4f98f34fe690f3,de2b765db417f31baa2fc8375bcfc0e445d0da1cc9e4eea9fd007e6902d9ffff
e8eba6392a594c5c9d3c6a499aa2da2c,265,no_adapter,False,42,7.151256322860718,8.761057257652283,0.35303983092308044,0.3495756983757019,0.3931475877761841,10.29656171798706,0.7090344429016113,0.6217151284217834,6dab1f310bb44ac23b8df67b499c6b4e363b47abbbdc361cc072a5699c9a69fd,9669dea4f6de4fd7d745390ce645e819a575dec715d349e6650f7b2d641ffef2,96191d073f14bbe18376a02d812b9035ce1ec2b9a6777e20886d4518cb7a2b9a,0340047558809127cfbef95fc332f3ae1ce4145167192ddcfc30e1e5778e94dd,2c01c232d1d46240ccbf585b3b96e85a3eab08b239627a433b4f98f34fe690f3,de2b765db417f31baa2fc8375bcfc0e445d0da1cc9e4eea9fd007e6902d9ffff
e900057d69f44e788b9d0a51cec1f588,266,native_gc3,False,42,7.649525165557861,14.457210302352905,0.44520139694213867,0.7268313765525818,0.0,16.75114393234253,0.4676779806613922,0.7811424136161804,3d3dd3e7cf39d508a1db6e6b3a3382f3920f77a7b35106d74f1a0ee2ecf5b318,2b4997e7db7e25d4149982a45465188b40917a78b36770be442ec3f28143f809,d093dc7a27c23b2260b1d64dbc0d0b65ce4bf0a7469ba994b13218f685794bd6,0340047558809127cfbef95fc332f3ae1ce4145167192ddcfc30e1e5778e94dd,7a07cb154174c6647c910f1d1391bef9562cd2d0a3bcb9bea10891f980a9f12a,3a6e4684231fce4118b231529db10301fa3060249b31f5640f89e127501e6694
e900057d69f44e788b9d0a51cec1f588,266,native_gfh,False,42,7.628256797790527,15.291948318481445,0.41968101263046265,0.7570801973342896,0.0,17.36894726753235,0.4608859121799469,0.8042178750038147,3d3dd3e7cf39d508a1db6e6b3a3382f3920f77a7b35106d74f1a0ee2ecf5b318,2b4997e7db7e25d4149982a45465188b40917a78b36770be442ec3f28143f809,d093dc7a27c23b2260b1d64dbc0d0b65ce4bf0a7469ba994b13218f685794bd6,0340047558809127cfbef95fc332f3ae1ce4145167192ddcfc30e1e5778e94dd,7a07cb154174c6647c910f1d1391bef9562cd2d0a3bcb9bea10891f980a9f12a,3a6e4684231fce4118b231529db10301fa3060249b31f5640f89e127501e6694
e900057d69f44e788b9d0a51cec1f588,266,native_gfl,False,42,7.458279848098755,13.596782684326172,0.46532803773880005,0.673686146736145,0.0,15.912444591522217,0.4781734347343445,0.7696749567985535,3d3dd3e7cf39d508a1db6e6b3a3382f3920f77a7b35106d74f1a0ee2ecf5b318,2b4997e7db7e25d4149982a45465188b40917a78b36770be442ec3f28143f809,d093dc7a27c23b2260b1d64dbc0d0b65ce4bf0a7469ba994b13218f685794bd6,0340047558809127cfbef95fc332f3ae1ce4145167192ddcfc30e1e5778e94dd,7a07cb154174c6647c910f1d1391bef9562cd2d0a3bcb9bea10891f980a9f12a,3a6e4684231fce4118b231529db10301fa3060249b31f5640f89e127501e6694
e900057d69f44e788b9d0a51cec1f588,266,no_adapter,False,42,7.02923583984375,8.055568933486938,0.571015477180481,0.6194888353347778,0.0,8.411204814910889,0.7535151243209839,0.6245209574699402,3d3dd3e7cf39d508a1db6e6b3a3382f3920f77a7b35106d74f1a0ee2ecf5b318,2b4997e7db7e25d4149982a45465188b40917a78b36770be442ec3f28143f809,d093dc7a27c23b2260b1d64dbc0d0b65ce4bf0a7469ba994b13218f685794bd6,0340047558809127cfbef95fc332f3ae1ce4145167192ddcfc30e1e5778e94dd,7a07cb154174c6647c910f1d1391bef9562cd2d0a3bcb9bea10891f980a9f12a,3a6e4684231fce4118b231529db10301fa3060249b31f5640f89e127501e6694
e99add7dd86e43498b4b810b649737ce,267,native_gc3,False,42,7.4556732177734375,11.694028377532959,0.20971953868865967,0.5057172179222107,0.5175331234931946,18.417409658432007,0.24321392178535461,0.8517782092094421,da6d33ad1c3c73ba9db4cd7032a35da0456d843b6b74a859d571335201cfa82e,52b6a4e485b7289b9c643ecaa6027be06bd1522b04686945288d401274d85f16,42d76b506457d885e344b2a3b32d0afecb95344cef6d4f33ce0b28fff4b737af,0340047558809127cfbef95fc332f3ae1ce4145167192ddcfc30e1e5778e94dd,ab1ff4eef9c947480ecbcfdcba32d37f38d8dfc20457c8199b5f76aaff997c2f,529ac57ea2abf9aef7959a3e1af25ea4322339675bcf80c68a8d98208dd463f3
e99add7dd86e43498b4b810b649737ce,267,native_gfh,False,42,7.556219100952148,13.401929140090942,0.19717256724834442,0.5823670029640198,0.5514118075370789,18.766952753067017,0.2324489802122116,0.8545864224433899,da6d33ad1c3c73ba9db4cd7032a35da0456d843b6b74a859d571335201cfa82e,52b6a4e485b7289b9c643ecaa6027be06bd1522b04686945288d401274d85f16,42d76b506457d885e344b2a3b32d0afecb95344cef6d4f33ce0b28fff4b737af,0340047558809127cfbef95fc332f3ae1ce4145167192ddcfc30e1e5778e94dd,ab1ff4eef9c947480ecbcfdcba32d37f38d8dfc20457c8199b5f76aaff997c2f,529ac57ea2abf9aef7959a3e1af25ea4322339675bcf80c68a8d98208dd463f3
e99add7dd86e43498b4b810b649737ce,267,native_gfl,False,42,7.362144231796265,9.304153323173523,0.22341276705265045,0.4487059712409973,0.4959467649459839,16.295459270477295,0.2506912350654602,0.8377780914306641,da6d33ad1c3c73ba9db4cd7032a35da0456d843b6b74a859d571335201cfa82e,52b6a4e485b7289b9c643ecaa6027be06bd1522b04686945288d401274d85f16,42d76b506457d885e344b2a3b32d0afecb95344cef6d4f33ce0b28fff4b737af,0340047558809127cfbef95fc332f3ae1ce4145167192ddcfc30e1e5778e94dd,ab1ff4eef9c947480ecbcfdcba32d37f38d8dfc20457c8199b5f76aaff997c2f,529ac57ea2abf9aef7959a3e1af25ea4322339675bcf80c68a8d98208dd463f3
e99add7dd86e43498b4b810b649737ce,267,no_adapter,False,42,7.137593746185303,10.72780966758728,0.2073104977607727,0.6232850551605225,0.4941657483577728,11.678576469421387,0.6211800575256348,0.7645344734191895,da6d33ad1c3c73ba9db4cd7032a35da0456d843b6b74a859d571335201cfa82e,52b6a4e485b7289b9c643ecaa6027be06bd1522b04686945288d401274d85f16,42d76b506457d885e344b2a3b32d0afecb95344cef6d4f33ce0b28fff4b737af,0340047558809127cfbef95fc332f3ae1ce4145167192ddcfc30e1e5778e94dd,ab1ff4eef9c947480ecbcfdcba32d37f38d8dfc20457c8199b5f76aaff997c2f,529ac57ea2abf9aef7959a3e1af25ea4322339675bcf80c68a8d98208dd463f3
ead712b2bcb24dbb957a870a7887ca47,268,native_gc3,False,42,7.2680888175964355,14.642562866210938,0.16560931503772736,0.6123332977294922,0.5928822755813599,22.10408926010132,0.16781295835971832,0.8943914771080017,2dade3faba359d0417aa59266923e2be47961c758f9b9937ed66c3fff0a6341f,a8cc565c580fd6dd1240864f0186135bcd234aba3042b7d8367a86febc852eb1,4502f0b73e89bdcb88c9a502d98c29d53a4f8c991c4fa4386f30befa527f1740,0340047558809127cfbef95fc332f3ae1ce4145167192ddcfc30e1e5778e94dd,24aac6f2434cc06a401e195055dea8493803b41b55769ce938c50d982062f590,7afeb7ee3e5d72bcf0014561dec16a987bffbe4a5d3efaebadbb365d98dd5519
ead712b2bcb24dbb957a870a7887ca47,268,native_gfh,False,42,7.393498659133911,16.465349197387695,0.15400484204292297,0.6672582626342773,0.618520975112915,21.37157917022705,0.1733739674091339,0.8922339677810669,2dade3faba359d0417aa59266923e2be47961c758f9b9937ed66c3fff0a6341f,a8cc565c580fd6dd1240864f0186135bcd234aba3042b7d8367a86febc852eb1,4502f0b73e89bdcb88c9a502d98c29d53a4f8c991c4fa4386f30befa527f1740,0340047558809127cfbef95fc332f3ae1ce4145167192ddcfc30e1e5778e94dd,24aac6f2434cc06a401e195055dea8493803b41b55769ce938c50d982062f590,7afeb7ee3e5d72bcf0014561dec16a987bffbe4a5d3efaebadbb365d98dd5519
ead712b2bcb24dbb957a870a7887ca47,268,native_gfl,False,42,7.374835729598999,12.211326360702515,0.17523902654647827,0.5757291316986084,0.5808157324790955,20.26543617248535,0.17213261127471924,0.8928540349006653,2dade3faba359d0417aa59266923e2be47961c758f9b9937ed66c3fff0a6341f,a8cc565c580fd6dd1240864f0186135bcd234aba3042b7d8367a86febc852eb1,4502f0b73e89bdcb88c9a502d98c29d53a4f8c991c4fa4386f30befa527f1740,0340047558809127cfbef95fc332f3ae1ce4145167192ddcfc30e1e5778e94dd,24aac6f2434cc06a401e195055dea8493803b41b55769ce938c50d982062f590,7afeb7ee3e5d72bcf0014561dec16a987bffbe4a5d3efaebadbb365d98dd5519
ead712b2bcb24dbb957a870a7887ca47,268,no_adapter,False,42,7.218665599822998,8.49664568901062,0.18758928775787354,0.6226951479911804,0.5402880311012268,10.209999084472656,0.6320538520812988,0.7600102424621582,2dade3faba359d0417aa59266923e2be47961c758f9b9937ed66c3fff0a6341f,a8cc565c580fd6dd1240864f0186135bcd234aba3042b7d8367a86febc852eb1,4502f0b73e89bdcb88c9a502d98c29d53a4f8c991c4fa4386f30befa527f1740,0340047558809127cfbef95fc332f3ae1ce4145167192ddcfc30e1e5778e94dd,24aac6f2434cc06a401e195055dea8493803b41b55769ce938c50d982062f590,7afeb7ee3e5d72bcf0014561dec16a987bffbe4a5d3efaebadbb365d98dd5519
eae3544830aa4b8aa13d4a7a0bd4e33f,269,native_gc3,False,42,7.412678956985474,12.376289367675781,0.2748399078845978,0.4252583980560303,0.4323732852935791,18.093209266662598,0.3163400888442993,0.8190949559211731,8d8ae33fa052feb3d81e10b1ba7d67104c68e21582e3d21abf71b58349c966e9,3ad5d1bfb6985c8944d0d3cbd4ba0d0aaa8a8bd8f420e9395801f8b263156e6f,ce5a05ebb3b7b3babc463652a6b09877e0370e696d84d5073b5790957195b8d6,0340047558809127cfbef95fc332f3ae1ce4145167192ddcfc30e1e5778e94dd,1cdb7c3701305be944d63064d7d69473b6be7c5a82f5893faa15cf1954066ed2,42d55bfd41995a1a3f5ad82f0936dc397a2b74071c6c90ed58dc8c806c329e28
eae3544830aa4b8aa13d4a7a0bd4e33f,269,native_gfh,False,42,7.4556801319122314,14.365696907043457,0.25060132145881653,0.4995099902153015,0.4684848487377167,18.346452713012695,0.3103293180465698,0.824212372303009,8d8ae33fa052feb3d81e10b1ba7d67104c68e21582e3d21abf71b58349c966e9,3ad5d1bfb6985c8944d0d3cbd4ba0d0aaa8a8bd8f420e9395801f8b263156e6f,ce5a05ebb3b7b3babc463652a6b09877e0370e696d84d5073b5790957195b8d6,0340047558809127cfbef95fc332f3ae1ce4145167192ddcfc30e1e5778e94dd,1cdb7c3701305be944d63064d7d69473b6be7c5a82f5893faa15cf1954066ed2,42d55bfd41995a1a3f5ad82f0936dc397a2b74071c6c90ed58dc8c806c329e28
eae3544830aa4b8aa13d4a7a0bd4e33f,269,native_gfl,False,42,7.445338010787964,11.26397967338562,0.28679776191711426,0.3966676592826843,0.41801050305366516,17.33478546142578,0.3221794366836548,0.8124019503593445,8d8ae33fa052feb3d81e10b1ba7d67104c68e21582e3d21abf71b58349c966e9,3ad5d1bfb6985c8944d0d3cbd4ba0d0aaa8a8bd8f420e9395801f8b263156e6f,ce5a05ebb3b7b3babc463652a6b09877e0370e696d84d5073b5790957195b8d6,0340047558809127cfbef95fc332f3ae1ce4145167192ddcfc30e1e5778e94dd,1cdb7c3701305be944d63064d7d69473b6be7c5a82f5893faa15cf1954066ed2,42d55bfd41995a1a3f5ad82f0936dc397a2b74071c6c90ed58dc8c806c329e28
eae3544830aa4b8aa13d4a7a0bd4e33f,269,no_adapter,False,42,7.283947229385376,10.573208332061768,0.2228108048439026,0.5068403482437134,0.44497305154800415,11.436159610748291,0.6291197538375854,0.7288960218429565,8d8ae33fa052feb3d81e10b1ba7d67104c68e21582e3d21abf71b58349c966e9,3ad5d1bfb6985c8944d0d3cbd4ba0d0aaa8a8bd8f420e9395801f8b263156e6f,ce5a05ebb3b7b3babc463652a6b09877e0370e696d84d5073b5790957195b8d6,0340047558809127cfbef95fc332f3ae1ce4145167192ddcfc30e1e5778e94dd,1cdb7c3701305be944d63064d7d69473b6be7c5a82f5893faa15cf1954066ed2,42d55bfd41995a1a3f5ad82f0936dc397a2b74071c6c90ed58dc8c806c329e28
eb8f7ff9521e4ce48522f5125798fdcd,270,native_gc3,False,42,7.368640899658203,10.415279865264893,0.11044150590896606,0.27022239565849304,0.4821312129497528,18.518069982528687,0.13724052906036377,0.8604548573493958,2b6365e750f820df5a68344994d076deb423a417c6ca2ab0f96f6e358a214362,ec05670725d4d5e1df3e35ef86a7f64755b24e5eff1af57088f8ec141104ab70,e13352ec03229b393973f2dfa115935b530cec8245c6d3bdc41d33f322eaed28,0340047558809127cfbef95fc332f3ae1ce4145167192ddcfc30e1e5778e94dd,20f1170c6d3eee9dfd8453396536676f9a491fc33a4420fe201d17d78b976b86,fa7f48677ba01cddc78af5eb0a7307f6da5bd70d79a72b51ded7f034a7828a11
eb8f7ff9521e4ce48522f5125798fdcd,270,native_gfh,False,42,7.341962814331055,8.786979913711548,0.1196044385433197,0.2682090103626251,0.47259244322776794,16.963998079299927,0.1550348997116089,0.8521783351898193,2b6365e750f820df5a68344994d076deb423a417c6ca2ab0f96f6e358a214362,ec05670725d4d5e1df3e35ef86a7f64755b24e5eff1af57088f8ec141104ab70,e13352ec03229b393973f2dfa115935b530cec8245c6d3bdc41d33f322eaed28,0340047558809127cfbef95fc332f3ae1ce4145167192ddcfc30e1e5778e94dd,20f1170c6d3eee9dfd8453396536676f9a491fc33a4420fe201d17d78b976b86,fa7f48677ba01cddc78af5eb0a7307f6da5bd70d79a72b51ded7f034a7828a11
eb8f7ff9521e4ce48522f5125798fdcd,270,native_gfl,False,42,7.469683408737183,11.040769815444946,0.10565721988677979,0.27004489302635193,0.4855254888534546,19.070627689361572,0.12803661823272705,0.8621644973754883,2b6365e750f820df5a68344994d076deb423a417c6ca2ab0f96f6e358a214362,ec05670725d4d5e1df3e35ef86a7f64755b24e5eff1af57088f8ec141104ab70,e13352ec03229b393973f2dfa115935b530cec8245c6d3bdc41d33f322eaed28,0340047558809127cfbef95fc332f3ae1ce4145167192ddcfc30e1e5778e94dd,20f1170c6d3eee9dfd8453396536676f9a491fc33a4420fe201d17d78b976b86,fa7f48677ba01cddc78af5eb0a7307f6da5bd70d79a72b51ded7f034a7828a11
eb8f7ff9521e4ce48522f5125798fdcd,270,no_adapter,False,42,7.228155136108398,3.2519233226776123,0.1663651317358017,0.2098223865032196,0.37069615721702576,8.746082186698914,0.5410205721855164,0.7384063005447388,2b6365e750f820df5a68344994d076deb423a417c6ca2ab0f96f6e358a214362,ec05670725d4d5e1df3e35ef86a7f64755b24e5eff1af57088f8ec141104ab70,e13352ec03229b393973f2dfa115935b530cec8245c6d3bdc41d33f322eaed28,0340047558809127cfbef95fc332f3ae1ce4145167192ddcfc30e1e5778e94dd,20f1170c6d3eee9dfd8453396536676f9a491fc33a4420fe201d17d78b976b86,fa7f48677ba01cddc78af5eb0a7307f6da5bd70d79a72b51ded7f034a7828a11
ebb48e762dd64bf7949e1c931f33d0b1,271,native_gc3,False,42,7.470733404159546,13.419183492660522,0.18679741024971008,0.3416160047054291,0.3936081826686859,19.01715636253357,0.215201273560524,0.7960479855537415,9a530af8fbab74a13542bbee1f6ebf43b32157f549370510926ca8320ab9c207,caef579abdf4afa141c2149d5886a9426cb5de54baa9b049a612e6d875bf9198,67ef289e9f12c8554e314b70e723e2195d4069521e7a28cfb75438a0690180b5,0340047558809127cfbef95fc332f3ae1ce4145167192ddcfc30e1e5778e94dd,74e4d75496475392f64f7fe2b691a0812f5271d617cb05597db866fdd59a67f8,ce169884342df860d7f9f53f1525b194974d3a678220f664bf5dcfeb9ff8433a
ebb48e762dd64bf7949e1c931f33d0b1,271,native_gfh,False,42,7.50555419921875,14.855871200561523,0.16830413043498993,0.36099696159362793,0.40402302145957947,18.391813039779663,0.21910658478736877,0.7896826267242432,9a530af8fbab74a13542bbee1f6ebf43b32157f549370510926ca8320ab9c207,caef579abdf4afa141c2149d5886a9426cb5de54baa9b049a612e6d875bf9198,67ef289e9f12c8554e314b70e723e2195d4069521e7a28cfb75438a0690180b5,0340047558809127cfbef95fc332f3ae1ce4145167192ddcfc30e1e5778e94dd,74e4d75496475392f64f7fe2b691a0812f5271d617cb05597db866fdd59a67f8,ce169884342df860d7f9f53f1525b194974d3a678220f664bf5dcfeb9ff8433a
ebb48e762dd64bf7949e1c931f33d0b1,271,native_gfl,False,42,7.511719226837158,12.588399648666382,0.1943398267030716,0.33549872040748596,0.39296579360961914,18.554155826568604,0.21941161155700684,0.7892731428146362,9a530af8fbab74a13542bbee1f6ebf43b32157f549370510926ca8320ab9c207,caef579abdf4afa141c2149d5886a9426cb5de54baa9b049a612e6d875bf9198,67ef289e9f12c8554e314b70e723e2195d4069521e7a28cfb75438a0690180b5,0340047558809127cfbef95fc332f3ae1ce4145167192ddcfc30e1e5778e94dd,74e4d75496475392f64f7fe2b691a0812f5271d617cb05597db866fdd59a67f8,ce169884342df860d7f9f53f1525b194974d3a678220f664bf5dcfeb9ff8433a
ebb48e762dd64bf7949e1c931f33d0b1,271,no_adapter,False,42,7.259776830673218,7.693061828613281,0.24564379453659058,0.3861197233200073,0.36008352041244507,10.328640937805176,0.6001883149147034,0.7001509070396423,9a530af8fbab74a13542bbee1f6ebf43b32157f549370510926ca8320ab9c207,caef579abdf4afa141c2149d5886a9426cb5de54baa9b049a612e6d875bf9198,67ef289e9f12c8554e314b70e723e2195d4069521e7a28cfb75438a0690180b5,0340047558809127cfbef95fc332f3ae1ce4145167192ddcfc30e1e5778e94dd,74e4d75496475392f64f7fe2b691a0812f5271d617cb05597db866fdd59a67f8,ce169884342df860d7f9f53f1525b194974d3a678220f664bf5dcfeb9ff8433a
ebc5938fe6a04b5bbd5312fa2abb9ba5,272,native_gc3,False,42,7.495995283126831,15.371663570404053,0.4852292537689209,0.5953755974769592,0.5843146443367004,18.422443866729736,0.5099682211875916,0.7523586750030518,eeecaa0550fd4968104bf0de33dc552c86199d7627622d6d7e67c0b2f1d232a4,65b20f44731a3996247bd957748e2414aafa72728145603fc462e209d0917327,96da6080ffeac9f84198407f706d8258aad746a44770393340a5ea4cc51dbb11,0340047558809127cfbef95fc332f3ae1ce4145167192ddcfc30e1e5778e94dd,cf625d81c73883f98a4712a5830d9d5df341d568e6f0b13b0c6e5158540485e1,7193ac29ceedb1528c71d77a801fcca671486783f90d7df824ab92a603449c36
ebc5938fe6a04b5bbd5312fa2abb9ba5,272,native_gfh,False,42,7.464635848999023,16.766173839569092,0.399766206741333,0.7371492981910706,0.6254136562347412,19.541839361190796,0.44217294454574585,0.8157986998558044,eeecaa0550fd4968104bf0de33dc552c86199d7627622d6d7e67c0b2f1d232a4,65b20f44731a3996247bd957748e2414aafa72728145603fc462e209d0917327,96da6080ffeac9f84198407f706d8258aad746a44770393340a5ea4cc51dbb11,0340047558809127cfbef95fc332f3ae1ce4145167192ddcfc30e1e5778e94dd,cf625d81c73883f98a4712a5830d9d5df341d568e6f0b13b0c6e5158540485e1,7193ac29ceedb1528c71d77a801fcca671486783f90d7df824ab92a603449c36
ebc5938fe6a04b5bbd5312fa2abb9ba5,272,native_gfl,False,42,7.414829730987549,13.449900150299072,0.5059435963630676,0.40932899713516235,0.5557515621185303,16.50414228439331,0.5207961201667786,0.6937273144721985,eeecaa0550fd4968104bf0de33dc552c86199d7627622d6d7e67c0b2f1d232a4,65b20f44731a3996247bd957748e2414aafa72728145603fc462e209d0917327,96da6080ffeac9f84198407f706d8258aad746a44770393340a5ea4cc51dbb11,0340047558809127cfbef95fc332f3ae1ce4145167192ddcfc30e1e5778e94dd,cf625d81c73883f98a4712a5830d9d5df341d568e6f0b13b0c6e5158540485e1,7193ac29ceedb1528c71d77a801fcca671486783f90d7df824ab92a603449c36
ebc5938fe6a04b5bbd5312fa2abb9ba5,272,no_adapter,False,42,7.172408819198608,10.95566987991333,0.45920461416244507,0.7191945314407349,0.5848888158798218,10.948381423950195,0.6784725189208984,0.7509586811065674,eeecaa0550fd4968104bf0de33dc552c86199d7627622d6d7e67c0b2f1d232a4,65b20f44731a3996247bd957748e2414aafa72728145603fc462e209d0917327,96da6080ffeac9f84198407f706d8258aad746a44770393340a5ea4cc51dbb11,0340047558809127cfbef95fc332f3ae1ce4145167192ddcfc30e1e5778e94dd,cf625d81c73883f98a4712a5830d9d5df341d568e6f0b13b0c6e5158540485e1,7193ac29ceedb1528c71d77a801fcca671486783f90d7df824ab92a603449c36
ec103a4166c64bd0b5e5f3a47242042d,273,native_gc3,False,42,7.377463102340698,8.036141991615295,0.30806395411491394,0.2219003587961197,0.421226441860199,13.71278166770935,0.2868747115135193,0.7703339457511902,72c458c3a099e342666976cb0a9ea50b09236c4b2f4496d2dba3420a831ecae3,8ef788692195b43ded12bb33762e74698290e1e856b2ccef63370cbcab509a62,b0f29e2a57d3947983eaa6e8c57f6f560574267c2fe4aa0ea74da670fdd49f8a,0340047558809127cfbef95fc332f3ae1ce4145167192ddcfc30e1e5778e94dd,59384ffa8a2def66b0716b922958eb24794dc5ca6af16a40d03fdb1af6d3e170,0cd404d2ef9f89536a7ed0851d6b29794435b98923704bd0964cccce80de5f64
ec103a4166c64bd0b5e5f3a47242042d,273,native_gfh,False,42,7.4550676345825195,7.196973562240601,0.296599805355072,0.2442314624786377,0.42937368154525757,12.744097709655762,0.29362159967422485,0.7717012763023376,72c458c3a099e342666976cb0a9ea50b09236c4b2f4496d2dba3420a831ecae3,8ef788692195b43ded12bb33762e74698290e1e856b2ccef63370cbcab509a62,b0f29e2a57d3947983eaa6e8c57f6f560574267c2fe4aa0ea74da670fdd49f8a,0340047558809127cfbef95fc332f3ae1ce4145167192ddcfc30e1e5778e94dd,59384ffa8a2def66b0716b922958eb24794dc5ca6af16a40d03fdb1af6d3e170,0cd404d2ef9f89536a7ed0851d6b29794435b98923704bd0964cccce80de5f64
ec103a4166c64bd0b5e5f3a47242042d,273,native_gfl,False,42,7.3963868618011475,9.636326432228088,0.30880171060562134,0.18885590136051178,0.42889878153800964,15.320740938186646,0.2844972312450409,0.7699735760688782,72c458c3a099e342666976cb0a9ea50b09236c4b2f4496d2dba3420a831ecae3,8ef788692195b43ded12bb33762e74698290e1e856b2ccef63370cbcab509a62,b0f29e2a57d3947983eaa6e8c57f6f560574267c2fe4aa0ea74da670fdd49f8a,0340047558809127cfbef95fc332f3ae1ce4145167192ddcfc30e1e5778e94dd,59384ffa8a2def66b0716b922958eb24794dc5ca6af16a40d03fdb1af6d3e170,0cd404d2ef9f89536a7ed0851d6b29794435b98923704bd0964cccce80de5f64
ec103a4166c64bd0b5e5f3a47242042d,273,no_adapter,False,42,7.210343360900879,2.518317699432373,0.33904510736465454,0.20200547575950623,0.34936484694480896,7.28648841381073,0.6520712971687317,0.6670632362365723,72c458c3a099e342666976cb0a9ea50b09236c4b2f4496d2dba3420a831ecae3,8ef788692195b43ded12bb33762e74698290e1e856b2ccef63370cbcab509a62,b0f29e2a57d3947983eaa6e8c57f6f560574267c2fe4aa0ea74da670fdd49f8a,0340047558809127cfbef95fc332f3ae1ce4145167192ddcfc30e1e5778e94dd,59384ffa8a2def66b0716b922958eb24794dc5ca6af16a40d03fdb1af6d3e170,0cd404d2ef9f89536a7ed0851d6b29794435b98923704bd0964cccce80de5f64
ec54bac182c044fa99699ea4022e5f2f,274,native_gc3,False,42,7.42057991027832,12.020630836486816,0.23049727082252502,0.35573020577430725,0.5069754719734192,18.51383090019226,0.2296479344367981,0.8353256583213806,cc9dc5f0c0de4832b23a674be3c208988cfbabc3866196c42026c096d298f69d,59feda9e766abdd3930377e87da508bdedd314e3140b61d471af5daa83d28d85,313423b368d2a5ce6f9cb04801fd091f8f96a9e09af445f44a7e3d7b65a9851c,0340047558809127cfbef95fc332f3ae1ce4145167192ddcfc30e1e5778e94dd,885acf35beaa3ba71456e84363da864ed8c6ff5c0d279c331095207505db2326,1e06afaff307f4a25125e44e1526d1c8e9dcd47c809978c4b3ff98d161cc330b
ec54bac182c044fa99699ea4022e5f2f,274,native_gfh,False,42,7.446461915969849,11.516430377960205,0.2252245545387268,0.3764568865299225,0.5029246211051941,17.30705499649048,0.23591536283493042,0.8304532170295715,cc9dc5f0c0de4832b23a674be3c208988cfbabc3866196c42026c096d298f69d,59feda9e766abdd3930377e87da508bdedd314e3140b61d471af5daa83d28d85,313423b368d2a5ce6f9cb04801fd091f8f96a9e09af445f44a7e3d7b65a9851c,0340047558809127cfbef95fc332f3ae1ce4145167192ddcfc30e1e5778e94dd,885acf35beaa3ba71456e84363da864ed8c6ff5c0d279c331095207505db2326,1e06afaff307f4a25125e44e1526d1c8e9dcd47c809978c4b3ff98d161cc330b
ec54bac182c044fa99699ea4022e5f2f,274,native_gfl,False,42,7.34445858001709,12.379443645477295,0.23418602347373962,0.34958404302597046,0.5121186971664429,18.98449420928955,0.22849944233894348,0.8283534049987793,cc9dc5f0c0de4832b23a674be3c208988cfbabc3866196c42026c096d298f69d,59feda9e766abdd3930377e87da508bdedd314e3140b61d471af5daa83d28d85,313423b368d2a5ce6f9cb04801fd091f8f96a9e09af445f44a7e3d7b65a9851c,0340047558809127cfbef95fc332f3ae1ce4145167192ddcfc30e1e5778e94dd,885acf35beaa3ba71456e84363da864ed8c6ff5c0d279c331095207505db2326,1e06afaff307f4a25125e44e1526d1c8e9dcd47c809978c4b3ff98d161cc330b
ec54bac182c044fa99699ea4022e5f2f,274,no_adapter,False,42,7.058898210525513,4.868099689483643,0.3031075894832611,0.29540252685546875,0.41070470213890076,8.962063193321228,0.6877900958061218,0.6868469715118408,cc9dc5f0c0de4832b23a674be3c208988cfbabc3866196c42026c096d298f69d,59feda9e766abdd3930377e87da508bdedd314e3140b61d471af5daa83d28d85,313423b368d2a5ce6f9cb04801fd091f8f96a9e09af445f44a7e3d7b65a9851c,0340047558809127cfbef95fc332f3ae1ce4145167192ddcfc30e1e5778e94dd,885acf35beaa3ba71456e84363da864ed8c6ff5c0d279c331095207505db2326,1e06afaff307f4a25125e44e1526d1c8e9dcd47c809978c4b3ff98d161cc330b
ecab675c0bbd43918236182126061993,275,native_gc3,False,42,7.388382434844971,14.254813194274902,0.3651091456413269,0.4705619215965271,0.49668100476264954,18.662445545196533,0.35250917077064514,0.7975559830665588,ca12482ab50c3862984506df71ffa9c8d30daec6645317143ebb27106aeb362a,ed33159cf0aac0a8876ae8b0b9f30db2c93f1d8e4d8ab1544de33b18a6282641,cd2a8432298c59e5fc89c89a1660313a60433e8a2004bb6a1a3ad4ce61386810,0340047558809127cfbef95fc332f3ae1ce4145167192ddcfc30e1e5778e94dd,46abff0dca6d0bb3a45abade8029401a378105f53757717d162933c9a2fb94bb,9e432db1465bba6bd4ec1a051a41618df8267215ec9e5b903ed4c83c3005d4b7
ecab675c0bbd43918236182126061993,275,native_gfh,False,42,7.448982000350952,14.265222549438477,0.3300652801990509,0.5991935729980469,0.5062880516052246,18.139926195144653,0.3482014238834381,0.829181432723999,ca12482ab50c3862984506df71ffa9c8d30daec6645317143ebb27106aeb362a,ed33159cf0aac0a8876ae8b0b9f30db2c93f1d8e4d8ab1544de33b18a6282641,cd2a8432298c59e5fc89c89a1660313a60433e8a2004bb6a1a3ad4ce61386810,0340047558809127cfbef95fc332f3ae1ce4145167192ddcfc30e1e5778e94dd,46abff0dca6d0bb3a45abade8029401a378105f53757717d162933c9a2fb94bb,9e432db1465bba6bd4ec1a051a41618df8267215ec9e5b903ed4c83c3005d4b7
ecab675c0bbd43918236182126061993,275,native_gfl,False,42,7.418262004852295,14.190154075622559,0.3675355613231659,0.4149240255355835,0.503086507320404,18.64281415939331,0.3433661162853241,0.7822558879852295,ca12482ab50c3862984506df71ffa9c8d30daec6645317143ebb27106aeb362a,ed33159cf0aac0a8876ae8b0b9f30db2c93f1d8e4d8ab1544de33b18a6282641,cd2a8432298c59e5fc89c89a1660313a60433e8a2004bb6a1a3ad4ce61386810,0340047558809127cfbef95fc332f3ae1ce4145167192ddcfc30e1e5778e94dd,46abff0dca6d0bb3a45abade8029401a378105f53757717d162933c9a2fb94bb,9e432db1465bba6bd4ec1a051a41618df8267215ec9e5b903ed4c83c3005d4b7
ecab675c0bbd43918236182126061993,275,no_adapter,False,42,7.125951290130615,7.3725539445877075,0.38271450996398926,0.5716930627822876,0.4073006212711334,9.261929392814636,0.6707355976104736,0.7205466628074646,ca12482ab50c3862984506df71ffa9c8d30daec6645317143ebb27106aeb362a,ed33159cf0aac0a8876ae8b0b9f30db2c93f1d8e4d8ab1544de33b18a6282641,cd2a8432298c59e5fc89c89a1660313a60433e8a2004bb6a1a3ad4ce61386810,0340047558809127cfbef95fc332f3ae1ce4145167192ddcfc30e1e5778e94dd,46abff0dca6d0bb3a45abade8029401a378105f53757717d162933c9a2fb94bb,9e432db1465bba6bd4ec1a051a41618df8267215ec9e5b903ed4c83c3005d4b7
ed0771bb000343b780af2d29fdbbd53e,276,native_gc3,False,42,7.294566631317139,10.4043447971344,0.17035506665706635,0.22668999433517456,0.36319494247436523,17.47282385826111,0.18408547341823578,0.8263972401618958,30a36ff5abcdc25e1d425a830a14c8eae34ac9cf36e2f4232533431f6f2ed6ab,11681e59767f985bee8e558221b833b05040ef34a922b5cd55cec73e17acf959,fd5a6d6f30024ff6f7196599682275149992ab36d110472a0037b914951eb4ba,0340047558809127cfbef95fc332f3ae1ce4145167192ddcfc30e1e5778e94dd,b5ee40182d6e0457b07bf4dd555de0f2beef8d13e5282543c60462e881de52e1,ab5999c7957177f273c58891fea595a4cb195d92fd41b42784c9d1f3aac52cab
ed0771bb000343b780af2d29fdbbd53e,276,native_gfh,False,42,7.320140838623047,11.687219142913818,0.16549205780029297,0.25822916626930237,0.3831939399242401,17.38364577293396,0.17723342776298523,0.8221746683120728,30a36ff5abcdc25e1d425a830a14c8eae34ac9cf36e2f4232533431f6f2ed6ab,11681e59767f985bee8e558221b833b05040ef34a922b5cd55cec73e17acf959,fd5a6d6f30024ff6f7196599682275149992ab36d110472a0037b914951eb4ba,0340047558809127cfbef95fc332f3ae1ce4145167192ddcfc30e1e5778e94dd,b5ee40182d6e0457b07bf4dd555de0f2beef8d13e5282543c60462e881de52e1,ab5999c7957177f273c58891fea595a4cb195d92fd41b42784c9d1f3aac52cab
ed0771bb000343b780af2d29fdbbd53e,276,native_gfl,False,42,7.459404468536377,10.16291856765747,0.1746969074010849,0.2179293930530548,0.3591943383216858,17.302855253219604,0.18624910712242126,0.8188951015472412,30a36ff5abcdc25e1d425a830a14c8eae34ac9cf36e2f4232533431f6f2ed6ab,11681e59767f985bee8e558221b833b05040ef34a922b5cd55cec73e17acf959,fd5a6d6f30024ff6f7196599682275149992ab36d110472a0037b914951eb4ba,0340047558809127cfbef95fc332f3ae1ce4145167192ddcfc30e1e5778e94dd,b5ee40182d6e0457b07bf4dd555de0f2beef8d13e5282543c60462e881de52e1,ab5999c7957177f273c58891fea595a4cb195d92fd41b42784c9d1f3aac52cab
ed0771bb000343b780af2d29fdbbd53e,276,no_adapter,False,42,6.995206117630005,5.414303541183472,0.20545224845409393,0.22134776413440704,0.2927548885345459,9.95271384716034,0.661035418510437,0.6749964356422424,30a36ff5abcdc25e1d425a830a14c8eae34ac9cf36e2f4232533431f6f2ed6ab,11681e59767f985bee8e558221b833b05040ef34a922b5cd55cec73e17acf959,fd5a6d6f30024ff6f7196599682275149992ab36d110472a0037b914951eb4ba,0340047558809127cfbef95fc332f3ae1ce4145167192ddcfc30e1e5778e94dd,b5ee40182d6e0457b07bf4dd555de0f2beef8d13e5282543c60462e881de52e1,ab5999c7957177f273c58891fea595a4cb195d92fd41b42784c9d1f3aac52cab
ed19256bd86e4ab595e654b3bcbbb995,277,native_gc3,False,42,7.331521511077881,11.113677024841309,0.15713301301002502,0.23171864449977875,0.35694897174835205,17.6622474193573,0.18295329809188843,0.8043084740638733,e5b85d32ee64f54198f75ddae267a6d6f2b79cf14ab527d5bba7d8a5c353b46a,7801f4bcb0b517b0558d77165faf39dbc1edc485c3b7ff39f86cb03f3d51d990,cd5099723bdc57b1f0145016c7212a321128971f94205622e92a7a1173ec9d55,0340047558809127cfbef95fc332f3ae1ce4145167192ddcfc30e1e5778e94dd,a1d9dba5e876d5bab5238faaefe60a6c2c5bc06a9912e59556f7a8e09ce3ddba,78297bc6815872a948b576e2271faa8c5097c5cb433612d8f1a64d0d5ab02f17
ed19256bd86e4ab595e654b3bcbbb995,277,native_gfh,False,42,7.41517448425293,11.272767782211304,0.17317038774490356,0.2514614462852478,0.357795387506485,17.003177404403687,0.19016513228416443,0.8008316159248352,e5b85d32ee64f54198f75ddae267a6d6f2b79cf14ab527d5bba7d8a5c353b46a,7801f4bcb0b517b0558d77165faf39dbc1edc485c3b7ff39f86cb03f3d51d990,cd5099723bdc57b1f0145016c7212a321128971f94205622e92a7a1173ec9d55,0340047558809127cfbef95fc332f3ae1ce4145167192ddcfc30e1e5778e94dd,a1d9dba5e876d5bab5238faaefe60a6c2c5bc06a9912e59556f7a8e09ce3ddba,78297bc6815872a948b576e2271faa8c5097c5cb433612d8f1a64d0d5ab02f17
ed19256bd86e4ab595e654b3bcbbb995,277,native_gfl,False,42,7.393158197402954,11.02089524269104,0.15296369791030884,0.21670447289943695,0.35633137822151184,17.750481367111206,0.1902105063199997,0.7993209958076477,e5b85d32ee64f54198f75ddae267a6d6f2b79cf14ab527d5bba7d8a5c353b46a,7801f4bcb0b517b0558d77165faf39dbc1edc485c3b7ff39f86cb03f3d51d990,cd5099723bdc57b1f0145016c7212a321128971f94205622e92a7a1173ec9d55,0340047558809127cfbef95fc332f3ae1ce4145167192ddcfc30e1e5778e94dd,a1d9dba5e876d5bab5238faaefe60a6c2c5bc06a9912e59556f7a8e09ce3ddba,78297bc6815872a948b576e2271faa8c5097c5cb433612d8f1a64d0d5ab02f17
ed19256bd86e4ab595e654b3bcbbb995,277,no_adapter,False,42,7.2592573165893555,5.247639417648315,0.21897760033607483,0.2303672432899475,0.294341504573822,8.148242831230164,0.6593899726867676,0.6377164721488953,e5b85d32ee64f54198f75ddae267a6d6f2b79cf14ab527d5bba7d8a5c353b46a,7801f4bcb0b517b0558d77165faf39dbc1edc485c3b7ff39f86cb03f3d51d990,cd5099723bdc57b1f0145016c7212a321128971f94205622e92a7a1173ec9d55,0340047558809127cfbef95fc332f3ae1ce4145167192ddcfc30e1e5778e94dd,a1d9dba5e876d5bab5238faaefe60a6c2c5bc06a9912e59556f7a8e09ce3ddba,78297bc6815872a948b576e2271faa8c5097c5cb433612d8f1a64d0d5ab02f17
edbfe6be0fd4463f9e05f3705701f31e,278,native_gc3,False,42,7.246249198913574,13.896431922912598,0.25303971767425537,0.4478950500488281,0.41461247205734253,19.76155400276184,0.24175874888896942,0.8353009819984436,f67f88389a704daa6bf34b4c84d123518a2d4fc0aae2692f7d9db1f5b53fc662,c6d333e672fae1f28774e4d43e56a10481af9b9f20c72c1476d2d0ceac6ca2d1,949b0dbafd252b5709a911afd5204ae674e2b678f8ce3aaefe46c07ea25e6c1b,0340047558809127cfbef95fc332f3ae1ce4145167192ddcfc30e1e5778e94dd,5b4fadc31e5d277a2c8556b0465e7aa4784eb3d5a83120620433c0f70b7c41fa,8b65dcbedc7ae23a33df8092019b12d293b5b0e68c4788f9344a804cd4268deb
edbfe6be0fd4463f9e05f3705701f31e,278,native_gfh,False,42,7.379797458648682,15.776015520095825,0.23866048455238342,0.5229511260986328,0.4451572000980377,19.546960592269897,0.25143277645111084,0.8398747444152832,f67f88389a704daa6bf34b4c84d123518a2d4fc0aae2692f7d9db1f5b53fc662,c6d333e672fae1f28774e4d43e56a10481af9b9f20c72c1476d2d0ceac6ca2d1,949b0dbafd252b5709a911afd5204ae674e2b678f8ce3aaefe46c07ea25e6c1b,0340047558809127cfbef95fc332f3ae1ce4145167192ddcfc30e1e5778e94dd,5b4fadc31e5d277a2c8556b0465e7aa4784eb3d5a83120620433c0f70b7c41fa,8b65dcbedc7ae23a33df8092019b12d293b5b0e68c4788f9344a804cd4268deb
edbfe6be0fd4463f9e05f3705701f31e,278,native_gfl,False,42,7.324953317642212,12.939004898071289,0.26519012451171875,0.4181710183620453,0.4044393002986908,19.07726526260376,0.24633432924747467,0.8249292373657227,f67f88389a704daa6bf34b4c84d123518a2d4fc0aae2692f7d9db1f5b53fc662,c6d333e672fae1f28774e4d43e56a10481af9b9f20c72c1476d2d0ceac6ca2d1,949b0dbafd252b5709a911afd5204ae674e2b678f8ce3aaefe46c07ea25e6c1b,0340047558809127cfbef95fc332f3ae1ce4145167192ddcfc30e1e5778e94dd,5b4fadc31e5d277a2c8556b0465e7aa4784eb3d5a83120620433c0f70b7c41fa,8b65dcbedc7ae23a33df8092019b12d293b5b0e68c4788f9344a804cd4268deb
edbfe6be0fd4463f9e05f3705701f31e,278,no_adapter,False,42,7.090537071228027,8.014358282089233,0.2378636598587036,0.5312686562538147,0.38954222202301025,10.656943321228027,0.5751105546951294,0.7769103646278381,f67f88389a704daa6bf34b4c84d123518a2d4fc0aae2692f7d9db1f5b53fc662,c6d333e672fae1f28774e4d43e56a10481af9b9f20c72c1476d2d0ceac6ca2d1,949b0dbafd252b5709a911afd5204ae674e2b678f8ce3aaefe46c07ea25e6c1b,0340047558809127cfbef95fc332f3ae1ce4145167192ddcfc30e1e5778e94dd,5b4fadc31e5d277a2c8556b0465e7aa4784eb3d5a83120620433c0f70b7c41fa,8b65dcbedc7ae23a33df8092019b12d293b5b0e68c4788f9344a804cd4268deb
ee90e3b4c7f3468e8bc73bdb96cb995c,279,native_gc3,False,42,7.297147512435913,13.925482034683228,0.23460927605628967,0.554430365562439,0.5666307806968689,20.679984092712402,0.24320057034492493,0.8855974674224854,28591bf38ca717cf40e873c6099e4c03e22f944cf9f238808c52ce2db003e7ec,1d2ed802125564f9b5b1013205496b324d7a96a46a3f90897f770f2c08134997,334e5f678cfcab5da130d8a64cf007dac4c16332a095fe826228e0fa964115fd,0340047558809127cfbef95fc332f3ae1ce4145167192ddcfc30e1e5778e94dd,36bdbfd7ea7d30b9ab6c2cf80a8a919294bfe09aa5660912dcb304a65665c252,7a676509236f56f7ce8d340f088544acd668d8c88ff20030fab3a779ec3616a7
ee90e3b4c7f3468e8bc73bdb96cb995c,279,native_gfh,False,42,7.225678205490112,14.673548936843872,0.21882982552051544,0.6469972729682922,0.5679042339324951,19.70493793487549,0.23971928656101227,0.8868961334228516,28591bf38ca717cf40e873c6099e4c03e22f944cf9f238808c52ce2db003e7ec,1d2ed802125564f9b5b1013205496b324d7a96a46a3f90897f770f2c08134997,334e5f678cfcab5da130d8a64cf007dac4c16332a095fe826228e0fa964115fd,0340047558809127cfbef95fc332f3ae1ce4145167192ddcfc30e1e5778e94dd,36bdbfd7ea7d30b9ab6c2cf80a8a919294bfe09aa5660912dcb304a65665c252,7a676509236f56f7ce8d340f088544acd668d8c88ff20030fab3a779ec3616a7
ee90e3b4c7f3468e8bc73bdb96cb995c,279,native_gfl,False,42,7.233244180679321,13.541454076766968,0.2433612048625946,0.5289871096611023,0.5761646032333374,20.62847137451172,0.2425866276025772,0.879199206829071,28591bf38ca717cf40e873c6099e4c03e22f944cf9f238808c52ce2db003e7ec,1d2ed802125564f9b5b1013205496b324d7a96a46a3f90897f770f2c08134997,334e5f678cfcab5da130d8a64cf007dac4c16332a095fe826228e0fa964115fd,0340047558809127cfbef95fc332f3ae1ce4145167192ddcfc30e1e5778e94dd,36bdbfd7ea7d30b9ab6c2cf80a8a919294bfe09aa5660912dcb304a65665c252,7a676509236f56f7ce8d340f088544acd668d8c88ff20030fab3a779ec3616a7
ee90e3b4c7f3468e8bc73bdb96cb995c,279,no_adapter,False,42,7.073637247085571,6.367700099945068,0.2729310393333435,0.5773831009864807,0.473043829202652,9.975830316543579,0.6962190270423889,0.7379229664802551,28591bf38ca717cf40e873c6099e4c03e22f944cf9f238808c52ce2db003e7ec,1d2ed802125564f9b5b1013205496b324d7a96a46a3f90897f770f2c08134997,334e5f678cfcab5da130d8a64cf007dac4c16332a095fe826228e0fa964115fd,0340047558809127cfbef95fc332f3ae1ce4145167192ddcfc30e1e5778e94dd,36bdbfd7ea7d30b9ab6c2cf80a8a919294bfe09aa5660912dcb304a65665c252,7a676509236f56f7ce8d340f088544acd668d8c88ff20030fab3a779ec3616a7
eee53618c4b6479c96a9e859971498d2,280,native_gc3,False,42,7.242620229721069,10.891793966293335,0.31259027123451233,0.2736416757106781,0.3864998519420624,15.73526382446289,0.29786086082458496,0.7600079774856567,147060b08c914026545578986094dbd90d670f2e79727a987e030d92a501ad6d,cbb41a011dc85b1a58e26801b175ee33d02d3e0252d09d916a2a58ea65b3cad1,d2f008365fb75bd803834e75fba5417536e037dfc81e87a689617713405d9748,0340047558809127cfbef95fc332f3ae1ce4145167192ddcfc30e1e5778e94dd,3faa982c7641fcc11746f8b11646f780624c03ca8ea1a225662f37e8aec49312,ec8982a4268e9ff465b041ee315f7076b78fe5943a1a1a7dc3ae1ac39b169298
eee53618c4b6479c96a9e859971498d2,280,native_gfh,False,42,7.355175018310547,10.018470287322998,0.3079298138618469,0.3067956864833832,0.3876565098762512,14.616259336471558,0.31535279750823975,0.7654207348823547,147060b08c914026545578986094dbd90d670f2e79727a987e030d92a501ad6d,cbb41a011dc85b1a58e26801b175ee33d02d3e0252d09d916a2a58ea65b3cad1,d2f008365fb75bd803834e75fba5417536e037dfc81e87a689617713405d9748,0340047558809127cfbef95fc332f3ae1ce4145167192ddcfc30e1e5778e94dd,3faa982c7641fcc11746f8b11646f780624c03ca8ea1a225662f37e8aec49312,ec8982a4268e9ff465b041ee315f7076b78fe5943a1a1a7dc3ae1ac39b169298
eee53618c4b6479c96a9e859971498d2,280,native_gfl,False,42,7.3391664028167725,11.72400951385498,0.31134557723999023,0.26325780153274536,0.3962005078792572,16.56113624572754,0.2888621687889099,0.7670311331748962,147060b08c914026545578986094dbd90d670f2e79727a987e030d92a501ad6d,cbb41a011dc85b1a58e26801b175ee33d02d3e0252d09d916a2a58ea65b3cad1,d2f008365fb75bd803834e75fba5417536e037dfc81e87a689617713405d9748,0340047558809127cfbef95fc332f3ae1ce4145167192ddcfc30e1e5778e94dd,3faa982c7641fcc11746f8b11646f780624c03ca8ea1a225662f37e8aec49312,ec8982a4268e9ff465b041ee315f7076b78fe5943a1a1a7dc3ae1ac39b169298
eee53618c4b6479c96a9e859971498d2,280,no_adapter,False,42,7.107700824737549,5.042974948883057,0.3872841000556946,0.21186645328998566,0.30919504165649414,7.497023344039917,0.70526123046875,0.5767608284950256,147060b08c914026545578986094dbd90d670f2e79727a987e030d92a501ad6d,cbb41a011dc85b1a58e26801b175ee33d02d3e0252d09d916a2a58ea65b3cad1,d2f008365fb75bd803834e75fba5417536e037dfc81e87a689617713405d9748,0340047558809127cfbef95fc332f3ae1ce4145167192ddcfc30e1e5778e94dd,3faa982c7641fcc11746f8b11646f780624c03ca8ea1a225662f37e8aec49312,ec8982a4268e9ff465b041ee315f7076b78fe5943a1a1a7dc3ae1ac39b169298
ef3fc6258e9d4e1193a708e39ef6e32f,281,native_gc3,False,42,7.3213183879852295,15.979936122894287,0.09608081728219986,0.4254438579082489,0.568173885345459,21.553637981414795,0.10362035036087036,0.8729880452156067,9282d0b793ce0f8985920c881b1993869e4bc299e7df9eb011643d1fd6adc257,c0d0e6a5e7b3f30bc9e7a066d6ece768c4a8e652049f4c1e10d8efee74f45b1e,3efa214cf024cb16566e1a66571796faec7f1dd62dcc9e3eb22f3ace1110a864,0340047558809127cfbef95fc332f3ae1ce4145167192ddcfc30e1e5778e94dd,e40f3090bdc74de552c4bacb416389f71ad0ae02c2c96688e3b15141591e4413,d5d6c9f10f7cfbdfd7d8e9f203a5bc1dfa2bee2102cb19f697426841cc8e8d39
ef3fc6258e9d4e1193a708e39ef6e32f,281,native_gfh,False,42,7.38862156867981,15.590760707855225,0.09175030142068863,0.46921980381011963,0.5816822648048401,19.583451747894287,0.1084822490811348,0.8644252419471741,9282d0b793ce0f8985920c881b1993869e4bc299e7df9eb011643d1fd6adc257,c0d0e6a5e7b3f30bc9e7a066d6ece768c4a8e652049f4c1e10d8efee74f45b1e,3efa214cf024cb16566e1a66571796faec7f1dd62dcc9e3eb22f3ace1110a864,0340047558809127cfbef95fc332f3ae1ce4145167192ddcfc30e1e5778e94dd,e40f3090bdc74de552c4bacb416389f71ad0ae02c2c96688e3b15141591e4413,d5d6c9f10f7cfbdfd7d8e9f203a5bc1dfa2bee2102cb19f697426841cc8e8d39
ef3fc6258e9d4e1193a708e39ef6e32f,281,native_gfl,False,42,7.596651315689087,14.687669277191162,0.10080749541521072,0.3829982578754425,0.5677669644355774,21.275146007537842,0.10339130461215973,0.8648599982261658,9282d0b793ce0f8985920c881b1993869e4bc299e7df9eb011643d1fd6adc257,c0d0e6a5e7b3f30bc9e7a066d6ece768c4a8e652049f4c1e10d8efee74f45b1e,3efa214cf024cb16566e1a66571796faec7f1dd62dcc9e3eb22f3ace1110a864,0340047558809127cfbef95fc332f3ae1ce4145167192ddcfc30e1e5778e94dd,e40f3090bdc74de552c4bacb416389f71ad0ae02c2c96688e3b15141591e4413,d5d6c9f10f7cfbdfd7d8e9f203a5bc1dfa2bee2102cb19f697426841cc8e8d39
ef3fc6258e9d4e1193a708e39ef6e32f,281,no_adapter,False,42,7.185419082641602,5.663047432899475,0.1864863932132721,0.36699482798576355,0.4623235762119293,9.311782717704773,0.5960212349891663,0.7202494740486145,9282d0b793ce0f8985920c881b1993869e4bc299e7df9eb011643d1fd6adc257,c0d0e6a5e7b3f30bc9e7a066d6ece768c4a8e652049f4c1e10d8efee74f45b1e,3efa214cf024cb16566e1a66571796faec7f1dd62dcc9e3eb22f3ace1110a864,0340047558809127cfbef95fc332f3ae1ce4145167192ddcfc30e1e5778e94dd,e40f3090bdc74de552c4bacb416389f71ad0ae02c2c96688e3b15141591e4413,d5d6c9f10f7cfbdfd7d8e9f203a5bc1dfa2bee2102cb19f697426841cc8e8d39
efafe0bc16c547dbb81f0d9c77447e0e,282,native_gc3,False,42,7.462597608566284,12.99386739730835,0.30984222888946533,0.27521711587905884,0.374182790517807,17.54137873649597,0.3438597023487091,0.7477564215660095,9461e20ffdcf016b0f2a16a7016929dc7859c471bd69653c10219f5282719b32,063250ce0873ecedd3cae386ac8e0c0c5aaf7f7efd0f70d3f53060ae247fd364,744123ccb6e4859643476d46452d8b889aca11e3813d04d80ad5b2d7d3d64e55,0340047558809127cfbef95fc332f3ae1ce4145167192ddcfc30e1e5778e94dd,27255f51b588178cba5090b350075b26383fdbda7c87ca0fbc1e1f811d06a67a,035475c033e0332c66c885d351753cf83d5351fe8d05f9c1cb82a243de982783
efafe0bc16c547dbb81f0d9c77447e0e,282,native_gfh,False,42,7.475366115570068,14.99742865562439,0.2804105579853058,0.32750779390335083,0.4028671383857727,18.112632036209106,0.34328702092170715,0.7520046234130859,9461e20ffdcf016b0f2a16a7016929dc7859c471bd69653c10219f5282719b32,063250ce0873ecedd3cae386ac8e0c0c5aaf7f7efd0f70d3f53060ae247fd364,744123ccb6e4859643476d46452d8b889aca11e3813d04d80ad5b2d7d3d64e55,0340047558809127cfbef95fc332f3ae1ce4145167192ddcfc30e1e5778e94dd,27255f51b588178cba5090b350075b26383fdbda7c87ca0fbc1e1f811d06a67a,035475c033e0332c66c885d351753cf83d5351fe8d05f9c1cb82a243de982783
efafe0bc16c547dbb81f0d9c77447e0e,282,native_gfl,False,42,7.502954483032227,11.779193878173828,0.3261346220970154,0.2379695326089859,0.3580298125743866,16.548726558685303,0.34883707761764526,0.7376841306686401,9461e20ffdcf016b0f2a16a7016929dc7859c471bd69653c10219f5282719b32,063250ce0873ecedd3cae386ac8e0c0c5aaf7f7efd0f70d3f53060ae247fd364,744123ccb6e4859643476d46452d8b889aca11e3813d04d80ad5b2d7d3d64e55,0340047558809127cfbef95fc332f3ae1ce4145167192ddcfc30e1e5778e94dd,27255f51b588178cba5090b350075b26383fdbda7c87ca0fbc1e1f811d06a67a,035475c033e0332c66c885d351753cf83d5351fe8d05f9c1cb82a243de982783
efafe0bc16c547dbb81f0d9c77447e0e,282,no_adapter,False,42,7.273767948150635,8.582016825675964,0.3168254494667053,0.3498958349227905,0.41593629121780396,9.707056283950806,0.6938098669052124,0.6375338435173035,9461e20ffdcf016b0f2a16a7016929dc7859c471bd69653c10219f5282719b32,063250ce0873ecedd3cae386ac8e0c0c5aaf7f7efd0f70d3f53060ae247fd364,744123ccb6e4859643476d46452d8b889aca11e3813d04d80ad5b2d7d3d64e55,0340047558809127cfbef95fc332f3ae1ce4145167192ddcfc30e1e5778e94dd,27255f51b588178cba5090b350075b26383fdbda7c87ca0fbc1e1f811d06a67a,035475c033e0332c66c885d351753cf83d5351fe8d05f9c1cb82a243de982783
f021bbb7c5f14cee9f102109c78cb563,283,native_gc3,False,42,7.428284168243408,11.790236234664917,0.11197221279144287,0.2946738004684448,0.5078610181808472,19.449368715286255,0.11609838157892227,0.8694728016853333,e31f9033d7e1983cb057f32db8a94b719358d59d9f9d91de0f7364ecafab5243,33f1c92dcb3759c27bc168e43aa8e2de4756860ff018124b27cb992cf1ed883b,adea91e5624719380a190c594c0055076cd0841b6f9168d09264a2fc191f13a8,0340047558809127cfbef95fc332f3ae1ce4145167192ddcfc30e1e5778e94dd,2da59698c7dd12d93be0341f04f5626953b3d5650abe7d19a614fc3581545486,f71764be8ec2af922fa195df9c94e055f186f20a0409cec4ffaf444e89952814
f021bbb7c5f14cee9f102109c78cb563,283,native_gfh,False,42,7.466075897216797,11.297922134399414,0.11404874920845032,0.29984578490257263,0.5285137295722961,17.931801080703735,0.12193311750888824,0.8569834232330322,e31f9033d7e1983cb057f32db8a94b719358d59d9f9d91de0f7364ecafab5243,33f1c92dcb3759c27bc168e43aa8e2de4756860ff018124b27cb992cf1ed883b,adea91e5624719380a190c594c0055076cd0841b6f9168d09264a2fc191f13a8,0340047558809127cfbef95fc332f3ae1ce4145167192ddcfc30e1e5778e94dd,2da59698c7dd12d93be0341f04f5626953b3d5650abe7d19a614fc3581545486,f71764be8ec2af922fa195df9c94e055f186f20a0409cec4ffaf444e89952814
f021bbb7c5f14cee9f102109c78cb563,283,native_gfl,False,42,7.650878190994263,11.721086502075195,0.11003399640321732,0.31713786721229553,0.5056152939796448,19.63188409805298,0.11406195908784866,0.8673551082611084,e31f9033d7e1983cb057f32db8a94b719358d59d9f9d91de0f7364ecafab5243,33f1c92dcb3759c27bc168e43aa8e2de4756860ff018124b27cb992cf1ed883b,adea91e5624719380a190c594c0055076cd0841b6f9168d09264a2fc191f13a8,0340047558809127cfbef95fc332f3ae1ce4145167192ddcfc30e1e5778e94dd,2da59698c7dd12d93be0341f04f5626953b3d5650abe7d19a614fc3581545486,f71764be8ec2af922fa195df9c94e055f186f20a0409cec4ffaf444e89952814
f021bbb7c5f14cee9f102109c78cb563,283,no_adapter,False,42,7.278941869735718,4.0021514892578125,0.16390568017959595,0.2096954584121704,0.41911205649375916,9.566208720207214,0.6035699844360352,0.733611524105072,e31f9033d7e1983cb057f32db8a94b719358d59d9f9d91de0f7364ecafab5243,33f1c92dcb3759c27bc168e43aa8e2de4756860ff018124b27cb992cf1ed883b,adea91e5624719380a190c594c0055076cd0841b6f9168d09264a2fc191f13a8,0340047558809127cfbef95fc332f3ae1ce4145167192ddcfc30e1e5778e94dd,2da59698c7dd12d93be0341f04f5626953b3d5650abe7d19a614fc3581545486,f71764be8ec2af922fa195df9c94e055f186f20a0409cec4ffaf444e89952814
f0934bc2c4a74bcab54edafc836f6da2,284,native_gc3,False,42,7.441606283187866,11.02347731590271,0.14947158098220825,0.3097076416015625,0.3978837728500366,18.671342134475708,0.23796363174915314,0.8492071628570557,096067867d81ec3348b41160bcaf09558c03fdac049f635a4341697bfa96c449,d15a5b7aee14233cca2e0d15adb76f3a3d1a14abd3e35b387a17eb0eed0d14b3,8757ce720cedbb5d877a7e7eb6ab5ed11e31c3e88ca5c1d5ede65824e3fc7131,0340047558809127cfbef95fc332f3ae1ce4145167192ddcfc30e1e5778e94dd,9d7e681c610238dc1a3563329633daf5fe3085248faac339b82b0115e48fce7f,bce76b8982cbc139f1593da18c28206831d64e825a90e737bcc1d3669e0f6bd0
f0934bc2c4a74bcab54edafc836f6da2,284,native_gfh,False,42,7.4415123462677,14.782928228378296,0.11501065641641617,0.37236276268959045,0.4262832701206207,18.95742177963257,0.21604284644126892,0.8482156991958618,096067867d81ec3348b41160bcaf09558c03fdac049f635a4341697bfa96c449,d15a5b7aee14233cca2e0d15adb76f3a3d1a14abd3e35b387a17eb0eed0d14b3,8757ce720cedbb5d877a7e7eb6ab5ed11e31c3e88ca5c1d5ede65824e3fc7131,0340047558809127cfbef95fc332f3ae1ce4145167192ddcfc30e1e5778e94dd,9d7e681c610238dc1a3563329633daf5fe3085248faac339b82b0115e48fce7f,bce76b8982cbc139f1593da18c28206831d64e825a90e737bcc1d3669e0f6bd0
f0934bc2c4a74bcab54edafc836f6da2,284,native_gfl,False,42,7.4811530113220215,10.086889266967773,0.1597604602575302,0.2774241268634796,0.3867587745189667,18.207695484161377,0.252455472946167,0.8409576416015625,096067867d81ec3348b41160bcaf09558c03fdac049f635a4341697bfa96c449,d15a5b7aee14233cca2e0d15adb76f3a3d1a14abd3e35b387a17eb0eed0d14b3,8757ce720cedbb5d877a7e7eb6ab5ed11e31c3e88ca5c1d5ede65824e3fc7131,0340047558809127cfbef95fc332f3ae1ce4145167192ddcfc30e1e5778e94dd,9d7e681c610238dc1a3563329633daf5fe3085248faac339b82b0115e48fce7f,bce76b8982cbc139f1593da18c28206831d64e825a90e737bcc1d3669e0f6bd0
f0934bc2c4a74bcab54edafc836f6da2,284,no_adapter,False,42,7.2993690967559814,11.024736166000366,0.13519498705863953,0.4497669041156769,0.4125303626060486,11.527765989303589,0.6328057050704956,0.7365982532501221,096067867d81ec3348b41160bcaf09558c03fdac049f635a4341697bfa96c449,d15a5b7aee14233cca2e0d15adb76f3a3d1a14abd3e35b387a17eb0eed0d14b3,8757ce720cedbb5d877a7e7eb6ab5ed11e31c3e88ca5c1d5ede65824e3fc7131,0340047558809127cfbef95fc332f3ae1ce4145167192ddcfc30e1e5778e94dd,9d7e681c610238dc1a3563329633daf5fe3085248faac339b82b0115e48fce7f,bce76b8982cbc139f1593da18c28206831d64e825a90e737bcc1d3669e0f6bd0
f12463ff16e44092995b72a7fa5a11fd,285,native_gc3,False,42,7.513593673706055,14.598307609558105,0.19798600673675537,0.3345321714878082,0.45863157510757446,20.092451572418213,0.2726875841617584,0.8188677430152893,effaaf2a1055d658e155203bffdf200d37834504cd9b5185030f045d3a78ac52,e9f53e6e33f2887d9a1ae9c2316742be025f5dd741006c05ed3cc59ff8b5df30,caa1419c242cbbd02f8aee468ef2c4dda64cc19fd5ef59664b70c8b042199f5b,0340047558809127cfbef95fc332f3ae1ce4145167192ddcfc30e1e5778e94dd,927c13608bb6e1dc5e243e44dc1674263ff6ca3c5a0721e1a984b9475a4731c0,f42bc97edd3a031c307016fdb2cf93813a1d74c85a2c62d317df92effa5f97e4
f12463ff16e44092995b72a7fa5a11fd,285,native_gfh,False,42,7.595365762710571,16.697866916656494,0.16206975281238556,0.36135587096214294,0.505663275718689,20.07565975189209,0.2658798396587372,0.8187697529792786,effaaf2a1055d658e155203bffdf200d37834504cd9b5185030f045d3a78ac52,e9f53e6e33f2887d9a1ae9c2316742be025f5dd741006c05ed3cc59ff8b5df30,caa1419c242cbbd02f8aee468ef2c4dda64cc19fd5ef59664b70c8b042199f5b,0340047558809127cfbef95fc332f3ae1ce4145167192ddcfc30e1e5778e94dd,927c13608bb6e1dc5e243e44dc1674263ff6ca3c5a0721e1a984b9475a4731c0,f42bc97edd3a031c307016fdb2cf93813a1d74c85a2c62d317df92effa5f97e4
f12463ff16e44092995b72a7fa5a11fd,285,native_gfl,False,42,7.5979695320129395,13.652569055557251,0.21107128262519836,0.3089136481285095,0.4421937167644501,19.524953365325928,0.27732932567596436,0.8140448927879333,effaaf2a1055d658e155203bffdf200d37834504cd9b5185030f045d3a78ac52,e9f53e6e33f2887d9a1ae9c2316742be025f5dd741006c05ed3cc59ff8b5df30,caa1419c242cbbd02f8aee468ef2c4dda64cc19fd5ef59664b70c8b042199f5b,0340047558809127cfbef95fc332f3ae1ce4145167192ddcfc30e1e5778e94dd,927c13608bb6e1dc5e243e44dc1674263ff6ca3c5a0721e1a984b9475a4731c0,f42bc97edd3a031c307016fdb2cf93813a1d74c85a2c62d317df92effa5f97e4
f12463ff16e44092995b72a7fa5a11fd,285,no_adapter,False,42,7.316283226013184,8.690652847290039,0.21308337152004242,0.3598741590976715,0.5343896746635437,10.627789497375488,0.6603580117225647,0.7095339298248291,effaaf2a1055d658e155203bffdf200d37834504cd9b5185030f045d3a78ac52,e9f53e6e33f2887d9a1ae9c2316742be025f5dd741006c05ed3cc59ff8b5df30,caa1419c242cbbd02f8aee468ef2c4dda64cc19fd5ef59664b70c8b042199f5b,0340047558809127cfbef95fc332f3ae1ce4145167192ddcfc30e1e5778e94dd,927c13608bb6e1dc5e243e44dc1674263ff6ca3c5a0721e1a984b9475a4731c0,f42bc97edd3a031c307016fdb2cf93813a1d74c85a2c62d317df92effa5f97e4
f18675d0123f4d939f3035f5f335f5fd,286,native_gc3,False,42,7.58651065826416,9.128977060317993,0.14433234930038452,0.3627740740776062,0.5050132870674133,18.129552602767944,0.18325132131576538,0.8593867421150208,d4c198269a6f2cb00bdbd74e1b366697947bb3dd70d3b161a84dd03bd739a999,690530f286e2ab86d6e0564aafe5011c8d383189813de1064ee9b791ab72eb01,194b952a08b4d762e0c1f3d7d1452edf844bbd89e07cd0ae2f9085d8cec8ccfb,0340047558809127cfbef95fc332f3ae1ce4145167192ddcfc30e1e5778e94dd,cf035b5bf03f254d91641a5336ae093c403579ad7278b975500521c02d73ec6a,982838ee2021a842906b83e6157e9deecbcd7ea6d17c86cfb9c6f267f094cca8
f18675d0123f4d939f3035f5f335f5fd,286,native_gfh,False,42,7.51578164100647,10.98467230796814,0.1275555044412613,0.39660587906837463,0.5270140171051025,18.029699325561523,0.16176268458366394,0.858365535736084,d4c198269a6f2cb00bdbd74e1b366697947bb3dd70d3b161a84dd03bd739a999,690530f286e2ab86d6e0564aafe5011c8d383189813de1064ee9b791ab72eb01,194b952a08b4d762e0c1f3d7d1452edf844bbd89e07cd0ae2f9085d8cec8ccfb,0340047558809127cfbef95fc332f3ae1ce4145167192ddcfc30e1e5778e94dd,cf035b5bf03f254d91641a5336ae093c403579ad7278b975500521c02d73ec6a,982838ee2021a842906b83e6157e9deecbcd7ea6d17c86cfb9c6f267f094cca8
f18675d0123f4d939f3035f5f335f5fd,286,native_gfl,False,42,7.523477792739868,8.141055703163147,0.15213768184185028,0.33404386043548584,0.4967171251773834,17.466856241226196,0.21055150032043457,0.8555400967597961,d4c198269a6f2cb00bdbd74e1b366697947bb3dd70d3b161a84dd03bd739a999,690530f286e2ab86d6e0564aafe5011c8d383189813de1064ee9b791ab72eb01,194b952a08b4d762e0c1f3d7d1452edf844bbd89e07cd0ae2f9085d8cec8ccfb,0340047558809127cfbef95fc332f3ae1ce4145167192ddcfc30e1e5778e94dd,cf035b5bf03f254d91641a5336ae093c403579ad7278b975500521c02d73ec6a,982838ee2021a842906b83e6157e9deecbcd7ea6d17c86cfb9c6f267f094cca8
f18675d0123f4d939f3035f5f335f5fd,286,no_adapter,False,42,7.256810665130615,11.257559061050415,0.11754286289215088,0.541138768196106,0.516990065574646,11.958028078079224,0.5425815582275391,0.7946426868438721,d4c198269a6f2cb00bdbd74e1b366697947bb3dd70d3b161a84dd03bd739a999,690530f286e2ab86d6e0564aafe5011c8d383189813de1064ee9b791ab72eb01,194b952a08b4d762e0c1f3d7d1452edf844bbd89e07cd0ae2f9085d8cec8ccfb,0340047558809127cfbef95fc332f3ae1ce4145167192ddcfc30e1e5778e94dd,cf035b5bf03f254d91641a5336ae093c403579ad7278b975500521c02d73ec6a,982838ee2021a842906b83e6157e9deecbcd7ea6d17c86cfb9c6f267f094cca8
f1ccc55a65c744d7be201bf11b980e4d,287,native_gc3,False,42,7.6063032150268555,11.669671535491943,0.12149147689342499,0.39434343576431274,0.5125346183776855,19.847681522369385,0.12683413922786713,0.8806236386299133,01fda4c7c603e5c9346b408e5a9f481638d791d6b91c998110df968cb953c1e7,359d1de4592121327157948dfb3cebbf02645faebb17d24b2eab0727defd3306,d0b9e738a78ecc49b30843d4c31ba1880f5b5dc4313b61d00de8c3cbc1d1a2c2,0340047558809127cfbef95fc332f3ae1ce4145167192ddcfc30e1e5778e94dd,14fa414ce59c7626268c5424825bf76d9bc43e4d50f2c56d008e63902f452168,c6986c377102b3e8e2a26b37efc8254445383001356709d85fea7a2e7307e19f
f1ccc55a65c744d7be201bf11b980e4d,287,native_gfh,False,42,7.57563328742981,12.410905361175537,0.12195232510566711,0.42873960733413696,0.5446938872337341,19.03045892715454,0.1300102174282074,0.8717716336250305,01fda4c7c603e5c9346b408e5a9f481638d791d6b91c998110df968cb953c1e7,359d1de4592121327157948dfb3cebbf02645faebb17d24b2eab0727defd3306,d0b9e738a78ecc49b30843d4c31ba1880f5b5dc4313b61d00de8c3cbc1d1a2c2,0340047558809127cfbef95fc332f3ae1ce4145167192ddcfc30e1e5778e94dd,14fa414ce59c7626268c5424825bf76d9bc43e4d50f2c56d008e63902f452168,c6986c377102b3e8e2a26b37efc8254445383001356709d85fea7a2e7307e19f
f1ccc55a65c744d7be201bf11b980e4d,287,native_gfl,False,42,7.434342622756958,11.123605966567993,0.12401758134365082,0.38733598589897156,0.511641800403595,19.643685817718506,0.12903307378292084,0.8773136734962463,01fda4c7c603e5c9346b408e5a9f481638d791d6b91c998110df968cb953c1e7,359d1de4592121327157948dfb3cebbf02645faebb17d24b2eab0727defd3306,d0b9e738a78ecc49b30843d4c31ba1880f5b5dc4313b61d00de8c3cbc1d1a2c2,0340047558809127cfbef95fc332f3ae1ce4145167192ddcfc30e1e5778e94dd,14fa414ce59c7626268c5424825bf76d9bc43e4d50f2c56d008e63902f452168,c6986c377102b3e8e2a26b37efc8254445383001356709d85fea7a2e7307e19f
f1ccc55a65c744d7be201bf11b980e4d,287,no_adapter,False,42,7.2019267082214355,5.223199129104614,0.1702340841293335,0.40031319856643677,0.4664590060710907,9.774914383888245,0.5537422299385071,0.7634949088096619,01fda4c7c603e5c9346b408e5a9f481638d791d6b91c998110df968cb953c1e7,359d1de4592121327157948dfb3cebbf02645faebb17d24b2eab0727defd3306,d0b9e738a78ecc49b30843d4c31ba1880f5b5dc4313b61d00de8c3cbc1d1a2c2,0340047558809127cfbef95fc332f3ae1ce4145167192ddcfc30e1e5778e94dd,14fa414ce59c7626268c5424825bf76d9bc43e4d50f2c56d008e63902f452168,c6986c377102b3e8e2a26b37efc8254445383001356709d85fea7a2e7307e19f
f20298a6bc1642dba0a65bc545a06cd5,288,native_gc3,False,42,7.535475969314575,8.607956767082214,0.16466258466243744,0.3134247958660126,0.4345642924308777,15.883220434188843,0.18964983522891998,0.8414922952651978,605cdd33c188fc245e7960794c46256be1c909a2087926468918777790ab5b8b,caa8a82e8d1e0a3308375503914a1d8155692890c517565b6e8c1ad6522124f1,b98cbf43b38b5ebf3f5328d565c2640b95eb5606fbf491f5662861700051ccba,0340047558809127cfbef95fc332f3ae1ce4145167192ddcfc30e1e5778e94dd,0a23c8565aee1253894ae0114f2e13661303e9288adbed6dea8e0ef62faff017,599a55bcb124d1b783c54d7d389056c9dcf9441c022ddd8f4f313d70e129b284
f20298a6bc1642dba0a65bc545a06cd5,288,native_gfh,False,42,7.370048761367798,8.086438775062561,0.16059169173240662,0.3327508270740509,0.4325244426727295,15.208232402801514,0.19126948714256287,0.8333257436752319,605cdd33c188fc245e7960794c46256be1c909a2087926468918777790ab5b8b,caa8a82e8d1e0a3308375503914a1d8155692890c517565b6e8c1ad6522124f1,b98cbf43b38b5ebf3f5328d565c2640b95eb5606fbf491f5662861700051ccba,0340047558809127cfbef95fc332f3ae1ce4145167192ddcfc30e1e5778e94dd,0a23c8565aee1253894ae0114f2e13661303e9288adbed6dea8e0ef62faff017,599a55bcb124d1b783c54d7d389056c9dcf9441c022ddd8f4f313d70e129b284
f20298a6bc1642dba0a65bc545a06cd5,288,native_gfl,False,42,7.384717226028442,9.596829414367676,0.16673453152179718,0.3230252265930176,0.44047290086746216,16.719306707382202,0.1901039481163025,0.8395135998725891,605cdd33c188fc245e7960794c46256be1c909a2087926468918777790ab5b8b,caa8a82e8d1e0a3308375503914a1d8155692890c517565b6e8c1ad6522124f1,b98cbf43b38b5ebf3f5328d565c2640b95eb5606fbf491f5662861700051ccba,0340047558809127cfbef95fc332f3ae1ce4145167192ddcfc30e1e5778e94dd,0a23c8565aee1253894ae0114f2e13661303e9288adbed6dea8e0ef62faff017,599a55bcb124d1b783c54d7d389056c9dcf9441c022ddd8f4f313d70e129b284
f20298a6bc1642dba0a65bc545a06cd5,288,no_adapter,False,42,7.110373497009277,3.107422888278961,0.210209459066391,0.27876779437065125,0.3589617609977722,8.14000129699707,0.5779923796653748,0.717193067073822,605cdd33c188fc245e7960794c46256be1c909a2087926468918777790ab5b8b,caa8a82e8d1e0a3308375503914a1d8155692890c517565b6e8c1ad6522124f1,b98cbf43b38b5ebf3f5328d565c2640b95eb5606fbf491f5662861700051ccba,0340047558809127cfbef95fc332f3ae1ce4145167192ddcfc30e1e5778e94dd,0a23c8565aee1253894ae0114f2e13661303e9288adbed6dea8e0ef62faff017,599a55bcb124d1b783c54d7d389056c9dcf9441c022ddd8f4f313d70e129b284
f29508e585b64d9ab5eccc2b54acd786,289,native_gc3,False,42,7.3320112228393555,15.571755170822144,0.13700510561466217,0.3595540225505829,0.5456467270851135,21.472787857055664,0.1176309585571289,0.8530089259147644,bab7d9e65829dbf02b7507812b770211b1e3722207dbcba61ddd363e96efd354,91f6fa1ad5a4d7d25c7b3a682744848d3dcdee41d9840a85e26cb73d99ab02e5,9b6efd5540bca4b6a1cfe0d0428eddc4512f54fa08b9b3882ba4d3d791aa370a,0340047558809127cfbef95fc332f3ae1ce4145167192ddcfc30e1e5778e94dd,e3aff97a0df85ff88cf5227ef60e23d5f3427f70d922d2f1195c224bf418bbad,30b9d0eb485d3a127d1f326d2d7f7db8bba9309f07fb7c0063674f9089696b69
f29508e585b64d9ab5eccc2b54acd786,289,native_gfh,False,42,7.285931587219238,15.112776756286621,0.1380678117275238,0.39542415738105774,0.5680055022239685,19.697459936141968,0.1224493533372879,0.8459868431091309,bab7d9e65829dbf02b7507812b770211b1e3722207dbcba61ddd363e96efd354,91f6fa1ad5a4d7d25c7b3a682744848d3dcdee41d9840a85e26cb73d99ab02e5,9b6efd5540bca4b6a1cfe0d0428eddc4512f54fa08b9b3882ba4d3d791aa370a,0340047558809127cfbef95fc332f3ae1ce4145167192ddcfc30e1e5778e94dd,e3aff97a0df85ff88cf5227ef60e23d5f3427f70d922d2f1195c224bf418bbad,30b9d0eb485d3a127d1f326d2d7f7db8bba9309f07fb7c0063674f9089696b69
f29508e585b64d9ab5eccc2b54acd786,289,native_gfl,False,42,7.340315580368042,15.208827257156372,0.14615371823310852,0.35363757610321045,0.5436318516731262,21.85713768005371,0.12292709946632385,0.8468540906906128,bab7d9e65829dbf02b7507812b770211b1e3722207dbcba61ddd363e96efd354,91f6fa1ad5a4d7d25c7b3a682744848d3dcdee41d9840a85e26cb73d99ab02e5,9b6efd5540bca4b6a1cfe0d0428eddc4512f54fa08b9b3882ba4d3d791aa370a,0340047558809127cfbef95fc332f3ae1ce4145167192ddcfc30e1e5778e94dd,e3aff97a0df85ff88cf5227ef60e23d5f3427f70d922d2f1195c224bf418bbad,30b9d0eb485d3a127d1f326d2d7f7db8bba9309f07fb7c0063674f9089696b69
f29508e585b64d9ab5eccc2b54acd786,289,no_adapter,False,42,7.075667381286621,7.015589475631714,0.22614997625350952,0.3295566737651825,0.4514465034008026,9.165542125701904,0.6287278532981873,0.6941766738891602,bab7d9e65829dbf02b7507812b770211b1e3722207dbcba61ddd363e96efd354,91f6fa1ad5a4d7d25c7b3a682744848d3dcdee41d9840a85e26cb73d99ab02e5,9b6efd5540bca4b6a1cfe0d0428eddc4512f54fa08b9b3882ba4d3d791aa370a,0340047558809127cfbef95fc332f3ae1ce4145167192ddcfc30e1e5778e94dd,e3aff97a0df85ff88cf5227ef60e23d5f3427f70d922d2f1195c224bf418bbad,30b9d0eb485d3a127d1f326d2d7f7db8bba9309f07fb7c0063674f9089696b69
f58f8adf7f5842579596d15fbb3c3dfa,290,native_gc3,False,42,7.557184219360352,12.377859354019165,0.2393743395805359,0.5764356255531311,0.576694667339325,18.615076541900635,0.25006985664367676,0.8563116788864136,5f5616c6a973d4287b0ea387e4640d9a9cd2ece69ec8723d5e347798e5cec780,d8c2e5c4d497011d051daea580b46494c67bb9cfa0894790c91a1588623263c4,33e776f7b142c4a9e78597333471428b7e3531528dabe3efabf3a7cab6bce4e2,0340047558809127cfbef95fc332f3ae1ce4145167192ddcfc30e1e5778e94dd,56c7c2ba3105924ae9b2e31a3cba00cb50e9cd2baf3d298a5c7ab487ec65d9fc,0919f3fcc0f682f5462b463147d3bf61843b0917699047fa078131fb88729b5b
f58f8adf7f5842579596d15fbb3c3dfa,290,native_gfh,False,42,7.42858362197876,14.036831855773926,0.21503858268260956,0.6823541522026062,0.6489535570144653,18.838791847229004,0.23624828457832336,0.8670054078102112,5f5616c6a973d4287b0ea387e4640d9a9cd2ece69ec8723d5e347798e5cec780,d8c2e5c4d497011d051daea580b46494c67bb9cfa0894790c91a1588623263c4,33e776f7b142c4a9e78597333471428b7e3531528dabe3efabf3a7cab6bce4e2,0340047558809127cfbef95fc332f3ae1ce4145167192ddcfc30e1e5778e94dd,56c7c2ba3105924ae9b2e31a3cba00cb50e9cd2baf3d298a5c7ab487ec65d9fc,0919f3fcc0f682f5462b463147d3bf61843b0917699047fa078131fb88729b5b
f58f8adf7f5842579596d15fbb3c3dfa,290,native_gfl,False,42,7.384257555007935,10.39052963256836,0.25987234711647034,0.5256897807121277,0.5605627298355103,16.86111330986023,0.26669925451278687,0.8447903990745544,5f5616c6a973d4287b0ea387e4640d9a9cd2ece69ec8723d5e347798e5cec780,d8c2e5c4d497011d051daea580b46494c67bb9cfa0894790c91a1588623263c4,33e776f7b142c4a9e78597333471428b7e3531528dabe3efabf3a7cab6bce4e2,0340047558809127cfbef95fc332f3ae1ce4145167192ddcfc30e1e5778e94dd,56c7c2ba3105924ae9b2e31a3cba00cb50e9cd2baf3d298a5c7ab487ec65d9fc,0919f3fcc0f682f5462b463147d3bf61843b0917699047fa078131fb88729b5b
f58f8adf7f5842579596d15fbb3c3dfa,290,no_adapter,False,42,7.143426418304443,10.698851346969604,0.22026996314525604,0.6697431802749634,0.5844829678535461,11.161394119262695,0.6387274265289307,0.7566170692443848,5f5616c6a973d4287b0ea387e4640d9a9cd2ece69ec8723d5e347798e5cec780,d8c2e5c4d497011d051daea580b46494c67bb9cfa0894790c91a1588623263c4,33e776f7b142c4a9e78597333471428b7e3531528dabe3efabf3a7cab6bce4e2,0340047558809127cfbef95fc332f3ae1ce4145167192ddcfc30e1e5778e94dd,56c7c2ba3105924ae9b2e31a3cba00cb50e9cd2baf3d298a5c7ab487ec65d9fc,0919f3fcc0f682f5462b463147d3bf61843b0917699047fa078131fb88729b5b
f609887785fc497e9f0443fb7b276b81,291,native_gc3,False,42,7.55961537361145,10.585658550262451,0.1841050535440445,0.2479642927646637,0.40653496980667114,17.34362483024597,0.207811176776886,0.834090530872345,384d8071bf8b87fbaea4313f521a6e26d300f8d1ee4e8df7a2a4b7ba185b119c,6f7ff596c971b21760f3005532c8bd3835eb125d2a4d6f78c7d1b1c04d955550,97d1f6225bb0932432151c77954a6b4549bf99f601c4fcc615be255bb01ef666,0340047558809127cfbef95fc332f3ae1ce4145167192ddcfc30e1e5778e94dd,e51627db91c99a68f01aef679593a25de66f0d2cdab64aa2cbf2ff9f456e5167,117225f78ea622a215ef76c45399ffe47e5aea8e2332f2f6359bf808dda7481c
f609887785fc497e9f0443fb7b276b81,291,native_gfh,False,42,7.5145018100738525,10.851602554321289,0.18331164121627808,0.2887483537197113,0.41248372197151184,17.094192504882812,0.2104274332523346,0.8278916478157043,384d8071bf8b87fbaea4313f521a6e26d300f8d1ee4e8df7a2a4b7ba185b119c,6f7ff596c971b21760f3005532c8bd3835eb125d2a4d6f78c7d1b1c04d955550,97d1f6225bb0932432151c77954a6b4549bf99f601c4fcc615be255bb01ef666,0340047558809127cfbef95fc332f3ae1ce4145167192ddcfc30e1e5778e94dd,e51627db91c99a68f01aef679593a25de66f0d2cdab64aa2cbf2ff9f456e5167,117225f78ea622a215ef76c45399ffe47e5aea8e2332f2f6359bf808dda7481c
f609887785fc497e9f0443fb7b276b81,291,native_gfl,False,42,7.484736204147339,10.14480710029602,0.1805131733417511,0.2375110387802124,0.4065346419811249,17.11206316947937,0.2021731734275818,0.8285160064697266,384d8071bf8b87fbaea4313f521a6e26d300f8d1ee4e8df7a2a4b7ba185b119c,6f7ff596c971b21760f3005532c8bd3835eb125d2a4d6f78c7d1b1c04d955550,97d1f6225bb0932432151c77954a6b4549bf99f601c4fcc615be255bb01ef666,0340047558809127cfbef95fc332f3ae1ce4145167192ddcfc30e1e5778e94dd,e51627db91c99a68f01aef679593a25de66f0d2cdab64aa2cbf2ff9f456e5167,117225f78ea622a215ef76c45399ffe47e5aea8e2332f2f6359bf808dda7481c
f609887785fc497e9f0443fb7b276b81,291,no_adapter,False,42,7.156354665756226,3.837185502052307,0.2081836611032486,0.33806347846984863,0.3562335669994354,7.758563160896301,0.6208696961402893,0.7245890498161316,384d8071bf8b87fbaea4313f521a6e26d300f8d1ee4e8df7a2a4b7ba185b119c,6f7ff596c971b21760f3005532c8bd3835eb125d2a4d6f78c7d1b1c04d955550,97d1f6225bb0932432151c77954a6b4549bf99f601c4fcc615be255bb01ef666,0340047558809127cfbef95fc332f3ae1ce4145167192ddcfc30e1e5778e94dd,e51627db91c99a68f01aef679593a25de66f0d2cdab64aa2cbf2ff9f456e5167,117225f78ea622a215ef76c45399ffe47e5aea8e2332f2f6359bf808dda7481c
f6979d7ff8e54c4daf00fee46f09a139,292,native_gc3,False,42,7.333721876144409,13.667824268341064,0.44016286730766296,0.5619723200798035,0.5827642679214478,16.865510940551758,0.4521438181400299,0.7585015296936035,ba9a820283dbcd4c7006343e5f48d81df29046989b3a6a6d3976babd97e0bb5f,255c22ac17340f42a2b1e95b6fdbda2b3bbcac4f4f5c69f9c243eaff0a720a4d,c4493c5d85f4a573efc44c57a54a0e3d5f4f2ef708e4965df0536740361232ee,0340047558809127cfbef95fc332f3ae1ce4145167192ddcfc30e1e5778e94dd,205dc89edb75629a2b3004195d58bd6901195429176eb31ed5a1854cfc01c062,fee808caee44a78c9cb1e4fa12155f4785e8336a64dc7830c43fafffc9494f47
f6979d7ff8e54c4daf00fee46f09a139,292,native_gfh,False,42,7.403463125228882,14.751636981964111,0.38815081119537354,0.6764846444129944,0.6258891224861145,17.523728609085083,0.4178714156150818,0.8009921908378601,ba9a820283dbcd4c7006343e5f48d81df29046989b3a6a6d3976babd97e0bb5f,255c22ac17340f42a2b1e95b6fdbda2b3bbcac4f4f5c69f9c243eaff0a720a4d,c4493c5d85f4a573efc44c57a54a0e3d5f4f2ef708e4965df0536740361232ee,0340047558809127cfbef95fc332f3ae1ce4145167192ddcfc30e1e5778e94dd,205dc89edb75629a2b3004195d58bd6901195429176eb31ed5a1854cfc01c062,fee808caee44a78c9cb1e4fa12155f4785e8336a64dc7830c43fafffc9494f47
f6979d7ff8e54c4daf00fee46f09a139,292,native_gfl,False,42,7.429014444351196,12.402913570404053,0.47287121415138245,0.4004720449447632,0.558674693107605,15.595459938049316,0.4824772775173187,0.7189820408821106,ba9a820283dbcd4c7006343e5f48d81df29046989b3a6a6d3976babd97e0bb5f,255c22ac17340f42a2b1e95b6fdbda2b3bbcac4f4f5c69f9c243eaff0a720a4d,c4493c5d85f4a573efc44c57a54a0e3d5f4f2ef708e4965df0536740361232ee,0340047558809127cfbef95fc332f3ae1ce4145167192ddcfc30e1e5778e94dd,205dc89edb75629a2b3004195d58bd6901195429176eb31ed5a1854cfc01c062,fee808caee44a78c9cb1e4fa12155f4785e8336a64dc7830c43fafffc9494f47
f6979d7ff8e54c4daf00fee46f09a139,292,no_adapter,False,42,7.184668064117432,8.938564658164978,0.432864785194397,0.5960277915000916,0.4929894804954529,9.182872772216797,0.6999946236610413,0.6627663373947144,ba9a820283dbcd4c7006343e5f48d81df29046989b3a6a6d3976babd97e0bb5f,255c22ac17340f42a2b1e95b6fdbda2b3bbcac4f4f5c69f9c243eaff0a720a4d,c4493c5d85f4a573efc44c57a54a0e3d5f4f2ef708e4965df0536740361232ee,0340047558809127cfbef95fc332f3ae1ce4145167192ddcfc30e1e5778e94dd,205dc89edb75629a2b3004195d58bd6901195429176eb31ed5a1854cfc01c062,fee808caee44a78c9cb1e4fa12155f4785e8336a64dc7830c43fafffc9494f47
f7901fbc53a64fe7b24a97cf669101df,293,native_gc3,False,42,7.529308319091797,16.078003644943237,0.28382375836372375,0.6435866355895996,0.5524747371673584,20.79718828201294,0.2784629166126251,0.8453594446182251,0dfb12b267924cf0341ee4eb2dba731edf132387a588b19968f66d1bc364cc2c,73abab9acfe750898b835474742ecf107ace8bd9eb53b0728d48589b8769ef7d,5304226275baf6e0fb8fa59b15194088695dc4f8ccaaaa9ecac582ec07a145c3,0340047558809127cfbef95fc332f3ae1ce4145167192ddcfc30e1e5778e94dd,7a45915ab9dbb129f12575c4cfe1d0c378c3fa149d9281ea12ecfcb2c0d1206c,32f556dc006351542404856885b01a95558f1e7786be07cd5127825facdfab52
f7901fbc53a64fe7b24a97cf669101df,293,native_gfh,False,42,7.558279037475586,17.427949905395508,0.26744383573532104,0.7238683104515076,0.5955789089202881,20.895071029663086,0.2720203697681427,0.8604784607887268,0dfb12b267924cf0341ee4eb2dba731edf132387a588b19968f66d1bc364cc2c,73abab9acfe750898b835474742ecf107ace8bd9eb53b0728d48589b8769ef7d,5304226275baf6e0fb8fa59b15194088695dc4f8ccaaaa9ecac582ec07a145c3,0340047558809127cfbef95fc332f3ae1ce4145167192ddcfc30e1e5778e94dd,7a45915ab9dbb129f12575c4cfe1d0c378c3fa149d9281ea12ecfcb2c0d1206c,32f556dc006351542404856885b01a95558f1e7786be07cd5127825facdfab52
f7901fbc53a64fe7b24a97cf669101df,293,native_gfl,False,42,7.520313501358032,14.396499395370483,0.2971929609775543,0.627966046333313,0.5513221621513367,19.243440628051758,0.28825607895851135,0.8585267663002014,0dfb12b267924cf0341ee4eb2dba731edf132387a588b19968f66d1bc364cc2c,73abab9acfe750898b835474742ecf107ace8bd9eb53b0728d48589b8769ef7d,5304226275baf6e0fb8fa59b15194088695dc4f8ccaaaa9ecac582ec07a145c3,0340047558809127cfbef95fc332f3ae1ce4145167192ddcfc30e1e5778e94dd,7a45915ab9dbb129f12575c4cfe1d0c378c3fa149d9281ea12ecfcb2c0d1206c,32f556dc006351542404856885b01a95558f1e7786be07cd5127825facdfab52
f7901fbc53a64fe7b24a97cf669101df,293,no_adapter,False,42,7.192610025405884,10.003962516784668,0.3145619034767151,0.6105294227600098,0.48427605628967285,10.552822351455688,0.6273752450942993,0.717825710773468,0dfb12b267924cf0341ee4eb2dba731edf132387a588b19968f66d1bc364cc2c,73abab9acfe750898b835474742ecf107ace8bd9eb53b0728d48589b8769ef7d,5304226275baf6e0fb8fa59b15194088695dc4f8ccaaaa9ecac582ec07a145c3,0340047558809127cfbef95fc332f3ae1ce4145167192ddcfc30e1e5778e94dd,7a45915ab9dbb129f12575c4cfe1d0c378c3fa149d9281ea12ecfcb2c0d1206c,32f556dc006351542404856885b01a95558f1e7786be07cd5127825facdfab52
f80b6dd761e5464aad8a60028e3e6971,294,native_gc3,False,42,7.391342401504517,13.559800386428833,0.2605697512626648,0.5142396092414856,0.4872285723686218,19.60852026939392,0.2850382328033447,0.8461888432502747,e7f106a900408d261c4eea26d27d4c68b94ccfb1e5c78f5a77ae0846d1ab2329,2462a2204c0a3f299a986ad3691462bad76c3a2ee2a016379f03e8e91449d505,32d80e8bf2033487dfb528fbf51d69288151915e7a2d585944815e2de8d1dc92,0340047558809127cfbef95fc332f3ae1ce4145167192ddcfc30e1e5778e94dd,f453af2cb4cf236ab0c1a3e4af767277d2a28c0f50b0afaa7723dcbf6525f41a,3ace46b0bf08c7b92749234198db1c05a90774a24573d3ff46cfa366348d0ae7
f80b6dd761e5464aad8a60028e3e6971,294,native_gfh,False,42,7.52112078666687,16.211661100387573,0.24025577306747437,0.5908859968185425,0.530929446220398,19.944506883621216,0.27122920751571655,0.8521066308021545,e7f106a900408d261c4eea26d27d4c68b94ccfb1e5c78f5a77ae0846d1ab2329,2462a2204c0a3f299a986ad3691462bad76c3a2ee2a016379f03e8e91449d505,32d80e8bf2033487dfb528fbf51d69288151915e7a2d585944815e2de8d1dc92,0340047558809127cfbef95fc332f3ae1ce4145167192ddcfc30e1e5778e94dd,f453af2cb4cf236ab0c1a3e4af767277d2a28c0f50b0afaa7723dcbf6525f41a,3ace46b0bf08c7b92749234198db1c05a90774a24573d3ff46cfa366348d0ae7
f80b6dd761e5464aad8a60028e3e6971,294,native_gfl,False,42,7.449747562408447,11.827107667922974,0.27739623188972473,0.4798377454280853,0.4714946448802948,18.249579668045044,0.29651397466659546,0.8372317552566528,e7f106a900408d261c4eea26d27d4c68b94ccfb1e5c78f5a77ae0846d1ab2329,2462a2204c0a3f299a986ad3691462bad76c3a2ee2a016379f03e8e91449d505,32d80e8bf2033487dfb528fbf51d69288151915e7a2d585944815e2de8d1dc92,0340047558809127cfbef95fc332f3ae1ce4145167192ddcfc30e1e5778e94dd,f453af2cb4cf236ab0c1a3e4af767277d2a28c0f50b0afaa7723dcbf6525f41a,3ace46b0bf08c7b92749234198db1c05a90774a24573d3ff46cfa366348d0ae7
f80b6dd761e5464aad8a60028e3e6971,294,no_adapter,False,42,7.241955757141113,9.691184163093567,0.24944013357162476,0.6019358038902283,0.4540950357913971,10.862138271331787,0.636902928352356,0.7417429089546204,e7f106a900408d261c4eea26d27d4c68b94ccfb1e5c78f5a77ae0846d1ab2329,2462a2204c0a3f299a986ad3691462bad76c3a2ee2a016379f03e8e91449d505,32d80e8bf2033487dfb528fbf51d69288151915e7a2d585944815e2de8d1dc92,0340047558809127cfbef95fc332f3ae1ce4145167192ddcfc30e1e5778e94dd,f453af2cb4cf236ab0c1a3e4af767277d2a28c0f50b0afaa7723dcbf6525f41a,3ace46b0bf08c7b92749234198db1c05a90774a24573d3ff46cfa366348d0ae7
f908b95d24984086bd63ec00593fa518,295,native_gc3,False,42,7.312803745269775,13.04067850112915,0.17294618487358093,0.4799477159976959,0.5241205096244812,19.240885972976685,0.185746431350708,0.8529328107833862,ee994a947460bfe867bfb23e20b3c18e7d0be27e3c6d34959a9de028ff43e5eb,69fbb8c962d5c9c323cc16482b161644d6e26d8fafafd533a4b5dfd771084877,140551ce1ebbbd43b263c87910255e5088d9546ecd5234a85799766db2b1aece,0340047558809127cfbef95fc332f3ae1ce4145167192ddcfc30e1e5778e94dd,711f307d2b79585e26eecaf1c7e750b431dcff4d9d98b396540c60d43c888657,1478501a3efb8a18b2c068783eb1e2f29523c9ed445f21718097ba60f13e56f2
f908b95d24984086bd63ec00593fa518,295,native_gfh,False,42,7.344648599624634,12.992926836013794,0.16686907410621643,0.5534458756446838,0.5473788380622864,18.426365852355957,0.1943206489086151,0.8502802848815918,ee994a947460bfe867bfb23e20b3c18e7d0be27e3c6d34959a9de028ff43e5eb,69fbb8c962d5c9c323cc16482b161644d6e26d8fafafd533a4b5dfd771084877,140551ce1ebbbd43b263c87910255e5088d9546ecd5234a85799766db2b1aece,0340047558809127cfbef95fc332f3ae1ce4145167192ddcfc30e1e5778e94dd,711f307d2b79585e26eecaf1c7e750b431dcff4d9d98b396540c60d43c888657,1478501a3efb8a18b2c068783eb1e2f29523c9ed445f21718097ba60f13e56f2
f908b95d24984086bd63ec00593fa518,295,native_gfl,False,42,7.29515528678894,12.617709636688232,0.1751747876405716,0.46802181005477905,0.5212035775184631,19.16012167930603,0.18461401760578156,0.8501758575439453,ee994a947460bfe867bfb23e20b3c18e7d0be27e3c6d34959a9de028ff43e5eb,69fbb8c962d5c9c323cc16482b161644d6e26d8fafafd533a4b5dfd771084877,140551ce1ebbbd43b263c87910255e5088d9546ecd5234a85799766db2b1aece,0340047558809127cfbef95fc332f3ae1ce4145167192ddcfc30e1e5778e94dd,711f307d2b79585e26eecaf1c7e750b431dcff4d9d98b396540c60d43c888657,1478501a3efb8a18b2c068783eb1e2f29523c9ed445f21718097ba60f13e56f2
f908b95d24984086bd63ec00593fa518,295,no_adapter,False,42,7.0586676597595215,5.593493580818176,0.23282456398010254,0.5266305208206177,0.4616992175579071,8.793556094169617,0.6010274887084961,0.7429076433181763,ee994a947460bfe867bfb23e20b3c18e7d0be27e3c6d34959a9de028ff43e5eb,69fbb8c962d5c9c323cc16482b161644d6e26d8fafafd533a4b5dfd771084877,140551ce1ebbbd43b263c87910255e5088d9546ecd5234a85799766db2b1aece,0340047558809127cfbef95fc332f3ae1ce4145167192ddcfc30e1e5778e94dd,711f307d2b79585e26eecaf1c7e750b431dcff4d9d98b396540c60d43c888657,1478501a3efb8a18b2c068783eb1e2f29523c9ed445f21718097ba60f13e56f2
fa5c4b02c5b24ac09d7dd8bcf8c35142,296,native_gc3,False,42,7.5365376472473145,11.410974264144897,0.08819358795881271,0.3351360261440277,0.5871906876564026,21.043341159820557,0.11190641671419144,0.8877044320106506,11e4c6e479152c8f15a475ac8147cde5c741bf756496881ebcdf92a22253d222,d9bf212ca863dbacdc34de3917e5a8d029937979cbb438881b534f9ae1cd378f,ca127821625d294f63886037c0946bca1f9a6a7984a0c3f4350e6861bf0912bd,0340047558809127cfbef95fc332f3ae1ce4145167192ddcfc30e1e5778e94dd,18845a36c034c2bbff74fa99584aa605c28cecd878649b3f431d9cd66b34c7ea,1824f0649d73acc8e3332a65f2c8f5101088614a1c6e3a17b4990f53ffbfee7e
fa5c4b02c5b24ac09d7dd8bcf8c35142,296,native_gfh,False,42,7.529857635498047,14.501091241836548,0.07437952607870102,0.38717254996299744,0.6113463044166565,19.83307957649231,0.10357403755187988,0.8895072937011719,11e4c6e479152c8f15a475ac8147cde5c741bf756496881ebcdf92a22253d222,d9bf212ca863dbacdc34de3917e5a8d029937979cbb438881b534f9ae1cd378f,ca127821625d294f63886037c0946bca1f9a6a7984a0c3f4350e6861bf0912bd,0340047558809127cfbef95fc332f3ae1ce4145167192ddcfc30e1e5778e94dd,18845a36c034c2bbff74fa99584aa605c28cecd878649b3f431d9cd66b34c7ea,1824f0649d73acc8e3332a65f2c8f5101088614a1c6e3a17b4990f53ffbfee7e
fa5c4b02c5b24ac09d7dd8bcf8c35142,296,native_gfl,False,42,7.577200651168823,10.149844884872437,0.09156385064125061,0.3061762750148773,0.5798641443252563,20.685062408447266,0.13548192381858826,0.8855869174003601,11e4c6e479152c8f15a475ac8147cde5c741bf756496881ebcdf92a22253d222,d9bf212ca863dbacdc34de3917e5a8d029937979cbb438881b534f9ae1cd378f,ca127821625d294f63886037c0946bca1f9a6a7984a0c3f4350e6861bf0912bd,0340047558809127cfbef95fc332f3ae1ce4145167192ddcfc30e1e5778e94dd,18845a36c034c2bbff74fa99584aa605c28cecd878649b3f431d9cd66b34c7ea,1824f0649d73acc8e3332a65f2c8f5101088614a1c6e3a17b4990f53ffbfee7e
fa5c4b02c5b24ac09d7dd8bcf8c35142,296,no_adapter,False,42,7.252123832702637,7.965559363365173,0.11079761385917664,0.44546982645988464,0.5341218113899231,10.70393443107605,0.6101164221763611,0.7613195776939392,11e4c6e479152c8f15a475ac8147cde5c741bf756496881ebcdf92a22253d222,d9bf212ca863dbacdc34de3917e5a8d029937979cbb438881b534f9ae1cd378f,ca127821625d294f63886037c0946bca1f9a6a7984a0c3f4350e6861bf0912bd,0340047558809127cfbef95fc332f3ae1ce4145167192ddcfc30e1e5778e94dd,18845a36c034c2bbff74fa99584aa605c28cecd878649b3f431d9cd66b34c7ea,1824f0649d73acc8e3332a65f2c8f5101088614a1c6e3a17b4990f53ffbfee7e
fc4e4df74cd04220b1e537cb45c6fcdb,297,native_gc3,False,42,7.4069836139678955,10.300527811050415,0.22672311961650848,0.3618040382862091,0.4873979091644287,15.796104669570923,0.21500682830810547,0.7927579879760742,1169777b77c0b4466adc96eb09c4c8d40b8e5050f630a67317d903bced2ba599,f283c95ce93407eba49c2e642449e99b4a09c3d16b5076a8ebb13d7e84966cd1,37b1eb02bc35287730cf3feafc81a7bd557983eb00bc879df6a22d1c61c19ab3,0340047558809127cfbef95fc332f3ae1ce4145167192ddcfc30e1e5778e94dd,30b11c2cc328c34095e2b6dfaf222122cd43e33c80eb72052f0402bf5fc48a05,eb7dc429d8d2176b6b89981780dd5835e090fb40323161745afd1a39e1db6fe1
fc4e4df74cd04220b1e537cb45c6fcdb,297,native_gfh,False,42,7.507735013961792,9.45657730102539,0.22655943036079407,0.40884333848953247,0.5014740228652954,14.683960676193237,0.23136961460113525,0.7895536422729492,1169777b77c0b4466adc96eb09c4c8d40b8e5050f630a67317d903bced2ba599,f283c95ce93407eba49c2e642449e99b4a09c3d16b5076a8ebb13d7e84966cd1,37b1eb02bc35287730cf3feafc81a7bd557983eb00bc879df6a22d1c61c19ab3,0340047558809127cfbef95fc332f3ae1ce4145167192ddcfc30e1e5778e94dd,30b11c2cc328c34095e2b6dfaf222122cd43e33c80eb72052f0402bf5fc48a05,eb7dc429d8d2176b6b89981780dd5835e090fb40323161745afd1a39e1db6fe1
fc4e4df74cd04220b1e537cb45c6fcdb,297,native_gfl,False,42,7.422214031219482,11.351175308227539,0.2259310930967331,0.3603452444076538,0.49235206842422485,16.886011362075806,0.21113654971122742,0.7977092862129211,1169777b77c0b4466adc96eb09c4c8d40b8e5050f630a67317d903bced2ba599,f283c95ce93407eba49c2e642449e99b4a09c3d16b5076a8ebb13d7e84966cd1,37b1eb02bc35287730cf3feafc81a7bd557983eb00bc879df6a22d1c61c19ab3,0340047558809127cfbef95fc332f3ae1ce4145167192ddcfc30e1e5778e94dd,30b11c2cc328c34095e2b6dfaf222122cd43e33c80eb72052f0402bf5fc48a05,eb7dc429d8d2176b6b89981780dd5835e090fb40323161745afd1a39e1db6fe1
fc4e4df74cd04220b1e537cb45c6fcdb,297,no_adapter,False,42,7.164903402328491,4.245908260345459,0.279024213552475,0.34890320897102356,0.3926658630371094,7.105512619018555,0.6154929995536804,0.6730530858039856,1169777b77c0b4466adc96eb09c4c8d40b8e5050f630a67317d903bced2ba599,f283c95ce93407eba49c2e642449e99b4a09c3d16b5076a8ebb13d7e84966cd1,37b1eb02bc35287730cf3feafc81a7bd557983eb00bc879df6a22d1c61c19ab3,0340047558809127cfbef95fc332f3ae1ce4145167192ddcfc30e1e5778e94dd,30b11c2cc328c34095e2b6dfaf222122cd43e33c80eb72052f0402bf5fc48a05,eb7dc429d8d2176b6b89981780dd5835e090fb40323161745afd1a39e1db6fe1
fcd95c6190274745be3f423c270c1b2d,298,native_gc3,False,42,7.519484996795654,11.900361776351929,0.3421992063522339,0.4500068426132202,0.43855515122413635,16.533031463623047,0.3478950262069702,0.7635395526885986,fce97ee5700ce71e634c94c1a121a07f2dcf15f5c65564bca9f80e1950df6bd3,f9d0e480aec5bcc456ebc48c18962e1730eb930c55e691f6cbb7c7e2eb44ce2f,d68bb94a0925d2f110165f3fe2272af9fbdfcc40bfccc470379c84290da8375b,0340047558809127cfbef95fc332f3ae1ce4145167192ddcfc30e1e5778e94dd,52ce947d5e627c4e6668fef0d83c0b39127e7004aeeedf5bb10659a3776fbfe4,02d31fc17a871dea2f0eddf9ae01e58d9352a7054a18e80636cdfaa3b2863e74
fcd95c6190274745be3f423c270c1b2d,298,native_gfh,False,42,7.523579835891724,11.267491579055786,0.3504669964313507,0.5528427958488464,0.46967390179634094,15.953924655914307,0.3708389103412628,0.7732236981391907,fce97ee5700ce71e634c94c1a121a07f2dcf15f5c65564bca9f80e1950df6bd3,f9d0e480aec5bcc456ebc48c18962e1730eb930c55e691f6cbb7c7e2eb44ce2f,d68bb94a0925d2f110165f3fe2272af9fbdfcc40bfccc470379c84290da8375b,0340047558809127cfbef95fc332f3ae1ce4145167192ddcfc30e1e5778e94dd,52ce947d5e627c4e6668fef0d83c0b39127e7004aeeedf5bb10659a3776fbfe4,02d31fc17a871dea2f0eddf9ae01e58d9352a7054a18e80636cdfaa3b2863e74
fcd95c6190274745be3f423c270c1b2d,298,native_gfl,False,42,7.545962810516357,12.588717937469482,0.339883953332901,0.3876091241836548,0.43354782462120056,17.025350332260132,0.34163904190063477,0.7697341442108154,fce97ee5700ce71e634c94c1a121a07f2dcf15f5c65564bca9f80e1950df6bd3,f9d0e480aec5bcc456ebc48c18962e1730eb930c55e691f6cbb7c7e2eb44ce2f,d68bb94a0925d2f110165f3fe2272af9fbdfcc40bfccc470379c84290da8375b,0340047558809127cfbef95fc332f3ae1ce4145167192ddcfc30e1e5778e94dd,52ce947d5e627c4e6668fef0d83c0b39127e7004aeeedf5bb10659a3776fbfe4,02d31fc17a871dea2f0eddf9ae01e58d9352a7054a18e80636cdfaa3b2863e74
fcd95c6190274745be3f423c270c1b2d,298,no_adapter,False,42,7.308534145355225,5.242548584938049,0.410131573677063,0.5785560607910156,0.42054101824760437,7.700006365776062,0.7048072814941406,0.6613004803657532,fce97ee5700ce71e634c94c1a121a07f2dcf15f5c65564bca9f80e1950df6bd3,f9d0e480aec5bcc456ebc48c18962e1730eb930c55e691f6cbb7c7e2eb44ce2f,d68bb94a0925d2f110165f3fe2272af9fbdfcc40bfccc470379c84290da8375b,0340047558809127cfbef95fc332f3ae1ce4145167192ddcfc30e1e5778e94dd,52ce947d5e627c4e6668fef0d83c0b39127e7004aeeedf5bb10659a3776fbfe4,02d31fc17a871dea2f0eddf9ae01e58d9352a7054a18e80636cdfaa3b2863e74
fd5b341b57584b648bf1abc580237acb,299,native_gc3,False,42,7.542993783950806,9.895779490470886,0.5062565207481384,0.47581765055656433,0.477542906999588,12.954012155532837,0.5171958804130554,0.7403452396392822,d0b4ccb9d71290c4dde6ca56ab993d47eaa6e8f6171069aff01ce624327d0b45,0838dfea79035d46d01470f30409beea5cad8396069f6c48d6202985c4881760,5484fb08086f9d4ba409e2e300a149fa6ffaee5a3c4476eaa551e8cb3b96736f,0340047558809127cfbef95fc332f3ae1ce4145167192ddcfc30e1e5778e94dd,e98c7a244c74d2f500d52767c137c953836036cbb743347d7f5bc770e2cbfa10,3f378c85e3dd86fe25fc25ab77bd67c877193efe91293d4d6ba5d27a6702237e
fd5b341b57584b648bf1abc580237acb,299,native_gfh,False,42,7.666257858276367,9.6925288438797,0.43096789717674255,0.5894458889961243,0.47781726717948914,12.71432638168335,0.4695908725261688,0.7901522517204285,d0b4ccb9d71290c4dde6ca56ab993d47eaa6e8f6171069aff01ce624327d0b45,0838dfea79035d46d01470f30409beea5cad8396069f6c48d6202985c4881760,5484fb08086f9d4ba409e2e300a149fa6ffaee5a3c4476eaa551e8cb3b96736f,0340047558809127cfbef95fc332f3ae1ce4145167192ddcfc30e1e5778e94dd,e98c7a244c74d2f500d52767c137c953836036cbb743347d7f5bc770e2cbfa10,3f378c85e3dd86fe25fc25ab77bd67c877193efe91293d4d6ba5d27a6702237e
fd5b341b57584b648bf1abc580237acb,299,native_gfl,False,42,7.545579433441162,10.035375356674194,0.5150110721588135,0.32191434502601624,0.48819494247436523,13.091504573822021,0.5126450657844543,0.6815934777259827,d0b4ccb9d71290c4dde6ca56ab993d47eaa6e8f6171069aff01ce624327d0b45,0838dfea79035d46d01470f30409beea5cad8396069f6c48d6202985c4881760,5484fb08086f9d4ba409e2e300a149fa6ffaee5a3c4476eaa551e8cb3b96736f,0340047558809127cfbef95fc332f3ae1ce4145167192ddcfc30e1e5778e94dd,e98c7a244c74d2f500d52767c137c953836036cbb743347d7f5bc770e2cbfa10,3f378c85e3dd86fe25fc25ab77bd67c877193efe91293d4d6ba5d27a6702237e
fd5b341b57584b648bf1abc580237acb,299,no_adapter,False,42,7.221644639968872,4.893241822719574,0.5363966226577759,0.4778382182121277,0.4351792633533478,6.909231543540955,0.7667044401168823,0.6345447897911072,d0b4ccb9d71290c4dde6ca56ab993d47eaa6e8f6171069aff01ce624327d0b45,0838dfea79035d46d01470f30409beea5cad8396069f6c48d6202985c4881760,5484fb08086f9d4ba409e2e300a149fa6ffaee5a3c4476eaa551e8cb3b96736f,0340047558809127cfbef95fc332f3ae1ce4145167192ddcfc30e1e5778e94dd,e98c7a244c74d2f500d52767c137c953836036cbb743347d7f5bc770e2cbfa10,3f378c85e3dd86fe25fc25ab77bd67c877193efe91293d4d6ba5d27a6702237e
