FAC variant: ltag+gsg+fsc
Loading MV-Painter pipeline...
Loading pipeline components...:   0%|          | 0/7 [00:00<?, ?it/s][0;93m2026-09-03 03:58:33.656857469 [W:onnxruntime:Default, device_discovery.cc:283 GetGpuDevices] Failed to detect devices under "/sys/class/drm/card0": device_discovery.cc:93 ReadFileContents Failed to open file: "/sys/class/drm/card0/device/vendor"[m
Loading pipeline components...:  14%|█▍        | 1/7 [00:00<00:01,  3.92it/s]Loading pipeline components...:  29%|██▊       | 2/7 [00:00<00:01,  4.31it/s]Loading pipeline components...:  43%|████▎     | 3/7 [00:02<00:04,  1.19s/it]Loading pipeline components...:  57%|█████▋    | 4/7 [00:04<00:04,  1.39s/it]Loading pipeline components...: 100%|██████████| 7/7 [00:04<00:00,  1.55it/s]
libpng warning: eXIf: duplicate
libpng warning: eXIf: duplicate
libpng warning: eXIf: duplicate
libpng warning: eXIf: duplicate
libpng warning: eXIf: duplicate
libpng warning: eXIf: duplicate
libpng warning: eXIf: duplicate
libpng warning: eXIf: duplicate
libpng warning: eXIf: duplicate
libpng warning: eXIf: duplicate
libpng warning: eXIf: duplicate
libpng warning: eXIf: duplicate
libpng warning: eXIf: duplicate
libpng warning: eXIf: duplicate
libpng warning: eXIf: duplicate
libpng warning: eXIf: duplicate
libpng warning: eXIf: duplicate
libpng warning: eXIf: duplicate
libpng warning: eXIf: duplicate
libpng warning: eXIf: duplicate
libpng warning: eXIf: duplicate
libpng warning: eXIf: duplicate
libpng warning: eXIf: duplicate
libpng warning: eXIf: duplicate
libpng warning: eXIf: duplicate
libpng warning: eXIf: duplicate
libpng warning: eXIf: duplicate
libpng warning: eXIf: duplicate
libpng warning: eXIf: duplicate
libpng warning: eXIf: duplicate
libpng warning: eXIf: duplicate
libpng warning: eXIf: duplicate
libpng warning: eXIf: duplicate
libpng warning: eXIf: duplicate
libpng warning: eXIf: duplicate
libpng warning: eXIf: duplicate
libpng warning: eXIf: duplicate
libpng warning: eXIf: duplicate
libpng warning: eXIf: duplicate
libpng warning: eXIf: duplicate
libpng warning: eXIf: duplicate
libpng warning: eXIf: duplicate
libpng warning: eXIf: duplicate
libpng warning: eXIf: duplicate
libpng warning: eXIf: duplicate
libpng warning: eXIf: duplicate
libpng warning: eXIf: duplicate
libpng warning: eXIf: duplicate
libpng warning: eXIf: duplicate
libpng warning: eXIf: duplicate
libpng warning: eXIf: duplicate
libpng warning: eXIf: duplicate
libpng warning: eXIf: duplicate
libpng warning: eXIf: duplicate
libpng warning: eXIf: duplicate
libpng warning: eXIf: duplicate
libpng warning: eXIf: duplicate
libpng warning: eXIf: duplicate
libpng warning: eXIf: duplicate
libpng warning: eXIf: duplicate
libpng warning: eXIf: duplicate
libpng warning: eXIf: duplicate
libpng warning: eXIf: duplicate
libpng warning: eXIf: duplicate
libpng warning: eXIf: duplicate
libpng warning: eXIf: duplicate
libpng warning: eXIf: duplicate
libpng warning: eXIf: duplicate
libpng warning: eXIf: duplicate
libpng warning: eXIf: duplicate
libpng warning: eXIf: duplicate
libpng warning: eXIf: duplicate
libpng warning: eXIf: duplicate
libpng warning: eXIf: duplicate
libpng warning: eXIf: duplicate
libpng warning: eXIf: duplicate
libpng warning: eXIf: duplicate
libpng warning: eXIf: duplicate
libpng warning: eXIf: duplicate
libpng warning: eXIf: duplicate
libpng warning: eXIf: duplicate
libpng warning: eXIf: duplicate
libpng warning: eXIf: duplicate
libpng warning: eXIf: duplicate
libpng warning: eXIf: duplicate
libpng warning: eXIf: duplicate
libpng warning: eXIf: duplicate
libpng warning: eXIf: duplicate
libpng warning: eXIf: duplicate
libpng warning: eXIf: duplicate
libpng warning: eXIf: duplicate
libpng warning: eXIf: duplicate
libpng warning: eXIf: duplicate
libpng warning: eXIf: duplicate
libpng warning: eXIf: duplicate
libpng warning: eXIf: duplicate
libpng warning: eXIf: duplicate
libpng warning: eXIf: duplicate
libpng warning: eXIf: duplicate
libpng warning: eXIf: duplicate
libpng warning: eXIf: duplicate
libpng warning: eXIf: duplicate
libpng warning: eXIf: duplicate
libpng warning: eXIf: duplicate
libpng warning: eXIf: duplicate
libpng warning: eXIf: duplicate
libpng warning: eXIf: duplicate
libpng warning: eXIf: duplicate
libpng warning: eXIf: duplicate
libpng warning: eXIf: duplicate
libpng warning: eXIf: duplicate
libpng warning: eXIf: duplicate
libpng warning: eXIf: duplicate
libpng warning: eXIf: duplicate
libpng warning: eXIf: duplicate
libpng warning: eXIf: duplicate
libpng warning: eXIf: duplicate
libpng warning: eXIf: duplicate
libpng warning: eXIf: duplicate
libpng warning: eXIf: duplicate
libpng warning: eXIf: duplicate
libpng warning: eXIf: duplicate
libpng warning: eXIf: duplicate
libpng warning: eXIf: duplicate
libpng warning: eXIf: duplicate
libpng warning: eXIf: duplicate
libpng warning: eXIf: duplicate
libpng warning: eXIf: duplicate
libpng warning: eXIf: duplicate
libpng warning: eXIf: duplicate
libpng warning: eXIf: duplicate
libpng warning: eXIf: duplicate
libpng warning: eXIf: duplicate
libpng warning: eXIf: duplicate
libpng warning: eXIf: duplicate
libpng warning: eXIf: duplicate
libpng warning: eXIf: duplicate
libpng warning: eXIf: duplicate
libpng warning: eXIf: duplicate
libpng warning: eXIf: duplicate
libpng warning: eXIf: duplicate
libpng warning: eXIf: duplicate
libpng warning: eXIf: duplicate
libpng warning: eXIf: duplicate
libpng warning: eXIf: duplicate
libpng warning: eXIf: duplicate
libpng warning: eXIf: duplicate
libpng warning: eXIf: duplicate
libpng warning: eXIf: duplicate
libpng warning: eXIf: duplicate
libpng warning: eXIf: duplicate
libpng warning: eXIf: duplicate
libpng warning: eXIf: duplicate
libpng warning: eXIf: duplicate
libpng warning: eXIf: duplicate
libpng warning: eXIf: duplicate
libpng warning: eXIf: duplicate
libpng warning: eXIf: duplicate
libpng warning: eXIf: duplicate
libpng warning: eXIf: duplicate
libpng warning: eXIf: duplicate
libpng warning: eXIf: duplicate
libpng warning: eXIf: duplicate
libpng warning: eXIf: duplicate
libpng warning: eXIf: duplicate
libpng warning: eXIf: duplicate
libpng warning: eXIf: duplicate
libpng warning: eXIf: duplicate
libpng warning: eXIf: duplicate
libpng warning: eXIf: duplicate
libpng warning: eXIf: duplicate
libpng warning: eXIf: duplicate
libpng warning: eXIf: duplicate
libpng warning: eXIf: duplicate
libpng warning: eXIf: duplicate
libpng warning: eXIf: duplicate
libpng warning: eXIf: duplicate
libpng warning: eXIf: duplicate
libpng warning: eXIf: duplicate
libpng warning: eXIf: duplicate
libpng warning: eXIf: duplicate
libpng warning: eXIf: duplicate
libpng warning: eXIf: duplicate
libpng warning: eXIf: duplicate
libpng warning: eXIf: duplicate
libpng warning: eXIf: duplicate
libpng warning: eXIf: duplicate
libpng warning: eXIf: duplicate
libpng warning: eXIf: duplicate
libpng warning: eXIf: duplicate
libpng warning: eXIf: duplicate
libpng warning: eXIf: duplicate
libpng warning: eXIf: duplicate
libpng warning: eXIf: duplicate
libpng warning: eXIf: duplicate
libpng warning: eXIf: duplicate
libpng warning: eXIf: duplicate
libpng warning: eXIf: duplicate
libpng warning: eXIf: duplicate
libpng warning: eXIf: duplicate
libpng warning: eXIf: duplicate
libpng warning: eXIf: duplicate
libpng warning: eXIf: duplicate
libpng warning: eXIf: duplicate
libpng warning: eXIf: duplicate
libpng warning: eXIf: duplicate
libpng warning: eXIf: duplicate
libpng warning: eXIf: duplicate
libpng warning: eXIf: duplicate
libpng warning: eXIf: duplicate
libpng warning: eXIf: duplicate
libpng warning: eXIf: duplicate
libpng warning: eXIf: duplicate
libpng warning: eXIf: duplicate
libpng warning: eXIf: duplicate
libpng warning: eXIf: duplicate
libpng warning: eXIf: duplicate
libpng warning: eXIf: duplicate
libpng warning: eXIf: duplicate
libpng warning: eXIf: duplicate
libpng warning: eXIf: duplicate
libpng warning: eXIf: duplicate
libpng warning: eXIf: duplicate
libpng warning: eXIf: duplicate
libpng warning: eXIf: duplicate
libpng warning: eXIf: duplicate
libpng warning: eXIf: duplicate
libpng warning: eXIf: duplicate
libpng warning: eXIf: duplicate
libpng warning: eXIf: duplicate
libpng warning: eXIf: duplicate
libpng warning: eXIf: duplicate
libpng warning: eXIf: duplicate
libpng warning: eXIf: duplicate
libpng warning: eXIf: duplicate
libpng warning: eXIf: duplicate
libpng warning: eXIf: duplicate
libpng warning: eXIf: duplicate
libpng warning: eXIf: duplicate
libpng warning: eXIf: duplicate
libpng warning: eXIf: duplicate
libpng warning: eXIf: duplicate
libpng warning: eXIf: duplicate
libpng warning: eXIf: duplicate
libpng warning: eXIf: duplicate
libpng warning: eXIf: duplicate
libpng warning: eXIf: duplicate
libpng warning: eXIf: duplicate
libpng warning: eXIf: duplicate
libpng warning: eXIf: duplicate
libpng warning: eXIf: duplicate
libpng warning: eXIf: duplicate
libpng warning: eXIf: duplicate
libpng warning: eXIf: duplicate
libpng warning: eXIf: duplicate
libpng warning: eXIf: duplicate
libpng warning: eXIf: duplicate
libpng warning: eXIf: duplicate
libpng warning: eXIf: duplicate
libpng warning: eXIf: duplicate
libpng warning: eXIf: duplicate
libpng warning: eXIf: duplicate
libpng warning: eXIf: duplicate
libpng warning: eXIf: duplicate
libpng warning: eXIf: duplicate
libpng warning: eXIf: duplicate
libpng warning: eXIf: duplicate
libpng warning: eXIf: duplicate
libpng warning: eXIf: duplicate
libpng warning: eXIf: duplicate
libpng warning: eXIf: duplicate
libpng warning: eXIf: duplicate
libpng warning: eXIf: duplicate
libpng warning: eXIf: duplicate
libpng warning: eXIf: duplicate
libpng warning: eXIf: duplicate
libpng warning: eXIf: duplicate
libpng warning: eXIf: duplicate
libpng warning: eXIf: duplicate
libpng warning: eXIf: duplicate
libpng warning: eXIf: duplicate
libpng warning: eXIf: duplicate
libpng warning: eXIf: duplicate
libpng warning: eXIf: duplicate
libpng warning: eXIf: duplicate
libpng warning: eXIf: duplicate
libpng warning: eXIf: duplicate
libpng warning: eXIf: duplicate
libpng warning: eXIf: duplicate
libpng warning: eXIf: duplicate
libpng warning: eXIf: duplicate
libpng warning: eXIf: duplicate
libpng warning: eXIf: duplicate
libpng warning: eXIf: duplicate
libpng warning: eXIf: duplicate
libpng warning: eXIf: duplicate
libpng warning: eXIf: duplicate
libpng warning: eXIf: duplicate
libpng warning: eXIf: duplicate
libpng warning: eXIf: duplicate
libpng warning: eXIf: duplicate
libpng warning: eXIf: duplicate
libpng warning: eXIf: duplicate
libpng warning: eXIf: duplicate
libpng warning: eXIf: duplicate
libpng warning: eXIf: duplicate
libpng warning: eXIf: duplicate
libpng warning: eXIf: duplicate
libpng warning: eXIf: duplicate
libpng warning: eXIf: duplicate
libpng warning: eXIf: duplicate
libpng warning: eXIf: duplicate
libpng warning: eXIf: duplicate
libpng warning: eXIf: duplicate
libpng warning: eXIf: duplicate
libpng warning: eXIf: duplicate
libpng warning: eXIf: duplicate
libpng warning: eXIf: duplicate
libpng warning: eXIf: duplicate
libpng warning: eXIf: duplicate
libpng warning: eXIf: duplicate
libpng warning: eXIf: duplicate
libpng warning: eXIf: duplicate
libpng warning: eXIf: duplicate
libpng warning: eXIf: duplicate
libpng warning: eXIf: duplicate
libpng warning: eXIf: duplicate
libpng warning: eXIf: duplicate
libpng warning: eXIf: duplicate
libpng warning: eXIf: duplicate
libpng warning: eXIf: duplicate
libpng warning: eXIf: duplicate
libpng warning: eXIf: duplicate
libpng warning: eXIf: duplicate
libpng warning: eXIf: duplicate
libpng warning: eXIf: duplicate
libpng warning: eXIf: duplicate
libpng warning: eXIf: duplicate
libpng warning: eXIf: duplicate
libpng warning: eXIf: duplicate
libpng warning: eXIf: duplicate
libpng warning: eXIf: duplicate
libpng warning: eXIf: duplicate
libpng warning: eXIf: duplicate
libpng warning: eXIf: duplicate
libpng warning: eXIf: duplicate
libpng warning: eXIf: duplicate
libpng warning: eXIf: duplicate
libpng warning: eXIf: duplicate
libpng warning: eXIf: duplicate
libpng warning: eXIf: duplicate
libpng warning: eXIf: duplicate
libpng warning: eXIf: duplicate
libpng warning: eXIf: duplicate
libpng warning: eXIf: duplicate
libpng warning: eXIf: duplicate
libpng warning: eXIf: duplicate
libpng warning: eXIf: duplicate
libpng warning: eXIf: duplicate
libpng warning: eXIf: duplicate
libpng warning: eXIf: duplicate
libpng warning: eXIf: duplicate
libpng warning: eXIf: duplicate
libpng warning: eXIf: duplicate
libpng warning: eXIf: duplicate
libpng warning: eXIf: duplicate
libpng warning: eXIf: duplicate
libpng warning: eXIf: duplicate
libpng warning: eXIf: duplicate
libpng warning: eXIf: duplicate
libpng warning: eXIf: duplicate
libpng warning: eXIf: duplicate
libpng warning: eXIf: duplicate
libpng warning: eXIf: duplicate
libpng warning: eXIf: duplicate
libpng warning: eXIf: duplicate
libpng warning: eXIf: duplicate
libpng warning: eXIf: duplicate
libpng warning: eXIf: duplicate
libpng warning: eXIf: duplicate
libpng warning: eXIf: duplicate
libpng warning: eXIf: duplicate
libpng warning: eXIf: duplicate
libpng warning: eXIf: duplicate
libpng warning: eXIf: duplicate
libpng warning: eXIf: duplicate
libpng warning: eXIf: duplicate
libpng warning: eXIf: duplicate
libpng warning: eXIf: duplicate
libpng warning: eXIf: duplicate
libpng warning: eXIf: duplicate
libpng warning: eXIf: duplicate
libpng warning: eXIf: duplicate
libpng warning: eXIf: duplicate
libpng warning: eXIf: duplicate
libpng warning: eXIf: duplicate
libpng warning: eXIf: duplicate
libpng warning: eXIf: duplicate
libpng warning: eXIf: duplicate
libpng warning: eXIf: duplicate
libpng warning: eXIf: duplicate
libpng warning: eXIf: duplicate
libpng warning: eXIf: duplicate
libpng warning: eXIf: duplicate
libpng warning: eXIf: duplicate
libpng warning: eXIf: duplicate
libpng warning: eXIf: duplicate
libpng warning: eXIf: duplicate
libpng warning: eXIf: duplicate
libpng warning: eXIf: duplicate
libpng warning: eXIf: duplicate
libpng warning: eXIf: duplicate
libpng warning: eXIf: duplicate
libpng warning: eXIf: duplicate
libpng warning: eXIf: duplicate
libpng warning: eXIf: duplicate
libpng warning: eXIf: duplicate
libpng warning: eXIf: duplicate
libpng warning: eXIf: duplicate
libpng warning: eXIf: duplicate
libpng warning: eXIf: duplicate
libpng warning: eXIf: duplicate
libpng warning: eXIf: duplicate
libpng warning: eXIf: duplicate
libpng warning: eXIf: duplicate
libpng warning: eXIf: duplicate
libpng warning: eXIf: duplicate
libpng warning: eXIf: duplicate
libpng warning: eXIf: duplicate
libpng warning: eXIf: duplicate
libpng warning: eXIf: duplicate
libpng warning: eXIf: duplicate
libpng warning: eXIf: duplicate
libpng warning: eXIf: duplicate
libpng warning: eXIf: duplicate
libpng warning: eXIf: duplicate
libpng warning: eXIf: duplicate
libpng warning: eXIf: duplicate
libpng warning: eXIf: duplicate
libpng warning: eXIf: duplicate
libpng warning: eXIf: duplicate
libpng warning: eXIf: duplicate
libpng warning: eXIf: duplicate
libpng warning: eXIf: duplicate
libpng warning: eXIf: duplicate
libpng warning: eXIf: duplicate
libpng warning: eXIf: duplicate
libpng warning: eXIf: duplicate
libpng warning: eXIf: duplicate
libpng warning: eXIf: duplicate
libpng warning: eXIf: duplicate
libpng warning: eXIf: duplicate
libpng warning: eXIf: duplicate
libpng warning: eXIf: duplicate
libpng warning: eXIf: duplicate
libpng warning: eXIf: duplicate
libpng warning: eXIf: duplicate
libpng warning: eXIf: duplicate
libpng warning: eXIf: duplicate
libpng warning: eXIf: duplicate
libpng warning: eXIf: duplicate
libpng warning: eXIf: duplicate
libpng warning: eXIf: duplicate
libpng warning: eXIf: duplicate
libpng warning: eXIf: duplicate
libpng warning: eXIf: duplicate
libpng warning: eXIf: duplicate
libpng warning: eXIf: duplicate
libpng warning: eXIf: duplicate
libpng warning: eXIf: duplicate
libpng warning: eXIf: duplicate
libpng warning: eXIf: duplicate
libpng warning: eXIf: duplicate
libpng warning: eXIf: duplicate
libpng warning: eXIf: duplicate
libpng warning: eXIf: duplicate
libpng warning: eXIf: duplicate
libpng warning: eXIf: duplicate
libpng warning: eXIf: duplicate
libpng warning: eXIf: duplicate
libpng warning: eXIf: duplicate
libpng warning: eXIf: duplicate
libpng warning: eXIf: duplicate
libpng warning: eXIf: duplicate
libpng warning: eXIf: duplicate
libpng warning: eXIf: duplicate
libpng warning: eXIf: duplicate
libpng warning: eXIf: duplicate
libpng warning: eXIf: duplicate
libpng warning: eXIf: duplicate
libpng warning: eXIf: duplicate
libpng warning: eXIf: duplicate
libpng warning: eXIf: duplicate
libpng warning: eXIf: duplicate
libpng warning: eXIf: duplicate
libpng warning: eXIf: duplicate
libpng warning: eXIf: duplicate
libpng warning: eXIf: duplicate
libpng warning: eXIf: duplicate
libpng warning: eXIf: duplicate
libpng warning: eXIf: duplicate
libpng warning: eXIf: duplicate
libpng warning: eXIf: duplicate
libpng warning: eXIf: duplicate
libpng warning: eXIf: duplicate
libpng warning: eXIf: duplicate
libpng warning: eXIf: duplicate
libpng warning: eXIf: duplicate
libpng warning: eXIf: duplicate
libpng warning: eXIf: duplicate
libpng warning: eXIf: duplicate
libpng warning: eXIf: duplicate
libpng warning: eXIf: duplicate
libpng warning: eXIf: duplicate
libpng warning: eXIf: duplicate
libpng warning: eXIf: duplicate
libpng warning: eXIf: duplicate
libpng warning: eXIf: duplicate
libpng warning: eXIf: duplicate
libpng warning: eXIf: duplicate
libpng warning: eXIf: duplicate
libpng warning: eXIf: duplicate
libpng warning: eXIf: duplicate
libpng warning: eXIf: duplicate
libpng warning: eXIf: duplicate
libpng warning: eXIf: duplicate
libpng warning: eXIf: duplicate
libpng warning: eXIf: duplicate
libpng warning: eXIf: duplicate
libpng warning: eXIf: duplicate
libpng warning: eXIf: duplicate
libpng warning: eXIf: duplicate
libpng warning: eXIf: duplicate
libpng warning: eXIf: duplicate
libpng warning: eXIf: duplicate
libpng warning: eXIf: duplicate
libpng warning: eXIf: duplicate
libpng warning: eXIf: duplicate
libpng warning: eXIf: duplicate
libpng warning: eXIf: duplicate
libpng warning: eXIf: duplicate
libpng warning: eXIf: duplicate
libpng warning: eXIf: duplicate
libpng warning: eXIf: duplicate
libpng warning: eXIf: duplicate
libpng warning: eXIf: duplicate
libpng warning: eXIf: duplicate
libpng warning: eXIf: duplicate
libpng warning: eXIf: duplicate
libpng warning: eXIf: duplicate
libpng warning: eXIf: duplicate
Gradient checkpointing DISABLED for GeoTex-Adapter compatibility
Injected 9 GeoTex adapters (up_only mode)
FAC (Adaptive Correction) enabled: LTAG=True, GSG=True, FSC=True
  FAC params: {'ltag': 3433, 'gsg': 585, 'fsc': 2304, 'total': 6322}
GeoTex adapter params: 1.57M
GeoTex encoder params: 0.63M
FAC controller params: 0.0063M
Total trainable: 2.21M / 2569.04M UNet (0.09%)
FAC params: {'ltag': 3433, 'gsg': 585, 'fsc': 2304, 'total': 6322}
Eval timestep grid: 50 steps, t range [19.0, 999.0]
  Per-adapter warm-start caps: [3.0, 3.0, 3.0, 3.5, 3.5, 3.5, 0.8, 0.8, 0.8]
  LTAG warm-started to effective C3 on 50 eval timesteps (final fit MSE = 0.00000)
  Envelope penalty 1.0: early/late target (1.25, 1.25, 1.25, 1.25, 1.25, 1.25, 0.8, 0.8, 0.8) -> mid (2.5, 2.5, 2.5, 2.5, 2.5, 2.5, 0.8, 0.8, 0.8)
Trainable controller params: 6322
============= length of dataset 1200 =============
Dataset: 1200 objects

Starting FAC training: 2000 steps, lr=0.0001, variant=ltag+gsg+fsc
======================================================================
base dir name: ['', '4T', 'CXY', 'MV-Painter', 'data', 'train_data']
alpha count: 228919 226813
reverse true
base dir name: ['', '4T', 'CXY', 'MV-Painter', 'data', 'train_data']
alpha count: 195993 218732
reverse false
base dir name: ['', '4T', 'CXY', 'MV-Painter', 'data', 'train_data']
alpha count: 245259 239448
reverse true
base dir name: ['', '4T', 'CXY', 'MV-Painter', 'data', 'train_data']
alpha count: 219590 227228
reverse false
base dir name: ['', '4T', 'CXY', 'MV-Painter', 'data', 'train_data']
alpha count: 247770 238002
reverse true
base dir name: ['', '4T', 'CXY', 'MV-Painter', 'data', 'train_data']
alpha count: 254861 232577
reverse true
base dir name: ['', '4T', 'CXY', 'MV-Painter', 'data', 'train_data']
alpha count: 238287 241878
reverse false
base dir name: ['', '4T', 'CXY', 'MV-Painter', 'data', 'train_data']
alpha count: 226172 245772
reverse false
base dir name: ['', '4T', 'CXY', 'MV-Painter', 'data', 'train_data']
alpha count: 236899 137049
reverse true
base dir name: ['', '4T', 'CXY', 'MV-Painter', 'data', 'train_data']
alpha count: 260820 260463
reverse true
base dir name: ['', '4T', 'CXY', 'MV-Painter', 'data', 'train_data']
alpha count: 239407 212920
reverse true
base dir name: ['', '4T', 'CXY', 'MV-Painter', 'data', 'train_data']
alpha count: 260984 260101
reverse true
base dir name: ['', '4T', 'CXY', 'MV-Painter', 'data', 'train_data']
alpha count: 241875 242676
reverse false
base dir name: ['', '4T', 'CXY', 'MV-Painter', 'data', 'train_data']
alpha count: 255207 241971
reverse true
base dir name: ['', '4T', 'CXY', 'MV-Painter', 'data', 'train_data']
alpha count: 226611 220595
reverse true
base dir name: ['', '4T', 'CXY', 'MV-Painter', 'data', 'train_data']
alpha count: 214687 242645
reverse false
base dir name: ['', '4T', 'CXY', 'MV-Painter', 'data', 'train_data']
alpha count: 217613 181955
reverse true
base dir name: ['', '4T', 'CXY', 'MV-Painter', 'data', 'train_data']
alpha count: 262128 262124
reverse true
base dir name: ['', '4T', 'CXY', 'MV-Painter', 'data', 'train_data']
alpha count: 242575 235263
reverse true
base dir name: ['', '4T', 'CXY', 'MV-Painter', 'data', 'train_data']
alpha count: 197051 241255
reverse false
[20/2000] loss=0.0243 (ema 0.0154) lr=1.98e-05 grad=0.036 | fsc_modules=1.6e-03 gsg_modules=2.5e-02 ltag=3.4e-03 | 1.1s
base dir name: ['', '4T', 'CXY', 'MV-Painter', 'data', 'train_data']
alpha count: 230112 237472
reverse false
base dir name: ['', '4T', 'CXY', 'MV-Painter', 'data', 'train_data']
alpha count: 210345 217857
reverse false
base dir name: ['', '4T', 'CXY', 'MV-Painter', 'data', 'train_data']
alpha count: 247168 227026
reverse true
base dir name: ['', '4T', 'CXY', 'MV-Painter', 'data', 'train_data']
alpha count: 242701 243112
reverse false
base dir name: ['', '4T', 'CXY', 'MV-Painter', 'data', 'train_data']
alpha count: 256725 256587
reverse true
base dir name: ['', '4T', 'CXY', 'MV-Painter', 'data', 'train_data']
alpha count: 202268 188025
reverse true
base dir name: ['', '4T', 'CXY', 'MV-Painter', 'data', 'train_data']
alpha count: 246199 228829
reverse true
base dir name: ['', '4T', 'CXY', 'MV-Painter', 'data', 'train_data']
alpha count: 214013 224168
reverse false
base dir name: ['', '4T', 'CXY', 'MV-Painter', 'data', 'train_data']
alpha count: 236737 229734
reverse true
base dir name: ['', '4T', 'CXY', 'MV-Painter', 'data', 'train_data']
alpha count: 195494 237789
reverse false
base dir name: ['', '4T', 'CXY', 'MV-Painter', 'data', 'train_data']
alpha count: 210305 223251
reverse false
base dir name: ['', '4T', 'CXY', 'MV-Painter', 'data', 'train_data']
alpha count: 183306 215912
reverse false
base dir name: ['', '4T', 'CXY', 'MV-Painter', 'data', 'train_data']
alpha count: 245533 211804
reverse true
base dir name: ['', '4T', 'CXY', 'MV-Painter', 'data', 'train_data']
alpha count: 226020 219605
reverse true
base dir name: ['', '4T', 'CXY', 'MV-Painter', 'data', 'train_data']
alpha count: 194697 202340
reverse false
base dir name: ['', '4T', 'CXY', 'MV-Painter', 'data', 'train_data']
alpha count: 236027 252155
reverse false
base dir name: ['', '4T', 'CXY', 'MV-Painter', 'data', 'train_data']
alpha count: 221925 234716
reverse false
base dir name: ['', '4T', 'CXY', 'MV-Painter', 'data', 'train_data']
alpha count: 203939 189928
reverse true
base dir name: ['', '4T', 'CXY', 'MV-Painter', 'data', 'train_data']
alpha count: 226486 224584
reverse true
base dir name: ['', '4T', 'CXY', 'MV-Painter', 'data', 'train_data']
alpha count: 247980 249155
reverse false
[40/2000] loss=0.0166 (ema 0.0272) lr=3.96e-05 grad=0.119 | fsc_modules=4.7e-03 gsg_modules=1.1e-01 ltag=7.0e-03 | 0.9s
base dir name: ['', '4T', 'CXY', 'MV-Painter', 'data', 'train_data']
alpha count: 246470 232692
reverse true
base dir name: ['', '4T', 'CXY', 'MV-Painter', 'data', 'train_data']
alpha count: 229535 200011
reverse true
base dir name: ['', '4T', 'CXY', 'MV-Painter', 'data', 'train_data']
alpha count: 211001 212514
reverse false
base dir name: ['', '4T', 'CXY', 'MV-Painter', 'data', 'train_data']
alpha count: 194005 188524
reverse true
base dir name: ['', '4T', 'CXY', 'MV-Painter', 'data', 'train_data']
alpha count: 239936 242613
reverse false
base dir name: ['', '4T', 'CXY', 'MV-Painter', 'data', 'train_data']
alpha count: 223098 229980
reverse false
base dir name: ['', '4T', 'CXY', 'MV-Painter', 'data', 'train_data']
alpha count: 226154 235390
reverse false
base dir name: ['', '4T', 'CXY', 'MV-Painter', 'data', 'train_data']
alpha count: 196862 180514
reverse true
base dir name: ['', '4T', 'CXY', 'MV-Painter', 'data', 'train_data']
alpha count: 233947 248348
reverse false
base dir name: ['', '4T', 'CXY', 'MV-Painter', 'data', 'train_data']
alpha count: 247788 240813
reverse true
base dir name: ['', '4T', 'CXY', 'MV-Painter', 'data', 'train_data']
alpha count: 242691 246355
reverse false
base dir name: ['', '4T', 'CXY', 'MV-Painter', 'data', 'train_data']
alpha count: 245440 243943
reverse true
base dir name: ['', '4T', 'CXY', 'MV-Painter', 'data', 'train_data']
alpha count: 251178 250751
reverse true
base dir name: ['', '4T', 'CXY', 'MV-Painter', 'data', 'train_data']
alpha count: 223903 243609
reverse false
base dir name: ['', '4T', 'CXY', 'MV-Painter', 'data', 'train_data']
alpha count: 236542 218149
reverse true
base dir name: ['', '4T', 'CXY', 'MV-Painter', 'data', 'train_data']
alpha count: 194957 210137
reverse false
base dir name: ['', '4T', 'CXY', 'MV-Painter', 'data', 'train_data']
alpha count: 239013 234347
reverse true
base dir name: ['', '4T', 'CXY', 'MV-Painter', 'data', 'train_data']
alpha count: 218233 226332
reverse false
base dir name: ['', '4T', 'CXY', 'MV-Painter', 'data', 'train_data']
alpha count: 252377 251246
reverse true
base dir name: ['', '4T', 'CXY', 'MV-Painter', 'data', 'train_data']
alpha count: 229695 223912
reverse true
[60/2000] loss=0.1256 (ema 0.0428) lr=5.94e-05 grad=0.167 | fsc_modules=3.4e-03 gsg_modules=1.3e-01 ltag=4.9e-03 | 1.0s
base dir name: ['', '4T', 'CXY', 'MV-Painter', 'data', 'train_data']
alpha count: 204059 231975
reverse false
base dir name: ['', '4T', 'CXY', 'MV-Painter', 'data', 'train_data']
alpha count: 248169 246575
reverse truelibpng warning: eXIf: duplicate
libpng warning: eXIf: duplicate
libpng warning: eXIf: duplicate
libpng warning: eXIf: duplicate
libpng warning: eXIf: duplicate
libpng warning: eXIf: duplicate
libpng warning: eXIf: duplicate
libpng warning: eXIf: duplicate
libpng warning: eXIf: duplicate
libpng warning: eXIf: duplicate
libpng warning: eXIf: duplicate
libpng warning: eXIf: duplicate
libpng warning: eXIf: duplicate
libpng warning: eXIf: duplicate
libpng warning: eXIf: duplicate
libpng warning: eXIf: duplicate
libpng warning: eXIf: duplicate
libpng warning: eXIf: duplicate
libpng warning: eXIf: duplicate
libpng warning: eXIf: duplicate
libpng warning: eXIf: duplicate
libpng warning: eXIf: duplicate
libpng warning: eXIf: duplicate
libpng warning: eXIf: duplicate
libpng warning: eXIf: duplicate
libpng warning: eXIf: duplicate
libpng warning: eXIf: duplicate
libpng warning: eXIf: duplicate
libpng warning: eXIf: duplicate
libpng warning: eXIf: duplicate
libpng warning: eXIf: duplicate
libpng warning: eXIf: duplicate
libpng warning: eXIf: duplicate
libpng warning: eXIf: duplicate
libpng warning: eXIf: duplicate
libpng warning: eXIf: duplicate
libpng warning: eXIf: duplicate
libpng warning: eXIf: duplicate
libpng warning: eXIf: duplicate
libpng warning: eXIf: duplicate
libpng warning: eXIf: duplicate
libpng warning: eXIf: duplicate
libpng warning: eXIf: duplicate
libpng warning: eXIf: duplicate
libpng warning: eXIf: duplicate
libpng warning: eXIf: duplicate
libpng warning: eXIf: duplicate
libpng warning: eXIf: duplicate
libpng warning: eXIf: duplicate
libpng warning: eXIf: duplicate
libpng warning: eXIf: duplicate
libpng warning: eXIf: duplicate
libpng warning: eXIf: duplicate
libpng warning: eXIf: duplicate
libpng warning: eXIf: duplicate
libpng warning: eXIf: duplicate
libpng warning: eXIf: duplicate
libpng warning: eXIf: duplicate
libpng warning: eXIf: duplicate
libpng warning: eXIf: duplicate
libpng warning: eXIf: duplicate
libpng warning: eXIf: duplicate
libpng warning: eXIf: duplicate
libpng warning: eXIf: duplicate
libpng warning: eXIf: duplicate
libpng warning: eXIf: duplicate
libpng warning: eXIf: duplicate
libpng warning: eXIf: duplicate
libpng warning: eXIf: duplicate
libpng warning: eXIf: duplicate
libpng warning: eXIf: duplicate
libpng warning: eXIf: duplicate
libpng warning: eXIf: duplicate
libpng warning: eXIf: duplicate
libpng warning: eXIf: duplicate
libpng warning: eXIf: duplicate
libpng warning: eXIf: duplicate
libpng warning: eXIf: duplicate
libpng warning: eXIf: duplicate
libpng warning: eXIf: duplicate
libpng warning: eXIf: duplicate
libpng warning: eXIf: duplicate
libpng warning: eXIf: duplicate
libpng warning: eXIf: duplicate
libpng warning: eXIf: duplicate
libpng warning: eXIf: duplicate
libpng warning: eXIf: duplicate
libpng warning: eXIf: duplicate
libpng warning: eXIf: duplicate
libpng warning: eXIf: duplicate
libpng warning: eXIf: duplicate
libpng warning: eXIf: duplicate
libpng warning: eXIf: duplicate
libpng warning: eXIf: duplicate
libpng warning: eXIf: duplicate
libpng warning: eXIf: duplicate
libpng warning: eXIf: duplicate
libpng warning: eXIf: duplicate
libpng warning: eXIf: duplicate
libpng warning: eXIf: duplicate
libpng warning: eXIf: duplicate
libpng warning: eXIf: duplicate
libpng warning: eXIf: duplicate
libpng warning: eXIf: duplicate
libpng warning: eXIf: duplicate
libpng warning: eXIf: duplicate
libpng warning: eXIf: duplicate
libpng warning: eXIf: duplicate
libpng warning: eXIf: duplicate
libpng warning: eXIf: duplicate
libpng warning: eXIf: duplicate
libpng warning: eXIf: duplicate
libpng warning: eXIf: duplicate
libpng warning: eXIf: duplicate
libpng warning: eXIf: duplicate
libpng warning: eXIf: duplicate
libpng warning: eXIf: duplicate
libpng warning: eXIf: duplicate
libpng warning: eXIf: duplicate
libpng warning: eXIf: duplicate
libpng warning: eXIf: duplicate
libpng warning: eXIf: duplicate
libpng warning: eXIf: duplicate
libpng warning: eXIf: duplicate
libpng warning: eXIf: duplicate
libpng warning: eXIf: duplicate
libpng warning: eXIf: duplicate
libpng warning: eXIf: duplicate
libpng warning: eXIf: duplicate
libpng warning: eXIf: duplicate
libpng warning: eXIf: duplicate
libpng warning: eXIf: duplicate
libpng warning: eXIf: duplicate
libpng warning: eXIf: duplicate
libpng warning: eXIf: duplicate
libpng warning: eXIf: duplicate
libpng warning: eXIf: duplicate
libpng warning: eXIf: duplicate
libpng warning: eXIf: duplicate
libpng warning: eXIf: duplicate
libpng warning: eXIf: duplicate
libpng warning: eXIf: duplicate
libpng warning: eXIf: duplicate
libpng warning: eXIf: duplicate
libpng warning: eXIf: duplicate
libpng warning: eXIf: duplicate
libpng warning: eXIf: duplicate
libpng warning: eXIf: duplicate
libpng warning: eXIf: duplicate
libpng warning: eXIf: duplicate
libpng warning: eXIf: duplicate
libpng warning: eXIf: duplicate
libpng warning: eXIf: duplicate
libpng warning: eXIf: duplicate
libpng warning: eXIf: duplicate
libpng warning: eXIf: duplicate
libpng warning: eXIf: duplicate
libpng warning: eXIf: duplicate
libpng warning: eXIf: duplicate
libpng warning: eXIf: duplicate
libpng warning: eXIf: duplicate
libpng warning: eXIf: duplicate
libpng warning: eXIf: duplicate
libpng warning: eXIf: duplicate
libpng warning: eXIf: duplicate
libpng warning: eXIf: duplicate
libpng warning: eXIf: duplicate
libpng warning: eXIf: duplicate
libpng warning: eXIf: duplicate
libpng warning: eXIf: duplicate
libpng warning: eXIf: duplicate
libpng warning: eXIf: duplicate
libpng warning: eXIf: duplicate
libpng warning: eXIf: duplicate
libpng warning: eXIf: duplicate
libpng warning: eXIf: duplicate
libpng warning: eXIf: duplicate
libpng warning: eXIf: duplicate
libpng warning: eXIf: duplicate
libpng warning: eXIf: duplicate
libpng warning: eXIf: duplicate
libpng warning: eXIf: duplicate
libpng warning: eXIf: duplicate
libpng warning: eXIf: duplicate
libpng warning: eXIf: duplicate
libpng warning: eXIf: duplicate
libpng warning: eXIf: duplicate
libpng warning: eXIf: duplicate
libpng warning: eXIf: duplicate
libpng warning: eXIf: duplicate
libpng warning: eXIf: duplicate
libpng warning: eXIf: duplicate
libpng warning: eXIf: duplicate
libpng warning: eXIf: duplicate
libpng warning: eXIf: duplicate
libpng warning: eXIf: duplicate
libpng warning: eXIf: duplicate
libpng warning: eXIf: duplicate
libpng warning: eXIf: duplicate
libpng warning: eXIf: duplicate
libpng warning: eXIf: duplicate
libpng warning: eXIf: duplicate
libpng warning: eXIf: duplicate
libpng warning: eXIf: duplicate
libpng warning: eXIf: duplicate
libpng warning: eXIf: duplicate
libpng warning: eXIf: duplicate
libpng warning: eXIf: duplicate
libpng warning: eXIf: duplicate
libpng warning: eXIf: duplicate
libpng warning: eXIf: duplicate
libpng warning: eXIf: duplicate
libpng warning: eXIf: duplicate
libpng warning: eXIf: duplicate
libpng warning: eXIf: duplicate
libpng warning: eXIf: duplicate
libpng warning: eXIf: duplicate
libpng warning: eXIf: duplicate
libpng warning: eXIf: duplicate
libpng warning: eXIf: duplicate
libpng warning: eXIf: duplicate
libpng warning: eXIf: duplicate
libpng warning: eXIf: duplicate
libpng warning: eXIf: duplicate
libpng warning: eXIf: duplicate
libpng warning: eXIf: duplicate
libpng warning: eXIf: duplicate
libpng warning: eXIf: duplicate
libpng warning: eXIf: duplicate
libpng warning: eXIf: duplicate
libpng warning: eXIf: duplicate
libpng warning: eXIf: duplicate
libpng warning: eXIf: duplicate
libpng warning: eXIf: duplicate
libpng warning: eXIf: duplicate
libpng warning: eXIf: duplicate
libpng warning: eXIf: duplicate
libpng warning: eXIf: duplicate
libpng warning: eXIf: duplicate
libpng warning: eXIf: duplicate
libpng warning: eXIf: duplicate
libpng warning: eXIf: duplicate
libpng warning: eXIf: duplicate
libpng warning: eXIf: duplicate
libpng warning: eXIf: duplicate
libpng warning: eXIf: duplicate
libpng warning: eXIf: duplicate
libpng warning: eXIf: duplicate
libpng warning: eXIf: duplicate
libpng warning: eXIf: duplicate
libpng warning: eXIf: duplicate
libpng warning: eXIf: duplicate
libpng warning: eXIf: duplicate
libpng warning: eXIf: duplicate
libpng warning: eXIf: duplicate
libpng warning: eXIf: duplicate
libpng warning: eXIf: duplicate
libpng warning: eXIf: duplicate
libpng warning: eXIf: duplicate
libpng warning: eXIf: duplicate
libpng warning: eXIf: duplicate
libpng warning: eXIf: duplicate
libpng warning: eXIf: duplicate
libpng warning: eXIf: duplicate
libpng warning: eXIf: duplicate
libpng warning: eXIf: duplicate
libpng warning: eXIf: duplicate
libpng warning: eXIf: duplicate
libpng warning: eXIf: duplicate
libpng warning: eXIf: duplicate
libpng warning: eXIf: duplicate
libpng warning: eXIf: duplicate
libpng warning: eXIf: duplicate
libpng warning: eXIf: duplicate
libpng warning: eXIf: duplicate
libpng warning: eXIf: duplicate
libpng warning: eXIf: duplicate
libpng warning: eXIf: duplicate
libpng warning: eXIf: duplicate
libpng warning: eXIf: duplicate
libpng warning: eXIf: duplicate
libpng warning: eXIf: duplicate
libpng warning: eXIf: duplicate
libpng warning: eXIf: duplicate
libpng warning: eXIf: duplicate
libpng warning: eXIf: duplicate
libpng warning: eXIf: duplicate
libpng warning: eXIf: duplicate
libpng warning: eXIf: duplicate
libpng warning: eXIf: duplicate
libpng warning: eXIf: duplicate
libpng warning: eXIf: duplicate
libpng warning: eXIf: duplicate
libpng warning: eXIf: duplicate
libpng warning: eXIf: duplicate
libpng warning: eXIf: duplicate
libpng warning: eXIf: duplicate
libpng warning: eXIf: duplicate
libpng warning: eXIf: duplicate
libpng warning: eXIf: duplicate
libpng warning: eXIf: duplicate
libpng warning: eXIf: duplicate
libpng warning: eXIf: duplicate
libpng warning: eXIf: duplicate
libpng warning: eXIf: duplicate
libpng warning: eXIf: duplicate
libpng warning: eXIf: duplicate
libpng warning: eXIf: duplicate
libpng warning: eXIf: duplicate
libpng warning: eXIf: duplicate
libpng warning: eXIf: duplicate
libpng warning: eXIf: duplicate
libpng warning: eXIf: duplicate
libpng warning: eXIf: duplicate
libpng warning: eXIf: duplicate
libpng warning: eXIf: duplicate
libpng warning: eXIf: duplicate
libpng warning: eXIf: duplicate
libpng warning: eXIf: duplicate
libpng warning: eXIf: duplicate
libpng warning: eXIf: duplicate
libpng warning: eXIf: duplicate
libpng warning: eXIf: duplicate
libpng warning: eXIf: duplicate
libpng warning: eXIf: duplicate
libpng warning: eXIf: duplicate
libpng warning: eXIf: duplicate
libpng warning: eXIf: duplicate
libpng warning: eXIf: duplicate
libpng warning: eXIf: duplicate
libpng warning: eXIf: duplicate
libpng warning: eXIf: duplicate
libpng warning: eXIf: duplicate
libpng warning: eXIf: duplicate
libpng warning: eXIf: duplicate
libpng warning: eXIf: duplicate
libpng warning: eXIf: duplicate
libpng warning: eXIf: duplicate
libpng warning: eXIf: duplicate
libpng warning: eXIf: duplicate
libpng warning: eXIf: duplicate
libpng warning: eXIf: duplicate
libpng warning: eXIf: duplicate
libpng warning: eXIf: duplicate
libpng warning: eXIf: duplicate
libpng warning: eXIf: duplicate
libpng warning: eXIf: duplicate
libpng warning: eXIf: duplicate
libpng warning: eXIf: duplicate
libpng warning: eXIf: duplicate
libpng warning: eXIf: duplicate
libpng warning: eXIf: duplicate
libpng warning: eXIf: duplicate
libpng warning: eXIf: duplicate
libpng warning: eXIf: duplicate
libpng warning: eXIf: duplicate
libpng warning: eXIf: duplicate
libpng warning: eXIf: duplicate
libpng warning: eXIf: duplicate
libpng warning: eXIf: duplicate
libpng warning: eXIf: duplicate
libpng warning: eXIf: duplicate
libpng warning: eXIf: duplicate
libpng warning: eXIf: duplicate
libpng warning: eXIf: duplicate
libpng warning: eXIf: duplicate
libpng warning: eXIf: duplicate
libpng warning: eXIf: duplicate
libpng warning: eXIf: duplicate
libpng warning: eXIf: duplicate
libpng warning: eXIf: duplicate
libpng warning: eXIf: duplicate
libpng warning: eXIf: duplicate
libpng warning: eXIf: duplicate
libpng warning: eXIf: duplicate
libpng warning: eXIf: duplicate
libpng warning: eXIf: duplicate
libpng warning: eXIf: duplicate
libpng warning: eXIf: duplicate
libpng warning: eXIf: duplicate
libpng warning: eXIf: duplicate
libpng warning: eXIf: duplicate
libpng warning: eXIf: duplicate
libpng warning: eXIf: duplicate
libpng warning: eXIf: duplicate
libpng warning: eXIf: duplicate
libpng warning: eXIf: duplicate
libpng warning: eXIf: duplicate
libpng warning: eXIf: duplicate
libpng warning: eXIf: duplicate
libpng warning: eXIf: duplicate
libpng warning: eXIf: duplicate
libpng warning: eXIf: duplicate
libpng warning: eXIf: duplicate
libpng warning: eXIf: duplicate
libpng warning: eXIf: duplicate
libpng warning: eXIf: duplicate
libpng warning: eXIf: duplicate
libpng warning: eXIf: duplicate
libpng warning: eXIf: duplicate
libpng warning: eXIf: duplicate
libpng warning: eXIf: duplicate
libpng warning: eXIf: duplicate
libpng warning: eXIf: duplicate
libpng warning: eXIf: duplicate
libpng warning: eXIf: duplicate
libpng warning: eXIf: duplicate
libpng warning: eXIf: duplicate
libpng warning: eXIf: duplicate
libpng warning: eXIf: duplicate
libpng warning: eXIf: duplicate
libpng warning: eXIf: duplicate
libpng warning: eXIf: duplicate
libpng warning: eXIf: duplicate
libpng warning: eXIf: duplicate
libpng warning: eXIf: duplicate
libpng warning: eXIf: duplicate
libpng warning: eXIf: duplicate
libpng warning: eXIf: duplicate
libpng warning: eXIf: duplicate
libpng warning: eXIf: duplicate
libpng warning: eXIf: duplicate
libpng warning: eXIf: duplicate
libpng warning: eXIf: duplicate
libpng warning: eXIf: duplicate
libpng warning: eXIf: duplicate
libpng warning: eXIf: duplicate
libpng warning: eXIf: duplicate
libpng warning: eXIf: duplicate
libpng warning: eXIf: duplicate
libpng warning: eXIf: duplicate
libpng warning: eXIf: duplicate
libpng warning: eXIf: duplicate
libpng warning: eXIf: duplicate
libpng warning: eXIf: duplicate
libpng warning: eXIf: duplicate
libpng warning: eXIf: duplicate
libpng warning: eXIf: duplicate
libpng warning: eXIf: duplicate
libpng warning: eXIf: duplicate
libpng warning: eXIf: duplicate
libpng warning: eXIf: duplicate
libpng warning: eXIf: duplicate
libpng warning: eXIf: duplicate
libpng warning: eXIf: duplicate
libpng warning: eXIf: duplicate
libpng warning: eXIf: duplicate
libpng warning: eXIf: duplicate
libpng warning: eXIf: duplicate
libpng warning: eXIf: duplicate
libpng warning: eXIf: duplicate
libpng warning: eXIf: duplicate
libpng warning: eXIf: duplicate
libpng warning: eXIf: duplicate
libpng warning: eXIf: duplicate
libpng warning: eXIf: duplicate
libpng warning: eXIf: duplicate
libpng warning: eXIf: duplicate
libpng warning: eXIf: duplicate
libpng warning: eXIf: duplicate
libpng warning: eXIf: duplicate
libpng warning: eXIf: duplicate
libpng warning: eXIf: duplicate
libpng warning: eXIf: duplicate
libpng warning: eXIf: duplicate
libpng warning: eXIf: duplicate
libpng warning: eXIf: duplicate
libpng warning: eXIf: duplicate
libpng warning: eXIf: duplicate
libpng warning: eXIf: duplicate
libpng warning: eXIf: duplicate
libpng warning: eXIf: duplicate
libpng warning: eXIf: duplicate
libpng warning: eXIf: duplicate
libpng warning: eXIf: duplicate
libpng warning: eXIf: duplicate
libpng warning: eXIf: duplicate
libpng warning: eXIf: duplicate
libpng warning: eXIf: duplicate
libpng warning: eXIf: duplicate
libpng warning: eXIf: duplicate
libpng warning: eXIf: duplicate
libpng warning: eXIf: duplicate
libpng warning: eXIf: duplicate
libpng warning: eXIf: duplicate
libpng warning: eXIf: duplicate
libpng warning: eXIf: duplicate
libpng warning: eXIf: duplicate
libpng warning: eXIf: duplicate
libpng warning: eXIf: duplicate
libpng warning: eXIf: duplicate
libpng warning: eXIf: duplicate
libpng warning: eXIf: duplicate
libpng warning: eXIf: duplicate
libpng warning: eXIf: duplicate
libpng warning: eXIf: duplicate
libpng warning: eXIf: duplicate
libpng warning: eXIf: duplicate
libpng warning: eXIf: duplicate
libpng warning: eXIf: duplicate
libpng warning: eXIf: duplicate
libpng warning: eXIf: duplicate
libpng warning: eXIf: duplicate
libpng warning: eXIf: duplicate
libpng warning: eXIf: duplicate
libpng warning: eXIf: duplicate
libpng warning: eXIf: duplicate
libpng warning: eXIf: duplicate
libpng warning: eXIf: duplicate
libpng warning: eXIf: duplicate
libpng warning: eXIf: duplicate
libpng warning: eXIf: duplicate
libpng warning: eXIf: duplicate
libpng warning: eXIf: duplicate
libpng warning: eXIf: duplicate
libpng warning: eXIf: duplicate
libpng warning: eXIf: duplicate
libpng warning: eXIf: duplicate
libpng warning: eXIf: duplicate
libpng warning: eXIf: duplicate
libpng warning: eXIf: duplicate
libpng warning: eXIf: duplicate
libpng warning: eXIf: duplicate
libpng warning: eXIf: duplicate
libpng warning: eXIf: duplicate
libpng warning: eXIf: duplicate
libpng warning: eXIf: duplicate
libpng warning: eXIf: duplicate
libpng warning: eXIf: duplicate
libpng warning: eXIf: duplicate
libpng warning: eXIf: duplicate
libpng warning: eXIf: duplicate
libpng warning: eXIf: duplicate
libpng warning: eXIf: duplicate
libpng warning: eXIf: duplicate
libpng warning: eXIf: duplicate
libpng warning: eXIf: duplicate
libpng warning: eXIf: duplicate
libpng warning: eXIf: duplicate
libpng warning: eXIf: duplicate
libpng warning: eXIf: duplicate
libpng warning: eXIf: duplicate
libpng warning: eXIf: duplicate
libpng warning: eXIf: duplicate
libpng warning: eXIf: duplicate
libpng warning: eXIf: duplicate
libpng warning: eXIf: duplicate
libpng warning: eXIf: duplicate
libpng warning: eXIf: duplicate
libpng warning: eXIf: duplicate
libpng warning: eXIf: duplicate
libpng warning: eXIf: duplicate
libpng warning: eXIf: duplicate
libpng warning: eXIf: duplicate
libpng warning: eXIf: duplicate
libpng warning: eXIf: duplicate
libpng warning: eXIf: duplicate
libpng warning: eXIf: duplicate
libpng warning: eXIf: duplicate
libpng warning: eXIf: duplicate
libpng warning: eXIf: duplicate
libpng warning: eXIf: duplicate
libpng warning: eXIf: duplicate
libpng warning: eXIf: duplicate
libpng warning: eXIf: duplicate
libpng warning: eXIf: duplicate
libpng warning: eXIf: duplicate
libpng warning: eXIf: duplicate
libpng warning: eXIf: duplicate
libpng warning: eXIf: duplicate
libpng warning: eXIf: duplicate
libpng warning: eXIf: duplicate
libpng warning: eXIf: duplicate
libpng warning: eXIf: duplicate
libpng warning: eXIf: duplicate
libpng warning: eXIf: duplicate
libpng warning: eXIf: duplicate
libpng warning: eXIf: duplicate
libpng warning: eXIf: duplicate
libpng warning: eXIf: duplicate
libpng warning: eXIf: duplicate
libpng warning: eXIf: duplicate
libpng warning: eXIf: duplicate
libpng warning: eXIf: duplicate
libpng warning: eXIf: duplicate
libpng warning: eXIf: duplicate
libpng warning: eXIf: duplicate
libpng warning: eXIf: duplicate
libpng warning: eXIf: duplicate
libpng warning: eXIf: duplicate
libpng warning: eXIf: duplicate
libpng warning: eXIf: duplicate
libpng warning: eXIf: duplicate
libpng warning: eXIf: duplicate
libpng warning: eXIf: duplicate
libpng warning: eXIf: duplicate
libpng warning: eXIf: duplicate
libpng warning: eXIf: duplicate

base dir name: ['', '4T', 'CXY', 'MV-Painter', 'data', 'train_data']
alpha count: 169973 233030
reverse false
base dir name: ['', '4T', 'CXY', 'MV-Painter', 'data', 'train_data']
alpha count: 242790 233304
reverse true
base dir name: ['', '4T', 'CXY', 'MV-Painter', 'data', 'train_data']
alpha count: 232115 214514
reverse true
base dir name: ['', '4T', 'CXY', 'MV-Painter', 'data', 'train_data']
alpha count: 238788 229996
reverse true
base dir name: ['', '4T', 'CXY', 'MV-Painter', 'data', 'train_data']
alpha count: 235818 230984
reverse true
base dir name: ['', '4T', 'CXY', 'MV-Painter', 'data', 'train_data']
alpha count: 259187 247344
reverse true
base dir name: ['', '4T', 'CXY', 'MV-Painter', 'data', 'train_data']
alpha count: 246344 210898
reverse true
base dir name: ['', '4T', 'CXY', 'MV-Painter', 'data', 'train_data']
alpha count: 246478 259469
reverse false
base dir name: ['', '4T', 'CXY', 'MV-Painter', 'data', 'train_data']
alpha count: 226364 223639
reverse true
base dir name: ['', '4T', 'CXY', 'MV-Painter', 'data', 'train_data']
alpha count: 254934 248003
reverse true
base dir name: ['', '4T', 'CXY', 'MV-Painter', 'data', 'train_data']
alpha count: 233580 215562
reverse true
base dir name: ['', '4T', 'CXY', 'MV-Painter', 'data', 'train_data']
alpha count: 217039 227047
reverse false
base dir name: ['', '4T', 'CXY', 'MV-Painter', 'data', 'train_data']
alpha count: 211901 236396
reverse false
base dir name: ['', '4T', 'CXY', 'MV-Painter', 'data', 'train_data']
alpha count: 234581 244668
reverse false
base dir name: ['', '4T', 'CXY', 'MV-Painter', 'data', 'train_data']
alpha count: 252681 189383
reverse true
base dir name: ['', '4T', 'CXY', 'MV-Painter', 'data', 'train_data']
alpha count: 242924 242312
reverse true
base dir name: ['', '4T', 'CXY', 'MV-Painter', 'data', 'train_data']
alpha count: 236825 235928
reverse true
base dir name: ['', '4T', 'CXY', 'MV-Painter', 'data', 'train_data']
alpha count: 230005 242924
reverse false
[80/2000] loss=0.0776 (ema 0.0537) lr=7.92e-05 grad=0.432 | fsc_modules=1.1e-02 gsg_modules=4.0e-01 ltag=1.5e-02 | 1.1s
base dir name: ['', '4T', 'CXY', 'MV-Painter', 'data', 'train_data']
alpha count: 246418 236614
reverse true
base dir name: ['', '4T', 'CXY', 'MV-Painter', 'data', 'train_data']
alpha count: 228378 177089
reverse true
base dir name: ['', '4T', 'CXY', 'MV-Painter', 'data', 'train_data']
alpha count: 222202 248657
reverse false
base dir name: ['', '4T', 'CXY', 'MV-Painter', 'data', 'train_data']
alpha count: 243304 154409
reverse true
base dir name: ['', '4T', 'CXY', 'MV-Painter', 'data', 'train_data']
alpha count: 224749 191558
reverse true
base dir name: ['', '4T', 'CXY', 'MV-Painter', 'data', 'train_data']
alpha count: 239797 193125
reverse true
base dir name: ['', '4T', 'CXY', 'MV-Painter', 'data', 'train_data']
alpha count: 226663 228416
reverse false
base dir name: ['', '4T', 'CXY', 'MV-Painter', 'data', 'train_data']
alpha count: 243465 244004
reverse false
base dir name: ['', '4T', 'CXY', 'MV-Painter', 'data', 'train_data']
alpha count: 207844 218962
reverse false
base dir name: ['', '4T', 'CXY', 'MV-Painter', 'data', 'train_data']
alpha count: 229469 246128
reverse false
base dir name: ['', '4T', 'CXY', 'MV-Painter', 'data', 'train_data']
alpha count: 243255 258817
reverse false
base dir name: ['', '4T', 'CXY', 'MV-Painter', 'data', 'train_data']
alpha count: 219545 205434
reverse true
base dir name: ['', '4T', 'CXY', 'MV-Painter', 'data', 'train_data']
alpha count: 196959 204723
reverse false
base dir name: ['', '4T', 'CXY', 'MV-Painter', 'data', 'train_data']
alpha count: 178418 195580
reverse false
base dir name: ['', '4T', 'CXY', 'MV-Painter', 'data', 'train_data']
alpha count: 221840 203103
reverse true
base dir name: ['', '4T', 'CXY', 'MV-Painter', 'data', 'train_data']
alpha count: 251582 214348
reverse true
base dir name: ['', '4T', 'CXY', 'MV-Painter', 'data', 'train_data']
alpha count: 217040 225538
reverse false
base dir name: ['', '4T', 'CXY', 'MV-Painter', 'data', 'train_data']
alpha count: 262144 262144
reverse false
OpenCV(4.13.0) /io/opencv/modules/imgproc/src/resize.cpp:4208: error: (-215:Assertion failed) !ssize.empty() in function 'resize'

wrong path: /4T/CXY/MV-Painter/data/train_data/rendered_full/139331da744542009f146018fd0e05f4/image
base dir name: ['', '4T', 'CXY', 'MV-Painter', 'data', 'train_data']
alpha count: 250504 236147
reverse true
base dir name: ['', '4T', 'CXY', 'MV-Painter', 'data', 'train_data']
alpha count: 262144 262144
reverse false
OpenCV(4.13.0) /io/opencv/modules/imgproc/src/resize.cpp:4208: error: (-215:Assertion failed) !ssize.empty() in function 'resize'

wrong path: /4T/CXY/MV-Painter/data/train_data/rendered_full/13a7dc1139544fc584cbea143ece2985/image
base dir name: ['', '4T', 'CXY', 'MV-Painter', 'data', 'train_data']
alpha count: 242364 250716
reverse false
base dir name: ['', '4T', 'CXY', 'MV-Painter', 'data', 'train_data']
alpha count: 213204 228683
reverse false
[100/2000] loss=0.0354 (ema 0.0582) lr=9.90e-05 grad=0.327 | fsc_modules=1.6e-02 gsg_modules=2.4e-01 ltag=3.2e-02 | 1.1s
base dir name: ['', '4T', 'CXY', 'MV-Painter', 'data', 'train_data']
alpha count: 214380 225927
reverse false
base dir name: ['', '4T', 'CXY', 'MV-Painter', 'data', 'train_data']
alpha count: 240802 230886
reverse true
base dir name: ['', '4T', 'CXY', 'MV-Painter', 'data', 'train_data']
alpha count: 253349 231537
reverse true
base dir name: ['', '4T', 'CXY', 'MV-Painter', 'data', 'train_data']
alpha count: 208735 213437
reverse false
base dir name: ['', '4T', 'CXY', 'MV-Painter', 'data', 'train_data']
alpha count: 248807 240253
reverse true
base dir name: ['', '4T', 'CXY', 'MV-Painter', 'data', 'train_data']
alpha count: 164854 196590
reverse false
base dir name: ['', '4T', 'CXY', 'MV-Painter', 'data', 'train_data']
alpha count: 254568 237765
reverse true
base dir name: ['', '4T', 'CXY', 'MV-Painter', 'data', 'train_data']
alpha count: 247266 243099
reverse true
base dir name: ['', '4T', 'CXY', 'MV-Painter', 'data', 'train_data']
alpha count: 249740 223078
reverse true
base dir name: ['', '4T', 'CXY', 'MV-Painter', 'data', 'train_data']
alpha count: 165563 198380
reverse false
base dir name: ['', '4T', 'CXY', 'MV-Painter', 'data', 'train_data']
alpha count: 205724 218104
reverse false
base dir name: ['', '4T', 'CXY', 'MV-Painter', 'data', 'train_data']
alpha count: 234597 216519
reverse true
base dir name: ['', '4T', 'CXY', 'MV-Painter', 'data', 'train_data']
alpha count: 194232 188514
reverse true
base dir name: ['', '4T', 'CXY', 'MV-Painter', 'data', 'train_data']
alpha count: 231193 227275
reverse true
base dir name: ['', '4T', 'CXY', 'MV-Painter', 'data', 'train_data']
alpha count: 165449 165103
reverse true
base dir name: ['', '4T', 'CXY', 'MV-Painter', 'data', 'train_data']
alpha count: 259471 249039
reverse true
base dir name: ['', '4T', 'CXY', 'MV-Painter', 'data', 'train_data']
alpha count: 262144 262056
reverse true
base dir name: ['', '4T', 'CXY', 'MV-Painter', 'data', 'train_data']
alpha count: 197770 209609
reverse false
base dir name: ['', '4T', 'CXY', 'MV-Painter', 'data', 'train_data']
alpha count: 260824 246240
reverse true
base dir name: ['', '4T', 'CXY', 'MV-Painter', 'data', 'train_data']
alpha count: 241018 247308
reverse false
[120/2000] loss=0.0660 (ema 0.0637) lr=1.00e-04 grad=0.611 | fsc_modules=1.6e-02 gsg_modules=5.6e-01 ltag=4.0e-02 | 0.9s
base dir name: ['', '4T', 'CXY', 'MV-Painter', 'data', 'train_data']
alpha count: 183753 218003
reverse false
base dir name: ['', '4T', 'CXY', 'MV-Painter', 'data', 'train_data']
alpha count: 254567 242745
reverse true
base dir name: ['', '4T', 'CXY', 'MV-Painter', 'data', 'train_data']
alpha count: 219359 224547
reverse false
base dir name: ['', '4T', 'CXY', 'MV-Painter', 'data', 'train_data']
alpha count: 242155 207920
reverse true
base dir name: ['', '4T', 'CXY', 'MV-Painter', 'data', 'train_data']
alpha count: 231151 235143
reverse false
base dir name: ['', '4T', 'CXY', 'MV-Painter', 'data', 'train_data']
alpha count: 231740 178863
reverse true
base dir name: ['', '4T', 'CXY', 'MV-Painter', 'data', 'train_data']
alpha count: 218607 243556
reverse false
base dir name: ['', '4T', 'CXY', 'MV-Painter', 'data', 'train_data']libpng warning: eXIf: duplicate
libpng warning: eXIf: duplicate
libpng warning: eXIf: duplicate
libpng warning: eXIf: duplicate
libpng warning: eXIf: duplicate
libpng warning: eXIf: duplicate
libpng warning: eXIf: duplicate
libpng warning: eXIf: duplicate
libpng warning: eXIf: duplicate
libpng warning: eXIf: duplicate
libpng warning: eXIf: duplicate
libpng warning: eXIf: duplicate
libpng warning: eXIf: duplicate
libpng warning: eXIf: duplicate
libpng warning: eXIf: duplicate
libpng warning: eXIf: duplicate
libpng warning: eXIf: duplicate
libpng warning: eXIf: duplicate
libpng warning: eXIf: duplicate
libpng warning: eXIf: duplicate
libpng warning: eXIf: duplicate
libpng warning: eXIf: duplicate
libpng warning: eXIf: duplicate
libpng warning: eXIf: duplicate
libpng warning: eXIf: duplicate
libpng warning: eXIf: duplicate
libpng warning: eXIf: duplicate
libpng warning: eXIf: duplicate
libpng warning: eXIf: duplicate
libpng warning: eXIf: duplicate
libpng warning: eXIf: duplicate
libpng warning: eXIf: duplicate
libpng warning: eXIf: duplicate
libpng warning: eXIf: duplicate
libpng warning: eXIf: duplicate
libpng warning: eXIf: duplicate
libpng warning: eXIf: duplicate
libpng warning: eXIf: duplicate
libpng warning: eXIf: duplicate
libpng warning: eXIf: duplicate
libpng warning: eXIf: duplicate
libpng warning: eXIf: duplicate
libpng warning: eXIf: duplicate
libpng warning: eXIf: duplicate
libpng warning: eXIf: duplicate
libpng warning: eXIf: duplicate
libpng warning: eXIf: duplicate
libpng warning: eXIf: duplicate
libpng warning: eXIf: duplicate
libpng warning: eXIf: duplicate
libpng warning: eXIf: duplicate
libpng warning: eXIf: duplicate
libpng warning: eXIf: duplicate
libpng warning: eXIf: duplicate
libpng warning: eXIf: duplicate
libpng warning: eXIf: duplicate
libpng warning: eXIf: duplicate
libpng warning: eXIf: duplicate
libpng warning: eXIf: duplicate
libpng warning: eXIf: duplicate
libpng warning: eXIf: duplicate
libpng warning: eXIf: duplicate
libpng warning: eXIf: duplicate
libpng warning: eXIf: duplicate
libpng warning: eXIf: duplicate
libpng warning: eXIf: duplicate
libpng warning: eXIf: duplicate
libpng warning: eXIf: duplicate
libpng warning: eXIf: duplicate
libpng warning: eXIf: duplicate
libpng warning: eXIf: duplicate
libpng warning: eXIf: duplicate
libpng warning: eXIf: duplicate
libpng warning: eXIf: duplicate
libpng warning: eXIf: duplicate
libpng warning: eXIf: duplicate
libpng warning: eXIf: duplicate
libpng warning: eXIf: duplicate
libpng warning: eXIf: duplicate
libpng warning: eXIf: duplicate
libpng warning: eXIf: duplicate
libpng warning: eXIf: duplicate
libpng warning: eXIf: duplicate
libpng warning: eXIf: duplicate
libpng warning: eXIf: duplicate
libpng warning: eXIf: duplicate
libpng warning: eXIf: duplicate
libpng warning: eXIf: duplicate
libpng warning: eXIf: duplicate
libpng warning: eXIf: duplicate
libpng warning: eXIf: duplicate
libpng warning: eXIf: duplicate
libpng warning: eXIf: duplicate
libpng warning: eXIf: duplicate
libpng warning: eXIf: duplicate
libpng warning: eXIf: duplicate
libpng warning: eXIf: duplicate
libpng warning: eXIf: duplicate
libpng warning: eXIf: duplicate
libpng warning: eXIf: duplicate
libpng warning: eXIf: duplicate
libpng warning: eXIf: duplicate
libpng warning: eXIf: duplicate
libpng warning: eXIf: duplicate
libpng warning: eXIf: duplicate
libpng warning: eXIf: duplicate
libpng warning: eXIf: duplicate
libpng warning: eXIf: duplicate
libpng warning: eXIf: duplicate
libpng warning: eXIf: duplicate
libpng warning: eXIf: duplicate
libpng warning: eXIf: duplicate
libpng warning: eXIf: duplicate
libpng warning: eXIf: duplicate
libpng warning: eXIf: duplicate
libpng warning: eXIf: duplicate
libpng warning: eXIf: duplicate
libpng warning: eXIf: duplicate
libpng warning: eXIf: duplicate
libpng warning: eXIf: duplicate
libpng warning: eXIf: duplicate
libpng warning: eXIf: duplicate
libpng warning: eXIf: duplicate
libpng warning: eXIf: duplicate
libpng warning: eXIf: duplicate
libpng warning: eXIf: duplicate
libpng warning: eXIf: duplicate
libpng warning: eXIf: duplicate
libpng warning: eXIf: duplicate
libpng warning: eXIf: duplicate
libpng warning: eXIf: duplicate
libpng warning: eXIf: duplicate
libpng warning: eXIf: duplicate
libpng warning: eXIf: duplicate
libpng warning: eXIf: duplicate
libpng warning: eXIf: duplicate
libpng warning: eXIf: duplicate
libpng warning: eXIf: duplicate
libpng warning: eXIf: duplicate
libpng warning: eXIf: duplicate
libpng warning: eXIf: duplicate
libpng warning: eXIf: duplicate
libpng warning: eXIf: duplicate
libpng warning: eXIf: duplicate
libpng warning: eXIf: duplicate
libpng warning: eXIf: duplicate
libpng warning: eXIf: duplicate
libpng warning: eXIf: duplicate
libpng warning: eXIf: duplicate
libpng warning: eXIf: duplicate
libpng warning: eXIf: duplicate
libpng warning: eXIf: duplicate
libpng warning: eXIf: duplicate
libpng warning: eXIf: duplicate
libpng warning: eXIf: duplicate
libpng warning: eXIf: duplicate
libpng warning: eXIf: duplicate
libpng warning: eXIf: duplicate
libpng warning: eXIf: duplicate
libpng warning: eXIf: duplicate
libpng warning: eXIf: duplicate
libpng warning: eXIf: duplicate
libpng warning: eXIf: duplicate
libpng warning: eXIf: duplicate
libpng warning: eXIf: duplicate
libpng warning: eXIf: duplicate
libpng warning: eXIf: duplicate
libpng warning: eXIf: duplicate
libpng warning: eXIf: duplicate
libpng warning: eXIf: duplicate
libpng warning: eXIf: duplicate
libpng warning: eXIf: duplicate
libpng warning: eXIf: duplicate
libpng warning: eXIf: duplicate
libpng warning: eXIf: duplicate
libpng warning: eXIf: duplicate
libpng warning: eXIf: duplicate
libpng warning: eXIf: duplicate
libpng warning: eXIf: duplicate
libpng warning: eXIf: duplicate
libpng warning: eXIf: duplicate
libpng warning: eXIf: duplicate
libpng warning: eXIf: duplicate
libpng warning: eXIf: duplicate
libpng warning: eXIf: duplicate
libpng warning: eXIf: duplicate
libpng warning: eXIf: duplicate
libpng warning: eXIf: duplicate
libpng warning: eXIf: duplicate
libpng warning: eXIf: duplicate
libpng warning: eXIf: duplicate
libpng warning: eXIf: duplicate
libpng warning: eXIf: duplicate
libpng warning: eXIf: duplicate
libpng warning: eXIf: duplicate
libpng warning: eXIf: duplicate
libpng warning: eXIf: duplicate
libpng warning: eXIf: duplicate
libpng warning: eXIf: duplicate
libpng warning: eXIf: duplicate
libpng warning: eXIf: duplicate
libpng warning: eXIf: duplicate
libpng warning: eXIf: duplicate
libpng warning: eXIf: duplicate
libpng warning: eXIf: duplicate
libpng warning: eXIf: duplicate
libpng warning: eXIf: duplicate
libpng warning: eXIf: duplicate
libpng warning: eXIf: duplicate
libpng warning: eXIf: duplicate
libpng warning: eXIf: duplicate
libpng warning: eXIf: duplicate
libpng warning: eXIf: duplicate
libpng warning: eXIf: duplicate
libpng warning: eXIf: duplicate
libpng warning: eXIf: duplicate
libpng warning: eXIf: duplicate
libpng warning: eXIf: duplicate
libpng warning: eXIf: duplicate
libpng warning: eXIf: duplicate
libpng warning: eXIf: duplicate
libpng warning: eXIf: duplicate
libpng warning: eXIf: duplicate
libpng warning: eXIf: duplicate
libpng warning: eXIf: duplicate
libpng warning: eXIf: duplicate
libpng warning: eXIf: duplicate
libpng warning: eXIf: duplicate
libpng warning: eXIf: duplicate
libpng warning: eXIf: duplicate
libpng warning: eXIf: duplicate
libpng warning: eXIf: duplicate
libpng warning: eXIf: duplicate
libpng warning: eXIf: duplicate
libpng warning: eXIf: duplicate
libpng warning: eXIf: duplicate
libpng warning: eXIf: duplicate
libpng warning: eXIf: duplicate
libpng warning: eXIf: duplicate
libpng warning: eXIf: duplicate
libpng warning: eXIf: duplicate
libpng warning: eXIf: duplicate
libpng warning: eXIf: duplicate
libpng warning: eXIf: duplicate
libpng warning: eXIf: duplicate
libpng warning: eXIf: duplicate
libpng warning: eXIf: duplicate
libpng warning: eXIf: duplicate
libpng warning: eXIf: duplicate
libpng warning: eXIf: duplicate
libpng warning: eXIf: duplicate
libpng warning: eXIf: duplicate
libpng warning: eXIf: duplicate
libpng warning: eXIf: duplicate
libpng warning: eXIf: duplicate
libpng warning: eXIf: duplicate
libpng warning: eXIf: duplicate
libpng warning: eXIf: duplicate
libpng warning: eXIf: duplicate
libpng warning: eXIf: duplicate
libpng warning: eXIf: duplicate
libpng warning: eXIf: duplicate
libpng warning: eXIf: duplicate
libpng warning: eXIf: duplicate
libpng warning: eXIf: duplicate
libpng warning: eXIf: duplicate
libpng warning: eXIf: duplicate
libpng warning: eXIf: duplicate
libpng warning: eXIf: duplicate
libpng warning: eXIf: duplicate
libpng warning: eXIf: duplicate
libpng warning: eXIf: duplicate
libpng warning: eXIf: duplicate
libpng warning: eXIf: duplicate
libpng warning: eXIf: duplicate
libpng warning: eXIf: duplicate
libpng warning: eXIf: duplicate
libpng warning: eXIf: duplicate
libpng warning: eXIf: duplicate
libpng warning: eXIf: duplicate
libpng warning: eXIf: duplicate
libpng warning: eXIf: duplicate
libpng warning: eXIf: duplicate
libpng warning: eXIf: duplicate
libpng warning: eXIf: duplicate
libpng warning: eXIf: duplicate
libpng warning: eXIf: duplicate
libpng warning: eXIf: duplicate
libpng warning: eXIf: duplicate
libpng warning: eXIf: duplicate
libpng warning: eXIf: duplicate
libpng warning: eXIf: duplicate
libpng warning: eXIf: duplicate
libpng warning: eXIf: duplicate
libpng warning: eXIf: duplicate
libpng warning: eXIf: duplicate
libpng warning: eXIf: duplicate
libpng warning: eXIf: duplicate
libpng warning: eXIf: duplicate
libpng warning: eXIf: duplicate
libpng warning: eXIf: duplicate
libpng warning: eXIf: duplicate
libpng warning: eXIf: duplicate
libpng warning: eXIf: duplicate
libpng warning: eXIf: duplicate
libpng warning: eXIf: duplicate
libpng warning: eXIf: duplicate
libpng warning: eXIf: duplicate
libpng warning: eXIf: duplicate
libpng warning: eXIf: duplicate
libpng warning: eXIf: duplicate
libpng warning: eXIf: duplicate
libpng warning: eXIf: duplicate
libpng warning: eXIf: duplicate
libpng warning: eXIf: duplicate
libpng warning: eXIf: duplicate
libpng warning: eXIf: duplicate
libpng warning: eXIf: duplicate
libpng warning: eXIf: duplicate
libpng warning: eXIf: duplicate
libpng warning: eXIf: duplicate
libpng warning: eXIf: duplicate
libpng warning: eXIf: duplicate
libpng warning: eXIf: duplicate
libpng warning: eXIf: duplicate
libpng warning: eXIf: duplicate
libpng warning: eXIf: duplicate
libpng warning: eXIf: duplicate
libpng warning: eXIf: duplicate
libpng warning: eXIf: duplicate
libpng warning: eXIf: duplicate
libpng warning: eXIf: duplicate
libpng warning: eXIf: duplicate
libpng warning: eXIf: duplicate
libpng warning: eXIf: duplicate
libpng warning: eXIf: duplicate
libpng warning: eXIf: duplicate
libpng warning: eXIf: duplicate
libpng warning: eXIf: duplicate
libpng warning: eXIf: duplicate
libpng warning: eXIf: duplicate
libpng warning: eXIf: duplicate
libpng warning: eXIf: duplicate
libpng warning: eXIf: duplicate
libpng warning: eXIf: duplicate
libpng warning: eXIf: duplicate
libpng warning: eXIf: duplicate
libpng warning: eXIf: duplicate
libpng warning: eXIf: duplicate
libpng warning: eXIf: duplicate
libpng warning: eXIf: duplicate
libpng warning: eXIf: duplicate
libpng warning: eXIf: duplicate
libpng warning: eXIf: duplicate
libpng warning: eXIf: duplicate
libpng warning: eXIf: duplicate
libpng warning: eXIf: duplicate
libpng warning: eXIf: duplicate
libpng warning: eXIf: duplicate
libpng warning: eXIf: duplicate
libpng warning: eXIf: duplicate
libpng warning: eXIf: duplicate
libpng warning: eXIf: duplicate
libpng warning: eXIf: duplicate
libpng warning: eXIf: duplicate
libpng warning: eXIf: duplicate
libpng warning: eXIf: duplicate
libpng warning: eXIf: duplicate
libpng warning: eXIf: duplicate
libpng warning: eXIf: duplicate
libpng warning: eXIf: duplicate
libpng warning: eXIf: duplicate
libpng warning: eXIf: duplicate
libpng warning: eXIf: duplicate
libpng warning: eXIf: duplicate
libpng warning: eXIf: duplicate
libpng warning: eXIf: duplicate
libpng warning: eXIf: duplicate
libpng warning: eXIf: duplicate
libpng warning: eXIf: duplicate
libpng warning: eXIf: duplicate
libpng warning: eXIf: duplicate
libpng warning: eXIf: duplicate
libpng warning: eXIf: duplicate
libpng warning: eXIf: duplicate
libpng warning: eXIf: duplicate
libpng warning: eXIf: duplicate
libpng warning: eXIf: duplicate
libpng warning: eXIf: duplicate
libpng warning: eXIf: duplicate
libpng warning: eXIf: duplicate
libpng warning: eXIf: duplicate
libpng warning: eXIf: duplicate
libpng warning: eXIf: duplicate
libpng warning: eXIf: duplicate
libpng warning: eXIf: duplicate
libpng warning: eXIf: duplicate
libpng warning: eXIf: duplicate
libpng warning: eXIf: duplicate
libpng warning: eXIf: duplicate
libpng warning: eXIf: duplicate
libpng warning: eXIf: duplicate
libpng warning: eXIf: duplicate
libpng warning: eXIf: duplicate
libpng warning: eXIf: duplicate
libpng warning: eXIf: duplicate
libpng warning: eXIf: duplicate
libpng warning: eXIf: duplicate
libpng warning: eXIf: duplicate
libpng warning: eXIf: duplicate
libpng warning: eXIf: duplicate
libpng warning: eXIf: duplicate
libpng warning: eXIf: duplicate
libpng warning: eXIf: duplicate
libpng warning: eXIf: duplicate
libpng warning: eXIf: duplicate
libpng warning: eXIf: duplicate
libpng warning: eXIf: duplicate
libpng warning: eXIf: duplicate
libpng warning: eXIf: duplicate
libpng warning: eXIf: duplicate
libpng warning: eXIf: duplicate
libpng warning: eXIf: duplicate
libpng warning: eXIf: duplicate
libpng warning: eXIf: duplicate
libpng warning: eXIf: duplicate
libpng warning: eXIf: duplicate
libpng warning: eXIf: duplicate
libpng warning: eXIf: duplicate
libpng warning: eXIf: duplicate
libpng warning: eXIf: duplicate
libpng warning: eXIf: duplicate
libpng warning: eXIf: duplicate
libpng warning: eXIf: duplicate
libpng warning: eXIf: duplicate
libpng warning: eXIf: duplicate
libpng warning: eXIf: duplicate
libpng warning: eXIf: duplicate
libpng warning: eXIf: duplicate
libpng warning: eXIf: duplicate
libpng warning: eXIf: duplicate
libpng warning: eXIf: duplicate
libpng warning: eXIf: duplicate
libpng warning: eXIf: duplicate
libpng warning: eXIf: duplicate
libpng warning: eXIf: duplicate
libpng warning: eXIf: duplicate
libpng warning: eXIf: duplicate
libpng warning: eXIf: duplicate
libpng warning: eXIf: duplicate
libpng warning: eXIf: duplicate
libpng warning: eXIf: duplicate
libpng warning: eXIf: duplicate
libpng warning: eXIf: duplicate
libpng warning: eXIf: duplicate
libpng warning: eXIf: duplicate
libpng warning: eXIf: duplicate
libpng warning: eXIf: duplicate
libpng warning: eXIf: duplicate
libpng warning: eXIf: duplicate
libpng warning: eXIf: duplicate
libpng warning: eXIf: duplicate
libpng warning: eXIf: duplicate
libpng warning: eXIf: duplicate
libpng warning: eXIf: duplicate
libpng warning: eXIf: duplicate
libpng warning: eXIf: duplicate
libpng warning: eXIf: duplicate
libpng warning: eXIf: duplicate
libpng warning: eXIf: duplicate
libpng warning: eXIf: duplicate
libpng warning: eXIf: duplicate
libpng warning: eXIf: duplicate
libpng warning: eXIf: duplicate
libpng warning: eXIf: duplicate
libpng warning: eXIf: duplicate
libpng warning: eXIf: duplicate
libpng warning: eXIf: duplicate
libpng warning: eXIf: duplicate
libpng warning: eXIf: duplicate
libpng warning: eXIf: duplicate
libpng warning: eXIf: duplicate
libpng warning: eXIf: duplicate
libpng warning: eXIf: duplicate
libpng warning: eXIf: duplicate
libpng warning: eXIf: duplicate
libpng warning: eXIf: duplicate
libpng warning: eXIf: duplicate
libpng warning: eXIf: duplicate
libpng warning: eXIf: duplicate
libpng warning: eXIf: duplicate
libpng warning: eXIf: duplicate
libpng warning: eXIf: duplicate
libpng warning: eXIf: duplicate
libpng warning: eXIf: duplicate
libpng warning: eXIf: duplicate
libpng warning: eXIf: duplicate
libpng warning: eXIf: duplicate
libpng warning: eXIf: duplicate
libpng warning: eXIf: duplicate
libpng warning: eXIf: duplicate
libpng warning: eXIf: duplicate
libpng warning: eXIf: duplicate
libpng warning: eXIf: duplicate
libpng warning: eXIf: duplicate
libpng warning: eXIf: duplicate
libpng warning: eXIf: duplicate
libpng warning: eXIf: duplicate
libpng warning: eXIf: duplicate
libpng warning: eXIf: duplicate
libpng warning: eXIf: duplicate
libpng warning: eXIf: duplicate
libpng warning: eXIf: duplicate
libpng warning: eXIf: duplicate
libpng warning: eXIf: duplicate
libpng warning: eXIf: duplicate
libpng warning: eXIf: duplicate
libpng warning: eXIf: duplicate
libpng warning: eXIf: duplicate
libpng warning: eXIf: duplicate
libpng warning: eXIf: duplicate
libpng warning: eXIf: duplicate
libpng warning: eXIf: duplicate
libpng warning: eXIf: duplicate
libpng warning: eXIf: duplicate
libpng warning: eXIf: duplicate
libpng warning: eXIf: duplicate
libpng warning: eXIf: duplicate
libpng warning: eXIf: duplicate
libpng warning: eXIf: duplicate
libpng warning: eXIf: duplicate
libpng warning: eXIf: duplicate
libpng warning: eXIf: duplicate
libpng warning: eXIf: duplicate
libpng warning: eXIf: duplicate
libpng warning: eXIf: duplicate
libpng warning: eXIf: duplicate
libpng warning: eXIf: duplicate
libpng warning: eXIf: duplicate
libpng warning: eXIf: duplicate
libpng warning: eXIf: duplicate
libpng warning: eXIf: duplicate
libpng warning: eXIf: duplicate
libpng warning: eXIf: duplicate
libpng warning: eXIf: duplicate
libpng warning: eXIf: duplicate
libpng warning: eXIf: duplicate
libpng warning: eXIf: duplicate
libpng warning: eXIf: duplicate
libpng warning: eXIf: duplicate
libpng warning: eXIf: duplicate
libpng warning: eXIf: duplicate
libpng warning: eXIf: duplicate
libpng warning: eXIf: duplicate
libpng warning: eXIf: duplicate
libpng warning: eXIf: duplicate
libpng warning: eXIf: duplicate
libpng warning: eXIf: duplicate
libpng warning: eXIf: duplicate
libpng warning: eXIf: duplicate
libpng warning: eXIf: duplicate
libpng warning: eXIf: duplicate
libpng warning: eXIf: duplicate
libpng warning: eXIf: duplicate
libpng warning: eXIf: duplicate
libpng warning: eXIf: duplicate
libpng warning: eXIf: duplicate
libpng warning: eXIf: duplicate
libpng warning: eXIf: duplicate
libpng warning: eXIf: duplicate
libpng warning: eXIf: duplicate
libpng warning: eXIf: duplicate
libpng warning: eXIf: duplicate
libpng warning: eXIf: duplicate
libpng warning: eXIf: duplicate
libpng warning: eXIf: duplicate
libpng warning: eXIf: duplicate
libpng warning: eXIf: duplicate
libpng warning: eXIf: duplicate
libpng warning: eXIf: duplicate
libpng warning: eXIf: duplicate
libpng warning: eXIf: duplicate
libpng warning: eXIf: duplicate
libpng warning: eXIf: duplicate
libpng warning: eXIf: duplicate
libpng warning: eXIf: duplicate
libpng warning: eXIf: duplicate
libpng warning: eXIf: duplicate
libpng warning: eXIf: duplicate
libpng warning: eXIf: duplicate
libpng warning: eXIf: duplicate
libpng warning: eXIf: duplicate
libpng warning: eXIf: duplicate

alpha count: 250502 222059
reverse true
base dir name: ['', '4T', 'CXY', 'MV-Painter', 'data', 'train_data']
alpha count: 166407 161619
reverse true
base dir name: ['', '4T', 'CXY', 'MV-Painter', 'data', 'train_data']
alpha count: 242862 248013
reverse false
base dir name: ['', '4T', 'CXY', 'MV-Painter', 'data', 'train_data']
alpha count: 236843 238918
reverse false
base dir name: ['', '4T', 'CXY', 'MV-Painter', 'data', 'train_data']
alpha count: 217079 233919
reverse false
base dir name: ['', '4T', 'CXY', 'MV-Painter', 'data', 'train_data']
alpha count: 225316 236584
reverse false
base dir name: ['', '4T', 'CXY', 'MV-Painter', 'data', 'train_data']
alpha count: 227479 231221
reverse false
base dir name: ['', '4T', 'CXY', 'MV-Painter', 'data', 'train_data']
alpha count: 219110 224736
reverse false
base dir name: ['', '4T', 'CXY', 'MV-Painter', 'data', 'train_data']
alpha count: 200688 203617
reverse false
base dir name: ['', '4T', 'CXY', 'MV-Painter', 'data', 'train_data']
alpha count: 223462 242825
reverse false
base dir name: ['', '4T', 'CXY', 'MV-Painter', 'data', 'train_data']
alpha count: 215259 206767
reverse true
base dir name: ['', '4T', 'CXY', 'MV-Painter', 'data', 'train_data']
alpha count: 237924 241869
reverse false
base dir name: ['', '4T', 'CXY', 'MV-Painter', 'data', 'train_data']
alpha count: 227293 243043
reverse false
[140/2000] loss=0.1844 (ema 0.0674) lr=9.99e-05 grad=0.136 | fsc_modules=7.0e-03 gsg_modules=7.9e-02 ltag=8.5e-03 | 1.0s
base dir name: ['', '4T', 'CXY', 'MV-Painter', 'data', 'train_data']
alpha count: 262144 262144
reverse false
OpenCV(4.13.0) /io/opencv/modules/imgproc/src/resize.cpp:4208: error: (-215:Assertion failed) !ssize.empty() in function 'resize'

wrong path: /4T/CXY/MV-Painter/data/train_data/rendered_full/1bbbb071a3fc4bd3a202c9cea106c2cb/image
base dir name: ['', '4T', 'CXY', 'MV-Painter', 'data', 'train_data']
alpha count: 245094 225302
reverse true
base dir name: ['', '4T', 'CXY', 'MV-Painter', 'data', 'train_data']
alpha count: 259736 246918
reverse true
base dir name: ['', '4T', 'CXY', 'MV-Painter', 'data', 'train_data']
alpha count: 253886 261589
reverse false
base dir name: ['', '4T', 'CXY', 'MV-Painter', 'data', 'train_data']
alpha count: 235331 247256
reverse false
base dir name: ['', '4T', 'CXY', 'MV-Painter', 'data', 'train_data']
alpha count: 224302 183603
reverse true
base dir name: ['', '4T', 'CXY', 'MV-Painter', 'data', 'train_data']
alpha count: 212305 223342
reverse false
base dir name: ['', '4T', 'CXY', 'MV-Painter', 'data', 'train_data']
alpha count: 221862 177751
reverse true
base dir name: ['', '4T', 'CXY', 'MV-Painter', 'data', 'train_data']
alpha count: 261734 261977
reverse false
base dir name: ['', '4T', 'CXY', 'MV-Painter', 'data', 'train_data']
alpha count: 172455 168994
reverse true
base dir name: ['', '4T', 'CXY', 'MV-Painter', 'data', 'train_data']
alpha count: 226818 233095
reverse false
base dir name: ['', '4T', 'CXY', 'MV-Painter', 'data', 'train_data']
alpha count: 216448 187516
reverse true
base dir name: ['', '4T', 'CXY', 'MV-Painter', 'data', 'train_data']
alpha count: 199173 200244
reverse false
base dir name: ['', '4T', 'CXY', 'MV-Painter', 'data', 'train_data']
alpha count: 241786 245060
reverse false
base dir name: ['', '4T', 'CXY', 'MV-Painter', 'data', 'train_data']
alpha count: 193672 219928
reverse false
base dir name: ['', '4T', 'CXY', 'MV-Painter', 'data', 'train_data']
alpha count: 218314 218299
reverse true
base dir name: ['', '4T', 'CXY', 'MV-Painter', 'data', 'train_data']
alpha count: 218858 242325
reverse false
base dir name: ['', '4T', 'CXY', 'MV-Painter', 'data', 'train_data']
alpha count: 206973 199259
reverse true
base dir name: ['', '4T', 'CXY', 'MV-Painter', 'data', 'train_data']
alpha count: 225956 224684
reverse true
base dir name: ['', '4T', 'CXY', 'MV-Painter', 'data', 'train_data']
alpha count: 212851 230333
reverse false
base dir name: ['', '4T', 'CXY', 'MV-Painter', 'data', 'train_data']
alpha count: 187908 228459
reverse false
[160/2000] loss=0.0359 (ema 0.0710) lr=9.98e-05 grad=0.114 | fsc_modules=3.4e-03 gsg_modules=8.0e-02 ltag=6.9e-03 | 1.1s
base dir name: ['', '4T', 'CXY', 'MV-Painter', 'data', 'train_data']
alpha count: 235560 234919
reverse true
base dir name: ['', '4T', 'CXY', 'MV-Painter', 'data', 'train_data']
alpha count: 262144 262144
reverse false
OpenCV(4.13.0) /io/opencv/modules/imgproc/src/resize.cpp:4208: error: (-215:Assertion failed) !ssize.empty() in function 'resize'

wrong path: /4T/CXY/MV-Painter/data/train_data/rendered_full/2155b19fb6b44c2f99c5b58511647218/image
base dir name: ['', '4T', 'CXY', 'MV-Painter', 'data', 'train_data']
alpha count: 222844 224236
reverse false
base dir name: ['', '4T', 'CXY', 'MV-Painter', 'data', 'train_data']
alpha count: 255350 251388
reverse true
base dir name: ['', '4T', 'CXY', 'MV-Painter', 'data', 'train_data']
alpha count: 170575 174781
reverse false
base dir name: ['', '4T', 'CXY', 'MV-Painter', 'data', 'train_data']
alpha count: 248017 238323
reverse true
base dir name: ['', '4T', 'CXY', 'MV-Painter', 'data', 'train_data']
alpha count: 231533 234233
reverse false
base dir name: ['', '4T', 'CXY', 'MV-Painter', 'data', 'train_data']
alpha count: 241925 230731
reverse true
base dir name: ['', '4T', 'CXY', 'MV-Painter', 'data', 'train_data']
alpha count: 254443 259406
reverse false
base dir name: ['', '4T', 'CXY', 'MV-Painter', 'data', 'train_data']
alpha count: 223299 133811
reverse true
base dir name: ['', '4T', 'CXY', 'MV-Painter', 'data', 'train_data']
alpha count: 218355 228529
reverse false
base dir name: ['', '4T', 'CXY', 'MV-Painter', 'data', 'train_data']
alpha count: 228314 216049
reverse true
base dir name: ['', '4T', 'CXY', 'MV-Painter', 'data', 'train_data']
alpha count: 221786 220538
reverse true
base dir name: ['', '4T', 'CXY', 'MV-Painter', 'data', 'train_data']
alpha count: 214550 221989
reverse false
base dir name: ['', '4T', 'CXY', 'MV-Painter', 'data', 'train_data']
alpha count: 222493 212029
reverse true
base dir name: ['', '4T', 'CXY', 'MV-Painter', 'data', 'train_data']
alpha count: 234253 205886
reverse true
base dir name: ['', '4T', 'CXY', 'MV-Painter', 'data', 'train_data']
alpha count: 227959 231782
reverse false
base dir name: ['', '4T', 'CXY', 'MV-Painter', 'data', 'train_data']
alpha count: 240864 254498
reverse false
base dir name: ['', '4T', 'CXY', 'MV-Painter', 'data', 'train_data']
alpha count: 255556 252288
reverse true
base dir name: ['', '4T', 'CXY', 'MV-Painter', 'data', 'train_data']
alpha count: 258564 247703
reverse true
base dir name: ['', '4T', 'CXY', 'MV-Painter', 'data', 'train_data']
alpha count: 235574 235577
reverse false
[180/2000] loss=0.0290 (ema 0.0715) lr=9.96e-05 grad=0.124 | fsc_modules=5.5e-03 gsg_modules=1.1e-01 ltag=8.4e-03 | 1.0s
base dir name: ['', '4T', 'CXY', 'MV-Painter', 'data', 'train_data']
alpha count: 259978 254544
reverse true
base dir name: ['', '4T', 'CXY', 'MV-Painter', 'data', 'train_data']
alpha count: 211629 174537
reverse true
base dir name: ['', '4T', 'CXY', 'MV-Painter', 'data', 'train_data']
alpha count: 234287 246488
reverse false
base dir name: ['', '4T', 'CXY', 'MV-Painter', 'data', 'train_data']
alpha count: 231987 255525
reverse false
base dir name: ['', '4T', 'CXY', 'MV-Painter', 'data', 'train_data']
alpha count: 217452 222620
reverse false
base dir name: ['', '4T', 'CXY', 'MV-Painter', 'data', 'train_data']
alpha count: 222117 181539
reverse true
base dir name: ['', '4T', 'CXY', 'MV-Painter', 'data', 'train_data']
alpha count: 158442 215059
reverse false
base dir name: ['', '4T', 'CXY', 'MV-Painter', 'data', 'train_data']
alpha count: 241148 256010
reverse false
base dir name: ['', '4T', 'CXY', 'MV-Painter', 'data', 'train_data']
alpha count: 204200 170926
reverse true
base dir name: ['', '4T', 'CXY', 'MV-Painter', 'data', 'train_data']
alpha count: 245605 183369
reverse true
base dir name: ['', '4T', 'CXY', 'MV-Painter', 'data', 'train_data']
alpha count: 262144 262037
reverse true
base dir name: ['', '4T', 'CXY', 'MV-Painter', 'data', 'train_data']
alpha count: 250645 253374
reverse false
base dir name: ['', '4T', 'CXY', 'MV-Painter', 'data', 'train_data']
alpha count: 247451 207967libpng warning: eXIf: duplicate
libpng warning: eXIf: duplicate
libpng warning: eXIf: duplicate
libpng warning: eXIf: duplicate
libpng warning: eXIf: duplicate
libpng warning: eXIf: duplicate
libpng warning: eXIf: duplicate
libpng warning: eXIf: duplicate
libpng warning: eXIf: duplicate
libpng warning: eXIf: duplicate
libpng warning: eXIf: duplicate
libpng warning: eXIf: duplicate
libpng warning: eXIf: duplicate
libpng warning: eXIf: duplicate
libpng warning: eXIf: duplicate
libpng warning: eXIf: duplicate
libpng warning: eXIf: duplicate
libpng warning: eXIf: duplicate
libpng warning: eXIf: duplicate
libpng warning: eXIf: duplicate
libpng warning: eXIf: duplicate
libpng warning: eXIf: duplicate
libpng warning: eXIf: duplicate
libpng warning: eXIf: duplicate
libpng warning: eXIf: duplicate
libpng warning: eXIf: duplicate
libpng warning: eXIf: duplicate
libpng warning: eXIf: duplicate
libpng warning: eXIf: duplicate
libpng warning: eXIf: duplicate
libpng warning: eXIf: duplicate
libpng warning: eXIf: duplicate
libpng warning: eXIf: duplicate
libpng warning: eXIf: duplicate
libpng warning: eXIf: duplicate
libpng warning: eXIf: duplicate
libpng warning: eXIf: duplicate
libpng warning: eXIf: duplicate
libpng warning: eXIf: duplicate
libpng warning: eXIf: duplicate
libpng warning: eXIf: duplicate
libpng warning: eXIf: duplicate
libpng warning: eXIf: duplicate
libpng warning: eXIf: duplicate
libpng warning: eXIf: duplicate
libpng warning: eXIf: duplicate
libpng warning: eXIf: duplicate
libpng warning: eXIf: duplicate
libpng warning: eXIf: duplicate
libpng warning: eXIf: duplicate
libpng warning: eXIf: duplicate
libpng warning: eXIf: duplicate
libpng warning: eXIf: duplicate
libpng warning: eXIf: duplicate
libpng warning: eXIf: duplicate
libpng warning: eXIf: duplicate
libpng warning: eXIf: duplicate
libpng warning: eXIf: duplicate
libpng warning: eXIf: duplicate
libpng warning: eXIf: duplicate
libpng warning: eXIf: duplicate
libpng warning: eXIf: duplicate
libpng warning: eXIf: duplicate
libpng warning: eXIf: duplicate
libpng warning: eXIf: duplicate
libpng warning: eXIf: duplicate
libpng warning: eXIf: duplicate
libpng warning: eXIf: duplicate
libpng warning: eXIf: duplicate
libpng warning: eXIf: duplicate
libpng warning: eXIf: duplicate
libpng warning: eXIf: duplicate
libpng warning: eXIf: duplicate
libpng warning: eXIf: duplicate
libpng warning: eXIf: duplicate
libpng warning: eXIf: duplicate
libpng warning: eXIf: duplicate
libpng warning: eXIf: duplicate
libpng warning: eXIf: duplicate
libpng warning: eXIf: duplicate
libpng warning: eXIf: duplicate
libpng warning: eXIf: duplicate
libpng warning: eXIf: duplicate
libpng warning: eXIf: duplicate
libpng warning: eXIf: duplicate
libpng warning: eXIf: duplicate
libpng warning: eXIf: duplicate
libpng warning: eXIf: duplicate
libpng warning: eXIf: duplicate
libpng warning: eXIf: duplicate
libpng warning: eXIf: duplicate
libpng warning: eXIf: duplicate
libpng warning: eXIf: duplicate
libpng warning: eXIf: duplicate
libpng warning: eXIf: duplicate
libpng warning: eXIf: duplicate
libpng warning: eXIf: duplicate
libpng warning: eXIf: duplicate
libpng warning: eXIf: duplicate
libpng warning: eXIf: duplicate
libpng warning: eXIf: duplicate
libpng warning: eXIf: duplicate
libpng warning: eXIf: duplicate
libpng warning: eXIf: duplicate
libpng warning: eXIf: duplicate
libpng warning: eXIf: duplicate
libpng warning: eXIf: duplicate
libpng warning: eXIf: duplicate
libpng warning: eXIf: duplicate
libpng warning: eXIf: duplicate
libpng warning: eXIf: duplicate
libpng warning: eXIf: duplicate
libpng warning: eXIf: duplicate
libpng warning: eXIf: duplicate
libpng warning: eXIf: duplicate
libpng warning: eXIf: duplicate
libpng warning: eXIf: duplicate
libpng warning: eXIf: duplicate
libpng warning: eXIf: duplicate
libpng warning: eXIf: duplicate
libpng warning: eXIf: duplicate
libpng warning: eXIf: duplicate
libpng warning: eXIf: duplicate
libpng warning: eXIf: duplicate
libpng warning: eXIf: duplicate
libpng warning: eXIf: duplicate
libpng warning: eXIf: duplicate
libpng warning: eXIf: duplicate
libpng warning: eXIf: duplicate
libpng warning: eXIf: duplicate
libpng warning: eXIf: duplicate
libpng warning: eXIf: duplicate
libpng warning: eXIf: duplicate
libpng warning: eXIf: duplicate
libpng warning: eXIf: duplicate
libpng warning: eXIf: duplicate
libpng warning: eXIf: duplicate
libpng warning: eXIf: duplicate
libpng warning: eXIf: duplicate
libpng warning: eXIf: duplicate
libpng warning: eXIf: duplicate
libpng warning: eXIf: duplicate
libpng warning: eXIf: duplicate
libpng warning: eXIf: duplicate
libpng warning: eXIf: duplicate
libpng warning: eXIf: duplicate
libpng warning: eXIf: duplicate
libpng warning: eXIf: duplicate
libpng warning: eXIf: duplicate
libpng warning: eXIf: duplicate
libpng warning: eXIf: duplicate
libpng warning: eXIf: duplicate
libpng warning: eXIf: duplicate
libpng warning: eXIf: duplicate
libpng warning: eXIf: duplicate
libpng warning: eXIf: duplicate
libpng warning: eXIf: duplicate
libpng warning: eXIf: duplicate
libpng warning: eXIf: duplicate
libpng warning: eXIf: duplicate
libpng warning: eXIf: duplicate
libpng warning: eXIf: duplicate
libpng warning: eXIf: duplicate
libpng warning: eXIf: duplicate
libpng warning: eXIf: duplicate
libpng warning: eXIf: duplicate
libpng warning: eXIf: duplicate
libpng warning: eXIf: duplicate
libpng warning: eXIf: duplicate
libpng warning: eXIf: duplicate
libpng warning: eXIf: duplicate
libpng warning: eXIf: duplicate
libpng warning: eXIf: duplicate
libpng warning: eXIf: duplicate
libpng warning: eXIf: duplicate
libpng warning: eXIf: duplicate
libpng warning: eXIf: duplicate
libpng warning: eXIf: duplicate
libpng warning: eXIf: duplicate
libpng warning: eXIf: duplicate
libpng warning: eXIf: duplicate
libpng warning: eXIf: duplicate
libpng warning: eXIf: duplicate
libpng warning: eXIf: duplicate
libpng warning: eXIf: duplicate
libpng warning: eXIf: duplicate
libpng warning: eXIf: duplicate
libpng warning: eXIf: duplicate
libpng warning: eXIf: duplicate
libpng warning: eXIf: duplicate
libpng warning: eXIf: duplicate
libpng warning: eXIf: duplicate
libpng warning: eXIf: duplicate
libpng warning: eXIf: duplicate
libpng warning: eXIf: duplicate
libpng warning: eXIf: duplicate
libpng warning: eXIf: duplicate
libpng warning: eXIf: duplicate
libpng warning: eXIf: duplicate
libpng warning: eXIf: duplicate
libpng warning: eXIf: duplicate
libpng warning: eXIf: duplicate
libpng warning: eXIf: duplicate
libpng warning: eXIf: duplicate
libpng warning: eXIf: duplicate
libpng warning: eXIf: duplicate
libpng warning: eXIf: duplicate
libpng warning: eXIf: duplicate
libpng warning: eXIf: duplicate
libpng warning: eXIf: duplicate
libpng warning: eXIf: duplicate
libpng warning: eXIf: duplicate
libpng warning: eXIf: duplicate
libpng warning: eXIf: duplicate
libpng warning: eXIf: duplicate
libpng warning: eXIf: duplicate
libpng warning: eXIf: duplicate
libpng warning: eXIf: duplicate
libpng warning: eXIf: duplicate
libpng warning: eXIf: duplicate
libpng warning: eXIf: duplicate
libpng warning: eXIf: duplicate
libpng warning: eXIf: duplicate
libpng warning: eXIf: duplicate
libpng warning: eXIf: duplicate
libpng warning: eXIf: duplicate
libpng warning: eXIf: duplicate
libpng warning: eXIf: duplicate
libpng warning: eXIf: duplicate
libpng warning: eXIf: duplicate
libpng warning: eXIf: duplicate
libpng warning: eXIf: duplicate
libpng warning: eXIf: duplicate
libpng warning: eXIf: duplicate
libpng warning: eXIf: duplicate
libpng warning: eXIf: duplicate
libpng warning: eXIf: duplicate
libpng warning: eXIf: duplicate
libpng warning: eXIf: duplicate
libpng warning: eXIf: duplicate
libpng warning: eXIf: duplicate
libpng warning: eXIf: duplicate
libpng warning: eXIf: duplicate
libpng warning: eXIf: duplicate
libpng warning: eXIf: duplicate
libpng warning: eXIf: duplicate
libpng warning: eXIf: duplicate
libpng warning: eXIf: duplicate
libpng warning: eXIf: duplicate
libpng warning: eXIf: duplicate
libpng warning: eXIf: duplicate
libpng warning: eXIf: duplicate
libpng warning: eXIf: duplicate
libpng warning: eXIf: duplicate
libpng warning: eXIf: duplicate
libpng warning: eXIf: duplicate
libpng warning: eXIf: duplicate
libpng warning: eXIf: duplicate
libpng warning: eXIf: duplicate
libpng warning: eXIf: duplicate
libpng warning: eXIf: duplicate
libpng warning: eXIf: duplicate
libpng warning: eXIf: duplicate
libpng warning: eXIf: duplicate
libpng warning: eXIf: duplicate
libpng warning: eXIf: duplicate
libpng warning: eXIf: duplicate
libpng warning: eXIf: duplicate
libpng warning: eXIf: duplicate
libpng warning: eXIf: duplicate
libpng warning: eXIf: duplicate
libpng warning: eXIf: duplicate
libpng warning: eXIf: duplicate
libpng warning: eXIf: duplicate
libpng warning: eXIf: duplicate
libpng warning: eXIf: duplicate
libpng warning: eXIf: duplicate
libpng warning: eXIf: duplicate
libpng warning: eXIf: duplicate
libpng warning: eXIf: duplicate
libpng warning: eXIf: duplicate
libpng warning: eXIf: duplicate
libpng warning: eXIf: duplicate
libpng warning: eXIf: duplicate
libpng warning: eXIf: duplicate
libpng warning: eXIf: duplicate
libpng warning: eXIf: duplicate
libpng warning: eXIf: duplicate
libpng warning: eXIf: duplicate
libpng warning: eXIf: duplicate
libpng warning: eXIf: duplicate
libpng warning: eXIf: duplicate
libpng warning: eXIf: duplicate
libpng warning: eXIf: duplicate
libpng warning: eXIf: duplicate
libpng warning: eXIf: duplicate
libpng warning: eXIf: duplicate
libpng warning: eXIf: duplicate
libpng warning: eXIf: duplicate
libpng warning: eXIf: duplicate
libpng warning: eXIf: duplicate
libpng warning: eXIf: duplicate
libpng warning: eXIf: duplicate
libpng warning: eXIf: duplicate
libpng warning: eXIf: duplicate
libpng warning: eXIf: duplicate
libpng warning: eXIf: duplicate
libpng warning: eXIf: duplicate
libpng warning: eXIf: duplicate
libpng warning: eXIf: duplicate
libpng warning: eXIf: duplicate
libpng warning: eXIf: duplicate
libpng warning: eXIf: duplicate
libpng warning: eXIf: duplicate
libpng warning: eXIf: duplicate
libpng warning: eXIf: duplicate
libpng warning: eXIf: duplicate
libpng warning: eXIf: duplicate
libpng warning: eXIf: duplicate
libpng warning: eXIf: duplicate
libpng warning: eXIf: duplicate
libpng warning: eXIf: duplicate
libpng warning: eXIf: duplicate
libpng warning: eXIf: duplicate
libpng warning: eXIf: duplicate
libpng warning: eXIf: duplicate
libpng warning: eXIf: duplicate
libpng warning: eXIf: duplicate
libpng warning: eXIf: duplicate
libpng warning: eXIf: duplicate
libpng warning: eXIf: duplicate
libpng warning: eXIf: duplicate
libpng warning: eXIf: duplicate
libpng warning: eXIf: duplicate
libpng warning: eXIf: duplicate
libpng warning: eXIf: duplicate
libpng warning: eXIf: duplicate
libpng warning: eXIf: duplicate
libpng warning: eXIf: duplicate
libpng warning: eXIf: duplicate
libpng warning: eXIf: duplicate
libpng warning: eXIf: duplicate
libpng warning: eXIf: duplicate
libpng warning: eXIf: duplicate
libpng warning: eXIf: duplicate
libpng warning: eXIf: duplicate
libpng warning: eXIf: duplicate
libpng warning: eXIf: duplicate
libpng warning: eXIf: duplicate
libpng warning: eXIf: duplicate
libpng warning: eXIf: duplicate
libpng warning: eXIf: duplicate
libpng warning: eXIf: duplicate
libpng warning: eXIf: duplicate
libpng warning: eXIf: duplicate
libpng warning: eXIf: duplicate
libpng warning: eXIf: duplicate
libpng warning: eXIf: duplicate
libpng warning: eXIf: duplicate
libpng warning: eXIf: duplicate
libpng warning: eXIf: duplicate
libpng warning: eXIf: duplicate
libpng warning: eXIf: duplicate
libpng warning: eXIf: duplicate
libpng warning: eXIf: duplicate
libpng warning: eXIf: duplicate
libpng warning: eXIf: duplicate
libpng warning: eXIf: duplicate
libpng warning: eXIf: duplicate
libpng warning: eXIf: duplicate
libpng warning: eXIf: duplicate
libpng warning: eXIf: duplicate
libpng warning: eXIf: duplicate
libpng warning: eXIf: duplicate
libpng warning: eXIf: duplicate
libpng warning: eXIf: duplicate
libpng warning: eXIf: duplicate
libpng warning: eXIf: duplicate
libpng warning: eXIf: duplicate
libpng warning: eXIf: duplicate
libpng warning: eXIf: duplicate
libpng warning: eXIf: duplicate
libpng warning: eXIf: duplicate
libpng warning: eXIf: duplicate
libpng warning: eXIf: duplicate
libpng warning: eXIf: duplicate
libpng warning: eXIf: duplicate
libpng warning: eXIf: duplicate
libpng warning: eXIf: duplicate
libpng warning: eXIf: duplicate
libpng warning: eXIf: duplicate
libpng warning: eXIf: duplicate
libpng warning: eXIf: duplicate
libpng warning: eXIf: duplicate
libpng warning: eXIf: duplicate
libpng warning: eXIf: duplicate
libpng warning: eXIf: duplicate
libpng warning: eXIf: duplicate
libpng warning: eXIf: duplicate
libpng warning: eXIf: duplicate
libpng warning: eXIf: duplicate
libpng warning: eXIf: duplicate
libpng warning: eXIf: duplicate
libpng warning: eXIf: duplicate
libpng warning: eXIf: duplicate
libpng warning: eXIf: duplicate
libpng warning: eXIf: duplicate
libpng warning: eXIf: duplicate
libpng warning: eXIf: duplicate
libpng warning: eXIf: duplicate
libpng warning: eXIf: duplicate
libpng warning: eXIf: duplicate
libpng warning: eXIf: duplicate
libpng warning: eXIf: duplicate
libpng warning: eXIf: duplicate
libpng warning: eXIf: duplicate
libpng warning: eXIf: duplicate
libpng warning: eXIf: duplicate
libpng warning: eXIf: duplicate
libpng warning: eXIf: duplicate
libpng warning: eXIf: duplicate
libpng warning: eXIf: duplicate
libpng warning: eXIf: duplicate
libpng warning: eXIf: duplicate
libpng warning: eXIf: duplicate
libpng warning: eXIf: duplicate
libpng warning: eXIf: duplicate
libpng warning: eXIf: duplicate
libpng warning: eXIf: duplicate
libpng warning: eXIf: duplicate
libpng warning: eXIf: duplicate
libpng warning: eXIf: duplicate
libpng warning: eXIf: duplicate
libpng warning: eXIf: duplicate
libpng warning: eXIf: duplicate
libpng warning: eXIf: duplicate
libpng warning: eXIf: duplicate
libpng warning: eXIf: duplicate
libpng warning: eXIf: duplicate
libpng warning: eXIf: duplicate
libpng warning: eXIf: duplicate
libpng warning: eXIf: duplicate
libpng warning: eXIf: duplicate
libpng warning: eXIf: duplicate
libpng warning: eXIf: duplicate
libpng warning: eXIf: duplicate
libpng warning: eXIf: duplicate
libpng warning: eXIf: duplicate
libpng warning: eXIf: duplicate
libpng warning: eXIf: duplicate
libpng warning: eXIf: duplicate
libpng warning: eXIf: duplicate
libpng warning: eXIf: duplicate
libpng warning: eXIf: duplicate
libpng warning: eXIf: duplicate
libpng warning: eXIf: duplicate
libpng warning: eXIf: duplicate
libpng warning: eXIf: duplicate
libpng warning: eXIf: duplicate
libpng warning: eXIf: duplicate
libpng warning: eXIf: duplicate
libpng warning: eXIf: duplicate
libpng warning: eXIf: duplicate
libpng warning: eXIf: duplicate
libpng warning: eXIf: duplicate
libpng warning: eXIf: duplicate
libpng warning: eXIf: duplicate
libpng warning: eXIf: duplicate
libpng warning: eXIf: duplicate
libpng warning: eXIf: duplicate
libpng warning: eXIf: duplicate
libpng warning: eXIf: duplicate
libpng warning: eXIf: duplicate
libpng warning: eXIf: duplicate
libpng warning: eXIf: duplicate
libpng warning: eXIf: duplicate
libpng warning: eXIf: duplicate
libpng warning: eXIf: duplicate
libpng warning: eXIf: duplicate
libpng warning: eXIf: duplicate
libpng warning: eXIf: duplicate
libpng warning: eXIf: duplicate
libpng warning: eXIf: duplicate
libpng warning: eXIf: duplicate
libpng warning: eXIf: duplicate
libpng warning: eXIf: duplicate
libpng warning: eXIf: duplicate
libpng warning: eXIf: duplicate
libpng warning: eXIf: duplicate
libpng warning: eXIf: duplicate
libpng warning: eXIf: duplicate
libpng warning: eXIf: duplicate
libpng warning: eXIf: duplicate
libpng warning: eXIf: duplicate
libpng warning: eXIf: duplicate
libpng warning: eXIf: duplicate
libpng warning: eXIf: duplicate
libpng warning: eXIf: duplicate
libpng warning: eXIf: duplicate
libpng warning: eXIf: duplicate
libpng warning: eXIf: duplicate
libpng warning: eXIf: duplicate
libpng warning: eXIf: duplicate
libpng warning: eXIf: duplicate
libpng warning: eXIf: duplicate
libpng warning: eXIf: duplicate
libpng warning: eXIf: duplicate
libpng warning: eXIf: duplicate
libpng warning: eXIf: duplicate
libpng warning: eXIf: duplicate
libpng warning: eXIf: duplicate
libpng warning: eXIf: duplicate
libpng warning: eXIf: duplicate
libpng warning: eXIf: duplicate
libpng warning: eXIf: duplicate
libpng warning: eXIf: duplicate
libpng warning: eXIf: duplicate
libpng warning: eXIf: duplicate
libpng warning: eXIf: duplicate
libpng warning: eXIf: duplicate
libpng warning: eXIf: duplicate
libpng warning: eXIf: duplicate
libpng warning: eXIf: duplicate
libpng warning: eXIf: duplicate
libpng warning: eXIf: duplicate
libpng warning: eXIf: duplicate
libpng warning: eXIf: duplicate
libpng warning: eXIf: duplicate
libpng warning: eXIf: duplicate
libpng warning: eXIf: duplicate
libpng warning: eXIf: duplicate
libpng warning: eXIf: duplicate
libpng warning: eXIf: duplicate
libpng warning: eXIf: duplicate
libpng warning: eXIf: duplicate
libpng warning: eXIf: duplicate
libpng warning: eXIf: duplicate
libpng warning: eXIf: duplicate
libpng warning: eXIf: duplicate
libpng warning: eXIf: duplicate
libpng warning: eXIf: duplicate
libpng warning: eXIf: duplicate
libpng warning: eXIf: duplicate
libpng warning: eXIf: duplicate
libpng warning: eXIf: duplicate
libpng warning: eXIf: duplicate
libpng warning: eXIf: duplicate
libpng warning: eXIf: duplicate
libpng warning: eXIf: duplicate
libpng warning: eXIf: duplicate
libpng warning: eXIf: duplicate
libpng warning: eXIf: duplicate
libpng warning: eXIf: duplicate
libpng warning: eXIf: duplicate
libpng warning: eXIf: duplicate
libpng warning: eXIf: duplicate
libpng warning: eXIf: duplicate
libpng warning: eXIf: duplicate
libpng warning: eXIf: duplicate
libpng warning: eXIf: duplicate
libpng warning: eXIf: duplicate
libpng warning: eXIf: duplicate
libpng warning: eXIf: duplicate
libpng warning: eXIf: duplicate
libpng warning: eXIf: duplicate
libpng warning: eXIf: duplicate
libpng warning: eXIf: duplicate
libpng warning: eXIf: duplicate
libpng warning: eXIf: duplicate
libpng warning: eXIf: duplicate
libpng warning: eXIf: duplicate
libpng warning: eXIf: duplicate
libpng warning: eXIf: duplicate
libpng warning: eXIf: duplicate
libpng warning: eXIf: duplicate
libpng warning: eXIf: duplicate
libpng warning: eXIf: duplicate
libpng warning: eXIf: duplicate
libpng warning: eXIf: duplicate
libpng warning: eXIf: duplicate
libpng warning: eXIf: duplicate
libpng warning: eXIf: duplicate
libpng warning: eXIf: duplicate
libpng warning: eXIf: duplicate
libpng warning: eXIf: duplicate
libpng warning: eXIf: duplicate
libpng warning: eXIf: duplicate
libpng warning: eXIf: duplicate
libpng warning: eXIf: duplicate
libpng warning: eXIf: duplicate
libpng warning: eXIf: duplicate
libpng warning: eXIf: duplicate
libpng warning: eXIf: duplicate
libpng warning: eXIf: duplicate
libpng warning: eXIf: duplicate
libpng warning: eXIf: duplicate
libpng warning: eXIf: duplicate
libpng warning: eXIf: duplicate
libpng warning: eXIf: duplicate
libpng warning: eXIf: duplicate
libpng warning: eXIf: duplicate
libpng warning: eXIf: duplicate
libpng warning: eXIf: duplicate
libpng warning: eXIf: duplicate
libpng warning: eXIf: duplicate
libpng warning: eXIf: duplicate
libpng warning: eXIf: duplicate
libpng warning: eXIf: duplicate
libpng warning: eXIf: duplicate
libpng warning: eXIf: duplicate
libpng warning: eXIf: duplicate
libpng warning: eXIf: duplicate
libpng warning: eXIf: duplicate

reverse true
base dir name: ['', '4T', 'CXY', 'MV-Painter', 'data', 'train_data']
alpha count: 228360 194959
reverse true
base dir name: ['', '4T', 'CXY', 'MV-Painter', 'data', 'train_data']
alpha count: 246320 235742
reverse true
base dir name: ['', '4T', 'CXY', 'MV-Painter', 'data', 'train_data']
alpha count: 207427 239185
reverse false
base dir name: ['', '4T', 'CXY', 'MV-Painter', 'data', 'train_data']
alpha count: 213167 223701
reverse false
base dir name: ['', '4T', 'CXY', 'MV-Painter', 'data', 'train_data']
alpha count: 256085 249683
reverse true
base dir name: ['', '4T', 'CXY', 'MV-Painter', 'data', 'train_data']
alpha count: 229202 236733
reverse false
base dir name: ['', '4T', 'CXY', 'MV-Painter', 'data', 'train_data']
alpha count: 221967 181366
reverse true
[200/2000] loss=0.0502 (ema 0.0727) lr=9.93e-05 grad=0.289 | fsc_modules=6.5e-03 gsg_modules=2.5e-01 ltag=8.7e-03 | 0.8s
base dir name: ['', '4T', 'CXY', 'MV-Painter', 'data', 'train_data']
alpha count: 262144 262144
reverse false
OpenCV(4.13.0) /io/opencv/modules/imgproc/src/resize.cpp:4208: error: (-215:Assertion failed) !ssize.empty() in function 'resize'

wrong path: /4T/CXY/MV-Painter/data/train_data/rendered_full/266a04b8716d497fab57d33eb184b0bd/image
base dir name: ['', '4T', 'CXY', 'MV-Painter', 'data', 'train_data']
alpha count: 251661 257641
reverse false
base dir name: ['', '4T', 'CXY', 'MV-Painter', 'data', 'train_data']
alpha count: 249536 214947
reverse true
base dir name: ['', '4T', 'CXY', 'MV-Painter', 'data', 'train_data']
alpha count: 239408 251818
reverse false
base dir name: ['', '4T', 'CXY', 'MV-Painter', 'data', 'train_data']
alpha count: 169695 210511
reverse false
base dir name: ['', '4T', 'CXY', 'MV-Painter', 'data', 'train_data']
alpha count: 227931 206577
reverse true
base dir name: ['', '4T', 'CXY', 'MV-Painter', 'data', 'train_data']
alpha count: 240822 252311
reverse false
base dir name: ['', '4T', 'CXY', 'MV-Painter', 'data', 'train_data']
alpha count: 237939 238913
reverse false
base dir name: ['', '4T', 'CXY', 'MV-Painter', 'data', 'train_data']
alpha count: 210279 210231
reverse true
base dir name: ['', '4T', 'CXY', 'MV-Painter', 'data', 'train_data']
alpha count: 239685 234087
reverse true
base dir name: ['', '4T', 'CXY', 'MV-Painter', 'data', 'train_data']
alpha count: 246182 238068
reverse true
base dir name: ['', '4T', 'CXY', 'MV-Painter', 'data', 'train_data']
alpha count: 221854 218612
reverse true
base dir name: ['', '4T', 'CXY', 'MV-Painter', 'data', 'train_data']
alpha count: 198918 198775
reverse true
base dir name: ['', '4T', 'CXY', 'MV-Painter', 'data', 'train_data']
alpha count: 228473 244155
reverse false
base dir name: ['', '4T', 'CXY', 'MV-Painter', 'data', 'train_data']
alpha count: 252132 245672
reverse true
base dir name: ['', '4T', 'CXY', 'MV-Painter', 'data', 'train_data']
alpha count: 229530 182256
reverse true
base dir name: ['', '4T', 'CXY', 'MV-Painter', 'data', 'train_data']
alpha count: 237126 210908
reverse true
base dir name: ['', '4T', 'CXY', 'MV-Painter', 'data', 'train_data']
alpha count: 182133 179087
reverse true
base dir name: ['', '4T', 'CXY', 'MV-Painter', 'data', 'train_data']
alpha count: 259675 250178
reverse true
base dir name: ['', '4T', 'CXY', 'MV-Painter', 'data', 'train_data']
alpha count: 223072 216285
reverse true
base dir name: ['', '4T', 'CXY', 'MV-Painter', 'data', 'train_data']
alpha count: 245087 239467
reverse true
[220/2000] loss=0.0606 (ema 0.0735) lr=9.90e-05 grad=0.187 | fsc_modules=4.5e-03 gsg_modules=1.6e-01 ltag=6.4e-03 | 1.1s
base dir name: ['', '4T', 'CXY', 'MV-Painter', 'data', 'train_data']
alpha count: 209413 215391
reverse false
base dir name: ['', '4T', 'CXY', 'MV-Painter', 'data', 'train_data']
alpha count: 201209 216147
reverse false
base dir name: ['', '4T', 'CXY', 'MV-Painter', 'data', 'train_data']
alpha count: 244003 179785
reverse true
base dir name: ['', '4T', 'CXY', 'MV-Painter', 'data', 'train_data']
alpha count: 227442 226921
reverse true
base dir name: ['', '4T', 'CXY', 'MV-Painter', 'data', 'train_data']
alpha count: 236351 217949
reverse true
base dir name: ['', '4T', 'CXY', 'MV-Painter', 'data', 'train_data']
alpha count: 244704 244703
reverse true
base dir name: ['', '4T', 'CXY', 'MV-Painter', 'data', 'train_data']
alpha count: 249161 249160
reverse true
base dir name: ['', '4T', 'CXY', 'MV-Painter', 'data', 'train_data']
alpha count: 231911 246244
reverse false
base dir name: ['', '4T', 'CXY', 'MV-Painter', 'data', 'train_data']
alpha count: 236031 240317
reverse false
base dir name: ['', '4T', 'CXY', 'MV-Painter', 'data', 'train_data']
alpha count: 250825 245795
reverse true
base dir name: ['', '4T', 'CXY', 'MV-Painter', 'data', 'train_data']
alpha count: 238375 248938
reverse false
base dir name: ['', '4T', 'CXY', 'MV-Painter', 'data', 'train_data']
alpha count: 189654 191761
reverse false
base dir name: ['', '4T', 'CXY', 'MV-Painter', 'data', 'train_data']
alpha count: 198214 177462
reverse true
base dir name: ['', '4T', 'CXY', 'MV-Painter', 'data', 'train_data']
alpha count: 246732 227796
reverse true
base dir name: ['', '4T', 'CXY', 'MV-Painter', 'data', 'train_data']
alpha count: 233539 225069
reverse true
base dir name: ['', '4T', 'CXY', 'MV-Painter', 'data', 'train_data']
alpha count: 231168 212818
reverse true
base dir name: ['', '4T', 'CXY', 'MV-Painter', 'data', 'train_data']
alpha count: 176003 176004
reverse false
base dir name: ['', '4T', 'CXY', 'MV-Painter', 'data', 'train_data']
alpha count: 224209 233590
reverse false
base dir name: ['', '4T', 'CXY', 'MV-Painter', 'data', 'train_data']
alpha count: 228358 209865
reverse true
base dir name: ['', '4T', 'CXY', 'MV-Painter', 'data', 'train_data']
alpha count: 205248 205239
reverse true
[240/2000] loss=0.0685 (ema 0.0801) lr=9.87e-05 grad=0.351 | fsc_modules=6.9e-03 gsg_modules=3.1e-01 ltag=1.6e-02 | 1.0s
base dir name: ['', '4T', 'CXY', 'MV-Painter', 'data', 'train_data']
alpha count: 213117 211209
reverse true
base dir name: ['', '4T', 'CXY', 'MV-Painter', 'data', 'train_data']
alpha count: 250084 234099
reverse true
base dir name: ['', '4T', 'CXY', 'MV-Painter', 'data', 'train_data']
alpha count: 208705 213715
reverse false
base dir name: ['', '4T', 'CXY', 'MV-Painter', 'data', 'train_data']
alpha count: 158225 158225
reverse false
base dir name: ['', '4T', 'CXY', 'MV-Painter', 'data', 'train_data']
alpha count: 226672 242123
reverse false
base dir name: ['', '4T', 'CXY', 'MV-Painter', 'data', 'train_data']
alpha count: 174155 188309
reverse false
base dir name: ['', '4T', 'CXY', 'MV-Painter', 'data', 'train_data']
alpha count: 247532 241896
reverse true
base dir name: ['', '4T', 'CXY', 'MV-Painter', 'data', 'train_data']
alpha count: 255985 238204
reverse true
base dir name: ['', '4T', 'CXY', 'MV-Painter', 'data', 'train_data']
alpha count: 226382 229452
reverse false
base dir name: ['', '4T', 'CXY', 'MV-Painter', 'data', 'train_data']
alpha count: 247407 239698
reverse true
base dir name: ['', '4T', 'CXY', 'MV-Painter', 'data', 'train_data']
alpha count: 226345 233989
reverse false
base dir name: ['', '4T', 'CXY', 'MV-Painter', 'data', 'train_data']
alpha count: 243734 232147
reverse true
base dir name: ['', '4T', 'CXY', 'MV-Painter', 'data', 'train_data']
alpha count: 216119 212705
reverse true
base dir name: ['', '4T', 'CXY', 'MV-Painter', 'data', 'train_data']
alpha count: 223727 239683
reverse false
base dir name: ['', '4T', 'CXY', 'MV-Painter', 'data', 'train_data']
alpha count: 214576 239518
reverse false
base dir name: ['', '4T', 'CXY', 'MV-Painter', 'data', 'train_data']
alpha count: 257281 244412
reverse true
base dir name: ['', '4T', 'CXY', 'MV-Painter', 'data', 'train_data']
alpha count: 248471 244751
reverse true
base dir name: ['', '4T', 'CXY', 'MV-Painter', 'data', 'train_data']
alpha count: 219671 213626
reverse true
base dir name: ['', '4T', 'CXY', 'MV-Painter', 'data', 'train_data']
alpha count: 225262 185581
reverse true
base dir name: ['', '4T', 'CXY', 'MV-Painter', 'data', 'train_data']
alpha count: 196172 174806
reverse true
[260/2000] loss=0.0979 (ema 0.0797) lr=9.83e-05 grad=0.304 | fsc_modules=6.4e-03 gsg_modules=2.6e-01 ltag=2.1e-02 | 1.0s
base dir name: ['', '4T', 'CXY', 'MV-Painter', 'data', 'train_data']libpng warning: eXIf: duplicate
libpng warning: eXIf: duplicate
libpng warning: eXIf: duplicate
libpng warning: eXIf: duplicate
libpng warning: eXIf: duplicate
libpng warning: eXIf: duplicate
libpng warning: eXIf: duplicate
libpng warning: eXIf: duplicate
libpng warning: eXIf: duplicate
libpng warning: eXIf: duplicate
libpng warning: eXIf: duplicate
libpng warning: eXIf: duplicate
libpng warning: eXIf: duplicate
libpng warning: eXIf: duplicate
libpng warning: eXIf: duplicate
libpng warning: eXIf: duplicate
libpng warning: eXIf: duplicate
libpng warning: eXIf: duplicate
libpng warning: eXIf: duplicate
libpng warning: eXIf: duplicate
libpng warning: eXIf: duplicate
libpng warning: eXIf: duplicate
libpng warning: eXIf: duplicate
libpng warning: eXIf: duplicate
libpng warning: eXIf: duplicate
libpng warning: eXIf: duplicate
libpng warning: eXIf: duplicate
libpng warning: eXIf: duplicate
libpng warning: eXIf: duplicate
libpng warning: eXIf: duplicate
libpng warning: eXIf: duplicate
libpng warning: eXIf: duplicate
libpng warning: eXIf: duplicate
libpng warning: eXIf: duplicate
libpng warning: eXIf: duplicate
libpng warning: eXIf: duplicate
libpng warning: eXIf: duplicate
libpng warning: eXIf: duplicate
libpng warning: eXIf: duplicate
libpng warning: eXIf: duplicate
libpng warning: eXIf: duplicate
libpng warning: eXIf: duplicate
libpng warning: eXIf: duplicate
libpng warning: eXIf: duplicate
libpng warning: eXIf: duplicate
libpng warning: eXIf: duplicate
libpng warning: eXIf: duplicate
libpng warning: eXIf: duplicate
libpng warning: eXIf: duplicate
libpng warning: eXIf: duplicate
libpng warning: eXIf: duplicate
libpng warning: eXIf: duplicate
libpng warning: eXIf: duplicate
libpng warning: eXIf: duplicate
libpng warning: eXIf: duplicate
libpng warning: eXIf: duplicate
libpng warning: eXIf: duplicate
libpng warning: eXIf: duplicate
libpng warning: eXIf: duplicate
libpng warning: eXIf: duplicate
libpng warning: eXIf: duplicate
libpng warning: eXIf: duplicate
libpng warning: eXIf: duplicate
libpng warning: eXIf: duplicate
libpng warning: eXIf: duplicate
libpng warning: eXIf: duplicate
libpng warning: eXIf: duplicate
libpng warning: eXIf: duplicate
libpng warning: eXIf: duplicate
libpng warning: eXIf: duplicate
libpng warning: eXIf: duplicate
libpng warning: eXIf: duplicate
libpng warning: eXIf: duplicate
libpng warning: eXIf: duplicate
libpng warning: eXIf: duplicate
libpng warning: eXIf: duplicate
libpng warning: eXIf: duplicate
libpng warning: eXIf: duplicate
libpng warning: eXIf: duplicate
libpng warning: eXIf: duplicate
libpng warning: eXIf: duplicate
libpng warning: eXIf: duplicate
libpng warning: eXIf: duplicate
libpng warning: eXIf: duplicate
libpng warning: eXIf: duplicate
libpng warning: eXIf: duplicate
libpng warning: eXIf: duplicate
libpng warning: eXIf: duplicate
libpng warning: eXIf: duplicate
libpng warning: eXIf: duplicate
libpng warning: eXIf: duplicate
libpng warning: eXIf: duplicate
libpng warning: eXIf: duplicate
libpng warning: eXIf: duplicate
libpng warning: eXIf: duplicate
libpng warning: eXIf: duplicate
libpng warning: eXIf: duplicate
libpng warning: eXIf: duplicate
libpng warning: eXIf: duplicate
libpng warning: eXIf: duplicate
libpng warning: eXIf: duplicate
libpng warning: eXIf: duplicate
libpng warning: eXIf: duplicate
libpng warning: eXIf: duplicate
libpng warning: eXIf: duplicate
libpng warning: eXIf: duplicate
libpng warning: eXIf: duplicate
libpng warning: eXIf: duplicate
libpng warning: eXIf: duplicate
libpng warning: eXIf: duplicate
libpng warning: eXIf: duplicate
libpng warning: eXIf: duplicate
libpng warning: eXIf: duplicate
libpng warning: eXIf: duplicate
libpng warning: eXIf: duplicate
libpng warning: eXIf: duplicate
libpng warning: eXIf: duplicate
libpng warning: eXIf: duplicate
libpng warning: eXIf: duplicate
libpng warning: eXIf: duplicate
libpng warning: eXIf: duplicate
libpng warning: eXIf: duplicate
libpng warning: eXIf: duplicate
libpng warning: eXIf: duplicate
libpng warning: eXIf: duplicate
libpng warning: eXIf: duplicate
libpng warning: eXIf: duplicate
libpng warning: eXIf: duplicate
libpng warning: eXIf: duplicate
libpng warning: eXIf: duplicate
libpng warning: eXIf: duplicate
libpng warning: eXIf: duplicate
libpng warning: eXIf: duplicate
libpng warning: eXIf: duplicate
libpng warning: eXIf: duplicate
libpng warning: eXIf: duplicate
libpng warning: eXIf: duplicate
libpng warning: eXIf: duplicate
libpng warning: eXIf: duplicate
libpng warning: eXIf: duplicate
libpng warning: eXIf: duplicate
libpng warning: eXIf: duplicate
libpng warning: eXIf: duplicate
libpng warning: eXIf: duplicate
libpng warning: eXIf: duplicate
libpng warning: eXIf: duplicate
libpng warning: eXIf: duplicate
libpng warning: eXIf: duplicate
libpng warning: eXIf: duplicate
libpng warning: eXIf: duplicate
libpng warning: eXIf: duplicate
libpng warning: eXIf: duplicate
libpng warning: eXIf: duplicate
libpng warning: eXIf: duplicate
libpng warning: eXIf: duplicate
libpng warning: eXIf: duplicate
libpng warning: eXIf: duplicate
libpng warning: eXIf: duplicate
libpng warning: eXIf: duplicate
libpng warning: eXIf: duplicate
libpng warning: eXIf: duplicate
libpng warning: eXIf: duplicate
libpng warning: eXIf: duplicate
libpng warning: eXIf: duplicate
libpng warning: eXIf: duplicate
libpng warning: eXIf: duplicate
libpng warning: eXIf: duplicate
libpng warning: eXIf: duplicate
libpng warning: eXIf: duplicate
libpng warning: eXIf: duplicate
libpng warning: eXIf: duplicate
libpng warning: eXIf: duplicate
libpng warning: eXIf: duplicate
libpng warning: eXIf: duplicate
libpng warning: eXIf: duplicate
libpng warning: eXIf: duplicate
libpng warning: eXIf: duplicate
libpng warning: eXIf: duplicate
libpng warning: eXIf: duplicate
libpng warning: eXIf: duplicate
libpng warning: eXIf: duplicate
libpng warning: eXIf: duplicate
libpng warning: eXIf: duplicate
libpng warning: eXIf: duplicate
libpng warning: eXIf: duplicate
libpng warning: eXIf: duplicate
libpng warning: eXIf: duplicate
libpng warning: eXIf: duplicate
libpng warning: eXIf: duplicate
libpng warning: eXIf: duplicate
libpng warning: eXIf: duplicate
libpng warning: eXIf: duplicate
libpng warning: eXIf: duplicate
libpng warning: eXIf: duplicate
libpng warning: eXIf: duplicate
libpng warning: eXIf: duplicate
libpng warning: eXIf: duplicate
libpng warning: eXIf: duplicate
libpng warning: eXIf: duplicate
libpng warning: eXIf: duplicate
libpng warning: eXIf: duplicate
libpng warning: eXIf: duplicate
libpng warning: eXIf: duplicate
libpng warning: eXIf: duplicate
libpng warning: eXIf: duplicate
libpng warning: eXIf: duplicate
libpng warning: eXIf: duplicate
libpng warning: eXIf: duplicate
libpng warning: eXIf: duplicate
libpng warning: eXIf: duplicate
libpng warning: eXIf: duplicate
libpng warning: eXIf: duplicate
libpng warning: eXIf: duplicate
libpng warning: eXIf: duplicate
libpng warning: eXIf: duplicate
libpng warning: eXIf: duplicate
libpng warning: eXIf: duplicate
libpng warning: eXIf: duplicate
libpng warning: eXIf: duplicate
libpng warning: eXIf: duplicate
libpng warning: eXIf: duplicate
libpng warning: eXIf: duplicate
libpng warning: eXIf: duplicate
libpng warning: eXIf: duplicate
libpng warning: eXIf: duplicate
libpng warning: eXIf: duplicate
libpng warning: eXIf: duplicate
libpng warning: eXIf: duplicate
libpng warning: eXIf: duplicate
libpng warning: eXIf: duplicate
libpng warning: eXIf: duplicate
libpng warning: eXIf: duplicate
libpng warning: eXIf: duplicate
libpng warning: eXIf: duplicate
libpng warning: eXIf: duplicate
libpng warning: eXIf: duplicate
libpng warning: eXIf: duplicate
libpng warning: eXIf: duplicate
libpng warning: eXIf: duplicate
libpng warning: eXIf: duplicate
libpng warning: eXIf: duplicate
libpng warning: eXIf: duplicate
libpng warning: eXIf: duplicate
libpng warning: eXIf: duplicate
libpng warning: eXIf: duplicate
libpng warning: eXIf: duplicate
libpng warning: eXIf: duplicate
libpng warning: eXIf: duplicate
libpng warning: eXIf: duplicate
libpng warning: eXIf: duplicate
libpng warning: eXIf: duplicate
libpng warning: eXIf: duplicate
libpng warning: eXIf: duplicate
libpng warning: eXIf: duplicate
libpng warning: eXIf: duplicate
libpng warning: eXIf: duplicate
libpng warning: eXIf: duplicate
libpng warning: eXIf: duplicate
libpng warning: eXIf: duplicate
libpng warning: eXIf: duplicate
libpng warning: eXIf: duplicate
libpng warning: eXIf: duplicate
libpng warning: eXIf: duplicate
libpng warning: eXIf: duplicate
libpng warning: eXIf: duplicate
libpng warning: eXIf: duplicate
libpng warning: eXIf: duplicate
libpng warning: eXIf: duplicate
libpng warning: eXIf: duplicate
libpng warning: eXIf: duplicate
libpng warning: eXIf: duplicate
libpng warning: eXIf: duplicate
libpng warning: eXIf: duplicate
libpng warning: eXIf: duplicate
libpng warning: eXIf: duplicate
libpng warning: eXIf: duplicate
libpng warning: eXIf: duplicate
libpng warning: eXIf: duplicate
libpng warning: eXIf: duplicate
libpng warning: eXIf: duplicate
libpng warning: eXIf: duplicate
libpng warning: eXIf: duplicate
libpng warning: eXIf: duplicate
libpng warning: eXIf: duplicate
libpng warning: eXIf: duplicate
libpng warning: eXIf: duplicate
libpng warning: eXIf: duplicate
libpng warning: eXIf: duplicate
libpng warning: eXIf: duplicate
libpng warning: eXIf: duplicate
libpng warning: eXIf: duplicate
libpng warning: eXIf: duplicate
libpng warning: eXIf: duplicate
libpng warning: eXIf: duplicate
libpng warning: eXIf: duplicate
libpng warning: eXIf: duplicate
libpng warning: eXIf: duplicate
libpng warning: eXIf: duplicate
libpng warning: eXIf: duplicate
libpng warning: eXIf: duplicate
libpng warning: eXIf: duplicate
libpng warning: eXIf: duplicate
libpng warning: eXIf: duplicate
libpng warning: eXIf: duplicate
libpng warning: eXIf: duplicate
libpng warning: eXIf: duplicate
libpng warning: eXIf: duplicate
libpng warning: eXIf: duplicate
libpng warning: eXIf: duplicate
libpng warning: eXIf: duplicate
libpng warning: eXIf: duplicate
libpng warning: eXIf: duplicate
libpng warning: eXIf: duplicate
libpng warning: eXIf: duplicate
libpng warning: eXIf: duplicate
libpng warning: eXIf: duplicate
libpng warning: eXIf: duplicate
libpng warning: eXIf: duplicate
libpng warning: eXIf: duplicate
libpng warning: eXIf: duplicate
libpng warning: eXIf: duplicate
libpng warning: eXIf: duplicate
libpng warning: eXIf: duplicate
libpng warning: eXIf: duplicate
libpng warning: eXIf: duplicate
libpng warning: eXIf: duplicate
libpng warning: eXIf: duplicate
libpng warning: eXIf: duplicate
libpng warning: eXIf: duplicate
libpng warning: eXIf: duplicate
libpng warning: eXIf: duplicate
libpng warning: eXIf: duplicate
libpng warning: eXIf: duplicate
libpng warning: eXIf: duplicate
libpng warning: eXIf: duplicate
libpng warning: eXIf: duplicate
libpng warning: eXIf: duplicate
libpng warning: eXIf: duplicate
libpng warning: eXIf: duplicate
libpng warning: eXIf: duplicate
libpng warning: eXIf: duplicate
libpng warning: eXIf: duplicate
libpng warning: eXIf: duplicate
libpng warning: eXIf: duplicate
libpng warning: eXIf: duplicate
libpng warning: eXIf: duplicate
libpng warning: eXIf: duplicate
libpng warning: eXIf: duplicate
libpng warning: eXIf: duplicate
libpng warning: eXIf: duplicate
libpng warning: eXIf: duplicate
libpng warning: eXIf: duplicate
libpng warning: eXIf: duplicate
libpng warning: eXIf: duplicate
libpng warning: eXIf: duplicate
libpng warning: eXIf: duplicate
libpng warning: eXIf: duplicate
libpng warning: eXIf: duplicate
libpng warning: eXIf: duplicate
libpng warning: eXIf: duplicate
libpng warning: eXIf: duplicate
libpng warning: eXIf: duplicate
libpng warning: eXIf: duplicate
libpng warning: eXIf: duplicate
libpng warning: eXIf: duplicate
libpng warning: eXIf: duplicate
libpng warning: eXIf: duplicate
libpng warning: eXIf: duplicate
libpng warning: eXIf: duplicate
libpng warning: eXIf: duplicate
libpng warning: eXIf: duplicate
libpng warning: eXIf: duplicate
libpng warning: eXIf: duplicate
libpng warning: eXIf: duplicate
libpng warning: eXIf: duplicate
libpng warning: eXIf: duplicate
libpng warning: eXIf: duplicate
libpng warning: eXIf: duplicate
libpng warning: eXIf: duplicate
libpng warning: eXIf: duplicate
libpng warning: eXIf: duplicate
libpng warning: eXIf: duplicate
libpng warning: eXIf: duplicate
libpng warning: eXIf: duplicate
libpng warning: eXIf: duplicate
libpng warning: eXIf: duplicate
libpng warning: eXIf: duplicate
libpng warning: eXIf: duplicate
libpng warning: eXIf: duplicate
libpng warning: eXIf: duplicate
libpng warning: eXIf: duplicate
libpng warning: eXIf: duplicate
libpng warning: eXIf: duplicate
libpng warning: eXIf: duplicate
libpng warning: eXIf: duplicate
libpng warning: eXIf: duplicate
libpng warning: eXIf: duplicate
libpng warning: eXIf: duplicate
libpng warning: eXIf: duplicate
libpng warning: eXIf: duplicate
libpng warning: eXIf: duplicate
libpng warning: eXIf: duplicate
libpng warning: eXIf: duplicate
libpng warning: eXIf: duplicate
libpng warning: eXIf: duplicate
libpng warning: eXIf: duplicate
libpng warning: eXIf: duplicate
libpng warning: eXIf: duplicate
libpng warning: eXIf: duplicate
libpng warning: eXIf: duplicate
libpng warning: eXIf: duplicate
libpng warning: eXIf: duplicate
libpng warning: eXIf: duplicate
libpng warning: eXIf: duplicate
libpng warning: eXIf: duplicate
libpng warning: eXIf: duplicate
libpng warning: eXIf: duplicate
libpng warning: eXIf: duplicate
libpng warning: eXIf: duplicate
libpng warning: eXIf: duplicate
libpng warning: eXIf: duplicate
libpng warning: eXIf: duplicate
libpng warning: eXIf: duplicate
libpng warning: eXIf: duplicate
libpng warning: eXIf: duplicate
libpng warning: eXIf: duplicate
libpng warning: eXIf: duplicate
libpng warning: eXIf: duplicate
libpng warning: eXIf: duplicate
libpng warning: eXIf: duplicate
libpng warning: eXIf: duplicate
libpng warning: eXIf: duplicate
libpng warning: eXIf: duplicate
libpng warning: eXIf: duplicate
libpng warning: eXIf: duplicate
libpng warning: eXIf: duplicate
libpng warning: eXIf: duplicate
libpng warning: eXIf: duplicate
libpng warning: eXIf: duplicate
libpng warning: eXIf: duplicate
libpng warning: eXIf: duplicate
libpng warning: eXIf: duplicate
libpng warning: eXIf: duplicate
libpng warning: eXIf: duplicate
libpng warning: eXIf: duplicate
libpng warning: eXIf: duplicate
libpng warning: eXIf: duplicate
libpng warning: eXIf: duplicate
libpng warning: eXIf: duplicate
libpng warning: eXIf: duplicate
libpng warning: eXIf: duplicate
libpng warning: eXIf: duplicate
libpng warning: eXIf: duplicate
libpng warning: eXIf: duplicate
libpng warning: eXIf: duplicate
libpng warning: eXIf: duplicate
libpng warning: eXIf: duplicate
libpng warning: eXIf: duplicate
libpng warning: eXIf: duplicate
libpng warning: eXIf: duplicate
libpng warning: eXIf: duplicate
libpng warning: eXIf: duplicate
libpng warning: eXIf: duplicate
libpng warning: eXIf: duplicate
libpng warning: eXIf: duplicate
libpng warning: eXIf: duplicate
libpng warning: eXIf: duplicate
libpng warning: eXIf: duplicate
libpng warning: eXIf: duplicate
libpng warning: eXIf: duplicate
libpng warning: eXIf: duplicate
libpng warning: eXIf: duplicate
libpng warning: eXIf: duplicate
libpng warning: eXIf: duplicate
libpng warning: eXIf: duplicate
libpng warning: eXIf: duplicate
libpng warning: eXIf: duplicate
libpng warning: eXIf: duplicate
libpng warning: eXIf: duplicate
libpng warning: eXIf: duplicate
libpng warning: eXIf: duplicate
libpng warning: eXIf: duplicate
libpng warning: eXIf: duplicate
libpng warning: eXIf: duplicate
libpng warning: eXIf: duplicate
libpng warning: eXIf: duplicate
libpng warning: eXIf: duplicate
libpng warning: eXIf: duplicate
libpng warning: eXIf: duplicate
libpng warning: eXIf: duplicate
libpng warning: eXIf: duplicate
libpng warning: eXIf: duplicate
libpng warning: eXIf: duplicate
libpng warning: eXIf: duplicate
libpng warning: eXIf: duplicate
libpng warning: eXIf: duplicate
libpng warning: eXIf: duplicate
libpng warning: eXIf: duplicate
libpng warning: eXIf: duplicate
libpng warning: eXIf: duplicate
libpng warning: eXIf: duplicate
libpng warning: eXIf: duplicate
libpng warning: eXIf: duplicate
libpng warning: eXIf: duplicate
libpng warning: eXIf: duplicate
libpng warning: eXIf: duplicate
libpng warning: eXIf: duplicate
libpng warning: eXIf: duplicate
libpng warning: eXIf: duplicate
libpng warning: eXIf: duplicate
libpng warning: eXIf: duplicate
libpng warning: eXIf: duplicate
libpng warning: eXIf: duplicate
libpng warning: eXIf: duplicate
libpng warning: eXIf: duplicate
libpng warning: eXIf: duplicate
libpng warning: eXIf: duplicate
libpng warning: eXIf: duplicate
libpng warning: eXIf: duplicate
libpng warning: eXIf: duplicate
libpng warning: eXIf: duplicate
libpng warning: eXIf: duplicate
libpng warning: eXIf: duplicate
libpng warning: eXIf: duplicate
libpng warning: eXIf: duplicate
libpng warning: eXIf: duplicate
libpng warning: eXIf: duplicate
libpng warning: eXIf: duplicate
libpng warning: eXIf: duplicate
libpng warning: eXIf: duplicate
libpng warning: eXIf: duplicate
libpng warning: eXIf: duplicate
libpng warning: eXIf: duplicate
libpng warning: eXIf: duplicate
libpng warning: eXIf: duplicate
libpng warning: eXIf: duplicate
libpng warning: eXIf: duplicate
libpng warning: eXIf: duplicate
libpng warning: eXIf: duplicate
libpng warning: eXIf: duplicate
libpng warning: eXIf: duplicate
libpng warning: eXIf: duplicate
libpng warning: eXIf: duplicate
libpng warning: eXIf: duplicate
libpng warning: eXIf: duplicate
libpng warning: eXIf: duplicate
libpng warning: eXIf: duplicate
libpng warning: eXIf: duplicate
libpng warning: eXIf: duplicate
libpng warning: eXIf: duplicate
libpng warning: eXIf: duplicate
libpng warning: eXIf: duplicate
libpng warning: eXIf: duplicate
libpng warning: eXIf: duplicate
libpng warning: eXIf: duplicate
libpng warning: eXIf: duplicate
libpng warning: eXIf: duplicate
libpng warning: eXIf: duplicate
libpng warning: eXIf: duplicate
libpng warning: eXIf: duplicate
libpng warning: eXIf: duplicate
libpng warning: eXIf: duplicate
libpng warning: eXIf: duplicate
libpng warning: eXIf: duplicate
libpng warning: eXIf: duplicate
libpng warning: eXIf: duplicate
libpng warning: eXIf: duplicate
libpng warning: eXIf: duplicate
libpng warning: eXIf: duplicate
libpng warning: eXIf: duplicate
libpng warning: eXIf: duplicate
libpng warning: eXIf: duplicate
libpng warning: eXIf: duplicate
libpng warning: eXIf: duplicate
libpng warning: eXIf: duplicate
libpng warning: eXIf: duplicate
libpng warning: eXIf: duplicate
libpng warning: eXIf: duplicate
libpng warning: eXIf: duplicate
libpng warning: eXIf: duplicate
libpng warning: eXIf: duplicate
libpng warning: eXIf: duplicate
libpng warning: eXIf: duplicate
libpng warning: eXIf: duplicate
libpng warning: eXIf: duplicate
libpng warning: eXIf: duplicate
libpng warning: eXIf: duplicate
libpng warning: eXIf: duplicate
libpng warning: eXIf: duplicate
libpng warning: eXIf: duplicate
libpng warning: eXIf: duplicate
libpng warning: eXIf: duplicate
libpng warning: eXIf: duplicate
libpng warning: eXIf: duplicate
libpng warning: eXIf: duplicate
libpng warning: eXIf: duplicate
libpng warning: eXIf: duplicate
libpng warning: eXIf: duplicate
libpng warning: eXIf: duplicate
libpng warning: eXIf: duplicate
libpng warning: eXIf: duplicate
libpng warning: eXIf: duplicate
libpng warning: eXIf: duplicate
libpng warning: eXIf: duplicate
libpng warning: eXIf: duplicate
libpng warning: eXIf: duplicate
libpng warning: eXIf: duplicate
libpng warning: eXIf: duplicate
libpng warning: eXIf: duplicate
libpng warning: eXIf: duplicate
libpng warning: eXIf: duplicate
libpng warning: eXIf: duplicate
libpng warning: eXIf: duplicate
libpng warning: eXIf: duplicate
libpng warning: eXIf: duplicate
libpng warning: eXIf: duplicate
libpng warning: eXIf: duplicate
libpng warning: eXIf: duplicate
libpng warning: eXIf: duplicate
libpng warning: eXIf: duplicate
libpng warning: eXIf: duplicate
libpng warning: eXIf: duplicate
libpng warning: eXIf: duplicate
libpng warning: eXIf: duplicate
libpng warning: eXIf: duplicate
libpng warning: eXIf: duplicate
libpng warning: eXIf: duplicate
libpng warning: eXIf: duplicate
libpng warning: eXIf: duplicate
libpng warning: eXIf: duplicate
libpng warning: eXIf: duplicate
libpng warning: eXIf: duplicate
libpng warning: eXIf: duplicate
libpng warning: eXIf: duplicate
libpng warning: eXIf: duplicate
libpng warning: eXIf: duplicate
libpng warning: eXIf: duplicate
libpng warning: eXIf: duplicate
libpng warning: eXIf: duplicate
libpng warning: eXIf: duplicate
libpng warning: eXIf: duplicate
libpng warning: eXIf: duplicate
libpng warning: eXIf: duplicate
libpng warning: eXIf: duplicate
libpng warning: eXIf: duplicate
libpng warning: eXIf: duplicate
libpng warning: eXIf: duplicate
libpng warning: eXIf: duplicate

alpha count: 235603 229718
reverse true
base dir name: ['', '4T', 'CXY', 'MV-Painter', 'data', 'train_data']
alpha count: 230876 226733
reverse true
base dir name: ['', '4T', 'CXY', 'MV-Painter', 'data', 'train_data']
alpha count: 259187 209677
reverse true
base dir name: ['', '4T', 'CXY', 'MV-Painter', 'data', 'train_data']
alpha count: 232949 234493
reverse false
base dir name: ['', '4T', 'CXY', 'MV-Painter', 'data', 'train_data']
alpha count: 225708 237680
reverse false
base dir name: ['', '4T', 'CXY', 'MV-Painter', 'data', 'train_data']
alpha count: 163455 185799
reverse false
base dir name: ['', '4T', 'CXY', 'MV-Painter', 'data', 'train_data']
alpha count: 214873 221402
reverse false
base dir name: ['', '4T', 'CXY', 'MV-Painter', 'data', 'train_data']
alpha count: 256111 246917
reverse true
base dir name: ['', '4T', 'CXY', 'MV-Painter', 'data', 'train_data']
alpha count: 208069 208912
reverse false
base dir name: ['', '4T', 'CXY', 'MV-Painter', 'data', 'train_data']
alpha count: 227192 213295
reverse true
base dir name: ['', '4T', 'CXY', 'MV-Painter', 'data', 'train_data']
alpha count: 249571 237869
reverse true
base dir name: ['', '4T', 'CXY', 'MV-Painter', 'data', 'train_data']
alpha count: 230948 228776
reverse true
base dir name: ['', '4T', 'CXY', 'MV-Painter', 'data', 'train_data']
alpha count: 261949 261949
reverse false
base dir name: ['', '4T', 'CXY', 'MV-Painter', 'data', 'train_data']
alpha count: 209908 207931
reverse true
base dir name: ['', '4T', 'CXY', 'MV-Painter', 'data', 'train_data']
alpha count: 244204 219025
reverse true
base dir name: ['', '4T', 'CXY', 'MV-Painter', 'data', 'train_data']
alpha count: 218709 214304
reverse true
base dir name: ['', '4T', 'CXY', 'MV-Painter', 'data', 'train_data']
alpha count: 235208 238161
reverse false
base dir name: ['', '4T', 'CXY', 'MV-Painter', 'data', 'train_data']
alpha count: 213977 220240
reverse false
base dir name: ['', '4T', 'CXY', 'MV-Painter', 'data', 'train_data']
alpha count: 216353 223682
reverse false
base dir name: ['', '4T', 'CXY', 'MV-Painter', 'data', 'train_data']
alpha count: 210007 224581
reverse false
[280/2000] loss=0.2087 (ema 0.0850) lr=9.78e-05 grad=0.154 | fsc_modules=4.5e-03 gsg_modules=1.0e-01 ltag=7.0e-03 | 0.9s
base dir name: ['', '4T', 'CXY', 'MV-Painter', 'data', 'train_data']
alpha count: 226077 239799
reverse false
base dir name: ['', '4T', 'CXY', 'MV-Painter', 'data', 'train_data']
alpha count: 237996 230486
reverse true
base dir name: ['', '4T', 'CXY', 'MV-Painter', 'data', 'train_data']
alpha count: 214601 215547
reverse false
base dir name: ['', '4T', 'CXY', 'MV-Painter', 'data', 'train_data']
alpha count: 227726 231318
reverse false
base dir name: ['', '4T', 'CXY', 'MV-Painter', 'data', 'train_data']
alpha count: 204111 197992
reverse true
base dir name: ['', '4T', 'CXY', 'MV-Painter', 'data', 'train_data']
alpha count: 187457 195329
reverse false
base dir name: ['', '4T', 'CXY', 'MV-Painter', 'data', 'train_data']
alpha count: 257211 245999
reverse true
base dir name: ['', '4T', 'CXY', 'MV-Painter', 'data', 'train_data']
alpha count: 227988 236192
reverse false
base dir name: ['', '4T', 'CXY', 'MV-Painter', 'data', 'train_data']
alpha count: 219386 224679
reverse false
base dir name: ['', '4T', 'CXY', 'MV-Painter', 'data', 'train_data']
alpha count: 242309 220465
reverse true
base dir name: ['', '4T', 'CXY', 'MV-Painter', 'data', 'train_data']
alpha count: 210214 216902
reverse false
base dir name: ['', '4T', 'CXY', 'MV-Painter', 'data', 'train_data']
alpha count: 217499 227069
reverse false
base dir name: ['', '4T', 'CXY', 'MV-Painter', 'data', 'train_data']
alpha count: 208557 202463
reverse true
base dir name: ['', '4T', 'CXY', 'MV-Painter', 'data', 'train_data']
alpha count: 221956 159995
reverse true
base dir name: ['', '4T', 'CXY', 'MV-Painter', 'data', 'train_data']
alpha count: 239771 246886
reverse false
base dir name: ['', '4T', 'CXY', 'MV-Painter', 'data', 'train_data']
alpha count: 232772 227176
reverse true
base dir name: ['', '4T', 'CXY', 'MV-Painter', 'data', 'train_data']
alpha count: 216233 214169
reverse true
base dir name: ['', '4T', 'CXY', 'MV-Painter', 'data', 'train_data']
alpha count: 257015 227225
reverse true
base dir name: ['', '4T', 'CXY', 'MV-Painter', 'data', 'train_data']
alpha count: 210759 209608
reverse true
base dir name: ['', '4T', 'CXY', 'MV-Painter', 'data', 'train_data']
alpha count: 230271 236658
reverse false
[300/2000] loss=0.2202 (ema 0.0827) lr=9.73e-05 grad=0.115 | fsc_modules=7.5e-03 gsg_modules=8.1e-02 ltag=1.5e-02 | 1.1s
base dir name: ['', '4T', 'CXY', 'MV-Painter', 'data', 'train_data']
alpha count: 232781 249788
reverse false
base dir name: ['', '4T', 'CXY', 'MV-Painter', 'data', 'train_data']
alpha count: 192728 205720
reverse false
base dir name: ['', '4T', 'CXY', 'MV-Painter', 'data', 'train_data']
alpha count: 235600 248808
reverse false
base dir name: ['', '4T', 'CXY', 'MV-Painter', 'data', 'train_data']
alpha count: 237834 229242
reverse true
base dir name: ['', '4T', 'CXY', 'MV-Painter', 'data', 'train_data']
alpha count: 225743 236065
reverse false
base dir name: ['', '4T', 'CXY', 'MV-Painter', 'data', 'train_data']
alpha count: 223703 199732
reverse true
base dir name: ['', '4T', 'CXY', 'MV-Painter', 'data', 'train_data']
alpha count: 238609 244225
reverse false
base dir name: ['', '4T', 'CXY', 'MV-Painter', 'data', 'train_data']
alpha count: 212201 216212
reverse false
base dir name: ['', '4T', 'CXY', 'MV-Painter', 'data', 'train_data']
alpha count: 229055 208719
reverse true
base dir name: ['', '4T', 'CXY', 'MV-Painter', 'data', 'train_data']
alpha count: 258648 250259
reverse true
base dir name: ['', '4T', 'CXY', 'MV-Painter', 'data', 'train_data']
alpha count: 245800 249365
reverse false
base dir name: ['', '4T', 'CXY', 'MV-Painter', 'data', 'train_data']
alpha count: 248418 215353
reverse true
base dir name: ['', '4T', 'CXY', 'MV-Painter', 'data', 'train_data']
alpha count: 214158 210671
reverse true
base dir name: ['', '4T', 'CXY', 'MV-Painter', 'data', 'train_data']
alpha count: 215143 209314
reverse true
base dir name: ['', '4T', 'CXY', 'MV-Painter', 'data', 'train_data']
alpha count: 245053 246912
reverse false
base dir name: ['', '4T', 'CXY', 'MV-Painter', 'data', 'train_data']
alpha count: 257798 238490
reverse true
base dir name: ['', '4T', 'CXY', 'MV-Painter', 'data', 'train_data']
alpha count: 225730 217484
reverse true
base dir name: ['', '4T', 'CXY', 'MV-Painter', 'data', 'train_data']
alpha count: 226263 222409
reverse true
base dir name: ['', '4T', 'CXY', 'MV-Painter', 'data', 'train_data']
alpha count: 240474 225422
reverse true
base dir name: ['', '4T', 'CXY', 'MV-Painter', 'data', 'train_data']
alpha count: 247723 256827
reverse false
[320/2000] loss=0.0112 (ema 0.0815) lr=9.68e-05 grad=0.247 | fsc_modules=9.2e-03 gsg_modules=1.8e-01 ltag=1.3e-02 | 1.0s
base dir name: ['', '4T', 'CXY', 'MV-Painter', 'data', 'train_data']
alpha count: 259333 254226
reverse true
base dir name: ['', '4T', 'CXY', 'MV-Painter', 'data', 'train_data']
alpha count: 236360 214337
reverse true
base dir name: ['', '4T', 'CXY', 'MV-Painter', 'data', 'train_data']
alpha count: 193706 195497
reverse false
base dir name: ['', '4T', 'CXY', 'MV-Painter', 'data', 'train_data']
alpha count: 250607 250806
reverse false
base dir name: ['', '4T', 'CXY', 'MV-Painter', 'data', 'train_data']
alpha count: 223917 231394
reverse false
base dir name: ['', '4T', 'CXY', 'MV-Painter', 'data', 'train_data']
alpha count: 235917 237441
reverse false
base dir name: ['', '4T', 'CXY', 'MV-Painter', 'data', 'train_data']
alpha count: 254599 236143
reverse true
base dir name: ['', '4T', 'CXY', 'MV-Painter', 'data', 'train_data']
alpha count: 238856 249838
reverse false
base dir name: ['', '4T', 'CXY', 'MV-Painter', 'data', 'train_data']
alpha count: 244550 254954
reverse false
base dir name: ['', '4T', 'CXY', 'MV-Painter', 'data', 'train_data']
alpha count: 252149 241777
reverse true
base dir name: ['', '4T', 'CXY', 'MV-Painter', 'data', 'train_data']
alpha count: 221617 231625
reverse false
base dir name: ['', '4T', 'CXY', 'MV-Painter', 'data', 'train_data']
alpha count: 245094 225302
reverse true
base dir name:libpng warning: eXIf: duplicate
libpng warning: eXIf: duplicate
libpng warning: eXIf: duplicate
libpng warning: eXIf: duplicate
libpng warning: eXIf: duplicate
libpng warning: eXIf: duplicate
libpng warning: eXIf: duplicate
libpng warning: eXIf: duplicate
libpng warning: eXIf: duplicate
libpng warning: eXIf: duplicate
libpng warning: eXIf: duplicate
libpng warning: eXIf: duplicate
libpng warning: eXIf: duplicate
libpng warning: eXIf: duplicate
libpng warning: eXIf: duplicate
libpng warning: eXIf: duplicate
libpng warning: eXIf: duplicate
libpng warning: eXIf: duplicate
libpng warning: eXIf: duplicate
libpng warning: eXIf: duplicate
libpng warning: eXIf: duplicate
libpng warning: eXIf: duplicate
libpng warning: eXIf: duplicate
libpng warning: eXIf: duplicate
libpng warning: eXIf: duplicate
libpng warning: eXIf: duplicate
libpng warning: eXIf: duplicate
libpng warning: eXIf: duplicate
libpng warning: eXIf: duplicate
libpng warning: eXIf: duplicate
libpng warning: eXIf: duplicate
libpng warning: eXIf: duplicate
libpng warning: eXIf: duplicate
libpng warning: eXIf: duplicate
libpng warning: eXIf: duplicate
libpng warning: eXIf: duplicate
libpng warning: eXIf: duplicate
libpng warning: eXIf: duplicate
libpng warning: eXIf: duplicate
libpng warning: eXIf: duplicate
libpng warning: eXIf: duplicate
libpng warning: eXIf: duplicate
libpng warning: eXIf: duplicate
libpng warning: eXIf: duplicate
libpng warning: eXIf: duplicate
libpng warning: eXIf: duplicate
libpng warning: eXIf: duplicate
libpng warning: eXIf: duplicate
libpng warning: eXIf: duplicate
libpng warning: eXIf: duplicate
libpng warning: eXIf: duplicate
libpng warning: eXIf: duplicate
libpng warning: eXIf: duplicate
libpng warning: eXIf: duplicate
libpng warning: eXIf: duplicate
libpng warning: eXIf: duplicate
libpng warning: eXIf: duplicate
libpng warning: eXIf: duplicate
libpng warning: eXIf: duplicate
libpng warning: eXIf: duplicate
libpng warning: eXIf: duplicate
libpng warning: eXIf: duplicate
libpng warning: eXIf: duplicate
libpng warning: eXIf: duplicate
libpng warning: eXIf: duplicate
libpng warning: eXIf: duplicate
libpng warning: eXIf: duplicate
libpng warning: eXIf: duplicate
libpng warning: eXIf: duplicate
libpng warning: eXIf: duplicate
libpng warning: eXIf: duplicate
libpng warning: eXIf: duplicate
libpng warning: eXIf: duplicate
libpng warning: eXIf: duplicate
libpng warning: eXIf: duplicate
libpng warning: eXIf: duplicate
libpng warning: eXIf: duplicate
libpng warning: eXIf: duplicate
libpng warning: eXIf: duplicate
libpng warning: eXIf: duplicate
libpng warning: eXIf: duplicate
libpng warning: eXIf: duplicate
libpng warning: eXIf: duplicate
libpng warning: eXIf: duplicate
libpng warning: eXIf: duplicate
libpng warning: eXIf: duplicate
libpng warning: eXIf: duplicate
libpng warning: eXIf: duplicate
libpng warning: eXIf: duplicate
libpng warning: eXIf: duplicate
libpng warning: eXIf: duplicate
libpng warning: eXIf: duplicate
libpng warning: eXIf: duplicate
libpng warning: eXIf: duplicate
libpng warning: eXIf: duplicate
libpng warning: eXIf: duplicate
libpng warning: eXIf: duplicate
libpng warning: eXIf: duplicate
libpng warning: eXIf: duplicate
libpng warning: eXIf: duplicate
libpng warning: eXIf: duplicate
libpng warning: eXIf: duplicate
libpng warning: eXIf: duplicate
libpng warning: eXIf: duplicate
libpng warning: eXIf: duplicate
libpng warning: eXIf: duplicate
libpng warning: eXIf: duplicate
libpng warning: eXIf: duplicate
libpng warning: eXIf: duplicate
libpng warning: eXIf: duplicate
libpng warning: eXIf: duplicate
libpng warning: eXIf: duplicate
libpng warning: eXIf: duplicate
libpng warning: eXIf: duplicate
libpng warning: eXIf: duplicate
libpng warning: eXIf: duplicate
libpng warning: eXIf: duplicate
libpng warning: eXIf: duplicate
libpng warning: eXIf: duplicate
libpng warning: eXIf: duplicate
libpng warning: eXIf: duplicate
libpng warning: eXIf: duplicate
libpng warning: eXIf: duplicate
libpng warning: eXIf: duplicate
libpng warning: eXIf: duplicate
libpng warning: eXIf: duplicate
libpng warning: eXIf: duplicate
libpng warning: eXIf: duplicate
libpng warning: eXIf: duplicate
libpng warning: eXIf: duplicate
libpng warning: eXIf: duplicate
libpng warning: eXIf: duplicate
libpng warning: eXIf: duplicate
libpng warning: eXIf: duplicate
libpng warning: eXIf: duplicate
libpng warning: eXIf: duplicate
libpng warning: eXIf: duplicate
libpng warning: eXIf: duplicate
libpng warning: eXIf: duplicate
libpng warning: eXIf: duplicate
libpng warning: eXIf: duplicate
libpng warning: eXIf: duplicate
libpng warning: eXIf: duplicate
libpng warning: eXIf: duplicate
libpng warning: eXIf: duplicate
libpng warning: eXIf: duplicate
libpng warning: eXIf: duplicate
libpng warning: eXIf: duplicate
libpng warning: eXIf: duplicate
libpng warning: eXIf: duplicate
libpng warning: eXIf: duplicate
libpng warning: eXIf: duplicate
libpng warning: eXIf: duplicate
libpng warning: eXIf: duplicate
libpng warning: eXIf: duplicate
libpng warning: eXIf: duplicate
libpng warning: eXIf: duplicate
libpng warning: eXIf: duplicate
libpng warning: eXIf: duplicate
libpng warning: eXIf: duplicate
libpng warning: eXIf: duplicate
libpng warning: eXIf: duplicate
libpng warning: eXIf: duplicate
libpng warning: eXIf: duplicate
libpng warning: eXIf: duplicate
libpng warning: eXIf: duplicate
libpng warning: eXIf: duplicate
libpng warning: eXIf: duplicate
libpng warning: eXIf: duplicate
libpng warning: eXIf: duplicate
libpng warning: eXIf: duplicate
libpng warning: eXIf: duplicate
libpng warning: eXIf: duplicate
libpng warning: eXIf: duplicate
libpng warning: eXIf: duplicate
libpng warning: eXIf: duplicate
libpng warning: eXIf: duplicate
libpng warning: eXIf: duplicate
libpng warning: eXIf: duplicate
libpng warning: eXIf: duplicate
libpng warning: eXIf: duplicate
libpng warning: eXIf: duplicate
libpng warning: eXIf: duplicate
libpng warning: eXIf: duplicate
libpng warning: eXIf: duplicate
libpng warning: eXIf: duplicate
libpng warning: eXIf: duplicate
libpng warning: eXIf: duplicate
libpng warning: eXIf: duplicate
libpng warning: eXIf: duplicate
libpng warning: eXIf: duplicate
libpng warning: eXIf: duplicate
libpng warning: eXIf: duplicate
libpng warning: eXIf: duplicate
libpng warning: eXIf: duplicate
libpng warning: eXIf: duplicate
libpng warning: eXIf: duplicate
libpng warning: eXIf: duplicate
libpng warning: eXIf: duplicate
libpng warning: eXIf: duplicate
libpng warning: eXIf: duplicate
libpng warning: eXIf: duplicate
libpng warning: eXIf: duplicate
libpng warning: eXIf: duplicate
libpng warning: eXIf: duplicate
libpng warning: eXIf: duplicate
libpng warning: eXIf: duplicate
libpng warning: eXIf: duplicate
libpng warning: eXIf: duplicate
libpng warning: eXIf: duplicate
libpng warning: eXIf: duplicate
libpng warning: eXIf: duplicate
libpng warning: eXIf: duplicate
libpng warning: eXIf: duplicate
libpng warning: eXIf: duplicate
libpng warning: eXIf: duplicate
libpng warning: eXIf: duplicate
libpng warning: eXIf: duplicate
libpng warning: eXIf: duplicate
libpng warning: eXIf: duplicate
libpng warning: eXIf: duplicate
libpng warning: eXIf: duplicate
libpng warning: eXIf: duplicate
libpng warning: eXIf: duplicate
libpng warning: eXIf: duplicate
libpng warning: eXIf: duplicate
libpng warning: eXIf: duplicate
libpng warning: eXIf: duplicate
libpng warning: eXIf: duplicate
libpng warning: eXIf: duplicate
libpng warning: eXIf: duplicate
libpng warning: eXIf: duplicate
libpng warning: eXIf: duplicate
libpng warning: eXIf: duplicate
libpng warning: eXIf: duplicate
libpng warning: eXIf: duplicate
libpng warning: eXIf: duplicate
libpng warning: eXIf: duplicate
libpng warning: eXIf: duplicate
libpng warning: eXIf: duplicate
libpng warning: eXIf: duplicate
libpng warning: eXIf: duplicate
libpng warning: eXIf: duplicate
libpng warning: eXIf: duplicate
libpng warning: eXIf: duplicate
libpng warning: eXIf: duplicate
libpng warning: eXIf: duplicate
libpng warning: eXIf: duplicate
libpng warning: eXIf: duplicate
libpng warning: eXIf: duplicate
libpng warning: eXIf: duplicate
libpng warning: eXIf: duplicate
libpng warning: eXIf: duplicate
libpng warning: eXIf: duplicate
libpng warning: eXIf: duplicate
libpng warning: eXIf: duplicate
libpng warning: eXIf: duplicate
libpng warning: eXIf: duplicate
libpng warning: eXIf: duplicate
libpng warning: eXIf: duplicate
libpng warning: eXIf: duplicate
libpng warning: eXIf: duplicate
libpng warning: eXIf: duplicate
libpng warning: eXIf: duplicate
libpng warning: eXIf: duplicate
libpng warning: eXIf: duplicate
libpng warning: eXIf: duplicate
libpng warning: eXIf: duplicate
libpng warning: eXIf: duplicate
libpng warning: eXIf: duplicate
libpng warning: eXIf: duplicate
libpng warning: eXIf: duplicate
libpng warning: eXIf: duplicate
libpng warning: eXIf: duplicate
libpng warning: eXIf: duplicate
libpng warning: eXIf: duplicate
libpng warning: eXIf: duplicate
libpng warning: eXIf: duplicate
libpng warning: eXIf: duplicate
libpng warning: eXIf: duplicate
libpng warning: eXIf: duplicate
libpng warning: eXIf: duplicate
libpng warning: eXIf: duplicate
libpng warning: eXIf: duplicate
libpng warning: eXIf: duplicate
libpng warning: eXIf: duplicate
libpng warning: eXIf: duplicate
libpng warning: eXIf: duplicate
libpng warning: eXIf: duplicate
libpng warning: eXIf: duplicate
libpng warning: eXIf: duplicate
libpng warning: eXIf: duplicate
libpng warning: eXIf: duplicate
libpng warning: eXIf: duplicate
libpng warning: eXIf: duplicate
libpng warning: eXIf: duplicate
libpng warning: eXIf: duplicate
libpng warning: eXIf: duplicate
libpng warning: eXIf: duplicate
libpng warning: eXIf: duplicate
libpng warning: eXIf: duplicate
libpng warning: eXIf: duplicate
libpng warning: eXIf: duplicate
libpng warning: eXIf: duplicate
libpng warning: eXIf: duplicate
libpng warning: eXIf: duplicate
libpng warning: eXIf: duplicate
libpng warning: eXIf: duplicate
libpng warning: eXIf: duplicate
libpng warning: eXIf: duplicate
libpng warning: eXIf: duplicate
libpng warning: eXIf: duplicate
libpng warning: eXIf: duplicate
libpng warning: eXIf: duplicate
libpng warning: eXIf: duplicate
libpng warning: eXIf: duplicate
libpng warning: eXIf: duplicate
libpng warning: eXIf: duplicate
libpng warning: eXIf: duplicate
libpng warning: eXIf: duplicate
libpng warning: eXIf: duplicate
libpng warning: eXIf: duplicate
libpng warning: eXIf: duplicate
libpng warning: eXIf: duplicate
libpng warning: eXIf: duplicate
libpng warning: eXIf: duplicate
libpng warning: eXIf: duplicate
libpng warning: eXIf: duplicate
libpng warning: eXIf: duplicate
libpng warning: eXIf: duplicate
libpng warning: eXIf: duplicate
libpng warning: eXIf: duplicate
libpng warning: eXIf: duplicate
libpng warning: eXIf: duplicate
libpng warning: eXIf: duplicate
libpng warning: eXIf: duplicate
libpng warning: eXIf: duplicate
libpng warning: eXIf: duplicate
libpng warning: eXIf: duplicate
libpng warning: eXIf: duplicate
libpng warning: eXIf: duplicate
libpng warning: eXIf: duplicate
libpng warning: eXIf: duplicate
libpng warning: eXIf: duplicate
libpng warning: eXIf: duplicate
libpng warning: eXIf: duplicate
libpng warning: eXIf: duplicate
libpng warning: eXIf: duplicate
libpng warning: eXIf: duplicate
libpng warning: eXIf: duplicate
libpng warning: eXIf: duplicate
libpng warning: eXIf: duplicate
libpng warning: eXIf: duplicate
libpng warning: eXIf: duplicate
libpng warning: eXIf: duplicate
libpng warning: eXIf: duplicate
libpng warning: eXIf: duplicate
libpng warning: eXIf: duplicate
libpng warning: eXIf: duplicate
libpng warning: eXIf: duplicate
libpng warning: eXIf: duplicate
libpng warning: eXIf: duplicate
libpng warning: eXIf: duplicate
libpng warning: eXIf: duplicate
libpng warning: eXIf: duplicate
libpng warning: eXIf: duplicate
libpng warning: eXIf: duplicate
libpng warning: eXIf: duplicate
libpng warning: eXIf: duplicate
libpng warning: eXIf: duplicate
libpng warning: eXIf: duplicate
libpng warning: eXIf: duplicate
libpng warning: eXIf: duplicate
libpng warning: eXIf: duplicate
libpng warning: eXIf: duplicate
libpng warning: eXIf: duplicate
libpng warning: eXIf: duplicate
libpng warning: eXIf: duplicate
libpng warning: eXIf: duplicate
libpng warning: eXIf: duplicate
libpng warning: eXIf: duplicate
libpng warning: eXIf: duplicate
libpng warning: eXIf: duplicate
libpng warning: eXIf: duplicate
libpng warning: eXIf: duplicate
libpng warning: eXIf: duplicate
libpng warning: eXIf: duplicate
libpng warning: eXIf: duplicate
libpng warning: eXIf: duplicate
libpng warning: eXIf: duplicate
libpng warning: eXIf: duplicate
libpng warning: eXIf: duplicate
libpng warning: eXIf: duplicate
libpng warning: eXIf: duplicate
libpng warning: eXIf: duplicate
libpng warning: eXIf: duplicate
libpng warning: eXIf: duplicate
libpng warning: eXIf: duplicate
libpng warning: eXIf: duplicate
libpng warning: eXIf: duplicate
libpng warning: eXIf: duplicate
libpng warning: eXIf: duplicate
libpng warning: eXIf: duplicate
libpng warning: eXIf: duplicate
libpng warning: eXIf: duplicate
libpng warning: eXIf: duplicate
libpng warning: eXIf: duplicate
libpng warning: eXIf: duplicate
libpng warning: eXIf: duplicate
libpng warning: eXIf: duplicate
libpng warning: eXIf: duplicate
libpng warning: eXIf: duplicate
libpng warning: eXIf: duplicate
libpng warning: eXIf: duplicate
libpng warning: eXIf: duplicate
libpng warning: eXIf: duplicate
libpng warning: eXIf: duplicate
libpng warning: eXIf: duplicate
libpng warning: eXIf: duplicate
libpng warning: eXIf: duplicate
libpng warning: eXIf: duplicate
libpng warning: eXIf: duplicate
libpng warning: eXIf: duplicate
libpng warning: eXIf: duplicate
libpng warning: eXIf: duplicate
libpng warning: eXIf: duplicate
libpng warning: eXIf: duplicate
libpng warning: eXIf: duplicate
libpng warning: eXIf: duplicate
libpng warning: eXIf: duplicate
libpng warning: eXIf: duplicate
libpng warning: eXIf: duplicate
libpng warning: eXIf: duplicate
libpng warning: eXIf: duplicate
libpng warning: eXIf: duplicate
libpng warning: eXIf: duplicate
libpng warning: eXIf: duplicate
libpng warning: eXIf: duplicate
libpng warning: eXIf: duplicate
libpng warning: eXIf: duplicate
libpng warning: eXIf: duplicate
libpng warning: eXIf: duplicate
libpng warning: eXIf: duplicate
libpng warning: eXIf: duplicate
libpng warning: eXIf: duplicate
libpng warning: eXIf: duplicate
libpng warning: eXIf: duplicate
libpng warning: eXIf: duplicate
libpng warning: eXIf: duplicate
libpng warning: eXIf: duplicate
libpng warning: eXIf: duplicate
libpng warning: eXIf: duplicate
libpng warning: eXIf: duplicate
libpng warning: eXIf: duplicate
libpng warning: eXIf: duplicate
libpng warning: eXIf: duplicate
libpng warning: eXIf: duplicate
libpng warning: eXIf: duplicate
libpng warning: eXIf: duplicate
libpng warning: eXIf: duplicate
libpng warning: eXIf: duplicate
libpng warning: eXIf: duplicate
libpng warning: eXIf: duplicate
libpng warning: eXIf: duplicate
libpng warning: eXIf: duplicate
libpng warning: eXIf: duplicate
libpng warning: eXIf: duplicate
libpng warning: eXIf: duplicate
libpng warning: eXIf: duplicate
libpng warning: eXIf: duplicate
libpng warning: eXIf: duplicate
libpng warning: eXIf: duplicate
libpng warning: eXIf: duplicate
libpng warning: eXIf: duplicate
libpng warning: eXIf: duplicate
libpng warning: eXIf: duplicate
libpng warning: eXIf: duplicate
libpng warning: eXIf: duplicate
libpng warning: eXIf: duplicate
libpng warning: eXIf: duplicate
libpng warning: eXIf: duplicate
libpng warning: eXIf: duplicate
libpng warning: eXIf: duplicate
libpng warning: eXIf: duplicate
libpng warning: eXIf: duplicate
libpng warning: eXIf: duplicate
libpng warning: eXIf: duplicate
libpng warning: eXIf: duplicate
libpng warning: eXIf: duplicate
libpng warning: eXIf: duplicate
libpng warning: eXIf: duplicate
libpng warning: eXIf: duplicate
libpng warning: eXIf: duplicate
libpng warning: eXIf: duplicate
libpng warning: eXIf: duplicate
libpng warning: eXIf: duplicate
libpng warning: eXIf: duplicate
libpng warning: eXIf: duplicate
libpng warning: eXIf: duplicate
libpng warning: eXIf: duplicate
libpng warning: eXIf: duplicate
libpng warning: eXIf: duplicate
libpng warning: eXIf: duplicate
libpng warning: eXIf: duplicate
libpng warning: eXIf: duplicate
libpng warning: eXIf: duplicate
libpng warning: eXIf: duplicate
libpng warning: eXIf: duplicate
libpng warning: eXIf: duplicate
libpng warning: eXIf: duplicate
libpng warning: eXIf: duplicate
libpng warning: eXIf: duplicate
libpng warning: eXIf: duplicate
libpng warning: eXIf: duplicate
libpng warning: eXIf: duplicate
libpng warning: eXIf: duplicate
libpng warning: eXIf: duplicate
libpng warning: eXIf: duplicate
libpng warning: eXIf: duplicate
libpng warning: eXIf: duplicate
libpng warning: eXIf: duplicate
libpng warning: eXIf: duplicate
libpng warning: eXIf: duplicate
libpng warning: eXIf: duplicate
libpng warning: eXIf: duplicate
libpng warning: eXIf: duplicate
libpng warning: eXIf: duplicate
libpng warning: eXIf: duplicate
libpng warning: eXIf: duplicate
libpng warning: eXIf: duplicate
libpng warning: eXIf: duplicate
libpng warning: eXIf: duplicate
libpng warning: eXIf: duplicate
libpng warning: eXIf: duplicate
libpng warning: eXIf: duplicate
libpng warning: eXIf: duplicate
libpng warning: eXIf: duplicate
libpng warning: eXIf: duplicate
libpng warning: eXIf: duplicate
libpng warning: eXIf: duplicate
libpng warning: eXIf: duplicate
libpng warning: eXIf: duplicate
libpng warning: eXIf: duplicate
libpng warning: eXIf: duplicate
libpng warning: eXIf: duplicate
libpng warning: eXIf: duplicate
libpng warning: eXIf: duplicate
libpng warning: eXIf: duplicate
libpng warning: eXIf: duplicate
libpng warning: eXIf: duplicate
libpng warning: eXIf: duplicate
libpng warning: eXIf: duplicate
libpng warning: eXIf: duplicate
libpng warning: eXIf: duplicate
libpng warning: eXIf: duplicate
libpng warning: eXIf: duplicate
libpng warning: eXIf: duplicate
libpng warning: eXIf: duplicate
libpng warning: eXIf: duplicate
libpng warning: eXIf: duplicate
libpng warning: eXIf: duplicate
libpng warning: eXIf: duplicate
libpng warning: eXIf: duplicate
libpng warning: eXIf: duplicate
libpng warning: eXIf: duplicate
libpng warning: eXIf: duplicate
libpng warning: eXIf: duplicate
 ['', '4T', 'CXY', 'MV-Painter', 'data', 'train_data']
alpha count: 253015 259825
reverse false
base dir name: ['', '4T', 'CXY', 'MV-Painter', 'data', 'train_data']
alpha count: 233821 221309
reverse true
base dir name: ['', '4T', 'CXY', 'MV-Painter', 'data', 'train_data']
alpha count: 250185 216866
reverse true
base dir name: ['', '4T', 'CXY', 'MV-Painter', 'data', 'train_data']
alpha count: 240266 247608
reverse false
base dir name: ['', '4T', 'CXY', 'MV-Painter', 'data', 'train_data']
alpha count: 228852 238815
reverse false
base dir name: ['', '4T', 'CXY', 'MV-Painter', 'data', 'train_data']
alpha count: 261226 261188
reverse true
base dir name: ['', '4T', 'CXY', 'MV-Painter', 'data', 'train_data']
alpha count: 200267 200271
reverse false
base dir name: ['', '4T', 'CXY', 'MV-Painter', 'data', 'train_data']
alpha count: 239486 226392
reverse true
[340/2000] loss=0.1974 (ema 0.0853) lr=9.62e-05 grad=0.105 | fsc_modules=2.1e-03 gsg_modules=6.6e-02 ltag=5.9e-03 | 3.3s
base dir name: ['', '4T', 'CXY', 'MV-Painter', 'data', 'train_data']
alpha count: 262144 262144
reverse false
OpenCV(4.13.0) /io/opencv/modules/imgproc/src/resize.cpp:4208: error: (-215:Assertion failed) !ssize.empty() in function 'resize'

wrong path: /4T/CXY/MV-Painter/data/train_data/rendered_full/450e29de3c1541d78943e3265012ee48/image
base dir name: ['', '4T', 'CXY', 'MV-Painter', 'data', 'train_data']
alpha count: 245994 258306
reverse false
base dir name: ['', '4T', 'CXY', 'MV-Painter', 'data', 'train_data']
alpha count: 241217 227927
reverse true
base dir name: ['', '4T', 'CXY', 'MV-Painter', 'data', 'train_data']
alpha count: 231302 241032
reverse false
base dir name: ['', '4T', 'CXY', 'MV-Painter', 'data', 'train_data']
alpha count: 188128 187659
reverse true
base dir name: ['', '4T', 'CXY', 'MV-Painter', 'data', 'train_data']
alpha count: 228040 223577
reverse true
base dir name: ['', '4T', 'CXY', 'MV-Painter', 'data', 'train_data']
alpha count: 247988 243473
reverse true
base dir name: ['', '4T', 'CXY', 'MV-Painter', 'data', 'train_data']
alpha count: 253309 252672
reverse true
base dir name: ['', '4T', 'CXY', 'MV-Painter', 'data', 'train_data']
alpha count: 249093 249921
reverse false
base dir name: ['', '4T', 'CXY', 'MV-Painter', 'data', 'train_data']
alpha count: 241986 222186
reverse true
base dir name: ['', '4T', 'CXY', 'MV-Painter', 'data', 'train_data']
alpha count: 257773 253595
reverse true
base dir name: ['', '4T', 'CXY', 'MV-Painter', 'data', 'train_data']
alpha count: 253319 248308
reverse true
base dir name: ['', '4T', 'CXY', 'MV-Painter', 'data', 'train_data']
alpha count: 201506 223716
reverse false
base dir name: ['', '4T', 'CXY', 'MV-Painter', 'data', 'train_data']
alpha count: 204489 171537
reverse true
base dir name: ['', '4T', 'CXY', 'MV-Painter', 'data', 'train_data']
alpha count: 223599 185439
reverse true
base dir name: ['', '4T', 'CXY', 'MV-Painter', 'data', 'train_data']
alpha count: 227347 250931
reverse false
base dir name: ['', '4T', 'CXY', 'MV-Painter', 'data', 'train_data']
alpha count: 228225 243336
reverse false
base dir name: ['', '4T', 'CXY', 'MV-Painter', 'data', 'train_data']
alpha count: 245896 234966
reverse true
base dir name: ['', '4T', 'CXY', 'MV-Painter', 'data', 'train_data']
alpha count: 244995 235042
reverse true
base dir name: ['', '4T', 'CXY', 'MV-Painter', 'data', 'train_data']
alpha count: 251712 250456
reverse true
base dir name: ['', '4T', 'CXY', 'MV-Painter', 'data', 'train_data']
alpha count: 251016 240577
reverse true
[360/2000] loss=0.1214 (ema 0.0845) lr=9.55e-05 grad=0.137 | fsc_modules=3.5e-03 gsg_modules=9.9e-02 ltag=1.1e-02 | 1.1s
base dir name: ['', '4T', 'CXY', 'MV-Painter', 'data', 'train_data']
alpha count: 222766 212468
reverse true
base dir name: ['', '4T', 'CXY', 'MV-Painter', 'data', 'train_data']
alpha count: 256268 238546
reverse true
base dir name: ['', '4T', 'CXY', 'MV-Painter', 'data', 'train_data']
alpha count: 231618 213444
reverse true
base dir name: ['', '4T', 'CXY', 'MV-Painter', 'data', 'train_data']
alpha count: 243763 230201
reverse true
base dir name: ['', '4T', 'CXY', 'MV-Painter', 'data', 'train_data']
alpha count: 261690 261548
reverse true
base dir name: ['', '4T', 'CXY', 'MV-Painter', 'data', 'train_data']
alpha count: 148828 148604
reverse true
base dir name: ['', '4T', 'CXY', 'MV-Painter', 'data', 'train_data']
alpha count: 169919 174450
reverse false
base dir name: ['', '4T', 'CXY', 'MV-Painter', 'data', 'train_data']
alpha count: 221262 221640
reverse false
base dir name: ['', '4T', 'CXY', 'MV-Painter', 'data', 'train_data']
alpha count: 235311 230093
reverse true
base dir name: ['', '4T', 'CXY', 'MV-Painter', 'data', 'train_data']
alpha count: 250237 235733
reverse true
base dir name: ['', '4T', 'CXY', 'MV-Painter', 'data', 'train_data']
alpha count: 190038 191296
reverse false
base dir name: ['', '4T', 'CXY', 'MV-Painter', 'data', 'train_data']
alpha count: 228045 241690
reverse false
base dir name: ['', '4T', 'CXY', 'MV-Painter', 'data', 'train_data']
alpha count: 249844 213675
reverse true
base dir name: ['', '4T', 'CXY', 'MV-Painter', 'data', 'train_data']
alpha count: 219979 188880
reverse true
base dir name: ['', '4T', 'CXY', 'MV-Painter', 'data', 'train_data']
alpha count: 221349 219151
reverse true
base dir name: ['', '4T', 'CXY', 'MV-Painter', 'data', 'train_data']
alpha count: 226584 200273
reverse true
base dir name: ['', '4T', 'CXY', 'MV-Painter', 'data', 'train_data']
alpha count: 261456 262144
reverse false
base dir name: ['', '4T', 'CXY', 'MV-Painter', 'data', 'train_data']
alpha count: 252323 241087
reverse true
base dir name: ['', '4T', 'CXY', 'MV-Painter', 'data', 'train_data']
alpha count: 255659 251242
reverse true
base dir name: ['', '4T', 'CXY', 'MV-Painter', 'data', 'train_data']
alpha count: 202206 207591
reverse false
[380/2000] loss=0.0651 (ema 0.0867) lr=9.48e-05 grad=0.058 | fsc_modules=5.7e-04 gsg_modules=3.7e-02 ltag=7.9e-03 | 1.1s
base dir name: ['', '4T', 'CXY', 'MV-Painter', 'data', 'train_data']
alpha count: 262144 262144
reverse false
OpenCV(4.13.0) /io/opencv/modules/imgproc/src/resize.cpp:4208: error: (-215:Assertion failed) !ssize.empty() in function 'resize'

wrong path: /4T/CXY/MV-Painter/data/train_data/rendered_full/4bcfb9852593406e88abbbe9d62b0498/image
base dir name: ['', '4T', 'CXY', 'MV-Painter', 'data', 'train_data']
alpha count: 259187 209677
reverse true
base dir name: ['', '4T', 'CXY', 'MV-Painter', 'data', 'train_data']
alpha count: 244954 232184
reverse true
base dir name: ['', '4T', 'CXY', 'MV-Painter', 'data', 'train_data']
alpha count: 245991 254876
reverse false
base dir name: ['', '4T', 'CXY', 'MV-Painter', 'data', 'train_data']
alpha count: 258492 250091
reverse true
base dir name: ['', '4T', 'CXY', 'MV-Painter', 'data', 'train_data']
alpha count: 190432 228157
reverse false
base dir name: ['', '4T', 'CXY', 'MV-Painter', 'data', 'train_data']
alpha count: 156808 156400
reverse true
base dir name: ['', '4T', 'CXY', 'MV-Painter', 'data', 'train_data']
alpha count: 169563 168165
reverse true
base dir name: ['', '4T', 'CXY', 'MV-Painter', 'data', 'train_data']
alpha count: 212304 213321
reverse false
base dir name: ['', '4T', 'CXY', 'MV-Painter', 'data', 'train_data']
alpha count: 221746 230556
reverse false
base dir name: ['', '4T', 'CXY', 'MV-Painter', 'data', 'train_data']
alpha count: 186547 187246
reverse false
base dir name: ['', '4T', 'CXY', 'MV-Painter', 'data', 'train_data']
alpha count: 225079 214223
reverse true
base dir name: ['', '4T', 'CXY', 'MV-Painter', 'data', 'train_data']
alpha count: 227517 216325
reverse true
base dir name: ['', '4T', 'CXY', 'MV-Painter', 'data', 'train_data']
alpha count: 212435 215665
reverse false
base dir name: ['', '4T', 'CXY', 'MV-Painter', 'data', 'train_data']
alpha count: 229121 242784
reverse false
base dir name: ['', '4T', 'CXY', 'MV-Painter', 'data', 'train_data']
alpha count: 262144 262144
reverse false
OpenCV(4.13.0) /io/opencv/modules/imgproc/src/resize.cpp:4208: error: (-215:Assertion failed) !ssize.empty() in function 'resize'

wrong path: /4T/CXY/MV-Painter/data/train_data/rendered_full/4f2651c485754d28884e57039db2f2d9/image
base dir name: ['', '4T', 'CXY', 'MV-Painter', 'data', 'train_data']libpng warning: eXIf: duplicate
libpng warning: eXIf: duplicate
libpng warning: eXIf: duplicate
libpng warning: eXIf: duplicate
libpng warning: eXIf: duplicate
libpng warning: eXIf: duplicate
libpng warning: eXIf: duplicate
libpng warning: eXIf: duplicate
libpng warning: eXIf: duplicate
libpng warning: eXIf: duplicate
libpng warning: eXIf: duplicate
libpng warning: eXIf: duplicate
libpng warning: eXIf: duplicate
libpng warning: eXIf: duplicate
libpng warning: eXIf: duplicate
libpng warning: eXIf: duplicate
libpng warning: eXIf: duplicate
libpng warning: eXIf: duplicate
libpng warning: eXIf: duplicate
libpng warning: eXIf: duplicate
libpng warning: eXIf: duplicate
libpng warning: eXIf: duplicate
libpng warning: eXIf: duplicate
libpng warning: eXIf: duplicate
libpng warning: eXIf: duplicate
libpng warning: eXIf: duplicate
libpng warning: eXIf: duplicate
libpng warning: eXIf: duplicate
libpng warning: eXIf: duplicate
libpng warning: eXIf: duplicate
libpng warning: eXIf: duplicate
libpng warning: eXIf: duplicate
libpng warning: eXIf: duplicate
libpng warning: eXIf: duplicate
libpng warning: eXIf: duplicate
libpng warning: eXIf: duplicate
libpng warning: eXIf: duplicate
libpng warning: eXIf: duplicate
libpng warning: eXIf: duplicate
libpng warning: eXIf: duplicate
libpng warning: eXIf: duplicate
libpng warning: eXIf: duplicate
libpng warning: eXIf: duplicate
libpng warning: eXIf: duplicate
libpng warning: eXIf: duplicate
libpng warning: eXIf: duplicate
libpng warning: eXIf: duplicate
libpng warning: eXIf: duplicate
libpng warning: eXIf: duplicate
libpng warning: eXIf: duplicate
libpng warning: eXIf: duplicate
libpng warning: eXIf: duplicate
libpng warning: eXIf: duplicate
libpng warning: eXIf: duplicate
libpng warning: eXIf: duplicate
libpng warning: eXIf: duplicate
libpng warning: eXIf: duplicate
libpng warning: eXIf: duplicate
libpng warning: eXIf: duplicate
libpng warning: eXIf: duplicate
libpng warning: eXIf: duplicate
libpng warning: eXIf: duplicate
libpng warning: eXIf: duplicate
libpng warning: eXIf: duplicate
libpng warning: eXIf: duplicate
libpng warning: eXIf: duplicate
libpng warning: eXIf: duplicate
libpng warning: eXIf: duplicate
libpng warning: eXIf: duplicate
libpng warning: eXIf: duplicate
libpng warning: eXIf: duplicate
libpng warning: eXIf: duplicate
libpng warning: eXIf: duplicate
libpng warning: eXIf: duplicate
libpng warning: eXIf: duplicate
libpng warning: eXIf: duplicate
libpng warning: eXIf: duplicate
libpng warning: eXIf: duplicate
libpng warning: eXIf: duplicate
libpng warning: eXIf: duplicate
libpng warning: eXIf: duplicate
libpng warning: eXIf: duplicate
libpng warning: eXIf: duplicate
libpng warning: eXIf: duplicate
libpng warning: eXIf: duplicate
libpng warning: eXIf: duplicate
libpng warning: eXIf: duplicate
libpng warning: eXIf: duplicate
libpng warning: eXIf: duplicate
libpng warning: eXIf: duplicate
libpng warning: eXIf: duplicate
libpng warning: eXIf: duplicate
libpng warning: eXIf: duplicate
libpng warning: eXIf: duplicate
libpng warning: eXIf: duplicate
libpng warning: eXIf: duplicate
libpng warning: eXIf: duplicate
libpng warning: eXIf: duplicate
libpng warning: eXIf: duplicate
libpng warning: eXIf: duplicate
libpng warning: eXIf: duplicate
libpng warning: eXIf: duplicate
libpng warning: eXIf: duplicate
libpng warning: eXIf: duplicate
libpng warning: eXIf: duplicate
libpng warning: eXIf: duplicate
libpng warning: eXIf: duplicate
libpng warning: eXIf: duplicate
libpng warning: eXIf: duplicate
libpng warning: eXIf: duplicate
libpng warning: eXIf: duplicate
libpng warning: eXIf: duplicate
libpng warning: eXIf: duplicate
libpng warning: eXIf: duplicate
libpng warning: eXIf: duplicate
libpng warning: eXIf: duplicate
libpng warning: eXIf: duplicate
libpng warning: eXIf: duplicate
libpng warning: eXIf: duplicate
libpng warning: eXIf: duplicate
libpng warning: eXIf: duplicate
libpng warning: eXIf: duplicate
libpng warning: eXIf: duplicate
libpng warning: eXIf: duplicate
libpng warning: eXIf: duplicate
libpng warning: eXIf: duplicate
libpng warning: eXIf: duplicate
libpng warning: eXIf: duplicate
libpng warning: eXIf: duplicate
libpng warning: eXIf: duplicate
libpng warning: eXIf: duplicate
libpng warning: eXIf: duplicate
libpng warning: eXIf: duplicate
libpng warning: eXIf: duplicate
libpng warning: eXIf: duplicate
libpng warning: eXIf: duplicate
libpng warning: eXIf: duplicate
libpng warning: eXIf: duplicate
libpng warning: eXIf: duplicate
libpng warning: eXIf: duplicate
libpng warning: eXIf: duplicate
libpng warning: eXIf: duplicate
libpng warning: eXIf: duplicate
libpng warning: eXIf: duplicate
libpng warning: eXIf: duplicate
libpng warning: eXIf: duplicate
libpng warning: eXIf: duplicate
libpng warning: eXIf: duplicate
libpng warning: eXIf: duplicate
libpng warning: eXIf: duplicate
libpng warning: eXIf: duplicate
libpng warning: eXIf: duplicate
libpng warning: eXIf: duplicate
libpng warning: eXIf: duplicate
libpng warning: eXIf: duplicate
libpng warning: eXIf: duplicate
libpng warning: eXIf: duplicate
libpng warning: eXIf: duplicate
libpng warning: eXIf: duplicate
libpng warning: eXIf: duplicate
libpng warning: eXIf: duplicate
libpng warning: eXIf: duplicate
libpng warning: eXIf: duplicate
libpng warning: eXIf: duplicate
libpng warning: eXIf: duplicate
libpng warning: eXIf: duplicate
libpng warning: eXIf: duplicate
libpng warning: eXIf: duplicate
libpng warning: eXIf: duplicate
libpng warning: eXIf: duplicate
libpng warning: eXIf: duplicate
libpng warning: eXIf: duplicate
libpng warning: eXIf: duplicate
libpng warning: eXIf: duplicate
libpng warning: eXIf: duplicate
libpng warning: eXIf: duplicate
libpng warning: eXIf: duplicate
libpng warning: eXIf: duplicate
libpng warning: eXIf: duplicate
libpng warning: eXIf: duplicate
libpng warning: eXIf: duplicate
libpng warning: eXIf: duplicate
libpng warning: eXIf: duplicate
libpng warning: eXIf: duplicate
libpng warning: eXIf: duplicate
libpng warning: eXIf: duplicate
libpng warning: eXIf: duplicate
libpng warning: eXIf: duplicate
libpng warning: eXIf: duplicate
libpng warning: eXIf: duplicate
libpng warning: eXIf: duplicate
libpng warning: eXIf: duplicate
libpng warning: eXIf: duplicate
libpng warning: eXIf: duplicate
libpng warning: eXIf: duplicate
libpng warning: eXIf: duplicate
libpng warning: eXIf: duplicate
libpng warning: eXIf: duplicate
libpng warning: eXIf: duplicate
libpng warning: eXIf: duplicate
libpng warning: eXIf: duplicate
libpng warning: eXIf: duplicate
libpng warning: eXIf: duplicate
libpng warning: eXIf: duplicate
libpng warning: eXIf: duplicate
libpng warning: eXIf: duplicate
libpng warning: eXIf: duplicate
libpng warning: eXIf: duplicate
libpng warning: eXIf: duplicate
libpng warning: eXIf: duplicate
libpng warning: eXIf: duplicate
libpng warning: eXIf: duplicate
libpng warning: eXIf: duplicate
libpng warning: eXIf: duplicate
libpng warning: eXIf: duplicate
libpng warning: eXIf: duplicate
libpng warning: eXIf: duplicate
libpng warning: eXIf: duplicate
libpng warning: eXIf: duplicate
libpng warning: eXIf: duplicate
libpng warning: eXIf: duplicate
libpng warning: eXIf: duplicate
libpng warning: eXIf: duplicate
libpng warning: eXIf: duplicate
libpng warning: eXIf: duplicate
libpng warning: eXIf: duplicate
libpng warning: eXIf: duplicate
libpng warning: eXIf: duplicate
libpng warning: eXIf: duplicate
libpng warning: eXIf: duplicate
libpng warning: eXIf: duplicate
libpng warning: eXIf: duplicate
libpng warning: eXIf: duplicate
libpng warning: eXIf: duplicate
libpng warning: eXIf: duplicate
libpng warning: eXIf: duplicate
libpng warning: eXIf: duplicate
libpng warning: eXIf: duplicate
libpng warning: eXIf: duplicate
libpng warning: eXIf: duplicate
libpng warning: eXIf: duplicate
libpng warning: eXIf: duplicate
libpng warning: eXIf: duplicate
libpng warning: eXIf: duplicate
libpng warning: eXIf: duplicate
libpng warning: eXIf: duplicate
libpng warning: eXIf: duplicate
libpng warning: eXIf: duplicate
libpng warning: eXIf: duplicate
libpng warning: eXIf: duplicate
libpng warning: eXIf: duplicate
libpng warning: eXIf: duplicate
libpng warning: eXIf: duplicate
libpng warning: eXIf: duplicate
libpng warning: eXIf: duplicate
libpng warning: eXIf: duplicate
libpng warning: eXIf: duplicate
libpng warning: eXIf: duplicate
libpng warning: eXIf: duplicate
libpng warning: eXIf: duplicate
libpng warning: eXIf: duplicate
libpng warning: eXIf: duplicate
libpng warning: eXIf: duplicate
libpng warning: eXIf: duplicate
libpng warning: eXIf: duplicate
libpng warning: eXIf: duplicate
libpng warning: eXIf: duplicate
libpng warning: eXIf: duplicate
libpng warning: eXIf: duplicate
libpng warning: eXIf: duplicate
libpng warning: eXIf: duplicate
libpng warning: eXIf: duplicate
libpng warning: eXIf: duplicate
libpng warning: eXIf: duplicate
libpng warning: eXIf: duplicate
libpng warning: eXIf: duplicate
libpng warning: eXIf: duplicate
libpng warning: eXIf: duplicate
libpng warning: eXIf: duplicate
libpng warning: eXIf: duplicate
libpng warning: eXIf: duplicate
libpng warning: eXIf: duplicate
libpng warning: eXIf: duplicate
libpng warning: eXIf: duplicate
libpng warning: eXIf: duplicate
libpng warning: eXIf: duplicate
libpng warning: eXIf: duplicate
libpng warning: eXIf: duplicate
libpng warning: eXIf: duplicate
libpng warning: eXIf: duplicate
libpng warning: eXIf: duplicate
libpng warning: eXIf: duplicate
libpng warning: eXIf: duplicate
libpng warning: eXIf: duplicate
libpng warning: eXIf: duplicate
libpng warning: eXIf: duplicate
libpng warning: eXIf: duplicate
libpng warning: eXIf: duplicate
libpng warning: eXIf: duplicate
libpng warning: eXIf: duplicate
libpng warning: eXIf: duplicate
libpng warning: eXIf: duplicate
libpng warning: eXIf: duplicate
libpng warning: eXIf: duplicate
libpng warning: eXIf: duplicate
libpng warning: eXIf: duplicate
libpng warning: eXIf: duplicate
libpng warning: eXIf: duplicate
libpng warning: eXIf: duplicate
libpng warning: eXIf: duplicate
libpng warning: eXIf: duplicate
libpng warning: eXIf: duplicate
libpng warning: eXIf: duplicate
libpng warning: eXIf: duplicate
libpng warning: eXIf: duplicate
libpng warning: eXIf: duplicate
libpng warning: eXIf: duplicate
libpng warning: eXIf: duplicate
libpng warning: eXIf: duplicate
libpng warning: eXIf: duplicate
libpng warning: eXIf: duplicate
libpng warning: eXIf: duplicate
libpng warning: eXIf: duplicate
libpng warning: eXIf: duplicate
libpng warning: eXIf: duplicate
libpng warning: eXIf: duplicate
libpng warning: eXIf: duplicate
libpng warning: eXIf: duplicate
libpng warning: eXIf: duplicate
libpng warning: eXIf: duplicate
libpng warning: eXIf: duplicate
libpng warning: eXIf: duplicate
libpng warning: eXIf: duplicate
libpng warning: eXIf: duplicate
libpng warning: eXIf: duplicate
libpng warning: eXIf: duplicate
libpng warning: eXIf: duplicate
libpng warning: eXIf: duplicate
libpng warning: eXIf: duplicate
libpng warning: eXIf: duplicate
libpng warning: eXIf: duplicate
libpng warning: eXIf: duplicate
libpng warning: eXIf: duplicate
libpng warning: eXIf: duplicate
libpng warning: eXIf: duplicate
libpng warning: eXIf: duplicate
libpng warning: eXIf: duplicate
libpng warning: eXIf: duplicate
libpng warning: eXIf: duplicate
libpng warning: eXIf: duplicate
libpng warning: eXIf: duplicate
libpng warning: eXIf: duplicate
libpng warning: eXIf: duplicate
libpng warning: eXIf: duplicate
libpng warning: eXIf: duplicate
libpng warning: eXIf: duplicate
libpng warning: eXIf: duplicate
libpng warning: eXIf: duplicate
libpng warning: eXIf: duplicate
libpng warning: eXIf: duplicate
libpng warning: eXIf: duplicate
libpng warning: eXIf: duplicate
libpng warning: eXIf: duplicate
libpng warning: eXIf: duplicate
libpng warning: eXIf: duplicate
libpng warning: eXIf: duplicate
libpng warning: eXIf: duplicate
libpng warning: eXIf: duplicate
libpng warning: eXIf: duplicate
libpng warning: eXIf: duplicate
libpng warning: eXIf: duplicate
libpng warning: eXIf: duplicate
libpng warning: eXIf: duplicate
libpng warning: eXIf: duplicate
libpng warning: eXIf: duplicate
libpng warning: eXIf: duplicate
libpng warning: eXIf: duplicate
libpng warning: eXIf: duplicate
libpng warning: eXIf: duplicate
libpng warning: eXIf: duplicate
libpng warning: eXIf: duplicate
libpng warning: eXIf: duplicate
libpng warning: eXIf: duplicate
libpng warning: eXIf: duplicate
libpng warning: eXIf: duplicate
libpng warning: eXIf: duplicate
libpng warning: eXIf: duplicate
libpng warning: eXIf: duplicate
libpng warning: eXIf: duplicate
libpng warning: eXIf: duplicate
libpng warning: eXIf: duplicate
libpng warning: eXIf: duplicate
libpng warning: eXIf: duplicate
libpng warning: eXIf: duplicate
libpng warning: eXIf: duplicate
libpng warning: eXIf: duplicate
libpng warning: eXIf: duplicate
libpng warning: eXIf: duplicate
libpng warning: eXIf: duplicate
libpng warning: eXIf: duplicate
libpng warning: eXIf: duplicate
libpng warning: eXIf: duplicate
libpng warning: eXIf: duplicate
libpng warning: eXIf: duplicate
libpng warning: eXIf: duplicate
libpng warning: eXIf: duplicate
libpng warning: eXIf: duplicate
libpng warning: eXIf: duplicate
libpng warning: eXIf: duplicate
libpng warning: eXIf: duplicate
libpng warning: eXIf: duplicate
libpng warning: eXIf: duplicate
libpng warning: eXIf: duplicate
libpng warning: eXIf: duplicate
libpng warning: eXIf: duplicate
libpng warning: eXIf: duplicate
libpng warning: eXIf: duplicate
libpng warning: eXIf: duplicate
libpng warning: eXIf: duplicate
libpng warning: eXIf: duplicate
libpng warning: eXIf: duplicate
libpng warning: eXIf: duplicate
libpng warning: eXIf: duplicate
libpng warning: eXIf: duplicate
libpng warning: eXIf: duplicate
libpng warning: eXIf: duplicate
libpng warning: eXIf: duplicate
libpng warning: eXIf: duplicate
libpng warning: eXIf: duplicate
libpng warning: eXIf: duplicate
libpng warning: eXIf: duplicate
libpng warning: eXIf: duplicate
libpng warning: eXIf: duplicate
libpng warning: eXIf: duplicate
libpng warning: eXIf: duplicate
libpng warning: eXIf: duplicate
libpng warning: eXIf: duplicate
libpng warning: eXIf: duplicate
libpng warning: eXIf: duplicate
libpng warning: eXIf: duplicate
libpng warning: eXIf: duplicate
libpng warning: eXIf: duplicate
libpng warning: eXIf: duplicate
libpng warning: eXIf: duplicate
libpng warning: eXIf: duplicate
libpng warning: eXIf: duplicate
libpng warning: eXIf: duplicate
libpng warning: eXIf: duplicate
libpng warning: eXIf: duplicate
libpng warning: eXIf: duplicate
libpng warning: eXIf: duplicate
libpng warning: eXIf: duplicate
libpng warning: eXIf: duplicate
libpng warning: eXIf: duplicate
libpng warning: eXIf: duplicate
libpng warning: eXIf: duplicate
libpng warning: eXIf: duplicate
libpng warning: eXIf: duplicate
libpng warning: eXIf: duplicate
libpng warning: eXIf: duplicate
libpng warning: eXIf: duplicate
libpng warning: eXIf: duplicate
libpng warning: eXIf: duplicate
libpng warning: eXIf: duplicate
libpng warning: eXIf: duplicate
libpng warning: eXIf: duplicate
libpng warning: eXIf: duplicate
libpng warning: eXIf: duplicate
libpng warning: eXIf: duplicate
libpng warning: eXIf: duplicate
libpng warning: eXIf: duplicate
libpng warning: eXIf: duplicate
libpng warning: eXIf: duplicate
libpng warning: eXIf: duplicate
libpng warning: eXIf: duplicate
libpng warning: eXIf: duplicate
libpng warning: eXIf: duplicate
libpng warning: eXIf: duplicate
libpng warning: eXIf: duplicate
libpng warning: eXIf: duplicate
libpng warning: eXIf: duplicate
libpng warning: eXIf: duplicate
libpng warning: eXIf: duplicate
libpng warning: eXIf: duplicate
libpng warning: eXIf: duplicate
libpng warning: eXIf: duplicate
libpng warning: eXIf: duplicate
libpng warning: eXIf: duplicate
libpng warning: eXIf: duplicate
libpng warning: eXIf: duplicate
libpng warning: eXIf: duplicate
libpng warning: eXIf: duplicate
libpng warning: eXIf: duplicate
libpng warning: eXIf: duplicate
libpng warning: eXIf: duplicate
libpng warning: eXIf: duplicate
libpng warning: eXIf: duplicate
libpng warning: eXIf: duplicate
libpng warning: eXIf: duplicate
libpng warning: eXIf: duplicate
libpng warning: eXIf: duplicate
libpng warning: eXIf: duplicate
libpng warning: eXIf: duplicate
libpng warning: eXIf: duplicate
libpng warning: eXIf: duplicate
libpng warning: eXIf: duplicate
libpng warning: eXIf: duplicate
libpng warning: eXIf: duplicate
libpng warning: eXIf: duplicate
libpng warning: eXIf: duplicate
libpng warning: eXIf: duplicate
libpng warning: eXIf: duplicate
libpng warning: eXIf: duplicate
libpng warning: eXIf: duplicate
libpng warning: eXIf: duplicate
libpng warning: eXIf: duplicate
libpng warning: eXIf: duplicate
libpng warning: eXIf: duplicate
libpng warning: eXIf: duplicate
libpng warning: eXIf: duplicate
libpng warning: eXIf: duplicate
libpng warning: eXIf: duplicate
libpng warning: eXIf: duplicate
libpng warning: eXIf: duplicate
libpng warning: eXIf: duplicate
libpng warning: eXIf: duplicate
libpng warning: eXIf: duplicate
libpng warning: eXIf: duplicate
libpng warning: eXIf: duplicate
libpng warning: eXIf: duplicate
libpng warning: eXIf: duplicate
libpng warning: eXIf: duplicate
libpng warning: eXIf: duplicate
libpng warning: eXIf: duplicate
libpng warning: eXIf: duplicate
libpng warning: eXIf: duplicate
libpng warning: eXIf: duplicate
libpng warning: eXIf: duplicate
libpng warning: eXIf: duplicate
libpng warning: eXIf: duplicate
libpng warning: eXIf: duplicate
libpng warning: eXIf: duplicate
libpng warning: eXIf: duplicate
libpng warning: eXIf: duplicate
libpng warning: eXIf: duplicate
libpng warning: eXIf: duplicate
libpng warning: eXIf: duplicate
libpng warning: eXIf: duplicate
libpng warning: eXIf: duplicate
libpng warning: eXIf: duplicate
libpng warning: eXIf: duplicate
libpng warning: eXIf: duplicate
libpng warning: eXIf: duplicate
libpng warning: eXIf: duplicate
libpng warning: eXIf: duplicate
libpng warning: eXIf: duplicate
libpng warning: eXIf: duplicate
libpng warning: eXIf: duplicate
libpng warning: eXIf: duplicate
libpng warning: eXIf: duplicate
libpng warning: eXIf: duplicate
libpng warning: eXIf: duplicate
libpng warning: eXIf: duplicate
libpng warning: eXIf: duplicate
libpng warning: eXIf: duplicate
libpng warning: eXIf: duplicate
libpng warning: eXIf: duplicate
libpng warning: eXIf: duplicate
libpng warning: eXIf: duplicate
libpng warning: eXIf: duplicate
libpng warning: eXIf: duplicate
libpng warning: eXIf: duplicate
libpng warning: eXIf: duplicate
libpng warning: eXIf: duplicate
libpng warning: eXIf: duplicate
libpng warning: eXIf: duplicate
libpng warning: eXIf: duplicate
libpng warning: eXIf: duplicate
libpng warning: eXIf: duplicate
libpng warning: eXIf: duplicate
libpng warning: eXIf: duplicate
libpng warning: eXIf: duplicate
libpng warning: eXIf: duplicate
libpng warning: eXIf: duplicate
libpng warning: eXIf: duplicate
libpng warning: eXIf: duplicate
libpng warning: eXIf: duplicate
libpng warning: eXIf: duplicate
libpng warning: eXIf: duplicate
libpng warning: eXIf: duplicate
libpng warning: eXIf: duplicate
libpng warning: eXIf: duplicate
libpng warning: eXIf: duplicate

alpha count: 259675 250178
reverse true
base dir name: ['', '4T', 'CXY', 'MV-Painter', 'data', 'train_data']
alpha count: 221324 234597
reverse false
base dir name: ['', '4T', 'CXY', 'MV-Painter', 'data', 'train_data']
alpha count: 256958 235928
reverse true
base dir name: ['', '4T', 'CXY', 'MV-Painter', 'data', 'train_data']
alpha count: 251388 238946
reverse true
base dir name: ['', '4T', 'CXY', 'MV-Painter', 'data', 'train_data']
alpha count: 214991 216322
reverse false
base dir name: ['', '4T', 'CXY', 'MV-Painter', 'data', 'train_data']
alpha count: 223831 217562
reverse true
[400/2000] loss=0.0385 (ema 0.0874) lr=9.41e-05 grad=0.106 | fsc_modules=4.2e-03 gsg_modules=7.9e-02 ltag=6.0e-03 | 1.2s
base dir name: ['', '4T', 'CXY', 'MV-Painter', 'data', 'train_data']
alpha count: 205066 205808
reverse false
base dir name: ['', '4T', 'CXY', 'MV-Painter', 'data', 'train_data']
alpha count: 214761 204478
reverse true
base dir name: ['', '4T', 'CXY', 'MV-Painter', 'data', 'train_data']
alpha count: 226317 220204
reverse true
base dir name: ['', '4T', 'CXY', 'MV-Painter', 'data', 'train_data']
alpha count: 236442 220543
reverse true
base dir name: ['', '4T', 'CXY', 'MV-Painter', 'data', 'train_data']
alpha count: 262144 262144
reverse false
OpenCV(4.13.0) /io/opencv/modules/imgproc/src/resize.cpp:4208: error: (-215:Assertion failed) !ssize.empty() in function 'resize'

wrong path: /4T/CXY/MV-Painter/data/train_data/rendered_full/5038b2bf6a9d457094ccdbd0f77d4a3d/image
base dir name: ['', '4T', 'CXY', 'MV-Painter', 'data', 'train_data']
alpha count: 236737 229734
reverse true
base dir name: ['', '4T', 'CXY', 'MV-Painter', 'data', 'train_data']
alpha count: 225134 206431
reverse true
base dir name: ['', '4T', 'CXY', 'MV-Painter', 'data', 'train_data']
alpha count: 182181 183124
reverse false
base dir name: ['', '4T', 'CXY', 'MV-Painter', 'data', 'train_data']
alpha count: 187102 187057
reverse true
base dir name: ['', '4T', 'CXY', 'MV-Painter', 'data', 'train_data']
alpha count: 227963 227317
reverse true
base dir name: ['', '4T', 'CXY', 'MV-Painter', 'data', 'train_data']
alpha count: 214582 197583
reverse true
base dir name: ['', '4T', 'CXY', 'MV-Painter', 'data', 'train_data']
alpha count: 240378 232182
reverse true
base dir name: ['', '4T', 'CXY', 'MV-Painter', 'data', 'train_data']
alpha count: 244019 237799
reverse true
base dir name: ['', '4T', 'CXY', 'MV-Painter', 'data', 'train_data']
alpha count: 239193 225106
reverse true
base dir name: ['', '4T', 'CXY', 'MV-Painter', 'data', 'train_data']
alpha count: 227333 181167
reverse true
base dir name: ['', '4T', 'CXY', 'MV-Painter', 'data', 'train_data']
alpha count: 239475 214194
reverse true
base dir name: ['', '4T', 'CXY', 'MV-Painter', 'data', 'train_data']
alpha count: 243949 191145
reverse true
base dir name: ['', '4T', 'CXY', 'MV-Painter', 'data', 'train_data']
alpha count: 238696 226074
reverse true
base dir name: ['', '4T', 'CXY', 'MV-Painter', 'data', 'train_data']
alpha count: 244060 195640
reverse true
base dir name: ['', '4T', 'CXY', 'MV-Painter', 'data', 'train_data']
alpha count: 262062 262052
reverse true
base dir name: ['', '4T', 'CXY', 'MV-Painter', 'data', 'train_data']
alpha count: 248826 249388
reverse false
[420/2000] loss=0.1955 (ema 0.0952) lr=9.33e-05 grad=0.067 | fsc_modules=2.0e-03 gsg_modules=4.0e-02 ltag=6.3e-03 | 1.2s
base dir name: ['', '4T', 'CXY', 'MV-Painter', 'data', 'train_data']
alpha count: 217531 211905
reverse true
base dir name: ['', '4T', 'CXY', 'MV-Painter', 'data', 'train_data']
alpha count: 221821 222565
reverse false
base dir name: ['', '4T', 'CXY', 'MV-Painter', 'data', 'train_data']
alpha count: 244146 238946
reverse true
base dir name: ['', '4T', 'CXY', 'MV-Painter', 'data', 'train_data']
alpha count: 213101 222473
reverse false
base dir name: ['', '4T', 'CXY', 'MV-Painter', 'data', 'train_data']
alpha count: 217145 246967
reverse false
base dir name: ['', '4T', 'CXY', 'MV-Painter', 'data', 'train_data']
alpha count: 238608 221091
reverse true
base dir name: ['', '4T', 'CXY', 'MV-Painter', 'data', 'train_data']
alpha count: 220758 231136
reverse false
base dir name: ['', '4T', 'CXY', 'MV-Painter', 'data', 'train_data']
alpha count: 250867 227169
reverse true
base dir name: ['', '4T', 'CXY', 'MV-Painter', 'data', 'train_data']
alpha count: 205678 209817
reverse false
base dir name: ['', '4T', 'CXY', 'MV-Painter', 'data', 'train_data']
alpha count: 213647 179238
reverse true
base dir name: ['', '4T', 'CXY', 'MV-Painter', 'data', 'train_data']
alpha count: 250037 252354
reverse false
base dir name: ['', '4T', 'CXY', 'MV-Painter', 'data', 'train_data']
alpha count: 222531 231131
reverse false
base dir name: ['', '4T', 'CXY', 'MV-Painter', 'data', 'train_data']
alpha count: 246629 241258
reverse true
base dir name: ['', '4T', 'CXY', 'MV-Painter', 'data', 'train_data']
alpha count: 257832 253798
reverse true
base dir name: ['', '4T', 'CXY', 'MV-Painter', 'data', 'train_data']
alpha count: 223433 186384
reverse true
base dir name: ['', '4T', 'CXY', 'MV-Painter', 'data', 'train_data']
alpha count: 209182 193418
reverse true
base dir name: ['', '4T', 'CXY', 'MV-Painter', 'data', 'train_data']
alpha count: 254447 257435
reverse false
base dir name: ['', '4T', 'CXY', 'MV-Painter', 'data', 'train_data']
alpha count: 244688 254012
reverse false
base dir name: ['', '4T', 'CXY', 'MV-Painter', 'data', 'train_data']
alpha count: 246939 231304
reverse true
base dir name: ['', '4T', 'CXY', 'MV-Painter', 'data', 'train_data']
alpha count: 213343 194693
reverse true
[440/2000] loss=0.1149 (ema 0.0917) lr=9.24e-05 grad=0.103 | fsc_modules=3.1e-03 gsg_modules=6.8e-02 ltag=7.3e-03 | 1.1s
base dir name: ['', '4T', 'CXY', 'MV-Painter', 'data', 'train_data']
alpha count: 255521 250922
reverse true
base dir name: ['', '4T', 'CXY', 'MV-Painter', 'data', 'train_data']
alpha count: 174979 171041
reverse true
base dir name: ['', '4T', 'CXY', 'MV-Painter', 'data', 'train_data']
alpha count: 234680 235465
reverse false
base dir name: ['', '4T', 'CXY', 'MV-Painter', 'data', 'train_data']
alpha count: 249004 235153
reverse true
base dir name: ['', '4T', 'CXY', 'MV-Painter', 'data', 'train_data']
alpha count: 159571 168815
reverse false
base dir name: ['', '4T', 'CXY', 'MV-Painter', 'data', 'train_data']
alpha count: 230572 201960
reverse true
base dir name: ['', '4T', 'CXY', 'MV-Painter', 'data', 'train_data']
alpha count: 247769 255535
reverse false
base dir name: ['', '4T', 'CXY', 'MV-Painter', 'data', 'train_data']
alpha count: 250449 225262
reverse true
base dir name: ['', '4T', 'CXY', 'MV-Painter', 'data', 'train_data']
alpha count: 243300 236151
reverse true
base dir name: ['', '4T', 'CXY', 'MV-Painter', 'data', 'train_data']
alpha count: 262144 262144
reverse false
OpenCV(4.13.0) /io/opencv/modules/imgproc/src/resize.cpp:4208: error: (-215:Assertion failed) !ssize.empty() in function 'resize'

wrong path: /4T/CXY/MV-Painter/data/train_data/rendered_full/586ffc1d91924d8cb269cb59df33262b/image
base dir name: ['', '4T', 'CXY', 'MV-Painter', 'data', 'train_data']
alpha count: 225396 220406
reverse true
base dir name: ['', '4T', 'CXY', 'MV-Painter', 'data', 'train_data']
alpha count: 202239 211885
reverse false
base dir name: ['', '4T', 'CXY', 'MV-Painter', 'data', 'train_data']
alpha count: 235832 242521
reverse false
base dir name: ['', '4T', 'CXY', 'MV-Painter', 'data', 'train_data']
alpha count: 244064 257016
reverse false
base dir name: ['', '4T', 'CXY', 'MV-Painter', 'data', 'train_data']
alpha count: 234311 226500
reverse true
base dir name: ['', '4T', 'CXY', 'MV-Painter', 'data', 'train_data']
alpha count: 242045 227105
reverse true
base dir name: ['', '4T', 'CXY', 'MV-Painter', 'data', 'train_data']
alpha count: 251115 259077
reverse false
base dir name: ['', '4T', 'CXY', 'MV-Painter', 'data', 'train_data']
alpha count: 173385 178334
reverse false
base dir name: ['', '4T', 'CXY', 'MV-Painter', 'data', 'train_data']
alpha count: 202204 208519
reverse false
base dir name: ['', '4T', 'CXY', 'MV-Painter', 'data', 'train_data']
alpha count: 223463 218209
reverse true
base dir name: ['', '4T', 'CXY', 'MV-Painter', 'data', 'train_data']
alpha count: 165716 133854
reverse truelibpng warning: eXIf: duplicate
libpng warning: eXIf: duplicate
libpng warning: eXIf: duplicate
libpng warning: eXIf: duplicate
libpng warning: eXIf: duplicate
libpng warning: eXIf: duplicate
libpng warning: eXIf: duplicate
libpng warning: eXIf: duplicate
libpng warning: eXIf: duplicate
libpng warning: eXIf: duplicate
libpng warning: eXIf: duplicate
libpng warning: eXIf: duplicate
libpng warning: eXIf: duplicate
libpng warning: eXIf: duplicate
libpng warning: eXIf: duplicate
libpng warning: eXIf: duplicate
libpng warning: eXIf: duplicate
libpng warning: eXIf: duplicate
libpng warning: eXIf: duplicate
libpng warning: eXIf: duplicate
libpng warning: eXIf: duplicate
libpng warning: eXIf: duplicate
libpng warning: eXIf: duplicate
libpng warning: eXIf: duplicate
libpng warning: eXIf: duplicate
libpng warning: eXIf: duplicate
libpng warning: eXIf: duplicate
libpng warning: eXIf: duplicate
libpng warning: eXIf: duplicate
libpng warning: eXIf: duplicate
libpng warning: eXIf: duplicate
libpng warning: eXIf: duplicate
libpng warning: eXIf: duplicate
libpng warning: eXIf: duplicate
libpng warning: eXIf: duplicate
libpng warning: eXIf: duplicate
libpng warning: eXIf: duplicate
libpng warning: eXIf: duplicate
libpng warning: eXIf: duplicate
libpng warning: eXIf: duplicate
libpng warning: eXIf: duplicate
libpng warning: eXIf: duplicate
libpng warning: eXIf: duplicate
libpng warning: eXIf: duplicate
libpng warning: eXIf: duplicate
libpng warning: eXIf: duplicate
libpng warning: eXIf: duplicate
libpng warning: eXIf: duplicate
libpng warning: eXIf: duplicate
libpng warning: eXIf: duplicate
libpng warning: eXIf: duplicate
libpng warning: eXIf: duplicate
libpng warning: eXIf: duplicate
libpng warning: eXIf: duplicate
libpng warning: eXIf: duplicate
libpng warning: eXIf: duplicate
libpng warning: eXIf: duplicate
libpng warning: eXIf: duplicate
libpng warning: eXIf: duplicate
libpng warning: eXIf: duplicate
libpng warning: eXIf: duplicate
libpng warning: eXIf: duplicate
libpng warning: eXIf: duplicate
libpng warning: eXIf: duplicate
libpng warning: eXIf: duplicate
libpng warning: eXIf: duplicate
libpng warning: eXIf: duplicate
libpng warning: eXIf: duplicate
libpng warning: eXIf: duplicate
libpng warning: eXIf: duplicate
libpng warning: eXIf: duplicate
libpng warning: eXIf: duplicate
libpng warning: eXIf: duplicate
libpng warning: eXIf: duplicate
libpng warning: eXIf: duplicate
libpng warning: eXIf: duplicate
libpng warning: eXIf: duplicate
libpng warning: eXIf: duplicate
libpng warning: eXIf: duplicate
libpng warning: eXIf: duplicate
libpng warning: eXIf: duplicate
libpng warning: eXIf: duplicate
libpng warning: eXIf: duplicate
libpng warning: eXIf: duplicate
libpng warning: eXIf: duplicate
libpng warning: eXIf: duplicate
libpng warning: eXIf: duplicate
libpng warning: eXIf: duplicate
libpng warning: eXIf: duplicate
libpng warning: eXIf: duplicate
libpng warning: eXIf: duplicate
libpng warning: eXIf: duplicate
libpng warning: eXIf: duplicate
libpng warning: eXIf: duplicate
libpng warning: eXIf: duplicate
libpng warning: eXIf: duplicate
libpng warning: eXIf: duplicate
libpng warning: eXIf: duplicate
libpng warning: eXIf: duplicate
libpng warning: eXIf: duplicate
libpng warning: eXIf: duplicate
libpng warning: eXIf: duplicate
libpng warning: eXIf: duplicate
libpng warning: eXIf: duplicate
libpng warning: eXIf: duplicate
libpng warning: eXIf: duplicate
libpng warning: eXIf: duplicate
libpng warning: eXIf: duplicate
libpng warning: eXIf: duplicate
libpng warning: eXIf: duplicate
libpng warning: eXIf: duplicate
libpng warning: eXIf: duplicate
libpng warning: eXIf: duplicate
libpng warning: eXIf: duplicate
libpng warning: eXIf: duplicate
libpng warning: eXIf: duplicate
libpng warning: eXIf: duplicate
libpng warning: eXIf: duplicate
libpng warning: eXIf: duplicate
libpng warning: eXIf: duplicate
libpng warning: eXIf: duplicate
libpng warning: eXIf: duplicate
libpng warning: eXIf: duplicate
libpng warning: eXIf: duplicate
libpng warning: eXIf: duplicate
libpng warning: eXIf: duplicate
libpng warning: eXIf: duplicate
libpng warning: eXIf: duplicate
libpng warning: eXIf: duplicate
libpng warning: eXIf: duplicate
libpng warning: eXIf: duplicate
libpng warning: eXIf: duplicate
libpng warning: eXIf: duplicate
libpng warning: eXIf: duplicate
libpng warning: eXIf: duplicate
libpng warning: eXIf: duplicate
libpng warning: eXIf: duplicate
libpng warning: eXIf: duplicate
libpng warning: eXIf: duplicate
libpng warning: eXIf: duplicate
libpng warning: eXIf: duplicate
libpng warning: eXIf: duplicate
libpng warning: eXIf: duplicate
libpng warning: eXIf: duplicate
libpng warning: eXIf: duplicate
libpng warning: eXIf: duplicate
libpng warning: eXIf: duplicate
libpng warning: eXIf: duplicate
libpng warning: eXIf: duplicate
libpng warning: eXIf: duplicate
libpng warning: eXIf: duplicate
libpng warning: eXIf: duplicate
libpng warning: eXIf: duplicate
libpng warning: eXIf: duplicate
libpng warning: eXIf: duplicate
libpng warning: eXIf: duplicate
libpng warning: eXIf: duplicate
libpng warning: eXIf: duplicate
libpng warning: eXIf: duplicate
libpng warning: eXIf: duplicate
libpng warning: eXIf: duplicate
libpng warning: eXIf: duplicate
libpng warning: eXIf: duplicate
libpng warning: eXIf: duplicate
libpng warning: eXIf: duplicate
libpng warning: eXIf: duplicate
libpng warning: eXIf: duplicate
libpng warning: eXIf: duplicate
libpng warning: eXIf: duplicate
libpng warning: eXIf: duplicate
libpng warning: eXIf: duplicate
libpng warning: eXIf: duplicate
libpng warning: eXIf: duplicate
libpng warning: eXIf: duplicate
libpng warning: eXIf: duplicate
libpng warning: eXIf: duplicate
libpng warning: eXIf: duplicate
libpng warning: eXIf: duplicate
libpng warning: eXIf: duplicate
libpng warning: eXIf: duplicate
libpng warning: eXIf: duplicate
libpng warning: eXIf: duplicate
libpng warning: eXIf: duplicate
libpng warning: eXIf: duplicate
libpng warning: eXIf: duplicate
libpng warning: eXIf: duplicate
libpng warning: eXIf: duplicate
libpng warning: eXIf: duplicate
libpng warning: eXIf: duplicate
libpng warning: eXIf: duplicate
libpng warning: eXIf: duplicate
libpng warning: eXIf: duplicate
libpng warning: eXIf: duplicate
libpng warning: eXIf: duplicate
libpng warning: eXIf: duplicate
libpng warning: eXIf: duplicate
libpng warning: eXIf: duplicate
libpng warning: eXIf: duplicate
libpng warning: eXIf: duplicate
libpng warning: eXIf: duplicate
libpng warning: eXIf: duplicate
libpng warning: eXIf: duplicate
libpng warning: eXIf: duplicate
libpng warning: eXIf: duplicate
libpng warning: eXIf: duplicate
libpng warning: eXIf: duplicate
libpng warning: eXIf: duplicate
libpng warning: eXIf: duplicate
libpng warning: eXIf: duplicate
libpng warning: eXIf: duplicate
libpng warning: eXIf: duplicate
libpng warning: eXIf: duplicate
libpng warning: eXIf: duplicate
libpng warning: eXIf: duplicate
libpng warning: eXIf: duplicate
libpng warning: eXIf: duplicate
libpng warning: eXIf: duplicate
libpng warning: eXIf: duplicate
libpng warning: eXIf: duplicate
libpng warning: eXIf: duplicate
libpng warning: eXIf: duplicate
libpng warning: eXIf: duplicate
libpng warning: eXIf: duplicate
libpng warning: eXIf: duplicate
libpng warning: eXIf: duplicate
libpng warning: eXIf: duplicate
libpng warning: eXIf: duplicate
libpng warning: eXIf: duplicate
libpng warning: eXIf: duplicate
libpng warning: eXIf: duplicate
libpng warning: eXIf: duplicate
libpng warning: eXIf: duplicate
libpng warning: eXIf: duplicate
libpng warning: eXIf: duplicate
libpng warning: eXIf: duplicate
libpng warning: eXIf: duplicate
libpng warning: eXIf: duplicate
libpng warning: eXIf: duplicate
libpng warning: eXIf: duplicate
libpng warning: eXIf: duplicate
libpng warning: eXIf: duplicate
libpng warning: eXIf: duplicate
libpng warning: eXIf: duplicate
libpng warning: eXIf: duplicate
libpng warning: eXIf: duplicate
libpng warning: eXIf: duplicate
libpng warning: eXIf: duplicate
libpng warning: eXIf: duplicate
libpng warning: eXIf: duplicate
libpng warning: eXIf: duplicate
libpng warning: eXIf: duplicate
libpng warning: eXIf: duplicate
libpng warning: eXIf: duplicate
libpng warning: eXIf: duplicate
libpng warning: eXIf: duplicate
libpng warning: eXIf: duplicate
libpng warning: eXIf: duplicate
libpng warning: eXIf: duplicate
libpng warning: eXIf: duplicate
libpng warning: eXIf: duplicate
libpng warning: eXIf: duplicate
libpng warning: eXIf: duplicate
libpng warning: eXIf: duplicate
libpng warning: eXIf: duplicate
libpng warning: eXIf: duplicate
libpng warning: eXIf: duplicate
libpng warning: eXIf: duplicate
libpng warning: eXIf: duplicate
libpng warning: eXIf: duplicate
libpng warning: eXIf: duplicate
libpng warning: eXIf: duplicate
libpng warning: eXIf: duplicate
libpng warning: eXIf: duplicate
libpng warning: eXIf: duplicate
libpng warning: eXIf: duplicate
libpng warning: eXIf: duplicate
libpng warning: eXIf: duplicate
libpng warning: eXIf: duplicate
libpng warning: eXIf: duplicate
libpng warning: eXIf: duplicate
libpng warning: eXIf: duplicate
libpng warning: eXIf: duplicate
libpng warning: eXIf: duplicate
libpng warning: eXIf: duplicate
libpng warning: eXIf: duplicate
libpng warning: eXIf: duplicate
libpng warning: eXIf: duplicate
libpng warning: eXIf: duplicate
libpng warning: eXIf: duplicate
libpng warning: eXIf: duplicate
libpng warning: eXIf: duplicate
libpng warning: eXIf: duplicate
libpng warning: eXIf: duplicate
libpng warning: eXIf: duplicate
libpng warning: eXIf: duplicate
libpng warning: eXIf: duplicate
libpng warning: eXIf: duplicate
libpng warning: eXIf: duplicate
libpng warning: eXIf: duplicate
libpng warning: eXIf: duplicate
libpng warning: eXIf: duplicate
libpng warning: eXIf: duplicate
libpng warning: eXIf: duplicate
libpng warning: eXIf: duplicate
libpng warning: eXIf: duplicate
libpng warning: eXIf: duplicate
libpng warning: eXIf: duplicate
libpng warning: eXIf: duplicate
libpng warning: eXIf: duplicate
libpng warning: eXIf: duplicate
libpng warning: eXIf: duplicate
libpng warning: eXIf: duplicate
libpng warning: eXIf: duplicate
libpng warning: eXIf: duplicate
libpng warning: eXIf: duplicate
libpng warning: eXIf: duplicate
libpng warning: eXIf: duplicate
libpng warning: eXIf: duplicate
libpng warning: eXIf: duplicate
libpng warning: eXIf: duplicate
libpng warning: eXIf: duplicate
libpng warning: eXIf: duplicate
libpng warning: eXIf: duplicate
libpng warning: eXIf: duplicate
libpng warning: eXIf: duplicate
libpng warning: eXIf: duplicate
libpng warning: eXIf: duplicate
libpng warning: eXIf: duplicate
libpng warning: eXIf: duplicate
libpng warning: eXIf: duplicate
libpng warning: eXIf: duplicate
libpng warning: eXIf: duplicate
libpng warning: eXIf: duplicate
libpng warning: eXIf: duplicate
libpng warning: eXIf: duplicate
libpng warning: eXIf: duplicate
libpng warning: eXIf: duplicate
libpng warning: eXIf: duplicate
libpng warning: eXIf: duplicate
libpng warning: eXIf: duplicate
libpng warning: eXIf: duplicate
libpng warning: eXIf: duplicate
libpng warning: eXIf: duplicate
libpng warning: eXIf: duplicate
libpng warning: eXIf: duplicate
libpng warning: eXIf: duplicate
libpng warning: eXIf: duplicate
libpng warning: eXIf: duplicate
libpng warning: eXIf: duplicate
libpng warning: eXIf: duplicate
libpng warning: eXIf: duplicate
libpng warning: eXIf: duplicate
libpng warning: eXIf: duplicate
libpng warning: eXIf: duplicate
libpng warning: eXIf: duplicate
libpng warning: eXIf: duplicate
libpng warning: eXIf: duplicate
libpng warning: eXIf: duplicate
libpng warning: eXIf: duplicate
libpng warning: eXIf: duplicate
libpng warning: eXIf: duplicate
libpng warning: eXIf: duplicate
libpng warning: eXIf: duplicate
libpng warning: eXIf: duplicate
libpng warning: eXIf: duplicate
libpng warning: eXIf: duplicate
libpng warning: eXIf: duplicate
libpng warning: eXIf: duplicate
libpng warning: eXIf: duplicate
libpng warning: eXIf: duplicate
libpng warning: eXIf: duplicate
libpng warning: eXIf: duplicate
libpng warning: eXIf: duplicate
libpng warning: eXIf: duplicate
libpng warning: eXIf: duplicate
libpng warning: eXIf: duplicate
libpng warning: eXIf: duplicate
libpng warning: eXIf: duplicate
libpng warning: eXIf: duplicate
libpng warning: eXIf: duplicate
libpng warning: eXIf: duplicate
libpng warning: eXIf: duplicate
libpng warning: eXIf: duplicate
libpng warning: eXIf: duplicate
libpng warning: eXIf: duplicate
libpng warning: eXIf: duplicate
libpng warning: eXIf: duplicate
libpng warning: eXIf: duplicate
libpng warning: eXIf: duplicate
libpng warning: eXIf: duplicate
libpng warning: eXIf: duplicate
libpng warning: eXIf: duplicate
libpng warning: eXIf: duplicate
libpng warning: eXIf: duplicate
libpng warning: eXIf: duplicate
libpng warning: eXIf: duplicate
libpng warning: eXIf: duplicate
libpng warning: eXIf: duplicate
libpng warning: eXIf: duplicate
libpng warning: eXIf: duplicate
libpng warning: eXIf: duplicate
libpng warning: eXIf: duplicate
libpng warning: eXIf: duplicate
libpng warning: eXIf: duplicate
libpng warning: eXIf: duplicate
libpng warning: eXIf: duplicate
libpng warning: eXIf: duplicate
libpng warning: eXIf: duplicate
libpng warning: eXIf: duplicate
libpng warning: eXIf: duplicate
libpng warning: eXIf: duplicate
libpng warning: eXIf: duplicate
libpng warning: eXIf: duplicate
libpng warning: eXIf: duplicate
libpng warning: eXIf: duplicate
libpng warning: eXIf: duplicate
libpng warning: eXIf: duplicate
libpng warning: eXIf: duplicate
libpng warning: eXIf: duplicate
libpng warning: eXIf: duplicate
libpng warning: eXIf: duplicate
libpng warning: eXIf: duplicate
libpng warning: eXIf: duplicate
libpng warning: eXIf: duplicate
libpng warning: eXIf: duplicate
libpng warning: eXIf: duplicate
libpng warning: eXIf: duplicate
libpng warning: eXIf: duplicate
libpng warning: eXIf: duplicate
libpng warning: eXIf: duplicate
libpng warning: eXIf: duplicate
libpng warning: eXIf: duplicate
libpng warning: eXIf: duplicate
libpng warning: eXIf: duplicate
libpng warning: eXIf: duplicate
libpng warning: eXIf: duplicate
libpng warning: eXIf: duplicate
libpng warning: eXIf: duplicate
libpng warning: eXIf: duplicate
libpng warning: eXIf: duplicate
libpng warning: eXIf: duplicate
libpng warning: eXIf: duplicate
libpng warning: eXIf: duplicate
libpng warning: eXIf: duplicate
libpng warning: eXIf: duplicate
libpng warning: eXIf: duplicate
libpng warning: eXIf: duplicate
libpng warning: eXIf: duplicate
libpng warning: eXIf: duplicate
libpng warning: eXIf: duplicate
libpng warning: eXIf: duplicate
libpng warning: eXIf: duplicate
libpng warning: eXIf: duplicate
libpng warning: eXIf: duplicate
libpng warning: eXIf: duplicate
libpng warning: eXIf: duplicate
libpng warning: eXIf: duplicate
libpng warning: eXIf: duplicate
libpng warning: eXIf: duplicate
libpng warning: eXIf: duplicate
libpng warning: eXIf: duplicate
libpng warning: eXIf: duplicate
libpng warning: eXIf: duplicate
libpng warning: eXIf: duplicate
libpng warning: eXIf: duplicate
libpng warning: eXIf: duplicate
libpng warning: eXIf: duplicate
libpng warning: eXIf: duplicate
libpng warning: eXIf: duplicate
libpng warning: eXIf: duplicate
libpng warning: eXIf: duplicate
libpng warning: eXIf: duplicate
libpng warning: eXIf: duplicate
libpng warning: eXIf: duplicate
libpng warning: eXIf: duplicate
libpng warning: eXIf: duplicate
libpng warning: eXIf: duplicate
libpng warning: eXIf: duplicate
libpng warning: eXIf: duplicate
libpng warning: eXIf: duplicate
libpng warning: eXIf: duplicate
libpng warning: eXIf: duplicate
libpng warning: eXIf: duplicate
libpng warning: eXIf: duplicate
libpng warning: eXIf: duplicate
libpng warning: eXIf: duplicate
libpng warning: eXIf: duplicate
libpng warning: eXIf: duplicate
libpng warning: eXIf: duplicate
libpng warning: eXIf: duplicate
libpng warning: eXIf: duplicate
libpng warning: eXIf: duplicate
libpng warning: eXIf: duplicate
libpng warning: eXIf: duplicate
libpng warning: eXIf: duplicate
libpng warning: eXIf: duplicate
libpng warning: eXIf: duplicate
libpng warning: eXIf: duplicate
libpng warning: eXIf: duplicate
libpng warning: eXIf: duplicate
libpng warning: eXIf: duplicate
libpng warning: eXIf: duplicate
libpng warning: eXIf: duplicate
libpng warning: eXIf: duplicate
libpng warning: eXIf: duplicate
libpng warning: eXIf: duplicate
libpng warning: eXIf: duplicate
libpng warning: eXIf: duplicate
libpng warning: eXIf: duplicate
libpng warning: eXIf: duplicate
libpng warning: eXIf: duplicate
libpng warning: eXIf: duplicate
libpng warning: eXIf: duplicate
libpng warning: eXIf: duplicate
libpng warning: eXIf: duplicate
libpng warning: eXIf: duplicate
libpng warning: eXIf: duplicate
libpng warning: eXIf: duplicate
libpng warning: eXIf: duplicate
libpng warning: eXIf: duplicate
libpng warning: eXIf: duplicate
libpng warning: eXIf: duplicate
libpng warning: eXIf: duplicate
libpng warning: eXIf: duplicate
libpng warning: eXIf: duplicate
libpng warning: eXIf: duplicate
libpng warning: eXIf: duplicate
libpng warning: eXIf: duplicate
libpng warning: eXIf: duplicate
libpng warning: eXIf: duplicate
libpng warning: eXIf: duplicate
libpng warning: eXIf: duplicate
libpng warning: eXIf: duplicate
libpng warning: eXIf: duplicate
libpng warning: eXIf: duplicate
libpng warning: eXIf: duplicate
libpng warning: eXIf: duplicate
libpng warning: eXIf: duplicate
libpng warning: eXIf: duplicate
libpng warning: eXIf: duplicate
libpng warning: eXIf: duplicate
libpng warning: eXIf: duplicate
libpng warning: eXIf: duplicate
libpng warning: eXIf: duplicate
libpng warning: eXIf: duplicate
libpng warning: eXIf: duplicate
libpng warning: eXIf: duplicate
libpng warning: eXIf: duplicate
libpng warning: eXIf: duplicate
libpng warning: eXIf: duplicate
libpng warning: eXIf: duplicate
libpng warning: eXIf: duplicate
libpng warning: eXIf: duplicate
libpng warning: eXIf: duplicate
libpng warning: eXIf: duplicate
libpng warning: eXIf: duplicate
libpng warning: eXIf: duplicate
libpng warning: eXIf: duplicate
libpng warning: eXIf: duplicate
libpng warning: eXIf: duplicate
libpng warning: eXIf: duplicate
libpng warning: eXIf: duplicate
libpng warning: eXIf: duplicate
libpng warning: eXIf: duplicate
libpng warning: eXIf: duplicate
libpng warning: eXIf: duplicate
libpng warning: eXIf: duplicate
libpng warning: eXIf: duplicate
libpng warning: eXIf: duplicate
libpng warning: eXIf: duplicate
libpng warning: eXIf: duplicate
libpng warning: eXIf: duplicate
libpng warning: eXIf: duplicate
libpng warning: eXIf: duplicate
libpng warning: eXIf: duplicate
libpng warning: eXIf: duplicate
libpng warning: eXIf: duplicate
libpng warning: eXIf: duplicate
libpng warning: eXIf: duplicate
libpng warning: eXIf: duplicate
libpng warning: eXIf: duplicate
libpng warning: eXIf: duplicate
libpng warning: eXIf: duplicate
libpng warning: eXIf: duplicate
libpng warning: eXIf: duplicate
libpng warning: eXIf: duplicate
libpng warning: eXIf: duplicate
libpng warning: eXIf: duplicate
libpng warning: eXIf: duplicate
libpng warning: eXIf: duplicate
libpng warning: eXIf: duplicate
libpng warning: eXIf: duplicate
libpng warning: eXIf: duplicate
libpng warning: eXIf: duplicate
libpng warning: eXIf: duplicate
libpng warning: eXIf: duplicate
libpng warning: eXIf: duplicate
libpng warning: eXIf: duplicate
libpng warning: eXIf: duplicate
libpng warning: eXIf: duplicate
libpng warning: eXIf: duplicate
libpng warning: eXIf: duplicate
libpng warning: eXIf: duplicate
libpng warning: eXIf: duplicate
libpng warning: eXIf: duplicate
libpng warning: eXIf: duplicate
libpng warning: eXIf: duplicate
libpng warning: eXIf: duplicate
libpng warning: eXIf: duplicate
libpng warning: eXIf: duplicate
libpng warning: eXIf: duplicate
libpng warning: eXIf: duplicate
libpng warning: eXIf: duplicate
libpng warning: eXIf: duplicate
libpng warning: eXIf: duplicate
libpng warning: eXIf: duplicate
libpng warning: eXIf: duplicate
libpng warning: eXIf: duplicate
libpng warning: eXIf: duplicate
libpng warning: eXIf: duplicate
libpng warning: eXIf: duplicate
libpng warning: eXIf: duplicate
libpng warning: eXIf: duplicate
libpng warning: eXIf: duplicate
libpng warning: eXIf: duplicate
libpng warning: eXIf: duplicate
libpng warning: eXIf: duplicate
libpng warning: eXIf: duplicate
libpng warning: eXIf: duplicate
libpng warning: eXIf: duplicate

[460/2000] loss=0.0333 (ema 0.0898) lr=9.15e-05 grad=0.030 | fsc_modules=8.8e-04 gsg_modules=2.6e-02 ltag=4.5e-03 | 1.2s
base dir name: ['', '4T', 'CXY', 'MV-Painter', 'data', 'train_data']
alpha count: 187491 188937
reverse false
base dir name: ['', '4T', 'CXY', 'MV-Painter', 'data', 'train_data']
alpha count: 242246 234053
reverse true
base dir name: ['', '4T', 'CXY', 'MV-Painter', 'data', 'train_data']
alpha count: 240004 190958
reverse true
base dir name: ['', '4T', 'CXY', 'MV-Painter', 'data', 'train_data']
alpha count: 210217 227233
reverse false
base dir name: ['', '4T', 'CXY', 'MV-Painter', 'data', 'train_data']
alpha count: 230845 206723
reverse true
base dir name: ['', '4T', 'CXY', 'MV-Painter', 'data', 'train_data']
alpha count: 253797 259397
reverse false
base dir name: ['', '4T', 'CXY', 'MV-Painter', 'data', 'train_data']
alpha count: 204685 205579
reverse false
base dir name: ['', '4T', 'CXY', 'MV-Painter', 'data', 'train_data']
alpha count: 160396 160397
reverse false
base dir name: ['', '4T', 'CXY', 'MV-Painter', 'data', 'train_data']
alpha count: 256551 261337
reverse false
base dir name: ['', '4T', 'CXY', 'MV-Painter', 'data', 'train_data']
alpha count: 262144 249260
reverse true
base dir name: ['', '4T', 'CXY', 'MV-Painter', 'data', 'train_data']
alpha count: 228707 211544
reverse true
base dir name: ['', '4T', 'CXY', 'MV-Painter', 'data', 'train_data']
alpha count: 255485 248570
reverse true
base dir name: ['', '4T', 'CXY', 'MV-Painter', 'data', 'train_data']
alpha count: 47962 257351
reverse false
base dir name: ['', '4T', 'CXY', 'MV-Painter', 'data', 'train_data']
alpha count: 236552 249026
reverse false
base dir name: ['', '4T', 'CXY', 'MV-Painter', 'data', 'train_data']
alpha count: 249319 254262
reverse false
base dir name: ['', '4T', 'CXY', 'MV-Painter', 'data', 'train_data']
alpha count: 252343 230787
reverse true
base dir name: ['', '4T', 'CXY', 'MV-Painter', 'data', 'train_data']
alpha count: 242818 236415
reverse true
base dir name: ['', '4T', 'CXY', 'MV-Painter', 'data', 'train_data']
alpha count: 195796 219988
reverse false
base dir name: ['', '4T', 'CXY', 'MV-Painter', 'data', 'train_data']
alpha count: 253001 239593
reverse true
base dir name: ['', '4T', 'CXY', 'MV-Painter', 'data', 'train_data']
alpha count: 179923 179349
reverse true
[480/2000] loss=0.1672 (ema 0.0918) lr=9.06e-05 grad=0.050 | fsc_modules=1.7e-03 gsg_modules=2.9e-02 ltag=7.5e-03 | 1.3s
base dir name: ['', '4T', 'CXY', 'MV-Painter', 'data', 'train_data']
alpha count: 246905 244338
reverse true
base dir name: ['', '4T', 'CXY', 'MV-Painter', 'data', 'train_data']
alpha count: 247244 165289
reverse true
base dir name: ['', '4T', 'CXY', 'MV-Painter', 'data', 'train_data']
alpha count: 227051 230817
reverse false
base dir name: ['', '4T', 'CXY', 'MV-Painter', 'data', 'train_data']
alpha count: 250165 257232
reverse false
base dir name: ['', '4T', 'CXY', 'MV-Painter', 'data', 'train_data']
alpha count: 193424 190198
reverse true
base dir name: ['', '4T', 'CXY', 'MV-Painter', 'data', 'train_data']
alpha count: 255275 254653
reverse true
base dir name: ['', '4T', 'CXY', 'MV-Painter', 'data', 'train_data']
alpha count: 261407 260890
reverse true
base dir name: ['', '4T', 'CXY', 'MV-Painter', 'data', 'train_data']
alpha count: 257478 235874
reverse true
base dir name: ['', '4T', 'CXY', 'MV-Painter', 'data', 'train_data']
alpha count: 217180 223336
reverse false
base dir name: ['', '4T', 'CXY', 'MV-Painter', 'data', 'train_data']
alpha count: 214173 221110
reverse false
base dir name: ['', '4T', 'CXY', 'MV-Painter', 'data', 'train_data']
alpha count: 210620 213690
reverse false
base dir name: ['', '4T', 'CXY', 'MV-Painter', 'data', 'train_data']
alpha count: 221309 217593
reverse true
base dir name: ['', '4T', 'CXY', 'MV-Painter', 'data', 'train_data']
alpha count: 251661 257641
reverse false
base dir name: ['', '4T', 'CXY', 'MV-Painter', 'data', 'train_data']
alpha count: 250837 259316
reverse false
base dir name: ['', '4T', 'CXY', 'MV-Painter', 'data', 'train_data']
alpha count: 256096 245584
reverse true
base dir name: ['', '4T', 'CXY', 'MV-Painter', 'data', 'train_data']
alpha count: 244629 227699
reverse true
base dir name: ['', '4T', 'CXY', 'MV-Painter', 'data', 'train_data']
alpha count: 242738 220179
reverse true
base dir name: ['', '4T', 'CXY', 'MV-Painter', 'data', 'train_data']
alpha count: 141084 164900
reverse false
base dir name: ['', '4T', 'CXY', 'MV-Painter', 'data', 'train_data']
alpha count: 237626 235521
reverse true
base dir name: ['', '4T', 'CXY', 'MV-Painter', 'data', 'train_data']
alpha count: 191460 175593
reverse true
[500/2000] loss=0.1415 (ema 0.0867) lr=8.96e-05 grad=0.040 | fsc_modules=1.3e-03 gsg_modules=3.5e-02 ltag=6.6e-03 | 1.3s
  → Saved: mvpoutput/fac_v5/A_envpen/checkpoints/fac_v2_ltag+gsg+fsc_step_000500.pt
base dir name: ['', '4T', 'CXY', 'MV-Painter', 'data', 'train_data']
alpha count: 251973 218276
reverse true
base dir name: ['', '4T', 'CXY', 'MV-Painter', 'data', 'train_data']
alpha count: 189197 201408
reverse false
base dir name: ['', '4T', 'CXY', 'MV-Painter', 'data', 'train_data']
alpha count: 241509 216668
reverse true
base dir name: ['', '4T', 'CXY', 'MV-Painter', 'data', 'train_data']
alpha count: 253208 233869
reverse true
base dir name: ['', '4T', 'CXY', 'MV-Painter', 'data', 'train_data']
alpha count: 229083 249886
reverse false
base dir name: ['', '4T', 'CXY', 'MV-Painter', 'data', 'train_data']
alpha count: 255933 260771
reverse false
base dir name: ['', '4T', 'CXY', 'MV-Painter', 'data', 'train_data']
alpha count: 262144 0
reverse true
base dir name: ['', '4T', 'CXY', 'MV-Painter', 'data', 'train_data']
alpha count: 238632 250170
reverse false
base dir name: ['', '4T', 'CXY', 'MV-Painter', 'data', 'train_data']
alpha count: 248497 249500
reverse false
base dir name: ['', '4T', 'CXY', 'MV-Painter', 'data', 'train_data']
alpha count: 231711 231677
reverse true
base dir name: ['', '4T', 'CXY', 'MV-Painter', 'data', 'train_data']
alpha count: 251921 257216
reverse false
base dir name: ['', '4T', 'CXY', 'MV-Painter', 'data', 'train_data']
alpha count: 257051 255861
reverse true
base dir name: ['', '4T', 'CXY', 'MV-Painter', 'data', 'train_data']
alpha count: 247403 244591
reverse true
base dir name: ['', '4T', 'CXY', 'MV-Painter', 'data', 'train_data']
alpha count: 219087 238684
reverse false
base dir name: ['', '4T', 'CXY', 'MV-Painter', 'data', 'train_data']
alpha count: 249532 233855
reverse true
base dir name: ['', '4T', 'CXY', 'MV-Painter', 'data', 'train_data']
alpha count: 238359 242441
reverse false
base dir name: ['', '4T', 'CXY', 'MV-Painter', 'data', 'train_data']
alpha count: 246610 237906
reverse true
base dir name: ['', '4T', 'CXY', 'MV-Painter', 'data', 'train_data']
alpha count: 232534 230798
reverse true
base dir name: ['', '4T', 'CXY', 'MV-Painter', 'data', 'train_data']
alpha count: 242170 223872
reverse true
base dir name: ['', '4T', 'CXY', 'MV-Painter', 'data', 'train_data']
alpha count: 257873 231031
reverse true
[520/2000] loss=0.0141 (ema 0.0855) lr=8.86e-05 grad=0.186 | fsc_modules=7.2e-03 gsg_modules=1.3e-01 ltag=1.1e-02 | 1.1s
base dir name: ['', '4T', 'CXY', 'MV-Painter', 'data', 'train_data']
alpha count: 222917 222408
reverse true
base dir name: ['', '4T', 'CXY', 'MV-Painter', 'data', 'train_data']
alpha count: 248821 252189
reverse false
base dir name: ['', '4T', 'CXY', 'MV-Painter', 'data', 'train_data']
alpha count: 249342 214337
reverse true
base dir name: ['', '4T', 'CXY', 'MV-Painter', 'data', 'train_data']
alpha count: 249842 225125
reverse true
base dir name: ['', '4T', 'CXY', 'MV-Painter', 'data', 'train_data']
alpha count: 228407 253356
reverse false
base dir name: ['', '4T', 'CXY', 'MV-Painter', 'data', 'train_data']
alpha count: 212932 227958
reverse false
base dir name: ['', '4T', 'CXY', 'MV-Painter', 'data', 'train_data']
alpha count: 256614 245110
reverse true
base dir name: ['', '4T', 'CXY', 'MV-Painter', 'data', 'train_data']
alpha count: 242939 252541
reverse false
base dir name: ['', '4T', 'CXY', 'MV-Painter', 'data', 'train_data']
alpha count: 246090 230708
reverse true
base dir name: ['', '4T', 'CXY', 'MV-Painter', 'data', 'train_data']
alpha count:libpng warning: eXIf: duplicate
libpng warning: eXIf: duplicate
libpng warning: eXIf: duplicate
libpng warning: eXIf: duplicate
libpng warning: eXIf: duplicate
libpng warning: eXIf: duplicate
libpng warning: eXIf: duplicate
libpng warning: eXIf: duplicate
libpng warning: eXIf: duplicate
libpng warning: eXIf: duplicate
libpng warning: eXIf: duplicate
libpng warning: eXIf: duplicate
libpng warning: eXIf: duplicate
libpng warning: eXIf: duplicate
libpng warning: eXIf: duplicate
libpng warning: eXIf: duplicate
libpng warning: eXIf: duplicate
libpng warning: eXIf: duplicate
libpng warning: eXIf: duplicate
libpng warning: eXIf: duplicate
libpng warning: eXIf: duplicate
libpng warning: eXIf: duplicate
libpng warning: eXIf: duplicate
libpng warning: eXIf: duplicate
libpng warning: eXIf: duplicate
libpng warning: eXIf: duplicate
libpng warning: eXIf: duplicate
libpng warning: eXIf: duplicate
libpng warning: eXIf: duplicate
libpng warning: eXIf: duplicate
libpng warning: eXIf: duplicate
libpng warning: eXIf: duplicate
libpng warning: eXIf: duplicate
libpng warning: eXIf: duplicate
libpng warning: eXIf: duplicate
libpng warning: eXIf: duplicate
libpng warning: eXIf: duplicate
libpng warning: eXIf: duplicate
libpng warning: eXIf: duplicate
libpng warning: eXIf: duplicate
libpng warning: eXIf: duplicate
libpng warning: eXIf: duplicate
libpng warning: eXIf: duplicate
libpng warning: eXIf: duplicate
libpng warning: eXIf: duplicate
libpng warning: eXIf: duplicate
libpng warning: eXIf: duplicate
libpng warning: eXIf: duplicate
libpng warning: eXIf: duplicate
libpng warning: eXIf: duplicate
libpng warning: eXIf: duplicate
libpng warning: eXIf: duplicate
libpng warning: eXIf: duplicate
libpng warning: eXIf: duplicate
libpng warning: eXIf: duplicate
libpng warning: eXIf: duplicate
libpng warning: eXIf: duplicate
libpng warning: eXIf: duplicate
libpng warning: eXIf: duplicate
libpng warning: eXIf: duplicate
libpng warning: eXIf: duplicate
libpng warning: eXIf: duplicate
libpng warning: eXIf: duplicate
libpng warning: eXIf: duplicate
libpng warning: eXIf: duplicate
libpng warning: eXIf: duplicate
libpng warning: eXIf: duplicate
libpng warning: eXIf: duplicate
libpng warning: eXIf: duplicate
libpng warning: eXIf: duplicate
libpng warning: eXIf: duplicate
libpng warning: eXIf: duplicate
libpng warning: eXIf: duplicate
libpng warning: eXIf: duplicate
libpng warning: eXIf: duplicate
libpng warning: eXIf: duplicate
libpng warning: eXIf: duplicate
libpng warning: eXIf: duplicate
libpng warning: eXIf: duplicate
libpng warning: eXIf: duplicate
libpng warning: eXIf: duplicate
libpng warning: eXIf: duplicate
libpng warning: eXIf: duplicate
libpng warning: eXIf: duplicate
libpng warning: eXIf: duplicate
libpng warning: eXIf: duplicate
libpng warning: eXIf: duplicate
libpng warning: eXIf: duplicate
libpng warning: eXIf: duplicate
libpng warning: eXIf: duplicate
libpng warning: eXIf: duplicate
libpng warning: eXIf: duplicate
libpng warning: eXIf: duplicate
libpng warning: eXIf: duplicate
libpng warning: eXIf: duplicate
libpng warning: eXIf: duplicate
libpng warning: eXIf: duplicate
libpng warning: eXIf: duplicate
libpng warning: eXIf: duplicate
libpng warning: eXIf: duplicate
libpng warning: eXIf: duplicate
libpng warning: eXIf: duplicate
libpng warning: eXIf: duplicate
libpng warning: eXIf: duplicate
libpng warning: eXIf: duplicate
libpng warning: eXIf: duplicate
libpng warning: eXIf: duplicate
libpng warning: eXIf: duplicate
libpng warning: eXIf: duplicate
libpng warning: eXIf: duplicate
libpng warning: eXIf: duplicate
libpng warning: eXIf: duplicate
libpng warning: eXIf: duplicate
libpng warning: eXIf: duplicate
libpng warning: eXIf: duplicate
libpng warning: eXIf: duplicate
libpng warning: eXIf: duplicate
libpng warning: eXIf: duplicate
libpng warning: eXIf: duplicate
libpng warning: eXIf: duplicate
libpng warning: eXIf: duplicate
libpng warning: eXIf: duplicate
libpng warning: eXIf: duplicate
libpng warning: eXIf: duplicate
libpng warning: eXIf: duplicate
libpng warning: eXIf: duplicate
libpng warning: eXIf: duplicate
libpng warning: eXIf: duplicate
libpng warning: eXIf: duplicate
libpng warning: eXIf: duplicate
libpng warning: eXIf: duplicate
libpng warning: eXIf: duplicate
libpng warning: eXIf: duplicate
libpng warning: eXIf: duplicate
libpng warning: eXIf: duplicate
libpng warning: eXIf: duplicate
libpng warning: eXIf: duplicate
libpng warning: eXIf: duplicate
libpng warning: eXIf: duplicate
libpng warning: eXIf: duplicate
libpng warning: eXIf: duplicate
libpng warning: eXIf: duplicate
libpng warning: eXIf: duplicate
libpng warning: eXIf: duplicate
libpng warning: eXIf: duplicate
libpng warning: eXIf: duplicate
libpng warning: eXIf: duplicate
libpng warning: eXIf: duplicate
libpng warning: eXIf: duplicate
libpng warning: eXIf: duplicate
libpng warning: eXIf: duplicate
libpng warning: eXIf: duplicate
libpng warning: eXIf: duplicate
libpng warning: eXIf: duplicate
libpng warning: eXIf: duplicate
libpng warning: eXIf: duplicate
libpng warning: eXIf: duplicate
libpng warning: eXIf: duplicate
libpng warning: eXIf: duplicate
libpng warning: eXIf: duplicate
libpng warning: eXIf: duplicate
libpng warning: eXIf: duplicate
libpng warning: eXIf: duplicate
libpng warning: eXIf: duplicate
libpng warning: eXIf: duplicate
libpng warning: eXIf: duplicate
libpng warning: eXIf: duplicate
libpng warning: eXIf: duplicate
libpng warning: eXIf: duplicate
libpng warning: eXIf: duplicate
libpng warning: eXIf: duplicate
libpng warning: eXIf: duplicate
libpng warning: eXIf: duplicate
libpng warning: eXIf: duplicate
libpng warning: eXIf: duplicate
libpng warning: eXIf: duplicate
libpng warning: eXIf: duplicate
libpng warning: eXIf: duplicate
libpng warning: eXIf: duplicate
libpng warning: eXIf: duplicate
libpng warning: eXIf: duplicate
libpng warning: eXIf: duplicate
libpng warning: eXIf: duplicate
libpng warning: eXIf: duplicate
libpng warning: eXIf: duplicate
libpng warning: eXIf: duplicate
libpng warning: eXIf: duplicate
libpng warning: eXIf: duplicate
libpng warning: eXIf: duplicate
libpng warning: eXIf: duplicate
libpng warning: eXIf: duplicate
libpng warning: eXIf: duplicate
libpng warning: eXIf: duplicate
libpng warning: eXIf: duplicate
libpng warning: eXIf: duplicate
libpng warning: eXIf: duplicate
libpng warning: eXIf: duplicate
libpng warning: eXIf: duplicate
libpng warning: eXIf: duplicate
libpng warning: eXIf: duplicate
libpng warning: eXIf: duplicate
libpng warning: eXIf: duplicate
libpng warning: eXIf: duplicate
libpng warning: eXIf: duplicate
libpng warning: eXIf: duplicate
libpng warning: eXIf: duplicate
libpng warning: eXIf: duplicate
libpng warning: eXIf: duplicate
libpng warning: eXIf: duplicate
libpng warning: eXIf: duplicate
libpng warning: eXIf: duplicate
libpng warning: eXIf: duplicate
libpng warning: eXIf: duplicate
libpng warning: eXIf: duplicate
libpng warning: eXIf: duplicate
libpng warning: eXIf: duplicate
libpng warning: eXIf: duplicate
libpng warning: eXIf: duplicate
libpng warning: eXIf: duplicate
libpng warning: eXIf: duplicate
libpng warning: eXIf: duplicate
libpng warning: eXIf: duplicate
libpng warning: eXIf: duplicate
libpng warning: eXIf: duplicate
libpng warning: eXIf: duplicate
libpng warning: eXIf: duplicate
libpng warning: eXIf: duplicate
libpng warning: eXIf: duplicate
libpng warning: eXIf: duplicate
libpng warning: eXIf: duplicate
libpng warning: eXIf: duplicate
libpng warning: eXIf: duplicate
libpng warning: eXIf: duplicate
libpng warning: eXIf: duplicate
libpng warning: eXIf: duplicate
libpng warning: eXIf: duplicate
libpng warning: eXIf: duplicate
libpng warning: eXIf: duplicate
libpng warning: eXIf: duplicate
libpng warning: eXIf: duplicate
libpng warning: eXIf: duplicate
libpng warning: eXIf: duplicate
libpng warning: eXIf: duplicate
libpng warning: eXIf: duplicate
libpng warning: eXIf: duplicate
libpng warning: eXIf: duplicate
libpng warning: eXIf: duplicate
libpng warning: eXIf: duplicate
libpng warning: eXIf: duplicate
libpng warning: eXIf: duplicate
libpng warning: eXIf: duplicate
libpng warning: eXIf: duplicate
libpng warning: eXIf: duplicate
libpng warning: eXIf: duplicate
libpng warning: eXIf: duplicate
libpng warning: eXIf: duplicate
libpng warning: eXIf: duplicate
libpng warning: eXIf: duplicate
libpng warning: eXIf: duplicate
libpng warning: eXIf: duplicate
libpng warning: eXIf: duplicate
libpng warning: eXIf: duplicate
libpng warning: eXIf: duplicate
libpng warning: eXIf: duplicate
libpng warning: eXIf: duplicate
libpng warning: eXIf: duplicate
libpng warning: eXIf: duplicate
libpng warning: eXIf: duplicate
libpng warning: eXIf: duplicate
libpng warning: eXIf: duplicate
libpng warning: eXIf: duplicate
libpng warning: eXIf: duplicate
libpng warning: eXIf: duplicate
libpng warning: eXIf: duplicate
libpng warning: eXIf: duplicate
libpng warning: eXIf: duplicate
libpng warning: eXIf: duplicate
libpng warning: eXIf: duplicate
libpng warning: eXIf: duplicate
libpng warning: eXIf: duplicate
libpng warning: eXIf: duplicate
libpng warning: eXIf: duplicate
libpng warning: eXIf: duplicate
libpng warning: eXIf: duplicate
libpng warning: eXIf: duplicate
libpng warning: eXIf: duplicate
libpng warning: eXIf: duplicate
libpng warning: eXIf: duplicate
libpng warning: eXIf: duplicate
libpng warning: eXIf: duplicate
libpng warning: eXIf: duplicate
libpng warning: eXIf: duplicate
libpng warning: eXIf: duplicate
libpng warning: eXIf: duplicate
libpng warning: eXIf: duplicate
libpng warning: eXIf: duplicate
libpng warning: eXIf: duplicate
libpng warning: eXIf: duplicate
libpng warning: eXIf: duplicate
libpng warning: eXIf: duplicate
libpng warning: eXIf: duplicate
libpng warning: eXIf: duplicate
libpng warning: eXIf: duplicate
libpng warning: eXIf: duplicate
libpng warning: eXIf: duplicate
libpng warning: eXIf: duplicate
libpng warning: eXIf: duplicate
libpng warning: eXIf: duplicate
libpng warning: eXIf: duplicate
libpng warning: eXIf: duplicate
libpng warning: eXIf: duplicate
libpng warning: eXIf: duplicate
libpng warning: eXIf: duplicate
libpng warning: eXIf: duplicate
libpng warning: eXIf: duplicate
libpng warning: eXIf: duplicate
libpng warning: eXIf: duplicate
libpng warning: eXIf: duplicate
libpng warning: eXIf: duplicate
libpng warning: eXIf: duplicate
libpng warning: eXIf: duplicate
libpng warning: eXIf: duplicate
libpng warning: eXIf: duplicate
libpng warning: eXIf: duplicate
libpng warning: eXIf: duplicate
libpng warning: eXIf: duplicate
libpng warning: eXIf: duplicate
libpng warning: eXIf: duplicate
libpng warning: eXIf: duplicate
libpng warning: eXIf: duplicate
libpng warning: eXIf: duplicate
libpng warning: eXIf: duplicate
libpng warning: eXIf: duplicate
libpng warning: eXIf: duplicate
libpng warning: eXIf: duplicate
libpng warning: eXIf: duplicate
libpng warning: eXIf: duplicate
libpng warning: eXIf: duplicate
libpng warning: eXIf: duplicate
libpng warning: eXIf: duplicate
libpng warning: eXIf: duplicate
libpng warning: eXIf: duplicate
libpng warning: eXIf: duplicate
libpng warning: eXIf: duplicate
libpng warning: eXIf: duplicate
libpng warning: eXIf: duplicate
libpng warning: eXIf: duplicate
libpng warning: eXIf: duplicate
libpng warning: eXIf: duplicate
libpng warning: eXIf: duplicate
libpng warning: eXIf: duplicate
libpng warning: eXIf: duplicate
libpng warning: eXIf: duplicate
libpng warning: eXIf: duplicate
libpng warning: eXIf: duplicate
libpng warning: eXIf: duplicate
libpng warning: eXIf: duplicate
libpng warning: eXIf: duplicate
libpng warning: eXIf: duplicate
libpng warning: eXIf: duplicate
libpng warning: eXIf: duplicate
libpng warning: eXIf: duplicate
libpng warning: eXIf: duplicate
libpng warning: eXIf: duplicate
libpng warning: eXIf: duplicate
libpng warning: eXIf: duplicate
libpng warning: eXIf: duplicate
libpng warning: eXIf: duplicate
libpng warning: eXIf: duplicate
libpng warning: eXIf: duplicate
libpng warning: eXIf: duplicate
libpng warning: eXIf: duplicate
libpng warning: eXIf: duplicate
libpng warning: eXIf: duplicate
libpng warning: eXIf: duplicate
libpng warning: eXIf: duplicate
libpng warning: eXIf: duplicate
libpng warning: eXIf: duplicate
libpng warning: eXIf: duplicate
libpng warning: eXIf: duplicate
libpng warning: eXIf: duplicate
libpng warning: eXIf: duplicate
libpng warning: eXIf: duplicate
libpng warning: eXIf: duplicate
libpng warning: eXIf: duplicate
libpng warning: eXIf: duplicate
libpng warning: eXIf: duplicate
libpng warning: eXIf: duplicate
libpng warning: eXIf: duplicate
libpng warning: eXIf: duplicate
libpng warning: eXIf: duplicate
libpng warning: eXIf: duplicate
libpng warning: eXIf: duplicate
libpng warning: eXIf: duplicate
libpng warning: eXIf: duplicate
libpng warning: eXIf: duplicate
libpng warning: eXIf: duplicate
libpng warning: eXIf: duplicate
libpng warning: eXIf: duplicate
libpng warning: eXIf: duplicate
libpng warning: eXIf: duplicate
libpng warning: eXIf: duplicate
libpng warning: eXIf: duplicate
libpng warning: eXIf: duplicate
libpng warning: eXIf: duplicate
libpng warning: eXIf: duplicate
libpng warning: eXIf: duplicate
libpng warning: eXIf: duplicate
libpng warning: eXIf: duplicate
libpng warning: eXIf: duplicate
libpng warning: eXIf: duplicate
libpng warning: eXIf: duplicate
libpng warning: eXIf: duplicate
libpng warning: eXIf: duplicate
libpng warning: eXIf: duplicate
libpng warning: eXIf: duplicate
libpng warning: eXIf: duplicate
libpng warning: eXIf: duplicate
libpng warning: eXIf: duplicate
libpng warning: eXIf: duplicate
libpng warning: eXIf: duplicate
libpng warning: eXIf: duplicate
libpng warning: eXIf: duplicate
libpng warning: eXIf: duplicate
libpng warning: eXIf: duplicate
libpng warning: eXIf: duplicate
libpng warning: eXIf: duplicate
libpng warning: eXIf: duplicate
libpng warning: eXIf: duplicate
libpng warning: eXIf: duplicate
libpng warning: eXIf: duplicate
libpng warning: eXIf: duplicate
libpng warning: eXIf: duplicate
libpng warning: eXIf: duplicate
libpng warning: eXIf: duplicate
libpng warning: eXIf: duplicate
libpng warning: eXIf: duplicate
libpng warning: eXIf: duplicate
libpng warning: eXIf: duplicate
libpng warning: eXIf: duplicate
libpng warning: eXIf: duplicate
libpng warning: eXIf: duplicate
libpng warning: eXIf: duplicate
libpng warning: eXIf: duplicate
libpng warning: eXIf: duplicate
libpng warning: eXIf: duplicate
libpng warning: eXIf: duplicate
libpng warning: eXIf: duplicate
libpng warning: eXIf: duplicate
libpng warning: eXIf: duplicate
libpng warning: eXIf: duplicate
libpng warning: eXIf: duplicate
libpng warning: eXIf: duplicate
libpng warning: eXIf: duplicate
libpng warning: eXIf: duplicate
libpng warning: eXIf: duplicate
libpng warning: eXIf: duplicate
libpng warning: eXIf: duplicate
libpng warning: eXIf: duplicate
libpng warning: eXIf: duplicate
libpng warning: eXIf: duplicate
libpng warning: eXIf: duplicate
libpng warning: eXIf: duplicate
libpng warning: eXIf: duplicate
libpng warning: eXIf: duplicate
libpng warning: eXIf: duplicate
libpng warning: eXIf: duplicate
libpng warning: eXIf: duplicate
libpng warning: eXIf: duplicate
libpng warning: eXIf: duplicate
libpng warning: eXIf: duplicate
libpng warning: eXIf: duplicate
libpng warning: eXIf: duplicate
libpng warning: eXIf: duplicate
libpng warning: eXIf: duplicate
libpng warning: eXIf: duplicate
libpng warning: eXIf: duplicate
libpng warning: eXIf: duplicate
libpng warning: eXIf: duplicate
libpng warning: eXIf: duplicate
libpng warning: eXIf: duplicate
libpng warning: eXIf: duplicate
libpng warning: eXIf: duplicate
libpng warning: eXIf: duplicate
libpng warning: eXIf: duplicate
libpng warning: eXIf: duplicate
libpng warning: eXIf: duplicate
libpng warning: eXIf: duplicate
libpng warning: eXIf: duplicate
libpng warning: eXIf: duplicate
libpng warning: eXIf: duplicate
libpng warning: eXIf: duplicate
libpng warning: eXIf: duplicate
libpng warning: eXIf: duplicate
libpng warning: eXIf: duplicate
libpng warning: eXIf: duplicate
libpng warning: eXIf: duplicate
libpng warning: eXIf: duplicate
libpng warning: eXIf: duplicate
libpng warning: eXIf: duplicate
libpng warning: eXIf: duplicate
libpng warning: eXIf: duplicate
libpng warning: eXIf: duplicate
libpng warning: eXIf: duplicate
libpng warning: eXIf: duplicate
libpng warning: eXIf: duplicate
libpng warning: eXIf: duplicate
libpng warning: eXIf: duplicate
libpng warning: eXIf: duplicate
libpng warning: eXIf: duplicate
libpng warning: eXIf: duplicate
libpng warning: eXIf: duplicate
libpng warning: eXIf: duplicate
libpng warning: eXIf: duplicate
libpng warning: eXIf: duplicate
libpng warning: eXIf: duplicate
libpng warning: eXIf: duplicate
libpng warning: eXIf: duplicate
libpng warning: eXIf: duplicate
libpng warning: eXIf: duplicate
libpng warning: eXIf: duplicate
libpng warning: eXIf: duplicate
libpng warning: eXIf: duplicate
libpng warning: eXIf: duplicate
libpng warning: eXIf: duplicate
libpng warning: eXIf: duplicate
libpng warning: eXIf: duplicate
libpng warning: eXIf: duplicate
libpng warning: eXIf: duplicate
libpng warning: eXIf: duplicate
libpng warning: eXIf: duplicate
libpng warning: eXIf: duplicate
libpng warning: eXIf: duplicate
libpng warning: eXIf: duplicate
libpng warning: eXIf: duplicate
libpng warning: eXIf: duplicate
libpng warning: eXIf: duplicate
libpng warning: eXIf: duplicate
libpng warning: eXIf: duplicate
libpng warning: eXIf: duplicate
libpng warning: eXIf: duplicate
libpng warning: eXIf: duplicate
libpng warning: eXIf: duplicate
libpng warning: eXIf: duplicate
libpng warning: eXIf: duplicate
libpng warning: eXIf: duplicate
libpng warning: eXIf: duplicate
libpng warning: eXIf: duplicate
libpng warning: eXIf: duplicate
libpng warning: eXIf: duplicate
libpng warning: eXIf: duplicate
libpng warning: eXIf: duplicate
libpng warning: eXIf: duplicate
libpng warning: eXIf: duplicate
libpng warning: eXIf: duplicate
libpng warning: eXIf: duplicate
libpng warning: eXIf: duplicate
libpng warning: eXIf: duplicate
libpng warning: eXIf: duplicate
libpng warning: eXIf: duplicate
libpng warning: eXIf: duplicate
libpng warning: eXIf: duplicate
libpng warning: eXIf: duplicate
libpng warning: eXIf: duplicate
libpng warning: eXIf: duplicate
libpng warning: eXIf: duplicate
libpng warning: eXIf: duplicate
libpng warning: eXIf: duplicate
libpng warning: eXIf: duplicate
libpng warning: eXIf: duplicate
libpng warning: eXIf: duplicate
libpng warning: eXIf: duplicate
libpng warning: eXIf: duplicate
libpng warning: eXIf: duplicate
libpng warning: eXIf: duplicate
libpng warning: eXIf: duplicate
libpng warning: eXIf: duplicate
libpng warning: eXIf: duplicate
libpng warning: eXIf: duplicate
libpng warning: eXIf: duplicate
libpng warning: eXIf: duplicate
libpng warning: eXIf: duplicate
libpng warning: eXIf: duplicate
libpng warning: eXIf: duplicate
libpng warning: eXIf: duplicate
libpng warning: eXIf: duplicate
libpng warning: eXIf: duplicate
libpng warning: eXIf: duplicate
libpng warning: eXIf: duplicate
libpng warning: eXIf: duplicate
libpng warning: eXIf: duplicate
libpng warning: eXIf: duplicate
libpng warning: eXIf: duplicate
libpng warning: eXIf: duplicate
libpng warning: eXIf: duplicate
libpng warning: eXIf: duplicate
libpng warning: eXIf: duplicate
libpng warning: eXIf: duplicate
libpng warning: eXIf: duplicate
libpng warning: eXIf: duplicate
libpng warning: eXIf: duplicate
libpng warning: eXIf: duplicate
libpng warning: eXIf: duplicate
libpng warning: eXIf: duplicate
libpng warning: eXIf: duplicate
libpng warning: eXIf: duplicate
libpng warning: eXIf: duplicate
libpng warning: eXIf: duplicate
libpng warning: eXIf: duplicate
libpng warning: eXIf: duplicate
libpng warning: eXIf: duplicate
libpng warning: eXIf: duplicate
libpng warning: eXIf: duplicate
libpng warning: eXIf: duplicate
libpng warning: eXIf: duplicate
libpng warning: eXIf: duplicate
libpng warning: eXIf: duplicate
libpng warning: eXIf: duplicate
libpng warning: eXIf: duplicate
libpng warning: eXIf: duplicate
libpng warning: eXIf: duplicate
libpng warning: eXIf: duplicate
 216580 227413
reverse false
base dir name: ['', '4T', 'CXY', 'MV-Painter', 'data', 'train_data']
alpha count: 240499 194156
reverse true
base dir name: ['', '4T', 'CXY', 'MV-Painter', 'data', 'train_data']
alpha count: 199846 224277
reverse false
base dir name: ['', '4T', 'CXY', 'MV-Painter', 'data', 'train_data']
alpha count: 248917 233257
reverse true
base dir name: ['', '4T', 'CXY', 'MV-Painter', 'data', 'train_data']
alpha count: 258187 234226
reverse true
base dir name: ['', '4T', 'CXY', 'MV-Painter', 'data', 'train_data']
alpha count: 247246 232225
reverse true
base dir name: ['', '4T', 'CXY', 'MV-Painter', 'data', 'train_data']
alpha count: 197120 176732
reverse true
base dir name: ['', '4T', 'CXY', 'MV-Painter', 'data', 'train_data']
alpha count: 245888 246955
reverse false
base dir name: ['', '4T', 'CXY', 'MV-Painter', 'data', 'train_data']
alpha count: 238829 231870
reverse true
base dir name: ['', '4T', 'CXY', 'MV-Painter', 'data', 'train_data']
alpha count: 248550 238472
reverse true
base dir name: ['', '4T', 'CXY', 'MV-Painter', 'data', 'train_data']
alpha count: 240185 240019
reverse true
[540/2000] loss=0.0536 (ema 0.0822) lr=8.75e-05 grad=0.653 | fsc_modules=1.4e-02 gsg_modules=5.7e-01 ltag=4.6e-02 | 1.2s
base dir name: ['', '4T', 'CXY', 'MV-Painter', 'data', 'train_data']
alpha count: 218196 234290
reverse false
base dir name: ['', '4T', 'CXY', 'MV-Painter', 'data', 'train_data']
alpha count: 240340 198194
reverse true
base dir name: ['', '4T', 'CXY', 'MV-Painter', 'data', 'train_data']
alpha count: 251185 229526
reverse true
base dir name: ['', '4T', 'CXY', 'MV-Painter', 'data', 'train_data']
alpha count: 259690 230084
reverse true
base dir name: ['', '4T', 'CXY', 'MV-Painter', 'data', 'train_data']
alpha count: 182858 184500
reverse false
base dir name: ['', '4T', 'CXY', 'MV-Painter', 'data', 'train_data']
alpha count: 255316 231801
reverse true
base dir name: ['', '4T', 'CXY', 'MV-Painter', 'data', 'train_data']
alpha count: 215679 218942
reverse false
base dir name: ['', '4T', 'CXY', 'MV-Painter', 'data', 'train_data']
alpha count: 200609 186073
reverse true
base dir name: ['', '4T', 'CXY', 'MV-Painter', 'data', 'train_data']
alpha count: 223802 217560
reverse true
base dir name: ['', '4T', 'CXY', 'MV-Painter', 'data', 'train_data']
alpha count: 218090 223726
reverse false
base dir name: ['', '4T', 'CXY', 'MV-Painter', 'data', 'train_data']
alpha count: 241764 234604
reverse true
base dir name: ['', '4T', 'CXY', 'MV-Painter', 'data', 'train_data']
alpha count: 194847 206377
reverse false
base dir name: ['', '4T', 'CXY', 'MV-Painter', 'data', 'train_data']
alpha count: 202469 198856
reverse true
base dir name: ['', '4T', 'CXY', 'MV-Painter', 'data', 'train_data']
alpha count: 251966 243717
reverse true
base dir name: ['', '4T', 'CXY', 'MV-Painter', 'data', 'train_data']
alpha count: 240991 247562
reverse false
base dir name: ['', '4T', 'CXY', 'MV-Painter', 'data', 'train_data']
alpha count: 196158 206111
reverse false
base dir name: ['', '4T', 'CXY', 'MV-Painter', 'data', 'train_data']
alpha count: 209963 208671
reverse true
base dir name: ['', '4T', 'CXY', 'MV-Painter', 'data', 'train_data']
alpha count: 162972 163023
reverse false
base dir name: ['', '4T', 'CXY', 'MV-Painter', 'data', 'train_data']
alpha count: 204433 228256
reverse false
base dir name: ['', '4T', 'CXY', 'MV-Painter', 'data', 'train_data']
alpha count: 253477 260549
reverse false
[560/2000] loss=0.1332 (ema 0.0818) lr=8.64e-05 grad=0.146 | fsc_modules=4.6e-03 gsg_modules=7.5e-02 ltag=1.2e-02 | 1.1s
base dir name: ['', '4T', 'CXY', 'MV-Painter', 'data', 'train_data']
alpha count: 231232 232230
reverse false
base dir name: ['', '4T', 'CXY', 'MV-Painter', 'data', 'train_data']
alpha count: 190292 195785
reverse false
base dir name: ['', '4T', 'CXY', 'MV-Painter', 'data', 'train_data']
alpha count: 233506 220060
reverse true
base dir name: ['', '4T', 'CXY', 'MV-Painter', 'data', 'train_data']
alpha count: 212428 217378
reverse false
base dir name: ['', '4T', 'CXY', 'MV-Painter', 'data', 'train_data']
alpha count: 262144 262144
reverse false
OpenCV(4.13.0) /io/opencv/modules/imgproc/src/resize.cpp:4208: error: (-215:Assertion failed) !ssize.empty() in function 'resize'

wrong path: /4T/CXY/MV-Painter/data/train_data/rendered_full/6e3d6d54f7f749b6bf7e971093560536/image
base dir name: ['', '4T', 'CXY', 'MV-Painter', 'data', 'train_data']
alpha count: 256551 261337
reverse false
base dir name: ['', '4T', 'CXY', 'MV-Painter', 'data', 'train_data']
alpha count: 255801 254782
reverse true
base dir name: ['', '4T', 'CXY', 'MV-Painter', 'data', 'train_data']
alpha count: 248838 238870
reverse true
base dir name: ['', '4T', 'CXY', 'MV-Painter', 'data', 'train_data']
alpha count: 226469 196867
reverse true
base dir name: ['', '4T', 'CXY', 'MV-Painter', 'data', 'train_data']
alpha count: 233691 251797
reverse false
base dir name: ['', '4T', 'CXY', 'MV-Painter', 'data', 'train_data']
alpha count: 228920 225379
reverse true
base dir name: ['', '4T', 'CXY', 'MV-Painter', 'data', 'train_data']
alpha count: 250652 257655
reverse false
base dir name: ['', '4T', 'CXY', 'MV-Painter', 'data', 'train_data']
alpha count: 237558 222454
reverse true
base dir name: ['', '4T', 'CXY', 'MV-Painter', 'data', 'train_data']
alpha count: 229232 222445
reverse true
base dir name: ['', '4T', 'CXY', 'MV-Painter', 'data', 'train_data']
alpha count: 235210 224920
reverse true
base dir name: ['', '4T', 'CXY', 'MV-Painter', 'data', 'train_data']
alpha count: 255386 239023
reverse true
base dir name: ['', '4T', 'CXY', 'MV-Painter', 'data', 'train_data']
alpha count: 237726 233736
reverse true
base dir name: ['', '4T', 'CXY', 'MV-Painter', 'data', 'train_data']
alpha count: 202984 206962
reverse false
base dir name: ['', '4T', 'CXY', 'MV-Painter', 'data', 'train_data']
alpha count: 241530 234673
reverse true
base dir name: ['', '4T', 'CXY', 'MV-Painter', 'data', 'train_data']
alpha count: 192230 237652
reverse false
base dir name: ['', '4T', 'CXY', 'MV-Painter', 'data', 'train_data']
alpha count: 239897 224454
reverse true
[580/2000] loss=0.1404 (ema 0.0858) lr=8.53e-05 grad=0.077 | fsc_modules=2.1e-03 gsg_modules=5.3e-02 ltag=7.5e-03 | 1.4s
base dir name: ['', '4T', 'CXY', 'MV-Painter', 'data', 'train_data']
alpha count: 218320 211017
reverse true
base dir name: ['', '4T', 'CXY', 'MV-Painter', 'data', 'train_data']
alpha count: 245260 225032
reverse true
base dir name: ['', '4T', 'CXY', 'MV-Painter', 'data', 'train_data']
alpha count: 229360 236762
reverse false
base dir name: ['', '4T', 'CXY', 'MV-Painter', 'data', 'train_data']
alpha count: 231772 185458
reverse true
base dir name: ['', '4T', 'CXY', 'MV-Painter', 'data', 'train_data']
alpha count: 247719 259701
reverse false
base dir name: ['', '4T', 'CXY', 'MV-Painter', 'data', 'train_data']
alpha count: 249533 240956
reverse true
base dir name: ['', '4T', 'CXY', 'MV-Painter', 'data', 'train_data']
alpha count: 243200 257561
reverse false
base dir name: ['', '4T', 'CXY', 'MV-Painter', 'data', 'train_data']
alpha count: 227981 235292
reverse false
base dir name: ['', '4T', 'CXY', 'MV-Painter', 'data', 'train_data']
alpha count: 237029 230858
reverse true
base dir name: ['', '4T', 'CXY', 'MV-Painter', 'data', 'train_data']
alpha count: 217914 230732
reverse false
base dir name: ['', '4T', 'CXY', 'MV-Painter', 'data', 'train_data']
alpha count: 201823 179309
reverse true
base dir name: ['', '4T', 'CXY', 'MV-Painter', 'data', 'train_data']
alpha count: 225396 220406
reverse true
base dir name: ['', '4T', 'CXY', 'MV-Painter', 'data', 'train_data']
alpha count: 233235 214215
reverse true
base dir name: ['', '4T', 'CXY', 'MV-Painter', 'data', 'train_data']
alpha count: 242343 229632
reverse true
base dir name: ['', '4T', 'CXY', 'MV-Painter', 'data', 'train_data']
alpha count: 232273 246088
reverse false
base dir name: ['', '4T', 'CXY', 'MV-Painter', 'data', 'train_data']
alpha count: 257296 242648
reverse true
base dir name: ['', '4T', 'CXY', 'MV-Painter', 'data', 'train_data']
alpha count: 239803 223003
reverse true
base dir name: ['', '4T', 'CXY', 'MV-Painter', 'data', 'train_data']
alpha count: 227081 225775
reverse true
base dir name: ['', '4T', 'CXY', 'MV-Painter', 'data', 'train_data']libpng warning: eXIf: duplicate
libpng warning: eXIf: duplicate
libpng warning: eXIf: duplicate
libpng warning: eXIf: duplicate
libpng warning: eXIf: duplicate
libpng warning: eXIf: duplicate
libpng warning: eXIf: duplicate
libpng warning: eXIf: duplicate
libpng warning: eXIf: duplicate
libpng warning: eXIf: duplicate
libpng warning: eXIf: duplicate
libpng warning: eXIf: duplicate
libpng warning: eXIf: duplicate
libpng warning: eXIf: duplicate
libpng warning: eXIf: duplicate
libpng warning: eXIf: duplicate
libpng warning: eXIf: duplicate
libpng warning: eXIf: duplicate
libpng warning: eXIf: duplicate
libpng warning: eXIf: duplicate
libpng warning: eXIf: duplicate
libpng warning: eXIf: duplicate
libpng warning: eXIf: duplicate
libpng warning: eXIf: duplicate
libpng warning: eXIf: duplicate
libpng warning: eXIf: duplicate
libpng warning: eXIf: duplicate
libpng warning: eXIf: duplicate
libpng warning: eXIf: duplicate
libpng warning: eXIf: duplicate
libpng warning: eXIf: duplicate
libpng warning: eXIf: duplicate
libpng warning: eXIf: duplicate
libpng warning: eXIf: duplicate
libpng warning: eXIf: duplicate
libpng warning: eXIf: duplicate
libpng warning: eXIf: duplicate
libpng warning: eXIf: duplicate
libpng warning: eXIf: duplicate
libpng warning: eXIf: duplicate
libpng warning: eXIf: duplicate
libpng warning: eXIf: duplicate
libpng warning: eXIf: duplicate
libpng warning: eXIf: duplicate
libpng warning: eXIf: duplicate
libpng warning: eXIf: duplicate
libpng warning: eXIf: duplicate
libpng warning: eXIf: duplicate
libpng warning: eXIf: duplicate
libpng warning: eXIf: duplicate
libpng warning: eXIf: duplicate
libpng warning: eXIf: duplicate
libpng warning: eXIf: duplicate
libpng warning: eXIf: duplicate
libpng warning: eXIf: duplicate
libpng warning: eXIf: duplicate
libpng warning: eXIf: duplicate
libpng warning: eXIf: duplicate
libpng warning: eXIf: duplicate
libpng warning: eXIf: duplicate
libpng warning: eXIf: duplicate
libpng warning: eXIf: duplicate
libpng warning: eXIf: duplicate
libpng warning: eXIf: duplicate
libpng warning: eXIf: duplicate
libpng warning: eXIf: duplicate
libpng warning: eXIf: duplicate
libpng warning: eXIf: duplicate
libpng warning: eXIf: duplicate
libpng warning: eXIf: duplicate
libpng warning: eXIf: duplicate
libpng warning: eXIf: duplicate
libpng warning: eXIf: duplicate
libpng warning: eXIf: duplicate
libpng warning: eXIf: duplicate
libpng warning: eXIf: duplicate
libpng warning: eXIf: duplicate
libpng warning: eXIf: duplicate
libpng warning: eXIf: duplicate
libpng warning: eXIf: duplicate
libpng warning: eXIf: duplicate
libpng warning: eXIf: duplicate
libpng warning: eXIf: duplicate
libpng warning: eXIf: duplicate
libpng warning: eXIf: duplicate
libpng warning: eXIf: duplicate
libpng warning: eXIf: duplicate
libpng warning: eXIf: duplicate
libpng warning: eXIf: duplicate
libpng warning: eXIf: duplicate
libpng warning: eXIf: duplicate
libpng warning: eXIf: duplicate
libpng warning: eXIf: duplicate
libpng warning: eXIf: duplicate
libpng warning: eXIf: duplicate
libpng warning: eXIf: duplicate
libpng warning: eXIf: duplicate
libpng warning: eXIf: duplicate
libpng warning: eXIf: duplicate
libpng warning: eXIf: duplicate
libpng warning: eXIf: duplicate
libpng warning: eXIf: duplicate
libpng warning: eXIf: duplicate
libpng warning: eXIf: duplicate
libpng warning: eXIf: duplicate
libpng warning: eXIf: duplicate
libpng warning: eXIf: duplicate
libpng warning: eXIf: duplicate
libpng warning: eXIf: duplicate
libpng warning: eXIf: duplicate
libpng warning: eXIf: duplicate
libpng warning: eXIf: duplicate
libpng warning: eXIf: duplicate
libpng warning: eXIf: duplicate
libpng warning: eXIf: duplicate
libpng warning: eXIf: duplicate
libpng warning: eXIf: duplicate
libpng warning: eXIf: duplicate
libpng warning: eXIf: duplicate
libpng warning: eXIf: duplicate
libpng warning: eXIf: duplicate
libpng warning: eXIf: duplicate
libpng warning: eXIf: duplicate
libpng warning: eXIf: duplicate
libpng warning: eXIf: duplicate
libpng warning: eXIf: duplicate
libpng warning: eXIf: duplicate
libpng warning: eXIf: duplicate
libpng warning: eXIf: duplicate
libpng warning: eXIf: duplicate
libpng warning: eXIf: duplicate
libpng warning: eXIf: duplicate
libpng warning: eXIf: duplicate
libpng warning: eXIf: duplicate
libpng warning: eXIf: duplicate
libpng warning: eXIf: duplicate
libpng warning: eXIf: duplicate
libpng warning: eXIf: duplicate
libpng warning: eXIf: duplicate
libpng warning: eXIf: duplicate
libpng warning: eXIf: duplicate
libpng warning: eXIf: duplicate
libpng warning: eXIf: duplicate
libpng warning: eXIf: duplicate
libpng warning: eXIf: duplicate
libpng warning: eXIf: duplicate
libpng warning: eXIf: duplicate
libpng warning: eXIf: duplicate
libpng warning: eXIf: duplicate
libpng warning: eXIf: duplicate
libpng warning: eXIf: duplicate
libpng warning: eXIf: duplicate
libpng warning: eXIf: duplicate
libpng warning: eXIf: duplicate
libpng warning: eXIf: duplicate
libpng warning: eXIf: duplicate
libpng warning: eXIf: duplicate
libpng warning: eXIf: duplicate
libpng warning: eXIf: duplicate
libpng warning: eXIf: duplicate
libpng warning: eXIf: duplicate
libpng warning: eXIf: duplicate
libpng warning: eXIf: duplicate
libpng warning: eXIf: duplicate
libpng warning: eXIf: duplicate
libpng warning: eXIf: duplicate
libpng warning: eXIf: duplicate
libpng warning: eXIf: duplicate
libpng warning: eXIf: duplicate
libpng warning: eXIf: duplicate
libpng warning: eXIf: duplicate
libpng warning: eXIf: duplicate
libpng warning: eXIf: duplicate
libpng warning: eXIf: duplicate
libpng warning: eXIf: duplicate
libpng warning: eXIf: duplicate
libpng warning: eXIf: duplicate
libpng warning: eXIf: duplicate
libpng warning: eXIf: duplicate
libpng warning: eXIf: duplicate
libpng warning: eXIf: duplicate
libpng warning: eXIf: duplicate
libpng warning: eXIf: duplicate
libpng warning: eXIf: duplicate
libpng warning: eXIf: duplicate
libpng warning: eXIf: duplicate
libpng warning: eXIf: duplicate
libpng warning: eXIf: duplicate
libpng warning: eXIf: duplicate
libpng warning: eXIf: duplicate
libpng warning: eXIf: duplicate
libpng warning: eXIf: duplicate
libpng warning: eXIf: duplicate
libpng warning: eXIf: duplicate
libpng warning: eXIf: duplicate
libpng warning: eXIf: duplicate
libpng warning: eXIf: duplicate
libpng warning: eXIf: duplicate
libpng warning: eXIf: duplicate
libpng warning: eXIf: duplicate
libpng warning: eXIf: duplicate
libpng warning: eXIf: duplicate
libpng warning: eXIf: duplicate
libpng warning: eXIf: duplicate
libpng warning: eXIf: duplicate
libpng warning: eXIf: duplicate
libpng warning: eXIf: duplicate
libpng warning: eXIf: duplicate
libpng warning: eXIf: duplicate
libpng warning: eXIf: duplicate
libpng warning: eXIf: duplicate
libpng warning: eXIf: duplicate
libpng warning: eXIf: duplicate
libpng warning: eXIf: duplicate
libpng warning: eXIf: duplicate
libpng warning: eXIf: duplicate
libpng warning: eXIf: duplicate
libpng warning: eXIf: duplicate
libpng warning: eXIf: duplicate
libpng warning: eXIf: duplicate
libpng warning: eXIf: duplicate
libpng warning: eXIf: duplicate
libpng warning: eXIf: duplicate
libpng warning: eXIf: duplicate
libpng warning: eXIf: duplicate
libpng warning: eXIf: duplicate
libpng warning: eXIf: duplicate
libpng warning: eXIf: duplicate
libpng warning: eXIf: duplicate
libpng warning: eXIf: duplicate
libpng warning: eXIf: duplicate
libpng warning: eXIf: duplicate
libpng warning: eXIf: duplicate
libpng warning: eXIf: duplicate
libpng warning: eXIf: duplicate
libpng warning: eXIf: duplicate
libpng warning: eXIf: duplicate
libpng warning: eXIf: duplicate
libpng warning: eXIf: duplicate
libpng warning: eXIf: duplicate
libpng warning: eXIf: duplicate
libpng warning: eXIf: duplicate
libpng warning: eXIf: duplicate
libpng warning: eXIf: duplicate
libpng warning: eXIf: duplicate
libpng warning: eXIf: duplicate
libpng warning: eXIf: duplicate
libpng warning: eXIf: duplicate
libpng warning: eXIf: duplicate
libpng warning: eXIf: duplicate
libpng warning: eXIf: duplicate
libpng warning: eXIf: duplicate
libpng warning: eXIf: duplicate
libpng warning: eXIf: duplicate
libpng warning: eXIf: duplicate
libpng warning: eXIf: duplicate
libpng warning: eXIf: duplicate
libpng warning: eXIf: duplicate
libpng warning: eXIf: duplicate
libpng warning: eXIf: duplicate
libpng warning: eXIf: duplicate
libpng warning: eXIf: duplicate
libpng warning: eXIf: duplicate
libpng warning: eXIf: duplicate
libpng warning: eXIf: duplicate
libpng warning: eXIf: duplicate
libpng warning: eXIf: duplicate
libpng warning: eXIf: duplicate
libpng warning: eXIf: duplicate
libpng warning: eXIf: duplicate
libpng warning: eXIf: duplicate
libpng warning: eXIf: duplicate
libpng warning: eXIf: duplicate
libpng warning: eXIf: duplicate
libpng warning: eXIf: duplicate
libpng warning: eXIf: duplicate
libpng warning: eXIf: duplicate
libpng warning: eXIf: duplicate
libpng warning: eXIf: duplicate
libpng warning: eXIf: duplicate
libpng warning: eXIf: duplicate
libpng warning: eXIf: duplicate
libpng warning: eXIf: duplicate
libpng warning: eXIf: duplicate
libpng warning: eXIf: duplicate
libpng warning: eXIf: duplicate
libpng warning: eXIf: duplicate
libpng warning: eXIf: duplicate
libpng warning: eXIf: duplicate
libpng warning: eXIf: duplicate
libpng warning: eXIf: duplicate
libpng warning: eXIf: duplicate
libpng warning: eXIf: duplicate
libpng warning: eXIf: duplicate
libpng warning: eXIf: duplicate
libpng warning: eXIf: duplicate
libpng warning: eXIf: duplicate
libpng warning: eXIf: duplicate
libpng warning: eXIf: duplicate
libpng warning: eXIf: duplicate
libpng warning: eXIf: duplicate
libpng warning: eXIf: duplicate
libpng warning: eXIf: duplicate
libpng warning: eXIf: duplicate
libpng warning: eXIf: duplicate
libpng warning: eXIf: duplicate
libpng warning: eXIf: duplicate
libpng warning: eXIf: duplicate
libpng warning: eXIf: duplicate
libpng warning: eXIf: duplicate
libpng warning: eXIf: duplicate
libpng warning: eXIf: duplicate
libpng warning: eXIf: duplicate
libpng warning: eXIf: duplicate
libpng warning: eXIf: duplicate
libpng warning: eXIf: duplicate
libpng warning: eXIf: duplicate
libpng warning: eXIf: duplicate
libpng warning: eXIf: duplicate
libpng warning: eXIf: duplicate
libpng warning: eXIf: duplicate
libpng warning: eXIf: duplicate
libpng warning: eXIf: duplicate
libpng warning: eXIf: duplicate
libpng warning: eXIf: duplicate
libpng warning: eXIf: duplicate
libpng warning: eXIf: duplicate
libpng warning: eXIf: duplicate
libpng warning: eXIf: duplicate
libpng warning: eXIf: duplicate
libpng warning: eXIf: duplicate
libpng warning: eXIf: duplicate
libpng warning: eXIf: duplicate
libpng warning: eXIf: duplicate
libpng warning: eXIf: duplicate
libpng warning: eXIf: duplicate
libpng warning: eXIf: duplicate
libpng warning: eXIf: duplicate
libpng warning: eXIf: duplicate
libpng warning: eXIf: duplicate
libpng warning: eXIf: duplicate
libpng warning: eXIf: duplicate
libpng warning: eXIf: duplicate
libpng warning: eXIf: duplicate
libpng warning: eXIf: duplicate
libpng warning: eXIf: duplicate
libpng warning: eXIf: duplicate
libpng warning: eXIf: duplicate
libpng warning: eXIf: duplicate
libpng warning: eXIf: duplicate
libpng warning: eXIf: duplicate
libpng warning: eXIf: duplicate
libpng warning: eXIf: duplicate
libpng warning: eXIf: duplicate
libpng warning: eXIf: duplicate
libpng warning: eXIf: duplicate
libpng warning: eXIf: duplicate
libpng warning: eXIf: duplicate
libpng warning: eXIf: duplicate
libpng warning: eXIf: duplicate
libpng warning: eXIf: duplicate
libpng warning: eXIf: duplicate
libpng warning: eXIf: duplicate
libpng warning: eXIf: duplicate
libpng warning: eXIf: duplicate
libpng warning: eXIf: duplicate
libpng warning: eXIf: duplicate
libpng warning: eXIf: duplicate
libpng warning: eXIf: duplicate
libpng warning: eXIf: duplicate
libpng warning: eXIf: duplicate
libpng warning: eXIf: duplicate
libpng warning: eXIf: duplicate
libpng warning: eXIf: duplicate
libpng warning: eXIf: duplicate
libpng warning: eXIf: duplicate
libpng warning: eXIf: duplicate
libpng warning: eXIf: duplicate
libpng warning: eXIf: duplicate
libpng warning: eXIf: duplicate
libpng warning: eXIf: duplicate
libpng warning: eXIf: duplicate
libpng warning: eXIf: duplicate
libpng warning: eXIf: duplicate
libpng warning: eXIf: duplicate
libpng warning: eXIf: duplicate
libpng warning: eXIf: duplicate
libpng warning: eXIf: duplicate
libpng warning: eXIf: duplicate
libpng warning: eXIf: duplicate
libpng warning: eXIf: duplicate
libpng warning: eXIf: duplicate
libpng warning: eXIf: duplicate
libpng warning: eXIf: duplicate
libpng warning: eXIf: duplicate
libpng warning: eXIf: duplicate
libpng warning: eXIf: duplicate
libpng warning: eXIf: duplicate
libpng warning: eXIf: duplicate
libpng warning: eXIf: duplicate
libpng warning: eXIf: duplicate
libpng warning: eXIf: duplicate
libpng warning: eXIf: duplicate
libpng warning: eXIf: duplicate
libpng warning: eXIf: duplicate
libpng warning: eXIf: duplicate
libpng warning: eXIf: duplicate
libpng warning: eXIf: duplicate
libpng warning: eXIf: duplicate
libpng warning: eXIf: duplicate
libpng warning: eXIf: duplicate
libpng warning: eXIf: duplicate
libpng warning: eXIf: duplicate
libpng warning: eXIf: duplicate
libpng warning: eXIf: duplicate
libpng warning: eXIf: duplicate
libpng warning: eXIf: duplicate
libpng warning: eXIf: duplicate
libpng warning: eXIf: duplicate
libpng warning: eXIf: duplicate
libpng warning: eXIf: duplicate
libpng warning: eXIf: duplicate
libpng warning: eXIf: duplicate
libpng warning: eXIf: duplicate
libpng warning: eXIf: duplicate
libpng warning: eXIf: duplicate
libpng warning: eXIf: duplicate
libpng warning: eXIf: duplicate
libpng warning: eXIf: duplicate
libpng warning: eXIf: duplicate
libpng warning: eXIf: duplicate
libpng warning: eXIf: duplicate
libpng warning: eXIf: duplicate
libpng warning: eXIf: duplicate
libpng warning: eXIf: duplicate
libpng warning: eXIf: duplicate
libpng warning: eXIf: duplicate
libpng warning: eXIf: duplicate
libpng warning: eXIf: duplicate
libpng warning: eXIf: duplicate
libpng warning: eXIf: duplicate
libpng warning: eXIf: duplicate
libpng warning: eXIf: duplicate
libpng warning: eXIf: duplicate
libpng warning: eXIf: duplicate
libpng warning: eXIf: duplicate
libpng warning: eXIf: duplicate
libpng warning: eXIf: duplicate
libpng warning: eXIf: duplicate
libpng warning: eXIf: duplicate
libpng warning: eXIf: duplicate
libpng warning: eXIf: duplicate
libpng warning: eXIf: duplicate
libpng warning: eXIf: duplicate
libpng warning: eXIf: duplicate
libpng warning: eXIf: duplicate
libpng warning: eXIf: duplicate
libpng warning: eXIf: duplicate
libpng warning: eXIf: duplicate
libpng warning: eXIf: duplicate
libpng warning: eXIf: duplicate
libpng warning: eXIf: duplicate
libpng warning: eXIf: duplicate
libpng warning: eXIf: duplicate
libpng warning: eXIf: duplicate
libpng warning: eXIf: duplicate
libpng warning: eXIf: duplicate
libpng warning: eXIf: duplicate
libpng warning: eXIf: duplicate
libpng warning: eXIf: duplicate
libpng warning: eXIf: duplicate
libpng warning: eXIf: duplicate
libpng warning: eXIf: duplicate
libpng warning: eXIf: duplicate
libpng warning: eXIf: duplicate
libpng warning: eXIf: duplicate
libpng warning: eXIf: duplicate
libpng warning: eXIf: duplicate
libpng warning: eXIf: duplicate
libpng warning: eXIf: duplicate
libpng warning: eXIf: duplicate
libpng warning: eXIf: duplicate
libpng warning: eXIf: duplicate
libpng warning: eXIf: duplicate
libpng warning: eXIf: duplicate
libpng warning: eXIf: duplicate
libpng warning: eXIf: duplicate
libpng warning: eXIf: duplicate
libpng warning: eXIf: duplicate
libpng warning: eXIf: duplicate
libpng warning: eXIf: duplicate
libpng warning: eXIf: duplicate
libpng warning: eXIf: duplicate
libpng warning: eXIf: duplicate
libpng warning: eXIf: duplicate
libpng warning: eXIf: duplicate
libpng warning: eXIf: duplicate
libpng warning: eXIf: duplicate
libpng warning: eXIf: duplicate
libpng warning: eXIf: duplicate
libpng warning: eXIf: duplicate
libpng warning: eXIf: duplicate
libpng warning: eXIf: duplicate
libpng warning: eXIf: duplicate
libpng warning: eXIf: duplicate
libpng warning: eXIf: duplicate
libpng warning: eXIf: duplicate
libpng warning: eXIf: duplicate
libpng warning: eXIf: duplicate
libpng warning: eXIf: duplicate
libpng warning: eXIf: duplicate
libpng warning: eXIf: duplicate
libpng warning: eXIf: duplicate
libpng warning: eXIf: duplicate
libpng warning: eXIf: duplicate
libpng warning: eXIf: duplicate
libpng warning: eXIf: duplicate
libpng warning: eXIf: duplicate
libpng warning: eXIf: duplicate
libpng warning: eXIf: duplicate
libpng warning: eXIf: duplicate
libpng warning: eXIf: duplicate
libpng warning: eXIf: duplicate
libpng warning: eXIf: duplicate
libpng warning: eXIf: duplicate
libpng warning: eXIf: duplicate
libpng warning: eXIf: duplicate
libpng warning: eXIf: duplicate
libpng warning: eXIf: duplicate
libpng warning: eXIf: duplicate
libpng warning: eXIf: duplicate
libpng warning: eXIf: duplicate
libpng warning: eXIf: duplicate
libpng warning: eXIf: duplicate
libpng warning: eXIf: duplicate
libpng warning: eXIf: duplicate
libpng warning: eXIf: duplicate
libpng warning: eXIf: duplicate
libpng warning: eXIf: duplicate
libpng warning: eXIf: duplicate
libpng warning: eXIf: duplicate
libpng warning: eXIf: duplicate
libpng warning: eXIf: duplicate
libpng warning: eXIf: duplicate
libpng warning: eXIf: duplicate
libpng warning: eXIf: duplicate
libpng warning: eXIf: duplicate
libpng warning: eXIf: duplicate
libpng warning: eXIf: duplicate
libpng warning: eXIf: duplicate
libpng warning: eXIf: duplicate
libpng warning: eXIf: duplicate
libpng warning: eXIf: duplicate
libpng warning: eXIf: duplicate
libpng warning: eXIf: duplicate
libpng warning: eXIf: duplicate
libpng warning: eXIf: duplicate
libpng warning: eXIf: duplicate
libpng warning: eXIf: duplicate
libpng warning: eXIf: duplicate
libpng warning: eXIf: duplicate
libpng warning: eXIf: duplicate
libpng warning: eXIf: duplicate
libpng warning: eXIf: duplicate
libpng warning: eXIf: duplicate
libpng warning: eXIf: duplicate
libpng warning: eXIf: duplicate
libpng warning: eXIf: duplicate
libpng warning: eXIf: duplicate
libpng warning: eXIf: duplicate
libpng warning: eXIf: duplicate
libpng warning: eXIf: duplicate
libpng warning: eXIf: duplicate
libpng warning: eXIf: duplicate
libpng warning: eXIf: duplicate
libpng warning: eXIf: duplicate
libpng warning: eXIf: duplicate
libpng warning: eXIf: duplicate
libpng warning: eXIf: duplicate
libpng warning: eXIf: duplicate
libpng warning: eXIf: duplicate
libpng warning: eXIf: duplicate
libpng warning: eXIf: duplicate
libpng warning: eXIf: duplicate
libpng warning: eXIf: duplicate
libpng warning: eXIf: duplicate
libpng warning: eXIf: duplicate
libpng warning: eXIf: duplicate
libpng warning: eXIf: duplicate
libpng warning: eXIf: duplicate
libpng warning: eXIf: duplicate
libpng warning: eXIf: duplicate
libpng warning: eXIf: duplicate
libpng warning: eXIf: duplicate
libpng warning: eXIf: duplicate
libpng warning: eXIf: duplicate
libpng warning: eXIf: duplicate
libpng warning: eXIf: duplicate
libpng warning: eXIf: duplicate
libpng warning: eXIf: duplicate
libpng warning: eXIf: duplicate
libpng warning: eXIf: duplicate
libpng warning: eXIf: duplicate
libpng warning: eXIf: duplicate
libpng warning: eXIf: duplicate
libpng warning: eXIf: duplicate
libpng warning: eXIf: duplicate
libpng warning: eXIf: duplicate
libpng warning: eXIf: duplicate
libpng warning: eXIf: duplicate
libpng warning: eXIf: duplicate
libpng warning: eXIf: duplicate
libpng warning: eXIf: duplicate
libpng warning: eXIf: duplicate
libpng warning: eXIf: duplicate
libpng warning: eXIf: duplicate
libpng warning: eXIf: duplicate
libpng warning: eXIf: duplicate
libpng warning: eXIf: duplicate
libpng warning: eXIf: duplicate
libpng warning: eXIf: duplicate
libpng warning: eXIf: duplicate
libpng warning: eXIf: duplicate
libpng warning: eXIf: duplicate
libpng warning: eXIf: duplicate
libpng warning: eXIf: duplicate
libpng warning: eXIf: duplicate
libpng warning: eXIf: duplicate
libpng warning: eXIf: duplicate
libpng warning: eXIf: duplicate
libpng warning: eXIf: duplicate
libpng warning: eXIf: duplicate
libpng warning: eXIf: duplicate
libpng warning: eXIf: duplicate
libpng warning: eXIf: duplicate
libpng warning: eXIf: duplicate
libpng warning: eXIf: duplicate
libpng warning: eXIf: duplicate
libpng warning: eXIf: duplicate

alpha count: 250306 231413
reverse true
base dir name: ['', '4T', 'CXY', 'MV-Painter', 'data', 'train_data']
alpha count: 205801 219850
reverse false
[600/2000] loss=0.0526 (ema 0.0828) lr=8.41e-05 grad=0.115 | fsc_modules=2.1e-03 gsg_modules=1.0e-01 ltag=9.4e-03 | 1.1s
base dir name: ['', '4T', 'CXY', 'MV-Painter', 'data', 'train_data']
alpha count: 227552 233698
reverse false
base dir name: ['', '4T', 'CXY', 'MV-Painter', 'data', 'train_data']
alpha count: 218309 218297
reverse true
base dir name: ['', '4T', 'CXY', 'MV-Painter', 'data', 'train_data']
alpha count: 231570 217190
reverse true
base dir name: ['', '4T', 'CXY', 'MV-Painter', 'data', 'train_data']
alpha count: 255611 235844
reverse true
base dir name: ['', '4T', 'CXY', 'MV-Painter', 'data', 'train_data']
alpha count: 227106 197774
reverse true
base dir name: ['', '4T', 'CXY', 'MV-Painter', 'data', 'train_data']
alpha count: 243689 194374
reverse true
base dir name: ['', '4T', 'CXY', 'MV-Painter', 'data', 'train_data']
alpha count: 222114 235015
reverse false
base dir name: ['', '4T', 'CXY', 'MV-Painter', 'data', 'train_data']
alpha count: 239512 252573
reverse false
base dir name: ['', '4T', 'CXY', 'MV-Painter', 'data', 'train_data']
alpha count: 247878 240660
reverse true
base dir name: ['', '4T', 'CXY', 'MV-Painter', 'data', 'train_data']
alpha count: 230396 222773
reverse true
base dir name: ['', '4T', 'CXY', 'MV-Painter', 'data', 'train_data']
alpha count: 234370 225588
reverse true
base dir name: ['', '4T', 'CXY', 'MV-Painter', 'data', 'train_data']
alpha count: 195283 189796
reverse true
base dir name: ['', '4T', 'CXY', 'MV-Painter', 'data', 'train_data']
alpha count: 262144 32932
reverse true
base dir name: ['', '4T', 'CXY', 'MV-Painter', 'data', 'train_data']
alpha count: 211253 225897
reverse false
base dir name: ['', '4T', 'CXY', 'MV-Painter', 'data', 'train_data']
alpha count: 159571 168815
reverse false
base dir name: ['', '4T', 'CXY', 'MV-Painter', 'data', 'train_data']
alpha count: 222844 224236
reverse false
base dir name: ['', '4T', 'CXY', 'MV-Painter', 'data', 'train_data']
alpha count: 208315 215448
reverse false
base dir name: ['', '4T', 'CXY', 'MV-Painter', 'data', 'train_data']
alpha count: 229189 233836
reverse false
base dir name: ['', '4T', 'CXY', 'MV-Painter', 'data', 'train_data']
alpha count: 245598 211487
reverse true
base dir name: ['', '4T', 'CXY', 'MV-Painter', 'data', 'train_data']
alpha count: 245371 251303
reverse false
[620/2000] loss=0.0507 (ema 0.0799) lr=8.29e-05 grad=0.096 | fsc_modules=1.6e-03 gsg_modules=6.2e-02 ltag=5.5e-03 | 0.9s
base dir name: ['', '4T', 'CXY', 'MV-Painter', 'data', 'train_data']
alpha count: 219686 224503
reverse false
base dir name: ['', '4T', 'CXY', 'MV-Painter', 'data', 'train_data']
alpha count: 256116 241574
reverse true
base dir name: ['', '4T', 'CXY', 'MV-Painter', 'data', 'train_data']
alpha count: 223607 205834
reverse true
base dir name: ['', '4T', 'CXY', 'MV-Painter', 'data', 'train_data']
alpha count: 223323 235410
reverse false
base dir name: ['', '4T', 'CXY', 'MV-Painter', 'data', 'train_data']
alpha count: 244630 243389
reverse true
base dir name: ['', '4T', 'CXY', 'MV-Painter', 'data', 'train_data']
alpha count: 229412 210274
reverse true
base dir name: ['', '4T', 'CXY', 'MV-Painter', 'data', 'train_data']
alpha count: 237888 200906
reverse true
base dir name: ['', '4T', 'CXY', 'MV-Painter', 'data', 'train_data']
alpha count: 257116 233958
reverse true
base dir name: ['', '4T', 'CXY', 'MV-Painter', 'data', 'train_data']
alpha count: 262144 260499
reverse true
base dir name: ['', '4T', 'CXY', 'MV-Painter', 'data', 'train_data']
alpha count: 213009 209125
reverse true
base dir name: ['', '4T', 'CXY', 'MV-Painter', 'data', 'train_data']
alpha count: 222969 221170
reverse true
base dir name: ['', '4T', 'CXY', 'MV-Painter', 'data', 'train_data']
alpha count: 243537 257490
reverse false
base dir name: ['', '4T', 'CXY', 'MV-Painter', 'data', 'train_data']
alpha count: 148113 148113
reverse false
base dir name: ['', '4T', 'CXY', 'MV-Painter', 'data', 'train_data']
alpha count: 186272 155713
reverse true
base dir name: ['', '4T', 'CXY', 'MV-Painter', 'data', 'train_data']
alpha count: 227101 224687
reverse true
base dir name: ['', '4T', 'CXY', 'MV-Painter', 'data', 'train_data']
alpha count: 207455 200164
reverse true
base dir name: ['', '4T', 'CXY', 'MV-Painter', 'data', 'train_data']
alpha count: 192957 184310
reverse true
base dir name: ['', '4T', 'CXY', 'MV-Painter', 'data', 'train_data']
alpha count: 200349 194406
reverse true
base dir name: ['', '4T', 'CXY', 'MV-Painter', 'data', 'train_data']
alpha count: 189145 198495
reverse false
base dir name: ['', '4T', 'CXY', 'MV-Painter', 'data', 'train_data']
alpha count: 237117 246265
reverse false
[640/2000] loss=0.0885 (ema 0.0798) lr=8.16e-05 grad=0.137 | fsc_modules=2.5e-03 gsg_modules=9.0e-02 ltag=1.2e-02 | 1.1s
base dir name: ['', '4T', 'CXY', 'MV-Painter', 'data', 'train_data']
alpha count: 244655 246595
reverse false
base dir name: ['', '4T', 'CXY', 'MV-Painter', 'data', 'train_data']
alpha count: 222494 173563
reverse true
base dir name: ['', '4T', 'CXY', 'MV-Painter', 'data', 'train_data']
alpha count: 253616 181790
reverse true
base dir name: ['', '4T', 'CXY', 'MV-Painter', 'data', 'train_data']
alpha count: 237402 245408
reverse false
base dir name: ['', '4T', 'CXY', 'MV-Painter', 'data', 'train_data']
alpha count: 188332 204921
reverse false
base dir name: ['', '4T', 'CXY', 'MV-Painter', 'data', 'train_data']
alpha count: 210502 199549
reverse true
base dir name: ['', '4T', 'CXY', 'MV-Painter', 'data', 'train_data']
alpha count: 250985 260600
reverse false
base dir name: ['', '4T', 'CXY', 'MV-Painter', 'data', 'train_data']
alpha count: 205223 179700
reverse true
base dir name: ['', '4T', 'CXY', 'MV-Painter', 'data', 'train_data']
alpha count: 256447 252828
reverse true
base dir name: ['', '4T', 'CXY', 'MV-Painter', 'data', 'train_data']
alpha count: 252510 246054
reverse true
base dir name: ['', '4T', 'CXY', 'MV-Painter', 'data', 'train_data']
alpha count: 181252 181251
reverse true
base dir name: ['', '4T', 'CXY', 'MV-Painter', 'data', 'train_data']
alpha count: 203571 233854
reverse false
base dir name: ['', '4T', 'CXY', 'MV-Painter', 'data', 'train_data']
alpha count: 233672 237933
reverse false
base dir name: ['', '4T', 'CXY', 'MV-Painter', 'data', 'train_data']
alpha count: 253820 240814
reverse true
base dir name: ['', '4T', 'CXY', 'MV-Painter', 'data', 'train_data']
alpha count: 201265 205167
reverse false
base dir name: ['', '4T', 'CXY', 'MV-Painter', 'data', 'train_data']
alpha count: 247484 239985
reverse true
base dir name: ['', '4T', 'CXY', 'MV-Painter', 'data', 'train_data']
alpha count: 236905 249524
reverse false
base dir name: ['', '4T', 'CXY', 'MV-Painter', 'data', 'train_data']
alpha count: 255900 239207
reverse true
base dir name: ['', '4T', 'CXY', 'MV-Painter', 'data', 'train_data']
alpha count: 195279 192893
reverse true
base dir name: ['', '4T', 'CXY', 'MV-Painter', 'data', 'train_data']
alpha count: 233981 232718
reverse true
[660/2000] loss=0.1632 (ema 0.0860) lr=8.03e-05 grad=0.122 | fsc_modules=5.0e-03 gsg_modules=6.7e-02 ltag=1.1e-02 | 1.2s
base dir name: ['', '4T', 'CXY', 'MV-Painter', 'data', 'train_data']
alpha count: 251307 232709
reverse true
base dir name: ['', '4T', 'CXY', 'MV-Painter', 'data', 'train_data']
alpha count: 250504 236147
reverse true
base dir name: ['', '4T', 'CXY', 'MV-Painter', 'data', 'train_data']
alpha count: 224371 232581
reverse false
base dir name: ['', '4T', 'CXY', 'MV-Painter', 'data', 'train_data']
alpha count: 240672 208442
reverse true
base dir name: ['', '4T', 'CXY', 'MV-Painter', 'data', 'train_data']
alpha count: 187915 200261
reverse false
base dir name: ['', '4T', 'CXY', 'MV-Painter', 'data', 'train_data']
alpha count: 218252 208522
reverse true
base dir name: ['', '4T', 'CXY', 'MV-Painter', 'data', 'train_data']
alpha count: 212005 176506
reverse true
base dir name: ['', '4T', 'CXY', 'MV-Painter', 'data', 'train_data']
alpha count: 236389 237617
reverse false
base dir name: ['', '4T', 'CXY', 'MV-Painter', 'data', 'train_data']
alpha count: 222639 232570
reverse false
base dir name:libpng warning: eXIf: duplicate
libpng warning: eXIf: duplicate
libpng warning: eXIf: duplicate
libpng warning: eXIf: duplicate
libpng warning: eXIf: duplicate
libpng warning: eXIf: duplicate
libpng warning: eXIf: duplicate
libpng warning: eXIf: duplicate
libpng warning: eXIf: duplicate
libpng warning: eXIf: duplicate
libpng warning: eXIf: duplicate
libpng warning: eXIf: duplicate
libpng warning: eXIf: duplicate
libpng warning: eXIf: duplicate
libpng warning: eXIf: duplicate
libpng warning: eXIf: duplicate
libpng warning: eXIf: duplicate
libpng warning: eXIf: duplicate
libpng warning: eXIf: duplicate
libpng warning: eXIf: duplicate
libpng warning: eXIf: duplicate
libpng warning: eXIf: duplicate
libpng warning: eXIf: duplicate
libpng warning: eXIf: duplicate
libpng warning: eXIf: duplicate
libpng warning: eXIf: duplicate
libpng warning: eXIf: duplicate
libpng warning: eXIf: duplicate
libpng warning: eXIf: duplicate
libpng warning: eXIf: duplicate
libpng warning: eXIf: duplicate
libpng warning: eXIf: duplicate
libpng warning: eXIf: duplicate
libpng warning: eXIf: duplicate
libpng warning: eXIf: duplicate
libpng warning: eXIf: duplicate
libpng warning: eXIf: duplicate
libpng warning: eXIf: duplicate
libpng warning: eXIf: duplicate
libpng warning: eXIf: duplicate
libpng warning: eXIf: duplicate
libpng warning: eXIf: duplicate
libpng warning: eXIf: duplicate
libpng warning: eXIf: duplicate
libpng warning: eXIf: duplicate
libpng warning: eXIf: duplicate
libpng warning: eXIf: duplicate
libpng warning: eXIf: duplicate
libpng warning: eXIf: duplicate
libpng warning: eXIf: duplicate
libpng warning: eXIf: duplicate
libpng warning: eXIf: duplicate
libpng warning: eXIf: duplicate
libpng warning: eXIf: duplicate
libpng warning: eXIf: duplicate
libpng warning: eXIf: duplicate
libpng warning: eXIf: duplicate
libpng warning: eXIf: duplicate
libpng warning: eXIf: duplicate
libpng warning: eXIf: duplicate
libpng warning: eXIf: duplicate
libpng warning: eXIf: duplicate
libpng warning: eXIf: duplicate
libpng warning: eXIf: duplicate
libpng warning: eXIf: duplicate
libpng warning: eXIf: duplicate
libpng warning: eXIf: duplicate
libpng warning: eXIf: duplicate
libpng warning: eXIf: duplicate
libpng warning: eXIf: duplicate
libpng warning: eXIf: duplicate
libpng warning: eXIf: duplicate
libpng warning: eXIf: duplicate
libpng warning: eXIf: duplicate
libpng warning: eXIf: duplicate
libpng warning: eXIf: duplicate
libpng warning: eXIf: duplicate
libpng warning: eXIf: duplicate
libpng warning: eXIf: duplicate
libpng warning: eXIf: duplicate
libpng warning: eXIf: duplicate
libpng warning: eXIf: duplicate
libpng warning: eXIf: duplicate
libpng warning: eXIf: duplicate
libpng warning: eXIf: duplicate
libpng warning: eXIf: duplicate
libpng warning: eXIf: duplicate
libpng warning: eXIf: duplicate
libpng warning: eXIf: duplicate
libpng warning: eXIf: duplicate
libpng warning: eXIf: duplicate
libpng warning: eXIf: duplicate
libpng warning: eXIf: duplicate
libpng warning: eXIf: duplicate
libpng warning: eXIf: duplicate
libpng warning: eXIf: duplicate
libpng warning: eXIf: duplicate
libpng warning: eXIf: duplicate
libpng warning: eXIf: duplicate
libpng warning: eXIf: duplicate
libpng warning: eXIf: duplicate
libpng warning: eXIf: duplicate
libpng warning: eXIf: duplicate
libpng warning: eXIf: duplicate
libpng warning: eXIf: duplicate
libpng warning: eXIf: duplicate
libpng warning: eXIf: duplicate
libpng warning: eXIf: duplicate
libpng warning: eXIf: duplicate
libpng warning: eXIf: duplicate
libpng warning: eXIf: duplicate
libpng warning: eXIf: duplicate
libpng warning: eXIf: duplicate
libpng warning: eXIf: duplicate
libpng warning: eXIf: duplicate
libpng warning: eXIf: duplicate
libpng warning: eXIf: duplicate
libpng warning: eXIf: duplicate
libpng warning: eXIf: duplicate
libpng warning: eXIf: duplicate
libpng warning: eXIf: duplicate
libpng warning: eXIf: duplicate
libpng warning: eXIf: duplicate
libpng warning: eXIf: duplicate
libpng warning: eXIf: duplicate
libpng warning: eXIf: duplicate
libpng warning: eXIf: duplicate
libpng warning: eXIf: duplicate
libpng warning: eXIf: duplicate
libpng warning: eXIf: duplicate
libpng warning: eXIf: duplicate
libpng warning: eXIf: duplicate
libpng warning: eXIf: duplicate
libpng warning: eXIf: duplicate
libpng warning: eXIf: duplicate
libpng warning: eXIf: duplicate
libpng warning: eXIf: duplicate
libpng warning: eXIf: duplicate
libpng warning: eXIf: duplicate
libpng warning: eXIf: duplicate
libpng warning: eXIf: duplicate
libpng warning: eXIf: duplicate
libpng warning: eXIf: duplicate
libpng warning: eXIf: duplicate
libpng warning: eXIf: duplicate
libpng warning: eXIf: duplicate
libpng warning: eXIf: duplicate
libpng warning: eXIf: duplicate
libpng warning: eXIf: duplicate
libpng warning: eXIf: duplicate
libpng warning: eXIf: duplicate
libpng warning: eXIf: duplicate
libpng warning: eXIf: duplicate
libpng warning: eXIf: duplicate
libpng warning: eXIf: duplicate
libpng warning: eXIf: duplicate
libpng warning: eXIf: duplicate
libpng warning: eXIf: duplicate
libpng warning: eXIf: duplicate
libpng warning: eXIf: duplicate
libpng warning: eXIf: duplicate
libpng warning: eXIf: duplicate
libpng warning: eXIf: duplicate
libpng warning: eXIf: duplicate
libpng warning: eXIf: duplicate
libpng warning: eXIf: duplicate
libpng warning: eXIf: duplicate
libpng warning: eXIf: duplicate
libpng warning: eXIf: duplicate
libpng warning: eXIf: duplicate
libpng warning: eXIf: duplicate
libpng warning: eXIf: duplicate
libpng warning: eXIf: duplicate
libpng warning: eXIf: duplicate
libpng warning: eXIf: duplicate
libpng warning: eXIf: duplicate
libpng warning: eXIf: duplicate
libpng warning: eXIf: duplicate
libpng warning: eXIf: duplicate
libpng warning: eXIf: duplicate
libpng warning: eXIf: duplicate
libpng warning: eXIf: duplicate
libpng warning: eXIf: duplicate
libpng warning: eXIf: duplicate
libpng warning: eXIf: duplicate
libpng warning: eXIf: duplicate
libpng warning: eXIf: duplicate
libpng warning: eXIf: duplicate
libpng warning: eXIf: duplicate
libpng warning: eXIf: duplicate
libpng warning: eXIf: duplicate
libpng warning: eXIf: duplicate
libpng warning: eXIf: duplicate
libpng warning: eXIf: duplicate
libpng warning: eXIf: duplicate
libpng warning: eXIf: duplicate
libpng warning: eXIf: duplicate
libpng warning: eXIf: duplicate
libpng warning: eXIf: duplicate
libpng warning: eXIf: duplicate
libpng warning: eXIf: duplicate
libpng warning: eXIf: duplicate
libpng warning: eXIf: duplicate
libpng warning: eXIf: duplicate
libpng warning: eXIf: duplicate
libpng warning: eXIf: duplicate
libpng warning: eXIf: duplicate
libpng warning: eXIf: duplicate
libpng warning: eXIf: duplicate
libpng warning: eXIf: duplicate
libpng warning: eXIf: duplicate
libpng warning: eXIf: duplicate
libpng warning: eXIf: duplicate
libpng warning: eXIf: duplicate
libpng warning: eXIf: duplicate
libpng warning: eXIf: duplicate
libpng warning: eXIf: duplicate
libpng warning: eXIf: duplicate
libpng warning: eXIf: duplicate
libpng warning: eXIf: duplicate
libpng warning: eXIf: duplicate
libpng warning: eXIf: duplicate
libpng warning: eXIf: duplicate
libpng warning: eXIf: duplicate
libpng warning: eXIf: duplicate
libpng warning: eXIf: duplicate
libpng warning: eXIf: duplicate
libpng warning: eXIf: duplicate
libpng warning: eXIf: duplicate
libpng warning: eXIf: duplicate
libpng warning: eXIf: duplicate
libpng warning: eXIf: duplicate
libpng warning: eXIf: duplicate
libpng warning: eXIf: duplicate
libpng warning: eXIf: duplicate
libpng warning: eXIf: duplicate
libpng warning: eXIf: duplicate
libpng warning: eXIf: duplicate
libpng warning: eXIf: duplicate
libpng warning: eXIf: duplicate
libpng warning: eXIf: duplicate
libpng warning: eXIf: duplicate
libpng warning: eXIf: duplicate
libpng warning: eXIf: duplicate
libpng warning: eXIf: duplicate
libpng warning: eXIf: duplicate
libpng warning: eXIf: duplicate
libpng warning: eXIf: duplicate
libpng warning: eXIf: duplicate
libpng warning: eXIf: duplicate
libpng warning: eXIf: duplicate
libpng warning: eXIf: duplicate
libpng warning: eXIf: duplicate
libpng warning: eXIf: duplicate
libpng warning: eXIf: duplicate
libpng warning: eXIf: duplicate
libpng warning: eXIf: duplicate
libpng warning: eXIf: duplicate
libpng warning: eXIf: duplicate
libpng warning: eXIf: duplicate
libpng warning: eXIf: duplicate
libpng warning: eXIf: duplicate
libpng warning: eXIf: duplicate
libpng warning: eXIf: duplicate
libpng warning: eXIf: duplicate
libpng warning: eXIf: duplicate
libpng warning: eXIf: duplicate
libpng warning: eXIf: duplicate
libpng warning: eXIf: duplicate
libpng warning: eXIf: duplicate
libpng warning: eXIf: duplicate
libpng warning: eXIf: duplicate
libpng warning: eXIf: duplicate
libpng warning: eXIf: duplicate
libpng warning: eXIf: duplicate
libpng warning: eXIf: duplicate
libpng warning: eXIf: duplicate
libpng warning: eXIf: duplicate
libpng warning: eXIf: duplicate
libpng warning: eXIf: duplicate
libpng warning: eXIf: duplicate
libpng warning: eXIf: duplicate
libpng warning: eXIf: duplicate
libpng warning: eXIf: duplicate
libpng warning: eXIf: duplicate
libpng warning: eXIf: duplicate
libpng warning: eXIf: duplicate
libpng warning: eXIf: duplicate
libpng warning: eXIf: duplicate
libpng warning: eXIf: duplicate
libpng warning: eXIf: duplicate
libpng warning: eXIf: duplicate
libpng warning: eXIf: duplicate
libpng warning: eXIf: duplicate
libpng warning: eXIf: duplicate
libpng warning: eXIf: duplicate
libpng warning: eXIf: duplicate
libpng warning: eXIf: duplicate
libpng warning: eXIf: duplicate
libpng warning: eXIf: duplicate
libpng warning: eXIf: duplicate
libpng warning: eXIf: duplicate
libpng warning: eXIf: duplicate
libpng warning: eXIf: duplicate
libpng warning: eXIf: duplicate
libpng warning: eXIf: duplicate
libpng warning: eXIf: duplicate
libpng warning: eXIf: duplicate
libpng warning: eXIf: duplicate
libpng warning: eXIf: duplicate
libpng warning: eXIf: duplicate
libpng warning: eXIf: duplicate
libpng warning: eXIf: duplicate
libpng warning: eXIf: duplicate
libpng warning: eXIf: duplicate
libpng warning: eXIf: duplicate
libpng warning: eXIf: duplicate
libpng warning: eXIf: duplicate
libpng warning: eXIf: duplicate
libpng warning: eXIf: duplicate
libpng warning: eXIf: duplicate
libpng warning: eXIf: duplicate
libpng warning: eXIf: duplicate
libpng warning: eXIf: duplicate
libpng warning: eXIf: duplicate
libpng warning: eXIf: duplicate
libpng warning: eXIf: duplicate
libpng warning: eXIf: duplicate
libpng warning: eXIf: duplicate
libpng warning: eXIf: duplicate
libpng warning: eXIf: duplicate
libpng warning: eXIf: duplicate
libpng warning: eXIf: duplicate
libpng warning: eXIf: duplicate
libpng warning: eXIf: duplicate
libpng warning: eXIf: duplicate
libpng warning: eXIf: duplicate
libpng warning: eXIf: duplicate
libpng warning: eXIf: duplicate
libpng warning: eXIf: duplicate
libpng warning: eXIf: duplicate
libpng warning: eXIf: duplicate
libpng warning: eXIf: duplicate
libpng warning: eXIf: duplicate
libpng warning: eXIf: duplicate
libpng warning: eXIf: duplicate
libpng warning: eXIf: duplicate
libpng warning: eXIf: duplicate
libpng warning: eXIf: duplicate
libpng warning: eXIf: duplicate
libpng warning: eXIf: duplicate
libpng warning: eXIf: duplicate
libpng warning: eXIf: duplicate
libpng warning: eXIf: duplicate
libpng warning: eXIf: duplicate
libpng warning: eXIf: duplicate
libpng warning: eXIf: duplicate
libpng warning: eXIf: duplicate
libpng warning: eXIf: duplicate
libpng warning: eXIf: duplicate
libpng warning: eXIf: duplicate
libpng warning: eXIf: duplicate
libpng warning: eXIf: duplicate
libpng warning: eXIf: duplicate
libpng warning: eXIf: duplicate
libpng warning: eXIf: duplicate
libpng warning: eXIf: duplicate
libpng warning: eXIf: duplicate
libpng warning: eXIf: duplicate
libpng warning: eXIf: duplicate
libpng warning: eXIf: duplicate
libpng warning: eXIf: duplicate
libpng warning: eXIf: duplicate
libpng warning: eXIf: duplicate
libpng warning: eXIf: duplicate
libpng warning: eXIf: duplicate
libpng warning: eXIf: duplicate
libpng warning: eXIf: duplicate
libpng warning: eXIf: duplicate
libpng warning: eXIf: duplicate
libpng warning: eXIf: duplicate
libpng warning: eXIf: duplicate
libpng warning: eXIf: duplicate
libpng warning: eXIf: duplicate
libpng warning: eXIf: duplicate
libpng warning: eXIf: duplicate
libpng warning: eXIf: duplicate
libpng warning: eXIf: duplicate
libpng warning: eXIf: duplicate
libpng warning: eXIf: duplicate
libpng warning: eXIf: duplicate
libpng warning: eXIf: duplicate
libpng warning: eXIf: duplicate
libpng warning: eXIf: duplicate
libpng warning: eXIf: duplicate
libpng warning: eXIf: duplicate
libpng warning: eXIf: duplicate
libpng warning: eXIf: duplicate
libpng warning: eXIf: duplicate
libpng warning: eXIf: duplicate
libpng warning: eXIf: duplicate
libpng warning: eXIf: duplicate
libpng warning: eXIf: duplicate
libpng warning: eXIf: duplicate
libpng warning: eXIf: duplicate
libpng warning: eXIf: duplicate
libpng warning: eXIf: duplicate
libpng warning: eXIf: duplicate
libpng warning: eXIf: duplicate
libpng warning: eXIf: duplicate
libpng warning: eXIf: duplicate
libpng warning: eXIf: duplicate
libpng warning: eXIf: duplicate
libpng warning: eXIf: duplicate
libpng warning: eXIf: duplicate
libpng warning: eXIf: duplicate
libpng warning: eXIf: duplicate
libpng warning: eXIf: duplicate
libpng warning: eXIf: duplicate
libpng warning: eXIf: duplicate
libpng warning: eXIf: duplicate
libpng warning: eXIf: duplicate
libpng warning: eXIf: duplicate
libpng warning: eXIf: duplicate
libpng warning: eXIf: duplicate
libpng warning: eXIf: duplicate
libpng warning: eXIf: duplicate
libpng warning: eXIf: duplicate
libpng warning: eXIf: duplicate
libpng warning: eXIf: duplicate
libpng warning: eXIf: duplicate
libpng warning: eXIf: duplicate
libpng warning: eXIf: duplicate
libpng warning: eXIf: duplicate
libpng warning: eXIf: duplicate
libpng warning: eXIf: duplicate
libpng warning: eXIf: duplicate
libpng warning: eXIf: duplicate
libpng warning: eXIf: duplicate
libpng warning: eXIf: duplicate
libpng warning: eXIf: duplicate
libpng warning: eXIf: duplicate
libpng warning: eXIf: duplicate
libpng warning: eXIf: duplicate
libpng warning: eXIf: duplicate
libpng warning: eXIf: duplicate
libpng warning: eXIf: duplicate
libpng warning: eXIf: duplicate
libpng warning: eXIf: duplicate
libpng warning: eXIf: duplicate
libpng warning: eXIf: duplicate
libpng warning: eXIf: duplicate
libpng warning: eXIf: duplicate
libpng warning: eXIf: duplicate
libpng warning: eXIf: duplicate
libpng warning: eXIf: duplicate
libpng warning: eXIf: duplicate
libpng warning: eXIf: duplicate
libpng warning: eXIf: duplicate
libpng warning: eXIf: duplicate
libpng warning: eXIf: duplicate
libpng warning: eXIf: duplicate
libpng warning: eXIf: duplicate
libpng warning: eXIf: duplicate
libpng warning: eXIf: duplicate
libpng warning: eXIf: duplicate
libpng warning: eXIf: duplicate
libpng warning: eXIf: duplicate
libpng warning: eXIf: duplicate
libpng warning: eXIf: duplicate
libpng warning: eXIf: duplicate
libpng warning: eXIf: duplicate
libpng warning: eXIf: duplicate
libpng warning: eXIf: duplicate
libpng warning: eXIf: duplicate
libpng warning: eXIf: duplicate
libpng warning: eXIf: duplicate
libpng warning: eXIf: duplicate
libpng warning: eXIf: duplicate
libpng warning: eXIf: duplicate
libpng warning: eXIf: duplicate
libpng warning: eXIf: duplicate
libpng warning: eXIf: duplicate
libpng warning: eXIf: duplicate
libpng warning: eXIf: duplicate
libpng warning: eXIf: duplicate
libpng warning: eXIf: duplicate
libpng warning: eXIf: duplicate
libpng warning: eXIf: duplicate
libpng warning: eXIf: duplicate
libpng warning: eXIf: duplicate
libpng warning: eXIf: duplicate
libpng warning: eXIf: duplicate
libpng warning: eXIf: duplicate
libpng warning: eXIf: duplicate
libpng warning: eXIf: duplicate
libpng warning: eXIf: duplicate
libpng warning: eXIf: duplicate
libpng warning: eXIf: duplicate
libpng warning: eXIf: duplicate
libpng warning: eXIf: duplicate
libpng warning: eXIf: duplicate
libpng warning: eXIf: duplicate
libpng warning: eXIf: duplicate
libpng warning: eXIf: duplicate
libpng warning: eXIf: duplicate
libpng warning: eXIf: duplicate
libpng warning: eXIf: duplicate
libpng warning: eXIf: duplicate
libpng warning: eXIf: duplicate
libpng warning: eXIf: duplicate
libpng warning: eXIf: duplicate
libpng warning: eXIf: duplicate
libpng warning: eXIf: duplicate
libpng warning: eXIf: duplicate
libpng warning: eXIf: duplicate
libpng warning: eXIf: duplicate
libpng warning: eXIf: duplicate
libpng warning: eXIf: duplicate
libpng warning: eXIf: duplicate
libpng warning: eXIf: duplicate
libpng warning: eXIf: duplicate
libpng warning: eXIf: duplicate
libpng warning: eXIf: duplicate
libpng warning: eXIf: duplicate
libpng warning: eXIf: duplicate
libpng warning: eXIf: duplicate
libpng warning: eXIf: duplicate
libpng warning: eXIf: duplicate
libpng warning: eXIf: duplicate
libpng warning: eXIf: duplicate
libpng warning: eXIf: duplicate
libpng warning: eXIf: duplicate
libpng warning: eXIf: duplicate
libpng warning: eXIf: duplicate
libpng warning: eXIf: duplicate
libpng warning: eXIf: duplicate
libpng warning: eXIf: duplicate
libpng warning: eXIf: duplicate
libpng warning: eXIf: duplicate
libpng warning: eXIf: duplicate
libpng warning: eXIf: duplicate
libpng warning: eXIf: duplicate
libpng warning: eXIf: duplicate
libpng warning: eXIf: duplicate
libpng warning: eXIf: duplicate
libpng warning: eXIf: duplicate
libpng warning: eXIf: duplicate
libpng warning: eXIf: duplicate
libpng warning: eXIf: duplicate
libpng warning: eXIf: duplicate
libpng warning: eXIf: duplicate
libpng warning: eXIf: duplicate
libpng warning: eXIf: duplicate
libpng warning: eXIf: duplicate
libpng warning: eXIf: duplicate
libpng warning: eXIf: duplicate
libpng warning: eXIf: duplicate
libpng warning: eXIf: duplicate
libpng warning: eXIf: duplicate
libpng warning: eXIf: duplicate
libpng warning: eXIf: duplicate
libpng warning: eXIf: duplicate
libpng warning: eXIf: duplicate
libpng warning: eXIf: duplicate
libpng warning: eXIf: duplicate
libpng warning: eXIf: duplicate
libpng warning: eXIf: duplicate
libpng warning: eXIf: duplicate
libpng warning: eXIf: duplicate
libpng warning: eXIf: duplicate
libpng warning: eXIf: duplicate
libpng warning: eXIf: duplicate
libpng warning: eXIf: duplicate
libpng warning: eXIf: duplicate
libpng warning: eXIf: duplicate
libpng warning: eXIf: duplicate
libpng warning: eXIf: duplicate
libpng warning: eXIf: duplicate
libpng warning: eXIf: duplicate
libpng warning: eXIf: duplicate
libpng warning: eXIf: duplicate
libpng warning: eXIf: duplicate
libpng warning: eXIf: duplicate
libpng warning: eXIf: duplicate
libpng warning: eXIf: duplicate
libpng warning: eXIf: duplicate
libpng warning: eXIf: duplicate
libpng warning: eXIf: duplicate
libpng warning: eXIf: duplicate
libpng warning: eXIf: duplicate
libpng warning: eXIf: duplicate
libpng warning: eXIf: duplicate
libpng warning: eXIf: duplicate
libpng warning: eXIf: duplicate
libpng warning: eXIf: duplicate
libpng warning: eXIf: duplicate
libpng warning: eXIf: duplicate
libpng warning: eXIf: duplicate
libpng warning: eXIf: duplicate
libpng warning: eXIf: duplicate
libpng warning: eXIf: duplicate
libpng warning: eXIf: duplicate
libpng warning: eXIf: duplicate
libpng warning: eXIf: duplicate
libpng warning: eXIf: duplicate
libpng warning: eXIf: duplicate
libpng warning: eXIf: duplicate
libpng warning: eXIf: duplicate
libpng warning: eXIf: duplicate
libpng warning: eXIf: duplicate
libpng warning: eXIf: duplicate
libpng warning: eXIf: duplicate
libpng warning: eXIf: duplicate
libpng warning: eXIf: duplicate
 ['', '4T', 'CXY', 'MV-Painter', 'data', 'train_data']
alpha count: 233011 228324
reverse true
base dir name: ['', '4T', 'CXY', 'MV-Painter', 'data', 'train_data']
alpha count: 236199 217670
reverse true
base dir name: ['', '4T', 'CXY', 'MV-Painter', 'data', 'train_data']
alpha count: 199351 200389
reverse false
base dir name: ['', '4T', 'CXY', 'MV-Painter', 'data', 'train_data']
alpha count: 244058 214282
reverse true
base dir name: ['', '4T', 'CXY', 'MV-Painter', 'data', 'train_data']
alpha count: 218904 226178
reverse false
base dir name: ['', '4T', 'CXY', 'MV-Painter', 'data', 'train_data']
alpha count: 243543 235437
reverse true
base dir name: ['', '4T', 'CXY', 'MV-Painter', 'data', 'train_data']
alpha count: 230339 246396
reverse false
base dir name: ['', '4T', 'CXY', 'MV-Painter', 'data', 'train_data']
alpha count: 240144 249110
reverse false
base dir name: ['', '4T', 'CXY', 'MV-Painter', 'data', 'train_data']
alpha count: 210880 224968
reverse false
base dir name: ['', '4T', 'CXY', 'MV-Painter', 'data', 'train_data']
alpha count: 253914 257231
reverse false
base dir name: ['', '4T', 'CXY', 'MV-Painter', 'data', 'train_data']
alpha count: 244937 231434
reverse true
[680/2000] loss=0.1119 (ema 0.0866) lr=7.90e-05 grad=0.285 | fsc_modules=5.6e-03 gsg_modules=2.4e-01 ltag=2.0e-02 | 1.1s
base dir name: ['', '4T', 'CXY', 'MV-Painter', 'data', 'train_data']
alpha count: 223429 228514
reverse false
base dir name: ['', '4T', 'CXY', 'MV-Painter', 'data', 'train_data']
alpha count: 245178 200019
reverse true
base dir name: ['', '4T', 'CXY', 'MV-Painter', 'data', 'train_data']
alpha count: 239219 251261
reverse false
base dir name: ['', '4T', 'CXY', 'MV-Painter', 'data', 'train_data']
alpha count: 253112 245155
reverse true
base dir name: ['', '4T', 'CXY', 'MV-Painter', 'data', 'train_data']
alpha count: 250906 230310
reverse true
base dir name: ['', '4T', 'CXY', 'MV-Painter', 'data', 'train_data']
alpha count: 249633 195252
reverse true
base dir name: ['', '4T', 'CXY', 'MV-Painter', 'data', 'train_data']
alpha count: 256320 243155
reverse true
base dir name: ['', '4T', 'CXY', 'MV-Painter', 'data', 'train_data']
alpha count: 227756 233898
reverse false
base dir name: ['', '4T', 'CXY', 'MV-Painter', 'data', 'train_data']
alpha count: 220172 204578
reverse true
base dir name: ['', '4T', 'CXY', 'MV-Painter', 'data', 'train_data']
alpha count: 257068 242645
reverse true
base dir name: ['', '4T', 'CXY', 'MV-Painter', 'data', 'train_data']
alpha count: 211243 211129
reverse true
base dir name: ['', '4T', 'CXY', 'MV-Painter', 'data', 'train_data']
alpha count: 209524 224842
reverse false
base dir name: ['', '4T', 'CXY', 'MV-Painter', 'data', 'train_data']
alpha count: 247142 247472
reverse false
base dir name: ['', '4T', 'CXY', 'MV-Painter', 'data', 'train_data']
alpha count: 240539 231607
reverse true
base dir name: ['', '4T', 'CXY', 'MV-Painter', 'data', 'train_data']
alpha count: 227239 225664
reverse true
base dir name: ['', '4T', 'CXY', 'MV-Painter', 'data', 'train_data']
alpha count: 194527 193053
reverse true
base dir name: ['', '4T', 'CXY', 'MV-Painter', 'data', 'train_data']
alpha count: 200428 230150
reverse false
base dir name: ['', '4T', 'CXY', 'MV-Painter', 'data', 'train_data']
alpha count: 249315 249696
reverse false
base dir name: ['', '4T', 'CXY', 'MV-Painter', 'data', 'train_data']
alpha count: 183754 176562
reverse true
base dir name: ['', '4T', 'CXY', 'MV-Painter', 'data', 'train_data']
alpha count: 231152 200927
reverse true
[700/2000] loss=0.0115 (ema 0.0810) lr=7.76e-05 grad=0.345 | fsc_modules=1.2e-02 gsg_modules=2.2e-01 ltag=3.3e-02 | 1.5s
base dir name: ['', '4T', 'CXY', 'MV-Painter', 'data', 'train_data']
alpha count: 216519 220706
reverse false
base dir name: ['', '4T', 'CXY', 'MV-Painter', 'data', 'train_data']
alpha count: 209254 208997
reverse true
base dir name: ['', '4T', 'CXY', 'MV-Painter', 'data', 'train_data']
alpha count: 204524 201299
reverse true
base dir name: ['', '4T', 'CXY', 'MV-Painter', 'data', 'train_data']
alpha count: 253478 228015
reverse true
base dir name: ['', '4T', 'CXY', 'MV-Painter', 'data', 'train_data']
alpha count: 242984 239072
reverse true
base dir name: ['', '4T', 'CXY', 'MV-Painter', 'data', 'train_data']
alpha count: 241431 241429
reverse true
base dir name: ['', '4T', 'CXY', 'MV-Painter', 'data', 'train_data']
alpha count: 262144 262144
reverse false
OpenCV(4.13.0) /io/opencv/modules/imgproc/src/resize.cpp:4208: error: (-215:Assertion failed) !ssize.empty() in function 'resize'

wrong path: /4T/CXY/MV-Painter/data/train_data/rendered_full/8a6047bf717740ca9c369ca8a528acdd/image
base dir name: ['', '4T', 'CXY', 'MV-Painter', 'data', 'train_data']
alpha count: 204524 201299
reverse true
base dir name: ['', '4T', 'CXY', 'MV-Painter', 'data', 'train_data']
alpha count: 223388 247071
reverse false
base dir name: ['', '4T', 'CXY', 'MV-Painter', 'data', 'train_data']
alpha count: 245410 257575
reverse false
base dir name: ['', '4T', 'CXY', 'MV-Painter', 'data', 'train_data']
alpha count: 171191 169260
reverse true
base dir name: ['', '4T', 'CXY', 'MV-Painter', 'data', 'train_data']
alpha count: 182341 191185
reverse false
base dir name: ['', '4T', 'CXY', 'MV-Painter', 'data', 'train_data']
alpha count: 254217 259991
reverse false
base dir name: ['', '4T', 'CXY', 'MV-Painter', 'data', 'train_data']
alpha count: 198456 201945
reverse false
base dir name: ['', '4T', 'CXY', 'MV-Painter', 'data', 'train_data']
alpha count: 195552 208607
reverse false
base dir name: ['', '4T', 'CXY', 'MV-Painter', 'data', 'train_data']
alpha count: 252374 258959
reverse false
base dir name: ['', '4T', 'CXY', 'MV-Painter', 'data', 'train_data']
alpha count: 219457 249106
reverse false
base dir name: ['', '4T', 'CXY', 'MV-Painter', 'data', 'train_data']
alpha count: 230663 203748
reverse true
base dir name: ['', '4T', 'CXY', 'MV-Painter', 'data', 'train_data']
alpha count: 243120 242596
reverse true
base dir name: ['', '4T', 'CXY', 'MV-Painter', 'data', 'train_data']
alpha count: 215775 214758
reverse true
base dir name: ['', '4T', 'CXY', 'MV-Painter', 'data', 'train_data']
alpha count: 240335 190428
reverse true
[720/2000] loss=0.1565 (ema 0.0858) lr=7.63e-05 grad=0.038 | fsc_modules=1.8e-03 gsg_modules=2.6e-02 ltag=3.5e-03 | 1.1s
base dir name: ['', '4T', 'CXY', 'MV-Painter', 'data', 'train_data']
alpha count: 257723 232382
reverse true
base dir name: ['', '4T', 'CXY', 'MV-Painter', 'data', 'train_data']
alpha count: 214371 196879
reverse true
base dir name: ['', '4T', 'CXY', 'MV-Painter', 'data', 'train_data']
alpha count: 247648 254581
reverse false
base dir name: ['', '4T', 'CXY', 'MV-Painter', 'data', 'train_data']
alpha count: 245154 223346
reverse true
base dir name: ['', '4T', 'CXY', 'MV-Painter', 'data', 'train_data']
alpha count: 214354 181836
reverse true
base dir name: ['', '4T', 'CXY', 'MV-Painter', 'data', 'train_data']
alpha count: 225714 209522
reverse true
base dir name: ['', '4T', 'CXY', 'MV-Painter', 'data', 'train_data']
alpha count: 193096 156266
reverse true
base dir name: ['', '4T', 'CXY', 'MV-Painter', 'data', 'train_data']
alpha count: 228780 224545
reverse true
base dir name: ['', '4T', 'CXY', 'MV-Painter', 'data', 'train_data']
alpha count: 199131 189179
reverse true
base dir name: ['', '4T', 'CXY', 'MV-Painter', 'data', 'train_data']
alpha count: 167527 178893
reverse false
base dir name: ['', '4T', 'CXY', 'MV-Painter', 'data', 'train_data']
alpha count: 247975 260022
reverse false
base dir name: ['', '4T', 'CXY', 'MV-Painter', 'data', 'train_data']
alpha count: 243005 227878
reverse true
base dir name: ['', '4T', 'CXY', 'MV-Painter', 'data', 'train_data']
alpha count: 228542 233218
reverse false
base dir name: ['', '4T', 'CXY', 'MV-Painter', 'data', 'train_data']
alpha count: 230409 215624
reverse true
base dir name: ['', '4T', 'CXY', 'MV-Painter', 'data', 'train_data']
alpha count: 221293 229761
reverse false
base dir name: ['', '4T', 'CXY', 'MV-Painter', 'data', 'train_data']
alpha count: 217319 203922
reverse true
base dir name: ['', '4T', 'CXY', 'MV-Painter', 'data', 'train_data']
alpha count: 198917 210640
reverse false
base dir name: ['', '4T', 'CXY', 'MV-Painter', 'data', 'train_data']libpng warning: eXIf: duplicate
libpng warning: eXIf: duplicate
libpng warning: eXIf: duplicate
libpng warning: eXIf: duplicate
libpng warning: eXIf: duplicate
libpng warning: eXIf: duplicate
libpng warning: eXIf: duplicate
libpng warning: eXIf: duplicate
libpng warning: eXIf: duplicate
libpng warning: eXIf: duplicate
libpng warning: eXIf: duplicate
libpng warning: eXIf: duplicate
libpng warning: eXIf: duplicate
libpng warning: eXIf: duplicate
libpng warning: eXIf: duplicate
libpng warning: eXIf: duplicate
libpng warning: eXIf: duplicate
libpng warning: eXIf: duplicate
libpng warning: eXIf: duplicate
libpng warning: eXIf: duplicate
libpng warning: eXIf: duplicate
libpng warning: eXIf: duplicate
libpng warning: eXIf: duplicate
libpng warning: eXIf: duplicate
libpng warning: eXIf: duplicate
libpng warning: eXIf: duplicate
libpng warning: eXIf: duplicate
libpng warning: eXIf: duplicate
libpng warning: eXIf: duplicate
libpng warning: eXIf: duplicate
libpng warning: eXIf: duplicate
libpng warning: eXIf: duplicate
libpng warning: eXIf: duplicate
libpng warning: eXIf: duplicate
libpng warning: eXIf: duplicate
libpng warning: eXIf: duplicate
libpng warning: eXIf: duplicate
libpng warning: eXIf: duplicate
libpng warning: eXIf: duplicate
libpng warning: eXIf: duplicate
libpng warning: eXIf: duplicate
libpng warning: eXIf: duplicate
libpng warning: eXIf: duplicate
libpng warning: eXIf: duplicate
libpng warning: eXIf: duplicate
libpng warning: eXIf: duplicate
libpng warning: eXIf: duplicate
libpng warning: eXIf: duplicate
libpng warning: eXIf: duplicate
libpng warning: eXIf: duplicate
libpng warning: eXIf: duplicate
libpng warning: eXIf: duplicate
libpng warning: eXIf: duplicate
libpng warning: eXIf: duplicate
libpng warning: eXIf: duplicate
libpng warning: eXIf: duplicate
libpng warning: eXIf: duplicate
libpng warning: eXIf: duplicate
libpng warning: eXIf: duplicate
libpng warning: eXIf: duplicate
libpng warning: eXIf: duplicate
libpng warning: eXIf: duplicate
libpng warning: eXIf: duplicate
libpng warning: eXIf: duplicate
libpng warning: eXIf: duplicate
libpng warning: eXIf: duplicate
libpng warning: eXIf: duplicate
libpng warning: eXIf: duplicate
libpng warning: eXIf: duplicate
libpng warning: eXIf: duplicate
libpng warning: eXIf: duplicate
libpng warning: eXIf: duplicate
libpng warning: eXIf: duplicate
libpng warning: eXIf: duplicate
libpng warning: eXIf: duplicate
libpng warning: eXIf: duplicate
libpng warning: eXIf: duplicate
libpng warning: eXIf: duplicate
libpng warning: eXIf: duplicate
libpng warning: eXIf: duplicate
libpng warning: eXIf: duplicate
libpng warning: eXIf: duplicate
libpng warning: eXIf: duplicate
libpng warning: eXIf: duplicate
libpng warning: eXIf: duplicate
libpng warning: eXIf: duplicate
libpng warning: eXIf: duplicate
libpng warning: eXIf: duplicate
libpng warning: eXIf: duplicate
libpng warning: eXIf: duplicate
libpng warning: eXIf: duplicate
libpng warning: eXIf: duplicate
libpng warning: eXIf: duplicate
libpng warning: eXIf: duplicate
libpng warning: eXIf: duplicate
libpng warning: eXIf: duplicate
libpng warning: eXIf: duplicate
libpng warning: eXIf: duplicate
libpng warning: eXIf: duplicate
libpng warning: eXIf: duplicate
libpng warning: eXIf: duplicate
libpng warning: eXIf: duplicate
libpng warning: eXIf: duplicate
libpng warning: eXIf: duplicate
libpng warning: eXIf: duplicate
libpng warning: eXIf: duplicate
libpng warning: eXIf: duplicate
libpng warning: eXIf: duplicate
libpng warning: eXIf: duplicate
libpng warning: eXIf: duplicate
libpng warning: eXIf: duplicate
libpng warning: eXIf: duplicate
libpng warning: eXIf: duplicate
libpng warning: eXIf: duplicate
libpng warning: eXIf: duplicate
libpng warning: eXIf: duplicate
libpng warning: eXIf: duplicate
libpng warning: eXIf: duplicate
libpng warning: eXIf: duplicate
libpng warning: eXIf: duplicate
libpng warning: eXIf: duplicate
libpng warning: eXIf: duplicate
libpng warning: eXIf: duplicate
libpng warning: eXIf: duplicate
libpng warning: eXIf: duplicate
libpng warning: eXIf: duplicate
libpng warning: eXIf: duplicate
libpng warning: eXIf: duplicate
libpng warning: eXIf: duplicate
libpng warning: eXIf: duplicate
libpng warning: eXIf: duplicate
libpng warning: eXIf: duplicate
libpng warning: eXIf: duplicate
libpng warning: eXIf: duplicate
libpng warning: eXIf: duplicate
libpng warning: eXIf: duplicate
libpng warning: eXIf: duplicate
libpng warning: eXIf: duplicate
libpng warning: eXIf: duplicate
libpng warning: eXIf: duplicate
libpng warning: eXIf: duplicate
libpng warning: eXIf: duplicate
libpng warning: eXIf: duplicate
libpng warning: eXIf: duplicate
libpng warning: eXIf: duplicate
libpng warning: eXIf: duplicate
libpng warning: eXIf: duplicate
libpng warning: eXIf: duplicate
libpng warning: eXIf: duplicate
libpng warning: eXIf: duplicate
libpng warning: eXIf: duplicate
libpng warning: eXIf: duplicate
libpng warning: eXIf: duplicate
libpng warning: eXIf: duplicate
libpng warning: eXIf: duplicate
libpng warning: eXIf: duplicate
libpng warning: eXIf: duplicate
libpng warning: eXIf: duplicate
libpng warning: eXIf: duplicate
libpng warning: eXIf: duplicate
libpng warning: eXIf: duplicate
libpng warning: eXIf: duplicate
libpng warning: eXIf: duplicate
libpng warning: eXIf: duplicate
libpng warning: eXIf: duplicate
libpng warning: eXIf: duplicate
libpng warning: eXIf: duplicate
libpng warning: eXIf: duplicate
libpng warning: eXIf: duplicate
libpng warning: eXIf: duplicate
libpng warning: eXIf: duplicate
libpng warning: eXIf: duplicate
libpng warning: eXIf: duplicate
libpng warning: eXIf: duplicate
libpng warning: eXIf: duplicate
libpng warning: eXIf: duplicate
libpng warning: eXIf: duplicate
libpng warning: eXIf: duplicate
libpng warning: eXIf: duplicate
libpng warning: eXIf: duplicate
libpng warning: eXIf: duplicate
libpng warning: eXIf: duplicate
libpng warning: eXIf: duplicate
libpng warning: eXIf: duplicate
libpng warning: eXIf: duplicate
libpng warning: eXIf: duplicate
libpng warning: eXIf: duplicate
libpng warning: eXIf: duplicate
libpng warning: eXIf: duplicate
libpng warning: eXIf: duplicate
libpng warning: eXIf: duplicate
libpng warning: eXIf: duplicate
libpng warning: eXIf: duplicate
libpng warning: eXIf: duplicate
libpng warning: eXIf: duplicate
libpng warning: eXIf: duplicate
libpng warning: eXIf: duplicate
libpng warning: eXIf: duplicate
libpng warning: eXIf: duplicate
libpng warning: eXIf: duplicate
libpng warning: eXIf: duplicate
libpng warning: eXIf: duplicate
libpng warning: eXIf: duplicate
libpng warning: eXIf: duplicate
libpng warning: eXIf: duplicate
libpng warning: eXIf: duplicate
libpng warning: eXIf: duplicate
libpng warning: eXIf: duplicate
libpng warning: eXIf: duplicate
libpng warning: eXIf: duplicate
libpng warning: eXIf: duplicate
libpng warning: eXIf: duplicate
libpng warning: eXIf: duplicate
libpng warning: eXIf: duplicate
libpng warning: eXIf: duplicate
libpng warning: eXIf: duplicate
libpng warning: eXIf: duplicate
libpng warning: eXIf: duplicate
libpng warning: eXIf: duplicate
libpng warning: eXIf: duplicate
libpng warning: eXIf: duplicate
libpng warning: eXIf: duplicate
libpng warning: eXIf: duplicate
libpng warning: eXIf: duplicate
libpng warning: eXIf: duplicate
libpng warning: eXIf: duplicate
libpng warning: eXIf: duplicate
libpng warning: eXIf: duplicate
libpng warning: eXIf: duplicate
libpng warning: eXIf: duplicate
libpng warning: eXIf: duplicate
libpng warning: eXIf: duplicate
libpng warning: eXIf: duplicate
libpng warning: eXIf: duplicate
libpng warning: eXIf: duplicate
libpng warning: eXIf: duplicate
libpng warning: eXIf: duplicate
libpng warning: eXIf: duplicate
libpng warning: eXIf: duplicate
libpng warning: eXIf: duplicate
libpng warning: eXIf: duplicate
libpng warning: eXIf: duplicate
libpng warning: eXIf: duplicate
libpng warning: eXIf: duplicate
libpng warning: eXIf: duplicate
libpng warning: eXIf: duplicate
libpng warning: eXIf: duplicate
libpng warning: eXIf: duplicate
libpng warning: eXIf: duplicate
libpng warning: eXIf: duplicate
libpng warning: eXIf: duplicate
libpng warning: eXIf: duplicate
libpng warning: eXIf: duplicate
libpng warning: eXIf: duplicate
libpng warning: eXIf: duplicate
libpng warning: eXIf: duplicate
libpng warning: eXIf: duplicate
libpng warning: eXIf: duplicate
libpng warning: eXIf: duplicate
libpng warning: eXIf: duplicate
libpng warning: eXIf: duplicate
libpng warning: eXIf: duplicate
libpng warning: eXIf: duplicate
libpng warning: eXIf: duplicate
libpng warning: eXIf: duplicate
libpng warning: eXIf: duplicate
libpng warning: eXIf: duplicate
libpng warning: eXIf: duplicate
libpng warning: eXIf: duplicate
libpng warning: eXIf: duplicate
libpng warning: eXIf: duplicate
libpng warning: eXIf: duplicate
libpng warning: eXIf: duplicate
libpng warning: eXIf: duplicate
libpng warning: eXIf: duplicate
libpng warning: eXIf: duplicate
libpng warning: eXIf: duplicate
libpng warning: eXIf: duplicate
libpng warning: eXIf: duplicate
libpng warning: eXIf: duplicate
libpng warning: eXIf: duplicate
libpng warning: eXIf: duplicate
libpng warning: eXIf: duplicate
libpng warning: eXIf: duplicate
libpng warning: eXIf: duplicate
libpng warning: eXIf: duplicate
libpng warning: eXIf: duplicate
libpng warning: eXIf: duplicate
libpng warning: eXIf: duplicate
libpng warning: eXIf: duplicate
libpng warning: eXIf: duplicate
libpng warning: eXIf: duplicate
libpng warning: eXIf: duplicate
libpng warning: eXIf: duplicate
libpng warning: eXIf: duplicate
libpng warning: eXIf: duplicate
libpng warning: eXIf: duplicate
libpng warning: eXIf: duplicate
libpng warning: eXIf: duplicate
libpng warning: eXIf: duplicate
libpng warning: eXIf: duplicate
libpng warning: eXIf: duplicate
libpng warning: eXIf: duplicate
libpng warning: eXIf: duplicate
libpng warning: eXIf: duplicate
libpng warning: eXIf: duplicate
libpng warning: eXIf: duplicate
libpng warning: eXIf: duplicate
libpng warning: eXIf: duplicate
libpng warning: eXIf: duplicate
libpng warning: eXIf: duplicate
libpng warning: eXIf: duplicate
libpng warning: eXIf: duplicate
libpng warning: eXIf: duplicate
libpng warning: eXIf: duplicate
libpng warning: eXIf: duplicate
libpng warning: eXIf: duplicate
libpng warning: eXIf: duplicate
libpng warning: eXIf: duplicate
libpng warning: eXIf: duplicate
libpng warning: eXIf: duplicate
libpng warning: eXIf: duplicate
libpng warning: eXIf: duplicate
libpng warning: eXIf: duplicate
libpng warning: eXIf: duplicate
libpng warning: eXIf: duplicate
libpng warning: eXIf: duplicate
libpng warning: eXIf: duplicate
libpng warning: eXIf: duplicate
libpng warning: eXIf: duplicate
libpng warning: eXIf: duplicate
libpng warning: eXIf: duplicate
libpng warning: eXIf: duplicate
libpng warning: eXIf: duplicate
libpng warning: eXIf: duplicate
libpng warning: eXIf: duplicate
libpng warning: eXIf: duplicate
libpng warning: eXIf: duplicate
libpng warning: eXIf: duplicate
libpng warning: eXIf: duplicate
libpng warning: eXIf: duplicate
libpng warning: eXIf: duplicate
libpng warning: eXIf: duplicate
libpng warning: eXIf: duplicate
libpng warning: eXIf: duplicate
libpng warning: eXIf: duplicate
libpng warning: eXIf: duplicate
libpng warning: eXIf: duplicate
libpng warning: eXIf: duplicate
libpng warning: eXIf: duplicate
libpng warning: eXIf: duplicate
libpng warning: eXIf: duplicate
libpng warning: eXIf: duplicate
libpng warning: eXIf: duplicate
libpng warning: eXIf: duplicate
libpng warning: eXIf: duplicate
libpng warning: eXIf: duplicate
libpng warning: eXIf: duplicate
libpng warning: eXIf: duplicate
libpng warning: eXIf: duplicate
libpng warning: eXIf: duplicate
libpng warning: eXIf: duplicate
libpng warning: eXIf: duplicate
libpng warning: eXIf: duplicate
libpng warning: eXIf: duplicate
libpng warning: eXIf: duplicate
libpng warning: eXIf: duplicate
libpng warning: eXIf: duplicate
libpng warning: eXIf: duplicate
libpng warning: eXIf: duplicate
libpng warning: eXIf: duplicate
libpng warning: eXIf: duplicate
libpng warning: eXIf: duplicate
libpng warning: eXIf: duplicate
libpng warning: eXIf: duplicate
libpng warning: eXIf: duplicate
libpng warning: eXIf: duplicate
libpng warning: eXIf: duplicate
libpng warning: eXIf: duplicate
libpng warning: eXIf: duplicate
libpng warning: eXIf: duplicate
libpng warning: eXIf: duplicate
libpng warning: eXIf: duplicate
libpng warning: eXIf: duplicate
libpng warning: eXIf: duplicate
libpng warning: eXIf: duplicate
libpng warning: eXIf: duplicate
libpng warning: eXIf: duplicate
libpng warning: eXIf: duplicate
libpng warning: eXIf: duplicate
libpng warning: eXIf: duplicate
libpng warning: eXIf: duplicate
libpng warning: eXIf: duplicate
libpng warning: eXIf: duplicate
libpng warning: eXIf: duplicate
libpng warning: eXIf: duplicate
libpng warning: eXIf: duplicate
libpng warning: eXIf: duplicate
libpng warning: eXIf: duplicate
libpng warning: eXIf: duplicate
libpng warning: eXIf: duplicate
libpng warning: eXIf: duplicate
libpng warning: eXIf: duplicate
libpng warning: eXIf: duplicate
libpng warning: eXIf: duplicate
libpng warning: eXIf: duplicate
libpng warning: eXIf: duplicate
libpng warning: eXIf: duplicate
libpng warning: eXIf: duplicate
libpng warning: eXIf: duplicate
libpng warning: eXIf: duplicate
libpng warning: eXIf: duplicate
libpng warning: eXIf: duplicate
libpng warning: eXIf: duplicate
libpng warning: eXIf: duplicate
libpng warning: eXIf: duplicate
libpng warning: eXIf: duplicate
libpng warning: eXIf: duplicate
libpng warning: eXIf: duplicate
libpng warning: eXIf: duplicate
libpng warning: eXIf: duplicate
libpng warning: eXIf: duplicate
libpng warning: eXIf: duplicate
libpng warning: eXIf: duplicate
libpng warning: eXIf: duplicate
libpng warning: eXIf: duplicate
libpng warning: eXIf: duplicate
libpng warning: eXIf: duplicate
libpng warning: eXIf: duplicate
libpng warning: eXIf: duplicate
libpng warning: eXIf: duplicate
libpng warning: eXIf: duplicate
libpng warning: eXIf: duplicate
libpng warning: eXIf: duplicate
libpng warning: eXIf: duplicate
libpng warning: eXIf: duplicate
libpng warning: eXIf: duplicate
libpng warning: eXIf: duplicate
libpng warning: eXIf: duplicate
libpng warning: eXIf: duplicate
libpng warning: eXIf: duplicate
libpng warning: eXIf: duplicate
libpng warning: eXIf: duplicate
libpng warning: eXIf: duplicate
libpng warning: eXIf: duplicate
libpng warning: eXIf: duplicate
libpng warning: eXIf: duplicate
libpng warning: eXIf: duplicate
libpng warning: eXIf: duplicate
libpng warning: eXIf: duplicate
libpng warning: eXIf: duplicate
libpng warning: eXIf: duplicate
libpng warning: eXIf: duplicate
libpng warning: eXIf: duplicate
libpng warning: eXIf: duplicate
libpng warning: eXIf: duplicate
libpng warning: eXIf: duplicate
libpng warning: eXIf: duplicate
libpng warning: eXIf: duplicate
libpng warning: eXIf: duplicate
libpng warning: eXIf: duplicate
libpng warning: eXIf: duplicate
libpng warning: eXIf: duplicate
libpng warning: eXIf: duplicate
libpng warning: eXIf: duplicate
libpng warning: eXIf: duplicate
libpng warning: eXIf: duplicate
libpng warning: eXIf: duplicate
libpng warning: eXIf: duplicate
libpng warning: eXIf: duplicate
libpng warning: eXIf: duplicate
libpng warning: eXIf: duplicate
libpng warning: eXIf: duplicate
libpng warning: eXIf: duplicate
libpng warning: eXIf: duplicate
libpng warning: eXIf: duplicate
libpng warning: eXIf: duplicate
libpng warning: eXIf: duplicate
libpng warning: eXIf: duplicate
libpng warning: eXIf: duplicate
libpng warning: eXIf: duplicate
libpng warning: eXIf: duplicate
libpng warning: eXIf: duplicate
libpng warning: eXIf: duplicate
libpng warning: eXIf: duplicate
libpng warning: eXIf: duplicate
libpng warning: eXIf: duplicate
libpng warning: eXIf: duplicate
libpng warning: eXIf: duplicate
libpng warning: eXIf: duplicate
libpng warning: eXIf: duplicate
libpng warning: eXIf: duplicate
libpng warning: eXIf: duplicate
libpng warning: eXIf: duplicate
libpng warning: eXIf: duplicate
libpng warning: eXIf: duplicate
libpng warning: eXIf: duplicate
libpng warning: eXIf: duplicate
libpng warning: eXIf: duplicate
libpng warning: eXIf: duplicate
libpng warning: eXIf: duplicate
libpng warning: eXIf: duplicate
libpng warning: eXIf: duplicate
libpng warning: eXIf: duplicate
libpng warning: eXIf: duplicate
libpng warning: eXIf: duplicate
libpng warning: eXIf: duplicate
libpng warning: eXIf: duplicate
libpng warning: eXIf: duplicate
libpng warning: eXIf: duplicate
libpng warning: eXIf: duplicate
libpng warning: eXIf: duplicate
libpng warning: eXIf: duplicate
libpng warning: eXIf: duplicate
libpng warning: eXIf: duplicate
libpng warning: eXIf: duplicate
libpng warning: eXIf: duplicate
libpng warning: eXIf: duplicate
libpng warning: eXIf: duplicate
libpng warning: eXIf: duplicate
libpng warning: eXIf: duplicate
libpng warning: eXIf: duplicate
libpng warning: eXIf: duplicate
libpng warning: eXIf: duplicate
libpng warning: eXIf: duplicate
libpng warning: eXIf: duplicate
libpng warning: eXIf: duplicate
libpng warning: eXIf: duplicate
libpng warning: eXIf: duplicate
libpng warning: eXIf: duplicate
libpng warning: eXIf: duplicate
libpng warning: eXIf: duplicate
libpng warning: eXIf: duplicate
libpng warning: eXIf: duplicate
libpng warning: eXIf: duplicate
libpng warning: eXIf: duplicate
libpng warning: eXIf: duplicate
libpng warning: eXIf: duplicate
libpng warning: eXIf: duplicate
libpng warning: eXIf: duplicate
libpng warning: eXIf: duplicate
libpng warning: eXIf: duplicate
libpng warning: eXIf: duplicate
libpng warning: eXIf: duplicate
libpng warning: eXIf: duplicate
libpng warning: eXIf: duplicate
libpng warning: eXIf: duplicate
libpng warning: eXIf: duplicate
libpng warning: eXIf: duplicate
libpng warning: eXIf: duplicate
libpng warning: eXIf: duplicate
libpng warning: eXIf: duplicate
libpng warning: eXIf: duplicate
libpng warning: eXIf: duplicate
libpng warning: eXIf: duplicate
libpng warning: eXIf: duplicate
libpng warning: eXIf: duplicate
libpng warning: eXIf: duplicate
libpng warning: eXIf: duplicate
libpng warning: eXIf: duplicate
libpng warning: eXIf: duplicate
libpng warning: eXIf: duplicate
libpng warning: eXIf: duplicate
libpng warning: eXIf: duplicate
libpng warning: eXIf: duplicate
libpng warning: eXIf: duplicate
libpng warning: eXIf: duplicate
libpng warning: eXIf: duplicate
libpng warning: eXIf: duplicate
libpng warning: eXIf: duplicate
libpng warning: eXIf: duplicate
libpng warning: eXIf: duplicate
libpng warning: eXIf: duplicate
libpng warning: eXIf: duplicate
libpng warning: eXIf: duplicate
libpng warning: eXIf: duplicate
libpng warning: eXIf: duplicate
libpng warning: eXIf: duplicate
libpng warning: eXIf: duplicate
libpng warning: eXIf: duplicate
libpng warning: eXIf: duplicate
libpng warning: eXIf: duplicate
libpng warning: eXIf: duplicate
libpng warning: eXIf: duplicate
libpng warning: eXIf: duplicate
libpng warning: eXIf: duplicate
libpng warning: eXIf: duplicate
libpng warning: eXIf: duplicate
libpng warning: eXIf: duplicate
libpng warning: eXIf: duplicate
libpng warning: eXIf: duplicate
libpng warning: eXIf: duplicate
libpng warning: eXIf: duplicate
libpng warning: eXIf: duplicate
libpng warning: eXIf: duplicate
libpng warning: eXIf: duplicate
libpng warning: eXIf: duplicate
libpng warning: eXIf: duplicate
libpng warning: eXIf: duplicate
libpng warning: eXIf: duplicate
libpng warning: eXIf: duplicate
libpng warning: eXIf: duplicate
libpng warning: eXIf: duplicate
libpng warning: eXIf: duplicate
libpng warning: eXIf: duplicate
libpng warning: eXIf: duplicate
libpng warning: eXIf: duplicate
libpng warning: eXIf: duplicate
libpng warning: eXIf: duplicate
libpng warning: eXIf: duplicate
libpng warning: eXIf: duplicate
libpng warning: eXIf: duplicate
libpng warning: eXIf: duplicate
libpng warning: eXIf: duplicate
libpng warning: eXIf: duplicate
libpng warning: eXIf: duplicate
libpng warning: eXIf: duplicate
libpng warning: eXIf: duplicate
libpng warning: eXIf: duplicate
libpng warning: eXIf: duplicate
libpng warning: eXIf: duplicate
libpng warning: eXIf: duplicate
libpng warning: eXIf: duplicate
libpng warning: eXIf: duplicate
libpng warning: eXIf: duplicate
libpng warning: eXIf: duplicate
libpng warning: eXIf: duplicate
libpng warning: eXIf: duplicate
libpng warning: eXIf: duplicate
libpng warning: eXIf: duplicate
libpng warning: eXIf: duplicate
libpng warning: eXIf: duplicate

alpha count: 189405 217226
reverse false
base dir name: ['', '4T', 'CXY', 'MV-Painter', 'data', 'train_data']
alpha count: 239657 252438
reverse false
base dir name: ['', '4T', 'CXY', 'MV-Painter', 'data', 'train_data']
alpha count: 235301 246763
reverse false
[740/2000] loss=0.1311 (ema 0.0860) lr=7.48e-05 grad=0.115 | fsc_modules=2.7e-03 gsg_modules=9.2e-02 ltag=6.8e-03 | 1.1s
base dir name: ['', '4T', 'CXY', 'MV-Painter', 'data', 'train_data']
alpha count: 225317 225718
reverse false
base dir name: ['', '4T', 'CXY', 'MV-Painter', 'data', 'train_data']
alpha count: 257284 247427
reverse true
base dir name: ['', '4T', 'CXY', 'MV-Painter', 'data', 'train_data']
alpha count: 223209 224081
reverse false
base dir name: ['', '4T', 'CXY', 'MV-Painter', 'data', 'train_data']
alpha count: 253615 233074
reverse true
base dir name: ['', '4T', 'CXY', 'MV-Painter', 'data', 'train_data']
alpha count: 239283 250168
reverse false
base dir name: ['', '4T', 'CXY', 'MV-Painter', 'data', 'train_data']
alpha count: 243863 232100
reverse true
base dir name: ['', '4T', 'CXY', 'MV-Painter', 'data', 'train_data']
alpha count: 241054 228902
reverse true
base dir name: ['', '4T', 'CXY', 'MV-Painter', 'data', 'train_data']
alpha count: 172218 198033
reverse false
base dir name: ['', '4T', 'CXY', 'MV-Painter', 'data', 'train_data']
alpha count: 176504 176446
reverse true
base dir name: ['', '4T', 'CXY', 'MV-Painter', 'data', 'train_data']
alpha count: 247300 208649
reverse true
base dir name: ['', '4T', 'CXY', 'MV-Painter', 'data', 'train_data']
alpha count: 240899 223194
reverse true
base dir name: ['', '4T', 'CXY', 'MV-Painter', 'data', 'train_data']
alpha count: 227563 243780
reverse false
base dir name: ['', '4T', 'CXY', 'MV-Painter', 'data', 'train_data']
alpha count: 255712 261193
reverse false
base dir name: ['', '4T', 'CXY', 'MV-Painter', 'data', 'train_data']
alpha count: 256723 211012
reverse true
base dir name: ['', '4T', 'CXY', 'MV-Painter', 'data', 'train_data']
alpha count: 232688 207508
reverse true
base dir name: ['', '4T', 'CXY', 'MV-Painter', 'data', 'train_data']
alpha count: 243818 234969
reverse true
base dir name: ['', '4T', 'CXY', 'MV-Painter', 'data', 'train_data']
alpha count: 257104 237926
reverse true
base dir name: ['', '4T', 'CXY', 'MV-Painter', 'data', 'train_data']
alpha count: 235227 245795
reverse false
base dir name: ['', '4T', 'CXY', 'MV-Painter', 'data', 'train_data']
alpha count: 246110 259090
reverse false
base dir name: ['', '4T', 'CXY', 'MV-Painter', 'data', 'train_data']
alpha count: 253647 238896
reverse true
[760/2000] loss=0.1179 (ema 0.0886) lr=7.34e-05 grad=0.153 | fsc_modules=1.0e-02 gsg_modules=1.2e-01 ltag=2.2e-02 | 1.2s
base dir name: ['', '4T', 'CXY', 'MV-Painter', 'data', 'train_data']
alpha count: 211919 220586
reverse false
base dir name: ['', '4T', 'CXY', 'MV-Painter', 'data', 'train_data']
alpha count: 246999 255766
reverse false
base dir name: ['', '4T', 'CXY', 'MV-Painter', 'data', 'train_data']
alpha count: 241444 226396
reverse true
base dir name: ['', '4T', 'CXY', 'MV-Painter', 'data', 'train_data']
alpha count: 250562 250983
reverse false
base dir name: ['', '4T', 'CXY', 'MV-Painter', 'data', 'train_data']
alpha count: 254223 241632
reverse true
base dir name: ['', '4T', 'CXY', 'MV-Painter', 'data', 'train_data']
alpha count: 181628 184465
reverse false
base dir name: ['', '4T', 'CXY', 'MV-Painter', 'data', 'train_data']
alpha count: 244113 251334
reverse false
base dir name: ['', '4T', 'CXY', 'MV-Painter', 'data', 'train_data']
alpha count: 259938 259163
reverse true
base dir name: ['', '4T', 'CXY', 'MV-Painter', 'data', 'train_data']
alpha count: 236978 235914
reverse true
base dir name: ['', '4T', 'CXY', 'MV-Painter', 'data', 'train_data']
alpha count: 255001 260274
reverse false
base dir name: ['', '4T', 'CXY', 'MV-Painter', 'data', 'train_data']
alpha count: 213048 192992
reverse true
base dir name: ['', '4T', 'CXY', 'MV-Painter', 'data', 'train_data']
alpha count: 248152 226849
reverse true
base dir name: ['', '4T', 'CXY', 'MV-Painter', 'data', 'train_data']
alpha count: 248197 184065
reverse true
base dir name: ['', '4T', 'CXY', 'MV-Painter', 'data', 'train_data']
alpha count: 180608 215081
reverse false
base dir name: ['', '4T', 'CXY', 'MV-Painter', 'data', 'train_data']
alpha count: 245086 244283
reverse true
base dir name: ['', '4T', 'CXY', 'MV-Painter', 'data', 'train_data']
alpha count: 225591 233510
reverse false
base dir name: ['', '4T', 'CXY', 'MV-Painter', 'data', 'train_data']
alpha count: 237558 248802
reverse false
base dir name: ['', '4T', 'CXY', 'MV-Painter', 'data', 'train_data']
alpha count: 247235 230980
reverse true
base dir name: ['', '4T', 'CXY', 'MV-Painter', 'data', 'train_data']
alpha count: 232328 207994
reverse true
base dir name: ['', '4T', 'CXY', 'MV-Painter', 'data', 'train_data']
alpha count: 191815 175320
reverse true
[780/2000] loss=0.1220 (ema 0.0867) lr=7.19e-05 grad=0.216 | fsc_modules=4.4e-03 gsg_modules=1.9e-01 ltag=8.3e-03 | 1.3s
base dir name: ['', '4T', 'CXY', 'MV-Painter', 'data', 'train_data']
alpha count: 187201 187911
reverse false
base dir name: ['', '4T', 'CXY', 'MV-Painter', 'data', 'train_data']
alpha count: 244233 233663
reverse true
base dir name: ['', '4T', 'CXY', 'MV-Painter', 'data', 'train_data']
alpha count: 223267 230173
reverse false
base dir name: ['', '4T', 'CXY', 'MV-Painter', 'data', 'train_data']
alpha count: 242350 248906
reverse false
base dir name: ['', '4T', 'CXY', 'MV-Painter', 'data', 'train_data']
alpha count: 209867 216489
reverse false
base dir name: ['', '4T', 'CXY', 'MV-Painter', 'data', 'train_data']
alpha count: 152247 142876
reverse true
base dir name: ['', '4T', 'CXY', 'MV-Painter', 'data', 'train_data']
alpha count: 195217 206336
reverse false
base dir name: ['', '4T', 'CXY', 'MV-Painter', 'data', 'train_data']
alpha count: 256733 235747
reverse true
base dir name: ['', '4T', 'CXY', 'MV-Painter', 'data', 'train_data']
alpha count: 231009 221248
reverse true
base dir name: ['', '4T', 'CXY', 'MV-Painter', 'data', 'train_data']
alpha count: 234254 252551
reverse false
base dir name: ['', '4T', 'CXY', 'MV-Painter', 'data', 'train_data']
alpha count: 222029 221653
reverse true
base dir name: ['', '4T', 'CXY', 'MV-Painter', 'data', 'train_data']
alpha count: 205477 211193
reverse false
base dir name: ['', '4T', 'CXY', 'MV-Painter', 'data', 'train_data']
alpha count: 212536 235617
reverse false
base dir name: ['', '4T', 'CXY', 'MV-Painter', 'data', 'train_data']
alpha count: 194110 182877
reverse true
base dir name: ['', '4T', 'CXY', 'MV-Painter', 'data', 'train_data']
alpha count: 216502 215853
reverse true
base dir name: ['', '4T', 'CXY', 'MV-Painter', 'data', 'train_data']
alpha count: 217265 225590
reverse false
base dir name: ['', '4T', 'CXY', 'MV-Painter', 'data', 'train_data']
alpha count: 257637 237290
reverse true
base dir name: ['', '4T', 'CXY', 'MV-Painter', 'data', 'train_data']
alpha count: 206334 222462
reverse false
base dir name: ['', '4T', 'CXY', 'MV-Painter', 'data', 'train_data']
alpha count: 236448 212776
reverse true
base dir name: ['', '4T', 'CXY', 'MV-Painter', 'data', 'train_data']
alpha count: 203301 209623
reverse false
[800/2000] loss=0.0120 (ema 0.0881) lr=7.05e-05 grad=0.104 | fsc_modules=3.8e-03 gsg_modules=8.2e-02 ltag=5.6e-03 | 1.1s
base dir name: ['', '4T', 'CXY', 'MV-Painter', 'data', 'train_data']
alpha count: 221315 235034
reverse false
base dir name: ['', '4T', 'CXY', 'MV-Painter', 'data', 'train_data']
alpha count: 162339 180132
reverse false
base dir name: ['', '4T', 'CXY', 'MV-Painter', 'data', 'train_data']
alpha count: 224711 245085
reverse false
base dir name: ['', '4T', 'CXY', 'MV-Painter', 'data', 'train_data']
alpha count: 221822 225736
reverse false
base dir name: ['', '4T', 'CXY', 'MV-Painter', 'data', 'train_data']
alpha count: 211127 217634
reverse false
base dir name: ['', '4T', 'CXY', 'MV-Painter', 'data', 'train_data']
alpha count: 227471 216877
reverse true
base dir name: ['', '4T', 'CXY', 'MV-Painter', 'data', 'train_data']
alpha count: 225556 238174
reverse false
base dir name: ['', '4T', 'CXY', 'MV-Painter', 'data', 'train_data']
alpha count: 232663 241653
reverse falselibpng warning: eXIf: duplicate
libpng warning: eXIf: duplicate
libpng warning: eXIf: duplicate
libpng warning: eXIf: duplicate
libpng warning: eXIf: duplicate
libpng warning: eXIf: duplicate
libpng warning: eXIf: duplicate
libpng warning: eXIf: duplicate
libpng warning: eXIf: duplicate
libpng warning: eXIf: duplicate
libpng warning: eXIf: duplicate
libpng warning: eXIf: duplicate
libpng warning: eXIf: duplicate
libpng warning: eXIf: duplicate
libpng warning: eXIf: duplicate
libpng warning: eXIf: duplicate
libpng warning: eXIf: duplicate
libpng warning: eXIf: duplicate
libpng warning: eXIf: duplicate
libpng warning: eXIf: duplicate
libpng warning: eXIf: duplicate
libpng warning: eXIf: duplicate
libpng warning: eXIf: duplicate
libpng warning: eXIf: duplicate
libpng warning: eXIf: duplicate
libpng warning: eXIf: duplicate
libpng warning: eXIf: duplicate
libpng warning: eXIf: duplicate
libpng warning: eXIf: duplicate
libpng warning: eXIf: duplicate
libpng warning: eXIf: duplicate
libpng warning: eXIf: duplicate
libpng warning: eXIf: duplicate
libpng warning: eXIf: duplicate
libpng warning: eXIf: duplicate
libpng warning: eXIf: duplicate
libpng warning: eXIf: duplicate
libpng warning: eXIf: duplicate
libpng warning: eXIf: duplicate
libpng warning: eXIf: duplicate
libpng warning: eXIf: duplicate
libpng warning: eXIf: duplicate
libpng warning: eXIf: duplicate
libpng warning: eXIf: duplicate
libpng warning: eXIf: duplicate
libpng warning: eXIf: duplicate
libpng warning: eXIf: duplicate
libpng warning: eXIf: duplicate
libpng warning: eXIf: duplicate
libpng warning: eXIf: duplicate
libpng warning: eXIf: duplicate
libpng warning: eXIf: duplicate
libpng warning: eXIf: duplicate
libpng warning: eXIf: duplicate
libpng warning: eXIf: duplicate
libpng warning: eXIf: duplicate
libpng warning: eXIf: duplicate
libpng warning: eXIf: duplicate
libpng warning: eXIf: duplicate
libpng warning: eXIf: duplicate
libpng warning: eXIf: duplicate
libpng warning: eXIf: duplicate
libpng warning: eXIf: duplicate
libpng warning: eXIf: duplicate
libpng warning: eXIf: duplicate
libpng warning: eXIf: duplicate
libpng warning: eXIf: duplicate
libpng warning: eXIf: duplicate
libpng warning: eXIf: duplicate
libpng warning: eXIf: duplicate
libpng warning: eXIf: duplicate
libpng warning: eXIf: duplicate
libpng warning: eXIf: duplicate
libpng warning: eXIf: duplicate
libpng warning: eXIf: duplicate
libpng warning: eXIf: duplicate
libpng warning: eXIf: duplicate
libpng warning: eXIf: duplicate
libpng warning: eXIf: duplicate
libpng warning: eXIf: duplicate
libpng warning: eXIf: duplicate
libpng warning: eXIf: duplicate
libpng warning: eXIf: duplicate
libpng warning: eXIf: duplicate
libpng warning: eXIf: duplicate
libpng warning: eXIf: duplicate
libpng warning: eXIf: duplicate
libpng warning: eXIf: duplicate
libpng warning: eXIf: duplicate
libpng warning: eXIf: duplicate
libpng warning: eXIf: duplicate
libpng warning: eXIf: duplicate
libpng warning: eXIf: duplicate
libpng warning: eXIf: duplicate
libpng warning: eXIf: duplicate
libpng warning: eXIf: duplicate
libpng warning: eXIf: duplicate
libpng warning: eXIf: duplicate
libpng warning: eXIf: duplicate
libpng warning: eXIf: duplicate
libpng warning: eXIf: duplicate
libpng warning: eXIf: duplicate
libpng warning: eXIf: duplicate
libpng warning: eXIf: duplicate
libpng warning: eXIf: duplicate
libpng warning: eXIf: duplicate
libpng warning: eXIf: duplicate
libpng warning: eXIf: duplicate
libpng warning: eXIf: duplicate
libpng warning: eXIf: duplicate
libpng warning: eXIf: duplicate
libpng warning: eXIf: duplicate
libpng warning: eXIf: duplicate
libpng warning: eXIf: duplicate
libpng warning: eXIf: duplicate
libpng warning: eXIf: duplicate
libpng warning: eXIf: duplicate
libpng warning: eXIf: duplicate
libpng warning: eXIf: duplicate
libpng warning: eXIf: duplicate
libpng warning: eXIf: duplicate
libpng warning: eXIf: duplicate
libpng warning: eXIf: duplicate
libpng warning: eXIf: duplicate
libpng warning: eXIf: duplicate
libpng warning: eXIf: duplicate
libpng warning: eXIf: duplicate
libpng warning: eXIf: duplicate
libpng warning: eXIf: duplicate
libpng warning: eXIf: duplicate
libpng warning: eXIf: duplicate
libpng warning: eXIf: duplicate
libpng warning: eXIf: duplicate
libpng warning: eXIf: duplicate
libpng warning: eXIf: duplicate
libpng warning: eXIf: duplicate
libpng warning: eXIf: duplicate
libpng warning: eXIf: duplicate
libpng warning: eXIf: duplicate
libpng warning: eXIf: duplicate
libpng warning: eXIf: duplicate
libpng warning: eXIf: duplicate
libpng warning: eXIf: duplicate
libpng warning: eXIf: duplicate
libpng warning: eXIf: duplicate
libpng warning: eXIf: duplicate
libpng warning: eXIf: duplicate
libpng warning: eXIf: duplicate
libpng warning: eXIf: duplicate
libpng warning: eXIf: duplicate
libpng warning: eXIf: duplicate
libpng warning: eXIf: duplicate
libpng warning: eXIf: duplicate
libpng warning: eXIf: duplicate
libpng warning: eXIf: duplicate
libpng warning: eXIf: duplicate
libpng warning: eXIf: duplicate
libpng warning: eXIf: duplicate
libpng warning: eXIf: duplicate
libpng warning: eXIf: duplicate
libpng warning: eXIf: duplicate
libpng warning: eXIf: duplicate
libpng warning: eXIf: duplicate
libpng warning: eXIf: duplicate
libpng warning: eXIf: duplicate
libpng warning: eXIf: duplicate
libpng warning: eXIf: duplicate
libpng warning: eXIf: duplicate
libpng warning: eXIf: duplicate
libpng warning: eXIf: duplicate
libpng warning: eXIf: duplicate
libpng warning: eXIf: duplicate
libpng warning: eXIf: duplicate
libpng warning: eXIf: duplicate
libpng warning: eXIf: duplicate
libpng warning: eXIf: duplicate
libpng warning: eXIf: duplicate
libpng warning: eXIf: duplicate
libpng warning: eXIf: duplicate
libpng warning: eXIf: duplicate
libpng warning: eXIf: duplicate
libpng warning: eXIf: duplicate
libpng warning: eXIf: duplicate
libpng warning: eXIf: duplicate
libpng warning: eXIf: duplicate
libpng warning: eXIf: duplicate
libpng warning: eXIf: duplicate
libpng warning: eXIf: duplicate
libpng warning: eXIf: duplicate
libpng warning: eXIf: duplicate
libpng warning: eXIf: duplicate
libpng warning: eXIf: duplicate
libpng warning: eXIf: duplicate
libpng warning: eXIf: duplicate
libpng warning: eXIf: duplicate
libpng warning: eXIf: duplicate
libpng warning: eXIf: duplicate
libpng warning: eXIf: duplicate
libpng warning: eXIf: duplicate
libpng warning: eXIf: duplicate
libpng warning: eXIf: duplicate
libpng warning: eXIf: duplicate
libpng warning: eXIf: duplicate
libpng warning: eXIf: duplicate
libpng warning: eXIf: duplicate
libpng warning: eXIf: duplicate
libpng warning: eXIf: duplicate
libpng warning: eXIf: duplicate
libpng warning: eXIf: duplicate
libpng warning: eXIf: duplicate
libpng warning: eXIf: duplicate
libpng warning: eXIf: duplicate
libpng warning: eXIf: duplicate
libpng warning: eXIf: duplicate
libpng warning: eXIf: duplicate
libpng warning: eXIf: duplicate
libpng warning: eXIf: duplicate
libpng warning: eXIf: duplicate
libpng warning: eXIf: duplicate
libpng warning: eXIf: duplicate
libpng warning: eXIf: duplicate
libpng warning: eXIf: duplicate
libpng warning: eXIf: duplicate
libpng warning: eXIf: duplicate
libpng warning: eXIf: duplicate
libpng warning: eXIf: duplicate
libpng warning: eXIf: duplicate
libpng warning: eXIf: duplicate
libpng warning: eXIf: duplicate
libpng warning: eXIf: duplicate
libpng warning: eXIf: duplicate
libpng warning: eXIf: duplicate
libpng warning: eXIf: duplicate
libpng warning: eXIf: duplicate
libpng warning: eXIf: duplicate
libpng warning: eXIf: duplicate
libpng warning: eXIf: duplicate
libpng warning: eXIf: duplicate
libpng warning: eXIf: duplicate
libpng warning: eXIf: duplicate
libpng warning: eXIf: duplicate
libpng warning: eXIf: duplicate
libpng warning: eXIf: duplicate
libpng warning: eXIf: duplicate
libpng warning: eXIf: duplicate
libpng warning: eXIf: duplicate
libpng warning: eXIf: duplicate
libpng warning: eXIf: duplicate
libpng warning: eXIf: duplicate
libpng warning: eXIf: duplicate
libpng warning: eXIf: duplicate
libpng warning: eXIf: duplicate
libpng warning: eXIf: duplicate
libpng warning: eXIf: duplicate
libpng warning: eXIf: duplicate
libpng warning: eXIf: duplicate
libpng warning: eXIf: duplicate
libpng warning: eXIf: duplicate
libpng warning: eXIf: duplicate
libpng warning: eXIf: duplicate
libpng warning: eXIf: duplicate
libpng warning: eXIf: duplicate
libpng warning: eXIf: duplicate
libpng warning: eXIf: duplicate
libpng warning: eXIf: duplicate
libpng warning: eXIf: duplicate
libpng warning: eXIf: duplicate
libpng warning: eXIf: duplicate
libpng warning: eXIf: duplicate
libpng warning: eXIf: duplicate
libpng warning: eXIf: duplicate
libpng warning: eXIf: duplicate
libpng warning: eXIf: duplicate
libpng warning: eXIf: duplicate
libpng warning: eXIf: duplicate
libpng warning: eXIf: duplicate
libpng warning: eXIf: duplicate
libpng warning: eXIf: duplicate
libpng warning: eXIf: duplicate
libpng warning: eXIf: duplicate
libpng warning: eXIf: duplicate
libpng warning: eXIf: duplicate
libpng warning: eXIf: duplicate
libpng warning: eXIf: duplicate
libpng warning: eXIf: duplicate
libpng warning: eXIf: duplicate
libpng warning: eXIf: duplicate
libpng warning: eXIf: duplicate
libpng warning: eXIf: duplicate
libpng warning: eXIf: duplicate
libpng warning: eXIf: duplicate
libpng warning: eXIf: duplicate
libpng warning: eXIf: duplicate
libpng warning: eXIf: duplicate
libpng warning: eXIf: duplicate
libpng warning: eXIf: duplicate
libpng warning: eXIf: duplicate
libpng warning: eXIf: duplicate
libpng warning: eXIf: duplicate
libpng warning: eXIf: duplicate
libpng warning: eXIf: duplicate
libpng warning: eXIf: duplicate
libpng warning: eXIf: duplicate
libpng warning: eXIf: duplicate
libpng warning: eXIf: duplicate
libpng warning: eXIf: duplicate
libpng warning: eXIf: duplicate
libpng warning: eXIf: duplicate
libpng warning: eXIf: duplicate
libpng warning: eXIf: duplicate
libpng warning: eXIf: duplicate
libpng warning: eXIf: duplicate
libpng warning: eXIf: duplicate
libpng warning: eXIf: duplicate
libpng warning: eXIf: duplicate
libpng warning: eXIf: duplicate
libpng warning: eXIf: duplicate
libpng warning: eXIf: duplicate
libpng warning: eXIf: duplicate
libpng warning: eXIf: duplicate
libpng warning: eXIf: duplicate
libpng warning: eXIf: duplicate
libpng warning: eXIf: duplicate
libpng warning: eXIf: duplicate
libpng warning: eXIf: duplicate
libpng warning: eXIf: duplicate
libpng warning: eXIf: duplicate
libpng warning: eXIf: duplicate
libpng warning: eXIf: duplicate
libpng warning: eXIf: duplicate
libpng warning: eXIf: duplicate
libpng warning: eXIf: duplicate
libpng warning: eXIf: duplicate
libpng warning: eXIf: duplicate
libpng warning: eXIf: duplicate
libpng warning: eXIf: duplicate
libpng warning: eXIf: duplicate
libpng warning: eXIf: duplicate
libpng warning: eXIf: duplicate
libpng warning: eXIf: duplicate
libpng warning: eXIf: duplicate
libpng warning: eXIf: duplicate
libpng warning: eXIf: duplicate
libpng warning: eXIf: duplicate
libpng warning: eXIf: duplicate
libpng warning: eXIf: duplicate
libpng warning: eXIf: duplicate
libpng warning: eXIf: duplicate
libpng warning: eXIf: duplicate
libpng warning: eXIf: duplicate
libpng warning: eXIf: duplicate
libpng warning: eXIf: duplicate
libpng warning: eXIf: duplicate
libpng warning: eXIf: duplicate
libpng warning: eXIf: duplicate
libpng warning: eXIf: duplicate
libpng warning: eXIf: duplicate
libpng warning: eXIf: duplicate
libpng warning: eXIf: duplicate
libpng warning: eXIf: duplicate
libpng warning: eXIf: duplicate
libpng warning: eXIf: duplicate
libpng warning: eXIf: duplicate
libpng warning: eXIf: duplicate
libpng warning: eXIf: duplicate
libpng warning: eXIf: duplicate
libpng warning: eXIf: duplicate
libpng warning: eXIf: duplicate
libpng warning: eXIf: duplicate
libpng warning: eXIf: duplicate
libpng warning: eXIf: duplicate
libpng warning: eXIf: duplicate
libpng warning: eXIf: duplicate
libpng warning: eXIf: duplicate
libpng warning: eXIf: duplicate
libpng warning: eXIf: duplicate
libpng warning: eXIf: duplicate
libpng warning: eXIf: duplicate
libpng warning: eXIf: duplicate
libpng warning: eXIf: duplicate
libpng warning: eXIf: duplicate
libpng warning: eXIf: duplicate
libpng warning: eXIf: duplicate
libpng warning: eXIf: duplicate
libpng warning: eXIf: duplicate
libpng warning: eXIf: duplicate
libpng warning: eXIf: duplicate
libpng warning: eXIf: duplicate
libpng warning: eXIf: duplicate
libpng warning: eXIf: duplicate
libpng warning: eXIf: duplicate
libpng warning: eXIf: duplicate
libpng warning: eXIf: duplicate
libpng warning: eXIf: duplicate
libpng warning: eXIf: duplicate
libpng warning: eXIf: duplicate
libpng warning: eXIf: duplicate
libpng warning: eXIf: duplicate
libpng warning: eXIf: duplicate
libpng warning: eXIf: duplicate
libpng warning: eXIf: duplicate
libpng warning: eXIf: duplicate
libpng warning: eXIf: duplicate
libpng warning: eXIf: duplicate
libpng warning: eXIf: duplicate
libpng warning: eXIf: duplicate
libpng warning: eXIf: duplicate
libpng warning: eXIf: duplicate
libpng warning: eXIf: duplicate
libpng warning: eXIf: duplicate
libpng warning: eXIf: duplicate
libpng warning: eXIf: duplicate
libpng warning: eXIf: duplicate
libpng warning: eXIf: duplicate
libpng warning: eXIf: duplicate
libpng warning: eXIf: duplicate
libpng warning: eXIf: duplicate
libpng warning: eXIf: duplicate
libpng warning: eXIf: duplicate
libpng warning: eXIf: duplicate
libpng warning: eXIf: duplicate
libpng warning: eXIf: duplicate
libpng warning: eXIf: duplicate
libpng warning: eXIf: duplicate
libpng warning: eXIf: duplicate
libpng warning: eXIf: duplicate
libpng warning: eXIf: duplicate
libpng warning: eXIf: duplicate
libpng warning: eXIf: duplicate
libpng warning: eXIf: duplicate
libpng warning: eXIf: duplicate
libpng warning: eXIf: duplicate
libpng warning: eXIf: duplicate
libpng warning: eXIf: duplicate
libpng warning: eXIf: duplicate
libpng warning: eXIf: duplicate
libpng warning: eXIf: duplicate
libpng warning: eXIf: duplicate
libpng warning: eXIf: duplicate
libpng warning: eXIf: duplicate
libpng warning: eXIf: duplicate
libpng warning: eXIf: duplicate
libpng warning: eXIf: duplicate
libpng warning: eXIf: duplicate
libpng warning: eXIf: duplicate
libpng warning: eXIf: duplicate
libpng warning: eXIf: duplicate
libpng warning: eXIf: duplicate
libpng warning: eXIf: duplicate
libpng warning: eXIf: duplicate
libpng warning: eXIf: duplicate
libpng warning: eXIf: duplicate
libpng warning: eXIf: duplicate
libpng warning: eXIf: duplicate
libpng warning: eXIf: duplicate
libpng warning: eXIf: duplicate
libpng warning: eXIf: duplicate
libpng warning: eXIf: duplicate
libpng warning: eXIf: duplicate
libpng warning: eXIf: duplicate
libpng warning: eXIf: duplicate
libpng warning: eXIf: duplicate
libpng warning: eXIf: duplicate
libpng warning: eXIf: duplicate
libpng warning: eXIf: duplicate
libpng warning: eXIf: duplicate
libpng warning: eXIf: duplicate
libpng warning: eXIf: duplicate
libpng warning: eXIf: duplicate
libpng warning: eXIf: duplicate
libpng warning: eXIf: duplicate
libpng warning: eXIf: duplicate
libpng warning: eXIf: duplicate
libpng warning: eXIf: duplicate
libpng warning: eXIf: duplicate
libpng warning: eXIf: duplicate
libpng warning: eXIf: duplicate
libpng warning: eXIf: duplicate
libpng warning: eXIf: duplicate
libpng warning: eXIf: duplicate
libpng warning: eXIf: duplicate
libpng warning: eXIf: duplicate
libpng warning: eXIf: duplicate
libpng warning: eXIf: duplicate
libpng warning: eXIf: duplicate
libpng warning: eXIf: duplicate
libpng warning: eXIf: duplicate
libpng warning: eXIf: duplicate
libpng warning: eXIf: duplicate
libpng warning: eXIf: duplicate
libpng warning: eXIf: duplicate
libpng warning: eXIf: duplicate
libpng warning: eXIf: duplicate
libpng warning: eXIf: duplicate
libpng warning: eXIf: duplicate
libpng warning: eXIf: duplicate
libpng warning: eXIf: duplicate
libpng warning: eXIf: duplicate
libpng warning: eXIf: duplicate
libpng warning: eXIf: duplicate
libpng warning: eXIf: duplicate
libpng warning: eXIf: duplicate
libpng warning: eXIf: duplicate
libpng warning: eXIf: duplicate
libpng warning: eXIf: duplicate
libpng warning: eXIf: duplicate
libpng warning: eXIf: duplicate
libpng warning: eXIf: duplicate
libpng warning: eXIf: duplicate
libpng warning: eXIf: duplicate
libpng warning: eXIf: duplicate
libpng warning: eXIf: duplicate
libpng warning: eXIf: duplicate
libpng warning: eXIf: duplicate
libpng warning: eXIf: duplicate
libpng warning: eXIf: duplicate
libpng warning: eXIf: duplicate
libpng warning: eXIf: duplicate
libpng warning: eXIf: duplicate
libpng warning: eXIf: duplicate
libpng warning: eXIf: duplicate
libpng warning: eXIf: duplicate
libpng warning: eXIf: duplicate
libpng warning: eXIf: duplicate
libpng warning: eXIf: duplicate
libpng warning: eXIf: duplicate
libpng warning: eXIf: duplicate
libpng warning: eXIf: duplicate
libpng warning: eXIf: duplicate
libpng warning: eXIf: duplicate
libpng warning: eXIf: duplicate
libpng warning: eXIf: duplicate
libpng warning: eXIf: duplicate
libpng warning: eXIf: duplicate
libpng warning: eXIf: duplicate
libpng warning: eXIf: duplicate
libpng warning: eXIf: duplicate
libpng warning: eXIf: duplicate
libpng warning: eXIf: duplicate
libpng warning: eXIf: duplicate
libpng warning: eXIf: duplicate
libpng warning: eXIf: duplicate
libpng warning: eXIf: duplicate
libpng warning: eXIf: duplicate
libpng warning: eXIf: duplicate
libpng warning: eXIf: duplicate
libpng warning: eXIf: duplicate
libpng warning: eXIf: duplicate
libpng warning: eXIf: duplicate
libpng warning: eXIf: duplicate
libpng warning: eXIf: duplicate
libpng warning: eXIf: duplicate
libpng warning: eXIf: duplicate
libpng warning: eXIf: duplicate
libpng warning: eXIf: duplicate
libpng warning: eXIf: duplicate
libpng warning: eXIf: duplicate
libpng warning: eXIf: duplicate
libpng warning: eXIf: duplicate
libpng warning: eXIf: duplicate
libpng warning: eXIf: duplicate
libpng warning: eXIf: duplicate
libpng warning: eXIf: duplicate
libpng warning: eXIf: duplicate
libpng warning: eXIf: duplicate
libpng warning: eXIf: duplicate
libpng warning: eXIf: duplicate
libpng warning: eXIf: duplicate
libpng warning: eXIf: duplicate
libpng warning: eXIf: duplicate
libpng warning: eXIf: duplicate
libpng warning: eXIf: duplicate
libpng warning: eXIf: duplicate
libpng warning: eXIf: duplicate
libpng warning: eXIf: duplicate
libpng warning: eXIf: duplicate
libpng warning: eXIf: duplicate
libpng warning: eXIf: duplicate
libpng warning: eXIf: duplicate
libpng warning: eXIf: duplicate
libpng warning: eXIf: duplicate
libpng warning: eXIf: duplicate
libpng warning: eXIf: duplicate
libpng warning: eXIf: duplicate
libpng warning: eXIf: duplicate
libpng warning: eXIf: duplicate
libpng warning: eXIf: duplicate
libpng warning: eXIf: duplicate
libpng warning: eXIf: duplicate
libpng warning: eXIf: duplicate
libpng warning: eXIf: duplicate
libpng warning: eXIf: duplicate
libpng warning: eXIf: duplicate
libpng warning: eXIf: duplicate
libpng warning: eXIf: duplicate
libpng warning: eXIf: duplicate
libpng warning: eXIf: duplicate
libpng warning: eXIf: duplicate
libpng warning: eXIf: duplicate
libpng warning: eXIf: duplicate
libpng warning: eXIf: duplicate
libpng warning: eXIf: duplicate
libpng warning: eXIf: duplicate
libpng warning: eXIf: duplicate
libpng warning: eXIf: duplicate
libpng warning: eXIf: duplicate
libpng warning: eXIf: duplicate
libpng warning: eXIf: duplicate
libpng warning: eXIf: duplicate
libpng warning: eXIf: duplicate
libpng warning: eXIf: duplicate
libpng warning: eXIf: duplicate
libpng warning: eXIf: duplicate
libpng warning: eXIf: duplicate
libpng warning: eXIf: duplicate
libpng warning: eXIf: duplicate
libpng warning: eXIf: duplicate
libpng warning: eXIf: duplicate
libpng warning: eXIf: duplicate
libpng warning: eXIf: duplicate
libpng warning: eXIf: duplicate
libpng warning: eXIf: duplicate

base dir name: ['', '4T', 'CXY', 'MV-Painter', 'data', 'train_data']
alpha count: 246933 242791
reverse true
base dir name: ['', '4T', 'CXY', 'MV-Painter', 'data', 'train_data']
alpha count: 253473 252407
reverse true
base dir name: ['', '4T', 'CXY', 'MV-Painter', 'data', 'train_data']
alpha count: 239038 238864
reverse true
base dir name: ['', '4T', 'CXY', 'MV-Painter', 'data', 'train_data']
alpha count: 227160 157419
reverse true
base dir name: ['', '4T', 'CXY', 'MV-Painter', 'data', 'train_data']
alpha count: 247733 230543
reverse true
base dir name: ['', '4T', 'CXY', 'MV-Painter', 'data', 'train_data']
alpha count: 216269 182773
reverse true
base dir name: ['', '4T', 'CXY', 'MV-Painter', 'data', 'train_data']
alpha count: 262144 262144
reverse false
OpenCV(4.13.0) /io/opencv/modules/imgproc/src/resize.cpp:4208: error: (-215:Assertion failed) !ssize.empty() in function 'resize'

wrong path: /4T/CXY/MV-Painter/data/train_data/rendered_full/9e61c63e8bd24d44a200f0df9faa881b/image
base dir name: ['', '4T', 'CXY', 'MV-Painter', 'data', 'train_data']
alpha count: 244064 257016
reverse false
base dir name: ['', '4T', 'CXY', 'MV-Painter', 'data', 'train_data']
alpha count: 209110 196813
reverse true
base dir name: ['', '4T', 'CXY', 'MV-Painter', 'data', 'train_data']
alpha count: 233441 224908
reverse true
base dir name: ['', '4T', 'CXY', 'MV-Painter', 'data', 'train_data']
alpha count: 245101 250209
reverse false
base dir name: ['', '4T', 'CXY', 'MV-Painter', 'data', 'train_data']
alpha count: 232264 236770
reverse false
base dir name: ['', '4T', 'CXY', 'MV-Painter', 'data', 'train_data']
alpha count: 250027 258272
reverse false
[820/2000] loss=0.0390 (ema 0.0853) lr=6.90e-05 grad=0.396 | fsc_modules=1.2e-02 gsg_modules=2.7e-01 ltag=2.8e-02 | 1.1s
base dir name: ['', '4T', 'CXY', 'MV-Painter', 'data', 'train_data']
alpha count: 220182 190300
reverse true
base dir name: ['', '4T', 'CXY', 'MV-Painter', 'data', 'train_data']
alpha count: 240522 243443
reverse false
base dir name: ['', '4T', 'CXY', 'MV-Painter', 'data', 'train_data']
alpha count: 231192 222310
reverse true
base dir name: ['', '4T', 'CXY', 'MV-Painter', 'data', 'train_data']
alpha count: 224200 239443
reverse false
base dir name: ['', '4T', 'CXY', 'MV-Painter', 'data', 'train_data']
alpha count: 240510 223098
reverse true
base dir name: ['', '4T', 'CXY', 'MV-Painter', 'data', 'train_data']
alpha count: 253916 242440
reverse true
base dir name: ['', '4T', 'CXY', 'MV-Painter', 'data', 'train_data']
alpha count: 211061 213871
reverse false
base dir name: ['', '4T', 'CXY', 'MV-Painter', 'data', 'train_data']
alpha count: 186250 161992
reverse true
base dir name: ['', '4T', 'CXY', 'MV-Painter', 'data', 'train_data']
alpha count: 228403 246051
reverse false
base dir name: ['', '4T', 'CXY', 'MV-Painter', 'data', 'train_data']
alpha count: 238209 250275
reverse false
base dir name: ['', '4T', 'CXY', 'MV-Painter', 'data', 'train_data']
alpha count: 222413 205135
reverse true
base dir name: ['', '4T', 'CXY', 'MV-Painter', 'data', 'train_data']
alpha count: 212212 221532
reverse false
base dir name: ['', '4T', 'CXY', 'MV-Painter', 'data', 'train_data']
alpha count: 250237 257369
reverse false
base dir name: ['', '4T', 'CXY', 'MV-Painter', 'data', 'train_data']
alpha count: 230956 252310
reverse false
base dir name: ['', '4T', 'CXY', 'MV-Painter', 'data', 'train_data']
alpha count: 232777 236584
reverse false
base dir name: ['', '4T', 'CXY', 'MV-Painter', 'data', 'train_data']
alpha count: 211857 211268
reverse true
base dir name: ['', '4T', 'CXY', 'MV-Painter', 'data', 'train_data']
alpha count: 236292 210291
reverse true
base dir name: ['', '4T', 'CXY', 'MV-Painter', 'data', 'train_data']
alpha count: 222175 189781
reverse true
base dir name: ['', '4T', 'CXY', 'MV-Painter', 'data', 'train_data']
alpha count: 214527 223286
reverse false
base dir name: ['', '4T', 'CXY', 'MV-Painter', 'data', 'train_data']
alpha count: 259885 255466
reverse true
[840/2000] loss=0.0507 (ema 0.0838) lr=6.74e-05 grad=0.355 | fsc_modules=1.2e-02 gsg_modules=2.4e-01 ltag=2.2e-02 | 0.9s
base dir name: ['', '4T', 'CXY', 'MV-Painter', 'data', 'train_data']
alpha count: 234174 224546
reverse true
base dir name: ['', '4T', 'CXY', 'MV-Painter', 'data', 'train_data']
alpha count: 241123 209221
reverse true
base dir name: ['', '4T', 'CXY', 'MV-Painter', 'data', 'train_data']
alpha count: 220913 187660
reverse true
base dir name: ['', '4T', 'CXY', 'MV-Painter', 'data', 'train_data']
alpha count: 194093 202245
reverse false
base dir name: ['', '4T', 'CXY', 'MV-Painter', 'data', 'train_data']
alpha count: 233958 247631
reverse false
base dir name: ['', '4T', 'CXY', 'MV-Painter', 'data', 'train_data']
alpha count: 189285 193022
reverse false
base dir name: ['', '4T', 'CXY', 'MV-Painter', 'data', 'train_data']
alpha count: 211405 225735
reverse false
base dir name: ['', '4T', 'CXY', 'MV-Painter', 'data', 'train_data']
alpha count: 246255 258339
reverse false
base dir name: ['', '4T', 'CXY', 'MV-Painter', 'data', 'train_data']
alpha count: 223699 236251
reverse false
base dir name: ['', '4T', 'CXY', 'MV-Painter', 'data', 'train_data']
alpha count: 239748 252256
reverse false
base dir name: ['', '4T', 'CXY', 'MV-Painter', 'data', 'train_data']
alpha count: 230915 161219
reverse true
base dir name: ['', '4T', 'CXY', 'MV-Painter', 'data', 'train_data']
alpha count: 218308 218297
reverse true
base dir name: ['', '4T', 'CXY', 'MV-Painter', 'data', 'train_data']
alpha count: 213911 239358
reverse false
base dir name: ['', '4T', 'CXY', 'MV-Painter', 'data', 'train_data']
alpha count: 239371 225223
reverse true
base dir name: ['', '4T', 'CXY', 'MV-Painter', 'data', 'train_data']
alpha count: 208179 220688
reverse false
base dir name: ['', '4T', 'CXY', 'MV-Painter', 'data', 'train_data']
alpha count: 244296 244153
reverse true
base dir name: ['', '4T', 'CXY', 'MV-Painter', 'data', 'train_data']
alpha count: 247062 233047
reverse true
base dir name: ['', '4T', 'CXY', 'MV-Painter', 'data', 'train_data']
alpha count: 164692 180222
reverse false
base dir name: ['', '4T', 'CXY', 'MV-Painter', 'data', 'train_data']
alpha count: 213983 220897
reverse false
base dir name: ['', '4T', 'CXY', 'MV-Painter', 'data', 'train_data']
alpha count: 237336 229661
reverse true
[860/2000] loss=0.0527 (ema 0.0832) lr=6.59e-05 grad=0.180 | fsc_modules=3.2e-03 gsg_modules=1.3e-01 ltag=5.6e-03 | 1.1s
base dir name: ['', '4T', 'CXY', 'MV-Painter', 'data', 'train_data']
alpha count: 261001 256519
reverse true
base dir name: ['', '4T', 'CXY', 'MV-Painter', 'data', 'train_data']
alpha count: 234580 245773
reverse false
base dir name: ['', '4T', 'CXY', 'MV-Painter', 'data', 'train_data']
alpha count: 244098 225567
reverse true
base dir name: ['', '4T', 'CXY', 'MV-Painter', 'data', 'train_data']
alpha count: 203537 220016
reverse false
base dir name: ['', '4T', 'CXY', 'MV-Painter', 'data', 'train_data']
alpha count: 216368 220374
reverse false
base dir name: ['', '4T', 'CXY', 'MV-Painter', 'data', 'train_data']
alpha count: 204675 209348
reverse false
base dir name: ['', '4T', 'CXY', 'MV-Painter', 'data', 'train_data']
alpha count: 190109 189918
reverse true
base dir name: ['', '4T', 'CXY', 'MV-Painter', 'data', 'train_data']
alpha count: 250879 251442
reverse false
base dir name: ['', '4T', 'CXY', 'MV-Painter', 'data', 'train_data']
alpha count: 239650 254929
reverse false
base dir name: ['', '4T', 'CXY', 'MV-Painter', 'data', 'train_data']
alpha count: 231672 222832
reverse true
base dir name: ['', '4T', 'CXY', 'MV-Painter', 'data', 'train_data']
alpha count: 245667 235128
reverse true
base dir name: ['', '4T', 'CXY', 'MV-Painter', 'data', 'train_data']
alpha count: 252803 259311
reverse false
base dir name: ['', '4T', 'CXY', 'MV-Painter', 'data', 'train_data']
alpha count: 218219 230719
reverse false
base dir name: ['', '4T', 'CXY', 'MV-Painter', 'data', 'train_data']
alpha count: 244532 239414
reverse true
base dir name: ['', '4T', 'CXY', 'MV-Painter', 'data', 'train_data']
alpha count: 252902 211249
reverse true
base dir name: ['', '4T', 'CXY', 'MV-Painter', 'data', 'train_data']
alpha count: 250783 246982
reverse true
base dir name: ['', '4T', 'CXY', 'MV-Painter', 'data', 'train_data']libpng warning: eXIf: duplicate
libpng warning: eXIf: duplicate
libpng warning: eXIf: duplicate
libpng warning: eXIf: duplicate
libpng warning: eXIf: duplicate
libpng warning: eXIf: duplicate
libpng warning: eXIf: duplicate
libpng warning: eXIf: duplicate
libpng warning: eXIf: duplicate
libpng warning: eXIf: duplicate
libpng warning: eXIf: duplicate
libpng warning: eXIf: duplicate
libpng warning: eXIf: duplicate
libpng warning: eXIf: duplicate
libpng warning: eXIf: duplicate
libpng warning: eXIf: duplicate
libpng warning: eXIf: duplicate
libpng warning: eXIf: duplicate
libpng warning: eXIf: duplicate
libpng warning: eXIf: duplicate
libpng warning: eXIf: duplicate
libpng warning: eXIf: duplicate
libpng warning: eXIf: duplicate
libpng warning: eXIf: duplicate
libpng warning: eXIf: duplicate
libpng warning: eXIf: duplicate
libpng warning: eXIf: duplicate
libpng warning: eXIf: duplicate
libpng warning: eXIf: duplicate
libpng warning: eXIf: duplicate
libpng warning: eXIf: duplicate
libpng warning: eXIf: duplicate
libpng warning: eXIf: duplicate
libpng warning: eXIf: duplicate
libpng warning: eXIf: duplicate
libpng warning: eXIf: duplicate
libpng warning: eXIf: duplicate
libpng warning: eXIf: duplicate
libpng warning: eXIf: duplicate
libpng warning: eXIf: duplicate
libpng warning: eXIf: duplicate
libpng warning: eXIf: duplicate
libpng warning: eXIf: duplicate
libpng warning: eXIf: duplicate
libpng warning: eXIf: duplicate
libpng warning: eXIf: duplicate
libpng warning: eXIf: duplicate
libpng warning: eXIf: duplicate
libpng warning: eXIf: duplicate
libpng warning: eXIf: duplicate
libpng warning: eXIf: duplicate
libpng warning: eXIf: duplicate
libpng warning: eXIf: duplicate
libpng warning: eXIf: duplicate
libpng warning: eXIf: duplicate
libpng warning: eXIf: duplicate
libpng warning: eXIf: duplicate
libpng warning: eXIf: duplicate
libpng warning: eXIf: duplicate
libpng warning: eXIf: duplicate
libpng warning: eXIf: duplicate
libpng warning: eXIf: duplicate
libpng warning: eXIf: duplicate
libpng warning: eXIf: duplicate
libpng warning: eXIf: duplicate
libpng warning: eXIf: duplicate
libpng warning: eXIf: duplicate
libpng warning: eXIf: duplicate
libpng warning: eXIf: duplicate
libpng warning: eXIf: duplicate
libpng warning: eXIf: duplicate
libpng warning: eXIf: duplicate
libpng warning: eXIf: duplicate
libpng warning: eXIf: duplicate
libpng warning: eXIf: duplicate
libpng warning: eXIf: duplicate
libpng warning: eXIf: duplicate
libpng warning: eXIf: duplicate
libpng warning: eXIf: duplicate
libpng warning: eXIf: duplicate
libpng warning: eXIf: duplicate
libpng warning: eXIf: duplicate
libpng warning: eXIf: duplicate
libpng warning: eXIf: duplicate
libpng warning: eXIf: duplicate
libpng warning: eXIf: duplicate
libpng warning: eXIf: duplicate
libpng warning: eXIf: duplicate
libpng warning: eXIf: duplicate
libpng warning: eXIf: duplicate
libpng warning: eXIf: duplicate
libpng warning: eXIf: duplicate
libpng warning: eXIf: duplicate
libpng warning: eXIf: duplicate
libpng warning: eXIf: duplicate
libpng warning: eXIf: duplicate
libpng warning: eXIf: duplicate
libpng warning: eXIf: duplicate
libpng warning: eXIf: duplicate
libpng warning: eXIf: duplicate
libpng warning: eXIf: duplicate
libpng warning: eXIf: duplicate
libpng warning: eXIf: duplicate
libpng warning: eXIf: duplicate
libpng warning: eXIf: duplicate
libpng warning: eXIf: duplicate
libpng warning: eXIf: duplicate
libpng warning: eXIf: duplicate
libpng warning: eXIf: duplicate
libpng warning: eXIf: duplicate
libpng warning: eXIf: duplicate
libpng warning: eXIf: duplicate
libpng warning: eXIf: duplicate
libpng warning: eXIf: duplicate
libpng warning: eXIf: duplicate
libpng warning: eXIf: duplicate
libpng warning: eXIf: duplicate
libpng warning: eXIf: duplicate
libpng warning: eXIf: duplicate
libpng warning: eXIf: duplicate
libpng warning: eXIf: duplicate
libpng warning: eXIf: duplicate
libpng warning: eXIf: duplicate
libpng warning: eXIf: duplicate
libpng warning: eXIf: duplicate
libpng warning: eXIf: duplicate
libpng warning: eXIf: duplicate
libpng warning: eXIf: duplicate
libpng warning: eXIf: duplicate
libpng warning: eXIf: duplicate
libpng warning: eXIf: duplicate
libpng warning: eXIf: duplicate
libpng warning: eXIf: duplicate
libpng warning: eXIf: duplicate
libpng warning: eXIf: duplicate
libpng warning: eXIf: duplicate
libpng warning: eXIf: duplicate
libpng warning: eXIf: duplicate
libpng warning: eXIf: duplicate
libpng warning: eXIf: duplicate
libpng warning: eXIf: duplicate
libpng warning: eXIf: duplicate
libpng warning: eXIf: duplicate
libpng warning: eXIf: duplicate
libpng warning: eXIf: duplicate
libpng warning: eXIf: duplicate
libpng warning: eXIf: duplicate
libpng warning: eXIf: duplicate
libpng warning: eXIf: duplicate
libpng warning: eXIf: duplicate
libpng warning: eXIf: duplicate
libpng warning: eXIf: duplicate
libpng warning: eXIf: duplicate
libpng warning: eXIf: duplicate
libpng warning: eXIf: duplicate
libpng warning: eXIf: duplicate
libpng warning: eXIf: duplicate
libpng warning: eXIf: duplicate
libpng warning: eXIf: duplicate
libpng warning: eXIf: duplicate
libpng warning: eXIf: duplicate
libpng warning: eXIf: duplicate
libpng warning: eXIf: duplicate
libpng warning: eXIf: duplicate
libpng warning: eXIf: duplicate
libpng warning: eXIf: duplicate
libpng warning: eXIf: duplicate
libpng warning: eXIf: duplicate
libpng warning: eXIf: duplicate
libpng warning: eXIf: duplicate
libpng warning: eXIf: duplicate
libpng warning: eXIf: duplicate
libpng warning: eXIf: duplicate
libpng warning: eXIf: duplicate
libpng warning: eXIf: duplicate
libpng warning: eXIf: duplicate
libpng warning: eXIf: duplicate
libpng warning: eXIf: duplicate
libpng warning: eXIf: duplicate
libpng warning: eXIf: duplicate
libpng warning: eXIf: duplicate
libpng warning: eXIf: duplicate
libpng warning: eXIf: duplicate
libpng warning: eXIf: duplicate
libpng warning: eXIf: duplicate
libpng warning: eXIf: duplicate
libpng warning: eXIf: duplicate
libpng warning: eXIf: duplicate
libpng warning: eXIf: duplicate
libpng warning: eXIf: duplicate
libpng warning: eXIf: duplicate
libpng warning: eXIf: duplicate
libpng warning: eXIf: duplicate
libpng warning: eXIf: duplicate
libpng warning: eXIf: duplicate
libpng warning: eXIf: duplicate
libpng warning: eXIf: duplicate
libpng warning: eXIf: duplicate
libpng warning: eXIf: duplicate
libpng warning: eXIf: duplicate
libpng warning: eXIf: duplicate
libpng warning: eXIf: duplicate
libpng warning: eXIf: duplicate
libpng warning: eXIf: duplicate
libpng warning: eXIf: duplicate
libpng warning: eXIf: duplicate
libpng warning: eXIf: duplicate
libpng warning: eXIf: duplicate
libpng warning: eXIf: duplicate
libpng warning: eXIf: duplicate
libpng warning: eXIf: duplicate
libpng warning: eXIf: duplicate
libpng warning: eXIf: duplicate
libpng warning: eXIf: duplicate
libpng warning: eXIf: duplicate
libpng warning: eXIf: duplicate
libpng warning: eXIf: duplicate
libpng warning: eXIf: duplicate
libpng warning: eXIf: duplicate
libpng warning: eXIf: duplicate
libpng warning: eXIf: duplicate
libpng warning: eXIf: duplicate
libpng warning: eXIf: duplicate
libpng warning: eXIf: duplicate
libpng warning: eXIf: duplicate
libpng warning: eXIf: duplicate
libpng warning: eXIf: duplicate
libpng warning: eXIf: duplicate
libpng warning: eXIf: duplicate
libpng warning: eXIf: duplicate
libpng warning: eXIf: duplicate
libpng warning: eXIf: duplicate
libpng warning: eXIf: duplicate
libpng warning: eXIf: duplicate
libpng warning: eXIf: duplicate
libpng warning: eXIf: duplicate
libpng warning: eXIf: duplicate
libpng warning: eXIf: duplicate
libpng warning: eXIf: duplicate
libpng warning: eXIf: duplicate
libpng warning: eXIf: duplicate
libpng warning: eXIf: duplicate
libpng warning: eXIf: duplicate
libpng warning: eXIf: duplicate
libpng warning: eXIf: duplicate
libpng warning: eXIf: duplicate
libpng warning: eXIf: duplicate
libpng warning: eXIf: duplicate
libpng warning: eXIf: duplicate
libpng warning: eXIf: duplicate
libpng warning: eXIf: duplicate
libpng warning: eXIf: duplicate
libpng warning: eXIf: duplicate
libpng warning: eXIf: duplicate
libpng warning: eXIf: duplicate
libpng warning: eXIf: duplicate
libpng warning: eXIf: duplicate
libpng warning: eXIf: duplicate
libpng warning: eXIf: duplicate
libpng warning: eXIf: duplicate
libpng warning: eXIf: duplicate
libpng warning: eXIf: duplicate
libpng warning: eXIf: duplicate
libpng warning: eXIf: duplicate
libpng warning: eXIf: duplicate
libpng warning: eXIf: duplicate
libpng warning: eXIf: duplicate
libpng warning: eXIf: duplicate
libpng warning: eXIf: duplicate
libpng warning: eXIf: duplicate
libpng warning: eXIf: duplicate
libpng warning: eXIf: duplicate
libpng warning: eXIf: duplicate
libpng warning: eXIf: duplicate
libpng warning: eXIf: duplicate
libpng warning: eXIf: duplicate
libpng warning: eXIf: duplicate
libpng warning: eXIf: duplicate
libpng warning: eXIf: duplicate
libpng warning: eXIf: duplicate
libpng warning: eXIf: duplicate
libpng warning: eXIf: duplicate
libpng warning: eXIf: duplicate
libpng warning: eXIf: duplicate
libpng warning: eXIf: duplicate
libpng warning: eXIf: duplicate
libpng warning: eXIf: duplicate
libpng warning: eXIf: duplicate
libpng warning: eXIf: duplicate
libpng warning: eXIf: duplicate
libpng warning: eXIf: duplicate
libpng warning: eXIf: duplicate
libpng warning: eXIf: duplicate
libpng warning: eXIf: duplicate
libpng warning: eXIf: duplicate
libpng warning: eXIf: duplicate
libpng warning: eXIf: duplicate
libpng warning: eXIf: duplicate
libpng warning: eXIf: duplicate
libpng warning: eXIf: duplicate
libpng warning: eXIf: duplicate
libpng warning: eXIf: duplicate
libpng warning: eXIf: duplicate
libpng warning: eXIf: duplicate
libpng warning: eXIf: duplicate
libpng warning: eXIf: duplicate
libpng warning: eXIf: duplicate
libpng warning: eXIf: duplicate
libpng warning: eXIf: duplicate
libpng warning: eXIf: duplicate
libpng warning: eXIf: duplicate
libpng warning: eXIf: duplicate
libpng warning: eXIf: duplicate
libpng warning: eXIf: duplicate
libpng warning: eXIf: duplicate
libpng warning: eXIf: duplicate
libpng warning: eXIf: duplicate
libpng warning: eXIf: duplicate
libpng warning: eXIf: duplicate
libpng warning: eXIf: duplicate
libpng warning: eXIf: duplicate
libpng warning: eXIf: duplicate
libpng warning: eXIf: duplicate
libpng warning: eXIf: duplicate
libpng warning: eXIf: duplicate
libpng warning: eXIf: duplicate
libpng warning: eXIf: duplicate
libpng warning: eXIf: duplicate
libpng warning: eXIf: duplicate
libpng warning: eXIf: duplicate
libpng warning: eXIf: duplicate
libpng warning: eXIf: duplicate
libpng warning: eXIf: duplicate
libpng warning: eXIf: duplicate
libpng warning: eXIf: duplicate
libpng warning: eXIf: duplicate
libpng warning: eXIf: duplicate
libpng warning: eXIf: duplicate
libpng warning: eXIf: duplicate
libpng warning: eXIf: duplicate
libpng warning: eXIf: duplicate
libpng warning: eXIf: duplicate
libpng warning: eXIf: duplicate
libpng warning: eXIf: duplicate
libpng warning: eXIf: duplicate
libpng warning: eXIf: duplicate
libpng warning: eXIf: duplicate
libpng warning: eXIf: duplicate
libpng warning: eXIf: duplicate
libpng warning: eXIf: duplicate
libpng warning: eXIf: duplicate
libpng warning: eXIf: duplicate
libpng warning: eXIf: duplicate
libpng warning: eXIf: duplicate
libpng warning: eXIf: duplicate
libpng warning: eXIf: duplicate
libpng warning: eXIf: duplicate
libpng warning: eXIf: duplicate
libpng warning: eXIf: duplicate
libpng warning: eXIf: duplicate
libpng warning: eXIf: duplicate
libpng warning: eXIf: duplicate
libpng warning: eXIf: duplicate
libpng warning: eXIf: duplicate
libpng warning: eXIf: duplicate
libpng warning: eXIf: duplicate
libpng warning: eXIf: duplicate
libpng warning: eXIf: duplicate
libpng warning: eXIf: duplicate
libpng warning: eXIf: duplicate
libpng warning: eXIf: duplicate
libpng warning: eXIf: duplicate
libpng warning: eXIf: duplicate
libpng warning: eXIf: duplicate
libpng warning: eXIf: duplicate
libpng warning: eXIf: duplicate
libpng warning: eXIf: duplicate
libpng warning: eXIf: duplicate
libpng warning: eXIf: duplicate
libpng warning: eXIf: duplicate
libpng warning: eXIf: duplicate
libpng warning: eXIf: duplicate
libpng warning: eXIf: duplicate
libpng warning: eXIf: duplicate
libpng warning: eXIf: duplicate
libpng warning: eXIf: duplicate
libpng warning: eXIf: duplicate
libpng warning: eXIf: duplicate
libpng warning: eXIf: duplicate
libpng warning: eXIf: duplicate
libpng warning: eXIf: duplicate
libpng warning: eXIf: duplicate
libpng warning: eXIf: duplicate
libpng warning: eXIf: duplicate
libpng warning: eXIf: duplicate
libpng warning: eXIf: duplicate
libpng warning: eXIf: duplicate
libpng warning: eXIf: duplicate
libpng warning: eXIf: duplicate
libpng warning: eXIf: duplicate
libpng warning: eXIf: duplicate
libpng warning: eXIf: duplicate
libpng warning: eXIf: duplicate
libpng warning: eXIf: duplicate
libpng warning: eXIf: duplicate
libpng warning: eXIf: duplicate
libpng warning: eXIf: duplicate
libpng warning: eXIf: duplicate
libpng warning: eXIf: duplicate
libpng warning: eXIf: duplicate
libpng warning: eXIf: duplicate
libpng warning: eXIf: duplicate
libpng warning: eXIf: duplicate
libpng warning: eXIf: duplicate
libpng warning: eXIf: duplicate
libpng warning: eXIf: duplicate
libpng warning: eXIf: duplicate
libpng warning: eXIf: duplicate
libpng warning: eXIf: duplicate
libpng warning: eXIf: duplicate
libpng warning: eXIf: duplicate
libpng warning: eXIf: duplicate
libpng warning: eXIf: duplicate
libpng warning: eXIf: duplicate
libpng warning: eXIf: duplicate
libpng warning: eXIf: duplicate
libpng warning: eXIf: duplicate
libpng warning: eXIf: duplicate
libpng warning: eXIf: duplicate
libpng warning: eXIf: duplicate
libpng warning: eXIf: duplicate
libpng warning: eXIf: duplicate
libpng warning: eXIf: duplicate
libpng warning: eXIf: duplicate
libpng warning: eXIf: duplicate
libpng warning: eXIf: duplicate
libpng warning: eXIf: duplicate
libpng warning: eXIf: duplicate
libpng warning: eXIf: duplicate
libpng warning: eXIf: duplicate
libpng warning: eXIf: duplicate
libpng warning: eXIf: duplicate
libpng warning: eXIf: duplicate
libpng warning: eXIf: duplicate
libpng warning: eXIf: duplicate
libpng warning: eXIf: duplicate
libpng warning: eXIf: duplicate
libpng warning: eXIf: duplicate
libpng warning: eXIf: duplicate
libpng warning: eXIf: duplicate
libpng warning: eXIf: duplicate
libpng warning: eXIf: duplicate
libpng warning: eXIf: duplicate
libpng warning: eXIf: duplicate
libpng warning: eXIf: duplicate
libpng warning: eXIf: duplicate
libpng warning: eXIf: duplicate
libpng warning: eXIf: duplicate
libpng warning: eXIf: duplicate
libpng warning: eXIf: duplicate
libpng warning: eXIf: duplicate
libpng warning: eXIf: duplicate
libpng warning: eXIf: duplicate
libpng warning: eXIf: duplicate
libpng warning: eXIf: duplicate
libpng warning: eXIf: duplicate
libpng warning: eXIf: duplicate
libpng warning: eXIf: duplicate
libpng warning: eXIf: duplicate
libpng warning: eXIf: duplicate
libpng warning: eXIf: duplicate
libpng warning: eXIf: duplicate
libpng warning: eXIf: duplicate
libpng warning: eXIf: duplicate
libpng warning: eXIf: duplicate
libpng warning: eXIf: duplicate
libpng warning: eXIf: duplicate
libpng warning: eXIf: duplicate
libpng warning: eXIf: duplicate
libpng warning: eXIf: duplicate
libpng warning: eXIf: duplicate
libpng warning: eXIf: duplicate
libpng warning: eXIf: duplicate
libpng warning: eXIf: duplicate
libpng warning: eXIf: duplicate
libpng warning: eXIf: duplicate
libpng warning: eXIf: duplicate
libpng warning: eXIf: duplicate
libpng warning: eXIf: duplicate
libpng warning: eXIf: duplicate
libpng warning: eXIf: duplicate
libpng warning: eXIf: duplicate
libpng warning: eXIf: duplicate
libpng warning: eXIf: duplicate
libpng warning: eXIf: duplicate
libpng warning: eXIf: duplicate
libpng warning: eXIf: duplicate
libpng warning: eXIf: duplicate
libpng warning: eXIf: duplicate
libpng warning: eXIf: duplicate
libpng warning: eXIf: duplicate
libpng warning: eXIf: duplicate
libpng warning: eXIf: duplicate
libpng warning: eXIf: duplicate
libpng warning: eXIf: duplicate
libpng warning: eXIf: duplicate
libpng warning: eXIf: duplicate
libpng warning: eXIf: duplicate
libpng warning: eXIf: duplicate
libpng warning: eXIf: duplicate
libpng warning: eXIf: duplicate
libpng warning: eXIf: duplicate
libpng warning: eXIf: duplicate
libpng warning: eXIf: duplicate
libpng warning: eXIf: duplicate
libpng warning: eXIf: duplicate
libpng warning: eXIf: duplicate
libpng warning: eXIf: duplicate
libpng warning: eXIf: duplicate
libpng warning: eXIf: duplicate
libpng warning: eXIf: duplicate
libpng warning: eXIf: duplicate
libpng warning: eXIf: duplicate
libpng warning: eXIf: duplicate
libpng warning: eXIf: duplicate
libpng warning: eXIf: duplicate
libpng warning: eXIf: duplicate
libpng warning: eXIf: duplicate
libpng warning: eXIf: duplicate
libpng warning: eXIf: duplicate
libpng warning: eXIf: duplicate
libpng warning: eXIf: duplicate
libpng warning: eXIf: duplicate
libpng warning: eXIf: duplicate
libpng warning: eXIf: duplicate
libpng warning: eXIf: duplicate
libpng warning: eXIf: duplicate
libpng warning: eXIf: duplicate
libpng warning: eXIf: duplicate
libpng warning: eXIf: duplicate
libpng warning: eXIf: duplicate
libpng warning: eXIf: duplicate
libpng warning: eXIf: duplicate
libpng warning: eXIf: duplicate
libpng warning: eXIf: duplicate
libpng warning: eXIf: duplicate
libpng warning: eXIf: duplicate
libpng warning: eXIf: duplicate
libpng warning: eXIf: duplicate
libpng warning: eXIf: duplicate
libpng warning: eXIf: duplicate
libpng warning: eXIf: duplicate
libpng warning: eXIf: duplicate
libpng warning: eXIf: duplicate
libpng warning: eXIf: duplicate
libpng warning: eXIf: duplicate
libpng warning: eXIf: duplicate
libpng warning: eXIf: duplicate
libpng warning: eXIf: duplicate
libpng warning: eXIf: duplicate
libpng warning: eXIf: duplicate
libpng warning: eXIf: duplicate
libpng warning: eXIf: duplicate
libpng warning: eXIf: duplicate
libpng warning: eXIf: duplicate
libpng warning: eXIf: duplicate
libpng warning: eXIf: duplicate
libpng warning: eXIf: duplicate
libpng warning: eXIf: duplicate
libpng warning: eXIf: duplicate
libpng warning: eXIf: duplicate
libpng warning: eXIf: duplicate
libpng warning: eXIf: duplicate
libpng warning: eXIf: duplicate
libpng warning: eXIf: duplicate
libpng warning: eXIf: duplicate
libpng warning: eXIf: duplicate
libpng warning: eXIf: duplicate
libpng warning: eXIf: duplicate
libpng warning: eXIf: duplicate
libpng warning: eXIf: duplicate
libpng warning: eXIf: duplicate
libpng warning: eXIf: duplicate
libpng warning: eXIf: duplicate
libpng warning: eXIf: duplicate
libpng warning: eXIf: duplicate
libpng warning: eXIf: duplicate
libpng warning: eXIf: duplicate
libpng warning: eXIf: duplicate
libpng warning: eXIf: duplicate
libpng warning: eXIf: duplicate
libpng warning: eXIf: duplicate
libpng warning: eXIf: duplicate
libpng warning: eXIf: duplicate
libpng warning: eXIf: duplicate
libpng warning: eXIf: duplicate
libpng warning: eXIf: duplicate
libpng warning: eXIf: duplicate
libpng warning: eXIf: duplicate
libpng warning: eXIf: duplicate
libpng warning: eXIf: duplicate
libpng warning: eXIf: duplicate
libpng warning: eXIf: duplicate
libpng warning: eXIf: duplicate
libpng warning: eXIf: duplicate
libpng warning: eXIf: duplicate
libpng warning: eXIf: duplicate
libpng warning: eXIf: duplicate
libpng warning: eXIf: duplicate
libpng warning: eXIf: duplicate
libpng warning: eXIf: duplicate
libpng warning: eXIf: duplicate
libpng warning: eXIf: duplicate
libpng warning: eXIf: duplicate
libpng warning: eXIf: duplicate
libpng warning: eXIf: duplicate
libpng warning: eXIf: duplicate
libpng warning: eXIf: duplicate
libpng warning: eXIf: duplicate
libpng warning: eXIf: duplicate
libpng warning: eXIf: duplicate
libpng warning: eXIf: duplicate
libpng warning: eXIf: duplicate
libpng warning: eXIf: duplicate
libpng warning: eXIf: duplicate
libpng warning: eXIf: duplicate
libpng warning: eXIf: duplicate
libpng warning: eXIf: duplicate
libpng warning: eXIf: duplicate
libpng warning: eXIf: duplicate
libpng warning: eXIf: duplicate
libpng warning: eXIf: duplicate
libpng warning: eXIf: duplicate
libpng warning: eXIf: duplicate
libpng warning: eXIf: duplicate
libpng warning: eXIf: duplicate
libpng warning: eXIf: duplicate
libpng warning: eXIf: duplicate
libpng warning: eXIf: duplicate

alpha count: 215591 234708
reverse false
base dir name: ['', '4T', 'CXY', 'MV-Painter', 'data', 'train_data']
alpha count: 234407 248711
reverse false
base dir name: ['', '4T', 'CXY', 'MV-Painter', 'data', 'train_data']
alpha count: 199244 190814
reverse true
base dir name: ['', '4T', 'CXY', 'MV-Painter', 'data', 'train_data']
alpha count: 244634 230232
reverse true
[880/2000] loss=0.1018 (ema 0.0855) lr=6.43e-05 grad=0.119 | fsc_modules=3.0e-03 gsg_modules=8.0e-02 ltag=4.4e-03 | 1.2s
base dir name: ['', '4T', 'CXY', 'MV-Painter', 'data', 'train_data']
alpha count: 238686 232938
reverse true
base dir name: ['', '4T', 'CXY', 'MV-Painter', 'data', 'train_data']
alpha count: 249377 166836
reverse true
base dir name: ['', '4T', 'CXY', 'MV-Painter', 'data', 'train_data']
alpha count: 213019 195483
reverse true
base dir name: ['', '4T', 'CXY', 'MV-Painter', 'data', 'train_data']
alpha count: 224237 221526
reverse true
base dir name: ['', '4T', 'CXY', 'MV-Painter', 'data', 'train_data']
alpha count: 197049 166675
reverse true
base dir name: ['', '4T', 'CXY', 'MV-Painter', 'data', 'train_data']
alpha count: 214326 221814
reverse false
base dir name: ['', '4T', 'CXY', 'MV-Painter', 'data', 'train_data']
alpha count: 228832 231110
reverse false
base dir name: ['', '4T', 'CXY', 'MV-Painter', 'data', 'train_data']
alpha count: 245692 259697
reverse false
base dir name: ['', '4T', 'CXY', 'MV-Painter', 'data', 'train_data']
alpha count: 252657 246437
reverse true
base dir name: ['', '4T', 'CXY', 'MV-Painter', 'data', 'train_data']
alpha count: 246882 217639
reverse true
base dir name: ['', '4T', 'CXY', 'MV-Painter', 'data', 'train_data']
alpha count: 236115 195830
reverse true
base dir name: ['', '4T', 'CXY', 'MV-Painter', 'data', 'train_data']
alpha count: 208752 223181
reverse false
base dir name: ['', '4T', 'CXY', 'MV-Painter', 'data', 'train_data']
alpha count: 246813 222518
reverse true
base dir name: ['', '4T', 'CXY', 'MV-Painter', 'data', 'train_data']
alpha count: 252939 251030
reverse true
base dir name: ['', '4T', 'CXY', 'MV-Painter', 'data', 'train_data']
alpha count: 154761 154759
reverse true
base dir name: ['', '4T', 'CXY', 'MV-Painter', 'data', 'train_data']
alpha count: 231445 216085
reverse true
base dir name: ['', '4T', 'CXY', 'MV-Painter', 'data', 'train_data']
alpha count: 241613 230614
reverse true
base dir name: ['', '4T', 'CXY', 'MV-Painter', 'data', 'train_data']
alpha count: 237446 238073
reverse false
base dir name: ['', '4T', 'CXY', 'MV-Painter', 'data', 'train_data']
alpha count: 222470 226208
reverse false
base dir name: ['', '4T', 'CXY', 'MV-Painter', 'data', 'train_data']
alpha count: 241671 228025
reverse true
[900/2000] loss=0.1498 (ema 0.0873) lr=6.27e-05 grad=0.117 | fsc_modules=5.9e-03 gsg_modules=8.2e-02 ltag=5.4e-03 | 1.1s
base dir name: ['', '4T', 'CXY', 'MV-Painter', 'data', 'train_data']
alpha count: 246683 229259
reverse true
base dir name: ['', '4T', 'CXY', 'MV-Painter', 'data', 'train_data']
alpha count: 183077 190832
reverse false
base dir name: ['', '4T', 'CXY', 'MV-Painter', 'data', 'train_data']
alpha count: 229882 229650
reverse true
base dir name: ['', '4T', 'CXY', 'MV-Painter', 'data', 'train_data']
alpha count: 221397 219819
reverse true
base dir name: ['', '4T', 'CXY', 'MV-Painter', 'data', 'train_data']
alpha count: 239620 223128
reverse true
base dir name: ['', '4T', 'CXY', 'MV-Painter', 'data', 'train_data']
alpha count: 228101 236206
reverse false
base dir name: ['', '4T', 'CXY', 'MV-Painter', 'data', 'train_data']
alpha count: 174757 174909
reverse false
base dir name: ['', '4T', 'CXY', 'MV-Painter', 'data', 'train_data']
alpha count: 214818 220867
reverse false
base dir name: ['', '4T', 'CXY', 'MV-Painter', 'data', 'train_data']
alpha count: 239949 259392
reverse false
base dir name: ['', '4T', 'CXY', 'MV-Painter', 'data', 'train_data']
alpha count: 255727 261251
reverse false
base dir name: ['', '4T', 'CXY', 'MV-Painter', 'data', 'train_data']
alpha count: 223232 232210
reverse false
base dir name: ['', '4T', 'CXY', 'MV-Painter', 'data', 'train_data']
alpha count: 237211 226467
reverse true
base dir name: ['', '4T', 'CXY', 'MV-Painter', 'data', 'train_data']
alpha count: 195060 203644
reverse false
base dir name: ['', '4T', 'CXY', 'MV-Painter', 'data', 'train_data']
alpha count: 208778 187938
reverse true
base dir name: ['', '4T', 'CXY', 'MV-Painter', 'data', 'train_data']
alpha count: 255653 132415
reverse true
base dir name: ['', '4T', 'CXY', 'MV-Painter', 'data', 'train_data']
alpha count: 255175 260884
reverse false
base dir name: ['', '4T', 'CXY', 'MV-Painter', 'data', 'train_data']
alpha count: 242364 250716
reverse false
base dir name: ['', '4T', 'CXY', 'MV-Painter', 'data', 'train_data']
alpha count: 259129 249040
reverse true
base dir name: ['', '4T', 'CXY', 'MV-Painter', 'data', 'train_data']
alpha count: 237807 226337
reverse true
base dir name: ['', '4T', 'CXY', 'MV-Painter', 'data', 'train_data']
alpha count: 233642 202564
reverse true
[920/2000] loss=0.1019 (ema 0.0853) lr=6.11e-05 grad=0.106 | fsc_modules=2.7e-03 gsg_modules=6.7e-02 ltag=7.0e-03 | 1.2s
base dir name: ['', '4T', 'CXY', 'MV-Painter', 'data', 'train_data']
alpha count: 234106 228473
reverse true
base dir name: ['', '4T', 'CXY', 'MV-Painter', 'data', 'train_data']
alpha count: 253258 246804
reverse true
base dir name: ['', '4T', 'CXY', 'MV-Painter', 'data', 'train_data']
alpha count: 238384 233840
reverse true
base dir name: ['', '4T', 'CXY', 'MV-Painter', 'data', 'train_data']
alpha count: 234582 219561
reverse true
base dir name: ['', '4T', 'CXY', 'MV-Painter', 'data', 'train_data']
alpha count: 254627 260634
reverse false
base dir name: ['', '4T', 'CXY', 'MV-Painter', 'data', 'train_data']
alpha count: 243048 235595
reverse true
base dir name: ['', '4T', 'CXY', 'MV-Painter', 'data', 'train_data']
alpha count: 221942 229651
reverse false
base dir name: ['', '4T', 'CXY', 'MV-Painter', 'data', 'train_data']
alpha count: 219640 230607
reverse false
base dir name: ['', '4T', 'CXY', 'MV-Painter', 'data', 'train_data']
alpha count: 246336 234564
reverse true
base dir name: ['', '4T', 'CXY', 'MV-Painter', 'data', 'train_data']
alpha count: 252186 256533
reverse false
base dir name: ['', '4T', 'CXY', 'MV-Painter', 'data', 'train_data']
alpha count: 255573 260985
reverse false
base dir name: ['', '4T', 'CXY', 'MV-Painter', 'data', 'train_data']
alpha count: 237627 238242
reverse false
base dir name: ['', '4T', 'CXY', 'MV-Painter', 'data', 'train_data']
alpha count: 204847 231009
reverse false
base dir name: ['', '4T', 'CXY', 'MV-Painter', 'data', 'train_data']
alpha count: 219020 206746
reverse true
base dir name: ['', '4T', 'CXY', 'MV-Painter', 'data', 'train_data']
alpha count: 232432 232507
reverse false
base dir name: ['', '4T', 'CXY', 'MV-Painter', 'data', 'train_data']
alpha count: 212678 213912
reverse false
base dir name: ['', '4T', 'CXY', 'MV-Painter', 'data', 'train_data']
alpha count: 239137 238139
reverse true
base dir name: ['', '4T', 'CXY', 'MV-Painter', 'data', 'train_data']
alpha count: 219033 215374
reverse true
base dir name: ['', '4T', 'CXY', 'MV-Painter', 'data', 'train_data']
alpha count: 194764 225339
reverse false
base dir name: ['', '4T', 'CXY', 'MV-Painter', 'data', 'train_data']
alpha count: 168332 184546
reverse false
[940/2000] loss=0.2417 (ema 0.0856) lr=5.95e-05 grad=0.070 | fsc_modules=1.5e-03 gsg_modules=4.3e-02 ltag=6.8e-03 | 1.4s
base dir name: ['', '4T', 'CXY', 'MV-Painter', 'data', 'train_data']
alpha count: 223007 222194
reverse true
base dir name: ['', '4T', 'CXY', 'MV-Painter', 'data', 'train_data']
alpha count: 221421 215914
reverse true
base dir name: ['', '4T', 'CXY', 'MV-Painter', 'data', 'train_data']
alpha count: 160397 160396
reverse true
base dir name: ['', '4T', 'CXY', 'MV-Painter', 'data', 'train_data']
alpha count: 237335 235413
reverse true
base dir name: ['', '4T', 'CXY', 'MV-Painter', 'data', 'train_data']
alpha count: 240333 198202
reverse true
base dir name: ['', '4T', 'CXY', 'MV-Painter', 'data', 'train_data']
alpha count: 234405 242200
reverse false
base dir name: ['', '4T', 'CXY', 'MV-Painter', 'data', 'train_data']
alpha count: 238881 216370
reverse true
base dir name:libpng warning: eXIf: duplicate
libpng warning: eXIf: duplicate
libpng warning: eXIf: duplicate
libpng warning: eXIf: duplicate
libpng warning: eXIf: duplicate
libpng warning: eXIf: duplicate
libpng warning: eXIf: duplicate
libpng warning: eXIf: duplicate
libpng warning: eXIf: duplicate
libpng warning: eXIf: duplicate
libpng warning: eXIf: duplicate
libpng warning: eXIf: duplicate
libpng warning: eXIf: duplicate
libpng warning: eXIf: duplicate
libpng warning: eXIf: duplicate
libpng warning: eXIf: duplicate
libpng warning: eXIf: duplicate
libpng warning: eXIf: duplicate
libpng warning: eXIf: duplicate
libpng warning: eXIf: duplicate
libpng warning: eXIf: duplicate
libpng warning: eXIf: duplicate
libpng warning: eXIf: duplicate
libpng warning: eXIf: duplicate
libpng warning: eXIf: duplicate
libpng warning: eXIf: duplicate
libpng warning: eXIf: duplicate
libpng warning: eXIf: duplicate
libpng warning: eXIf: duplicate
libpng warning: eXIf: duplicate
libpng warning: eXIf: duplicate
libpng warning: eXIf: duplicate
libpng warning: eXIf: duplicate
libpng warning: eXIf: duplicate
libpng warning: eXIf: duplicate
libpng warning: eXIf: duplicate
libpng warning: eXIf: duplicate
libpng warning: eXIf: duplicate
libpng warning: eXIf: duplicate
libpng warning: eXIf: duplicate
libpng warning: eXIf: duplicate
libpng warning: eXIf: duplicate
libpng warning: eXIf: duplicate
libpng warning: eXIf: duplicate
libpng warning: eXIf: duplicate
libpng warning: eXIf: duplicate
libpng warning: eXIf: duplicate
libpng warning: eXIf: duplicate
libpng warning: eXIf: duplicate
libpng warning: eXIf: duplicate
libpng warning: eXIf: duplicate
libpng warning: eXIf: duplicate
libpng warning: eXIf: duplicate
libpng warning: eXIf: duplicate
libpng warning: eXIf: duplicate
libpng warning: eXIf: duplicate
libpng warning: eXIf: duplicate
libpng warning: eXIf: duplicate
libpng warning: eXIf: duplicate
libpng warning: eXIf: duplicate
libpng warning: eXIf: duplicate
libpng warning: eXIf: duplicate
libpng warning: eXIf: duplicate
libpng warning: eXIf: duplicate
libpng warning: eXIf: duplicate
libpng warning: eXIf: duplicate
libpng warning: eXIf: duplicate
libpng warning: eXIf: duplicate
libpng warning: eXIf: duplicate
libpng warning: eXIf: duplicate
libpng warning: eXIf: duplicate
libpng warning: eXIf: duplicate
libpng warning: eXIf: duplicate
libpng warning: eXIf: duplicate
libpng warning: eXIf: duplicate
libpng warning: eXIf: duplicate
libpng warning: eXIf: duplicate
libpng warning: eXIf: duplicate
libpng warning: eXIf: duplicate
libpng warning: eXIf: duplicate
libpng warning: eXIf: duplicate
libpng warning: eXIf: duplicate
libpng warning: eXIf: duplicate
libpng warning: eXIf: duplicate
libpng warning: eXIf: duplicate
libpng warning: eXIf: duplicate
libpng warning: eXIf: duplicate
libpng warning: eXIf: duplicate
libpng warning: eXIf: duplicate
libpng warning: eXIf: duplicate
libpng warning: eXIf: duplicate
libpng warning: eXIf: duplicate
libpng warning: eXIf: duplicate
libpng warning: eXIf: duplicate
libpng warning: eXIf: duplicate
libpng warning: eXIf: duplicate
libpng warning: eXIf: duplicate
libpng warning: eXIf: duplicate
libpng warning: eXIf: duplicate
libpng warning: eXIf: duplicate
libpng warning: eXIf: duplicate
libpng warning: eXIf: duplicate
libpng warning: eXIf: duplicate
libpng warning: eXIf: duplicate
libpng warning: eXIf: duplicate
libpng warning: eXIf: duplicate
libpng warning: eXIf: duplicate
libpng warning: eXIf: duplicate
libpng warning: eXIf: duplicate
libpng warning: eXIf: duplicate
libpng warning: eXIf: duplicate
libpng warning: eXIf: duplicate
libpng warning: eXIf: duplicate
libpng warning: eXIf: duplicate
libpng warning: eXIf: duplicate
libpng warning: eXIf: duplicate
libpng warning: eXIf: duplicate
libpng warning: eXIf: duplicate
libpng warning: eXIf: duplicate
libpng warning: eXIf: duplicate
libpng warning: eXIf: duplicate
libpng warning: eXIf: duplicate
libpng warning: eXIf: duplicate
libpng warning: eXIf: duplicate
libpng warning: eXIf: duplicate
libpng warning: eXIf: duplicate
libpng warning: eXIf: duplicate
libpng warning: eXIf: duplicate
libpng warning: eXIf: duplicate
libpng warning: eXIf: duplicate
libpng warning: eXIf: duplicate
libpng warning: eXIf: duplicate
libpng warning: eXIf: duplicate
libpng warning: eXIf: duplicate
libpng warning: eXIf: duplicate
libpng warning: eXIf: duplicate
libpng warning: eXIf: duplicate
libpng warning: eXIf: duplicate
libpng warning: eXIf: duplicate
libpng warning: eXIf: duplicate
libpng warning: eXIf: duplicate
libpng warning: eXIf: duplicate
libpng warning: eXIf: duplicate
libpng warning: eXIf: duplicate
libpng warning: eXIf: duplicate
libpng warning: eXIf: duplicate
libpng warning: eXIf: duplicate
libpng warning: eXIf: duplicate
libpng warning: eXIf: duplicate
libpng warning: eXIf: duplicate
libpng warning: eXIf: duplicate
libpng warning: eXIf: duplicate
libpng warning: eXIf: duplicate
libpng warning: eXIf: duplicate
libpng warning: eXIf: duplicate
libpng warning: eXIf: duplicate
libpng warning: eXIf: duplicate
libpng warning: eXIf: duplicate
libpng warning: eXIf: duplicate
libpng warning: eXIf: duplicate
libpng warning: eXIf: duplicate
libpng warning: eXIf: duplicate
libpng warning: eXIf: duplicate
libpng warning: eXIf: duplicate
libpng warning: eXIf: duplicate
libpng warning: eXIf: duplicate
libpng warning: eXIf: duplicate
libpng warning: eXIf: duplicate
libpng warning: eXIf: duplicate
libpng warning: eXIf: duplicate
libpng warning: eXIf: duplicate
libpng warning: eXIf: duplicate
libpng warning: eXIf: duplicate
libpng warning: eXIf: duplicate
libpng warning: eXIf: duplicate
libpng warning: eXIf: duplicate
libpng warning: eXIf: duplicate
libpng warning: eXIf: duplicate
libpng warning: eXIf: duplicate
libpng warning: eXIf: duplicate
libpng warning: eXIf: duplicate
libpng warning: eXIf: duplicate
libpng warning: eXIf: duplicate
libpng warning: eXIf: duplicate
libpng warning: eXIf: duplicate
libpng warning: eXIf: duplicate
libpng warning: eXIf: duplicate
libpng warning: eXIf: duplicate
libpng warning: eXIf: duplicate
libpng warning: eXIf: duplicate
libpng warning: eXIf: duplicate
libpng warning: eXIf: duplicate
libpng warning: eXIf: duplicate
libpng warning: eXIf: duplicate
libpng warning: eXIf: duplicate
libpng warning: eXIf: duplicate
libpng warning: eXIf: duplicate
libpng warning: eXIf: duplicate
libpng warning: eXIf: duplicate
libpng warning: eXIf: duplicate
libpng warning: eXIf: duplicate
libpng warning: eXIf: duplicate
libpng warning: eXIf: duplicate
libpng warning: eXIf: duplicate
libpng warning: eXIf: duplicate
libpng warning: eXIf: duplicate
libpng warning: eXIf: duplicate
libpng warning: eXIf: duplicate
libpng warning: eXIf: duplicate
libpng warning: eXIf: duplicate
libpng warning: eXIf: duplicate
libpng warning: eXIf: duplicate
libpng warning: eXIf: duplicate
libpng warning: eXIf: duplicate
libpng warning: eXIf: duplicate
libpng warning: eXIf: duplicate
libpng warning: eXIf: duplicate
libpng warning: eXIf: duplicate
libpng warning: eXIf: duplicate
libpng warning: eXIf: duplicate
libpng warning: eXIf: duplicate
libpng warning: eXIf: duplicate
libpng warning: eXIf: duplicate
libpng warning: eXIf: duplicate
libpng warning: eXIf: duplicate
libpng warning: eXIf: duplicate
libpng warning: eXIf: duplicate
libpng warning: eXIf: duplicate
libpng warning: eXIf: duplicate
libpng warning: eXIf: duplicate
libpng warning: eXIf: duplicate
libpng warning: eXIf: duplicate
libpng warning: eXIf: duplicate
libpng warning: eXIf: duplicate
libpng warning: eXIf: duplicate
libpng warning: eXIf: duplicate
libpng warning: eXIf: duplicate
libpng warning: eXIf: duplicate
libpng warning: eXIf: duplicate
libpng warning: eXIf: duplicate
libpng warning: eXIf: duplicate
libpng warning: eXIf: duplicate
libpng warning: eXIf: duplicate
libpng warning: eXIf: duplicate
libpng warning: eXIf: duplicate
libpng warning: eXIf: duplicate
libpng warning: eXIf: duplicate
libpng warning: eXIf: duplicate
libpng warning: eXIf: duplicate
libpng warning: eXIf: duplicate
libpng warning: eXIf: duplicate
libpng warning: eXIf: duplicate
libpng warning: eXIf: duplicate
libpng warning: eXIf: duplicate
libpng warning: eXIf: duplicate
libpng warning: eXIf: duplicate
libpng warning: eXIf: duplicate
libpng warning: eXIf: duplicate
libpng warning: eXIf: duplicate
libpng warning: eXIf: duplicate
libpng warning: eXIf: duplicate
libpng warning: eXIf: duplicate
libpng warning: eXIf: duplicate
libpng warning: eXIf: duplicate
libpng warning: eXIf: duplicate
libpng warning: eXIf: duplicate
libpng warning: eXIf: duplicate
libpng warning: eXIf: duplicate
libpng warning: eXIf: duplicate
libpng warning: eXIf: duplicate
libpng warning: eXIf: duplicate
libpng warning: eXIf: duplicate
libpng warning: eXIf: duplicate
libpng warning: eXIf: duplicate
libpng warning: eXIf: duplicate
libpng warning: eXIf: duplicate
libpng warning: eXIf: duplicate
libpng warning: eXIf: duplicate
libpng warning: eXIf: duplicate
libpng warning: eXIf: duplicate
libpng warning: eXIf: duplicate
libpng warning: eXIf: duplicate
libpng warning: eXIf: duplicate
libpng warning: eXIf: duplicate
libpng warning: eXIf: duplicate
libpng warning: eXIf: duplicate
libpng warning: eXIf: duplicate
libpng warning: eXIf: duplicate
libpng warning: eXIf: duplicate
libpng warning: eXIf: duplicate
libpng warning: eXIf: duplicate
libpng warning: eXIf: duplicate
libpng warning: eXIf: duplicate
libpng warning: eXIf: duplicate
libpng warning: eXIf: duplicate
libpng warning: eXIf: duplicate
libpng warning: eXIf: duplicate
libpng warning: eXIf: duplicate
libpng warning: eXIf: duplicate
libpng warning: eXIf: duplicate
libpng warning: eXIf: duplicate
libpng warning: eXIf: duplicate
libpng warning: eXIf: duplicate
libpng warning: eXIf: duplicate
libpng warning: eXIf: duplicate
libpng warning: eXIf: duplicate
libpng warning: eXIf: duplicate
libpng warning: eXIf: duplicate
libpng warning: eXIf: duplicate
libpng warning: eXIf: duplicate
libpng warning: eXIf: duplicate
libpng warning: eXIf: duplicate
libpng warning: eXIf: duplicate
libpng warning: eXIf: duplicate
libpng warning: eXIf: duplicate
libpng warning: eXIf: duplicate
libpng warning: eXIf: duplicate
libpng warning: eXIf: duplicate
libpng warning: eXIf: duplicate
libpng warning: eXIf: duplicate
libpng warning: eXIf: duplicate
libpng warning: eXIf: duplicate
libpng warning: eXIf: duplicate
libpng warning: eXIf: duplicate
libpng warning: eXIf: duplicate
libpng warning: eXIf: duplicate
libpng warning: eXIf: duplicate
libpng warning: eXIf: duplicate
libpng warning: eXIf: duplicate
libpng warning: eXIf: duplicate
libpng warning: eXIf: duplicate
libpng warning: eXIf: duplicate
libpng warning: eXIf: duplicate
libpng warning: eXIf: duplicate
libpng warning: eXIf: duplicate
libpng warning: eXIf: duplicate
libpng warning: eXIf: duplicate
libpng warning: eXIf: duplicate
libpng warning: eXIf: duplicate
libpng warning: eXIf: duplicate
libpng warning: eXIf: duplicate
libpng warning: eXIf: duplicate
libpng warning: eXIf: duplicate
libpng warning: eXIf: duplicate
libpng warning: eXIf: duplicate
libpng warning: eXIf: duplicate
libpng warning: eXIf: duplicate
libpng warning: eXIf: duplicate
libpng warning: eXIf: duplicate
libpng warning: eXIf: duplicate
libpng warning: eXIf: duplicate
libpng warning: eXIf: duplicate
libpng warning: eXIf: duplicate
libpng warning: eXIf: duplicate
libpng warning: eXIf: duplicate
libpng warning: eXIf: duplicate
libpng warning: eXIf: duplicate
libpng warning: eXIf: duplicate
libpng warning: eXIf: duplicate
libpng warning: eXIf: duplicate
libpng warning: eXIf: duplicate
libpng warning: eXIf: duplicate
libpng warning: eXIf: duplicate
libpng warning: eXIf: duplicate
libpng warning: eXIf: duplicate
libpng warning: eXIf: duplicate
libpng warning: eXIf: duplicate
libpng warning: eXIf: duplicate
libpng warning: eXIf: duplicate
libpng warning: eXIf: duplicate
libpng warning: eXIf: duplicate
libpng warning: eXIf: duplicate
libpng warning: eXIf: duplicate
libpng warning: eXIf: duplicate
libpng warning: eXIf: duplicate
libpng warning: eXIf: duplicate
libpng warning: eXIf: duplicate
libpng warning: eXIf: duplicate
libpng warning: eXIf: duplicate
libpng warning: eXIf: duplicate
libpng warning: eXIf: duplicate
libpng warning: eXIf: duplicate
libpng warning: eXIf: duplicate
libpng warning: eXIf: duplicate
libpng warning: eXIf: duplicate
libpng warning: eXIf: duplicate
libpng warning: eXIf: duplicate
libpng warning: eXIf: duplicate
libpng warning: eXIf: duplicate
libpng warning: eXIf: duplicate
libpng warning: eXIf: duplicate
libpng warning: eXIf: duplicate
libpng warning: eXIf: duplicate
libpng warning: eXIf: duplicate
libpng warning: eXIf: duplicate
libpng warning: eXIf: duplicate
libpng warning: eXIf: duplicate
libpng warning: eXIf: duplicate
libpng warning: eXIf: duplicate
libpng warning: eXIf: duplicate
libpng warning: eXIf: duplicate
libpng warning: eXIf: duplicate
libpng warning: eXIf: duplicate
libpng warning: eXIf: duplicate
libpng warning: eXIf: duplicate
libpng warning: eXIf: duplicate
libpng warning: eXIf: duplicate
libpng warning: eXIf: duplicate
libpng warning: eXIf: duplicate
libpng warning: eXIf: duplicate
libpng warning: eXIf: duplicate
libpng warning: eXIf: duplicate
libpng warning: eXIf: duplicate
libpng warning: eXIf: duplicate
libpng warning: eXIf: duplicate
libpng warning: eXIf: duplicate
libpng warning: eXIf: duplicate
libpng warning: eXIf: duplicate
libpng warning: eXIf: duplicate
libpng warning: eXIf: duplicate
libpng warning: eXIf: duplicate
libpng warning: eXIf: duplicate
libpng warning: eXIf: duplicate
libpng warning: eXIf: duplicate
libpng warning: eXIf: duplicate
libpng warning: eXIf: duplicate
libpng warning: eXIf: duplicate
libpng warning: eXIf: duplicate
libpng warning: eXIf: duplicate
libpng warning: eXIf: duplicate
libpng warning: eXIf: duplicate
libpng warning: eXIf: duplicate
libpng warning: eXIf: duplicate
libpng warning: eXIf: duplicate
libpng warning: eXIf: duplicate
libpng warning: eXIf: duplicate
libpng warning: eXIf: duplicate
libpng warning: eXIf: duplicate
libpng warning: eXIf: duplicate
libpng warning: eXIf: duplicate
libpng warning: eXIf: duplicate
libpng warning: eXIf: duplicate
libpng warning: eXIf: duplicate
libpng warning: eXIf: duplicate
libpng warning: eXIf: duplicate
libpng warning: eXIf: duplicate
libpng warning: eXIf: duplicate
libpng warning: eXIf: duplicate
libpng warning: eXIf: duplicate
libpng warning: eXIf: duplicate
libpng warning: eXIf: duplicate
libpng warning: eXIf: duplicate
libpng warning: eXIf: duplicate
libpng warning: eXIf: duplicate
libpng warning: eXIf: duplicate
libpng warning: eXIf: duplicate
libpng warning: eXIf: duplicate
libpng warning: eXIf: duplicate
libpng warning: eXIf: duplicate
libpng warning: eXIf: duplicate
libpng warning: eXIf: duplicate
libpng warning: eXIf: duplicate
libpng warning: eXIf: duplicate
libpng warning: eXIf: duplicate
libpng warning: eXIf: duplicate
libpng warning: eXIf: duplicate
libpng warning: eXIf: duplicate
libpng warning: eXIf: duplicate
libpng warning: eXIf: duplicate
libpng warning: eXIf: duplicate
libpng warning: eXIf: duplicate
libpng warning: eXIf: duplicate
libpng warning: eXIf: duplicate
libpng warning: eXIf: duplicate
libpng warning: eXIf: duplicate
libpng warning: eXIf: duplicate
libpng warning: eXIf: duplicate
libpng warning: eXIf: duplicate
libpng warning: eXIf: duplicate
libpng warning: eXIf: duplicate
libpng warning: eXIf: duplicate
libpng warning: eXIf: duplicate
libpng warning: eXIf: duplicate
libpng warning: eXIf: duplicate
libpng warning: eXIf: duplicate
libpng warning: eXIf: duplicate
libpng warning: eXIf: duplicate
libpng warning: eXIf: duplicate
libpng warning: eXIf: duplicate
libpng warning: eXIf: duplicate
libpng warning: eXIf: duplicate
libpng warning: eXIf: duplicate
libpng warning: eXIf: duplicate
libpng warning: eXIf: duplicate
libpng warning: eXIf: duplicate
libpng warning: eXIf: duplicate
libpng warning: eXIf: duplicate
libpng warning: eXIf: duplicate
libpng warning: eXIf: duplicate
libpng warning: eXIf: duplicate
libpng warning: eXIf: duplicate
libpng warning: eXIf: duplicate
libpng warning: eXIf: duplicate
libpng warning: eXIf: duplicate
libpng warning: eXIf: duplicate
libpng warning: eXIf: duplicate
libpng warning: eXIf: duplicate
libpng warning: eXIf: duplicate
libpng warning: eXIf: duplicate
libpng warning: eXIf: duplicate
libpng warning: eXIf: duplicate
libpng warning: eXIf: duplicate
libpng warning: eXIf: duplicate
libpng warning: eXIf: duplicate
libpng warning: eXIf: duplicate
libpng warning: eXIf: duplicate
libpng warning: eXIf: duplicate
libpng warning: eXIf: duplicate
libpng warning: eXIf: duplicate
libpng warning: eXIf: duplicate
libpng warning: eXIf: duplicate
libpng warning: eXIf: duplicate
libpng warning: eXIf: duplicate
libpng warning: eXIf: duplicate
libpng warning: eXIf: duplicate
libpng warning: eXIf: duplicate
libpng warning: eXIf: duplicate
libpng warning: eXIf: duplicate
libpng warning: eXIf: duplicate
libpng warning: eXIf: duplicate
libpng warning: eXIf: duplicate
libpng warning: eXIf: duplicate
libpng warning: eXIf: duplicate
libpng warning: eXIf: duplicate
libpng warning: eXIf: duplicate
libpng warning: eXIf: duplicate
libpng warning: eXIf: duplicate
libpng warning: eXIf: duplicate
libpng warning: eXIf: duplicate
libpng warning: eXIf: duplicate
libpng warning: eXIf: duplicate
libpng warning: eXIf: duplicate
libpng warning: eXIf: duplicate
libpng warning: eXIf: duplicate
libpng warning: eXIf: duplicate
libpng warning: eXIf: duplicate
libpng warning: eXIf: duplicate
libpng warning: eXIf: duplicate
libpng warning: eXIf: duplicate
libpng warning: eXIf: duplicate
libpng warning: eXIf: duplicate
libpng warning: eXIf: duplicate
libpng warning: eXIf: duplicate
libpng warning: eXIf: duplicate
libpng warning: eXIf: duplicate
libpng warning: eXIf: duplicate
libpng warning: eXIf: duplicate
libpng warning: eXIf: duplicate
 ['', '4T', 'CXY', 'MV-Painter', 'data', 'train_data']
alpha count: 227057 179867
reverse true
base dir name: ['', '4T', 'CXY', 'MV-Painter', 'data', 'train_data']
alpha count: 242367 244578
reverse false
base dir name: ['', '4T', 'CXY', 'MV-Painter', 'data', 'train_data']
alpha count: 254803 258643
reverse false
base dir name: ['', '4T', 'CXY', 'MV-Painter', 'data', 'train_data']
alpha count: 262144 262144
reverse false
OpenCV(4.13.0) /io/opencv/modules/imgproc/src/resize.cpp:4208: error: (-215:Assertion failed) !ssize.empty() in function 'resize'

wrong path: /4T/CXY/MV-Painter/data/train_data/rendered_full/b972301348b7422bafeee829009e9717/image
base dir name: ['', '4T', 'CXY', 'MV-Painter', 'data', 'train_data']
alpha count: 214283 196369
reverse true
base dir name: ['', '4T', 'CXY', 'MV-Painter', 'data', 'train_data']
alpha count: 238805 240570
reverse false
base dir name: ['', '4T', 'CXY', 'MV-Painter', 'data', 'train_data']
alpha count: 226289 217964
reverse true
base dir name: ['', '4T', 'CXY', 'MV-Painter', 'data', 'train_data']
alpha count: 160558 160548
reverse true
base dir name: ['', '4T', 'CXY', 'MV-Painter', 'data', 'train_data']
alpha count: 208234 226582
reverse false
base dir name: ['', '4T', 'CXY', 'MV-Painter', 'data', 'train_data']
alpha count: 170379 199046
reverse false
base dir name: ['', '4T', 'CXY', 'MV-Painter', 'data', 'train_data']
alpha count: 231419 229172
reverse true
base dir name: ['', '4T', 'CXY', 'MV-Painter', 'data', 'train_data']
alpha count: 221756 205604
reverse true
base dir name: ['', '4T', 'CXY', 'MV-Painter', 'data', 'train_data']
alpha count: 247162 247148
reverse true
base dir name: ['', '4T', 'CXY', 'MV-Painter', 'data', 'train_data']
alpha count: 262144 262144
reverse false
OpenCV(4.13.0) /io/opencv/modules/imgproc/src/resize.cpp:4208: error: (-215:Assertion failed) !ssize.empty() in function 'resize'

wrong path: /4T/CXY/MV-Painter/data/train_data/rendered_full/bc2e13c8fc634c39a03f78b4e092678e/image
base dir name: ['', '4T', 'CXY', 'MV-Painter', 'data', 'train_data']
alpha count: 187915 200261
reverse false
[960/2000] loss=0.1070 (ema 0.0889) lr=5.79e-05 grad=0.170 | fsc_modules=3.8e-03 gsg_modules=1.2e-01 ltag=8.2e-03 | 1.2s
base dir name: ['', '4T', 'CXY', 'MV-Painter', 'data', 'train_data']
alpha count: 212784 225917
reverse false
base dir name: ['', '4T', 'CXY', 'MV-Painter', 'data', 'train_data']
alpha count: 200434 199514
reverse true
base dir name: ['', '4T', 'CXY', 'MV-Painter', 'data', 'train_data']
alpha count: 237398 231374
reverse true
base dir name: ['', '4T', 'CXY', 'MV-Painter', 'data', 'train_data']
alpha count: 181319 181561
reverse false
base dir name: ['', '4T', 'CXY', 'MV-Painter', 'data', 'train_data']
alpha count: 248793 248849
reverse false
base dir name: ['', '4T', 'CXY', 'MV-Painter', 'data', 'train_data']
alpha count: 245994 258306
reverse false
base dir name: ['', '4T', 'CXY', 'MV-Painter', 'data', 'train_data']
alpha count: 248682 233043
reverse true
base dir name: ['', '4T', 'CXY', 'MV-Painter', 'data', 'train_data']
alpha count: 214143 219273
reverse false
base dir name: ['', '4T', 'CXY', 'MV-Painter', 'data', 'train_data']
alpha count: 132415 255448
reverse false
base dir name: ['', '4T', 'CXY', 'MV-Painter', 'data', 'train_data']
alpha count: 223042 231860
reverse false
base dir name: ['', '4T', 'CXY', 'MV-Painter', 'data', 'train_data']
alpha count: 212061 232788
reverse false
base dir name: ['', '4T', 'CXY', 'MV-Painter', 'data', 'train_data']
alpha count: 232531 213427
reverse true
base dir name: ['', '4T', 'CXY', 'MV-Painter', 'data', 'train_data']
alpha count: 211696 224796
reverse false
base dir name: ['', '4T', 'CXY', 'MV-Painter', 'data', 'train_data']
alpha count: 231043 253981
reverse false
base dir name: ['', '4T', 'CXY', 'MV-Painter', 'data', 'train_data']
alpha count: 257066 249055
reverse true
base dir name: ['', '4T', 'CXY', 'MV-Painter', 'data', 'train_data']
alpha count: 232575 232650
reverse false
base dir name: ['', '4T', 'CXY', 'MV-Painter', 'data', 'train_data']
alpha count: 241921 222645
reverse true
base dir name: ['', '4T', 'CXY', 'MV-Painter', 'data', 'train_data']
alpha count: 214656 210771
reverse true
base dir name: ['', '4T', 'CXY', 'MV-Painter', 'data', 'train_data']
alpha count: 159546 200598
reverse false
base dir name: ['', '4T', 'CXY', 'MV-Painter', 'data', 'train_data']
alpha count: 262144 262144
reverse false
OpenCV(4.13.0) /io/opencv/modules/imgproc/src/resize.cpp:4208: error: (-215:Assertion failed) !ssize.empty() in function 'resize'

wrong path: /4T/CXY/MV-Painter/data/train_data/rendered_full/c02aba1d9dd14460a4abf15710feb7b1/image
base dir name: ['', '4T', 'CXY', 'MV-Painter', 'data', 'train_data']
alpha count: 195279 192893
reverse true
[980/2000] loss=0.1316 (ema 0.0893) lr=5.63e-05 grad=0.051 | fsc_modules=1.2e-03 gsg_modules=3.7e-02 ltag=3.5e-03 | 1.4s
base dir name: ['', '4T', 'CXY', 'MV-Painter', 'data', 'train_data']
alpha count: 242109 239461
reverse true
base dir name: ['', '4T', 'CXY', 'MV-Painter', 'data', 'train_data']
alpha count: 230791 196483
reverse true
base dir name: ['', '4T', 'CXY', 'MV-Painter', 'data', 'train_data']
alpha count: 233703 212482
reverse true
base dir name: ['', '4T', 'CXY', 'MV-Painter', 'data', 'train_data']
alpha count: 249257 241495
reverse true
base dir name: ['', '4T', 'CXY', 'MV-Painter', 'data', 'train_data']
alpha count: 219887 220002
reverse false
base dir name: ['', '4T', 'CXY', 'MV-Painter', 'data', 'train_data']
alpha count: 223723 224711
reverse false
base dir name: ['', '4T', 'CXY', 'MV-Painter', 'data', 'train_data']
alpha count: 224698 207809
reverse true
base dir name: ['', '4T', 'CXY', 'MV-Painter', 'data', 'train_data']
alpha count: 219135 229189
reverse false
base dir name: ['', '4T', 'CXY', 'MV-Painter', 'data', 'train_data']
alpha count: 229161 214605
reverse true
base dir name: ['', '4T', 'CXY', 'MV-Painter', 'data', 'train_data']
alpha count: 189814 208838
reverse false
base dir name: ['', '4T', 'CXY', 'MV-Painter', 'data', 'train_data']
alpha count: 210974 192835
reverse true
base dir name: ['', '4T', 'CXY', 'MV-Painter', 'data', 'train_data']
alpha count: 247623 253029
reverse false
base dir name: ['', '4T', 'CXY', 'MV-Painter', 'data', 'train_data']
alpha count: 253261 160496
reverse true
base dir name: ['', '4T', 'CXY', 'MV-Painter', 'data', 'train_data']
alpha count: 217336 204125
reverse true
base dir name: ['', '4T', 'CXY', 'MV-Painter', 'data', 'train_data']
alpha count: 211224 144924
reverse true
base dir name: ['', '4T', 'CXY', 'MV-Painter', 'data', 'train_data']
alpha count: 243084 252536
reverse false
base dir name: ['', '4T', 'CXY', 'MV-Painter', 'data', 'train_data']
alpha count: 224594 234500
reverse false
base dir name: ['', '4T', 'CXY', 'MV-Painter', 'data', 'train_data']
alpha count: 247855 257249
reverse false
base dir name: ['', '4T', 'CXY', 'MV-Painter', 'data', 'train_data']
alpha count: 231769 227234
reverse true
base dir name: ['', '4T', 'CXY', 'MV-Painter', 'data', 'train_data']
alpha count: 244272 241294
reverse true
[1000/2000] loss=0.0472 (ema 0.0874) lr=5.47e-05 grad=0.059 | fsc_modules=2.3e-03 gsg_modules=3.6e-02 ltag=1.1e-02 | 1.2s
  → Saved: mvpoutput/fac_v5/A_envpen/checkpoints/fac_v2_ltag+gsg+fsc_step_001000.pt
base dir name: ['', '4T', 'CXY', 'MV-Painter', 'data', 'train_data']
alpha count: 256846 258259
reverse false
base dir name: ['', '4T', 'CXY', 'MV-Painter', 'data', 'train_data']
alpha count: 159822 159966
reverse false
base dir name: ['', '4T', 'CXY', 'MV-Painter', 'data', 'train_data']
alpha count: 254441 241422
reverse true
base dir name: ['', '4T', 'CXY', 'MV-Painter', 'data', 'train_data']
alpha count: 262144 262102
reverse true
base dir name: ['', '4T', 'CXY', 'MV-Painter', 'data', 'train_data']
alpha count: 192957 192953
reverse true
base dir name: ['', '4T', 'CXY', 'MV-Painter', 'data', 'train_data']
alpha count: 181380 181419
reverse false
base dir name: ['', '4T', 'CXY', 'MV-Painter', 'data', 'train_data']
alpha count: 235519 243020
reverse false
base dir name: ['', '4T', 'CXY', 'MV-Painter', 'data', 'train_data']
alpha count: 251499 257350
reverse false
base dir name: ['', '4T', 'CXY', 'MV-Painter', 'data', 'train_data']libpng warning: eXIf: duplicate
libpng warning: eXIf: duplicate
libpng warning: eXIf: duplicate
libpng warning: eXIf: duplicate
libpng warning: eXIf: duplicate
libpng warning: eXIf: duplicate
libpng warning: eXIf: duplicate
libpng warning: eXIf: duplicate
libpng warning: eXIf: duplicate
libpng warning: eXIf: duplicate
libpng warning: eXIf: duplicate
libpng warning: eXIf: duplicate
libpng warning: eXIf: duplicate
libpng warning: eXIf: duplicate
libpng warning: eXIf: duplicate
libpng warning: eXIf: duplicate
libpng warning: eXIf: duplicate
libpng warning: eXIf: duplicate
libpng warning: eXIf: duplicate
libpng warning: eXIf: duplicate
libpng warning: eXIf: duplicate
libpng warning: eXIf: duplicate
libpng warning: eXIf: duplicate
libpng warning: eXIf: duplicate
libpng warning: eXIf: duplicate
libpng warning: eXIf: duplicate
libpng warning: eXIf: duplicate
libpng warning: eXIf: duplicate
libpng warning: eXIf: duplicate
libpng warning: eXIf: duplicate
libpng warning: eXIf: duplicate
libpng warning: eXIf: duplicate
libpng warning: eXIf: duplicate
libpng warning: eXIf: duplicate
libpng warning: eXIf: duplicate
libpng warning: eXIf: duplicate
libpng warning: eXIf: duplicate
libpng warning: eXIf: duplicate
libpng warning: eXIf: duplicate
libpng warning: eXIf: duplicate
libpng warning: eXIf: duplicate
libpng warning: eXIf: duplicate
libpng warning: eXIf: duplicate
libpng warning: eXIf: duplicate
libpng warning: eXIf: duplicate
libpng warning: eXIf: duplicate
libpng warning: eXIf: duplicate
libpng warning: eXIf: duplicate
libpng warning: eXIf: duplicate
libpng warning: eXIf: duplicate
libpng warning: eXIf: duplicate
libpng warning: eXIf: duplicate
libpng warning: eXIf: duplicate
libpng warning: eXIf: duplicate
libpng warning: eXIf: duplicate
libpng warning: eXIf: duplicate
libpng warning: eXIf: duplicate
libpng warning: eXIf: duplicate
libpng warning: eXIf: duplicate
libpng warning: eXIf: duplicate
libpng warning: eXIf: duplicate
libpng warning: eXIf: duplicate
libpng warning: eXIf: duplicate
libpng warning: eXIf: duplicate
libpng warning: eXIf: duplicate
libpng warning: eXIf: duplicate
libpng warning: eXIf: duplicate
libpng warning: eXIf: duplicate
libpng warning: eXIf: duplicate
libpng warning: eXIf: duplicate
libpng warning: eXIf: duplicate
libpng warning: eXIf: duplicate
libpng warning: eXIf: duplicate
libpng warning: eXIf: duplicate
libpng warning: eXIf: duplicate
libpng warning: eXIf: duplicate
libpng warning: eXIf: duplicate
libpng warning: eXIf: duplicate
libpng warning: eXIf: duplicate
libpng warning: eXIf: duplicate
libpng warning: eXIf: duplicate
libpng warning: eXIf: duplicate
libpng warning: eXIf: duplicate
libpng warning: eXIf: duplicate
libpng warning: eXIf: duplicate
libpng warning: eXIf: duplicate
libpng warning: eXIf: duplicate
libpng warning: eXIf: duplicate
libpng warning: eXIf: duplicate
libpng warning: eXIf: duplicate
libpng warning: eXIf: duplicate
libpng warning: eXIf: duplicate
libpng warning: eXIf: duplicate
libpng warning: eXIf: duplicate
libpng warning: eXIf: duplicate
libpng warning: eXIf: duplicate
libpng warning: eXIf: duplicate
libpng warning: eXIf: duplicate
libpng warning: eXIf: duplicate
libpng warning: eXIf: duplicate
libpng warning: eXIf: duplicate
libpng warning: eXIf: duplicate
libpng warning: eXIf: duplicate
libpng warning: eXIf: duplicate
libpng warning: eXIf: duplicate
libpng warning: eXIf: duplicate
libpng warning: eXIf: duplicate
libpng warning: eXIf: duplicate
libpng warning: eXIf: duplicate
libpng warning: eXIf: duplicate
libpng warning: eXIf: duplicate
libpng warning: eXIf: duplicate
libpng warning: eXIf: duplicate
libpng warning: eXIf: duplicate
libpng warning: eXIf: duplicate
libpng warning: eXIf: duplicate
libpng warning: eXIf: duplicate
libpng warning: eXIf: duplicate
libpng warning: eXIf: duplicate
libpng warning: eXIf: duplicate
libpng warning: eXIf: duplicate
libpng warning: eXIf: duplicate
libpng warning: eXIf: duplicate
libpng warning: eXIf: duplicate
libpng warning: eXIf: duplicate
libpng warning: eXIf: duplicate
libpng warning: eXIf: duplicate
libpng warning: eXIf: duplicate
libpng warning: eXIf: duplicate
libpng warning: eXIf: duplicate
libpng warning: eXIf: duplicate
libpng warning: eXIf: duplicate
libpng warning: eXIf: duplicate
libpng warning: eXIf: duplicate
libpng warning: eXIf: duplicate
libpng warning: eXIf: duplicate
libpng warning: eXIf: duplicate
libpng warning: eXIf: duplicate
libpng warning: eXIf: duplicate
libpng warning: eXIf: duplicate
libpng warning: eXIf: duplicate
libpng warning: eXIf: duplicate
libpng warning: eXIf: duplicate
libpng warning: eXIf: duplicate
libpng warning: eXIf: duplicate
libpng warning: eXIf: duplicate
libpng warning: eXIf: duplicate
libpng warning: eXIf: duplicate
libpng warning: eXIf: duplicate
libpng warning: eXIf: duplicate
libpng warning: eXIf: duplicate
libpng warning: eXIf: duplicate
libpng warning: eXIf: duplicate
libpng warning: eXIf: duplicate
libpng warning: eXIf: duplicate
libpng warning: eXIf: duplicate
libpng warning: eXIf: duplicate
libpng warning: eXIf: duplicate
libpng warning: eXIf: duplicate
libpng warning: eXIf: duplicate
libpng warning: eXIf: duplicate
libpng warning: eXIf: duplicate
libpng warning: eXIf: duplicate
libpng warning: eXIf: duplicate
libpng warning: eXIf: duplicate
libpng warning: eXIf: duplicate
libpng warning: eXIf: duplicate
libpng warning: eXIf: duplicate
libpng warning: eXIf: duplicate
libpng warning: eXIf: duplicate
libpng warning: eXIf: duplicate
libpng warning: eXIf: duplicate
libpng warning: eXIf: duplicate
libpng warning: eXIf: duplicate
libpng warning: eXIf: duplicate
libpng warning: eXIf: duplicate
libpng warning: eXIf: duplicate
libpng warning: eXIf: duplicate
libpng warning: eXIf: duplicate
libpng warning: eXIf: duplicate
libpng warning: eXIf: duplicate
libpng warning: eXIf: duplicate
libpng warning: eXIf: duplicate
libpng warning: eXIf: duplicate
libpng warning: eXIf: duplicate
libpng warning: eXIf: duplicate
libpng warning: eXIf: duplicate
libpng warning: eXIf: duplicate
libpng warning: eXIf: duplicate
libpng warning: eXIf: duplicate
libpng warning: eXIf: duplicate
libpng warning: eXIf: duplicate
libpng warning: eXIf: duplicate
libpng warning: eXIf: duplicate
libpng warning: eXIf: duplicate
libpng warning: eXIf: duplicate
libpng warning: eXIf: duplicate
libpng warning: eXIf: duplicate
libpng warning: eXIf: duplicate
libpng warning: eXIf: duplicate
libpng warning: eXIf: duplicate
libpng warning: eXIf: duplicate
libpng warning: eXIf: duplicate
libpng warning: eXIf: duplicate
libpng warning: eXIf: duplicate
libpng warning: eXIf: duplicate
libpng warning: eXIf: duplicate
libpng warning: eXIf: duplicate
libpng warning: eXIf: duplicate
libpng warning: eXIf: duplicate
libpng warning: eXIf: duplicate
libpng warning: eXIf: duplicate
libpng warning: eXIf: duplicate
libpng warning: eXIf: duplicate
libpng warning: eXIf: duplicate
libpng warning: eXIf: duplicate
libpng warning: eXIf: duplicate
libpng warning: eXIf: duplicate
libpng warning: eXIf: duplicate
libpng warning: eXIf: duplicate
libpng warning: eXIf: duplicate
libpng warning: eXIf: duplicate
libpng warning: eXIf: duplicate
libpng warning: eXIf: duplicate
libpng warning: eXIf: duplicate
libpng warning: eXIf: duplicate
libpng warning: eXIf: duplicate
libpng warning: eXIf: duplicate
libpng warning: eXIf: duplicate
libpng warning: eXIf: duplicate
libpng warning: eXIf: duplicate
libpng warning: eXIf: duplicate
libpng warning: eXIf: duplicate
libpng warning: eXIf: duplicate
libpng warning: eXIf: duplicate
libpng warning: eXIf: duplicate
libpng warning: eXIf: duplicate
libpng warning: eXIf: duplicate
libpng warning: eXIf: duplicate
libpng warning: eXIf: duplicate
libpng warning: eXIf: duplicate
libpng warning: eXIf: duplicate
libpng warning: eXIf: duplicate
libpng warning: eXIf: duplicate
libpng warning: eXIf: duplicate
libpng warning: eXIf: duplicate
libpng warning: eXIf: duplicate
libpng warning: eXIf: duplicate
libpng warning: eXIf: duplicate
libpng warning: eXIf: duplicate
libpng warning: eXIf: duplicate
libpng warning: eXIf: duplicate
libpng warning: eXIf: duplicate
libpng warning: eXIf: duplicate
libpng warning: eXIf: duplicate
libpng warning: eXIf: duplicate
libpng warning: eXIf: duplicate
libpng warning: eXIf: duplicate
libpng warning: eXIf: duplicate
libpng warning: eXIf: duplicate
libpng warning: eXIf: duplicate
libpng warning: eXIf: duplicate
libpng warning: eXIf: duplicate
libpng warning: eXIf: duplicate
libpng warning: eXIf: duplicate
libpng warning: eXIf: duplicate
libpng warning: eXIf: duplicate
libpng warning: eXIf: duplicate
libpng warning: eXIf: duplicate
libpng warning: eXIf: duplicate
libpng warning: eXIf: duplicate
libpng warning: eXIf: duplicate
libpng warning: eXIf: duplicate
libpng warning: eXIf: duplicate
libpng warning: eXIf: duplicate
libpng warning: eXIf: duplicate
libpng warning: eXIf: duplicate
libpng warning: eXIf: duplicate
libpng warning: eXIf: duplicate
libpng warning: eXIf: duplicate
libpng warning: eXIf: duplicate
libpng warning: eXIf: duplicate
libpng warning: eXIf: duplicate
libpng warning: eXIf: duplicate
libpng warning: eXIf: duplicate
libpng warning: eXIf: duplicate
libpng warning: eXIf: duplicate
libpng warning: eXIf: duplicate
libpng warning: eXIf: duplicate
libpng warning: eXIf: duplicate
libpng warning: eXIf: duplicate
libpng warning: eXIf: duplicate
libpng warning: eXIf: duplicate
libpng warning: eXIf: duplicate
libpng warning: eXIf: duplicate
libpng warning: eXIf: duplicate
libpng warning: eXIf: duplicate
libpng warning: eXIf: duplicate
libpng warning: eXIf: duplicate
libpng warning: eXIf: duplicate
libpng warning: eXIf: duplicate
libpng warning: eXIf: duplicate
libpng warning: eXIf: duplicate
libpng warning: eXIf: duplicate
libpng warning: eXIf: duplicate
libpng warning: eXIf: duplicate
libpng warning: eXIf: duplicate
libpng warning: eXIf: duplicate
libpng warning: eXIf: duplicate
libpng warning: eXIf: duplicate
libpng warning: eXIf: duplicate
libpng warning: eXIf: duplicate
libpng warning: eXIf: duplicate
libpng warning: eXIf: duplicate
libpng warning: eXIf: duplicate
libpng warning: eXIf: duplicate
libpng warning: eXIf: duplicate
libpng warning: eXIf: duplicate
libpng warning: eXIf: duplicate
libpng warning: eXIf: duplicate
libpng warning: eXIf: duplicate
libpng warning: eXIf: duplicate
libpng warning: eXIf: duplicate
libpng warning: eXIf: duplicate
libpng warning: eXIf: duplicate
libpng warning: eXIf: duplicate
libpng warning: eXIf: duplicate
libpng warning: eXIf: duplicate
libpng warning: eXIf: duplicate
libpng warning: eXIf: duplicate
libpng warning: eXIf: duplicate
libpng warning: eXIf: duplicate
libpng warning: eXIf: duplicate
libpng warning: eXIf: duplicate
libpng warning: eXIf: duplicate
libpng warning: eXIf: duplicate
libpng warning: eXIf: duplicate
libpng warning: eXIf: duplicate
libpng warning: eXIf: duplicate
libpng warning: eXIf: duplicate
libpng warning: eXIf: duplicate
libpng warning: eXIf: duplicate
libpng warning: eXIf: duplicate
libpng warning: eXIf: duplicate
libpng warning: eXIf: duplicate
libpng warning: eXIf: duplicate
libpng warning: eXIf: duplicate
libpng warning: eXIf: duplicate
libpng warning: eXIf: duplicate
libpng warning: eXIf: duplicate
libpng warning: eXIf: duplicate
libpng warning: eXIf: duplicate
libpng warning: eXIf: duplicate
libpng warning: eXIf: duplicate
libpng warning: eXIf: duplicate
libpng warning: eXIf: duplicate
libpng warning: eXIf: duplicate
libpng warning: eXIf: duplicate
libpng warning: eXIf: duplicate
libpng warning: eXIf: duplicate
libpng warning: eXIf: duplicate
libpng warning: eXIf: duplicate
libpng warning: eXIf: duplicate
libpng warning: eXIf: duplicate
libpng warning: eXIf: duplicate
libpng warning: eXIf: duplicate
libpng warning: eXIf: duplicate
libpng warning: eXIf: duplicate
libpng warning: eXIf: duplicate
libpng warning: eXIf: duplicate
libpng warning: eXIf: duplicate
libpng warning: eXIf: duplicate
libpng warning: eXIf: duplicate
libpng warning: eXIf: duplicate
libpng warning: eXIf: duplicate
libpng warning: eXIf: duplicate
libpng warning: eXIf: duplicate
libpng warning: eXIf: duplicate
libpng warning: eXIf: duplicate
libpng warning: eXIf: duplicate
libpng warning: eXIf: duplicate
libpng warning: eXIf: duplicate
libpng warning: eXIf: duplicate
libpng warning: eXIf: duplicate
libpng warning: eXIf: duplicate
libpng warning: eXIf: duplicate
libpng warning: eXIf: duplicate
libpng warning: eXIf: duplicate
libpng warning: eXIf: duplicate
libpng warning: eXIf: duplicate
libpng warning: eXIf: duplicate
libpng warning: eXIf: duplicate
libpng warning: eXIf: duplicate
libpng warning: eXIf: duplicate
libpng warning: eXIf: duplicate
libpng warning: eXIf: duplicate
libpng warning: eXIf: duplicate
libpng warning: eXIf: duplicate
libpng warning: eXIf: duplicate
libpng warning: eXIf: duplicate
libpng warning: eXIf: duplicate
libpng warning: eXIf: duplicate
libpng warning: eXIf: duplicate
libpng warning: eXIf: duplicate
libpng warning: eXIf: duplicate
libpng warning: eXIf: duplicate
libpng warning: eXIf: duplicate
libpng warning: eXIf: duplicate
libpng warning: eXIf: duplicate
libpng warning: eXIf: duplicate
libpng warning: eXIf: duplicate
libpng warning: eXIf: duplicate
libpng warning: eXIf: duplicate
libpng warning: eXIf: duplicate
libpng warning: eXIf: duplicate
libpng warning: eXIf: duplicate
libpng warning: eXIf: duplicate
libpng warning: eXIf: duplicate
libpng warning: eXIf: duplicate
libpng warning: eXIf: duplicate
libpng warning: eXIf: duplicate
libpng warning: eXIf: duplicate
libpng warning: eXIf: duplicate
libpng warning: eXIf: duplicate
libpng warning: eXIf: duplicate
libpng warning: eXIf: duplicate
libpng warning: eXIf: duplicate
libpng warning: eXIf: duplicate
libpng warning: eXIf: duplicate
libpng warning: eXIf: duplicate
libpng warning: eXIf: duplicate
libpng warning: eXIf: duplicate
libpng warning: eXIf: duplicate
libpng warning: eXIf: duplicate
libpng warning: eXIf: duplicate
libpng warning: eXIf: duplicate
libpng warning: eXIf: duplicate
libpng warning: eXIf: duplicate
libpng warning: eXIf: duplicate
libpng warning: eXIf: duplicate
libpng warning: eXIf: duplicate
libpng warning: eXIf: duplicate
libpng warning: eXIf: duplicate
libpng warning: eXIf: duplicate
libpng warning: eXIf: duplicate
libpng warning: eXIf: duplicate
libpng warning: eXIf: duplicate
libpng warning: eXIf: duplicate
libpng warning: eXIf: duplicate
libpng warning: eXIf: duplicate
libpng warning: eXIf: duplicate
libpng warning: eXIf: duplicate
libpng warning: eXIf: duplicate
libpng warning: eXIf: duplicate
libpng warning: eXIf: duplicate
libpng warning: eXIf: duplicate
libpng warning: eXIf: duplicate
libpng warning: eXIf: duplicate
libpng warning: eXIf: duplicate
libpng warning: eXIf: duplicate
libpng warning: eXIf: duplicate
libpng warning: eXIf: duplicate
libpng warning: eXIf: duplicate
libpng warning: eXIf: duplicate
libpng warning: eXIf: duplicate
libpng warning: eXIf: duplicate
libpng warning: eXIf: duplicate
libpng warning: eXIf: duplicate
libpng warning: eXIf: duplicate
libpng warning: eXIf: duplicate
libpng warning: eXIf: duplicate
libpng warning: eXIf: duplicate
libpng warning: eXIf: duplicate
libpng warning: eXIf: duplicate
libpng warning: eXIf: duplicate
libpng warning: eXIf: duplicate
libpng warning: eXIf: duplicate
libpng warning: eXIf: duplicate
libpng warning: eXIf: duplicate
libpng warning: eXIf: duplicate
libpng warning: eXIf: duplicate
libpng warning: eXIf: duplicate
libpng warning: eXIf: duplicate
libpng warning: eXIf: duplicate
libpng warning: eXIf: duplicate
libpng warning: eXIf: duplicate
libpng warning: eXIf: duplicate
libpng warning: eXIf: duplicate
libpng warning: eXIf: duplicate
libpng warning: eXIf: duplicate
libpng warning: eXIf: duplicate
libpng warning: eXIf: duplicate
libpng warning: eXIf: duplicate
libpng warning: eXIf: duplicate
libpng warning: eXIf: duplicate
libpng warning: eXIf: duplicate
libpng warning: eXIf: duplicate
libpng warning: eXIf: duplicate
libpng warning: eXIf: duplicate
libpng warning: eXIf: duplicate
libpng warning: eXIf: duplicate
libpng warning: eXIf: duplicate
libpng warning: eXIf: duplicate
libpng warning: eXIf: duplicate
libpng warning: eXIf: duplicate
libpng warning: eXIf: duplicate
libpng warning: eXIf: duplicate
libpng warning: eXIf: duplicate
libpng warning: eXIf: duplicate
libpng warning: eXIf: duplicate
libpng warning: eXIf: duplicate
libpng warning: eXIf: duplicate
libpng warning: eXIf: duplicate
libpng warning: eXIf: duplicate
libpng warning: eXIf: duplicate
libpng warning: eXIf: duplicate
libpng warning: eXIf: duplicate
libpng warning: eXIf: duplicate
libpng warning: eXIf: duplicate
libpng warning: eXIf: duplicate
libpng warning: eXIf: duplicate
libpng warning: eXIf: duplicate
libpng warning: eXIf: duplicate
libpng warning: eXIf: duplicate
libpng warning: eXIf: duplicate
libpng warning: eXIf: duplicate
libpng warning: eXIf: duplicate
libpng warning: eXIf: duplicate
libpng warning: eXIf: duplicate
libpng warning: eXIf: duplicate
libpng warning: eXIf: duplicate
libpng warning: eXIf: duplicate
libpng warning: eXIf: duplicate
libpng warning: eXIf: duplicate
libpng warning: eXIf: duplicate
libpng warning: eXIf: duplicate
libpng warning: eXIf: duplicate
libpng warning: eXIf: duplicate
libpng warning: eXIf: duplicate
libpng warning: eXIf: duplicate
libpng warning: eXIf: duplicate
libpng warning: eXIf: duplicate
libpng warning: eXIf: duplicate
libpng warning: eXIf: duplicate
libpng warning: eXIf: duplicate
libpng warning: eXIf: duplicate
libpng warning: eXIf: duplicate
libpng warning: eXIf: duplicate
libpng warning: eXIf: duplicate
libpng warning: eXIf: duplicate
libpng warning: eXIf: duplicate
libpng warning: eXIf: duplicate
libpng warning: eXIf: duplicate
libpng warning: eXIf: duplicate
libpng warning: eXIf: duplicate
libpng warning: eXIf: duplicate
libpng warning: eXIf: duplicate
libpng warning: eXIf: duplicate
libpng warning: eXIf: duplicate
libpng warning: eXIf: duplicate
libpng warning: eXIf: duplicate
libpng warning: eXIf: duplicate
libpng warning: eXIf: duplicate
libpng warning: eXIf: duplicate
libpng warning: eXIf: duplicate
libpng warning: eXIf: duplicate
libpng warning: eXIf: duplicate
libpng warning: eXIf: duplicate
libpng warning: eXIf: duplicate
libpng warning: eXIf: duplicate
libpng warning: eXIf: duplicate
libpng warning: eXIf: duplicate
libpng warning: eXIf: duplicate
libpng warning: eXIf: duplicate
libpng warning: eXIf: duplicate
libpng warning: eXIf: duplicate
libpng warning: eXIf: duplicate
libpng warning: eXIf: duplicate
libpng warning: eXIf: duplicate
libpng warning: eXIf: duplicate
libpng warning: eXIf: duplicate
libpng warning: eXIf: duplicate
libpng warning: eXIf: duplicate
libpng warning: eXIf: duplicate
libpng warning: eXIf: duplicate
libpng warning: eXIf: duplicate
libpng warning: eXIf: duplicate
libpng warning: eXIf: duplicate
libpng warning: eXIf: duplicate
libpng warning: eXIf: duplicate
libpng warning: eXIf: duplicate
libpng warning: eXIf: duplicate
libpng warning: eXIf: duplicate

alpha count: 217124 220108
reverse false
base dir name: ['', '4T', 'CXY', 'MV-Painter', 'data', 'train_data']
alpha count: 207324 198316
reverse true
base dir name: ['', '4T', 'CXY', 'MV-Painter', 'data', 'train_data']
alpha count: 248430 205832
reverse true
base dir name: ['', '4T', 'CXY', 'MV-Painter', 'data', 'train_data']
alpha count: 183992 174090
reverse true
base dir name: ['', '4T', 'CXY', 'MV-Painter', 'data', 'train_data']
alpha count: 237283 244854
reverse false
base dir name: ['', '4T', 'CXY', 'MV-Painter', 'data', 'train_data']
alpha count: 246587 255092
reverse false
base dir name: ['', '4T', 'CXY', 'MV-Painter', 'data', 'train_data']
alpha count: 222460 203317
reverse true
base dir name: ['', '4T', 'CXY', 'MV-Painter', 'data', 'train_data']
alpha count: 247077 231897
reverse true
base dir name: ['', '4T', 'CXY', 'MV-Painter', 'data', 'train_data']
alpha count: 245252 232802
reverse true
base dir name: ['', '4T', 'CXY', 'MV-Painter', 'data', 'train_data']
alpha count: 189440 217373
reverse false
base dir name: ['', '4T', 'CXY', 'MV-Painter', 'data', 'train_data']
alpha count: 248251 231911
reverse true
base dir name: ['', '4T', 'CXY', 'MV-Painter', 'data', 'train_data']
alpha count: 231524 246445
reverse false
[1020/2000] loss=0.1663 (ema 0.0878) lr=5.30e-05 grad=0.131 | fsc_modules=8.3e-03 gsg_modules=1.1e-01 ltag=1.6e-02 | 1.1s
base dir name: ['', '4T', 'CXY', 'MV-Painter', 'data', 'train_data']
alpha count: 257096 246703
reverse true
base dir name: ['', '4T', 'CXY', 'MV-Painter', 'data', 'train_data']
alpha count: 250006 213028
reverse true
base dir name: ['', '4T', 'CXY', 'MV-Painter', 'data', 'train_data']
alpha count: 200780 204575
reverse false
base dir name: ['', '4T', 'CXY', 'MV-Painter', 'data', 'train_data']
alpha count: 228637 243328
reverse false
base dir name: ['', '4T', 'CXY', 'MV-Painter', 'data', 'train_data']
alpha count: 253901 253893
reverse true
base dir name: ['', '4T', 'CXY', 'MV-Painter', 'data', 'train_data']
alpha count: 260323 261540
reverse false
base dir name: ['', '4T', 'CXY', 'MV-Painter', 'data', 'train_data']
alpha count: 232767 222676
reverse true
base dir name: ['', '4T', 'CXY', 'MV-Painter', 'data', 'train_data']
alpha count: 258659 243745
reverse true
base dir name: ['', '4T', 'CXY', 'MV-Painter', 'data', 'train_data']
alpha count: 252960 221052
reverse true
base dir name: ['', '4T', 'CXY', 'MV-Painter', 'data', 'train_data']
alpha count: 243981 227779
reverse true
base dir name: ['', '4T', 'CXY', 'MV-Painter', 'data', 'train_data']
alpha count: 235725 237342
reverse false
base dir name: ['', '4T', 'CXY', 'MV-Painter', 'data', 'train_data']
alpha count: 197357 208027
reverse false
base dir name: ['', '4T', 'CXY', 'MV-Painter', 'data', 'train_data']
alpha count: 158908 144766
reverse true
base dir name: ['', '4T', 'CXY', 'MV-Painter', 'data', 'train_data']
alpha count: 250806 242811
reverse true
base dir name: ['', '4T', 'CXY', 'MV-Painter', 'data', 'train_data']
alpha count: 235163 226545
reverse true
base dir name: ['', '4T', 'CXY', 'MV-Painter', 'data', 'train_data']
alpha count: 262144 262144
reverse false
OpenCV(4.13.0) /io/opencv/modules/imgproc/src/resize.cpp:4208: error: (-215:Assertion failed) !ssize.empty() in function 'resize'

wrong path: /4T/CXY/MV-Painter/data/train_data/rendered_full/c9053daf5095433192e9821e7589ad53/image
base dir name: ['', '4T', 'CXY', 'MV-Painter', 'data', 'train_data']
alpha count: 233137 233283
reverse false
base dir name: ['', '4T', 'CXY', 'MV-Painter', 'data', 'train_data']
alpha count: 252423 250713
reverse true
base dir name: ['', '4T', 'CXY', 'MV-Painter', 'data', 'train_data']
alpha count: 249768 184289
reverse true
base dir name: ['', '4T', 'CXY', 'MV-Painter', 'data', 'train_data']
alpha count: 244804 227951
reverse true
base dir name: ['', '4T', 'CXY', 'MV-Painter', 'data', 'train_data']
alpha count: 238115 247234
reverse false
[1040/2000] loss=0.0258 (ema 0.0848) lr=5.14e-05 grad=0.371 | fsc_modules=1.1e-02 gsg_modules=2.3e-01 ltag=1.8e-02 | 1.1s
base dir name: ['', '4T', 'CXY', 'MV-Painter', 'data', 'train_data']
alpha count: 252027 247610
reverse true
base dir name: ['', '4T', 'CXY', 'MV-Painter', 'data', 'train_data']
alpha count: 204105 253222
reverse false
base dir name: ['', '4T', 'CXY', 'MV-Painter', 'data', 'train_data']
alpha count: 242740 208534
reverse true
base dir name: ['', '4T', 'CXY', 'MV-Painter', 'data', 'train_data']
alpha count: 234315 215749
reverse true
base dir name: ['', '4T', 'CXY', 'MV-Painter', 'data', 'train_data']
alpha count: 236203 236104
reverse true
base dir name: ['', '4T', 'CXY', 'MV-Painter', 'data', 'train_data']
alpha count: 232745 233855
reverse false
base dir name: ['', '4T', 'CXY', 'MV-Painter', 'data', 'train_data']
alpha count: 230916 204932
reverse true
base dir name: ['', '4T', 'CXY', 'MV-Painter', 'data', 'train_data']
alpha count: 234946 224868
reverse true
base dir name: ['', '4T', 'CXY', 'MV-Painter', 'data', 'train_data']
alpha count: 221586 216097
reverse true
base dir name: ['', '4T', 'CXY', 'MV-Painter', 'data', 'train_data']
alpha count: 226796 205988
reverse true
base dir name: ['', '4T', 'CXY', 'MV-Painter', 'data', 'train_data']
alpha count: 244442 251131
reverse false
base dir name: ['', '4T', 'CXY', 'MV-Painter', 'data', 'train_data']
alpha count: 243493 237836
reverse true
base dir name: ['', '4T', 'CXY', 'MV-Painter', 'data', 'train_data']
alpha count: 219252 188122
reverse true
base dir name: ['', '4T', 'CXY', 'MV-Painter', 'data', 'train_data']
alpha count: 262144 262144
reverse false
OpenCV(4.13.0) /io/opencv/modules/imgproc/src/resize.cpp:4208: error: (-215:Assertion failed) !ssize.empty() in function 'resize'

wrong path: /4T/CXY/MV-Painter/data/train_data/rendered_full/cca1052b1e1c4f86ab21635f0088cd46/image
base dir name: ['', '4T', 'CXY', 'MV-Painter', 'data', 'train_data']
alpha count: 255316 231801
reverse true
base dir name: ['', '4T', 'CXY', 'MV-Painter', 'data', 'train_data']
alpha count: 119743 0
reverse true
base dir name: ['', '4T', 'CXY', 'MV-Painter', 'data', 'train_data']
alpha count: 228123 219105
reverse true
base dir name: ['', '4T', 'CXY', 'MV-Painter', 'data', 'train_data']
alpha count: 217911 227635
reverse false
base dir name: ['', '4T', 'CXY', 'MV-Painter', 'data', 'train_data']
alpha count: 233416 234875
reverse false
base dir name: ['', '4T', 'CXY', 'MV-Painter', 'data', 'train_data']
alpha count: 252183 234948
reverse true
base dir name: ['', '4T', 'CXY', 'MV-Painter', 'data', 'train_data']
alpha count: 238901 246416
reverse false
[1060/2000] loss=0.1089 (ema 0.0850) lr=4.98e-05 grad=0.336 | fsc_modules=7.1e-03 gsg_modules=2.6e-01 ltag=1.2e-02 | 1.1s
base dir name: ['', '4T', 'CXY', 'MV-Painter', 'data', 'train_data']
alpha count: 248293 236960
reverse true
base dir name: ['', '4T', 'CXY', 'MV-Painter', 'data', 'train_data']
alpha count: 224330 222735
reverse true
base dir name: ['', '4T', 'CXY', 'MV-Painter', 'data', 'train_data']
alpha count: 223842 222690
reverse true
base dir name: ['', '4T', 'CXY', 'MV-Painter', 'data', 'train_data']
alpha count: 240870 239784
reverse true
base dir name: ['', '4T', 'CXY', 'MV-Painter', 'data', 'train_data']
alpha count: 241415 250975
reverse false
base dir name: ['', '4T', 'CXY', 'MV-Painter', 'data', 'train_data']
alpha count: 243022 243616
reverse false
base dir name: ['', '4T', 'CXY', 'MV-Painter', 'data', 'train_data']
alpha count: 186459 185281
reverse true
base dir name: ['', '4T', 'CXY', 'MV-Painter', 'data', 'train_data']
alpha count: 231691 232764
reverse false
base dir name: ['', '4T', 'CXY', 'MV-Painter', 'data', 'train_data']
alpha count: 256372 244718
reverse true
base dir name: ['', '4T', 'CXY', 'MV-Painter', 'data', 'train_data']
alpha count: 201967 145224
reverse true
base dir name: ['', '4T', 'CXY', 'MV-Painter', 'data', 'train_data']
alpha count: 211107 210291
reverse true
base dir name: ['', '4T', 'CXY', 'MV-Painter', 'data', 'train_data']
alpha count: 250645 248931
reverse true
base dir name: ['', '4T', 'CXY', 'MV-Painter', 'data', 'train_data']
alpha count: 200894 220144
reverse false
base dir name: ['', '4T', 'CXY', 'MV-Painter', 'data', 'train_data']
alpha count: 237827 255938
reverse false
libpng warning: eXIf: duplicate
libpng warning: eXIf: duplicate
libpng warning: eXIf: duplicate
libpng warning: eXIf: duplicate
libpng warning: eXIf: duplicate
libpng warning: eXIf: duplicate
libpng warning: eXIf: duplicate
libpng warning: eXIf: duplicate
libpng warning: eXIf: duplicate
libpng warning: eXIf: duplicate
libpng warning: eXIf: duplicate
libpng warning: eXIf: duplicate
libpng warning: eXIf: duplicate
libpng warning: eXIf: duplicate
libpng warning: eXIf: duplicate
libpng warning: eXIf: duplicate
libpng warning: eXIf: duplicate
libpng warning: eXIf: duplicate
libpng warning: eXIf: duplicate
libpng warning: eXIf: duplicate
libpng warning: eXIf: duplicate
libpng warning: eXIf: duplicate
libpng warning: eXIf: duplicate
libpng warning: eXIf: duplicate
libpng warning: eXIf: duplicate
libpng warning: eXIf: duplicate
libpng warning: eXIf: duplicate
libpng warning: eXIf: duplicate
libpng warning: eXIf: duplicate
libpng warning: eXIf: duplicate
libpng warning: eXIf: duplicate
libpng warning: eXIf: duplicate
libpng warning: eXIf: duplicate
libpng warning: eXIf: duplicate
libpng warning: eXIf: duplicate
libpng warning: eXIf: duplicate
libpng warning: eXIf: duplicate
libpng warning: eXIf: duplicate
libpng warning: eXIf: duplicate
libpng warning: eXIf: duplicate
libpng warning: eXIf: duplicate
libpng warning: eXIf: duplicate
libpng warning: eXIf: duplicate
libpng warning: eXIf: duplicate
libpng warning: eXIf: duplicate
libpng warning: eXIf: duplicate
libpng warning: eXIf: duplicate
libpng warning: eXIf: duplicate
libpng warning: eXIf: duplicate
libpng warning: eXIf: duplicate
libpng warning: eXIf: duplicate
libpng warning: eXIf: duplicate
libpng warning: eXIf: duplicate
libpng warning: eXIf: duplicate
libpng warning: eXIf: duplicate
libpng warning: eXIf: duplicate
libpng warning: eXIf: duplicate
libpng warning: eXIf: duplicate
libpng warning: eXIf: duplicate
libpng warning: eXIf: duplicate
libpng warning: eXIf: duplicate
libpng warning: eXIf: duplicate
libpng warning: eXIf: duplicate
libpng warning: eXIf: duplicate
libpng warning: eXIf: duplicate
libpng warning: eXIf: duplicate
libpng warning: eXIf: duplicate
libpng warning: eXIf: duplicate
libpng warning: eXIf: duplicate
libpng warning: eXIf: duplicate
libpng warning: eXIf: duplicate
libpng warning: eXIf: duplicate
libpng warning: eXIf: duplicate
libpng warning: eXIf: duplicate
libpng warning: eXIf: duplicate
libpng warning: eXIf: duplicate
libpng warning: eXIf: duplicate
libpng warning: eXIf: duplicate
libpng warning: eXIf: duplicate
libpng warning: eXIf: duplicate
libpng warning: eXIf: duplicate
libpng warning: eXIf: duplicate
libpng warning: eXIf: duplicate
libpng warning: eXIf: duplicate
libpng warning: eXIf: duplicate
libpng warning: eXIf: duplicate
libpng warning: eXIf: duplicate
libpng warning: eXIf: duplicate
libpng warning: eXIf: duplicate
libpng warning: eXIf: duplicate
libpng warning: eXIf: duplicate
libpng warning: eXIf: duplicate
libpng warning: eXIf: duplicate
libpng warning: eXIf: duplicate
libpng warning: eXIf: duplicate
libpng warning: eXIf: duplicate
libpng warning: eXIf: duplicate
libpng warning: eXIf: duplicate
libpng warning: eXIf: duplicate
libpng warning: eXIf: duplicate
libpng warning: eXIf: duplicate
libpng warning: eXIf: duplicate
libpng warning: eXIf: duplicate
libpng warning: eXIf: duplicate
libpng warning: eXIf: duplicate
libpng warning: eXIf: duplicate
libpng warning: eXIf: duplicate
libpng warning: eXIf: duplicate
libpng warning: eXIf: duplicate
libpng warning: eXIf: duplicate
libpng warning: eXIf: duplicate
libpng warning: eXIf: duplicate
libpng warning: eXIf: duplicate
libpng warning: eXIf: duplicate
libpng warning: eXIf: duplicate
libpng warning: eXIf: duplicate
libpng warning: eXIf: duplicate
libpng warning: eXIf: duplicate
libpng warning: eXIf: duplicate
libpng warning: eXIf: duplicate
libpng warning: eXIf: duplicate
libpng warning: eXIf: duplicate
libpng warning: eXIf: duplicate
libpng warning: eXIf: duplicate
libpng warning: eXIf: duplicate
libpng warning: eXIf: duplicate
libpng warning: eXIf: duplicate
libpng warning: eXIf: duplicate
libpng warning: eXIf: duplicate
libpng warning: eXIf: duplicate
libpng warning: eXIf: duplicate
libpng warning: eXIf: duplicate
libpng warning: eXIf: duplicate
libpng warning: eXIf: duplicate
libpng warning: eXIf: duplicate
libpng warning: eXIf: duplicate
libpng warning: eXIf: duplicate
libpng warning: eXIf: duplicate
libpng warning: eXIf: duplicate
libpng warning: eXIf: duplicate
libpng warning: eXIf: duplicate
libpng warning: eXIf: duplicate
libpng warning: eXIf: duplicate
libpng warning: eXIf: duplicate
libpng warning: eXIf: duplicate
libpng warning: eXIf: duplicate
libpng warning: eXIf: duplicate
libpng warning: eXIf: duplicate
libpng warning: eXIf: duplicate
libpng warning: eXIf: duplicate
libpng warning: eXIf: duplicate
libpng warning: eXIf: duplicate
libpng warning: eXIf: duplicate
libpng warning: eXIf: duplicate
libpng warning: eXIf: duplicate
libpng warning: eXIf: duplicate
libpng warning: eXIf: duplicate
libpng warning: eXIf: duplicate
libpng warning: eXIf: duplicate
libpng warning: eXIf: duplicate
libpng warning: eXIf: duplicate
libpng warning: eXIf: duplicate
libpng warning: eXIf: duplicate
libpng warning: eXIf: duplicate
libpng warning: eXIf: duplicate
libpng warning: eXIf: duplicate
libpng warning: eXIf: duplicate
libpng warning: eXIf: duplicate
libpng warning: eXIf: duplicate
libpng warning: eXIf: duplicate
libpng warning: eXIf: duplicate
libpng warning: eXIf: duplicate
libpng warning: eXIf: duplicate
libpng warning: eXIf: duplicate
libpng warning: eXIf: duplicate
libpng warning: eXIf: duplicate
libpng warning: eXIf: duplicate
libpng warning: eXIf: duplicate
libpng warning: eXIf: duplicate
libpng warning: eXIf: duplicate
libpng warning: eXIf: duplicate
libpng warning: eXIf: duplicate
libpng warning: eXIf: duplicate
libpng warning: eXIf: duplicate
libpng warning: eXIf: duplicate
libpng warning: eXIf: duplicate
libpng warning: eXIf: duplicate
libpng warning: eXIf: duplicate
libpng warning: eXIf: duplicate
libpng warning: eXIf: duplicate
libpng warning: eXIf: duplicate
libpng warning: eXIf: duplicate
libpng warning: eXIf: duplicate
libpng warning: eXIf: duplicate
libpng warning: eXIf: duplicate
libpng warning: eXIf: duplicate
libpng warning: eXIf: duplicate
libpng warning: eXIf: duplicate
libpng warning: eXIf: duplicate
libpng warning: eXIf: duplicate
libpng warning: eXIf: duplicate
libpng warning: eXIf: duplicate
libpng warning: eXIf: duplicate
libpng warning: eXIf: duplicate
libpng warning: eXIf: duplicate
libpng warning: eXIf: duplicate
libpng warning: eXIf: duplicate
libpng warning: eXIf: duplicate
libpng warning: eXIf: duplicate
libpng warning: eXIf: duplicate
libpng warning: eXIf: duplicate
libpng warning: eXIf: duplicate
libpng warning: eXIf: duplicate
libpng warning: eXIf: duplicate
libpng warning: eXIf: duplicate
libpng warning: eXIf: duplicate
libpng warning: eXIf: duplicate
libpng warning: eXIf: duplicate
libpng warning: eXIf: duplicate
libpng warning: eXIf: duplicate
libpng warning: eXIf: duplicate
libpng warning: eXIf: duplicate
libpng warning: eXIf: duplicate
libpng warning: eXIf: duplicate
libpng warning: eXIf: duplicate
libpng warning: eXIf: duplicate
libpng warning: eXIf: duplicate
libpng warning: eXIf: duplicate
libpng warning: eXIf: duplicate
libpng warning: eXIf: duplicate
libpng warning: eXIf: duplicate
libpng warning: eXIf: duplicate
libpng warning: eXIf: duplicate
libpng warning: eXIf: duplicate
libpng warning: eXIf: duplicate
libpng warning: eXIf: duplicate
libpng warning: eXIf: duplicate
libpng warning: eXIf: duplicate
libpng warning: eXIf: duplicate
libpng warning: eXIf: duplicate
libpng warning: eXIf: duplicate
libpng warning: eXIf: duplicate
libpng warning: eXIf: duplicate
libpng warning: eXIf: duplicate
libpng warning: eXIf: duplicate
libpng warning: eXIf: duplicate
libpng warning: eXIf: duplicate
libpng warning: eXIf: duplicate
libpng warning: eXIf: duplicate
libpng warning: eXIf: duplicate
libpng warning: eXIf: duplicate
libpng warning: eXIf: duplicate
libpng warning: eXIf: duplicate
libpng warning: eXIf: duplicate
libpng warning: eXIf: duplicate
libpng warning: eXIf: duplicate
libpng warning: eXIf: duplicate
libpng warning: eXIf: duplicate
libpng warning: eXIf: duplicate
libpng warning: eXIf: duplicate
libpng warning: eXIf: duplicate
libpng warning: eXIf: duplicate
libpng warning: eXIf: duplicate
libpng warning: eXIf: duplicate
libpng warning: eXIf: duplicate
libpng warning: eXIf: duplicate
libpng warning: eXIf: duplicate
libpng warning: eXIf: duplicate
libpng warning: eXIf: duplicate
libpng warning: eXIf: duplicate
libpng warning: eXIf: duplicate
libpng warning: eXIf: duplicate
libpng warning: eXIf: duplicate
libpng warning: eXIf: duplicate
libpng warning: eXIf: duplicate
libpng warning: eXIf: duplicate
libpng warning: eXIf: duplicate
libpng warning: eXIf: duplicate
libpng warning: eXIf: duplicate
libpng warning: eXIf: duplicate
libpng warning: eXIf: duplicate
libpng warning: eXIf: duplicate
libpng warning: eXIf: duplicate
libpng warning: eXIf: duplicate
libpng warning: eXIf: duplicate
libpng warning: eXIf: duplicate
libpng warning: eXIf: duplicate
libpng warning: eXIf: duplicate
libpng warning: eXIf: duplicate
libpng warning: eXIf: duplicate
libpng warning: eXIf: duplicate
libpng warning: eXIf: duplicate
libpng warning: eXIf: duplicate
libpng warning: eXIf: duplicate
libpng warning: eXIf: duplicate
libpng warning: eXIf: duplicate
libpng warning: eXIf: duplicate
libpng warning: eXIf: duplicate
libpng warning: eXIf: duplicate
libpng warning: eXIf: duplicate
libpng warning: eXIf: duplicate
libpng warning: eXIf: duplicate
libpng warning: eXIf: duplicate
libpng warning: eXIf: duplicate
libpng warning: eXIf: duplicate
libpng warning: eXIf: duplicate
libpng warning: eXIf: duplicate
libpng warning: eXIf: duplicate
libpng warning: eXIf: duplicate
libpng warning: eXIf: duplicate
libpng warning: eXIf: duplicate
libpng warning: eXIf: duplicate
libpng warning: eXIf: duplicate
libpng warning: eXIf: duplicate
libpng warning: eXIf: duplicate
libpng warning: eXIf: duplicate
libpng warning: eXIf: duplicate
libpng warning: eXIf: duplicate
libpng warning: eXIf: duplicate
libpng warning: eXIf: duplicate
libpng warning: eXIf: duplicate
libpng warning: eXIf: duplicate
libpng warning: eXIf: duplicate
libpng warning: eXIf: duplicate
libpng warning: eXIf: duplicate
libpng warning: eXIf: duplicate
libpng warning: eXIf: duplicate
libpng warning: eXIf: duplicate
libpng warning: eXIf: duplicate
libpng warning: eXIf: duplicate
libpng warning: eXIf: duplicate
libpng warning: eXIf: duplicate
libpng warning: eXIf: duplicate
libpng warning: eXIf: duplicate
libpng warning: eXIf: duplicate
libpng warning: eXIf: duplicate
libpng warning: eXIf: duplicate
libpng warning: eXIf: duplicate
libpng warning: eXIf: duplicate
libpng warning: eXIf: duplicate
libpng warning: eXIf: duplicate
libpng warning: eXIf: duplicate
libpng warning: eXIf: duplicate
libpng warning: eXIf: duplicate
libpng warning: eXIf: duplicate
libpng warning: eXIf: duplicate
libpng warning: eXIf: duplicate
libpng warning: eXIf: duplicate
libpng warning: eXIf: duplicate
libpng warning: eXIf: duplicate
libpng warning: eXIf: duplicate
libpng warning: eXIf: duplicate
libpng warning: eXIf: duplicate
libpng warning: eXIf: duplicate
libpng warning: eXIf: duplicate
libpng warning: eXIf: duplicate
libpng warning: eXIf: duplicate
libpng warning: eXIf: duplicate
libpng warning: eXIf: duplicate
libpng warning: eXIf: duplicate
libpng warning: eXIf: duplicate
libpng warning: eXIf: duplicate
libpng warning: eXIf: duplicate
libpng warning: eXIf: duplicate
libpng warning: eXIf: duplicate
libpng warning: eXIf: duplicate
libpng warning: eXIf: duplicate
libpng warning: eXIf: duplicate
libpng warning: eXIf: duplicate
libpng warning: eXIf: duplicate
libpng warning: eXIf: duplicate
libpng warning: eXIf: duplicate
libpng warning: eXIf: duplicate
libpng warning: eXIf: duplicate
libpng warning: eXIf: duplicate
libpng warning: eXIf: duplicate
libpng warning: eXIf: duplicate
libpng warning: eXIf: duplicate
libpng warning: eXIf: duplicate
libpng warning: eXIf: duplicate
libpng warning: eXIf: duplicate
libpng warning: eXIf: duplicate
libpng warning: eXIf: duplicate
libpng warning: eXIf: duplicate
libpng warning: eXIf: duplicate
libpng warning: eXIf: duplicate
libpng warning: eXIf: duplicate
libpng warning: eXIf: duplicate
libpng warning: eXIf: duplicate
libpng warning: eXIf: duplicate
libpng warning: eXIf: duplicate
libpng warning: eXIf: duplicate
libpng warning: eXIf: duplicate
libpng warning: eXIf: duplicate
libpng warning: eXIf: duplicate
libpng warning: eXIf: duplicate
libpng warning: eXIf: duplicate
libpng warning: eXIf: duplicate
libpng warning: eXIf: duplicate
libpng warning: eXIf: duplicate
libpng warning: eXIf: duplicate
libpng warning: eXIf: duplicate
libpng warning: eXIf: duplicate
libpng warning: eXIf: duplicate
libpng warning: eXIf: duplicate
libpng warning: eXIf: duplicate
libpng warning: eXIf: duplicate
libpng warning: eXIf: duplicate
libpng warning: eXIf: duplicate
libpng warning: eXIf: duplicate
libpng warning: eXIf: duplicate
libpng warning: eXIf: duplicate
libpng warning: eXIf: duplicate
libpng warning: eXIf: duplicate
libpng warning: eXIf: duplicate
libpng warning: eXIf: duplicate
libpng warning: eXIf: duplicate
libpng warning: eXIf: duplicate
libpng warning: eXIf: duplicate
libpng warning: eXIf: duplicate
libpng warning: eXIf: duplicate
libpng warning: eXIf: duplicate
libpng warning: eXIf: duplicate
libpng warning: eXIf: duplicate
libpng warning: eXIf: duplicate
libpng warning: eXIf: duplicate
libpng warning: eXIf: duplicate
libpng warning: eXIf: duplicate
libpng warning: eXIf: duplicate
libpng warning: eXIf: duplicate
libpng warning: eXIf: duplicate
libpng warning: eXIf: duplicate
libpng warning: eXIf: duplicate
libpng warning: eXIf: duplicate
libpng warning: eXIf: duplicate
libpng warning: eXIf: duplicate
libpng warning: eXIf: duplicate
libpng warning: eXIf: duplicate
libpng warning: eXIf: duplicate
libpng warning: eXIf: duplicate
libpng warning: eXIf: duplicate
libpng warning: eXIf: duplicate
libpng warning: eXIf: duplicate
libpng warning: eXIf: duplicate
libpng warning: eXIf: duplicate
libpng warning: eXIf: duplicate
libpng warning: eXIf: duplicate
libpng warning: eXIf: duplicate
libpng warning: eXIf: duplicate
libpng warning: eXIf: duplicate
libpng warning: eXIf: duplicate
libpng warning: eXIf: duplicate
libpng warning: eXIf: duplicate
libpng warning: eXIf: duplicate
libpng warning: eXIf: duplicate
libpng warning: eXIf: duplicate
libpng warning: eXIf: duplicate
libpng warning: eXIf: duplicate
libpng warning: eXIf: duplicate
libpng warning: eXIf: duplicate
libpng warning: eXIf: duplicate
libpng warning: eXIf: duplicate
libpng warning: eXIf: duplicate
libpng warning: eXIf: duplicate
libpng warning: eXIf: duplicate
libpng warning: eXIf: duplicate
libpng warning: eXIf: duplicate
libpng warning: eXIf: duplicate
libpng warning: eXIf: duplicate
libpng warning: eXIf: duplicate
libpng warning: eXIf: duplicate
libpng warning: eXIf: duplicate
libpng warning: eXIf: duplicate
libpng warning: eXIf: duplicate
libpng warning: eXIf: duplicate
libpng warning: eXIf: duplicate
libpng warning: eXIf: duplicate
libpng warning: eXIf: duplicate
libpng warning: eXIf: duplicate
libpng warning: eXIf: duplicate
libpng warning: eXIf: duplicate
libpng warning: eXIf: duplicate
libpng warning: eXIf: duplicate
libpng warning: eXIf: duplicate
libpng warning: eXIf: duplicate
libpng warning: eXIf: duplicate
libpng warning: eXIf: duplicate
libpng warning: eXIf: duplicate
libpng warning: eXIf: duplicate
libpng warning: eXIf: duplicate
libpng warning: eXIf: duplicate
libpng warning: eXIf: duplicate
libpng warning: eXIf: duplicate
libpng warning: eXIf: duplicate
libpng warning: eXIf: duplicate
libpng warning: eXIf: duplicate
libpng warning: eXIf: duplicate
libpng warning: eXIf: duplicate
libpng warning: eXIf: duplicate
libpng warning: eXIf: duplicate
libpng warning: eXIf: duplicate
libpng warning: eXIf: duplicate
libpng warning: eXIf: duplicate
libpng warning: eXIf: duplicate
libpng warning: eXIf: duplicate
libpng warning: eXIf: duplicate
libpng warning: eXIf: duplicate
libpng warning: eXIf: duplicate
libpng warning: eXIf: duplicate
libpng warning: eXIf: duplicate
libpng warning: eXIf: duplicate
libpng warning: eXIf: duplicate
libpng warning: eXIf: duplicate
libpng warning: eXIf: duplicate
libpng warning: eXIf: duplicate
libpng warning: eXIf: duplicate
libpng warning: eXIf: duplicate
libpng warning: eXIf: duplicate
libpng warning: eXIf: duplicate
libpng warning: eXIf: duplicate
libpng warning: eXIf: duplicate
libpng warning: eXIf: duplicate
libpng warning: eXIf: duplicate
libpng warning: eXIf: duplicate
libpng warning: eXIf: duplicate
libpng warning: eXIf: duplicate
libpng warning: eXIf: duplicate
libpng warning: eXIf: duplicate
libpng warning: eXIf: duplicate
libpng warning: eXIf: duplicate
libpng warning: eXIf: duplicate
libpng warning: eXIf: duplicate
libpng warning: eXIf: duplicate
libpng warning: eXIf: duplicate
libpng warning: eXIf: duplicate
libpng warning: eXIf: duplicate
libpng warning: eXIf: duplicate
libpng warning: eXIf: duplicate
libpng warning: eXIf: duplicate
libpng warning: eXIf: duplicate
libpng warning: eXIf: duplicate
libpng warning: eXIf: duplicate
libpng warning: eXIf: duplicate
libpng warning: eXIf: duplicate
libpng warning: eXIf: duplicate
libpng warning: eXIf: duplicate
libpng warning: eXIf: duplicate
libpng warning: eXIf: duplicate
libpng warning: eXIf: duplicate
libpng warning: eXIf: duplicate
libpng warning: eXIf: duplicate
libpng warning: eXIf: duplicate
libpng warning: eXIf: duplicate
libpng warning: eXIf: duplicate
libpng warning: eXIf: duplicate
libpng warning: eXIf: duplicate
libpng warning: eXIf: duplicate
libpng warning: eXIf: duplicate
libpng warning: eXIf: duplicate
libpng warning: eXIf: duplicate
libpng warning: eXIf: duplicate
libpng warning: eXIf: duplicate
libpng warning: eXIf: duplicate
libpng warning: eXIf: duplicate
libpng warning: eXIf: duplicate
libpng warning: eXIf: duplicate
libpng warning: eXIf: duplicate
libpng warning: eXIf: duplicate
libpng warning: eXIf: duplicate
libpng warning: eXIf: duplicate
libpng warning: eXIf: duplicate
libpng warning: eXIf: duplicate
libpng warning: eXIf: duplicate
libpng warning: eXIf: duplicate
libpng warning: eXIf: duplicate
libpng warning: eXIf: duplicate
libpng warning: eXIf: duplicate
libpng warning: eXIf: duplicate
libpng warning: eXIf: duplicate
libpng warning: eXIf: duplicate
libpng warning: eXIf: duplicate
libpng warning: eXIf: duplicate
libpng warning: eXIf: duplicate
libpng warning: eXIf: duplicate
libpng warning: eXIf: duplicate
libpng warning: eXIf: duplicate
libpng warning: eXIf: duplicate
libpng warning: eXIf: duplicate
libpng warning: eXIf: duplicate
libpng warning: eXIf: duplicate
libpng warning: eXIf: duplicate
libpng warning: eXIf: duplicate
libpng warning: eXIf: duplicate
libpng warning: eXIf: duplicate
libpng warning: eXIf: duplicate
libpng warning: eXIf: duplicate
libpng warning: eXIf: duplicate
libpng warning: eXIf: duplicate
libpng warning: eXIf: duplicate
libpng warning: eXIf: duplicate
libpng warning: eXIf: duplicate
libpng warning: eXIf: duplicate
libpng warning: eXIf: duplicate
libpng warning: eXIf: duplicate
libpng warning: eXIf: duplicate
libpng warning: eXIf: duplicate
libpng warning: eXIf: duplicate
libpng warning: eXIf: duplicate
libpng warning: eXIf: duplicate
libpng warning: eXIf: duplicate
libpng warning: eXIf: duplicate
libpng warning: eXIf: duplicate
libpng warning: eXIf: duplicate
base dir name: ['', '4T', 'CXY', 'MV-Painter', 'data', 'train_data']
alpha count: 233914 215896
reverse true
base dir name: ['', '4T', 'CXY', 'MV-Painter', 'data', 'train_data']
alpha count: 218721 220389
reverse false
base dir name: ['', '4T', 'CXY', 'MV-Painter', 'data', 'train_data']
alpha count: 216013 217629
reverse false
base dir name: ['', '4T', 'CXY', 'MV-Painter', 'data', 'train_data']
alpha count: 227014 238876
reverse false
base dir name: ['', '4T', 'CXY', 'MV-Painter', 'data', 'train_data']
alpha count: 224308 200235
reverse true
base dir name: ['', '4T', 'CXY', 'MV-Painter', 'data', 'train_data']
alpha count: 195038 193643
reverse true
[1080/2000] loss=0.0888 (ema 0.0880) lr=4.81e-05 grad=0.112 | fsc_modules=2.0e-03 gsg_modules=8.7e-02 ltag=6.1e-03 | 1.3s
base dir name: ['', '4T', 'CXY', 'MV-Painter', 'data', 'train_data']
alpha count: 227321 194032
reverse true
base dir name: ['', '4T', 'CXY', 'MV-Painter', 'data', 'train_data']
alpha count: 239237 238759
reverse true
base dir name: ['', '4T', 'CXY', 'MV-Painter', 'data', 'train_data']
alpha count: 219240 213415
reverse true
base dir name: ['', '4T', 'CXY', 'MV-Painter', 'data', 'train_data']
alpha count: 235405 254609
reverse false
base dir name: ['', '4T', 'CXY', 'MV-Painter', 'data', 'train_data']
alpha count: 210293 231550
reverse false
base dir name: ['', '4T', 'CXY', 'MV-Painter', 'data', 'train_data']
alpha count: 255698 261050
reverse false
base dir name: ['', '4T', 'CXY', 'MV-Painter', 'data', 'train_data']
alpha count: 260469 252889
reverse true
base dir name: ['', '4T', 'CXY', 'MV-Painter', 'data', 'train_data']
alpha count: 210243 189527
reverse true
base dir name: ['', '4T', 'CXY', 'MV-Painter', 'data', 'train_data']
alpha count: 188979 205259
reverse false
base dir name: ['', '4T', 'CXY', 'MV-Painter', 'data', 'train_data']
alpha count: 165596 195592
reverse false
base dir name: ['', '4T', 'CXY', 'MV-Painter', 'data', 'train_data']
alpha count: 165230 154216
reverse true
base dir name: ['', '4T', 'CXY', 'MV-Painter', 'data', 'train_data']
alpha count: 206431 222693
reverse false
base dir name: ['', '4T', 'CXY', 'MV-Painter', 'data', 'train_data']
alpha count: 175252 175252
reverse false
base dir name: ['', '4T', 'CXY', 'MV-Painter', 'data', 'train_data']
alpha count: 251700 223452
reverse true
base dir name: ['', '4T', 'CXY', 'MV-Painter', 'data', 'train_data']
alpha count: 249420 241569
reverse true
base dir name: ['', '4T', 'CXY', 'MV-Painter', 'data', 'train_data']
alpha count: 197669 171123
reverse true
base dir name: ['', '4T', 'CXY', 'MV-Painter', 'data', 'train_data']
alpha count: 218653 227650
reverse false
base dir name: ['', '4T', 'CXY', 'MV-Painter', 'data', 'train_data']
alpha count: 194584 218389
reverse false
base dir name: ['', '4T', 'CXY', 'MV-Painter', 'data', 'train_data']
alpha count: 240834 244116
reverse false
base dir name: ['', '4T', 'CXY', 'MV-Painter', 'data', 'train_data']
alpha count: 189081 186871
reverse true
[1100/2000] loss=0.0265 (ema 0.0882) lr=4.65e-05 grad=0.087 | fsc_modules=6.8e-04 gsg_modules=7.5e-02 ltag=4.5e-03 | 1.3s
base dir name: ['', '4T', 'CXY', 'MV-Painter', 'data', 'train_data']
alpha count: 234314 194592
reverse true
base dir name: ['', '4T', 'CXY', 'MV-Painter', 'data', 'train_data']
alpha count: 243860 248193
reverse false
base dir name: ['', '4T', 'CXY', 'MV-Painter', 'data', 'train_data']
alpha count: 229625 229180
reverse true
base dir name: ['', '4T', 'CXY', 'MV-Painter', 'data', 'train_data']
alpha count: 245726 244735
reverse true
base dir name: ['', '4T', 'CXY', 'MV-Painter', 'data', 'train_data']
alpha count: 226804 194431
reverse true
base dir name: ['', '4T', 'CXY', 'MV-Painter', 'data', 'train_data']
alpha count: 206713 233065
reverse false
base dir name: ['', '4T', 'CXY', 'MV-Painter', 'data', 'train_data']
alpha count: 222360 207261
reverse true
base dir name: ['', '4T', 'CXY', 'MV-Painter', 'data', 'train_data']
alpha count: 256070 252177
reverse true
base dir name: ['', '4T', 'CXY', 'MV-Painter', 'data', 'train_data']
alpha count: 248805 237023
reverse true
base dir name: ['', '4T', 'CXY', 'MV-Painter', 'data', 'train_data']
alpha count: 217972 213651
reverse true
base dir name: ['', '4T', 'CXY', 'MV-Painter', 'data', 'train_data']
alpha count: 214283 196369
reverse true
base dir name: ['', '4T', 'CXY', 'MV-Painter', 'data', 'train_data']
alpha count: 244391 225932
reverse true
base dir name: ['', '4T', 'CXY', 'MV-Painter', 'data', 'train_data']
alpha count: 244401 244529
reverse false
base dir name: ['', '4T', 'CXY', 'MV-Painter', 'data', 'train_data']
alpha count: 197575 197852
reverse false
base dir name: ['', '4T', 'CXY', 'MV-Painter', 'data', 'train_data']
alpha count: 206681 208734
reverse false
base dir name: ['', '4T', 'CXY', 'MV-Painter', 'data', 'train_data']
alpha count: 250311 241633
reverse true
base dir name: ['', '4T', 'CXY', 'MV-Painter', 'data', 'train_data']
alpha count: 247603 247719
reverse false
base dir name: ['', '4T', 'CXY', 'MV-Painter', 'data', 'train_data']
alpha count: 225276 235711
reverse false
base dir name: ['', '4T', 'CXY', 'MV-Painter', 'data', 'train_data']
alpha count: 254466 251484
reverse true
base dir name: ['', '4T', 'CXY', 'MV-Painter', 'data', 'train_data']
alpha count: 233402 246743
reverse false
[1120/2000] loss=0.0134 (ema 0.0817) lr=4.49e-05 grad=0.043 | fsc_modules=1.8e-03 gsg_modules=3.5e-02 ltag=2.7e-03 | 1.0s
base dir name: ['', '4T', 'CXY', 'MV-Painter', 'data', 'train_data']
alpha count: 235818 238320
reverse false
base dir name: ['', '4T', 'CXY', 'MV-Painter', 'data', 'train_data']
alpha count: 235305 247577
reverse false
base dir name: ['', '4T', 'CXY', 'MV-Painter', 'data', 'train_data']
alpha count: 237394 228800
reverse true
base dir name: ['', '4T', 'CXY', 'MV-Painter', 'data', 'train_data']
alpha count: 166617 236328
reverse false
base dir name: ['', '4T', 'CXY', 'MV-Painter', 'data', 'train_data']
alpha count: 210675 167248
reverse true
base dir name: ['', '4T', 'CXY', 'MV-Painter', 'data', 'train_data']
alpha count: 246379 242538
reverse true
base dir name: ['', '4T', 'CXY', 'MV-Painter', 'data', 'train_data']
alpha count: 258225 245487
reverse true
base dir name: ['', '4T', 'CXY', 'MV-Painter', 'data', 'train_data']
alpha count: 195877 193871
reverse true
base dir name: ['', '4T', 'CXY', 'MV-Painter', 'data', 'train_data']
alpha count: 250194 183934
reverse true
base dir name: ['', '4T', 'CXY', 'MV-Painter', 'data', 'train_data']
alpha count: 242632 242830
reverse false
base dir name: ['', '4T', 'CXY', 'MV-Painter', 'data', 'train_data']
alpha count: 227500 197564
reverse true
base dir name: ['', '4T', 'CXY', 'MV-Painter', 'data', 'train_data']
alpha count: 248923 245690
reverse true
base dir name: ['', '4T', 'CXY', 'MV-Painter', 'data', 'train_data']
alpha count: 250712 160123
reverse true
base dir name: ['', '4T', 'CXY', 'MV-Painter', 'data', 'train_data']
alpha count: 248025 247686
reverse true
base dir name: ['', '4T', 'CXY', 'MV-Painter', 'data', 'train_data']
alpha count: 262144 262144
reverse false
OpenCV(4.13.0) /io/opencv/modules/imgproc/src/resize.cpp:4208: error: (-215:Assertion failed) !ssize.empty() in function 'resize'

wrong path: /4T/CXY/MV-Painter/data/train_data/rendered_full/dd9d016823184013a2b3b21549ca7417/image
base dir name: ['', '4T', 'CXY', 'MV-Painter', 'data', 'train_data']
alpha count: 188332 204921
reverse false
base dir name: ['', '4T', 'CXY', 'MV-Painter', 'data', 'train_data']
alpha count: 258392 255110
reverse true
base dir name: ['', '4T', 'CXY', 'MV-Painter', 'data', 'train_data']
alpha count: 244215 220613
reverse true
base dir name: ['', '4T', 'CXY', 'MV-Painter', 'data', 'train_data']
alpha count: 241316 259022
reverse false
base dir name: ['', '4T', 'CXY', 'MV-Painter', 'data', 'train_data']
alpha count: 226620 244258
reverse false
base dir name: ['', '4T', 'CXY', 'MV-Painter', 'data', 'train_data']
alpha count: 194758 201323
reverse false
[1140/2000] loss=0.0112 (ema 0.0835) lr=4.32e-05 grad=0.059 | fsc_modules=2.3e-03 gsg_modules=4.2e-02 ltag=2.5e-03 | 1.1s
base dir name: ['', '4T', 'CXY', 'MV-Painter', 'data', 'train_data']
alpha count: 241257 201435
reverse true
base dir name: ['', '4T', 'CXY', 'MV-Painter', 'data', 'train_data']libpng warning: eXIf: duplicate
libpng warning: eXIf: duplicate
libpng warning: eXIf: duplicate
libpng warning: eXIf: duplicate
libpng warning: eXIf: duplicate
libpng warning: eXIf: duplicate
libpng warning: eXIf: duplicate
libpng warning: eXIf: duplicate
libpng warning: eXIf: duplicate
libpng warning: eXIf: duplicate
libpng warning: eXIf: duplicate
libpng warning: eXIf: duplicate
libpng warning: eXIf: duplicate
libpng warning: eXIf: duplicate
libpng warning: eXIf: duplicate
libpng warning: eXIf: duplicate
libpng warning: eXIf: duplicate
libpng warning: eXIf: duplicate
libpng warning: eXIf: duplicate
libpng warning: eXIf: duplicate
libpng warning: eXIf: duplicate
libpng warning: eXIf: duplicate
libpng warning: eXIf: duplicate
libpng warning: eXIf: duplicate
libpng warning: eXIf: duplicate
libpng warning: eXIf: duplicate
libpng warning: eXIf: duplicate
libpng warning: eXIf: duplicate
libpng warning: eXIf: duplicate
libpng warning: eXIf: duplicate
libpng warning: eXIf: duplicate
libpng warning: eXIf: duplicate
libpng warning: eXIf: duplicate
libpng warning: eXIf: duplicate
libpng warning: eXIf: duplicate
libpng warning: eXIf: duplicate
libpng warning: eXIf: duplicate
libpng warning: eXIf: duplicate
libpng warning: eXIf: duplicate
libpng warning: eXIf: duplicate
libpng warning: eXIf: duplicate
libpng warning: eXIf: duplicate
libpng warning: eXIf: duplicate
libpng warning: eXIf: duplicate
libpng warning: eXIf: duplicate
libpng warning: eXIf: duplicate
libpng warning: eXIf: duplicate
libpng warning: eXIf: duplicate
libpng warning: eXIf: duplicate
libpng warning: eXIf: duplicate
libpng warning: eXIf: duplicate
libpng warning: eXIf: duplicate
libpng warning: eXIf: duplicate
libpng warning: eXIf: duplicate
libpng warning: eXIf: duplicate
libpng warning: eXIf: duplicate
libpng warning: eXIf: duplicate
libpng warning: eXIf: duplicate
libpng warning: eXIf: duplicate
libpng warning: eXIf: duplicate
libpng warning: eXIf: duplicate
libpng warning: eXIf: duplicate
libpng warning: eXIf: duplicate
libpng warning: eXIf: duplicate
libpng warning: eXIf: duplicate
libpng warning: eXIf: duplicate
libpng warning: eXIf: duplicate
libpng warning: eXIf: duplicate
libpng warning: eXIf: duplicate
libpng warning: eXIf: duplicate
libpng warning: eXIf: duplicate
libpng warning: eXIf: duplicate
libpng warning: eXIf: duplicate
libpng warning: eXIf: duplicate
libpng warning: eXIf: duplicate
libpng warning: eXIf: duplicate
libpng warning: eXIf: duplicate
libpng warning: eXIf: duplicate
libpng warning: eXIf: duplicate
libpng warning: eXIf: duplicate
libpng warning: eXIf: duplicate
libpng warning: eXIf: duplicate
libpng warning: eXIf: duplicate
libpng warning: eXIf: duplicate
libpng warning: eXIf: duplicate
libpng warning: eXIf: duplicate
libpng warning: eXIf: duplicate
libpng warning: eXIf: duplicate
libpng warning: eXIf: duplicate
libpng warning: eXIf: duplicate
libpng warning: eXIf: duplicate
libpng warning: eXIf: duplicate
libpng warning: eXIf: duplicate
libpng warning: eXIf: duplicate
libpng warning: eXIf: duplicate
libpng warning: eXIf: duplicate
libpng warning: eXIf: duplicate
libpng warning: eXIf: duplicate
libpng warning: eXIf: duplicate
libpng warning: eXIf: duplicate
libpng warning: eXIf: duplicate
libpng warning: eXIf: duplicate
libpng warning: eXIf: duplicate
libpng warning: eXIf: duplicate
libpng warning: eXIf: duplicate
libpng warning: eXIf: duplicate
libpng warning: eXIf: duplicate
libpng warning: eXIf: duplicate
libpng warning: eXIf: duplicate
libpng warning: eXIf: duplicate
libpng warning: eXIf: duplicate
libpng warning: eXIf: duplicate
libpng warning: eXIf: duplicate
libpng warning: eXIf: duplicate
libpng warning: eXIf: duplicate
libpng warning: eXIf: duplicate
libpng warning: eXIf: duplicate
libpng warning: eXIf: duplicate
libpng warning: eXIf: duplicate
libpng warning: eXIf: duplicate
libpng warning: eXIf: duplicate
libpng warning: eXIf: duplicate
libpng warning: eXIf: duplicate
libpng warning: eXIf: duplicate
libpng warning: eXIf: duplicate
libpng warning: eXIf: duplicate
libpng warning: eXIf: duplicate
libpng warning: eXIf: duplicate
libpng warning: eXIf: duplicate
libpng warning: eXIf: duplicate
libpng warning: eXIf: duplicate
libpng warning: eXIf: duplicate
libpng warning: eXIf: duplicate
libpng warning: eXIf: duplicate
libpng warning: eXIf: duplicate
libpng warning: eXIf: duplicate
libpng warning: eXIf: duplicate
libpng warning: eXIf: duplicate
libpng warning: eXIf: duplicate
libpng warning: eXIf: duplicate
libpng warning: eXIf: duplicate
libpng warning: eXIf: duplicate
libpng warning: eXIf: duplicate
libpng warning: eXIf: duplicate
libpng warning: eXIf: duplicate
libpng warning: eXIf: duplicate
libpng warning: eXIf: duplicate
libpng warning: eXIf: duplicate
libpng warning: eXIf: duplicate
libpng warning: eXIf: duplicate
libpng warning: eXIf: duplicate
libpng warning: eXIf: duplicate
libpng warning: eXIf: duplicate
libpng warning: eXIf: duplicate
libpng warning: eXIf: duplicate
libpng warning: eXIf: duplicate
libpng warning: eXIf: duplicate
libpng warning: eXIf: duplicate
libpng warning: eXIf: duplicate
libpng warning: eXIf: duplicate
libpng warning: eXIf: duplicate
libpng warning: eXIf: duplicate
libpng warning: eXIf: duplicate
libpng warning: eXIf: duplicate
libpng warning: eXIf: duplicate
libpng warning: eXIf: duplicate
libpng warning: eXIf: duplicate
libpng warning: eXIf: duplicate
libpng warning: eXIf: duplicate
libpng warning: eXIf: duplicate
libpng warning: eXIf: duplicate
libpng warning: eXIf: duplicate
libpng warning: eXIf: duplicate
libpng warning: eXIf: duplicate
libpng warning: eXIf: duplicate
libpng warning: eXIf: duplicate
libpng warning: eXIf: duplicate
libpng warning: eXIf: duplicate
libpng warning: eXIf: duplicate
libpng warning: eXIf: duplicate
libpng warning: eXIf: duplicate
libpng warning: eXIf: duplicate
libpng warning: eXIf: duplicate
libpng warning: eXIf: duplicate
libpng warning: eXIf: duplicate
libpng warning: eXIf: duplicate
libpng warning: eXIf: duplicate
libpng warning: eXIf: duplicate
libpng warning: eXIf: duplicate
libpng warning: eXIf: duplicate
libpng warning: eXIf: duplicate
libpng warning: eXIf: duplicate
libpng warning: eXIf: duplicate
libpng warning: eXIf: duplicate
libpng warning: eXIf: duplicate
libpng warning: eXIf: duplicate
libpng warning: eXIf: duplicate
libpng warning: eXIf: duplicate
libpng warning: eXIf: duplicate
libpng warning: eXIf: duplicate
libpng warning: eXIf: duplicate
libpng warning: eXIf: duplicate
libpng warning: eXIf: duplicate
libpng warning: eXIf: duplicate
libpng warning: eXIf: duplicate
libpng warning: eXIf: duplicate
libpng warning: eXIf: duplicate
libpng warning: eXIf: duplicate
libpng warning: eXIf: duplicate
libpng warning: eXIf: duplicate
libpng warning: eXIf: duplicate
libpng warning: eXIf: duplicate
libpng warning: eXIf: duplicate
libpng warning: eXIf: duplicate
libpng warning: eXIf: duplicate
libpng warning: eXIf: duplicate
libpng warning: eXIf: duplicate
libpng warning: eXIf: duplicate
libpng warning: eXIf: duplicate
libpng warning: eXIf: duplicate
libpng warning: eXIf: duplicate
libpng warning: eXIf: duplicate
libpng warning: eXIf: duplicate
libpng warning: eXIf: duplicate
libpng warning: eXIf: duplicate
libpng warning: eXIf: duplicate
libpng warning: eXIf: duplicate
libpng warning: eXIf: duplicate
libpng warning: eXIf: duplicate
libpng warning: eXIf: duplicate
libpng warning: eXIf: duplicate
libpng warning: eXIf: duplicate
libpng warning: eXIf: duplicate
libpng warning: eXIf: duplicate
libpng warning: eXIf: duplicate
libpng warning: eXIf: duplicate
libpng warning: eXIf: duplicate
libpng warning: eXIf: duplicate
libpng warning: eXIf: duplicate
libpng warning: eXIf: duplicate
libpng warning: eXIf: duplicate
libpng warning: eXIf: duplicate
libpng warning: eXIf: duplicate
libpng warning: eXIf: duplicate
libpng warning: eXIf: duplicate
libpng warning: eXIf: duplicate
libpng warning: eXIf: duplicate
libpng warning: eXIf: duplicate
libpng warning: eXIf: duplicate
libpng warning: eXIf: duplicate
libpng warning: eXIf: duplicate
libpng warning: eXIf: duplicate
libpng warning: eXIf: duplicate
libpng warning: eXIf: duplicate
libpng warning: eXIf: duplicate
libpng warning: eXIf: duplicate
libpng warning: eXIf: duplicate
libpng warning: eXIf: duplicate
libpng warning: eXIf: duplicate
libpng warning: eXIf: duplicate
libpng warning: eXIf: duplicate
libpng warning: eXIf: duplicate
libpng warning: eXIf: duplicate
libpng warning: eXIf: duplicate
libpng warning: eXIf: duplicate
libpng warning: eXIf: duplicate
libpng warning: eXIf: duplicate
libpng warning: eXIf: duplicate
libpng warning: eXIf: duplicate
libpng warning: eXIf: duplicate
libpng warning: eXIf: duplicate
libpng warning: eXIf: duplicate
libpng warning: eXIf: duplicate
libpng warning: eXIf: duplicate
libpng warning: eXIf: duplicate
libpng warning: eXIf: duplicate
libpng warning: eXIf: duplicate
libpng warning: eXIf: duplicate
libpng warning: eXIf: duplicate
libpng warning: eXIf: duplicate
libpng warning: eXIf: duplicate
libpng warning: eXIf: duplicate
libpng warning: eXIf: duplicate
libpng warning: eXIf: duplicate
libpng warning: eXIf: duplicate
libpng warning: eXIf: duplicate
libpng warning: eXIf: duplicate
libpng warning: eXIf: duplicate
libpng warning: eXIf: duplicate
libpng warning: eXIf: duplicate
libpng warning: eXIf: duplicate
libpng warning: eXIf: duplicate
libpng warning: eXIf: duplicate
libpng warning: eXIf: duplicate
libpng warning: eXIf: duplicate
libpng warning: eXIf: duplicate
libpng warning: eXIf: duplicate
libpng warning: eXIf: duplicate
libpng warning: eXIf: duplicate
libpng warning: eXIf: duplicate
libpng warning: eXIf: duplicate
libpng warning: eXIf: duplicate
libpng warning: eXIf: duplicate
libpng warning: eXIf: duplicate
libpng warning: eXIf: duplicate
libpng warning: eXIf: duplicate
libpng warning: eXIf: duplicate
libpng warning: eXIf: duplicate
libpng warning: eXIf: duplicate
libpng warning: eXIf: duplicate
libpng warning: eXIf: duplicate
libpng warning: eXIf: duplicate
libpng warning: eXIf: duplicate
libpng warning: eXIf: duplicate
libpng warning: eXIf: duplicate
libpng warning: eXIf: duplicate
libpng warning: eXIf: duplicate
libpng warning: eXIf: duplicate
libpng warning: eXIf: duplicate
libpng warning: eXIf: duplicate
libpng warning: eXIf: duplicate
libpng warning: eXIf: duplicate
libpng warning: eXIf: duplicate
libpng warning: eXIf: duplicate
libpng warning: eXIf: duplicate
libpng warning: eXIf: duplicate
libpng warning: eXIf: duplicate
libpng warning: eXIf: duplicate
libpng warning: eXIf: duplicate
libpng warning: eXIf: duplicate
libpng warning: eXIf: duplicate
libpng warning: eXIf: duplicate
libpng warning: eXIf: duplicate
libpng warning: eXIf: duplicate
libpng warning: eXIf: duplicate
libpng warning: eXIf: duplicate
libpng warning: eXIf: duplicate
libpng warning: eXIf: duplicate
libpng warning: eXIf: duplicate
libpng warning: eXIf: duplicate
libpng warning: eXIf: duplicate
libpng warning: eXIf: duplicate
libpng warning: eXIf: duplicate
libpng warning: eXIf: duplicate
libpng warning: eXIf: duplicate
libpng warning: eXIf: duplicate
libpng warning: eXIf: duplicate
libpng warning: eXIf: duplicate
libpng warning: eXIf: duplicate
libpng warning: eXIf: duplicate
libpng warning: eXIf: duplicate
libpng warning: eXIf: duplicate
libpng warning: eXIf: duplicate
libpng warning: eXIf: duplicate
libpng warning: eXIf: duplicate
libpng warning: eXIf: duplicate
libpng warning: eXIf: duplicate
libpng warning: eXIf: duplicate
libpng warning: eXIf: duplicate
libpng warning: eXIf: duplicate
libpng warning: eXIf: duplicate
libpng warning: eXIf: duplicate
libpng warning: eXIf: duplicate
libpng warning: eXIf: duplicate
libpng warning: eXIf: duplicate
libpng warning: eXIf: duplicate
libpng warning: eXIf: duplicate
libpng warning: eXIf: duplicate
libpng warning: eXIf: duplicate
libpng warning: eXIf: duplicate
libpng warning: eXIf: duplicate
libpng warning: eXIf: duplicate
libpng warning: eXIf: duplicate
libpng warning: eXIf: duplicate
libpng warning: eXIf: duplicate
libpng warning: eXIf: duplicate
libpng warning: eXIf: duplicate
libpng warning: eXIf: duplicate
libpng warning: eXIf: duplicate
libpng warning: eXIf: duplicate
libpng warning: eXIf: duplicate
libpng warning: eXIf: duplicate
libpng warning: eXIf: duplicate
libpng warning: eXIf: duplicate
libpng warning: eXIf: duplicate
libpng warning: eXIf: duplicate
libpng warning: eXIf: duplicate
libpng warning: eXIf: duplicate
libpng warning: eXIf: duplicate
libpng warning: eXIf: duplicate
libpng warning: eXIf: duplicate
libpng warning: eXIf: duplicate
libpng warning: eXIf: duplicate
libpng warning: eXIf: duplicate
libpng warning: eXIf: duplicate
libpng warning: eXIf: duplicate
libpng warning: eXIf: duplicate
libpng warning: eXIf: duplicate
libpng warning: eXIf: duplicate
libpng warning: eXIf: duplicate
libpng warning: eXIf: duplicate
libpng warning: eXIf: duplicate
libpng warning: eXIf: duplicate
libpng warning: eXIf: duplicate
libpng warning: eXIf: duplicate
libpng warning: eXIf: duplicate
libpng warning: eXIf: duplicate
libpng warning: eXIf: duplicate
libpng warning: eXIf: duplicate
libpng warning: eXIf: duplicate
libpng warning: eXIf: duplicate
libpng warning: eXIf: duplicate
libpng warning: eXIf: duplicate
libpng warning: eXIf: duplicate
libpng warning: eXIf: duplicate
libpng warning: eXIf: duplicate
libpng warning: eXIf: duplicate
libpng warning: eXIf: duplicate
libpng warning: eXIf: duplicate
libpng warning: eXIf: duplicate
libpng warning: eXIf: duplicate
libpng warning: eXIf: duplicate
libpng warning: eXIf: duplicate
libpng warning: eXIf: duplicate
libpng warning: eXIf: duplicate
libpng warning: eXIf: duplicate
libpng warning: eXIf: duplicate
libpng warning: eXIf: duplicate
libpng warning: eXIf: duplicate
libpng warning: eXIf: duplicate
libpng warning: eXIf: duplicate
libpng warning: eXIf: duplicate
libpng warning: eXIf: duplicate
libpng warning: eXIf: duplicate
libpng warning: eXIf: duplicate
libpng warning: eXIf: duplicate
libpng warning: eXIf: duplicate
libpng warning: eXIf: duplicate
libpng warning: eXIf: duplicate
libpng warning: eXIf: duplicate
libpng warning: eXIf: duplicate
libpng warning: eXIf: duplicate
libpng warning: eXIf: duplicate
libpng warning: eXIf: duplicate
libpng warning: eXIf: duplicate
libpng warning: eXIf: duplicate
libpng warning: eXIf: duplicate
libpng warning: eXIf: duplicate
libpng warning: eXIf: duplicate
libpng warning: eXIf: duplicate
libpng warning: eXIf: duplicate
libpng warning: eXIf: duplicate
libpng warning: eXIf: duplicate
libpng warning: eXIf: duplicate
libpng warning: eXIf: duplicate
libpng warning: eXIf: duplicate
libpng warning: eXIf: duplicate
libpng warning: eXIf: duplicate
libpng warning: eXIf: duplicate
libpng warning: eXIf: duplicate
libpng warning: eXIf: duplicate
libpng warning: eXIf: duplicate
libpng warning: eXIf: duplicate
libpng warning: eXIf: duplicate
libpng warning: eXIf: duplicate
libpng warning: eXIf: duplicate
libpng warning: eXIf: duplicate
libpng warning: eXIf: duplicate
libpng warning: eXIf: duplicate
libpng warning: eXIf: duplicate
libpng warning: eXIf: duplicate
libpng warning: eXIf: duplicate
libpng warning: eXIf: duplicate
libpng warning: eXIf: duplicate
libpng warning: eXIf: duplicate
libpng warning: eXIf: duplicate
libpng warning: eXIf: duplicate
libpng warning: eXIf: duplicate
libpng warning: eXIf: duplicate
libpng warning: eXIf: duplicate
libpng warning: eXIf: duplicate
libpng warning: eXIf: duplicate
libpng warning: eXIf: duplicate
libpng warning: eXIf: duplicate
libpng warning: eXIf: duplicate
libpng warning: eXIf: duplicate
libpng warning: eXIf: duplicate
libpng warning: eXIf: duplicate
libpng warning: eXIf: duplicate
libpng warning: eXIf: duplicate
libpng warning: eXIf: duplicate
libpng warning: eXIf: duplicate
libpng warning: eXIf: duplicate
libpng warning: eXIf: duplicate
libpng warning: eXIf: duplicate
libpng warning: eXIf: duplicate
libpng warning: eXIf: duplicate
libpng warning: eXIf: duplicate
libpng warning: eXIf: duplicate
libpng warning: eXIf: duplicate
libpng warning: eXIf: duplicate
libpng warning: eXIf: duplicate
libpng warning: eXIf: duplicate
libpng warning: eXIf: duplicate
libpng warning: eXIf: duplicate
libpng warning: eXIf: duplicate
libpng warning: eXIf: duplicate
libpng warning: eXIf: duplicate
libpng warning: eXIf: duplicate
libpng warning: eXIf: duplicate
libpng warning: eXIf: duplicate
libpng warning: eXIf: duplicate
libpng warning: eXIf: duplicate
libpng warning: eXIf: duplicate
libpng warning: eXIf: duplicate
libpng warning: eXIf: duplicate
libpng warning: eXIf: duplicate
libpng warning: eXIf: duplicate
libpng warning: eXIf: duplicate
libpng warning: eXIf: duplicate
libpng warning: eXIf: duplicate
libpng warning: eXIf: duplicate
libpng warning: eXIf: duplicate
libpng warning: eXIf: duplicate
libpng warning: eXIf: duplicate
libpng warning: eXIf: duplicate
libpng warning: eXIf: duplicate
libpng warning: eXIf: duplicate
libpng warning: eXIf: duplicate
libpng warning: eXIf: duplicate
libpng warning: eXIf: duplicate
libpng warning: eXIf: duplicate
libpng warning: eXIf: duplicate
libpng warning: eXIf: duplicate
libpng warning: eXIf: duplicate
libpng warning: eXIf: duplicate
libpng warning: eXIf: duplicate
libpng warning: eXIf: duplicate
libpng warning: eXIf: duplicate
libpng warning: eXIf: duplicate
libpng warning: eXIf: duplicate
libpng warning: eXIf: duplicate
libpng warning: eXIf: duplicate
libpng warning: eXIf: duplicate
libpng warning: eXIf: duplicate
libpng warning: eXIf: duplicate
libpng warning: eXIf: duplicate
libpng warning: eXIf: duplicate
libpng warning: eXIf: duplicate
libpng warning: eXIf: duplicate
libpng warning: eXIf: duplicate
libpng warning: eXIf: duplicate
libpng warning: eXIf: duplicate
libpng warning: eXIf: duplicate
libpng warning: eXIf: duplicate
libpng warning: eXIf: duplicate
libpng warning: eXIf: duplicate
libpng warning: eXIf: duplicate
libpng warning: eXIf: duplicate
libpng warning: eXIf: duplicate
libpng warning: eXIf: duplicate
libpng warning: eXIf: duplicate
libpng warning: eXIf: duplicate
libpng warning: eXIf: duplicate
libpng warning: eXIf: duplicate
libpng warning: eXIf: duplicate
libpng warning: eXIf: duplicate
libpng warning: eXIf: duplicate
libpng warning: eXIf: duplicate
libpng warning: eXIf: duplicate
libpng warning: eXIf: duplicate
libpng warning: eXIf: duplicate
libpng warning: eXIf: duplicate
libpng warning: eXIf: duplicate
libpng warning: eXIf: duplicate
libpng warning: eXIf: duplicate
libpng warning: eXIf: duplicate
libpng warning: eXIf: duplicate
libpng warning: eXIf: duplicate
libpng warning: eXIf: duplicate
libpng warning: eXIf: duplicate
libpng warning: eXIf: duplicate
libpng warning: eXIf: duplicate
libpng warning: eXIf: duplicate
libpng warning: eXIf: duplicate
libpng warning: eXIf: duplicate
libpng warning: eXIf: duplicate
libpng warning: eXIf: duplicate
libpng warning: eXIf: duplicate
libpng warning: eXIf: duplicate
libpng warning: eXIf: duplicate
libpng warning: eXIf: duplicate
libpng warning: eXIf: duplicate

alpha count: 235193 236857
reverse false
base dir name: ['', '4T', 'CXY', 'MV-Painter', 'data', 'train_data']
alpha count: 232784 250874
reverse false
base dir name: ['', '4T', 'CXY', 'MV-Painter', 'data', 'train_data']
alpha count: 218309 218297
reverse true
base dir name: ['', '4T', 'CXY', 'MV-Painter', 'data', 'train_data']
alpha count: 259018 211623
reverse true
base dir name: ['', '4T', 'CXY', 'MV-Painter', 'data', 'train_data']
alpha count: 249415 256205
reverse false
base dir name: ['', '4T', 'CXY', 'MV-Painter', 'data', 'train_data']
alpha count: 219486 178012
reverse true
base dir name: ['', '4T', 'CXY', 'MV-Painter', 'data', 'train_data']
alpha count: 257127 245544
reverse true
base dir name: ['', '4T', 'CXY', 'MV-Painter', 'data', 'train_data']
alpha count: 261449 261638
reverse false
base dir name: ['', '4T', 'CXY', 'MV-Painter', 'data', 'train_data']
alpha count: 248034 250947
reverse false
base dir name: ['', '4T', 'CXY', 'MV-Painter', 'data', 'train_data']
alpha count: 218693 232250
reverse false
base dir name: ['', '4T', 'CXY', 'MV-Painter', 'data', 'train_data']
alpha count: 255210 260806
reverse false
base dir name: ['', '4T', 'CXY', 'MV-Painter', 'data', 'train_data']
alpha count: 247335 231956
reverse true
base dir name: ['', '4T', 'CXY', 'MV-Painter', 'data', 'train_data']
alpha count: 230034 239307
reverse false
base dir name: ['', '4T', 'CXY', 'MV-Painter', 'data', 'train_data']
alpha count: 254925 252371
reverse true
base dir name: ['', '4T', 'CXY', 'MV-Painter', 'data', 'train_data']
alpha count: 237319 237349
reverse false
base dir name: ['', '4T', 'CXY', 'MV-Painter', 'data', 'train_data']
alpha count: 217032 229921
reverse false
base dir name: ['', '4T', 'CXY', 'MV-Painter', 'data', 'train_data']
alpha count: 235655 234703
reverse true
base dir name: ['', '4T', 'CXY', 'MV-Painter', 'data', 'train_data']
alpha count: 244372 242803
reverse true
base dir name: ['', '4T', 'CXY', 'MV-Painter', 'data', 'train_data']
alpha count: 244432 234494
reverse true
[1160/2000] loss=0.0728 (ema 0.0869) lr=4.16e-05 grad=0.221 | fsc_modules=4.8e-03 gsg_modules=1.6e-01 ltag=1.2e-02 | 1.1s
base dir name: ['', '4T', 'CXY', 'MV-Painter', 'data', 'train_data']
alpha count: 221252 229304
reverse false
base dir name: ['', '4T', 'CXY', 'MV-Painter', 'data', 'train_data']
alpha count: 241909 230217
reverse true
base dir name: ['', '4T', 'CXY', 'MV-Painter', 'data', 'train_data']
alpha count: 223006 233325
reverse false
base dir name: ['', '4T', 'CXY', 'MV-Painter', 'data', 'train_data']
alpha count: 233137 233283
reverse false
base dir name: ['', '4T', 'CXY', 'MV-Painter', 'data', 'train_data']
alpha count: 229137 248698
reverse false
base dir name: ['', '4T', 'CXY', 'MV-Painter', 'data', 'train_data']
alpha count: 236130 212586
reverse true
base dir name: ['', '4T', 'CXY', 'MV-Painter', 'data', 'train_data']
alpha count: 241318 244732
reverse false
base dir name: ['', '4T', 'CXY', 'MV-Painter', 'data', 'train_data']
alpha count: 246028 253378
reverse false
base dir name: ['', '4T', 'CXY', 'MV-Painter', 'data', 'train_data']
alpha count: 262144 262144
reverse false
OpenCV(4.13.0) /io/opencv/modules/imgproc/src/resize.cpp:4208: error: (-215:Assertion failed) !ssize.empty() in function 'resize'

wrong path: /4T/CXY/MV-Painter/data/train_data/rendered_full/e39741a1b28e4647bf493f73a625f592/image
base dir name: ['', '4T', 'CXY', 'MV-Painter', 'data', 'train_data']
alpha count: 233416 234875
reverse false
base dir name: ['', '4T', 'CXY', 'MV-Painter', 'data', 'train_data']
alpha count: 230419 215547
reverse true
base dir name: ['', '4T', 'CXY', 'MV-Painter', 'data', 'train_data']
alpha count: 236191 245119
reverse false
base dir name: ['', '4T', 'CXY', 'MV-Painter', 'data', 'train_data']
alpha count: 170451 168675
reverse true
base dir name: ['', '4T', 'CXY', 'MV-Painter', 'data', 'train_data']
alpha count: 204801 228816
reverse false
base dir name: ['', '4T', 'CXY', 'MV-Painter', 'data', 'train_data']
alpha count: 238857 219362
reverse true
base dir name: ['', '4T', 'CXY', 'MV-Painter', 'data', 'train_data']
alpha count: 234571 240762
reverse false
base dir name: ['', '4T', 'CXY', 'MV-Painter', 'data', 'train_data']
alpha count: 165636 165667
reverse false
base dir name: ['', '4T', 'CXY', 'MV-Painter', 'data', 'train_data']
alpha count: 214030 250628
reverse false
base dir name: ['', '4T', 'CXY', 'MV-Painter', 'data', 'train_data']
alpha count: 232236 231510
reverse true
base dir name: ['', '4T', 'CXY', 'MV-Painter', 'data', 'train_data']
alpha count: 203643 208601
reverse false
base dir name: ['', '4T', 'CXY', 'MV-Painter', 'data', 'train_data']
alpha count: 207513 223407
reverse false
[1180/2000] loss=0.0500 (ema 0.0845) lr=4.00e-05 grad=0.202 | fsc_modules=4.0e-03 gsg_modules=1.8e-01 ltag=1.2e-02 | 1.1s
base dir name: ['', '4T', 'CXY', 'MV-Painter', 'data', 'train_data']
alpha count: 239814 237051
reverse true
base dir name: ['', '4T', 'CXY', 'MV-Painter', 'data', 'train_data']
alpha count: 225919 218414
reverse true
base dir name: ['', '4T', 'CXY', 'MV-Painter', 'data', 'train_data']
alpha count: 223405 192181
reverse true
base dir name: ['', '4T', 'CXY', 'MV-Painter', 'data', 'train_data']
alpha count: 236490 252187
reverse false
base dir name: ['', '4T', 'CXY', 'MV-Painter', 'data', 'train_data']
alpha count: 262144 262144
reverse false
OpenCV(4.13.0) /io/opencv/modules/imgproc/src/resize.cpp:4208: error: (-215:Assertion failed) !ssize.empty() in function 'resize'

wrong path: /4T/CXY/MV-Painter/data/train_data/rendered_full/e6e4638346fa4328ad4706f2794b5ab5/image
base dir name: ['', '4T', 'CXY', 'MV-Painter', 'data', 'train_data']
alpha count: 262144 32932
reverse true
base dir name: ['', '4T', 'CXY', 'MV-Painter', 'data', 'train_data']
alpha count: 196243 175286
reverse true
base dir name: ['', '4T', 'CXY', 'MV-Painter', 'data', 'train_data']
alpha count: 223765 166484
reverse true
base dir name: ['', '4T', 'CXY', 'MV-Painter', 'data', 'train_data']
alpha count: 250298 250299
reverse false
base dir name: ['', '4T', 'CXY', 'MV-Painter', 'data', 'train_data']
alpha count: 184058 177501
reverse true
base dir name: ['', '4T', 'CXY', 'MV-Painter', 'data', 'train_data']
alpha count: 219422 235161
reverse false
base dir name: ['', '4T', 'CXY', 'MV-Painter', 'data', 'train_data']
alpha count: 250500 252742
reverse false
base dir name: ['', '4T', 'CXY', 'MV-Painter', 'data', 'train_data']
alpha count: 247568 255645
reverse false
base dir name: ['', '4T', 'CXY', 'MV-Painter', 'data', 'train_data']
alpha count: 242381 254146
reverse false
base dir name: ['', '4T', 'CXY', 'MV-Painter', 'data', 'train_data']
alpha count: 206965 145418
reverse true
base dir name: ['', '4T', 'CXY', 'MV-Painter', 'data', 'train_data']
alpha count: 221114 230051
reverse false
base dir name: ['', '4T', 'CXY', 'MV-Painter', 'data', 'train_data']
alpha count: 149972 225774
reverse false
base dir name: ['', '4T', 'CXY', 'MV-Painter', 'data', 'train_data']
alpha count: 245191 257980
reverse false
base dir name: ['', '4T', 'CXY', 'MV-Painter', 'data', 'train_data']
alpha count: 254587 226877
reverse true
base dir name: ['', '4T', 'CXY', 'MV-Painter', 'data', 'train_data']
alpha count: 251073 229005
reverse true
base dir name: ['', '4T', 'CXY', 'MV-Painter', 'data', 'train_data']
alpha count: 211906 180515
reverse true
[1200/2000] loss=0.0933 (ema 0.0866) lr=3.84e-05 grad=0.280 | fsc_modules=6.1e-03 gsg_modules=2.0e-01 ltag=1.6e-02 | 1.2s
base dir name: ['', '4T', 'CXY', 'MV-Painter', 'data', 'train_data']
alpha count: 228919 226813
reverse true
base dir name: ['', '4T', 'CXY', 'MV-Painter', 'data', 'train_data']
alpha count: 195993 218732
reverse false
base dir name: ['', '4T', 'CXY', 'MV-Painter', 'data', 'train_data']
alpha count: 245259 239448
reverse true
base dir name: ['', '4T', 'CXY', 'MV-Painter', 'data', 'train_data']
alpha count: 219590 227228
reverse false
base dir name: ['', '4T', 'CXY', 'MV-Painter', 'data', 'train_data']
alpha count: 247770 238002
reverse true
base dir name: ['', '4T', 'CXY', 'MV-Painter', 'data', 'train_data']
alpha count: 254861 232577
reverse true
base dir name: ['', '4T', 'CXY', 'MV-Painter', 'data', 'train_data']
alpha count: 238287 241878libpng warning: eXIf: duplicate
libpng warning: eXIf: duplicate
libpng warning: eXIf: duplicate
libpng warning: eXIf: duplicate
libpng warning: eXIf: duplicate
libpng warning: eXIf: duplicate
libpng warning: eXIf: duplicate
libpng warning: eXIf: duplicate
libpng warning: eXIf: duplicate
libpng warning: eXIf: duplicate
libpng warning: eXIf: duplicate
libpng warning: eXIf: duplicate
libpng warning: eXIf: duplicate
libpng warning: eXIf: duplicate
libpng warning: eXIf: duplicate
libpng warning: eXIf: duplicate
libpng warning: eXIf: duplicate
libpng warning: eXIf: duplicate
libpng warning: eXIf: duplicate
libpng warning: eXIf: duplicate
libpng warning: eXIf: duplicate
libpng warning: eXIf: duplicate
libpng warning: eXIf: duplicate
libpng warning: eXIf: duplicate
libpng warning: eXIf: duplicate
libpng warning: eXIf: duplicate
libpng warning: eXIf: duplicate
libpng warning: eXIf: duplicate
libpng warning: eXIf: duplicate
libpng warning: eXIf: duplicate
libpng warning: eXIf: duplicate
libpng warning: eXIf: duplicate
libpng warning: eXIf: duplicate
libpng warning: eXIf: duplicate
libpng warning: eXIf: duplicate
libpng warning: eXIf: duplicate
libpng warning: eXIf: duplicate
libpng warning: eXIf: duplicate
libpng warning: eXIf: duplicate
libpng warning: eXIf: duplicate
libpng warning: eXIf: duplicate
libpng warning: eXIf: duplicate
libpng warning: eXIf: duplicate
libpng warning: eXIf: duplicate
libpng warning: eXIf: duplicate
libpng warning: eXIf: duplicate
libpng warning: eXIf: duplicate
libpng warning: eXIf: duplicate
libpng warning: eXIf: duplicate
libpng warning: eXIf: duplicate
libpng warning: eXIf: duplicate
libpng warning: eXIf: duplicate
libpng warning: eXIf: duplicate
libpng warning: eXIf: duplicate
libpng warning: eXIf: duplicate
libpng warning: eXIf: duplicate
libpng warning: eXIf: duplicate
libpng warning: eXIf: duplicate
libpng warning: eXIf: duplicate
libpng warning: eXIf: duplicate
libpng warning: eXIf: duplicate
libpng warning: eXIf: duplicate
libpng warning: eXIf: duplicate
libpng warning: eXIf: duplicate
libpng warning: eXIf: duplicate
libpng warning: eXIf: duplicate
libpng warning: eXIf: duplicate
libpng warning: eXIf: duplicate
libpng warning: eXIf: duplicate
libpng warning: eXIf: duplicate
libpng warning: eXIf: duplicate
libpng warning: eXIf: duplicate
libpng warning: eXIf: duplicate
libpng warning: eXIf: duplicate
libpng warning: eXIf: duplicate
libpng warning: eXIf: duplicate
libpng warning: eXIf: duplicate
libpng warning: eXIf: duplicate
libpng warning: eXIf: duplicate
libpng warning: eXIf: duplicate
libpng warning: eXIf: duplicate
libpng warning: eXIf: duplicate
libpng warning: eXIf: duplicate
libpng warning: eXIf: duplicate
libpng warning: eXIf: duplicate
libpng warning: eXIf: duplicate
libpng warning: eXIf: duplicate
libpng warning: eXIf: duplicate
libpng warning: eXIf: duplicate
libpng warning: eXIf: duplicate
libpng warning: eXIf: duplicate
libpng warning: eXIf: duplicate
libpng warning: eXIf: duplicate
libpng warning: eXIf: duplicate
libpng warning: eXIf: duplicate
libpng warning: eXIf: duplicate
libpng warning: eXIf: duplicate
libpng warning: eXIf: duplicate
libpng warning: eXIf: duplicate
libpng warning: eXIf: duplicate
libpng warning: eXIf: duplicate
libpng warning: eXIf: duplicate
libpng warning: eXIf: duplicate
libpng warning: eXIf: duplicate
libpng warning: eXIf: duplicate
libpng warning: eXIf: duplicate
libpng warning: eXIf: duplicate
libpng warning: eXIf: duplicate
libpng warning: eXIf: duplicate
libpng warning: eXIf: duplicate
libpng warning: eXIf: duplicate
libpng warning: eXIf: duplicate
libpng warning: eXIf: duplicate
libpng warning: eXIf: duplicate
libpng warning: eXIf: duplicate
libpng warning: eXIf: duplicate
libpng warning: eXIf: duplicate
libpng warning: eXIf: duplicate
libpng warning: eXIf: duplicate
libpng warning: eXIf: duplicate
libpng warning: eXIf: duplicate
libpng warning: eXIf: duplicate
libpng warning: eXIf: duplicate
libpng warning: eXIf: duplicate
libpng warning: eXIf: duplicate
libpng warning: eXIf: duplicate
libpng warning: eXIf: duplicate
libpng warning: eXIf: duplicate
libpng warning: eXIf: duplicate
libpng warning: eXIf: duplicate
libpng warning: eXIf: duplicate
libpng warning: eXIf: duplicate
libpng warning: eXIf: duplicate
libpng warning: eXIf: duplicate
libpng warning: eXIf: duplicate
libpng warning: eXIf: duplicate
libpng warning: eXIf: duplicate
libpng warning: eXIf: duplicate
libpng warning: eXIf: duplicate
libpng warning: eXIf: duplicate
libpng warning: eXIf: duplicate
libpng warning: eXIf: duplicate
libpng warning: eXIf: duplicate
libpng warning: eXIf: duplicate
libpng warning: eXIf: duplicate
libpng warning: eXIf: duplicate
libpng warning: eXIf: duplicate
libpng warning: eXIf: duplicate
libpng warning: eXIf: duplicate
libpng warning: eXIf: duplicate
libpng warning: eXIf: duplicate
libpng warning: eXIf: duplicate
libpng warning: eXIf: duplicate
libpng warning: eXIf: duplicate
libpng warning: eXIf: duplicate
libpng warning: eXIf: duplicate
libpng warning: eXIf: duplicate
libpng warning: eXIf: duplicate
libpng warning: eXIf: duplicate
libpng warning: eXIf: duplicate
libpng warning: eXIf: duplicate
libpng warning: eXIf: duplicate
libpng warning: eXIf: duplicate
libpng warning: eXIf: duplicate
libpng warning: eXIf: duplicate
libpng warning: eXIf: duplicate
libpng warning: eXIf: duplicate
libpng warning: eXIf: duplicate
libpng warning: eXIf: duplicate
libpng warning: eXIf: duplicate
libpng warning: eXIf: duplicate
libpng warning: eXIf: duplicate
libpng warning: eXIf: duplicate
libpng warning: eXIf: duplicate
libpng warning: eXIf: duplicate
libpng warning: eXIf: duplicate
libpng warning: eXIf: duplicate
libpng warning: eXIf: duplicate
libpng warning: eXIf: duplicate
libpng warning: eXIf: duplicate
libpng warning: eXIf: duplicate
libpng warning: eXIf: duplicate
libpng warning: eXIf: duplicate
libpng warning: eXIf: duplicate
libpng warning: eXIf: duplicate
libpng warning: eXIf: duplicate
libpng warning: eXIf: duplicate
libpng warning: eXIf: duplicate
libpng warning: eXIf: duplicate
libpng warning: eXIf: duplicate
libpng warning: eXIf: duplicate
libpng warning: eXIf: duplicate
libpng warning: eXIf: duplicate
libpng warning: eXIf: duplicate
libpng warning: eXIf: duplicate
libpng warning: eXIf: duplicate
libpng warning: eXIf: duplicate
libpng warning: eXIf: duplicate
libpng warning: eXIf: duplicate
libpng warning: eXIf: duplicate
libpng warning: eXIf: duplicate
libpng warning: eXIf: duplicate
libpng warning: eXIf: duplicate
libpng warning: eXIf: duplicate
libpng warning: eXIf: duplicate
libpng warning: eXIf: duplicate
libpng warning: eXIf: duplicate
libpng warning: eXIf: duplicate
libpng warning: eXIf: duplicate
libpng warning: eXIf: duplicate
libpng warning: eXIf: duplicate
libpng warning: eXIf: duplicate
libpng warning: eXIf: duplicate
libpng warning: eXIf: duplicate
libpng warning: eXIf: duplicate
libpng warning: eXIf: duplicate
libpng warning: eXIf: duplicate
libpng warning: eXIf: duplicate
libpng warning: eXIf: duplicate
libpng warning: eXIf: duplicate
libpng warning: eXIf: duplicate
libpng warning: eXIf: duplicate
libpng warning: eXIf: duplicate
libpng warning: eXIf: duplicate
libpng warning: eXIf: duplicate
libpng warning: eXIf: duplicate
libpng warning: eXIf: duplicate
libpng warning: eXIf: duplicate
libpng warning: eXIf: duplicate
libpng warning: eXIf: duplicate
libpng warning: eXIf: duplicate
libpng warning: eXIf: duplicate
libpng warning: eXIf: duplicate
libpng warning: eXIf: duplicate
libpng warning: eXIf: duplicate
libpng warning: eXIf: duplicate
libpng warning: eXIf: duplicate
libpng warning: eXIf: duplicate
libpng warning: eXIf: duplicate
libpng warning: eXIf: duplicate
libpng warning: eXIf: duplicate
libpng warning: eXIf: duplicate
libpng warning: eXIf: duplicate
libpng warning: eXIf: duplicate
libpng warning: eXIf: duplicate
libpng warning: eXIf: duplicate
libpng warning: eXIf: duplicate
libpng warning: eXIf: duplicate
libpng warning: eXIf: duplicate
libpng warning: eXIf: duplicate
libpng warning: eXIf: duplicate
libpng warning: eXIf: duplicate
libpng warning: eXIf: duplicate
libpng warning: eXIf: duplicate
libpng warning: eXIf: duplicate
libpng warning: eXIf: duplicate
libpng warning: eXIf: duplicate
libpng warning: eXIf: duplicate
libpng warning: eXIf: duplicate
libpng warning: eXIf: duplicate
libpng warning: eXIf: duplicate
libpng warning: eXIf: duplicate
libpng warning: eXIf: duplicate
libpng warning: eXIf: duplicate
libpng warning: eXIf: duplicate
libpng warning: eXIf: duplicate
libpng warning: eXIf: duplicate
libpng warning: eXIf: duplicate
libpng warning: eXIf: duplicate
libpng warning: eXIf: duplicate
libpng warning: eXIf: duplicate
libpng warning: eXIf: duplicate
libpng warning: eXIf: duplicate
libpng warning: eXIf: duplicate
libpng warning: eXIf: duplicate
libpng warning: eXIf: duplicate
libpng warning: eXIf: duplicate
libpng warning: eXIf: duplicate
libpng warning: eXIf: duplicate
libpng warning: eXIf: duplicate
libpng warning: eXIf: duplicate
libpng warning: eXIf: duplicate
libpng warning: eXIf: duplicate
libpng warning: eXIf: duplicate
libpng warning: eXIf: duplicate
libpng warning: eXIf: duplicate
libpng warning: eXIf: duplicate
libpng warning: eXIf: duplicate
libpng warning: eXIf: duplicate
libpng warning: eXIf: duplicate
libpng warning: eXIf: duplicate
libpng warning: eXIf: duplicate
libpng warning: eXIf: duplicate
libpng warning: eXIf: duplicate
libpng warning: eXIf: duplicate
libpng warning: eXIf: duplicate
libpng warning: eXIf: duplicate
libpng warning: eXIf: duplicate
libpng warning: eXIf: duplicate
libpng warning: eXIf: duplicate
libpng warning: eXIf: duplicate
libpng warning: eXIf: duplicate
libpng warning: eXIf: duplicate
libpng warning: eXIf: duplicate
libpng warning: eXIf: duplicate
libpng warning: eXIf: duplicate
libpng warning: eXIf: duplicate
libpng warning: eXIf: duplicate
libpng warning: eXIf: duplicate
libpng warning: eXIf: duplicate
libpng warning: eXIf: duplicate
libpng warning: eXIf: duplicate
libpng warning: eXIf: duplicate
libpng warning: eXIf: duplicate
libpng warning: eXIf: duplicate
libpng warning: eXIf: duplicate
libpng warning: eXIf: duplicate
libpng warning: eXIf: duplicate
libpng warning: eXIf: duplicate
libpng warning: eXIf: duplicate
libpng warning: eXIf: duplicate
libpng warning: eXIf: duplicate
libpng warning: eXIf: duplicate
libpng warning: eXIf: duplicate
libpng warning: eXIf: duplicate
libpng warning: eXIf: duplicate
libpng warning: eXIf: duplicate
libpng warning: eXIf: duplicate
libpng warning: eXIf: duplicate
libpng warning: eXIf: duplicate
libpng warning: eXIf: duplicate
libpng warning: eXIf: duplicate
libpng warning: eXIf: duplicate
libpng warning: eXIf: duplicate
libpng warning: eXIf: duplicate
libpng warning: eXIf: duplicate
libpng warning: eXIf: duplicate
libpng warning: eXIf: duplicate
libpng warning: eXIf: duplicate
libpng warning: eXIf: duplicate
libpng warning: eXIf: duplicate
libpng warning: eXIf: duplicate
libpng warning: eXIf: duplicate
libpng warning: eXIf: duplicate
libpng warning: eXIf: duplicate
libpng warning: eXIf: duplicate
libpng warning: eXIf: duplicate
libpng warning: eXIf: duplicate
libpng warning: eXIf: duplicate
libpng warning: eXIf: duplicate
libpng warning: eXIf: duplicate
libpng warning: eXIf: duplicate
libpng warning: eXIf: duplicate
libpng warning: eXIf: duplicate
libpng warning: eXIf: duplicate
libpng warning: eXIf: duplicate
libpng warning: eXIf: duplicate
libpng warning: eXIf: duplicate
libpng warning: eXIf: duplicate
libpng warning: eXIf: duplicate
libpng warning: eXIf: duplicate
libpng warning: eXIf: duplicate
libpng warning: eXIf: duplicate
libpng warning: eXIf: duplicate
libpng warning: eXIf: duplicate
libpng warning: eXIf: duplicate
libpng warning: eXIf: duplicate
libpng warning: eXIf: duplicate
libpng warning: eXIf: duplicate
libpng warning: eXIf: duplicate
libpng warning: eXIf: duplicate
libpng warning: eXIf: duplicate
libpng warning: eXIf: duplicate
libpng warning: eXIf: duplicate
libpng warning: eXIf: duplicate
libpng warning: eXIf: duplicate
libpng warning: eXIf: duplicate
libpng warning: eXIf: duplicate
libpng warning: eXIf: duplicate
libpng warning: eXIf: duplicate
libpng warning: eXIf: duplicate
libpng warning: eXIf: duplicate
libpng warning: eXIf: duplicate
libpng warning: eXIf: duplicate
libpng warning: eXIf: duplicate
libpng warning: eXIf: duplicate
libpng warning: eXIf: duplicate
libpng warning: eXIf: duplicate
libpng warning: eXIf: duplicate
libpng warning: eXIf: duplicate
libpng warning: eXIf: duplicate
libpng warning: eXIf: duplicate
libpng warning: eXIf: duplicate
libpng warning: eXIf: duplicate
libpng warning: eXIf: duplicate
libpng warning: eXIf: duplicate
libpng warning: eXIf: duplicate
libpng warning: eXIf: duplicate
libpng warning: eXIf: duplicate
libpng warning: eXIf: duplicate
libpng warning: eXIf: duplicate
libpng warning: eXIf: duplicate
libpng warning: eXIf: duplicate
libpng warning: eXIf: duplicate
libpng warning: eXIf: duplicate
libpng warning: eXIf: duplicate
libpng warning: eXIf: duplicate
libpng warning: eXIf: duplicate
libpng warning: eXIf: duplicate
libpng warning: eXIf: duplicate
libpng warning: eXIf: duplicate
libpng warning: eXIf: duplicate
libpng warning: eXIf: duplicate
libpng warning: eXIf: duplicate
libpng warning: eXIf: duplicate
libpng warning: eXIf: duplicate
libpng warning: eXIf: duplicate
libpng warning: eXIf: duplicate
libpng warning: eXIf: duplicate
libpng warning: eXIf: duplicate
libpng warning: eXIf: duplicate
libpng warning: eXIf: duplicate
libpng warning: eXIf: duplicate
libpng warning: eXIf: duplicate
libpng warning: eXIf: duplicate
libpng warning: eXIf: duplicate
libpng warning: eXIf: duplicate
libpng warning: eXIf: duplicate
libpng warning: eXIf: duplicate
libpng warning: eXIf: duplicate
libpng warning: eXIf: duplicate
libpng warning: eXIf: duplicate
libpng warning: eXIf: duplicate
libpng warning: eXIf: duplicate
libpng warning: eXIf: duplicate
libpng warning: eXIf: duplicate
libpng warning: eXIf: duplicate
libpng warning: eXIf: duplicate
libpng warning: eXIf: duplicate
libpng warning: eXIf: duplicate
libpng warning: eXIf: duplicate
libpng warning: eXIf: duplicate
libpng warning: eXIf: duplicate
libpng warning: eXIf: duplicate
libpng warning: eXIf: duplicate
libpng warning: eXIf: duplicate
libpng warning: eXIf: duplicate
libpng warning: eXIf: duplicate
libpng warning: eXIf: duplicate
libpng warning: eXIf: duplicate
libpng warning: eXIf: duplicate
libpng warning: eXIf: duplicate
libpng warning: eXIf: duplicate
libpng warning: eXIf: duplicate
libpng warning: eXIf: duplicate
libpng warning: eXIf: duplicate
libpng warning: eXIf: duplicate
libpng warning: eXIf: duplicate
libpng warning: eXIf: duplicate
libpng warning: eXIf: duplicate
libpng warning: eXIf: duplicate
libpng warning: eXIf: duplicate
libpng warning: eXIf: duplicate
libpng warning: eXIf: duplicate
libpng warning: eXIf: duplicate
libpng warning: eXIf: duplicate
libpng warning: eXIf: duplicate
libpng warning: eXIf: duplicate
libpng warning: eXIf: duplicate
libpng warning: eXIf: duplicate
libpng warning: eXIf: duplicate
libpng warning: eXIf: duplicate
libpng warning: eXIf: duplicate
libpng warning: eXIf: duplicate
libpng warning: eXIf: duplicate
libpng warning: eXIf: duplicate
libpng warning: eXIf: duplicate
libpng warning: eXIf: duplicate
libpng warning: eXIf: duplicate
libpng warning: eXIf: duplicate
libpng warning: eXIf: duplicate
libpng warning: eXIf: duplicate
libpng warning: eXIf: duplicate
libpng warning: eXIf: duplicate
libpng warning: eXIf: duplicate
libpng warning: eXIf: duplicate
libpng warning: eXIf: duplicate
libpng warning: eXIf: duplicate
libpng warning: eXIf: duplicate
libpng warning: eXIf: duplicate
libpng warning: eXIf: duplicate
libpng warning: eXIf: duplicate
libpng warning: eXIf: duplicate
libpng warning: eXIf: duplicate
libpng warning: eXIf: duplicate
libpng warning: eXIf: duplicate
libpng warning: eXIf: duplicate
libpng warning: eXIf: duplicate
libpng warning: eXIf: duplicate
libpng warning: eXIf: duplicate
libpng warning: eXIf: duplicate
libpng warning: eXIf: duplicate
libpng warning: eXIf: duplicate
libpng warning: eXIf: duplicate
libpng warning: eXIf: duplicate
libpng warning: eXIf: duplicate
libpng warning: eXIf: duplicate
libpng warning: eXIf: duplicate
libpng warning: eXIf: duplicate
libpng warning: eXIf: duplicate
libpng warning: eXIf: duplicate
libpng warning: eXIf: duplicate
libpng warning: eXIf: duplicate
libpng warning: eXIf: duplicate
libpng warning: eXIf: duplicate
libpng warning: eXIf: duplicate
libpng warning: eXIf: duplicate
libpng warning: eXIf: duplicate
libpng warning: eXIf: duplicate
libpng warning: eXIf: duplicate
libpng warning: eXIf: duplicate
libpng warning: eXIf: duplicate
libpng warning: eXIf: duplicate
libpng warning: eXIf: duplicate
libpng warning: eXIf: duplicate
libpng warning: eXIf: duplicate
libpng warning: eXIf: duplicate
libpng warning: eXIf: duplicate
libpng warning: eXIf: duplicate
libpng warning: eXIf: duplicate
libpng warning: eXIf: duplicate
libpng warning: eXIf: duplicate
libpng warning: eXIf: duplicate
libpng warning: eXIf: duplicate
libpng warning: eXIf: duplicate
libpng warning: eXIf: duplicate
libpng warning: eXIf: duplicate
libpng warning: eXIf: duplicate
libpng warning: eXIf: duplicate
libpng warning: eXIf: duplicate
libpng warning: eXIf: duplicate
libpng warning: eXIf: duplicate
libpng warning: eXIf: duplicate
libpng warning: eXIf: duplicate
libpng warning: eXIf: duplicate
libpng warning: eXIf: duplicate
libpng warning: eXIf: duplicate
libpng warning: eXIf: duplicate
libpng warning: eXIf: duplicate
libpng warning: eXIf: duplicate
libpng warning: eXIf: duplicate
libpng warning: eXIf: duplicate
libpng warning: eXIf: duplicate
libpng warning: eXIf: duplicate
libpng warning: eXIf: duplicate
libpng warning: eXIf: duplicate
libpng warning: eXIf: duplicate
libpng warning: eXIf: duplicate
libpng warning: eXIf: duplicate
libpng warning: eXIf: duplicate
libpng warning: eXIf: duplicate
libpng warning: eXIf: duplicate
libpng warning: eXIf: duplicate
libpng warning: eXIf: duplicate
libpng warning: eXIf: duplicate
libpng warning: eXIf: duplicate
libpng warning: eXIf: duplicate
libpng warning: eXIf: duplicate
libpng warning: eXIf: duplicate
libpng warning: eXIf: duplicate
libpng warning: eXIf: duplicate
libpng warning: eXIf: duplicate
libpng warning: eXIf: duplicate
libpng warning: eXIf: duplicate
libpng warning: eXIf: duplicate
libpng warning: eXIf: duplicate
libpng warning: eXIf: duplicate
libpng warning: eXIf: duplicate
libpng warning: eXIf: duplicate
libpng warning: eXIf: duplicate
libpng warning: eXIf: duplicate
libpng warning: eXIf: duplicate
libpng warning: eXIf: duplicate
libpng warning: eXIf: duplicate
libpng warning: eXIf: duplicate
libpng warning: eXIf: duplicate
libpng warning: eXIf: duplicate
libpng warning: eXIf: duplicate
libpng warning: eXIf: duplicate
libpng warning: eXIf: duplicate
libpng warning: eXIf: duplicate
libpng warning: eXIf: duplicate
libpng warning: eXIf: duplicate
libpng warning: eXIf: duplicate
libpng warning: eXIf: duplicate
libpng warning: eXIf: duplicate
libpng warning: eXIf: duplicate
libpng warning: eXIf: duplicate
libpng warning: eXIf: duplicate
libpng warning: eXIf: duplicate
libpng warning: eXIf: duplicate
libpng warning: eXIf: duplicate
libpng warning: eXIf: duplicate
libpng warning: eXIf: duplicate
libpng warning: eXIf: duplicate
libpng warning: eXIf: duplicate
libpng warning: eXIf: duplicate
libpng warning: eXIf: duplicate
libpng warning: eXIf: duplicate
libpng warning: eXIf: duplicate
libpng warning: eXIf: duplicate
libpng warning: eXIf: duplicate
libpng warning: eXIf: duplicate
libpng warning: eXIf: duplicate
libpng warning: eXIf: duplicate
libpng warning: eXIf: duplicate
libpng warning: eXIf: duplicate
libpng warning: eXIf: duplicate
libpng warning: eXIf: duplicate
libpng warning: eXIf: duplicate
libpng warning: eXIf: duplicate
libpng warning: eXIf: duplicate
libpng warning: eXIf: duplicate
libpng warning: eXIf: duplicate
libpng warning: eXIf: duplicate
libpng warning: eXIf: duplicate
libpng warning: eXIf: duplicate
libpng warning: eXIf: duplicate
libpng warning: eXIf: duplicate
libpng warning: eXIf: duplicate
libpng warning: eXIf: duplicate
libpng warning: eXIf: duplicate
libpng warning: eXIf: duplicate
libpng warning: eXIf: duplicate
libpng warning: eXIf: duplicate
libpng warning: eXIf: duplicate
libpng warning: eXIf: duplicate
libpng warning: eXIf: duplicate
libpng warning: eXIf: duplicate
libpng warning: eXIf: duplicate
libpng warning: eXIf: duplicate
libpng warning: eXIf: duplicate
libpng warning: eXIf: duplicate
libpng warning: eXIf: duplicate
libpng warning: eXIf: duplicate
libpng warning: eXIf: duplicate

reverse false
base dir name: ['', '4T', 'CXY', 'MV-Painter', 'data', 'train_data']
alpha count: 226172 245772
reverse false
base dir name: ['', '4T', 'CXY', 'MV-Painter', 'data', 'train_data']
alpha count: 236899 137049
reverse true
base dir name: ['', '4T', 'CXY', 'MV-Painter', 'data', 'train_data']
alpha count: 260820 260463
reverse true
base dir name: ['', '4T', 'CXY', 'MV-Painter', 'data', 'train_data']
alpha count: 239407 212920
reverse true
base dir name: ['', '4T', 'CXY', 'MV-Painter', 'data', 'train_data']
alpha count: 260984 260101
reverse true
base dir name: ['', '4T', 'CXY', 'MV-Painter', 'data', 'train_data']
alpha count: 241875 242676
reverse false
base dir name: ['', '4T', 'CXY', 'MV-Painter', 'data', 'train_data']
alpha count: 255207 241971
reverse true
base dir name: ['', '4T', 'CXY', 'MV-Painter', 'data', 'train_data']
alpha count: 226611 220595
reverse true
base dir name: ['', '4T', 'CXY', 'MV-Painter', 'data', 'train_data']
alpha count: 214687 242645
reverse false
base dir name: ['', '4T', 'CXY', 'MV-Painter', 'data', 'train_data']
alpha count: 217613 181955
reverse true
base dir name: ['', '4T', 'CXY', 'MV-Painter', 'data', 'train_data']
alpha count: 262128 262124
reverse true
base dir name: ['', '4T', 'CXY', 'MV-Painter', 'data', 'train_data']
alpha count: 242575 235263
reverse true
base dir name: ['', '4T', 'CXY', 'MV-Painter', 'data', 'train_data']
alpha count: 197051 241255
reverse false
[1220/2000] loss=0.0993 (ema 0.0879) lr=3.68e-05 grad=0.294 | fsc_modules=5.9e-03 gsg_modules=2.5e-01 ltag=1.3e-02 | 1.0s
base dir name: ['', '4T', 'CXY', 'MV-Painter', 'data', 'train_data']
alpha count: 230112 237472
reverse false
base dir name: ['', '4T', 'CXY', 'MV-Painter', 'data', 'train_data']
alpha count: 210345 217857
reverse false
base dir name: ['', '4T', 'CXY', 'MV-Painter', 'data', 'train_data']
alpha count: 247168 227026
reverse true
base dir name: ['', '4T', 'CXY', 'MV-Painter', 'data', 'train_data']
alpha count: 242701 243112
reverse false
base dir name: ['', '4T', 'CXY', 'MV-Painter', 'data', 'train_data']
alpha count: 256725 256587
reverse true
base dir name: ['', '4T', 'CXY', 'MV-Painter', 'data', 'train_data']
alpha count: 202268 188025
reverse true
base dir name: ['', '4T', 'CXY', 'MV-Painter', 'data', 'train_data']
alpha count: 246199 228829
reverse true
base dir name: ['', '4T', 'CXY', 'MV-Painter', 'data', 'train_data']
alpha count: 214013 224168
reverse false
base dir name: ['', '4T', 'CXY', 'MV-Painter', 'data', 'train_data']
alpha count: 236737 229734
reverse true
base dir name: ['', '4T', 'CXY', 'MV-Painter', 'data', 'train_data']
alpha count: 195494 237789
reverse false
base dir name: ['', '4T', 'CXY', 'MV-Painter', 'data', 'train_data']
alpha count: 210305 223251
reverse false
base dir name: ['', '4T', 'CXY', 'MV-Painter', 'data', 'train_data']
alpha count: 183306 215912
reverse false
base dir name: ['', '4T', 'CXY', 'MV-Painter', 'data', 'train_data']
alpha count: 245533 211804
reverse true
base dir name: ['', '4T', 'CXY', 'MV-Painter', 'data', 'train_data']
alpha count: 226020 219605
reverse true
base dir name: ['', '4T', 'CXY', 'MV-Painter', 'data', 'train_data']
alpha count: 194697 202340
reverse false
base dir name: ['', '4T', 'CXY', 'MV-Painter', 'data', 'train_data']
alpha count: 236027 252155
reverse false
base dir name: ['', '4T', 'CXY', 'MV-Painter', 'data', 'train_data']
alpha count: 221925 234716
reverse false
base dir name: ['', '4T', 'CXY', 'MV-Painter', 'data', 'train_data']
alpha count: 203939 189928
reverse true
base dir name: ['', '4T', 'CXY', 'MV-Painter', 'data', 'train_data']
alpha count: 226486 224584
reverse true
base dir name: ['', '4T', 'CXY', 'MV-Painter', 'data', 'train_data']
alpha count: 247980 249155
reverse false
[1240/2000] loss=0.0317 (ema 0.0924) lr=3.53e-05 grad=0.144 | fsc_modules=2.9e-03 gsg_modules=1.3e-01 ltag=1.3e-02 | 1.2s
base dir name: ['', '4T', 'CXY', 'MV-Painter', 'data', 'train_data']
alpha count: 246470 232692
reverse true
base dir name: ['', '4T', 'CXY', 'MV-Painter', 'data', 'train_data']
alpha count: 229535 200011
reverse true
base dir name: ['', '4T', 'CXY', 'MV-Painter', 'data', 'train_data']
alpha count: 211001 212514
reverse false
base dir name: ['', '4T', 'CXY', 'MV-Painter', 'data', 'train_data']
alpha count: 194005 188524
reverse true
base dir name: ['', '4T', 'CXY', 'MV-Painter', 'data', 'train_data']
alpha count: 239936 242613
reverse false
base dir name: ['', '4T', 'CXY', 'MV-Painter', 'data', 'train_data']
alpha count: 223098 229980
reverse false
base dir name: ['', '4T', 'CXY', 'MV-Painter', 'data', 'train_data']
alpha count: 226154 235390
reverse false
base dir name: ['', '4T', 'CXY', 'MV-Painter', 'data', 'train_data']
alpha count: 196862 180514
reverse true
base dir name: ['', '4T', 'CXY', 'MV-Painter', 'data', 'train_data']
alpha count: 233947 248348
reverse false
base dir name: ['', '4T', 'CXY', 'MV-Painter', 'data', 'train_data']
alpha count: 247788 240813
reverse true
base dir name: ['', '4T', 'CXY', 'MV-Painter', 'data', 'train_data']
alpha count: 242691 246355
reverse false
base dir name: ['', '4T', 'CXY', 'MV-Painter', 'data', 'train_data']
alpha count: 245440 243943
reverse true
base dir name: ['', '4T', 'CXY', 'MV-Painter', 'data', 'train_data']
alpha count: 251178 250751
reverse true
base dir name: ['', '4T', 'CXY', 'MV-Painter', 'data', 'train_data']
alpha count: 223903 243609
reverse false
base dir name: ['', '4T', 'CXY', 'MV-Painter', 'data', 'train_data']
alpha count: 236542 218149
reverse true
base dir name: ['', '4T', 'CXY', 'MV-Painter', 'data', 'train_data']
alpha count: 194957 210137
reverse false
base dir name: ['', '4T', 'CXY', 'MV-Painter', 'data', 'train_data']
alpha count: 239013 234347
reverse true
base dir name: ['', '4T', 'CXY', 'MV-Painter', 'data', 'train_data']
alpha count: 218233 226332
reverse false
base dir name: ['', '4T', 'CXY', 'MV-Painter', 'data', 'train_data']
alpha count: 252377 251246
reverse true
base dir name: ['', '4T', 'CXY', 'MV-Painter', 'data', 'train_data']
alpha count: 229695 223912
reverse true
[1260/2000] loss=0.1731 (ema 0.0939) lr=3.37e-05 grad=0.083 | fsc_modules=3.8e-03 gsg_modules=5.3e-02 ltag=8.8e-03 | 1.2s
base dir name: ['', '4T', 'CXY', 'MV-Painter', 'data', 'train_data']
alpha count: 204059 231975
reverse false
base dir name: ['', '4T', 'CXY', 'MV-Painter', 'data', 'train_data']
alpha count: 248169 246575
reverse true
base dir name: ['', '4T', 'CXY', 'MV-Painter', 'data', 'train_data']
alpha count: 169973 233030
reverse false
base dir name: ['', '4T', 'CXY', 'MV-Painter', 'data', 'train_data']
alpha count: 242790 233304
reverse true
base dir name: ['', '4T', 'CXY', 'MV-Painter', 'data', 'train_data']
alpha count: 232115 214514
reverse true
base dir name: ['', '4T', 'CXY', 'MV-Painter', 'data', 'train_data']
alpha count: 238788 229996
reverse true
base dir name: ['', '4T', 'CXY', 'MV-Painter', 'data', 'train_data']
alpha count: 235818 230984
reverse true
base dir name: ['', '4T', 'CXY', 'MV-Painter', 'data', 'train_data']
alpha count: 259187 247344
reverse true
base dir name: ['', '4T', 'CXY', 'MV-Painter', 'data', 'train_data']
alpha count: 246344 210898
reverse true
base dir name: ['', '4T', 'CXY', 'MV-Painter', 'data', 'train_data']
alpha count: 246478 259469
reverse false
base dir name: ['', '4T', 'CXY', 'MV-Painter', 'data', 'train_data']
alpha count: 226364 223639
reverse true
base dir name: ['', '4T', 'CXY', 'MV-Painter', 'data', 'train_data']
alpha count: 254934 248003
reverse true
base dir name: ['', '4T', 'CXY', 'MV-Painter', 'data', 'train_data']
alpha count: 233580 215562
reverse true
base dir name: ['', '4T', 'CXY', 'MV-Painter', 'data', 'train_data']
alpha count: 217039 227047
reverse false
base dir name: ['', '4T', 'CXY', 'MV-Painter', 'data', 'train_data']
alpha count: 211901 236396
reverse false
base dir name: ['', '4T', 'CXY', 'MV-Painter', 'data', 'train_data']
alpha count: 234581 244668
reverse false
base dir name: ['', '4T', 'CXY', 'MV-Painter', 'data', 'train_data']
alpha count: 252681 189383
reverse true
base dir name: ['', '4T', 'CXY', 'MV-Painter', 'data', 'train_data']
alpha count: 242924 242312
reverse true
base dir name: ['', '4T', 'CXY', 'MV-Painter', 'data', 'train_data']libpng warning: eXIf: duplicate
libpng warning: eXIf: duplicate
libpng warning: eXIf: duplicate
libpng warning: eXIf: duplicate
libpng warning: eXIf: duplicate
libpng warning: eXIf: duplicate
libpng warning: eXIf: duplicate
libpng warning: eXIf: duplicate
libpng warning: eXIf: duplicate
libpng warning: eXIf: duplicate
libpng warning: eXIf: duplicate
libpng warning: eXIf: duplicate
libpng warning: eXIf: duplicate
libpng warning: eXIf: duplicate
libpng warning: eXIf: duplicate
libpng warning: eXIf: duplicate
libpng warning: eXIf: duplicate
libpng warning: eXIf: duplicate
libpng warning: eXIf: duplicate
libpng warning: eXIf: duplicate
libpng warning: eXIf: duplicate
libpng warning: eXIf: duplicate
libpng warning: eXIf: duplicate
libpng warning: eXIf: duplicate
libpng warning: eXIf: duplicate
libpng warning: eXIf: duplicate
libpng warning: eXIf: duplicate
libpng warning: eXIf: duplicate
libpng warning: eXIf: duplicate
libpng warning: eXIf: duplicate
libpng warning: eXIf: duplicate
libpng warning: eXIf: duplicate
libpng warning: eXIf: duplicate
libpng warning: eXIf: duplicate
libpng warning: eXIf: duplicate
libpng warning: eXIf: duplicate
libpng warning: eXIf: duplicate
libpng warning: eXIf: duplicate
libpng warning: eXIf: duplicate
libpng warning: eXIf: duplicate
libpng warning: eXIf: duplicate
libpng warning: eXIf: duplicate
libpng warning: eXIf: duplicate
libpng warning: eXIf: duplicate
libpng warning: eXIf: duplicate
libpng warning: eXIf: duplicate
libpng warning: eXIf: duplicate
libpng warning: eXIf: duplicate
libpng warning: eXIf: duplicate
libpng warning: eXIf: duplicate
libpng warning: eXIf: duplicate
libpng warning: eXIf: duplicate
libpng warning: eXIf: duplicate
libpng warning: eXIf: duplicate
libpng warning: eXIf: duplicate
libpng warning: eXIf: duplicate
libpng warning: eXIf: duplicate
libpng warning: eXIf: duplicate
libpng warning: eXIf: duplicate
libpng warning: eXIf: duplicate
libpng warning: eXIf: duplicate
libpng warning: eXIf: duplicate
libpng warning: eXIf: duplicate
libpng warning: eXIf: duplicate
libpng warning: eXIf: duplicate
libpng warning: eXIf: duplicate
libpng warning: eXIf: duplicate
libpng warning: eXIf: duplicate
libpng warning: eXIf: duplicate
libpng warning: eXIf: duplicate
libpng warning: eXIf: duplicate
libpng warning: eXIf: duplicate
libpng warning: eXIf: duplicate
libpng warning: eXIf: duplicate
libpng warning: eXIf: duplicate
libpng warning: eXIf: duplicate
libpng warning: eXIf: duplicate
libpng warning: eXIf: duplicate
libpng warning: eXIf: duplicate
libpng warning: eXIf: duplicate
libpng warning: eXIf: duplicate
libpng warning: eXIf: duplicate
libpng warning: eXIf: duplicate
libpng warning: eXIf: duplicate
libpng warning: eXIf: duplicate
libpng warning: eXIf: duplicate
libpng warning: eXIf: duplicate
libpng warning: eXIf: duplicate
libpng warning: eXIf: duplicate
libpng warning: eXIf: duplicate
libpng warning: eXIf: duplicate
libpng warning: eXIf: duplicate
libpng warning: eXIf: duplicate
libpng warning: eXIf: duplicate
libpng warning: eXIf: duplicate
libpng warning: eXIf: duplicate
libpng warning: eXIf: duplicate
libpng warning: eXIf: duplicate
libpng warning: eXIf: duplicate
libpng warning: eXIf: duplicate
libpng warning: eXIf: duplicate
libpng warning: eXIf: duplicate
libpng warning: eXIf: duplicate
libpng warning: eXIf: duplicate
libpng warning: eXIf: duplicate
libpng warning: eXIf: duplicate
libpng warning: eXIf: duplicate
libpng warning: eXIf: duplicate
libpng warning: eXIf: duplicate
libpng warning: eXIf: duplicate
libpng warning: eXIf: duplicate
libpng warning: eXIf: duplicate
libpng warning: eXIf: duplicate
libpng warning: eXIf: duplicate
libpng warning: eXIf: duplicate
libpng warning: eXIf: duplicate
libpng warning: eXIf: duplicate
libpng warning: eXIf: duplicate
libpng warning: eXIf: duplicate
libpng warning: eXIf: duplicate
libpng warning: eXIf: duplicate
libpng warning: eXIf: duplicate
libpng warning: eXIf: duplicate
libpng warning: eXIf: duplicate
libpng warning: eXIf: duplicate
libpng warning: eXIf: duplicate
libpng warning: eXIf: duplicate
libpng warning: eXIf: duplicate
libpng warning: eXIf: duplicate
libpng warning: eXIf: duplicate
libpng warning: eXIf: duplicate
libpng warning: eXIf: duplicate
libpng warning: eXIf: duplicate
libpng warning: eXIf: duplicate
libpng warning: eXIf: duplicate
libpng warning: eXIf: duplicate
libpng warning: eXIf: duplicate
libpng warning: eXIf: duplicate
libpng warning: eXIf: duplicate
libpng warning: eXIf: duplicate
libpng warning: eXIf: duplicate
libpng warning: eXIf: duplicate
libpng warning: eXIf: duplicate
libpng warning: eXIf: duplicate
libpng warning: eXIf: duplicate
libpng warning: eXIf: duplicate
libpng warning: eXIf: duplicate
libpng warning: eXIf: duplicate
libpng warning: eXIf: duplicate
libpng warning: eXIf: duplicate
libpng warning: eXIf: duplicate
libpng warning: eXIf: duplicate
libpng warning: eXIf: duplicate
libpng warning: eXIf: duplicate
libpng warning: eXIf: duplicate
libpng warning: eXIf: duplicate
libpng warning: eXIf: duplicate
libpng warning: eXIf: duplicate
libpng warning: eXIf: duplicate
libpng warning: eXIf: duplicate
libpng warning: eXIf: duplicate
libpng warning: eXIf: duplicate
libpng warning: eXIf: duplicate
libpng warning: eXIf: duplicate
libpng warning: eXIf: duplicate
libpng warning: eXIf: duplicate
libpng warning: eXIf: duplicate
libpng warning: eXIf: duplicate
libpng warning: eXIf: duplicate
libpng warning: eXIf: duplicate
libpng warning: eXIf: duplicate
libpng warning: eXIf: duplicate
libpng warning: eXIf: duplicate
libpng warning: eXIf: duplicate
libpng warning: eXIf: duplicate
libpng warning: eXIf: duplicate
libpng warning: eXIf: duplicate
libpng warning: eXIf: duplicate
libpng warning: eXIf: duplicate
libpng warning: eXIf: duplicate
libpng warning: eXIf: duplicate
libpng warning: eXIf: duplicate
libpng warning: eXIf: duplicate
libpng warning: eXIf: duplicate
libpng warning: eXIf: duplicate
libpng warning: eXIf: duplicate
libpng warning: eXIf: duplicate
libpng warning: eXIf: duplicate
libpng warning: eXIf: duplicate
libpng warning: eXIf: duplicate
libpng warning: eXIf: duplicate
libpng warning: eXIf: duplicate
libpng warning: eXIf: duplicate
libpng warning: eXIf: duplicate
libpng warning: eXIf: duplicate
libpng warning: eXIf: duplicate
libpng warning: eXIf: duplicate
libpng warning: eXIf: duplicate
libpng warning: eXIf: duplicate
libpng warning: eXIf: duplicate
libpng warning: eXIf: duplicate
libpng warning: eXIf: duplicate
libpng warning: eXIf: duplicate
libpng warning: eXIf: duplicate
libpng warning: eXIf: duplicate
libpng warning: eXIf: duplicate
libpng warning: eXIf: duplicate
libpng warning: eXIf: duplicate
libpng warning: eXIf: duplicate
libpng warning: eXIf: duplicate
libpng warning: eXIf: duplicate
libpng warning: eXIf: duplicate
libpng warning: eXIf: duplicate
libpng warning: eXIf: duplicate
libpng warning: eXIf: duplicate
libpng warning: eXIf: duplicate
libpng warning: eXIf: duplicate
libpng warning: eXIf: duplicate
libpng warning: eXIf: duplicate
libpng warning: eXIf: duplicate
libpng warning: eXIf: duplicate
libpng warning: eXIf: duplicate
libpng warning: eXIf: duplicate
libpng warning: eXIf: duplicate
libpng warning: eXIf: duplicate
libpng warning: eXIf: duplicate
libpng warning: eXIf: duplicate
libpng warning: eXIf: duplicate
libpng warning: eXIf: duplicate
libpng warning: eXIf: duplicate
libpng warning: eXIf: duplicate
libpng warning: eXIf: duplicate
libpng warning: eXIf: duplicate
libpng warning: eXIf: duplicate
libpng warning: eXIf: duplicate
libpng warning: eXIf: duplicate
libpng warning: eXIf: duplicate
libpng warning: eXIf: duplicate
libpng warning: eXIf: duplicate
libpng warning: eXIf: duplicate
libpng warning: eXIf: duplicate
libpng warning: eXIf: duplicate
libpng warning: eXIf: duplicate
libpng warning: eXIf: duplicate
libpng warning: eXIf: duplicate
libpng warning: eXIf: duplicate
libpng warning: eXIf: duplicate
libpng warning: eXIf: duplicate
libpng warning: eXIf: duplicate
libpng warning: eXIf: duplicate
libpng warning: eXIf: duplicate
libpng warning: eXIf: duplicate
libpng warning: eXIf: duplicate
libpng warning: eXIf: duplicate
libpng warning: eXIf: duplicate
libpng warning: eXIf: duplicate
libpng warning: eXIf: duplicate
libpng warning: eXIf: duplicate
libpng warning: eXIf: duplicate
libpng warning: eXIf: duplicate
libpng warning: eXIf: duplicate
libpng warning: eXIf: duplicate
libpng warning: eXIf: duplicate
libpng warning: eXIf: duplicate
libpng warning: eXIf: duplicate
libpng warning: eXIf: duplicate
libpng warning: eXIf: duplicate
libpng warning: eXIf: duplicate
libpng warning: eXIf: duplicate
libpng warning: eXIf: duplicate
libpng warning: eXIf: duplicate
libpng warning: eXIf: duplicate
libpng warning: eXIf: duplicate
libpng warning: eXIf: duplicate
libpng warning: eXIf: duplicate
libpng warning: eXIf: duplicate
libpng warning: eXIf: duplicate
libpng warning: eXIf: duplicate
libpng warning: eXIf: duplicate
libpng warning: eXIf: duplicate
libpng warning: eXIf: duplicate
libpng warning: eXIf: duplicate
libpng warning: eXIf: duplicate
libpng warning: eXIf: duplicate
libpng warning: eXIf: duplicate
libpng warning: eXIf: duplicate
libpng warning: eXIf: duplicate
libpng warning: eXIf: duplicate
libpng warning: eXIf: duplicate
libpng warning: eXIf: duplicate
libpng warning: eXIf: duplicate
libpng warning: eXIf: duplicate
libpng warning: eXIf: duplicate
libpng warning: eXIf: duplicate
libpng warning: eXIf: duplicate
libpng warning: eXIf: duplicate
libpng warning: eXIf: duplicate
libpng warning: eXIf: duplicate
libpng warning: eXIf: duplicate
libpng warning: eXIf: duplicate
libpng warning: eXIf: duplicate
libpng warning: eXIf: duplicate
libpng warning: eXIf: duplicate
libpng warning: eXIf: duplicate
libpng warning: eXIf: duplicate
libpng warning: eXIf: duplicate
libpng warning: eXIf: duplicate
libpng warning: eXIf: duplicate
libpng warning: eXIf: duplicate
libpng warning: eXIf: duplicate
libpng warning: eXIf: duplicate
libpng warning: eXIf: duplicate
libpng warning: eXIf: duplicate
libpng warning: eXIf: duplicate
libpng warning: eXIf: duplicate
libpng warning: eXIf: duplicate
libpng warning: eXIf: duplicate
libpng warning: eXIf: duplicate
libpng warning: eXIf: duplicate
libpng warning: eXIf: duplicate
libpng warning: eXIf: duplicate
libpng warning: eXIf: duplicate
libpng warning: eXIf: duplicate
libpng warning: eXIf: duplicate
libpng warning: eXIf: duplicate
libpng warning: eXIf: duplicate
libpng warning: eXIf: duplicate
libpng warning: eXIf: duplicate
libpng warning: eXIf: duplicate
libpng warning: eXIf: duplicate
libpng warning: eXIf: duplicate
libpng warning: eXIf: duplicate
libpng warning: eXIf: duplicate
libpng warning: eXIf: duplicate
libpng warning: eXIf: duplicate
libpng warning: eXIf: duplicate
libpng warning: eXIf: duplicate
libpng warning: eXIf: duplicate
libpng warning: eXIf: duplicate
libpng warning: eXIf: duplicate
libpng warning: eXIf: duplicate
libpng warning: eXIf: duplicate
libpng warning: eXIf: duplicate
libpng warning: eXIf: duplicate
libpng warning: eXIf: duplicate
libpng warning: eXIf: duplicate
libpng warning: eXIf: duplicate
libpng warning: eXIf: duplicate
libpng warning: eXIf: duplicate
libpng warning: eXIf: duplicate
libpng warning: eXIf: duplicate
libpng warning: eXIf: duplicate
libpng warning: eXIf: duplicate
libpng warning: eXIf: duplicate
libpng warning: eXIf: duplicate
libpng warning: eXIf: duplicate
libpng warning: eXIf: duplicate
libpng warning: eXIf: duplicate
libpng warning: eXIf: duplicate
libpng warning: eXIf: duplicate
libpng warning: eXIf: duplicate
libpng warning: eXIf: duplicate
libpng warning: eXIf: duplicate
libpng warning: eXIf: duplicate
libpng warning: eXIf: duplicate
libpng warning: eXIf: duplicate
libpng warning: eXIf: duplicate
libpng warning: eXIf: duplicate
libpng warning: eXIf: duplicate
libpng warning: eXIf: duplicate
libpng warning: eXIf: duplicate
libpng warning: eXIf: duplicate
libpng warning: eXIf: duplicate
libpng warning: eXIf: duplicate
libpng warning: eXIf: duplicate
libpng warning: eXIf: duplicate
libpng warning: eXIf: duplicate
libpng warning: eXIf: duplicate
libpng warning: eXIf: duplicate
libpng warning: eXIf: duplicate
libpng warning: eXIf: duplicate
libpng warning: eXIf: duplicate
libpng warning: eXIf: duplicate
libpng warning: eXIf: duplicate
libpng warning: eXIf: duplicate
libpng warning: eXIf: duplicate
libpng warning: eXIf: duplicate
libpng warning: eXIf: duplicate
libpng warning: eXIf: duplicate
libpng warning: eXIf: duplicate
libpng warning: eXIf: duplicate
libpng warning: eXIf: duplicate
libpng warning: eXIf: duplicate
libpng warning: eXIf: duplicate
libpng warning: eXIf: duplicate
libpng warning: eXIf: duplicate
libpng warning: eXIf: duplicate
libpng warning: eXIf: duplicate
libpng warning: eXIf: duplicate
libpng warning: eXIf: duplicate
libpng warning: eXIf: duplicate
libpng warning: eXIf: duplicate
libpng warning: eXIf: duplicate
libpng warning: eXIf: duplicate
libpng warning: eXIf: duplicate
libpng warning: eXIf: duplicate
libpng warning: eXIf: duplicate
libpng warning: eXIf: duplicate
libpng warning: eXIf: duplicate
libpng warning: eXIf: duplicate
libpng warning: eXIf: duplicate
libpng warning: eXIf: duplicate
libpng warning: eXIf: duplicate
libpng warning: eXIf: duplicate
libpng warning: eXIf: duplicate
libpng warning: eXIf: duplicate
libpng warning: eXIf: duplicate
libpng warning: eXIf: duplicate
libpng warning: eXIf: duplicate
libpng warning: eXIf: duplicate
libpng warning: eXIf: duplicate
libpng warning: eXIf: duplicate
libpng warning: eXIf: duplicate
libpng warning: eXIf: duplicate
libpng warning: eXIf: duplicate
libpng warning: eXIf: duplicate
libpng warning: eXIf: duplicate
libpng warning: eXIf: duplicate
libpng warning: eXIf: duplicate
libpng warning: eXIf: duplicate
libpng warning: eXIf: duplicate
libpng warning: eXIf: duplicate
libpng warning: eXIf: duplicate
libpng warning: eXIf: duplicate
libpng warning: eXIf: duplicate
libpng warning: eXIf: duplicate
libpng warning: eXIf: duplicate
libpng warning: eXIf: duplicate
libpng warning: eXIf: duplicate
libpng warning: eXIf: duplicate
libpng warning: eXIf: duplicate
libpng warning: eXIf: duplicate
libpng warning: eXIf: duplicate
libpng warning: eXIf: duplicate
libpng warning: eXIf: duplicate
libpng warning: eXIf: duplicate
libpng warning: eXIf: duplicate
libpng warning: eXIf: duplicate
libpng warning: eXIf: duplicate
libpng warning: eXIf: duplicate
libpng warning: eXIf: duplicate
libpng warning: eXIf: duplicate
libpng warning: eXIf: duplicate
libpng warning: eXIf: duplicate
libpng warning: eXIf: duplicate
libpng warning: eXIf: duplicate
libpng warning: eXIf: duplicate
libpng warning: eXIf: duplicate
libpng warning: eXIf: duplicate
libpng warning: eXIf: duplicate
libpng warning: eXIf: duplicate
libpng warning: eXIf: duplicate
libpng warning: eXIf: duplicate
libpng warning: eXIf: duplicate
libpng warning: eXIf: duplicate
libpng warning: eXIf: duplicate
libpng warning: eXIf: duplicate
libpng warning: eXIf: duplicate
libpng warning: eXIf: duplicate
libpng warning: eXIf: duplicate
libpng warning: eXIf: duplicate
libpng warning: eXIf: duplicate
libpng warning: eXIf: duplicate
libpng warning: eXIf: duplicate
libpng warning: eXIf: duplicate
libpng warning: eXIf: duplicate
libpng warning: eXIf: duplicate
libpng warning: eXIf: duplicate
libpng warning: eXIf: duplicate
libpng warning: eXIf: duplicate
libpng warning: eXIf: duplicate
libpng warning: eXIf: duplicate
libpng warning: eXIf: duplicate
libpng warning: eXIf: duplicate
libpng warning: eXIf: duplicate
libpng warning: eXIf: duplicate
libpng warning: eXIf: duplicate
libpng warning: eXIf: duplicate
libpng warning: eXIf: duplicate
libpng warning: eXIf: duplicate
libpng warning: eXIf: duplicate
libpng warning: eXIf: duplicate
libpng warning: eXIf: duplicate
libpng warning: eXIf: duplicate
libpng warning: eXIf: duplicate
libpng warning: eXIf: duplicate
libpng warning: eXIf: duplicate
libpng warning: eXIf: duplicate
libpng warning: eXIf: duplicate
libpng warning: eXIf: duplicate
libpng warning: eXIf: duplicate
libpng warning: eXIf: duplicate
libpng warning: eXIf: duplicate
libpng warning: eXIf: duplicate
libpng warning: eXIf: duplicate
libpng warning: eXIf: duplicate
libpng warning: eXIf: duplicate
libpng warning: eXIf: duplicate
libpng warning: eXIf: duplicate
libpng warning: eXIf: duplicate
libpng warning: eXIf: duplicate
libpng warning: eXIf: duplicate
libpng warning: eXIf: duplicate
libpng warning: eXIf: duplicate
libpng warning: eXIf: duplicate
libpng warning: eXIf: duplicate
libpng warning: eXIf: duplicate
libpng warning: eXIf: duplicate
libpng warning: eXIf: duplicate
libpng warning: eXIf: duplicate
libpng warning: eXIf: duplicate
libpng warning: eXIf: duplicate
libpng warning: eXIf: duplicate
libpng warning: eXIf: duplicate
libpng warning: eXIf: duplicate
libpng warning: eXIf: duplicate
libpng warning: eXIf: duplicate
libpng warning: eXIf: duplicate
libpng warning: eXIf: duplicate
libpng warning: eXIf: duplicate
libpng warning: eXIf: duplicate
libpng warning: eXIf: duplicate
libpng warning: eXIf: duplicate
libpng warning: eXIf: duplicate
libpng warning: eXIf: duplicate
libpng warning: eXIf: duplicate
libpng warning: eXIf: duplicate
libpng warning: eXIf: duplicate
libpng warning: eXIf: duplicate
libpng warning: eXIf: duplicate
libpng warning: eXIf: duplicate
libpng warning: eXIf: duplicate
libpng warning: eXIf: duplicate
libpng warning: eXIf: duplicate
libpng warning: eXIf: duplicate
libpng warning: eXIf: duplicate
libpng warning: eXIf: duplicate
libpng warning: eXIf: duplicate
libpng warning: eXIf: duplicate
libpng warning: eXIf: duplicate
libpng warning: eXIf: duplicate
libpng warning: eXIf: duplicate
libpng warning: eXIf: duplicate
libpng warning: eXIf: duplicate
libpng warning: eXIf: duplicate
libpng warning: eXIf: duplicate
libpng warning: eXIf: duplicate
libpng warning: eXIf: duplicate
libpng warning: eXIf: duplicate
libpng warning: eXIf: duplicate
libpng warning: eXIf: duplicate
libpng warning: eXIf: duplicate
libpng warning: eXIf: duplicate
libpng warning: eXIf: duplicate
libpng warning: eXIf: duplicate
libpng warning: eXIf: duplicate
libpng warning: eXIf: duplicate

alpha count: 236825 235928
reverse true
base dir name: ['', '4T', 'CXY', 'MV-Painter', 'data', 'train_data']
alpha count: 230005 242924
reverse false
[1280/2000] loss=0.0346 (ema 0.0932) lr=3.22e-05 grad=0.236 | fsc_modules=7.1e-03 gsg_modules=1.5e-01 ltag=1.7e-02 | 0.9s
base dir name: ['', '4T', 'CXY', 'MV-Painter', 'data', 'train_data']
alpha count: 246418 236614
reverse true
base dir name: ['', '4T', 'CXY', 'MV-Painter', 'data', 'train_data']
alpha count: 228378 177089
reverse true
base dir name: ['', '4T', 'CXY', 'MV-Painter', 'data', 'train_data']
alpha count: 222202 248657
reverse false
base dir name: ['', '4T', 'CXY', 'MV-Painter', 'data', 'train_data']
alpha count: 243304 154409
reverse true
base dir name: ['', '4T', 'CXY', 'MV-Painter', 'data', 'train_data']
alpha count: 224749 191558
reverse true
base dir name: ['', '4T', 'CXY', 'MV-Painter', 'data', 'train_data']
alpha count: 239797 193125
reverse true
base dir name: ['', '4T', 'CXY', 'MV-Painter', 'data', 'train_data']
alpha count: 226663 228416
reverse false
base dir name: ['', '4T', 'CXY', 'MV-Painter', 'data', 'train_data']
alpha count: 243465 244004
reverse false
base dir name: ['', '4T', 'CXY', 'MV-Painter', 'data', 'train_data']
alpha count: 207844 218962
reverse false
base dir name: ['', '4T', 'CXY', 'MV-Painter', 'data', 'train_data']
alpha count: 229469 246128
reverse false
base dir name: ['', '4T', 'CXY', 'MV-Painter', 'data', 'train_data']
alpha count: 243255 258817
reverse false
base dir name: ['', '4T', 'CXY', 'MV-Painter', 'data', 'train_data']
alpha count: 219545 205434
reverse true
base dir name: ['', '4T', 'CXY', 'MV-Painter', 'data', 'train_data']
alpha count: 196959 204723
reverse false
base dir name: ['', '4T', 'CXY', 'MV-Painter', 'data', 'train_data']
alpha count: 178418 195580
reverse false
base dir name: ['', '4T', 'CXY', 'MV-Painter', 'data', 'train_data']
alpha count: 221840 203103
reverse true
base dir name: ['', '4T', 'CXY', 'MV-Painter', 'data', 'train_data']
alpha count: 251582 214348
reverse true
base dir name: ['', '4T', 'CXY', 'MV-Painter', 'data', 'train_data']
alpha count: 217040 225538
reverse false
base dir name: ['', '4T', 'CXY', 'MV-Painter', 'data', 'train_data']
alpha count: 262144 262144
reverse false
OpenCV(4.13.0) /io/opencv/modules/imgproc/src/resize.cpp:4208: error: (-215:Assertion failed) !ssize.empty() in function 'resize'

wrong path: /4T/CXY/MV-Painter/data/train_data/rendered_full/139331da744542009f146018fd0e05f4/image
base dir name: ['', '4T', 'CXY', 'MV-Painter', 'data', 'train_data']
alpha count: 221840 203103
reverse true
base dir name: ['', '4T', 'CXY', 'MV-Painter', 'data', 'train_data']
alpha count: 262144 262144
reverse false
OpenCV(4.13.0) /io/opencv/modules/imgproc/src/resize.cpp:4208: error: (-215:Assertion failed) !ssize.empty() in function 'resize'

wrong path: /4T/CXY/MV-Painter/data/train_data/rendered_full/13a7dc1139544fc584cbea143ece2985/image
base dir name: ['', '4T', 'CXY', 'MV-Painter', 'data', 'train_data']
alpha count: 224371 232581
reverse false
base dir name: ['', '4T', 'CXY', 'MV-Painter', 'data', 'train_data']
alpha count: 213204 228683
reverse false
[1300/2000] loss=0.1348 (ema 0.0959) lr=3.07e-05 grad=0.019 | fsc_modules=5.4e-04 gsg_modules=1.5e-02 ltag=3.7e-03 | 1.1s
base dir name: ['', '4T', 'CXY', 'MV-Painter', 'data', 'train_data']
alpha count: 214380 225927
reverse false
base dir name: ['', '4T', 'CXY', 'MV-Painter', 'data', 'train_data']
alpha count: 240802 230886
reverse true
base dir name: ['', '4T', 'CXY', 'MV-Painter', 'data', 'train_data']
alpha count: 253349 231537
reverse true
base dir name: ['', '4T', 'CXY', 'MV-Painter', 'data', 'train_data']
alpha count: 208735 213437
reverse false
base dir name: ['', '4T', 'CXY', 'MV-Painter', 'data', 'train_data']
alpha count: 248807 240253
reverse true
base dir name: ['', '4T', 'CXY', 'MV-Painter', 'data', 'train_data']
alpha count: 164854 196590
reverse false
base dir name: ['', '4T', 'CXY', 'MV-Painter', 'data', 'train_data']
alpha count: 254568 237765
reverse true
base dir name: ['', '4T', 'CXY', 'MV-Painter', 'data', 'train_data']
alpha count: 247266 243099
reverse true
base dir name: ['', '4T', 'CXY', 'MV-Painter', 'data', 'train_data']
alpha count: 249740 223078
reverse true
base dir name: ['', '4T', 'CXY', 'MV-Painter', 'data', 'train_data']
alpha count: 165563 198380
reverse false
base dir name: ['', '4T', 'CXY', 'MV-Painter', 'data', 'train_data']
alpha count: 205724 218104
reverse false
base dir name: ['', '4T', 'CXY', 'MV-Painter', 'data', 'train_data']
alpha count: 234597 216519
reverse true
base dir name: ['', '4T', 'CXY', 'MV-Painter', 'data', 'train_data']
alpha count: 194232 188514
reverse true
base dir name: ['', '4T', 'CXY', 'MV-Painter', 'data', 'train_data']
alpha count: 231193 227275
reverse true
base dir name: ['', '4T', 'CXY', 'MV-Painter', 'data', 'train_data']
alpha count: 165449 165103
reverse true
base dir name: ['', '4T', 'CXY', 'MV-Painter', 'data', 'train_data']
alpha count: 259471 249039
reverse true
base dir name: ['', '4T', 'CXY', 'MV-Painter', 'data', 'train_data']
alpha count: 262144 262056
reverse true
base dir name: ['', '4T', 'CXY', 'MV-Painter', 'data', 'train_data']
alpha count: 197770 209609
reverse false
base dir name: ['', '4T', 'CXY', 'MV-Painter', 'data', 'train_data']
alpha count: 260824 246240
reverse true
base dir name: ['', '4T', 'CXY', 'MV-Painter', 'data', 'train_data']
alpha count: 241018 247308
reverse false
[1320/2000] loss=0.0639 (ema 0.0945) lr=2.92e-05 grad=0.082 | fsc_modules=2.1e-03 gsg_modules=6.4e-02 ltag=6.9e-03 | 1.1s
base dir name: ['', '4T', 'CXY', 'MV-Painter', 'data', 'train_data']
alpha count: 183753 218003
reverse false
base dir name: ['', '4T', 'CXY', 'MV-Painter', 'data', 'train_data']
alpha count: 254567 242745
reverse true
base dir name: ['', '4T', 'CXY', 'MV-Painter', 'data', 'train_data']
alpha count: 219359 224547
reverse false
base dir name: ['', '4T', 'CXY', 'MV-Painter', 'data', 'train_data']
alpha count: 242155 207920
reverse true
base dir name: ['', '4T', 'CXY', 'MV-Painter', 'data', 'train_data']
alpha count: 231151 235143
reverse false
base dir name: ['', '4T', 'CXY', 'MV-Painter', 'data', 'train_data']
alpha count: 231740 178863
reverse true
base dir name: ['', '4T', 'CXY', 'MV-Painter', 'data', 'train_data']
alpha count: 218607 243556
reverse false
base dir name: ['', '4T', 'CXY', 'MV-Painter', 'data', 'train_data']
alpha count: 250502 222059
reverse true
base dir name: ['', '4T', 'CXY', 'MV-Painter', 'data', 'train_data']
alpha count: 166407 161619
reverse true
base dir name: ['', '4T', 'CXY', 'MV-Painter', 'data', 'train_data']
alpha count: 242862 248013
reverse false
base dir name: ['', '4T', 'CXY', 'MV-Painter', 'data', 'train_data']
alpha count: 236843 238918
reverse false
base dir name: ['', '4T', 'CXY', 'MV-Painter', 'data', 'train_data']
alpha count: 217079 233919
reverse false
base dir name: ['', '4T', 'CXY', 'MV-Painter', 'data', 'train_data']
alpha count: 225316 236584
reverse false
base dir name: ['', '4T', 'CXY', 'MV-Painter', 'data', 'train_data']
alpha count: 227479 231221
reverse false
base dir name: ['', '4T', 'CXY', 'MV-Painter', 'data', 'train_data']
alpha count: 219110 224736
reverse false
base dir name: ['', '4T', 'CXY', 'MV-Painter', 'data', 'train_data']
alpha count: 200688 203617
reverse false
base dir name: ['', '4T', 'CXY', 'MV-Painter', 'data', 'train_data']
alpha count: 223462 242825
reverse false
base dir name: ['', '4T', 'CXY', 'MV-Painter', 'data', 'train_data']
alpha count: 215259 206767
reverse true
base dir name: ['', '4T', 'CXY', 'MV-Painter', 'data', 'train_data']
alpha count: 237924 241869
reverse false
base dir name: ['', '4T', 'CXY', 'MV-Painter', 'data', 'train_data']
alpha count: 227293 243043
reverse false
[1340/2000] loss=0.0863 (ema 0.0945) lr=2.77e-05 grad=0.318 | fsc_modules=6.6e-03 gsg_modules=2.8e-01 ltag=1.1e-02 | 1.1s
base dir name: ['', '4T', 'CXY', 'MV-Painter', 'data', 'train_data']
alpha count: 262144 262144
reverse false
OpenCV(4.13.0) /io/opencv/modules/imgproc/src/resize.cpp:4208: error: (-215:Assertion failed) !ssize.empty() in function 'resize'

wrong path: /4T/CXY/MV-Painter/data/train_data/rendered_full/1bbbb071a3fc4bd3a202c9cea106c2cb/imagelibpng warning: eXIf: duplicate
libpng warning: eXIf: duplicate
libpng warning: eXIf: duplicate
libpng warning: eXIf: duplicate
libpng warning: eXIf: duplicate
libpng warning: eXIf: duplicate
libpng warning: eXIf: duplicate
libpng warning: eXIf: duplicate
libpng warning: eXIf: duplicate
libpng warning: eXIf: duplicate
libpng warning: eXIf: duplicate
libpng warning: eXIf: duplicate
libpng warning: eXIf: duplicate
libpng warning: eXIf: duplicate
libpng warning: eXIf: duplicate
libpng warning: eXIf: duplicate
libpng warning: eXIf: duplicate
libpng warning: eXIf: duplicate
libpng warning: eXIf: duplicate
libpng warning: eXIf: duplicate
libpng warning: eXIf: duplicate
libpng warning: eXIf: duplicate
libpng warning: eXIf: duplicate
libpng warning: eXIf: duplicate
libpng warning: eXIf: duplicate
libpng warning: eXIf: duplicate
libpng warning: eXIf: duplicate
libpng warning: eXIf: duplicate
libpng warning: eXIf: duplicate
libpng warning: eXIf: duplicate
libpng warning: eXIf: duplicate
libpng warning: eXIf: duplicate
libpng warning: eXIf: duplicate
libpng warning: eXIf: duplicate
libpng warning: eXIf: duplicate
libpng warning: eXIf: duplicate
libpng warning: eXIf: duplicate
libpng warning: eXIf: duplicate
libpng warning: eXIf: duplicate
libpng warning: eXIf: duplicate
libpng warning: eXIf: duplicate
libpng warning: eXIf: duplicate
libpng warning: eXIf: duplicate
libpng warning: eXIf: duplicate
libpng warning: eXIf: duplicate
libpng warning: eXIf: duplicate
libpng warning: eXIf: duplicate
libpng warning: eXIf: duplicate
libpng warning: eXIf: duplicate
libpng warning: eXIf: duplicate
libpng warning: eXIf: duplicate
libpng warning: eXIf: duplicate
libpng warning: eXIf: duplicate
libpng warning: eXIf: duplicate
libpng warning: eXIf: duplicate
libpng warning: eXIf: duplicate
libpng warning: eXIf: duplicate
libpng warning: eXIf: duplicate
libpng warning: eXIf: duplicate
libpng warning: eXIf: duplicate
libpng warning: eXIf: duplicate
libpng warning: eXIf: duplicate
libpng warning: eXIf: duplicate
libpng warning: eXIf: duplicate
libpng warning: eXIf: duplicate
libpng warning: eXIf: duplicate
libpng warning: eXIf: duplicate
libpng warning: eXIf: duplicate
libpng warning: eXIf: duplicate
libpng warning: eXIf: duplicate
libpng warning: eXIf: duplicate
libpng warning: eXIf: duplicate
libpng warning: eXIf: duplicate
libpng warning: eXIf: duplicate
libpng warning: eXIf: duplicate
libpng warning: eXIf: duplicate
libpng warning: eXIf: duplicate
libpng warning: eXIf: duplicate
libpng warning: eXIf: duplicate
libpng warning: eXIf: duplicate
libpng warning: eXIf: duplicate
libpng warning: eXIf: duplicate
libpng warning: eXIf: duplicate
libpng warning: eXIf: duplicate
libpng warning: eXIf: duplicate
libpng warning: eXIf: duplicate
libpng warning: eXIf: duplicate
libpng warning: eXIf: duplicate
libpng warning: eXIf: duplicate
libpng warning: eXIf: duplicate
libpng warning: eXIf: duplicate
libpng warning: eXIf: duplicate
libpng warning: eXIf: duplicate
libpng warning: eXIf: duplicate
libpng warning: eXIf: duplicate
libpng warning: eXIf: duplicate
libpng warning: eXIf: duplicate
libpng warning: eXIf: duplicate
libpng warning: eXIf: duplicate
libpng warning: eXIf: duplicate
libpng warning: eXIf: duplicate
libpng warning: eXIf: duplicate
libpng warning: eXIf: duplicate
libpng warning: eXIf: duplicate
libpng warning: eXIf: duplicate
libpng warning: eXIf: duplicate
libpng warning: eXIf: duplicate
libpng warning: eXIf: duplicate
libpng warning: eXIf: duplicate
libpng warning: eXIf: duplicate
libpng warning: eXIf: duplicate
libpng warning: eXIf: duplicate
libpng warning: eXIf: duplicate
libpng warning: eXIf: duplicate
libpng warning: eXIf: duplicate
libpng warning: eXIf: duplicate
libpng warning: eXIf: duplicate
libpng warning: eXIf: duplicate
libpng warning: eXIf: duplicate
libpng warning: eXIf: duplicate
libpng warning: eXIf: duplicate
libpng warning: eXIf: duplicate
libpng warning: eXIf: duplicate
libpng warning: eXIf: duplicate
libpng warning: eXIf: duplicate
libpng warning: eXIf: duplicate
libpng warning: eXIf: duplicate
libpng warning: eXIf: duplicate
libpng warning: eXIf: duplicate
libpng warning: eXIf: duplicate
libpng warning: eXIf: duplicate
libpng warning: eXIf: duplicate
libpng warning: eXIf: duplicate
libpng warning: eXIf: duplicate
libpng warning: eXIf: duplicate
libpng warning: eXIf: duplicate
libpng warning: eXIf: duplicate
libpng warning: eXIf: duplicate
libpng warning: eXIf: duplicate
libpng warning: eXIf: duplicate
libpng warning: eXIf: duplicate
libpng warning: eXIf: duplicate
libpng warning: eXIf: duplicate
libpng warning: eXIf: duplicate
libpng warning: eXIf: duplicate
libpng warning: eXIf: duplicate
libpng warning: eXIf: duplicate
libpng warning: eXIf: duplicate
libpng warning: eXIf: duplicate
libpng warning: eXIf: duplicate
libpng warning: eXIf: duplicate
libpng warning: eXIf: duplicate
libpng warning: eXIf: duplicate
libpng warning: eXIf: duplicate
libpng warning: eXIf: duplicate
libpng warning: eXIf: duplicate
libpng warning: eXIf: duplicate
libpng warning: eXIf: duplicate
libpng warning: eXIf: duplicate
libpng warning: eXIf: duplicate
libpng warning: eXIf: duplicate
libpng warning: eXIf: duplicate
libpng warning: eXIf: duplicate
libpng warning: eXIf: duplicate
libpng warning: eXIf: duplicate
libpng warning: eXIf: duplicate
libpng warning: eXIf: duplicate
libpng warning: eXIf: duplicate
libpng warning: eXIf: duplicate
libpng warning: eXIf: duplicate
libpng warning: eXIf: duplicate
libpng warning: eXIf: duplicate
libpng warning: eXIf: duplicate
libpng warning: eXIf: duplicate
libpng warning: eXIf: duplicate
libpng warning: eXIf: duplicate
libpng warning: eXIf: duplicate
libpng warning: eXIf: duplicate
libpng warning: eXIf: duplicate
libpng warning: eXIf: duplicate
libpng warning: eXIf: duplicate
libpng warning: eXIf: duplicate
libpng warning: eXIf: duplicate
libpng warning: eXIf: duplicate
libpng warning: eXIf: duplicate
libpng warning: eXIf: duplicate
libpng warning: eXIf: duplicate
libpng warning: eXIf: duplicate
libpng warning: eXIf: duplicate
libpng warning: eXIf: duplicate
libpng warning: eXIf: duplicate
libpng warning: eXIf: duplicate
libpng warning: eXIf: duplicate
libpng warning: eXIf: duplicate
libpng warning: eXIf: duplicate
libpng warning: eXIf: duplicate
libpng warning: eXIf: duplicate
libpng warning: eXIf: duplicate
libpng warning: eXIf: duplicate
libpng warning: eXIf: duplicate
libpng warning: eXIf: duplicate
libpng warning: eXIf: duplicate
libpng warning: eXIf: duplicate
libpng warning: eXIf: duplicate
libpng warning: eXIf: duplicate
libpng warning: eXIf: duplicate
libpng warning: eXIf: duplicate
libpng warning: eXIf: duplicate
libpng warning: eXIf: duplicate
libpng warning: eXIf: duplicate
libpng warning: eXIf: duplicate
libpng warning: eXIf: duplicate
libpng warning: eXIf: duplicate
libpng warning: eXIf: duplicate
libpng warning: eXIf: duplicate
libpng warning: eXIf: duplicate
libpng warning: eXIf: duplicate
libpng warning: eXIf: duplicate
libpng warning: eXIf: duplicate
libpng warning: eXIf: duplicate
libpng warning: eXIf: duplicate
libpng warning: eXIf: duplicate
libpng warning: eXIf: duplicate
libpng warning: eXIf: duplicate
libpng warning: eXIf: duplicate
libpng warning: eXIf: duplicate
libpng warning: eXIf: duplicate
libpng warning: eXIf: duplicate
libpng warning: eXIf: duplicate
libpng warning: eXIf: duplicate
libpng warning: eXIf: duplicate
libpng warning: eXIf: duplicate
libpng warning: eXIf: duplicate
libpng warning: eXIf: duplicate
libpng warning: eXIf: duplicate
libpng warning: eXIf: duplicate
libpng warning: eXIf: duplicate
libpng warning: eXIf: duplicate
libpng warning: eXIf: duplicate
libpng warning: eXIf: duplicate
libpng warning: eXIf: duplicate
libpng warning: eXIf: duplicate
libpng warning: eXIf: duplicate
libpng warning: eXIf: duplicate
libpng warning: eXIf: duplicate
libpng warning: eXIf: duplicate
libpng warning: eXIf: duplicate
libpng warning: eXIf: duplicate
libpng warning: eXIf: duplicate
libpng warning: eXIf: duplicate
libpng warning: eXIf: duplicate
libpng warning: eXIf: duplicate
libpng warning: eXIf: duplicate
libpng warning: eXIf: duplicate
libpng warning: eXIf: duplicate
libpng warning: eXIf: duplicate
libpng warning: eXIf: duplicate
libpng warning: eXIf: duplicate
libpng warning: eXIf: duplicate
libpng warning: eXIf: duplicate
libpng warning: eXIf: duplicate
libpng warning: eXIf: duplicate
libpng warning: eXIf: duplicate
libpng warning: eXIf: duplicate
libpng warning: eXIf: duplicate
libpng warning: eXIf: duplicate
libpng warning: eXIf: duplicate
libpng warning: eXIf: duplicate
libpng warning: eXIf: duplicate
libpng warning: eXIf: duplicate
libpng warning: eXIf: duplicate
libpng warning: eXIf: duplicate
libpng warning: eXIf: duplicate
libpng warning: eXIf: duplicate
libpng warning: eXIf: duplicate
libpng warning: eXIf: duplicate
libpng warning: eXIf: duplicate
libpng warning: eXIf: duplicate
libpng warning: eXIf: duplicate
libpng warning: eXIf: duplicate
libpng warning: eXIf: duplicate
libpng warning: eXIf: duplicate
libpng warning: eXIf: duplicate
libpng warning: eXIf: duplicate
libpng warning: eXIf: duplicate
libpng warning: eXIf: duplicate
libpng warning: eXIf: duplicate
libpng warning: eXIf: duplicate
libpng warning: eXIf: duplicate
libpng warning: eXIf: duplicate
libpng warning: eXIf: duplicate
libpng warning: eXIf: duplicate
libpng warning: eXIf: duplicate
libpng warning: eXIf: duplicate
libpng warning: eXIf: duplicate
libpng warning: eXIf: duplicate
libpng warning: eXIf: duplicate
libpng warning: eXIf: duplicate
libpng warning: eXIf: duplicate
libpng warning: eXIf: duplicate
libpng warning: eXIf: duplicate
libpng warning: eXIf: duplicate
libpng warning: eXIf: duplicate
libpng warning: eXIf: duplicate
libpng warning: eXIf: duplicate
libpng warning: eXIf: duplicate
libpng warning: eXIf: duplicate
libpng warning: eXIf: duplicate
libpng warning: eXIf: duplicate
libpng warning: eXIf: duplicate
libpng warning: eXIf: duplicate
libpng warning: eXIf: duplicate
libpng warning: eXIf: duplicate
libpng warning: eXIf: duplicate
libpng warning: eXIf: duplicate
libpng warning: eXIf: duplicate
libpng warning: eXIf: duplicate
libpng warning: eXIf: duplicate
libpng warning: eXIf: duplicate
libpng warning: eXIf: duplicate
libpng warning: eXIf: duplicate
libpng warning: eXIf: duplicate
libpng warning: eXIf: duplicate
libpng warning: eXIf: duplicate
libpng warning: eXIf: duplicate
libpng warning: eXIf: duplicate
libpng warning: eXIf: duplicate
libpng warning: eXIf: duplicate
libpng warning: eXIf: duplicate
libpng warning: eXIf: duplicate
libpng warning: eXIf: duplicate
libpng warning: eXIf: duplicate
libpng warning: eXIf: duplicate
libpng warning: eXIf: duplicate
libpng warning: eXIf: duplicate
libpng warning: eXIf: duplicate
libpng warning: eXIf: duplicate
libpng warning: eXIf: duplicate
libpng warning: eXIf: duplicate
libpng warning: eXIf: duplicate
libpng warning: eXIf: duplicate
libpng warning: eXIf: duplicate
libpng warning: eXIf: duplicate
libpng warning: eXIf: duplicate
libpng warning: eXIf: duplicate
libpng warning: eXIf: duplicate
libpng warning: eXIf: duplicate
libpng warning: eXIf: duplicate
libpng warning: eXIf: duplicate
libpng warning: eXIf: duplicate
libpng warning: eXIf: duplicate
libpng warning: eXIf: duplicate
libpng warning: eXIf: duplicate
libpng warning: eXIf: duplicate
libpng warning: eXIf: duplicate
libpng warning: eXIf: duplicate
libpng warning: eXIf: duplicate
libpng warning: eXIf: duplicate
libpng warning: eXIf: duplicate
libpng warning: eXIf: duplicate
libpng warning: eXIf: duplicate
libpng warning: eXIf: duplicate
libpng warning: eXIf: duplicate
libpng warning: eXIf: duplicate
libpng warning: eXIf: duplicate
libpng warning: eXIf: duplicate
libpng warning: eXIf: duplicate
libpng warning: eXIf: duplicate
libpng warning: eXIf: duplicate
libpng warning: eXIf: duplicate
libpng warning: eXIf: duplicate
libpng warning: eXIf: duplicate
libpng warning: eXIf: duplicate
libpng warning: eXIf: duplicate
libpng warning: eXIf: duplicate
libpng warning: eXIf: duplicate
libpng warning: eXIf: duplicate
libpng warning: eXIf: duplicate
libpng warning: eXIf: duplicate
libpng warning: eXIf: duplicate
libpng warning: eXIf: duplicate
libpng warning: eXIf: duplicate
libpng warning: eXIf: duplicate
libpng warning: eXIf: duplicate
libpng warning: eXIf: duplicate
libpng warning: eXIf: duplicate
libpng warning: eXIf: duplicate
libpng warning: eXIf: duplicate
libpng warning: eXIf: duplicate
libpng warning: eXIf: duplicate
libpng warning: eXIf: duplicate
libpng warning: eXIf: duplicate
libpng warning: eXIf: duplicate
libpng warning: eXIf: duplicate
libpng warning: eXIf: duplicate
libpng warning: eXIf: duplicate
libpng warning: eXIf: duplicate
libpng warning: eXIf: duplicate
libpng warning: eXIf: duplicate
libpng warning: eXIf: duplicate
libpng warning: eXIf: duplicate
libpng warning: eXIf: duplicate
libpng warning: eXIf: duplicate
libpng warning: eXIf: duplicate
libpng warning: eXIf: duplicate
libpng warning: eXIf: duplicate
libpng warning: eXIf: duplicate
libpng warning: eXIf: duplicate
libpng warning: eXIf: duplicate
libpng warning: eXIf: duplicate
libpng warning: eXIf: duplicate
libpng warning: eXIf: duplicate
libpng warning: eXIf: duplicate
libpng warning: eXIf: duplicate
libpng warning: eXIf: duplicate
libpng warning: eXIf: duplicate
libpng warning: eXIf: duplicate
libpng warning: eXIf: duplicate
libpng warning: eXIf: duplicate
libpng warning: eXIf: duplicate
libpng warning: eXIf: duplicate
libpng warning: eXIf: duplicate
libpng warning: eXIf: duplicate
libpng warning: eXIf: duplicate
libpng warning: eXIf: duplicate
libpng warning: eXIf: duplicate
libpng warning: eXIf: duplicate
libpng warning: eXIf: duplicate
libpng warning: eXIf: duplicate
libpng warning: eXIf: duplicate
libpng warning: eXIf: duplicate
libpng warning: eXIf: duplicate
libpng warning: eXIf: duplicate
libpng warning: eXIf: duplicate
libpng warning: eXIf: duplicate
libpng warning: eXIf: duplicate
libpng warning: eXIf: duplicate
libpng warning: eXIf: duplicate
libpng warning: eXIf: duplicate
libpng warning: eXIf: duplicate
libpng warning: eXIf: duplicate
libpng warning: eXIf: duplicate
libpng warning: eXIf: duplicate
libpng warning: eXIf: duplicate
libpng warning: eXIf: duplicate
libpng warning: eXIf: duplicate
libpng warning: eXIf: duplicate
libpng warning: eXIf: duplicate
libpng warning: eXIf: duplicate
libpng warning: eXIf: duplicate
libpng warning: eXIf: duplicate
libpng warning: eXIf: duplicate
libpng warning: eXIf: duplicate
libpng warning: eXIf: duplicate
libpng warning: eXIf: duplicate
libpng warning: eXIf: duplicate
libpng warning: eXIf: duplicate
libpng warning: eXIf: duplicate
libpng warning: eXIf: duplicate
libpng warning: eXIf: duplicate
libpng warning: eXIf: duplicate
libpng warning: eXIf: duplicate
libpng warning: eXIf: duplicate
libpng warning: eXIf: duplicate
libpng warning: eXIf: duplicate
libpng warning: eXIf: duplicate
libpng warning: eXIf: duplicate
libpng warning: eXIf: duplicate
libpng warning: eXIf: duplicate
libpng warning: eXIf: duplicate
libpng warning: eXIf: duplicate
libpng warning: eXIf: duplicate
libpng warning: eXIf: duplicate
libpng warning: eXIf: duplicate
libpng warning: eXIf: duplicate
libpng warning: eXIf: duplicate
libpng warning: eXIf: duplicate
libpng warning: eXIf: duplicate
libpng warning: eXIf: duplicate
libpng warning: eXIf: duplicate
libpng warning: eXIf: duplicate
libpng warning: eXIf: duplicate
libpng warning: eXIf: duplicate
libpng warning: eXIf: duplicate
libpng warning: eXIf: duplicate
libpng warning: eXIf: duplicate
libpng warning: eXIf: duplicate
libpng warning: eXIf: duplicate
libpng warning: eXIf: duplicate
libpng warning: eXIf: duplicate
libpng warning: eXIf: duplicate
libpng warning: eXIf: duplicate
libpng warning: eXIf: duplicate
libpng warning: eXIf: duplicate
libpng warning: eXIf: duplicate
libpng warning: eXIf: duplicate
libpng warning: eXIf: duplicate
libpng warning: eXIf: duplicate
libpng warning: eXIf: duplicate
libpng warning: eXIf: duplicate
libpng warning: eXIf: duplicate
libpng warning: eXIf: duplicate
libpng warning: eXIf: duplicate
libpng warning: eXIf: duplicate
libpng warning: eXIf: duplicate
libpng warning: eXIf: duplicate
libpng warning: eXIf: duplicate
libpng warning: eXIf: duplicate
libpng warning: eXIf: duplicate
libpng warning: eXIf: duplicate
libpng warning: eXIf: duplicate
libpng warning: eXIf: duplicate
libpng warning: eXIf: duplicate
libpng warning: eXIf: duplicate
libpng warning: eXIf: duplicate
libpng warning: eXIf: duplicate
libpng warning: eXIf: duplicate
libpng warning: eXIf: duplicate
libpng warning: eXIf: duplicate
libpng warning: eXIf: duplicate
libpng warning: eXIf: duplicate
libpng warning: eXIf: duplicate
libpng warning: eXIf: duplicate
libpng warning: eXIf: duplicate
libpng warning: eXIf: duplicate
libpng warning: eXIf: duplicate
libpng warning: eXIf: duplicate
libpng warning: eXIf: duplicate
libpng warning: eXIf: duplicate
libpng warning: eXIf: duplicate
libpng warning: eXIf: duplicate
libpng warning: eXIf: duplicate
libpng warning: eXIf: duplicate
libpng warning: eXIf: duplicate
libpng warning: eXIf: duplicate
libpng warning: eXIf: duplicate
libpng warning: eXIf: duplicate
libpng warning: eXIf: duplicate
libpng warning: eXIf: duplicate
libpng warning: eXIf: duplicate
libpng warning: eXIf: duplicate
libpng warning: eXIf: duplicate
libpng warning: eXIf: duplicate
libpng warning: eXIf: duplicate
libpng warning: eXIf: duplicate
libpng warning: eXIf: duplicate
libpng warning: eXIf: duplicate
libpng warning: eXIf: duplicate
libpng warning: eXIf: duplicate
libpng warning: eXIf: duplicate
libpng warning: eXIf: duplicate
libpng warning: eXIf: duplicate
libpng warning: eXIf: duplicate
libpng warning: eXIf: duplicate
libpng warning: eXIf: duplicate
libpng warning: eXIf: duplicate
libpng warning: eXIf: duplicate
libpng warning: eXIf: duplicate
libpng warning: eXIf: duplicate
libpng warning: eXIf: duplicate
libpng warning: eXIf: duplicate
libpng warning: eXIf: duplicate
libpng warning: eXIf: duplicate
libpng warning: eXIf: duplicate
libpng warning: eXIf: duplicate
libpng warning: eXIf: duplicate
libpng warning: eXIf: duplicate
libpng warning: eXIf: duplicate
libpng warning: eXIf: duplicate
libpng warning: eXIf: duplicate
libpng warning: eXIf: duplicate
libpng warning: eXIf: duplicate
libpng warning: eXIf: duplicate
libpng warning: eXIf: duplicate
libpng warning: eXIf: duplicate
libpng warning: eXIf: duplicate
libpng warning: eXIf: duplicate
libpng warning: eXIf: duplicate
libpng warning: eXIf: duplicate
libpng warning: eXIf: duplicate
libpng warning: eXIf: duplicate
libpng warning: eXIf: duplicate
libpng warning: eXIf: duplicate
libpng warning: eXIf: duplicate
libpng warning: eXIf: duplicate
libpng warning: eXIf: duplicate
libpng warning: eXIf: duplicate
libpng warning: eXIf: duplicate
libpng warning: eXIf: duplicate
libpng warning: eXIf: duplicate
libpng warning: eXIf: duplicate

base dir name: ['', '4T', 'CXY', 'MV-Painter', 'data', 'train_data']
alpha count: 218219 230719
reverse false
base dir name: ['', '4T', 'CXY', 'MV-Painter', 'data', 'train_data']
alpha count: 259736 246918
reverse true
base dir name: ['', '4T', 'CXY', 'MV-Painter', 'data', 'train_data']
alpha count: 253886 261589
reverse false
base dir name: ['', '4T', 'CXY', 'MV-Painter', 'data', 'train_data']
alpha count: 235331 247256
reverse false
base dir name: ['', '4T', 'CXY', 'MV-Painter', 'data', 'train_data']
alpha count: 224302 183603
reverse true
base dir name: ['', '4T', 'CXY', 'MV-Painter', 'data', 'train_data']
alpha count: 212305 223342
reverse false
base dir name: ['', '4T', 'CXY', 'MV-Painter', 'data', 'train_data']
alpha count: 221862 177751
reverse true
base dir name: ['', '4T', 'CXY', 'MV-Painter', 'data', 'train_data']
alpha count: 261734 261977
reverse false
base dir name: ['', '4T', 'CXY', 'MV-Painter', 'data', 'train_data']
alpha count: 172455 168994
reverse true
base dir name: ['', '4T', 'CXY', 'MV-Painter', 'data', 'train_data']
alpha count: 226818 233095
reverse false
base dir name: ['', '4T', 'CXY', 'MV-Painter', 'data', 'train_data']
alpha count: 216448 187516
reverse true
base dir name: ['', '4T', 'CXY', 'MV-Painter', 'data', 'train_data']
alpha count: 199173 200244
reverse false
base dir name: ['', '4T', 'CXY', 'MV-Painter', 'data', 'train_data']
alpha count: 241786 245060
reverse false
base dir name: ['', '4T', 'CXY', 'MV-Painter', 'data', 'train_data']
alpha count: 193672 219928
reverse false
base dir name: ['', '4T', 'CXY', 'MV-Painter', 'data', 'train_data']
alpha count: 218314 218299
reverse true
base dir name: ['', '4T', 'CXY', 'MV-Painter', 'data', 'train_data']
alpha count: 218858 242325
reverse false
base dir name: ['', '4T', 'CXY', 'MV-Painter', 'data', 'train_data']
alpha count: 206973 199259
reverse true
base dir name: ['', '4T', 'CXY', 'MV-Painter', 'data', 'train_data']
alpha count: 225956 224684
reverse true
base dir name: ['', '4T', 'CXY', 'MV-Painter', 'data', 'train_data']
alpha count: 212851 230333
reverse false
base dir name: ['', '4T', 'CXY', 'MV-Painter', 'data', 'train_data']
alpha count: 187908 228459
reverse false
[1360/2000] loss=0.0386 (ema 0.0922) lr=2.63e-05 grad=0.066 | fsc_modules=3.2e-03 gsg_modules=5.8e-02 ltag=2.8e-03 | 1.1s
base dir name: ['', '4T', 'CXY', 'MV-Painter', 'data', 'train_data']
alpha count: 235560 234919
reverse true
base dir name: ['', '4T', 'CXY', 'MV-Painter', 'data', 'train_data']
alpha count: 262144 262144
reverse false
OpenCV(4.13.0) /io/opencv/modules/imgproc/src/resize.cpp:4208: error: (-215:Assertion failed) !ssize.empty() in function 'resize'

wrong path: /4T/CXY/MV-Painter/data/train_data/rendered_full/2155b19fb6b44c2f99c5b58511647218/image
base dir name: ['', '4T', 'CXY', 'MV-Painter', 'data', 'train_data']
alpha count: 218653 227650
reverse false
base dir name: ['', '4T', 'CXY', 'MV-Painter', 'data', 'train_data']
alpha count: 255350 251388
reverse true
base dir name: ['', '4T', 'CXY', 'MV-Painter', 'data', 'train_data']
alpha count: 170575 174781
reverse false
base dir name: ['', '4T', 'CXY', 'MV-Painter', 'data', 'train_data']
alpha count: 248017 238323
reverse true
base dir name: ['', '4T', 'CXY', 'MV-Painter', 'data', 'train_data']
alpha count: 231533 234233
reverse false
base dir name: ['', '4T', 'CXY', 'MV-Painter', 'data', 'train_data']
alpha count: 241925 230731
reverse true
base dir name: ['', '4T', 'CXY', 'MV-Painter', 'data', 'train_data']
alpha count: 254443 259406
reverse false
base dir name: ['', '4T', 'CXY', 'MV-Painter', 'data', 'train_data']
alpha count: 223299 133811
reverse true
base dir name: ['', '4T', 'CXY', 'MV-Painter', 'data', 'train_data']
alpha count: 218355 228529
reverse false
base dir name: ['', '4T', 'CXY', 'MV-Painter', 'data', 'train_data']
alpha count: 228314 216049
reverse true
base dir name: ['', '4T', 'CXY', 'MV-Painter', 'data', 'train_data']
alpha count: 221786 220538
reverse true
base dir name: ['', '4T', 'CXY', 'MV-Painter', 'data', 'train_data']
alpha count: 214550 221989
reverse false
base dir name: ['', '4T', 'CXY', 'MV-Painter', 'data', 'train_data']
alpha count: 222493 212029
reverse true
base dir name: ['', '4T', 'CXY', 'MV-Painter', 'data', 'train_data']
alpha count: 234253 205886
reverse true
base dir name: ['', '4T', 'CXY', 'MV-Painter', 'data', 'train_data']
alpha count: 227959 231782
reverse false
base dir name: ['', '4T', 'CXY', 'MV-Painter', 'data', 'train_data']
alpha count: 240864 254498
reverse false
base dir name: ['', '4T', 'CXY', 'MV-Painter', 'data', 'train_data']
alpha count: 255556 252288
reverse true
base dir name: ['', '4T', 'CXY', 'MV-Painter', 'data', 'train_data']
alpha count: 258564 247703
reverse true
base dir name: ['', '4T', 'CXY', 'MV-Painter', 'data', 'train_data']
alpha count: 235574 235577
reverse false
[1380/2000] loss=0.0662 (ema 0.0945) lr=2.49e-05 grad=0.484 | fsc_modules=8.9e-03 gsg_modules=3.7e-01 ltag=1.8e-02 | 1.0s
base dir name: ['', '4T', 'CXY', 'MV-Painter', 'data', 'train_data']
alpha count: 259978 254544
reverse true
base dir name: ['', '4T', 'CXY', 'MV-Painter', 'data', 'train_data']
alpha count: 211629 174537
reverse true
base dir name: ['', '4T', 'CXY', 'MV-Painter', 'data', 'train_data']
alpha count: 234287 246488
reverse false
base dir name: ['', '4T', 'CXY', 'MV-Painter', 'data', 'train_data']
alpha count: 231987 255525
reverse false
base dir name: ['', '4T', 'CXY', 'MV-Painter', 'data', 'train_data']
alpha count: 217452 222620
reverse false
base dir name: ['', '4T', 'CXY', 'MV-Painter', 'data', 'train_data']
alpha count: 222117 181539
reverse true
base dir name: ['', '4T', 'CXY', 'MV-Painter', 'data', 'train_data']
alpha count: 158442 215059
reverse false
base dir name: ['', '4T', 'CXY', 'MV-Painter', 'data', 'train_data']
alpha count: 241148 256010
reverse false
base dir name: ['', '4T', 'CXY', 'MV-Painter', 'data', 'train_data']
alpha count: 204200 170926
reverse true
base dir name: ['', '4T', 'CXY', 'MV-Painter', 'data', 'train_data']
alpha count: 245605 183369
reverse true
base dir name: ['', '4T', 'CXY', 'MV-Painter', 'data', 'train_data']
alpha count: 262144 262037
reverse true
base dir name: ['', '4T', 'CXY', 'MV-Painter', 'data', 'train_data']
alpha count: 250645 253374
reverse false
base dir name: ['', '4T', 'CXY', 'MV-Painter', 'data', 'train_data']
alpha count: 247451 207967
reverse true
base dir name: ['', '4T', 'CXY', 'MV-Painter', 'data', 'train_data']
alpha count: 228360 194959
reverse true
base dir name: ['', '4T', 'CXY', 'MV-Painter', 'data', 'train_data']
alpha count: 246320 235742
reverse true
base dir name: ['', '4T', 'CXY', 'MV-Painter', 'data', 'train_data']
alpha count: 207427 239185
reverse false
base dir name: ['', '4T', 'CXY', 'MV-Painter', 'data', 'train_data']
alpha count: 213167 223701
reverse false
base dir name: ['', '4T', 'CXY', 'MV-Painter', 'data', 'train_data']
alpha count: 256085 249683
reverse true
base dir name: ['', '4T', 'CXY', 'MV-Painter', 'data', 'train_data']
alpha count: 229202 236733
reverse false
base dir name: ['', '4T', 'CXY', 'MV-Painter', 'data', 'train_data']
alpha count: 221967 181366
reverse true
[1400/2000] loss=0.0574 (ema 0.0883) lr=2.35e-05 grad=0.189 | fsc_modules=3.9e-03 gsg_modules=1.7e-01 ltag=6.6e-03 | 1.4s
base dir name: ['', '4T', 'CXY', 'MV-Painter', 'data', 'train_data']
alpha count: 262144 262144
reverse false
OpenCV(4.13.0) /io/opencv/modules/imgproc/src/resize.cpp:4208: error: (-215:Assertion failed) !ssize.empty() in function 'resize'

wrong path: /4T/CXY/MV-Painter/data/train_data/rendered_full/266a04b8716d497fab57d33eb184b0bd/image
base dir name: ['', '4T', 'CXY', 'MV-Painter', 'data', 'train_data']
alpha count: 245101 250209
reverse false
base dir name: ['', '4T', 'CXY', 'MV-Painter', 'data', 'train_data']
alpha count: 249536 214947
reverse true
base dir name: ['', '4T', 'CXY', 'MV-Painter', 'data', 'train_data']
alpha count: 239408 251818
reverse false
base dir name: ['', '4T', 'CXY', 'MV-Painter', 'data', 'train_data']
alpha count: 169695 210511
reverse false
base dir name: ['', '4T', 'CXY', 'MV-Painter', 'data', 'train_data']
alpha count: 227931 206577
reverse true
base dir name: ['', '4T', 'CXY', 'MV-Painter', 'data', 'train_data']libpng warning: eXIf: duplicate
libpng warning: eXIf: duplicate
libpng warning: eXIf: duplicate
libpng warning: eXIf: duplicate
libpng warning: eXIf: duplicate
libpng warning: eXIf: duplicate
libpng warning: eXIf: duplicate
libpng warning: eXIf: duplicate
libpng warning: eXIf: duplicate
libpng warning: eXIf: duplicate
libpng warning: eXIf: duplicate
libpng warning: eXIf: duplicate
libpng warning: eXIf: duplicate
libpng warning: eXIf: duplicate
libpng warning: eXIf: duplicate
libpng warning: eXIf: duplicate
libpng warning: eXIf: duplicate
libpng warning: eXIf: duplicate
libpng warning: eXIf: duplicate
libpng warning: eXIf: duplicate
libpng warning: eXIf: duplicate
libpng warning: eXIf: duplicate
libpng warning: eXIf: duplicate
libpng warning: eXIf: duplicate
libpng warning: eXIf: duplicate
libpng warning: eXIf: duplicate
libpng warning: eXIf: duplicate
libpng warning: eXIf: duplicate
libpng warning: eXIf: duplicate
libpng warning: eXIf: duplicate
libpng warning: eXIf: duplicate
libpng warning: eXIf: duplicate
libpng warning: eXIf: duplicate
libpng warning: eXIf: duplicate
libpng warning: eXIf: duplicate
libpng warning: eXIf: duplicate
libpng warning: eXIf: duplicate
libpng warning: eXIf: duplicate
libpng warning: eXIf: duplicate
libpng warning: eXIf: duplicate
libpng warning: eXIf: duplicate
libpng warning: eXIf: duplicate
libpng warning: eXIf: duplicate
libpng warning: eXIf: duplicate
libpng warning: eXIf: duplicate
libpng warning: eXIf: duplicate
libpng warning: eXIf: duplicate
libpng warning: eXIf: duplicate
libpng warning: eXIf: duplicate
libpng warning: eXIf: duplicate
libpng warning: eXIf: duplicate
libpng warning: eXIf: duplicate
libpng warning: eXIf: duplicate
libpng warning: eXIf: duplicate
libpng warning: eXIf: duplicate
libpng warning: eXIf: duplicate
libpng warning: eXIf: duplicate
libpng warning: eXIf: duplicate
libpng warning: eXIf: duplicate
libpng warning: eXIf: duplicate
libpng warning: eXIf: duplicate
libpng warning: eXIf: duplicate
libpng warning: eXIf: duplicate
libpng warning: eXIf: duplicate
libpng warning: eXIf: duplicate
libpng warning: eXIf: duplicate
libpng warning: eXIf: duplicate
libpng warning: eXIf: duplicate
libpng warning: eXIf: duplicate
libpng warning: eXIf: duplicate
libpng warning: eXIf: duplicate
libpng warning: eXIf: duplicate
libpng warning: eXIf: duplicate
libpng warning: eXIf: duplicate
libpng warning: eXIf: duplicate
libpng warning: eXIf: duplicate
libpng warning: eXIf: duplicate
libpng warning: eXIf: duplicate
libpng warning: eXIf: duplicate
libpng warning: eXIf: duplicate
libpng warning: eXIf: duplicate
libpng warning: eXIf: duplicate
libpng warning: eXIf: duplicate
libpng warning: eXIf: duplicate
libpng warning: eXIf: duplicate
libpng warning: eXIf: duplicate
libpng warning: eXIf: duplicate
libpng warning: eXIf: duplicate
libpng warning: eXIf: duplicate
libpng warning: eXIf: duplicate
libpng warning: eXIf: duplicate
libpng warning: eXIf: duplicate
libpng warning: eXIf: duplicate
libpng warning: eXIf: duplicate
libpng warning: eXIf: duplicate
libpng warning: eXIf: duplicate
libpng warning: eXIf: duplicate
libpng warning: eXIf: duplicate
libpng warning: eXIf: duplicate
libpng warning: eXIf: duplicate
libpng warning: eXIf: duplicate
libpng warning: eXIf: duplicate
libpng warning: eXIf: duplicate
libpng warning: eXIf: duplicate
libpng warning: eXIf: duplicate
libpng warning: eXIf: duplicate
libpng warning: eXIf: duplicate
libpng warning: eXIf: duplicate
libpng warning: eXIf: duplicate
libpng warning: eXIf: duplicate
libpng warning: eXIf: duplicate
libpng warning: eXIf: duplicate
libpng warning: eXIf: duplicate
libpng warning: eXIf: duplicate
libpng warning: eXIf: duplicate
libpng warning: eXIf: duplicate
libpng warning: eXIf: duplicate
libpng warning: eXIf: duplicate
libpng warning: eXIf: duplicate
libpng warning: eXIf: duplicate
libpng warning: eXIf: duplicate
libpng warning: eXIf: duplicate
libpng warning: eXIf: duplicate
libpng warning: eXIf: duplicate
libpng warning: eXIf: duplicate
libpng warning: eXIf: duplicate
libpng warning: eXIf: duplicate
libpng warning: eXIf: duplicate
libpng warning: eXIf: duplicate
libpng warning: eXIf: duplicate
libpng warning: eXIf: duplicate
libpng warning: eXIf: duplicate
libpng warning: eXIf: duplicate
libpng warning: eXIf: duplicate
libpng warning: eXIf: duplicate
libpng warning: eXIf: duplicate
libpng warning: eXIf: duplicate
libpng warning: eXIf: duplicate
libpng warning: eXIf: duplicate
libpng warning: eXIf: duplicate
libpng warning: eXIf: duplicate
libpng warning: eXIf: duplicate
libpng warning: eXIf: duplicate
libpng warning: eXIf: duplicate
libpng warning: eXIf: duplicate
libpng warning: eXIf: duplicate
libpng warning: eXIf: duplicate
libpng warning: eXIf: duplicate
libpng warning: eXIf: duplicate
libpng warning: eXIf: duplicate
libpng warning: eXIf: duplicate
libpng warning: eXIf: duplicate
libpng warning: eXIf: duplicate
libpng warning: eXIf: duplicate
libpng warning: eXIf: duplicate
libpng warning: eXIf: duplicate
libpng warning: eXIf: duplicate
libpng warning: eXIf: duplicate
libpng warning: eXIf: duplicate
libpng warning: eXIf: duplicate
libpng warning: eXIf: duplicate
libpng warning: eXIf: duplicate
libpng warning: eXIf: duplicate
libpng warning: eXIf: duplicate
libpng warning: eXIf: duplicate
libpng warning: eXIf: duplicate
libpng warning: eXIf: duplicate
libpng warning: eXIf: duplicate
libpng warning: eXIf: duplicate
libpng warning: eXIf: duplicate
libpng warning: eXIf: duplicate
libpng warning: eXIf: duplicate
libpng warning: eXIf: duplicate
libpng warning: eXIf: duplicate
libpng warning: eXIf: duplicate
libpng warning: eXIf: duplicate
libpng warning: eXIf: duplicate
libpng warning: eXIf: duplicate
libpng warning: eXIf: duplicate
libpng warning: eXIf: duplicate
libpng warning: eXIf: duplicate
libpng warning: eXIf: duplicate
libpng warning: eXIf: duplicate
libpng warning: eXIf: duplicate
libpng warning: eXIf: duplicate
libpng warning: eXIf: duplicate
libpng warning: eXIf: duplicate
libpng warning: eXIf: duplicate
libpng warning: eXIf: duplicate
libpng warning: eXIf: duplicate
libpng warning: eXIf: duplicate
libpng warning: eXIf: duplicate
libpng warning: eXIf: duplicate
libpng warning: eXIf: duplicate
libpng warning: eXIf: duplicate
libpng warning: eXIf: duplicate
libpng warning: eXIf: duplicate
libpng warning: eXIf: duplicate
libpng warning: eXIf: duplicate
libpng warning: eXIf: duplicate
libpng warning: eXIf: duplicate
libpng warning: eXIf: duplicate
libpng warning: eXIf: duplicate
libpng warning: eXIf: duplicate
libpng warning: eXIf: duplicate
libpng warning: eXIf: duplicate
libpng warning: eXIf: duplicate
libpng warning: eXIf: duplicate
libpng warning: eXIf: duplicate
libpng warning: eXIf: duplicate
libpng warning: eXIf: duplicate
libpng warning: eXIf: duplicate
libpng warning: eXIf: duplicate
libpng warning: eXIf: duplicate
libpng warning: eXIf: duplicate
libpng warning: eXIf: duplicate
libpng warning: eXIf: duplicate
libpng warning: eXIf: duplicate
libpng warning: eXIf: duplicate
libpng warning: eXIf: duplicate
libpng warning: eXIf: duplicate
libpng warning: eXIf: duplicate
libpng warning: eXIf: duplicate
libpng warning: eXIf: duplicate
libpng warning: eXIf: duplicate
libpng warning: eXIf: duplicate
libpng warning: eXIf: duplicate
libpng warning: eXIf: duplicate
libpng warning: eXIf: duplicate
libpng warning: eXIf: duplicate
libpng warning: eXIf: duplicate
libpng warning: eXIf: duplicate
libpng warning: eXIf: duplicate
libpng warning: eXIf: duplicate
libpng warning: eXIf: duplicate
libpng warning: eXIf: duplicate
libpng warning: eXIf: duplicate
libpng warning: eXIf: duplicate
libpng warning: eXIf: duplicate
libpng warning: eXIf: duplicate
libpng warning: eXIf: duplicate
libpng warning: eXIf: duplicate
libpng warning: eXIf: duplicate
libpng warning: eXIf: duplicate
libpng warning: eXIf: duplicate
libpng warning: eXIf: duplicate
libpng warning: eXIf: duplicate
libpng warning: eXIf: duplicate
libpng warning: eXIf: duplicate
libpng warning: eXIf: duplicate
libpng warning: eXIf: duplicate
libpng warning: eXIf: duplicate
libpng warning: eXIf: duplicate
libpng warning: eXIf: duplicate
libpng warning: eXIf: duplicate
libpng warning: eXIf: duplicate
libpng warning: eXIf: duplicate
libpng warning: eXIf: duplicate
libpng warning: eXIf: duplicate
libpng warning: eXIf: duplicate
libpng warning: eXIf: duplicate
libpng warning: eXIf: duplicate
libpng warning: eXIf: duplicate
libpng warning: eXIf: duplicate
libpng warning: eXIf: duplicate
libpng warning: eXIf: duplicate
libpng warning: eXIf: duplicate
libpng warning: eXIf: duplicate
libpng warning: eXIf: duplicate
libpng warning: eXIf: duplicate
libpng warning: eXIf: duplicate
libpng warning: eXIf: duplicate
libpng warning: eXIf: duplicate
libpng warning: eXIf: duplicate
libpng warning: eXIf: duplicate
libpng warning: eXIf: duplicate
libpng warning: eXIf: duplicate
libpng warning: eXIf: duplicate
libpng warning: eXIf: duplicate
libpng warning: eXIf: duplicate
libpng warning: eXIf: duplicate
libpng warning: eXIf: duplicate
libpng warning: eXIf: duplicate
libpng warning: eXIf: duplicate
libpng warning: eXIf: duplicate
libpng warning: eXIf: duplicate
libpng warning: eXIf: duplicate
libpng warning: eXIf: duplicate
libpng warning: eXIf: duplicate
libpng warning: eXIf: duplicate
libpng warning: eXIf: duplicate
libpng warning: eXIf: duplicate
libpng warning: eXIf: duplicate
libpng warning: eXIf: duplicate
libpng warning: eXIf: duplicate
libpng warning: eXIf: duplicate
libpng warning: eXIf: duplicate
libpng warning: eXIf: duplicate
libpng warning: eXIf: duplicate
libpng warning: eXIf: duplicate
libpng warning: eXIf: duplicate
libpng warning: eXIf: duplicate
libpng warning: eXIf: duplicate
libpng warning: eXIf: duplicate
libpng warning: eXIf: duplicate
libpng warning: eXIf: duplicate
libpng warning: eXIf: duplicate
libpng warning: eXIf: duplicate
libpng warning: eXIf: duplicate
libpng warning: eXIf: duplicate
libpng warning: eXIf: duplicate
libpng warning: eXIf: duplicate
libpng warning: eXIf: duplicate
libpng warning: eXIf: duplicate
libpng warning: eXIf: duplicate
libpng warning: eXIf: duplicate
libpng warning: eXIf: duplicate
libpng warning: eXIf: duplicate
libpng warning: eXIf: duplicate
libpng warning: eXIf: duplicate
libpng warning: eXIf: duplicate
libpng warning: eXIf: duplicate
libpng warning: eXIf: duplicate
libpng warning: eXIf: duplicate
libpng warning: eXIf: duplicate
libpng warning: eXIf: duplicate
libpng warning: eXIf: duplicate
libpng warning: eXIf: duplicate
libpng warning: eXIf: duplicate
libpng warning: eXIf: duplicate
libpng warning: eXIf: duplicate
libpng warning: eXIf: duplicate
libpng warning: eXIf: duplicate
libpng warning: eXIf: duplicate
libpng warning: eXIf: duplicate
libpng warning: eXIf: duplicate
libpng warning: eXIf: duplicate
libpng warning: eXIf: duplicate
libpng warning: eXIf: duplicate
libpng warning: eXIf: duplicate
libpng warning: eXIf: duplicate
libpng warning: eXIf: duplicate
libpng warning: eXIf: duplicate
libpng warning: eXIf: duplicate
libpng warning: eXIf: duplicate
libpng warning: eXIf: duplicate
libpng warning: eXIf: duplicate
libpng warning: eXIf: duplicate
libpng warning: eXIf: duplicate
libpng warning: eXIf: duplicate
libpng warning: eXIf: duplicate
libpng warning: eXIf: duplicate
libpng warning: eXIf: duplicate
libpng warning: eXIf: duplicate
libpng warning: eXIf: duplicate
libpng warning: eXIf: duplicate
libpng warning: eXIf: duplicate
libpng warning: eXIf: duplicate
libpng warning: eXIf: duplicate
libpng warning: eXIf: duplicate
libpng warning: eXIf: duplicate
libpng warning: eXIf: duplicate
libpng warning: eXIf: duplicate
libpng warning: eXIf: duplicate
libpng warning: eXIf: duplicate
libpng warning: eXIf: duplicate
libpng warning: eXIf: duplicate
libpng warning: eXIf: duplicate
libpng warning: eXIf: duplicate
libpng warning: eXIf: duplicate
libpng warning: eXIf: duplicate
libpng warning: eXIf: duplicate
libpng warning: eXIf: duplicate
libpng warning: eXIf: duplicate
libpng warning: eXIf: duplicate
libpng warning: eXIf: duplicate
libpng warning: eXIf: duplicate
libpng warning: eXIf: duplicate
libpng warning: eXIf: duplicate
libpng warning: eXIf: duplicate
libpng warning: eXIf: duplicate
libpng warning: eXIf: duplicate
libpng warning: eXIf: duplicate
libpng warning: eXIf: duplicate
libpng warning: eXIf: duplicate
libpng warning: eXIf: duplicate
libpng warning: eXIf: duplicate
libpng warning: eXIf: duplicate
libpng warning: eXIf: duplicate
libpng warning: eXIf: duplicate
libpng warning: eXIf: duplicate
libpng warning: eXIf: duplicate
libpng warning: eXIf: duplicate
libpng warning: eXIf: duplicate
libpng warning: eXIf: duplicate
libpng warning: eXIf: duplicate
libpng warning: eXIf: duplicate
libpng warning: eXIf: duplicate
libpng warning: eXIf: duplicate
libpng warning: eXIf: duplicate
libpng warning: eXIf: duplicate
libpng warning: eXIf: duplicate
libpng warning: eXIf: duplicate
libpng warning: eXIf: duplicate
libpng warning: eXIf: duplicate
libpng warning: eXIf: duplicate
libpng warning: eXIf: duplicate
libpng warning: eXIf: duplicate
libpng warning: eXIf: duplicate
libpng warning: eXIf: duplicate
libpng warning: eXIf: duplicate
libpng warning: eXIf: duplicate
libpng warning: eXIf: duplicate
libpng warning: eXIf: duplicate
libpng warning: eXIf: duplicate
libpng warning: eXIf: duplicate
libpng warning: eXIf: duplicate
libpng warning: eXIf: duplicate
libpng warning: eXIf: duplicate
libpng warning: eXIf: duplicate
libpng warning: eXIf: duplicate
libpng warning: eXIf: duplicate
libpng warning: eXIf: duplicate
libpng warning: eXIf: duplicate
libpng warning: eXIf: duplicate
libpng warning: eXIf: duplicate
libpng warning: eXIf: duplicate
libpng warning: eXIf: duplicate
libpng warning: eXIf: duplicate
libpng warning: eXIf: duplicate
libpng warning: eXIf: duplicate
libpng warning: eXIf: duplicate
libpng warning: eXIf: duplicate
libpng warning: eXIf: duplicate
libpng warning: eXIf: duplicate
libpng warning: eXIf: duplicate
libpng warning: eXIf: duplicate
libpng warning: eXIf: duplicate
libpng warning: eXIf: duplicate
libpng warning: eXIf: duplicate
libpng warning: eXIf: duplicate
libpng warning: eXIf: duplicate
libpng warning: eXIf: duplicate
libpng warning: eXIf: duplicate
libpng warning: eXIf: duplicate
libpng warning: eXIf: duplicate
libpng warning: eXIf: duplicate
libpng warning: eXIf: duplicate
libpng warning: eXIf: duplicate
libpng warning: eXIf: duplicate
libpng warning: eXIf: duplicate
libpng warning: eXIf: duplicate
libpng warning: eXIf: duplicate
libpng warning: eXIf: duplicate
libpng warning: eXIf: duplicate
libpng warning: eXIf: duplicate
libpng warning: eXIf: duplicate
libpng warning: eXIf: duplicate
libpng warning: eXIf: duplicate
libpng warning: eXIf: duplicate
libpng warning: eXIf: duplicate
libpng warning: eXIf: duplicate
libpng warning: eXIf: duplicate
libpng warning: eXIf: duplicate
libpng warning: eXIf: duplicate
libpng warning: eXIf: duplicate
libpng warning: eXIf: duplicate
libpng warning: eXIf: duplicate
libpng warning: eXIf: duplicate
libpng warning: eXIf: duplicate
libpng warning: eXIf: duplicate
libpng warning: eXIf: duplicate
libpng warning: eXIf: duplicate
libpng warning: eXIf: duplicate
libpng warning: eXIf: duplicate
libpng warning: eXIf: duplicate
libpng warning: eXIf: duplicate
libpng warning: eXIf: duplicate
libpng warning: eXIf: duplicate
libpng warning: eXIf: duplicate
libpng warning: eXIf: duplicate
libpng warning: eXIf: duplicate
libpng warning: eXIf: duplicate
libpng warning: eXIf: duplicate
libpng warning: eXIf: duplicate
libpng warning: eXIf: duplicate
libpng warning: eXIf: duplicate
libpng warning: eXIf: duplicate
libpng warning: eXIf: duplicate
libpng warning: eXIf: duplicate
libpng warning: eXIf: duplicate
libpng warning: eXIf: duplicate
libpng warning: eXIf: duplicate
libpng warning: eXIf: duplicate
libpng warning: eXIf: duplicate
libpng warning: eXIf: duplicate
libpng warning: eXIf: duplicate
libpng warning: eXIf: duplicate
libpng warning: eXIf: duplicate
libpng warning: eXIf: duplicate
libpng warning: eXIf: duplicate
libpng warning: eXIf: duplicate
libpng warning: eXIf: duplicate
libpng warning: eXIf: duplicate
libpng warning: eXIf: duplicate
libpng warning: eXIf: duplicate
libpng warning: eXIf: duplicate
libpng warning: eXIf: duplicate
libpng warning: eXIf: duplicate
libpng warning: eXIf: duplicate
libpng warning: eXIf: duplicate
libpng warning: eXIf: duplicate
libpng warning: eXIf: duplicate
libpng warning: eXIf: duplicate
libpng warning: eXIf: duplicate
libpng warning: eXIf: duplicate
libpng warning: eXIf: duplicate
libpng warning: eXIf: duplicate
libpng warning: eXIf: duplicate
libpng warning: eXIf: duplicate
libpng warning: eXIf: duplicate
libpng warning: eXIf: duplicate
libpng warning: eXIf: duplicate
libpng warning: eXIf: duplicate
libpng warning: eXIf: duplicate
libpng warning: eXIf: duplicate
libpng warning: eXIf: duplicate
libpng warning: eXIf: duplicate
libpng warning: eXIf: duplicate
libpng warning: eXIf: duplicate
libpng warning: eXIf: duplicate
libpng warning: eXIf: duplicate
libpng warning: eXIf: duplicate
libpng warning: eXIf: duplicate
libpng warning: eXIf: duplicate
libpng warning: eXIf: duplicate
libpng warning: eXIf: duplicate
libpng warning: eXIf: duplicate
libpng warning: eXIf: duplicate
libpng warning: eXIf: duplicate
libpng warning: eXIf: duplicate
libpng warning: eXIf: duplicate
libpng warning: eXIf: duplicate
libpng warning: eXIf: duplicate
libpng warning: eXIf: duplicate
libpng warning: eXIf: duplicate
libpng warning: eXIf: duplicate
libpng warning: eXIf: duplicate
libpng warning: eXIf: duplicate
libpng warning: eXIf: duplicate
libpng warning: eXIf: duplicate
libpng warning: eXIf: duplicate
libpng warning: eXIf: duplicate
libpng warning: eXIf: duplicate
libpng warning: eXIf: duplicate
libpng warning: eXIf: duplicate
libpng warning: eXIf: duplicate
libpng warning: eXIf: duplicate
libpng warning: eXIf: duplicate
libpng warning: eXIf: duplicate
libpng warning: eXIf: duplicate
libpng warning: eXIf: duplicate
libpng warning: eXIf: duplicate
libpng warning: eXIf: duplicate
libpng warning: eXIf: duplicate
libpng warning: eXIf: duplicate
libpng warning: eXIf: duplicate
libpng warning: eXIf: duplicate
libpng warning: eXIf: duplicate
libpng warning: eXIf: duplicate
libpng warning: eXIf: duplicate
libpng warning: eXIf: duplicate
libpng warning: eXIf: duplicate
libpng warning: eXIf: duplicate
libpng warning: eXIf: duplicate
libpng warning: eXIf: duplicate
libpng warning: eXIf: duplicate
libpng warning: eXIf: duplicate
libpng warning: eXIf: duplicate
libpng warning: eXIf: duplicate
libpng warning: eXIf: duplicate
libpng warning: eXIf: duplicate
libpng warning: eXIf: duplicate
libpng warning: eXIf: duplicate
libpng warning: eXIf: duplicate
libpng warning: eXIf: duplicate
libpng warning: eXIf: duplicate
libpng warning: eXIf: duplicate
libpng warning: eXIf: duplicate
libpng warning: eXIf: duplicate
libpng warning: eXIf: duplicate
libpng warning: eXIf: duplicate
libpng warning: eXIf: duplicate
libpng warning: eXIf: duplicate
libpng warning: eXIf: duplicate
libpng warning: eXIf: duplicate
libpng warning: eXIf: duplicate
libpng warning: eXIf: duplicate
libpng warning: eXIf: duplicate
libpng warning: eXIf: duplicate
libpng warning: eXIf: duplicate
libpng warning: eXIf: duplicate
libpng warning: eXIf: duplicate
libpng warning: eXIf: duplicate
libpng warning: eXIf: duplicate
libpng warning: eXIf: duplicate
libpng warning: eXIf: duplicate
libpng warning: eXIf: duplicate
libpng warning: eXIf: duplicate
libpng warning: eXIf: duplicate
libpng warning: eXIf: duplicate
libpng warning: eXIf: duplicate
libpng warning: eXIf: duplicate
libpng warning: eXIf: duplicate
libpng warning: eXIf: duplicate
libpng warning: eXIf: duplicate
libpng warning: eXIf: duplicate
libpng warning: eXIf: duplicate
libpng warning: eXIf: duplicate
libpng warning: eXIf: duplicate
libpng warning: eXIf: duplicate
libpng warning: eXIf: duplicate
libpng warning: eXIf: duplicate
libpng warning: eXIf: duplicate
libpng warning: eXIf: duplicate
libpng warning: eXIf: duplicate
libpng warning: eXIf: duplicate
libpng warning: eXIf: duplicate
libpng warning: eXIf: duplicate
libpng warning: eXIf: duplicate
libpng warning: eXIf: duplicate
libpng warning: eXIf: duplicate
libpng warning: eXIf: duplicate
libpng warning: eXIf: duplicate
libpng warning: eXIf: duplicate
libpng warning: eXIf: duplicate
libpng warning: eXIf: duplicate
libpng warning: eXIf: duplicate
libpng warning: eXIf: duplicate
libpng warning: eXIf: duplicate
libpng warning: eXIf: duplicate
libpng warning: eXIf: duplicate
libpng warning: eXIf: duplicate
libpng warning: eXIf: duplicate
libpng warning: eXIf: duplicate
libpng warning: eXIf: duplicate
libpng warning: eXIf: duplicate
libpng warning: eXIf: duplicate

alpha count: 240822 252311
reverse false
base dir name: ['', '4T', 'CXY', 'MV-Painter', 'data', 'train_data']
alpha count: 237939 238913
reverse false
base dir name: ['', '4T', 'CXY', 'MV-Painter', 'data', 'train_data']
alpha count: 210279 210231
reverse true
base dir name: ['', '4T', 'CXY', 'MV-Painter', 'data', 'train_data']
alpha count: 239685 234087
reverse true
base dir name: ['', '4T', 'CXY', 'MV-Painter', 'data', 'train_data']
alpha count: 246182 238068
reverse true
base dir name: ['', '4T', 'CXY', 'MV-Painter', 'data', 'train_data']
alpha count: 221854 218612
reverse true
base dir name: ['', '4T', 'CXY', 'MV-Painter', 'data', 'train_data']
alpha count: 198918 198775
reverse true
base dir name: ['', '4T', 'CXY', 'MV-Painter', 'data', 'train_data']
alpha count: 228473 244155
reverse false
base dir name: ['', '4T', 'CXY', 'MV-Painter', 'data', 'train_data']
alpha count: 252132 245672
reverse true
base dir name: ['', '4T', 'CXY', 'MV-Painter', 'data', 'train_data']
alpha count: 229530 182256
reverse true
base dir name: ['', '4T', 'CXY', 'MV-Painter', 'data', 'train_data']
alpha count: 237126 210908
reverse true
base dir name: ['', '4T', 'CXY', 'MV-Painter', 'data', 'train_data']
alpha count: 182133 179087
reverse true
base dir name: ['', '4T', 'CXY', 'MV-Painter', 'data', 'train_data']
alpha count: 259675 250178
reverse true
base dir name: ['', '4T', 'CXY', 'MV-Painter', 'data', 'train_data']
alpha count: 223072 216285
reverse true
base dir name: ['', '4T', 'CXY', 'MV-Painter', 'data', 'train_data']
alpha count: 245087 239467
reverse true
[1420/2000] loss=0.0168 (ema 0.0856) lr=2.21e-05 grad=0.138 | fsc_modules=4.8e-03 gsg_modules=8.1e-02 ltag=9.1e-03 | 1.2s
base dir name: ['', '4T', 'CXY', 'MV-Painter', 'data', 'train_data']
alpha count: 209413 215391
reverse false
base dir name: ['', '4T', 'CXY', 'MV-Painter', 'data', 'train_data']
alpha count: 201209 216147
reverse false
base dir name: ['', '4T', 'CXY', 'MV-Painter', 'data', 'train_data']
alpha count: 244003 179785
reverse true
base dir name: ['', '4T', 'CXY', 'MV-Painter', 'data', 'train_data']
alpha count: 227442 226921
reverse true
base dir name: ['', '4T', 'CXY', 'MV-Painter', 'data', 'train_data']
alpha count: 236351 217949
reverse true
base dir name: ['', '4T', 'CXY', 'MV-Painter', 'data', 'train_data']
alpha count: 244704 244703
reverse true
base dir name: ['', '4T', 'CXY', 'MV-Painter', 'data', 'train_data']
alpha count: 249161 249160
reverse true
base dir name: ['', '4T', 'CXY', 'MV-Painter', 'data', 'train_data']
alpha count: 231911 246244
reverse false
base dir name: ['', '4T', 'CXY', 'MV-Painter', 'data', 'train_data']
alpha count: 236031 240317
reverse false
base dir name: ['', '4T', 'CXY', 'MV-Painter', 'data', 'train_data']
alpha count: 250825 245795
reverse true
base dir name: ['', '4T', 'CXY', 'MV-Painter', 'data', 'train_data']
alpha count: 238375 248938
reverse false
base dir name: ['', '4T', 'CXY', 'MV-Painter', 'data', 'train_data']
alpha count: 189654 191761
reverse false
base dir name: ['', '4T', 'CXY', 'MV-Painter', 'data', 'train_data']
alpha count: 198214 177462
reverse true
base dir name: ['', '4T', 'CXY', 'MV-Painter', 'data', 'train_data']
alpha count: 246732 227796
reverse true
base dir name: ['', '4T', 'CXY', 'MV-Painter', 'data', 'train_data']
alpha count: 233539 225069
reverse true
base dir name: ['', '4T', 'CXY', 'MV-Painter', 'data', 'train_data']
alpha count: 231168 212818
reverse true
base dir name: ['', '4T', 'CXY', 'MV-Painter', 'data', 'train_data']
alpha count: 176003 176004
reverse false
base dir name: ['', '4T', 'CXY', 'MV-Painter', 'data', 'train_data']
alpha count: 224209 233590
reverse false
base dir name: ['', '4T', 'CXY', 'MV-Painter', 'data', 'train_data']
alpha count: 228358 209865
reverse true
base dir name: ['', '4T', 'CXY', 'MV-Painter', 'data', 'train_data']
alpha count: 205248 205239
reverse true
[1440/2000] loss=0.0093 (ema 0.0879) lr=2.08e-05 grad=0.293 | fsc_modules=9.7e-03 gsg_modules=2.1e-01 ltag=1.4e-02 | 1.1s
base dir name: ['', '4T', 'CXY', 'MV-Painter', 'data', 'train_data']
alpha count: 213117 211209
reverse true
base dir name: ['', '4T', 'CXY', 'MV-Painter', 'data', 'train_data']
alpha count: 250084 234099
reverse true
base dir name: ['', '4T', 'CXY', 'MV-Painter', 'data', 'train_data']
alpha count: 208705 213715
reverse false
base dir name: ['', '4T', 'CXY', 'MV-Painter', 'data', 'train_data']
alpha count: 158225 158225
reverse false
base dir name: ['', '4T', 'CXY', 'MV-Painter', 'data', 'train_data']
alpha count: 226672 242123
reverse false
base dir name: ['', '4T', 'CXY', 'MV-Painter', 'data', 'train_data']
alpha count: 174155 188309
reverse false
base dir name: ['', '4T', 'CXY', 'MV-Painter', 'data', 'train_data']
alpha count: 247532 241896
reverse true
base dir name: ['', '4T', 'CXY', 'MV-Painter', 'data', 'train_data']
alpha count: 255985 238204
reverse true
base dir name: ['', '4T', 'CXY', 'MV-Painter', 'data', 'train_data']
alpha count: 226382 229452
reverse false
base dir name: ['', '4T', 'CXY', 'MV-Painter', 'data', 'train_data']
alpha count: 247407 239698
reverse true
base dir name: ['', '4T', 'CXY', 'MV-Painter', 'data', 'train_data']
alpha count: 226345 233989
reverse false
base dir name: ['', '4T', 'CXY', 'MV-Painter', 'data', 'train_data']
alpha count: 243734 232147
reverse true
base dir name: ['', '4T', 'CXY', 'MV-Painter', 'data', 'train_data']
alpha count: 216119 212705
reverse true
base dir name: ['', '4T', 'CXY', 'MV-Painter', 'data', 'train_data']
alpha count: 223727 239683
reverse false
base dir name: ['', '4T', 'CXY', 'MV-Painter', 'data', 'train_data']
alpha count: 214576 239518
reverse false
base dir name: ['', '4T', 'CXY', 'MV-Painter', 'data', 'train_data']
alpha count: 257281 244412
reverse true
base dir name: ['', '4T', 'CXY', 'MV-Painter', 'data', 'train_data']
alpha count: 248471 244751
reverse true
base dir name: ['', '4T', 'CXY', 'MV-Painter', 'data', 'train_data']
alpha count: 219671 213626
reverse true
base dir name: ['', '4T', 'CXY', 'MV-Painter', 'data', 'train_data']
alpha count: 225262 185581
reverse true
base dir name: ['', '4T', 'CXY', 'MV-Painter', 'data', 'train_data']
alpha count: 196172 174806
reverse true
[1460/2000] loss=0.0518 (ema 0.0852) lr=1.95e-05 grad=0.074 | fsc_modules=1.4e-03 gsg_modules=4.5e-02 ltag=3.7e-03 | 1.2s
base dir name: ['', '4T', 'CXY', 'MV-Painter', 'data', 'train_data']
alpha count: 235603 229718
reverse true
base dir name: ['', '4T', 'CXY', 'MV-Painter', 'data', 'train_data']
alpha count: 230876 226733
reverse true
base dir name: ['', '4T', 'CXY', 'MV-Painter', 'data', 'train_data']
alpha count: 259187 209677
reverse true
base dir name: ['', '4T', 'CXY', 'MV-Painter', 'data', 'train_data']
alpha count: 232949 234493
reverse false
base dir name: ['', '4T', 'CXY', 'MV-Painter', 'data', 'train_data']
alpha count: 225708 237680
reverse false
base dir name: ['', '4T', 'CXY', 'MV-Painter', 'data', 'train_data']
alpha count: 163455 185799
reverse false
base dir name: ['', '4T', 'CXY', 'MV-Painter', 'data', 'train_data']
alpha count: 214873 221402
reverse false
base dir name: ['', '4T', 'CXY', 'MV-Painter', 'data', 'train_data']
alpha count: 256111 246917
reverse true
base dir name: ['', '4T', 'CXY', 'MV-Painter', 'data', 'train_data']
alpha count: 208069 208912
reverse false
base dir name: ['', '4T', 'CXY', 'MV-Painter', 'data', 'train_data']
alpha count: 227192 213295
reverse true
base dir name: ['', '4T', 'CXY', 'MV-Painter', 'data', 'train_data']
alpha count: 249571 237869
reverse true
base dir name: ['', '4T', 'CXY', 'MV-Painter', 'data', 'train_data']
alpha count: 230948 228776
reverse true
base dir name: ['', '4T', 'CXY', 'MV-Painter', 'data', 'train_data']
alpha count: 261949 261949
reverse false
base dir name: ['', '4T', 'CXY', 'MV-Painter', 'data', 'train_data']
alpha count: 209908 207931
reverse true
base dir name: ['', '4T', 'CXY', 'MV-Painter', 'data', 'train_data']
alpha count: 244204 219025
reverse true
base dir name: ['', '4T', 'CXY', 'MV-Painter', 'data', 'train_data']
alpha count: 218709 214304
reverse true
base dir name: ['', '4T', 'CXY', 'MV-Painter', 'data', 'train_data']
alpha count: 235208 238161
reverse false
base dir name: ['', '4T', 'CXY', 'MV-Painter', 'data', 'train_data']libpng warning: eXIf: duplicate
libpng warning: eXIf: duplicate
libpng warning: eXIf: duplicate
libpng warning: eXIf: duplicate
libpng warning: eXIf: duplicate
libpng warning: eXIf: duplicate
libpng warning: eXIf: duplicate
libpng warning: eXIf: duplicate
libpng warning: eXIf: duplicate
libpng warning: eXIf: duplicate
libpng warning: eXIf: duplicate
libpng warning: eXIf: duplicate
libpng warning: eXIf: duplicate
libpng warning: eXIf: duplicate
libpng warning: eXIf: duplicate
libpng warning: eXIf: duplicate
libpng warning: eXIf: duplicate
libpng warning: eXIf: duplicate
libpng warning: eXIf: duplicate
libpng warning: eXIf: duplicate
libpng warning: eXIf: duplicate
libpng warning: eXIf: duplicate
libpng warning: eXIf: duplicate
libpng warning: eXIf: duplicate
libpng warning: eXIf: duplicate
libpng warning: eXIf: duplicate
libpng warning: eXIf: duplicate
libpng warning: eXIf: duplicate
libpng warning: eXIf: duplicate
libpng warning: eXIf: duplicate
libpng warning: eXIf: duplicate
libpng warning: eXIf: duplicate
libpng warning: eXIf: duplicate
libpng warning: eXIf: duplicate
libpng warning: eXIf: duplicate
libpng warning: eXIf: duplicate
libpng warning: eXIf: duplicate
libpng warning: eXIf: duplicate
libpng warning: eXIf: duplicate
libpng warning: eXIf: duplicate
libpng warning: eXIf: duplicate
libpng warning: eXIf: duplicate
libpng warning: eXIf: duplicate
libpng warning: eXIf: duplicate
libpng warning: eXIf: duplicate
libpng warning: eXIf: duplicate
libpng warning: eXIf: duplicate
libpng warning: eXIf: duplicate
libpng warning: eXIf: duplicate
libpng warning: eXIf: duplicate
libpng warning: eXIf: duplicate
libpng warning: eXIf: duplicate
libpng warning: eXIf: duplicate
libpng warning: eXIf: duplicate
libpng warning: eXIf: duplicate
libpng warning: eXIf: duplicate
libpng warning: eXIf: duplicate
libpng warning: eXIf: duplicate
libpng warning: eXIf: duplicate
libpng warning: eXIf: duplicate
libpng warning: eXIf: duplicate
libpng warning: eXIf: duplicate
libpng warning: eXIf: duplicate
libpng warning: eXIf: duplicate
libpng warning: eXIf: duplicate
libpng warning: eXIf: duplicate
libpng warning: eXIf: duplicate
libpng warning: eXIf: duplicate
libpng warning: eXIf: duplicate
libpng warning: eXIf: duplicate
libpng warning: eXIf: duplicate
libpng warning: eXIf: duplicate
libpng warning: eXIf: duplicate
libpng warning: eXIf: duplicate
libpng warning: eXIf: duplicate
libpng warning: eXIf: duplicate
libpng warning: eXIf: duplicate
libpng warning: eXIf: duplicate
libpng warning: eXIf: duplicate
libpng warning: eXIf: duplicate
libpng warning: eXIf: duplicate
libpng warning: eXIf: duplicate
libpng warning: eXIf: duplicate
libpng warning: eXIf: duplicate
libpng warning: eXIf: duplicate
libpng warning: eXIf: duplicate
libpng warning: eXIf: duplicate
libpng warning: eXIf: duplicate
libpng warning: eXIf: duplicate
libpng warning: eXIf: duplicate
libpng warning: eXIf: duplicate
libpng warning: eXIf: duplicate
libpng warning: eXIf: duplicate
libpng warning: eXIf: duplicate
libpng warning: eXIf: duplicate
libpng warning: eXIf: duplicate
libpng warning: eXIf: duplicate
libpng warning: eXIf: duplicate
libpng warning: eXIf: duplicate
libpng warning: eXIf: duplicate
libpng warning: eXIf: duplicate
libpng warning: eXIf: duplicate
libpng warning: eXIf: duplicate
libpng warning: eXIf: duplicate
libpng warning: eXIf: duplicate
libpng warning: eXIf: duplicate
libpng warning: eXIf: duplicate
libpng warning: eXIf: duplicate
libpng warning: eXIf: duplicate
libpng warning: eXIf: duplicate
libpng warning: eXIf: duplicate
libpng warning: eXIf: duplicate
libpng warning: eXIf: duplicate
libpng warning: eXIf: duplicate
libpng warning: eXIf: duplicate
libpng warning: eXIf: duplicate
libpng warning: eXIf: duplicate
libpng warning: eXIf: duplicate
libpng warning: eXIf: duplicate
libpng warning: eXIf: duplicate
libpng warning: eXIf: duplicate
libpng warning: eXIf: duplicate
libpng warning: eXIf: duplicate
libpng warning: eXIf: duplicate
libpng warning: eXIf: duplicate
libpng warning: eXIf: duplicate
libpng warning: eXIf: duplicate
libpng warning: eXIf: duplicate
libpng warning: eXIf: duplicate
libpng warning: eXIf: duplicate
libpng warning: eXIf: duplicate
libpng warning: eXIf: duplicate
libpng warning: eXIf: duplicate
libpng warning: eXIf: duplicate
libpng warning: eXIf: duplicate
libpng warning: eXIf: duplicate
libpng warning: eXIf: duplicate
libpng warning: eXIf: duplicate
libpng warning: eXIf: duplicate
libpng warning: eXIf: duplicate
libpng warning: eXIf: duplicate
libpng warning: eXIf: duplicate
libpng warning: eXIf: duplicate
libpng warning: eXIf: duplicate
libpng warning: eXIf: duplicate
libpng warning: eXIf: duplicate
libpng warning: eXIf: duplicate
libpng warning: eXIf: duplicate
libpng warning: eXIf: duplicate
libpng warning: eXIf: duplicate
libpng warning: eXIf: duplicate
libpng warning: eXIf: duplicate
libpng warning: eXIf: duplicate
libpng warning: eXIf: duplicate
libpng warning: eXIf: duplicate
libpng warning: eXIf: duplicate
libpng warning: eXIf: duplicate
libpng warning: eXIf: duplicate
libpng warning: eXIf: duplicate
libpng warning: eXIf: duplicate
libpng warning: eXIf: duplicate
libpng warning: eXIf: duplicate
libpng warning: eXIf: duplicate
libpng warning: eXIf: duplicate
libpng warning: eXIf: duplicate
libpng warning: eXIf: duplicate
libpng warning: eXIf: duplicate
libpng warning: eXIf: duplicate
libpng warning: eXIf: duplicate
libpng warning: eXIf: duplicate
libpng warning: eXIf: duplicate
libpng warning: eXIf: duplicate
libpng warning: eXIf: duplicate
libpng warning: eXIf: duplicate
libpng warning: eXIf: duplicate
libpng warning: eXIf: duplicate
libpng warning: eXIf: duplicate
libpng warning: eXIf: duplicate
libpng warning: eXIf: duplicate
libpng warning: eXIf: duplicate
libpng warning: eXIf: duplicate
libpng warning: eXIf: duplicate
libpng warning: eXIf: duplicate
libpng warning: eXIf: duplicate
libpng warning: eXIf: duplicate
libpng warning: eXIf: duplicate
libpng warning: eXIf: duplicate
libpng warning: eXIf: duplicate
libpng warning: eXIf: duplicate
libpng warning: eXIf: duplicate
libpng warning: eXIf: duplicate
libpng warning: eXIf: duplicate
libpng warning: eXIf: duplicate
libpng warning: eXIf: duplicate
libpng warning: eXIf: duplicate
libpng warning: eXIf: duplicate
libpng warning: eXIf: duplicate
libpng warning: eXIf: duplicate
libpng warning: eXIf: duplicate
libpng warning: eXIf: duplicate
libpng warning: eXIf: duplicate
libpng warning: eXIf: duplicate
libpng warning: eXIf: duplicate
libpng warning: eXIf: duplicate
libpng warning: eXIf: duplicate
libpng warning: eXIf: duplicate
libpng warning: eXIf: duplicate
libpng warning: eXIf: duplicate
libpng warning: eXIf: duplicate
libpng warning: eXIf: duplicate
libpng warning: eXIf: duplicate
libpng warning: eXIf: duplicate
libpng warning: eXIf: duplicate
libpng warning: eXIf: duplicate
libpng warning: eXIf: duplicate
libpng warning: eXIf: duplicate
libpng warning: eXIf: duplicate
libpng warning: eXIf: duplicate
libpng warning: eXIf: duplicate
libpng warning: eXIf: duplicate
libpng warning: eXIf: duplicate
libpng warning: eXIf: duplicate
libpng warning: eXIf: duplicate
libpng warning: eXIf: duplicate
libpng warning: eXIf: duplicate
libpng warning: eXIf: duplicate
libpng warning: eXIf: duplicate
libpng warning: eXIf: duplicate
libpng warning: eXIf: duplicate
libpng warning: eXIf: duplicate
libpng warning: eXIf: duplicate
libpng warning: eXIf: duplicate
libpng warning: eXIf: duplicate
libpng warning: eXIf: duplicate
libpng warning: eXIf: duplicate
libpng warning: eXIf: duplicate
libpng warning: eXIf: duplicate
libpng warning: eXIf: duplicate
libpng warning: eXIf: duplicate
libpng warning: eXIf: duplicate
libpng warning: eXIf: duplicate
libpng warning: eXIf: duplicate
libpng warning: eXIf: duplicate
libpng warning: eXIf: duplicate
libpng warning: eXIf: duplicate
libpng warning: eXIf: duplicate
libpng warning: eXIf: duplicate
libpng warning: eXIf: duplicate
libpng warning: eXIf: duplicate
libpng warning: eXIf: duplicate
libpng warning: eXIf: duplicate
libpng warning: eXIf: duplicate
libpng warning: eXIf: duplicate
libpng warning: eXIf: duplicate
libpng warning: eXIf: duplicate
libpng warning: eXIf: duplicate
libpng warning: eXIf: duplicate
libpng warning: eXIf: duplicate
libpng warning: eXIf: duplicate
libpng warning: eXIf: duplicate
libpng warning: eXIf: duplicate
libpng warning: eXIf: duplicate
libpng warning: eXIf: duplicate
libpng warning: eXIf: duplicate
libpng warning: eXIf: duplicate
libpng warning: eXIf: duplicate
libpng warning: eXIf: duplicate
libpng warning: eXIf: duplicate
libpng warning: eXIf: duplicate
libpng warning: eXIf: duplicate
libpng warning: eXIf: duplicate
libpng warning: eXIf: duplicate
libpng warning: eXIf: duplicate
libpng warning: eXIf: duplicate
libpng warning: eXIf: duplicate
libpng warning: eXIf: duplicate
libpng warning: eXIf: duplicate
libpng warning: eXIf: duplicate
libpng warning: eXIf: duplicate
libpng warning: eXIf: duplicate
libpng warning: eXIf: duplicate
libpng warning: eXIf: duplicate
libpng warning: eXIf: duplicate
libpng warning: eXIf: duplicate
libpng warning: eXIf: duplicate
libpng warning: eXIf: duplicate
libpng warning: eXIf: duplicate
libpng warning: eXIf: duplicate
libpng warning: eXIf: duplicate
libpng warning: eXIf: duplicate
libpng warning: eXIf: duplicate
libpng warning: eXIf: duplicate
libpng warning: eXIf: duplicate
libpng warning: eXIf: duplicate
libpng warning: eXIf: duplicate
libpng warning: eXIf: duplicate
libpng warning: eXIf: duplicate
libpng warning: eXIf: duplicate
libpng warning: eXIf: duplicate
libpng warning: eXIf: duplicate
libpng warning: eXIf: duplicate
libpng warning: eXIf: duplicate
libpng warning: eXIf: duplicate
libpng warning: eXIf: duplicate
libpng warning: eXIf: duplicate
libpng warning: eXIf: duplicate
libpng warning: eXIf: duplicate
libpng warning: eXIf: duplicate
libpng warning: eXIf: duplicate
libpng warning: eXIf: duplicate
libpng warning: eXIf: duplicate
libpng warning: eXIf: duplicate
libpng warning: eXIf: duplicate
libpng warning: eXIf: duplicate
libpng warning: eXIf: duplicate
libpng warning: eXIf: duplicate
libpng warning: eXIf: duplicate
libpng warning: eXIf: duplicate
libpng warning: eXIf: duplicate
libpng warning: eXIf: duplicate
libpng warning: eXIf: duplicate
libpng warning: eXIf: duplicate
libpng warning: eXIf: duplicate
libpng warning: eXIf: duplicate
libpng warning: eXIf: duplicate
libpng warning: eXIf: duplicate
libpng warning: eXIf: duplicate
libpng warning: eXIf: duplicate
libpng warning: eXIf: duplicate
libpng warning: eXIf: duplicate
libpng warning: eXIf: duplicate
libpng warning: eXIf: duplicate
libpng warning: eXIf: duplicate
libpng warning: eXIf: duplicate
libpng warning: eXIf: duplicate
libpng warning: eXIf: duplicate
libpng warning: eXIf: duplicate
libpng warning: eXIf: duplicate
libpng warning: eXIf: duplicate
libpng warning: eXIf: duplicate
libpng warning: eXIf: duplicate
libpng warning: eXIf: duplicate
libpng warning: eXIf: duplicate
libpng warning: eXIf: duplicate
libpng warning: eXIf: duplicate
libpng warning: eXIf: duplicate
libpng warning: eXIf: duplicate
libpng warning: eXIf: duplicate
libpng warning: eXIf: duplicate
libpng warning: eXIf: duplicate
libpng warning: eXIf: duplicate
libpng warning: eXIf: duplicate
libpng warning: eXIf: duplicate
libpng warning: eXIf: duplicate
libpng warning: eXIf: duplicate
libpng warning: eXIf: duplicate
libpng warning: eXIf: duplicate
libpng warning: eXIf: duplicate
libpng warning: eXIf: duplicate
libpng warning: eXIf: duplicate
libpng warning: eXIf: duplicate
libpng warning: eXIf: duplicate
libpng warning: eXIf: duplicate
libpng warning: eXIf: duplicate
libpng warning: eXIf: duplicate
libpng warning: eXIf: duplicate
libpng warning: eXIf: duplicate
libpng warning: eXIf: duplicate
libpng warning: eXIf: duplicate
libpng warning: eXIf: duplicate
libpng warning: eXIf: duplicate
libpng warning: eXIf: duplicate
libpng warning: eXIf: duplicate
libpng warning: eXIf: duplicate
libpng warning: eXIf: duplicate
libpng warning: eXIf: duplicate
libpng warning: eXIf: duplicate
libpng warning: eXIf: duplicate
libpng warning: eXIf: duplicate
libpng warning: eXIf: duplicate
libpng warning: eXIf: duplicate
libpng warning: eXIf: duplicate
libpng warning: eXIf: duplicate
libpng warning: eXIf: duplicate
libpng warning: eXIf: duplicate
libpng warning: eXIf: duplicate
libpng warning: eXIf: duplicate
libpng warning: eXIf: duplicate
libpng warning: eXIf: duplicate
libpng warning: eXIf: duplicate
libpng warning: eXIf: duplicate
libpng warning: eXIf: duplicate
libpng warning: eXIf: duplicate
libpng warning: eXIf: duplicate
libpng warning: eXIf: duplicate
libpng warning: eXIf: duplicate
libpng warning: eXIf: duplicate
libpng warning: eXIf: duplicate
libpng warning: eXIf: duplicate
libpng warning: eXIf: duplicate
libpng warning: eXIf: duplicate
libpng warning: eXIf: duplicate
libpng warning: eXIf: duplicate
libpng warning: eXIf: duplicate
libpng warning: eXIf: duplicate
libpng warning: eXIf: duplicate
libpng warning: eXIf: duplicate
libpng warning: eXIf: duplicate
libpng warning: eXIf: duplicate
libpng warning: eXIf: duplicate
libpng warning: eXIf: duplicate
libpng warning: eXIf: duplicate
libpng warning: eXIf: duplicate
libpng warning: eXIf: duplicate
libpng warning: eXIf: duplicate
libpng warning: eXIf: duplicate
libpng warning: eXIf: duplicate
libpng warning: eXIf: duplicate
libpng warning: eXIf: duplicate
libpng warning: eXIf: duplicate
libpng warning: eXIf: duplicate
libpng warning: eXIf: duplicate
libpng warning: eXIf: duplicate
libpng warning: eXIf: duplicate
libpng warning: eXIf: duplicate
libpng warning: eXIf: duplicate
libpng warning: eXIf: duplicate
libpng warning: eXIf: duplicate
libpng warning: eXIf: duplicate
libpng warning: eXIf: duplicate
libpng warning: eXIf: duplicate
libpng warning: eXIf: duplicate
libpng warning: eXIf: duplicate
libpng warning: eXIf: duplicate
libpng warning: eXIf: duplicate
libpng warning: eXIf: duplicate
libpng warning: eXIf: duplicate
libpng warning: eXIf: duplicate
libpng warning: eXIf: duplicate
libpng warning: eXIf: duplicate
libpng warning: eXIf: duplicate
libpng warning: eXIf: duplicate
libpng warning: eXIf: duplicate
libpng warning: eXIf: duplicate
libpng warning: eXIf: duplicate
libpng warning: eXIf: duplicate
libpng warning: eXIf: duplicate
libpng warning: eXIf: duplicate
libpng warning: eXIf: duplicate
libpng warning: eXIf: duplicate
libpng warning: eXIf: duplicate
libpng warning: eXIf: duplicate
libpng warning: eXIf: duplicate
libpng warning: eXIf: duplicate
libpng warning: eXIf: duplicate
libpng warning: eXIf: duplicate
libpng warning: eXIf: duplicate
libpng warning: eXIf: duplicate
libpng warning: eXIf: duplicate
libpng warning: eXIf: duplicate
libpng warning: eXIf: duplicate
libpng warning: eXIf: duplicate
libpng warning: eXIf: duplicate
libpng warning: eXIf: duplicate
libpng warning: eXIf: duplicate
libpng warning: eXIf: duplicate
libpng warning: eXIf: duplicate
libpng warning: eXIf: duplicate
libpng warning: eXIf: duplicate
libpng warning: eXIf: duplicate
libpng warning: eXIf: duplicate
libpng warning: eXIf: duplicate
libpng warning: eXIf: duplicate
libpng warning: eXIf: duplicate
libpng warning: eXIf: duplicate
libpng warning: eXIf: duplicate
libpng warning: eXIf: duplicate
libpng warning: eXIf: duplicate
libpng warning: eXIf: duplicate
libpng warning: eXIf: duplicate
libpng warning: eXIf: duplicate
libpng warning: eXIf: duplicate
libpng warning: eXIf: duplicate
libpng warning: eXIf: duplicate
libpng warning: eXIf: duplicate
libpng warning: eXIf: duplicate
libpng warning: eXIf: duplicate
libpng warning: eXIf: duplicate
libpng warning: eXIf: duplicate
libpng warning: eXIf: duplicate
libpng warning: eXIf: duplicate
libpng warning: eXIf: duplicate
libpng warning: eXIf: duplicate
libpng warning: eXIf: duplicate
libpng warning: eXIf: duplicate
libpng warning: eXIf: duplicate
libpng warning: eXIf: duplicate
libpng warning: eXIf: duplicate
libpng warning: eXIf: duplicate
libpng warning: eXIf: duplicate
libpng warning: eXIf: duplicate
libpng warning: eXIf: duplicate
libpng warning: eXIf: duplicate
libpng warning: eXIf: duplicate
libpng warning: eXIf: duplicate
libpng warning: eXIf: duplicate
libpng warning: eXIf: duplicate
libpng warning: eXIf: duplicate
libpng warning: eXIf: duplicate
libpng warning: eXIf: duplicate
libpng warning: eXIf: duplicate
libpng warning: eXIf: duplicate
libpng warning: eXIf: duplicate
libpng warning: eXIf: duplicate
libpng warning: eXIf: duplicate
libpng warning: eXIf: duplicate
libpng warning: eXIf: duplicate
libpng warning: eXIf: duplicate
libpng warning: eXIf: duplicate
libpng warning: eXIf: duplicate
libpng warning: eXIf: duplicate
libpng warning: eXIf: duplicate
libpng warning: eXIf: duplicate
libpng warning: eXIf: duplicate
libpng warning: eXIf: duplicate
libpng warning: eXIf: duplicate
libpng warning: eXIf: duplicate
libpng warning: eXIf: duplicate
libpng warning: eXIf: duplicate
libpng warning: eXIf: duplicate
libpng warning: eXIf: duplicate
libpng warning: eXIf: duplicate
libpng warning: eXIf: duplicate
libpng warning: eXIf: duplicate
libpng warning: eXIf: duplicate
libpng warning: eXIf: duplicate
libpng warning: eXIf: duplicate
libpng warning: eXIf: duplicate
libpng warning: eXIf: duplicate
libpng warning: eXIf: duplicate
libpng warning: eXIf: duplicate
libpng warning: eXIf: duplicate
libpng warning: eXIf: duplicate
libpng warning: eXIf: duplicate
libpng warning: eXIf: duplicate
libpng warning: eXIf: duplicate
libpng warning: eXIf: duplicate
libpng warning: eXIf: duplicate
libpng warning: eXIf: duplicate
libpng warning: eXIf: duplicate
libpng warning: eXIf: duplicate
libpng warning: eXIf: duplicate
libpng warning: eXIf: duplicate
libpng warning: eXIf: duplicate
libpng warning: eXIf: duplicate
libpng warning: eXIf: duplicate
libpng warning: eXIf: duplicate
libpng warning: eXIf: duplicate
libpng warning: eXIf: duplicate
libpng warning: eXIf: duplicate
libpng warning: eXIf: duplicate
libpng warning: eXIf: duplicate
libpng warning: eXIf: duplicate
libpng warning: eXIf: duplicate
libpng warning: eXIf: duplicate
libpng warning: eXIf: duplicate
libpng warning: eXIf: duplicate
libpng warning: eXIf: duplicate
libpng warning: eXIf: duplicate
libpng warning: eXIf: duplicate
libpng warning: eXIf: duplicate
libpng warning: eXIf: duplicate
libpng warning: eXIf: duplicate
libpng warning: eXIf: duplicate
libpng warning: eXIf: duplicate
libpng warning: eXIf: duplicate
libpng warning: eXIf: duplicate
libpng warning: eXIf: duplicate
libpng warning: eXIf: duplicate
libpng warning: eXIf: duplicate
libpng warning: eXIf: duplicate
libpng warning: eXIf: duplicate
libpng warning: eXIf: duplicate
libpng warning: eXIf: duplicate
libpng warning: eXIf: duplicate
libpng warning: eXIf: duplicate
libpng warning: eXIf: duplicate
libpng warning: eXIf: duplicate
libpng warning: eXIf: duplicate
libpng warning: eXIf: duplicate
libpng warning: eXIf: duplicate
libpng warning: eXIf: duplicate
libpng warning: eXIf: duplicate
libpng warning: eXIf: duplicate
libpng warning: eXIf: duplicate
libpng warning: eXIf: duplicate
libpng warning: eXIf: duplicate
libpng warning: eXIf: duplicate
libpng warning: eXIf: duplicate
libpng warning: eXIf: duplicate
libpng warning: eXIf: duplicate
libpng warning: eXIf: duplicate
libpng warning: eXIf: duplicate
libpng warning: eXIf: duplicate
libpng warning: eXIf: duplicate
libpng warning: eXIf: duplicate

alpha count: 213977 220240
reverse false
base dir name: ['', '4T', 'CXY', 'MV-Painter', 'data', 'train_data']
alpha count: 216353 223682
reverse false
base dir name: ['', '4T', 'CXY', 'MV-Painter', 'data', 'train_data']
alpha count: 210007 224581
reverse false
[1480/2000] loss=0.2254 (ema 0.0839) lr=1.83e-05 grad=0.166 | fsc_modules=5.1e-03 gsg_modules=1.2e-01 ltag=9.9e-03 | 1.1s
base dir name: ['', '4T', 'CXY', 'MV-Painter', 'data', 'train_data']
alpha count: 226077 239799
reverse false
base dir name: ['', '4T', 'CXY', 'MV-Painter', 'data', 'train_data']
alpha count: 237996 230486
reverse true
base dir name: ['', '4T', 'CXY', 'MV-Painter', 'data', 'train_data']
alpha count: 214601 215547
reverse false
base dir name: ['', '4T', 'CXY', 'MV-Painter', 'data', 'train_data']
alpha count: 227726 231318
reverse false
base dir name: ['', '4T', 'CXY', 'MV-Painter', 'data', 'train_data']
alpha count: 204111 197992
reverse true
base dir name: ['', '4T', 'CXY', 'MV-Painter', 'data', 'train_data']
alpha count: 187457 195329
reverse false
base dir name: ['', '4T', 'CXY', 'MV-Painter', 'data', 'train_data']
alpha count: 257211 245999
reverse true
base dir name: ['', '4T', 'CXY', 'MV-Painter', 'data', 'train_data']
alpha count: 227988 236192
reverse false
base dir name: ['', '4T', 'CXY', 'MV-Painter', 'data', 'train_data']
alpha count: 219386 224679
reverse false
base dir name: ['', '4T', 'CXY', 'MV-Painter', 'data', 'train_data']
alpha count: 242309 220465
reverse true
base dir name: ['', '4T', 'CXY', 'MV-Painter', 'data', 'train_data']
alpha count: 210214 216902
reverse false
base dir name: ['', '4T', 'CXY', 'MV-Painter', 'data', 'train_data']
alpha count: 217499 227069
reverse false
base dir name: ['', '4T', 'CXY', 'MV-Painter', 'data', 'train_data']
alpha count: 208557 202463
reverse true
base dir name: ['', '4T', 'CXY', 'MV-Painter', 'data', 'train_data']
alpha count: 221956 159995
reverse true
base dir name: ['', '4T', 'CXY', 'MV-Painter', 'data', 'train_data']
alpha count: 239771 246886
reverse false
base dir name: ['', '4T', 'CXY', 'MV-Painter', 'data', 'train_data']
alpha count: 232772 227176
reverse true
base dir name: ['', '4T', 'CXY', 'MV-Painter', 'data', 'train_data']
alpha count: 216233 214169
reverse true
base dir name: ['', '4T', 'CXY', 'MV-Painter', 'data', 'train_data']
alpha count: 257015 227225
reverse true
base dir name: ['', '4T', 'CXY', 'MV-Painter', 'data', 'train_data']
alpha count: 210759 209608
reverse true
base dir name: ['', '4T', 'CXY', 'MV-Painter', 'data', 'train_data']
alpha count: 230271 236658
reverse false
[1500/2000] loss=0.2069 (ema 0.0846) lr=1.70e-05 grad=0.169 | fsc_modules=1.2e-02 gsg_modules=1.6e-01 ltag=2.5e-02 | 1.3s
  → Saved: mvpoutput/fac_v5/A_envpen/checkpoints/fac_v2_ltag+gsg+fsc_step_001500.pt
base dir name: ['', '4T', 'CXY', 'MV-Painter', 'data', 'train_data']
alpha count: 232781 249788
reverse false
base dir name: ['', '4T', 'CXY', 'MV-Painter', 'data', 'train_data']
alpha count: 192728 205720
reverse false
base dir name: ['', '4T', 'CXY', 'MV-Painter', 'data', 'train_data']
alpha count: 235600 248808
reverse false
base dir name: ['', '4T', 'CXY', 'MV-Painter', 'data', 'train_data']
alpha count: 237834 229242
reverse true
base dir name: ['', '4T', 'CXY', 'MV-Painter', 'data', 'train_data']
alpha count: 225743 236065
reverse false
base dir name: ['', '4T', 'CXY', 'MV-Painter', 'data', 'train_data']
alpha count: 223703 199732
reverse true
base dir name: ['', '4T', 'CXY', 'MV-Painter', 'data', 'train_data']
alpha count: 238609 244225
reverse false
base dir name: ['', '4T', 'CXY', 'MV-Painter', 'data', 'train_data']
alpha count: 212201 216212
reverse false
base dir name: ['', '4T', 'CXY', 'MV-Painter', 'data', 'train_data']
alpha count: 229055 208719
reverse true
base dir name: ['', '4T', 'CXY', 'MV-Painter', 'data', 'train_data']
alpha count: 258648 250259
reverse true
base dir name: ['', '4T', 'CXY', 'MV-Painter', 'data', 'train_data']
alpha count: 245800 249365
reverse false
base dir name: ['', '4T', 'CXY', 'MV-Painter', 'data', 'train_data']
alpha count: 248418 215353
reverse true
base dir name: ['', '4T', 'CXY', 'MV-Painter', 'data', 'train_data']
alpha count: 214158 210671
reverse true
base dir name: ['', '4T', 'CXY', 'MV-Painter', 'data', 'train_data']
alpha count: 215143 209314
reverse true
base dir name: ['', '4T', 'CXY', 'MV-Painter', 'data', 'train_data']
alpha count: 245053 246912
reverse false
base dir name: ['', '4T', 'CXY', 'MV-Painter', 'data', 'train_data']
alpha count: 257798 238490
reverse true
base dir name: ['', '4T', 'CXY', 'MV-Painter', 'data', 'train_data']
alpha count: 225730 217484
reverse true
base dir name: ['', '4T', 'CXY', 'MV-Painter', 'data', 'train_data']
alpha count: 226263 222409
reverse true
base dir name: ['', '4T', 'CXY', 'MV-Painter', 'data', 'train_data']
alpha count: 240474 225422
reverse true
base dir name: ['', '4T', 'CXY', 'MV-Painter', 'data', 'train_data']
alpha count: 247723 256827
reverse false
[1520/2000] loss=0.1495 (ema 0.0847) lr=1.58e-05 grad=0.220 | fsc_modules=1.4e-02 gsg_modules=1.9e-01 ltag=3.0e-02 | 0.9s
base dir name: ['', '4T', 'CXY', 'MV-Painter', 'data', 'train_data']
alpha count: 259333 254226
reverse true
base dir name: ['', '4T', 'CXY', 'MV-Painter', 'data', 'train_data']
alpha count: 236360 214337
reverse true
base dir name: ['', '4T', 'CXY', 'MV-Painter', 'data', 'train_data']
alpha count: 193706 195497
reverse false
base dir name: ['', '4T', 'CXY', 'MV-Painter', 'data', 'train_data']
alpha count: 250607 250806
reverse false
base dir name: ['', '4T', 'CXY', 'MV-Painter', 'data', 'train_data']
alpha count: 223917 231394
reverse false
base dir name: ['', '4T', 'CXY', 'MV-Painter', 'data', 'train_data']
alpha count: 235917 237441
reverse false
base dir name: ['', '4T', 'CXY', 'MV-Painter', 'data', 'train_data']
alpha count: 254599 236143
reverse true
base dir name: ['', '4T', 'CXY', 'MV-Painter', 'data', 'train_data']
alpha count: 238856 249838
reverse false
base dir name: ['', '4T', 'CXY', 'MV-Painter', 'data', 'train_data']
alpha count: 244550 254954
reverse false
base dir name: ['', '4T', 'CXY', 'MV-Painter', 'data', 'train_data']
alpha count: 252149 241777
reverse true
base dir name: ['', '4T', 'CXY', 'MV-Painter', 'data', 'train_data']
alpha count: 221617 231625
reverse false
base dir name: ['', '4T', 'CXY', 'MV-Painter', 'data', 'train_data']
alpha count: 245094 225302
reverse true
base dir name: ['', '4T', 'CXY', 'MV-Painter', 'data', 'train_data']
alpha count: 253015 259825
reverse false
base dir name: ['', '4T', 'CXY', 'MV-Painter', 'data', 'train_data']
alpha count: 233821 221309
reverse true
base dir name: ['', '4T', 'CXY', 'MV-Painter', 'data', 'train_data']
alpha count: 250185 216866
reverse true
base dir name: ['', '4T', 'CXY', 'MV-Painter', 'data', 'train_data']
alpha count: 240266 247608
reverse false
base dir name: ['', '4T', 'CXY', 'MV-Painter', 'data', 'train_data']
alpha count: 228852 238815
reverse false
base dir name: ['', '4T', 'CXY', 'MV-Painter', 'data', 'train_data']
alpha count: 261226 261188
reverse true
base dir name: ['', '4T', 'CXY', 'MV-Painter', 'data', 'train_data']
alpha count: 200267 200271
reverse false
base dir name: ['', '4T', 'CXY', 'MV-Painter', 'data', 'train_data']
alpha count: 239486 226392
reverse true
[1540/2000] loss=0.0356 (ema 0.0853) lr=1.47e-05 grad=0.217 | fsc_modules=7.4e-03 gsg_modules=1.5e-01 ltag=1.6e-02 | 1.2s
base dir name: ['', '4T', 'CXY', 'MV-Painter', 'data', 'train_data']
alpha count: 262144 262144
reverse false
OpenCV(4.13.0) /io/opencv/modules/imgproc/src/resize.cpp:4208: error: (-215:Assertion failed) !ssize.empty() in function 'resize'

wrong path: /4T/CXY/MV-Painter/data/train_data/rendered_full/450e29de3c1541d78943e3265012ee48/image
base dir name: ['', '4T', 'CXY', 'MV-Painter', 'data', 'train_data']
alpha count: 214687 242645
reverse false
base dir name: ['', '4T', 'CXY', 'MV-Painter', 'data', 'train_data']
alpha count: 241217 227927
reverse true
base dir name: ['', '4T', 'CXY', 'MV-Painter', 'data', 'train_data']
alpha count: 231302 241032
reverse false
base dir name: ['', '4T', 'CXY', 'MV-Painter', 'data', 'train_data']
alpha count: 188128 187659
reverse true
base dir name:libpng warning: eXIf: duplicate
libpng warning: eXIf: duplicate
libpng warning: eXIf: duplicate
libpng warning: eXIf: duplicate
libpng warning: eXIf: duplicate
libpng warning: eXIf: duplicate
libpng warning: eXIf: duplicate
libpng warning: eXIf: duplicate
libpng warning: eXIf: duplicate
libpng warning: eXIf: duplicate
libpng warning: eXIf: duplicate
libpng warning: eXIf: duplicate
libpng warning: eXIf: duplicate
libpng warning: eXIf: duplicate
libpng warning: eXIf: duplicate
libpng warning: eXIf: duplicate
libpng warning: eXIf: duplicate
libpng warning: eXIf: duplicate
libpng warning: eXIf: duplicate
libpng warning: eXIf: duplicate
libpng warning: eXIf: duplicate
libpng warning: eXIf: duplicate
libpng warning: eXIf: duplicate
libpng warning: eXIf: duplicate
libpng warning: eXIf: duplicate
libpng warning: eXIf: duplicate
libpng warning: eXIf: duplicate
libpng warning: eXIf: duplicate
libpng warning: eXIf: duplicate
libpng warning: eXIf: duplicate
libpng warning: eXIf: duplicate
libpng warning: eXIf: duplicate
libpng warning: eXIf: duplicate
libpng warning: eXIf: duplicate
libpng warning: eXIf: duplicate
libpng warning: eXIf: duplicate
libpng warning: eXIf: duplicate
libpng warning: eXIf: duplicate
libpng warning: eXIf: duplicate
libpng warning: eXIf: duplicate
libpng warning: eXIf: duplicate
libpng warning: eXIf: duplicate
libpng warning: eXIf: duplicate
libpng warning: eXIf: duplicate
libpng warning: eXIf: duplicate
libpng warning: eXIf: duplicate
libpng warning: eXIf: duplicate
libpng warning: eXIf: duplicate
libpng warning: eXIf: duplicate
libpng warning: eXIf: duplicate
libpng warning: eXIf: duplicate
libpng warning: eXIf: duplicate
libpng warning: eXIf: duplicate
libpng warning: eXIf: duplicate
libpng warning: eXIf: duplicate
libpng warning: eXIf: duplicate
libpng warning: eXIf: duplicate
libpng warning: eXIf: duplicate
libpng warning: eXIf: duplicate
libpng warning: eXIf: duplicate
libpng warning: eXIf: duplicate
libpng warning: eXIf: duplicate
libpng warning: eXIf: duplicate
libpng warning: eXIf: duplicate
libpng warning: eXIf: duplicate
libpng warning: eXIf: duplicate
libpng warning: eXIf: duplicate
libpng warning: eXIf: duplicate
libpng warning: eXIf: duplicate
libpng warning: eXIf: duplicate
libpng warning: eXIf: duplicate
libpng warning: eXIf: duplicate
libpng warning: eXIf: duplicate
libpng warning: eXIf: duplicate
libpng warning: eXIf: duplicate
libpng warning: eXIf: duplicate
libpng warning: eXIf: duplicate
libpng warning: eXIf: duplicate
libpng warning: eXIf: duplicate
libpng warning: eXIf: duplicate
libpng warning: eXIf: duplicate
libpng warning: eXIf: duplicate
libpng warning: eXIf: duplicate
libpng warning: eXIf: duplicate
libpng warning: eXIf: duplicate
libpng warning: eXIf: duplicate
libpng warning: eXIf: duplicate
libpng warning: eXIf: duplicate
libpng warning: eXIf: duplicate
libpng warning: eXIf: duplicate
libpng warning: eXIf: duplicate
libpng warning: eXIf: duplicate
libpng warning: eXIf: duplicate
libpng warning: eXIf: duplicate
libpng warning: eXIf: duplicate
libpng warning: eXIf: duplicate
libpng warning: eXIf: duplicate
libpng warning: eXIf: duplicate
libpng warning: eXIf: duplicate
libpng warning: eXIf: duplicate
libpng warning: eXIf: duplicate
libpng warning: eXIf: duplicate
libpng warning: eXIf: duplicate
libpng warning: eXIf: duplicate
libpng warning: eXIf: duplicate
libpng warning: eXIf: duplicate
libpng warning: eXIf: duplicate
libpng warning: eXIf: duplicate
libpng warning: eXIf: duplicate
libpng warning: eXIf: duplicate
libpng warning: eXIf: duplicate
libpng warning: eXIf: duplicate
libpng warning: eXIf: duplicate
libpng warning: eXIf: duplicate
libpng warning: eXIf: duplicate
libpng warning: eXIf: duplicate
libpng warning: eXIf: duplicate
libpng warning: eXIf: duplicate
libpng warning: eXIf: duplicate
libpng warning: eXIf: duplicate
libpng warning: eXIf: duplicate
libpng warning: eXIf: duplicate
libpng warning: eXIf: duplicate
libpng warning: eXIf: duplicate
libpng warning: eXIf: duplicate
libpng warning: eXIf: duplicate
libpng warning: eXIf: duplicate
libpng warning: eXIf: duplicate
libpng warning: eXIf: duplicate
libpng warning: eXIf: duplicate
libpng warning: eXIf: duplicate
libpng warning: eXIf: duplicate
libpng warning: eXIf: duplicate
libpng warning: eXIf: duplicate
libpng warning: eXIf: duplicate
libpng warning: eXIf: duplicate
libpng warning: eXIf: duplicate
libpng warning: eXIf: duplicate
libpng warning: eXIf: duplicate
libpng warning: eXIf: duplicate
libpng warning: eXIf: duplicate
libpng warning: eXIf: duplicate
libpng warning: eXIf: duplicate
libpng warning: eXIf: duplicate
libpng warning: eXIf: duplicate
libpng warning: eXIf: duplicate
libpng warning: eXIf: duplicate
libpng warning: eXIf: duplicate
libpng warning: eXIf: duplicate
libpng warning: eXIf: duplicate
libpng warning: eXIf: duplicate
libpng warning: eXIf: duplicate
libpng warning: eXIf: duplicate
libpng warning: eXIf: duplicate
libpng warning: eXIf: duplicate
libpng warning: eXIf: duplicate
libpng warning: eXIf: duplicate
libpng warning: eXIf: duplicate
libpng warning: eXIf: duplicate
libpng warning: eXIf: duplicate
libpng warning: eXIf: duplicate
libpng warning: eXIf: duplicate
libpng warning: eXIf: duplicate
libpng warning: eXIf: duplicate
libpng warning: eXIf: duplicate
libpng warning: eXIf: duplicate
libpng warning: eXIf: duplicate
libpng warning: eXIf: duplicate
libpng warning: eXIf: duplicate
libpng warning: eXIf: duplicate
libpng warning: eXIf: duplicate
libpng warning: eXIf: duplicate
libpng warning: eXIf: duplicate
libpng warning: eXIf: duplicate
libpng warning: eXIf: duplicate
libpng warning: eXIf: duplicate
libpng warning: eXIf: duplicate
libpng warning: eXIf: duplicate
libpng warning: eXIf: duplicate
libpng warning: eXIf: duplicate
libpng warning: eXIf: duplicate
libpng warning: eXIf: duplicate
libpng warning: eXIf: duplicate
libpng warning: eXIf: duplicate
libpng warning: eXIf: duplicate
libpng warning: eXIf: duplicate
libpng warning: eXIf: duplicate
libpng warning: eXIf: duplicate
libpng warning: eXIf: duplicate
libpng warning: eXIf: duplicate
libpng warning: eXIf: duplicate
libpng warning: eXIf: duplicate
libpng warning: eXIf: duplicate
libpng warning: eXIf: duplicate
libpng warning: eXIf: duplicate
libpng warning: eXIf: duplicate
libpng warning: eXIf: duplicate
libpng warning: eXIf: duplicate
libpng warning: eXIf: duplicate
libpng warning: eXIf: duplicate
libpng warning: eXIf: duplicate
libpng warning: eXIf: duplicate
libpng warning: eXIf: duplicate
libpng warning: eXIf: duplicate
libpng warning: eXIf: duplicate
libpng warning: eXIf: duplicate
libpng warning: eXIf: duplicate
libpng warning: eXIf: duplicate
libpng warning: eXIf: duplicate
libpng warning: eXIf: duplicate
libpng warning: eXIf: duplicate
libpng warning: eXIf: duplicate
libpng warning: eXIf: duplicate
libpng warning: eXIf: duplicate
libpng warning: eXIf: duplicate
libpng warning: eXIf: duplicate
libpng warning: eXIf: duplicate
libpng warning: eXIf: duplicate
libpng warning: eXIf: duplicate
libpng warning: eXIf: duplicate
libpng warning: eXIf: duplicate
libpng warning: eXIf: duplicate
libpng warning: eXIf: duplicate
libpng warning: eXIf: duplicate
libpng warning: eXIf: duplicate
libpng warning: eXIf: duplicate
libpng warning: eXIf: duplicate
libpng warning: eXIf: duplicate
libpng warning: eXIf: duplicate
libpng warning: eXIf: duplicate
libpng warning: eXIf: duplicate
libpng warning: eXIf: duplicate
libpng warning: eXIf: duplicate
libpng warning: eXIf: duplicate
libpng warning: eXIf: duplicate
libpng warning: eXIf: duplicate
libpng warning: eXIf: duplicate
libpng warning: eXIf: duplicate
libpng warning: eXIf: duplicate
libpng warning: eXIf: duplicate
libpng warning: eXIf: duplicate
libpng warning: eXIf: duplicate
libpng warning: eXIf: duplicate
libpng warning: eXIf: duplicate
libpng warning: eXIf: duplicate
libpng warning: eXIf: duplicate
libpng warning: eXIf: duplicate
libpng warning: eXIf: duplicate
libpng warning: eXIf: duplicate
libpng warning: eXIf: duplicate
libpng warning: eXIf: duplicate
libpng warning: eXIf: duplicate
libpng warning: eXIf: duplicate
libpng warning: eXIf: duplicate
libpng warning: eXIf: duplicate
libpng warning: eXIf: duplicate
libpng warning: eXIf: duplicate
libpng warning: eXIf: duplicate
libpng warning: eXIf: duplicate
libpng warning: eXIf: duplicate
libpng warning: eXIf: duplicate
libpng warning: eXIf: duplicate
libpng warning: eXIf: duplicate
libpng warning: eXIf: duplicate
libpng warning: eXIf: duplicate
libpng warning: eXIf: duplicate
libpng warning: eXIf: duplicate
libpng warning: eXIf: duplicate
libpng warning: eXIf: duplicate
libpng warning: eXIf: duplicate
libpng warning: eXIf: duplicate
libpng warning: eXIf: duplicate
libpng warning: eXIf: duplicate
libpng warning: eXIf: duplicate
libpng warning: eXIf: duplicate
libpng warning: eXIf: duplicate
libpng warning: eXIf: duplicate
libpng warning: eXIf: duplicate
libpng warning: eXIf: duplicate
libpng warning: eXIf: duplicate
libpng warning: eXIf: duplicate
libpng warning: eXIf: duplicate
libpng warning: eXIf: duplicate
libpng warning: eXIf: duplicate
libpng warning: eXIf: duplicate
libpng warning: eXIf: duplicate
libpng warning: eXIf: duplicate
libpng warning: eXIf: duplicate
libpng warning: eXIf: duplicate
libpng warning: eXIf: duplicate
libpng warning: eXIf: duplicate
libpng warning: eXIf: duplicate
libpng warning: eXIf: duplicate
libpng warning: eXIf: duplicate
libpng warning: eXIf: duplicate
libpng warning: eXIf: duplicate
libpng warning: eXIf: duplicate
libpng warning: eXIf: duplicate
libpng warning: eXIf: duplicate
libpng warning: eXIf: duplicate
libpng warning: eXIf: duplicate
libpng warning: eXIf: duplicate
libpng warning: eXIf: duplicate
libpng warning: eXIf: duplicate
libpng warning: eXIf: duplicate
libpng warning: eXIf: duplicate
libpng warning: eXIf: duplicate
libpng warning: eXIf: duplicate
libpng warning: eXIf: duplicate
libpng warning: eXIf: duplicate
libpng warning: eXIf: duplicate
libpng warning: eXIf: duplicate
libpng warning: eXIf: duplicate
libpng warning: eXIf: duplicate
libpng warning: eXIf: duplicate
libpng warning: eXIf: duplicate
libpng warning: eXIf: duplicate
libpng warning: eXIf: duplicate
libpng warning: eXIf: duplicate
libpng warning: eXIf: duplicate
libpng warning: eXIf: duplicate
libpng warning: eXIf: duplicate
libpng warning: eXIf: duplicate
libpng warning: eXIf: duplicate
libpng warning: eXIf: duplicate
libpng warning: eXIf: duplicate
libpng warning: eXIf: duplicate
libpng warning: eXIf: duplicate
libpng warning: eXIf: duplicate
libpng warning: eXIf: duplicate
libpng warning: eXIf: duplicate
libpng warning: eXIf: duplicate
libpng warning: eXIf: duplicate
libpng warning: eXIf: duplicate
libpng warning: eXIf: duplicate
libpng warning: eXIf: duplicate
libpng warning: eXIf: duplicate
libpng warning: eXIf: duplicate
libpng warning: eXIf: duplicate
libpng warning: eXIf: duplicate
libpng warning: eXIf: duplicate
libpng warning: eXIf: duplicate
libpng warning: eXIf: duplicate
libpng warning: eXIf: duplicate
libpng warning: eXIf: duplicate
libpng warning: eXIf: duplicate
libpng warning: eXIf: duplicate
libpng warning: eXIf: duplicate
libpng warning: eXIf: duplicate
libpng warning: eXIf: duplicate
libpng warning: eXIf: duplicate
libpng warning: eXIf: duplicate
libpng warning: eXIf: duplicate
libpng warning: eXIf: duplicate
libpng warning: eXIf: duplicate
libpng warning: eXIf: duplicate
libpng warning: eXIf: duplicate
libpng warning: eXIf: duplicate
libpng warning: eXIf: duplicate
libpng warning: eXIf: duplicate
libpng warning: eXIf: duplicate
libpng warning: eXIf: duplicate
libpng warning: eXIf: duplicate
libpng warning: eXIf: duplicate
libpng warning: eXIf: duplicate
libpng warning: eXIf: duplicate
libpng warning: eXIf: duplicate
libpng warning: eXIf: duplicate
libpng warning: eXIf: duplicate
libpng warning: eXIf: duplicate
libpng warning: eXIf: duplicate
libpng warning: eXIf: duplicate
libpng warning: eXIf: duplicate
libpng warning: eXIf: duplicate
libpng warning: eXIf: duplicate
libpng warning: eXIf: duplicate
libpng warning: eXIf: duplicate
libpng warning: eXIf: duplicate
libpng warning: eXIf: duplicate
libpng warning: eXIf: duplicate
libpng warning: eXIf: duplicate
libpng warning: eXIf: duplicate
libpng warning: eXIf: duplicate
libpng warning: eXIf: duplicate
libpng warning: eXIf: duplicate
libpng warning: eXIf: duplicate
libpng warning: eXIf: duplicate
libpng warning: eXIf: duplicate
libpng warning: eXIf: duplicate
libpng warning: eXIf: duplicate
libpng warning: eXIf: duplicate
libpng warning: eXIf: duplicate
libpng warning: eXIf: duplicate
libpng warning: eXIf: duplicate
libpng warning: eXIf: duplicate
libpng warning: eXIf: duplicate
libpng warning: eXIf: duplicate
libpng warning: eXIf: duplicate
libpng warning: eXIf: duplicate
libpng warning: eXIf: duplicate
libpng warning: eXIf: duplicate
libpng warning: eXIf: duplicate
libpng warning: eXIf: duplicate
libpng warning: eXIf: duplicate
libpng warning: eXIf: duplicate
libpng warning: eXIf: duplicate
libpng warning: eXIf: duplicate
libpng warning: eXIf: duplicate
libpng warning: eXIf: duplicate
libpng warning: eXIf: duplicate
libpng warning: eXIf: duplicate
libpng warning: eXIf: duplicate
libpng warning: eXIf: duplicate
libpng warning: eXIf: duplicate
libpng warning: eXIf: duplicate
libpng warning: eXIf: duplicate
libpng warning: eXIf: duplicate
libpng warning: eXIf: duplicate
libpng warning: eXIf: duplicate
libpng warning: eXIf: duplicate
libpng warning: eXIf: duplicate
libpng warning: eXIf: duplicate
libpng warning: eXIf: duplicate
libpng warning: eXIf: duplicate
libpng warning: eXIf: duplicate
libpng warning: eXIf: duplicate
libpng warning: eXIf: duplicate
libpng warning: eXIf: duplicate
libpng warning: eXIf: duplicate
libpng warning: eXIf: duplicate
libpng warning: eXIf: duplicate
libpng warning: eXIf: duplicate
libpng warning: eXIf: duplicate
libpng warning: eXIf: duplicate
libpng warning: eXIf: duplicate
libpng warning: eXIf: duplicate
libpng warning: eXIf: duplicate
libpng warning: eXIf: duplicate
libpng warning: eXIf: duplicate
libpng warning: eXIf: duplicate
libpng warning: eXIf: duplicate
libpng warning: eXIf: duplicate
libpng warning: eXIf: duplicate
libpng warning: eXIf: duplicate
libpng warning: eXIf: duplicate
libpng warning: eXIf: duplicate
libpng warning: eXIf: duplicate
libpng warning: eXIf: duplicate
libpng warning: eXIf: duplicate
libpng warning: eXIf: duplicate
libpng warning: eXIf: duplicate
libpng warning: eXIf: duplicate
libpng warning: eXIf: duplicate
libpng warning: eXIf: duplicate
libpng warning: eXIf: duplicate
libpng warning: eXIf: duplicate
libpng warning: eXIf: duplicate
libpng warning: eXIf: duplicate
libpng warning: eXIf: duplicate
libpng warning: eXIf: duplicate
libpng warning: eXIf: duplicate
libpng warning: eXIf: duplicate
libpng warning: eXIf: duplicate
libpng warning: eXIf: duplicate
libpng warning: eXIf: duplicate
libpng warning: eXIf: duplicate
libpng warning: eXIf: duplicate
libpng warning: eXIf: duplicate
libpng warning: eXIf: duplicate
libpng warning: eXIf: duplicate
libpng warning: eXIf: duplicate
libpng warning: eXIf: duplicate
libpng warning: eXIf: duplicate
libpng warning: eXIf: duplicate
libpng warning: eXIf: duplicate
libpng warning: eXIf: duplicate
libpng warning: eXIf: duplicate
libpng warning: eXIf: duplicate
libpng warning: eXIf: duplicate
libpng warning: eXIf: duplicate
libpng warning: eXIf: duplicate
libpng warning: eXIf: duplicate
libpng warning: eXIf: duplicate
libpng warning: eXIf: duplicate
libpng warning: eXIf: duplicate
libpng warning: eXIf: duplicate
libpng warning: eXIf: duplicate
libpng warning: eXIf: duplicate
libpng warning: eXIf: duplicate
libpng warning: eXIf: duplicate
libpng warning: eXIf: duplicate
libpng warning: eXIf: duplicate
libpng warning: eXIf: duplicate
libpng warning: eXIf: duplicate
libpng warning: eXIf: duplicate
libpng warning: eXIf: duplicate
libpng warning: eXIf: duplicate
libpng warning: eXIf: duplicate
libpng warning: eXIf: duplicate
libpng warning: eXIf: duplicate
libpng warning: eXIf: duplicate
libpng warning: eXIf: duplicate
libpng warning: eXIf: duplicate
libpng warning: eXIf: duplicate
libpng warning: eXIf: duplicate
libpng warning: eXIf: duplicate
libpng warning: eXIf: duplicate
libpng warning: eXIf: duplicate
libpng warning: eXIf: duplicate
libpng warning: eXIf: duplicate
libpng warning: eXIf: duplicate
libpng warning: eXIf: duplicate
libpng warning: eXIf: duplicate
libpng warning: eXIf: duplicate
libpng warning: eXIf: duplicate
libpng warning: eXIf: duplicate
libpng warning: eXIf: duplicate
libpng warning: eXIf: duplicate
libpng warning: eXIf: duplicate
libpng warning: eXIf: duplicate
libpng warning: eXIf: duplicate
libpng warning: eXIf: duplicate
libpng warning: eXIf: duplicate
libpng warning: eXIf: duplicate
libpng warning: eXIf: duplicate
libpng warning: eXIf: duplicate
libpng warning: eXIf: duplicate
libpng warning: eXIf: duplicate
libpng warning: eXIf: duplicate
libpng warning: eXIf: duplicate
libpng warning: eXIf: duplicate
libpng warning: eXIf: duplicate
libpng warning: eXIf: duplicate
libpng warning: eXIf: duplicate
libpng warning: eXIf: duplicate
libpng warning: eXIf: duplicate
libpng warning: eXIf: duplicate
libpng warning: eXIf: duplicate
libpng warning: eXIf: duplicate
libpng warning: eXIf: duplicate
libpng warning: eXIf: duplicate
libpng warning: eXIf: duplicate
libpng warning: eXIf: duplicate
libpng warning: eXIf: duplicate
libpng warning: eXIf: duplicate
libpng warning: eXIf: duplicate
libpng warning: eXIf: duplicate
libpng warning: eXIf: duplicate
libpng warning: eXIf: duplicate
libpng warning: eXIf: duplicate
libpng warning: eXIf: duplicate
libpng warning: eXIf: duplicate
libpng warning: eXIf: duplicate
libpng warning: eXIf: duplicate
libpng warning: eXIf: duplicate
libpng warning: eXIf: duplicate
libpng warning: eXIf: duplicate
libpng warning: eXIf: duplicate
libpng warning: eXIf: duplicate
libpng warning: eXIf: duplicate
libpng warning: eXIf: duplicate
libpng warning: eXIf: duplicate
libpng warning: eXIf: duplicate
libpng warning: eXIf: duplicate
libpng warning: eXIf: duplicate
libpng warning: eXIf: duplicate
libpng warning: eXIf: duplicate
 ['', '4T', 'CXY', 'MV-Painter', 'data', 'train_data']
alpha count: 228040 223577
reverse true
base dir name: ['', '4T', 'CXY', 'MV-Painter', 'data', 'train_data']
alpha count: 247988 243473
reverse true
base dir name: ['', '4T', 'CXY', 'MV-Painter', 'data', 'train_data']
alpha count: 253309 252672
reverse true
base dir name: ['', '4T', 'CXY', 'MV-Painter', 'data', 'train_data']
alpha count: 249093 249921
reverse false
base dir name: ['', '4T', 'CXY', 'MV-Painter', 'data', 'train_data']
alpha count: 241986 222186
reverse true
base dir name: ['', '4T', 'CXY', 'MV-Painter', 'data', 'train_data']
alpha count: 257773 253595
reverse true
base dir name: ['', '4T', 'CXY', 'MV-Painter', 'data', 'train_data']
alpha count: 253319 248308
reverse true
base dir name: ['', '4T', 'CXY', 'MV-Painter', 'data', 'train_data']
alpha count: 201506 223716
reverse false
base dir name: ['', '4T', 'CXY', 'MV-Painter', 'data', 'train_data']
alpha count: 204489 171537
reverse true
base dir name: ['', '4T', 'CXY', 'MV-Painter', 'data', 'train_data']
alpha count: 223599 185439
reverse true
base dir name: ['', '4T', 'CXY', 'MV-Painter', 'data', 'train_data']
alpha count: 227347 250931
reverse false
base dir name: ['', '4T', 'CXY', 'MV-Painter', 'data', 'train_data']
alpha count: 228225 243336
reverse false
base dir name: ['', '4T', 'CXY', 'MV-Painter', 'data', 'train_data']
alpha count: 245896 234966
reverse true
base dir name: ['', '4T', 'CXY', 'MV-Painter', 'data', 'train_data']
alpha count: 244995 235042
reverse true
base dir name: ['', '4T', 'CXY', 'MV-Painter', 'data', 'train_data']
alpha count: 251712 250456
reverse true
base dir name: ['', '4T', 'CXY', 'MV-Painter', 'data', 'train_data']
alpha count: 251016 240577
reverse true
[1560/2000] loss=0.1385 (ema 0.0893) lr=1.36e-05 grad=0.057 | fsc_modules=1.6e-03 gsg_modules=3.6e-02 ltag=6.1e-03 | 1.2s
base dir name: ['', '4T', 'CXY', 'MV-Painter', 'data', 'train_data']
alpha count: 222766 212468
reverse true
base dir name: ['', '4T', 'CXY', 'MV-Painter', 'data', 'train_data']
alpha count: 256268 238546
reverse true
base dir name: ['', '4T', 'CXY', 'MV-Painter', 'data', 'train_data']
alpha count: 231618 213444
reverse true
base dir name: ['', '4T', 'CXY', 'MV-Painter', 'data', 'train_data']
alpha count: 243763 230201
reverse true
base dir name: ['', '4T', 'CXY', 'MV-Painter', 'data', 'train_data']
alpha count: 261690 261548
reverse true
base dir name: ['', '4T', 'CXY', 'MV-Painter', 'data', 'train_data']
alpha count: 148828 148604
reverse true
base dir name: ['', '4T', 'CXY', 'MV-Painter', 'data', 'train_data']
alpha count: 169919 174450
reverse false
base dir name: ['', '4T', 'CXY', 'MV-Painter', 'data', 'train_data']
alpha count: 221262 221640
reverse false
base dir name: ['', '4T', 'CXY', 'MV-Painter', 'data', 'train_data']
alpha count: 235311 230093
reverse true
base dir name: ['', '4T', 'CXY', 'MV-Painter', 'data', 'train_data']
alpha count: 250237 235733
reverse true
base dir name: ['', '4T', 'CXY', 'MV-Painter', 'data', 'train_data']
alpha count: 190038 191296
reverse false
base dir name: ['', '4T', 'CXY', 'MV-Painter', 'data', 'train_data']
alpha count: 228045 241690
reverse false
base dir name: ['', '4T', 'CXY', 'MV-Painter', 'data', 'train_data']
alpha count: 249844 213675
reverse true
base dir name: ['', '4T', 'CXY', 'MV-Painter', 'data', 'train_data']
alpha count: 219979 188880
reverse true
base dir name: ['', '4T', 'CXY', 'MV-Painter', 'data', 'train_data']
alpha count: 221349 219151
reverse true
base dir name: ['', '4T', 'CXY', 'MV-Painter', 'data', 'train_data']
alpha count: 226584 200273
reverse true
base dir name: ['', '4T', 'CXY', 'MV-Painter', 'data', 'train_data']
alpha count: 261456 262144
reverse false
base dir name: ['', '4T', 'CXY', 'MV-Painter', 'data', 'train_data']
alpha count: 252323 241087
reverse true
base dir name: ['', '4T', 'CXY', 'MV-Painter', 'data', 'train_data']
alpha count: 255659 251242
reverse true
base dir name: ['', '4T', 'CXY', 'MV-Painter', 'data', 'train_data']
alpha count: 202206 207591
reverse false
[1580/2000] loss=0.0863 (ema 0.0868) lr=1.25e-05 grad=0.068 | fsc_modules=1.9e-03 gsg_modules=4.8e-02 ltag=4.0e-03 | 1.2s
base dir name: ['', '4T', 'CXY', 'MV-Painter', 'data', 'train_data']
alpha count: 262144 262144
reverse false
OpenCV(4.13.0) /io/opencv/modules/imgproc/src/resize.cpp:4208: error: (-215:Assertion failed) !ssize.empty() in function 'resize'

wrong path: /4T/CXY/MV-Painter/data/train_data/rendered_full/4bcfb9852593406e88abbbe9d62b0498/image
base dir name: ['', '4T', 'CXY', 'MV-Painter', 'data', 'train_data']
alpha count: 220172 204578
reverse true
base dir name: ['', '4T', 'CXY', 'MV-Painter', 'data', 'train_data']
alpha count: 244954 232184
reverse true
base dir name: ['', '4T', 'CXY', 'MV-Painter', 'data', 'train_data']
alpha count: 245991 254876
reverse false
base dir name: ['', '4T', 'CXY', 'MV-Painter', 'data', 'train_data']
alpha count: 258492 250091
reverse true
base dir name: ['', '4T', 'CXY', 'MV-Painter', 'data', 'train_data']
alpha count: 190432 228157
reverse false
base dir name: ['', '4T', 'CXY', 'MV-Painter', 'data', 'train_data']
alpha count: 156808 156400
reverse true
base dir name: ['', '4T', 'CXY', 'MV-Painter', 'data', 'train_data']
alpha count: 169563 168165
reverse true
base dir name: ['', '4T', 'CXY', 'MV-Painter', 'data', 'train_data']
alpha count: 212304 213321
reverse false
base dir name: ['', '4T', 'CXY', 'MV-Painter', 'data', 'train_data']
alpha count: 221746 230556
reverse false
base dir name: ['', '4T', 'CXY', 'MV-Painter', 'data', 'train_data']
alpha count: 186547 187246
reverse false
base dir name: ['', '4T', 'CXY', 'MV-Painter', 'data', 'train_data']
alpha count: 225079 214223
reverse true
base dir name: ['', '4T', 'CXY', 'MV-Painter', 'data', 'train_data']
alpha count: 227517 216325
reverse true
base dir name: ['', '4T', 'CXY', 'MV-Painter', 'data', 'train_data']
alpha count: 212435 215665
reverse false
base dir name: ['', '4T', 'CXY', 'MV-Painter', 'data', 'train_data']
alpha count: 229121 242784
reverse false
base dir name: ['', '4T', 'CXY', 'MV-Painter', 'data', 'train_data']
alpha count: 262144 262144
reverse false
OpenCV(4.13.0) /io/opencv/modules/imgproc/src/resize.cpp:4208: error: (-215:Assertion failed) !ssize.empty() in function 'resize'

wrong path: /4T/CXY/MV-Painter/data/train_data/rendered_full/4f2651c485754d28884e57039db2f2d9/image
base dir name: ['', '4T', 'CXY', 'MV-Painter', 'data', 'train_data']
alpha count: 262144 249260
reverse true
base dir name: ['', '4T', 'CXY', 'MV-Painter', 'data', 'train_data']
alpha count: 221324 234597
reverse false
base dir name: ['', '4T', 'CXY', 'MV-Painter', 'data', 'train_data']
alpha count: 256958 235928
reverse true
base dir name: ['', '4T', 'CXY', 'MV-Painter', 'data', 'train_data']
alpha count: 251388 238946
reverse true
base dir name: ['', '4T', 'CXY', 'MV-Painter', 'data', 'train_data']
alpha count: 214991 216322
reverse false
base dir name: ['', '4T', 'CXY', 'MV-Painter', 'data', 'train_data']
alpha count: 223831 217562
reverse true
[1600/2000] loss=0.1726 (ema 0.0882) lr=1.15e-05 grad=0.016 | fsc_modules=6.9e-04 gsg_modules=1.0e-02 ltag=4.2e-03 | 1.2s
base dir name: ['', '4T', 'CXY', 'MV-Painter', 'data', 'train_data']
alpha count: 205066 205808
reverse false
base dir name: ['', '4T', 'CXY', 'MV-Painter', 'data', 'train_data']
alpha count: 214761 204478
reverse true
base dir name: ['', '4T', 'CXY', 'MV-Painter', 'data', 'train_data']
alpha count: 226317 220204
reverse true
base dir name: ['', '4T', 'CXY', 'MV-Painter', 'data', 'train_data']
alpha count: 236442 220543
reverse true
base dir name: ['', '4T', 'CXY', 'MV-Painter', 'data', 'train_data']
alpha count: 262144 262144
reverse false
OpenCV(4.13.0) /io/opencv/modules/imgproc/src/resize.cpp:4208: error: (-215:Assertion failed) !ssize.empty() in function 'resize'

wrong path: /4T/CXY/MV-Painter/data/train_data/rendered_full/5038b2bf6a9d457094ccdbd0f77d4a3d/image
base dir name: ['', '4T', 'CXY', 'MV-Painter', 'data', 'train_data']
alpha count: 251973 218276
reverse true
base dir name: ['', '4T', 'CXY', 'MV-Painter', 'data', 'train_data']
alpha count: 225134 206431
reverse true
base dir name: ['', '4T', 'CXY', 'MV-Painter', 'data', 'train_data']libpng warning: eXIf: duplicate
libpng warning: eXIf: duplicate
libpng warning: eXIf: duplicate
libpng warning: eXIf: duplicate
libpng warning: eXIf: duplicate
libpng warning: eXIf: duplicate
libpng warning: eXIf: duplicate
libpng warning: eXIf: duplicate
libpng warning: eXIf: duplicate
libpng warning: eXIf: duplicate
libpng warning: eXIf: duplicate
libpng warning: eXIf: duplicate
libpng warning: eXIf: duplicate
libpng warning: eXIf: duplicate
libpng warning: eXIf: duplicate
libpng warning: eXIf: duplicate
libpng warning: eXIf: duplicate
libpng warning: eXIf: duplicate
libpng warning: eXIf: duplicate
libpng warning: eXIf: duplicate
libpng warning: eXIf: duplicate
libpng warning: eXIf: duplicate
libpng warning: eXIf: duplicate
libpng warning: eXIf: duplicate
libpng warning: eXIf: duplicate
libpng warning: eXIf: duplicate
libpng warning: eXIf: duplicate
libpng warning: eXIf: duplicate
libpng warning: eXIf: duplicate
libpng warning: eXIf: duplicate
libpng warning: eXIf: duplicate
libpng warning: eXIf: duplicate
libpng warning: eXIf: duplicate
libpng warning: eXIf: duplicate
libpng warning: eXIf: duplicate
libpng warning: eXIf: duplicate
libpng warning: eXIf: duplicate
libpng warning: eXIf: duplicate
libpng warning: eXIf: duplicate
libpng warning: eXIf: duplicate
libpng warning: eXIf: duplicate
libpng warning: eXIf: duplicate
libpng warning: eXIf: duplicate
libpng warning: eXIf: duplicate
libpng warning: eXIf: duplicate
libpng warning: eXIf: duplicate
libpng warning: eXIf: duplicate
libpng warning: eXIf: duplicate
libpng warning: eXIf: duplicate
libpng warning: eXIf: duplicate
libpng warning: eXIf: duplicate
libpng warning: eXIf: duplicate
libpng warning: eXIf: duplicate
libpng warning: eXIf: duplicate
libpng warning: eXIf: duplicate
libpng warning: eXIf: duplicate
libpng warning: eXIf: duplicate
libpng warning: eXIf: duplicate
libpng warning: eXIf: duplicate
libpng warning: eXIf: duplicate
libpng warning: eXIf: duplicate
libpng warning: eXIf: duplicate
libpng warning: eXIf: duplicate
libpng warning: eXIf: duplicate
libpng warning: eXIf: duplicate
libpng warning: eXIf: duplicate
libpng warning: eXIf: duplicate
libpng warning: eXIf: duplicate
libpng warning: eXIf: duplicate
libpng warning: eXIf: duplicate
libpng warning: eXIf: duplicate
libpng warning: eXIf: duplicate
libpng warning: eXIf: duplicate
libpng warning: eXIf: duplicate
libpng warning: eXIf: duplicate
libpng warning: eXIf: duplicate
libpng warning: eXIf: duplicate
libpng warning: eXIf: duplicate
libpng warning: eXIf: duplicate
libpng warning: eXIf: duplicate
libpng warning: eXIf: duplicate
libpng warning: eXIf: duplicate
libpng warning: eXIf: duplicate
libpng warning: eXIf: duplicate
libpng warning: eXIf: duplicate
libpng warning: eXIf: duplicate
libpng warning: eXIf: duplicate
libpng warning: eXIf: duplicate
libpng warning: eXIf: duplicate
libpng warning: eXIf: duplicate
libpng warning: eXIf: duplicate
libpng warning: eXIf: duplicate
libpng warning: eXIf: duplicate
libpng warning: eXIf: duplicate
libpng warning: eXIf: duplicate
libpng warning: eXIf: duplicate
libpng warning: eXIf: duplicate
libpng warning: eXIf: duplicate
libpng warning: eXIf: duplicate
libpng warning: eXIf: duplicate
libpng warning: eXIf: duplicate
libpng warning: eXIf: duplicate
libpng warning: eXIf: duplicate
libpng warning: eXIf: duplicate
libpng warning: eXIf: duplicate
libpng warning: eXIf: duplicate
libpng warning: eXIf: duplicate
libpng warning: eXIf: duplicate
libpng warning: eXIf: duplicate
libpng warning: eXIf: duplicate
libpng warning: eXIf: duplicate
libpng warning: eXIf: duplicate
libpng warning: eXIf: duplicate
libpng warning: eXIf: duplicate
libpng warning: eXIf: duplicate
libpng warning: eXIf: duplicate
libpng warning: eXIf: duplicate
libpng warning: eXIf: duplicate
libpng warning: eXIf: duplicate
libpng warning: eXIf: duplicate
libpng warning: eXIf: duplicate
libpng warning: eXIf: duplicate
libpng warning: eXIf: duplicate
libpng warning: eXIf: duplicate
libpng warning: eXIf: duplicate
libpng warning: eXIf: duplicate
libpng warning: eXIf: duplicate
libpng warning: eXIf: duplicate
libpng warning: eXIf: duplicate
libpng warning: eXIf: duplicate
libpng warning: eXIf: duplicate
libpng warning: eXIf: duplicate
libpng warning: eXIf: duplicate
libpng warning: eXIf: duplicate
libpng warning: eXIf: duplicate
libpng warning: eXIf: duplicate
libpng warning: eXIf: duplicate
libpng warning: eXIf: duplicate
libpng warning: eXIf: duplicate
libpng warning: eXIf: duplicate
libpng warning: eXIf: duplicate
libpng warning: eXIf: duplicate
libpng warning: eXIf: duplicate
libpng warning: eXIf: duplicate
libpng warning: eXIf: duplicate
libpng warning: eXIf: duplicate
libpng warning: eXIf: duplicate
libpng warning: eXIf: duplicate
libpng warning: eXIf: duplicate
libpng warning: eXIf: duplicate
libpng warning: eXIf: duplicate
libpng warning: eXIf: duplicate
libpng warning: eXIf: duplicate
libpng warning: eXIf: duplicate
libpng warning: eXIf: duplicate
libpng warning: eXIf: duplicate
libpng warning: eXIf: duplicate
libpng warning: eXIf: duplicate
libpng warning: eXIf: duplicate
libpng warning: eXIf: duplicate
libpng warning: eXIf: duplicate
libpng warning: eXIf: duplicate
libpng warning: eXIf: duplicate
libpng warning: eXIf: duplicate
libpng warning: eXIf: duplicate
libpng warning: eXIf: duplicate
libpng warning: eXIf: duplicate
libpng warning: eXIf: duplicate
libpng warning: eXIf: duplicate
libpng warning: eXIf: duplicate
libpng warning: eXIf: duplicate
libpng warning: eXIf: duplicate
libpng warning: eXIf: duplicate
libpng warning: eXIf: duplicate
libpng warning: eXIf: duplicate
libpng warning: eXIf: duplicate
libpng warning: eXIf: duplicate
libpng warning: eXIf: duplicate
libpng warning: eXIf: duplicate
libpng warning: eXIf: duplicate
libpng warning: eXIf: duplicate
libpng warning: eXIf: duplicate
libpng warning: eXIf: duplicate
libpng warning: eXIf: duplicate
libpng warning: eXIf: duplicate
libpng warning: eXIf: duplicate
libpng warning: eXIf: duplicate
libpng warning: eXIf: duplicate
libpng warning: eXIf: duplicate
libpng warning: eXIf: duplicate
libpng warning: eXIf: duplicate
libpng warning: eXIf: duplicate
libpng warning: eXIf: duplicate
libpng warning: eXIf: duplicate
libpng warning: eXIf: duplicate
libpng warning: eXIf: duplicate
libpng warning: eXIf: duplicate
libpng warning: eXIf: duplicate
libpng warning: eXIf: duplicate
libpng warning: eXIf: duplicate
libpng warning: eXIf: duplicate
libpng warning: eXIf: duplicate
libpng warning: eXIf: duplicate
libpng warning: eXIf: duplicate
libpng warning: eXIf: duplicate
libpng warning: eXIf: duplicate
libpng warning: eXIf: duplicate
libpng warning: eXIf: duplicate
libpng warning: eXIf: duplicate
libpng warning: eXIf: duplicate
libpng warning: eXIf: duplicate
libpng warning: eXIf: duplicate
libpng warning: eXIf: duplicate
libpng warning: eXIf: duplicate
libpng warning: eXIf: duplicate
libpng warning: eXIf: duplicate
libpng warning: eXIf: duplicate
libpng warning: eXIf: duplicate
libpng warning: eXIf: duplicate
libpng warning: eXIf: duplicate
libpng warning: eXIf: duplicate
libpng warning: eXIf: duplicate
libpng warning: eXIf: duplicate
libpng warning: eXIf: duplicate
libpng warning: eXIf: duplicate
libpng warning: eXIf: duplicate
libpng warning: eXIf: duplicate
libpng warning: eXIf: duplicate
libpng warning: eXIf: duplicate
libpng warning: eXIf: duplicate
libpng warning: eXIf: duplicate
libpng warning: eXIf: duplicate
libpng warning: eXIf: duplicate
libpng warning: eXIf: duplicate
libpng warning: eXIf: duplicate
libpng warning: eXIf: duplicate
libpng warning: eXIf: duplicate
libpng warning: eXIf: duplicate
libpng warning: eXIf: duplicate
libpng warning: eXIf: duplicate
libpng warning: eXIf: duplicate
libpng warning: eXIf: duplicate
libpng warning: eXIf: duplicate
libpng warning: eXIf: duplicate
libpng warning: eXIf: duplicate
libpng warning: eXIf: duplicate
libpng warning: eXIf: duplicate
libpng warning: eXIf: duplicate
libpng warning: eXIf: duplicate
libpng warning: eXIf: duplicate
libpng warning: eXIf: duplicate
libpng warning: eXIf: duplicate
libpng warning: eXIf: duplicate
libpng warning: eXIf: duplicate
libpng warning: eXIf: duplicate
libpng warning: eXIf: duplicate
libpng warning: eXIf: duplicate
libpng warning: eXIf: duplicate
libpng warning: eXIf: duplicate
libpng warning: eXIf: duplicate
libpng warning: eXIf: duplicate
libpng warning: eXIf: duplicate
libpng warning: eXIf: duplicate
libpng warning: eXIf: duplicate
libpng warning: eXIf: duplicate
libpng warning: eXIf: duplicate
libpng warning: eXIf: duplicate
libpng warning: eXIf: duplicate
libpng warning: eXIf: duplicate
libpng warning: eXIf: duplicate
libpng warning: eXIf: duplicate
libpng warning: eXIf: duplicate
libpng warning: eXIf: duplicate
libpng warning: eXIf: duplicate
libpng warning: eXIf: duplicate
libpng warning: eXIf: duplicate
libpng warning: eXIf: duplicate
libpng warning: eXIf: duplicate
libpng warning: eXIf: duplicate
libpng warning: eXIf: duplicate
libpng warning: eXIf: duplicate
libpng warning: eXIf: duplicate
libpng warning: eXIf: duplicate
libpng warning: eXIf: duplicate
libpng warning: eXIf: duplicate
libpng warning: eXIf: duplicate
libpng warning: eXIf: duplicate
libpng warning: eXIf: duplicate
libpng warning: eXIf: duplicate
libpng warning: eXIf: duplicate
libpng warning: eXIf: duplicate
libpng warning: eXIf: duplicate
libpng warning: eXIf: duplicate
libpng warning: eXIf: duplicate
libpng warning: eXIf: duplicate
libpng warning: eXIf: duplicate
libpng warning: eXIf: duplicate
libpng warning: eXIf: duplicate
libpng warning: eXIf: duplicate
libpng warning: eXIf: duplicate
libpng warning: eXIf: duplicate
libpng warning: eXIf: duplicate
libpng warning: eXIf: duplicate
libpng warning: eXIf: duplicate
libpng warning: eXIf: duplicate
libpng warning: eXIf: duplicate
libpng warning: eXIf: duplicate
libpng warning: eXIf: duplicate
libpng warning: eXIf: duplicate
libpng warning: eXIf: duplicate
libpng warning: eXIf: duplicate
libpng warning: eXIf: duplicate
libpng warning: eXIf: duplicate
libpng warning: eXIf: duplicate
libpng warning: eXIf: duplicate
libpng warning: eXIf: duplicate
libpng warning: eXIf: duplicate
libpng warning: eXIf: duplicate
libpng warning: eXIf: duplicate
libpng warning: eXIf: duplicate
libpng warning: eXIf: duplicate
libpng warning: eXIf: duplicate
libpng warning: eXIf: duplicate
libpng warning: eXIf: duplicate
libpng warning: eXIf: duplicate
libpng warning: eXIf: duplicate
libpng warning: eXIf: duplicate
libpng warning: eXIf: duplicate
libpng warning: eXIf: duplicate
libpng warning: eXIf: duplicate
libpng warning: eXIf: duplicate
libpng warning: eXIf: duplicate
libpng warning: eXIf: duplicate
libpng warning: eXIf: duplicate
libpng warning: eXIf: duplicate
libpng warning: eXIf: duplicate
libpng warning: eXIf: duplicate
libpng warning: eXIf: duplicate
libpng warning: eXIf: duplicate
libpng warning: eXIf: duplicate
libpng warning: eXIf: duplicate
libpng warning: eXIf: duplicate
libpng warning: eXIf: duplicate
libpng warning: eXIf: duplicate
libpng warning: eXIf: duplicate
libpng warning: eXIf: duplicate
libpng warning: eXIf: duplicate
libpng warning: eXIf: duplicate
libpng warning: eXIf: duplicate
libpng warning: eXIf: duplicate
libpng warning: eXIf: duplicate
libpng warning: eXIf: duplicate
libpng warning: eXIf: duplicate
libpng warning: eXIf: duplicate
libpng warning: eXIf: duplicate
libpng warning: eXIf: duplicate
libpng warning: eXIf: duplicate
libpng warning: eXIf: duplicate
libpng warning: eXIf: duplicate
libpng warning: eXIf: duplicate
libpng warning: eXIf: duplicate
libpng warning: eXIf: duplicate
libpng warning: eXIf: duplicate
libpng warning: eXIf: duplicate
libpng warning: eXIf: duplicate
libpng warning: eXIf: duplicate
libpng warning: eXIf: duplicate
libpng warning: eXIf: duplicate
libpng warning: eXIf: duplicate
libpng warning: eXIf: duplicate
libpng warning: eXIf: duplicate
libpng warning: eXIf: duplicate
libpng warning: eXIf: duplicate
libpng warning: eXIf: duplicate
libpng warning: eXIf: duplicate
libpng warning: eXIf: duplicate
libpng warning: eXIf: duplicate
libpng warning: eXIf: duplicate
libpng warning: eXIf: duplicate
libpng warning: eXIf: duplicate
libpng warning: eXIf: duplicate
libpng warning: eXIf: duplicate
libpng warning: eXIf: duplicate
libpng warning: eXIf: duplicate
libpng warning: eXIf: duplicate
libpng warning: eXIf: duplicate
libpng warning: eXIf: duplicate
libpng warning: eXIf: duplicate
libpng warning: eXIf: duplicate
libpng warning: eXIf: duplicate
libpng warning: eXIf: duplicate
libpng warning: eXIf: duplicate
libpng warning: eXIf: duplicate
libpng warning: eXIf: duplicate
libpng warning: eXIf: duplicate
libpng warning: eXIf: duplicate
libpng warning: eXIf: duplicate
libpng warning: eXIf: duplicate
libpng warning: eXIf: duplicate
libpng warning: eXIf: duplicate
libpng warning: eXIf: duplicate
libpng warning: eXIf: duplicate
libpng warning: eXIf: duplicate
libpng warning: eXIf: duplicate
libpng warning: eXIf: duplicate
libpng warning: eXIf: duplicate
libpng warning: eXIf: duplicate
libpng warning: eXIf: duplicate
libpng warning: eXIf: duplicate
libpng warning: eXIf: duplicate
libpng warning: eXIf: duplicate
libpng warning: eXIf: duplicate
libpng warning: eXIf: duplicate
libpng warning: eXIf: duplicate
libpng warning: eXIf: duplicate
libpng warning: eXIf: duplicate
libpng warning: eXIf: duplicate
libpng warning: eXIf: duplicate
libpng warning: eXIf: duplicate
libpng warning: eXIf: duplicate
libpng warning: eXIf: duplicate
libpng warning: eXIf: duplicate
libpng warning: eXIf: duplicate
libpng warning: eXIf: duplicate
libpng warning: eXIf: duplicate
libpng warning: eXIf: duplicate
libpng warning: eXIf: duplicate
libpng warning: eXIf: duplicate
libpng warning: eXIf: duplicate
libpng warning: eXIf: duplicate
libpng warning: eXIf: duplicate
libpng warning: eXIf: duplicate
libpng warning: eXIf: duplicate
libpng warning: eXIf: duplicate
libpng warning: eXIf: duplicate
libpng warning: eXIf: duplicate
libpng warning: eXIf: duplicate
libpng warning: eXIf: duplicate
libpng warning: eXIf: duplicate
libpng warning: eXIf: duplicate
libpng warning: eXIf: duplicate
libpng warning: eXIf: duplicate
libpng warning: eXIf: duplicate
libpng warning: eXIf: duplicate
libpng warning: eXIf: duplicate
libpng warning: eXIf: duplicate
libpng warning: eXIf: duplicate
libpng warning: eXIf: duplicate
libpng warning: eXIf: duplicate
libpng warning: eXIf: duplicate
libpng warning: eXIf: duplicate
libpng warning: eXIf: duplicate
libpng warning: eXIf: duplicate
libpng warning: eXIf: duplicate
libpng warning: eXIf: duplicate
libpng warning: eXIf: duplicate
libpng warning: eXIf: duplicate
libpng warning: eXIf: duplicate
libpng warning: eXIf: duplicate
libpng warning: eXIf: duplicate
libpng warning: eXIf: duplicate
libpng warning: eXIf: duplicate
libpng warning: eXIf: duplicate
libpng warning: eXIf: duplicate
libpng warning: eXIf: duplicate
libpng warning: eXIf: duplicate
libpng warning: eXIf: duplicate
libpng warning: eXIf: duplicate
libpng warning: eXIf: duplicate
libpng warning: eXIf: duplicate
libpng warning: eXIf: duplicate
libpng warning: eXIf: duplicate
libpng warning: eXIf: duplicate
libpng warning: eXIf: duplicate
libpng warning: eXIf: duplicate
libpng warning: eXIf: duplicate
libpng warning: eXIf: duplicate
libpng warning: eXIf: duplicate
libpng warning: eXIf: duplicate
libpng warning: eXIf: duplicate
libpng warning: eXIf: duplicate
libpng warning: eXIf: duplicate
libpng warning: eXIf: duplicate
libpng warning: eXIf: duplicate
libpng warning: eXIf: duplicate
libpng warning: eXIf: duplicate
libpng warning: eXIf: duplicate
libpng warning: eXIf: duplicate
libpng warning: eXIf: duplicate
libpng warning: eXIf: duplicate
libpng warning: eXIf: duplicate
libpng warning: eXIf: duplicate
libpng warning: eXIf: duplicate
libpng warning: eXIf: duplicate
libpng warning: eXIf: duplicate
libpng warning: eXIf: duplicate
libpng warning: eXIf: duplicate
libpng warning: eXIf: duplicate
libpng warning: eXIf: duplicate
libpng warning: eXIf: duplicate
libpng warning: eXIf: duplicate
libpng warning: eXIf: duplicate
libpng warning: eXIf: duplicate
libpng warning: eXIf: duplicate
libpng warning: eXIf: duplicate
libpng warning: eXIf: duplicate
libpng warning: eXIf: duplicate
libpng warning: eXIf: duplicate
libpng warning: eXIf: duplicate
libpng warning: eXIf: duplicate
libpng warning: eXIf: duplicate
libpng warning: eXIf: duplicate
libpng warning: eXIf: duplicate
libpng warning: eXIf: duplicate
libpng warning: eXIf: duplicate
libpng warning: eXIf: duplicate
libpng warning: eXIf: duplicate
libpng warning: eXIf: duplicate
libpng warning: eXIf: duplicate
libpng warning: eXIf: duplicate
libpng warning: eXIf: duplicate
libpng warning: eXIf: duplicate
libpng warning: eXIf: duplicate
libpng warning: eXIf: duplicate
libpng warning: eXIf: duplicate
libpng warning: eXIf: duplicate
libpng warning: eXIf: duplicate
libpng warning: eXIf: duplicate
libpng warning: eXIf: duplicate
libpng warning: eXIf: duplicate
libpng warning: eXIf: duplicate
libpng warning: eXIf: duplicate
libpng warning: eXIf: duplicate
libpng warning: eXIf: duplicate
libpng warning: eXIf: duplicate
libpng warning: eXIf: duplicate
libpng warning: eXIf: duplicate
libpng warning: eXIf: duplicate
libpng warning: eXIf: duplicate
libpng warning: eXIf: duplicate
libpng warning: eXIf: duplicate
libpng warning: eXIf: duplicate
libpng warning: eXIf: duplicate
libpng warning: eXIf: duplicate
libpng warning: eXIf: duplicate
libpng warning: eXIf: duplicate
libpng warning: eXIf: duplicate
libpng warning: eXIf: duplicate
libpng warning: eXIf: duplicate
libpng warning: eXIf: duplicate
libpng warning: eXIf: duplicate
libpng warning: eXIf: duplicate
libpng warning: eXIf: duplicate
libpng warning: eXIf: duplicate
libpng warning: eXIf: duplicate
libpng warning: eXIf: duplicate
libpng warning: eXIf: duplicate
libpng warning: eXIf: duplicate
libpng warning: eXIf: duplicate
libpng warning: eXIf: duplicate
libpng warning: eXIf: duplicate
libpng warning: eXIf: duplicate
libpng warning: eXIf: duplicate
libpng warning: eXIf: duplicate
libpng warning: eXIf: duplicate
libpng warning: eXIf: duplicate
libpng warning: eXIf: duplicate
libpng warning: eXIf: duplicate
libpng warning: eXIf: duplicate
libpng warning: eXIf: duplicate
libpng warning: eXIf: duplicate
libpng warning: eXIf: duplicate
libpng warning: eXIf: duplicate
libpng warning: eXIf: duplicate
libpng warning: eXIf: duplicate
libpng warning: eXIf: duplicate
libpng warning: eXIf: duplicate
libpng warning: eXIf: duplicate
libpng warning: eXIf: duplicate
libpng warning: eXIf: duplicate
libpng warning: eXIf: duplicate
libpng warning: eXIf: duplicate
libpng warning: eXIf: duplicate
libpng warning: eXIf: duplicate
libpng warning: eXIf: duplicate
libpng warning: eXIf: duplicate
libpng warning: eXIf: duplicate
libpng warning: eXIf: duplicate
libpng warning: eXIf: duplicate
libpng warning: eXIf: duplicate
libpng warning: eXIf: duplicate
libpng warning: eXIf: duplicate
libpng warning: eXIf: duplicate
libpng warning: eXIf: duplicate
libpng warning: eXIf: duplicate
libpng warning: eXIf: duplicate
libpng warning: eXIf: duplicate
libpng warning: eXIf: duplicate
libpng warning: eXIf: duplicate
libpng warning: eXIf: duplicate
libpng warning: eXIf: duplicate
libpng warning: eXIf: duplicate
libpng warning: eXIf: duplicate
libpng warning: eXIf: duplicate
libpng warning: eXIf: duplicate
libpng warning: eXIf: duplicate
libpng warning: eXIf: duplicate
libpng warning: eXIf: duplicate
libpng warning: eXIf: duplicate
libpng warning: eXIf: duplicate
libpng warning: eXIf: duplicate
libpng warning: eXIf: duplicate
libpng warning: eXIf: duplicate
libpng warning: eXIf: duplicate
libpng warning: eXIf: duplicate
libpng warning: eXIf: duplicate
libpng warning: eXIf: duplicate
libpng warning: eXIf: duplicate
libpng warning: eXIf: duplicate
libpng warning: eXIf: duplicate
libpng warning: eXIf: duplicate
libpng warning: eXIf: duplicate
libpng warning: eXIf: duplicate
libpng warning: eXIf: duplicate

alpha count: 182181 183124
reverse false
base dir name: ['', '4T', 'CXY', 'MV-Painter', 'data', 'train_data']
alpha count: 187102 187057
reverse true
base dir name: ['', '4T', 'CXY', 'MV-Painter', 'data', 'train_data']
alpha count: 227963 227317
reverse true
base dir name: ['', '4T', 'CXY', 'MV-Painter', 'data', 'train_data']
alpha count: 214582 197583
reverse true
base dir name: ['', '4T', 'CXY', 'MV-Painter', 'data', 'train_data']
alpha count: 240378 232182
reverse true
base dir name: ['', '4T', 'CXY', 'MV-Painter', 'data', 'train_data']
alpha count: 244019 237799
reverse true
base dir name: ['', '4T', 'CXY', 'MV-Painter', 'data', 'train_data']
alpha count: 239193 225106
reverse true
base dir name: ['', '4T', 'CXY', 'MV-Painter', 'data', 'train_data']
alpha count: 227333 181167
reverse true
base dir name: ['', '4T', 'CXY', 'MV-Painter', 'data', 'train_data']
alpha count: 239475 214194
reverse true
base dir name: ['', '4T', 'CXY', 'MV-Painter', 'data', 'train_data']
alpha count: 243949 191145
reverse true
base dir name: ['', '4T', 'CXY', 'MV-Painter', 'data', 'train_data']
alpha count: 238696 226074
reverse true
base dir name: ['', '4T', 'CXY', 'MV-Painter', 'data', 'train_data']
alpha count: 244060 195640
reverse true
base dir name: ['', '4T', 'CXY', 'MV-Painter', 'data', 'train_data']
alpha count: 262062 262052
reverse true
base dir name: ['', '4T', 'CXY', 'MV-Painter', 'data', 'train_data']
alpha count: 248826 249388
reverse false
[1620/2000] loss=0.0223 (ema 0.0899) lr=1.05e-05 grad=0.075 | fsc_modules=2.2e-03 gsg_modules=6.5e-02 ltag=2.3e-03 | 1.1s
base dir name: ['', '4T', 'CXY', 'MV-Painter', 'data', 'train_data']
alpha count: 217531 211905
reverse true
base dir name: ['', '4T', 'CXY', 'MV-Painter', 'data', 'train_data']
alpha count: 221821 222565
reverse false
base dir name: ['', '4T', 'CXY', 'MV-Painter', 'data', 'train_data']
alpha count: 244146 238946
reverse true
base dir name: ['', '4T', 'CXY', 'MV-Painter', 'data', 'train_data']
alpha count: 213101 222473
reverse false
base dir name: ['', '4T', 'CXY', 'MV-Painter', 'data', 'train_data']
alpha count: 217145 246967
reverse false
base dir name: ['', '4T', 'CXY', 'MV-Painter', 'data', 'train_data']
alpha count: 238608 221091
reverse true
base dir name: ['', '4T', 'CXY', 'MV-Painter', 'data', 'train_data']
alpha count: 220758 231136
reverse false
base dir name: ['', '4T', 'CXY', 'MV-Painter', 'data', 'train_data']
alpha count: 250867 227169
reverse true
base dir name: ['', '4T', 'CXY', 'MV-Painter', 'data', 'train_data']
alpha count: 205678 209817
reverse false
base dir name: ['', '4T', 'CXY', 'MV-Painter', 'data', 'train_data']
alpha count: 213647 179238
reverse true
base dir name: ['', '4T', 'CXY', 'MV-Painter', 'data', 'train_data']
alpha count: 250037 252354
reverse false
base dir name: ['', '4T', 'CXY', 'MV-Painter', 'data', 'train_data']
alpha count: 222531 231131
reverse false
base dir name: ['', '4T', 'CXY', 'MV-Painter', 'data', 'train_data']
alpha count: 246629 241258
reverse true
base dir name: ['', '4T', 'CXY', 'MV-Painter', 'data', 'train_data']
alpha count: 257832 253798
reverse true
base dir name: ['', '4T', 'CXY', 'MV-Painter', 'data', 'train_data']
alpha count: 223433 186384
reverse true
base dir name: ['', '4T', 'CXY', 'MV-Painter', 'data', 'train_data']
alpha count: 209182 193418
reverse true
base dir name: ['', '4T', 'CXY', 'MV-Painter', 'data', 'train_data']
alpha count: 254447 257435
reverse false
base dir name: ['', '4T', 'CXY', 'MV-Painter', 'data', 'train_data']
alpha count: 244688 254012
reverse false
base dir name: ['', '4T', 'CXY', 'MV-Painter', 'data', 'train_data']
alpha count: 246939 231304
reverse true
base dir name: ['', '4T', 'CXY', 'MV-Painter', 'data', 'train_data']
alpha count: 213343 194693
reverse true
[1640/2000] loss=0.0373 (ema 0.0875) lr=9.56e-06 grad=0.086 | fsc_modules=1.4e-03 gsg_modules=8.2e-02 ltag=6.1e-03 | 1.0s
base dir name: ['', '4T', 'CXY', 'MV-Painter', 'data', 'train_data']
alpha count: 255521 250922
reverse true
base dir name: ['', '4T', 'CXY', 'MV-Painter', 'data', 'train_data']
alpha count: 174979 171041
reverse true
base dir name: ['', '4T', 'CXY', 'MV-Painter', 'data', 'train_data']
alpha count: 234680 235465
reverse false
base dir name: ['', '4T', 'CXY', 'MV-Painter', 'data', 'train_data']
alpha count: 249004 235153
reverse true
base dir name: ['', '4T', 'CXY', 'MV-Painter', 'data', 'train_data']
alpha count: 159571 168815
reverse false
base dir name: ['', '4T', 'CXY', 'MV-Painter', 'data', 'train_data']
alpha count: 230572 201960
reverse true
base dir name: ['', '4T', 'CXY', 'MV-Painter', 'data', 'train_data']
alpha count: 247769 255535
reverse false
base dir name: ['', '4T', 'CXY', 'MV-Painter', 'data', 'train_data']
alpha count: 250449 225262
reverse true
base dir name: ['', '4T', 'CXY', 'MV-Painter', 'data', 'train_data']
alpha count: 243300 236151
reverse true
base dir name: ['', '4T', 'CXY', 'MV-Painter', 'data', 'train_data']
alpha count: 262144 262144
reverse false
OpenCV(4.13.0) /io/opencv/modules/imgproc/src/resize.cpp:4208: error: (-215:Assertion failed) !ssize.empty() in function 'resize'

wrong path: /4T/CXY/MV-Painter/data/train_data/rendered_full/586ffc1d91924d8cb269cb59df33262b/image
base dir name: ['', '4T', 'CXY', 'MV-Painter', 'data', 'train_data']
alpha count: 206965 145418
reverse true
base dir name: ['', '4T', 'CXY', 'MV-Painter', 'data', 'train_data']
alpha count: 202239 211885
reverse false
base dir name: ['', '4T', 'CXY', 'MV-Painter', 'data', 'train_data']
alpha count: 235832 242521
reverse false
base dir name: ['', '4T', 'CXY', 'MV-Painter', 'data', 'train_data']
alpha count: 244064 257016
reverse false
base dir name: ['', '4T', 'CXY', 'MV-Painter', 'data', 'train_data']
alpha count: 234311 226500
reverse true
base dir name: ['', '4T', 'CXY', 'MV-Painter', 'data', 'train_data']
alpha count: 242045 227105
reverse true
base dir name: ['', '4T', 'CXY', 'MV-Painter', 'data', 'train_data']
alpha count: 251115 259077
reverse false
base dir name: ['', '4T', 'CXY', 'MV-Painter', 'data', 'train_data']
alpha count: 173385 178334
reverse false
base dir name: ['', '4T', 'CXY', 'MV-Painter', 'data', 'train_data']
alpha count: 202204 208519
reverse false
base dir name: ['', '4T', 'CXY', 'MV-Painter', 'data', 'train_data']
alpha count: 223463 218209
reverse true
base dir name: ['', '4T', 'CXY', 'MV-Painter', 'data', 'train_data']
alpha count: 165716 133854
reverse true
[1660/2000] loss=0.0775 (ema 0.0890) lr=8.66e-06 grad=0.363 | fsc_modules=7.9e-03 gsg_modules=2.8e-01 ltag=2.7e-02 | 1.3s
base dir name: ['', '4T', 'CXY', 'MV-Painter', 'data', 'train_data']
alpha count: 187491 188937
reverse false
base dir name: ['', '4T', 'CXY', 'MV-Painter', 'data', 'train_data']
alpha count: 242246 234053
reverse true
base dir name: ['', '4T', 'CXY', 'MV-Painter', 'data', 'train_data']
alpha count: 240004 190958
reverse true
base dir name: ['', '4T', 'CXY', 'MV-Painter', 'data', 'train_data']
alpha count: 210217 227233
reverse false
base dir name: ['', '4T', 'CXY', 'MV-Painter', 'data', 'train_data']
alpha count: 230845 206723
reverse true
base dir name: ['', '4T', 'CXY', 'MV-Painter', 'data', 'train_data']
alpha count: 253797 259397
reverse false
base dir name: ['', '4T', 'CXY', 'MV-Painter', 'data', 'train_data']
alpha count: 204685 205579
reverse false
base dir name: ['', '4T', 'CXY', 'MV-Painter', 'data', 'train_data']
alpha count: 160396 160397
reverse false
base dir name: ['', '4T', 'CXY', 'MV-Painter', 'data', 'train_data']
alpha count: 256551 261337
reverse false
base dir name: ['', '4T', 'CXY', 'MV-Painter', 'data', 'train_data']
alpha count: 262144 249260
reverse true
base dir name: ['', '4T', 'CXY', 'MV-Painter', 'data', 'train_data']
alpha count: 228707 211544
reverse true
base dir name: ['', '4T', 'CXY', 'MV-Painter', 'data', 'train_data']
alpha count: 255485 248570
reverse true
base dir name: ['', '4T', 'CXY', 'MV-Painter', 'data', 'train_data']
alpha count: 47962 257351
reverse false
base dir name: ['', '4T', 'CXY', 'MV-Painter', 'data', 'train_data']
alpha count: 236552 249026
reverse false
base dir name: ['', '4T', 'CXY', 'MV-Painter', 'data', 'train_data']
alpha count: 249319 254262
reverse false
base dir name:libpng warning: eXIf: duplicate
libpng warning: eXIf: duplicate
libpng warning: eXIf: duplicate
libpng warning: eXIf: duplicate
libpng warning: eXIf: duplicate
libpng warning: eXIf: duplicate
libpng warning: eXIf: duplicate
libpng warning: eXIf: duplicate
libpng warning: eXIf: duplicate
libpng warning: eXIf: duplicate
libpng warning: eXIf: duplicate
libpng warning: eXIf: duplicate
libpng warning: eXIf: duplicate
libpng warning: eXIf: duplicate
libpng warning: eXIf: duplicate
libpng warning: eXIf: duplicate
libpng warning: eXIf: duplicate
libpng warning: eXIf: duplicate
libpng warning: eXIf: duplicate
libpng warning: eXIf: duplicate
libpng warning: eXIf: duplicate
libpng warning: eXIf: duplicate
libpng warning: eXIf: duplicate
libpng warning: eXIf: duplicate
libpng warning: eXIf: duplicate
libpng warning: eXIf: duplicate
libpng warning: eXIf: duplicate
libpng warning: eXIf: duplicate
libpng warning: eXIf: duplicate
libpng warning: eXIf: duplicate
libpng warning: eXIf: duplicate
libpng warning: eXIf: duplicate
libpng warning: eXIf: duplicate
libpng warning: eXIf: duplicate
libpng warning: eXIf: duplicate
libpng warning: eXIf: duplicate
libpng warning: eXIf: duplicate
libpng warning: eXIf: duplicate
libpng warning: eXIf: duplicate
libpng warning: eXIf: duplicate
libpng warning: eXIf: duplicate
libpng warning: eXIf: duplicate
libpng warning: eXIf: duplicate
libpng warning: eXIf: duplicate
libpng warning: eXIf: duplicate
libpng warning: eXIf: duplicate
libpng warning: eXIf: duplicate
libpng warning: eXIf: duplicate
libpng warning: eXIf: duplicate
libpng warning: eXIf: duplicate
libpng warning: eXIf: duplicate
libpng warning: eXIf: duplicate
libpng warning: eXIf: duplicate
libpng warning: eXIf: duplicate
libpng warning: eXIf: duplicate
libpng warning: eXIf: duplicate
libpng warning: eXIf: duplicate
libpng warning: eXIf: duplicate
libpng warning: eXIf: duplicate
libpng warning: eXIf: duplicate
libpng warning: eXIf: duplicate
libpng warning: eXIf: duplicate
libpng warning: eXIf: duplicate
libpng warning: eXIf: duplicate
libpng warning: eXIf: duplicate
libpng warning: eXIf: duplicate
libpng warning: eXIf: duplicate
libpng warning: eXIf: duplicate
libpng warning: eXIf: duplicate
libpng warning: eXIf: duplicate
libpng warning: eXIf: duplicate
libpng warning: eXIf: duplicate
libpng warning: eXIf: duplicate
libpng warning: eXIf: duplicate
libpng warning: eXIf: duplicate
libpng warning: eXIf: duplicate
libpng warning: eXIf: duplicate
libpng warning: eXIf: duplicate
libpng warning: eXIf: duplicate
libpng warning: eXIf: duplicate
libpng warning: eXIf: duplicate
libpng warning: eXIf: duplicate
libpng warning: eXIf: duplicate
libpng warning: eXIf: duplicate
libpng warning: eXIf: duplicate
libpng warning: eXIf: duplicate
libpng warning: eXIf: duplicate
libpng warning: eXIf: duplicate
libpng warning: eXIf: duplicate
libpng warning: eXIf: duplicate
libpng warning: eXIf: duplicate
libpng warning: eXIf: duplicate
libpng warning: eXIf: duplicate
libpng warning: eXIf: duplicate
libpng warning: eXIf: duplicate
libpng warning: eXIf: duplicate
libpng warning: eXIf: duplicate
libpng warning: eXIf: duplicate
libpng warning: eXIf: duplicate
libpng warning: eXIf: duplicate
libpng warning: eXIf: duplicate
libpng warning: eXIf: duplicate
libpng warning: eXIf: duplicate
libpng warning: eXIf: duplicate
libpng warning: eXIf: duplicate
libpng warning: eXIf: duplicate
libpng warning: eXIf: duplicate
libpng warning: eXIf: duplicate
libpng warning: eXIf: duplicate
libpng warning: eXIf: duplicate
libpng warning: eXIf: duplicate
libpng warning: eXIf: duplicate
libpng warning: eXIf: duplicate
libpng warning: eXIf: duplicate
libpng warning: eXIf: duplicate
libpng warning: eXIf: duplicate
libpng warning: eXIf: duplicate
libpng warning: eXIf: duplicate
libpng warning: eXIf: duplicate
libpng warning: eXIf: duplicate
libpng warning: eXIf: duplicate
libpng warning: eXIf: duplicate
libpng warning: eXIf: duplicate
libpng warning: eXIf: duplicate
libpng warning: eXIf: duplicate
libpng warning: eXIf: duplicate
libpng warning: eXIf: duplicate
libpng warning: eXIf: duplicate
libpng warning: eXIf: duplicate
libpng warning: eXIf: duplicate
libpng warning: eXIf: duplicate
libpng warning: eXIf: duplicate
libpng warning: eXIf: duplicate
libpng warning: eXIf: duplicate
libpng warning: eXIf: duplicate
libpng warning: eXIf: duplicate
libpng warning: eXIf: duplicate
libpng warning: eXIf: duplicate
libpng warning: eXIf: duplicate
libpng warning: eXIf: duplicate
libpng warning: eXIf: duplicate
libpng warning: eXIf: duplicate
libpng warning: eXIf: duplicate
libpng warning: eXIf: duplicate
libpng warning: eXIf: duplicate
libpng warning: eXIf: duplicate
libpng warning: eXIf: duplicate
libpng warning: eXIf: duplicate
libpng warning: eXIf: duplicate
libpng warning: eXIf: duplicate
libpng warning: eXIf: duplicate
libpng warning: eXIf: duplicate
libpng warning: eXIf: duplicate
libpng warning: eXIf: duplicate
libpng warning: eXIf: duplicate
libpng warning: eXIf: duplicate
libpng warning: eXIf: duplicate
libpng warning: eXIf: duplicate
libpng warning: eXIf: duplicate
libpng warning: eXIf: duplicate
libpng warning: eXIf: duplicate
libpng warning: eXIf: duplicate
libpng warning: eXIf: duplicate
libpng warning: eXIf: duplicate
libpng warning: eXIf: duplicate
libpng warning: eXIf: duplicate
libpng warning: eXIf: duplicate
libpng warning: eXIf: duplicate
libpng warning: eXIf: duplicate
libpng warning: eXIf: duplicate
libpng warning: eXIf: duplicate
libpng warning: eXIf: duplicate
libpng warning: eXIf: duplicate
libpng warning: eXIf: duplicate
libpng warning: eXIf: duplicate
libpng warning: eXIf: duplicate
libpng warning: eXIf: duplicate
libpng warning: eXIf: duplicate
libpng warning: eXIf: duplicate
libpng warning: eXIf: duplicate
libpng warning: eXIf: duplicate
libpng warning: eXIf: duplicate
libpng warning: eXIf: duplicate
libpng warning: eXIf: duplicate
libpng warning: eXIf: duplicate
libpng warning: eXIf: duplicate
libpng warning: eXIf: duplicate
libpng warning: eXIf: duplicate
libpng warning: eXIf: duplicate
libpng warning: eXIf: duplicate
libpng warning: eXIf: duplicate
libpng warning: eXIf: duplicate
libpng warning: eXIf: duplicate
libpng warning: eXIf: duplicate
libpng warning: eXIf: duplicate
libpng warning: eXIf: duplicate
libpng warning: eXIf: duplicate
libpng warning: eXIf: duplicate
libpng warning: eXIf: duplicate
libpng warning: eXIf: duplicate
libpng warning: eXIf: duplicate
libpng warning: eXIf: duplicate
libpng warning: eXIf: duplicate
libpng warning: eXIf: duplicate
libpng warning: eXIf: duplicate
libpng warning: eXIf: duplicate
libpng warning: eXIf: duplicate
libpng warning: eXIf: duplicate
libpng warning: eXIf: duplicate
libpng warning: eXIf: duplicate
libpng warning: eXIf: duplicate
libpng warning: eXIf: duplicate
libpng warning: eXIf: duplicate
libpng warning: eXIf: duplicate
libpng warning: eXIf: duplicate
libpng warning: eXIf: duplicate
libpng warning: eXIf: duplicate
libpng warning: eXIf: duplicate
libpng warning: eXIf: duplicate
libpng warning: eXIf: duplicate
libpng warning: eXIf: duplicate
libpng warning: eXIf: duplicate
libpng warning: eXIf: duplicate
libpng warning: eXIf: duplicate
libpng warning: eXIf: duplicate
libpng warning: eXIf: duplicate
libpng warning: eXIf: duplicate
libpng warning: eXIf: duplicate
libpng warning: eXIf: duplicate
libpng warning: eXIf: duplicate
libpng warning: eXIf: duplicate
libpng warning: eXIf: duplicate
libpng warning: eXIf: duplicate
libpng warning: eXIf: duplicate
libpng warning: eXIf: duplicate
libpng warning: eXIf: duplicate
libpng warning: eXIf: duplicate
libpng warning: eXIf: duplicate
libpng warning: eXIf: duplicate
libpng warning: eXIf: duplicate
libpng warning: eXIf: duplicate
libpng warning: eXIf: duplicate
libpng warning: eXIf: duplicate
libpng warning: eXIf: duplicate
libpng warning: eXIf: duplicate
libpng warning: eXIf: duplicate
libpng warning: eXIf: duplicate
libpng warning: eXIf: duplicate
libpng warning: eXIf: duplicate
libpng warning: eXIf: duplicate
libpng warning: eXIf: duplicate
libpng warning: eXIf: duplicate
libpng warning: eXIf: duplicate
libpng warning: eXIf: duplicate
libpng warning: eXIf: duplicate
libpng warning: eXIf: duplicate
libpng warning: eXIf: duplicate
libpng warning: eXIf: duplicate
libpng warning: eXIf: duplicate
libpng warning: eXIf: duplicate
libpng warning: eXIf: duplicate
libpng warning: eXIf: duplicate
libpng warning: eXIf: duplicate
libpng warning: eXIf: duplicate
libpng warning: eXIf: duplicate
libpng warning: eXIf: duplicate
libpng warning: eXIf: duplicate
libpng warning: eXIf: duplicate
libpng warning: eXIf: duplicate
libpng warning: eXIf: duplicate
libpng warning: eXIf: duplicate
libpng warning: eXIf: duplicate
libpng warning: eXIf: duplicate
libpng warning: eXIf: duplicate
libpng warning: eXIf: duplicate
libpng warning: eXIf: duplicate
libpng warning: eXIf: duplicate
libpng warning: eXIf: duplicate
libpng warning: eXIf: duplicate
libpng warning: eXIf: duplicate
libpng warning: eXIf: duplicate
libpng warning: eXIf: duplicate
libpng warning: eXIf: duplicate
libpng warning: eXIf: duplicate
libpng warning: eXIf: duplicate
libpng warning: eXIf: duplicate
libpng warning: eXIf: duplicate
libpng warning: eXIf: duplicate
libpng warning: eXIf: duplicate
libpng warning: eXIf: duplicate
libpng warning: eXIf: duplicate
libpng warning: eXIf: duplicate
libpng warning: eXIf: duplicate
libpng warning: eXIf: duplicate
libpng warning: eXIf: duplicate
libpng warning: eXIf: duplicate
libpng warning: eXIf: duplicate
libpng warning: eXIf: duplicate
libpng warning: eXIf: duplicate
libpng warning: eXIf: duplicate
libpng warning: eXIf: duplicate
libpng warning: eXIf: duplicate
libpng warning: eXIf: duplicate
libpng warning: eXIf: duplicate
libpng warning: eXIf: duplicate
libpng warning: eXIf: duplicate
libpng warning: eXIf: duplicate
libpng warning: eXIf: duplicate
libpng warning: eXIf: duplicate
libpng warning: eXIf: duplicate
libpng warning: eXIf: duplicate
libpng warning: eXIf: duplicate
libpng warning: eXIf: duplicate
libpng warning: eXIf: duplicate
libpng warning: eXIf: duplicate
libpng warning: eXIf: duplicate
libpng warning: eXIf: duplicate
libpng warning: eXIf: duplicate
libpng warning: eXIf: duplicate
libpng warning: eXIf: duplicate
libpng warning: eXIf: duplicate
libpng warning: eXIf: duplicate
libpng warning: eXIf: duplicate
libpng warning: eXIf: duplicate
libpng warning: eXIf: duplicate
libpng warning: eXIf: duplicate
libpng warning: eXIf: duplicate
libpng warning: eXIf: duplicate
libpng warning: eXIf: duplicate
libpng warning: eXIf: duplicate
libpng warning: eXIf: duplicate
libpng warning: eXIf: duplicate
libpng warning: eXIf: duplicate
libpng warning: eXIf: duplicate
libpng warning: eXIf: duplicate
libpng warning: eXIf: duplicate
libpng warning: eXIf: duplicate
libpng warning: eXIf: duplicate
libpng warning: eXIf: duplicate
libpng warning: eXIf: duplicate
libpng warning: eXIf: duplicate
libpng warning: eXIf: duplicate
libpng warning: eXIf: duplicate
libpng warning: eXIf: duplicate
libpng warning: eXIf: duplicate
libpng warning: eXIf: duplicate
libpng warning: eXIf: duplicate
libpng warning: eXIf: duplicate
libpng warning: eXIf: duplicate
libpng warning: eXIf: duplicate
libpng warning: eXIf: duplicate
libpng warning: eXIf: duplicate
libpng warning: eXIf: duplicate
libpng warning: eXIf: duplicate
libpng warning: eXIf: duplicate
libpng warning: eXIf: duplicate
libpng warning: eXIf: duplicate
libpng warning: eXIf: duplicate
libpng warning: eXIf: duplicate
libpng warning: eXIf: duplicate
libpng warning: eXIf: duplicate
libpng warning: eXIf: duplicate
libpng warning: eXIf: duplicate
libpng warning: eXIf: duplicate
libpng warning: eXIf: duplicate
libpng warning: eXIf: duplicate
libpng warning: eXIf: duplicate
libpng warning: eXIf: duplicate
libpng warning: eXIf: duplicate
libpng warning: eXIf: duplicate
libpng warning: eXIf: duplicate
libpng warning: eXIf: duplicate
libpng warning: eXIf: duplicate
libpng warning: eXIf: duplicate
libpng warning: eXIf: duplicate
libpng warning: eXIf: duplicate
libpng warning: eXIf: duplicate
libpng warning: eXIf: duplicate
libpng warning: eXIf: duplicate
libpng warning: eXIf: duplicate
libpng warning: eXIf: duplicate
libpng warning: eXIf: duplicate
libpng warning: eXIf: duplicate
libpng warning: eXIf: duplicate
libpng warning: eXIf: duplicate
libpng warning: eXIf: duplicate
libpng warning: eXIf: duplicate
libpng warning: eXIf: duplicate
libpng warning: eXIf: duplicate
libpng warning: eXIf: duplicate
libpng warning: eXIf: duplicate
libpng warning: eXIf: duplicate
libpng warning: eXIf: duplicate
libpng warning: eXIf: duplicate
libpng warning: eXIf: duplicate
libpng warning: eXIf: duplicate
libpng warning: eXIf: duplicate
libpng warning: eXIf: duplicate
libpng warning: eXIf: duplicate
libpng warning: eXIf: duplicate
libpng warning: eXIf: duplicate
libpng warning: eXIf: duplicate
libpng warning: eXIf: duplicate
libpng warning: eXIf: duplicate
libpng warning: eXIf: duplicate
libpng warning: eXIf: duplicate
libpng warning: eXIf: duplicate
libpng warning: eXIf: duplicate
libpng warning: eXIf: duplicate
libpng warning: eXIf: duplicate
libpng warning: eXIf: duplicate
libpng warning: eXIf: duplicate
libpng warning: eXIf: duplicate
libpng warning: eXIf: duplicate
libpng warning: eXIf: duplicate
libpng warning: eXIf: duplicate
libpng warning: eXIf: duplicate
libpng warning: eXIf: duplicate
libpng warning: eXIf: duplicate
libpng warning: eXIf: duplicate
libpng warning: eXIf: duplicate
libpng warning: eXIf: duplicate
libpng warning: eXIf: duplicate
libpng warning: eXIf: duplicate
libpng warning: eXIf: duplicate
libpng warning: eXIf: duplicate
libpng warning: eXIf: duplicate
libpng warning: eXIf: duplicate
libpng warning: eXIf: duplicate
libpng warning: eXIf: duplicate
libpng warning: eXIf: duplicate
libpng warning: eXIf: duplicate
libpng warning: eXIf: duplicate
libpng warning: eXIf: duplicate
libpng warning: eXIf: duplicate
libpng warning: eXIf: duplicate
libpng warning: eXIf: duplicate
libpng warning: eXIf: duplicate
libpng warning: eXIf: duplicate
libpng warning: eXIf: duplicate
libpng warning: eXIf: duplicate
libpng warning: eXIf: duplicate
libpng warning: eXIf: duplicate
libpng warning: eXIf: duplicate
libpng warning: eXIf: duplicate
libpng warning: eXIf: duplicate
libpng warning: eXIf: duplicate
libpng warning: eXIf: duplicate
libpng warning: eXIf: duplicate
libpng warning: eXIf: duplicate
libpng warning: eXIf: duplicate
libpng warning: eXIf: duplicate
libpng warning: eXIf: duplicate
libpng warning: eXIf: duplicate
libpng warning: eXIf: duplicate
libpng warning: eXIf: duplicate
libpng warning: eXIf: duplicate
libpng warning: eXIf: duplicate
libpng warning: eXIf: duplicate
libpng warning: eXIf: duplicate
libpng warning: eXIf: duplicate
libpng warning: eXIf: duplicate
libpng warning: eXIf: duplicate
libpng warning: eXIf: duplicate
libpng warning: eXIf: duplicate
libpng warning: eXIf: duplicate
libpng warning: eXIf: duplicate
libpng warning: eXIf: duplicate
libpng warning: eXIf: duplicate
libpng warning: eXIf: duplicate
libpng warning: eXIf: duplicate
libpng warning: eXIf: duplicate
libpng warning: eXIf: duplicate
libpng warning: eXIf: duplicate
libpng warning: eXIf: duplicate
libpng warning: eXIf: duplicate
libpng warning: eXIf: duplicate
libpng warning: eXIf: duplicate
libpng warning: eXIf: duplicate
libpng warning: eXIf: duplicate
libpng warning: eXIf: duplicate
libpng warning: eXIf: duplicate
libpng warning: eXIf: duplicate
libpng warning: eXIf: duplicate
libpng warning: eXIf: duplicate
libpng warning: eXIf: duplicate
libpng warning: eXIf: duplicate
libpng warning: eXIf: duplicate
libpng warning: eXIf: duplicate
libpng warning: eXIf: duplicate
libpng warning: eXIf: duplicate
libpng warning: eXIf: duplicate
libpng warning: eXIf: duplicate
libpng warning: eXIf: duplicate
libpng warning: eXIf: duplicate
libpng warning: eXIf: duplicate
libpng warning: eXIf: duplicate
libpng warning: eXIf: duplicate
libpng warning: eXIf: duplicate
libpng warning: eXIf: duplicate
libpng warning: eXIf: duplicate
libpng warning: eXIf: duplicate
libpng warning: eXIf: duplicate
libpng warning: eXIf: duplicate
libpng warning: eXIf: duplicate
libpng warning: eXIf: duplicate
libpng warning: eXIf: duplicate
libpng warning: eXIf: duplicate
libpng warning: eXIf: duplicate
libpng warning: eXIf: duplicate
libpng warning: eXIf: duplicate
libpng warning: eXIf: duplicate
libpng warning: eXIf: duplicate
libpng warning: eXIf: duplicate
libpng warning: eXIf: duplicate
libpng warning: eXIf: duplicate
libpng warning: eXIf: duplicate
libpng warning: eXIf: duplicate
libpng warning: eXIf: duplicate
libpng warning: eXIf: duplicate
libpng warning: eXIf: duplicate
libpng warning: eXIf: duplicate
libpng warning: eXIf: duplicate
libpng warning: eXIf: duplicate
libpng warning: eXIf: duplicate
libpng warning: eXIf: duplicate
libpng warning: eXIf: duplicate
libpng warning: eXIf: duplicate
libpng warning: eXIf: duplicate
libpng warning: eXIf: duplicate
libpng warning: eXIf: duplicate
libpng warning: eXIf: duplicate
libpng warning: eXIf: duplicate
libpng warning: eXIf: duplicate
libpng warning: eXIf: duplicate
libpng warning: eXIf: duplicate
libpng warning: eXIf: duplicate
libpng warning: eXIf: duplicate
libpng warning: eXIf: duplicate
libpng warning: eXIf: duplicate
libpng warning: eXIf: duplicate
libpng warning: eXIf: duplicate
libpng warning: eXIf: duplicate
libpng warning: eXIf: duplicate
libpng warning: eXIf: duplicate
libpng warning: eXIf: duplicate
libpng warning: eXIf: duplicate
libpng warning: eXIf: duplicate
libpng warning: eXIf: duplicate
libpng warning: eXIf: duplicate
libpng warning: eXIf: duplicate
libpng warning: eXIf: duplicate
libpng warning: eXIf: duplicate
libpng warning: eXIf: duplicate
libpng warning: eXIf: duplicate
libpng warning: eXIf: duplicate
libpng warning: eXIf: duplicate
libpng warning: eXIf: duplicate
libpng warning: eXIf: duplicate
libpng warning: eXIf: duplicate
libpng warning: eXIf: duplicate
libpng warning: eXIf: duplicate
libpng warning: eXIf: duplicate
libpng warning: eXIf: duplicate
libpng warning: eXIf: duplicate
libpng warning: eXIf: duplicate
libpng warning: eXIf: duplicate
libpng warning: eXIf: duplicate
libpng warning: eXIf: duplicate
libpng warning: eXIf: duplicate
libpng warning: eXIf: duplicate
libpng warning: eXIf: duplicate
libpng warning: eXIf: duplicate
libpng warning: eXIf: duplicate
libpng warning: eXIf: duplicate
libpng warning: eXIf: duplicate
libpng warning: eXIf: duplicate
libpng warning: eXIf: duplicate
libpng warning: eXIf: duplicate
libpng warning: eXIf: duplicate
libpng warning: eXIf: duplicate
libpng warning: eXIf: duplicate
libpng warning: eXIf: duplicate
libpng warning: eXIf: duplicate
libpng warning: eXIf: duplicate
libpng warning: eXIf: duplicate
libpng warning: eXIf: duplicate
libpng warning: eXIf: duplicate
libpng warning: eXIf: duplicate
libpng warning: eXIf: duplicate
libpng warning: eXIf: duplicate
libpng warning: eXIf: duplicate
libpng warning: eXIf: duplicate
libpng warning: eXIf: duplicate
libpng warning: eXIf: duplicate
libpng warning: eXIf: duplicate
libpng warning: eXIf: duplicate
libpng warning: eXIf: duplicate
libpng warning: eXIf: duplicate
libpng warning: eXIf: duplicate
libpng warning: eXIf: duplicate
libpng warning: eXIf: duplicate
libpng warning: eXIf: duplicate
libpng warning: eXIf: duplicate
libpng warning: eXIf: duplicate
libpng warning: eXIf: duplicate
libpng warning: eXIf: duplicate
libpng warning: eXIf: duplicate
libpng warning: eXIf: duplicate
libpng warning: eXIf: duplicate
libpng warning: eXIf: duplicate
libpng warning: eXIf: duplicate
libpng warning: eXIf: duplicate
libpng warning: eXIf: duplicate
libpng warning: eXIf: duplicate
libpng warning: eXIf: duplicate
libpng warning: eXIf: duplicate
libpng warning: eXIf: duplicate
libpng warning: eXIf: duplicate
libpng warning: eXIf: duplicate
libpng warning: eXIf: duplicate
libpng warning: eXIf: duplicate
libpng warning: eXIf: duplicate
libpng warning: eXIf: duplicate
libpng warning: eXIf: duplicate
libpng warning: eXIf: duplicate
libpng warning: eXIf: duplicate
libpng warning: eXIf: duplicate
libpng warning: eXIf: duplicate
libpng warning: eXIf: duplicate
 ['', '4T', 'CXY', 'MV-Painter', 'data', 'train_data']
alpha count: 252343 230787
reverse true
base dir name: ['', '4T', 'CXY', 'MV-Painter', 'data', 'train_data']
alpha count: 242818 236415
reverse true
base dir name: ['', '4T', 'CXY', 'MV-Painter', 'data', 'train_data']
alpha count: 195796 219988
reverse false
base dir name: ['', '4T', 'CXY', 'MV-Painter', 'data', 'train_data']
alpha count: 253001 239593
reverse true
base dir name: ['', '4T', 'CXY', 'MV-Painter', 'data', 'train_data']
alpha count: 179923 179349
reverse true
[1680/2000] loss=0.0647 (ema 0.0904) lr=7.81e-06 grad=0.587 | fsc_modules=1.1e-02 gsg_modules=4.7e-01 ltag=2.3e-02 | 1.1s
base dir name: ['', '4T', 'CXY', 'MV-Painter', 'data', 'train_data']
alpha count: 246905 244338
reverse true
base dir name: ['', '4T', 'CXY', 'MV-Painter', 'data', 'train_data']
alpha count: 247244 165289
reverse true
base dir name: ['', '4T', 'CXY', 'MV-Painter', 'data', 'train_data']
alpha count: 227051 230817
reverse false
base dir name: ['', '4T', 'CXY', 'MV-Painter', 'data', 'train_data']
alpha count: 250165 257232
reverse false
base dir name: ['', '4T', 'CXY', 'MV-Painter', 'data', 'train_data']
alpha count: 193424 190198
reverse true
base dir name: ['', '4T', 'CXY', 'MV-Painter', 'data', 'train_data']
alpha count: 255275 254653
reverse true
base dir name: ['', '4T', 'CXY', 'MV-Painter', 'data', 'train_data']
alpha count: 261407 260890
reverse true
base dir name: ['', '4T', 'CXY', 'MV-Painter', 'data', 'train_data']
alpha count: 257478 235874
reverse true
base dir name: ['', '4T', 'CXY', 'MV-Painter', 'data', 'train_data']
alpha count: 217180 223336
reverse false
base dir name: ['', '4T', 'CXY', 'MV-Painter', 'data', 'train_data']
alpha count: 214173 221110
reverse false
base dir name: ['', '4T', 'CXY', 'MV-Painter', 'data', 'train_data']
alpha count: 210620 213690
reverse false
base dir name: ['', '4T', 'CXY', 'MV-Painter', 'data', 'train_data']
alpha count: 221309 217593
reverse true
base dir name: ['', '4T', 'CXY', 'MV-Painter', 'data', 'train_data']
alpha count: 251661 257641
reverse false
base dir name: ['', '4T', 'CXY', 'MV-Painter', 'data', 'train_data']
alpha count: 250837 259316
reverse false
base dir name: ['', '4T', 'CXY', 'MV-Painter', 'data', 'train_data']
alpha count: 256096 245584
reverse true
base dir name: ['', '4T', 'CXY', 'MV-Painter', 'data', 'train_data']
alpha count: 244629 227699
reverse true
base dir name: ['', '4T', 'CXY', 'MV-Painter', 'data', 'train_data']
alpha count: 242738 220179
reverse true
base dir name: ['', '4T', 'CXY', 'MV-Painter', 'data', 'train_data']
alpha count: 141084 164900
reverse false
base dir name: ['', '4T', 'CXY', 'MV-Painter', 'data', 'train_data']
alpha count: 237626 235521
reverse true
base dir name: ['', '4T', 'CXY', 'MV-Painter', 'data', 'train_data']
alpha count: 191460 175593
reverse true
[1700/2000] loss=0.1055 (ema 0.0928) lr=7.01e-06 grad=0.157 | fsc_modules=3.8e-03 gsg_modules=1.1e-01 ltag=6.5e-03 | 1.5s
base dir name: ['', '4T', 'CXY', 'MV-Painter', 'data', 'train_data']
alpha count: 251973 218276
reverse true
base dir name: ['', '4T', 'CXY', 'MV-Painter', 'data', 'train_data']
alpha count: 189197 201408
reverse false
base dir name: ['', '4T', 'CXY', 'MV-Painter', 'data', 'train_data']
alpha count: 241509 216668
reverse true
base dir name: ['', '4T', 'CXY', 'MV-Painter', 'data', 'train_data']
alpha count: 253208 233869
reverse true
base dir name: ['', '4T', 'CXY', 'MV-Painter', 'data', 'train_data']
alpha count: 229083 249886
reverse false
base dir name: ['', '4T', 'CXY', 'MV-Painter', 'data', 'train_data']
alpha count: 255933 260771
reverse false
base dir name: ['', '4T', 'CXY', 'MV-Painter', 'data', 'train_data']
alpha count: 262144 0
reverse true
base dir name: ['', '4T', 'CXY', 'MV-Painter', 'data', 'train_data']
alpha count: 238632 250170
reverse false
base dir name: ['', '4T', 'CXY', 'MV-Painter', 'data', 'train_data']
alpha count: 248497 249500
reverse false
base dir name: ['', '4T', 'CXY', 'MV-Painter', 'data', 'train_data']
alpha count: 231711 231677
reverse true
base dir name: ['', '4T', 'CXY', 'MV-Painter', 'data', 'train_data']
alpha count: 251921 257216
reverse false
base dir name: ['', '4T', 'CXY', 'MV-Painter', 'data', 'train_data']
alpha count: 257051 255861
reverse true
base dir name: ['', '4T', 'CXY', 'MV-Painter', 'data', 'train_data']
alpha count: 247403 244591
reverse true
base dir name: ['', '4T', 'CXY', 'MV-Painter', 'data', 'train_data']
alpha count: 219087 238684
reverse false
base dir name: ['', '4T', 'CXY', 'MV-Painter', 'data', 'train_data']
alpha count: 249532 233855
reverse true
base dir name: ['', '4T', 'CXY', 'MV-Painter', 'data', 'train_data']
alpha count: 238359 242441
reverse false
base dir name: ['', '4T', 'CXY', 'MV-Painter', 'data', 'train_data']
alpha count: 246610 237906
reverse true
base dir name: ['', '4T', 'CXY', 'MV-Painter', 'data', 'train_data']
alpha count: 232534 230798
reverse true
base dir name: ['', '4T', 'CXY', 'MV-Painter', 'data', 'train_data']
alpha count: 242170 223872
reverse true
base dir name: ['', '4T', 'CXY', 'MV-Painter', 'data', 'train_data']
alpha count: 257873 231031
reverse true
[1720/2000] loss=0.0738 (ema 0.0893) lr=6.25e-06 grad=0.094 | fsc_modules=2.6e-03 gsg_modules=5.9e-02 ltag=1.2e-02 | 1.2s
base dir name: ['', '4T', 'CXY', 'MV-Painter', 'data', 'train_data']
alpha count: 222917 222408
reverse true
base dir name: ['', '4T', 'CXY', 'MV-Painter', 'data', 'train_data']
alpha count: 248821 252189
reverse false
base dir name: ['', '4T', 'CXY', 'MV-Painter', 'data', 'train_data']
alpha count: 249342 214337
reverse true
base dir name: ['', '4T', 'CXY', 'MV-Painter', 'data', 'train_data']
alpha count: 249842 225125
reverse true
base dir name: ['', '4T', 'CXY', 'MV-Painter', 'data', 'train_data']
alpha count: 228407 253356
reverse false
base dir name: ['', '4T', 'CXY', 'MV-Painter', 'data', 'train_data']
alpha count: 212932 227958
reverse false
base dir name: ['', '4T', 'CXY', 'MV-Painter', 'data', 'train_data']
alpha count: 256614 245110
reverse true
base dir name: ['', '4T', 'CXY', 'MV-Painter', 'data', 'train_data']
alpha count: 242939 252541
reverse false
base dir name: ['', '4T', 'CXY', 'MV-Painter', 'data', 'train_data']
alpha count: 246090 230708
reverse true
base dir name: ['', '4T', 'CXY', 'MV-Painter', 'data', 'train_data']
alpha count: 216580 227413
reverse false
base dir name: ['', '4T', 'CXY', 'MV-Painter', 'data', 'train_data']
alpha count: 240499 194156
reverse true
base dir name: ['', '4T', 'CXY', 'MV-Painter', 'data', 'train_data']
alpha count: 199846 224277
reverse false
base dir name: ['', '4T', 'CXY', 'MV-Painter', 'data', 'train_data']
alpha count: 248917 233257
reverse true
base dir name: ['', '4T', 'CXY', 'MV-Painter', 'data', 'train_data']
alpha count: 258187 234226
reverse true
base dir name: ['', '4T', 'CXY', 'MV-Painter', 'data', 'train_data']
alpha count: 247246 232225
reverse true
base dir name: ['', '4T', 'CXY', 'MV-Painter', 'data', 'train_data']
alpha count: 197120 176732
reverse true
base dir name: ['', '4T', 'CXY', 'MV-Painter', 'data', 'train_data']
alpha count: 245888 246955
reverse false
base dir name: ['', '4T', 'CXY', 'MV-Painter', 'data', 'train_data']
alpha count: 238829 231870
reverse true
base dir name: ['', '4T', 'CXY', 'MV-Painter', 'data', 'train_data']
alpha count: 248550 238472
reverse true
base dir name: ['', '4T', 'CXY', 'MV-Painter', 'data', 'train_data']
alpha count: 240185 240019
reverse true
[1740/2000] loss=0.0413 (ema 0.0889) lr=5.54e-06 grad=0.362 | fsc_modules=7.2e-03 gsg_modules=3.1e-01 ltag=1.5e-02 | 1.3s
base dir name: ['', '4T', 'CXY', 'MV-Painter', 'data', 'train_data']
alpha count: 218196 234290
reverse false
base dir name: ['', '4T', 'CXY', 'MV-Painter', 'data', 'train_data']
alpha count: 240340 198194
reverse true
base dir name: ['', '4T', 'CXY', 'MV-Painter', 'data', 'train_data']
alpha count: 251185 229526
reverse true
base dir name: ['', '4T', 'CXY', 'MV-Painter', 'data', 'train_data']
alpha count: 259690 230084
reverse true
base dir name: ['', '4T', 'CXY', 'MV-Painter', 'data', 'train_data']
alpha count: 182858 184500
reverse false
base dir name: ['', '4T', 'CXY', 'MV-Painter', 'data', 'train_data']libpng warning: eXIf: duplicate
libpng warning: eXIf: duplicate
libpng warning: eXIf: duplicate
libpng warning: eXIf: duplicate
libpng warning: eXIf: duplicate
libpng warning: eXIf: duplicate
libpng warning: eXIf: duplicate
libpng warning: eXIf: duplicate
libpng warning: eXIf: duplicate
libpng warning: eXIf: duplicate
libpng warning: eXIf: duplicate
libpng warning: eXIf: duplicate
libpng warning: eXIf: duplicate
libpng warning: eXIf: duplicate
libpng warning: eXIf: duplicate
libpng warning: eXIf: duplicate
libpng warning: eXIf: duplicate
libpng warning: eXIf: duplicate
libpng warning: eXIf: duplicate
libpng warning: eXIf: duplicate
libpng warning: eXIf: duplicate
libpng warning: eXIf: duplicate
libpng warning: eXIf: duplicate
libpng warning: eXIf: duplicate
libpng warning: eXIf: duplicate
libpng warning: eXIf: duplicate
libpng warning: eXIf: duplicate
libpng warning: eXIf: duplicate
libpng warning: eXIf: duplicate
libpng warning: eXIf: duplicate
libpng warning: eXIf: duplicate
libpng warning: eXIf: duplicate
libpng warning: eXIf: duplicate
libpng warning: eXIf: duplicate
libpng warning: eXIf: duplicate
libpng warning: eXIf: duplicate
libpng warning: eXIf: duplicate
libpng warning: eXIf: duplicate
libpng warning: eXIf: duplicate
libpng warning: eXIf: duplicate
libpng warning: eXIf: duplicate
libpng warning: eXIf: duplicate
libpng warning: eXIf: duplicate
libpng warning: eXIf: duplicate
libpng warning: eXIf: duplicate
libpng warning: eXIf: duplicate
libpng warning: eXIf: duplicate
libpng warning: eXIf: duplicate
libpng warning: eXIf: duplicate
libpng warning: eXIf: duplicate
libpng warning: eXIf: duplicate
libpng warning: eXIf: duplicate
libpng warning: eXIf: duplicate
libpng warning: eXIf: duplicate
libpng warning: eXIf: duplicate
libpng warning: eXIf: duplicate
libpng warning: eXIf: duplicate
libpng warning: eXIf: duplicate
libpng warning: eXIf: duplicate
libpng warning: eXIf: duplicate
libpng warning: eXIf: duplicate
libpng warning: eXIf: duplicate
libpng warning: eXIf: duplicate
libpng warning: eXIf: duplicate
libpng warning: eXIf: duplicate
libpng warning: eXIf: duplicate
libpng warning: eXIf: duplicate
libpng warning: eXIf: duplicate
libpng warning: eXIf: duplicate
libpng warning: eXIf: duplicate
libpng warning: eXIf: duplicate
libpng warning: eXIf: duplicate
libpng warning: eXIf: duplicate
libpng warning: eXIf: duplicate
libpng warning: eXIf: duplicate
libpng warning: eXIf: duplicate
libpng warning: eXIf: duplicate
libpng warning: eXIf: duplicate
libpng warning: eXIf: duplicate
libpng warning: eXIf: duplicate
libpng warning: eXIf: duplicate
libpng warning: eXIf: duplicate
libpng warning: eXIf: duplicate
libpng warning: eXIf: duplicate
libpng warning: eXIf: duplicate
libpng warning: eXIf: duplicate
libpng warning: eXIf: duplicate
libpng warning: eXIf: duplicate
libpng warning: eXIf: duplicate
libpng warning: eXIf: duplicate
libpng warning: eXIf: duplicate
libpng warning: eXIf: duplicate
libpng warning: eXIf: duplicate
libpng warning: eXIf: duplicate
libpng warning: eXIf: duplicate
libpng warning: eXIf: duplicate
libpng warning: eXIf: duplicate
libpng warning: eXIf: duplicate
libpng warning: eXIf: duplicate
libpng warning: eXIf: duplicate
libpng warning: eXIf: duplicate
libpng warning: eXIf: duplicate
libpng warning: eXIf: duplicate
libpng warning: eXIf: duplicate
libpng warning: eXIf: duplicate
libpng warning: eXIf: duplicate
libpng warning: eXIf: duplicate
libpng warning: eXIf: duplicate
libpng warning: eXIf: duplicate
libpng warning: eXIf: duplicate
libpng warning: eXIf: duplicate
libpng warning: eXIf: duplicate
libpng warning: eXIf: duplicate
libpng warning: eXIf: duplicate
libpng warning: eXIf: duplicate
libpng warning: eXIf: duplicate
libpng warning: eXIf: duplicate
libpng warning: eXIf: duplicate
libpng warning: eXIf: duplicate
libpng warning: eXIf: duplicate
libpng warning: eXIf: duplicate
libpng warning: eXIf: duplicate
libpng warning: eXIf: duplicate
libpng warning: eXIf: duplicate
libpng warning: eXIf: duplicate
libpng warning: eXIf: duplicate
libpng warning: eXIf: duplicate
libpng warning: eXIf: duplicate
libpng warning: eXIf: duplicate
libpng warning: eXIf: duplicate
libpng warning: eXIf: duplicate
libpng warning: eXIf: duplicate
libpng warning: eXIf: duplicate
libpng warning: eXIf: duplicate
libpng warning: eXIf: duplicate
libpng warning: eXIf: duplicate
libpng warning: eXIf: duplicate
libpng warning: eXIf: duplicate
libpng warning: eXIf: duplicate
libpng warning: eXIf: duplicate
libpng warning: eXIf: duplicate
libpng warning: eXIf: duplicate
libpng warning: eXIf: duplicate
libpng warning: eXIf: duplicate
libpng warning: eXIf: duplicate
libpng warning: eXIf: duplicate
libpng warning: eXIf: duplicate
libpng warning: eXIf: duplicate
libpng warning: eXIf: duplicate
libpng warning: eXIf: duplicate
libpng warning: eXIf: duplicate
libpng warning: eXIf: duplicate
libpng warning: eXIf: duplicate
libpng warning: eXIf: duplicate
libpng warning: eXIf: duplicate
libpng warning: eXIf: duplicate
libpng warning: eXIf: duplicate
libpng warning: eXIf: duplicate
libpng warning: eXIf: duplicate
libpng warning: eXIf: duplicate
libpng warning: eXIf: duplicate
libpng warning: eXIf: duplicate
libpng warning: eXIf: duplicate
libpng warning: eXIf: duplicate
libpng warning: eXIf: duplicate
libpng warning: eXIf: duplicate
libpng warning: eXIf: duplicate
libpng warning: eXIf: duplicate
libpng warning: eXIf: duplicate
libpng warning: eXIf: duplicate
libpng warning: eXIf: duplicate
libpng warning: eXIf: duplicate
libpng warning: eXIf: duplicate
libpng warning: eXIf: duplicate
libpng warning: eXIf: duplicate
libpng warning: eXIf: duplicate
libpng warning: eXIf: duplicate
libpng warning: eXIf: duplicate
libpng warning: eXIf: duplicate
libpng warning: eXIf: duplicate
libpng warning: eXIf: duplicate
libpng warning: eXIf: duplicate
libpng warning: eXIf: duplicate
libpng warning: eXIf: duplicate
libpng warning: eXIf: duplicate
libpng warning: eXIf: duplicate
libpng warning: eXIf: duplicate
libpng warning: eXIf: duplicate
libpng warning: eXIf: duplicate
libpng warning: eXIf: duplicate
libpng warning: eXIf: duplicate
libpng warning: eXIf: duplicate
libpng warning: eXIf: duplicate
libpng warning: eXIf: duplicate
libpng warning: eXIf: duplicate
libpng warning: eXIf: duplicate
libpng warning: eXIf: duplicate
libpng warning: eXIf: duplicate
libpng warning: eXIf: duplicate
libpng warning: eXIf: duplicate
libpng warning: eXIf: duplicate
libpng warning: eXIf: duplicate
libpng warning: eXIf: duplicate
libpng warning: eXIf: duplicate
libpng warning: eXIf: duplicate
libpng warning: eXIf: duplicate
libpng warning: eXIf: duplicate
libpng warning: eXIf: duplicate
libpng warning: eXIf: duplicate
libpng warning: eXIf: duplicate
libpng warning: eXIf: duplicate
libpng warning: eXIf: duplicate
libpng warning: eXIf: duplicate
libpng warning: eXIf: duplicate
libpng warning: eXIf: duplicate
libpng warning: eXIf: duplicate
libpng warning: eXIf: duplicate
libpng warning: eXIf: duplicate
libpng warning: eXIf: duplicate
libpng warning: eXIf: duplicate
libpng warning: eXIf: duplicate
libpng warning: eXIf: duplicate
libpng warning: eXIf: duplicate
libpng warning: eXIf: duplicate
libpng warning: eXIf: duplicate
libpng warning: eXIf: duplicate
libpng warning: eXIf: duplicate
libpng warning: eXIf: duplicate
libpng warning: eXIf: duplicate
libpng warning: eXIf: duplicate
libpng warning: eXIf: duplicate
libpng warning: eXIf: duplicate
libpng warning: eXIf: duplicate
libpng warning: eXIf: duplicate
libpng warning: eXIf: duplicate
libpng warning: eXIf: duplicate
libpng warning: eXIf: duplicate
libpng warning: eXIf: duplicate
libpng warning: eXIf: duplicate
libpng warning: eXIf: duplicate
libpng warning: eXIf: duplicate
libpng warning: eXIf: duplicate
libpng warning: eXIf: duplicate
libpng warning: eXIf: duplicate
libpng warning: eXIf: duplicate
libpng warning: eXIf: duplicate
libpng warning: eXIf: duplicate
libpng warning: eXIf: duplicate
libpng warning: eXIf: duplicate
libpng warning: eXIf: duplicate
libpng warning: eXIf: duplicate
libpng warning: eXIf: duplicate
libpng warning: eXIf: duplicate
libpng warning: eXIf: duplicate
libpng warning: eXIf: duplicate
libpng warning: eXIf: duplicate
libpng warning: eXIf: duplicate
libpng warning: eXIf: duplicate
libpng warning: eXIf: duplicate
libpng warning: eXIf: duplicate
libpng warning: eXIf: duplicate
libpng warning: eXIf: duplicate
libpng warning: eXIf: duplicate
libpng warning: eXIf: duplicate
libpng warning: eXIf: duplicate
libpng warning: eXIf: duplicate
libpng warning: eXIf: duplicate
libpng warning: eXIf: duplicate
libpng warning: eXIf: duplicate
libpng warning: eXIf: duplicate
libpng warning: eXIf: duplicate
libpng warning: eXIf: duplicate
libpng warning: eXIf: duplicate
libpng warning: eXIf: duplicate
libpng warning: eXIf: duplicate
libpng warning: eXIf: duplicate
libpng warning: eXIf: duplicate
libpng warning: eXIf: duplicate
libpng warning: eXIf: duplicate
libpng warning: eXIf: duplicate
libpng warning: eXIf: duplicate
libpng warning: eXIf: duplicate
libpng warning: eXIf: duplicate
libpng warning: eXIf: duplicate
libpng warning: eXIf: duplicate
libpng warning: eXIf: duplicate
libpng warning: eXIf: duplicate
libpng warning: eXIf: duplicate
libpng warning: eXIf: duplicate
libpng warning: eXIf: duplicate
libpng warning: eXIf: duplicate
libpng warning: eXIf: duplicate
libpng warning: eXIf: duplicate
libpng warning: eXIf: duplicate
libpng warning: eXIf: duplicate
libpng warning: eXIf: duplicate
libpng warning: eXIf: duplicate
libpng warning: eXIf: duplicate
libpng warning: eXIf: duplicate
libpng warning: eXIf: duplicate
libpng warning: eXIf: duplicate
libpng warning: eXIf: duplicate
libpng warning: eXIf: duplicate
libpng warning: eXIf: duplicate
libpng warning: eXIf: duplicate
libpng warning: eXIf: duplicate
libpng warning: eXIf: duplicate
libpng warning: eXIf: duplicate
libpng warning: eXIf: duplicate
libpng warning: eXIf: duplicate
libpng warning: eXIf: duplicate
libpng warning: eXIf: duplicate
libpng warning: eXIf: duplicate
libpng warning: eXIf: duplicate
libpng warning: eXIf: duplicate
libpng warning: eXIf: duplicate
libpng warning: eXIf: duplicate
libpng warning: eXIf: duplicate
libpng warning: eXIf: duplicate
libpng warning: eXIf: duplicate
libpng warning: eXIf: duplicate
libpng warning: eXIf: duplicate
libpng warning: eXIf: duplicate
libpng warning: eXIf: duplicate
libpng warning: eXIf: duplicate
libpng warning: eXIf: duplicate
libpng warning: eXIf: duplicate
libpng warning: eXIf: duplicate
libpng warning: eXIf: duplicate
libpng warning: eXIf: duplicate
libpng warning: eXIf: duplicate
libpng warning: eXIf: duplicate
libpng warning: eXIf: duplicate
libpng warning: eXIf: duplicate
libpng warning: eXIf: duplicate
libpng warning: eXIf: duplicate
libpng warning: eXIf: duplicate
libpng warning: eXIf: duplicate
libpng warning: eXIf: duplicate
libpng warning: eXIf: duplicate
libpng warning: eXIf: duplicate
libpng warning: eXIf: duplicate
libpng warning: eXIf: duplicate
libpng warning: eXIf: duplicate
libpng warning: eXIf: duplicate
libpng warning: eXIf: duplicate
libpng warning: eXIf: duplicate
libpng warning: eXIf: duplicate
libpng warning: eXIf: duplicate
libpng warning: eXIf: duplicate
libpng warning: eXIf: duplicate
libpng warning: eXIf: duplicate
libpng warning: eXIf: duplicate
libpng warning: eXIf: duplicate
libpng warning: eXIf: duplicate
libpng warning: eXIf: duplicate
libpng warning: eXIf: duplicate
libpng warning: eXIf: duplicate
libpng warning: eXIf: duplicate
libpng warning: eXIf: duplicate
libpng warning: eXIf: duplicate
libpng warning: eXIf: duplicate
libpng warning: eXIf: duplicate
libpng warning: eXIf: duplicate
libpng warning: eXIf: duplicate
libpng warning: eXIf: duplicate
libpng warning: eXIf: duplicate
libpng warning: eXIf: duplicate
libpng warning: eXIf: duplicate
libpng warning: eXIf: duplicate
libpng warning: eXIf: duplicate
libpng warning: eXIf: duplicate
libpng warning: eXIf: duplicate
libpng warning: eXIf: duplicate
libpng warning: eXIf: duplicate
libpng warning: eXIf: duplicate
libpng warning: eXIf: duplicate
libpng warning: eXIf: duplicate
libpng warning: eXIf: duplicate
libpng warning: eXIf: duplicate
libpng warning: eXIf: duplicate
libpng warning: eXIf: duplicate
libpng warning: eXIf: duplicate
libpng warning: eXIf: duplicate
libpng warning: eXIf: duplicate
libpng warning: eXIf: duplicate
libpng warning: eXIf: duplicate
libpng warning: eXIf: duplicate
libpng warning: eXIf: duplicate
libpng warning: eXIf: duplicate
libpng warning: eXIf: duplicate
libpng warning: eXIf: duplicate
libpng warning: eXIf: duplicate
libpng warning: eXIf: duplicate
libpng warning: eXIf: duplicate
libpng warning: eXIf: duplicate
libpng warning: eXIf: duplicate
libpng warning: eXIf: duplicate
libpng warning: eXIf: duplicate
libpng warning: eXIf: duplicate
libpng warning: eXIf: duplicate
libpng warning: eXIf: duplicate
libpng warning: eXIf: duplicate
libpng warning: eXIf: duplicate
libpng warning: eXIf: duplicate
libpng warning: eXIf: duplicate
libpng warning: eXIf: duplicate
libpng warning: eXIf: duplicate
libpng warning: eXIf: duplicate
libpng warning: eXIf: duplicate
libpng warning: eXIf: duplicate
libpng warning: eXIf: duplicate
libpng warning: eXIf: duplicate
libpng warning: eXIf: duplicate
libpng warning: eXIf: duplicate
libpng warning: eXIf: duplicate
libpng warning: eXIf: duplicate
libpng warning: eXIf: duplicate
libpng warning: eXIf: duplicate
libpng warning: eXIf: duplicate
libpng warning: eXIf: duplicate
libpng warning: eXIf: duplicate
libpng warning: eXIf: duplicate
libpng warning: eXIf: duplicate
libpng warning: eXIf: duplicate
libpng warning: eXIf: duplicate
libpng warning: eXIf: duplicate
libpng warning: eXIf: duplicate
libpng warning: eXIf: duplicate
libpng warning: eXIf: duplicate
libpng warning: eXIf: duplicate
libpng warning: eXIf: duplicate
libpng warning: eXIf: duplicate
libpng warning: eXIf: duplicate
libpng warning: eXIf: duplicate
libpng warning: eXIf: duplicate
libpng warning: eXIf: duplicate
libpng warning: eXIf: duplicate
libpng warning: eXIf: duplicate
libpng warning: eXIf: duplicate
libpng warning: eXIf: duplicate
libpng warning: eXIf: duplicate
libpng warning: eXIf: duplicate
libpng warning: eXIf: duplicate
libpng warning: eXIf: duplicate
libpng warning: eXIf: duplicate
libpng warning: eXIf: duplicate
libpng warning: eXIf: duplicate
libpng warning: eXIf: duplicate
libpng warning: eXIf: duplicate
libpng warning: eXIf: duplicate
libpng warning: eXIf: duplicate
libpng warning: eXIf: duplicate
libpng warning: eXIf: duplicate
libpng warning: eXIf: duplicate
libpng warning: eXIf: duplicate
libpng warning: eXIf: duplicate
libpng warning: eXIf: duplicate
libpng warning: eXIf: duplicate
libpng warning: eXIf: duplicate
libpng warning: eXIf: duplicate
libpng warning: eXIf: duplicate
libpng warning: eXIf: duplicate
libpng warning: eXIf: duplicate
libpng warning: eXIf: duplicate
libpng warning: eXIf: duplicate
libpng warning: eXIf: duplicate
libpng warning: eXIf: duplicate
libpng warning: eXIf: duplicate
libpng warning: eXIf: duplicate
libpng warning: eXIf: duplicate
libpng warning: eXIf: duplicate
libpng warning: eXIf: duplicate
libpng warning: eXIf: duplicate
libpng warning: eXIf: duplicate
libpng warning: eXIf: duplicate
libpng warning: eXIf: duplicate
libpng warning: eXIf: duplicate
libpng warning: eXIf: duplicate
libpng warning: eXIf: duplicate
libpng warning: eXIf: duplicate
libpng warning: eXIf: duplicate
libpng warning: eXIf: duplicate
libpng warning: eXIf: duplicate
libpng warning: eXIf: duplicate
libpng warning: eXIf: duplicate
libpng warning: eXIf: duplicate
libpng warning: eXIf: duplicate
libpng warning: eXIf: duplicate
libpng warning: eXIf: duplicate
libpng warning: eXIf: duplicate
libpng warning: eXIf: duplicate
libpng warning: eXIf: duplicate
libpng warning: eXIf: duplicate
libpng warning: eXIf: duplicate
libpng warning: eXIf: duplicate
libpng warning: eXIf: duplicate
libpng warning: eXIf: duplicate
libpng warning: eXIf: duplicate
libpng warning: eXIf: duplicate
libpng warning: eXIf: duplicate
libpng warning: eXIf: duplicate
libpng warning: eXIf: duplicate
libpng warning: eXIf: duplicate
libpng warning: eXIf: duplicate
libpng warning: eXIf: duplicate
libpng warning: eXIf: duplicate
libpng warning: eXIf: duplicate
libpng warning: eXIf: duplicate
libpng warning: eXIf: duplicate
libpng warning: eXIf: duplicate
libpng warning: eXIf: duplicate
libpng warning: eXIf: duplicate
libpng warning: eXIf: duplicate
libpng warning: eXIf: duplicate
libpng warning: eXIf: duplicate
libpng warning: eXIf: duplicate
libpng warning: eXIf: duplicate
libpng warning: eXIf: duplicate
libpng warning: eXIf: duplicate
libpng warning: eXIf: duplicate
libpng warning: eXIf: duplicate
libpng warning: eXIf: duplicate
libpng warning: eXIf: duplicate
libpng warning: eXIf: duplicate
libpng warning: eXIf: duplicate
libpng warning: eXIf: duplicate
libpng warning: eXIf: duplicate
libpng warning: eXIf: duplicate
libpng warning: eXIf: duplicate
libpng warning: eXIf: duplicate
libpng warning: eXIf: duplicate
libpng warning: eXIf: duplicate
libpng warning: eXIf: duplicate
libpng warning: eXIf: duplicate
libpng warning: eXIf: duplicate
libpng warning: eXIf: duplicate
libpng warning: eXIf: duplicate
libpng warning: eXIf: duplicate
libpng warning: eXIf: duplicate
libpng warning: eXIf: duplicate
libpng warning: eXIf: duplicate
libpng warning: eXIf: duplicate
libpng warning: eXIf: duplicate
libpng warning: eXIf: duplicate
libpng warning: eXIf: duplicate
libpng warning: eXIf: duplicate
libpng warning: eXIf: duplicate
libpng warning: eXIf: duplicate
libpng warning: eXIf: duplicate
libpng warning: eXIf: duplicate
libpng warning: eXIf: duplicate
libpng warning: eXIf: duplicate
libpng warning: eXIf: duplicate
libpng warning: eXIf: duplicate
libpng warning: eXIf: duplicate
libpng warning: eXIf: duplicate
libpng warning: eXIf: duplicate
libpng warning: eXIf: duplicate
libpng warning: eXIf: duplicate
libpng warning: eXIf: duplicate
libpng warning: eXIf: duplicate
libpng warning: eXIf: duplicate
libpng warning: eXIf: duplicate
libpng warning: eXIf: duplicate
libpng warning: eXIf: duplicate
libpng warning: eXIf: duplicate
libpng warning: eXIf: duplicate
libpng warning: eXIf: duplicate
libpng warning: eXIf: duplicate
libpng warning: eXIf: duplicate
libpng warning: eXIf: duplicate
libpng warning: eXIf: duplicate
libpng warning: eXIf: duplicate
libpng warning: eXIf: duplicate
libpng warning: eXIf: duplicate
libpng warning: eXIf: duplicate
libpng warning: eXIf: duplicate
libpng warning: eXIf: duplicate
libpng warning: eXIf: duplicate
libpng warning: eXIf: duplicate
libpng warning: eXIf: duplicate
libpng warning: eXIf: duplicate
libpng warning: eXIf: duplicate
libpng warning: eXIf: duplicate
libpng warning: eXIf: duplicate
libpng warning: eXIf: duplicate
libpng warning: eXIf: duplicate
libpng warning: eXIf: duplicate
libpng warning: eXIf: duplicate
libpng warning: eXIf: duplicate
libpng warning: eXIf: duplicate
libpng warning: eXIf: duplicate
libpng warning: eXIf: duplicate
libpng warning: eXIf: duplicate
libpng warning: eXIf: duplicate
libpng warning: eXIf: duplicate
libpng warning: eXIf: duplicate
libpng warning: eXIf: duplicate
libpng warning: eXIf: duplicate
libpng warning: eXIf: duplicate
libpng warning: eXIf: duplicate
libpng warning: eXIf: duplicate
libpng warning: eXIf: duplicate
libpng warning: eXIf: duplicate
libpng warning: eXIf: duplicate
libpng warning: eXIf: duplicate
libpng warning: eXIf: duplicate
libpng warning: eXIf: duplicate
libpng warning: eXIf: duplicate
libpng warning: eXIf: duplicate
libpng warning: eXIf: duplicate
libpng warning: eXIf: duplicate
libpng warning: eXIf: duplicate
libpng warning: eXIf: duplicate
libpng warning: eXIf: duplicate
libpng warning: eXIf: duplicate
libpng warning: eXIf: duplicate
libpng warning: eXIf: duplicate
libpng warning: eXIf: duplicate
libpng warning: eXIf: duplicate
libpng warning: eXIf: duplicate
libpng warning: eXIf: duplicate
libpng warning: eXIf: duplicate

alpha count: 255316 231801
reverse true
base dir name: ['', '4T', 'CXY', 'MV-Painter', 'data', 'train_data']
alpha count: 215679 218942
reverse false
base dir name: ['', '4T', 'CXY', 'MV-Painter', 'data', 'train_data']
alpha count: 200609 186073
reverse true
base dir name: ['', '4T', 'CXY', 'MV-Painter', 'data', 'train_data']
alpha count: 223802 217560
reverse true
base dir name: ['', '4T', 'CXY', 'MV-Painter', 'data', 'train_data']
alpha count: 218090 223726
reverse false
base dir name: ['', '4T', 'CXY', 'MV-Painter', 'data', 'train_data']
alpha count: 241764 234604
reverse true
base dir name: ['', '4T', 'CXY', 'MV-Painter', 'data', 'train_data']
alpha count: 194847 206377
reverse false
base dir name: ['', '4T', 'CXY', 'MV-Painter', 'data', 'train_data']
alpha count: 202469 198856
reverse true
base dir name: ['', '4T', 'CXY', 'MV-Painter', 'data', 'train_data']
alpha count: 251966 243717
reverse true
base dir name: ['', '4T', 'CXY', 'MV-Painter', 'data', 'train_data']
alpha count: 240991 247562
reverse false
base dir name: ['', '4T', 'CXY', 'MV-Painter', 'data', 'train_data']
alpha count: 196158 206111
reverse false
base dir name: ['', '4T', 'CXY', 'MV-Painter', 'data', 'train_data']
alpha count: 209963 208671
reverse true
base dir name: ['', '4T', 'CXY', 'MV-Painter', 'data', 'train_data']
alpha count: 162972 163023
reverse false
base dir name: ['', '4T', 'CXY', 'MV-Painter', 'data', 'train_data']
alpha count: 204433 228256
reverse false
base dir name: ['', '4T', 'CXY', 'MV-Painter', 'data', 'train_data']
alpha count: 253477 260549
reverse false
[1760/2000] loss=0.0308 (ema 0.0864) lr=4.88e-06 grad=0.073 | fsc_modules=3.7e-03 gsg_modules=5.0e-02 ltag=4.9e-03 | 1.0s
base dir name: ['', '4T', 'CXY', 'MV-Painter', 'data', 'train_data']
alpha count: 231232 232230
reverse false
base dir name: ['', '4T', 'CXY', 'MV-Painter', 'data', 'train_data']
alpha count: 190292 195785
reverse false
base dir name: ['', '4T', 'CXY', 'MV-Painter', 'data', 'train_data']
alpha count: 233506 220060
reverse true
base dir name: ['', '4T', 'CXY', 'MV-Painter', 'data', 'train_data']
alpha count: 212428 217378
reverse false
base dir name: ['', '4T', 'CXY', 'MV-Painter', 'data', 'train_data']
alpha count: 262144 262144
reverse false
OpenCV(4.13.0) /io/opencv/modules/imgproc/src/resize.cpp:4208: error: (-215:Assertion failed) !ssize.empty() in function 'resize'

wrong path: /4T/CXY/MV-Painter/data/train_data/rendered_full/6e3d6d54f7f749b6bf7e971093560536/image
base dir name: ['', '4T', 'CXY', 'MV-Painter', 'data', 'train_data']
alpha count: 255521 250922
reverse true
base dir name: ['', '4T', 'CXY', 'MV-Painter', 'data', 'train_data']
alpha count: 255801 254782
reverse true
base dir name: ['', '4T', 'CXY', 'MV-Painter', 'data', 'train_data']
alpha count: 248838 238870
reverse true
base dir name: ['', '4T', 'CXY', 'MV-Painter', 'data', 'train_data']
alpha count: 226469 196867
reverse true
base dir name: ['', '4T', 'CXY', 'MV-Painter', 'data', 'train_data']
alpha count: 233691 251797
reverse false
base dir name: ['', '4T', 'CXY', 'MV-Painter', 'data', 'train_data']
alpha count: 228920 225379
reverse true
base dir name: ['', '4T', 'CXY', 'MV-Painter', 'data', 'train_data']
alpha count: 250652 257655
reverse false
base dir name: ['', '4T', 'CXY', 'MV-Painter', 'data', 'train_data']
alpha count: 237558 222454
reverse true
base dir name: ['', '4T', 'CXY', 'MV-Painter', 'data', 'train_data']
alpha count: 229232 222445
reverse true
base dir name: ['', '4T', 'CXY', 'MV-Painter', 'data', 'train_data']
alpha count: 235210 224920
reverse true
base dir name: ['', '4T', 'CXY', 'MV-Painter', 'data', 'train_data']
alpha count: 255386 239023
reverse true
base dir name: ['', '4T', 'CXY', 'MV-Painter', 'data', 'train_data']
alpha count: 237726 233736
reverse true
base dir name: ['', '4T', 'CXY', 'MV-Painter', 'data', 'train_data']
alpha count: 202984 206962
reverse false
base dir name: ['', '4T', 'CXY', 'MV-Painter', 'data', 'train_data']
alpha count: 241530 234673
reverse true
base dir name: ['', '4T', 'CXY', 'MV-Painter', 'data', 'train_data']
alpha count: 192230 237652
reverse false
base dir name: ['', '4T', 'CXY', 'MV-Painter', 'data', 'train_data']
alpha count: 239897 224454
reverse true
[1780/2000] loss=0.0706 (ema 0.0868) lr=4.27e-06 grad=0.197 | fsc_modules=3.8e-03 gsg_modules=1.7e-01 ltag=5.8e-03 | 1.3s
base dir name: ['', '4T', 'CXY', 'MV-Painter', 'data', 'train_data']
alpha count: 218320 211017
reverse true
base dir name: ['', '4T', 'CXY', 'MV-Painter', 'data', 'train_data']
alpha count: 245260 225032
reverse true
base dir name: ['', '4T', 'CXY', 'MV-Painter', 'data', 'train_data']
alpha count: 229360 236762
reverse false
base dir name: ['', '4T', 'CXY', 'MV-Painter', 'data', 'train_data']
alpha count: 231772 185458
reverse true
base dir name: ['', '4T', 'CXY', 'MV-Painter', 'data', 'train_data']
alpha count: 247719 259701
reverse false
base dir name: ['', '4T', 'CXY', 'MV-Painter', 'data', 'train_data']
alpha count: 249533 240956
reverse true
base dir name: ['', '4T', 'CXY', 'MV-Painter', 'data', 'train_data']
alpha count: 243200 257561
reverse false
base dir name: ['', '4T', 'CXY', 'MV-Painter', 'data', 'train_data']
alpha count: 227981 235292
reverse false
base dir name: ['', '4T', 'CXY', 'MV-Painter', 'data', 'train_data']
alpha count: 237029 230858
reverse true
base dir name: ['', '4T', 'CXY', 'MV-Painter', 'data', 'train_data']
alpha count: 217914 230732
reverse false
base dir name: ['', '4T', 'CXY', 'MV-Painter', 'data', 'train_data']
alpha count: 201823 179309
reverse true
base dir name: ['', '4T', 'CXY', 'MV-Painter', 'data', 'train_data']
alpha count: 225396 220406
reverse true
base dir name: ['', '4T', 'CXY', 'MV-Painter', 'data', 'train_data']
alpha count: 233235 214215
reverse true
base dir name: ['', '4T', 'CXY', 'MV-Painter', 'data', 'train_data']
alpha count: 242343 229632
reverse true
base dir name: ['', '4T', 'CXY', 'MV-Painter', 'data', 'train_data']
alpha count: 232273 246088
reverse false
base dir name: ['', '4T', 'CXY', 'MV-Painter', 'data', 'train_data']
alpha count: 257296 242648
reverse true
base dir name: ['', '4T', 'CXY', 'MV-Painter', 'data', 'train_data']
alpha count: 239803 223003
reverse true
base dir name: ['', '4T', 'CXY', 'MV-Painter', 'data', 'train_data']
alpha count: 227081 225775
reverse true
base dir name: ['', '4T', 'CXY', 'MV-Painter', 'data', 'train_data']
alpha count: 250306 231413
reverse true
base dir name: ['', '4T', 'CXY', 'MV-Painter', 'data', 'train_data']
alpha count: 205801 219850
reverse false
[1800/2000] loss=0.0977 (ema 0.0865) lr=3.71e-06 grad=0.118 | fsc_modules=3.1e-03 gsg_modules=9.1e-02 ltag=8.3e-03 | 1.1s
base dir name: ['', '4T', 'CXY', 'MV-Painter', 'data', 'train_data']
alpha count: 227552 233698
reverse false
base dir name: ['', '4T', 'CXY', 'MV-Painter', 'data', 'train_data']
alpha count: 218309 218297
reverse true
base dir name: ['', '4T', 'CXY', 'MV-Painter', 'data', 'train_data']
alpha count: 231570 217190
reverse true
base dir name: ['', '4T', 'CXY', 'MV-Painter', 'data', 'train_data']
alpha count: 255611 235844
reverse true
base dir name: ['', '4T', 'CXY', 'MV-Painter', 'data', 'train_data']
alpha count: 227106 197774
reverse true
base dir name: ['', '4T', 'CXY', 'MV-Painter', 'data', 'train_data']
alpha count: 243689 194374
reverse true
base dir name: ['', '4T', 'CXY', 'MV-Painter', 'data', 'train_data']
alpha count: 222114 235015
reverse false
base dir name: ['', '4T', 'CXY', 'MV-Painter', 'data', 'train_data']
alpha count: 239512 252573
reverse false
base dir name: ['', '4T', 'CXY', 'MV-Painter', 'data', 'train_data']
alpha count: 247878 240660
reverse true
base dir name: ['', '4T', 'CXY', 'MV-Painter', 'data', 'train_data']
alpha count: 230396 222773
reverse true
base dir name: ['', '4T', 'CXY', 'MV-Painter', 'data', 'train_data']
alpha count: 234370 225588
reverse true
base dir name: ['', '4T', 'CXY', 'MV-Painter', 'data', 'train_data']
alpha count: 195283 189796
reverse true
base dir name: ['', '4T', 'CXY', 'MV-Painter', 'data', 'train_data']
alpha count: 262144 32932
reverse true
base dir name: ['', '4T', 'CXY', 'MV-Painter', 'data', 'train_data']
alpha count: 211253 225897
reverse false
base dir name:libpng warning: eXIf: duplicate
libpng warning: eXIf: duplicate
libpng warning: eXIf: duplicate
libpng warning: eXIf: duplicate
libpng warning: eXIf: duplicate
libpng warning: eXIf: duplicate
libpng warning: eXIf: duplicate
libpng warning: eXIf: duplicate
libpng warning: eXIf: duplicate
libpng warning: eXIf: duplicate
libpng warning: eXIf: duplicate
libpng warning: eXIf: duplicate
libpng warning: eXIf: duplicate
libpng warning: eXIf: duplicate
libpng warning: eXIf: duplicate
libpng warning: eXIf: duplicate
libpng warning: eXIf: duplicate
libpng warning: eXIf: duplicate
libpng warning: eXIf: duplicate
libpng warning: eXIf: duplicate
libpng warning: eXIf: duplicate
libpng warning: eXIf: duplicate
libpng warning: eXIf: duplicate
libpng warning: eXIf: duplicate
libpng warning: eXIf: duplicate
libpng warning: eXIf: duplicate
libpng warning: eXIf: duplicate
libpng warning: eXIf: duplicate
libpng warning: eXIf: duplicate
libpng warning: eXIf: duplicate
libpng warning: eXIf: duplicate
libpng warning: eXIf: duplicate
libpng warning: eXIf: duplicate
libpng warning: eXIf: duplicate
libpng warning: eXIf: duplicate
libpng warning: eXIf: duplicate
libpng warning: eXIf: duplicate
libpng warning: eXIf: duplicate
libpng warning: eXIf: duplicate
libpng warning: eXIf: duplicate
libpng warning: eXIf: duplicate
libpng warning: eXIf: duplicate
libpng warning: eXIf: duplicate
libpng warning: eXIf: duplicate
libpng warning: eXIf: duplicate
libpng warning: eXIf: duplicate
libpng warning: eXIf: duplicate
libpng warning: eXIf: duplicate
libpng warning: eXIf: duplicate
libpng warning: eXIf: duplicate
libpng warning: eXIf: duplicate
libpng warning: eXIf: duplicate
libpng warning: eXIf: duplicate
libpng warning: eXIf: duplicate
libpng warning: eXIf: duplicate
libpng warning: eXIf: duplicate
libpng warning: eXIf: duplicate
libpng warning: eXIf: duplicate
libpng warning: eXIf: duplicate
libpng warning: eXIf: duplicate
libpng warning: eXIf: duplicate
libpng warning: eXIf: duplicate
libpng warning: eXIf: duplicate
libpng warning: eXIf: duplicate
libpng warning: eXIf: duplicate
libpng warning: eXIf: duplicate
libpng warning: eXIf: duplicate
libpng warning: eXIf: duplicate
libpng warning: eXIf: duplicate
libpng warning: eXIf: duplicate
libpng warning: eXIf: duplicate
libpng warning: eXIf: duplicate
libpng warning: eXIf: duplicate
libpng warning: eXIf: duplicate
libpng warning: eXIf: duplicate
libpng warning: eXIf: duplicate
libpng warning: eXIf: duplicate
libpng warning: eXIf: duplicate
libpng warning: eXIf: duplicate
libpng warning: eXIf: duplicate
libpng warning: eXIf: duplicate
libpng warning: eXIf: duplicate
libpng warning: eXIf: duplicate
libpng warning: eXIf: duplicate
libpng warning: eXIf: duplicate
libpng warning: eXIf: duplicate
libpng warning: eXIf: duplicate
libpng warning: eXIf: duplicate
libpng warning: eXIf: duplicate
libpng warning: eXIf: duplicate
libpng warning: eXIf: duplicate
libpng warning: eXIf: duplicate
libpng warning: eXIf: duplicate
libpng warning: eXIf: duplicate
libpng warning: eXIf: duplicate
libpng warning: eXIf: duplicate
libpng warning: eXIf: duplicate
libpng warning: eXIf: duplicate
libpng warning: eXIf: duplicate
libpng warning: eXIf: duplicate
libpng warning: eXIf: duplicate
libpng warning: eXIf: duplicate
libpng warning: eXIf: duplicate
libpng warning: eXIf: duplicate
libpng warning: eXIf: duplicate
libpng warning: eXIf: duplicate
libpng warning: eXIf: duplicate
libpng warning: eXIf: duplicate
libpng warning: eXIf: duplicate
libpng warning: eXIf: duplicate
libpng warning: eXIf: duplicate
libpng warning: eXIf: duplicate
libpng warning: eXIf: duplicate
libpng warning: eXIf: duplicate
libpng warning: eXIf: duplicate
libpng warning: eXIf: duplicate
libpng warning: eXIf: duplicate
libpng warning: eXIf: duplicate
libpng warning: eXIf: duplicate
libpng warning: eXIf: duplicate
libpng warning: eXIf: duplicate
libpng warning: eXIf: duplicate
libpng warning: eXIf: duplicate
libpng warning: eXIf: duplicate
libpng warning: eXIf: duplicate
libpng warning: eXIf: duplicate
libpng warning: eXIf: duplicate
libpng warning: eXIf: duplicate
libpng warning: eXIf: duplicate
libpng warning: eXIf: duplicate
libpng warning: eXIf: duplicate
libpng warning: eXIf: duplicate
libpng warning: eXIf: duplicate
libpng warning: eXIf: duplicate
libpng warning: eXIf: duplicate
libpng warning: eXIf: duplicate
libpng warning: eXIf: duplicate
libpng warning: eXIf: duplicate
libpng warning: eXIf: duplicate
libpng warning: eXIf: duplicate
libpng warning: eXIf: duplicate
libpng warning: eXIf: duplicate
libpng warning: eXIf: duplicate
libpng warning: eXIf: duplicate
libpng warning: eXIf: duplicate
libpng warning: eXIf: duplicate
libpng warning: eXIf: duplicate
libpng warning: eXIf: duplicate
libpng warning: eXIf: duplicate
libpng warning: eXIf: duplicate
libpng warning: eXIf: duplicate
libpng warning: eXIf: duplicate
libpng warning: eXIf: duplicate
libpng warning: eXIf: duplicate
libpng warning: eXIf: duplicate
libpng warning: eXIf: duplicate
libpng warning: eXIf: duplicate
libpng warning: eXIf: duplicate
libpng warning: eXIf: duplicate
libpng warning: eXIf: duplicate
libpng warning: eXIf: duplicate
libpng warning: eXIf: duplicate
libpng warning: eXIf: duplicate
libpng warning: eXIf: duplicate
libpng warning: eXIf: duplicate
libpng warning: eXIf: duplicate
libpng warning: eXIf: duplicate
libpng warning: eXIf: duplicate
libpng warning: eXIf: duplicate
libpng warning: eXIf: duplicate
libpng warning: eXIf: duplicate
libpng warning: eXIf: duplicate
libpng warning: eXIf: duplicate
libpng warning: eXIf: duplicate
libpng warning: eXIf: duplicate
libpng warning: eXIf: duplicate
libpng warning: eXIf: duplicate
libpng warning: eXIf: duplicate
libpng warning: eXIf: duplicate
libpng warning: eXIf: duplicate
libpng warning: eXIf: duplicate
libpng warning: eXIf: duplicate
libpng warning: eXIf: duplicate
libpng warning: eXIf: duplicate
libpng warning: eXIf: duplicate
libpng warning: eXIf: duplicate
libpng warning: eXIf: duplicate
libpng warning: eXIf: duplicate
libpng warning: eXIf: duplicate
libpng warning: eXIf: duplicate
libpng warning: eXIf: duplicate
libpng warning: eXIf: duplicate
libpng warning: eXIf: duplicate
libpng warning: eXIf: duplicate
libpng warning: eXIf: duplicate
libpng warning: eXIf: duplicate
libpng warning: eXIf: duplicate
libpng warning: eXIf: duplicate
libpng warning: eXIf: duplicate
libpng warning: eXIf: duplicate
libpng warning: eXIf: duplicate
libpng warning: eXIf: duplicate
libpng warning: eXIf: duplicate
libpng warning: eXIf: duplicate
libpng warning: eXIf: duplicate
libpng warning: eXIf: duplicate
libpng warning: eXIf: duplicate
libpng warning: eXIf: duplicate
libpng warning: eXIf: duplicate
libpng warning: eXIf: duplicate
libpng warning: eXIf: duplicate
libpng warning: eXIf: duplicate
libpng warning: eXIf: duplicate
libpng warning: eXIf: duplicate
libpng warning: eXIf: duplicate
libpng warning: eXIf: duplicate
libpng warning: eXIf: duplicate
libpng warning: eXIf: duplicate
libpng warning: eXIf: duplicate
libpng warning: eXIf: duplicate
libpng warning: eXIf: duplicate
libpng warning: eXIf: duplicate
libpng warning: eXIf: duplicate
libpng warning: eXIf: duplicate
libpng warning: eXIf: duplicate
libpng warning: eXIf: duplicate
libpng warning: eXIf: duplicate
libpng warning: eXIf: duplicate
libpng warning: eXIf: duplicate
libpng warning: eXIf: duplicate
libpng warning: eXIf: duplicate
libpng warning: eXIf: duplicate
libpng warning: eXIf: duplicate
libpng warning: eXIf: duplicate
libpng warning: eXIf: duplicate
libpng warning: eXIf: duplicate
libpng warning: eXIf: duplicate
libpng warning: eXIf: duplicate
libpng warning: eXIf: duplicate
libpng warning: eXIf: duplicate
libpng warning: eXIf: duplicate
libpng warning: eXIf: duplicate
libpng warning: eXIf: duplicate
libpng warning: eXIf: duplicate
libpng warning: eXIf: duplicate
libpng warning: eXIf: duplicate
libpng warning: eXIf: duplicate
libpng warning: eXIf: duplicate
libpng warning: eXIf: duplicate
libpng warning: eXIf: duplicate
libpng warning: eXIf: duplicate
libpng warning: eXIf: duplicate
libpng warning: eXIf: duplicate
libpng warning: eXIf: duplicate
libpng warning: eXIf: duplicate
libpng warning: eXIf: duplicate
libpng warning: eXIf: duplicate
libpng warning: eXIf: duplicate
libpng warning: eXIf: duplicate
libpng warning: eXIf: duplicate
libpng warning: eXIf: duplicate
libpng warning: eXIf: duplicate
libpng warning: eXIf: duplicate
libpng warning: eXIf: duplicate
libpng warning: eXIf: duplicate
libpng warning: eXIf: duplicate
libpng warning: eXIf: duplicate
libpng warning: eXIf: duplicate
libpng warning: eXIf: duplicate
libpng warning: eXIf: duplicate
libpng warning: eXIf: duplicate
libpng warning: eXIf: duplicate
libpng warning: eXIf: duplicate
libpng warning: eXIf: duplicate
libpng warning: eXIf: duplicate
libpng warning: eXIf: duplicate
libpng warning: eXIf: duplicate
libpng warning: eXIf: duplicate
libpng warning: eXIf: duplicate
libpng warning: eXIf: duplicate
libpng warning: eXIf: duplicate
libpng warning: eXIf: duplicate
libpng warning: eXIf: duplicate
libpng warning: eXIf: duplicate
libpng warning: eXIf: duplicate
libpng warning: eXIf: duplicate
libpng warning: eXIf: duplicate
libpng warning: eXIf: duplicate
libpng warning: eXIf: duplicate
libpng warning: eXIf: duplicate
libpng warning: eXIf: duplicate
libpng warning: eXIf: duplicate
libpng warning: eXIf: duplicate
libpng warning: eXIf: duplicate
libpng warning: eXIf: duplicate
libpng warning: eXIf: duplicate
libpng warning: eXIf: duplicate
libpng warning: eXIf: duplicate
libpng warning: eXIf: duplicate
libpng warning: eXIf: duplicate
libpng warning: eXIf: duplicate
libpng warning: eXIf: duplicate
libpng warning: eXIf: duplicate
libpng warning: eXIf: duplicate
libpng warning: eXIf: duplicate
libpng warning: eXIf: duplicate
libpng warning: eXIf: duplicate
libpng warning: eXIf: duplicate
libpng warning: eXIf: duplicate
libpng warning: eXIf: duplicate
libpng warning: eXIf: duplicate
libpng warning: eXIf: duplicate
libpng warning: eXIf: duplicate
libpng warning: eXIf: duplicate
libpng warning: eXIf: duplicate
libpng warning: eXIf: duplicate
libpng warning: eXIf: duplicate
libpng warning: eXIf: duplicate
libpng warning: eXIf: duplicate
libpng warning: eXIf: duplicate
libpng warning: eXIf: duplicate
libpng warning: eXIf: duplicate
libpng warning: eXIf: duplicate
libpng warning: eXIf: duplicate
libpng warning: eXIf: duplicate
libpng warning: eXIf: duplicate
libpng warning: eXIf: duplicate
libpng warning: eXIf: duplicate
libpng warning: eXIf: duplicate
libpng warning: eXIf: duplicate
libpng warning: eXIf: duplicate
libpng warning: eXIf: duplicate
libpng warning: eXIf: duplicate
libpng warning: eXIf: duplicate
libpng warning: eXIf: duplicate
libpng warning: eXIf: duplicate
libpng warning: eXIf: duplicate
libpng warning: eXIf: duplicate
libpng warning: eXIf: duplicate
libpng warning: eXIf: duplicate
libpng warning: eXIf: duplicate
libpng warning: eXIf: duplicate
libpng warning: eXIf: duplicate
libpng warning: eXIf: duplicate
libpng warning: eXIf: duplicate
libpng warning: eXIf: duplicate
libpng warning: eXIf: duplicate
libpng warning: eXIf: duplicate
libpng warning: eXIf: duplicate
libpng warning: eXIf: duplicate
libpng warning: eXIf: duplicate
libpng warning: eXIf: duplicate
libpng warning: eXIf: duplicate
libpng warning: eXIf: duplicate
libpng warning: eXIf: duplicate
libpng warning: eXIf: duplicate
libpng warning: eXIf: duplicate
libpng warning: eXIf: duplicate
libpng warning: eXIf: duplicate
libpng warning: eXIf: duplicate
libpng warning: eXIf: duplicate
libpng warning: eXIf: duplicate
libpng warning: eXIf: duplicate
libpng warning: eXIf: duplicate
libpng warning: eXIf: duplicate
libpng warning: eXIf: duplicate
libpng warning: eXIf: duplicate
libpng warning: eXIf: duplicate
libpng warning: eXIf: duplicate
libpng warning: eXIf: duplicate
libpng warning: eXIf: duplicate
libpng warning: eXIf: duplicate
libpng warning: eXIf: duplicate
libpng warning: eXIf: duplicate
libpng warning: eXIf: duplicate
libpng warning: eXIf: duplicate
libpng warning: eXIf: duplicate
libpng warning: eXIf: duplicate
libpng warning: eXIf: duplicate
libpng warning: eXIf: duplicate
libpng warning: eXIf: duplicate
libpng warning: eXIf: duplicate
libpng warning: eXIf: duplicate
libpng warning: eXIf: duplicate
libpng warning: eXIf: duplicate
libpng warning: eXIf: duplicate
libpng warning: eXIf: duplicate
libpng warning: eXIf: duplicate
libpng warning: eXIf: duplicate
libpng warning: eXIf: duplicate
libpng warning: eXIf: duplicate
libpng warning: eXIf: duplicate
libpng warning: eXIf: duplicate
libpng warning: eXIf: duplicate
libpng warning: eXIf: duplicate
libpng warning: eXIf: duplicate
libpng warning: eXIf: duplicate
libpng warning: eXIf: duplicate
libpng warning: eXIf: duplicate
libpng warning: eXIf: duplicate
libpng warning: eXIf: duplicate
libpng warning: eXIf: duplicate
libpng warning: eXIf: duplicate
libpng warning: eXIf: duplicate
libpng warning: eXIf: duplicate
libpng warning: eXIf: duplicate
libpng warning: eXIf: duplicate
libpng warning: eXIf: duplicate
libpng warning: eXIf: duplicate
libpng warning: eXIf: duplicate
libpng warning: eXIf: duplicate
libpng warning: eXIf: duplicate
libpng warning: eXIf: duplicate
libpng warning: eXIf: duplicate
libpng warning: eXIf: duplicate
libpng warning: eXIf: duplicate
libpng warning: eXIf: duplicate
libpng warning: eXIf: duplicate
libpng warning: eXIf: duplicate
libpng warning: eXIf: duplicate
libpng warning: eXIf: duplicate
libpng warning: eXIf: duplicate
libpng warning: eXIf: duplicate
libpng warning: eXIf: duplicate
libpng warning: eXIf: duplicate
libpng warning: eXIf: duplicate
libpng warning: eXIf: duplicate
libpng warning: eXIf: duplicate
libpng warning: eXIf: duplicate
libpng warning: eXIf: duplicate
libpng warning: eXIf: duplicate
libpng warning: eXIf: duplicate
libpng warning: eXIf: duplicate
libpng warning: eXIf: duplicate
libpng warning: eXIf: duplicate
libpng warning: eXIf: duplicate
libpng warning: eXIf: duplicate
libpng warning: eXIf: duplicate
libpng warning: eXIf: duplicate
libpng warning: eXIf: duplicate
libpng warning: eXIf: duplicate
libpng warning: eXIf: duplicate
libpng warning: eXIf: duplicate
libpng warning: eXIf: duplicate
libpng warning: eXIf: duplicate
libpng warning: eXIf: duplicate
libpng warning: eXIf: duplicate
libpng warning: eXIf: duplicate
libpng warning: eXIf: duplicate
libpng warning: eXIf: duplicate
libpng warning: eXIf: duplicate
libpng warning: eXIf: duplicate
libpng warning: eXIf: duplicate
libpng warning: eXIf: duplicate
libpng warning: eXIf: duplicate
libpng warning: eXIf: duplicate
libpng warning: eXIf: duplicate
libpng warning: eXIf: duplicate
libpng warning: eXIf: duplicate
libpng warning: eXIf: duplicate
libpng warning: eXIf: duplicate
libpng warning: eXIf: duplicate
libpng warning: eXIf: duplicate
libpng warning: eXIf: duplicate
libpng warning: eXIf: duplicate
libpng warning: eXIf: duplicate
libpng warning: eXIf: duplicate
libpng warning: eXIf: duplicate
libpng warning: eXIf: duplicate
libpng warning: eXIf: duplicate
libpng warning: eXIf: duplicate
libpng warning: eXIf: duplicate
libpng warning: eXIf: duplicate
libpng warning: eXIf: duplicate
libpng warning: eXIf: duplicate
libpng warning: eXIf: duplicate
libpng warning: eXIf: duplicate
libpng warning: eXIf: duplicate
libpng warning: eXIf: duplicate
libpng warning: eXIf: duplicate
libpng warning: eXIf: duplicate
libpng warning: eXIf: duplicate
libpng warning: eXIf: duplicate
libpng warning: eXIf: duplicate
libpng warning: eXIf: duplicate
libpng warning: eXIf: duplicate
libpng warning: eXIf: duplicate
libpng warning: eXIf: duplicate
libpng warning: eXIf: duplicate
libpng warning: eXIf: duplicate
libpng warning: eXIf: duplicate
libpng warning: eXIf: duplicate
libpng warning: eXIf: duplicate
libpng warning: eXIf: duplicate
libpng warning: eXIf: duplicate
libpng warning: eXIf: duplicate
libpng warning: eXIf: duplicate
libpng warning: eXIf: duplicate
libpng warning: eXIf: duplicate
libpng warning: eXIf: duplicate
libpng warning: eXIf: duplicate
libpng warning: eXIf: duplicate
libpng warning: eXIf: duplicate
libpng warning: eXIf: duplicate
libpng warning: eXIf: duplicate
libpng warning: eXIf: duplicate
libpng warning: eXIf: duplicate
libpng warning: eXIf: duplicate
libpng warning: eXIf: duplicate
libpng warning: eXIf: duplicate
libpng warning: eXIf: duplicate
libpng warning: eXIf: duplicate
libpng warning: eXIf: duplicate
libpng warning: eXIf: duplicate
libpng warning: eXIf: duplicate
libpng warning: eXIf: duplicate
libpng warning: eXIf: duplicate
libpng warning: eXIf: duplicate
libpng warning: eXIf: duplicate
libpng warning: eXIf: duplicate
libpng warning: eXIf: duplicate
libpng warning: eXIf: duplicate
libpng warning: eXIf: duplicate
libpng warning: eXIf: duplicate
libpng warning: eXIf: duplicate
libpng warning: eXIf: duplicate
libpng warning: eXIf: duplicate
libpng warning: eXIf: duplicate
libpng warning: eXIf: duplicate
libpng warning: eXIf: duplicate
libpng warning: eXIf: duplicate
libpng warning: eXIf: duplicate
libpng warning: eXIf: duplicate
libpng warning: eXIf: duplicate
libpng warning: eXIf: duplicate
libpng warning: eXIf: duplicate
libpng warning: eXIf: duplicate
libpng warning: eXIf: duplicate
libpng warning: eXIf: duplicate
libpng warning: eXIf: duplicate
libpng warning: eXIf: duplicate
libpng warning: eXIf: duplicate
libpng warning: eXIf: duplicate
libpng warning: eXIf: duplicate
libpng warning: eXIf: duplicate
libpng warning: eXIf: duplicate
libpng warning: eXIf: duplicate
libpng warning: eXIf: duplicate
libpng warning: eXIf: duplicate
libpng warning: eXIf: duplicate
libpng warning: eXIf: duplicate
libpng warning: eXIf: duplicate
libpng warning: eXIf: duplicate
libpng warning: eXIf: duplicate
libpng warning: eXIf: duplicate
libpng warning: eXIf: duplicate
libpng warning: eXIf: duplicate
libpng warning: eXIf: duplicate
libpng warning: eXIf: duplicate
libpng warning: eXIf: duplicate
libpng warning: eXIf: duplicate
libpng warning: eXIf: duplicate
libpng warning: eXIf: duplicate
libpng warning: eXIf: duplicate
libpng warning: eXIf: duplicate
libpng warning: eXIf: duplicate
libpng warning: eXIf: duplicate
libpng warning: eXIf: duplicate
libpng warning: eXIf: duplicate
libpng warning: eXIf: duplicate
libpng warning: eXIf: duplicate
libpng warning: eXIf: duplicate
libpng warning: eXIf: duplicate
libpng warning: eXIf: duplicate
libpng warning: eXIf: duplicate
libpng warning: eXIf: duplicate
libpng warning: eXIf: duplicate
libpng warning: eXIf: duplicate
libpng warning: eXIf: duplicate
libpng warning: eXIf: duplicate
libpng warning: eXIf: duplicate
libpng warning: eXIf: duplicate
libpng warning: eXIf: duplicate
libpng warning: eXIf: duplicate
libpng warning: eXIf: duplicate
libpng warning: eXIf: duplicate
libpng warning: eXIf: duplicate
libpng warning: eXIf: duplicate
libpng warning: eXIf: duplicate
libpng warning: eXIf: duplicate
libpng warning: eXIf: duplicate
libpng warning: eXIf: duplicate
libpng warning: eXIf: duplicate
libpng warning: eXIf: duplicate
libpng warning: eXIf: duplicate
libpng warning: eXIf: duplicate
libpng warning: eXIf: duplicate
libpng warning: eXIf: duplicate
libpng warning: eXIf: duplicate
libpng warning: eXIf: duplicate
libpng warning: eXIf: duplicate
libpng warning: eXIf: duplicate
libpng warning: eXIf: duplicate
libpng warning: eXIf: duplicate
libpng warning: eXIf: duplicate
libpng warning: eXIf: duplicate
libpng warning: eXIf: duplicate
libpng warning: eXIf: duplicate
libpng warning: eXIf: duplicate
libpng warning: eXIf: duplicate
libpng warning: eXIf: duplicate
libpng warning: eXIf: duplicate
libpng warning: eXIf: duplicate
libpng warning: eXIf: duplicate
libpng warning: eXIf: duplicate
libpng warning: eXIf: duplicate
libpng warning: eXIf: duplicate
libpng warning: eXIf: duplicate
libpng warning: eXIf: duplicate
libpng warning: eXIf: duplicate
libpng warning: eXIf: duplicate
libpng warning: eXIf: duplicate
libpng warning: eXIf: duplicate
libpng warning: eXIf: duplicate
libpng warning: eXIf: duplicate
libpng warning: eXIf: duplicate
libpng warning: eXIf: duplicate
libpng warning: eXIf: duplicate
libpng warning: eXIf: duplicate
libpng warning: eXIf: duplicate
 ['', '4T', 'CXY', 'MV-Painter', 'data', 'train_data']
alpha count: 159571 168815
reverse false
base dir name: ['', '4T', 'CXY', 'MV-Painter', 'data', 'train_data']
alpha count: 222844 224236
reverse false
base dir name: ['', '4T', 'CXY', 'MV-Painter', 'data', 'train_data']
alpha count: 208315 215448
reverse false
base dir name: ['', '4T', 'CXY', 'MV-Painter', 'data', 'train_data']
alpha count: 229189 233836
reverse false
base dir name: ['', '4T', 'CXY', 'MV-Painter', 'data', 'train_data']
alpha count: 245598 211487
reverse true
base dir name: ['', '4T', 'CXY', 'MV-Painter', 'data', 'train_data']
alpha count: 245371 251303
reverse false
[1820/2000] loss=0.1181 (ema 0.0826) lr=3.20e-06 grad=0.097 | fsc_modules=3.1e-03 gsg_modules=7.2e-02 ltag=6.7e-03 | 1.0s
base dir name: ['', '4T', 'CXY', 'MV-Painter', 'data', 'train_data']
alpha count: 219686 224503
reverse false
base dir name: ['', '4T', 'CXY', 'MV-Painter', 'data', 'train_data']
alpha count: 256116 241574
reverse true
base dir name: ['', '4T', 'CXY', 'MV-Painter', 'data', 'train_data']
alpha count: 223607 205834
reverse true
base dir name: ['', '4T', 'CXY', 'MV-Painter', 'data', 'train_data']
alpha count: 223323 235410
reverse false
base dir name: ['', '4T', 'CXY', 'MV-Painter', 'data', 'train_data']
alpha count: 244630 243389
reverse true
base dir name: ['', '4T', 'CXY', 'MV-Painter', 'data', 'train_data']
alpha count: 229412 210274
reverse true
base dir name: ['', '4T', 'CXY', 'MV-Painter', 'data', 'train_data']
alpha count: 237888 200906
reverse true
base dir name: ['', '4T', 'CXY', 'MV-Painter', 'data', 'train_data']
alpha count: 257116 233958
reverse true
base dir name: ['', '4T', 'CXY', 'MV-Painter', 'data', 'train_data']
alpha count: 262144 260499
reverse true
base dir name: ['', '4T', 'CXY', 'MV-Painter', 'data', 'train_data']
alpha count: 213009 209125
reverse true
base dir name: ['', '4T', 'CXY', 'MV-Painter', 'data', 'train_data']
alpha count: 222969 221170
reverse true
base dir name: ['', '4T', 'CXY', 'MV-Painter', 'data', 'train_data']
alpha count: 243537 257490
reverse false
base dir name: ['', '4T', 'CXY', 'MV-Painter', 'data', 'train_data']
alpha count: 148113 148113
reverse false
base dir name: ['', '4T', 'CXY', 'MV-Painter', 'data', 'train_data']
alpha count: 186272 155713
reverse true
base dir name: ['', '4T', 'CXY', 'MV-Painter', 'data', 'train_data']
alpha count: 227101 224687
reverse true
base dir name: ['', '4T', 'CXY', 'MV-Painter', 'data', 'train_data']
alpha count: 207455 200164
reverse true
base dir name: ['', '4T', 'CXY', 'MV-Painter', 'data', 'train_data']
alpha count: 192957 184310
reverse true
base dir name: ['', '4T', 'CXY', 'MV-Painter', 'data', 'train_data']
alpha count: 200349 194406
reverse true
base dir name: ['', '4T', 'CXY', 'MV-Painter', 'data', 'train_data']
alpha count: 189145 198495
reverse false
base dir name: ['', '4T', 'CXY', 'MV-Painter', 'data', 'train_data']
alpha count: 237117 246265
reverse false
[1840/2000] loss=0.0353 (ema 0.0786) lr=2.74e-06 grad=0.339 | fsc_modules=1.1e-02 gsg_modules=2.2e-01 ltag=2.1e-02 | 1.1s
base dir name: ['', '4T', 'CXY', 'MV-Painter', 'data', 'train_data']
alpha count: 244655 246595
reverse false
base dir name: ['', '4T', 'CXY', 'MV-Painter', 'data', 'train_data']
alpha count: 222494 173563
reverse true
base dir name: ['', '4T', 'CXY', 'MV-Painter', 'data', 'train_data']
alpha count: 253616 181790
reverse true
base dir name: ['', '4T', 'CXY', 'MV-Painter', 'data', 'train_data']
alpha count: 237402 245408
reverse false
base dir name: ['', '4T', 'CXY', 'MV-Painter', 'data', 'train_data']
alpha count: 188332 204921
reverse false
base dir name: ['', '4T', 'CXY', 'MV-Painter', 'data', 'train_data']
alpha count: 210502 199549
reverse true
base dir name: ['', '4T', 'CXY', 'MV-Painter', 'data', 'train_data']
alpha count: 250985 260600
reverse false
base dir name: ['', '4T', 'CXY', 'MV-Painter', 'data', 'train_data']
alpha count: 205223 179700
reverse true
base dir name: ['', '4T', 'CXY', 'MV-Painter', 'data', 'train_data']
alpha count: 256447 252828
reverse true
base dir name: ['', '4T', 'CXY', 'MV-Painter', 'data', 'train_data']
alpha count: 252510 246054
reverse true
base dir name: ['', '4T', 'CXY', 'MV-Painter', 'data', 'train_data']
alpha count: 181252 181251
reverse true
base dir name: ['', '4T', 'CXY', 'MV-Painter', 'data', 'train_data']
alpha count: 203571 233854
reverse false
base dir name: ['', '4T', 'CXY', 'MV-Painter', 'data', 'train_data']
alpha count: 233672 237933
reverse false
base dir name: ['', '4T', 'CXY', 'MV-Painter', 'data', 'train_data']
alpha count: 253820 240814
reverse true
base dir name: ['', '4T', 'CXY', 'MV-Painter', 'data', 'train_data']
alpha count: 201265 205167
reverse false
base dir name: ['', '4T', 'CXY', 'MV-Painter', 'data', 'train_data']
alpha count: 247484 239985
reverse true
base dir name: ['', '4T', 'CXY', 'MV-Painter', 'data', 'train_data']
alpha count: 236905 249524
reverse false
base dir name: ['', '4T', 'CXY', 'MV-Painter', 'data', 'train_data']
alpha count: 255900 239207
reverse true
base dir name: ['', '4T', 'CXY', 'MV-Painter', 'data', 'train_data']
alpha count: 195279 192893
reverse true
base dir name: ['', '4T', 'CXY', 'MV-Painter', 'data', 'train_data']
alpha count: 233981 232718
reverse true
[1860/2000] loss=0.0986 (ema 0.0776) lr=2.34e-06 grad=0.026 | fsc_modules=1.4e-03 gsg_modules=1.8e-02 ltag=3.4e-03 | 1.2s
base dir name: ['', '4T', 'CXY', 'MV-Painter', 'data', 'train_data']
alpha count: 251307 232709
reverse true
base dir name: ['', '4T', 'CXY', 'MV-Painter', 'data', 'train_data']
alpha count: 250504 236147
reverse true
base dir name: ['', '4T', 'CXY', 'MV-Painter', 'data', 'train_data']
alpha count: 224371 232581
reverse false
base dir name: ['', '4T', 'CXY', 'MV-Painter', 'data', 'train_data']
alpha count: 240672 208442
reverse true
base dir name: ['', '4T', 'CXY', 'MV-Painter', 'data', 'train_data']
alpha count: 187915 200261
reverse false
base dir name: ['', '4T', 'CXY', 'MV-Painter', 'data', 'train_data']
alpha count: 218252 208522
reverse true
base dir name: ['', '4T', 'CXY', 'MV-Painter', 'data', 'train_data']
alpha count: 212005 176506
reverse true
base dir name: ['', '4T', 'CXY', 'MV-Painter', 'data', 'train_data']
alpha count: 236389 237617
reverse false
base dir name: ['', '4T', 'CXY', 'MV-Painter', 'data', 'train_data']
alpha count: 222639 232570
reverse false
base dir name: ['', '4T', 'CXY', 'MV-Painter', 'data', 'train_data']
alpha count: 233011 228324
reverse true
base dir name: ['', '4T', 'CXY', 'MV-Painter', 'data', 'train_data']
alpha count: 236199 217670
reverse true
base dir name: ['', '4T', 'CXY', 'MV-Painter', 'data', 'train_data']
alpha count: 199351 200389
reverse false
base dir name: ['', '4T', 'CXY', 'MV-Painter', 'data', 'train_data']
alpha count: 244058 214282
reverse true
base dir name: ['', '4T', 'CXY', 'MV-Painter', 'data', 'train_data']
alpha count: 218904 226178
reverse false
base dir name: ['', '4T', 'CXY', 'MV-Painter', 'data', 'train_data']
alpha count: 243543 235437
reverse true
base dir name: ['', '4T', 'CXY', 'MV-Painter', 'data', 'train_data']
alpha count: 230339 246396
reverse false
base dir name: ['', '4T', 'CXY', 'MV-Painter', 'data', 'train_data']
alpha count: 240144 249110
reverse false
base dir name: ['', '4T', 'CXY', 'MV-Painter', 'data', 'train_data']
alpha count: 210880 224968
reverse false
base dir name: ['', '4T', 'CXY', 'MV-Painter', 'data', 'train_data']
alpha count: 253914 257231
reverse false
base dir name: ['', '4T', 'CXY', 'MV-Painter', 'data', 'train_data']
alpha count: 244937 231434
reverse true
[1880/2000] loss=0.1656 (ema 0.0795) lr=1.99e-06 grad=0.054 | fsc_modules=2.8e-03 gsg_modules=3.0e-02 ltag=8.4e-03 | 1.1s
base dir name: ['', '4T', 'CXY', 'MV-Painter', 'data', 'train_data']
alpha count: 223429 228514
reverse false
base dir name: ['', '4T', 'CXY', 'MV-Painter', 'data', 'train_data']
alpha count: 245178 200019
reverse true
base dir name: ['', '4T', 'CXY', 'MV-Painter', 'data', 'train_data']
alpha count: 239219 251261
reverse false
base dir name: ['', '4T', 'CXY', 'MV-Painter', 'data', 'train_data']
alpha count: 253112 245155
reverse true
base dir name: ['', '4T', 'CXY', 'MV-Painter', 'data', 'train_data']libpng warning: eXIf: duplicate
libpng warning: eXIf: duplicate
libpng warning: eXIf: duplicate
libpng warning: eXIf: duplicate
libpng warning: eXIf: duplicate
libpng warning: eXIf: duplicate
libpng warning: eXIf: duplicate
libpng warning: eXIf: duplicate
libpng warning: eXIf: duplicate
libpng warning: eXIf: duplicate
libpng warning: eXIf: duplicate
libpng warning: eXIf: duplicate
libpng warning: eXIf: duplicate
libpng warning: eXIf: duplicate
libpng warning: eXIf: duplicate
libpng warning: eXIf: duplicate
libpng warning: eXIf: duplicate
libpng warning: eXIf: duplicate
libpng warning: eXIf: duplicate
libpng warning: eXIf: duplicate
libpng warning: eXIf: duplicate
libpng warning: eXIf: duplicate
libpng warning: eXIf: duplicate
libpng warning: eXIf: duplicate
libpng warning: eXIf: duplicate
libpng warning: eXIf: duplicate
libpng warning: eXIf: duplicate
libpng warning: eXIf: duplicate
libpng warning: eXIf: duplicate
libpng warning: eXIf: duplicate
libpng warning: eXIf: duplicate
libpng warning: eXIf: duplicate
libpng warning: eXIf: duplicate
libpng warning: eXIf: duplicate
libpng warning: eXIf: duplicate
libpng warning: eXIf: duplicate
libpng warning: eXIf: duplicate
libpng warning: eXIf: duplicate
libpng warning: eXIf: duplicate
libpng warning: eXIf: duplicate
libpng warning: eXIf: duplicate
libpng warning: eXIf: duplicate
libpng warning: eXIf: duplicate
libpng warning: eXIf: duplicate
libpng warning: eXIf: duplicate
libpng warning: eXIf: duplicate
libpng warning: eXIf: duplicate
libpng warning: eXIf: duplicate
libpng warning: eXIf: duplicate
libpng warning: eXIf: duplicate
libpng warning: eXIf: duplicate
libpng warning: eXIf: duplicate
libpng warning: eXIf: duplicate
libpng warning: eXIf: duplicate
libpng warning: eXIf: duplicate
libpng warning: eXIf: duplicate
libpng warning: eXIf: duplicate
libpng warning: eXIf: duplicate
libpng warning: eXIf: duplicate
libpng warning: eXIf: duplicate
libpng warning: eXIf: duplicate
libpng warning: eXIf: duplicate
libpng warning: eXIf: duplicate
libpng warning: eXIf: duplicate
libpng warning: eXIf: duplicate
libpng warning: eXIf: duplicate
libpng warning: eXIf: duplicate
libpng warning: eXIf: duplicate
libpng warning: eXIf: duplicate
libpng warning: eXIf: duplicate
libpng warning: eXIf: duplicate
libpng warning: eXIf: duplicate
libpng warning: eXIf: duplicate
libpng warning: eXIf: duplicate
libpng warning: eXIf: duplicate
libpng warning: eXIf: duplicate
libpng warning: eXIf: duplicate
libpng warning: eXIf: duplicate
libpng warning: eXIf: duplicate
libpng warning: eXIf: duplicate
libpng warning: eXIf: duplicate
libpng warning: eXIf: duplicate
libpng warning: eXIf: duplicate
libpng warning: eXIf: duplicate
libpng warning: eXIf: duplicate
libpng warning: eXIf: duplicate
libpng warning: eXIf: duplicate
libpng warning: eXIf: duplicate
libpng warning: eXIf: duplicate
libpng warning: eXIf: duplicate
libpng warning: eXIf: duplicate
libpng warning: eXIf: duplicate
libpng warning: eXIf: duplicate
libpng warning: eXIf: duplicate
libpng warning: eXIf: duplicate
libpng warning: eXIf: duplicate
libpng warning: eXIf: duplicate
libpng warning: eXIf: duplicate
libpng warning: eXIf: duplicate
libpng warning: eXIf: duplicate
libpng warning: eXIf: duplicate
libpng warning: eXIf: duplicate
libpng warning: eXIf: duplicate
libpng warning: eXIf: duplicate
libpng warning: eXIf: duplicate
libpng warning: eXIf: duplicate
libpng warning: eXIf: duplicate
libpng warning: eXIf: duplicate
libpng warning: eXIf: duplicate
libpng warning: eXIf: duplicate
libpng warning: eXIf: duplicate
libpng warning: eXIf: duplicate
libpng warning: eXIf: duplicate
libpng warning: eXIf: duplicate
libpng warning: eXIf: duplicate
libpng warning: eXIf: duplicate
libpng warning: eXIf: duplicate
libpng warning: eXIf: duplicate
libpng warning: eXIf: duplicate
libpng warning: eXIf: duplicate
libpng warning: eXIf: duplicate
libpng warning: eXIf: duplicate
libpng warning: eXIf: duplicate
libpng warning: eXIf: duplicate
libpng warning: eXIf: duplicate
libpng warning: eXIf: duplicate
libpng warning: eXIf: duplicate
libpng warning: eXIf: duplicate
libpng warning: eXIf: duplicate
libpng warning: eXIf: duplicate
libpng warning: eXIf: duplicate
libpng warning: eXIf: duplicate
libpng warning: eXIf: duplicate
libpng warning: eXIf: duplicate
libpng warning: eXIf: duplicate
libpng warning: eXIf: duplicate
libpng warning: eXIf: duplicate
libpng warning: eXIf: duplicate
libpng warning: eXIf: duplicate
libpng warning: eXIf: duplicate
libpng warning: eXIf: duplicate
libpng warning: eXIf: duplicate
libpng warning: eXIf: duplicate
libpng warning: eXIf: duplicate
libpng warning: eXIf: duplicate
libpng warning: eXIf: duplicate
libpng warning: eXIf: duplicate
libpng warning: eXIf: duplicate
libpng warning: eXIf: duplicate
libpng warning: eXIf: duplicate
libpng warning: eXIf: duplicate
libpng warning: eXIf: duplicate
libpng warning: eXIf: duplicate
libpng warning: eXIf: duplicate
libpng warning: eXIf: duplicate
libpng warning: eXIf: duplicate
libpng warning: eXIf: duplicate
libpng warning: eXIf: duplicate
libpng warning: eXIf: duplicate
libpng warning: eXIf: duplicate
libpng warning: eXIf: duplicate
libpng warning: eXIf: duplicate
libpng warning: eXIf: duplicate
libpng warning: eXIf: duplicate
libpng warning: eXIf: duplicate
libpng warning: eXIf: duplicate
libpng warning: eXIf: duplicate
libpng warning: eXIf: duplicate
libpng warning: eXIf: duplicate
libpng warning: eXIf: duplicate
libpng warning: eXIf: duplicate
libpng warning: eXIf: duplicate
libpng warning: eXIf: duplicate
libpng warning: eXIf: duplicate
libpng warning: eXIf: duplicate
libpng warning: eXIf: duplicate
libpng warning: eXIf: duplicate
libpng warning: eXIf: duplicate
libpng warning: eXIf: duplicate
libpng warning: eXIf: duplicate
libpng warning: eXIf: duplicate
libpng warning: eXIf: duplicate
libpng warning: eXIf: duplicate
libpng warning: eXIf: duplicate
libpng warning: eXIf: duplicate
libpng warning: eXIf: duplicate
libpng warning: eXIf: duplicate
libpng warning: eXIf: duplicate
libpng warning: eXIf: duplicate
libpng warning: eXIf: duplicate
libpng warning: eXIf: duplicate
libpng warning: eXIf: duplicate
libpng warning: eXIf: duplicate
libpng warning: eXIf: duplicate
libpng warning: eXIf: duplicate
libpng warning: eXIf: duplicate
libpng warning: eXIf: duplicate
libpng warning: eXIf: duplicate
libpng warning: eXIf: duplicate
libpng warning: eXIf: duplicate
libpng warning: eXIf: duplicate
libpng warning: eXIf: duplicate
libpng warning: eXIf: duplicate
libpng warning: eXIf: duplicate
libpng warning: eXIf: duplicate
libpng warning: eXIf: duplicate
libpng warning: eXIf: duplicate
libpng warning: eXIf: duplicate
libpng warning: eXIf: duplicate
libpng warning: eXIf: duplicate
libpng warning: eXIf: duplicate
libpng warning: eXIf: duplicate
libpng warning: eXIf: duplicate
libpng warning: eXIf: duplicate
libpng warning: eXIf: duplicate
libpng warning: eXIf: duplicate
libpng warning: eXIf: duplicate
libpng warning: eXIf: duplicate
libpng warning: eXIf: duplicate
libpng warning: eXIf: duplicate
libpng warning: eXIf: duplicate
libpng warning: eXIf: duplicate
libpng warning: eXIf: duplicate
libpng warning: eXIf: duplicate
libpng warning: eXIf: duplicate
libpng warning: eXIf: duplicate
libpng warning: eXIf: duplicate
libpng warning: eXIf: duplicate
libpng warning: eXIf: duplicate
libpng warning: eXIf: duplicate
libpng warning: eXIf: duplicate
libpng warning: eXIf: duplicate
libpng warning: eXIf: duplicate
libpng warning: eXIf: duplicate
libpng warning: eXIf: duplicate
libpng warning: eXIf: duplicate
libpng warning: eXIf: duplicate
libpng warning: eXIf: duplicate
libpng warning: eXIf: duplicate
libpng warning: eXIf: duplicate
libpng warning: eXIf: duplicate
libpng warning: eXIf: duplicate
libpng warning: eXIf: duplicate
libpng warning: eXIf: duplicate
libpng warning: eXIf: duplicate
libpng warning: eXIf: duplicate
libpng warning: eXIf: duplicate
libpng warning: eXIf: duplicate
libpng warning: eXIf: duplicate
libpng warning: eXIf: duplicate
libpng warning: eXIf: duplicate
libpng warning: eXIf: duplicate
libpng warning: eXIf: duplicate
libpng warning: eXIf: duplicate
libpng warning: eXIf: duplicate
libpng warning: eXIf: duplicate
libpng warning: eXIf: duplicate
libpng warning: eXIf: duplicate
libpng warning: eXIf: duplicate
libpng warning: eXIf: duplicate
libpng warning: eXIf: duplicate
libpng warning: eXIf: duplicate
libpng warning: eXIf: duplicate
libpng warning: eXIf: duplicate
libpng warning: eXIf: duplicate
libpng warning: eXIf: duplicate
libpng warning: eXIf: duplicate
libpng warning: eXIf: duplicate
libpng warning: eXIf: duplicate
libpng warning: eXIf: duplicate
libpng warning: eXIf: duplicate
libpng warning: eXIf: duplicate
libpng warning: eXIf: duplicate
libpng warning: eXIf: duplicate
libpng warning: eXIf: duplicate
libpng warning: eXIf: duplicate
libpng warning: eXIf: duplicate
libpng warning: eXIf: duplicate
libpng warning: eXIf: duplicate
libpng warning: eXIf: duplicate
libpng warning: eXIf: duplicate
libpng warning: eXIf: duplicate
libpng warning: eXIf: duplicate
libpng warning: eXIf: duplicate
libpng warning: eXIf: duplicate
libpng warning: eXIf: duplicate
libpng warning: eXIf: duplicate
libpng warning: eXIf: duplicate
libpng warning: eXIf: duplicate
libpng warning: eXIf: duplicate
libpng warning: eXIf: duplicate
libpng warning: eXIf: duplicate
libpng warning: eXIf: duplicate
libpng warning: eXIf: duplicate
libpng warning: eXIf: duplicate
libpng warning: eXIf: duplicate
libpng warning: eXIf: duplicate
libpng warning: eXIf: duplicate
libpng warning: eXIf: duplicate
libpng warning: eXIf: duplicate
libpng warning: eXIf: duplicate
libpng warning: eXIf: duplicate
libpng warning: eXIf: duplicate
libpng warning: eXIf: duplicate
libpng warning: eXIf: duplicate
libpng warning: eXIf: duplicate
libpng warning: eXIf: duplicate
libpng warning: eXIf: duplicate
libpng warning: eXIf: duplicate
libpng warning: eXIf: duplicate
libpng warning: eXIf: duplicate
libpng warning: eXIf: duplicate
libpng warning: eXIf: duplicate
libpng warning: eXIf: duplicate
libpng warning: eXIf: duplicate
libpng warning: eXIf: duplicate
libpng warning: eXIf: duplicate
libpng warning: eXIf: duplicate
libpng warning: eXIf: duplicate
libpng warning: eXIf: duplicate
libpng warning: eXIf: duplicate
libpng warning: eXIf: duplicate
libpng warning: eXIf: duplicate
libpng warning: eXIf: duplicate
libpng warning: eXIf: duplicate
libpng warning: eXIf: duplicate
libpng warning: eXIf: duplicate
libpng warning: eXIf: duplicate
libpng warning: eXIf: duplicate
libpng warning: eXIf: duplicate
libpng warning: eXIf: duplicate
libpng warning: eXIf: duplicate
libpng warning: eXIf: duplicate
libpng warning: eXIf: duplicate
libpng warning: eXIf: duplicate
libpng warning: eXIf: duplicate
libpng warning: eXIf: duplicate
libpng warning: eXIf: duplicate
libpng warning: eXIf: duplicate
libpng warning: eXIf: duplicate
libpng warning: eXIf: duplicate
libpng warning: eXIf: duplicate
libpng warning: eXIf: duplicate
libpng warning: eXIf: duplicate
libpng warning: eXIf: duplicate
libpng warning: eXIf: duplicate
libpng warning: eXIf: duplicate
libpng warning: eXIf: duplicate
libpng warning: eXIf: duplicate
libpng warning: eXIf: duplicate
libpng warning: eXIf: duplicate
libpng warning: eXIf: duplicate
libpng warning: eXIf: duplicate
libpng warning: eXIf: duplicate
libpng warning: eXIf: duplicate
libpng warning: eXIf: duplicate
libpng warning: eXIf: duplicate
libpng warning: eXIf: duplicate
libpng warning: eXIf: duplicate
libpng warning: eXIf: duplicate
libpng warning: eXIf: duplicate
libpng warning: eXIf: duplicate
libpng warning: eXIf: duplicate
libpng warning: eXIf: duplicate
libpng warning: eXIf: duplicate
libpng warning: eXIf: duplicate
libpng warning: eXIf: duplicate
libpng warning: eXIf: duplicate
libpng warning: eXIf: duplicate
libpng warning: eXIf: duplicate
libpng warning: eXIf: duplicate
libpng warning: eXIf: duplicate
libpng warning: eXIf: duplicate
libpng warning: eXIf: duplicate
libpng warning: eXIf: duplicate
libpng warning: eXIf: duplicate
libpng warning: eXIf: duplicate
libpng warning: eXIf: duplicate
libpng warning: eXIf: duplicate
libpng warning: eXIf: duplicate
libpng warning: eXIf: duplicate
libpng warning: eXIf: duplicate
libpng warning: eXIf: duplicate
libpng warning: eXIf: duplicate
libpng warning: eXIf: duplicate
libpng warning: eXIf: duplicate
libpng warning: eXIf: duplicate
libpng warning: eXIf: duplicate
libpng warning: eXIf: duplicate
libpng warning: eXIf: duplicate
libpng warning: eXIf: duplicate
libpng warning: eXIf: duplicate
libpng warning: eXIf: duplicate
libpng warning: eXIf: duplicate
libpng warning: eXIf: duplicate
libpng warning: eXIf: duplicate
libpng warning: eXIf: duplicate
libpng warning: eXIf: duplicate
libpng warning: eXIf: duplicate
libpng warning: eXIf: duplicate
libpng warning: eXIf: duplicate
libpng warning: eXIf: duplicate
libpng warning: eXIf: duplicate
libpng warning: eXIf: duplicate
libpng warning: eXIf: duplicate
libpng warning: eXIf: duplicate
libpng warning: eXIf: duplicate
libpng warning: eXIf: duplicate
libpng warning: eXIf: duplicate
libpng warning: eXIf: duplicate
libpng warning: eXIf: duplicate
libpng warning: eXIf: duplicate
libpng warning: eXIf: duplicate
libpng warning: eXIf: duplicate
libpng warning: eXIf: duplicate
libpng warning: eXIf: duplicate
libpng warning: eXIf: duplicate
libpng warning: eXIf: duplicate
libpng warning: eXIf: duplicate
libpng warning: eXIf: duplicate
libpng warning: eXIf: duplicate
libpng warning: eXIf: duplicate
libpng warning: eXIf: duplicate
libpng warning: eXIf: duplicate
libpng warning: eXIf: duplicate
libpng warning: eXIf: duplicate
libpng warning: eXIf: duplicate
libpng warning: eXIf: duplicate
libpng warning: eXIf: duplicate
libpng warning: eXIf: duplicate
libpng warning: eXIf: duplicate
libpng warning: eXIf: duplicate
libpng warning: eXIf: duplicate
libpng warning: eXIf: duplicate
libpng warning: eXIf: duplicate
libpng warning: eXIf: duplicate
libpng warning: eXIf: duplicate
libpng warning: eXIf: duplicate
libpng warning: eXIf: duplicate
libpng warning: eXIf: duplicate
libpng warning: eXIf: duplicate
libpng warning: eXIf: duplicate
libpng warning: eXIf: duplicate
libpng warning: eXIf: duplicate
libpng warning: eXIf: duplicate
libpng warning: eXIf: duplicate
libpng warning: eXIf: duplicate
libpng warning: eXIf: duplicate
libpng warning: eXIf: duplicate
libpng warning: eXIf: duplicate
libpng warning: eXIf: duplicate
libpng warning: eXIf: duplicate
libpng warning: eXIf: duplicate
libpng warning: eXIf: duplicate
libpng warning: eXIf: duplicate
libpng warning: eXIf: duplicate
libpng warning: eXIf: duplicate
libpng warning: eXIf: duplicate
libpng warning: eXIf: duplicate
libpng warning: eXIf: duplicate
libpng warning: eXIf: duplicate
libpng warning: eXIf: duplicate
libpng warning: eXIf: duplicate
libpng warning: eXIf: duplicate
libpng warning: eXIf: duplicate
libpng warning: eXIf: duplicate
libpng warning: eXIf: duplicate
libpng warning: eXIf: duplicate
libpng warning: eXIf: duplicate
libpng warning: eXIf: duplicate
libpng warning: eXIf: duplicate
libpng warning: eXIf: duplicate
libpng warning: eXIf: duplicate
libpng warning: eXIf: duplicate
libpng warning: eXIf: duplicate
libpng warning: eXIf: duplicate
libpng warning: eXIf: duplicate
libpng warning: eXIf: duplicate
libpng warning: eXIf: duplicate
libpng warning: eXIf: duplicate
libpng warning: eXIf: duplicate
libpng warning: eXIf: duplicate
libpng warning: eXIf: duplicate
libpng warning: eXIf: duplicate
libpng warning: eXIf: duplicate
libpng warning: eXIf: duplicate
libpng warning: eXIf: duplicate
libpng warning: eXIf: duplicate
libpng warning: eXIf: duplicate
libpng warning: eXIf: duplicate
libpng warning: eXIf: duplicate
libpng warning: eXIf: duplicate
libpng warning: eXIf: duplicate
libpng warning: eXIf: duplicate
libpng warning: eXIf: duplicate
libpng warning: eXIf: duplicate
libpng warning: eXIf: duplicate
libpng warning: eXIf: duplicate
libpng warning: eXIf: duplicate
libpng warning: eXIf: duplicate
libpng warning: eXIf: duplicate
libpng warning: eXIf: duplicate
libpng warning: eXIf: duplicate
libpng warning: eXIf: duplicate
libpng warning: eXIf: duplicate
libpng warning: eXIf: duplicate
libpng warning: eXIf: duplicate
libpng warning: eXIf: duplicate
libpng warning: eXIf: duplicate
libpng warning: eXIf: duplicate
libpng warning: eXIf: duplicate
libpng warning: eXIf: duplicate
libpng warning: eXIf: duplicate
libpng warning: eXIf: duplicate
libpng warning: eXIf: duplicate
libpng warning: eXIf: duplicate
libpng warning: eXIf: duplicate
libpng warning: eXIf: duplicate
libpng warning: eXIf: duplicate
libpng warning: eXIf: duplicate
libpng warning: eXIf: duplicate
libpng warning: eXIf: duplicate
libpng warning: eXIf: duplicate
libpng warning: eXIf: duplicate
libpng warning: eXIf: duplicate
libpng warning: eXIf: duplicate
libpng warning: eXIf: duplicate
libpng warning: eXIf: duplicate
libpng warning: eXIf: duplicate
libpng warning: eXIf: duplicate
libpng warning: eXIf: duplicate
libpng warning: eXIf: duplicate
libpng warning: eXIf: duplicate
libpng warning: eXIf: duplicate
libpng warning: eXIf: duplicate
libpng warning: eXIf: duplicate
libpng warning: eXIf: duplicate
libpng warning: eXIf: duplicate
libpng warning: eXIf: duplicate
libpng warning: eXIf: duplicate
libpng warning: eXIf: duplicate
libpng warning: eXIf: duplicate
libpng warning: eXIf: duplicate
libpng warning: eXIf: duplicate
libpng warning: eXIf: duplicate
libpng warning: eXIf: duplicate
libpng warning: eXIf: duplicate
libpng warning: eXIf: duplicate
libpng warning: eXIf: duplicate
libpng warning: eXIf: duplicate
libpng warning: eXIf: duplicate
libpng warning: eXIf: duplicate
libpng warning: eXIf: duplicate
libpng warning: eXIf: duplicate
libpng warning: eXIf: duplicate
libpng warning: eXIf: duplicate
libpng warning: eXIf: duplicate
libpng warning: eXIf: duplicate
libpng warning: eXIf: duplicate
libpng warning: eXIf: duplicate
libpng warning: eXIf: duplicate
libpng warning: eXIf: duplicate
libpng warning: eXIf: duplicate
libpng warning: eXIf: duplicate
libpng warning: eXIf: duplicate
libpng warning: eXIf: duplicate
libpng warning: eXIf: duplicate
libpng warning: eXIf: duplicate
libpng warning: eXIf: duplicate
libpng warning: eXIf: duplicate
libpng warning: eXIf: duplicate
libpng warning: eXIf: duplicate
libpng warning: eXIf: duplicate
libpng warning: eXIf: duplicate
libpng warning: eXIf: duplicate
libpng warning: eXIf: duplicate
libpng warning: eXIf: duplicate
libpng warning: eXIf: duplicate
libpng warning: eXIf: duplicate
libpng warning: eXIf: duplicate
libpng warning: eXIf: duplicate
libpng warning: eXIf: duplicate
libpng warning: eXIf: duplicate
libpng warning: eXIf: duplicate
libpng warning: eXIf: duplicate
libpng warning: eXIf: duplicate
libpng warning: eXIf: duplicate
libpng warning: eXIf: duplicate
libpng warning: eXIf: duplicate
libpng warning: eXIf: duplicate
libpng warning: eXIf: duplicate
libpng warning: eXIf: duplicate
libpng warning: eXIf: duplicate
libpng warning: eXIf: duplicate
libpng warning: eXIf: duplicate
libpng warning: eXIf: duplicate
libpng warning: eXIf: duplicate
libpng warning: eXIf: duplicate
libpng warning: eXIf: duplicate
libpng warning: eXIf: duplicate
libpng warning: eXIf: duplicate
libpng warning: eXIf: duplicate
libpng warning: eXIf: duplicate
libpng warning: eXIf: duplicate
libpng warning: eXIf: duplicate
libpng warning: eXIf: duplicate
libpng warning: eXIf: duplicate
libpng warning: eXIf: duplicate
libpng warning: eXIf: duplicate
libpng warning: eXIf: duplicate
libpng warning: eXIf: duplicate
libpng warning: eXIf: duplicate
libpng warning: eXIf: duplicate
libpng warning: eXIf: duplicate
libpng warning: eXIf: duplicate
libpng warning: eXIf: duplicate
libpng warning: eXIf: duplicate
libpng warning: eXIf: duplicate
libpng warning: eXIf: duplicate
libpng warning: eXIf: duplicate
libpng warning: eXIf: duplicate
libpng warning: eXIf: duplicate
libpng warning: eXIf: duplicate
libpng warning: eXIf: duplicate

alpha count: 250906 230310
reverse true
base dir name: ['', '4T', 'CXY', 'MV-Painter', 'data', 'train_data']
alpha count: 249633 195252
reverse true
base dir name: ['', '4T', 'CXY', 'MV-Painter', 'data', 'train_data']
alpha count: 256320 243155
reverse true
base dir name: ['', '4T', 'CXY', 'MV-Painter', 'data', 'train_data']
alpha count: 227756 233898
reverse false
base dir name: ['', '4T', 'CXY', 'MV-Painter', 'data', 'train_data']
alpha count: 220172 204578
reverse true
base dir name: ['', '4T', 'CXY', 'MV-Painter', 'data', 'train_data']
alpha count: 257068 242645
reverse true
base dir name: ['', '4T', 'CXY', 'MV-Painter', 'data', 'train_data']
alpha count: 211243 211129
reverse true
base dir name: ['', '4T', 'CXY', 'MV-Painter', 'data', 'train_data']
alpha count: 209524 224842
reverse false
base dir name: ['', '4T', 'CXY', 'MV-Painter', 'data', 'train_data']
alpha count: 247142 247472
reverse false
base dir name: ['', '4T', 'CXY', 'MV-Painter', 'data', 'train_data']
alpha count: 240539 231607
reverse true
base dir name: ['', '4T', 'CXY', 'MV-Painter', 'data', 'train_data']
alpha count: 227239 225664
reverse true
base dir name: ['', '4T', 'CXY', 'MV-Painter', 'data', 'train_data']
alpha count: 194527 193053
reverse true
base dir name: ['', '4T', 'CXY', 'MV-Painter', 'data', 'train_data']
alpha count: 200428 230150
reverse false
base dir name: ['', '4T', 'CXY', 'MV-Painter', 'data', 'train_data']
alpha count: 249315 249696
reverse false
base dir name: ['', '4T', 'CXY', 'MV-Painter', 'data', 'train_data']
alpha count: 183754 176562
reverse true
base dir name: ['', '4T', 'CXY', 'MV-Painter', 'data', 'train_data']
alpha count: 231152 200927
reverse true
[1900/2000] loss=0.0507 (ema 0.0798) lr=1.69e-06 grad=0.327 | fsc_modules=6.0e-03 gsg_modules=2.5e-01 ltag=9.8e-03 | 1.2s
base dir name: ['', '4T', 'CXY', 'MV-Painter', 'data', 'train_data']
alpha count: 216519 220706
reverse false
base dir name: ['', '4T', 'CXY', 'MV-Painter', 'data', 'train_data']
alpha count: 209254 208997
reverse true
base dir name: ['', '4T', 'CXY', 'MV-Painter', 'data', 'train_data']
alpha count: 204524 201299
reverse true
base dir name: ['', '4T', 'CXY', 'MV-Painter', 'data', 'train_data']
alpha count: 253478 228015
reverse true
base dir name: ['', '4T', 'CXY', 'MV-Painter', 'data', 'train_data']
alpha count: 242984 239072
reverse true
base dir name: ['', '4T', 'CXY', 'MV-Painter', 'data', 'train_data']
alpha count: 241431 241429
reverse true
base dir name: ['', '4T', 'CXY', 'MV-Painter', 'data', 'train_data']
alpha count: 262144 262144
reverse false
OpenCV(4.13.0) /io/opencv/modules/imgproc/src/resize.cpp:4208: error: (-215:Assertion failed) !ssize.empty() in function 'resize'

wrong path: /4T/CXY/MV-Painter/data/train_data/rendered_full/8a6047bf717740ca9c369ca8a528acdd/image
base dir name: ['', '4T', 'CXY', 'MV-Painter', 'data', 'train_data']
alpha count: 256268 238546
reverse true
base dir name: ['', '4T', 'CXY', 'MV-Painter', 'data', 'train_data']
alpha count: 223388 247071
reverse false
base dir name: ['', '4T', 'CXY', 'MV-Painter', 'data', 'train_data']
alpha count: 245410 257575
reverse false
base dir name: ['', '4T', 'CXY', 'MV-Painter', 'data', 'train_data']
alpha count: 171191 169260
reverse true
base dir name: ['', '4T', 'CXY', 'MV-Painter', 'data', 'train_data']
alpha count: 182341 191185
reverse false
base dir name: ['', '4T', 'CXY', 'MV-Painter', 'data', 'train_data']
alpha count: 254217 259991
reverse false
base dir name: ['', '4T', 'CXY', 'MV-Painter', 'data', 'train_data']
alpha count: 198456 201945
reverse false
base dir name: ['', '4T', 'CXY', 'MV-Painter', 'data', 'train_data']
alpha count: 195552 208607
reverse false
base dir name: ['', '4T', 'CXY', 'MV-Painter', 'data', 'train_data']
alpha count: 252374 258959
reverse false
base dir name: ['', '4T', 'CXY', 'MV-Painter', 'data', 'train_data']
alpha count: 219457 249106
reverse false
base dir name: ['', '4T', 'CXY', 'MV-Painter', 'data', 'train_data']
alpha count: 230663 203748
reverse true
base dir name: ['', '4T', 'CXY', 'MV-Painter', 'data', 'train_data']
alpha count: 243120 242596
reverse true
base dir name: ['', '4T', 'CXY', 'MV-Painter', 'data', 'train_data']
alpha count: 215775 214758
reverse true
base dir name: ['', '4T', 'CXY', 'MV-Painter', 'data', 'train_data']
alpha count: 240335 190428
reverse true
[1920/2000] loss=0.0273 (ema 0.0776) lr=1.44e-06 grad=0.036 | fsc_modules=1.1e-03 gsg_modules=2.3e-02 ltag=4.3e-03 | 1.3s
base dir name: ['', '4T', 'CXY', 'MV-Painter', 'data', 'train_data']
alpha count: 257723 232382
reverse true
base dir name: ['', '4T', 'CXY', 'MV-Painter', 'data', 'train_data']
alpha count: 214371 196879
reverse true
base dir name: ['', '4T', 'CXY', 'MV-Painter', 'data', 'train_data']
alpha count: 247648 254581
reverse false
base dir name: ['', '4T', 'CXY', 'MV-Painter', 'data', 'train_data']
alpha count: 245154 223346
reverse true
base dir name: ['', '4T', 'CXY', 'MV-Painter', 'data', 'train_data']
alpha count: 214354 181836
reverse true
base dir name: ['', '4T', 'CXY', 'MV-Painter', 'data', 'train_data']
alpha count: 225714 209522
reverse true
base dir name: ['', '4T', 'CXY', 'MV-Painter', 'data', 'train_data']
alpha count: 193096 156266
reverse true
base dir name: ['', '4T', 'CXY', 'MV-Painter', 'data', 'train_data']
alpha count: 228780 224545
reverse true
base dir name: ['', '4T', 'CXY', 'MV-Painter', 'data', 'train_data']
alpha count: 199131 189179
reverse true
base dir name: ['', '4T', 'CXY', 'MV-Painter', 'data', 'train_data']
alpha count: 167527 178893
reverse false
base dir name: ['', '4T', 'CXY', 'MV-Painter', 'data', 'train_data']
alpha count: 247975 260022
reverse false
base dir name: ['', '4T', 'CXY', 'MV-Painter', 'data', 'train_data']
alpha count: 243005 227878
reverse true
base dir name: ['', '4T', 'CXY', 'MV-Painter', 'data', 'train_data']
alpha count: 228542 233218
reverse false
base dir name: ['', '4T', 'CXY', 'MV-Painter', 'data', 'train_data']
alpha count: 230409 215624
reverse true
base dir name: ['', '4T', 'CXY', 'MV-Painter', 'data', 'train_data']
alpha count: 221293 229761
reverse false
base dir name: ['', '4T', 'CXY', 'MV-Painter', 'data', 'train_data']
alpha count: 217319 203922
reverse true
base dir name: ['', '4T', 'CXY', 'MV-Painter', 'data', 'train_data']
alpha count: 198917 210640
reverse false
base dir name: ['', '4T', 'CXY', 'MV-Painter', 'data', 'train_data']
alpha count: 189405 217226
reverse false
base dir name: ['', '4T', 'CXY', 'MV-Painter', 'data', 'train_data']
alpha count: 239657 252438
reverse false
base dir name: ['', '4T', 'CXY', 'MV-Painter', 'data', 'train_data']
alpha count: 235301 246763
reverse false
[1940/2000] loss=0.0427 (ema 0.0776) lr=1.25e-06 grad=0.103 | fsc_modules=3.4e-03 gsg_modules=7.9e-02 ltag=4.9e-03 | 1.1s
base dir name: ['', '4T', 'CXY', 'MV-Painter', 'data', 'train_data']
alpha count: 225317 225718
reverse false
base dir name: ['', '4T', 'CXY', 'MV-Painter', 'data', 'train_data']
alpha count: 257284 247427
reverse true
base dir name: ['', '4T', 'CXY', 'MV-Painter', 'data', 'train_data']
alpha count: 223209 224081
reverse false
base dir name: ['', '4T', 'CXY', 'MV-Painter', 'data', 'train_data']
alpha count: 253615 233074
reverse true
base dir name: ['', '4T', 'CXY', 'MV-Painter', 'data', 'train_data']
alpha count: 239283 250168
reverse false
base dir name: ['', '4T', 'CXY', 'MV-Painter', 'data', 'train_data']
alpha count: 243863 232100
reverse true
base dir name: ['', '4T', 'CXY', 'MV-Painter', 'data', 'train_data']
alpha count: 241054 228902
reverse true
base dir name: ['', '4T', 'CXY', 'MV-Painter', 'data', 'train_data']
alpha count: 172218 198033
reverse false
base dir name: ['', '4T', 'CXY', 'MV-Painter', 'data', 'train_data']
alpha count: 176504 176446
reverse true
base dir name: ['', '4T', 'CXY', 'MV-Painter', 'data', 'train_data']
alpha count: 247300 208649
reverse true
base dir name: ['', '4T', 'CXY', 'MV-Painter', 'data', 'train_data']
alpha count: 240899 223194
reverse true
base dir name: ['', '4T', 'CXY', 'MV-Painter', 'data', 'train_data']
alpha count: 227563 243780
reverse false
base dir name: ['', '4T', 'CXY', 'MV-Painter', 'data', 'train_data']
alpha count: 255712 261193
reverse false
base dir name:libpng warning: eXIf: duplicate
libpng warning: eXIf: duplicate
libpng warning: eXIf: duplicate
libpng warning: eXIf: duplicate
libpng warning: eXIf: duplicate
libpng warning: eXIf: duplicate
libpng warning: eXIf: duplicate
libpng warning: eXIf: duplicate
libpng warning: eXIf: duplicate
libpng warning: eXIf: duplicate
libpng warning: eXIf: duplicate
libpng warning: eXIf: duplicate
libpng warning: eXIf: duplicate
libpng warning: eXIf: duplicate
libpng warning: eXIf: duplicate
libpng warning: eXIf: duplicate
libpng warning: eXIf: duplicate
libpng warning: eXIf: duplicate
libpng warning: eXIf: duplicate
libpng warning: eXIf: duplicate
libpng warning: eXIf: duplicate
libpng warning: eXIf: duplicate
libpng warning: eXIf: duplicate
libpng warning: eXIf: duplicate
libpng warning: eXIf: duplicate
libpng warning: eXIf: duplicate
libpng warning: eXIf: duplicate
libpng warning: eXIf: duplicate
libpng warning: eXIf: duplicate
libpng warning: eXIf: duplicate
libpng warning: eXIf: duplicate
libpng warning: eXIf: duplicate
libpng warning: eXIf: duplicate
libpng warning: eXIf: duplicate
libpng warning: eXIf: duplicate
libpng warning: eXIf: duplicate
libpng warning: eXIf: duplicate
libpng warning: eXIf: duplicate
libpng warning: eXIf: duplicate
libpng warning: eXIf: duplicate
libpng warning: eXIf: duplicate
libpng warning: eXIf: duplicate
libpng warning: eXIf: duplicate
libpng warning: eXIf: duplicate
libpng warning: eXIf: duplicate
libpng warning: eXIf: duplicate
libpng warning: eXIf: duplicate
libpng warning: eXIf: duplicate
libpng warning: eXIf: duplicate
libpng warning: eXIf: duplicate
libpng warning: eXIf: duplicate
libpng warning: eXIf: duplicate
libpng warning: eXIf: duplicate
libpng warning: eXIf: duplicate
libpng warning: eXIf: duplicate
libpng warning: eXIf: duplicate
libpng warning: eXIf: duplicate
libpng warning: eXIf: duplicate
libpng warning: eXIf: duplicate
libpng warning: eXIf: duplicate
libpng warning: eXIf: duplicate
libpng warning: eXIf: duplicate
libpng warning: eXIf: duplicate
libpng warning: eXIf: duplicate
libpng warning: eXIf: duplicate
libpng warning: eXIf: duplicate
libpng warning: eXIf: duplicate
libpng warning: eXIf: duplicate
libpng warning: eXIf: duplicate
libpng warning: eXIf: duplicate
libpng warning: eXIf: duplicate
libpng warning: eXIf: duplicate
libpng warning: eXIf: duplicate
libpng warning: eXIf: duplicate
libpng warning: eXIf: duplicate
libpng warning: eXIf: duplicate
libpng warning: eXIf: duplicate
libpng warning: eXIf: duplicate
libpng warning: eXIf: duplicate
libpng warning: eXIf: duplicate
libpng warning: eXIf: duplicate
libpng warning: eXIf: duplicate
libpng warning: eXIf: duplicate
libpng warning: eXIf: duplicate
libpng warning: eXIf: duplicate
libpng warning: eXIf: duplicate
libpng warning: eXIf: duplicate
libpng warning: eXIf: duplicate
libpng warning: eXIf: duplicate
libpng warning: eXIf: duplicate
libpng warning: eXIf: duplicate
libpng warning: eXIf: duplicate
libpng warning: eXIf: duplicate
libpng warning: eXIf: duplicate
libpng warning: eXIf: duplicate
libpng warning: eXIf: duplicate
libpng warning: eXIf: duplicate
libpng warning: eXIf: duplicate
libpng warning: eXIf: duplicate
libpng warning: eXIf: duplicate
libpng warning: eXIf: duplicate
libpng warning: eXIf: duplicate
libpng warning: eXIf: duplicate
libpng warning: eXIf: duplicate
libpng warning: eXIf: duplicate
libpng warning: eXIf: duplicate
libpng warning: eXIf: duplicate
libpng warning: eXIf: duplicate
libpng warning: eXIf: duplicate
libpng warning: eXIf: duplicate
libpng warning: eXIf: duplicate
libpng warning: eXIf: duplicate
libpng warning: eXIf: duplicate
libpng warning: eXIf: duplicate
libpng warning: eXIf: duplicate
libpng warning: eXIf: duplicate
libpng warning: eXIf: duplicate
libpng warning: eXIf: duplicate
libpng warning: eXIf: duplicate
libpng warning: eXIf: duplicate
libpng warning: eXIf: duplicate
libpng warning: eXIf: duplicate
libpng warning: eXIf: duplicate
libpng warning: eXIf: duplicate
libpng warning: eXIf: duplicate
libpng warning: eXIf: duplicate
libpng warning: eXIf: duplicate
libpng warning: eXIf: duplicate
libpng warning: eXIf: duplicate
libpng warning: eXIf: duplicate
libpng warning: eXIf: duplicate
libpng warning: eXIf: duplicate
libpng warning: eXIf: duplicate
libpng warning: eXIf: duplicate
libpng warning: eXIf: duplicate
libpng warning: eXIf: duplicate
libpng warning: eXIf: duplicate
libpng warning: eXIf: duplicate
libpng warning: eXIf: duplicate
libpng warning: eXIf: duplicate
libpng warning: eXIf: duplicate
libpng warning: eXIf: duplicate
libpng warning: eXIf: duplicate
libpng warning: eXIf: duplicate
libpng warning: eXIf: duplicate
libpng warning: eXIf: duplicate
libpng warning: eXIf: duplicate
libpng warning: eXIf: duplicate
libpng warning: eXIf: duplicate
libpng warning: eXIf: duplicate
libpng warning: eXIf: duplicate
libpng warning: eXIf: duplicate
libpng warning: eXIf: duplicate
libpng warning: eXIf: duplicate
libpng warning: eXIf: duplicate
libpng warning: eXIf: duplicate
libpng warning: eXIf: duplicate
libpng warning: eXIf: duplicate
libpng warning: eXIf: duplicate
libpng warning: eXIf: duplicate
libpng warning: eXIf: duplicate
libpng warning: eXIf: duplicate
libpng warning: eXIf: duplicate
libpng warning: eXIf: duplicate
libpng warning: eXIf: duplicate
libpng warning: eXIf: duplicate
libpng warning: eXIf: duplicate
libpng warning: eXIf: duplicate
libpng warning: eXIf: duplicate
libpng warning: eXIf: duplicate
libpng warning: eXIf: duplicate
libpng warning: eXIf: duplicate
libpng warning: eXIf: duplicate
libpng warning: eXIf: duplicate
libpng warning: eXIf: duplicate
libpng warning: eXIf: duplicate
libpng warning: eXIf: duplicate
libpng warning: eXIf: duplicate
libpng warning: eXIf: duplicate
libpng warning: eXIf: duplicate
libpng warning: eXIf: duplicate
libpng warning: eXIf: duplicate
libpng warning: eXIf: duplicate
libpng warning: eXIf: duplicate
libpng warning: eXIf: duplicate
libpng warning: eXIf: duplicate
libpng warning: eXIf: duplicate
libpng warning: eXIf: duplicate
libpng warning: eXIf: duplicate
libpng warning: eXIf: duplicate
libpng warning: eXIf: duplicate
libpng warning: eXIf: duplicate
libpng warning: eXIf: duplicate
libpng warning: eXIf: duplicate
libpng warning: eXIf: duplicate
libpng warning: eXIf: duplicate
libpng warning: eXIf: duplicate
libpng warning: eXIf: duplicate
libpng warning: eXIf: duplicate
libpng warning: eXIf: duplicate
libpng warning: eXIf: duplicate
libpng warning: eXIf: duplicate
libpng warning: eXIf: duplicate
libpng warning: eXIf: duplicate
libpng warning: eXIf: duplicate
libpng warning: eXIf: duplicate
libpng warning: eXIf: duplicate
libpng warning: eXIf: duplicate
libpng warning: eXIf: duplicate
libpng warning: eXIf: duplicate
libpng warning: eXIf: duplicate
libpng warning: eXIf: duplicate
libpng warning: eXIf: duplicate
libpng warning: eXIf: duplicate
libpng warning: eXIf: duplicate
libpng warning: eXIf: duplicate
libpng warning: eXIf: duplicate
libpng warning: eXIf: duplicate
libpng warning: eXIf: duplicate
libpng warning: eXIf: duplicate
libpng warning: eXIf: duplicate
libpng warning: eXIf: duplicate
libpng warning: eXIf: duplicate
libpng warning: eXIf: duplicate
libpng warning: eXIf: duplicate
libpng warning: eXIf: duplicate
libpng warning: eXIf: duplicate
libpng warning: eXIf: duplicate
libpng warning: eXIf: duplicate
libpng warning: eXIf: duplicate
libpng warning: eXIf: duplicate
libpng warning: eXIf: duplicate
libpng warning: eXIf: duplicate
libpng warning: eXIf: duplicate
libpng warning: eXIf: duplicate
libpng warning: eXIf: duplicate
libpng warning: eXIf: duplicate
libpng warning: eXIf: duplicate
libpng warning: eXIf: duplicate
libpng warning: eXIf: duplicate
libpng warning: eXIf: duplicate
libpng warning: eXIf: duplicate
libpng warning: eXIf: duplicate
libpng warning: eXIf: duplicate
libpng warning: eXIf: duplicate
libpng warning: eXIf: duplicate
libpng warning: eXIf: duplicate
libpng warning: eXIf: duplicate
libpng warning: eXIf: duplicate
libpng warning: eXIf: duplicate
libpng warning: eXIf: duplicate
libpng warning: eXIf: duplicate
libpng warning: eXIf: duplicate
libpng warning: eXIf: duplicate
libpng warning: eXIf: duplicate
libpng warning: eXIf: duplicate
libpng warning: eXIf: duplicate
libpng warning: eXIf: duplicate
libpng warning: eXIf: duplicate
libpng warning: eXIf: duplicate
libpng warning: eXIf: duplicate
libpng warning: eXIf: duplicate
libpng warning: eXIf: duplicate
libpng warning: eXIf: duplicate
libpng warning: eXIf: duplicate
libpng warning: eXIf: duplicate
libpng warning: eXIf: duplicate
libpng warning: eXIf: duplicate
libpng warning: eXIf: duplicate
libpng warning: eXIf: duplicate
libpng warning: eXIf: duplicate
libpng warning: eXIf: duplicate
libpng warning: eXIf: duplicate
libpng warning: eXIf: duplicate
libpng warning: eXIf: duplicate
libpng warning: eXIf: duplicate
libpng warning: eXIf: duplicate
libpng warning: eXIf: duplicate
libpng warning: eXIf: duplicate
libpng warning: eXIf: duplicate
libpng warning: eXIf: duplicate
libpng warning: eXIf: duplicate
libpng warning: eXIf: duplicate
libpng warning: eXIf: duplicate
libpng warning: eXIf: duplicate
libpng warning: eXIf: duplicate
libpng warning: eXIf: duplicate
libpng warning: eXIf: duplicate
libpng warning: eXIf: duplicate
libpng warning: eXIf: duplicate
libpng warning: eXIf: duplicate
libpng warning: eXIf: duplicate
libpng warning: eXIf: duplicate
libpng warning: eXIf: duplicate
libpng warning: eXIf: duplicate
libpng warning: eXIf: duplicate
libpng warning: eXIf: duplicate
libpng warning: eXIf: duplicate
libpng warning: eXIf: duplicate
libpng warning: eXIf: duplicate
libpng warning: eXIf: duplicate
libpng warning: eXIf: duplicate
libpng warning: eXIf: duplicate
libpng warning: eXIf: duplicate
libpng warning: eXIf: duplicate
libpng warning: eXIf: duplicate
libpng warning: eXIf: duplicate
libpng warning: eXIf: duplicate
libpng warning: eXIf: duplicate
libpng warning: eXIf: duplicate
libpng warning: eXIf: duplicate
libpng warning: eXIf: duplicate
libpng warning: eXIf: duplicate
libpng warning: eXIf: duplicate
libpng warning: eXIf: duplicate
libpng warning: eXIf: duplicate
libpng warning: eXIf: duplicate
libpng warning: eXIf: duplicate
libpng warning: eXIf: duplicate
libpng warning: eXIf: duplicate
libpng warning: eXIf: duplicate
libpng warning: eXIf: duplicate
libpng warning: eXIf: duplicate
libpng warning: eXIf: duplicate
libpng warning: eXIf: duplicate
libpng warning: eXIf: duplicate
libpng warning: eXIf: duplicate
libpng warning: eXIf: duplicate
libpng warning: eXIf: duplicate
libpng warning: eXIf: duplicate
libpng warning: eXIf: duplicate
libpng warning: eXIf: duplicate
libpng warning: eXIf: duplicate
libpng warning: eXIf: duplicate
libpng warning: eXIf: duplicate
libpng warning: eXIf: duplicate
libpng warning: eXIf: duplicate
libpng warning: eXIf: duplicate
libpng warning: eXIf: duplicate
libpng warning: eXIf: duplicate
libpng warning: eXIf: duplicate
libpng warning: eXIf: duplicate
libpng warning: eXIf: duplicate
libpng warning: eXIf: duplicate
libpng warning: eXIf: duplicate
libpng warning: eXIf: duplicate
libpng warning: eXIf: duplicate
libpng warning: eXIf: duplicate
libpng warning: eXIf: duplicate
libpng warning: eXIf: duplicate
libpng warning: eXIf: duplicate
libpng warning: eXIf: duplicate
libpng warning: eXIf: duplicate
libpng warning: eXIf: duplicate
libpng warning: eXIf: duplicate
libpng warning: eXIf: duplicate
libpng warning: eXIf: duplicate
libpng warning: eXIf: duplicate
libpng warning: eXIf: duplicate
libpng warning: eXIf: duplicate
libpng warning: eXIf: duplicate
libpng warning: eXIf: duplicate
libpng warning: eXIf: duplicate
libpng warning: eXIf: duplicate
libpng warning: eXIf: duplicate
libpng warning: eXIf: duplicate
libpng warning: eXIf: duplicate
libpng warning: eXIf: duplicate
libpng warning: eXIf: duplicate
libpng warning: eXIf: duplicate
libpng warning: eXIf: duplicate
libpng warning: eXIf: duplicate
libpng warning: eXIf: duplicate
libpng warning: eXIf: duplicate
libpng warning: eXIf: duplicate
libpng warning: eXIf: duplicate
libpng warning: eXIf: duplicate
libpng warning: eXIf: duplicate
libpng warning: eXIf: duplicate
libpng warning: eXIf: duplicate
libpng warning: eXIf: duplicate
libpng warning: eXIf: duplicate
libpng warning: eXIf: duplicate
libpng warning: eXIf: duplicate
libpng warning: eXIf: duplicate
libpng warning: eXIf: duplicate
libpng warning: eXIf: duplicate
libpng warning: eXIf: duplicate
libpng warning: eXIf: duplicate
libpng warning: eXIf: duplicate
libpng warning: eXIf: duplicate
libpng warning: eXIf: duplicate
libpng warning: eXIf: duplicate
libpng warning: eXIf: duplicate
libpng warning: eXIf: duplicate
libpng warning: eXIf: duplicate
libpng warning: eXIf: duplicate
libpng warning: eXIf: duplicate
libpng warning: eXIf: duplicate
libpng warning: eXIf: duplicate
libpng warning: eXIf: duplicate
libpng warning: eXIf: duplicate
libpng warning: eXIf: duplicate
libpng warning: eXIf: duplicate
libpng warning: eXIf: duplicate
libpng warning: eXIf: duplicate
libpng warning: eXIf: duplicate
libpng warning: eXIf: duplicate
libpng warning: eXIf: duplicate
libpng warning: eXIf: duplicate
libpng warning: eXIf: duplicate
libpng warning: eXIf: duplicate
libpng warning: eXIf: duplicate
libpng warning: eXIf: duplicate
libpng warning: eXIf: duplicate
libpng warning: eXIf: duplicate
libpng warning: eXIf: duplicate
libpng warning: eXIf: duplicate
libpng warning: eXIf: duplicate
libpng warning: eXIf: duplicate
libpng warning: eXIf: duplicate
libpng warning: eXIf: duplicate
libpng warning: eXIf: duplicate
 ['', '4T', 'CXY', 'MV-Painter', 'data', 'train_data']
alpha count: 256723 211012
reverse true
base dir name: ['', '4T', 'CXY', 'MV-Painter', 'data', 'train_data']
alpha count: 232688 207508
reverse true
base dir name: ['', '4T', 'CXY', 'MV-Painter', 'data', 'train_data']
alpha count: 243818 234969
reverse true
base dir name: ['', '4T', 'CXY', 'MV-Painter', 'data', 'train_data']
alpha count: 257104 237926
reverse true
base dir name: ['', '4T', 'CXY', 'MV-Painter', 'data', 'train_data']
alpha count: 235227 245795
reverse false
base dir name: ['', '4T', 'CXY', 'MV-Painter', 'data', 'train_data']
alpha count: 246110 259090
reverse false
base dir name: ['', '4T', 'CXY', 'MV-Painter', 'data', 'train_data']
alpha count: 253647 238896
reverse true
[1960/2000] loss=0.0223 (ema 0.0808) lr=1.11e-06 grad=0.247 | fsc_modules=8.7e-03 gsg_modules=1.7e-01 ltag=2.1e-02 | 0.9s
base dir name: ['', '4T', 'CXY', 'MV-Painter', 'data', 'train_data']
alpha count: 211919 220586
reverse false
base dir name: ['', '4T', 'CXY', 'MV-Painter', 'data', 'train_data']
alpha count: 246999 255766
reverse false
base dir name: ['', '4T', 'CXY', 'MV-Painter', 'data', 'train_data']
alpha count: 241444 226396
reverse true
base dir name: ['', '4T', 'CXY', 'MV-Painter', 'data', 'train_data']
alpha count: 250562 250983
reverse false
base dir name: ['', '4T', 'CXY', 'MV-Painter', 'data', 'train_data']
alpha count: 254223 241632
reverse true
base dir name: ['', '4T', 'CXY', 'MV-Painter', 'data', 'train_data']
alpha count: 181628 184465
reverse false
base dir name: ['', '4T', 'CXY', 'MV-Painter', 'data', 'train_data']
alpha count: 244113 251334
reverse false
base dir name: ['', '4T', 'CXY', 'MV-Painter', 'data', 'train_data']
alpha count: 259938 259163
reverse true
base dir name: ['', '4T', 'CXY', 'MV-Painter', 'data', 'train_data']
alpha count: 236978 235914
reverse true
base dir name: ['', '4T', 'CXY', 'MV-Painter', 'data', 'train_data']
alpha count: 255001 260274
reverse false
base dir name: ['', '4T', 'CXY', 'MV-Painter', 'data', 'train_data']
alpha count: 213048 192992
reverse true
base dir name: ['', '4T', 'CXY', 'MV-Painter', 'data', 'train_data']
alpha count: 248152 226849
reverse true
base dir name: ['', '4T', 'CXY', 'MV-Painter', 'data', 'train_data']
alpha count: 248197 184065
reverse true
base dir name: ['', '4T', 'CXY', 'MV-Painter', 'data', 'train_data']
alpha count: 180608 215081
reverse false
base dir name: ['', '4T', 'CXY', 'MV-Painter', 'data', 'train_data']
alpha count: 245086 244283
reverse true
base dir name: ['', '4T', 'CXY', 'MV-Painter', 'data', 'train_data']
alpha count: 225591 233510
reverse false
base dir name: ['', '4T', 'CXY', 'MV-Painter', 'data', 'train_data']
alpha count: 237558 248802
reverse false
base dir name: ['', '4T', 'CXY', 'MV-Painter', 'data', 'train_data']
alpha count: 247235 230980
reverse true
base dir name: ['', '4T', 'CXY', 'MV-Painter', 'data', 'train_data']
alpha count: 232328 207994
reverse true
base dir name: ['', '4T', 'CXY', 'MV-Painter', 'data', 'train_data']
alpha count: 191815 175320
reverse true
[1980/2000] loss=0.1737 (ema 0.0835) lr=1.03e-06 grad=0.070 | fsc_modules=2.7e-03 gsg_modules=4.2e-02 ltag=5.4e-03 | 1.4s
base dir name: ['', '4T', 'CXY', 'MV-Painter', 'data', 'train_data']
alpha count: 187201 187911
reverse false
base dir name: ['', '4T', 'CXY', 'MV-Painter', 'data', 'train_data']
alpha count: 244233 233663
reverse true
base dir name: ['', '4T', 'CXY', 'MV-Painter', 'data', 'train_data']
alpha count: 223267 230173
reverse false
base dir name: ['', '4T', 'CXY', 'MV-Painter', 'data', 'train_data']
alpha count: 242350 248906
reverse false
base dir name: ['', '4T', 'CXY', 'MV-Painter', 'data', 'train_data']
alpha count: 209867 216489
reverse false
base dir name: ['', '4T', 'CXY', 'MV-Painter', 'data', 'train_data']
alpha count: 152247 142876
reverse true
base dir name: ['', '4T', 'CXY', 'MV-Painter', 'data', 'train_data']
alpha count: 195217 206336
reverse false
base dir name: ['', '4T', 'CXY', 'MV-Painter', 'data', 'train_data']
alpha count: 256733 235747
reverse true
base dir name: ['', '4T', 'CXY', 'MV-Painter', 'data', 'train_data']
alpha count: 231009 221248
reverse true
base dir name: ['', '4T', 'CXY', 'MV-Painter', 'data', 'train_data']
alpha count: 234254 252551
reverse false
base dir name: ['', '4T', 'CXY', 'MV-Painter', 'data', 'train_data']
alpha count: 222029 221653
reverse true
base dir name: ['', '4T', 'CXY', 'MV-Painter', 'data', 'train_data']
alpha count: 205477 211193
reverse false
base dir name: ['', '4T', 'CXY', 'MV-Painter', 'data', 'train_data']
alpha count: 212536 235617
reverse false
base dir name: ['', '4T', 'CXY', 'MV-Painter', 'data', 'train_data']
alpha count: 194110 182877
reverse true
base dir name: ['', '4T', 'CXY', 'MV-Painter', 'data', 'train_data']
alpha count: 216502 215853
reverse true
base dir name: ['', '4T', 'CXY', 'MV-Painter', 'data', 'train_data']
alpha count: 217265 225590
reverse false
base dir name: ['', '4T', 'CXY', 'MV-Painter', 'data', 'train_data']
alpha count: 257637 237290
reverse true
base dir name: ['', '4T', 'CXY', 'MV-Painter', 'data', 'train_data']
alpha count: 206334 222462
reverse false
base dir name: ['', '4T', 'CXY', 'MV-Painter', 'data', 'train_data']
alpha count: 236448 212776
reverse true
base dir name: ['', '4T', 'CXY', 'MV-Painter', 'data', 'train_data']
alpha count: 203301 209623
reverse false
[2000/2000] loss=0.0823 (ema 0.0839) lr=1.00e-06 grad=0.045 | fsc_modules=1.3e-03 gsg_modules=3.5e-02 ltag=4.2e-03 | 1.1s
  → Saved: mvpoutput/fac_v5/A_envpen/checkpoints/fac_v2_ltag+gsg+fsc_step_002000.pt

FAC training complete.
Final checkpoint dir: mvpoutput/fac_v5/A_envpen/checkpoints
