FAC variant: ltag+gsg+fsc
Loading MV-Painter pipeline...
Loading pipeline components...:   0%|          | 0/7 [00:00<?, ?it/s][0;93m2026-09-03 05:20:18.633220681 [W:onnxruntime:Default, device_discovery.cc:283 GetGpuDevices] Failed to detect devices under "/sys/class/drm/card0": device_discovery.cc:93 ReadFileContents Failed to open file: "/sys/class/drm/card0/device/vendor"[m
Loading pipeline components...:  14%|█▍        | 1/7 [00:00<00:01,  3.88it/s]Loading pipeline components...:  29%|██▊       | 2/7 [00:01<00:02,  1.67it/s]Loading pipeline components...:  43%|████▎     | 3/7 [00:01<00:01,  2.57it/s]Loading pipeline components...:  71%|███████▏  | 5/7 [00:01<00:00,  3.86it/s]Loading pipeline components...:  86%|████████▌ | 6/7 [00:02<00:00,  1.96it/s]Loading pipeline components...: 100%|██████████| 7/7 [00:02<00:00,  2.61it/s]
libpng warning: eXIf: duplicate
libpng warning: eXIf: duplicate
libpng warning: eXIf: duplicate
libpng warning: eXIf: duplicate
libpng warning: eXIf: duplicate
libpng warning: eXIf: duplicate
libpng warning: eXIf: duplicate
libpng warning: eXIf: duplicate
libpng warning: eXIf: duplicate
libpng warning: eXIf: duplicate
libpng warning: eXIf: duplicate
libpng warning: eXIf: duplicate
libpng warning: eXIf: duplicate
libpng warning: eXIf: duplicate
libpng warning: eXIf: duplicate
libpng warning: eXIf: duplicate
libpng warning: eXIf: duplicate
libpng warning: eXIf: duplicate
libpng warning: eXIf: duplicate
libpng warning: eXIf: duplicate
libpng warning: eXIf: duplicate
libpng warning: eXIf: duplicate
libpng warning: eXIf: duplicate
libpng warning: eXIf: duplicate
libpng warning: eXIf: duplicate
libpng warning: eXIf: duplicate
libpng warning: eXIf: duplicate
libpng warning: eXIf: duplicate
libpng warning: eXIf: duplicate
libpng warning: eXIf: duplicate
libpng warning: eXIf: duplicate
libpng warning: eXIf: duplicate
libpng warning: eXIf: duplicate
libpng warning: eXIf: duplicate
libpng warning: eXIf: duplicate
libpng warning: eXIf: duplicate
libpng warning: eXIf: duplicate
libpng warning: eXIf: duplicate
libpng warning: eXIf: duplicate
libpng warning: eXIf: duplicate
libpng warning: eXIf: duplicate
libpng warning: eXIf: duplicate
libpng warning: eXIf: duplicate
libpng warning: eXIf: duplicate
libpng warning: eXIf: duplicate
libpng warning: eXIf: duplicate
libpng warning: eXIf: duplicate
libpng warning: eXIf: duplicate
libpng warning: eXIf: duplicate
libpng warning: eXIf: duplicate
libpng warning: eXIf: duplicate
libpng warning: eXIf: duplicate
libpng warning: eXIf: duplicate
libpng warning: eXIf: duplicate
libpng warning: eXIf: duplicate
libpng warning: eXIf: duplicate
libpng warning: eXIf: duplicate
libpng warning: eXIf: duplicate
libpng warning: eXIf: duplicate
libpng warning: eXIf: duplicate
libpng warning: eXIf: duplicate
libpng warning: eXIf: duplicate
libpng warning: eXIf: duplicate
libpng warning: eXIf: duplicate
libpng warning: eXIf: duplicate
libpng warning: eXIf: duplicate
libpng warning: eXIf: duplicate
libpng warning: eXIf: duplicate
libpng warning: eXIf: duplicate
libpng warning: eXIf: duplicate
libpng warning: eXIf: duplicate
libpng warning: eXIf: duplicate
libpng warning: eXIf: duplicate
libpng warning: eXIf: duplicate
libpng warning: eXIf: duplicate
libpng warning: eXIf: duplicate
libpng warning: eXIf: duplicate
libpng warning: eXIf: duplicate
libpng warning: eXIf: duplicate
libpng warning: eXIf: duplicate
libpng warning: eXIf: duplicate
libpng warning: eXIf: duplicate
libpng warning: eXIf: duplicate
libpng warning: eXIf: duplicate
libpng warning: eXIf: duplicate
libpng warning: eXIf: duplicate
libpng warning: eXIf: duplicate
libpng warning: eXIf: duplicate
libpng warning: eXIf: duplicate
libpng warning: eXIf: duplicate
libpng warning: eXIf: duplicate
libpng warning: eXIf: duplicate
libpng warning: eXIf: duplicate
libpng warning: eXIf: duplicate
libpng warning: eXIf: duplicate
libpng warning: eXIf: duplicate
libpng warning: eXIf: duplicate
libpng warning: eXIf: duplicate
libpng warning: eXIf: duplicate
libpng warning: eXIf: duplicate
libpng warning: eXIf: duplicate
libpng warning: eXIf: duplicate
libpng warning: eXIf: duplicate
libpng warning: eXIf: duplicate
libpng warning: eXIf: duplicate
libpng warning: eXIf: duplicate
libpng warning: eXIf: duplicate
libpng warning: eXIf: duplicate
libpng warning: eXIf: duplicate
libpng warning: eXIf: duplicate
libpng warning: eXIf: duplicate
libpng warning: eXIf: duplicate
libpng warning: eXIf: duplicate
libpng warning: eXIf: duplicate
libpng warning: eXIf: duplicate
libpng warning: eXIf: duplicate
libpng warning: eXIf: duplicate
libpng warning: eXIf: duplicate
libpng warning: eXIf: duplicate
libpng warning: eXIf: duplicate
libpng warning: eXIf: duplicate
libpng warning: eXIf: duplicate
libpng warning: eXIf: duplicate
libpng warning: eXIf: duplicate
libpng warning: eXIf: duplicate
libpng warning: eXIf: duplicate
libpng warning: eXIf: duplicate
libpng warning: eXIf: duplicate
libpng warning: eXIf: duplicate
libpng warning: eXIf: duplicate
libpng warning: eXIf: duplicate
libpng warning: eXIf: duplicate
libpng warning: eXIf: duplicate
libpng warning: eXIf: duplicate
libpng warning: eXIf: duplicate
libpng warning: eXIf: duplicate
libpng warning: eXIf: duplicate
libpng warning: eXIf: duplicate
libpng warning: eXIf: duplicate
libpng warning: eXIf: duplicate
libpng warning: eXIf: duplicate
libpng warning: eXIf: duplicate
libpng warning: eXIf: duplicate
libpng warning: eXIf: duplicate
libpng warning: eXIf: duplicate
libpng warning: eXIf: duplicate
libpng warning: eXIf: duplicate
libpng warning: eXIf: duplicate
libpng warning: eXIf: duplicate
libpng warning: eXIf: duplicate
libpng warning: eXIf: duplicate
libpng warning: eXIf: duplicate
libpng warning: eXIf: duplicate
libpng warning: eXIf: duplicate
libpng warning: eXIf: duplicate
libpng warning: eXIf: duplicate
libpng warning: eXIf: duplicate
libpng warning: eXIf: duplicate
libpng warning: eXIf: duplicate
libpng warning: eXIf: duplicate
libpng warning: eXIf: duplicate
libpng warning: eXIf: duplicate
libpng warning: eXIf: duplicate
libpng warning: eXIf: duplicate
libpng warning: eXIf: duplicate
libpng warning: eXIf: duplicate
libpng warning: eXIf: duplicate
libpng warning: eXIf: duplicate
libpng warning: eXIf: duplicate
libpng warning: eXIf: duplicate
libpng warning: eXIf: duplicate
libpng warning: eXIf: duplicate
libpng warning: eXIf: duplicate
libpng warning: eXIf: duplicate
libpng warning: eXIf: duplicate
libpng warning: eXIf: duplicate
libpng warning: eXIf: duplicate
libpng warning: eXIf: duplicate
libpng warning: eXIf: duplicate
libpng warning: eXIf: duplicate
libpng warning: eXIf: duplicate
libpng warning: eXIf: duplicate
libpng warning: eXIf: duplicate
libpng warning: eXIf: duplicate
libpng warning: eXIf: duplicate
libpng warning: eXIf: duplicate
libpng warning: eXIf: duplicate
libpng warning: eXIf: duplicate
libpng warning: eXIf: duplicate
libpng warning: eXIf: duplicate
libpng warning: eXIf: duplicate
libpng warning: eXIf: duplicate
libpng warning: eXIf: duplicate
libpng warning: eXIf: duplicate
libpng warning: eXIf: duplicate
libpng warning: eXIf: duplicate
libpng warning: eXIf: duplicate
libpng warning: eXIf: duplicate
libpng warning: eXIf: duplicate
libpng warning: eXIf: duplicate
libpng warning: eXIf: duplicate
libpng warning: eXIf: duplicate
libpng warning: eXIf: duplicate
libpng warning: eXIf: duplicate
libpng warning: eXIf: duplicate
libpng warning: eXIf: duplicate
libpng warning: eXIf: duplicate
libpng warning: eXIf: duplicate
libpng warning: eXIf: duplicate
libpng warning: eXIf: duplicate
libpng warning: eXIf: duplicate
libpng warning: eXIf: duplicate
libpng warning: eXIf: duplicate
libpng warning: eXIf: duplicate
libpng warning: eXIf: duplicate
libpng warning: eXIf: duplicate
libpng warning: eXIf: duplicate
libpng warning: eXIf: duplicate
libpng warning: eXIf: duplicate
libpng warning: eXIf: duplicate
libpng warning: eXIf: duplicate
libpng warning: eXIf: duplicate
libpng warning: eXIf: duplicate
libpng warning: eXIf: duplicate
libpng warning: eXIf: duplicate
libpng warning: eXIf: duplicate
libpng warning: eXIf: duplicate
libpng warning: eXIf: duplicate
libpng warning: eXIf: duplicate
libpng warning: eXIf: duplicate
libpng warning: eXIf: duplicate
libpng warning: eXIf: duplicate
libpng warning: eXIf: duplicate
libpng warning: eXIf: duplicate
libpng warning: eXIf: duplicate
libpng warning: eXIf: duplicate
libpng warning: eXIf: duplicate
libpng warning: eXIf: duplicate
libpng warning: eXIf: duplicate
libpng warning: eXIf: duplicate
libpng warning: eXIf: duplicate
libpng warning: eXIf: duplicate
libpng warning: eXIf: duplicate
libpng warning: eXIf: duplicate
libpng warning: eXIf: duplicate
libpng warning: eXIf: duplicate
libpng warning: eXIf: duplicate
libpng warning: eXIf: duplicate
libpng warning: eXIf: duplicate
libpng warning: eXIf: duplicate
libpng warning: eXIf: duplicate
libpng warning: eXIf: duplicate
libpng warning: eXIf: duplicate
libpng warning: eXIf: duplicate
libpng warning: eXIf: duplicate
libpng warning: eXIf: duplicate
libpng warning: eXIf: duplicate
libpng warning: eXIf: duplicate
libpng warning: eXIf: duplicate
libpng warning: eXIf: duplicate
libpng warning: eXIf: duplicate
libpng warning: eXIf: duplicate
libpng warning: eXIf: duplicate
libpng warning: eXIf: duplicate
libpng warning: eXIf: duplicate
libpng warning: eXIf: duplicate
libpng warning: eXIf: duplicate
libpng warning: eXIf: duplicate
libpng warning: eXIf: duplicate
libpng warning: eXIf: duplicate
libpng warning: eXIf: duplicate
libpng warning: eXIf: duplicate
libpng warning: eXIf: duplicate
libpng warning: eXIf: duplicate
libpng warning: eXIf: duplicate
libpng warning: eXIf: duplicate
libpng warning: eXIf: duplicate
libpng warning: eXIf: duplicate
libpng warning: eXIf: duplicate
libpng warning: eXIf: duplicate
libpng warning: eXIf: duplicate
libpng warning: eXIf: duplicate
libpng warning: eXIf: duplicate
libpng warning: eXIf: duplicate
libpng warning: eXIf: duplicate
libpng warning: eXIf: duplicate
libpng warning: eXIf: duplicate
libpng warning: eXIf: duplicate
libpng warning: eXIf: duplicate
libpng warning: eXIf: duplicate
libpng warning: eXIf: duplicate
libpng warning: eXIf: duplicate
libpng warning: eXIf: duplicate
libpng warning: eXIf: duplicate
libpng warning: eXIf: duplicate
libpng warning: eXIf: duplicate
libpng warning: eXIf: duplicate
libpng warning: eXIf: duplicate
libpng warning: eXIf: duplicate
libpng warning: eXIf: duplicate
libpng warning: eXIf: duplicate
libpng warning: eXIf: duplicate
libpng warning: eXIf: duplicate
libpng warning: eXIf: duplicate
libpng warning: eXIf: duplicate
libpng warning: eXIf: duplicate
libpng warning: eXIf: duplicate
libpng warning: eXIf: duplicate
libpng warning: eXIf: duplicate
libpng warning: eXIf: duplicate
libpng warning: eXIf: duplicate
libpng warning: eXIf: duplicate
libpng warning: eXIf: duplicate
libpng warning: eXIf: duplicate
libpng warning: eXIf: duplicate
libpng warning: eXIf: duplicate
libpng warning: eXIf: duplicate
libpng warning: eXIf: duplicate
libpng warning: eXIf: duplicate
libpng warning: eXIf: duplicate
libpng warning: eXIf: duplicate
libpng warning: eXIf: duplicate
libpng warning: eXIf: duplicate
libpng warning: eXIf: duplicate
libpng warning: eXIf: duplicate
libpng warning: eXIf: duplicate
libpng warning: eXIf: duplicate
libpng warning: eXIf: duplicate
libpng warning: eXIf: duplicate
libpng warning: eXIf: duplicate
libpng warning: eXIf: duplicate
libpng warning: eXIf: duplicate
libpng warning: eXIf: duplicate
libpng warning: eXIf: duplicate
libpng warning: eXIf: duplicate
libpng warning: eXIf: duplicate
libpng warning: eXIf: duplicate
libpng warning: eXIf: duplicate
libpng warning: eXIf: duplicate
libpng warning: eXIf: duplicate
libpng warning: eXIf: duplicate
libpng warning: eXIf: duplicate
libpng warning: eXIf: duplicate
libpng warning: eXIf: duplicate
libpng warning: eXIf: duplicate
libpng warning: eXIf: duplicate
libpng warning: eXIf: duplicate
libpng warning: eXIf: duplicate
libpng warning: eXIf: duplicate
libpng warning: eXIf: duplicate
libpng warning: eXIf: duplicate
libpng warning: eXIf: duplicate
libpng warning: eXIf: duplicate
libpng warning: eXIf: duplicate
libpng warning: eXIf: duplicate
libpng warning: eXIf: duplicate
libpng warning: eXIf: duplicate
libpng warning: eXIf: duplicate
libpng warning: eXIf: duplicate
libpng warning: eXIf: duplicate
libpng warning: eXIf: duplicate
libpng warning: eXIf: duplicate
libpng warning: eXIf: duplicate
libpng warning: eXIf: duplicate
libpng warning: eXIf: duplicate
libpng warning: eXIf: duplicate
libpng warning: eXIf: duplicate
libpng warning: eXIf: duplicate
libpng warning: eXIf: duplicate
libpng warning: eXIf: duplicate
libpng warning: eXIf: duplicate
libpng warning: eXIf: duplicate
libpng warning: eXIf: duplicate
libpng warning: eXIf: duplicate
libpng warning: eXIf: duplicate
libpng warning: eXIf: duplicate
libpng warning: eXIf: duplicate
libpng warning: eXIf: duplicate
libpng warning: eXIf: duplicate
libpng warning: eXIf: duplicate
libpng warning: eXIf: duplicate
libpng warning: eXIf: duplicate
libpng warning: eXIf: duplicate
libpng warning: eXIf: duplicate
libpng warning: eXIf: duplicate
libpng warning: eXIf: duplicate
libpng warning: eXIf: duplicate
libpng warning: eXIf: duplicate
libpng warning: eXIf: duplicate
libpng warning: eXIf: duplicate
libpng warning: eXIf: duplicate
libpng warning: eXIf: duplicate
libpng warning: eXIf: duplicate
libpng warning: eXIf: duplicate
libpng warning: eXIf: duplicate
libpng warning: eXIf: duplicate
libpng warning: eXIf: duplicate
libpng warning: eXIf: duplicate
libpng warning: eXIf: duplicate
libpng warning: eXIf: duplicate
libpng warning: eXIf: duplicate
libpng warning: eXIf: duplicate
libpng warning: eXIf: duplicate
libpng warning: eXIf: duplicate
libpng warning: eXIf: duplicate
libpng warning: eXIf: duplicate
libpng warning: eXIf: duplicate
libpng warning: eXIf: duplicate
libpng warning: eXIf: duplicate
libpng warning: eXIf: duplicate
libpng warning: eXIf: duplicate
libpng warning: eXIf: duplicate
libpng warning: eXIf: duplicate
libpng warning: eXIf: duplicate
libpng warning: eXIf: duplicate
libpng warning: eXIf: duplicate
libpng warning: eXIf: duplicate
libpng warning: eXIf: duplicate
libpng warning: eXIf: duplicate
libpng warning: eXIf: duplicate
libpng warning: eXIf: duplicate
libpng warning: eXIf: duplicate
libpng warning: eXIf: duplicate
libpng warning: eXIf: duplicate
libpng warning: eXIf: duplicate
libpng warning: eXIf: duplicate
libpng warning: eXIf: duplicate
libpng warning: eXIf: duplicate
libpng warning: eXIf: duplicate
libpng warning: eXIf: duplicate
libpng warning: eXIf: duplicate
libpng warning: eXIf: duplicate
libpng warning: eXIf: duplicate
libpng warning: eXIf: duplicate
libpng warning: eXIf: duplicate
libpng warning: eXIf: duplicate
libpng warning: eXIf: duplicate
libpng warning: eXIf: duplicate
libpng warning: eXIf: duplicate
libpng warning: eXIf: duplicate
libpng warning: eXIf: duplicate
libpng warning: eXIf: duplicate
libpng warning: eXIf: duplicate
libpng warning: eXIf: duplicate
libpng warning: eXIf: duplicate
libpng warning: eXIf: duplicate
libpng warning: eXIf: duplicate
libpng warning: eXIf: duplicate
libpng warning: eXIf: duplicate
libpng warning: eXIf: duplicate
libpng warning: eXIf: duplicate
libpng warning: eXIf: duplicate
libpng warning: eXIf: duplicate
libpng warning: eXIf: duplicate
libpng warning: eXIf: duplicate
libpng warning: eXIf: duplicate
libpng warning: eXIf: duplicate
libpng warning: eXIf: duplicate
libpng warning: eXIf: duplicate
libpng warning: eXIf: duplicate
libpng warning: eXIf: duplicate
libpng warning: eXIf: duplicate
libpng warning: eXIf: duplicate
libpng warning: eXIf: duplicate
libpng warning: eXIf: duplicate
libpng warning: eXIf: duplicate
libpng warning: eXIf: duplicate
libpng warning: eXIf: duplicate
libpng warning: eXIf: duplicate
libpng warning: eXIf: duplicate
libpng warning: eXIf: duplicate
libpng warning: eXIf: duplicate
libpng warning: eXIf: duplicate
libpng warning: eXIf: duplicate
libpng warning: eXIf: duplicate
libpng warning: eXIf: duplicate
libpng warning: eXIf: duplicate
libpng warning: eXIf: duplicate
libpng warning: eXIf: duplicate
libpng warning: eXIf: duplicate
libpng warning: eXIf: duplicate
libpng warning: eXIf: duplicate
libpng warning: eXIf: duplicate
libpng warning: eXIf: duplicate
libpng warning: eXIf: duplicate
libpng warning: eXIf: duplicate
libpng warning: eXIf: duplicate
libpng warning: eXIf: duplicate
libpng warning: eXIf: duplicate
libpng warning: eXIf: duplicate
libpng warning: eXIf: duplicate
libpng warning: eXIf: duplicate
libpng warning: eXIf: duplicate
libpng warning: eXIf: duplicate
libpng warning: eXIf: duplicate
libpng warning: eXIf: duplicate
libpng warning: eXIf: duplicate
libpng warning: eXIf: duplicate
libpng warning: eXIf: duplicate
libpng warning: eXIf: duplicate
libpng warning: eXIf: duplicate
libpng warning: eXIf: duplicate
libpng warning: eXIf: duplicate
libpng warning: eXIf: duplicate
libpng warning: eXIf: duplicate
libpng warning: eXIf: duplicate
libpng warning: eXIf: duplicate
libpng warning: eXIf: duplicate
libpng warning: eXIf: duplicate
libpng warning: eXIf: duplicate
libpng warning: eXIf: duplicate
libpng warning: eXIf: duplicate
libpng warning: eXIf: duplicate
libpng warning: eXIf: duplicate
libpng warning: eXIf: duplicate
libpng warning: eXIf: duplicate
libpng warning: eXIf: duplicate
libpng warning: eXIf: duplicate
libpng warning: eXIf: duplicate
libpng warning: eXIf: duplicate
libpng warning: eXIf: duplicate
libpng warning: eXIf: duplicate
libpng warning: eXIf: duplicate
libpng warning: eXIf: duplicate
libpng warning: eXIf: duplicate
libpng warning: eXIf: duplicate
libpng warning: eXIf: duplicate
libpng warning: eXIf: duplicate
libpng warning: eXIf: duplicate
libpng warning: eXIf: duplicate
libpng warning: eXIf: duplicate
libpng warning: eXIf: duplicate
libpng warning: eXIf: duplicate
libpng warning: eXIf: duplicate
libpng warning: eXIf: duplicate
libpng warning: eXIf: duplicate
libpng warning: eXIf: duplicate
libpng warning: eXIf: duplicate
libpng warning: eXIf: duplicate
libpng warning: eXIf: duplicate
libpng warning: eXIf: duplicate
libpng warning: eXIf: duplicate
libpng warning: eXIf: duplicate
libpng warning: eXIf: duplicate
libpng warning: eXIf: duplicate
libpng warning: eXIf: duplicate
libpng warning: eXIf: duplicate
libpng warning: eXIf: duplicate
libpng warning: eXIf: duplicate
libpng warning: eXIf: duplicate
libpng warning: eXIf: duplicate
libpng warning: eXIf: duplicate
libpng warning: eXIf: duplicate
libpng warning: eXIf: duplicate
libpng warning: eXIf: duplicate
libpng warning: eXIf: duplicate
libpng warning: eXIf: duplicate
libpng warning: eXIf: duplicate
libpng warning: eXIf: duplicate
libpng warning: eXIf: duplicate
Gradient checkpointing DISABLED for GeoTex-Adapter compatibility
Injected 9 GeoTex adapters (up_only mode)
FAC (Adaptive Correction) enabled: LTAG=True, GSG=True, FSC=True
  FAC params: {'ltag': 3433, 'gsg': 585, 'fsc': 2304, 'total': 6322}
GeoTex adapter params: 1.57M
GeoTex encoder params: 0.63M
FAC controller params: 0.0063M
Total trainable: 2.21M / 2569.04M UNet (0.09%)
FAC params: {'ltag': 3433, 'gsg': 585, 'fsc': 2304, 'total': 6322}
Eval timestep grid: 50 steps, t range [19.0, 999.0]
  Per-adapter warm-start caps: [3.0, 3.0, 3.0, 3.5, 3.5, 3.5, 0.8, 0.8, 0.8]
  LTAG warm-started to effective C3 on 50 eval timesteps (final fit MSE = 0.00000)
  Two-stage mode: LTAG FROZEN at the C3 envelope; training GSG/FSC only
Trainable controller params: 2889
============= length of dataset 1200 =============
Dataset: 1200 objects

Starting FAC training: 500 steps, lr=2.5e-05, variant=ltag+gsg+fsc
======================================================================
base dir name: ['', '4T', 'CXY', 'MV-Painter', 'data', 'train_data']
alpha count: 228919 226813
reverse true
base dir name: ['', '4T', 'CXY', 'MV-Painter', 'data', 'train_data']
alpha count: 195993 218732
reverse false
base dir name: ['', '4T', 'CXY', 'MV-Painter', 'data', 'train_data']
alpha count: 245259 239448
reverse true
base dir name: ['', '4T', 'CXY', 'MV-Painter', 'data', 'train_data']
alpha count: 219590 227228
reverse false
base dir name: ['', '4T', 'CXY', 'MV-Painter', 'data', 'train_data']
alpha count: 247770 238002
reverse true
base dir name: ['', '4T', 'CXY', 'MV-Painter', 'data', 'train_data']
alpha count: 254861 232577
reverse true
base dir name: ['', '4T', 'CXY', 'MV-Painter', 'data', 'train_data']
alpha count: 238287 241878
reverse false
base dir name: ['', '4T', 'CXY', 'MV-Painter', 'data', 'train_data']
alpha count: 226172 245772
reverse false
base dir name: ['', '4T', 'CXY', 'MV-Painter', 'data', 'train_data']
alpha count: 236899 137049
reverse true
base dir name: ['', '4T', 'CXY', 'MV-Painter', 'data', 'train_data']
alpha count: 260820 260463
reverse true
base dir name: ['', '4T', 'CXY', 'MV-Painter', 'data', 'train_data']
alpha count: 239407 212920
reverse true
base dir name: ['', '4T', 'CXY', 'MV-Painter', 'data', 'train_data']
alpha count: 260984 260101
reverse true
base dir name: ['', '4T', 'CXY', 'MV-Painter', 'data', 'train_data']
alpha count: 241875 242676
reverse false
base dir name: ['', '4T', 'CXY', 'MV-Painter', 'data', 'train_data']
alpha count: 255207 241971
reverse true
base dir name: ['', '4T', 'CXY', 'MV-Painter', 'data', 'train_data']
alpha count: 226611 220595
reverse true
base dir name: ['', '4T', 'CXY', 'MV-Painter', 'data', 'train_data']
alpha count: 214687 242645
reverse false
base dir name: ['', '4T', 'CXY', 'MV-Painter', 'data', 'train_data']
alpha count: 217613 181955
reverse true
base dir name: ['', '4T', 'CXY', 'MV-Painter', 'data', 'train_data']
alpha count: 262128 262124
reverse true
base dir name: ['', '4T', 'CXY', 'MV-Painter', 'data', 'train_data']
alpha count: 242575 235263
reverse true
base dir name: ['', '4T', 'CXY', 'MV-Painter', 'data', 'train_data']
alpha count: 197051 241255
reverse false
[20/500] loss=0.2125 (ema 0.0152) lr=5.56e-06 grad=0.257 | fsc_modules=5.9e-03 gsg_modules=1.6e-01 ltag=7.2e-05 | 0.9s
base dir name: ['', '4T', 'CXY', 'MV-Painter', 'data', 'train_data']
alpha count: 230112 237472
reverse false
base dir name: ['', '4T', 'CXY', 'MV-Painter', 'data', 'train_data']
alpha count: 210345 217857
reverse false
base dir name: ['', '4T', 'CXY', 'MV-Painter', 'data', 'train_data']
alpha count: 247168 227026
reverse true
base dir name: ['', '4T', 'CXY', 'MV-Painter', 'data', 'train_data']
alpha count: 242701 243112
reverse false
base dir name: ['', '4T', 'CXY', 'MV-Painter', 'data', 'train_data']
alpha count: 256725 256587
reverse true
base dir name: ['', '4T', 'CXY', 'MV-Painter', 'data', 'train_data']
alpha count: 202268 188025
reverse true
base dir name: ['', '4T', 'CXY', 'MV-Painter', 'data', 'train_data']
alpha count: 246199 228829
reverse true
base dir name: ['', '4T', 'CXY', 'MV-Painter', 'data', 'train_data']
alpha count: 214013 224168
reverse false
base dir name: ['', '4T', 'CXY', 'MV-Painter', 'data', 'train_data']
alpha count: 236737 229734
reverse true
base dir name: ['', '4T', 'CXY', 'MV-Painter', 'data', 'train_data']
alpha count: 195494 237789
reverse false
base dir name: ['', '4T', 'CXY', 'MV-Painter', 'data', 'train_data']
alpha count: 210305 223251
reverse false
base dir name: ['', '4T', 'CXY', 'MV-Painter', 'data', 'train_data']
alpha count: 183306 215912
reverse false
base dir name: ['', '4T', 'CXY', 'MV-Painter', 'data', 'train_data']
alpha count: 245533 211804
reverse true
base dir name: ['', '4T', 'CXY', 'MV-Painter', 'data', 'train_data']
alpha count: 226020 219605
reverse true
base dir name: ['', '4T', 'CXY', 'MV-Painter', 'data', 'train_data']
alpha count: 194697 202340
reverse false
base dir name: ['', '4T', 'CXY', 'MV-Painter', 'data', 'train_data']
alpha count: 236027 252155
reverse false
base dir name: ['', '4T', 'CXY', 'MV-Painter', 'data', 'train_data']
alpha count: 221925 234716
reverse false
base dir name: ['', '4T', 'CXY', 'MV-Painter', 'data', 'train_data']
alpha count: 203939 189928
reverse true
base dir name: ['', '4T', 'CXY', 'MV-Painter', 'data', 'train_data']
alpha count: 226486 224584
reverse true
base dir name: ['', '4T', 'CXY', 'MV-Painter', 'data', 'train_data']
alpha count: 247980 249155
reverse false
[40/500] loss=0.0651 (ema 0.0295) lr=1.04e-05 grad=0.570 | fsc_modules=1.7e-02 gsg_modules=5.0e-01 ltag=7.2e-05 | 0.9s
base dir name: ['', '4T', 'CXY', 'MV-Painter', 'data', 'train_data']
alpha count: 246470 232692
reverse true
base dir name: ['', '4T', 'CXY', 'MV-Painter', 'data', 'train_data']
alpha count: 229535 200011
reverse true
base dir name: ['', '4T', 'CXY', 'MV-Painter', 'data', 'train_data']
alpha count: 211001 212514
reverse false
base dir name: ['', '4T', 'CXY', 'MV-Painter', 'data', 'train_data']
alpha count: 194005 188524
reverse true
base dir name: ['', '4T', 'CXY', 'MV-Painter', 'data', 'train_data']
alpha count: 239936 242613
reverse false
base dir name: ['', '4T', 'CXY', 'MV-Painter', 'data', 'train_data']
alpha count: 223098 229980
reverse false
base dir name: ['', '4T', 'CXY', 'MV-Painter', 'data', 'train_data']
alpha count: 226154 235390
reverse false
base dir name: ['', '4T', 'CXY', 'MV-Painter', 'data', 'train_data']
alpha count: 196862 180514
reverse true
base dir name: ['', '4T', 'CXY', 'MV-Painter', 'data', 'train_data']
alpha count: 233947 248348
reverse false
base dir name: ['', '4T', 'CXY', 'MV-Painter', 'data', 'train_data']
alpha count: 247788 240813
reverse true
base dir name: ['', '4T', 'CXY', 'MV-Painter', 'data', 'train_data']
alpha count: 242691 246355
reverse false
base dir name: ['', '4T', 'CXY', 'MV-Painter', 'data', 'train_data']
alpha count: 245440 243943
reverse true
base dir name: ['', '4T', 'CXY', 'MV-Painter', 'data', 'train_data']
alpha count: 251178 250751
reverse true
base dir name: ['', '4T', 'CXY', 'MV-Painter', 'data', 'train_data']
alpha count: 223903 243609
reverse false
base dir name: ['', '4T', 'CXY', 'MV-Painter', 'data', 'train_data']
alpha count: 236542 218149
reverse true
base dir name: ['', '4T', 'CXY', 'MV-Painter', 'data', 'train_data']
alpha count: 194957 210137
reverse false
base dir name: ['', '4T', 'CXY', 'MV-Painter', 'data', 'train_data']
alpha count: 239013 234347
reverse true
base dir name: ['', '4T', 'CXY', 'MV-Painter', 'data', 'train_data']
alpha count: 218233 226332
reverse false
base dir name: ['', '4T', 'CXY', 'MV-Painter', 'data', 'train_data']
alpha count: 252377 251246
reverse true
base dir name: ['', '4T', 'CXY', 'MV-Painter', 'data', 'train_data']
alpha count: 229695 223912
reverse true
[60/500] loss=0.0216 (ema 0.0426) lr=1.52e-05 grad=0.542 | fsc_modules=1.7e-02 gsg_modules=4.0e-01 ltag=7.2e-05 | 1.3s
base dir name: ['', '4T', 'CXY', 'MV-Painter', 'data', 'train_data']
alpha count: 204059 231975
reverse false
base dir name: ['', '4T', 'CXY', 'MV-Painter', 'data', 'train_data']
alpha count: 248169 246575
reverse true
base dir name: ['', '4T', 'CXY', 'MV-Painter', 'data', 'train_data']
alpha count:libpng warning: eXIf: duplicate
libpng warning: eXIf: duplicate
libpng warning: eXIf: duplicate
libpng warning: eXIf: duplicate
libpng warning: eXIf: duplicate
libpng warning: eXIf: duplicate
libpng warning: eXIf: duplicate
libpng warning: eXIf: duplicate
libpng warning: eXIf: duplicate
libpng warning: eXIf: duplicate
libpng warning: eXIf: duplicate
libpng warning: eXIf: duplicate
libpng warning: eXIf: duplicate
libpng warning: eXIf: duplicate
libpng warning: eXIf: duplicate
libpng warning: eXIf: duplicate
libpng warning: eXIf: duplicate
libpng warning: eXIf: duplicate
libpng warning: eXIf: duplicate
libpng warning: eXIf: duplicate
libpng warning: eXIf: duplicate
libpng warning: eXIf: duplicate
libpng warning: eXIf: duplicate
libpng warning: eXIf: duplicate
libpng warning: eXIf: duplicate
libpng warning: eXIf: duplicate
libpng warning: eXIf: duplicate
libpng warning: eXIf: duplicate
libpng warning: eXIf: duplicate
libpng warning: eXIf: duplicate
libpng warning: eXIf: duplicate
libpng warning: eXIf: duplicate
libpng warning: eXIf: duplicate
libpng warning: eXIf: duplicate
libpng warning: eXIf: duplicate
libpng warning: eXIf: duplicate
libpng warning: eXIf: duplicate
libpng warning: eXIf: duplicate
libpng warning: eXIf: duplicate
libpng warning: eXIf: duplicate
libpng warning: eXIf: duplicate
libpng warning: eXIf: duplicate
libpng warning: eXIf: duplicate
libpng warning: eXIf: duplicate
libpng warning: eXIf: duplicate
libpng warning: eXIf: duplicate
libpng warning: eXIf: duplicate
libpng warning: eXIf: duplicate
libpng warning: eXIf: duplicate
libpng warning: eXIf: duplicate
libpng warning: eXIf: duplicate
libpng warning: eXIf: duplicate
libpng warning: eXIf: duplicate
libpng warning: eXIf: duplicate
libpng warning: eXIf: duplicate
libpng warning: eXIf: duplicate
libpng warning: eXIf: duplicate
libpng warning: eXIf: duplicate
libpng warning: eXIf: duplicate
libpng warning: eXIf: duplicate
libpng warning: eXIf: duplicate
libpng warning: eXIf: duplicate
libpng warning: eXIf: duplicate
libpng warning: eXIf: duplicate
libpng warning: eXIf: duplicate
libpng warning: eXIf: duplicate
libpng warning: eXIf: duplicate
libpng warning: eXIf: duplicate
libpng warning: eXIf: duplicate
libpng warning: eXIf: duplicate
libpng warning: eXIf: duplicate
libpng warning: eXIf: duplicate
libpng warning: eXIf: duplicate
libpng warning: eXIf: duplicate
libpng warning: eXIf: duplicate
libpng warning: eXIf: duplicate
libpng warning: eXIf: duplicate
libpng warning: eXIf: duplicate
libpng warning: eXIf: duplicate
libpng warning: eXIf: duplicate
libpng warning: eXIf: duplicate
libpng warning: eXIf: duplicate
libpng warning: eXIf: duplicate
libpng warning: eXIf: duplicate
libpng warning: eXIf: duplicate
libpng warning: eXIf: duplicate
libpng warning: eXIf: duplicate
libpng warning: eXIf: duplicate
libpng warning: eXIf: duplicate
libpng warning: eXIf: duplicate
libpng warning: eXIf: duplicate
libpng warning: eXIf: duplicate
libpng warning: eXIf: duplicate
libpng warning: eXIf: duplicate
libpng warning: eXIf: duplicate
libpng warning: eXIf: duplicate
libpng warning: eXIf: duplicate
libpng warning: eXIf: duplicate
libpng warning: eXIf: duplicate
libpng warning: eXIf: duplicate
libpng warning: eXIf: duplicate
libpng warning: eXIf: duplicate
libpng warning: eXIf: duplicate
libpng warning: eXIf: duplicate
libpng warning: eXIf: duplicate
libpng warning: eXIf: duplicate
libpng warning: eXIf: duplicate
libpng warning: eXIf: duplicate
libpng warning: eXIf: duplicate
libpng warning: eXIf: duplicate
libpng warning: eXIf: duplicate
libpng warning: eXIf: duplicate
libpng warning: eXIf: duplicate
libpng warning: eXIf: duplicate
libpng warning: eXIf: duplicate
libpng warning: eXIf: duplicate
libpng warning: eXIf: duplicate
libpng warning: eXIf: duplicate
libpng warning: eXIf: duplicate
libpng warning: eXIf: duplicate
libpng warning: eXIf: duplicate
libpng warning: eXIf: duplicate
libpng warning: eXIf: duplicate
libpng warning: eXIf: duplicate
libpng warning: eXIf: duplicate
libpng warning: eXIf: duplicate
libpng warning: eXIf: duplicate
libpng warning: eXIf: duplicate
libpng warning: eXIf: duplicate
libpng warning: eXIf: duplicate
libpng warning: eXIf: duplicate
libpng warning: eXIf: duplicate
libpng warning: eXIf: duplicate
libpng warning: eXIf: duplicate
libpng warning: eXIf: duplicate
libpng warning: eXIf: duplicate
libpng warning: eXIf: duplicate
libpng warning: eXIf: duplicate
libpng warning: eXIf: duplicate
libpng warning: eXIf: duplicate
libpng warning: eXIf: duplicate
libpng warning: eXIf: duplicate
libpng warning: eXIf: duplicate
libpng warning: eXIf: duplicate
libpng warning: eXIf: duplicate
libpng warning: eXIf: duplicate
libpng warning: eXIf: duplicate
libpng warning: eXIf: duplicate
libpng warning: eXIf: duplicate
libpng warning: eXIf: duplicate
libpng warning: eXIf: duplicate
libpng warning: eXIf: duplicate
libpng warning: eXIf: duplicate
libpng warning: eXIf: duplicate
libpng warning: eXIf: duplicate
libpng warning: eXIf: duplicate
libpng warning: eXIf: duplicate
libpng warning: eXIf: duplicate
libpng warning: eXIf: duplicate
libpng warning: eXIf: duplicate
libpng warning: eXIf: duplicate
libpng warning: eXIf: duplicate
libpng warning: eXIf: duplicate
libpng warning: eXIf: duplicate
libpng warning: eXIf: duplicate
libpng warning: eXIf: duplicate
libpng warning: eXIf: duplicate
libpng warning: eXIf: duplicate
libpng warning: eXIf: duplicate
libpng warning: eXIf: duplicate
libpng warning: eXIf: duplicate
libpng warning: eXIf: duplicate
libpng warning: eXIf: duplicate
libpng warning: eXIf: duplicate
libpng warning: eXIf: duplicate
libpng warning: eXIf: duplicate
libpng warning: eXIf: duplicate
libpng warning: eXIf: duplicate
libpng warning: eXIf: duplicate
libpng warning: eXIf: duplicate
libpng warning: eXIf: duplicate
libpng warning: eXIf: duplicate
libpng warning: eXIf: duplicate
libpng warning: eXIf: duplicate
libpng warning: eXIf: duplicate
libpng warning: eXIf: duplicate
libpng warning: eXIf: duplicate
libpng warning: eXIf: duplicate
libpng warning: eXIf: duplicate
libpng warning: eXIf: duplicate
libpng warning: eXIf: duplicate
libpng warning: eXIf: duplicate
libpng warning: eXIf: duplicate
libpng warning: eXIf: duplicate
libpng warning: eXIf: duplicate
libpng warning: eXIf: duplicate
libpng warning: eXIf: duplicate
libpng warning: eXIf: duplicate
libpng warning: eXIf: duplicate
libpng warning: eXIf: duplicate
libpng warning: eXIf: duplicate
libpng warning: eXIf: duplicate
libpng warning: eXIf: duplicate
libpng warning: eXIf: duplicate
libpng warning: eXIf: duplicate
libpng warning: eXIf: duplicate
libpng warning: eXIf: duplicate
libpng warning: eXIf: duplicate
libpng warning: eXIf: duplicate
libpng warning: eXIf: duplicate
libpng warning: eXIf: duplicate
libpng warning: eXIf: duplicate
libpng warning: eXIf: duplicate
libpng warning: eXIf: duplicate
libpng warning: eXIf: duplicate
libpng warning: eXIf: duplicate
libpng warning: eXIf: duplicate
libpng warning: eXIf: duplicate
libpng warning: eXIf: duplicate
libpng warning: eXIf: duplicate
libpng warning: eXIf: duplicate
libpng warning: eXIf: duplicate
libpng warning: eXIf: duplicate
libpng warning: eXIf: duplicate
libpng warning: eXIf: duplicate
libpng warning: eXIf: duplicate
libpng warning: eXIf: duplicate
libpng warning: eXIf: duplicate
libpng warning: eXIf: duplicate
libpng warning: eXIf: duplicate
libpng warning: eXIf: duplicate
libpng warning: eXIf: duplicate
libpng warning: eXIf: duplicate
libpng warning: eXIf: duplicate
libpng warning: eXIf: duplicate
libpng warning: eXIf: duplicate
libpng warning: eXIf: duplicate
libpng warning: eXIf: duplicate
libpng warning: eXIf: duplicate
libpng warning: eXIf: duplicate
libpng warning: eXIf: duplicate
libpng warning: eXIf: duplicate
libpng warning: eXIf: duplicate
libpng warning: eXIf: duplicate
libpng warning: eXIf: duplicate
libpng warning: eXIf: duplicate
libpng warning: eXIf: duplicate
libpng warning: eXIf: duplicate
libpng warning: eXIf: duplicate
libpng warning: eXIf: duplicate
libpng warning: eXIf: duplicate
libpng warning: eXIf: duplicate
libpng warning: eXIf: duplicate
libpng warning: eXIf: duplicate
libpng warning: eXIf: duplicate
libpng warning: eXIf: duplicate
libpng warning: eXIf: duplicate
libpng warning: eXIf: duplicate
libpng warning: eXIf: duplicate
libpng warning: eXIf: duplicate
libpng warning: eXIf: duplicate
libpng warning: eXIf: duplicate
libpng warning: eXIf: duplicate
libpng warning: eXIf: duplicate
libpng warning: eXIf: duplicate
libpng warning: eXIf: duplicate
libpng warning: eXIf: duplicate
libpng warning: eXIf: duplicate
libpng warning: eXIf: duplicate
libpng warning: eXIf: duplicate
libpng warning: eXIf: duplicate
libpng warning: eXIf: duplicate
libpng warning: eXIf: duplicate
libpng warning: eXIf: duplicate
libpng warning: eXIf: duplicate
libpng warning: eXIf: duplicate
libpng warning: eXIf: duplicate
libpng warning: eXIf: duplicate
libpng warning: eXIf: duplicate
libpng warning: eXIf: duplicate
libpng warning: eXIf: duplicate
libpng warning: eXIf: duplicate
libpng warning: eXIf: duplicate
libpng warning: eXIf: duplicate
libpng warning: eXIf: duplicate
libpng warning: eXIf: duplicate
libpng warning: eXIf: duplicate
libpng warning: eXIf: duplicate
libpng warning: eXIf: duplicate
libpng warning: eXIf: duplicate
libpng warning: eXIf: duplicate
libpng warning: eXIf: duplicate
libpng warning: eXIf: duplicate
libpng warning: eXIf: duplicate
libpng warning: eXIf: duplicate
libpng warning: eXIf: duplicate
libpng warning: eXIf: duplicate
libpng warning: eXIf: duplicate
libpng warning: eXIf: duplicate
libpng warning: eXIf: duplicate
libpng warning: eXIf: duplicate
libpng warning: eXIf: duplicate
libpng warning: eXIf: duplicate
libpng warning: eXIf: duplicate
libpng warning: eXIf: duplicate
libpng warning: eXIf: duplicate
libpng warning: eXIf: duplicate
libpng warning: eXIf: duplicate
libpng warning: eXIf: duplicate
libpng warning: eXIf: duplicate
libpng warning: eXIf: duplicate
libpng warning: eXIf: duplicate
libpng warning: eXIf: duplicate
libpng warning: eXIf: duplicate
libpng warning: eXIf: duplicate
libpng warning: eXIf: duplicate
libpng warning: eXIf: duplicate
libpng warning: eXIf: duplicate
libpng warning: eXIf: duplicate
libpng warning: eXIf: duplicate
libpng warning: eXIf: duplicate
libpng warning: eXIf: duplicate
libpng warning: eXIf: duplicate
libpng warning: eXIf: duplicate
libpng warning: eXIf: duplicate
libpng warning: eXIf: duplicate
libpng warning: eXIf: duplicate
libpng warning: eXIf: duplicate
libpng warning: eXIf: duplicate
libpng warning: eXIf: duplicate
libpng warning: eXIf: duplicate
libpng warning: eXIf: duplicate
libpng warning: eXIf: duplicate
libpng warning: eXIf: duplicate
libpng warning: eXIf: duplicate
libpng warning: eXIf: duplicate
libpng warning: eXIf: duplicate
libpng warning: eXIf: duplicate
libpng warning: eXIf: duplicate
libpng warning: eXIf: duplicate
libpng warning: eXIf: duplicate
libpng warning: eXIf: duplicate
libpng warning: eXIf: duplicate
libpng warning: eXIf: duplicate
libpng warning: eXIf: duplicate
libpng warning: eXIf: duplicate
libpng warning: eXIf: duplicate
libpng warning: eXIf: duplicate
libpng warning: eXIf: duplicate
libpng warning: eXIf: duplicate
libpng warning: eXIf: duplicate
libpng warning: eXIf: duplicate
libpng warning: eXIf: duplicate
libpng warning: eXIf: duplicate
libpng warning: eXIf: duplicate
libpng warning: eXIf: duplicate
libpng warning: eXIf: duplicate
libpng warning: eXIf: duplicate
libpng warning: eXIf: duplicate
libpng warning: eXIf: duplicate
libpng warning: eXIf: duplicate
libpng warning: eXIf: duplicate
libpng warning: eXIf: duplicate
libpng warning: eXIf: duplicate
libpng warning: eXIf: duplicate
libpng warning: eXIf: duplicate
libpng warning: eXIf: duplicate
libpng warning: eXIf: duplicate
libpng warning: eXIf: duplicate
libpng warning: eXIf: duplicate
libpng warning: eXIf: duplicate
libpng warning: eXIf: duplicate
libpng warning: eXIf: duplicate
libpng warning: eXIf: duplicate
libpng warning: eXIf: duplicate
libpng warning: eXIf: duplicate
libpng warning: eXIf: duplicate
libpng warning: eXIf: duplicate
libpng warning: eXIf: duplicate
libpng warning: eXIf: duplicate
libpng warning: eXIf: duplicate
libpng warning: eXIf: duplicate
libpng warning: eXIf: duplicate
libpng warning: eXIf: duplicate
libpng warning: eXIf: duplicate
libpng warning: eXIf: duplicate
libpng warning: eXIf: duplicate
libpng warning: eXIf: duplicate
libpng warning: eXIf: duplicate
libpng warning: eXIf: duplicate
libpng warning: eXIf: duplicate
libpng warning: eXIf: duplicate
libpng warning: eXIf: duplicate
libpng warning: eXIf: duplicate
libpng warning: eXIf: duplicate
libpng warning: eXIf: duplicate
libpng warning: eXIf: duplicate
libpng warning: eXIf: duplicate
libpng warning: eXIf: duplicate
libpng warning: eXIf: duplicate
libpng warning: eXIf: duplicate
libpng warning: eXIf: duplicate
libpng warning: eXIf: duplicate
libpng warning: eXIf: duplicate
libpng warning: eXIf: duplicate
libpng warning: eXIf: duplicate
libpng warning: eXIf: duplicate
libpng warning: eXIf: duplicate
libpng warning: eXIf: duplicate
libpng warning: eXIf: duplicate
libpng warning: eXIf: duplicate
libpng warning: eXIf: duplicate
libpng warning: eXIf: duplicate
libpng warning: eXIf: duplicate
libpng warning: eXIf: duplicate
libpng warning: eXIf: duplicate
libpng warning: eXIf: duplicate
libpng warning: eXIf: duplicate
libpng warning: eXIf: duplicate
libpng warning: eXIf: duplicate
libpng warning: eXIf: duplicate
libpng warning: eXIf: duplicate
libpng warning: eXIf: duplicate
libpng warning: eXIf: duplicate
libpng warning: eXIf: duplicate
libpng warning: eXIf: duplicate
libpng warning: eXIf: duplicate
libpng warning: eXIf: duplicate
libpng warning: eXIf: duplicate
libpng warning: eXIf: duplicate
libpng warning: eXIf: duplicate
libpng warning: eXIf: duplicate
libpng warning: eXIf: duplicate
libpng warning: eXIf: duplicate
libpng warning: eXIf: duplicate
libpng warning: eXIf: duplicate
libpng warning: eXIf: duplicate
libpng warning: eXIf: duplicate
libpng warning: eXIf: duplicate
libpng warning: eXIf: duplicate
libpng warning: eXIf: duplicate
libpng warning: eXIf: duplicate
libpng warning: eXIf: duplicate
libpng warning: eXIf: duplicate
libpng warning: eXIf: duplicate
libpng warning: eXIf: duplicate
libpng warning: eXIf: duplicate
libpng warning: eXIf: duplicate
libpng warning: eXIf: duplicate
libpng warning: eXIf: duplicate
libpng warning: eXIf: duplicate
libpng warning: eXIf: duplicate
libpng warning: eXIf: duplicate
libpng warning: eXIf: duplicate
libpng warning: eXIf: duplicate
libpng warning: eXIf: duplicate
libpng warning: eXIf: duplicate
libpng warning: eXIf: duplicate
libpng warning: eXIf: duplicate
libpng warning: eXIf: duplicate
libpng warning: eXIf: duplicate
libpng warning: eXIf: duplicate
libpng warning: eXIf: duplicate
libpng warning: eXIf: duplicate
libpng warning: eXIf: duplicate
libpng warning: eXIf: duplicate
libpng warning: eXIf: duplicate
libpng warning: eXIf: duplicate
libpng warning: eXIf: duplicate
libpng warning: eXIf: duplicate
libpng warning: eXIf: duplicate
libpng warning: eXIf: duplicate
libpng warning: eXIf: duplicate
libpng warning: eXIf: duplicate
libpng warning: eXIf: duplicate
libpng warning: eXIf: duplicate
libpng warning: eXIf: duplicate
libpng warning: eXIf: duplicate
libpng warning: eXIf: duplicate
libpng warning: eXIf: duplicate
libpng warning: eXIf: duplicate
libpng warning: eXIf: duplicate
libpng warning: eXIf: duplicate
libpng warning: eXIf: duplicate
libpng warning: eXIf: duplicate
libpng warning: eXIf: duplicate
libpng warning: eXIf: duplicate
libpng warning: eXIf: duplicate
libpng warning: eXIf: duplicate
libpng warning: eXIf: duplicate
libpng warning: eXIf: duplicate
libpng warning: eXIf: duplicate
libpng warning: eXIf: duplicate
libpng warning: eXIf: duplicate
libpng warning: eXIf: duplicate
libpng warning: eXIf: duplicate
libpng warning: eXIf: duplicate
libpng warning: eXIf: duplicate
libpng warning: eXIf: duplicate
libpng warning: eXIf: duplicate
libpng warning: eXIf: duplicate
libpng warning: eXIf: duplicate
libpng warning: eXIf: duplicate
libpng warning: eXIf: duplicate
libpng warning: eXIf: duplicate
libpng warning: eXIf: duplicate
libpng warning: eXIf: duplicate
libpng warning: eXIf: duplicate
libpng warning: eXIf: duplicate
libpng warning: eXIf: duplicate
libpng warning: eXIf: duplicate
libpng warning: eXIf: duplicate
libpng warning: eXIf: duplicate
libpng warning: eXIf: duplicate
libpng warning: eXIf: duplicate
libpng warning: eXIf: duplicate
libpng warning: eXIf: duplicate
libpng warning: eXIf: duplicate
libpng warning: eXIf: duplicate
libpng warning: eXIf: duplicate
libpng warning: eXIf: duplicate
libpng warning: eXIf: duplicate
libpng warning: eXIf: duplicate
libpng warning: eXIf: duplicate
libpng warning: eXIf: duplicate
libpng warning: eXIf: duplicate
libpng warning: eXIf: duplicate
libpng warning: eXIf: duplicate
libpng warning: eXIf: duplicate
libpng warning: eXIf: duplicate
libpng warning: eXIf: duplicate
libpng warning: eXIf: duplicate
libpng warning: eXIf: duplicate
libpng warning: eXIf: duplicate
libpng warning: eXIf: duplicate
libpng warning: eXIf: duplicate
libpng warning: eXIf: duplicate
libpng warning: eXIf: duplicate
libpng warning: eXIf: duplicate
libpng warning: eXIf: duplicate
libpng warning: eXIf: duplicate
libpng warning: eXIf: duplicate
libpng warning: eXIf: duplicate
libpng warning: eXIf: duplicate
libpng warning: eXIf: duplicate
libpng warning: eXIf: duplicate
libpng warning: eXIf: duplicate
libpng warning: eXIf: duplicate
libpng warning: eXIf: duplicate
libpng warning: eXIf: duplicate
libpng warning: eXIf: duplicate
libpng warning: eXIf: duplicate
libpng warning: eXIf: duplicate
libpng warning: eXIf: duplicate
libpng warning: eXIf: duplicate
libpng warning: eXIf: duplicate
libpng warning: eXIf: duplicate
libpng warning: eXIf: duplicate
libpng warning: eXIf: duplicate
libpng warning: eXIf: duplicate
libpng warning: eXIf: duplicate
libpng warning: eXIf: duplicate
libpng warning: eXIf: duplicate
libpng warning: eXIf: duplicate
libpng warning: eXIf: duplicate
libpng warning: eXIf: duplicate
libpng warning: eXIf: duplicate
libpng warning: eXIf: duplicate
libpng warning: eXIf: duplicate
libpng warning: eXIf: duplicate
libpng warning: eXIf: duplicate
libpng warning: eXIf: duplicate
libpng warning: eXIf: duplicate
libpng warning: eXIf: duplicate
libpng warning: eXIf: duplicate
libpng warning: eXIf: duplicate
libpng warning: eXIf: duplicate
libpng warning: eXIf: duplicate
libpng warning: eXIf: duplicate
libpng warning: eXIf: duplicate
libpng warning: eXIf: duplicate
libpng warning: eXIf: duplicate
libpng warning: eXIf: duplicate
libpng warning: eXIf: duplicate
libpng warning: eXIf: duplicate
libpng warning: eXIf: duplicate
libpng warning: eXIf: duplicate
libpng warning: eXIf: duplicate
libpng warning: eXIf: duplicate
libpng warning: eXIf: duplicate
libpng warning: eXIf: duplicate
libpng warning: eXIf: duplicate
libpng warning: eXIf: duplicate
libpng warning: eXIf: duplicate
libpng warning: eXIf: duplicate
libpng warning: eXIf: duplicate
libpng warning: eXIf: duplicate
libpng warning: eXIf: duplicate
 169973 233030
reverse false
base dir name: ['', '4T', 'CXY', 'MV-Painter', 'data', 'train_data']
alpha count: 242790 233304
reverse true
base dir name: ['', '4T', 'CXY', 'MV-Painter', 'data', 'train_data']
alpha count: 232115 214514
reverse true
base dir name: ['', '4T', 'CXY', 'MV-Painter', 'data', 'train_data']
alpha count: 238788 229996
reverse true
base dir name: ['', '4T', 'CXY', 'MV-Painter', 'data', 'train_data']
alpha count: 235818 230984
reverse true
base dir name: ['', '4T', 'CXY', 'MV-Painter', 'data', 'train_data']
alpha count: 259187 247344
reverse true
base dir name: ['', '4T', 'CXY', 'MV-Painter', 'data', 'train_data']
alpha count: 246344 210898
reverse true
base dir name: ['', '4T', 'CXY', 'MV-Painter', 'data', 'train_data']
alpha count: 246478 259469
reverse false
base dir name: ['', '4T', 'CXY', 'MV-Painter', 'data', 'train_data']
alpha count: 226364 223639
reverse true
base dir name: ['', '4T', 'CXY', 'MV-Painter', 'data', 'train_data']
alpha count: 254934 248003
reverse true
base dir name: ['', '4T', 'CXY', 'MV-Painter', 'data', 'train_data']
alpha count: 233580 215562
reverse true
base dir name: ['', '4T', 'CXY', 'MV-Painter', 'data', 'train_data']
alpha count: 217039 227047
reverse false
base dir name: ['', '4T', 'CXY', 'MV-Painter', 'data', 'train_data']
alpha count: 211901 236396
reverse false
base dir name: ['', '4T', 'CXY', 'MV-Painter', 'data', 'train_data']
alpha count: 234581 244668
reverse false
base dir name: ['', '4T', 'CXY', 'MV-Painter', 'data', 'train_data']
alpha count: 252681 189383
reverse true
base dir name: ['', '4T', 'CXY', 'MV-Painter', 'data', 'train_data']
alpha count: 242924 242312
reverse true
base dir name: ['', '4T', 'CXY', 'MV-Painter', 'data', 'train_data']
alpha count: 236825 235928
reverse true
base dir name: ['', '4T', 'CXY', 'MV-Painter', 'data', 'train_data']
alpha count: 230005 242924
reverse false
[80/500] loss=0.0123 (ema 0.0524) lr=2.00e-05 grad=0.229 | fsc_modules=7.4e-03 gsg_modules=1.5e-01 ltag=7.2e-05 | 0.9s
base dir name: ['', '4T', 'CXY', 'MV-Painter', 'data', 'train_data']
alpha count: 246418 236614
reverse true
base dir name: ['', '4T', 'CXY', 'MV-Painter', 'data', 'train_data']
alpha count: 228378 177089
reverse true
base dir name: ['', '4T', 'CXY', 'MV-Painter', 'data', 'train_data']
alpha count: 222202 248657
reverse false
base dir name: ['', '4T', 'CXY', 'MV-Painter', 'data', 'train_data']
alpha count: 243304 154409
reverse true
base dir name: ['', '4T', 'CXY', 'MV-Painter', 'data', 'train_data']
alpha count: 224749 191558
reverse true
base dir name: ['', '4T', 'CXY', 'MV-Painter', 'data', 'train_data']
alpha count: 239797 193125
reverse true
base dir name: ['', '4T', 'CXY', 'MV-Painter', 'data', 'train_data']
alpha count: 226663 228416
reverse false
base dir name: ['', '4T', 'CXY', 'MV-Painter', 'data', 'train_data']
alpha count: 243465 244004
reverse false
base dir name: ['', '4T', 'CXY', 'MV-Painter', 'data', 'train_data']
alpha count: 207844 218962
reverse false
base dir name: ['', '4T', 'CXY', 'MV-Painter', 'data', 'train_data']
alpha count: 229469 246128
reverse false
base dir name: ['', '4T', 'CXY', 'MV-Painter', 'data', 'train_data']
alpha count: 243255 258817
reverse false
base dir name: ['', '4T', 'CXY', 'MV-Painter', 'data', 'train_data']
alpha count: 219545 205434
reverse true
base dir name: ['', '4T', 'CXY', 'MV-Painter', 'data', 'train_data']
alpha count: 196959 204723
reverse false
base dir name: ['', '4T', 'CXY', 'MV-Painter', 'data', 'train_data']
alpha count: 178418 195580
reverse false
base dir name: ['', '4T', 'CXY', 'MV-Painter', 'data', 'train_data']
alpha count: 221840 203103
reverse true
base dir name: ['', '4T', 'CXY', 'MV-Painter', 'data', 'train_data']
alpha count: 251582 214348
reverse true
base dir name: ['', '4T', 'CXY', 'MV-Painter', 'data', 'train_data']
alpha count: 217040 225538
reverse false
base dir name: ['', '4T', 'CXY', 'MV-Painter', 'data', 'train_data']
alpha count: 262144 262144
reverse false
OpenCV(4.13.0) /io/opencv/modules/imgproc/src/resize.cpp:4208: error: (-215:Assertion failed) !ssize.empty() in function 'resize'

wrong path: /4T/CXY/MV-Painter/data/train_data/rendered_full/139331da744542009f146018fd0e05f4/image
base dir name: ['', '4T', 'CXY', 'MV-Painter', 'data', 'train_data']
alpha count: 232273 246088
reverse false
base dir name: ['', '4T', 'CXY', 'MV-Painter', 'data', 'train_data']
alpha count: 262144 262144
reverse false
OpenCV(4.13.0) /io/opencv/modules/imgproc/src/resize.cpp:4208: error: (-215:Assertion failed) !ssize.empty() in function 'resize'

wrong path: /4T/CXY/MV-Painter/data/train_data/rendered_full/13a7dc1139544fc584cbea143ece2985/image
base dir name: ['', '4T', 'CXY', 'MV-Painter', 'data', 'train_data']
alpha count: 251499 257350
reverse false
base dir name: ['', '4T', 'CXY', 'MV-Painter', 'data', 'train_data']
alpha count: 213204 228683
reverse false
[100/500] loss=0.0460 (ema 0.0607) lr=2.48e-05 grad=0.142 | fsc_modules=6.2e-03 gsg_modules=1.1e-01 ltag=7.2e-05 | 0.9s
base dir name: ['', '4T', 'CXY', 'MV-Painter', 'data', 'train_data']
alpha count: 214380 225927
reverse false
base dir name: ['', '4T', 'CXY', 'MV-Painter', 'data', 'train_data']
alpha count: 240802 230886
reverse true
base dir name: ['', '4T', 'CXY', 'MV-Painter', 'data', 'train_data']
alpha count: 253349 231537
reverse true
base dir name: ['', '4T', 'CXY', 'MV-Painter', 'data', 'train_data']
alpha count: 208735 213437
reverse false
base dir name: ['', '4T', 'CXY', 'MV-Painter', 'data', 'train_data']
alpha count: 248807 240253
reverse true
base dir name: ['', '4T', 'CXY', 'MV-Painter', 'data', 'train_data']
alpha count: 164854 196590
reverse false
base dir name: ['', '4T', 'CXY', 'MV-Painter', 'data', 'train_data']
alpha count: 254568 237765
reverse true
base dir name: ['', '4T', 'CXY', 'MV-Painter', 'data', 'train_data']
alpha count: 247266 243099
reverse true
base dir name: ['', '4T', 'CXY', 'MV-Painter', 'data', 'train_data']
alpha count: 249740 223078
reverse true
base dir name: ['', '4T', 'CXY', 'MV-Painter', 'data', 'train_data']
alpha count: 165563 198380
reverse false
base dir name: ['', '4T', 'CXY', 'MV-Painter', 'data', 'train_data']
alpha count: 205724 218104
reverse false
base dir name: ['', '4T', 'CXY', 'MV-Painter', 'data', 'train_data']
alpha count: 234597 216519
reverse true
base dir name: ['', '4T', 'CXY', 'MV-Painter', 'data', 'train_data']
alpha count: 194232 188514
reverse true
base dir name: ['', '4T', 'CXY', 'MV-Painter', 'data', 'train_data']
alpha count: 231193 227275
reverse true
base dir name: ['', '4T', 'CXY', 'MV-Painter', 'data', 'train_data']
alpha count: 165449 165103
reverse true
base dir name: ['', '4T', 'CXY', 'MV-Painter', 'data', 'train_data']
alpha count: 259471 249039
reverse true
base dir name: ['', '4T', 'CXY', 'MV-Painter', 'data', 'train_data']
alpha count: 262144 262056
reverse true
base dir name: ['', '4T', 'CXY', 'MV-Painter', 'data', 'train_data']
alpha count: 197770 209609
reverse false
base dir name: ['', '4T', 'CXY', 'MV-Painter', 'data', 'train_data']
alpha count: 260824 246240
reverse true
base dir name: ['', '4T', 'CXY', 'MV-Painter', 'data', 'train_data']
alpha count: 241018 247308
reverse false
[120/500] loss=0.0687 (ema 0.0664) lr=2.49e-05 grad=0.780 | fsc_modules=2.2e-02 gsg_modules=7.3e-01 ltag=7.2e-05 | 0.9s
base dir name: ['', '4T', 'CXY', 'MV-Painter', 'data', 'train_data']
alpha count: 183753 218003
reverse false
base dir name: ['', '4T', 'CXY', 'MV-Painter', 'data', 'train_data']
alpha count: 254567 242745
reverse true
base dir name: ['', '4T', 'CXY', 'MV-Painter', 'data', 'train_data']
alpha count: 219359 224547
reverse false
base dir name: ['', '4T', 'CXY', 'MV-Painter', 'data', 'train_data']
alpha count: 242155 207920
reverse true
base dir name: ['', '4T', 'CXY', 'MV-Painter', 'data', 'train_data']
alpha count: 231151 235143
reverse false
base dir name: ['', '4T', 'CXY', 'MV-Painter', 'data', 'train_data']
alpha count: 231740 178863
reverse true
base dir name: ['', '4T', 'CXY', 'MV-Painter', 'data', 'train_data']
alpha count: 218607 243556
reverse false
base dir name: ['', '4T', 'CXY', 'MV-Painter', 'data', 'train_data']
alpha count: 250502 222059
reverse true
base dir name:libpng warning: eXIf: duplicate
libpng warning: eXIf: duplicate
libpng warning: eXIf: duplicate
libpng warning: eXIf: duplicate
libpng warning: eXIf: duplicate
libpng warning: eXIf: duplicate
libpng warning: eXIf: duplicate
libpng warning: eXIf: duplicate
libpng warning: eXIf: duplicate
libpng warning: eXIf: duplicate
libpng warning: eXIf: duplicate
libpng warning: eXIf: duplicate
libpng warning: eXIf: duplicate
libpng warning: eXIf: duplicate
libpng warning: eXIf: duplicate
libpng warning: eXIf: duplicate
libpng warning: eXIf: duplicate
libpng warning: eXIf: duplicate
libpng warning: eXIf: duplicate
libpng warning: eXIf: duplicate
libpng warning: eXIf: duplicate
libpng warning: eXIf: duplicate
libpng warning: eXIf: duplicate
libpng warning: eXIf: duplicate
libpng warning: eXIf: duplicate
libpng warning: eXIf: duplicate
libpng warning: eXIf: duplicate
libpng warning: eXIf: duplicate
libpng warning: eXIf: duplicate
libpng warning: eXIf: duplicate
libpng warning: eXIf: duplicate
libpng warning: eXIf: duplicate
libpng warning: eXIf: duplicate
libpng warning: eXIf: duplicate
libpng warning: eXIf: duplicate
libpng warning: eXIf: duplicate
libpng warning: eXIf: duplicate
libpng warning: eXIf: duplicate
libpng warning: eXIf: duplicate
libpng warning: eXIf: duplicate
libpng warning: eXIf: duplicate
libpng warning: eXIf: duplicate
libpng warning: eXIf: duplicate
libpng warning: eXIf: duplicate
libpng warning: eXIf: duplicate
libpng warning: eXIf: duplicate
libpng warning: eXIf: duplicate
libpng warning: eXIf: duplicate
libpng warning: eXIf: duplicate
libpng warning: eXIf: duplicate
libpng warning: eXIf: duplicate
libpng warning: eXIf: duplicate
libpng warning: eXIf: duplicate
libpng warning: eXIf: duplicate
libpng warning: eXIf: duplicate
libpng warning: eXIf: duplicate
libpng warning: eXIf: duplicate
libpng warning: eXIf: duplicate
libpng warning: eXIf: duplicate
libpng warning: eXIf: duplicate
libpng warning: eXIf: duplicate
libpng warning: eXIf: duplicate
libpng warning: eXIf: duplicate
libpng warning: eXIf: duplicate
libpng warning: eXIf: duplicate
libpng warning: eXIf: duplicate
libpng warning: eXIf: duplicate
libpng warning: eXIf: duplicate
libpng warning: eXIf: duplicate
libpng warning: eXIf: duplicate
libpng warning: eXIf: duplicate
libpng warning: eXIf: duplicate
libpng warning: eXIf: duplicate
libpng warning: eXIf: duplicate
libpng warning: eXIf: duplicate
libpng warning: eXIf: duplicate
libpng warning: eXIf: duplicate
libpng warning: eXIf: duplicate
libpng warning: eXIf: duplicate
libpng warning: eXIf: duplicate
libpng warning: eXIf: duplicate
libpng warning: eXIf: duplicate
libpng warning: eXIf: duplicate
libpng warning: eXIf: duplicate
libpng warning: eXIf: duplicate
libpng warning: eXIf: duplicate
libpng warning: eXIf: duplicate
libpng warning: eXIf: duplicate
libpng warning: eXIf: duplicate
libpng warning: eXIf: duplicate
libpng warning: eXIf: duplicate
libpng warning: eXIf: duplicate
libpng warning: eXIf: duplicate
libpng warning: eXIf: duplicate
libpng warning: eXIf: duplicate
libpng warning: eXIf: duplicate
libpng warning: eXIf: duplicate
libpng warning: eXIf: duplicate
libpng warning: eXIf: duplicate
libpng warning: eXIf: duplicate
libpng warning: eXIf: duplicate
libpng warning: eXIf: duplicate
libpng warning: eXIf: duplicate
libpng warning: eXIf: duplicate
libpng warning: eXIf: duplicate
libpng warning: eXIf: duplicate
libpng warning: eXIf: duplicate
libpng warning: eXIf: duplicate
libpng warning: eXIf: duplicate
libpng warning: eXIf: duplicate
libpng warning: eXIf: duplicate
libpng warning: eXIf: duplicate
libpng warning: eXIf: duplicate
libpng warning: eXIf: duplicate
libpng warning: eXIf: duplicate
libpng warning: eXIf: duplicate
libpng warning: eXIf: duplicate
libpng warning: eXIf: duplicate
libpng warning: eXIf: duplicate
libpng warning: eXIf: duplicate
libpng warning: eXIf: duplicate
libpng warning: eXIf: duplicate
libpng warning: eXIf: duplicate
libpng warning: eXIf: duplicate
libpng warning: eXIf: duplicate
libpng warning: eXIf: duplicate
libpng warning: eXIf: duplicate
libpng warning: eXIf: duplicate
libpng warning: eXIf: duplicate
libpng warning: eXIf: duplicate
libpng warning: eXIf: duplicate
libpng warning: eXIf: duplicate
libpng warning: eXIf: duplicate
libpng warning: eXIf: duplicate
libpng warning: eXIf: duplicate
libpng warning: eXIf: duplicate
libpng warning: eXIf: duplicate
libpng warning: eXIf: duplicate
libpng warning: eXIf: duplicate
libpng warning: eXIf: duplicate
libpng warning: eXIf: duplicate
libpng warning: eXIf: duplicate
libpng warning: eXIf: duplicate
libpng warning: eXIf: duplicate
libpng warning: eXIf: duplicate
libpng warning: eXIf: duplicate
libpng warning: eXIf: duplicate
libpng warning: eXIf: duplicate
libpng warning: eXIf: duplicate
libpng warning: eXIf: duplicate
libpng warning: eXIf: duplicate
libpng warning: eXIf: duplicate
libpng warning: eXIf: duplicate
libpng warning: eXIf: duplicate
libpng warning: eXIf: duplicate
libpng warning: eXIf: duplicate
libpng warning: eXIf: duplicate
libpng warning: eXIf: duplicate
libpng warning: eXIf: duplicate
libpng warning: eXIf: duplicate
libpng warning: eXIf: duplicate
libpng warning: eXIf: duplicate
libpng warning: eXIf: duplicate
libpng warning: eXIf: duplicate
libpng warning: eXIf: duplicate
libpng warning: eXIf: duplicate
libpng warning: eXIf: duplicate
libpng warning: eXIf: duplicate
libpng warning: eXIf: duplicate
libpng warning: eXIf: duplicate
libpng warning: eXIf: duplicate
libpng warning: eXIf: duplicate
libpng warning: eXIf: duplicate
libpng warning: eXIf: duplicate
libpng warning: eXIf: duplicate
libpng warning: eXIf: duplicate
libpng warning: eXIf: duplicate
libpng warning: eXIf: duplicate
libpng warning: eXIf: duplicate
libpng warning: eXIf: duplicate
libpng warning: eXIf: duplicate
libpng warning: eXIf: duplicate
libpng warning: eXIf: duplicate
libpng warning: eXIf: duplicate
libpng warning: eXIf: duplicate
libpng warning: eXIf: duplicate
libpng warning: eXIf: duplicate
libpng warning: eXIf: duplicate
libpng warning: eXIf: duplicate
libpng warning: eXIf: duplicate
libpng warning: eXIf: duplicate
libpng warning: eXIf: duplicate
libpng warning: eXIf: duplicate
libpng warning: eXIf: duplicate
libpng warning: eXIf: duplicate
libpng warning: eXIf: duplicate
libpng warning: eXIf: duplicate
libpng warning: eXIf: duplicate
libpng warning: eXIf: duplicate
libpng warning: eXIf: duplicate
libpng warning: eXIf: duplicate
libpng warning: eXIf: duplicate
libpng warning: eXIf: duplicate
libpng warning: eXIf: duplicate
libpng warning: eXIf: duplicate
libpng warning: eXIf: duplicate
libpng warning: eXIf: duplicate
libpng warning: eXIf: duplicate
libpng warning: eXIf: duplicate
libpng warning: eXIf: duplicate
libpng warning: eXIf: duplicate
libpng warning: eXIf: duplicate
libpng warning: eXIf: duplicate
libpng warning: eXIf: duplicate
libpng warning: eXIf: duplicate
libpng warning: eXIf: duplicate
libpng warning: eXIf: duplicate
libpng warning: eXIf: duplicate
libpng warning: eXIf: duplicate
libpng warning: eXIf: duplicate
libpng warning: eXIf: duplicate
libpng warning: eXIf: duplicate
libpng warning: eXIf: duplicate
libpng warning: eXIf: duplicate
libpng warning: eXIf: duplicate
libpng warning: eXIf: duplicate
libpng warning: eXIf: duplicate
libpng warning: eXIf: duplicate
libpng warning: eXIf: duplicate
libpng warning: eXIf: duplicate
libpng warning: eXIf: duplicate
libpng warning: eXIf: duplicate
libpng warning: eXIf: duplicate
libpng warning: eXIf: duplicate
libpng warning: eXIf: duplicate
libpng warning: eXIf: duplicate
libpng warning: eXIf: duplicate
libpng warning: eXIf: duplicate
libpng warning: eXIf: duplicate
libpng warning: eXIf: duplicate
libpng warning: eXIf: duplicate
libpng warning: eXIf: duplicate
libpng warning: eXIf: duplicate
libpng warning: eXIf: duplicate
libpng warning: eXIf: duplicate
libpng warning: eXIf: duplicate
libpng warning: eXIf: duplicate
libpng warning: eXIf: duplicate
libpng warning: eXIf: duplicate
libpng warning: eXIf: duplicate
libpng warning: eXIf: duplicate
libpng warning: eXIf: duplicate
libpng warning: eXIf: duplicate
libpng warning: eXIf: duplicate
libpng warning: eXIf: duplicate
libpng warning: eXIf: duplicate
libpng warning: eXIf: duplicate
libpng warning: eXIf: duplicate
libpng warning: eXIf: duplicate
libpng warning: eXIf: duplicate
libpng warning: eXIf: duplicate
libpng warning: eXIf: duplicate
libpng warning: eXIf: duplicate
libpng warning: eXIf: duplicate
libpng warning: eXIf: duplicate
libpng warning: eXIf: duplicate
libpng warning: eXIf: duplicate
libpng warning: eXIf: duplicate
libpng warning: eXIf: duplicate
libpng warning: eXIf: duplicate
libpng warning: eXIf: duplicate
libpng warning: eXIf: duplicate
libpng warning: eXIf: duplicate
libpng warning: eXIf: duplicate
libpng warning: eXIf: duplicate
libpng warning: eXIf: duplicate
libpng warning: eXIf: duplicate
libpng warning: eXIf: duplicate
libpng warning: eXIf: duplicate
libpng warning: eXIf: duplicate
libpng warning: eXIf: duplicate
libpng warning: eXIf: duplicate
libpng warning: eXIf: duplicate
libpng warning: eXIf: duplicate
libpng warning: eXIf: duplicate
libpng warning: eXIf: duplicate
libpng warning: eXIf: duplicate
libpng warning: eXIf: duplicate
libpng warning: eXIf: duplicate
libpng warning: eXIf: duplicate
libpng warning: eXIf: duplicate
libpng warning: eXIf: duplicate
libpng warning: eXIf: duplicate
libpng warning: eXIf: duplicate
libpng warning: eXIf: duplicate
libpng warning: eXIf: duplicate
libpng warning: eXIf: duplicate
libpng warning: eXIf: duplicate
libpng warning: eXIf: duplicate
libpng warning: eXIf: duplicate
libpng warning: eXIf: duplicate
libpng warning: eXIf: duplicate
libpng warning: eXIf: duplicate
libpng warning: eXIf: duplicate
libpng warning: eXIf: duplicate
libpng warning: eXIf: duplicate
libpng warning: eXIf: duplicate
libpng warning: eXIf: duplicate
libpng warning: eXIf: duplicate
libpng warning: eXIf: duplicate
libpng warning: eXIf: duplicate
libpng warning: eXIf: duplicate
libpng warning: eXIf: duplicate
libpng warning: eXIf: duplicate
libpng warning: eXIf: duplicate
libpng warning: eXIf: duplicate
libpng warning: eXIf: duplicate
libpng warning: eXIf: duplicate
libpng warning: eXIf: duplicate
libpng warning: eXIf: duplicate
libpng warning: eXIf: duplicate
libpng warning: eXIf: duplicate
libpng warning: eXIf: duplicate
libpng warning: eXIf: duplicate
libpng warning: eXIf: duplicate
libpng warning: eXIf: duplicate
libpng warning: eXIf: duplicate
libpng warning: eXIf: duplicate
libpng warning: eXIf: duplicate
libpng warning: eXIf: duplicate
libpng warning: eXIf: duplicate
libpng warning: eXIf: duplicate
libpng warning: eXIf: duplicate
libpng warning: eXIf: duplicate
libpng warning: eXIf: duplicate
libpng warning: eXIf: duplicate
libpng warning: eXIf: duplicate
libpng warning: eXIf: duplicate
libpng warning: eXIf: duplicate
libpng warning: eXIf: duplicate
libpng warning: eXIf: duplicate
libpng warning: eXIf: duplicate
libpng warning: eXIf: duplicate
libpng warning: eXIf: duplicate
libpng warning: eXIf: duplicate
libpng warning: eXIf: duplicate
libpng warning: eXIf: duplicate
libpng warning: eXIf: duplicate
libpng warning: eXIf: duplicate
libpng warning: eXIf: duplicate
libpng warning: eXIf: duplicate
libpng warning: eXIf: duplicate
libpng warning: eXIf: duplicate
libpng warning: eXIf: duplicate
libpng warning: eXIf: duplicate
libpng warning: eXIf: duplicate
libpng warning: eXIf: duplicate
libpng warning: eXIf: duplicate
libpng warning: eXIf: duplicate
libpng warning: eXIf: duplicate
libpng warning: eXIf: duplicate
libpng warning: eXIf: duplicate
libpng warning: eXIf: duplicate
libpng warning: eXIf: duplicate
libpng warning: eXIf: duplicate
libpng warning: eXIf: duplicate
libpng warning: eXIf: duplicate
libpng warning: eXIf: duplicate
libpng warning: eXIf: duplicate
libpng warning: eXIf: duplicate
libpng warning: eXIf: duplicate
libpng warning: eXIf: duplicate
libpng warning: eXIf: duplicate
libpng warning: eXIf: duplicate
libpng warning: eXIf: duplicate
libpng warning: eXIf: duplicate
libpng warning: eXIf: duplicate
libpng warning: eXIf: duplicate
libpng warning: eXIf: duplicate
libpng warning: eXIf: duplicate
libpng warning: eXIf: duplicate
libpng warning: eXIf: duplicate
libpng warning: eXIf: duplicate
libpng warning: eXIf: duplicate
libpng warning: eXIf: duplicate
libpng warning: eXIf: duplicate
libpng warning: eXIf: duplicate
libpng warning: eXIf: duplicate
libpng warning: eXIf: duplicate
libpng warning: eXIf: duplicate
libpng warning: eXIf: duplicate
libpng warning: eXIf: duplicate
libpng warning: eXIf: duplicate
libpng warning: eXIf: duplicate
libpng warning: eXIf: duplicate
libpng warning: eXIf: duplicate
libpng warning: eXIf: duplicate
libpng warning: eXIf: duplicate
libpng warning: eXIf: duplicate
libpng warning: eXIf: duplicate
libpng warning: eXIf: duplicate
libpng warning: eXIf: duplicate
libpng warning: eXIf: duplicate
libpng warning: eXIf: duplicate
libpng warning: eXIf: duplicate
libpng warning: eXIf: duplicate
libpng warning: eXIf: duplicate
libpng warning: eXIf: duplicate
libpng warning: eXIf: duplicate
libpng warning: eXIf: duplicate
libpng warning: eXIf: duplicate
libpng warning: eXIf: duplicate
libpng warning: eXIf: duplicate
libpng warning: eXIf: duplicate
libpng warning: eXIf: duplicate
libpng warning: eXIf: duplicate
libpng warning: eXIf: duplicate
libpng warning: eXIf: duplicate
libpng warning: eXIf: duplicate
libpng warning: eXIf: duplicate
libpng warning: eXIf: duplicate
libpng warning: eXIf: duplicate
libpng warning: eXIf: duplicate
libpng warning: eXIf: duplicate
libpng warning: eXIf: duplicate
libpng warning: eXIf: duplicate
libpng warning: eXIf: duplicate
libpng warning: eXIf: duplicate
libpng warning: eXIf: duplicate
libpng warning: eXIf: duplicate
libpng warning: eXIf: duplicate
libpng warning: eXIf: duplicate
libpng warning: eXIf: duplicate
libpng warning: eXIf: duplicate
libpng warning: eXIf: duplicate
libpng warning: eXIf: duplicate
libpng warning: eXIf: duplicate
libpng warning: eXIf: duplicate
libpng warning: eXIf: duplicate
libpng warning: eXIf: duplicate
libpng warning: eXIf: duplicate
libpng warning: eXIf: duplicate
libpng warning: eXIf: duplicate
libpng warning: eXIf: duplicate
libpng warning: eXIf: duplicate
libpng warning: eXIf: duplicate
libpng warning: eXIf: duplicate
libpng warning: eXIf: duplicate
libpng warning: eXIf: duplicate
libpng warning: eXIf: duplicate
libpng warning: eXIf: duplicate
libpng warning: eXIf: duplicate
libpng warning: eXIf: duplicate
libpng warning: eXIf: duplicate
libpng warning: eXIf: duplicate
libpng warning: eXIf: duplicate
libpng warning: eXIf: duplicate
libpng warning: eXIf: duplicate
libpng warning: eXIf: duplicate
libpng warning: eXIf: duplicate
libpng warning: eXIf: duplicate
libpng warning: eXIf: duplicate
libpng warning: eXIf: duplicate
libpng warning: eXIf: duplicate
libpng warning: eXIf: duplicate
libpng warning: eXIf: duplicate
libpng warning: eXIf: duplicate
libpng warning: eXIf: duplicate
libpng warning: eXIf: duplicate
libpng warning: eXIf: duplicate
libpng warning: eXIf: duplicate
libpng warning: eXIf: duplicate
libpng warning: eXIf: duplicate
libpng warning: eXIf: duplicate
libpng warning: eXIf: duplicate
libpng warning: eXIf: duplicate
libpng warning: eXIf: duplicate
libpng warning: eXIf: duplicate
libpng warning: eXIf: duplicate
libpng warning: eXIf: duplicate
libpng warning: eXIf: duplicate
libpng warning: eXIf: duplicate
libpng warning: eXIf: duplicate
libpng warning: eXIf: duplicate
libpng warning: eXIf: duplicate
libpng warning: eXIf: duplicate
libpng warning: eXIf: duplicate
libpng warning: eXIf: duplicate
libpng warning: eXIf: duplicate
libpng warning: eXIf: duplicate
libpng warning: eXIf: duplicate
libpng warning: eXIf: duplicate
libpng warning: eXIf: duplicate
libpng warning: eXIf: duplicate
libpng warning: eXIf: duplicate
libpng warning: eXIf: duplicate
libpng warning: eXIf: duplicate
libpng warning: eXIf: duplicate
libpng warning: eXIf: duplicate
libpng warning: eXIf: duplicate
libpng warning: eXIf: duplicate
libpng warning: eXIf: duplicate
libpng warning: eXIf: duplicate
libpng warning: eXIf: duplicate
libpng warning: eXIf: duplicate
libpng warning: eXIf: duplicate
libpng warning: eXIf: duplicate
libpng warning: eXIf: duplicate
libpng warning: eXIf: duplicate
libpng warning: eXIf: duplicate
libpng warning: eXIf: duplicate
libpng warning: eXIf: duplicate
libpng warning: eXIf: duplicate
libpng warning: eXIf: duplicate
libpng warning: eXIf: duplicate
libpng warning: eXIf: duplicate
libpng warning: eXIf: duplicate
libpng warning: eXIf: duplicate
libpng warning: eXIf: duplicate
libpng warning: eXIf: duplicate
libpng warning: eXIf: duplicate
libpng warning: eXIf: duplicate
libpng warning: eXIf: duplicate
libpng warning: eXIf: duplicate
libpng warning: eXIf: duplicate
libpng warning: eXIf: duplicate
libpng warning: eXIf: duplicate
libpng warning: eXIf: duplicate
libpng warning: eXIf: duplicate
libpng warning: eXIf: duplicate
libpng warning: eXIf: duplicate
libpng warning: eXIf: duplicate
libpng warning: eXIf: duplicate
libpng warning: eXIf: duplicate
libpng warning: eXIf: duplicate
libpng warning: eXIf: duplicate
libpng warning: eXIf: duplicate
libpng warning: eXIf: duplicate
libpng warning: eXIf: duplicate
libpng warning: eXIf: duplicate
libpng warning: eXIf: duplicate
libpng warning: eXIf: duplicate
libpng warning: eXIf: duplicate
libpng warning: eXIf: duplicate
libpng warning: eXIf: duplicate
libpng warning: eXIf: duplicate
libpng warning: eXIf: duplicate
libpng warning: eXIf: duplicate
libpng warning: eXIf: duplicate
libpng warning: eXIf: duplicate
libpng warning: eXIf: duplicate
libpng warning: eXIf: duplicate
libpng warning: eXIf: duplicate
libpng warning: eXIf: duplicate
libpng warning: eXIf: duplicate
libpng warning: eXIf: duplicate
libpng warning: eXIf: duplicate
libpng warning: eXIf: duplicate
libpng warning: eXIf: duplicate
libpng warning: eXIf: duplicate
libpng warning: eXIf: duplicate
libpng warning: eXIf: duplicate
libpng warning: eXIf: duplicate
libpng warning: eXIf: duplicate
libpng warning: eXIf: duplicate
libpng warning: eXIf: duplicate
libpng warning: eXIf: duplicate
libpng warning: eXIf: duplicate
libpng warning: eXIf: duplicate
libpng warning: eXIf: duplicate
libpng warning: eXIf: duplicate
libpng warning: eXIf: duplicate
libpng warning: eXIf: duplicate
libpng warning: eXIf: duplicate
libpng warning: eXIf: duplicate
libpng warning: eXIf: duplicate
libpng warning: eXIf: duplicate
libpng warning: eXIf: duplicate
libpng warning: eXIf: duplicate
libpng warning: eXIf: duplicate
libpng warning: eXIf: duplicate
libpng warning: eXIf: duplicate
libpng warning: eXIf: duplicate
libpng warning: eXIf: duplicate
libpng warning: eXIf: duplicate
libpng warning: eXIf: duplicate
libpng warning: eXIf: duplicate
libpng warning: eXIf: duplicate
libpng warning: eXIf: duplicate
libpng warning: eXIf: duplicate
libpng warning: eXIf: duplicate
 ['', '4T', 'CXY', 'MV-Painter', 'data', 'train_data']
alpha count: 166407 161619
reverse true
base dir name: ['', '4T', 'CXY', 'MV-Painter', 'data', 'train_data']
alpha count: 242862 248013
reverse false
base dir name: ['', '4T', 'CXY', 'MV-Painter', 'data', 'train_data']
alpha count: 236843 238918
reverse false
base dir name: ['', '4T', 'CXY', 'MV-Painter', 'data', 'train_data']
alpha count: 217079 233919
reverse false
base dir name: ['', '4T', 'CXY', 'MV-Painter', 'data', 'train_data']
alpha count: 225316 236584
reverse false
base dir name: ['', '4T', 'CXY', 'MV-Painter', 'data', 'train_data']
alpha count: 227479 231221
reverse false
base dir name: ['', '4T', 'CXY', 'MV-Painter', 'data', 'train_data']
alpha count: 219110 224736
reverse false
base dir name: ['', '4T', 'CXY', 'MV-Painter', 'data', 'train_data']
alpha count: 200688 203617
reverse false
base dir name: ['', '4T', 'CXY', 'MV-Painter', 'data', 'train_data']
alpha count: 223462 242825
reverse false
base dir name: ['', '4T', 'CXY', 'MV-Painter', 'data', 'train_data']
alpha count: 215259 206767
reverse true
base dir name: ['', '4T', 'CXY', 'MV-Painter', 'data', 'train_data']
alpha count: 237924 241869
reverse false
base dir name: ['', '4T', 'CXY', 'MV-Painter', 'data', 'train_data']
alpha count: 227293 243043
reverse false
[140/500] loss=0.0308 (ema 0.0696) lr=2.44e-05 grad=0.256 | fsc_modules=8.7e-03 gsg_modules=2.2e-01 ltag=7.2e-05 | 0.9s
base dir name: ['', '4T', 'CXY', 'MV-Painter', 'data', 'train_data']
alpha count: 262144 262144
reverse false
OpenCV(4.13.0) /io/opencv/modules/imgproc/src/resize.cpp:4208: error: (-215:Assertion failed) !ssize.empty() in function 'resize'

wrong path: /4T/CXY/MV-Painter/data/train_data/rendered_full/1bbbb071a3fc4bd3a202c9cea106c2cb/image
base dir name: ['', '4T', 'CXY', 'MV-Painter', 'data', 'train_data']
alpha count: 205801 219850
reverse false
base dir name: ['', '4T', 'CXY', 'MV-Painter', 'data', 'train_data']
alpha count: 259736 246918
reverse true
base dir name: ['', '4T', 'CXY', 'MV-Painter', 'data', 'train_data']
alpha count: 253886 261589
reverse false
base dir name: ['', '4T', 'CXY', 'MV-Painter', 'data', 'train_data']
alpha count: 235331 247256
reverse false
base dir name: ['', '4T', 'CXY', 'MV-Painter', 'data', 'train_data']
alpha count: 224302 183603
reverse true
base dir name: ['', '4T', 'CXY', 'MV-Painter', 'data', 'train_data']
alpha count: 212305 223342
reverse false
base dir name: ['', '4T', 'CXY', 'MV-Painter', 'data', 'train_data']
alpha count: 221862 177751
reverse true
base dir name: ['', '4T', 'CXY', 'MV-Painter', 'data', 'train_data']
alpha count: 261734 261977
reverse false
base dir name: ['', '4T', 'CXY', 'MV-Painter', 'data', 'train_data']
alpha count: 172455 168994
reverse true
base dir name: ['', '4T', 'CXY', 'MV-Painter', 'data', 'train_data']
alpha count: 226818 233095
reverse false
base dir name: ['', '4T', 'CXY', 'MV-Painter', 'data', 'train_data']
alpha count: 216448 187516
reverse true
base dir name: ['', '4T', 'CXY', 'MV-Painter', 'data', 'train_data']
alpha count: 199173 200244
reverse false
base dir name: ['', '4T', 'CXY', 'MV-Painter', 'data', 'train_data']
alpha count: 241786 245060
reverse false
base dir name: ['', '4T', 'CXY', 'MV-Painter', 'data', 'train_data']
alpha count: 193672 219928
reverse false
base dir name: ['', '4T', 'CXY', 'MV-Painter', 'data', 'train_data']
alpha count: 218314 218299
reverse true
base dir name: ['', '4T', 'CXY', 'MV-Painter', 'data', 'train_data']
alpha count: 218858 242325
reverse false
base dir name: ['', '4T', 'CXY', 'MV-Painter', 'data', 'train_data']
alpha count: 206973 199259
reverse true
base dir name: ['', '4T', 'CXY', 'MV-Painter', 'data', 'train_data']
alpha count: 225956 224684
reverse true
base dir name: ['', '4T', 'CXY', 'MV-Painter', 'data', 'train_data']
alpha count: 212851 230333
reverse false
base dir name: ['', '4T', 'CXY', 'MV-Painter', 'data', 'train_data']
alpha count: 187908 228459
reverse false
[160/500] loss=0.1748 (ema 0.0768) lr=2.37e-05 grad=0.215 | fsc_modules=4.3e-03 gsg_modules=1.7e-01 ltag=7.2e-05 | 0.9s
base dir name: ['', '4T', 'CXY', 'MV-Painter', 'data', 'train_data']
alpha count: 235560 234919
reverse true
base dir name: ['', '4T', 'CXY', 'MV-Painter', 'data', 'train_data']
alpha count: 262144 262144
reverse false
OpenCV(4.13.0) /io/opencv/modules/imgproc/src/resize.cpp:4208: error: (-215:Assertion failed) !ssize.empty() in function 'resize'

wrong path: /4T/CXY/MV-Painter/data/train_data/rendered_full/2155b19fb6b44c2f99c5b58511647218/image
base dir name: ['', '4T', 'CXY', 'MV-Painter', 'data', 'train_data']
alpha count: 240340 198194
reverse true
base dir name: ['', '4T', 'CXY', 'MV-Painter', 'data', 'train_data']
alpha count: 255350 251388
reverse true
base dir name: ['', '4T', 'CXY', 'MV-Painter', 'data', 'train_data']
alpha count: 170575 174781
reverse false
base dir name: ['', '4T', 'CXY', 'MV-Painter', 'data', 'train_data']
alpha count: 248017 238323
reverse true
base dir name: ['', '4T', 'CXY', 'MV-Painter', 'data', 'train_data']
alpha count: 231533 234233
reverse false
base dir name: ['', '4T', 'CXY', 'MV-Painter', 'data', 'train_data']
alpha count: 241925 230731
reverse true
base dir name: ['', '4T', 'CXY', 'MV-Painter', 'data', 'train_data']
alpha count: 254443 259406
reverse false
base dir name: ['', '4T', 'CXY', 'MV-Painter', 'data', 'train_data']
alpha count: 223299 133811
reverse true
base dir name: ['', '4T', 'CXY', 'MV-Painter', 'data', 'train_data']
alpha count: 218355 228529
reverse false
base dir name: ['', '4T', 'CXY', 'MV-Painter', 'data', 'train_data']
alpha count: 228314 216049
reverse true
base dir name: ['', '4T', 'CXY', 'MV-Painter', 'data', 'train_data']
alpha count: 221786 220538
reverse true
base dir name: ['', '4T', 'CXY', 'MV-Painter', 'data', 'train_data']
alpha count: 214550 221989
reverse false
base dir name: ['', '4T', 'CXY', 'MV-Painter', 'data', 'train_data']
alpha count: 222493 212029
reverse true
base dir name: ['', '4T', 'CXY', 'MV-Painter', 'data', 'train_data']
alpha count: 234253 205886
reverse true
base dir name: ['', '4T', 'CXY', 'MV-Painter', 'data', 'train_data']
alpha count: 227959 231782
reverse false
base dir name: ['', '4T', 'CXY', 'MV-Painter', 'data', 'train_data']
alpha count: 240864 254498
reverse false
base dir name: ['', '4T', 'CXY', 'MV-Painter', 'data', 'train_data']
alpha count: 255556 252288
reverse true
base dir name: ['', '4T', 'CXY', 'MV-Painter', 'data', 'train_data']
alpha count: 258564 247703
reverse true
base dir name: ['', '4T', 'CXY', 'MV-Painter', 'data', 'train_data']
alpha count: 235574 235577
reverse false
[180/500] loss=0.0178 (ema 0.0793) lr=2.28e-05 grad=0.255 | fsc_modules=8.6e-03 gsg_modules=2.1e-01 ltag=7.2e-05 | 0.9s
base dir name: ['', '4T', 'CXY', 'MV-Painter', 'data', 'train_data']
alpha count: 259978 254544
reverse true
base dir name: ['', '4T', 'CXY', 'MV-Painter', 'data', 'train_data']
alpha count: 211629 174537
reverse true
base dir name: ['', '4T', 'CXY', 'MV-Painter', 'data', 'train_data']
alpha count: 234287 246488
reverse false
base dir name: ['', '4T', 'CXY', 'MV-Painter', 'data', 'train_data']
alpha count: 231987 255525
reverse false
base dir name: ['', '4T', 'CXY', 'MV-Painter', 'data', 'train_data']
alpha count: 217452 222620
reverse false
base dir name: ['', '4T', 'CXY', 'MV-Painter', 'data', 'train_data']
alpha count: 222117 181539
reverse true
base dir name: ['', '4T', 'CXY', 'MV-Painter', 'data', 'train_data']
alpha count: 158442 215059
reverse false
base dir name: ['', '4T', 'CXY', 'MV-Painter', 'data', 'train_data']
alpha count: 241148 256010
reverse false
base dir name: ['', '4T', 'CXY', 'MV-Painter', 'data', 'train_data']
alpha count: 204200 170926
reverse true
base dir name: ['', '4T', 'CXY', 'MV-Painter', 'data', 'train_data']
alpha count: 245605 183369
reverse true
base dir name: ['', '4T', 'CXY', 'MV-Painter', 'data', 'train_data']
alpha count: 262144 262037
reverse true
base dir name: ['', '4T', 'CXY', 'MV-Painter', 'data', 'train_data']
alpha count: 250645 253374
reverse false
base dir name: ['', '4T', 'CXY', 'MV-Painter', 'data', 'train_data']
alpha count: 247451 207967
reverse true
base dir name: ['', '4T', 'CXY', 'MV-Painter', 'data', 'train_data']libpng warning: eXIf: duplicate
libpng warning: eXIf: duplicate
libpng warning: eXIf: duplicate
libpng warning: eXIf: duplicate
libpng warning: eXIf: duplicate
libpng warning: eXIf: duplicate
libpng warning: eXIf: duplicate
libpng warning: eXIf: duplicate
libpng warning: eXIf: duplicate
libpng warning: eXIf: duplicate
libpng warning: eXIf: duplicate
libpng warning: eXIf: duplicate
libpng warning: eXIf: duplicate
libpng warning: eXIf: duplicate
libpng warning: eXIf: duplicate
libpng warning: eXIf: duplicate
libpng warning: eXIf: duplicate
libpng warning: eXIf: duplicate
libpng warning: eXIf: duplicate
libpng warning: eXIf: duplicate
libpng warning: eXIf: duplicate
libpng warning: eXIf: duplicate
libpng warning: eXIf: duplicate
libpng warning: eXIf: duplicate
libpng warning: eXIf: duplicate
libpng warning: eXIf: duplicate
libpng warning: eXIf: duplicate
libpng warning: eXIf: duplicate
libpng warning: eXIf: duplicate
libpng warning: eXIf: duplicate
libpng warning: eXIf: duplicate
libpng warning: eXIf: duplicate
libpng warning: eXIf: duplicate
libpng warning: eXIf: duplicate
libpng warning: eXIf: duplicate
libpng warning: eXIf: duplicate
libpng warning: eXIf: duplicate
libpng warning: eXIf: duplicate
libpng warning: eXIf: duplicate
libpng warning: eXIf: duplicate
libpng warning: eXIf: duplicate
libpng warning: eXIf: duplicate
libpng warning: eXIf: duplicate
libpng warning: eXIf: duplicate
libpng warning: eXIf: duplicate
libpng warning: eXIf: duplicate
libpng warning: eXIf: duplicate
libpng warning: eXIf: duplicate
libpng warning: eXIf: duplicate
libpng warning: eXIf: duplicate
libpng warning: eXIf: duplicate
libpng warning: eXIf: duplicate
libpng warning: eXIf: duplicate
libpng warning: eXIf: duplicate
libpng warning: eXIf: duplicate
libpng warning: eXIf: duplicate
libpng warning: eXIf: duplicate
libpng warning: eXIf: duplicate
libpng warning: eXIf: duplicate
libpng warning: eXIf: duplicate
libpng warning: eXIf: duplicate
libpng warning: eXIf: duplicate
libpng warning: eXIf: duplicate
libpng warning: eXIf: duplicate
libpng warning: eXIf: duplicate
libpng warning: eXIf: duplicate
libpng warning: eXIf: duplicate
libpng warning: eXIf: duplicate
libpng warning: eXIf: duplicate
libpng warning: eXIf: duplicate
libpng warning: eXIf: duplicate
libpng warning: eXIf: duplicate
libpng warning: eXIf: duplicate
libpng warning: eXIf: duplicate
libpng warning: eXIf: duplicate
libpng warning: eXIf: duplicate
libpng warning: eXIf: duplicate
libpng warning: eXIf: duplicate
libpng warning: eXIf: duplicate
libpng warning: eXIf: duplicate
libpng warning: eXIf: duplicate
libpng warning: eXIf: duplicate
libpng warning: eXIf: duplicate
libpng warning: eXIf: duplicate
libpng warning: eXIf: duplicate
libpng warning: eXIf: duplicate
libpng warning: eXIf: duplicate
libpng warning: eXIf: duplicate
libpng warning: eXIf: duplicate
libpng warning: eXIf: duplicate
libpng warning: eXIf: duplicate
libpng warning: eXIf: duplicate
libpng warning: eXIf: duplicate
libpng warning: eXIf: duplicate
libpng warning: eXIf: duplicate
libpng warning: eXIf: duplicate
libpng warning: eXIf: duplicate
libpng warning: eXIf: duplicate
libpng warning: eXIf: duplicate
libpng warning: eXIf: duplicate
libpng warning: eXIf: duplicate
libpng warning: eXIf: duplicate
libpng warning: eXIf: duplicate
libpng warning: eXIf: duplicate
libpng warning: eXIf: duplicate
libpng warning: eXIf: duplicate
libpng warning: eXIf: duplicate
libpng warning: eXIf: duplicate
libpng warning: eXIf: duplicate
libpng warning: eXIf: duplicate
libpng warning: eXIf: duplicate
libpng warning: eXIf: duplicate
libpng warning: eXIf: duplicate
libpng warning: eXIf: duplicate
libpng warning: eXIf: duplicate
libpng warning: eXIf: duplicate
libpng warning: eXIf: duplicate
libpng warning: eXIf: duplicate
libpng warning: eXIf: duplicate
libpng warning: eXIf: duplicate
libpng warning: eXIf: duplicate
libpng warning: eXIf: duplicate
libpng warning: eXIf: duplicate
libpng warning: eXIf: duplicate
libpng warning: eXIf: duplicate
libpng warning: eXIf: duplicate
libpng warning: eXIf: duplicate
libpng warning: eXIf: duplicate
libpng warning: eXIf: duplicate
libpng warning: eXIf: duplicate
libpng warning: eXIf: duplicate
libpng warning: eXIf: duplicate
libpng warning: eXIf: duplicate
libpng warning: eXIf: duplicate
libpng warning: eXIf: duplicate
libpng warning: eXIf: duplicate
libpng warning: eXIf: duplicate
libpng warning: eXIf: duplicate
libpng warning: eXIf: duplicate
libpng warning: eXIf: duplicate
libpng warning: eXIf: duplicate
libpng warning: eXIf: duplicate
libpng warning: eXIf: duplicate
libpng warning: eXIf: duplicate
libpng warning: eXIf: duplicate
libpng warning: eXIf: duplicate
libpng warning: eXIf: duplicate
libpng warning: eXIf: duplicate
libpng warning: eXIf: duplicate
libpng warning: eXIf: duplicate
libpng warning: eXIf: duplicate
libpng warning: eXIf: duplicate
libpng warning: eXIf: duplicate
libpng warning: eXIf: duplicate
libpng warning: eXIf: duplicate
libpng warning: eXIf: duplicate
libpng warning: eXIf: duplicate
libpng warning: eXIf: duplicate
libpng warning: eXIf: duplicate
libpng warning: eXIf: duplicate
libpng warning: eXIf: duplicate
libpng warning: eXIf: duplicate
libpng warning: eXIf: duplicate
libpng warning: eXIf: duplicate
libpng warning: eXIf: duplicate
libpng warning: eXIf: duplicate
libpng warning: eXIf: duplicate
libpng warning: eXIf: duplicate
libpng warning: eXIf: duplicate
libpng warning: eXIf: duplicate
libpng warning: eXIf: duplicate
libpng warning: eXIf: duplicate
libpng warning: eXIf: duplicate
libpng warning: eXIf: duplicate
libpng warning: eXIf: duplicate
libpng warning: eXIf: duplicate
libpng warning: eXIf: duplicate
libpng warning: eXIf: duplicate
libpng warning: eXIf: duplicate
libpng warning: eXIf: duplicate
libpng warning: eXIf: duplicate
libpng warning: eXIf: duplicate
libpng warning: eXIf: duplicate
libpng warning: eXIf: duplicate
libpng warning: eXIf: duplicate
libpng warning: eXIf: duplicate
libpng warning: eXIf: duplicate
libpng warning: eXIf: duplicate
libpng warning: eXIf: duplicate
libpng warning: eXIf: duplicate
libpng warning: eXIf: duplicate
libpng warning: eXIf: duplicate
libpng warning: eXIf: duplicate
libpng warning: eXIf: duplicate
libpng warning: eXIf: duplicate
libpng warning: eXIf: duplicate
libpng warning: eXIf: duplicate
libpng warning: eXIf: duplicate
libpng warning: eXIf: duplicate
libpng warning: eXIf: duplicate
libpng warning: eXIf: duplicate
libpng warning: eXIf: duplicate
libpng warning: eXIf: duplicate
libpng warning: eXIf: duplicate
libpng warning: eXIf: duplicate
libpng warning: eXIf: duplicate
libpng warning: eXIf: duplicate
libpng warning: eXIf: duplicate
libpng warning: eXIf: duplicate
libpng warning: eXIf: duplicate
libpng warning: eXIf: duplicate
libpng warning: eXIf: duplicate
libpng warning: eXIf: duplicate
libpng warning: eXIf: duplicate
libpng warning: eXIf: duplicate
libpng warning: eXIf: duplicate
libpng warning: eXIf: duplicate
libpng warning: eXIf: duplicate
libpng warning: eXIf: duplicate
libpng warning: eXIf: duplicate
libpng warning: eXIf: duplicate
libpng warning: eXIf: duplicate
libpng warning: eXIf: duplicate
libpng warning: eXIf: duplicate
libpng warning: eXIf: duplicate
libpng warning: eXIf: duplicate
libpng warning: eXIf: duplicate
libpng warning: eXIf: duplicate
libpng warning: eXIf: duplicate
libpng warning: eXIf: duplicate
libpng warning: eXIf: duplicate
libpng warning: eXIf: duplicate
libpng warning: eXIf: duplicate
libpng warning: eXIf: duplicate
libpng warning: eXIf: duplicate
libpng warning: eXIf: duplicate
libpng warning: eXIf: duplicate
libpng warning: eXIf: duplicate
libpng warning: eXIf: duplicate
libpng warning: eXIf: duplicate
libpng warning: eXIf: duplicate
libpng warning: eXIf: duplicate
libpng warning: eXIf: duplicate
libpng warning: eXIf: duplicate
libpng warning: eXIf: duplicate
libpng warning: eXIf: duplicate
libpng warning: eXIf: duplicate
libpng warning: eXIf: duplicate
libpng warning: eXIf: duplicate
libpng warning: eXIf: duplicate
libpng warning: eXIf: duplicate
libpng warning: eXIf: duplicate
libpng warning: eXIf: duplicate
libpng warning: eXIf: duplicate
libpng warning: eXIf: duplicate
libpng warning: eXIf: duplicate
libpng warning: eXIf: duplicate
libpng warning: eXIf: duplicate
libpng warning: eXIf: duplicate
libpng warning: eXIf: duplicate
libpng warning: eXIf: duplicate
libpng warning: eXIf: duplicate
libpng warning: eXIf: duplicate
libpng warning: eXIf: duplicate
libpng warning: eXIf: duplicate
libpng warning: eXIf: duplicate
libpng warning: eXIf: duplicate
libpng warning: eXIf: duplicate
libpng warning: eXIf: duplicate
libpng warning: eXIf: duplicate
libpng warning: eXIf: duplicate
libpng warning: eXIf: duplicate
libpng warning: eXIf: duplicate
libpng warning: eXIf: duplicate
libpng warning: eXIf: duplicate
libpng warning: eXIf: duplicate
libpng warning: eXIf: duplicate
libpng warning: eXIf: duplicate
libpng warning: eXIf: duplicate
libpng warning: eXIf: duplicate
libpng warning: eXIf: duplicate
libpng warning: eXIf: duplicate
libpng warning: eXIf: duplicate
libpng warning: eXIf: duplicate
libpng warning: eXIf: duplicate
libpng warning: eXIf: duplicate
libpng warning: eXIf: duplicate
libpng warning: eXIf: duplicate
libpng warning: eXIf: duplicate
libpng warning: eXIf: duplicate
libpng warning: eXIf: duplicate
libpng warning: eXIf: duplicate
libpng warning: eXIf: duplicate
libpng warning: eXIf: duplicate
libpng warning: eXIf: duplicate
libpng warning: eXIf: duplicate
libpng warning: eXIf: duplicate
libpng warning: eXIf: duplicate
libpng warning: eXIf: duplicate
libpng warning: eXIf: duplicate
libpng warning: eXIf: duplicate
libpng warning: eXIf: duplicate
libpng warning: eXIf: duplicate
libpng warning: eXIf: duplicate
libpng warning: eXIf: duplicate
libpng warning: eXIf: duplicate
libpng warning: eXIf: duplicate
libpng warning: eXIf: duplicate
libpng warning: eXIf: duplicate
libpng warning: eXIf: duplicate
libpng warning: eXIf: duplicate
libpng warning: eXIf: duplicate
libpng warning: eXIf: duplicate
libpng warning: eXIf: duplicate
libpng warning: eXIf: duplicate
libpng warning: eXIf: duplicate
libpng warning: eXIf: duplicate
libpng warning: eXIf: duplicate
libpng warning: eXIf: duplicate
libpng warning: eXIf: duplicate
libpng warning: eXIf: duplicate
libpng warning: eXIf: duplicate
libpng warning: eXIf: duplicate
libpng warning: eXIf: duplicate
libpng warning: eXIf: duplicate
libpng warning: eXIf: duplicate
libpng warning: eXIf: duplicate
libpng warning: eXIf: duplicate
libpng warning: eXIf: duplicate
libpng warning: eXIf: duplicate
libpng warning: eXIf: duplicate
libpng warning: eXIf: duplicate
libpng warning: eXIf: duplicate
libpng warning: eXIf: duplicate
libpng warning: eXIf: duplicate
libpng warning: eXIf: duplicate
libpng warning: eXIf: duplicate
libpng warning: eXIf: duplicate
libpng warning: eXIf: duplicate
libpng warning: eXIf: duplicate
libpng warning: eXIf: duplicate
libpng warning: eXIf: duplicate
libpng warning: eXIf: duplicate
libpng warning: eXIf: duplicate
libpng warning: eXIf: duplicate
libpng warning: eXIf: duplicate
libpng warning: eXIf: duplicate
libpng warning: eXIf: duplicate
libpng warning: eXIf: duplicate
libpng warning: eXIf: duplicate
libpng warning: eXIf: duplicate
libpng warning: eXIf: duplicate
libpng warning: eXIf: duplicate
libpng warning: eXIf: duplicate
libpng warning: eXIf: duplicate
libpng warning: eXIf: duplicate
libpng warning: eXIf: duplicate
libpng warning: eXIf: duplicate
libpng warning: eXIf: duplicate
libpng warning: eXIf: duplicate
libpng warning: eXIf: duplicate
libpng warning: eXIf: duplicate
libpng warning: eXIf: duplicate
libpng warning: eXIf: duplicate
libpng warning: eXIf: duplicate
libpng warning: eXIf: duplicate
libpng warning: eXIf: duplicate
libpng warning: eXIf: duplicate
libpng warning: eXIf: duplicate
libpng warning: eXIf: duplicate
libpng warning: eXIf: duplicate
libpng warning: eXIf: duplicate
libpng warning: eXIf: duplicate
libpng warning: eXIf: duplicate
libpng warning: eXIf: duplicate
libpng warning: eXIf: duplicate
libpng warning: eXIf: duplicate
libpng warning: eXIf: duplicate
libpng warning: eXIf: duplicate
libpng warning: eXIf: duplicate
libpng warning: eXIf: duplicate
libpng warning: eXIf: duplicate
libpng warning: eXIf: duplicate
libpng warning: eXIf: duplicate
libpng warning: eXIf: duplicate
libpng warning: eXIf: duplicate
libpng warning: eXIf: duplicate
libpng warning: eXIf: duplicate
libpng warning: eXIf: duplicate
libpng warning: eXIf: duplicate
libpng warning: eXIf: duplicate
libpng warning: eXIf: duplicate
libpng warning: eXIf: duplicate
libpng warning: eXIf: duplicate
libpng warning: eXIf: duplicate
libpng warning: eXIf: duplicate
libpng warning: eXIf: duplicate
libpng warning: eXIf: duplicate
libpng warning: eXIf: duplicate
libpng warning: eXIf: duplicate
libpng warning: eXIf: duplicate
libpng warning: eXIf: duplicate
libpng warning: eXIf: duplicate
libpng warning: eXIf: duplicate
libpng warning: eXIf: duplicate
libpng warning: eXIf: duplicate
libpng warning: eXIf: duplicate
libpng warning: eXIf: duplicate
libpng warning: eXIf: duplicate
libpng warning: eXIf: duplicate
libpng warning: eXIf: duplicate
libpng warning: eXIf: duplicate
libpng warning: eXIf: duplicate
libpng warning: eXIf: duplicate
libpng warning: eXIf: duplicate
libpng warning: eXIf: duplicate
libpng warning: eXIf: duplicate
libpng warning: eXIf: duplicate
libpng warning: eXIf: duplicate
libpng warning: eXIf: duplicate
libpng warning: eXIf: duplicate
libpng warning: eXIf: duplicate
libpng warning: eXIf: duplicate
libpng warning: eXIf: duplicate
libpng warning: eXIf: duplicate
libpng warning: eXIf: duplicate
libpng warning: eXIf: duplicate
libpng warning: eXIf: duplicate
libpng warning: eXIf: duplicate
libpng warning: eXIf: duplicate
libpng warning: eXIf: duplicate
libpng warning: eXIf: duplicate
libpng warning: eXIf: duplicate
libpng warning: eXIf: duplicate
libpng warning: eXIf: duplicate
libpng warning: eXIf: duplicate
libpng warning: eXIf: duplicate
libpng warning: eXIf: duplicate
libpng warning: eXIf: duplicate
libpng warning: eXIf: duplicate
libpng warning: eXIf: duplicate
libpng warning: eXIf: duplicate
libpng warning: eXIf: duplicate
libpng warning: eXIf: duplicate
libpng warning: eXIf: duplicate
libpng warning: eXIf: duplicate
libpng warning: eXIf: duplicate
libpng warning: eXIf: duplicate
libpng warning: eXIf: duplicate
libpng warning: eXIf: duplicate
libpng warning: eXIf: duplicate
libpng warning: eXIf: duplicate
libpng warning: eXIf: duplicate
libpng warning: eXIf: duplicate
libpng warning: eXIf: duplicate
libpng warning: eXIf: duplicate
libpng warning: eXIf: duplicate
libpng warning: eXIf: duplicate
libpng warning: eXIf: duplicate
libpng warning: eXIf: duplicate
libpng warning: eXIf: duplicate
libpng warning: eXIf: duplicate
libpng warning: eXIf: duplicate
libpng warning: eXIf: duplicate
libpng warning: eXIf: duplicate
libpng warning: eXIf: duplicate
libpng warning: eXIf: duplicate
libpng warning: eXIf: duplicate
libpng warning: eXIf: duplicate
libpng warning: eXIf: duplicate
libpng warning: eXIf: duplicate
libpng warning: eXIf: duplicate
libpng warning: eXIf: duplicate
libpng warning: eXIf: duplicate
libpng warning: eXIf: duplicate
libpng warning: eXIf: duplicate
libpng warning: eXIf: duplicate
libpng warning: eXIf: duplicate
libpng warning: eXIf: duplicate
libpng warning: eXIf: duplicate
libpng warning: eXIf: duplicate
libpng warning: eXIf: duplicate
libpng warning: eXIf: duplicate
libpng warning: eXIf: duplicate
libpng warning: eXIf: duplicate
libpng warning: eXIf: duplicate
libpng warning: eXIf: duplicate
libpng warning: eXIf: duplicate
libpng warning: eXIf: duplicate
libpng warning: eXIf: duplicate
libpng warning: eXIf: duplicate
libpng warning: eXIf: duplicate
libpng warning: eXIf: duplicate
libpng warning: eXIf: duplicate
libpng warning: eXIf: duplicate
libpng warning: eXIf: duplicate
libpng warning: eXIf: duplicate
libpng warning: eXIf: duplicate
libpng warning: eXIf: duplicate
libpng warning: eXIf: duplicate
libpng warning: eXIf: duplicate
libpng warning: eXIf: duplicate
libpng warning: eXIf: duplicate
libpng warning: eXIf: duplicate
libpng warning: eXIf: duplicate
libpng warning: eXIf: duplicate
libpng warning: eXIf: duplicate
libpng warning: eXIf: duplicate
libpng warning: eXIf: duplicate
libpng warning: eXIf: duplicate
libpng warning: eXIf: duplicate
libpng warning: eXIf: duplicate
libpng warning: eXIf: duplicate
libpng warning: eXIf: duplicate
libpng warning: eXIf: duplicate
libpng warning: eXIf: duplicate
libpng warning: eXIf: duplicate
libpng warning: eXIf: duplicate
libpng warning: eXIf: duplicate
libpng warning: eXIf: duplicate
libpng warning: eXIf: duplicate
libpng warning: eXIf: duplicate
libpng warning: eXIf: duplicate
libpng warning: eXIf: duplicate
libpng warning: eXIf: duplicate
libpng warning: eXIf: duplicate
libpng warning: eXIf: duplicate
libpng warning: eXIf: duplicate
libpng warning: eXIf: duplicate
libpng warning: eXIf: duplicate
libpng warning: eXIf: duplicate
libpng warning: eXIf: duplicate
libpng warning: eXIf: duplicate
libpng warning: eXIf: duplicate
libpng warning: eXIf: duplicate
libpng warning: eXIf: duplicate
libpng warning: eXIf: duplicate
libpng warning: eXIf: duplicate
libpng warning: eXIf: duplicate
libpng warning: eXIf: duplicate
libpng warning: eXIf: duplicate
libpng warning: eXIf: duplicate
libpng warning: eXIf: duplicate
libpng warning: eXIf: duplicate
libpng warning: eXIf: duplicate
libpng warning: eXIf: duplicate
libpng warning: eXIf: duplicate
libpng warning: eXIf: duplicate
libpng warning: eXIf: duplicate
libpng warning: eXIf: duplicate
libpng warning: eXIf: duplicate
libpng warning: eXIf: duplicate
libpng warning: eXIf: duplicate
libpng warning: eXIf: duplicate
libpng warning: eXIf: duplicate
libpng warning: eXIf: duplicate
libpng warning: eXIf: duplicate
libpng warning: eXIf: duplicate
libpng warning: eXIf: duplicate
libpng warning: eXIf: duplicate
libpng warning: eXIf: duplicate
libpng warning: eXIf: duplicate
libpng warning: eXIf: duplicate
libpng warning: eXIf: duplicate
libpng warning: eXIf: duplicate
libpng warning: eXIf: duplicate
libpng warning: eXIf: duplicate
libpng warning: eXIf: duplicate
libpng warning: eXIf: duplicate
libpng warning: eXIf: duplicate
libpng warning: eXIf: duplicate
libpng warning: eXIf: duplicate
libpng warning: eXIf: duplicate
libpng warning: eXIf: duplicate
libpng warning: eXIf: duplicate
libpng warning: eXIf: duplicate
libpng warning: eXIf: duplicate
libpng warning: eXIf: duplicate
libpng warning: eXIf: duplicate
libpng warning: eXIf: duplicate
libpng warning: eXIf: duplicate
libpng warning: eXIf: duplicate
libpng warning: eXIf: duplicate
libpng warning: eXIf: duplicate
libpng warning: eXIf: duplicate
libpng warning: eXIf: duplicate
libpng warning: eXIf: duplicate
libpng warning: eXIf: duplicate
libpng warning: eXIf: duplicate
libpng warning: eXIf: duplicate
libpng warning: eXIf: duplicate
libpng warning: eXIf: duplicate
libpng warning: eXIf: duplicate
libpng warning: eXIf: duplicate
libpng warning: eXIf: duplicate
libpng warning: eXIf: duplicate
libpng warning: eXIf: duplicate
libpng warning: eXIf: duplicate
libpng warning: eXIf: duplicate
libpng warning: eXIf: duplicate
libpng warning: eXIf: duplicate
libpng warning: eXIf: duplicate
libpng warning: eXIf: duplicate
libpng warning: eXIf: duplicate
libpng warning: eXIf: duplicate
libpng warning: eXIf: duplicate
libpng warning: eXIf: duplicate
libpng warning: eXIf: duplicate
libpng warning: eXIf: duplicate
libpng warning: eXIf: duplicate
libpng warning: eXIf: duplicate
libpng warning: eXIf: duplicate
libpng warning: eXIf: duplicate
libpng warning: eXIf: duplicate
libpng warning: eXIf: duplicate

alpha count: 228360 194959
reverse true
base dir name: ['', '4T', 'CXY', 'MV-Painter', 'data', 'train_data']
alpha count: 246320 235742
reverse true
base dir name: ['', '4T', 'CXY', 'MV-Painter', 'data', 'train_data']
alpha count: 207427 239185
reverse false
base dir name: ['', '4T', 'CXY', 'MV-Painter', 'data', 'train_data']
alpha count: 213167 223701
reverse false
base dir name: ['', '4T', 'CXY', 'MV-Painter', 'data', 'train_data']
alpha count: 256085 249683
reverse true
base dir name: ['', '4T', 'CXY', 'MV-Painter', 'data', 'train_data']
alpha count: 229202 236733
reverse false
base dir name: ['', '4T', 'CXY', 'MV-Painter', 'data', 'train_data']
alpha count: 221967 181366
reverse true
[200/500] loss=0.0123 (ema 0.0841) lr=2.16e-05 grad=0.312 | fsc_modules=1.3e-02 gsg_modules=2.4e-01 ltag=7.2e-05 | 1.1s
base dir name: ['', '4T', 'CXY', 'MV-Painter', 'data', 'train_data']
alpha count: 262144 262144
reverse false
OpenCV(4.13.0) /io/opencv/modules/imgproc/src/resize.cpp:4208: error: (-215:Assertion failed) !ssize.empty() in function 'resize'

wrong path: /4T/CXY/MV-Painter/data/train_data/rendered_full/266a04b8716d497fab57d33eb184b0bd/image
base dir name: ['', '4T', 'CXY', 'MV-Painter', 'data', 'train_data']
alpha count: 223462 242825
reverse false
base dir name: ['', '4T', 'CXY', 'MV-Painter', 'data', 'train_data']
alpha count: 249536 214947
reverse true
base dir name: ['', '4T', 'CXY', 'MV-Painter', 'data', 'train_data']
alpha count: 239408 251818
reverse false
base dir name: ['', '4T', 'CXY', 'MV-Painter', 'data', 'train_data']
alpha count: 169695 210511
reverse false
base dir name: ['', '4T', 'CXY', 'MV-Painter', 'data', 'train_data']
alpha count: 227931 206577
reverse true
base dir name: ['', '4T', 'CXY', 'MV-Painter', 'data', 'train_data']
alpha count: 240822 252311
reverse false
base dir name: ['', '4T', 'CXY', 'MV-Painter', 'data', 'train_data']
alpha count: 237939 238913
reverse false
base dir name: ['', '4T', 'CXY', 'MV-Painter', 'data', 'train_data']
alpha count: 210279 210231
reverse true
base dir name: ['', '4T', 'CXY', 'MV-Painter', 'data', 'train_data']
alpha count: 239685 234087
reverse true
base dir name: ['', '4T', 'CXY', 'MV-Painter', 'data', 'train_data']
alpha count: 246182 238068
reverse true
base dir name: ['', '4T', 'CXY', 'MV-Painter', 'data', 'train_data']
alpha count: 221854 218612
reverse true
base dir name: ['', '4T', 'CXY', 'MV-Painter', 'data', 'train_data']
alpha count: 198918 198775
reverse true
base dir name: ['', '4T', 'CXY', 'MV-Painter', 'data', 'train_data']
alpha count: 228473 244155
reverse false
base dir name: ['', '4T', 'CXY', 'MV-Painter', 'data', 'train_data']
alpha count: 252132 245672
reverse true
base dir name: ['', '4T', 'CXY', 'MV-Painter', 'data', 'train_data']
alpha count: 229530 182256
reverse true
base dir name: ['', '4T', 'CXY', 'MV-Painter', 'data', 'train_data']
alpha count: 237126 210908
reverse true
base dir name: ['', '4T', 'CXY', 'MV-Painter', 'data', 'train_data']
alpha count: 182133 179087
reverse true
base dir name: ['', '4T', 'CXY', 'MV-Painter', 'data', 'train_data']
alpha count: 259675 250178
reverse true
base dir name: ['', '4T', 'CXY', 'MV-Painter', 'data', 'train_data']
alpha count: 223072 216285
reverse true
base dir name: ['', '4T', 'CXY', 'MV-Painter', 'data', 'train_data']
alpha count: 245087 239467
reverse true
[220/500] loss=0.0562 (ema 0.0857) lr=2.01e-05 grad=0.638 | fsc_modules=1.7e-02 gsg_modules=5.9e-01 ltag=7.2e-05 | 0.9s
base dir name: ['', '4T', 'CXY', 'MV-Painter', 'data', 'train_data']
alpha count: 209413 215391
reverse false
base dir name: ['', '4T', 'CXY', 'MV-Painter', 'data', 'train_data']
alpha count: 201209 216147
reverse false
base dir name: ['', '4T', 'CXY', 'MV-Painter', 'data', 'train_data']
alpha count: 244003 179785
reverse true
base dir name: ['', '4T', 'CXY', 'MV-Painter', 'data', 'train_data']
alpha count: 227442 226921
reverse true
base dir name: ['', '4T', 'CXY', 'MV-Painter', 'data', 'train_data']
alpha count: 236351 217949
reverse true
base dir name: ['', '4T', 'CXY', 'MV-Painter', 'data', 'train_data']
alpha count: 244704 244703
reverse true
base dir name: ['', '4T', 'CXY', 'MV-Painter', 'data', 'train_data']
alpha count: 249161 249160
reverse true
base dir name: ['', '4T', 'CXY', 'MV-Painter', 'data', 'train_data']
alpha count: 231911 246244
reverse false
base dir name: ['', '4T', 'CXY', 'MV-Painter', 'data', 'train_data']
alpha count: 236031 240317
reverse false
base dir name: ['', '4T', 'CXY', 'MV-Painter', 'data', 'train_data']
alpha count: 250825 245795
reverse true
base dir name: ['', '4T', 'CXY', 'MV-Painter', 'data', 'train_data']
alpha count: 238375 248938
reverse false
base dir name: ['', '4T', 'CXY', 'MV-Painter', 'data', 'train_data']
alpha count: 189654 191761
reverse false
base dir name: ['', '4T', 'CXY', 'MV-Painter', 'data', 'train_data']
alpha count: 198214 177462
reverse true
base dir name: ['', '4T', 'CXY', 'MV-Painter', 'data', 'train_data']
alpha count: 246732 227796
reverse true
base dir name: ['', '4T', 'CXY', 'MV-Painter', 'data', 'train_data']
alpha count: 233539 225069
reverse true
base dir name: ['', '4T', 'CXY', 'MV-Painter', 'data', 'train_data']
alpha count: 231168 212818
reverse true
base dir name: ['', '4T', 'CXY', 'MV-Painter', 'data', 'train_data']
alpha count: 176003 176004
reverse false
base dir name: ['', '4T', 'CXY', 'MV-Painter', 'data', 'train_data']
alpha count: 224209 233590
reverse false
base dir name: ['', '4T', 'CXY', 'MV-Painter', 'data', 'train_data']
alpha count: 228358 209865
reverse true
base dir name: ['', '4T', 'CXY', 'MV-Painter', 'data', 'train_data']
alpha count: 205248 205239
reverse true
[240/500] loss=0.0816 (ema 0.0891) lr=1.85e-05 grad=0.825 | fsc_modules=1.9e-02 gsg_modules=7.3e-01 ltag=7.2e-05 | 0.9s
base dir name: ['', '4T', 'CXY', 'MV-Painter', 'data', 'train_data']
alpha count: 213117 211209
reverse true
base dir name: ['', '4T', 'CXY', 'MV-Painter', 'data', 'train_data']
alpha count: 250084 234099
reverse true
base dir name: ['', '4T', 'CXY', 'MV-Painter', 'data', 'train_data']
alpha count: 208705 213715
reverse false
base dir name: ['', '4T', 'CXY', 'MV-Painter', 'data', 'train_data']
alpha count: 158225 158225
reverse false
base dir name: ['', '4T', 'CXY', 'MV-Painter', 'data', 'train_data']
alpha count: 226672 242123
reverse false
base dir name: ['', '4T', 'CXY', 'MV-Painter', 'data', 'train_data']
alpha count: 174155 188309
reverse false
base dir name: ['', '4T', 'CXY', 'MV-Painter', 'data', 'train_data']
alpha count: 247532 241896
reverse true
base dir name: ['', '4T', 'CXY', 'MV-Painter', 'data', 'train_data']
alpha count: 255985 238204
reverse true
base dir name: ['', '4T', 'CXY', 'MV-Painter', 'data', 'train_data']
alpha count: 226382 229452
reverse false
base dir name: ['', '4T', 'CXY', 'MV-Painter', 'data', 'train_data']
alpha count: 247407 239698
reverse true
base dir name: ['', '4T', 'CXY', 'MV-Painter', 'data', 'train_data']
alpha count: 226345 233989
reverse false
base dir name: ['', '4T', 'CXY', 'MV-Painter', 'data', 'train_data']
alpha count: 243734 232147
reverse true
base dir name: ['', '4T', 'CXY', 'MV-Painter', 'data', 'train_data']
alpha count: 216119 212705
reverse true
base dir name: ['', '4T', 'CXY', 'MV-Painter', 'data', 'train_data']
alpha count: 223727 239683
reverse false
base dir name: ['', '4T', 'CXY', 'MV-Painter', 'data', 'train_data']
alpha count: 214576 239518
reverse false
base dir name: ['', '4T', 'CXY', 'MV-Painter', 'data', 'train_data']
alpha count: 257281 244412
reverse true
base dir name: ['', '4T', 'CXY', 'MV-Painter', 'data', 'train_data']
alpha count: 248471 244751
reverse true
base dir name: ['', '4T', 'CXY', 'MV-Painter', 'data', 'train_data']
alpha count: 219671 213626
reverse true
base dir name: ['', '4T', 'CXY', 'MV-Painter', 'data', 'train_data']
alpha count: 225262 185581
reverse true
base dir name: ['', '4T', 'CXY', 'MV-Painter', 'data', 'train_data']
alpha count: 196172 174806
reverse true
[260/500] loss=0.0288 (ema 0.0874) lr=1.68e-05 grad=0.188 | fsc_modules=6.5e-03 gsg_modules=1.4e-01 ltag=7.2e-05 | 1.2s
base dir name: ['', '4T', 'CXY', 'MV-Painter', 'data', 'train_data']
alpha count: 235603 229718
reverse true
base dir name:libpng warning: eXIf: duplicate
libpng warning: eXIf: duplicate
libpng warning: eXIf: duplicate
libpng warning: eXIf: duplicate
libpng warning: eXIf: duplicate
libpng warning: eXIf: duplicate
libpng warning: eXIf: duplicate
libpng warning: eXIf: duplicate
libpng warning: eXIf: duplicate
libpng warning: eXIf: duplicate
libpng warning: eXIf: duplicate
libpng warning: eXIf: duplicate
libpng warning: eXIf: duplicate
libpng warning: eXIf: duplicate
libpng warning: eXIf: duplicate
libpng warning: eXIf: duplicate
libpng warning: eXIf: duplicate
libpng warning: eXIf: duplicate
libpng warning: eXIf: duplicate
libpng warning: eXIf: duplicate
libpng warning: eXIf: duplicate
libpng warning: eXIf: duplicate
libpng warning: eXIf: duplicate
libpng warning: eXIf: duplicate
libpng warning: eXIf: duplicate
libpng warning: eXIf: duplicate
libpng warning: eXIf: duplicate
libpng warning: eXIf: duplicate
libpng warning: eXIf: duplicate
libpng warning: eXIf: duplicate
libpng warning: eXIf: duplicate
libpng warning: eXIf: duplicate
libpng warning: eXIf: duplicate
libpng warning: eXIf: duplicate
libpng warning: eXIf: duplicate
libpng warning: eXIf: duplicate
libpng warning: eXIf: duplicate
libpng warning: eXIf: duplicate
libpng warning: eXIf: duplicate
libpng warning: eXIf: duplicate
libpng warning: eXIf: duplicate
libpng warning: eXIf: duplicate
libpng warning: eXIf: duplicate
libpng warning: eXIf: duplicate
libpng warning: eXIf: duplicate
libpng warning: eXIf: duplicate
libpng warning: eXIf: duplicate
libpng warning: eXIf: duplicate
libpng warning: eXIf: duplicate
libpng warning: eXIf: duplicate
libpng warning: eXIf: duplicate
libpng warning: eXIf: duplicate
libpng warning: eXIf: duplicate
libpng warning: eXIf: duplicate
libpng warning: eXIf: duplicate
libpng warning: eXIf: duplicate
libpng warning: eXIf: duplicate
libpng warning: eXIf: duplicate
libpng warning: eXIf: duplicate
libpng warning: eXIf: duplicate
libpng warning: eXIf: duplicate
libpng warning: eXIf: duplicate
libpng warning: eXIf: duplicate
libpng warning: eXIf: duplicate
libpng warning: eXIf: duplicate
libpng warning: eXIf: duplicate
libpng warning: eXIf: duplicate
libpng warning: eXIf: duplicate
libpng warning: eXIf: duplicate
libpng warning: eXIf: duplicate
libpng warning: eXIf: duplicate
libpng warning: eXIf: duplicate
libpng warning: eXIf: duplicate
libpng warning: eXIf: duplicate
libpng warning: eXIf: duplicate
libpng warning: eXIf: duplicate
libpng warning: eXIf: duplicate
libpng warning: eXIf: duplicate
libpng warning: eXIf: duplicate
libpng warning: eXIf: duplicate
libpng warning: eXIf: duplicate
libpng warning: eXIf: duplicate
libpng warning: eXIf: duplicate
libpng warning: eXIf: duplicate
libpng warning: eXIf: duplicate
libpng warning: eXIf: duplicate
libpng warning: eXIf: duplicate
libpng warning: eXIf: duplicate
libpng warning: eXIf: duplicate
libpng warning: eXIf: duplicate
libpng warning: eXIf: duplicate
libpng warning: eXIf: duplicate
libpng warning: eXIf: duplicate
libpng warning: eXIf: duplicate
libpng warning: eXIf: duplicate
libpng warning: eXIf: duplicate
libpng warning: eXIf: duplicate
libpng warning: eXIf: duplicate
libpng warning: eXIf: duplicate
libpng warning: eXIf: duplicate
libpng warning: eXIf: duplicate
libpng warning: eXIf: duplicate
libpng warning: eXIf: duplicate
libpng warning: eXIf: duplicate
libpng warning: eXIf: duplicate
libpng warning: eXIf: duplicate
libpng warning: eXIf: duplicate
libpng warning: eXIf: duplicate
libpng warning: eXIf: duplicate
libpng warning: eXIf: duplicate
libpng warning: eXIf: duplicate
libpng warning: eXIf: duplicate
libpng warning: eXIf: duplicate
libpng warning: eXIf: duplicate
libpng warning: eXIf: duplicate
libpng warning: eXIf: duplicate
libpng warning: eXIf: duplicate
libpng warning: eXIf: duplicate
libpng warning: eXIf: duplicate
libpng warning: eXIf: duplicate
libpng warning: eXIf: duplicate
libpng warning: eXIf: duplicate
libpng warning: eXIf: duplicate
libpng warning: eXIf: duplicate
libpng warning: eXIf: duplicate
libpng warning: eXIf: duplicate
libpng warning: eXIf: duplicate
libpng warning: eXIf: duplicate
libpng warning: eXIf: duplicate
libpng warning: eXIf: duplicate
libpng warning: eXIf: duplicate
libpng warning: eXIf: duplicate
libpng warning: eXIf: duplicate
libpng warning: eXIf: duplicate
libpng warning: eXIf: duplicate
libpng warning: eXIf: duplicate
libpng warning: eXIf: duplicate
libpng warning: eXIf: duplicate
libpng warning: eXIf: duplicate
libpng warning: eXIf: duplicate
libpng warning: eXIf: duplicate
libpng warning: eXIf: duplicate
libpng warning: eXIf: duplicate
libpng warning: eXIf: duplicate
libpng warning: eXIf: duplicate
libpng warning: eXIf: duplicate
libpng warning: eXIf: duplicate
libpng warning: eXIf: duplicate
libpng warning: eXIf: duplicate
libpng warning: eXIf: duplicate
libpng warning: eXIf: duplicate
libpng warning: eXIf: duplicate
libpng warning: eXIf: duplicate
libpng warning: eXIf: duplicate
libpng warning: eXIf: duplicate
libpng warning: eXIf: duplicate
libpng warning: eXIf: duplicate
libpng warning: eXIf: duplicate
libpng warning: eXIf: duplicate
libpng warning: eXIf: duplicate
libpng warning: eXIf: duplicate
libpng warning: eXIf: duplicate
libpng warning: eXIf: duplicate
libpng warning: eXIf: duplicate
libpng warning: eXIf: duplicate
libpng warning: eXIf: duplicate
libpng warning: eXIf: duplicate
libpng warning: eXIf: duplicate
libpng warning: eXIf: duplicate
libpng warning: eXIf: duplicate
libpng warning: eXIf: duplicate
libpng warning: eXIf: duplicate
libpng warning: eXIf: duplicate
libpng warning: eXIf: duplicate
libpng warning: eXIf: duplicate
libpng warning: eXIf: duplicate
libpng warning: eXIf: duplicate
libpng warning: eXIf: duplicate
libpng warning: eXIf: duplicate
libpng warning: eXIf: duplicate
libpng warning: eXIf: duplicate
libpng warning: eXIf: duplicate
libpng warning: eXIf: duplicate
libpng warning: eXIf: duplicate
libpng warning: eXIf: duplicate
libpng warning: eXIf: duplicate
libpng warning: eXIf: duplicate
libpng warning: eXIf: duplicate
libpng warning: eXIf: duplicate
libpng warning: eXIf: duplicate
libpng warning: eXIf: duplicate
libpng warning: eXIf: duplicate
libpng warning: eXIf: duplicate
libpng warning: eXIf: duplicate
libpng warning: eXIf: duplicate
libpng warning: eXIf: duplicate
libpng warning: eXIf: duplicate
libpng warning: eXIf: duplicate
libpng warning: eXIf: duplicate
libpng warning: eXIf: duplicate
libpng warning: eXIf: duplicate
libpng warning: eXIf: duplicate
libpng warning: eXIf: duplicate
libpng warning: eXIf: duplicate
libpng warning: eXIf: duplicate
libpng warning: eXIf: duplicate
libpng warning: eXIf: duplicate
libpng warning: eXIf: duplicate
libpng warning: eXIf: duplicate
libpng warning: eXIf: duplicate
libpng warning: eXIf: duplicate
libpng warning: eXIf: duplicate
libpng warning: eXIf: duplicate
libpng warning: eXIf: duplicate
libpng warning: eXIf: duplicate
libpng warning: eXIf: duplicate
libpng warning: eXIf: duplicate
libpng warning: eXIf: duplicate
libpng warning: eXIf: duplicate
libpng warning: eXIf: duplicate
libpng warning: eXIf: duplicate
libpng warning: eXIf: duplicate
libpng warning: eXIf: duplicate
libpng warning: eXIf: duplicate
libpng warning: eXIf: duplicate
libpng warning: eXIf: duplicate
libpng warning: eXIf: duplicate
libpng warning: eXIf: duplicate
libpng warning: eXIf: duplicate
libpng warning: eXIf: duplicate
libpng warning: eXIf: duplicate
libpng warning: eXIf: duplicate
libpng warning: eXIf: duplicate
libpng warning: eXIf: duplicate
libpng warning: eXIf: duplicate
libpng warning: eXIf: duplicate
libpng warning: eXIf: duplicate
libpng warning: eXIf: duplicate
libpng warning: eXIf: duplicate
libpng warning: eXIf: duplicate
libpng warning: eXIf: duplicate
libpng warning: eXIf: duplicate
libpng warning: eXIf: duplicate
libpng warning: eXIf: duplicate
libpng warning: eXIf: duplicate
libpng warning: eXIf: duplicate
libpng warning: eXIf: duplicate
libpng warning: eXIf: duplicate
libpng warning: eXIf: duplicate
libpng warning: eXIf: duplicate
libpng warning: eXIf: duplicate
libpng warning: eXIf: duplicate
libpng warning: eXIf: duplicate
libpng warning: eXIf: duplicate
libpng warning: eXIf: duplicate
libpng warning: eXIf: duplicate
libpng warning: eXIf: duplicate
libpng warning: eXIf: duplicate
libpng warning: eXIf: duplicate
libpng warning: eXIf: duplicate
libpng warning: eXIf: duplicate
libpng warning: eXIf: duplicate
libpng warning: eXIf: duplicate
libpng warning: eXIf: duplicate
libpng warning: eXIf: duplicate
libpng warning: eXIf: duplicate
libpng warning: eXIf: duplicate
libpng warning: eXIf: duplicate
libpng warning: eXIf: duplicate
libpng warning: eXIf: duplicate
libpng warning: eXIf: duplicate
libpng warning: eXIf: duplicate
libpng warning: eXIf: duplicate
libpng warning: eXIf: duplicate
libpng warning: eXIf: duplicate
libpng warning: eXIf: duplicate
libpng warning: eXIf: duplicate
libpng warning: eXIf: duplicate
libpng warning: eXIf: duplicate
libpng warning: eXIf: duplicate
libpng warning: eXIf: duplicate
libpng warning: eXIf: duplicate
libpng warning: eXIf: duplicate
libpng warning: eXIf: duplicate
libpng warning: eXIf: duplicate
libpng warning: eXIf: duplicate
libpng warning: eXIf: duplicate
libpng warning: eXIf: duplicate
libpng warning: eXIf: duplicate
libpng warning: eXIf: duplicate
libpng warning: eXIf: duplicate
libpng warning: eXIf: duplicate
libpng warning: eXIf: duplicate
libpng warning: eXIf: duplicate
libpng warning: eXIf: duplicate
libpng warning: eXIf: duplicate
libpng warning: eXIf: duplicate
libpng warning: eXIf: duplicate
libpng warning: eXIf: duplicate
libpng warning: eXIf: duplicate
libpng warning: eXIf: duplicate
libpng warning: eXIf: duplicate
libpng warning: eXIf: duplicate
libpng warning: eXIf: duplicate
libpng warning: eXIf: duplicate
libpng warning: eXIf: duplicate
libpng warning: eXIf: duplicate
libpng warning: eXIf: duplicate
libpng warning: eXIf: duplicate
libpng warning: eXIf: duplicate
libpng warning: eXIf: duplicate
libpng warning: eXIf: duplicate
libpng warning: eXIf: duplicate
libpng warning: eXIf: duplicate
libpng warning: eXIf: duplicate
libpng warning: eXIf: duplicate
libpng warning: eXIf: duplicate
libpng warning: eXIf: duplicate
libpng warning: eXIf: duplicate
libpng warning: eXIf: duplicate
libpng warning: eXIf: duplicate
libpng warning: eXIf: duplicate
libpng warning: eXIf: duplicate
libpng warning: eXIf: duplicate
libpng warning: eXIf: duplicate
libpng warning: eXIf: duplicate
libpng warning: eXIf: duplicate
libpng warning: eXIf: duplicate
libpng warning: eXIf: duplicate
libpng warning: eXIf: duplicate
libpng warning: eXIf: duplicate
libpng warning: eXIf: duplicate
libpng warning: eXIf: duplicate
libpng warning: eXIf: duplicate
libpng warning: eXIf: duplicate
libpng warning: eXIf: duplicate
libpng warning: eXIf: duplicate
libpng warning: eXIf: duplicate
libpng warning: eXIf: duplicate
libpng warning: eXIf: duplicate
libpng warning: eXIf: duplicate
libpng warning: eXIf: duplicate
libpng warning: eXIf: duplicate
libpng warning: eXIf: duplicate
libpng warning: eXIf: duplicate
libpng warning: eXIf: duplicate
libpng warning: eXIf: duplicate
libpng warning: eXIf: duplicate
libpng warning: eXIf: duplicate
libpng warning: eXIf: duplicate
libpng warning: eXIf: duplicate
libpng warning: eXIf: duplicate
libpng warning: eXIf: duplicate
libpng warning: eXIf: duplicate
libpng warning: eXIf: duplicate
libpng warning: eXIf: duplicate
libpng warning: eXIf: duplicate
libpng warning: eXIf: duplicate
libpng warning: eXIf: duplicate
libpng warning: eXIf: duplicate
libpng warning: eXIf: duplicate
libpng warning: eXIf: duplicate
libpng warning: eXIf: duplicate
libpng warning: eXIf: duplicate
libpng warning: eXIf: duplicate
libpng warning: eXIf: duplicate
libpng warning: eXIf: duplicate
libpng warning: eXIf: duplicate
libpng warning: eXIf: duplicate
libpng warning: eXIf: duplicate
libpng warning: eXIf: duplicate
libpng warning: eXIf: duplicate
libpng warning: eXIf: duplicate
libpng warning: eXIf: duplicate
libpng warning: eXIf: duplicate
libpng warning: eXIf: duplicate
libpng warning: eXIf: duplicate
libpng warning: eXIf: duplicate
libpng warning: eXIf: duplicate
libpng warning: eXIf: duplicate
libpng warning: eXIf: duplicate
libpng warning: eXIf: duplicate
libpng warning: eXIf: duplicate
libpng warning: eXIf: duplicate
libpng warning: eXIf: duplicate
libpng warning: eXIf: duplicate
libpng warning: eXIf: duplicate
libpng warning: eXIf: duplicate
libpng warning: eXIf: duplicate
libpng warning: eXIf: duplicate
libpng warning: eXIf: duplicate
libpng warning: eXIf: duplicate
libpng warning: eXIf: duplicate
libpng warning: eXIf: duplicate
libpng warning: eXIf: duplicate
libpng warning: eXIf: duplicate
libpng warning: eXIf: duplicate
libpng warning: eXIf: duplicate
libpng warning: eXIf: duplicate
libpng warning: eXIf: duplicate
libpng warning: eXIf: duplicate
libpng warning: eXIf: duplicate
libpng warning: eXIf: duplicate
libpng warning: eXIf: duplicate
libpng warning: eXIf: duplicate
libpng warning: eXIf: duplicate
libpng warning: eXIf: duplicate
libpng warning: eXIf: duplicate
libpng warning: eXIf: duplicate
libpng warning: eXIf: duplicate
libpng warning: eXIf: duplicate
libpng warning: eXIf: duplicate
libpng warning: eXIf: duplicate
libpng warning: eXIf: duplicate
libpng warning: eXIf: duplicate
libpng warning: eXIf: duplicate
libpng warning: eXIf: duplicate
libpng warning: eXIf: duplicate
libpng warning: eXIf: duplicate
libpng warning: eXIf: duplicate
libpng warning: eXIf: duplicate
libpng warning: eXIf: duplicate
libpng warning: eXIf: duplicate
libpng warning: eXIf: duplicate
libpng warning: eXIf: duplicate
libpng warning: eXIf: duplicate
libpng warning: eXIf: duplicate
libpng warning: eXIf: duplicate
libpng warning: eXIf: duplicate
libpng warning: eXIf: duplicate
libpng warning: eXIf: duplicate
libpng warning: eXIf: duplicate
libpng warning: eXIf: duplicate
libpng warning: eXIf: duplicate
libpng warning: eXIf: duplicate
libpng warning: eXIf: duplicate
libpng warning: eXIf: duplicate
libpng warning: eXIf: duplicate
libpng warning: eXIf: duplicate
libpng warning: eXIf: duplicate
libpng warning: eXIf: duplicate
libpng warning: eXIf: duplicate
libpng warning: eXIf: duplicate
libpng warning: eXIf: duplicate
libpng warning: eXIf: duplicate
libpng warning: eXIf: duplicate
libpng warning: eXIf: duplicate
libpng warning: eXIf: duplicate
libpng warning: eXIf: duplicate
libpng warning: eXIf: duplicate
libpng warning: eXIf: duplicate
libpng warning: eXIf: duplicate
libpng warning: eXIf: duplicate
libpng warning: eXIf: duplicate
libpng warning: eXIf: duplicate
libpng warning: eXIf: duplicate
libpng warning: eXIf: duplicate
libpng warning: eXIf: duplicate
libpng warning: eXIf: duplicate
libpng warning: eXIf: duplicate
libpng warning: eXIf: duplicate
libpng warning: eXIf: duplicate
libpng warning: eXIf: duplicate
libpng warning: eXIf: duplicate
libpng warning: eXIf: duplicate
libpng warning: eXIf: duplicate
libpng warning: eXIf: duplicate
libpng warning: eXIf: duplicate
libpng warning: eXIf: duplicate
libpng warning: eXIf: duplicate
libpng warning: eXIf: duplicate
libpng warning: eXIf: duplicate
libpng warning: eXIf: duplicate
libpng warning: eXIf: duplicate
libpng warning: eXIf: duplicate
libpng warning: eXIf: duplicate
libpng warning: eXIf: duplicate
libpng warning: eXIf: duplicate
libpng warning: eXIf: duplicate
libpng warning: eXIf: duplicate
libpng warning: eXIf: duplicate
libpng warning: eXIf: duplicate
libpng warning: eXIf: duplicate
libpng warning: eXIf: duplicate
libpng warning: eXIf: duplicate
libpng warning: eXIf: duplicate
libpng warning: eXIf: duplicate
libpng warning: eXIf: duplicate
libpng warning: eXIf: duplicate
libpng warning: eXIf: duplicate
libpng warning: eXIf: duplicate
libpng warning: eXIf: duplicate
libpng warning: eXIf: duplicate
libpng warning: eXIf: duplicate
libpng warning: eXIf: duplicate
libpng warning: eXIf: duplicate
libpng warning: eXIf: duplicate
libpng warning: eXIf: duplicate
libpng warning: eXIf: duplicate
libpng warning: eXIf: duplicate
libpng warning: eXIf: duplicate
libpng warning: eXIf: duplicate
libpng warning: eXIf: duplicate
libpng warning: eXIf: duplicate
libpng warning: eXIf: duplicate
libpng warning: eXIf: duplicate
libpng warning: eXIf: duplicate
libpng warning: eXIf: duplicate
libpng warning: eXIf: duplicate
libpng warning: eXIf: duplicate
libpng warning: eXIf: duplicate
libpng warning: eXIf: duplicate
libpng warning: eXIf: duplicate
libpng warning: eXIf: duplicate
libpng warning: eXIf: duplicate
libpng warning: eXIf: duplicate
libpng warning: eXIf: duplicate
libpng warning: eXIf: duplicate
libpng warning: eXIf: duplicate
libpng warning: eXIf: duplicate
libpng warning: eXIf: duplicate
libpng warning: eXIf: duplicate
libpng warning: eXIf: duplicate
libpng warning: eXIf: duplicate
libpng warning: eXIf: duplicate
libpng warning: eXIf: duplicate
libpng warning: eXIf: duplicate
libpng warning: eXIf: duplicate
libpng warning: eXIf: duplicate
libpng warning: eXIf: duplicate
libpng warning: eXIf: duplicate
libpng warning: eXIf: duplicate
libpng warning: eXIf: duplicate
libpng warning: eXIf: duplicate
libpng warning: eXIf: duplicate
libpng warning: eXIf: duplicate
libpng warning: eXIf: duplicate
libpng warning: eXIf: duplicate
libpng warning: eXIf: duplicate
libpng warning: eXIf: duplicate
libpng warning: eXIf: duplicate
libpng warning: eXIf: duplicate
libpng warning: eXIf: duplicate
libpng warning: eXIf: duplicate
libpng warning: eXIf: duplicate
libpng warning: eXIf: duplicate
libpng warning: eXIf: duplicate
libpng warning: eXIf: duplicate
libpng warning: eXIf: duplicate
libpng warning: eXIf: duplicate
libpng warning: eXIf: duplicate
libpng warning: eXIf: duplicate
libpng warning: eXIf: duplicate
libpng warning: eXIf: duplicate
libpng warning: eXIf: duplicate
libpng warning: eXIf: duplicate
libpng warning: eXIf: duplicate
libpng warning: eXIf: duplicate
libpng warning: eXIf: duplicate
libpng warning: eXIf: duplicate
libpng warning: eXIf: duplicate
libpng warning: eXIf: duplicate
libpng warning: eXIf: duplicate
libpng warning: eXIf: duplicate
libpng warning: eXIf: duplicate
libpng warning: eXIf: duplicate
libpng warning: eXIf: duplicate
libpng warning: eXIf: duplicate
libpng warning: eXIf: duplicate
libpng warning: eXIf: duplicate
libpng warning: eXIf: duplicate
libpng warning: eXIf: duplicate
libpng warning: eXIf: duplicate
libpng warning: eXIf: duplicate
libpng warning: eXIf: duplicate
libpng warning: eXIf: duplicate
libpng warning: eXIf: duplicate
libpng warning: eXIf: duplicate
libpng warning: eXIf: duplicate
libpng warning: eXIf: duplicate
libpng warning: eXIf: duplicate
libpng warning: eXIf: duplicate
libpng warning: eXIf: duplicate
libpng warning: eXIf: duplicate
libpng warning: eXIf: duplicate
libpng warning: eXIf: duplicate
libpng warning: eXIf: duplicate
libpng warning: eXIf: duplicate
libpng warning: eXIf: duplicate
libpng warning: eXIf: duplicate
libpng warning: eXIf: duplicate
libpng warning: eXIf: duplicate
libpng warning: eXIf: duplicate
libpng warning: eXIf: duplicate
libpng warning: eXIf: duplicate
libpng warning: eXIf: duplicate
libpng warning: eXIf: duplicate
libpng warning: eXIf: duplicate
libpng warning: eXIf: duplicate
libpng warning: eXIf: duplicate
libpng warning: eXIf: duplicate
libpng warning: eXIf: duplicate
libpng warning: eXIf: duplicate
libpng warning: eXIf: duplicate
libpng warning: eXIf: duplicate
libpng warning: eXIf: duplicate
libpng warning: eXIf: duplicate
libpng warning: eXIf: duplicate
libpng warning: eXIf: duplicate
libpng warning: eXIf: duplicate
libpng warning: eXIf: duplicate
libpng warning: eXIf: duplicate
libpng warning: eXIf: duplicate
libpng warning: eXIf: duplicate
libpng warning: eXIf: duplicate
libpng warning: eXIf: duplicate
libpng warning: eXIf: duplicate
libpng warning: eXIf: duplicate
libpng warning: eXIf: duplicate
libpng warning: eXIf: duplicate
libpng warning: eXIf: duplicate
libpng warning: eXIf: duplicate
libpng warning: eXIf: duplicate
libpng warning: eXIf: duplicate
libpng warning: eXIf: duplicate
libpng warning: eXIf: duplicate
libpng warning: eXIf: duplicate
libpng warning: eXIf: duplicate
libpng warning: eXIf: duplicate
libpng warning: eXIf: duplicate
libpng warning: eXIf: duplicate
libpng warning: eXIf: duplicate
libpng warning: eXIf: duplicate
libpng warning: eXIf: duplicate
libpng warning: eXIf: duplicate
libpng warning: eXIf: duplicate
libpng warning: eXIf: duplicate
libpng warning: eXIf: duplicate
libpng warning: eXIf: duplicate
libpng warning: eXIf: duplicate
libpng warning: eXIf: duplicate
 ['', '4T', 'CXY', 'MV-Painter', 'data', 'train_data']
alpha count: 230876 226733
reverse true
base dir name: ['', '4T', 'CXY', 'MV-Painter', 'data', 'train_data']
alpha count: 259187 209677
reverse true
base dir name: ['', '4T', 'CXY', 'MV-Painter', 'data', 'train_data']
alpha count: 232949 234493
reverse false
base dir name: ['', '4T', 'CXY', 'MV-Painter', 'data', 'train_data']
alpha count: 225708 237680
reverse false
base dir name: ['', '4T', 'CXY', 'MV-Painter', 'data', 'train_data']
alpha count: 163455 185799
reverse false
base dir name: ['', '4T', 'CXY', 'MV-Painter', 'data', 'train_data']
alpha count: 214873 221402
reverse false
base dir name: ['', '4T', 'CXY', 'MV-Painter', 'data', 'train_data']
alpha count: 256111 246917
reverse true
base dir name: ['', '4T', 'CXY', 'MV-Painter', 'data', 'train_data']
alpha count: 208069 208912
reverse false
base dir name: ['', '4T', 'CXY', 'MV-Painter', 'data', 'train_data']
alpha count: 227192 213295
reverse true
base dir name: ['', '4T', 'CXY', 'MV-Painter', 'data', 'train_data']
alpha count: 249571 237869
reverse true
base dir name: ['', '4T', 'CXY', 'MV-Painter', 'data', 'train_data']
alpha count: 230948 228776
reverse true
base dir name: ['', '4T', 'CXY', 'MV-Painter', 'data', 'train_data']
alpha count: 261949 261949
reverse false
base dir name: ['', '4T', 'CXY', 'MV-Painter', 'data', 'train_data']
alpha count: 209908 207931
reverse true
base dir name: ['', '4T', 'CXY', 'MV-Painter', 'data', 'train_data']
alpha count: 244204 219025
reverse true
base dir name: ['', '4T', 'CXY', 'MV-Painter', 'data', 'train_data']
alpha count: 218709 214304
reverse true
base dir name: ['', '4T', 'CXY', 'MV-Painter', 'data', 'train_data']
alpha count: 235208 238161
reverse false
base dir name: ['', '4T', 'CXY', 'MV-Painter', 'data', 'train_data']
alpha count: 213977 220240
reverse false
base dir name: ['', '4T', 'CXY', 'MV-Painter', 'data', 'train_data']
alpha count: 216353 223682
reverse false
base dir name: ['', '4T', 'CXY', 'MV-Painter', 'data', 'train_data']
alpha count: 210007 224581
reverse false
[280/500] loss=0.0241 (ema 0.0837) lr=1.50e-05 grad=0.597 | fsc_modules=2.0e-02 gsg_modules=4.5e-01 ltag=7.2e-05 | 0.9s
base dir name: ['', '4T', 'CXY', 'MV-Painter', 'data', 'train_data']
alpha count: 226077 239799
reverse false
base dir name: ['', '4T', 'CXY', 'MV-Painter', 'data', 'train_data']
alpha count: 237996 230486
reverse true
base dir name: ['', '4T', 'CXY', 'MV-Painter', 'data', 'train_data']
alpha count: 214601 215547
reverse false
base dir name: ['', '4T', 'CXY', 'MV-Painter', 'data', 'train_data']
alpha count: 227726 231318
reverse false
base dir name: ['', '4T', 'CXY', 'MV-Painter', 'data', 'train_data']
alpha count: 204111 197992
reverse true
base dir name: ['', '4T', 'CXY', 'MV-Painter', 'data', 'train_data']
alpha count: 187457 195329
reverse false
base dir name: ['', '4T', 'CXY', 'MV-Painter', 'data', 'train_data']
alpha count: 257211 245999
reverse true
base dir name: ['', '4T', 'CXY', 'MV-Painter', 'data', 'train_data']
alpha count: 227988 236192
reverse false
base dir name: ['', '4T', 'CXY', 'MV-Painter', 'data', 'train_data']
alpha count: 219386 224679
reverse false
base dir name: ['', '4T', 'CXY', 'MV-Painter', 'data', 'train_data']
alpha count: 242309 220465
reverse true
base dir name: ['', '4T', 'CXY', 'MV-Painter', 'data', 'train_data']
alpha count: 210214 216902
reverse false
base dir name: ['', '4T', 'CXY', 'MV-Painter', 'data', 'train_data']
alpha count: 217499 227069
reverse false
base dir name: ['', '4T', 'CXY', 'MV-Painter', 'data', 'train_data']
alpha count: 208557 202463
reverse true
base dir name: ['', '4T', 'CXY', 'MV-Painter', 'data', 'train_data']
alpha count: 221956 159995
reverse true
base dir name: ['', '4T', 'CXY', 'MV-Painter', 'data', 'train_data']
alpha count: 239771 246886
reverse false
base dir name: ['', '4T', 'CXY', 'MV-Painter', 'data', 'train_data']
alpha count: 232772 227176
reverse true
base dir name: ['', '4T', 'CXY', 'MV-Painter', 'data', 'train_data']
alpha count: 216233 214169
reverse true
base dir name: ['', '4T', 'CXY', 'MV-Painter', 'data', 'train_data']
alpha count: 257015 227225
reverse true
base dir name: ['', '4T', 'CXY', 'MV-Painter', 'data', 'train_data']
alpha count: 210759 209608
reverse true
base dir name: ['', '4T', 'CXY', 'MV-Painter', 'data', 'train_data']
alpha count: 230271 236658
reverse false
[300/500] loss=0.1180 (ema 0.0842) lr=1.31e-05 grad=0.074 | fsc_modules=2.9e-03 gsg_modules=5.5e-02 ltag=7.2e-05 | 1.2s
base dir name: ['', '4T', 'CXY', 'MV-Painter', 'data', 'train_data']
alpha count: 232781 249788
reverse false
base dir name: ['', '4T', 'CXY', 'MV-Painter', 'data', 'train_data']
alpha count: 192728 205720
reverse false
base dir name: ['', '4T', 'CXY', 'MV-Painter', 'data', 'train_data']
alpha count: 235600 248808
reverse false
base dir name: ['', '4T', 'CXY', 'MV-Painter', 'data', 'train_data']
alpha count: 237834 229242
reverse true
base dir name: ['', '4T', 'CXY', 'MV-Painter', 'data', 'train_data']
alpha count: 225743 236065
reverse false
base dir name: ['', '4T', 'CXY', 'MV-Painter', 'data', 'train_data']
alpha count: 223703 199732
reverse true
base dir name: ['', '4T', 'CXY', 'MV-Painter', 'data', 'train_data']
alpha count: 238609 244225
reverse false
base dir name: ['', '4T', 'CXY', 'MV-Painter', 'data', 'train_data']
alpha count: 212201 216212
reverse false
base dir name: ['', '4T', 'CXY', 'MV-Painter', 'data', 'train_data']
alpha count: 229055 208719
reverse true
base dir name: ['', '4T', 'CXY', 'MV-Painter', 'data', 'train_data']
alpha count: 258648 250259
reverse true
base dir name: ['', '4T', 'CXY', 'MV-Painter', 'data', 'train_data']
alpha count: 245800 249365
reverse false
base dir name: ['', '4T', 'CXY', 'MV-Painter', 'data', 'train_data']
alpha count: 248418 215353
reverse true
base dir name: ['', '4T', 'CXY', 'MV-Painter', 'data', 'train_data']
alpha count: 214158 210671
reverse true
base dir name: ['', '4T', 'CXY', 'MV-Painter', 'data', 'train_data']
alpha count: 215143 209314
reverse true
base dir name: ['', '4T', 'CXY', 'MV-Painter', 'data', 'train_data']
alpha count: 245053 246912
reverse false
base dir name: ['', '4T', 'CXY', 'MV-Painter', 'data', 'train_data']
alpha count: 257798 238490
reverse true
base dir name: ['', '4T', 'CXY', 'MV-Painter', 'data', 'train_data']
alpha count: 225730 217484
reverse true
base dir name: ['', '4T', 'CXY', 'MV-Painter', 'data', 'train_data']
alpha count: 226263 222409
reverse true
base dir name: ['', '4T', 'CXY', 'MV-Painter', 'data', 'train_data']
alpha count: 240474 225422
reverse true
base dir name: ['', '4T', 'CXY', 'MV-Painter', 'data', 'train_data']
alpha count: 247723 256827
reverse false
[320/500] loss=0.0429 (ema 0.0855) lr=1.12e-05 grad=0.542 | fsc_modules=1.6e-02 gsg_modules=4.8e-01 ltag=7.2e-05 | 1.0s
base dir name: ['', '4T', 'CXY', 'MV-Painter', 'data', 'train_data']
alpha count: 259333 254226
reverse true
base dir name: ['', '4T', 'CXY', 'MV-Painter', 'data', 'train_data']
alpha count: 236360 214337
reverse true
base dir name: ['', '4T', 'CXY', 'MV-Painter', 'data', 'train_data']
alpha count: 193706 195497
reverse false
base dir name: ['', '4T', 'CXY', 'MV-Painter', 'data', 'train_data']
alpha count: 250607 250806
reverse false
base dir name: ['', '4T', 'CXY', 'MV-Painter', 'data', 'train_data']
alpha count: 223917 231394
reverse false
base dir name: ['', '4T', 'CXY', 'MV-Painter', 'data', 'train_data']
alpha count: 235917 237441
reverse false
base dir name: ['', '4T', 'CXY', 'MV-Painter', 'data', 'train_data']
alpha count: 254599 236143
reverse true
base dir name: ['', '4T', 'CXY', 'MV-Painter', 'data', 'train_data']
alpha count: 238856 249838
reverse false
base dir name: ['', '4T', 'CXY', 'MV-Painter', 'data', 'train_data']
alpha count: 244550 254954
reverse false
base dir name: ['', '4T', 'CXY', 'MV-Painter', 'data', 'train_data']
alpha count: 252149 241777
reverse true
base dir name: ['', '4T', 'CXY', 'MV-Painter', 'data', 'train_data']
alpha count: 221617 231625
reverse false
base dir name: ['', '4T', 'CXY', 'MV-Painter', 'data', 'train_data']
alpha count: 245094 225302
reverse true
base dir name: ['', '4T', 'CXY', 'MV-Painter', 'data', 'train_data']
alpha count:libpng warning: eXIf: duplicate
libpng warning: eXIf: duplicate
libpng warning: eXIf: duplicate
libpng warning: eXIf: duplicate
libpng warning: eXIf: duplicate
libpng warning: eXIf: duplicate
libpng warning: eXIf: duplicate
libpng warning: eXIf: duplicate
libpng warning: eXIf: duplicate
libpng warning: eXIf: duplicate
libpng warning: eXIf: duplicate
libpng warning: eXIf: duplicate
libpng warning: eXIf: duplicate
libpng warning: eXIf: duplicate
libpng warning: eXIf: duplicate
libpng warning: eXIf: duplicate
libpng warning: eXIf: duplicate
libpng warning: eXIf: duplicate
libpng warning: eXIf: duplicate
libpng warning: eXIf: duplicate
libpng warning: eXIf: duplicate
libpng warning: eXIf: duplicate
libpng warning: eXIf: duplicate
libpng warning: eXIf: duplicate
libpng warning: eXIf: duplicate
libpng warning: eXIf: duplicate
libpng warning: eXIf: duplicate
libpng warning: eXIf: duplicate
libpng warning: eXIf: duplicate
libpng warning: eXIf: duplicate
libpng warning: eXIf: duplicate
libpng warning: eXIf: duplicate
libpng warning: eXIf: duplicate
libpng warning: eXIf: duplicate
libpng warning: eXIf: duplicate
libpng warning: eXIf: duplicate
libpng warning: eXIf: duplicate
libpng warning: eXIf: duplicate
libpng warning: eXIf: duplicate
libpng warning: eXIf: duplicate
libpng warning: eXIf: duplicate
libpng warning: eXIf: duplicate
libpng warning: eXIf: duplicate
libpng warning: eXIf: duplicate
libpng warning: eXIf: duplicate
libpng warning: eXIf: duplicate
libpng warning: eXIf: duplicate
libpng warning: eXIf: duplicate
libpng warning: eXIf: duplicate
libpng warning: eXIf: duplicate
libpng warning: eXIf: duplicate
libpng warning: eXIf: duplicate
libpng warning: eXIf: duplicate
libpng warning: eXIf: duplicate
libpng warning: eXIf: duplicate
libpng warning: eXIf: duplicate
libpng warning: eXIf: duplicate
libpng warning: eXIf: duplicate
libpng warning: eXIf: duplicate
libpng warning: eXIf: duplicate
libpng warning: eXIf: duplicate
libpng warning: eXIf: duplicate
libpng warning: eXIf: duplicate
libpng warning: eXIf: duplicate
libpng warning: eXIf: duplicate
libpng warning: eXIf: duplicate
libpng warning: eXIf: duplicate
libpng warning: eXIf: duplicate
libpng warning: eXIf: duplicate
libpng warning: eXIf: duplicate
libpng warning: eXIf: duplicate
libpng warning: eXIf: duplicate
libpng warning: eXIf: duplicate
libpng warning: eXIf: duplicate
libpng warning: eXIf: duplicate
libpng warning: eXIf: duplicate
libpng warning: eXIf: duplicate
libpng warning: eXIf: duplicate
libpng warning: eXIf: duplicate
libpng warning: eXIf: duplicate
libpng warning: eXIf: duplicate
libpng warning: eXIf: duplicate
libpng warning: eXIf: duplicate
libpng warning: eXIf: duplicate
libpng warning: eXIf: duplicate
libpng warning: eXIf: duplicate
libpng warning: eXIf: duplicate
libpng warning: eXIf: duplicate
libpng warning: eXIf: duplicate
libpng warning: eXIf: duplicate
libpng warning: eXIf: duplicate
libpng warning: eXIf: duplicate
libpng warning: eXIf: duplicate
libpng warning: eXIf: duplicate
libpng warning: eXIf: duplicate
libpng warning: eXIf: duplicate
libpng warning: eXIf: duplicate
libpng warning: eXIf: duplicate
libpng warning: eXIf: duplicate
libpng warning: eXIf: duplicate
libpng warning: eXIf: duplicate
libpng warning: eXIf: duplicate
libpng warning: eXIf: duplicate
libpng warning: eXIf: duplicate
libpng warning: eXIf: duplicate
libpng warning: eXIf: duplicate
libpng warning: eXIf: duplicate
libpng warning: eXIf: duplicate
libpng warning: eXIf: duplicate
libpng warning: eXIf: duplicate
libpng warning: eXIf: duplicate
libpng warning: eXIf: duplicate
libpng warning: eXIf: duplicate
libpng warning: eXIf: duplicate
libpng warning: eXIf: duplicate
libpng warning: eXIf: duplicate
libpng warning: eXIf: duplicate
libpng warning: eXIf: duplicate
libpng warning: eXIf: duplicate
libpng warning: eXIf: duplicate
libpng warning: eXIf: duplicate
libpng warning: eXIf: duplicate
libpng warning: eXIf: duplicate
libpng warning: eXIf: duplicate
libpng warning: eXIf: duplicate
libpng warning: eXIf: duplicate
libpng warning: eXIf: duplicate
libpng warning: eXIf: duplicate
libpng warning: eXIf: duplicate
libpng warning: eXIf: duplicate
libpng warning: eXIf: duplicate
libpng warning: eXIf: duplicate
libpng warning: eXIf: duplicate
libpng warning: eXIf: duplicate
libpng warning: eXIf: duplicate
libpng warning: eXIf: duplicate
libpng warning: eXIf: duplicate
libpng warning: eXIf: duplicate
libpng warning: eXIf: duplicate
libpng warning: eXIf: duplicate
libpng warning: eXIf: duplicate
libpng warning: eXIf: duplicate
libpng warning: eXIf: duplicate
libpng warning: eXIf: duplicate
libpng warning: eXIf: duplicate
libpng warning: eXIf: duplicate
libpng warning: eXIf: duplicate
libpng warning: eXIf: duplicate
libpng warning: eXIf: duplicate
libpng warning: eXIf: duplicate
libpng warning: eXIf: duplicate
libpng warning: eXIf: duplicate
libpng warning: eXIf: duplicate
libpng warning: eXIf: duplicate
libpng warning: eXIf: duplicate
libpng warning: eXIf: duplicate
libpng warning: eXIf: duplicate
libpng warning: eXIf: duplicate
libpng warning: eXIf: duplicate
libpng warning: eXIf: duplicate
libpng warning: eXIf: duplicate
libpng warning: eXIf: duplicate
libpng warning: eXIf: duplicate
libpng warning: eXIf: duplicate
libpng warning: eXIf: duplicate
libpng warning: eXIf: duplicate
libpng warning: eXIf: duplicate
libpng warning: eXIf: duplicate
libpng warning: eXIf: duplicate
libpng warning: eXIf: duplicate
libpng warning: eXIf: duplicate
libpng warning: eXIf: duplicate
libpng warning: eXIf: duplicate
libpng warning: eXIf: duplicate
libpng warning: eXIf: duplicate
libpng warning: eXIf: duplicate
libpng warning: eXIf: duplicate
libpng warning: eXIf: duplicate
libpng warning: eXIf: duplicate
libpng warning: eXIf: duplicate
libpng warning: eXIf: duplicate
libpng warning: eXIf: duplicate
libpng warning: eXIf: duplicate
libpng warning: eXIf: duplicate
libpng warning: eXIf: duplicate
libpng warning: eXIf: duplicate
libpng warning: eXIf: duplicate
libpng warning: eXIf: duplicate
libpng warning: eXIf: duplicate
libpng warning: eXIf: duplicate
libpng warning: eXIf: duplicate
libpng warning: eXIf: duplicate
libpng warning: eXIf: duplicate
libpng warning: eXIf: duplicate
libpng warning: eXIf: duplicate
libpng warning: eXIf: duplicate
libpng warning: eXIf: duplicate
libpng warning: eXIf: duplicate
libpng warning: eXIf: duplicate
libpng warning: eXIf: duplicate
libpng warning: eXIf: duplicate
libpng warning: eXIf: duplicate
libpng warning: eXIf: duplicate
libpng warning: eXIf: duplicate
libpng warning: eXIf: duplicate
libpng warning: eXIf: duplicate
libpng warning: eXIf: duplicate
libpng warning: eXIf: duplicate
libpng warning: eXIf: duplicate
libpng warning: eXIf: duplicate
libpng warning: eXIf: duplicate
libpng warning: eXIf: duplicate
libpng warning: eXIf: duplicate
libpng warning: eXIf: duplicate
libpng warning: eXIf: duplicate
libpng warning: eXIf: duplicate
libpng warning: eXIf: duplicate
libpng warning: eXIf: duplicate
libpng warning: eXIf: duplicate
libpng warning: eXIf: duplicate
libpng warning: eXIf: duplicate
libpng warning: eXIf: duplicate
libpng warning: eXIf: duplicate
libpng warning: eXIf: duplicate
libpng warning: eXIf: duplicate
libpng warning: eXIf: duplicate
libpng warning: eXIf: duplicate
libpng warning: eXIf: duplicate
libpng warning: eXIf: duplicate
libpng warning: eXIf: duplicate
libpng warning: eXIf: duplicate
libpng warning: eXIf: duplicate
libpng warning: eXIf: duplicate
libpng warning: eXIf: duplicate
libpng warning: eXIf: duplicate
libpng warning: eXIf: duplicate
libpng warning: eXIf: duplicate
libpng warning: eXIf: duplicate
libpng warning: eXIf: duplicate
libpng warning: eXIf: duplicate
libpng warning: eXIf: duplicate
libpng warning: eXIf: duplicate
libpng warning: eXIf: duplicate
libpng warning: eXIf: duplicate
libpng warning: eXIf: duplicate
libpng warning: eXIf: duplicate
libpng warning: eXIf: duplicate
libpng warning: eXIf: duplicate
libpng warning: eXIf: duplicate
libpng warning: eXIf: duplicate
libpng warning: eXIf: duplicate
libpng warning: eXIf: duplicate
libpng warning: eXIf: duplicate
libpng warning: eXIf: duplicate
libpng warning: eXIf: duplicate
libpng warning: eXIf: duplicate
libpng warning: eXIf: duplicate
libpng warning: eXIf: duplicate
libpng warning: eXIf: duplicate
libpng warning: eXIf: duplicate
libpng warning: eXIf: duplicate
libpng warning: eXIf: duplicate
libpng warning: eXIf: duplicate
libpng warning: eXIf: duplicate
libpng warning: eXIf: duplicate
libpng warning: eXIf: duplicate
libpng warning: eXIf: duplicate
libpng warning: eXIf: duplicate
libpng warning: eXIf: duplicate
libpng warning: eXIf: duplicate
libpng warning: eXIf: duplicate
libpng warning: eXIf: duplicate
libpng warning: eXIf: duplicate
libpng warning: eXIf: duplicate
libpng warning: eXIf: duplicate
libpng warning: eXIf: duplicate
libpng warning: eXIf: duplicate
libpng warning: eXIf: duplicate
libpng warning: eXIf: duplicate
libpng warning: eXIf: duplicate
libpng warning: eXIf: duplicate
libpng warning: eXIf: duplicate
libpng warning: eXIf: duplicate
libpng warning: eXIf: duplicate
libpng warning: eXIf: duplicate
libpng warning: eXIf: duplicate
libpng warning: eXIf: duplicate
libpng warning: eXIf: duplicate
libpng warning: eXIf: duplicate
libpng warning: eXIf: duplicate
libpng warning: eXIf: duplicate
libpng warning: eXIf: duplicate
libpng warning: eXIf: duplicate
libpng warning: eXIf: duplicate
libpng warning: eXIf: duplicate
libpng warning: eXIf: duplicate
libpng warning: eXIf: duplicate
libpng warning: eXIf: duplicate
libpng warning: eXIf: duplicate
libpng warning: eXIf: duplicate
libpng warning: eXIf: duplicate
libpng warning: eXIf: duplicate
libpng warning: eXIf: duplicate
libpng warning: eXIf: duplicate
libpng warning: eXIf: duplicate
libpng warning: eXIf: duplicate
libpng warning: eXIf: duplicate
libpng warning: eXIf: duplicate
libpng warning: eXIf: duplicate
libpng warning: eXIf: duplicate
libpng warning: eXIf: duplicate
libpng warning: eXIf: duplicate
libpng warning: eXIf: duplicate
libpng warning: eXIf: duplicate
libpng warning: eXIf: duplicate
libpng warning: eXIf: duplicate
libpng warning: eXIf: duplicate
libpng warning: eXIf: duplicate
libpng warning: eXIf: duplicate
libpng warning: eXIf: duplicate
libpng warning: eXIf: duplicate
libpng warning: eXIf: duplicate
libpng warning: eXIf: duplicate
libpng warning: eXIf: duplicate
libpng warning: eXIf: duplicate
libpng warning: eXIf: duplicate
libpng warning: eXIf: duplicate
libpng warning: eXIf: duplicate
libpng warning: eXIf: duplicate
libpng warning: eXIf: duplicate
libpng warning: eXIf: duplicate
libpng warning: eXIf: duplicate
libpng warning: eXIf: duplicate
libpng warning: eXIf: duplicate
libpng warning: eXIf: duplicate
libpng warning: eXIf: duplicate
libpng warning: eXIf: duplicate
libpng warning: eXIf: duplicate
libpng warning: eXIf: duplicate
libpng warning: eXIf: duplicate
libpng warning: eXIf: duplicate
libpng warning: eXIf: duplicate
libpng warning: eXIf: duplicate
libpng warning: eXIf: duplicate
libpng warning: eXIf: duplicate
libpng warning: eXIf: duplicate
libpng warning: eXIf: duplicate
libpng warning: eXIf: duplicate
libpng warning: eXIf: duplicate
libpng warning: eXIf: duplicate
libpng warning: eXIf: duplicate
libpng warning: eXIf: duplicate
libpng warning: eXIf: duplicate
libpng warning: eXIf: duplicate
libpng warning: eXIf: duplicate
libpng warning: eXIf: duplicate
libpng warning: eXIf: duplicate
libpng warning: eXIf: duplicate
libpng warning: eXIf: duplicate
libpng warning: eXIf: duplicate
libpng warning: eXIf: duplicate
libpng warning: eXIf: duplicate
libpng warning: eXIf: duplicate
libpng warning: eXIf: duplicate
libpng warning: eXIf: duplicate
libpng warning: eXIf: duplicate
libpng warning: eXIf: duplicate
libpng warning: eXIf: duplicate
libpng warning: eXIf: duplicate
libpng warning: eXIf: duplicate
libpng warning: eXIf: duplicate
libpng warning: eXIf: duplicate
libpng warning: eXIf: duplicate
libpng warning: eXIf: duplicate
libpng warning: eXIf: duplicate
libpng warning: eXIf: duplicate
libpng warning: eXIf: duplicate
libpng warning: eXIf: duplicate
libpng warning: eXIf: duplicate
libpng warning: eXIf: duplicate
libpng warning: eXIf: duplicate
libpng warning: eXIf: duplicate
libpng warning: eXIf: duplicate
libpng warning: eXIf: duplicate
libpng warning: eXIf: duplicate
libpng warning: eXIf: duplicate
libpng warning: eXIf: duplicate
libpng warning: eXIf: duplicate
libpng warning: eXIf: duplicate
libpng warning: eXIf: duplicate
libpng warning: eXIf: duplicate
libpng warning: eXIf: duplicate
libpng warning: eXIf: duplicate
libpng warning: eXIf: duplicate
libpng warning: eXIf: duplicate
libpng warning: eXIf: duplicate
libpng warning: eXIf: duplicate
libpng warning: eXIf: duplicate
libpng warning: eXIf: duplicate
libpng warning: eXIf: duplicate
libpng warning: eXIf: duplicate
libpng warning: eXIf: duplicate
libpng warning: eXIf: duplicate
libpng warning: eXIf: duplicate
libpng warning: eXIf: duplicate
libpng warning: eXIf: duplicate
libpng warning: eXIf: duplicate
libpng warning: eXIf: duplicate
libpng warning: eXIf: duplicate
libpng warning: eXIf: duplicate
libpng warning: eXIf: duplicate
libpng warning: eXIf: duplicate
libpng warning: eXIf: duplicate
libpng warning: eXIf: duplicate
libpng warning: eXIf: duplicate
libpng warning: eXIf: duplicate
libpng warning: eXIf: duplicate
libpng warning: eXIf: duplicate
libpng warning: eXIf: duplicate
libpng warning: eXIf: duplicate
libpng warning: eXIf: duplicate
libpng warning: eXIf: duplicate
libpng warning: eXIf: duplicate
libpng warning: eXIf: duplicate
libpng warning: eXIf: duplicate
libpng warning: eXIf: duplicate
libpng warning: eXIf: duplicate
libpng warning: eXIf: duplicate
libpng warning: eXIf: duplicate
libpng warning: eXIf: duplicate
libpng warning: eXIf: duplicate
libpng warning: eXIf: duplicate
libpng warning: eXIf: duplicate
libpng warning: eXIf: duplicate
libpng warning: eXIf: duplicate
libpng warning: eXIf: duplicate
libpng warning: eXIf: duplicate
libpng warning: eXIf: duplicate
libpng warning: eXIf: duplicate
libpng warning: eXIf: duplicate
libpng warning: eXIf: duplicate
libpng warning: eXIf: duplicate
libpng warning: eXIf: duplicate
libpng warning: eXIf: duplicate
libpng warning: eXIf: duplicate
libpng warning: eXIf: duplicate
libpng warning: eXIf: duplicate
libpng warning: eXIf: duplicate
libpng warning: eXIf: duplicate
libpng warning: eXIf: duplicate
libpng warning: eXIf: duplicate
libpng warning: eXIf: duplicate
libpng warning: eXIf: duplicate
libpng warning: eXIf: duplicate
libpng warning: eXIf: duplicate
libpng warning: eXIf: duplicate
libpng warning: eXIf: duplicate
libpng warning: eXIf: duplicate
libpng warning: eXIf: duplicate
libpng warning: eXIf: duplicate
libpng warning: eXIf: duplicate
libpng warning: eXIf: duplicate
libpng warning: eXIf: duplicate
libpng warning: eXIf: duplicate
libpng warning: eXIf: duplicate
libpng warning: eXIf: duplicate
libpng warning: eXIf: duplicate
libpng warning: eXIf: duplicate
libpng warning: eXIf: duplicate
libpng warning: eXIf: duplicate
libpng warning: eXIf: duplicate
libpng warning: eXIf: duplicate
libpng warning: eXIf: duplicate
libpng warning: eXIf: duplicate
libpng warning: eXIf: duplicate
libpng warning: eXIf: duplicate
libpng warning: eXIf: duplicate
libpng warning: eXIf: duplicate
libpng warning: eXIf: duplicate
libpng warning: eXIf: duplicate
libpng warning: eXIf: duplicate
libpng warning: eXIf: duplicate
libpng warning: eXIf: duplicate
libpng warning: eXIf: duplicate
libpng warning: eXIf: duplicate
libpng warning: eXIf: duplicate
libpng warning: eXIf: duplicate
libpng warning: eXIf: duplicate
libpng warning: eXIf: duplicate
libpng warning: eXIf: duplicate
libpng warning: eXIf: duplicate
libpng warning: eXIf: duplicate
libpng warning: eXIf: duplicate
libpng warning: eXIf: duplicate
libpng warning: eXIf: duplicate
libpng warning: eXIf: duplicate
libpng warning: eXIf: duplicate
libpng warning: eXIf: duplicate
libpng warning: eXIf: duplicate
libpng warning: eXIf: duplicate
libpng warning: eXIf: duplicate
libpng warning: eXIf: duplicate
libpng warning: eXIf: duplicate
libpng warning: eXIf: duplicate
libpng warning: eXIf: duplicate
libpng warning: eXIf: duplicate
libpng warning: eXIf: duplicate
libpng warning: eXIf: duplicate
libpng warning: eXIf: duplicate
libpng warning: eXIf: duplicate
libpng warning: eXIf: duplicate
libpng warning: eXIf: duplicate
libpng warning: eXIf: duplicate
libpng warning: eXIf: duplicate
libpng warning: eXIf: duplicate
libpng warning: eXIf: duplicate
libpng warning: eXIf: duplicate
libpng warning: eXIf: duplicate
libpng warning: eXIf: duplicate
libpng warning: eXIf: duplicate
libpng warning: eXIf: duplicate
libpng warning: eXIf: duplicate
libpng warning: eXIf: duplicate
libpng warning: eXIf: duplicate
libpng warning: eXIf: duplicate
libpng warning: eXIf: duplicate
libpng warning: eXIf: duplicate
libpng warning: eXIf: duplicate
libpng warning: eXIf: duplicate
libpng warning: eXIf: duplicate
libpng warning: eXIf: duplicate
libpng warning: eXIf: duplicate
libpng warning: eXIf: duplicate
libpng warning: eXIf: duplicate
libpng warning: eXIf: duplicate
libpng warning: eXIf: duplicate
libpng warning: eXIf: duplicate
libpng warning: eXIf: duplicate
libpng warning: eXIf: duplicate
libpng warning: eXIf: duplicate
libpng warning: eXIf: duplicate
libpng warning: eXIf: duplicate
libpng warning: eXIf: duplicate
libpng warning: eXIf: duplicate
libpng warning: eXIf: duplicate
libpng warning: eXIf: duplicate
libpng warning: eXIf: duplicate
libpng warning: eXIf: duplicate
libpng warning: eXIf: duplicate
libpng warning: eXIf: duplicate
libpng warning: eXIf: duplicate
libpng warning: eXIf: duplicate
libpng warning: eXIf: duplicate
libpng warning: eXIf: duplicate
libpng warning: eXIf: duplicate
libpng warning: eXIf: duplicate
libpng warning: eXIf: duplicate
libpng warning: eXIf: duplicate
libpng warning: eXIf: duplicate
libpng warning: eXIf: duplicate
libpng warning: eXIf: duplicate
libpng warning: eXIf: duplicate
libpng warning: eXIf: duplicate
libpng warning: eXIf: duplicate
libpng warning: eXIf: duplicate
libpng warning: eXIf: duplicate
libpng warning: eXIf: duplicate
 253015 259825
reverse false
base dir name: ['', '4T', 'CXY', 'MV-Painter', 'data', 'train_data']
alpha count: 233821 221309
reverse true
base dir name: ['', '4T', 'CXY', 'MV-Painter', 'data', 'train_data']
alpha count: 250185 216866
reverse true
base dir name: ['', '4T', 'CXY', 'MV-Painter', 'data', 'train_data']
alpha count: 240266 247608
reverse false
base dir name: ['', '4T', 'CXY', 'MV-Painter', 'data', 'train_data']
alpha count: 228852 238815
reverse false
base dir name: ['', '4T', 'CXY', 'MV-Painter', 'data', 'train_data']
alpha count: 261226 261188
reverse true
base dir name: ['', '4T', 'CXY', 'MV-Painter', 'data', 'train_data']
alpha count: 200267 200271
reverse false
base dir name: ['', '4T', 'CXY', 'MV-Painter', 'data', 'train_data']
alpha count: 239486 226392
reverse true
[340/500] loss=0.1047 (ema 0.0895) lr=9.38e-06 grad=0.502 | fsc_modules=1.3e-02 gsg_modules=4.7e-01 ltag=7.2e-05 | 0.9s
base dir name: ['', '4T', 'CXY', 'MV-Painter', 'data', 'train_data']
alpha count: 262144 262144
reverse false
OpenCV(4.13.0) /io/opencv/modules/imgproc/src/resize.cpp:4208: error: (-215:Assertion failed) !ssize.empty() in function 'resize'

wrong path: /4T/CXY/MV-Painter/data/train_data/rendered_full/450e29de3c1541d78943e3265012ee48/image
base dir name: ['', '4T', 'CXY', 'MV-Painter', 'data', 'train_data']
alpha count: 238115 247234
reverse false
base dir name: ['', '4T', 'CXY', 'MV-Painter', 'data', 'train_data']
alpha count: 241217 227927
reverse true
base dir name: ['', '4T', 'CXY', 'MV-Painter', 'data', 'train_data']
alpha count: 231302 241032
reverse false
base dir name: ['', '4T', 'CXY', 'MV-Painter', 'data', 'train_data']
alpha count: 188128 187659
reverse true
base dir name: ['', '4T', 'CXY', 'MV-Painter', 'data', 'train_data']
alpha count: 228040 223577
reverse true
base dir name: ['', '4T', 'CXY', 'MV-Painter', 'data', 'train_data']
alpha count: 247988 243473
reverse true
base dir name: ['', '4T', 'CXY', 'MV-Painter', 'data', 'train_data']
alpha count: 253309 252672
reverse true
base dir name: ['', '4T', 'CXY', 'MV-Painter', 'data', 'train_data']
alpha count: 249093 249921
reverse false
base dir name: ['', '4T', 'CXY', 'MV-Painter', 'data', 'train_data']
alpha count: 241986 222186
reverse true
base dir name: ['', '4T', 'CXY', 'MV-Painter', 'data', 'train_data']
alpha count: 257773 253595
reverse true
base dir name: ['', '4T', 'CXY', 'MV-Painter', 'data', 'train_data']
alpha count: 253319 248308
reverse true
base dir name: ['', '4T', 'CXY', 'MV-Painter', 'data', 'train_data']
alpha count: 201506 223716
reverse false
base dir name: ['', '4T', 'CXY', 'MV-Painter', 'data', 'train_data']
alpha count: 204489 171537
reverse true
base dir name: ['', '4T', 'CXY', 'MV-Painter', 'data', 'train_data']
alpha count: 223599 185439
reverse true
base dir name: ['', '4T', 'CXY', 'MV-Painter', 'data', 'train_data']
alpha count: 227347 250931
reverse false
base dir name: ['', '4T', 'CXY', 'MV-Painter', 'data', 'train_data']
alpha count: 228225 243336
reverse false
base dir name: ['', '4T', 'CXY', 'MV-Painter', 'data', 'train_data']
alpha count: 245896 234966
reverse true
base dir name: ['', '4T', 'CXY', 'MV-Painter', 'data', 'train_data']
alpha count: 244995 235042
reverse true
base dir name: ['', '4T', 'CXY', 'MV-Painter', 'data', 'train_data']
alpha count: 251712 250456
reverse true
base dir name: ['', '4T', 'CXY', 'MV-Painter', 'data', 'train_data']
alpha count: 251016 240577
reverse true
[360/500] loss=0.0209 (ema 0.0876) lr=7.64e-06 grad=0.299 | fsc_modules=1.1e-02 gsg_modules=2.4e-01 ltag=7.2e-05 | 0.9s
base dir name: ['', '4T', 'CXY', 'MV-Painter', 'data', 'train_data']
alpha count: 222766 212468
reverse true
base dir name: ['', '4T', 'CXY', 'MV-Painter', 'data', 'train_data']
alpha count: 256268 238546
reverse true
base dir name: ['', '4T', 'CXY', 'MV-Painter', 'data', 'train_data']
alpha count: 231618 213444
reverse true
base dir name: ['', '4T', 'CXY', 'MV-Painter', 'data', 'train_data']
alpha count: 243763 230201
reverse true
base dir name: ['', '4T', 'CXY', 'MV-Painter', 'data', 'train_data']
alpha count: 261690 261548
reverse true
base dir name: ['', '4T', 'CXY', 'MV-Painter', 'data', 'train_data']
alpha count: 148828 148604
reverse true
base dir name: ['', '4T', 'CXY', 'MV-Painter', 'data', 'train_data']
alpha count: 169919 174450
reverse false
base dir name: ['', '4T', 'CXY', 'MV-Painter', 'data', 'train_data']
alpha count: 221262 221640
reverse false
base dir name: ['', '4T', 'CXY', 'MV-Painter', 'data', 'train_data']
alpha count: 235311 230093
reverse true
base dir name: ['', '4T', 'CXY', 'MV-Painter', 'data', 'train_data']
alpha count: 250237 235733
reverse true
base dir name: ['', '4T', 'CXY', 'MV-Painter', 'data', 'train_data']
alpha count: 190038 191296
reverse false
base dir name: ['', '4T', 'CXY', 'MV-Painter', 'data', 'train_data']
alpha count: 228045 241690
reverse false
base dir name: ['', '4T', 'CXY', 'MV-Painter', 'data', 'train_data']
alpha count: 249844 213675
reverse true
base dir name: ['', '4T', 'CXY', 'MV-Painter', 'data', 'train_data']
alpha count: 219979 188880
reverse true
base dir name: ['', '4T', 'CXY', 'MV-Painter', 'data', 'train_data']
alpha count: 221349 219151
reverse true
base dir name: ['', '4T', 'CXY', 'MV-Painter', 'data', 'train_data']
alpha count: 226584 200273
reverse true
base dir name: ['', '4T', 'CXY', 'MV-Painter', 'data', 'train_data']
alpha count: 261456 262144
reverse false
base dir name: ['', '4T', 'CXY', 'MV-Painter', 'data', 'train_data']
alpha count: 252323 241087
reverse true
base dir name: ['', '4T', 'CXY', 'MV-Painter', 'data', 'train_data']
alpha count: 255659 251242
reverse true
base dir name: ['', '4T', 'CXY', 'MV-Painter', 'data', 'train_data']
alpha count: 202206 207591
reverse false
[380/500] loss=0.0761 (ema 0.0915) lr=6.02e-06 grad=0.604 | fsc_modules=1.4e-02 gsg_modules=5.7e-01 ltag=7.2e-05 | 1.0s
base dir name: ['', '4T', 'CXY', 'MV-Painter', 'data', 'train_data']
alpha count: 262144 262144
reverse false
OpenCV(4.13.0) /io/opencv/modules/imgproc/src/resize.cpp:4208: error: (-215:Assertion failed) !ssize.empty() in function 'resize'

wrong path: /4T/CXY/MV-Painter/data/train_data/rendered_full/4bcfb9852593406e88abbbe9d62b0498/image
base dir name: ['', '4T', 'CXY', 'MV-Painter', 'data', 'train_data']
alpha count: 214991 216322
reverse false
base dir name: ['', '4T', 'CXY', 'MV-Painter', 'data', 'train_data']
alpha count: 244954 232184
reverse true
base dir name: ['', '4T', 'CXY', 'MV-Painter', 'data', 'train_data']
alpha count: 245991 254876
reverse false
base dir name: ['', '4T', 'CXY', 'MV-Painter', 'data', 'train_data']
alpha count: 258492 250091
reverse true
base dir name: ['', '4T', 'CXY', 'MV-Painter', 'data', 'train_data']
alpha count: 190432 228157
reverse false
base dir name: ['', '4T', 'CXY', 'MV-Painter', 'data', 'train_data']
alpha count: 156808 156400
reverse true
base dir name: ['', '4T', 'CXY', 'MV-Painter', 'data', 'train_data']
alpha count: 169563 168165
reverse true
base dir name: ['', '4T', 'CXY', 'MV-Painter', 'data', 'train_data']
alpha count: 212304 213321
reverse false
base dir name: ['', '4T', 'CXY', 'MV-Painter', 'data', 'train_data']
alpha count: 221746 230556
reverse false
base dir name: ['', '4T', 'CXY', 'MV-Painter', 'data', 'train_data']
alpha count: 186547 187246
reverse false
base dir name: ['', '4T', 'CXY', 'MV-Painter', 'data', 'train_data']
alpha count: 225079 214223
reverse true
base dir name: ['', '4T', 'CXY', 'MV-Painter', 'data', 'train_data']
alpha count: 227517 216325
reverse true
base dir name: ['', '4T', 'CXY', 'MV-Painter', 'data', 'train_data']
alpha count: 212435 215665
reverse false
base dir name: ['', '4T', 'CXY', 'MV-Painter', 'data', 'train_data']
alpha count: 229121 242784
reverse false
base dir name: ['', '4T', 'CXY', 'MV-Painter', 'data', 'train_data']
alpha count: 262144 262144
reverse false
OpenCV(4.13.0) /io/opencv/modules/imgproc/src/resize.cpp:4208: error: (-215:Assertion failed) !ssize.empty() in function 'resize'

wrong path: /4T/CXY/MV-Painter/data/train_data/rendered_full/4f2651c485754d28884e57039db2f2d9/image
base dir name: ['', '4T', 'CXY', 'MV-Painter', 'data', 'train_data']
alpha count: 246418 236614
reverse truelibpng warning: eXIf: duplicate
libpng warning: eXIf: duplicate
libpng warning: eXIf: duplicate
libpng warning: eXIf: duplicate
libpng warning: eXIf: duplicate
libpng warning: eXIf: duplicate
libpng warning: eXIf: duplicate
libpng warning: eXIf: duplicate
libpng warning: eXIf: duplicate
libpng warning: eXIf: duplicate
libpng warning: eXIf: duplicate
libpng warning: eXIf: duplicate
libpng warning: eXIf: duplicate
libpng warning: eXIf: duplicate
libpng warning: eXIf: duplicate
libpng warning: eXIf: duplicate
libpng warning: eXIf: duplicate
libpng warning: eXIf: duplicate
libpng warning: eXIf: duplicate
libpng warning: eXIf: duplicate
libpng warning: eXIf: duplicate
libpng warning: eXIf: duplicate
libpng warning: eXIf: duplicate
libpng warning: eXIf: duplicate
libpng warning: eXIf: duplicate
libpng warning: eXIf: duplicate
libpng warning: eXIf: duplicate
libpng warning: eXIf: duplicate
libpng warning: eXIf: duplicate
libpng warning: eXIf: duplicate
libpng warning: eXIf: duplicate
libpng warning: eXIf: duplicate
libpng warning: eXIf: duplicate
libpng warning: eXIf: duplicate
libpng warning: eXIf: duplicate
libpng warning: eXIf: duplicate
libpng warning: eXIf: duplicate
libpng warning: eXIf: duplicate
libpng warning: eXIf: duplicate
libpng warning: eXIf: duplicate
libpng warning: eXIf: duplicate
libpng warning: eXIf: duplicate
libpng warning: eXIf: duplicate
libpng warning: eXIf: duplicate
libpng warning: eXIf: duplicate
libpng warning: eXIf: duplicate
libpng warning: eXIf: duplicate
libpng warning: eXIf: duplicate
libpng warning: eXIf: duplicate
libpng warning: eXIf: duplicate
libpng warning: eXIf: duplicate
libpng warning: eXIf: duplicate
libpng warning: eXIf: duplicate
libpng warning: eXIf: duplicate
libpng warning: eXIf: duplicate
libpng warning: eXIf: duplicate
libpng warning: eXIf: duplicate
libpng warning: eXIf: duplicate
libpng warning: eXIf: duplicate
libpng warning: eXIf: duplicate
libpng warning: eXIf: duplicate
libpng warning: eXIf: duplicate
libpng warning: eXIf: duplicate
libpng warning: eXIf: duplicate
libpng warning: eXIf: duplicate
libpng warning: eXIf: duplicate
libpng warning: eXIf: duplicate
libpng warning: eXIf: duplicate
libpng warning: eXIf: duplicate
libpng warning: eXIf: duplicate
libpng warning: eXIf: duplicate
libpng warning: eXIf: duplicate
libpng warning: eXIf: duplicate
libpng warning: eXIf: duplicate
libpng warning: eXIf: duplicate
libpng warning: eXIf: duplicate
libpng warning: eXIf: duplicate
libpng warning: eXIf: duplicate
libpng warning: eXIf: duplicate
libpng warning: eXIf: duplicate
libpng warning: eXIf: duplicate
libpng warning: eXIf: duplicate
libpng warning: eXIf: duplicate
libpng warning: eXIf: duplicate
libpng warning: eXIf: duplicate
libpng warning: eXIf: duplicate
libpng warning: eXIf: duplicate
libpng warning: eXIf: duplicate
libpng warning: eXIf: duplicate
libpng warning: eXIf: duplicate
libpng warning: eXIf: duplicate
libpng warning: eXIf: duplicate
libpng warning: eXIf: duplicate
libpng warning: eXIf: duplicate
libpng warning: eXIf: duplicate
libpng warning: eXIf: duplicate
libpng warning: eXIf: duplicate
libpng warning: eXIf: duplicate
libpng warning: eXIf: duplicate
libpng warning: eXIf: duplicate
libpng warning: eXIf: duplicate
libpng warning: eXIf: duplicate
libpng warning: eXIf: duplicate
libpng warning: eXIf: duplicate
libpng warning: eXIf: duplicate
libpng warning: eXIf: duplicate
libpng warning: eXIf: duplicate
libpng warning: eXIf: duplicate
libpng warning: eXIf: duplicate
libpng warning: eXIf: duplicate
libpng warning: eXIf: duplicate
libpng warning: eXIf: duplicate
libpng warning: eXIf: duplicate
libpng warning: eXIf: duplicate
libpng warning: eXIf: duplicate
libpng warning: eXIf: duplicate
libpng warning: eXIf: duplicate
libpng warning: eXIf: duplicate
libpng warning: eXIf: duplicate
libpng warning: eXIf: duplicate
libpng warning: eXIf: duplicate
libpng warning: eXIf: duplicate
libpng warning: eXIf: duplicate
libpng warning: eXIf: duplicate
libpng warning: eXIf: duplicate
libpng warning: eXIf: duplicate
libpng warning: eXIf: duplicate
libpng warning: eXIf: duplicate
libpng warning: eXIf: duplicate
libpng warning: eXIf: duplicate
libpng warning: eXIf: duplicate
libpng warning: eXIf: duplicate
libpng warning: eXIf: duplicate
libpng warning: eXIf: duplicate
libpng warning: eXIf: duplicate
libpng warning: eXIf: duplicate
libpng warning: eXIf: duplicate
libpng warning: eXIf: duplicate
libpng warning: eXIf: duplicate
libpng warning: eXIf: duplicate
libpng warning: eXIf: duplicate
libpng warning: eXIf: duplicate
libpng warning: eXIf: duplicate
libpng warning: eXIf: duplicate
libpng warning: eXIf: duplicate
libpng warning: eXIf: duplicate
libpng warning: eXIf: duplicate
libpng warning: eXIf: duplicate
libpng warning: eXIf: duplicate
libpng warning: eXIf: duplicate
libpng warning: eXIf: duplicate
libpng warning: eXIf: duplicate
libpng warning: eXIf: duplicate
libpng warning: eXIf: duplicate
libpng warning: eXIf: duplicate
libpng warning: eXIf: duplicate
libpng warning: eXIf: duplicate
libpng warning: eXIf: duplicate
libpng warning: eXIf: duplicate
libpng warning: eXIf: duplicate
libpng warning: eXIf: duplicate
libpng warning: eXIf: duplicate
libpng warning: eXIf: duplicate
libpng warning: eXIf: duplicate
libpng warning: eXIf: duplicate
libpng warning: eXIf: duplicate
libpng warning: eXIf: duplicate
libpng warning: eXIf: duplicate
libpng warning: eXIf: duplicate
libpng warning: eXIf: duplicate
libpng warning: eXIf: duplicate
libpng warning: eXIf: duplicate
libpng warning: eXIf: duplicate
libpng warning: eXIf: duplicate
libpng warning: eXIf: duplicate
libpng warning: eXIf: duplicate
libpng warning: eXIf: duplicate
libpng warning: eXIf: duplicate
libpng warning: eXIf: duplicate
libpng warning: eXIf: duplicate
libpng warning: eXIf: duplicate
libpng warning: eXIf: duplicate
libpng warning: eXIf: duplicate
libpng warning: eXIf: duplicate
libpng warning: eXIf: duplicate
libpng warning: eXIf: duplicate
libpng warning: eXIf: duplicate
libpng warning: eXIf: duplicate
libpng warning: eXIf: duplicate
libpng warning: eXIf: duplicate
libpng warning: eXIf: duplicate
libpng warning: eXIf: duplicate
libpng warning: eXIf: duplicate
libpng warning: eXIf: duplicate
libpng warning: eXIf: duplicate
libpng warning: eXIf: duplicate
libpng warning: eXIf: duplicate
libpng warning: eXIf: duplicate
libpng warning: eXIf: duplicate
libpng warning: eXIf: duplicate
libpng warning: eXIf: duplicate
libpng warning: eXIf: duplicate
libpng warning: eXIf: duplicate
libpng warning: eXIf: duplicate
libpng warning: eXIf: duplicate
libpng warning: eXIf: duplicate
libpng warning: eXIf: duplicate
libpng warning: eXIf: duplicate
libpng warning: eXIf: duplicate
libpng warning: eXIf: duplicate
libpng warning: eXIf: duplicate
libpng warning: eXIf: duplicate
libpng warning: eXIf: duplicate
libpng warning: eXIf: duplicate
libpng warning: eXIf: duplicate
libpng warning: eXIf: duplicate
libpng warning: eXIf: duplicate
libpng warning: eXIf: duplicate
libpng warning: eXIf: duplicate
libpng warning: eXIf: duplicate
libpng warning: eXIf: duplicate
libpng warning: eXIf: duplicate
libpng warning: eXIf: duplicate
libpng warning: eXIf: duplicate
libpng warning: eXIf: duplicate
libpng warning: eXIf: duplicate
libpng warning: eXIf: duplicate
libpng warning: eXIf: duplicate
libpng warning: eXIf: duplicate
libpng warning: eXIf: duplicate
libpng warning: eXIf: duplicate
libpng warning: eXIf: duplicate
libpng warning: eXIf: duplicate
libpng warning: eXIf: duplicate
libpng warning: eXIf: duplicate
libpng warning: eXIf: duplicate
libpng warning: eXIf: duplicate
libpng warning: eXIf: duplicate
libpng warning: eXIf: duplicate
libpng warning: eXIf: duplicate
libpng warning: eXIf: duplicate
libpng warning: eXIf: duplicate
libpng warning: eXIf: duplicate
libpng warning: eXIf: duplicate
libpng warning: eXIf: duplicate
libpng warning: eXIf: duplicate
libpng warning: eXIf: duplicate
libpng warning: eXIf: duplicate
libpng warning: eXIf: duplicate
libpng warning: eXIf: duplicate
libpng warning: eXIf: duplicate
libpng warning: eXIf: duplicate
libpng warning: eXIf: duplicate
libpng warning: eXIf: duplicate
libpng warning: eXIf: duplicate
libpng warning: eXIf: duplicate
libpng warning: eXIf: duplicate
libpng warning: eXIf: duplicate
libpng warning: eXIf: duplicate
libpng warning: eXIf: duplicate
libpng warning: eXIf: duplicate
libpng warning: eXIf: duplicate
libpng warning: eXIf: duplicate
libpng warning: eXIf: duplicate
libpng warning: eXIf: duplicate
libpng warning: eXIf: duplicate
libpng warning: eXIf: duplicate
libpng warning: eXIf: duplicate
libpng warning: eXIf: duplicate
libpng warning: eXIf: duplicate
libpng warning: eXIf: duplicate
libpng warning: eXIf: duplicate
libpng warning: eXIf: duplicate
libpng warning: eXIf: duplicate
libpng warning: eXIf: duplicate
libpng warning: eXIf: duplicate
libpng warning: eXIf: duplicate
libpng warning: eXIf: duplicate
libpng warning: eXIf: duplicate
libpng warning: eXIf: duplicate
libpng warning: eXIf: duplicate
libpng warning: eXIf: duplicate
libpng warning: eXIf: duplicate
libpng warning: eXIf: duplicate
libpng warning: eXIf: duplicate
libpng warning: eXIf: duplicate
libpng warning: eXIf: duplicate
libpng warning: eXIf: duplicate
libpng warning: eXIf: duplicate
libpng warning: eXIf: duplicate
libpng warning: eXIf: duplicate
libpng warning: eXIf: duplicate
libpng warning: eXIf: duplicate
libpng warning: eXIf: duplicate
libpng warning: eXIf: duplicate
libpng warning: eXIf: duplicate
libpng warning: eXIf: duplicate
libpng warning: eXIf: duplicate
libpng warning: eXIf: duplicate
libpng warning: eXIf: duplicate
libpng warning: eXIf: duplicate
libpng warning: eXIf: duplicate
libpng warning: eXIf: duplicate
libpng warning: eXIf: duplicate
libpng warning: eXIf: duplicate
libpng warning: eXIf: duplicate
libpng warning: eXIf: duplicate
libpng warning: eXIf: duplicate
libpng warning: eXIf: duplicate
libpng warning: eXIf: duplicate
libpng warning: eXIf: duplicate
libpng warning: eXIf: duplicate
libpng warning: eXIf: duplicate
libpng warning: eXIf: duplicate
libpng warning: eXIf: duplicate
libpng warning: eXIf: duplicate
libpng warning: eXIf: duplicate
libpng warning: eXIf: duplicate
libpng warning: eXIf: duplicate
libpng warning: eXIf: duplicate
libpng warning: eXIf: duplicate
libpng warning: eXIf: duplicate
libpng warning: eXIf: duplicate
libpng warning: eXIf: duplicate
libpng warning: eXIf: duplicate
libpng warning: eXIf: duplicate
libpng warning: eXIf: duplicate
libpng warning: eXIf: duplicate
libpng warning: eXIf: duplicate
libpng warning: eXIf: duplicate
libpng warning: eXIf: duplicate
libpng warning: eXIf: duplicate
libpng warning: eXIf: duplicate
libpng warning: eXIf: duplicate
libpng warning: eXIf: duplicate
libpng warning: eXIf: duplicate
libpng warning: eXIf: duplicate
libpng warning: eXIf: duplicate
libpng warning: eXIf: duplicate
libpng warning: eXIf: duplicate
libpng warning: eXIf: duplicate
libpng warning: eXIf: duplicate
libpng warning: eXIf: duplicate
libpng warning: eXIf: duplicate
libpng warning: eXIf: duplicate
libpng warning: eXIf: duplicate
libpng warning: eXIf: duplicate
libpng warning: eXIf: duplicate
libpng warning: eXIf: duplicate
libpng warning: eXIf: duplicate
libpng warning: eXIf: duplicate
libpng warning: eXIf: duplicate
libpng warning: eXIf: duplicate
libpng warning: eXIf: duplicate
libpng warning: eXIf: duplicate
libpng warning: eXIf: duplicate
libpng warning: eXIf: duplicate
libpng warning: eXIf: duplicate
libpng warning: eXIf: duplicate
libpng warning: eXIf: duplicate
libpng warning: eXIf: duplicate
libpng warning: eXIf: duplicate
libpng warning: eXIf: duplicate
libpng warning: eXIf: duplicate
libpng warning: eXIf: duplicate
libpng warning: eXIf: duplicate
libpng warning: eXIf: duplicate
libpng warning: eXIf: duplicate
libpng warning: eXIf: duplicate
libpng warning: eXIf: duplicate
libpng warning: eXIf: duplicate
libpng warning: eXIf: duplicate
libpng warning: eXIf: duplicate
libpng warning: eXIf: duplicate
libpng warning: eXIf: duplicate
libpng warning: eXIf: duplicate
libpng warning: eXIf: duplicate
libpng warning: eXIf: duplicate
libpng warning: eXIf: duplicate
libpng warning: eXIf: duplicate
libpng warning: eXIf: duplicate
libpng warning: eXIf: duplicate
libpng warning: eXIf: duplicate
libpng warning: eXIf: duplicate
libpng warning: eXIf: duplicate
libpng warning: eXIf: duplicate
libpng warning: eXIf: duplicate
libpng warning: eXIf: duplicate
libpng warning: eXIf: duplicate
libpng warning: eXIf: duplicate
libpng warning: eXIf: duplicate
libpng warning: eXIf: duplicate
libpng warning: eXIf: duplicate
libpng warning: eXIf: duplicate
libpng warning: eXIf: duplicate
libpng warning: eXIf: duplicate
libpng warning: eXIf: duplicate
libpng warning: eXIf: duplicate
libpng warning: eXIf: duplicate
libpng warning: eXIf: duplicate
libpng warning: eXIf: duplicate
libpng warning: eXIf: duplicate
libpng warning: eXIf: duplicate
libpng warning: eXIf: duplicate
libpng warning: eXIf: duplicate
libpng warning: eXIf: duplicate
libpng warning: eXIf: duplicate
libpng warning: eXIf: duplicate
libpng warning: eXIf: duplicate
libpng warning: eXIf: duplicate
libpng warning: eXIf: duplicate
libpng warning: eXIf: duplicate
libpng warning: eXIf: duplicate
libpng warning: eXIf: duplicate
libpng warning: eXIf: duplicate
libpng warning: eXIf: duplicate
libpng warning: eXIf: duplicate
libpng warning: eXIf: duplicate
libpng warning: eXIf: duplicate
libpng warning: eXIf: duplicate
libpng warning: eXIf: duplicate
libpng warning: eXIf: duplicate
libpng warning: eXIf: duplicate
libpng warning: eXIf: duplicate
libpng warning: eXIf: duplicate
libpng warning: eXIf: duplicate
libpng warning: eXIf: duplicate
libpng warning: eXIf: duplicate
libpng warning: eXIf: duplicate
libpng warning: eXIf: duplicate
libpng warning: eXIf: duplicate
libpng warning: eXIf: duplicate
libpng warning: eXIf: duplicate
libpng warning: eXIf: duplicate
libpng warning: eXIf: duplicate
libpng warning: eXIf: duplicate
libpng warning: eXIf: duplicate
libpng warning: eXIf: duplicate
libpng warning: eXIf: duplicate
libpng warning: eXIf: duplicate
libpng warning: eXIf: duplicate
libpng warning: eXIf: duplicate
libpng warning: eXIf: duplicate
libpng warning: eXIf: duplicate
libpng warning: eXIf: duplicate
libpng warning: eXIf: duplicate
libpng warning: eXIf: duplicate
libpng warning: eXIf: duplicate
libpng warning: eXIf: duplicate
libpng warning: eXIf: duplicate
libpng warning: eXIf: duplicate
libpng warning: eXIf: duplicate
libpng warning: eXIf: duplicate
libpng warning: eXIf: duplicate
libpng warning: eXIf: duplicate
libpng warning: eXIf: duplicate
libpng warning: eXIf: duplicate
libpng warning: eXIf: duplicate
libpng warning: eXIf: duplicate
libpng warning: eXIf: duplicate
libpng warning: eXIf: duplicate
libpng warning: eXIf: duplicate
libpng warning: eXIf: duplicate
libpng warning: eXIf: duplicate
libpng warning: eXIf: duplicate
libpng warning: eXIf: duplicate
libpng warning: eXIf: duplicate
libpng warning: eXIf: duplicate
libpng warning: eXIf: duplicate
libpng warning: eXIf: duplicate
libpng warning: eXIf: duplicate
libpng warning: eXIf: duplicate
libpng warning: eXIf: duplicate
libpng warning: eXIf: duplicate
libpng warning: eXIf: duplicate
libpng warning: eXIf: duplicate
libpng warning: eXIf: duplicate
libpng warning: eXIf: duplicate
libpng warning: eXIf: duplicate
libpng warning: eXIf: duplicate
libpng warning: eXIf: duplicate
libpng warning: eXIf: duplicate
libpng warning: eXIf: duplicate
libpng warning: eXIf: duplicate
libpng warning: eXIf: duplicate
libpng warning: eXIf: duplicate
libpng warning: eXIf: duplicate
libpng warning: eXIf: duplicate
libpng warning: eXIf: duplicate
libpng warning: eXIf: duplicate
libpng warning: eXIf: duplicate
libpng warning: eXIf: duplicate
libpng warning: eXIf: duplicate
libpng warning: eXIf: duplicate
libpng warning: eXIf: duplicate
libpng warning: eXIf: duplicate
libpng warning: eXIf: duplicate
libpng warning: eXIf: duplicate
libpng warning: eXIf: duplicate
libpng warning: eXIf: duplicate
libpng warning: eXIf: duplicate
libpng warning: eXIf: duplicate
libpng warning: eXIf: duplicate
libpng warning: eXIf: duplicate
libpng warning: eXIf: duplicate
libpng warning: eXIf: duplicate
libpng warning: eXIf: duplicate
libpng warning: eXIf: duplicate
libpng warning: eXIf: duplicate
libpng warning: eXIf: duplicate
libpng warning: eXIf: duplicate
libpng warning: eXIf: duplicate
libpng warning: eXIf: duplicate
libpng warning: eXIf: duplicate
libpng warning: eXIf: duplicate
libpng warning: eXIf: duplicate
libpng warning: eXIf: duplicate
libpng warning: eXIf: duplicate
libpng warning: eXIf: duplicate
libpng warning: eXIf: duplicate
libpng warning: eXIf: duplicate
libpng warning: eXIf: duplicate
libpng warning: eXIf: duplicate
libpng warning: eXIf: duplicate
libpng warning: eXIf: duplicate
libpng warning: eXIf: duplicate
libpng warning: eXIf: duplicate
libpng warning: eXIf: duplicate
libpng warning: eXIf: duplicate
libpng warning: eXIf: duplicate
libpng warning: eXIf: duplicate
libpng warning: eXIf: duplicate
libpng warning: eXIf: duplicate
libpng warning: eXIf: duplicate
libpng warning: eXIf: duplicate
libpng warning: eXIf: duplicate
libpng warning: eXIf: duplicate
libpng warning: eXIf: duplicate
libpng warning: eXIf: duplicate
libpng warning: eXIf: duplicate
libpng warning: eXIf: duplicate
libpng warning: eXIf: duplicate
libpng warning: eXIf: duplicate
libpng warning: eXIf: duplicate
libpng warning: eXIf: duplicate
libpng warning: eXIf: duplicate
libpng warning: eXIf: duplicate
libpng warning: eXIf: duplicate
libpng warning: eXIf: duplicate
libpng warning: eXIf: duplicate
libpng warning: eXIf: duplicate
libpng warning: eXIf: duplicate
libpng warning: eXIf: duplicate
libpng warning: eXIf: duplicate
libpng warning: eXIf: duplicate
libpng warning: eXIf: duplicate
libpng warning: eXIf: duplicate
libpng warning: eXIf: duplicate
libpng warning: eXIf: duplicate
libpng warning: eXIf: duplicate
libpng warning: eXIf: duplicate
libpng warning: eXIf: duplicate
libpng warning: eXIf: duplicate
libpng warning: eXIf: duplicate
libpng warning: eXIf: duplicate
libpng warning: eXIf: duplicate
libpng warning: eXIf: duplicate
libpng warning: eXIf: duplicate
libpng warning: eXIf: duplicate
libpng warning: eXIf: duplicate
libpng warning: eXIf: duplicate
libpng warning: eXIf: duplicate
libpng warning: eXIf: duplicate
libpng warning: eXIf: duplicate
libpng warning: eXIf: duplicate
libpng warning: eXIf: duplicate
libpng warning: eXIf: duplicate
libpng warning: eXIf: duplicate
libpng warning: eXIf: duplicate
libpng warning: eXIf: duplicate
libpng warning: eXIf: duplicate
libpng warning: eXIf: duplicate
libpng warning: eXIf: duplicate
libpng warning: eXIf: duplicate
libpng warning: eXIf: duplicate
libpng warning: eXIf: duplicate
libpng warning: eXIf: duplicate
libpng warning: eXIf: duplicate
libpng warning: eXIf: duplicate
libpng warning: eXIf: duplicate
libpng warning: eXIf: duplicate
libpng warning: eXIf: duplicate
libpng warning: eXIf: duplicate
libpng warning: eXIf: duplicate
libpng warning: eXIf: duplicate
libpng warning: eXIf: duplicate
libpng warning: eXIf: duplicate
libpng warning: eXIf: duplicate

base dir name: ['', '4T', 'CXY', 'MV-Painter', 'data', 'train_data']
alpha count: 221324 234597
reverse false
base dir name: ['', '4T', 'CXY', 'MV-Painter', 'data', 'train_data']
alpha count: 256958 235928
reverse true
base dir name: ['', '4T', 'CXY', 'MV-Painter', 'data', 'train_data']
alpha count: 251388 238946
reverse true
base dir name: ['', '4T', 'CXY', 'MV-Painter', 'data', 'train_data']
alpha count: 214991 216322
reverse false
base dir name: ['', '4T', 'CXY', 'MV-Painter', 'data', 'train_data']
alpha count: 223831 217562
reverse true
[400/500] loss=0.2426 (ema 0.0930) lr=4.58e-06 grad=0.116 | fsc_modules=5.3e-03 gsg_modules=7.7e-02 ltag=7.2e-05 | 1.0s
base dir name: ['', '4T', 'CXY', 'MV-Painter', 'data', 'train_data']
alpha count: 205066 205808
reverse false
base dir name: ['', '4T', 'CXY', 'MV-Painter', 'data', 'train_data']
alpha count: 214761 204478
reverse true
base dir name: ['', '4T', 'CXY', 'MV-Painter', 'data', 'train_data']
alpha count: 226317 220204
reverse true
base dir name: ['', '4T', 'CXY', 'MV-Painter', 'data', 'train_data']
alpha count: 236442 220543
reverse true
base dir name: ['', '4T', 'CXY', 'MV-Painter', 'data', 'train_data']
alpha count: 262144 262144
reverse false
OpenCV(4.13.0) /io/opencv/modules/imgproc/src/resize.cpp:4208: error: (-215:Assertion failed) !ssize.empty() in function 'resize'

wrong path: /4T/CXY/MV-Painter/data/train_data/rendered_full/5038b2bf6a9d457094ccdbd0f77d4a3d/image
base dir name: ['', '4T', 'CXY', 'MV-Painter', 'data', 'train_data']
alpha count: 227981 235292
reverse false
base dir name: ['', '4T', 'CXY', 'MV-Painter', 'data', 'train_data']
alpha count: 225134 206431
reverse true
base dir name: ['', '4T', 'CXY', 'MV-Painter', 'data', 'train_data']
alpha count: 182181 183124
reverse false
base dir name: ['', '4T', 'CXY', 'MV-Painter', 'data', 'train_data']
alpha count: 187102 187057
reverse true
base dir name: ['', '4T', 'CXY', 'MV-Painter', 'data', 'train_data']
alpha count: 227963 227317
reverse true
base dir name: ['', '4T', 'CXY', 'MV-Painter', 'data', 'train_data']
alpha count: 214582 197583
reverse true
base dir name: ['', '4T', 'CXY', 'MV-Painter', 'data', 'train_data']
alpha count: 240378 232182
reverse true
base dir name: ['', '4T', 'CXY', 'MV-Painter', 'data', 'train_data']
alpha count: 244019 237799
reverse true
base dir name: ['', '4T', 'CXY', 'MV-Painter', 'data', 'train_data']
alpha count: 239193 225106
reverse true
base dir name: ['', '4T', 'CXY', 'MV-Painter', 'data', 'train_data']
alpha count: 227333 181167
reverse true
base dir name: ['', '4T', 'CXY', 'MV-Painter', 'data', 'train_data']
alpha count: 239475 214194
reverse true
base dir name: ['', '4T', 'CXY', 'MV-Painter', 'data', 'train_data']
alpha count: 243949 191145
reverse true
base dir name: ['', '4T', 'CXY', 'MV-Painter', 'data', 'train_data']
alpha count: 238696 226074
reverse true
base dir name: ['', '4T', 'CXY', 'MV-Painter', 'data', 'train_data']
alpha count: 244060 195640
reverse true
base dir name: ['', '4T', 'CXY', 'MV-Painter', 'data', 'train_data']
alpha count: 262062 262052
reverse true
base dir name: ['', '4T', 'CXY', 'MV-Painter', 'data', 'train_data']
alpha count: 248826 249388
reverse false
[420/500] loss=0.0812 (ema 0.0938) lr=3.35e-06 grad=0.441 | fsc_modules=9.5e-03 gsg_modules=3.7e-01 ltag=7.2e-05 | 1.1s
base dir name: ['', '4T', 'CXY', 'MV-Painter', 'data', 'train_data']
alpha count: 217531 211905
reverse true
base dir name: ['', '4T', 'CXY', 'MV-Painter', 'data', 'train_data']
alpha count: 221821 222565
reverse false
base dir name: ['', '4T', 'CXY', 'MV-Painter', 'data', 'train_data']
alpha count: 244146 238946
reverse true
base dir name: ['', '4T', 'CXY', 'MV-Painter', 'data', 'train_data']
alpha count: 213101 222473
reverse false
base dir name: ['', '4T', 'CXY', 'MV-Painter', 'data', 'train_data']
alpha count: 217145 246967
reverse false
base dir name: ['', '4T', 'CXY', 'MV-Painter', 'data', 'train_data']
alpha count: 238608 221091
reverse true
base dir name: ['', '4T', 'CXY', 'MV-Painter', 'data', 'train_data']
alpha count: 220758 231136
reverse false
base dir name: ['', '4T', 'CXY', 'MV-Painter', 'data', 'train_data']
alpha count: 250867 227169
reverse true
base dir name: ['', '4T', 'CXY', 'MV-Painter', 'data', 'train_data']
alpha count: 205678 209817
reverse false
base dir name: ['', '4T', 'CXY', 'MV-Painter', 'data', 'train_data']
alpha count: 213647 179238
reverse true
base dir name: ['', '4T', 'CXY', 'MV-Painter', 'data', 'train_data']
alpha count: 250037 252354
reverse false
base dir name: ['', '4T', 'CXY', 'MV-Painter', 'data', 'train_data']
alpha count: 222531 231131
reverse false
base dir name: ['', '4T', 'CXY', 'MV-Painter', 'data', 'train_data']
alpha count: 246629 241258
reverse true
base dir name: ['', '4T', 'CXY', 'MV-Painter', 'data', 'train_data']
alpha count: 257832 253798
reverse true
base dir name: ['', '4T', 'CXY', 'MV-Painter', 'data', 'train_data']
alpha count: 223433 186384
reverse true
base dir name: ['', '4T', 'CXY', 'MV-Painter', 'data', 'train_data']
alpha count: 209182 193418
reverse true
base dir name: ['', '4T', 'CXY', 'MV-Painter', 'data', 'train_data']
alpha count: 254447 257435
reverse false
base dir name: ['', '4T', 'CXY', 'MV-Painter', 'data', 'train_data']
alpha count: 244688 254012
reverse false
base dir name: ['', '4T', 'CXY', 'MV-Painter', 'data', 'train_data']
alpha count: 246939 231304
reverse true
base dir name: ['', '4T', 'CXY', 'MV-Painter', 'data', 'train_data']
alpha count: 213343 194693
reverse true
[440/500] loss=0.0799 (ema 0.0888) lr=2.35e-06 grad=0.632 | fsc_modules=1.5e-02 gsg_modules=6.0e-01 ltag=7.2e-05 | 1.0s
base dir name: ['', '4T', 'CXY', 'MV-Painter', 'data', 'train_data']
alpha count: 255521 250922
reverse true
base dir name: ['', '4T', 'CXY', 'MV-Painter', 'data', 'train_data']
alpha count: 174979 171041
reverse true
base dir name: ['', '4T', 'CXY', 'MV-Painter', 'data', 'train_data']
alpha count: 234680 235465
reverse false
base dir name: ['', '4T', 'CXY', 'MV-Painter', 'data', 'train_data']
alpha count: 249004 235153
reverse true
base dir name: ['', '4T', 'CXY', 'MV-Painter', 'data', 'train_data']
alpha count: 159571 168815
reverse false
base dir name: ['', '4T', 'CXY', 'MV-Painter', 'data', 'train_data']
alpha count: 230572 201960
reverse true
base dir name: ['', '4T', 'CXY', 'MV-Painter', 'data', 'train_data']
alpha count: 247769 255535
reverse false
base dir name: ['', '4T', 'CXY', 'MV-Painter', 'data', 'train_data']
alpha count: 250449 225262
reverse true
base dir name: ['', '4T', 'CXY', 'MV-Painter', 'data', 'train_data']
alpha count: 243300 236151
reverse true
base dir name: ['', '4T', 'CXY', 'MV-Painter', 'data', 'train_data']
alpha count: 262144 262144
reverse false
OpenCV(4.13.0) /io/opencv/modules/imgproc/src/resize.cpp:4208: error: (-215:Assertion failed) !ssize.empty() in function 'resize'

wrong path: /4T/CXY/MV-Painter/data/train_data/rendered_full/586ffc1d91924d8cb269cb59df33262b/image
base dir name: ['', '4T', 'CXY', 'MV-Painter', 'data', 'train_data']
alpha count: 252027 247610
reverse true
base dir name: ['', '4T', 'CXY', 'MV-Painter', 'data', 'train_data']
alpha count: 202239 211885
reverse false
base dir name: ['', '4T', 'CXY', 'MV-Painter', 'data', 'train_data']
alpha count: 235832 242521
reverse false
base dir name: ['', '4T', 'CXY', 'MV-Painter', 'data', 'train_data']
alpha count: 244064 257016
reverse false
base dir name: ['', '4T', 'CXY', 'MV-Painter', 'data', 'train_data']
alpha count: 234311 226500
reverse true
base dir name: ['', '4T', 'CXY', 'MV-Painter', 'data', 'train_data']
alpha count: 242045 227105
reverse true
base dir name: ['', '4T', 'CXY', 'MV-Painter', 'data', 'train_data']
alpha count: 251115 259077
reverse false
base dir name: ['', '4T', 'CXY', 'MV-Painter', 'data', 'train_data']
alpha count: 173385 178334
reverse false
base dir name: ['', '4T', 'CXY', 'MV-Painter', 'data', 'train_data']
alpha count: 202204 208519
reverse false
base dir name: ['', '4T', 'CXY', 'MV-Painter', 'data', 'train_data']
alpha count: 223463 218209
reverse true
base dir name: ['', '4T', 'CXY', 'MV-Painter', 'data', 'train_data']
alpha count: 165716 133854
reverse true
[460/500] loss=0.0450 (ema 0.0908) lr=1.62e-06 grad=0.076 | fsc_modules=3.6e-03 gsg_modules=5.3e-02 ltag=7.2e-05 | 1.2slibpng warning: eXIf: duplicate
libpng warning: eXIf: duplicate
libpng warning: eXIf: duplicate
libpng warning: eXIf: duplicate
libpng warning: eXIf: duplicate
libpng warning: eXIf: duplicate
libpng warning: eXIf: duplicate
libpng warning: eXIf: duplicate
libpng warning: eXIf: duplicate
libpng warning: eXIf: duplicate
libpng warning: eXIf: duplicate
libpng warning: eXIf: duplicate
libpng warning: eXIf: duplicate
libpng warning: eXIf: duplicate
libpng warning: eXIf: duplicate
libpng warning: eXIf: duplicate
libpng warning: eXIf: duplicate
libpng warning: eXIf: duplicate
libpng warning: eXIf: duplicate
libpng warning: eXIf: duplicate
libpng warning: eXIf: duplicate
libpng warning: eXIf: duplicate
libpng warning: eXIf: duplicate
libpng warning: eXIf: duplicate
libpng warning: eXIf: duplicate
libpng warning: eXIf: duplicate
libpng warning: eXIf: duplicate
libpng warning: eXIf: duplicate
libpng warning: eXIf: duplicate
libpng warning: eXIf: duplicate
libpng warning: eXIf: duplicate
libpng warning: eXIf: duplicate
libpng warning: eXIf: duplicate
libpng warning: eXIf: duplicate
libpng warning: eXIf: duplicate
libpng warning: eXIf: duplicate
libpng warning: eXIf: duplicate
libpng warning: eXIf: duplicate
libpng warning: eXIf: duplicate
libpng warning: eXIf: duplicate
libpng warning: eXIf: duplicate
libpng warning: eXIf: duplicate
libpng warning: eXIf: duplicate
libpng warning: eXIf: duplicate
libpng warning: eXIf: duplicate
libpng warning: eXIf: duplicate
libpng warning: eXIf: duplicate
libpng warning: eXIf: duplicate
libpng warning: eXIf: duplicate
libpng warning: eXIf: duplicate
libpng warning: eXIf: duplicate
libpng warning: eXIf: duplicate
libpng warning: eXIf: duplicate
libpng warning: eXIf: duplicate
libpng warning: eXIf: duplicate
libpng warning: eXIf: duplicate
libpng warning: eXIf: duplicate
libpng warning: eXIf: duplicate
libpng warning: eXIf: duplicate
libpng warning: eXIf: duplicate
libpng warning: eXIf: duplicate
libpng warning: eXIf: duplicate
libpng warning: eXIf: duplicate
libpng warning: eXIf: duplicate
libpng warning: eXIf: duplicate
libpng warning: eXIf: duplicate
libpng warning: eXIf: duplicate
libpng warning: eXIf: duplicate
libpng warning: eXIf: duplicate
libpng warning: eXIf: duplicate
libpng warning: eXIf: duplicate
libpng warning: eXIf: duplicate
libpng warning: eXIf: duplicate
libpng warning: eXIf: duplicate
libpng warning: eXIf: duplicate
libpng warning: eXIf: duplicate
libpng warning: eXIf: duplicate
libpng warning: eXIf: duplicate
libpng warning: eXIf: duplicate
libpng warning: eXIf: duplicate
libpng warning: eXIf: duplicate
libpng warning: eXIf: duplicate
libpng warning: eXIf: duplicate
libpng warning: eXIf: duplicate
libpng warning: eXIf: duplicate
libpng warning: eXIf: duplicate
libpng warning: eXIf: duplicate
libpng warning: eXIf: duplicate
libpng warning: eXIf: duplicate
libpng warning: eXIf: duplicate
libpng warning: eXIf: duplicate
libpng warning: eXIf: duplicate
libpng warning: eXIf: duplicate
libpng warning: eXIf: duplicate
libpng warning: eXIf: duplicate
libpng warning: eXIf: duplicate
libpng warning: eXIf: duplicate
libpng warning: eXIf: duplicate
libpng warning: eXIf: duplicate
libpng warning: eXIf: duplicate
libpng warning: eXIf: duplicate
libpng warning: eXIf: duplicate
libpng warning: eXIf: duplicate
libpng warning: eXIf: duplicate
libpng warning: eXIf: duplicate
libpng warning: eXIf: duplicate
libpng warning: eXIf: duplicate
libpng warning: eXIf: duplicate
libpng warning: eXIf: duplicate
libpng warning: eXIf: duplicate
libpng warning: eXIf: duplicate
libpng warning: eXIf: duplicate
libpng warning: eXIf: duplicate
libpng warning: eXIf: duplicate
libpng warning: eXIf: duplicate
libpng warning: eXIf: duplicate
libpng warning: eXIf: duplicate
libpng warning: eXIf: duplicate
libpng warning: eXIf: duplicate
libpng warning: eXIf: duplicate
libpng warning: eXIf: duplicate
libpng warning: eXIf: duplicate
libpng warning: eXIf: duplicate
libpng warning: eXIf: duplicate
libpng warning: eXIf: duplicate
libpng warning: eXIf: duplicate
libpng warning: eXIf: duplicate
libpng warning: eXIf: duplicate
libpng warning: eXIf: duplicate
libpng warning: eXIf: duplicate
libpng warning: eXIf: duplicate
libpng warning: eXIf: duplicate
libpng warning: eXIf: duplicate
libpng warning: eXIf: duplicate
libpng warning: eXIf: duplicate
libpng warning: eXIf: duplicate
libpng warning: eXIf: duplicate
libpng warning: eXIf: duplicate
libpng warning: eXIf: duplicate
libpng warning: eXIf: duplicate
libpng warning: eXIf: duplicate
libpng warning: eXIf: duplicate
libpng warning: eXIf: duplicate
libpng warning: eXIf: duplicate
libpng warning: eXIf: duplicate
libpng warning: eXIf: duplicate
libpng warning: eXIf: duplicate
libpng warning: eXIf: duplicate
libpng warning: eXIf: duplicate
libpng warning: eXIf: duplicate
libpng warning: eXIf: duplicate
libpng warning: eXIf: duplicate
libpng warning: eXIf: duplicate
libpng warning: eXIf: duplicate
libpng warning: eXIf: duplicate
libpng warning: eXIf: duplicate
libpng warning: eXIf: duplicate
libpng warning: eXIf: duplicate
libpng warning: eXIf: duplicate
libpng warning: eXIf: duplicate
libpng warning: eXIf: duplicate
libpng warning: eXIf: duplicate
libpng warning: eXIf: duplicate
libpng warning: eXIf: duplicate
libpng warning: eXIf: duplicate
libpng warning: eXIf: duplicate
libpng warning: eXIf: duplicate
libpng warning: eXIf: duplicate
libpng warning: eXIf: duplicate
libpng warning: eXIf: duplicate
libpng warning: eXIf: duplicate
libpng warning: eXIf: duplicate
libpng warning: eXIf: duplicate
libpng warning: eXIf: duplicate
libpng warning: eXIf: duplicate
libpng warning: eXIf: duplicate
libpng warning: eXIf: duplicate
libpng warning: eXIf: duplicate
libpng warning: eXIf: duplicate
libpng warning: eXIf: duplicate
libpng warning: eXIf: duplicate
libpng warning: eXIf: duplicate
libpng warning: eXIf: duplicate
libpng warning: eXIf: duplicate
libpng warning: eXIf: duplicate
libpng warning: eXIf: duplicate
libpng warning: eXIf: duplicate
libpng warning: eXIf: duplicate
libpng warning: eXIf: duplicate
libpng warning: eXIf: duplicate
libpng warning: eXIf: duplicate
libpng warning: eXIf: duplicate
libpng warning: eXIf: duplicate
libpng warning: eXIf: duplicate
libpng warning: eXIf: duplicate
libpng warning: eXIf: duplicate
libpng warning: eXIf: duplicate
libpng warning: eXIf: duplicate
libpng warning: eXIf: duplicate
libpng warning: eXIf: duplicate
libpng warning: eXIf: duplicate
libpng warning: eXIf: duplicate
libpng warning: eXIf: duplicate
libpng warning: eXIf: duplicate
libpng warning: eXIf: duplicate
libpng warning: eXIf: duplicate
libpng warning: eXIf: duplicate
libpng warning: eXIf: duplicate
libpng warning: eXIf: duplicate
libpng warning: eXIf: duplicate
libpng warning: eXIf: duplicate
libpng warning: eXIf: duplicate
libpng warning: eXIf: duplicate
libpng warning: eXIf: duplicate
libpng warning: eXIf: duplicate
libpng warning: eXIf: duplicate
libpng warning: eXIf: duplicate
libpng warning: eXIf: duplicate
libpng warning: eXIf: duplicate
libpng warning: eXIf: duplicate
libpng warning: eXIf: duplicate
libpng warning: eXIf: duplicate
libpng warning: eXIf: duplicate
libpng warning: eXIf: duplicate
libpng warning: eXIf: duplicate
libpng warning: eXIf: duplicate
libpng warning: eXIf: duplicate
libpng warning: eXIf: duplicate
libpng warning: eXIf: duplicate
libpng warning: eXIf: duplicate
libpng warning: eXIf: duplicate
libpng warning: eXIf: duplicate
libpng warning: eXIf: duplicate
libpng warning: eXIf: duplicate
libpng warning: eXIf: duplicate
libpng warning: eXIf: duplicate
libpng warning: eXIf: duplicate
libpng warning: eXIf: duplicate
libpng warning: eXIf: duplicate
libpng warning: eXIf: duplicate
libpng warning: eXIf: duplicate
libpng warning: eXIf: duplicate
libpng warning: eXIf: duplicate
libpng warning: eXIf: duplicate
libpng warning: eXIf: duplicate
libpng warning: eXIf: duplicate
libpng warning: eXIf: duplicate
libpng warning: eXIf: duplicate
libpng warning: eXIf: duplicate
libpng warning: eXIf: duplicate
libpng warning: eXIf: duplicate
libpng warning: eXIf: duplicate
libpng warning: eXIf: duplicate
libpng warning: eXIf: duplicate
libpng warning: eXIf: duplicate
libpng warning: eXIf: duplicate
libpng warning: eXIf: duplicate
libpng warning: eXIf: duplicate
libpng warning: eXIf: duplicate
libpng warning: eXIf: duplicate
libpng warning: eXIf: duplicate
libpng warning: eXIf: duplicate
libpng warning: eXIf: duplicate
libpng warning: eXIf: duplicate
libpng warning: eXIf: duplicate
libpng warning: eXIf: duplicate
libpng warning: eXIf: duplicate
libpng warning: eXIf: duplicate
libpng warning: eXIf: duplicate
libpng warning: eXIf: duplicate
libpng warning: eXIf: duplicate
libpng warning: eXIf: duplicate
libpng warning: eXIf: duplicate
libpng warning: eXIf: duplicate
libpng warning: eXIf: duplicate
libpng warning: eXIf: duplicate
libpng warning: eXIf: duplicate
libpng warning: eXIf: duplicate
libpng warning: eXIf: duplicate
libpng warning: eXIf: duplicate
libpng warning: eXIf: duplicate
libpng warning: eXIf: duplicate
libpng warning: eXIf: duplicate
libpng warning: eXIf: duplicate
libpng warning: eXIf: duplicate
libpng warning: eXIf: duplicate
libpng warning: eXIf: duplicate
libpng warning: eXIf: duplicate
libpng warning: eXIf: duplicate
libpng warning: eXIf: duplicate
libpng warning: eXIf: duplicate
libpng warning: eXIf: duplicate
libpng warning: eXIf: duplicate
libpng warning: eXIf: duplicate
libpng warning: eXIf: duplicate
libpng warning: eXIf: duplicate
libpng warning: eXIf: duplicate
libpng warning: eXIf: duplicate
libpng warning: eXIf: duplicate
libpng warning: eXIf: duplicate
libpng warning: eXIf: duplicate
libpng warning: eXIf: duplicate
libpng warning: eXIf: duplicate
libpng warning: eXIf: duplicate
libpng warning: eXIf: duplicate
libpng warning: eXIf: duplicate
libpng warning: eXIf: duplicate
libpng warning: eXIf: duplicate
libpng warning: eXIf: duplicate
libpng warning: eXIf: duplicate
libpng warning: eXIf: duplicate
libpng warning: eXIf: duplicate
libpng warning: eXIf: duplicate
libpng warning: eXIf: duplicate
libpng warning: eXIf: duplicate
libpng warning: eXIf: duplicate
libpng warning: eXIf: duplicate
libpng warning: eXIf: duplicate
libpng warning: eXIf: duplicate
libpng warning: eXIf: duplicate
libpng warning: eXIf: duplicate
libpng warning: eXIf: duplicate
libpng warning: eXIf: duplicate
libpng warning: eXIf: duplicate
libpng warning: eXIf: duplicate
libpng warning: eXIf: duplicate
libpng warning: eXIf: duplicate
libpng warning: eXIf: duplicate
libpng warning: eXIf: duplicate
libpng warning: eXIf: duplicate
libpng warning: eXIf: duplicate
libpng warning: eXIf: duplicate
libpng warning: eXIf: duplicate
libpng warning: eXIf: duplicate
libpng warning: eXIf: duplicate
libpng warning: eXIf: duplicate
libpng warning: eXIf: duplicate
libpng warning: eXIf: duplicate
libpng warning: eXIf: duplicate
libpng warning: eXIf: duplicate
libpng warning: eXIf: duplicate
libpng warning: eXIf: duplicate
libpng warning: eXIf: duplicate
libpng warning: eXIf: duplicate
libpng warning: eXIf: duplicate
libpng warning: eXIf: duplicate
libpng warning: eXIf: duplicate
libpng warning: eXIf: duplicate
libpng warning: eXIf: duplicate
libpng warning: eXIf: duplicate
libpng warning: eXIf: duplicate
libpng warning: eXIf: duplicate
libpng warning: eXIf: duplicate
libpng warning: eXIf: duplicate
libpng warning: eXIf: duplicate
libpng warning: eXIf: duplicate
libpng warning: eXIf: duplicate
libpng warning: eXIf: duplicate
libpng warning: eXIf: duplicate
libpng warning: eXIf: duplicate

base dir name: ['', '4T', 'CXY', 'MV-Painter', 'data', 'train_data']
alpha count: 187491 188937
reverse false
base dir name: ['', '4T', 'CXY', 'MV-Painter', 'data', 'train_data']
alpha count: 242246 234053
reverse true
base dir name: ['', '4T', 'CXY', 'MV-Painter', 'data', 'train_data']
alpha count: 240004 190958
reverse true
base dir name: ['', '4T', 'CXY', 'MV-Painter', 'data', 'train_data']
alpha count: 210217 227233
reverse false
base dir name: ['', '4T', 'CXY', 'MV-Painter', 'data', 'train_data']
alpha count: 230845 206723
reverse true
base dir name: ['', '4T', 'CXY', 'MV-Painter', 'data', 'train_data']
alpha count: 253797 259397
reverse false
base dir name: ['', '4T', 'CXY', 'MV-Painter', 'data', 'train_data']
alpha count: 204685 205579
reverse false
base dir name: ['', '4T', 'CXY', 'MV-Painter', 'data', 'train_data']
alpha count: 160396 160397
reverse false
base dir name: ['', '4T', 'CXY', 'MV-Painter', 'data', 'train_data']
alpha count: 256551 261337
reverse false
base dir name: ['', '4T', 'CXY', 'MV-Painter', 'data', 'train_data']
alpha count: 262144 249260
reverse true
base dir name: ['', '4T', 'CXY', 'MV-Painter', 'data', 'train_data']
alpha count: 228707 211544
reverse true
base dir name: ['', '4T', 'CXY', 'MV-Painter', 'data', 'train_data']
alpha count: 255485 248570
reverse true
base dir name: ['', '4T', 'CXY', 'MV-Painter', 'data', 'train_data']
alpha count: 47962 257351
reverse false
base dir name: ['', '4T', 'CXY', 'MV-Painter', 'data', 'train_data']
alpha count: 236552 249026
reverse false
base dir name: ['', '4T', 'CXY', 'MV-Painter', 'data', 'train_data']
alpha count: 249319 254262
reverse false
base dir name: ['', '4T', 'CXY', 'MV-Painter', 'data', 'train_data']
alpha count: 252343 230787
reverse true
base dir name: ['', '4T', 'CXY', 'MV-Painter', 'data', 'train_data']
alpha count: 242818 236415
reverse true
base dir name: ['', '4T', 'CXY', 'MV-Painter', 'data', 'train_data']
alpha count: 195796 219988
reverse false
base dir name: ['', '4T', 'CXY', 'MV-Painter', 'data', 'train_data']
alpha count: 253001 239593
reverse true
base dir name: ['', '4T', 'CXY', 'MV-Painter', 'data', 'train_data']
alpha count: 179923 179349
reverse true
[480/500] loss=0.0552 (ema 0.0927) lr=1.16e-06 grad=1.036 | fsc_modules=2.2e-02 gsg_modules=9.0e-01 ltag=7.2e-05 | 1.0s
base dir name: ['', '4T', 'CXY', 'MV-Painter', 'data', 'train_data']
alpha count: 246905 244338
reverse true
base dir name: ['', '4T', 'CXY', 'MV-Painter', 'data', 'train_data']
alpha count: 247244 165289
reverse true
base dir name: ['', '4T', 'CXY', 'MV-Painter', 'data', 'train_data']
alpha count: 227051 230817
reverse false
base dir name: ['', '4T', 'CXY', 'MV-Painter', 'data', 'train_data']
alpha count: 250165 257232
reverse false
base dir name: ['', '4T', 'CXY', 'MV-Painter', 'data', 'train_data']
alpha count: 193424 190198
reverse true
base dir name: ['', '4T', 'CXY', 'MV-Painter', 'data', 'train_data']
alpha count: 255275 254653
reverse true
base dir name: ['', '4T', 'CXY', 'MV-Painter', 'data', 'train_data']
alpha count: 261407 260890
reverse true
base dir name: ['', '4T', 'CXY', 'MV-Painter', 'data', 'train_data']
alpha count: 257478 235874
reverse true
base dir name: ['', '4T', 'CXY', 'MV-Painter', 'data', 'train_data']
alpha count: 217180 223336
reverse false
base dir name: ['', '4T', 'CXY', 'MV-Painter', 'data', 'train_data']
alpha count: 214173 221110
reverse false
base dir name: ['', '4T', 'CXY', 'MV-Painter', 'data', 'train_data']
alpha count: 210620 213690
reverse false
base dir name: ['', '4T', 'CXY', 'MV-Painter', 'data', 'train_data']
alpha count: 221309 217593
reverse true
base dir name: ['', '4T', 'CXY', 'MV-Painter', 'data', 'train_data']
alpha count: 251661 257641
reverse false
base dir name: ['', '4T', 'CXY', 'MV-Painter', 'data', 'train_data']
alpha count: 250837 259316
reverse false
base dir name: ['', '4T', 'CXY', 'MV-Painter', 'data', 'train_data']
alpha count: 256096 245584
reverse true
base dir name: ['', '4T', 'CXY', 'MV-Painter', 'data', 'train_data']
alpha count: 244629 227699
reverse true
base dir name: ['', '4T', 'CXY', 'MV-Painter', 'data', 'train_data']
alpha count: 242738 220179
reverse true
base dir name: ['', '4T', 'CXY', 'MV-Painter', 'data', 'train_data']
alpha count: 141084 164900
reverse false
base dir name: ['', '4T', 'CXY', 'MV-Painter', 'data', 'train_data']
alpha count: 237626 235521
reverse true
base dir name: ['', '4T', 'CXY', 'MV-Painter', 'data', 'train_data']
alpha count: 191460 175593
reverse true
[500/500] loss=0.0114 (ema 0.0922) lr=1.00e-06 grad=0.168 | fsc_modules=7.8e-03 gsg_modules=1.5e-01 ltag=7.2e-05 | 1.2s
  → Saved: mvpoutput/fac_v5/F_gentle/checkpoints/fac_v2_ltag+gsg+fsc_step_000500.pt

FAC training complete.
Final checkpoint dir: mvpoutput/fac_v5/F_gentle/checkpoints
