object,object_idx,schedule,full_psnr,full_ssim,full_lpips,fg_psnr,fg_ssim,fg_lpips,bg_psnr,edge_psnr,edge_ssim,nef_ssim,bgwhite_psnr,bgwhite_ssim,bgwhite_lpips,crop_psnr,crop_ssim,crop_lpips,crop_area,fg_mask_corr,edge_fscore,fg_rgb_std,fg_grad_mag,fg_lap_var,fg_color_entropy,fg_hf_energy,fg_brightness_std,gt_fg_rgb_std,gt_fg_grad_mag,gt_fg_lap_var,gt_fg_hf_energy
obj_0024,0,fixed_mean,11.991899013519287,0.8115589618682861,0.2353927046060562,4.223552942276001,0.2328517585992813,0.2379102110862732,24.94236707687378,7.977099418640137,0.44723692536354065,0.22566495835781097,12.180873155593872,0.8641898036003113,0.20675018429756165,11.946555376052856,0.810263991355896,0.23973724246025085,0.9895833333333334,0.8125,0.28069305419921875,0.022369384765625,0.40380859375,0.02587890625,3.8871742884318032,0.3463895618915558,0.2069091796875,0.0015754402847960591,0.11607438325881958,0.002921456703916192,0.25589877367019653
obj_0024,0,hll,11.17199420928955,0.7972387671470642,0.2544851303100586,3.4868323802948,0.15545609593391418,0.24640247225761414,22.579505443572998,6.810508370399475,0.40301617980003357,0.14660117030143738,11.444151401519775,0.8512794375419617,0.2171180546283722,11.126993894577026,0.795705258846283,0.2591816186904907,0.9895833333333334,0.84765625,0.27772149443626404,0.0220947265625,0.38037109375,0.03021240234375,3.4087437788645425,0.3517701029777527,0.2178955078125,0.0015754402847960591,0.11607438325881958,0.002921456703916192,0.25589877367019653
obj_0024,0,llh,12.616560459136963,0.8333151340484619,0.22151312232017517,4.798378944396973,0.28031817078590393,0.22631150484085083,26.871802806854248,9.060137867927551,0.48858642578125,0.2701711058616638,12.755699157714844,0.8745096325874329,0.1965576857328415,12.571144104003906,0.8322038650512695,0.2256559431552887,0.9895833333333334,0.78662109375,0.31872832775115967,0.01763916015625,0.3876953125,0.0208740234375,4.148398717244466,0.3515479266643524,0.1856689453125,0.0015754402847960591,0.11607438325881958,0.002921456703916192,0.25589877367019653
obj_0024,0,c3_lhl,12.54809856414795,0.8355589509010315,0.23536193370819092,4.812557697296143,0.29422199726104736,0.23415018618106842,24.819650650024414,8.337528109550476,0.4664832055568695,0.29305240511894226,12.769877910614014,0.8725043535232544,0.20527943968772888,12.502644062042236,0.8342326283454895,0.23980946838855743,0.9895833333333334,0.7724609375,0.25258898735046387,0.030731201171875,0.404052734375,0.023406982421875,4.206480185190837,0.32805103063583374,0.216064453125,0.0015754402847960591,0.11607438325881958,0.002921456703916192,0.25589877367019653
obj_0025,1,fixed_mean,12.458109855651855,0.8295154571533203,0.21764881908893585,3.4531480073928833,0.11054997891187668,0.21281473338603973,22.960312366485596,7.03671395778656,0.41277816891670227,0.09502233564853668,12.814384698867798,0.8867287635803223,0.1838575005531311,12.31636643409729,0.8256634473800659,0.22560587525367737,0.9674479166666666,0.8408203125,0.27440401911735535,0.017425537109375,0.50341796875,0.041656494140625,3.2775371074676514,0.3493703603744507,0.256591796875,0.0016526883700862527,0.14729180932044983,0.0041066184639930725,0.2620851993560791
obj_0025,1,hll,11.939142942428589,0.8230779767036438,0.2271413654088974,3.115382194519043,0.05932741239666939,0.21393141150474548,20.744640827178955,6.29985511302948,0.3776233196258545,0.043401606380939484,12.4766206741333,0.8838866353034973,0.1838832050561905,11.80060625076294,0.8191143870353699,0.2350693792104721,0.9674479166666666,0.8466796875,0.28712478280067444,0.005275726318359375,0.428955078125,0.045501708984375,2.0905274550120034,0.3609358072280884,0.255615234375,0.0016526883700862527,0.14729180932044983,0.0041066184639930725,0.2620851993560791
obj_0025,1,llh,13.013654947280884,0.8323534727096558,0.20114941895008087,3.9018163084983826,0.14719784259796143,0.2034919261932373,25.011940002441406,8.122122287750244,0.45284152030944824,0.12764619290828705,13.263053894042969,0.8919144868850708,0.177556574344635,12.87077784538269,0.8287941217422485,0.20866283774375916,0.9674479166666666,0.82470703125,0.28727200627326965,0.01568603515625,0.529296875,0.03515625,4.29140059153239,0.3527092933654785,0.241455078125,0.0016526883700862527,0.14729180932044983,0.0041066184639930725,0.2620851993560791
obj_0025,1,c3_lhl,12.872844934463501,0.8354970216751099,0.2183612883090973,3.8820990920066833,0.16002850234508514,0.21123522520065308,23.21211576461792,7.339810132980347,0.425077885389328,0.15108367800712585,13.24333667755127,0.8905652165412903,0.18530461192131042,12.729746103286743,0.8319242596626282,0.2265883833169937,0.9674479166666666,0.8095703125,0.24662473797798157,0.025360107421875,0.52685546875,0.042816162109375,3.8453381856282554,0.338294118642807,0.27294921875,0.0016526883700862527,0.14729180932044983,0.0041066184639930725,0.2620851993560791
obj_0026,2,fixed_mean,11.523408889770508,0.8479812741279602,0.27186474204063416,5.535644292831421,0.4967525899410248,0.28799763321876526,27.058980464935303,8.858199119567871,0.52083820104599,0.5043439269065857,11.615852117538452,0.854951024055481,0.24643979966640472,11.489346027374268,0.8467928767204285,0.27771666646003723,0.9921875,0.7626953125,0.352652907371521,0.0367431640625,0.2060546875,0.0148468017578125,3.1975061893463135,0.36070603132247925,0.1302490234375,0.00174899201374501,0.06056072935461998,0.0013049868866801262,0.24992422759532928
obj_0026,2,hll,10.709694623947144,0.8073727488517761,0.2816239893436432,4.764193892478943,0.42836400866508484,0.2965494990348816,24.631145000457764,7.710840106010437,0.48238712549209595,0.43551284074783325,10.844401121139526,0.8334429860115051,0.2540460526943207,10.675632953643799,0.8061164617538452,0.28759899735450745,0.9921875,0.80712890625,0.3284143805503845,0.039825439453125,0.2044677734375,0.018890380859375,3.1424103577931723,0.3652466833591461,0.1463623046875,0.00174899201374501,0.06056072935461998,0.0013049868866801262,0.24992422759532928
obj_0026,2,llh,12.381483316421509,0.8686406016349792,0.2686951160430908,6.363959908485413,0.5682166218757629,0.28279909491539,29.5894193649292,10.292623043060303,0.5746740102767944,0.5745922923088074,12.4441659450531,0.8744299411773682,0.24340900778770447,12.347420454025269,0.8676134347915649,0.27447813749313354,0.9921875,0.71826171875,0.3819899559020996,0.0401611328125,0.1959228515625,0.0104827880859375,2.918851057688395,0.35828399658203125,0.1126708984375,0.00174899201374501,0.06056072935461998,0.0013049868866801262,0.24992422759532928
obj_0026,2,c3_lhl,12.370607852935791,0.8671396970748901,0.2680906057357788,6.4256298542022705,0.5702261924743652,0.2798038125038147,26.275479793548584,9.220197796821594,0.5286014676094055,0.5828937888145447,12.50583529472351,0.8744497895240784,0.2398722916841507,12.33654499053955,0.8660935759544373,0.27388519048690796,0.9921875,0.70703125,0.3133227825164795,0.041656494140625,0.2061767578125,0.01528167724609375,3.6633679072062173,0.3442845344543457,0.1363525390625,0.00174899201374501,0.06056072935461998,0.0013049868866801262,0.24992422759532928
obj_0027,3,fixed_mean,16.15711212158203,0.8072940111160278,0.15763641893863678,9.371211528778076,0.2269725799560547,0.16891424357891083,20.811572074890137,7.990320324897766,0.3548135757446289,0.22499266266822815,17.65413999557495,0.8727201223373413,0.10724351555109024,16.101049184799194,0.8055183291435242,0.16059650480747223,0.9869791666666666,0.833984375,0.3002205193042755,0.058380126953125,0.362060546875,0.02734375,3.338442246119181,0.3400804102420807,0.2166748046875,0.04400356858968735,0.5555474758148193,0.030551383271813393,0.3318761885166168
obj_0027,3,hll,15.453040599822998,0.7985436320304871,0.17547723650932312,8.912031650543213,0.20839999616146088,0.17337971925735474,19.564368724822998,7.415145635604858,0.33450227975845337,0.20813439786434174,17.194958925247192,0.867303729057312,0.10943492501974106,15.397088527679443,0.7967178821563721,0.17826950550079346,0.9869791666666666,0.845703125,0.2740544378757477,0.058624267578125,0.332275390625,0.0291290283203125,2.674076557159424,0.3354909420013428,0.22607421875,0.04400356858968735,0.5555474758148193,0.030551383271813393,0.3318761885166168
obj_0027,3,llh,16.791423559188843,0.8064968585968018,0.15176481008529663,9.877000451087952,0.23542742431163788,0.16381126642227173,21.774988174438477,8.67135226726532,0.3749317228794098,0.22960016131401062,18.159927129745483,0.8770162463188171,0.10243890434503555,16.735622882843018,0.8047842383384705,0.1546364724636078,0.9869791666666666,0.82275390625,0.32890230417251587,0.055908203125,0.369140625,0.024139404296875,3.8041392962137857,0.34751051664352417,0.2008056640625,0.04400356858968735,0.5555474758148193,0.030551383271813393,0.3318761885166168
obj_0027,3,c3_lhl,16.042191982269287,0.804799497127533,0.1640309989452362,9.407281279563904,0.22600629925727844,0.1681252419948578,20.350279808044434,7.867197394371033,0.3485090434551239,0.22639375925064087,17.690207958221436,0.8736429810523987,0.10632771253585815,15.98570466041565,0.8030925393104553,0.16684389114379883,0.9869791666666666,0.8271484375,0.2977469563484192,0.056640625,0.36279296875,0.0275115966796875,3.4268606503804526,0.33122751116752625,0.225830078125,0.04400356858968735,0.5555474758148193,0.030551383271813393,0.3318761885166168
obj_0028,4,fixed_mean,12.216278314590454,0.8413640260696411,0.1873132586479187,3.473901152610779,0.2231326401233673,0.19421908259391785,25.326671600341797,8.230674862861633,0.49513736367225647,0.21631447970867157,12.405396699905396,0.8839442133903503,0.16493384540081024,11.508845090866089,0.8218684792518616,0.215738445520401,0.84765625,0.87255859375,0.34147199988365173,0.04345703125,0.3125,0.022491455078125,2.670067230860392,0.3707217574119568,0.178466796875,0.0017482951516285539,0.09203127771615982,0.0022653404157608747,0.24389447271823883
obj_0028,4,hll,11.700692176818848,0.8300154209136963,0.19518405199050903,3.0802109837532043,0.13487955927848816,0.19718249142169952,22.710998058319092,7.160100340843201,0.4507496654987335,0.125158429145813,12.011706829071045,0.8763704299926758,0.16622084379196167,11.004202365875244,0.8083329796791077,0.22245323657989502,0.84765625,0.88671875,0.3371906876564026,0.029876708984375,0.267578125,0.02288818359375,1.7162991364796956,0.3696397840976715,0.1781005859375,0.0017482951516285539,0.09203127771615982,0.0022653404157608747,0.24389447271823883
obj_0028,4,llh,12.880887985229492,0.8446336984634399,0.180385023355484,4.067926704883575,0.2964526116847992,0.19155243039131165,27.98511028289795,9.415727257728577,0.5386748313903809,0.28833067417144775,12.999422550201416,0.8946567177772522,0.1597881317138672,12.167335748672485,0.8264334201812744,0.20628781616687775,0.84765625,0.84375,0.3664815127849579,0.0445556640625,0.31982421875,0.0174560546875,3.158355633417765,0.36960580945014954,0.1630859375,0.0017482951516285539,0.09203127771615982,0.0022653404157608747,0.24389447271823883
obj_0028,4,c3_lhl,12.826664447784424,0.8512085676193237,0.18481600284576416,4.069920182228088,0.28564906120300293,0.19168250262737274,26.273088455200195,8.67064118385315,0.5037205219268799,0.2846547067165375,13.001415729522705,0.8935167789459229,0.16314291954040527,12.112125158309937,0.8328192234039307,0.21315506100654602,0.84765625,0.8359375,0.29979175329208374,0.0430908203125,0.326904296875,0.024444580078125,3.006876548131307,0.3539356291294098,0.18896484375,0.0017482951516285539,0.09203127771615982,0.0022653404157608747,0.24389447271823883
obj_0029,5,fixed_mean,11.802096366882324,0.814649224281311,0.22462812066078186,3.8833624124526978,0.19415441155433655,0.23485814034938812,24.772772789001465,7.727199196815491,0.4354766011238098,0.18633010983467102,11.991424560546875,0.8636142015457153,0.19770961999893188,11.756713390350342,0.8133772015571594,0.22851407527923584,0.9895833333333334,0.83837890625,0.3014114201068878,0.016845703125,0.38818359375,0.029144287109375,3.670423905054728,0.3481904864311218,0.212158203125,0.0016958093037828803,0.11238875240087509,0.0027358245570212603,0.25664496421813965
obj_0029,5,hll,11.076172590255737,0.7993229031562805,0.24096159636974335,3.2319024205207825,0.11639901250600815,0.24253901839256287,22.643272876739502,6.688352823257446,0.39252912998199463,0.10649970918893814,11.339964866638184,0.8512375950813293,0.20756283402442932,11.031080484390259,0.7978754639625549,0.2449830174446106,0.9895833333333334,0.86962890625,0.2986186146736145,0.0158843994140625,0.363525390625,0.034027099609375,2.9462808767954507,0.3544917702674866,0.2230224609375,0.0016958093037828803,0.11238875240087509,0.0027358245570212603,0.25664496421813965
obj_0029,5,llh,12.36018180847168,0.8390039205551147,0.21565814316272736,4.397364854812622,0.23786646127700806,0.22632673382759094,26.46005868911743,8.751738667488098,0.47157782316207886,0.22817754745483398,12.505426406860352,0.8728576302528381,0.18924151360988617,12.314733266830444,0.8378679156303406,0.2196938395500183,0.9895833333333334,0.8134765625,0.3307996690273285,0.01207733154296875,0.385986328125,0.02325439453125,3.9454895655314126,0.34970623254776,0.1949462890625,0.0016958093037828803,0.11238875240087509,0.0027358245570212603,0.25664496421813965
obj_0029,5,c3_lhl,12.327587604522705,0.8436918258666992,0.22057324647903442,4.427263140678406,0.26025161147117615,0.23049665987491608,24.90438222885132,8.137609362602234,0.4572935700416565,0.2591782212257385,12.535326480865479,0.8720852732658386,0.19587326049804688,12.282116413116455,0.8424431681632996,0.22443771362304688,0.9895833333333334,0.80078125,0.2741350829601288,0.0243682861328125,0.390380859375,0.02850341796875,3.886721054712931,0.3363192081451416,0.2210693359375,0.0016958093037828803,0.11238875240087509,0.0027358245570212603,0.25664496421813965
obj_0030,6,fixed_mean,12.590498924255371,0.8310697674751282,0.20965957641601562,3.486531674861908,0.12925228476524353,0.20936402678489685,23.9155912399292,7.316071391105652,0.4265942871570587,0.11332221329212189,12.883477210998535,0.8889791965484619,0.17644208669662476,12.436641454696655,0.8271650075912476,0.21707852184772491,0.96484375,0.8447265625,0.2980400323867798,0.0199127197265625,0.488525390625,0.037017822265625,3.408155600229899,0.3496531844139099,0.2489013671875,0.001658280030824244,0.14085324108600616,0.0032602271530777216,0.26126906275749207
obj_0030,6,hll,12.086762189865112,0.8264150023460388,0.22007061541080475,3.1283223628997803,0.07074000686407089,0.21310476958751678,21.73219919204712,6.3995033502578735,0.3888448476791382,0.053964514285326004,12.525268793106079,0.8849933743476868,0.1794227659702301,11.93510890007019,0.8222091794013977,0.22721102833747864,0.96484375,0.857421875,0.3080250918865204,0.00817108154296875,0.42724609375,0.0418701171875,2.2997292280197144,0.35948535799980164,0.248291015625,0.001658280030824244,0.14085324108600616,0.0032602271530777216,0.26126906275749207
obj_0030,6,llh,13.044604063034058,0.8342064023017883,0.19431522488594055,3.8675978779792786,0.1656600683927536,0.20166830718517303,25.578882694244385,8.23890745639801,0.4628960192203522,0.1466488242149353,13.264544010162354,0.8946569561958313,0.16960963606834412,12.890098094940186,0.830365002155304,0.2010776847600937,0.96484375,0.8291015625,0.3277208209037781,0.016998291015625,0.490234375,0.0308990478515625,4.170018831888835,0.35141319036483765,0.23291015625,0.001658280030824244,0.14085324108600616,0.0032602271530777216,0.26126906275749207
obj_0030,6,c3_lhl,12.956387996673584,0.8389163613319397,0.2111407369375229,3.8779255747795105,0.1773272007703781,0.20817649364471436,23.93157720565796,7.490143179893494,0.43653786182403564,0.16835761070251465,13.274871110916138,0.8931480050086975,0.17733237147331238,12.801529169082642,0.8352435231208801,0.2187151312828064,0.96484375,0.81787109375,0.272918701171875,0.026580810546875,0.494873046875,0.037322998046875,3.8669252395629883,0.3404242992401123,0.257080078125,0.001658280030824244,0.14085324108600616,0.0032602271530777216,0.26126906275749207
obj_0031,7,fixed_mean,16.68922185897827,0.9097362160682678,0.1326836794614792,3.5840189456939697,0.12218493223190308,0.1227860376238823,22.913358211517334,8.839414119720459,0.5413357615470886,0.09116005152463913,17.821849584579468,0.9635950922966003,0.09718687832355499,16.113728284835815,0.903103768825531,0.1501692533493042,0.8515625,0.7939453125,0.344915509223938,0.0191497802734375,0.6923828125,0.06146240234375,3.723656177520752,0.39591968059539795,0.259521484375,0.001699770917184651,0.17218564450740814,0.003322185017168522,0.2619533836841583
obj_0031,7,hll,15.648998022079468,0.8979030251502991,0.1451905220746994,3.2517367601394653,0.0861690416932106,0.12137296795845032,20.098302364349365,7.787196040153503,0.5112475752830505,0.05960262566804886,17.489566802978516,0.9629478454589844,0.0970856249332428,15.140104293823242,0.8909131288528442,0.1621360182762146,0.8515625,0.79443359375,0.35967740416526794,0.01189422607421875,0.599609375,0.0648193359375,2.727420171101888,0.39382296800613403,0.260498046875,0.001699770917184651,0.17218564450740814,0.003322185017168522,0.2619533836841583
obj_0031,7,llh,17.696073055267334,0.9064627885818481,0.11372365057468414,4.203518033027649,0.16469508409500122,0.11757645010948181,25.551204681396484,10.030379295349121,0.5728874206542969,0.12977029383182526,18.4413480758667,0.9652498960494995,0.09220471978187561,17.079728841781616,0.9004484415054321,0.12963587045669556,0.8515625,0.76806640625,0.32854148745536804,0.016632080078125,0.7333984375,0.049957275390625,4.702187856038411,0.39273637533187866,0.2476806640625,0.001699770917184651,0.17218564450740814,0.003322185017168522,0.2619533836841583
obj_0031,7,c3_lhl,17.189831733703613,0.9055407047271729,0.14080971479415894,3.8289281725883484,0.13636334240436554,0.12875227630138397,24.402284622192383,8.946492075920105,0.5371196866035461,0.10975855588912964,18.066757917404175,0.9638438820838928,0.10166460275650024,16.569077968597412,0.8989786505699158,0.16062815487384796,0.8515625,0.7841796875,0.321519672870636,0.02801513671875,0.7138671875,0.07000732421875,4.155984083811442,0.38460496068000793,0.26904296875,0.001699770917184651,0.17218564450740814,0.003322185017168522,0.2619533836841583
obj_0032,8,fixed_mean,11.758668422698975,0.8130386471748352,0.21918150782585144,3.7057238817214966,0.17783959209918976,0.23477031290531158,24.78114366531372,7.213848233222961,0.4277147650718689,0.16997142136096954,11.946755647659302,0.8641788959503174,0.193560391664505,11.6559898853302,0.810004472732544,0.22711418569087982,0.9765625,0.84814453125,0.29875677824020386,0.0209503173828125,0.39599609375,0.032623291015625,3.6412928104400635,0.3526908755302429,0.2156982421875,0.0016393228434026241,0.11469222605228424,0.0027182060293853283,0.25772228837013245
obj_0032,8,hll,11.074358224868774,0.8028673529624939,0.23936524987220764,3.1194311380386353,0.10699103772640228,0.24256020784378052,22.323737144470215,6.208714246749878,0.3825169801712036,0.0983002558350563,11.36046290397644,0.8539707064628601,0.2015877366065979,10.972604751586914,0.7994425296783447,0.2473640739917755,0.9765625,0.87255859375,0.2984252870082855,0.017730712890625,0.352294921875,0.03875732421875,2.6392743587493896,0.35978251695632935,0.2259521484375,0.0016393228434026241,0.11469222605228424,0.0027182060293853283,0.25772228837013245
obj_0032,8,llh,12.291489839553833,0.8326255083084106,0.20884773135185242,4.188674986362457,0.21992571651935577,0.22517116367816925,26.627180576324463,8.244092464447021,0.47004446387290955,0.20859090983867645,12.429707050323486,0.8730171322822571,0.185310959815979,12.188602685928345,0.8299861550331116,0.21685902774333954,0.9765625,0.8271484375,0.3330027759075165,0.0150146484375,0.393798828125,0.025238037109375,3.88409415880839,0.3591383993625641,0.1943359375,0.0016393228434026241,0.11469222605228424,0.0027182060293853283,0.25772228837013245
obj_0032,8,c3_lhl,12.30449914932251,0.8375166654586792,0.22202372550964355,4.283542335033417,0.24061335623264313,0.23186564445495605,24.660732746124268,7.57627010345459,0.44673770666122437,0.23918063938617706,12.524573802947998,0.8721542954444885,0.1920803040266037,12.201558351516724,0.8345595598220825,0.23020145297050476,0.9765625,0.80615234375,0.2547837197780609,0.02874755859375,0.4052734375,0.033355712890625,4.0008931159973145,0.33916160464286804,0.2275390625,0.0016393228434026241,0.11469222605228424,0.0027182060293853283,0.25772228837013245
obj_0033,9,fixed_mean,13.550173044204712,0.8226460814476013,0.20150110125541687,5.560746788978577,0.21127134561538696,0.1866193413734436,19.970685243606567,7.358573079109192,0.36443114280700684,0.21450786292552948,14.513798952102661,0.8922486901283264,0.1263808161020279,13.550173044204712,0.8226460814476013,0.20150110125541687,1.0,0.794921875,0.4351639151573181,0.03729248046875,0.346923828125,0.022979736328125,3.812176783879598,0.3936181366443634,0.21044921875,0.004715133458375931,0.3733289837837219,0.027663253247737885,0.34184062480926514
obj_0033,9,hll,12.911723852157593,0.8142694234848022,0.20468181371688843,5.065598487854004,0.1538592129945755,0.18614144623279572,18.798935413360596,6.798809170722961,0.34866106510162354,0.1470761001110077,14.018651247024536,0.8848925828933716,0.12656313180923462,12.911723852157593,0.8142694234848022,0.20468181371688843,1.0,0.81396484375,0.41248229146003723,0.03717041015625,0.336669921875,0.0243682861328125,3.4842758178710938,0.3923845887184143,0.218994140625,0.004715133458375931,0.3733289837837219,0.027663253247737885,0.34184062480926514
obj_0033,9,llh,14.099771976470947,0.820240318775177,0.1953740417957306,6.005460023880005,0.2512800395488739,0.1857651323080063,20.970137119293213,8.209136724472046,0.3860047459602356,0.25586387515068054,14.958511590957642,0.8985810875892639,0.12688912451267242,14.099771976470947,0.820240318775177,0.1953740417957306,1.0,0.7783203125,0.4640270173549652,0.04010009765625,0.341796875,0.0194549560546875,3.9435351689656577,0.39744237065315247,0.1937255859375,0.004715133458375931,0.3733289837837219,0.027663253247737885,0.34184062480926514
obj_0033,9,c3_lhl,13.903969526290894,0.8285723924636841,0.2054692804813385,5.958753228187561,0.2429972141981125,0.18401947617530823,20.150938034057617,7.512461543083191,0.3636147081851959,0.2544651925563812,14.911806583404541,0.8968867063522339,0.1253458708524704,13.903969526290894,0.8285723924636841,0.2054692804813385,1.0,0.77294921875,0.42822012305259705,0.04046630859375,0.347412109375,0.0220489501953125,4.092267672220866,0.3829508423805237,0.21484375,0.004715133458375931,0.3733289837837219,0.027663253247737885,0.34184062480926514
obj_0034,10,fixed_mean,11.77194595336914,0.8130967020988464,0.22640757262706757,3.7947389483451843,0.15934890508651733,0.2367851883172989,25.650198459625244,7.606244087219238,0.4317854046821594,0.1458047777414322,11.925076246261597,0.8604307174682617,0.20065666735172272,11.749306917190552,0.8124392628669739,0.22973725199699402,0.9947916666666666,0.853515625,0.31357887387275696,0.01059722900390625,0.4208984375,0.034149169921875,3.4664082527160645,0.3679557144641876,0.221435546875,0.0017677246360108256,0.13050790131092072,0.0032847393304109573,0.25780555605888367
obj_0034,10,hll,11.043181419372559,0.7953777313232422,0.24252523481845856,3.1465378403663635,0.07236666977405548,0.2457672357559204,23.125574588775635,6.464710235595703,0.3793432116508484,0.057286132127046585,11.276875734329224,0.8478891253471375,0.20985297858715057,11.020705699920654,0.7946394085884094,0.24595628678798676,0.9947916666666666,0.88134765625,0.3050127625465393,0.006191253662109375,0.3818359375,0.038818359375,2.2385358015696206,0.36707818508148193,0.2349853515625,0.0017677246360108256,0.13050790131092072,0.0032847393304109573,0.25780555605888367
obj_0034,10,llh,12.317036390304565,0.8446836471557617,0.21592973172664642,4.2980146408081055,0.2083469182252884,0.22643323242664337,27.559590339660645,8.653458952903748,0.472207635641098,0.19265052676200867,12.428351640701294,0.8696261644363403,0.1899317353963852,12.294373512268066,0.8441553711891174,0.21929940581321716,0.9947916666666666,0.828125,0.3422781825065613,0.00893402099609375,0.417724609375,0.0275115966796875,3.8842127323150635,0.36880308389663696,0.2022705078125,0.0017677246360108256,0.13050790131092072,0.0032847393304109573,0.25780555605888367
obj_0034,10,c3_lhl,12.23138689994812,0.8442509174346924,0.2305571436882019,4.270039796829224,0.20813484489917755,0.23727211356163025,25.68953275680542,7.931005954742432,0.44625598192214966,0.20066173374652863,12.400376796722412,0.8671602606773376,0.2021075040102005,12.20871090888977,0.8436254262924194,0.2341977059841156,0.9947916666666666,0.8173828125,0.2810266315937042,0.0138092041015625,0.4296875,0.034912109375,3.7236266136169434,0.3518315255641937,0.2344970703125,0.0017677246360108256,0.13050790131092072,0.0032847393304109573,0.25780555605888367
obj_0035,11,fixed_mean,11.531856060028076,0.8200882077217102,0.22057116031646729,4.293708801269531,0.3567062020301819,0.24851088225841522,28.542697429656982,8.954784870147705,0.5218251943588257,0.35721081495285034,11.602808237075806,0.8601562976837158,0.20142441987991333,11.370797157287598,0.8153021931648254,0.23011940717697144,0.9635416666666666,0.8291015625,0.35128486156463623,0.040313720703125,0.25341796875,0.02154541015625,2.982877492904663,0.3813067376613617,0.154296875,0.0017452128231525421,0.06373567134141922,0.001193782314658165,0.2491743564605713
obj_0035,11,hll,10.645968914031982,0.7944485545158386,0.24233438074588776,3.466879427433014,0.24804829061031342,0.2570160925388336,25.056138038635254,7.688093185424805,0.4743475615978241,0.24578462541103363,10.775978565216064,0.8373349905014038,0.21097877621650696,10.48570990562439,0.788765013217926,0.2520185112953186,0.9635416666666666,0.8720703125,0.33543968200683594,0.041015625,0.24658203125,0.025848388671875,2.8151318232218423,0.3778224289417267,0.1712646484375,0.0017452128231525421,0.06373567134141922,0.001193782314658165,0.2491743564605713
obj_0035,11,llh,12.436418533325195,0.8549737930297852,0.20767557621002197,5.171630382537842,0.44506677985191345,0.23482754826545715,31.478393077850342,10.35049319267273,0.5695578455924988,0.44628649950027466,12.480731010437012,0.8812842965126038,0.18914872407913208,12.275161743164062,0.8511978983879089,0.216725692152977,0.9635416666666666,0.78125,0.39031994342803955,0.0345458984375,0.2406005859375,0.01580810546875,2.874237616856893,0.3777453601360321,0.1358642578125,0.0017452128231525421,0.06373567134141922,0.001193782314658165,0.2491743564605713
obj_0035,11,c3_lhl,12.373208999633789,0.8609693050384521,0.22068104147911072,5.153513550758362,0.4386916756629944,0.24104946851730347,28.389322757720947,9.51080858707428,0.5425977110862732,0.444438636302948,12.462612390518188,0.8779211640357971,0.19561125338077545,12.211922407150269,0.8564650416374207,0.229983389377594,0.9635416666666666,0.7744140625,0.30133599042892456,0.04156494140625,0.26904296875,0.0218658447265625,3.9291191895802817,0.36129939556121826,0.162841796875,0.0017452128231525421,0.06373567134141922,0.001193782314658165,0.2491743564605713
obj_0036,12,fixed_mean,11.956391334533691,0.8648815155029297,0.24446174502372742,6.330215930938721,0.5772109627723694,0.27463504672050476,29.374113082885742,10.332616567611694,0.5679675936698914,0.5857197046279907,12.014219760894775,0.8699496388435364,0.22300925850868225,11.939393281936646,0.8643579483032227,0.24949419498443604,0.99609375,0.716796875,0.3903292119503021,0.0292205810546875,0.1815185546875,0.01203155517578125,2.721207062403361,0.37853318452835083,0.1195068359375,0.0012855773093178868,0.04661750793457031,0.0008510876214131713,0.24970488250255585
obj_0036,12,hll,10.84404706954956,0.8157757520675659,0.2529563307762146,5.240442752838135,0.4984044134616852,0.27998995780944824,26.84182643890381,8.807734251022339,0.5257554650306702,0.5056009292602539,10.92444658279419,0.8420649170875549,0.23177209496498108,10.827052593231201,0.8151970505714417,0.25821998715400696,0.99609375,0.775390625,0.37204858660697937,0.03424072265625,0.1851806640625,0.015045166015625,2.9922212759653726,0.38753676414489746,0.133056640625,0.0012855773093178868,0.04661750793457031,0.0008510876214131713,0.24970488250255585
obj_0036,12,llh,12.807568311691284,0.8829573392868042,0.2328321635723114,7.1632349491119385,0.6329222917556763,0.26623377203941345,31.85298204421997,11.650935411453247,0.608562707901001,0.6407461762428284,12.847238779067993,0.8870792388916016,0.21242131292819977,12.790571451187134,0.8825011253356934,0.2376384735107422,0.99609375,0.6748046875,0.41199639439582825,0.0288848876953125,0.1724853515625,0.008697509765625,2.5306224822998047,0.3701520264148712,0.106201171875,0.0012855773093178868,0.04661750793457031,0.0008510876214131713,0.24970488250255585
obj_0036,12,c3_lhl,12.754186391830444,0.8832110166549683,0.2466200888156891,7.147418260574341,0.6505212783813477,0.26947835087776184,28.924810886383057,10.712957382202148,0.571937084197998,0.6628050208091736,12.831422090530396,0.8882341980934143,0.22008995711803436,12.737189531326294,0.8827529549598694,0.25180330872535706,0.99609375,0.67041015625,0.36322927474975586,0.03680419921875,0.1806640625,0.0121307373046875,3.1976155440012612,0.36445391178131104,0.1207275390625,0.0012855773093178868,0.04661750793457031,0.0008510876214131713,0.24970488250255585
obj_0037,13,fixed_mean,12.068451642990112,0.8413123488426208,0.23251712322235107,5.384238958358765,0.490359902381897,0.2509700655937195,28.366010189056396,9.10524070262909,0.5540167689323425,0.49528220295906067,12.149618864059448,0.8713839054107666,0.2118505835533142,11.988589763641357,0.839207112789154,0.23804375529289246,0.9817708333333334,0.76416015625,0.35201767086982727,0.043365478515625,0.21875,0.0130767822265625,2.900158961613973,0.35802391171455383,0.1368408203125,0.001510823261924088,0.06411946564912796,0.0011891770409420133,0.24807123839855194
obj_0037,13,hll,10.979360342025757,0.801435112953186,0.2563011050224304,4.351577460765839,0.39050599932670593,0.26780104637145996,25.012686252593994,7.580236196517944,0.5002102255821228,0.3939189016819,11.116957664489746,0.8439137935638428,0.22766564786434174,10.899701118469238,0.7987281084060669,0.2621590495109558,0.9817708333333334,0.8125,0.29803818464279175,0.04840087890625,0.227783203125,0.0169219970703125,2.5271048545837402,0.34991520643234253,0.1680908203125,0.001510823261924088,0.06411946564912796,0.0011891770409420133,0.24807123839855194
obj_0037,13,llh,12.9945707321167,0.873945415019989,0.227511465549469,6.284399628639221,0.5617915987968445,0.24281379580497742,30.952937602996826,10.546237230300903,0.6027029752731323,0.5655836462974548,13.049780130386353,0.890091061592102,0.20494434237480164,12.914681434631348,0.8721950054168701,0.23297010362148285,0.9817708333333334,0.71875,0.404142826795578,0.043670654296875,0.206787109375,0.009735107421875,2.8058651288350425,0.35848405957221985,0.11700439453125,0.001510823261924088,0.06411946564912796,0.0011891770409420133,0.24807123839855194
obj_0037,13,c3_lhl,12.710651159286499,0.87128746509552,0.23041069507598877,6.0560959577560425,0.5420844554901123,0.24270737171173096,27.67042636871338,9.415298700332642,0.5652949213981628,0.5506414771080017,12.821475267410278,0.8836429119110107,0.2046455293893814,12.630754709243774,0.8690692186355591,0.23580914735794067,0.9817708333333334,0.720703125,0.3011685609817505,0.045013427734375,0.2259521484375,0.01273345947265625,3.3067933718363443,0.3372049033641815,0.1514892578125,0.001510823261924088,0.06411946564912796,0.0011891770409420133,0.24807123839855194
obj_0038,14,fixed_mean,11.432859897613525,0.8513800501823425,0.24727942049503326,5.381513833999634,0.4938358962535858,0.26196834444999695,28.87129783630371,9.794471859931946,0.5519165992736816,0.4994966685771942,11.492419242858887,0.8572422862052917,0.2230355441570282,11.432859897613525,0.8513800501823425,0.24727942049503326,1.0,0.77099609375,0.3887827694416046,0.0312042236328125,0.1890869140625,0.0130615234375,2.580045223236084,0.35839128494262695,0.12841796875,0.0017384013626724482,0.05119014531373978,0.0009822031715884805,0.24995923042297363
obj_0038,14,hll,10.51510214805603,0.8037431240081787,0.2626689672470093,4.491148889064789,0.4018523693084717,0.2736598253250122,26.323843002319336,8.563268780708313,0.5118183493614197,0.40600770711898804,10.602055788040161,0.8296183347702026,0.23655639588832855,10.51510214805603,0.8037431240081787,0.2626689672470093,1.0,0.82373046875,0.36247149109840393,0.034149169921875,0.1907958984375,0.016937255859375,2.5611379146575928,0.3595324456691742,0.1448974609375,0.0017384013626724482,0.05119014531373978,0.0009822031715884805,0.24995923042297363
obj_0038,14,llh,12.333921194076538,0.8751924633979797,0.23354902863502502,6.260839104652405,0.5736975073814392,0.25060462951660156,31.733458042144775,11.211949586868286,0.6024870276451111,0.5782549381256104,12.371745109558105,0.8799088597297668,0.2108476310968399,12.333921194076538,0.8751924633979797,0.23354902863502502,1.0,0.72265625,0.4187154173851013,0.031280517578125,0.1790771484375,0.00948333740234375,2.495812177658081,0.3612719774246216,0.11102294921875,0.0017384013626724482,0.05119014531373978,0.0009822031715884805,0.24995923042297363
obj_0038,14,c3_lhl,12.356672286987305,0.8744377493858337,0.24357269704341888,6.332026124000549,0.5846405625343323,0.2550930976867676,28.199808597564697,10.325813293457031,0.5594008564949036,0.595677375793457,12.442933320999146,0.8798266649246216,0.21620780229568481,12.356672286987305,0.8744377493858337,0.24357269704341888,1.0,0.71240234375,0.3483738899230957,0.03680419921875,0.18505859375,0.012451171875,3.1254016558329263,0.3371736407279968,0.1314697265625,0.0017384013626724482,0.05119014531373978,0.0009822031715884805,0.24995923042297363
obj_0039,15,fixed_mean,11.80872917175293,0.8482308983802795,0.22479203343391418,5.382815599441528,0.5223155617713928,0.24920088052749634,29.340527057647705,9.463441967964172,0.5662811398506165,0.5294141173362732,11.868586540222168,0.8661065101623535,0.21079567074775696,11.7288339138031,0.8460748791694641,0.23027396202087402,0.9817708333333334,0.76708984375,0.38633957505226135,0.056243896484375,0.20751953125,0.013092041015625,3.0607192516326904,0.3730810284614563,0.130126953125,0.0016342614544555545,0.04926087334752083,0.0009574342402629554,0.24938569962978363
obj_0039,15,hll,10.5537748336792,0.7944034934043884,0.24082782864570618,4.169112741947174,0.41000282764434814,0.2602393925189972,25.829403400421143,7.685812711715698,0.5063462257385254,0.4151255488395691,10.65488338470459,0.8335779309272766,0.22440968453884125,10.474032163619995,0.7916995286941528,0.24585212767124176,0.9817708333333334,0.833984375,0.35165634751319885,0.057708740234375,0.1925048828125,0.015777587890625,2.798471291859945,0.3750547170639038,0.1466064453125,0.0016342614544555545,0.04926087334752083,0.0009574342402629554,0.24938569962978363
obj_0039,15,llh,13.000936508178711,0.8865333795547485,0.21364961564540863,6.554376482963562,0.5996598601341248,0.23682701587677002,32.35970735549927,11.320916414260864,0.6165308952331543,0.6059861779212952,13.040146827697754,0.8907381892204285,0.1976090371608734,12.92103886604309,0.8844444155693054,0.21884594857692719,0.9817708333333334,0.703125,0.42394495010375977,0.050018310546875,0.1971435546875,0.01038360595703125,2.7598567803700766,0.37235668301582336,0.111572265625,0.0016342614544555545,0.04926087334752083,0.0009574342402629554,0.24938569962978363
obj_0039,15,c3_lhl,12.807700634002686,0.8824260830879211,0.2212718427181244,6.399526596069336,0.5942698121070862,0.24030804634094238,29.221110343933105,10.019979476928711,0.5691949129104614,0.6058124303817749,12.88529634475708,0.8873247504234314,0.20168671011924744,12.727802991867065,0.8802430033683777,0.22724904119968414,0.9817708333333334,0.705078125,0.3417760133743286,0.05377197265625,0.2098388671875,0.013702392578125,3.7383370399475098,0.3580680191516876,0.1353759765625,0.0016342614544555545,0.04926087334752083,0.0009574342402629554,0.24938569962978363
obj_0040,16,fixed_mean,11.010304689407349,0.8377305269241333,0.2746891379356384,5.299630165100098,0.4847845435142517,0.2951622009277344,28.147974014282227,9.04309868812561,0.5413482785224915,0.49020761251449585,11.072478294372559,0.8432810306549072,0.2490527331829071,11.010304689407349,0.8377305269241333,0.2746891379356384,1.0,0.7763671875,0.3764113783836365,0.0308837890625,0.18603515625,0.01422882080078125,2.6877993742624917,0.37501105666160583,0.1234130859375,0.0016892837593331933,0.05076004937291145,0.0010393911506980658,0.24966438114643097
obj_0040,16,hll,9.829407930374146,0.7755564451217651,0.2949235439300537,4.144936800003052,0.3578689396381378,0.3113018274307251,25.452747344970703,7.456832528114319,0.4816722571849823,0.360543817281723,9.91778552532196,0.8034126162528992,0.2666930556297302,9.829407930374146,0.7755564451217651,0.2949235439300537,1.0,0.8466796875,0.3538893759250641,0.033935546875,0.1827392578125,0.017913818359375,2.5945571263631186,0.38019856810569763,0.140380859375,0.0016892837593331933,0.05076004937291145,0.0010393911506980658,0.24966438114643097
obj_0040,16,llh,12.194046974182129,0.8688083291053772,0.2602715492248535,6.46501362323761,0.5807188749313354,0.28152692317962646,30.842394828796387,10.698075294494629,0.5942656993865967,0.5864686965942383,12.237862348556519,0.8734967112541199,0.23403963446617126,12.194046974182129,0.8688083291053772,0.2602715492248535,1.0,0.7109375,0.40123406052589417,0.02911376953125,0.1746826171875,0.009765625,2.5565836429595947,0.36613354086875916,0.10662841796875,0.0016892837593331933,0.05076004937291145,0.0010393911506980658,0.24966438114643097
obj_0040,16,c3_lhl,12.180917263031006,0.8682318925857544,0.2638568878173828,6.485773324966431,0.5911232233047485,0.2808299660682678,28.35787534713745,9.888243675231934,0.5635640621185303,0.6021860837936401,12.258621454238892,0.8737476468086243,0.23582807183265686,12.180917263031006,0.8682318925857544,0.2638568878173828,1.0,0.7041015625,0.33944380283355713,0.033447265625,0.1822509765625,0.01319122314453125,3.33314847946167,0.34800198674201965,0.126708984375,0.0016892837593331933,0.05076004937291145,0.0010393911506980658,0.24966438114643097
obj_0041,17,fixed_mean,11.87589406967163,0.8292776942253113,0.21485298871994019,4.274302124977112,0.37111735343933105,0.2324669063091278,26.25967264175415,8.047863841056824,0.5128319263458252,0.37348899245262146,12.009541988372803,0.8729432225227356,0.19258275628089905,11.68560266494751,0.824275553226471,0.2256668508052826,0.95703125,0.826171875,0.36207324266433716,0.046875,0.23828125,0.017730712890625,2.710446755091349,0.36272764205932617,0.1546630859375,0.0015064734034240246,0.06947643309831619,0.0013318024575710297,0.2529527246952057
obj_0041,17,hll,11.039454936981201,0.8098506927490234,0.23064865171909332,3.5177868604660034,0.2872684895992279,0.23659564554691315,23.427085876464844,6.7678433656692505,0.45982667803764343,0.28877362608909607,11.253026723861694,0.8549705147743225,0.19645000994205475,10.850117206573486,0.8037732839584351,0.24300912022590637,0.95703125,0.86474609375,0.34161052107810974,0.050018310546875,0.218505859375,0.0209197998046875,2.362316449483236,0.36264660954475403,0.1697998046875,0.0015064734034240246,0.06947643309831619,0.0013318024575710297,0.2529527246952057
obj_0041,17,llh,12.774837017059326,0.850331723690033,0.202424556016922,5.1270222663879395,0.4574543833732605,0.22417360544204712,28.978803157806396,9.531540870666504,0.569953441619873,0.4584983289241791,12.862261533737183,0.8909770250320435,0.18388813734054565,12.584261894226074,0.8460579514503479,0.21232709288597107,0.95703125,0.7802734375,0.4108409285545349,0.044769287109375,0.2318115234375,0.013397216796875,2.8635141849517822,0.36641696095466614,0.1322021484375,0.0015064734034240246,0.06947643309831619,0.0013318024575710297,0.2529527246952057
obj_0041,17,c3_lhl,12.531625032424927,0.858495831489563,0.21174192428588867,4.958411157131195,0.4409240782260895,0.2199212610721588,26.09325647354126,8.393359780311584,0.5299314856529236,0.4486622214317322,12.693651914596558,0.8872977495193481,0.18000328540802002,12.340929508209229,0.8536367416381836,0.22250187397003174,0.95703125,0.7841796875,0.3253473937511444,0.043914794921875,0.2369384765625,0.017608642578125,3.4124579429626465,0.3447515070438385,0.1624755859375,0.0015064734034240246,0.06947643309831619,0.0013318024575710297,0.2529527246952057
obj_0042,18,fixed_mean,12.674099206924438,0.8368349075317383,0.1990438997745514,3.669571578502655,0.1671295017004013,0.20110078155994415,23.541476726531982,7.4494630098342896,0.44061657786369324,0.15698844194412231,13.00021767616272,0.8919427990913391,0.1702994555234909,12.520583868026733,0.8329692482948303,0.2070535123348236,0.96484375,0.83740234375,0.31393179297447205,0.0241241455078125,0.418701171875,0.033966064453125,3.50201948483785,0.35951128602027893,0.227294921875,0.0016531238798052073,0.14005401730537415,0.0038918391801416874,0.25963667035102844
obj_0042,18,hll,12.01117753982544,0.8255189061164856,0.2152843475341797,3.164938986301422,0.09770181030035019,0.20598267018795013,21.23811960220337,6.464317440986633,0.39726683497428894,0.08569788187742233,12.495584487915039,0.8853960037231445,0.17641350626945496,11.860629320144653,0.8213551044464111,0.2217952013015747,0.96484375,0.8544921875,0.3117161989212036,0.01617431640625,0.374267578125,0.0372314453125,2.4160002072652182,0.3628786504268646,0.234619140625,0.0016531238798052073,0.14005401730537415,0.0038918391801416874,0.25963667035102844
obj_0042,18,llh,13.225517272949219,0.8383620381355286,0.18392635881900787,4.129599034786224,0.19918319582939148,0.19228126108646393,25.47581195831299,8.454567790031433,0.47818517684936523,0.18455307185649872,13.460245132446289,0.8978427052497864,0.1642349362373352,13.071038722991943,0.8347410559654236,0.1921563446521759,0.96484375,0.8193359375,0.33865129947662354,0.017364501953125,0.420654296875,0.0281219482421875,3.942676385243734,0.3610740602016449,0.211669921875,0.0016531238798052073,0.14005401730537415,0.0038918391801416874,0.25963667035102844
obj_0042,18,c3_lhl,13.210328817367554,0.8446025252342224,0.19782887399196625,4.219900667667389,0.22276221215724945,0.19403012096881866,23.90084981918335,7.8719329833984375,0.45569103956222534,0.21848033368587494,13.550547361373901,0.8977391123771667,0.1682930886745453,13.055529594421387,0.8410415053367615,0.20589901506900787,0.96484375,0.80126953125,0.27014124393463135,0.028717041015625,0.43115234375,0.032440185546875,3.7758847077687583,0.34131893515586853,0.2366943359375,0.0016531238798052073,0.14005401730537415,0.0038918391801416874,0.25963667035102844
obj_0043,19,fixed_mean,12.204943895339966,0.8383727073669434,0.21024055778980255,4.6847546100616455,0.42077183723449707,0.22911861538887024,27.21473217010498,8.723860383033752,0.5483821034431458,0.4229218363761902,12.319856882095337,0.8764387965202332,0.19253310561180115,12.072975635528564,0.8349409699440002,0.21910405158996582,0.9700520833333334,0.80517578125,0.3604760766029358,0.05694580078125,0.26318359375,0.013519287109375,4.005844751993815,0.3592234253883362,0.1513671875,0.0018097510328516364,0.06896987557411194,0.0012986555229872465,0.24898900091648102
obj_0043,19,hll,11.160736083984375,0.8101673126220703,0.23814530670642853,3.7577199935913086,0.3336285948753357,0.24025726318359375,23.17586898803711,7.33260452747345,0.50032639503479,0.33503416180610657,11.392823457717896,0.8554970622062683,0.20594364404678345,11.029112339019775,0.8059827089309692,0.24732595682144165,0.9700520833333334,0.8486328125,0.3299184739589691,0.0653076171875,0.25146484375,0.016448974609375,3.4982094764709473,0.34915995597839355,0.1871337890625,0.0018097510328516364,0.06896987557411194,0.0012986555229872465,0.24898900091648102
obj_0043,19,llh,13.071455955505371,0.8712936639785767,0.20328620076179504,5.50812304019928,0.5067365169525146,0.22253599762916565,30.10390043258667,10.292060375213623,0.6062867045402527,0.5076058506965637,13.143227100372314,0.8942739963531494,0.1877650022506714,12.939419746398926,0.868463397026062,0.21246394515037537,0.9700520833333334,0.76171875,0.42359215021133423,0.0556640625,0.24365234375,0.01055908203125,3.3836565017700195,0.3604538142681122,0.1273193359375,0.0018097510328516364,0.06896987557411194,0.0012986555229872465,0.24898900091648102
obj_0043,19,c3_lhl,12.833603620529175,0.8764667510986328,0.22005122900009155,5.392645001411438,0.4590264856815338,0.2248196303844452,25.605196952819824,8.921362161636353,0.5512552857398987,0.4652150273323059,13.027749061584473,0.8880208134651184,0.19119635224342346,12.701554298400879,0.8727340698242188,0.22959119081497192,0.9700520833333334,0.751953125,0.29946279525756836,0.051788330078125,0.276123046875,0.0140380859375,4.60941743850708,0.33626729249954224,0.1807861328125,0.0018097510328516364,0.06896987557411194,0.0012986555229872465,0.24898900091648102
obj_0044,20,fixed_mean,13.714556694030762,0.8702391982078552,0.15622855722904205,3.372800350189209,0.21136632561683655,0.1663983315229416,24.613959789276123,8.18763256072998,0.5274183750152588,0.20285576581954956,14.050036668777466,0.9207174777984619,0.1328648328781128,13.25844407081604,0.8614504337310791,0.17046816647052765,0.8958333333333334,0.853515625,0.3370480537414551,0.047271728515625,0.374755859375,0.0269927978515625,2.834927797317505,0.3899310827255249,0.190185546875,0.0017071758629754186,0.09422709792852402,0.0018649769481271505,0.25217053294181824
obj_0044,20,hll,13.0830979347229,0.8619729280471802,0.1765931248664856,3.0578917264938354,0.147962749004364,0.1650168001651764,21.251749992370605,7.196304798126221,0.48634105920791626,0.13883201777935028,13.73512864112854,0.9175792336463928,0.13403230905532837,12.648487091064453,0.8526021242141724,0.19462817907333374,0.8958333333333334,0.85400390625,0.3459208607673645,0.034912109375,0.3193359375,0.0301666259765625,1.8958603541056316,0.3926703631877899,0.1904296875,0.0017071758629754186,0.09422709792852402,0.0018649769481271505,0.25217053294181824
obj_0044,20,llh,14.453569650650024,0.8750250935554504,0.14807386696338654,3.9556312561035156,0.28063708543777466,0.16243582963943481,27.996559143066406,9.514482021331787,0.5775378346443176,0.2682938873767853,14.632866382598877,0.9269739985466003,0.12828056514263153,13.986022472381592,0.8672454357147217,0.16370037198066711,0.8958333333333334,0.8291015625,0.3644102215766907,0.050750732421875,0.394287109375,0.020904541015625,3.6534032821655273,0.39036840200424194,0.1766357421875,0.0017071758629754186,0.09422709792852402,0.0018649769481271505,0.25217053294181824
obj_0044,20,c3_lhl,14.270823001861572,0.8760668635368347,0.1626676470041275,3.8449102640151978,0.2609647214412689,0.16503408551216125,26.38294219970703,8.596602082252502,0.5318588614463806,0.2579725980758667,14.522147178649902,0.9248450398445129,0.13218577206134796,13.801697492599487,0.8675985336303711,0.17901967465877533,0.8958333333333334,0.82958984375,0.2928470969200134,0.048126220703125,0.396728515625,0.0284423828125,3.645685831705729,0.3699302077293396,0.201904296875,0.0017071758629754186,0.09422709792852402,0.0018649769481271505,0.25217053294181824
obj_0045,21,fixed_mean,11.631487607955933,0.858379602432251,0.24858471751213074,6.288912296295166,0.6009300947189331,0.2738391160964966,29.31567668914795,10.987147092819214,0.5861724615097046,0.6076523065567017,11.684463024139404,0.8636053204536438,0.23074518144130707,11.631487607955933,0.858379602432251,0.24858471751213074,1.0,0.7197265625,0.4135778546333313,0.035919189453125,0.161865234375,0.0089263916015625,2.433982531229655,0.36095646023750305,0.102294921875,0.0018088154029101133,0.04084412008523941,0.000886729802004993,0.24815717339515686
obj_0045,21,hll,10.5360746383667,0.8245029449462891,0.2671194076538086,5.220043063163757,0.509875476360321,0.28971439599990845,26.469528675079346,9.374630451202393,0.5481799244880676,0.5156016945838928,10.615592002868652,0.8311763405799866,0.24666398763656616,10.5360746383667,0.8245029449462891,0.2671194076538086,1.0,0.78076171875,0.3965199291706085,0.039398193359375,0.1649169921875,0.01180267333984375,2.4381868839263916,0.36925268173217773,0.11376953125,0.0018088154029101133,0.04084412008523941,0.000886729802004993,0.24815717339515686
obj_0045,21,llh,12.718385457992554,0.8817855715751648,0.24343989789485931,7.354772090911865,0.6764075756072998,0.27102890610694885,32.58984327316284,12.938798666000366,0.6401177048683167,0.6822625994682312,12.750322818756104,0.8860858678817749,0.22788511216640472,12.718385457992554,0.8817855715751648,0.24343989789485931,1.0,0.66552734375,0.4454997777938843,0.043212890625,0.1588134765625,0.0064849853515625,2.514422337214152,0.3562778830528259,0.08953857421875,0.0018088154029101133,0.04084412008523941,0.000886729802004993,0.24815717339515686
obj_0045,21,c3_lhl,12.82382607460022,0.8847725987434387,0.24901443719863892,7.506126165390015,0.6926262974739075,0.27544575929641724,28.848450183868408,11.619318723678589,0.5910130739212036,0.7038569450378418,12.901676893234253,0.890640914440155,0.22763840854167938,12.82382607460022,0.8847725987434387,0.24901443719863892,1.0,0.654296875,0.38112252950668335,0.042938232421875,0.1533203125,0.0081939697265625,2.721670389175415,0.33980828523635864,0.10125732421875,0.0018088154029101133,0.04084412008523941,0.000886729802004993,0.24815717339515686
obj_0046,22,fixed_mean,12.309913635253906,0.8250554203987122,0.21224109828472137,3.5058918595314026,0.12828077375888824,0.2194005399942398,24.016218185424805,7.394307255744934,0.4268187880516052,0.11338271200656891,12.574684619903564,0.8799275755882263,0.18391889333724976,12.161554098129272,0.8210223317146301,0.21959039568901062,0.9661458333333334,0.8447265625,0.27328062057495117,0.021820068359375,0.4912109375,0.03680419921875,3.4130282402038574,0.3421321511268616,0.253662109375,0.001674356171861291,0.1328643411397934,0.0029439986683428288,0.25787824392318726
obj_0046,22,hll,11.78025484085083,0.8177440166473389,0.2228100448846817,3.1204935908317566,0.06834513694047928,0.22319461405277252,21.668903827667236,6.53881311416626,0.39009419083595276,0.05284852907061577,12.189286947250366,0.8757014870643616,0.18602776527404785,11.634106636047363,0.8134218454360962,0.2301117479801178,0.9661458333333334,0.8544921875,0.28588786721229553,0.0094451904296875,0.421630859375,0.0418701171875,2.192626714706421,0.348615825176239,0.25732421875,0.001674356171861291,0.1328643411397934,0.0029439986683428288,0.25787824392318726
obj_0046,22,llh,12.848559617996216,0.8312638401985168,0.1976982206106186,3.958214819431305,0.16631722450256348,0.20922808349132538,26.225645542144775,8.495375514030457,0.4681301712989807,0.14739732444286346,13.027008771896362,0.8864691853523254,0.17704008519649506,12.699497938156128,0.8275477886199951,0.20478910207748413,0.9661458333333334,0.8271484375,0.2991337776184082,0.01776123046875,0.4990234375,0.0299224853515625,4.243233998616536,0.34591639041900635,0.2344970703125,0.001674356171861291,0.1328643411397934,0.0029439986683428288,0.25787824392318726
obj_0046,22,c3_lhl,12.745121717453003,0.8332334160804749,0.21295030415058136,3.9704090356826782,0.17883816361427307,0.2184581458568573,24.00996685028076,7.690709233283997,0.4408719837665558,0.17074237763881683,13.039201498031616,0.8847782015800476,0.1834394335746765,12.595858573913574,0.8293005228042603,0.2205844223499298,0.9661458333333334,0.810546875,0.24254083633422852,0.0282745361328125,0.50390625,0.036651611328125,3.990131457646688,0.32955390214920044,0.2666015625,0.001674356171861291,0.1328643411397934,0.0029439986683428288,0.25787824392318726
obj_0047,23,fixed_mean,17.99290418624878,0.8726828098297119,0.0957428589463234,8.234437704086304,0.1558380275964737,0.11669516563415527,23.774242401123047,8.964259028434753,0.5232625603675842,0.13369883596897125,19.2020583152771,0.9266570210456848,0.06611579656600952,17.674148082733154,0.8670209646224976,0.10207071900367737,0.9231770833333334,0.8916015625,0.4202815592288971,0.0244140625,0.360107421875,0.031341552734375,2.4728550910949707,0.39164549112319946,0.1766357421875,0.07231704890727997,0.31035107374191284,0.015109765343368053,0.32113581895828247
obj_0047,23,hll,17.13735580444336,0.8669347763061523,0.11864085495471954,7.943423390388489,0.1018352136015892,0.12138934433460236,21.52087688446045,8.11818242073059,0.49202001094818115,0.0796942412853241,18.911044597625732,0.9242685437202454,0.0687827616930008,16.836671829223633,0.8606075644493103,0.1268898993730545,0.9231770833333334,0.88671875,0.3962295353412628,0.01491546630859375,0.31640625,0.033538818359375,1.8438351949055989,0.3915266990661621,0.17578125,0.07231704890727997,0.31035107374191284,0.015109765343368053,0.32113581895828247
obj_0047,23,llh,18.522474765777588,0.8706768751144409,0.08504372835159302,8.472540974617004,0.1981341540813446,0.1089208796620369,25.361886024475098,10.01712679862976,0.5718108415603638,0.1718987375497818,19.440162181854248,0.9290602803230286,0.06116468086838722,18.19958209991455,0.8649910688400269,0.09091948717832565,0.9231770833333334,0.89453125,0.476680725812912,0.0279693603515625,0.363037109375,0.0248870849609375,2.7733608881632485,0.39975640177726746,0.161376953125,0.07231704890727997,0.31035107374191284,0.015109765343368053,0.32113581895828247
obj_0047,23,c3_lhl,18.200522661209106,0.8738958835601807,0.1109224408864975,8.505773544311523,0.1878630518913269,0.11793770641088486,23.789172172546387,8.792665600776672,0.5157513618469238,0.1717059463262558,19.473395347595215,0.9287154078483582,0.06887920200824738,17.86894917488098,0.8678271770477295,0.11855027079582214,0.9231770833333334,0.8779296875,0.3752571642398834,0.033355712890625,0.39306640625,0.03472900390625,3.030266761779785,0.3762311637401581,0.191162109375,0.07231704890727997,0.31035107374191284,0.015109765343368053,0.32113581895828247
obj_0048,24,fixed_mean,13.106398582458496,0.8469281792640686,0.19889822602272034,4.570693671703339,0.28368526697158813,0.21030861139297485,26.123526096343994,9.223172664642334,0.48859095573425293,0.28082096576690674,13.298323154449463,0.8875385522842407,0.16773276031017303,12.385210990905762,0.82760089635849,0.21933776140213013,0.845703125,0.84619140625,0.38329222798347473,0.04730224609375,0.33984375,0.02020263671875,3.200328826904297,0.3510744571685791,0.18701171875,0.00425975676625967,0.13810065388679504,0.0046258349902927876,0.21589992940425873
obj_0048,24,hll,12.443914413452148,0.8334571719169617,0.20206548273563385,3.9565202593803406,0.1832815259695053,0.21084682643413544,24.50993537902832,8.384062051773071,0.46612927317619324,0.1728304922580719,12.68414855003357,0.8756915330886841,0.16776177287101746,11.729592084884644,0.8115365505218506,0.22198309004306793,0.845703125,0.87744140625,0.37807556986808777,0.041107177734375,0.3359375,0.023193359375,2.447666565577189,0.35007914900779724,0.1943359375,0.00425975676625967,0.13810065388679504,0.0046258349902927876,0.21589992940425873
obj_0048,24,llh,13.680429458618164,0.8500251770019531,0.19719895720481873,5.1228755712509155,0.3496038615703583,0.209980309009552,27.211577892303467,9.961121678352356,0.516765832901001,0.3486471176147461,13.850505352020264,0.8970890045166016,0.1653260588645935,12.955904006958008,0.8326429724693298,0.2185227870941162,0.845703125,0.818359375,0.3914603590965271,0.04937744140625,0.32763671875,0.0164642333984375,3.260085185368856,0.348183274269104,0.177001953125,0.00425975676625967,0.13810065388679504,0.0046258349902927876,0.21589992940425873
obj_0048,24,c3_lhl,13.616050481796265,0.8558588624000549,0.1968768984079361,5.071256756782532,0.3193163275718689,0.20849564671516418,26.83936834335327,9.564608931541443,0.49756404757499695,0.32025596499443054,13.798885345458984,0.8947069644927979,0.1679556667804718,12.890173196792603,0.8379099369049072,0.21679361164569855,0.845703125,0.8193359375,0.35127711296081543,0.04620361328125,0.3515625,0.021484375,3.536931276321411,0.34185120463371277,0.1920166015625,0.00425975676625967,0.13810065388679504,0.0046258349902927876,0.21589992940425873
obj_0049,25,fixed_mean,12.611024379730225,0.8311115503311157,0.2040332406759262,3.588973581790924,0.1335243433713913,0.20538851618766785,23.987059593200684,7.4960339069366455,0.42625901103019714,0.1196223720908165,12.899689674377441,0.8882839679718018,0.1784987896680832,12.469044923782349,0.8274117708206177,0.2117239236831665,0.9674479166666666,0.83251953125,0.2893826961517334,0.016937255859375,0.481689453125,0.037261962890625,3.6025445461273193,0.35093173384666443,0.25390625,0.0016406411305069923,0.14275778830051422,0.0035645233001559973,0.2612035572528839
obj_0049,25,hll,12.018564939498901,0.8238087296485901,0.21946126222610474,3.1487390398979187,0.07107259333133698,0.21138206124305725,21.63031578063965,6.569712162017822,0.38498643040657043,0.05666160583496094,12.459455728530884,0.8829823136329651,0.1835014820098877,11.878705024719238,0.8198320865631104,0.2270839810371399,0.9674479166666666,0.84765625,0.29222822189331055,0.00826263427734375,0.42919921875,0.04461669921875,2.3172797362009683,0.3561851382255554,0.2626953125,0.0016406411305069923,0.14275778830051422,0.0035645233001559973,0.2612035572528839
obj_0049,25,llh,13.01723837852478,0.8326336145401001,0.189724400639534,3.9193862676620483,0.15783193707466125,0.19638891518115997,25.678672790527344,8.354213237762451,0.45697635412216187,0.13814252614974976,13.230102062225342,0.8930567502975464,0.1721610277891159,12.874640226364136,0.8290185332298279,0.19704344868659973,0.9674479166666666,0.822265625,0.3155706822872162,0.0107574462890625,0.48583984375,0.029998779296875,4.165272394816081,0.35280001163482666,0.2371826171875,0.0016406411305069923,0.14275778830051422,0.0035645233001559973,0.2612035572528839
obj_0049,25,c3_lhl,12.96540379524231,0.836399495601654,0.20814035832881927,3.9716380834579468,0.17653152346611023,0.20357781648635864,23.949475288391113,7.680475115776062,0.43174126744270325,0.16938194632530212,13.28235387802124,0.8921676278114319,0.1787116974592209,12.822474241256714,0.8326988220214844,0.21574656665325165,0.9674479166666666,0.80419921875,0.2636733055114746,0.0219879150390625,0.48486328125,0.038604736328125,3.816737095514933,0.3399961590766907,0.264892578125,0.0016406411305069923,0.14275778830051422,0.0035645233001559973,0.2612035572528839
obj_0050,26,fixed_mean,12.84138798713684,0.8368670344352722,0.20681168138980865,3.7256526947021484,0.15915395319461823,0.207793727517128,23.863329887390137,7.54568874835968,0.4352065920829773,0.14357198774814606,13.156664371490479,0.894622802734375,0.176627978682518,12.745640277862549,0.8344601392745972,0.21066147089004517,0.9778645833333334,0.81787109375,0.292094886302948,0.01824951171875,0.490234375,0.039459228515625,3.710145632425944,0.3454379737377167,0.2437744140625,0.0015414139488711953,0.12538424134254456,0.0029416487086564302,0.2557294964790344
obj_0050,26,hll,12.178049087524414,0.827488362789154,0.22313927114009857,3.2212281227111816,0.09421450644731522,0.21406051516532898,21.50564193725586,6.589779853820801,0.3973444104194641,0.07751361280679703,12.652240991592407,0.8882126212120056,0.1819390058517456,12.084183692932129,0.8250895738601685,0.22718217968940735,0.9778645833333334,0.83447265625,0.29058605432510376,0.0130767822265625,0.461181640625,0.044586181640625,2.6930665175120034,0.34475287795066833,0.255126953125,0.0015414139488711953,0.12538424134254456,0.0029416487086564302,0.2557294964790344
obj_0050,26,llh,13.513580560684204,0.8405523896217346,0.1899687945842743,4.304845929145813,0.21123726665973663,0.19522260129451752,26.00748062133789,8.700397610664368,0.48008427023887634,0.19227710366249084,13.73585820198059,0.9021572470664978,0.16720712184906006,13.417117595672607,0.8383446931838989,0.19336533546447754,0.9778645833333334,0.79443359375,0.3105636537075043,0.01468658447265625,0.47119140625,0.029327392578125,4.213304201761882,0.34793075919151306,0.2208251953125,0.0015414139488711953,0.12538424134254456,0.0029416487086564302,0.2557294964790344
obj_0050,26,c3_lhl,13.336042165756226,0.8445563912391663,0.2073347568511963,4.223686754703522,0.21903473138809204,0.20320749282836914,24.31335687637329,7.921717166900635,0.4478042423725128,0.21149277687072754,13.654699325561523,0.9003238677978516,0.17467476427555084,13.239326477050781,0.8424121141433716,0.21126054227352142,0.9778645833333334,0.78564453125,0.2761993408203125,0.0234527587890625,0.484130859375,0.036651611328125,3.7779091199239097,0.3293571174144745,0.254150390625,0.0015414139488711953,0.12538424134254456,0.0029416487086564302,0.2557294964790344
obj_0051,27,fixed_mean,12.141388654708862,0.8363343477249146,0.2250196635723114,5.112931132316589,0.451703816652298,0.2405076026916504,26.76600217819214,8.724340796470642,0.5340943336486816,0.4565107822418213,12.263984680175781,0.877135694026947,0.19870807230472565,12.038514614105225,0.8336878418922424,0.23456402122974396,0.9765625,0.7763671875,0.37520530819892883,0.036956787109375,0.2225341796875,0.0158538818359375,2.8186667760213218,0.35818496346473694,0.1351318359375,0.0016134425532072783,0.06173891946673393,0.0012337870430201292,0.24566097557544708
obj_0051,27,hll,11.094013452529907,0.8097311854362488,0.24041648209095,4.143356084823608,0.36101311445236206,0.2500874698162079,23.623135089874268,7.365394830703735,0.4879872798919678,0.36461395025253296,11.294409036636353,0.8541521430015564,0.20727741718292236,10.991408824920654,0.8063722252845764,0.2503621280193329,0.9765625,0.826171875,0.3519836366176605,0.042022705078125,0.2183837890625,0.021026611328125,2.603896220525106,0.3683856129646301,0.15478515625,0.0016134425532072783,0.06173891946673393,0.0012337870430201292,0.24566097557544708
obj_0051,27,llh,13.107094764709473,0.8691596984863281,0.2135971188545227,6.0390704870224,0.5289347767829895,0.23135438561439514,29.404494762420654,10.187091827392578,0.590136706829071,0.5327061414718628,13.190122842788696,0.8957470655441284,0.1913192719221115,13.004122972488403,0.8670631647109985,0.22272999584674835,0.9765625,0.7294921875,0.4170984923839569,0.03424072265625,0.21044921875,0.011871337890625,2.8094874223073325,0.3578782379627228,0.11688232421875,0.0016134425532072783,0.06173891946673393,0.0012337870430201292,0.24566097557544708
obj_0051,27,c3_lhl,12.937346696853638,0.8765057325363159,0.21734073758125305,5.972905158996582,0.5346139669418335,0.22907832264900208,25.76909303665161,9.11691427230835,0.5554536581039429,0.5451040267944336,13.12395691871643,0.8939076662063599,0.1864352822303772,12.834347486495972,0.873984158039093,0.22662922739982605,0.9765625,0.724609375,0.3312285840511322,0.0401611328125,0.2191162109375,0.015350341796875,3.2825432618459067,0.34401747584342957,0.141357421875,0.0016134425532072783,0.06173891946673393,0.0012337870430201292,0.24566097557544708
obj_0052,28,fixed_mean,11.501116752624512,0.8143780827522278,0.24840140342712402,4.452342092990875,0.3677281141281128,0.266428679227829,28.00917625427246,8.44172477722168,0.5182123184204102,0.36845093965530396,11.580073833465576,0.8553280234336853,0.2246234118938446,11.39247179031372,0.8110018372535706,0.2586708068847656,0.9752604166666666,0.81689453125,0.34071001410484314,0.044097900390625,0.263427734375,0.019805908203125,3.1060999234517417,0.3656424880027771,0.1552734375,0.0014871760504320264,0.06284182518720627,0.0012226341059431434,0.24678809940814972
obj_0052,28,hll,10.533735752105713,0.7870861291885376,0.26689934730529785,3.5636717081069946,0.27753883600234985,0.27466124296188354,24.077486991882324,6.925746202468872,0.46235913038253784,0.2775806188583374,10.691401958465576,0.8331932425498962,0.23414534330368042,10.425719022750854,0.783180832862854,0.2773444950580597,0.9752604166666666,0.8564453125,0.31445109844207764,0.047698974609375,0.2451171875,0.0241851806640625,2.6142237186431885,0.35604193806648254,0.1842041015625,0.0014871760504320264,0.06284182518720627,0.0012226341059431434,0.24678809940814972
obj_0052,28,llh,12.615505456924438,0.8651942014694214,0.23661725223064423,5.5365025997161865,0.46136000752449036,0.2551449239253998,31.20457887649536,10.160365104675293,0.5787867307662964,0.46163907647132874,12.664233446121216,0.8787158131599426,0.21436120569705963,12.506722211837769,0.8625733852386475,0.24693237245082855,0.9752604166666666,0.7587890625,0.3890450894832611,0.041961669921875,0.2486572265625,0.01476287841796875,3.1484466393788657,0.3697190582752228,0.1297607421875,0.0014871760504320264,0.06284182518720627,0.0012226341059431434,0.24678809940814972
obj_0052,28,c3_lhl,12.452504634857178,0.8599679470062256,0.24021758139133453,5.432196855545044,0.4646645784378052,0.2507750391960144,27.63770580291748,8.969274163246155,0.5423277616500854,0.4714401364326477,12.559927701950073,0.8765908479690552,0.21212001144886017,12.34371304512024,0.8568654656410217,0.25042033195495605,0.9752604166666666,0.75146484375,0.276224821805954,0.044403076171875,0.26416015625,0.0189056396484375,3.6194230715433755,0.33853307366371155,0.1697998046875,0.0014871760504320264,0.06284182518720627,0.0012226341059431434,0.24678809940814972
obj_0053,29,fixed_mean,11.857762336730957,0.8126073479652405,0.22934657335281372,3.851119875907898,0.18374881148338318,0.2363097220659256,25.341362953186035,7.776644229888916,0.4363965094089508,0.1728745698928833,12.026064395904541,0.8625516891479492,0.20852002501487732,11.80098295211792,0.810970664024353,0.23268355429172516,0.9869791666666666,0.84814453125,0.3000527024269104,0.02203369140625,0.40625,0.028900146484375,3.682006359100342,0.35151785612106323,0.218017578125,0.00172794284299016,0.13946743309497833,0.003430117852985859,0.2552303969860077
obj_0053,29,hll,11.159801483154297,0.7996718287467957,0.24393796920776367,3.248683214187622,0.10728590190410614,0.24436026811599731,22.73848056793213,6.69934868812561,0.3899269104003906,0.09522496163845062,11.423628330230713,0.8518164753913879,0.2153538167476654,11.10352873802185,0.7978261113166809,0.24698881804943085,0.9869791666666666,0.87353515625,0.29430562257766724,0.0183868408203125,0.3662109375,0.033447265625,2.603342851003011,0.3560096323490143,0.2261962890625,0.00172794284299016,0.13946743309497833,0.003430117852985859,0.2552303969860077
obj_0053,29,llh,12.580585479736328,0.8489251732826233,0.21917614340782166,4.516584277153015,0.24662762880325317,0.22718626260757446,27.845563888549805,9.104049801826477,0.4890526533126831,0.23255208134651184,12.691528797149658,0.8741499185562134,0.20153260231018066,12.523694038391113,0.8476258516311646,0.22274364531040192,0.9869791666666666,0.814453125,0.32930511236190796,0.0200347900390625,0.4072265625,0.0223236083984375,4.0878299077351885,0.3534700870513916,0.1961669921875,0.00172794284299016,0.13946743309497833,0.003430117852985859,0.2552303969860077
obj_0053,29,c3_lhl,12.488768100738525,0.8467337489128113,0.22989849746227264,4.511485993862152,0.25270795822143555,0.23443669080734253,25.28860330581665,8.227531909942627,0.4546070694923401,0.24939778447151184,12.686430215835571,0.8722723722457886,0.20645081996917725,12.431857585906982,0.8452114462852478,0.23332655429840088,0.9869791666666666,0.8017578125,0.2739641070365906,0.028839111328125,0.408935546875,0.028106689453125,4.05122447013855,0.3368867337703705,0.2261962890625,0.00172794284299016,0.13946743309497833,0.003430117852985859,0.2552303969860077
obj_0054,30,fixed_mean,12.19756007194519,0.8190425038337708,0.21171629428863525,3.9240559935569763,0.18604902923107147,0.22133558988571167,24.227027893066406,7.6945143938064575,0.438346803188324,0.1760106235742569,12.437937259674072,0.8731064796447754,0.18668800592422485,12.106667757034302,0.8164024353027344,0.21561604738235474,0.9791666666666666,0.82177734375,0.26700863242149353,0.0233612060546875,0.437744140625,0.0281829833984375,3.96268359820048,0.33845365047454834,0.2230224609375,0.001590475207194686,0.11741627007722855,0.0029040102381259203,0.25444838404655457
obj_0054,30,hll,11.448270082473755,0.8088992238044739,0.2312019318342209,3.2968831062316895,0.11402643471956253,0.22682002186775208,21.754016876220703,6.6109699010849,0.3924626111984253,0.10341465473175049,11.810762882232666,0.8640244603157043,0.19468937814235687,11.358579397201538,0.8060895800590515,0.2354252189397812,0.9791666666666666,0.8466796875,0.2605912387371063,0.0192413330078125,0.393310546875,0.032379150390625,3.063796599706014,0.3416183888912201,0.2327880859375,0.001590475207194686,0.11741627007722855,0.0029040102381259203,0.25444838404655457
obj_0054,30,llh,12.891088724136353,0.8337947130203247,0.19794374704360962,4.556001424789429,0.24221152067184448,0.2108713984489441,26.17543935775757,8.811646699905396,0.4795383810997009,0.23004908859729767,13.069881200790405,0.8832229375839233,0.17657428979873657,12.799843549728394,0.8315456509590149,0.2017063945531845,0.9791666666666666,0.7939453125,0.2937992513179779,0.018890380859375,0.419677734375,0.022796630859375,4.253291765848796,0.343457967042923,0.20068359375,0.001590475207194686,0.11741627007722855,0.0029040102381259203,0.25444838404655457
obj_0054,30,c3_lhl,12.788376808166504,0.8323681950569153,0.21394586563110352,4.5455217361450195,0.24292555451393127,0.21876949071884155,24.311859607696533,8.119363188743591,0.45221951603889465,0.2391655296087265,13.059402704238892,0.8805162906646729,0.1847749501466751,12.697051763534546,0.829971969127655,0.21777193248271942,0.9791666666666666,0.779296875,0.2341252863407135,0.02972412109375,0.439208984375,0.0261383056640625,4.281349182128906,0.32062995433807373,0.23486328125,0.001590475207194686,0.11741627007722855,0.0029040102381259203,0.25444838404655457
obj_0055,31,fixed_mean,12.302976846694946,0.8354877233505249,0.23025938868522644,5.253171920776367,0.4210452735424042,0.22984960675239563,25.4323410987854,8.192414045333862,0.46518805623054504,0.42801424860954285,12.47768759727478,0.8690350651741028,0.2105807512998581,12.194242477416992,0.8324657678604126,0.236761674284935,0.9752604166666666,0.7861328125,0.30720654129981995,0.051239013671875,0.23046875,0.0150909423828125,3.4080780347188315,0.35544025897979736,0.1500244140625,0.001699404208920896,0.12006845325231552,0.003989312797784805,0.2603553235530853
obj_0055,31,hll,11.404750347137451,0.8069418668746948,0.24637086689472198,4.386115074157715,0.35698455572128296,0.2388889491558075,23.83662700653076,7.123459577560425,0.42414218187332153,0.36362823843955994,11.610631942749023,0.8507559299468994,0.21902194619178772,11.296225786209106,0.8036730289459229,0.2538394331932068,0.9752604166666666,0.8310546875,0.28602418303489685,0.0579833984375,0.2237548828125,0.01910400390625,3.374746878941854,0.35756686329841614,0.168701171875,0.001699404208920896,0.12006845325231552,0.003989312797784805,0.2603553235530853
obj_0055,31,llh,12.960916757583618,0.8509140014648438,0.22421017289161682,5.8772969245910645,0.46657994389533997,0.22948415577411652,27.007696628570557,9.142584800720215,0.5028930306434631,0.47143930196762085,13.101812601089478,0.8803761601448059,0.2074347883462906,12.852145433425903,0.8481540679931641,0.23254187405109406,0.9752604166666666,0.75537109375,0.33290424942970276,0.052001953125,0.2205810546875,0.01163482666015625,3.130883057912191,0.35530850291252136,0.132080078125,0.001699404208920896,0.12006845325231552,0.003989312797784805,0.2603553235530853
obj_0055,31,c3_lhl,12.878546714782715,0.856982409954071,0.2299547791481018,5.854803919792175,0.46342653036117554,0.22129784524440765,25.417006015777588,8.59677255153656,0.4718952476978302,0.4746536910533905,13.079320192337036,0.8798636794090271,0.20177868008613586,12.769755125045776,0.8540843725204468,0.2360534369945526,0.9752604166666666,0.74951171875,0.27887389063835144,0.04937744140625,0.232666015625,0.0157012939453125,3.9226282437642417,0.3446647822856903,0.155517578125,0.001699404208920896,0.12006845325231552,0.003989312797784805,0.2603553235530853
obj_0056,32,fixed_mean,11.469045877456665,0.8498815894126892,0.2579185962677002,5.713047385215759,0.5475411415100098,0.2815479040145874,28.227028846740723,9.569699764251709,0.5674524903297424,0.5541068911552429,11.537232398986816,0.8556064963340759,0.238386332988739,11.423568725585938,0.8483012914657593,0.26345205307006836,0.9895833333333334,0.7490234375,0.39472123980522156,0.04766845703125,0.18798828125,0.010986328125,2.9971516927083335,0.35379597544670105,0.11981201171875,0.001537871197797358,0.04905855655670166,0.0009597673779353499,0.2470199465751648
obj_0056,32,hll,10.305118560791016,0.8004067540168762,0.2779102027416229,4.585736691951752,0.45777368545532227,0.29790234565734863,25.21465301513672,7.836679816246033,0.5160760283470154,0.46356022357940674,10.40992021560669,0.8224753141403198,0.2557194232940674,10.259641408920288,0.7986545562744141,0.2838992774486542,0.9895833333333334,0.8154296875,0.36486345529556274,0.055450439453125,0.182373046875,0.01385498046875,2.9524566332499185,0.35705283284187317,0.138916015625,0.001537871197797358,0.04905855655670166,0.0009597673779353499,0.2470199465751648
obj_0056,32,llh,12.565453052520752,0.8751385807991028,0.2528882324695587,6.787266135215759,0.6216598749160767,0.2726309597492218,31.02201223373413,11.255714893341064,0.6180617809295654,0.6279768347740173,12.611449956893921,0.8798595070838928,0.23247165977954865,12.51997709274292,0.8738242387771606,0.25821009278297424,0.9895833333333334,0.69091796875,0.41879984736442566,0.0478515625,0.179931640625,0.0083770751953125,2.75287659962972,0.34757429361343384,0.10467529296875,0.001537871197797358,0.04905855655670166,0.0009597673779353499,0.2470199465751648
obj_0056,32,c3_lhl,12.58614182472229,0.8751690983772278,0.25390318036079407,6.858038306236267,0.6302146911621094,0.2706582546234131,27.868688106536865,10.163130760192871,0.5786722302436829,0.6412501931190491,12.682223320007324,0.8815971612930298,0.22725209593772888,12.540665864944458,0.8738551139831543,0.2594241797924042,0.9895833333333334,0.681640625,0.3574005663394928,0.04888916015625,0.1822509765625,0.01073455810546875,3.461483875910441,0.3353813886642456,0.12188720703125,0.001537871197797358,0.04905855655670166,0.0009597673779353499,0.2470199465751648
obj_0057,33,fixed_mean,15.900733470916748,0.9022917151451111,0.13867256045341492,3.508296012878418,0.1368759423494339,0.13600338995456696,23.928399085998535,9.212318062782288,0.5348514318466187,0.11760979145765305,16.605340242385864,0.9528836011886597,0.10707899928092957,15.342237949371338,0.8949926495552063,0.1579866260290146,0.8658854166666666,0.80810546875,0.32915353775024414,0.0271148681640625,0.59716796875,0.06097412109375,3.17582114537557,0.3847357928752899,0.27099609375,0.0015748342266306281,0.13943004608154297,0.0027258587069809437,0.2583162486553192
obj_0057,33,hll,15.12060284614563,0.8937247395515442,0.1538524031639099,3.2822415232658386,0.10417333245277405,0.1366216242313385,20.895187854766846,8.32654356956482,0.5160026550292969,0.0853826254606247,16.37928605079651,0.9522801637649536,0.1070946678519249,14.612003564834595,0.8866696357727051,0.17482681572437286,0.8658854166666666,0.80322265625,0.334206759929657,0.0186004638671875,0.53564453125,0.06512451171875,2.5324697494506836,0.3925940692424774,0.267822265625,0.0015748342266306281,0.13943004608154297,0.0027258587069809437,0.2583162486553192
obj_0057,33,llh,16.670678853988647,0.9002811908721924,0.12430606782436371,3.9643096923828125,0.1675993949174881,0.1329653561115265,27.10599184036255,10.441199541091919,0.5698887705802917,0.1419060230255127,17.06135392189026,0.9544931054115295,0.10450874269008636,16.082234382629395,0.8936912417411804,0.14313258230686188,0.8658854166666666,0.79541015625,0.31587979197502136,0.0295562744140625,0.64892578125,0.0484619140625,4.217869361241658,0.37889498472213745,0.2587890625,0.0015748342266306281,0.13943004608154297,0.0027258587069809437,0.2583162486553192
obj_0057,33,c3_lhl,16.342955827713013,0.901494026184082,0.1454675942659378,3.7727490067481995,0.1603672355413437,0.13886316120624542,25.546531677246094,9.301119446754456,0.5427614450454712,0.148695707321167,16.869794130325317,0.9534229636192322,0.1101379469037056,15.753240585327148,0.8942523002624512,0.1667018085718155,0.8658854166666666,0.796875,0.29636746644973755,0.032623291015625,0.6240234375,0.07220458984375,3.744560877482096,0.37943223118782043,0.28369140625,0.0015748342266306281,0.13943004608154297,0.0027258587069809437,0.2583162486553192
obj_0058,34,fixed_mean,12.695128917694092,0.837321937084198,0.2063683569431305,3.3520960807800293,0.11730518192052841,0.20541927218437195,22.77825117111206,6.474078893661499,0.41010230779647827,0.09942090511322021,13.093715906143188,0.8962039947509766,0.17586550116539001,12.506897449493408,0.8325042128562927,0.2144831418991089,0.95703125,0.8564453125,0.2859753966331482,0.020965576171875,0.482666015625,0.03857421875,3.1345370610555015,0.36565661430358887,0.2364501953125,0.0016411582473665476,0.14604206383228302,0.0034875022247433662,0.26273855566978455
obj_0058,34,hll,12.209446430206299,0.8321061730384827,0.21678279340267181,3.0427056550979614,0.06536561250686646,0.20555788278579712,20.788538455963135,5.756155252456665,0.37159934639930725,0.04781472310423851,12.784324884414673,0.8933402299880981,0.177573561668396,12.024513483047485,0.8271592855453491,0.226567804813385,0.95703125,0.8623046875,0.30134665966033936,0.0080108642578125,0.4072265625,0.040863037109375,2.026902357737223,0.3691844344139099,0.23828125,0.0016411582473665476,0.14604206383228302,0.0034875022247433662,0.26273855566978455
obj_0058,34,llh,13.225445747375488,0.8394356966018677,0.19143089652061462,3.7804263830184937,0.15515358746051788,0.19772517681121826,24.541778564453125,7.434366345405579,0.4484786093235016,0.1326998770236969,13.522045612335205,0.9013739824295044,0.16819339990615845,13.035885095596313,0.8349245190620422,0.1984197199344635,0.95703125,0.84033203125,0.31003645062446594,0.019317626953125,0.5,0.03326416015625,4.141534487406413,0.3708064556121826,0.2191162109375,0.0016411582473665476,0.14604206383228302,0.0034875022247433662,0.26273855566978455
obj_0058,34,c3_lhl,13.086771965026855,0.8436263203620911,0.20765449106693268,3.7643083930015564,0.16200940310955048,0.2028588503599167,22.961490154266357,6.756791472434998,0.4212932288646698,0.15060603618621826,13.505927324295044,0.8997511267662048,0.17639699578285217,12.896850109100342,0.8392866849899292,0.21733522415161133,0.95703125,0.826171875,0.26153090596199036,0.02655029296875,0.50634765625,0.039154052734375,3.844407399495443,0.3498348891735077,0.25390625,0.0016411582473665476,0.14604206383228302,0.0034875022247433662,0.26273855566978455
obj_0059,35,fixed_mean,12.04708218574524,0.8171197772026062,0.22485460340976715,3.739839494228363,0.16399060189723969,0.23070982098579407,25.26449203491211,7.700651288032532,0.43475404381752014,0.15205590426921844,12.228535413742065,0.870437741279602,0.19925457239151,11.96179986000061,0.8146434426307678,0.22883591055870056,0.98046875,0.8447265625,0.2972490191459656,0.0169830322265625,0.42333984375,0.031585693359375,3.7674347559611,0.3533531725406647,0.22412109375,0.0016819535521790385,0.11821537464857101,0.0028719017282128334,0.2548387944698334
obj_0059,35,hll,11.349793672561646,0.8039594292640686,0.2406320720911026,3.151545822620392,0.09107597917318344,0.23709549009799957,22.57814645767212,6.624187231063843,0.3916259706020355,0.07737944275140762,11.640242338180542,0.8611541390419006,0.2058209329843521,11.265429258346558,0.8013249039649963,0.2444734275341034,0.98046875,0.8701171875,0.3067544996738434,0.01226043701171875,0.3759765625,0.0362548828125,2.6423497200012207,0.3606441617012024,0.23046875,0.0016819535521790385,0.11821537464857101,0.0028719017282128334,0.2548387944698334
obj_0059,35,llh,12.590526342391968,0.8365683555603027,0.2125813066959381,4.228695631027222,0.2108808308839798,0.22139625251293182,27.335002422332764,8.790144920349121,0.4770312011241913,0.195810928940773,12.7173912525177,0.8789460062980652,0.19128644466400146,12.504990100860596,0.834478497505188,0.21629250049591064,0.98046875,0.82373046875,0.32753652334213257,0.01340484619140625,0.419189453125,0.02545166015625,4.066622734069824,0.3568090498447418,0.206298828125,0.0016819535521790385,0.11821537464857101,0.0028719017282128334,0.2548387944698334
obj_0059,35,c3_lhl,12.613359689712524,0.8412730693817139,0.22498586773872375,4.331522583961487,0.2291935682296753,0.22880958020687103,25.274271965026855,8.09083342552185,0.4544074535369873,0.22436879575252533,12.820218801498413,0.8782687783241272,0.1974513828754425,12.527754306793213,0.8389820456504822,0.2289579063653946,0.98046875,0.8037109375,0.2644856870174408,0.0240936279296875,0.4296875,0.031768798828125,4.186801115671794,0.3397567570209503,0.234130859375,0.0016819535521790385,0.11821537464857101,0.0028719017282128334,0.2548387944698334
obj_0060,36,fixed_mean,11.587004661560059,0.8316468000411987,0.2459336817264557,4.95097428560257,0.4548494219779968,0.2710891366004944,27.758655548095703,8.882545828819275,0.5383623838424683,0.45930373668670654,11.670342683792114,0.8602889180183411,0.22373315691947937,11.484042406082153,0.8285945653915405,0.2566820979118347,0.9765625,0.7890625,0.3373175263404846,0.045562744140625,0.2242431640625,0.01678466796875,2.8137029012044272,0.36085301637649536,0.14501953125,0.0017297109588980675,0.05800313502550125,0.0011185031617060304,0.24582183361053467
obj_0060,36,hll,10.530378818511963,0.7906211018562317,0.25983449816703796,3.9640986919403076,0.34974077343940735,0.278049111366272,24.095730781555176,7.391694188117981,0.4831260144710541,0.35262903571128845,10.683467388153076,0.8328297138214111,0.23139484226703644,10.427786111831665,0.7867394089698792,0.2709237337112427,0.9765625,0.8369140625,0.30830058455467224,0.048004150390625,0.21826171875,0.021759033203125,2.565154711405436,0.3648450970649719,0.1685791015625,0.0017297109588980675,0.05800313502550125,0.0011185031617060304,0.24582183361053467
obj_0060,36,llh,12.825884819030762,0.8811141848564148,0.2274375855922699,6.156345009803772,0.5509488582611084,0.2524464726448059,31.2143874168396,10.752161741256714,0.6013724207878113,0.5550901889801025,12.875714302062988,0.8878227472305298,0.2069149613380432,12.722887992858887,0.8784165382385254,0.23758190870285034,0.9765625,0.7236328125,0.39544034004211426,0.03912353515625,0.2054443359375,0.01210784912109375,2.781052509943644,0.35989293456077576,0.12005615234375,0.0017297109588980675,0.05800313502550125,0.0011185031617060304,0.24582183361053467
obj_0060,36,c3_lhl,12.713185548782349,0.8785077929496765,0.23351261019706726,6.132641434669495,0.5565702319145203,0.25271347165107727,26.696157455444336,9.418674111366272,0.5545121431350708,0.5674245357513428,12.852010726928711,0.8861274719238281,0.20863734185695648,12.610185146331787,0.8755937218666077,0.24383413791656494,0.9765625,0.71484375,0.29723960161209106,0.044769287109375,0.218017578125,0.0160369873046875,3.425661484400431,0.34258854389190674,0.1488037109375,0.0017297109588980675,0.05800313502550125,0.0011185031617060304,0.24582183361053467
obj_0061,37,fixed_mean,11.944952011108398,0.8165345788002014,0.21990220248699188,3.7203019857406616,0.17064929008483887,0.22661474347114563,23.63865613937378,7.1722376346588135,0.42404043674468994,0.16004282236099243,12.204943895339966,0.8713230490684509,0.19200396537780762,11.893938779830933,0.8151425123214722,0.22395817935466766,0.98828125,0.85009765625,0.3193647265434265,0.01641845703125,0.3974609375,0.031402587890625,3.5957493782043457,0.36805960536003113,0.2091064453125,0.0016863050404936075,0.11985104531049728,0.002943129278719425,0.26074010133743286
obj_0061,37,hll,11.182056665420532,0.8028690814971924,0.23343056440353394,3.0682212114334106,0.08397024869918823,0.232697531580925,21.388626098632812,6.027124524116516,0.3724542260169983,0.07110239565372467,11.552863121032715,0.8599744439125061,0.19877223670482635,11.131558418273926,0.8013237714767456,0.23757725954055786,0.98828125,0.88037109375,0.3155999779701233,0.0117034912109375,0.353271484375,0.034576416015625,2.4189111391703286,0.3713267147541046,0.214599609375,0.0016863050404936075,0.11985104531049728,0.002943129278719425,0.26074010133743286
obj_0061,37,llh,12.583296298980713,0.8415334224700928,0.2057044357061386,4.287161827087402,0.22188793122768402,0.2176826000213623,25.637903213500977,8.345930576324463,0.4689485430717468,0.20939737558364868,12.771803140640259,0.8804352879524231,0.1820366382598877,12.532143592834473,0.8403029441833496,0.20956926047801971,0.98828125,0.822265625,0.35018643736839294,0.0133514404296875,0.401611328125,0.025054931640625,3.9914854367574057,0.36717522144317627,0.1951904296875,0.0016863050404936075,0.11985104531049728,0.002943129278719425,0.26074010133743286
obj_0061,37,c3_lhl,12.568637132644653,0.8452411890029907,0.21629205346107483,4.367455840110779,0.2452126145362854,0.22200541198253632,23.898634910583496,7.678984999656677,0.4492069184780121,0.2421587109565735,12.852097749710083,0.8806307911872864,0.1883508861064911,12.517455816268921,0.8438512086868286,0.22047166526317596,0.98828125,0.80712890625,0.2881746292114258,0.025360107421875,0.4033203125,0.0301666259765625,3.9036651452382407,0.3499847650527954,0.2158203125,0.0016863050404936075,0.11985104531049728,0.002943129278719425,0.26074010133743286
obj_0062,38,fixed_mean,16.78662657737732,0.7933008074760437,0.171931192278862,10.527604818344116,0.22976306080818176,0.20543262362480164,30.660414695739746,11.918553113937378,0.628638505935669,0.21823707222938538,16.926043033599854,0.8196915984153748,0.16330300271511078,16.78662657737732,0.7933008074760437,0.171931192278862,1.0,0.8720703125,0.23053580522537231,0.09991455078125,0.2415771484375,0.0146331787109375,3.0083609422047934,0.42994236946105957,0.108154296875,0.1964152604341507,0.3491023778915405,0.018574021756649017,0.36698293685913086
obj_0062,38,hll,16.20667338371277,0.7876296043395996,0.1815885305404663,10.03653883934021,0.21409907937049866,0.21500077843666077,27.982637882232666,10.750188827514648,0.600064218044281,0.20403559505939484,16.434977054595947,0.8155403733253479,0.17066866159439087,16.20667338371277,0.7876296043395996,0.1815885305404663,1.0,0.884765625,0.21153871715068817,0.088134765625,0.2213134765625,0.0159759521484375,2.889292001724243,0.42850345373153687,0.11212158203125,0.1964152604341507,0.3491023778915405,0.018574021756649017,0.36698293685913086
obj_0062,38,llh,17.274569272994995,0.8035052418708801,0.17057070136070251,10.995961427688599,0.23072434961795807,0.19993647933006287,31.796138286590576,12.708278894424438,0.644626259803772,0.21732111275196075,17.394399642944336,0.8250347375869751,0.16112855076789856,17.274569272994995,0.8035052418708801,0.17057070136070251,1.0,0.8564453125,0.23703043162822723,0.10015869140625,0.25732421875,0.01410675048828125,3.132875601450602,0.42561304569244385,0.10870361328125,0.1964152604341507,0.3491023778915405,0.018574021756649017,0.36698293685913086
obj_0062,38,c3_lhl,17.226521968841553,0.8099928498268127,0.16855815052986145,10.976715087890625,0.24213774502277374,0.20220033824443817,30.826971530914307,12.102735042572021,0.6334663033485413,0.23157978057861328,17.375153303146362,0.8295477032661438,0.1574701964855194,17.226521968841553,0.8099928498268127,0.16855815052986145,1.0,0.85302734375,0.24122142791748047,0.10296630859375,0.2496337890625,0.01409149169921875,3.3954495588938394,0.40479201078414917,0.1165771484375,0.1964152604341507,0.3491023778915405,0.018574021756649017,0.36698293685913086
obj_0063,39,fixed_mean,13.286726474761963,0.8430935740470886,0.20418423414230347,4.45227175951004,0.2611754834651947,0.1995091736316681,24.2838716506958,7.863365411758423,0.45353928208351135,0.25831466913223267,13.601034879684448,0.8980825543403625,0.17264115810394287,13.053598403930664,0.8374550342559814,0.21658053994178772,0.9466145833333334,0.767578125,0.2882205545902252,0.0350341796875,0.422119140625,0.02978515625,3.7318034172058105,0.32987937331199646,0.2410888671875,0.0014185929903760552,0.13814468681812286,0.004295718390494585,0.2560015618801117
obj_0063,39,hll,12.397732734680176,0.8308148980140686,0.2248321771621704,3.765154480934143,0.17726999521255493,0.20671725273132324,21.339714527130127,6.731300950050354,0.4091895520687103,0.17078693211078644,12.913918495178223,0.8886202573776245,0.17992793023586273,12.170675992965698,0.824207067489624,0.23704393208026886,0.9466145833333334,0.7939453125,0.2748580574989319,0.032470703125,0.405029296875,0.032012939453125,3.2698028087615967,0.33191049098968506,0.252197265625,0.0014185929903760552,0.13814468681812286,0.004295718390494585,0.2560015618801117
obj_0063,39,llh,14.192804098129272,0.8497092127799988,0.1809384971857071,5.25423526763916,0.3302549421787262,0.18656015396118164,26.885766983032227,9.20289397239685,0.4989390969276428,0.32631808519363403,14.402998685836792,0.9079756140708923,0.15984778106212616,13.957476615905762,0.8445905447006226,0.19249579310417175,0.9466145833333334,0.73486328125,0.30824339389801025,0.03167724609375,0.398681640625,0.0214996337890625,4.019240538279216,0.32795220613479614,0.2144775390625,0.0014185929903760552,0.13814468681812286,0.004295718390494585,0.2560015618801117
obj_0063,39,c3_lhl,13.806761503219604,0.8492850661277771,0.20917248725891113,4.999341666698456,0.306954562664032,0.19650793075561523,24.45889949798584,8.163642883300781,0.46042099595069885,0.3098810911178589,14.148104190826416,0.9036803841590881,0.17156124114990234,13.570849895477295,0.8438385128974915,0.22105005383491516,0.9466145833333334,0.734375,0.2746921479701996,0.03814697265625,0.42431640625,0.028289794921875,3.927097717920939,0.31916362047195435,0.2464599609375,0.0014185929903760552,0.13814468681812286,0.004295718390494585,0.2560015618801117
obj_0064,40,fixed_mean,11.71143651008606,0.8601799011230469,0.24146702885627747,5.834537744522095,0.5565546751022339,0.266554594039917,28.646693229675293,9.745759963989258,0.5813542008399963,0.5626104474067688,11.777505874633789,0.8659823536872864,0.22231720387935638,11.694438457489014,0.859637439250946,0.2464955747127533,0.99609375,0.7431640625,0.4074515402317047,0.03924560546875,0.178955078125,0.0101470947265625,2.913583199183146,0.36054500937461853,0.11285400390625,0.001622866722755134,0.046623535454273224,0.0009754133061505854,0.24747049808502197
obj_0064,40,hll,10.714659690856934,0.8151992559432983,0.25692006945610046,4.864409565925598,0.468610942363739,0.28143203258514404,26.19154691696167,8.30403447151184,0.5327180624008179,0.47407135367393494,10.807379484176636,0.8377227783203125,0.2371528446674347,10.697664022445679,0.8146159052848816,0.262125700712204,0.99609375,0.7998046875,0.38426974415779114,0.04339599609375,0.1842041015625,0.01351165771484375,3.110708236694336,0.3646096885204315,0.12841796875,0.001622866722755134,0.046623535454273224,0.0009754133061505854,0.24747049808502197
obj_0064,40,llh,12.59478211402893,0.8806336522102356,0.24034523963928223,6.695501804351807,0.627224326133728,0.2631261348724365,31.315181255340576,11.226683855056763,0.632332444190979,0.6320704817771912,12.638469934463501,0.885492742061615,0.21837224066257477,12.577784061431885,0.8801699876785278,0.24537551403045654,0.99609375,0.697265625,0.4455011487007141,0.044097900390625,0.171142578125,0.00780487060546875,2.6755005518595376,0.36091896891593933,0.0970458984375,0.001622866722755134,0.046623535454273224,0.0009754133061505854,0.24747049808502197
obj_0064,40,c3_lhl,12.623986005783081,0.8808853626251221,0.23840032517910004,6.770252585411072,0.6331572532653809,0.2622830867767334,28.265395164489746,10.22678256034851,0.589402437210083,0.6437429189682007,12.713220119476318,0.8866254091262817,0.21617217361927032,12.60698676109314,0.8804183006286621,0.2433995008468628,0.99609375,0.6875,0.36952683329582214,0.044586181640625,0.1767578125,0.010284423828125,3.5056873162587485,0.34049320220947266,0.1177978515625,0.001622866722755134,0.046623535454273224,0.0009754133061505854,0.24747049808502197
obj_0065,41,fixed_mean,12.908726930618286,0.84071284532547,0.20447297394275665,4.797375202178955,0.34488287568092346,0.2018299251794815,24.681618213653564,7.187623381614685,0.43714988231658936,0.3509647250175476,13.162671327590942,0.8861978650093079,0.17280684411525726,12.683699131011963,0.8348627090454102,0.21538852155208588,0.94921875,0.7998046875,0.2846396863460541,0.057586669921875,0.289306640625,0.0230560302734375,3.5654985904693604,0.3563132882118225,0.1702880859375,0.0016258477699011564,0.14290466904640198,0.004566315561532974,0.26328137516975403
obj_0065,41,hll,11.977992057800293,0.8275116682052612,0.22698290646076202,3.955147862434387,0.27545931935310364,0.21059025824069977,22.49601125717163,6.178337335586548,0.3986705243587494,0.27974095940589905,12.320444583892822,0.872891366481781,0.1812736541032791,11.754896640777588,0.8210430145263672,0.23961369693279266,0.94921875,0.83984375,0.25909867882728577,0.0596923828125,0.27392578125,0.0264739990234375,3.1620317300160727,0.35291630029678345,0.19189453125,0.0016258477699011564,0.14290466904640198,0.004566315561532974,0.26328137516975403
obj_0065,41,llh,13.71456265449524,0.8471735715866089,0.19315314292907715,5.557122230529785,0.3991767466068268,0.19558081030845642,26.334378719329834,8.185916543006897,0.4806319773197174,0.40299123525619507,13.922418355941772,0.8970671892166138,0.1661023497581482,13.488962650299072,0.8420787453651428,0.20439881086349487,0.94921875,0.76318359375,0.3185926675796509,0.057220458984375,0.273193359375,0.017303466796875,3.334047555923462,0.3549715578556061,0.14697265625,0.0016258477699011564,0.14290466904640198,0.004566315561532974,0.26328137516975403
obj_0065,41,c3_lhl,13.3771812915802,0.8491114974021912,0.20629262924194336,5.291617512702942,0.37214013934135437,0.1963537633419037,24.7428035736084,7.527993321418762,0.4424144923686981,0.38160839676856995,13.656914234161377,0.8924074172973633,0.16829454898834229,13.151153326034546,0.8436011075973511,0.21728351712226868,0.94921875,0.76953125,0.2545534074306488,0.055206298828125,0.303466796875,0.023040771484375,4.2491739590962725,0.338739812374115,0.18603515625,0.0016258477699011564,0.14290466904640198,0.004566315561532974,0.26328137516975403
obj_0066,42,fixed_mean,11.693121194839478,0.8388054370880127,0.2472238838672638,5.258203148841858,0.4473622739315033,0.2673029899597168,27.05754280090332,8.555662035942078,0.5264219045639038,0.45153364539146423,11.792482137680054,0.8618565201759338,0.2228236049413681,11.613225936889648,0.8364598751068115,0.2531264126300812,0.9817708333333334,0.7763671875,0.3825737535953522,0.0289459228515625,0.21044921875,0.0155792236328125,2.980626424153646,0.37508997321128845,0.13330078125,0.0016811286332085729,0.06168394535779953,0.0011533423094078898,0.24795952439308167
obj_0066,42,hll,10.648530721664429,0.7937162518501282,0.26406633853912354,4.247384965419769,0.35176533460617065,0.2762775421142578,24.759070873260498,7.286456227302551,0.4755798578262329,0.35393330454826355,10.781666040420532,0.8350834250450134,0.2312546819448471,10.568734407424927,0.7908740639686584,0.2702966332435608,0.9817708333333334,0.83154296875,0.3583587110042572,0.032806396484375,0.209228515625,0.01885986328125,2.929658571879069,0.37732478976249695,0.1507568359375,0.0016811286332085729,0.06168394535779953,0.0011533423094078898,0.24795952439308167
obj_0066,42,llh,12.631441354751587,0.8742020130157471,0.23540526628494263,6.164791584014893,0.5244413614273071,0.2549494504928589,29.6508526802063,10.002976655960083,0.5766353011131287,0.5280975103378296,12.69906997680664,0.8818596005439758,0.2120102047920227,12.551543712615967,0.8720166683197021,0.2409825176000595,0.9817708333333334,0.7265625,0.4163267910480499,0.0269012451171875,0.1988525390625,0.01122283935546875,2.823237339655558,0.3676413893699646,0.11639404296875,0.0016811286332085729,0.06168394535779953,0.0011533423094078898,0.24795952439308167
obj_0066,42,c3_lhl,12.488261461257935,0.8726599216461182,0.2387060523033142,6.077238917350769,0.530985414981842,0.25492680072784424,26.92864179611206,8.982166051864624,0.5394481420516968,0.5397589206695557,12.611517906188965,0.8799294829368591,0.2098579704761505,12.408362627029419,0.8702988624572754,0.24445538222789764,0.9817708333333334,0.724609375,0.34269222617149353,0.033905029296875,0.2158203125,0.0140838623046875,3.8529410362243652,0.3529130816459656,0.140380859375,0.0016811286332085729,0.06168394535779953,0.0011533423094078898,0.24795952439308167
obj_0067,43,fixed_mean,11.892849206924438,0.8458521366119385,0.2484310269355774,5.275120139122009,0.48640137910842896,0.2678765058517456,26.85835599899292,8.510358929634094,0.5278958678245544,0.49313002824783325,12.00326681137085,0.8684492111206055,0.22461487352848053,11.784062385559082,0.8428286910057068,0.2593706250190735,0.9752604166666666,0.77197265625,0.35446467995643616,0.047515869140625,0.2216796875,0.017303466796875,3.4383867581685386,0.3606642484664917,0.140869140625,0.0017570522613823414,0.06194613501429558,0.0011907578445971012,0.2466941475868225
obj_0067,43,hll,10.77268362045288,0.795913815498352,0.2633397877216339,4.224421381950378,0.38292649388313293,0.27591007947921753,23.65320920944214,7.132951021194458,0.47136056423187256,0.38757947087287903,10.952569246292114,0.8411189317703247,0.2299460768699646,10.664124488830566,0.7924562096595764,0.2745019495487213,0.9752604166666666,0.826171875,0.31784510612487793,0.0491943359375,0.2139892578125,0.0198211669921875,3.461941719055176,0.36216941475868225,0.1585693359375,0.0017570522613823414,0.06194613501429558,0.0011907578445971012,0.2466941475868225
obj_0067,43,llh,13.041850328445435,0.8843355178833008,0.2396693378686905,6.387121081352234,0.5642655491828918,0.25586819648742676,29.761292934417725,10.32538652420044,0.5869348049163818,0.5695082545280457,13.115267753601074,0.8906148076057434,0.21647709608078003,12.933056354522705,0.8814802169799805,0.250381201505661,0.9752604166666666,0.7119140625,0.39695286750793457,0.04364013671875,0.2064208984375,0.0122833251953125,2.9567232926686606,0.36006611585617065,0.1168212890625,0.0017570522613823414,0.06194613501429558,0.0011907578445971012,0.2466941475868225
obj_0067,43,c3_lhl,12.71868109703064,0.876056969165802,0.24111297726631165,6.161617636680603,0.541256308555603,0.25545865297317505,25.812714099884033,8.754107356071472,0.5307669043540955,0.5521283149719238,12.889764308929443,0.8843149542808533,0.21016840636730194,12.609888315200806,0.8729128837585449,0.2515020966529846,0.9752604166666666,0.712890625,0.29415810108184814,0.0443115234375,0.2288818359375,0.0167694091796875,4.263227462768555,0.34101858735084534,0.1529541015625,0.0017570522613823414,0.06194613501429558,0.0011907578445971012,0.2466941475868225
obj_0068,44,fixed_mean,12.744519710540771,0.8325217366218567,0.21088281273841858,5.101072192192078,0.40349334478378296,0.22263886034488678,26.33517026901245,8.249858021736145,0.4885686933994293,0.40732765197753906,12.905974388122559,0.8785742521286011,0.193863183259964,12.612851858139038,0.829269528388977,0.21940244734287262,0.9700520833333334,0.7880859375,0.31204238533973694,0.061859130859375,0.275634765625,0.017822265625,3.6351415316263833,0.34564486145973206,0.1572265625,0.0016655570361763239,0.12796753644943237,0.004053119104355574,0.25679197907447815
obj_0068,44,hll,11.70052170753479,0.8132305145263672,0.23508334159851074,4.135570526123047,0.33310967683792114,0.23417949676513672,23.609399795532227,6.998263001441956,0.44496312737464905,0.33624914288520813,11.94047212600708,0.861009418964386,0.20563198626041412,11.569499969482422,0.8093611598014832,0.24424034357070923,0.9700520833333334,0.8349609375,0.29120713472366333,0.068115234375,0.26904296875,0.0234222412109375,3.1937917868296304,0.34341195225715637,0.1856689453125,0.0016655570361763239,0.12796753644943237,0.004053119104355574,0.25679197907447815
obj_0068,44,llh,13.512946367263794,0.8499379754066467,0.20290321111679077,5.830705761909485,0.44707685708999634,0.21905985474586487,28.27775478363037,9.378400444984436,0.5251063704490662,0.44886815547943115,13.635607957839966,0.8896777033805847,0.18962140381336212,13.381037712097168,0.8469651937484741,0.20987623929977417,0.9700520833333334,0.75341796875,0.34235915541648865,0.06048583984375,0.264892578125,0.01425933837890625,3.4097536404927573,0.346235066652298,0.140380859375,0.0016655570361763239,0.12796753644943237,0.004053119104355574,0.25679197907447815
obj_0068,44,c3_lhl,13.299448490142822,0.8555929660797119,0.21086576581001282,5.6824928522109985,0.43226948380470276,0.21292780339717865,26.243445873260498,8.673561215400696,0.4960392713546753,0.43891990184783936,13.487393856048584,0.8865958452224731,0.18690624833106995,13.167450428009033,0.8521955013275146,0.21949993073940277,0.9700520833333334,0.75390625,0.284351110458374,0.056884765625,0.285888671875,0.01812744140625,4.21698538462321,0.3318280577659607,0.16845703125,0.0016655570361763239,0.12796753644943237,0.004053119104355574,0.25679197907447815
obj_0069,45,fixed_mean,21.685869693756104,0.94237220287323,0.10208924859762192,15.075868368148804,0.1607310175895691,0.014818001538515091,21.71713352203369,17.79019832611084,0.7291464805603027,0.12114866822957993,42.06795692443848,0.9985945224761963,0.03218023478984833,21.56960964202881,0.9411603808403015,0.1280958354473114,0.6685638427734375,0.09130859375,0.19789065420627594,0.0247650146484375,0.385009765625,0.0222320556640625,3.6810253461201987,0.42940258979797363,0.160400390625,0.0018238842021673918,0.5083404779434204,0.010131782852113247,0.42129456996917725
obj_0069,45,hll,18.654686212539673,0.9237679243087769,0.12579236924648285,13.718889951705933,0.15753574669361115,0.015260489657521248,18.673129081726074,15.77181339263916,0.7274428606033325,0.12368117272853851,40.71097373962402,0.9990022778511047,0.02555936947464943,18.51160764694214,0.9195045232772827,0.14990663528442383,0.6685638427734375,0.1123046875,0.19805721938610077,0.032012939453125,0.36962890625,0.01861572265625,3.750093619028727,0.430367648601532,0.197509765625,0.0018238842021673918,0.5083404779434204,0.010131782852113247,0.42129456996917725
obj_0069,45,llh,24.699923992156982,0.9453768134117126,0.08731220662593842,17.105255126953125,0.1638617068529129,0.01138888206332922,24.741415977478027,20.918803215026855,0.7418494820594788,0.12508542835712433,44.0973424911499,0.9983559846878052,0.032605286687612534,24.687745571136475,0.945000946521759,0.1115693747997284,0.6685638427734375,0.0654296875,0.19468891620635986,0.014373779296875,0.2451171875,0.0112457275390625,3.4878626664479575,0.42728421092033386,0.09222412109375,0.0018238842021673918,0.5083404779434204,0.010131782852113247,0.42129456996917725
obj_0069,45,c3_lhl,23.496668338775635,0.93858802318573,0.10701073706150055,12.99655795097351,0.15546540915966034,0.016014061868190765,23.58649492263794,17.05051898956299,0.7288106083869934,0.11937695741653442,39.98864412307739,0.9981460571289062,0.040506936609745026,23.19463014602661,0.9347905516624451,0.13327324390411377,0.6685638427734375,0.11669921875,0.20365257561206818,0.0299835205078125,0.41650390625,0.028533935546875,3.691307862599691,0.43097880482673645,0.2147216796875,0.0018238842021673918,0.5083404779434204,0.010131782852113247,0.42129456996917725
obj_0070,46,fixed_mean,12.813822031021118,0.8510391116142273,0.18981166183948517,4.6830543875694275,0.4287257492542267,0.2139514684677124,27.452313899993896,9.066135287284851,0.5536430478096008,0.4313299059867859,12.942689657211304,0.8938458561897278,0.17094393074512482,12.571160793304443,0.8455474376678467,0.20308348536491394,0.9453125,0.794921875,0.3763752281665802,0.0555419921875,0.255859375,0.01525115966796875,3.11555552482605,0.3723899722099304,0.143310546875,0.0017328164540231228,0.06943756341934204,0.0013538176426663995,0.24958455562591553
obj_0070,46,hll,11.825696229934692,0.8311212062835693,0.21184882521629333,3.7863123416900635,0.3391472399234772,0.22226904332637787,24.18182611465454,7.5722432136535645,0.5075955986976624,0.3403620421886444,12.04594612121582,0.8758974075317383,0.17970077693462372,11.584820747375488,0.8245255351066589,0.22634239494800568,0.9453125,0.84130859375,0.34625160694122314,0.06182861328125,0.2459716796875,0.0181732177734375,2.987388769785563,0.37225356698036194,0.1595458984375,0.0017328164540231228,0.06943756341934204,0.0013538176426663995,0.24958455562591553
obj_0070,46,llh,13.595528602600098,0.8615643382072449,0.18114274740219116,5.419718027114868,0.500434160232544,0.20613153278827667,30.07930278778076,10.430612564086914,0.6030070185661316,0.5012199282646179,13.67935299873352,0.9076486229896545,0.16459877789020538,13.352159261703491,0.8569467067718506,0.1938525140285492,0.9453125,0.7578125,0.4233032763004303,0.054229736328125,0.242919921875,0.011138916015625,3.010620594024658,0.36904725432395935,0.1253662109375,0.0017328164540231228,0.06943756341934204,0.0013538176426663995,0.24958455562591553
obj_0070,46,c3_lhl,13.48493218421936,0.8635129928588867,0.18906235694885254,5.382232069969177,0.4740348160266876,0.2022068202495575,27.28161096572876,9.33164358139038,0.5588493943214417,0.48028048872947693,13.641866445541382,0.9039056897163391,0.1612871289253235,13.241045475006104,0.8585069179534912,0.20357142388820648,0.9453125,0.7548828125,0.3363710939884186,0.05072021484375,0.265869140625,0.01486968994140625,4.009043534596761,0.35238367319107056,0.1541748046875,0.0017328164540231228,0.06943756341934204,0.0013538176426663995,0.24958455562591553
obj_0071,47,fixed_mean,12.532316446304321,0.8332958221435547,0.21275387704372406,4.896149933338165,0.3705271780490875,0.21922357380390167,23.811213970184326,7.472977638244629,0.4528999626636505,0.37678179144859314,12.812399864196777,0.8780999183654785,0.18967491388320923,12.347949743270874,0.8284415602684021,0.2199329435825348,0.9583333333333334,0.7978515625,0.2849995791912079,0.05645751953125,0.267822265625,0.0193939208984375,3.692773977915446,0.35272449254989624,0.168212890625,0.001643115421757102,0.13519062101840973,0.004085271153599024,0.25955015420913696
obj_0071,47,hll,11.571202278137207,0.8162842988967896,0.23588666319847107,4.005023241043091,0.28958553075790405,0.22703811526298523,21.915974617004395,6.374232172966003,0.40308696031570435,0.29443463683128357,11.921273469924927,0.8620198965072632,0.1980736404657364,11.387954950332642,0.8105869293212891,0.24299860000610352,0.9583333333333334,0.84228515625,0.260396808385849,0.054840087890625,0.2449951171875,0.022979736328125,3.1762705643971763,0.35280296206474304,0.1845703125,0.001643115421757102,0.13519062101840973,0.004085271153599024,0.25955015420913696
obj_0071,47,llh,13.401927947998047,0.8530131578445435,0.20644588768482208,5.7273852825164795,0.43250367045402527,0.2145998626947403,25.301790237426758,8.594939708709717,0.5025529265403748,0.4367813467979431,13.643635511398315,0.8910101652145386,0.1852952092885971,13.217242956161499,0.8488863706588745,0.21516604721546173,0.9583333333333334,0.7578125,0.31315404176712036,0.05828857421875,0.258056640625,0.014862060546875,3.454967975616455,0.3532296419143677,0.1451416015625,0.001643115421757102,0.13519062101840973,0.004085271153599024,0.25955015420913696
obj_0071,47,c3_lhl,13.08254599571228,0.8553752899169922,0.21404655277729034,5.479298830032349,0.40319907665252686,0.21218648552894592,23.895118236541748,7.838285565376282,0.45964372158050537,0.4138006567955017,13.395549058914185,0.8867517709732056,0.18437066674232483,12.897758483886719,0.8504900932312012,0.22068661451339722,0.9583333333333334,0.76220703125,0.2515186369419098,0.05169677734375,0.281005859375,0.02093505859375,4.30678113301595,0.34055814146995544,0.1806640625,0.001643115421757102,0.13519062101840973,0.004085271153599024,0.25955015420913696
obj_0072,48,fixed_mean,17.561737298965454,0.9216211438179016,0.12650761008262634,3.4498795866966248,0.12337357550859451,0.11081895232200623,22.33985185623169,6.644783616065979,0.5082822442054749,0.09046225249767303,19.26276206970215,0.9740682244300842,0.09349881112575531,16.94772958755493,0.9160442352294922,0.14976415038108826,0.8411458333333334,0.8193359375,0.41087549924850464,0.0231475830078125,0.654296875,0.061920166015625,3.6665205160776773,0.3926764726638794,0.22265625,0.0014526793966069818,0.23158957064151764,0.004343257751315832,0.2632853090763092
obj_0072,48,hll,16.37550115585327,0.9110697507858276,0.13947689533233643,3.051566481590271,0.07831936329603195,0.11063812673091888,19.862974882125854,5.917403697967529,0.4757455885410309,0.04736935719847679,18.86444926261902,0.973190188407898,0.09518089890480042,15.8310866355896,0.9054908752441406,0.16196276247501373,0.8411458333333334,0.82373046875,0.3957965075969696,0.00872802734375,0.56103515625,0.07025146484375,2.3191168308258057,0.39947476983070374,0.23486328125,0.0014526793966069818,0.23158957064151764,0.004343257751315832,0.2632853090763092
obj_0072,48,llh,18.82519841194153,0.9204937815666199,0.10647759586572647,4.25478994846344,0.18169081211090088,0.10921943932771683,24.75119113922119,7.822301387786865,0.5475203990936279,0.1418922245502472,20.067672729492188,0.9755773544311523,0.08725262433290482,18.171076774597168,0.9157624840736389,0.12553565204143524,0.8411458333333334,0.7822265625,0.40250715613365173,0.0188751220703125,0.71435546875,0.04998779296875,4.68750015894572,0.39144381880760193,0.1982421875,0.0014526793966069818,0.23158957064151764,0.004343257751315832,0.2632853090763092
obj_0072,48,c3_lhl,17.958695888519287,0.9181705117225647,0.1301645040512085,3.5958173871040344,0.12978006899356842,0.11213929951190948,23.31228017807007,6.684334874153137,0.5023670792579651,0.10221351683139801,19.408700466156006,0.9742687344551086,0.0955824926495552,17.288808822631836,0.9123125076293945,0.15366697311401367,0.8411458333333334,0.814453125,0.39327919483184814,0.0328369140625,0.65185546875,0.072021484375,3.752265453338623,0.3855661451816559,0.2420654296875,0.0014526793966069818,0.23158957064151764,0.004343257751315832,0.2632853090763092
obj_0073,49,fixed_mean,12.84911036491394,0.8441002368927002,0.20030614733695984,3.234303891658783,0.10826077312231064,0.19713859260082245,22.579307556152344,6.559440493583679,0.41110751032829285,0.0918613150715828,13.2869291305542,0.9029196500778198,0.1658228486776352,12.61603832244873,0.8386542797088623,0.212346151471138,0.9466145833333334,0.85888671875,0.33087754249572754,0.0172271728515625,0.45068359375,0.048553466796875,2.8185434341430664,0.37403470277786255,0.2391357421875,0.0016351608792319894,0.1450953185558319,0.00354227633215487,0.26397833228111267
obj_0073,49,hll,12.330076694488525,0.8396846652030945,0.21379265189170837,2.9516443610191345,0.053236816078424454,0.19891095161437988,20.30104160308838,5.811316967010498,0.3749091327190399,0.035261742770671844,13.00426959991455,0.9001994729042053,0.16811159253120422,12.104326486587524,0.834022045135498,0.22462961077690125,0.9466145833333334,0.85791015625,0.33618712425231934,0.004444122314453125,0.379150390625,0.0521240234375,1.5585406223932903,0.38056057691574097,0.239990234375,0.0016351608792319894,0.1450953185558319,0.00354227633215487,0.26397833228111267
obj_0073,49,llh,13.365262746810913,0.8463661670684814,0.18055184185504913,3.62448513507843,0.14427343010902405,0.19030819833278656,24.506924152374268,7.52952516078949,0.4554876983165741,0.12203507125377655,13.67711067199707,0.9077423810958862,0.15909865498542786,13.129527568817139,0.8412041664123535,0.19239167869091034,0.9466145833333334,0.8486328125,0.3646964728832245,0.0141754150390625,0.4794921875,0.037811279296875,3.871995687484741,0.38055944442749023,0.2198486328125,0.0016351608792319894,0.1450953185558319,0.00354227633215487,0.26397833228111267
obj_0073,49,c3_lhl,13.27054738998413,0.8486156463623047,0.20379804074764252,3.655065894126892,0.16310976445674896,0.1979742795228958,23.007121086120605,6.807500123977661,0.42806318402290344,0.15405982732772827,13.707691431045532,0.9068449139595032,0.16746705770492554,13.034359216690063,0.8434464931488037,0.21499791741371155,0.9466145833333334,0.83056640625,0.2926664352416992,0.0281982421875,0.4775390625,0.05401611328125,3.5465866724650064,0.36496591567993164,0.253662109375,0.0016351608792319894,0.1450953185558319,0.00354227633215487,0.26397833228111267
obj_0074,50,fixed_mean,11.744918823242188,0.8427935242652893,0.20734767615795135,4.797976911067963,0.4552977681159973,0.23361052572727203,27.91804313659668,8.990393877029419,0.5586500763893127,0.4596196115016937,11.829806566238403,0.8714459538459778,0.19394263625144958,11.589540243148804,0.8386059403419495,0.21498475968837738,0.96484375,0.8037109375,0.4072605073451996,0.040679931640625,0.1868896484375,0.01294708251953125,2.597103754679362,0.37986043095588684,0.1256103515625,0.001682644127868116,0.05208122357726097,0.0010531583102419972,0.25100091099739075
obj_0074,50,hll,10.809513330459595,0.8056474328041077,0.22480638325214386,3.898817300796509,0.3494186997413635,0.24648228287696838,25.45651912689209,7.569707036018372,0.5084686279296875,0.3515988290309906,10.930646657943726,0.8456974029541016,0.20880049467086792,10.654290914535522,0.8004530072212219,0.23307707905769348,0.96484375,0.857421875,0.36684298515319824,0.044403076171875,0.1851806640625,0.0163726806640625,2.5926078955332437,0.379650741815567,0.1392822265625,0.001682644127868116,0.05208122357726097,0.0010531583102419972,0.25100091099739075
obj_0074,50,llh,12.604663372039795,0.8716390132904053,0.19481275975704193,5.630585551261902,0.5416961908340454,0.22156749665737152,30.437006950378418,10.506987571716309,0.6101589202880859,0.5454672574996948,12.662415504455566,0.8910306096076965,0.18121910095214844,12.449241876602173,0.8681208491325378,0.20154213905334473,0.96484375,0.7568359375,0.4403718411922455,0.04302978515625,0.1812744140625,0.00970458984375,2.4665314356486,0.3827684223651886,0.11029052734375,0.001682644127868116,0.05208122357726097,0.0010531583102419972,0.25100091099739075
obj_0074,50,c3_lhl,12.513388395309448,0.8820202946662903,0.2017917037010193,5.5850207805633545,0.5459046959877014,0.2259139120578766,27.83641815185547,9.364428520202637,0.5730676651000977,0.5549141764640808,12.616850137710571,0.8898518681526184,0.18521538376808167,12.357958555221558,0.8777898550033569,0.21101728081703186,0.96484375,0.7548828125,0.3759915828704834,0.046630859375,0.18603515625,0.01282501220703125,3.3870232899983725,0.36339154839515686,0.12841796875,0.001682644127868116,0.05208122357726097,0.0010531583102419972,0.25100091099739075
obj_0075,51,fixed_mean,16.35750651359558,0.8411782383918762,0.13245287537574768,7.744622230529785,0.21182146668434143,0.15347664058208466,25.47245502471924,9.352763295173645,0.4923272728919983,0.20040738582611084,16.85164213180542,0.8923965096473694,0.10870083421468735,16.128132343292236,0.8355016708374023,0.1403658390045166,0.9466145833333334,0.8271484375,0.30614304542541504,0.056732177734375,0.375732421875,0.0281829833984375,3.5865822633107505,0.36626148223876953,0.185546875,0.06563004851341248,0.43340736627578735,0.02153215929865837,0.3159645199775696
obj_0075,51,hll,15.473370552062988,0.8361778259277344,0.1482067108154297,7.10737407207489,0.18446779251098633,0.16102951765060425,22.94898271560669,8.414226174354553,0.466381698846817,0.17415527999401093,16.214395761489868,0.8877120614051819,0.11367905139923096,15.248521566390991,0.8300548195838928,0.15674172341823578,0.9466145833333334,0.8466796875,0.2759377956390381,0.055694580078125,0.333740234375,0.02886962890625,2.984394073486328,0.3603386878967285,0.1922607421875,0.06563004851341248,0.43340736627578735,0.02153215929865837,0.3159645199775696
obj_0075,51,llh,17.06148862838745,0.8369901180267334,0.11854617297649384,8.352234959602356,0.23197531700134277,0.1452379673719406,27.071259021759033,10.494698286056519,0.5326127409934998,0.2163315862417221,17.45925545692444,0.8964813947677612,0.10308718681335449,16.832274198532104,0.8311181664466858,0.12703725695610046,0.9466145833333334,0.8095703125,0.32190144062042236,0.05584716796875,0.381103515625,0.0253448486328125,3.813678820927938,0.3763134479522705,0.1690673828125,0.06563004851341248,0.43340736627578735,0.02153215929865837,0.3159645199775696
obj_0075,51,c3_lhl,16.566407680511475,0.8429792523384094,0.13685566186904907,8.013875484466553,0.22596952319145203,0.15324141085147858,25.21047830581665,9.23184871673584,0.4851909279823303,0.21736331284046173,17.120895385742188,0.8947508335113525,0.10956534743309021,16.332497596740723,0.8371996283531189,0.14458319544792175,0.9466145833333334,0.8095703125,0.3010571599006653,0.056182861328125,0.37646484375,0.0298614501953125,3.697794040044149,0.3486250638961792,0.2017822265625,0.06563004851341248,0.43340736627578735,0.02153215929865837,0.3159645199775696
obj_0076,52,fixed_mean,11.592613458633423,0.8471662402153015,0.26282763481140137,5.468937158584595,0.4797343611717224,0.2816004455089569,28.564705848693848,9.400769472122192,0.5437048673629761,0.48543909192085266,11.659369468688965,0.8563679456710815,0.2392188310623169,11.552848815917969,0.8459060192108154,0.26876500248908997,0.9908854166666666,0.76171875,0.36461591720581055,0.0323486328125,0.2115478515625,0.01508331298828125,2.8525973161061606,0.3517290949821472,0.140380859375,0.0017872737953439355,0.05507197603583336,0.0010669997427612543,0.24907827377319336
obj_0076,52,hll,10.603374242782593,0.7985780835151672,0.2795455753803253,4.5049914717674255,0.39069676399230957,0.2971336841583252,26.192762851715088,8.027721047401428,0.4957515001296997,0.3949534595012665,10.695422887802124,0.8280084729194641,0.25531119108200073,10.563621520996094,0.7971004247665405,0.2857893407344818,0.9908854166666666,0.81494140625,0.31463441252708435,0.03863525390625,0.2186279296875,0.0187835693359375,2.8877011934916177,0.3515554666519165,0.160888671875,0.0017872737953439355,0.05507197603583336,0.0010669997427612543,0.24907827377319336
obj_0076,52,llh,12.55927562713623,0.8726995587348938,0.24569016695022583,6.416500210762024,0.55707186460495,0.265480101108551,30.985465049743652,10.85019588470459,0.5948060750961304,0.5618739724159241,12.606931924819946,0.8782036900520325,0.22347913682460785,12.51950979232788,0.8715572357177734,0.2510388195514679,0.9908854166666666,0.7109375,0.39751678705215454,0.031890869140625,0.1981201171875,0.01026153564453125,2.7839380900065103,0.35208237171173096,0.118896484375,0.0017872737953439355,0.05507197603583336,0.0010669997427612543,0.24907827377319336
obj_0076,52,c3_lhl,12.42946743965149,0.8706970810890198,0.2547760605812073,6.322408318519592,0.562547504901886,0.27090856432914734,28.444461822509766,9.839819073677063,0.551835834980011,0.5732779502868652,12.51283884048462,0.8760867714881897,0.23095044493675232,12.389700412750244,0.8695077896118164,0.26055145263671875,0.9908854166666666,0.70751953125,0.3108048141002655,0.037261962890625,0.212158203125,0.0144500732421875,3.5265959898630777,0.33227023482322693,0.147216796875,0.0017872737953439355,0.05507197603583336,0.0010669997427612543,0.24907827377319336
obj_0077,53,fixed_mean,16.30557656288147,0.9100090861320496,0.13913863897323608,3.1767702102661133,0.10146895051002502,0.12609069049358368,22.071917057037354,7.7895766496658325,0.5209201574325562,0.07098063826560974,17.586761713027954,0.9639566540718079,0.10274870693683624,15.741657018661499,0.903816282749176,0.15764236450195312,0.85546875,0.8291015625,0.414510577917099,0.01374053955078125,0.6064453125,0.06646728515625,2.4197511275609336,0.40142467617988586,0.252197265625,0.0014502530684694648,0.17714031040668488,0.003489514347165823,0.2626931071281433
obj_0077,53,hll,15.37081003189087,0.8997771143913269,0.1527317315340042,3.0463746190071106,0.06859685480594635,0.12378627061843872,19.397319555282593,7.108973264694214,0.4948917329311371,0.040048494935035706,17.456367015838623,0.963592529296875,0.10178802162408829,14.878624677658081,0.8931054472923279,0.17083492875099182,0.85546875,0.8115234375,0.38381829857826233,0.00542449951171875,0.5380859375,0.06793212890625,1.7299588918685913,0.39930522441864014,0.25048828125,0.0014502530684694648,0.17714031040668488,0.003489514347165823,0.2626931071281433
obj_0077,53,llh,17.123489379882812,0.9105504155158997,0.11794699728488922,3.504706621170044,0.15716134011745453,0.12014508247375488,24.747776985168457,8.783572912216187,0.5630943775177002,0.12157648056745529,17.91469931602478,0.9653152823448181,0.097409188747406,16.512786149978638,0.9049443006515503,0.1352730691432953,0.85546875,0.828125,0.4191877543926239,0.0245361328125,0.66015625,0.049407958984375,3.5616944630940757,0.4008554220199585,0.23828125,0.0014502530684694648,0.17714031040668488,0.003489514347165823,0.2626931071281433
obj_0077,53,c3_lhl,16.727837324142456,0.9094870686531067,0.14329062402248383,3.2954123616218567,0.11012136191129684,0.12799936532974243,23.523590564727783,7.849215865135193,0.5233976244926453,0.08537900447845459,17.70540475845337,0.9638317823410034,0.10471881926059723,16.11105442047119,0.902980387210846,0.16537714004516602,0.85546875,0.830078125,0.3815731108188629,0.0191497802734375,0.6337890625,0.078125,2.72349484761556,0.3942781090736389,0.27099609375,0.0014502530684694648,0.17714031040668488,0.003489514347165823,0.2626931071281433
obj_0078,54,fixed_mean,17.960656881332397,0.9238047003746033,0.12604625523090363,3.788066804409027,0.18033404648303986,0.10551276057958603,22.311878204345703,6.949981451034546,0.5298658609390259,0.15074509382247925,19.886406660079956,0.9766875505447388,0.0876128152012825,17.363067865371704,0.9186289310455322,0.1460728943347931,0.8411458333333334,0.80029296875,0.42270076274871826,0.036102294921875,0.654296875,0.04876708984375,4.136537233988444,0.3957267999649048,0.194091796875,0.0015427807811647654,0.23948612809181213,0.004468112252652645,0.2668702304363251
obj_0078,54,hll,16.60434365272522,0.9102222919464111,0.13957801461219788,3.254772424697876,0.144902303814888,0.1048416942358017,19.784958362579346,6.102043986320496,0.5047496557235718,0.11898757517337799,19.35311198234558,0.9757971167564392,0.0909171849489212,16.077717542648315,0.9050164222717285,0.16153991222381592,0.8411458333333334,0.81689453125,0.42676693201065063,0.031585693359375,0.54443359375,0.0494384765625,3.220731258392334,0.40580636262893677,0.1925048828125,0.0015427807811647654,0.23948612809181213,0.004468112252652645,0.2668702304363251
obj_0078,54,llh,19.48751449584961,0.9253861308097839,0.10467837750911713,4.908575117588043,0.23394638299942017,0.09974497556686401,24.67822790145874,8.308892846107483,0.5687536001205444,0.1977161318063736,21.00691556930542,0.9782243371009827,0.0805225670337677,18.854103088378906,0.9212245941162109,0.12068192660808563,0.8411458333333334,0.73828125,0.38223427534103394,0.0323486328125,0.6875,0.042816162109375,4.692871888478597,0.3823629915714264,0.1845703125,0.0015427807811647654,0.23948612809181213,0.004468112252652645,0.2668702304363251
obj_0078,54,c3_lhl,18.41375470161438,0.9179543256759644,0.1283927857875824,3.96049827337265,0.20259074866771698,0.10590779781341553,23.318345546722412,7.037431001663208,0.5403130650520325,0.18165720999240875,20.058839321136475,0.9770548343658447,0.08909253776073456,17.75629997253418,0.9128363132476807,0.15042126178741455,0.8411458333333334,0.796875,0.4205028712749481,0.046630859375,0.63134765625,0.056396484375,4.176085789998372,0.3943295478820801,0.2041015625,0.0015427807811647654,0.23948612809181213,0.004468112252652645,0.2668702304363251
obj_0079,55,fixed_mean,12.670259475708008,0.8360909223556519,0.2094404399394989,4.997235536575317,0.3892700970172882,0.21762646734714508,24.414238929748535,7.428309917449951,0.46118831634521484,0.3965332806110382,12.921148538589478,0.8813445568084717,0.1867717206478119,12.480380535125732,0.8310920596122742,0.21771173179149628,0.95703125,0.79248046875,0.3020293414592743,0.055145263671875,0.253662109375,0.0175933837890625,3.3948333263397217,0.35743677616119385,0.1591796875,0.0017274449346587062,0.12692002952098846,0.0036374470219016075,0.26103460788726807
obj_0079,55,hll,11.634715795516968,0.81981360912323,0.22920142114162445,4.0485599637031555,0.3029903769493103,0.22360871732234955,22.13042974472046,6.252853870391846,0.4112379252910614,0.3086510896682739,11.972472667694092,0.864314079284668,0.19196313619613647,11.446560621261597,0.814123272895813,0.2386583387851715,0.95703125,0.83984375,0.27945417165756226,0.053314208984375,0.22509765625,0.0198974609375,2.9201587041219077,0.35922539234161377,0.17138671875,0.0017274449346587062,0.12692002952098846,0.0036374470219016075,0.26103460788726807
obj_0079,55,llh,13.642326593399048,0.8491290211677551,0.20058441162109375,5.9289634227752686,0.44937554001808167,0.20968884229660034,26.127614974975586,8.665054440498352,0.5094168186187744,0.4544179439544678,13.852876424789429,0.8947029113769531,0.18052968382835388,13.45194935798645,0.8448153734207153,0.2089339792728424,0.95703125,0.7470703125,0.3314625322818756,0.056121826171875,0.249267578125,0.01326751708984375,3.280834913253784,0.35809940099716187,0.1387939453125,0.0017274449346587062,0.12692002952098846,0.0036374470219016075,0.26103460788726807
obj_0079,55,c3_lhl,13.36467981338501,0.8571915626525879,0.20855914056301117,5.708989500999451,0.43422311544418335,0.20873689651489258,24.827096462249756,7.957060933113098,0.4766293466091156,0.4458042085170746,13.632901906967163,0.8915627598762512,0.17978131771087646,13.17407488822937,0.8527381420135498,0.2163895219564438,0.95703125,0.7529296875,0.2614782750606537,0.05279541015625,0.265625,0.0184326171875,4.14249849319458,0.34568560123443604,0.16748046875,0.0017274449346587062,0.12692002952098846,0.0036374470219016075,0.26103460788726807
obj_0080,56,fixed_mean,17.052510976791382,0.8135932087898254,0.1298394799232483,11.593821048736572,0.2898847162723541,0.1263820081949234,19.659724235534668,7.854452729225159,0.3631742000579834,0.2970074415206909,19.770071506500244,0.8832809329032898,0.07593929022550583,17.052510976791382,0.8135932087898254,0.1298394799232483,1.0,0.8291015625,0.34119588136672974,0.05877685546875,0.357421875,0.021514892578125,3.7110772132873535,0.32699891924858093,0.210693359375,0.07459451258182526,0.4543401002883911,0.02638646960258484,0.37839722633361816
obj_0080,56,hll,16.398144960403442,0.8051066994667053,0.14449672400951385,11.11636757850647,0.2753525972366333,0.1300046592950821,18.8104510307312,7.4254608154296875,0.3428094983100891,0.2844281494617462,19.29261803627014,0.8770854473114014,0.08118132501840591,16.398144960403442,0.8051066994667053,0.14449672400951385,1.0,0.8310546875,0.317067950963974,0.058624267578125,0.33984375,0.0238037109375,3.3609955310821533,0.3260820209980011,0.221923828125,0.07459451258182526,0.4543401002883911,0.02638646960258484,0.37839722633361816
obj_0080,56,llh,17.574362754821777,0.812892496585846,0.12345744669437408,12.094579935073853,0.30178770422935486,0.11619388312101364,20.205960273742676,8.299622535705566,0.38428962230682373,0.30547893047332764,20.27082920074463,0.8879851698875427,0.0728956088423729,17.574362754821777,0.812892496585846,0.12345744669437408,1.0,0.82861328125,0.36584004759788513,0.056884765625,0.3505859375,0.0177001953125,3.874464432398478,0.33228248357772827,0.19482421875,0.07459451258182526,0.4543401002883911,0.02638646960258484,0.37839722633361816
obj_0080,56,c3_lhl,16.974681615829468,0.8185479044914246,0.13775832951068878,11.55549168586731,0.2857910394668579,0.12901046872138977,19.536911249160767,7.818853259086609,0.35608208179473877,0.2946473956108093,19.731743335723877,0.8861874341964722,0.07989687472581863,16.974681615829468,0.8185479044914246,0.13775832951068878,1.0,0.8154296875,0.3291323781013489,0.057769775390625,0.367431640625,0.022003173828125,3.993142048517863,0.31866756081581116,0.222412109375,0.07459451258182526,0.4543401002883911,0.02638646960258484,0.37839722633361816
obj_0081,57,fixed_mean,11.898304224014282,0.8385941386222839,0.22834405303001404,5.2322691679000854,0.45143556594848633,0.25054845213890076,27.462244033813477,8.91408383846283,0.5363799929618835,0.45572158694267273,11.994556188583374,0.8710217475891113,0.20628197491168976,11.818444728851318,0.8365174531936646,0.23381954431533813,0.9817708333333334,0.775390625,0.40406104922294617,0.0251007080078125,0.203369140625,0.01444244384765625,2.660995086034139,0.3682262599468231,0.1268310546875,0.0016392553225159645,0.06016528233885765,0.0011628788197413087,0.24746301770210266
obj_0081,57,hll,10.863661766052246,0.7977892756462097,0.24900183081626892,4.242139756679535,0.3486763536930084,0.2638319432735443,24.798922538757324,7.526570558547974,0.4823608994483948,0.3513464331626892,11.0044264793396,0.8441942930221558,0.2190445363521576,10.783911943435669,0.7952539324760437,0.25494858622550964,0.9817708333333334,0.830078125,0.35857120156288147,0.0294036865234375,0.2008056640625,0.0176849365234375,2.4336997667948403,0.3676174283027649,0.142822265625,0.0016392553225159645,0.06016528233885765,0.0011628788197413087,0.24746301770210266
obj_0081,57,llh,12.69230604171753,0.8708042502403259,0.21345679461956024,5.99701464176178,0.5169857144355774,0.23785792291164398,29.8152756690979,10.265662670135498,0.5866468548774719,0.5195971727371216,12.759301662445068,0.8873324990272522,0.19391848146915436,12.612416744232178,0.8690479397773743,0.2186250239610672,0.9817708333333334,0.7353515625,0.43290919065475464,0.0229034423828125,0.1956787109375,0.01039886474609375,2.732093413670858,0.36533766984939575,0.11114501953125,0.0016392553225159645,0.06016528233885765,0.0011628788197413087,0.24746301770210266
obj_0081,57,c3_lhl,12.68423318862915,0.8775094151496887,0.22325259447097778,6.052615642547607,0.5409719944000244,0.24166354537010193,26.937687397003174,9.230570197105408,0.5506958961486816,0.5512810945510864,12.814903259277344,0.8883998394012451,0.19585290551185608,12.604334354400635,0.875339925289154,0.2285955548286438,0.9817708333333334,0.7265625,0.3679206967353821,0.03143310546875,0.19970703125,0.0133209228515625,3.4474264780680337,0.3458188474178314,0.1309814453125,0.0016392553225159645,0.06016528233885765,0.0011628788197413087,0.24746301770210266
obj_0082,58,fixed_mean,16.84110403060913,0.9094265699386597,0.12250103056430817,3.4682661294937134,0.1459461897611618,0.1212368831038475,23.17347288131714,8.318839073181152,0.5533609390258789,0.11536509543657303,17.944622039794922,0.9655255079269409,0.095306895673275,16.252400875091553,0.9030822515487671,0.1396474391222,0.8489583333333334,0.81640625,0.40472209453582764,0.029571533203125,0.67529296875,0.062469482421875,3.6043415864308677,0.4088901877403259,0.2276611328125,0.0015801071422174573,0.17079035937786102,0.0033900002017617226,0.2618459165096283
obj_0082,58,hll,15.710175037384033,0.898840606212616,0.14222264289855957,3.1250160932540894,0.1159651055932045,0.12196403741836548,20.0742244720459,7.506524324417114,0.5289377570152283,0.08486828207969666,17.601372003555298,0.9647553563117981,0.0968017652630806,15.198569297790527,0.8922102451324463,0.16244474053382874,0.8489583333333334,0.81787109375,0.4418295919895172,0.021728515625,0.58447265625,0.06427001953125,2.6131838957468667,0.4251406192779541,0.2215576171875,0.0015801071422174573,0.17079035937786102,0.0033900002017617226,0.2618459165096283
obj_0082,58,llh,17.939380407333374,0.9112828373908997,0.11213643848896027,4.141142964363098,0.1812005341053009,0.1206054538488388,26.181058883666992,9.814798831939697,0.5842680931091309,0.14516393840312958,18.61749768257141,0.9669283032417297,0.09287665039300919,17.304396629333496,0.9057303667068481,0.12891298532485962,0.8489583333333334,0.7841796875,0.34662118554115295,0.0302734375,0.76025390625,0.0550537109375,4.538535753885905,0.40327855944633484,0.2264404296875,0.0015801071422174573,0.17079035937786102,0.0033900002017617226,0.2618459165096283
obj_0082,58,c3_lhl,17.33773112297058,0.9058315753936768,0.13171443343162537,3.636963367462158,0.1530877649784088,0.12568607926368713,25.043528079986572,8.521315455436707,0.5592610239982605,0.12595684826374054,18.113317489624023,0.9655635952949524,0.09909538924694061,16.696399450302124,0.8991919755935669,0.15263323485851288,0.8489583333333334,0.8154296875,0.38219043612480164,0.03558349609375,0.7041015625,0.073486328125,3.9350462754567466,0.4092012643814087,0.2379150390625,0.0015801071422174573,0.17079035937786102,0.0033900002017617226,0.2618459165096283
obj_0083,59,fixed_mean,14.820303916931152,0.825118362903595,0.18660248816013336,7.232854962348938,0.35074582695961,0.23955808579921722,23.887228965759277,8.446078896522522,0.4518207311630249,0.35514721274375916,15.300242900848389,0.8752419352531433,0.15225407481193542,14.820303916931152,0.825118362903595,0.18660248816013336,1.0,0.83154296875,0.34718647599220276,0.0740966796875,0.321533203125,0.026702880859375,3.515293836593628,0.3808961808681488,0.1763916015625,0.01628517173230648,0.2279002070426941,0.008952603675425053,0.29079002141952515
obj_0083,59,hll,14.010800123214722,0.8162863850593567,0.1932084560394287,6.543168425559998,0.3229195773601532,0.2406417429447174,22.168500423431396,7.670479416847229,0.4230245351791382,0.3284548223018646,14.610556364059448,0.8660413026809692,0.1500362753868103,14.010800123214722,0.8162863850593567,0.1932084560394287,1.0,0.853515625,0.34140798449516296,0.07257080078125,0.291015625,0.03143310546875,2.86152191956838,0.38774731755256653,0.1849365234375,0.01628517173230648,0.2279002070426941,0.008952603675425053,0.29079002141952515
obj_0083,59,llh,15.444474220275879,0.8328859806060791,0.1777522712945938,7.774528861045837,0.3796655535697937,0.2358866184949875,25.289952754974365,9.35526967048645,0.4886663556098938,0.3801725506782532,15.841916799545288,0.8820053935050964,0.14982007443904877,15.444474220275879,0.8328859806060791,0.1777522712945938,1.0,0.818359375,0.3772357404232025,0.07537841796875,0.320068359375,0.021942138671875,3.575967788696289,0.3853480815887451,0.1591796875,0.01628517173230648,0.2279002070426941,0.008952603675425053,0.29079002141952515
obj_0083,59,c3_lhl,15.294437408447266,0.8426254391670227,0.18653088808059692,7.767217755317688,0.3725348711013794,0.23575426638126373,23.877441883087158,8.597438335418701,0.4531653821468353,0.3809272348880768,15.834604501724243,0.8826554417610168,0.15018098056316376,15.294437408447266,0.8426254391670227,0.18653088808059692,1.0,0.806640625,0.31870236992836,0.07025146484375,0.324462890625,0.0308074951171875,3.714215358098348,0.37319275736808777,0.1878662109375,0.01628517173230648,0.2279002070426941,0.008952603675425053,0.29079002141952515
obj_0084,60,fixed_mean,12.87243127822876,0.847497284412384,0.20443013310432434,4.946025907993317,0.4031699001789093,0.21229466795921326,24.924156665802002,7.9876285791397095,0.4858568608760834,0.40821385383605957,13.108148574829102,0.8899934887886047,0.1808445155620575,12.64140009880066,0.8419157266616821,0.21580812335014343,0.9479166666666666,0.7890625,0.31837987899780273,0.05413818359375,0.25048828125,0.0153045654296875,3.722869396209717,0.35413858294487,0.145751953125,0.0016662667039781809,0.116675466299057,0.0032709501683712006,0.2583809196949005
obj_0084,60,hll,11.937226057052612,0.8309609293937683,0.22856144607067108,4.092387855052948,0.3316558599472046,0.22183308005332947,22.73872137069702,6.7698752880096436,0.4421575963497162,0.3365982472896576,12.254509925842285,0.8750850558280945,0.19172072410583496,11.707494258880615,0.8244392275810242,0.2411411851644516,0.9479166666666666,0.83154296875,0.2974884510040283,0.05810546875,0.24853515625,0.0217132568359375,3.6168519655863443,0.3553474247455597,0.168701171875,0.0016662667039781809,0.116675466299057,0.0032709501683712006,0.2583809196949005
obj_0084,60,llh,13.659437894821167,0.8537300229072571,0.1954316943883896,5.690768361091614,0.46359148621559143,0.20763516426086426,26.54834747314453,9.18174684047699,0.5294934511184692,0.4666866958141327,13.852890729904175,0.9015008211135864,0.17433837056159973,13.427932262420654,0.8490018844604492,0.20525069534778595,0.9479166666666666,0.751953125,0.34509843587875366,0.056243896484375,0.24072265625,0.0120086669921875,3.3611441453297934,0.35618388652801514,0.12890625,0.0016662667039781809,0.116675466299057,0.0032709501683712006,0.2583809196949005
obj_0084,60,c3_lhl,13.38184118270874,0.8565571308135986,0.2080182582139969,5.461752414703369,0.436164528131485,0.20693427324295044,25.32186985015869,8.307318687438965,0.4888021647930145,0.4448621869087219,13.623874187469482,0.8973410129547119,0.17688575387001038,13.14987063407898,0.8513321876525879,0.21950499713420868,0.9479166666666666,0.7587890625,0.28718817234039307,0.051177978515625,0.268798828125,0.016845703125,4.413435141245524,0.3371964991092682,0.1634521484375,0.0016662667039781809,0.116675466299057,0.0032709501683712006,0.2583809196949005
obj_0085,61,fixed_mean,11.628913879394531,0.8102920651435852,0.21836119890213013,3.655601441860199,0.1504947990179062,0.23291265964508057,24.224941730499268,6.998010873794556,0.41172564029693604,0.1386576145887375,11.836353540420532,0.8598988056182861,0.1962975710630417,11.594914197921753,0.8093032240867615,0.22215893864631653,0.9921875,0.8544921875,0.31045758724212646,0.01160430908203125,0.409912109375,0.032958984375,3.5598930517832437,0.3593941628932953,0.226806640625,0.0017123781144618988,0.11917010694742203,0.0027704101521521807,0.2589639723300934
obj_0085,61,hll,10.95996618270874,0.7958719730377197,0.23545010387897491,3.073994219303131,0.07431647926568985,0.23836210370063782,22.073194980621338,5.994737148284912,0.3658424913883209,0.06063972786068916,11.254746913909912,0.849132776260376,0.2041316032409668,10.926200151443481,0.7947279810905457,0.2393876314163208,0.9921875,0.8798828125,0.3073773682117462,0.00780487060546875,0.355224609375,0.03662109375,2.2136831680933633,0.35877442359924316,0.238037109375,0.0017123781144618988,0.11917010694742203,0.0027704101521521807,0.2589639723300934
obj_0085,61,llh,12.164449691772461,0.8380717039108276,0.20941942930221558,4.146784543991089,0.20117436349391937,0.2251322716474533,25.78317880630493,7.943297624588013,0.45146414637565613,0.1876712292432785,12.32753872871399,0.8690358400344849,0.18686702847480774,12.13040828704834,0.8372293710708618,0.2132006585597992,0.9921875,0.83056640625,0.34352681040763855,0.01056671142578125,0.407958984375,0.0256805419921875,3.9395177364349365,0.36033082008361816,0.2076416015625,0.0017123781144618988,0.11917010694742203,0.0027704101521521807,0.2589639723300934
obj_0085,61,c3_lhl,12.156156301498413,0.8411437273025513,0.21866047382354736,4.204463362693787,0.22086262702941895,0.22907966375350952,24.33234691619873,7.400407195091248,0.4347135126590729,0.21641463041305542,12.38521695137024,0.8687710165977478,0.1960756778717041,12.12209939956665,0.8401822447776794,0.2226545512676239,0.9921875,0.81396484375,0.27843597531318665,0.019866943359375,0.4140625,0.033111572265625,3.84418519337972,0.34637734293937683,0.2373046875,0.0017123781144618988,0.11917010694742203,0.0027704101521521807,0.2589639723300934
obj_0086,62,fixed_mean,17.691941261291504,0.8100855946540833,0.16066217422485352,11.710788011550903,0.37705856561660767,0.19865089654922485,27.44023084640503,10.209425687789917,0.5069891810417175,0.3779776692390442,18.060725927352905,0.8296743035316467,0.14634902775287628,17.663581371307373,0.8090669512748718,0.16369810700416565,0.9934895833333334,0.85986328125,0.2714082896709442,0.0882568359375,0.248046875,0.0156707763671875,3.1372905572255454,0.3611479699611664,0.1497802734375,0.08214379847049713,0.2937554717063904,0.011146069504320621,0.32860201597213745
obj_0086,62,hll,17.07333207130432,0.7927708029747009,0.16775763034820557,11.176544427871704,0.3723956048488617,0.20667871832847595,25.968432426452637,9.495473504066467,0.48170289397239685,0.37508347630500793,17.526482343673706,0.8233596086502075,0.1506473422050476,17.045001983642578,0.7916544675827026,0.17082315683364868,0.9934895833333334,0.86474609375,0.25118282437324524,0.0888671875,0.2296142578125,0.0180816650390625,3.1054322719573975,0.349567174911499,0.167236328125,0.08214379847049713,0.2937554717063904,0.011146069504320621,0.32860201597213745
obj_0086,62,llh,18.265329599380493,0.8229116201400757,0.16719356179237366,12.214517593383789,0.3732464015483856,0.19983746111392975,28.888423442840576,11.148462295532227,0.535681426525116,0.37087947130203247,18.564454317092896,0.8356227874755859,0.1502363383769989,18.23696732521057,0.8218943476676941,0.1704462170600891,0.9934895833333334,0.85302734375,0.2993128001689911,0.082763671875,0.2474365234375,0.01393890380859375,3.1689490477244058,0.3714365065097809,0.1348876953125,0.08214379847049713,0.2937554717063904,0.011146069504320621,0.32860201597213745
obj_0086,62,c3_lhl,17.671350240707397,0.8231380581855774,0.1567966639995575,11.753038167953491,0.37405508756637573,0.19448097050189972,26.767220497131348,9.895750284194946,0.4938952922821045,0.3763982653617859,18.102974891662598,0.8325645923614502,0.14123307168483734,17.64298439025879,0.8220266103744507,0.15982848405838013,0.9934895833333334,0.84814453125,0.25528720021247864,0.08612060546875,0.251220703125,0.016693115234375,3.3011630376180015,0.3470444977283478,0.1624755859375,0.08214379847049713,0.2937554717063904,0.011146069504320621,0.32860201597213745
obj_0087,63,fixed_mean,12.409398555755615,0.8298893570899963,0.206668883562088,4.8629820346832275,0.37088361382484436,0.21166464686393738,24.663667678833008,7.486562132835388,0.46112972497940063,0.37540942430496216,12.630138397216797,0.8748674988746643,0.18117648363113403,12.207597494125366,0.8244795799255371,0.2203637957572937,0.9544270833333334,0.80517578125,0.2892644703388214,0.050933837890625,0.239501953125,0.01312255859375,3.5359670321146646,0.3534049093723297,0.1546630859375,0.0016680245753377676,0.12532265484333038,0.003825525287538767,0.25963637232780457
obj_0087,63,hll,11.627581119537354,0.8120602369308472,0.23080196976661682,4.159267544746399,0.3078223764896393,0.21980567276477814,22.604870796203613,6.49729311466217,0.42051053047180176,0.3121124804019928,11.92642331123352,0.860668957233429,0.1891053020954132,11.42634391784668,0.8056025505065918,0.24755285680294037,0.9544270833333334,0.841796875,0.25893715023994446,0.054931640625,0.228271484375,0.01537322998046875,3.335662285486857,0.3492467403411865,0.1710205078125,0.0016680245753377676,0.12532265484333038,0.003825525287538767,0.25963637232780457
obj_0087,63,llh,13.080681562423706,0.8379989862442017,0.20368976891040802,5.488360524177551,0.42591017484664917,0.21088849008083344,26.324656009674072,8.467611074447632,0.5033302903175354,0.4282466173171997,13.255517482757568,0.8860504627227783,0.17981667816638947,12.878612279891968,0.8330181241035461,0.21688856184482574,0.9544270833333334,0.7744140625,0.31714382767677307,0.051849365234375,0.2347412109375,0.0106353759765625,3.2660972277323403,0.35853204131126404,0.1385498046875,0.0016680245753377676,0.12532265484333038,0.003825525287538767,0.25963637232780457
obj_0087,63,c3_lhl,12.921098470687866,0.8433764576911926,0.21064148843288422,5.415116548538208,0.40873876214027405,0.20671504735946655,24.464871883392334,7.800461053848267,0.47145330905914307,0.4168565571308136,13.182271718978882,0.8834971189498901,0.17718815803527832,12.718697786331177,0.8380106091499329,0.22503580152988434,0.9544270833333334,0.7734375,0.26000308990478516,0.050262451171875,0.248046875,0.013092041015625,4.098521550496419,0.33911585807800293,0.1624755859375,0.0016680245753377676,0.12532265484333038,0.003825525287538767,0.25963637232780457
obj_0088,64,fixed_mean,11.650124788284302,0.8406162261962891,0.22692185640335083,5.1561301946640015,0.48559436202049255,0.2540850043296814,28.309950828552246,9.136831760406494,0.5541607737541199,0.49088531732559204,11.723804473876953,0.866094172000885,0.2142198532819748,11.598937511444092,0.839169979095459,0.23154528439044952,0.98828125,0.7841796875,0.4041760265827179,0.03851318359375,0.18994140625,0.01324462890625,2.6734276612599692,0.37789759039878845,0.1209716796875,0.0016733723459765315,0.05074382945895195,0.001045131590217352,0.24832892417907715
obj_0088,64,hll,10.546121597290039,0.793355405330658,0.24462342262268066,4.080825746059418,0.37349870800971985,0.26892247796058655,25.791678428649902,7.649663090705872,0.4971972703933716,0.3767279386520386,10.648499727249146,0.8349053859710693,0.2281365543603897,10.495034456253052,0.7916828393936157,0.24954602122306824,0.98828125,0.84375,0.3826025426387787,0.042694091796875,0.1878662109375,0.0175323486328125,2.6075948079427085,0.38459154963493347,0.1346435546875,0.0016733723459765315,0.05074382945895195,0.001045131590217352,0.24832892417907715
obj_0088,64,llh,12.728265523910522,0.8841083645820618,0.21108829975128174,6.208524703979492,0.5770904421806335,0.23970596492290497,31.242353916168213,10.866163969039917,0.6112306714057922,0.5819922089576721,12.776199579238892,0.8908608555793762,0.1983948051929474,12.677072286605835,0.882848858833313,0.2153404951095581,0.98828125,0.72607421875,0.43883731961250305,0.03582763671875,0.177734375,0.009307861328125,2.5075647830963135,0.369418740272522,0.10430908203125,0.0016733723459765315,0.05074382945895195,0.001045131590217352,0.24832892417907715
obj_0088,64,c3_lhl,12.561534643173218,0.8822572827339172,0.21854420006275177,6.083506345748901,0.5772950649261475,0.24465537071228027,28.377532958984375,9.698533415794373,0.5665544867515564,0.5880657434463501,12.651180028915405,0.8879458904266357,0.203396275639534,12.51034140586853,0.8808619379997253,0.22305352985858917,0.98828125,0.7275390625,0.36911383271217346,0.0408935546875,0.1881103515625,0.0134124755859375,3.4056222438812256,0.35773763060569763,0.12481689453125,0.0016733723459765315,0.05074382945895195,0.001045131590217352,0.24832892417907715
obj_0089,65,fixed_mean,16.938190460205078,0.9197996258735657,0.12286181002855301,3.2035499811172485,0.1099884882569313,0.11368049681186676,22.90276527404785,7.279515862464905,0.5090912580490112,0.07878577709197998,18.159620761871338,0.9682661890983582,0.09188538789749146,16.334044933319092,0.9139155745506287,0.1389317512512207,0.8502604166666666,0.83935546875,0.43999412655830383,0.0140228271484375,0.6484375,0.07281494140625,2.916375716527303,0.41781026124954224,0.2388916015625,0.001461373525671661,0.20275744795799255,0.003978651016950607,0.2662058472633362
obj_0089,65,hll,15.98289966583252,0.9079064130783081,0.13786105811595917,2.9570886492729187,0.07580242305994034,0.11511635780334473,20.293033123016357,6.648794412612915,0.48589465022087097,0.04651111364364624,17.913159132003784,0.9674701690673828,0.09357644617557526,15.443720817565918,0.9016563296318054,0.15570269525051117,0.8502604166666666,0.83642578125,0.4448436498641968,0.00567626953125,0.56689453125,0.07598876953125,1.7887634833653767,0.42504429817199707,0.2337646484375,0.001461373525671661,0.20275744795799255,0.003978651016950607,0.2662058472633362
obj_0089,65,llh,17.774803638458252,0.9184097647666931,0.10689353942871094,3.698624074459076,0.1548154056072235,0.11088201403617859,24.999878406524658,8.042441606521606,0.5449257493019104,0.12052509188652039,18.65469455718994,0.9698683619499207,0.08788413554430008,17.13446617126465,0.912911593914032,0.12094440311193466,0.8502604166666666,0.8203125,0.42575210332870483,0.01218414306640625,0.69873046875,0.059967041015625,4.075499216715495,0.4164866805076599,0.2249755859375,0.001461373525671661,0.20275744795799255,0.003978651016950607,0.2662058472633362
obj_0089,65,c3_lhl,17.3076069355011,0.9163686037063599,0.12793932855129242,3.353574573993683,0.12521208822727203,0.11701700836420059,24.02700662612915,7.3723673820495605,0.515429675579071,0.10272239148616791,18.3096444606781,0.9683833718299866,0.09424750506877899,16.65814757347107,0.9104017615318298,0.14641931653022766,0.8502604166666666,0.837890625,0.4257616102695465,0.0201416015625,0.67578125,0.084716796875,3.3198830286661782,0.41832658648490906,0.2486572265625,0.001461373525671661,0.20275744795799255,0.003978651016950607,0.2662058472633362
obj_0090,66,fixed_mean,11.884366273880005,0.814976155757904,0.2219567894935608,3.8716092705726624,0.17533990740776062,0.23761186003684998,25.369441509246826,7.635191082954407,0.4371163547039032,0.16389204561710358,12.052652835845947,0.8648961782455444,0.1965477168560028,11.861734390258789,0.8143578767776489,0.22496938705444336,0.9947916666666666,0.83984375,0.3046717345714569,0.00997161865234375,0.41552734375,0.03070068359375,3.6320464611053467,0.36050352454185486,0.2191162109375,0.001740225125104189,0.11391069740056992,0.002885229652747512,0.25917771458625793
obj_0090,66,hll,11.145073175430298,0.7966614365577698,0.2384295016527176,3.219609260559082,0.09500134736299515,0.2465219795703888,22.858688831329346,6.609742641448975,0.3890592157840729,0.0813109278678894,11.40065312385559,0.8518605828285217,0.2067054659128189,11.122560501098633,0.795994758605957,0.24131639301776886,0.9947916666666666,0.87158203125,0.2978564500808716,0.010650634765625,0.39990234375,0.037261962890625,2.7373499075571694,0.3620992600917816,0.232421875,0.001740225125104189,0.11391069740056992,0.002885229652747512,0.25917771458625793
obj_0090,66,llh,12.398468255996704,0.836463212966919,0.2081475853919983,4.3375274538993835,0.22459664940834045,0.2270502746105194,27.32456684112549,8.572668433189392,0.4756240248680115,0.21046847105026245,12.51857042312622,0.8738308548927307,0.1878465712070465,12.375808954238892,0.8359076976776123,0.21135467290878296,0.9947916666666666,0.81884765625,0.33568716049194336,0.00896453857421875,0.406494140625,0.023590087890625,3.979922612508138,0.3636017143726349,0.19873046875,0.001740225125104189,0.11391069740056992,0.002885229652747512,0.25917771458625793
obj_0090,66,c3_lhl,12.371820211410522,0.8412230610847473,0.21956872940063477,4.398286044597626,0.23618553578853607,0.23333142697811127,24.96650218963623,8.031026721000671,0.4583872854709625,0.2311328649520874,12.579329013824463,0.8729588389396667,0.19528351724147797,12.349144220352173,0.8405904769897461,0.22258232533931732,0.9947916666666666,0.8017578125,0.27825498580932617,0.0152435302734375,0.419677734375,0.0301513671875,3.854989767074585,0.3448808193206787,0.2294921875,0.001740225125104189,0.11391069740056992,0.002885229652747512,0.25917771458625793
obj_0091,67,fixed_mean,18.855032920837402,0.9324069619178772,0.1227128729224205,4.606291055679321,0.1669885218143463,0.09373047202825546,20.802323818206787,5.9423017501831055,0.49158087372779846,0.15088528394699097,23.170349597930908,0.9868717193603516,0.08236828446388245,18.245089054107666,0.9275045990943909,0.13862766325473785,0.8216145833333334,0.744140625,0.3623751103878021,0.02606201171875,0.54150390625,0.037750244140625,4.507540225982666,0.4080808758735657,0.12347412109375,0.0014997667167335749,0.3646222651004791,0.006427023094147444,0.2776802182197571
obj_0091,67,hll,16.94975733757019,0.9223383069038391,0.1371455043554306,3.5479888319969177,0.12620900571346283,0.08831008523702621,18.466719388961792,4.877220988273621,0.4663063585758209,0.11614634096622467,22.11204767227173,0.986174464225769,0.08695600181818008,16.40225648880005,0.917285680770874,0.15553627908229828,0.8216145833333334,0.796875,0.3297410309314728,0.024322509765625,0.400146484375,0.0286102294921875,3.946135679880778,0.428678423166275,0.115966796875,0.0014997667167335749,0.3646222651004791,0.006427023094147444,0.2776802182197571
obj_0091,67,llh,21.069672107696533,0.9333515167236328,0.09933403134346008,6.41011118888855,0.23753274977207184,0.09208597987890244,23.277947902679443,7.639632821083069,0.536919355392456,0.21147680282592773,24.974167346954346,0.9880259037017822,0.07211901247501373,20.43079376220703,0.9296802282333374,0.11224875599145889,0.8216145833333334,0.650390625,0.38811832666397095,0.01457977294921875,0.556640625,0.036468505859375,4.7035088539123535,0.372055321931839,0.12115478515625,0.0014997667167335749,0.3646222651004791,0.006427023094147444,0.2776802182197571
obj_0091,67,c3_lhl,19.31672692298889,0.9303427934646606,0.12361472845077515,4.575578570365906,0.17139431834220886,0.09156020730733871,21.581895351409912,5.963872075080872,0.5031939744949341,0.16064965724945068,23.139636516571045,0.9869950413703918,0.08266797661781311,18.605629205703735,0.9255703687667847,0.14131313562393188,0.8216145833333334,0.76025390625,0.35162872076034546,0.0308990478515625,0.5185546875,0.037353515625,4.580728530883789,0.39090579748153687,0.13525390625,0.0014997667167335749,0.3646222651004791,0.006427023094147444,0.2776802182197571
obj_0092,68,fixed_mean,14.110802412033081,0.880638062953949,0.14249566197395325,3.216351568698883,0.1693609207868576,0.16243182122707367,24.196326732635498,8.1055349111557,0.521794855594635,0.15514202415943146,14.524180889129639,0.9293261766433716,0.12353704869747162,13.606293201446533,0.8718457221984863,0.15960915386676788,0.8841145833333334,0.8642578125,0.3736500144004822,0.038665771484375,0.39404296875,0.03375244140625,2.5966673692067466,0.3998854160308838,0.1905517578125,0.0015128491213545203,0.10190162807703018,0.0020698723383247852,0.2531519830226898
obj_0092,68,hll,13.494822978973389,0.8726730346679688,0.16333015263080597,2.9774218797683716,0.1111982986330986,0.16019931435585022,20.949385166168213,6.977505683898926,0.4859464168548584,0.09860467910766602,14.285250902175903,0.92745441198349,0.12520883977413177,13.018243312835693,0.8631278276443481,0.18046101927757263,0.8841145833333334,0.8564453125,0.3924545645713806,0.0241546630859375,0.330322265625,0.036529541015625,1.932267427444458,0.3985852301120758,0.1954345703125,0.0015128491213545203,0.10190162807703018,0.0020698723383247852,0.2531519830226898
obj_0092,68,llh,14.686421155929565,0.8804894685745239,0.13492639362812042,3.597700595855713,0.24258089065551758,0.16012504696846008,27.432878017425537,9.553080201148987,0.5822958946228027,0.22422447800636292,14.905530214309692,0.9331148862838745,0.12021364271640778,14.166797399520874,0.8721657395362854,0.15279707312583923,0.8841145833333334,0.85400390625,0.38538020849227905,0.05120849609375,0.42578125,0.0267486572265625,3.4000717798868814,0.40285348892211914,0.1787109375,0.0015128491213545203,0.10190162807703018,0.0020698723383247852,0.2531519830226898
obj_0092,68,c3_lhl,14.49831485748291,0.8830259442329407,0.15637797117233276,3.5165944695472717,0.19427619874477386,0.16439437866210938,25.570688247680664,8.188263177871704,0.5227569937705994,0.18582503497600555,14.824423789978027,0.9307606816291809,0.12665176391601562,13.977298736572266,0.8743804693222046,0.175420343875885,0.8841145833333334,0.8486328125,0.3125300109386444,0.043792724609375,0.43408203125,0.037506103515625,3.4025793075561523,0.3779488503932953,0.2115478515625,0.0015128491213545203,0.10190162807703018,0.0020698723383247852,0.2531519830226898
obj_0093,69,fixed_mean,11.981382369995117,0.8168089389801025,0.233624666929245,3.8242316246032715,0.1842372566461563,0.2338484823703766,24.60756540298462,7.308376431465149,0.42536187171936035,0.17456454038619995,12.188920974731445,0.8706227540969849,0.20555178821086884,11.91329836845398,0.8148190379142761,0.23700594902038574,0.984375,0.8486328125,0.33369943499565125,0.01491546630859375,0.371337890625,0.029754638671875,3.470174868901571,0.36169278621673584,0.20361328125,0.0017773233121261,0.12956029176712036,0.0032174016814678907,0.2566561996936798
obj_0093,69,hll,11.279010772705078,0.8053292632102966,0.2507432699203491,3.210892379283905,0.1041945219039917,0.2429308295249939,22.398979663848877,6.3726407289505005,0.38244035840034485,0.09226372092962265,11.575583219528198,0.859152615070343,0.21316400170326233,11.211566925048828,0.803283154964447,0.2540532946586609,0.984375,0.87548828125,0.33039337396621704,0.01245880126953125,0.34619140625,0.03558349609375,2.663466294606527,0.3671795129776001,0.2161865234375,0.0017773233121261,0.12956029176712036,0.0032174016814678907,0.2566561996936798
obj_0093,69,llh,12.482969760894775,0.8259298801422119,0.22156210243701935,4.273406267166138,0.22664892673492432,0.22769032418727875,26.3472580909729,8.278389573097229,0.46498340368270874,0.21302266418933868,12.638096809387207,0.8784646987915039,0.19708488881587982,12.414742708206177,0.8241561651229858,0.2252141237258911,0.984375,0.8291015625,0.3594694435596466,0.01251220703125,0.372314453125,0.02288818359375,3.8048551877339682,0.36431464552879333,0.185302734375,0.0017773233121261,0.12956029176712036,0.0032174016814678907,0.2566561996936798
obj_0093,69,c3_lhl,12.455867528915405,0.8327361345291138,0.23467221856117249,4.319740831851959,0.24544064700603485,0.23263341188430786,24.67341184616089,7.68385112285614,0.4422864019870758,0.24195455014705658,12.68442988395691,0.8777394890785217,0.20375406742095947,12.38754391670227,0.8309407234191895,0.2382049262523651,0.984375,0.81494140625,0.3000234365463257,0.021881103515625,0.381591796875,0.02984619140625,3.77831761042277,0.3458900451660156,0.215576171875,0.0017773233121261,0.12956029176712036,0.0032174016814678907,0.2566561996936798
obj_0094,70,fixed_mean,11.441373825073242,0.8086597323417664,0.24673762917518616,4.499778747558594,0.3924931287765503,0.2686255872249603,27.552015781402588,8.734490275382996,0.5255889892578125,0.39382994174957275,11.527483463287354,0.8511706590652466,0.22483274340629578,11.327030658721924,0.8050910234451294,0.25732871890068054,0.9739583333333334,0.810546875,0.30510562658309937,0.0601806640625,0.27587890625,0.0179595947265625,3.4198384284973145,0.35700878500938416,0.15576171875,0.001444207038730383,0.06388057768344879,0.001258622040040791,0.24812467396259308
obj_0094,70,hll,10.43355107307434,0.7833297848701477,0.2637028694152832,3.566601276397705,0.2934313416481018,0.2732211649417877,23.870222568511963,7.439289093017578,0.4727470576763153,0.29359397292137146,10.594305992126465,0.8277798295021057,0.22963617742061615,10.31998872756958,0.7788105607032776,0.2744501531124115,0.9739583333333334,0.85595703125,0.2958570718765259,0.05816650390625,0.25244140625,0.022003173828125,2.7540969848632812,0.3626910150051117,0.1732177734375,0.001444207038730383,0.06388057768344879,0.001258622040040791,0.24812467396259308
obj_0094,70,llh,12.521250247955322,0.8503627777099609,0.24322903156280518,5.553313493728638,0.4577610492706299,0.26174020767211914,30.204529762268066,10.221917629241943,0.5744253396987915,0.4582737684249878,12.581018209457397,0.8713077902793884,0.2224169373512268,12.40667462348938,0.8473944664001465,0.25391024351119995,0.9739583333333334,0.75537109375,0.35898929834365845,0.05718994140625,0.265869140625,0.0148773193359375,3.430260976155599,0.3604561686515808,0.13427734375,0.001444207038730383,0.06388057768344879,0.001258622040040791,0.24812467396259308
obj_0094,70,c3_lhl,12.323315143585205,0.8490856289863586,0.2390974462032318,5.408239960670471,0.4529948830604553,0.2542852759361267,27.28116512298584,9.384152293205261,0.541159451007843,0.4584089517593384,12.435945272445679,0.868647575378418,0.21031233668327332,12.208724021911621,0.8457565903663635,0.24959753453731537,0.9739583333333334,0.7529296875,0.25554007291793823,0.055084228515625,0.2890625,0.0186614990234375,4.159018198649089,0.3422010838985443,0.1690673828125,0.001444207038730383,0.06388057768344879,0.001258622040040791,0.24812467396259308
obj_0095,71,fixed_mean,17.26030707359314,0.9165905714035034,0.1355159878730774,3.5397061705589294,0.12530463933944702,0.11405438929796219,23.356974124908447,7.824304103851318,0.5399523973464966,0.09390770643949509,18.43909978866577,0.9686471223831177,0.10018599778413773,16.653670072555542,0.9109117388725281,0.15723787248134613,0.8502604166666666,0.8115234375,0.3917480707168579,0.025360107421875,0.66650390625,0.056365966796875,3.5461671352386475,0.39244240522384644,0.2491455078125,0.0015234434977173805,0.19558991491794586,0.0036710305139422417,0.2643672823905945
obj_0095,71,hll,16.21336579322815,0.9091205596923828,0.14801470935344696,3.203005790710449,0.0824422538280487,0.1157420426607132,20.59626817703247,6.989116072654724,0.5036813616752625,0.05280236899852753,18.102400302886963,0.9676929116249084,0.10147683322429657,15.667613744735718,0.9030593633651733,0.17069290578365326,0.8502604166666666,0.8134765625,0.3867029547691345,0.01285552978515625,0.58935546875,0.06103515625,2.608453353246053,0.39659935235977173,0.252685546875,0.0015234434977173805,0.19558991491794586,0.0036710305139422417,0.2643672823905945
obj_0095,71,llh,18.204572200775146,0.9173277020454407,0.11629009991884232,4.116620123386383,0.17039155960083008,0.11073248088359833,25.74636936187744,9.073949456214905,0.5746923685073853,0.1329735964536667,19.016013145446777,0.9700561165809631,0.0950266644358635,17.56845712661743,0.9117492437362671,0.13440129160881042,0.8502604166666666,0.7841796875,0.3783718943595886,0.020782470703125,0.73779296875,0.046417236328125,4.552170435587565,0.3826092481613159,0.2401123046875,0.0015234434977173805,0.19558991491794586,0.0036710305139422417,0.2643672823905945
obj_0095,71,c3_lhl,17.547974586486816,0.9154413342475891,0.13823255896568298,3.6247894167900085,0.13133476674556732,0.11629889905452728,24.36647891998291,7.870174050331116,0.5425164103507996,0.10449456423521042,18.524181842803955,0.9685543775558472,0.10161881148815155,16.900084018707275,0.9095472097396851,0.16190402209758759,0.8502604166666666,0.810546875,0.3843153119087219,0.0286712646484375,0.671875,0.0650634765625,3.6296139558156333,0.38652506470680237,0.2646484375,0.0015234434977173805,0.19558991491794586,0.0036710305139422417,0.2643672823905945
obj_0096,72,fixed_mean,17.48875141143799,0.855170488357544,0.10594909638166428,8.553962111473083,0.2518284320831299,0.1275966465473175,25.07073163986206,8.773455619812012,0.4935656487941742,0.2410290688276291,18.22364568710327,0.9044821262359619,0.08363263309001923,17.061349153518677,0.8451290130615234,0.1232069730758667,0.9010416666666666,0.873046875,0.3865157663822174,0.0316162109375,0.347900390625,0.029388427734375,2.392280419667562,0.37449392676353455,0.218505859375,0.039568834006786346,0.4003449082374573,0.022864654660224915,0.3459443747997284
obj_0096,72,hll,16.86481237411499,0.8463698029518127,0.12402908504009247,8.318775296211243,0.16765834391117096,0.13163892924785614,22.790193557739258,7.9436880350112915,0.44692906737327576,0.1551700234413147,17.988460063934326,0.8997427821159363,0.08404930680990219,16.449178457260132,0.8350536823272705,0.14224696159362793,0.9010416666666666,0.87744140625,0.3400215208530426,0.0197906494140625,0.302978515625,0.031829833984375,1.9209168752034504,0.37761732935905457,0.218017578125,0.039568834006786346,0.4003449082374573,0.022864654660224915,0.3459443747997284
obj_0096,72,llh,17.988080978393555,0.8546817898750305,0.09878622740507126,8.917794227600098,0.3003920316696167,0.11940370500087738,26.38916254043579,9.594263434410095,0.5310424566268921,0.288260817527771,18.587478399276733,0.9105814099311829,0.07988312840461731,17.561745643615723,0.8451458215713501,0.11415025591850281,0.9010416666666666,0.86328125,0.4134214520454407,0.035980224609375,0.361572265625,0.02392578125,2.9604551792144775,0.37811389565467834,0.2059326171875,0.039568834006786346,0.4003449082374573,0.022864654660224915,0.3459443747997284
obj_0096,72,c3_lhl,17.69216299057007,0.8549677729606628,0.11853544414043427,8.758118152618408,0.27573060989379883,0.13082203269004822,25.27010440826416,8.7230384349823,0.48159459233283997,0.2691427767276764,18.42780351638794,0.9074403047561646,0.08567725867033005,17.255982160568237,0.8449979424476624,0.13596107065677643,0.9010416666666666,0.8603515625,0.38018614053726196,0.03668212890625,0.371337890625,0.03070068359375,3.030512809753418,0.3676251769065857,0.2252197265625,0.039568834006786346,0.4003449082374573,0.022864654660224915,0.3459443747997284
obj_0097,73,fixed_mean,15.29726266860962,0.8981441855430603,0.14246588945388794,3.084183633327484,0.08040334284305573,0.14419381320476532,23.84486198425293,8.824164271354675,0.5249741077423096,0.05511799454689026,15.914229154586792,0.9481052756309509,0.11434891819953918,14.719030857086182,0.8898499011993408,0.1635110080242157,0.86328125,0.849609375,0.38424715399742126,0.010833740234375,0.5263671875,0.06182861328125,2.1422148942947388,0.4023417830467224,0.2484130859375,0.0014261382166296244,0.1309451311826706,0.002497752197086811,0.25860345363616943
obj_0097,73,hll,14.647060632705688,0.8878715634346008,0.1579967588186264,2.9690447449684143,0.05569378659129143,0.14303496479988098,20.741100311279297,8.009200096130371,0.5045598149299622,0.03220756724476814,15.799089670181274,0.9477799534797668,0.11380337178707123,14.12053108215332,0.8796057105064392,0.18040186166763306,0.86328125,0.83349609375,0.37734469771385193,0.005184173583984375,0.47021484375,0.06549072265625,1.5617801745732625,0.41112130880355835,0.244384765625,0.0014261382166296244,0.1309451311826706,0.002497752197086811,0.25860345363616943
obj_0097,73,llh,15.75482726097107,0.8948891162872314,0.12863263487815857,3.2596826553344727,0.11841502040624619,0.13972479104995728,26.81743621826172,9.740012288093567,0.5645920038223267,0.08874637633562088,16.089727878570557,0.9494447708129883,0.11026951670646667,15.148718357086182,0.8871177434921265,0.14878711104393005,0.86328125,0.8564453125,0.40485164523124695,0.017242431640625,0.55517578125,0.048309326171875,2.945877472559611,0.3997982144355774,0.23779296875,0.0014261382166296244,0.1309451311826706,0.002497752197086811,0.25860345363616943
obj_0097,73,c3_lhl,15.637398958206177,0.8974917531013489,0.1533450484275818,3.26144278049469,0.10664355009794235,0.14587615430355072,25.436437129974365,8.89219582080841,0.5359691977500916,0.08751139789819717,16.091487407684326,0.9484764933586121,0.1175868809223175,15.029356479644775,0.8893733620643616,0.17453990876674652,0.86328125,0.84423828125,0.35297104716300964,0.019744873046875,0.5576171875,0.070556640625,2.7218463818232217,0.39373886585235596,0.2666015625,0.0014261382166296244,0.1309451311826706,0.002497752197086811,0.25860345363616943
obj_0098,74,fixed_mean,13.512001037597656,0.8705462217330933,0.1488046646118164,3.0993205308914185,0.1441788524389267,0.1627514362335205,24.865431785583496,8.270055651664734,0.5156410336494446,0.12910686433315277,13.81324291229248,0.9185965061187744,0.129156231880188,13.084731101989746,0.8620758056640625,0.16356037557125092,0.90234375,0.8759765625,0.41927093267440796,0.02685546875,0.37646484375,0.0364990234375,2.425483067830404,0.4043315649032593,0.1907958984375,0.001541270175948739,0.09485446661710739,0.0019914826843887568,0.24790118634700775
obj_0098,74,hll,12.974680662155151,0.8624933362007141,0.17025110125541687,2.841775119304657,0.08300061523914337,0.16467541456222534,21.61287784576416,7.201179265975952,0.4779471457004547,0.06656792759895325,13.5556960105896,0.9157680869102478,0.13212950527668,12.56578803062439,0.8540307879447937,0.18547336757183075,0.90234375,0.87646484375,0.4375233054161072,0.013671875,0.318359375,0.03802490234375,1.574551562468211,0.41047242283821106,0.1807861328125,0.001541270175948739,0.09485446661710739,0.0019914826843887568,0.24790118634700775
obj_0098,74,llh,14.11841630935669,0.871941328048706,0.14069220423698425,3.5736972093582153,0.2112227976322174,0.15837536752223969,27.911481857299805,9.612574577331543,0.5567512512207031,0.19468313455581665,14.287618398666382,0.9244114756584167,0.12475583702325821,13.682259321212769,0.8644556999206543,0.15511755645275116,0.90234375,0.8564453125,0.43073469400405884,0.03106689453125,0.401123046875,0.028228759765625,3.3262574672698975,0.3993740379810333,0.1817626953125,0.001541270175948739,0.09485446661710739,0.0019914826843887568,0.24790118634700775
obj_0098,74,c3_lhl,13.97223949432373,0.8724924921989441,0.1597227156162262,3.4963902831077576,0.20855756103992462,0.16493938863277435,26.316442489624023,8.454719185829163,0.5228370428085327,0.20026595890522003,14.210312366485596,0.9224529266357422,0.1307017207145691,13.53424072265625,0.8644945621490479,0.175916850566864,0.90234375,0.85546875,0.36988207697868347,0.037322998046875,0.413818359375,0.040496826171875,3.4468406041463218,0.389840692281723,0.2017822265625,0.001541270175948739,0.09485446661710739,0.0019914826843887568,0.24790118634700775
obj_0099,75,fixed_mean,12.459156513214111,0.8491119742393494,0.18893367052078247,4.567379951477051,0.4231793284416199,0.20509600639343262,27.8161883354187,9.112941026687622,0.5503359436988831,0.42677631974220276,12.566930055618286,0.8896225690841675,0.16949474811553955,12.228182554244995,0.8435885906219482,0.19874149560928345,0.9479166666666666,0.8017578125,0.3757542371749878,0.04547119140625,0.2266845703125,0.018524169921875,2.8415439128875732,0.3754153549671173,0.1490478515625,0.0014249891974031925,0.06035420671105385,0.001253289170563221,0.2488187998533249
obj_0099,75,hll,11.465176343917847,0.8240618705749512,0.2128334939479828,3.6498114466667175,0.3116808831691742,0.21591567993164062,24.532761573791504,7.550483345985413,0.5013439655303955,0.31339365243911743,11.649360656738281,0.8681751489639282,0.18053686618804932,11.235896348953247,0.8174450397491455,0.22241808474063873,0.9479166666666666,0.8505859375,0.3525739908218384,0.04864501953125,0.2193603515625,0.023681640625,2.7624725500742593,0.3794686496257782,0.1668701171875,0.0014249891974031925,0.06035420671105385,0.001253289170563221,0.2488187998533249
obj_0099,75,llh,13.275887966156006,0.8609265089035034,0.1771358847618103,5.349355936050415,0.5029991269111633,0.1964249461889267,30.306389331817627,10.470006465911865,0.5964958071708679,0.5061919093132019,13.34890604019165,0.9049773812294006,0.16078273952007294,13.04436206817627,0.8565113544464111,0.1873534619808197,0.9479166666666666,0.76025390625,0.40939879417419434,0.04498291015625,0.213134765625,0.01287841796875,2.614687919616699,0.3663613796234131,0.13134765625,0.0014249891974031925,0.06035420671105385,0.001253289170563221,0.2488187998533249
obj_0099,75,c3_lhl,13.135106563568115,0.8622201681137085,0.1933397650718689,5.2618080377578735,0.49481695890426636,0.19941094517707825,27.814035415649414,9.391177892684937,0.5592718124389648,0.5031416416168213,13.261357545852661,0.9027683734893799,0.16482700407505035,12.903159856796265,0.8573765754699707,0.20428958535194397,0.9479166666666666,0.76171875,0.34265416860580444,0.04559326171875,0.2283935546875,0.0186004638671875,3.6521990299224854,0.3603910803794861,0.15478515625,0.0014249891974031925,0.06035420671105385,0.001253289170563221,0.2488187998533249
obj_0100,76,fixed_mean,12.045762538909912,0.8667710423469543,0.25347575545310974,5.920480489730835,0.5590621829032898,0.27039211988449097,28.99167537689209,9.535706639289856,0.5805774331092834,0.566264808177948,12.112934589385986,0.8734405040740967,0.23003064095973969,12.040103673934937,0.8666139245033264,0.2537253201007843,0.9986979166666666,0.74072265625,0.39656636118888855,0.0396728515625,0.1844482421875,0.0118865966796875,2.668248176574707,0.35947397351264954,0.1190185546875,0.0018310892628505826,0.051621854305267334,0.001036902074702084,0.25031402707099915
obj_0100,76,hll,10.9800386428833,0.817602276802063,0.27092719078063965,4.883259534835815,0.47123652696609497,0.28553545475006104,26.404080390930176,8.089473247528076,0.531979501247406,0.47741997241973877,11.075713634490967,0.845703661441803,0.24415041506290436,10.974379777908325,0.8174101114273071,0.27120041847229004,0.9986979166666666,0.7978515625,0.3702639639377594,0.04437255859375,0.1849365234375,0.01555633544921875,2.6138687133789062,0.36306291818618774,0.134521484375,0.0018310892628505826,0.051621854305267334,0.001036902074702084,0.25031402707099915
obj_0100,76,llh,13.229856491088867,0.8926185965538025,0.2388613224029541,7.082437872886658,0.6438466906547546,0.25597625970840454,31.90117120742798,11.255638599395752,0.6374138593673706,0.6500867009162903,13.274891376495361,0.8974383473396301,0.21647872030735016,13.224198818206787,0.892479658126831,0.23900246620178223,0.9986979166666666,0.6806640625,0.4336335361003876,0.040740966796875,0.1708984375,0.00774383544921875,2.6111578941345215,0.35628458857536316,0.09735107421875,0.0018310892628505826,0.051621854305267334,0.001036902074702084,0.25031402707099915
obj_0100,76,c3_lhl,13.153383731842041,0.8902504444122314,0.24635115265846252,7.0544469356536865,0.6434725522994995,0.2606620192527771,28.675401210784912,10.247282981872559,0.5973753929138184,0.6554179191589355,13.246899843215942,0.8960611820220947,0.21991583704948425,13.14772367477417,0.8901073932647705,0.24662908911705017,0.9986979166666666,0.67578125,0.3526785671710968,0.04266357421875,0.17919921875,0.01143646240234375,3.2142276763916016,0.33731865882873535,0.1220703125,0.0018310892628505826,0.051621854305267334,0.001036902074702084,0.25031402707099915
obj_0101,77,fixed_mean,12.060363292694092,0.8323842287063599,0.2102312296628952,4.723171591758728,0.4288429915904999,0.23629844188690186,26.849920749664307,8.533909916877747,0.5424689650535583,0.43205416202545166,12.180267572402954,0.873929500579834,0.19599604606628418,11.934369802474976,0.8291287422180176,0.21865884959697723,0.9713541666666666,0.80126953125,0.3995476961135864,0.05572509765625,0.23193359375,0.0135498046875,3.2209079265594482,0.3714165687561035,0.1282958984375,0.0015752889448776841,0.05942355468869209,0.0012128014350309968,0.2475297749042511
obj_0101,77,hll,10.94240427017212,0.8059096336364746,0.23080947995185852,3.7225285172462463,0.3344559669494629,0.24046964943408966,22.82707929611206,6.993027329444885,0.4851386249065399,0.33735108375549316,11.179624795913696,0.851660966873169,0.20395682752132416,10.817079544067383,0.8018718361854553,0.24095730483531952,0.9713541666666666,0.85302734375,0.3722382187843323,0.059173583984375,0.2088623046875,0.015899658203125,2.7438696225484214,0.3649826943874359,0.1436767578125,0.0015752889448776841,0.05942355468869209,0.0012128014350309968,0.2475297749042511
obj_0101,77,llh,13.089334964752197,0.8615232706069946,0.20543552935123444,5.70820689201355,0.5080092549324036,0.23225876688957214,29.83910083770752,10.214651823043823,0.596838653087616,0.5102983117103577,13.165303468704224,0.8922522068023682,0.19171291589736938,12.963145971298218,0.8587077260017395,0.2148323357105255,0.9713541666666666,0.74951171875,0.4313928484916687,0.0552978515625,0.22802734375,0.01091766357421875,3.130525271097819,0.37094011902809143,0.11444091796875,0.0015752889448776841,0.05942355468869209,0.0012128014350309968,0.2475297749042511
obj_0101,77,c3_lhl,12.938121557235718,0.8703694939613342,0.20627981424331665,5.661217570304871,0.5051930546760559,0.2202022522687912,25.98867893218994,9.070737361907959,0.5613712072372437,0.5134654641151428,13.118314743041992,0.8921278119087219,0.18134257197380066,12.81190276145935,0.8673344850540161,0.21467643976211548,0.9713541666666666,0.74560546875,0.3589836061000824,0.050079345703125,0.2275390625,0.0128173828125,3.9265828927357993,0.346352219581604,0.1361083984375,0.0015752889448776841,0.05942355468869209,0.0012128014350309968,0.2475297749042511
obj_0102,78,fixed_mean,11.598187685012817,0.8535285592079163,0.271587073802948,5.9343671798706055,0.560081422328949,0.28561174869537354,28.9054012298584,9.732316732406616,0.5656919479370117,0.5685162544250488,11.657716035842896,0.8589662909507751,0.24772527813911438,11.592528820037842,0.8533376455307007,0.2718387246131897,0.9986979166666666,0.7373046875,0.36910173296928406,0.04144287109375,0.1802978515625,0.0114288330078125,2.6261912186940513,0.34917396306991577,0.1234130859375,0.001736253616400063,0.04827851429581642,0.0009632783476263285,0.2512081265449524
obj_0102,78,hll,10.402723550796509,0.7985543608665466,0.29079321026802063,4.763838946819305,0.4626430869102478,0.30763041973114014,26.202874183654785,8.165632486343384,0.5169315338134766,0.4695318639278412,10.48718810081482,0.8244665265083313,0.265080064535141,10.397064685821533,0.7983426451683044,0.2910636067390442,0.9986979166666666,0.8046875,0.33987781405448914,0.046417236328125,0.177734375,0.014312744140625,2.4892276922861734,0.3512340784072876,0.141357421875,0.001736253616400063,0.04827851429581642,0.0009632783476263285,0.2512081265449524
obj_0102,78,llh,12.79062032699585,0.8798568844795227,0.261833518743515,7.111139297485352,0.6371089220046997,0.2766038477420807,31.41594886779785,11.403200626373291,0.6170659065246582,0.6447855830192566,12.834486961364746,0.8845323920249939,0.23906484246253967,12.784961462020874,0.8797000646591187,0.2620971202850342,0.9986979166666666,0.67578125,0.40178361535072327,0.041839599609375,0.171142578125,0.00812530517578125,2.5587916374206543,0.34833958745002747,0.10455322265625,0.001736253616400063,0.04827851429581642,0.0009632783476263285,0.2512081265449524
obj_0102,78,c3_lhl,12.760908603668213,0.8808273077011108,0.26829010248184204,7.122600674629211,0.6507770419120789,0.2766329050064087,28.53180170059204,10.463443994522095,0.5800608992576599,0.6643036007881165,12.845947742462158,0.8865734338760376,0.2396109402179718,12.755249738693237,0.8806719183921814,0.2684938609600067,0.9986979166666666,0.6689453125,0.3306209444999695,0.04180908203125,0.17236328125,0.01129150390625,3.190348466237386,0.3333960175514221,0.12548828125,0.001736253616400063,0.04827851429581642,0.0009632783476263285,0.2512081265449524
obj_0103,79,fixed_mean,16.9347882270813,0.9185402989387512,0.12963725626468658,3.333772122859955,0.12617693841457367,0.11645804345607758,22.93541669845581,7.255918383598328,0.5049445033073425,0.10210740566253662,18.142988681793213,0.9674087166786194,0.0998886227607727,16.351882219314575,0.9126266241073608,0.14919614791870117,0.85546875,0.826171875,0.4072897136211395,0.019317626953125,0.599609375,0.06329345703125,3.1440540154774985,0.3985472321510315,0.24609375,0.0016213697381317616,0.19510434567928314,0.004273701924830675,0.2663404941558838
obj_0103,79,hll,15.92923879623413,0.9056990146636963,0.14540518820285797,3.0545133352279663,0.07824936509132385,0.11709816753864288,20.22688388824463,6.384150385856628,0.47498783469200134,0.05615510419011116,17.863731384277344,0.966482400894165,0.10140693932771683,15.405035018920898,0.8996400833129883,0.16648244857788086,0.85546875,0.822265625,0.3735731840133667,0.008636474609375,0.5146484375,0.06732177734375,2.0438947677612305,0.39945659041404724,0.2509765625,0.0016213697381317616,0.19510434567928314,0.004273701924830675,0.2663404941558838
obj_0103,79,llh,17.92802333831787,0.9160247445106506,0.11150768399238586,3.9521390199661255,0.18106243014335632,0.11162084341049194,25.361759662628174,8.547337651252747,0.5595425963401794,0.14786258339881897,18.761357069015503,0.9694101810455322,0.0925535187125206,17.315304279327393,0.9105740189552307,0.12956851720809937,0.85546875,0.80078125,0.4190244972705841,0.0196075439453125,0.66357421875,0.04742431640625,4.289478143056233,0.3953554034233093,0.225830078125,0.0016213697381317616,0.19510434567928314,0.004273701924830675,0.2663404941558838
obj_0103,79,c3_lhl,17.29386568069458,0.9157446026802063,0.1340140551328659,3.4822088479995728,0.1451411098241806,0.1179473027586937,24.025626182556152,7.295152544975281,0.5101504921913147,0.12927858531475067,18.29142689704895,0.9675746560096741,0.10145173966884613,16.67157530784607,0.9098352193832397,0.15546412765979767,0.85546875,0.8212890625,0.38108938932418823,0.0243072509765625,0.6103515625,0.07330322265625,3.362670342127482,0.39191386103630066,0.2607421875,0.0016213697381317616,0.19510434567928314,0.004273701924830675,0.2663404941558838
obj_0104,80,fixed_mean,13.014276027679443,0.8554165363311768,0.14991526305675507,3.2669758796691895,0.12134847790002823,0.15240629017353058,24.021971225738525,7.034741044044495,0.4460377097129822,0.1036987379193306,13.336402177810669,0.9039711356163025,0.13109375536441803,12.481505870819092,0.8430660367012024,0.16697637736797333,0.8828125,0.8876953125,0.3850233256816864,0.0234222412109375,0.361328125,0.027008056640625,2.551005721092224,0.36538487672805786,0.198486328125,0.0020604305900633335,0.1524997353553772,0.0037723996210843325,0.261667937040329
obj_0104,80,hll,12.57827639579773,0.8475857973098755,0.1648212969303131,3.0181199312210083,0.057861752808094025,0.15339310467243195,21.688852310180664,6.262678503990173,0.40736234188079834,0.040105342864990234,13.08754563331604,0.9011102318763733,0.13297343254089355,12.059897184371948,0.8346930146217346,0.18330948054790497,0.8828125,0.88330078125,0.36732152104377747,0.00745391845703125,0.3076171875,0.030517578125,1.588298002878825,0.3640260696411133,0.2032470703125,0.0020604305900633335,0.1524997353553772,0.0037723996210843325,0.261667937040329
obj_0104,80,llh,13.324587345123291,0.851224422454834,0.1438855528831482,3.4979352355003357,0.13508588075637817,0.1478291153907776,25.521273612976074,7.729920744895935,0.473339319229126,0.11105333268642426,13.567361831665039,0.907029926776886,0.127315953373909,12.78673529624939,0.8388974070549011,0.15899106860160828,0.8828125,0.884765625,0.39848238229751587,0.0168609619140625,0.38623046875,0.0240325927734375,3.4861369132995605,0.3735719621181488,0.1875,0.0020604305900633335,0.1524997353553772,0.0037723996210843325,0.261667937040329
obj_0104,80,c3_lhl,13.48970890045166,0.858960747718811,0.1460409313440323,3.701670467853546,0.16907034814357758,0.1485670506954193,25.064477920532227,7.67344057559967,0.46429237723350525,0.1566644161939621,13.771097660064697,0.9077519178390503,0.12731212377548218,12.95078158378601,0.8472645282745361,0.1634056568145752,0.8828125,0.861328125,0.3495575189590454,0.0318603515625,0.398681640625,0.0269622802734375,3.540863275527954,0.34995999932289124,0.2119140625,0.0020604305900633335,0.1524997353553772,0.0037723996210843325,0.261667937040329
obj_0105,81,fixed_mean,11.503100395202637,0.8407365083694458,0.2757418155670166,5.522766709327698,0.5105189681053162,0.2978387475013733,27.210917472839355,8.880156874656677,0.5304665565490723,0.5185946226119995,11.591835021972656,0.8515228629112244,0.2506199777126312,11.44618034362793,0.8387951254844666,0.28215548396110535,0.9869791666666666,0.759765625,0.3529357612133026,0.0537109375,0.2109375,0.01506805419921875,3.0616276264190674,0.35473349690437317,0.131591796875,0.0015040856087580323,0.057781532406806946,0.0010812401305884123,0.24875104427337646
obj_0105,81,hll,10.290356874465942,0.7759316563606262,0.29301807284355164,4.368187785148621,0.4186564087867737,0.308257520198822,23.837890625,7.15232789516449,0.4703231453895569,0.425807386636734,10.437256097793579,0.8199380040168762,0.2608836889266968,10.233522653579712,0.7738440632820129,0.2996102273464203,0.9869791666666666,0.8193359375,0.31135010719299316,0.058258056640625,0.192626953125,0.01715087890625,2.673991600672404,0.35295742750167847,0.1497802734375,0.0015040856087580323,0.057781532406806946,0.0010812401305884123,0.24875104427337646
obj_0105,81,llh,12.798088788986206,0.8720080256462097,0.26418620347976685,6.789637804031372,0.5845444798469543,0.2870886027812958,30.146913528442383,10.643842220306396,0.5893400311470032,0.5910669565200806,12.858705520629883,0.8777859210968018,0.24323785305023193,12.741168737411499,0.8703283071517944,0.27034711837768555,0.9869791666666666,0.69189453125,0.4013054370880127,0.048980712890625,0.19873046875,0.01140594482421875,2.918263594309489,0.35573357343673706,0.109619140625,0.0015040856087580323,0.057781532406806946,0.0010812401305884123,0.24875104427337646
obj_0105,81,c3_lhl,12.591440677642822,0.8676163554191589,0.26892775297164917,6.650919318199158,0.5855767726898193,0.28157204389572144,26.70943260192871,9.428635835647583,0.5392994284629822,0.5985978245735168,12.719987630844116,0.8751653432846069,0.23887906968593597,12.534520626068115,0.8658698201179504,0.27515387535095215,0.9869791666666666,0.68798828125,0.27473458647727966,0.0511474609375,0.2095947265625,0.014892578125,3.527102073033651,0.33061081171035767,0.1448974609375,0.0015040856087580323,0.057781532406806946,0.0010812401305884123,0.24875104427337646
obj_0106,82,fixed_mean,20.20540952682495,0.8417360782623291,0.10743635892868042,13.961092233657837,0.4431825280189514,0.10711826384067535,23.12997341156006,9.720974564552307,0.5166658163070679,0.448051393032074,22.74261236190796,0.8951958417892456,0.07380474358797073,19.971399307250977,0.835334062576294,0.11513686180114746,0.9388020833333334,0.892578125,0.41357335448265076,0.035919189453125,0.2587890625,0.01904296875,2.035577376683553,0.3839786946773529,0.1610107421875,0.003925947938114405,0.3177783191204071,0.0188438817858696,0.44308602809906006
obj_0106,82,hll,19.550293684005737,0.8357132077217102,0.12263261526823044,13.602211475372314,0.3670993745326996,0.10583869367837906,22.12822198867798,9.076784253120422,0.48138904571533203,0.3691931366920471,22.38373041152954,0.8892375230789185,0.07278379052877426,19.30877447128296,0.8284683227539062,0.1309964656829834,0.9388020833333334,0.8984375,0.3810216188430786,0.02972412109375,0.240966796875,0.0209197998046875,1.8906920353571575,0.3847169280052185,0.1651611328125,0.003925947938114405,0.3177783191204071,0.0188438817858696,0.44308602809906006
obj_0106,82,llh,20.645930767059326,0.8367482423782349,0.10605719685554504,14.436039924621582,0.4506881833076477,0.10535378009080887,23.527493476867676,10.452889204025269,0.544299840927124,0.4523169696331024,23.2175612449646,0.8969588875770569,0.07189249992370605,20.4229998588562,0.8302595615386963,0.11290945112705231,0.9388020833333334,0.89208984375,0.44434598088264465,0.036773681640625,0.254638671875,0.01513671875,2.1361746390660605,0.3922411799430847,0.146728515625,0.003925947938114405,0.3177783191204071,0.0188438817858696,0.44308602809906006
obj_0106,82,c3_lhl,19.904705286026,0.8370002508163452,0.11907844990491867,13.715463876724243,0.388660728931427,0.10751715302467346,22.760846614837646,9.316229820251465,0.4952319264411926,0.39164993166923523,22.496984004974365,0.8922617435455322,0.07448550313711166,19.661329984664917,0.8301181793212891,0.1276276856660843,0.9388020833333334,0.89501953125,0.388949990272522,0.031646728515625,0.264404296875,0.02154541015625,2.185205658276876,0.38124632835388184,0.16748046875,0.003925947938114405,0.3177783191204071,0.0188438817858696,0.44308602809906006
obj_0107,83,fixed_mean,12.50461459159851,0.83517986536026,0.21735741198062897,3.2145994901657104,0.09983746707439423,0.2155686914920807,23.088829517364502,7.103171348571777,0.4143456220626831,0.08243013173341751,12.856937646865845,0.8924160003662109,0.1843598186969757,12.386363744735718,0.8322626352310181,0.22504721581935883,0.97265625,0.8505859375,0.3089771270751953,0.0165557861328125,0.49658203125,0.045745849609375,2.6743715604146323,0.35532236099243164,0.260498046875,0.0016185661079362035,0.12967337667942047,0.002863853005692363,0.26186197996139526
obj_0107,83,hll,12.07695484161377,0.8294421434402466,0.2276875376701355,2.981308400630951,0.055704567581415176,0.2186846286058426,20.848655700683594,6.328192949295044,0.3828544020652771,0.03776310756802559,12.623647451400757,0.8905487060546875,0.1857893317937851,11.961820125579834,0.8263015151023865,0.2353089451789856,0.97265625,0.84912109375,0.3187471926212311,0.005359649658203125,0.431396484375,0.049285888671875,1.7182772556940715,0.3609910011291504,0.255126953125,0.0016185661079362035,0.12967337667942047,0.002863853005692363,0.26186197996139526
obj_0107,83,llh,13.00613284111023,0.836690366268158,0.19952239096164703,3.6118659377098083,0.1430758833885193,0.20363382995128632,25.062453746795654,8.054556846618652,0.4508509933948517,0.12232503294944763,13.254203796386719,0.8978139162063599,0.1757500320672989,12.88670301437378,0.8338044881820679,0.20702166855335236,0.97265625,0.84033203125,0.3244413435459137,0.01529693603515625,0.505859375,0.034332275390625,3.9023500283559165,0.35593315958976746,0.2406005859375,0.0016185661079362035,0.12967337667942047,0.002863853005692363,0.26186197996139526
obj_0107,83,c3_lhl,12.895632982254028,0.8396965861320496,0.22261479496955872,3.5988688468933105,0.16223028302192688,0.215765118598938,23.560504913330078,7.3821669816970825,0.42934563755989075,0.15265271067619324,13.241207599639893,0.89649498462677,0.18782947957515717,12.775973081588745,0.8367824554443359,0.2309039682149887,0.97265625,0.82568359375,0.28136783838272095,0.0286865234375,0.5185546875,0.045257568359375,3.345750331878662,0.3387223780155182,0.2734375,0.0016185661079362035,0.12967337667942047,0.002863853005692363,0.26186197996139526
obj_0108,84,fixed_mean,12.696055173873901,0.8366084098815918,0.21125423908233643,3.464175760746002,0.12466543912887573,0.20753666758537292,23.661203384399414,6.997072100639343,0.4198054373264313,0.11013278365135193,13.016817569732666,0.8926485180854797,0.17858928442001343,12.531546354293823,0.8323654532432556,0.21908167004585266,0.9622395833333334,0.841796875,0.28262460231781006,0.0198516845703125,0.46240234375,0.0369873046875,3.256702184677124,0.34744152426719666,0.252685546875,0.001641182112507522,0.14504314959049225,0.003415843704715371,0.25923165678977966
obj_0108,84,hll,12.180638313293457,0.8294159770011902,0.22391536831855774,3.1329044699668884,0.06800577044487,0.2101554423570633,21.266117095947266,6.166583895683289,0.37899208068847656,0.05273912474513054,12.685546875,0.8893778324127197,0.18092817068099976,12.019333839416504,0.8249802589416504,0.2318766862154007,0.9622395833333334,0.84765625,0.2952657639980316,0.007297515869140625,0.401611328125,0.041839599609375,2.1299323240915933,0.35500577092170715,0.25927734375,0.001641182112507522,0.14504314959049225,0.003415843704715371,0.25923165678977966
obj_0108,84,llh,13.195409774780273,0.8388345837593079,0.19394823908805847,3.8691669702529907,0.1617819219827652,0.1991267204284668,25.62696933746338,8.016805052757263,0.45563897490501404,0.14289353787899017,13.42180848121643,0.8983566761016846,0.1685604602098465,13.029829263687134,0.834916889667511,0.20119425654411316,0.9622395833333334,0.8291015625,0.32095375657081604,0.0145263671875,0.47216796875,0.029693603515625,4.080152193705241,0.3533376157283783,0.2298583984375,0.001641182112507522,0.14504314959049225,0.003415843704715371,0.25923165678977966
obj_0108,84,c3_lhl,13.089022636413574,0.8415969610214233,0.2134014368057251,3.8784465193748474,0.1733628511428833,0.2066393494606018,23.785431385040283,7.277001738548279,0.43042126297950745,0.164826899766922,13.431087732315063,0.8967068791389465,0.17834018170833588,12.923064231872559,0.8374913930892944,0.22160492837429047,0.9622395833333334,0.8115234375,0.2582503855228424,0.0258331298828125,0.48291015625,0.037017822265625,3.8265910943349204,0.337206095457077,0.26611328125,0.001641182112507522,0.14504314959049225,0.003415843704715371,0.25923165678977966
obj_0109,85,fixed_mean,12.660306692123413,0.8319067358970642,0.2069791853427887,5.017839074134827,0.35498523712158203,0.20800542831420898,24.18696403503418,7.370913624763489,0.4385862946510315,0.3581859767436981,12.924257516860962,0.877592921257019,0.18000556528568268,12.47606635093689,0.8272767066955566,0.214763805270195,0.9583333333333334,0.79150390625,0.28129568696022034,0.051605224609375,0.28173828125,0.0174102783203125,3.8963510195414224,0.3643028736114502,0.156005859375,0.0017597312107682228,0.15414002537727356,0.005660196766257286,0.2684005796909332
obj_0109,85,hll,11.810858249664307,0.817078173160553,0.22372961044311523,4.212470650672913,0.28859156370162964,0.2164684385061264,22.688610553741455,6.411701440811157,0.3976915776729584,0.29041048884391785,12.118889093399048,0.8637569546699524,0.18848837912082672,11.627377271652222,0.8115302920341492,0.2322881668806076,0.9583333333333334,0.83349609375,0.27032116055488586,0.052642822265625,0.273681640625,0.020263671875,3.618773619333903,0.36362704634666443,0.1717529296875,0.0017597312107682228,0.15414002537727356,0.005660196766257286,0.2684005796909332
obj_0109,85,llh,13.368785381317139,0.8423016667366028,0.20374023914337158,5.697321891784668,0.40678396821022034,0.20436233282089233,25.386512279510498,8.320192098617554,0.4740997552871704,0.40884384512901306,13.603739738464355,0.8878757953643799,0.17584308981895447,13.184257745742798,0.8378251791000366,0.2114391326904297,0.9583333333333334,0.7587890625,0.28941553831100464,0.0540771484375,0.2646484375,0.013519287109375,3.6077993710835776,0.36165449023246765,0.1383056640625,0.0017597312107682228,0.15414002537727356,0.005660196766257286,0.2684005796909332
obj_0109,85,c3_lhl,13.137494325637817,0.8507769107818604,0.2085116058588028,5.500088930130005,0.37867531180381775,0.2039688676595688,24.584178924560547,7.762744426727295,0.44692733883857727,0.3848095238208771,13.406506776809692,0.8837375044822693,0.17875437438488007,12.95276165008545,0.8457053303718567,0.21565857529640198,0.9583333333333334,0.7607421875,0.257419615983963,0.048614501953125,0.304443359375,0.0177154541015625,4.4844404856363935,0.3418732285499573,0.177978515625,0.0017597312107682228,0.15414002537727356,0.005660196766257286,0.2684005796909332
obj_0110,86,fixed_mean,11.928468942642212,0.8379753232002258,0.21530741453170776,4.77920264005661,0.4554315507411957,0.23475521802902222,27.069907188415527,8.563058972358704,0.5543537139892578,0.4594258964061737,12.0377779006958,0.8763283491134644,0.1980808973312378,11.767338514328003,0.8337351679801941,0.2243715226650238,0.9635416666666666,0.80419921875,0.40336623787879944,0.0450439453125,0.1871337890625,0.013397216796875,2.5218520164489746,0.3771626949310303,0.1209716796875,0.0016730991192162037,0.05485052987933159,0.0011344541562721133,0.24916091561317444
obj_0110,86,hll,10.888869762420654,0.8069341778755188,0.23993277549743652,3.821747899055481,0.3425264358520508,0.24364519119262695,23.637065887451172,6.964236497879028,0.4939440190792084,0.34539854526519775,11.080322265625,0.8502576351165771,0.21057072281837463,10.728161334991455,0.801540732383728,0.25015029311180115,0.9635416666666666,0.85400390625,0.3584319055080414,0.048431396484375,0.1788330078125,0.016815185546875,2.288982311884562,0.36226725578308105,0.1466064453125,0.0016730991192162037,0.05485052987933159,0.0011344541562721133,0.24916091561317444
obj_0110,86,llh,12.937092781066895,0.870736837387085,0.20034126937389374,5.752303600311279,0.5444595217704773,0.22211690247058868,29.76766347885132,10.13962984085083,0.6087445616722107,0.5482984185218811,13.010878562927246,0.8977335691452026,0.1842474490404129,12.775827646255493,0.8673028945922852,0.21007731556892395,0.9635416666666666,0.7509765625,0.431489497423172,0.041717529296875,0.17822265625,0.01010894775390625,2.4676305452982583,0.3699398934841156,0.1064453125,0.0016730991192162037,0.05485052987933159,0.0011344541562721133,0.24916091561317444
obj_0110,86,c3_lhl,12.795020341873169,0.881032407283783,0.21783311665058136,5.679973363876343,0.543875515460968,0.22507792711257935,26.770668029785156,9.116821885108948,0.5775268077850342,0.5526628494262695,12.938547134399414,0.8952153325080872,0.18849125504493713,12.63372540473938,0.876891553401947,0.22738471627235413,0.9635416666666666,0.75,0.3588826656341553,0.046722412109375,0.1888427734375,0.0128631591796875,3.2318923473358154,0.3526814579963684,0.12646484375,0.0016730991192162037,0.05485052987933159,0.0011344541562721133,0.24916091561317444
obj_0111,87,fixed_mean,12.12217092514038,0.8259305357933044,0.22642070055007935,5.003395080566406,0.4086526036262512,0.2403688132762909,25.38618564605713,8.097304105758667,0.48223623633384705,0.41360750794410706,12.292035818099976,0.8655232191085815,0.20626971125602722,11.996095180511475,0.8223426342010498,0.2340773344039917,0.9713541666666666,0.7978515625,0.29892951250076294,0.06134033203125,0.24267578125,0.0160675048828125,3.3838576475779214,0.36639779806137085,0.1405029296875,0.0017374219605699182,0.10635319352149963,0.0036483979783952236,0.2581503689289093
obj_0111,87,hll,11.139262914657593,0.8034061193466187,0.2483724057674408,4.087112843990326,0.3381815254688263,0.2500438690185547,22.99919366836548,6.814678907394409,0.43631744384765625,0.34261730313301086,11.37575387954712,0.8467196226119995,0.21638289093971252,11.013683080673218,0.7991400361061096,0.25712186098098755,0.9713541666666666,0.84375,0.2761780917644501,0.0640869140625,0.2286376953125,0.0193939208984375,3.2108283837636313,0.363349586725235,0.157470703125,0.0017374219605699182,0.10635319352149963,0.0036483979783952236,0.2581503689289093
obj_0111,87,llh,12.971813678741455,0.8505722880363464,0.22016070783138275,5.824297666549683,0.45949503779411316,0.23548412322998047,27.026472091674805,9.307681322097778,0.5260598063468933,0.4625184237957001,13.112938404083252,0.8798255920410156,0.2001977413892746,12.845617532730103,0.8473865985870361,0.2268836945295334,0.9713541666666666,0.7568359375,0.32330042123794556,0.05828857421875,0.22998046875,0.01214599609375,3.1803886890411377,0.3656396269798279,0.12200927734375,0.0017374219605699182,0.10635319352149963,0.0036483979783952236,0.2581503689289093
obj_0111,87,c3_lhl,12.854198217391968,0.8562940359115601,0.2277953177690506,5.762084722518921,0.4539858400821686,0.23045925796031952,25.498239994049072,8.603749871253967,0.4953788220882416,0.4623895287513733,13.05072546005249,0.8784035444259644,0.1968080997467041,12.727980613708496,0.8529086709022522,0.23748667538166046,0.9713541666666666,0.75244140625,0.26759567856788635,0.05615234375,0.25244140625,0.015716552734375,4.085588455200195,0.34824246168136597,0.1488037109375,0.0017374219605699182,0.10635319352149963,0.0036483979783952236,0.2581503689289093
obj_0112,88,fixed_mean,11.9198739528656,0.8513262271881104,0.23058636486530304,5.211080312728882,0.4835624098777771,0.25153297185897827,29.460644721984863,9.827696084976196,0.5510485172271729,0.4898945391178131,11.98071002960205,0.871901273727417,0.20803727209568024,11.811084747314453,0.8484152555465698,0.23954865336418152,0.9752604166666666,0.77587890625,0.3582195043563843,0.037933349609375,0.2073974609375,0.0159912109375,2.776787598927816,0.361453652381897,0.139892578125,0.0017534896032884717,0.05419936403632164,0.001048977137543261,0.2504262328147888
obj_0112,88,hll,10.899826288223267,0.8097337484359741,0.24754251539707184,4.222628474235535,0.374591201543808,0.26324647665023804,26.639716625213623,8.395853638648987,0.5063531994819641,0.37849098443984985,10.992257595062256,0.8444876074790955,0.2188553810119629,10.791109800338745,0.8060907125473022,0.2567760944366455,0.9752604166666666,0.83349609375,0.33720555901527405,0.040191650390625,0.209228515625,0.0211181640625,2.876373529434204,0.3659830689430237,0.1568603515625,0.0017534896032884717,0.05419936403632164,0.001048977137543261,0.2504262328147888
obj_0112,88,llh,12.845960855484009,0.8856375217437744,0.222233846783638,6.122197508811951,0.5656691193580627,0.243290513753891,31.605944633483887,11.251206398010254,0.5943211913108826,0.5717482566833496,12.891826629638672,0.8913677930831909,0.201100692152977,12.73716688156128,0.8828197717666626,0.2320248931646347,0.9752604166666666,0.72509765625,0.37692615389823914,0.041259765625,0.19482421875,0.010955810546875,2.6459319591522217,0.35683473944664,0.1220703125,0.0017534896032884717,0.05419936403632164,0.001048977137543261,0.2504262328147888
obj_0112,88,c3_lhl,12.768406867980957,0.8846632242202759,0.2280246913433075,6.084052324295044,0.5655591487884521,0.2433563768863678,28.854730129241943,10.191025733947754,0.5589655041694641,0.5768914222717285,12.853682041168213,0.8901594877243042,0.20036762952804565,12.659614086151123,0.8817373514175415,0.23734928667545319,0.9752604166666666,0.720703125,0.32539984583854675,0.04376220703125,0.2049560546875,0.01541900634765625,3.4910457134246826,0.34358179569244385,0.1417236328125,0.0017534896032884717,0.05419936403632164,0.001048977137543261,0.2504262328147888
obj_0113,89,fixed_mean,13.61551284790039,0.8394479751586914,0.25903093814849854,7.928259968757629,0.5061644911766052,0.293412983417511,27.876896858215332,10.534188747406006,0.5182831287384033,0.5133129954338074,13.737269639968872,0.8473777174949646,0.23909783363342285,13.61551284790039,0.8394479751586914,0.25903093814849854,1.0,0.734375,0.3291357457637787,0.0599365234375,0.2266845703125,0.01275634765625,3.1824039618174234,0.34777456521987915,0.1341552734375,0.014601333066821098,0.187291219830513,0.004907330498099327,0.2633059024810791
obj_0113,89,hll,12.548602819442749,0.8059790134429932,0.2637745141983032,6.897594928741455,0.4642399549484253,0.3001065254211426,25.696301460266113,9.176328778266907,0.4870290458202362,0.47116148471832275,12.706605195999146,0.8310680389404297,0.2426837831735611,12.548602819442749,0.8059790134429932,0.2637745141983032,1.0,0.7861328125,0.30625981092453003,0.059661865234375,0.2103271484375,0.0146942138671875,3.1572338740030923,0.35229870676994324,0.14404296875,0.014601333066821098,0.187291219830513,0.004907330498099327,0.2633059024810791
obj_0113,89,llh,14.202041625976562,0.8452382683753967,0.2666052579879761,8.481995463371277,0.5166152119636536,0.2917778789997101,29.809889793395996,11.634905338287354,0.551117479801178,0.5209834575653076,14.29100513458252,0.8525899648666382,0.2456323504447937,14.202041625976562,0.8452382683753967,0.2666052579879761,1.0,0.7109375,0.3548028767108917,0.0625,0.22607421875,0.01074981689453125,3.2465251286824546,0.3521289527416229,0.1219482421875,0.014601333066821098,0.187291219830513,0.004907330498099327,0.2633059024810791
obj_0113,89,c3_lhl,14.200187921524048,0.8494502902030945,0.2559182345867157,8.546488285064697,0.5294066667556763,0.28548362851142883,27.42119312286377,10.687452554702759,0.5104116201400757,0.5390366315841675,14.355498552322388,0.8578507900238037,0.23245181143283844,14.200187921524048,0.8494502902030945,0.2559182345867157,1.0,0.69921875,0.3043178617954254,0.056365966796875,0.2181396484375,0.01287078857421875,3.3262035846710205,0.33756276965141296,0.137451171875,0.014601333066821098,0.187291219830513,0.004907330498099327,0.2633059024810791
obj_0114,90,fixed_mean,14.52435851097107,0.7916190028190613,0.24093841016292572,9.96761679649353,0.4553649127483368,0.30901041626930237,30.856359004974365,11.990286111831665,0.5874389410018921,0.45511361956596375,14.59107518196106,0.7967360615730286,0.2273101955652237,14.52435851097107,0.7916190028190613,0.24093841016292572,1.0,0.7412109375,0.396170973777771,0.03802490234375,0.202880859375,0.01076507568359375,3.1205693085988364,0.3986690938472748,0.098876953125,0.0229384396225214,0.21162176132202148,0.00744057958945632,0.2891406714916229
obj_0114,90,hll,13.68282437324524,0.7785953879356384,0.25373879075050354,9.166897535324097,0.42884138226509094,0.32998567819595337,27.96219825744629,10.666989088058472,0.5521871447563171,0.42966723442077637,13.790355920791626,0.7851380109786987,0.24074554443359375,13.68282437324524,0.7785953879356384,0.25373879075050354,1.0,0.77099609375,0.3685842454433441,0.0477294921875,0.19677734375,0.01177215576171875,3.212907393773397,0.39197859168052673,0.10821533203125,0.0229384396225214,0.21162176132202148,0.00744057958945632,0.2891406714916229
obj_0114,90,llh,15.415208339691162,0.7987726926803589,0.24722972512245178,10.833268165588379,0.46881163120269775,0.3049795925617218,33.794639110565186,13.22624683380127,0.6104403138160706,0.4676917493343353,15.456726551055908,0.8031471967697144,0.23252764344215393,15.415208339691162,0.7987726926803589,0.24722972512245178,1.0,0.7060546875,0.4163498282432556,0.037933349609375,0.2044677734375,0.00958251953125,3.0634180704752603,0.3969123661518097,0.0931396484375,0.0229384396225214,0.21162176132202148,0.00744057958945632,0.2891406714916229
obj_0114,90,c3_lhl,15.268338918685913,0.8005179762840271,0.23944136500358582,10.753406286239624,0.4687262177467346,0.3040999472141266,29.50822353363037,11.933586597442627,0.5736994743347168,0.47013458609580994,15.376864671707153,0.8065567016601562,0.22371914982795715,15.268338918685913,0.8005179762840271,0.23944136500358582,1.0,0.701171875,0.36766859889030457,0.038116455078125,0.2015380859375,0.01006317138671875,3.3232309818267822,0.37374505400657654,0.10125732421875,0.0229384396225214,0.21162176132202148,0.00744057958945632,0.2891406714916229
obj_0115,91,fixed_mean,12.095195055007935,0.7995911240577698,0.24934275448322296,6.823274493217468,0.41093289852142334,0.319814532995224,29.36838388442993,9.760816097259521,0.5335895419120789,0.4117095172405243,12.153100967407227,0.8050186634063721,0.23897585272789001,12.095195055007935,0.7995911240577698,0.24934275448322296,1.0,0.7744140625,0.3680151104927063,0.043975830078125,0.239990234375,0.0147552490234375,3.9327524503072104,0.39735227823257446,0.1240234375,0.015084557235240936,0.17693933844566345,0.004461248870939016,0.25564128160476685
obj_0115,91,hll,11.024307012557983,0.7720184326171875,0.2780156433582306,5.780757665634155,0.3546575903892517,0.34608718752861023,26.579794883728027,8.095898628234863,0.4864974617958069,0.3555450737476349,11.110584735870361,0.7845197916030884,0.26422038674354553,11.024307012557983,0.7720184326171875,0.2780156433582306,1.0,0.83203125,0.34917938709259033,0.04608154296875,0.2213134765625,0.01605224609375,3.799384435017904,0.4056193232536316,0.1319580078125,0.015084557235240936,0.17693933844566345,0.004461248870939016,0.25564128160476685
obj_0115,91,llh,13.126437664031982,0.8131873607635498,0.23164287209510803,7.836785316467285,0.4515060484409332,0.30023905634880066,31.978371143341064,11.351052522659302,0.5742260217666626,0.452004611492157,13.166612386703491,0.8178892135620117,0.22280049324035645,13.126437664031982,0.8131873607635498,0.23164287209510803,1.0,0.724609375,0.381875604391098,0.0506591796875,0.239990234375,0.0125274658203125,3.656506061553955,0.3931773006916046,0.11041259765625,0.015084557235240936,0.17693933844566345,0.004461248870939016,0.25564128160476685
obj_0115,91,c3_lhl,13.235528469085693,0.8175420761108398,0.249728724360466,7.9868084192276,0.45560041069984436,0.314333975315094,29.056885242462158,10.100338459014893,0.5256602168083191,0.4589826464653015,13.316634893417358,0.8231042623519897,0.23603491485118866,13.235528469085693,0.8175420761108398,0.249728724360466,1.0,0.70849609375,0.32731398940086365,0.0455322265625,0.255615234375,0.0160064697265625,4.275990962982178,0.3784514367580414,0.1348876953125,0.015084557235240936,0.17693933844566345,0.004461248870939016,0.25564128160476685
obj_0116,92,fixed_mean,12.842050790786743,0.8214280009269714,0.2719776928424835,7.571941018104553,0.49256575107574463,0.3029467463493347,24.92772102355957,10.16580581665039,0.5208913683891296,0.497127503156662,13.03881049156189,0.8315408825874329,0.24653753638267517,12.704168558120728,0.8156676292419434,0.2808217406272888,0.96875,0.76806640625,0.2987411618232727,0.067626953125,0.2060546875,0.01129150390625,2.859553098678589,0.3531040847301483,0.12359619140625,0.025587180629372597,0.2018238753080368,0.005248560104519129,0.2630058228969574
obj_0116,92,hll,12.33033537864685,0.8131508231163025,0.2810048758983612,7.1128106117248535,0.48174282908439636,0.31152164936065674,23.41341257095337,9.204280376434326,0.4894470274448395,0.48793140053749084,12.579679489135742,0.8250951170921326,0.2503189742565155,12.192453145980835,0.8071298003196716,0.28959622979164124,0.96875,0.79150390625,0.2757134735584259,0.068603515625,0.1900634765625,0.01259613037109375,2.7201555569966636,0.35447415709495544,0.1290283203125,0.025587180629372597,0.2018238753080368,0.005248560104519129,0.2630058228969574
obj_0116,92,llh,13.419784307479858,0.8276607394218445,0.270147442817688,8.105953931808472,0.49369576573371887,0.29656749963760376,26.575031280517578,11.244957447052002,0.5542972683906555,0.49558231234550476,13.57282280921936,0.8366955518722534,0.24570518732070923,13.281899690628052,0.8221083283424377,0.27929913997650146,0.96875,0.7431640625,0.3223234713077545,0.06451416015625,0.2093505859375,0.0097808837890625,3.0149808724721274,0.3596625328063965,0.11163330078125,0.025587180629372597,0.2018238753080368,0.005248560104519129,0.2630058228969574
obj_0116,92,c3_lhl,13.347971439361572,0.8323245048522949,0.2661997079849243,8.124234080314636,0.5138509273529053,0.2946714758872986,24.53754186630249,10.317821502685547,0.5100285410881042,0.5207902193069458,13.591102361679077,0.8432644009590149,0.23830220103263855,13.210088014602661,0.8269156217575073,0.27582231163978577,0.96875,0.734375,0.28049829602241516,0.05999755859375,0.201904296875,0.01160430908203125,3.0543983777364097,0.3436393439769745,0.1279296875,0.025587180629372597,0.2018238753080368,0.005248560104519129,0.2630058228969574
obj_0117,93,fixed_mean,13.350973129272461,0.8285126090049744,0.199792742729187,6.696773171424866,0.4848173260688782,0.26375633478164673,26.416711807250977,8.809241652488708,0.5285501480102539,0.4879557490348816,13.524267673492432,0.8724722266197205,0.1848791539669037,13.16698431968689,0.8233210444450378,0.2077665776014328,0.9583333333333334,0.79052734375,0.4745326042175293,0.04559326171875,0.2108154296875,0.01528167724609375,3.6687756379445395,0.38390064239501953,0.126708984375,0.029184577986598015,0.1370222270488739,0.003473168471828103,0.2445179671049118
obj_0117,93,hll,12.392271757125854,0.808006763458252,0.2266097068786621,5.793061256408691,0.4061371088027954,0.27642303705215454,24.288387298583984,7.6436203718185425,0.49779975414276123,0.4073878824710846,12.620556354522705,0.8516386151313782,0.19964785873889923,12.208598852157593,0.8015012145042419,0.23569419980049133,0.9583333333333334,0.8349609375,0.46253538131713867,0.0479736328125,0.20068359375,0.01544952392578125,3.632396141688029,0.3708530366420746,0.1324462890625,0.029184577986598015,0.1370222270488739,0.003473168471828103,0.2445179671049118
obj_0117,93,llh,14.039535522460938,0.8388001322746277,0.18906652927398682,7.360958456993103,0.5320872068405151,0.2527209222316742,27.751564979553223,10.164614915847778,0.5561228394508362,0.5358700156211853,14.188452959060669,0.8843885064125061,0.17480048537254333,13.85534405708313,0.8342245221138,0.1967248171567917,0.9583333333333334,0.76025390625,0.4834088087081909,0.045257568359375,0.2032470703125,0.0116424560546875,3.1208976904551187,0.3753809928894043,0.1187744140625,0.029184577986598015,0.1370222270488739,0.003473168471828103,0.2445179671049118
obj_0117,93,c3_lhl,13.761630058288574,0.8455120325088501,0.21259015798568726,7.147539854049683,0.5198032855987549,0.25953611731529236,25.94308376312256,8.946471214294434,0.5394312143325806,0.5240721702575684,13.975034952163696,0.8811020851135254,0.18491193652153015,13.576966524124146,0.8404263854026794,0.22114011645317078,0.9583333333333334,0.77099609375,0.4492644965648651,0.04681396484375,0.217529296875,0.0161590576171875,3.9450646241505942,0.3738774359226227,0.1331787109375,0.029184577986598015,0.1370222270488739,0.003473168471828103,0.2445179671049118
obj_0118,94,fixed_mean,13.709343671798706,0.8646219372749329,0.14336253702640533,3.9755117893218994,0.2465415596961975,0.16452422738075256,24.54444169998169,7.500063180923462,0.526365339756012,0.23709265887737274,14.045051336288452,0.9147979021072388,0.1265270859003067,13.399308919906616,0.8588610887527466,0.15445901453495026,0.9296875,0.859375,0.4597439467906952,0.046417236328125,0.28662109375,0.0216217041015625,3.3713855743408203,0.4002208709716797,0.143310546875,0.021721437573432922,0.1668141931295395,0.004360115621238947,0.23406799137592316
obj_0118,94,hll,12.994093894958496,0.8536823987960815,0.1562638133764267,3.4298717975616455,0.16716305911540985,0.17034882307052612,22.136588096618652,6.674553751945496,0.48976072669029236,0.1573619246482849,13.499410152435303,0.9075071811676025,0.13259419798851013,12.691693305969238,0.8473276495933533,0.16583046317100525,0.9296875,0.87890625,0.4307583272457123,0.042327880859375,0.260986328125,0.023834228515625,2.649494449297587,0.4036228060722351,0.1524658203125,0.021721437573432922,0.1668141931295395,0.004360115621238947,0.23406799137592316
obj_0118,94,llh,14.4024658203125,0.8645845055580139,0.13340678811073303,4.561864733695984,0.3059801161289215,0.1534472107887268,26.84718132019043,8.857483863830566,0.5757313966751099,0.29326003789901733,14.631403684616089,0.9214634299278259,0.11835643649101257,14.088733196258545,0.8589567542076111,0.14395737648010254,0.9296875,0.8310546875,0.4651046097278595,0.045562744140625,0.281982421875,0.0156707763671875,3.663637638092041,0.38170209527015686,0.135498046875,0.021721437573432922,0.1668141931295395,0.004360115621238947,0.23406799137592316
obj_0118,94,c3_lhl,14.304301738739014,0.867295503616333,0.14699050784111023,4.5379215478897095,0.3049997389316559,0.16288092732429504,25.566213130950928,8.066716194152832,0.5329257845878601,0.30078545212745667,14.607460498809814,0.9211990833282471,0.12320857495069504,13.989564180374146,0.8617872595787048,0.15727433562278748,0.9296875,0.8310546875,0.4491211175918579,0.049774169921875,0.289306640625,0.0247039794921875,3.692023833592733,0.3941686749458313,0.1485595703125,0.021721437573432922,0.1668141931295395,0.004360115621238947,0.23406799137592316
obj_0119,95,fixed_mean,12.566666603088379,0.8139699101448059,0.169426828622818,4.876016676425934,0.27808353304862976,0.21346412599086761,27.588765621185303,8.980315923690796,0.4950386881828308,0.27339407801628113,12.682183980941772,0.8591763973236084,0.15746885538101196,12.008060216903687,0.7958564758300781,0.1888226568698883,0.87890625,0.845703125,0.33185967803001404,0.04986572265625,0.33349609375,0.018829345703125,3.3773924509684243,0.34607431292533875,0.1934814453125,0.025911446660757065,0.17025117576122284,0.0054967510513961315,0.2572189271450043
obj_0119,95,hll,11.894549131393433,0.8002284169197083,0.17511415481567383,4.26311582326889,0.2094135582447052,0.21878905594348907,25.148799419403076,7.968415021896362,0.45962855219841003,0.20238187909126282,12.069283723831177,0.8466313481330872,0.16182464361190796,11.339486837387085,0.7801910042762756,0.19262248277664185,0.87890625,0.8779296875,0.3312898874282837,0.04876708984375,0.304443359375,0.021148681640625,2.4899593194325766,0.35153335332870483,0.1951904296875,0.025911446660757065,0.17025117576122284,0.0054967510513961315,0.2572189271450043
obj_0119,95,llh,13.239465951919556,0.8357467651367188,0.16843242943286896,5.512943267822266,0.34519854187965393,0.20960365235805511,29.858551025390625,10.184510946273804,0.5369375944137573,0.34026628732681274,13.319110870361328,0.8712401986122131,0.15389707684516907,12.679492235183716,0.8197813630104065,0.1897847205400467,0.87890625,0.814453125,0.35322698950767517,0.054107666015625,0.332275390625,0.0148468017578125,3.673391898473104,0.3476756513118744,0.179443359375,0.025911446660757065,0.17025117576122284,0.0054967510513961315,0.2572189271450043
obj_0119,95,c3_lhl,13.124901056289673,0.8427696228027344,0.16595380008220673,5.4347920417785645,0.3168187141418457,0.2091798484325409,28.12697410583496,9.38688576221466,0.5073204040527344,0.3160945475101471,13.240958452224731,0.8688675761222839,0.15462630987167358,12.5644052028656,0.8256253600120544,0.18394362926483154,0.87890625,0.81396484375,0.3156031370162964,0.045989990234375,0.3408203125,0.019439697265625,3.693204323450724,0.3367154598236084,0.1986083984375,0.025911446660757065,0.17025117576122284,0.0054967510513961315,0.2572189271450043
obj_0120,96,fixed_mean,13.422324657440186,0.8414793610572815,0.17722737789154053,4.510053992271423,0.21219304203987122,0.18532739579677582,21.346111297607422,6.659190654754639,0.4165818691253662,0.2043561488389969,14.095300436019897,0.9010888338088989,0.14070451259613037,12.853211164474487,0.8265395760536194,0.19681020081043243,0.875,0.82861328125,0.3275589346885681,0.036590576171875,0.377685546875,0.027557373046875,3.1653881867726645,0.338227778673172,0.220458984375,0.012355881743133068,0.24757073819637299,0.007565638050436974,0.26410478353500366
obj_0120,96,hll,12.729568481445312,0.8311749696731567,0.19078326225280762,4.00292694568634,0.14638490974903107,0.1909562349319458,19.685500860214233,5.900267958641052,0.3789544105529785,0.13616417348384857,13.588173389434814,0.8944624066352844,0.1452486515045166,12.17245101928711,0.8152502179145813,0.2107471227645874,0.875,0.84228515625,0.30978456139564514,0.031402587890625,0.3466796875,0.0297393798828125,2.1655091842015586,0.3383713364601135,0.2333984375,0.012355881743133068,0.24757073819637299,0.007565638050436974,0.26410478353500366
obj_0120,96,llh,14.094229936599731,0.8408843278884888,0.16258251667022705,5.02615213394165,0.25944024324417114,0.17881739139556885,23.08556318283081,7.733032703399658,0.46233755350112915,0.24656960368156433,14.611397981643677,0.9070310592651367,0.1345134675502777,13.519463539123535,0.8267777562141418,0.1819291114807129,0.875,0.8134765625,0.3638392984867096,0.036865234375,0.3916015625,0.0240478515625,3.7830976645151773,0.3468010425567627,0.1986083984375,0.012355881743133068,0.24757073819637299,0.007565638050436974,0.26410478353500366
obj_0120,96,c3_lhl,13.94675612449646,0.8458717465400696,0.17806048691272736,5.061864852905273,0.25987908244132996,0.1828145682811737,21.710684299468994,7.0540255308151245,0.4230991005897522,0.25975751876831055,14.64711308479309,0.9068349003791809,0.1388513594865799,13.370345830917358,0.8316823840141296,0.19726184010505676,0.875,0.79638671875,0.309757798910141,0.037628173828125,0.3798828125,0.0279693603515625,3.283809264500936,0.3293682634830475,0.22998046875,0.012355881743133068,0.24757073819637299,0.007565638050436974,0.26410478353500366
obj_0121,97,fixed_mean,12.569620609283447,0.78745436668396,0.22938752174377441,6.126396059989929,0.2518313229084015,0.23480826616287231,27.129623889923096,9.51253354549408,0.4676866829395294,0.2472568154335022,12.6897132396698,0.8216713070869446,0.21008086204528809,12.43185043334961,0.7822088599205017,0.23560494184494019,0.96875,0.82421875,0.31670811772346497,0.029052734375,0.28369140625,0.018951416015625,3.0765220324198403,0.3734593391418457,0.16748046875,0.012395171448588371,0.3821922242641449,0.020298823714256287,0.30289405584335327
obj_0121,97,hll,11.816790103912354,0.761875569820404,0.23965387046337128,5.3949326276779175,0.20731651782989502,0.24136264622211456,25.676276683807373,8.954614400863647,0.4533618986606598,0.20029005408287048,11.958248615264893,0.8093804121017456,0.21738587319850922,11.679339408874512,0.7561403512954712,0.24437537789344788,0.96875,0.86181640625,0.3103210926055908,0.028594970703125,0.274169921875,0.0226593017578125,2.7781574726104736,0.38139039278030396,0.17919921875,0.012395171448588371,0.3821922242641449,0.020298823714256287,0.30289405584335327
obj_0121,97,llh,13.15926194190979,0.8143411874771118,0.2306361198425293,6.7071884870529175,0.28386569023132324,0.2333168387413025,28.047242164611816,10.14082670211792,0.48702505230903625,0.2793656289577484,13.270505666732788,0.8294079899787903,0.20743419229984283,13.021398782730103,0.8094671964645386,0.23706401884555817,0.96875,0.79345703125,0.31984713673591614,0.03271484375,0.279296875,0.0153656005859375,3.304293473561605,0.36853253841400146,0.154296875,0.012395171448588371,0.3821922242641449,0.020298823714256287,0.30289405584335327
obj_0121,97,c3_lhl,13.250737190246582,0.821415901184082,0.22319115698337555,6.81299090385437,0.3000229299068451,0.22643005847930908,27.619810104370117,9.746882319450378,0.4721265137195587,0.29995253682136536,13.376307487487793,0.8319714665412903,0.2025330364704132,13.112858533859253,0.8161106705665588,0.2293204814195633,0.96875,0.77685546875,0.31729525327682495,0.032745361328125,0.29150390625,0.020538330078125,3.4169762134552,0.3645992875099182,0.17138671875,0.012395171448588371,0.3821922242641449,0.020298823714256287,0.30289405584335327
obj_0122,98,fixed_mean,14.043474197387695,0.8275291919708252,0.2325851172208786,7.887033820152283,0.4963636100292206,0.2906593084335327,24.703686237335205,8.436830639839172,0.528659999370575,0.500612199306488,14.342179298400879,0.8662078380584717,0.2212240844964981,13.917466402053833,0.8239112496376038,0.2418496310710907,0.9713541666666666,0.7900390625,0.4253220558166504,0.03094482421875,0.19580078125,0.0120391845703125,3.6287783781687417,0.3789252042770386,0.127197265625,0.038254931569099426,0.16163936257362366,0.005224304273724556,0.2703399956226349
obj_0122,98,hll,12.890150547027588,0.7990871667861938,0.2559896409511566,6.830505728721619,0.417125403881073,0.3033035099506378,22.37907648086548,7.391261458396912,0.49458566308021545,0.41979488730430603,13.285651206970215,0.8433743119239807,0.23091784119606018,12.764278650283813,0.7946751117706299,0.26602277159690857,0.9713541666666666,0.8369140625,0.41437944769859314,0.03326416015625,0.1885986328125,0.01406097412109375,3.552450100580851,0.36677026748657227,0.133056640625,0.038254931569099426,0.16163936257362366,0.005224304273724556,0.2703399956226349
obj_0122,98,llh,14.837980270385742,0.8414372205734253,0.2253381460905075,8.639764785766602,0.5475971698760986,0.28065818548202515,26.131818294525146,9.685564637184143,0.5648340582847595,0.5516769289970398,15.09490966796875,0.8786439299583435,0.2141328752040863,14.711905717849731,0.8383459448814392,0.23427756130695343,0.9713541666666666,0.759765625,0.45374596118927,0.033050537109375,0.1903076171875,0.00989532470703125,3.2087756792704263,0.38155397772789,0.116455078125,0.038254931569099426,0.16163936257362366,0.005224304273724556,0.2703399956226349
obj_0122,98,c3_lhl,14.427409172058105,0.8505159020423889,0.23602145910263062,8.357383608818054,0.5284430980682373,0.2814073860645294,24.026730060577393,8.635982871055603,0.5376989841461182,0.534657895565033,14.81252908706665,0.8738030195236206,0.21236668527126312,14.30119276046753,0.8470227122306824,0.24530422687530518,0.9713541666666666,0.7685546875,0.4135695993900299,0.033721923828125,0.20947265625,0.01293182373046875,3.94218381245931,0.36959517002105713,0.13427734375,0.038254931569099426,0.16163936257362366,0.005224304273724556,0.2703399956226349
obj_0123,99,fixed_mean,12.895952463150024,0.7720144391059875,0.2285613864660263,7.8813207149505615,0.3277266323566437,0.2959010601043701,29.27790880203247,11.394122838973999,0.5559700131416321,0.32407721877098083,12.965422868728638,0.7781065702438354,0.22437740862369537,12.792952060699463,0.7665430903434753,0.2356891930103302,0.9765625,0.7646484375,0.25001782178878784,0.03253173828125,0.2265625,0.0108184814453125,3.1127211252848306,0.36459967494010925,0.1160888671875,0.04174976050853729,0.26858603954315186,0.012006961740553379,0.2883412837982178
obj_0123,99,hll,11.953669786453247,0.7591767907142639,0.2382119596004486,6.98667585849762,0.3050549328327179,0.31235820055007935,26.0915207862854,9.795157313346863,0.5152743458747864,0.30292046070098877,12.070778608322144,0.7675816416740417,0.2381998598575592,11.850670576095581,0.7534050941467285,0.24586108326911926,0.9765625,0.81005859375,0.2296760231256485,0.03759765625,0.201904296875,0.01117706298828125,2.785188913345337,0.3569641709327698,0.126220703125,0.04174976050853729,0.26858603954315186,0.012006961740553379,0.2883412837982178
obj_0123,99,llh,13.785278797149658,0.7769147753715515,0.23824846744537354,8.7479829788208,0.3320869207382202,0.29011353850364685,31.870851516723633,12.612860202789307,0.5835859775543213,0.32686495780944824,13.832085132598877,0.782128632068634,0.22748132050037384,13.682278394699097,0.771561324596405,0.24736173450946808,0.9765625,0.720703125,0.26466667652130127,0.039642333984375,0.2430419921875,0.011444091796875,3.423086961110433,0.37647974491119385,0.10601806640625,0.04174976050853729,0.26858603954315186,0.012006961740553379,0.2883412837982178
obj_0123,99,c3_lhl,14.054248332977295,0.7836870551109314,0.22512909770011902,9.072509407997131,0.3495449423789978,0.290591299533844,28.769168853759766,11.650644540786743,0.5409328937530518,0.3480357229709625,14.156612157821655,0.7907800674438477,0.21814292669296265,13.951247930526733,0.7784955501556396,0.23257985711097717,0.9765625,0.7001953125,0.2299700528383255,0.034759521484375,0.2236328125,0.009521484375,3.2406882445017495,0.34046876430511475,0.11468505859375,0.04174976050853729,0.26858603954315186,0.012006961740553379,0.2883412837982178
obj_0124,100,fixed_mean,17.833703756332397,0.8647550940513611,0.12887787818908691,10.610028505325317,0.5461415648460388,0.15426622331142426,25.821843147277832,9.47246789932251,0.5881217122077942,0.5507234334945679,18.45253586769104,0.9074694514274597,0.11300024390220642,17.617969512939453,0.8600916862487793,0.13676060736179352,0.9505208333333334,0.7890625,0.4500616192817688,0.1019287109375,0.215087890625,0.015289306640625,3.5977261066436768,0.414792537689209,0.10992431640625,0.09250346571207047,0.2368587702512741,0.007337926886975765,0.3038639426231384
obj_0124,100,hll,16.60415530204773,0.8472288250923157,0.14911821484565735,9.488769173622131,0.48888033628463745,0.16084024310112,23.944697380065918,8.680630326271057,0.5520007014274597,0.4930664300918579,17.331275939941406,0.8923895955085754,0.11858729273080826,16.393167972564697,0.8416714668273926,0.15780699253082275,0.9505208333333334,0.822265625,0.4154152572154999,0.0908203125,0.2137451171875,0.019622802734375,3.461479345957438,0.4234853684902191,0.11822509765625,0.09250346571207047,0.2368587702512741,0.007337926886975765,0.3038639426231384
obj_0124,100,llh,18.718421459197998,0.8654313683509827,0.13102982938289642,11.443215608596802,0.5586621165275574,0.1557205617427826,27.05897092819214,10.422055721282959,0.5985511541366577,0.5631768107414246,19.28572416305542,0.9146395921707153,0.11170578002929688,18.50109577178955,0.8613986968994141,0.13918821513652802,0.9505208333333334,0.767578125,0.46211951971054077,0.095703125,0.203125,0.01235198974609375,3.204406976699829,0.4047166109085083,0.10272216796875,0.09250346571207047,0.2368587702512741,0.007337926886975765,0.3038639426231384
obj_0124,100,c3_lhl,18.409637212753296,0.873907744884491,0.13958115875720978,11.207813024520874,0.554294764995575,0.15205419063568115,26.257736682891846,9.745985269546509,0.5914502739906311,0.5599120259284973,19.050321578979492,0.9133316874504089,0.11065155267715454,18.19074511528015,0.8694776296615601,0.14822688698768616,0.9505208333333334,0.76806640625,0.4333534836769104,0.09716796875,0.229248046875,0.0167694091796875,3.959035952885946,0.3983272314071655,0.11932373046875,0.09250346571207047,0.2368587702512741,0.007337926886975765,0.3038639426231384
obj_0125,101,fixed_mean,16.5101957321167,0.8709253072738647,0.137788325548172,7.2896188497543335,0.23464146256446838,0.1180596798658371,18.915351629257202,7.760596871376038,0.419098436832428,0.21752557158470154,19.914376735687256,0.9558044075965881,0.07686267793178558,16.5101957321167,0.8709253072738647,0.137788325548172,1.0,0.638671875,0.5049346685409546,0.05950927734375,0.70654296875,0.037322998046875,5.197732448577881,0.33601805567741394,0.26025390625,0.07310483604669571,0.7234693765640259,0.04614245146512985,0.3040240406990051
obj_0125,101,hll,15.401878356933594,0.8642041087150574,0.15483778715133667,6.4685118198394775,0.20900528132915497,0.12666372954845428,17.579528093338013,6.916854381561279,0.40346190333366394,0.19116879999637604,19.09326672554016,0.9538467526435852,0.08327534049749374,15.401878356933594,0.8642041087150574,0.15483778715133667,1.0,0.66650390625,0.4767649173736572,0.055267333984375,0.69921875,0.0438232421875,4.91682767868042,0.34468820691108704,0.2734375,0.07310483604669571,0.7234693765640259,0.04614245146512985,0.3040240406990051
obj_0125,101,llh,17.806649208068848,0.869767963886261,0.12722942233085632,8.527904152870178,0.2736138701438904,0.10627431422472,20.26130199432373,9.112082719802856,0.44686582684516907,0.2545340359210968,21.152660846710205,0.9596216678619385,0.06748935580253601,17.806649208068848,0.869767963886261,0.12722942233085632,1.0,0.59326171875,0.5164629817008972,0.0635986328125,0.62451171875,0.0290985107421875,5.306451161702474,0.3244216740131378,0.2320556640625,0.07310483604669571,0.7234693765640259,0.04614245146512985,0.3040240406990051
obj_0125,101,c3_lhl,16.67168378829956,0.8698030710220337,0.14430128037929535,7.394804954528809,0.23392070829868317,0.11851706355810165,19.124727249145508,7.801602482795715,0.41834908723831177,0.2209136188030243,20.019562244415283,0.9552686810493469,0.07944664359092712,16.67168378829956,0.8698030710220337,0.14430128037929535,1.0,0.63525390625,0.4909333288669586,0.061553955078125,0.7099609375,0.042999267578125,5.187073389689128,0.3377123475074768,0.268310546875,0.07310483604669571,0.7234693765640259,0.04614245146512985,0.3040240406990051
obj_0126,102,fixed_mean,12.98475980758667,0.8072026371955872,0.29155170917510986,7.929958701133728,0.4682261645793915,0.3183363676071167,26.501328945159912,10.393624305725098,0.47613149881362915,0.4746190905570984,13.12167763710022,0.8172844648361206,0.2675233483314514,12.98475980758667,0.8072026371955872,0.29155170917510986,1.0,0.71923828125,0.2993142902851105,0.0640869140625,0.2479248046875,0.0110931396484375,3.5851852099100747,0.3355506360530853,0.14697265625,0.029026642441749573,0.19599714875221252,0.005660509690642357,0.26958879828453064
obj_0126,102,hll,12.17563509941101,0.7949656248092651,0.2975773215293884,7.200563549995422,0.44984740018844604,0.3250596821308136,23.738815784454346,9.192400574684143,0.44907426834106445,0.457727313041687,12.392282485961914,0.8076141476631165,0.2714897692203522,12.17563509941101,0.7949656248092651,0.2975773215293884,1.0,0.75537109375,0.2696209251880646,0.06658935546875,0.2298583984375,0.0123443603515625,3.4916130701700845,0.3316701054573059,0.1561279296875,0.029026642441749573,0.19599714875221252,0.005660509690642357,0.26958879828453064
obj_0126,102,llh,13.65562915802002,0.8141835331916809,0.2902996838092804,8.568418622016907,0.4786900281906128,0.3134443163871765,28.329126834869385,11.60130262374878,0.5077347159385681,0.4824697971343994,13.760138750076294,0.8236573338508606,0.2647814154624939,13.65562915802002,0.8141835331916809,0.2902996838092804,1.0,0.6943359375,0.31974542140960693,0.06524658203125,0.2462158203125,0.00981903076171875,3.586375077565511,0.3438539505004883,0.1297607421875,0.029026642441749573,0.19599714875221252,0.005660509690642357,0.26958879828453064
obj_0126,102,c3_lhl,13.4787118434906,0.8195573091506958,0.2862739861011505,8.486974239349365,0.4996548891067505,0.3092438280582428,25.381295680999756,10.333950519561768,0.4703681468963623,0.5096099972724915,13.67869257926941,0.8306649327278137,0.26016363501548767,13.4787118434906,0.8195573091506958,0.2862739861011505,1.0,0.6845703125,0.2691936790943146,0.0634765625,0.2415771484375,0.012359619140625,3.452463388442993,0.32158440351486206,0.157958984375,0.029026642441749573,0.19599714875221252,0.005660509690642357,0.26958879828453064
obj_0127,103,fixed_mean,13.782134056091309,0.8279039263725281,0.1809835433959961,5.289737582206726,0.18671473860740662,0.2113291323184967,27.674760818481445,9.513039588928223,0.5174137949943542,0.1757054328918457,13.937925100326538,0.8750885128974915,0.1577637791633606,13.65155577659607,0.8243816494941711,0.18846634030342102,0.9700520833333334,0.87158203125,0.3822411000728607,0.033355712890625,0.39794921875,0.032562255859375,2.9383228619893393,0.3753132224082947,0.207275390625,0.022780926898121834,0.27332407236099243,0.0063325464725494385,0.2592402994632721
obj_0127,103,hll,13.22724461555481,0.8184636235237122,0.19306063652038574,4.863393306732178,0.13043993711471558,0.2142091542482376,24.570705890655518,8.585445284843445,0.48733440041542053,0.11784141510725021,13.511580228805542,0.8687350153923035,0.15870466828346252,13.098396062850952,0.8146040439605713,0.20076927542686462,0.9700520833333334,0.8857421875,0.3609828054904938,0.025543212890625,0.347412109375,0.034332275390625,1.9934207995732625,0.3745400607585907,0.2091064453125,0.022780926898121834,0.27332407236099243,0.0063325464725494385,0.2592402994632721
obj_0127,103,llh,14.10713791847229,0.826400101184845,0.17547443509101868,5.598093867301941,0.20542271435260773,0.2073826640844345,28.482279777526855,10.137099027633667,0.5450933575630188,0.1915900707244873,14.246281385421753,0.87973552942276,0.15545524656772614,13.97641897201538,0.8228450417518616,0.1827482283115387,0.9700520833333334,0.86083984375,0.39245277643203735,0.0308685302734375,0.40087890625,0.0262298583984375,3.4069086710611978,0.38035476207733154,0.19091796875,0.022780926898121834,0.27332407236099243,0.0063325464725494385,0.2592402994632721
obj_0127,103,c3_lhl,14.02026653289795,0.8308453559875488,0.18470792472362518,5.543525218963623,0.20425820350646973,0.20908072590827942,27.50483512878418,9.56655204296112,0.513971209526062,0.19621750712394714,14.191712141036987,0.8781368732452393,0.1568208485841751,13.888909816741943,0.8274269104003906,0.19232037663459778,0.9700520833333334,0.85693359375,0.364214152097702,0.033050537109375,0.400146484375,0.0347900390625,3.2019546031951904,0.36522459983825684,0.2169189453125,0.022780926898121834,0.27332407236099243,0.0063325464725494385,0.2592402994632721
obj_0128,104,fixed_mean,14.630273580551147,0.8388637900352478,0.18972694873809814,8.238452672958374,0.5114820599555969,0.23589986562728882,27.311630249023438,11.088482141494751,0.5909646153450012,0.5120539665222168,14.81696367263794,0.8698607683181763,0.1719132959842682,14.510085582733154,0.8353304862976074,0.19722916185855865,0.97265625,0.8251953125,0.40350475907325745,0.0594482421875,0.2244873046875,0.01261138916015625,3.6448679765065513,0.37705516815185547,0.125732421875,0.04633096233010292,0.21120308339595795,0.006030976306647062,0.2474745810031891
obj_0128,104,hll,13.797423839569092,0.8121458888053894,0.20763471722602844,7.448450326919556,0.4606485366821289,0.2431086152791977,25.602729320526123,9.779664278030396,0.5425723195075989,0.46156045794487,14.026961326599121,0.8503590822219849,0.18180780112743378,13.677365779876709,0.8082453608512878,0.21570909023284912,0.97265625,0.86279296875,0.3833010196685791,0.06158447265625,0.205078125,0.0152130126953125,3.347832282384237,0.3799789249897003,0.12890625,0.04633096233010292,0.21120308339595795,0.006030976306647062,0.2474745810031891
obj_0128,104,llh,15.38345456123352,0.8463756442070007,0.19523850083351135,8.959210515022278,0.5475778579711914,0.23815985023975372,28.877201080322266,11.953939199447632,0.6137232780456543,0.5487570762634277,15.537720918655396,0.8807172775268555,0.17604349553585052,15.263216495513916,0.8431995511054993,0.20309334993362427,0.97265625,0.79443359375,0.42225444316864014,0.06378173828125,0.2264404296875,0.01088714599609375,3.44010591506958,0.37564271688461304,0.1204833984375,0.04633096233010292,0.21120308339595795,0.006030976306647062,0.2474745810031891
obj_0128,104,c3_lhl,14.983397722244263,0.8487592339515686,0.200686514377594,8.633769154548645,0.522668182849884,0.23426508903503418,26.80075168609619,10.942051410675049,0.5823636651039124,0.525184154510498,15.212279558181763,0.8768271207809448,0.1741906702518463,14.86301302909851,0.845406174659729,0.20871758460998535,0.97265625,0.8046875,0.3954949676990509,0.058624267578125,0.227783203125,0.01303863525390625,3.9581058025360107,0.3635033965110779,0.1337890625,0.04633096233010292,0.21120308339595795,0.006030976306647062,0.2474745810031891
obj_0129,105,fixed_mean,14.735695123672485,0.8433263897895813,0.15941306948661804,6.050584316253662,0.3065176010131836,0.17021536827087402,22.350027561187744,7.389124035835266,0.43644875288009644,0.30205950140953064,15.458694696426392,0.9067285656929016,0.1233082190155983,14.28157091140747,0.8321290612220764,0.17600400745868683,0.8984375,0.810546875,0.4427034854888916,0.0513916015625,0.417724609375,0.028839111328125,3.8849380016326904,0.38204309344291687,0.1834716796875,0.02691086195409298,0.34865474700927734,0.014924325980246067,0.279870867729187
obj_0129,105,hll,13.714096546173096,0.8320891261100769,0.17200970649719238,5.253681540489197,0.2382812649011612,0.17333020269870758,20.261874198913574,6.336227655410767,0.394896537065506,0.23153671622276306,14.661792516708374,0.89729243516922,0.1279212385416031,13.272886276245117,0.8195465803146362,0.18590398132801056,0.8984375,0.83984375,0.4166792333126068,0.048858642578125,0.3681640625,0.0298614501953125,2.934894641240438,0.3868197500705719,0.1881103515625,0.02691086195409298,0.34865474700927734,0.014924325980246067,0.279870867729187
obj_0129,105,llh,15.703272819519043,0.8485284447669983,0.14976687729358673,6.89996063709259,0.35433706641197205,0.1675374060869217,24.035286903381348,8.501138687133789,0.4755352735519409,0.3471575677394867,16.308071613311768,0.9146788120269775,0.12127986550331116,15.243487358093262,0.8382849097251892,0.16828441619873047,0.8984375,0.779296875,0.45748817920684814,0.051727294921875,0.41015625,0.0242919921875,4.054206212361653,0.37994384765625,0.1668701171875,0.02691086195409298,0.34865474700927734,0.014924325980246067,0.279870867729187
obj_0129,105,c3_lhl,15.246589183807373,0.8508431315422058,0.1580486297607422,6.596121788024902,0.33096936345100403,0.1670704483985901,22.67448902130127,7.69303023815155,0.439434289932251,0.33132675290107727,16.004233360290527,0.9117305874824524,0.12038253247737885,14.784404039382935,0.8401029706001282,0.1760694682598114,0.8984375,0.7822265625,0.44096639752388,0.04901123046875,0.434814453125,0.029754638671875,4.374492486317952,0.36499524116516113,0.19580078125,0.02691086195409298,0.34865474700927734,0.014924325980246067,0.279870867729187
obj_0130,106,fixed_mean,12.076249122619629,0.819027841091156,0.23061418533325195,5.884885787963867,0.41984087228775024,0.27472415566444397,30.029311180114746,10.316171646118164,0.5606001019477844,0.4227588474750519,12.129634618759155,0.8409250974655151,0.21713325381278992,11.630041599273682,0.8030264377593994,0.25011980533599854,0.90234375,0.798828125,0.34184008836746216,0.040008544921875,0.2275390625,0.0121612548828125,2.96713924407959,0.34661996364593506,0.1429443359375,0.016417790204286575,0.1494506150484085,0.0036501544527709484,0.24711255729198456
obj_0130,106,hll,10.868004560470581,0.7702909111976624,0.24928829073905945,4.69774067401886,0.2978733479976654,0.2923218011856079,27.385132312774658,8.77916932106018,0.5075565576553345,0.2980855703353882,10.942491292953491,0.8080477118492126,0.23510782420635223,10.422511100769043,0.7509251236915588,0.266696959733963,0.90234375,0.86279296875,0.3054100573062897,0.040863037109375,0.22021484375,0.0156402587890625,2.9144981702168784,0.3417278528213501,0.16796875,0.016417790204286575,0.1494506150484085,0.0036501544527709484,0.24711255729198456
obj_0130,106,llh,12.754098176956177,0.8473790287971497,0.22564630210399628,6.548853516578674,0.45653656125068665,0.26732730865478516,32.008092403411865,11.496034860610962,0.5993691086769104,0.45772629976272583,12.793604135513306,0.852096438407898,0.21306630969047546,12.307819128036499,0.8310348987579346,0.24659915268421173,0.90234375,0.763671875,0.37237033247947693,0.042510986328125,0.2320556640625,0.0104522705078125,3.092580954233805,0.3553011417388916,0.128173828125,0.016417790204286575,0.1494506150484085,0.0036501544527709484,0.24711255729198456
obj_0130,106,c3_lhl,13.040947914123535,0.851673424243927,0.23124921321868896,6.861494779586792,0.4679309129714966,0.271310955286026,30.125267505645752,10.737801790237427,0.5580684542655945,0.47415241599082947,13.106244802474976,0.8566489815711975,0.2171492874622345,12.594667673110962,0.8356355428695679,0.2496996819972992,0.90234375,0.736328125,0.30132684111595154,0.04254150390625,0.2374267578125,0.01275634765625,3.4866703351338706,0.3295469582080841,0.1500244140625,0.016417790204286575,0.1494506150484085,0.0036501544527709484,0.24711255729198456
obj_0131,107,fixed_mean,19.45011615753174,0.9194108247756958,0.1243145614862442,8.53527307510376,0.22077371180057526,0.08089599758386612,20.26162624359131,8.767598271369934,0.47571226954460144,0.2141450196504593,26.832356452941895,0.9886559247970581,0.06806287914514542,19.34127926826477,0.9189428687095642,0.1321496218442917,0.953125,0.490478515625,0.6106270551681519,0.0296783447265625,0.998046875,0.0660400390625,5.572765350341797,0.3530806601047516,0.30859375,0.02244797721505165,1.4080326557159424,0.10154977440834045,0.38385871052742004
obj_0131,107,hll,17.627062797546387,0.9091765284538269,0.1483604907989502,8.113170266151428,0.19615218043327332,0.0790175199508667,18.178791999816895,8.046898245811462,0.46212729811668396,0.2014402151107788,26.410253047943115,0.9886521100997925,0.06942971795797348,17.528623342514038,0.908359944820404,0.15488851070404053,0.953125,0.50830078125,0.5402610898017883,0.035888671875,0.908203125,0.0687255859375,5.1213728586832685,0.35705235600471497,0.32861328125,0.02244797721505165,1.4080326557159424,0.10154977440834045,0.38385871052742004
obj_0131,107,llh,21.76003932952881,0.916610836982727,0.10514330118894577,9.52104389667511,0.25130587816238403,0.08250172436237335,22.93224334716797,10.479953289031982,0.4993193447589874,0.2380313277244568,27.818126678466797,0.9895117878913879,0.059307947754859924,21.651785373687744,0.915794312953949,0.11527227610349655,0.953125,0.4130859375,0.631382405757904,0.0306243896484375,0.86279296875,0.048828125,5.732964674631755,0.3417421579360962,0.239013671875,0.02244797721505165,1.4080326557159424,0.10154977440834045,0.38385871052742004
obj_0131,107,c3_lhl,20.130443572998047,0.920847475528717,0.1313137710094452,8.19612979888916,0.20235103368759155,0.0823969841003418,21.206753253936768,8.572914600372314,0.46887731552124023,0.2054775059223175,26.493213176727295,0.9876169562339783,0.07617824524641037,19.986464977264404,0.920329213142395,0.13959147036075592,0.953125,0.493896484375,0.5705065131187439,0.032867431640625,0.9873046875,0.0810546875,5.3247575759887695,0.3556746542453766,0.333740234375,0.02244797721505165,1.4080326557159424,0.10154977440834045,0.38385871052742004
obj_0132,108,fixed_mean,13.873575925827026,0.8227466940879822,0.25362321734428406,8.204826712608337,0.44737565517425537,0.3028460144996643,29.271321296691895,10.182591676712036,0.5044448971748352,0.4529769718647003,13.96662950515747,0.8295649290084839,0.23979192972183228,13.873575925827026,0.8227466940879822,0.25362321734428406,1.0,0.796875,0.34213098883628845,0.04095458984375,0.254638671875,0.01751708984375,3.288084348042806,0.3685658872127533,0.1494140625,0.027877528220415115,0.20317751169204712,0.0052732741460204124,0.2702893316745758
obj_0132,108,hll,13.01647424697876,0.787135899066925,0.26138484477996826,7.385188341140747,0.40980687737464905,0.3125622570514679,26.963510513305664,9.150702357292175,0.4751642942428589,0.4153177738189697,13.146991729736328,0.8138502240180969,0.24553486704826355,13.01647424697876,0.787135899066925,0.26138484477996826,1.0,0.8349609375,0.32589760422706604,0.045806884765625,0.2420654296875,0.0195770263671875,3.2518200079600015,0.370735228061676,0.159423828125,0.027877528220415115,0.20317751169204712,0.0052732741460204124,0.2702893316745758
obj_0132,108,llh,14.522430896759033,0.8320115208625793,0.2574109733104706,8.830678462982178,0.46617987751960754,0.2988637387752533,31.141879558563232,11.147171258926392,0.5335098505020142,0.4706757366657257,14.592481851577759,0.8381757140159607,0.24333833158016205,14.522430896759033,0.8320115208625793,0.2574109733104706,1.0,0.7705078125,0.3691069483757019,0.040863037109375,0.252197265625,0.01464080810546875,3.1806797981262207,0.37370896339416504,0.136962890625,0.027877528220415115,0.20317751169204712,0.0052732741460204124,0.2702893316745758
obj_0132,108,c3_lhl,14.42379355430603,0.835961639881134,0.249652698636055,8.78598153591156,0.4758058488368988,0.29735884070396423,28.590328693389893,10.209252834320068,0.4967930018901825,0.4837881922721863,14.547785520553589,0.8421311378479004,0.23472799360752106,14.42379355430603,0.835961639881134,0.249652698636055,1.0,0.763671875,0.32233327627182007,0.039520263671875,0.2496337890625,0.01763916015625,3.53147292137146,0.35562655329704285,0.15234375,0.027877528220415115,0.20317751169204712,0.0052732741460204124,0.2702893316745758
obj_0133,109,fixed_mean,14.440226554870605,0.8348052501678467,0.17209354043006897,5.611145496368408,0.19416095316410065,0.1910867691040039,26.90969467163086,9.862833619117737,0.5689178705215454,0.17993587255477905,14.661084413528442,0.8840801119804382,0.1564004123210907,14.246987104415894,0.8300899863243103,0.17717234790325165,0.955078125,0.88720703125,0.36520862579345703,0.04693603515625,0.34130859375,0.02978515625,2.5574679374694824,0.41037338972091675,0.1754150390625,0.11685412377119064,0.31769323348999023,0.012657334096729755,0.26378121972084045
obj_0133,109,hll,14.134070873260498,0.830131471157074,0.17051823437213898,5.400180220603943,0.13522519171237946,0.18808472156524658,25.09423017501831,9.169347882270813,0.5394430756568909,0.12119530886411667,14.450119733810425,0.8808006048202515,0.15500123798847198,13.9439857006073,0.825142502784729,0.17304205894470215,0.955078125,0.8876953125,0.3437386155128479,0.0345458984375,0.32421875,0.03436279296875,2.154252290725708,0.41213124990463257,0.1802978515625,0.11685412377119064,0.31769323348999023,0.012657334096729755,0.26378121972084045
obj_0133,109,llh,14.763709306716919,0.8309050798416138,0.16919749975204468,5.862355828285217,0.21093128621578217,0.1895579844713211,28.918700218200684,10.627632141113281,0.5981420278549194,0.1932307928800583,14.912294149398804,0.8867301940917969,0.154957115650177,14.56813097000122,0.826116144657135,0.17423032224178314,0.955078125,0.88427734375,0.37932339310646057,0.05035400390625,0.355712890625,0.0264129638671875,3.0953828493754068,0.4222426414489746,0.166015625,0.11685412377119064,0.31769323348999023,0.012657334096729755,0.26378121972084045
obj_0133,109,c3_lhl,14.770756959915161,0.8342451453208923,0.17760710418224335,5.896583795547485,0.20270776748657227,0.19077956676483154,28.209640979766846,10.082675218582153,0.5687064528465271,0.19034774601459503,14.94652271270752,0.8861112594604492,0.15845172107219696,14.573867321014404,0.8296212553977966,0.18255026638507843,0.955078125,0.873046875,0.35563457012176514,0.053955078125,0.364501953125,0.03424072265625,3.333914359410604,0.40064606070518494,0.18798828125,0.11685412377119064,0.31769323348999023,0.012657334096729755,0.26378121972084045
obj_0134,110,fixed_mean,12.930998802185059,0.8076996207237244,0.25185227394104004,6.858774423599243,0.357144296169281,0.2838461995124817,25.467853546142578,8.575922846794128,0.4742358922958374,0.3578992486000061,13.119930028915405,0.817979633808136,0.2304573357105255,12.930998802185059,0.8076996207237244,0.25185227394104004,1.0,0.85400390625,0.3054361939430237,0.039031982421875,0.25439453125,0.018951416015625,2.9276115894317627,0.3513559103012085,0.1685791015625,0.03985477238893509,0.250095397233963,0.007282560225576162,0.25981566309928894
obj_0134,110,hll,12.195234298706055,0.7656052708625793,0.2643589675426483,6.183652877807617,0.2996007800102234,0.2956520915031433,23.553192615509033,7.549359202384949,0.4390240013599396,0.30018875002861023,12.44480848312378,0.7981091737747192,0.2409994751214981,12.195234298706055,0.7656052708625793,0.2643589675426483,1.0,0.87744140625,0.27694109082221985,0.046142578125,0.2479248046875,0.0239105224609375,2.909604072570801,0.3433021903038025,0.200927734375,0.03985477238893509,0.250095397233963,0.007282560225576162,0.25981566309928894
obj_0134,110,llh,13.72775673866272,0.8250625729560852,0.2464396208524704,7.607811689376831,0.4015055298805237,0.2801886200904846,27.50528573989868,9.806177616119385,0.5171558856964111,0.40008345246315,13.868967294692993,0.833881676197052,0.22975368797779083,13.72775673866272,0.8250625729560852,0.2464396208524704,1.0,0.82080078125,0.33004891872406006,0.038970947265625,0.257080078125,0.0152587890625,3.2532182534535727,0.36225804686546326,0.1451416015625,0.03985477238893509,0.250095397233963,0.007282560225576162,0.25981566309928894
obj_0134,110,c3_lhl,13.483624458312988,0.8221871256828308,0.2533617615699768,7.460835576057434,0.38996487855911255,0.2754625678062439,25.03559112548828,8.730942010879517,0.4682867228984833,0.39467853307724,13.721990585327148,0.8320093154907227,0.2288992702960968,13.483624458312988,0.8221871256828308,0.2533617615699768,1.0,0.806640625,0.28385472297668457,0.036529541015625,0.260986328125,0.0211334228515625,3.2458338737487793,0.3355918526649475,0.1893310546875,0.03985477238893509,0.250095397233963,0.007282560225576162,0.25981566309928894
obj_0135,111,fixed_mean,14.022483825683594,0.8165066838264465,0.21767190098762512,7.1347081661224365,0.4686655104160309,0.2641395330429077,25.579333305358887,8.581120371818542,0.49224600195884705,0.4764561355113983,14.274485111236572,0.8600541949272156,0.19998213648796082,13.885782957077026,0.812233030796051,0.22645705938339233,0.96875,0.8115234375,0.4599183201789856,0.075927734375,0.233642578125,0.0157623291015625,3.4096949100494385,0.3983587622642517,0.140869140625,0.033055029809474945,0.2029513269662857,0.004951754584908485,0.2876194417476654
obj_0135,111,hll,13.02899718284607,0.7998231053352356,0.23001769185066223,6.20108425617218,0.4166548550128937,0.2669626474380493,23.68980646133423,7.66108512878418,0.45818012952804565,0.4234905540943146,13.340860605239868,0.8455909490585327,0.20037199556827545,12.892780303955078,0.79532790184021,0.23880800604820251,0.96875,0.853515625,0.4331345558166504,0.0736083984375,0.211181640625,0.015960693359375,3.0624821186065674,0.3857708275318146,0.1483154296875,0.033055029809474945,0.2029513269662857,0.004951754584908485,0.2876194417476654
obj_0135,111,llh,14.686392545700073,0.8180493116378784,0.20873861014842987,7.7559733390808105,0.48605674505233765,0.2570228576660156,27.027244567871094,9.709742069244385,0.526999831199646,0.49225732684135437,14.89574909210205,0.8670677542686462,0.19466623663902283,14.549401998519897,0.8141565322875977,0.21717561781406403,0.96875,0.78759765625,0.48166316747665405,0.07623291015625,0.23388671875,0.01355743408203125,3.222991387049357,0.4054853022098541,0.1295166015625,0.033055029809474945,0.2029513269662857,0.004951754584908485,0.2876194417476654
obj_0135,111,c3_lhl,14.414907693862915,0.8296893239021301,0.22391144931316376,7.555599212646484,0.49395373463630676,0.2604437470436096,25.521011352539062,8.588811755180359,0.49356701970100403,0.5037674307823181,14.695374965667725,0.8667487502098083,0.1978808343410492,14.277364015579224,0.825792133808136,0.23303206264972687,0.96875,0.79541015625,0.4498578906059265,0.07464599609375,0.2440185546875,0.0164642333984375,3.84809144337972,0.38718268275260925,0.1466064453125,0.033055029809474945,0.2029513269662857,0.004951754584908485,0.2876194417476654
obj_0136,112,fixed_mean,13.550337553024292,0.8008562326431274,0.23389488458633423,7.508448362350464,0.416846364736557,0.25129610300064087,23.045780658721924,8.774716854095459,0.4567640721797943,0.42294570803642273,13.944690227508545,0.8407859206199646,0.20001846551895142,13.39508056640625,0.7950806021690369,0.24329960346221924,0.96484375,0.77490234375,0.308096319437027,0.08514404296875,0.287841796875,0.01493072509765625,3.4746670722961426,0.34400343894958496,0.1649169921875,0.04264771565794945,0.26281067728996277,0.0065472424030303955,0.2725070118904114
obj_0136,112,hll,12.796299457550049,0.7798188328742981,0.23847191035747528,6.814561486244202,0.386166512966156,0.25863587856292725,21.70480251312256,7.920259237289429,0.4259657561779022,0.393368661403656,13.250802755355835,0.8297902941703796,0.20449084043502808,12.641235589981079,0.7737369537353516,0.24946844577789307,0.96484375,0.8046875,0.2939067482948303,0.08111572265625,0.281005859375,0.0168304443359375,3.461095412572225,0.3455325663089752,0.176513671875,0.04264771565794945,0.26281067728996277,0.0065472424030303955,0.2725070118904114
obj_0136,112,llh,14.156006574630737,0.8156254887580872,0.2343699038028717,8.081106543540955,0.431898832321167,0.24704313278198242,24.01484727859497,9.73366379737854,0.4897673428058624,0.4337396025657654,14.517347812652588,0.849523663520813,0.19805127382278442,14.000729322433472,0.810522198677063,0.24547351896762848,0.96484375,0.7548828125,0.3419085741043091,0.08282470703125,0.276123046875,0.012939453125,3.481022675832113,0.3515259027481079,0.1474609375,0.04264771565794945,0.26281067728996277,0.0065472424030303955,0.2725070118904114
obj_0136,112,c3_lhl,13.972417116165161,0.8140673041343689,0.22776302695274353,7.994220852851868,0.43008673191070557,0.2441633641719818,22.848961353302002,8.953121304512024,0.4550829529762268,0.4388282597064972,14.430462121963501,0.8481719493865967,0.19423943758010864,13.817020654678345,0.8084844946861267,0.23859350383281708,0.96484375,0.74853515625,0.2906607687473297,0.0809326171875,0.287353515625,0.01433563232421875,3.681431849797567,0.3347355127334595,0.1678466796875,0.04264771565794945,0.26281067728996277,0.0065472424030303955,0.2725070118904114
obj_0137,113,fixed_mean,14.341263771057129,0.8363526463508606,0.2510841488838196,8.515213131904602,0.48015645146369934,0.2896616458892822,26.252145767211914,9.516090154647827,0.5142837762832642,0.4864216148853302,14.55662727355957,0.844841480255127,0.2336251437664032,14.341263771057129,0.8363526463508606,0.2510841488838196,1.0,0.78515625,0.34701141715049744,0.04913330078125,0.2359619140625,0.01549530029296875,3.1971089045206704,0.37604424357414246,0.12335205078125,0.09749115258455276,0.2100336253643036,0.005336526781320572,0.26141083240509033
obj_0137,113,hll,13.235914707183838,0.8077784776687622,0.2622794806957245,7.450000047683716,0.45455262064933777,0.29928451776504517,24.42451000213623,8.316696882247925,0.4903227984905243,0.46019357442855835,13.491413593292236,0.8276317715644836,0.24082520604133606,13.235914707183838,0.8077784776687622,0.2622794806957245,1.0,0.83740234375,0.32940489053726196,0.0572509765625,0.217041015625,0.017059326171875,3.1318615277608237,0.38430193066596985,0.1270751953125,0.09749115258455276,0.2100336253643036,0.005336526781320572,0.26141083240509033
obj_0137,113,llh,15.153063535690308,0.8437485098838806,0.25422433018684387,9.288697242736816,0.4859859347343445,0.29164013266563416,27.89576292037964,10.68637490272522,0.5402750372886658,0.49044927954673767,15.330111980438232,0.8517128229141235,0.23958422243595123,15.153063535690308,0.8437485098838806,0.25422433018684387,1.0,0.748046875,0.3573240339756012,0.052398681640625,0.239013671875,0.01328277587890625,3.1545700232187905,0.3726896643638611,0.11627197265625,0.09749115258455276,0.2100336253643036,0.005336526781320572,0.26141083240509033
obj_0137,113,c3_lhl,15.062562227249146,0.8485425114631653,0.24840614199638367,9.277036190032959,0.5034252405166626,0.2845696210861206,26.2447452545166,9.824760556221008,0.5097442865371704,0.5117002725601196,15.318450927734375,0.8570976257324219,0.22847990691661835,15.062562227249146,0.8485425114631653,0.24840614199638367,1.0,0.7431640625,0.3316984176635742,0.04742431640625,0.2352294921875,0.0157470703125,3.6097358067830405,0.3580383360385895,0.1270751953125,0.09749115258455276,0.2100336253643036,0.005336526781320572,0.26141083240509033
obj_0138,114,fixed_mean,14.351017475128174,0.8334864377975464,0.19361194968223572,7.895548939704895,0.5013185739517212,0.26517537236213684,23.909447193145752,8.193414211273193,0.5002713203430176,0.5066007971763611,14.750421047210693,0.881271481513977,0.16872483491897583,14.190585613250732,0.8293037414550781,0.20090366899967194,0.9635416666666666,0.77978515625,0.41331684589385986,0.03741455078125,0.1585693359375,0.00931549072265625,3.1966844399770102,0.36838510632514954,0.10662841796875,0.012834601104259491,0.14858193695545197,0.0037258786614984274,0.25022217631340027
obj_0138,114,hll,13.098655939102173,0.8102948665618896,0.23286142945289612,6.771814227104187,0.4134119749069214,0.28166699409484863,21.50778293609619,6.949845552444458,0.4546961784362793,0.4180780053138733,13.62668514251709,0.8587833642959595,0.19062310457229614,12.938642501831055,0.8048329949378967,0.24104471504688263,0.9635416666666666,0.8251953125,0.3717747628688812,0.038665771484375,0.1485595703125,0.010162353515625,3.231226921081543,0.3515106737613678,0.11773681640625,0.012834601104259491,0.14858193695545197,0.0037258786614984274,0.25022217631340027
obj_0138,114,llh,15.118006467819214,0.8439615368843079,0.18473146855831146,8.57875943183899,0.5464270710945129,0.25291842222213745,25.65753698348999,9.71297562122345,0.5485188961029053,0.5501642823219299,15.433629751205444,0.8920779824256897,0.16166242957115173,14.957363605499268,0.8401820659637451,0.1920609027147293,0.9635416666666666,0.755859375,0.4815637171268463,0.03619384765625,0.157958984375,0.0082855224609375,2.5913310845692954,0.3740912079811096,0.09716796875,0.012834601104259491,0.14858193695545197,0.0037258786614984274,0.25022217631340027
obj_0138,114,c3_lhl,14.803036451339722,0.8521087765693665,0.19922666251659393,8.417224287986755,0.5406495332717896,0.25444188714027405,23.69753360748291,8.446844220161438,0.5186673402786255,0.5462071895599365,15.272096395492554,0.8897380828857422,0.1657152622938156,14.641917943954468,0.8479726910591125,0.2071997970342636,0.9635416666666666,0.76123046875,0.41309237480163574,0.039886474609375,0.169189453125,0.01030731201171875,3.6415093739827475,0.349539190530777,0.11029052734375,0.012834601104259491,0.14858193695545197,0.0037258786614984274,0.25022217631340027
obj_0139,115,fixed_mean,13.26886773109436,0.8169167637825012,0.3147421181201935,9.122874140739441,0.5950213074684143,0.3605155348777771,27.39668607711792,11.408251523971558,0.5145877003669739,0.6025430560112,13.374969959259033,0.8243730664253235,0.2951163649559021,13.26886773109436,0.8169167637825012,0.3147421181201935,1.0,0.658203125,0.3312487006187439,0.0626220703125,0.1845703125,0.00942230224609375,3.250288486480713,0.35704684257507324,0.098388671875,0.018269041553139687,0.1326534003019333,0.0024591863621026278,0.24646712839603424
obj_0139,115,hll,12.19173789024353,0.7998366951942444,0.31832295656204224,8.086583018302917,0.5638906359672546,0.36216628551483154,24.92567777633667,9.896490573883057,0.4849401116371155,0.5715179443359375,12.33867883682251,0.8090532422065735,0.29602113366127014,12.19173789024353,0.7998366951942444,0.31832295656204224,1.0,0.703125,0.31804075837135315,0.062225341796875,0.1793212890625,0.0105438232421875,3.4143804709116616,0.36219170689582825,0.1068115234375,0.018269041553139687,0.1326534003019333,0.0024591863621026278,0.24646712839603424
obj_0139,115,llh,14.363490343093872,0.8327040076255798,0.3131523132324219,10.188066959381104,0.6242220401763916,0.3591417074203491,29.88748550415039,12.954658269882202,0.5498119592666626,0.6308198571205139,14.440162181854248,0.8389415740966797,0.2947382926940918,14.363490343093872,0.8327040076255798,0.3131523132324219,1.0,0.61669921875,0.34941333532333374,0.061798095703125,0.1748046875,0.00801849365234375,2.9703543186187744,0.354277640581131,0.0882568359375,0.018269041553139687,0.1326534003019333,0.0024591863621026278,0.24646712839603424
obj_0139,115,c3_lhl,14.258424043655396,0.8338007926940918,0.311062753200531,10.15155553817749,0.6264133453369141,0.35380810499191284,27.042465209960938,11.715270280838013,0.5037447214126587,0.6358444094657898,14.403650760650635,0.8418715596199036,0.28977838158607483,14.258424043655396,0.8338007926940918,0.311062753200531,1.0,0.6103515625,0.3062470555305481,0.0634765625,0.1802978515625,0.0092926025390625,3.5155769189198813,0.3431919515132904,0.10107421875,0.018269041553139687,0.1326534003019333,0.0024591863621026278,0.24646712839603424
obj_0140,116,fixed_mean,13.445148468017578,0.8204882740974426,0.15810802578926086,5.5463093519210815,0.29478347301483154,0.19156812131404877,24.863011837005615,8.677332401275635,0.48430320620536804,0.2902958393096924,13.719223737716675,0.8676649928092957,0.14248642325401306,13.112083673477173,0.8102476000785828,0.16675758361816406,0.92578125,0.8525390625,0.38004711270332336,0.06512451171875,0.370361328125,0.0223236083984375,3.029195706049601,0.34871435165405273,0.2052001953125,0.037731874734163284,0.24976295232772827,0.010040730237960815,0.26544108986854553
obj_0140,116,hll,12.938764095306396,0.8107566833496094,0.15651482343673706,5.124847888946533,0.22989261150360107,0.19353987276554108,23.226351737976074,7.933347225189209,0.45362353324890137,0.22265277802944183,13.297761678695679,0.8597188591957092,0.14167028665542603,12.60817289352417,0.8003655672073364,0.16645993292331696,0.92578125,0.87255859375,0.37041041254997253,0.0535888671875,0.337890625,0.0238189697265625,2.3369556665420532,0.3593047261238098,0.2022705078125,0.037731874734163284,0.24976295232772827,0.010040730237960815,0.26544108986854553
obj_0140,116,llh,13.908224105834961,0.8332782983779907,0.15989123284816742,5.954603552818298,0.336929053068161,0.189271941781044,26.267375946044922,9.532987475395203,0.515744686126709,0.33111581206321716,14.127517938613892,0.8759201765060425,0.14213091135025024,13.574559688568115,0.8248195052146912,0.16931504011154175,0.92578125,0.83642578125,0.39698055386543274,0.06646728515625,0.359130859375,0.01763916015625,3.4005366961161294,0.34884899854660034,0.192138671875,0.037731874734163284,0.24976295232772827,0.010040730237960815,0.26544108986854553
obj_0140,116,c3_lhl,13.768857717514038,0.8396726250648499,0.1558077335357666,5.8959585428237915,0.30959352850914,0.18971313536167145,24.806818962097168,8.718404769897461,0.4819878339767456,0.30852246284484863,14.06887173652649,0.8730477690696716,0.1410706639289856,13.434380292892456,0.8295361399650574,0.16630935668945312,0.92578125,0.8291015625,0.3622935116291046,0.062469482421875,0.383056640625,0.023040771484375,3.518927574157715,0.335753470659256,0.214599609375,0.037731874734163284,0.24976295232772827,0.010040730237960815,0.26544108986854553
obj_0141,117,fixed_mean,15.04655122756958,0.8501585721969604,0.14293928444385529,7.798076272010803,0.516672670841217,0.20347517728805542,25.87113857269287,9.466307163238525,0.5774872303009033,0.5177463889122009,15.353254079818726,0.8934856057167053,0.12506812810897827,14.845706224441528,0.8451346755027771,0.15159004926681519,0.9544270833333334,0.7783203125,0.5232322216033936,0.0638427734375,0.197021484375,0.015380859375,3.6161491870880127,0.4236961305141449,0.10601806640625,0.014757178723812103,0.19165098667144775,0.00681772967800498,0.28021854162216187
obj_0141,117,hll,13.663924932479858,0.8277461528778076,0.16936805844306946,6.494237780570984,0.4162178039550781,0.21968208253383636,23.534424304962158,8.033801317214966,0.52824866771698,0.4150923490524292,14.049415588378906,0.8727729916572571,0.13831599056720734,13.465890884399414,0.8216807246208191,0.17889538407325745,0.9544270833333334,0.83056640625,0.4933498799800873,0.057525634765625,0.1756591796875,0.0177459716796875,3.377328793207804,0.43751513957977295,0.10882568359375,0.014757178723812103,0.19165098667144775,0.00681772967800498,0.28021854162216187
obj_0141,117,llh,15.85205078125,0.8576793670654297,0.131821408867836,8.544871211051941,0.5553508996963501,0.1921471804380417,27.57028102874756,10.675114393234253,0.5959382653236389,0.557464063167572,16.10005021095276,0.9017562866210938,0.11488067358732224,15.650123357772827,0.8533711433410645,0.14024055004119873,0.9544270833333334,0.751953125,0.5458513498306274,0.0653076171875,0.19677734375,0.0125732421875,3.3907426993052163,0.405612587928772,0.10284423828125,0.014757178723812103,0.19165098667144775,0.00681772967800498,0.28021854162216187
obj_0141,117,c3_lhl,15.741633176803589,0.8680887222290039,0.15827780961990356,8.5103178024292,0.5403657555580139,0.20189563930034637,26.33826971054077,9.791390299797058,0.5839760303497314,0.5432824492454529,16.06549620628357,0.9011476635932922,0.12816743552684784,15.539339780807495,0.8633583188056946,0.16792796552181244,0.9544270833333334,0.751953125,0.5063192248344421,0.060791015625,0.208740234375,0.0164031982421875,3.955115000406901,0.40753674507141113,0.1136474609375,0.014757178723812103,0.19165098667144775,0.00681772967800498,0.28021854162216187
obj_0142,118,fixed_mean,13.593453168869019,0.833038330078125,0.2145724892616272,7.464641332626343,0.5236573815345764,0.2960931062698364,25.828423500061035,8.792535662651062,0.5446417331695557,0.5264928340911865,13.797359466552734,0.8685886859893799,0.19931355118751526,13.479056358337402,0.8299204707145691,0.22347593307495117,0.9739583333333334,0.78662109375,0.5191402435302734,0.03936767578125,0.2000732421875,0.01131439208984375,3.7825121879577637,0.40355977416038513,0.11590576171875,0.018736369907855988,0.12156036496162415,0.0033236374147236347,0.25740623474121094
obj_0142,118,hll,12.559579610824585,0.8044527769088745,0.23510536551475525,6.483901739120483,0.4385281503200531,0.30751824378967285,23.81516933441162,7.7164506912231445,0.5113196969032288,0.439374178647995,12.816619873046875,0.8450087904930115,0.20689502358436584,12.445216178894043,0.8005378246307373,0.24487069249153137,0.9739583333333334,0.833984375,0.503767728805542,0.039276123046875,0.1983642578125,0.01314544677734375,3.7315521240234375,0.4063965380191803,0.12255859375,0.018736369907855988,0.12156036496162415,0.0033236374147236347,0.25740623474121094
obj_0142,118,llh,14.390231370925903,0.8471787571907043,0.20802505314350128,8.229972124099731,0.5814957022666931,0.2823356091976166,27.337019443511963,10.16070008277893,0.5764424204826355,0.5849506855010986,14.562690258026123,0.8822067379951477,0.19070173799991608,14.275768995285034,0.8443583250045776,0.21660855412483215,0.9739583333333334,0.7548828125,0.5253015160560608,0.04541015625,0.1910400390625,0.00946044921875,3.320317347844442,0.3954651951789856,0.10430908203125,0.018736369907855988,0.12156036496162415,0.0033236374147236347,0.25740623474121094
obj_0142,118,c3_lhl,14.153910875320435,0.8501936793327332,0.22555319964885712,8.088449835777283,0.5673408508300781,0.29307660460472107,25.24526357650757,8.941700458526611,0.556086003780365,0.5723097324371338,14.421168565750122,0.8798869848251343,0.19881127774715424,14.039331674575806,0.8470339179039001,0.23478975892066956,0.9739583333333334,0.7578125,0.48705634474754333,0.0439453125,0.2054443359375,0.0114288330078125,4.0400941371917725,0.3853939473628998,0.12225341796875,0.018736369907855988,0.12156036496162415,0.0033236374147236347,0.25740623474121094
obj_0143,119,fixed_mean,13.719652891159058,0.8400255441665649,0.15920105576515198,4.825866222381592,0.2387256771326065,0.18497969210147858,28.569355010986328,10.002033710479736,0.5568204522132874,0.22654642164707184,13.845822811126709,0.8909609913825989,0.15005895495414734,13.601018190383911,0.8373071551322937,0.15882344543933868,0.97265625,0.85546875,0.4491073787212372,0.041412353515625,0.322998046875,0.0189666748046875,3.4198532899220786,0.38945451378822327,0.172607421875,0.04469728097319603,0.24504156410694122,0.008914177305996418,0.26036062836647034
obj_0143,119,hll,12.989886999130249,0.8308195471763611,0.1762981116771698,4.23008531332016,0.16343341767787933,0.1922609955072403,24.763340950012207,8.519465327262878,0.5184223651885986,0.1497059464454651,13.250042200088501,0.8820573091506958,0.15779320895671844,12.873365879058838,0.8278896808624268,0.17726778984069824,0.97265625,0.876953125,0.4281434416770935,0.042144775390625,0.2958984375,0.0229949951171875,2.676482597986857,0.3960995674133301,0.1741943359375,0.04469728097319603,0.24504156410694122,0.008914177305996418,0.26036062836647034
obj_0143,119,llh,14.2191743850708,0.8407172560691833,0.1542896330356598,5.273457765579224,0.27241286635398865,0.17846646904945374,31.346144676208496,11.092225313186646,0.5947199463844299,0.2566621005535126,14.293415546417236,0.8968342542648315,0.14533312618732452,14.09959077835083,0.838057279586792,0.15550237894058228,0.97265625,0.83984375,0.4650086760520935,0.034576416015625,0.319091796875,0.01520538330078125,3.3196080525716147,0.3863198757171631,0.163818359375,0.04469728097319603,0.24504156410694122,0.008914177305996418,0.26036062836647034
obj_0143,119,c3_lhl,14.33377981185913,0.8432232737541199,0.16427774727344513,5.430194735527039,0.2903631031513214,0.18157349526882172,29.529659748077393,10.226563215255737,0.5608894228935242,0.2840716540813446,14.450151920318604,0.8984161019325256,0.14846616983413696,14.213780164718628,0.8406778573989868,0.16717708110809326,0.97265625,0.82421875,0.43992260098457336,0.044097900390625,0.322509765625,0.02056884765625,3.8028777440389,0.38129639625549316,0.1751708984375,0.04469728097319603,0.24504156410694122,0.008914177305996418,0.26036062836647034
obj_0144,120,fixed_mean,14.792389869689941,0.8176110982894897,0.18236520886421204,8.42621624469757,0.3917766213417053,0.20863668620586395,20.159320831298828,7.741484045982361,0.42084452509880066,0.3994878828525543,15.981898307800293,0.8843886852264404,0.1386040598154068,14.68986988067627,0.8147611021995544,0.18838587403297424,0.9765625,0.783203125,0.3748648762702942,0.031463623046875,0.2880859375,0.01788330078125,3.7774836222330728,0.35943254828453064,0.146484375,0.044480081647634506,0.3270147144794464,0.013628900982439518,0.30215367674827576
obj_0144,120,hll,13.709253072738647,0.8020460605621338,0.18729697167873383,7.377111315727234,0.33380553126335144,0.22075305879116058,18.969908952713013,6.770832538604736,0.3852679133415222,0.3397429287433624,14.93279218673706,0.8702366352081299,0.14633502066135406,13.607339859008789,0.7987346649169922,0.19288529455661774,0.9765625,0.82421875,0.35427749156951904,0.031494140625,0.267578125,0.0216217041015625,3.2772823174794516,0.37508460879325867,0.15087890625,0.044480081647634506,0.3270147144794464,0.013628900982439518,0.30215367674827576
obj_0144,120,llh,15.726486444473267,0.8445919752120972,0.1852802038192749,9.26866352558136,0.4202285408973694,0.20165058970451355,21.397812366485596,8.847817182540894,0.4543116092681885,0.4254027307033539,16.824345588684082,0.8925387263298035,0.13700111210346222,15.623679161071777,0.8421961665153503,0.19040898978710175,0.9765625,0.7568359375,0.40218794345855713,0.0268402099609375,0.284912109375,0.01416015625,3.8284925619761148,0.35442158579826355,0.134033203125,0.044480081647634506,0.3270147144794464,0.013628900982439518,0.30215367674827576
obj_0144,120,c3_lhl,15.51151990890503,0.8455007672309875,0.17924490571022034,9.285327196121216,0.4354892075061798,0.20420938730239868,20.461890697479248,8.165143132209778,0.4333563446998596,0.44797539710998535,16.841009855270386,0.8938973546028137,0.13676142692565918,15.40858507156372,0.8426878452301025,0.18499046564102173,0.9765625,0.74462890625,0.36606234312057495,0.033538818359375,0.295166015625,0.019256591796875,3.9919848442077637,0.3515952527523041,0.150146484375,0.044480081647634506,0.3270147144794464,0.013628900982439518,0.30215367674827576
obj_0145,121,fixed_mean,15.290508270263672,0.8369196057319641,0.16303037106990814,7.2360676527023315,0.29401877522468567,0.15579861402511597,20.689191818237305,8.244038224220276,0.4174608588218689,0.28902116417884827,16.56803846359253,0.9121657609939575,0.11266610026359558,14.964603185653687,0.8285688161849976,0.17485597729682922,0.92578125,0.755859375,0.4379011392593384,0.026763916015625,0.447021484375,0.0276947021484375,4.009413719177246,0.3479293882846832,0.2076416015625,0.017786409705877304,0.47903671860694885,0.02125018835067749,0.3117027282714844
obj_0145,121,hll,14.262359142303467,0.8288552761077881,0.17384247481822968,6.427100300788879,0.25447994470596313,0.16257864236831665,19.077141284942627,7.229963541030884,0.38581541180610657,0.24960963428020477,15.759071111679077,0.9045946598052979,0.11770990490913391,13.944226503372192,0.8199136853218079,0.18415677547454834,0.92578125,0.7841796875,0.4081915318965912,0.033294677734375,0.4365234375,0.03155517578125,3.684611717859904,0.3516554534435272,0.21923828125,0.017786409705877304,0.47903671860694885,0.02125018835067749,0.3117027282714844
obj_0145,121,llh,16.33538007736206,0.8392226696014404,0.1564769148826599,8.064849972724915,0.32561299204826355,0.150513157248497,22.435612678527832,9.59000289440155,0.4506634771823883,0.3170619010925293,17.396823167800903,0.9180904030799866,0.10781466960906982,16.00525975227356,0.8313739895820618,0.16904857754707336,0.92578125,0.7275390625,0.46465155482292175,0.0252838134765625,0.42919921875,0.0218658447265625,4.4850843747456866,0.34903860092163086,0.18896484375,0.017786409705877304,0.47903671860694885,0.02125018835067749,0.3117027282714844
obj_0145,121,c3_lhl,15.80649733543396,0.8402395248413086,0.16281190514564514,7.833803296089172,0.3277036249637604,0.1540563702583313,20.974621772766113,8.503819704055786,0.41882726550102234,0.3313160836696625,17.165775299072266,0.9166240692138672,0.11223447322845459,15.474165678024292,0.8323619961738586,0.17401885986328125,0.92578125,0.724609375,0.42064082622528076,0.02825927734375,0.44970703125,0.0301055908203125,4.155991872151692,0.340993732213974,0.2139892578125,0.017786409705877304,0.47903671860694885,0.02125018835067749,0.3117027282714844
obj_0146,122,fixed_mean,13.294298648834229,0.8066328763961792,0.27269622683525085,8.087449669837952,0.4628961682319641,0.30691078305244446,26.700961589813232,9.823357462882996,0.5099912881851196,0.46619483828544617,13.436992168426514,0.8165134787559509,0.24567487835884094,13.294298648834229,0.8066328763961792,0.27269622683525085,1.0,0.77783203125,0.31219303607940674,0.08197021484375,0.2216796875,0.01036834716796875,3.2955854733784995,0.36597514152526855,0.11492919921875,0.04090346395969391,0.21862481534481049,0.005960461217910051,0.27440181374549866
obj_0146,122,hll,12.671657800674438,0.7940607070922852,0.2768837511539459,7.5195759534835815,0.44499415159225464,0.308555543422699,24.694790840148926,8.964424729347229,0.48695293068885803,0.4493187367916107,12.869117259979248,0.8077248334884644,0.246519073843956,12.671657800674438,0.7940607070922852,0.2768837511539459,1.0,0.80712890625,0.29834479093551636,0.08294677734375,0.2078857421875,0.011016845703125,3.250451644261678,0.36732637882232666,0.11968994140625,0.04090346395969391,0.21862481534481049,0.005960461217910051,0.27440181374549866
obj_0146,122,llh,13.764616250991821,0.811120867729187,0.2810576558113098,8.522335290908813,0.46509847044944763,0.3107367157936096,28.393282890319824,10.791350603103638,0.5373402237892151,0.466168612241745,13.871877193450928,0.8205582499504089,0.25239723920822144,13.764616250991821,0.811120867729187,0.2810576558113098,1.0,0.7568359375,0.333633154630661,0.082763671875,0.2235107421875,0.00977325439453125,3.2638421853383384,0.3719634711742401,0.1080322265625,0.04090346395969391,0.21862481534481049,0.005960461217910051,0.27440181374549866
obj_0146,122,c3_lhl,13.836784362792969,0.8183976411819458,0.268858939409256,8.661977648735046,0.4799962639808655,0.29744768142700195,26.379647254943848,10.059231519699097,0.5092030167579651,0.48461565375328064,14.011518955230713,0.8277783393859863,0.23907563090324402,13.836784362792969,0.8183976411819458,0.268858939409256,1.0,0.7451171875,0.2971263825893402,0.079345703125,0.220947265625,0.01013946533203125,3.5744711558024087,0.3523547053337097,0.1181640625,0.04090346395969391,0.21862481534481049,0.005960461217910051,0.27440181374549866
obj_0147,123,fixed_mean,12.97939419746399,0.8156452775001526,0.24569372832775116,7.249715328216553,0.4332839846611023,0.29498377442359924,27.41462230682373,9.628999829292297,0.4903371036052704,0.43713754415512085,13.096675872802734,0.8226726651191711,0.22901025414466858,12.97939419746399,0.8156452775001526,0.24569372832775116,1.0,0.7939453125,0.25831419229507446,0.07232666015625,0.2314453125,0.0135345458984375,3.209096829096476,0.35745200514793396,0.1351318359375,0.025588808581233025,0.19479456543922424,0.004251335747539997,0.25397157669067383
obj_0147,123,hll,12.14417576789856,0.798590362071991,0.2522926330566406,6.476227045059204,0.3949863314628601,0.30322375893592834,24.773497581481934,8.204345107078552,0.4498220980167389,0.4001840651035309,12.323189973831177,0.8078437447547913,0.23426401615142822,12.14417576789856,0.798590362071991,0.2522926330566406,1.0,0.83203125,0.22078324854373932,0.0712890625,0.208740234375,0.015625,3.0703235467274985,0.35016870498657227,0.1484375,0.025588808581233025,0.19479456543922424,0.004251335747539997,0.25397157669067383
obj_0147,123,llh,13.72197151184082,0.8280031681060791,0.24783217906951904,7.959199547767639,0.45328351855278015,0.29069948196411133,29.580466747283936,10.930966138839722,0.5290164947509766,0.4546389579772949,13.806160688400269,0.8341773152351379,0.22900208830833435,13.72197151184082,0.8280031681060791,0.24783217906951904,1.0,0.76220703125,0.2904910743236542,0.06756591796875,0.2283935546875,0.01148223876953125,3.125744104385376,0.36474040150642395,0.12200927734375,0.025588808581233025,0.19479456543922424,0.004251335747539997,0.25397157669067383
obj_0147,123,c3_lhl,13.573118448257446,0.8283880352973938,0.23742598295211792,7.884427905082703,0.45826560258865356,0.2835444509983063,26.72701120376587,9.71664011478424,0.48392391204833984,0.4647403061389923,13.731387853622437,0.8359695672988892,0.21850702166557312,13.573118448257446,0.8283880352973938,0.23742598295211792,1.0,0.75634765625,0.23417045176029205,0.06817626953125,0.22802734375,0.0139617919921875,3.4832006295522056,0.3426119089126587,0.139892578125,0.025588808581233025,0.19479456543922424,0.004251335747539997,0.25397157669067383
obj_0148,124,fixed_mean,13.275299072265625,0.8099334836006165,0.24806345999240875,7.291337251663208,0.4275938868522644,0.2803650498390198,26.68117046356201,10.10519027709961,0.5156318545341492,0.43148374557495117,13.427939414978027,0.8282943964004517,0.22932729125022888,13.066818714141846,0.8022089600563049,0.26111167669296265,0.953125,0.80615234375,0.4208255112171173,0.0823974609375,0.285888671875,0.01690673828125,3.7118122577667236,0.3739162087440491,0.1580810546875,0.0882837250828743,0.21110756695270538,0.0057845995761454105,0.2667091488838196
obj_0148,124,hll,12.594311237335205,0.7845780849456787,0.25347456336021423,6.653780937194824,0.3852894604206085,0.2858618497848511,24.934251308441162,9.220496416091919,0.4864291548728943,0.38805267214775085,12.790383100509644,0.8165053129196167,0.2334890067577362,12.385965585708618,0.7757030129432678,0.2661539614200592,0.953125,0.8369140625,0.40650853514671326,0.0732421875,0.2666015625,0.0186614990234375,3.5064398447672525,0.3742588758468628,0.1629638671875,0.0882837250828743,0.21110756695270538,0.0057845995761454105,0.2667091488838196
obj_0148,124,llh,13.93700361251831,0.8290929198265076,0.24433857202529907,7.9261791706085205,0.4514506161212921,0.27048560976982117,28.170127868652344,11.019433736801147,0.5405868887901306,0.45381906628608704,14.062782526016235,0.8396115899085999,0.22388194501399994,13.728513717651367,0.8215792179107666,0.2579571008682251,0.953125,0.7783203125,0.4374159574508667,0.08160400390625,0.281982421875,0.01404571533203125,3.6299577554066977,0.3729943037033081,0.1466064453125,0.0882837250828743,0.21110756695270538,0.0057845995761454105,0.2667091488838196
obj_0148,124,c3_lhl,13.86189341545105,0.8290967345237732,0.24125060439109802,7.920530438423157,0.4460870027542114,0.26803553104400635,26.219909191131592,10.307860374450684,0.5129302144050598,0.4523158073425293,14.057133197784424,0.8382141590118408,0.22138459980487823,13.653392791748047,0.8207538723945618,0.2535950243473053,0.953125,0.7685546875,0.3851001262664795,0.08319091796875,0.2919921875,0.0164794921875,4.095956484476726,0.3551020324230194,0.1649169921875,0.0882837250828743,0.21110756695270538,0.0057845995761454105,0.2667091488838196
obj_0149,125,fixed_mean,14.466439485549927,0.8266768455505371,0.17172381281852722,6.330003142356873,0.22817425429821014,0.16831296682357788,19.99511957168579,7.803823351860046,0.3804634213447571,0.22223852574825287,15.702123641967773,0.9002087712287903,0.12717510759830475,14.031518697738647,0.814243495464325,0.18965403735637665,0.90234375,0.765625,0.425744891166687,0.048858642578125,0.517578125,0.037384033203125,4.128633499145508,0.3267741799354553,0.268310546875,0.019589101895689964,0.5261200666427612,0.02702915668487549,0.3162422776222229
obj_0149,125,hll,13.664191961288452,0.8197463154792786,0.18569448590278625,5.8212608098983765,0.18954241275787354,0.17330825328826904,18.40631127357483,7.034950852394104,0.3504027724266052,0.1830841600894928,15.193381309509277,0.8954601287841797,0.12915927171707153,13.241209983825684,0.806506872177124,0.20445293188095093,0.90234375,0.7783203125,0.39101168513298035,0.046295166015625,0.469970703125,0.039215087890625,3.278210719426473,0.32411789894104004,0.2783203125,0.019589101895689964,0.5261200666427612,0.02702915668487549,0.3162422776222229
obj_0149,125,llh,15.390366315841675,0.8271691203117371,0.16345086693763733,7.054015398025513,0.2582252025604248,0.1609089970588684,21.589879989624023,8.858561515808105,0.4095170795917511,0.24901030957698822,16.426135301589966,0.9063155055046082,0.1250186413526535,14.950071573257446,0.8153060674667358,0.18347306549549103,0.90234375,0.7421875,0.4555044174194336,0.049835205078125,0.51513671875,0.0318603515625,4.584427197774251,0.3310544192790985,0.2464599609375,0.019589101895689964,0.5261200666427612,0.02702915668487549,0.3162422776222229
obj_0149,125,c3_lhl,14.824334383010864,0.8311819434165955,0.17679700255393982,6.701833605766296,0.24191412329673767,0.1684982180595398,20.310945510864258,7.971096634864807,0.37643420696258545,0.24289023876190186,16.073954105377197,0.9030390977859497,0.12965334951877594,14.382303953170776,0.8187437057495117,0.19509409368038177,0.90234375,0.7373046875,0.4113009572029114,0.044403076171875,0.515625,0.038604736328125,4.220385392506917,0.31771016120910645,0.282470703125,0.019589101895689964,0.5261200666427612,0.02702915668487549,0.3162422776222229
obj_0150,126,fixed_mean,11.756750345230103,0.8089134693145752,0.24848999083042145,6.492841839790344,0.43967899680137634,0.2954915165901184,25.74086904525757,9.347827434539795,0.49901285767555237,0.44748979806900024,11.881892681121826,0.8188915848731995,0.22097371518611908,11.756750345230103,0.8089134693145752,0.24848999083042145,1.0,0.75146484375,0.41280773282051086,0.034027099609375,0.251220703125,0.01311492919921875,3.314783493677775,0.3752749562263489,0.131103515625,0.01141293253749609,0.15140743553638458,0.0057334937155246735,0.2746817469596863
obj_0150,126,hll,10.637671947479248,0.781529426574707,0.26287907361984253,5.383117198944092,0.368902325630188,0.31104129552841187,24.31340217590332,8.066499829292297,0.46199509501457214,0.37438759207725525,10.772168636322021,0.7926737070083618,0.23620650172233582,10.637671947479248,0.781529426574707,0.26287907361984253,1.0,0.81494140625,0.3949415385723114,0.03997802734375,0.2374267578125,0.01560211181640625,3.179743925730387,0.3778795897960663,0.1458740234375,0.01141293253749609,0.15140743553638458,0.0057334937155246735,0.2746817469596863
obj_0150,126,llh,12.566169500350952,0.8218157887458801,0.25345200300216675,7.279549837112427,0.47463059425354004,0.2912873923778534,27.408711910247803,10.424470901489258,0.5262740850448608,0.48263320326805115,12.668600082397461,0.830837070941925,0.22166019678115845,12.566169500350952,0.8218157887458801,0.25345200300216675,1.0,0.708984375,0.4191632568836212,0.037384033203125,0.25537109375,0.0111541748046875,3.4285088380177817,0.3693968653678894,0.12469482421875,0.01141293253749609,0.15140743553638458,0.0057334937155246735,0.2746817469596863
obj_0150,126,c3_lhl,12.722108364105225,0.8298770189285278,0.2525300085544586,7.472449541091919,0.506110429763794,0.2950402498245239,26.24495267868042,9.915068745613098,0.5089570879936218,0.5189048051834106,12.861500978469849,0.8400103449821472,0.22387537360191345,12.722108364105225,0.8298770189285278,0.2525300085544586,1.0,0.6962890625,0.38396501541137695,0.03997802734375,0.249267578125,0.01210784912109375,3.821695327758789,0.3582012951374054,0.129638671875,0.01141293253749609,0.15140743553638458,0.0057334937155246735,0.2746817469596863
obj_0151,127,fixed_mean,14.865769147872925,0.829516589641571,0.19691607356071472,8.581615090370178,0.5006760358810425,0.2622985243797302,25.462462902069092,8.931112885475159,0.5542775392532349,0.5011213421821594,15.171847343444824,0.8701786994934082,0.18194833397865295,14.69910740852356,0.8246389627456665,0.20519259572029114,0.9622395833333334,0.79931640625,0.5664506554603577,0.0399169921875,0.190185546875,0.0126953125,3.5901616414388022,0.3931872248649597,0.1116943359375,0.016640322282910347,0.19801324605941772,0.0073119597509503365,0.2692795395851135
obj_0151,127,hll,13.709027767181396,0.8039169311523438,0.21874591708183289,7.533483505249023,0.42624449729919434,0.2763397693634033,23.04037094116211,7.961523532867432,0.5310454964637756,0.4243941903114319,14.123716354370117,0.849056601524353,0.1885368376970291,13.542712926864624,0.797944188117981,0.22767594456672668,0.9622395833333334,0.841796875,0.5626827478408813,0.042205810546875,0.1787109375,0.01297760009765625,3.5421651204427085,0.38242271542549133,0.11279296875,0.016640322282910347,0.19801324605941772,0.0073119597509503365,0.2692795395851135
obj_0151,127,llh,15.525656938552856,0.8380077481269836,0.19450703263282776,9.207350015640259,0.536897599697113,0.2538657784461975,26.6192889213562,9.918598532676697,0.5752527713775635,0.5380224585533142,15.797581672668457,0.8794878721237183,0.18049730360507965,15.358954668045044,0.8337180018424988,0.20273174345493317,0.9622395833333334,0.775390625,0.5795050263404846,0.04058837890625,0.181396484375,0.0101470947265625,3.036496718724569,0.3887495696544647,0.10467529296875,0.016640322282910347,0.19801324605941772,0.0073119597509503365,0.2692795395851135
obj_0151,127,c3_lhl,15.144160985946655,0.8441464304924011,0.20706196129322052,8.95514726638794,0.5251131653785706,0.2597957253456116,24.612269401550293,9.057934284210205,0.5663959383964539,0.5267617106437683,15.545378923416138,0.8757680058479309,0.18052621185779572,14.977072477340698,0.8391847610473633,0.21570232510566711,0.9622395833333334,0.7841796875,0.5427564382553101,0.043121337890625,0.1976318359375,0.01345062255859375,3.8546302318573,0.3795185685157776,0.11956787109375,0.016640322282910347,0.19801324605941772,0.0073119597509503365,0.2692795395851135
obj_0152,128,fixed_mean,13.391356468200684,0.8437883853912354,0.3069430887699127,8.707563877105713,0.6116797924041748,0.3359062373638153,28.033766746520996,11.14274263381958,0.5320552587509155,0.6260936260223389,13.492082357406616,0.8510855436325073,0.29295942187309265,13.391356468200684,0.8437883853912354,0.3069430887699127,1.0,0.6689453125,0.38278472423553467,0.05047607421875,0.18798828125,0.00998687744140625,3.3062724272410073,0.3561341166496277,0.11279296875,0.020510096102952957,0.12837988138198853,0.002741163596510887,0.24506591260433197
obj_0152,128,hll,12.311543226242065,0.8257420063018799,0.31699416041374207,7.646026611328125,0.5690543055534363,0.3425939977169037,26.238901615142822,9.901756048202515,0.505933403968811,0.5826438665390015,12.430546283721924,0.8337693810462952,0.30113786458969116,12.311543226242065,0.8257420063018799,0.31699416041374207,1.0,0.7177734375,0.36344918608665466,0.047637939453125,0.1842041015625,0.01216888427734375,3.4273123741149902,0.3640285134315491,0.12261962890625,0.020510096102952957,0.12837988138198853,0.002741163596510887,0.24506591260433197
obj_0152,128,llh,14.283267259597778,0.8558750152587891,0.3020922839641571,9.576705694198608,0.6379006505012512,0.32870960235595703,30.027146339416504,12.352759838104248,0.570438027381897,0.650677502155304,14.361225366592407,0.8627576231956482,0.28874218463897705,14.283267259597778,0.8558750152587891,0.3020922839641571,1.0,0.63427734375,0.401069313287735,0.051788330078125,0.1767578125,0.007663726806640625,2.8808350563049316,0.35403522849082947,0.09979248046875,0.020510096102952957,0.12837988138198853,0.002741163596510887,0.24506591260433197
obj_0152,128,c3_lhl,14.138351678848267,0.8555325269699097,0.30255579948425293,9.483904838562012,0.6389033794403076,0.3314684331417084,27.68493413925171,11.449902057647705,0.5252049565315247,0.6548277139663696,14.26842451095581,0.8632411956787109,0.28622281551361084,14.138351678848267,0.8555325269699097,0.30255579948425293,1.0,0.62890625,0.35867777466773987,0.051910400390625,0.18896484375,0.0100860595703125,3.6886414686838784,0.34359824657440186,0.11590576171875,0.020510096102952957,0.12837988138198853,0.002741163596510887,0.24506591260433197
obj_0153,129,fixed_mean,13.750385046005249,0.8187950849533081,0.16230903565883636,6.539837121963501,0.3337932527065277,0.2066686451435089,25.515036582946777,8.60145390033722,0.5325305461883545,0.3302117884159088,13.994412422180176,0.86468505859375,0.1440165936946869,13.550781011581421,0.8126840591430664,0.17153562605381012,0.9544270833333334,0.8193359375,0.39668819308280945,0.04669189453125,0.2213134765625,0.018218994140625,3.6245243549346924,0.43060538172721863,0.11468505859375,0.022151075303554535,0.2565097212791443,0.007533205207437277,0.27891767024993896
obj_0153,129,hll,13.006969690322876,0.8083366751670837,0.18094497919082642,5.861327648162842,0.2846013009548187,0.21624372899532318,23.779451847076416,7.475699782371521,0.4853583574295044,0.28131917119026184,13.315902948379517,0.8535919785499573,0.15187186002731323,12.808886766433716,0.8015834093093872,0.19076034426689148,0.9544270833333334,0.8486328125,0.3666667938232422,0.04742431640625,0.2022705078125,0.020904541015625,3.4401567776997886,0.44135361909866333,0.1160888671875,0.022151075303554535,0.2565097212791443,0.007533205207437277,0.27891767024993896
obj_0153,129,llh,14.401954412460327,0.8229408860206604,0.15312516689300537,7.144368290901184,0.3727397322654724,0.19914138317108154,27.073235511779785,9.844688773155212,0.5671697854995728,0.36832571029663086,14.598944187164307,0.8729923367500305,0.13805480301380157,14.201617240905762,0.8171954154968262,0.1621672809123993,0.9544270833333334,0.7939453125,0.41922134160995483,0.045318603515625,0.215087890625,0.0140533447265625,3.250776449839274,0.4130967855453491,0.10662841796875,0.022151075303554535,0.2565097212791443,0.007533205207437277,0.27891767024993896
obj_0153,129,c3_lhl,14.219987392425537,0.823379635810852,0.16530701518058777,7.007912993431091,0.35599973797798157,0.19993959367275238,26.011130809783936,8.806751370429993,0.5298106670379639,0.3541947901248932,14.462488889694214,0.8704835772514343,0.13827961683273315,14.018692970275879,0.8174759745597839,0.17491376399993896,0.9544270833333334,0.79833984375,0.37665820121765137,0.04461669921875,0.238037109375,0.0206451416015625,4.006987015406291,0.41728782653808594,0.12548828125,0.022151075303554535,0.2565097212791443,0.007533205207437277,0.27891767024993896
obj_0154,130,fixed_mean,13.706802129745483,0.8332395553588867,0.22149574756622314,7.793421149253845,0.47214168310165405,0.2609289884567261,23.608968257904053,9.486242532730103,0.4951359033584595,0.47844287753105164,14.060043096542358,0.8589551448822021,0.1893140822649002,13.48049521446228,0.8262039422988892,0.23501867055892944,0.94921875,0.7353515625,0.3571309745311737,0.037384033203125,0.256591796875,0.0128021240234375,3.513631582260132,0.35397055745124817,0.138427734375,0.02087997831404209,0.18021942675113678,0.0040034945122897625,0.2646503150463104
obj_0154,130,hll,12.553495168685913,0.7931396961212158,0.23197486996650696,6.678339242935181,0.4303213059902191,0.2728085517883301,22.02827215194702,8.293388485908508,0.462830126285553,0.4362933337688446,12.944961786270142,0.8424099087715149,0.19694188237190247,12.3275625705719,0.7847268581390381,0.2470303475856781,0.94921875,0.7861328125,0.3520742952823639,0.042449951171875,0.239990234375,0.013824462890625,3.2091734409332275,0.3604993224143982,0.1463623046875,0.02087997831404209,0.18021942675113678,0.0040034945122897625,0.2646503150463104
obj_0154,130,llh,14.692010879516602,0.8561989068984985,0.22019237279891968,8.72789442539215,0.5107654929161072,0.2552050054073334,25.24251937866211,10.703023672103882,0.5273557901382446,0.5160195231437683,14.994516372680664,0.8708927035331726,0.1883016675710678,14.465680122375488,0.849037230014801,0.23354342579841614,0.94921875,0.6953125,0.3645510971546173,0.036956787109375,0.244873046875,0.01076507568359375,3.4140888849894204,0.3484589159488678,0.1270751953125,0.02087997831404209,0.18021942675113678,0.0040034945122897625,0.2646503150463104
obj_0154,130,c3_lhl,14.82203483581543,0.8617872595787048,0.2168577015399933,9.021800756454468,0.5305541753768921,0.2525774836540222,23.573122024536133,10.106688737869263,0.5016734004020691,0.542075514793396,15.288423299789429,0.8766574859619141,0.18155354261398315,14.595698118209839,0.8544268608093262,0.23161238431930542,0.94921875,0.6748046875,0.3358353078365326,0.03668212890625,0.2421875,0.01154327392578125,3.737746238708496,0.33977606892585754,0.13525390625,0.02087997831404209,0.18021942675113678,0.0040034945122897625,0.2646503150463104
obj_0155,131,fixed_mean,16.02476477622986,0.830938458442688,0.1763736605644226,8.62498939037323,0.3750676214694977,0.1957552284002304,26.134729385375977,10.369770526885986,0.5254583358764648,0.37739530205726624,16.392542123794556,0.8780900835990906,0.15300753712654114,15.91860055923462,0.8281978964805603,0.18566268682479858,0.9752604166666666,0.85107421875,0.3670782744884491,0.033172607421875,0.292236328125,0.0202484130859375,3.2975908120473227,0.35609227418899536,0.18798828125,0.016410458832979202,0.2920228838920593,0.008858039043843746,0.2916662096977234
obj_0155,131,hll,15.279080867767334,0.8128458857536316,0.19445107877254486,8.05968165397644,0.30824193358421326,0.20017892122268677,23.744478225708008,9.62904691696167,0.5016297101974487,0.30852219462394714,15.827233791351318,0.8595904111862183,0.1576809585094452,15.173649787902832,0.8098127841949463,0.20371828973293304,0.9752604166666666,0.86962890625,0.3385627567768097,0.03387451171875,0.2861328125,0.0233917236328125,2.6850541830062866,0.35379138588905334,0.1995849609375,0.016410458832979202,0.2920228838920593,0.008858039043843746,0.2916662096977234
obj_0155,131,llh,16.35640859603882,0.8334982395172119,0.17450721561908722,8.860599398612976,0.40698206424713135,0.19419381022453308,27.73320198059082,11.21884822845459,0.5655068159103394,0.4064168334007263,16.6281521320343,0.8852761387825012,0.1508128046989441,16.249433755874634,0.8307787179946899,0.1841108649969101,0.9752604166666666,0.8525390625,0.40302774310112,0.03277587890625,0.283447265625,0.01535797119140625,3.160531759262085,0.3623030185699463,0.1708984375,0.016410458832979202,0.2920228838920593,0.008858039043843746,0.2916662096977234
obj_0155,131,c3_lhl,16.472870111465454,0.841334342956543,0.18288317322731018,9.088875651359558,0.3974181115627289,0.19670066237449646,26.40815019607544,10.285425186157227,0.5185132622718811,0.40258607268333435,16.856428384780884,0.8860166668891907,0.15665876865386963,16.365134716033936,0.8387404084205627,0.19122450053691864,0.9752604166666666,0.8251953125,0.33424776792526245,0.034088134765625,0.30810546875,0.0220947265625,3.779855251312256,0.3423070013523102,0.200927734375,0.016410458832979202,0.2920228838920593,0.008858039043843746,0.2916662096977234
obj_0156,132,fixed_mean,14.976093769073486,0.8420360684394836,0.1660916805267334,6.192068457603455,0.22381523251533508,0.16119185090065002,21.48047685623169,6.807913780212402,0.3994208872318268,0.2126399427652359,15.94504714012146,0.9079998731613159,0.13051168620586395,14.469300508499146,0.8296413421630859,0.18228168785572052,0.88671875,0.8203125,0.4019373655319214,0.040130615234375,0.44970703125,0.0284423828125,4.024742046991984,0.3442942500114441,0.2142333984375,0.07360956072807312,0.3750142455101013,0.01612662896513939,0.2904622554779053
obj_0156,132,hll,14.002296924591064,0.8306958079338074,0.18374615907669067,5.493427515029907,0.1439637392759323,0.16665008664131165,19.55286145210266,5.922386646270752,0.3564351797103882,0.1299312859773636,15.246405601501465,0.9000279307365417,0.1356082260608673,13.51015329360962,0.8163042664527893,0.20033998787403107,0.88671875,0.8388671875,0.3725128471851349,0.0285186767578125,0.406005859375,0.033233642578125,2.841335932413737,0.3455699682235718,0.2286376953125,0.07360956072807312,0.3750142455101013,0.01612662896513939,0.2904622554779053
obj_0156,132,llh,16.078683137893677,0.8478829264640808,0.15530039370059967,7.11601197719574,0.2784859538078308,0.15725791454315186,23.381822109222412,8.041120171546936,0.44392335414886475,0.2648601830005646,16.86899185180664,0.9154243469238281,0.1271686851978302,15.56356430053711,0.8362818360328674,0.17031562328338623,0.88671875,0.79052734375,0.43502941727638245,0.047454833984375,0.46337890625,0.0265045166015625,4.508008003234863,0.3517720103263855,0.1953125,0.07360956072807312,0.3750142455101013,0.01612662896513939,0.2904622554779053
obj_0156,132,c3_lhl,15.552736520767212,0.8495112657546997,0.17122569680213928,6.817913055419922,0.27235451340675354,0.1597253680229187,21.865665912628174,7.237929105758667,0.4064476191997528,0.2698785066604614,16.57089114189148,0.9139917492866516,0.1302344799041748,15.036150217056274,0.8369820713996887,0.18629127740859985,0.88671875,0.78271484375,0.3899211287498474,0.0469970703125,0.463134765625,0.0301666259765625,4.388939539591472,0.33196231722831726,0.229248046875,0.07360956072807312,0.3750142455101013,0.01612662896513939,0.2904622554779053
obj_0157,133,fixed_mean,14.971745014190674,0.845264196395874,0.1628882735967636,6.567760705947876,0.31104350090026855,0.17781764268875122,21.231200695037842,7.724258303642273,0.4288870096206665,0.30551034212112427,15.993350744247437,0.9133030772209167,0.12129439413547516,14.625792503356934,0.8370984196662903,0.1763523519039154,0.921875,0.79541015625,0.3678991198539734,0.03375244140625,0.411376953125,0.0236663818359375,3.9541892210642495,0.355510950088501,0.1812744140625,0.015471153892576694,0.34297722578048706,0.0127717899158597,0.27757376432418823
obj_0157,133,hll,13.734962940216064,0.8316307067871094,0.17616423964500427,5.536785125732422,0.22809047996997833,0.18860986828804016,19.295809268951416,6.4846110343933105,0.37527480721473694,0.22110609710216522,14.962375164031982,0.9012898206710815,0.1289445459842682,13.395525217056274,0.8223796486854553,0.1875203400850296,0.921875,0.83837890625,0.33761462569236755,0.035614013671875,0.3759765625,0.0266571044921875,3.3862146536509194,0.35999369621276855,0.19287109375,0.015471153892576694,0.34297722578048706,0.0127717899158597,0.27757376432418823
obj_0157,133,llh,16.0125732421875,0.8497032523155212,0.1545691043138504,7.45119571685791,0.36584338545799255,0.16945864260196686,22.922797203063965,9.120577573776245,0.47747501730918884,0.355775386095047,16.87678575515747,0.9211112260818481,0.11760801076889038,15.664100646972656,0.8421711325645447,0.16746802628040314,0.921875,0.76025390625,0.4127746522426605,0.0350341796875,0.40234375,0.0192718505859375,4.11310354868571,0.3516312539577484,0.1630859375,0.015471153892576694,0.34297722578048706,0.0127717899158597,0.27757376432418823
obj_0157,133,c3_lhl,15.457957983016968,0.8543901443481445,0.16036631166934967,7.195181250572205,0.351472944021225,0.17376598715782166,21.222786903381348,7.916497588157654,0.42941024899482727,0.3550514578819275,16.620771884918213,0.9189605712890625,0.11880282312631607,15.107085704803467,0.8467121720314026,0.17355512082576752,0.921875,0.7646484375,0.3590392768383026,0.03643798828125,0.4072265625,0.0236053466796875,4.188196976979573,0.3448672592639923,0.188720703125,0.015471153892576694,0.34297722578048706,0.0127717899158597,0.27757376432418823
obj_0158,134,fixed_mean,14.810543060302734,0.7814518809318542,0.20344243943691254,8.751708269119263,0.4678260087966919,0.22701218724250793,27.939703464508057,10.668259859085083,0.5685349106788635,0.47053754329681396,14.974464178085327,0.8212840557098389,0.1820347011089325,14.810543060302734,0.7814518809318542,0.20344243943691254,1.0,0.8623046875,0.42012158036231995,0.09893798828125,0.25146484375,0.0162353515625,3.0477479298909507,0.3786660134792328,0.1502685546875,0.04372735321521759,0.2616086006164551,0.00792876910418272,0.28729140758514404
obj_0158,134,hll,14.35260534286499,0.7663237452507019,0.20602352917194366,8.320671916007996,0.4433160722255707,0.22484855353832245,26.83516502380371,9.96997356414795,0.5442453622817993,0.4461071789264679,14.543428421020508,0.808567464351654,0.18558341264724731,14.35260534286499,0.7663237452507019,0.20602352917194366,1.0,0.87890625,0.405895859003067,0.09423828125,0.2349853515625,0.018157958984375,2.6903207302093506,0.3708364963531494,0.1580810546875,0.04372735321521759,0.2616086006164551,0.00792876910418272,0.28729140758514404
obj_0158,134,llh,15.262199640274048,0.7954426407814026,0.20679578185081482,9.183651208877563,0.48209208250045776,0.22818000614643097,28.93799066543579,11.386762857437134,0.5903657674789429,0.4835723340511322,15.406407117843628,0.834391176700592,0.18307246267795563,15.262199640274048,0.7954426407814026,0.20679578185081482,1.0,0.84716796875,0.43079668283462524,0.093994140625,0.2469482421875,0.01345062255859375,2.9967068831125894,0.3809947073459625,0.1407470703125,0.04372735321521759,0.2616086006164551,0.00792876910418272,0.28729140758514404
obj_0158,134,c3_lhl,15.147367715835571,0.8021624088287354,0.20174354314804077,9.102405309677124,0.4687059819698334,0.22223906219005585,27.93060064315796,10.505800247192383,0.5582950115203857,0.4729110598564148,15.325161218643188,0.8328583836555481,0.18000228703022003,15.147367715835571,0.8021624088287354,0.20174354314804077,1.0,0.845703125,0.4096084237098694,0.09527587890625,0.25732421875,0.0171966552734375,3.4024991194407144,0.37308865785598755,0.155517578125,0.04372735321521759,0.2616086006164551,0.00792876910418272,0.28729140758514404
obj_0159,135,fixed_mean,12.36869215965271,0.7889687418937683,0.22654634714126587,5.620267987251282,0.2498111128807068,0.2374390959739685,22.35067129135132,7.367885708808899,0.3601742386817932,0.24814119935035706,12.73507833480835,0.8387559056282043,0.20180080831050873,12.248536348342896,0.7847014665603638,0.23904064297676086,0.97265625,0.8349609375,0.2616756856441498,0.0338134765625,0.2763671875,0.0171051025390625,2.930970033009847,0.36467039585113525,0.1695556640625,0.017379337921738625,0.32187485694885254,0.01284603402018547,0.2693842947483063
obj_0159,135,hll,11.68649673461914,0.7747900485992432,0.2389335185289383,4.998529255390167,0.2096668779850006,0.2454732358455658,21.034963130950928,6.659661531448364,0.33821406960487366,0.20718204975128174,12.113339900970459,0.8265181183815002,0.20857857167720795,11.566696166992188,0.7700891494750977,0.24788585305213928,0.97265625,0.8623046875,0.25079256296157837,0.040802001953125,0.266845703125,0.01806640625,2.6676528453826904,0.362859845161438,0.1810302734375,0.017379337921738625,0.32187485694885254,0.01284603402018547,0.2693842947483063
obj_0159,135,llh,13.12587022781372,0.8165085315704346,0.23099422454833984,6.345555782318115,0.2990299165248871,0.23912179470062256,23.487606048583984,8.290175795555115,0.39683768153190613,0.2968243956565857,13.46036672592163,0.849762499332428,0.20011726021766663,13.005537986755371,0.8127201795578003,0.24350598454475403,0.97265625,0.7998046875,0.2805529534816742,0.036895751953125,0.284423828125,0.0156707763671875,3.3699347178141275,0.36555084586143494,0.15673828125,0.017379337921738625,0.32187485694885254,0.01284603402018547,0.2693842947483063
obj_0159,135,c3_lhl,13.147506713867188,0.8157739639282227,0.22264662384986877,6.446385383605957,0.30266356468200684,0.22824347019195557,22.625439167022705,8.059441447257996,0.37824344635009766,0.30564117431640625,13.561195135116577,0.8510138392448425,0.19301700592041016,13.027126789093018,0.811575710773468,0.23319017887115479,0.97265625,0.78564453125,0.25538715720176697,0.035797119140625,0.28369140625,0.0165252685546875,3.3930935859680176,0.3504379987716675,0.1708984375,0.017379337921738625,0.32187485694885254,0.01284603402018547,0.2693842947483063
obj_0160,136,fixed_mean,12.789527177810669,0.8327473402023315,0.21577483415603638,6.1962890625,0.47492337226867676,0.25619763135910034,31.79471492767334,10.851006507873535,0.5480149984359741,0.4797973930835724,12.832499742507935,0.8621366620063782,0.20748676359653473,12.362359762191772,0.8203155994415283,0.23300500214099884,0.90625,0.76953125,0.33706769347190857,0.052093505859375,0.239990234375,0.0115814208984375,3.048748334248861,0.35895836353302,0.142578125,0.004647601395845413,0.13656124472618103,0.002477447735145688,0.2472257912158966
obj_0160,136,hll,11.533658504486084,0.7953980565071106,0.22671079635620117,4.975248575210571,0.37907207012176514,0.26607948541641235,27.978265285491943,9.431483149528503,0.5015158653259277,0.38239920139312744,11.611460447311401,0.8342884182929993,0.21626964211463928,11.107800006866455,0.7792649269104004,0.24364419281482697,0.90625,0.83154296875,0.31919410824775696,0.05609130859375,0.23828125,0.01385498046875,2.918407678604126,0.3594585061073303,0.1600341796875,0.004647601395845413,0.13656124472618103,0.002477447735145688,0.2472257912158966
obj_0160,136,llh,13.739590644836426,0.8694868087768555,0.21427461504936218,7.133111357688904,0.529712975025177,0.25227290391921997,34.3379020690918,12.140588760375977,0.5934247970581055,0.533502459526062,13.769322633743286,0.8777092099189758,0.2042153924703598,13.312102556228638,0.858997642993927,0.23218895494937897,0.90625,0.72412109375,0.3612750768661499,0.053802490234375,0.230224609375,0.0095367431640625,2.911969025929769,0.36072590947151184,0.126220703125,0.004647601395845413,0.13656124472618103,0.002477447735145688,0.2472257912158966
obj_0160,136,c3_lhl,13.775230646133423,0.8732444047927856,0.21391120553016663,7.20014214515686,0.5249115228652954,0.24678738415241241,31.25945806503296,11.344377994537354,0.5452139377593994,0.5340778827667236,13.836352825164795,0.8785461783409119,0.1994956135749817,13.347713947296143,0.8607334494590759,0.23074081540107727,0.90625,0.71484375,0.30359891057014465,0.04949951171875,0.24267578125,0.01122283935546875,3.6550565560658774,0.340617835521698,0.1439208984375,0.004647601395845413,0.13656124472618103,0.002477447735145688,0.2472257912158966
obj_0161,137,fixed_mean,13.854914903640747,0.8521057367324829,0.14817088842391968,4.6212658286094666,0.2502892017364502,0.1566457450389862,27.85881519317627,10.620619058609009,0.5960034728050232,0.23850396275520325,14.010528326034546,0.8992219567298889,0.12842798233032227,13.55503797531128,0.8456767201423645,0.1615089476108551,0.931640625,0.87939453125,0.6096154451370239,0.03582763671875,0.36669921875,0.03204345703125,2.955129384994507,0.40873783826828003,0.186767578125,0.01782480627298355,0.29891592264175415,0.013170911930501461,0.27020254731178284
obj_0161,137,hll,13.461954593658447,0.8447664976119995,0.15047259628772736,4.3420714139938354,0.18490032851696014,0.15625840425491333,25.13909339904785,10.233386754989624,0.5700473189353943,0.17132629454135895,13.731334209442139,0.8932738900184631,0.12701727449893951,13.168884515762329,0.8380793333053589,0.16217416524887085,0.931640625,0.8828125,0.6202751994132996,0.0260162353515625,0.337890625,0.03399658203125,2.1342482964197793,0.41148123145103455,0.19189453125,0.01782480627298355,0.29891592264175415,0.013170911930501461,0.27020254731178284
obj_0161,137,llh,14.259508848190308,0.8524615168571472,0.14905712008476257,4.964454472064972,0.27310237288475037,0.1539212465286255,30.4124116897583,11.278237104415894,0.61644446849823,0.2599978446960449,14.353716373443604,0.9059412479400635,0.12959377467632294,13.955638408660889,0.8462913632392883,0.16139940917491913,0.931640625,0.8662109375,0.6282498836517334,0.03619384765625,0.37744140625,0.0259857177734375,3.5279507637023926,0.40339016914367676,0.1795654296875,0.01782480627298355,0.29891592264175415,0.013170911930501461,0.27020254731178284
obj_0161,137,c3_lhl,14.32242751121521,0.8555074334144592,0.15614521503448486,5.0434839725494385,0.2877339720726013,0.15867385268211365,29.797720909118652,10.791412591934204,0.5909765958786011,0.28058895468711853,14.432746171951294,0.9058456420898438,0.13468560576438904,14.017378091812134,0.8490052819252014,0.1702067106962204,0.931640625,0.857421875,0.6134827733039856,0.04193115234375,0.38134765625,0.035186767578125,3.7090015411376953,0.40058621764183044,0.194580078125,0.01782480627298355,0.29891592264175415,0.013170911930501461,0.27020254731178284
obj_0162,138,fixed_mean,13.60418438911438,0.8388193249702454,0.18096213042736053,5.792093276977539,0.4094890058040619,0.21274928748607635,27.07369327545166,10.434509515762329,0.5552192330360413,0.4118427336215973,13.77162218093872,0.884503185749054,0.16550059616565704,13.60418438911438,0.8388193249702454,0.18096213042736053,1.0,0.771484375,0.3634878396987915,0.06463623046875,0.271484375,0.015777587890625,3.404423634211222,0.3682580888271332,0.154296875,0.03289598599076271,0.15280567109584808,0.004311403259634972,0.2568351924419403
obj_0162,138,hll,12.609795331954956,0.8232915997505188,0.19478794932365417,4.856224358081818,0.33215823769569397,0.22488471865653992,24.806602001190186,9.245235919952393,0.5219137668609619,0.3331466317176819,12.83575177192688,0.8688624501228333,0.17486053705215454,12.609795331954956,0.8232915997505188,0.19478794932365417,1.0,0.81591796875,0.3399558663368225,0.07183837890625,0.27001953125,0.019287109375,3.260861873626709,0.37143373489379883,0.1708984375,0.03289598599076271,0.15280567109584808,0.004311403259634972,0.2568351924419403
obj_0162,138,llh,14.447498321533203,0.8427265286445618,0.17711399495601654,6.580063700675964,0.4450122117996216,0.20490100979804993,29.63219404220581,11.67566180229187,0.6015431880950928,0.44403812289237976,14.559592008590698,0.8937338590621948,0.1634523570537567,14.447498321533203,0.8427265286445618,0.17711399495601654,1.0,0.7412109375,0.3863462507724762,0.06512451171875,0.26904296875,0.01213836669921875,3.354806661605835,0.3664102852344513,0.13525390625,0.03289598599076271,0.15280567109584808,0.004311403259634972,0.2568351924419403
obj_0162,138,c3_lhl,14.27735686302185,0.850055992603302,0.17969867587089539,6.438930630683899,0.4403791129589081,0.20522180199623108,28.476924896240234,10.553973913192749,0.5443073511123657,0.446607381105423,14.418460130691528,0.8934817910194397,0.15857553482055664,14.27735686302185,0.850055992603302,0.17969867587089539,1.0,0.7431640625,0.3354856073856354,0.05633544921875,0.26708984375,0.0161895751953125,3.7051289876302085,0.35595858097076416,0.1607666015625,0.03289598599076271,0.15280567109584808,0.004311403259634972,0.2568351924419403
obj_0163,139,fixed_mean,12.88356065750122,0.8411814570426941,0.22522573173046112,7.233691215515137,0.5090959072113037,0.28226006031036377,30.80754041671753,11.247844696044922,0.5593132972717285,0.5151773691177368,12.93506383895874,0.8459710478782654,0.21367576718330383,12.866562604904175,0.840558648109436,0.23020406067371368,0.99609375,0.7470703125,0.35691723227500916,0.03936767578125,0.210693359375,0.01216888427734375,2.840238889058431,0.3644410967826843,0.1295166015625,0.011544312350451946,0.14437955617904663,0.002728832885622978,0.2520763576030731
obj_0163,139,hll,11.7855966091156,0.8134849667549133,0.24322998523712158,6.162986159324646,0.4379649758338928,0.30193549394607544,27.87830352783203,9.740700721740723,0.5185794830322266,0.44328948855400085,11.864359378814697,0.8197298049926758,0.23190975189208984,11.768598556518555,0.8127545118331909,0.24891480803489685,0.99609375,0.7998046875,0.32198241353034973,0.048370361328125,0.2176513671875,0.015625,3.1281046072642007,0.36063849925994873,0.149169921875,0.011544312350451946,0.14437955617904663,0.002728832885622978,0.2520763576030731
obj_0163,139,llh,14.027369022369385,0.8576653599739075,0.22802619636058807,8.361670970916748,0.5590987801551819,0.276083379983902,33.53819131851196,12.864869832992554,0.6036307215690613,0.5641999244689941,14.063044786453247,0.8618987202644348,0.21323323249816895,14.010372161865234,0.8571079969406128,0.23288148641586304,0.99609375,0.69384765625,0.38400477170944214,0.045196533203125,0.2088623046875,0.0096588134765625,3.01312526067098,0.3614584505558014,0.114501953125,0.011544312350451946,0.14437955617904663,0.002728832885622978,0.2520763576030731
obj_0163,139,c3_lhl,13.973981142044067,0.8598154783248901,0.22199496626853943,8.351368308067322,0.5600612759590149,0.27559196949005127,30.066850185394287,11.693179607391357,0.5545075535774231,0.5699362754821777,14.052741527557373,0.8651588559150696,0.2081635594367981,13.956983089447021,0.8592657446861267,0.22772464156150818,0.99609375,0.685546875,0.31842729449272156,0.038818359375,0.2064208984375,0.01218414306640625,3.1660316785176597,0.344377338886261,0.133544921875,0.011544312350451946,0.14437955617904663,0.002728832885622978,0.2520763576030731
obj_0164,140,fixed_mean,12.626938819885254,0.8242418169975281,0.20245316624641418,5.31069815158844,0.3728293776512146,0.25185996294021606,26.4968204498291,8.534497022628784,0.49357080459594727,0.37358927726745605,12.775672674179077,0.8692864179611206,0.1816352903842926,12.162878513336182,0.8103801012039185,0.22742295265197754,0.8984375,0.81591796875,0.3841361105442047,0.0372314453125,0.252197265625,0.0170135498046875,3.031517664591471,0.36352184414863586,0.14990234375,0.006077165715396404,0.1441381275653839,0.0038464353419840336,0.24601367115974426
obj_0164,140,hll,11.711313724517822,0.803425669670105,0.21432581543922424,4.461332857608795,0.276144802570343,0.26057079434394836,24.013948440551758,7.273283004760742,0.44727033376693726,0.27415162324905396,11.926307678222656,0.8502852320671082,0.18793973326683044,11.249499320983887,0.7874661087989807,0.23715567588806152,0.8984375,0.8583984375,0.36408206820487976,0.037445068359375,0.23583984375,0.020751953125,2.772954225540161,0.37001827359199524,0.1585693359375,0.006077165715396404,0.1441381275653839,0.0038464353419840336,0.24601367115974426
obj_0164,140,llh,13.342703580856323,0.8490610718727112,0.19334566593170166,5.985366702079773,0.4358671307563782,0.24075205624103546,28.596606254577637,9.770858883857727,0.5421122908592224,0.43481433391571045,13.450342416763306,0.8820779323577881,0.1752442568540573,12.877906560897827,0.8379738330841064,0.2199915200471878,0.8984375,0.78466796875,0.41326549649238586,0.038482666015625,0.250732421875,0.012542724609375,3.1950341860453286,0.35796868801116943,0.135009765625,0.006077165715396404,0.1441381275653839,0.0038464353419840336,0.24601367115974426
obj_0164,140,c3_lhl,13.380458354949951,0.8558586239814758,0.19636347889900208,6.096959710121155,0.4345649480819702,0.2426331341266632,26.402547359466553,8.924956917762756,0.5026595592498779,0.44118762016296387,13.561934232711792,0.8831292390823364,0.17369365692138672,12.91543960571289,0.8432890772819519,0.22087126970291138,0.8984375,0.77197265625,0.35278889536857605,0.03680419921875,0.25,0.0175628662109375,3.3306572437286377,0.3503466844558716,0.1541748046875,0.006077165715396404,0.1441381275653839,0.0038464353419840336,0.24601367115974426
obj_0165,141,fixed_mean,13.972485065460205,0.8326699733734131,0.2284129410982132,8.01297128200531,0.46385088562965393,0.2588934898376465,26.332590579986572,9.819697141647339,0.5032421350479126,0.47133249044418335,14.167897701263428,0.8461955785751343,0.20355412364006042,13.67408275604248,0.822330117225647,0.24666422605514526,0.93359375,0.76123046875,0.32041603326797485,0.07830810546875,0.259521484375,0.0163116455078125,3.055507262547811,0.3560168147087097,0.1495361328125,0.04233326017856598,0.22053410112857819,0.006085564848035574,0.2744780480861664
obj_0165,141,hll,12.934472560882568,0.7906487584114075,0.2398507446050644,7.099505066871643,0.4304736256599426,0.26675868034362793,23.21483612060547,8.693592548370361,0.4655309319496155,0.4385072588920593,13.25443148612976,0.8334553241729736,0.20796813070774078,12.636648416519165,0.7793756127357483,0.2568320035934448,0.93359375,0.80078125,0.2900538444519043,0.0728759765625,0.23779296875,0.018463134765625,2.8280649979909263,0.35326087474823,0.162109375,0.04233326017856598,0.22053410112857819,0.006085564848035574,0.2744780480861664
obj_0165,141,llh,14.875680208206177,0.8450953364372253,0.223174586892128,8.859884142875671,0.46959903836250305,0.25056207180023193,28.683104515075684,11.021687984466553,0.5382077693939209,0.47363680601119995,15.01481294631958,0.8536186218261719,0.20298488438129425,14.577263593673706,0.8344203233718872,0.24275422096252441,0.93359375,0.7236328125,0.35201171040534973,0.07733154296875,0.259521484375,0.01338958740234375,3.2721409797668457,0.3600409924983978,0.1331787109375,0.04233326017856598,0.22053410112857819,0.006085564848035574,0.2744780480861664
obj_0165,141,c3_lhl,14.651802778244019,0.8478337526321411,0.22769562900066376,8.755838871002197,0.49465757608413696,0.25161680579185486,25.820589065551758,10.107351541519165,0.4961300790309906,0.5052697658538818,14.910765886306763,0.8581506013870239,0.19850963354110718,14.353382587432861,0.837051510810852,0.244684100151062,0.93359375,0.712890625,0.29603731632232666,0.07525634765625,0.2548828125,0.0165252685546875,3.211261590321859,0.3399257957935333,0.1558837890625,0.04233326017856598,0.22053410112857819,0.006085564848035574,0.2744780480861664
obj_0166,142,fixed_mean,13.930492401123047,0.8399956822395325,0.187336266040802,7.4030643701553345,0.5368469953536987,0.26388314366340637,26.203482151031494,8.840333819389343,0.5545580983161926,0.5392298698425293,14.138132333755493,0.8788449168205261,0.17229652404785156,13.757838010787964,0.8354141712188721,0.19543102383613586,0.9609375,0.80029296875,0.5498908162117004,0.045562744140625,0.1937255859375,0.01287841796875,3.5947982470194497,0.400193452835083,0.1109619140625,0.016151290386915207,0.12164118885993958,0.00500996271148324,0.2528317868709564
obj_0166,142,hll,12.811057567596436,0.8097384572029114,0.20870713889598846,6.3887810707092285,0.4428533613681793,0.27390143275260925,23.356645107269287,7.747542858123779,0.5213050246238708,0.4435071647167206,13.12384843826294,0.8546387553215027,0.1781090497970581,12.638840675354004,0.8038069605827332,0.21773500740528107,0.9609375,0.84521484375,0.5422811508178711,0.04547119140625,0.1810302734375,0.0138092041015625,3.5110780398050943,0.3963835835456848,0.11322021484375,0.016151290386915207,0.12164118885993958,0.00500996271148324,0.2528317868709564
obj_0166,142,llh,14.627684354782104,0.8546546101570129,0.18028400838375092,8.071861267089844,0.5840789675712585,0.2550245523452759,27.525217533111572,9.984797835350037,0.5814716815948486,0.5867198705673218,14.806928634643555,0.8909747004508972,0.16651573777198792,14.454920291900635,0.8508585691452026,0.18799787759780884,0.9609375,0.7724609375,0.5549386143684387,0.0457763671875,0.1878662109375,0.01064300537109375,3.127777338027954,0.39292970299720764,0.1036376953125,0.016151290386915207,0.12164118885993958,0.00500996271148324,0.2528317868709564
obj_0166,142,c3_lhl,14.312058687210083,0.857390284538269,0.2034803032875061,7.88294792175293,0.5711141228675842,0.26193666458129883,24.95021343231201,8.851337432861328,0.5564004778862,0.5755413174629211,14.618016481399536,0.8878476023674011,0.1729816198348999,14.139060974121094,0.8528038263320923,0.21201081573963165,0.9609375,0.77734375,0.5063883066177368,0.047027587890625,0.1988525390625,0.0148162841796875,3.878682851791382,0.38811326026916504,0.1221923828125,0.016151290386915207,0.12164118885993958,0.00500996271148324,0.2528317868709564
obj_0167,143,fixed_mean,13.487188816070557,0.8077074885368347,0.2315894365310669,7.787925601005554,0.4586847126483917,0.28441280126571655,29.369633197784424,10.646408796310425,0.5799886584281921,0.4594614803791046,13.570464849472046,0.8264649510383606,0.21243023872375488,13.487188816070557,0.8077074885368347,0.2315894365310669,1.0,0.81396484375,0.43359482288360596,0.06695556640625,0.25537109375,0.0157623291015625,3.5105555852254233,0.3749134838581085,0.1331787109375,0.030454635620117188,0.19286185503005981,0.0045198556035757065,0.25800371170043945
obj_0167,143,hll,12.751103639602661,0.7834866642951965,0.23440328240394592,7.076444625854492,0.42494550347328186,0.2918364107608795,27.521631717681885,9.383848309516907,0.5442352890968323,0.4260021448135376,12.858984470367432,0.8105506896972656,0.21719610691070557,12.751103639602661,0.7834866642951965,0.23440328240394592,1.0,0.84619140625,0.41554921865463257,0.0687255859375,0.2427978515625,0.018310546875,3.486262400945028,0.3727407455444336,0.1412353515625,0.030454635620117188,0.19286185503005981,0.0045198556035757065,0.25800371170043945
obj_0167,143,llh,13.935624361038208,0.818561315536499,0.23811712861061096,8.22758138179779,0.47323372960090637,0.2891826927661896,30.297605991363525,11.521083116531372,0.6061478853225708,0.47285178303718567,14.010120630264282,0.8324659466743469,0.2177027314901352,13.935624361038208,0.818561315536499,0.23811712861061096,1.0,0.794921875,0.44170457124710083,0.06988525390625,0.251953125,0.01377105712890625,3.3220593134562173,0.3772798776626587,0.1280517578125,0.030454635620117188,0.19286185503005981,0.0045198556035757065,0.25800371170043945
obj_0167,143,c3_lhl,14.002182483673096,0.828808605670929,0.23038749396800995,8.320927619934082,0.4802299737930298,0.2810208797454834,29.04339075088501,10.672221183776855,0.5706679224967957,0.4832295775413513,14.103467464447021,0.8379069566726685,0.2099146544933319,14.002182483673096,0.828808605670929,0.23038749396800995,1.0,0.78515625,0.4220326244831085,0.06597900390625,0.26025390625,0.0166473388671875,3.8642471631368003,0.3662547767162323,0.137939453125,0.030454635620117188,0.19286185503005981,0.0045198556035757065,0.25800371170043945
obj_0168,144,fixed_mean,17.016690969467163,0.8561685681343079,0.14643453061580658,8.756097555160522,0.28339409828186035,0.13984984159469604,21.128382682800293,7.92680025100708,0.43946629762649536,0.2788639962673187,18.890082836151123,0.9268907904624939,0.0962216705083847,16.916595697402954,0.8542758822441101,0.14823509752750397,0.974609375,0.7412109375,0.4044211506843567,0.03167724609375,0.464599609375,0.031524658203125,4.4197743733723955,0.348563015460968,0.2015380859375,0.04110421985387802,0.49442967772483826,0.026658920571208,0.30333733558654785
obj_0168,144,hll,15.872231721878052,0.8510724902153015,0.1591677963733673,7.921138405799866,0.24913150072097778,0.14651577174663544,19.462636709213257,7.042504549026489,0.40729820728302,0.24553182721138,18.055124282836914,0.9219340085983276,0.10224726796150208,15.775576829910278,0.8489495515823364,0.15973621606826782,0.974609375,0.7646484375,0.37102001905441284,0.034149169921875,0.441650390625,0.03460693359375,4.022271792093913,0.3487063944339752,0.2169189453125,0.04110421985387802,0.49442967772483826,0.026658920571208,0.30333733558654785
obj_0168,144,llh,18.30266237258911,0.8556724786758423,0.13301420211791992,9.864519238471985,0.3112681210041046,0.13344237208366394,22.764077186584473,9.221504926681519,0.4819938540458679,0.30149045586586,19.998505115509033,0.9306952357292175,0.09095023572444916,18.201775550842285,0.8538572788238525,0.13418236374855042,0.974609375,0.7080078125,0.4363328814506531,0.037017822265625,0.4580078125,0.027130126953125,4.6488165855407715,0.35140037536621094,0.1787109375,0.04110421985387802,0.49442967772483826,0.026658920571208,0.30333733558654785
obj_0168,144,c3_lhl,17.388278245925903,0.8598363995552063,0.14690923690795898,9.138105511665344,0.30471071600914,0.1391066461801529,21.480720043182373,8.029407262802124,0.4386308193206787,0.30545127391815186,19.2720890045166,0.9293534159660339,0.09631948918104172,17.283083200454712,0.8579156398773193,0.14823266863822937,0.974609375,0.7216796875,0.38843947649002075,0.03509521484375,0.4541015625,0.032501220703125,4.459322452545166,0.3388884365558624,0.2103271484375,0.04110421985387802,0.49442967772483826,0.026658920571208,0.30333733558654785
obj_0169,145,fixed_mean,14.270918369293213,0.8092263340950012,0.16182583570480347,6.984574198722839,0.3018760085105896,0.17784470319747925,26.590869426727295,10.743989944458008,0.5346469879150391,0.29502660036087036,14.485430717468262,0.8595029711723328,0.14726170897483826,14.270918369293213,0.8092263340950012,0.16182583570480347,1.0,0.8271484375,0.383615642786026,0.0738525390625,0.2744140625,0.017425537109375,3.1443761189778647,0.3823062479496002,0.1441650390625,0.10319437086582184,0.37661728262901306,0.01863875426352024,0.3253326416015625
obj_0169,145,hll,13.782480955123901,0.805177628993988,0.16785533726215363,6.529523134231567,0.2693304121494293,0.18008995056152344,25.490760803222656,10.023366212844849,0.5036321878433228,0.26359620690345764,14.030379056930542,0.8539140820503235,0.14485833048820496,13.782480955123901,0.805177628993988,0.16785533726215363,1.0,0.84375,0.36857014894485474,0.06439208984375,0.2666015625,0.0195465087890625,3.2881599267323813,0.36739543080329895,0.161376953125,0.10319437086582184,0.37661728262901306,0.01863875426352024,0.3253326416015625
obj_0169,145,llh,14.85954999923706,0.8052564859390259,0.16729074716567993,7.535508871078491,0.3130601644515991,0.17346464097499847,28.000094890594482,11.54428243637085,0.5519655346870422,0.30466005206108093,15.036365985870361,0.8636005520820618,0.1488255113363266,14.85954999923706,0.8052564859390259,0.16729074716567993,1.0,0.8037109375,0.3938988149166107,0.0830078125,0.27294921875,0.016357421875,3.377923091252645,0.3883780241012573,0.132080078125,0.10319437086582184,0.37661728262901306,0.01863875426352024,0.3253326416015625
obj_0169,145,c3_lhl,14.693315029144287,0.8140478134155273,0.16529734432697296,7.383389472961426,0.32186856865882874,0.1743127554655075,27.507295608520508,10.68424940109253,0.5219550132751465,0.3181160092353821,14.884246587753296,0.8635103702545166,0.1432708203792572,14.693315029144287,0.8140478134155273,0.16529734432697296,1.0,0.8037109375,0.3851553797721863,0.078125,0.27294921875,0.0170745849609375,3.420470714569092,0.35925382375717163,0.15283203125,0.10319437086582184,0.37661728262901306,0.01863875426352024,0.3253326416015625
obj_0170,146,fixed_mean,15.017092227935791,0.8398301005363464,0.15388093888759613,6.621455550193787,0.2850356698036194,0.16412219405174255,21.181142330169678,6.3686394691467285,0.40787047147750854,0.27778977155685425,16.0649836063385,0.9024518132209778,0.1287379115819931,14.58088755607605,0.8287592530250549,0.1711176335811615,0.90234375,0.869140625,0.371099591255188,0.032989501953125,0.3896484375,0.0266571044921875,3.344491958618164,0.37569504976272583,0.18310546875,0.0788893923163414,0.3658255934715271,0.013055921532213688,0.2776336669921875
obj_0170,146,hll,14.163744449615479,0.8280325531959534,0.1639653891324997,6.066644191741943,0.1901504099369049,0.16680674254894257,19.381539821624756,5.428370833396912,0.35856059193611145,0.177781879901886,15.510174036026001,0.893453061580658,0.13073433935642242,13.73874306678772,0.8157099485397339,0.18007738888263702,0.90234375,0.88623046875,0.32717350125312805,0.0243072509765625,0.3056640625,0.0259857177734375,2.014021873474121,0.3748956620693207,0.178466796875,0.0788893923163414,0.3658255934715271,0.013055921532213688,0.2776336669921875
obj_0170,146,llh,15.959221124649048,0.8449950814247131,0.15292856097221375,7.411370277404785,0.35015109181404114,0.16200262308120728,22.731645107269287,7.499385476112366,0.45594578981399536,0.34303587675094604,16.854898929595947,0.9110056757926941,0.12639977037906647,15.518466234207153,0.8348292112350464,0.17201051115989685,0.90234375,0.8369140625,0.4025193750858307,0.0391845703125,0.4169921875,0.0236968994140625,3.8468714555104575,0.3722081482410431,0.1795654296875,0.0788893923163414,0.3658255934715271,0.013055921532213688,0.2776336669921875
obj_0170,146,c3_lhl,15.503510236740112,0.8493596315383911,0.15870879590511322,7.140664458274841,0.3221646249294281,0.16182464361190796,21.549463272094727,6.682046055793762,0.4161933362483978,0.31963297724723816,16.584192514419556,0.909654438495636,0.1269802749156952,15.060222148895264,0.8388077616691589,0.17386510968208313,0.90234375,0.84033203125,0.362655907869339,0.0364990234375,0.40234375,0.0255889892578125,3.9238502184549966,0.3626565635204315,0.186279296875,0.0788893923163414,0.3658255934715271,0.013055921532213688,0.2776336669921875
obj_0171,147,fixed_mean,12.97415018081665,0.8325322866439819,0.25269651412963867,7.41391658782959,0.4991486668586731,0.3025371730327606,28.01849603652954,9.475833177566528,0.5223839282989502,0.5054349899291992,13.074312210083008,0.8398509621620178,0.24044817686080933,12.97415018081665,0.8325322866439819,0.25269651412963867,1.0,0.79443359375,0.36121734976768494,0.055511474609375,0.23681640625,0.01314544677734375,3.4423800309499106,0.3649856448173523,0.1337890625,0.01682158187031746,0.15982599556446075,0.003953326493501663,0.2388923019170761
obj_0171,147,hll,12.271476984024048,0.8124895095825195,0.25739526748657227,6.740697026252747,0.46818438172340393,0.304862916469574,26.21096134185791,8.424922823905945,0.49449729919433594,0.4746078848838806,12.401093244552612,0.8251370191574097,0.24522024393081665,12.271476984024048,0.8124895095825195,0.25739526748657227,1.0,0.828125,0.3220498561859131,0.0576171875,0.2210693359375,0.0142822265625,3.4784127871195474,0.3534001111984253,0.1468505859375,0.01682158187031746,0.15982599556446075,0.003953326493501663,0.2388923019170761
obj_0171,147,llh,13.522183895111084,0.8399743437767029,0.2603128254413605,7.940986752510071,0.5130246877670288,0.30427902936935425,29.575917720794678,10.369491577148438,0.5501978397369385,0.5180633664131165,13.601384162902832,0.8469178080558777,0.2448955476284027,13.522183895111084,0.8399743437767029,0.2603128254413605,1.0,0.76904296875,0.3974199891090393,0.057586669921875,0.2379150390625,0.0110626220703125,3.36154842376709,0.36417466402053833,0.12646484375,0.01682158187031746,0.15982599556446075,0.003953326493501663,0.2388923019170761
obj_0171,147,c3_lhl,13.562830686569214,0.8440048098564148,0.2520708441734314,8.01281452178955,0.5179101228713989,0.2986847162246704,28.190433979034424,9.769270420074463,0.5247624516487122,0.525479793548584,13.673211336135864,0.8511014580726624,0.2395688146352768,13.562830686569214,0.8440048098564148,0.2520708441734314,1.0,0.7568359375,0.3353709578514099,0.054443359375,0.2364501953125,0.0129852294921875,3.696169058481852,0.3451634645462036,0.1397705078125,0.01682158187031746,0.15982599556446075,0.003953326493501663,0.2388923019170761
obj_0172,148,fixed_mean,15.091092586517334,0.8506026864051819,0.30265554785728455,9.949033856391907,0.5752429366111755,0.31880277395248413,24.37492609024048,9.425261616706848,0.5160614252090454,0.5811348557472229,15.476406812667847,0.8667476773262024,0.2746562063694,15.091092586517334,0.8506026864051819,0.30265554785728455,1.0,0.712890625,0.45423033833503723,0.0303802490234375,0.1949462890625,0.00965118408203125,3.5807789166768393,0.359127402305603,0.11553955078125,0.01776338741183281,0.2100839763879776,0.004925958346575499,0.2725330591201782
obj_0172,148,hll,13.720810413360596,0.8153842091560364,0.3155941367149353,8.563757538795471,0.5129151940345764,0.3303941786289215,23.16962957382202,8.346979022026062,0.4869685471057892,0.5174182057380676,14.091130495071411,0.8451336622238159,0.2807713747024536,13.720810413360596,0.8153842091560364,0.3155941367149353,1.0,0.7705078125,0.43854811787605286,0.031463623046875,0.1976318359375,0.01152801513671875,3.58107582728068,0.3691216707229614,0.12274169921875,0.01776338741183281,0.2100839763879776,0.004925958346575499,0.2725330591201782
obj_0172,148,llh,16.236356496810913,0.8641363978385925,0.28803953528404236,11.062238216400146,0.613572895526886,0.3125573992729187,25.881662368774414,10.787614583969116,0.547703742980957,0.619592547416687,16.589611768722534,0.8785489201545715,0.25855883955955505,16.236356496810913,0.8641363978385925,0.28803953528404236,1.0,0.67431640625,0.4617423713207245,0.034820556640625,0.185791015625,0.00823974609375,3.3240726788838706,0.35624808073043823,0.10491943359375,0.01776338741183281,0.2100839763879776,0.004925958346575499,0.2725330591201782
obj_0172,148,c3_lhl,16.103287935256958,0.8637797832489014,0.29243898391723633,11.01525068283081,0.6108311414718628,0.3072393834590912,24.843883514404297,9.98533010482788,0.5229899883270264,0.6185696125030518,16.542625427246094,0.8775538802146912,0.2618387043476105,16.103287935256958,0.8637797832489014,0.29243898391723633,1.0,0.6689453125,0.44417378306388855,0.036468505859375,0.19775390625,0.00975799560546875,3.9252122243245444,0.3467819094657898,0.11846923828125,0.01776338741183281,0.2100839763879776,0.004925958346575499,0.2725330591201782
obj_0173,149,fixed_mean,13.344472646713257,0.8144923448562622,0.28807154297828674,8.287383913993835,0.4816274642944336,0.3369534909725189,27.76296377182007,10.685180425643921,0.5300206542015076,0.48483163118362427,13.455111980438232,0.8217204809188843,0.2787463665008545,13.344472646713257,0.8144923448562622,0.28807154297828674,1.0,0.7666015625,0.2635273039340973,0.0306243896484375,0.183349609375,0.011810302734375,2.688854535420736,0.361442506313324,0.110595703125,0.038557618856430054,0.18737930059432983,0.00450381962582469,0.2454172670841217
obj_0173,149,hll,12.55270004272461,0.8003004789352417,0.29616615176200867,7.538886666297913,0.4569779336452484,0.3464467227458954,25.55898904800415,9.424882531166077,0.4966995120048523,0.4614681303501129,12.7066171169281,0.8090388774871826,0.28537365794181824,12.55270004272461,0.8003004789352417,0.29616615176200867,1.0,0.79931640625,0.23321840167045593,0.035675048828125,0.1676025390625,0.01309967041015625,2.681952476501465,0.3522486984729767,0.12213134765625,0.038557618856430054,0.18737930059432983,0.00450381962582469,0.2454172670841217
obj_0173,149,llh,14.157273769378662,0.8251741528511047,0.2896004915237427,9.064571261405945,0.5027503967285156,0.33035486936569214,30.244908332824707,12.122526168823242,0.5684004426002502,0.5038014650344849,14.232301712036133,0.8314176797866821,0.27986061573028564,14.157273769378662,0.8251741528511047,0.2896004915237427,1.0,0.7333984375,0.2880105972290039,0.029510498046875,0.1878662109375,0.00955963134765625,2.8569632371266684,0.36341729760169983,0.10052490234375,0.038557618856430054,0.18737930059432983,0.00450381962582469,0.2454172670841217
obj_0173,149,c3_lhl,14.336402416229248,0.8301761746406555,0.277334988117218,9.325628280639648,0.5197550654411316,0.3225192129611969,27.259249687194824,10.936217308044434,0.5215058922767639,0.5257044434547424,14.493356943130493,0.8381010890007019,0.26498448848724365,14.336402416229248,0.8301761746406555,0.277334988117218,1.0,0.712890625,0.23862434923648834,0.033294677734375,0.18701171875,0.01131439208984375,3.334784507751465,0.33771246671676636,0.11468505859375,0.038557618856430054,0.18737930059432983,0.00450381962582469,0.2454172670841217
obj_0174,150,fixed_mean,15.091471672058105,0.8757903575897217,0.15566562116146088,4.336889088153839,0.2163093388080597,0.15896540880203247,23.32840919494629,7.691435217857361,0.4700522720813751,0.20546023547649384,15.742530822753906,0.93645840883255,0.1211790218949318,14.995380640029907,0.8745229840278625,0.15734243392944336,0.9765625,0.787109375,0.3585149645805359,0.03643798828125,0.44091796875,0.035400390625,3.7116262912750244,0.3626094162464142,0.22509765625,0.009894275106489658,0.19691196084022522,0.009643902070820332,0.2489616572856903
obj_0174,150,hll,13.935948610305786,0.865001380443573,0.17956781387329102,3.5829851031303406,0.12006532400846481,0.16349999606609344,20.280392169952393,6.644520163536072,0.4384472668170929,0.10135946422815323,14.988627433776855,0.9304216504096985,0.12476284801959991,13.845350742340088,0.863560140132904,0.18442092835903168,0.9765625,0.81591796875,0.35869765281677246,0.0273284912109375,0.410888671875,0.03912353515625,2.997615019480387,0.36974290013313293,0.2344970703125,0.009894275106489658,0.19691196084022522,0.009643902070820332,0.2489616572856903
obj_0174,150,llh,16.13987684249878,0.878614068031311,0.13942237198352814,5.179190635681152,0.2867994010448456,0.1484639048576355,25.928971767425537,9.119242429733276,0.5173991918563843,0.27362337708473206,16.584832668304443,0.9419443607330322,0.11434762179851532,16.04141354560852,0.8773515820503235,0.1405172199010849,0.9765625,0.75244140625,0.3937639892101288,0.036376953125,0.434814453125,0.02630615234375,4.057610511779785,0.3600660264492035,0.1981201171875,0.009894275106489658,0.19691196084022522,0.009643902070820332,0.2489616572856903
obj_0174,150,c3_lhl,15.447982549667358,0.8746172785758972,0.16249503195285797,4.602065980434418,0.22467553615570068,0.1569305658340454,24.29677724838257,7.931090593338013,0.47446560859680176,0.21678753197193146,16.007708311080933,0.9378954768180847,0.12051842361688614,15.348379611968994,0.8732244372367859,0.16620738804340363,0.9765625,0.775390625,0.34672030806541443,0.0338134765625,0.43798828125,0.036956787109375,3.805849552154541,0.3538256883621216,0.2364501953125,0.009894275106489658,0.19691196084022522,0.009643902070820332,0.2489616572856903
obj_0175,151,fixed_mean,13.019813299179077,0.8297045230865479,0.19361108541488647,5.527257919311523,0.4060724675655365,0.22546648979187012,26.505377292633057,8.850460648536682,0.5276466012001038,0.4083910286426544,13.184137344360352,0.8711944222450256,0.17722724378108978,12.441267967224121,0.8125014305114746,0.21422958374023438,0.875,0.82421875,0.3739551901817322,0.06866455078125,0.263427734375,0.0158843994140625,3.25186816851298,0.35716724395751953,0.146728515625,0.02497464045882225,0.14757002890110016,0.003495351877063513,0.2569872736930847
obj_0175,151,hll,12.074201107025146,0.8100621700286865,0.202610582113266,4.643076658248901,0.3440494239330292,0.23153136670589447,24.210898876190186,7.605477571487427,0.4846343696117401,0.3464299142360687,12.299954891204834,0.854729950428009,0.18315640091896057,11.49886965751648,0.7905910611152649,0.22317272424697876,0.875,0.86669921875,0.3629266023635864,0.07086181640625,0.23388671875,0.018463134765625,2.7447144190470376,0.36201974749565125,0.1573486328125,0.02497464045882225,0.14757002890110016,0.003495351877063513,0.2569872736930847
obj_0175,151,llh,13.87163519859314,0.8587715029716492,0.19498838484287262,6.334802508354187,0.45339617133140564,0.22352665662765503,28.69872808456421,10.248686075210571,0.5796476006507874,0.4533485472202301,13.991681337356567,0.883017361164093,0.1772272288799286,13.29190969467163,0.8439322113990784,0.21678104996681213,0.875,0.78564453125,0.4036431610584259,0.07232666015625,0.267333984375,0.01309967041015625,3.327414035797119,0.3624291718006134,0.1312255859375,0.02497464045882225,0.14757002890110016,0.003495351877063513,0.2569872736930847
obj_0175,151,c3_lhl,13.720217943191528,0.8607750535011292,0.18737640976905823,6.259583234786987,0.4413149058818817,0.21683424711227417,26.45066499710083,9.052110314369202,0.5235418677330017,0.44843682646751404,13.916462659835815,0.8828828930854797,0.17035070061683655,13.140368461608887,0.8450291156768799,0.20732156932353973,0.875,0.78173828125,0.34091252088546753,0.06170654296875,0.271240234375,0.01708984375,3.9131417274475098,0.3420295715332031,0.1563720703125,0.02497464045882225,0.14757002890110016,0.003495351877063513,0.2569872736930847
obj_0176,152,fixed_mean,14.89405632019043,0.7950870394706726,0.1948656290769577,8.86084496974945,0.445939838886261,0.202114075422287,22.294836044311523,8.385589122772217,0.47601518034935,0.45096445083618164,15.564621686935425,0.843471348285675,0.1646675020456314,14.774391651153564,0.7909550666809082,0.1996232569217682,0.97265625,0.81982421875,0.36033204197883606,0.1363525390625,0.249267578125,0.0164642333984375,2.896754026412964,0.3611988127231598,0.150390625,0.21248845756053925,0.2862650454044342,0.00968936737626791,0.28827643394470215
obj_0176,152,hll,14.270528554916382,0.7810750603675842,0.21031904220581055,8.318719863891602,0.39872539043426514,0.20989003777503967,21.21331214904785,7.665301561355591,0.44075122475624084,0.40410491824150085,15.022498369216919,0.8373662233352661,0.1704237312078476,14.151252508163452,0.776610791683197,0.21477854251861572,0.97265625,0.830078125,0.33590322732925415,0.11407470703125,0.240966796875,0.0193328857421875,2.8089367548624673,0.35750558972358704,0.1622314453125,0.21248845756053925,0.2862650454044342,0.00968936737626791,0.28827643394470215
obj_0176,152,llh,15.539625883102417,0.8065351843833923,0.19470363855361938,9.434141516685486,0.47000807523727417,0.195817232131958,23.400416374206543,9.325185418128967,0.5075536370277405,0.4722856283187866,16.13791823387146,0.8528350591659546,0.1631743311882019,15.419739484786987,0.8026029467582703,0.20102322101593018,0.97265625,0.80517578125,0.38343536853790283,0.1424560546875,0.2420654296875,0.013153076171875,3.2420734564463296,0.3616420328617096,0.13671875,0.21248845756053925,0.2862650454044342,0.00968936737626791,0.28827643394470215
obj_0176,152,c3_lhl,15.142548084259033,0.8048529624938965,0.19935227930545807,9.170942306518555,0.4615165889263153,0.19797950983047485,22.19158411026001,8.367297053337097,0.47366371750831604,0.4695369601249695,15.874719619750977,0.8488023281097412,0.16033366322517395,15.022454261779785,0.8004688024520874,0.2044721096754074,0.97265625,0.802734375,0.3506075143814087,0.140625,0.254638671875,0.0172271728515625,3.3233584562937417,0.3470396399497986,0.1607666015625,0.21248845756053925,0.2862650454044342,0.00968936737626791,0.28827643394470215
obj_0177,153,fixed_mean,15.234181880950928,0.8230757713317871,0.15495415031909943,7.052738070487976,0.1834477186203003,0.17349030077457428,23.969590663909912,8.350493907928467,0.48760688304901123,0.17023897171020508,15.768765211105347,0.877434492111206,0.13084235787391663,15.234181880950928,0.8230757713317871,0.15495415031909943,1.0,0.90185546875,0.3245084285736084,0.0209808349609375,0.31982421875,0.0228118896484375,2.3888395627339682,0.38868874311447144,0.177734375,0.09578045457601547,0.4164455235004425,0.015074328519403934,0.2963387668132782
obj_0177,153,hll,14.745376110076904,0.8150171637535095,0.16801641881465912,6.740680932998657,0.09750049561262131,0.1767318844795227,22.326488494873047,7.656278014183044,0.4488029479980469,0.08092872053384781,15.456706285476685,0.870597779750824,0.13152489066123962,14.745376110076904,0.8150171637535095,0.16801641881465912,1.0,0.90625,0.2903495728969574,0.00936126708984375,0.277099609375,0.0260772705078125,1.42670343319575,0.3869331479072571,0.1824951171875,0.09578045457601547,0.4164455235004425,0.015074328519403934,0.2963387668132782
obj_0177,153,llh,15.649616718292236,0.8207597732543945,0.15009981393814087,7.344023585319519,0.21689750254154205,0.16996413469314575,25.471816062927246,9.310084581375122,0.5311615467071533,0.19932228326797485,16.060049533843994,0.8828887939453125,0.13119560480117798,15.649616718292236,0.8207597732543945,0.15009981393814087,1.0,0.8955078125,0.3504326641559601,0.02178955078125,0.33544921875,0.01898193359375,3.0884761015574136,0.3963315784931183,0.1651611328125,0.09578045457601547,0.4164455235004425,0.015074328519403934,0.2963387668132782
obj_0177,153,c3_lhl,15.423585176467896,0.8269732594490051,0.162003755569458,7.271284461021423,0.20526772737503052,0.17331922054290771,23.942737579345703,8.277589082717896,0.4762946367263794,0.19668596982955933,15.987311601638794,0.8819044232368469,0.13091441988945007,15.423585176467896,0.8269732594490051,0.162003755569458,1.0,0.88916015625,0.3118317425251007,0.0234832763671875,0.334716796875,0.025390625,2.9754324754079184,0.3761943280696869,0.189697265625,0.09578045457601547,0.4164455235004425,0.015074328519403934,0.2963387668132782
obj_0178,154,fixed_mean,22.112042903900146,0.946351170539856,0.1067042201757431,10.149588584899902,0.21317040920257568,0.03911345824599266,22.323148250579834,12.842551469802856,0.7313953042030334,0.19262392818927765,35.07843255996704,0.997366189956665,0.04224829003214836,21.755359172821045,0.9435840845108032,0.12461360543966293,0.6640625,0.54296875,0.5044443011283875,0.01071929931640625,0.6689453125,0.03369140625,5.328673362731934,0.3735613524913788,0.279052734375,0.031841013580560684,0.9867140650749207,0.09388323873281479,0.36507099866867065
obj_0178,154,hll,19.16988968849182,0.927751362323761,0.12763574719429016,9.581406712532043,0.2002508044242859,0.04208797961473465,19.284783601760864,12.32056975364685,0.7224526405334473,0.16917720437049866,34.51024770736694,0.9975027441978455,0.03703918680548668,18.912127017974854,0.9243255853652954,0.14400437474250793,0.6640625,0.53515625,0.45745864510536194,0.01100921630859375,0.60693359375,0.032684326171875,5.191494782765706,0.3703049421310425,0.307861328125,0.031841013580560684,0.9867140650749207,0.09388323873281479,0.36507099866867065
obj_0178,154,llh,24.523887634277344,0.9485363364219666,0.09913959354162216,10.672606229782104,0.22270457446575165,0.04049915447831154,24.86271858215332,14.296244382858276,0.7383391261100769,0.20261716842651367,35.60144901275635,0.9973087310791016,0.046918608248233795,24.1624116897583,0.946432888507843,0.11626129597425461,0.6640625,0.46484375,0.496873140335083,0.0088653564453125,0.62060546875,0.0260009765625,5.546440442403157,0.3617652654647827,0.247802734375,0.031841013580560684,0.9867140650749207,0.09388323873281479,0.36507099866867065
obj_0178,154,c3_lhl,23.753516674041748,0.94264155626297,0.11014629155397415,9.666469097137451,0.20379720628261566,0.044870976358652115,24.11290407180786,13.169331550598145,0.7372434139251709,0.16996164619922638,34.59530830383301,0.9971967339515686,0.051134541630744934,23.191981315612793,0.9388290643692017,0.13027215003967285,0.6640625,0.5322265625,0.4734123945236206,0.0168609619140625,0.712890625,0.0479736328125,5.509447892506917,0.37081193923950195,0.311279296875,0.031841013580560684,0.9867140650749207,0.09388323873281479,0.36507099866867065
obj_0179,155,fixed_mean,14.110269546508789,0.8026054501533508,0.21413421630859375,7.8893643617630005,0.49470874667167664,0.27261754870414734,28.821275234222412,11.170936822891235,0.5933353304862976,0.4961625635623932,14.224408864974976,0.8347837924957275,0.19787365198135376,14.110269546508789,0.8026054501533508,0.21413421630859375,1.0,0.8232421875,0.3842908442020416,0.10986328125,0.25244140625,0.01535797119140625,3.273881991704305,0.3610612154006958,0.1290283203125,0.0638979822397232,0.15009821951389313,0.006085127126425505,0.2594207525253296
obj_0179,155,hll,13.350945711135864,0.7796347737312317,0.21415533125400543,7.177354693412781,0.4616706669330597,0.2776317000389099,26.57933473587036,9.858981966972351,0.5547246336936951,0.464310884475708,13.512399196624756,0.8194984793663025,0.1986837387084961,13.350945711135864,0.7796347737312317,0.21415533125400543,1.0,0.85400390625,0.3662542700767517,0.11090087890625,0.2349853515625,0.0169525146484375,3.005000909169515,0.3510548770427704,0.143310546875,0.0638979822397232,0.15009821951389313,0.006085127126425505,0.2594207525253296
obj_0179,155,llh,14.776536226272583,0.8188961148262024,0.21842020750045776,8.524600267410278,0.47172603011131287,0.2735145390033722,30.84996223449707,12.608481645584106,0.6228114366531372,0.46920284628868103,14.859645366668701,0.8413001298904419,0.20028093457221985,14.776536226272583,0.8188961148262024,0.21842020750045776,1.0,0.7978515625,0.39910444617271423,0.10992431640625,0.2607421875,0.01558685302734375,3.5117154916127524,0.3738277554512024,0.118896484375,0.0638979822397232,0.15009821951389313,0.006085127126425505,0.2594207525253296
obj_0179,155,c3_lhl,14.763661623001099,0.8246274590492249,0.21729987859725952,8.572307229042053,0.5048020482063293,0.26821812987327576,28.48944664001465,11.091814041137695,0.5817409753799438,0.5086076855659485,14.907352924346924,0.8474010229110718,0.19597813487052917,14.763661623001099,0.8246274590492249,0.21729987859725952,1.0,0.7900390625,0.35028037428855896,0.10565185546875,0.256591796875,0.01558685302734375,3.529198328653971,0.34630313515663147,0.1348876953125,0.0638979822397232,0.15009821951389313,0.006085127126425505,0.2594207525253296
obj_0180,156,fixed_mean,19.393527507781982,0.9249060750007629,0.13263612985610962,6.245392560958862,0.16702862083911896,0.08893454074859619,20.668468475341797,8.041980266571045,0.5099708437919617,0.1524937003850937,25.178616046905518,0.9880965352058411,0.08442771434783936,19.030601978302002,0.9224113821983337,0.14870771765708923,0.87109375,0.62841796875,0.4504815936088562,0.0132904052734375,0.7177734375,0.046630859375,4.973146279652913,0.3519842326641083,0.303955078125,0.03428703173995018,0.6623781323432922,0.04554438591003418,0.30530861020088196
obj_0180,156,hll,17.556071281433105,0.9119076132774353,0.14985206723213196,5.731136798858643,0.14436186850070953,0.09074468165636063,18.44014286994934,7.522750496864319,0.5006130933761597,0.13047340512275696,24.664361476898193,0.9881056547164917,0.08400847017765045,17.26262092590332,0.908557653427124,0.16615115106105804,0.87109375,0.6298828125,0.4124462604522705,0.01479339599609375,0.638671875,0.04754638671875,4.7116367022196455,0.3493629992008209,0.314697265625,0.03428703173995018,0.6623781323432922,0.04554438591003418,0.30530861020088196
obj_0180,156,llh,21.732912063598633,0.9245063066482544,0.10726770758628845,8.283330798149109,0.23483487963676453,0.07684887200593948,23.12124490737915,9.810125827789307,0.542364776134491,0.22542747855186462,27.216553688049316,0.9893978238105774,0.0768555998802185,21.358473300933838,0.9218957424163818,0.12012408673763275,0.87109375,0.5498046875,0.4763306677341461,0.0196533203125,0.70361328125,0.03546142578125,5.318018913269043,0.34469449520111084,0.25341796875,0.03428703173995018,0.6623781323432922,0.04554438591003418,0.30530861020088196
obj_0180,156,c3_lhl,19.967052936553955,0.9244391322135925,0.14050431549549103,6.233370304107666,0.15922696888446808,0.08957207947969437,21.472790241241455,8.051278591156006,0.5086791515350342,0.15076850354671478,25.166592597961426,0.9878249764442444,0.08747560530900955,19.52788472175598,0.9214066863059998,0.15736103057861328,0.87109375,0.6240234375,0.4208727777004242,0.018524169921875,0.6875,0.05279541015625,5.013351599375407,0.3462773859500885,0.321044921875,0.03428703173995018,0.6623781323432922,0.04554438591003418,0.30530861020088196
obj_0181,157,fixed_mean,11.894819736480713,0.8383175730705261,0.2003677934408188,5.483636856079102,0.4020916819572449,0.2557961642742157,28.484082221984863,10.362250804901123,0.5609356760978699,0.40201470255851746,11.96931004524231,0.8443332314491272,0.18501055240631104,11.704081296920776,0.8312217593193054,0.2096048891544342,0.95703125,0.83251953125,0.4119788110256195,0.034423828125,0.2115478515625,0.0145263671875,2.5815676053365073,0.3922821283340454,0.12261962890625,0.026583271101117134,0.10811791568994522,0.003535184310749173,0.2474927455186844
obj_0181,157,hll,10.961757898330688,0.7912337183952332,0.21325305104255676,4.576197266578674,0.326063871383667,0.2681925892829895,26.279902458190918,8.916182518005371,0.5322624444961548,0.32410433888435364,11.061869859695435,0.8190898895263672,0.19734033942222595,10.771105289459229,0.7834327220916748,0.22024327516555786,0.95703125,0.8876953125,0.4127117991447449,0.040618896484375,0.194091796875,0.01666259765625,2.214383045832316,0.40449491143226624,0.1270751953125,0.026583271101117134,0.10811791568994522,0.003535184310749173,0.2474927455186844
obj_0181,157,llh,12.734607458114624,0.8553673028945923,0.1976257562637329,6.306413412094116,0.45823007822036743,0.24858513474464417,30.44137477874756,11.714428663253784,0.591177225112915,0.4578952491283417,12.792085409164429,0.8606637120246887,0.1808863878250122,12.543869018554688,0.8488776087760925,0.2091250717639923,0.95703125,0.78369140625,0.42258670926094055,0.034881591796875,0.2154541015625,0.0117034912109375,2.7900633017222085,0.3805115520954132,0.11376953125,0.026583271101117134,0.10811791568994522,0.003535184310749173,0.2474927455186844
obj_0181,157,c3_lhl,12.906572818756104,0.8616743683815002,0.20431554317474365,6.522873044013977,0.49284929037094116,0.2530854046344757,28.145675659179688,10.986168384552002,0.5611644983291626,0.49840012192726135,13.008544445037842,0.8676430583000183,0.18324661254882812,12.715834379196167,0.8554638624191284,0.21291984617710114,0.95703125,0.765625,0.3806518614292145,0.03900146484375,0.212890625,0.0146942138671875,3.072511593500773,0.36924779415130615,0.1268310546875,0.026583271101117134,0.10811791568994522,0.003535184310749173,0.2474927455186844
obj_0182,158,fixed_mean,14.774806499481201,0.8547201156616211,0.15303945541381836,5.781694054603577,0.3005097210407257,0.1721309870481491,22.728769779205322,7.620248198509216,0.45975393056869507,0.29789814352989197,15.444320440292358,0.9095181226730347,0.12314996123313904,13.993737697601318,0.8353283405303955,0.17827938497066498,0.83203125,0.85986328125,0.40919432044029236,0.05523681640625,0.2998046875,0.0210113525390625,2.902479569117228,0.38839539885520935,0.15869140625,0.09666670858860016,0.23312634229660034,0.008919943124055862,0.2732958495616913
obj_0182,158,hll,14.177322387695312,0.8466132283210754,0.16044119000434875,5.352773070335388,0.23274391889572144,0.17520438134670258,21.237900257110596,6.828557252883911,0.42447325587272644,0.22788187861442566,15.01539945602417,0.9031895399093628,0.12604661285877228,13.41274619102478,0.8256934881210327,0.1869412064552307,0.83203125,0.87255859375,0.39094677567481995,0.05157470703125,0.2744140625,0.02325439453125,2.588226556777954,0.4012337923049927,0.155517578125,0.09666670858860016,0.23312634229660034,0.008919943124055862,0.2732958495616913
obj_0182,158,llh,15.527215003967285,0.8561742305755615,0.14575539529323578,6.380302309989929,0.349179744720459,0.16684450209140778,24.539542198181152,8.773720860481262,0.5007151365280151,0.3433600068092346,16.042929887771606,0.916795015335083,0.11903941631317139,14.739035367965698,0.8389659523963928,0.1697666049003601,0.83203125,0.83544921875,0.4260145127773285,0.057861328125,0.30615234375,0.0163421630859375,3.2637414932250977,0.3807075619697571,0.1513671875,0.09666670858860016,0.23312634229660034,0.008919943124055862,0.2732958495616913
obj_0182,158,c3_lhl,15.136879682540894,0.8591508865356445,0.15207725763320923,6.155003905296326,0.31996622681617737,0.1718490719795227,23.02403450012207,7.7354514598846436,0.4589982330799103,0.32092806696891785,15.817630290985107,0.9142470955848694,0.12296906858682632,14.344179630279541,0.8405497074127197,0.17767269909381866,0.83203125,0.8466796875,0.39532873034477234,0.054656982421875,0.302490234375,0.0234222412109375,3.0840654373168945,0.3834635615348816,0.1612548828125,0.09666670858860016,0.23312634229660034,0.008919943124055862,0.2732958495616913
obj_0183,159,fixed_mean,13.088345527648926,0.8126257061958313,0.21552738547325134,6.533682942390442,0.34851136803627014,0.24195604026317596,27.682669162750244,9.450991153717041,0.5211024880409241,0.3458881676197052,13.208345174789429,0.8377923965454102,0.2004796266555786,12.985373735427856,0.8090157508850098,0.22294563055038452,0.9765625,0.84716796875,0.28617337346076965,0.0438232421875,0.235107421875,0.01177215576171875,3.020864168802897,0.3765663802623749,0.1298828125,0.0459444485604763,0.2695503234863281,0.00584887620061636,0.2535691261291504
obj_0183,159,hll,12.229584455490112,0.7841324806213379,0.22531121969223022,5.71950376033783,0.2769080400466919,0.251571923494339,25.474092960357666,8.147093653678894,0.48481085896492004,0.2726212441921234,12.394167184829712,0.8189913034439087,0.20825941860675812,12.12673544883728,0.7799602150917053,0.23329755663871765,0.9765625,0.8896484375,0.2655116021633148,0.046966552734375,0.2191162109375,0.0130615234375,2.9096070925394693,0.38345789909362793,0.132080078125,0.0459444485604763,0.2695503234863281,0.00584887620061636,0.2535691261291504
obj_0183,159,llh,13.725844621658325,0.8406203389167786,0.21434803307056427,7.141624093055725,0.3806908130645752,0.24204805493354797,29.53357219696045,10.618314743041992,0.5590513348579407,0.37671077251434326,13.816286325454712,0.8479542136192322,0.20013239979743958,13.62284779548645,0.8371518850326538,0.2223462015390396,0.9765625,0.81591796875,0.3072553873062134,0.04107666015625,0.2412109375,0.0103302001953125,3.1155290603637695,0.3784297704696655,0.12139892578125,0.0459444485604763,0.2695503234863281,0.00584887620061636,0.2535691261291504
obj_0183,159,c3_lhl,13.849020004272461,0.8425392508506775,0.21360212564468384,7.3215824365615845,0.3775160014629364,0.23522043228149414,27.56889581680298,9.753445982933044,0.5175490379333496,0.3777846693992615,13.996244668960571,0.8501964211463928,0.1972006857395172,13.7460196018219,0.8387675881385803,0.22178757190704346,0.9765625,0.80078125,0.2744467556476593,0.042877197265625,0.2393798828125,0.0112762451171875,3.4131340185801187,0.35825449228286743,0.130859375,0.0459444485604763,0.2695503234863281,0.00584887620061636,0.2535691261291504
obj_0184,160,fixed_mean,16.547952890396118,0.8706002235412598,0.16224342584609985,6.57074511051178,0.15303635597229004,0.12960192561149597,21.499385833740234,7.859567999839783,0.4384946823120117,0.14015695452690125,18.07957887649536,0.9338040947914124,0.11860856413841248,16.457033157348633,0.8691803216934204,0.16883069276809692,0.9765625,0.80419921875,0.3710426390171051,0.051666259765625,0.45263671875,0.034942626953125,3.3504137992858887,0.34963324666023254,0.25439453125,0.1641193926334381,0.4065197706222534,0.018948189914226532,0.3018266558647156
obj_0184,160,hll,15.656598806381226,0.8660355806350708,0.1802741438150406,6.143473386764526,0.10543109476566315,0.1360766589641571,19.67497229576111,7.269716262817383,0.4128035306930542,0.08989932388067245,17.65230655670166,0.9319117069244385,0.12058942764997482,15.571213960647583,0.8645581603050232,0.18543577194213867,0.9765625,0.80419921875,0.34811607003211975,0.0340576171875,0.4130859375,0.03662109375,2.693389892578125,0.34861448407173157,0.25830078125,0.1641193926334381,0.4065197706222534,0.018948189914226532,0.3018266558647156
obj_0184,160,llh,17.481629848480225,0.8678860068321228,0.14464136958122253,7.242017984390259,0.21345534920692444,0.11603572219610214,23.125057220458984,8.895078301429749,0.47826409339904785,0.19999228417873383,18.750851154327393,0.9379158020019531,0.11210435628890991,17.38867998123169,0.8664584755897522,0.1507500261068344,0.9765625,0.7890625,0.39281851053237915,0.06549072265625,0.4580078125,0.0273895263671875,4.029805660247803,0.35155513882637024,0.2357177734375,0.1641193926334381,0.4065197706222534,0.018948189914226532,0.3018266558647156
obj_0184,160,c3_lhl,16.877589225769043,0.8739175796508789,0.1683085858821869,6.784606575965881,0.1581425666809082,0.13081374764442444,22.11575984954834,7.966013550758362,0.44226720929145813,0.14817488193511963,18.293440341949463,0.9344314932823181,0.1223006471991539,16.78116798400879,0.8724431991577148,0.1743641048669815,0.9765625,0.79248046875,0.35497820377349854,0.05535888671875,0.48046875,0.03704833984375,3.818072557449341,0.3388660252094269,0.26904296875,0.1641193926334381,0.4065197706222534,0.018948189914226532,0.3018266558647156
obj_0185,161,fixed_mean,16.011340618133545,0.8718544244766235,0.1514240801334381,6.124536395072937,0.3669299781322479,0.13880383968353271,21.56609296798706,8.726254105567932,0.49069228768348694,0.37307706475257874,17.3019540309906,0.9430592656135559,0.10445934534072876,15.870360136032104,0.8697258830070496,0.16119571030139923,0.96484375,0.720703125,0.43437474966049194,0.07012939453125,0.408203125,0.0255584716796875,3.9602204958597818,0.3460065424442291,0.195068359375,0.025880377739667892,0.31284230947494507,0.011872837319970131,0.28533831238746643
obj_0185,161,hll,14.80929970741272,0.8623344898223877,0.16274726390838623,5.296804904937744,0.3239710330963135,0.14387772977352142,19.434632062911987,7.640015482902527,0.467093288898468,0.3292597830295563,16.47422194480896,0.9382001161575317,0.1080782487988472,14.676103591918945,0.8600889444351196,0.17195123434066772,0.96484375,0.7490234375,0.4130406081676483,0.07208251953125,0.3779296875,0.0295562744140625,3.5563696225484214,0.35121938586235046,0.201416015625,0.025880377739667892,0.31284230947494507,0.011872837319970131,0.28533831238746643
obj_0185,161,llh,16.914142370224,0.8761640191078186,0.13883179426193237,6.722404360771179,0.38897183537483215,0.1335228532552719,23.493683338165283,9.870688319206238,0.5234242081642151,0.3898528516292572,17.899820804595947,0.9460697174072266,0.09875810891389847,16.767817735671997,0.8742067813873291,0.1482490599155426,0.96484375,0.70703125,0.46200019121170044,0.06781005859375,0.39501953125,0.0218505859375,4.231264114379883,0.3495468199253082,0.179931640625,0.025880377739667892,0.31284230947494507,0.011872837319970131,0.28533831238746643
obj_0185,161,c3_lhl,16.565167903900146,0.8741838335990906,0.14898896217346191,6.596202254295349,0.38352230191230774,0.1378576010465622,22.36647605895996,8.996228575706482,0.49030327796936035,0.3939152956008911,17.773616313934326,0.9457352161407471,0.10315066576004028,16.416571140289307,0.8720952868461609,0.15792739391326904,0.96484375,0.705078125,0.42330318689346313,0.061737060546875,0.40087890625,0.027099609375,4.082353750864665,0.33905044198036194,0.1990966796875,0.025880377739667892,0.31284230947494507,0.011872837319970131,0.28533831238746643
obj_0186,162,fixed_mean,17.114896774291992,0.8864337801933289,0.12336809933185577,6.569511294364929,0.2531214654445648,0.12988395988941193,23.768506050109863,9.04472827911377,0.574987530708313,0.23633451759815216,18.08867573738098,0.9398790001869202,0.09864936769008636,16.6646945476532,0.8789387345314026,0.12995678186416626,0.8880208333333334,0.818359375,0.32864880561828613,0.054046630859375,0.35791015625,0.028717041015625,3.2313410441080728,0.38288894295692444,0.1644287109375,0.07913219928741455,0.4686965048313141,0.013516328297555447,0.2685965299606323
obj_0186,162,hll,16.283599138259888,0.880146324634552,0.14367562532424927,6.14452064037323,0.2330065816640854,0.1345195472240448,21.616737842559814,8.08774471282959,0.5625810623168945,0.2165190726518631,17.663683891296387,0.9378014802932739,0.10087688267230988,15.85645318031311,0.8724535703659058,0.15149766206741333,0.8880208333333334,0.8310546875,0.3054356276988983,0.05462646484375,0.318359375,0.0285491943359375,2.810441017150879,0.3850175738334656,0.15576171875,0.07913219928741455,0.4686965048313141,0.013516328297555447,0.2685965299606323
obj_0186,162,llh,17.642403841018677,0.8819740414619446,0.12012729048728943,6.890289783477783,0.2751207947731018,0.12840619683265686,25.232465267181396,10.01412034034729,0.6198409199714661,0.2540316581726074,18.409454822540283,0.9415104985237122,0.09982793778181076,17.18251943588257,0.8747678995132446,0.12719278037548065,0.8880208333333334,0.810546875,0.34641408920288086,0.057403564453125,0.3642578125,0.02386474609375,3.5238888263702393,0.3902588188648224,0.155029296875,0.07913219928741455,0.4686965048313141,0.013516328297555447,0.2685965299606323
obj_0186,162,c3_lhl,17.316609621047974,0.8811948895454407,0.13549503684043884,6.7098283767700195,0.2536841332912445,0.1301901638507843,24.22347068786621,8.844780921936035,0.5718835592269897,0.2400057166814804,18.228992223739624,0.940270721912384,0.09885197132825851,16.84584617614746,0.8736680746078491,0.14474287629127502,0.8880208333333334,0.8134765625,0.3349404036998749,0.05657958984375,0.367431640625,0.032135009765625,3.614879846572876,0.3725406527519226,0.176513671875,0.07913219928741455,0.4686965048313141,0.013516328297555447,0.2685965299606323
obj_0187,163,fixed_mean,13.666186332702637,0.832363486289978,0.22110958397388458,7.109279036521912,0.4876216948032379,0.27260148525238037,28.830101490020752,10.44332504272461,0.5548518896102905,0.4911136329174042,13.771170377731323,0.8660781979560852,0.2122793197631836,13.368014097213745,0.8241140842437744,0.2411990761756897,0.93359375,0.787109375,0.3942672610282898,0.025726318359375,0.21533203125,0.012054443359375,2.9192140102386475,0.3511739671230316,0.1328125,0.12483100593090057,0.16343259811401367,0.0038283306639641523,0.26614558696746826
obj_0187,163,hll,12.37135648727417,0.7972790002822876,0.2311018705368042,5.870597958564758,0.38417819142341614,0.273942768573761,25.702543258666992,8.924652934074402,0.5074353218078613,0.3850725591182709,12.532490491867065,0.8394612669944763,0.2183045893907547,12.074635028839111,0.7866700291633606,0.2510194182395935,0.93359375,0.84326171875,0.3688828647136688,0.027587890625,0.19482421875,0.01396942138671875,2.5002142588297525,0.3602242171764374,0.1427001953125,0.12483100593090057,0.16343259811401367,0.0038283306639641523,0.26614558696746826
obj_0187,163,llh,14.628984928131104,0.8730291724205017,0.22119466960430145,8.05561900138855,0.5344018340110779,0.2692435681819916,30.52525043487549,11.71562671661377,0.5944957733154297,0.5372187495231628,14.71751093864441,0.8801863789558411,0.21247513592243195,14.33057188987732,0.8648736476898193,0.24232888221740723,0.93359375,0.7421875,0.4093087315559387,0.0281982421875,0.2166748046875,0.009521484375,3.046840031941732,0.34954965114593506,0.12060546875,0.12483100593090057,0.16343259811401367,0.0038283306639641523,0.26614558696746826
obj_0187,163,c3_lhl,14.842215776443481,0.8765876889228821,0.2183181643486023,8.31766426563263,0.5442909598350525,0.2657231390476227,28.855514526367188,11.059300899505615,0.5543724298477173,0.5524125695228577,14.979555606842041,0.8840495347976685,0.20844322443008423,14.543797969818115,0.8681097030639648,0.23749467730522156,0.93359375,0.724609375,0.35684800148010254,0.0274658203125,0.2110595703125,0.01126861572265625,3.351699431737264,0.33384788036346436,0.1337890625,0.12483100593090057,0.16343259811401367,0.0038283306639641523,0.26614558696746826
obj_0188,164,fixed_mean,14.45786714553833,0.7937633991241455,0.21347999572753906,8.472888469696045,0.2565447986125946,0.22465945780277252,25.499937534332275,9.852557182312012,0.47687798738479614,0.25258633494377136,14.726719856262207,0.811272919178009,0.19487060606479645,14.159481525421143,0.7811039090156555,0.2294989377260208,0.93359375,0.80419921875,0.21398304402828217,0.03564453125,0.271240234375,0.01496124267578125,3.5149666468302407,0.35260114073753357,0.1552734375,0.045391254127025604,0.5259431600570679,0.03072425164282322,0.3031080365180969
obj_0188,164,hll,13.487236499786377,0.7645790576934814,0.22894638776779175,7.570237517356873,0.23238912224769592,0.23321953415870667,23.583922386169434,8.68220865726471,0.43646448850631714,0.23039370775222778,13.824068307876587,0.8011882901191711,0.20127896964550018,13.189128637313843,0.7509588599205017,0.24723172187805176,0.93359375,0.8408203125,0.20326417684555054,0.04241943359375,0.2529296875,0.0168609619140625,3.4178475538889566,0.3447553515434265,0.1751708984375,0.045391254127025604,0.5259431600570679,0.03072425164282322,0.3031080365180969
obj_0188,164,llh,15.210590362548828,0.8068714141845703,0.21378222107887268,9.16985273361206,0.2680422067642212,0.22369620203971863,27.234492301940918,10.943902730941772,0.5100874900817871,0.2616919279098511,15.423682928085327,0.816431999206543,0.19916145503520966,14.912172555923462,0.793428361415863,0.22925123572349548,0.93359375,0.77294921875,0.2337389588356018,0.034820556640625,0.27783203125,0.0139923095703125,3.6734208265940347,0.36078065633773804,0.14013671875,0.045391254127025604,0.5259431600570679,0.03072425164282322,0.3031080365180969
obj_0188,164,c3_lhl,14.958744049072266,0.8053171634674072,0.2132389396429062,9.012200236320496,0.2620704472064972,0.21776039898395538,25.43955087661743,9.890000820159912,0.46127280592918396,0.26049429178237915,15.26603102684021,0.8155571818351746,0.1902126669883728,14.660323858261108,0.7915175557136536,0.22957852482795715,0.93359375,0.76318359375,0.2278982549905777,0.03411865234375,0.27734375,0.0156707763671875,3.9483887354532876,0.3370594084262848,0.165283203125,0.045391254127025604,0.5259431600570679,0.03072425164282322,0.3031080365180969
obj_0189,165,fixed_mean,13.965345621109009,0.8101743459701538,0.17736050486564636,6.640971899032593,0.3237377405166626,0.20403647422790527,22.215535640716553,8.259493112564087,0.45276206731796265,0.3223017752170563,14.547184705734253,0.869408369064331,0.1428437978029251,13.863024711608887,0.8071455359458923,0.18371018767356873,0.9765625,0.8173828125,0.3546120524406433,0.07843017578125,0.343994140625,0.0194549560546875,3.744417985280355,0.34714287519454956,0.1688232421875,0.04667776823043823,0.26202237606048584,0.008202124387025833,0.2800239026546478
obj_0189,165,hll,12.957260608673096,0.7986494898796082,0.1957206428050995,5.750901699066162,0.2781406342983246,0.21271508932113647,20.462958812713623,7.094099521636963,0.4110942482948303,0.2774152457714081,13.657115697860718,0.8574463725090027,0.14885437488555908,12.856065034866333,0.7952635884284973,0.2017933428287506,0.9765625,0.8515625,0.33656027913093567,0.076171875,0.290771484375,0.0199127197265625,2.923194169998169,0.3461568355560303,0.17626953125,0.04667776823043823,0.26202237606048584,0.008202124387025833,0.2800239026546478
obj_0189,165,llh,14.743967056274414,0.8281162977218628,0.1690613180398941,7.328384518623352,0.33317071199417114,0.19831399619579315,23.68997573852539,9.42764937877655,0.48610836267471313,0.32721805572509766,15.23459792137146,0.8762630224227905,0.14107748866081238,14.64131474494934,0.8255029320716858,0.17366427183151245,0.9765625,0.79248046875,0.38044050335884094,0.073486328125,0.35302734375,0.0188140869140625,4.037908395131429,0.35398054122924805,0.1590576171875,0.04667776823043823,0.26202237606048584,0.008202124387025833,0.2800239026546478
obj_0189,165,c3_lhl,14.56654667854309,0.8344404101371765,0.17749063670635223,7.3323845863342285,0.3419361412525177,0.19682782888412476,22.234773635864258,8.569090366363525,0.4570722281932831,0.3433539569377899,15.238597393035889,0.8776556849479675,0.13652868568897247,14.463657140731812,0.8314363360404968,0.18400202691555023,0.9765625,0.7822265625,0.3294025659561157,0.07012939453125,0.35791015625,0.0189971923828125,4.298128763834636,0.3320237398147583,0.1767578125,0.04667776823043823,0.26202237606048584,0.008202124387025833,0.2800239026546478
obj_0190,166,fixed_mean,12.926645278930664,0.8241565823554993,0.24472340941429138,7.236494421958923,0.504127025604248,0.2915378212928772,26.583242416381836,10.16188383102417,0.5368309617042542,0.5086666941642761,13.06714415550232,0.8330097198486328,0.2269686758518219,12.926645278930664,0.8241565823554993,0.24472340941429138,1.0,0.79150390625,0.36332255601882935,0.10150146484375,0.2388916015625,0.01282501220703125,3.6422119140625,0.3482227921485901,0.1190185546875,0.04354872927069664,0.14957217872142792,0.0058725313283503056,0.2539794147014618
obj_0190,166,hll,12.097502946853638,0.8050661683082581,0.24306520819664001,6.456387042999268,0.46203160285949707,0.2935442328453064,24.478299617767334,8.77183735370636,0.49475347995758057,0.4678460359573364,12.287037372589111,0.8173155784606934,0.22657586634159088,12.097502946853638,0.8050661683082581,0.24306520819664001,1.0,0.8310546875,0.3459041118621826,0.0953369140625,0.2159423828125,0.01506805419921875,3.606405814488729,0.339535117149353,0.1416015625,0.04354872927069664,0.14957217872142792,0.0058725313283503056,0.2539794147014618
obj_0190,166,llh,13.362349271774292,0.8297916054725647,0.2610087990760803,7.630823254585266,0.5111866593360901,0.29896819591522217,28.513305187225342,11.3534414768219,0.5610659122467041,0.5136450529098511,13.461471796035767,0.8376900553703308,0.2391260266304016,13.362349271774292,0.8297916054725647,0.2610087990760803,1.0,0.7734375,0.3835044503211975,0.09747314453125,0.2415771484375,0.01253509521484375,3.555208762486776,0.3536958396434784,0.11614990234375,0.04354872927069664,0.14957217872142792,0.0058725313283503056,0.2539794147014618
obj_0190,166,c3_lhl,13.400421142578125,0.8316583633422852,0.23895955085754395,7.754858136177063,0.5035206079483032,0.28474918007850647,25.882136821746826,10.080229043960571,0.5233023762702942,0.5093551278114319,13.585507869720459,0.8415253758430481,0.2206888049840927,13.400421142578125,0.8316583633422852,0.23895955085754395,1.0,0.7587890625,0.3156140446662903,0.09600830078125,0.2459716796875,0.0124969482421875,4.153756300608317,0.3317308723926544,0.125732421875,0.04354872927069664,0.14957217872142792,0.0058725313283503056,0.2539794147014618
obj_0191,167,fixed_mean,13.923163414001465,0.8017852902412415,0.18560932576656342,6.172283887863159,0.18613766133785248,0.2135251760482788,24.989259243011475,8.368058800697327,0.45502761006355286,0.1707630157470703,14.2195463180542,0.8571256995201111,0.16083960235118866,13.923163414001465,0.8017852902412415,0.18560932576656342,1.0,0.8466796875,0.3746121823787689,0.03515625,0.484375,0.038116455078125,3.7164272467295327,0.36196938157081604,0.23779296875,0.09738938510417938,0.38387230038642883,0.013009423390030861,0.2834046185016632
obj_0191,167,hll,13.340237140655518,0.7933988571166992,0.19443568587303162,5.7294416427612305,0.14836998283863068,0.2197742909193039,22.794406414031982,7.608120441436768,0.42635858058929443,0.13130033016204834,13.77670407295227,0.8519070148468018,0.16025549173355103,13.340237140655518,0.7933988571166992,0.19443568587303162,1.0,0.865234375,0.36241045594215393,0.031402587890625,0.431640625,0.03802490234375,2.969751755396525,0.36633291840553284,0.2303466796875,0.09738938510417938,0.38387230038642883,0.013009423390030861,0.2834046185016632
obj_0191,167,llh,14.502936601638794,0.8221099972724915,0.18014396727085114,6.678872108459473,0.22355426847934723,0.20707570016384125,26.764426231384277,9.277607798576355,0.4907931387424469,0.20644661784172058,14.726135730743408,0.8632885217666626,0.15836912393569946,14.502936601638794,0.8221099972724915,0.18014396727085114,1.0,0.826171875,0.40285977721214294,0.0389404296875,0.501953125,0.03302001953125,4.289111455281575,0.361059308052063,0.2279052734375,0.09738938510417938,0.38387230038642883,0.013009423390030861,0.2834046185016632
obj_0191,167,c3_lhl,14.363867044448853,0.82402104139328,0.1857203245162964,6.645293831825256,0.21212400496006012,0.21106421947479248,24.996604919433594,8.563482761383057,0.4557223320007324,0.2018713504076004,14.692556858062744,0.8629940152168274,0.15813696384429932,14.363867044448853,0.82402104139328,0.1857203245162964,1.0,0.8193359375,0.37284672260284424,0.034576416015625,0.49169921875,0.03948974609375,4.273085832595825,0.3555152416229248,0.2413330078125,0.09738938510417938,0.38387230038642883,0.013009423390030861,0.2834046185016632
obj_0192,168,fixed_mean,14.501827955245972,0.7765520215034485,0.29071423411369324,8.568946123123169,0.336809366941452,0.31416499614715576,25.95961332321167,8.970105648040771,0.5148625373840332,0.3370877504348755,14.744014739990234,0.8191167116165161,0.27601146697998047,14.501827955245972,0.7765520215034485,0.29071423411369324,1.0,0.81884765625,0.29202187061309814,0.0657958984375,0.2587890625,0.0209503173828125,3.4126765727996826,0.41014400124549866,0.1314697265625,0.15313874185085297,0.31523019075393677,0.008111197501420975,0.27590927481651306
obj_0192,168,hll,13.667447566986084,0.767791748046875,0.2943587601184845,7.78703510761261,0.30971217155456543,0.31644734740257263,24.299519062042236,8.047798871994019,0.47767049074172974,0.3113888204097748,13.962103128433228,0.8110829591751099,0.2796635627746582,13.667447566986084,0.767791748046875,0.2943587601184845,1.0,0.84765625,0.2833082973957062,0.052642822265625,0.2386474609375,0.023193359375,3.4087562561035156,0.40552717447280884,0.140869140625,0.15313874185085297,0.31523019075393677,0.008111197501420975,0.27590927481651306
obj_0192,168,llh,15.29166579246521,0.7883003354072571,0.28575649857521057,9.313937425613403,0.35422730445861816,0.30998486280441284,27.616567611694336,10.064553022384644,0.5561897158622742,0.35160061717033386,15.489006042480469,0.8254885077476501,0.27144232392311096,15.29166579246521,0.7883003354072571,0.28575649857521057,1.0,0.7939453125,0.30576518177986145,0.0753173828125,0.25537109375,0.018463134765625,3.26424503326416,0.4186680316925049,0.11834716796875,0.15313874185085297,0.31523019075393677,0.008111197501420975,0.27590927481651306
obj_0192,168,c3_lhl,14.801819324493408,0.7923917770385742,0.2855496108531952,8.915621638298035,0.3635817766189575,0.3057405352592468,25.51717519760132,8.787428140640259,0.5058314800262451,0.366691917181015,15.090690851211548,0.8246573209762573,0.2697027027606964,14.801819324493408,0.7923917770385742,0.2855496108531952,1.0,0.80029296875,0.2898254990577698,0.073974609375,0.261962890625,0.0233154296875,3.7462757428487143,0.392060786485672,0.14111328125,0.15313874185085297,0.31523019075393677,0.008111197501420975,0.27590927481651306
obj_0193,169,fixed_mean,18.554716110229492,0.900187611579895,0.0894792303442955,7.961984872817993,0.29833582043647766,0.08653074502944946,23.186333179473877,8.939849734306335,0.5739166736602783,0.2913718819618225,20.25472640991211,0.9558646082878113,0.059655606746673584,18.14872145652771,0.8947679400444031,0.09860169887542725,0.8932291666666666,0.796875,0.38893869519233704,0.03521728515625,0.2890625,0.0157318115234375,3.665271600087484,0.3553762435913086,0.1627197265625,0.038728490471839905,0.43945053219795227,0.011940119788050652,0.29054129123687744
obj_0193,169,hll,17.301849126815796,0.8888323903083801,0.10876434296369553,7.291394472122192,0.23608814179897308,0.09279768168926239,20.9232497215271,7.8503453731536865,0.5293841361999512,0.23136164247989655,19.584137201309204,0.9519030451774597,0.06500875949859619,16.924337148666382,0.8827135562896729,0.11950112879276276,0.8932291666666666,0.80712890625,0.3474818170070648,0.030029296875,0.274169921875,0.0179901123046875,3.423526922861735,0.3466728627681732,0.18115234375,0.038728490471839905,0.43945053219795227,0.011940119788050652,0.29054129123687744
obj_0193,169,llh,18.96876573562622,0.8925825953483582,0.08242207765579224,8.086479306221008,0.2998225688934326,0.08557790517807007,24.275143146514893,9.829986691474915,0.6108028888702393,0.28451088070869446,20.379221439361572,0.9562610983848572,0.057089123874902725,18.55515956878662,0.8872553110122681,0.09261688590049744,0.8932291666666666,0.8017578125,0.41322535276412964,0.033355712890625,0.29052734375,0.01422119140625,3.8272560437520347,0.36994418501853943,0.1484375,0.038728490471839905,0.43945053219795227,0.011940119788050652,0.29054129123687744
obj_0193,169,c3_lhl,18.917065858840942,0.8922140598297119,0.1008065715432167,8.241138458251953,0.31629428267478943,0.0862845778465271,23.727641105651855,8.872098922729492,0.5684998631477356,0.31401923298835754,20.533881187438965,0.9571501612663269,0.061312485486269,18.48901867866516,0.886687695980072,0.11326286196708679,0.8932291666666666,0.78271484375,0.3772798180580139,0.0377197265625,0.296630859375,0.018035888671875,3.8924972216288247,0.3454363942146301,0.174560546875,0.038728490471839905,0.43945053219795227,0.011940119788050652,0.29054129123687744
obj_0194,170,fixed_mean,16.98867917060852,0.8761531114578247,0.1310439556837082,6.588208079338074,0.16136594116687775,0.1279124617576599,22.10207223892212,7.41534948348999,0.45120903849601746,0.13281463086605072,18.464351892471313,0.9398326873779297,0.09439650177955627,16.763490438461304,0.8725965023040771,0.13747988641262054,0.9453125,0.8544921875,0.4318486154079437,0.0275726318359375,0.452880859375,0.031982421875,2.9313601652781167,0.3668033480644226,0.2203369140625,0.08599096536636353,0.44470101594924927,0.016147425398230553,0.28587475419044495
obj_0194,170,hll,16.185855865478516,0.8718050718307495,0.1396818310022354,6.403905749320984,0.11222001910209656,0.1286720633506775,20.0671124458313,7.059279680252075,0.43373820185661316,0.07993237674236298,18.280049562454224,0.9383825659751892,0.09569884836673737,15.979671478271484,0.8681744933128357,0.14644229412078857,0.9453125,0.8388671875,0.42718639969825745,0.02001953125,0.43115234375,0.0340576171875,2.3395191431045532,0.3668753504753113,0.2216796875,0.08599096536636353,0.44470101594924927,0.016147425398230553,0.28587475419044495
obj_0194,170,llh,17.643582820892334,0.8730089664459229,0.11912060528993607,6.874510645866394,0.20316307246685028,0.12365677207708359,23.8299298286438,8.198865056037903,0.48186352849006653,0.17011258006095886,18.750654458999634,0.9421720504760742,0.09237904101610184,17.41304039955139,0.8695921301841736,0.12557044625282288,0.9453125,0.8564453125,0.46040111780166626,0.0305938720703125,0.4541015625,0.0279541015625,3.3879498640696206,0.37073203921318054,0.2081298828125,0.08599096536636353,0.44470101594924927,0.016147425398230553,0.28587475419044495
obj_0194,170,c3_lhl,17.33717679977417,0.8747475147247314,0.12802566587924957,6.8686699867248535,0.17594076693058014,0.12717673182487488,22.623422145843506,7.814376354217529,0.45770350098609924,0.15190252661705017,18.74481439590454,0.9407694339752197,0.09398843348026276,17.102150917053223,0.8709187507629395,0.1340487152338028,0.9453125,0.837890625,0.44029420614242554,0.036712646484375,0.5107421875,0.03765869140625,3.5750721295674643,0.3596297800540924,0.239013671875,0.08599096536636353,0.44470101594924927,0.016147425398230553,0.28587475419044495
obj_0195,171,fixed_mean,15.823240280151367,0.8600125312805176,0.15714186429977417,6.348137855529785,0.22936396300792694,0.15460680425167084,23.258495330810547,8.16153347492218,0.4725266396999359,0.22311998903751373,16.59837007522583,0.9165384769439697,0.12661875784397125,15.683590173721313,0.8575040698051453,0.16113953292369843,0.9661458333333334,0.8154296875,0.276878297328949,0.0577392578125,0.342529296875,0.02960205078125,3.4459208647410073,0.3663233816623688,0.1982421875,0.07537461817264557,0.41088536381721497,0.012843885459005833,0.27066710591316223
obj_0195,171,hll,15.130622386932373,0.8573198318481445,0.17054325342178345,5.945383310317993,0.20500849187374115,0.15834058821201324,21.325976848602295,7.448049783706665,0.4458692967891693,0.20109383761882782,16.195615530014038,0.9136486053466797,0.13051611185073853,14.995665550231934,0.8545847535133362,0.17408820986747742,0.9661458333333334,0.8173828125,0.2530648708343506,0.06060791015625,0.31689453125,0.033538818359375,2.9927172660827637,0.3669973313808441,0.20947265625,0.07537461817264557,0.41088536381721497,0.012843885459005833,0.27066710591316223
obj_0195,171,llh,16.404863595962524,0.8579403758049011,0.14817845821380615,6.7438167333602905,0.26588472723960876,0.15071886777877808,24.940805435180664,9.047462940216064,0.5180118083953857,0.25496339797973633,16.994049549102783,0.9196338653564453,0.12277873605489731,16.262145042419434,0.8553270697593689,0.14954937994480133,0.9661458333333334,0.81103515625,0.30613452196121216,0.060546875,0.344482421875,0.0236358642578125,3.5891170501708984,0.3668791353702545,0.1798095703125,0.07537461817264557,0.41088536381721497,0.012843885459005833,0.27066710591316223
obj_0195,171,c3_lhl,16.09107255935669,0.8607760667800903,0.15975350141525269,6.587051153182983,0.22715838253498077,0.153070330619812,23.67741823196411,8.082790970802307,0.46170833706855774,0.22422532737255096,16.837284564971924,0.9177296757698059,0.12730558216571808,15.946919918060303,0.8580795526504517,0.16327664256095886,0.9661458333333334,0.80322265625,0.26707935333251953,0.05474853515625,0.3486328125,0.035064697265625,3.787925402323405,0.36422619223594666,0.211181640625,0.07537461817264557,0.41088536381721497,0.012843885459005833,0.27066710591316223
obj_0196,172,fixed_mean,14.182085990905762,0.8152149319648743,0.19486811757087708,7.141605019569397,0.30100685358047485,0.1871592104434967,19.52207326889038,7.014684677124023,0.37029600143432617,0.30570751428604126,15.425722599029541,0.8835097551345825,0.14278265833854675,13.630074262619019,0.7975016236305237,0.21563227474689484,0.87890625,0.80712890625,0.28845828771591187,0.0714111328125,0.312744140625,0.018280029296875,3.516581932703654,0.3561513423919678,0.166259765625,0.0490601509809494,0.4028489291667938,0.01719016768038273,0.283229798078537
obj_0196,172,hll,13.419994115829468,0.8115857243537903,0.20704609155654907,6.520337462425232,0.2691923677921295,0.19045807421207428,18.360975980758667,6.271646618843079,0.33989688754081726,0.27549442648887634,14.804455041885376,0.8757584691047668,0.14586487412452698,12.871698141098022,0.792475163936615,0.22797058522701263,0.87890625,0.83154296875,0.24848076701164246,0.06646728515625,0.27001953125,0.0184478759765625,3.0873640378316245,0.35285279154777527,0.173583984375,0.0490601509809494,0.4028489291667938,0.01719016768038273,0.283229798078537
obj_0196,172,llh,14.835296869277954,0.8175849914550781,0.19177168607711792,7.657116055488586,0.31019845604896545,0.1817534863948822,20.619168281555176,7.828844785690308,0.40079107880592346,0.30974093079566956,15.941232442855835,0.888242781162262,0.14020656049251556,14.27966833114624,0.8003977537155151,0.21495014429092407,0.87890625,0.79345703125,0.31611698865890503,0.0699462890625,0.320556640625,0.016632080078125,3.782287120819092,0.3553733825683594,0.1536865234375,0.0490601509809494,0.4028489291667938,0.01719016768038273,0.283229798078537
obj_0196,172,c3_lhl,14.555888175964355,0.8206728100776672,0.19538970291614532,7.618947625160217,0.3141506314277649,0.18317854404449463,19.597761631011963,7.230520844459534,0.3695164620876312,0.3227536976337433,15.903065204620361,0.8886215090751648,0.14084871113300323,13.99835467338562,0.8034198880195618,0.215464249253273,0.87890625,0.783203125,0.28356489539146423,0.06719970703125,0.320068359375,0.0189056396484375,3.888032913208008,0.3429214060306549,0.1756591796875,0.0490601509809494,0.4028489291667938,0.01719016768038273,0.283229798078537
obj_0197,173,fixed_mean,16.068115234375,0.830812931060791,0.13332295417785645,7.914599180221558,0.15246863663196564,0.13280200958251953,23.780417442321777,8.501748442649841,0.5060598850250244,0.13784460723400116,16.759907007217407,0.8805041909217834,0.10817833989858627,15.629492998123169,0.8179244995117188,0.14557349681854248,0.8984375,0.9072265625,0.2721169590950012,0.019683837890625,0.27197265625,0.0206451416015625,1.9416986306508381,0.38218414783477783,0.163330078125,0.04608934372663498,0.534966230392456,0.028300544247031212,0.32162046432495117
obj_0197,173,hll,15.785291194915771,0.8270094990730286,0.1390182077884674,7.779064178466797,0.11270269006490707,0.13566695153713226,22.730791568756104,8.049660325050354,0.48040032386779785,0.09782896190881729,16.62437081336975,0.8774886131286621,0.11037792265415192,15.353189706802368,0.8140413761138916,0.15172258019447327,0.8984375,0.9052734375,0.24343793094158173,0.0134124755859375,0.2467041015625,0.023284912109375,1.4990065097808838,0.38366982340812683,0.1669921875,0.04608934372663498,0.534966230392456,0.028300544247031212,0.32162046432495117
obj_0197,173,llh,16.352133750915527,0.8269262909889221,0.1285301297903061,8.065291047096252,0.18335723876953125,0.1318773329257965,24.929161071777344,9.064055681228638,0.5339415669441223,0.16642317175865173,16.91059947013855,0.8835426568984985,0.10696256905794144,15.908664464950562,0.814542829990387,0.1409343034029007,0.8984375,0.90966796875,0.28902381658554077,0.0250244140625,0.27685546875,0.0172271728515625,2.291905244191488,0.3862839639186859,0.1519775390625,0.04608934372663498,0.534966230392456,0.028300544247031212,0.32162046432495117
obj_0197,173,c3_lhl,16.279958486557007,0.831942617893219,0.1308186799287796,8.065404891967773,0.1674804836511612,0.13258294761180878,24.363667964935303,8.422455191612244,0.4975651204586029,0.15605604648590088,16.910712718963623,0.8822287917137146,0.10839039832353592,15.829466581344604,0.8190094828605652,0.1437460482120514,0.8984375,0.9013671875,0.28024348616600037,0.02642822265625,0.30517578125,0.02471923828125,2.429102341334025,0.373137891292572,0.1776123046875,0.04608934372663498,0.534966230392456,0.028300544247031212,0.32162046432495117
obj_0198,174,fixed_mean,17.26333498954773,0.8879087567329407,0.13897404074668884,6.585060954093933,0.21276403963565826,0.10539897531270981,20.404770374298096,7.484270334243774,0.4349672198295593,0.20210562646389008,19.962273836135864,0.9600743055343628,0.08228415995836258,17.06873059272766,0.8851344585418701,0.14558835327625275,0.9466145833333334,0.73291015625,0.4509631395339966,0.059326171875,0.58447265625,0.0556640625,3.928656737009684,0.3714805245399475,0.259765625,0.03342609852552414,0.6065431833267212,0.043172746896743774,0.31176280975341797
obj_0198,174,hll,15.960530042648315,0.8771727085113525,0.15169163048267365,6.047725677490234,0.17524594068527222,0.10948885977268219,18.355456590652466,6.701945662498474,0.40950915217399597,0.16570039093494415,19.424936771392822,0.9587971568107605,0.08216151595115662,15.784145593643188,0.8744917511940002,0.16009995341300964,0.9466145833333334,0.73291015625,0.39791393280029297,0.0474853515625,0.53125,0.06231689453125,3.515094836552938,0.37202927470207214,0.275390625,0.03342609852552414,0.6065431833267212,0.043172746896743774,0.31176280975341797
obj_0198,174,llh,18.546518087387085,0.8854387402534485,0.1227957233786583,7.341183423995972,0.2309846431016922,0.10007185488939285,22.392497062683105,8.707987070083618,0.46624699234962463,0.21023614704608917,20.718395709991455,0.9616551995277405,0.07932410389184952,18.344029188156128,0.8828980922698975,0.12921132147312164,0.9466145833333334,0.712890625,0.4962720572948456,0.054779052734375,0.64404296875,0.052642822265625,4.7860480944315595,0.3730364143848419,0.2406005859375,0.03342609852552414,0.6065431833267212,0.043172746896743774,0.31176280975341797
obj_0198,174,c3_lhl,17.5265896320343,0.8840433955192566,0.1442064344882965,6.576842665672302,0.2051192969083786,0.1082349345088005,21.005961894989014,7.467111349105835,0.433187872171402,0.19573824107646942,19.954054355621338,0.9597227573394775,0.08503149449825287,17.314234972000122,0.8811367750167847,0.1521037518978119,0.9466145833333334,0.72998046875,0.44683241844177246,0.05670166015625,0.59912109375,0.06304931640625,4.256401300430298,0.3661324977874756,0.277587890625,0.03342609852552414,0.6065431833267212,0.043172746896743774,0.31176280975341797
obj_0199,175,fixed_mean,13.995267152786255,0.818358838558197,0.19633908569812775,6.9730693101882935,0.4046294689178467,0.23538008332252502,27.02268123626709,9.690271615982056,0.529383659362793,0.40613073110580444,14.173983335494995,0.8640584349632263,0.17892274260520935,13.87526273727417,0.8150156736373901,0.2050704061985016,0.97265625,0.8115234375,0.3441723585128784,0.037261962890625,0.271728515625,0.0155792236328125,3.078312794367472,0.35663899779319763,0.1490478515625,0.07101254910230637,0.21198953688144684,0.005919742863625288,0.2641935646533966
obj_0199,175,hll,12.816547155380249,0.7962782979011536,0.21482911705970764,5.875678658485413,0.32432821393013,0.244442880153656,24.255404472351074,8.465520739555359,0.4898824989795685,0.32423093914985657,13.076592683792114,0.8429050445556641,0.1896847039461136,12.697057723999023,0.7921184301376343,0.22217269241809845,0.97265625,0.8564453125,0.3146374225616455,0.04388427734375,0.260498046875,0.01806640625,2.9553486506144204,0.3528570532798767,0.1702880859375,0.07101254910230637,0.21198953688144684,0.005919742863625288,0.2641935646533966
obj_0199,175,llh,14.78473424911499,0.8461788296699524,0.19167909026145935,7.715198397636414,0.4340704083442688,0.22836919128894806,29.12497043609619,10.897623300552368,0.5765330791473389,0.43303632736206055,14.916112422943115,0.8738532662391663,0.175613671541214,14.664440155029297,0.843306839466095,0.1998623013496399,0.97265625,0.783203125,0.3723500072956085,0.033355712890625,0.269287109375,0.01369476318359375,3.2545088132222495,0.3644401431083679,0.1346435546875,0.07101254910230637,0.21198953688144684,0.005919742863625288,0.2641935646533966
obj_0199,175,c3_lhl,14.714504480361938,0.8542799949645996,0.19811312854290009,7.7560824155807495,0.44668012857437134,0.22758862376213074,26.4481782913208,9.959384202957153,0.5303010940551758,0.4521903097629547,14.956996440887451,0.8758293986320496,0.17286168038845062,14.594113826751709,0.8510764241218567,0.2049151360988617,0.97265625,0.771484375,0.32119518518447876,0.034759521484375,0.2734375,0.0155181884765625,3.4466589291890464,0.34009087085723877,0.1558837890625,0.07101254910230637,0.21198953688144684,0.005919742863625288,0.2641935646533966
obj_0200,176,fixed_mean,14.198215007781982,0.827480137348175,0.15753677487373352,6.096091270446777,0.22351312637329102,0.1781739592552185,23.458588123321533,8.216613531112671,0.4439840614795685,0.2168087363243103,14.66586709022522,0.8779712915420532,0.12806454300880432,13.374910354614258,0.8011277318000793,0.18432125449180603,0.82421875,0.85888671875,0.34340232610702515,0.03387451171875,0.317138671875,0.0204620361328125,3.382941166559855,0.36325550079345703,0.18798828125,0.04923223331570625,0.2588116228580475,0.009525514207780361,0.28086885809898376
obj_0200,176,hll,13.48961591720581,0.8176385164260864,0.17467784881591797,5.6103187799453735,0.1672375351190567,0.18453551828861237,21.166646480560303,7.301430702209473,0.40053439140319824,0.16115285456180573,14.180092811584473,0.8695881962776184,0.13276135921478271,12.681385278701782,0.788673460483551,0.20233488082885742,0.82421875,0.87060546875,0.3303733468055725,0.038665771484375,0.28076171875,0.0229949951171875,2.415361166000366,0.36713314056396484,0.1934814453125,0.04923223331570625,0.2588116228580475,0.009525514207780361,0.28086885809898376
obj_0200,176,llh,14.750745296478271,0.8292618989944458,0.15194624662399292,6.548556089401245,0.26527950167655945,0.17173126339912415,25.007517337799072,9.01646077632904,0.47995349764823914,0.2569083571434021,15.118330717086792,0.8846221566200256,0.12512952089309692,13.921135663986206,0.8049061894416809,0.17874088883399963,0.82421875,0.8447265625,0.3642054498195648,0.033905029296875,0.326171875,0.016265869140625,3.6961894830067954,0.36007294058799744,0.176025390625,0.04923223331570625,0.2588116228580475,0.009525514207780361,0.28086885809898376
obj_0200,176,c3_lhl,14.627907276153564,0.8349865674972534,0.16345033049583435,6.552563309669495,0.25307509303092957,0.17636102437973022,23.659584522247314,8.393402099609375,0.4400635361671448,0.251969575881958,15.12233853340149,0.8841447830200195,0.129787415266037,13.794564008712769,0.8104524612426758,0.1905515193939209,0.82421875,0.8359375,0.3260054588317871,0.0345458984375,0.324462890625,0.022064208984375,3.598393440246582,0.35235822200775146,0.1971435546875,0.04923223331570625,0.2588116228580475,0.009525514207780361,0.28086885809898376
obj_0201,177,fixed_mean,14.714418649673462,0.8283964991569519,0.19804498553276062,6.872222423553467,0.3710029423236847,0.20023809373378754,22.66774892807007,8.146777749061584,0.4759867191314697,0.37257349491119385,15.35678744316101,0.8914138078689575,0.14984577894210815,14.714418649673462,0.8283964991569519,0.19804498553276062,1.0,0.8291015625,0.537851870059967,0.061187744140625,0.3037109375,0.02020263671875,3.015158176422119,0.36696112155914307,0.1695556640625,0.058822985738515854,0.20775578916072845,0.006249097641557455,0.2763385474681854
obj_0201,177,hll,13.893868923187256,0.8162029385566711,0.21553999185562134,6.092860698699951,0.2952253818511963,0.20602209866046906,21.597373485565186,7.445958852767944,0.45038920640945435,0.29303669929504395,14.577425718307495,0.8759316802024841,0.15868090093135834,13.893868923187256,0.8162029385566711,0.21553999185562134,1.0,0.861328125,0.5178491473197937,0.058685302734375,0.287109375,0.02044677734375,2.402267853418986,0.35852453112602234,0.178955078125,0.058822985738515854,0.20775578916072845,0.006249097641557455,0.2763385474681854
obj_0201,177,llh,15.430350303649902,0.8343423008918762,0.18171022832393646,7.4756646156311035,0.41041502356529236,0.1935116946697235,24.16477680206299,9.22098994255066,0.5126871466636658,0.4103859066963196,15.960229635238647,0.8999587297439575,0.14084115624427795,15.430350303649902,0.8343423008918762,0.18171022832393646,1.0,0.80908203125,0.5621960759162903,0.0640869140625,0.294921875,0.0186309814453125,3.23251740137736,0.3707575798034668,0.1605224609375,0.058822985738515854,0.20775578916072845,0.006249097641557455,0.2763385474681854
obj_0201,177,c3_lhl,15.168029069900513,0.8396798968315125,0.20647020637989044,7.357930541038513,0.4187649190425873,0.1953948438167572,22.925240993499756,8.421920537948608,0.4900759756565094,0.42448166012763977,15.842496156692505,0.9007645845413208,0.14727964997291565,15.168029069900513,0.8396798968315125,0.20647020637989044,1.0,0.8095703125,0.5324705243110657,0.0606689453125,0.306884765625,0.0203857421875,3.121813933054606,0.36153724789619446,0.1717529296875,0.058822985738515854,0.20775578916072845,0.006249097641557455,0.2763385474681854
obj_0202,178,fixed_mean,15.716322660446167,0.8188579082489014,0.1716609001159668,8.171183466911316,0.17776648700237274,0.15999914705753326,21.231050491333008,6.844981908798218,0.4220774471759796,0.16879108548164368,16.928162574768066,0.8753580451011658,0.1389353722333908,15.716322660446167,0.8188579082489014,0.1716609001159668,1.0,0.88525390625,0.297392874956131,0.03387451171875,0.33447265625,0.03076171875,2.506962458292643,0.3949320912361145,0.189697265625,0.032046299427747726,0.5214412808418274,0.01918226294219494,0.3071458339691162
obj_0202,178,hll,15.194518566131592,0.8140396475791931,0.18506772816181183,7.847909331321716,0.13053525984287262,0.16700226068496704,20.144648551940918,6.328060626983643,0.3910312056541443,0.12064766883850098,16.604888439178467,0.8715097308158875,0.14366042613983154,15.194518566131592,0.8140396475791931,0.18506772816181183,1.0,0.8876953125,0.26877444982528687,0.0250091552734375,0.30322265625,0.03399658203125,1.8700943787892659,0.3959634602069855,0.193603515625,0.032046299427747726,0.5214412808418274,0.01918226294219494,0.3071458339691162
obj_0202,178,llh,16.281638145446777,0.8164135813713074,0.16030260920524597,8.633242845535278,0.227534681558609,0.15220659971237183,22.133805751800537,7.4150097370147705,0.4558638632297516,0.2188972681760788,17.39022135734558,0.8803868889808655,0.13263490796089172,16.281638145446777,0.8164135813713074,0.16030260920524597,1.0,0.87255859375,0.3124200403690338,0.042205810546875,0.351318359375,0.02642822265625,3.108331282933553,0.38716310262680054,0.1842041015625,0.032046299427747726,0.5214412808418274,0.01918226294219494,0.3071458339691162
obj_0202,178,c3_lhl,15.9232497215271,0.8201448917388916,0.17201220989227295,8.406383395195007,0.19179293513298035,0.15981365740299225,21.3512921333313,6.914365291595459,0.41539865732192993,0.18729570508003235,17.163362503051758,0.8772266507148743,0.13787400722503662,15.9232497215271,0.8201448917388916,0.17201220989227295,1.0,0.8759765625,0.30716419219970703,0.0369873046875,0.360595703125,0.035308837890625,3.0591174761454263,0.38607990741729736,0.20263671875,0.032046299427747726,0.5214412808418274,0.01918226294219494,0.3071458339691162
obj_0203,179,fixed_mean,18.99136781692505,0.9252808690071106,0.09224318712949753,8.048406839370728,0.18677522242069244,0.05179484933614731,19.69707489013672,7.217881083488464,0.5037270784378052,0.15462668240070343,26.923277378082275,0.9899224042892456,0.033486172556877136,18.595571517944336,0.9218170642852783,0.10148593783378601,0.8515625,0.74365234375,0.5054793953895569,0.0269317626953125,0.64599609375,0.047515869140625,4.602900505065918,0.391989529132843,0.181396484375,0.02209390327334404,1.1605907678604126,0.07788894325494766,0.33581170439720154
obj_0203,179,hll,17.05917716026306,0.9142799377441406,0.11238916218280792,7.090224623680115,0.15157870948314667,0.054679617285728455,17.600607872009277,6.282903552055359,0.4790439009666443,0.12531119585037231,25.965094566345215,0.9894297122955322,0.03525660187005997,16.71488046646118,0.9106111526489258,0.12148270010948181,0.8515625,0.77490234375,0.3430761396884918,0.02813720703125,0.5234375,0.043182373046875,3.8644844690958657,0.39915338158607483,0.1851806640625,0.02209390327334404,1.1605907678604126,0.07788894325494766,0.33581170439720154
obj_0203,179,llh,20.989606380462646,0.9247203469276428,0.0744464248418808,9.840216636657715,0.2287265658378601,0.051968637853860855,21.73607349395752,8.775230646133423,0.5318896174430847,0.18676748871803284,28.715088367462158,0.9907389879226685,0.031498875468969345,20.582849979400635,0.9215127229690552,0.08399821817874908,0.8515625,0.66015625,0.5999872088432312,0.0189208984375,0.67138671875,0.047637939453125,5.005248546600342,0.37079697847366333,0.1640625,0.02209390327334404,1.1605907678604126,0.07788894325494766,0.33581170439720154
obj_0203,179,c3_lhl,19.64367151260376,0.923521876335144,0.0989842489361763,8.068490624427795,0.18406972289085388,0.053155317902565,20.481972694396973,7.19944953918457,0.5048571825027466,0.15760663151741028,26.94336175918579,0.9898083209991455,0.03458581119775772,19.156184196472168,0.9193445444107056,0.1100553497672081,0.8515625,0.7490234375,0.4485640525817871,0.0380859375,0.63671875,0.054229736328125,4.597913424173991,0.38817524909973145,0.2010498046875,0.02209390327334404,1.1605907678604126,0.07788894325494766,0.33581170439720154
obj_0204,180,fixed_mean,15.05921721458435,0.7994349598884583,0.18362100422382355,9.37236487865448,0.3899365961551666,0.2155669927597046,28.86326551437378,10.330650806427002,0.6051057577133179,0.38667115569114685,15.194860696792603,0.8134140372276306,0.17703789472579956,15.05921721458435,0.7994349598884583,0.18362100422382355,1.0,0.890625,0.27659279108047485,0.0758056640625,0.2098388671875,0.01235198974609375,3.1248740355173745,0.39314892888069153,0.11688232421875,0.05404578521847725,0.33069223165512085,0.016078153625130653,0.2913411259651184
obj_0204,180,hll,14.596549272537231,0.7862951159477234,0.1952941119670868,9.023374319076538,0.36986634135246277,0.21641607582569122,25.81338882446289,9.433979988098145,0.5742661356925964,0.3671663999557495,14.845870733261108,0.8014714121818542,0.1757412552833557,14.596549272537231,0.7862951159477234,0.1952941119670868,1.0,0.9033203125,0.25925371050834656,0.0743408203125,0.194091796875,0.01317596435546875,3.0628088315327964,0.38556572794914246,0.12091064453125,0.05404578521847725,0.33069223165512085,0.016078153625130653,0.2913411259651184
obj_0204,180,llh,15.461763143539429,0.8132444024085999,0.19454698264598846,9.747060537338257,0.4022420644760132,0.22716587781906128,30.25001287460327,11.328434944152832,0.635204017162323,0.3973240256309509,15.569555759429932,0.8238793611526489,0.18719640374183655,15.461763143539429,0.8132444024085999,0.19454698264598846,1.0,0.87548828125,0.2917412519454956,0.073974609375,0.2061767578125,0.01036834716796875,3.0310816764831543,0.3948850631713867,0.1097412109375,0.05404578521847725,0.33069223165512085,0.016078153625130653,0.2913411259651184
obj_0204,180,c3_lhl,15.442184209823608,0.8171469569206238,0.18443270027637482,9.813839793205261,0.40342408418655396,0.20615029335021973,27.717831134796143,10.281821489334106,0.6026251316070557,0.40108269453048706,15.63633680343628,0.8263217806816101,0.16755205392837524,15.442184209823608,0.8171469569206238,0.18443270027637482,1.0,0.8642578125,0.275932252407074,0.074462890625,0.205810546875,0.0104522705078125,3.2485462029774985,0.36741113662719727,0.1192626953125,0.05404578521847725,0.33069223165512085,0.016078153625130653,0.2913411259651184
obj_0205,181,fixed_mean,14.726923704147339,0.8446577191352844,0.16058611869812012,5.673626661300659,0.1468217372894287,0.16431975364685059,20.529096126556396,6.362793445587158,0.3692563772201538,0.12915906310081482,15.90727686882019,0.911584198474884,0.11231759190559387,13.945529460906982,0.823679506778717,0.18486952781677246,0.828125,0.8525390625,0.38075944781303406,0.0278167724609375,0.381591796875,0.02972412109375,2.7849574089050293,0.35575979948043823,0.2178955078125,0.013501930050551891,0.4651361107826233,0.018044499680399895,0.2884884476661682
obj_0205,181,hll,14.281952381134033,0.8416233062744141,0.16945743560791016,5.484665036201477,0.10237477719783783,0.1687905192375183,19.353184700012207,5.933657288551331,0.34788233041763306,0.08282141387462616,15.718317031860352,0.9094701409339905,0.1148623675107956,13.517088890075684,0.8192716836929321,0.19243432581424713,0.828125,0.8447265625,0.3598955273628235,0.0262298583984375,0.371337890625,0.030975341796875,2.3750320275624595,0.35667407512664795,0.2242431640625,0.013501930050551891,0.4651361107826233,0.018044499680399895,0.2884884476661682
obj_0205,181,llh,15.257759094238281,0.8414185047149658,0.14800815284252167,6.029826402664185,0.19737720489501953,0.1572112739086151,21.671631336212158,7.164742350578308,0.4025346040725708,0.17819151282310486,16.263476610183716,0.9150416254997253,0.10574542731046677,14.464612007141113,0.8216550946235657,0.17296147346496582,0.828125,0.85205078125,0.40088436007499695,0.0355224609375,0.37451171875,0.0238189697265625,3.285635471343994,0.3559728264808655,0.199462890625,0.013501930050551891,0.4651361107826233,0.018044499680399895,0.2884884476661682
obj_0205,181,c3_lhl,15.016828775405884,0.8471716046333313,0.16451117396354675,5.9267765283584595,0.16748309135437012,0.16503684222698212,20.938825607299805,6.580498218536377,0.37401270866394043,0.154390349984169,16.160426139831543,0.913417398929596,0.11344872415065765,14.216442108154297,0.8259502053260803,0.18892814218997955,0.828125,0.8369140625,0.38932767510414124,0.03558349609375,0.424560546875,0.0352783203125,3.4324957529703775,0.35272854566574097,0.23388671875,0.013501930050551891,0.4651361107826233,0.018044499680399895,0.2884884476661682
obj_0206,182,fixed_mean,13.668212890625,0.8099406361579895,0.19878467917442322,6.465123295783997,0.3009908199310303,0.23092308640480042,25.66340446472168,9.701423048973083,0.5322055816650391,0.2974656820297241,13.899035453796387,0.8546222448348999,0.17312777042388916,13.502514362335205,0.8046262264251709,0.21489399671554565,0.9622395833333334,0.8251953125,0.4081494212150574,0.055206298828125,0.2587890625,0.0176849365234375,3.2010366121927896,0.41658276319503784,0.129638671875,0.007700037676841021,0.30678609013557434,0.008325628936290741,0.2895509898662567
obj_0206,182,hll,12.705625295639038,0.7952831387519836,0.22272495925426483,5.557612776756287,0.2438269853591919,0.24670839309692383,23.798699378967285,8.619956970214844,0.4999259114265442,0.238907128572464,12.991524934768677,0.8415817022323608,0.18405583500862122,12.541100978851318,0.7895037531852722,0.23569859564304352,0.9622395833333334,0.869140625,0.38537392020225525,0.05328369140625,0.2379150390625,0.0182342529296875,2.9658145109812417,0.41404101252555847,0.1326904296875,0.007700037676841021,0.30678609013557434,0.008325628936290741,0.2895509898662567
obj_0206,182,llh,14.53790545463562,0.8136034607887268,0.18619772791862488,7.2947633266448975,0.3448365330696106,0.22079652547836304,27.340893745422363,10.88526964187622,0.5675300359725952,0.3407183289527893,14.72867488861084,0.8641281127929688,0.16492804884910583,14.371418952941895,0.8087280988693237,0.20272810757160187,0.9622395833333334,0.78857421875,0.40618351101875305,0.0633544921875,0.246337890625,0.014862060546875,3.065389076868693,0.41093921661376953,0.119873046875,0.007700037676841021,0.30678609013557434,0.008325628936290741,0.2895509898662567
obj_0206,182,c3_lhl,14.421219825744629,0.8221931457519531,0.19889503717422485,7.2388529777526855,0.33876684308052063,0.2268770933151245,26.05327606201172,9.866854548454285,0.536984920501709,0.33798348903656006,14.672764539718628,0.8637592792510986,0.16817253828048706,14.254299402236938,0.8171567320823669,0.21409285068511963,0.9622395833333334,0.79296875,0.40938428044319153,0.054168701171875,0.27392578125,0.0196990966796875,3.8146608670552573,0.4027637243270874,0.1357421875,0.007700037676841021,0.30678609013557434,0.008325628936290741,0.2895509898662567
obj_0207,183,fixed_mean,14.915947914123535,0.8542656898498535,0.15327036380767822,6.153957843780518,0.3779810965061188,0.15924431383609772,23.89702320098877,9.069718718528748,0.5229278206825256,0.37954387068748474,15.429384708404541,0.9083148241043091,0.133558452129364,14.899622201919556,0.8540470600128174,0.15594550967216492,0.99609375,0.7666015625,0.34426262974739075,0.09393310546875,0.285888671875,0.01849365234375,3.3033607006073,0.36913490295410156,0.14794921875,0.06689035147428513,0.24791458249092102,0.007727417163550854,0.262551486492157
obj_0207,183,hll,14.222593307495117,0.8481190204620361,0.1705719530582428,5.559594631195068,0.33557507395744324,0.1612069010734558,22.486414909362793,8.424095511436462,0.5076653957366943,0.33602771162986755,14.835021495819092,0.9025524854660034,0.1346445083618164,14.206399917602539,0.8478071093559265,0.17332050204277039,0.99609375,0.7919921875,0.3421194851398468,0.091064453125,0.2783203125,0.0193634033203125,3.4974234898885093,0.3762071430683136,0.151123046875,0.06689035147428513,0.24791458249092102,0.007727417163550854,0.262551486492157
obj_0207,183,llh,15.446586608886719,0.8513815402984619,0.14516854286193848,6.594861149787903,0.3768112063407898,0.15418748557567596,25.21787166595459,10.063042640686035,0.5569591522216797,0.3731786906719208,15.870287418365479,0.9109424948692322,0.12810848653316498,15.430195331573486,0.851092517375946,0.14749911427497864,0.99609375,0.75048828125,0.35468006134033203,0.0916748046875,0.283935546875,0.017242431640625,3.438404639561971,0.3631749153137207,0.1402587890625,0.06689035147428513,0.24791458249092102,0.007727417163550854,0.262551486492157
obj_0207,183,c3_lhl,15.309826135635376,0.8558155298233032,0.15944887697696686,6.5320587158203125,0.3737344443798065,0.15517398715019226,24.418716430664062,9.258044362068176,0.524138867855072,0.3760233223438263,15.807485580444336,0.9104828238487244,0.12851084768772125,15.293196439743042,0.8554593920707703,0.1613730937242508,0.99609375,0.7509765625,0.33726462721824646,0.08636474609375,0.289794921875,0.0186004638671875,3.829043706258138,0.3576149642467499,0.151611328125,0.06689035147428513,0.24791458249092102,0.007727417163550854,0.262551486492157
obj_0208,184,fixed_mean,17.8226637840271,0.899739682674408,0.11277635395526886,7.3504698276519775,0.22217461466789246,0.0719543918967247,19.058643579483032,7.0760297775268555,0.4452076852321625,0.20992405712604523,23.580315113067627,0.9832037091255188,0.05318313091993332,17.472695112228394,0.896048903465271,0.1218423917889595,0.892578125,0.7890625,0.47518378496170044,0.008636474609375,0.48583984375,0.03814697265625,3.028088410695394,0.4101172089576721,0.26904296875,0.011202269233763218,0.7958318591117859,0.08328827470541,0.3664725720882416
obj_0208,184,hll,17.036787271499634,0.8964255452156067,0.12070893496274948,7.235279083251953,0.26110902428627014,0.07344536483287811,18.05362820625305,6.811348795890808,0.4403887391090393,0.27958717942237854,23.465123176574707,0.9843741655349731,0.05602623522281647,16.710426807403564,0.8926447033882141,0.1295803338289261,0.892578125,0.78125,0.4477986991405487,0.00598907470703125,0.434326171875,0.036773681640625,2.231205940246582,0.4140539765357971,0.275390625,0.011202269233763218,0.7958318591117859,0.08328827470541,0.3664725720882416
obj_0208,184,llh,18.897265195846558,0.8983559012413025,0.10348963737487793,7.895683646202087,0.1866389960050583,0.07090546190738678,20.341789722442627,7.9378509521484375,0.4560838043689728,0.13284419476985931,24.12552833557129,0.9813846945762634,0.048651352524757385,18.54426860809326,0.8941484689712524,0.11324131488800049,0.892578125,0.7607421875,0.5157865285873413,0.0162811279296875,0.53271484375,0.0338134765625,4.357775847117106,0.401458203792572,0.25830078125,0.011202269233763218,0.7958318591117859,0.08328827470541,0.3664725720882416
obj_0208,184,c3_lhl,18.290990591049194,0.8983840942382812,0.11373551934957504,7.4266499280929565,0.1761617213487625,0.074284628033638,19.67799186706543,7.1816593408584595,0.44026273488998413,0.1419447809457779,23.656492233276367,0.9818708896636963,0.0565573126077652,17.89548397064209,0.8940932154655457,0.1243339478969574,0.892578125,0.7880859375,0.4566628336906433,0.0175933837890625,0.5,0.046356201171875,3.348681608835856,0.416626513004303,0.27783203125,0.011202269233763218,0.7958318591117859,0.08328827470541,0.3664725720882416
obj_0209,185,fixed_mean,13.820654153823853,0.8427539467811584,0.2259511500597,9.41465675830841,0.6173357963562012,0.28865110874176025,33.59445095062256,12.868095636367798,0.6551372408866882,0.620733916759491,13.85002851486206,0.8462942242622375,0.21898457407951355,13.820654153823853,0.8427539467811584,0.2259511500597,1.0,0.736328125,0.5260691046714783,0.0243377685546875,0.15966796875,0.009918212890625,2.6805233160654702,0.44648995995521545,0.0849609375,0.06538263708353043,0.11771697551012039,0.0025656833313405514,0.28373128175735474
obj_0209,185,hll,12.726284265518188,0.818274199962616,0.22794850170612335,8.326750993728638,0.5785558819770813,0.29741671681404114,31.639418601989746,11.651290655136108,0.6242943406105042,0.5822281837463379,12.762123346328735,0.8221809267997742,0.22317568957805634,12.726284265518188,0.818274199962616,0.22794850170612335,1.0,0.7861328125,0.522847056388855,0.02734375,0.1558837890625,0.0125885009765625,2.6471027533213296,0.46126705408096313,0.09100341796875,0.06538263708353043,0.11771697551012039,0.0025656833313405514,0.28373128175735474
obj_0209,185,llh,14.48857069015503,0.8531831502914429,0.2309466302394867,10.080599784851074,0.6330084800720215,0.29000359773635864,34.56305265426636,13.633894920349121,0.6632397770881653,0.6365457773208618,14.515972137451172,0.8566856980323792,0.2214675098657608,14.48857069015503,0.8531831502914429,0.2309466302394867,1.0,0.70703125,0.5234112739562988,0.0227508544921875,0.158203125,0.00847625732421875,2.5310327212015786,0.4315735399723053,0.08343505859375,0.06538263708353043,0.11771697551012039,0.0025656833313405514,0.28373128175735474
obj_0209,185,c3_lhl,14.831476211547852,0.8598712086677551,0.22142234444618225,10.425907373428345,0.6507241129875183,0.28461384773254395,34.54226493835449,13.574684858322144,0.6506856083869934,0.656076967716217,14.861280918121338,0.8632433414459229,0.21050094068050385,14.831476211547852,0.8598712086677551,0.22142234444618225,1.0,0.69091796875,0.4953211545944214,0.026458740234375,0.1640625,0.00963592529296875,3.1648736000061035,0.42817699909210205,0.08868408203125,0.06538263708353043,0.11771697551012039,0.0025656833313405514,0.28373128175735474
obj_0210,186,fixed_mean,19.374492168426514,0.9045724868774414,0.08487804979085922,9.429517388343811,0.14448483288288116,0.06286397576332092,21.408755779266357,7.662847638130188,0.4821326434612274,0.11957713961601257,23.361313343048096,0.9644158482551575,0.042617276310920715,18.427894115447998,0.8889468312263489,0.09853852540254593,0.7421875,0.83203125,0.4455198347568512,0.00949859619140625,0.41845703125,0.028778076171875,2.6201632022857666,0.3473152816295624,0.2330322265625,0.022467026486992836,0.6394121646881104,0.05815473198890686,0.3930974304676056
obj_0210,186,hll,18.216179609298706,0.8943978548049927,0.09311369061470032,9.358685612678528,0.13266412913799286,0.06477941572666168,19.653844833374023,7.406333684921265,0.47316619753837585,0.11149965971708298,23.29047918319702,0.9643962979316711,0.04447730630636215,17.403006553649902,0.8770492076873779,0.10790704935789108,0.7421875,0.80712890625,0.43241074681282043,0.0115966796875,0.41552734375,0.031280517578125,2.4987639586130777,0.3468625843524933,0.237548828125,0.022467026486992836,0.6394121646881104,0.05815473198890686,0.3930974304676056
obj_0210,186,llh,20.17845392227173,0.8959729075431824,0.08141033351421356,9.738009572029114,0.15184059739112854,0.059547409415245056,22.57643222808838,8.215499520301819,0.49818506836891174,0.12153206765651703,23.669803142547607,0.964799702167511,0.04158034920692444,19.170241355895996,0.8805497884750366,0.09603653848171234,0.7421875,0.83984375,0.46134093403816223,0.0107421875,0.404541015625,0.023590087890625,2.8931161562601724,0.34965118765830994,0.2254638671875,0.022467026486992836,0.6394121646881104,0.05815473198890686,0.3930974304676056
obj_0210,186,c3_lhl,19.743645191192627,0.8972380757331848,0.08552960306406021,9.424116015434265,0.1400158703327179,0.06460204720497131,22.046067714691162,7.744660973548889,0.47380271553993225,0.11939417570829391,23.355910778045654,0.9643139243125916,0.045241840183734894,18.678505420684814,0.8803591132164001,0.1011999100446701,0.7421875,0.8212890625,0.44444629549980164,0.015869140625,0.4521484375,0.03289794921875,2.9865917364756265,0.3409634828567505,0.25244140625,0.022467026486992836,0.6394121646881104,0.05815473198890686,0.3930974304676056
obj_0211,187,fixed_mean,13.853954076766968,0.8155574202537537,0.16083192825317383,5.991348624229431,0.20511774718761444,0.20897163450717926,25.295138359069824,8.851693868637085,0.49092575907707214,0.19374315440654755,14.126068353652954,0.8649702072143555,0.13842499256134033,13.853954076766968,0.8155574202537537,0.16083192825317383,1.0,0.88525390625,0.3911926746368408,0.01763916015625,0.314697265625,0.0196990966796875,3.2461074193318686,0.3575838506221771,0.1844482421875,0.07039899379014969,0.2075566202402115,0.006319213658571243,0.27498310804367065
obj_0211,187,hll,13.150345087051392,0.8029008507728577,0.1755307912826538,5.403587222099304,0.09983071684837341,0.21515995264053345,23.108344078063965,7.967400550842285,0.4518536627292633,0.08402864634990692,13.538306951522827,0.8514924645423889,0.14052388072013855,13.150345087051392,0.8029008507728577,0.1755307912826538,1.0,0.90380859375,0.3822060823440552,0.0109710693359375,0.282958984375,0.022735595703125,1.9307477474212646,0.357164204120636,0.1917724609375,0.07039899379014969,0.2075566202402115,0.006319213658571243,0.27498310804367065
obj_0211,187,llh,14.456014633178711,0.8394926190376282,0.15142977237701416,6.532185077667236,0.27599576115608215,0.1995464712381363,26.97378158569336,9.794053435325623,0.5317115187644958,0.2648683488368988,14.666905403137207,0.8773311972618103,0.1329198181629181,14.456014633178711,0.8394926190376282,0.15142977237701416,1.0,0.86865234375,0.4146091639995575,0.01514434814453125,0.3017578125,0.0151824951171875,3.3260505199432373,0.3600935935974121,0.1695556640625,0.07039899379014969,0.2075566202402115,0.006319213658571243,0.27498310804367065
obj_0211,187,c3_lhl,14.671168327331543,0.8472532629966736,0.16323725879192352,6.845468282699585,0.2968197464942932,0.20483580231666565,25.578246116638184,9.277315735816956,0.506410539150238,0.29387199878692627,14.980189800262451,0.8798388838768005,0.13569533824920654,14.671168327331543,0.8472532629966736,0.16323725879192352,1.0,0.83642578125,0.35549163818359375,0.022186279296875,0.34423828125,0.0189361572265625,4.126181443532308,0.3338872790336609,0.1973876953125,0.07039899379014969,0.2075566202402115,0.006319213658571243,0.27498310804367065
obj_0212,188,fixed_mean,13.113747835159302,0.8018471002578735,0.2226661890745163,6.903826594352722,0.3518470525741577,0.28672319650650024,30.998249053955078,10.77389121055603,0.5528187155723572,0.3529992401599884,13.168065547943115,0.8134026527404785,0.2127411961555481,13.113747835159302,0.8018471002578735,0.2226661890745163,1.0,0.828125,0.35072243213653564,0.09759521484375,0.2763671875,0.0186614990234375,3.422696828842163,0.3936701714992523,0.1439208984375,0.048071399331092834,0.24157261848449707,0.0065036979503929615,0.2763293385505676
obj_0212,188,hll,12.42603063583374,0.7783089876174927,0.23035524785518646,6.240143179893494,0.3274828791618347,0.2897484302520752,28.731393814086914,9.704643487930298,0.5269619822502136,0.32873839139938354,12.504382133483887,0.8037470579147339,0.21687057614326477,12.42603063583374,0.7783089876174927,0.23035524785518646,1.0,0.86083984375,0.34054216742515564,0.0902099609375,0.2509765625,0.019256591796875,3.3599626223246255,0.385893315076828,0.1492919921875,0.048071399331092834,0.24157261848449707,0.0065036979503929615,0.2763293385505676
obj_0212,188,llh,13.520632982254028,0.8083241581916809,0.2242864966392517,7.30182945728302,0.33724358677864075,0.2843666970729828,32.1760892868042,11.541943550109863,0.5770090818405151,0.33566999435424805,13.566068410873413,0.8162029981613159,0.2144862711429596,13.520632982254028,0.8083241581916809,0.2242864966392517,1.0,0.8095703125,0.3549826443195343,0.0943603515625,0.281982421875,0.0179443359375,3.3948233922322593,0.40772539377212524,0.1358642578125,0.048071399331092834,0.24157261848449707,0.0065036979503929615,0.2763293385505676
obj_0212,188,c3_lhl,13.497684001922607,0.8148403167724609,0.2125377357006073,7.2994208335876465,0.36293065547943115,0.2745300531387329,30.543625354766846,10.59801697731018,0.5421833992004395,0.3652825951576233,13.563659191131592,0.8195253014564514,0.2026538997888565,13.497684001922607,0.8148403167724609,0.2125377357006073,1.0,0.80419921875,0.33109989762306213,0.09820556640625,0.28759765625,0.019073486328125,3.837120612462362,0.38012853264808655,0.1483154296875,0.048071399331092834,0.24157261848449707,0.0065036979503929615,0.2763293385505676
obj_0213,189,fixed_mean,13.623169660568237,0.8135796785354614,0.2063174843788147,6.256176829338074,0.2709512710571289,0.23212692141532898,25.03251552581787,8.584355115890503,0.45391151309013367,0.2684466540813446,13.891088962554932,0.8552432656288147,0.17604318261146545,13.623169660568237,0.8135796785354614,0.2063174843788147,1.0,0.83984375,0.3025796115398407,0.038787841796875,0.379150390625,0.0264434814453125,4.0847400824228925,0.363163024187088,0.2025146484375,0.05087856575846672,0.28182515501976013,0.008180364966392517,0.2571871876716614
obj_0213,189,hll,12.776442766189575,0.7927582859992981,0.22613056004047394,5.497985482215881,0.20249906182289124,0.23946312069892883,22.989511489868164,7.555164098739624,0.4140382707118988,0.19894802570343018,13.132898807525635,0.8414228558540344,0.18694286048412323,12.776442766189575,0.7927582859992981,0.22613056004047394,1.0,0.86865234375,0.2739042341709137,0.040679931640625,0.3388671875,0.0290374755859375,3.182332436243693,0.355975478887558,0.218994140625,0.05087856575846672,0.28182515501976013,0.008180364966392517,0.2571871876716614
obj_0213,189,llh,14.449933767318726,0.8481577038764954,0.19594207406044006,7.030025124549866,0.3198869526386261,0.22479549050331116,26.788671016693115,9.713967442512512,0.4954836070537567,0.31640779972076416,14.664937257766724,0.8665542602539062,0.17212074995040894,14.449933767318726,0.8481577038764954,0.19594207406044006,1.0,0.806640625,0.32370129227638245,0.03704833984375,0.37109375,0.0211181640625,4.068065325419108,0.3643569350242615,0.18310546875,0.05087856575846672,0.28182515501976013,0.008180364966392517,0.2571871876716614
obj_0213,189,c3_lhl,14.192088842391968,0.8483288288116455,0.2150588035583496,6.881550550460815,0.295826256275177,0.22770267724990845,24.798927307128906,8.793969750404358,0.45319586992263794,0.2976751923561096,14.516462087631226,0.8634360432624817,0.1793869435787201,14.192088842391968,0.8483288288116455,0.2150588035583496,1.0,0.79931640625,0.2840944230556488,0.036102294921875,0.392822265625,0.0290374755859375,4.521605491638184,0.34984174370765686,0.2156982421875,0.05087856575846672,0.28182515501976013,0.008180364966392517,0.2571871876716614
obj_0214,190,fixed_mean,15.554890632629395,0.8638878464698792,0.14718474447727203,5.560510754585266,0.17359626293182373,0.15948359668254852,23.80115270614624,9.209433794021606,0.5382421612739563,0.14671239256858826,16.1938214302063,0.9212202429771423,0.11262577027082443,14.964197874069214,0.8513332605361938,0.16635805368423462,0.86328125,0.8564453125,0.4414685368537903,0.0239105224609375,0.424072265625,0.0268707275390625,3.1106221675872803,0.36676257848739624,0.203125,0.10192272812128067,0.3237001597881317,0.011225301772356033,0.2778466045856476
obj_0214,190,hll,14.848982095718384,0.858720064163208,0.15191209316253662,5.204923748970032,0.11733122169971466,0.1603098213672638,21.366405487060547,8.095638155937195,0.4965680241584778,0.08993243426084518,15.838234424591064,0.9177188873291016,0.11192217469215393,14.287571907043457,0.8453865051269531,0.17068158090114594,0.86328125,0.85986328125,0.42818254232406616,0.0167999267578125,0.365234375,0.028839111328125,2.127276062965393,0.3681035041809082,0.2015380859375,0.10192272812128067,0.3237001597881317,0.011225301772356033,0.2778466045856476
obj_0214,190,llh,16.252684593200684,0.863064169883728,0.13329359889030457,6.052016615867615,0.22822317481040955,0.1551050841808319,26.091156005859375,10.3441321849823,0.574619472026825,0.20095276832580566,16.685328483581543,0.9262068271636963,0.10795168578624725,15.646227598190308,0.8514399528503418,0.15182994306087494,0.86328125,0.8408203125,0.46895885467529297,0.025146484375,0.441162109375,0.0232086181640625,3.7819719314575195,0.36940667033195496,0.195556640625,0.10192272812128067,0.3237001597881317,0.011225301772356033,0.2778466045856476
obj_0214,190,c3_lhl,16.078951358795166,0.8678630590438843,0.1445118486881256,6.0164874792099,0.2209433913230896,0.1565362811088562,24.781317710876465,9.268907308578491,0.5343577861785889,0.20219719409942627,16.649798154830933,0.9255383610725403,0.1101236641407013,15.463725328445435,0.8560776710510254,0.1643279790878296,0.86328125,0.83447265625,0.4233536124229431,0.0293426513671875,0.42626953125,0.02862548828125,3.6219851970672607,0.3605910539627075,0.2098388671875,0.10192272812128067,0.3237001597881317,0.011225301772356033,0.2778466045856476
obj_0215,191,fixed_mean,15.417417287826538,0.8427436947822571,0.14858441054821014,7.33199417591095,0.351331502199173,0.15245291590690613,21.362385749816895,7.843739986419678,0.46848633885383606,0.3566770851612091,16.51713490486145,0.9007666707038879,0.1162634789943695,15.120184421539307,0.8351311087608337,0.16032782196998596,0.9296875,0.8095703125,0.36719977855682373,0.11505126953125,0.27392578125,0.0170440673828125,2.8817368348439536,0.34690311551094055,0.1656494140625,0.16251811385154724,0.3370792865753174,0.014604619704186916,0.3008013069629669
obj_0215,191,hll,14.738718271255493,0.83448725938797,0.15764328837394714,6.8431782722473145,0.310323566198349,0.1522146314382553,20.08254051208496,7.350434064865112,0.4403512179851532,0.3151644468307495,16.02831721305847,0.8962576389312744,0.11666713654994965,14.4504714012146,0.8267484903335571,0.16779851913452148,0.9296875,0.81884765625,0.34001579880714417,0.09686279296875,0.237548828125,0.017333984375,2.3230348428090415,0.34200698137283325,0.171630859375,0.16251811385154724,0.3370792865753174,0.014604619704186916,0.3008013069629669
obj_0215,191,llh,16.081622838974,0.8412691950798035,0.14837577939033508,7.823429107666016,0.38293761014938354,0.1492973268032074,22.68582820892334,8.721960186958313,0.5001974105834961,0.3855927884578705,17.008568048477173,0.9057731628417969,0.11304646730422974,15.778746604919434,0.8341394066810608,0.15884029865264893,0.9296875,0.7998046875,0.3822190463542938,0.124755859375,0.28173828125,0.01445770263671875,3.307506243387858,0.34991204738616943,0.1551513671875,0.16251811385154724,0.3370792865753174,0.014604619704186916,0.3008013069629669
obj_0215,191,c3_lhl,15.784341096878052,0.8444690704345703,0.15207721292972565,7.6268428564071655,0.3626677691936493,0.148091658949852,21.98913335800171,8.199577927589417,0.4609227776527405,0.3702741265296936,16.811983585357666,0.904362678527832,0.11180637776851654,15.477349758148193,0.8371250033378601,0.1632978916168213,0.9296875,0.7998046875,0.3509978652000427,0.11187744140625,0.277099609375,0.0180816650390625,3.2917913595835366,0.33799150586128235,0.1767578125,0.16251811385154724,0.3370792865753174,0.014604619704186916,0.3008013069629669
obj_0216,192,fixed_mean,14.842005968093872,0.848141074180603,0.17268803715705872,6.127334237098694,0.28321418166160583,0.1834290623664856,23.26958179473877,8.596779704093933,0.4888407588005066,0.27773433923721313,15.430704355239868,0.9057373404502869,0.13008366525173187,14.842005968093872,0.848141074180603,0.17268803715705872,1.0,0.8203125,0.37455588579177856,0.0323486328125,0.32373046875,0.026031494140625,3.25433619817098,0.37869739532470703,0.173583984375,0.017284531146287918,0.27114954590797424,0.01181184034794569,0.26829099655151367
obj_0216,192,hll,14.00192379951477,0.8363606333732605,0.19263407588005066,5.523017644882202,0.23221337795257568,0.18686312437057495,21.081392765045166,7.7313584089279175,0.453206330537796,0.22629985213279724,14.826390743255615,0.8967306613922119,0.13275927305221558,14.00192379951477,0.8363606333732605,0.19263407588005066,1.0,0.841796875,0.34243762493133545,0.035675048828125,0.302978515625,0.0287017822265625,2.787195603052775,0.37586066126823425,0.1839599609375,0.017284531146287918,0.27114954590797424,0.01181184034794569,0.26829099655151367
obj_0216,192,llh,15.668078660964966,0.8484016060829163,0.15822921693325043,6.809139251708984,0.33364373445510864,0.17447029054164886,25.245842933654785,9.786280393600464,0.5325978994369507,0.32460057735443115,16.112511157989502,0.9139102101325989,0.12402597814798355,15.668078660964966,0.8484016060829163,0.15822921693325043,1.0,0.7958984375,0.4043745696544647,0.0302581787109375,0.3154296875,0.0208740234375,3.491781314214071,0.38036802411079407,0.154296875,0.017284531146287918,0.27114954590797424,0.01181184034794569,0.26829099655151367
obj_0216,192,c3_lhl,15.172109603881836,0.8510411977767944,0.18623830378055573,6.486409902572632,0.3139410614967346,0.1835085153579712,23.40519905090332,8.625291585922241,0.48158934712409973,0.31344932317733765,15.78978180885315,0.91038978099823,0.13198280334472656,15.172109603881836,0.8510411977767944,0.18623830378055573,1.0,0.80322265625,0.3504605293273926,0.033782958984375,0.326904296875,0.028778076171875,3.632396380106608,0.36500874161720276,0.185791015625,0.017284531146287918,0.27114954590797424,0.01181184034794569,0.26829099655151367
obj_0217,193,fixed_mean,17.07782745361328,0.8946041464805603,0.09777498245239258,5.90013861656189,0.12910836935043335,0.10366533696651459,22.42004156112671,7.753732800483704,0.505827009677887,0.10597613453865051,18.48125457763672,0.9484660029411316,0.07004223018884659,15.875213146209717,0.8728721737861633,0.11793366074562073,0.73046875,0.85693359375,0.3529128432273865,0.025299072265625,0.3896484375,0.02410888671875,3.296918789545695,0.39653480052948,0.1708984375,0.009573125280439854,0.46097448468208313,0.02548901177942753,0.2872830033302307
obj_0217,193,hll,16.29579782485962,0.8904544115066528,0.1126483753323555,5.658548474311829,0.09220308810472488,0.10771951079368591,20.476150512695312,7.2156476974487305,0.49751120805740356,0.06775863468647003,18.23966145515442,0.9474261403083801,0.07215911895036697,15.177494287490845,0.8677746057510376,0.12937813997268677,0.73046875,0.85107421875,0.34822219610214233,0.0206756591796875,0.37890625,0.0269622802734375,2.7462147871653237,0.4034390151500702,0.1680908203125,0.009573125280439854,0.46097448468208313,0.02548901177942753,0.2872830033302307
obj_0217,193,llh,17.65812635421753,0.8918929696083069,0.09140433371067047,6.150791645050049,0.1507425606250763,0.10074631124734879,24.006080627441406,8.610067963600159,0.5395285487174988,0.12342694401741028,18.731905221939087,0.94948410987854,0.068840391933918,16.413155794143677,0.8720507621765137,0.11270742118358612,0.73046875,0.85107421875,0.3596433997154236,0.0284881591796875,0.392333984375,0.0209197998046875,3.634495258331299,0.3836645781993866,0.177734375,0.009573125280439854,0.46097448468208313,0.02548901177942753,0.2872830033302307
obj_0217,193,c3_lhl,17.521579265594482,0.8939263224601746,0.10269558429718018,6.236538290977478,0.13822533190250397,0.10405537486076355,23.158485889434814,8.068203926086426,0.5145413875579834,0.11799392849206924,18.81765127182007,0.9493938088417053,0.0699622854590416,16.25616431236267,0.8725534081459045,0.12141343206167221,0.73046875,0.84228515625,0.3736855685710907,0.0266265869140625,0.41845703125,0.02764892578125,3.802941163380941,0.38877928256988525,0.184326171875,0.009573125280439854,0.46097448468208313,0.02548901177942753,0.2872830033302307
obj_0218,194,fixed_mean,14.28873062133789,0.8269718289375305,0.17274318635463715,6.416722536087036,0.328413188457489,0.2013467699289322,22.573115825653076,8.077219724655151,0.4863126277923584,0.3226606845855713,14.880068302154541,0.8905857801437378,0.14896568655967712,14.28873062133789,0.8269718289375305,0.17274318635463715,1.0,0.8076171875,0.37153249979019165,0.0280914306640625,0.34130859375,0.0179290771484375,3.9105213483174643,0.3494883179664612,0.1654052734375,0.06972188502550125,0.3149586319923401,0.012609196826815605,0.26366811990737915
obj_0218,194,hll,13.048337697982788,0.8084622025489807,0.18437223136425018,5.281844139099121,0.1829051673412323,0.2071281522512436,20.671133995056152,6.91852331161499,0.4454739987850189,0.16830113530158997,13.745191097259521,0.8719615936279297,0.15460582077503204,13.048337697982788,0.8084622025489807,0.18437223136425018,1.0,0.85546875,0.3375664949417114,0.0247955322265625,0.33056640625,0.0189056396484375,3.545462131500244,0.345923513174057,0.1861572265625,0.06972188502550125,0.3149586319923401,0.012609196826815605,0.26366811990737915
obj_0218,194,llh,14.964725971221924,0.8480375409126282,0.17123213410377502,6.987782120704651,0.36250439286231995,0.19536882638931274,24.04613494873047,9.116821885108948,0.5158863663673401,0.3547353446483612,15.451127290725708,0.8977394104003906,0.14555004239082336,14.964725971221924,0.8480375409126282,0.17123213410377502,1.0,0.787109375,0.39701277017593384,0.0233917236328125,0.33251953125,0.0158843994140625,3.984459718068441,0.34944844245910645,0.1539306640625,0.06972188502550125,0.3149586319923401,0.012609196826815605,0.26366811990737915
obj_0218,194,c3_lhl,15.02398133277893,0.8544867038726807,0.1675274521112442,7.239058017730713,0.36287733912467957,0.1938261091709137,22.75420904159546,8.426503539085388,0.4900657534599304,0.3622010350227356,15.702404975891113,0.8986589908599854,0.14270059764385223,15.02398133277893,0.8544867038726807,0.1675274521112442,1.0,0.76171875,0.35746467113494873,0.024261474609375,0.34326171875,0.0159759521484375,4.490267276763916,0.3338507413864136,0.1749267578125,0.06972188502550125,0.3149586319923401,0.012609196826815605,0.26366811990737915
obj_0219,195,fixed_mean,13.70247483253479,0.8381754755973816,0.17300954461097717,6.28501832485199,0.4490380883216858,0.2299792468547821,28.454558849334717,9.852425456047058,0.5650280714035034,0.45268458127975464,13.823935985565186,0.8780294060707092,0.1579744964838028,13.512866497039795,0.8332781195640564,0.17174221575260162,0.95703125,0.849609375,0.5440155863761902,0.02471923828125,0.2335205078125,0.018829345703125,3.0335634549458823,0.37470686435699463,0.1353759765625,0.10077914595603943,0.1194300651550293,0.004662389867007732,0.24439583718776703
obj_0219,195,hll,12.64905333518982,0.8077473044395447,0.1894885152578354,5.341241359710693,0.2800234258174896,0.2394857555627823,24.6618390083313,8.605088591575623,0.5108828544616699,0.27794140577316284,12.880158424377441,0.8508544564247131,0.1657160371541977,12.460547685623169,0.8014972805976868,0.18880751729011536,0.95703125,0.89599609375,0.5125201344490051,0.019683837890625,0.2083740234375,0.0181121826171875,2.4706483681996665,0.3650828003883362,0.1422119140625,0.10077914595603943,0.1194300651550293,0.004662389867007732,0.24439583718776703
obj_0219,195,llh,14.464927911758423,0.8494135737419128,0.16359473764896393,7.024003267288208,0.533990740776062,0.2201453596353531,30.137791633605957,11.066410541534424,0.597458004951477,0.538594663143158,14.562920331954956,0.8930689692497253,0.1525074690580368,14.274948835372925,0.8452926874160767,0.16452938318252563,0.95703125,0.81494140625,0.5610002875328064,0.02777099609375,0.2305908203125,0.01416778564453125,2.802586237589518,0.3736990988254547,0.1268310546875,0.10077914595603943,0.1194300651550293,0.004662389867007732,0.24439583718776703
obj_0219,195,c3_lhl,14.075051546096802,0.8509948253631592,0.1803288459777832,6.711300015449524,0.49512794613838196,0.22756126523017883,27.263705730438232,9.812308549880981,0.557700514793396,0.5026798844337463,14.250216484069824,0.8876402974128723,0.15847653150558472,13.884538412094116,0.8464388251304626,0.1797783523797989,0.95703125,0.8291015625,0.5338069200515747,0.026214599609375,0.25048828125,0.020263671875,3.6652743021647134,0.3669568598270416,0.1441650390625,0.10077914595603943,0.1194300651550293,0.004662389867007732,0.24439583718776703
obj_0220,196,fixed_mean,14.919929504394531,0.8742483854293823,0.128886416554451,4.685663282871246,0.2027689814567566,0.15306423604488373,24.962100982666016,8.799264430999756,0.5270963907241821,0.1880485862493515,15.331900119781494,0.9221768975257874,0.10957930237054825,14.16397213935852,0.8589439988136292,0.15022766590118408,0.833984375,0.85107421875,0.4437456429004669,0.0281829833984375,0.3720703125,0.0240631103515625,3.222731113433838,0.3593379855155945,0.20263671875,0.059302106499671936,0.1971854716539383,0.01661696657538414,0.26102811098098755
obj_0220,196,hll,14.262710809707642,0.8630618453025818,0.13777916133403778,4.31319922208786,0.12973463535308838,0.15733937919139862,22.162277698516846,7.833808660507202,0.4873349070549011,0.11297614872455597,14.959436655044556,0.9173962473869324,0.11061465740203857,13.535442352294922,0.8460267186164856,0.15846703946590424,0.833984375,0.85546875,0.4175586700439453,0.027008056640625,0.33837890625,0.0257720947265625,2.4909406900405884,0.360076904296875,0.209228515625,0.059302106499671936,0.1971854716539383,0.01661696657538414,0.26102811098098755
obj_0220,196,llh,15.632306337356567,0.8727183938026428,0.12459968030452728,5.222147107124329,0.26581910252571106,0.1466764211654663,28.00572395324707,10.043898820877075,0.5710381269454956,0.24874751269817352,15.868384838104248,0.928209125995636,0.10559993237257004,14.85807180404663,0.8587481379508972,0.14538845419883728,0.833984375,0.837890625,0.4752832353115082,0.0241851806640625,0.37841796875,0.0192718505859375,3.650318145751953,0.36510196328163147,0.182373046875,0.059302106499671936,0.1971854716539383,0.01661696657538414,0.26102811098098755
obj_0220,196,c3_lhl,15.348116159439087,0.8728998303413391,0.1346922516822815,5.059295296669006,0.22924424707889557,0.1531912088394165,25.980334281921387,8.806426525115967,0.5205760598182678,0.2191542536020279,15.70553183555603,0.9253824353218079,0.10951213538646698,14.570738077163696,0.8577017188072205,0.15651506185531616,0.833984375,0.833984375,0.4009561538696289,0.026519775390625,0.379150390625,0.0248565673828125,3.4360833168029785,0.34564661979675293,0.2164306640625,0.059302106499671936,0.1971854716539383,0.01661696657538414,0.26102811098098755
obj_0221,197,fixed_mean,18.225308656692505,0.9124400019645691,0.10981777310371399,5.902193784713745,0.1551918089389801,0.09114551544189453,19.930269718170166,6.146609783172607,0.46374887228012085,0.12188936769962311,22.935361862182617,0.9818539023399353,0.059754885733127594,17.988882064819336,0.9106050729751587,0.11984487622976303,0.92578125,0.8076171875,0.48548752069473267,0.01422119140625,0.6455078125,0.04901123046875,3.8079498608907065,0.38781651854515076,0.2042236328125,0.02582399733364582,0.7483444809913635,0.046042583882808685,0.29965028166770935
obj_0221,197,hll,16.566545963287354,0.9035232663154602,0.12890473008155823,5.484820604324341,0.11619017273187637,0.09549084305763245,17.752375602722168,5.5724650621414185,0.4402845501899719,0.08546030521392822,22.517988681793213,0.9812623262405396,0.06217116117477417,16.36967420578003,0.9015639424324036,0.13746929168701172,0.92578125,0.80322265625,0.4038254916667938,0.0091400146484375,0.52587890625,0.0467529296875,2.8239120642344155,0.3954322934150696,0.2059326171875,0.02582399733364582,0.7483444809913635,0.046042583882808685,0.29965028166770935
obj_0221,197,llh,20.206410884857178,0.912042498588562,0.08905550837516785,7.201816439628601,0.2301805168390274,0.08105011284351349,22.305567264556885,7.444701194763184,0.5112529397010803,0.19665800034999847,24.234983921051025,0.9835380911827087,0.05405420809984207,19.95258331298828,0.9102343320846558,0.09592019021511078,0.92578125,0.75537109375,0.5502883195877075,0.0257720947265625,0.736328125,0.048004150390625,4.969346205393474,0.3752190172672272,0.19140625,0.02582399733364582,0.7483444809913635,0.046042583882808685,0.29965028166770935
obj_0221,197,c3_lhl,18.747389316558838,0.9155675172805786,0.11474351584911346,6.046382188796997,0.1577177345752716,0.09289412945508957,20.658822059631348,6.252871155738831,0.46585148572921753,0.1303771734237671,23.07955026626587,0.9818710684776306,0.060939639806747437,18.472591638565063,0.9136250019073486,0.12430787831544876,0.92578125,0.80078125,0.4730008542537689,0.01904296875,0.68017578125,0.05987548828125,4.022511800130208,0.3850061297416687,0.2330322265625,0.02582399733364582,0.7483444809913635,0.046042583882808685,0.29965028166770935
obj_0222,198,fixed_mean,14.071681499481201,0.8598520159721375,0.15088289976119995,4.257881343364716,0.15423686802387238,0.16125701367855072,23.51475238800049,8.30439031124115,0.4765723943710327,0.13873957097530365,14.543945789337158,0.9144150614738464,0.12335216999053955,14.039008617401123,0.8593252301216125,0.1579211801290512,0.9921875,0.82470703125,0.35710564255714417,0.0242919921875,0.389404296875,0.0239105224609375,3.778817097345988,0.35533997416496277,0.220947265625,0.00650703813880682,0.22802993655204773,0.01185979787260294,0.2628996968269348
obj_0222,198,hll,13.243807554244995,0.8498082160949707,0.1671939343214035,3.714938759803772,0.07476763427257538,0.16663536429405212,20.775747299194336,7.2389280796051025,0.4434950053691864,0.05644383281469345,14.001003503799438,0.9090302586555481,0.1274203360080719,13.21221113204956,0.8491944670677185,0.17165078222751617,0.9921875,0.83984375,0.3426845967769623,0.0125579833984375,0.353271484375,0.02581787109375,2.548736492792765,0.3578087389469147,0.2296142578125,0.00650703813880682,0.22802993655204773,0.01185979787260294,0.2628996968269348
obj_0222,198,llh,14.653575420379639,0.8571289777755737,0.13903076946735382,4.650313854217529,0.20121854543685913,0.15550287067890167,26.2302827835083,9.586802124977112,0.5142336487770081,0.18355317413806915,14.936379194259644,0.9182658791542053,0.12153685837984085,14.620212316513062,0.8566049933433533,0.14549848437309265,0.9921875,0.814453125,0.38648495078086853,0.0253753662109375,0.386474609375,0.02191162109375,4.06800643603007,0.36096498370170593,0.2142333984375,0.00650703813880682,0.22802993655204773,0.01185979787260294,0.2628996968269348
obj_0222,198,c3_lhl,14.647250175476074,0.8623616695404053,0.1552446186542511,4.8288679122924805,0.1958840936422348,0.15908071398735046,24.13041114807129,8.564895391464233,0.468758225440979,0.18795627355575562,15.1149320602417,0.9191120862960815,0.1252831518650055,14.613744020462036,0.8618137240409851,0.16069269180297852,0.9921875,0.78955078125,0.32445186376571655,0.024993896484375,0.39599609375,0.0250396728515625,3.99327286084493,0.3461202085018158,0.2318115234375,0.00650703813880682,0.22802993655204773,0.01185979787260294,0.2628996968269348
obj_0223,199,fixed_mean,17.338414192199707,0.8899372220039368,0.11185236275196075,6.201319098472595,0.1415584534406662,0.0908120647072792,21.98617696762085,7.9292213916778564,0.48096752166748047,0.12166248261928558,19.046223163604736,0.9523112177848816,0.0726165622472763,17.1741783618927,0.8877269625663757,0.11828257143497467,0.9557291666666666,0.79736328125,0.3770568072795868,0.03289794921875,0.4970703125,0.046142578125,3.7177215417226157,0.3714815676212311,0.2337646484375,0.03363148868083954,0.6536749005317688,0.0399864986538887,0.30567821860313416
obj_0223,199,hll,16.50928020477295,0.8858736753463745,0.12263882905244827,5.857529640197754,0.11075658351182938,0.09625449776649475,20.29531478881836,7.308326959609985,0.45483845472335815,0.09410273283720016,18.702434301376343,0.9508152008056641,0.0755084902048111,16.3543701171875,0.883826494216919,0.12932389974594116,0.9557291666666666,0.79638671875,0.3356205224990845,0.02813720703125,0.47607421875,0.0587158203125,3.2995804150899253,0.37764254212379456,0.2489013671875,0.03363148868083954,0.6536749005317688,0.0399864986538887,0.30567821860313416
obj_0223,199,llh,18.12014937400818,0.8862333297729492,0.09683027863502502,6.649167537689209,0.17496097087860107,0.08389560133218765,23.555591106414795,8.90140414237976,0.5148963928222656,0.14790116250514984,19.494071006774902,0.9541246891021729,0.0697699785232544,17.951109409332275,0.8841553330421448,0.10211986303329468,0.9557291666666666,0.79150390625,0.40330979228019714,0.034820556640625,0.5009765625,0.037933349609375,4.125297387440999,0.37529709935188293,0.2115478515625,0.03363148868083954,0.6536749005317688,0.0399864986538887,0.30567821860313416
obj_0223,199,c3_lhl,17.70959973335266,0.8870324492454529,0.1131710335612297,6.419292688369751,0.1423981934785843,0.09220066666603088,22.693753242492676,7.912225723266602,0.46839550137519836,0.12781184911727905,19.26419734954834,0.9524977207183838,0.07381705939769745,17.534620761871338,0.8847615718841553,0.11930783838033676,0.9557291666666666,0.783203125,0.36592742800712585,0.0313720703125,0.513671875,0.06005859375,4.046484470367432,0.3727054297924042,0.250244140625,0.03363148868083954,0.6536749005317688,0.0399864986538887,0.30567821860313416
obj_0224,200,fixed_mean,14.956791400909424,0.8556119799613953,0.15937377512454987,5.595265626907349,0.19351501762866974,0.14992785453796387,21.655268669128418,6.891290545463562,0.4538269340991974,0.18978793919086456,15.892906188964844,0.9147394299507141,0.1256616711616516,14.525166749954224,0.8460365533828735,0.1748110055923462,0.8984375,0.84375,0.22069254517555237,0.06396484375,0.221435546875,0.0145111083984375,2.955712159474691,0.405923992395401,0.1427001953125,0.05681443586945534,0.36316293478012085,0.015171757899224758,0.29321300983428955
obj_0224,200,hll,14.156018495559692,0.8477283120155334,0.17767009139060974,5.072593092918396,0.14065909385681152,0.15893349051475525,19.85814929008484,6.084044575691223,0.4205426573753357,0.1374501883983612,15.370233058929443,0.9109253287315369,0.13203784823417664,13.737947940826416,0.8375958800315857,0.19321323931217194,0.8984375,0.85595703125,0.18578822910785675,0.054901123046875,0.189208984375,0.0165557861328125,2.266857147216797,0.3936878740787506,0.1588134765625,0.05681443586945534,0.36316293478012085,0.015171757899224758,0.29321300983428955
obj_0224,200,llh,15.57892918586731,0.8518911600112915,0.14697137475013733,5.997725129127502,0.2135373055934906,0.14249561727046967,23.332557678222656,7.9153889417648315,0.48496100306510925,0.20569461584091187,16.29536509513855,0.9171676635742188,0.11931704729795456,15.136675834655762,0.842423141002655,0.16280777752399445,0.8984375,0.833984375,0.25667595863342285,0.06365966796875,0.234130859375,0.0133056640625,3.5128835837046304,0.40788453817367554,0.139404296875,0.05681443586945534,0.36316293478012085,0.015171757899224758,0.29321300983428955
obj_0224,200,c3_lhl,15.409790277481079,0.8526199460029602,0.1631132811307907,5.966486930847168,0.20270153880119324,0.14895963668823242,22.46577501296997,7.130302786827087,0.4487920105457306,0.20160438120365143,16.264127492904663,0.9167584180831909,0.12559956312179565,14.962446689605713,0.8427425622940063,0.178965225815773,0.8984375,0.830078125,0.21053142845630646,0.06085205078125,0.236328125,0.0191497802734375,3.2961771488189697,0.39698442816734314,0.158447265625,0.05681443586945534,0.36316293478012085,0.015171757899224758,0.29321300983428955
obj_0225,201,fixed_mean,14.673641920089722,0.8613412380218506,0.13870133459568024,5.003015398979187,0.1965009868144989,0.16201817989349365,24.5223331451416,8.648881316184998,0.5104284286499023,0.1857290416955948,15.099573135375977,0.9116611480712891,0.11582615971565247,14.32337999343872,0.8539855480194092,0.14899124205112457,0.9192708333333334,0.8642578125,0.4224437177181244,0.033935546875,0.342529296875,0.025634765625,2.9116358757019043,0.38625824451446533,0.1807861328125,0.09474219381809235,0.2027340829372406,0.006753072142601013,0.2636134922504425
obj_0225,201,hll,13.926197290420532,0.8525139689445496,0.15776512026786804,4.552868604660034,0.12064097821712494,0.1643141657114029,21.620898246765137,7.631262540817261,0.46840929985046387,0.10742834210395813,14.649425745010376,0.9062705636024475,0.11644488573074341,13.590351343154907,0.8443451523780823,0.1686427891254425,0.9192708333333334,0.875,0.415149062871933,0.022308349609375,0.284912109375,0.026702880859375,1.8753513097763062,0.3862726390361786,0.1793212890625,0.09474219381809235,0.2027340829372406,0.006753072142601013,0.2636134922504425
obj_0225,201,llh,15.313379764556885,0.8624640703201294,0.1366703063249588,5.5006492137908936,0.2554544508457184,0.15822231769561768,26.854841709136963,9.783555269241333,0.5516500473022461,0.24233511090278625,15.59720754623413,0.9174721240997314,0.11703209578990936,14.957050085067749,0.8552794456481934,0.14690354466438293,0.9192708333333334,0.8466796875,0.45230117440223694,0.03875732421875,0.3544921875,0.02142333984375,3.3968640168507895,0.3886784315109253,0.168701171875,0.09474219381809235,0.2027340829372406,0.006753072142601013,0.2636134922504425
obj_0225,201,c3_lhl,15.137176513671875,0.8658245205879211,0.14970505237579346,5.450850129127502,0.23456725478172302,0.16149428486824036,25.141260623931885,8.84655475616455,0.5089340209960938,0.22893208265304565,15.547407865524292,0.9161972403526306,0.11565776914358139,14.778730869293213,0.8585222363471985,0.16069020330905914,0.9192708333333334,0.8427734375,0.3986334800720215,0.03277587890625,0.356689453125,0.0274658203125,3.3197904427846274,0.3665427565574646,0.190673828125,0.09474219381809235,0.2027340829372406,0.006753072142601013,0.2636134922504425
obj_0226,202,fixed_mean,20.898044109344482,0.9310606718063354,0.12272678315639496,9.70797061920166,0.16205602884292603,0.06310924887657166,21.281864643096924,11.792244911193848,0.5416638851165771,0.14713731408119202,31.31178855895996,0.9944180250167847,0.07383760809898376,20.696661472320557,0.9285632967948914,0.13460581004619598,0.83984375,0.32763671875,0.5548802614212036,0.02813720703125,0.65185546875,0.054840087890625,5.484851201375325,0.3981562852859497,0.22314453125,0.03146478906273842,1.3219822645187378,0.10451342910528183,0.40252918004989624
obj_0226,202,hll,18.673365116119385,0.92256760597229,0.14626528322696686,9.521536827087402,0.1517702043056488,0.06434804946184158,18.897476196289062,10.977489948272705,0.5320991277694702,0.15473826229572296,31.125352382659912,0.9946041107177734,0.06883959472179413,18.492822647094727,0.9196733832359314,0.15830546617507935,0.83984375,0.34228515625,0.5408464670181274,0.0341796875,0.67578125,0.0596923828125,5.498579978942871,0.3986203670501709,0.260009765625,0.03146478906273842,1.3219822645187378,0.10451342910528183,0.40252918004989624
obj_0226,202,llh,23.28265905380249,0.9332388043403625,0.11637323349714279,9.290597438812256,0.17100712656974792,0.0586295947432518,24.079110622406006,13.336613178253174,0.5603122115135193,0.1439906358718872,30.894415378570557,0.9941505789756775,0.07532059401273727,23.080413341522217,0.9312314987182617,0.12952861189842224,0.83984375,0.2587890625,0.5282080769538879,0.027252197265625,0.50634765625,0.03314208984375,5.209576606750488,0.3930179178714752,0.16162109375,0.03146478906273842,1.3219822645187378,0.10451342910528183,0.40252918004989624
obj_0226,202,c3_lhl,22.10150957107544,0.9330227971076965,0.13310295343399048,8.94191861152649,0.1601613163948059,0.06725110113620758,22.74197816848755,11.416240930557251,0.5371008515357971,0.15724879503250122,30.545737743377686,0.9937323331832886,0.08563105762004852,21.76900863647461,0.9301815629005432,0.1462699919939041,0.83984375,0.3330078125,0.5477592945098877,0.033782958984375,0.74462890625,0.07647705078125,5.550945123036702,0.3977760076522827,0.26611328125,0.03146478906273842,1.3219822645187378,0.10451342910528183,0.40252918004989624
obj_0227,203,fixed_mean,16.19244694709778,0.8111202716827393,0.178168386220932,9.109408259391785,0.31913748383522034,0.19107484817504883,25.273351669311523,9.462532997131348,0.5299623012542725,0.31337177753448486,16.658928394317627,0.8590109944343567,0.15716980397701263,16.148186922073364,0.8097208738327026,0.18143296241760254,0.9895833333333334,0.8798828125,0.4489019215106964,0.10211181640625,0.2578125,0.0179595947265625,1.936848223209381,0.37793153524398804,0.1533203125,0.25865063071250916,0.2877274751663208,0.009527570568025112,0.3114534318447113
obj_0227,203,hll,15.567933320999146,0.8053566813468933,0.20310886204242706,8.77947986125946,0.2848964333534241,0.19626756012439728,22.66678810119629,8.47475290298462,0.48325034976005554,0.28006890416145325,16.3290011882782,0.856127142906189,0.16543520987033844,15.523816347122192,0.8039381504058838,0.2070576399564743,0.9895833333333334,0.88330078125,0.39133569598197937,0.0838623046875,0.234619140625,0.0195159912109375,1.8666276534398396,0.3731413781642914,0.1572265625,0.25865063071250916,0.2877274751663208,0.009527570568025112,0.3114534318447113
obj_0227,203,llh,16.521273851394653,0.8071836829185486,0.1704956293106079,9.353376030921936,0.33044517040252686,0.18433234095573425,26.43244981765747,10.13628363609314,0.5575889348983765,0.32259121537208557,16.902897357940674,0.8608066439628601,0.1501886546611786,16.47701621055603,0.8058124780654907,0.1736963987350464,0.9895833333333334,0.8759765625,0.45875269174575806,0.11285400390625,0.264404296875,0.0149688720703125,2.0108832915623984,0.3778918981552124,0.1461181640625,0.25865063071250916,0.2877274751663208,0.009527570568025112,0.3114534318447113
obj_0227,203,c3_lhl,16.203409433364868,0.8118559122085571,0.18723779916763306,9.228012561798096,0.31442439556121826,0.18723291158676147,24.435362815856934,9.227505326271057,0.5173274278640747,0.3095811605453491,16.777533292770386,0.8605436682701111,0.15583005547523499,16.158733367919922,0.8105188012123108,0.1906299740076065,0.9895833333333334,0.87353515625,0.4262595772743225,0.11236572265625,0.26513671875,0.0181732177734375,2.2676764726638794,0.3680676221847534,0.158447265625,0.25865063071250916,0.2877274751663208,0.009527570568025112,0.3114534318447113
obj_0228,204,fixed_mean,16.35432481765747,0.874130129814148,0.15201783180236816,6.828131079673767,0.3172149658203125,0.14357106387615204,22.457032203674316,8.32765519618988,0.4551640748977661,0.32301634550094604,17.456207275390625,0.9342601895332336,0.1055908203125,16.35432481765747,0.874130129814148,0.15201783180236816,1.0,0.736328125,0.3142329454421997,0.061279296875,0.354248046875,0.0256195068359375,3.8816789786020913,0.3574972450733185,0.17919921875,0.018322551622986794,0.3561859726905823,0.014877541922032833,0.27556028962135315
obj_0228,204,hll,15.13560175895691,0.8650962114334106,0.16821587085723877,5.987653136253357,0.2681888937950134,0.15296202898025513,20.13643980026245,7.340498566627502,0.4254383146762848,0.2743905484676361,16.61572813987732,0.9290011525154114,0.11301658302545547,15.13560175895691,0.8650962114334106,0.16821587085723877,1.0,0.755859375,0.2861136496067047,0.0643310546875,0.3427734375,0.031402587890625,3.679358641306559,0.3580208718776703,0.2017822265625,0.018322551622986794,0.3561859726905823,0.014877541922032833,0.27556028962135315
obj_0228,204,llh,17.450850009918213,0.8706544637680054,0.13463598489761353,7.716742753982544,0.34673503041267395,0.1333959996700287,24.361703395843506,9.615079164505005,0.4942277669906616,0.3458673059940338,18.344818353652954,0.9386827945709229,0.09856367856264114,17.450850009918213,0.8706544637680054,0.13463598489761353,1.0,0.7080078125,0.344719797372818,0.0560302734375,0.348388671875,0.0195159912109375,4.019607067108154,0.3554448187351227,0.1553955078125,0.018322551622986794,0.3561859726905823,0.014877541922032833,0.27556028962135315
obj_0228,204,c3_lhl,16.613948345184326,0.870984673500061,0.15685445070266724,7.097974419593811,0.314716637134552,0.14529632031917572,22.681457996368408,8.34057331085205,0.4453282654285431,0.3240876793861389,17.72605061531067,0.935065507888794,0.10834748297929764,16.613948345184326,0.870984673500061,0.15685445070266724,1.0,0.72216796875,0.2984955906867981,0.061065673828125,0.362060546875,0.03082275390625,4.195453961690267,0.3479480445384979,0.1973876953125,0.018322551622986794,0.3561859726905823,0.014877541922032833,0.27556028962135315
obj_0229,205,fixed_mean,16.032568216323853,0.8738716244697571,0.15446186065673828,5.765187740325928,0.22816438972949982,0.14349374175071716,22.047312259674072,8.136951923370361,0.47632282972335815,0.2171185463666916,17.180458307266235,0.9379589557647705,0.10934914648532867,16.032568216323853,0.8738716244697571,0.15446186065673828,1.0,0.83740234375,0.46819764375686646,0.028778076171875,0.423583984375,0.0305023193359375,3.3929073015848794,0.38336753845214844,0.2073974609375,0.02542238123714924,0.3844960629940033,0.015996050089597702,0.28600892424583435
obj_0229,205,hll,15.082120895385742,0.8619011044502258,0.18426375091075897,5.265098214149475,0.14542102813720703,0.14992308616638184,19.872764348983765,7.25035548210144,0.4397810101509094,0.12953916192054749,16.680368185043335,0.9322414398193359,0.11463066935539246,15.082120895385742,0.8619011044502258,0.18426375091075897,1.0,0.84716796875,0.4222044348716736,0.0195159912109375,0.37060546875,0.0341796875,2.2634833653767905,0.38908544182777405,0.212158203125,0.02542238123714924,0.3844960629940033,0.015996050089597702,0.28600892424583435
obj_0229,205,llh,17.066047191619873,0.8774562478065491,0.13835105299949646,6.47624671459198,0.2982422709465027,0.13512930274009705,24.3576717376709,9.383742213249207,0.5164476037025452,0.28695040941238403,17.891517877578735,0.9443176984786987,0.10291923582553864,17.066047191619873,0.8774562478065491,0.13835105299949646,1.0,0.8125,0.48654958605766296,0.031707763671875,0.430908203125,0.0253143310546875,3.9344469706217446,0.38151422142982483,0.1953125,0.02542238123714924,0.3844960629940033,0.015996050089597702,0.28600892424583435
obj_0229,205,c3_lhl,16.49093270301819,0.8743643164634705,0.16666242480278015,6.153212785720825,0.2640925645828247,0.1435251235961914,22.746636867523193,8.434764742851257,0.4788025915622711,0.26114538311958313,17.568482160568237,0.9414119720458984,0.11275200545787811,16.49093270301819,0.8743643164634705,0.16666242480278015,1.0,0.8173828125,0.4640325903892517,0.03265380859375,0.43603515625,0.0350341796875,3.784069061279297,0.3753480613231659,0.218505859375,0.02542238123714924,0.3844960629940033,0.015996050089597702,0.28600892424583435
obj_0230,206,fixed_mean,14.90553617477417,0.8424723744392395,0.13968247175216675,7.567496299743652,0.2956070303916931,0.13598670065402985,18.024120330810547,5.886691212654114,0.3930742144584656,0.2969229519367218,17.40050435066223,0.9125843048095703,0.0931919515132904,14.756098985671997,0.8391174674034119,0.14888900518417358,0.96484375,0.8095703125,0.3902462422847748,0.10797119140625,0.384521484375,0.0267181396484375,3.2931527296702066,0.3640582263469696,0.174560546875,0.0839696079492569,0.5032512545585632,0.02144698239862919,0.3102133572101593
obj_0230,206,hll,14.319641590118408,0.8350034356117249,0.1508508175611496,7.106403708457947,0.25689807534217834,0.13796019554138184,17.282557487487793,5.404259562492371,0.36071574687957764,0.2580931484699249,16.939412355422974,0.9083674550056458,0.09605588763952255,14.172567129135132,0.8315150141716003,0.15785682201385498,0.96484375,0.8173828125,0.3586612343788147,0.08642578125,0.343017578125,0.0276947021484375,2.7686607837677,0.353470116853714,0.18896484375,0.0839696079492569,0.5032512545585632,0.02144698239862919,0.3102133572101593
obj_0230,206,llh,15.306777954101562,0.8369787335395813,0.13490083813667297,7.863447070121765,0.31039321422576904,0.13214580714702606,18.564882278442383,6.298186182975769,0.41697821021080017,0.30678626894950867,17.696455717086792,0.9148434400558472,0.09057284891605377,15.156193971633911,0.8335161209106445,0.14251020550727844,0.96484375,0.80908203125,0.40601712465286255,0.11175537109375,0.380859375,0.02252197265625,3.618500550587972,0.37168383598327637,0.16064453125,0.0839696079492569,0.5032512545585632,0.02144698239862919,0.3102133572101593
obj_0230,206,c3_lhl,15.113822221755981,0.8431349992752075,0.14705586433410645,7.7497851848602295,0.2899811267852783,0.1383681744337082,18.266127109527588,6.070897579193115,0.39018234610557556,0.2916339635848999,17.5827956199646,0.9150481820106506,0.09617658704519272,14.961365461349487,0.8397201299667358,0.15521658957004547,0.96484375,0.798828125,0.39755502343177795,0.1051025390625,0.419189453125,0.0288543701171875,3.7915425300598145,0.34797391295433044,0.1962890625,0.0839696079492569,0.5032512545585632,0.02144698239862919,0.3102133572101593
obj_0231,207,fixed_mean,12.357257604598999,0.8302146196365356,0.23576752841472626,5.849444270133972,0.4339761734008789,0.2755546271800995,26.200013160705566,9.162104725837708,0.510555624961853,0.4377308487892151,12.500084638595581,0.8395412564277649,0.21603718400001526,12.357257604598999,0.8302146196365356,0.23576752841472626,1.0,0.8173828125,0.34174445271492004,0.08721923828125,0.267822265625,0.0213775634765625,2.8068976402282715,0.36281004548072815,0.15966796875,0.046812739223241806,0.16182294487953186,0.005438636522740126,0.25753483176231384
obj_0231,207,hll,11.525768041610718,0.7893908619880676,0.23988236486911774,5.085187554359436,0.36573365330696106,0.27631232142448425,23.726606369018555,7.917938828468323,0.4732900559902191,0.36845698952674866,11.73582911491394,0.8227317929267883,0.21644005179405212,11.525768041610718,0.7893908619880676,0.23988236486911774,1.0,0.857421875,0.3224245011806488,0.07568359375,0.244384765625,0.0246429443359375,2.4152541160583496,0.3585648834705353,0.1724853515625,0.046812739223241806,0.16182294487953186,0.005438636522740126,0.25753483176231384
obj_0231,207,llh,13.13836932182312,0.8434725403785706,0.2361791878938675,6.597172021865845,0.4556463658809662,0.2711558938026428,28.12077283859253,10.315965414047241,0.5432466268539429,0.45622479915618896,13.247812986373901,0.8517224788665771,0.21447385847568512,13.13836932182312,0.8434725403785706,0.2361791878938675,1.0,0.77783203125,0.3684140741825104,0.08795166015625,0.273193359375,0.016448974609375,3.18423064549764,0.3602196276187897,0.1435546875,0.046812739223241806,0.16182294487953186,0.005438636522740126,0.25753483176231384
obj_0231,207,c3_lhl,12.861385345458984,0.8423946499824524,0.2382926046848297,6.383715271949768,0.4674442708492279,0.2690623998641968,25.88754415512085,9.35693621635437,0.5078179836273193,0.47503790259361267,13.034355640411377,0.851167619228363,0.21436353027820587,12.861385345458984,0.8423946499824524,0.2382926046848297,1.0,0.78076171875,0.3110705614089966,0.08319091796875,0.2724609375,0.0237884521484375,2.8659423192342124,0.34995850920677185,0.169677734375,0.046812739223241806,0.16182294487953186,0.005438636522740126,0.25753483176231384
obj_0232,208,fixed_mean,13.880449533462524,0.8140126466751099,0.18737493455410004,6.6139256954193115,0.2990936040878296,0.24449729919433594,27.65080213546753,10.166987180709839,0.5268754363059998,0.29223519563674927,14.032328128814697,0.8541420102119446,0.17670202255249023,13.685318231582642,0.8078398108482361,0.1961537003517151,0.9557291666666666,0.87890625,0.3832169473171234,0.030303955078125,0.258056640625,0.0165863037109375,2.987597862879435,0.3788512349128723,0.1422119140625,0.05139809846878052,0.2464924305677414,0.0073865437880158424,0.25952398777008057
obj_0232,208,hll,13.178294897079468,0.7978472113609314,0.19083978235721588,6.017361879348755,0.2510375380516052,0.24265901744365692,24.708750247955322,8.816076517105103,0.473726749420166,0.2454485446214676,13.43576431274414,0.8406402468681335,0.17105557024478912,12.984650135040283,0.7908948063850403,0.19709843397140503,0.9557291666666666,0.8994140625,0.345245361328125,0.032928466796875,0.2213134765625,0.0163116455078125,2.4615174929300943,0.35611459612846375,0.1546630859375,0.05139809846878052,0.2464924305677414,0.0073865437880158424,0.25952398777008057
obj_0232,208,llh,14.48628306388855,0.8184755444526672,0.18485945463180542,7.188628911972046,0.35700148344039917,0.23722964525222778,29.237353801727295,11.074180603027344,0.5658206343650818,0.34991639852523804,14.607031345367432,0.8658374547958374,0.17461185157299042,14.29076075553894,0.8128681182861328,0.19622257351875305,0.9557291666666666,0.853515625,0.3947410583496094,0.032257080078125,0.256591796875,0.0137939453125,2.940101385116577,0.3841906785964966,0.1326904296875,0.05139809846878052,0.2464924305677414,0.0073865437880158424,0.25952398777008057
obj_0232,208,c3_lhl,14.193029403686523,0.8210359215736389,0.1850450038909912,6.933429837226868,0.33494850993156433,0.23935551941394806,27.773213386535645,10.157381296157837,0.5186498761177063,0.33087483048439026,14.351832866668701,0.8613659143447876,0.173757404088974,13.996779918670654,0.8151516318321228,0.19425411522388458,0.9557291666666666,0.86669921875,0.3743692636489868,0.03240966796875,0.26806640625,0.0187530517578125,3.4710116386413574,0.37580937147140503,0.1500244140625,0.05139809846878052,0.2464924305677414,0.0073865437880158424,0.25952398777008057
obj_0233,209,fixed_mean,14.548585414886475,0.8694473505020142,0.14812184870243073,4.551367461681366,0.23182149231433868,0.1602088212966919,23.429524898529053,7.926685214042664,0.5097203254699707,0.22307775914669037,15.093759298324585,0.9248986840248108,0.12002209573984146,14.385690689086914,0.8667866587638855,0.15216371417045593,0.9609375,0.81494140625,0.3688291013240814,0.039337158203125,0.30224609375,0.024139404296875,3.4609954357147217,0.37824103236198425,0.1702880859375,0.011447549797594547,0.2267165184020996,0.008253120817244053,0.2529890835285187
obj_0233,209,hll,13.608213663101196,0.8570166826248169,0.16455689072608948,3.8400840759277344,0.14821617305278778,0.16611668467521667,21.07726812362671,6.823632717132568,0.4662897288799286,0.13755588233470917,14.38247561454773,0.9172773361206055,0.12468135356903076,13.45036268234253,0.8538453578948975,0.1683681458234787,0.9609375,0.8447265625,0.33909231424331665,0.03656005859375,0.28955078125,0.0287322998046875,2.8210951884587607,0.38246938586235046,0.184814453125,0.011447549797594547,0.2267165184020996,0.008253120817244053,0.2529890835285187
obj_0233,209,llh,15.146328210830688,0.869750440120697,0.13894984126091003,4.990357756614685,0.2835380434989929,0.15486650168895721,25.444061756134033,9.012202024459839,0.5446745753288269,0.2721346318721771,15.532749891281128,0.9293616414070129,0.11382982134819031,14.980354309082031,0.8670499920845032,0.14310766756534576,0.9609375,0.8017578125,0.38668689131736755,0.036834716796875,0.289306640625,0.0184783935546875,3.318591912587484,0.3824629485607147,0.15234375,0.011447549797594547,0.2267165184020996,0.008253120817244053,0.2529890835285187
obj_0233,209,c3_lhl,15.032402276992798,0.8722756505012512,0.1547093689441681,5.0009483098983765,0.2743684649467468,0.16018125414848328,24.1782546043396,8.041378855705261,0.501711905002594,0.271935373544693,15.543339252471924,0.9286560416221619,0.12060103565454483,14.865368604660034,0.8696931004524231,0.1587699055671692,0.9609375,0.791015625,0.3465293347835541,0.04376220703125,0.3125,0.0278472900390625,3.747097889582316,0.37021762132644653,0.1810302734375,0.011447549797594547,0.2267165184020996,0.008253120817244053,0.2529890835285187
obj_0234,210,fixed_mean,16.983097791671753,0.8773664832115173,0.12552402913570404,7.638239860534668,0.2251935750246048,0.11494982242584229,23.592333793640137,7.933257222175598,0.5108655691146851,0.21358047425746918,17.941086292266846,0.931609034538269,0.0897916704416275,16.40777349472046,0.8673365116119385,0.14194053411483765,0.869140625,0.89794921875,0.361290842294693,0.018951416015625,0.301025390625,0.0186920166015625,2.360966444015503,0.36239010095596313,0.1728515625,0.015047658234834671,0.4294769763946533,0.021885083988308907,0.3058936297893524
obj_0234,210,hll,16.336218118667603,0.875883936882019,0.13398459553718567,7.382436990737915,0.2794971466064453,0.11727733910083771,21.645619869232178,7.237870693206787,0.4723505675792694,0.2785956561565399,17.685285806655884,0.9338734745979309,0.09141960740089417,15.777137279510498,0.8657646179199219,0.15187308192253113,0.869140625,0.89453125,0.31782788038253784,0.00963592529296875,0.273193359375,0.022430419921875,1.5518762667973836,0.3637462854385376,0.1790771484375,0.015047658234834671,0.4294769763946533,0.021885083988308907,0.3058936297893524
obj_0234,210,llh,17.41068720817566,0.8700496554374695,0.11186529695987701,7.7910315990448,0.2420080602169037,0.11177335679531097,25.355026721954346,8.65018904209137,0.536905825138092,0.22682267427444458,18.093878030776978,0.933330774307251,0.08656436204910278,16.822327375411987,0.8595502376556396,0.12815603613853455,0.869140625,0.908203125,0.3814612030982971,0.0177001953125,0.29736328125,0.01540374755859375,2.6093077659606934,0.37046658992767334,0.1629638671875,0.015047658234834671,0.4294769763946533,0.021885083988308907,0.3058936297893524
obj_0234,210,c3_lhl,16.97900414466858,0.8662703037261963,0.12935791909694672,7.635247111320496,0.19304993748664856,0.11865928024053574,23.583779335021973,7.740834355354309,0.49646663665771484,0.1813569813966751,17.93809413909912,0.9288474321365356,0.09183736145496368,16.38433337211609,0.8549253940582275,0.14577817916870117,0.869140625,0.896484375,0.3465012311935425,0.0213775634765625,0.31982421875,0.0231475830078125,2.518630266189575,0.35850265622138977,0.187744140625,0.015047658234834671,0.4294769763946533,0.021885083988308907,0.3058936297893524
obj_0235,211,fixed_mean,13.814735412597656,0.8367472887039185,0.16205012798309326,5.000873804092407,0.19143854081630707,0.18713320791721344,22.115488052368164,6.764286756515503,0.4149109125137329,0.17952603101730347,14.424529075622559,0.8948362469673157,0.12737596035003662,13.781571388244629,0.8360193371772766,0.16528034210205078,0.9921875,0.85791015625,0.34810328483581543,0.028533935546875,0.380615234375,0.030059814453125,3.0056225458780923,0.3543481230735779,0.201416015625,0.03312690556049347,0.23830801248550415,0.008392494171857834,0.2598140835762024
obj_0235,211,hll,13.195281028747559,0.8288266658782959,0.17095178365707397,4.599138498306274,0.11850424110889435,0.1884038746356964,20.275967121124268,6.102798581123352,0.38178399205207825,0.1026512160897255,14.022793769836426,0.889201283454895,0.1285901963710785,13.162963390350342,0.8280753493309021,0.17518238723278046,0.9921875,0.86474609375,0.33441492915153503,0.0186614990234375,0.338623046875,0.031524658203125,2.1901784340540567,0.3544594645500183,0.20361328125,0.03312690556049347,0.23830801248550415,0.008392494171857834,0.2598140835762024
obj_0235,211,llh,14.492877721786499,0.8378178477287292,0.14863371849060059,5.53979218006134,0.2445308268070221,0.18130812048912048,23.85103702545166,7.776186466217041,0.45888352394104004,0.22966501116752625,14.96344804763794,0.9019255042076111,0.12213828414678574,14.459325075149536,0.8370596170425415,0.1532731056213379,0.9921875,0.8408203125,0.37411263585090637,0.028045654296875,0.392578125,0.0253448486328125,3.651214917500814,0.36427247524261475,0.186767578125,0.03312690556049347,0.23830801248550415,0.008392494171857834,0.2598140835762024
obj_0235,211,c3_lhl,14.318498373031616,0.8406356573104858,0.16290704905986786,5.501266717910767,0.2330588698387146,0.18439333140850067,22.641665935516357,7.174848318099976,0.4230234920978546,0.22696156799793243,14.924920797348022,0.9000861048698425,0.12610456347465515,14.284720420837402,0.8399304151535034,0.16764676570892334,0.9921875,0.8310546875,0.32684704661369324,0.0311737060546875,0.4091796875,0.032073974609375,3.489051262537638,0.3428167700767517,0.2156982421875,0.03312690556049347,0.23830801248550415,0.008392494171857834,0.2598140835762024
obj_0236,212,fixed_mean,15.672178268432617,0.8819015622138977,0.13617512583732605,4.810070097446442,0.21399745345115662,0.14491060376167297,23.180510997772217,8.418425917625427,0.5028023719787598,0.19728676974773407,16.457083225250244,0.93846595287323,0.1035538837313652,15.672178268432617,0.8819015622138977,0.13617512583732605,1.0,0.8037109375,0.3690727949142456,0.049591064453125,0.462646484375,0.03314208984375,3.925707737604777,0.3693211078643799,0.21630859375,0.033129602670669556,0.21366681158542633,0.009266560897231102,0.25459805130958557
obj_0236,212,hll,14.878301620483398,0.8719930648803711,0.14571383595466614,4.3966469168663025,0.16413253545761108,0.14787057042121887,20.85332155227661,7.668968439102173,0.4742206633090973,0.14783746004104614,16.043659448623657,0.9357204437255859,0.1042466089129448,14.878301620483398,0.8719930648803711,0.14571383595466614,1.0,0.80615234375,0.37233781814575195,0.04290771484375,0.42626953125,0.0352783203125,3.19012983640035,0.3719360828399658,0.227294921875,0.033129602670669556,0.21366681158542633,0.009266560897231102,0.25459805130958557
obj_0236,212,llh,16.331915855407715,0.8788712620735168,0.12805691361427307,5.239213705062866,0.2524315118789673,0.13858094811439514,25.238542556762695,9.5587158203125,0.5347039699554443,0.23136374354362488,16.886227130889893,0.9414982199668884,0.09785795956850052,16.331915855407715,0.8788712620735168,0.12805691361427307,1.0,0.79296875,0.39043721556663513,0.05023193359375,0.45068359375,0.0251312255859375,4.4282355308532715,0.36084434390068054,0.20458984375,0.033129602670669556,0.21366681158542633,0.009266560897231102,0.25459805130958557
obj_0236,212,c3_lhl,16.116693019866943,0.8811317682266235,0.13948675990104675,5.147678852081299,0.2312755286693573,0.14381037652492523,24.208950996398926,8.730292320251465,0.49986252188682556,0.2198302000761032,16.794692277908325,0.9400781989097595,0.10308872163295746,16.116693019866943,0.8811317682266235,0.13948675990104675,1.0,0.78564453125,0.35529467463493347,0.0506591796875,0.4736328125,0.034942626953125,4.398555596669515,0.35993263125419617,0.232666015625,0.033129602670669556,0.21366681158542633,0.009266560897231102,0.25459805130958557
obj_0237,213,fixed_mean,15.70466160774231,0.8804813623428345,0.13839563727378845,5.393918752670288,0.2767469882965088,0.13804219663143158,23.206515312194824,8.32851231098175,0.4700050950050354,0.27120667695999146,16.482166051864624,0.9365938901901245,0.10239679366350174,15.274492502212524,0.8735525012016296,0.15391866862773895,0.8984375,0.7490234375,0.40020084381103516,0.05078125,0.393310546875,0.0252685546875,3.6732544898986816,0.33370962738990784,0.2274169921875,0.01710432954132557,0.26547718048095703,0.015091015957295895,0.2550138831138611
obj_0237,213,hll,14.583945274353027,0.8701550960540771,0.14383354783058167,4.550314843654633,0.19984906911849976,0.145857572555542,20.895569324493408,7.225849032402039,0.44177231192588806,0.19172129034996033,15.638562440872192,0.9300793409347534,0.10588403046131134,14.172793626785278,0.8624581098556519,0.16019167006015778,0.8984375,0.7841796875,0.39816978573799133,0.045135498046875,0.388427734375,0.0328369140625,3.0812325477600098,0.3404177129268646,0.239990234375,0.01710432954132557,0.26547718048095703,0.015091015957295895,0.2550138831138611
obj_0237,213,llh,16.642504930496216,0.87723308801651,0.12632715702056885,6.148263216018677,0.30056241154670715,0.1308773159980774,25.224158763885498,9.610226154327393,0.4959031343460083,0.2915428876876831,17.236509323120117,0.9402216076850891,0.09647436439990997,16.20189070701599,0.8703831434249878,0.14128771424293518,0.8984375,0.72119140625,0.40069758892059326,0.04705810546875,0.392578125,0.0195465087890625,4.272970676422119,0.33178380131721497,0.2061767578125,0.01710432954132557,0.26547718048095703,0.015091015957295895,0.2550138831138611
obj_0237,213,c3_lhl,16.177207231521606,0.8797549605369568,0.1358126699924469,5.768346190452576,0.29592373967170715,0.13845080137252808,24.217236042022705,8.51223349571228,0.46773579716682434,0.2964566648006439,16.856592893600464,0.9391551613807678,0.10229846835136414,15.729764699935913,0.8728013038635254,0.15224647521972656,0.8984375,0.732421875,0.4041428565979004,0.04833984375,0.3935546875,0.0289154052734375,3.5908895333607993,0.328183650970459,0.2359619140625,0.01710432954132557,0.26547718048095703,0.015091015957295895,0.2550138831138611
obj_0238,214,fixed_mean,17.701380252838135,0.8956137895584106,0.12114633619785309,6.469225883483887,0.23023386299610138,0.10224349051713943,20.79347848892212,7.477373480796814,0.43698909878730774,0.22267460823059082,20.467896461486816,0.9656238555908203,0.07237478345632553,17.389425039291382,0.8917404413223267,0.12731006741523743,0.91796875,0.70166015625,0.4059767723083496,0.06707763671875,0.57470703125,0.044525146484375,4.368911266326904,0.3536472022533417,0.2420654296875,0.04381757974624634,0.5335773825645447,0.025501208379864693,0.28369730710983276
obj_0238,214,hll,16.449854373931885,0.8886623382568359,0.13608306646347046,5.877211093902588,0.20256026089191437,0.108848437666893,18.90428066253662,6.703472137451172,0.4155516028404236,0.2020244598388672,19.875882863998413,0.9644343256950378,0.07653398811817169,16.16068720817566,0.8846176266670227,0.1421368271112442,0.91796875,0.7109375,0.3600308299064636,0.0648193359375,0.54052734375,0.049652099609375,4.0752638181050616,0.3589556813240051,0.25537109375,0.04381757974624634,0.5335773825645447,0.025501208379864693,0.28369730710983276
obj_0238,214,llh,19.286285638809204,0.8938285112380981,0.10243780165910721,7.694446444511414,0.26159271597862244,0.09092853218317032,22.821166515350342,8.907985091209412,0.4749264121055603,0.24372455477714539,21.693120002746582,0.9679053425788879,0.06557220220565796,18.966630697250366,0.8901956081390381,0.10881704092025757,0.91796875,0.6533203125,0.4330858886241913,0.06683349609375,0.5791015625,0.036865234375,4.974174499511719,0.34157249331474304,0.221923828125,0.04381757974624634,0.5335773825645447,0.025501208379864693,0.28369730710983276
obj_0238,214,c3_lhl,17.931877374649048,0.8884072303771973,0.12235412001609802,6.554346680641174,0.22661112248897552,0.10408040881156921,21.193182468414307,7.4513572454452515,0.42991212010383606,0.22532153129577637,20.553019046783447,0.9653351306915283,0.07382582128047943,17.591806650161743,0.8844524025917053,0.1282246857881546,0.91796875,0.701171875,0.38036948442459106,0.0628662109375,0.56982421875,0.04876708984375,4.393173376719157,0.3540891706943512,0.254638671875,0.04381757974624634,0.5335773825645447,0.025501208379864693,0.28369730710983276
obj_0239,215,fixed_mean,13.406838178634644,0.803451657295227,0.20794278383255005,6.092662215232849,0.2643187642097473,0.22254222631454468,21.825709342956543,7.084164619445801,0.3955878019332886,0.26474687457084656,13.964097499847412,0.863828182220459,0.16798962652683258,13.322076797485352,0.8009175062179565,0.2148178368806839,0.98046875,0.81591796875,0.29207900166511536,0.04156494140625,0.3525390625,0.026885986328125,3.7223900159200034,0.35311031341552734,0.201416015625,0.04188956692814827,0.33984553813934326,0.015138601884245872,0.27667301893234253
obj_0239,215,hll,12.442102432250977,0.7877296805381775,0.2241203337907791,5.288757085800171,0.20872533321380615,0.2296762764453888,19.83820676803589,6.0284388065338135,0.3550345301628113,0.20912949740886688,13.160192966461182,0.8515480160713196,0.173690065741539,12.358273267745972,0.7848914265632629,0.2304174304008484,0.98046875,0.8486328125,0.24952097237110138,0.0439453125,0.3076171875,0.031005859375,2.879809538523356,0.35733562707901,0.2122802734375,0.04188956692814827,0.33984553813934326,0.015138601884245872,0.27667301893234253
obj_0239,215,llh,14.246550798416138,0.8125503659248352,0.19820080697536469,6.84306263923645,0.30718857049942017,0.2176823765039444,23.380253314971924,8.15999984741211,0.43733087182044983,0.30518457293510437,14.714497327804565,0.8732965588569641,0.16726040840148926,14.161410331726074,0.8102105855941772,0.20557262003421783,0.98046875,0.787109375,0.31535226106643677,0.040802001953125,0.352783203125,0.02215576171875,3.833338181177775,0.355257511138916,0.18310546875,0.04188956692814827,0.33984553813934326,0.015138601884245872,0.27667301893234253
obj_0239,215,c3_lhl,13.889473676681519,0.8123871088027954,0.207343190908432,6.625391840934753,0.285455584526062,0.21743805706501007,21.9589900970459,7.307827472686768,0.3985695540904999,0.28974035382270813,14.496827125549316,0.8700663447380066,0.1644367277622223,13.804022073745728,0.8099156618118286,0.2133934497833252,0.98046875,0.7861328125,0.2827089726924896,0.0423583984375,0.3642578125,0.029632568359375,4.094488461812337,0.348952054977417,0.2078857421875,0.04188956692814827,0.33984553813934326,0.015138601884245872,0.27667301893234253
obj_0240,216,fixed_mean,20.62772274017334,0.9251768589019775,0.07825209200382233,8.06912899017334,0.21151253581047058,0.05892498791217804,22.474799156188965,8.635842204093933,0.541124165058136,0.18425874412059784,25.0711727142334,0.9839194416999817,0.04415879026055336,19.727697372436523,0.9168809056282043,0.09653551131486893,0.73828125,0.72314453125,0.4964994490146637,0.0206298828125,0.66357421875,0.038787841796875,5.052862803141276,0.3460327684879303,0.2464599609375,0.03988691791892052,0.6973744034767151,0.028869446367025375,0.31244519352912903
obj_0240,216,hll,18.43867540359497,0.9092022776603699,0.1000753715634346,7.409396767616272,0.1612992286682129,0.06187192350625992,19.61663842201233,7.780597805976868,0.5083919763565063,0.13939352333545685,24.411439895629883,0.9829745888710022,0.0475304052233696,17.733154296875,0.8990866541862488,0.1139691025018692,0.73828125,0.71875,0.45801040530204773,0.024169921875,0.6025390625,0.0386962890625,4.589903990427653,0.3404453694820404,0.262451171875,0.03988691791892052,0.6973744034767151,0.028869446367025375,0.31244519352912903
obj_0240,216,llh,22.85712480545044,0.9215522408485413,0.06971754133701324,9.572275876998901,0.2924002707004547,0.05451427027583122,25.172157287597656,10.239646434783936,0.5846131443977356,0.2617855370044708,26.574320793151855,0.985566258430481,0.04176723584532738,21.860475540161133,0.9132952690124512,0.08898452669382095,0.73828125,0.6708984375,0.525343120098114,0.0312347412109375,0.67626953125,0.031768798828125,5.3661472002665205,0.3368527591228485,0.2218017578125,0.03988691791892052,0.6973744034767151,0.028869446367025375,0.31244519352912903
obj_0240,216,c3_lhl,21.48433208465576,0.9197911024093628,0.08599630743265152,8.32090437412262,0.2041199654340744,0.06119763106107712,23.711788654327393,8.84689748287201,0.5236526131629944,0.18518754839897156,25.32294988632202,0.9838056564331055,0.04757837951183319,20.41698694229126,0.9106674194335938,0.10122853517532349,0.73828125,0.69921875,0.47999486327171326,0.0265655517578125,0.66015625,0.04266357421875,5.245571136474609,0.33483460545539856,0.27001953125,0.03988691791892052,0.6973744034767151,0.028869446367025375,0.31244519352912903
obj_0241,217,fixed_mean,13.062101602554321,0.8255231976509094,0.22564466297626495,7.673380374908447,0.5114478468894958,0.2911332845687866,30.66516876220703,11.510894298553467,0.5901169180870056,0.5147709846496582,13.116321563720703,0.8300960659980774,0.2159571349620819,13.062101602554321,0.8255231976509094,0.22564466297626495,1.0,0.7958984375,0.40317079424858093,0.03192138671875,0.194091796875,0.0111846923828125,2.9128428300221763,0.3814358413219452,0.1171875,0.09503638744354248,0.14700478315353394,0.003579627489671111,0.2667510211467743
obj_0241,217,hll,12.09897518157959,0.799700915813446,0.23803018033504486,6.734552979469299,0.44173699617385864,0.3014134168624878,28.10602903366089,10.211567878723145,0.5477755665779114,0.4449356496334076,12.177492380142212,0.8049958348274231,0.23053306341171265,12.09897518157959,0.799700915813446,0.23803018033504486,1.0,0.8408203125,0.3814261555671692,0.030792236328125,0.1859130859375,0.015533447265625,2.700282017389933,0.3745645582675934,0.145263671875,0.09503638744354248,0.14700478315353394,0.003579627489671111,0.2667510211467743
obj_0241,217,llh,13.902194499969482,0.841309666633606,0.21981459856033325,8.50421667098999,0.5480675101280212,0.2790287137031555,32.31363534927368,12.61773943901062,0.6240774989128113,0.5502340793609619,13.94715666770935,0.8458541631698608,0.2083735466003418,13.902194499969482,0.841309666633606,0.21981459856033325,1.0,0.75732421875,0.4165751039981842,0.032958984375,0.18896484375,0.00858306884765625,2.8302055994669595,0.37701699137687683,0.105224609375,0.09503638744354248,0.14700478315353394,0.003579627489671111,0.2667510211467743
obj_0241,217,c3_lhl,14.102896451950073,0.8441227674484253,0.23133012652397156,8.732043504714966,0.5520853400230408,0.287247896194458,30.477778911590576,12.003364562988281,0.5835785865783691,0.55857914686203,14.174983501434326,0.8488220572471619,0.2184455692768097,14.102896451950073,0.8441227674484253,0.23133012652397156,1.0,0.7373046875,0.3685705065727234,0.036712646484375,0.203125,0.01094818115234375,3.492504119873047,0.35667526721954346,0.12188720703125,0.09503638744354248,0.14700478315353394,0.003579627489671111,0.2667510211467743
obj_0242,218,fixed_mean,14.570707082748413,0.83253014087677,0.1729271560907364,6.600243449211121,0.3537731468677521,0.19154241681098938,22.839813232421875,8.302978873252869,0.47792166471481323,0.356684148311615,15.166760683059692,0.8897218704223633,0.13365836441516876,14.486198425292969,0.8304994702339172,0.1773403286933899,0.98046875,0.8203125,0.35779669880867004,0.078857421875,0.30078125,0.0187225341796875,3.080958684285482,0.3610950708389282,0.1717529296875,0.05760811269283295,0.2814217805862427,0.00961319264024496,0.28001660108566284
obj_0242,218,hll,13.673371076583862,0.8204421997070312,0.17986223101615906,5.819385051727295,0.299522340297699,0.1964733600616455,21.22406005859375,7.440005540847778,0.4488312005996704,0.30104362964630127,14.385902881622314,0.8793142437934875,0.13542161881923676,13.590199947357178,0.8182832598686218,0.1831045150756836,0.98046875,0.8486328125,0.33737704157829285,0.07257080078125,0.26904296875,0.0199737548828125,2.4394803047180176,0.3597790002822876,0.179443359375,0.05760811269283295,0.2814217805862427,0.00961319264024496,0.28001660108566284
obj_0242,218,llh,15.346091985702515,0.8335402011871338,0.17102988064289093,7.252221703529358,0.36904728412628174,0.18730440735816956,24.562227725982666,9.424619674682617,0.5097975134849548,0.3675961196422577,15.818740129470825,0.8964585065841675,0.13342589139938354,15.261116027832031,0.8315178155899048,0.17659792304039001,0.98046875,0.7958984375,0.38711169362068176,0.0755615234375,0.30322265625,0.0157318115234375,3.444723924001058,0.35926949977874756,0.159912109375,0.05760811269283295,0.2814217805862427,0.00961319264024496,0.28001660108566284
obj_0242,218,c3_lhl,14.96600866317749,0.837863564491272,0.16898059844970703,7.0364391803741455,0.37080273032188416,0.18541862070560455,22.966887950897217,8.400381803512573,0.47039029002189636,0.37796148657798767,15.602957010269165,0.8945845365524292,0.12964652478694916,14.880717992782593,0.8359247446060181,0.17393577098846436,0.98046875,0.7978515625,0.3311969041824341,0.07550048828125,0.309814453125,0.0204315185546875,3.287804047266642,0.34494513273239136,0.1824951171875,0.05760811269283295,0.2814217805862427,0.00961319264024496,0.28001660108566284
obj_0243,219,fixed_mean,14.458739757537842,0.8205054998397827,0.269124299287796,7.854973077774048,0.43539953231811523,0.2958846986293793,30.73117733001709,11.144081354141235,0.6017530560493469,0.43504035472869873,14.53997015953064,0.8497568964958191,0.2621048390865326,14.36168909072876,0.8175838589668274,0.27444911003112793,0.9778645833333334,0.8212890625,0.43642017245292664,0.059173583984375,0.2447509765625,0.017791748046875,3.3762698968251548,0.4122124910354614,0.132080078125,0.12462805956602097,0.21481439471244812,0.003332526655867696,0.24069155752658844
obj_0243,219,hll,13.298065662384033,0.7926685810089111,0.27080217003822327,6.753479242324829,0.34648457169532776,0.2972618639469147,27.22315788269043,9.131995439529419,0.5472883582115173,0.3456268310546875,13.438477516174316,0.8310354351997375,0.262369304895401,13.20141315460205,0.7890555262565613,0.2755877375602722,0.9778645833333334,0.873046875,0.42519477009773254,0.048675537109375,0.2122802734375,0.0181732177734375,3.032054344813029,0.4139232635498047,0.12420654296875,0.12462805956602097,0.21481439471244812,0.003332526655867696,0.24069155752658844
obj_0243,219,llh,15.503736734390259,0.8368277549743652,0.26989540457725525,8.878129124641418,0.48701053857803345,0.293876051902771,33.125340938568115,12.655569314956665,0.6292579174041748,0.48766735196113586,15.563126802444458,0.8619927167892456,0.2616090476512909,15.40659785270691,0.8340026140213013,0.2752966582775116,0.9778645833333334,0.77734375,0.4228596091270447,0.06805419921875,0.2490234375,0.016998291015625,3.2188518047332764,0.4019727408885956,0.129638671875,0.12462805956602097,0.21481439471244812,0.003332526655867696,0.24069155752658844
obj_0243,219,c3_lhl,15.225222110748291,0.8521676659584045,0.2630142271518707,8.6263906955719,0.48587751388549805,0.288418710231781,31.244001388549805,11.649672985076904,0.6073121428489685,0.4882953464984894,15.311388969421387,0.8615034818649292,0.2545543909072876,15.128010511398315,0.8492284417152405,0.26828327775001526,0.9778645833333334,0.783203125,0.41514861583709717,0.0643310546875,0.25439453125,0.018218994140625,3.9130262533823648,0.3931944668292999,0.1417236328125,0.12462805956602097,0.21481439471244812,0.003332526655867696,0.24069155752658844
obj_0244,220,fixed_mean,12.704825401306152,0.7840134501457214,0.23384802043437958,7.958924770355225,0.45024800300598145,0.2982304096221924,32.612903118133545,12.031794786453247,0.5664571523666382,0.45324674248695374,12.734513282775879,0.7885949015617371,0.22576534748077393,12.704825401306152,0.7840134501457214,0.23384802043437958,1.0,0.82421875,0.40723201632499695,0.039886474609375,0.2239990234375,0.01276397705078125,3.187468687693278,0.37556642293930054,0.1326904296875,0.02195972204208374,0.19805759191513062,0.004527567885816097,0.27956968545913696
obj_0244,220,hll,11.94790244102478,0.7597818374633789,0.24496038258075714,7.227197885513306,0.3944401443004608,0.30437999963760376,29.199986457824707,10.642279386520386,0.5230959057807922,0.397228479385376,12.002787590026855,0.7653059363365173,0.23665869235992432,11.94790244102478,0.7597818374633789,0.24496038258075714,1.0,0.8583984375,0.3723023533821106,0.0408935546875,0.22021484375,0.01507568359375,3.2673226992289224,0.36687907576560974,0.1483154296875,0.02195972204208374,0.19805759191513062,0.004527567885816097,0.27956968545913696
obj_0244,220,llh,13.433151245117188,0.7976057529449463,0.24719789624214172,8.682741522789001,0.478058397769928,0.30034294724464417,34.05447483062744,13.091750144958496,0.5990684628486633,0.48027101159095764,13.458330631256104,0.8020409941673279,0.23483069241046906,13.433151245117188,0.7976057529449463,0.24719789624214172,1.0,0.78857421875,0.41462743282318115,0.044921875,0.2275390625,0.0110321044921875,3.163891871770223,0.38411492109298706,0.1202392578125,0.02195972204208374,0.19805759191513062,0.004527567885816097,0.27956968545913696
obj_0244,220,c3_lhl,13.387573957443237,0.7971379160881042,0.23413439095020294,8.648354411125183,0.46590664982795715,0.29217228293418884,32.41750478744507,12.08092212677002,0.5562148094177246,0.4700765311717987,13.423943519592285,0.8016567230224609,0.22246891260147095,13.387573957443237,0.7971379160881042,0.23413439095020294,1.0,0.783203125,0.38129112124443054,0.044952392578125,0.239501953125,0.01305389404296875,3.631678263346354,0.35870546102523804,0.1358642578125,0.02195972204208374,0.19805759191513062,0.004527567885816097,0.27956968545913696
obj_0245,221,fixed_mean,16.745511293411255,0.9003618955612183,0.11909765005111694,5.013138055801392,0.08809518069028854,0.08967695385217667,20.05680799484253,7.192290425300598,0.40979263186454773,0.06658490747213364,19.33619499206543,0.9630582928657532,0.08198375999927521,15.761748552322388,0.8852123022079468,0.1426815390586853,0.76171875,0.74755859375,0.3834517300128937,0.01629638671875,0.5234375,0.04656982421875,3.2009216944376626,0.3745017945766449,0.323974609375,0.014891250059008598,0.591392457485199,0.044515904039144516,0.3197065591812134
obj_0245,221,hll,15.823853015899658,0.8931101560592651,0.13757851719856262,4.854930639266968,0.07175977528095245,0.09242745488882065,18.35201144218445,6.900479197502136,0.3945818543434143,0.052466996014118195,19.1779887676239,0.9633081555366516,0.08399857580661774,14.95224118232727,0.8769216537475586,0.1624457985162735,0.76171875,0.73291015625,0.31100592017173767,0.016693115234375,0.476318359375,0.048980712890625,2.443504015604655,0.37675392627716064,0.324462890625,0.014891250059008598,0.591392457485199,0.044515904039144516,0.3197065591812134
obj_0245,221,llh,17.758867740631104,0.8983520865440369,0.11043503880500793,5.58494508266449,0.134329691529274,0.08263450860977173,21.680877208709717,8.069028854370117,0.4381624460220337,0.11293945461511612,19.90800142288208,0.9645500183105469,0.07831359654664993,16.71521306037903,0.8842652440071106,0.13282233476638794,0.76171875,0.7333984375,0.47382283210754395,0.0263214111328125,0.54296875,0.03314208984375,4.372789223988851,0.36728009581565857,0.3046875,0.014891250059008598,0.591392457485199,0.044515904039144516,0.3197065591812134
obj_0245,221,c3_lhl,17.159931659698486,0.8990317583084106,0.12374681234359741,5.1229554414749146,0.09474051743745804,0.08964891731739044,20.876331329345703,7.302563190460205,0.4115617871284485,0.07801627367734909,19.446014165878296,0.9623376131057739,0.08369286358356476,16.091043949127197,0.883809506893158,0.1488828957080841,0.76171875,0.7451171875,0.3660282790660858,0.022369384765625,0.552734375,0.054229736328125,3.5501694679260254,0.37257158756256104,0.335205078125,0.014891250059008598,0.591392457485199,0.044515904039144516,0.3197065591812134
obj_0246,222,fixed_mean,12.865040302276611,0.7962527871131897,0.24296969175338745,7.273957133293152,0.3747941851615906,0.2987944483757019,24.55078125,9.329518675804138,0.4551727771759033,0.37736764550209045,13.088018894195557,0.8087180256843567,0.2155350297689438,12.744635343551636,0.7907019257545471,0.24910350143909454,0.97265625,0.7978515625,0.3167341351509094,0.06427001953125,0.310791015625,0.0194549560546875,3.87733260790507,0.3477936387062073,0.1768798828125,0.03491297736763954,0.2469574213027954,0.006663138046860695,0.2671931982040405
obj_0246,222,hll,12.179967164993286,0.7766590714454651,0.2559360861778259,6.667494773864746,0.34304869174957275,0.31070929765701294,22.59310245513916,8.432815074920654,0.42689406871795654,0.34616604447364807,12.481557130813599,0.7964800000190735,0.2259473353624344,12.059564590454102,0.7711251378059387,0.2619500160217285,0.97265625,0.8251953125,0.30343884229660034,0.06744384765625,0.3046875,0.022674560546875,3.794005870819092,0.34620583057403564,0.18896484375,0.03491297736763954,0.2469574213027954,0.006663138046860695,0.2671931982040405
obj_0246,222,llh,13.632298707962036,0.8072701692581177,0.236616849899292,7.989042401313782,0.4034295380115509,0.29100164771080017,26.449756622314453,10.508219003677368,0.4911680519580841,0.40380585193634033,13.803105354309082,0.8194964528083801,0.21277078986167908,13.511898517608643,0.8021761178970337,0.23992058634757996,0.97265625,0.767578125,0.3343639671802521,0.06866455078125,0.303955078125,0.0155181884765625,3.93450935681661,0.34684255719184875,0.1595458984375,0.03491297736763954,0.2469574213027954,0.006663138046860695,0.2671931982040405
obj_0246,222,c3_lhl,13.389099836349487,0.8059881329536438,0.23622331023216248,7.873290181159973,0.3992679715156555,0.2876141667366028,23.848907947540283,9.53439176082611,0.45394259691238403,0.4046635329723358,13.687351942062378,0.8191692233085632,0.20692044496536255,13.268693685531616,0.8005402684211731,0.24377313256263733,0.97265625,0.7607421875,0.3007895350456238,0.06317138671875,0.31298828125,0.020111083984375,4.181190490722656,0.33680930733680725,0.1815185546875,0.03491297736763954,0.2469574213027954,0.006663138046860695,0.2671931982040405
obj_0247,223,fixed_mean,13.995168209075928,0.8137553334236145,0.1623338758945465,7.12968111038208,0.19340398907661438,0.172493577003479,16.69905185699463,6.106037497520447,0.3234252333641052,0.181998148560524,16.826987266540527,0.9071699976921082,0.1038866862654686,13.995168209075928,0.8137553334236145,0.1623338758945465,1.0,0.7685546875,0.4644358158111572,0.0296783447265625,0.56103515625,0.034515380859375,4.316585858662923,0.33864450454711914,0.2607421875,0.021560192108154297,0.5303559899330139,0.022490303963422775,0.30653923749923706
obj_0247,223,hll,13.448323011398315,0.8110612034797668,0.16886533796787262,6.676740050315857,0.1624194234609604,0.17570403218269348,16.052333116531372,5.711556673049927,0.3131251633167267,0.14531205594539642,16.374045610427856,0.9030731320381165,0.10296815633773804,13.448323011398315,0.8110612034797668,0.16886533796787262,1.0,0.7822265625,0.45657163858413696,0.031036376953125,0.51953125,0.0286712646484375,3.799818436304728,0.3325200378894806,0.26220703125,0.021560192108154297,0.5303559899330139,0.022490303963422775,0.30653923749923706
obj_0247,223,llh,14.711503982543945,0.816183865070343,0.15419024229049683,7.772524356842041,0.2216435968875885,0.1661088913679123,17.496755123138428,6.830935478210449,0.34782809019088745,0.20720277726650238,17.469829320907593,0.9126536250114441,0.09773939847946167,14.711503982543945,0.816183865070343,0.15419024229049683,1.0,0.75146484375,0.48259127140045166,0.028533935546875,0.55029296875,0.033111572265625,4.767221450805664,0.3397971987724304,0.2491455078125,0.021560192108154297,0.5303559899330139,0.022490303963422775,0.30653923749923706
obj_0247,223,c3_lhl,14.423162937164307,0.8229138255119324,0.16332368552684784,7.6477837562561035,0.2251351922750473,0.16831070184707642,17.031123638153076,6.495545506477356,0.337375670671463,0.22095166146755219,17.34508991241455,0.9113903045654297,0.10218444466590881,14.423162937164307,0.8229138255119324,0.16332368552684784,1.0,0.74609375,0.4670460820198059,0.033660888671875,0.56005859375,0.0298919677734375,4.530698776245117,0.32689225673675537,0.2626953125,0.021560192108154297,0.5303559899330139,0.022490303963422775,0.30653923749923706
obj_0248,224,fixed_mean,13.258315324783325,0.8289087414741516,0.15552747249603271,4.775088429450989,0.22183330357074738,0.18603716790676117,24.908971786499023,8.962462544441223,0.48719096183776855,0.20948074758052826,13.523614406585693,0.8832857608795166,0.13268029689788818,12.999508380889893,0.8220934271812439,0.1675252467393875,0.94140625,0.8583984375,0.3679572343826294,0.033050537109375,0.350341796875,0.021270751953125,3.245755592981974,0.35859060287475586,0.186279296875,0.017508290708065033,0.20381657779216766,0.009350141510367393,0.2694358825683594
obj_0248,224,hll,12.644692659378052,0.8216135501861572,0.16353784501552582,4.31828111410141,0.15379948914051056,0.1904284507036209,22.355787754058838,8.132317066192627,0.45768311619758606,0.13998673856258392,13.06680679321289,0.8750585317611694,0.1350863128900528,12.389509677886963,0.8142913579940796,0.17517618834972382,0.94140625,0.875,0.3532249331474304,0.0278167724609375,0.32177734375,0.0260009765625,2.3842140833536782,0.3668774962425232,0.19287109375,0.017508290708065033,0.20381657779216766,0.009350141510367393,0.2694358825683594
obj_0248,224,llh,13.784146308898926,0.8322492241859436,0.14634476602077484,5.218539834022522,0.2762734591960907,0.1774730533361435,27.008719444274902,10.109792947769165,0.5279944539070129,0.26130008697509766,13.967067003250122,0.8913015723228455,0.12890216708183289,13.523939847946167,0.8254780769348145,0.1568216234445572,0.94140625,0.841796875,0.4068511128425598,0.032379150390625,0.34423828125,0.0171051025390625,3.5758309364318848,0.36218246817588806,0.1707763671875,0.017508290708065033,0.20381657779216766,0.009350141510367393,0.2694358825683594
obj_0248,224,c3_lhl,13.800245523452759,0.8380201458930969,0.1574162393808365,5.3375935554504395,0.27114298939704895,0.18373967707157135,25.136699676513672,9.361581802368164,0.4921778738498688,0.2647056579589844,14.086118936538696,0.8908309936523438,0.13238032162189484,13.539080619812012,0.8316975235939026,0.16840948164463043,0.94140625,0.82470703125,0.34253692626953125,0.034515380859375,0.359619140625,0.0223846435546875,3.642407178878784,0.345996618270874,0.196044921875,0.017508290708065033,0.20381657779216766,0.009350141510367393,0.2694358825683594
obj_0249,225,fixed_mean,15.388082265853882,0.879650354385376,0.12760424613952637,4.708599150180817,0.10030844062566757,0.1368272453546524,21.580486297607422,7.020999789237976,0.43124428391456604,0.06495505571365356,16.49150252342224,0.9359715580940247,0.10458126664161682,15.007387399673462,0.8736474514007568,0.13533513247966766,0.91015625,0.86474609375,0.46285367012023926,0.0054931640625,0.48046875,0.040313720703125,1.9473753372828166,0.3689277470111847,0.23388671875,0.03276238590478897,0.37811651825904846,0.015168865211308002,0.2871575951576233
obj_0249,225,hll,14.834973812103271,0.8741300702095032,0.14832133054733276,4.678874313831329,0.08985837548971176,0.13797518610954285,19.58944320678711,6.635576486587524,0.4182738661766052,0.058031126856803894,16.46177649497986,0.9358726143836975,0.10879773646593094,14.476194381713867,0.8679649829864502,0.15890058875083923,0.91015625,0.84521484375,0.4246455430984497,0.007396697998046875,0.451904296875,0.04217529296875,1.7559801737467449,0.3629848062992096,0.229736328125,0.03276238590478897,0.37811651825904846,0.015168865211308002,0.2871575951576233
obj_0249,225,llh,15.843580961227417,0.8741194009780884,0.12466910481452942,4.9120840430259705,0.13755440711975098,0.13448096811771393,23.040740489959717,7.63683021068573,0.46499139070510864,0.09948505461215973,16.694986820220947,0.9379253387451172,0.10214680433273315,15.451292991638184,0.8679234385490417,0.13294298946857452,0.91015625,0.865234375,0.4834347665309906,0.01079559326171875,0.50927734375,0.034759521484375,2.8109280268351235,0.37177225947380066,0.22998046875,0.03276238590478897,0.37811651825904846,0.015168865211308002,0.2871575951576233
obj_0249,225,c3_lhl,15.701037645339966,0.8783398270606995,0.13770082592964172,4.898476004600525,0.1204957589507103,0.13602960109710693,22.34799861907959,7.265868186950684,0.4403086304664612,0.09222026914358139,16.681379079818726,0.9365031123161316,0.10967569053173065,15.304938554763794,0.8719936013221741,0.1468532532453537,0.91015625,0.857421875,0.4493319094181061,0.0154876708984375,0.52880859375,0.04083251953125,2.7437691688537598,0.3603905737400055,0.246826171875,0.03276238590478897,0.37811651825904846,0.015168865211308002,0.2871575951576233
obj_0250,226,fixed_mean,13.465057611465454,0.8267881870269775,0.17250952124595642,5.392186641693115,0.2755371630191803,0.21977409720420837,29.386165142059326,10.708776712417603,0.5820085406303406,0.26761558651924133,13.560245037078857,0.8682693243026733,0.16024641692638397,13.059784173965454,0.8148642182350159,0.1895761936903,0.91015625,0.88330078125,0.4333779811859131,0.044403076171875,0.295166015625,0.018310546875,2.841131846110026,0.3791869282722473,0.1566162109375,0.038171205669641495,0.17313487827777863,0.0046761296689510345,0.24428561329841614
obj_0250,226,hll,12.940741777420044,0.8175771832466125,0.1746298372745514,4.926314353942871,0.22629958391189575,0.22412925958633423,26.811928749084473,9.624159932136536,0.5530323386192322,0.21731750667095184,13.094372749328613,0.8594529628753662,0.16122233867645264,12.539428472518921,0.8049710988998413,0.19226843118667603,0.91015625,0.9013671875,0.44182536005973816,0.045684814453125,0.259521484375,0.0201568603515625,2.020072340965271,0.38102972507476807,0.1566162109375,0.038171205669641495,0.17313487827777863,0.0046761296689510345,0.24428561329841614
obj_0250,226,llh,14.000492095947266,0.8300405144691467,0.17292146384716034,5.902082324028015,0.32061290740966797,0.2138284295797348,31.26563310623169,11.851451396942139,0.6134958863258362,0.31140992045402527,14.07014012336731,0.8772404789924622,0.15995487570762634,13.593519926071167,0.8190336227416992,0.18881352245807648,0.91015625,0.86083984375,0.453978955745697,0.042877197265625,0.303466796875,0.01491546630859375,3.266192356745402,0.3766397535800934,0.1494140625,0.038171205669641495,0.17313487827777863,0.0046761296689510345,0.24428561329841614
obj_0250,226,c3_lhl,13.943760395050049,0.8358190059661865,0.17284616827964783,5.857008099555969,0.3135625123977661,0.2154901921749115,30.542542934417725,10.893515348434448,0.5801953077316284,0.30893728137016296,14.025065898895264,0.8765490651130676,0.15907149016857147,13.535683155059814,0.8247410655021667,0.18961317837238312,0.91015625,0.86181640625,0.4049065113067627,0.041900634765625,0.301025390625,0.019287109375,3.186276833216349,0.36396554112434387,0.163818359375,0.038171205669641495,0.17313487827777863,0.0046761296689510345,0.24428561329841614
obj_0251,227,fixed_mean,16.313345432281494,0.8674341440200806,0.14983367919921875,6.900662779808044,0.2646576762199402,0.14429454505443573,20.937883853912354,7.220635414123535,0.44677734375,0.2588060200214386,17.974601984024048,0.9323664903640747,0.10370577126741409,16.18767499923706,0.8653854131698608,0.1528519093990326,0.96875,0.84033203125,0.46490442752838135,0.04595947265625,0.362060546875,0.0284576416015625,3.063055435816447,0.37298089265823364,0.1966552734375,0.020478423684835434,0.37712711095809937,0.01860746555030346,0.291979044675827
obj_0251,227,hll,15.606508255004883,0.8646418452262878,0.16126717627048492,6.647062301635742,0.24236752092838287,0.1491541564464569,19.3936026096344,6.653391718864441,0.4281502366065979,0.23729270696640015,17.720999717712402,0.9305557608604431,0.10756847262382507,15.48723816871643,0.8623780012130737,0.16419264674186707,0.96875,0.8349609375,0.44486290216445923,0.048614501953125,0.33642578125,0.0277862548828125,2.759457310040792,0.36952847242355347,0.1917724609375,0.020478423684835434,0.37712711095809937,0.01860746555030346,0.291979044675827
obj_0251,227,llh,16.987546682357788,0.8631728291511536,0.13928236067295074,7.285100817680359,0.29492297768592834,0.13821712136268616,22.30804681777954,8.05476427078247,0.47691676020622253,0.2857908606529236,18.359040021896362,0.9347805380821228,0.09644617885351181,16.859583854675293,0.8610389232635498,0.1417693942785263,0.96875,0.8359375,0.4914063513278961,0.048583984375,0.36181640625,0.0228271484375,3.3871636390686035,0.3699229061603546,0.1890869140625,0.020478423684835434,0.37712711095809937,0.01860746555030346,0.291979044675827
obj_0251,227,c3_lhl,16.494921445846558,0.865871250629425,0.15921419858932495,7.026606202125549,0.25860244035720825,0.14798814058303833,21.241309642791748,7.283032536506653,0.44623592495918274,0.25399190187454224,18.10054659843445,0.9327585697174072,0.10862274467945099,16.36346459388733,0.8636875748634338,0.16066612303256989,0.96875,0.83837890625,0.4541718363761902,0.04779052734375,0.384765625,0.0322265625,3.4021383126576743,0.3669086694717407,0.2086181640625,0.020478423684835434,0.37712711095809937,0.01860746555030346,0.291979044675827
obj_0252,228,fixed_mean,19.23844575881958,0.9303955435752869,0.09260150790214539,5.362185835838318,0.16429808735847473,0.09183468669652939,21.310648918151855,8.104190230369568,0.5961631536483765,0.10131463408470154,23.335130214691162,0.9854335784912109,0.05149710178375244,18.946046829223633,0.9290175437927246,0.0985378846526146,0.89453125,0.8369140625,0.5221385359764099,0.0064544677734375,0.6318359375,0.046905517578125,3.1054670015970864,0.41147083044052124,0.1973876953125,0.027086354792118073,0.563032865524292,0.04399940371513367,0.3327455222606659
obj_0252,228,hll,17.43983507156372,0.9177232384681702,0.1151624321937561,5.121890902519226,0.1382066309452057,0.09384424239397049,18.748445510864258,7.34914243221283,0.5673992037773132,0.08496630191802979,23.09483528137207,0.9852797389030457,0.05257948860526085,17.200541496276855,0.9159170985221863,0.12213627249002457,0.89453125,0.82666015625,0.4931254982948303,0.0027027130126953125,0.5224609375,0.045013427734375,1.9373348553975422,0.41185739636421204,0.1976318359375,0.027086354792118073,0.563032865524292,0.04399940371513367,0.3327455222606659
obj_0252,228,llh,21.04987859725952,0.9312143325805664,0.07221940159797668,6.332404613494873,0.2418546825647354,0.08423519879579544,23.758296966552734,9.482452869415283,0.6293895244598389,0.17641274631023407,24.30534839630127,0.9866117835044861,0.046044252812862396,20.72716474533081,0.9299446940422058,0.07848437875509262,0.89453125,0.79248046875,0.5353607535362244,0.0150299072265625,0.7138671875,0.039093017578125,4.56028397878011,0.4006420969963074,0.18701171875,0.027086354792118073,0.563032865524292,0.04399940371513367,0.3327455222606659
obj_0252,228,c3_lhl,19.831626415252686,0.9266363978385925,0.10033167898654938,5.4700881242752075,0.1655680537223816,0.09467323869466782,22.244174480438232,8.143765926361084,0.5931994915008545,0.10971196740865707,23.443033695220947,0.9853108525276184,0.053228721022605896,19.475289583206177,0.9246360063552856,0.1079828292131424,0.89453125,0.8330078125,0.5057196617126465,0.01422119140625,0.68701171875,0.05804443359375,3.4131877422332764,0.3999941349029541,0.2200927734375,0.027086354792118073,0.563032865524292,0.04399940371513367,0.3327455222606659
obj_0253,229,fixed_mean,14.451004266738892,0.8265941739082336,0.18133412301540375,6.551734805107117,0.2813558280467987,0.19560149312019348,24.38382387161255,8.925285339355469,0.5103176832199097,0.2763666808605194,14.843969345092773,0.8753555417060852,0.15692801773548126,13.688429594039917,0.802158534526825,0.20962102711200714,0.8359375,0.865234375,0.3210647404193878,0.045501708984375,0.25537109375,0.01629638671875,2.7218168576558432,0.37713515758514404,0.16259765625,0.04236547648906708,0.28888237476348877,0.007489266339689493,0.2706204056739807
obj_0253,229,hll,13.803719282150269,0.8140984773635864,0.18884733319282532,6.031513214111328,0.22359979152679443,0.1980898082256317,22.582216262817383,8.096846342086792,0.47194400429725647,0.21892833709716797,14.323748350143433,0.8646725416183472,0.15812979638576508,13.051111698150635,0.7871859669685364,0.2179453819990158,0.8359375,0.88232421875,0.29651564359664917,0.04486083984375,0.2373046875,0.0179290771484375,2.0351016918818154,0.3775368630886078,0.1710205078125,0.04236547648906708,0.28888237476348877,0.007489266339689493,0.2706204056739807
obj_0253,229,llh,15.17799973487854,0.8313078880310059,0.173822283744812,7.161588668823242,0.3328785300254822,0.19469144940376282,26.59022092819214,10.148944854736328,0.5554221868515015,0.3262369632720947,15.453822612762451,0.8852154016494751,0.1533057689666748,14.408029317855835,0.8091433048248291,0.2021096646785736,0.8359375,0.8447265625,0.3553190231323242,0.0489501953125,0.263916015625,0.0136260986328125,3.0698444843292236,0.37538614869117737,0.15087890625,0.04236547648906708,0.28888237476348877,0.007489266339689493,0.2706204056739807
obj_0253,229,c3_lhl,14.941322803497314,0.8310074806213379,0.1797952950000763,7.044156193733215,0.31280964612960815,0.1915382742881775,24.851982593536377,8.989563584327698,0.5013134479522705,0.3121182322502136,15.336390733718872,0.8830596208572388,0.15490593016147614,14.168148040771484,0.8074992299079895,0.20867589116096497,0.8359375,0.84375,0.3036022186279297,0.047607421875,0.26708984375,0.0177001953125,3.1944264570871987,0.36273393034935,0.1700439453125,0.04236547648906708,0.28888237476348877,0.007489266339689493,0.2706204056739807
obj_0254,230,fixed_mean,14.04769778251648,0.8567620515823364,0.15252785384655,5.257155895233154,0.3316642642021179,0.19568374752998352,26.01726770401001,9.508599638938904,0.5454705357551575,0.33058494329452515,14.29619312286377,0.9019487500190735,0.13720108568668365,13.936535120010376,0.8546146154403687,0.15548504889011383,0.9739583333333334,0.798828125,0.4753236472606659,0.053985595703125,0.30078125,0.019775390625,3.32279642422994,0.39385291934013367,0.1558837890625,0.010180113837122917,0.20181848108768463,0.006220442242920399,0.2418159693479538
obj_0254,230,hll,13.148082494735718,0.8451127409934998,0.17177186906337738,4.451848268508911,0.2703370153903961,0.2061576545238495,23.767011165618896,8.576878309249878,0.5248972773551941,0.26606684923171997,13.49088430404663,0.892254114151001,0.1470019817352295,13.038742542266846,0.8427464365959167,0.17406657338142395,0.9739583333333334,0.83935546875,0.48008209466934204,0.0531005859375,0.283935546875,0.0243988037109375,2.9137816429138184,0.4018387794494629,0.15869140625,0.010180113837122917,0.20181848108768463,0.006220442242920399,0.2418159693479538
obj_0254,230,llh,14.822838306427002,0.8560510277748108,0.14345185458660126,5.953018665313721,0.3724425137042999,0.18688449263572693,28.421804904937744,10.653693675994873,0.5869078636169434,0.36852559447288513,14.99205470085144,0.908869206905365,0.13269905745983124,14.710346460342407,0.853929877281189,0.14676648378372192,0.9739583333333334,0.76806640625,0.4913620352745056,0.05609130859375,0.29638671875,0.015350341796875,3.3327138423919678,0.3877430856227875,0.143798828125,0.010180113837122917,0.20181848108768463,0.006220442242920399,0.2418159693479538
obj_0254,230,c3_lhl,14.642670154571533,0.858959972858429,0.15275993943214417,5.805066227912903,0.3626731038093567,0.19076186418533325,27.50077486038208,9.669637680053711,0.5429043173789978,0.3641659617424011,14.84410285949707,0.9076645970344543,0.13295526802539825,14.52957272529602,0.8569075465202332,0.15621846914291382,0.9739583333333334,0.77587890625,0.45864036679267883,0.050750732421875,0.30224609375,0.0221405029296875,3.8682437737782798,0.37985655665397644,0.1617431640625,0.010180113837122917,0.20181848108768463,0.006220442242920399,0.2418159693479538
obj_0255,231,fixed_mean,16.79295063018799,0.8939760327339172,0.13219895958900452,5.048617124557495,0.17946051061153412,0.12713752686977386,20.0337815284729,6.418091058731079,0.42934906482696533,0.13041242957115173,19.444303512573242,0.9667132496833801,0.08442282676696777,16.23880386352539,0.8861653804779053,0.1507120430469513,0.861328125,0.763671875,0.4904783368110657,0.0249786376953125,0.80029296875,0.0517578125,4.561755657196045,0.3730687201023102,0.2381591796875,0.028886139392852783,0.5343708395957947,0.0198966171592474,0.2856094539165497
obj_0255,231,hll,15.72713851928711,0.8888553977012634,0.14153066277503967,4.47784811258316,0.1449814736843109,0.12897075712680817,18.444701433181763,5.678979158401489,0.40094268321990967,0.10144087672233582,18.873534202575684,0.9654852747917175,0.08770303428173065,15.209585428237915,0.8807329535484314,0.15982705354690552,0.861328125,0.78515625,0.45748886466026306,0.021026611328125,0.6904296875,0.052947998046875,3.672356367111206,0.37894555926322937,0.2366943359375,0.028886139392852783,0.5343708395957947,0.0198966171592474,0.2856094539165497
obj_0255,231,llh,18.46593141555786,0.8926480412483215,0.11615744978189468,6.472074389457703,0.2424630969762802,0.12110421806573868,22.023284435272217,7.8592449426651,0.47412624955177307,0.18677613139152527,20.867760181427002,0.9696956276893616,0.07466839253902435,17.886817455291748,0.8857627511024475,0.1330234706401825,0.861328125,0.69873046875,0.49272510409355164,0.034637451171875,0.8154296875,0.0469970703125,5.316013336181641,0.3634558916091919,0.2132568359375,0.028886139392852783,0.5343708395957947,0.0198966171592474,0.2856094539165497
obj_0255,231,c3_lhl,17.233463525772095,0.8944857120513916,0.13344816863536835,5.252166986465454,0.18348635733127594,0.1288919448852539,20.773866176605225,6.628388166427612,0.43218424916267395,0.13906246423721313,19.647852182388306,0.9667565226554871,0.08712232112884521,16.63788914680481,0.8865473866462708,0.1527729630470276,0.861328125,0.7568359375,0.47824186086654663,0.0283355712890625,0.8076171875,0.05743408203125,4.77765687306722,0.3693414628505707,0.2509765625,0.028886139392852783,0.5343708395957947,0.0198966171592474,0.2856094539165497
obj_0256,232,fixed_mean,12.099655866622925,0.7993622422218323,0.290729820728302,6.965751647949219,0.44583839178085327,0.3427792191505432,29.125213623046875,10.330318212509155,0.5113834738731384,0.4490615129470825,12.160172462463379,0.8051878213882446,0.276403546333313,12.099655866622925,0.7993622422218323,0.290729820728302,1.0,0.7509765625,0.3223080635070801,0.05615234375,0.25537109375,0.016326904296875,3.6679979960123696,0.3594006299972534,0.1444091796875,0.015047777444124222,0.14851070940494537,0.00400219950824976,0.2537645399570465
obj_0256,232,hll,11.311694383621216,0.7814719676971436,0.29309403896331787,6.201574802398682,0.40005043148994446,0.34601548314094543,26.909432411193848,9.162068367004395,0.48458829522132874,0.4031444191932678,11.395995616912842,0.7883549928665161,0.2818028926849365,11.311694383621216,0.7814719676971436,0.29309403896331787,1.0,0.7900390625,0.30407848954200745,0.056884765625,0.2479248046875,0.0178070068359375,3.8411268393198648,0.35000744462013245,0.1605224609375,0.015047777444124222,0.14851070940494537,0.00400219950824976,0.2537645399570465
obj_0256,232,llh,12.847445011138916,0.8104332089424133,0.29494360089302063,7.701815366744995,0.4709009826183319,0.3413323760032654,30.802383422851562,11.400725841522217,0.5384198427200317,0.47318539023399353,12.896236181259155,0.8158071041107178,0.27637022733688354,12.847445011138916,0.8104332089424133,0.29494360089302063,1.0,0.7177734375,0.3416697680950165,0.06134033203125,0.250732421875,0.01348876953125,3.598543643951416,0.36430561542510986,0.126953125,0.015047777444124222,0.14851070940494537,0.00400219950824976,0.2537645399570465
obj_0256,232,c3_lhl,12.936397790908813,0.8161844611167908,0.2844963073730469,7.822400331497192,0.48909613490104675,0.33494389057159424,28.73677968978882,10.653964281082153,0.5106291174888611,0.49477073550224304,13.016821146011353,0.8226179480552673,0.2696532607078552,12.936397790908813,0.8161844611167908,0.2844963073730469,1.0,0.701171875,0.2926987111568451,0.05908203125,0.2496337890625,0.01538848876953125,4.04242483774821,0.33935022354125977,0.146240234375,0.015047777444124222,0.14851070940494537,0.00400219950824976,0.2537645399570465
obj_0257,233,fixed_mean,19.57084894180298,0.908717930316925,0.09891320765018463,8.16376268863678,0.23657776415348053,0.08270208537578583,20.903639793395996,7.70734429359436,0.47692400217056274,0.21782739460468292,25.11296510696411,0.9842000603675842,0.05924011021852493,18.834325075149536,0.8998020887374878,0.11534731090068817,0.77734375,0.6533203125,0.45806875824928284,0.0302886962890625,0.529296875,0.03228759765625,4.714040915171306,0.34619173407554626,0.1854248046875,0.03615269437432289,0.7611149549484253,0.03345721587538719,0.31248700618743896
obj_0257,233,hll,17.75849938392639,0.8979225158691406,0.11429385840892792,7.094023823738098,0.19235587120056152,0.09107331186532974,18.834728002548218,6.761727929115295,0.4524718225002289,0.1737910360097885,24.04322624206543,0.9832346439361572,0.06437426060438156,17.103662490844727,0.8880912661552429,0.13062182068824768,0.77734375,0.6796875,0.4181649386882782,0.0321044921875,0.493896484375,0.03411865234375,4.561415195465088,0.3542863428592682,0.2017822265625,0.03615269437432289,0.7611149549484253,0.03345721587538719,0.31248700618743896
obj_0257,233,llh,22.122220993041992,0.9089068174362183,0.08097075670957565,10.874309539794922,0.28982865810394287,0.06896942108869553,23.39491605758667,9.804413318634033,0.5149770975112915,0.2641570568084717,27.82351016998291,0.9859558939933777,0.04816663637757301,21.3718318939209,0.9009831547737122,0.09643931686878204,0.77734375,0.55859375,0.49239954352378845,0.040191650390625,0.54345703125,0.029205322265625,4.962103843688965,0.3289046883583069,0.1580810546875,0.03615269437432289,0.7611149549484253,0.03345721587538719,0.31248700618743896
obj_0257,233,c3_lhl,20.192115306854248,0.9073762893676758,0.10157700628042221,8.362069129943848,0.22551707923412323,0.08337492495775223,21.7004132270813,7.850242257118225,0.47196194529533386,0.20860876142978668,25.311272144317627,0.9840917587280273,0.06019367277622223,19.32866334915161,0.8981393575668335,0.11751952767372131,0.77734375,0.646484375,0.4393245577812195,0.03436279296875,0.5390625,0.03778076171875,4.865087191263835,0.3452886939048767,0.2010498046875,0.03615269437432289,0.7611149549484253,0.03345721587538719,0.31248700618743896
obj_0258,234,fixed_mean,17.47607111930847,0.8870229125022888,0.12277305871248245,7.052553296089172,0.22455620765686035,0.1309737265110016,23.040871620178223,9.1776841878891,0.5474143028259277,0.2051265686750412,18.777894973754883,0.9420226216316223,0.08568759262561798,17.076139450073242,0.8803863525390625,0.13232624530792236,0.8971354166666666,0.8408203125,0.42269864678382874,0.02874755859375,0.415283203125,0.03204345703125,3.2738866806030273,0.38322970271110535,0.18798828125,0.030578838661313057,0.3460386097431183,0.014363588765263557,0.2684430480003357
obj_0258,234,hll,16.23955726623535,0.875830352306366,0.13443028926849365,6.424765586853027,0.13446882367134094,0.13577555119991302,20.423946380615234,8.084985613822937,0.5217652320861816,0.1086689829826355,18.15010666847229,0.9370242357254028,0.08649573475122452,15.878355503082275,0.8685194849967957,0.14605695009231567,0.8971354166666666,0.8564453125,0.3957153558731079,0.01488494873046875,0.347900390625,0.033172607421875,2.256929794947306,0.39149969816207886,0.1787109375,0.030578838661313057,0.3460386097431183,0.014363588765263557,0.2684430480003357
obj_0258,234,llh,18.1620991230011,0.8838835954666138,0.10846622288227081,7.50905454158783,0.2701692283153534,0.12477318197488785,24.459736347198486,9.990367889404297,0.5791448354721069,0.25139811635017395,19.234395027160645,0.9454461336135864,0.08162127435207367,17.74876832962036,0.8776382207870483,0.11631305515766144,0.8971354166666666,0.8310546875,0.4485331177711487,0.0291595458984375,0.40673828125,0.025604248046875,3.486697514851888,0.38319116830825806,0.1796875,0.030578838661313057,0.3460386097431183,0.014363588765263557,0.2684430480003357
obj_0258,234,c3_lhl,17.86617875099182,0.88730788230896,0.12539958953857422,7.329634428024292,0.24771250784397125,0.13157102465629578,23.771615028381348,9.105042815208435,0.5465332865715027,0.23290373384952545,19.05497431755066,0.943523645401001,0.08660082519054413,17.441765069961548,0.880900502204895,0.1355782002210617,0.8971354166666666,0.83056640625,0.39378032088279724,0.029541015625,0.43798828125,0.0357666015625,3.835041364034017,0.3754391372203827,0.1978759765625,0.030578838661313057,0.3460386097431183,0.014363588765263557,0.2684430480003357
obj_0259,235,fixed_mean,15.821818113327026,0.8686011433601379,0.16264748573303223,6.730095744132996,0.357372522354126,0.1699950098991394,22.93497085571289,8.323668837547302,0.49685171246528625,0.3597215414047241,16.655263900756836,0.9257730841636658,0.12817975878715515,15.821818113327026,0.8686011433601379,0.16264748573303223,1.0,0.7294921875,0.30781713128089905,0.0806884765625,0.268798828125,0.016693115234375,3.3758368492126465,0.37390515208244324,0.1229248046875,0.03399737924337387,0.2372114211320877,0.009337364695966244,0.24423427879810333
obj_0259,235,hll,14.718456268310547,0.8581342101097107,0.18552784621715546,5.874361991882324,0.34393957257270813,0.175569087266922,20.821101665496826,7.338001132011414,0.467959463596344,0.3486153781414032,15.799530744552612,0.9211368560791016,0.13368433713912964,14.718456268310547,0.8581342101097107,0.18552784621715546,1.0,0.7626953125,0.2874354124069214,0.0858154296875,0.2431640625,0.015533447265625,3.3967105547587075,0.37416696548461914,0.1309814453125,0.03399737924337387,0.2372114211320877,0.009337364695966244,0.24423427879810333
obj_0259,235,llh,16.721606254577637,0.8643057346343994,0.14948301017284393,7.40324854850769,0.3479107916355133,0.16432543098926544,25.102815628051758,9.716457724571228,0.5305017828941345,0.34236279129981995,17.32841730117798,0.9270227551460266,0.12294893711805344,16.721606254577637,0.8643057346343994,0.14948301017284393,1.0,0.70703125,0.33774858713150024,0.07818603515625,0.27880859375,0.017242431640625,3.656994024912516,0.3788910508155823,0.11407470703125,0.03399737924337387,0.2372114211320877,0.009337364695966244,0.24423427879810333
obj_0259,235,c3_lhl,16.246484518051147,0.8681224584579468,0.16852323710918427,7.206529378890991,0.3861229121685028,0.16180619597434998,23.122966289520264,8.389338850975037,0.4908280670642853,0.3936518132686615,17.13169813156128,0.9298135042190552,0.12308771908283234,16.246484518051147,0.8681224584579468,0.16852323710918427,1.0,0.71484375,0.29851290583610535,0.07354736328125,0.25390625,0.01508331298828125,3.762840906778971,0.359302282333374,0.1279296875,0.03399737924337387,0.2372114211320877,0.009337364695966244,0.24423427879810333
obj_0260,236,fixed_mean,12.007768154144287,0.7595284581184387,0.3045322597026825,6.809415221214294,0.2863534390926361,0.3394012451171875,30.584533214569092,11.426082849502563,0.538856565952301,0.28373005986213684,12.050213813781738,0.7641547918319702,0.29331254959106445,12.007768154144287,0.7595284581184387,0.3045322597026825,1.0,0.806640625,0.27742820978164673,0.0662841796875,0.30419921875,0.018707275390625,3.7488199869791665,0.37488460540771484,0.1380615234375,0.05455213040113449,0.2004300206899643,0.006240286864340305,0.2596991956233978
obj_0260,236,hll,11.314711570739746,0.7490097880363464,0.30967509746551514,6.133851408958435,0.26508909463882446,0.34660226106643677,28.40155601501465,10.023715496063232,0.5168010592460632,0.2624809443950653,11.374650001525879,0.7548640966415405,0.29959502816200256,11.314711570739746,0.7490097880363464,0.30967509746551514,1.0,0.845703125,0.28416743874549866,0.059112548828125,0.269287109375,0.0184783935546875,3.6062450408935547,0.373843789100647,0.1375732421875,0.05455213040113449,0.2004300206899643,0.006240286864340305,0.2596991956233978
obj_0260,236,llh,12.468013763427734,0.7620192170143127,0.30493754148483276,7.262117266654968,0.28744378685951233,0.33827584981918335,31.890902519226074,12.449443340301514,0.5557802319526672,0.2839728593826294,12.502915859222412,0.7665482759475708,0.2912418246269226,12.468013763427734,0.7620192170143127,0.30493754148483276,1.0,0.78271484375,0.2870442271232605,0.07147216796875,0.313232421875,0.020233154296875,3.849902311960856,0.3884875476360321,0.1351318359375,0.05455213040113449,0.2004300206899643,0.006240286864340305,0.2596991956233978
obj_0260,236,c3_lhl,12.657846212387085,0.7709324955940247,0.3102366030216217,7.476350665092468,0.3143410384654999,0.33703041076660156,29.790630340576172,11.487329006195068,0.5334614515304565,0.3134114444255829,12.717149257659912,0.7759831547737122,0.29629382491111755,12.657846212387085,0.7709324955940247,0.3102366030216217,1.0,0.767578125,0.253633052110672,0.06982421875,0.31201171875,0.017669677734375,3.971427838007609,0.3520147204399109,0.1405029296875,0.05455213040113449,0.2004300206899643,0.006240286864340305,0.2596991956233978
obj_0261,237,fixed_mean,18.144460916519165,0.9075157642364502,0.1110481321811676,6.223239302635193,0.2195371389389038,0.08562248200178146,20.456299781799316,7.251569628715515,0.4800868034362793,0.19544091820716858,21.820461750030518,0.9762954711914062,0.06742066144943237,17.912949323654175,0.9058130979537964,0.11708424985408783,0.9296875,0.70556640625,0.45636048913002014,0.0296630859375,0.6845703125,0.051910400390625,4.927896976470947,0.3595263957977295,0.2291259765625,0.06543663889169693,0.5040075182914734,0.023839300498366356,0.2840905785560608
obj_0261,237,hll,16.55627727508545,0.8972891569137573,0.1296854019165039,5.50567626953125,0.176886647939682,0.09129015356302261,18.31262707710266,6.4293372631073,0.45268961787223816,0.1553087681531906,21.102898120880127,0.9751856327056885,0.07100600749254227,16.347062587738037,0.8948928117752075,0.13802358508110046,0.9296875,0.7138671875,0.42610809206962585,0.0234222412109375,0.63232421875,0.062255859375,4.431420644124349,0.36448144912719727,0.25048828125,0.06543663889169693,0.5040075182914734,0.023839300498366356,0.2840905785560608
obj_0261,237,llh,20.156383514404297,0.9053264260292053,0.09389285743236542,7.727568745613098,0.2726652920246124,0.07786507904529572,22.89275884628296,8.803964853286743,0.5207362771034241,0.24536079168319702,23.324790000915527,0.9783174991607666,0.06175215542316437,19.914361238479614,0.90334153175354,0.09791918098926544,0.9296875,0.650390625,0.46273210644721985,0.024810791015625,0.685546875,0.04833984375,5.295620123545329,0.3562740981578827,0.2034912109375,0.06543663889169693,0.5040075182914734,0.023839300498366356,0.2840905785560608
obj_0261,237,c3_lhl,18.729792833328247,0.9036973118782043,0.11449746787548065,6.459669470787048,0.2227053940296173,0.08814555406570435,21.323471069335938,7.476252913475037,0.4815603196620941,0.20690305531024933,22.056891918182373,0.9763755798339844,0.06926365196704865,18.462241888046265,0.9015878438949585,0.12268746644258499,0.9296875,0.69287109375,0.4393981695175171,0.0300140380859375,0.685546875,0.0648193359375,4.8458811442057295,0.35682907700538635,0.2509765625,0.06543663889169693,0.5040075182914734,0.023839300498366356,0.2840905785560608
obj_0262,238,fixed_mean,12.27839708328247,0.7964613437652588,0.17312443256378174,5.36871612071991,0.31021106243133545,0.25039243698120117,30.850863456726074,11.948157548904419,0.6069493889808655,0.3002452850341797,12.326844930648804,0.8389461636543274,0.16335934400558472,12.227392196655273,0.7948139905929565,0.17469607293605804,0.98828125,0.86328125,0.5332580208778381,0.0567626953125,0.260986328125,0.0159912109375,3.1794195969899497,0.437324583530426,0.1038818359375,0.03161146491765976,0.15820211172103882,0.004275419749319553,0.24036097526550293
obj_0262,238,hll,11.487975120544434,0.7815083265304565,0.1843339055776596,4.610504508018494,0.25647062063217163,0.2583666145801544,27.86264181137085,10.373519659042358,0.5656083226203918,0.24608248472213745,11.568632125854492,0.822442352771759,0.17158891260623932,11.437221765518188,0.7796469330787659,0.1836245208978653,0.98828125,0.90283203125,0.5481441617012024,0.054931640625,0.2230224609375,0.016845703125,2.619453032811483,0.4346299469470978,0.10235595703125,0.03161146491765976,0.15820211172103882,0.004275419749319553,0.24036097526550293
obj_0262,238,llh,12.90401816368103,0.8073036670684814,0.17151378095149994,5.98049521446228,0.3498212397098541,0.24489904940128326,32.93079376220703,13.023508787155151,0.6330215930938721,0.3399806022644043,12.938622236251831,0.8485650420188904,0.16196021437644958,12.852905988693237,0.805694580078125,0.17293940484523773,0.98828125,0.83203125,0.5243750214576721,0.0628662109375,0.269775390625,0.014984130859375,3.271682024002075,0.43628671765327454,0.10235595703125,0.03161146491765976,0.15820211172103882,0.004275419749319553,0.24036097526550293
obj_0262,238,c3_lhl,12.926745414733887,0.8207423090934753,0.17741483449935913,6.012282967567444,0.35262325406074524,0.2461244761943817,31.94800853729248,12.186254262924194,0.6098520755767822,0.34515729546546936,12.970410585403442,0.8507199883460999,0.16323886811733246,12.87557601928711,0.8190699815750122,0.17777322232723236,0.98828125,0.830078125,0.48921892046928406,0.059417724609375,0.278076171875,0.0182952880859375,3.6725568771362305,0.4183933436870575,0.11669921875,0.03161146491765976,0.15820211172103882,0.004275419749319553,0.24036097526550293
obj_0263,239,fixed_mean,14.545083045959473,0.828282356262207,0.18577072024345398,6.7305415868759155,0.3333134651184082,0.2144097089767456,22.274699211120605,7.445642948150635,0.474266916513443,0.33300137519836426,15.224465131759644,0.884104311466217,0.15508520603179932,14.07619595527649,0.8144357204437256,0.20659512281417847,0.89453125,0.84521484375,0.4337138831615448,0.06561279296875,0.252197265625,0.0155487060546875,2.790739138921102,0.39213237166404724,0.14111328125,0.034440379589796066,0.2616559863090515,0.008477311581373215,0.27847054600715637
obj_0263,239,hll,13.96740198135376,0.8212954998016357,0.19514884054660797,6.23427152633667,0.3028067350387573,0.2229277789592743,21.24506950378418,6.846153140068054,0.45843619108200073,0.3022044599056244,14.728195667266846,0.8762620091438293,0.16151395440101624,13.500800132751465,0.8064393997192383,0.21722106635570526,0.89453125,0.8671875,0.4236207604408264,0.06781005859375,0.2371826171875,0.0166015625,2.2051066557566323,0.40351027250289917,0.142822265625,0.034440379589796066,0.2616559863090515,0.008477311581373215,0.27847054600715637
obj_0263,239,llh,15.149065256118774,0.825666606426239,0.17568713426589966,7.208240032196045,0.3636826276779175,0.20721261203289032,23.710145950317383,8.429716229438782,0.5091120004653931,0.3607742190361023,15.70216417312622,0.8908208012580872,0.1481226235628128,14.675859212875366,0.8122345209121704,0.19508817791938782,0.89453125,0.83203125,0.45830038189888,0.064208984375,0.25146484375,0.0135498046875,3.085442066192627,0.3877545893192291,0.133056640625,0.034440379589796066,0.2616559863090515,0.008477311581373215,0.27847054600715637
obj_0263,239,c3_lhl,14.956451654434204,0.832859992980957,0.18344014883041382,7.145169973373413,0.3523384928703308,0.21122360229492188,22.6668643951416,7.579343318939209,0.47613561153411865,0.3538825511932373,15.639094114303589,0.8897804617881775,0.1529579907655716,14.478811025619507,0.819561243057251,0.20519869029521942,0.89453125,0.83056640625,0.4077906608581543,0.062042236328125,0.2626953125,0.0170440673828125,2.98727814356486,0.3798801004886627,0.1485595703125,0.034440379589796066,0.2616559863090515,0.008477311581373215,0.27847054600715637
obj_0264,240,fixed_mean,13.891448974609375,0.8419537544250488,0.14206844568252563,4.708224534988403,0.1420668363571167,0.1667921543121338,22.350258827209473,7.556774020195007,0.46046751737594604,0.12220791727304459,14.48421835899353,0.8998692035675049,0.11585851013660431,13.443039655685425,0.8307605385780334,0.15540200471878052,0.8984375,0.8623046875,0.3678724467754364,0.0380859375,0.409423828125,0.0269775390625,2.81788436571757,0.3474966883659363,0.2064208984375,0.045788299292325974,0.2613602578639984,0.007783202920109034,0.2681185305118561
obj_0264,240,hll,13.264563083648682,0.8364933133125305,0.1563255935907364,4.408463835716248,0.08939128369092941,0.17137204110622406,19.97365951538086,6.744949817657471,0.42115697264671326,0.07055345177650452,14.184458255767822,0.8969101309776306,0.11889276653528214,12.828806638717651,0.824522078037262,0.16885821521282196,0.8984375,0.861328125,0.3613662123680115,0.0228424072265625,0.346435546875,0.0284576416015625,2.053786277770996,0.3457360863685608,0.2109375,0.045788299292325974,0.2613602578639984,0.007783202920109034,0.2681185305118561
obj_0264,240,llh,14.471871852874756,0.8401404619216919,0.13363392651081085,5.120333433151245,0.19852864742279053,0.1609940230846405,24.298696517944336,8.520892858505249,0.5042844414710999,0.17495976388454437,14.896327257156372,0.9046635031700134,0.11288344860076904,14.017285108566284,0.8291420340538025,0.1459074169397354,0.8984375,0.85009765625,0.39671364426612854,0.0467529296875,0.43310546875,0.02362060546875,3.6801690260569253,0.34976926445961,0.1944580078125,0.045788299292325974,0.2613602578639984,0.007783202920109034,0.2681185305118561
obj_0264,240,c3_lhl,14.176406860351562,0.8425487279891968,0.14522168040275574,5.038658380508423,0.16108950972557068,0.16659565269947052,22.336392402648926,7.669733166694641,0.45224037766456604,0.146822988986969,14.81465220451355,0.9017303586006165,0.11686404049396515,13.717871904373169,0.8314226269721985,0.15897393226623535,0.8984375,0.84228515625,0.32303011417388916,0.041839599609375,0.443359375,0.0289306640625,3.588179270426432,0.331081748008728,0.227783203125,0.045788299292325974,0.2613602578639984,0.007783202920109034,0.2681185305118561
obj_0265,241,fixed_mean,15.325360298156738,0.8333841562271118,0.25596287846565247,10.10311245918274,0.5633029937744141,0.27434808015823364,24.11862850189209,9.865307211875916,0.48667794466018677,0.575900673866272,15.764524936676025,0.8476556539535522,0.2274898886680603,15.325360298156738,0.8333841562271118,0.25596287846565247,1.0,0.78662109375,0.3752497434616089,0.1273193359375,0.2476806640625,0.0157012939453125,3.5871667861938477,0.3554180860519409,0.1453857421875,0.12827637791633606,0.22838228940963745,0.008242412470281124,0.2917243540287018
obj_0265,241,hll,14.743070602416992,0.8245814442634583,0.2558293342590332,9.669368267059326,0.5424509644508362,0.27478912472724915,22.343790531158447,8.975638747215271,0.45769137144088745,0.5564253330230713,15.330780744552612,0.84345942735672,0.22599539160728455,14.743070602416992,0.8245814442634583,0.2558293342590332,1.0,0.802734375,0.3467738926410675,0.11572265625,0.228271484375,0.0165557861328125,3.5057766437530518,0.3495919704437256,0.1502685546875,0.12827637791633606,0.22838228940963745,0.008242412470281124,0.2917243540287018
obj_0265,241,llh,15.899688005447388,0.8420314192771912,0.2635265290737152,10.595718622207642,0.573867917060852,0.27712178230285645,25.54692506790161,10.826634168624878,0.51541668176651,0.5837984085083008,16.257132291793823,0.8554297685623169,0.23275184631347656,15.899688005447388,0.8420314192771912,0.2635265290737152,1.0,0.771484375,0.3931467831134796,0.12237548828125,0.239990234375,0.01317596435546875,3.4724326133728027,0.3538411557674408,0.1356201171875,0.12827637791633606,0.22838228940963745,0.008242412470281124,0.2917243540287018
obj_0265,241,c3_lhl,15.57870626449585,0.834963858127594,0.2546699047088623,10.468499660491943,0.5473841428756714,0.27126172184944153,23.44005823135376,9.695325493812561,0.46852341294288635,0.5612707138061523,16.129913330078125,0.8503732085227966,0.2256230115890503,15.57870626449585,0.834963858127594,0.2546699047088623,1.0,0.759765625,0.3393513262271881,0.126953125,0.255859375,0.0161895751953125,3.8921701908111572,0.34058502316474915,0.15380859375,0.12827637791633606,0.22838228940963745,0.008242412470281124,0.2917243540287018
obj_0266,242,fixed_mean,15.117812156677246,0.8275615572929382,0.15981335937976837,8.273532390594482,0.43568718433380127,0.1964520961046219,22.568678855895996,7.749356031417847,0.4704672396183014,0.4394424557685852,15.81426739692688,0.881314218044281,0.1347847878932953,14.82189416885376,0.8192417621612549,0.17225459218025208,0.93359375,0.86865234375,0.4527459442615509,0.03192138671875,0.21630859375,0.0145263671875,2.674428939819336,0.3980608582496643,0.1153564453125,0.021639255806803703,0.23209989070892334,0.011741898953914642,0.2857171595096588
obj_0266,242,hll,14.21374797821045,0.7983624935150146,0.16750329732894897,7.417933940887451,0.3024408221244812,0.20331549644470215,21.39601469039917,6.863100528717041,0.4256333112716675,0.30010199546813965,14.958668947219849,0.8571149110794067,0.14105506241321564,13.918795585632324,0.7882624268531799,0.1798853874206543,0.93359375,0.9052734375,0.4122864902019501,0.024322509765625,0.193603515625,0.0158233642578125,2.0759670734405518,0.3994121551513672,0.11767578125,0.021639255806803703,0.23209989070892334,0.011741898953914642,0.2857171595096588
obj_0266,242,llh,15.944123268127441,0.8383873701095581,0.15320520102977753,9.013616442680359,0.5051671862602234,0.19264213740825653,23.926968574523926,8.912026286125183,0.5169212222099304,0.5087689757347107,16.554352045059204,0.8952114582061768,0.1286552995443344,15.647280216217041,0.8312828540802002,0.16628442704677582,0.93359375,0.84228515625,0.4946891665458679,0.036376953125,0.224365234375,0.01230621337890625,2.8955323696136475,0.39055493474006653,0.11126708984375,0.021639255806803703,0.23209989070892334,0.011741898953914642,0.2857171595096588
obj_0266,242,c3_lhl,15.616307258605957,0.8444802165031433,0.15934090316295624,8.838444948196411,0.49340537190437317,0.1958669126033783,22.703874111175537,7.972893714904785,0.4801570475101471,0.5020270347595215,16.379178762435913,0.8935591578483582,0.1332406997680664,15.318576097488403,0.8365686535835266,0.17111855745315552,0.93359375,0.84423828125,0.44694778323173523,0.03643798828125,0.2271728515625,0.0157928466796875,3.3425358136494956,0.39022836089134216,0.119873046875,0.021639255806803703,0.23209989070892334,0.011741898953914642,0.2857171595096588
obj_0267,243,fixed_mean,15.684797763824463,0.8740679621696472,0.15029221773147583,5.657220482826233,0.2008429318666458,0.10915759205818176,19.899098873138428,6.973873972892761,0.37092962861061096,0.21120403707027435,17.586770057678223,0.9444330930709839,0.08221018314361572,15.399824380874634,0.8692463040351868,0.15976883471012115,0.9296875,0.712890625,0.42787283658981323,0.0599365234375,0.477783203125,0.031524658203125,4.341567834218343,0.3539230227470398,0.252685546875,0.031205443665385246,0.5420185923576355,0.06189149618148804,0.3335593044757843
obj_0267,243,hll,14.874591827392578,0.8671493530273438,0.16032645106315613,5.228809714317322,0.18902979791164398,0.11067142337560654,18.470042943954468,6.437746286392212,0.3540723919868469,0.2029813677072525,17.158360481262207,0.9428437352180481,0.08518951386213303,14.603768587112427,0.8622729778289795,0.16916894912719727,0.9296875,0.716796875,0.3931480348110199,0.06591796875,0.459228515625,0.035247802734375,3.8956108887990317,0.3527030646800995,0.266357421875,0.031205443665385246,0.5420185923576355,0.06189149618148804,0.3335593044757843
obj_0267,243,llh,16.62368893623352,0.8679793477058411,0.14081478118896484,6.323774456977844,0.23113183677196503,0.10619886964559555,21.38216257095337,7.925345301628113,0.3921066224575043,0.23998168110847473,18.25332283973694,0.9472302198410034,0.0784921646118164,16.333155632019043,0.8629984259605408,0.1509975790977478,0.9296875,0.69189453125,0.46503251791000366,0.06207275390625,0.463134765625,0.027313232421875,4.673554579416911,0.35877513885498047,0.2257080078125,0.031205443665385246,0.5420185923576355,0.06189149618148804,0.3335593044757843
obj_0267,243,c3_lhl,15.86083173751831,0.8688779473304749,0.1519557684659958,5.752407908439636,0.19980263710021973,0.10856346786022186,20.22623062133789,6.921833753585815,0.36380746960639954,0.21429269015789032,17.681957483291626,0.944220781326294,0.08562242239713669,15.561814308166504,0.8636943101882935,0.1597989946603775,0.9296875,0.70849609375,0.41354426741600037,0.057403564453125,0.47900390625,0.037841796875,4.373552481333415,0.35397249460220337,0.264404296875,0.031205443665385246,0.5420185923576355,0.06189149618148804,0.3335593044757843
obj_0268,244,fixed_mean,13.744616508483887,0.8546618223190308,0.13593947887420654,4.3144723773002625,0.2363758087158203,0.16010913252830505,26.222102642059326,9.990547895431519,0.5500258803367615,0.22719848155975342,13.969237804412842,0.9015411734580994,0.12033883482217789,13.221256732940674,0.8430721163749695,0.15159648656845093,0.8828125,0.865234375,0.476159930229187,0.05902099609375,0.342529296875,0.0245208740234375,2.501549005508423,0.39593106508255005,0.187255859375,0.0629480630159378,0.15988098084926605,0.004199134651571512,0.25312331318855286
obj_0268,244,hll,13.422073125839233,0.8482092618942261,0.1448313444852829,4.074481725692749,0.16389738023281097,0.16531074047088623,24.581079483032227,9.200180768966675,0.5213268995285034,0.15255938470363617,13.729246854782104,0.8973892331123352,0.12347334623336792,12.903859615325928,0.8358134031295776,0.15964311361312866,0.8828125,0.87158203125,0.4554102420806885,0.04632568359375,0.3232421875,0.030029296875,2.171923796335856,0.39682072401046753,0.19482421875,0.0629480630159378,0.15988098084926605,0.004199134651571512,0.25312331318855286
obj_0268,244,llh,14.099537134170532,0.8507673144340515,0.13191772997379303,4.59583580493927,0.283449649810791,0.15975016355514526,28.263421058654785,10.733506679534912,0.5915207266807556,0.2707400918006897,14.250600337982178,0.9057693481445312,0.11988797038793564,13.570291996002197,0.839120626449585,0.1456049680709839,0.8828125,0.859375,0.4987461566925049,0.067138671875,0.34814453125,0.019500732421875,3.0011903444925943,0.40434467792510986,0.172119140625,0.0629480630159378,0.15988098084926605,0.004199134651571512,0.25312331318855286
obj_0268,244,c3_lhl,14.117757081985474,0.8557857275009155,0.14522916078567505,4.651467502117157,0.259237676858902,0.15952053666114807,27.339255809783936,10.086009502410889,0.5442596077919006,0.25382453203201294,14.306232929229736,0.9054730534553528,0.11910833418369293,13.585150241851807,0.8440729379653931,0.1607237458229065,0.8828125,0.849609375,0.44522643089294434,0.059539794921875,0.358642578125,0.027099609375,3.295786460240682,0.38729575276374817,0.1937255859375,0.0629480630159378,0.15988098084926605,0.004199134651571512,0.25312331318855286
obj_0269,245,fixed_mean,14.582357406616211,0.8383028507232666,0.15947863459587097,6.21290922164917,0.2815123200416565,0.1721244603395462,20.429646968841553,7.222952842712402,0.4247824251651764,0.27606016397476196,15.723410844802856,0.9077320098876953,0.119435153901577,14.549295902252197,0.8376048803329468,0.16175781190395355,0.9921875,0.79443359375,0.4385112226009369,0.05023193359375,0.463134765625,0.031982421875,4.246386845906575,0.3504834771156311,0.210693359375,0.018570635467767715,0.3485206067562103,0.014410330913960934,0.28234800696372986
obj_0269,245,hll,13.656866550445557,0.8273844718933105,0.17357392609119415,5.500503182411194,0.22586669027805328,0.17895039916038513,18.8620388507843,6.362365484237671,0.39341214299201965,0.21792836487293243,15.011005401611328,0.9000983834266663,0.1222410500049591,13.62460970878601,0.8265417218208313,0.17570596933364868,0.9921875,0.8212890625,0.41552889347076416,0.048187255859375,0.415771484375,0.03240966796875,3.3729397455851235,0.3574434816837311,0.211181640625,0.018570635467767715,0.3485206067562103,0.014410330913960934,0.28234800696372986
obj_0269,245,llh,15.63109278678894,0.841924786567688,0.14694568514823914,7.114614844322205,0.3250100016593933,0.16259972751140594,22.006971836090088,8.416834473609924,0.461616575717926,0.3164817988872528,16.62511706352234,0.9155349731445312,0.11327902972698212,15.597658157348633,0.84128338098526,0.15028253197669983,0.9921875,0.76123046875,0.46609923243522644,0.049591064453125,0.458984375,0.02734375,4.519086519877116,0.34968554973602295,0.192626953125,0.018570635467767715,0.3485206067562103,0.014410330913960934,0.28234800696372986
obj_0269,245,c3_lhl,15.058268308639526,0.8436431884765625,0.16283446550369263,6.768618822097778,0.312161922454834,0.1703990399837494,20.650081634521484,7.453548908233643,0.42704859375953674,0.3133895993232727,16.279120445251465,0.9127258658409119,0.12009275704622269,15.02448558807373,0.8429486751556396,0.16590139269828796,0.9921875,0.767578125,0.4187949597835541,0.0496826171875,0.464111328125,0.032318115234375,4.563605149586995,0.34301048517227173,0.21826171875,0.018570635467767715,0.3485206067562103,0.014410330913960934,0.28234800696372986
obj_0270,246,fixed_mean,12.768248319625854,0.7886027693748474,0.26286616921424866,7.340255975723267,0.3447205722332001,0.31430476903915405,26.039113998413086,9.393790364265442,0.4551253318786621,0.3462199568748474,12.91872262954712,0.7981737852096558,0.24481026828289032,12.647842168807983,0.7827526330947876,0.2717229723930359,0.97265625,0.77392578125,0.2765720784664154,0.057098388671875,0.270263671875,0.0136871337890625,3.708711783091227,0.34897735714912415,0.14208984375,0.03053881600499153,0.2921517491340637,0.009589897468686104,0.2765399217605591
obj_0270,246,hll,11.9057035446167,0.7634859085083008,0.27868881821632385,6.499996781349182,0.3055076599121094,0.32785558700561523,24.587841033935547,8.436407446861267,0.4286208748817444,0.3066783845424652,12.078464031219482,0.7835906147956848,0.25750476121902466,11.785306930541992,0.7576070427894592,0.2857553958892822,0.97265625,0.8173828125,0.2638618052005768,0.05792236328125,0.26318359375,0.015533447265625,3.868105967839559,0.3438471853733063,0.1607666015625,0.03053881600499153,0.2921517491340637,0.009589897468686104,0.2765399217605591
obj_0270,246,llh,13.391491174697876,0.7969343662261963,0.25559937953948975,7.935948371887207,0.36012786626815796,0.30599120259284973,27.526936531066895,10.291913747787476,0.48247769474983215,0.359901487827301,13.51441502571106,0.8058434724807739,0.23830141127109528,13.2710862159729,0.7912659645080566,0.26561495661735535,0.97265625,0.74560546875,0.291502982378006,0.053985595703125,0.263427734375,0.012847900390625,3.5574812094370523,0.3591182827949524,0.1290283203125,0.03053881600499153,0.2921517491340637,0.009589897468686104,0.2765399217605591
obj_0270,246,c3_lhl,13.394333124160767,0.7959298491477966,0.26409512758255005,7.992037534713745,0.3563295900821686,0.30915313959121704,25.993263721466064,9.623351097106934,0.4501483142375946,0.35945576429367065,13.570504188537598,0.8055965900421143,0.2440473437309265,13.273926973342896,0.7901932597160339,0.27161476016044617,0.97265625,0.732421875,0.26709407567977905,0.05572509765625,0.285888671875,0.01387786865234375,4.268172899881999,0.33129653334617615,0.152587890625,0.03053881600499153,0.2921517491340637,0.009589897468686104,0.2765399217605591
obj_0271,247,fixed_mean,20.938434600830078,0.9388552904129028,0.08242236822843552,8.431387543678284,0.21171241998672485,0.040737755596637726,21.61447286605835,9.78009819984436,0.6029788255691528,0.16749128699302673,29.136338233947754,0.9932674765586853,0.043208006769418716,20.169670581817627,0.9306179881095886,0.09537690877914429,0.650390625,0.6201171875,0.5821161270141602,0.0333251953125,0.81787109375,0.049560546875,5.464772383371989,0.36128944158554077,0.27880859375,0.045517150312662125,1.1028671264648438,0.10119074583053589,0.37854641675949097
obj_0271,247,hll,18.51791739463806,0.9239040017127991,0.10328472405672073,8.248152136802673,0.1813647747039795,0.041072696447372437,18.89264464378357,9.097521305084229,0.5816295742988586,0.1524812877178192,28.953099250793457,0.9933501482009888,0.04082169383764267,17.958521842956543,0.9146391749382019,0.11009152233600616,0.650390625,0.6162109375,0.5339942574501038,0.038360595703125,0.7509765625,0.04217529296875,5.131779193878174,0.35998350381851196,0.289794921875,0.045517150312662125,1.1028671264648438,0.10119074583053589,0.37854641675949097
obj_0271,247,llh,22.95921802520752,0.9372140169143677,0.07686155289411545,8.87755572795868,0.2270752191543579,0.040888719260692596,23.987884521484375,10.833196640014648,0.6195730566978455,0.17139659821987152,29.582502841949463,0.9933202862739563,0.04276427626609802,22.06138849258423,0.9295426607131958,0.09289979934692383,0.650390625,0.59033203125,0.6050217747688293,0.0262451171875,0.794921875,0.04669189453125,5.719320933024089,0.3653669059276581,0.254638671875,0.045517150312662125,1.1028671264648438,0.10119074583053589,0.37854641675949097
obj_0271,247,c3_lhl,22.166640758514404,0.9354479908943176,0.08639135211706161,8.264049887657166,0.1991213709115982,0.042949892580509186,23.146789073944092,9.93773341178894,0.5964666604995728,0.16410501301288605,28.96899700164795,0.9930610656738281,0.04838323965668678,21.148719787597656,0.9273151159286499,0.097319096326828,0.650390625,0.59765625,0.5796073079109192,0.043609619140625,0.88623046875,0.057373046875,5.527046839396159,0.3588545322418213,0.298095703125,0.045517150312662125,1.1028671264648438,0.10119074583053589,0.37854641675949097
obj_0272,248,fixed_mean,14.114301204681396,0.7868706583976746,0.19105879962444305,7.756243348121643,0.2764713764190674,0.21188990771770477,22.201011180877686,8.621824383735657,0.432588666677475,0.2742476165294647,14.688626527786255,0.8378734588623047,0.15444232523441315,13.97676944732666,0.7818508744239807,0.1989510953426361,0.96875,0.7900390625,0.31319814920425415,0.0660400390625,0.348876953125,0.01837158203125,4.121097962061564,0.33415931463241577,0.1683349609375,0.07088369876146317,0.34836629033088684,0.012244238518178463,0.2901354432106018
obj_0272,248,hll,13.237504959106445,0.7717493176460266,0.2015644758939743,6.955839991569519,0.2584622800350189,0.21977998316287994,20.819170475006104,7.704411745071411,0.4039667546749115,0.2578674554824829,13.888221979141235,0.8300616145133972,0.15937121212482452,13.100765943527222,0.7662280201911926,0.21006715297698975,0.96875,0.818359375,0.2885444760322571,0.06573486328125,0.30517578125,0.0171966552734375,3.8311258951822915,0.32795843482017517,0.17578125,0.07088369876146317,0.34836629033088684,0.012244238518178463,0.2901354432106018
obj_0272,248,llh,14.706816673278809,0.8030588626861572,0.1946960687637329,8.274455666542053,0.27734139561653137,0.21262530982494354,23.358840942382812,9.560014605522156,0.4645717442035675,0.2710302174091339,15.206838846206665,0.8413029909133911,0.15792635083198547,14.569134712219238,0.798392117023468,0.20414581894874573,0.96875,0.7724609375,0.33223626017570496,0.06787109375,0.363037109375,0.0205078125,4.250697612762451,0.3502768278121948,0.1585693359375,0.07088369876146317,0.34836629033088684,0.012244238518178463,0.2901354432106018
obj_0272,248,c3_lhl,14.580909013748169,0.8043978810310364,0.18600521981716156,8.285583257675171,0.28577789664268494,0.20327818393707275,22.248058319091797,8.842763900756836,0.4320647120475769,0.2857641577720642,15.21796703338623,0.8433064818382263,0.14793531596660614,14.443069696426392,0.7991652488708496,0.19367311894893646,0.96875,0.76025390625,0.29919904470443726,0.062225341796875,0.35693359375,0.0173492431640625,4.629451751708984,0.31639695167541504,0.180419921875,0.07088369876146317,0.34836629033088684,0.012244238518178463,0.2901354432106018
obj_0273,249,fixed_mean,15.392200946807861,0.8470465540885925,0.1591821312904358,7.160137295722961,0.3216498792171478,0.17676635086536407,25.55816411972046,8.888573050498962,0.5409533381462097,0.31456664204597473,15.768460035324097,0.891766369342804,0.13847413659095764,15.021151304244995,0.8376032710075378,0.1716332882642746,0.9153645833333334,0.8515625,0.3298763036727905,0.05108642578125,0.256591796875,0.0209197998046875,3.438842535018921,0.4190255105495453,0.11688232421875,0.051765553653240204,0.3159222900867462,0.00846142414957285,0.27658137679100037
obj_0273,249,hll,14.389581680297852,0.8298313021659851,0.18330389261245728,6.4071691036224365,0.25423547625541687,0.18593347072601318,22.467713356018066,7.650995850563049,0.4930819272994995,0.2467775195837021,15.015491247177124,0.8795368671417236,0.14427492022514343,14.030599594116211,0.8186736702919006,0.19872935116291046,0.9153645833333334,0.875,0.30440792441368103,0.04925537109375,0.212890625,0.018707275390625,2.687392473220825,0.41013047099113464,0.119873046875,0.051765553653240204,0.3159222900867462,0.00846142414957285,0.27658137679100037
obj_0273,249,llh,15.972013473510742,0.8450148701667786,0.15567870438098907,7.650802731513977,0.362960547208786,0.17191897332668304,27.26832151412964,9.951116442680359,0.5829831957817078,0.35385289788246155,16.259125471115112,0.8982824683189392,0.13750788569450378,15.59695839881897,0.8359881043434143,0.16820812225341797,0.9153645833333334,0.83447265625,0.3499188721179962,0.0540771484375,0.2646484375,0.0168304443359375,3.278455972671509,0.417492538690567,0.11181640625,0.051765553653240204,0.3159222900867462,0.00846142414957285,0.27658137679100037
obj_0273,249,c3_lhl,15.781484842300415,0.8470767736434937,0.16898304224014282,7.55314826965332,0.33009764552116394,0.1738845407962799,25.906476974487305,8.936197757720947,0.534815788269043,0.32472071051597595,16.161470413208008,0.8958471417427063,0.13600477576255798,15.403838157653809,0.8378936648368835,0.18103349208831787,0.9153645833333334,0.8359375,0.325891375541687,0.04913330078125,0.276123046875,0.023651123046875,3.873175938924154,0.4010304808616638,0.130126953125,0.051765553653240204,0.3159222900867462,0.00846142414957285,0.27658137679100037
obj_0274,250,fixed_mean,12.751009464263916,0.8217382431030273,0.19426268339157104,6.4409953355789185,0.38165438175201416,0.2445707768201828,27.658159732818604,9.67781662940979,0.5370728373527527,0.3804711401462555,12.860690355300903,0.8281193375587463,0.18181070685386658,12.751009464263916,0.8217382431030273,0.19426268339157104,1.0,0.84228515625,0.33128464221954346,0.07763671875,0.2347412109375,0.0155029296875,3.2711268266042075,0.4022097885608673,0.11932373046875,0.027711588889360428,0.17989541590213776,0.00428294762969017,0.262006014585495
obj_0274,250,hll,11.873128414154053,0.7809765338897705,0.20537897944450378,5.610879063606262,0.3349975049495697,0.2561231553554535,25.234050750732422,8.336991667747498,0.4958024322986603,0.3344120681285858,12.030574083328247,0.8111775517463684,0.19145318865776062,11.873128414154053,0.7809765338897705,0.20537897944450378,1.0,0.88623046875,0.3090066909790039,0.07373046875,0.2015380859375,0.0180511474609375,2.8303608099619546,0.4094182848930359,0.1270751953125,0.027711588889360428,0.17989541590213776,0.00428294762969017,0.262006014585495
obj_0274,250,llh,13.528376817703247,0.8345809578895569,0.1877669394016266,7.190499305725098,0.4067775309085846,0.23765578866004944,29.694459438323975,11.110306978225708,0.5798549652099609,0.4029545187950134,13.610193729400635,0.8400802612304688,0.17702513933181763,13.528376817703247,0.8345809578895569,0.1877669394016266,1.0,0.80322265625,0.35264071822166443,0.0787353515625,0.239501953125,0.0130462646484375,3.2322800954182944,0.401846706867218,0.10833740234375,0.027711588889360428,0.17989541590213776,0.00428294762969017,0.262006014585495
obj_0274,250,c3_lhl,13.421013355255127,0.8333151936531067,0.19459980726242065,7.142627239227295,0.4077005386352539,0.24059206247329712,27.24350929260254,9.87883746623993,0.5281328558921814,0.40924072265625,13.562322854995728,0.839766800403595,0.17976199090480804,13.421013355255127,0.8333151936531067,0.19459980726242065,1.0,0.798828125,0.29927363991737366,0.07818603515625,0.2447509765625,0.0161590576171875,3.7072558403015137,0.38171085715293884,0.1265869140625,0.027711588889360428,0.17989541590213776,0.00428294762969017,0.262006014585495
obj_0275,251,fixed_mean,14.825873374938965,0.8488031029701233,0.17572905123233795,5.992199778556824,0.21510763466358185,0.16552624106407166,19.756795167922974,7.5640857219696045,0.36241331696510315,0.21527217328548431,16.32260799407959,0.9243763089179993,0.12251819670200348,14.729957580566406,0.8467770218849182,0.1818358600139618,0.9765625,0.6748046875,0.3787572979927063,0.047515869140625,0.5,0.0280609130859375,5.067561626434326,0.3286188244819641,0.2469482421875,0.022088147699832916,0.38273176550865173,0.03363838791847229,0.27826961874961853
obj_0275,251,hll,13.827958106994629,0.8419406414031982,0.18775607645511627,5.321062803268433,0.18230299651622772,0.17455977201461792,18.054243326187134,6.745968461036682,0.34198635816574097,0.17899028956890106,15.651471614837646,0.9205988049507141,0.12696753442287445,13.735424280166626,0.8398314118385315,0.19512861967086792,0.9765625,0.6982421875,0.36850517988204956,0.053497314453125,0.490478515625,0.0297088623046875,4.718732833862305,0.33273282647132874,0.25048828125,0.022088147699832916,0.38273176550865173,0.03363838791847229,0.27826961874961853
obj_0275,251,llh,15.761759281158447,0.8472388386726379,0.1668393462896347,6.753191947937012,0.25138789415359497,0.15436428785324097,21.149609088897705,8.47818672657013,0.38002118468284607,0.2549901604652405,17.08360195159912,0.9285207390785217,0.1168656051158905,15.664154291152954,0.8452378511428833,0.17317786812782288,0.9765625,0.650390625,0.3888903856277466,0.04779052734375,0.4716796875,0.021820068359375,5.248036861419678,0.32608792185783386,0.2274169921875,0.022088147699832916,0.38273176550865173,0.03363838791847229,0.27826961874961853
obj_0275,251,c3_lhl,15.244379043579102,0.8507182002067566,0.1763293445110321,6.382560729980469,0.2272450178861618,0.16387881338596344,20.24447202682495,7.827909588813782,0.3593888282775879,0.23286782205104828,16.712969541549683,0.9265173077583313,0.12307718396186829,15.144745111465454,0.8488574624061584,0.18288196623325348,0.9765625,0.6591796875,0.3655739724636078,0.04132080078125,0.496337890625,0.0296173095703125,5.050609429677327,0.3269643485546112,0.252685546875,0.022088147699832916,0.38273176550865173,0.03363838791847229,0.27826961874961853
obj_0276,252,fixed_mean,14.295154809951782,0.8222946524620056,0.1884980946779251,6.797664165496826,0.35833948850631714,0.23514938354492188,25.97743034362793,9.539172053337097,0.5215272307395935,0.3557242751121521,14.54768180847168,0.8726860880851746,0.1695709228515625,14.295154809951782,0.8222946524620056,0.1884980946779251,1.0,0.7890625,0.3109726905822754,0.07421875,0.337158203125,0.0191497802734375,3.744534969329834,0.34874099493026733,0.1519775390625,0.04620017483830452,0.21349532902240753,0.008132903836667538,0.25039464235305786
obj_0276,252,hll,13.010506629943848,0.8076717853546143,0.1976153403520584,5.700826644897461,0.30751413106918335,0.24178221821784973,22.370662689208984,8.07184100151062,0.48259714245796204,0.30541250109672546,13.450844287872314,0.8597607016563416,0.17064091563224792,13.010506629943848,0.8076717853546143,0.1976153403520584,1.0,0.83544921875,0.29700472950935364,0.07183837890625,0.294921875,0.019073486328125,3.2968544165293374,0.35102155804634094,0.1605224609375,0.04620017483830452,0.21349532902240753,0.008132903836667538,0.25039464235305786
obj_0276,252,llh,15.189226865768433,0.8390569686889648,0.19211667776107788,7.612307071685791,0.36475670337677,0.23465308547019958,28.47229242324829,11.053940057754517,0.5662384629249573,0.3576303720474243,15.362323522567749,0.8773643374443054,0.17233771085739136,15.189226865768433,0.8390569686889648,0.19211667776107788,1.0,0.75732421875,0.3254321217536926,0.07574462890625,0.350341796875,0.0194854736328125,3.979814132054647,0.3545660972595215,0.1397705078125,0.04620017483830452,0.21349532902240753,0.008132903836667538,0.25039464235305786
obj_0276,252,c3_lhl,14.938504695892334,0.8460414409637451,0.18476799130439758,7.525216341018677,0.3939509391784668,0.2269182652235031,25.412681102752686,9.606733322143555,0.5203732848167419,0.39574214816093445,15.27523398399353,0.8818053603172302,0.16198018193244934,14.938504695892334,0.8460414409637451,0.18476799130439758,1.0,0.75146484375,0.2874757647514343,0.0709228515625,0.333740234375,0.0171356201171875,4.11217466990153,0.3298417627811432,0.158935546875,0.04620017483830452,0.21349532902240753,0.008132903836667538,0.25039464235305786
obj_0277,253,fixed_mean,13.030046224594116,0.8211613893508911,0.18423724174499512,6.1717236042022705,0.42617905139923096,0.23724325001239777,27.195663452148438,9.453572630882263,0.5886964797973633,0.4253528118133545,13.165301084518433,0.8502777814865112,0.17643266916275024,12.839488983154297,0.81482994556427,0.19822122156620026,0.95703125,0.86669921875,0.4132736623287201,0.0760498046875,0.2158203125,0.0147247314453125,2.694659392038981,0.38939568400382996,0.10931396484375,0.040014103055000305,0.17858938872814178,0.0037827647756785154,0.23847272992134094
obj_0277,253,hll,12.217416763305664,0.7869852185249329,0.19675028324127197,5.426483154296875,0.36105841398239136,0.2440016269683838,24.660677909851074,7.789239883422852,0.5168917179107666,0.3611348569393158,12.420061826705933,0.8309029340744019,0.18279320001602173,12.027324438095093,0.7801165580749512,0.20782099664211273,0.95703125,0.904296875,0.3570757806301117,0.0731201171875,0.182373046875,0.01708984375,2.214511593182882,0.3933509886264801,0.11077880859375,0.040014103055000305,0.17858938872814178,0.0037827647756785154,0.23847272992134094
obj_0277,253,llh,13.598294258117676,0.8437328338623047,0.1795911192893982,6.687666177749634,0.43879804015159607,0.2357170134782791,29.861197471618652,11.170670986175537,0.6441673636436462,0.43378502130508423,13.681244850158691,0.8600347638130188,0.17312520742416382,13.407607078552246,0.8383379578590393,0.19393779337406158,0.95703125,0.84228515625,0.45006054639816284,0.07415771484375,0.2315673828125,0.0120849609375,2.967155377070109,0.396248996257782,0.1016845703125,0.040014103055000305,0.17858938872814178,0.0037827647756785154,0.23847272992134094
obj_0277,253,c3_lhl,13.54439377784729,0.8531875610351562,0.18060481548309326,6.701732277870178,0.4524420499801636,0.2283465713262558,27.241976261138916,9.769709706306458,0.5859264731407166,0.4539790451526642,13.695310354232788,0.8616250157356262,0.17032495141029358,13.353657722473145,0.8470363616943359,0.19354493916034698,0.95703125,0.837890625,0.3898937702178955,0.07330322265625,0.2244873046875,0.0160675048828125,3.0585266749064126,0.3765537738800049,0.11480712890625,0.040014103055000305,0.17858938872814178,0.0037827647756785154,0.23847272992134094
obj_0278,254,fixed_mean,14.481185674667358,0.8667636513710022,0.17689289152622223,5.33835232257843,0.2982785701751709,0.17685022950172424,22.02239751815796,6.979026794433594,0.46055033802986145,0.3022712767124176,15.228489637374878,0.9192413687705994,0.1311403512954712,14.481185674667358,0.8667636513710022,0.17689289152622223,1.0,0.78515625,0.36239612102508545,0.054107666015625,0.2861328125,0.0195465087890625,3.6254268487294516,0.3658461272716522,0.1544189453125,0.02625950425863266,0.21172980964183807,0.01028482150286436,0.2477397918701172
obj_0278,254,hll,13.315153121948242,0.8516571521759033,0.19850218296051025,4.398341476917267,0.2129933387041092,0.1827128529548645,19.818036556243896,5.851082801818848,0.4123205244541168,0.2141030877828598,14.288477897644043,0.9097506403923035,0.13618367910385132,13.315153121948242,0.8516571521759033,0.19850218296051025,1.0,0.8251953125,0.33359742164611816,0.048583984375,0.26123046875,0.022308349609375,3.372750997543335,0.3706834316253662,0.1646728515625,0.02625950425863266,0.21172980964183807,0.01028482150286436,0.2477397918701172
obj_0278,254,llh,15.38922667503357,0.8662866353988647,0.1626613587141037,6.094427108764648,0.3434481918811798,0.1712827831506729,23.843741416931152,8.224827647209167,0.5016737580299377,0.34291258454322815,15.984565019607544,0.9253343939781189,0.12450044602155685,15.38922667503357,0.8662866353988647,0.1626613587141037,1.0,0.75537109375,0.4024171531200409,0.052581787109375,0.27734375,0.01477813720703125,3.557419935862223,0.3633461594581604,0.1356201171875,0.02625950425863266,0.21172980964183807,0.01028482150286436,0.2477397918701172
obj_0278,254,c3_lhl,15.004152059555054,0.8702788352966309,0.18815475702285767,5.91917097568512,0.32878753542900085,0.17418380081653595,22.24959373474121,7.2871333360672,0.4537637531757355,0.33811262249946594,15.809308290481567,0.9239782691001892,0.1292009800672531,15.004152059555054,0.8702788352966309,0.18815475702285767,1.0,0.7578125,0.3432280421257019,0.05096435546875,0.281982421875,0.0211334228515625,3.9681594371795654,0.35468167066574097,0.160888671875,0.02625950425863266,0.21172980964183807,0.01028482150286436,0.2477397918701172
obj_0279,255,fixed_mean,16.124380826950073,0.891483724117279,0.11789339780807495,4.679268002510071,0.1776982694864273,0.11721447110176086,21.58910036087036,7.5241804122924805,0.46904900670051575,0.15513192117214203,17.486696243286133,0.9514631628990173,0.0812985748052597,15.284096002578735,0.8776443600654602,0.1413602977991104,0.80078125,0.83154296875,0.43692588806152344,0.036224365234375,0.45068359375,0.03271484375,3.1421562830607095,0.3810000419616699,0.2105712890625,0.0170116126537323,0.3360414206981659,0.026363907381892204,0.2795717120170593
obj_0279,255,hll,15.481961965560913,0.8856831192970276,0.13409754633903503,4.5668357610702515,0.15533289313316345,0.11859480291604996,19.7680401802063,7.049931883811951,0.45589426159858704,0.13576720654964447,17.37426519393921,0.9509410858154297,0.08362266421318054,14.699960947036743,0.8712007999420166,0.157886803150177,0.80078125,0.818359375,0.40698784589767456,0.035369873046875,0.420166015625,0.03167724609375,2.907493829727173,0.3795675039291382,0.2132568359375,0.0170116126537323,0.3360414206981659,0.026363907381892204,0.2795717120170593
obj_0279,255,llh,16.812502145767212,0.8876187205314636,0.11206649243831635,5.033944249153137,0.23480287194252014,0.11443711817264557,23.33731174468994,8.573768138885498,0.51179039478302,0.20995067059993744,17.841373682022095,0.953802764415741,0.078615203499794,15.937620401382446,0.8750877380371094,0.13801848888397217,0.80078125,0.8212890625,0.45147407054901123,0.045013427734375,0.46240234375,0.027008056640625,3.7711658477783203,0.3697410225868225,0.200927734375,0.0170116126537323,0.3360414206981659,0.026363907381892204,0.2795717120170593
obj_0279,255,c3_lhl,16.506805419921875,0.8893161416053772,0.12454511225223541,4.906295537948608,0.18691471219062805,0.11779960989952087,22.423648834228516,7.739896774291992,0.4759638011455536,0.16905823349952698,17.713725566864014,0.9522187113761902,0.08479270339012146,15.618762969970703,0.874547004699707,0.14842213690280914,0.80078125,0.8203125,0.4235250651836395,0.040313720703125,0.487060546875,0.035186767578125,3.7520267963409424,0.3744412064552307,0.2237548828125,0.0170116126537323,0.3360414206981659,0.026363907381892204,0.2795717120170593
obj_0280,256,fixed_mean,13.24664831161499,0.7871374487876892,0.24504385888576508,7.620633840560913,0.38138553500175476,0.2881712317466736,25.9852933883667,9.782497882843018,0.47223615646362305,0.38261112570762634,13.420438766479492,0.8112968802452087,0.22863006591796875,13.126269578933716,0.7822011709213257,0.25246161222457886,0.97265625,0.8095703125,0.2765364646911621,0.07757568359375,0.246337890625,0.01342010498046875,3.41096297899882,0.3718035817146301,0.12420654296875,0.06830202043056488,0.24088160693645477,0.006980716250836849,0.2653405964374542
obj_0280,256,hll,12.620562314987183,0.7723221182823181,0.24408428370952606,7.013554573059082,0.3641910254955292,0.29148533940315247,24.917888641357422,8.939579725265503,0.4533784091472626,0.36606234312057495,12.813359498977661,0.8020133972167969,0.2298402041196823,12.500200271606445,0.7669114470481873,0.25169068574905396,0.97265625,0.8388671875,0.2683376967906952,0.0772705078125,0.2265625,0.014251708984375,3.3778721491495767,0.37662771344184875,0.12939453125,0.06830202043056488,0.24088160693645477,0.006980716250836849,0.2653405964374542
obj_0280,256,llh,13.782603740692139,0.8034175038337708,0.2570295035839081,8.136087656021118,0.3863429129123688,0.29394373297691345,27.056238651275635,10.70130467414856,0.494219034910202,0.3854178786277771,13.935892581939697,0.8169825673103333,0.23535989224910736,13.662211894989014,0.798589289188385,0.265790730714798,0.97265625,0.78759765625,0.2870539426803589,0.08001708984375,0.250244140625,0.01293182373046875,3.416084130605062,0.3757980465888977,0.11639404296875,0.06830202043056488,0.24088160693645477,0.006980716250836849,0.2653405964374542
obj_0280,256,c3_lhl,13.67701768875122,0.8056748509407043,0.23940294981002808,8.080484867095947,0.39169102907180786,0.28037673234939575,25.749781131744385,9.930359125137329,0.4683014452457428,0.39442354440689087,13.880289793014526,0.8176009654998779,0.22410859167575836,13.55661392211914,0.8006545901298523,0.24668945372104645,0.97265625,0.7822265625,0.2580779194831848,0.07867431640625,0.25244140625,0.0130615234375,3.738426923751831,0.35333991050720215,0.13037109375,0.06830202043056488,0.24088160693645477,0.006980716250836849,0.2653405964374542
obj_0281,257,fixed_mean,15.01599669456482,0.863828182220459,0.1528281569480896,5.57405948638916,0.25080135464668274,0.17190733551979065,23.392212390899658,8.210355043411255,0.4843400716781616,0.24255023896694183,15.62567949295044,0.9207044243812561,0.12381632626056671,14.983665943145752,0.8633625507354736,0.1589990258216858,0.9921875,0.8076171875,0.4363880753517151,0.0259552001953125,0.328857421875,0.0207672119140625,3.4809862772623696,0.3683208227157593,0.169921875,0.04319562390446663,0.22360248863697052,0.00829126127064228,0.2474173903465271
obj_0281,257,hll,14.05206561088562,0.8521613478660583,0.17058803141117096,4.8312729597091675,0.16631965339183807,0.17569532990455627,21.191720962524414,7.27150559425354,0.4577553868293762,0.15217775106430054,14.882892370223999,0.9118931889533997,0.12789729237556458,14.020450115203857,0.8515310883522034,0.17601218819618225,0.9921875,0.83740234375,0.40369105339050293,0.0256500244140625,0.323486328125,0.02459716796875,3.3159124851226807,0.37392720580101013,0.1756591796875,0.04319562390446663,0.22360248863697052,0.00829126127064228,0.2474173903465271
obj_0281,257,llh,15.620663166046143,0.8647627830505371,0.14258719980716705,6.018816828727722,0.30103611946105957,0.16427218914031982,25.23963451385498,9.252116680145264,0.5158778429031372,0.29171451926231384,16.070436239242554,0.9253649115562439,0.12131665647029877,15.587880611419678,0.8643225431442261,0.1486014425754547,0.9921875,0.794921875,0.4556654989719391,0.02581787109375,0.31494140625,0.0160980224609375,3.521478017171224,0.36440175771713257,0.15966796875,0.04319562390446663,0.22360248863697052,0.00829126127064228,0.2474173903465271
obj_0281,257,c3_lhl,15.556247234344482,0.8669641613960266,0.15621627867221832,6.084914207458496,0.28764352202415466,0.16533073782920837,24.132707118988037,8.581753969192505,0.491801381111145,0.2828734517097473,16.13653302192688,0.9254007339477539,0.11882732808589935,15.522964000701904,0.8664381504058838,0.16194142401218414,0.9921875,0.78515625,0.4227040112018585,0.031402587890625,0.331787109375,0.0214996337890625,3.7345027923583984,0.3606295883655548,0.1732177734375,0.04319562390446663,0.22360248863697052,0.00829126127064228,0.2474173903465271
obj_0282,258,fixed_mean,17.473695278167725,0.9052183628082275,0.11923755705356598,5.143068432807922,0.1369314044713974,0.10181264579296112,22.55756139755249,8.264324069023132,0.49601417779922485,0.11228083819150925,19.00684952735901,0.9620039463043213,0.08646194636821747,16.794100999832153,0.8969723582267761,0.13528984785079956,0.83203125,0.7939453125,0.3644023835659027,0.0182647705078125,0.53857421875,0.042877197265625,3.8407723903656006,0.3681272864341736,0.2449951171875,0.058835338801145554,0.37137842178344727,0.02098923921585083,0.28931599855422974
obj_0282,258,hll,16.450034379959106,0.8978813290596008,0.13246339559555054,4.801361560821533,0.10347095131874084,0.10424531996250153,20.25233745574951,7.607221603393555,0.4694896638393402,0.07936405390501022,18.665142059326172,0.9609875082969666,0.08563968539237976,15.836089849472046,0.8885385394096375,0.14772751927375793,0.83203125,0.79345703125,0.34564369916915894,0.016021728515625,0.493408203125,0.0440673828125,3.311972697575887,0.3660978376865387,0.2489013671875,0.058835338801145554,0.37137842178344727,0.02098923921585083,0.28931599855422974
obj_0282,258,llh,18.461731672286987,0.9009159803390503,0.1095152497291565,5.682845115661621,0.19123758375644684,0.09646067768335342,24.83469247817993,9.433748126029968,0.5306490659713745,0.16309891641139984,19.54662561416626,0.9639886021614075,0.0850062221288681,17.74747371673584,0.8934135437011719,0.125346377491951,0.83203125,0.779296875,0.38930535316467285,0.022979736328125,0.537109375,0.0345458984375,4.390300750732422,0.37309882044792175,0.2265625,0.058835338801145554,0.37137842178344727,0.02098923921585083,0.28931599855422974
obj_0282,258,c3_lhl,17.894874811172485,0.902216374874115,0.1221887543797493,5.431228280067444,0.14719578623771667,0.10205359756946564,23.310129642486572,8.344635367393494,0.4948674440383911,0.12763455510139465,19.295008182525635,0.9625777006149292,0.08931905776262283,17.166366577148438,0.8931965231895447,0.13807350397109985,0.83203125,0.779296875,0.3496151566505432,0.0245513916015625,0.53564453125,0.04315185546875,4.0008533000946045,0.3557593822479248,0.257080078125,0.058835338801145554,0.37137842178344727,0.02098923921585083,0.28931599855422974
obj_0283,259,fixed_mean,13.190637826919556,0.8097862601280212,0.2807359993457794,8.584011793136597,0.5170320868492126,0.3195040225982666,27.859809398651123,11.237945556640625,0.5278255343437195,0.5219661593437195,13.28981637954712,0.8170493245124817,0.2598300278186798,13.190637826919556,0.8097862601280212,0.2807359993457794,1.0,0.74951171875,0.297556072473526,0.0535888671875,0.1917724609375,0.0101470947265625,3.0152741273244223,0.36684760451316833,0.11041259765625,0.03718036413192749,0.1869094967842102,0.0044050635769963264,0.25562193989753723
obj_0283,259,hll,12.32338547706604,0.7915099859237671,0.29163506627082825,7.737056016921997,0.4809657335281372,0.3324887454509735,26.19407892227173,10.154595375061035,0.5095773339271545,0.4855160415172577,12.44286060333252,0.7996208071708679,0.2696051001548767,12.32338547706604,0.7915099859237671,0.29163506627082825,1.0,0.78955078125,0.2848983705043793,0.05364990234375,0.182861328125,0.01210784912109375,2.9309304555257163,0.37120261788368225,0.119384765625,0.03718036413192749,0.1869094967842102,0.0044050635769963264,0.25562193989753723
obj_0283,259,llh,14.05624508857727,0.8231821060180664,0.2833511233329773,9.429027438163757,0.5483270883560181,0.3147336542606354,29.725844860076904,12.496910095214844,0.5638086199760437,0.5522705912590027,14.134830236434937,0.829723596572876,0.26143592596054077,14.05624508857727,0.8231821060180664,0.2833511233329773,1.0,0.71142578125,0.31586405634880066,0.0625,0.1883544921875,0.0084686279296875,2.9913791020711265,0.3654897212982178,0.09912109375,0.03718036413192749,0.1869094967842102,0.0044050635769963264,0.25562193989753723
obj_0283,259,c3_lhl,14.134138822555542,0.8264039158821106,0.27981629967689514,9.559767842292786,0.5537424087524414,0.315834105014801,27.59648084640503,11.538606882095337,0.5233615636825562,0.560998260974884,14.26557183265686,0.8338509798049927,0.2583922743797302,14.134138822555542,0.8264039158821106,0.27981629967689514,1.0,0.69921875,0.28482529520988464,0.057647705078125,0.1942138671875,0.01052093505859375,3.3065603574117026,0.3526526689529419,0.11468505859375,0.03718036413192749,0.1869094967842102,0.0044050635769963264,0.25562193989753723
obj_0284,260,fixed_mean,16.54854416847229,0.8447625041007996,0.13110779225826263,7.892553806304932,0.12323373556137085,0.1315256804227829,21.544475555419922,7.663554549217224,0.422442764043808,0.10265322029590607,18.009827136993408,0.9090411067008972,0.09916583448648453,16.254366636276245,0.8377583622932434,0.13945136964321136,0.9296875,0.826171875,0.3856028914451599,0.0197906494140625,0.479248046875,0.037017822265625,2.9807982444763184,0.33270978927612305,0.26123046875,0.022526949644088745,0.976618230342865,0.13269111514091492,0.3829209804534912
obj_0284,260,hll,15.844204425811768,0.8420127034187317,0.14896641671657562,7.7458202838897705,0.10111010074615479,0.1394580900669098,19.696592092514038,7.080698013305664,0.39223629236221313,0.08376888185739517,17.863093614578247,0.9078107476234436,0.10281768441200256,15.559453964233398,0.8345360159873962,0.15705431997776031,0.9296875,0.81884765625,0.343392014503479,0.018524169921875,0.429443359375,0.039306640625,2.506040175755819,0.3339955508708954,0.264892578125,0.022526949644088745,0.976618230342865,0.13269111514091492,0.3829209804534912
obj_0284,260,llh,17.043224573135376,0.8404877185821533,0.12341287732124329,8.112003207206726,0.15416771173477173,0.1272822618484497,22.814831733703613,8.306506872177124,0.45489174127578735,0.12867788970470428,18.229275941848755,0.9111163020133972,0.09843815118074417,16.74661874771118,0.8334710001945496,0.13164304196834564,0.9296875,0.83740234375,0.4047848582267761,0.0227203369140625,0.479248046875,0.031890869140625,3.2660136222839355,0.3401167392730713,0.240966796875,0.022526949644088745,0.976618230342865,0.13269111514091492,0.3829209804534912
obj_0284,260,c3_lhl,16.570454835891724,0.8415502905845642,0.13815565407276154,7.906519174575806,0.12576638162136078,0.13522672653198242,21.586318016052246,7.573924660682678,0.4120403528213501,0.11002648621797562,18.023793697357178,0.9090319871902466,0.10128884017467499,16.264766454696655,0.8341032266616821,0.14646223187446594,0.9296875,0.8125,0.3971354365348816,0.0240936279296875,0.5,0.04193115234375,3.3616342544555664,0.3265964090824127,0.282470703125,0.022526949644088745,0.976618230342865,0.13269111514091492,0.3829209804534912
obj_0285,261,fixed_mean,13.500305414199829,0.8230245113372803,0.17631833255290985,5.637195110321045,0.31328895688056946,0.20854029059410095,26.83009147644043,9.015153050422668,0.513067364692688,0.30999282002449036,13.673763275146484,0.8738383650779724,0.1537155658006668,13.203293085098267,0.8146252036094666,0.19146209955215454,0.93359375,0.8056640625,0.3188695013523102,0.055419921875,0.339599609375,0.0203857421875,3.663780132929484,0.3546633720397949,0.1669921875,0.06447796523571014,0.1914016604423523,0.0044065495021641254,0.25601452589035034
obj_0285,261,hll,12.494874000549316,0.8124703764915466,0.19029684364795685,4.733929634094238,0.23701003193855286,0.21962237358093262,23.86411428451538,7.679626941680908,0.4640067517757416,0.23330219089984894,12.770496606826782,0.8613935708999634,0.16134829819202423,12.200137376785278,0.8033230304718018,0.20600345730781555,0.93359375,0.84814453125,0.319973349571228,0.05230712890625,0.31494140625,0.0226593017578125,3.3225952784220376,0.3541649878025055,0.1805419921875,0.06447796523571014,0.1914016604423523,0.0044065495021641254,0.25601452589035034
obj_0285,261,llh,14.279669523239136,0.8418781161308289,0.1693699210882187,6.357136368751526,0.3506609797477722,0.20608079433441162,29.401493072509766,10.34677505493164,0.5586719512939453,0.3440864682197571,14.393705129623413,0.8820546269416809,0.1526860147714615,13.981801271438599,0.8346663117408752,0.18579454720020294,0.93359375,0.775390625,0.35787248611450195,0.0557861328125,0.337158203125,0.0181732177734375,3.8204516569773355,0.3621949851512909,0.14990234375,0.06447796523571014,0.1914016604423523,0.0044065495021641254,0.25601452589035034
obj_0285,261,c3_lhl,14.169857501983643,0.8494133949279785,0.17275434732437134,6.352400779724121,0.34481778740882874,0.2031063437461853,26.507599353790283,9.263859391212463,0.5120109915733337,0.34574654698371887,14.38896894454956,0.8831265568733215,0.147559255361557,13.871569633483887,0.841297447681427,0.18705445528030396,0.93359375,0.76904296875,0.3071461617946625,0.046783447265625,0.326904296875,0.0198974609375,3.88576873143514,0.3394457995891571,0.171630859375,0.06447796523571014,0.1914016604423523,0.0044065495021641254,0.25601452589035034
obj_0286,262,fixed_mean,13.3072829246521,0.8047714233398438,0.1914120316505432,6.747156977653503,0.3735208809375763,0.2389780879020691,28.22909116744995,10.738756656646729,0.5261373519897461,0.3729693293571472,13.418431282043457,0.8350786566734314,0.17528101801872253,13.063209056854248,0.7955101132392883,0.20539481937885284,0.9453125,0.81494140625,0.34263306856155396,0.1007080078125,0.276123046875,0.01514434814453125,3.4210302035013833,0.3505464494228363,0.1422119140625,0.05539153888821602,0.2167690098285675,0.006254804320633411,0.26117342710494995
obj_0286,262,hll,12.521564960479736,0.7797878980636597,0.2067776620388031,6.029109358787537,0.3415299654006958,0.250238299369812,25.411901473999023,9.47866439819336,0.48725229501724243,0.34245064854621887,12.70038366317749,0.8247888088226318,0.18375778198242188,12.278069257736206,0.7704272866249084,0.22067120671272278,0.9453125,0.84912109375,0.32806771993637085,0.093994140625,0.2486572265625,0.0169830322265625,3.1033546924591064,0.34071609377861023,0.1568603515625,0.05539153888821602,0.2167690098285675,0.006254804320633411,0.26117342710494995
obj_0286,262,llh,14.06731367111206,0.8320229649543762,0.18835385143756866,7.480491399765015,0.37507903575897217,0.23401446640491486,30.16876220703125,11.953840255737305,0.5510483384132385,0.3719627261161804,14.15176510810852,0.8419864773750305,0.17391394078731537,13.823084831237793,0.8238229751586914,0.2040720283985138,0.9453125,0.77734375,0.3642350733280182,0.09857177734375,0.283447265625,0.0142364501953125,3.5494348208109536,0.3580417037010193,0.13037109375,0.05539153888821602,0.2167690098285675,0.006254804320633411,0.26117342710494995
obj_0286,262,c3_lhl,13.902590274810791,0.8350333571434021,0.18825623393058777,7.3783499002456665,0.39042502641677856,0.23095735907554626,27.627127170562744,10.904120206832886,0.5230578184127808,0.39202645421028137,14.049623012542725,0.8429762721061707,0.1675364375114441,13.658345937728882,0.8256745934486389,0.20061741769313812,0.9453125,0.775390625,0.3124176263809204,0.093994140625,0.28173828125,0.01511383056640625,3.7784390449523926,0.33381906151771545,0.1514892578125,0.05539153888821602,0.2167690098285675,0.006254804320633411,0.26117342710494995
obj_0287,263,fixed_mean,14.203298091888428,0.8636365532875061,0.14964470267295837,4.549962878227234,0.28217318654060364,0.16919152438640594,24.22032594680786,8.266881108283997,0.5205186009407043,0.2750778794288635,14.611877202987671,0.9171053767204285,0.12847882509231567,14.203298091888428,0.8636365532875061,0.14964470267295837,1.0,0.82275390625,0.39939016103744507,0.050994873046875,0.319091796875,0.0219573974609375,3.315096457799276,0.3672853410243988,0.1749267578125,0.019355295225977898,0.17745904624462128,0.0066123176366090775,0.25474950671195984
obj_0287,263,hll,13.192956447601318,0.8535323739051819,0.17314617335796356,3.874334990978241,0.19351205229759216,0.1723179817199707,20.77479600906372,7.031495571136475,0.47557803988456726,0.18487490713596344,13.93625020980835,0.9086630940437317,0.12970902025699615,13.192956447601318,0.8535323739051819,0.17314617335796356,1.0,0.84521484375,0.3803200125694275,0.04827880859375,0.280029296875,0.0229644775390625,2.4914645751317344,0.37085509300231934,0.1810302734375,0.019355295225977898,0.17745904624462128,0.0066123176366090775,0.25474950671195984
obj_0287,263,llh,15.15831708908081,0.8703829050064087,0.14319100975990295,5.352921485900879,0.35176318883895874,0.16481584310531616,27.121856212615967,9.825953245162964,0.5745549201965332,0.3424392342567444,15.414835214614868,0.9256365895271301,0.12515176832675934,15.15831708908081,0.8703829050064087,0.14319100975990295,1.0,0.78759765625,0.43293532729148865,0.04541015625,0.321044921875,0.017578125,3.3928939501444497,0.3683531582355499,0.15869140625,0.019355295225977898,0.17745904624462128,0.0066123176366090775,0.25474950671195984
obj_0287,263,c3_lhl,14.72267746925354,0.8692063689231873,0.1604570895433426,5.086854100227356,0.3095889687538147,0.1654449701309204,24.566044807434082,8.361641764640808,0.5182265043258667,0.3078107237815857,15.148769617080688,0.9220063090324402,0.12509071826934814,14.72267746925354,0.8692063689231873,0.1604570895433426,1.0,0.7939453125,0.3599952459335327,0.050262451171875,0.330078125,0.022857666015625,3.9372777938842773,0.3516363203525543,0.187744140625,0.019355295225977898,0.17745904624462128,0.0066123176366090775,0.25474950671195984
obj_0288,264,fixed_mean,11.479191780090332,0.8091142773628235,0.22955143451690674,5.0411456823349,0.3051241636276245,0.2643927335739136,23.4812331199646,8.188981413841248,0.4654355049133301,0.30345863103866577,11.69945478439331,0.822250485420227,0.20732080936431885,11.479191780090332,0.8091142773628235,0.22955143451690674,1.0,0.8701171875,0.4182320833206177,0.045562744140625,0.2607421875,0.0193328857421875,3.220613718032837,0.37521612644195557,0.16064453125,0.023114005103707314,0.17844577133655548,0.007362374570220709,0.2707696855068207
obj_0288,264,hll,10.739723443984985,0.7662332653999329,0.2393120378255844,4.376705288887024,0.23425526916980743,0.27413639426231384,21.50580883026123,6.999117136001587,0.42333513498306274,0.2312190681695938,11.035014390945435,0.8036788105964661,0.21320699155330658,10.739723443984985,0.7662332653999329,0.2393120378255844,1.0,0.9091796875,0.3976971209049225,0.047821044921875,0.2225341796875,0.0220794677734375,2.5491530100504556,0.3807513415813446,0.1617431640625,0.023114005103707314,0.17844577133655548,0.007362374570220709,0.2707696855068207
obj_0288,264,llh,12.190395593643188,0.826793909072876,0.22686120867729187,5.707911849021912,0.36339837312698364,0.2619788944721222,25.148985385894775,9.366469383239746,0.5051570534706116,0.3615897595882416,12.366220951080322,0.8376328349113464,0.204715758562088,12.190395593643188,0.826793909072876,0.22686120867729187,1.0,0.8291015625,0.4377720057964325,0.046295166015625,0.269287109375,0.01538848876953125,3.3678597609202066,0.3671731948852539,0.152099609375,0.023114005103707314,0.17844577133655548,0.007362374570220709,0.2707696855068207
obj_0288,264,c3_lhl,12.318997383117676,0.8318359851837158,0.22400742769241333,5.924904942512512,0.3791123330593109,0.25540074706077576,23.552610874176025,8.674457669258118,0.4686678946018219,0.38393187522888184,12.583215236663818,0.8435671329498291,0.19780392944812775,12.318997383117676,0.8318359851837158,0.22400742769241333,1.0,0.8115234375,0.3934822678565979,0.04364013671875,0.267333984375,0.021270751953125,3.9083096186319985,0.3665698170661926,0.1629638671875,0.023114005103707314,0.17844577133655548,0.007362374570220709,0.2707696855068207
obj_0289,265,fixed_mean,13.387855291366577,0.8069316148757935,0.23836934566497803,8.216328024864197,0.4548562169075012,0.29300451278686523,27.599375247955322,10.312644243240356,0.5354208946228027,0.4575592875480652,13.505387306213379,0.8142266869544983,0.21962641179561615,13.387855291366577,0.8069316148757935,0.23836934566497803,1.0,0.8388671875,0.4546629786491394,0.040313720703125,0.204345703125,0.0153045654296875,2.7160001595815024,0.3779923915863037,0.12744140625,0.06183056905865669,0.15628325939178467,0.005328994709998369,0.2839023172855377
obj_0289,265,hll,12.822990417480469,0.7888926267623901,0.24172885715961456,7.685770392417908,0.4260525703430176,0.29884451627731323,25.939269065856934,9.415240287780762,0.5034877061843872,0.42982321977615356,12.97482967376709,0.7970848083496094,0.2228749841451645,12.822990417480469,0.7888926267623901,0.24172885715961456,1.0,0.86181640625,0.4335470199584961,0.046539306640625,0.19921875,0.0186004638671875,2.768887996673584,0.3773593604564667,0.1387939453125,0.06183056905865669,0.15628325939178467,0.005328994709998369,0.2839023172855377
obj_0289,265,llh,13.88372540473938,0.815850555896759,0.23970136046409607,8.683391809463501,0.46836093068122864,0.2929714620113373,29.301929473876953,11.324232816696167,0.5728280544281006,0.4686286747455597,13.972450494766235,0.8226200938224792,0.2200390249490738,13.88372540473938,0.815850555896759,0.23970136046409607,1.0,0.818359375,0.4713731110095978,0.043914794921875,0.2100830078125,0.0125732421875,2.94351855913798,0.37811586260795593,0.11871337890625,0.06183056905865669,0.15628325939178467,0.005328994709998369,0.2839023172855377
obj_0289,265,c3_lhl,13.955075740814209,0.8250764012336731,0.24451285600662231,8.814067840576172,0.5138434171676636,0.29376402497291565,27.179179191589355,10.36391019821167,0.5282449722290039,0.5204747319221497,14.103126525878906,0.8327211737632751,0.2222827672958374,13.955075740814209,0.8250764012336731,0.24451285600662231,1.0,0.80517578125,0.42532697319984436,0.0435791015625,0.2041015625,0.016082763671875,3.059616804122925,0.36462751030921936,0.13330078125,0.06183056905865669,0.15628325939178467,0.005328994709998369,0.2839023172855377
obj_0290,266,fixed_mean,12.917697429656982,0.8309794664382935,0.19849932193756104,6.505867838859558,0.4217836856842041,0.24982641637325287,28.70255470275879,10.11591911315918,0.5785572528839111,0.4215805232524872,13.0076003074646,0.839980959892273,0.18529313802719116,12.709203958511353,0.8238168358802795,0.2097097635269165,0.953125,0.84912109375,0.37196701765060425,0.05462646484375,0.2144775390625,0.0117950439453125,2.8488080501556396,0.3610279858112335,0.1292724609375,0.02166714146733284,0.15723317861557007,0.003663578536361456,0.2587306797504425
obj_0290,266,hll,12.214473485946655,0.7926471829414368,0.20656222105026245,5.844839811325073,0.36759892106056213,0.25654205679893494,26.349050998687744,8.870530128479004,0.5367985963821411,0.3679361641407013,12.346572875976562,0.8218922019004822,0.18962697684764862,12.006171941757202,0.7842400074005127,0.21863391995429993,0.953125,0.880859375,0.3503069579601288,0.056732177734375,0.1937255859375,0.0130462646484375,2.652726411819458,0.3484932482242584,0.1414794921875,0.02166714146733284,0.15723317861557007,0.003663578536361456,0.2587306797504425
obj_0290,266,llh,13.641374111175537,0.8500611782073975,0.20148566365242004,7.20537006855011,0.4619327187538147,0.2498682588338852,30.774357318878174,11.409333944320679,0.6196550130844116,0.4600127935409546,13.707102537155151,0.8556188344955444,0.18779239058494568,13.432873487472534,0.842805802822113,0.21414537727832794,0.953125,0.81298828125,0.4013141989707947,0.05206298828125,0.2183837890625,0.01007843017578125,2.9473464488983154,0.3687996566295624,0.1168212890625,0.02166714146733284,0.15723317861557007,0.003663578536361456,0.2587306797504425
obj_0290,266,c3_lhl,13.588993549346924,0.8488934636116028,0.19300523400306702,7.208228707313538,0.45927694439888,0.23663903772830963,28.100333213806152,10.221588611602783,0.5709622502326965,0.4623301029205322,13.709961175918579,0.8551774621009827,0.1757664829492569,13.380492925643921,0.841464102268219,0.2029530256986618,0.953125,0.80517578125,0.3275655508041382,0.05078125,0.21923828125,0.01113128662109375,3.437960624694824,0.3360312283039093,0.13916015625,0.02166714146733284,0.15723317861557007,0.003663578536361456,0.2587306797504425
obj_0291,267,fixed_mean,15.38710355758667,0.8750630617141724,0.13712318241596222,5.904489159584045,0.34506291151046753,0.16254277527332306,25.57582378387451,9.177824854850769,0.5584425330162048,0.3407702147960663,15.777108669281006,0.9204673767089844,0.1141253188252449,15.233125686645508,0.8727918863296509,0.14236953854560852,0.9635416666666666,0.8154296875,0.3713547885417938,0.0439453125,0.28564453125,0.01763916015625,3.188077688217163,0.3758843243122101,0.1539306640625,0.028032807633280754,0.19483241438865662,0.007329988293349743,0.2581070363521576
obj_0291,267,hll,14.361557960510254,0.861819326877594,0.15429076552391052,5.114176869392395,0.26760944724082947,0.16898326575756073,22.61584758758545,7.962291836738586,0.517001748085022,0.26198911666870117,14.986796379089355,0.9106257557868958,0.1183682382106781,14.212517738342285,0.8590242266654968,0.16058626770973206,0.9635416666666666,0.84423828125,0.35234498977661133,0.047515869140625,0.267333984375,0.01910400390625,2.9497485955556235,0.3767918348312378,0.1632080078125,0.028032807633280754,0.19483241438865662,0.007329988293349743,0.2581070363521576
obj_0291,267,llh,16.163331270217896,0.8754767179489136,0.13553360104560852,6.552955508232117,0.3933754563331604,0.1570892482995987,28.012630939483643,10.511517524719238,0.6000465750694275,0.3864007592201233,16.425575017929077,0.9267879128456116,0.11196806281805038,16.007027626037598,0.8730500340461731,0.14082194864749908,0.9635416666666666,0.79052734375,0.40415069460868835,0.043212890625,0.292236328125,0.01512908935546875,3.3192421595255532,0.381052702665329,0.141357421875,0.028032807633280754,0.19483241438865662,0.007329988293349743,0.2581070363521576
obj_0291,267,c3_lhl,15.862088203430176,0.8786097168922424,0.14288906753063202,6.349123120307922,0.3740546405315399,0.15733946859836578,26.387698650360107,9.235729575157166,0.5490986704826355,0.3742390275001526,16.221742630004883,0.9244756698608398,0.11195146292448044,15.704289674758911,0.8762406706809998,0.14944711327552795,0.9635416666666666,0.796875,0.3472594916820526,0.045135498046875,0.292236328125,0.01739501953125,3.755345185597738,0.3563503324985504,0.1630859375,0.028032807633280754,0.19483241438865662,0.007329988293349743,0.2581070363521576
obj_0292,268,fixed_mean,13.335695266723633,0.8027485013008118,0.2837158143520355,7.761441469192505,0.36613336205482483,0.31596142053604126,23.644580841064453,8.376591205596924,0.43699079751968384,0.370576411485672,13.64673137664795,0.8163968920707703,0.2488415688276291,13.335695266723633,0.8027485013008118,0.2837158143520355,1.0,0.78515625,0.2892705202102661,0.0667724609375,0.24853515625,0.017852783203125,3.5693082014719644,0.3512168526649475,0.15478515625,0.03054322861135006,0.2849891185760498,0.00910982582718134,0.2700551748275757
obj_0292,268,hll,12.483184337615967,0.7691912055015564,0.28858622908592224,6.970515847206116,0.3435650169849396,0.32254379987716675,22.03789234161377,7.4769920110702515,0.40912649035453796,0.34927523136138916,12.855805158615112,0.8044184446334839,0.2542611062526703,12.483184337615967,0.7691912055015564,0.28858622908592224,1.0,0.82080078125,0.2581953704357147,0.06866455078125,0.23095703125,0.0206146240234375,3.3875069618225098,0.3475838005542755,0.1685791015625,0.03054322861135006,0.2849891185760498,0.00910982582718134,0.2700551748275757
obj_0292,268,llh,14.175252914428711,0.813828706741333,0.27943509817123413,8.550800681114197,0.3887849748134613,0.31101760268211365,25.223710536956787,9.397556185722351,0.47230643033981323,0.39078813791275024,14.436089992523193,0.8256106376647949,0.24521423876285553,14.175252914428711,0.813828706741333,0.27943509817123413,1.0,0.7529296875,0.30924370884895325,0.06744384765625,0.240478515625,0.01535797119140625,3.4769596258799234,0.35769325494766235,0.1365966796875,0.03054322861135006,0.2849891185760498,0.00910982582718134,0.2700551748275757
obj_0292,268,c3_lhl,13.922450542449951,0.8129065036773682,0.27506503462791443,8.410630226135254,0.3879285454750061,0.3060797452926636,23.46768856048584,8.626188039779663,0.43545687198638916,0.39510032534599304,14.295920133590698,0.8254451155662537,0.24157875776290894,13.922450542449951,0.8129065036773682,0.27506503462791443,1.0,0.744140625,0.2742020785808563,0.06585693359375,0.2548828125,0.0195465087890625,3.918520530064901,0.33993062376976013,0.16357421875,0.03054322861135006,0.2849891185760498,0.00910982582718134,0.2700551748275757
obj_0293,269,fixed_mean,17.37467050552368,0.9119523167610168,0.0853380337357521,4.794945418834686,0.12077668309211731,0.09633079916238785,21.66720151901245,6.862978935241699,0.4841398298740387,0.08999728411436081,19.306113719940186,0.9664925336837769,0.061912331730127335,16.035746335983276,0.8942154049873352,0.10376404225826263,0.6953125,0.84033203125,0.3923303484916687,0.0193023681640625,0.482177734375,0.036041259765625,3.2591660022735596,0.37768295407295227,0.2080078125,0.04198571294546127,0.36137959361076355,0.018854308873414993,0.27467605471611023
obj_0293,269,hll,16.35777711868286,0.9004999995231628,0.09975831210613251,4.532516300678253,0.08878754824399948,0.10030627995729446,19.562188386917114,6.241466999053955,0.4629102051258087,0.060842115432024,19.043684005737305,0.9656739830970764,0.06473676860332489,15.167992115020752,0.8809309601783752,0.1146884486079216,0.6953125,0.83203125,0.35458168387413025,0.01506805419921875,0.427001953125,0.0362548828125,2.353875716527303,0.3706592619419098,0.2115478515625,0.04198571294546127,0.36137959361076355,0.018854308873414993,0.27467605471611023
obj_0293,269,llh,18.304026126861572,0.9099457859992981,0.07939307391643524,5.280888080596924,0.1761021465063095,0.09148756414651871,23.522067070007324,7.893581986427307,0.5253927707672119,0.14291225373744965,19.7920560836792,0.9682233929634094,0.05913665518164635,16.88826084136963,0.893323540687561,0.1005358099937439,0.6953125,0.82275390625,0.4124864339828491,0.0269012451171875,0.50341796875,0.0293731689453125,4.056971391042073,0.3682904839515686,0.203857421875,0.04198571294546127,0.36137959361076355,0.018854308873414993,0.27467605471611023
obj_0293,269,c3_lhl,17.919487953186035,0.9046070575714111,0.09033159911632538,5.085020661354065,0.13832677900791168,0.09739409387111664,22.707703113555908,7.107874155044556,0.4882853925228119,0.11312422901391983,19.596188068389893,0.9671086072921753,0.06301286816596985,16.47957682609558,0.8855723142623901,0.10722518712282181,0.6953125,0.826171875,0.37147966027259827,0.0254364013671875,0.51611328125,0.039703369140625,3.805447260538737,0.36590486764907837,0.225341796875,0.04198571294546127,0.36137959361076355,0.018854308873414993,0.27467605471611023
obj_0294,270,fixed_mean,14.916943311691284,0.8426517844200134,0.1656835824251175,6.7786335945129395,0.30574166774749756,0.18793536722660065,21.605629920959473,8.00112009048462,0.4783776104450226,0.3002530634403229,15.81935167312622,0.9021475315093994,0.12474316358566284,14.612019062042236,0.8352411389350891,0.1737944632768631,0.9296875,0.84423828125,0.460281103849411,0.031646728515625,0.2291259765625,0.01467132568359375,2.7131460507710776,0.38572224974632263,0.1163330078125,0.03430099040269852,0.3031325340270996,0.009643306024372578,0.2825581729412079
obj_0294,270,hll,14.0659499168396,0.8303619027137756,0.179563507437706,6.04802668094635,0.24964696168899536,0.1979539841413498,20.268747806549072,6.890254020690918,0.4329397678375244,0.24420133233070374,15.088745355606079,0.8914845585823059,0.1335911899805069,13.763632774353027,0.8219850659370422,0.18920674920082092,0.9296875,0.8720703125,0.3991209864616394,0.038848876953125,0.2054443359375,0.0154876708984375,2.3487586975097656,0.3758104741573334,0.1258544921875,0.03430099040269852,0.3031325340270996,0.009643306024372578,0.2825581729412079
obj_0294,270,llh,15.83768367767334,0.844266951084137,0.1544089913368225,7.5457048416137695,0.36346137523651123,0.180093914270401,23.262691497802734,9.23879325389862,0.5146297216415405,0.3586937189102173,16.586424112319946,0.9106695652008057,0.11613510549068451,15.528316497802734,0.8372989892959595,0.16506285965442657,0.9296875,0.81494140625,0.46343645453453064,0.034027099609375,0.236328125,0.0127716064453125,3.13150421778361,0.37642624974250793,0.11663818359375,0.03430099040269852,0.3031325340270996,0.009643306024372578,0.2825581729412079
obj_0294,270,c3_lhl,15.640811920166016,0.8518021702766418,0.16345268487930298,7.434790730476379,0.3535821735858917,0.18804213404655457,22.635507583618164,8.58705997467041,0.4933561384677887,0.35309287905693054,16.475510597229004,0.9098052978515625,0.12440042197704315,15.328236818313599,0.8447104692459106,0.17270196974277496,0.9296875,0.8203125,0.4597323536872864,0.02996826171875,0.249755859375,0.0171051025390625,2.9840989907582602,0.3714209794998169,0.1279296875,0.03430099040269852,0.3031325340270996,0.009643306024372578,0.2825581729412079
obj_0295,271,fixed_mean,12.957667112350464,0.7893685102462769,0.22689633071422577,6.434580683708191,0.29779955744743347,0.27057787775993347,26.87434196472168,8.825669884681702,0.5096350312232971,0.293918639421463,13.098162412643433,0.8234491348266602,0.21488581597805023,12.808307409286499,0.7835906147956848,0.240656316280365,0.9661458333333334,0.90576171875,0.36882293224334717,0.04052734375,0.2215576171875,0.0184326171875,2.736095587412516,0.44065093994140625,0.1201171875,0.015284559689462185,0.19671480357646942,0.004373995121568441,0.24016126990318298
obj_0295,271,hll,12.551826238632202,0.775193989276886,0.2293003499507904,6.059940457344055,0.2840787172317505,0.2729933559894562,25.613014698028564,8.008142709732056,0.4800729751586914,0.2821047008037567,12.723523378372192,0.8145055770874023,0.21630045771598816,12.402597665786743,0.769237756729126,0.24199357628822327,0.9661458333333334,0.9208984375,0.35022854804992676,0.044097900390625,0.2000732421875,0.0193939208984375,2.5067970355351767,0.42278510332107544,0.1273193359375,0.015284559689462185,0.19671480357646942,0.004373995121568441,0.24016126990318298
obj_0295,271,llh,13.581453561782837,0.8063051104545593,0.22012794017791748,7.018840909004211,0.37762123346328735,0.26768583059310913,28.913137912750244,9.964489936828613,0.5447739958763123,0.37415775656700134,13.682423830032349,0.8382858633995056,0.20922645926475525,13.43201994895935,0.8010345697402954,0.23408570885658264,0.9661458333333334,0.8759765625,0.39633044600486755,0.054412841796875,0.23046875,0.014923095703125,2.9093895753224692,0.42787039279937744,0.11383056640625,0.015284559689462185,0.19671480357646942,0.004373995121568441,0.24016126990318298
obj_0295,271,c3_lhl,13.241374492645264,0.8067758679389954,0.22973644733428955,6.740558743476868,0.3471285104751587,0.2643035650253296,26.530051231384277,8.916500806808472,0.5063281655311584,0.3469011187553406,13.404141664505005,0.8348369002342224,0.2081587165594101,13.0918288230896,0.8011987805366516,0.2432897537946701,0.9661458333333334,0.88671875,0.3722113072872162,0.04510498046875,0.2342529296875,0.0206451416015625,3.225168466567993,0.426739364862442,0.12890625,0.015284559689462185,0.19671480357646942,0.004373995121568441,0.24016126990318298
obj_0296,272,fixed_mean,13.417634963989258,0.813407838344574,0.281421422958374,8.405342698097229,0.50701904296875,0.3313702940940857,29.7296404838562,11.015770435333252,0.537762463092804,0.5107025504112244,13.488234281539917,0.8194268345832825,0.274882048368454,13.383572101593018,0.8119385838508606,0.2932685315608978,0.9921875,0.7412109375,0.26327481865882874,0.07879638671875,0.1968994140625,0.01013946533203125,3.0834079583485923,0.3593640923500061,0.111572265625,0.04377972334623337,0.2307574450969696,0.0049101486802101135,0.24220964312553406
obj_0296,272,hll,12.625741958618164,0.8026155829429626,0.2844699025154114,7.643595337867737,0.48918312788009644,0.33393535017967224,27.40853786468506,9.897788166999817,0.5137834548950195,0.49314239621162415,12.726486921310425,0.8101328015327454,0.27390211820602417,12.591679096221924,0.8010625839233398,0.2977999746799469,0.9921875,0.7802734375,0.244547501206398,0.0760498046875,0.1790771484375,0.01082611083984375,2.9852561155954995,0.35693711042404175,0.11712646484375,0.04377972334623337,0.2307574450969696,0.0049101486802101135,0.24220964312553406
obj_0296,272,llh,14.090348482131958,0.820247232913971,0.28634113073349,9.055886268615723,0.5144022107124329,0.32659202814102173,32.02810287475586,12.121268510818481,0.5661770701408386,0.5165536403656006,14.138777256011963,0.8256085515022278,0.2781032919883728,14.056285619735718,0.8188345432281494,0.29735425114631653,0.9921875,0.70947265625,0.2848702371120453,0.0780029296875,0.200439453125,0.0086822509765625,3.0295610427856445,0.3553788959980011,0.104736328125,0.04377972334623337,0.2307574450969696,0.0049101486802101135,0.24220964312553406
obj_0296,272,c3_lhl,14.049031734466553,0.8216948509216309,0.27133896946907043,9.057011604309082,0.5188769102096558,0.31530633568763733,29.27485466003418,11.190276145935059,0.5349639058113098,0.5240066647529602,14.139903783798218,0.8279577493667603,0.26082584261894226,14.014968872070312,0.8202908635139465,0.28560784459114075,0.9921875,0.7060546875,0.25719740986824036,0.07757568359375,0.2017822265625,0.01056671142578125,3.534428834915161,0.34741640090942383,0.11700439453125,0.04377972334623337,0.2307574450969696,0.0049101486802101135,0.24220964312553406
obj_0297,273,fixed_mean,15.451619625091553,0.8633826375007629,0.16504913568496704,6.508895754814148,0.35294049978256226,0.17655687034130096,24.15480613708496,8.764429092407227,0.5212723016738892,0.3535393476486206,16.005113124847412,0.9159910678863525,0.1374427229166031,15.443435907363892,0.8633183836936951,0.16468816995620728,0.998046875,0.736328125,0.35284724831581116,0.076904296875,0.29931640625,0.01910400390625,3.333005507787069,0.38565194606781006,0.1341552734375,0.016384150832891464,0.2956239581108093,0.00722688902169466,0.26237088441848755
obj_0297,273,hll,14.21602487564087,0.852435290813446,0.18520358204841614,5.442281365394592,0.2944401800632477,0.18556831777095795,21.844539642333984,7.627251148223877,0.49259528517723083,0.29300418496131897,14.938499927520752,0.9074660539627075,0.14734295010566711,14.208028316497803,0.8523762822151184,0.18449099361896515,0.998046875,0.77978515625,0.3271566927433014,0.079833984375,0.3037109375,0.02227783203125,3.3446435928344727,0.3951721787452698,0.14599609375,0.016384150832891464,0.2956239581108093,0.00722688902169466,0.26237088441848755
obj_0297,273,llh,16.370573043823242,0.8581879138946533,0.14948320388793945,7.280406355857849,0.3745662271976471,0.16802853345870972,26.346721649169922,10.245165824890137,0.5679770112037659,0.3682917058467865,16.77662491798401,0.9203535914421082,0.1302088052034378,16.36229395866394,0.8580302596092224,0.14879608154296875,0.998046875,0.708984375,0.37886741757392883,0.07501220703125,0.29248046875,0.01540374755859375,3.5227133433024087,0.37872302532196045,0.11907958984375,0.016384150832891464,0.2956239581108093,0.00722688902169466,0.26237088441848755
obj_0297,273,c3_lhl,15.80424189567566,0.8615788221359253,0.16851967573165894,6.826261281967163,0.34623655676841736,0.1747148185968399,24.776010513305664,8.785083889961243,0.5099700689315796,0.3489540219306946,16.322479248046875,0.9171120524406433,0.13844886422157288,15.795878171920776,0.8614963889122009,0.16805167496204376,0.998046875,0.72705078125,0.3379947543144226,0.06884765625,0.3037109375,0.0206756591796875,3.5232688585917153,0.3752596974372864,0.143310546875,0.016384150832891464,0.2956239581108093,0.00722688902169466,0.26237088441848755
obj_0298,274,fixed_mean,14.411779642105103,0.8013314604759216,0.20918065309524536,6.671762466430664,0.15933839976787567,0.1696700006723404,19.538052082061768,7.984606027603149,0.3405851125717163,0.14334151148796082,15.775009393692017,0.8871579766273499,0.15387001633644104,14.411779642105103,0.8013314604759216,0.20918065309524536,1.0,0.80859375,0.3478657901287079,0.060882568359375,0.405517578125,0.02752685546875,3.3451425234476724,0.37690824270248413,0.24365234375,0.03474655747413635,0.748453676700592,0.07492799311876297,0.3611808717250824
obj_0298,274,hll,14.023895263671875,0.7976895570755005,0.22243881225585938,6.48628830909729,0.13158376514911652,0.17966747283935547,18.644471168518066,7.602981925010681,0.31604552268981934,0.11460220068693161,15.589534044265747,0.8855794072151184,0.1584060937166214,14.023895263671875,0.7976895570755005,0.22243881225585938,1.0,0.8076171875,0.3089132010936737,0.051666259765625,0.364501953125,0.0266571044921875,3.1440627574920654,0.37691089510917664,0.243408203125,0.03474655747413635,0.748453676700592,0.07492799311876297,0.3611808717250824
obj_0298,274,llh,14.702533483505249,0.7997118234634399,0.2146776020526886,6.927290558815002,0.17147217690944672,0.16598869860172272,19.92579936981201,8.29461932182312,0.35095930099487305,0.1557750254869461,16.030536890029907,0.8895230889320374,0.15288034081459045,14.702533483505249,0.7997118234634399,0.2146776020526886,1.0,0.80810546875,0.35252436995506287,0.06964111328125,0.406005859375,0.0257568359375,3.765892664591471,0.3842850625514984,0.2279052734375,0.03474655747413635,0.748453676700592,0.07492799311876297,0.3611808717250824
obj_0298,274,c3_lhl,14.48790192604065,0.7985658645629883,0.21166014671325684,6.666218638420105,0.1532871127128601,0.173383429646492,19.843701124191284,7.986965179443359,0.3302502930164337,0.1395706683397293,15.76946496963501,0.8852960467338562,0.1648116111755371,14.48790192604065,0.7985658645629883,0.21166014671325684,1.0,0.798828125,0.3567112684249878,0.06024169921875,0.4296875,0.031707763671875,3.5672749678293862,0.3659806251525879,0.265869140625,0.03474655747413635,0.748453676700592,0.07492799311876297,0.3611808717250824
obj_0299,275,fixed_mean,13.585376739501953,0.8007431030273438,0.18772250413894653,6.490507125854492,0.3070368766784668,0.2212614119052887,24.17987585067749,9.068313837051392,0.46670132875442505,0.30516326427459717,13.907082080841064,0.8514367938041687,0.1671009361743927,13.288968801498413,0.790422797203064,0.20562440156936646,0.93359375,0.84765625,0.3338718116283417,0.07757568359375,0.293212890625,0.019195556640625,3.130540053049723,0.35575276613235474,0.1707763671875,0.1688544601202011,0.2433348149061203,0.009184762835502625,0.28417083621025085
obj_0299,275,hll,12.870831489562988,0.78691166639328,0.2005331665277481,5.8563995361328125,0.252413272857666,0.22468046844005585,22.5357723236084,8.126524090766907,0.43018245697021484,0.2499278336763382,13.27297329902649,0.8403992056846619,0.1711626499891281,12.57612943649292,0.7759628891944885,0.22001682221889496,0.93359375,0.873046875,0.3117819130420685,0.06304931640625,0.259033203125,0.0224151611328125,2.3296260039011636,0.3625038266181946,0.1781005859375,0.1688544601202011,0.2433348149061203,0.009184762835502625,0.28417083621025085
obj_0299,275,llh,14.283308982849121,0.8168206214904785,0.18869389593601227,7.1319496631622314,0.34956952929496765,0.2193693369626999,25.688471794128418,10.077650547027588,0.5059564113616943,0.3451850712299347,14.548524618148804,0.8613396286964417,0.16695818305015564,13.986129760742188,0.8081562519073486,0.20597825944423676,0.93359375,0.82373046875,0.3568413555622101,0.08837890625,0.29541015625,0.0154876708984375,3.4142583211263022,0.3597266674041748,0.1546630859375,0.1688544601202011,0.2433348149061203,0.009184762835502625,0.28417083621025085
obj_0299,275,c3_lhl,14.048315286636353,0.8178844451904297,0.19136640429496765,6.995815634727478,0.35131052136421204,0.21810872852802277,24.126391410827637,9.191731810569763,0.47136443853378296,0.35379037261009216,14.412388801574707,0.8606857061386108,0.16485121846199036,13.750525712966919,0.8086757063865662,0.21048347651958466,0.93359375,0.8203125,0.3120883107185364,0.08367919921875,0.28955078125,0.0204925537109375,3.294098218282064,0.3470422923564911,0.1793212890625,0.1688544601202011,0.2433348149061203,0.009184762835502625,0.28417083621025085
