queue_rank,uid,license,source_license_tag,name,creator,creator_username,source_uri,viewer_url,source_path,metadata_shard,metadata_shard_sha256,queue_role
1,be3554e6df604c6383d9dbefa5713035,by-sa,by-sa,Inktober 30 : Ominous,Pallavi Davé,pallavidave,https://api.sketchfab.com/v3/models/be3554e6df604c6383d9dbefa5713035,https://sketchfab.com/3d-models/be3554e6df604c6383d9dbefa5713035,glbs/000-142/be3554e6df604c6383d9dbefa5713035.glb,000-142,65ce47bebe6d1a450e835d20e3281d3b0a5beb1d33d8a832b9869e8ee622343e,screen
2,a353815abfe64c3ebe07e516b223055b,by,by,13204,Porters Truss & Frame,mark.porter,https://api.sketchfab.com/v3/models/a353815abfe64c3ebe07e516b223055b,https://sketchfab.com/3d-models/a353815abfe64c3ebe07e516b223055b,glbs/000-079/a353815abfe64c3ebe07e516b223055b.glb,000-079,b9f212d7e834d7c5f9fb08eea32e81c9820896fcabeb85d080926de64fa171d8,screen
3,bc0e81f8e8994e719b891c93b295b64b,by,by,Chandelier,ashleycoe,ashleycoe,https://api.sketchfab.com/v3/models/bc0e81f8e8994e719b891c93b295b64b,https://sketchfab.com/3d-models/bc0e81f8e8994e719b891c93b295b64b,glbs/000-150/bc0e81f8e8994e719b891c93b295b64b.glb,000-150,e586b545bcf481a0a605d5e756dab492e223beb3465bb59248dd48153f9526d6,screen
4,c76ac44df995482185077da81939b306,by,by,Building 03,Shalmon,nashalanandas,https://api.sketchfab.com/v3/models/c76ac44df995482185077da81939b306,https://sketchfab.com/3d-models/c76ac44df995482185077da81939b306,glbs/000-130/c76ac44df995482185077da81939b306.glb,000-130,ea62d573ba065e3ab3b4d78677005552d9199fa1f85902a3ed9597c67da3ab43,screen
5,11659ea662c1473ba80f9469b227cd15,by,by,Arctic Sunrise,Alvaroge,alvaroge,https://api.sketchfab.com/v3/models/11659ea662c1473ba80f9469b227cd15,https://sketchfab.com/3d-models/11659ea662c1473ba80f9469b227cd15,glbs/000-122/11659ea662c1473ba80f9469b227cd15.glb,000-122,357a75a2195242ab583a60fc9f94142eceb75417907dc407ba28955199f2ec00,screen
6,32d71367c1ff421ca80fe121723b1fc0,by,by,Sakura,incorrect,incorrect,https://api.sketchfab.com/v3/models/32d71367c1ff421ca80fe121723b1fc0,https://sketchfab.com/3d-models/32d71367c1ff421ca80fe121723b1fc0,glbs/000-123/32d71367c1ff421ca80fe121723b1fc0.glb,000-123,4c6e6af804d650d8205eb02633496eb5b2eb95f32ef92d4fff6b42ff5939d06e,screen
7,f609887785fc497e9f0443fb7b276b81,by,by,kyecorp console,kythulu,kythulu,https://api.sketchfab.com/v3/models/f609887785fc497e9f0443fb7b276b81,https://sketchfab.com/3d-models/f609887785fc497e9f0443fb7b276b81,glbs/000-156/f609887785fc497e9f0443fb7b276b81.glb,000-156,2d2fcfc79c6c04bb4180a4dcc6e5aeff849ec1fa4fecc641201df602614311a9,screen
8,b75c502ec8174fcb99a6f6ff643f7b8c,by,by,Hailstone 02 20220106,joshua-wx,joshua-wx,https://api.sketchfab.com/v3/models/b75c502ec8174fcb99a6f6ff643f7b8c,https://sketchfab.com/3d-models/b75c502ec8174fcb99a6f6ff643f7b8c,glbs/000-122/b75c502ec8174fcb99a6f6ff643f7b8c.glb,000-122,357a75a2195242ab583a60fc9f94142eceb75417907dc407ba28955199f2ec00,screen
9,a18f5679740b41ccb90c9f0cafd905da,by-sa,by-sa,#Pray for Ukraine,333vilena,333vilena,https://api.sketchfab.com/v3/models/a18f5679740b41ccb90c9f0cafd905da,https://sketchfab.com/3d-models/a18f5679740b41ccb90c9f0cafd905da,glbs/000-125/a18f5679740b41ccb90c9f0cafd905da.glb,000-125,27cabc2fdde84b891259916235b2f5e7540afef17b60bbb0f3488e0cd10636fe,screen
10,d497acd1d8f745709decedc36175d380,by,by,Siren Head With Teeth Retextured,Spectroy 3D,siren_head_man,https://api.sketchfab.com/v3/models/d497acd1d8f745709decedc36175d380,https://sketchfab.com/3d-models/d497acd1d8f745709decedc36175d380,glbs/000-139/d497acd1d8f745709decedc36175d380.glb,000-139,55e1d193e69fe81c540cf6097ec751cffc2ca4db9e1809cd5cf1de534ca6c34f,screen
11,7b4dd5fa121a4021875d9b72c7aa52c8,by-sa,by-sa,The Flying Spaghetti Monster,CATENCODE,catencode,https://api.sketchfab.com/v3/models/7b4dd5fa121a4021875d9b72c7aa52c8,https://sketchfab.com/3d-models/7b4dd5fa121a4021875d9b72c7aa52c8,glbs/000-080/7b4dd5fa121a4021875d9b72c7aa52c8.glb,000-080,b5c81dfa5a360aeac5e330c7754c18607e3b32b96182f7369d60c737245e9152,screen
12,122461e0e5bb47928efc16bf13a20f68,by,by,Salomon Gore-tex hiking boots,eora 3D,eora3d,https://api.sketchfab.com/v3/models/122461e0e5bb47928efc16bf13a20f68,https://sketchfab.com/3d-models/122461e0e5bb47928efc16bf13a20f68,glbs/000-094/122461e0e5bb47928efc16bf13a20f68.glb,000-094,e447ffdf5355385703fd0d730c607f4debd12ad8ffc19911441aa56c0c5ed2ef,screen
13,9f8445f793134218a971cedd23772baf,by,by,New Model,iwasnothing,iwasnothing,https://api.sketchfab.com/v3/models/9f8445f793134218a971cedd23772baf,https://sketchfab.com/3d-models/9f8445f793134218a971cedd23772baf,glbs/000-116/9f8445f793134218a971cedd23772baf.glb,000-116,a52414161230a7c921a3f6a318151469d76cf0b9ee20658d70a0c7ede1cb3557,screen
14,62a9ef09a0814f578b50f5eb5947eb01,by,by,nitram2244,warder,warder,https://api.sketchfab.com/v3/models/62a9ef09a0814f578b50f5eb5947eb01,https://sketchfab.com/3d-models/62a9ef09a0814f578b50f5eb5947eb01,glbs/000-144/62a9ef09a0814f578b50f5eb5947eb01.glb,000-144,c36e0da487e6f533fa0e6155f19d31eea78d7babaacb2bb5a648852506cb9433,screen
15,826f70691b344f8a96cdf6e81bfeec19,by,by,HighlineArchitecture_Brownmoor_Lane_Crosby,Alan Grice Staircase Co Ltd,agrice,https://api.sketchfab.com/v3/models/826f70691b344f8a96cdf6e81bfeec19,https://sketchfab.com/3d-models/826f70691b344f8a96cdf6e81bfeec19,glbs/000-024/826f70691b344f8a96cdf6e81bfeec19.glb,000-024,f7a12395bc396b8e8fb0162f0fe60ee43b42b7cfb3a215bde9866074ae41a566,screen
16,1ecf7b6f062240fd9a438e7ffbd0f877,by,by,Ayuntamiento Animal Crossing Modelado,Pedro_leyva,Pedro_leyva,https://api.sketchfab.com/v3/models/1ecf7b6f062240fd9a438e7ffbd0f877,https://sketchfab.com/3d-models/1ecf7b6f062240fd9a438e7ffbd0f877,glbs/000-149/1ecf7b6f062240fd9a438e7ffbd0f877.glb,000-149,8f5cd4952ecd5141539addd92b1d3c4332498ebff38a3a03e31b989f958efdd7,screen
17,af5e59463c7c4be4ad5404bc053805db,by,by,MAIN,Bora.Sahin,Bora.Sahin,https://api.sketchfab.com/v3/models/af5e59463c7c4be4ad5404bc053805db,https://sketchfab.com/3d-models/af5e59463c7c4be4ad5404bc053805db,glbs/000-073/af5e59463c7c4be4ad5404bc053805db.glb,000-073,a25976005a3a38ddbd6cc00935722efd118af0bb27bb781b8ef41c18da6ac87e,screen
18,01759141a47a4e5b925c13750dd4df8b,by,by,Herb Grinder,Raikojou,Raikojou,https://api.sketchfab.com/v3/models/01759141a47a4e5b925c13750dd4df8b,https://sketchfab.com/3d-models/01759141a47a4e5b925c13750dd4df8b,glbs/000-127/01759141a47a4e5b925c13750dd4df8b.glb,000-127,4150815f120e312a4c137846e79e97501550c389b367bb9e7ced640034f7a1ac,screen
19,978ad158811e4165836457da8051ad9f,by,by,Still life - colour test 1,siOdeby,siOdeby,https://api.sketchfab.com/v3/models/978ad158811e4165836457da8051ad9f,https://sketchfab.com/3d-models/978ad158811e4165836457da8051ad9f,glbs/000-140/978ad158811e4165836457da8051ad9f.glb,000-140,37cd6ac2c0429b109479c5c5d5807f2c6fde4028d456e4cd3415e02741b4072a,screen
20,24c8a9fc66da43fe8e6239db4bf10119,by,by,Building Cartoon,RickGrymes,rickgrymes,https://api.sketchfab.com/v3/models/24c8a9fc66da43fe8e6239db4bf10119,https://sketchfab.com/3d-models/24c8a9fc66da43fe8e6239db4bf10119,glbs/000-048/24c8a9fc66da43fe8e6239db4bf10119.glb,000-048,bc4a69cdf663aca28fcbec6747aa58576d1ee8891525e31df343d741a9b6667c,screen
21,ff116077d1ae4fa0babddaa177252473,by,by,siren head,Siren Head Fan,thomasabauer,https://api.sketchfab.com/v3/models/ff116077d1ae4fa0babddaa177252473,https://sketchfab.com/3d-models/ff116077d1ae4fa0babddaa177252473,glbs/000-097/ff116077d1ae4fa0babddaa177252473.glb,000-097,f962516e9bf6ce467328c238087b4767092f5d30763bfe5309ee3d32df9b24dd,screen
22,eb8f7ff9521e4ce48522f5125798fdcd,by,by,Canfield headphones,treintayocho,treintayocho,https://api.sketchfab.com/v3/models/eb8f7ff9521e4ce48522f5125798fdcd,https://sketchfab.com/3d-models/eb8f7ff9521e4ce48522f5125798fdcd,glbs/000-050/eb8f7ff9521e4ce48522f5125798fdcd.glb,000-050,9193d6c7739deb10e332f3e9d97f8b1357d604f65b0c450a2642304622f6594d,screen
23,78efa1a5d15a4c8984233d33029e46e3,by,by,Native American Pot Replica,Dennis Brooks,dennis.brooks,https://api.sketchfab.com/v3/models/78efa1a5d15a4c8984233d33029e46e3,https://sketchfab.com/3d-models/78efa1a5d15a4c8984233d33029e46e3,glbs/000-028/78efa1a5d15a4c8984233d33029e46e3.glb,000-028,59aa21bab8f5083e9bd163def90442388bc210e3c9487a6b190190f01e134bcc,screen
24,304eb0d8c95347d3b89423e74e62d412,by,by,0327-Forge-FBX,iwamah1,iwamah1,https://api.sketchfab.com/v3/models/304eb0d8c95347d3b89423e74e62d412,https://sketchfab.com/3d-models/304eb0d8c95347d3b89423e74e62d412,glbs/000-149/304eb0d8c95347d3b89423e74e62d412.glb,000-149,8f5cd4952ecd5141539addd92b1d3c4332498ebff38a3a03e31b989f958efdd7,screen
25,ac77ed5fdbe04c21b4d61eb404ad4208,by,by,04_INDA_Y1_D2_Ema_Nynn_ProjectModel3,nynn,nynn,https://api.sketchfab.com/v3/models/ac77ed5fdbe04c21b4d61eb404ad4208,https://sketchfab.com/3d-models/ac77ed5fdbe04c21b4d61eb404ad4208,glbs/000-132/ac77ed5fdbe04c21b4d61eb404ad4208.glb,000-132,688aceaebedf57e9bb98c960981333ea4069fe97c3e6083005ffcc72ec4eb98f,screen
26,b279d0d338c44d158f08aa80059d5a55,by,by,Knife 1,cronicash,cronicash,https://api.sketchfab.com/v3/models/b279d0d338c44d158f08aa80059d5a55,https://sketchfab.com/3d-models/b279d0d338c44d158f08aa80059d5a55,glbs/000-100/b279d0d338c44d158f08aa80059d5a55.glb,000-100,d7c68c115828d1a5f38e722faa3c52c0d394ad74f24b42be5eac1e00e69b45a0,screen
27,e5bf10593ab8458c8dac1093c369a7c5,by,by,Hammer,TheDesigner,Coolhitz,https://api.sketchfab.com/v3/models/e5bf10593ab8458c8dac1093c369a7c5,https://sketchfab.com/3d-models/e5bf10593ab8458c8dac1093c369a7c5,glbs/000-004/e5bf10593ab8458c8dac1093c369a7c5.glb,000-004,14aff8e4390cd2ee271888f49c83f3745a2d00b02f7b44e569d68f88a9f0bebf,screen
28,9bf114e1d4964b23bfb0cbc129a493b0,by,by,Bom Final fantasy,cmhg19,cmhg19,https://api.sketchfab.com/v3/models/9bf114e1d4964b23bfb0cbc129a493b0,https://sketchfab.com/3d-models/9bf114e1d4964b23bfb0cbc129a493b0,glbs/000-016/9bf114e1d4964b23bfb0cbc129a493b0.glb,000-016,a40e37f4c521f96bf29b0c8a2b5e181a71621c6833aec23da68c2bace6790d14,screen
29,5deb825c89f4497188707681feced7c8,by,by,SLOBOZHANSKY SERVICE CENTER,Kizui_matveeva,Kizuimatveeva,https://api.sketchfab.com/v3/models/5deb825c89f4497188707681feced7c8,https://sketchfab.com/3d-models/5deb825c89f4497188707681feced7c8,glbs/000-091/5deb825c89f4497188707681feced7c8.glb,000-091,b9fb8713b87da27eb7eacd2a705580b5dcef62ff1c5ce4d266cc88cbbceb8576,screen
30,6118cb1a533d48b39501abd33de76ce4,by,by,自動車の焼骸,seirogan,seirogan,https://api.sketchfab.com/v3/models/6118cb1a533d48b39501abd33de76ce4,https://sketchfab.com/3d-models/6118cb1a533d48b39501abd33de76ce4,glbs/000-070/6118cb1a533d48b39501abd33de76ce4.glb,000-070,4d3712651b26d85189a849345622ccbb9bb2821210f47f8255945b95b7116f14,screen
31,4ceddf8ebb2647d4bae9a066b88406c1,by,by,089021,ForfarRoofTruss,ForfarRoofTruss,https://api.sketchfab.com/v3/models/4ceddf8ebb2647d4bae9a066b88406c1,https://sketchfab.com/3d-models/4ceddf8ebb2647d4bae9a066b88406c1,glbs/000-077/4ceddf8ebb2647d4bae9a066b88406c1.glb,000-077,ab70b1fa4d00ee7c9ccadf20b686f646e9b67a048d44ea792ad602880ff3a64c,screen
32,5df9aaac84484e2cbfd7dd36c4df3e88,by,by,Cave Madness -Gambler,3deux,l33t,https://api.sketchfab.com/v3/models/5df9aaac84484e2cbfd7dd36c4df3e88,https://sketchfab.com/3d-models/5df9aaac84484e2cbfd7dd36c4df3e88,glbs/000-007/5df9aaac84484e2cbfd7dd36c4df3e88.glb,000-007,5309e4d0ca7047efdfdfad8ba68b3e210470a84b17e4c4fa5d1fc125fc6f4c84,screen
33,19f1d4a146ed4dcf8765df213dd834ec,by,by,Model2 Full,mcransley,mcransley,https://api.sketchfab.com/v3/models/19f1d4a146ed4dcf8765df213dd834ec,https://sketchfab.com/3d-models/19f1d4a146ed4dcf8765df213dd834ec,glbs/000-112/19f1d4a146ed4dcf8765df213dd834ec.glb,000-112,77a7aa5f75c479a087b3a9aa7d470085097eacea659802c3ecd90530903e03bb,screen
34,c002e2aa017d49ae8e6dbd295cca3914,by,by,Water Bottle,Microsoft,microsoft,https://api.sketchfab.com/v3/models/c002e2aa017d49ae8e6dbd295cca3914,https://sketchfab.com/3d-models/c002e2aa017d49ae8e6dbd295cca3914,glbs/000-069/c002e2aa017d49ae8e6dbd295cca3914.glb,000-069,c2934f17e53537c26e37e7d1ce20895ab404b350fa7deb1c55dc72f671c43a3a,screen
35,205262b0905e4a2592b87df1a5525ed0,by,by,ESTRUTURAL 3D -  ECIE - C - 2200,engenheiro.ronnybastos,engenheiro.ronnybastos,https://api.sketchfab.com/v3/models/205262b0905e4a2592b87df1a5525ed0,https://sketchfab.com/3d-models/205262b0905e4a2592b87df1a5525ed0,glbs/000-083/205262b0905e4a2592b87df1a5525ed0.glb,000-083,a316f61532b32fb8c4ffb50e643641f972e8891f8e40c3256f237f6992339a7e,screen
36,6c2ebfad9ce04ec282fe3cda274e0f02,by,by,Panzer-iv-medium-tank-ww2,Ara_my45yt,Ara_my45yt,https://api.sketchfab.com/v3/models/6c2ebfad9ce04ec282fe3cda274e0f02,https://sketchfab.com/3d-models/6c2ebfad9ce04ec282fe3cda274e0f02,glbs/000-143/6c2ebfad9ce04ec282fe3cda274e0f02.glb,000-143,3e3848e8a3b66fcdf5e1497585779fd750db3559012064476211102539ca6faf,screen
37,da956b130973413fa3d0b98a25cbcf90,by,by,Balloon Boy Jumpscare,OrangeSauceu,orangesauceu,https://api.sketchfab.com/v3/models/da956b130973413fa3d0b98a25cbcf90,https://sketchfab.com/3d-models/da956b130973413fa3d0b98a25cbcf90,glbs/000-069/da956b130973413fa3d0b98a25cbcf90.glb,000-069,c2934f17e53537c26e37e7d1ce20895ab404b350fa7deb1c55dc72f671c43a3a,screen
38,6e35f6fdf1264db4880049b802f18ea2,by,by,Old Chair,A18K,A18K,https://api.sketchfab.com/v3/models/6e35f6fdf1264db4880049b802f18ea2,https://sketchfab.com/3d-models/6e35f6fdf1264db4880049b802f18ea2,glbs/000-144/6e35f6fdf1264db4880049b802f18ea2.glb,000-144,c36e0da487e6f533fa0e6155f19d31eea78d7babaacb2bb5a648852506cb9433,screen
39,8ab102367e904eacbff7731dd393b182,by,by,Incomplete 20 Cubes,eliza_klobocista,eliza_klobocista,https://api.sketchfab.com/v3/models/8ab102367e904eacbff7731dd393b182,https://sketchfab.com/3d-models/8ab102367e904eacbff7731dd393b182,glbs/000-034/8ab102367e904eacbff7731dd393b182.glb,000-034,1abf2f65357b72efe7f8c5430d54dfea572a60a73773d7ce3a3d6b8b26c04b33,screen
40,66ea60ce156e4815964dde27c196b9e5,by,by,Cap Test – PhotoCatch,andrsbtrg,andrsbtrg,https://api.sketchfab.com/v3/models/66ea60ce156e4815964dde27c196b9e5,https://sketchfab.com/3d-models/66ea60ce156e4815964dde27c196b9e5,glbs/000-128/66ea60ce156e4815964dde27c196b9e5.glb,000-128,1b12e1b294c7aad517fd73cc6a5eafdbc4184afeb325b5c32b325bc7fdd5e0cb,screen
41,9804e2af66d4421780f8d20cd869d82d,by,by,Gun,alan1519,alan1519,https://api.sketchfab.com/v3/models/9804e2af66d4421780f8d20cd869d82d,https://sketchfab.com/3d-models/9804e2af66d4421780f8d20cd869d82d,glbs/000-066/9804e2af66d4421780f8d20cd869d82d.glb,000-066,988048a4beb272ce89ce7679776afd561f45e3f6add45f459eee9f1108c8de78,screen
42,fa328bef142e4197b86a7b1c6d03d42e,by,by,Otvinta 2020 Logo,alexking.can,alexking.can,https://api.sketchfab.com/v3/models/fa328bef142e4197b86a7b1c6d03d42e,https://sketchfab.com/3d-models/fa328bef142e4197b86a7b1c6d03d42e,glbs/000-033/fa328bef142e4197b86a7b1c6d03d42e.glb,000-033,66f44bc2bb3a3dbb40db3ee67c90627babdc443c19947ad9342caa07f825f734,screen
43,3be6e9a5e0d940cf8416d26ba9c301d2,by,by,Toadette,andream31,andream31,https://api.sketchfab.com/v3/models/3be6e9a5e0d940cf8416d26ba9c301d2,https://sketchfab.com/3d-models/3be6e9a5e0d940cf8416d26ba9c301d2,glbs/000-102/3be6e9a5e0d940cf8416d26ba9c301d2.glb,000-102,3f2bc12864c4c95d56349d319f00c429379760809968008a957cad7cf5942913,screen
44,f20298a6bc1642dba0a65bc545a06cd5,by,by,BramVG_katapult(500faces),IronWaffles23,IronWaffles23,https://api.sketchfab.com/v3/models/f20298a6bc1642dba0a65bc545a06cd5,https://sketchfab.com/3d-models/f20298a6bc1642dba0a65bc545a06cd5,glbs/000-081/f20298a6bc1642dba0a65bc545a06cd5.glb,000-081,204677ec2b9b8600e77caacd4452e6286e19d03c04d18b2e85e207201d7e1662,screen
45,5e80f96092ce4606ad5fe4f9d10aee35,by,by,Wizard Tower,Agustin Pauletich,aguspauletich,https://api.sketchfab.com/v3/models/5e80f96092ce4606ad5fe4f9d10aee35,https://sketchfab.com/3d-models/5e80f96092ce4606ad5fe4f9d10aee35,glbs/000-129/5e80f96092ce4606ad5fe4f9d10aee35.glb,000-129,ed86d23a1dc80b2df5735de4ebf0ca19181663fab1746269f1b1a8bf803f034b,screen
46,6a51c5056fb3429fa0b23d3ee620e0d7,by,by,[HW Draft Punk] Lesson 3,CyrusCrap,CyrusCrap,https://api.sketchfab.com/v3/models/6a51c5056fb3429fa0b23d3ee620e0d7,https://sketchfab.com/3d-models/6a51c5056fb3429fa0b23d3ee620e0d7,glbs/000-050/6a51c5056fb3429fa0b23d3ee620e0d7.glb,000-050,9193d6c7739deb10e332f3e9d97f8b1357d604f65b0c450a2642304622f6594d,screen
47,bb63c5a5ef9c40188db25abe66f4f2be,by,by,Rec East 20220425,Steve Aldrich,aldrichsteve,https://api.sketchfab.com/v3/models/bb63c5a5ef9c40188db25abe66f4f2be,https://sketchfab.com/3d-models/bb63c5a5ef9c40188db25abe66f4f2be,glbs/000-096/bb63c5a5ef9c40188db25abe66f4f2be.glb,000-096,3a1558f94d8b3653478065a94bebef63c01168cca91a3c16a95fbca29c9727f1,screen
48,3f0c24f89e3e4b33ba50193e8bd77af3,by,by,03 Hallway White Skerchfab 11,vestram,vestram,https://api.sketchfab.com/v3/models/3f0c24f89e3e4b33ba50193e8bd77af3,https://sketchfab.com/3d-models/3f0c24f89e3e4b33ba50193e8bd77af3,glbs/000-154/3f0c24f89e3e4b33ba50193e8bd77af3.glb,000-154,0231f8eb504b99446bf4e93f321fde62c944b981bdcd8b124785caf2a3f31a1b,screen
49,9cdc836cc30a46f6a4117091e8209757,by,by,Екатериненский 11 Е11 Free,Sergo_CRAFTSMAN,Sergo_CRAFTSMAN,https://api.sketchfab.com/v3/models/9cdc836cc30a46f6a4117091e8209757,https://sketchfab.com/3d-models/9cdc836cc30a46f6a4117091e8209757,glbs/000-151/9cdc836cc30a46f6a4117091e8209757.glb,000-151,ac33f688891f11c6965811e951a18b23a42a4dadb6366b690f63ba49823869a4,screen
50,83df38a278544e81a58c6aec793f3ba2,by,by,LowPoly Rock,Yorollimor,Yorollimor,https://api.sketchfab.com/v3/models/83df38a278544e81a58c6aec793f3ba2,https://sketchfab.com/3d-models/83df38a278544e81a58c6aec793f3ba2,glbs/000-150/83df38a278544e81a58c6aec793f3ba2.glb,000-150,e586b545bcf481a0a605d5e756dab492e223beb3465bb59248dd48153f9526d6,screen
51,e3b69217af954f5ab44aee1c1110b118,by,by,Single door refrigerator,narendranandu.b,narendranandu.b,https://api.sketchfab.com/v3/models/e3b69217af954f5ab44aee1c1110b118,https://sketchfab.com/3d-models/e3b69217af954f5ab44aee1c1110b118,glbs/000-043/e3b69217af954f5ab44aee1c1110b118.glb,000-043,752b681222db8fc4e8f8fc9d12c99bcfe776f87a7cca2d893a2513a53181f20c,screen
52,f29508e585b64d9ab5eccc2b54acd786,by,by,Rock Piles,mephistophia,mephistophia,https://api.sketchfab.com/v3/models/f29508e585b64d9ab5eccc2b54acd786,https://sketchfab.com/3d-models/f29508e585b64d9ab5eccc2b54acd786,glbs/000-113/f29508e585b64d9ab5eccc2b54acd786.glb,000-113,8ad62ed53003012fc99c1fb7833b29fd9555c6aef3025d21a39d7f0184bf00d2,screen
53,d99c0e540f2f40b78103070575976614,by,by,MORPION,ATELIER-GMC,prof91,https://api.sketchfab.com/v3/models/d99c0e540f2f40b78103070575976614,https://sketchfab.com/3d-models/d99c0e540f2f40b78103070575976614,glbs/000-152/d99c0e540f2f40b78103070575976614.glb,000-152,0ed0a12440febb7076afd92a148e8b977a63ec2937de4210ab7f389747ace75d,screen
54,ce9bf30086414a639b45d28b4be2a994,by,by,PROJETO ESTRUTURAL 3D VILLA FOOD VEGAS ARIRIZAL,engenheiro.ronnybastos,engenheiro.ronnybastos,https://api.sketchfab.com/v3/models/ce9bf30086414a639b45d28b4be2a994,https://sketchfab.com/3d-models/ce9bf30086414a639b45d28b4be2a994,glbs/000-017/ce9bf30086414a639b45d28b4be2a994.glb,000-017,b0101f1a44140cf8863366960473e4f242947d174f0afaf54efd00636d5a742f,screen
55,4d9f0aaa17ca4974aadd6c3566a7cf0f,by,by,Ice cream cone (eevee),awhitworth721,awhitworth721,https://api.sketchfab.com/v3/models/4d9f0aaa17ca4974aadd6c3566a7cf0f,https://sketchfab.com/3d-models/4d9f0aaa17ca4974aadd6c3566a7cf0f,glbs/000-108/4d9f0aaa17ca4974aadd6c3566a7cf0f.glb,000-108,279c216902aa2d886c281455309931522668576c7ea55826e406e4832cc0e1d4,screen
56,06fa4974f8cd4d4ea792e98fa1521457,by,by,Cube 01,b0rF4x,b0rF4x,https://api.sketchfab.com/v3/models/06fa4974f8cd4d4ea792e98fa1521457,https://sketchfab.com/3d-models/06fa4974f8cd4d4ea792e98fa1521457,glbs/000-003/06fa4974f8cd4d4ea792e98fa1521457.glb,000-003,a81c8aea7da13ffb156cfe2bea5d3b24f6c71454b1aa0f10c14e439978f91a4e,screen
57,ea0983b287ad49769e988107039c22a6,by,by,Space container - Mars mission,Hansalex,Hansalex,https://api.sketchfab.com/v3/models/ea0983b287ad49769e988107039c22a6,https://sketchfab.com/3d-models/ea0983b287ad49769e988107039c22a6,glbs/000-126/ea0983b287ad49769e988107039c22a6.glb,000-126,f635041d28886470816033610b75d09424e4e9dd5b316ce7ce01da10f8f0b42b,screen
58,88889b8c03ab440aa63da365761b9a01,by,by,Day1:Покинутый Дом,Mango,fake.don,https://api.sketchfab.com/v3/models/88889b8c03ab440aa63da365761b9a01,https://sketchfab.com/3d-models/88889b8c03ab440aa63da365761b9a01,glbs/000-102/88889b8c03ab440aa63da365761b9a01.glb,000-102,3f2bc12864c4c95d56349d319f00c429379760809968008a957cad7cf5942913,screen
59,e99add7dd86e43498b4b810b649737ce,by,by,My Sculpture,Josh Weber,weberjr76,https://api.sketchfab.com/v3/models/e99add7dd86e43498b4b810b649737ce,https://sketchfab.com/3d-models/e99add7dd86e43498b4b810b649737ce,glbs/000-034/e99add7dd86e43498b4b810b649737ce.glb,000-034,1abf2f65357b72efe7f8c5430d54dfea572a60a73773d7ce3a3d6b8b26c04b33,screen
60,3420db250a58473883d9600f7be66fb0,by,by,The Demon Blade,Oliver,OliverGames,https://api.sketchfab.com/v3/models/3420db250a58473883d9600f7be66fb0,https://sketchfab.com/3d-models/3420db250a58473883d9600f7be66fb0,glbs/000-070/3420db250a58473883d9600f7be66fb0.glb,000-070,4d3712651b26d85189a849345622ccbb9bb2821210f47f8255945b95b7116f14,screen
61,96fc77c0c7bc4f7e84a216a1f77660d6,by,by,delme,angelo raffaele catalano,angeloraffaelecatalano,https://api.sketchfab.com/v3/models/96fc77c0c7bc4f7e84a216a1f77660d6,https://sketchfab.com/3d-models/96fc77c0c7bc4f7e84a216a1f77660d6,glbs/000-024/96fc77c0c7bc4f7e84a216a1f77660d6.glb,000-024,f7a12395bc396b8e8fb0162f0fe60ee43b42b7cfb3a215bde9866074ae41a566,screen
62,e55cc3f7d6a546da98ff8a1a5add70af,by,by,Ham_mer,Baby..,Baby24,https://api.sketchfab.com/v3/models/e55cc3f7d6a546da98ff8a1a5add70af,https://sketchfab.com/3d-models/e55cc3f7d6a546da98ff8a1a5add70af,glbs/000-150/e55cc3f7d6a546da98ff8a1a5add70af.glb,000-150,e586b545bcf481a0a605d5e756dab492e223beb3465bb59248dd48153f9526d6,screen
63,a6f9850aed4b4c38b24996c9c44e358f,by,by,Home Desk,Khairidin,khairidinborisovich,https://api.sketchfab.com/v3/models/a6f9850aed4b4c38b24996c9c44e358f,https://sketchfab.com/3d-models/a6f9850aed4b4c38b24996c9c44e358f,glbs/000-003/a6f9850aed4b4c38b24996c9c44e358f.glb,000-003,a81c8aea7da13ffb156cfe2bea5d3b24f6c71454b1aa0f10c14e439978f91a4e,screen
64,bbd60c6a76754d668c98f08c9ddf6bb9,by,by,A,cynthia7,cynthia7,https://api.sketchfab.com/v3/models/bbd60c6a76754d668c98f08c9ddf6bb9,https://sketchfab.com/3d-models/bbd60c6a76754d668c98f08c9ddf6bb9,glbs/000-113/bbd60c6a76754d668c98f08c9ddf6bb9.glb,000-113,8ad62ed53003012fc99c1fb7833b29fd9555c6aef3025d21a39d7f0184bf00d2,screen
65,752954ca57af4f3e89c890dda630aa6d,by,by,"Steel Back Chairs, Antique Blue",allenbranch,allenbranch,https://api.sketchfab.com/v3/models/752954ca57af4f3e89c890dda630aa6d,https://sketchfab.com/3d-models/752954ca57af4f3e89c890dda630aa6d,glbs/000-007/752954ca57af4f3e89c890dda630aa6d.glb,000-007,5309e4d0ca7047efdfdfad8ba68b3e210470a84b17e4c4fa5d1fc125fc6f4c84,screen
66,2da449dda34f4e3783e62509bf977061,by,by,Tugboat,pdbrozos,pdbrozos,https://api.sketchfab.com/v3/models/2da449dda34f4e3783e62509bf977061,https://sketchfab.com/3d-models/2da449dda34f4e3783e62509bf977061,glbs/000-023/2da449dda34f4e3783e62509bf977061.glb,000-023,91721b846a533e23737d2bd2c0a476abf68fde7a9d997589569b9b4bf4f1e5c1,screen
67,8eca82ef0b7a46e4854fdc185db48476,by,by,62CM BASKET RETAIL STAND,estella-metalmanufacturers,stephanieroots,https://api.sketchfab.com/v3/models/8eca82ef0b7a46e4854fdc185db48476,https://sketchfab.com/3d-models/8eca82ef0b7a46e4854fdc185db48476,glbs/000-009/8eca82ef0b7a46e4854fdc185db48476.glb,000-009,cee62d98212f33da2f5c3f299c5d0784609d1c3861f39d396348df54d17dda1c,screen
68,d0e116a62bfc4cdd9edf60671073b306,by,by,Boat Low Poly Game Ready,INinja,aleksandarpopovic2,https://api.sketchfab.com/v3/models/d0e116a62bfc4cdd9edf60671073b306,https://sketchfab.com/3d-models/d0e116a62bfc4cdd9edf60671073b306,glbs/000-008/d0e116a62bfc4cdd9edf60671073b306.glb,000-008,d02734b9318322d248c366193e25187897dfb94091e3034c86c5b43a4d641764,screen
69,5935e858e74c4fb5bc1f2c67734eaf4f,by,by,PaviFLEX | FITNESS PRO Marble Pearl,PaviFLEX,PaviFLEX,https://api.sketchfab.com/v3/models/5935e858e74c4fb5bc1f2c67734eaf4f,https://sketchfab.com/3d-models/5935e858e74c4fb5bc1f2c67734eaf4f,glbs/000-140/5935e858e74c4fb5bc1f2c67734eaf4f.glb,000-140,37cd6ac2c0429b109479c5c5d5807f2c6fde4028d456e4cd3415e02741b4072a,screen
70,54f10d3261674a96895f7d37137a39e0,by,by,Asakusa_kaminarimon,h26m11d15,h26m11d15,https://api.sketchfab.com/v3/models/54f10d3261674a96895f7d37137a39e0,https://sketchfab.com/3d-models/54f10d3261674a96895f7d37137a39e0,glbs/000-097/54f10d3261674a96895f7d37137a39e0.glb,000-097,f962516e9bf6ce467328c238087b4767092f5d30763bfe5309ee3d32df9b24dd,screen
71,260e20eadf44489f960896581829a69f,by,by,Untitled Scan,20080217,20080217,https://api.sketchfab.com/v3/models/260e20eadf44489f960896581829a69f,https://sketchfab.com/3d-models/260e20eadf44489f960896581829a69f,glbs/000-087/260e20eadf44489f960896581829a69f.glb,000-087,5809ab619c710a57d4de017b30c90b3108f62e45503b567efc03105c657b26f9,screen
72,b728c2d63a9c468b8b841379e29adf87,by,by,Projeto Hidrossanitário Fabrício Casa 02,Matheus.Barbosa0,Matheus.Barbosa0,https://api.sketchfab.com/v3/models/b728c2d63a9c468b8b841379e29adf87,https://sketchfab.com/3d-models/b728c2d63a9c468b8b841379e29adf87,glbs/000-104/b728c2d63a9c468b8b841379e29adf87.glb,000-104,c4d1e66e9f7290d606d5c42298cdeb777da84dc2625c91cd3cd5dd985e9b12cf,screen
73,aff49c9459b9457f806724a46feabcd7,by,by,building this eye,suzmas,suzmas,https://api.sketchfab.com/v3/models/aff49c9459b9457f806724a46feabcd7,https://sketchfab.com/3d-models/aff49c9459b9457f806724a46feabcd7,glbs/000-052/aff49c9459b9457f806724a46feabcd7.glb,000-052,61fc47088963a0f51e1322bcf6cbceda534bea4be5af9e98f64b90d49179b82a,screen
74,920592d646d2481b9aa4c34f8e3b1844,by,by,作業六 A108082039 范格綸,meowpass,meowpass,https://api.sketchfab.com/v3/models/920592d646d2481b9aa4c34f8e3b1844,https://sketchfab.com/3d-models/920592d646d2481b9aa4c34f8e3b1844,glbs/000-043/920592d646d2481b9aa4c34f8e3b1844.glb,000-043,752b681222db8fc4e8f8fc9d12c99bcfe776f87a7cca2d893a2513a53181f20c,screen
75,913b9ed85e954cd7a5a1b8684e7f2e44,by,by,bender,Soy3D,oibafsagenev,https://api.sketchfab.com/v3/models/913b9ed85e954cd7a5a1b8684e7f2e44,https://sketchfab.com/3d-models/913b9ed85e954cd7a5a1b8684e7f2e44,glbs/000-076/913b9ed85e954cd7a5a1b8684e7f2e44.glb,000-076,075a758cea81f522e1d5a1e031a7d8dab0eeefd96889629d8d16d2b1bc97e5cd,screen
76,24d59833b5ca40f5b703a54d2b740006,by,by,Reaper,BlackCube,blackcube4,https://api.sketchfab.com/v3/models/24d59833b5ca40f5b703a54d2b740006,https://sketchfab.com/3d-models/24d59833b5ca40f5b703a54d2b740006,glbs/000-106/24d59833b5ca40f5b703a54d2b740006.glb,000-106,791eefe3cb82c9258dbdc2da890bae1155490a176e7a30914e2bdd7a5207ee16,screen
77,a9ccc4aacabf45bc86bc9e892d0a11a8,by,by,Landmine,benhickling1,benhickling1,https://api.sketchfab.com/v3/models/a9ccc4aacabf45bc86bc9e892d0a11a8,https://sketchfab.com/3d-models/a9ccc4aacabf45bc86bc9e892d0a11a8,glbs/000-079/a9ccc4aacabf45bc86bc9e892d0a11a8.glb,000-079,b9f212d7e834d7c5f9fb08eea32e81c9820896fcabeb85d080926de64fa171d8,screen
78,5262d86055304115a815ed887534241c,by,by,150291 Polaris,Hovi-portaat,kari.laitinen,https://api.sketchfab.com/v3/models/5262d86055304115a815ed887534241c,https://sketchfab.com/3d-models/5262d86055304115a815ed887534241c,glbs/000-096/5262d86055304115a815ed887534241c.glb,000-096,3a1558f94d8b3653478065a94bebef63c01168cca91a3c16a95fbca29c9727f1,screen
79,8d52870caafd415e90a3552cbc09016d,by,by,Solpanel Animation,Arvin_Hulten,Arvin_Hulten,https://api.sketchfab.com/v3/models/8d52870caafd415e90a3552cbc09016d,https://sketchfab.com/3d-models/8d52870caafd415e90a3552cbc09016d,glbs/000-080/8d52870caafd415e90a3552cbc09016d.glb,000-080,b5c81dfa5a360aeac5e330c7754c18607e3b32b96182f7369d60c737245e9152,screen
80,ec32f6371cc745f4891e72b67df3bd13,by,by,Unbenannt-1,gutterfunk,gutterfunk,https://api.sketchfab.com/v3/models/ec32f6371cc745f4891e72b67df3bd13,https://sketchfab.com/3d-models/ec32f6371cc745f4891e72b67df3bd13,glbs/000-025/ec32f6371cc745f4891e72b67df3bd13.glb,000-025,b5c0cbefa5a9e7376d87cf2ec830940e5ec589a803a0509b5c94fa0e4f5df729,screen
81,c0703dea2589491bbb6e3c9e752ae3d7,by,by,Yume's Magic Scythe,Pazinho5,Pazinho5,https://api.sketchfab.com/v3/models/c0703dea2589491bbb6e3c9e752ae3d7,https://sketchfab.com/3d-models/c0703dea2589491bbb6e3c9e752ae3d7,glbs/000-110/c0703dea2589491bbb6e3c9e752ae3d7.glb,000-110,d93aee8e0316a794dae1aeff7acd2c1cb84cecd2c12862c6fa782f6b96dc9b19,screen
82,2d8da64ae6734d0ca08eba1a011a03f3,by,by,Manometer,3DDomino,3DDomino,https://api.sketchfab.com/v3/models/2d8da64ae6734d0ca08eba1a011a03f3,https://sketchfab.com/3d-models/2d8da64ae6734d0ca08eba1a011a03f3,glbs/000-129/2d8da64ae6734d0ca08eba1a011a03f3.glb,000-129,ed86d23a1dc80b2df5735de4ebf0ca19181663fab1746269f1b1a8bf803f034b,screen
83,de4b5c487f0840b7a3f127d4c0e05e68,by,by,3d Printing Omni Wheel 1,igauravwadhwa,igauravwadhwa,https://api.sketchfab.com/v3/models/de4b5c487f0840b7a3f127d4c0e05e68,https://sketchfab.com/3d-models/de4b5c487f0840b7a3f127d4c0e05e68,glbs/000-015/de4b5c487f0840b7a3f127d4c0e05e68.glb,000-015,60ff99f4196cb0d1346f427479f23c5264893e81674fae1f15231f8e50d449ac,screen
84,9a6680882bae4e84b0d190c4931edd30,by,by,Devair,rafael3destrutura,rafael3destrutura,https://api.sketchfab.com/v3/models/9a6680882bae4e84b0d190c4931edd30,https://sketchfab.com/3d-models/9a6680882bae4e84b0d190c4931edd30,glbs/000-110/9a6680882bae4e84b0d190c4931edd30.glb,000-110,d93aee8e0316a794dae1aeff7acd2c1cb84cecd2c12862c6fa782f6b96dc9b19,screen
85,2dd9bc8172c6461797947cc7214db399,cc0,cc0,Baptisimal Font - Aughrim,galway3d,galway3d,https://api.sketchfab.com/v3/models/2dd9bc8172c6461797947cc7214db399,https://sketchfab.com/3d-models/2dd9bc8172c6461797947cc7214db399,glbs/000-110/2dd9bc8172c6461797947cc7214db399.glb,000-110,d93aee8e0316a794dae1aeff7acd2c1cb84cecd2c12862c6fa782f6b96dc9b19,screen
86,d98266b1eddd453898c5ec4495a91e53,by,by,Basic Chest,muhuk,muhuk,https://api.sketchfab.com/v3/models/d98266b1eddd453898c5ec4495a91e53,https://sketchfab.com/3d-models/d98266b1eddd453898c5ec4495a91e53,glbs/000-140/d98266b1eddd453898c5ec4495a91e53.glb,000-140,37cd6ac2c0429b109479c5c5d5807f2c6fde4028d456e4cd3415e02741b4072a,screen
87,2efdab1dd7854cff9dbffa1791bbdaa8,by,by,INTENTO DE TRAPO I,julietaeileen12,julietaeileen12,https://api.sketchfab.com/v3/models/2efdab1dd7854cff9dbffa1791bbdaa8,https://sketchfab.com/3d-models/2efdab1dd7854cff9dbffa1791bbdaa8,glbs/000-025/2efdab1dd7854cff9dbffa1791bbdaa8.glb,000-025,b5c0cbefa5a9e7376d87cf2ec830940e5ec589a803a0509b5c94fa0e4f5df729,screen
88,213f1ed9e6944ce2b0bd7f8aa1265abf,by,by,Crystal Bow,physicsvaib,physicsvaib,https://api.sketchfab.com/v3/models/213f1ed9e6944ce2b0bd7f8aa1265abf,https://sketchfab.com/3d-models/213f1ed9e6944ce2b0bd7f8aa1265abf,glbs/000-134/213f1ed9e6944ce2b0bd7f8aa1265abf.glb,000-134,c437a3da74de49a7393d03a5dcdcbec1f4ae0da1f2152793f2b1ccaf6a5bd652,screen
89,f0934bc2c4a74bcab54edafc836f6da2,by,by,Escalier,BTP4D,lionelcadorin,https://api.sketchfab.com/v3/models/f0934bc2c4a74bcab54edafc836f6da2,https://sketchfab.com/3d-models/f0934bc2c4a74bcab54edafc836f6da2,glbs/000-059/f0934bc2c4a74bcab54edafc836f6da2.glb,000-059,1e1c51cd6596a46e6cee7dfe9928b58ca64e951f4c56c9c29fb2fa216ccb7264,screen
90,3661f48408244f45b656921908b5fae6,by,by,Zenda 3D Head,gurami.mamaladze,gurami.mamaladze,https://api.sketchfab.com/v3/models/3661f48408244f45b656921908b5fae6,https://sketchfab.com/3d-models/3661f48408244f45b656921908b5fae6,glbs/000-108/3661f48408244f45b656921908b5fae6.glb,000-108,279c216902aa2d886c281455309931522668576c7ea55826e406e4832cc0e1d4,screen
91,40dba3204617452da16c3d336dfba2cf,by,by,2429760,Archaeological 3D virtual museum,archaeo3d,https://api.sketchfab.com/v3/models/40dba3204617452da16c3d336dfba2cf,https://sketchfab.com/3d-models/40dba3204617452da16c3d336dfba2cf,glbs/000-003/40dba3204617452da16c3d336dfba2cf.glb,000-003,a81c8aea7da13ffb156cfe2bea5d3b24f6c71454b1aa0f10c14e439978f91a4e,screen
92,34f48f9827924d409b56dc052017cb11,by,by,Foxy,funtimfoxy9g,funtimfoxy9g,https://api.sketchfab.com/v3/models/34f48f9827924d409b56dc052017cb11,https://sketchfab.com/3d-models/34f48f9827924d409b56dc052017cb11,glbs/000-029/34f48f9827924d409b56dc052017cb11.glb,000-029,c64b5971a3d46e4436280d41abe19bbb6d9acf8cdd893f99fcb0b0a1572edc88,screen
93,7122310d061344f9978eebf294bc4ccf,by,by,16641- Attic,Griggs Timber Company,JGriggs,https://api.sketchfab.com/v3/models/7122310d061344f9978eebf294bc4ccf,https://sketchfab.com/3d-models/7122310d061344f9978eebf294bc4ccf,glbs/000-045/7122310d061344f9978eebf294bc4ccf.glb,000-045,ba2ad269d30571356fc8ebcd4fb8c2b3a995c8812a37de3a4f6e23d10478663a,screen
94,e599454d48a3496ca386699631562e06,by,by,Untitled Scan,subenmen,subenmen,https://api.sketchfab.com/v3/models/e599454d48a3496ca386699631562e06,https://sketchfab.com/3d-models/e599454d48a3496ca386699631562e06,glbs/000-019/e599454d48a3496ca386699631562e06.glb,000-019,e810d299af9e54d05161106fa27aa1d86006174d3e09d3cd52ea453732a694ae,screen
95,5c0dcbb8e7f74b33aaaf0f4a60d89cf8,by,by,Gamblin' Boogie Man,Rawrcakes,Rawrcakes,https://api.sketchfab.com/v3/models/5c0dcbb8e7f74b33aaaf0f4a60d89cf8,https://sketchfab.com/3d-models/5c0dcbb8e7f74b33aaaf0f4a60d89cf8,glbs/000-141/5c0dcbb8e7f74b33aaaf0f4a60d89cf8.glb,000-141,1fda906da222df7d1ca4b50628d7974e470401fc0a54eeac2c5770f5360c3e92,screen
96,d32739bc3da64c92bd654a7b6dca9180,by,by,withered bonnie fnaf-2,popcornw4918,popcornw4918,https://api.sketchfab.com/v3/models/d32739bc3da64c92bd654a7b6dca9180,https://sketchfab.com/3d-models/d32739bc3da64c92bd654a7b6dca9180,glbs/000-096/d32739bc3da64c92bd654a7b6dca9180.glb,000-096,3a1558f94d8b3653478065a94bebef63c01168cca91a3c16a95fbca29c9727f1,screen
97,9d4a0925e6b24eb4b39b8d12d9738dcc,by,by,086407,ForfarRoofTruss,ForfarRoofTruss,https://api.sketchfab.com/v3/models/9d4a0925e6b24eb4b39b8d12d9738dcc,https://sketchfab.com/3d-models/9d4a0925e6b24eb4b39b8d12d9738dcc,glbs/000-119/9d4a0925e6b24eb4b39b8d12d9738dcc.glb,000-119,3e79c2c191db1e2f84b488d5b0bf78a6346a9e7995b071ba7aaa356ab9801022,screen
98,77df73ceaed44cfd9652f10cb811fd97,by,by,Retro Style Animation With A DeLeroean,usmxnn8,usmxnn8,https://api.sketchfab.com/v3/models/77df73ceaed44cfd9652f10cb811fd97,https://sketchfab.com/3d-models/77df73ceaed44cfd9652f10cb811fd97,glbs/000-083/77df73ceaed44cfd9652f10cb811fd97.glb,000-083,a316f61532b32fb8c4ffb50e643641f972e8891f8e40c3256f237f6992339a7e,screen
99,7febb4243b0c4c4a87860675fcfcb6b5,by,by,Water Park,3d.xyz,webuild,https://api.sketchfab.com/v3/models/7febb4243b0c4c4a87860675fcfcb6b5,https://sketchfab.com/3d-models/7febb4243b0c4c4a87860675fcfcb6b5,glbs/000-036/7febb4243b0c4c4a87860675fcfcb6b5.glb,000-036,ac3e2c099e7f645606cfd97a99c589cf36eccaa54037cf822d86559ed7ab0957,screen
100,d273961c77b74e4291e1f6c9f3776a65,by,by,Low Poly Log,mankindforward,mankindforward,https://api.sketchfab.com/v3/models/d273961c77b74e4291e1f6c9f3776a65,https://sketchfab.com/3d-models/d273961c77b74e4291e1f6c9f3776a65,glbs/000-045/d273961c77b74e4291e1f6c9f3776a65.glb,000-045,ba2ad269d30571356fc8ebcd4fb8c2b3a995c8812a37de3a4f6e23d10478663a,screen
101,014435ff918c46cabd4e4864f8af0162,by,by,180886E,davidb-ate,davidb-ate,https://api.sketchfab.com/v3/models/014435ff918c46cabd4e4864f8af0162,https://sketchfab.com/3d-models/014435ff918c46cabd4e4864f8af0162,glbs/000-021/014435ff918c46cabd4e4864f8af0162.glb,000-021,c10972c26e7ba827cf0e941dec6337342d458f269bf2a65c345d5241388a4ec0,screen
102,ed19256bd86e4ab595e654b3bcbbb995,by,by,10,uchihazhou,uchihazhou,https://api.sketchfab.com/v3/models/ed19256bd86e4ab595e654b3bcbbb995,https://sketchfab.com/3d-models/ed19256bd86e4ab595e654b3bcbbb995,glbs/000-103/ed19256bd86e4ab595e654b3bcbbb995.glb,000-103,66f5da91408cf2e854995110dc2e3014e8387c805f0070c683ebb964143447c2,screen
103,7ded3fb347d34744a7efd41845960fac,by,by,09-17-2020 Composite Object Assembly,ttran17,ttran17,https://api.sketchfab.com/v3/models/7ded3fb347d34744a7efd41845960fac,https://sketchfab.com/3d-models/7ded3fb347d34744a7efd41845960fac,glbs/000-027/7ded3fb347d34744a7efd41845960fac.glb,000-027,725ac07b8156ba07fa814ae954e7dfbf30e8a19bdf77ae34ffb4a759c42f0023,screen
104,2d87275a7aec4470a5cdb4e9887c5cba,by,by,Homework1,alesik,alesik,https://api.sketchfab.com/v3/models/2d87275a7aec4470a5cdb4e9887c5cba,https://sketchfab.com/3d-models/2d87275a7aec4470a5cdb4e9887c5cba,glbs/000-084/2d87275a7aec4470a5cdb4e9887c5cba.glb,000-084,3884cd5b74379023235e38c2f4d18edfa1deaa41161f585fd27bf0d130d1d819,screen
105,0089b6661167418693ceb583facb3375,by,by,04 Sablya,alexey.uzikov,alexey.uzikov,https://api.sketchfab.com/v3/models/0089b6661167418693ceb583facb3375,https://sketchfab.com/3d-models/0089b6661167418693ceb583facb3375,glbs/000-122/0089b6661167418693ceb583facb3375.glb,000-122,357a75a2195242ab583a60fc9f94142eceb75417907dc407ba28955199f2ec00,screen
106,8ce084daf1434e26bc0fcd3c9d9496d4,by,by,5fastdraft_with_cylinder,Wolfpredator,VovaGorchakov,https://api.sketchfab.com/v3/models/8ce084daf1434e26bc0fcd3c9d9496d4,https://sketchfab.com/3d-models/8ce084daf1434e26bc0fcd3c9d9496d4,glbs/000-108/8ce084daf1434e26bc0fcd3c9d9496d4.glb,000-108,279c216902aa2d886c281455309931522668576c7ea55826e406e4832cc0e1d4,screen
107,169fe22d274440eb9441b00ad5236688,by,by,Photogrammatried pumpkin on surface,GilbertoA,GilbertoA,https://api.sketchfab.com/v3/models/169fe22d274440eb9441b00ad5236688,https://sketchfab.com/3d-models/169fe22d274440eb9441b00ad5236688,glbs/000-081/169fe22d274440eb9441b00ad5236688.glb,000-081,204677ec2b9b8600e77caacd4452e6286e19d03c04d18b2e85e207201d7e1662,screen
108,df73ec77b4a9482fa873d8d3d086bf42,by,by,Fantasy F1 Car,WhyYou,WhyYou,https://api.sketchfab.com/v3/models/df73ec77b4a9482fa873d8d3d086bf42,https://sketchfab.com/3d-models/df73ec77b4a9482fa873d8d3d086bf42,glbs/000-101/df73ec77b4a9482fa873d8d3d086bf42.glb,000-101,c2741e72e6d77895148d037ccba1badaa2daef51a9278363586c84c048392901,screen
109,8f3527bdb6944515a8c60aa0a61c8b17,by,by,Coffetable sculpture,kronpano,kronpano,https://api.sketchfab.com/v3/models/8f3527bdb6944515a8c60aa0a61c8b17,https://sketchfab.com/3d-models/8f3527bdb6944515a8c60aa0a61c8b17,glbs/000-132/8f3527bdb6944515a8c60aa0a61c8b17.glb,000-132,688aceaebedf57e9bb98c960981333ea4069fe97c3e6083005ffcc72ec4eb98f,screen
110,52f4147c98ba462980bc5104905ce6ad,by,by,Apple,merianabills,merianabills,https://api.sketchfab.com/v3/models/52f4147c98ba462980bc5104905ce6ad,https://sketchfab.com/3d-models/52f4147c98ba462980bc5104905ce6ad,glbs/000-002/52f4147c98ba462980bc5104905ce6ad.glb,000-002,960454d09f0ba9ea6d46a4016bf5bacb9e2f01713e305718266c019943c38abc,screen
111,efafe0bc16c547dbb81f0d9c77447e0e,by,by,HJ21396,jurajcierny,jurajcierny,https://api.sketchfab.com/v3/models/efafe0bc16c547dbb81f0d9c77447e0e,https://sketchfab.com/3d-models/efafe0bc16c547dbb81f0d9c77447e0e,glbs/000-148/efafe0bc16c547dbb81f0d9c77447e0e.glb,000-148,550a717ab88d4a6210e3914e7dd89c4b435815a7e877cc40c58d356323f9278a,screen
112,fa5c4b02c5b24ac09d7dd8bcf8c35142,by,by,Guira Tanager - Hemithraupis guira,MooreLab,MooreLab,https://api.sketchfab.com/v3/models/fa5c4b02c5b24ac09d7dd8bcf8c35142,https://sketchfab.com/3d-models/fa5c4b02c5b24ac09d7dd8bcf8c35142,glbs/000-093/fa5c4b02c5b24ac09d7dd8bcf8c35142.glb,000-093,842241450c360911f49dee119b22593233336622715c78aa35efe41e6c7918de,screen
113,ee5464d4babd4be9a1c9170988619a3f,by,by,Leather Jacket,Jacob Mougharbel,jacobmougharbel,https://api.sketchfab.com/v3/models/ee5464d4babd4be9a1c9170988619a3f,https://sketchfab.com/3d-models/ee5464d4babd4be9a1c9170988619a3f,glbs/000-135/ee5464d4babd4be9a1c9170988619a3f.glb,000-135,4600a2aa558855cfaf6431a70974570f4f3fce1f0b0a524c238d572ef584b27d,screen
114,6f22524b43a8490aa6ab6dc76e103b37,by,by,Cute Alien,jiayingc,jiayingc,https://api.sketchfab.com/v3/models/6f22524b43a8490aa6ab6dc76e103b37,https://sketchfab.com/3d-models/6f22524b43a8490aa6ab6dc76e103b37,glbs/000-136/6f22524b43a8490aa6ab6dc76e103b37.glb,000-136,3d1d0d0a9cd4db3ec97186011f55c990d9167de0b50d8212dbfc09bbcf4408a3,screen
115,3b4d51128238447ea0339aca6f399781,by,by,C_tentaculata_Final,Aurelien.Lowie,Aurelien.Lowie,https://api.sketchfab.com/v3/models/3b4d51128238447ea0339aca6f399781,https://sketchfab.com/3d-models/3b4d51128238447ea0339aca6f399781,glbs/000-137/3b4d51128238447ea0339aca6f399781.glb,000-137,fbebd3d2a2e196b0af14c9a39987672939f7cffadf66cd237612b1b9f93fb5a5,screen
116,cac16986a67041a38f4b053c50fe41a4,by,by,Deku Sprout,Elyse Darby,elysed,https://api.sketchfab.com/v3/models/cac16986a67041a38f4b053c50fe41a4,https://sketchfab.com/3d-models/cac16986a67041a38f4b053c50fe41a4,glbs/000-002/cac16986a67041a38f4b053c50fe41a4.glb,000-002,960454d09f0ba9ea6d46a4016bf5bacb9e2f01713e305718266c019943c38abc,screen
117,d029ab5370c54d16881aaf809c47f866,by,by,UCAM VR Arena,UCAM University,ucam,https://api.sketchfab.com/v3/models/d029ab5370c54d16881aaf809c47f866,https://sketchfab.com/3d-models/d029ab5370c54d16881aaf809c47f866,glbs/000-088/d029ab5370c54d16881aaf809c47f866.glb,000-088,ba9d9532e774f93e1b4edd5f942bc2e4cc4c20a0f27db2762eda60804d1f85ab,screen
118,369d2748f78147b9b9d2723fc051f49d,by,by,Screwdriver,Timur.Bik,timuryaga35,https://api.sketchfab.com/v3/models/369d2748f78147b9b9d2723fc051f49d,https://sketchfab.com/3d-models/369d2748f78147b9b9d2723fc051f49d,glbs/000-106/369d2748f78147b9b9d2723fc051f49d.glb,000-106,791eefe3cb82c9258dbdc2da890bae1155490a176e7a30914e2bdd7a5207ee16,screen
119,0653fd929bb8403c9b386b5930534eb2,by,by,Zgierz - Szopa,Projekty3D,Projekty3D,https://api.sketchfab.com/v3/models/0653fd929bb8403c9b386b5930534eb2,https://sketchfab.com/3d-models/0653fd929bb8403c9b386b5930534eb2,glbs/000-064/0653fd929bb8403c9b386b5930534eb2.glb,000-064,e666ecf77b50b116d3b96149872a8b86fc2d75218d23983a01968ce37395e83d,screen
120,e261c0fe85af46388260e2359a9bfc92,by-sa,by-sa,Happy pillow,acostamelvin05,acostamelvin05,https://api.sketchfab.com/v3/models/e261c0fe85af46388260e2359a9bfc92,https://sketchfab.com/3d-models/e261c0fe85af46388260e2359a9bfc92,glbs/000-137/e261c0fe85af46388260e2359a9bfc92.glb,000-137,fbebd3d2a2e196b0af14c9a39987672939f7cffadf66cd237612b1b9f93fb5a5,screen
121,068ac3dfc34a464c89a5c467eb951969,by,by,Specimen 103,jason.loxton,jason.loxton,https://api.sketchfab.com/v3/models/068ac3dfc34a464c89a5c467eb951969,https://sketchfab.com/3d-models/068ac3dfc34a464c89a5c467eb951969,glbs/000-109/068ac3dfc34a464c89a5c467eb951969.glb,000-109,a52701c271a307fdd3899177f25322229bff6cf2f1281a1d4f35b875385bf7e3,screen
122,8b0e502085994c67ba188fdcb01dcea4,by,by,KATSU Kidset,katsu_stones,katsu_stones,https://api.sketchfab.com/v3/models/8b0e502085994c67ba188fdcb01dcea4,https://sketchfab.com/3d-models/8b0e502085994c67ba188fdcb01dcea4,glbs/000-133/8b0e502085994c67ba188fdcb01dcea4.glb,000-133,a8f3a915a07672d6cdc11aeec315a2f7360c7872d2dc850e5e07a5cae753c703,screen
123,6a908d50bd5b4912b3f19050e7cd7e03,by,by,Millie 'Winks' Vasco,moth,nettle_em,https://api.sketchfab.com/v3/models/6a908d50bd5b4912b3f19050e7cd7e03,https://sketchfab.com/3d-models/6a908d50bd5b4912b3f19050e7cd7e03,glbs/000-063/6a908d50bd5b4912b3f19050e7cd7e03.glb,000-063,55255e4fba3f6e7cfd5c331f0bc2a151491994a26acb9cd474de14ced1530102,screen
124,2fe417ae929f45d790093c1676306578,by,by,"Fri, 19 Apr 2019 18:38:11",newfields-3dprinting,newfields-3dprinting,https://api.sketchfab.com/v3/models/2fe417ae929f45d790093c1676306578,https://sketchfab.com/3d-models/2fe417ae929f45d790093c1676306578,glbs/000-102/2fe417ae929f45d790093c1676306578.glb,000-102,3f2bc12864c4c95d56349d319f00c429379760809968008a957cad7cf5942913,screen
125,9d56c38bed934e6a907d6db1052e95be,by,by,Assignment 1 Sculpture,iankahlil,iankahlil,https://api.sketchfab.com/v3/models/9d56c38bed934e6a907d6db1052e95be,https://sketchfab.com/3d-models/9d56c38bed934e6a907d6db1052e95be,glbs/000-111/9d56c38bed934e6a907d6db1052e95be.glb,000-111,ff1a44b4a57b41aef99991b15fc92b5184bea783ca4ac871451159ae85fae3d8,screen
126,f0fde4789dd644f1b76b12f3a033fdb3,by,by,Just Vines,WubbaZorg,WubbaZorg,https://api.sketchfab.com/v3/models/f0fde4789dd644f1b76b12f3a033fdb3,https://sketchfab.com/3d-models/f0fde4789dd644f1b76b12f3a033fdb3,glbs/000-109/f0fde4789dd644f1b76b12f3a033fdb3.glb,000-109,a52701c271a307fdd3899177f25322229bff6cf2f1281a1d4f35b875385bf7e3,screen
127,62b58e6bf5a74508b7acdc8b7f676f4b,by,by,Truemmerfrau,VIMUNE,vimune,https://api.sketchfab.com/v3/models/62b58e6bf5a74508b7acdc8b7f676f4b,https://sketchfab.com/3d-models/62b58e6bf5a74508b7acdc8b7f676f4b,glbs/000-090/62b58e6bf5a74508b7acdc8b7f676f4b.glb,000-090,44acea88cfa57cb0bcec7e074a5dbcfc52e2c53887927432de7d0051ece7957a,screen
128,fc4e4df74cd04220b1e537cb45c6fcdb,by,by,girl8,dino128,dino128,https://api.sketchfab.com/v3/models/fc4e4df74cd04220b1e537cb45c6fcdb,https://sketchfab.com/3d-models/fc4e4df74cd04220b1e537cb45c6fcdb,glbs/000-126/fc4e4df74cd04220b1e537cb45c6fcdb.glb,000-126,f635041d28886470816033610b75d09424e4e9dd5b316ce7ce01da10f8f0b42b,screen
129,4ba7a33962534f079c555fc2902a8e48,by,by,Colmena,olgallanos,olgallanos,https://api.sketchfab.com/v3/models/4ba7a33962534f079c555fc2902a8e48,https://sketchfab.com/3d-models/4ba7a33962534f079c555fc2902a8e48,glbs/000-026/4ba7a33962534f079c555fc2902a8e48.glb,000-026,fe156a2eed7c14eaf06d6af3c8bd0a8e869aa66fa10728fa986c499d80611527,screen
130,e52aec7a98474b7bbb760e9a782089ca,by,by,Mega Quiosque,toledoebertolani,toledoebertolani,https://api.sketchfab.com/v3/models/e52aec7a98474b7bbb760e9a782089ca,https://sketchfab.com/3d-models/e52aec7a98474b7bbb760e9a782089ca,glbs/000-120/e52aec7a98474b7bbb760e9a782089ca.glb,000-120,28c857706bc91bcad0941e8b3fb8077f484354c2e7f3e3be35eaebb922bec494,screen
131,966a6f0f15ac42de9e7a10b7376c88f9,by,by,Patel_Ishq_pate1094_Wk6_UnitBlock,Ssencipe,Ssencipe,https://api.sketchfab.com/v3/models/966a6f0f15ac42de9e7a10b7376c88f9,https://sketchfab.com/3d-models/966a6f0f15ac42de9e7a10b7376c88f9,glbs/000-139/966a6f0f15ac42de9e7a10b7376c88f9.glb,000-139,55e1d193e69fe81c540cf6097ec751cffc2ca4db9e1809cd5cf1de534ca6c34f,screen
132,bda331182d2f4f8da438b8102d84f524,by,by,Herbarium Model-8new,reborn82,atiruj.mik,https://api.sketchfab.com/v3/models/bda331182d2f4f8da438b8102d84f524,https://sketchfab.com/3d-models/bda331182d2f4f8da438b8102d84f524,glbs/000-082/bda331182d2f4f8da438b8102d84f524.glb,000-082,88ad3639db469dd65927897b611d91348a753750a1f0b50907375904beefbc91,screen
133,b22d7e22a8554413b0d90c2cd25247ff,by,by,FNAF - Security Breach - Balloon World,ScrinnodStudios,scrinnodstudios,https://api.sketchfab.com/v3/models/b22d7e22a8554413b0d90c2cd25247ff,https://sketchfab.com/3d-models/b22d7e22a8554413b0d90c2cd25247ff,glbs/000-070/b22d7e22a8554413b0d90c2cd25247ff.glb,000-070,4d3712651b26d85189a849345622ccbb9bb2821210f47f8255945b95b7116f14,screen
134,960dfd5b848248c58c7992fee9a08d25,by,by,A6 - 100585118,kinganso,kinganso,https://api.sketchfab.com/v3/models/960dfd5b848248c58c7992fee9a08d25,https://sketchfab.com/3d-models/960dfd5b848248c58c7992fee9a08d25,glbs/000-041/960dfd5b848248c58c7992fee9a08d25.glb,000-041,6f460a2aa5c92d9d78843ffe9029d9c00d649a47e2f814067199033d6f3d33ba,screen
135,1d1bcb173c28475ba351eb604c7135dc,by,by,Sphere,memehead,memehead,https://api.sketchfab.com/v3/models/1d1bcb173c28475ba351eb604c7135dc,https://sketchfab.com/3d-models/1d1bcb173c28475ba351eb604c7135dc,glbs/000-061/1d1bcb173c28475ba351eb604c7135dc.glb,000-061,513a702b8cb40fc10c2cd2edcd33d3a111a52eb4bc9d4a0008ec8d26b87eaaa1,screen
136,f58f8adf7f5842579596d15fbb3c3dfa,by,by,Stylized Chest - KNB212 - 1A,Fred Hudson,ThePurpleMacaw,https://api.sketchfab.com/v3/models/f58f8adf7f5842579596d15fbb3c3dfa,https://sketchfab.com/3d-models/f58f8adf7f5842579596d15fbb3c3dfa,glbs/000-023/f58f8adf7f5842579596d15fbb3c3dfa.glb,000-023,91721b846a533e23737d2bd2c0a476abf68fde7a9d997589569b9b4bf4f1e5c1,screen
137,34170410341f46419ad20789b53e4c45,by,by,20.084 Nostra O�,Andris Sild - Andu Trepp,andrissild,https://api.sketchfab.com/v3/models/34170410341f46419ad20789b53e4c45,https://sketchfab.com/3d-models/34170410341f46419ad20789b53e4c45,glbs/000-031/34170410341f46419ad20789b53e4c45.glb,000-031,8d867a5ab0f47609c99248ecc7522765386389612c2c37e39a266ac4dab300bd,screen
138,218bbfd03d13422993e34fcce974584c,by,by,Camphor1,signumve,signumve,https://api.sketchfab.com/v3/models/218bbfd03d13422993e34fcce974584c,https://sketchfab.com/3d-models/218bbfd03d13422993e34fcce974584c,glbs/000-053/218bbfd03d13422993e34fcce974584c.glb,000-053,356193c43af67e6ca8b6ac95c4907f08a591ddfc9f0cb9c66022d0ab5a0098d6,screen
139,89782aa7fc6c45d3853f9bcc95fadfc6,by,by,XB982 ASTROSHIP DISPLAY MODEL,Binkley-Spacetrucker,Binkley-Piratepants,https://api.sketchfab.com/v3/models/89782aa7fc6c45d3853f9bcc95fadfc6,https://sketchfab.com/3d-models/89782aa7fc6c45d3853f9bcc95fadfc6,glbs/000-098/89782aa7fc6c45d3853f9bcc95fadfc6.glb,000-098,cca4598d482658e56eecf3ca167af7b0568a8818e09dd440cc52b9e9aecdad62,screen
140,3b95d724c7644b8283766c421634394d,by,by,Koyun,KhaynaraKioni,KhaynaraKioni,https://api.sketchfab.com/v3/models/3b95d724c7644b8283766c421634394d,https://sketchfab.com/3d-models/3b95d724c7644b8283766c421634394d,glbs/000-053/3b95d724c7644b8283766c421634394d.glb,000-053,356193c43af67e6ca8b6ac95c4907f08a591ddfc9f0cb9c66022d0ab5a0098d6,screen
141,a71026aea8eb45bfb95d5fbc7db27815,by,by,rock (wip),nixflix,nixflix,https://api.sketchfab.com/v3/models/a71026aea8eb45bfb95d5fbc7db27815,https://sketchfab.com/3d-models/a71026aea8eb45bfb95d5fbc7db27815,glbs/000-000/a71026aea8eb45bfb95d5fbc7db27815.glb,000-000,299a60db6dad62e8aba63abb41c8ed41da10bbd77618632b1b5962e77f0a5318,screen
142,a82d9aad1af5413390e1212e415ff7c5,by,by,Top Hat,SeraphicWolf,SeraphicWolf,https://api.sketchfab.com/v3/models/a82d9aad1af5413390e1212e415ff7c5,https://sketchfab.com/3d-models/a82d9aad1af5413390e1212e415ff7c5,glbs/000-125/a82d9aad1af5413390e1212e415ff7c5.glb,000-125,27cabc2fdde84b891259916235b2f5e7540afef17b60bbb0f3488e0cd10636fe,screen
143,1870900e163441ee8b28f04c1029ede0,by,by,P-39 Flap Control Box,nadvgia,nadvgia,https://api.sketchfab.com/v3/models/1870900e163441ee8b28f04c1029ede0,https://sketchfab.com/3d-models/1870900e163441ee8b28f04c1029ede0,glbs/000-108/1870900e163441ee8b28f04c1029ede0.glb,000-108,279c216902aa2d886c281455309931522668576c7ea55826e406e4832cc0e1d4,screen
144,80eab62471b34ea2abfd15341649f651,by,by,ДЗ Блокинг Upgrade (XYZ School),Upgrade,_Upgrade_,https://api.sketchfab.com/v3/models/80eab62471b34ea2abfd15341649f651,https://sketchfab.com/3d-models/80eab62471b34ea2abfd15341649f651,glbs/000-147/80eab62471b34ea2abfd15341649f651.glb,000-147,837ed6eae1ebd28736a3187f0c0e158ae676117233813ea92845f169d137dfe9,screen
145,dc14bf79a89042b097f04ab83102e856,by,by,shipwreck low poly,compost the second,compostthesecond,https://api.sketchfab.com/v3/models/dc14bf79a89042b097f04ab83102e856,https://sketchfab.com/3d-models/dc14bf79a89042b097f04ab83102e856,glbs/000-115/dc14bf79a89042b097f04ab83102e856.glb,000-115,3ee735ee531f998094ca18e720f6fd5039bfe871e7b73c30128f23f6d3d1e8f9,screen
146,30c827facb03413ca0af0a8d1dadbce7,by,by,"Welcome to Quincy Mural in Quincy, MA",Arturo J. Real,arturojreal,https://api.sketchfab.com/v3/models/30c827facb03413ca0af0a8d1dadbce7,https://sketchfab.com/3d-models/30c827facb03413ca0af0a8d1dadbce7,glbs/000-133/30c827facb03413ca0af0a8d1dadbce7.glb,000-133,a8f3a915a07672d6cdc11aeec315a2f7360c7872d2dc850e5e07a5cae753c703,screen
147,2d96526f3a2945efa10a5f3f311cb887,by,by,Pen - Free Download,ibotpl,ibotpl,https://api.sketchfab.com/v3/models/2d96526f3a2945efa10a5f3f311cb887,https://sketchfab.com/3d-models/2d96526f3a2945efa10a5f3f311cb887,glbs/000-053/2d96526f3a2945efa10a5f3f311cb887.glb,000-053,356193c43af67e6ca8b6ac95c4907f08a591ddfc9f0cb9c66022d0ab5a0098d6,screen
148,c255e0b6061349dca566792e0c48da1c,by,by,Clank,Daniel Mate Jimenez,danielitoo.354,https://api.sketchfab.com/v3/models/c255e0b6061349dca566792e0c48da1c,https://sketchfab.com/3d-models/c255e0b6061349dca566792e0c48da1c,glbs/000-031/c255e0b6061349dca566792e0c48da1c.glb,000-031,8d867a5ab0f47609c99248ecc7522765386389612c2c37e39a266ac4dab300bd,screen
149,ac20acbb2d73465eb2cc5a5a4afe1f59,by,by,Cctv,Einheri,Einheri,https://api.sketchfab.com/v3/models/ac20acbb2d73465eb2cc5a5a4afe1f59,https://sketchfab.com/3d-models/ac20acbb2d73465eb2cc5a5a4afe1f59,glbs/000-047/ac20acbb2d73465eb2cc5a5a4afe1f59.glb,000-047,7ab21f43ad948724d396ea763472407e421876e53fca5439b8463c8bc3497740,screen
150,4dc762ee5d764b19a4de8a7a3e8b0db9,by,by,meats 2,shaniamcdonagh1,shaniamcdonagh1,https://api.sketchfab.com/v3/models/4dc762ee5d764b19a4de8a7a3e8b0db9,https://sketchfab.com/3d-models/4dc762ee5d764b19a4de8a7a3e8b0db9,glbs/000-029/4dc762ee5d764b19a4de8a7a3e8b0db9.glb,000-029,c64b5971a3d46e4436280d41abe19bbb6d9acf8cdd893f99fcb0b0a1572edc88,screen
151,38333a4335704ccfaadbe323c25a2efb,by,by,Traveller63106777,rung122700,rung122700,https://api.sketchfab.com/v3/models/38333a4335704ccfaadbe323c25a2efb,https://sketchfab.com/3d-models/38333a4335704ccfaadbe323c25a2efb,glbs/000-002/38333a4335704ccfaadbe323c25a2efb.glb,000-002,960454d09f0ba9ea6d46a4016bf5bacb9e2f01713e305718266c019943c38abc,screen
152,d41e6930c7bc4ad6af4a55bdff1f563d,by,by,CN210384,MARTINICE GROUP,pesek_martinice,https://api.sketchfab.com/v3/models/d41e6930c7bc4ad6af4a55bdff1f563d,https://sketchfab.com/3d-models/d41e6930c7bc4ad6af4a55bdff1f563d,glbs/000-011/d41e6930c7bc4ad6af4a55bdff1f563d.glb,000-011,4ccfefd99e8348263643fa9ccbd9cc228b1bdcf4ee94b4ed7a9005d07ec7aea9,screen
153,636bbd80f7d747b9bff2da6c5fb00b83,by,by,3D Low Poly Rocks & Trees,anshuman_stark_,anshuman_stark_,https://api.sketchfab.com/v3/models/636bbd80f7d747b9bff2da6c5fb00b83,https://sketchfab.com/3d-models/636bbd80f7d747b9bff2da6c5fb00b83,glbs/000-107/636bbd80f7d747b9bff2da6c5fb00b83.glb,000-107,49c379c54abb98ece075279eaa0676e22a5babfeb774ad0e8db1f09e0f773a86,screen
154,54d5dd1c7c00466fbad50ec144fd8f42,by,by,D,reens,reens,https://api.sketchfab.com/v3/models/54d5dd1c7c00466fbad50ec144fd8f42,https://sketchfab.com/3d-models/54d5dd1c7c00466fbad50ec144fd8f42,glbs/000-003/54d5dd1c7c00466fbad50ec144fd8f42.glb,000-003,a81c8aea7da13ffb156cfe2bea5d3b24f6c71454b1aa0f10c14e439978f91a4e,screen
155,27a2bb91d63f4f508457383bb58fb105,by,by,Сutting board,hamancha,hamancha,https://api.sketchfab.com/v3/models/27a2bb91d63f4f508457383bb58fb105,https://sketchfab.com/3d-models/27a2bb91d63f4f508457383bb58fb105,glbs/000-120/27a2bb91d63f4f508457383bb58fb105.glb,000-120,28c857706bc91bcad0941e8b3fb8077f484354c2e7f3e3be35eaebb922bec494,screen
156,530ef5d412b941e0b90eeb07237c38e9,by,by,Wheelbarrow Walk--Custom Art Doll,donnaskuhn,donnaskuhn,https://api.sketchfab.com/v3/models/530ef5d412b941e0b90eeb07237c38e9,https://sketchfab.com/3d-models/530ef5d412b941e0b90eeb07237c38e9,glbs/000-149/530ef5d412b941e0b90eeb07237c38e9.glb,000-149,8f5cd4952ecd5141539addd92b1d3c4332498ebff38a3a03e31b989f958efdd7,screen
157,65134f2a5c8241ff85e62c70af011ca1,by,by,Chillout (Halo 1),Iso-Didact,Matthew.James.Logothetis,https://api.sketchfab.com/v3/models/65134f2a5c8241ff85e62c70af011ca1,https://sketchfab.com/3d-models/65134f2a5c8241ff85e62c70af011ca1,glbs/000-147/65134f2a5c8241ff85e62c70af011ca1.glb,000-147,837ed6eae1ebd28736a3187f0c0e158ae676117233813ea92845f169d137dfe9,screen
158,b51c986dcaaa438cb2eb1222caa15495,by,by,Simpsons House,SethSantos,Seth7Santos,https://api.sketchfab.com/v3/models/b51c986dcaaa438cb2eb1222caa15495,https://sketchfab.com/3d-models/b51c986dcaaa438cb2eb1222caa15495,glbs/000-015/b51c986dcaaa438cb2eb1222caa15495.glb,000-015,60ff99f4196cb0d1346f427479f23c5264893e81674fae1f15231f8e50d449ac,screen
159,4076272907254759905f3d1eb97a10fe,by,by,Trikātas pilskalna vieta,Hillforts and ancient sites | hillforts.eu,hillforts,https://api.sketchfab.com/v3/models/4076272907254759905f3d1eb97a10fe,https://sketchfab.com/3d-models/4076272907254759905f3d1eb97a10fe,glbs/000-034/4076272907254759905f3d1eb97a10fe.glb,000-034,1abf2f65357b72efe7f8c5430d54dfea572a60a73773d7ce3a3d6b8b26c04b33,screen
160,811e0c8deb494370952233ad4d97be17,by,by,Felipe - Estrutural,maycongoomes,maycongoomes,https://api.sketchfab.com/v3/models/811e0c8deb494370952233ad4d97be17,https://sketchfab.com/3d-models/811e0c8deb494370952233ad4d97be17,glbs/000-101/811e0c8deb494370952233ad4d97be17.glb,000-101,c2741e72e6d77895148d037ccba1badaa2daef51a9278363586c84c048392901,screen
161,8806a4c1056a41e3888d37212cc75f1d,by,by,195517AB,JonathanTait,JonathanTait,https://api.sketchfab.com/v3/models/8806a4c1056a41e3888d37212cc75f1d,https://sketchfab.com/3d-models/8806a4c1056a41e3888d37212cc75f1d,glbs/000-025/8806a4c1056a41e3888d37212cc75f1d.glb,000-025,b5c0cbefa5a9e7376d87cf2ec830940e5ec589a803a0509b5c94fa0e4f5df729,screen
162,0a1810add9984f3c950c34b7b5462d96,by,by,Pizza2,Sharon.YL,Sharon.YL,https://api.sketchfab.com/v3/models/0a1810add9984f3c950c34b7b5462d96,https://sketchfab.com/3d-models/0a1810add9984f3c950c34b7b5462d96,glbs/000-003/0a1810add9984f3c950c34b7b5462d96.glb,000-003,a81c8aea7da13ffb156cfe2bea5d3b24f6c71454b1aa0f10c14e439978f91a4e,screen
163,c89c060d058d4ca88618075392ac9816,by,by,�liwice,prostair.pl,prostair.pl,https://api.sketchfab.com/v3/models/c89c060d058d4ca88618075392ac9816,https://sketchfab.com/3d-models/c89c060d058d4ca88618075392ac9816,glbs/000-158/c89c060d058d4ca88618075392ac9816.glb,000-158,db49f754a12c507d1a1b1db7207a127937f2766cd21ab72fa08797bf430616eb,screen
164,5854c5df9e7343b8a5392bf82aebaf68,by,by,Cliffe Fort,artfletch,artfletch,https://api.sketchfab.com/v3/models/5854c5df9e7343b8a5392bf82aebaf68,https://sketchfab.com/3d-models/5854c5df9e7343b8a5392bf82aebaf68,glbs/000-109/5854c5df9e7343b8a5392bf82aebaf68.glb,000-109,a52701c271a307fdd3899177f25322229bff6cf2f1281a1d4f35b875385bf7e3,screen
165,71090c13923441ee8a056628f45c69a6,by,by,Healer,Onigraphics - VR e Games,drop05,https://api.sketchfab.com/v3/models/71090c13923441ee8a056628f45c69a6,https://sketchfab.com/3d-models/71090c13923441ee8a056628f45c69a6,glbs/000-026/71090c13923441ee8a056628f45c69a6.glb,000-026,fe156a2eed7c14eaf06d6af3c8bd0a8e869aa66fa10728fa986c499d80611527,screen
166,eb510a1cc5bc41c7b55f60b719b527be,by,by,22_041_Tarmo_Viljandi,Andris Sild - Andu Trepp,andrissild,https://api.sketchfab.com/v3/models/eb510a1cc5bc41c7b55f60b719b527be,https://sketchfab.com/3d-models/eb510a1cc5bc41c7b55f60b719b527be,glbs/000-099/eb510a1cc5bc41c7b55f60b719b527be.glb,000-099,92f4151aa93830a98b8130829cf8008f480b5b12118c4da4b2c93c30c3270359,screen
167,cc4d8202a1f04f909a407eccfd26146e,by,by,Ardan Nether,JonnySniper,JonnySniper1,https://api.sketchfab.com/v3/models/cc4d8202a1f04f909a407eccfd26146e,https://sketchfab.com/3d-models/cc4d8202a1f04f909a407eccfd26146e,glbs/000-017/cc4d8202a1f04f909a407eccfd26146e.glb,000-017,b0101f1a44140cf8863366960473e4f242947d174f0afaf54efd00636d5a742f,screen
168,db6740518932439bb0782d8cdd335496,by,by,Archive,pudrescu,pudrescu,https://api.sketchfab.com/v3/models/db6740518932439bb0782d8cdd335496,https://sketchfab.com/3d-models/db6740518932439bb0782d8cdd335496,glbs/000-026/db6740518932439bb0782d8cdd335496.glb,000-026,fe156a2eed7c14eaf06d6af3c8bd0a8e869aa66fa10728fa986c499d80611527,screen
169,54d6197207d94d5d80ccf5c984db9db0,by,by,Abandoned Murder Room,Snossage,Snossage,https://api.sketchfab.com/v3/models/54d6197207d94d5d80ccf5c984db9db0,https://sketchfab.com/3d-models/54d6197207d94d5d80ccf5c984db9db0,glbs/000-133/54d6197207d94d5d80ccf5c984db9db0.glb,000-133,a8f3a915a07672d6cdc11aeec315a2f7360c7872d2dc850e5e07a5cae753c703,screen
170,0be5283f46b943408cc29f6ebc96d4f2,by,by,Pg modelo,lucas.oliveira12,lucas.oliveira12,https://api.sketchfab.com/v3/models/0be5283f46b943408cc29f6ebc96d4f2,https://sketchfab.com/3d-models/0be5283f46b943408cc29f6ebc96d4f2,glbs/000-103/0be5283f46b943408cc29f6ebc96d4f2.glb,000-103,66f5da91408cf2e854995110dc2e3014e8387c805f0070c683ebb964143447c2,screen
171,99e9b986c86b49e69a7b366971f067c9,by,by,Lantern Rachel2,it.trackv,it.trackv,https://api.sketchfab.com/v3/models/99e9b986c86b49e69a7b366971f067c9,https://sketchfab.com/3d-models/99e9b986c86b49e69a7b366971f067c9,glbs/000-010/99e9b986c86b49e69a7b366971f067c9.glb,000-010,84eabbb408ce0a09902183bdce9f79435700f2f6679506b79846aadcd9a32552,screen
172,c6448aa688be4b998bea9e12ada2d914,by,by,Save The All The Endangered Animals,NPill,NPill,https://api.sketchfab.com/v3/models/c6448aa688be4b998bea9e12ada2d914,https://sketchfab.com/3d-models/c6448aa688be4b998bea9e12ada2d914,glbs/000-120/c6448aa688be4b998bea9e12ada2d914.glb,000-120,28c857706bc91bcad0941e8b3fb8077f484354c2e7f3e3be35eaebb922bec494,screen
173,a70efd74d7d046ec8c7553432823bd45,by,by,Unnamed,Aejayyx on tiktok,bobot21420085,https://api.sketchfab.com/v3/models/a70efd74d7d046ec8c7553432823bd45,https://sketchfab.com/3d-models/a70efd74d7d046ec8c7553432823bd45,glbs/000-125/a70efd74d7d046ec8c7553432823bd45.glb,000-125,27cabc2fdde84b891259916235b2f5e7540afef17b60bbb0f3488e0cd10636fe,screen
174,75ebf2cbaf4645c0bc089ef1b0ed204b,by,by,Kg Crown2,munozm,munozm,https://api.sketchfab.com/v3/models/75ebf2cbaf4645c0bc089ef1b0ed204b,https://sketchfab.com/3d-models/75ebf2cbaf4645c0bc089ef1b0ed204b,glbs/000-067/75ebf2cbaf4645c0bc089ef1b0ed204b.glb,000-067,c14d4e855ed8cef6084c5154c37b0bd8df76fe8af70604f3c91fe2cd28d9a094,screen
175,5853f46ad890496aae7107f50c8f83d5,by,by,C9848e906324253a0d718a996825b350,hiseric1,hiseric1,https://api.sketchfab.com/v3/models/5853f46ad890496aae7107f50c8f83d5,https://sketchfab.com/3d-models/5853f46ad890496aae7107f50c8f83d5,glbs/000-054/5853f46ad890496aae7107f50c8f83d5.glb,000-054,0ee2e200f962a018398812b139a1cda11633a31ee9ac681d185199863ccd8c33,screen
176,a450ec52c14449eabae6351265a0520c,by,by,sword,AinX,AinX,https://api.sketchfab.com/v3/models/a450ec52c14449eabae6351265a0520c,https://sketchfab.com/3d-models/a450ec52c14449eabae6351265a0520c,glbs/000-073/a450ec52c14449eabae6351265a0520c.glb,000-073,a25976005a3a38ddbd6cc00935722efd118af0bb27bb781b8ef41c18da6ac87e,screen
177,87dfa336e9b546398d96cb5920a2709b,by,by,Ice Cream 2,mintuahmed589,mintuahmed589,https://api.sketchfab.com/v3/models/87dfa336e9b546398d96cb5920a2709b,https://sketchfab.com/3d-models/87dfa336e9b546398d96cb5920a2709b,glbs/000-057/87dfa336e9b546398d96cb5920a2709b.glb,000-057,0390de435d36e6cee9c01a362fa107b5422432b73eaf895a08c96df4e1f8a394,screen
178,0c8e1199b7b64ad2ac1c6ff784139dec,by,by,Favourite 2623-12P,Lustron.ru,svetmagaz,https://api.sketchfab.com/v3/models/0c8e1199b7b64ad2ac1c6ff784139dec,https://sketchfab.com/3d-models/0c8e1199b7b64ad2ac1c6ff784139dec,glbs/000-137/0c8e1199b7b64ad2ac1c6ff784139dec.glb,000-137,fbebd3d2a2e196b0af14c9a39987672939f7cffadf66cd237612b1b9f93fb5a5,screen
179,cf9dcf7f13ba46008f7e0a8d0f0e5831,by,by,01284296,GeneralCreed,GeneralCreed,https://api.sketchfab.com/v3/models/cf9dcf7f13ba46008f7e0a8d0f0e5831,https://sketchfab.com/3d-models/cf9dcf7f13ba46008f7e0a8d0f0e5831,glbs/000-109/cf9dcf7f13ba46008f7e0a8d0f0e5831.glb,000-109,a52701c271a307fdd3899177f25322229bff6cf2f1281a1d4f35b875385bf7e3,screen
180,2f6c94487ee54cb88021f4643409d849,by,by,Pittsburgh Bridge Collapse in Frick Park,C8X,c8x,https://api.sketchfab.com/v3/models/2f6c94487ee54cb88021f4643409d849,https://sketchfab.com/3d-models/2f6c94487ee54cb88021f4643409d849,glbs/000-030/2f6c94487ee54cb88021f4643409d849.glb,000-030,e8f422180c32e35e70f0ec8bb069da6629e056cebad3d913d903929feeb62c12,screen
181,42f398b3933a4e6fb0c9f25cd53b8058,by,by,WITHIN office entrance in pointcloud,sergioko,sergioko,https://api.sketchfab.com/v3/models/42f398b3933a4e6fb0c9f25cd53b8058,https://sketchfab.com/3d-models/42f398b3933a4e6fb0c9f25cd53b8058,glbs/000-147/42f398b3933a4e6fb0c9f25cd53b8058.glb,000-147,837ed6eae1ebd28736a3187f0c0e158ae676117233813ea92845f169d137dfe9,screen
182,7e5199acfee243c99d711cc41726e1ba,by,by,DRAFT Sisteron,omnidirectional,omnidirectional,https://api.sketchfab.com/v3/models/7e5199acfee243c99d711cc41726e1ba,https://sketchfab.com/3d-models/7e5199acfee243c99d711cc41726e1ba,glbs/000-037/7e5199acfee243c99d711cc41726e1ba.glb,000-037,de26eb6c7cc63d924baf9bd54f7a569a927ddaf7a3222d81eecde1b6e78e50df,screen
183,c12ff3336656459e8607e93753cb5158,by,by,Mickey Mouse Snow Globe,snugl.buniez,snugl.buniez,https://api.sketchfab.com/v3/models/c12ff3336656459e8607e93753cb5158,https://sketchfab.com/3d-models/c12ff3336656459e8607e93753cb5158,glbs/000-092/c12ff3336656459e8607e93753cb5158.glb,000-092,4deb18bc0acbe9e6949edf411584a0eed85f3d0c142ef34ed416ce23647460b2,screen
184,cf8a4ff748274a7896912750c00f8a57,by,by,Camping stool_Mongoll,vali_metes,vali_metes,https://api.sketchfab.com/v3/models/cf8a4ff748274a7896912750c00f8a57,https://sketchfab.com/3d-models/cf8a4ff748274a7896912750c00f8a57,glbs/000-073/cf8a4ff748274a7896912750c00f8a57.glb,000-073,a25976005a3a38ddbd6cc00935722efd118af0bb27bb781b8ef41c18da6ac87e,screen
185,ce030be94b1c481c9212d8f72135991a,by,by,Adopt Me Diamond Hippo Pet Concept,Angelina,angelinaadoptme,https://api.sketchfab.com/v3/models/ce030be94b1c481c9212d8f72135991a,https://sketchfab.com/3d-models/ce030be94b1c481c9212d8f72135991a,glbs/000-129/ce030be94b1c481c9212d8f72135991a.glb,000-129,ed86d23a1dc80b2df5735de4ebf0ca19181663fab1746269f1b1a8bf803f034b,screen
186,6315587e6edc47aea589c108ccc50b01,by,by,Untextured High Poly :  TBOI Enemy (Sculpt),Dudly,Dudly,https://api.sketchfab.com/v3/models/6315587e6edc47aea589c108ccc50b01,https://sketchfab.com/3d-models/6315587e6edc47aea589c108ccc50b01,glbs/000-144/6315587e6edc47aea589c108ccc50b01.glb,000-144,c36e0da487e6f533fa0e6155f19d31eea78d7babaacb2bb5a648852506cb9433,screen
187,975052a01bbe44bebeaef7b4775c227b,by,by,Boxa,gikam,gikam,https://api.sketchfab.com/v3/models/975052a01bbe44bebeaef7b4775c227b,https://sketchfab.com/3d-models/975052a01bbe44bebeaef7b4775c227b,glbs/000-150/975052a01bbe44bebeaef7b4775c227b.glb,000-150,e586b545bcf481a0a605d5e756dab492e223beb3465bb59248dd48153f9526d6,screen
188,4cb321c5480444f283f9096b551e09cf,by,by,實體組合,jack25860,jack25860,https://api.sketchfab.com/v3/models/4cb321c5480444f283f9096b551e09cf,https://sketchfab.com/3d-models/4cb321c5480444f283f9096b551e09cf,glbs/000-041/4cb321c5480444f283f9096b551e09cf.glb,000-041,6f460a2aa5c92d9d78843ffe9029d9c00d649a47e2f814067199033d6f3d33ba,screen
189,3d1b3900ca954de9a2dfdfacca269b6d,by,by,4x4 House: Exploded,mrehrig2,mrehrig2,https://api.sketchfab.com/v3/models/3d1b3900ca954de9a2dfdfacca269b6d,https://sketchfab.com/3d-models/3d1b3900ca954de9a2dfdfacca269b6d,glbs/000-073/3d1b3900ca954de9a2dfdfacca269b6d.glb,000-073,a25976005a3a38ddbd6cc00935722efd118af0bb27bb781b8ef41c18da6ac87e,screen
190,dfadfe06154e412ea4d75ef98f625468,by,by,4 day,W-kirsche,W-kirsche,https://api.sketchfab.com/v3/models/dfadfe06154e412ea4d75ef98f625468,https://sketchfab.com/3d-models/dfadfe06154e412ea4d75ef98f625468,glbs/000-004/dfadfe06154e412ea4d75ef98f625468.glb,000-004,14aff8e4390cd2ee271888f49c83f3745a2d00b02f7b44e569d68f88a9f0bebf,screen
191,6d11fa76b6ee49449b2aaa86b19c9a96,by,by,Awundaga0201 Diamond01,121595,121595,https://api.sketchfab.com/v3/models/6d11fa76b6ee49449b2aaa86b19c9a96,https://sketchfab.com/3d-models/6d11fa76b6ee49449b2aaa86b19c9a96,glbs/000-091/6d11fa76b6ee49449b2aaa86b19c9a96.glb,000-091,b9fb8713b87da27eb7eacd2a705580b5dcef62ff1c5ce4d266cc88cbbceb8576,screen
192,cce0d212b3ca4dc297aa7b697987ba3c,by,by,Salsa Dancing,OutHereVR,OutHereVR,https://api.sketchfab.com/v3/models/cce0d212b3ca4dc297aa7b697987ba3c,https://sketchfab.com/3d-models/cce0d212b3ca4dc297aa7b697987ba3c,glbs/000-041/cce0d212b3ca4dc297aa7b697987ba3c.glb,000-041,6f460a2aa5c92d9d78843ffe9029d9c00d649a47e2f814067199033d6f3d33ba,screen
193,46faf219f586448b903d8159b34822dc,by,by,Jin Roh heavy trooper,everlasting17th,everlastinggrey,https://api.sketchfab.com/v3/models/46faf219f586448b903d8159b34822dc,https://sketchfab.com/3d-models/46faf219f586448b903d8159b34822dc,glbs/000-013/46faf219f586448b903d8159b34822dc.glb,000-013,499ddded05772356942ec99377090bbf3d68aa6cc20e89b5e63aa02f7389a0e2,screen
194,ead712b2bcb24dbb957a870a7887ca47,by,by,cdfae735b42724d31a5e48d6000f2e5ee6c02e97,newfields-3dprinting,newfields-3dprinting,https://api.sketchfab.com/v3/models/ead712b2bcb24dbb957a870a7887ca47,https://sketchfab.com/3d-models/ead712b2bcb24dbb957a870a7887ca47,glbs/000-089/ead712b2bcb24dbb957a870a7887ca47.glb,000-089,124530701e5c248d83de1b914bf68832c4fdf878dfadc0175ed5c58cd521eb5b,screen
195,f678984e71034bb2a5497e502166316a,by,by,14720289,GeneralCreed,GeneralCreed,https://api.sketchfab.com/v3/models/f678984e71034bb2a5497e502166316a,https://sketchfab.com/3d-models/f678984e71034bb2a5497e502166316a,glbs/000-051/f678984e71034bb2a5497e502166316a.glb,000-051,b89bf615f401a220d2ae0e5d2f038639e3721bd04d7df59d202bdaccc0426f68,screen
196,6f975796e1a1490d8dd43be0017b179a,by,by,LowPoly Car,tykrastagames,tykrastagames,https://api.sketchfab.com/v3/models/6f975796e1a1490d8dd43be0017b179a,https://sketchfab.com/3d-models/6f975796e1a1490d8dd43be0017b179a,glbs/000-114/6f975796e1a1490d8dd43be0017b179a.glb,000-114,e05e741fa08183db9b8b69b28d0839dfd477f0b084cee78d6a3f9137c3dbacea,screen
197,9df034a1687042e0a0039953005fb941,by,by,Zangief,Quasimodox,Quasimodox,https://api.sketchfab.com/v3/models/9df034a1687042e0a0039953005fb941,https://sketchfab.com/3d-models/9df034a1687042e0a0039953005fb941,glbs/000-130/9df034a1687042e0a0039953005fb941.glb,000-130,ea62d573ba065e3ab3b4d78677005552d9199fa1f85902a3ed9597c67da3ab43,screen
198,0571e6db30c84b1593bc55a8e145a430,by,by,Octaèdre,Segolene Delamare,segolene_delamare,https://api.sketchfab.com/v3/models/0571e6db30c84b1593bc55a8e145a430,https://sketchfab.com/3d-models/0571e6db30c84b1593bc55a8e145a430,glbs/000-013/0571e6db30c84b1593bc55a8e145a430.glb,000-013,499ddded05772356942ec99377090bbf3d68aa6cc20e89b5e63aa02f7389a0e2,screen
199,56e1a396c9544a9fbea706eee6bfda06,by,by,Projet 1,alltopo,alltopo,https://api.sketchfab.com/v3/models/56e1a396c9544a9fbea706eee6bfda06,https://sketchfab.com/3d-models/56e1a396c9544a9fbea706eee6bfda06,glbs/000-109/56e1a396c9544a9fbea706eee6bfda06.glb,000-109,a52701c271a307fdd3899177f25322229bff6cf2f1281a1d4f35b875385bf7e3,screen
200,94779313faa349b7a451718b671bb79c,by-sa,by-sa,AR010-008-03,bsu_aal,bsu_aal,https://api.sketchfab.com/v3/models/94779313faa349b7a451718b671bb79c,https://sketchfab.com/3d-models/94779313faa349b7a451718b671bb79c,glbs/000-055/94779313faa349b7a451718b671bb79c.glb,000-055,015347bf15350b8017a7a70c091a1907ff2f65d3fe5c4d5b78c16401f4ac5548,screen
201,1c6fcf51891b49eea183fb6e6170c15c,by,by,Carinha Com Olhos De Coração,Mateus.Pereira1,Mateus.Pereira1,https://api.sketchfab.com/v3/models/1c6fcf51891b49eea183fb6e6170c15c,https://sketchfab.com/3d-models/1c6fcf51891b49eea183fb6e6170c15c,glbs/000-075/1c6fcf51891b49eea183fb6e6170c15c.glb,000-075,637cc99362c6bb8162b0354d23504aff5be2e1cb4628078570dc3b5030322e82,screen
202,723100beec8b409db9d49f7127b8a1ee,by,by,Car Pack,TheBoyrax,TheBoyrax,https://api.sketchfab.com/v3/models/723100beec8b409db9d49f7127b8a1ee,https://sketchfab.com/3d-models/723100beec8b409db9d49f7127b8a1ee,glbs/000-105/723100beec8b409db9d49f7127b8a1ee.glb,000-105,91f27e84e6b108e824acec764304f4e2fd04c84a88b5dbe84d2c44549038b181,screen
203,c05a8c16ef3147f5bb0c517739255a43,by,by,Deep sloppy bird footprints - Pheasant,PeterFalkingham,pfalkingham1,https://api.sketchfab.com/v3/models/c05a8c16ef3147f5bb0c517739255a43,https://sketchfab.com/3d-models/c05a8c16ef3147f5bb0c517739255a43,glbs/000-136/c05a8c16ef3147f5bb0c517739255a43.glb,000-136,3d1d0d0a9cd4db3ec97186011f55c990d9167de0b50d8212dbfc09bbcf4408a3,screen
204,ec5671bc60854e16ba32b1baf8238a21,by,by,viking_axe,Loqual,pionck8824,https://api.sketchfab.com/v3/models/ec5671bc60854e16ba32b1baf8238a21,https://sketchfab.com/3d-models/ec5671bc60854e16ba32b1baf8238a21,glbs/000-062/ec5671bc60854e16ba32b1baf8238a21.glb,000-062,40d1efb36b59a414550f906a4f714b6f9cca0f43f653658c6455507fe6fd1c6f,screen
205,86320a9985b746d4a405ffc9ac7fd23b,by-sa,by-sa,Mandalorian Mid-poly,affanmunir9,affanmunir9,https://api.sketchfab.com/v3/models/86320a9985b746d4a405ffc9ac7fd23b,https://sketchfab.com/3d-models/86320a9985b746d4a405ffc9ac7fd23b,glbs/000-142/86320a9985b746d4a405ffc9ac7fd23b.glb,000-142,65ce47bebe6d1a450e835d20e3281d3b0a5beb1d33d8a832b9869e8ee622343e,screen
206,1daaf9e22b7f46a5a348e56e0e4acc8a,by,by,De Penlight,Stichting Consortium Beroepsonderwijs,scb3d,https://api.sketchfab.com/v3/models/1daaf9e22b7f46a5a348e56e0e4acc8a,https://sketchfab.com/3d-models/1daaf9e22b7f46a5a348e56e0e4acc8a,glbs/000-062/1daaf9e22b7f46a5a348e56e0e4acc8a.glb,000-062,40d1efb36b59a414550f906a4f714b6f9cca0f43f653658c6455507fe6fd1c6f,screen
207,0e9a7abfc73749639a3a7e1fbff5951a,by,by,Link's Sword (The Legend of Zelda),Yanez Designs,Yanez-Designs,https://api.sketchfab.com/v3/models/0e9a7abfc73749639a3a7e1fbff5951a,https://sketchfab.com/3d-models/0e9a7abfc73749639a3a7e1fbff5951a,glbs/000-036/0e9a7abfc73749639a3a7e1fbff5951a.glb,000-036,ac3e2c099e7f645606cfd97a99c589cf36eccaa54037cf822d86559ed7ab0957,screen
208,b1521432bf014ff0bdf022e75695b304,by,by,02_SILLA AMARILLA,WHA Arquitectos,Erick.Huerta,https://api.sketchfab.com/v3/models/b1521432bf014ff0bdf022e75695b304,https://sketchfab.com/3d-models/b1521432bf014ff0bdf022e75695b304,glbs/000-141/b1521432bf014ff0bdf022e75695b304.glb,000-141,1fda906da222df7d1ca4b50628d7974e470401fc0a54eeac2c5770f5360c3e92,screen
209,fcd95c6190274745be3f423c270c1b2d,by,by,pozo low poly asset games,eladiobaez,eladiobaez16,https://api.sketchfab.com/v3/models/fcd95c6190274745be3f423c270c1b2d,https://sketchfab.com/3d-models/fcd95c6190274745be3f423c270c1b2d,glbs/000-074/fcd95c6190274745be3f423c270c1b2d.glb,000-074,9b50ef2b7ecb6aa90524f5351e2e258f9be9e3f30796db5ed266a9fccb83712e,screen
210,0e96435a23ee42f9b0e76860066c62ff,by,by,One Line Cube,rodrivgm,rodrivgm,https://api.sketchfab.com/v3/models/0e96435a23ee42f9b0e76860066c62ff,https://sketchfab.com/3d-models/0e96435a23ee42f9b0e76860066c62ff,glbs/000-132/0e96435a23ee42f9b0e76860066c62ff.glb,000-132,688aceaebedf57e9bb98c960981333ea4069fe97c3e6083005ffcc72ec4eb98f,screen
211,08bf7329181544ecacde071ae086d03a,by,by,R2D2 Hay Bales,Terrie Simmons-Ehrhardt,terrielsimmons,https://api.sketchfab.com/v3/models/08bf7329181544ecacde071ae086d03a,https://sketchfab.com/3d-models/08bf7329181544ecacde071ae086d03a,glbs/000-091/08bf7329181544ecacde071ae086d03a.glb,000-091,b9fb8713b87da27eb7eacd2a705580b5dcef62ff1c5ce4d266cc88cbbceb8576,screen
212,52d50196f05547c98f5bc6d4ed532741,by,by,653000,Interiors3D,Interiors3D,https://api.sketchfab.com/v3/models/52d50196f05547c98f5bc6d4ed532741,https://sketchfab.com/3d-models/52d50196f05547c98f5bc6d4ed532741,glbs/000-055/52d50196f05547c98f5bc6d4ed532741.glb,000-055,015347bf15350b8017a7a70c091a1907ff2f65d3fe5c4d5b78c16401f4ac5548,screen
213,53fbd0392b3946a386e2116991381f4c,by,by,Goblin,Simazralok,Simonzralok15,https://api.sketchfab.com/v3/models/53fbd0392b3946a386e2116991381f4c,https://sketchfab.com/3d-models/53fbd0392b3946a386e2116991381f4c,glbs/000-034/53fbd0392b3946a386e2116991381f4c.glb,000-034,1abf2f65357b72efe7f8c5430d54dfea572a60a73773d7ce3a3d6b8b26c04b33,screen
214,d318ed8afd494c7999f3123575a16fbb,by,by,ENCLOSED - disconnect.london,disconnect.london,disconnectlondon,https://api.sketchfab.com/v3/models/d318ed8afd494c7999f3123575a16fbb,https://sketchfab.com/3d-models/d318ed8afd494c7999f3123575a16fbb,glbs/000-091/d318ed8afd494c7999f3123575a16fbb.glb,000-091,b9fb8713b87da27eb7eacd2a705580b5dcef62ff1c5ce4d266cc88cbbceb8576,screen
215,bebf5e96177646bba07be154a43dfdca,by,by,Stickerless Rubik's Cube,divyanshjoshi405,divyanshjoshi,https://api.sketchfab.com/v3/models/bebf5e96177646bba07be154a43dfdca,https://sketchfab.com/3d-models/bebf5e96177646bba07be154a43dfdca,glbs/000-027/bebf5e96177646bba07be154a43dfdca.glb,000-027,725ac07b8156ba07fa814ae954e7dfbf30e8a19bdf77ae34ffb4a759c42f0023,screen
216,0aed0fc48aeb4e2c8ed081107945291d,by,by,Treasurechest,Logajn,10660404,https://api.sketchfab.com/v3/models/0aed0fc48aeb4e2c8ed081107945291d,https://sketchfab.com/3d-models/0aed0fc48aeb4e2c8ed081107945291d,glbs/000-143/0aed0fc48aeb4e2c8ed081107945291d.glb,000-143,3e3848e8a3b66fcdf5e1497585779fd750db3559012064476211102539ca6faf,screen
217,4354de9478524bedbd3a5a90414effae,by,by,"Sun, 07 Jul 2019 18:13:19",newfields-3dprinting,newfields-3dprinting,https://api.sketchfab.com/v3/models/4354de9478524bedbd3a5a90414effae,https://sketchfab.com/3d-models/4354de9478524bedbd3a5a90414effae,glbs/000-123/4354de9478524bedbd3a5a90414effae.glb,000-123,4c6e6af804d650d8205eb02633496eb5b2eb95f32ef92d4fff6b42ff5939d06e,screen
218,f79d2d28d57a4e8392bed0711b192116,by,by,Golf clock on wall (LP),Lukas Boban,LukasBoban,https://api.sketchfab.com/v3/models/f79d2d28d57a4e8392bed0711b192116,https://sketchfab.com/3d-models/f79d2d28d57a4e8392bed0711b192116,glbs/000-155/f79d2d28d57a4e8392bed0711b192116.glb,000-155,5daa36c171be86be9d8ea631d3196e165c3d35404402d1cc5c7e1f277627791f,screen
219,f995b5b597f1408e9d0a8823929978d6,by,by,Early Forest Town,Modeloader,k98goog,https://api.sketchfab.com/v3/models/f995b5b597f1408e9d0a8823929978d6,https://sketchfab.com/3d-models/f995b5b597f1408e9d0a8823929978d6,glbs/000-147/f995b5b597f1408e9d0a8823929978d6.glb,000-147,837ed6eae1ebd28736a3187f0c0e158ae676117233813ea92845f169d137dfe9,screen
220,5df3586e9c034d5a8996f80f75e775bf,by,by,flexlux-ease-volden-design-armchair,sakthi1,sakthi1,https://api.sketchfab.com/v3/models/5df3586e9c034d5a8996f80f75e775bf,https://sketchfab.com/3d-models/5df3586e9c034d5a8996f80f75e775bf,glbs/000-157/5df3586e9c034d5a8996f80f75e775bf.glb,000-157,3de40df8e0ff60006efc36a86597723d3a46267bf510b5dcb9814cbee2c49964,screen
221,ce123a07cf3443ceae7cecb10ef559d1,by,by,Basalt Dike 10m Top,batesvizlab,batesvizlab,https://api.sketchfab.com/v3/models/ce123a07cf3443ceae7cecb10ef559d1,https://sketchfab.com/3d-models/ce123a07cf3443ceae7cecb10ef559d1,glbs/000-130/ce123a07cf3443ceae7cecb10ef559d1.glb,000-130,ea62d573ba065e3ab3b4d78677005552d9199fa1f85902a3ed9597c67da3ab43,screen
222,998c27567aa64ca79c1bce2f00a42f1e,by,by,T71,ANPRI,anpri,https://api.sketchfab.com/v3/models/998c27567aa64ca79c1bce2f00a42f1e,https://sketchfab.com/3d-models/998c27567aa64ca79c1bce2f00a42f1e,glbs/000-091/998c27567aa64ca79c1bce2f00a42f1e.glb,000-091,b9fb8713b87da27eb7eacd2a705580b5dcef62ff1c5ce4d266cc88cbbceb8576,screen
223,c4e457c6917342949003be55181c9e14,by,by,Custom Fox Model,hackernaut2431,hackernaut2431,https://api.sketchfab.com/v3/models/c4e457c6917342949003be55181c9e14,https://sketchfab.com/3d-models/c4e457c6917342949003be55181c9e14,glbs/000-086/c4e457c6917342949003be55181c9e14.glb,000-086,af7aedf1738e7415dd4cc130ca6a8a3efca2490616831dc37abe626dee2a4e73,screen
224,678ed83880ba4aa3b16873f9aa118d8f,by,by,nycfashion jacket female,mweisburgh,mweisburgh,https://api.sketchfab.com/v3/models/678ed83880ba4aa3b16873f9aa118d8f,https://sketchfab.com/3d-models/678ed83880ba4aa3b16873f9aa118d8f,glbs/000-049/678ed83880ba4aa3b16873f9aa118d8f.glb,000-049,985b026d6d3dd4de616024c5c0b74a67d2647a141e7817b24d3a78d63d715665,screen
225,0d4a613cffae4863bc49aab49ce92b8a,by,by,Mesa,Cliker123,Cliker123,https://api.sketchfab.com/v3/models/0d4a613cffae4863bc49aab49ce92b8a,https://sketchfab.com/3d-models/0d4a613cffae4863bc49aab49ce92b8a,glbs/000-154/0d4a613cffae4863bc49aab49ce92b8a.glb,000-154,0231f8eb504b99446bf4e93f321fde62c944b981bdcd8b124785caf2a3f31a1b,screen
226,ec0dd46484814f0a956073733588c36a,by,by,Graffiti in El Cerrito,jtressle,jtressle,https://api.sketchfab.com/v3/models/ec0dd46484814f0a956073733588c36a,https://sketchfab.com/3d-models/ec0dd46484814f0a956073733588c36a,glbs/000-066/ec0dd46484814f0a956073733588c36a.glb,000-066,988048a4beb272ce89ce7679776afd561f45e3f6add45f459eee9f1108c8de78,screen
227,f908b95d24984086bd63ec00593fa518,by,by,Charmander,dartuchiwa,dartuchiwa,https://api.sketchfab.com/v3/models/f908b95d24984086bd63ec00593fa518,https://sketchfab.com/3d-models/f908b95d24984086bd63ec00593fa518,glbs/000-127/f908b95d24984086bd63ec00593fa518.glb,000-127,4150815f120e312a4c137846e79e97501550c389b367bb9e7ced640034f7a1ac,screen
228,96f82043229b475fbb40410103a26d20,by,by,"P13290A, Plum Trees, Roof Design",Martin Hallam. Harmony Timber,martinharmony,https://api.sketchfab.com/v3/models/96f82043229b475fbb40410103a26d20,https://sketchfab.com/3d-models/96f82043229b475fbb40410103a26d20,glbs/000-002/96f82043229b475fbb40410103a26d20.glb,000-002,960454d09f0ba9ea6d46a4016bf5bacb9e2f01713e305718266c019943c38abc,screen
229,9e0ffd73d05c439eb042267441876b2a,by,by,gun,sas111,sas111,https://api.sketchfab.com/v3/models/9e0ffd73d05c439eb042267441876b2a,https://sketchfab.com/3d-models/9e0ffd73d05c439eb042267441876b2a,glbs/000-073/9e0ffd73d05c439eb042267441876b2a.glb,000-073,a25976005a3a38ddbd6cc00935722efd118af0bb27bb781b8ef41c18da6ac87e,screen
230,7f18ff803a7142a68af44d89063a8690,by,by,Mailbox Project Villalobos,puyopuyogooey,puyopuyogooey,https://api.sketchfab.com/v3/models/7f18ff803a7142a68af44d89063a8690,https://sketchfab.com/3d-models/7f18ff803a7142a68af44d89063a8690,glbs/000-007/7f18ff803a7142a68af44d89063a8690.glb,000-007,5309e4d0ca7047efdfdfad8ba68b3e210470a84b17e4c4fa5d1fc125fc6f4c84,screen
231,b221d34db91246a3a7dcc44267d49f4d,by,by,Indoraptor,Dodogamer,lazaronogueira832,https://api.sketchfab.com/v3/models/b221d34db91246a3a7dcc44267d49f4d,https://sketchfab.com/3d-models/b221d34db91246a3a7dcc44267d49f4d,glbs/000-042/b221d34db91246a3a7dcc44267d49f4d.glb,000-042,15e51a8658aa4851c25fd792f6df43e69e62c8361fb538748616bc906dcd9bc8,screen
232,9f474f2ad93a46f99a9096d006fdfb0a,by,by,Fall Guys New Map right left hitter Low Poly,Tuffle,Tuffle,https://api.sketchfab.com/v3/models/9f474f2ad93a46f99a9096d006fdfb0a,https://sketchfab.com/3d-models/9f474f2ad93a46f99a9096d006fdfb0a,glbs/000-075/9f474f2ad93a46f99a9096d006fdfb0a.glb,000-075,637cc99362c6bb8162b0354d23504aff5be2e1cb4628078570dc3b5030322e82,screen
233,2f48804148eb4e1ca1f42da880cb946c,by,by,Tracer's Pulse Bomb,arax20,arax20,https://api.sketchfab.com/v3/models/2f48804148eb4e1ca1f42da880cb946c,https://sketchfab.com/3d-models/2f48804148eb4e1ca1f42da880cb946c,glbs/000-088/2f48804148eb4e1ca1f42da880cb946c.glb,000-088,ba9d9532e774f93e1b4edd5f942bc2e4cc4c20a0f27db2762eda60804d1f85ab,screen
234,ca887928bb664bcba121219f0af41293,by,by,Head,corgilobster,corgilobster,https://api.sketchfab.com/v3/models/ca887928bb664bcba121219f0af41293,https://sketchfab.com/3d-models/ca887928bb664bcba121219f0af41293,glbs/000-139/ca887928bb664bcba121219f0af41293.glb,000-139,55e1d193e69fe81c540cf6097ec751cffc2ca4db9e1809cd5cf1de534ca6c34f,screen
235,1beb5cc59f734f24a3800a1888f529f0,by,by,Low-Poly Space Shuttle,AllThingsSpace,sunnychen753,https://api.sketchfab.com/v3/models/1beb5cc59f734f24a3800a1888f529f0,https://sketchfab.com/3d-models/1beb5cc59f734f24a3800a1888f529f0,glbs/000-151/1beb5cc59f734f24a3800a1888f529f0.glb,000-151,ac33f688891f11c6965811e951a18b23a42a4dadb6366b690f63ba49823869a4,screen
236,85b0c166b5fc47a69455113c156b15aa,by,by,New Model,jiafengqu123,jiafengqu123,https://api.sketchfab.com/v3/models/85b0c166b5fc47a69455113c156b15aa,https://sketchfab.com/3d-models/85b0c166b5fc47a69455113c156b15aa,glbs/000-156/85b0c166b5fc47a69455113c156b15aa.glb,000-156,2d2fcfc79c6c04bb4180a4dcc6e5aeff849ec1fa4fecc641201df602614311a9,screen
237,7da8675a648543cbabe47dcb3073f264,by,by,Axe,Binart,Binartofillit,https://api.sketchfab.com/v3/models/7da8675a648543cbabe47dcb3073f264,https://sketchfab.com/3d-models/7da8675a648543cbabe47dcb3073f264,glbs/000-129/7da8675a648543cbabe47dcb3073f264.glb,000-129,ed86d23a1dc80b2df5735de4ebf0ca19181663fab1746269f1b1a8bf803f034b,screen
238,171b401413f54e6fad87aef931a0316c,by,by,068_DR_MM_F039_20190820,SolSpec,solspec,https://api.sketchfab.com/v3/models/171b401413f54e6fad87aef931a0316c,https://sketchfab.com/3d-models/171b401413f54e6fad87aef931a0316c,glbs/000-133/171b401413f54e6fad87aef931a0316c.glb,000-133,a8f3a915a07672d6cdc11aeec315a2f7360c7872d2dc850e5e07a5cae753c703,screen
239,fd221213a2ba4a65ba5362cd6ebe6676,by,by,忠孝新身納諾,KT48804880,KT48804880,https://api.sketchfab.com/v3/models/fd221213a2ba4a65ba5362cd6ebe6676,https://sketchfab.com/3d-models/fd221213a2ba4a65ba5362cd6ebe6676,glbs/000-005/fd221213a2ba4a65ba5362cd6ebe6676.glb,000-005,ab46e859e11272010fbcff35eadb696ce9623ddfb61c44bcc208ba94ae5fa320,screen
240,0a351b9168854858abbcae5a701ba8c9,by,by,Bike,Vladyslav Holhanov,vladicom08,https://api.sketchfab.com/v3/models/0a351b9168854858abbcae5a701ba8c9,https://sketchfab.com/3d-models/0a351b9168854858abbcae5a701ba8c9,glbs/000-060/0a351b9168854858abbcae5a701ba8c9.glb,000-060,12462ac3cb3274e3e6b98ea1ed3cc1f39e0d965a1afbe04ff145963f0e2bc88c,screen
241,289ad3ba92f54a9a83cbfd3fed37bec6,by,by,Crate Midpoint Revision,Aesahaettr,aesahaettr,https://api.sketchfab.com/v3/models/289ad3ba92f54a9a83cbfd3fed37bec6,https://sketchfab.com/3d-models/289ad3ba92f54a9a83cbfd3fed37bec6,glbs/000-146/289ad3ba92f54a9a83cbfd3fed37bec6.glb,000-146,432c9381e84603b81be91bcc6e3ca6ab73a715cebbf9a0a3586d8eebe1fb52ea,screen
242,bd6475a7caf14feebda59ee1d190a353,by,by,255brandless - Copy,Calin.Justis.Mercer,Calin.Justis.Mercer,https://api.sketchfab.com/v3/models/bd6475a7caf14feebda59ee1d190a353,https://sketchfab.com/3d-models/bd6475a7caf14feebda59ee1d190a353,glbs/000-010/bd6475a7caf14feebda59ee1d190a353.glb,000-010,84eabbb408ce0a09902183bdce9f79435700f2f6679506b79846aadcd9a32552,screen
243,6a172232bede4111a0fed278eae570a8,by,by,Hydraulisk Hand.,hampus.beijer,hampus.beijer,https://api.sketchfab.com/v3/models/6a172232bede4111a0fed278eae570a8,https://sketchfab.com/3d-models/6a172232bede4111a0fed278eae570a8,glbs/000-004/6a172232bede4111a0fed278eae570a8.glb,000-004,14aff8e4390cd2ee271888f49c83f3745a2d00b02f7b44e569d68f88a9f0bebf,screen
244,5233072cb81145b99a06eaa94eafdd2e,by,by,Low Poly GolfCart,apolodz,apolodz,https://api.sketchfab.com/v3/models/5233072cb81145b99a06eaa94eafdd2e,https://sketchfab.com/3d-models/5233072cb81145b99a06eaa94eafdd2e,glbs/000-148/5233072cb81145b99a06eaa94eafdd2e.glb,000-148,550a717ab88d4a6210e3914e7dd89c4b435815a7e877cc40c58d356323f9278a,screen
245,2e65ffa844084d51bd3d275d8383878d,by,by,Amazing Sword,arongore,arongore,https://api.sketchfab.com/v3/models/2e65ffa844084d51bd3d275d8383878d,https://sketchfab.com/3d-models/2e65ffa844084d51bd3d275d8383878d,glbs/000-039/2e65ffa844084d51bd3d275d8383878d.glb,000-039,48fba0bb67d790c900dceab75cd29437427b45a9febd51a1f2611a1e5b5f2fbd,screen
246,b277e5c8c7974d0db1e9bbdbd822653a,by,by,unicornkardashianwest,shr1dhar,shr1dhar,https://api.sketchfab.com/v3/models/b277e5c8c7974d0db1e9bbdbd822653a,https://sketchfab.com/3d-models/b277e5c8c7974d0db1e9bbdbd822653a,glbs/000-072/b277e5c8c7974d0db1e9bbdbd822653a.glb,000-072,b64fc310e466334c536521755aec6b040977de41edb985813bfba521b1035db2,screen
247,10344179ccf84978ac2523dcf29ead72,by,by,Interactive RTF project,AnalynAlizabeth,AnalynAlizabeth,https://api.sketchfab.com/v3/models/10344179ccf84978ac2523dcf29ead72,https://sketchfab.com/3d-models/10344179ccf84978ac2523dcf29ead72,glbs/000-024/10344179ccf84978ac2523dcf29ead72.glb,000-024,f7a12395bc396b8e8fb0162f0fe60ee43b42b7cfb3a215bde9866074ae41a566,screen
248,449e82dd0724454496eb9e26af3b8810,by,by,Personaje 2,Cristopher.Zhan-Hui.Su.Tueros,Cristopher.Zhan-Hui.Su.Tueros,https://api.sketchfab.com/v3/models/449e82dd0724454496eb9e26af3b8810,https://sketchfab.com/3d-models/449e82dd0724454496eb9e26af3b8810,glbs/000-005/449e82dd0724454496eb9e26af3b8810.glb,000-005,ab46e859e11272010fbcff35eadb696ce9623ddfb61c44bcc208ba94ae5fa320,screen
249,2fe3e290f7764f7a9f784cba8541191b,by,by,AET326_Rocking_Horse_Color,Gloria Kim,gloriakim,https://api.sketchfab.com/v3/models/2fe3e290f7764f7a9f784cba8541191b,https://sketchfab.com/3d-models/2fe3e290f7764f7a9f784cba8541191b,glbs/000-108/2fe3e290f7764f7a9f784cba8541191b.glb,000-108,279c216902aa2d886c281455309931522668576c7ea55826e406e4832cc0e1d4,screen
250,6f3be847200a4c1081291170d6c8e3a8,by,by,0-0299AE,Kieranlee94,Kieranlee94,https://api.sketchfab.com/v3/models/6f3be847200a4c1081291170d6c8e3a8,https://sketchfab.com/3d-models/6f3be847200a4c1081291170d6c8e3a8,glbs/000-126/6f3be847200a4c1081291170d6c8e3a8.glb,000-126,f635041d28886470816033610b75d09424e4e9dd5b316ce7ce01da10f8f0b42b,screen
251,5bd38fdd241a418aaeeeb633122a87a2,by,by,[HW_XYZ School]-silhouette,iraida,iraida,https://api.sketchfab.com/v3/models/5bd38fdd241a418aaeeeb633122a87a2,https://sketchfab.com/3d-models/5bd38fdd241a418aaeeeb633122a87a2,glbs/000-003/5bd38fdd241a418aaeeeb633122a87a2.glb,000-003,a81c8aea7da13ffb156cfe2bea5d3b24f6c71454b1aa0f10c14e439978f91a4e,screen
252,c7618f1969044154bb47b6fa62bd6e1c,by,by,DIG4870C Assignment 1 Abstract Model,3DR3Xa,3DR3Xa,https://api.sketchfab.com/v3/models/c7618f1969044154bb47b6fa62bd6e1c,https://sketchfab.com/3d-models/c7618f1969044154bb47b6fa62bd6e1c,glbs/000-019/c7618f1969044154bb47b6fa62bd6e1c.glb,000-019,e810d299af9e54d05161106fa27aa1d86006174d3e09d3cd52ea453732a694ae,screen
253,6811aeb955374305a9d46691910ffb8f,by,by,GrimmChild AnimTest,TrixxedHeart,TrixxedHeart,https://api.sketchfab.com/v3/models/6811aeb955374305a9d46691910ffb8f,https://sketchfab.com/3d-models/6811aeb955374305a9d46691910ffb8f,glbs/000-108/6811aeb955374305a9d46691910ffb8f.glb,000-108,279c216902aa2d886c281455309931522668576c7ea55826e406e4832cc0e1d4,screen
254,6eb03758e21741f18dd28ee7562606dc,by,by,Moondust Tractor beam emitter,Octane reboot,Redwthr,https://api.sketchfab.com/v3/models/6eb03758e21741f18dd28ee7562606dc,https://sketchfab.com/3d-models/6eb03758e21741f18dd28ee7562606dc,glbs/000-155/6eb03758e21741f18dd28ee7562606dc.glb,000-155,5daa36c171be86be9d8ea631d3196e165c3d35404402d1cc5c7e1f277627791f,screen
255,2238fa39a5ba454a82a5b45070a5679f,by,by,Голова лошади. Скульптура,darwinmuseum.ru,darwinmuseum.ru,https://api.sketchfab.com/v3/models/2238fa39a5ba454a82a5b45070a5679f,https://sketchfab.com/3d-models/2238fa39a5ba454a82a5b45070a5679f,glbs/000-159/2238fa39a5ba454a82a5b45070a5679f.glb,000-159,f32c359612f640343302334334491f66c5a1b2901aae3733c1dec0f97cf83706,screen
256,9e393e02d3d54e538d0512687a54bd35,by,by,Fantasy Sword,Sarath K,sarath.irn.kat005,https://api.sketchfab.com/v3/models/9e393e02d3d54e538d0512687a54bd35,https://sketchfab.com/3d-models/9e393e02d3d54e538d0512687a54bd35,glbs/000-083/9e393e02d3d54e538d0512687a54bd35.glb,000-083,a316f61532b32fb8c4ffb50e643641f972e8891f8e40c3256f237f6992339a7e,screen
257,23363d8edb2545eaa1c22a4dbfe3adc6,by,by,Sci-fi Sword,rohitparadkar,rohitparadkar,https://api.sketchfab.com/v3/models/23363d8edb2545eaa1c22a4dbfe3adc6,https://sketchfab.com/3d-models/23363d8edb2545eaa1c22a4dbfe3adc6,glbs/000-082/23363d8edb2545eaa1c22a4dbfe3adc6.glb,000-082,88ad3639db469dd65927897b611d91348a753750a1f0b50907375904beefbc91,screen
258,51da21c41cf1420db5597ae4942e16cf,by,by,A07214AP,AcornTimber,AcornTimber,https://api.sketchfab.com/v3/models/51da21c41cf1420db5597ae4942e16cf,https://sketchfab.com/3d-models/51da21c41cf1420db5597ae4942e16cf,glbs/000-033/51da21c41cf1420db5597ae4942e16cf.glb,000-033,66f44bc2bb3a3dbb40db3ee67c90627babdc443c19947ad9342caa07f825f734,screen
259,0732f2ade01e4d34b6ca48737e8031dd,by,by,Lindsay_Haydock,Alan Grice Staircase Co Ltd,agrice,https://api.sketchfab.com/v3/models/0732f2ade01e4d34b6ca48737e8031dd,https://sketchfab.com/3d-models/0732f2ade01e4d34b6ca48737e8031dd,glbs/000-142/0732f2ade01e4d34b6ca48737e8031dd.glb,000-142,65ce47bebe6d1a450e835d20e3281d3b0a5beb1d33d8a832b9869e8ee622343e,screen
260,a7c75a8cdbd24d91adb8bb57bdb946df,by-sa,by-sa,Kayaköy / Levissi - Shop,Sinan Ihtiyaroglu,mimarsinan,https://api.sketchfab.com/v3/models/a7c75a8cdbd24d91adb8bb57bdb946df,https://sketchfab.com/3d-models/a7c75a8cdbd24d91adb8bb57bdb946df,glbs/000-080/a7c75a8cdbd24d91adb8bb57bdb946df.glb,000-080,b5c81dfa5a360aeac5e330c7754c18607e3b32b96182f7369d60c737245e9152,screen
261,1c4202d559da4909b4d0eb6740914e19,by,by,LPW(Low Polygon Well),MZone,614617010007,https://api.sketchfab.com/v3/models/1c4202d559da4909b4d0eb6740914e19,https://sketchfab.com/3d-models/1c4202d559da4909b4d0eb6740914e19,glbs/000-086/1c4202d559da4909b4d0eb6740914e19.glb,000-086,af7aedf1738e7415dd4cc130ca6a8a3efca2490616831dc37abe626dee2a4e73,screen
262,b9f70e18badd4b91b26833d21fc74d46,by,by,Robolihno 2000,AR-RANGE,dyfuzja,https://api.sketchfab.com/v3/models/b9f70e18badd4b91b26833d21fc74d46,https://sketchfab.com/3d-models/b9f70e18badd4b91b26833d21fc74d46,glbs/000-131/b9f70e18badd4b91b26833d21fc74d46.glb,000-131,f3fec9d26f76ae4e079807fc5ae79b1695e7040b57e5a81ebb48bee8fe15f6e4,screen
263,deb9e1da61734e528938e9deae33a5b3,by,by,shuriken,piter pen,losskill,https://api.sketchfab.com/v3/models/deb9e1da61734e528938e9deae33a5b3,https://sketchfab.com/3d-models/deb9e1da61734e528938e9deae33a5b3,glbs/000-038/deb9e1da61734e528938e9deae33a5b3.glb,000-038,97a63d6ee11dc9fc9211bb656f02e2939726a46b3f6efda96f6529625af75b28,screen
264,ff9c0dde7a454beda72f2c0fc7ade136,by,by,Novotech 357541,Lustron.ru,svetmagaz,https://api.sketchfab.com/v3/models/ff9c0dde7a454beda72f2c0fc7ade136,https://sketchfab.com/3d-models/ff9c0dde7a454beda72f2c0fc7ade136,glbs/000-072/ff9c0dde7a454beda72f2c0fc7ade136.glb,000-072,b64fc310e466334c536521755aec6b040977de41edb985813bfba521b1035db2,screen
265,9e30c4136c55440cb98989a5d4cd755a,by,by,Armour from Gammertingen: (old version),Aleksei Moskvin,alekseimoskvin1,https://api.sketchfab.com/v3/models/9e30c4136c55440cb98989a5d4cd755a,https://sketchfab.com/3d-models/9e30c4136c55440cb98989a5d4cd755a,glbs/000-086/9e30c4136c55440cb98989a5d4cd755a.glb,000-086,af7aedf1738e7415dd4cc130ca6a8a3efca2490616831dc37abe626dee2a4e73,screen
266,c9a156e8fd1c4556adf53e23c9badedd,by,by,26997A,mstam,mstam,https://api.sketchfab.com/v3/models/c9a156e8fd1c4556adf53e23c9badedd,https://sketchfab.com/3d-models/c9a156e8fd1c4556adf53e23c9badedd,glbs/000-015/c9a156e8fd1c4556adf53e23c9badedd.glb,000-015,60ff99f4196cb0d1346f427479f23c5264893e81674fae1f15231f8e50d449ac,screen
267,3714f76210ae4523bbf2c6446b5c73db,by,by,bohr's model of helium  /  نموذج بور للهيليوم,Lucian_,Lucian_,https://api.sketchfab.com/v3/models/3714f76210ae4523bbf2c6446b5c73db,https://sketchfab.com/3d-models/3714f76210ae4523bbf2c6446b5c73db,glbs/000-084/3714f76210ae4523bbf2c6446b5c73db.glb,000-084,3884cd5b74379023235e38c2f4d18edfa1deaa41161f585fd27bf0d130d1d819,screen
268,ebc5938fe6a04b5bbd5312fa2abb9ba5,by,by,ROMANO2,dan_r24,dan_r24,https://api.sketchfab.com/v3/models/ebc5938fe6a04b5bbd5312fa2abb9ba5,https://sketchfab.com/3d-models/ebc5938fe6a04b5bbd5312fa2abb9ba5,glbs/000-030/ebc5938fe6a04b5bbd5312fa2abb9ba5.glb,000-030,e8f422180c32e35e70f0ec8bb069da6629e056cebad3d913d903929feeb62c12,screen
269,a857ec8b963d45dea703d3bec04b3913,by,by,Low Poly R8,f8_chill_yt,f8_chill_yt,https://api.sketchfab.com/v3/models/a857ec8b963d45dea703d3bec04b3913,https://sketchfab.com/3d-models/a857ec8b963d45dea703d3bec04b3913,glbs/000-031/a857ec8b963d45dea703d3bec04b3913.glb,000-031,8d867a5ab0f47609c99248ecc7522765386389612c2c37e39a266ac4dab300bd,screen
270,61147d45fa974cf1b9dde544ad1c3868,by,by,Do-475: Pendent,bsu_aal,bsu_aal,https://api.sketchfab.com/v3/models/61147d45fa974cf1b9dde544ad1c3868,https://sketchfab.com/3d-models/61147d45fa974cf1b9dde544ad1c3868,glbs/000-096/61147d45fa974cf1b9dde544ad1c3868.glb,000-096,3a1558f94d8b3653478065a94bebef63c01168cca91a3c16a95fbca29c9727f1,screen
271,63ae895edb69438092d12afbcce3f924,by,by,Blue Jam Ribbon,Anigraf,anigraf,https://api.sketchfab.com/v3/models/63ae895edb69438092d12afbcce3f924,https://sketchfab.com/3d-models/63ae895edb69438092d12afbcce3f924,glbs/000-145/63ae895edb69438092d12afbcce3f924.glb,000-145,df296fe523db8f1a215dad584a45f598857d06d4f5fc171097e7bb347999d48e,screen
272,e29898287dc1468392cc5ea67594644c,by,by,Stereo,sendpie,sendpie,https://api.sketchfab.com/v3/models/e29898287dc1468392cc5ea67594644c,https://sketchfab.com/3d-models/e29898287dc1468392cc5ea67594644c,glbs/000-125/e29898287dc1468392cc5ea67594644c.glb,000-125,27cabc2fdde84b891259916235b2f5e7540afef17b60bbb0f3488e0cd10636fe,screen
273,b0b31827ac734c0ca9545dc85b92e3a0,by,by,Mc Donald's Logo (TCF Parody) Remake (UPDATE),kean.com,Jatekcsak,https://api.sketchfab.com/v3/models/b0b31827ac734c0ca9545dc85b92e3a0,https://sketchfab.com/3d-models/b0b31827ac734c0ca9545dc85b92e3a0,glbs/000-133/b0b31827ac734c0ca9545dc85b92e3a0.glb,000-133,a8f3a915a07672d6cdc11aeec315a2f7360c7872d2dc850e5e07a5cae753c703,screen
274,eae3544830aa4b8aa13d4a7a0bd4e33f,by,by,Sobrado - Josue Correa,Jean Parizoto,parizoto,https://api.sketchfab.com/v3/models/eae3544830aa4b8aa13d4a7a0bd4e33f,https://sketchfab.com/3d-models/eae3544830aa4b8aa13d4a7a0bd4e33f,glbs/000-139/eae3544830aa4b8aa13d4a7a0bd4e33f.glb,000-139,55e1d193e69fe81c540cf6097ec751cffc2ca4db9e1809cd5cf1de534ca6c34f,screen
275,0f9579e2d298480aa26a0d9fed9307a9,by,by,Low Poly Mesh Base,justice2free,justice2free,https://api.sketchfab.com/v3/models/0f9579e2d298480aa26a0d9fed9307a9,https://sketchfab.com/3d-models/0f9579e2d298480aa26a0d9fed9307a9,glbs/000-011/0f9579e2d298480aa26a0d9fed9307a9.glb,000-011,4ccfefd99e8348263643fa9ccbd9cc228b1bdcf4ee94b4ed7a9005d07ec7aea9,screen
276,168ea1c24d724bf2bff89e190e27e6ac,by,by,Dom_w_Kostrzewach_4_(Lulkowo),Wiazary,Wiazary,https://api.sketchfab.com/v3/models/168ea1c24d724bf2bff89e190e27e6ac,https://sketchfab.com/3d-models/168ea1c24d724bf2bff89e190e27e6ac,glbs/000-088/168ea1c24d724bf2bff89e190e27e6ac.glb,000-088,ba9d9532e774f93e1b4edd5f942bc2e4cc4c20a0f27db2762eda60804d1f85ab,screen
277,df9b812fed984fe7b07056cb7fab78a9,by,by,Stone formation in Hausjärvi Finland,msinerva,msinerva,https://api.sketchfab.com/v3/models/df9b812fed984fe7b07056cb7fab78a9,https://sketchfab.com/3d-models/df9b812fed984fe7b07056cb7fab78a9,glbs/000-022/df9b812fed984fe7b07056cb7fab78a9.glb,000-022,7f427265050b1644d9a83ead7fa7eb303c9fc5cd818b03bbb53e5d5967d5e0ff,screen
278,d13ae5125d6e4aca9039df1a2bea8740,by,by,XYZ_DraftPunk4_HW2_10drafts,A1ex_Thunder,A1ex_Thunder,https://api.sketchfab.com/v3/models/d13ae5125d6e4aca9039df1a2bea8740,https://sketchfab.com/3d-models/d13ae5125d6e4aca9039df1a2bea8740,glbs/000-100/d13ae5125d6e4aca9039df1a2bea8740.glb,000-100,d7c68c115828d1a5f38e722faa3c52c0d394ad74f24b42be5eac1e00e69b45a0,screen
279,c922326181b943ebbb6daa5376a247b8,by,by,Pill Bottle,urbanmasque,urbanmasque,https://api.sketchfab.com/v3/models/c922326181b943ebbb6daa5376a247b8,https://sketchfab.com/3d-models/c922326181b943ebbb6daa5376a247b8,glbs/000-010/c922326181b943ebbb6daa5376a247b8.glb,000-010,84eabbb408ce0a09902183bdce9f79435700f2f6679506b79846aadcd9a32552,screen
280,8d1381af68fd4f4d873c6d34f51f21df,by,by,Abstract Assignment,elmmurphy,tiredtbh,https://api.sketchfab.com/v3/models/8d1381af68fd4f4d873c6d34f51f21df,https://sketchfab.com/3d-models/8d1381af68fd4f4d873c6d34f51f21df,glbs/000-134/8d1381af68fd4f4d873c6d34f51f21df.glb,000-134,c437a3da74de49a7393d03a5dcdcbec1f4ae0da1f2152793f2b1ccaf6a5bd652,screen
281,8a2e8ea27e6d40f0b3776cbe3a7d6101,by,by,Sofa unfolding animation,tomkranis,tomkranis,https://api.sketchfab.com/v3/models/8a2e8ea27e6d40f0b3776cbe3a7d6101,https://sketchfab.com/3d-models/8a2e8ea27e6d40f0b3776cbe3a7d6101,glbs/000-061/8a2e8ea27e6d40f0b3776cbe3a7d6101.glb,000-061,513a702b8cb40fc10c2cd2edcd33d3a111a52eb4bc9d4a0008ec8d26b87eaaa1,screen
282,1b0fd7f10ef84650bde143a4dba1a701,by,by,"Green Iguan, re-created (not mine)",dievitacola,dievitacola,https://api.sketchfab.com/v3/models/1b0fd7f10ef84650bde143a4dba1a701,https://sketchfab.com/3d-models/1b0fd7f10ef84650bde143a4dba1a701,glbs/000-132/1b0fd7f10ef84650bde143a4dba1a701.glb,000-132,688aceaebedf57e9bb98c960981333ea4069fe97c3e6083005ffcc72ec4eb98f,screen
283,a5bc3cda07174903a49c9535839d50e1,by,by,Coco Bandicoot,howardlipscomb819,howardlipscomb819,https://api.sketchfab.com/v3/models/a5bc3cda07174903a49c9535839d50e1,https://sketchfab.com/3d-models/a5bc3cda07174903a49c9535839d50e1,glbs/000-029/a5bc3cda07174903a49c9535839d50e1.glb,000-029,c64b5971a3d46e4436280d41abe19bbb6d9acf8cdd893f99fcb0b0a1572edc88,screen
284,4c7f46e299224f7e9954c22767e24baa,by,by,Wooden wheelbarrow,11.10melons,11.10melons,https://api.sketchfab.com/v3/models/4c7f46e299224f7e9954c22767e24baa,https://sketchfab.com/3d-models/4c7f46e299224f7e9954c22767e24baa,glbs/000-065/4c7f46e299224f7e9954c22767e24baa.glb,000-065,625bcfcbd08d80db0efade77928d9ea1d08763e44e37fcd5adef9a7ddeed2713,screen
285,75dc5d1d60c94d19966a9e67bb78aeda,by,by,HomeWork07_DruftPunk_3.0,Kadaj,Kadaj,https://api.sketchfab.com/v3/models/75dc5d1d60c94d19966a9e67bb78aeda,https://sketchfab.com/3d-models/75dc5d1d60c94d19966a9e67bb78aeda,glbs/000-040/75dc5d1d60c94d19966a9e67bb78aeda.glb,000-040,05a0d7378fe70ba4681afb5fb10d1b32d22134301b94b7483177b64ba0421eae,screen
286,f1ccc55a65c744d7be201bf11b980e4d,by,by,Lilo Low Poly,Powercraft,Powercraft,https://api.sketchfab.com/v3/models/f1ccc55a65c744d7be201bf11b980e4d,https://sketchfab.com/3d-models/f1ccc55a65c744d7be201bf11b980e4d,glbs/000-124/f1ccc55a65c744d7be201bf11b980e4d.glb,000-124,382d3854cfbfecfc86122931bf81756ef8bf523668537f2b84b4efc1a098e0eb,screen
287,0fd7dd34038c4896a9a6e86b8a285d1d,by,by,J345_PF_DH2,ISF&T,Innosteel,https://api.sketchfab.com/v3/models/0fd7dd34038c4896a9a6e86b8a285d1d,https://sketchfab.com/3d-models/0fd7dd34038c4896a9a6e86b8a285d1d,glbs/000-008/0fd7dd34038c4896a9a6e86b8a285d1d.glb,000-008,d02734b9318322d248c366193e25187897dfb94091e3034c86c5b43a4d641764,screen
288,f3954f2a712c4209b7e66ac6b93a347c,by,by,u-2s,helijah,helijah,https://api.sketchfab.com/v3/models/f3954f2a712c4209b7e66ac6b93a347c,https://sketchfab.com/3d-models/f3954f2a712c4209b7e66ac6b93a347c,glbs/000-132/f3954f2a712c4209b7e66ac6b93a347c.glb,000-132,688aceaebedf57e9bb98c960981333ea4069fe97c3e6083005ffcc72ec4eb98f,screen
289,b3c84129a0884722b61e9434876bea99,by,by,JN0330 Parson,Elite Steel Framing,elitesteelframing,https://api.sketchfab.com/v3/models/b3c84129a0884722b61e9434876bea99,https://sketchfab.com/3d-models/b3c84129a0884722b61e9434876bea99,glbs/000-110/b3c84129a0884722b61e9434876bea99.glb,000-110,d93aee8e0316a794dae1aeff7acd2c1cb84cecd2c12862c6fa782f6b96dc9b19,screen
290,427a94c8194947fba076c385e2c49206,by,by,XYZ: stylised tiny sushi restaurant,merryminder,merryminder,https://api.sketchfab.com/v3/models/427a94c8194947fba076c385e2c49206,https://sketchfab.com/3d-models/427a94c8194947fba076c385e2c49206,glbs/000-004/427a94c8194947fba076c385e2c49206.glb,000-004,14aff8e4390cd2ee271888f49c83f3745a2d00b02f7b44e569d68f88a9f0bebf,screen
291,49efa66f7e9c417994962e7671c89651,by,by,Trophy 5 7742825 7742832 7742846 7742866 (1),nmo2409,nmo2409,https://api.sketchfab.com/v3/models/49efa66f7e9c417994962e7671c89651,https://sketchfab.com/3d-models/49efa66f7e9c417994962e7671c89651,glbs/000-147/49efa66f7e9c417994962e7671c89651.glb,000-147,837ed6eae1ebd28736a3187f0c0e158ae676117233813ea92845f169d137dfe9,screen
292,837fa339b6c74140bd1946e5249d63f0,by,by,J31LR,Excel Stairs Ltd,paul7732,https://api.sketchfab.com/v3/models/837fa339b6c74140bd1946e5249d63f0,https://sketchfab.com/3d-models/837fa339b6c74140bd1946e5249d63f0,glbs/000-049/837fa339b6c74140bd1946e5249d63f0.glb,000-049,985b026d6d3dd4de616024c5c0b74a67d2647a141e7817b24d3a78d63d715665,screen
293,ebb48e762dd64bf7949e1c931f33d0b1,by,by,A Part Bird Woman,DejaVuu,DejaVuu,https://api.sketchfab.com/v3/models/ebb48e762dd64bf7949e1c931f33d0b1,https://sketchfab.com/3d-models/ebb48e762dd64bf7949e1c931f33d0b1,glbs/000-153/ebb48e762dd64bf7949e1c931f33d0b1.glb,000-153,6e3a49a5b798383b76a1e5afada18c3d2253e64c809ccd19b6c05bae327e0ad9,screen
294,5d7cc423c1b94bf38cd80036f6ca81ff,by,by,TF Engenharia - Instalações e Estrutural,TF Engenharia,thiago.fretezdesouza,https://api.sketchfab.com/v3/models/5d7cc423c1b94bf38cd80036f6ca81ff,https://sketchfab.com/3d-models/5d7cc423c1b94bf38cd80036f6ca81ff,glbs/000-067/5d7cc423c1b94bf38cd80036f6ca81ff.glb,000-067,c14d4e855ed8cef6084c5154c37b0bd8df76fe8af70604f3c91fe2cd28d9a094,screen
295,3fef443e20504e0b8a6b9f94a8602780,by,by,2. БРУ-А+,OKAN,okan3d,https://api.sketchfab.com/v3/models/3fef443e20504e0b8a6b9f94a8602780,https://sketchfab.com/3d-models/3fef443e20504e0b8a6b9f94a8602780,glbs/000-157/3fef443e20504e0b8a6b9f94a8602780.glb,000-157,3de40df8e0ff60006efc36a86597723d3a46267bf510b5dcb9814cbee2c49964,screen
296,af0b455df54f445eb95361ca43e76145,by,by,g,prostair.pl,prostair.pl,https://api.sketchfab.com/v3/models/af0b455df54f445eb95361ca43e76145,https://sketchfab.com/3d-models/af0b455df54f445eb95361ca43e76145,glbs/000-065/af0b455df54f445eb95361ca43e76145.glb,000-065,625bcfcbd08d80db0efade77928d9ea1d08763e44e37fcd5adef9a7ddeed2713,screen
297,158632b620804556b0c110a377d0157c,by,by,04_Fazendas_00_04_02,Luiz Severo,luiz.severo,https://api.sketchfab.com/v3/models/158632b620804556b0c110a377d0157c,https://sketchfab.com/3d-models/158632b620804556b0c110a377d0157c,glbs/000-017/158632b620804556b0c110a377d0157c.glb,000-017,b0101f1a44140cf8863366960473e4f242947d174f0afaf54efd00636d5a742f,screen
298,fd5b341b57584b648bf1abc580237acb,by,by,Crate,AustinPugh03,AustinPugh03,https://api.sketchfab.com/v3/models/fd5b341b57584b648bf1abc580237acb,https://sketchfab.com/3d-models/fd5b341b57584b648bf1abc580237acb,glbs/000-126/fd5b341b57584b648bf1abc580237acb.glb,000-126,f635041d28886470816033610b75d09424e4e9dd5b316ce7ce01da10f8f0b42b,screen
299,e75a9bbd13cb417da5f9712ec9b4aa04,by,by,L,prostair.pl,prostair.pl,https://api.sketchfab.com/v3/models/e75a9bbd13cb417da5f9712ec9b4aa04,https://sketchfab.com/3d-models/e75a9bbd13cb417da5f9712ec9b4aa04,glbs/000-087/e75a9bbd13cb417da5f9712ec9b4aa04.glb,000-087,5809ab619c710a57d4de017b30c90b3108f62e45503b567efc03105c657b26f9,screen
300,fd0d11200ba54e2e94c66134007c55b4,by,by,Alterita120 Oby,KRONZI,crosslag,https://api.sketchfab.com/v3/models/fd0d11200ba54e2e94c66134007c55b4,https://sketchfab.com/3d-models/fd0d11200ba54e2e94c66134007c55b4,glbs/000-121/fd0d11200ba54e2e94c66134007c55b4.glb,000-121,6166e9139c333ac10009bf9a11f6498eaf2fadf22a26f2290dcbf85e5d9797b1,screen
301,85298882495d4477b6f4777d64c684ee,by,by,Cg1 6,upload1,upload1,https://api.sketchfab.com/v3/models/85298882495d4477b6f4777d64c684ee,https://sketchfab.com/3d-models/85298882495d4477b6f4777d64c684ee,glbs/000-069/85298882495d4477b6f4777d64c684ee.glb,000-069,c2934f17e53537c26e37e7d1ce20895ab404b350fa7deb1c55dc72f671c43a3a,screen
302,718fc6b9402a462ca4f66e39cbea4557,by,by,Berkley Rem,Griggs Timber Company,JGriggs,https://api.sketchfab.com/v3/models/718fc6b9402a462ca4f66e39cbea4557,https://sketchfab.com/3d-models/718fc6b9402a462ca4f66e39cbea4557,glbs/000-056/718fc6b9402a462ca4f66e39cbea4557.glb,000-056,2bcc33665558ca3b99d96ea4b120b19ada15607793e2d4578eb7c98ca5ef74b5,screen
303,f80b6dd761e5464aad8a60028e3e6971,by,by,Phòng ngủ bé gái,Nội Thất Đương Đại,noithatduongdai,https://api.sketchfab.com/v3/models/f80b6dd761e5464aad8a60028e3e6971,https://sketchfab.com/3d-models/f80b6dd761e5464aad8a60028e3e6971,glbs/000-014/f80b6dd761e5464aad8a60028e3e6971.glb,000-014,5ea360089dd712ded220ca941043617b5d568d422e30c94bcb32c55172f12744,screen
304,56fba0847d1548f88e0d2fb8a7237871,by,by,Preliminar rev1,HABITUALENGENHARIA,HABITUALENGENHARIA,https://api.sketchfab.com/v3/models/56fba0847d1548f88e0d2fb8a7237871,https://sketchfab.com/3d-models/56fba0847d1548f88e0d2fb8a7237871,glbs/000-108/56fba0847d1548f88e0d2fb8a7237871.glb,000-108,279c216902aa2d886c281455309931522668576c7ea55826e406e4832cc0e1d4,screen
305,e5695e49d7244436b4bc6929bc6990b8,by,by,M4a1 CS:GO,Davidgnl7,Davidgnl7,https://api.sketchfab.com/v3/models/e5695e49d7244436b4bc6929bc6990b8,https://sketchfab.com/3d-models/e5695e49d7244436b4bc6929bc6990b8,glbs/000-096/e5695e49d7244436b4bc6929bc6990b8.glb,000-096,3a1558f94d8b3653478065a94bebef63c01168cca91a3c16a95fbca29c9727f1,screen
306,2e63042e5da54bd1ab9a122ad3b987b9,by,by,Chua Tien - Thanh Hoa,solaaerial,solaaerial,https://api.sketchfab.com/v3/models/2e63042e5da54bd1ab9a122ad3b987b9,https://sketchfab.com/3d-models/2e63042e5da54bd1ab9a122ad3b987b9,glbs/000-157/2e63042e5da54bd1ab9a122ad3b987b9.glb,000-157,3de40df8e0ff60006efc36a86597723d3a46267bf510b5dcb9814cbee2c49964,screen
307,5844fb3502a04963b74b8452aeb52f07,by,by,Кісткова тканина (суто лицева сторона),Pavlo.Jesyp,Pavlo.Jesyp,https://api.sketchfab.com/v3/models/5844fb3502a04963b74b8452aeb52f07,https://sketchfab.com/3d-models/5844fb3502a04963b74b8452aeb52f07,glbs/000-007/5844fb3502a04963b74b8452aeb52f07.glb,000-007,5309e4d0ca7047efdfdfad8ba68b3e210470a84b17e4c4fa5d1fc125fc6f4c84,screen
308,051866dbfd054270ba58110b78ae6980,by,by,312: Fake Flower,alexdelker,alexdelker,https://api.sketchfab.com/v3/models/051866dbfd054270ba58110b78ae6980,https://sketchfab.com/3d-models/051866dbfd054270ba58110b78ae6980,glbs/000-065/051866dbfd054270ba58110b78ae6980.glb,000-065,625bcfcbd08d80db0efade77928d9ea1d08763e44e37fcd5adef9a7ddeed2713,screen
309,139dc833c2d142ff87841dbea75c458d,by,by,poop,Shaun.Seidman,Shaun.Seidman,https://api.sketchfab.com/v3/models/139dc833c2d142ff87841dbea75c458d,https://sketchfab.com/3d-models/139dc833c2d142ff87841dbea75c458d,glbs/000-114/139dc833c2d142ff87841dbea75c458d.glb,000-114,e05e741fa08183db9b8b69b28d0839dfd477f0b084cee78d6a3f9137c3dbacea,screen
310,a402673e6af0438c96ea5ef1388b2336,by,by,Army_Soldier_19,BlackSpire,blackspire,https://api.sketchfab.com/v3/models/a402673e6af0438c96ea5ef1388b2336,https://sketchfab.com/3d-models/a402673e6af0438c96ea5ef1388b2336,glbs/000-041/a402673e6af0438c96ea5ef1388b2336.glb,000-041,6f460a2aa5c92d9d78843ffe9029d9c00d649a47e2f814067199033d6f3d33ba,screen
311,35e3c1c992dd4e7c9677a341a66db6bf,by,by,Tessa,spuddedbutt,spuddedbutt,https://api.sketchfab.com/v3/models/35e3c1c992dd4e7c9677a341a66db6bf,https://sketchfab.com/3d-models/35e3c1c992dd4e7c9677a341a66db6bf,glbs/000-135/35e3c1c992dd4e7c9677a341a66db6bf.glb,000-135,4600a2aa558855cfaf6431a70974570f4f3fce1f0b0a524c238d572ef584b27d,screen
312,52fa134e62bf4dba9fa9defd5e7bfc1e,by,by,EPS232_Lab_S6,jackolivershaw,jackolivershaw,https://api.sketchfab.com/v3/models/52fa134e62bf4dba9fa9defd5e7bfc1e,https://sketchfab.com/3d-models/52fa134e62bf4dba9fa9defd5e7bfc1e,glbs/000-016/52fa134e62bf4dba9fa9defd5e7bfc1e.glb,000-016,a40e37f4c521f96bf29b0c8a2b5e181a71621c6833aec23da68c2bace6790d14,screen
313,2d13013f4b434f22a78ee43909b0eda2,by,by,09282020_Bowen_Lew_IncomCube,CATHERINE_BOWEN,CATHERINE_BOWEN,https://api.sketchfab.com/v3/models/2d13013f4b434f22a78ee43909b0eda2,https://sketchfab.com/3d-models/2d13013f4b434f22a78ee43909b0eda2,glbs/000-127/2d13013f4b434f22a78ee43909b0eda2.glb,000-127,4150815f120e312a4c137846e79e97501550c389b367bb9e7ced640034f7a1ac,screen
314,ad8068fd8ca1464b87c2c0d8b1be187e,by,by,Satah Ufuk,syasya.affandi,syasya.affandi,https://api.sketchfab.com/v3/models/ad8068fd8ca1464b87c2c0d8b1be187e,https://sketchfab.com/3d-models/ad8068fd8ca1464b87c2c0d8b1be187e,glbs/000-130/ad8068fd8ca1464b87c2c0d8b1be187e.glb,000-130,ea62d573ba065e3ab3b4d78677005552d9199fa1f85902a3ed9597c67da3ab43,screen
315,7e0537756f2a4ebbb156a64610bf8e94,by,by,Idrettsveien Tine,Stolmark,stolmark,https://api.sketchfab.com/v3/models/7e0537756f2a4ebbb156a64610bf8e94,https://sketchfab.com/3d-models/7e0537756f2a4ebbb156a64610bf8e94,glbs/000-118/7e0537756f2a4ebbb156a64610bf8e94.glb,000-118,aaae316f3f829831503ed7c319f159b828f35a172d6de3302c01155e3d5e4abd,screen
316,d8c749a16e82414e8053a9a2fe3ca836,by,by,Y4_S1_Stefan_Jijang,kemjira.laorsuwan,kemjira.laorsuwan,https://api.sketchfab.com/v3/models/d8c749a16e82414e8053a9a2fe3ca836,https://sketchfab.com/3d-models/d8c749a16e82414e8053a9a2fe3ca836,glbs/000-051/d8c749a16e82414e8053a9a2fe3ca836.glb,000-051,b89bf615f401a220d2ae0e5d2f038639e3721bd04d7df59d202bdaccc0426f68,screen
317,4c442564f38e4b63a3b7a1ce52f33d22,by-sa,by-sa,Backpack,Thunder,thunderpwn,https://api.sketchfab.com/v3/models/4c442564f38e4b63a3b7a1ce52f33d22,https://sketchfab.com/3d-models/4c442564f38e4b63a3b7a1ce52f33d22,glbs/000-003/4c442564f38e4b63a3b7a1ce52f33d22.glb,000-003,a81c8aea7da13ffb156cfe2bea5d3b24f6c71454b1aa0f10c14e439978f91a4e,screen
318,84b52560fc4c407db99d095098945412,by,by,Columna,intexel,inintexelstecel,https://api.sketchfab.com/v3/models/84b52560fc4c407db99d095098945412,https://sketchfab.com/3d-models/84b52560fc4c407db99d095098945412,glbs/000-038/84b52560fc4c407db99d095098945412.glb,000-038,97a63d6ee11dc9fc9211bb656f02e2939726a46b3f6efda96f6529625af75b28,screen
319,03657338956d41158be94cf19b150402,by,by,Human Atlas C1 vertebra,Eric Bauer,ebauer4,https://api.sketchfab.com/v3/models/03657338956d41158be94cf19b150402,https://sketchfab.com/3d-models/03657338956d41158be94cf19b150402,glbs/000-117/03657338956d41158be94cf19b150402.glb,000-117,488eb25b771923642d0d78d11f6b167aaba46e1e9b9723fe0c777d8006e7d92d,screen
320,5ca5304816bb4052b71defa53cb191f3,by,by,KK ext.7: KOMIK13 // Brus Day - Heldentor,MWintersberger,mwintersberger,https://api.sketchfab.com/v3/models/5ca5304816bb4052b71defa53cb191f3,https://sketchfab.com/3d-models/5ca5304816bb4052b71defa53cb191f3,glbs/000-043/5ca5304816bb4052b71defa53cb191f3.glb,000-043,752b681222db8fc4e8f8fc9d12c99bcfe776f87a7cca2d893a2513a53181f20c,screen
321,8b813e0ccf2d438e80be25584f8a163d,by,by,2b-pin,fasteng,fasteng,https://api.sketchfab.com/v3/models/8b813e0ccf2d438e80be25584f8a163d,https://sketchfab.com/3d-models/8b813e0ccf2d438e80be25584f8a163d,glbs/000-001/8b813e0ccf2d438e80be25584f8a163d.glb,000-001,93863e59e2298e5478a1a849269b5289970e2d0ca55c3dc4eb438fe2d034ac8a,screen
322,ae95b9c543404c9da64563dbd626e6cf,by,by,Combine Turret,Titant,Titant,https://api.sketchfab.com/v3/models/ae95b9c543404c9da64563dbd626e6cf,https://sketchfab.com/3d-models/ae95b9c543404c9da64563dbd626e6cf,glbs/000-129/ae95b9c543404c9da64563dbd626e6cf.glb,000-129,ed86d23a1dc80b2df5735de4ebf0ca19181663fab1746269f1b1a8bf803f034b,screen
323,b69f3a927f5d4cdd9c0a47397620c5a0,by,by,Sketch,LucasGuiot,LucasGuiot,https://api.sketchfab.com/v3/models/b69f3a927f5d4cdd9c0a47397620c5a0,https://sketchfab.com/3d-models/b69f3a927f5d4cdd9c0a47397620c5a0,glbs/000-066/b69f3a927f5d4cdd9c0a47397620c5a0.glb,000-066,988048a4beb272ce89ce7679776afd561f45e3f6add45f459eee9f1108c8de78,screen
324,41e3be1c1be7416bb3cf4c8885665492,by,by,Cobertura Galpão Cavaco 10x55,fluxe-engenharia,joaom,https://api.sketchfab.com/v3/models/41e3be1c1be7416bb3cf4c8885665492,https://sketchfab.com/3d-models/41e3be1c1be7416bb3cf4c8885665492,glbs/000-051/41e3be1c1be7416bb3cf4c8885665492.glb,000-051,b89bf615f401a220d2ae0e5d2f038639e3721bd04d7df59d202bdaccc0426f68,screen
325,7bfce356e5ae43fbbd7393731a1258b6,by,by,Planarmodel3,bng3qf,bng3qf,https://api.sketchfab.com/v3/models/7bfce356e5ae43fbbd7393731a1258b6,https://sketchfab.com/3d-models/7bfce356e5ae43fbbd7393731a1258b6,glbs/000-063/7bfce356e5ae43fbbd7393731a1258b6.glb,000-063,55255e4fba3f6e7cfd5c331f0bc2a151491994a26acb9cd474de14ced1530102,screen
326,6f0d830323d14492bd96ae9848fbe8c4,by,by,Croks0207challenge,148223,148223,https://api.sketchfab.com/v3/models/6f0d830323d14492bd96ae9848fbe8c4,https://sketchfab.com/3d-models/6f0d830323d14492bd96ae9848fbe8c4,glbs/000-153/6f0d830323d14492bd96ae9848fbe8c4.glb,000-153,6e3a49a5b798383b76a1e5afada18c3d2253e64c809ccd19b6c05bae327e0ad9,screen
327,588f047dc97646799452243e6f17bd60,by,by,TF Toon Link,Bryest,bryest,https://api.sketchfab.com/v3/models/588f047dc97646799452243e6f17bd60,https://sketchfab.com/3d-models/588f047dc97646799452243e6f17bd60,glbs/000-060/588f047dc97646799452243e6f17bd60.glb,000-060,12462ac3cb3274e3e6b98ea1ed3cc1f39e0d965a1afbe04ff145963f0e2bc88c,screen
328,7b6dc4e35b98416aa32bb217112d932a,by,by,日产公爵Y30标准版,KURIYAMA-MIRAI,KURIYAMA-MIRAI,https://api.sketchfab.com/v3/models/7b6dc4e35b98416aa32bb217112d932a,https://sketchfab.com/3d-models/7b6dc4e35b98416aa32bb217112d932a,glbs/000-137/7b6dc4e35b98416aa32bb217112d932a.glb,000-137,fbebd3d2a2e196b0af14c9a39987672939f7cffadf66cd237612b1b9f93fb5a5,screen
329,8ecad75e75654ffa8d1daaea70bc1c8d,by,by,Nathalia - Lote 10  - Maragogi,momentofletorse,momentofletorse,https://api.sketchfab.com/v3/models/8ecad75e75654ffa8d1daaea70bc1c8d,https://sketchfab.com/3d-models/8ecad75e75654ffa8d1daaea70bc1c8d,glbs/000-023/8ecad75e75654ffa8d1daaea70bc1c8d.glb,000-023,91721b846a533e23737d2bd2c0a476abf68fde7a9d997589569b9b4bf4f1e5c1,screen
330,85a7df80b79a4ba9b8c3a175de0dbce6,by,by,Eastern Box Turtle Shell,Frank McMains,frankmcmains,https://api.sketchfab.com/v3/models/85a7df80b79a4ba9b8c3a175de0dbce6,https://sketchfab.com/3d-models/85a7df80b79a4ba9b8c3a175de0dbce6,glbs/000-050/85a7df80b79a4ba9b8c3a175de0dbce6.glb,000-050,9193d6c7739deb10e332f3e9d97f8b1357d604f65b0c450a2642304622f6594d,screen
331,259ece132c22469eaa90de0552189fab,by,by,Non-subtractive model 3,oliviademasi,oliviademasi,https://api.sketchfab.com/v3/models/259ece132c22469eaa90de0552189fab,https://sketchfab.com/3d-models/259ece132c22469eaa90de0552189fab,glbs/000-007/259ece132c22469eaa90de0552189fab.glb,000-007,5309e4d0ca7047efdfdfad8ba68b3e210470a84b17e4c4fa5d1fc125fc6f4c84,screen
332,27b1dcc103e54aebbdc5e09de8cc0aa7,by,by,Aarne,CAD4Wood - Alari,cad4wood,https://api.sketchfab.com/v3/models/27b1dcc103e54aebbdc5e09de8cc0aa7,https://sketchfab.com/3d-models/27b1dcc103e54aebbdc5e09de8cc0aa7,glbs/000-064/27b1dcc103e54aebbdc5e09de8cc0aa7.glb,000-064,e666ecf77b50b116d3b96149872a8b86fc2d75218d23983a01968ce37395e83d,screen
333,21678bd623654182b52c11d013de4e71,by,by,Tire,Koto3D Stephane Vogley,sayavog,https://api.sketchfab.com/v3/models/21678bd623654182b52c11d013de4e71,https://sketchfab.com/3d-models/21678bd623654182b52c11d013de4e71,glbs/000-122/21678bd623654182b52c11d013de4e71.glb,000-122,357a75a2195242ab583a60fc9f94142eceb75417907dc407ba28955199f2ec00,screen
334,bb16350c58f34517ae913e8c23ec4f01,by,by,Hammer,Santanu_saha,santanusaha.art,https://api.sketchfab.com/v3/models/bb16350c58f34517ae913e8c23ec4f01,https://sketchfab.com/3d-models/bb16350c58f34517ae913e8c23ec4f01,glbs/000-149/bb16350c58f34517ae913e8c23ec4f01.glb,000-149,8f5cd4952ecd5141539addd92b1d3c4332498ebff38a3a03e31b989f958efdd7,screen
335,1f2924ed13cd4cccb22e2c2c356ea0a3,by,by,書,lighten,lighten,https://api.sketchfab.com/v3/models/1f2924ed13cd4cccb22e2c2c356ea0a3,https://sketchfab.com/3d-models/1f2924ed13cd4cccb22e2c2c356ea0a3,glbs/000-087/1f2924ed13cd4cccb22e2c2c356ea0a3.glb,000-087,5809ab619c710a57d4de017b30c90b3108f62e45503b567efc03105c657b26f9,screen
336,5c3d28ca34a64fd8bae069ab4677e310,by,by,Bogate's 440/1,Lustron.ru,svetmagaz,https://api.sketchfab.com/v3/models/5c3d28ca34a64fd8bae069ab4677e310,https://sketchfab.com/3d-models/5c3d28ca34a64fd8bae069ab4677e310,glbs/000-029/5c3d28ca34a64fd8bae069ab4677e310.glb,000-029,c64b5971a3d46e4436280d41abe19bbb6d9acf8cdd893f99fcb0b0a1572edc88,screen
337,2fa3073c5fb740cfb396f593ee42c74a,by,by,Projet + photogrammetrie,gxcl2012,gxcl2012,https://api.sketchfab.com/v3/models/2fa3073c5fb740cfb396f593ee42c74a,https://sketchfab.com/3d-models/2fa3073c5fb740cfb396f593ee42c74a,glbs/000-085/2fa3073c5fb740cfb396f593ee42c74a.glb,000-085,e56ddb789cf281dfa213b8a5067bd5e39ca6395a074bf0f1bcb46b6cd72098e9,screen
338,0f48fd160bac489ca9bd52c6b0b9c7d7,by,by,Lipno_-_Wiksbud,WiazaryGorski,WiazaryGorski,https://api.sketchfab.com/v3/models/0f48fd160bac489ca9bd52c6b0b9c7d7,https://sketchfab.com/3d-models/0f48fd160bac489ca9bd52c6b0b9c7d7,glbs/000-138/0f48fd160bac489ca9bd52c6b0b9c7d7.glb,000-138,99da98c27d4648bb75563726760189506cd9b59cc4bc42b9b1dfde9abd7eea00,screen
339,b8550899fd204658b9c4d27190588037,by,by,HD Creeper [ Minecraft Bedrock Edition ],ArtsByKev Studio,ArtsByKev,https://api.sketchfab.com/v3/models/b8550899fd204658b9c4d27190588037,https://sketchfab.com/3d-models/b8550899fd204658b9c4d27190588037,glbs/000-151/b8550899fd204658b9c4d27190588037.glb,000-151,ac33f688891f11c6965811e951a18b23a42a4dadb6366b690f63ba49823869a4,screen
340,5e72f9f4482d4d2c916a25232c89e0eb,by,by,Log monster,Uri.Zeev.Bar.Lavie,Uri.Zeev.Bar.Lavie,https://api.sketchfab.com/v3/models/5e72f9f4482d4d2c916a25232c89e0eb,https://sketchfab.com/3d-models/5e72f9f4482d4d2c916a25232c89e0eb,glbs/000-080/5e72f9f4482d4d2c916a25232c89e0eb.glb,000-080,b5c81dfa5a360aeac5e330c7754c18607e3b32b96182f7369d60c737245e9152,screen
341,dd5ead807a5b4630b1feb802f7b0276c,by,by,Coffee Table,hasandayan,hasandayan,https://api.sketchfab.com/v3/models/dd5ead807a5b4630b1feb802f7b0276c,https://sketchfab.com/3d-models/dd5ead807a5b4630b1feb802f7b0276c,glbs/000-078/dd5ead807a5b4630b1feb802f7b0276c.glb,000-078,bd31f5adfdca47376db4d99dfe39b51b3e5105cd563eee278f7ca500efff1ca0,screen
342,cc804d0e26f24cf29dfd830310f4786d,by,by,Howarth Preliminary Staircase Design,First Step Designs Ltd,firststepdesigns,https://api.sketchfab.com/v3/models/cc804d0e26f24cf29dfd830310f4786d,https://sketchfab.com/3d-models/cc804d0e26f24cf29dfd830310f4786d,glbs/000-085/cc804d0e26f24cf29dfd830310f4786d.glb,000-085,e56ddb789cf281dfa213b8a5067bd5e39ca6395a074bf0f1bcb46b6cd72098e9,screen
343,21b3a073dd274087b16fe95ab64ba5c2,by,by,UV_Building,ColbyBortz,ColbyBortz,https://api.sketchfab.com/v3/models/21b3a073dd274087b16fe95ab64ba5c2,https://sketchfab.com/3d-models/21b3a073dd274087b16fe95ab64ba5c2,glbs/000-078/21b3a073dd274087b16fe95ab64ba5c2.glb,000-078,bd31f5adfdca47376db4d99dfe39b51b3e5105cd563eee278f7ca500efff1ca0,screen
344,ac9b4be2e1af467b9a5312bc684d08a7,by,by,test,maartenmathot,maartenmathot,https://api.sketchfab.com/v3/models/ac9b4be2e1af467b9a5312bc684d08a7,https://sketchfab.com/3d-models/ac9b4be2e1af467b9a5312bc684d08a7,glbs/000-134/ac9b4be2e1af467b9a5312bc684d08a7.glb,000-134,c437a3da74de49a7393d03a5dcdcbec1f4ae0da1f2152793f2b1ccaf6a5bd652,screen
345,067aa0a948074dda86ad9fdad1fcef9d,by,by,Leg Spot,JoranVandenbroucke,JoranVandenbroucke,https://api.sketchfab.com/v3/models/067aa0a948074dda86ad9fdad1fcef9d,https://sketchfab.com/3d-models/067aa0a948074dda86ad9fdad1fcef9d,glbs/000-107/067aa0a948074dda86ad9fdad1fcef9d.glb,000-107,49c379c54abb98ece075279eaa0676e22a5babfeb774ad0e8db1f09e0f773a86,screen
346,5be90c2562ef450fa2c994369ceb5480,by,by,Darren_Leatherbarrow_Southport,Alan Grice Staircase Co Ltd,agrice,https://api.sketchfab.com/v3/models/5be90c2562ef450fa2c994369ceb5480,https://sketchfab.com/3d-models/5be90c2562ef450fa2c994369ceb5480,glbs/000-150/5be90c2562ef450fa2c994369ceb5480.glb,000-150,e586b545bcf481a0a605d5e756dab492e223beb3465bb59248dd48153f9526d6,screen
347,6e2636119afc49009eb28f806dbf69db,by,by,Балтия (Входная группа),kar-87,kar-87,https://api.sketchfab.com/v3/models/6e2636119afc49009eb28f806dbf69db,https://sketchfab.com/3d-models/6e2636119afc49009eb28f806dbf69db,glbs/000-062/6e2636119afc49009eb28f806dbf69db.glb,000-062,40d1efb36b59a414550f906a4f714b6f9cca0f43f653658c6455507fe6fd1c6f,screen
348,073867f1618f4b518430fa13cb2695e7,by,by,Malla3,diegojuarez79,diegojuarez79,https://api.sketchfab.com/v3/models/073867f1618f4b518430fa13cb2695e7,https://sketchfab.com/3d-models/073867f1618f4b518430fa13cb2695e7,glbs/000-103/073867f1618f4b518430fa13cb2695e7.glb,000-103,66f5da91408cf2e854995110dc2e3014e8387c805f0070c683ebb964143447c2,screen
349,701daa128b9b4a5890e3f3b116f446de,by,by,Polkowice Budynek 2,westmall,westmall,https://api.sketchfab.com/v3/models/701daa128b9b4a5890e3f3b116f446de,https://sketchfab.com/3d-models/701daa128b9b4a5890e3f3b116f446de,glbs/000-061/701daa128b9b4a5890e3f3b116f446de.glb,000-061,513a702b8cb40fc10c2cd2edcd33d3a111a52eb4bc9d4a0008ec8d26b87eaaa1,screen
350,228d6764a01d47dfb5da927d830c2e43,by,by,Teddy-b,Tiago,ttiaguinho,https://api.sketchfab.com/v3/models/228d6764a01d47dfb5da927d830c2e43,https://sketchfab.com/3d-models/228d6764a01d47dfb5da927d830c2e43,glbs/000-152/228d6764a01d47dfb5da927d830c2e43.glb,000-152,0ed0a12440febb7076afd92a148e8b977a63ec2937de4210ab7f389747ace75d,screen
351,8bde8eb73dcb45c6a3880e85e7b3694b,by,by,Светильник A1563SP-1CC Arte Lamp,fedomo.ru,fedomo,https://api.sketchfab.com/v3/models/8bde8eb73dcb45c6a3880e85e7b3694b,https://sketchfab.com/3d-models/8bde8eb73dcb45c6a3880e85e7b3694b,glbs/000-111/8bde8eb73dcb45c6a3880e85e7b3694b.glb,000-111,ff1a44b4a57b41aef99991b15fc92b5184bea783ca4ac871451159ae85fae3d8,screen
352,c514e0c2f1c4434c9ce3fa2b950ce9dc,by,by,Kcc-1,scott_johnston00,scott_johnston00,https://api.sketchfab.com/v3/models/c514e0c2f1c4434c9ce3fa2b950ce9dc,https://sketchfab.com/3d-models/c514e0c2f1c4434c9ce3fa2b950ce9dc,glbs/000-134/c514e0c2f1c4434c9ce3fa2b950ce9dc.glb,000-134,c437a3da74de49a7393d03a5dcdcbec1f4ae0da1f2152793f2b1ccaf6a5bd652,screen
353,5406ef21f8ca4c87850df5083e9172f2,by,by,Fnaf Plus Freddy,Anthonyscorrales,Anthonyscorrales,https://api.sketchfab.com/v3/models/5406ef21f8ca4c87850df5083e9172f2,https://sketchfab.com/3d-models/5406ef21f8ca4c87850df5083e9172f2,glbs/000-120/5406ef21f8ca4c87850df5083e9172f2.glb,000-120,28c857706bc91bcad0941e8b3fb8077f484354c2e7f3e3be35eaebb922bec494,screen
354,1a7913bed0e2480db7d0d53d9b0dff67,by,by,Untitled Scan,huangxh,huangxh,https://api.sketchfab.com/v3/models/1a7913bed0e2480db7d0d53d9b0dff67,https://sketchfab.com/3d-models/1a7913bed0e2480db7d0d53d9b0dff67,glbs/000-018/1a7913bed0e2480db7d0d53d9b0dff67.glb,000-018,0339a843a0093663249e8c026c9f565bfdfde895cc7e6e1d337ce7865130b04e,screen
355,05f454964b7e4d2bbf5c23890f0ba0ba,by,by,PNRP F.1.28.115.30.a view 2,ECU Bioarchaeology Laboratory,meganperry,https://api.sketchfab.com/v3/models/05f454964b7e4d2bbf5c23890f0ba0ba,https://sketchfab.com/3d-models/05f454964b7e4d2bbf5c23890f0ba0ba,glbs/000-137/05f454964b7e4d2bbf5c23890f0ba0ba.glb,000-137,fbebd3d2a2e196b0af14c9a39987672939f7cffadf66cd237612b1b9f93fb5a5,screen
356,f6979d7ff8e54c4daf00fee46f09a139,by,by,E5-5-2,artsiyu,artsiyu,https://api.sketchfab.com/v3/models/f6979d7ff8e54c4daf00fee46f09a139,https://sketchfab.com/3d-models/f6979d7ff8e54c4daf00fee46f09a139,glbs/000-014/f6979d7ff8e54c4daf00fee46f09a139.glb,000-014,5ea360089dd712ded220ca941043617b5d568d422e30c94bcb32c55172f12744,screen
357,edbfe6be0fd4463f9e05f3705701f31e,by,by,FRONT DISC,jameshorn123,jameshorn123,https://api.sketchfab.com/v3/models/edbfe6be0fd4463f9e05f3705701f31e,https://sketchfab.com/3d-models/edbfe6be0fd4463f9e05f3705701f31e,glbs/000-037/edbfe6be0fd4463f9e05f3705701f31e.glb,000-037,de26eb6c7cc63d924baf9bd54f7a569a927ddaf7a3222d81eecde1b6e78e50df,screen
358,e900057d69f44e788b9d0a51cec1f588,by,by,pokemon-pikachu,1-3D.com,1-3D.com,https://api.sketchfab.com/v3/models/e900057d69f44e788b9d0a51cec1f588,https://sketchfab.com/3d-models/e900057d69f44e788b9d0a51cec1f588,glbs/000-068/e900057d69f44e788b9d0a51cec1f588.glb,000-068,fe5e7cf15ed59993c4aa673c2e49b98b0d229048253c0597794b41281354ce77,screen
359,e7d18e2082104c828ed79f1992ec758f,by,by,Bouteilles demo,33degres,33degres,https://api.sketchfab.com/v3/models/e7d18e2082104c828ed79f1992ec758f,https://sketchfab.com/3d-models/e7d18e2082104c828ed79f1992ec758f,glbs/000-119/e7d18e2082104c828ed79f1992ec758f.glb,000-119,3e79c2c191db1e2f84b488d5b0bf78a6346a9e7995b071ba7aaa356ab9801022,screen
360,45e0e710ca8e42db84591a670c3b7a19,by,by,Exterior of Plot 22 Sheffield with street art,obscure ed,obscureed,https://api.sketchfab.com/v3/models/45e0e710ca8e42db84591a670c3b7a19,https://sketchfab.com/3d-models/45e0e710ca8e42db84591a670c3b7a19,glbs/000-058/45e0e710ca8e42db84591a670c3b7a19.glb,000-058,985db2ae647bf34fe8a6c6ff9bb559e11729fbe8b99eb726c14f0990d10164c6,screen
361,a8e9a20f948143aea38db798eef4a670,by,by,2006096J__réf._PARIS,Jérôme LEMERCIER,jeromelemercier,https://api.sketchfab.com/v3/models/a8e9a20f948143aea38db798eef4a670,https://sketchfab.com/3d-models/a8e9a20f948143aea38db798eef4a670,glbs/000-015/a8e9a20f948143aea38db798eef4a670.glb,000-015,60ff99f4196cb0d1346f427479f23c5264893e81674fae1f15231f8e50d449ac,screen
362,2d7ae450d8894f33bb40e4d0f47e9a75,by,by,u,schody,schody,https://api.sketchfab.com/v3/models/2d7ae450d8894f33bb40e4d0f47e9a75,https://sketchfab.com/3d-models/2d7ae450d8894f33bb40e4d0f47e9a75,glbs/000-022/2d7ae450d8894f33bb40e4d0f47e9a75.glb,000-022,7f427265050b1644d9a83ead7fa7eb303c9fc5cd818b03bbb53e5d5967d5e0ff,screen
363,2a3a0062bf6b450eb32f8e5717675436,by,by,Losina,MARTINICE GROUP,pesek_martinice,https://api.sketchfab.com/v3/models/2a3a0062bf6b450eb32f8e5717675436,https://sketchfab.com/3d-models/2a3a0062bf6b450eb32f8e5717675436,glbs/000-049/2a3a0062bf6b450eb32f8e5717675436.glb,000-049,985b026d6d3dd4de616024c5c0b74a67d2647a141e7817b24d3a78d63d715665,screen
364,238ff3e41c964655b83aa9c8770cc766,by,by,หิน,suntaree,suntaree,https://api.sketchfab.com/v3/models/238ff3e41c964655b83aa9c8770cc766,https://sketchfab.com/3d-models/238ff3e41c964655b83aa9c8770cc766,glbs/000-011/238ff3e41c964655b83aa9c8770cc766.glb,000-011,4ccfefd99e8348263643fa9ccbd9cc228b1bdcf4ee94b4ed7a9005d07ec7aea9,screen
365,3f8bf6dcfd3f4450abbd6fbc18b734ed,by,by,Mr Meat 1.3.0,the Show Orange,orangetheshow,https://api.sketchfab.com/v3/models/3f8bf6dcfd3f4450abbd6fbc18b734ed,https://sketchfab.com/3d-models/3f8bf6dcfd3f4450abbd6fbc18b734ed,glbs/000-018/3f8bf6dcfd3f4450abbd6fbc18b734ed.glb,000-018,0339a843a0093663249e8c026c9f565bfdfde895cc7e6e1d337ce7865130b04e,screen
366,401e5de83acf493fb5accd4088261552,by,by,Glifo Chapultepec,Gustavo.Lsj,Gustavo.Lsj,https://api.sketchfab.com/v3/models/401e5de83acf493fb5accd4088261552,https://sketchfab.com/3d-models/401e5de83acf493fb5accd4088261552,glbs/000-027/401e5de83acf493fb5accd4088261552.glb,000-027,725ac07b8156ba07fa814ae954e7dfbf30e8a19bdf77ae34ffb4a759c42f0023,screen
367,a1c025d7b1984f6e9f6f2c1fa563892d,by,by,Modestas 2,StaircaseDRAWINGS,staircasedrawings,https://api.sketchfab.com/v3/models/a1c025d7b1984f6e9f6f2c1fa563892d,https://sketchfab.com/3d-models/a1c025d7b1984f6e9f6f2c1fa563892d,glbs/000-108/a1c025d7b1984f6e9f6f2c1fa563892d.glb,000-108,279c216902aa2d886c281455309931522668576c7ea55826e406e4832cc0e1d4,screen
368,2f622128d566435a97564781735e0ab4,by,by,Toys,Julia Lemke,julialemke,https://api.sketchfab.com/v3/models/2f622128d566435a97564781735e0ab4,https://sketchfab.com/3d-models/2f622128d566435a97564781735e0ab4,glbs/000-147/2f622128d566435a97564781735e0ab4.glb,000-147,837ed6eae1ebd28736a3187f0c0e158ae676117233813ea92845f169d137dfe9,screen
369,02ae8fa8bd5d4578a40688a27c46fc7f,by,by,Passarela Metálica 01,DSProjetoseConsultoria,DSProjetoseConsultoria,https://api.sketchfab.com/v3/models/02ae8fa8bd5d4578a40688a27c46fc7f,https://sketchfab.com/3d-models/02ae8fa8bd5d4578a40688a27c46fc7f,glbs/000-138/02ae8fa8bd5d4578a40688a27c46fc7f.glb,000-138,99da98c27d4648bb75563726760189506cd9b59cc4bc42b9b1dfde9abd7eea00,screen
370,59a08ed899a145d9b767e6f438ffb160,by,by,Gomez-Bernal Vehicle Design,GomezWT,GomezWT,https://api.sketchfab.com/v3/models/59a08ed899a145d9b767e6f438ffb160,https://sketchfab.com/3d-models/59a08ed899a145d9b767e6f438ffb160,glbs/000-091/59a08ed899a145d9b767e6f438ffb160.glb,000-091,b9fb8713b87da27eb7eacd2a705580b5dcef62ff1c5ce4d266cc88cbbceb8576,screen
371,915e3f2aa5314eb69408bd6deabb9488,by,by,Celestial Swords - Moving Platform Rune,DminKing,DminKing,https://api.sketchfab.com/v3/models/915e3f2aa5314eb69408bd6deabb9488,https://sketchfab.com/3d-models/915e3f2aa5314eb69408bd6deabb9488,glbs/000-034/915e3f2aa5314eb69408bd6deabb9488.glb,000-034,1abf2f65357b72efe7f8c5430d54dfea572a60a73773d7ce3a3d6b8b26c04b33,screen
372,221e90e2b64c43b9b94b7ba063173509,by,by,Wu Zixu,empress,empress,https://api.sketchfab.com/v3/models/221e90e2b64c43b9b94b7ba063173509,https://sketchfab.com/3d-models/221e90e2b64c43b9b94b7ba063173509,glbs/000-155/221e90e2b64c43b9b94b7ba063173509.glb,000-155,5daa36c171be86be9d8ea631d3196e165c3d35404402d1cc5c7e1f277627791f,screen
373,f348893c48e849e9abd87e50724096c2,by,by,Quarto by Gabriel,turmas.ada,turmas.ada,https://api.sketchfab.com/v3/models/f348893c48e849e9abd87e50724096c2,https://sketchfab.com/3d-models/f348893c48e849e9abd87e50724096c2,glbs/000-022/f348893c48e849e9abd87e50724096c2.glb,000-022,7f427265050b1644d9a83ead7fa7eb303c9fc5cd818b03bbb53e5d5967d5e0ff,screen
374,6088ed94509a49cca546f0686bea139b,by,by,HW6_details_Space_car,urbanhighenergy,urbanhighenergy,https://api.sketchfab.com/v3/models/6088ed94509a49cca546f0686bea139b,https://sketchfab.com/3d-models/6088ed94509a49cca546f0686bea139b,glbs/000-130/6088ed94509a49cca546f0686bea139b.glb,000-130,ea62d573ba065e3ab3b4d78677005552d9199fa1f85902a3ed9597c67da3ab43,screen
375,ad1d5e7f538a4deeb6dd9abd8896808f,by,by,Bug,Andrew Mad,AndrewMad,https://api.sketchfab.com/v3/models/ad1d5e7f538a4deeb6dd9abd8896808f,https://sketchfab.com/3d-models/ad1d5e7f538a4deeb6dd9abd8896808f,glbs/000-137/ad1d5e7f538a4deeb6dd9abd8896808f.glb,000-137,fbebd3d2a2e196b0af14c9a39987672939f7cffadf66cd237612b1b9f93fb5a5,screen
376,3c9b8a70a8c04a79bfa7eed4853ab424,by,by,Pitaya - Photogrammetry,Moshe Caine,mosheca,https://api.sketchfab.com/v3/models/3c9b8a70a8c04a79bfa7eed4853ab424,https://sketchfab.com/3d-models/3c9b8a70a8c04a79bfa7eed4853ab424,glbs/000-124/3c9b8a70a8c04a79bfa7eed4853ab424.glb,000-124,382d3854cfbfecfc86122931bf81756ef8bf523668537f2b84b4efc1a098e0eb,screen
377,d0cbbcda23394881b82aa875c8ae6849,by,by,adul,frizki095,frizki095,https://api.sketchfab.com/v3/models/d0cbbcda23394881b82aa875c8ae6849,https://sketchfab.com/3d-models/d0cbbcda23394881b82aa875c8ae6849,glbs/000-006/d0cbbcda23394881b82aa875c8ae6849.glb,000-006,57fcd7b1b053e59a5c55e4adcac22b93fef5d65c57c8955502867b625ed66ffd,screen
378,171f99a3617c41828079ea39edfa4d51,by,by,Wallkill CSD Athletic Fields,Adirondack_Aerials,Adirondack_Aerials,https://api.sketchfab.com/v3/models/171f99a3617c41828079ea39edfa4d51,https://sketchfab.com/3d-models/171f99a3617c41828079ea39edfa4d51,glbs/000-008/171f99a3617c41828079ea39edfa4d51.glb,000-008,d02734b9318322d248c366193e25187897dfb94091e3034c86c5b43a4d641764,screen
379,dacfe2930af147ea9f2a31d0f2863ba5,by,by,M- Madrix-negro,somosmacedonia,somosmacedonia,https://api.sketchfab.com/v3/models/dacfe2930af147ea9f2a31d0f2863ba5,https://sketchfab.com/3d-models/dacfe2930af147ea9f2a31d0f2863ba5,glbs/000-115/dacfe2930af147ea9f2a31d0f2863ba5.glb,000-115,3ee735ee531f998094ca18e720f6fd5039bfe871e7b73c30128f23f6d3d1e8f9,screen
380,9118b89c7c904506b43265e9c899742f,by,by,873 1 Lithic BHS dec,Marcelina Nagales,mnagales,https://api.sketchfab.com/v3/models/9118b89c7c904506b43265e9c899742f,https://sketchfab.com/3d-models/9118b89c7c904506b43265e9c899742f,glbs/000-113/9118b89c7c904506b43265e9c899742f.glb,000-113,8ad62ed53003012fc99c1fb7833b29fd9555c6aef3025d21a39d7f0184bf00d2,screen
381,1e6b800045d446789ec36dcb48fd5b5b,by,by,MORRELL3D001,crownoakbuildingsdesigns,crownoakbuildingsdesigns,https://api.sketchfab.com/v3/models/1e6b800045d446789ec36dcb48fd5b5b,https://sketchfab.com/3d-models/1e6b800045d446789ec36dcb48fd5b5b,glbs/000-120/1e6b800045d446789ec36dcb48fd5b5b.glb,000-120,28c857706bc91bcad0941e8b3fb8077f484354c2e7f3e3be35eaebb922bec494,screen
382,a6a47121a6544d569d6c02ef3f9788ee,by,by,DC Studos,Cameron1122,Cameron1122,https://api.sketchfab.com/v3/models/a6a47121a6544d569d6c02ef3f9788ee,https://sketchfab.com/3d-models/a6a47121a6544d569d6c02ef3f9788ee,glbs/000-087/a6a47121a6544d569d6c02ef3f9788ee.glb,000-087,5809ab619c710a57d4de017b30c90b3108f62e45503b567efc03105c657b26f9,screen
383,29fbc6903ed74f18977548da04626f74,by,by,SquareSculpte,Lazaran,lazaran,https://api.sketchfab.com/v3/models/29fbc6903ed74f18977548da04626f74,https://sketchfab.com/3d-models/29fbc6903ed74f18977548da04626f74,glbs/000-066/29fbc6903ed74f18977548da04626f74.glb,000-066,988048a4beb272ce89ce7679776afd561f45e3f6add45f459eee9f1108c8de78,screen
384,b384476267e14231be9d03ddae9801e8,by,by,Laser Calibration Tool Opt Lasers Grav,CNCand3DPrinterLasers,CNCand3DPrinterLasers,https://api.sketchfab.com/v3/models/b384476267e14231be9d03ddae9801e8,https://sketchfab.com/3d-models/b384476267e14231be9d03ddae9801e8,glbs/000-027/b384476267e14231be9d03ddae9801e8.glb,000-027,725ac07b8156ba07fa814ae954e7dfbf30e8a19bdf77ae34ffb4a759c42f0023,screen
385,59787f821dc34f01b166a257da340f8e,by,by,Crate FBX,Boeckx_Siebe,Boeckx_Siebe,https://api.sketchfab.com/v3/models/59787f821dc34f01b166a257da340f8e,https://sketchfab.com/3d-models/59787f821dc34f01b166a257da340f8e,glbs/000-013/59787f821dc34f01b166a257da340f8e.glb,000-013,499ddded05772356942ec99377090bbf3d68aa6cc20e89b5e63aa02f7389a0e2,screen
386,78440452628b47b1a37fe81737438ccf,by,by,Bike Drink Holder Scan,makercommons,makercommons,https://api.sketchfab.com/v3/models/78440452628b47b1a37fe81737438ccf,https://sketchfab.com/3d-models/78440452628b47b1a37fe81737438ccf,glbs/000-104/78440452628b47b1a37fe81737438ccf.glb,000-104,c4d1e66e9f7290d606d5c42298cdeb777da84dc2625c91cd3cd5dd985e9b12cf,screen
387,3653c6b8e69547b3b97ee9db8d271ba7,by,by,Planeta,IgorCol,igorcolombini,https://api.sketchfab.com/v3/models/3653c6b8e69547b3b97ee9db8d271ba7,https://sketchfab.com/3d-models/3653c6b8e69547b3b97ee9db8d271ba7,glbs/000-085/3653c6b8e69547b3b97ee9db8d271ba7.glb,000-085,e56ddb789cf281dfa213b8a5067bd5e39ca6395a074bf0f1bcb46b6cd72098e9,screen
388,7cf62b1faaad44fda043e5c8fb06fcf2,by,by,Sunflower Girl,Casey Bauers,caseybauers,https://api.sketchfab.com/v3/models/7cf62b1faaad44fda043e5c8fb06fcf2,https://sketchfab.com/3d-models/7cf62b1faaad44fda043e5c8fb06fcf2,glbs/000-144/7cf62b1faaad44fda043e5c8fb06fcf2.glb,000-144,c36e0da487e6f533fa0e6155f19d31eea78d7babaacb2bb5a648852506cb9433,screen
389,4ffa71a0088e409cb111f33fbba75b9f,by,by,Chandon & Cup (Lowpoly),kaiquedesigner,kaiquedesigner,https://api.sketchfab.com/v3/models/4ffa71a0088e409cb111f33fbba75b9f,https://sketchfab.com/3d-models/4ffa71a0088e409cb111f33fbba75b9f,glbs/000-154/4ffa71a0088e409cb111f33fbba75b9f.glb,000-154,0231f8eb504b99446bf4e93f321fde62c944b981bdcd8b124785caf2a3f31a1b,screen
390,1f18c71afd1e4331a5da76fe1825c18b,by,by,Hilltop Canopy,dcaven,dcaven,https://api.sketchfab.com/v3/models/1f18c71afd1e4331a5da76fe1825c18b,https://sketchfab.com/3d-models/1f18c71afd1e4331a5da76fe1825c18b,glbs/000-015/1f18c71afd1e4331a5da76fe1825c18b.glb,000-015,60ff99f4196cb0d1346f427479f23c5264893e81674fae1f15231f8e50d449ac,screen
391,30ddfb8dabbb43798be21a39f8f4a94c,by,by,Plan Stylei Forweb,holyexorcist,holyexorcist,https://api.sketchfab.com/v3/models/30ddfb8dabbb43798be21a39f8f4a94c,https://sketchfab.com/3d-models/30ddfb8dabbb43798be21a39f8f4a94c,glbs/000-114/30ddfb8dabbb43798be21a39f8f4a94c.glb,000-114,e05e741fa08183db9b8b69b28d0839dfd477f0b084cee78d6a3f9137c3dbacea,screen
392,afaeb4589b7944beb10cede9a3f5c605,by,by,Survey Scan #113,Borgo Digitale | SUF,SYR_ARCH_Florence,https://api.sketchfab.com/v3/models/afaeb4589b7944beb10cede9a3f5c605,https://sketchfab.com/3d-models/afaeb4589b7944beb10cede9a3f5c605,glbs/000-119/afaeb4589b7944beb10cede9a3f5c605.glb,000-119,3e79c2c191db1e2f84b488d5b0bf78a6346a9e7995b071ba7aaa356ab9801022,screen
393,7384f32939ee4fedaa1029f2b7978e70,by,by,freefire new joker character by pace gaming,PACE GAMING FF,MDARBAZ_.OR___-PACEGAMINGFF,https://api.sketchfab.com/v3/models/7384f32939ee4fedaa1029f2b7978e70,https://sketchfab.com/3d-models/7384f32939ee4fedaa1029f2b7978e70,glbs/000-071/7384f32939ee4fedaa1029f2b7978e70.glb,000-071,029b96a7e3b7805ffc8011ebf22eb165ac5e530540e486565641eac50521de3b,screen
394,86ea65ccbce94a499ab21546cfcbd01b,by,by,Obj320100017,bsawang,bsawang,https://api.sketchfab.com/v3/models/86ea65ccbce94a499ab21546cfcbd01b,https://sketchfab.com/3d-models/86ea65ccbce94a499ab21546cfcbd01b,glbs/000-014/86ea65ccbce94a499ab21546cfcbd01b.glb,000-014,5ea360089dd712ded220ca941043617b5d568d422e30c94bcb32c55172f12744,screen
395,25b7ab24855444df8d07b46917f33df7,by,by,Mentita,Gonzalo Marquez,shadowcarmesi,https://api.sketchfab.com/v3/models/25b7ab24855444df8d07b46917f33df7,https://sketchfab.com/3d-models/25b7ab24855444df8d07b46917f33df7,glbs/000-145/25b7ab24855444df8d07b46917f33df7.glb,000-145,df296fe523db8f1a215dad584a45f598857d06d4f5fc171097e7bb347999d48e,screen
396,b689c644d0e745f5ac27417bc2bc5abe,by,by,Explosion,Ileron,ileron,https://api.sketchfab.com/v3/models/b689c644d0e745f5ac27417bc2bc5abe,https://sketchfab.com/3d-models/b689c644d0e745f5ac27417bc2bc5abe,glbs/000-058/b689c644d0e745f5ac27417bc2bc5abe.glb,000-058,985db2ae647bf34fe8a6c6ff9bb559e11729fbe8b99eb726c14f0990d10164c6,screen
397,5750a120a1bf4030a5c34af9cecc66e6,by,by,Little Green Car,FennicVox,fennicvox,https://api.sketchfab.com/v3/models/5750a120a1bf4030a5c34af9cecc66e6,https://sketchfab.com/3d-models/5750a120a1bf4030a5c34af9cecc66e6,glbs/000-062/5750a120a1bf4030a5c34af9cecc66e6.glb,000-062,40d1efb36b59a414550f906a4f714b6f9cca0f43f653658c6455507fe6fd1c6f,screen
398,c464fd4323d748f5b0d56b8b77d42761,by,by,Super Octopus cargo spaceship,omark2,omark2,https://api.sketchfab.com/v3/models/c464fd4323d748f5b0d56b8b77d42761,https://sketchfab.com/3d-models/c464fd4323d748f5b0d56b8b77d42761,glbs/000-038/c464fd4323d748f5b0d56b8b77d42761.glb,000-038,97a63d6ee11dc9fc9211bb656f02e2939726a46b3f6efda96f6529625af75b28,screen
399,ed0771bb000343b780af2d29fdbbd53e,by,by,"Archs (Pont de Bercy, Paris) - Forge",Emm (Scenario),edemaistre,https://api.sketchfab.com/v3/models/ed0771bb000343b780af2d29fdbbd53e,https://sketchfab.com/3d-models/ed0771bb000343b780af2d29fdbbd53e,glbs/000-114/ed0771bb000343b780af2d29fdbbd53e.glb,000-114,e05e741fa08183db9b8b69b28d0839dfd477f0b084cee78d6a3f9137c3dbacea,screen
400,ee6bae699755489981f3b5ecf22bfd10,by,by,Dandelion,Joshua Collins,joshuacollinsmedia,https://api.sketchfab.com/v3/models/ee6bae699755489981f3b5ecf22bfd10,https://sketchfab.com/3d-models/ee6bae699755489981f3b5ecf22bfd10,glbs/000-025/ee6bae699755489981f3b5ecf22bfd10.glb,000-025,b5c0cbefa5a9e7376d87cf2ec830940e5ec589a803a0509b5c94fa0e4f5df729,screen
401,1dc6e308ab7a4f8eba5e076edb5ab281,by,by,"Wed, 09 Oct 2019 18:17:50",newfields-3dprinting,newfields-3dprinting,https://api.sketchfab.com/v3/models/1dc6e308ab7a4f8eba5e076edb5ab281,https://sketchfab.com/3d-models/1dc6e308ab7a4f8eba5e076edb5ab281,glbs/000-118/1dc6e308ab7a4f8eba5e076edb5ab281.glb,000-118,aaae316f3f829831503ed7c319f159b828f35a172d6de3302c01155e3d5e4abd,screen
402,40f3398b639c4b91a227fec856c7b35b,by,by,Eurosvet 3281/1 античная бронза/прозрачный,Lustron.ru,svetmagaz,https://api.sketchfab.com/v3/models/40f3398b639c4b91a227fec856c7b35b,https://sketchfab.com/3d-models/40f3398b639c4b91a227fec856c7b35b,glbs/000-151/40f3398b639c4b91a227fec856c7b35b.glb,000-151,ac33f688891f11c6965811e951a18b23a42a4dadb6366b690f63ba49823869a4,screen
403,9db921e16bf84f81ad3e7c89b3ce40c1,by,by,HJ22020,jurajcierny,jurajcierny,https://api.sketchfab.com/v3/models/9db921e16bf84f81ad3e7c89b3ce40c1,https://sketchfab.com/3d-models/9db921e16bf84f81ad3e7c89b3ce40c1,glbs/000-130/9db921e16bf84f81ad3e7c89b3ce40c1.glb,000-130,ea62d573ba065e3ab3b4d78677005552d9199fa1f85902a3ed9597c67da3ab43,screen
404,3a352abda1a44dee95087895b8ff9c8f,by,by,275R,JackZeta,jacklei519,https://api.sketchfab.com/v3/models/3a352abda1a44dee95087895b8ff9c8f,https://sketchfab.com/3d-models/3a352abda1a44dee95087895b8ff9c8f,glbs/000-073/3a352abda1a44dee95087895b8ff9c8f.glb,000-073,a25976005a3a38ddbd6cc00935722efd118af0bb27bb781b8ef41c18da6ac87e,screen
405,b890bd8503e24281a69a48ba942be6bf,by,by,spheres,aier1,aier1,https://api.sketchfab.com/v3/models/b890bd8503e24281a69a48ba942be6bf,https://sketchfab.com/3d-models/b890bd8503e24281a69a48ba942be6bf,glbs/000-024/b890bd8503e24281a69a48ba942be6bf.glb,000-024,f7a12395bc396b8e8fb0162f0fe60ee43b42b7cfb3a215bde9866074ae41a566,screen
406,7bca472decd64f17815b2cd3ec832d8c,by,by,1H Warhammer,dogmaticpyrrhonist,dogmaticpyrrhonist,https://api.sketchfab.com/v3/models/7bca472decd64f17815b2cd3ec832d8c,https://sketchfab.com/3d-models/7bca472decd64f17815b2cd3ec832d8c,glbs/000-055/7bca472decd64f17815b2cd3ec832d8c.glb,000-055,015347bf15350b8017a7a70c091a1907ff2f65d3fe5c4d5b78c16401f4ac5548,screen
407,eee53618c4b6479c96a9e859971498d2,by,by,Corsair Engine,Brett Eldridge,beldridg,https://api.sketchfab.com/v3/models/eee53618c4b6479c96a9e859971498d2,https://sketchfab.com/3d-models/eee53618c4b6479c96a9e859971498d2,glbs/000-092/eee53618c4b6479c96a9e859971498d2.glb,000-092,4deb18bc0acbe9e6949edf411584a0eed85f3d0c142ef34ed416ce23647460b2,screen
408,8109b50dd3dd480a878ee325757b3a09,by,by,Leopard001-attack02,opiats,opiats,https://api.sketchfab.com/v3/models/8109b50dd3dd480a878ee325757b3a09,https://sketchfab.com/3d-models/8109b50dd3dd480a878ee325757b3a09,glbs/000-118/8109b50dd3dd480a878ee325757b3a09.glb,000-118,aaae316f3f829831503ed7c319f159b828f35a172d6de3302c01155e3d5e4abd,screen
409,54aa675a07144da683002dee3ad39eb5,by,by,Carvanha,nguyenlouis32,nguyenlouis32,https://api.sketchfab.com/v3/models/54aa675a07144da683002dee3ad39eb5,https://sketchfab.com/3d-models/54aa675a07144da683002dee3ad39eb5,glbs/000-038/54aa675a07144da683002dee3ad39eb5.glb,000-038,97a63d6ee11dc9fc9211bb656f02e2939726a46b3f6efda96f6529625af75b28,screen
410,965b3635c0ff4709b64faf49d2f64ada,by,by,Crash. new version,iskandar1ch,iskandar1ch,https://api.sketchfab.com/v3/models/965b3635c0ff4709b64faf49d2f64ada,https://sketchfab.com/3d-models/965b3635c0ff4709b64faf49d2f64ada,glbs/000-111/965b3635c0ff4709b64faf49d2f64ada.glb,000-111,ff1a44b4a57b41aef99991b15fc92b5184bea783ca4ac871451159ae85fae3d8,screen
411,bd1813c1b00e49f8abf4a1fd9e0744dd,by,by,Sounder apartment - kitchen and living room,SiteScape,sitescape,https://api.sketchfab.com/v3/models/bd1813c1b00e49f8abf4a1fd9e0744dd,https://sketchfab.com/3d-models/bd1813c1b00e49f8abf4a1fd9e0744dd,glbs/000-097/bd1813c1b00e49f8abf4a1fd9e0744dd.glb,000-097,f962516e9bf6ce467328c238087b4767092f5d30763bfe5309ee3d32df9b24dd,screen
412,0f1a74942b204c80a657fefe10e13050,by,by,20160908 111054 Solid,withrobot.pd,withrobot.pd,https://api.sketchfab.com/v3/models/0f1a74942b204c80a657fefe10e13050,https://sketchfab.com/3d-models/0f1a74942b204c80a657fefe10e13050,glbs/000-036/0f1a74942b204c80a657fefe10e13050.glb,000-036,ac3e2c099e7f645606cfd97a99c589cf36eccaa54037cf822d86559ed7ab0957,screen
413,c2fc6cc4c1e844e59d36bd9f67bf8ee5,by,by,Szent István szobor,Blueprint 3D Budapest,blueprint,https://api.sketchfab.com/v3/models/c2fc6cc4c1e844e59d36bd9f67bf8ee5,https://sketchfab.com/3d-models/c2fc6cc4c1e844e59d36bd9f67bf8ee5,glbs/000-055/c2fc6cc4c1e844e59d36bd9f67bf8ee5.glb,000-055,015347bf15350b8017a7a70c091a1907ff2f65d3fe5c4d5b78c16401f4ac5548,screen
414,8427ea3a58894cf2bc6ae939cd93d4eb,by,by,UAVGEO Pedra Bico do Papagaio (HI RES),Marcos Vinicius Tavares,uavgeo,https://api.sketchfab.com/v3/models/8427ea3a58894cf2bc6ae939cd93d4eb,https://sketchfab.com/3d-models/8427ea3a58894cf2bc6ae939cd93d4eb,glbs/000-120/8427ea3a58894cf2bc6ae939cd93d4eb.glb,000-120,28c857706bc91bcad0941e8b3fb8077f484354c2e7f3e3be35eaebb922bec494,screen
415,7d80728bd8694d9c870541a160bdae02,by,by,Sticc Man,Trikxter,Trikxter,https://api.sketchfab.com/v3/models/7d80728bd8694d9c870541a160bdae02,https://sketchfab.com/3d-models/7d80728bd8694d9c870541a160bdae02,glbs/000-015/7d80728bd8694d9c870541a160bdae02.glb,000-015,60ff99f4196cb0d1346f427479f23c5264893e81674fae1f15231f8e50d449ac,screen
416,e2e39dc0a7a34d1eb232e46c798b1d8a,by-sa,by-sa,AR015-001-01,bsu_aal,bsu_aal,https://api.sketchfab.com/v3/models/e2e39dc0a7a34d1eb232e46c798b1d8a,https://sketchfab.com/3d-models/e2e39dc0a7a34d1eb232e46c798b1d8a,glbs/000-078/e2e39dc0a7a34d1eb232e46c798b1d8a.glb,000-078,bd31f5adfdca47376db4d99dfe39b51b3e5105cd563eee278f7ca500efff1ca0,screen
417,125bf48246a64f61895b13449ed6445d,by,by,Flying Island,guten_morgen,guten_morgen,https://api.sketchfab.com/v3/models/125bf48246a64f61895b13449ed6445d,https://sketchfab.com/3d-models/125bf48246a64f61895b13449ed6445d,glbs/000-017/125bf48246a64f61895b13449ed6445d.glb,000-017,b0101f1a44140cf8863366960473e4f242947d174f0afaf54efd00636d5a742f,screen
418,073e28d749cf47fd99ebd54068878d28,by,by,200530,НойХаус,Newhome,https://api.sketchfab.com/v3/models/073e28d749cf47fd99ebd54068878d28,https://sketchfab.com/3d-models/073e28d749cf47fd99ebd54068878d28,glbs/000-076/073e28d749cf47fd99ebd54068878d28.glb,000-076,075a758cea81f522e1d5a1e031a7d8dab0eeefd96889629d8d16d2b1bc97e5cd,screen
419,e0a0f4d6f16e41c8a77a966bf524abc2,by,by,Keychain-3,SHARK FIN,mo7amed85,https://api.sketchfab.com/v3/models/e0a0f4d6f16e41c8a77a966bf524abc2,https://sketchfab.com/3d-models/e0a0f4d6f16e41c8a77a966bf524abc2,glbs/000-064/e0a0f4d6f16e41c8a77a966bf524abc2.glb,000-064,e666ecf77b50b116d3b96149872a8b86fc2d75218d23983a01968ce37395e83d,screen
420,55148bfb0f904646954d3d09de126da1,by,by,JN0469 Jocelyn,Elite Steel Framing,elitesteelframing,https://api.sketchfab.com/v3/models/55148bfb0f904646954d3d09de126da1,https://sketchfab.com/3d-models/55148bfb0f904646954d3d09de126da1,glbs/000-055/55148bfb0f904646954d3d09de126da1.glb,000-055,015347bf15350b8017a7a70c091a1907ff2f65d3fe5c4d5b78c16401f4ac5548,screen
421,511a346d65294b57b5024391f5547bb5,by,by,HW 7,BerningIse,berningise199898,https://api.sketchfab.com/v3/models/511a346d65294b57b5024391f5547bb5,https://sketchfab.com/3d-models/511a346d65294b57b5024391f5547bb5,glbs/000-133/511a346d65294b57b5024391f5547bb5.glb,000-133,a8f3a915a07672d6cdc11aeec315a2f7360c7872d2dc850e5e07a5cae753c703,screen
422,033fc9d942504cb9b571dc088f6e68f2,by,by,2304700,Archaeological 3D virtual museum,archaeo3d,https://api.sketchfab.com/v3/models/033fc9d942504cb9b571dc088f6e68f2,https://sketchfab.com/3d-models/033fc9d942504cb9b571dc088f6e68f2,glbs/000-082/033fc9d942504cb9b571dc088f6e68f2.glb,000-082,88ad3639db469dd65927897b611d91348a753750a1f0b50907375904beefbc91,screen
423,48aa625f11df47b68588bc3f476a3cb1,by,by,555,Mohammed.AlAbd,Mohammed.AlAbd,https://api.sketchfab.com/v3/models/48aa625f11df47b68588bc3f476a3cb1,https://sketchfab.com/3d-models/48aa625f11df47b68588bc3f476a3cb1,glbs/000-055/48aa625f11df47b68588bc3f476a3cb1.glb,000-055,015347bf15350b8017a7a70c091a1907ff2f65d3fe5c4d5b78c16401f4ac5548,screen
424,c68f06031f444bf0a1fea8e34fdf2e8c,by,by,wedding ring 3d print model,bruno_sales,bruno_sales,https://api.sketchfab.com/v3/models/c68f06031f444bf0a1fea8e34fdf2e8c,https://sketchfab.com/3d-models/c68f06031f444bf0a1fea8e34fdf2e8c,glbs/000-037/c68f06031f444bf0a1fea8e34fdf2e8c.glb,000-037,de26eb6c7cc63d924baf9bd54f7a569a927ddaf7a3222d81eecde1b6e78e50df,screen
425,2e8e044c740b43438b68da67cfafcae4,by,by,Uploads Files 357144 Automotive Gauges,arm9mcu,arm9mcu,https://api.sketchfab.com/v3/models/2e8e044c740b43438b68da67cfafcae4,https://sketchfab.com/3d-models/2e8e044c740b43438b68da67cfafcae4,glbs/000-154/2e8e044c740b43438b68da67cfafcae4.glb,000-154,0231f8eb504b99446bf4e93f321fde62c944b981bdcd8b124785caf2a3f31a1b,screen
426,f8ea486340a74476bd24952641bc0704,by,by,Esquina en Churubusco,estradaniel.san,estradaniel.san,https://api.sketchfab.com/v3/models/f8ea486340a74476bd24952641bc0704,https://sketchfab.com/3d-models/f8ea486340a74476bd24952641bc0704,glbs/000-053/f8ea486340a74476bd24952641bc0704.glb,000-053,356193c43af67e6ca8b6ac95c4907f08a591ddfc9f0cb9c66022d0ab5a0098d6,screen
427,dc4a1cfb098448c0bcffa778a423efe5,by,by,CAT G3512B Gas Petroleum Engine,Homo Urbanus,flatform,https://api.sketchfab.com/v3/models/dc4a1cfb098448c0bcffa778a423efe5,https://sketchfab.com/3d-models/dc4a1cfb098448c0bcffa778a423efe5,glbs/000-000/dc4a1cfb098448c0bcffa778a423efe5.glb,000-000,299a60db6dad62e8aba63abb41c8ed41da10bbd77618632b1b5962e77f0a5318,screen
428,549eb243dfe24f029d053e8c420dddbd,by,by,Studio konstrukcije,amirkovic0910,amirkovic0910,https://api.sketchfab.com/v3/models/549eb243dfe24f029d053e8c420dddbd,https://sketchfab.com/3d-models/549eb243dfe24f029d053e8c420dddbd,glbs/000-017/549eb243dfe24f029d053e8c420dddbd.glb,000-017,b0101f1a44140cf8863366960473e4f242947d174f0afaf54efd00636d5a742f,screen
429,1bba470369584495b774c2acfe469537,by,by,Cabeza,JSMY,JSMY,https://api.sketchfab.com/v3/models/1bba470369584495b774c2acfe469537,https://sketchfab.com/3d-models/1bba470369584495b774c2acfe469537,glbs/000-063/1bba470369584495b774c2acfe469537.glb,000-063,55255e4fba3f6e7cfd5c331f0bc2a151491994a26acb9cd474de14ced1530102,screen
430,5c60c41aa0184249b3e7b07f7d8250b7,by,by,little wall,Edwin.Del.Valle,Edwin.Del.Valle.Sotomayor,https://api.sketchfab.com/v3/models/5c60c41aa0184249b3e7b07f7d8250b7,https://sketchfab.com/3d-models/5c60c41aa0184249b3e7b07f7d8250b7,glbs/000-122/5c60c41aa0184249b3e7b07f7d8250b7.glb,000-122,357a75a2195242ab583a60fc9f94142eceb75417907dc407ba28955199f2ec00,screen
431,f18675d0123f4d939f3035f5f335f5fd,by,by,Бра A3964AP-1RD Arte Lamp,fedomo.ru,fedomo,https://api.sketchfab.com/v3/models/f18675d0123f4d939f3035f5f335f5fd,https://sketchfab.com/3d-models/f18675d0123f4d939f3035f5f335f5fd,glbs/000-049/f18675d0123f4d939f3035f5f335f5fd.glb,000-049,985b026d6d3dd4de616024c5c0b74a67d2647a141e7817b24d3a78d63d715665,screen
432,f94a84e279f7477a8fc91f8f191639c9,by,by,Bedroom Diorama Low-Poly,Francesc Teruel Rodríguez,francesctr4,https://api.sketchfab.com/v3/models/f94a84e279f7477a8fc91f8f191639c9,https://sketchfab.com/3d-models/f94a84e279f7477a8fc91f8f191639c9,glbs/000-073/f94a84e279f7477a8fc91f8f191639c9.glb,000-073,a25976005a3a38ddbd6cc00935722efd118af0bb27bb781b8ef41c18da6ac87e,screen
433,ac73ee6cd17d48398bc0b774ee944eee,by-sa,by-sa,ROI010-312-01,bsu_aal,bsu_aal,https://api.sketchfab.com/v3/models/ac73ee6cd17d48398bc0b774ee944eee,https://sketchfab.com/3d-models/ac73ee6cd17d48398bc0b774ee944eee,glbs/000-052/ac73ee6cd17d48398bc0b774ee944eee.glb,000-052,61fc47088963a0f51e1322bcf6cbceda534bea4be5af9e98f64b90d49179b82a,screen
434,a2852a78b57d452386973e7ce5cbe490,by,by,BioChip Medical Model,sjamalakai,sjamalakai,https://api.sketchfab.com/v3/models/a2852a78b57d452386973e7ce5cbe490,https://sketchfab.com/3d-models/a2852a78b57d452386973e7ce5cbe490,glbs/000-107/a2852a78b57d452386973e7ce5cbe490.glb,000-107,49c379c54abb98ece075279eaa0676e22a5babfeb774ad0e8db1f09e0f773a86,screen
435,2ba051ecf36e437d93cffc5edf9e8889,by,by,Cooper Display,4Dshopper,4dshopper,https://api.sketchfab.com/v3/models/2ba051ecf36e437d93cffc5edf9e8889,https://sketchfab.com/3d-models/2ba051ecf36e437d93cffc5edf9e8889,glbs/000-113/2ba051ecf36e437d93cffc5edf9e8889.glb,000-113,8ad62ed53003012fc99c1fb7833b29fd9555c6aef3025d21a39d7f0184bf00d2,screen
436,c5c995a1b65644e096579ddc748c37a4,by,by,Exam 3 Segmentation of Pelvis,emwigdahl,emwigdahl,https://api.sketchfab.com/v3/models/c5c995a1b65644e096579ddc748c37a4,https://sketchfab.com/3d-models/c5c995a1b65644e096579ddc748c37a4,glbs/000-082/c5c995a1b65644e096579ddc748c37a4.glb,000-082,88ad3639db469dd65927897b611d91348a753750a1f0b50907375904beefbc91,screen
437,3c83796ca5f043f1beb8044dd2e51a0d,by,by,bricks on news boxes,bunnyhero,bunnyherolabs,https://api.sketchfab.com/v3/models/3c83796ca5f043f1beb8044dd2e51a0d,https://sketchfab.com/3d-models/3c83796ca5f043f1beb8044dd2e51a0d,glbs/000-088/3c83796ca5f043f1beb8044dd2e51a0d.glb,000-088,ba9d9532e774f93e1b4edd5f942bc2e4cc4c20a0f27db2762eda60804d1f85ab,screen
438,a411ca256814410982665d5b8bed5b2c,by,by,Mazurek,Wiazary,Wiazary,https://api.sketchfab.com/v3/models/a411ca256814410982665d5b8bed5b2c,https://sketchfab.com/3d-models/a411ca256814410982665d5b8bed5b2c,glbs/000-110/a411ca256814410982665d5b8bed5b2c.glb,000-110,d93aee8e0316a794dae1aeff7acd2c1cb84cecd2c12862c6fa782f6b96dc9b19,screen
439,ab454feeacfe420cb258aa1247093101,by,by,banan hp,Kopson,Kopson,https://api.sketchfab.com/v3/models/ab454feeacfe420cb258aa1247093101,https://sketchfab.com/3d-models/ab454feeacfe420cb258aa1247093101,glbs/000-053/ab454feeacfe420cb258aa1247093101.glb,000-053,356193c43af67e6ca8b6ac95c4907f08a591ddfc9f0cb9c66022d0ab5a0098d6,screen
440,e541ba8865d8407bb41880b999593c63,by,by,Jordan 191,chwashere123,chwashere123,https://api.sketchfab.com/v3/models/e541ba8865d8407bb41880b999593c63,https://sketchfab.com/3d-models/e541ba8865d8407bb41880b999593c63,glbs/000-003/e541ba8865d8407bb41880b999593c63.glb,000-003,a81c8aea7da13ffb156cfe2bea5d3b24f6c71454b1aa0f10c14e439978f91a4e,screen
441,e79d62a1fa974770991f34aeb1e4e288,by,by,Ваутутинки (Ограждение в баню),kar-87,kar-87,https://api.sketchfab.com/v3/models/e79d62a1fa974770991f34aeb1e4e288,https://sketchfab.com/3d-models/e79d62a1fa974770991f34aeb1e4e288,glbs/000-139/e79d62a1fa974770991f34aeb1e4e288.glb,000-139,55e1d193e69fe81c540cf6097ec751cffc2ca4db9e1809cd5cf1de534ca6c34f,screen
442,a26518bf5a914178ab132df994bb16b4,by,by,bench_,Ricardo Sanchez,380660711785,https://api.sketchfab.com/v3/models/a26518bf5a914178ab132df994bb16b4,https://sketchfab.com/3d-models/a26518bf5a914178ab132df994bb16b4,glbs/000-086/a26518bf5a914178ab132df994bb16b4.glb,000-086,af7aedf1738e7415dd4cc130ca6a8a3efca2490616831dc37abe626dee2a4e73,screen
443,edd694787cf4409a9dd20561e6a70ccb,by,by,stinger 01,Msemba2021,Msemba2021,https://api.sketchfab.com/v3/models/edd694787cf4409a9dd20561e6a70ccb,https://sketchfab.com/3d-models/edd694787cf4409a9dd20561e6a70ccb,glbs/000-049/edd694787cf4409a9dd20561e6a70ccb.glb,000-049,985b026d6d3dd4de616024c5c0b74a67d2647a141e7817b24d3a78d63d715665,screen
444,885d96b479174bca92c8953adc6247be,by,by,Baldwin Furniture,JacksonMGB,JacksonMGB,https://api.sketchfab.com/v3/models/885d96b479174bca92c8953adc6247be,https://sketchfab.com/3d-models/885d96b479174bca92c8953adc6247be,glbs/000-029/885d96b479174bca92c8953adc6247be.glb,000-029,c64b5971a3d46e4436280d41abe19bbb6d9acf8cdd893f99fcb0b0a1572edc88,screen
445,b09f24d3eca14a179165798fa504e25e,by,by,26635A,mstam,mstam,https://api.sketchfab.com/v3/models/b09f24d3eca14a179165798fa504e25e,https://sketchfab.com/3d-models/b09f24d3eca14a179165798fa504e25e,glbs/000-157/b09f24d3eca14a179165798fa504e25e.glb,000-157,3de40df8e0ff60006efc36a86597723d3a46267bf510b5dcb9814cbee2c49964,screen
446,152d3476922c4f559d08216d38222bf0,by,by,MD03 007 09,LazyKitten,LazyKitten,https://api.sketchfab.com/v3/models/152d3476922c4f559d08216d38222bf0,https://sketchfab.com/3d-models/152d3476922c4f559d08216d38222bf0,glbs/000-159/152d3476922c4f559d08216d38222bf0.glb,000-159,f32c359612f640343302334334491f66c5a1b2901aae3733c1dec0f97cf83706,screen
447,b80ed896b2114735b0028b6ccd460472,by,by,test scene,Fei.Xia,Fei.Xia,https://api.sketchfab.com/v3/models/b80ed896b2114735b0028b6ccd460472,https://sketchfab.com/3d-models/b80ed896b2114735b0028b6ccd460472,glbs/000-031/b80ed896b2114735b0028b6ccd460472.glb,000-031,8d867a5ab0f47609c99248ecc7522765386389612c2c37e39a266ac4dab300bd,screen
448,9d283a36439b4843ba5637bc7af77165,by,by,MP VSP52,LaiptuPasaulis,LaiptuPasaulis,https://api.sketchfab.com/v3/models/9d283a36439b4843ba5637bc7af77165,https://sketchfab.com/3d-models/9d283a36439b4843ba5637bc7af77165,glbs/000-058/9d283a36439b4843ba5637bc7af77165.glb,000-058,985db2ae647bf34fe8a6c6ff9bb559e11729fbe8b99eb726c14f0990d10164c6,screen
449,7d1222bfc74645aba75b3a5836e6e1c9,by,by,VN3 Накладной гипсовый светильник,Promin,Promin,https://api.sketchfab.com/v3/models/7d1222bfc74645aba75b3a5836e6e1c9,https://sketchfab.com/3d-models/7d1222bfc74645aba75b3a5836e6e1c9,glbs/000-097/7d1222bfc74645aba75b3a5836e6e1c9.glb,000-097,f962516e9bf6ce467328c238087b4767092f5d30763bfe5309ee3d32df9b24dd,screen
450,a77ee0defee64e3db8b5a96a6411d53b,by,by,Signature,tymill,tymill,https://api.sketchfab.com/v3/models/a77ee0defee64e3db8b5a96a6411d53b,https://sketchfab.com/3d-models/a77ee0defee64e3db8b5a96a6411d53b,glbs/000-026/a77ee0defee64e3db8b5a96a6411d53b.glb,000-026,fe156a2eed7c14eaf06d6af3c8bd0a8e869aa66fa10728fa986c499d80611527,screen
451,cffa90626ef049c6aa841d51e5642ccf,by,by,Dinning/kitchen room,DarvinAbraham,DarvinAbraham,https://api.sketchfab.com/v3/models/cffa90626ef049c6aa841d51e5642ccf,https://sketchfab.com/3d-models/cffa90626ef049c6aa841d51e5642ccf,glbs/000-005/cffa90626ef049c6aa841d51e5642ccf.glb,000-005,ab46e859e11272010fbcff35eadb696ce9623ddfb61c44bcc208ba94ae5fa320,screen
452,5f1665fbb88244388682cbffe14992f3,by,by,Terma VTS Smart temperature and humidity sensor,termagroup,termagroup,https://api.sketchfab.com/v3/models/5f1665fbb88244388682cbffe14992f3,https://sketchfab.com/3d-models/5f1665fbb88244388682cbffe14992f3,glbs/000-009/5f1665fbb88244388682cbffe14992f3.glb,000-009,cee62d98212f33da2f5c3f299c5d0784609d1c3861f39d396348df54d17dda1c,screen
453,b23f502dfb2f49b9ade0b74445a7e7c8,by,by,shoes box,Boxify,boxify,https://api.sketchfab.com/v3/models/b23f502dfb2f49b9ade0b74445a7e7c8,https://sketchfab.com/3d-models/b23f502dfb2f49b9ade0b74445a7e7c8,glbs/000-043/b23f502dfb2f49b9ade0b74445a7e7c8.glb,000-043,752b681222db8fc4e8f8fc9d12c99bcfe776f87a7cca2d893a2513a53181f20c,screen
454,71878fdedeb340858fece0b8d2cc8f45,by,by,"Sat, 14 Dec 2019 20:23:01",newfields-3dprinting,newfields-3dprinting,https://api.sketchfab.com/v3/models/71878fdedeb340858fece0b8d2cc8f45,https://sketchfab.com/3d-models/71878fdedeb340858fece0b8d2cc8f45,glbs/000-116/71878fdedeb340858fece0b8d2cc8f45.glb,000-116,a52414161230a7c921a3f6a318151469d76cf0b9ee20658d70a0c7ede1cb3557,screen
455,91e6704be72f4a73bafb51027614529c,by,by,Dubowo,Hillforts and ancient sites | hillforts.eu,hillforts,https://api.sketchfab.com/v3/models/91e6704be72f4a73bafb51027614529c,https://sketchfab.com/3d-models/91e6704be72f4a73bafb51027614529c,glbs/000-096/91e6704be72f4a73bafb51027614529c.glb,000-096,3a1558f94d8b3653478065a94bebef63c01168cca91a3c16a95fbca29c9727f1,screen
456,3e632b0a45e047259c7fa23ce8c3e3df,by-sa,by-sa,graffitied wall 2,horiabascadesign,horiabascadesign,https://api.sketchfab.com/v3/models/3e632b0a45e047259c7fa23ce8c3e3df,https://sketchfab.com/3d-models/3e632b0a45e047259c7fa23ce8c3e3df,glbs/000-060/3e632b0a45e047259c7fa23ce8c3e3df.glb,000-060,12462ac3cb3274e3e6b98ea1ed3cc1f39e0d965a1afbe04ff145963f0e2bc88c,screen
457,068fa0d9d856422794a70bad179b9b56,by,by,Light Saber Done,gustav.planntin,gustav.planntin,https://api.sketchfab.com/v3/models/068fa0d9d856422794a70bad179b9b56,https://sketchfab.com/3d-models/068fa0d9d856422794a70bad179b9b56,glbs/000-034/068fa0d9d856422794a70bad179b9b56.glb,000-034,1abf2f65357b72efe7f8c5430d54dfea572a60a73773d7ce3a3d6b8b26c04b33,screen
458,87b2e97b7c1a405cbeb6e6f31cc58eaf,by,by,Academia,Tairon.Sousa,Tairon.Sousa,https://api.sketchfab.com/v3/models/87b2e97b7c1a405cbeb6e6f31cc58eaf,https://sketchfab.com/3d-models/87b2e97b7c1a405cbeb6e6f31cc58eaf,glbs/000-091/87b2e97b7c1a405cbeb6e6f31cc58eaf.glb,000-091,b9fb8713b87da27eb7eacd2a705580b5dcef62ff1c5ce4d266cc88cbbceb8576,screen
459,09b23eaf4709421391c9e402013c2334,by,by,"P13381B, Woodville Road",Martin Hallam. Harmony Timber,martinharmony,https://api.sketchfab.com/v3/models/09b23eaf4709421391c9e402013c2334,https://sketchfab.com/3d-models/09b23eaf4709421391c9e402013c2334,glbs/000-055/09b23eaf4709421391c9e402013c2334.glb,000-055,015347bf15350b8017a7a70c091a1907ff2f65d3fe5c4d5b78c16401f4ac5548,screen
460,a2501cf59a114bc0b32f654a39f53c58,by,by,101Skjell-S,zydrunaslhm,zydrunaslhm,https://api.sketchfab.com/v3/models/a2501cf59a114bc0b32f654a39f53c58,https://sketchfab.com/3d-models/a2501cf59a114bc0b32f654a39f53c58,glbs/000-094/a2501cf59a114bc0b32f654a39f53c58.glb,000-094,e447ffdf5355385703fd0d730c607f4debd12ad8ffc19911441aa56c0c5ed2ef,screen
461,c5c91a52f2a84cf4a7e507acd1935ff4,by,by,House Plant - Low Poly,Kaniksu,kaniksu,https://api.sketchfab.com/v3/models/c5c91a52f2a84cf4a7e507acd1935ff4,https://sketchfab.com/3d-models/c5c91a52f2a84cf4a7e507acd1935ff4,glbs/000-033/c5c91a52f2a84cf4a7e507acd1935ff4.glb,000-033,66f44bc2bb3a3dbb40db3ee67c90627babdc443c19947ad9342caa07f825f734,screen
462,70b5ecf2855848fd993c4100bb3af5e6,by,by,how not to uv,AlexFG,AlexFG,https://api.sketchfab.com/v3/models/70b5ecf2855848fd993c4100bb3af5e6,https://sketchfab.com/3d-models/70b5ecf2855848fd993c4100bb3af5e6,glbs/000-045/70b5ecf2855848fd993c4100bb3af5e6.glb,000-045,ba2ad269d30571356fc8ebcd4fb8c2b3a995c8812a37de3a4f6e23d10478663a,screen
463,10378d8ea7fd4e8a9bd9d9803e9bcaa9,by,by,Mosque,Xemz,masumrpg,https://api.sketchfab.com/v3/models/10378d8ea7fd4e8a9bd9d9803e9bcaa9,https://sketchfab.com/3d-models/10378d8ea7fd4e8a9bd9d9803e9bcaa9,glbs/000-037/10378d8ea7fd4e8a9bd9d9803e9bcaa9.glb,000-037,de26eb6c7cc63d924baf9bd54f7a569a927ddaf7a3222d81eecde1b6e78e50df,screen
464,e6b6fa34c2a6402a9f8e50fe81c0376d,by,by,Светильник TR001-1-GU10-B Maytoni,fedomo.ru,fedomo,https://api.sketchfab.com/v3/models/e6b6fa34c2a6402a9f8e50fe81c0376d,https://sketchfab.com/3d-models/e6b6fa34c2a6402a9f8e50fe81c0376d,glbs/000-097/e6b6fa34c2a6402a9f8e50fe81c0376d.glb,000-097,f962516e9bf6ce467328c238087b4767092f5d30763bfe5309ee3d32df9b24dd,screen
465,7858c0e606b442a7b3f50b823fd9703e,by-sa,by-sa,Vise,1-3D.com,1-3D.com,https://api.sketchfab.com/v3/models/7858c0e606b442a7b3f50b823fd9703e,https://sketchfab.com/3d-models/7858c0e606b442a7b3f50b823fd9703e,glbs/000-097/7858c0e606b442a7b3f50b823fd9703e.glb,000-097,f962516e9bf6ce467328c238087b4767092f5d30763bfe5309ee3d32df9b24dd,screen
466,ed66b5fea72d467c9bacef6ddefc542d,by,by,Bob Sponje Schematic 111x99x51,hearthdownload,hearthdownload,https://api.sketchfab.com/v3/models/ed66b5fea72d467c9bacef6ddefc542d,https://sketchfab.com/3d-models/ed66b5fea72d467c9bacef6ddefc542d,glbs/000-120/ed66b5fea72d467c9bacef6ddefc542d.glb,000-120,28c857706bc91bcad0941e8b3fb8077f484354c2e7f3e3be35eaebb922bec494,screen
467,04a077eec73f4e65a3901a4c8bce3979,by,by,ЭМАЯК 05 03 (Кронштейн створки),CosmoMayak,ilyamaklakov,https://api.sketchfab.com/v3/models/04a077eec73f4e65a3901a4c8bce3979,https://sketchfab.com/3d-models/04a077eec73f4e65a3901a4c8bce3979,glbs/000-064/04a077eec73f4e65a3901a4c8bce3979.glb,000-064,e666ecf77b50b116d3b96149872a8b86fc2d75218d23983a01968ce37395e83d,screen
468,bb8b29f948f74d01bcb0c3c2f527cfb9,by,by,Люстра 3929/15 Odeon Light,fedomo.ru,fedomo,https://api.sketchfab.com/v3/models/bb8b29f948f74d01bcb0c3c2f527cfb9,https://sketchfab.com/3d-models/bb8b29f948f74d01bcb0c3c2f527cfb9,glbs/000-154/bb8b29f948f74d01bcb0c3c2f527cfb9.glb,000-154,0231f8eb504b99446bf4e93f321fde62c944b981bdcd8b124785caf2a3f31a1b,screen
469,e8eba6392a594c5c9d3c6a499aa2da2c,by,by,P12286C,WillowF,WillowF,https://api.sketchfab.com/v3/models/e8eba6392a594c5c9d3c6a499aa2da2c,https://sketchfab.com/3d-models/e8eba6392a594c5c9d3c6a499aa2da2c,glbs/000-072/e8eba6392a594c5c9d3c6a499aa2da2c.glb,000-072,b64fc310e466334c536521755aec6b040977de41edb985813bfba521b1035db2,screen
470,1a274647331648f7bf048cacd1d15a03,by,by,INDA Year3 D2 Lise Daeen Project Model 2,daeen.eom,daeen.eom,https://api.sketchfab.com/v3/models/1a274647331648f7bf048cacd1d15a03,https://sketchfab.com/3d-models/1a274647331648f7bf048cacd1d15a03,glbs/000-017/1a274647331648f7bf048cacd1d15a03.glb,000-017,b0101f1a44140cf8863366960473e4f242947d174f0afaf54efd00636d5a742f,screen
471,f5c4f600ca47452fa718a8b377ff20ee,by,by,Flaggwave,stianbrathen,stianbrathen,https://api.sketchfab.com/v3/models/f5c4f600ca47452fa718a8b377ff20ee,https://sketchfab.com/3d-models/f5c4f600ca47452fa718a8b377ff20ee,glbs/000-018/f5c4f600ca47452fa718a8b377ff20ee.glb,000-018,0339a843a0093663249e8c026c9f565bfdfde895cc7e6e1d337ce7865130b04e,screen
472,654d4520010e4fc6b8385cc63d0b00c7,by,by,Booth Z,Sflex,Sflex,https://api.sketchfab.com/v3/models/654d4520010e4fc6b8385cc63d0b00c7,https://sketchfab.com/3d-models/654d4520010e4fc6b8385cc63d0b00c7,glbs/000-026/654d4520010e4fc6b8385cc63d0b00c7.glb,000-026,fe156a2eed7c14eaf06d6af3c8bd0a8e869aa66fa10728fa986c499d80611527,screen
473,2b95e3f3d5dd4677ac59ff5456e34495,by,by,動畫2甲31號,和快平,k348241077,https://api.sketchfab.com/v3/models/2b95e3f3d5dd4677ac59ff5456e34495,https://sketchfab.com/3d-models/2b95e3f3d5dd4677ac59ff5456e34495,glbs/000-077/2b95e3f3d5dd4677ac59ff5456e34495.glb,000-077,ab70b1fa4d00ee7c9ccadf20b686f646e9b67a048d44ea792ad602880ff3a64c,screen
474,4b0f217a8b9043b781f23a271ceb2276,by,by,Skateboard,Johnson Martin,Johnson-Martin,https://api.sketchfab.com/v3/models/4b0f217a8b9043b781f23a271ceb2276,https://sketchfab.com/3d-models/4b0f217a8b9043b781f23a271ceb2276,glbs/000-089/4b0f217a8b9043b781f23a271ceb2276.glb,000-089,124530701e5c248d83de1b914bf68832c4fdf878dfadc0175ed5c58cd521eb5b,screen
475,9eb633d6601b42ef86c39cbfe3152872,by,by,Apex_20_SS Jersey Line,Tineli,tineli,https://api.sketchfab.com/v3/models/9eb633d6601b42ef86c39cbfe3152872,https://sketchfab.com/3d-models/9eb633d6601b42ef86c39cbfe3152872,glbs/000-110/9eb633d6601b42ef86c39cbfe3152872.glb,000-110,d93aee8e0316a794dae1aeff7acd2c1cb84cecd2c12862c6fa782f6b96dc9b19,screen
476,03e56d297da241b58fc9eb85586bcb8a,by,by,吳承澤_A108082027,a108082027,a108082027,https://api.sketchfab.com/v3/models/03e56d297da241b58fc9eb85586bcb8a,https://sketchfab.com/3d-models/03e56d297da241b58fc9eb85586bcb8a,glbs/000-061/03e56d297da241b58fc9eb85586bcb8a.glb,000-061,513a702b8cb40fc10c2cd2edcd33d3a111a52eb4bc9d4a0008ec8d26b87eaaa1,screen
477,81de4279857c4652ba7a4b83472e664b,by,by,MiniKerisSepukal,eeelabvisual,eeelabvisual,https://api.sketchfab.com/v3/models/81de4279857c4652ba7a4b83472e664b,https://sketchfab.com/3d-models/81de4279857c4652ba7a4b83472e664b,glbs/000-004/81de4279857c4652ba7a4b83472e664b.glb,000-004,14aff8e4390cd2ee271888f49c83f3745a2d00b02f7b44e569d68f88a9f0bebf,screen
478,b60d3c625cc64239b22aecc1b97f45bd,by,by,Гараж 7х12 Заозерье,Nikolay,gor-lstk,https://api.sketchfab.com/v3/models/b60d3c625cc64239b22aecc1b97f45bd,https://sketchfab.com/3d-models/b60d3c625cc64239b22aecc1b97f45bd,glbs/000-019/b60d3c625cc64239b22aecc1b97f45bd.glb,000-019,e810d299af9e54d05161106fa27aa1d86006174d3e09d3cd52ea453732a694ae,screen
479,1433e0d035e8402a8a32b82e01396b1b,by,by,Segmentation Preview Segment 1,ikboljonsobirov,ikboljonsobirov,https://api.sketchfab.com/v3/models/1433e0d035e8402a8a32b82e01396b1b,https://sketchfab.com/3d-models/1433e0d035e8402a8a32b82e01396b1b,glbs/000-037/1433e0d035e8402a8a32b82e01396b1b.glb,000-037,de26eb6c7cc63d924baf9bd54f7a569a927ddaf7a3222d81eecde1b6e78e50df,screen
480,cf183eb8ce0a4ba59c5de662580bb1de,by,by,Squidward's House (Spongebob,Yanez Designs,Yanez-Designs,https://api.sketchfab.com/v3/models/cf183eb8ce0a4ba59c5de662580bb1de,https://sketchfab.com/3d-models/cf183eb8ce0a4ba59c5de662580bb1de,glbs/000-092/cf183eb8ce0a4ba59c5de662580bb1de.glb,000-092,4deb18bc0acbe9e6949edf411584a0eed85f3d0c142ef34ed416ce23647460b2,screen
481,971afd5dfe5144c79be00b3a5106f6ea,by,by,J18952B,philipscholtz,philipscholtz,https://api.sketchfab.com/v3/models/971afd5dfe5144c79be00b3a5106f6ea,https://sketchfab.com/3d-models/971afd5dfe5144c79be00b3a5106f6ea,glbs/000-021/971afd5dfe5144c79be00b3a5106f6ea.glb,000-021,c10972c26e7ba827cf0e941dec6337342d458f269bf2a65c345d5241388a4ec0,screen
482,5b7b75f885fd465eaf6bfc075ea24709,by,by,Test,rabaudi,rabaudi,https://api.sketchfab.com/v3/models/5b7b75f885fd465eaf6bfc075ea24709,https://sketchfab.com/3d-models/5b7b75f885fd465eaf6bfc075ea24709,glbs/000-117/5b7b75f885fd465eaf6bfc075ea24709.glb,000-117,488eb25b771923642d0d78d11f6b167aaba46e1e9b9723fe0c777d8006e7d92d,screen
483,b931d7717fd24627b91e466509b3c04f,by,by,walids axe,walidalmansour,walidalmansour,https://api.sketchfab.com/v3/models/b931d7717fd24627b91e466509b3c04f,https://sketchfab.com/3d-models/b931d7717fd24627b91e466509b3c04f,glbs/000-051/b931d7717fd24627b91e466509b3c04f.glb,000-051,b89bf615f401a220d2ae0e5d2f038639e3721bd04d7df59d202bdaccc0426f68,screen
484,464d4da5b46842ed8cb37b7c50168a60,by,by,Low poly PC Cable,Paul,nathan.d1563,https://api.sketchfab.com/v3/models/464d4da5b46842ed8cb37b7c50168a60,https://sketchfab.com/3d-models/464d4da5b46842ed8cb37b7c50168a60,glbs/000-044/464d4da5b46842ed8cb37b7c50168a60.glb,000-044,d1a920b3d6e60c919a1e2ef114cd1584bc4a47372e33f34188f882ab0355e9a3,screen
485,bbb1ec607c904ffaa219f667d833c959,by,by,Kyanite,GSGEQueens,GSGEQueens,https://api.sketchfab.com/v3/models/bbb1ec607c904ffaa219f667d833c959,https://sketchfab.com/3d-models/bbb1ec607c904ffaa219f667d833c959,glbs/000-122/bbb1ec607c904ffaa219f667d833c959.glb,000-122,357a75a2195242ab583a60fc9f94142eceb75417907dc407ba28955199f2ec00,screen
486,ec54bac182c044fa99699ea4022e5f2f,by,by,Land plot for Onno,Vlad,vlad1988,https://api.sketchfab.com/v3/models/ec54bac182c044fa99699ea4022e5f2f,https://sketchfab.com/3d-models/ec54bac182c044fa99699ea4022e5f2f,glbs/000-074/ec54bac182c044fa99699ea4022e5f2f.glb,000-074,9b50ef2b7ecb6aa90524f5351e2e258f9be9e3f30796db5ed266a9fccb83712e,screen
487,d08234023aea48e296e44fee17b4a3cb,by,by,Batarang,tudoregay,tudoregay,https://api.sketchfab.com/v3/models/d08234023aea48e296e44fee17b4a3cb,https://sketchfab.com/3d-models/d08234023aea48e296e44fee17b4a3cb,glbs/000-052/d08234023aea48e296e44fee17b4a3cb.glb,000-052,61fc47088963a0f51e1322bcf6cbceda534bea4be5af9e98f64b90d49179b82a,screen
488,6186dd0e22734be4b1933b13328bc0a7,by,by,Busto n.5,Archivio di Santa Maria Nuova Abbiategrasso,busti-santamarianuova,https://api.sketchfab.com/v3/models/6186dd0e22734be4b1933b13328bc0a7,https://sketchfab.com/3d-models/6186dd0e22734be4b1933b13328bc0a7,glbs/000-016/6186dd0e22734be4b1933b13328bc0a7.glb,000-016,a40e37f4c521f96bf29b0c8a2b5e181a71621c6833aec23da68c2bace6790d14,screen
489,02dba652a05246a7a6e2040a5fae956f,by,by,Velma - Multiversus,Rogerio.F..Alves,Rogerio.F..Alves,https://api.sketchfab.com/v3/models/02dba652a05246a7a6e2040a5fae956f,https://sketchfab.com/3d-models/02dba652a05246a7a6e2040a5fae956f,glbs/000-058/02dba652a05246a7a6e2040a5fae956f.glb,000-058,985db2ae647bf34fe8a6c6ff9bb559e11729fbe8b99eb726c14f0990d10164c6,screen
490,d61cfe611a404af590a9a8b55f063dc1,by,by,Mercedes Lowliner,nitheeshkumaarmv,nitheeshkumaarmv,https://api.sketchfab.com/v3/models/d61cfe611a404af590a9a8b55f063dc1,https://sketchfab.com/3d-models/d61cfe611a404af590a9a8b55f063dc1,glbs/000-049/d61cfe611a404af590a9a8b55f063dc1.glb,000-049,985b026d6d3dd4de616024c5c0b74a67d2647a141e7817b24d3a78d63d715665,screen
491,26a181885c6d4f26ad6b4843a0331752,by,by,Observatoire 2,Toposillac,Toposillac,https://api.sketchfab.com/v3/models/26a181885c6d4f26ad6b4843a0331752,https://sketchfab.com/3d-models/26a181885c6d4f26ad6b4843a0331752,glbs/000-045/26a181885c6d4f26ad6b4843a0331752.glb,000-045,ba2ad269d30571356fc8ebcd4fb8c2b3a995c8812a37de3a4f6e23d10478663a,screen
492,7527545369c6419696e7e1ca5dad4489,by,by,Western Frieze Block XIV State Model-Trae Stroud,Skypersonel,Skypersonel,https://api.sketchfab.com/v3/models/7527545369c6419696e7e1ca5dad4489,https://sketchfab.com/3d-models/7527545369c6419696e7e1ca5dad4489,glbs/000-140/7527545369c6419696e7e1ca5dad4489.glb,000-140,37cd6ac2c0429b109479c5c5d5807f2c6fde4028d456e4cd3415e02741b4072a,screen
493,b9f300632e7344f5a8509aff2fbcbad6,by,by,Proline Computer by Exacta,Penn,penndavis,https://api.sketchfab.com/v3/models/b9f300632e7344f5a8509aff2fbcbad6,https://sketchfab.com/3d-models/b9f300632e7344f5a8509aff2fbcbad6,glbs/000-152/b9f300632e7344f5a8509aff2fbcbad6.glb,000-152,0ed0a12440febb7076afd92a148e8b977a63ec2937de4210ab7f389747ace75d,screen
494,f021bbb7c5f14cee9f102109c78cb563,by,by,NYC Fire Hydrant,eseftel,eseftel,https://api.sketchfab.com/v3/models/f021bbb7c5f14cee9f102109c78cb563,https://sketchfab.com/3d-models/f021bbb7c5f14cee9f102109c78cb563,glbs/000-124/f021bbb7c5f14cee9f102109c78cb563.glb,000-124,382d3854cfbfecfc86122931bf81756ef8bf523668537f2b84b4efc1a098e0eb,screen
495,96b49ba5c9724e2dbfc87411cf6d1ceb,by,by,Step 5 | Assembly instructions EEZYbotArm MK3,Stichting Consortium Beroepsonderwijs,scb3d,https://api.sketchfab.com/v3/models/96b49ba5c9724e2dbfc87411cf6d1ceb,https://sketchfab.com/3d-models/96b49ba5c9724e2dbfc87411cf6d1ceb,glbs/000-018/96b49ba5c9724e2dbfc87411cf6d1ceb.glb,000-018,0339a843a0093663249e8c026c9f565bfdfde895cc7e6e1d337ce7865130b04e,screen
496,8bd93fcae54940bd903a94a9094da4ee,by,by,Old Mill?,jtressle,jtressle,https://api.sketchfab.com/v3/models/8bd93fcae54940bd903a94a9094da4ee,https://sketchfab.com/3d-models/8bd93fcae54940bd903a94a9094da4ee,glbs/000-039/8bd93fcae54940bd903a94a9094da4ee.glb,000-039,48fba0bb67d790c900dceab75cd29437427b45a9febd51a1f2611a1e5b5f2fbd,screen
497,f39701f4cd8040c79356223a05879185,by,by,女山（ぞやま）神籠石　横尾谷水門,Tetsuro,Tetsuro,https://api.sketchfab.com/v3/models/f39701f4cd8040c79356223a05879185,https://sketchfab.com/3d-models/f39701f4cd8040c79356223a05879185,glbs/000-108/f39701f4cd8040c79356223a05879185.glb,000-108,279c216902aa2d886c281455309931522668576c7ea55826e406e4832cc0e1d4,screen
498,5b957a4f1e6f403ab6eca5699777a1d4,by,by,Main Stair Rail - Wasserburger,ryanpendarvis,ryanpendarvis,https://api.sketchfab.com/v3/models/5b957a4f1e6f403ab6eca5699777a1d4,https://sketchfab.com/3d-models/5b957a4f1e6f403ab6eca5699777a1d4,glbs/000-016/5b957a4f1e6f403ab6eca5699777a1d4.glb,000-016,a40e37f4c521f96bf29b0c8a2b5e181a71621c6833aec23da68c2bace6790d14,screen
499,100d425422584bf8b26a5ee942c9281f,by,by,Tetrahedron Color,chandlerklebs,chandlerklebs,https://api.sketchfab.com/v3/models/100d425422584bf8b26a5ee942c9281f,https://sketchfab.com/3d-models/100d425422584bf8b26a5ee942c9281f,glbs/000-139/100d425422584bf8b26a5ee942c9281f.glb,000-139,55e1d193e69fe81c540cf6097ec751cffc2ca4db9e1809cd5cf1de534ca6c34f,screen
500,e5d79b0459274421867edfee7fb9d3c4,by,by,Self Sustaining Garden V18 V1,JohnRodrigues,rodriguesjohnbaptist,https://api.sketchfab.com/v3/models/e5d79b0459274421867edfee7fb9d3c4,https://sketchfab.com/3d-models/e5d79b0459274421867edfee7fb9d3c4,glbs/000-022/e5d79b0459274421867edfee7fb9d3c4.glb,000-022,7f427265050b1644d9a83ead7fa7eb303c9fc5cd818b03bbb53e5d5967d5e0ff,screen
501,f12463ff16e44092995b72a7fa5a11fd,by,by,ANINO4,Allamikhalch,Allamikhalch,https://api.sketchfab.com/v3/models/f12463ff16e44092995b72a7fa5a11fd,https://sketchfab.com/3d-models/f12463ff16e44092995b72a7fa5a11fd,glbs/000-067/f12463ff16e44092995b72a7fa5a11fd.glb,000-067,c14d4e855ed8cef6084c5154c37b0bd8df76fe8af70604f3c91fe2cd28d9a094,screen
502,60fe91b251a24c00b808c4379b30f13e,by,by,Sword,sioson.steve,sioson.steve,https://api.sketchfab.com/v3/models/60fe91b251a24c00b808c4379b30f13e,https://sketchfab.com/3d-models/60fe91b251a24c00b808c4379b30f13e,glbs/000-025/60fe91b251a24c00b808c4379b30f13e.glb,000-025,b5c0cbefa5a9e7376d87cf2ec830940e5ec589a803a0509b5c94fa0e4f5df729,screen
503,bb741c223f2340438f497cd44c3d5778,by,by,5.56mm NATO,5upporter,5upporter,https://api.sketchfab.com/v3/models/bb741c223f2340438f497cd44c3d5778,https://sketchfab.com/3d-models/bb741c223f2340438f497cd44c3d5778,glbs/000-064/bb741c223f2340438f497cd44c3d5778.glb,000-064,e666ecf77b50b116d3b96149872a8b86fc2d75218d23983a01968ce37395e83d,screen
504,601cb7c9ecf245ccb753dbef6a74eb9c,by,by,covid2,poppolo,poppolo,https://api.sketchfab.com/v3/models/601cb7c9ecf245ccb753dbef6a74eb9c,https://sketchfab.com/3d-models/601cb7c9ecf245ccb753dbef6a74eb9c,glbs/000-153/601cb7c9ecf245ccb753dbef6a74eb9c.glb,000-153,6e3a49a5b798383b76a1e5afada18c3d2253e64c809ccd19b6c05bae327e0ad9,screen
505,47da2177d7c34d3ab6e0b92210b31613,by,by,71620,Sollitrapp,Sollitrapp,https://api.sketchfab.com/v3/models/47da2177d7c34d3ab6e0b92210b31613,https://sketchfab.com/3d-models/47da2177d7c34d3ab6e0b92210b31613,glbs/000-065/47da2177d7c34d3ab6e0b92210b31613.glb,000-065,625bcfcbd08d80db0efade77928d9ea1d08763e44e37fcd5adef9a7ddeed2713,screen
506,c8a9d0d162154189806e77a29460ecfc,by,by,Gold Coin with $ Sign,MauroGonzalezA,MauroGonzalezA,https://api.sketchfab.com/v3/models/c8a9d0d162154189806e77a29460ecfc,https://sketchfab.com/3d-models/c8a9d0d162154189806e77a29460ecfc,glbs/000-121/c8a9d0d162154189806e77a29460ecfc.glb,000-121,6166e9139c333ac10009bf9a11f6498eaf2fadf22a26f2290dcbf85e5d9797b1,screen
507,ec103a4166c64bd0b5e5f3a47242042d,by,by,trashbin,yuntian,yuntian,https://api.sketchfab.com/v3/models/ec103a4166c64bd0b5e5f3a47242042d,https://sketchfab.com/3d-models/ec103a4166c64bd0b5e5f3a47242042d,glbs/000-157/ec103a4166c64bd0b5e5f3a47242042d.glb,000-157,3de40df8e0ff60006efc36a86597723d3a46267bf510b5dcb9814cbee2c49964,screen
508,6687061f614f4340bd44b8c4006f7e2e,by,by,Navarre - Steam Golem,masonjamesnc,masonjamesnc,https://api.sketchfab.com/v3/models/6687061f614f4340bd44b8c4006f7e2e,https://sketchfab.com/3d-models/6687061f614f4340bd44b8c4006f7e2e,glbs/000-028/6687061f614f4340bd44b8c4006f7e2e.glb,000-028,59aa21bab8f5083e9bd163def90442388bc210e3c9487a6b190190f01e134bcc,screen
509,56891f81b0564889b1325464f28d36cb,by,by,Dialogo 2,gb.prof.69,gb.prof.69,https://api.sketchfab.com/v3/models/56891f81b0564889b1325464f28d36cb,https://sketchfab.com/3d-models/56891f81b0564889b1325464f28d36cb,glbs/000-037/56891f81b0564889b1325464f28d36cb.glb,000-037,de26eb6c7cc63d924baf9bd54f7a569a927ddaf7a3222d81eecde1b6e78e50df,screen
510,9a3f4fef02af4be3a3cd105aea218dc5,cc0,cc0,Anatomical figure – écorché,Virtual Museums of Małopolska,WirtualneMuzeaMalopolski,https://api.sketchfab.com/v3/models/9a3f4fef02af4be3a3cd105aea218dc5,https://sketchfab.com/3d-models/9a3f4fef02af4be3a3cd105aea218dc5,glbs/000-113/9a3f4fef02af4be3a3cd105aea218dc5.glb,000-113,8ad62ed53003012fc99c1fb7833b29fd9555c6aef3025d21a39d7f0184bf00d2,screen
511,1bf7b1469bc44234a43829ed933c94bd,by,by,Portal 1 Style Time Portal Autoportal Frame,Octane reboot,Redwthr,https://api.sketchfab.com/v3/models/1bf7b1469bc44234a43829ed933c94bd,https://sketchfab.com/3d-models/1bf7b1469bc44234a43829ed933c94bd,glbs/000-027/1bf7b1469bc44234a43829ed933c94bd.glb,000-027,725ac07b8156ba07fa814ae954e7dfbf30e8a19bdf77ae34ffb4a759c42f0023,screen
512,1bde3bf332e34f81b879a793f123eb23,by,by,L,prostair.pl,prostair.pl,https://api.sketchfab.com/v3/models/1bde3bf332e34f81b879a793f123eb23,https://sketchfab.com/3d-models/1bde3bf332e34f81b879a793f123eb23,glbs/000-146/1bde3bf332e34f81b879a793f123eb23.glb,000-146,432c9381e84603b81be91bcc6e3ca6ab73a715cebbf9a0a3586d8eebe1fb52ea,screen
513,dcbac08617b846cea9771ddb31f5f9b2,by,by,Coin asli,aslii,aslii,https://api.sketchfab.com/v3/models/dcbac08617b846cea9771ddb31f5f9b2,https://sketchfab.com/3d-models/dcbac08617b846cea9771ddb31f5f9b2,glbs/000-055/dcbac08617b846cea9771ddb31f5f9b2.glb,000-055,015347bf15350b8017a7a70c091a1907ff2f65d3fe5c4d5b78c16401f4ac5548,screen
514,8a2123caf67d4dd384e67eaa25b057ab,by,by,Slime In BLUE 1.0,hgsh110310,hgsh110310,https://api.sketchfab.com/v3/models/8a2123caf67d4dd384e67eaa25b057ab,https://sketchfab.com/3d-models/8a2123caf67d4dd384e67eaa25b057ab,glbs/000-032/8a2123caf67d4dd384e67eaa25b057ab.glb,000-032,4d82335a9adb53075ada1fd2d3ace30a83785cbab18e0cd4f0158112d0d67f44,screen
515,8d1a02e110374e33b3b6b773b14abee4,by,by,"カブトムシ ♂M Rhinoceros Beetle, T. dichotomus",ffish.asia / floraZia.com,ffishAsia-and-floraZia,https://api.sketchfab.com/v3/models/8d1a02e110374e33b3b6b773b14abee4,https://sketchfab.com/3d-models/8d1a02e110374e33b3b6b773b14abee4,glbs/000-127/8d1a02e110374e33b3b6b773b14abee4.glb,000-127,4150815f120e312a4c137846e79e97501550c389b367bb9e7ced640034f7a1ac,screen
516,2c4ed9b0c68945e8bedd004c832c1e8d,by,by,fantasyBuild.schematic,Jodiix,Jodiix,https://api.sketchfab.com/v3/models/2c4ed9b0c68945e8bedd004c832c1e8d,https://sketchfab.com/3d-models/2c4ed9b0c68945e8bedd004c832c1e8d,glbs/000-114/2c4ed9b0c68945e8bedd004c832c1e8d.glb,000-114,e05e741fa08183db9b8b69b28d0839dfd477f0b084cee78d6a3f9137c3dbacea,screen
517,eec16fbb4bb1497499e911bf8693d588,by,by,LOW POLY IVECO DAILY 50C VAN,VernonSFerguson,VernonSFerguson,https://api.sketchfab.com/v3/models/eec16fbb4bb1497499e911bf8693d588,https://sketchfab.com/3d-models/eec16fbb4bb1497499e911bf8693d588,glbs/000-081/eec16fbb4bb1497499e911bf8693d588.glb,000-081,204677ec2b9b8600e77caacd4452e6286e19d03c04d18b2e85e207201d7e1662,screen
518,14e89a88004c4ff6b93738a292fb997d,by,by,OP210787,MARTINICE GROUP,pesek_martinice,https://api.sketchfab.com/v3/models/14e89a88004c4ff6b93738a292fb997d,https://sketchfab.com/3d-models/14e89a88004c4ff6b93738a292fb997d,glbs/000-091/14e89a88004c4ff6b93738a292fb997d.glb,000-091,b9fb8713b87da27eb7eacd2a705580b5dcef62ff1c5ce4d266cc88cbbceb8576,screen
519,2e8c09cd796148aeac8f4555c8608270,by,by,Cabeza de jaguar,CMPLab,secad,https://api.sketchfab.com/v3/models/2e8c09cd796148aeac8f4555c8608270,https://sketchfab.com/3d-models/2e8c09cd796148aeac8f4555c8608270,glbs/000-143/2e8c09cd796148aeac8f4555c8608270.glb,000-143,3e3848e8a3b66fcdf5e1497585779fd750db3559012064476211102539ca6faf,screen
520,7fe22b03d99440069d6c014acc1a2678,by,by,Procedural Clay Node-Group,muffinhead3D,muffinhead3D,https://api.sketchfab.com/v3/models/7fe22b03d99440069d6c014acc1a2678,https://sketchfab.com/3d-models/7fe22b03d99440069d6c014acc1a2678,glbs/000-025/7fe22b03d99440069d6c014acc1a2678.glb,000-025,b5c0cbefa5a9e7376d87cf2ec830940e5ec589a803a0509b5c94fa0e4f5df729,screen
521,433a1d5bd31b4fa9903e306baab9f47b,by,by,Bill,Hand,corvette24807,https://api.sketchfab.com/v3/models/433a1d5bd31b4fa9903e306baab9f47b,https://sketchfab.com/3d-models/433a1d5bd31b4fa9903e306baab9f47b,glbs/000-076/433a1d5bd31b4fa9903e306baab9f47b.glb,000-076,075a758cea81f522e1d5a1e031a7d8dab0eeefd96889629d8d16d2b1bc97e5cd,screen
522,c7ea604b54d5457f9615caa8a827a38b,by,by,Nest,Víctu,Victucomacento,https://api.sketchfab.com/v3/models/c7ea604b54d5457f9615caa8a827a38b,https://sketchfab.com/3d-models/c7ea604b54d5457f9615caa8a827a38b,glbs/000-094/c7ea604b54d5457f9615caa8a827a38b.glb,000-094,e447ffdf5355385703fd0d730c607f4debd12ad8ffc19911441aa56c0c5ed2ef,screen
523,11cc9aac5c1741979740817b497f9a51,by,by,Gloves from Hell,Plower,Plower,https://api.sketchfab.com/v3/models/11cc9aac5c1741979740817b497f9a51,https://sketchfab.com/3d-models/11cc9aac5c1741979740817b497f9a51,glbs/000-109/11cc9aac5c1741979740817b497f9a51.glb,000-109,a52701c271a307fdd3899177f25322229bff6cf2f1281a1d4f35b875385bf7e3,screen
524,7e4c3467e2ba4b63b1d6c39557580d6c,by,by,ROBOT,KIRAKIRA,kirakira,https://api.sketchfab.com/v3/models/7e4c3467e2ba4b63b1d6c39557580d6c,https://sketchfab.com/3d-models/7e4c3467e2ba4b63b1d6c39557580d6c,glbs/000-015/7e4c3467e2ba4b63b1d6c39557580d6c.glb,000-015,60ff99f4196cb0d1346f427479f23c5264893e81674fae1f15231f8e50d449ac,screen
525,aff4998c10864787b9f045ee36fb42e9,by,by,Portada del antiguo Colegio Infantes (Toledo),arnath,arnath,https://api.sketchfab.com/v3/models/aff4998c10864787b9f045ee36fb42e9,https://sketchfab.com/3d-models/aff4998c10864787b9f045ee36fb42e9,glbs/000-059/aff4998c10864787b9f045ee36fb42e9.glb,000-059,1e1c51cd6596a46e6cee7dfe9928b58ca64e951f4c56c9c29fb2fa216ccb7264,screen
526,52b55c10c9bc4d97b7f638e7d164c6e7,by,by,Sheriff Hat from Poly by Google,IronEqual,ie-niels,https://api.sketchfab.com/v3/models/52b55c10c9bc4d97b7f638e7d164c6e7,https://sketchfab.com/3d-models/52b55c10c9bc4d97b7f638e7d164c6e7,glbs/000-072/52b55c10c9bc4d97b7f638e7d164c6e7.glb,000-072,b64fc310e466334c536521755aec6b040977de41edb985813bfba521b1035db2,screen
527,cd2a5b2c52104e07abc4f16b5d472089,by,by,L,schody,schody,https://api.sketchfab.com/v3/models/cd2a5b2c52104e07abc4f16b5d472089,https://sketchfab.com/3d-models/cd2a5b2c52104e07abc4f16b5d472089,glbs/000-071/cd2a5b2c52104e07abc4f16b5d472089.glb,000-071,029b96a7e3b7805ffc8011ebf22eb165ac5e530540e486565641eac50521de3b,screen
528,b357340c36e84634913c44d867e616fa,by,by,Handhark drietand,BVH-Techniek,bvhtechniek,https://api.sketchfab.com/v3/models/b357340c36e84634913c44d867e616fa,https://sketchfab.com/3d-models/b357340c36e84634913c44d867e616fa,glbs/000-005/b357340c36e84634913c44d867e616fa.glb,000-005,ab46e859e11272010fbcff35eadb696ce9623ddfb61c44bcc208ba94ae5fa320,screen
529,2e606917a34f484fa62f98b93fa6056d,by,by,SEGA Pluto,wallmasterr,wallmasterr,https://api.sketchfab.com/v3/models/2e606917a34f484fa62f98b93fa6056d,https://sketchfab.com/3d-models/2e606917a34f484fa62f98b93fa6056d,glbs/000-152/2e606917a34f484fa62f98b93fa6056d.glb,000-152,0ed0a12440febb7076afd92a148e8b977a63ec2937de4210ab7f389747ace75d,screen
530,e87e9e74d76e4ec88ca55bf212935b8f,by,by,MRAC Golden Freddy's Arm,OrangeSauceu,orangesauceu,https://api.sketchfab.com/v3/models/e87e9e74d76e4ec88ca55bf212935b8f,https://sketchfab.com/3d-models/e87e9e74d76e4ec88ca55bf212935b8f,glbs/000-142/e87e9e74d76e4ec88ca55bf212935b8f.glb,000-142,65ce47bebe6d1a450e835d20e3281d3b0a5beb1d33d8a832b9869e8ee622343e,screen
531,101761aacaf94d44b22f6b14c46e1c1a,by,by,"Castle Valley, Moab, Utah",knecht4,knecht4,https://api.sketchfab.com/v3/models/101761aacaf94d44b22f6b14c46e1c1a,https://sketchfab.com/3d-models/101761aacaf94d44b22f6b14c46e1c1a,glbs/000-071/101761aacaf94d44b22f6b14c46e1c1a.glb,000-071,029b96a7e3b7805ffc8011ebf22eb165ac5e530540e486565641eac50521de3b,screen
532,5c381426fc614e72bf4062d8295f906b,by,by,PISTA BIGLIE,Meshes3D,Meshes3D,https://api.sketchfab.com/v3/models/5c381426fc614e72bf4062d8295f906b,https://sketchfab.com/3d-models/5c381426fc614e72bf4062d8295f906b,glbs/000-044/5c381426fc614e72bf4062d8295f906b.glb,000-044,d1a920b3d6e60c919a1e2ef114cd1584bc4a47372e33f34188f882ab0355e9a3,screen
533,614ce9a2b7c54beea6a8d411ec5bd9d4,by,by,"P13043A, The Granary",Martin Hallam. Harmony Timber,martinharmony,https://api.sketchfab.com/v3/models/614ce9a2b7c54beea6a8d411ec5bd9d4,https://sketchfab.com/3d-models/614ce9a2b7c54beea6a8d411ec5bd9d4,glbs/000-009/614ce9a2b7c54beea6a8d411ec5bd9d4.glb,000-009,cee62d98212f33da2f5c3f299c5d0784609d1c3861f39d396348df54d17dda1c,screen
534,b27dbda31dd9440f94d45af77876c642,by,by,Shark with a cup of coffee,Orange,Orange_,https://api.sketchfab.com/v3/models/b27dbda31dd9440f94d45af77876c642,https://sketchfab.com/3d-models/b27dbda31dd9440f94d45af77876c642,glbs/000-062/b27dbda31dd9440f94d45af77876c642.glb,000-062,40d1efb36b59a414550f906a4f714b6f9cca0f43f653658c6455507fe6fd1c6f,screen
535,e5a66f632e324c239ae70aa91144d6ee,by,by,"Sat, 30 Nov 2019 17:44:47",newfields-3dprinting,newfields-3dprinting,https://api.sketchfab.com/v3/models/e5a66f632e324c239ae70aa91144d6ee,https://sketchfab.com/3d-models/e5a66f632e324c239ae70aa91144d6ee,glbs/000-071/e5a66f632e324c239ae70aa91144d6ee.glb,000-071,029b96a7e3b7805ffc8011ebf22eb165ac5e530540e486565641eac50521de3b,screen
536,ee90e3b4c7f3468e8bc73bdb96cb995c,by-sa,by-sa,Tray,1-3D.com,1-3D.com,https://api.sketchfab.com/v3/models/ee90e3b4c7f3468e8bc73bdb96cb995c,https://sketchfab.com/3d-models/ee90e3b4c7f3468e8bc73bdb96cb995c,glbs/000-042/ee90e3b4c7f3468e8bc73bdb96cb995c.glb,000-042,15e51a8658aa4851c25fd792f6df43e69e62c8361fb538748616bc906dcd9bc8,screen
537,b0600a51d13b4cb4bed00552f2b7da55,by,by,Garfield,ivan.vladimirov08,ivan.vladimirov08,https://api.sketchfab.com/v3/models/b0600a51d13b4cb4bed00552f2b7da55,https://sketchfab.com/3d-models/b0600a51d13b4cb4bed00552f2b7da55,glbs/000-065/b0600a51d13b4cb4bed00552f2b7da55.glb,000-065,625bcfcbd08d80db0efade77928d9ea1d08763e44e37fcd5adef9a7ddeed2713,screen
538,35469dd1c1624c008bf0f5821986ccbe,by,by,Spine,cgspektor,cgspektor,https://api.sketchfab.com/v3/models/35469dd1c1624c008bf0f5821986ccbe,https://sketchfab.com/3d-models/35469dd1c1624c008bf0f5821986ccbe,glbs/000-122/35469dd1c1624c008bf0f5821986ccbe.glb,000-122,357a75a2195242ab583a60fc9f94142eceb75417907dc407ba28955199f2ec00,screen
539,d1015370af30486fbef32a574441b361,by,by,9-stored apartment house,Anserkon,anserkon,https://api.sketchfab.com/v3/models/d1015370af30486fbef32a574441b361,https://sketchfab.com/3d-models/d1015370af30486fbef32a574441b361,glbs/000-155/d1015370af30486fbef32a574441b361.glb,000-155,5daa36c171be86be9d8ea631d3196e165c3d35404402d1cc5c7e1f277627791f,screen
540,487e565206254f2f8c7b87cd4326e018,by,by,Skjebor,Tidvis,Tidvis,https://api.sketchfab.com/v3/models/487e565206254f2f8c7b87cd4326e018,https://sketchfab.com/3d-models/487e565206254f2f8c7b87cd4326e018,glbs/000-053/487e565206254f2f8c7b87cd4326e018.glb,000-053,356193c43af67e6ca8b6ac95c4907f08a591ddfc9f0cb9c66022d0ab5a0098d6,screen
541,918b613e40584d08b07a37a741db2239,by,by,PG11_David_ModularAssets,DavidGuzman,DavidGuzman,https://api.sketchfab.com/v3/models/918b613e40584d08b07a37a741db2239,https://sketchfab.com/3d-models/918b613e40584d08b07a37a741db2239,glbs/000-106/918b613e40584d08b07a37a741db2239.glb,000-106,791eefe3cb82c9258dbdc2da890bae1155490a176e7a30914e2bdd7a5207ee16,screen
542,b591ba0dacc741b5b642b8bee9f9d23a,by,by,Pokemon Kricketune,Spaxeboi,Spaxeboi,https://api.sketchfab.com/v3/models/b591ba0dacc741b5b642b8bee9f9d23a,https://sketchfab.com/3d-models/b591ba0dacc741b5b642b8bee9f9d23a,glbs/000-082/b591ba0dacc741b5b642b8bee9f9d23a.glb,000-082,88ad3639db469dd65927897b611d91348a753750a1f0b50907375904beefbc91,screen
543,ecd60d6106c84f21be8be2a2442e5245,by,by,hat,sanjayaditya3016,sanjayaditya3016,https://api.sketchfab.com/v3/models/ecd60d6106c84f21be8be2a2442e5245,https://sketchfab.com/3d-models/ecd60d6106c84f21be8be2a2442e5245,glbs/000-093/ecd60d6106c84f21be8be2a2442e5245.glb,000-093,842241450c360911f49dee119b22593233336622715c78aa35efe41e6c7918de,screen
544,9cc360944c3f42e3b5c3d4d2bba43280,by,by,Il mio bellissimo modello 3D,Luca_Cascini,Luca_Cascini,https://api.sketchfab.com/v3/models/9cc360944c3f42e3b5c3d4d2bba43280,https://sketchfab.com/3d-models/9cc360944c3f42e3b5c3d4d2bba43280,glbs/000-131/9cc360944c3f42e3b5c3d4d2bba43280.glb,000-131,f3fec9d26f76ae4e079807fc5ae79b1695e7040b57e5a81ebb48bee8fe15f6e4,screen
545,415f13083ab94e0d91b36c27221b50e3,by,by,ancient-sun worrior,makinley.bloodgood,Ranboo,https://api.sketchfab.com/v3/models/415f13083ab94e0d91b36c27221b50e3,https://sketchfab.com/3d-models/415f13083ab94e0d91b36c27221b50e3,glbs/000-070/415f13083ab94e0d91b36c27221b50e3.glb,000-070,4d3712651b26d85189a849345622ccbb9bb2821210f47f8255945b95b7116f14,screen
546,ef3fc6258e9d4e1193a708e39ef6e32f,by,by,1-7396 Pendant,miamianthropology3d,miamianthropology3d,https://api.sketchfab.com/v3/models/ef3fc6258e9d4e1193a708e39ef6e32f,https://sketchfab.com/3d-models/ef3fc6258e9d4e1193a708e39ef6e32f,glbs/000-140/ef3fc6258e9d4e1193a708e39ef6e32f.glb,000-140,37cd6ac2c0429b109479c5c5d5807f2c6fde4028d456e4cd3415e02741b4072a,screen
547,57e0be4f860d42b0a0d7fd9257b4e356,by,by,Roof shape: Overlaid hip,FlyingQuercus,flyingquercus,https://api.sketchfab.com/v3/models/57e0be4f860d42b0a0d7fd9257b4e356,https://sketchfab.com/3d-models/57e0be4f860d42b0a0d7fd9257b4e356,glbs/000-071/57e0be4f860d42b0a0d7fd9257b4e356.glb,000-071,029b96a7e3b7805ffc8011ebf22eb165ac5e530540e486565641eac50521de3b,screen
548,f7901fbc53a64fe7b24a97cf669101df,by,by,Puppycat,Ino Esteves,imesteves,https://api.sketchfab.com/v3/models/f7901fbc53a64fe7b24a97cf669101df,https://sketchfab.com/3d-models/f7901fbc53a64fe7b24a97cf669101df,glbs/000-009/f7901fbc53a64fe7b24a97cf669101df.glb,000-009,cee62d98212f33da2f5c3f299c5d0784609d1c3861f39d396348df54d17dda1c,screen
549,d344a4f159454d6eb92c6b44eaee8b7b,by,by,Cántaro - 178645 (Puruchuco),Ministerio de Cultura Perú,MinisteriodeCulturaPeru,https://api.sketchfab.com/v3/models/d344a4f159454d6eb92c6b44eaee8b7b,https://sketchfab.com/3d-models/d344a4f159454d6eb92c6b44eaee8b7b,glbs/000-108/d344a4f159454d6eb92c6b44eaee8b7b.glb,000-108,279c216902aa2d886c281455309931522668576c7ea55826e406e4832cc0e1d4,screen
550,a2754b45972b427eb79d59c9022eadd9,by,by,Belt (simple),kand8998,KaitlynAndrus,https://api.sketchfab.com/v3/models/a2754b45972b427eb79d59c9022eadd9,https://sketchfab.com/3d-models/a2754b45972b427eb79d59c9022eadd9,glbs/000-073/a2754b45972b427eb79d59c9022eadd9.glb,000-073,a25976005a3a38ddbd6cc00935722efd118af0bb27bb781b8ef41c18da6ac87e,screen
551,7908c9b3b5ea4ee1bbf87260c27334bc,by,by,ЦУМ КУРСК,namestepan,namestepan,https://api.sketchfab.com/v3/models/7908c9b3b5ea4ee1bbf87260c27334bc,https://sketchfab.com/3d-models/7908c9b3b5ea4ee1bbf87260c27334bc,glbs/000-102/7908c9b3b5ea4ee1bbf87260c27334bc.glb,000-102,3f2bc12864c4c95d56349d319f00c429379760809968008a957cad7cf5942913,screen
552,9f2cce019c8f47cc9ed156ebd0a1b4b4,by,by,"Thu, 28 Feb 2019 20:58:08",newfields-3dprinting,newfields-3dprinting,https://api.sketchfab.com/v3/models/9f2cce019c8f47cc9ed156ebd0a1b4b4,https://sketchfab.com/3d-models/9f2cce019c8f47cc9ed156ebd0a1b4b4,glbs/000-036/9f2cce019c8f47cc9ed156ebd0a1b4b4.glb,000-036,ac3e2c099e7f645606cfd97a99c589cf36eccaa54037cf822d86559ed7ab0957,screen
553,883f0353c64947b4b355bc7eb7e19dd8,by,by,CN220356,MARTINICE GROUP,pesek_martinice,https://api.sketchfab.com/v3/models/883f0353c64947b4b355bc7eb7e19dd8,https://sketchfab.com/3d-models/883f0353c64947b4b355bc7eb7e19dd8,glbs/000-033/883f0353c64947b4b355bc7eb7e19dd8.glb,000-033,66f44bc2bb3a3dbb40db3ee67c90627babdc443c19947ad9342caa07f825f734,screen
554,2b647178869d4367985010e72516a93d,by,by,3D model Low Poly 2,xperex,xperex,https://api.sketchfab.com/v3/models/2b647178869d4367985010e72516a93d,https://sketchfab.com/3d-models/2b647178869d4367985010e72516a93d,glbs/000-155/2b647178869d4367985010e72516a93d.glb,000-155,5daa36c171be86be9d8ea631d3196e165c3d35404402d1cc5c7e1f277627791f,screen
555,45309185ade64afbb91137b044b74bc5,by,by,Uaxactun E7sub,Tibor Lieskovský,lieti,https://api.sketchfab.com/v3/models/45309185ade64afbb91137b044b74bc5,https://sketchfab.com/3d-models/45309185ade64afbb91137b044b74bc5,glbs/000-075/45309185ade64afbb91137b044b74bc5.glb,000-075,637cc99362c6bb8162b0354d23504aff5be2e1cb4628078570dc3b5030322e82,screen
556,a7531e227f8f42979fbc6d64fc8fa6ff,by,by,puppet duhh,lyra_bois,lyra_bois,https://api.sketchfab.com/v3/models/a7531e227f8f42979fbc6d64fc8fa6ff,https://sketchfab.com/3d-models/a7531e227f8f42979fbc6d64fc8fa6ff,glbs/000-052/a7531e227f8f42979fbc6d64fc8fa6ff.glb,000-052,61fc47088963a0f51e1322bcf6cbceda534bea4be5af9e98f64b90d49179b82a,screen
557,991710122fc1488186dbc3118bfc306c,by,by,City Block,246503,246503,https://api.sketchfab.com/v3/models/991710122fc1488186dbc3118bfc306c,https://sketchfab.com/3d-models/991710122fc1488186dbc3118bfc306c,glbs/000-002/991710122fc1488186dbc3118bfc306c.glb,000-002,960454d09f0ba9ea6d46a4016bf5bacb9e2f01713e305718266c019943c38abc,screen
558,05e10acd886445d7b3ff3fa26d94001d,by,by,Projekt Emma,prostair.pl,prostair.pl,https://api.sketchfab.com/v3/models/05e10acd886445d7b3ff3fa26d94001d,https://sketchfab.com/3d-models/05e10acd886445d7b3ff3fa26d94001d,glbs/000-035/05e10acd886445d7b3ff3fa26d94001d.glb,000-035,404c9b1d574966c00df81c2b9cc477a71ab3908289beefae9a79601a4e49c8d5,screen
559,e57047ea33ab45b1871b70734bc9ceaf,by,by,Low Poly Tree_4,jkr,jkrmn,https://api.sketchfab.com/v3/models/e57047ea33ab45b1871b70734bc9ceaf,https://sketchfab.com/3d-models/e57047ea33ab45b1871b70734bc9ceaf,glbs/000-156/e57047ea33ab45b1871b70734bc9ceaf.glb,000-156,2d2fcfc79c6c04bb4180a4dcc6e5aeff849ec1fa4fecc641201df602614311a9,screen
560,d569c666be70425996041730572d70b9,by,by,PISAU LAPAH,eeelabvisual,eeelabvisual,https://api.sketchfab.com/v3/models/d569c666be70425996041730572d70b9,https://sketchfab.com/3d-models/d569c666be70425996041730572d70b9,glbs/000-128/d569c666be70425996041730572d70b9.glb,000-128,1b12e1b294c7aad517fd73cc6a5eafdbc4184afeb325b5c32b325bc7fdd5e0cb,screen
561,94168bf0403d4372ace896c9ff824f58,by,by,Michelinoceras,Atlante virtuale 3D Geoscienze,PaleolabPisa,https://api.sketchfab.com/v3/models/94168bf0403d4372ace896c9ff824f58,https://sketchfab.com/3d-models/94168bf0403d4372ace896c9ff824f58,glbs/000-076/94168bf0403d4372ace896c9ff824f58.glb,000-076,075a758cea81f522e1d5a1e031a7d8dab0eeefd96889629d8d16d2b1bc97e5cd,screen
562,530ef994d27247a4a73711817978d554,by,by,mushroomC,TylerKline,TylerKline,https://api.sketchfab.com/v3/models/530ef994d27247a4a73711817978d554,https://sketchfab.com/3d-models/530ef994d27247a4a73711817978d554,glbs/000-080/530ef994d27247a4a73711817978d554.glb,000-080,b5c81dfa5a360aeac5e330c7754c18607e3b32b96182f7369d60c737245e9152,screen
563,8113a7a732654c80bbea2d35518e9136,by,by,u_ДР-87.D250mm_OBJ.obj,AVRORA Group,avroralepnina,https://api.sketchfab.com/v3/models/8113a7a732654c80bbea2d35518e9136,https://sketchfab.com/3d-models/8113a7a732654c80bbea2d35518e9136,glbs/000-128/8113a7a732654c80bbea2d35518e9136.glb,000-128,1b12e1b294c7aad517fd73cc6a5eafdbc4184afeb325b5c32b325bc7fdd5e0cb,screen
564,1e64c56b589942478f657a581606455e,by,by,Galactic Empire Charm2 V5,pchen20,pchen20,https://api.sketchfab.com/v3/models/1e64c56b589942478f657a581606455e,https://sketchfab.com/3d-models/1e64c56b589942478f657a581606455e,glbs/000-066/1e64c56b589942478f657a581606455e.glb,000-066,988048a4beb272ce89ce7679776afd561f45e3f6add45f459eee9f1108c8de78,screen
565,5b253916e7b043c29533e033fb36a3b1,by,by,ben reilly vs Kaine parker,mitchellgarcia1009,mitchellgarcia1009,https://api.sketchfab.com/v3/models/5b253916e7b043c29533e033fb36a3b1,https://sketchfab.com/3d-models/5b253916e7b043c29533e033fb36a3b1,glbs/000-033/5b253916e7b043c29533e033fb36a3b1.glb,000-033,66f44bc2bb3a3dbb40db3ee67c90627babdc443c19947ad9342caa07f825f734,screen
566,83f9d31fe0a14dc3805567406ab3035d,by,by,monkey parachute,humanti,humanti,https://api.sketchfab.com/v3/models/83f9d31fe0a14dc3805567406ab3035d,https://sketchfab.com/3d-models/83f9d31fe0a14dc3805567406ab3035d,glbs/000-062/83f9d31fe0a14dc3805567406ab3035d.glb,000-062,40d1efb36b59a414550f906a4f714b6f9cca0f43f653658c6455507fe6fd1c6f,screen
567,edae53fad579463e87ed8ca60a258897,by,by,Edificios abandonados,Elbolillo,Elbolilloduro,https://api.sketchfab.com/v3/models/edae53fad579463e87ed8ca60a258897,https://sketchfab.com/3d-models/edae53fad579463e87ed8ca60a258897,glbs/000-025/edae53fad579463e87ed8ca60a258897.glb,000-025,b5c0cbefa5a9e7376d87cf2ec830940e5ec589a803a0509b5c94fa0e4f5df729,screen
568,bf568758e4ce4b49aebe890862dc9a22,by,by,#3December - 03 Chemistry,FlynnEastwood,antoineflynn,https://api.sketchfab.com/v3/models/bf568758e4ce4b49aebe890862dc9a22,https://sketchfab.com/3d-models/bf568758e4ce4b49aebe890862dc9a22,glbs/000-021/bf568758e4ce4b49aebe890862dc9a22.glb,000-021,c10972c26e7ba827cf0e941dec6337342d458f269bf2a65c345d5241388a4ec0,screen
569,95eb2d9e35974fa3ba98968e5bdb62b6,by,by,Helm 15 age Schapel ver 1,srakoshvilly,srakoshvilly,https://api.sketchfab.com/v3/models/95eb2d9e35974fa3ba98968e5bdb62b6,https://sketchfab.com/3d-models/95eb2d9e35974fa3ba98968e5bdb62b6,glbs/000-081/95eb2d9e35974fa3ba98968e5bdb62b6.glb,000-081,204677ec2b9b8600e77caacd4452e6286e19d03c04d18b2e85e207201d7e1662,screen
570,9bcb0d02bcf940da9de1d1738dba7fd4,by,by,PROJETO ESTRUTURAL - JEANDRE,FuturoSolucoesIntegradas,FuturoSolucoesIntegradas,https://api.sketchfab.com/v3/models/9bcb0d02bcf940da9de1d1738dba7fd4,https://sketchfab.com/3d-models/9bcb0d02bcf940da9de1d1738dba7fd4,glbs/000-064/9bcb0d02bcf940da9de1d1738dba7fd4.glb,000-064,e666ecf77b50b116d3b96149872a8b86fc2d75218d23983a01968ce37395e83d,screen
571,c292b6f0b87b4272ba67504efdda2958,by,by,Frog Bottle | NCMA Explore,LEVR Studios,levrstudios,https://api.sketchfab.com/v3/models/c292b6f0b87b4272ba67504efdda2958,https://sketchfab.com/3d-models/c292b6f0b87b4272ba67504efdda2958,glbs/000-047/c292b6f0b87b4272ba67504efdda2958.glb,000-047,7ab21f43ad948724d396ea763472407e421876e53fca5439b8463c8bc3497740,screen
572,488fe4f896084c1487944db923b54cea,by,by,request579,Qubx.3D,mostafas,https://api.sketchfab.com/v3/models/488fe4f896084c1487944db923b54cea,https://sketchfab.com/3d-models/488fe4f896084c1487944db923b54cea,glbs/000-069/488fe4f896084c1487944db923b54cea.glb,000-069,c2934f17e53537c26e37e7d1ce20895ab404b350fa7deb1c55dc72f671c43a3a,screen
573,d1413b1e539649cd890a148d2bff7b43,by,by,Open Constructor 0.3.1 test,kesanov,kesanov,https://api.sketchfab.com/v3/models/d1413b1e539649cd890a148d2bff7b43,https://sketchfab.com/3d-models/d1413b1e539649cd890a148d2bff7b43,glbs/000-005/d1413b1e539649cd890a148d2bff7b43.glb,000-005,ab46e859e11272010fbcff35eadb696ce9623ddfb61c44bcc208ba94ae5fa320,screen
574,ecab675c0bbd43918236182126061993,by,by,Camera Handler,GigaScience,GigaDB,https://api.sketchfab.com/v3/models/ecab675c0bbd43918236182126061993,https://sketchfab.com/3d-models/ecab675c0bbd43918236182126061993,glbs/000-150/ecab675c0bbd43918236182126061993.glb,000-150,e586b545bcf481a0a605d5e756dab492e223beb3465bb59248dd48153f9526d6,screen
575,060fcb22bb9a456380f13cac38e6e740,by,by,GDW Character's Dagger,Frostt,mohit.verma,https://api.sketchfab.com/v3/models/060fcb22bb9a456380f13cac38e6e740,https://sketchfab.com/3d-models/060fcb22bb9a456380f13cac38e6e740,glbs/000-013/060fcb22bb9a456380f13cac38e6e740.glb,000-013,499ddded05772356942ec99377090bbf3d68aa6cc20e89b5e63aa02f7389a0e2,screen
576,55d934e91c2f47819786fcf581fec9a2,by,by,The Forest Loner [DAE Final Diorama],shash_wut,Shashwat.Patkar.Sh,https://api.sketchfab.com/v3/models/55d934e91c2f47819786fcf581fec9a2,https://sketchfab.com/3d-models/55d934e91c2f47819786fcf581fec9a2,glbs/000-112/55d934e91c2f47819786fcf581fec9a2.glb,000-112,77a7aa5f75c479a087b3a9aa7d470085097eacea659802c3ecd90530903e03bb,screen
577,5b06236a49e64a91925efe85c776554b,by,by,Castiglione d'Orcia - Photogrammetry - #16,Borgo Digitale | SUF,SYR_ARCH_Florence,https://api.sketchfab.com/v3/models/5b06236a49e64a91925efe85c776554b,https://sketchfab.com/3d-models/5b06236a49e64a91925efe85c776554b,glbs/000-094/5b06236a49e64a91925efe85c776554b.glb,000-094,e447ffdf5355385703fd0d730c607f4debd12ad8ffc19911441aa56c0c5ed2ef,screen
578,a581fb9cce4f4a279d472c351fc712c0,by,by,SIN,yolandawulan,yolandawulan,https://api.sketchfab.com/v3/models/a581fb9cce4f4a279d472c351fc712c0,https://sketchfab.com/3d-models/a581fb9cce4f4a279d472c351fc712c0,glbs/000-054/a581fb9cce4f4a279d472c351fc712c0.glb,000-054,0ee2e200f962a018398812b139a1cda11633a31ee9ac681d185199863ccd8c33,screen
579,b09220089d0e486bb1d11a5fd80d8fd3,by,by,Bobble Head,Ningtam Wahengbam,wningtam,https://api.sketchfab.com/v3/models/b09220089d0e486bb1d11a5fd80d8fd3,https://sketchfab.com/3d-models/b09220089d0e486bb1d11a5fd80d8fd3,glbs/000-093/b09220089d0e486bb1d11a5fd80d8fd3.glb,000-093,842241450c360911f49dee119b22593233336622715c78aa35efe41e6c7918de,screen
580,ac17a69a7e4948489aab67ff770bdd1f,by,by,NYU Flag Low Poly,nyu_grad_alley_2020,nyu_grad_alley_2020,https://api.sketchfab.com/v3/models/ac17a69a7e4948489aab67ff770bdd1f,https://sketchfab.com/3d-models/ac17a69a7e4948489aab67ff770bdd1f,glbs/000-036/ac17a69a7e4948489aab67ff770bdd1f.glb,000-036,ac3e2c099e7f645606cfd97a99c589cf36eccaa54037cf822d86559ed7ab0957,screen
581,e0664bd1a8de4634be6b794deaf26724,by,by,Clay Figures,justincn618,ELMANIMATOR,https://api.sketchfab.com/v3/models/e0664bd1a8de4634be6b794deaf26724,https://sketchfab.com/3d-models/e0664bd1a8de4634be6b794deaf26724,glbs/000-027/e0664bd1a8de4634be6b794deaf26724.glb,000-027,725ac07b8156ba07fa814ae954e7dfbf30e8a19bdf77ae34ffb4a759c42f0023,screen
582,4c3bdb0ce75347cca71006a36e189db2,by,by,"Автор Лисовская Ангелина, 8 класс",Фестиваль-конкурс Символ памяти моей Малой Родины,symbolmemory,https://api.sketchfab.com/v3/models/4c3bdb0ce75347cca71006a36e189db2,https://sketchfab.com/3d-models/4c3bdb0ce75347cca71006a36e189db2,glbs/000-145/4c3bdb0ce75347cca71006a36e189db2.glb,000-145,df296fe523db8f1a215dad584a45f598857d06d4f5fc171097e7bb347999d48e,screen
583,4434ef5d4b8a4cc4b794ce346f4e0738,by,by,Extension,ParagonETL,ParagonETL,https://api.sketchfab.com/v3/models/4434ef5d4b8a4cc4b794ce346f4e0738,https://sketchfab.com/3d-models/4434ef5d4b8a4cc4b794ce346f4e0738,glbs/000-131/4434ef5d4b8a4cc4b794ce346f4e0738.glb,000-131,f3fec9d26f76ae4e079807fc5ae79b1695e7040b57e5a81ebb48bee8fe15f6e4,screen
584,1dc2c857f7614caeb6c2aa0559ccf973,by,by,LG Remote,mohd.akmal.mahyudin,mohd.akmal.mahyudin,https://api.sketchfab.com/v3/models/1dc2c857f7614caeb6c2aa0559ccf973,https://sketchfab.com/3d-models/1dc2c857f7614caeb6c2aa0559ccf973,glbs/000-008/1dc2c857f7614caeb6c2aa0559ccf973.glb,000-008,d02734b9318322d248c366193e25187897dfb94091e3034c86c5b43a4d641764,screen
585,c40f0b65ad26454aa6185ed9809d99e3,by,by,Simple Empire,Euvand,Euvand,https://api.sketchfab.com/v3/models/c40f0b65ad26454aa6185ed9809d99e3,https://sketchfab.com/3d-models/c40f0b65ad26454aa6185ed9809d99e3,glbs/000-108/c40f0b65ad26454aa6185ed9809d99e3.glb,000-108,279c216902aa2d886c281455309931522668576c7ea55826e406e4832cc0e1d4,screen
586,74556999272f47039b9f2dad02c4fe32,by,by,Chair,Iso-Didact,Matthew.James.Logothetis,https://api.sketchfab.com/v3/models/74556999272f47039b9f2dad02c4fe32,https://sketchfab.com/3d-models/74556999272f47039b9f2dad02c4fe32,glbs/000-129/74556999272f47039b9f2dad02c4fe32.glb,000-129,ed86d23a1dc80b2df5735de4ebf0ca19181663fab1746269f1b1a8bf803f034b,screen
587,9620630711c74e14bdaa760340ea9c1f,by,by,10- Remigiusz Starczak_1,westmall,westmall,https://api.sketchfab.com/v3/models/9620630711c74e14bdaa760340ea9c1f,https://sketchfab.com/3d-models/9620630711c74e14bdaa760340ea9c1f,glbs/000-074/9620630711c74e14bdaa760340ea9c1f.glb,000-074,9b50ef2b7ecb6aa90524f5351e2e258f9be9e3f30796db5ed266a9fccb83712e,screen
588,657b94d40761491da3d1d62069586202,by,by,Cowboy Hat,Thelta,Thelta,https://api.sketchfab.com/v3/models/657b94d40761491da3d1d62069586202,https://sketchfab.com/3d-models/657b94d40761491da3d1d62069586202,glbs/000-116/657b94d40761491da3d1d62069586202.glb,000-116,a52414161230a7c921a3f6a318151469d76cf0b9ee20658d70a0c7ede1cb3557,screen
589,04ac6c5b9dd74a68b25b4567e2a19f7c,by,by,Day22 Piratecave,TheLastAirblender,TheLastAirblender,https://api.sketchfab.com/v3/models/04ac6c5b9dd74a68b25b4567e2a19f7c,https://sketchfab.com/3d-models/04ac6c5b9dd74a68b25b4567e2a19f7c,glbs/000-098/04ac6c5b9dd74a68b25b4567e2a19f7c.glb,000-098,cca4598d482658e56eecf3ca167af7b0568a8818e09dd440cc52b9e9aecdad62,screen
590,8097af58f4d149cc9fed9f493535f0c9,by,by,Tasty fresh buns,Bled26,Bled26,https://api.sketchfab.com/v3/models/8097af58f4d149cc9fed9f493535f0c9,https://sketchfab.com/3d-models/8097af58f4d149cc9fed9f493535f0c9,glbs/000-052/8097af58f4d149cc9fed9f493535f0c9.glb,000-052,61fc47088963a0f51e1322bcf6cbceda534bea4be5af9e98f64b90d49179b82a,screen
591,622a2f58e3154af9ae1c80ef61bb41f3,by,by,Cesto de pedras e sementes,Manoelodrone,Manoelodrone,https://api.sketchfab.com/v3/models/622a2f58e3154af9ae1c80ef61bb41f3,https://sketchfab.com/3d-models/622a2f58e3154af9ae1c80ef61bb41f3,glbs/000-024/622a2f58e3154af9ae1c80ef61bb41f3.glb,000-024,f7a12395bc396b8e8fb0162f0fe60ee43b42b7cfb3a215bde9866074ae41a566,screen
592,2c9f6fca1bd748058c69350994b4d7ae,by,by,thwarturret,Schozo,Schozo,https://api.sketchfab.com/v3/models/2c9f6fca1bd748058c69350994b4d7ae,https://sketchfab.com/3d-models/2c9f6fca1bd748058c69350994b4d7ae,glbs/000-058/2c9f6fca1bd748058c69350994b4d7ae.glb,000-058,985db2ae647bf34fe8a6c6ff9bb559e11729fbe8b99eb726c14f0990d10164c6,screen
593,107c55dfa14e4e4086a47da468443c88,by,by,Assignment1 DIG Sculpture,Vhong,tototinicosplay,https://api.sketchfab.com/v3/models/107c55dfa14e4e4086a47da468443c88,https://sketchfab.com/3d-models/107c55dfa14e4e4086a47da468443c88,glbs/000-028/107c55dfa14e4e4086a47da468443c88.glb,000-028,59aa21bab8f5083e9bd163def90442388bc210e3c9487a6b190190f01e134bcc,screen
594,4c61a31bbd5d4265aad99276991e5589,by,by,4- Dariusz Kokoszka_DAR-BET_po zmianach1_montaż,westmall,westmall,https://api.sketchfab.com/v3/models/4c61a31bbd5d4265aad99276991e5589,https://sketchfab.com/3d-models/4c61a31bbd5d4265aad99276991e5589,glbs/000-039/4c61a31bbd5d4265aad99276991e5589.glb,000-039,48fba0bb67d790c900dceab75cd29437427b45a9febd51a1f2611a1e5b5f2fbd,screen
595,b9713f24d0f64f799077bcf8b0202553,by,by,Head for ref,markflint,markflint,https://api.sketchfab.com/v3/models/b9713f24d0f64f799077bcf8b0202553,https://sketchfab.com/3d-models/b9713f24d0f64f799077bcf8b0202553,glbs/000-063/b9713f24d0f64f799077bcf8b0202553.glb,000-063,55255e4fba3f6e7cfd5c331f0bc2a151491994a26acb9cd474de14ced1530102,screen
596,8c1511dc16984c4eb352b9c848c2f5e8,by,by,V21380,Technistrut,Janstes,https://api.sketchfab.com/v3/models/8c1511dc16984c4eb352b9c848c2f5e8,https://sketchfab.com/3d-models/8c1511dc16984c4eb352b9c848c2f5e8,glbs/000-138/8c1511dc16984c4eb352b9c848c2f5e8.glb,000-138,99da98c27d4648bb75563726760189506cd9b59cc4bc42b9b1dfde9abd7eea00,screen
597,42a5377566fd4f6e93352366e96c2da0,by,by,Iron Execution,JohnMesplay,JohnMesplay,https://api.sketchfab.com/v3/models/42a5377566fd4f6e93352366e96c2da0,https://sketchfab.com/3d-models/42a5377566fd4f6e93352366e96c2da0,glbs/000-023/42a5377566fd4f6e93352366e96c2da0.glb,000-023,91721b846a533e23737d2bd2c0a476abf68fde7a9d997589569b9b4bf4f1e5c1,screen
598,04b86ceff9ef433580d0f23eeffe8e4a,by,by,Magic staff,КРИСТАЛЛИЧЕСКАЯ ПУДРА,crystallflour,https://api.sketchfab.com/v3/models/04b86ceff9ef433580d0f23eeffe8e4a,https://sketchfab.com/3d-models/04b86ceff9ef433580d0f23eeffe8e4a,glbs/000-144/04b86ceff9ef433580d0f23eeffe8e4a.glb,000-144,c36e0da487e6f533fa0e6155f19d31eea78d7babaacb2bb5a648852506cb9433,screen
599,5982a645aa5147c5a004162f79cb1b27,by,by,KalmHaus_PodcastStudio,the6thdimension,the6thdimension,https://api.sketchfab.com/v3/models/5982a645aa5147c5a004162f79cb1b27,https://sketchfab.com/3d-models/5982a645aa5147c5a004162f79cb1b27,glbs/000-060/5982a645aa5147c5a004162f79cb1b27.glb,000-060,12462ac3cb3274e3e6b98ea1ed3cc1f39e0d965a1afbe04ff145963f0e2bc88c,screen
600,3d72fed5fd38452eadb433b1ce695576,by,by,Garthu Rex vs Plasmo Rex,EddyZain,eddyzain,https://api.sketchfab.com/v3/models/3d72fed5fd38452eadb433b1ce695576,https://sketchfab.com/3d-models/3d72fed5fd38452eadb433b1ce695576,glbs/000-034/3d72fed5fd38452eadb433b1ce695576.glb,000-034,1abf2f65357b72efe7f8c5430d54dfea572a60a73773d7ce3a3d6b8b26c04b33,screen
601,f9835beaa5484d14a6f7f975473780b3,by,by,3 Yuzluheykel,3DFigur,3dfigur,https://api.sketchfab.com/v3/models/f9835beaa5484d14a6f7f975473780b3,https://sketchfab.com/3d-models/f9835beaa5484d14a6f7f975473780b3,glbs/000-088/f9835beaa5484d14a6f7f975473780b3.glb,000-088,ba9d9532e774f93e1b4edd5f942bc2e4cc4c20a0f27db2762eda60804d1f85ab,reserve
602,7e64b3706ad74574b17096f2d984964d,by,by,rook black,nyu_grad_alley_2020,nyu_grad_alley_2020,https://api.sketchfab.com/v3/models/7e64b3706ad74574b17096f2d984964d,https://sketchfab.com/3d-models/7e64b3706ad74574b17096f2d984964d,glbs/000-084/7e64b3706ad74574b17096f2d984964d.glb,000-084,3884cd5b74379023235e38c2f4d18edfa1deaa41161f585fd27bf0d130d1d819,reserve
603,d9011ff17db3485b8ecbab74af463538,by,by,Tired of Dried Mud,Smallpoly,smallpoly,https://api.sketchfab.com/v3/models/d9011ff17db3485b8ecbab74af463538,https://sketchfab.com/3d-models/d9011ff17db3485b8ecbab74af463538,glbs/000-029/d9011ff17db3485b8ecbab74af463538.glb,000-029,c64b5971a3d46e4436280d41abe19bbb6d9acf8cdd893f99fcb0b0a1572edc88,reserve
604,109eb3075b934238b1ef6a8c431a16eb,by,by,Bowling-Pin,Flightt,Flightt,https://api.sketchfab.com/v3/models/109eb3075b934238b1ef6a8c431a16eb,https://sketchfab.com/3d-models/109eb3075b934238b1ef6a8c431a16eb,glbs/000-148/109eb3075b934238b1ef6a8c431a16eb.glb,000-148,550a717ab88d4a6210e3914e7dd89c4b435815a7e877cc40c58d356323f9278a,reserve
605,a05e9280eb774a459e2d72828a53095c,by,by,TELEKUNG TYARA,eeelabvisual,eeelabvisual,https://api.sketchfab.com/v3/models/a05e9280eb774a459e2d72828a53095c,https://sketchfab.com/3d-models/a05e9280eb774a459e2d72828a53095c,glbs/000-047/a05e9280eb774a459e2d72828a53095c.glb,000-047,7ab21f43ad948724d396ea763472407e421876e53fca5439b8463c8bc3497740,reserve
606,8bad5c00f33e4f39931e87a378422060,by,by,Crash from crash mind over mutant,MatiasH290,matias029,https://api.sketchfab.com/v3/models/8bad5c00f33e4f39931e87a378422060,https://sketchfab.com/3d-models/8bad5c00f33e4f39931e87a378422060,glbs/000-007/8bad5c00f33e4f39931e87a378422060.glb,000-007,5309e4d0ca7047efdfdfad8ba68b3e210470a84b17e4c4fa5d1fc125fc6f4c84,reserve
607,43ddf7d344df4778bbed29a2212f5e74,by,by,Tuna Star,Amine KaKaroto,mraminedz,https://api.sketchfab.com/v3/models/43ddf7d344df4778bbed29a2212f5e74,https://sketchfab.com/3d-models/43ddf7d344df4778bbed29a2212f5e74,glbs/000-091/43ddf7d344df4778bbed29a2212f5e74.glb,000-091,b9fb8713b87da27eb7eacd2a705580b5dcef62ff1c5ce4d266cc88cbbceb8576,reserve
608,01e54f0f771048be85a79c85a9efd8d6,by,by,WallTile,plasmaernst,plasmaernst,https://api.sketchfab.com/v3/models/01e54f0f771048be85a79c85a9efd8d6,https://sketchfab.com/3d-models/01e54f0f771048be85a79c85a9efd8d6,glbs/000-127/01e54f0f771048be85a79c85a9efd8d6.glb,000-127,4150815f120e312a4c137846e79e97501550c389b367bb9e7ced640034f7a1ac,reserve
609,1130f15336b34c0b9cc92ed144c2568e,by-sa,by-sa,Vroom,RiverRose,RiverRose,https://api.sketchfab.com/v3/models/1130f15336b34c0b9cc92ed144c2568e,https://sketchfab.com/3d-models/1130f15336b34c0b9cc92ed144c2568e,glbs/000-067/1130f15336b34c0b9cc92ed144c2568e.glb,000-067,c14d4e855ed8cef6084c5154c37b0bd8df76fe8af70604f3c91fe2cd28d9a094,reserve
610,25c4a3d942664ac88c7afb921ac08a3a,by,by,Katarzyna Z�bate z antresol�,Stolmark,stolmark,https://api.sketchfab.com/v3/models/25c4a3d942664ac88c7afb921ac08a3a,https://sketchfab.com/3d-models/25c4a3d942664ac88c7afb921ac08a3a,glbs/000-155/25c4a3d942664ac88c7afb921ac08a3a.glb,000-155,5daa36c171be86be9d8ea631d3196e165c3d35404402d1cc5c7e1f277627791f,reserve
611,af459757048a46c7a7b654c00e56f6d3,by,by,Boeing 787,brun.donizet,brun.donizet,https://api.sketchfab.com/v3/models/af459757048a46c7a7b654c00e56f6d3,https://sketchfab.com/3d-models/af459757048a46c7a7b654c00e56f6d3,glbs/000-072/af459757048a46c7a7b654c00e56f6d3.glb,000-072,b64fc310e466334c536521755aec6b040977de41edb985813bfba521b1035db2,reserve
612,8c48505d17694da89def94e54b894669,by,by,Untitled Scan,phatdoanjp.arch,phatdoanjp.arch,https://api.sketchfab.com/v3/models/8c48505d17694da89def94e54b894669,https://sketchfab.com/3d-models/8c48505d17694da89def94e54b894669,glbs/000-129/8c48505d17694da89def94e54b894669.glb,000-129,ed86d23a1dc80b2df5735de4ebf0ca19181663fab1746269f1b1a8bf803f034b,reserve
613,cf2bf120d4db4a209c29e0a982e64e54,by,by,Làm Lại Bằng Lái Xe – Hướng Dẫn Thủ Tục Nhanh,Làm Bằng Nhanh,lambangnhanh,https://api.sketchfab.com/v3/models/cf2bf120d4db4a209c29e0a982e64e54,https://sketchfab.com/3d-models/cf2bf120d4db4a209c29e0a982e64e54,glbs/000-153/cf2bf120d4db4a209c29e0a982e64e54.glb,000-153,6e3a49a5b798383b76a1e5afada18c3d2253e64c809ccd19b6c05bae327e0ad9,reserve
614,77470eee45584292887a6f1c4c790228,by,by,Human Heart - Textured Game Prop,robnewman76,robnewman76,https://api.sketchfab.com/v3/models/77470eee45584292887a6f1c4c790228,https://sketchfab.com/3d-models/77470eee45584292887a6f1c4c790228,glbs/000-043/77470eee45584292887a6f1c4c790228.glb,000-043,752b681222db8fc4e8f8fc9d12c99bcfe776f87a7cca2d893a2513a53181f20c,reserve
615,416a907bb0354a53b293cea449611935,by,by,192458,Charpentes Jonckheere Spanten,jnck,https://api.sketchfab.com/v3/models/416a907bb0354a53b293cea449611935,https://sketchfab.com/3d-models/416a907bb0354a53b293cea449611935,glbs/000-159/416a907bb0354a53b293cea449611935.glb,000-159,f32c359612f640343302334334491f66c5a1b2901aae3733c1dec0f97cf83706,reserve
616,558e8911963a4a8192cfed76f1370f14,by,by,Turkish Licorne Cannon,artfletch,artfletch,https://api.sketchfab.com/v3/models/558e8911963a4a8192cfed76f1370f14,https://sketchfab.com/3d-models/558e8911963a4a8192cfed76f1370f14,glbs/000-054/558e8911963a4a8192cfed76f1370f14.glb,000-054,0ee2e200f962a018398812b139a1cda11633a31ee9ac681d185199863ccd8c33,reserve
617,2856aa662b7a4ac1a4821c39651a70a2,by,by,red head,HotelBlue,a054059,https://api.sketchfab.com/v3/models/2856aa662b7a4ac1a4821c39651a70a2,https://sketchfab.com/3d-models/2856aa662b7a4ac1a4821c39651a70a2,glbs/000-005/2856aa662b7a4ac1a4821c39651a70a2.glb,000-005,ab46e859e11272010fbcff35eadb696ce9623ddfb61c44bcc208ba94ae5fa320,reserve
618,4cdceb398fdf4c588abd8f2a86e3abc8,by,by,the-guest,Youthful strawbewwy,Youthful-Strawberry,https://api.sketchfab.com/v3/models/4cdceb398fdf4c588abd8f2a86e3abc8,https://sketchfab.com/3d-models/4cdceb398fdf4c588abd8f2a86e3abc8,glbs/000-051/4cdceb398fdf4c588abd8f2a86e3abc8.glb,000-051,b89bf615f401a220d2ae0e5d2f038639e3721bd04d7df59d202bdaccc0426f68,reserve
619,97b937d1bf4944768c006bf8fc9f32a9,by,by,Container,Gonzalo Marquez,shadowcarmesi,https://api.sketchfab.com/v3/models/97b937d1bf4944768c006bf8fc9f32a9,https://sketchfab.com/3d-models/97b937d1bf4944768c006bf8fc9f32a9,glbs/000-146/97b937d1bf4944768c006bf8fc9f32a9.glb,000-146,432c9381e84603b81be91bcc6e3ca6ab73a715cebbf9a0a3586d8eebe1fb52ea,reserve
620,6fa82c7be57045b79c972600dbad5c92,by-sa,by-sa,Lightsaber V1.05,AtcVoide,atcoutain,https://api.sketchfab.com/v3/models/6fa82c7be57045b79c972600dbad5c92,https://sketchfab.com/3d-models/6fa82c7be57045b79c972600dbad5c92,glbs/000-115/6fa82c7be57045b79c972600dbad5c92.glb,000-115,3ee735ee531f998094ca18e720f6fd5039bfe871e7b73c30128f23f6d3d1e8f9,reserve
621,76ab579e21b74697a90efe566a7293c3,by,by,Jigglypuff,DreamNoms,DreamNoms,https://api.sketchfab.com/v3/models/76ab579e21b74697a90efe566a7293c3,https://sketchfab.com/3d-models/76ab579e21b74697a90efe566a7293c3,glbs/000-085/76ab579e21b74697a90efe566a7293c3.glb,000-085,e56ddb789cf281dfa213b8a5067bd5e39ca6395a074bf0f1bcb46b6cd72098e9,reserve
622,17c8222d4ce04e518117078e7de6aaed,by,by,Edges,harry,hwerke,https://api.sketchfab.com/v3/models/17c8222d4ce04e518117078e7de6aaed,https://sketchfab.com/3d-models/17c8222d4ce04e518117078e7de6aaed,glbs/000-035/17c8222d4ce04e518117078e7de6aaed.glb,000-035,404c9b1d574966c00df81c2b9cc477a71ab3908289beefae9a79601a4e49c8d5,reserve
623,7473e59e8d444f28a5f9d01cec31117b,by,by,House Plant1 - Lidar Scan,Kesterson3D,kesterst3d,https://api.sketchfab.com/v3/models/7473e59e8d444f28a5f9d01cec31117b,https://sketchfab.com/3d-models/7473e59e8d444f28a5f9d01cec31117b,glbs/000-046/7473e59e8d444f28a5f9d01cec31117b.glb,000-046,c63cd7da5eb59030df74691dfdd3cdc022e0481b02be32e3de3962a874fbd467,reserve
624,ac4432044e1f433784cee1f278eb2cd9,by,by,Yahidne school basement 02,yaro.pro,yaro.pro,https://api.sketchfab.com/v3/models/ac4432044e1f433784cee1f278eb2cd9,https://sketchfab.com/3d-models/ac4432044e1f433784cee1f278eb2cd9,glbs/000-067/ac4432044e1f433784cee1f278eb2cd9.glb,000-067,c14d4e855ed8cef6084c5154c37b0bd8df76fe8af70604f3c91fe2cd28d9a094,reserve
625,2853d643601543e1a7ac0e1de14b53fc,by,by,chips,garlicboy40,garlicboy40,https://api.sketchfab.com/v3/models/2853d643601543e1a7ac0e1de14b53fc,https://sketchfab.com/3d-models/2853d643601543e1a7ac0e1de14b53fc,glbs/000-030/2853d643601543e1a7ac0e1de14b53fc.glb,000-030,e8f422180c32e35e70f0ec8bb069da6629e056cebad3d913d903929feeb62c12,reserve
626,100d24132b4d42b292e1138a29290b38,by,by,1156 STRBNTSC,Behets,behetstrappen,https://api.sketchfab.com/v3/models/100d24132b4d42b292e1138a29290b38,https://sketchfab.com/3d-models/100d24132b4d42b292e1138a29290b38,glbs/000-140/100d24132b4d42b292e1138a29290b38.glb,000-140,37cd6ac2c0429b109479c5c5d5807f2c6fde4028d456e4cd3415e02741b4072a,reserve
627,5d83a21690fa416f86c570a7377e935d,by,by,Crystal spider,Your_friendly_wolf,Your_friendly_wolf,https://api.sketchfab.com/v3/models/5d83a21690fa416f86c570a7377e935d,https://sketchfab.com/3d-models/5d83a21690fa416f86c570a7377e935d,glbs/000-077/5d83a21690fa416f86c570a7377e935d.glb,000-077,ab70b1fa4d00ee7c9ccadf20b686f646e9b67a048d44ea792ad602880ff3a64c,reserve
628,7dc805f6bd094f67be73874ffe620c4b,by,by,b56fa339-5873-4fdb-8251-e638c3189a9e.usdz,celum-subscription,celum-subscription,https://api.sketchfab.com/v3/models/7dc805f6bd094f67be73874ffe620c4b,https://sketchfab.com/3d-models/7dc805f6bd094f67be73874ffe620c4b,glbs/000-111/7dc805f6bd094f67be73874ffe620c4b.glb,000-111,ff1a44b4a57b41aef99991b15fc92b5184bea783ca4ac871451159ae85fae3d8,reserve
629,b851c2f33f164a1e986a806e674104a8,by,by,Paving Stones Squares Rectangles Jagged Edges,STONE CURATORS,stonecurators,https://api.sketchfab.com/v3/models/b851c2f33f164a1e986a806e674104a8,https://sketchfab.com/3d-models/b851c2f33f164a1e986a806e674104a8,glbs/000-075/b851c2f33f164a1e986a806e674104a8.glb,000-075,637cc99362c6bb8162b0354d23504aff5be2e1cb4628078570dc3b5030322e82,reserve
630,dcf3587a9e9347b29c7a8921eb5a2582,by,by,The Parthenon,Kelly,thekellychen,https://api.sketchfab.com/v3/models/dcf3587a9e9347b29c7a8921eb5a2582,https://sketchfab.com/3d-models/dcf3587a9e9347b29c7a8921eb5a2582,glbs/000-063/dcf3587a9e9347b29c7a8921eb5a2582.glb,000-063,55255e4fba3f6e7cfd5c331f0bc2a151491994a26acb9cd474de14ced1530102,reserve
631,379838bb71e1441fbdb9e42c88a04881,by,by,Toilet,meenkatrin,meenkatrin,https://api.sketchfab.com/v3/models/379838bb71e1441fbdb9e42c88a04881,https://sketchfab.com/3d-models/379838bb71e1441fbdb9e42c88a04881,glbs/000-008/379838bb71e1441fbdb9e42c88a04881.glb,000-008,d02734b9318322d248c366193e25187897dfb94091e3034c86c5b43a4d641764,reserve
632,5e5d80ff29eb4b9d945436606c5e7518,by,by,"Textiles: Agnia, ""It's Not All Shrovetide...""",Aleksei Moskvin,alekseimoskvin1,https://api.sketchfab.com/v3/models/5e5d80ff29eb4b9d945436606c5e7518,https://sketchfab.com/3d-models/5e5d80ff29eb4b9d945436606c5e7518,glbs/000-054/5e5d80ff29eb4b9d945436606c5e7518.glb,000-054,0ee2e200f962a018398812b139a1cda11633a31ee9ac681d185199863ccd8c33,reserve
633,02e9f11c21ba4e778827f638f6dd244a,by,by,31719海豹,a855424,a855424,https://api.sketchfab.com/v3/models/02e9f11c21ba4e778827f638f6dd244a,https://sketchfab.com/3d-models/02e9f11c21ba4e778827f638f6dd244a,glbs/000-070/02e9f11c21ba4e778827f638f6dd244a.glb,000-070,4d3712651b26d85189a849345622ccbb9bb2821210f47f8255945b95b7116f14,reserve
634,f7f3fcdbce494a6db7c7aa626d52c8ea,by,by,Abandoned Cathedral Bank,Daniel Moczarski,danielmo,https://api.sketchfab.com/v3/models/f7f3fcdbce494a6db7c7aa626d52c8ea,https://sketchfab.com/3d-models/f7f3fcdbce494a6db7c7aa626d52c8ea,glbs/000-060/f7f3fcdbce494a6db7c7aa626d52c8ea.glb,000-060,12462ac3cb3274e3e6b98ea1ed3cc1f39e0d965a1afbe04ff145963f0e2bc88c,reserve
635,db918208385642008c258581d9483723,by,by,NICG,Technistrut,Janstes,https://api.sketchfab.com/v3/models/db918208385642008c258581d9483723,https://sketchfab.com/3d-models/db918208385642008c258581d9483723,glbs/000-033/db918208385642008c258581d9483723.glb,000-033,66f44bc2bb3a3dbb40db3ee67c90627babdc443c19947ad9342caa07f825f734,reserve
636,463dabb9faee44faba79e3c5a0000f86,by,by,Baby Headcrab Idle,creator830,1223shanae,https://api.sketchfab.com/v3/models/463dabb9faee44faba79e3c5a0000f86,https://sketchfab.com/3d-models/463dabb9faee44faba79e3c5a0000f86,glbs/000-023/463dabb9faee44faba79e3c5a0000f86.glb,000-023,91721b846a533e23737d2bd2c0a476abf68fde7a9d997589569b9b4bf4f1e5c1,reserve
637,277e905636cd45ceabcfc7a63cf57587,by,by,Four en huit - Chantier INRAP Alizay 2017,Sylvain Herubel,panormandic,https://api.sketchfab.com/v3/models/277e905636cd45ceabcfc7a63cf57587,https://sketchfab.com/3d-models/277e905636cd45ceabcfc7a63cf57587,glbs/000-105/277e905636cd45ceabcfc7a63cf57587.glb,000-105,91f27e84e6b108e824acec764304f4e2fd04c84a88b5dbe84d2c44549038b181,reserve
638,7a53c0d5a3934b9b80ac5ead5e529386,by,by,IRyS - Hololive EN Council,Hasksoft,Hasksoft,https://api.sketchfab.com/v3/models/7a53c0d5a3934b9b80ac5ead5e529386,https://sketchfab.com/3d-models/7a53c0d5a3934b9b80ac5ead5e529386,glbs/000-144/7a53c0d5a3934b9b80ac5ead5e529386.glb,000-144,c36e0da487e6f533fa0e6155f19d31eea78d7babaacb2bb5a648852506cb9433,reserve
639,21e35b4f625d43819603cc0dae752614,cc0,cc0,Paul Maxwell Bobble Head,The Cable Center,thecablecenter,https://api.sketchfab.com/v3/models/21e35b4f625d43819603cc0dae752614,https://sketchfab.com/3d-models/21e35b4f625d43819603cc0dae752614,glbs/000-038/21e35b4f625d43819603cc0dae752614.glb,000-038,97a63d6ee11dc9fc9211bb656f02e2939726a46b3f6efda96f6529625af75b28,reserve
640,41317370def4493e8659ff1241daf341,by,by,Fox Searchlight Pictures 2010 Logo Remake - Real,Henrique Matias Neto,Guguneto,https://api.sketchfab.com/v3/models/41317370def4493e8659ff1241daf341,https://sketchfab.com/3d-models/41317370def4493e8659ff1241daf341,glbs/000-058/41317370def4493e8659ff1241daf341.glb,000-058,985db2ae647bf34fe8a6c6ff9bb559e11729fbe8b99eb726c14f0990d10164c6,reserve
641,81fd075936454bb4bc46cd662e596f8e,by,by,Chair,hispa3d,hispa3d,https://api.sketchfab.com/v3/models/81fd075936454bb4bc46cd662e596f8e,https://sketchfab.com/3d-models/81fd075936454bb4bc46cd662e596f8e,glbs/000-159/81fd075936454bb4bc46cd662e596f8e.glb,000-159,f32c359612f640343302334334491f66c5a1b2901aae3733c1dec0f97cf83706,reserve
642,06084a60d1084dbdaec408914de035ca,by,by,test scene,Fei.Xia,Fei.Xia,https://api.sketchfab.com/v3/models/06084a60d1084dbdaec408914de035ca,https://sketchfab.com/3d-models/06084a60d1084dbdaec408914de035ca,glbs/000-067/06084a60d1084dbdaec408914de035ca.glb,000-067,c14d4e855ed8cef6084c5154c37b0bd8df76fe8af70604f3c91fe2cd28d9a094,reserve
643,f3234601f1174502a64156f3698fdc50,by,by,Nerf Triple Strike,gingi,gingi,https://api.sketchfab.com/v3/models/f3234601f1174502a64156f3698fdc50,https://sketchfab.com/3d-models/f3234601f1174502a64156f3698fdc50,glbs/000-105/f3234601f1174502a64156f3698fdc50.glb,000-105,91f27e84e6b108e824acec764304f4e2fd04c84a88b5dbe84d2c44549038b181,reserve
644,143cbc786d9b492696575317ab8cf422,by,by,Untitled,palwm,palwm,https://api.sketchfab.com/v3/models/143cbc786d9b492696575317ab8cf422,https://sketchfab.com/3d-models/143cbc786d9b492696575317ab8cf422,glbs/000-131/143cbc786d9b492696575317ab8cf422.glb,000-131,f3fec9d26f76ae4e079807fc5ae79b1695e7040b57e5a81ebb48bee8fe15f6e4,reserve
645,04005e6c6e1841649dffe05e49a771f9,by,by,Pedreira Vale da Arca,pnogas,pnogas,https://api.sketchfab.com/v3/models/04005e6c6e1841649dffe05e49a771f9,https://sketchfab.com/3d-models/04005e6c6e1841649dffe05e49a771f9,glbs/000-056/04005e6c6e1841649dffe05e49a771f9.glb,000-056,2bcc33665558ca3b99d96ea4b120b19ada15607793e2d4578eb7c98ca5ef74b5,reserve
646,b6837c3797904c4da595f8790030e865,by,by,544d32c686c99d1cbaeb636e53045bd2cf2a4f36,newfields-3dprinting,newfields-3dprinting,https://api.sketchfab.com/v3/models/b6837c3797904c4da595f8790030e865,https://sketchfab.com/3d-models/b6837c3797904c4da595f8790030e865,glbs/000-084/b6837c3797904c4da595f8790030e865.glb,000-084,3884cd5b74379023235e38c2f4d18edfa1deaa41161f585fd27bf0d130d1d819,reserve
647,385e1581f8f44941bf77374b42ceec36,by,by,Bright Frog,cihantoraman,cihantoraman,https://api.sketchfab.com/v3/models/385e1581f8f44941bf77374b42ceec36,https://sketchfab.com/3d-models/385e1581f8f44941bf77374b42ceec36,glbs/000-115/385e1581f8f44941bf77374b42ceec36.glb,000-115,3ee735ee531f998094ca18e720f6fd5039bfe871e7b73c30128f23f6d3d1e8f9,reserve
648,f4ca72e28da24adc961842ad32f90eaa,by,by,Rinnegan (Naruto),Yanez Designs,Yanez-Designs,https://api.sketchfab.com/v3/models/f4ca72e28da24adc961842ad32f90eaa,https://sketchfab.com/3d-models/f4ca72e28da24adc961842ad32f90eaa,glbs/000-148/f4ca72e28da24adc961842ad32f90eaa.glb,000-148,550a717ab88d4a6210e3914e7dd89c4b435815a7e877cc40c58d356323f9278a,reserve
649,4fd65ced9aac4c1a9cc974fed30a987e,by,by,Icicle Diorama,vasubhatt60,vasubhatt60,https://api.sketchfab.com/v3/models/4fd65ced9aac4c1a9cc974fed30a987e,https://sketchfab.com/3d-models/4fd65ced9aac4c1a9cc974fed30a987e,glbs/000-023/4fd65ced9aac4c1a9cc974fed30a987e.glb,000-023,91721b846a533e23737d2bd2c0a476abf68fde7a9d997589569b9b4bf4f1e5c1,reserve
650,350cc433d6004991bdf67f9d97afcd94,by,by,Boduszyn,Projekty3D,Projekty3D,https://api.sketchfab.com/v3/models/350cc433d6004991bdf67f9d97afcd94,https://sketchfab.com/3d-models/350cc433d6004991bdf67f9d97afcd94,glbs/000-009/350cc433d6004991bdf67f9d97afcd94.glb,000-009,cee62d98212f33da2f5c3f299c5d0784609d1c3861f39d396348df54d17dda1c,reserve
651,046c5b9dd71340e3bf4b07327ed96b71,by,by,Realastic bee,maleeshapinsarafu,maleeshapinsarafu,https://api.sketchfab.com/v3/models/046c5b9dd71340e3bf4b07327ed96b71,https://sketchfab.com/3d-models/046c5b9dd71340e3bf4b07327ed96b71,glbs/000-135/046c5b9dd71340e3bf4b07327ed96b71.glb,000-135,4600a2aa558855cfaf6431a70974570f4f3fce1f0b0a524c238d572ef584b27d,reserve
652,ba8499b835fc474f872cf4bc0ae75e3d,by,by,Bike Abandoned,Jimmy Gunawan,jimmygunawan,https://api.sketchfab.com/v3/models/ba8499b835fc474f872cf4bc0ae75e3d,https://sketchfab.com/3d-models/ba8499b835fc474f872cf4bc0ae75e3d,glbs/000-100/ba8499b835fc474f872cf4bc0ae75e3d.glb,000-100,d7c68c115828d1a5f38e722faa3c52c0d394ad74f24b42be5eac1e00e69b45a0,reserve
653,38ee9f850d494caeb2d6ee1b5f976c41,by,by,Beard Growth Oil,Logansryche,Logansryche,https://api.sketchfab.com/v3/models/38ee9f850d494caeb2d6ee1b5f976c41,https://sketchfab.com/3d-models/38ee9f850d494caeb2d6ee1b5f976c41,glbs/000-118/38ee9f850d494caeb2d6ee1b5f976c41.glb,000-118,aaae316f3f829831503ed7c319f159b828f35a172d6de3302c01155e3d5e4abd,reserve
654,a12edfe9e9e04a35846b17782a0dfb32,by,by,Pit,Odin Iz,izkombinatorov,https://api.sketchfab.com/v3/models/a12edfe9e9e04a35846b17782a0dfb32,https://sketchfab.com/3d-models/a12edfe9e9e04a35846b17782a0dfb32,glbs/000-050/a12edfe9e9e04a35846b17782a0dfb32.glb,000-050,9193d6c7739deb10e332f3e9d97f8b1357d604f65b0c450a2642304622f6594d,reserve
655,ade968fdc44a4f8e90c45dbebc509ac4,by,by,Cabinet (Low poly),DKDTheGreat1,DKDTheGreat1,https://api.sketchfab.com/v3/models/ade968fdc44a4f8e90c45dbebc509ac4,https://sketchfab.com/3d-models/ade968fdc44a4f8e90c45dbebc509ac4,glbs/000-101/ade968fdc44a4f8e90c45dbebc509ac4.glb,000-101,c2741e72e6d77895148d037ccba1badaa2daef51a9278363586c84c048392901,reserve
656,c35fae37063343c7afed630ed6c539cd,by,by,EMP (SWK) 33 B,Cyformstudio,Cyformstudio,https://api.sketchfab.com/v3/models/c35fae37063343c7afed630ed6c539cd,https://sketchfab.com/3d-models/c35fae37063343c7afed630ed6c539cd,glbs/000-014/c35fae37063343c7afed630ed6c539cd.glb,000-014,5ea360089dd712ded220ca941043617b5d568d422e30c94bcb32c55172f12744,reserve
657,210b78bf2caf40649cdc7c2583fd10f7,by,by,Onion the Wisp,Edvin Borkovskij,EdvinBorkovskij,https://api.sketchfab.com/v3/models/210b78bf2caf40649cdc7c2583fd10f7,https://sketchfab.com/3d-models/210b78bf2caf40649cdc7c2583fd10f7,glbs/000-018/210b78bf2caf40649cdc7c2583fd10f7.glb,000-018,0339a843a0093663249e8c026c9f565bfdfde895cc7e6e1d337ce7865130b04e,reserve
658,a1eb6c0bfbae419d8c5cd3317cd2c627,by,by,Stylized Fantasy Dagger,Adamossak,Adamossak,https://api.sketchfab.com/v3/models/a1eb6c0bfbae419d8c5cd3317cd2c627,https://sketchfab.com/3d-models/a1eb6c0bfbae419d8c5cd3317cd2c627,glbs/000-069/a1eb6c0bfbae419d8c5cd3317cd2c627.glb,000-069,c2934f17e53537c26e37e7d1ce20895ab404b350fa7deb1c55dc72f671c43a3a,reserve
659,f5cfcd9137f54827a691e9e62041445f,by,by,Assignment 1 DIG 4780,beeeeef,beeeeef,https://api.sketchfab.com/v3/models/f5cfcd9137f54827a691e9e62041445f,https://sketchfab.com/3d-models/f5cfcd9137f54827a691e9e62041445f,glbs/000-032/f5cfcd9137f54827a691e9e62041445f.glb,000-032,4d82335a9adb53075ada1fd2d3ace30a83785cbab18e0cd4f0158112d0d67f44,reserve
660,28a85cd2aca34776aa524bc22ae75729,by,by,ARQ Baranda Esquina Piso2,Jorge Sakaino,jorgesakaino,https://api.sketchfab.com/v3/models/28a85cd2aca34776aa524bc22ae75729,https://sketchfab.com/3d-models/28a85cd2aca34776aa524bc22ae75729,glbs/000-134/28a85cd2aca34776aa524bc22ae75729.glb,000-134,c437a3da74de49a7393d03a5dcdcbec1f4ae0da1f2152793f2b1ccaf6a5bd652,reserve
661,d5efec03c6a4478b87dde2da264749e5,by,by,Statue (2020),Agecroft,Agecroft,https://api.sketchfab.com/v3/models/d5efec03c6a4478b87dde2da264749e5,https://sketchfab.com/3d-models/d5efec03c6a4478b87dde2da264749e5,glbs/000-103/d5efec03c6a4478b87dde2da264749e5.glb,000-103,66f5da91408cf2e854995110dc2e3014e8387c805f0070c683ebb964143447c2,reserve
662,4d3a767e8db5495ba26efa6441499cd7,by,by,hay bale,𝔾𝔸Ï𝔸,GAIA.,https://api.sketchfab.com/v3/models/4d3a767e8db5495ba26efa6441499cd7,https://sketchfab.com/3d-models/4d3a767e8db5495ba26efa6441499cd7,glbs/000-049/4d3a767e8db5495ba26efa6441499cd7.glb,000-049,985b026d6d3dd4de616024c5c0b74a67d2647a141e7817b24d3a78d63d715665,reserve
663,032e3d11865540868e3196ba2a044deb,by,by,ไม้กลายเป็นหิน,Thanyarat.Waen,Thanyarat.Waen,https://api.sketchfab.com/v3/models/032e3d11865540868e3196ba2a044deb,https://sketchfab.com/3d-models/032e3d11865540868e3196ba2a044deb,glbs/000-019/032e3d11865540868e3196ba2a044deb.glb,000-019,e810d299af9e54d05161106fa27aa1d86006174d3e09d3cd52ea453732a694ae,reserve
664,821c0ec495c34749911b83d7094318a3,by,by,G36 VERY Low Poly,Jamie White,whitedesigns,https://api.sketchfab.com/v3/models/821c0ec495c34749911b83d7094318a3,https://sketchfab.com/3d-models/821c0ec495c34749911b83d7094318a3,glbs/000-059/821c0ec495c34749911b83d7094318a3.glb,000-059,1e1c51cd6596a46e6cee7dfe9928b58ca64e951f4c56c9c29fb2fa216ccb7264,reserve
665,6d5b010db351475e8d99836b2c19320c,by,by,"Fri, 13 Mar 2020 23:10:19",newfields-3dprinting,newfields-3dprinting,https://api.sketchfab.com/v3/models/6d5b010db351475e8d99836b2c19320c,https://sketchfab.com/3d-models/6d5b010db351475e8d99836b2c19320c,glbs/000-095/6d5b010db351475e8d99836b2c19320c.glb,000-095,486c277a1ba0fe07b34ea91d74241ed63dd99abd868cdfa70fd178af89d7eedb,reserve
666,84dbd2f5ceac48058d4624be9d6f8750,by,by,yami (golden Darkness,julian,julianmigueldescolado2008,https://api.sketchfab.com/v3/models/84dbd2f5ceac48058d4624be9d6f8750,https://sketchfab.com/3d-models/84dbd2f5ceac48058d4624be9d6f8750,glbs/000-046/84dbd2f5ceac48058d4624be9d6f8750.glb,000-046,c63cd7da5eb59030df74691dfdd3cdc022e0481b02be32e3de3962a874fbd467,reserve
667,8ac136d02b5d4a0cb526199bcd919439,by,by,TELEKUNG / ANGGUN,eeelabvisual,eeelabvisual,https://api.sketchfab.com/v3/models/8ac136d02b5d4a0cb526199bcd919439,https://sketchfab.com/3d-models/8ac136d02b5d4a0cb526199bcd919439,glbs/000-002/8ac136d02b5d4a0cb526199bcd919439.glb,000-002,960454d09f0ba9ea6d46a4016bf5bacb9e2f01713e305718266c019943c38abc,reserve
668,9ba445b33fdc48959b3afa79967c9c48,by,by,Moose,Roman Kotiv,roman.m.kotiv,https://api.sketchfab.com/v3/models/9ba445b33fdc48959b3afa79967c9c48,https://sketchfab.com/3d-models/9ba445b33fdc48959b3afa79967c9c48,glbs/000-062/9ba445b33fdc48959b3afa79967c9c48.glb,000-062,40d1efb36b59a414550f906a4f714b6f9cca0f43f653658c6455507fe6fd1c6f,reserve
669,bc26cd19f4ce4f96b08eebb6e28d6f97,by,by,"ゲンゴロウブナ Flat Crucian Carp, Carassius cuvieri",ffish.asia / floraZia.com,ffishAsia-and-floraZia,https://api.sketchfab.com/v3/models/bc26cd19f4ce4f96b08eebb6e28d6f97,https://sketchfab.com/3d-models/bc26cd19f4ce4f96b08eebb6e28d6f97,glbs/000-127/bc26cd19f4ce4f96b08eebb6e28d6f97.glb,000-127,4150815f120e312a4c137846e79e97501550c389b367bb9e7ced640034f7a1ac,reserve
670,fb73ca4d1e064a5f8ace48d03bbccd0e,by,by,Glasses,A.Y.M,A.Y.M,https://api.sketchfab.com/v3/models/fb73ca4d1e064a5f8ace48d03bbccd0e,https://sketchfab.com/3d-models/fb73ca4d1e064a5f8ace48d03bbccd0e,glbs/000-015/fb73ca4d1e064a5f8ace48d03bbccd0e.glb,000-015,60ff99f4196cb0d1346f427479f23c5264893e81674fae1f15231f8e50d449ac,reserve
671,7ccc95a3fe004e56beb56ec73658402e,by,by,candle holder,User2773838,User2773838,https://api.sketchfab.com/v3/models/7ccc95a3fe004e56beb56ec73658402e,https://sketchfab.com/3d-models/7ccc95a3fe004e56beb56ec73658402e,glbs/000-146/7ccc95a3fe004e56beb56ec73658402e.glb,000-146,432c9381e84603b81be91bcc6e3ca6ab73a715cebbf9a0a3586d8eebe1fb52ea,reserve
672,b9bd74b2fc3647a4b7825740c335fed6,by,by,Miasto,marcinwichrowski,marcinwichrowski,https://api.sketchfab.com/v3/models/b9bd74b2fc3647a4b7825740c335fed6,https://sketchfab.com/3d-models/b9bd74b2fc3647a4b7825740c335fed6,glbs/000-089/b9bd74b2fc3647a4b7825740c335fed6.glb,000-089,124530701e5c248d83de1b914bf68832c4fdf878dfadc0175ed5c58cd521eb5b,reserve
673,4b2d6ab543774240af7328c271dcc1de,by,by,7-36 Orthic Humo-Ferric Podzol,krzic,krzic,https://api.sketchfab.com/v3/models/4b2d6ab543774240af7328c271dcc1de,https://sketchfab.com/3d-models/4b2d6ab543774240af7328c271dcc1de,glbs/000-075/4b2d6ab543774240af7328c271dcc1de.glb,000-075,637cc99362c6bb8162b0354d23504aff5be2e1cb4628078570dc3b5030322e82,reserve
674,3cbab6a0e6754c1e93c85eae04981489,by,by,Palmyrene tomb relief of a man,The National Museum of Antiquities,rmo_leiden,https://api.sketchfab.com/v3/models/3cbab6a0e6754c1e93c85eae04981489,https://sketchfab.com/3d-models/3cbab6a0e6754c1e93c85eae04981489,glbs/000-002/3cbab6a0e6754c1e93c85eae04981489.glb,000-002,960454d09f0ba9ea6d46a4016bf5bacb9e2f01713e305718266c019943c38abc,reserve
675,933e096f589c4dab908694e38ab51fac,by,by,Marcin_Kaczor_5,WiazaryGorski,WiazaryGorski,https://api.sketchfab.com/v3/models/933e096f589c4dab908694e38ab51fac,https://sketchfab.com/3d-models/933e096f589c4dab908694e38ab51fac,glbs/000-139/933e096f589c4dab908694e38ab51fac.glb,000-139,55e1d193e69fe81c540cf6097ec751cffc2ca4db9e1809cd5cf1de534ca6c34f,reserve
676,105d7c8d5c3a48628160088b2c7a6ef2,by,by,The-best-skins-free-fire-by-BOSS SHIVRAJ,BOSS SHIVRAJ,shivrajshingh245245,https://api.sketchfab.com/v3/models/105d7c8d5c3a48628160088b2c7a6ef2,https://sketchfab.com/3d-models/105d7c8d5c3a48628160088b2c7a6ef2,glbs/000-157/105d7c8d5c3a48628160088b2c7a6ef2.glb,000-157,3de40df8e0ff60006efc36a86597723d3a46267bf510b5dcb9814cbee2c49964,reserve
677,0d24279daaef44a98b4b86dcd7d1525c,by,by,Kruka,SQYW24,SQYW24,https://api.sketchfab.com/v3/models/0d24279daaef44a98b4b86dcd7d1525c,https://sketchfab.com/3d-models/0d24279daaef44a98b4b86dcd7d1525c,glbs/000-134/0d24279daaef44a98b4b86dcd7d1525c.glb,000-134,c437a3da74de49a7393d03a5dcdcbec1f4ae0da1f2152793f2b1ccaf6a5bd652,reserve
678,8f726d3146fe4d5b8b752f12ca73816c,by,by,石頭,RAY_XU,RAY_XU,https://api.sketchfab.com/v3/models/8f726d3146fe4d5b8b752f12ca73816c,https://sketchfab.com/3d-models/8f726d3146fe4d5b8b752f12ca73816c,glbs/000-145/8f726d3146fe4d5b8b752f12ca73816c.glb,000-145,df296fe523db8f1a215dad584a45f598857d06d4f5fc171097e7bb347999d48e,reserve
679,e80746aafb5a4898a4534492637aebcd,by-sa,by-sa,The Maccabi Playground in Modiin,Norod78,Norod,https://api.sketchfab.com/v3/models/e80746aafb5a4898a4534492637aebcd,https://sketchfab.com/3d-models/e80746aafb5a4898a4534492637aebcd,glbs/000-100/e80746aafb5a4898a4534492637aebcd.glb,000-100,d7c68c115828d1a5f38e722faa3c52c0d394ad74f24b42be5eac1e00e69b45a0,reserve
680,08bb6597627840e382e36472be1462c0,by,by,171-330,jaydensquire,jaydensquire,https://api.sketchfab.com/v3/models/08bb6597627840e382e36472be1462c0,https://sketchfab.com/3d-models/08bb6597627840e382e36472be1462c0,glbs/000-075/08bb6597627840e382e36472be1462c0.glb,000-075,637cc99362c6bb8162b0354d23504aff5be2e1cb4628078570dc3b5030322e82,reserve
681,e9eaf74b42734fc5b06687ff6cd12bfc,by,by,196 - Colosso.Edineia e Jaime,vetorprotensao,vetorprotensao,https://api.sketchfab.com/v3/models/e9eaf74b42734fc5b06687ff6cd12bfc,https://sketchfab.com/3d-models/e9eaf74b42734fc5b06687ff6cd12bfc,glbs/000-156/e9eaf74b42734fc5b06687ff6cd12bfc.glb,000-156,2d2fcfc79c6c04bb4180a4dcc6e5aeff849ec1fa4fecc641201df602614311a9,reserve
682,5b1b9d2af34b498e99d4c5095760956a,by,by,Candelabrum,leonsavelind,leonsavelind,https://api.sketchfab.com/v3/models/5b1b9d2af34b498e99d4c5095760956a,https://sketchfab.com/3d-models/5b1b9d2af34b498e99d4c5095760956a,glbs/000-011/5b1b9d2af34b498e99d4c5095760956a.glb,000-011,4ccfefd99e8348263643fa9ccbd9cc228b1bdcf4ee94b4ed7a9005d07ec7aea9,reserve
683,d9e7be3a80344eccb121cb6966986479,by,by,Railway Station,Messerhawke,Messerhawke,https://api.sketchfab.com/v3/models/d9e7be3a80344eccb121cb6966986479,https://sketchfab.com/3d-models/d9e7be3a80344eccb121cb6966986479,glbs/000-010/d9e7be3a80344eccb121cb6966986479.glb,000-010,84eabbb408ce0a09902183bdce9f79435700f2f6679506b79846aadcd9a32552,reserve
684,3ccea297db744ba4aee10ef3f5289bf2,by,by,Boeing Stearman PT.17,helijah,helijah,https://api.sketchfab.com/v3/models/3ccea297db744ba4aee10ef3f5289bf2,https://sketchfab.com/3d-models/3ccea297db744ba4aee10ef3f5289bf2,glbs/000-047/3ccea297db744ba4aee10ef3f5289bf2.glb,000-047,7ab21f43ad948724d396ea763472407e421876e53fca5439b8463c8bc3497740,reserve
685,bcd5dee78eab4db1a411cca288773419,by,by,Toy Freddy V2,dakareereed,dakareereed,https://api.sketchfab.com/v3/models/bcd5dee78eab4db1a411cca288773419,https://sketchfab.com/3d-models/bcd5dee78eab4db1a411cca288773419,glbs/000-109/bcd5dee78eab4db1a411cca288773419.glb,000-109,a52701c271a307fdd3899177f25322229bff6cf2f1281a1d4f35b875385bf7e3,reserve
686,098e689bb69d4c9db20799497105c831,by,by,JAQUE CASA 3D,PONTOMAR,PONTOMAR,https://api.sketchfab.com/v3/models/098e689bb69d4c9db20799497105c831,https://sketchfab.com/3d-models/098e689bb69d4c9db20799497105c831,glbs/000-150/098e689bb69d4c9db20799497105c831.glb,000-150,e586b545bcf481a0a605d5e756dab492e223beb3465bb59248dd48153f9526d6,reserve
687,3ec3e91e70ac4ff0a6e3a8930be4b4ee,by,by,ESTRUTURA MARIA HELENA,ZENIT ENGENHARIA,zenitengenharia,https://api.sketchfab.com/v3/models/3ec3e91e70ac4ff0a6e3a8930be4b4ee,https://sketchfab.com/3d-models/3ec3e91e70ac4ff0a6e3a8930be4b4ee,glbs/000-086/3ec3e91e70ac4ff0a6e3a8930be4b4ee.glb,000-086,af7aedf1738e7415dd4cc130ca6a8a3efca2490616831dc37abe626dee2a4e73,reserve
688,40233ca448df47a2bce444452ded6141,by,by,Vase,cleisonrodrigues,cleisonctga,https://api.sketchfab.com/v3/models/40233ca448df47a2bce444452ded6141,https://sketchfab.com/3d-models/40233ca448df47a2bce444452ded6141,glbs/000-046/40233ca448df47a2bce444452ded6141.glb,000-046,c63cd7da5eb59030df74691dfdd3cdc022e0481b02be32e3de3962a874fbd467,reserve
689,f505c92bc9794d9c8162cbef27d29961,by,by,Lark v2.0,james525,james525,https://api.sketchfab.com/v3/models/f505c92bc9794d9c8162cbef27d29961,https://sketchfab.com/3d-models/f505c92bc9794d9c8162cbef27d29961,glbs/000-066/f505c92bc9794d9c8162cbef27d29961.glb,000-066,988048a4beb272ce89ce7679776afd561f45e3f6add45f459eee9f1108c8de78,reserve
690,8b9502c5fbbb4bdaab86c661aa01b072,by,by,Modelo: Lote 308,spectralgeo,spectralgeo,https://api.sketchfab.com/v3/models/8b9502c5fbbb4bdaab86c661aa01b072,https://sketchfab.com/3d-models/8b9502c5fbbb4bdaab86c661aa01b072,glbs/000-047/8b9502c5fbbb4bdaab86c661aa01b072.glb,000-047,7ab21f43ad948724d396ea763472407e421876e53fca5439b8463c8bc3497740,reserve
691,0a6d5823e5904cef85ad37b0d6bb1a6a,by,by,Gt8py60aqkg0- Steam Locomotive,alexcacereschapelle,alexcacereschapelle,https://api.sketchfab.com/v3/models/0a6d5823e5904cef85ad37b0d6bb1a6a,https://sketchfab.com/3d-models/0a6d5823e5904cef85ad37b0d6bb1a6a,glbs/000-136/0a6d5823e5904cef85ad37b0d6bb1a6a.glb,000-136,3d1d0d0a9cd4db3ec97186011f55c990d9167de0b50d8212dbfc09bbcf4408a3,reserve
692,48bf5f8b56154a6289685911bb80fb20,by,by,2DAE10_Kuppens_Cedric_stanley_utility_knife,Kuppens_Cedric_DAE,Kuppens_Cedric_DAE,https://api.sketchfab.com/v3/models/48bf5f8b56154a6289685911bb80fb20,https://sketchfab.com/3d-models/48bf5f8b56154a6289685911bb80fb20,glbs/000-039/48bf5f8b56154a6289685911bb80fb20.glb,000-039,48fba0bb67d790c900dceab75cd29437427b45a9febd51a1f2611a1e5b5f2fbd,reserve
693,fe0f5d0667424e9eb3eb80333c891ed7,by,by,lolbit-fnaf,fnaflova,fnaflova,https://api.sketchfab.com/v3/models/fe0f5d0667424e9eb3eb80333c891ed7,https://sketchfab.com/3d-models/fe0f5d0667424e9eb3eb80333c891ed7,glbs/000-003/fe0f5d0667424e9eb3eb80333c891ed7.glb,000-003,a81c8aea7da13ffb156cfe2bea5d3b24f6c71454b1aa0f10c14e439978f91a4e,reserve
694,0fb18719eec14169b884f768a85d5a43,by,by,Oskar Mitrosz,Stolmark,stolmark,https://api.sketchfab.com/v3/models/0fb18719eec14169b884f768a85d5a43,https://sketchfab.com/3d-models/0fb18719eec14169b884f768a85d5a43,glbs/000-125/0fb18719eec14169b884f768a85d5a43.glb,000-125,27cabc2fdde84b891259916235b2f5e7540afef17b60bbb0f3488e0cd10636fe,reserve
695,028f5c7e642746b495d64eb8b632d3d3,by,by,CN211467,MARTINICE GROUP,pesek_martinice,https://api.sketchfab.com/v3/models/028f5c7e642746b495d64eb8b632d3d3,https://sketchfab.com/3d-models/028f5c7e642746b495d64eb8b632d3d3,glbs/000-143/028f5c7e642746b495d64eb8b632d3d3.glb,000-143,3e3848e8a3b66fcdf5e1497585779fd750db3559012064476211102539ca6faf,reserve
696,fff7d7ee77e4437e88524e4401d40383,by,by,simple event fest,longk,longk,https://api.sketchfab.com/v3/models/fff7d7ee77e4437e88524e4401d40383,https://sketchfab.com/3d-models/fff7d7ee77e4437e88524e4401d40383,glbs/000-048/fff7d7ee77e4437e88524e4401d40383.glb,000-048,bc4a69cdf663aca28fcbec6747aa58576d1ee8891525e31df343d741a9b6667c,reserve
697,a42de84dc2e34d19a8447065cc8d1afa,by,by,14730,Automic Works,automicworks,https://api.sketchfab.com/v3/models/a42de84dc2e34d19a8447065cc8d1afa,https://sketchfab.com/3d-models/a42de84dc2e34d19a8447065cc8d1afa,glbs/000-062/a42de84dc2e34d19a8447065cc8d1afa.glb,000-062,40d1efb36b59a414550f906a4f714b6f9cca0f43f653658c6455507fe6fd1c6f,reserve
698,066b379bded7467ba552f44fa879992f,by,by,20.007 (Sven) T��stuse 20A,Andris Sild - Andu Trepp,andrissild,https://api.sketchfab.com/v3/models/066b379bded7467ba552f44fa879992f,https://sketchfab.com/3d-models/066b379bded7467ba552f44fa879992f,glbs/000-150/066b379bded7467ba552f44fa879992f.glb,000-150,e586b545bcf481a0a605d5e756dab492e223beb3465bb59248dd48153f9526d6,reserve
699,c50a8a31a45445d7aa573f654590b80b,by,by,Cabeça,Matty Diss,ariel3models,https://api.sketchfab.com/v3/models/c50a8a31a45445d7aa573f654590b80b,https://sketchfab.com/3d-models/c50a8a31a45445d7aa573f654590b80b,glbs/000-149/c50a8a31a45445d7aa573f654590b80b.glb,000-149,8f5cd4952ecd5141539addd92b1d3c4332498ebff38a3a03e31b989f958efdd7,reserve
700,da8256300f7e466dae8287301580f8e3,by,by,Modelagem Estrutural 3D- Jeep Cuiaba,Aleixo e Gimenes - Gestão de Projetos,JonasGimenes,https://api.sketchfab.com/v3/models/da8256300f7e466dae8287301580f8e3,https://sketchfab.com/3d-models/da8256300f7e466dae8287301580f8e3,glbs/000-071/da8256300f7e466dae8287301580f8e3.glb,000-071,029b96a7e3b7805ffc8011ebf22eb165ac5e530540e486565641eac50521de3b,reserve
701,d95b645244654af7b814474104aded9b,by,by,female head template,Virtua Con,virtuaCon,https://api.sketchfab.com/v3/models/d95b645244654af7b814474104aded9b,https://sketchfab.com/3d-models/d95b645244654af7b814474104aded9b,glbs/000-043/d95b645244654af7b814474104aded9b.glb,000-043,752b681222db8fc4e8f8fc9d12c99bcfe776f87a7cca2d893a2513a53181f20c,reserve
702,c2f5315f46c54c48a1eabf0599214e42,by,by,Floor Corner With Door03,petrisdev,petrisdev,https://api.sketchfab.com/v3/models/c2f5315f46c54c48a1eabf0599214e42,https://sketchfab.com/3d-models/c2f5315f46c54c48a1eabf0599214e42,glbs/000-037/c2f5315f46c54c48a1eabf0599214e42.glb,000-037,de26eb6c7cc63d924baf9bd54f7a569a927ddaf7a3222d81eecde1b6e78e50df,reserve
703,abdb04a93b5b42389ce06c5026b40815,by,by,RIng from Poly by Google,IronEqual,ie-niels,https://api.sketchfab.com/v3/models/abdb04a93b5b42389ce06c5026b40815,https://sketchfab.com/3d-models/abdb04a93b5b42389ce06c5026b40815,glbs/000-050/abdb04a93b5b42389ce06c5026b40815.glb,000-050,9193d6c7739deb10e332f3e9d97f8b1357d604f65b0c450a2642304622f6594d,reserve
704,d6f329de90d64d9eb59967e66afbb6b6,by,by,P10,gryzhng,a1steak,https://api.sketchfab.com/v3/models/d6f329de90d64d9eb59967e66afbb6b6,https://sketchfab.com/3d-models/d6f329de90d64d9eb59967e66afbb6b6,glbs/000-061/d6f329de90d64d9eb59967e66afbb6b6.glb,000-061,513a702b8cb40fc10c2cd2edcd33d3a111a52eb4bc9d4a0008ec8d26b87eaaa1,reserve
705,a1bc62c071094f209b88af7d65eeb290,by,by,Карниз гладкий КТ-1 40Hx20mm,Dikart,dikart,https://api.sketchfab.com/v3/models/a1bc62c071094f209b88af7d65eeb290,https://sketchfab.com/3d-models/a1bc62c071094f209b88af7d65eeb290,glbs/000-066/a1bc62c071094f209b88af7d65eeb290.glb,000-066,988048a4beb272ce89ce7679776afd561f45e3f6add45f459eee9f1108c8de78,reserve
706,385bdbcf351f4cfb853576ceb06c4481,by,by,Kochan01,GADGET,SoldierofFrog,https://api.sketchfab.com/v3/models/385bdbcf351f4cfb853576ceb06c4481,https://sketchfab.com/3d-models/385bdbcf351f4cfb853576ceb06c4481,glbs/000-114/385bdbcf351f4cfb853576ceb06c4481.glb,000-114,e05e741fa08183db9b8b69b28d0839dfd477f0b084cee78d6a3f9137c3dbacea,reserve
707,1489bf4dcebe4e7b8000a5d9de1362ef,by,by,red beacon emergency light,azain47,azain47,https://api.sketchfab.com/v3/models/1489bf4dcebe4e7b8000a5d9de1362ef,https://sketchfab.com/3d-models/1489bf4dcebe4e7b8000a5d9de1362ef,glbs/000-068/1489bf4dcebe4e7b8000a5d9de1362ef.glb,000-068,fe5e7cf15ed59993c4aa673c2e49b98b0d229048253c0597794b41281354ce77,reserve
708,6eadc8d50f3b4cba94f6e27d92a2b02e,by,by,A21166A,Technistrut,Janstes,https://api.sketchfab.com/v3/models/6eadc8d50f3b4cba94f6e27d92a2b02e,https://sketchfab.com/3d-models/6eadc8d50f3b4cba94f6e27d92a2b02e,glbs/000-015/6eadc8d50f3b4cba94f6e27d92a2b02e.glb,000-015,60ff99f4196cb0d1346f427479f23c5264893e81674fae1f15231f8e50d449ac,reserve
709,7dfd501ebb88478ea8bc12f47e8eebdb,by,by,Zenith SuperSport (3DF Zephyr),snacksthecat,snacksthecat,https://api.sketchfab.com/v3/models/7dfd501ebb88478ea8bc12f47e8eebdb,https://sketchfab.com/3d-models/7dfd501ebb88478ea8bc12f47e8eebdb,glbs/000-153/7dfd501ebb88478ea8bc12f47e8eebdb.glb,000-153,6e3a49a5b798383b76a1e5afada18c3d2253e64c809ccd19b6c05bae327e0ad9,reserve
710,55b36ec96be346848c64cfffdcafeeb8,by,by,Garford Etienne Faucher,EtienneF,EtienneF,https://api.sketchfab.com/v3/models/55b36ec96be346848c64cfffdcafeeb8,https://sketchfab.com/3d-models/55b36ec96be346848c64cfffdcafeeb8,glbs/000-069/55b36ec96be346848c64cfffdcafeeb8.glb,000-069,c2934f17e53537c26e37e7d1ce20895ab404b350fa7deb1c55dc72f671c43a3a,reserve
711,eabd92ca594a4e31bc8e9085d9d5eef6,by,by,Castillo de Villagarcía_FASE II,pako.vll,pako.vll,https://api.sketchfab.com/v3/models/eabd92ca594a4e31bc8e9085d9d5eef6,https://sketchfab.com/3d-models/eabd92ca594a4e31bc8e9085d9d5eef6,glbs/000-014/eabd92ca594a4e31bc8e9085d9d5eef6.glb,000-014,5ea360089dd712ded220ca941043617b5d568d422e30c94bcb32c55172f12744,reserve
712,a0c84f5bd2b04427bb06cf4d9e96a507,by,by,Skulung,Octotron2000,Octotron2000,https://api.sketchfab.com/v3/models/a0c84f5bd2b04427bb06cf4d9e96a507,https://sketchfab.com/3d-models/a0c84f5bd2b04427bb06cf4d9e96a507,glbs/000-032/a0c84f5bd2b04427bb06cf4d9e96a507.glb,000-032,4d82335a9adb53075ada1fd2d3ace30a83785cbab18e0cd4f0158112d0d67f44,reserve
713,9512b35f052f4973be5c8df4d20304c8,by,by,Test Squadron Logo,Gearen,gearen,https://api.sketchfab.com/v3/models/9512b35f052f4973be5c8df4d20304c8,https://sketchfab.com/3d-models/9512b35f052f4973be5c8df4d20304c8,glbs/000-027/9512b35f052f4973be5c8df4d20304c8.glb,000-027,725ac07b8156ba07fa814ae954e7dfbf30e8a19bdf77ae34ffb4a759c42f0023,reserve
714,ccde95d70d814f82acd3bf7989ec2c38,by,by,animation test3,lawrencetrigg1989,lawrencetrigg1989,https://api.sketchfab.com/v3/models/ccde95d70d814f82acd3bf7989ec2c38,https://sketchfab.com/3d-models/ccde95d70d814f82acd3bf7989ec2c38,glbs/000-157/ccde95d70d814f82acd3bf7989ec2c38.glb,000-157,3de40df8e0ff60006efc36a86597723d3a46267bf510b5dcb9814cbee2c49964,reserve
715,f76a62bc65114592af01f151309f8a6e,by,by,Corner sofa,Algur,Algur,https://api.sketchfab.com/v3/models/f76a62bc65114592af01f151309f8a6e,https://sketchfab.com/3d-models/f76a62bc65114592af01f151309f8a6e,glbs/000-094/f76a62bc65114592af01f151309f8a6e.glb,000-094,e447ffdf5355385703fd0d730c607f4debd12ad8ffc19911441aa56c0c5ed2ef,reserve
716,864127151aa64b4987472a2c611b9598,by,by,0318,fzhang,fzhang,https://api.sketchfab.com/v3/models/864127151aa64b4987472a2c611b9598,https://sketchfab.com/3d-models/864127151aa64b4987472a2c611b9598,glbs/000-026/864127151aa64b4987472a2c611b9598.glb,000-026,fe156a2eed7c14eaf06d6af3c8bd0a8e869aa66fa10728fa986c499d80611527,reserve
717,8c64737de4304c00a2459ac5cd5e5a6a,by,by,Thranio Pc,watercat,watercat,https://api.sketchfab.com/v3/models/8c64737de4304c00a2459ac5cd5e5a6a,https://sketchfab.com/3d-models/8c64737de4304c00a2459ac5cd5e5a6a,glbs/000-125/8c64737de4304c00a2459ac5cd5e5a6a.glb,000-125,27cabc2fdde84b891259916235b2f5e7540afef17b60bbb0f3488e0cd10636fe,reserve
718,30d024cc288c4c0f8c603c551b570aad,by,by,22x40,Suéllen Buzzacaro,suellenbuzzacaro,https://api.sketchfab.com/v3/models/30d024cc288c4c0f8c603c551b570aad,https://sketchfab.com/3d-models/30d024cc288c4c0f8c603c551b570aad,glbs/000-155/30d024cc288c4c0f8c603c551b570aad.glb,000-155,5daa36c171be86be9d8ea631d3196e165c3d35404402d1cc5c7e1f277627791f,reserve
719,3c18eab53bbf48dea568d34736500031,by,by,Yimianti One,sailzzzz,sailzzzz,https://api.sketchfab.com/v3/models/3c18eab53bbf48dea568d34736500031,https://sketchfab.com/3d-models/3c18eab53bbf48dea568d34736500031,glbs/000-097/3c18eab53bbf48dea568d34736500031.glb,000-097,f962516e9bf6ce467328c238087b4767092f5d30763bfe5309ee3d32df9b24dd,reserve
720,12eac6888a7b4474821be3f7b0265e4f,by,by,UEF - SIRIUS,johnwhile,johnwhile,https://api.sketchfab.com/v3/models/12eac6888a7b4474821be3f7b0265e4f,https://sketchfab.com/3d-models/12eac6888a7b4474821be3f7b0265e4f,glbs/000-025/12eac6888a7b4474821be3f7b0265e4f.glb,000-025,b5c0cbefa5a9e7376d87cf2ec830940e5ec589a803a0509b5c94fa0e4f5df729,reserve
721,ef5cc394d1974aa9bd841b9528fbfa00,by,by,Dumbbell,MKayWilli,MKayWilli,https://api.sketchfab.com/v3/models/ef5cc394d1974aa9bd841b9528fbfa00,https://sketchfab.com/3d-models/ef5cc394d1974aa9bd841b9528fbfa00,glbs/000-126/ef5cc394d1974aa9bd841b9528fbfa00.glb,000-126,f635041d28886470816033610b75d09424e4e9dd5b316ce7ce01da10f8f0b42b,reserve
722,58ffea195bdf4120a4d6c43547b3c786,by,by,test,LuigifanUltra64,LuigifanUltra64,https://api.sketchfab.com/v3/models/58ffea195bdf4120a4d6c43547b3c786,https://sketchfab.com/3d-models/58ffea195bdf4120a4d6c43547b3c786,glbs/000-123/58ffea195bdf4120a4d6c43547b3c786.glb,000-123,4c6e6af804d650d8205eb02633496eb5b2eb95f32ef92d4fff6b42ff5939d06e,reserve
723,09690aa48d9e481c909655853898d962,by,by,Cachimba,leonardovergara,leonardovergara,https://api.sketchfab.com/v3/models/09690aa48d9e481c909655853898d962,https://sketchfab.com/3d-models/09690aa48d9e481c909655853898d962,glbs/000-071/09690aa48d9e481c909655853898d962.glb,000-071,029b96a7e3b7805ffc8011ebf22eb165ac5e530540e486565641eac50521de3b,reserve
724,47d1b7d90ae34182991a67de81c00971,by,by,TD 3 - Travertin,yannhautevelle,yannhautevelle,https://api.sketchfab.com/v3/models/47d1b7d90ae34182991a67de81c00971,https://sketchfab.com/3d-models/47d1b7d90ae34182991a67de81c00971,glbs/000-077/47d1b7d90ae34182991a67de81c00971.glb,000-077,ab70b1fa4d00ee7c9ccadf20b686f646e9b67a048d44ea792ad602880ff3a64c,reserve
725,58091d56c14046e58674fd087817ae79,by,by,CE1001L Kaila Ganzon Fall 2019,kdganzon,kdganzon,https://api.sketchfab.com/v3/models/58091d56c14046e58674fd087817ae79,https://sketchfab.com/3d-models/58091d56c14046e58674fd087817ae79,glbs/000-116/58091d56c14046e58674fd087817ae79.glb,000-116,a52414161230a7c921a3f6a318151469d76cf0b9ee20658d70a0c7ede1cb3557,reserve
726,15c0472183764781b6c40ee82b66e0f0,by,by,House,nasik05,nasik05,https://api.sketchfab.com/v3/models/15c0472183764781b6c40ee82b66e0f0,https://sketchfab.com/3d-models/15c0472183764781b6c40ee82b66e0f0,glbs/000-066/15c0472183764781b6c40ee82b66e0f0.glb,000-066,988048a4beb272ce89ce7679776afd561f45e3f6add45f459eee9f1108c8de78,reserve
727,a9f8556391e9407e9fc28ad90f3bbe64,by,by,Beeleigh Lock,Current,current2020,https://api.sketchfab.com/v3/models/a9f8556391e9407e9fc28ad90f3bbe64,https://sketchfab.com/3d-models/a9f8556391e9407e9fc28ad90f3bbe64,glbs/000-081/a9f8556391e9407e9fc28ad90f3bbe64.glb,000-081,204677ec2b9b8600e77caacd4452e6286e19d03c04d18b2e85e207201d7e1662,reserve
728,00340afca4754ce0b531dbdcce599f97,by,by,11,mmousavi,mmousavi,https://api.sketchfab.com/v3/models/00340afca4754ce0b531dbdcce599f97,https://sketchfab.com/3d-models/00340afca4754ce0b531dbdcce599f97,glbs/000-022/00340afca4754ce0b531dbdcce599f97.glb,000-022,7f427265050b1644d9a83ead7fa7eb303c9fc5cd818b03bbb53e5d5967d5e0ff,reserve
729,a9182734cecf4c229c0b7915ad24125f,by,by,Totoro,AngelAguilar,AngelAguilar,https://api.sketchfab.com/v3/models/a9182734cecf4c229c0b7915ad24125f,https://sketchfab.com/3d-models/a9182734cecf4c229c0b7915ad24125f,glbs/000-152/a9182734cecf4c229c0b7915ad24125f.glb,000-152,0ed0a12440febb7076afd92a148e8b977a63ec2937de4210ab7f389747ace75d,reserve
730,b936f81ecc3f425ab89243cf19c9bd83,by,by,Small Tumidocarcinus giganteus fossil crab,mamlambo,mamlambofossils,https://api.sketchfab.com/v3/models/b936f81ecc3f425ab89243cf19c9bd83,https://sketchfab.com/3d-models/b936f81ecc3f425ab89243cf19c9bd83,glbs/000-068/b936f81ecc3f425ab89243cf19c9bd83.glb,000-068,fe5e7cf15ed59993c4aa673c2e49b98b0d229048253c0597794b41281354ce77,reserve
731,6de751f939ed45bf89da21147d5bd1d0,by,by,Dietfurt Beige Bush Hammered,Hardscape,hardscape,https://api.sketchfab.com/v3/models/6de751f939ed45bf89da21147d5bd1d0,https://sketchfab.com/3d-models/6de751f939ed45bf89da21147d5bd1d0,glbs/000-029/6de751f939ed45bf89da21147d5bd1d0.glb,000-029,c64b5971a3d46e4436280d41abe19bbb6d9acf8cdd893f99fcb0b0a1572edc88,reserve
732,296a053b72944d5780ea58bb3780064d,by,by,Cauldron Asset,WaajaaH,WaajaaH,https://api.sketchfab.com/v3/models/296a053b72944d5780ea58bb3780064d,https://sketchfab.com/3d-models/296a053b72944d5780ea58bb3780064d,glbs/000-071/296a053b72944d5780ea58bb3780064d.glb,000-071,029b96a7e3b7805ffc8011ebf22eb165ac5e530540e486565641eac50521de3b,reserve
733,abb4068a13214b18bd103c7c36934790,by,by,Sentido Numa Bay Hotel (Basic Version),Havadan Harita / Buğrahan Yeni,havadanharita,https://api.sketchfab.com/v3/models/abb4068a13214b18bd103c7c36934790,https://sketchfab.com/3d-models/abb4068a13214b18bd103c7c36934790,glbs/000-016/abb4068a13214b18bd103c7c36934790.glb,000-016,a40e37f4c521f96bf29b0c8a2b5e181a71621c6833aec23da68c2bace6790d14,reserve
734,066b9400a40c4dd0be4d5dd22573dd29,by,by,3 SELLES,soyfernandav,soyfernandav,https://api.sketchfab.com/v3/models/066b9400a40c4dd0be4d5dd22573dd29,https://sketchfab.com/3d-models/066b9400a40c4dd0be4d5dd22573dd29,glbs/000-114/066b9400a40c4dd0be4d5dd22573dd29.glb,000-114,e05e741fa08183db9b8b69b28d0839dfd477f0b084cee78d6a3f9137c3dbacea,reserve
735,c002cbdd9933432fa18189d81a34c3cd,by-sa,by-sa,Renault scenic 411,1-3D.com,1-3D.com,https://api.sketchfab.com/v3/models/c002cbdd9933432fa18189d81a34c3cd,https://sketchfab.com/3d-models/c002cbdd9933432fa18189d81a34c3cd,glbs/000-103/c002cbdd9933432fa18189d81a34c3cd.glb,000-103,66f5da91408cf2e854995110dc2e3014e8387c805f0070c683ebb964143447c2,reserve
736,d8a54a093c7f4faa864c280583f0f3c2,by,by,Bb ki vines: Maa,CG Base,CGBase,https://api.sketchfab.com/v3/models/d8a54a093c7f4faa864c280583f0f3c2,https://sketchfab.com/3d-models/d8a54a093c7f4faa864c280583f0f3c2,glbs/000-137/d8a54a093c7f4faa864c280583f0f3c2.glb,000-137,fbebd3d2a2e196b0af14c9a39987672939f7cffadf66cd237612b1b9f93fb5a5,reserve
737,397677d8fa22479cbf042ce6bebbd3ad,by,by,PI05,TBVVietnam,TBVVietnam,https://api.sketchfab.com/v3/models/397677d8fa22479cbf042ce6bebbd3ad,https://sketchfab.com/3d-models/397677d8fa22479cbf042ce6bebbd3ad,glbs/000-030/397677d8fa22479cbf042ce6bebbd3ad.glb,000-030,e8f422180c32e35e70f0ec8bb069da6629e056cebad3d913d903929feeb62c12,reserve
738,6f0399d34716499eb91f462754086073,by,by,EYE Final,fjacostag,fjacostag,https://api.sketchfab.com/v3/models/6f0399d34716499eb91f462754086073,https://sketchfab.com/3d-models/6f0399d34716499eb91f462754086073,glbs/000-034/6f0399d34716499eb91f462754086073.glb,000-034,1abf2f65357b72efe7f8c5430d54dfea572a60a73773d7ce3a3d6b8b26c04b33,reserve
739,c40ff228a0954310b38a5c806d5fbd40,by,by,Plague Infectee,Joe Dupras,TarotFlame,https://api.sketchfab.com/v3/models/c40ff228a0954310b38a5c806d5fbd40,https://sketchfab.com/3d-models/c40ff228a0954310b38a5c806d5fbd40,glbs/000-018/c40ff228a0954310b38a5c806d5fbd40.glb,000-018,0339a843a0093663249e8c026c9f565bfdfde895cc7e6e1d337ce7865130b04e,reserve
740,8809b03994c0451e9b8065928ed390c0,by,by,Rose Builders Preliminary Design,First Step Designs Ltd,firststepdesigns,https://api.sketchfab.com/v3/models/8809b03994c0451e9b8065928ed390c0,https://sketchfab.com/3d-models/8809b03994c0451e9b8065928ed390c0,glbs/000-071/8809b03994c0451e9b8065928ed390c0.glb,000-071,029b96a7e3b7805ffc8011ebf22eb165ac5e530540e486565641eac50521de3b,reserve
741,5e600d48092b46f3bd61b0351d022534,by,by,test-cylinder,sebastian-wmse,sebastian-wmse,https://api.sketchfab.com/v3/models/5e600d48092b46f3bd61b0351d022534,https://sketchfab.com/3d-models/5e600d48092b46f3bd61b0351d022534,glbs/000-085/5e600d48092b46f3bd61b0351d022534.glb,000-085,e56ddb789cf281dfa213b8a5067bd5e39ca6395a074bf0f1bcb46b6cd72098e9,reserve
742,745f2cda2d6d42608d2c29fa32039fb0,by,by,10-16-19 Tilly Chest Plate Back Left,hstolees2,hstolees2,https://api.sketchfab.com/v3/models/745f2cda2d6d42608d2c29fa32039fb0,https://sketchfab.com/3d-models/745f2cda2d6d42608d2c29fa32039fb0,glbs/000-012/745f2cda2d6d42608d2c29fa32039fb0.glb,000-012,f9ce7f0ce767c30fbf8d1c0e3a5542d520587ca97b4328db0347cc43f1d4681a,reserve
743,dfe644c2bead4e0f943f2200764eb1b5,by,by,My friend's shared room,Muromachi,Muromachi,https://api.sketchfab.com/v3/models/dfe644c2bead4e0f943f2200764eb1b5,https://sketchfab.com/3d-models/dfe644c2bead4e0f943f2200764eb1b5,glbs/000-104/dfe644c2bead4e0f943f2200764eb1b5.glb,000-104,c4d1e66e9f7290d606d5c42298cdeb777da84dc2625c91cd3cd5dd985e9b12cf,reserve
744,cefa6caa6b24461eafe5083a0153af74,by,by,IK Walk Animation,wattloga,wattloga,https://api.sketchfab.com/v3/models/cefa6caa6b24461eafe5083a0153af74,https://sketchfab.com/3d-models/cefa6caa6b24461eafe5083a0153af74,glbs/000-060/cefa6caa6b24461eafe5083a0153af74.glb,000-060,12462ac3cb3274e3e6b98ea1ed3cc1f39e0d965a1afbe04ff145963f0e2bc88c,reserve
745,15be8609749048bca55efcd34a2e8228,by,by,Dandelion,BojanBabic,bokadigimon,https://api.sketchfab.com/v3/models/15be8609749048bca55efcd34a2e8228,https://sketchfab.com/3d-models/15be8609749048bca55efcd34a2e8228,glbs/000-058/15be8609749048bca55efcd34a2e8228.glb,000-058,985db2ae647bf34fe8a6c6ff9bb559e11729fbe8b99eb726c14f0990d10164c6,reserve
746,c0346426a01547588764e4a779a7c0bc,by,by,cocoom,L.Oc  3d Printing,arqlpires,https://api.sketchfab.com/v3/models/c0346426a01547588764e4a779a7c0bc,https://sketchfab.com/3d-models/c0346426a01547588764e4a779a7c0bc,glbs/000-120/c0346426a01547588764e4a779a7c0bc.glb,000-120,28c857706bc91bcad0941e8b3fb8077f484354c2e7f3e3be35eaebb922bec494,reserve
747,d47e4bd09df3466a806459a62101024f,by,by,Mushrooms,Nieznvny,Nieznvny,https://api.sketchfab.com/v3/models/d47e4bd09df3466a806459a62101024f,https://sketchfab.com/3d-models/d47e4bd09df3466a806459a62101024f,glbs/000-135/d47e4bd09df3466a806459a62101024f.glb,000-135,4600a2aa558855cfaf6431a70974570f4f3fce1f0b0a524c238d572ef584b27d,reserve
748,6495bb52da454d78b04ce60f785a4557,by,by,Assembly Ring,fasteng,fasteng,https://api.sketchfab.com/v3/models/6495bb52da454d78b04ce60f785a4557,https://sketchfab.com/3d-models/6495bb52da454d78b04ce60f785a4557,glbs/000-088/6495bb52da454d78b04ce60f785a4557.glb,000-088,ba9d9532e774f93e1b4edd5f942bc2e4cc4c20a0f27db2762eda60804d1f85ab,reserve
749,36b8cec90a834e03a2bed6bb27bfe800,by,by,Minecraft Party Glasses By Zavier,it.trackv,it.trackv,https://api.sketchfab.com/v3/models/36b8cec90a834e03a2bed6bb27bfe800,https://sketchfab.com/3d-models/36b8cec90a834e03a2bed6bb27bfe800,glbs/000-074/36b8cec90a834e03a2bed6bb27bfe800.glb,000-074,9b50ef2b7ecb6aa90524f5351e2e258f9be9e3f30796db5ed266a9fccb83712e,reserve
750,44391783e929456f80747ba577ff3be8,by,by,MINGUS WEST,dbesurveying,dbesurveying,https://api.sketchfab.com/v3/models/44391783e929456f80747ba577ff3be8,https://sketchfab.com/3d-models/44391783e929456f80747ba577ff3be8,glbs/000-074/44391783e929456f80747ba577ff3be8.glb,000-074,9b50ef2b7ecb6aa90524f5351e2e258f9be9e3f30796db5ed266a9fccb83712e,reserve
751,ac10833d5cd64164b57ff54e28252447,by,by,"カサゴ ♀ Marble Rockfish, Sebastiscus marmoratus",ffish.asia / floraZia.com,ffishAsia-and-floraZia,https://api.sketchfab.com/v3/models/ac10833d5cd64164b57ff54e28252447,https://sketchfab.com/3d-models/ac10833d5cd64164b57ff54e28252447,glbs/000-122/ac10833d5cd64164b57ff54e28252447.glb,000-122,357a75a2195242ab583a60fc9f94142eceb75417907dc407ba28955199f2ec00,reserve
752,cb3a73fe138d4da6bc2cd0d27629a1c6,by,by,audino's Thriller Part 3,dinomaster,dinomaster,https://api.sketchfab.com/v3/models/cb3a73fe138d4da6bc2cd0d27629a1c6,https://sketchfab.com/3d-models/cb3a73fe138d4da6bc2cd0d27629a1c6,glbs/000-047/cb3a73fe138d4da6bc2cd0d27629a1c6.glb,000-047,7ab21f43ad948724d396ea763472407e421876e53fca5439b8463c8bc3497740,reserve
753,00c1e7d09f0542c4ac0c0408bdb769f7,by,by,T45167,gdichoso,gdichoso,https://api.sketchfab.com/v3/models/00c1e7d09f0542c4ac0c0408bdb769f7,https://sketchfab.com/3d-models/00c1e7d09f0542c4ac0c0408bdb769f7,glbs/000-119/00c1e7d09f0542c4ac0c0408bdb769f7.glb,000-119,3e79c2c191db1e2f84b488d5b0bf78a6346a9e7995b071ba7aaa356ab9801022,reserve
754,2bcabc882e7144dbba5ece66eecc4719,by,by,Bungee Carabiner FDM,3dbrooklyn,3dbrooklyn,https://api.sketchfab.com/v3/models/2bcabc882e7144dbba5ece66eecc4719,https://sketchfab.com/3d-models/2bcabc882e7144dbba5ece66eecc4719,glbs/000-113/2bcabc882e7144dbba5ece66eecc4719.glb,000-113,8ad62ed53003012fc99c1fb7833b29fd9555c6aef3025d21a39d7f0184bf00d2,reserve
755,1a42623f9d6c470999ef1f951516d374,by,by,brudeegget,KaffiLars,KaffiLars,https://api.sketchfab.com/v3/models/1a42623f9d6c470999ef1f951516d374,https://sketchfab.com/3d-models/1a42623f9d6c470999ef1f951516d374,glbs/000-073/1a42623f9d6c470999ef1f951516d374.glb,000-073,a25976005a3a38ddbd6cc00935722efd118af0bb27bb781b8ef41c18da6ac87e,reserve
756,ad1964e9765f409a839d22cb409ef116,by,by,Snowy Mini Cooper,Taylor,thoulihan,https://api.sketchfab.com/v3/models/ad1964e9765f409a839d22cb409ef116,https://sketchfab.com/3d-models/ad1964e9765f409a839d22cb409ef116,glbs/000-130/ad1964e9765f409a839d22cb409ef116.glb,000-130,ea62d573ba065e3ab3b4d78677005552d9199fa1f85902a3ed9597c67da3ab43,reserve
757,a9c96563a298416b9ff577cca971d0ee,by,by,Table Model,avinSAI,avinSAI,https://api.sketchfab.com/v3/models/a9c96563a298416b9ff577cca971d0ee,https://sketchfab.com/3d-models/a9c96563a298416b9ff577cca971d0ee,glbs/000-133/a9c96563a298416b9ff577cca971d0ee.glb,000-133,a8f3a915a07672d6cdc11aeec315a2f7360c7872d2dc850e5e07a5cae753c703,reserve
758,45e5690c8ec843f1a94e8c6c67ecac22,by,by,FireHydrant,Paranoid_Android,Paranoid_Android,https://api.sketchfab.com/v3/models/45e5690c8ec843f1a94e8c6c67ecac22,https://sketchfab.com/3d-models/45e5690c8ec843f1a94e8c6c67ecac22,glbs/000-157/45e5690c8ec843f1a94e8c6c67ecac22.glb,000-157,3de40df8e0ff60006efc36a86597723d3a46267bf510b5dcb9814cbee2c49964,reserve
759,d6e347e135154c0ea9f14b75987b175f,by,by,Project01,Streetlight,windowsmedies,https://api.sketchfab.com/v3/models/d6e347e135154c0ea9f14b75987b175f,https://sketchfab.com/3d-models/d6e347e135154c0ea9f14b75987b175f,glbs/000-018/d6e347e135154c0ea9f14b75987b175f.glb,000-018,0339a843a0093663249e8c026c9f565bfdfde895cc7e6e1d337ce7865130b04e,reserve
760,76c11a5e35b942c7ab707aa84c5cacc7,by,by,Pillow,Paul Subert,3dil15.subert,https://api.sketchfab.com/v3/models/76c11a5e35b942c7ab707aa84c5cacc7,https://sketchfab.com/3d-models/76c11a5e35b942c7ab707aa84c5cacc7,glbs/000-039/76c11a5e35b942c7ab707aa84c5cacc7.glb,000-039,48fba0bb67d790c900dceab75cd29437427b45a9febd51a1f2611a1e5b5f2fbd,reserve
761,49f6cd5bf41c4729a868f9ace623f95b,by,by,Tire diorama,alban,alban,https://api.sketchfab.com/v3/models/49f6cd5bf41c4729a868f9ace623f95b,https://sketchfab.com/3d-models/49f6cd5bf41c4729a868f9ace623f95b,glbs/000-138/49f6cd5bf41c4729a868f9ace623f95b.glb,000-138,99da98c27d4648bb75563726760189506cd9b59cc4bc42b9b1dfde9abd7eea00,reserve
762,8240e341234b49b2ad0801b17bfac9e9,by,by,ESTRUTURAL HENRIQUE SALES,r3engenhariafoz,r3engenhariafoz,https://api.sketchfab.com/v3/models/8240e341234b49b2ad0801b17bfac9e9,https://sketchfab.com/3d-models/8240e341234b49b2ad0801b17bfac9e9,glbs/000-077/8240e341234b49b2ad0801b17bfac9e9.glb,000-077,ab70b1fa4d00ee7c9ccadf20b686f646e9b67a048d44ea792ad602880ff3a64c,reserve
763,d2cac2d48c97483dbbe381f247768cd4,by,by,Socket for plug from Poly by Google,IronEqual,ie-niels,https://api.sketchfab.com/v3/models/d2cac2d48c97483dbbe381f247768cd4,https://sketchfab.com/3d-models/d2cac2d48c97483dbbe381f247768cd4,glbs/000-065/d2cac2d48c97483dbbe381f247768cd4.glb,000-065,625bcfcbd08d80db0efade77928d9ea1d08763e44e37fcd5adef9a7ddeed2713,reserve
764,3ee3f7024ddb422fb2405b9adb09f205,by,by,Plant Incubator 2,Anastasiya Kleban,iguanodon001,https://api.sketchfab.com/v3/models/3ee3f7024ddb422fb2405b9adb09f205,https://sketchfab.com/3d-models/3ee3f7024ddb422fb2405b9adb09f205,glbs/000-020/3ee3f7024ddb422fb2405b9adb09f205.glb,000-020,34f6af294984c84a204f02083d013c431e35ea57e5cca31acc81336f80c7f06d,reserve
765,17d072ddbae64595ac912fdd0ac995fe,by,by,chris-373-densify-train,Chris Heinrich,chrispheinrich,https://api.sketchfab.com/v3/models/17d072ddbae64595ac912fdd0ac995fe,https://sketchfab.com/3d-models/17d072ddbae64595ac912fdd0ac995fe,glbs/000-135/17d072ddbae64595ac912fdd0ac995fe.glb,000-135,4600a2aa558855cfaf6431a70974570f4f3fce1f0b0a524c238d572ef584b27d,reserve
766,fcfd3137648447c488af45aa8aed42b7,by,by,Medical Bottles,Christian-Gomez,Christian-Gomez,https://api.sketchfab.com/v3/models/fcfd3137648447c488af45aa8aed42b7,https://sketchfab.com/3d-models/fcfd3137648447c488af45aa8aed42b7,glbs/000-036/fcfd3137648447c488af45aa8aed42b7.glb,000-036,ac3e2c099e7f645606cfd97a99c589cf36eccaa54037cf822d86559ed7ab0957,reserve
767,4c8ca87a28d745cda99995bf2ea69708,by,by,HELENA BEADS ACCESSORIES (EMP (SWK) HELEN 23),eeelabvisual,eeelabvisual,https://api.sketchfab.com/v3/models/4c8ca87a28d745cda99995bf2ea69708,https://sketchfab.com/3d-models/4c8ca87a28d745cda99995bf2ea69708,glbs/000-105/4c8ca87a28d745cda99995bf2ea69708.glb,000-105,91f27e84e6b108e824acec764304f4e2fd04c84a88b5dbe84d2c44549038b181,reserve
768,f256cfd059844b6aba2d1f348623b4d1,by,by,Jardim Baldiotti,paulofcruz,paulofcruz,https://api.sketchfab.com/v3/models/f256cfd059844b6aba2d1f348623b4d1,https://sketchfab.com/3d-models/f256cfd059844b6aba2d1f348623b4d1,glbs/000-132/f256cfd059844b6aba2d1f348623b4d1.glb,000-132,688aceaebedf57e9bb98c960981333ea4069fe97c3e6083005ffcc72ec4eb98f,reserve
769,76933a82181f42989e46671d12bb7878,by,by,Barbie Design Chair v0,KIRAKIRA,kirakira,https://api.sketchfab.com/v3/models/76933a82181f42989e46671d12bb7878,https://sketchfab.com/3d-models/76933a82181f42989e46671d12bb7878,glbs/000-119/76933a82181f42989e46671d12bb7878.glb,000-119,3e79c2c191db1e2f84b488d5b0bf78a6346a9e7995b071ba7aaa356ab9801022,reserve
770,2b131677c5804d1bac4d77318be8ae21,by-sa,by-sa,Hall,Joseph.Usef,Joseph.Usef,https://api.sketchfab.com/v3/models/2b131677c5804d1bac4d77318be8ae21,https://sketchfab.com/3d-models/2b131677c5804d1bac4d77318be8ae21,glbs/000-111/2b131677c5804d1bac4d77318be8ae21.glb,000-111,ff1a44b4a57b41aef99991b15fc92b5184bea783ca4ac871451159ae85fae3d8,reserve
771,7dbcee37f2e64a978245944d3c766466,by,by,Tile from Hrodna Old Castle,Viktoryia_Makouskaya,Viktoryia_Makouskaya,https://api.sketchfab.com/v3/models/7dbcee37f2e64a978245944d3c766466,https://sketchfab.com/3d-models/7dbcee37f2e64a978245944d3c766466,glbs/000-045/7dbcee37f2e64a978245944d3c766466.glb,000-045,ba2ad269d30571356fc8ebcd4fb8c2b3a995c8812a37de3a4f6e23d10478663a,reserve
772,ab30823b72b947bfa9e9bc6731fb95e3,by,by,Lonely bot,Mr Gicu,MrGicu,https://api.sketchfab.com/v3/models/ab30823b72b947bfa9e9bc6731fb95e3,https://sketchfab.com/3d-models/ab30823b72b947bfa9e9bc6731fb95e3,glbs/000-098/ab30823b72b947bfa9e9bc6731fb95e3.glb,000-098,cca4598d482658e56eecf3ca167af7b0568a8818e09dd440cc52b9e9aecdad62,reserve
773,b8ff8d9a92334118bfd21ace177e520e,by,by,Masjid1,anikadevy,anikadevy,https://api.sketchfab.com/v3/models/b8ff8d9a92334118bfd21ace177e520e,https://sketchfab.com/3d-models/b8ff8d9a92334118bfd21ace177e520e,glbs/000-076/b8ff8d9a92334118bfd21ace177e520e.glb,000-076,075a758cea81f522e1d5a1e031a7d8dab0eeefd96889629d8d16d2b1bc97e5cd,reserve
774,7ea3e13b68934148a03d0babfc6b50f1,by,by,Low Poly,svyazist488,svyazist488,https://api.sketchfab.com/v3/models/7ea3e13b68934148a03d0babfc6b50f1,https://sketchfab.com/3d-models/7ea3e13b68934148a03d0babfc6b50f1,glbs/000-075/7ea3e13b68934148a03d0babfc6b50f1.glb,000-075,637cc99362c6bb8162b0354d23504aff5be2e1cb4628078570dc3b5030322e82,reserve
775,545e62b9b35e403ba92f71bb19d8c74a,by,by,Toy Story Forky,Spark,muammar.yacoob,https://api.sketchfab.com/v3/models/545e62b9b35e403ba92f71bb19d8c74a,https://sketchfab.com/3d-models/545e62b9b35e403ba92f71bb19d8c74a,glbs/000-102/545e62b9b35e403ba92f71bb19d8c74a.glb,000-102,3f2bc12864c4c95d56349d319f00c429379760809968008a957cad7cf5942913,reserve
776,84c7ceaa81b84456883b9e3bb6288863,by,by,New 52 Joker Bust,Robertf91,robertf91,https://api.sketchfab.com/v3/models/84c7ceaa81b84456883b9e3bb6288863,https://sketchfab.com/3d-models/84c7ceaa81b84456883b9e3bb6288863,glbs/000-140/84c7ceaa81b84456883b9e3bb6288863.glb,000-140,37cd6ac2c0429b109479c5c5d5807f2c6fde4028d456e4cd3415e02741b4072a,reserve
777,5ebe880b5e6d4caf98c9820455a3c895,by,by,PEB_2020_Hub- Modelo 3D,FCedres,FCedres,https://api.sketchfab.com/v3/models/5ebe880b5e6d4caf98c9820455a3c895,https://sketchfab.com/3d-models/5ebe880b5e6d4caf98c9820455a3c895,glbs/000-002/5ebe880b5e6d4caf98c9820455a3c895.glb,000-002,960454d09f0ba9ea6d46a4016bf5bacb9e2f01713e305718266c019943c38abc,reserve
778,e93f7209713c442390ca9bb959caee3d,by,by,New super lucky tale Lucky Game Model,zionwafajel,zionwafajel,https://api.sketchfab.com/v3/models/e93f7209713c442390ca9bb959caee3d,https://sketchfab.com/3d-models/e93f7209713c442390ca9bb959caee3d,glbs/000-080/e93f7209713c442390ca9bb959caee3d.glb,000-080,b5c81dfa5a360aeac5e330c7754c18607e3b32b96182f7369d60c737245e9152,reserve
779,554522f489384b74986d2c31d65578e7,by,by,Handpainted Forest Diorama,spookysaph,spookysaph,https://api.sketchfab.com/v3/models/554522f489384b74986d2c31d65578e7,https://sketchfab.com/3d-models/554522f489384b74986d2c31d65578e7,glbs/000-144/554522f489384b74986d2c31d65578e7.glb,000-144,c36e0da487e6f533fa0e6155f19d31eea78d7babaacb2bb5a648852506cb9433,reserve
780,ff0bfc10593f4be598817307dc31e0b8,by,by,ifcexample,MiTek,MiTek,https://api.sketchfab.com/v3/models/ff0bfc10593f4be598817307dc31e0b8,https://sketchfab.com/3d-models/ff0bfc10593f4be598817307dc31e0b8,glbs/000-021/ff0bfc10593f4be598817307dc31e0b8.glb,000-021,c10972c26e7ba827cf0e941dec6337342d458f269bf2a65c345d5241388a4ec0,reserve
781,9e1eb652b9524a4c9913aa6f04619a16,by,by,Gasix,maselon,maselon,https://api.sketchfab.com/v3/models/9e1eb652b9524a4c9913aa6f04619a16,https://sketchfab.com/3d-models/9e1eb652b9524a4c9913aa6f04619a16,glbs/000-069/9e1eb652b9524a4c9913aa6f04619a16.glb,000-069,c2934f17e53537c26e37e7d1ce20895ab404b350fa7deb1c55dc72f671c43a3a,reserve
782,d6e2639837ae4a63a0a6390ee022b49d,by,by,Duke Hyou's Shield,Evandro França,hexdrinkerlol1,https://api.sketchfab.com/v3/models/d6e2639837ae4a63a0a6390ee022b49d,https://sketchfab.com/3d-models/d6e2639837ae4a63a0a6390ee022b49d,glbs/000-055/d6e2639837ae4a63a0a6390ee022b49d.glb,000-055,015347bf15350b8017a7a70c091a1907ff2f65d3fe5c4d5b78c16401f4ac5548,reserve
783,5232584132d24bac9c9bdf729f38ba06,by,by,Mutated Plesiosaur,ricksticky,ricksticky,https://api.sketchfab.com/v3/models/5232584132d24bac9c9bdf729f38ba06,https://sketchfab.com/3d-models/5232584132d24bac9c9bdf729f38ba06,glbs/000-091/5232584132d24bac9c9bdf729f38ba06.glb,000-091,b9fb8713b87da27eb7eacd2a705580b5dcef62ff1c5ce4d266cc88cbbceb8576,reserve
784,df6a53e426e74ad3a3d77cff08807edb,by,by,238135A,ForfarRoofTruss,ForfarRoofTruss,https://api.sketchfab.com/v3/models/df6a53e426e74ad3a3d77cff08807edb,https://sketchfab.com/3d-models/df6a53e426e74ad3a3d77cff08807edb,glbs/000-107/df6a53e426e74ad3a3d77cff08807edb.glb,000-107,49c379c54abb98ece075279eaa0676e22a5babfeb774ad0e8db1f09e0f773a86,reserve
785,9aea45b6bdc24c0a94c3827732d78100,by,by,Among Us in 7 seconds,Daniel Cardona,DanielCardonaArt,https://api.sketchfab.com/v3/models/9aea45b6bdc24c0a94c3827732d78100,https://sketchfab.com/3d-models/9aea45b6bdc24c0a94c3827732d78100,glbs/000-046/9aea45b6bdc24c0a94c3827732d78100.glb,000-046,c63cd7da5eb59030df74691dfdd3cdc022e0481b02be32e3de3962a874fbd467,reserve
786,a807d52b5e8d438c9967259dfb091592,by,by,The Other Land (XYZ DZ Bloking),TsunamiLove,TsunamiLove,https://api.sketchfab.com/v3/models/a807d52b5e8d438c9967259dfb091592,https://sketchfab.com/3d-models/a807d52b5e8d438c9967259dfb091592,glbs/000-028/a807d52b5e8d438c9967259dfb091592.glb,000-028,59aa21bab8f5083e9bd163def90442388bc210e3c9487a6b190190f01e134bcc,reserve
787,21eb7bd5eacb4e41b8322692922926ad,by,by,Sanchez0501 Mesh,131673,131673,https://api.sketchfab.com/v3/models/21eb7bd5eacb4e41b8322692922926ad,https://sketchfab.com/3d-models/21eb7bd5eacb4e41b8322692922926ad,glbs/000-049/21eb7bd5eacb4e41b8322692922926ad.glb,000-049,985b026d6d3dd4de616024c5c0b74a67d2647a141e7817b24d3a78d63d715665,reserve
788,299f0e2fde3a40f2818c0b59f88ca22a,by,by,Malla_con_textura_1- Aylen Poma 6to A,Shiraaaa,Shiraaaa,https://api.sketchfab.com/v3/models/299f0e2fde3a40f2818c0b59f88ca22a,https://sketchfab.com/3d-models/299f0e2fde3a40f2818c0b59f88ca22a,glbs/000-096/299f0e2fde3a40f2818c0b59f88ca22a.glb,000-096,3a1558f94d8b3653478065a94bebef63c01168cca91a3c16a95fbca29c9727f1,reserve
789,d594a4392e1544cb896b5cf5e4d6d959,by,by,238065,LEONRALPH72,LEONRALPH72,https://api.sketchfab.com/v3/models/d594a4392e1544cb896b5cf5e4d6d959,https://sketchfab.com/3d-models/d594a4392e1544cb896b5cf5e4d6d959,glbs/000-064/d594a4392e1544cb896b5cf5e4d6d959.glb,000-064,e666ecf77b50b116d3b96149872a8b86fc2d75218d23983a01968ce37395e83d,reserve
790,599c1bdde5a64a90ad033ba33c9a9b51,by,by,Viking,Lauren H. McKenzie,revois,https://api.sketchfab.com/v3/models/599c1bdde5a64a90ad033ba33c9a9b51,https://sketchfab.com/3d-models/599c1bdde5a64a90ad033ba33c9a9b51,glbs/000-036/599c1bdde5a64a90ad033ba33c9a9b51.glb,000-036,ac3e2c099e7f645606cfd97a99c589cf36eccaa54037cf822d86559ed7ab0957,reserve
791,c6338e12b2864441979b482eac8678e1,by,by,New Model,Arturomerino,Arturomerino,https://api.sketchfab.com/v3/models/c6338e12b2864441979b482eac8678e1,https://sketchfab.com/3d-models/c6338e12b2864441979b482eac8678e1,glbs/000-079/c6338e12b2864441979b482eac8678e1.glb,000-079,b9f212d7e834d7c5f9fb08eea32e81c9820896fcabeb85d080926de64fa171d8,reserve
792,8ba508e6cc0e4d88a5460fc28ef67fe9,by,by,Il2,manilov.ap,manilov.ap,https://api.sketchfab.com/v3/models/8ba508e6cc0e4d88a5460fc28ef67fe9,https://sketchfab.com/3d-models/8ba508e6cc0e4d88a5460fc28ef67fe9,glbs/000-109/8ba508e6cc0e4d88a5460fc28ef67fe9.glb,000-109,a52701c271a307fdd3899177f25322229bff6cf2f1281a1d4f35b875385bf7e3,reserve
793,0476b78532ea44de920a7310502f219a,by,by,3D Boneca,quintalageosa,quintalageosa,https://api.sketchfab.com/v3/models/0476b78532ea44de920a7310502f219a,https://sketchfab.com/3d-models/0476b78532ea44de920a7310502f219a,glbs/000-000/0476b78532ea44de920a7310502f219a.glb,000-000,299a60db6dad62e8aba63abb41c8ed41da10bbd77618632b1b5962e77f0a5318,reserve
794,8684f7d3bdef483c9ec518e88422aaca,by,by,Urban - Rooftop,andrecavalcante,andrecavalcante,https://api.sketchfab.com/v3/models/8684f7d3bdef483c9ec518e88422aaca,https://sketchfab.com/3d-models/8684f7d3bdef483c9ec518e88422aaca,glbs/000-153/8684f7d3bdef483c9ec518e88422aaca.glb,000-153,6e3a49a5b798383b76a1e5afada18c3d2253e64c809ccd19b6c05bae327e0ad9,reserve
795,678ce7bc578346669cbecb2f26dbc4a4,by,by,INDA_Year2_AD1_Thomas_Thai,thai,thaiyani.sathienthirakul,https://api.sketchfab.com/v3/models/678ce7bc578346669cbecb2f26dbc4a4,https://sketchfab.com/3d-models/678ce7bc578346669cbecb2f26dbc4a4,glbs/000-059/678ce7bc578346669cbecb2f26dbc4a4.glb,000-059,1e1c51cd6596a46e6cee7dfe9928b58ca64e951f4c56c9c29fb2fa216ccb7264,reserve
796,64a3a64e6cf34126b6f4eb7c424f8a6a,by,by,59,AlejandraHD,AlejandraHD,https://api.sketchfab.com/v3/models/64a3a64e6cf34126b6f4eb7c424f8a6a,https://sketchfab.com/3d-models/64a3a64e6cf34126b6f4eb7c424f8a6a,glbs/000-002/64a3a64e6cf34126b6f4eb7c424f8a6a.glb,000-002,960454d09f0ba9ea6d46a4016bf5bacb9e2f01713e305718266c019943c38abc,reserve
797,ea3732e9939f4bc09212bcf78a58f5f3,by,by,Pygmy Mammoth Foot,kruske,kruske,https://api.sketchfab.com/v3/models/ea3732e9939f4bc09212bcf78a58f5f3,https://sketchfab.com/3d-models/ea3732e9939f4bc09212bcf78a58f5f3,glbs/000-144/ea3732e9939f4bc09212bcf78a58f5f3.glb,000-144,c36e0da487e6f533fa0e6155f19d31eea78d7babaacb2bb5a648852506cb9433,reserve
798,69f5067f8bbf4b9b833c36be30178e3e,by,by,Светильник 1374-1W Favourite,fedomo.ru,fedomo,https://api.sketchfab.com/v3/models/69f5067f8bbf4b9b833c36be30178e3e,https://sketchfab.com/3d-models/69f5067f8bbf4b9b833c36be30178e3e,glbs/000-119/69f5067f8bbf4b9b833c36be30178e3e.glb,000-119,3e79c2c191db1e2f84b488d5b0bf78a6346a9e7995b071ba7aaa356ab9801022,reserve
799,52e98f6d9878472f9d414bec5fcc1522,by,by,Excalibur Morgan,Ellbar,Ellby,https://api.sketchfab.com/v3/models/52e98f6d9878472f9d414bec5fcc1522,https://sketchfab.com/3d-models/52e98f6d9878472f9d414bec5fcc1522,glbs/000-013/52e98f6d9878472f9d414bec5fcc1522.glb,000-013,499ddded05772356942ec99377090bbf3d68aa6cc20e89b5e63aa02f7389a0e2,reserve
800,c2668b60604b43ae827fd33e7c669f36,by,by,Enviroment 2,amalie.kma,amalie.kma,https://api.sketchfab.com/v3/models/c2668b60604b43ae827fd33e7c669f36,https://sketchfab.com/3d-models/c2668b60604b43ae827fd33e7c669f36,glbs/000-065/c2668b60604b43ae827fd33e7c669f36.glb,000-065,625bcfcbd08d80db0efade77928d9ea1d08763e44e37fcd5adef9a7ddeed2713,reserve
801,30ddc0498c0b407fb501067c25978ec4,by,by,test scene,Fei.Xia,Fei.Xia,https://api.sketchfab.com/v3/models/30ddc0498c0b407fb501067c25978ec4,https://sketchfab.com/3d-models/30ddc0498c0b407fb501067c25978ec4,glbs/000-109/30ddc0498c0b407fb501067c25978ec4.glb,000-109,a52701c271a307fdd3899177f25322229bff6cf2f1281a1d4f35b875385bf7e3,reserve
802,2c8fbf0257e044898baa7a463efc1b4f,by,by,1-1618 Flat Stamp,miamianthropology3d,miamianthropology3d,https://api.sketchfab.com/v3/models/2c8fbf0257e044898baa7a463efc1b4f,https://sketchfab.com/3d-models/2c8fbf0257e044898baa7a463efc1b4f,glbs/000-130/2c8fbf0257e044898baa7a463efc1b4f.glb,000-130,ea62d573ba065e3ab3b4d78677005552d9199fa1f85902a3ed9597c67da3ab43,reserve
803,d067d48734ad4c81871a4ab95620bb37,by,by,Modibox,TRYFIELD,tryfield,https://api.sketchfab.com/v3/models/d067d48734ad4c81871a4ab95620bb37,https://sketchfab.com/3d-models/d067d48734ad4c81871a4ab95620bb37,glbs/000-116/d067d48734ad4c81871a4ab95620bb37.glb,000-116,a52414161230a7c921a3f6a318151469d76cf0b9ee20658d70a0c7ede1cb3557,reserve
804,f0a19e13a3dc4f6889058c16a0d0ec51,by,by,Kunai,CalumTeeling,CalumTeeling,https://api.sketchfab.com/v3/models/f0a19e13a3dc4f6889058c16a0d0ec51,https://sketchfab.com/3d-models/f0a19e13a3dc4f6889058c16a0d0ec51,glbs/000-026/f0a19e13a3dc4f6889058c16a0d0ec51.glb,000-026,fe156a2eed7c14eaf06d6af3c8bd0a8e869aa66fa10728fa986c499d80611527,reserve
805,ced354864c0841178e56f3defd32d1ed,by,by,Desk Fan on Batteries,Dimitri,dimitri_blender,https://api.sketchfab.com/v3/models/ced354864c0841178e56f3defd32d1ed,https://sketchfab.com/3d-models/ced354864c0841178e56f3defd32d1ed,glbs/000-109/ced354864c0841178e56f3defd32d1ed.glb,000-109,a52701c271a307fdd3899177f25322229bff6cf2f1281a1d4f35b875385bf7e3,reserve
806,7b43a8ab2d2648e88e6f56160e7593ab,by,by,Lentes- Guía-(Ver-3-VIDRIO),Mitsere,Mitsere,https://api.sketchfab.com/v3/models/7b43a8ab2d2648e88e6f56160e7593ab,https://sketchfab.com/3d-models/7b43a8ab2d2648e88e6f56160e7593ab,glbs/000-069/7b43a8ab2d2648e88e6f56160e7593ab.glb,000-069,c2934f17e53537c26e37e7d1ce20895ab404b350fa7deb1c55dc72f671c43a3a,reserve
807,da255da5017e49c28e74ede5896f357a,by,by,Building,KonAwako,konawako,https://api.sketchfab.com/v3/models/da255da5017e49c28e74ede5896f357a,https://sketchfab.com/3d-models/da255da5017e49c28e74ede5896f357a,glbs/000-108/da255da5017e49c28e74ede5896f357a.glb,000-108,279c216902aa2d886c281455309931522668576c7ea55826e406e4832cc0e1d4,reserve
808,09f28113bb10471db7abfe5a8386eaec,by,by,Fusion Engine,YD Visual,ydvisual,https://api.sketchfab.com/v3/models/09f28113bb10471db7abfe5a8386eaec,https://sketchfab.com/3d-models/09f28113bb10471db7abfe5a8386eaec,glbs/000-021/09f28113bb10471db7abfe5a8386eaec.glb,000-021,c10972c26e7ba827cf0e941dec6337342d458f269bf2a65c345d5241388a4ec0,reserve
809,aa5f29fd64594a6999ff5fc52b985e72,by,by,S164,maro,maro,https://api.sketchfab.com/v3/models/aa5f29fd64594a6999ff5fc52b985e72,https://sketchfab.com/3d-models/aa5f29fd64594a6999ff5fc52b985e72,glbs/000-022/aa5f29fd64594a6999ff5fc52b985e72.glb,000-022,7f427265050b1644d9a83ead7fa7eb303c9fc5cd818b03bbb53e5d5967d5e0ff,reserve
810,3549a4336878402ca5a8c28fa099db0e,by,by,63287909,GeneralCreed,GeneralCreed,https://api.sketchfab.com/v3/models/3549a4336878402ca5a8c28fa099db0e,https://sketchfab.com/3d-models/3549a4336878402ca5a8c28fa099db0e,glbs/000-110/3549a4336878402ca5a8c28fa099db0e.glb,000-110,d93aee8e0316a794dae1aeff7acd2c1cb84cecd2c12862c6fa782f6b96dc9b19,reserve
811,3d764c6c9ea549808209adaa9bc54919,by,by,OHHHHHH DEEER 2,Ur Dsclr,Urdsclr,https://api.sketchfab.com/v3/models/3d764c6c9ea549808209adaa9bc54919,https://sketchfab.com/3d-models/3d764c6c9ea549808209adaa9bc54919,glbs/000-001/3d764c6c9ea549808209adaa9bc54919.glb,000-001,93863e59e2298e5478a1a849269b5289970e2d0ca55c3dc4eb438fe2d034ac8a,reserve
812,17d87ebf008c4d7fa05deda41ceec727,by,by,Frame Kit #13,Steel Frames Direct,steelframesdirect,https://api.sketchfab.com/v3/models/17d87ebf008c4d7fa05deda41ceec727,https://sketchfab.com/3d-models/17d87ebf008c4d7fa05deda41ceec727,glbs/000-115/17d87ebf008c4d7fa05deda41ceec727.glb,000-115,3ee735ee531f998094ca18e720f6fd5039bfe871e7b73c30128f23f6d3d1e8f9,reserve
813,eeaeffddee75403d81aebc6d37233a3e,by,by,CodeConf 2015 #18,CODAME,codame,https://api.sketchfab.com/v3/models/eeaeffddee75403d81aebc6d37233a3e,https://sketchfab.com/3d-models/eeaeffddee75403d81aebc6d37233a3e,glbs/000-001/eeaeffddee75403d81aebc6d37233a3e.glb,000-001,93863e59e2298e5478a1a849269b5289970e2d0ca55c3dc4eb438fe2d034ac8a,reserve
814,716b1a992b554a4c8c3dd630dcc4aee4,by,by,Valentine Bala v1,Vonka Stairs Ltd,vonka,https://api.sketchfab.com/v3/models/716b1a992b554a4c8c3dd630dcc4aee4,https://sketchfab.com/3d-models/716b1a992b554a4c8c3dd630dcc4aee4,glbs/000-098/716b1a992b554a4c8c3dd630dcc4aee4.glb,000-098,cca4598d482658e56eecf3ca167af7b0568a8818e09dd440cc52b9e9aecdad62,reserve
815,2f88cfbdd69748a984b7d15e4d2ce3d4,by,by,Lincoln,James,james,https://api.sketchfab.com/v3/models/2f88cfbdd69748a984b7d15e4d2ce3d4,https://sketchfab.com/3d-models/2f88cfbdd69748a984b7d15e4d2ce3d4,glbs/000-157/2f88cfbdd69748a984b7d15e4d2ce3d4.glb,000-157,3de40df8e0ff60006efc36a86597723d3a46267bf510b5dcb9814cbee2c49964,reserve
816,479ae541e8a24ec5ba14b93b84a7e703,by,by,metagross,Cosmar_one,earscosmar,https://api.sketchfab.com/v3/models/479ae541e8a24ec5ba14b93b84a7e703,https://sketchfab.com/3d-models/479ae541e8a24ec5ba14b93b84a7e703,glbs/000-056/479ae541e8a24ec5ba14b93b84a7e703.glb,000-056,2bcc33665558ca3b99d96ea4b120b19ada15607793e2d4578eb7c98ca5ef74b5,reserve
817,a13de11eb66b489c84457383a0b28dc6,by,by,2020-235-R0,Henrique.Catuzzo,Henrique.Catuzzo,https://api.sketchfab.com/v3/models/a13de11eb66b489c84457383a0b28dc6,https://sketchfab.com/3d-models/a13de11eb66b489c84457383a0b28dc6,glbs/000-136/a13de11eb66b489c84457383a0b28dc6.glb,000-136,3d1d0d0a9cd4db3ec97186011f55c990d9167de0b50d8212dbfc09bbcf4408a3,reserve
818,6fb7e37b0f204c14a8f2a8aa099038b9,by,by,Embedded parts,iliayurchenkov,iliayurchenkov,https://api.sketchfab.com/v3/models/6fb7e37b0f204c14a8f2a8aa099038b9,https://sketchfab.com/3d-models/6fb7e37b0f204c14a8f2a8aa099038b9,glbs/000-134/6fb7e37b0f204c14a8f2a8aa099038b9.glb,000-134,c437a3da74de49a7393d03a5dcdcbec1f4ae0da1f2152793f2b1ccaf6a5bd652,reserve
819,91caa749f9a449698289a427e1b6a09e,by,by,NPTP,AI_MAINZ,AI_MAINZ,https://api.sketchfab.com/v3/models/91caa749f9a449698289a427e1b6a09e,https://sketchfab.com/3d-models/91caa749f9a449698289a427e1b6a09e,glbs/000-025/91caa749f9a449698289a427e1b6a09e.glb,000-025,b5c0cbefa5a9e7376d87cf2ec830940e5ec589a803a0509b5c94fa0e4f5df729,reserve
820,1a52a0069c13417cb26a65638e435198,by,by,kekcroc,Dingus,uwuking,https://api.sketchfab.com/v3/models/1a52a0069c13417cb26a65638e435198,https://sketchfab.com/3d-models/1a52a0069c13417cb26a65638e435198,glbs/000-147/1a52a0069c13417cb26a65638e435198.glb,000-147,837ed6eae1ebd28736a3187f0c0e158ae676117233813ea92845f169d137dfe9,reserve
821,39860e1098a140fbb33bc9c3b60a216b,by,by,E19-354-3,secretariatep,secretariatep,https://api.sketchfab.com/v3/models/39860e1098a140fbb33bc9c3b60a216b,https://sketchfab.com/3d-models/39860e1098a140fbb33bc9c3b60a216b,glbs/000-025/39860e1098a140fbb33bc9c3b60a216b.glb,000-025,b5c0cbefa5a9e7376d87cf2ec830940e5ec589a803a0509b5c94fa0e4f5df729,reserve
822,87a156b00b04491d9a5caed3aedb9627,by,by,ES35 - Linda Bijuterias,Urbany Engenharia,urbanyengenharia,https://api.sketchfab.com/v3/models/87a156b00b04491d9a5caed3aedb9627,https://sketchfab.com/3d-models/87a156b00b04491d9a5caed3aedb9627,glbs/000-063/87a156b00b04491d9a5caed3aedb9627.glb,000-063,55255e4fba3f6e7cfd5c331f0bc2a151491994a26acb9cd474de14ced1530102,reserve
823,cb3820b921b04f738cea1dc5bba4d116,by,by,Destroyah no (textures),TimoStrawBerry,TimoStrawBerry97,https://api.sketchfab.com/v3/models/cb3820b921b04f738cea1dc5bba4d116,https://sketchfab.com/3d-models/cb3820b921b04f738cea1dc5bba4d116,glbs/000-131/cb3820b921b04f738cea1dc5bba4d116.glb,000-131,f3fec9d26f76ae4e079807fc5ae79b1695e7040b57e5a81ebb48bee8fe15f6e4,reserve
824,4f807db11e324ee6ae4eb8d80fb1adb5,by,by,Little Talbot Wreck,LAMP: Lighthouse Archaeological Maritime Program,salhlamp,https://api.sketchfab.com/v3/models/4f807db11e324ee6ae4eb8d80fb1adb5,https://sketchfab.com/3d-models/4f807db11e324ee6ae4eb8d80fb1adb5,glbs/000-127/4f807db11e324ee6ae4eb8d80fb1adb5.glb,000-127,4150815f120e312a4c137846e79e97501550c389b367bb9e7ced640034f7a1ac,reserve
825,b8e6da0c70e84a6fa528be0d0f711163,by,by,[T_87]_Astraea,ZEN_2255,ZEN_2255,https://api.sketchfab.com/v3/models/b8e6da0c70e84a6fa528be0d0f711163,https://sketchfab.com/3d-models/b8e6da0c70e84a6fa528be0d0f711163,glbs/000-006/b8e6da0c70e84a6fa528be0d0f711163.glb,000-006,57fcd7b1b053e59a5c55e4adcac22b93fef5d65c57c8955502867b625ed66ffd,reserve
826,74b6c120e7b84ea699daeb389d7e2349,by,by,Dodge Aspen,Rustyford101,Rustyford101,https://api.sketchfab.com/v3/models/74b6c120e7b84ea699daeb389d7e2349,https://sketchfab.com/3d-models/74b6c120e7b84ea699daeb389d7e2349,glbs/000-010/74b6c120e7b84ea699daeb389d7e2349.glb,000-010,84eabbb408ce0a09902183bdce9f79435700f2f6679506b79846aadcd9a32552,reserve
827,699e1a614d69413d9c2649c8a9db8a93,by,by,e-1,rahmikarajeh,rahmikarajeh,https://api.sketchfab.com/v3/models/699e1a614d69413d9c2649c8a9db8a93,https://sketchfab.com/3d-models/699e1a614d69413d9c2649c8a9db8a93,glbs/000-053/699e1a614d69413d9c2649c8a9db8a93.glb,000-053,356193c43af67e6ca8b6ac95c4907f08a591ddfc9f0cb9c66022d0ab5a0098d6,reserve
828,94437b9c6a54400d9ced63f22386b8c5,by,by,Stawiska_-_Zawiśliński,WiazaryGorski,WiazaryGorski,https://api.sketchfab.com/v3/models/94437b9c6a54400d9ced63f22386b8c5,https://sketchfab.com/3d-models/94437b9c6a54400d9ced63f22386b8c5,glbs/000-063/94437b9c6a54400d9ced63f22386b8c5.glb,000-063,55255e4fba3f6e7cfd5c331f0bc2a151491994a26acb9cd474de14ced1530102,reserve
829,4f6e0a907dee46099fcd214678aa11f6,by,by,88,-eli,-eli,https://api.sketchfab.com/v3/models/4f6e0a907dee46099fcd214678aa11f6,https://sketchfab.com/3d-models/4f6e0a907dee46099fcd214678aa11f6,glbs/000-037/4f6e0a907dee46099fcd214678aa11f6.glb,000-037,de26eb6c7cc63d924baf9bd54f7a569a927ddaf7a3222d81eecde1b6e78e50df,reserve
830,b4162fb73a8442d790189d48570e34c6,by,by,СКИ весы,ПТИ,bim3d,https://api.sketchfab.com/v3/models/b4162fb73a8442d790189d48570e34c6,https://sketchfab.com/3d-models/b4162fb73a8442d790189d48570e34c6,glbs/000-039/b4162fb73a8442d790189d48570e34c6.glb,000-039,48fba0bb67d790c900dceab75cd29437427b45a9febd51a1f2611a1e5b5f2fbd,reserve
831,f829b1b5096840c59dd457fae1f1ad77,by,by,Домик - игрушка,aaadragon,aaadragon,https://api.sketchfab.com/v3/models/f829b1b5096840c59dd457fae1f1ad77,https://sketchfab.com/3d-models/f829b1b5096840c59dd457fae1f1ad77,glbs/000-116/f829b1b5096840c59dd457fae1f1ad77.glb,000-116,a52414161230a7c921a3f6a318151469d76cf0b9ee20658d70a0c7ede1cb3557,reserve
832,99e987d90fe34918b61175724016703e,by,by,Pabianice,Projekty3D,Projekty3D,https://api.sketchfab.com/v3/models/99e987d90fe34918b61175724016703e,https://sketchfab.com/3d-models/99e987d90fe34918b61175724016703e,glbs/000-068/99e987d90fe34918b61175724016703e.glb,000-068,fe5e7cf15ed59993c4aa673c2e49b98b0d229048253c0597794b41281354ce77,reserve
833,3619e54442e74433bbae627b368d06a6,by,by,대전 소대헌·호연재 고택,한국문화재재단,kor_heritage,https://api.sketchfab.com/v3/models/3619e54442e74433bbae627b368d06a6,https://sketchfab.com/3d-models/3619e54442e74433bbae627b368d06a6,glbs/000-125/3619e54442e74433bbae627b368d06a6.glb,000-125,27cabc2fdde84b891259916235b2f5e7540afef17b60bbb0f3488e0cd10636fe,reserve
834,e24298e62d844506b4e1ab96da4d92b6,by,by,Wall Substance Painter test,tomrevill,tomrevill,https://api.sketchfab.com/v3/models/e24298e62d844506b4e1ab96da4d92b6,https://sketchfab.com/3d-models/e24298e62d844506b4e1ab96da4d92b6,glbs/000-124/e24298e62d844506b4e1ab96da4d92b6.glb,000-124,382d3854cfbfecfc86122931bf81756ef8bf523668537f2b84b4efc1a098e0eb,reserve
835,2a2bcec9bc77409bac90c1caf955909c,by,by,*v17 Head,gittabmaidstone,gittabmaidstone,https://api.sketchfab.com/v3/models/2a2bcec9bc77409bac90c1caf955909c,https://sketchfab.com/3d-models/2a2bcec9bc77409bac90c1caf955909c,glbs/000-106/2a2bcec9bc77409bac90c1caf955909c.glb,000-106,791eefe3cb82c9258dbdc2da890bae1155490a176e7a30914e2bdd7a5207ee16,reserve
836,d23d6d493bcb44268740cb24a5eac9e6,by,by,抄手榫,XDsuzi,XDsuzi,https://api.sketchfab.com/v3/models/d23d6d493bcb44268740cb24a5eac9e6,https://sketchfab.com/3d-models/d23d6d493bcb44268740cb24a5eac9e6,glbs/000-093/d23d6d493bcb44268740cb24a5eac9e6.glb,000-093,842241450c360911f49dee119b22593233336622715c78aa35efe41e6c7918de,reserve
837,c92a60da815b4d8c91648f72042d78fe,by,by,SGD214_Module03_Justin_Vang,J77468,J77468,https://api.sketchfab.com/v3/models/c92a60da815b4d8c91648f72042d78fe,https://sketchfab.com/3d-models/c92a60da815b4d8c91648f72042d78fe,glbs/000-042/c92a60da815b4d8c91648f72042d78fe.glb,000-042,15e51a8658aa4851c25fd792f6df43e69e62c8361fb538748616bc906dcd9bc8,reserve
838,0faf20a29559457580237c13537a3982,by,by,Caldero,ctorres20081,ctorres20081,https://api.sketchfab.com/v3/models/0faf20a29559457580237c13537a3982,https://sketchfab.com/3d-models/0faf20a29559457580237c13537a3982,glbs/000-098/0faf20a29559457580237c13537a3982.glb,000-098,cca4598d482658e56eecf3ca167af7b0568a8818e09dd440cc52b9e9aecdad62,reserve
839,c042eb25a1ac48cb960c99b2097aaac2,by,by,DARK SOULS 2 ANCİENT DRAGON BEFORE BEİNG ANCIENT,wanderer_kitty,tri.god,https://api.sketchfab.com/v3/models/c042eb25a1ac48cb960c99b2097aaac2,https://sketchfab.com/3d-models/c042eb25a1ac48cb960c99b2097aaac2,glbs/000-057/c042eb25a1ac48cb960c99b2097aaac2.glb,000-057,0390de435d36e6cee9c01a362fa107b5422432b73eaf895a08c96df4e1f8a394,reserve
840,1873cc6beb274caa9ed9fb6446c627ff,by,by,"Sat, 02 Nov 2019 17:38:38",newfields-3dprinting,newfields-3dprinting,https://api.sketchfab.com/v3/models/1873cc6beb274caa9ed9fb6446c627ff,https://sketchfab.com/3d-models/1873cc6beb274caa9ed9fb6446c627ff,glbs/000-081/1873cc6beb274caa9ed9fb6446c627ff.glb,000-081,204677ec2b9b8600e77caacd4452e6286e19d03c04d18b2e85e207201d7e1662,reserve
841,8a85003c1d604fc5a3b1d298e88a9d2b,by,by,Arrow,BeerP,BeerPuls,https://api.sketchfab.com/v3/models/8a85003c1d604fc5a3b1d298e88a9d2b,https://sketchfab.com/3d-models/8a85003c1d604fc5a3b1d298e88a9d2b,glbs/000-064/8a85003c1d604fc5a3b1d298e88a9d2b.glb,000-064,e666ecf77b50b116d3b96149872a8b86fc2d75218d23983a01968ce37395e83d,reserve
842,734d3007d05849289786fa118500e7b4,by,by,Medieval Factions Spawn - Elliot T [SOLD],miosis,miosis,https://api.sketchfab.com/v3/models/734d3007d05849289786fa118500e7b4,https://sketchfab.com/3d-models/734d3007d05849289786fa118500e7b4,glbs/000-091/734d3007d05849289786fa118500e7b4.glb,000-091,b9fb8713b87da27eb7eacd2a705580b5dcef62ff1c5ce4d266cc88cbbceb8576,reserve
843,1a06d450dade4d84b070a97ef6a13ec3,by,by,Goat Simulator Tall Goat,Octane reboot,Redwthr,https://api.sketchfab.com/v3/models/1a06d450dade4d84b070a97ef6a13ec3,https://sketchfab.com/3d-models/1a06d450dade4d84b070a97ef6a13ec3,glbs/000-006/1a06d450dade4d84b070a97ef6a13ec3.glb,000-006,57fcd7b1b053e59a5c55e4adcac22b93fef5d65c57c8955502867b625ed66ffd,reserve
844,faf4e58cc5b64638bac2d4f01f63fed9,by,by,161. Piscina Concreto Armado,Israel S. Silva,israel.hseng,https://api.sketchfab.com/v3/models/faf4e58cc5b64638bac2d4f01f63fed9,https://sketchfab.com/3d-models/faf4e58cc5b64638bac2d4f01f63fed9,glbs/000-032/faf4e58cc5b64638bac2d4f01f63fed9.glb,000-032,4d82335a9adb53075ada1fd2d3ace30a83785cbab18e0cd4f0158112d0d67f44,reserve
845,af550579fc3443fd9ac417520a321a7b,by,by,Npc9,neutralize,neutralize,https://api.sketchfab.com/v3/models/af550579fc3443fd9ac417520a321a7b,https://sketchfab.com/3d-models/af550579fc3443fd9ac417520a321a7b,glbs/000-104/af550579fc3443fd9ac417520a321a7b.glb,000-104,c4d1e66e9f7290d606d5c42298cdeb777da84dc2625c91cd3cd5dd985e9b12cf,reserve
846,c143f3a5099f47eb9c1c4039dde57628,by,by,Z,tenstephen22,tenstephen22,https://api.sketchfab.com/v3/models/c143f3a5099f47eb9c1c4039dde57628,https://sketchfab.com/3d-models/c143f3a5099f47eb9c1c4039dde57628,glbs/000-151/c143f3a5099f47eb9c1c4039dde57628.glb,000-151,ac33f688891f11c6965811e951a18b23a42a4dadb6366b690f63ba49823869a4,reserve
847,5e8f1ffd06794694ab02775815b9918e,by,by,404 4th St 15 Mod Canopy,brooklynsolarworks,brooklynsolarworks,https://api.sketchfab.com/v3/models/5e8f1ffd06794694ab02775815b9918e,https://sketchfab.com/3d-models/5e8f1ffd06794694ab02775815b9918e,glbs/000-001/5e8f1ffd06794694ab02775815b9918e.glb,000-001,93863e59e2298e5478a1a849269b5289970e2d0ca55c3dc4eb438fe2d034ac8a,reserve
848,15cdc2e4f39d40d1b15f81a0ca7bfceb,by,by,TYRRELL3D002,crownoakbuildingsdesigns,crownoakbuildingsdesigns,https://api.sketchfab.com/v3/models/15cdc2e4f39d40d1b15f81a0ca7bfceb,https://sketchfab.com/3d-models/15cdc2e4f39d40d1b15f81a0ca7bfceb,glbs/000-113/15cdc2e4f39d40d1b15f81a0ca7bfceb.glb,000-113,8ad62ed53003012fc99c1fb7833b29fd9555c6aef3025d21a39d7f0184bf00d2,reserve
849,e5e3b8d473f9493d9c0ab480af24d038,by,by,OC: Expanding on Freezing,Samer Hany,che.samer,https://api.sketchfab.com/v3/models/e5e3b8d473f9493d9c0ab480af24d038,https://sketchfab.com/3d-models/e5e3b8d473f9493d9c0ab480af24d038,glbs/000-059/e5e3b8d473f9493d9c0ab480af24d038.glb,000-059,1e1c51cd6596a46e6cee7dfe9928b58ca64e951f4c56c9c29fb2fa216ccb7264,reserve
850,7930b40f0373448d948ee7c3bc333bf1,by,by,ZOYA,scum_77,scum_77,https://api.sketchfab.com/v3/models/7930b40f0373448d948ee7c3bc333bf1,https://sketchfab.com/3d-models/7930b40f0373448d948ee7c3bc333bf1,glbs/000-046/7930b40f0373448d948ee7c3bc333bf1.glb,000-046,c63cd7da5eb59030df74691dfdd3cdc022e0481b02be32e3de3962a874fbd467,reserve
851,8d1e2ad7ad934951829cd77c82c1f5c5,by,by,Wolf by Mary,Artspirit,Artspirit,https://api.sketchfab.com/v3/models/8d1e2ad7ad934951829cd77c82c1f5c5,https://sketchfab.com/3d-models/8d1e2ad7ad934951829cd77c82c1f5c5,glbs/000-142/8d1e2ad7ad934951829cd77c82c1f5c5.glb,000-142,65ce47bebe6d1a450e835d20e3281d3b0a5beb1d33d8a832b9869e8ee622343e,reserve
852,e8c9a286d12c452a86915d88acaea698,by,by,Foxtrot_RevA02,alexhussain,alexhussain,https://api.sketchfab.com/v3/models/e8c9a286d12c452a86915d88acaea698,https://sketchfab.com/3d-models/e8c9a286d12c452a86915d88acaea698,glbs/000-052/e8c9a286d12c452a86915d88acaea698.glb,000-052,61fc47088963a0f51e1322bcf6cbceda534bea4be5af9e98f64b90d49179b82a,reserve
853,b9cbdc5a6a984efdb07f5e6be53ddfd1,by,by,Joggins Fossil Cliffs,geoScotia,mike.young,https://api.sketchfab.com/v3/models/b9cbdc5a6a984efdb07f5e6be53ddfd1,https://sketchfab.com/3d-models/b9cbdc5a6a984efdb07f5e6be53ddfd1,glbs/000-045/b9cbdc5a6a984efdb07f5e6be53ddfd1.glb,000-045,ba2ad269d30571356fc8ebcd4fb8c2b3a995c8812a37de3a4f6e23d10478663a,reserve
854,07cc968b83ea44feb9291c870a061079,by,by,378 - Projeto Estrutural Residência (190 M2),lhcesco,cescoeng,https://api.sketchfab.com/v3/models/07cc968b83ea44feb9291c870a061079,https://sketchfab.com/3d-models/07cc968b83ea44feb9291c870a061079,glbs/000-092/07cc968b83ea44feb9291c870a061079.glb,000-092,4deb18bc0acbe9e6949edf411584a0eed85f3d0c142ef34ed416ce23647460b2,reserve
855,65fed0a7c88f477799ddc7de4d9e161a,by,by,Sponge Bob,alexander81408,alexander81408,https://api.sketchfab.com/v3/models/65fed0a7c88f477799ddc7de4d9e161a,https://sketchfab.com/3d-models/65fed0a7c88f477799ddc7de4d9e161a,glbs/000-157/65fed0a7c88f477799ddc7de4d9e161a.glb,000-157,3de40df8e0ff60006efc36a86597723d3a46267bf510b5dcb9814cbee2c49964,reserve
856,0a50b308a78d4d229f8d2fb7c14b49a0,by,by,Cabin,neutralize,neutralize,https://api.sketchfab.com/v3/models/0a50b308a78d4d229f8d2fb7c14b49a0,https://sketchfab.com/3d-models/0a50b308a78d4d229f8d2fb7c14b49a0,glbs/000-028/0a50b308a78d4d229f8d2fb7c14b49a0.glb,000-028,59aa21bab8f5083e9bd163def90442388bc210e3c9487a6b190190f01e134bcc,reserve
857,665219ba0a014658bb662253cff89c53,by,by,Anglo-saxon knife item_1993-1479,Chapel_Prints_CO,McKie_Foundation,https://api.sketchfab.com/v3/models/665219ba0a014658bb662253cff89c53,https://sketchfab.com/3d-models/665219ba0a014658bb662253cff89c53,glbs/000-118/665219ba0a014658bb662253cff89c53.glb,000-118,aaae316f3f829831503ed7c319f159b828f35a172d6de3302c01155e3d5e4abd,reserve
858,b853783661ef4fd3a22d0154a191a17f,by,by,Светильник 8003/91 SP-1 Divinare,fedomo.ru,fedomo,https://api.sketchfab.com/v3/models/b853783661ef4fd3a22d0154a191a17f,https://sketchfab.com/3d-models/b853783661ef4fd3a22d0154a191a17f,glbs/000-067/b853783661ef4fd3a22d0154a191a17f.glb,000-067,c14d4e855ed8cef6084c5154c37b0bd8df76fe8af70604f3c91fe2cd28d9a094,reserve
859,5f00cd67632f4bc39447b216befa24c7,by,by,Huezo0101 Addingobjects Obj,Ismael.H,Ismael.H,https://api.sketchfab.com/v3/models/5f00cd67632f4bc39447b216befa24c7,https://sketchfab.com/3d-models/5f00cd67632f4bc39447b216befa24c7,glbs/000-090/5f00cd67632f4bc39447b216befa24c7.glb,000-090,44acea88cfa57cb0bcec7e074a5dbcfc52e2c53887927432de7d0051ece7957a,reserve
860,c35ddc203b4f4fe1afcfbfc6cb24455b,by-sa,by-sa,Hothouse Fortnite 3D Model (Free Download),Might,X1Might,https://api.sketchfab.com/v3/models/c35ddc203b4f4fe1afcfbfc6cb24455b,https://sketchfab.com/3d-models/c35ddc203b4f4fe1afcfbfc6cb24455b,glbs/000-057/c35ddc203b4f4fe1afcfbfc6cb24455b.glb,000-057,0390de435d36e6cee9c01a362fa107b5422432b73eaf895a08c96df4e1f8a394,reserve
861,858c441596e14da9b47bed7fb543b309,by,by,Solar Surfer,spencersayers,spencersayers,https://api.sketchfab.com/v3/models/858c441596e14da9b47bed7fb543b309,https://sketchfab.com/3d-models/858c441596e14da9b47bed7fb543b309,glbs/000-123/858c441596e14da9b47bed7fb543b309.glb,000-123,4c6e6af804d650d8205eb02633496eb5b2eb95f32ef92d4fff6b42ff5939d06e,reserve
862,4aba097ac29546648cdfb68de87468b4,by,by,Davi Iso 09,guiaugust,guiaugust,https://api.sketchfab.com/v3/models/4aba097ac29546648cdfb68de87468b4,https://sketchfab.com/3d-models/4aba097ac29546648cdfb68de87468b4,glbs/000-055/4aba097ac29546648cdfb68de87468b4.glb,000-055,015347bf15350b8017a7a70c091a1907ff2f65d3fe5c4d5b78c16401f4ac5548,reserve
863,77d4f2f58cf54539b09136a614cdf59a,by,by,mesk04,107b11923,107b11923,https://api.sketchfab.com/v3/models/77d4f2f58cf54539b09136a614cdf59a,https://sketchfab.com/3d-models/77d4f2f58cf54539b09136a614cdf59a,glbs/000-059/77d4f2f58cf54539b09136a614cdf59a.glb,000-059,1e1c51cd6596a46e6cee7dfe9928b58ca64e951f4c56c9c29fb2fa216ccb7264,reserve
864,9fdb3765bb6448188d35f0a3aa0347f5,by,by,61475489,GeneralCreed,GeneralCreed,https://api.sketchfab.com/v3/models/9fdb3765bb6448188d35f0a3aa0347f5,https://sketchfab.com/3d-models/9fdb3765bb6448188d35f0a3aa0347f5,glbs/000-112/9fdb3765bb6448188d35f0a3aa0347f5.glb,000-112,77a7aa5f75c479a087b3a9aa7d470085097eacea659802c3ecd90530903e03bb,reserve
865,a402fb5fd7f247618e573907fa70f28b,by,by,X-Carve CNC Laser Mount For Opt Lasers Grav,CNCand3DPrinterLasers,CNCand3DPrinterLasers,https://api.sketchfab.com/v3/models/a402fb5fd7f247618e573907fa70f28b,https://sketchfab.com/3d-models/a402fb5fd7f247618e573907fa70f28b,glbs/000-136/a402fb5fd7f247618e573907fa70f28b.glb,000-136,3d1d0d0a9cd4db3ec97186011f55c990d9167de0b50d8212dbfc09bbcf4408a3,reserve
866,87f85f8e70974d8c8a5cbcdfbffeb176,by,by,Komainu scans with iPhone12 Pro (Trnio),seirogan,seirogan,https://api.sketchfab.com/v3/models/87f85f8e70974d8c8a5cbcdfbffeb176,https://sketchfab.com/3d-models/87f85f8e70974d8c8a5cbcdfbffeb176,glbs/000-126/87f85f8e70974d8c8a5cbcdfbffeb176.glb,000-126,f635041d28886470816033610b75d09424e4e9dd5b316ce7ce01da10f8f0b42b,reserve
867,1c1a481d772240a99c64eea159f9cd69,by,by,Type_B_Building_V2_AR,Oleksandr Bykov,oleksandr.bykov,https://api.sketchfab.com/v3/models/1c1a481d772240a99c64eea159f9cd69,https://sketchfab.com/3d-models/1c1a481d772240a99c64eea159f9cd69,glbs/000-118/1c1a481d772240a99c64eea159f9cd69.glb,000-118,aaae316f3f829831503ed7c319f159b828f35a172d6de3302c01155e3d5e4abd,reserve
868,aa9adefc0dad401d9c1a40ac90cac1ec,by,by,Muneco De Nieve,pelandintecno,pelandintecno,https://api.sketchfab.com/v3/models/aa9adefc0dad401d9c1a40ac90cac1ec,https://sketchfab.com/3d-models/aa9adefc0dad401d9c1a40ac90cac1ec,glbs/000-079/aa9adefc0dad401d9c1a40ac90cac1ec.glb,000-079,b9f212d7e834d7c5f9fb08eea32e81c9820896fcabeb85d080926de64fa171d8,reserve
869,df4d18451b864403a7ac7a019eff8424,by,by,Frorb,sammiev,sammiev,https://api.sketchfab.com/v3/models/df4d18451b864403a7ac7a019eff8424,https://sketchfab.com/3d-models/df4d18451b864403a7ac7a019eff8424,glbs/000-095/df4d18451b864403a7ac7a019eff8424.glb,000-095,486c277a1ba0fe07b34ea91d74241ed63dd99abd868cdfa70fd178af89d7eedb,reserve
870,eaee3af3c90d4ee5a1d64be0d51965cc,by,by,BATIK CLUTCH,eeelabvisual,eeelabvisual,https://api.sketchfab.com/v3/models/eaee3af3c90d4ee5a1d64be0d51965cc,https://sketchfab.com/3d-models/eaee3af3c90d4ee5a1d64be0d51965cc,glbs/000-019/eaee3af3c90d4ee5a1d64be0d51965cc.glb,000-019,e810d299af9e54d05161106fa27aa1d86006174d3e09d3cd52ea453732a694ae,reserve
871,57ff4fd892b94462aef0e4692b7e92dd,by,by,Sea Captain Statue,crowempires,crowempires,https://api.sketchfab.com/v3/models/57ff4fd892b94462aef0e4692b7e92dd,https://sketchfab.com/3d-models/57ff4fd892b94462aef0e4692b7e92dd,glbs/000-138/57ff4fd892b94462aef0e4692b7e92dd.glb,000-138,99da98c27d4648bb75563726760189506cd9b59cc4bc42b9b1dfde9abd7eea00,reserve
872,3efb1bf4e0ce4c97b6538b48d0ba2ecc,by,by,Pingu,yugengen,yugengen,https://api.sketchfab.com/v3/models/3efb1bf4e0ce4c97b6538b48d0ba2ecc,https://sketchfab.com/3d-models/3efb1bf4e0ce4c97b6538b48d0ba2ecc,glbs/000-103/3efb1bf4e0ce4c97b6538b48d0ba2ecc.glb,000-103,66f5da91408cf2e854995110dc2e3014e8387c805f0070c683ebb964143447c2,reserve
873,bb1da8b46f0a42c38bd78f7659e8bb10,by,by,1e Etage de l'agrandissement,nicobuzz,nicobuzz,https://api.sketchfab.com/v3/models/bb1da8b46f0a42c38bd78f7659e8bb10,https://sketchfab.com/3d-models/bb1da8b46f0a42c38bd78f7659e8bb10,glbs/000-114/bb1da8b46f0a42c38bd78f7659e8bb10.glb,000-114,e05e741fa08183db9b8b69b28d0839dfd477f0b084cee78d6a3f9137c3dbacea,reserve
874,964bb86cdd08427889a8c796fdca2fb9,by,by,T-rex,Yokomation,mremilable,https://api.sketchfab.com/v3/models/964bb86cdd08427889a8c796fdca2fb9,https://sketchfab.com/3d-models/964bb86cdd08427889a8c796fdca2fb9,glbs/000-078/964bb86cdd08427889a8c796fdca2fb9.glb,000-078,bd31f5adfdca47376db4d99dfe39b51b3e5105cd563eee278f7ca500efff1ca0,reserve
875,1d08bd8dd71e45abaa318a6d26ef02ad,by,by,Hand,Matty Diss,ariel3models,https://api.sketchfab.com/v3/models/1d08bd8dd71e45abaa318a6d26ef02ad,https://sketchfab.com/3d-models/1d08bd8dd71e45abaa318a6d26ef02ad,glbs/000-001/1d08bd8dd71e45abaa318a6d26ef02ad.glb,000-001,93863e59e2298e5478a1a849269b5289970e2d0ca55c3dc4eb438fe2d034ac8a,reserve
876,4865497b415143938a5f326ed22b614e,by,by,u_ДК-55_60х32mm_OBJ.obj,AVRORA Group,avroralepnina,https://api.sketchfab.com/v3/models/4865497b415143938a5f326ed22b614e,https://sketchfab.com/3d-models/4865497b415143938a5f326ed22b614e,glbs/000-112/4865497b415143938a5f326ed22b614e.glb,000-112,77a7aa5f75c479a087b3a9aa7d470085097eacea659802c3ecd90530903e03bb,reserve
877,2f41c898c24b4fffbd829205c2c94c51,by,by,2063802-mjse,Freimans,freimans,https://api.sketchfab.com/v3/models/2f41c898c24b4fffbd829205c2c94c51,https://sketchfab.com/3d-models/2f41c898c24b4fffbd829205c2c94c51,glbs/000-002/2f41c898c24b4fffbd829205c2c94c51.glb,000-002,960454d09f0ba9ea6d46a4016bf5bacb9e2f01713e305718266c019943c38abc,reserve
878,6ffd09de4bf9482e9eb411dc49ebffdb,by,by,A07087AA,AcornTimber,AcornTimber,https://api.sketchfab.com/v3/models/6ffd09de4bf9482e9eb411dc49ebffdb,https://sketchfab.com/3d-models/6ffd09de4bf9482e9eb411dc49ebffdb,glbs/000-157/6ffd09de4bf9482e9eb411dc49ebffdb.glb,000-157,3de40df8e0ff60006efc36a86597723d3a46267bf510b5dcb9814cbee2c49964,reserve
879,bf9c533c5f554fe1bfa5ed3743a19215,by,by,"Sat, 30 Mar 2019 21:01:46",newfields-3dprinting,newfields-3dprinting,https://api.sketchfab.com/v3/models/bf9c533c5f554fe1bfa5ed3743a19215,https://sketchfab.com/3d-models/bf9c533c5f554fe1bfa5ed3743a19215,glbs/000-117/bf9c533c5f554fe1bfa5ed3743a19215.glb,000-117,488eb25b771923642d0d78d11f6b167aaba46e1e9b9723fe0c777d8006e7d92d,reserve
880,7e540a819d284232ad05855a7410cd7b,by,by,Mami Haus Planimetria,lidia,lidia,https://api.sketchfab.com/v3/models/7e540a819d284232ad05855a7410cd7b,https://sketchfab.com/3d-models/7e540a819d284232ad05855a7410cd7b,glbs/000-034/7e540a819d284232ad05855a7410cd7b.glb,000-034,1abf2f65357b72efe7f8c5430d54dfea572a60a73773d7ce3a3d6b8b26c04b33,reserve
881,2a4f557d31e0431ca04cccb948f40ee2,by,by,background,xuesebenghuai,xuesebenghuai,https://api.sketchfab.com/v3/models/2a4f557d31e0431ca04cccb948f40ee2,https://sketchfab.com/3d-models/2a4f557d31e0431ca04cccb948f40ee2,glbs/000-151/2a4f557d31e0431ca04cccb948f40ee2.glb,000-151,ac33f688891f11c6965811e951a18b23a42a4dadb6366b690f63ba49823869a4,reserve
882,02655af4e3904fa3985aee67ab852cf0,by,by,Gobelin - Avocat,Raven13080,Raven13080,https://api.sketchfab.com/v3/models/02655af4e3904fa3985aee67ab852cf0,https://sketchfab.com/3d-models/02655af4e3904fa3985aee67ab852cf0,glbs/000-156/02655af4e3904fa3985aee67ab852cf0.glb,000-156,2d2fcfc79c6c04bb4180a4dcc6e5aeff849ec1fa4fecc641201df602614311a9,reserve
883,71b17fc733134616b1d87a5e7d669717,by,by,Wet Floor Sign,charliej1,Charliej1,https://api.sketchfab.com/v3/models/71b17fc733134616b1d87a5e7d669717,https://sketchfab.com/3d-models/71b17fc733134616b1d87a5e7d669717,glbs/000-138/71b17fc733134616b1d87a5e7d669717.glb,000-138,99da98c27d4648bb75563726760189506cd9b59cc4bc42b9b1dfde9abd7eea00,reserve
884,21c5e18dc86e44fb9261b7269f99a1f3,by,by,XYZ Blocking N2,yulkenn,yulkenn,https://api.sketchfab.com/v3/models/21c5e18dc86e44fb9261b7269f99a1f3,https://sketchfab.com/3d-models/21c5e18dc86e44fb9261b7269f99a1f3,glbs/000-015/21c5e18dc86e44fb9261b7269f99a1f3.glb,000-015,60ff99f4196cb0d1346f427479f23c5264893e81674fae1f15231f8e50d449ac,reserve
885,bf47469271eb4903aa59f1ae327707d5,by,by,Phoenix 29_02,BKGcode,juantfe,https://api.sketchfab.com/v3/models/bf47469271eb4903aa59f1ae327707d5,https://sketchfab.com/3d-models/bf47469271eb4903aa59f1ae327707d5,glbs/000-014/bf47469271eb4903aa59f1ae327707d5.glb,000-014,5ea360089dd712ded220ca941043617b5d568d422e30c94bcb32c55172f12744,reserve
886,f9e8206060b64df4b576a794f3ba45fc,by,by,to delete,splintersechb,splintersec,https://api.sketchfab.com/v3/models/f9e8206060b64df4b576a794f3ba45fc,https://sketchfab.com/3d-models/f9e8206060b64df4b576a794f3ba45fc,glbs/000-054/f9e8206060b64df4b576a794f3ba45fc.glb,000-054,0ee2e200f962a018398812b139a1cda11633a31ee9ac681d185199863ccd8c33,reserve
887,04eb8d5385204a96928070147613e1f0,by,by,Round Table Room / assembled / Mozilla Hubs,plasmaernst,plasmaernst,https://api.sketchfab.com/v3/models/04eb8d5385204a96928070147613e1f0,https://sketchfab.com/3d-models/04eb8d5385204a96928070147613e1f0,glbs/000-111/04eb8d5385204a96928070147613e1f0.glb,000-111,ff1a44b4a57b41aef99991b15fc92b5184bea783ca4ac871451159ae85fae3d8,reserve
888,2adb3952a43b4e258539021e35c93e30,by,by,Innoarea Logo,spacesketch,spacesketch.xyz,https://api.sketchfab.com/v3/models/2adb3952a43b4e258539021e35c93e30,https://sketchfab.com/3d-models/2adb3952a43b4e258539021e35c93e30,glbs/000-158/2adb3952a43b4e258539021e35c93e30.glb,000-158,db49f754a12c507d1a1b1db7207a127937f2766cd21ab72fa08797bf430616eb,reserve
889,7a81231b98124d40a71ea404122f455d,by,by,安多科技股份有限公司_2020 Semicon,Event_Solution_Plus,Event_Solution_Plus,https://api.sketchfab.com/v3/models/7a81231b98124d40a71ea404122f455d,https://sketchfab.com/3d-models/7a81231b98124d40a71ea404122f455d,glbs/000-054/7a81231b98124d40a71ea404122f455d.glb,000-054,0ee2e200f962a018398812b139a1cda11633a31ee9ac681d185199863ccd8c33,reserve
890,d7a3c5b655194c2585e639762b8ba5b2,by,by,Chess,yryabchenko,yryabchenko,https://api.sketchfab.com/v3/models/d7a3c5b655194c2585e639762b8ba5b2,https://sketchfab.com/3d-models/d7a3c5b655194c2585e639762b8ba5b2,glbs/000-053/d7a3c5b655194c2585e639762b8ba5b2.glb,000-053,356193c43af67e6ca8b6ac95c4907f08a591ddfc9f0cb9c66022d0ab5a0098d6,reserve
891,d0bb33dfa67b4b468c41b2683657afd1,by,by,Apple - Mythical Beasts Jousting Assets,ikapoura,ikapoura,https://api.sketchfab.com/v3/models/d0bb33dfa67b4b468c41b2683657afd1,https://sketchfab.com/3d-models/d0bb33dfa67b4b468c41b2683657afd1,glbs/000-118/d0bb33dfa67b4b468c41b2683657afd1.glb,000-118,aaae316f3f829831503ed7c319f159b828f35a172d6de3302c01155e3d5e4abd,reserve
892,fa85d0ef26bd4dba9445ff5dd3baa1bd,by,by,Boss Zombie Sculpted,mdsz13,shaz13,https://api.sketchfab.com/v3/models/fa85d0ef26bd4dba9445ff5dd3baa1bd,https://sketchfab.com/3d-models/fa85d0ef26bd4dba9445ff5dd3baa1bd,glbs/000-040/fa85d0ef26bd4dba9445ff5dd3baa1bd.glb,000-040,05a0d7378fe70ba4681afb5fb10d1b32d22134301b94b7483177b64ba0421eae,reserve
893,00615da2444f437da7efa342c05be7ff,by,by,DJ5000,David Henson,david.henson,https://api.sketchfab.com/v3/models/00615da2444f437da7efa342c05be7ff,https://sketchfab.com/3d-models/00615da2444f437da7efa342c05be7ff,glbs/000-032/00615da2444f437da7efa342c05be7ff.glb,000-032,4d82335a9adb53075ada1fd2d3ace30a83785cbab18e0cd4f0158112d0d67f44,reserve
894,6a446cb63e1f45a4bbcc7695bd3ecddb,by,by,Blacking Ink Bottle,samilapf,samilapf,https://api.sketchfab.com/v3/models/6a446cb63e1f45a4bbcc7695bd3ecddb,https://sketchfab.com/3d-models/6a446cb63e1f45a4bbcc7695bd3ecddb,glbs/000-050/6a446cb63e1f45a4bbcc7695bd3ecddb.glb,000-050,9193d6c7739deb10e332f3e9d97f8b1357d604f65b0c450a2642304622f6594d,reserve
895,b56038bf71524231aeb09993ba6828d3,by,by,SPIS101 2020 - Compulsory 2,xephoney,xephoney,https://api.sketchfab.com/v3/models/b56038bf71524231aeb09993ba6828d3,https://sketchfab.com/3d-models/b56038bf71524231aeb09993ba6828d3,glbs/000-151/b56038bf71524231aeb09993ba6828d3.glb,000-151,ac33f688891f11c6965811e951a18b23a42a4dadb6366b690f63ba49823869a4,reserve
896,792416146dfc43a28d7dbeca66dd117d,by,by,Dirt hills,zancajot,zancajot,https://api.sketchfab.com/v3/models/792416146dfc43a28d7dbeca66dd117d,https://sketchfab.com/3d-models/792416146dfc43a28d7dbeca66dd117d,glbs/000-125/792416146dfc43a28d7dbeca66dd117d.glb,000-125,27cabc2fdde84b891259916235b2f5e7540afef17b60bbb0f3488e0cd10636fe,reserve
897,45b094e122b5428eb70b6b800adf2d77,by,by,Kanan Jarrus's Lightsaber,Stefan Heuvink,stefboy29,https://api.sketchfab.com/v3/models/45b094e122b5428eb70b6b800adf2d77,https://sketchfab.com/3d-models/45b094e122b5428eb70b6b800adf2d77,glbs/000-157/45b094e122b5428eb70b6b800adf2d77.glb,000-157,3de40df8e0ff60006efc36a86597723d3a46267bf510b5dcb9814cbee2c49964,reserve
898,3a0ec08b1d504d3ba0b3533d004c3e0c,by,by,фонарь,poludennov62,poludennov62,https://api.sketchfab.com/v3/models/3a0ec08b1d504d3ba0b3533d004c3e0c,https://sketchfab.com/3d-models/3a0ec08b1d504d3ba0b3533d004c3e0c,glbs/000-010/3a0ec08b1d504d3ba0b3533d004c3e0c.glb,000-010,84eabbb408ce0a09902183bdce9f79435700f2f6679506b79846aadcd9a32552,reserve
899,5a31229fef8c4bc08f6765e4cd91f264,by,by,Beretta M9,DNC44,DNC44,https://api.sketchfab.com/v3/models/5a31229fef8c4bc08f6765e4cd91f264,https://sketchfab.com/3d-models/5a31229fef8c4bc08f6765e4cd91f264,glbs/000-040/5a31229fef8c4bc08f6765e4cd91f264.glb,000-040,05a0d7378fe70ba4681afb5fb10d1b32d22134301b94b7483177b64ba0421eae,reserve
900,ea8e58c36f584c02b1afbd4a7ffa203a,by,by,Array,d880,distance880,https://api.sketchfab.com/v3/models/ea8e58c36f584c02b1afbd4a7ffa203a,https://sketchfab.com/3d-models/ea8e58c36f584c02b1afbd4a7ffa203a,glbs/000-110/ea8e58c36f584c02b1afbd4a7ffa203a.glb,000-110,d93aee8e0316a794dae1aeff7acd2c1cb84cecd2c12862c6fa782f6b96dc9b19,reserve
901,87f09bf333d64b16aa24515422d0b26d,by,by,Kokedama Asparagus,eeelabvisual,eeelabvisual,https://api.sketchfab.com/v3/models/87f09bf333d64b16aa24515422d0b26d,https://sketchfab.com/3d-models/87f09bf333d64b16aa24515422d0b26d,glbs/000-013/87f09bf333d64b16aa24515422d0b26d.glb,000-013,499ddded05772356942ec99377090bbf3d68aa6cc20e89b5e63aa02f7389a0e2,reserve
902,fe65f344654c4d39b9e005770cef47ee,by,by,Another textured head!,Lily Orton,lorton1,https://api.sketchfab.com/v3/models/fe65f344654c4d39b9e005770cef47ee,https://sketchfab.com/3d-models/fe65f344654c4d39b9e005770cef47ee,glbs/000-096/fe65f344654c4d39b9e005770cef47ee.glb,000-096,3a1558f94d8b3653478065a94bebef63c01168cca91a3c16a95fbca29c9727f1,reserve
903,8388f83ecd1f4e96a8157365a56f69a7,by,by,Laboratorio Lavorare Comodi 803,francescamac,francescamac,https://api.sketchfab.com/v3/models/8388f83ecd1f4e96a8157365a56f69a7,https://sketchfab.com/3d-models/8388f83ecd1f4e96a8157365a56f69a7,glbs/000-044/8388f83ecd1f4e96a8157365a56f69a7.glb,000-044,d1a920b3d6e60c919a1e2ef114cd1584bc4a47372e33f34188f882ab0355e9a3,reserve
904,dbd08371c55c475db050de343f384a42,by,by,Fish,alp42,alpthe42,https://api.sketchfab.com/v3/models/dbd08371c55c475db050de343f384a42,https://sketchfab.com/3d-models/dbd08371c55c475db050de343f384a42,glbs/000-037/dbd08371c55c475db050de343f384a42.glb,000-037,de26eb6c7cc63d924baf9bd54f7a569a927ddaf7a3222d81eecde1b6e78e50df,reserve
905,139c58d7a65146e7a32231ee40dc7e06,by,by,Mace,Stephanus Tavilrond,waysofdarkness,https://api.sketchfab.com/v3/models/139c58d7a65146e7a32231ee40dc7e06,https://sketchfab.com/3d-models/139c58d7a65146e7a32231ee40dc7e06,glbs/000-029/139c58d7a65146e7a32231ee40dc7e06.glb,000-029,c64b5971a3d46e4436280d41abe19bbb6d9acf8cdd893f99fcb0b0a1572edc88,reserve
906,80dd7fb7a5064d48b35686b74080c40d,by,by,p-20-1533_EP,Wizualizacje 3D,wizualizacje3d,https://api.sketchfab.com/v3/models/80dd7fb7a5064d48b35686b74080c40d,https://sketchfab.com/3d-models/80dd7fb7a5064d48b35686b74080c40d,glbs/000-054/80dd7fb7a5064d48b35686b74080c40d.glb,000-054,0ee2e200f962a018398812b139a1cda11633a31ee9ac681d185199863ccd8c33,reserve
907,a52f7a65939d4b6b863fafdf22f109c4,by,by,Annapia,piranesi,piranesi,https://api.sketchfab.com/v3/models/a52f7a65939d4b6b863fafdf22f109c4,https://sketchfab.com/3d-models/a52f7a65939d4b6b863fafdf22f109c4,glbs/000-111/a52f7a65939d4b6b863fafdf22f109c4.glb,000-111,ff1a44b4a57b41aef99991b15fc92b5184bea783ca4ac871451159ae85fae3d8,reserve
908,acab43aa516f48f5bfc1def6baef813b,by,by,Ember Reforged Axe,Osho,Crysis007-94,https://api.sketchfab.com/v3/models/acab43aa516f48f5bfc1def6baef813b,https://sketchfab.com/3d-models/acab43aa516f48f5bfc1def6baef813b,glbs/000-084/acab43aa516f48f5bfc1def6baef813b.glb,000-084,3884cd5b74379023235e38c2f4d18edfa1deaa41161f585fd27bf0d130d1d819,reserve
909,c6ad5bcc9af94198b8ed5efa36eb0eeb,by,by,Lamp MELODI - IKEA,BlueCrystal500,BlueCrystal500,https://api.sketchfab.com/v3/models/c6ad5bcc9af94198b8ed5efa36eb0eeb,https://sketchfab.com/3d-models/c6ad5bcc9af94198b8ed5efa36eb0eeb,glbs/000-034/c6ad5bcc9af94198b8ed5efa36eb0eeb.glb,000-034,1abf2f65357b72efe7f8c5430d54dfea572a60a73773d7ce3a3d6b8b26c04b33,reserve
910,ad26b9fd1eb14350be782458d558cfa0,by,by,Wk3 Curve Selection Jeremy Ng,ng105,ng105,https://api.sketchfab.com/v3/models/ad26b9fd1eb14350be782458d558cfa0,https://sketchfab.com/3d-models/ad26b9fd1eb14350be782458d558cfa0,glbs/000-012/ad26b9fd1eb14350be782458d558cfa0.glb,000-012,f9ce7f0ce767c30fbf8d1c0e3a5542d520587ca97b4328db0347cc43f1d4681a,reserve
911,54b6e97a52bd4d138034a925d2c624aa,by-sa,by-sa,Locker_Design02,kata_3,kata_3,https://api.sketchfab.com/v3/models/54b6e97a52bd4d138034a925d2c624aa,https://sketchfab.com/3d-models/54b6e97a52bd4d138034a925d2c624aa,glbs/000-115/54b6e97a52bd4d138034a925d2c624aa.glb,000-115,3ee735ee531f998094ca18e720f6fd5039bfe871e7b73c30128f23f6d3d1e8f9,reserve
912,94da720bedeb4d4cbf1c2a6e16d25e03,by,by,fan mag lay out (random number),beluga,survival_mode,https://api.sketchfab.com/v3/models/94da720bedeb4d4cbf1c2a6e16d25e03,https://sketchfab.com/3d-models/94da720bedeb4d4cbf1c2a6e16d25e03,glbs/000-121/94da720bedeb4d4cbf1c2a6e16d25e03.glb,000-121,6166e9139c333ac10009bf9a11f6498eaf2fadf22a26f2290dcbf85e5d9797b1,reserve
913,1ce6877e19804bb8a498543616e0af99,by,by,42879472,GeneralCreed,GeneralCreed,https://api.sketchfab.com/v3/models/1ce6877e19804bb8a498543616e0af99,https://sketchfab.com/3d-models/1ce6877e19804bb8a498543616e0af99,glbs/000-155/1ce6877e19804bb8a498543616e0af99.glb,000-155,5daa36c171be86be9d8ea631d3196e165c3d35404402d1cc5c7e1f277627791f,reserve
914,9e41613e36a748ef932a6e2f836ec5ea,by,by,The Jane Doe Toe,Grayson,grayg,https://api.sketchfab.com/v3/models/9e41613e36a748ef932a6e2f836ec5ea,https://sketchfab.com/3d-models/9e41613e36a748ef932a6e2f836ec5ea,glbs/000-080/9e41613e36a748ef932a6e2f836ec5ea.glb,000-080,b5c81dfa5a360aeac5e330c7754c18607e3b32b96182f7369d60c737245e9152,reserve
915,f90e9067bc2e4ddaacecaf67d4ab7bb9,by,by,M16 - WIP,Funny_Bear2,Funny_Bear2,https://api.sketchfab.com/v3/models/f90e9067bc2e4ddaacecaf67d4ab7bb9,https://sketchfab.com/3d-models/f90e9067bc2e4ddaacecaf67d4ab7bb9,glbs/000-057/f90e9067bc2e4ddaacecaf67d4ab7bb9.glb,000-057,0390de435d36e6cee9c01a362fa107b5422432b73eaf895a08c96df4e1f8a394,reserve
916,8168bbae7e1740f884c0d841e5083c0b,by-sa,by-sa,IKEA Poang,artem.gavrylin,artem.gavrylin,https://api.sketchfab.com/v3/models/8168bbae7e1740f884c0d841e5083c0b,https://sketchfab.com/3d-models/8168bbae7e1740f884c0d841e5083c0b,glbs/000-140/8168bbae7e1740f884c0d841e5083c0b.glb,000-140,37cd6ac2c0429b109479c5c5d5807f2c6fde4028d456e4cd3415e02741b4072a,reserve
917,2b2d566eaccc4eb7a4621a60ff449c7f,by,by,Kidneys & Aorta Segmentation,Sarah Lawson,lawsose1997,https://api.sketchfab.com/v3/models/2b2d566eaccc4eb7a4621a60ff449c7f,https://sketchfab.com/3d-models/2b2d566eaccc4eb7a4621a60ff449c7f,glbs/000-081/2b2d566eaccc4eb7a4621a60ff449c7f.glb,000-081,204677ec2b9b8600e77caacd4452e6286e19d03c04d18b2e85e207201d7e1662,reserve
918,8f0f34e8f2dc424e95895bd8d0afd318,by,by,BED FINAL,subasreebaskaran,subasreebaskaran9620,https://api.sketchfab.com/v3/models/8f0f34e8f2dc424e95895bd8d0afd318,https://sketchfab.com/3d-models/8f0f34e8f2dc424e95895bd8d0afd318,glbs/000-070/8f0f34e8f2dc424e95895bd8d0afd318.glb,000-070,4d3712651b26d85189a849345622ccbb9bb2821210f47f8255945b95b7116f14,reserve
919,45e9a7282cb4457cb2cb19fc40fe1f2c,by,by,FZ,cerettelli,cerettelli,https://api.sketchfab.com/v3/models/45e9a7282cb4457cb2cb19fc40fe1f2c,https://sketchfab.com/3d-models/45e9a7282cb4457cb2cb19fc40fe1f2c,glbs/000-119/45e9a7282cb4457cb2cb19fc40fe1f2c.glb,000-119,3e79c2c191db1e2f84b488d5b0bf78a6346a9e7995b071ba7aaa356ab9801022,reserve
920,5e7795263f7142878471c3ce7d471f1c,by,by,Chair,daedaljs,daedalJS,https://api.sketchfab.com/v3/models/5e7795263f7142878471c3ce7d471f1c,https://sketchfab.com/3d-models/5e7795263f7142878471c3ce7d471f1c,glbs/000-020/5e7795263f7142878471c3ce7d471f1c.glb,000-020,34f6af294984c84a204f02083d013c431e35ea57e5cca31acc81336f80c7f06d,reserve
921,c96396d16dfd493ab74e3d145549db4b,by,by,"Thu, 11 Oct 2018 18:48:34",newfields-3dprinting,newfields-3dprinting,https://api.sketchfab.com/v3/models/c96396d16dfd493ab74e3d145549db4b,https://sketchfab.com/3d-models/c96396d16dfd493ab74e3d145549db4b,glbs/000-076/c96396d16dfd493ab74e3d145549db4b.glb,000-076,075a758cea81f522e1d5a1e031a7d8dab0eeefd96889629d8d16d2b1bc97e5cd,reserve
922,69c8133dd8f443c6910f512fd4300e00,by,by,0084-HID-R00,Maria Fernanda Franco Roque,ffr.maria,https://api.sketchfab.com/v3/models/69c8133dd8f443c6910f512fd4300e00,https://sketchfab.com/3d-models/69c8133dd8f443c6910f512fd4300e00,glbs/000-127/69c8133dd8f443c6910f512fd4300e00.glb,000-127,4150815f120e312a4c137846e79e97501550c389b367bb9e7ced640034f7a1ac,reserve
923,1f37ca0eeb9f4fdda3ec255672de84d6,by,by,PN220903,RuanNortjeS,RuanNortjeS,https://api.sketchfab.com/v3/models/1f37ca0eeb9f4fdda3ec255672de84d6,https://sketchfab.com/3d-models/1f37ca0eeb9f4fdda3ec255672de84d6,glbs/000-087/1f37ca0eeb9f4fdda3ec255672de84d6.glb,000-087,5809ab619c710a57d4de017b30c90b3108f62e45503b567efc03105c657b26f9,reserve
924,f36d63d0fb0e425fa6aba2644ad81227,by,by,Lego Creator Dinosaure,Vladyslav FX,vladyslavfx,https://api.sketchfab.com/v3/models/f36d63d0fb0e425fa6aba2644ad81227,https://sketchfab.com/3d-models/f36d63d0fb0e425fa6aba2644ad81227,glbs/000-100/f36d63d0fb0e425fa6aba2644ad81227.glb,000-100,d7c68c115828d1a5f38e722faa3c52c0d394ad74f24b42be5eac1e00e69b45a0,reserve
925,d4d3484c467f469d9375c5fde90545dc,by,by,monster Opu,fabriciorozier,fabriciorozier,https://api.sketchfab.com/v3/models/d4d3484c467f469d9375c5fde90545dc,https://sketchfab.com/3d-models/d4d3484c467f469d9375c5fde90545dc,glbs/000-150/d4d3484c467f469d9375c5fde90545dc.glb,000-150,e586b545bcf481a0a605d5e756dab492e223beb3465bb59248dd48153f9526d6,reserve
926,566367b142174fd9ac2389b3dad45ce6,by,by,Tarea 2,Josue_Olivo,Josue_Olivo,https://api.sketchfab.com/v3/models/566367b142174fd9ac2389b3dad45ce6,https://sketchfab.com/3d-models/566367b142174fd9ac2389b3dad45ce6,glbs/000-018/566367b142174fd9ac2389b3dad45ce6.glb,000-018,0339a843a0093663249e8c026c9f565bfdfde895cc7e6e1d337ce7865130b04e,reserve
927,67c1f9cb4a3c4375a85c03d9a60c908b,by,by,Breadtest,cubiclegangster,cubiclegangster,https://api.sketchfab.com/v3/models/67c1f9cb4a3c4375a85c03d9a60c908b,https://sketchfab.com/3d-models/67c1f9cb4a3c4375a85c03d9a60c908b,glbs/000-087/67c1f9cb4a3c4375a85c03d9a60c908b.glb,000-087,5809ab619c710a57d4de017b30c90b3108f62e45503b567efc03105c657b26f9,reserve
928,66923555d4a54626aea3ef6721f187a0,by,by,volta a botte a gomito - raccolta volte,Alessandro Barbieri,ilbarbi,https://api.sketchfab.com/v3/models/66923555d4a54626aea3ef6721f187a0,https://sketchfab.com/3d-models/66923555d4a54626aea3ef6721f187a0,glbs/000-022/66923555d4a54626aea3ef6721f187a0.glb,000-022,7f427265050b1644d9a83ead7fa7eb303c9fc5cd818b03bbb53e5d5967d5e0ff,reserve
929,93b3180195f94edd82c172b6265a3c33,by,by,J210922B,DEKWOOD,DEKWOOD,https://api.sketchfab.com/v3/models/93b3180195f94edd82c172b6265a3c33,https://sketchfab.com/3d-models/93b3180195f94edd82c172b6265a3c33,glbs/000-153/93b3180195f94edd82c172b6265a3c33.glb,000-153,6e3a49a5b798383b76a1e5afada18c3d2253e64c809ccd19b6c05bae327e0ad9,reserve
930,c4bebbfd7abf45afa318fcf76f1bff0d,by,by,Globoturborotalita brazieri,foraminarium,foraminarium,https://api.sketchfab.com/v3/models/c4bebbfd7abf45afa318fcf76f1bff0d,https://sketchfab.com/3d-models/c4bebbfd7abf45afa318fcf76f1bff0d,glbs/000-123/c4bebbfd7abf45afa318fcf76f1bff0d.glb,000-123,4c6e6af804d650d8205eb02633496eb5b2eb95f32ef92d4fff6b42ff5939d06e,reserve
931,0bb3da7fb5f34256a79a6a9c24af03c6,by,by,冰屋子,n17561652630,n17561652630,https://api.sketchfab.com/v3/models/0bb3da7fb5f34256a79a6a9c24af03c6,https://sketchfab.com/3d-models/0bb3da7fb5f34256a79a6a9c24af03c6,glbs/000-156/0bb3da7fb5f34256a79a6a9c24af03c6.glb,000-156,2d2fcfc79c6c04bb4180a4dcc6e5aeff849ec1fa4fecc641201df602614311a9,reserve
932,d8fde7337815493c8cb918c74e7833d0,by,by,SARAH MALICKSON Key Framing Basics,malicksonsarah,malicksonsarah,https://api.sketchfab.com/v3/models/d8fde7337815493c8cb918c74e7833d0,https://sketchfab.com/3d-models/d8fde7337815493c8cb918c74e7833d0,glbs/000-037/d8fde7337815493c8cb918c74e7833d0.glb,000-037,de26eb6c7cc63d924baf9bd54f7a569a927ddaf7a3222d81eecde1b6e78e50df,reserve
933,0b5e1531ad2b409cb44fc3574cf34fae,by,by,Future2,Ricardo Augusto,zwartob,https://api.sketchfab.com/v3/models/0b5e1531ad2b409cb44fc3574cf34fae,https://sketchfab.com/3d-models/0b5e1531ad2b409cb44fc3574cf34fae,glbs/000-015/0b5e1531ad2b409cb44fc3574cf34fae.glb,000-015,60ff99f4196cb0d1346f427479f23c5264893e81674fae1f15231f8e50d449ac,reserve
934,e6489aa77f9841928fd5786bdd16a873,by,by,12-guage,othmanseddiik,othmanseddiik,https://api.sketchfab.com/v3/models/e6489aa77f9841928fd5786bdd16a873,https://sketchfab.com/3d-models/e6489aa77f9841928fd5786bdd16a873,glbs/000-104/e6489aa77f9841928fd5786bdd16a873.glb,000-104,c4d1e66e9f7290d606d5c42298cdeb777da84dc2625c91cd3cd5dd985e9b12cf,reserve
935,d5d8d799f6954334854dba12bb6a1b5e,by,by,Bird Cage from Poly by Google,IronEqual,ie-niels,https://api.sketchfab.com/v3/models/d5d8d799f6954334854dba12bb6a1b5e,https://sketchfab.com/3d-models/d5d8d799f6954334854dba12bb6a1b5e,glbs/000-021/d5d8d799f6954334854dba12bb6a1b5e.glb,000-021,c10972c26e7ba827cf0e941dec6337342d458f269bf2a65c345d5241388a4ec0,reserve
936,64750916e3b14aa3affab4e13c85ffcd,by,by,3d Estrutural,Itallo.Bernardo,Itallo.Bernardo,https://api.sketchfab.com/v3/models/64750916e3b14aa3affab4e13c85ffcd,https://sketchfab.com/3d-models/64750916e3b14aa3affab4e13c85ffcd,glbs/000-025/64750916e3b14aa3affab4e13c85ffcd.glb,000-025,b5c0cbefa5a9e7376d87cf2ec830940e5ec589a803a0509b5c94fa0e4f5df729,reserve
937,7c1555c3f2ae4b4eb866c1de33e2183e,by,by,дом уфа,Designer,89196858880,https://api.sketchfab.com/v3/models/7c1555c3f2ae4b4eb866c1de33e2183e,https://sketchfab.com/3d-models/7c1555c3f2ae4b4eb866c1de33e2183e,glbs/000-113/7c1555c3f2ae4b4eb866c1de33e2183e.glb,000-113,8ad62ed53003012fc99c1fb7833b29fd9555c6aef3025d21a39d7f0184bf00d2,reserve
938,55b00d96311640fc9b62d812c34aa9f5,by,by,Minecraft,alexander.okborg,alexander.okborg,https://api.sketchfab.com/v3/models/55b00d96311640fc9b62d812c34aa9f5,https://sketchfab.com/3d-models/55b00d96311640fc9b62d812c34aa9f5,glbs/000-134/55b00d96311640fc9b62d812c34aa9f5.glb,000-134,c437a3da74de49a7393d03a5dcdcbec1f4ae0da1f2152793f2b1ccaf6a5bd652,reserve
939,7880b7d4d1b042719b2b993cba670312,by,by,Hongo Máhico,Barbara Sanchez,ms.hurona,https://api.sketchfab.com/v3/models/7880b7d4d1b042719b2b993cba670312,https://sketchfab.com/3d-models/7880b7d4d1b042719b2b993cba670312,glbs/000-097/7880b7d4d1b042719b2b993cba670312.glb,000-097,f962516e9bf6ce467328c238087b4767092f5d30763bfe5309ee3d32df9b24dd,reserve
940,eb98251fbccf4cdd8a3737362e2378e9,by,by,Solo 100シェルフ WN,classe-saga,classe-saga,https://api.sketchfab.com/v3/models/eb98251fbccf4cdd8a3737362e2378e9,https://sketchfab.com/3d-models/eb98251fbccf4cdd8a3737362e2378e9,glbs/000-143/eb98251fbccf4cdd8a3737362e2378e9.glb,000-143,3e3848e8a3b66fcdf5e1497585779fd750db3559012064476211102539ca6faf,reserve
941,67f398d51d834c469404565680531f16,by,by,1876 BABY!,Blayne Jackson,blaynejackson,https://api.sketchfab.com/v3/models/67f398d51d834c469404565680531f16,https://sketchfab.com/3d-models/67f398d51d834c469404565680531f16,glbs/000-022/67f398d51d834c469404565680531f16.glb,000-022,7f427265050b1644d9a83ead7fa7eb303c9fc5cd818b03bbb53e5d5967d5e0ff,reserve
942,c7ba3350dda04dc5b15ee9414407da63,by,by,Potato Monster Head,Idmental,idmental.id,https://api.sketchfab.com/v3/models/c7ba3350dda04dc5b15ee9414407da63,https://sketchfab.com/3d-models/c7ba3350dda04dc5b15ee9414407da63,glbs/000-024/c7ba3350dda04dc5b15ee9414407da63.glb,000-024,f7a12395bc396b8e8fb0162f0fe60ee43b42b7cfb3a215bde9866074ae41a566,reserve
943,8023e85c24ca425c820ccf4629fd785b,by,by,test scene,Fei.Xia,Fei.Xia,https://api.sketchfab.com/v3/models/8023e85c24ca425c820ccf4629fd785b,https://sketchfab.com/3d-models/8023e85c24ca425c820ccf4629fd785b,glbs/000-002/8023e85c24ca425c820ccf4629fd785b.glb,000-002,960454d09f0ba9ea6d46a4016bf5bacb9e2f01713e305718266c019943c38abc,reserve
944,95a5013a419045f584596e83e35a698c,by,by,Flower Stone Pot,ALI.R,ALI.R,https://api.sketchfab.com/v3/models/95a5013a419045f584596e83e35a698c,https://sketchfab.com/3d-models/95a5013a419045f584596e83e35a698c,glbs/000-115/95a5013a419045f584596e83e35a698c.glb,000-115,3ee735ee531f998094ca18e720f6fd5039bfe871e7b73c30128f23f6d3d1e8f9,reserve
945,2d0d5a6e68eb447db2a4bf5c341a46b6,by,by,086454,ForfarRoofTruss,ForfarRoofTruss,https://api.sketchfab.com/v3/models/2d0d5a6e68eb447db2a4bf5c341a46b6,https://sketchfab.com/3d-models/2d0d5a6e68eb447db2a4bf5c341a46b6,glbs/000-022/2d0d5a6e68eb447db2a4bf5c341a46b6.glb,000-022,7f427265050b1644d9a83ead7fa7eb303c9fc5cd818b03bbb53e5d5967d5e0ff,reserve
946,b0f58700bd874d19b5234c3a381d88db,by,by,1335,MTX,MTXsite,https://api.sketchfab.com/v3/models/b0f58700bd874d19b5234c3a381d88db,https://sketchfab.com/3d-models/b0f58700bd874d19b5234c3a381d88db,glbs/000-119/b0f58700bd874d19b5234c3a381d88db.glb,000-119,3e79c2c191db1e2f84b488d5b0bf78a6346a9e7995b071ba7aaa356ab9801022,reserve
947,480d87d20a754d11ac6ac042ed577d69,by,by,INDA _Y3 _AD3 _Payap _Gene _Texture_Final,GeneSirapat,GeneSirapat,https://api.sketchfab.com/v3/models/480d87d20a754d11ac6ac042ed577d69,https://sketchfab.com/3d-models/480d87d20a754d11ac6ac042ed577d69,glbs/000-033/480d87d20a754d11ac6ac042ed577d69.glb,000-033,66f44bc2bb3a3dbb40db3ee67c90627babdc443c19947ad9342caa07f825f734,reserve
948,e1899373f9d741f0b35b906139f3a00b,by,by,Room by night,gorzi,gorzi90,https://api.sketchfab.com/v3/models/e1899373f9d741f0b35b906139f3a00b,https://sketchfab.com/3d-models/e1899373f9d741f0b35b906139f3a00b,glbs/000-043/e1899373f9d741f0b35b906139f3a00b.glb,000-043,752b681222db8fc4e8f8fc9d12c99bcfe776f87a7cca2d893a2513a53181f20c,reserve
949,50adb21b4918426cbcf71f6ba6a9ada8,by,by,Armchair,m.nataliya.at,m.nataliya.at,https://api.sketchfab.com/v3/models/50adb21b4918426cbcf71f6ba6a9ada8,https://sketchfab.com/3d-models/50adb21b4918426cbcf71f6ba6a9ada8,glbs/000-149/50adb21b4918426cbcf71f6ba6a9ada8.glb,000-149,8f5cd4952ecd5141539addd92b1d3c4332498ebff38a3a03e31b989f958efdd7,reserve
950,6f11901471e14a5e93b03098382ecfd3,by,by,Evil stone,Luka92,Luka92,https://api.sketchfab.com/v3/models/6f11901471e14a5e93b03098382ecfd3,https://sketchfab.com/3d-models/6f11901471e14a5e93b03098382ecfd3,glbs/000-129/6f11901471e14a5e93b03098382ecfd3.glb,000-129,ed86d23a1dc80b2df5735de4ebf0ca19181663fab1746269f1b1a8bf803f034b,reserve
951,66b536904e5a432695b66f5c2cdef653,by,by,Archivo Municipal de Lorca,Alex Lascano,AlexLascano,https://api.sketchfab.com/v3/models/66b536904e5a432695b66f5c2cdef653,https://sketchfab.com/3d-models/66b536904e5a432695b66f5c2cdef653,glbs/000-141/66b536904e5a432695b66f5c2cdef653.glb,000-141,1fda906da222df7d1ca4b50628d7974e470401fc0a54eeac2c5770f5360c3e92,reserve
952,b60f88e84cda463a9eb1b8834389ce2b,by,by,VikingShield,ArinaWRay,ArinaWRay,https://api.sketchfab.com/v3/models/b60f88e84cda463a9eb1b8834389ce2b,https://sketchfab.com/3d-models/b60f88e84cda463a9eb1b8834389ce2b,glbs/000-025/b60f88e84cda463a9eb1b8834389ce2b.glb,000-025,b5c0cbefa5a9e7376d87cf2ec830940e5ec589a803a0509b5c94fa0e4f5df729,reserve
953,xD4Bo24cKJXueq028XZ6KAaiiJv,by,by,Staff of the Voidmaster,Kocyk,Kocyk,https://api.sketchfab.com/v3/models/xD4Bo24cKJXueq028XZ6KAaiiJv,https://sketchfab.com/3d-models/xD4Bo24cKJXueq028XZ6KAaiiJv,glbs/000-019/xD4Bo24cKJXueq028XZ6KAaiiJv.glb,000-019,e810d299af9e54d05161106fa27aa1d86006174d3e09d3cd52ea453732a694ae,reserve
954,63587c868fb94abbb4709c68e4fa1f47,by,by,"Dunadd Fort, Scotland",Fearann Alba,Fearann_Alba,https://api.sketchfab.com/v3/models/63587c868fb94abbb4709c68e4fa1f47,https://sketchfab.com/3d-models/63587c868fb94abbb4709c68e4fa1f47,glbs/000-110/63587c868fb94abbb4709c68e4fa1f47.glb,000-110,d93aee8e0316a794dae1aeff7acd2c1cb84cecd2c12862c6fa782f6b96dc9b19,reserve
955,f1dad6be59f44bd19f8d355d812827e1,by,by,Blowtorch,Alaky,Alaky,https://api.sketchfab.com/v3/models/f1dad6be59f44bd19f8d355d812827e1,https://sketchfab.com/3d-models/f1dad6be59f44bd19f8d355d812827e1,glbs/000-155/f1dad6be59f44bd19f8d355d812827e1.glb,000-155,5daa36c171be86be9d8ea631d3196e165c3d35404402d1cc5c7e1f277627791f,reserve
956,98df97f338a045188b10da6bbef8684a,by-sa,by-sa,??,brunowahlo,brunowahlo,https://api.sketchfab.com/v3/models/98df97f338a045188b10da6bbef8684a,https://sketchfab.com/3d-models/98df97f338a045188b10da6bbef8684a,glbs/000-022/98df97f338a045188b10da6bbef8684a.glb,000-022,7f427265050b1644d9a83ead7fa7eb303c9fc5cd818b03bbb53e5d5967d5e0ff,reserve
957,d0d89591be844b5c8c9b9670ff6e73e1,by,by,Zveihander V3,blackwolfa,blackwolfa,https://api.sketchfab.com/v3/models/d0d89591be844b5c8c9b9670ff6e73e1,https://sketchfab.com/3d-models/d0d89591be844b5c8c9b9670ff6e73e1,glbs/000-062/d0d89591be844b5c8c9b9670ff6e73e1.glb,000-062,40d1efb36b59a414550f906a4f714b6f9cca0f43f653658c6455507fe6fd1c6f,reserve
958,cd72c25b2b3b41c596678ddf13eb1713,by,by,Free low poly knifes 10,DmitryLavr,DmitryLavr,https://api.sketchfab.com/v3/models/cd72c25b2b3b41c596678ddf13eb1713,https://sketchfab.com/3d-models/cd72c25b2b3b41c596678ddf13eb1713,glbs/000-050/cd72c25b2b3b41c596678ddf13eb1713.glb,000-050,9193d6c7739deb10e332f3e9d97f8b1357d604f65b0c450a2642304622f6594d,reserve
959,c03b33781bc2489a91d85e01d95ae392,by,by,Elucidator,AshiX228,AshiX228,https://api.sketchfab.com/v3/models/c03b33781bc2489a91d85e01d95ae392,https://sketchfab.com/3d-models/c03b33781bc2489a91d85e01d95ae392,glbs/000-110/c03b33781bc2489a91d85e01d95ae392.glb,000-110,d93aee8e0316a794dae1aeff7acd2c1cb84cecd2c12862c6fa782f6b96dc9b19,reserve
960,74f9ee1ed8c547f99c440cd329dd37e8,by,by,Zombie,pooiloui2,pooiloui2,https://api.sketchfab.com/v3/models/74f9ee1ed8c547f99c440cd329dd37e8,https://sketchfab.com/3d-models/74f9ee1ed8c547f99c440cd329dd37e8,glbs/000-125/74f9ee1ed8c547f99c440cd329dd37e8.glb,000-125,27cabc2fdde84b891259916235b2f5e7540afef17b60bbb0f3488e0cd10636fe,reserve
961,5d88d2efd1b94fcfa6c6c4f9385add8b,by,by,Anime Chibi Character,Ansar.Ahmad,Ansar.Ahmad,https://api.sketchfab.com/v3/models/5d88d2efd1b94fcfa6c6c4f9385add8b,https://sketchfab.com/3d-models/5d88d2efd1b94fcfa6c6c4f9385add8b,glbs/000-055/5d88d2efd1b94fcfa6c6c4f9385add8b.glb,000-055,015347bf15350b8017a7a70c091a1907ff2f65d3fe5c4d5b78c16401f4ac5548,reserve
962,99343eabe87044b4805583533a336ef4,by,by,Светильник  3581/2W Odeon Light,fedomo.ru,fedomo,https://api.sketchfab.com/v3/models/99343eabe87044b4805583533a336ef4,https://sketchfab.com/3d-models/99343eabe87044b4805583533a336ef4,glbs/000-157/99343eabe87044b4805583533a336ef4.glb,000-157,3de40df8e0ff60006efc36a86597723d3a46267bf510b5dcb9814cbee2c49964,reserve
963,9e361cb2252c416f949ae3317b5ef44c,by,by,nepenthes,gohean33,gohean33,https://api.sketchfab.com/v3/models/9e361cb2252c416f949ae3317b5ef44c,https://sketchfab.com/3d-models/9e361cb2252c416f949ae3317b5ef44c,glbs/000-076/9e361cb2252c416f949ae3317b5ef44c.glb,000-076,075a758cea81f522e1d5a1e031a7d8dab0eeefd96889629d8d16d2b1bc97e5cd,reserve
964,b74eb4dceae843da86f552b70ec646e9,by,by,Shampoo V5000,dosp0911,dosp0911,https://api.sketchfab.com/v3/models/b74eb4dceae843da86f552b70ec646e9,https://sketchfab.com/3d-models/b74eb4dceae843da86f552b70ec646e9,glbs/000-158/b74eb4dceae843da86f552b70ec646e9.glb,000-158,db49f754a12c507d1a1b1db7207a127937f2766cd21ab72fa08797bf430616eb,reserve
965,093ec3dfc63b465ebfd0cf511e21281e,by,by,VICTALAB INFRA ELÉTRICO TÉRREO,fabiolcastro,fabiolcastro,https://api.sketchfab.com/v3/models/093ec3dfc63b465ebfd0cf511e21281e,https://sketchfab.com/3d-models/093ec3dfc63b465ebfd0cf511e21281e,glbs/000-085/093ec3dfc63b465ebfd0cf511e21281e.glb,000-085,e56ddb789cf281dfa213b8a5067bd5e39ca6395a074bf0f1bcb46b6cd72098e9,reserve
966,e614a7e714e5453ca7d6c1bc43891a83,by,by,Inokashira Park Ochanomizu Spring Water,haltyt,haltyt,https://api.sketchfab.com/v3/models/e614a7e714e5453ca7d6c1bc43891a83,https://sketchfab.com/3d-models/e614a7e714e5453ca7d6c1bc43891a83,glbs/000-135/e614a7e714e5453ca7d6c1bc43891a83.glb,000-135,4600a2aa558855cfaf6431a70974570f4f3fce1f0b0a524c238d572ef584b27d,reserve
967,e639779b520a415d982d77e3823687d4,cc0,cc0,1972.158.2 Guardian Figure: Nio,Cleveland Museum of Art,clevelandart,https://api.sketchfab.com/v3/models/e639779b520a415d982d77e3823687d4,https://sketchfab.com/3d-models/e639779b520a415d982d77e3823687d4,glbs/000-014/e639779b520a415d982d77e3823687d4.glb,000-014,5ea360089dd712ded220ca941043617b5d568d422e30c94bcb32c55172f12744,reserve
968,220aa2c15a274842b7c5658dd28a8eec,by,by,"Human body, Natl. Museum of Natural History",Emm (Scenario),edemaistre,https://api.sketchfab.com/v3/models/220aa2c15a274842b7c5658dd28a8eec,https://sketchfab.com/3d-models/220aa2c15a274842b7c5658dd28a8eec,glbs/000-036/220aa2c15a274842b7c5658dd28a8eec.glb,000-036,ac3e2c099e7f645606cfd97a99c589cf36eccaa54037cf822d86559ed7ab0957,reserve
969,12b9e2bee0374586b0c2f580dea00f4b,by,by,bounty hunter's lair blocking,Bohdan Molodoi,bohdanmolodoi,https://api.sketchfab.com/v3/models/12b9e2bee0374586b0c2f580dea00f4b,https://sketchfab.com/3d-models/12b9e2bee0374586b0c2f580dea00f4b,glbs/000-072/12b9e2bee0374586b0c2f580dea00f4b.glb,000-072,b64fc310e466334c536521755aec6b040977de41edb985813bfba521b1035db2,reserve
970,cb9c8589c88f43cd947876a565177b62,by,by,Ora Vet 1 Dose Label LGE,howdyhay,19581997,https://api.sketchfab.com/v3/models/cb9c8589c88f43cd947876a565177b62,https://sketchfab.com/3d-models/cb9c8589c88f43cd947876a565177b62,glbs/000-038/cb9c8589c88f43cd947876a565177b62.glb,000-038,97a63d6ee11dc9fc9211bb656f02e2939726a46b3f6efda96f6529625af75b28,reserve
971,02bb56c712d3410bb7d1e83b333d5462,by,by,Advent Dawn,mrxist,mrxist,https://api.sketchfab.com/v3/models/02bb56c712d3410bb7d1e83b333d5462,https://sketchfab.com/3d-models/02bb56c712d3410bb7d1e83b333d5462,glbs/000-059/02bb56c712d3410bb7d1e83b333d5462.glb,000-059,1e1c51cd6596a46e6cee7dfe9928b58ca64e951f4c56c9c29fb2fa216ccb7264,reserve
972,b6d54fd1e9394a1f8884e833bf91db26,by,by,Projeto de Ampliação,Jonas M. Cervelim,jonascervelim,https://api.sketchfab.com/v3/models/b6d54fd1e9394a1f8884e833bf91db26,https://sketchfab.com/3d-models/b6d54fd1e9394a1f8884e833bf91db26,glbs/000-088/b6d54fd1e9394a1f8884e833bf91db26.glb,000-088,ba9d9532e774f93e1b4edd5f942bc2e4cc4c20a0f27db2762eda60804d1f85ab,reserve
973,1f6326478d414ccf9dfb33a5b3794a7c,by,by,36061692,GeneralCreed,GeneralCreed,https://api.sketchfab.com/v3/models/1f6326478d414ccf9dfb33a5b3794a7c,https://sketchfab.com/3d-models/1f6326478d414ccf9dfb33a5b3794a7c,glbs/000-115/1f6326478d414ccf9dfb33a5b3794a7c.glb,000-115,3ee735ee531f998094ca18e720f6fd5039bfe871e7b73c30128f23f6d3d1e8f9,reserve
974,c75a5f6478294137834ea8795c4f154e,by,by,Remote,FeartheDeer,FeartheDeer,https://api.sketchfab.com/v3/models/c75a5f6478294137834ea8795c4f154e,https://sketchfab.com/3d-models/c75a5f6478294137834ea8795c4f154e,glbs/000-061/c75a5f6478294137834ea8795c4f154e.glb,000-061,513a702b8cb40fc10c2cd2edcd33d3a111a52eb4bc9d4a0008ec8d26b87eaaa1,reserve
975,3c0f55fd2cc54bb39d2e48072846db95,by,by,20th Century Fox Logo 2005 3D Animation Replica,Henrique Matias Neto,Guguneto,https://api.sketchfab.com/v3/models/3c0f55fd2cc54bb39d2e48072846db95,https://sketchfab.com/3d-models/3c0f55fd2cc54bb39d2e48072846db95,glbs/000-133/3c0f55fd2cc54bb39d2e48072846db95.glb,000-133,a8f3a915a07672d6cdc11aeec315a2f7360c7872d2dc850e5e07a5cae753c703,reserve
976,3950ec23212b474f945a3e02dc222aa0,by,by,Ресторан Черный лебедь,PolyBIM,polyBIMproject,https://api.sketchfab.com/v3/models/3950ec23212b474f945a3e02dc222aa0,https://sketchfab.com/3d-models/3950ec23212b474f945a3e02dc222aa0,glbs/000-071/3950ec23212b474f945a3e02dc222aa0.glb,000-071,029b96a7e3b7805ffc8011ebf22eb165ac5e530540e486565641eac50521de3b,reserve
977,58e8bc1163d044e98cd977dd5208ad1a,by,by,Porszewice,Projekty3D,Projekty3D,https://api.sketchfab.com/v3/models/58e8bc1163d044e98cd977dd5208ad1a,https://sketchfab.com/3d-models/58e8bc1163d044e98cd977dd5208ad1a,glbs/000-135/58e8bc1163d044e98cd977dd5208ad1a.glb,000-135,4600a2aa558855cfaf6431a70974570f4f3fce1f0b0a524c238d572ef584b27d,reserve
978,c753c0f642724e40b440cce858f74a57,by,by,"Shoulder Throw, Victim",LilBoiYT23,Imtyaz,https://api.sketchfab.com/v3/models/c753c0f642724e40b440cce858f74a57,https://sketchfab.com/3d-models/c753c0f642724e40b440cce858f74a57,glbs/000-040/c753c0f642724e40b440cce858f74a57.glb,000-040,05a0d7378fe70ba4681afb5fb10d1b32d22134301b94b7483177b64ba0421eae,reserve
979,15a9dbc5fab8401ebb671c39796593f7,by,by,Chocofish (Low),bigdunck,bigdunck,https://api.sketchfab.com/v3/models/15a9dbc5fab8401ebb671c39796593f7,https://sketchfab.com/3d-models/15a9dbc5fab8401ebb671c39796593f7,glbs/000-077/15a9dbc5fab8401ebb671c39796593f7.glb,000-077,ab70b1fa4d00ee7c9ccadf20b686f646e9b67a048d44ea792ad602880ff3a64c,reserve
980,fc9b97697cd94836817a3106c0bda898,by,by,Casa San Juan - 006,Luis,habitainer,https://api.sketchfab.com/v3/models/fc9b97697cd94836817a3106c0bda898,https://sketchfab.com/3d-models/fc9b97697cd94836817a3106c0bda898,glbs/000-152/fc9b97697cd94836817a3106c0bda898.glb,000-152,0ed0a12440febb7076afd92a148e8b977a63ec2937de4210ab7f389747ace75d,reserve
981,83c77b6ffcfc482b867d7ded4c8a742c,by-sa,by-sa,Tuvia Hollow,camelworks,camelworks,https://api.sketchfab.com/v3/models/83c77b6ffcfc482b867d7ded4c8a742c,https://sketchfab.com/3d-models/83c77b6ffcfc482b867d7ded4c8a742c,glbs/000-050/83c77b6ffcfc482b867d7ded4c8a742c.glb,000-050,9193d6c7739deb10e332f3e9d97f8b1357d604f65b0c450a2642304622f6594d,reserve
982,2248a81b778b45b6b621959aaaffc8aa,by,by,Low Poly Islands,CurlyGurt,CurlyGurt,https://api.sketchfab.com/v3/models/2248a81b778b45b6b621959aaaffc8aa,https://sketchfab.com/3d-models/2248a81b778b45b6b621959aaaffc8aa,glbs/000-117/2248a81b778b45b6b621959aaaffc8aa.glb,000-117,488eb25b771923642d0d78d11f6b167aaba46e1e9b9723fe0c777d8006e7d92d,reserve
983,b04c2235048041af92be60edff05c8c7,by,by,Furor - Embodiment of Anger,Edvin Borkovskij,EdvinBorkovskij,https://api.sketchfab.com/v3/models/b04c2235048041af92be60edff05c8c7,https://sketchfab.com/3d-models/b04c2235048041af92be60edff05c8c7,glbs/000-140/b04c2235048041af92be60edff05c8c7.glb,000-140,37cd6ac2c0429b109479c5c5d5807f2c6fde4028d456e4cd3415e02741b4072a,reserve
984,9fdd4a04df4b42ea9e1ff511ffc7c9db,by,by,DROGA XR,Marcin_Madzik,Marcin_Madzik,https://api.sketchfab.com/v3/models/9fdd4a04df4b42ea9e1ff511ffc7c9db,https://sketchfab.com/3d-models/9fdd4a04df4b42ea9e1ff511ffc7c9db,glbs/000-100/9fdd4a04df4b42ea9e1ff511ffc7c9db.glb,000-100,d7c68c115828d1a5f38e722faa3c52c0d394ad74f24b42be5eac1e00e69b45a0,reserve
985,be2745318d0748f6b0f504acb82ac386,by,by,Pieza 2,LDGP Geometric Documentation of Heritage Lab.,ldgp,https://api.sketchfab.com/v3/models/be2745318d0748f6b0f504acb82ac386,https://sketchfab.com/3d-models/be2745318d0748f6b0f504acb82ac386,glbs/000-085/be2745318d0748f6b0f504acb82ac386.glb,000-085,e56ddb789cf281dfa213b8a5067bd5e39ca6395a074bf0f1bcb46b6cd72098e9,reserve
986,f4573a9525d7497fb013b9853f89f5a0,by,by,Feuergesetzter Stollen im Schwarzwald,helgesteen,helgesteen,https://api.sketchfab.com/v3/models/f4573a9525d7497fb013b9853f89f5a0,https://sketchfab.com/3d-models/f4573a9525d7497fb013b9853f89f5a0,glbs/000-007/f4573a9525d7497fb013b9853f89f5a0.glb,000-007,5309e4d0ca7047efdfdfad8ba68b3e210470a84b17e4c4fa5d1fc125fc6f4c84,reserve
987,91310064bd8d451a97f6158e9fb33a76,by,by,Pangolin,rhuvenciyo,rhuvenciyo,https://api.sketchfab.com/v3/models/91310064bd8d451a97f6158e9fb33a76,https://sketchfab.com/3d-models/91310064bd8d451a97f6158e9fb33a76,glbs/000-062/91310064bd8d451a97f6158e9fb33a76.glb,000-062,40d1efb36b59a414550f906a4f714b6f9cca0f43f653658c6455507fe6fd1c6f,reserve
988,d560915eda7f4299ac0333ecaa55f408,by,by,Ibanez,Víctor Hernández,victorhugohc,https://api.sketchfab.com/v3/models/d560915eda7f4299ac0333ecaa55f408,https://sketchfab.com/3d-models/d560915eda7f4299ac0333ecaa55f408,glbs/000-034/d560915eda7f4299ac0333ecaa55f408.glb,000-034,1abf2f65357b72efe7f8c5430d54dfea572a60a73773d7ce3a3d6b8b26c04b33,reserve
989,19e30338a2524d7ea38ea6f1226bd6f2,by,by,Spatula,Matthew,matthewwsu,https://api.sketchfab.com/v3/models/19e30338a2524d7ea38ea6f1226bd6f2,https://sketchfab.com/3d-models/19e30338a2524d7ea38ea6f1226bd6f2,glbs/000-090/19e30338a2524d7ea38ea6f1226bd6f2.glb,000-090,44acea88cfa57cb0bcec7e074a5dbcfc52e2c53887927432de7d0051ece7957a,reserve
990,9ed01e1537dc44ed97387e488d1afcfc,by,by,Surf Injury Preview,EVAI,Evvvai,https://api.sketchfab.com/v3/models/9ed01e1537dc44ed97387e488d1afcfc,https://sketchfab.com/3d-models/9ed01e1537dc44ed97387e488d1afcfc,glbs/000-050/9ed01e1537dc44ed97387e488d1afcfc.glb,000-050,9193d6c7739deb10e332f3e9d97f8b1357d604f65b0c450a2642304622f6594d,reserve
991,c1e71fbff8b346d48f7f16f6f30dc11e,by,by,Bubble Ship (Oblivion),T-FLEX CAD ST (Free),tflexcad,https://api.sketchfab.com/v3/models/c1e71fbff8b346d48f7f16f6f30dc11e,https://sketchfab.com/3d-models/c1e71fbff8b346d48f7f16f6f30dc11e,glbs/000-019/c1e71fbff8b346d48f7f16f6f30dc11e.glb,000-019,e810d299af9e54d05161106fa27aa1d86006174d3e09d3cd52ea453732a694ae,reserve
992,8dc69c80cebb432688316706cba4910b,by,by,Pen Rest,StephensCollection,StephensCollection,https://api.sketchfab.com/v3/models/8dc69c80cebb432688316706cba4910b,https://sketchfab.com/3d-models/8dc69c80cebb432688316706cba4910b,glbs/000-078/8dc69c80cebb432688316706cba4910b.glb,000-078,bd31f5adfdca47376db4d99dfe39b51b3e5105cd563eee278f7ca500efff1ca0,reserve
993,3ef3ff09a95b4247a1afa00be2076fea,by,by,UV export Sara Ryan,sararyannn,sararyannn,https://api.sketchfab.com/v3/models/3ef3ff09a95b4247a1afa00be2076fea,https://sketchfab.com/3d-models/3ef3ff09a95b4247a1afa00be2076fea,glbs/000-068/3ef3ff09a95b4247a1afa00be2076fea.glb,000-068,fe5e7cf15ed59993c4aa673c2e49b98b0d229048253c0597794b41281354ce77,reserve
994,768fdf401f90473b909935e47e97604a,by,by,Фрагмент сосуда №91(1),misskriss,misskriss,https://api.sketchfab.com/v3/models/768fdf401f90473b909935e47e97604a,https://sketchfab.com/3d-models/768fdf401f90473b909935e47e97604a,glbs/000-012/768fdf401f90473b909935e47e97604a.glb,000-012,f9ce7f0ce767c30fbf8d1c0e3a5542d520587ca97b4328db0347cc43f1d4681a,reserve
995,ec573ff637fc48a0aeafdfdc829a6d97,by,by,"Palacio de Minería, Ciudad de México",idccollective,david.yanez.3d,https://api.sketchfab.com/v3/models/ec573ff637fc48a0aeafdfdc829a6d97,https://sketchfab.com/3d-models/ec573ff637fc48a0aeafdfdc829a6d97,glbs/000-091/ec573ff637fc48a0aeafdfdc829a6d97.glb,000-091,b9fb8713b87da27eb7eacd2a705580b5dcef62ff1c5ce4d266cc88cbbceb8576,reserve
996,18136e01e44c4ddab8685b1d1d108d3e,by,by,Ílios - 3D - Ligações Piscina,grp.orcamento,grp.orcamento,https://api.sketchfab.com/v3/models/18136e01e44c4ddab8685b1d1d108d3e,https://sketchfab.com/3d-models/18136e01e44c4ddab8685b1d1d108d3e,glbs/000-102/18136e01e44c4ddab8685b1d1d108d3e.glb,000-102,3f2bc12864c4c95d56349d319f00c429379760809968008a957cad7cf5942913,reserve
997,6b2b51c5754c47e9a5937bd31b3f81fc,by,by,се54-2,Gulin,GulinAlex,https://api.sketchfab.com/v3/models/6b2b51c5754c47e9a5937bd31b3f81fc,https://sketchfab.com/3d-models/6b2b51c5754c47e9a5937bd31b3f81fc,glbs/000-043/6b2b51c5754c47e9a5937bd31b3f81fc.glb,000-043,752b681222db8fc4e8f8fc9d12c99bcfe776f87a7cca2d893a2513a53181f20c,reserve
998,1a13ec6db28b420ebc2f6c770e824e09,by,by,7,uchihazhou,uchihazhou,https://api.sketchfab.com/v3/models/1a13ec6db28b420ebc2f6c770e824e09,https://sketchfab.com/3d-models/1a13ec6db28b420ebc2f6c770e824e09,glbs/000-137/1a13ec6db28b420ebc2f6c770e824e09.glb,000-137,fbebd3d2a2e196b0af14c9a39987672939f7cffadf66cd237612b1b9f93fb5a5,reserve
999,4a9cb0cabf10402c96938a99b0710a22,by,by,Day 65: Chicago Cultural Center,tomburtonwood,tomburtonwood,https://api.sketchfab.com/v3/models/4a9cb0cabf10402c96938a99b0710a22,https://sketchfab.com/3d-models/4a9cb0cabf10402c96938a99b0710a22,glbs/000-133/4a9cb0cabf10402c96938a99b0710a22.glb,000-133,a8f3a915a07672d6cdc11aeec315a2f7360c7872d2dc850e5e07a5cae753c703,reserve
1000,6ec2ca6b0828416e8ebe3bf3a2eb40e6,by,by,Batman's Batarang,IGOODWIN,IGOODWIN,https://api.sketchfab.com/v3/models/6ec2ca6b0828416e8ebe3bf3a2eb40e6,https://sketchfab.com/3d-models/6ec2ca6b0828416e8ebe3bf3a2eb40e6,glbs/000-110/6ec2ca6b0828416e8ebe3bf3a2eb40e6.glb,000-110,d93aee8e0316a794dae1aeff7acd2c1cb84cecd2c12862c6fa782f6b96dc9b19,reserve
