object,uid,schedule,full_ssim,prediction_png,prediction_dtype,ground_truth
obj_0024,1c9b1ee5-7f14-551c-a057-dfddce26ba1a,fixed_mean,0.8538033962249756,/4T/CXY/MV-Painter/final/round2/stage_placement_276_20260929/predictions/fixed_mean/obj_0024.png,torch.float32,raw_rgba_composited_over_white_float32
obj_0024,1c9b1ee5-7f14-551c-a057-dfddce26ba1a,hll,0.8378686308860779,/4T/CXY/MV-Painter/final/round2/stage_placement_276_20260929/predictions/hll/obj_0024.png,torch.float32,raw_rgba_composited_over_white_float32
obj_0024,1c9b1ee5-7f14-551c-a057-dfddce26ba1a,llh,0.8648888468742371,/4T/CXY/MV-Painter/final/round2/stage_placement_276_20260929/predictions/llh/obj_0024.png,torch.float32,raw_rgba_composited_over_white_float32
obj_0024,1c9b1ee5-7f14-551c-a057-dfddce26ba1a,c3_lhl,0.862034261226654,/4T/CXY/MV-Painter/final/round2/stage_placement_276_20260929/predictions/c3_lhl/obj_0024.png,torch.float32,raw_rgba_composited_over_white_float32
obj_0025,1eb33513-f759-52e3-9261-8eba06272535,fixed_mean,0.8740662336349487,/4T/CXY/MV-Painter/final/round2/stage_placement_276_20260929/predictions/fixed_mean/obj_0025.png,torch.float32,raw_rgba_composited_over_white_float32
obj_0025,1eb33513-f759-52e3-9261-8eba06272535,hll,0.8672616481781006,/4T/CXY/MV-Painter/final/round2/stage_placement_276_20260929/predictions/hll/obj_0025.png,torch.float32,raw_rgba_composited_over_white_float32
obj_0025,1eb33513-f759-52e3-9261-8eba06272535,llh,0.8808976411819458,/4T/CXY/MV-Painter/final/round2/stage_placement_276_20260929/predictions/llh/obj_0025.png,torch.float32,raw_rgba_composited_over_white_float32
obj_0025,1eb33513-f759-52e3-9261-8eba06272535,c3_lhl,0.8782967925071716,/4T/CXY/MV-Painter/final/round2/stage_placement_276_20260929/predictions/c3_lhl/obj_0025.png,torch.float32,raw_rgba_composited_over_white_float32
obj_0026,1fef3110-0f1c-5720-a805-435b7eaf77ce,fixed_mean,0.8483691215515137,/4T/CXY/MV-Painter/final/round2/stage_placement_276_20260929/predictions/fixed_mean/obj_0026.png,torch.float32,raw_rgba_composited_over_white_float32
obj_0026,1fef3110-0f1c-5720-a805-435b7eaf77ce,hll,0.8252125978469849,/4T/CXY/MV-Painter/final/round2/stage_placement_276_20260929/predictions/hll/obj_0026.png,torch.float32,raw_rgba_composited_over_white_float32
obj_0026,1fef3110-0f1c-5720-a805-435b7eaf77ce,llh,0.8688786029815674,/4T/CXY/MV-Painter/final/round2/stage_placement_276_20260929/predictions/llh/obj_0026.png,torch.float32,raw_rgba_composited_over_white_float32
obj_0026,1fef3110-0f1c-5720-a805-435b7eaf77ce,c3_lhl,0.8671872615814209,/4T/CXY/MV-Painter/final/round2/stage_placement_276_20260929/predictions/c3_lhl/obj_0026.png,torch.float32,raw_rgba_composited_over_white_float32
obj_0027,201b6915-6a7d-50c0-a2f0-4dbc02d6a2fb,fixed_mean,0.8482062816619873,/4T/CXY/MV-Painter/final/round2/stage_placement_276_20260929/predictions/fixed_mean/obj_0027.png,torch.float32,raw_rgba_composited_over_white_float32
obj_0027,201b6915-6a7d-50c0-a2f0-4dbc02d6a2fb,hll,0.8396760821342468,/4T/CXY/MV-Painter/final/round2/stage_placement_276_20260929/predictions/hll/obj_0027.png,torch.float32,raw_rgba_composited_over_white_float32
obj_0027,201b6915-6a7d-50c0-a2f0-4dbc02d6a2fb,llh,0.8523662090301514,/4T/CXY/MV-Painter/final/round2/stage_placement_276_20260929/predictions/llh/obj_0027.png,torch.float32,raw_rgba_composited_over_white_float32
obj_0027,201b6915-6a7d-50c0-a2f0-4dbc02d6a2fb,c3_lhl,0.847437858581543,/4T/CXY/MV-Painter/final/round2/stage_placement_276_20260929/predictions/c3_lhl/obj_0027.png,torch.float32,raw_rgba_composited_over_white_float32
obj_0028,227931a4-1cf7-5c8c-afce-7aad8d347211,fixed_mean,0.8761876225471497,/4T/CXY/MV-Painter/final/round2/stage_placement_276_20260929/predictions/fixed_mean/obj_0028.png,torch.float32,raw_rgba_composited_over_white_float32
obj_0028,227931a4-1cf7-5c8c-afce-7aad8d347211,hll,0.8662177324295044,/4T/CXY/MV-Painter/final/round2/stage_placement_276_20260929/predictions/hll/obj_0028.png,torch.float32,raw_rgba_composited_over_white_float32
obj_0028,227931a4-1cf7-5c8c-afce-7aad8d347211,llh,0.8881245851516724,/4T/CXY/MV-Painter/final/round2/stage_placement_276_20260929/predictions/llh/obj_0028.png,torch.float32,raw_rgba_composited_over_white_float32
obj_0028,227931a4-1cf7-5c8c-afce-7aad8d347211,c3_lhl,0.8864797353744507,/4T/CXY/MV-Painter/final/round2/stage_placement_276_20260929/predictions/c3_lhl/obj_0028.png,torch.float32,raw_rgba_composited_over_white_float32
obj_0029,2296a645-b565-5e5c-9cfd-cddf1abd7199,fixed_mean,0.8539137244224548,/4T/CXY/MV-Painter/final/round2/stage_placement_276_20260929/predictions/fixed_mean/obj_0029.png,torch.float32,raw_rgba_composited_over_white_float32
obj_0029,2296a645-b565-5e5c-9cfd-cddf1abd7199,hll,0.8390507102012634,/4T/CXY/MV-Painter/final/round2/stage_placement_276_20260929/predictions/hll/obj_0029.png,torch.float32,raw_rgba_composited_over_white_float32
obj_0029,2296a645-b565-5e5c-9cfd-cddf1abd7199,llh,0.8641044497489929,/4T/CXY/MV-Painter/final/round2/stage_placement_276_20260929/predictions/llh/obj_0029.png,torch.float32,raw_rgba_composited_over_white_float32
obj_0029,2296a645-b565-5e5c-9cfd-cddf1abd7199,c3_lhl,0.8630585670471191,/4T/CXY/MV-Painter/final/round2/stage_placement_276_20260929/predictions/c3_lhl/obj_0029.png,torch.float32,raw_rgba_composited_over_white_float32
obj_0030,2314ae93-a741-5037-8850-8fd0af6f2555,fixed_mean,0.8775540590286255,/4T/CXY/MV-Painter/final/round2/stage_placement_276_20260929/predictions/fixed_mean/obj_0030.png,torch.float32,raw_rgba_composited_over_white_float32
obj_0030,2314ae93-a741-5037-8850-8fd0af6f2555,hll,0.8704969882965088,/4T/CXY/MV-Painter/final/round2/stage_placement_276_20260929/predictions/hll/obj_0030.png,torch.float32,raw_rgba_composited_over_white_float32
obj_0030,2314ae93-a741-5037-8850-8fd0af6f2555,llh,0.8841028809547424,/4T/CXY/MV-Painter/final/round2/stage_placement_276_20260929/predictions/llh/obj_0030.png,torch.float32,raw_rgba_composited_over_white_float32
obj_0030,2314ae93-a741-5037-8850-8fd0af6f2555,c3_lhl,0.8817849159240723,/4T/CXY/MV-Painter/final/round2/stage_placement_276_20260929/predictions/c3_lhl/obj_0030.png,torch.float32,raw_rgba_composited_over_white_float32
obj_0031,234ee9d1-5f0b-5958-a8d7-4444b8d79d85,fixed_mean,0.9552817940711975,/4T/CXY/MV-Painter/final/round2/stage_placement_276_20260929/predictions/fixed_mean/obj_0031.png,torch.float32,raw_rgba_composited_over_white_float32
obj_0031,234ee9d1-5f0b-5958-a8d7-4444b8d79d85,hll,0.9501428604125977,/4T/CXY/MV-Painter/final/round2/stage_placement_276_20260929/predictions/hll/obj_0031.png,torch.float32,raw_rgba_composited_over_white_float32
obj_0031,234ee9d1-5f0b-5958-a8d7-4444b8d79d85,llh,0.9589410424232483,/4T/CXY/MV-Painter/final/round2/stage_placement_276_20260929/predictions/llh/obj_0031.png,torch.float32,raw_rgba_composited_over_white_float32
obj_0031,234ee9d1-5f0b-5958-a8d7-4444b8d79d85,c3_lhl,0.955451250076294,/4T/CXY/MV-Painter/final/round2/stage_placement_276_20260929/predictions/c3_lhl/obj_0031.png,torch.float32,raw_rgba_composited_over_white_float32
obj_0032,242f1d81-ff97-55c1-8885-d2ec12ca06df,fixed_mean,0.8549845218658447,/4T/CXY/MV-Painter/final/round2/stage_placement_276_20260929/predictions/fixed_mean/obj_0032.png,torch.float32,raw_rgba_composited_over_white_float32
obj_0032,242f1d81-ff97-55c1-8885-d2ec12ca06df,hll,0.8410230875015259,/4T/CXY/MV-Painter/final/round2/stage_placement_276_20260929/predictions/hll/obj_0032.png,torch.float32,raw_rgba_composited_over_white_float32
obj_0032,242f1d81-ff97-55c1-8885-d2ec12ca06df,llh,0.8647878766059875,/4T/CXY/MV-Painter/final/round2/stage_placement_276_20260929/predictions/llh/obj_0032.png,torch.float32,raw_rgba_composited_over_white_float32
obj_0032,242f1d81-ff97-55c1-8885-d2ec12ca06df,c3_lhl,0.8628873825073242,/4T/CXY/MV-Painter/final/round2/stage_placement_276_20260929/predictions/c3_lhl/obj_0032.png,torch.float32,raw_rgba_composited_over_white_float32
obj_0033,24c2cfe3-b991-5ca7-9a1c-7e64c2e5422c,fixed_mean,0.8634056448936462,/4T/CXY/MV-Painter/final/round2/stage_placement_276_20260929/predictions/fixed_mean/obj_0033.png,torch.float32,raw_rgba_composited_over_white_float32
obj_0033,24c2cfe3-b991-5ca7-9a1c-7e64c2e5422c,hll,0.8531367182731628,/4T/CXY/MV-Painter/final/round2/stage_placement_276_20260929/predictions/hll/obj_0033.png,torch.float32,raw_rgba_composited_over_white_float32
obj_0033,24c2cfe3-b991-5ca7-9a1c-7e64c2e5422c,llh,0.8687793016433716,/4T/CXY/MV-Painter/final/round2/stage_placement_276_20260929/predictions/llh/obj_0033.png,torch.float32,raw_rgba_composited_over_white_float32
obj_0033,24c2cfe3-b991-5ca7-9a1c-7e64c2e5422c,c3_lhl,0.8672066926956177,/4T/CXY/MV-Painter/final/round2/stage_placement_276_20260929/predictions/c3_lhl/obj_0033.png,torch.float32,raw_rgba_composited_over_white_float32
obj_0034,25f31357-027f-59ae-a278-e90ab7d3d178,fixed_mean,0.8519265651702881,/4T/CXY/MV-Painter/final/round2/stage_placement_276_20260929/predictions/fixed_mean/obj_0034.png,torch.float32,raw_rgba_composited_over_white_float32
obj_0034,25f31357-027f-59ae-a278-e90ab7d3d178,hll,0.8364267945289612,/4T/CXY/MV-Painter/final/round2/stage_placement_276_20260929/predictions/hll/obj_0034.png,torch.float32,raw_rgba_composited_over_white_float32
obj_0034,25f31357-027f-59ae-a278-e90ab7d3d178,llh,0.861863374710083,/4T/CXY/MV-Painter/final/round2/stage_placement_276_20260929/predictions/llh/obj_0034.png,torch.float32,raw_rgba_composited_over_white_float32
obj_0034,25f31357-027f-59ae-a278-e90ab7d3d178,c3_lhl,0.8587908744812012,/4T/CXY/MV-Painter/final/round2/stage_placement_276_20260929/predictions/c3_lhl/obj_0034.png,torch.float32,raw_rgba_composited_over_white_float32
obj_0035,26d71822-a2e0-5c23-b7cd-f802367af116,fixed_mean,0.8543961644172668,/4T/CXY/MV-Painter/final/round2/stage_placement_276_20260929/predictions/fixed_mean/obj_0035.png,torch.float32,raw_rgba_composited_over_white_float32
obj_0035,26d71822-a2e0-5c23-b7cd-f802367af116,hll,0.829026460647583,/4T/CXY/MV-Painter/final/round2/stage_placement_276_20260929/predictions/hll/obj_0035.png,torch.float32,raw_rgba_composited_over_white_float32
obj_0035,26d71822-a2e0-5c23-b7cd-f802367af116,llh,0.8766109943389893,/4T/CXY/MV-Painter/final/round2/stage_placement_276_20260929/predictions/llh/obj_0035.png,torch.float32,raw_rgba_composited_over_white_float32
obj_0035,26d71822-a2e0-5c23-b7cd-f802367af116,c3_lhl,0.8723145127296448,/4T/CXY/MV-Painter/final/round2/stage_placement_276_20260929/predictions/c3_lhl/obj_0035.png,torch.float32,raw_rgba_composited_over_white_float32
obj_0036,2858a96a-454b-504c-8869-c0bd25530604,fixed_mean,0.865327775478363,/4T/CXY/MV-Painter/final/round2/stage_placement_276_20260929/predictions/fixed_mean/obj_0036.png,torch.float32,raw_rgba_composited_over_white_float32
obj_0036,2858a96a-454b-504c-8869-c0bd25530604,hll,0.8358907699584961,/4T/CXY/MV-Painter/final/round2/stage_placement_276_20260929/predictions/hll/obj_0036.png,torch.float32,raw_rgba_composited_over_white_float32
obj_0036,2858a96a-454b-504c-8869-c0bd25530604,llh,0.8833782076835632,/4T/CXY/MV-Painter/final/round2/stage_placement_276_20260929/predictions/llh/obj_0036.png,torch.float32,raw_rgba_composited_over_white_float32
obj_0036,2858a96a-454b-504c-8869-c0bd25530604,c3_lhl,0.8831521272659302,/4T/CXY/MV-Painter/final/round2/stage_placement_276_20260929/predictions/c3_lhl/obj_0036.png,torch.float32,raw_rgba_composited_over_white_float32
obj_0037,2b098da1-5fd3-59ad-9384-0f6b9064c102,fixed_mean,0.8653362989425659,/4T/CXY/MV-Painter/final/round2/stage_placement_276_20260929/predictions/fixed_mean/obj_0037.png,torch.float32,raw_rgba_composited_over_white_float32
obj_0037,2b098da1-5fd3-59ad-9384-0f6b9064c102,hll,0.8347911834716797,/4T/CXY/MV-Painter/final/round2/stage_placement_276_20260929/predictions/hll/obj_0037.png,torch.float32,raw_rgba_composited_over_white_float32
obj_0037,2b098da1-5fd3-59ad-9384-0f6b9064c102,llh,0.8851532340049744,/4T/CXY/MV-Painter/final/round2/stage_placement_276_20260929/predictions/llh/obj_0037.png,torch.float32,raw_rgba_composited_over_white_float32
obj_0037,2b098da1-5fd3-59ad-9384-0f6b9064c102,c3_lhl,0.8769859671592712,/4T/CXY/MV-Painter/final/round2/stage_placement_276_20260929/predictions/c3_lhl/obj_0037.png,torch.float32,raw_rgba_composited_over_white_float32
obj_0038,f1d9357b-e4dc-5795-8f21-83f1fd367732,fixed_mean,0.8521354794502258,/4T/CXY/MV-Painter/final/round2/stage_placement_276_20260929/predictions/fixed_mean/obj_0038.png,torch.float32,raw_rgba_composited_over_white_float32
obj_0038,f1d9357b-e4dc-5795-8f21-83f1fd367732,hll,0.8232104182243347,/4T/CXY/MV-Painter/final/round2/stage_placement_276_20260929/predictions/hll/obj_0038.png,torch.float32,raw_rgba_composited_over_white_float32
obj_0038,f1d9357b-e4dc-5795-8f21-83f1fd367732,llh,0.8756296634674072,/4T/CXY/MV-Painter/final/round2/stage_placement_276_20260929/predictions/llh/obj_0038.png,torch.float32,raw_rgba_composited_over_white_float32
obj_0038,f1d9357b-e4dc-5795-8f21-83f1fd367732,c3_lhl,0.8745415806770325,/4T/CXY/MV-Painter/final/round2/stage_placement_276_20260929/predictions/c3_lhl/obj_0038.png,torch.float32,raw_rgba_composited_over_white_float32
obj_0039,2b14195b-34d3-5f8b-910f-eb02265805e0,fixed_mean,0.8613386750221252,/4T/CXY/MV-Painter/final/round2/stage_placement_276_20260929/predictions/fixed_mean/obj_0039.png,torch.float32,raw_rgba_composited_over_white_float32
obj_0039,2b14195b-34d3-5f8b-910f-eb02265805e0,hll,0.8263709545135498,/4T/CXY/MV-Painter/final/round2/stage_placement_276_20260929/predictions/hll/obj_0039.png,torch.float32,raw_rgba_composited_over_white_float32
obj_0039,2b14195b-34d3-5f8b-910f-eb02265805e0,llh,0.8869934678077698,/4T/CXY/MV-Painter/final/round2/stage_placement_276_20260929/predictions/llh/obj_0039.png,torch.float32,raw_rgba_composited_over_white_float32
obj_0039,2b14195b-34d3-5f8b-910f-eb02265805e0,c3_lhl,0.8824769258499146,/4T/CXY/MV-Painter/final/round2/stage_placement_276_20260929/predictions/c3_lhl/obj_0039.png,torch.float32,raw_rgba_composited_over_white_float32
obj_0040,2d23c898-a237-5680-9c2b-421286228a4d,fixed_mean,0.837705671787262,/4T/CXY/MV-Painter/final/round2/stage_placement_276_20260929/predictions/fixed_mean/obj_0040.png,torch.float32,raw_rgba_composited_over_white_float32
obj_0040,2d23c898-a237-5680-9c2b-421286228a4d,hll,0.7961083054542542,/4T/CXY/MV-Painter/final/round2/stage_placement_276_20260929/predictions/hll/obj_0040.png,torch.float32,raw_rgba_composited_over_white_float32
obj_0040,2d23c898-a237-5680-9c2b-421286228a4d,llh,0.8689820766448975,/4T/CXY/MV-Painter/final/round2/stage_placement_276_20260929/predictions/llh/obj_0040.png,torch.float32,raw_rgba_composited_over_white_float32
obj_0040,2d23c898-a237-5680-9c2b-421286228a4d,c3_lhl,0.868309497833252,/4T/CXY/MV-Painter/final/round2/stage_placement_276_20260929/predictions/c3_lhl/obj_0040.png,torch.float32,raw_rgba_composited_over_white_float32
obj_0041,2de62069-027e-567d-8e13-983af70b48d3,fixed_mean,0.865488588809967,/4T/CXY/MV-Painter/final/round2/stage_placement_276_20260929/predictions/fixed_mean/obj_0041.png,torch.float32,raw_rgba_composited_over_white_float32
obj_0041,2de62069-027e-567d-8e13-983af70b48d3,hll,0.8445475101470947,/4T/CXY/MV-Painter/final/round2/stage_placement_276_20260929/predictions/hll/obj_0041.png,torch.float32,raw_rgba_composited_over_white_float32
obj_0041,2de62069-027e-567d-8e13-983af70b48d3,llh,0.8846790790557861,/4T/CXY/MV-Painter/final/round2/stage_placement_276_20260929/predictions/llh/obj_0041.png,torch.float32,raw_rgba_composited_over_white_float32
obj_0041,2de62069-027e-567d-8e13-983af70b48d3,c3_lhl,0.8796057105064392,/4T/CXY/MV-Painter/final/round2/stage_placement_276_20260929/predictions/c3_lhl/obj_0041.png,torch.float32,raw_rgba_composited_over_white_float32
obj_0042,2e5b6aff-6715-5676-bfd3-174ec01e2390,fixed_mean,0.8797805309295654,/4T/CXY/MV-Painter/final/round2/stage_placement_276_20260929/predictions/fixed_mean/obj_0042.png,torch.float32,raw_rgba_composited_over_white_float32
obj_0042,2e5b6aff-6715-5676-bfd3-174ec01e2390,hll,0.8694538474082947,/4T/CXY/MV-Painter/final/round2/stage_placement_276_20260929/predictions/hll/obj_0042.png,torch.float32,raw_rgba_composited_over_white_float32
obj_0042,2e5b6aff-6715-5676-bfd3-174ec01e2390,llh,0.8871093988418579,/4T/CXY/MV-Painter/final/round2/stage_placement_276_20260929/predictions/llh/obj_0042.png,torch.float32,raw_rgba_composited_over_white_float32
obj_0042,2e5b6aff-6715-5676-bfd3-174ec01e2390,c3_lhl,0.8853165507316589,/4T/CXY/MV-Painter/final/round2/stage_placement_276_20260929/predictions/c3_lhl/obj_0042.png,torch.float32,raw_rgba_composited_over_white_float32
obj_0043,2e76ed32-69ea-5b7e-9005-fd00ae2dd58c,fixed_mean,0.8696616888046265,/4T/CXY/MV-Painter/final/round2/stage_placement_276_20260929/predictions/fixed_mean/obj_0043.png,torch.float32,raw_rgba_composited_over_white_float32
obj_0043,2e76ed32-69ea-5b7e-9005-fd00ae2dd58c,hll,0.8444148302078247,/4T/CXY/MV-Painter/final/round2/stage_placement_276_20260929/predictions/hll/obj_0043.png,torch.float32,raw_rgba_composited_over_white_float32
obj_0043,2e76ed32-69ea-5b7e-9005-fd00ae2dd58c,llh,0.8887374401092529,/4T/CXY/MV-Painter/final/round2/stage_placement_276_20260929/predictions/llh/obj_0043.png,torch.float32,raw_rgba_composited_over_white_float32
obj_0043,2e76ed32-69ea-5b7e-9005-fd00ae2dd58c,c3_lhl,0.8797059655189514,/4T/CXY/MV-Painter/final/round2/stage_placement_276_20260929/predictions/c3_lhl/obj_0043.png,torch.float32,raw_rgba_composited_over_white_float32
obj_0044,2ebeecd5-7461-5aa4-9fdd-8aa997a9281e,fixed_mean,0.9131325483322144,/4T/CXY/MV-Painter/final/round2/stage_placement_276_20260929/predictions/fixed_mean/obj_0044.png,torch.float32,raw_rgba_composited_over_white_float32
obj_0044,2ebeecd5-7461-5aa4-9fdd-8aa997a9281e,hll,0.9057461619377136,/4T/CXY/MV-Painter/final/round2/stage_placement_276_20260929/predictions/hll/obj_0044.png,torch.float32,raw_rgba_composited_over_white_float32
obj_0044,2ebeecd5-7461-5aa4-9fdd-8aa997a9281e,llh,0.920995831489563,/4T/CXY/MV-Painter/final/round2/stage_placement_276_20260929/predictions/llh/obj_0044.png,torch.float32,raw_rgba_composited_over_white_float32
obj_0044,2ebeecd5-7461-5aa4-9fdd-8aa997a9281e,c3_lhl,0.917506217956543,/4T/CXY/MV-Painter/final/round2/stage_placement_276_20260929/predictions/c3_lhl/obj_0044.png,torch.float32,raw_rgba_composited_over_white_float32
obj_0045,2ff89773-7ca5-52ba-9558-95a7469a0e6a,fixed_mean,0.8584076166152954,/4T/CXY/MV-Painter/final/round2/stage_placement_276_20260929/predictions/fixed_mean/obj_0045.png,torch.float32,raw_rgba_composited_over_white_float32
obj_0045,2ff89773-7ca5-52ba-9558-95a7469a0e6a,hll,0.8244496583938599,/4T/CXY/MV-Painter/final/round2/stage_placement_276_20260929/predictions/hll/obj_0045.png,torch.float32,raw_rgba_composited_over_white_float32
obj_0045,2ff89773-7ca5-52ba-9558-95a7469a0e6a,llh,0.8818467855453491,/4T/CXY/MV-Painter/final/round2/stage_placement_276_20260929/predictions/llh/obj_0045.png,torch.float32,raw_rgba_composited_over_white_float32
obj_0045,2ff89773-7ca5-52ba-9558-95a7469a0e6a,c3_lhl,0.8846999406814575,/4T/CXY/MV-Painter/final/round2/stage_placement_276_20260929/predictions/c3_lhl/obj_0045.png,torch.float32,raw_rgba_composited_over_white_float32
obj_0046,313e4155-0ceb-54d0-ae91-a85f67c4d77d,fixed_mean,0.8688616156578064,/4T/CXY/MV-Painter/final/round2/stage_placement_276_20260929/predictions/fixed_mean/obj_0046.png,torch.float32,raw_rgba_composited_over_white_float32
obj_0046,313e4155-0ceb-54d0-ae91-a85f67c4d77d,hll,0.8609745502471924,/4T/CXY/MV-Painter/final/round2/stage_placement_276_20260929/predictions/hll/obj_0046.png,torch.float32,raw_rgba_composited_over_white_float32
obj_0046,313e4155-0ceb-54d0-ae91-a85f67c4d77d,llh,0.8767364621162415,/4T/CXY/MV-Painter/final/round2/stage_placement_276_20260929/predictions/llh/obj_0046.png,torch.float32,raw_rgba_composited_over_white_float32
obj_0046,313e4155-0ceb-54d0-ae91-a85f67c4d77d,c3_lhl,0.8738093376159668,/4T/CXY/MV-Painter/final/round2/stage_placement_276_20260929/predictions/c3_lhl/obj_0046.png,torch.float32,raw_rgba_composited_over_white_float32
obj_0047,3156717d-fdf2-515d-b257-9ccdbcef83e6,fixed_mean,0.9154296517372131,/4T/CXY/MV-Painter/final/round2/stage_placement_276_20260929/predictions/fixed_mean/obj_0047.png,torch.float32,raw_rgba_composited_over_white_float32
obj_0047,3156717d-fdf2-515d-b257-9ccdbcef83e6,hll,0.908606231212616,/4T/CXY/MV-Painter/final/round2/stage_placement_276_20260929/predictions/hll/obj_0047.png,torch.float32,raw_rgba_composited_over_white_float32
obj_0047,3156717d-fdf2-515d-b257-9ccdbcef83e6,llh,0.9191901683807373,/4T/CXY/MV-Painter/final/round2/stage_placement_276_20260929/predictions/llh/obj_0047.png,torch.float32,raw_rgba_composited_over_white_float32
obj_0047,3156717d-fdf2-515d-b257-9ccdbcef83e6,c3_lhl,0.915110170841217,/4T/CXY/MV-Painter/final/round2/stage_placement_276_20260929/predictions/c3_lhl/obj_0047.png,torch.float32,raw_rgba_composited_over_white_float32
obj_0048,f41b5880-69c0-5c0e-846f-f631250acde3,fixed_mean,0.8805508613586426,/4T/CXY/MV-Painter/final/round2/stage_placement_276_20260929/predictions/fixed_mean/obj_0048.png,torch.float32,raw_rgba_composited_over_white_float32
obj_0048,f41b5880-69c0-5c0e-846f-f631250acde3,hll,0.8678942918777466,/4T/CXY/MV-Painter/final/round2/stage_placement_276_20260929/predictions/hll/obj_0048.png,torch.float32,raw_rgba_composited_over_white_float32
obj_0048,f41b5880-69c0-5c0e-846f-f631250acde3,llh,0.8904396891593933,/4T/CXY/MV-Painter/final/round2/stage_placement_276_20260929/predictions/llh/obj_0048.png,torch.float32,raw_rgba_composited_over_white_float32
obj_0048,f41b5880-69c0-5c0e-846f-f631250acde3,c3_lhl,0.8883165717124939,/4T/CXY/MV-Painter/final/round2/stage_placement_276_20260929/predictions/c3_lhl/obj_0048.png,torch.float32,raw_rgba_composited_over_white_float32
obj_0049,3171c9c4-5169-5d3d-bb8a-40adfd1b2dcb,fixed_mean,0.8769975304603577,/4T/CXY/MV-Painter/final/round2/stage_placement_276_20260929/predictions/fixed_mean/obj_0049.png,torch.float32,raw_rgba_composited_over_white_float32
obj_0049,3171c9c4-5169-5d3d-bb8a-40adfd1b2dcb,hll,0.8681027889251709,/4T/CXY/MV-Painter/final/round2/stage_placement_276_20260929/predictions/hll/obj_0049.png,torch.float32,raw_rgba_composited_over_white_float32
obj_0049,3171c9c4-5169-5d3d-bb8a-40adfd1b2dcb,llh,0.8823434710502625,/4T/CXY/MV-Painter/final/round2/stage_placement_276_20260929/predictions/llh/obj_0049.png,torch.float32,raw_rgba_composited_over_white_float32
obj_0049,3171c9c4-5169-5d3d-bb8a-40adfd1b2dcb,c3_lhl,0.8806450963020325,/4T/CXY/MV-Painter/final/round2/stage_placement_276_20260929/predictions/c3_lhl/obj_0049.png,torch.float32,raw_rgba_composited_over_white_float32
obj_0050,347ba85e-d3ab-5a19-b076-da50f6381833,fixed_mean,0.8823418021202087,/4T/CXY/MV-Painter/final/round2/stage_placement_276_20260929/predictions/fixed_mean/obj_0050.png,torch.float32,raw_rgba_composited_over_white_float32
obj_0050,347ba85e-d3ab-5a19-b076-da50f6381833,hll,0.8727326393127441,/4T/CXY/MV-Painter/final/round2/stage_placement_276_20260929/predictions/hll/obj_0050.png,torch.float32,raw_rgba_composited_over_white_float32
obj_0050,347ba85e-d3ab-5a19-b076-da50f6381833,llh,0.8909916281700134,/4T/CXY/MV-Painter/final/round2/stage_placement_276_20260929/predictions/llh/obj_0050.png,torch.float32,raw_rgba_composited_over_white_float32
obj_0050,347ba85e-d3ab-5a19-b076-da50f6381833,c3_lhl,0.8881797790527344,/4T/CXY/MV-Painter/final/round2/stage_placement_276_20260929/predictions/c3_lhl/obj_0050.png,torch.float32,raw_rgba_composited_over_white_float32
obj_0051,352a0b90-1e60-593e-959b-aa5eb92faefd,fixed_mean,0.8696858882904053,/4T/CXY/MV-Painter/final/round2/stage_placement_276_20260929/predictions/fixed_mean/obj_0051.png,torch.float32,raw_rgba_composited_over_white_float32
obj_0051,352a0b90-1e60-593e-959b-aa5eb92faefd,hll,0.8436933159828186,/4T/CXY/MV-Painter/final/round2/stage_placement_276_20260929/predictions/hll/obj_0051.png,torch.float32,raw_rgba_composited_over_white_float32
obj_0051,352a0b90-1e60-593e-959b-aa5eb92faefd,llh,0.8897936940193176,/4T/CXY/MV-Painter/final/round2/stage_placement_276_20260929/predictions/llh/obj_0051.png,torch.float32,raw_rgba_composited_over_white_float32
obj_0051,352a0b90-1e60-593e-959b-aa5eb92faefd,c3_lhl,0.8856934905052185,/4T/CXY/MV-Painter/final/round2/stage_placement_276_20260929/predictions/c3_lhl/obj_0051.png,torch.float32,raw_rgba_composited_over_white_float32
obj_0052,37ab879d-e205-59b9-ad1e-4bf92bbcb8a0,fixed_mean,0.8491729497909546,/4T/CXY/MV-Painter/final/round2/stage_placement_276_20260929/predictions/fixed_mean/obj_0052.png,torch.float32,raw_rgba_composited_over_white_float32
obj_0052,37ab879d-e205-59b9-ad1e-4bf92bbcb8a0,hll,0.8233895897865295,/4T/CXY/MV-Painter/final/round2/stage_placement_276_20260929/predictions/hll/obj_0052.png,torch.float32,raw_rgba_composited_over_white_float32
obj_0052,37ab879d-e205-59b9-ad1e-4bf92bbcb8a0,llh,0.8738214373588562,/4T/CXY/MV-Painter/final/round2/stage_placement_276_20260929/predictions/llh/obj_0052.png,torch.float32,raw_rgba_composited_over_white_float32
obj_0052,37ab879d-e205-59b9-ad1e-4bf92bbcb8a0,c3_lhl,0.8698764443397522,/4T/CXY/MV-Painter/final/round2/stage_placement_276_20260929/predictions/c3_lhl/obj_0052.png,torch.float32,raw_rgba_composited_over_white_float32
obj_0053,3815ff9b-2973-5426-800a-c8175b6dedce,fixed_mean,0.8530735373497009,/4T/CXY/MV-Painter/final/round2/stage_placement_276_20260929/predictions/fixed_mean/obj_0053.png,torch.float32,raw_rgba_composited_over_white_float32
obj_0053,3815ff9b-2973-5426-800a-c8175b6dedce,hll,0.839129626750946,/4T/CXY/MV-Painter/final/round2/stage_placement_276_20260929/predictions/hll/obj_0053.png,torch.float32,raw_rgba_composited_over_white_float32
obj_0053,3815ff9b-2973-5426-800a-c8175b6dedce,llh,0.8661611080169678,/4T/CXY/MV-Painter/final/round2/stage_placement_276_20260929/predictions/llh/obj_0053.png,torch.float32,raw_rgba_composited_over_white_float32
obj_0053,3815ff9b-2973-5426-800a-c8175b6dedce,c3_lhl,0.8631891012191772,/4T/CXY/MV-Painter/final/round2/stage_placement_276_20260929/predictions/c3_lhl/obj_0053.png,torch.float32,raw_rgba_composited_over_white_float32
obj_0054,f49b18b0-4668-569f-84a7-4338339bf65d,fixed_mean,0.861778974533081,/4T/CXY/MV-Painter/final/round2/stage_placement_276_20260929/predictions/fixed_mean/obj_0054.png,torch.float32,raw_rgba_composited_over_white_float32
obj_0054,f49b18b0-4668-569f-84a7-4338339bf65d,hll,0.8491551280021667,/4T/CXY/MV-Painter/final/round2/stage_placement_276_20260929/predictions/hll/obj_0054.png,torch.float32,raw_rgba_composited_over_white_float32
obj_0054,f49b18b0-4668-569f-84a7-4338339bf65d,llh,0.8731095194816589,/4T/CXY/MV-Painter/final/round2/stage_placement_276_20260929/predictions/llh/obj_0054.png,torch.float32,raw_rgba_composited_over_white_float32
obj_0054,f49b18b0-4668-569f-84a7-4338339bf65d,c3_lhl,0.8689516186714172,/4T/CXY/MV-Painter/final/round2/stage_placement_276_20260929/predictions/c3_lhl/obj_0054.png,torch.float32,raw_rgba_composited_over_white_float32
obj_0055,38182e0d-30f9-58bc-984d-c79575e41ee4,fixed_mean,0.8612058162689209,/4T/CXY/MV-Painter/final/round2/stage_placement_276_20260929/predictions/fixed_mean/obj_0055.png,torch.float32,raw_rgba_composited_over_white_float32
obj_0055,38182e0d-30f9-58bc-984d-c79575e41ee4,hll,0.8413076400756836,/4T/CXY/MV-Painter/final/round2/stage_placement_276_20260929/predictions/hll/obj_0055.png,torch.float32,raw_rgba_composited_over_white_float32
obj_0055,38182e0d-30f9-58bc-984d-c79575e41ee4,llh,0.8731393814086914,/4T/CXY/MV-Painter/final/round2/stage_placement_276_20260929/predictions/llh/obj_0055.png,torch.float32,raw_rgba_composited_over_white_float32
obj_0055,38182e0d-30f9-58bc-984d-c79575e41ee4,c3_lhl,0.8718580603599548,/4T/CXY/MV-Painter/final/round2/stage_placement_276_20260929/predictions/c3_lhl/obj_0055.png,torch.float32,raw_rgba_composited_over_white_float32
obj_0056,391f8e15-ff4c-592d-9595-851f45f55753,fixed_mean,0.8499553203582764,/4T/CXY/MV-Painter/final/round2/stage_placement_276_20260929/predictions/fixed_mean/obj_0056.png,torch.float32,raw_rgba_composited_over_white_float32
obj_0056,391f8e15-ff4c-592d-9595-851f45f55753,hll,0.814706563949585,/4T/CXY/MV-Painter/final/round2/stage_placement_276_20260929/predictions/hll/obj_0056.png,torch.float32,raw_rgba_composited_over_white_float32
obj_0056,391f8e15-ff4c-592d-9595-851f45f55753,llh,0.8754094243049622,/4T/CXY/MV-Painter/final/round2/stage_placement_276_20260929/predictions/llh/obj_0056.png,torch.float32,raw_rgba_composited_over_white_float32
obj_0056,391f8e15-ff4c-592d-9595-851f45f55753,c3_lhl,0.875287652015686,/4T/CXY/MV-Painter/final/round2/stage_placement_276_20260929/predictions/c3_lhl/obj_0056.png,torch.float32,raw_rgba_composited_over_white_float32
obj_0057,39605519-43fb-503d-921c-08cfd9a48b76,fixed_mean,0.9450021386146545,/4T/CXY/MV-Painter/final/round2/stage_placement_276_20260929/predictions/fixed_mean/obj_0057.png,torch.float32,raw_rgba_composited_over_white_float32
obj_0057,39605519-43fb-503d-921c-08cfd9a48b76,hll,0.9405855536460876,/4T/CXY/MV-Painter/final/round2/stage_placement_276_20260929/predictions/hll/obj_0057.png,torch.float32,raw_rgba_composited_over_white_float32
obj_0057,39605519-43fb-503d-921c-08cfd9a48b76,llh,0.9487168192863464,/4T/CXY/MV-Painter/final/round2/stage_placement_276_20260929/predictions/llh/obj_0057.png,torch.float32,raw_rgba_composited_over_white_float32
obj_0057,39605519-43fb-503d-921c-08cfd9a48b76,c3_lhl,0.9460363388061523,/4T/CXY/MV-Painter/final/round2/stage_placement_276_20260929/predictions/c3_lhl/obj_0057.png,torch.float32,raw_rgba_composited_over_white_float32
obj_0058,39cfc021-e030-5a39-9ddf-3fb58d03e4a6,fixed_mean,0.8835419416427612,/4T/CXY/MV-Painter/final/round2/stage_placement_276_20260929/predictions/fixed_mean/obj_0058.png,torch.float32,raw_rgba_composited_over_white_float32
obj_0058,39cfc021-e030-5a39-9ddf-3fb58d03e4a6,hll,0.8770718574523926,/4T/CXY/MV-Painter/final/round2/stage_placement_276_20260929/predictions/hll/obj_0058.png,torch.float32,raw_rgba_composited_over_white_float32
obj_0058,39cfc021-e030-5a39-9ddf-3fb58d03e4a6,llh,0.8900067806243896,/4T/CXY/MV-Painter/final/round2/stage_placement_276_20260929/predictions/llh/obj_0058.png,torch.float32,raw_rgba_composited_over_white_float32
obj_0058,39cfc021-e030-5a39-9ddf-3fb58d03e4a6,c3_lhl,0.887147068977356,/4T/CXY/MV-Painter/final/round2/stage_placement_276_20260929/predictions/c3_lhl/obj_0058.png,torch.float32,raw_rgba_composited_over_white_float32
obj_0059,39dcac34-9ec2-5669-b1d0-0852875d0e94,fixed_mean,0.8608521223068237,/4T/CXY/MV-Painter/final/round2/stage_placement_276_20260929/predictions/fixed_mean/obj_0059.png,torch.float32,raw_rgba_composited_over_white_float32
obj_0059,39dcac34-9ec2-5669-b1d0-0852875d0e94,hll,0.848046064376831,/4T/CXY/MV-Painter/final/round2/stage_placement_276_20260929/predictions/hll/obj_0059.png,torch.float32,raw_rgba_composited_over_white_float32
obj_0059,39dcac34-9ec2-5669-b1d0-0852875d0e94,llh,0.8703200221061707,/4T/CXY/MV-Painter/final/round2/stage_placement_276_20260929/predictions/llh/obj_0059.png,torch.float32,raw_rgba_composited_over_white_float32
obj_0059,39dcac34-9ec2-5669-b1d0-0852875d0e94,c3_lhl,0.868829607963562,/4T/CXY/MV-Painter/final/round2/stage_placement_276_20260929/predictions/c3_lhl/obj_0059.png,torch.float32,raw_rgba_composited_over_white_float32
obj_0060,3a3a88cc-1766-5842-aeca-501d4efdc60d,fixed_mean,0.8540000915527344,/4T/CXY/MV-Painter/final/round2/stage_placement_276_20260929/predictions/fixed_mean/obj_0060.png,torch.float32,raw_rgba_composited_over_white_float32
obj_0060,3a3a88cc-1766-5842-aeca-501d4efdc60d,hll,0.8230843544006348,/4T/CXY/MV-Painter/final/round2/stage_placement_276_20260929/predictions/hll/obj_0060.png,torch.float32,raw_rgba_composited_over_white_float32
obj_0060,3a3a88cc-1766-5842-aeca-501d4efdc60d,llh,0.8832380771636963,/4T/CXY/MV-Painter/final/round2/stage_placement_276_20260929/predictions/llh/obj_0060.png,torch.float32,raw_rgba_composited_over_white_float32
obj_0060,3a3a88cc-1766-5842-aeca-501d4efdc60d,c3_lhl,0.8789591193199158,/4T/CXY/MV-Painter/final/round2/stage_placement_276_20260929/predictions/c3_lhl/obj_0060.png,torch.float32,raw_rgba_composited_over_white_float32
obj_0061,3a421d07-53ad-57c9-9502-69a2e9da5e68,fixed_mean,0.8595635294914246,/4T/CXY/MV-Painter/final/round2/stage_placement_276_20260929/predictions/fixed_mean/obj_0061.png,torch.float32,raw_rgba_composited_over_white_float32
obj_0061,3a421d07-53ad-57c9-9502-69a2e9da5e68,hll,0.8449658155441284,/4T/CXY/MV-Painter/final/round2/stage_placement_276_20260929/predictions/hll/obj_0061.png,torch.float32,raw_rgba_composited_over_white_float32
obj_0061,3a421d07-53ad-57c9-9502-69a2e9da5e68,llh,0.8700528740882874,/4T/CXY/MV-Painter/final/round2/stage_placement_276_20260929/predictions/llh/obj_0061.png,torch.float32,raw_rgba_composited_over_white_float32
obj_0061,3a421d07-53ad-57c9-9502-69a2e9da5e68,c3_lhl,0.8693620562553406,/4T/CXY/MV-Painter/final/round2/stage_placement_276_20260929/predictions/c3_lhl/obj_0061.png,torch.float32,raw_rgba_composited_over_white_float32
obj_0062,3aa8216c-33e6-5f4b-97ce-ac9d52c9611a,fixed_mean,0.8138506412506104,/4T/CXY/MV-Painter/final/round2/stage_placement_276_20260929/predictions/fixed_mean/obj_0062.png,torch.float32,raw_rgba_composited_over_white_float32
obj_0062,3aa8216c-33e6-5f4b-97ce-ac9d52c9611a,hll,0.8078867197036743,/4T/CXY/MV-Painter/final/round2/stage_placement_276_20260929/predictions/hll/obj_0062.png,torch.float32,raw_rgba_composited_over_white_float32
obj_0062,3aa8216c-33e6-5f4b-97ce-ac9d52c9611a,llh,0.819159746170044,/4T/CXY/MV-Painter/final/round2/stage_placement_276_20260929/predictions/llh/obj_0062.png,torch.float32,raw_rgba_composited_over_white_float32
obj_0062,3aa8216c-33e6-5f4b-97ce-ac9d52c9611a,c3_lhl,0.8240175247192383,/4T/CXY/MV-Painter/final/round2/stage_placement_276_20260929/predictions/c3_lhl/obj_0062.png,torch.float32,raw_rgba_composited_over_white_float32
obj_0063,3ac21a89-d216-5e67-92d3-273b8e4f8a33,fixed_mean,0.8866611123085022,/4T/CXY/MV-Painter/final/round2/stage_placement_276_20260929/predictions/fixed_mean/obj_0063.png,torch.float32,raw_rgba_composited_over_white_float32
obj_0063,3ac21a89-d216-5e67-92d3-273b8e4f8a33,hll,0.8728936314582825,/4T/CXY/MV-Painter/final/round2/stage_placement_276_20260929/predictions/hll/obj_0063.png,torch.float32,raw_rgba_composited_over_white_float32
obj_0063,3ac21a89-d216-5e67-92d3-273b8e4f8a33,llh,0.89821857213974,/4T/CXY/MV-Painter/final/round2/stage_placement_276_20260929/predictions/llh/obj_0063.png,torch.float32,raw_rgba_composited_over_white_float32
obj_0063,3ac21a89-d216-5e67-92d3-273b8e4f8a33,c3_lhl,0.8914163112640381,/4T/CXY/MV-Painter/final/round2/stage_placement_276_20260929/predictions/c3_lhl/obj_0063.png,torch.float32,raw_rgba_composited_over_white_float32
obj_0064,3c44e866-3681-5cae-b797-99ce51d6e147,fixed_mean,0.8606963157653809,/4T/CXY/MV-Painter/final/round2/stage_placement_276_20260929/predictions/fixed_mean/obj_0064.png,torch.float32,raw_rgba_composited_over_white_float32
obj_0064,3c44e866-3681-5cae-b797-99ce51d6e147,hll,0.8309594392776489,/4T/CXY/MV-Painter/final/round2/stage_placement_276_20260929/predictions/hll/obj_0064.png,torch.float32,raw_rgba_composited_over_white_float32
obj_0064,3c44e866-3681-5cae-b797-99ce51d6e147,llh,0.8810948133468628,/4T/CXY/MV-Painter/final/round2/stage_placement_276_20260929/predictions/llh/obj_0064.png,torch.float32,raw_rgba_composited_over_white_float32
obj_0064,3c44e866-3681-5cae-b797-99ce51d6e147,c3_lhl,0.8809354901313782,/4T/CXY/MV-Painter/final/round2/stage_placement_276_20260929/predictions/c3_lhl/obj_0064.png,torch.float32,raw_rgba_composited_over_white_float32
obj_0065,3cf93b16-2dbe-57c5-b93e-9b72f74fefbb,fixed_mean,0.8766997456550598,/4T/CXY/MV-Painter/final/round2/stage_placement_276_20260929/predictions/fixed_mean/obj_0065.png,torch.float32,raw_rgba_composited_over_white_float32
obj_0065,3cf93b16-2dbe-57c5-b93e-9b72f74fefbb,hll,0.8608375787734985,/4T/CXY/MV-Painter/final/round2/stage_placement_276_20260929/predictions/hll/obj_0065.png,torch.float32,raw_rgba_composited_over_white_float32
obj_0065,3cf93b16-2dbe-57c5-b93e-9b72f74fefbb,llh,0.8881864547729492,/4T/CXY/MV-Painter/final/round2/stage_placement_276_20260929/predictions/llh/obj_0065.png,torch.float32,raw_rgba_composited_over_white_float32
obj_0065,3cf93b16-2dbe-57c5-b93e-9b72f74fefbb,c3_lhl,0.8825719952583313,/4T/CXY/MV-Painter/final/round2/stage_placement_276_20260929/predictions/c3_lhl/obj_0065.png,torch.float32,raw_rgba_composited_over_white_float32
obj_0066,f74207ca-8dd4-50f8-b0fd-eea2eac89270,fixed_mean,0.8551970720291138,/4T/CXY/MV-Painter/final/round2/stage_placement_276_20260929/predictions/fixed_mean/obj_0066.png,torch.float32,raw_rgba_composited_over_white_float32
obj_0066,f74207ca-8dd4-50f8-b0fd-eea2eac89270,hll,0.8263876438140869,/4T/CXY/MV-Painter/final/round2/stage_placement_276_20260929/predictions/hll/obj_0066.png,torch.float32,raw_rgba_composited_over_white_float32
obj_0066,f74207ca-8dd4-50f8-b0fd-eea2eac89270,llh,0.8763735294342041,/4T/CXY/MV-Painter/final/round2/stage_placement_276_20260929/predictions/llh/obj_0066.png,torch.float32,raw_rgba_composited_over_white_float32
obj_0066,f74207ca-8dd4-50f8-b0fd-eea2eac89270,c3_lhl,0.8730397820472717,/4T/CXY/MV-Painter/final/round2/stage_placement_276_20260929/predictions/c3_lhl/obj_0066.png,torch.float32,raw_rgba_composited_over_white_float32
obj_0067,3dab0891-0724-5942-85c6-b27a1e395e55,fixed_mean,0.8617722392082214,/4T/CXY/MV-Painter/final/round2/stage_placement_276_20260929/predictions/fixed_mean/obj_0067.png,torch.float32,raw_rgba_composited_over_white_float32
obj_0067,3dab0891-0724-5942-85c6-b27a1e395e55,hll,0.8307753801345825,/4T/CXY/MV-Painter/final/round2/stage_placement_276_20260929/predictions/hll/obj_0067.png,torch.float32,raw_rgba_composited_over_white_float32
obj_0067,3dab0891-0724-5942-85c6-b27a1e395e55,llh,0.885081946849823,/4T/CXY/MV-Painter/final/round2/stage_placement_276_20260929/predictions/llh/obj_0067.png,torch.float32,raw_rgba_composited_over_white_float32
obj_0067,3dab0891-0724-5942-85c6-b27a1e395e55,c3_lhl,0.8762899041175842,/4T/CXY/MV-Painter/final/round2/stage_placement_276_20260929/predictions/c3_lhl/obj_0067.png,torch.float32,raw_rgba_composited_over_white_float32
obj_0068,f79d049c-b5aa-554e-aeff-c315e64d034b,fixed_mean,0.8704310059547424,/4T/CXY/MV-Painter/final/round2/stage_placement_276_20260929/predictions/fixed_mean/obj_0068.png,torch.float32,raw_rgba_composited_over_white_float32
obj_0068,f79d049c-b5aa-554e-aeff-c315e64d034b,hll,0.8499628305435181,/4T/CXY/MV-Painter/final/round2/stage_placement_276_20260929/predictions/hll/obj_0068.png,torch.float32,raw_rgba_composited_over_white_float32
obj_0068,f79d049c-b5aa-554e-aeff-c315e64d034b,llh,0.8820841908454895,/4T/CXY/MV-Painter/final/round2/stage_placement_276_20260929/predictions/llh/obj_0068.png,torch.float32,raw_rgba_composited_over_white_float32
obj_0068,f79d049c-b5aa-554e-aeff-c315e64d034b,c3_lhl,0.8783048391342163,/4T/CXY/MV-Painter/final/round2/stage_placement_276_20260929/predictions/c3_lhl/obj_0068.png,torch.float32,raw_rgba_composited_over_white_float32
obj_0069,409ee319-7c53-572d-91a0-64f88b263706,fixed_mean,0.9848623275756836,/4T/CXY/MV-Painter/final/round2/stage_placement_276_20260929/predictions/fixed_mean/obj_0069.png,torch.float32,raw_rgba_composited_over_white_float32
obj_0069,409ee319-7c53-572d-91a0-64f88b263706,hll,0.9801177978515625,/4T/CXY/MV-Painter/final/round2/stage_placement_276_20260929/predictions/hll/obj_0069.png,torch.float32,raw_rgba_composited_over_white_float32
obj_0069,409ee319-7c53-572d-91a0-64f88b263706,llh,0.9870327711105347,/4T/CXY/MV-Painter/final/round2/stage_placement_276_20260929/predictions/llh/obj_0069.png,torch.float32,raw_rgba_composited_over_white_float32
obj_0069,409ee319-7c53-572d-91a0-64f88b263706,c3_lhl,0.9854187369346619,/4T/CXY/MV-Painter/final/round2/stage_placement_276_20260929/predictions/c3_lhl/obj_0069.png,torch.float32,raw_rgba_composited_over_white_float32
obj_0070,40a3a06a-5a80-58e2-b7ba-f49f6e71af74,fixed_mean,0.8871076703071594,/4T/CXY/MV-Painter/final/round2/stage_placement_276_20260929/predictions/fixed_mean/obj_0070.png,torch.float32,raw_rgba_composited_over_white_float32
obj_0070,40a3a06a-5a80-58e2-b7ba-f49f6e71af74,hll,0.8655888438224792,/4T/CXY/MV-Painter/final/round2/stage_placement_276_20260929/predictions/hll/obj_0070.png,torch.float32,raw_rgba_composited_over_white_float32
obj_0070,40a3a06a-5a80-58e2-b7ba-f49f6e71af74,llh,0.9016688466072083,/4T/CXY/MV-Painter/final/round2/stage_placement_276_20260929/predictions/llh/obj_0070.png,torch.float32,raw_rgba_composited_over_white_float32
obj_0070,40a3a06a-5a80-58e2-b7ba-f49f6e71af74,c3_lhl,0.8962136507034302,/4T/CXY/MV-Painter/final/round2/stage_placement_276_20260929/predictions/c3_lhl/obj_0070.png,torch.float32,raw_rgba_composited_over_white_float32
obj_0071,42131cdf-ec2b-5b33-9e7f-2db35840b88a,fixed_mean,0.8684372901916504,/4T/CXY/MV-Painter/final/round2/stage_placement_276_20260929/predictions/fixed_mean/obj_0071.png,torch.float32,raw_rgba_composited_over_white_float32
obj_0071,42131cdf-ec2b-5b33-9e7f-2db35840b88a,hll,0.8499553203582764,/4T/CXY/MV-Painter/final/round2/stage_placement_276_20260929/predictions/hll/obj_0071.png,torch.float32,raw_rgba_composited_over_white_float32
obj_0071,42131cdf-ec2b-5b33-9e7f-2db35840b88a,llh,0.8824987411499023,/4T/CXY/MV-Painter/final/round2/stage_placement_276_20260929/predictions/llh/obj_0071.png,torch.float32,raw_rgba_composited_over_white_float32
obj_0071,42131cdf-ec2b-5b33-9e7f-2db35840b88a,c3_lhl,0.8769501447677612,/4T/CXY/MV-Painter/final/round2/stage_placement_276_20260929/predictions/c3_lhl/obj_0071.png,torch.float32,raw_rgba_composited_over_white_float32
obj_0072,42918a20-ee59-5ddf-a7de-e8e06bc87691,fixed_mean,0.9641083478927612,/4T/CXY/MV-Painter/final/round2/stage_placement_276_20260929/predictions/fixed_mean/obj_0072.png,torch.float32,raw_rgba_composited_over_white_float32
obj_0072,42918a20-ee59-5ddf-a7de-e8e06bc87691,hll,0.9592756628990173,/4T/CXY/MV-Painter/final/round2/stage_placement_276_20260929/predictions/hll/obj_0072.png,torch.float32,raw_rgba_composited_over_white_float32
obj_0072,42918a20-ee59-5ddf-a7de-e8e06bc87691,llh,0.9678656458854675,/4T/CXY/MV-Painter/final/round2/stage_placement_276_20260929/predictions/llh/obj_0072.png,torch.float32,raw_rgba_composited_over_white_float32
obj_0072,42918a20-ee59-5ddf-a7de-e8e06bc87691,c3_lhl,0.9639842510223389,/4T/CXY/MV-Painter/final/round2/stage_placement_276_20260929/predictions/c3_lhl/obj_0072.png,torch.float32,raw_rgba_composited_over_white_float32
obj_0073,441ffa31-f117-549d-ac53-c2d034b41e1d,fixed_mean,0.8902356624603271,/4T/CXY/MV-Painter/final/round2/stage_placement_276_20260929/predictions/fixed_mean/obj_0073.png,torch.float32,raw_rgba_composited_over_white_float32
obj_0073,441ffa31-f117-549d-ac53-c2d034b41e1d,hll,0.8834541440010071,/4T/CXY/MV-Painter/final/round2/stage_placement_276_20260929/predictions/hll/obj_0073.png,torch.float32,raw_rgba_composited_over_white_float32
obj_0073,441ffa31-f117-549d-ac53-c2d034b41e1d,llh,0.8965222835540771,/4T/CXY/MV-Painter/final/round2/stage_placement_276_20260929/predictions/llh/obj_0073.png,torch.float32,raw_rgba_composited_over_white_float32
obj_0073,441ffa31-f117-549d-ac53-c2d034b41e1d,c3_lhl,0.8945726752281189,/4T/CXY/MV-Painter/final/round2/stage_placement_276_20260929/predictions/c3_lhl/obj_0073.png,torch.float32,raw_rgba_composited_over_white_float32
obj_0074,463a06f3-f6cb-5d68-b607-464b72c16164,fixed_mean,0.8657856583595276,/4T/CXY/MV-Painter/final/round2/stage_placement_276_20260929/predictions/fixed_mean/obj_0074.png,torch.float32,raw_rgba_composited_over_white_float32
obj_0074,463a06f3-f6cb-5d68-b607-464b72c16164,hll,0.8384943008422852,/4T/CXY/MV-Painter/final/round2/stage_placement_276_20260929/predictions/hll/obj_0074.png,torch.float32,raw_rgba_composited_over_white_float32
obj_0074,463a06f3-f6cb-5d68-b607-464b72c16164,llh,0.886328935623169,/4T/CXY/MV-Painter/final/round2/stage_placement_276_20260929/predictions/llh/obj_0074.png,torch.float32,raw_rgba_composited_over_white_float32
obj_0074,463a06f3-f6cb-5d68-b607-464b72c16164,c3_lhl,0.8843554854393005,/4T/CXY/MV-Painter/final/round2/stage_placement_276_20260929/predictions/c3_lhl/obj_0074.png,torch.float32,raw_rgba_composited_over_white_float32
obj_0075,4a88ef7b-9d7a-5865-92b6-6635a03b6111,fixed_mean,0.8824089765548706,/4T/CXY/MV-Painter/final/round2/stage_placement_276_20260929/predictions/fixed_mean/obj_0075.png,torch.float32,raw_rgba_composited_over_white_float32
obj_0075,4a88ef7b-9d7a-5865-92b6-6635a03b6111,hll,0.8747855424880981,/4T/CXY/MV-Painter/final/round2/stage_placement_276_20260929/predictions/hll/obj_0075.png,torch.float32,raw_rgba_composited_over_white_float32
obj_0075,4a88ef7b-9d7a-5865-92b6-6635a03b6111,llh,0.8873136639595032,/4T/CXY/MV-Painter/final/round2/stage_placement_276_20260929/predictions/llh/obj_0075.png,torch.float32,raw_rgba_composited_over_white_float32
obj_0075,4a88ef7b-9d7a-5865-92b6-6635a03b6111,c3_lhl,0.8836863040924072,/4T/CXY/MV-Painter/final/round2/stage_placement_276_20260929/predictions/c3_lhl/obj_0075.png,torch.float32,raw_rgba_composited_over_white_float32
obj_0076,4bce6026-7b8c-57ac-8078-06ba00428284,fixed_mean,0.8509523868560791,/4T/CXY/MV-Painter/final/round2/stage_placement_276_20260929/predictions/fixed_mean/obj_0076.png,torch.float32,raw_rgba_composited_over_white_float32
obj_0076,4bce6026-7b8c-57ac-8078-06ba00428284,hll,0.8211336135864258,/4T/CXY/MV-Painter/final/round2/stage_placement_276_20260929/predictions/hll/obj_0076.png,torch.float32,raw_rgba_composited_over_white_float32
obj_0076,4bce6026-7b8c-57ac-8078-06ba00428284,llh,0.8734381794929504,/4T/CXY/MV-Painter/final/round2/stage_placement_276_20260929/predictions/llh/obj_0076.png,torch.float32,raw_rgba_composited_over_white_float32
obj_0076,4bce6026-7b8c-57ac-8078-06ba00428284,c3_lhl,0.8709054589271545,/4T/CXY/MV-Painter/final/round2/stage_placement_276_20260929/predictions/c3_lhl/obj_0076.png,torch.float32,raw_rgba_composited_over_white_float32
obj_0077,4c7b90a8-7536-5366-9386-b387b196aba0,fixed_mean,0.9543064832687378,/4T/CXY/MV-Painter/final/round2/stage_placement_276_20260929/predictions/fixed_mean/obj_0077.png,torch.float32,raw_rgba_composited_over_white_float32
obj_0077,4c7b90a8-7536-5366-9386-b387b196aba0,hll,0.9491183757781982,/4T/CXY/MV-Painter/final/round2/stage_placement_276_20260929/predictions/hll/obj_0077.png,torch.float32,raw_rgba_composited_over_white_float32
obj_0077,4c7b90a8-7536-5366-9386-b387b196aba0,llh,0.9582196474075317,/4T/CXY/MV-Painter/final/round2/stage_placement_276_20260929/predictions/llh/obj_0077.png,torch.float32,raw_rgba_composited_over_white_float32
obj_0077,4c7b90a8-7536-5366-9386-b387b196aba0,c3_lhl,0.9543606638908386,/4T/CXY/MV-Painter/final/round2/stage_placement_276_20260929/predictions/c3_lhl/obj_0077.png,torch.float32,raw_rgba_composited_over_white_float32
obj_0078,f979eb16-0223-54c9-bb01-a2fb908a0ea5,fixed_mean,0.9667176008224487,/4T/CXY/MV-Painter/final/round2/stage_placement_276_20260929/predictions/fixed_mean/obj_0078.png,torch.float32,raw_rgba_composited_over_white_float32
obj_0078,f979eb16-0223-54c9-bb01-a2fb908a0ea5,hll,0.9620010852813721,/4T/CXY/MV-Painter/final/round2/stage_placement_276_20260929/predictions/hll/obj_0078.png,torch.float32,raw_rgba_composited_over_white_float32
obj_0078,f979eb16-0223-54c9-bb01-a2fb908a0ea5,llh,0.9704918265342712,/4T/CXY/MV-Painter/final/round2/stage_placement_276_20260929/predictions/llh/obj_0078.png,torch.float32,raw_rgba_composited_over_white_float32
obj_0078,f979eb16-0223-54c9-bb01-a2fb908a0ea5,c3_lhl,0.967047393321991,/4T/CXY/MV-Painter/final/round2/stage_placement_276_20260929/predictions/c3_lhl/obj_0078.png,torch.float32,raw_rgba_composited_over_white_float32
obj_0079,4d735d68-ddbe-5903-861b-16591555da56,fixed_mean,0.8727286458015442,/4T/CXY/MV-Painter/final/round2/stage_placement_276_20260929/predictions/fixed_mean/obj_0079.png,torch.float32,raw_rgba_composited_over_white_float32
obj_0079,4d735d68-ddbe-5903-861b-16591555da56,hll,0.8527898788452148,/4T/CXY/MV-Painter/final/round2/stage_placement_276_20260929/predictions/hll/obj_0079.png,torch.float32,raw_rgba_composited_over_white_float32
obj_0079,4d735d68-ddbe-5903-861b-16591555da56,llh,0.8868295550346375,/4T/CXY/MV-Painter/final/round2/stage_placement_276_20260929/predictions/llh/obj_0079.png,torch.float32,raw_rgba_composited_over_white_float32
obj_0079,4d735d68-ddbe-5903-861b-16591555da56,c3_lhl,0.8829768896102905,/4T/CXY/MV-Painter/final/round2/stage_placement_276_20260929/predictions/c3_lhl/obj_0079.png,torch.float32,raw_rgba_composited_over_white_float32
obj_0080,4e853e71-cbc7-5a07-bf62-fe1e917525a8,fixed_mean,0.8534414768218994,/4T/CXY/MV-Painter/final/round2/stage_placement_276_20260929/predictions/fixed_mean/obj_0080.png,torch.float32,raw_rgba_composited_over_white_float32
obj_0080,4e853e71-cbc7-5a07-bf62-fe1e917525a8,hll,0.8440945744514465,/4T/CXY/MV-Painter/final/round2/stage_placement_276_20260929/predictions/hll/obj_0080.png,torch.float32,raw_rgba_composited_over_white_float32
obj_0080,4e853e71-cbc7-5a07-bf62-fe1e917525a8,llh,0.8580553531646729,/4T/CXY/MV-Painter/final/round2/stage_placement_276_20260929/predictions/llh/obj_0080.png,torch.float32,raw_rgba_composited_over_white_float32
obj_0080,4e853e71-cbc7-5a07-bf62-fe1e917525a8,c3_lhl,0.8547220230102539,/4T/CXY/MV-Painter/final/round2/stage_placement_276_20260929/predictions/c3_lhl/obj_0080.png,torch.float32,raw_rgba_composited_over_white_float32
obj_0081,4eb0216f-cd81-5de7-a9c8-cf54845e5406,fixed_mean,0.8642170429229736,/4T/CXY/MV-Painter/final/round2/stage_placement_276_20260929/predictions/fixed_mean/obj_0081.png,torch.float32,raw_rgba_composited_over_white_float32
obj_0081,4eb0216f-cd81-5de7-a9c8-cf54845e5406,hll,0.8350392580032349,/4T/CXY/MV-Painter/final/round2/stage_placement_276_20260929/predictions/hll/obj_0081.png,torch.float32,raw_rgba_composited_over_white_float32
obj_0081,4eb0216f-cd81-5de7-a9c8-cf54845e5406,llh,0.8815370798110962,/4T/CXY/MV-Painter/final/round2/stage_placement_276_20260929/predictions/llh/obj_0081.png,torch.float32,raw_rgba_composited_over_white_float32
obj_0081,4eb0216f-cd81-5de7-a9c8-cf54845e5406,c3_lhl,0.8811873197555542,/4T/CXY/MV-Painter/final/round2/stage_placement_276_20260929/predictions/c3_lhl/obj_0081.png,torch.float32,raw_rgba_composited_over_white_float32
obj_0082,fa0ecf81-8069-59fc-bda2-7a734833388b,fixed_mean,0.9579474329948425,/4T/CXY/MV-Painter/final/round2/stage_placement_276_20260929/predictions/fixed_mean/obj_0082.png,torch.float32,raw_rgba_composited_over_white_float32
obj_0082,fa0ecf81-8069-59fc-bda2-7a734833388b,hll,0.9526570439338684,/4T/CXY/MV-Painter/final/round2/stage_placement_276_20260929/predictions/hll/obj_0082.png,torch.float32,raw_rgba_composited_over_white_float32
obj_0082,fa0ecf81-8069-59fc-bda2-7a734833388b,llh,0.961125373840332,/4T/CXY/MV-Painter/final/round2/stage_placement_276_20260929/predictions/llh/obj_0082.png,torch.float32,raw_rgba_composited_over_white_float32
obj_0082,fa0ecf81-8069-59fc-bda2-7a734833388b,c3_lhl,0.9582407474517822,/4T/CXY/MV-Painter/final/round2/stage_placement_276_20260929/predictions/c3_lhl/obj_0082.png,torch.float32,raw_rgba_composited_over_white_float32
obj_0083,fa19ccee-da9b-5b19-9b9d-f67548eb10ed,fixed_mean,0.8632370829582214,/4T/CXY/MV-Painter/final/round2/stage_placement_276_20260929/predictions/fixed_mean/obj_0083.png,torch.float32,raw_rgba_composited_over_white_float32
obj_0083,fa19ccee-da9b-5b19-9b9d-f67548eb10ed,hll,0.8520830869674683,/4T/CXY/MV-Painter/final/round2/stage_placement_276_20260929/predictions/hll/obj_0083.png,torch.float32,raw_rgba_composited_over_white_float32
obj_0083,fa19ccee-da9b-5b19-9b9d-f67548eb10ed,llh,0.8706700801849365,/4T/CXY/MV-Painter/final/round2/stage_placement_276_20260929/predictions/llh/obj_0083.png,torch.float32,raw_rgba_composited_over_white_float32
obj_0083,fa19ccee-da9b-5b19-9b9d-f67548eb10ed,c3_lhl,0.8708040714263916,/4T/CXY/MV-Painter/final/round2/stage_placement_276_20260929/predictions/c3_lhl/obj_0083.png,torch.float32,raw_rgba_composited_over_white_float32
obj_0084,4f3ba174-c331-5853-ae89-bde22278f7df,fixed_mean,0.8818180561065674,/4T/CXY/MV-Painter/final/round2/stage_placement_276_20260929/predictions/fixed_mean/obj_0084.png,torch.float32,raw_rgba_composited_over_white_float32
obj_0084,4f3ba174-c331-5853-ae89-bde22278f7df,hll,0.8644211888313293,/4T/CXY/MV-Painter/final/round2/stage_placement_276_20260929/predictions/hll/obj_0084.png,torch.float32,raw_rgba_composited_over_white_float32
obj_0084,4f3ba174-c331-5853-ae89-bde22278f7df,llh,0.8938458561897278,/4T/CXY/MV-Painter/final/round2/stage_placement_276_20260929/predictions/llh/obj_0084.png,torch.float32,raw_rgba_composited_over_white_float32
obj_0084,4f3ba174-c331-5853-ae89-bde22278f7df,c3_lhl,0.8889738917350769,/4T/CXY/MV-Painter/final/round2/stage_placement_276_20260929/predictions/c3_lhl/obj_0084.png,torch.float32,raw_rgba_composited_over_white_float32
obj_0085,5334d85a-e6c0-5a38-aa9e-6f65078bde26,fixed_mean,0.8496789932250977,/4T/CXY/MV-Painter/final/round2/stage_placement_276_20260929/predictions/fixed_mean/obj_0085.png,torch.float32,raw_rgba_composited_over_white_float32
obj_0085,5334d85a-e6c0-5a38-aa9e-6f65078bde26,hll,0.8356946110725403,/4T/CXY/MV-Painter/final/round2/stage_placement_276_20260929/predictions/hll/obj_0085.png,torch.float32,raw_rgba_composited_over_white_float32
obj_0085,5334d85a-e6c0-5a38-aa9e-6f65078bde26,llh,0.8594987988471985,/4T/CXY/MV-Painter/final/round2/stage_placement_276_20260929/predictions/llh/obj_0085.png,torch.float32,raw_rgba_composited_over_white_float32
obj_0085,5334d85a-e6c0-5a38-aa9e-6f65078bde26,c3_lhl,0.8591315150260925,/4T/CXY/MV-Painter/final/round2/stage_placement_276_20260929/predictions/c3_lhl/obj_0085.png,torch.float32,raw_rgba_composited_over_white_float32
obj_0086,54372a5a-7b00-5f52-a11a-8d264124b02b,fixed_mean,0.8215797543525696,/4T/CXY/MV-Painter/final/round2/stage_placement_276_20260929/predictions/fixed_mean/obj_0086.png,torch.float32,raw_rgba_composited_over_white_float32
obj_0086,54372a5a-7b00-5f52-a11a-8d264124b02b,hll,0.8141193389892578,/4T/CXY/MV-Painter/final/round2/stage_placement_276_20260929/predictions/hll/obj_0086.png,torch.float32,raw_rgba_composited_over_white_float32
obj_0086,54372a5a-7b00-5f52-a11a-8d264124b02b,llh,0.8280404210090637,/4T/CXY/MV-Painter/final/round2/stage_placement_276_20260929/predictions/llh/obj_0086.png,torch.float32,raw_rgba_composited_over_white_float32
obj_0086,54372a5a-7b00-5f52-a11a-8d264124b02b,c3_lhl,0.8241199851036072,/4T/CXY/MV-Painter/final/round2/stage_placement_276_20260929/predictions/c3_lhl/obj_0086.png,torch.float32,raw_rgba_composited_over_white_float32
obj_0087,54a5b54e-2019-5319-960a-0f915fd1f81a,fixed_mean,0.8660607933998108,/4T/CXY/MV-Painter/final/round2/stage_placement_276_20260929/predictions/fixed_mean/obj_0087.png,torch.float32,raw_rgba_composited_over_white_float32
obj_0087,54a5b54e-2019-5319-960a-0f915fd1f81a,hll,0.847977340221405,/4T/CXY/MV-Painter/final/round2/stage_placement_276_20260929/predictions/hll/obj_0087.png,torch.float32,raw_rgba_composited_over_white_float32
obj_0087,54a5b54e-2019-5319-960a-0f915fd1f81a,llh,0.8779306411743164,/4T/CXY/MV-Painter/final/round2/stage_placement_276_20260929/predictions/llh/obj_0087.png,torch.float32,raw_rgba_composited_over_white_float32
obj_0087,54a5b54e-2019-5319-960a-0f915fd1f81a,c3_lhl,0.8728740215301514,/4T/CXY/MV-Painter/final/round2/stage_placement_276_20260929/predictions/c3_lhl/obj_0087.png,torch.float32,raw_rgba_composited_over_white_float32
obj_0088,58f267b6-44dd-54b1-b6f3-b01918cf3994,fixed_mean,0.8603782653808594,/4T/CXY/MV-Painter/final/round2/stage_placement_276_20260929/predictions/fixed_mean/obj_0088.png,torch.float32,raw_rgba_composited_over_white_float32
obj_0088,58f267b6-44dd-54b1-b6f3-b01918cf3994,hll,0.8277326822280884,/4T/CXY/MV-Painter/final/round2/stage_placement_276_20260929/predictions/hll/obj_0088.png,torch.float32,raw_rgba_composited_over_white_float32
obj_0088,58f267b6-44dd-54b1-b6f3-b01918cf3994,llh,0.8864176273345947,/4T/CXY/MV-Painter/final/round2/stage_placement_276_20260929/predictions/llh/obj_0088.png,torch.float32,raw_rgba_composited_over_white_float32
obj_0088,58f267b6-44dd-54b1-b6f3-b01918cf3994,c3_lhl,0.8825147151947021,/4T/CXY/MV-Painter/final/round2/stage_placement_276_20260929/predictions/c3_lhl/obj_0088.png,torch.float32,raw_rgba_composited_over_white_float32
obj_0089,5abd470e-d2fa-5c5c-aecf-90bb5c5a6f4b,fixed_mean,0.9594616293907166,/4T/CXY/MV-Painter/final/round2/stage_placement_276_20260929/predictions/fixed_mean/obj_0089.png,torch.float32,raw_rgba_composited_over_white_float32
obj_0089,5abd470e-d2fa-5c5c-aecf-90bb5c5a6f4b,hll,0.9546484351158142,/4T/CXY/MV-Painter/final/round2/stage_placement_276_20260929/predictions/hll/obj_0089.png,torch.float32,raw_rgba_composited_over_white_float32
obj_0089,5abd470e-d2fa-5c5c-aecf-90bb5c5a6f4b,llh,0.9625146389007568,/4T/CXY/MV-Painter/final/round2/stage_placement_276_20260929/predictions/llh/obj_0089.png,torch.float32,raw_rgba_composited_over_white_float32
obj_0089,5abd470e-d2fa-5c5c-aecf-90bb5c5a6f4b,c3_lhl,0.9594975709915161,/4T/CXY/MV-Painter/final/round2/stage_placement_276_20260929/predictions/c3_lhl/obj_0089.png,torch.float32,raw_rgba_composited_over_white_float32
obj_0090,5c7410b0-d4f3-50c9-8c2c-995b14f98b50,fixed_mean,0.8548762798309326,/4T/CXY/MV-Painter/final/round2/stage_placement_276_20260929/predictions/fixed_mean/obj_0090.png,torch.float32,raw_rgba_composited_over_white_float32
obj_0090,5c7410b0-d4f3-50c9-8c2c-995b14f98b50,hll,0.8394253849983215,/4T/CXY/MV-Painter/final/round2/stage_placement_276_20260929/predictions/hll/obj_0090.png,torch.float32,raw_rgba_composited_over_white_float32
obj_0090,5c7410b0-d4f3-50c9-8c2c-995b14f98b50,llh,0.8646278381347656,/4T/CXY/MV-Painter/final/round2/stage_placement_276_20260929/predictions/llh/obj_0090.png,torch.float32,raw_rgba_composited_over_white_float32
obj_0090,5c7410b0-d4f3-50c9-8c2c-995b14f98b50,c3_lhl,0.8635184168815613,/4T/CXY/MV-Painter/final/round2/stage_placement_276_20260929/predictions/c3_lhl/obj_0090.png,torch.float32,raw_rgba_composited_over_white_float32
obj_0091,5da3d8cb-e856-5627-a91b-434512a486bb,fixed_mean,0.9723019003868103,/4T/CXY/MV-Painter/final/round2/stage_placement_276_20260929/predictions/fixed_mean/obj_0091.png,torch.float32,raw_rgba_composited_over_white_float32
obj_0091,5da3d8cb-e856-5627-a91b-434512a486bb,hll,0.9670888185501099,/4T/CXY/MV-Painter/final/round2/stage_placement_276_20260929/predictions/hll/obj_0091.png,torch.float32,raw_rgba_composited_over_white_float32
obj_0091,5da3d8cb-e856-5627-a91b-434512a486bb,llh,0.9758127927780151,/4T/CXY/MV-Painter/final/round2/stage_placement_276_20260929/predictions/llh/obj_0091.png,torch.float32,raw_rgba_composited_over_white_float32
obj_0091,5da3d8cb-e856-5627-a91b-434512a486bb,c3_lhl,0.9722081422805786,/4T/CXY/MV-Painter/final/round2/stage_placement_276_20260929/predictions/c3_lhl/obj_0091.png,torch.float32,raw_rgba_composited_over_white_float32
obj_0092,5ff08445-e405-54a2-8817-6245819f4a39,fixed_mean,0.9217639565467834,/4T/CXY/MV-Painter/final/round2/stage_placement_276_20260929/predictions/fixed_mean/obj_0092.png,torch.float32,raw_rgba_composited_over_white_float32
obj_0092,5ff08445-e405-54a2-8817-6245819f4a39,hll,0.915442705154419,/4T/CXY/MV-Painter/final/round2/stage_placement_276_20260929/predictions/hll/obj_0092.png,torch.float32,raw_rgba_composited_over_white_float32
obj_0092,5ff08445-e405-54a2-8817-6245819f4a39,llh,0.9273890256881714,/4T/CXY/MV-Painter/final/round2/stage_placement_276_20260929/predictions/llh/obj_0092.png,torch.float32,raw_rgba_composited_over_white_float32
obj_0092,5ff08445-e405-54a2-8817-6245819f4a39,c3_lhl,0.9229967594146729,/4T/CXY/MV-Painter/final/round2/stage_placement_276_20260929/predictions/c3_lhl/obj_0092.png,torch.float32,raw_rgba_composited_over_white_float32
obj_0093,61d0a554-2219-523c-a194-492fa1b23c90,fixed_mean,0.8603157997131348,/4T/CXY/MV-Painter/final/round2/stage_placement_276_20260929/predictions/fixed_mean/obj_0093.png,torch.float32,raw_rgba_composited_over_white_float32
obj_0093,61d0a554-2219-523c-a194-492fa1b23c90,hll,0.8460267782211304,/4T/CXY/MV-Painter/final/round2/stage_placement_276_20260929/predictions/hll/obj_0093.png,torch.float32,raw_rgba_composited_over_white_float32
obj_0093,61d0a554-2219-523c-a194-492fa1b23c90,llh,0.868533194065094,/4T/CXY/MV-Painter/final/round2/stage_placement_276_20260929/predictions/llh/obj_0093.png,torch.float32,raw_rgba_composited_over_white_float32
obj_0093,61d0a554-2219-523c-a194-492fa1b23c90,c3_lhl,0.8675020337104797,/4T/CXY/MV-Painter/final/round2/stage_placement_276_20260929/predictions/c3_lhl/obj_0093.png,torch.float32,raw_rgba_composited_over_white_float32
obj_0094,61da7202-3a07-5fd8-909e-e86a83c8966b,fixed_mean,0.8448302149772644,/4T/CXY/MV-Painter/final/round2/stage_placement_276_20260929/predictions/fixed_mean/obj_0094.png,torch.float32,raw_rgba_composited_over_white_float32
obj_0094,61da7202-3a07-5fd8-909e-e86a83c8966b,hll,0.8176407814025879,/4T/CXY/MV-Painter/final/round2/stage_placement_276_20260929/predictions/hll/obj_0094.png,torch.float32,raw_rgba_composited_over_white_float32
obj_0094,61da7202-3a07-5fd8-909e-e86a83c8966b,llh,0.8661525249481201,/4T/CXY/MV-Painter/final/round2/stage_placement_276_20260929/predictions/llh/obj_0094.png,torch.float32,raw_rgba_composited_over_white_float32
obj_0094,61da7202-3a07-5fd8-909e-e86a83c8966b,c3_lhl,0.8618035316467285,/4T/CXY/MV-Painter/final/round2/stage_placement_276_20260929/predictions/c3_lhl/obj_0094.png,torch.float32,raw_rgba_composited_over_white_float32
obj_0095,62805f01-a2c9-54e3-9de0-4cc5797af8dc,fixed_mean,0.9602131247520447,/4T/CXY/MV-Painter/final/round2/stage_placement_276_20260929/predictions/fixed_mean/obj_0095.png,torch.float32,raw_rgba_composited_over_white_float32
obj_0095,62805f01-a2c9-54e3-9de0-4cc5797af8dc,hll,0.9552181959152222,/4T/CXY/MV-Painter/final/round2/stage_placement_276_20260929/predictions/hll/obj_0095.png,torch.float32,raw_rgba_composited_over_white_float32
obj_0095,62805f01-a2c9-54e3-9de0-4cc5797af8dc,llh,0.9633873701095581,/4T/CXY/MV-Painter/final/round2/stage_placement_276_20260929/predictions/llh/obj_0095.png,torch.float32,raw_rgba_composited_over_white_float32
obj_0095,62805f01-a2c9-54e3-9de0-4cc5797af8dc,c3_lhl,0.959796667098999,/4T/CXY/MV-Painter/final/round2/stage_placement_276_20260929/predictions/c3_lhl/obj_0095.png,torch.float32,raw_rgba_composited_over_white_float32
obj_0096,6634a935-9435-5a8e-9311-fef0feb7b303,fixed_mean,0.8938955664634705,/4T/CXY/MV-Painter/final/round2/stage_placement_276_20260929/predictions/fixed_mean/obj_0096.png,torch.float32,raw_rgba_composited_over_white_float32
obj_0096,6634a935-9435-5a8e-9311-fef0feb7b303,hll,0.8857306241989136,/4T/CXY/MV-Painter/final/round2/stage_placement_276_20260929/predictions/hll/obj_0096.png,torch.float32,raw_rgba_composited_over_white_float32
obj_0096,6634a935-9435-5a8e-9311-fef0feb7b303,llh,0.9008923768997192,/4T/CXY/MV-Painter/final/round2/stage_placement_276_20260929/predictions/llh/obj_0096.png,torch.float32,raw_rgba_composited_over_white_float32
obj_0096,6634a935-9435-5a8e-9311-fef0feb7b303,c3_lhl,0.8961203098297119,/4T/CXY/MV-Painter/final/round2/stage_placement_276_20260929/predictions/c3_lhl/obj_0096.png,torch.float32,raw_rgba_composited_over_white_float32
obj_0097,676df690-0a42-5a50-abce-4e09925408b9,fixed_mean,0.9406479597091675,/4T/CXY/MV-Painter/final/round2/stage_placement_276_20260929/predictions/fixed_mean/obj_0097.png,torch.float32,raw_rgba_composited_over_white_float32
obj_0097,676df690-0a42-5a50-abce-4e09925408b9,hll,0.9361779093742371,/4T/CXY/MV-Painter/final/round2/stage_placement_276_20260929/predictions/hll/obj_0097.png,torch.float32,raw_rgba_composited_over_white_float32
obj_0097,676df690-0a42-5a50-abce-4e09925408b9,llh,0.9439170360565186,/4T/CXY/MV-Painter/final/round2/stage_placement_276_20260929/predictions/llh/obj_0097.png,torch.float32,raw_rgba_composited_over_white_float32
obj_0097,676df690-0a42-5a50-abce-4e09925408b9,c3_lhl,0.9411889314651489,/4T/CXY/MV-Painter/final/round2/stage_placement_276_20260929/predictions/c3_lhl/obj_0097.png,torch.float32,raw_rgba_composited_over_white_float32
obj_0098,68cb90ab-0019-5eed-a2a3-8f6396d4a3a0,fixed_mean,0.911375880241394,/4T/CXY/MV-Painter/final/round2/stage_placement_276_20260929/predictions/fixed_mean/obj_0098.png,torch.float32,raw_rgba_composited_over_white_float32
obj_0098,68cb90ab-0019-5eed-a2a3-8f6396d4a3a0,hll,0.9046120047569275,/4T/CXY/MV-Painter/final/round2/stage_placement_276_20260929/predictions/hll/obj_0098.png,torch.float32,raw_rgba_composited_over_white_float32
obj_0098,68cb90ab-0019-5eed-a2a3-8f6396d4a3a0,llh,0.9187605381011963,/4T/CXY/MV-Painter/final/round2/stage_placement_276_20260929/predictions/llh/obj_0098.png,torch.float32,raw_rgba_composited_over_white_float32
obj_0098,68cb90ab-0019-5eed-a2a3-8f6396d4a3a0,c3_lhl,0.9152204990386963,/4T/CXY/MV-Painter/final/round2/stage_placement_276_20260929/predictions/c3_lhl/obj_0098.png,torch.float32,raw_rgba_composited_over_white_float32
obj_0099,69cb6983-c1ba-51a1-abff-97f223231ce7,fixed_mean,0.8838270306587219,/4T/CXY/MV-Painter/final/round2/stage_placement_276_20260929/predictions/fixed_mean/obj_0099.png,torch.float32,raw_rgba_composited_over_white_float32
obj_0099,69cb6983-c1ba-51a1-abff-97f223231ce7,hll,0.859413743019104,/4T/CXY/MV-Painter/final/round2/stage_placement_276_20260929/predictions/hll/obj_0099.png,torch.float32,raw_rgba_composited_over_white_float32
obj_0099,69cb6983-c1ba-51a1-abff-97f223231ce7,llh,0.899720311164856,/4T/CXY/MV-Painter/final/round2/stage_placement_276_20260929/predictions/llh/obj_0099.png,torch.float32,raw_rgba_composited_over_white_float32
obj_0099,69cb6983-c1ba-51a1-abff-97f223231ce7,c3_lhl,0.8959524631500244,/4T/CXY/MV-Painter/final/round2/stage_placement_276_20260929/predictions/c3_lhl/obj_0099.png,torch.float32,raw_rgba_composited_over_white_float32
obj_0100,6b974d44-88cf-54d8-be7c-0b1f9a174e0d,fixed_mean,0.8681765198707581,/4T/CXY/MV-Painter/final/round2/stage_placement_276_20260929/predictions/fixed_mean/obj_0100.png,torch.float32,raw_rgba_composited_over_white_float32
obj_0100,6b974d44-88cf-54d8-be7c-0b1f9a174e0d,hll,0.8386484980583191,/4T/CXY/MV-Painter/final/round2/stage_placement_276_20260929/predictions/hll/obj_0100.png,torch.float32,raw_rgba_composited_over_white_float32
obj_0100,6b974d44-88cf-54d8-be7c-0b1f9a174e0d,llh,0.8930647373199463,/4T/CXY/MV-Painter/final/round2/stage_placement_276_20260929/predictions/llh/obj_0100.png,torch.float32,raw_rgba_composited_over_white_float32
obj_0100,6b974d44-88cf-54d8-be7c-0b1f9a174e0d,c3_lhl,0.8904278874397278,/4T/CXY/MV-Painter/final/round2/stage_placement_276_20260929/predictions/c3_lhl/obj_0100.png,torch.float32,raw_rgba_composited_over_white_float32
obj_0101,6d4ef017-0459-5475-81e4-ac3d0774d40e,fixed_mean,0.8669980764389038,/4T/CXY/MV-Painter/final/round2/stage_placement_276_20260929/predictions/fixed_mean/obj_0101.png,torch.float32,raw_rgba_composited_over_white_float32
obj_0101,6d4ef017-0459-5475-81e4-ac3d0774d40e,hll,0.8405314683914185,/4T/CXY/MV-Painter/final/round2/stage_placement_276_20260929/predictions/hll/obj_0101.png,torch.float32,raw_rgba_composited_over_white_float32
obj_0101,6d4ef017-0459-5475-81e4-ac3d0774d40e,llh,0.8866604566574097,/4T/CXY/MV-Painter/final/round2/stage_placement_276_20260929/predictions/llh/obj_0101.png,torch.float32,raw_rgba_composited_over_white_float32
obj_0101,6d4ef017-0459-5475-81e4-ac3d0774d40e,c3_lhl,0.8842766284942627,/4T/CXY/MV-Painter/final/round2/stage_placement_276_20260929/predictions/c3_lhl/obj_0101.png,torch.float32,raw_rgba_composited_over_white_float32
obj_0102,6da83683-2c47-597f-9989-27553b2f81ec,fixed_mean,0.8537046313285828,/4T/CXY/MV-Painter/final/round2/stage_placement_276_20260929/predictions/fixed_mean/obj_0102.png,torch.float32,raw_rgba_composited_over_white_float32
obj_0102,6da83683-2c47-597f-9989-27553b2f81ec,hll,0.8173498511314392,/4T/CXY/MV-Painter/final/round2/stage_placement_276_20260929/predictions/hll/obj_0102.png,torch.float32,raw_rgba_composited_over_white_float32
obj_0102,6da83683-2c47-597f-9989-27553b2f81ec,llh,0.8801982998847961,/4T/CXY/MV-Painter/final/round2/stage_placement_276_20260929/predictions/llh/obj_0102.png,torch.float32,raw_rgba_composited_over_white_float32
obj_0102,6da83683-2c47-597f-9989-27553b2f81ec,c3_lhl,0.8808704614639282,/4T/CXY/MV-Painter/final/round2/stage_placement_276_20260929/predictions/c3_lhl/obj_0102.png,torch.float32,raw_rgba_composited_over_white_float32
obj_0103,7047b4a9-debe-5912-a4dd-1ea92b549c93,fixed_mean,0.9583007097244263,/4T/CXY/MV-Painter/final/round2/stage_placement_276_20260929/predictions/fixed_mean/obj_0103.png,torch.float32,raw_rgba_composited_over_white_float32
obj_0103,7047b4a9-debe-5912-a4dd-1ea92b549c93,hll,0.9530508518218994,/4T/CXY/MV-Painter/final/round2/stage_placement_276_20260929/predictions/hll/obj_0103.png,torch.float32,raw_rgba_composited_over_white_float32
obj_0103,7047b4a9-debe-5912-a4dd-1ea92b549c93,llh,0.9622602462768555,/4T/CXY/MV-Painter/final/round2/stage_placement_276_20260929/predictions/llh/obj_0103.png,torch.float32,raw_rgba_composited_over_white_float32
obj_0103,7047b4a9-debe-5912-a4dd-1ea92b549c93,c3_lhl,0.9588167667388916,/4T/CXY/MV-Painter/final/round2/stage_placement_276_20260929/predictions/c3_lhl/obj_0103.png,torch.float32,raw_rgba_composited_over_white_float32
obj_0104,70d8d4a3-950f-5ece-bd0c-fb1135486181,fixed_mean,0.8948504328727722,/4T/CXY/MV-Painter/final/round2/stage_placement_276_20260929/predictions/fixed_mean/obj_0104.png,torch.float32,raw_rgba_composited_over_white_float32
obj_0104,70d8d4a3-950f-5ece-bd0c-fb1135486181,hll,0.8891801834106445,/4T/CXY/MV-Painter/final/round2/stage_placement_276_20260929/predictions/hll/obj_0104.png,torch.float32,raw_rgba_composited_over_white_float32
obj_0104,70d8d4a3-950f-5ece-bd0c-fb1135486181,llh,0.8983594179153442,/4T/CXY/MV-Painter/final/round2/stage_placement_276_20260929/predictions/llh/obj_0104.png,torch.float32,raw_rgba_composited_over_white_float32
obj_0104,70d8d4a3-950f-5ece-bd0c-fb1135486181,c3_lhl,0.8991748094558716,/4T/CXY/MV-Painter/final/round2/stage_placement_276_20260929/predictions/c3_lhl/obj_0104.png,torch.float32,raw_rgba_composited_over_white_float32
obj_0105,718bf9a9-1a65-5a19-8abd-56557d7941be,fixed_mean,0.844796895980835,/4T/CXY/MV-Painter/final/round2/stage_placement_276_20260929/predictions/fixed_mean/obj_0105.png,torch.float32,raw_rgba_composited_over_white_float32
obj_0105,718bf9a9-1a65-5a19-8abd-56557d7941be,hll,0.8096520304679871,/4T/CXY/MV-Painter/final/round2/stage_placement_276_20260929/predictions/hll/obj_0105.png,torch.float32,raw_rgba_composited_over_white_float32
obj_0105,718bf9a9-1a65-5a19-8abd-56557d7941be,llh,0.872402548789978,/4T/CXY/MV-Painter/final/round2/stage_placement_276_20260929/predictions/llh/obj_0105.png,torch.float32,raw_rgba_composited_over_white_float32
obj_0105,718bf9a9-1a65-5a19-8abd-56557d7941be,c3_lhl,0.8678285479545593,/4T/CXY/MV-Painter/final/round2/stage_placement_276_20260929/predictions/c3_lhl/obj_0105.png,torch.float32,raw_rgba_composited_over_white_float32
obj_0106,72067309-2a09-5467-8938-161e53438560,fixed_mean,0.8824557662010193,/4T/CXY/MV-Painter/final/round2/stage_placement_276_20260929/predictions/fixed_mean/obj_0106.png,torch.float32,raw_rgba_composited_over_white_float32
obj_0106,72067309-2a09-5467-8938-161e53438560,hll,0.8739342093467712,/4T/CXY/MV-Painter/final/round2/stage_placement_276_20260929/predictions/hll/obj_0106.png,torch.float32,raw_rgba_composited_over_white_float32
obj_0106,72067309-2a09-5467-8938-161e53438560,llh,0.8839902877807617,/4T/CXY/MV-Painter/final/round2/stage_placement_276_20260929/predictions/llh/obj_0106.png,torch.float32,raw_rgba_composited_over_white_float32
obj_0106,72067309-2a09-5467-8938-161e53438560,c3_lhl,0.8779094219207764,/4T/CXY/MV-Painter/final/round2/stage_placement_276_20260929/predictions/c3_lhl/obj_0106.png,torch.float32,raw_rgba_composited_over_white_float32
obj_0107,722ed2f9-e5ff-5f93-a475-3db0ea94efd6,fixed_mean,0.880107581615448,/4T/CXY/MV-Painter/final/round2/stage_placement_276_20260929/predictions/fixed_mean/obj_0107.png,torch.float32,raw_rgba_composited_over_white_float32
obj_0107,722ed2f9-e5ff-5f93-a475-3db0ea94efd6,hll,0.8744982481002808,/4T/CXY/MV-Painter/final/round2/stage_placement_276_20260929/predictions/hll/obj_0107.png,torch.float32,raw_rgba_composited_over_white_float32
obj_0107,722ed2f9-e5ff-5f93-a475-3db0ea94efd6,llh,0.8868270516395569,/4T/CXY/MV-Painter/final/round2/stage_placement_276_20260929/predictions/llh/obj_0107.png,torch.float32,raw_rgba_composited_over_white_float32
obj_0107,722ed2f9-e5ff-5f93-a475-3db0ea94efd6,c3_lhl,0.8848070502281189,/4T/CXY/MV-Painter/final/round2/stage_placement_276_20260929/predictions/c3_lhl/obj_0107.png,torch.float32,raw_rgba_composited_over_white_float32
obj_0108,7356508c-a742-56b0-8789-2cf5c0ddfa70,fixed_mean,0.8807814121246338,/4T/CXY/MV-Painter/final/round2/stage_placement_276_20260929/predictions/fixed_mean/obj_0108.png,torch.float32,raw_rgba_composited_over_white_float32
obj_0108,7356508c-a742-56b0-8789-2cf5c0ddfa70,hll,0.8737914562225342,/4T/CXY/MV-Painter/final/round2/stage_placement_276_20260929/predictions/hll/obj_0108.png,torch.float32,raw_rgba_composited_over_white_float32
obj_0108,7356508c-a742-56b0-8789-2cf5c0ddfa70,llh,0.8878013491630554,/4T/CXY/MV-Painter/final/round2/stage_placement_276_20260929/predictions/llh/obj_0108.png,torch.float32,raw_rgba_composited_over_white_float32
obj_0108,7356508c-a742-56b0-8789-2cf5c0ddfa70,c3_lhl,0.8846739530563354,/4T/CXY/MV-Painter/final/round2/stage_placement_276_20260929/predictions/c3_lhl/obj_0108.png,torch.float32,raw_rgba_composited_over_white_float32
obj_0109,73cd59ee-2bc7-5656-a58e-85d7b2b976a7,fixed_mean,0.867644190788269,/4T/CXY/MV-Painter/final/round2/stage_placement_276_20260929/predictions/fixed_mean/obj_0109.png,torch.float32,raw_rgba_composited_over_white_float32
obj_0109,73cd59ee-2bc7-5656-a58e-85d7b2b976a7,hll,0.8518635034561157,/4T/CXY/MV-Painter/final/round2/stage_placement_276_20260929/predictions/hll/obj_0109.png,torch.float32,raw_rgba_composited_over_white_float32
obj_0109,73cd59ee-2bc7-5656-a58e-85d7b2b976a7,llh,0.8781435489654541,/4T/CXY/MV-Painter/final/round2/stage_placement_276_20260929/predictions/llh/obj_0109.png,torch.float32,raw_rgba_composited_over_white_float32
obj_0109,73cd59ee-2bc7-5656-a58e-85d7b2b976a7,c3_lhl,0.8736664652824402,/4T/CXY/MV-Painter/final/round2/stage_placement_276_20260929/predictions/c3_lhl/obj_0109.png,torch.float32,raw_rgba_composited_over_white_float32
obj_0110,ffaa4ae5-efbe-5deb-9bea-5e4270540e18,fixed_mean,0.8696576356887817,/4T/CXY/MV-Painter/final/round2/stage_placement_276_20260929/predictions/fixed_mean/obj_0110.png,torch.float32,raw_rgba_composited_over_white_float32
obj_0110,ffaa4ae5-efbe-5deb-9bea-5e4270540e18,hll,0.8394956588745117,/4T/CXY/MV-Painter/final/round2/stage_placement_276_20260929/predictions/hll/obj_0110.png,torch.float32,raw_rgba_composited_over_white_float32
obj_0110,ffaa4ae5-efbe-5deb-9bea-5e4270540e18,llh,0.8921792507171631,/4T/CXY/MV-Painter/final/round2/stage_placement_276_20260929/predictions/llh/obj_0110.png,torch.float32,raw_rgba_composited_over_white_float32
obj_0110,ffaa4ae5-efbe-5deb-9bea-5e4270540e18,c3_lhl,0.8876766562461853,/4T/CXY/MV-Painter/final/round2/stage_placement_276_20260929/predictions/c3_lhl/obj_0110.png,torch.float32,raw_rgba_composited_over_white_float32
obj_0111,ffe43de5-ad1a-5db4-8f30-9523e10f7462,fixed_mean,0.8580911159515381,/4T/CXY/MV-Painter/final/round2/stage_placement_276_20260929/predictions/fixed_mean/obj_0111.png,torch.float32,raw_rgba_composited_over_white_float32
obj_0111,ffe43de5-ad1a-5db4-8f30-9523e10f7462,hll,0.8361251354217529,/4T/CXY/MV-Painter/final/round2/stage_placement_276_20260929/predictions/hll/obj_0111.png,torch.float32,raw_rgba_composited_over_white_float32
obj_0111,ffe43de5-ad1a-5db4-8f30-9523e10f7462,llh,0.8732537031173706,/4T/CXY/MV-Painter/final/round2/stage_placement_276_20260929/predictions/llh/obj_0111.png,torch.float32,raw_rgba_composited_over_white_float32
obj_0111,ffe43de5-ad1a-5db4-8f30-9523e10f7462,c3_lhl,0.8705252408981323,/4T/CXY/MV-Painter/final/round2/stage_placement_276_20260929/predictions/c3_lhl/obj_0111.png,torch.float32,raw_rgba_composited_over_white_float32
obj_0112,75b90aa9-130f-5e65-b0ab-48e68aa773d7,fixed_mean,0.8668764233589172,/4T/CXY/MV-Painter/final/round2/stage_placement_276_20260929/predictions/fixed_mean/obj_0112.png,torch.float32,raw_rgba_composited_over_white_float32
obj_0112,75b90aa9-130f-5e65-b0ab-48e68aa773d7,hll,0.8376749157905579,/4T/CXY/MV-Painter/final/round2/stage_placement_276_20260929/predictions/hll/obj_0112.png,torch.float32,raw_rgba_composited_over_white_float32
obj_0112,75b90aa9-130f-5e65-b0ab-48e68aa773d7,llh,0.8870030045509338,/4T/CXY/MV-Painter/final/round2/stage_placement_276_20260929/predictions/llh/obj_0112.png,torch.float32,raw_rgba_composited_over_white_float32
obj_0112,75b90aa9-130f-5e65-b0ab-48e68aa773d7,c3_lhl,0.884863018989563,/4T/CXY/MV-Painter/final/round2/stage_placement_276_20260929/predictions/c3_lhl/obj_0112.png,torch.float32,raw_rgba_composited_over_white_float32
obj_0113,abo_0ab1e7b65e0b8a5fe699,fixed_mean,0.8394264578819275,/4T/CXY/MV-Painter/final/round2/stage_placement_276_20260929/predictions/fixed_mean/obj_0113.png,torch.float32,raw_rgba_composited_over_white_float32
obj_0113,abo_0ab1e7b65e0b8a5fe699,hll,0.8215120434761047,/4T/CXY/MV-Painter/final/round2/stage_placement_276_20260929/predictions/hll/obj_0113.png,torch.float32,raw_rgba_composited_over_white_float32
obj_0113,abo_0ab1e7b65e0b8a5fe699,llh,0.8453143835067749,/4T/CXY/MV-Painter/final/round2/stage_placement_276_20260929/predictions/llh/obj_0113.png,torch.float32,raw_rgba_composited_over_white_float32
obj_0113,abo_0ab1e7b65e0b8a5fe699,c3_lhl,0.849310040473938,/4T/CXY/MV-Painter/final/round2/stage_placement_276_20260929/predictions/c3_lhl/obj_0113.png,torch.float32,raw_rgba_composited_over_white_float32
obj_0114,abo_1a0ca89c0d887a870f1b,fixed_mean,0.7913439869880676,/4T/CXY/MV-Painter/final/round2/stage_placement_276_20260929/predictions/fixed_mean/obj_0114.png,torch.float32,raw_rgba_composited_over_white_float32
obj_0114,abo_1a0ca89c0d887a870f1b,hll,0.778327226638794,/4T/CXY/MV-Painter/final/round2/stage_placement_276_20260929/predictions/hll/obj_0114.png,torch.float32,raw_rgba_composited_over_white_float32
obj_0114,abo_1a0ca89c0d887a870f1b,llh,0.7985538840293884,/4T/CXY/MV-Painter/final/round2/stage_placement_276_20260929/predictions/llh/obj_0114.png,torch.float32,raw_rgba_composited_over_white_float32
obj_0114,abo_1a0ca89c0d887a870f1b,c3_lhl,0.8002687692642212,/4T/CXY/MV-Painter/final/round2/stage_placement_276_20260929/predictions/c3_lhl/obj_0114.png,torch.float32,raw_rgba_composited_over_white_float32
obj_0115,abo_0fc5793415e6db926c8a,fixed_mean,0.7994456887245178,/4T/CXY/MV-Painter/final/round2/stage_placement_276_20260929/predictions/fixed_mean/obj_0115.png,torch.float32,raw_rgba_composited_over_white_float32
obj_0115,abo_0fc5793415e6db926c8a,hll,0.7775705456733704,/4T/CXY/MV-Painter/final/round2/stage_placement_276_20260929/predictions/hll/obj_0115.png,torch.float32,raw_rgba_composited_over_white_float32
obj_0115,abo_0fc5793415e6db926c8a,llh,0.813094437122345,/4T/CXY/MV-Painter/final/round2/stage_placement_276_20260929/predictions/llh/obj_0115.png,torch.float32,raw_rgba_composited_over_white_float32
obj_0115,abo_0fc5793415e6db926c8a,c3_lhl,0.8173816204071045,/4T/CXY/MV-Painter/final/round2/stage_placement_276_20260929/predictions/c3_lhl/obj_0115.png,torch.float32,raw_rgba_composited_over_white_float32
obj_0116,abo_0c8208f594570f1bec39,fixed_mean,0.821326494216919,/4T/CXY/MV-Painter/final/round2/stage_placement_276_20260929/predictions/fixed_mean/obj_0116.png,torch.float32,raw_rgba_composited_over_white_float32
obj_0116,abo_0c8208f594570f1bec39,hll,0.8131294250488281,/4T/CXY/MV-Painter/final/round2/stage_placement_276_20260929/predictions/hll/obj_0116.png,torch.float32,raw_rgba_composited_over_white_float32
obj_0116,abo_0c8208f594570f1bec39,llh,0.827614963054657,/4T/CXY/MV-Painter/final/round2/stage_placement_276_20260929/predictions/llh/obj_0116.png,torch.float32,raw_rgba_composited_over_white_float32
obj_0116,abo_0c8208f594570f1bec39,c3_lhl,0.832146406173706,/4T/CXY/MV-Painter/final/round2/stage_placement_276_20260929/predictions/c3_lhl/obj_0116.png,torch.float32,raw_rgba_composited_over_white_float32
obj_0117,abo_2dda695787e1c88332c9,fixed_mean,0.8639843463897705,/4T/CXY/MV-Painter/final/round2/stage_placement_276_20260929/predictions/fixed_mean/obj_0117.png,torch.float32,raw_rgba_composited_over_white_float32
obj_0117,abo_2dda695787e1c88332c9,hll,0.8401340842247009,/4T/CXY/MV-Painter/final/round2/stage_placement_276_20260929/predictions/hll/obj_0117.png,torch.float32,raw_rgba_composited_over_white_float32
obj_0117,abo_2dda695787e1c88332c9,llh,0.8757493495941162,/4T/CXY/MV-Painter/final/round2/stage_placement_276_20260929/predictions/llh/obj_0117.png,torch.float32,raw_rgba_composited_over_white_float32
obj_0117,abo_2dda695787e1c88332c9,c3_lhl,0.8711436986923218,/4T/CXY/MV-Painter/final/round2/stage_placement_276_20260929/predictions/c3_lhl/obj_0117.png,torch.float32,raw_rgba_composited_over_white_float32
obj_0118,abo_35dd74d2f9d4914e26a2,fixed_mean,0.9051968455314636,/4T/CXY/MV-Painter/final/round2/stage_placement_276_20260929/predictions/fixed_mean/obj_0118.png,torch.float32,raw_rgba_composited_over_white_float32
obj_0118,abo_35dd74d2f9d4914e26a2,hll,0.8957993984222412,/4T/CXY/MV-Painter/final/round2/stage_placement_276_20260929/predictions/hll/obj_0118.png,torch.float32,raw_rgba_composited_over_white_float32
obj_0118,abo_35dd74d2f9d4914e26a2,llh,0.9126563668251038,/4T/CXY/MV-Painter/final/round2/stage_placement_276_20260929/predictions/llh/obj_0118.png,torch.float32,raw_rgba_composited_over_white_float32
obj_0118,abo_35dd74d2f9d4914e26a2,c3_lhl,0.9109223484992981,/4T/CXY/MV-Painter/final/round2/stage_placement_276_20260929/predictions/c3_lhl/obj_0118.png,torch.float32,raw_rgba_composited_over_white_float32
obj_0119,abo_0f92a38006f30595ce6d,fixed_mean,0.8516162037849426,/4T/CXY/MV-Painter/final/round2/stage_placement_276_20260929/predictions/fixed_mean/obj_0119.png,torch.float32,raw_rgba_composited_over_white_float32
obj_0119,abo_0f92a38006f30595ce6d,hll,0.8373847603797913,/4T/CXY/MV-Painter/final/round2/stage_placement_276_20260929/predictions/hll/obj_0119.png,torch.float32,raw_rgba_composited_over_white_float32
obj_0119,abo_0f92a38006f30595ce6d,llh,0.8643472194671631,/4T/CXY/MV-Painter/final/round2/stage_placement_276_20260929/predictions/llh/obj_0119.png,torch.float32,raw_rgba_composited_over_white_float32
obj_0119,abo_0f92a38006f30595ce6d,c3_lhl,0.8621407747268677,/4T/CXY/MV-Painter/final/round2/stage_placement_276_20260929/predictions/c3_lhl/obj_0119.png,torch.float32,raw_rgba_composited_over_white_float32
obj_0120,abo_2284db8112d769cd5f26,fixed_mean,0.883793294429779,/4T/CXY/MV-Painter/final/round2/stage_placement_276_20260929/predictions/fixed_mean/obj_0120.png,torch.float32,raw_rgba_composited_over_white_float32
obj_0120,abo_2284db8112d769cd5f26,hll,0.8740707039833069,/4T/CXY/MV-Painter/final/round2/stage_placement_276_20260929/predictions/hll/obj_0120.png,torch.float32,raw_rgba_composited_over_white_float32
obj_0120,abo_2284db8112d769cd5f26,llh,0.8911958336830139,/4T/CXY/MV-Painter/final/round2/stage_placement_276_20260929/predictions/llh/obj_0120.png,torch.float32,raw_rgba_composited_over_white_float32
obj_0120,abo_2284db8112d769cd5f26,c3_lhl,0.8896849751472473,/4T/CXY/MV-Painter/final/round2/stage_placement_276_20260929/predictions/c3_lhl/obj_0120.png,torch.float32,raw_rgba_composited_over_white_float32
obj_0121,abo_0a8f9e9188cab0d85e67,fixed_mean,0.811884343624115,/4T/CXY/MV-Painter/final/round2/stage_placement_276_20260929/predictions/fixed_mean/obj_0121.png,torch.float32,raw_rgba_composited_over_white_float32
obj_0121,abo_0a8f9e9188cab0d85e67,hll,0.7986575365066528,/4T/CXY/MV-Painter/final/round2/stage_placement_276_20260929/predictions/hll/obj_0121.png,torch.float32,raw_rgba_composited_over_white_float32
obj_0121,abo_0a8f9e9188cab0d85e67,llh,0.8192240595817566,/4T/CXY/MV-Painter/final/round2/stage_placement_276_20260929/predictions/llh/obj_0121.png,torch.float32,raw_rgba_composited_over_white_float32
obj_0121,abo_0a8f9e9188cab0d85e67,c3_lhl,0.8226137757301331,/4T/CXY/MV-Painter/final/round2/stage_placement_276_20260929/predictions/c3_lhl/obj_0121.png,torch.float32,raw_rgba_composited_over_white_float32
obj_0122,abo_000996dae516e9f3a4a7,fixed_mean,0.8558960556983948,/4T/CXY/MV-Painter/final/round2/stage_placement_276_20260929/predictions/fixed_mean/obj_0122.png,torch.float32,raw_rgba_composited_over_white_float32
obj_0122,abo_000996dae516e9f3a4a7,hll,0.8301064372062683,/4T/CXY/MV-Painter/final/round2/stage_placement_276_20260929/predictions/hll/obj_0122.png,torch.float32,raw_rgba_composited_over_white_float32
obj_0122,abo_000996dae516e9f3a4a7,llh,0.8682957887649536,/4T/CXY/MV-Painter/final/round2/stage_placement_276_20260929/predictions/llh/obj_0122.png,torch.float32,raw_rgba_composited_over_white_float32
obj_0122,abo_000996dae516e9f3a4a7,c3_lhl,0.862463116645813,/4T/CXY/MV-Painter/final/round2/stage_placement_276_20260929/predictions/c3_lhl/obj_0122.png,torch.float32,raw_rgba_composited_over_white_float32
obj_0123,abo_25e38993b4ac84ecd93a,fixed_mean,0.7717373967170715,/4T/CXY/MV-Painter/final/round2/stage_placement_276_20260929/predictions/fixed_mean/obj_0123.png,torch.float32,raw_rgba_composited_over_white_float32
obj_0123,abo_25e38993b4ac84ecd93a,hll,0.7591060996055603,/4T/CXY/MV-Painter/final/round2/stage_placement_276_20260929/predictions/hll/obj_0123.png,torch.float32,raw_rgba_composited_over_white_float32
obj_0123,abo_25e38993b4ac84ecd93a,llh,0.7766949534416199,/4T/CXY/MV-Painter/final/round2/stage_placement_276_20260929/predictions/llh/obj_0123.png,torch.float32,raw_rgba_composited_over_white_float32
obj_0123,abo_25e38993b4ac84ecd93a,c3_lhl,0.7834304571151733,/4T/CXY/MV-Painter/final/round2/stage_placement_276_20260929/predictions/c3_lhl/obj_0123.png,torch.float32,raw_rgba_composited_over_white_float32
obj_0124,abo_3cb68cf04f7a682bd547,fixed_mean,0.8981602191925049,/4T/CXY/MV-Painter/final/round2/stage_placement_276_20260929/predictions/fixed_mean/obj_0124.png,torch.float32,raw_rgba_composited_over_white_float32
obj_0124,abo_3cb68cf04f7a682bd547,hll,0.8808863162994385,/4T/CXY/MV-Painter/final/round2/stage_placement_276_20260929/predictions/hll/obj_0124.png,torch.float32,raw_rgba_composited_over_white_float32
obj_0124,abo_3cb68cf04f7a682bd547,llh,0.9048731327056885,/4T/CXY/MV-Painter/final/round2/stage_placement_276_20260929/predictions/llh/obj_0124.png,torch.float32,raw_rgba_composited_over_white_float32
obj_0124,abo_3cb68cf04f7a682bd547,c3_lhl,0.9033982157707214,/4T/CXY/MV-Painter/final/round2/stage_placement_276_20260929/predictions/c3_lhl/obj_0124.png,torch.float32,raw_rgba_composited_over_white_float32
obj_0125,abo_177c39d2ad1d01ad5202,fixed_mean,0.9227726459503174,/4T/CXY/MV-Painter/final/round2/stage_placement_276_20260929/predictions/fixed_mean/obj_0125.png,torch.float32,raw_rgba_composited_over_white_float32
obj_0125,abo_177c39d2ad1d01ad5202,hll,0.9176619052886963,/4T/CXY/MV-Painter/final/round2/stage_placement_276_20260929/predictions/hll/obj_0125.png,torch.float32,raw_rgba_composited_over_white_float32
obj_0125,abo_177c39d2ad1d01ad5202,llh,0.925999104976654,/4T/CXY/MV-Painter/final/round2/stage_placement_276_20260929/predictions/llh/obj_0125.png,torch.float32,raw_rgba_composited_over_white_float32
obj_0125,abo_177c39d2ad1d01ad5202,c3_lhl,0.9214575290679932,/4T/CXY/MV-Painter/final/round2/stage_placement_276_20260929/predictions/c3_lhl/obj_0125.png,torch.float32,raw_rgba_composited_over_white_float32
obj_0126,abo_1710a6b80848156e5f9b,fixed_mean,0.8070821762084961,/4T/CXY/MV-Painter/final/round2/stage_placement_276_20260929/predictions/fixed_mean/obj_0126.png,torch.float32,raw_rgba_composited_over_white_float32
obj_0126,abo_1710a6b80848156e5f9b,hll,0.7948716282844543,/4T/CXY/MV-Painter/final/round2/stage_placement_276_20260929/predictions/hll/obj_0126.png,torch.float32,raw_rgba_composited_over_white_float32
obj_0126,abo_1710a6b80848156e5f9b,llh,0.814156711101532,/4T/CXY/MV-Painter/final/round2/stage_placement_276_20260929/predictions/llh/obj_0126.png,torch.float32,raw_rgba_composited_over_white_float32
obj_0126,abo_1710a6b80848156e5f9b,c3_lhl,0.8193334341049194,/4T/CXY/MV-Painter/final/round2/stage_placement_276_20260929/predictions/c3_lhl/obj_0126.png,torch.float32,raw_rgba_composited_over_white_float32
obj_0127,abo_2e4d76d4c73748230a09,fixed_mean,0.8674628138542175,/4T/CXY/MV-Painter/final/round2/stage_placement_276_20260929/predictions/fixed_mean/obj_0127.png,torch.float32,raw_rgba_composited_over_white_float32
obj_0127,abo_2e4d76d4c73748230a09,hll,0.8579778671264648,/4T/CXY/MV-Painter/final/round2/stage_placement_276_20260929/predictions/hll/obj_0127.png,torch.float32,raw_rgba_composited_over_white_float32
obj_0127,abo_2e4d76d4c73748230a09,llh,0.8719150424003601,/4T/CXY/MV-Painter/final/round2/stage_placement_276_20260929/predictions/llh/obj_0127.png,torch.float32,raw_rgba_composited_over_white_float32
obj_0127,abo_2e4d76d4c73748230a09,c3_lhl,0.8700847625732422,/4T/CXY/MV-Painter/final/round2/stage_placement_276_20260929/predictions/c3_lhl/obj_0127.png,torch.float32,raw_rgba_composited_over_white_float32
obj_0128,abo_1325c6c0ffcb6f8daf12,fixed_mean,0.8610638976097107,/4T/CXY/MV-Painter/final/round2/stage_placement_276_20260929/predictions/fixed_mean/obj_0128.png,torch.float32,raw_rgba_composited_over_white_float32
obj_0128,abo_1325c6c0ffcb6f8daf12,hll,0.8398446440696716,/4T/CXY/MV-Painter/final/round2/stage_placement_276_20260929/predictions/hll/obj_0128.png,torch.float32,raw_rgba_composited_over_white_float32
obj_0128,abo_1325c6c0ffcb6f8daf12,llh,0.8721114993095398,/4T/CXY/MV-Painter/final/round2/stage_placement_276_20260929/predictions/llh/obj_0128.png,torch.float32,raw_rgba_composited_over_white_float32
obj_0128,abo_1325c6c0ffcb6f8daf12,c3_lhl,0.8676507472991943,/4T/CXY/MV-Painter/final/round2/stage_placement_276_20260929/predictions/c3_lhl/obj_0128.png,torch.float32,raw_rgba_composited_over_white_float32
obj_0129,abo_413daf140a3b270a5dc0,fixed_mean,0.8890583515167236,/4T/CXY/MV-Painter/final/round2/stage_placement_276_20260929/predictions/fixed_mean/obj_0129.png,torch.float32,raw_rgba_composited_over_white_float32
obj_0129,abo_413daf140a3b270a5dc0,hll,0.875941812992096,/4T/CXY/MV-Painter/final/round2/stage_placement_276_20260929/predictions/hll/obj_0129.png,torch.float32,raw_rgba_composited_over_white_float32
obj_0129,abo_413daf140a3b270a5dc0,llh,0.8972762227058411,/4T/CXY/MV-Painter/final/round2/stage_placement_276_20260929/predictions/llh/obj_0129.png,torch.float32,raw_rgba_composited_over_white_float32
obj_0129,abo_413daf140a3b270a5dc0,c3_lhl,0.893980860710144,/4T/CXY/MV-Painter/final/round2/stage_placement_276_20260929/predictions/c3_lhl/obj_0129.png,torch.float32,raw_rgba_composited_over_white_float32
obj_0130,abo_0afe9f4b2953b18b7682,fixed_mean,0.835665225982666,/4T/CXY/MV-Painter/final/round2/stage_placement_276_20260929/predictions/fixed_mean/obj_0130.png,torch.float32,raw_rgba_composited_over_white_float32
obj_0130,abo_0afe9f4b2953b18b7682,hll,0.8013762831687927,/4T/CXY/MV-Painter/final/round2/stage_placement_276_20260929/predictions/hll/obj_0130.png,torch.float32,raw_rgba_composited_over_white_float32
obj_0130,abo_0afe9f4b2953b18b7682,llh,0.8475523591041565,/4T/CXY/MV-Painter/final/round2/stage_placement_276_20260929/predictions/llh/obj_0130.png,torch.float32,raw_rgba_composited_over_white_float32
obj_0130,abo_0afe9f4b2953b18b7682,c3_lhl,0.8515916466712952,/4T/CXY/MV-Painter/final/round2/stage_placement_276_20260929/predictions/c3_lhl/obj_0130.png,torch.float32,raw_rgba_composited_over_white_float32
obj_0131,abo_12bf9d5f654dd7ea601f,fixed_mean,0.9646975994110107,/4T/CXY/MV-Painter/final/round2/stage_placement_276_20260929/predictions/fixed_mean/obj_0131.png,torch.float32,raw_rgba_composited_over_white_float32
obj_0131,abo_12bf9d5f654dd7ea601f,hll,0.9602740406990051,/4T/CXY/MV-Painter/final/round2/stage_placement_276_20260929/predictions/hll/obj_0131.png,torch.float32,raw_rgba_composited_over_white_float32
obj_0131,abo_12bf9d5f654dd7ea601f,llh,0.9666808247566223,/4T/CXY/MV-Painter/final/round2/stage_placement_276_20260929/predictions/llh/obj_0131.png,torch.float32,raw_rgba_composited_over_white_float32
obj_0131,abo_12bf9d5f654dd7ea601f,c3_lhl,0.9645493030548096,/4T/CXY/MV-Painter/final/round2/stage_placement_276_20260929/predictions/c3_lhl/obj_0131.png,torch.float32,raw_rgba_composited_over_white_float32
obj_0132,abo_05c81a1017422abe32a0,fixed_mean,0.8236719965934753,/4T/CXY/MV-Painter/final/round2/stage_placement_276_20260929/predictions/fixed_mean/obj_0132.png,torch.float32,raw_rgba_composited_over_white_float32
obj_0132,abo_05c81a1017422abe32a0,hll,0.8064782619476318,/4T/CXY/MV-Painter/final/round2/stage_placement_276_20260929/predictions/hll/obj_0132.png,torch.float32,raw_rgba_composited_over_white_float32
obj_0132,abo_05c81a1017422abe32a0,llh,0.8325502276420593,/4T/CXY/MV-Painter/final/round2/stage_placement_276_20260929/predictions/llh/obj_0132.png,torch.float32,raw_rgba_composited_over_white_float32
obj_0132,abo_05c81a1017422abe32a0,c3_lhl,0.8357571363449097,/4T/CXY/MV-Painter/final/round2/stage_placement_276_20260929/predictions/c3_lhl/obj_0132.png,torch.float32,raw_rgba_composited_over_white_float32
obj_0133,abo_0ef2daca026797392580,fixed_mean,0.8774682879447937,/4T/CXY/MV-Painter/final/round2/stage_placement_276_20260929/predictions/fixed_mean/obj_0133.png,torch.float32,raw_rgba_composited_over_white_float32
obj_0133,abo_0ef2daca026797392580,hll,0.8733279705047607,/4T/CXY/MV-Painter/final/round2/stage_placement_276_20260929/predictions/hll/obj_0133.png,torch.float32,raw_rgba_composited_over_white_float32
obj_0133,abo_0ef2daca026797392580,llh,0.8802919387817383,/4T/CXY/MV-Painter/final/round2/stage_placement_276_20260929/predictions/llh/obj_0133.png,torch.float32,raw_rgba_composited_over_white_float32
obj_0133,abo_0ef2daca026797392580,c3_lhl,0.8793275356292725,/4T/CXY/MV-Painter/final/round2/stage_placement_276_20260929/predictions/c3_lhl/obj_0133.png,torch.float32,raw_rgba_composited_over_white_float32
obj_0134,abo_20c3522b89684ed1d6a2,fixed_mean,0.8085967302322388,/4T/CXY/MV-Painter/final/round2/stage_placement_276_20260929/predictions/fixed_mean/obj_0134.png,torch.float32,raw_rgba_composited_over_white_float32
obj_0134,abo_20c3522b89684ed1d6a2,hll,0.7868285179138184,/4T/CXY/MV-Painter/final/round2/stage_placement_276_20260929/predictions/hll/obj_0134.png,torch.float32,raw_rgba_composited_over_white_float32
obj_0134,abo_20c3522b89684ed1d6a2,llh,0.8254005312919617,/4T/CXY/MV-Painter/final/round2/stage_placement_276_20260929/predictions/llh/obj_0134.png,torch.float32,raw_rgba_composited_over_white_float32
obj_0134,abo_20c3522b89684ed1d6a2,c3_lhl,0.8221085071563721,/4T/CXY/MV-Painter/final/round2/stage_placement_276_20260929/predictions/c3_lhl/obj_0134.png,torch.float32,raw_rgba_composited_over_white_float32
obj_0135,abo_1e57f1bdd7038e4ed1e7,fixed_mean,0.8506871461868286,/4T/CXY/MV-Painter/final/round2/stage_placement_276_20260929/predictions/fixed_mean/obj_0135.png,torch.float32,raw_rgba_composited_over_white_float32
obj_0135,abo_1e57f1bdd7038e4ed1e7,hll,0.8343056440353394,/4T/CXY/MV-Painter/final/round2/stage_placement_276_20260929/predictions/hll/obj_0135.png,torch.float32,raw_rgba_composited_over_white_float32
obj_0135,abo_1e57f1bdd7038e4ed1e7,llh,0.8578912615776062,/4T/CXY/MV-Painter/final/round2/stage_placement_276_20260929/predictions/llh/obj_0135.png,torch.float32,raw_rgba_composited_over_white_float32
obj_0135,abo_1e57f1bdd7038e4ed1e7,c3_lhl,0.8569985628128052,/4T/CXY/MV-Painter/final/round2/stage_placement_276_20260929/predictions/c3_lhl/obj_0135.png,torch.float32,raw_rgba_composited_over_white_float32
obj_0136,abo_121b335a2fc6b96c55bc,fixed_mean,0.8250378370285034,/4T/CXY/MV-Painter/final/round2/stage_placement_276_20260929/predictions/fixed_mean/obj_0136.png,torch.float32,raw_rgba_composited_over_white_float32
obj_0136,abo_121b335a2fc6b96c55bc,hll,0.8122416138648987,/4T/CXY/MV-Painter/final/round2/stage_placement_276_20260929/predictions/hll/obj_0136.png,torch.float32,raw_rgba_composited_over_white_float32
obj_0136,abo_121b335a2fc6b96c55bc,llh,0.8337181210517883,/4T/CXY/MV-Painter/final/round2/stage_placement_276_20260929/predictions/llh/obj_0136.png,torch.float32,raw_rgba_composited_over_white_float32
obj_0136,abo_121b335a2fc6b96c55bc,c3_lhl,0.831956148147583,/4T/CXY/MV-Painter/final/round2/stage_placement_276_20260929/predictions/c3_lhl/obj_0136.png,torch.float32,raw_rgba_composited_over_white_float32
obj_0137,abo_07e17b7a9ccb70116480,fixed_mean,0.8361952900886536,/4T/CXY/MV-Painter/final/round2/stage_placement_276_20260929/predictions/fixed_mean/obj_0137.png,torch.float32,raw_rgba_composited_over_white_float32
obj_0137,abo_07e17b7a9ccb70116480,hll,0.8176019787788391,/4T/CXY/MV-Painter/final/round2/stage_placement_276_20260929/predictions/hll/obj_0137.png,torch.float32,raw_rgba_composited_over_white_float32
obj_0137,abo_07e17b7a9ccb70116480,llh,0.8436403274536133,/4T/CXY/MV-Painter/final/round2/stage_placement_276_20260929/predictions/llh/obj_0137.png,torch.float32,raw_rgba_composited_over_white_float32
obj_0137,abo_07e17b7a9ccb70116480,c3_lhl,0.8483109474182129,/4T/CXY/MV-Painter/final/round2/stage_placement_276_20260929/predictions/c3_lhl/obj_0137.png,torch.float32,raw_rgba_composited_over_white_float32
obj_0138,abo_2d7b62f1a700e04dd044,fixed_mean,0.8678251504898071,/4T/CXY/MV-Painter/final/round2/stage_placement_276_20260929/predictions/fixed_mean/obj_0138.png,torch.float32,raw_rgba_composited_over_white_float32
obj_0138,abo_2d7b62f1a700e04dd044,hll,0.8415381908416748,/4T/CXY/MV-Painter/final/round2/stage_placement_276_20260929/predictions/hll/obj_0138.png,torch.float32,raw_rgba_composited_over_white_float32
obj_0138,abo_2d7b62f1a700e04dd044,llh,0.8797544240951538,/4T/CXY/MV-Painter/final/round2/stage_placement_276_20260929/predictions/llh/obj_0138.png,torch.float32,raw_rgba_composited_over_white_float32
obj_0138,abo_2d7b62f1a700e04dd044,c3_lhl,0.8756411075592041,/4T/CXY/MV-Painter/final/round2/stage_placement_276_20260929/predictions/c3_lhl/obj_0138.png,torch.float32,raw_rgba_composited_over_white_float32
obj_0139,abo_2b655ced2ca060b9b9f0,fixed_mean,0.8168061375617981,/4T/CXY/MV-Painter/final/round2/stage_placement_276_20260929/predictions/fixed_mean/obj_0139.png,torch.float32,raw_rgba_composited_over_white_float32
obj_0139,abo_2b655ced2ca060b9b9f0,hll,0.7995972633361816,/4T/CXY/MV-Painter/final/round2/stage_placement_276_20260929/predictions/hll/obj_0139.png,torch.float32,raw_rgba_composited_over_white_float32
obj_0139,abo_2b655ced2ca060b9b9f0,llh,0.83269202709198,/4T/CXY/MV-Painter/final/round2/stage_placement_276_20260929/predictions/llh/obj_0139.png,torch.float32,raw_rgba_composited_over_white_float32
obj_0139,abo_2b655ced2ca060b9b9f0,c3_lhl,0.8336389064788818,/4T/CXY/MV-Painter/final/round2/stage_placement_276_20260929/predictions/c3_lhl/obj_0139.png,torch.float32,raw_rgba_composited_over_white_float32
obj_0140,abo_14bd3a3ed3b04824d108,fixed_mean,0.8570750951766968,/4T/CXY/MV-Painter/final/round2/stage_placement_276_20260929/predictions/fixed_mean/obj_0140.png,torch.float32,raw_rgba_composited_over_white_float32
obj_0140,abo_14bd3a3ed3b04824d108,hll,0.8474137783050537,/4T/CXY/MV-Painter/final/round2/stage_placement_276_20260929/predictions/hll/obj_0140.png,torch.float32,raw_rgba_composited_over_white_float32
obj_0140,abo_14bd3a3ed3b04824d108,llh,0.8656509518623352,/4T/CXY/MV-Painter/final/round2/stage_placement_276_20260929/predictions/llh/obj_0140.png,torch.float32,raw_rgba_composited_over_white_float32
obj_0140,abo_14bd3a3ed3b04824d108,c3_lhl,0.8625086545944214,/4T/CXY/MV-Painter/final/round2/stage_placement_276_20260929/predictions/c3_lhl/obj_0140.png,torch.float32,raw_rgba_composited_over_white_float32
obj_0141,abo_278c771058309b3b0fb3,fixed_mean,0.8843117356300354,/4T/CXY/MV-Painter/final/round2/stage_placement_276_20260929/predictions/fixed_mean/obj_0141.png,torch.float32,raw_rgba_composited_over_white_float32
obj_0141,abo_278c771058309b3b0fb3,hll,0.8607897758483887,/4T/CXY/MV-Painter/final/round2/stage_placement_276_20260929/predictions/hll/obj_0141.png,torch.float32,raw_rgba_composited_over_white_float32
obj_0141,abo_278c771058309b3b0fb3,llh,0.8926827907562256,/4T/CXY/MV-Painter/final/round2/stage_placement_276_20260929/predictions/llh/obj_0141.png,torch.float32,raw_rgba_composited_over_white_float32
obj_0141,abo_278c771058309b3b0fb3,c3_lhl,0.8918112516403198,/4T/CXY/MV-Painter/final/round2/stage_placement_276_20260929/predictions/c3_lhl/obj_0141.png,torch.float32,raw_rgba_composited_over_white_float32
obj_0142,abo_1633723263fb6e775bfe,fixed_mean,0.8601628541946411,/4T/CXY/MV-Painter/final/round2/stage_placement_276_20260929/predictions/fixed_mean/obj_0142.png,torch.float32,raw_rgba_composited_over_white_float32
obj_0142,abo_1633723263fb6e775bfe,hll,0.8342635631561279,/4T/CXY/MV-Painter/final/round2/stage_placement_276_20260929/predictions/hll/obj_0142.png,torch.float32,raw_rgba_composited_over_white_float32
obj_0142,abo_1633723263fb6e775bfe,llh,0.8735002875328064,/4T/CXY/MV-Painter/final/round2/stage_placement_276_20260929/predictions/llh/obj_0142.png,torch.float32,raw_rgba_composited_over_white_float32
obj_0142,abo_1633723263fb6e775bfe,c3_lhl,0.8706100583076477,/4T/CXY/MV-Painter/final/round2/stage_placement_276_20260929/predictions/c3_lhl/obj_0142.png,torch.float32,raw_rgba_composited_over_white_float32
obj_0143,abo_2df5eb927a4124b05a31,fixed_mean,0.8851340413093567,/4T/CXY/MV-Painter/final/round2/stage_placement_276_20260929/predictions/fixed_mean/obj_0143.png,torch.float32,raw_rgba_composited_over_white_float32
obj_0143,abo_2df5eb927a4124b05a31,hll,0.8726648688316345,/4T/CXY/MV-Painter/final/round2/stage_placement_276_20260929/predictions/hll/obj_0143.png,torch.float32,raw_rgba_composited_over_white_float32
obj_0143,abo_2df5eb927a4124b05a31,llh,0.891220211982727,/4T/CXY/MV-Painter/final/round2/stage_placement_276_20260929/predictions/llh/obj_0143.png,torch.float32,raw_rgba_composited_over_white_float32
obj_0143,abo_2df5eb927a4124b05a31,c3_lhl,0.8906485438346863,/4T/CXY/MV-Painter/final/round2/stage_placement_276_20260929/predictions/c3_lhl/obj_0143.png,torch.float32,raw_rgba_composited_over_white_float32
obj_0144,abo_1c368f164b36fb65cc72,fixed_mean,0.855998158454895,/4T/CXY/MV-Painter/final/round2/stage_placement_276_20260929/predictions/fixed_mean/obj_0144.png,torch.float32,raw_rgba_composited_over_white_float32
obj_0144,abo_1c368f164b36fb65cc72,hll,0.8401992321014404,/4T/CXY/MV-Painter/final/round2/stage_placement_276_20260929/predictions/hll/obj_0144.png,torch.float32,raw_rgba_composited_over_white_float32
obj_0144,abo_1c368f164b36fb65cc72,llh,0.8643276691436768,/4T/CXY/MV-Painter/final/round2/stage_placement_276_20260929/predictions/llh/obj_0144.png,torch.float32,raw_rgba_composited_over_white_float32
obj_0144,abo_1c368f164b36fb65cc72,c3_lhl,0.8665304780006409,/4T/CXY/MV-Painter/final/round2/stage_placement_276_20260929/predictions/c3_lhl/obj_0144.png,torch.float32,raw_rgba_composited_over_white_float32
obj_0145,abo_1346ab62d7c03f165928,fixed_mean,0.8833902478218079,/4T/CXY/MV-Painter/final/round2/stage_placement_276_20260929/predictions/fixed_mean/obj_0145.png,torch.float32,raw_rgba_composited_over_white_float32
obj_0145,abo_1346ab62d7c03f165928,hll,0.8732853531837463,/4T/CXY/MV-Painter/final/round2/stage_placement_276_20260929/predictions/hll/obj_0145.png,torch.float32,raw_rgba_composited_over_white_float32
obj_0145,abo_1346ab62d7c03f165928,llh,0.8885242938995361,/4T/CXY/MV-Painter/final/round2/stage_placement_276_20260929/predictions/llh/obj_0145.png,torch.float32,raw_rgba_composited_over_white_float32
obj_0145,abo_1346ab62d7c03f165928,c3_lhl,0.8884527683258057,/4T/CXY/MV-Painter/final/round2/stage_placement_276_20260929/predictions/c3_lhl/obj_0145.png,torch.float32,raw_rgba_composited_over_white_float32
obj_0146,abo_1fb68e8f488316efb8c2,fixed_mean,0.8075777888298035,/4T/CXY/MV-Painter/final/round2/stage_placement_276_20260929/predictions/fixed_mean/obj_0146.png,torch.float32,raw_rgba_composited_over_white_float32
obj_0146,abo_1fb68e8f488316efb8c2,hll,0.7971265912055969,/4T/CXY/MV-Painter/final/round2/stage_placement_276_20260929/predictions/hll/obj_0146.png,torch.float32,raw_rgba_composited_over_white_float32
obj_0146,abo_1fb68e8f488316efb8c2,llh,0.8123971819877625,/4T/CXY/MV-Painter/final/round2/stage_placement_276_20260929/predictions/llh/obj_0146.png,torch.float32,raw_rgba_composited_over_white_float32
obj_0146,abo_1fb68e8f488316efb8c2,c3_lhl,0.8182346224784851,/4T/CXY/MV-Painter/final/round2/stage_placement_276_20260929/predictions/c3_lhl/obj_0146.png,torch.float32,raw_rgba_composited_over_white_float32
obj_0147,abo_09a9b6b291922d787894,fixed_mean,0.815589189529419,/4T/CXY/MV-Painter/final/round2/stage_placement_276_20260929/predictions/fixed_mean/obj_0147.png,torch.float32,raw_rgba_composited_over_white_float32
obj_0147,abo_09a9b6b291922d787894,hll,0.7987706065177917,/4T/CXY/MV-Painter/final/round2/stage_placement_276_20260929/predictions/hll/obj_0147.png,torch.float32,raw_rgba_composited_over_white_float32
obj_0147,abo_09a9b6b291922d787894,llh,0.8279180526733398,/4T/CXY/MV-Painter/final/round2/stage_placement_276_20260929/predictions/llh/obj_0147.png,torch.float32,raw_rgba_composited_over_white_float32
obj_0147,abo_09a9b6b291922d787894,c3_lhl,0.8282116055488586,/4T/CXY/MV-Painter/final/round2/stage_placement_276_20260929/predictions/c3_lhl/obj_0147.png,torch.float32,raw_rgba_composited_over_white_float32
obj_0148,abo_088d6aa40fea308ac163,fixed_mean,0.8195226192474365,/4T/CXY/MV-Painter/final/round2/stage_placement_276_20260929/predictions/fixed_mean/obj_0148.png,torch.float32,raw_rgba_composited_over_white_float32
obj_0148,abo_088d6aa40fea308ac163,hll,0.8059772253036499,/4T/CXY/MV-Painter/final/round2/stage_placement_276_20260929/predictions/hll/obj_0148.png,torch.float32,raw_rgba_composited_over_white_float32
obj_0148,abo_088d6aa40fea308ac163,llh,0.8312910795211792,/4T/CXY/MV-Painter/final/round2/stage_placement_276_20260929/predictions/llh/obj_0148.png,torch.float32,raw_rgba_composited_over_white_float32
obj_0148,abo_088d6aa40fea308ac163,c3_lhl,0.8290762901306152,/4T/CXY/MV-Painter/final/round2/stage_placement_276_20260929/predictions/c3_lhl/obj_0148.png,torch.float32,raw_rgba_composited_over_white_float32
obj_0149,abo_09dec13ec02a997af656,fixed_mean,0.8703258633613586,/4T/CXY/MV-Painter/final/round2/stage_placement_276_20260929/predictions/fixed_mean/obj_0149.png,torch.float32,raw_rgba_composited_over_white_float32
obj_0149,abo_09dec13ec02a997af656,hll,0.8620100021362305,/4T/CXY/MV-Painter/final/round2/stage_placement_276_20260929/predictions/hll/obj_0149.png,torch.float32,raw_rgba_composited_over_white_float32
obj_0149,abo_09dec13ec02a997af656,llh,0.8765418529510498,/4T/CXY/MV-Painter/final/round2/stage_placement_276_20260929/predictions/llh/obj_0149.png,torch.float32,raw_rgba_composited_over_white_float32
obj_0149,abo_09dec13ec02a997af656,c3_lhl,0.8735210299491882,/4T/CXY/MV-Painter/final/round2/stage_placement_276_20260929/predictions/c3_lhl/obj_0149.png,torch.float32,raw_rgba_composited_over_white_float32
obj_0150,abo_3d611e2cc9b4e708602d,fixed_mean,0.8086645007133484,/4T/CXY/MV-Painter/final/round2/stage_placement_276_20260929/predictions/fixed_mean/obj_0150.png,torch.float32,raw_rgba_composited_over_white_float32
obj_0150,abo_3d611e2cc9b4e708602d,hll,0.7814888954162598,/4T/CXY/MV-Painter/final/round2/stage_placement_276_20260929/predictions/hll/obj_0150.png,torch.float32,raw_rgba_composited_over_white_float32
obj_0150,abo_3d611e2cc9b4e708602d,llh,0.8216872811317444,/4T/CXY/MV-Painter/final/round2/stage_placement_276_20260929/predictions/llh/obj_0150.png,torch.float32,raw_rgba_composited_over_white_float32
obj_0150,abo_3d611e2cc9b4e708602d,c3_lhl,0.8296827673912048,/4T/CXY/MV-Painter/final/round2/stage_placement_276_20260929/predictions/c3_lhl/obj_0150.png,torch.float32,raw_rgba_composited_over_white_float32
obj_0151,abo_356bc55a21fe82f5d37f,fixed_mean,0.8600884079933167,/4T/CXY/MV-Painter/final/round2/stage_placement_276_20260929/predictions/fixed_mean/obj_0151.png,torch.float32,raw_rgba_composited_over_white_float32
obj_0151,abo_356bc55a21fe82f5d37f,hll,0.8360609412193298,/4T/CXY/MV-Painter/final/round2/stage_placement_276_20260929/predictions/hll/obj_0151.png,torch.float32,raw_rgba_composited_over_white_float32
obj_0151,abo_356bc55a21fe82f5d37f,llh,0.8691132664680481,/4T/CXY/MV-Painter/final/round2/stage_placement_276_20260929/predictions/llh/obj_0151.png,torch.float32,raw_rgba_composited_over_white_float32
obj_0151,abo_356bc55a21fe82f5d37f,c3_lhl,0.8644583225250244,/4T/CXY/MV-Painter/final/round2/stage_placement_276_20260929/predictions/c3_lhl/obj_0151.png,torch.float32,raw_rgba_composited_over_white_float32
obj_0152,abo_037228615e8fa47fe9a6,fixed_mean,0.8435472249984741,/4T/CXY/MV-Painter/final/round2/stage_placement_276_20260929/predictions/fixed_mean/obj_0152.png,torch.float32,raw_rgba_composited_over_white_float32
obj_0152,abo_037228615e8fa47fe9a6,hll,0.8256012797355652,/4T/CXY/MV-Painter/final/round2/stage_placement_276_20260929/predictions/hll/obj_0152.png,torch.float32,raw_rgba_composited_over_white_float32
obj_0152,abo_037228615e8fa47fe9a6,llh,0.8558386564254761,/4T/CXY/MV-Painter/final/round2/stage_placement_276_20260929/predictions/llh/obj_0152.png,torch.float32,raw_rgba_composited_over_white_float32
obj_0152,abo_037228615e8fa47fe9a6,c3_lhl,0.8553236126899719,/4T/CXY/MV-Painter/final/round2/stage_placement_276_20260929/predictions/c3_lhl/obj_0152.png,torch.float32,raw_rgba_composited_over_white_float32
obj_0153,abo_098fc4c6ed23fed5247e,fixed_mean,0.8561936616897583,/4T/CXY/MV-Painter/final/round2/stage_placement_276_20260929/predictions/fixed_mean/obj_0153.png,torch.float32,raw_rgba_composited_over_white_float32
obj_0153,abo_098fc4c6ed23fed5247e,hll,0.8429614305496216,/4T/CXY/MV-Painter/final/round2/stage_placement_276_20260929/predictions/hll/obj_0153.png,torch.float32,raw_rgba_composited_over_white_float32
obj_0153,abo_098fc4c6ed23fed5247e,llh,0.864661455154419,/4T/CXY/MV-Painter/final/round2/stage_placement_276_20260929/predictions/llh/obj_0153.png,torch.float32,raw_rgba_composited_over_white_float32
obj_0153,abo_098fc4c6ed23fed5247e,c3_lhl,0.8616725206375122,/4T/CXY/MV-Painter/final/round2/stage_placement_276_20260929/predictions/c3_lhl/obj_0153.png,torch.float32,raw_rgba_composited_over_white_float32
obj_0154,abo_2acdc3f0c78793dfe331,fixed_mean,0.8446396589279175,/4T/CXY/MV-Painter/final/round2/stage_placement_276_20260929/predictions/fixed_mean/obj_0154.png,torch.float32,raw_rgba_composited_over_white_float32
obj_0154,abo_2acdc3f0c78793dfe331,hll,0.8259180188179016,/4T/CXY/MV-Painter/final/round2/stage_placement_276_20260929/predictions/hll/obj_0154.png,torch.float32,raw_rgba_composited_over_white_float32
obj_0154,abo_2acdc3f0c78793dfe331,llh,0.8573538064956665,/4T/CXY/MV-Painter/final/round2/stage_placement_276_20260929/predictions/llh/obj_0154.png,torch.float32,raw_rgba_composited_over_white_float32
obj_0154,abo_2acdc3f0c78793dfe331,c3_lhl,0.8619962334632874,/4T/CXY/MV-Painter/final/round2/stage_placement_276_20260929/predictions/c3_lhl/obj_0154.png,torch.float32,raw_rgba_composited_over_white_float32
obj_0155,abo_36bbf92b9d770d73ff73,fixed_mean,0.8688013553619385,/4T/CXY/MV-Painter/final/round2/stage_placement_276_20260929/predictions/fixed_mean/obj_0155.png,torch.float32,raw_rgba_composited_over_white_float32
obj_0155,abo_36bbf92b9d770d73ff73,hll,0.8473801612854004,/4T/CXY/MV-Painter/final/round2/stage_placement_276_20260929/predictions/hll/obj_0155.png,torch.float32,raw_rgba_composited_over_white_float32
obj_0155,abo_36bbf92b9d770d73ff73,llh,0.8762701749801636,/4T/CXY/MV-Painter/final/round2/stage_placement_276_20260929/predictions/llh/obj_0155.png,torch.float32,raw_rgba_composited_over_white_float32
obj_0155,abo_36bbf92b9d770d73ff73,c3_lhl,0.8764708042144775,/4T/CXY/MV-Painter/final/round2/stage_placement_276_20260929/predictions/c3_lhl/obj_0155.png,torch.float32,raw_rgba_composited_over_white_float32
obj_0156,abo_41e8b3ef447fcd7319a6,fixed_mean,0.8873167037963867,/4T/CXY/MV-Painter/final/round2/stage_placement_276_20260929/predictions/fixed_mean/obj_0156.png,torch.float32,raw_rgba_composited_over_white_float32
obj_0156,abo_41e8b3ef447fcd7319a6,hll,0.8754012584686279,/4T/CXY/MV-Painter/final/round2/stage_placement_276_20260929/predictions/hll/obj_0156.png,torch.float32,raw_rgba_composited_over_white_float32
obj_0156,abo_41e8b3ef447fcd7319a6,llh,0.895849347114563,/4T/CXY/MV-Painter/final/round2/stage_placement_276_20260929/predictions/llh/obj_0156.png,torch.float32,raw_rgba_composited_over_white_float32
obj_0156,abo_41e8b3ef447fcd7319a6,c3_lhl,0.8928477168083191,/4T/CXY/MV-Painter/final/round2/stage_placement_276_20260929/predictions/c3_lhl/obj_0156.png,torch.float32,raw_rgba_composited_over_white_float32
obj_0157,abo_3334d91dee7cb5f9c194,fixed_mean,0.8898513317108154,/4T/CXY/MV-Painter/final/round2/stage_placement_276_20260929/predictions/fixed_mean/obj_0157.png,torch.float32,raw_rgba_composited_over_white_float32
obj_0157,abo_3334d91dee7cb5f9c194,hll,0.8740504384040833,/4T/CXY/MV-Painter/final/round2/stage_placement_276_20260929/predictions/hll/obj_0157.png,torch.float32,raw_rgba_composited_over_white_float32
obj_0157,abo_3334d91dee7cb5f9c194,llh,0.8982956409454346,/4T/CXY/MV-Painter/final/round2/stage_placement_276_20260929/predictions/llh/obj_0157.png,torch.float32,raw_rgba_composited_over_white_float32
obj_0157,abo_3334d91dee7cb5f9c194,c3_lhl,0.8952537178993225,/4T/CXY/MV-Painter/final/round2/stage_placement_276_20260929/predictions/c3_lhl/obj_0157.png,torch.float32,raw_rgba_composited_over_white_float32
obj_0158,abo_41a0b09d30c77753451d,fixed_mean,0.8130990266799927,/4T/CXY/MV-Painter/final/round2/stage_placement_276_20260929/predictions/fixed_mean/obj_0158.png,torch.float32,raw_rgba_composited_over_white_float32
obj_0158,abo_41a0b09d30c77753451d,hll,0.7998020648956299,/4T/CXY/MV-Painter/final/round2/stage_placement_276_20260929/predictions/hll/obj_0158.png,torch.float32,raw_rgba_composited_over_white_float32
obj_0158,abo_41a0b09d30c77753451d,llh,0.8259551525115967,/4T/CXY/MV-Painter/final/round2/stage_placement_276_20260929/predictions/llh/obj_0158.png,torch.float32,raw_rgba_composited_over_white_float32
obj_0158,abo_41a0b09d30c77753451d,c3_lhl,0.824900209903717,/4T/CXY/MV-Painter/final/round2/stage_placement_276_20260929/predictions/c3_lhl/obj_0158.png,torch.float32,raw_rgba_composited_over_white_float32
obj_0159,abo_24d8d5cbb3fcf78b1259,fixed_mean,0.8237282633781433,/4T/CXY/MV-Painter/final/round2/stage_placement_276_20260929/predictions/fixed_mean/obj_0159.png,torch.float32,raw_rgba_composited_over_white_float32
obj_0159,abo_24d8d5cbb3fcf78b1259,hll,0.80904620885849,/4T/CXY/MV-Painter/final/round2/stage_placement_276_20260929/predictions/hll/obj_0159.png,torch.float32,raw_rgba_composited_over_white_float32
obj_0159,abo_24d8d5cbb3fcf78b1259,llh,0.8351115584373474,/4T/CXY/MV-Painter/final/round2/stage_placement_276_20260929/predictions/llh/obj_0159.png,torch.float32,raw_rgba_composited_over_white_float32
obj_0159,abo_24d8d5cbb3fcf78b1259,c3_lhl,0.8351964354515076,/4T/CXY/MV-Painter/final/round2/stage_placement_276_20260929/predictions/c3_lhl/obj_0159.png,torch.float32,raw_rgba_composited_over_white_float32
obj_0160,abo_3bae9cb84c0cae1babec,fixed_mean,0.8576380610466003,/4T/CXY/MV-Painter/final/round2/stage_placement_276_20260929/predictions/fixed_mean/obj_0160.png,torch.float32,raw_rgba_composited_over_white_float32
obj_0160,abo_3bae9cb84c0cae1babec,hll,0.8282400965690613,/4T/CXY/MV-Painter/final/round2/stage_placement_276_20260929/predictions/hll/obj_0160.png,torch.float32,raw_rgba_composited_over_white_float32
obj_0160,abo_3bae9cb84c0cae1babec,llh,0.873914361000061,/4T/CXY/MV-Painter/final/round2/stage_placement_276_20260929/predictions/llh/obj_0160.png,torch.float32,raw_rgba_composited_over_white_float32
obj_0160,abo_3bae9cb84c0cae1babec,c3_lhl,0.8740828633308411,/4T/CXY/MV-Painter/final/round2/stage_placement_276_20260929/predictions/c3_lhl/obj_0160.png,torch.float32,raw_rgba_composited_over_white_float32
obj_0161,abo_22f9559b44d7e8f96b88,fixed_mean,0.8932614922523499,/4T/CXY/MV-Painter/final/round2/stage_placement_276_20260929/predictions/fixed_mean/obj_0161.png,torch.float32,raw_rgba_composited_over_white_float32
obj_0161,abo_22f9559b44d7e8f96b88,hll,0.8861560821533203,/4T/CXY/MV-Painter/final/round2/stage_placement_276_20260929/predictions/hll/obj_0161.png,torch.float32,raw_rgba_composited_over_white_float32
obj_0161,abo_22f9559b44d7e8f96b88,llh,0.9000577926635742,/4T/CXY/MV-Painter/final/round2/stage_placement_276_20260929/predictions/llh/obj_0161.png,torch.float32,raw_rgba_composited_over_white_float32
obj_0161,abo_22f9559b44d7e8f96b88,c3_lhl,0.8997597098350525,/4T/CXY/MV-Painter/final/round2/stage_placement_276_20260929/predictions/c3_lhl/obj_0161.png,torch.float32,raw_rgba_composited_over_white_float32
obj_0162,abo_0996d965f1841c81970d,fixed_mean,0.8775046467781067,/4T/CXY/MV-Painter/final/round2/stage_placement_276_20260929/predictions/fixed_mean/obj_0162.png,torch.float32,raw_rgba_composited_over_white_float32
obj_0162,abo_0996d965f1841c81970d,hll,0.8604176044464111,/4T/CXY/MV-Painter/final/round2/stage_placement_276_20260929/predictions/hll/obj_0162.png,torch.float32,raw_rgba_composited_over_white_float32
obj_0162,abo_0996d965f1841c81970d,llh,0.8874795436859131,/4T/CXY/MV-Painter/final/round2/stage_placement_276_20260929/predictions/llh/obj_0162.png,torch.float32,raw_rgba_composited_over_white_float32
obj_0162,abo_0996d965f1841c81970d,c3_lhl,0.8866025805473328,/4T/CXY/MV-Painter/final/round2/stage_placement_276_20260929/predictions/c3_lhl/obj_0162.png,torch.float32,raw_rgba_composited_over_white_float32
obj_0163,abo_21167a5873794aa15fa3,fixed_mean,0.8410971164703369,/4T/CXY/MV-Painter/final/round2/stage_placement_276_20260929/predictions/fixed_mean/obj_0163.png,torch.float32,raw_rgba_composited_over_white_float32
obj_0163,abo_21167a5873794aa15fa3,hll,0.8136207461357117,/4T/CXY/MV-Painter/final/round2/stage_placement_276_20260929/predictions/hll/obj_0163.png,torch.float32,raw_rgba_composited_over_white_float32
obj_0163,abo_21167a5873794aa15fa3,llh,0.8577395677566528,/4T/CXY/MV-Painter/final/round2/stage_placement_276_20260929/predictions/llh/obj_0163.png,torch.float32,raw_rgba_composited_over_white_float32
obj_0163,abo_21167a5873794aa15fa3,c3_lhl,0.859752357006073,/4T/CXY/MV-Painter/final/round2/stage_placement_276_20260929/predictions/c3_lhl/obj_0163.png,torch.float32,raw_rgba_composited_over_white_float32
obj_0164,abo_061f1aba5f985915cd90,fixed_mean,0.8605514168739319,/4T/CXY/MV-Painter/final/round2/stage_placement_276_20260929/predictions/fixed_mean/obj_0164.png,torch.float32,raw_rgba_composited_over_white_float32
obj_0164,abo_061f1aba5f985915cd90,hll,0.8394387364387512,/4T/CXY/MV-Painter/final/round2/stage_placement_276_20260929/predictions/hll/obj_0164.png,torch.float32,raw_rgba_composited_over_white_float32
obj_0164,abo_061f1aba5f985915cd90,llh,0.8743279576301575,/4T/CXY/MV-Painter/final/round2/stage_placement_276_20260929/predictions/llh/obj_0164.png,torch.float32,raw_rgba_composited_over_white_float32
obj_0164,abo_061f1aba5f985915cd90,c3_lhl,0.8744704723358154,/4T/CXY/MV-Painter/final/round2/stage_placement_276_20260929/predictions/c3_lhl/obj_0164.png,torch.float32,raw_rgba_composited_over_white_float32
obj_0165,abo_37cedc4394f0e732b931,fixed_mean,0.8368171453475952,/4T/CXY/MV-Painter/final/round2/stage_placement_276_20260929/predictions/fixed_mean/obj_0165.png,torch.float32,raw_rgba_composited_over_white_float32
obj_0165,abo_37cedc4394f0e732b931,hll,0.8205059766769409,/4T/CXY/MV-Painter/final/round2/stage_placement_276_20260929/predictions/hll/obj_0165.png,torch.float32,raw_rgba_composited_over_white_float32
obj_0165,abo_37cedc4394f0e732b931,llh,0.8456273674964905,/4T/CXY/MV-Painter/final/round2/stage_placement_276_20260929/predictions/llh/obj_0165.png,torch.float32,raw_rgba_composited_over_white_float32
obj_0165,abo_37cedc4394f0e732b931,c3_lhl,0.8477144241333008,/4T/CXY/MV-Painter/final/round2/stage_placement_276_20260929/predictions/c3_lhl/obj_0165.png,torch.float32,raw_rgba_composited_over_white_float32
obj_0166,abo_2cd35cfa068b72497f98,fixed_mean,0.8703240752220154,/4T/CXY/MV-Painter/final/round2/stage_placement_276_20260929/predictions/fixed_mean/obj_0166.png,torch.float32,raw_rgba_composited_over_white_float32
obj_0166,abo_2cd35cfa068b72497f98,hll,0.8428289890289307,/4T/CXY/MV-Painter/final/round2/stage_placement_276_20260929/predictions/hll/obj_0166.png,torch.float32,raw_rgba_composited_over_white_float32
obj_0166,abo_2cd35cfa068b72497f98,llh,0.8823673725128174,/4T/CXY/MV-Painter/final/round2/stage_placement_276_20260929/predictions/llh/obj_0166.png,torch.float32,raw_rgba_composited_over_white_float32
obj_0166,abo_2cd35cfa068b72497f98,c3_lhl,0.8774271607398987,/4T/CXY/MV-Painter/final/round2/stage_placement_276_20260929/predictions/c3_lhl/obj_0166.png,torch.float32,raw_rgba_composited_over_white_float32
obj_0167,abo_26fb929af5a8ce3175eb,fixed_mean,0.8200826048851013,/4T/CXY/MV-Painter/final/round2/stage_placement_276_20260929/predictions/fixed_mean/obj_0167.png,torch.float32,raw_rgba_composited_over_white_float32
obj_0167,abo_26fb929af5a8ce3175eb,hll,0.8031958341598511,/4T/CXY/MV-Painter/final/round2/stage_placement_276_20260929/predictions/hll/obj_0167.png,torch.float32,raw_rgba_composited_over_white_float32
obj_0167,abo_26fb929af5a8ce3175eb,llh,0.8260857462882996,/4T/CXY/MV-Painter/final/round2/stage_placement_276_20260929/predictions/llh/obj_0167.png,torch.float32,raw_rgba_composited_over_white_float32
obj_0167,abo_26fb929af5a8ce3175eb,c3_lhl,0.8313611149787903,/4T/CXY/MV-Painter/final/round2/stage_placement_276_20260929/predictions/c3_lhl/obj_0167.png,torch.float32,raw_rgba_composited_over_white_float32
obj_0168,abo_3bd7752562a8049b6c05,fixed_mean,0.9036214351654053,/4T/CXY/MV-Painter/final/round2/stage_placement_276_20260929/predictions/fixed_mean/obj_0168.png,torch.float32,raw_rgba_composited_over_white_float32
obj_0168,abo_3bd7752562a8049b6c05,hll,0.895929217338562,/4T/CXY/MV-Painter/final/round2/stage_placement_276_20260929/predictions/hll/obj_0168.png,torch.float32,raw_rgba_composited_over_white_float32
obj_0168,abo_3bd7752562a8049b6c05,llh,0.9075496196746826,/4T/CXY/MV-Painter/final/round2/stage_placement_276_20260929/predictions/llh/obj_0168.png,torch.float32,raw_rgba_composited_over_white_float32
obj_0168,abo_3bd7752562a8049b6c05,c3_lhl,0.9058205485343933,/4T/CXY/MV-Painter/final/round2/stage_placement_276_20260929/predictions/c3_lhl/obj_0168.png,torch.float32,raw_rgba_composited_over_white_float32
obj_0169,abo_019b2a50efc594bfd2b3,fixed_mean,0.8512742519378662,/4T/CXY/MV-Painter/final/round2/stage_placement_276_20260929/predictions/fixed_mean/obj_0169.png,torch.float32,raw_rgba_composited_over_white_float32
obj_0169,abo_019b2a50efc594bfd2b3,hll,0.8449366092681885,/4T/CXY/MV-Painter/final/round2/stage_placement_276_20260929/predictions/hll/obj_0169.png,torch.float32,raw_rgba_composited_over_white_float32
obj_0169,abo_019b2a50efc594bfd2b3,llh,0.854465901851654,/4T/CXY/MV-Painter/final/round2/stage_placement_276_20260929/predictions/llh/obj_0169.png,torch.float32,raw_rgba_composited_over_white_float32
obj_0169,abo_019b2a50efc594bfd2b3,c3_lhl,0.8552418947219849,/4T/CXY/MV-Painter/final/round2/stage_placement_276_20260929/predictions/c3_lhl/obj_0169.png,torch.float32,raw_rgba_composited_over_white_float32
obj_0170,abo_289238db1a1430a1d587,fixed_mean,0.8823485970497131,/4T/CXY/MV-Painter/final/round2/stage_placement_276_20260929/predictions/fixed_mean/obj_0170.png,torch.float32,raw_rgba_composited_over_white_float32
obj_0170,abo_289238db1a1430a1d587,hll,0.8690252304077148,/4T/CXY/MV-Painter/final/round2/stage_placement_276_20260929/predictions/hll/obj_0170.png,torch.float32,raw_rgba_composited_over_white_float32
obj_0170,abo_289238db1a1430a1d587,llh,0.8923752307891846,/4T/CXY/MV-Painter/final/round2/stage_placement_276_20260929/predictions/llh/obj_0170.png,torch.float32,raw_rgba_composited_over_white_float32
obj_0170,abo_289238db1a1430a1d587,c3_lhl,0.889221727848053,/4T/CXY/MV-Painter/final/round2/stage_placement_276_20260929/predictions/c3_lhl/obj_0170.png,torch.float32,raw_rgba_composited_over_white_float32
obj_0171,abo_24a06145453ea7566a06,fixed_mean,0.8324090242385864,/4T/CXY/MV-Painter/final/round2/stage_placement_276_20260929/predictions/fixed_mean/obj_0171.png,torch.float32,raw_rgba_composited_over_white_float32
obj_0171,abo_24a06145453ea7566a06,hll,0.8166110515594482,/4T/CXY/MV-Painter/final/round2/stage_placement_276_20260929/predictions/hll/obj_0171.png,torch.float32,raw_rgba_composited_over_white_float32
obj_0171,abo_24a06145453ea7566a06,llh,0.8399115800857544,/4T/CXY/MV-Painter/final/round2/stage_placement_276_20260929/predictions/llh/obj_0171.png,torch.float32,raw_rgba_composited_over_white_float32
obj_0171,abo_24a06145453ea7566a06,c3_lhl,0.8436833024024963,/4T/CXY/MV-Painter/final/round2/stage_placement_276_20260929/predictions/c3_lhl/obj_0171.png,torch.float32,raw_rgba_composited_over_white_float32
obj_0172,abo_347f8533a90d60ffc827,fixed_mean,0.8535392880439758,/4T/CXY/MV-Painter/final/round2/stage_placement_276_20260929/predictions/fixed_mean/obj_0172.png,torch.float32,raw_rgba_composited_over_white_float32
obj_0172,abo_347f8533a90d60ffc827,hll,0.8297317028045654,/4T/CXY/MV-Painter/final/round2/stage_placement_276_20260929/predictions/hll/obj_0172.png,torch.float32,raw_rgba_composited_over_white_float32
obj_0172,abo_347f8533a90d60ffc827,llh,0.8651109337806702,/4T/CXY/MV-Painter/final/round2/stage_placement_276_20260929/predictions/llh/obj_0172.png,torch.float32,raw_rgba_composited_over_white_float32
obj_0172,abo_347f8533a90d60ffc827,c3_lhl,0.8638260364532471,/4T/CXY/MV-Painter/final/round2/stage_placement_276_20260929/predictions/c3_lhl/obj_0172.png,torch.float32,raw_rgba_composited_over_white_float32
obj_0173,local_kenney_cc0_increment_21e6a20e5ae9319041c4a57a,fixed_mean,0.8142715096473694,/4T/CXY/MV-Painter/final/round2/stage_placement_276_20260929/predictions/fixed_mean/obj_0173.png,torch.float32,raw_rgba_composited_over_white_float32
obj_0173,local_kenney_cc0_increment_21e6a20e5ae9319041c4a57a,hll,0.8001747131347656,/4T/CXY/MV-Painter/final/round2/stage_placement_276_20260929/predictions/hll/obj_0173.png,torch.float32,raw_rgba_composited_over_white_float32
obj_0173,local_kenney_cc0_increment_21e6a20e5ae9319041c4a57a,llh,0.8250907063484192,/4T/CXY/MV-Painter/final/round2/stage_placement_276_20260929/predictions/llh/obj_0173.png,torch.float32,raw_rgba_composited_over_white_float32
obj_0173,local_kenney_cc0_increment_21e6a20e5ae9319041c4a57a,c3_lhl,0.8300075531005859,/4T/CXY/MV-Painter/final/round2/stage_placement_276_20260929/predictions/c3_lhl/obj_0173.png,torch.float32,raw_rgba_composited_over_white_float32
obj_0174,objaverse_1b57c061c1b2492c7d02250d,fixed_mean,0.924694299697876,/4T/CXY/MV-Painter/final/round2/stage_placement_276_20260929/predictions/fixed_mean/obj_0174.png,torch.float32,raw_rgba_composited_over_white_float32
obj_0174,objaverse_1b57c061c1b2492c7d02250d,hll,0.9143427610397339,/4T/CXY/MV-Painter/final/round2/stage_placement_276_20260929/predictions/hll/obj_0174.png,torch.float32,raw_rgba_composited_over_white_float32
obj_0174,objaverse_1b57c061c1b2492c7d02250d,llh,0.9317562580108643,/4T/CXY/MV-Painter/final/round2/stage_placement_276_20260929/predictions/llh/obj_0174.png,torch.float32,raw_rgba_composited_over_white_float32
obj_0174,objaverse_1b57c061c1b2492c7d02250d,c3_lhl,0.925370454788208,/4T/CXY/MV-Painter/final/round2/stage_placement_276_20260929/predictions/c3_lhl/obj_0174.png,torch.float32,raw_rgba_composited_over_white_float32
obj_0175,abo_3d4cc0e70fe225af21db,fixed_mean,0.8627373576164246,/4T/CXY/MV-Painter/final/round2/stage_placement_276_20260929/predictions/fixed_mean/obj_0175.png,torch.float32,raw_rgba_composited_over_white_float32
obj_0175,abo_3d4cc0e70fe225af21db,hll,0.8444154262542725,/4T/CXY/MV-Painter/final/round2/stage_placement_276_20260929/predictions/hll/obj_0175.png,torch.float32,raw_rgba_composited_over_white_float32
obj_0175,abo_3d4cc0e70fe225af21db,llh,0.8756817579269409,/4T/CXY/MV-Painter/final/round2/stage_placement_276_20260929/predictions/llh/obj_0175.png,torch.float32,raw_rgba_composited_over_white_float32
obj_0175,abo_3d4cc0e70fe225af21db,c3_lhl,0.8746592998504639,/4T/CXY/MV-Painter/final/round2/stage_placement_276_20260929/predictions/c3_lhl/obj_0175.png,torch.float32,raw_rgba_composited_over_white_float32
obj_0176,objaverse_dfdf88b69039ff046b54b92f,fixed_mean,0.8255983591079712,/4T/CXY/MV-Painter/final/round2/stage_placement_276_20260929/predictions/fixed_mean/obj_0176.png,torch.float32,raw_rgba_composited_over_white_float32
obj_0176,objaverse_dfdf88b69039ff046b54b92f,hll,0.8169988393783569,/4T/CXY/MV-Painter/final/round2/stage_placement_276_20260929/predictions/hll/obj_0176.png,torch.float32,raw_rgba_composited_over_white_float32
obj_0176,objaverse_dfdf88b69039ff046b54b92f,llh,0.8344196677207947,/4T/CXY/MV-Painter/final/round2/stage_placement_276_20260929/predictions/llh/obj_0176.png,torch.float32,raw_rgba_composited_over_white_float32
obj_0176,objaverse_dfdf88b69039ff046b54b92f,c3_lhl,0.8299776315689087,/4T/CXY/MV-Painter/final/round2/stage_placement_276_20260929/predictions/c3_lhl/obj_0176.png,torch.float32,raw_rgba_composited_over_white_float32
obj_0177,objaverse_2eda1e0e850ebe2cf50efed5,fixed_mean,0.8653299808502197,/4T/CXY/MV-Painter/final/round2/stage_placement_276_20260929/predictions/fixed_mean/obj_0177.png,torch.float32,raw_rgba_composited_over_white_float32
obj_0177,objaverse_2eda1e0e850ebe2cf50efed5,hll,0.8566395044326782,/4T/CXY/MV-Painter/final/round2/stage_placement_276_20260929/predictions/hll/obj_0177.png,torch.float32,raw_rgba_composited_over_white_float32
obj_0177,objaverse_2eda1e0e850ebe2cf50efed5,llh,0.8709428310394287,/4T/CXY/MV-Painter/final/round2/stage_placement_276_20260929/predictions/llh/obj_0177.png,torch.float32,raw_rgba_composited_over_white_float32
obj_0177,objaverse_2eda1e0e850ebe2cf50efed5,c3_lhl,0.869125247001648,/4T/CXY/MV-Painter/final/round2/stage_placement_276_20260929/predictions/c3_lhl/obj_0177.png,torch.float32,raw_rgba_composited_over_white_float32
obj_0178,objaverse_8f70fcd8817c08586f46d8eb,fixed_mean,0.9888690114021301,/4T/CXY/MV-Painter/final/round2/stage_placement_276_20260929/predictions/fixed_mean/obj_0178.png,torch.float32,raw_rgba_composited_over_white_float32
obj_0178,objaverse_8f70fcd8817c08586f46d8eb,hll,0.984635591506958,/4T/CXY/MV-Painter/final/round2/stage_placement_276_20260929/predictions/hll/obj_0178.png,torch.float32,raw_rgba_composited_over_white_float32
obj_0178,objaverse_8f70fcd8817c08586f46d8eb,llh,0.9903651475906372,/4T/CXY/MV-Painter/final/round2/stage_placement_276_20260929/predictions/llh/obj_0178.png,torch.float32,raw_rgba_composited_over_white_float32
obj_0178,objaverse_8f70fcd8817c08586f46d8eb,c3_lhl,0.989278256893158,/4T/CXY/MV-Painter/final/round2/stage_placement_276_20260929/predictions/c3_lhl/obj_0178.png,torch.float32,raw_rgba_composited_over_white_float32
obj_0179,objaverse_0f089d0cfbb70ad50e049a6d,fixed_mean,0.827295184135437,/4T/CXY/MV-Painter/final/round2/stage_placement_276_20260929/predictions/fixed_mean/obj_0179.png,torch.float32,raw_rgba_composited_over_white_float32
obj_0179,objaverse_0f089d0cfbb70ad50e049a6d,hll,0.810764491558075,/4T/CXY/MV-Painter/final/round2/stage_placement_276_20260929/predictions/hll/obj_0179.png,torch.float32,raw_rgba_composited_over_white_float32
obj_0179,objaverse_0f089d0cfbb70ad50e049a6d,llh,0.8342361450195312,/4T/CXY/MV-Painter/final/round2/stage_placement_276_20260929/predictions/llh/obj_0179.png,torch.float32,raw_rgba_composited_over_white_float32
obj_0179,objaverse_0f089d0cfbb70ad50e049a6d,c3_lhl,0.8398309350013733,/4T/CXY/MV-Painter/final/round2/stage_placement_276_20260929/predictions/c3_lhl/obj_0179.png,torch.float32,raw_rgba_composited_over_white_float32
obj_0180,objaverse_fee2767ff1d702e1ee3c7e85,fixed_mean,0.9713337421417236,/4T/CXY/MV-Painter/final/round2/stage_placement_276_20260929/predictions/fixed_mean/obj_0180.png,torch.float32,raw_rgba_composited_over_white_float32
obj_0180,objaverse_fee2767ff1d702e1ee3c7e85,hll,0.9666224718093872,/4T/CXY/MV-Painter/final/round2/stage_placement_276_20260929/predictions/hll/obj_0180.png,torch.float32,raw_rgba_composited_over_white_float32
obj_0180,objaverse_fee2767ff1d702e1ee3c7e85,llh,0.9745450615882874,/4T/CXY/MV-Painter/final/round2/stage_placement_276_20260929/predictions/llh/obj_0180.png,torch.float32,raw_rgba_composited_over_white_float32
obj_0180,objaverse_fee2767ff1d702e1ee3c7e85,c3_lhl,0.970815122127533,/4T/CXY/MV-Painter/final/round2/stage_placement_276_20260929/predictions/c3_lhl/obj_0180.png,torch.float32,raw_rgba_composited_over_white_float32
obj_0181,objaverse_5e5137fdf925962b311a84f5,fixed_mean,0.8385790586471558,/4T/CXY/MV-Painter/final/round2/stage_placement_276_20260929/predictions/fixed_mean/obj_0181.png,torch.float32,raw_rgba_composited_over_white_float32
obj_0181,objaverse_5e5137fdf925962b311a84f5,hll,0.8119308352470398,/4T/CXY/MV-Painter/final/round2/stage_placement_276_20260929/predictions/hll/obj_0181.png,torch.float32,raw_rgba_composited_over_white_float32
obj_0181,objaverse_5e5137fdf925962b311a84f5,llh,0.8552951812744141,/4T/CXY/MV-Painter/final/round2/stage_placement_276_20260929/predictions/llh/obj_0181.png,torch.float32,raw_rgba_composited_over_white_float32
obj_0181,objaverse_5e5137fdf925962b311a84f5,c3_lhl,0.8615096211433411,/4T/CXY/MV-Painter/final/round2/stage_placement_276_20260929/predictions/c3_lhl/obj_0181.png,torch.float32,raw_rgba_composited_over_white_float32
obj_0182,objaverse_fcc7863e1bc54bf29e4f5758,fixed_mean,0.8947352170944214,/4T/CXY/MV-Painter/final/round2/stage_placement_276_20260929/predictions/fixed_mean/obj_0182.png,torch.float32,raw_rgba_composited_over_white_float32
obj_0182,objaverse_fcc7863e1bc54bf29e4f5758,hll,0.8863111138343811,/4T/CXY/MV-Painter/final/round2/stage_placement_276_20260929/predictions/hll/obj_0182.png,torch.float32,raw_rgba_composited_over_white_float32
obj_0182,objaverse_fcc7863e1bc54bf29e4f5758,llh,0.9029516577720642,/4T/CXY/MV-Painter/final/round2/stage_placement_276_20260929/predictions/llh/obj_0182.png,torch.float32,raw_rgba_composited_over_white_float32
obj_0182,objaverse_fcc7863e1bc54bf29e4f5758,c3_lhl,0.8995530009269714,/4T/CXY/MV-Painter/final/round2/stage_placement_276_20260929/predictions/c3_lhl/obj_0182.png,torch.float32,raw_rgba_composited_over_white_float32
obj_0183,3dfuture_13090815-9f7a-4150-a7a7-4108454f5251,fixed_mean,0.8301419615745544,/4T/CXY/MV-Painter/final/round2/stage_placement_276_20260929/predictions/fixed_mean/obj_0183.png,torch.float32,raw_rgba_composited_over_white_float32
obj_0183,3dfuture_13090815-9f7a-4150-a7a7-4108454f5251,hll,0.8095315098762512,/4T/CXY/MV-Painter/final/round2/stage_placement_276_20260929/predictions/hll/obj_0183.png,torch.float32,raw_rgba_composited_over_white_float32
obj_0183,3dfuture_13090815-9f7a-4150-a7a7-4108454f5251,llh,0.8413459658622742,/4T/CXY/MV-Painter/final/round2/stage_placement_276_20260929/predictions/llh/obj_0183.png,torch.float32,raw_rgba_composited_over_white_float32
obj_0183,3dfuture_13090815-9f7a-4150-a7a7-4108454f5251,c3_lhl,0.8424870371818542,/4T/CXY/MV-Painter/final/round2/stage_placement_276_20260929/predictions/c3_lhl/obj_0183.png,torch.float32,raw_rgba_composited_over_white_float32
obj_0184,objaverse_fae165208c5cdca607f68ec2,fixed_mean,0.9155385494232178,/4T/CXY/MV-Painter/final/round2/stage_placement_276_20260929/predictions/fixed_mean/obj_0184.png,torch.float32,raw_rgba_composited_over_white_float32
obj_0184,objaverse_fae165208c5cdca607f68ec2,hll,0.9100202918052673,/4T/CXY/MV-Painter/final/round2/stage_placement_276_20260929/predictions/hll/obj_0184.png,torch.float32,raw_rgba_composited_over_white_float32
obj_0184,objaverse_fae165208c5cdca607f68ec2,llh,0.9206029176712036,/4T/CXY/MV-Painter/final/round2/stage_placement_276_20260929/predictions/llh/obj_0184.png,torch.float32,raw_rgba_composited_over_white_float32
obj_0184,objaverse_fae165208c5cdca607f68ec2,c3_lhl,0.9158329367637634,/4T/CXY/MV-Painter/final/round2/stage_placement_276_20260929/predictions/c3_lhl/obj_0184.png,torch.float32,raw_rgba_composited_over_white_float32
obj_0185,abo_39401f59312eb42a8ba5,fixed_mean,0.9228266477584839,/4T/CXY/MV-Painter/final/round2/stage_placement_276_20260929/predictions/fixed_mean/obj_0185.png,torch.float32,raw_rgba_composited_over_white_float32
obj_0185,abo_39401f59312eb42a8ba5,hll,0.9144829511642456,/4T/CXY/MV-Painter/final/round2/stage_placement_276_20260929/predictions/hll/obj_0185.png,torch.float32,raw_rgba_composited_over_white_float32
obj_0185,abo_39401f59312eb42a8ba5,llh,0.9269582033157349,/4T/CXY/MV-Painter/final/round2/stage_placement_276_20260929/predictions/llh/obj_0185.png,torch.float32,raw_rgba_composited_over_white_float32
obj_0185,abo_39401f59312eb42a8ba5,c3_lhl,0.9251388907432556,/4T/CXY/MV-Painter/final/round2/stage_placement_276_20260929/predictions/c3_lhl/obj_0185.png,torch.float32,raw_rgba_composited_over_white_float32
obj_0186,objaverse_35e8053b21a6c07d070eabf9,fixed_mean,0.9310863018035889,/4T/CXY/MV-Painter/final/round2/stage_placement_276_20260929/predictions/fixed_mean/obj_0186.png,torch.float32,raw_rgba_composited_over_white_float32
obj_0186,objaverse_35e8053b21a6c07d070eabf9,hll,0.9261006116867065,/4T/CXY/MV-Painter/final/round2/stage_placement_276_20260929/predictions/hll/obj_0186.png,torch.float32,raw_rgba_composited_over_white_float32
obj_0186,objaverse_35e8053b21a6c07d070eabf9,llh,0.9334418773651123,/4T/CXY/MV-Painter/final/round2/stage_placement_276_20260929/predictions/llh/obj_0186.png,torch.float32,raw_rgba_composited_over_white_float32
obj_0186,objaverse_35e8053b21a6c07d070eabf9,c3_lhl,0.9301915764808655,/4T/CXY/MV-Painter/final/round2/stage_placement_276_20260929/predictions/c3_lhl/obj_0186.png,torch.float32,raw_rgba_composited_over_white_float32
obj_0187,local_kenney_cc0_increment_10f9d469bdbdb7d524ca45b9,fixed_mean,0.859311580657959,/4T/CXY/MV-Painter/final/round2/stage_placement_276_20260929/predictions/fixed_mean/obj_0187.png,torch.float32,raw_rgba_composited_over_white_float32
obj_0187,local_kenney_cc0_increment_10f9d469bdbdb7d524ca45b9,hll,0.8305714130401611,/4T/CXY/MV-Painter/final/round2/stage_placement_276_20260929/predictions/hll/obj_0187.png,torch.float32,raw_rgba_composited_over_white_float32
obj_0187,local_kenney_cc0_increment_10f9d469bdbdb7d524ca45b9,llh,0.8742490410804749,/4T/CXY/MV-Painter/final/round2/stage_placement_276_20260929/predictions/llh/obj_0187.png,torch.float32,raw_rgba_composited_over_white_float32
obj_0187,local_kenney_cc0_increment_10f9d469bdbdb7d524ca45b9,c3_lhl,0.8772737979888916,/4T/CXY/MV-Painter/final/round2/stage_placement_276_20260929/predictions/c3_lhl/obj_0187.png,torch.float32,raw_rgba_composited_over_white_float32
obj_0188,objaverse_b3b73cee20f3e1aee3115736,fixed_mean,0.8014580011367798,/4T/CXY/MV-Painter/final/round2/stage_placement_276_20260929/predictions/fixed_mean/obj_0188.png,torch.float32,raw_rgba_composited_over_white_float32
obj_0188,objaverse_b3b73cee20f3e1aee3115736,hll,0.78904789686203,/4T/CXY/MV-Painter/final/round2/stage_placement_276_20260929/predictions/hll/obj_0188.png,torch.float32,raw_rgba_composited_over_white_float32
obj_0188,objaverse_b3b73cee20f3e1aee3115736,llh,0.8074020743370056,/4T/CXY/MV-Painter/final/round2/stage_placement_276_20260929/predictions/llh/obj_0188.png,torch.float32,raw_rgba_composited_over_white_float32
obj_0188,objaverse_b3b73cee20f3e1aee3115736,c3_lhl,0.8052994608879089,/4T/CXY/MV-Painter/final/round2/stage_placement_276_20260929/predictions/c3_lhl/obj_0188.png,torch.float32,raw_rgba_composited_over_white_float32
obj_0189,abo_3b6ae9d11e4d20de9621,fixed_mean,0.8519875407218933,/4T/CXY/MV-Painter/final/round2/stage_placement_276_20260929/predictions/fixed_mean/obj_0189.png,torch.float32,raw_rgba_composited_over_white_float32
obj_0189,abo_3b6ae9d11e4d20de9621,hll,0.836843729019165,/4T/CXY/MV-Painter/final/round2/stage_placement_276_20260929/predictions/hll/obj_0189.png,torch.float32,raw_rgba_composited_over_white_float32
obj_0189,abo_3b6ae9d11e4d20de9621,llh,0.8598314523696899,/4T/CXY/MV-Painter/final/round2/stage_placement_276_20260929/predictions/llh/obj_0189.png,torch.float32,raw_rgba_composited_over_white_float32
obj_0189,abo_3b6ae9d11e4d20de9621,c3_lhl,0.8595073223114014,/4T/CXY/MV-Painter/final/round2/stage_placement_276_20260929/predictions/c3_lhl/obj_0189.png,torch.float32,raw_rgba_composited_over_white_float32
obj_0190,objaverse_e2528816b4854fe6beec0789,fixed_mean,0.8241735100746155,/4T/CXY/MV-Painter/final/round2/stage_placement_276_20260929/predictions/fixed_mean/obj_0190.png,torch.float32,raw_rgba_composited_over_white_float32
obj_0190,objaverse_e2528816b4854fe6beec0789,hll,0.8067089915275574,/4T/CXY/MV-Painter/final/round2/stage_placement_276_20260929/predictions/hll/obj_0190.png,torch.float32,raw_rgba_composited_over_white_float32
obj_0190,objaverse_e2528816b4854fe6beec0789,llh,0.8299158215522766,/4T/CXY/MV-Painter/final/round2/stage_placement_276_20260929/predictions/llh/obj_0190.png,torch.float32,raw_rgba_composited_over_white_float32
obj_0190,objaverse_e2528816b4854fe6beec0789,c3_lhl,0.8315317630767822,/4T/CXY/MV-Painter/final/round2/stage_placement_276_20260929/predictions/c3_lhl/obj_0190.png,torch.float32,raw_rgba_composited_over_white_float32
obj_0191,objaverse_eed36dbe5a9c28e736d97df2,fixed_mean,0.844491183757782,/4T/CXY/MV-Painter/final/round2/stage_placement_276_20260929/predictions/fixed_mean/obj_0191.png,torch.float32,raw_rgba_composited_over_white_float32
obj_0191,objaverse_eed36dbe5a9c28e736d97df2,hll,0.8360890746116638,/4T/CXY/MV-Painter/final/round2/stage_placement_276_20260929/predictions/hll/obj_0191.png,torch.float32,raw_rgba_composited_over_white_float32
obj_0191,objaverse_eed36dbe5a9c28e736d97df2,llh,0.8510392904281616,/4T/CXY/MV-Painter/final/round2/stage_placement_276_20260929/predictions/llh/obj_0191.png,torch.float32,raw_rgba_composited_over_white_float32
obj_0191,objaverse_eed36dbe5a9c28e736d97df2,c3_lhl,0.8500067591667175,/4T/CXY/MV-Painter/final/round2/stage_placement_276_20260929/predictions/c3_lhl/obj_0191.png,torch.float32,raw_rgba_composited_over_white_float32
obj_0192,objaverse_c42180f6d2eb66115674f25a,fixed_mean,0.8102681040763855,/4T/CXY/MV-Painter/final/round2/stage_placement_276_20260929/predictions/fixed_mean/obj_0192.png,torch.float32,raw_rgba_composited_over_white_float32
obj_0192,objaverse_c42180f6d2eb66115674f25a,hll,0.8010850548744202,/4T/CXY/MV-Painter/final/round2/stage_placement_276_20260929/predictions/hll/obj_0192.png,torch.float32,raw_rgba_composited_over_white_float32
obj_0192,objaverse_c42180f6d2eb66115674f25a,llh,0.8167791962623596,/4T/CXY/MV-Painter/final/round2/stage_placement_276_20260929/predictions/llh/obj_0192.png,torch.float32,raw_rgba_composited_over_white_float32
obj_0192,objaverse_c42180f6d2eb66115674f25a,c3_lhl,0.8158908486366272,/4T/CXY/MV-Painter/final/round2/stage_placement_276_20260929/predictions/c3_lhl/obj_0192.png,torch.float32,raw_rgba_composited_over_white_float32
obj_0193,objaverse_3b61cef3dcb9a14f0765e133,fixed_mean,0.9440142512321472,/4T/CXY/MV-Painter/final/round2/stage_placement_276_20260929/predictions/fixed_mean/obj_0193.png,torch.float32,raw_rgba_composited_over_white_float32
obj_0193,objaverse_3b61cef3dcb9a14f0765e133,hll,0.9366883039474487,/4T/CXY/MV-Painter/final/round2/stage_placement_276_20260929/predictions/hll/obj_0193.png,torch.float32,raw_rgba_composited_over_white_float32
obj_0193,objaverse_3b61cef3dcb9a14f0765e133,llh,0.9453796744346619,/4T/CXY/MV-Painter/final/round2/stage_placement_276_20260929/predictions/llh/obj_0193.png,torch.float32,raw_rgba_composited_over_white_float32
obj_0193,objaverse_3b61cef3dcb9a14f0765e133,c3_lhl,0.9442389011383057,/4T/CXY/MV-Painter/final/round2/stage_placement_276_20260929/predictions/c3_lhl/obj_0193.png,torch.float32,raw_rgba_composited_over_white_float32
obj_0194,objaverse_3b064427200e6301d774e88d,fixed_mean,0.9218743443489075,/4T/CXY/MV-Painter/final/round2/stage_placement_276_20260929/predictions/fixed_mean/obj_0194.png,torch.float32,raw_rgba_composited_over_white_float32
obj_0194,objaverse_3b064427200e6301d774e88d,hll,0.9176087975502014,/4T/CXY/MV-Painter/final/round2/stage_placement_276_20260929/predictions/hll/obj_0194.png,torch.float32,raw_rgba_composited_over_white_float32
obj_0194,objaverse_3b064427200e6301d774e88d,llh,0.9248964786529541,/4T/CXY/MV-Painter/final/round2/stage_placement_276_20260929/predictions/llh/obj_0194.png,torch.float32,raw_rgba_composited_over_white_float32
obj_0194,objaverse_3b064427200e6301d774e88d,c3_lhl,0.9228725433349609,/4T/CXY/MV-Painter/final/round2/stage_placement_276_20260929/predictions/c3_lhl/obj_0194.png,torch.float32,raw_rgba_composited_over_white_float32
obj_0195,objaverse_1254828f9b47c62ea86367b2,fixed_mean,0.9043012261390686,/4T/CXY/MV-Painter/final/round2/stage_placement_276_20260929/predictions/fixed_mean/obj_0195.png,torch.float32,raw_rgba_composited_over_white_float32
obj_0195,objaverse_1254828f9b47c62ea86367b2,hll,0.8988494873046875,/4T/CXY/MV-Painter/final/round2/stage_placement_276_20260929/predictions/hll/obj_0195.png,torch.float32,raw_rgba_composited_over_white_float32
obj_0195,objaverse_1254828f9b47c62ea86367b2,llh,0.9084809422492981,/4T/CXY/MV-Painter/final/round2/stage_placement_276_20260929/predictions/llh/obj_0195.png,torch.float32,raw_rgba_composited_over_white_float32
obj_0195,objaverse_1254828f9b47c62ea86367b2,c3_lhl,0.905005693435669,/4T/CXY/MV-Painter/final/round2/stage_placement_276_20260929/predictions/c3_lhl/obj_0195.png,torch.float32,raw_rgba_composited_over_white_float32
obj_0196,local_kenney_cc0_increment_261301f5b7499bc1ecd1bce4,fixed_mean,0.8568791747093201,/4T/CXY/MV-Painter/final/round2/stage_placement_276_20260929/predictions/fixed_mean/obj_0196.png,torch.float32,raw_rgba_composited_over_white_float32
obj_0196,local_kenney_cc0_increment_261301f5b7499bc1ecd1bce4,hll,0.8463281989097595,/4T/CXY/MV-Painter/final/round2/stage_placement_276_20260929/predictions/hll/obj_0196.png,torch.float32,raw_rgba_composited_over_white_float32
obj_0196,local_kenney_cc0_increment_261301f5b7499bc1ecd1bce4,llh,0.8620955348014832,/4T/CXY/MV-Painter/final/round2/stage_placement_276_20260929/predictions/llh/obj_0196.png,torch.float32,raw_rgba_composited_over_white_float32
obj_0196,local_kenney_cc0_increment_261301f5b7499bc1ecd1bce4,c3_lhl,0.861142098903656,/4T/CXY/MV-Painter/final/round2/stage_placement_276_20260929/predictions/c3_lhl/obj_0196.png,torch.float32,raw_rgba_composited_over_white_float32
obj_0197,objaverse_caf51afe5ed6be9fea9b8c34,fixed_mean,0.8697000741958618,/4T/CXY/MV-Painter/final/round2/stage_placement_276_20260929/predictions/fixed_mean/obj_0197.png,torch.float32,raw_rgba_composited_over_white_float32
obj_0197,objaverse_caf51afe5ed6be9fea9b8c34,hll,0.865705668926239,/4T/CXY/MV-Painter/final/round2/stage_placement_276_20260929/predictions/hll/obj_0197.png,torch.float32,raw_rgba_composited_over_white_float32
obj_0197,objaverse_caf51afe5ed6be9fea9b8c34,llh,0.8725646734237671,/4T/CXY/MV-Painter/final/round2/stage_placement_276_20260929/predictions/llh/obj_0197.png,torch.float32,raw_rgba_composited_over_white_float32
obj_0197,objaverse_caf51afe5ed6be9fea9b8c34,c3_lhl,0.8717471957206726,/4T/CXY/MV-Painter/final/round2/stage_placement_276_20260929/predictions/c3_lhl/obj_0197.png,torch.float32,raw_rgba_composited_over_white_float32
obj_0198,objaverse_020cc94bf27c0f80cfa5beee,fixed_mean,0.9367441534996033,/4T/CXY/MV-Painter/final/round2/stage_placement_276_20260929/predictions/fixed_mean/obj_0198.png,torch.float32,raw_rgba_composited_over_white_float32
obj_0198,objaverse_020cc94bf27c0f80cfa5beee,hll,0.9300733208656311,/4T/CXY/MV-Painter/final/round2/stage_placement_276_20260929/predictions/hll/obj_0198.png,torch.float32,raw_rgba_composited_over_white_float32
obj_0198,objaverse_020cc94bf27c0f80cfa5beee,llh,0.9403932094573975,/4T/CXY/MV-Painter/final/round2/stage_placement_276_20260929/predictions/llh/obj_0198.png,torch.float32,raw_rgba_composited_over_white_float32
obj_0198,objaverse_020cc94bf27c0f80cfa5beee,c3_lhl,0.9356140494346619,/4T/CXY/MV-Painter/final/round2/stage_placement_276_20260929/predictions/c3_lhl/obj_0198.png,torch.float32,raw_rgba_composited_over_white_float32
obj_0199,local_kenney_cc0_increment_4fb9940c1387bd4c6245eb60,fixed_mean,0.8553500175476074,/4T/CXY/MV-Painter/final/round2/stage_placement_276_20260929/predictions/fixed_mean/obj_0199.png,torch.float32,raw_rgba_composited_over_white_float32
obj_0199,local_kenney_cc0_increment_4fb9940c1387bd4c6245eb60,hll,0.8314281702041626,/4T/CXY/MV-Painter/final/round2/stage_placement_276_20260929/predictions/hll/obj_0199.png,torch.float32,raw_rgba_composited_over_white_float32
obj_0199,local_kenney_cc0_increment_4fb9940c1387bd4c6245eb60,llh,0.8662270903587341,/4T/CXY/MV-Painter/final/round2/stage_placement_276_20260929/predictions/llh/obj_0199.png,torch.float32,raw_rgba_composited_over_white_float32
obj_0199,local_kenney_cc0_increment_4fb9940c1387bd4c6245eb60,c3_lhl,0.8665315508842468,/4T/CXY/MV-Painter/final/round2/stage_placement_276_20260929/predictions/c3_lhl/obj_0199.png,torch.float32,raw_rgba_composited_over_white_float32
obj_0200,objaverse_d95aee705a907a0d8be63127,fixed_mean,0.8660986423492432,/4T/CXY/MV-Painter/final/round2/stage_placement_276_20260929/predictions/fixed_mean/obj_0200.png,torch.float32,raw_rgba_composited_over_white_float32
obj_0200,objaverse_d95aee705a907a0d8be63127,hll,0.853870153427124,/4T/CXY/MV-Painter/final/round2/stage_placement_276_20260929/predictions/hll/obj_0200.png,torch.float32,raw_rgba_composited_over_white_float32
obj_0200,objaverse_d95aee705a907a0d8be63127,llh,0.8731207847595215,/4T/CXY/MV-Painter/final/round2/stage_placement_276_20260929/predictions/llh/obj_0200.png,torch.float32,raw_rgba_composited_over_white_float32
obj_0200,objaverse_d95aee705a907a0d8be63127,c3_lhl,0.8719671368598938,/4T/CXY/MV-Painter/final/round2/stage_placement_276_20260929/predictions/c3_lhl/obj_0200.png,torch.float32,raw_rgba_composited_over_white_float32
obj_0201,abo_09c22a894f871c6d3375,fixed_mean,0.8721113204956055,/4T/CXY/MV-Painter/final/round2/stage_placement_276_20260929/predictions/fixed_mean/obj_0201.png,torch.float32,raw_rgba_composited_over_white_float32
obj_0201,abo_09c22a894f871c6d3375,hll,0.8546848893165588,/4T/CXY/MV-Painter/final/round2/stage_placement_276_20260929/predictions/hll/obj_0201.png,torch.float32,raw_rgba_composited_over_white_float32
obj_0201,abo_09c22a894f871c6d3375,llh,0.8809690475463867,/4T/CXY/MV-Painter/final/round2/stage_placement_276_20260929/predictions/llh/obj_0201.png,torch.float32,raw_rgba_composited_over_white_float32
obj_0201,abo_09c22a894f871c6d3375,c3_lhl,0.8805623054504395,/4T/CXY/MV-Painter/final/round2/stage_placement_276_20260929/predictions/c3_lhl/obj_0201.png,torch.float32,raw_rgba_composited_over_white_float32
obj_0202,objaverse_de82da843d973d9fdf815cbb,fixed_mean,0.8593400120735168,/4T/CXY/MV-Painter/final/round2/stage_placement_276_20260929/predictions/fixed_mean/obj_0202.png,torch.float32,raw_rgba_composited_over_white_float32
obj_0202,objaverse_de82da843d973d9fdf815cbb,hll,0.8537724018096924,/4T/CXY/MV-Painter/final/round2/stage_placement_276_20260929/predictions/hll/obj_0202.png,torch.float32,raw_rgba_composited_over_white_float32
obj_0202,objaverse_de82da843d973d9fdf815cbb,llh,0.8647999167442322,/4T/CXY/MV-Painter/final/round2/stage_placement_276_20260929/predictions/llh/obj_0202.png,torch.float32,raw_rgba_composited_over_white_float32
obj_0202,objaverse_de82da843d973d9fdf815cbb,c3_lhl,0.8611905574798584,/4T/CXY/MV-Painter/final/round2/stage_placement_276_20260929/predictions/c3_lhl/obj_0202.png,torch.float32,raw_rgba_composited_over_white_float32
obj_0203,objaverse_920e17d256d8c40da5b0890d,fixed_mean,0.9708731770515442,/4T/CXY/MV-Painter/final/round2/stage_placement_276_20260929/predictions/fixed_mean/obj_0203.png,torch.float32,raw_rgba_composited_over_white_float32
obj_0203,objaverse_920e17d256d8c40da5b0890d,hll,0.9646962285041809,/4T/CXY/MV-Painter/final/round2/stage_placement_276_20260929/predictions/hll/obj_0203.png,torch.float32,raw_rgba_composited_over_white_float32
obj_0203,objaverse_920e17d256d8c40da5b0890d,llh,0.9739345908164978,/4T/CXY/MV-Painter/final/round2/stage_placement_276_20260929/predictions/llh/obj_0203.png,torch.float32,raw_rgba_composited_over_white_float32
obj_0203,objaverse_920e17d256d8c40da5b0890d,c3_lhl,0.9700999855995178,/4T/CXY/MV-Painter/final/round2/stage_placement_276_20260929/predictions/c3_lhl/obj_0203.png,torch.float32,raw_rgba_composited_over_white_float32
obj_0204,objaverse_40c5cb16c0b1817c962f5602,fixed_mean,0.8065974116325378,/4T/CXY/MV-Painter/final/round2/stage_placement_276_20260929/predictions/fixed_mean/obj_0204.png,torch.float32,raw_rgba_composited_over_white_float32
obj_0204,objaverse_40c5cb16c0b1817c962f5602,hll,0.7915887832641602,/4T/CXY/MV-Painter/final/round2/stage_placement_276_20260929/predictions/hll/obj_0204.png,torch.float32,raw_rgba_composited_over_white_float32
obj_0204,objaverse_40c5cb16c0b1817c962f5602,llh,0.8172343373298645,/4T/CXY/MV-Painter/final/round2/stage_placement_276_20260929/predictions/llh/obj_0204.png,torch.float32,raw_rgba_composited_over_white_float32
obj_0204,objaverse_40c5cb16c0b1817c962f5602,c3_lhl,0.8179408311843872,/4T/CXY/MV-Painter/final/round2/stage_placement_276_20260929/predictions/c3_lhl/obj_0204.png,torch.float32,raw_rgba_composited_over_white_float32
obj_0205,objaverse_d47776126c57728f3d8e94c0,fixed_mean,0.8889268040657043,/4T/CXY/MV-Painter/final/round2/stage_placement_276_20260929/predictions/fixed_mean/obj_0205.png,torch.float32,raw_rgba_composited_over_white_float32
obj_0205,objaverse_d47776126c57728f3d8e94c0,hll,0.8842273354530334,/4T/CXY/MV-Painter/final/round2/stage_placement_276_20260929/predictions/hll/obj_0205.png,torch.float32,raw_rgba_composited_over_white_float32
obj_0205,objaverse_d47776126c57728f3d8e94c0,llh,0.8920460939407349,/4T/CXY/MV-Painter/final/round2/stage_placement_276_20260929/predictions/llh/obj_0205.png,torch.float32,raw_rgba_composited_over_white_float32
obj_0205,objaverse_d47776126c57728f3d8e94c0,c3_lhl,0.8910077214241028,/4T/CXY/MV-Painter/final/round2/stage_placement_276_20260929/predictions/c3_lhl/obj_0205.png,torch.float32,raw_rgba_composited_over_white_float32
obj_0206,objaverse_2969a737820b399e8430f71b,fixed_mean,0.8448652029037476,/4T/CXY/MV-Painter/final/round2/stage_placement_276_20260929/predictions/fixed_mean/obj_0206.png,torch.float32,raw_rgba_composited_over_white_float32
obj_0206,objaverse_2969a737820b399e8430f71b,hll,0.8299536108970642,/4T/CXY/MV-Painter/final/round2/stage_placement_276_20260929/predictions/hll/obj_0206.png,torch.float32,raw_rgba_composited_over_white_float32
obj_0206,objaverse_2969a737820b399e8430f71b,llh,0.8548730611801147,/4T/CXY/MV-Painter/final/round2/stage_placement_276_20260929/predictions/llh/obj_0206.png,torch.float32,raw_rgba_composited_over_white_float32
obj_0206,objaverse_2969a737820b399e8430f71b,c3_lhl,0.8542561531066895,/4T/CXY/MV-Painter/final/round2/stage_placement_276_20260929/predictions/c3_lhl/obj_0206.png,torch.float32,raw_rgba_composited_over_white_float32
obj_0207,objaverse_80315b22c75c68568aa2e306,fixed_mean,0.8964495062828064,/4T/CXY/MV-Painter/final/round2/stage_placement_276_20260929/predictions/fixed_mean/obj_0207.png,torch.float32,raw_rgba_composited_over_white_float32
obj_0207,objaverse_80315b22c75c68568aa2e306,hll,0.8889268040657043,/4T/CXY/MV-Painter/final/round2/stage_placement_276_20260929/predictions/hll/obj_0207.png,torch.float32,raw_rgba_composited_over_white_float32
obj_0207,objaverse_80315b22c75c68568aa2e306,llh,0.8995170593261719,/4T/CXY/MV-Painter/final/round2/stage_placement_276_20260929/predictions/llh/obj_0207.png,torch.float32,raw_rgba_composited_over_white_float32
obj_0207,objaverse_80315b22c75c68568aa2e306,c3_lhl,0.8978947401046753,/4T/CXY/MV-Painter/final/round2/stage_placement_276_20260929/predictions/c3_lhl/obj_0207.png,torch.float32,raw_rgba_composited_over_white_float32
obj_0208,objaverse_95bcee9f2e785116556ef5c8,fixed_mean,0.9565428495407104,/4T/CXY/MV-Painter/final/round2/stage_placement_276_20260929/predictions/fixed_mean/obj_0208.png,torch.float32,raw_rgba_composited_over_white_float32
obj_0208,objaverse_95bcee9f2e785116556ef5c8,hll,0.95554119348526,/4T/CXY/MV-Painter/final/round2/stage_placement_276_20260929/predictions/hll/obj_0208.png,torch.float32,raw_rgba_composited_over_white_float32
obj_0208,objaverse_95bcee9f2e785116556ef5c8,llh,0.9551937580108643,/4T/CXY/MV-Painter/final/round2/stage_placement_276_20260929/predictions/llh/obj_0208.png,torch.float32,raw_rgba_composited_over_white_float32
obj_0208,objaverse_95bcee9f2e785116556ef5c8,c3_lhl,0.9555597305297852,/4T/CXY/MV-Painter/final/round2/stage_placement_276_20260929/predictions/c3_lhl/obj_0208.png,torch.float32,raw_rgba_composited_over_white_float32
obj_0209,objaverse_8216fe9717b080be1fc592f3,fixed_mean,0.8425540328025818,/4T/CXY/MV-Painter/final/round2/stage_placement_276_20260929/predictions/fixed_mean/obj_0209.png,torch.float32,raw_rgba_composited_over_white_float32
obj_0209,objaverse_8216fe9717b080be1fc592f3,hll,0.817887544631958,/4T/CXY/MV-Painter/final/round2/stage_placement_276_20260929/predictions/hll/obj_0209.png,torch.float32,raw_rgba_composited_over_white_float32
obj_0209,objaverse_8216fe9717b080be1fc592f3,llh,0.8530752658843994,/4T/CXY/MV-Painter/final/round2/stage_placement_276_20260929/predictions/llh/obj_0209.png,torch.float32,raw_rgba_composited_over_white_float32
obj_0209,objaverse_8216fe9717b080be1fc592f3,c3_lhl,0.8597307205200195,/4T/CXY/MV-Painter/final/round2/stage_placement_276_20260929/predictions/c3_lhl/obj_0209.png,torch.float32,raw_rgba_composited_over_white_float32
obj_0210,objaverse_3ccced3b5f8dce549995fd61,fixed_mean,0.9480808973312378,/4T/CXY/MV-Painter/final/round2/stage_placement_276_20260929/predictions/fixed_mean/obj_0210.png,torch.float32,raw_rgba_composited_over_white_float32
obj_0210,objaverse_3ccced3b5f8dce549995fd61,hll,0.9452906847000122,/4T/CXY/MV-Painter/final/round2/stage_placement_276_20260929/predictions/hll/obj_0210.png,torch.float32,raw_rgba_composited_over_white_float32
obj_0210,objaverse_3ccced3b5f8dce549995fd61,llh,0.9485619068145752,/4T/CXY/MV-Painter/final/round2/stage_placement_276_20260929/predictions/llh/obj_0210.png,torch.float32,raw_rgba_composited_over_white_float32
obj_0210,objaverse_3ccced3b5f8dce549995fd61,c3_lhl,0.94732666015625,/4T/CXY/MV-Painter/final/round2/stage_placement_276_20260929/predictions/c3_lhl/obj_0210.png,torch.float32,raw_rgba_composited_over_white_float32
obj_0211,objaverse_e7c2d874a0f55e866ad4e2af,fixed_mean,0.8548073768615723,/4T/CXY/MV-Painter/final/round2/stage_placement_276_20260929/predictions/fixed_mean/obj_0211.png,torch.float32,raw_rgba_composited_over_white_float32
obj_0211,objaverse_e7c2d874a0f55e866ad4e2af,hll,0.8389062285423279,/4T/CXY/MV-Painter/final/round2/stage_placement_276_20260929/predictions/hll/obj_0211.png,torch.float32,raw_rgba_composited_over_white_float32
obj_0211,objaverse_e7c2d874a0f55e866ad4e2af,llh,0.8677094578742981,/4T/CXY/MV-Painter/final/round2/stage_placement_276_20260929/predictions/llh/obj_0211.png,torch.float32,raw_rgba_composited_over_white_float32
obj_0211,objaverse_e7c2d874a0f55e866ad4e2af,c3_lhl,0.8698439002037048,/4T/CXY/MV-Painter/final/round2/stage_placement_276_20260929/predictions/c3_lhl/obj_0211.png,torch.float32,raw_rgba_composited_over_white_float32
obj_0212,objaverse_ee2e66b79e8470680b22f517,fixed_mean,0.8091528415679932,/4T/CXY/MV-Painter/final/round2/stage_placement_276_20260929/predictions/fixed_mean/obj_0212.png,torch.float32,raw_rgba_composited_over_white_float32
obj_0212,objaverse_ee2e66b79e8470680b22f517,hll,0.7985160946846008,/4T/CXY/MV-Painter/final/round2/stage_placement_276_20260929/predictions/hll/obj_0212.png,torch.float32,raw_rgba_composited_over_white_float32
obj_0212,objaverse_ee2e66b79e8470680b22f517,llh,0.8119946718215942,/4T/CXY/MV-Painter/final/round2/stage_placement_276_20260929/predictions/llh/obj_0212.png,torch.float32,raw_rgba_composited_over_white_float32
obj_0212,objaverse_ee2e66b79e8470680b22f517,c3_lhl,0.815130889415741,/4T/CXY/MV-Painter/final/round2/stage_placement_276_20260929/predictions/c3_lhl/obj_0212.png,torch.float32,raw_rgba_composited_over_white_float32
obj_0213,objaverse_45c89b60e79e192bc851da50,fixed_mean,0.8450320959091187,/4T/CXY/MV-Painter/final/round2/stage_placement_276_20260929/predictions/fixed_mean/obj_0213.png,torch.float32,raw_rgba_composited_over_white_float32
obj_0213,objaverse_45c89b60e79e192bc851da50,hll,0.8279589414596558,/4T/CXY/MV-Painter/final/round2/stage_placement_276_20260929/predictions/hll/obj_0213.png,torch.float32,raw_rgba_composited_over_white_float32
obj_0213,objaverse_45c89b60e79e192bc851da50,llh,0.8573521375656128,/4T/CXY/MV-Painter/final/round2/stage_placement_276_20260929/predictions/llh/obj_0213.png,torch.float32,raw_rgba_composited_over_white_float32
obj_0213,objaverse_45c89b60e79e192bc851da50,c3_lhl,0.852610170841217,/4T/CXY/MV-Painter/final/round2/stage_placement_276_20260929/predictions/c3_lhl/obj_0213.png,torch.float32,raw_rgba_composited_over_white_float32
obj_0214,objaverse_dd2d11294939f89f8b699ff7,fixed_mean,0.9101290106773376,/4T/CXY/MV-Painter/final/round2/stage_placement_276_20260929/predictions/fixed_mean/obj_0214.png,torch.float32,raw_rgba_composited_over_white_float32
obj_0214,objaverse_dd2d11294939f89f8b699ff7,hll,0.9038428068161011,/4T/CXY/MV-Painter/final/round2/stage_placement_276_20260929/predictions/hll/obj_0214.png,torch.float32,raw_rgba_composited_over_white_float32
obj_0214,objaverse_dd2d11294939f89f8b699ff7,llh,0.9166759848594666,/4T/CXY/MV-Painter/final/round2/stage_placement_276_20260929/predictions/llh/obj_0214.png,torch.float32,raw_rgba_composited_over_white_float32
obj_0214,objaverse_dd2d11294939f89f8b699ff7,c3_lhl,0.9132463932037354,/4T/CXY/MV-Painter/final/round2/stage_placement_276_20260929/predictions/c3_lhl/obj_0214.png,torch.float32,raw_rgba_composited_over_white_float32
obj_0215,objaverse_e73b97200df026a48dd27205,fixed_mean,0.8819180727005005,/4T/CXY/MV-Painter/final/round2/stage_placement_276_20260929/predictions/fixed_mean/obj_0215.png,torch.float32,raw_rgba_composited_over_white_float32
obj_0215,objaverse_e73b97200df026a48dd27205,hll,0.8747585415840149,/4T/CXY/MV-Painter/final/round2/stage_placement_276_20260929/predictions/hll/obj_0215.png,torch.float32,raw_rgba_composited_over_white_float32
obj_0215,objaverse_e73b97200df026a48dd27205,llh,0.8875818848609924,/4T/CXY/MV-Painter/final/round2/stage_placement_276_20260929/predictions/llh/obj_0215.png,torch.float32,raw_rgba_composited_over_white_float32
obj_0215,objaverse_e73b97200df026a48dd27205,c3_lhl,0.884625256061554,/4T/CXY/MV-Painter/final/round2/stage_placement_276_20260929/predictions/c3_lhl/obj_0215.png,torch.float32,raw_rgba_composited_over_white_float32
obj_0216,objaverse_bb5d32e59ef1f01649f762dc,fixed_mean,0.8925126194953918,/4T/CXY/MV-Painter/final/round2/stage_placement_276_20260929/predictions/fixed_mean/obj_0216.png,torch.float32,raw_rgba_composited_over_white_float32
obj_0216,objaverse_bb5d32e59ef1f01649f762dc,hll,0.8803591132164001,/4T/CXY/MV-Painter/final/round2/stage_placement_276_20260929/predictions/hll/obj_0216.png,torch.float32,raw_rgba_composited_over_white_float32
obj_0216,objaverse_bb5d32e59ef1f01649f762dc,llh,0.901586651802063,/4T/CXY/MV-Painter/final/round2/stage_placement_276_20260929/predictions/llh/obj_0216.png,torch.float32,raw_rgba_composited_over_white_float32
obj_0216,objaverse_bb5d32e59ef1f01649f762dc,c3_lhl,0.8961608409881592,/4T/CXY/MV-Painter/final/round2/stage_placement_276_20260929/predictions/c3_lhl/obj_0216.png,torch.float32,raw_rgba_composited_over_white_float32
obj_0217,objaverse_52a8dfaed1e9966c497d1d48,fixed_mean,0.9366484880447388,/4T/CXY/MV-Painter/final/round2/stage_placement_276_20260929/predictions/fixed_mean/obj_0217.png,torch.float32,raw_rgba_composited_over_white_float32
obj_0217,objaverse_52a8dfaed1e9966c497d1d48,hll,0.9331431984901428,/4T/CXY/MV-Painter/final/round2/stage_placement_276_20260929/predictions/hll/obj_0217.png,torch.float32,raw_rgba_composited_over_white_float32
obj_0217,objaverse_52a8dfaed1e9966c497d1d48,llh,0.9384886622428894,/4T/CXY/MV-Painter/final/round2/stage_placement_276_20260929/predictions/llh/obj_0217.png,torch.float32,raw_rgba_composited_over_white_float32
obj_0217,objaverse_52a8dfaed1e9966c497d1d48,c3_lhl,0.9372470378875732,/4T/CXY/MV-Painter/final/round2/stage_placement_276_20260929/predictions/c3_lhl/obj_0217.png,torch.float32,raw_rgba_composited_over_white_float32
obj_0218,objaverse_f565b8d044cc2ab1e053342d,fixed_mean,0.8720414638519287,/4T/CXY/MV-Painter/final/round2/stage_placement_276_20260929/predictions/fixed_mean/obj_0218.png,torch.float32,raw_rgba_composited_over_white_float32
obj_0218,objaverse_f565b8d044cc2ab1e053342d,hll,0.8509094715118408,/4T/CXY/MV-Painter/final/round2/stage_placement_276_20260929/predictions/hll/obj_0218.png,torch.float32,raw_rgba_composited_over_white_float32
obj_0218,objaverse_f565b8d044cc2ab1e053342d,llh,0.8794705271720886,/4T/CXY/MV-Painter/final/round2/stage_placement_276_20260929/predictions/llh/obj_0218.png,torch.float32,raw_rgba_composited_over_white_float32
obj_0218,objaverse_f565b8d044cc2ab1e053342d,c3_lhl,0.8805257678031921,/4T/CXY/MV-Painter/final/round2/stage_placement_276_20260929/predictions/c3_lhl/obj_0218.png,torch.float32,raw_rgba_composited_over_white_float32
obj_0219,objaverse_19793e866c5091dcf6c6112f,fixed_mean,0.8714397549629211,/4T/CXY/MV-Painter/final/round2/stage_placement_276_20260929/predictions/fixed_mean/obj_0219.png,torch.float32,raw_rgba_composited_over_white_float32
obj_0219,objaverse_19793e866c5091dcf6c6112f,hll,0.8408365845680237,/4T/CXY/MV-Painter/final/round2/stage_placement_276_20260929/predictions/hll/obj_0219.png,torch.float32,raw_rgba_composited_over_white_float32
obj_0219,objaverse_19793e866c5091dcf6c6112f,llh,0.8867207765579224,/4T/CXY/MV-Painter/final/round2/stage_placement_276_20260929/predictions/llh/obj_0219.png,torch.float32,raw_rgba_composited_over_white_float32
obj_0219,objaverse_19793e866c5091dcf6c6112f,c3_lhl,0.8797873854637146,/4T/CXY/MV-Painter/final/round2/stage_placement_276_20260929/predictions/c3_lhl/obj_0219.png,torch.float32,raw_rgba_composited_over_white_float32
obj_0220,objaverse_391241a51f04321230509a0a,fixed_mean,0.9136725664138794,/4T/CXY/MV-Painter/final/round2/stage_placement_276_20260929/predictions/fixed_mean/obj_0220.png,torch.float32,raw_rgba_composited_over_white_float32
obj_0220,objaverse_391241a51f04321230509a0a,hll,0.9050824642181396,/4T/CXY/MV-Painter/final/round2/stage_placement_276_20260929/predictions/hll/obj_0220.png,torch.float32,raw_rgba_composited_over_white_float32
obj_0220,objaverse_391241a51f04321230509a0a,llh,0.9207850694656372,/4T/CXY/MV-Painter/final/round2/stage_placement_276_20260929/predictions/llh/obj_0220.png,torch.float32,raw_rgba_composited_over_white_float32
obj_0220,objaverse_391241a51f04321230509a0a,c3_lhl,0.9153298139572144,/4T/CXY/MV-Painter/final/round2/stage_placement_276_20260929/predictions/c3_lhl/obj_0220.png,torch.float32,raw_rgba_composited_over_white_float32
obj_0221,local_kenney_cc0_increment_98e554580ce5dee46b79b88f,fixed_mean,0.9631773829460144,/4T/CXY/MV-Painter/final/round2/stage_placement_276_20260929/predictions/fixed_mean/obj_0221.png,torch.float32,raw_rgba_composited_over_white_float32
obj_0221,local_kenney_cc0_increment_98e554580ce5dee46b79b88f,hll,0.958103597164154,/4T/CXY/MV-Painter/final/round2/stage_placement_276_20260929/predictions/hll/obj_0221.png,torch.float32,raw_rgba_composited_over_white_float32
obj_0221,local_kenney_cc0_increment_98e554580ce5dee46b79b88f,llh,0.9674875736236572,/4T/CXY/MV-Painter/final/round2/stage_placement_276_20260929/predictions/llh/obj_0221.png,torch.float32,raw_rgba_composited_over_white_float32
obj_0221,local_kenney_cc0_increment_98e554580ce5dee46b79b88f,c3_lhl,0.963311493396759,/4T/CXY/MV-Painter/final/round2/stage_placement_276_20260929/predictions/c3_lhl/obj_0221.png,torch.float32,raw_rgba_composited_over_white_float32
obj_0222,objaverse_60d63a7639d9e02dd87956cd,fixed_mean,0.9011481404304504,/4T/CXY/MV-Painter/final/round2/stage_placement_276_20260929/predictions/fixed_mean/obj_0222.png,torch.float32,raw_rgba_composited_over_white_float32
obj_0222,objaverse_60d63a7639d9e02dd87956cd,hll,0.892314612865448,/4T/CXY/MV-Painter/final/round2/stage_placement_276_20260929/predictions/hll/obj_0222.png,torch.float32,raw_rgba_composited_over_white_float32
obj_0222,objaverse_60d63a7639d9e02dd87956cd,llh,0.9066815972328186,/4T/CXY/MV-Painter/final/round2/stage_placement_276_20260929/predictions/llh/obj_0222.png,torch.float32,raw_rgba_composited_over_white_float32
obj_0222,objaverse_60d63a7639d9e02dd87956cd,c3_lhl,0.9054232835769653,/4T/CXY/MV-Painter/final/round2/stage_placement_276_20260929/predictions/c3_lhl/obj_0222.png,torch.float32,raw_rgba_composited_over_white_float32
obj_0223,objaverse_ffd63074c7e18c7c49004de2,fixed_mean,0.9390261173248291,/4T/CXY/MV-Painter/final/round2/stage_placement_276_20260929/predictions/fixed_mean/obj_0223.png,torch.float32,raw_rgba_composited_over_white_float32
obj_0223,objaverse_ffd63074c7e18c7c49004de2,hll,0.9351825714111328,/4T/CXY/MV-Painter/final/round2/stage_placement_276_20260929/predictions/hll/obj_0223.png,torch.float32,raw_rgba_composited_over_white_float32
obj_0223,objaverse_ffd63074c7e18c7c49004de2,llh,0.9415186643600464,/4T/CXY/MV-Painter/final/round2/stage_placement_276_20260929/predictions/llh/obj_0223.png,torch.float32,raw_rgba_composited_over_white_float32
obj_0223,objaverse_ffd63074c7e18c7c49004de2,c3_lhl,0.9389587044715881,/4T/CXY/MV-Painter/final/round2/stage_placement_276_20260929/predictions/c3_lhl/obj_0223.png,torch.float32,raw_rgba_composited_over_white_float32
obj_0224,objaverse_aa00623cc46afc847349e1e6,fixed_mean,0.8984137773513794,/4T/CXY/MV-Painter/final/round2/stage_placement_276_20260929/predictions/fixed_mean/obj_0224.png,torch.float32,raw_rgba_composited_over_white_float32
obj_0224,objaverse_aa00623cc46afc847349e1e6,hll,0.8920570015907288,/4T/CXY/MV-Painter/final/round2/stage_placement_276_20260929/predictions/hll/obj_0224.png,torch.float32,raw_rgba_composited_over_white_float32
obj_0224,objaverse_aa00623cc46afc847349e1e6,llh,0.9018296003341675,/4T/CXY/MV-Painter/final/round2/stage_placement_276_20260929/predictions/llh/obj_0224.png,torch.float32,raw_rgba_composited_over_white_float32
obj_0224,objaverse_aa00623cc46afc847349e1e6,c3_lhl,0.90057373046875,/4T/CXY/MV-Painter/final/round2/stage_placement_276_20260929/predictions/c3_lhl/obj_0224.png,torch.float32,raw_rgba_composited_over_white_float32
obj_0225,local_kenney_cc0_increment_b2db9bfee04ea29b1f93b06f,fixed_mean,0.9023429155349731,/4T/CXY/MV-Painter/final/round2/stage_placement_276_20260929/predictions/fixed_mean/obj_0225.png,torch.float32,raw_rgba_composited_over_white_float32
obj_0225,local_kenney_cc0_increment_b2db9bfee04ea29b1f93b06f,hll,0.8932583332061768,/4T/CXY/MV-Painter/final/round2/stage_placement_276_20260929/predictions/hll/obj_0225.png,torch.float32,raw_rgba_composited_over_white_float32
obj_0225,local_kenney_cc0_increment_b2db9bfee04ea29b1f93b06f,llh,0.9093039035797119,/4T/CXY/MV-Painter/final/round2/stage_placement_276_20260929/predictions/llh/obj_0225.png,torch.float32,raw_rgba_composited_over_white_float32
obj_0225,local_kenney_cc0_increment_b2db9bfee04ea29b1f93b06f,c3_lhl,0.9061766862869263,/4T/CXY/MV-Painter/final/round2/stage_placement_276_20260929/predictions/c3_lhl/obj_0225.png,torch.float32,raw_rgba_composited_over_white_float32
obj_0226,objaverse_f0a1ce021e29b0dc24292f49,fixed_mean,0.9758697152137756,/4T/CXY/MV-Painter/final/round2/stage_placement_276_20260929/predictions/fixed_mean/obj_0226.png,torch.float32,raw_rgba_composited_over_white_float32
obj_0226,objaverse_f0a1ce021e29b0dc24292f49,hll,0.9722442626953125,/4T/CXY/MV-Painter/final/round2/stage_placement_276_20260929/predictions/hll/obj_0226.png,torch.float32,raw_rgba_composited_over_white_float32
obj_0226,objaverse_f0a1ce021e29b0dc24292f49,llh,0.9787807464599609,/4T/CXY/MV-Painter/final/round2/stage_placement_276_20260929/predictions/llh/obj_0226.png,torch.float32,raw_rgba_composited_over_white_float32
obj_0226,objaverse_f0a1ce021e29b0dc24292f49,c3_lhl,0.9766905307769775,/4T/CXY/MV-Painter/final/round2/stage_placement_276_20260929/predictions/c3_lhl/obj_0226.png,torch.float32,raw_rgba_composited_over_white_float32
obj_0227,abo_19da1afe52ed1562e2bf,fixed_mean,0.8488667011260986,/4T/CXY/MV-Painter/final/round2/stage_placement_276_20260929/predictions/fixed_mean/obj_0227.png,torch.float32,raw_rgba_composited_over_white_float32
obj_0227,abo_19da1afe52ed1562e2bf,hll,0.8416056036949158,/4T/CXY/MV-Painter/final/round2/stage_placement_276_20260929/predictions/hll/obj_0227.png,torch.float32,raw_rgba_composited_over_white_float32
obj_0227,abo_19da1afe52ed1562e2bf,llh,0.8508570194244385,/4T/CXY/MV-Painter/final/round2/stage_placement_276_20260929/predictions/llh/obj_0227.png,torch.float32,raw_rgba_composited_over_white_float32
obj_0227,abo_19da1afe52ed1562e2bf,c3_lhl,0.8485326766967773,/4T/CXY/MV-Painter/final/round2/stage_placement_276_20260929/predictions/c3_lhl/obj_0227.png,torch.float32,raw_rgba_composited_over_white_float32
obj_0228,objaverse_b980ad93d3945bef3aea051f,fixed_mean,0.9176881313323975,/4T/CXY/MV-Painter/final/round2/stage_placement_276_20260929/predictions/fixed_mean/obj_0228.png,torch.float32,raw_rgba_composited_over_white_float32
obj_0228,objaverse_b980ad93d3945bef3aea051f,hll,0.9094272255897522,/4T/CXY/MV-Painter/final/round2/stage_placement_276_20260929/predictions/hll/obj_0228.png,torch.float32,raw_rgba_composited_over_white_float32
obj_0228,objaverse_b980ad93d3945bef3aea051f,llh,0.9235804080963135,/4T/CXY/MV-Painter/final/round2/stage_placement_276_20260929/predictions/llh/obj_0228.png,torch.float32,raw_rgba_composited_over_white_float32
obj_0228,objaverse_b980ad93d3945bef3aea051f,c3_lhl,0.9174624681472778,/4T/CXY/MV-Painter/final/round2/stage_placement_276_20260929/predictions/c3_lhl/obj_0228.png,torch.float32,raw_rgba_composited_over_white_float32
obj_0229,objaverse_e7a0b8421d0978ff3c97db8f,fixed_mean,0.91943359375,/4T/CXY/MV-Painter/final/round2/stage_placement_276_20260929/predictions/fixed_mean/obj_0229.png,torch.float32,raw_rgba_composited_over_white_float32
obj_0229,objaverse_e7a0b8421d0978ff3c97db8f,hll,0.9089122414588928,/4T/CXY/MV-Painter/final/round2/stage_placement_276_20260929/predictions/hll/obj_0229.png,torch.float32,raw_rgba_composited_over_white_float32
obj_0229,objaverse_e7a0b8421d0978ff3c97db8f,llh,0.9275549650192261,/4T/CXY/MV-Painter/final/round2/stage_placement_276_20260929/predictions/llh/obj_0229.png,torch.float32,raw_rgba_composited_over_white_float32
obj_0229,objaverse_e7a0b8421d0978ff3c97db8f,c3_lhl,0.9213060736656189,/4T/CXY/MV-Painter/final/round2/stage_placement_276_20260929/predictions/c3_lhl/obj_0229.png,torch.float32,raw_rgba_composited_over_white_float32
obj_0230,objaverse_f4693fe5e56a1bb213f3a88c,fixed_mean,0.8825947046279907,/4T/CXY/MV-Painter/final/round2/stage_placement_276_20260929/predictions/fixed_mean/obj_0230.png,torch.float32,raw_rgba_composited_over_white_float32
obj_0230,objaverse_f4693fe5e56a1bb213f3a88c,hll,0.8758130073547363,/4T/CXY/MV-Painter/final/round2/stage_placement_276_20260929/predictions/hll/obj_0230.png,torch.float32,raw_rgba_composited_over_white_float32
obj_0230,objaverse_f4693fe5e56a1bb213f3a88c,llh,0.8853701949119568,/4T/CXY/MV-Painter/final/round2/stage_placement_276_20260929/predictions/llh/obj_0230.png,torch.float32,raw_rgba_composited_over_white_float32
obj_0230,objaverse_f4693fe5e56a1bb213f3a88c,c3_lhl,0.8840071558952332,/4T/CXY/MV-Painter/final/round2/stage_placement_276_20260929/predictions/c3_lhl/obj_0230.png,torch.float32,raw_rgba_composited_over_white_float32
obj_0231,objaverse_90c8e8d8535d0467207f47fa,fixed_mean,0.831135630607605,/4T/CXY/MV-Painter/final/round2/stage_placement_276_20260929/predictions/fixed_mean/obj_0231.png,torch.float32,raw_rgba_composited_over_white_float32
obj_0231,objaverse_90c8e8d8535d0467207f47fa,hll,0.8118687868118286,/4T/CXY/MV-Painter/final/round2/stage_placement_276_20260929/predictions/hll/obj_0231.png,torch.float32,raw_rgba_composited_over_white_float32
obj_0231,objaverse_90c8e8d8535d0467207f47fa,llh,0.8438577651977539,/4T/CXY/MV-Painter/final/round2/stage_placement_276_20260929/predictions/llh/obj_0231.png,torch.float32,raw_rgba_composited_over_white_float32
obj_0231,objaverse_90c8e8d8535d0467207f47fa,c3_lhl,0.8423972129821777,/4T/CXY/MV-Painter/final/round2/stage_placement_276_20260929/predictions/c3_lhl/obj_0231.png,torch.float32,raw_rgba_composited_over_white_float32
obj_0232,local_kenney_cc0_increment_0e9d9972b2d3998d5a26f500,fixed_mean,0.8468616604804993,/4T/CXY/MV-Painter/final/round2/stage_placement_276_20260929/predictions/fixed_mean/obj_0232.png,torch.float32,raw_rgba_composited_over_white_float32
obj_0232,local_kenney_cc0_increment_0e9d9972b2d3998d5a26f500,hll,0.8309834003448486,/4T/CXY/MV-Painter/final/round2/stage_placement_276_20260929/predictions/hll/obj_0232.png,torch.float32,raw_rgba_composited_over_white_float32
obj_0232,local_kenney_cc0_increment_0e9d9972b2d3998d5a26f500,llh,0.8590991497039795,/4T/CXY/MV-Painter/final/round2/stage_placement_276_20260929/predictions/llh/obj_0232.png,torch.float32,raw_rgba_composited_over_white_float32
obj_0232,local_kenney_cc0_increment_0e9d9972b2d3998d5a26f500,c3_lhl,0.8541519641876221,/4T/CXY/MV-Painter/final/round2/stage_placement_276_20260929/predictions/c3_lhl/obj_0232.png,torch.float32,raw_rgba_composited_over_white_float32
obj_0233,objaverse_cdf8f6d7c3c19a361091feb2,fixed_mean,0.9144744873046875,/4T/CXY/MV-Painter/final/round2/stage_placement_276_20260929/predictions/fixed_mean/obj_0233.png,torch.float32,raw_rgba_composited_over_white_float32
obj_0233,objaverse_cdf8f6d7c3c19a361091feb2,hll,0.9039595127105713,/4T/CXY/MV-Painter/final/round2/stage_placement_276_20260929/predictions/hll/obj_0233.png,torch.float32,raw_rgba_composited_over_white_float32
obj_0233,objaverse_cdf8f6d7c3c19a361091feb2,llh,0.9199742078781128,/4T/CXY/MV-Painter/final/round2/stage_placement_276_20260929/predictions/llh/obj_0233.png,torch.float32,raw_rgba_composited_over_white_float32
obj_0233,objaverse_cdf8f6d7c3c19a361091feb2,c3_lhl,0.9180200099945068,/4T/CXY/MV-Painter/final/round2/stage_placement_276_20260929/predictions/c3_lhl/obj_0233.png,torch.float32,raw_rgba_composited_over_white_float32
obj_0234,objaverse_aabda53e6303f02cd4dab3cc,fixed_mean,0.9192931056022644,/4T/CXY/MV-Painter/final/round2/stage_placement_276_20260929/predictions/fixed_mean/obj_0234.png,torch.float32,raw_rgba_composited_over_white_float32
obj_0234,objaverse_aabda53e6303f02cd4dab3cc,hll,0.9192216396331787,/4T/CXY/MV-Painter/final/round2/stage_placement_276_20260929/predictions/hll/obj_0234.png,torch.float32,raw_rgba_composited_over_white_float32
obj_0234,objaverse_aabda53e6303f02cd4dab3cc,llh,0.9221494197845459,/4T/CXY/MV-Painter/final/round2/stage_placement_276_20260929/predictions/llh/obj_0234.png,torch.float32,raw_rgba_composited_over_white_float32
obj_0234,objaverse_aabda53e6303f02cd4dab3cc,c3_lhl,0.9158656597137451,/4T/CXY/MV-Painter/final/round2/stage_placement_276_20260929/predictions/c3_lhl/obj_0234.png,torch.float32,raw_rgba_composited_over_white_float32
obj_0235,objaverse_91dfce91252357d0d833f904,fixed_mean,0.8788232207298279,/4T/CXY/MV-Painter/final/round2/stage_placement_276_20260929/predictions/fixed_mean/obj_0235.png,torch.float32,raw_rgba_composited_over_white_float32
obj_0235,objaverse_91dfce91252357d0d833f904,hll,0.8704709410667419,/4T/CXY/MV-Painter/final/round2/stage_placement_276_20260929/predictions/hll/obj_0235.png,torch.float32,raw_rgba_composited_over_white_float32
obj_0235,objaverse_91dfce91252357d0d833f904,llh,0.8870095610618591,/4T/CXY/MV-Painter/final/round2/stage_placement_276_20260929/predictions/llh/obj_0235.png,torch.float32,raw_rgba_composited_over_white_float32
obj_0235,objaverse_91dfce91252357d0d833f904,c3_lhl,0.8845129013061523,/4T/CXY/MV-Painter/final/round2/stage_placement_276_20260929/predictions/c3_lhl/obj_0235.png,torch.float32,raw_rgba_composited_over_white_float32
obj_0236,objaverse_e2f38c18cd23e9b228a470e5,fixed_mean,0.9256411790847778,/4T/CXY/MV-Painter/final/round2/stage_placement_276_20260929/predictions/fixed_mean/obj_0236.png,torch.float32,raw_rgba_composited_over_white_float32
obj_0236,objaverse_e2f38c18cd23e9b228a470e5,hll,0.9198124408721924,/4T/CXY/MV-Painter/final/round2/stage_placement_276_20260929/predictions/hll/obj_0236.png,torch.float32,raw_rgba_composited_over_white_float32
obj_0236,objaverse_e2f38c18cd23e9b228a470e5,llh,0.9295257925987244,/4T/CXY/MV-Painter/final/round2/stage_placement_276_20260929/predictions/llh/obj_0236.png,torch.float32,raw_rgba_composited_over_white_float32
obj_0236,objaverse_e2f38c18cd23e9b228a470e5,c3_lhl,0.9270699620246887,/4T/CXY/MV-Painter/final/round2/stage_placement_276_20260929/predictions/c3_lhl/obj_0236.png,torch.float32,raw_rgba_composited_over_white_float32
obj_0237,objaverse_7ccbca5b7822143070c0b4cf,fixed_mean,0.9228808879852295,/4T/CXY/MV-Painter/final/round2/stage_placement_276_20260929/predictions/fixed_mean/obj_0237.png,torch.float32,raw_rgba_composited_over_white_float32
obj_0237,objaverse_7ccbca5b7822143070c0b4cf,hll,0.9142401218414307,/4T/CXY/MV-Painter/final/round2/stage_placement_276_20260929/predictions/hll/obj_0237.png,torch.float32,raw_rgba_composited_over_white_float32
obj_0237,objaverse_7ccbca5b7822143070c0b4cf,llh,0.9269973039627075,/4T/CXY/MV-Painter/final/round2/stage_placement_276_20260929/predictions/llh/obj_0237.png,torch.float32,raw_rgba_composited_over_white_float32
obj_0237,objaverse_7ccbca5b7822143070c0b4cf,c3_lhl,0.925693929195404,/4T/CXY/MV-Painter/final/round2/stage_placement_276_20260929/predictions/c3_lhl/obj_0237.png,torch.float32,raw_rgba_composited_over_white_float32
obj_0238,objaverse_da16066dacff49bb651367ae,fixed_mean,0.9451062083244324,/4T/CXY/MV-Painter/final/round2/stage_placement_276_20260929/predictions/fixed_mean/obj_0238.png,torch.float32,raw_rgba_composited_over_white_float32
obj_0238,objaverse_da16066dacff49bb651367ae,hll,0.9409403204917908,/4T/CXY/MV-Painter/final/round2/stage_placement_276_20260929/predictions/hll/obj_0238.png,torch.float32,raw_rgba_composited_over_white_float32
obj_0238,objaverse_da16066dacff49bb651367ae,llh,0.9487330913543701,/4T/CXY/MV-Painter/final/round2/stage_placement_276_20260929/predictions/llh/obj_0238.png,torch.float32,raw_rgba_composited_over_white_float32
obj_0238,objaverse_da16066dacff49bb651367ae,c3_lhl,0.9449427723884583,/4T/CXY/MV-Painter/final/round2/stage_placement_276_20260929/predictions/c3_lhl/obj_0238.png,torch.float32,raw_rgba_composited_over_white_float32
obj_0239,objaverse_98ecd84aa8f74d637a1db030,fixed_mean,0.8445324301719666,/4T/CXY/MV-Painter/final/round2/stage_placement_276_20260929/predictions/fixed_mean/obj_0239.png,torch.float32,raw_rgba_composited_over_white_float32
obj_0239,objaverse_98ecd84aa8f74d637a1db030,hll,0.8286511898040771,/4T/CXY/MV-Painter/final/round2/stage_placement_276_20260929/predictions/hll/obj_0239.png,torch.float32,raw_rgba_composited_over_white_float32
obj_0239,objaverse_98ecd84aa8f74d637a1db030,llh,0.8547044992446899,/4T/CXY/MV-Painter/final/round2/stage_placement_276_20260929/predictions/llh/obj_0239.png,torch.float32,raw_rgba_composited_over_white_float32
obj_0239,objaverse_98ecd84aa8f74d637a1db030,c3_lhl,0.8506690859794617,/4T/CXY/MV-Painter/final/round2/stage_placement_276_20260929/predictions/c3_lhl/obj_0239.png,torch.float32,raw_rgba_composited_over_white_float32
obj_0240,objaverse_cc7c200c2fa736aa2a970dd0,fixed_mean,0.9698814749717712,/4T/CXY/MV-Painter/final/round2/stage_placement_276_20260929/predictions/fixed_mean/obj_0240.png,torch.float32,raw_rgba_composited_over_white_float32
obj_0240,objaverse_cc7c200c2fa736aa2a970dd0,hll,0.9649848937988281,/4T/CXY/MV-Painter/final/round2/stage_placement_276_20260929/predictions/hll/obj_0240.png,torch.float32,raw_rgba_composited_over_white_float32
obj_0240,objaverse_cc7c200c2fa736aa2a970dd0,llh,0.9732881188392639,/4T/CXY/MV-Painter/final/round2/stage_placement_276_20260929/predictions/llh/obj_0240.png,torch.float32,raw_rgba_composited_over_white_float32
obj_0240,objaverse_cc7c200c2fa736aa2a970dd0,c3_lhl,0.9697015285491943,/4T/CXY/MV-Painter/final/round2/stage_placement_276_20260929/predictions/c3_lhl/obj_0240.png,torch.float32,raw_rgba_composited_over_white_float32
obj_0241,objaverse_979c187db9af9081fb605866,fixed_mean,0.825310230255127,/4T/CXY/MV-Painter/final/round2/stage_placement_276_20260929/predictions/fixed_mean/obj_0241.png,torch.float32,raw_rgba_composited_over_white_float32
obj_0241,objaverse_979c187db9af9081fb605866,hll,0.799566924571991,/4T/CXY/MV-Painter/final/round2/stage_placement_276_20260929/predictions/hll/obj_0241.png,torch.float32,raw_rgba_composited_over_white_float32
obj_0241,objaverse_979c187db9af9081fb605866,llh,0.8411604762077332,/4T/CXY/MV-Painter/final/round2/stage_placement_276_20260929/predictions/llh/obj_0241.png,torch.float32,raw_rgba_composited_over_white_float32
obj_0241,objaverse_979c187db9af9081fb605866,c3_lhl,0.8438982367515564,/4T/CXY/MV-Painter/final/round2/stage_placement_276_20260929/predictions/c3_lhl/obj_0241.png,torch.float32,raw_rgba_composited_over_white_float32
obj_0242,local_kenney_cc0_increment_c2d78edc06be64750f2aea8f,fixed_mean,0.8731696009635925,/4T/CXY/MV-Painter/final/round2/stage_placement_276_20260929/predictions/fixed_mean/obj_0242.png,torch.float32,raw_rgba_composited_over_white_float32
obj_0242,local_kenney_cc0_increment_c2d78edc06be64750f2aea8f,hll,0.8610936403274536,/4T/CXY/MV-Painter/final/round2/stage_placement_276_20260929/predictions/hll/obj_0242.png,torch.float32,raw_rgba_composited_over_white_float32
obj_0242,local_kenney_cc0_increment_c2d78edc06be64750f2aea8f,llh,0.8805497884750366,/4T/CXY/MV-Painter/final/round2/stage_placement_276_20260929/predictions/llh/obj_0242.png,torch.float32,raw_rgba_composited_over_white_float32
obj_0242,local_kenney_cc0_increment_c2d78edc06be64750f2aea8f,c3_lhl,0.8780145645141602,/4T/CXY/MV-Painter/final/round2/stage_placement_276_20260929/predictions/c3_lhl/obj_0242.png,torch.float32,raw_rgba_composited_over_white_float32
obj_0243,objaverse_5ae2bf46f74822f4c65f00d0,fixed_mean,0.8449674248695374,/4T/CXY/MV-Painter/final/round2/stage_placement_276_20260929/predictions/fixed_mean/obj_0243.png,torch.float32,raw_rgba_composited_over_white_float32
obj_0243,objaverse_5ae2bf46f74822f4c65f00d0,hll,0.8244997262954712,/4T/CXY/MV-Painter/final/round2/stage_placement_276_20260929/predictions/hll/obj_0243.png,torch.float32,raw_rgba_composited_over_white_float32
obj_0243,objaverse_5ae2bf46f74822f4c65f00d0,llh,0.8576489090919495,/4T/CXY/MV-Painter/final/round2/stage_placement_276_20260929/predictions/llh/obj_0243.png,torch.float32,raw_rgba_composited_over_white_float32
obj_0243,objaverse_5ae2bf46f74822f4c65f00d0,c3_lhl,0.8571032881736755,/4T/CXY/MV-Painter/final/round2/stage_placement_276_20260929/predictions/c3_lhl/obj_0243.png,torch.float32,raw_rgba_composited_over_white_float32
obj_0244,objaverse_ef5c0445c913cf306939af1b,fixed_mean,0.7837507724761963,/4T/CXY/MV-Painter/final/round2/stage_placement_276_20260929/predictions/fixed_mean/obj_0244.png,torch.float32,raw_rgba_composited_over_white_float32
obj_0244,objaverse_ef5c0445c913cf306939af1b,hll,0.7594223022460938,/4T/CXY/MV-Painter/final/round2/stage_placement_276_20260929/predictions/hll/obj_0244.png,torch.float32,raw_rgba_composited_over_white_float32
obj_0244,objaverse_ef5c0445c913cf306939af1b,llh,0.797298789024353,/4T/CXY/MV-Painter/final/round2/stage_placement_276_20260929/predictions/llh/obj_0244.png,torch.float32,raw_rgba_composited_over_white_float32
obj_0244,objaverse_ef5c0445c913cf306939af1b,c3_lhl,0.7967311143875122,/4T/CXY/MV-Painter/final/round2/stage_placement_276_20260929/predictions/c3_lhl/obj_0244.png,torch.float32,raw_rgba_composited_over_white_float32
obj_0245,objaverse_debcb2034b0e254acd85005c,fixed_mean,0.942706823348999,/4T/CXY/MV-Painter/final/round2/stage_placement_276_20260929/predictions/fixed_mean/obj_0245.png,torch.float32,raw_rgba_composited_over_white_float32
obj_0245,objaverse_debcb2034b0e254acd85005c,hll,0.9390299916267395,/4T/CXY/MV-Painter/final/round2/stage_placement_276_20260929/predictions/hll/obj_0245.png,torch.float32,raw_rgba_composited_over_white_float32
obj_0245,objaverse_debcb2034b0e254acd85005c,llh,0.945083498954773,/4T/CXY/MV-Painter/final/round2/stage_placement_276_20260929/predictions/llh/obj_0245.png,torch.float32,raw_rgba_composited_over_white_float32
obj_0245,objaverse_debcb2034b0e254acd85005c,c3_lhl,0.9431420564651489,/4T/CXY/MV-Painter/final/round2/stage_placement_276_20260929/predictions/c3_lhl/obj_0245.png,torch.float32,raw_rgba_composited_over_white_float32
obj_0246,objaverse_e5ff130aa7a4e74f2e4d348a,fixed_mean,0.7968337535858154,/4T/CXY/MV-Painter/final/round2/stage_placement_276_20260929/predictions/fixed_mean/obj_0246.png,torch.float32,raw_rgba_composited_over_white_float32
obj_0246,objaverse_e5ff130aa7a4e74f2e4d348a,hll,0.7823253870010376,/4T/CXY/MV-Painter/final/round2/stage_placement_276_20260929/predictions/hll/obj_0246.png,torch.float32,raw_rgba_composited_over_white_float32
obj_0246,objaverse_e5ff130aa7a4e74f2e4d348a,llh,0.8084987998008728,/4T/CXY/MV-Painter/final/round2/stage_placement_276_20260929/predictions/llh/obj_0246.png,torch.float32,raw_rgba_composited_over_white_float32
obj_0246,objaverse_e5ff130aa7a4e74f2e4d348a,c3_lhl,0.8059682846069336,/4T/CXY/MV-Painter/final/round2/stage_placement_276_20260929/predictions/c3_lhl/obj_0246.png,torch.float32,raw_rgba_composited_over_white_float32
obj_0247,abo_2da580bbf869a81721f3,fixed_mean,0.8592197895050049,/4T/CXY/MV-Painter/final/round2/stage_placement_276_20260929/predictions/fixed_mean/obj_0247.png,torch.float32,raw_rgba_composited_over_white_float32
obj_0247,abo_2da580bbf869a81721f3,hll,0.8522416949272156,/4T/CXY/MV-Painter/final/round2/stage_placement_276_20260929/predictions/hll/obj_0247.png,torch.float32,raw_rgba_composited_over_white_float32
obj_0247,abo_2da580bbf869a81721f3,llh,0.8632131218910217,/4T/CXY/MV-Painter/final/round2/stage_placement_276_20260929/predictions/llh/obj_0247.png,torch.float32,raw_rgba_composited_over_white_float32
obj_0247,abo_2da580bbf869a81721f3,c3_lhl,0.8633335828781128,/4T/CXY/MV-Painter/final/round2/stage_placement_276_20260929/predictions/c3_lhl/obj_0247.png,torch.float32,raw_rgba_composited_over_white_float32
obj_0248,abo_16e96b3f9d61403a2659,fixed_mean,0.8714279532432556,/4T/CXY/MV-Painter/final/round2/stage_placement_276_20260929/predictions/fixed_mean/obj_0248.png,torch.float32,raw_rgba_composited_over_white_float32
obj_0248,abo_16e96b3f9d61403a2659,hll,0.8607820272445679,/4T/CXY/MV-Painter/final/round2/stage_placement_276_20260929/predictions/hll/obj_0248.png,torch.float32,raw_rgba_composited_over_white_float32
obj_0248,abo_16e96b3f9d61403a2659,llh,0.8801934123039246,/4T/CXY/MV-Painter/final/round2/stage_placement_276_20260929/predictions/llh/obj_0248.png,torch.float32,raw_rgba_composited_over_white_float32
obj_0248,abo_16e96b3f9d61403a2659,c3_lhl,0.8789377808570862,/4T/CXY/MV-Painter/final/round2/stage_placement_276_20260929/predictions/c3_lhl/obj_0248.png,torch.float32,raw_rgba_composited_over_white_float32
obj_0249,abo_392eb67fb4a70af859c2,fixed_mean,0.9198935031890869,/4T/CXY/MV-Painter/final/round2/stage_placement_276_20260929/predictions/fixed_mean/obj_0249.png,torch.float32,raw_rgba_composited_over_white_float32
obj_0249,abo_392eb67fb4a70af859c2,hll,0.9165921807289124,/4T/CXY/MV-Painter/final/round2/stage_placement_276_20260929/predictions/hll/obj_0249.png,torch.float32,raw_rgba_composited_over_white_float32
obj_0249,abo_392eb67fb4a70af859c2,llh,0.9223257899284363,/4T/CXY/MV-Painter/final/round2/stage_placement_276_20260929/predictions/llh/obj_0249.png,torch.float32,raw_rgba_composited_over_white_float32
obj_0249,abo_392eb67fb4a70af859c2,c3_lhl,0.9210304617881775,/4T/CXY/MV-Painter/final/round2/stage_placement_276_20260929/predictions/c3_lhl/obj_0249.png,torch.float32,raw_rgba_composited_over_white_float32
obj_0250,objaverse_ea89570a3ee63b5643461421,fixed_mean,0.8625302314758301,/4T/CXY/MV-Painter/final/round2/stage_placement_276_20260929/predictions/fixed_mean/obj_0250.png,torch.float32,raw_rgba_composited_over_white_float32
obj_0250,objaverse_ea89570a3ee63b5643461421,hll,0.8524371385574341,/4T/CXY/MV-Painter/final/round2/stage_placement_276_20260929/predictions/hll/obj_0250.png,torch.float32,raw_rgba_composited_over_white_float32
obj_0250,objaverse_ea89570a3ee63b5643461421,llh,0.871550440788269,/4T/CXY/MV-Painter/final/round2/stage_placement_276_20260929/predictions/llh/obj_0250.png,torch.float32,raw_rgba_composited_over_white_float32
obj_0250,objaverse_ea89570a3ee63b5643461421,c3_lhl,0.8711734414100647,/4T/CXY/MV-Painter/final/round2/stage_placement_276_20260929/predictions/c3_lhl/obj_0250.png,torch.float32,raw_rgba_composited_over_white_float32
obj_0251,objaverse_fcb68083b488d90170c0e12b,fixed_mean,0.9130022525787354,/4T/CXY/MV-Painter/final/round2/stage_placement_276_20260929/predictions/fixed_mean/obj_0251.png,torch.float32,raw_rgba_composited_over_white_float32
obj_0251,objaverse_fcb68083b488d90170c0e12b,hll,0.9089694619178772,/4T/CXY/MV-Painter/final/round2/stage_placement_276_20260929/predictions/hll/obj_0251.png,torch.float32,raw_rgba_composited_over_white_float32
obj_0251,objaverse_fcb68083b488d90170c0e12b,llh,0.9153410792350769,/4T/CXY/MV-Painter/final/round2/stage_placement_276_20260929/predictions/llh/obj_0251.png,torch.float32,raw_rgba_composited_over_white_float32
obj_0251,objaverse_fcb68083b488d90170c0e12b,c3_lhl,0.9122326374053955,/4T/CXY/MV-Painter/final/round2/stage_placement_276_20260929/predictions/c3_lhl/obj_0251.png,torch.float32,raw_rgba_composited_over_white_float32
obj_0252,local_kenney_cc0_increment_d337738f650ade9337f9ce47,fixed_mean,0.9740040898323059,/4T/CXY/MV-Painter/final/round2/stage_placement_276_20260929/predictions/fixed_mean/obj_0252.png,torch.float32,raw_rgba_composited_over_white_float32
obj_0252,local_kenney_cc0_increment_d337738f650ade9337f9ce47,hll,0.9689654111862183,/4T/CXY/MV-Painter/final/round2/stage_placement_276_20260929/predictions/hll/obj_0252.png,torch.float32,raw_rgba_composited_over_white_float32
obj_0252,local_kenney_cc0_increment_d337738f650ade9337f9ce47,llh,0.9771521687507629,/4T/CXY/MV-Painter/final/round2/stage_placement_276_20260929/predictions/llh/obj_0252.png,torch.float32,raw_rgba_composited_over_white_float32
obj_0252,local_kenney_cc0_increment_d337738f650ade9337f9ce47,c3_lhl,0.9734402894973755,/4T/CXY/MV-Painter/final/round2/stage_placement_276_20260929/predictions/c3_lhl/obj_0252.png,torch.float32,raw_rgba_composited_over_white_float32
obj_0253,abo_3a41178482a4f49c71fb,fixed_mean,0.8642174601554871,/4T/CXY/MV-Painter/final/round2/stage_placement_276_20260929/predictions/fixed_mean/obj_0253.png,torch.float32,raw_rgba_composited_over_white_float32
obj_0253,abo_3a41178482a4f49c71fb,hll,0.8514301180839539,/4T/CXY/MV-Painter/final/round2/stage_placement_276_20260929/predictions/hll/obj_0253.png,torch.float32,raw_rgba_composited_over_white_float32
obj_0253,abo_3a41178482a4f49c71fb,llh,0.8751108646392822,/4T/CXY/MV-Painter/final/round2/stage_placement_276_20260929/predictions/llh/obj_0253.png,torch.float32,raw_rgba_composited_over_white_float32
obj_0253,abo_3a41178482a4f49c71fb,c3_lhl,0.8717724680900574,/4T/CXY/MV-Painter/final/round2/stage_placement_276_20260929/predictions/c3_lhl/obj_0253.png,torch.float32,raw_rgba_composited_over_white_float32
obj_0254,abo_2dbe60e4151b97bc1e37,fixed_mean,0.8946650624275208,/4T/CXY/MV-Painter/final/round2/stage_placement_276_20260929/predictions/fixed_mean/obj_0254.png,torch.float32,raw_rgba_composited_over_white_float32
obj_0254,abo_2dbe60e4151b97bc1e37,hll,0.8835469484329224,/4T/CXY/MV-Painter/final/round2/stage_placement_276_20260929/predictions/hll/obj_0254.png,torch.float32,raw_rgba_composited_over_white_float32
obj_0254,abo_2dbe60e4151b97bc1e37,llh,0.902309000492096,/4T/CXY/MV-Painter/final/round2/stage_placement_276_20260929/predictions/llh/obj_0254.png,torch.float32,raw_rgba_composited_over_white_float32
obj_0254,abo_2dbe60e4151b97bc1e37,c3_lhl,0.9008662700653076,/4T/CXY/MV-Painter/final/round2/stage_placement_276_20260929/predictions/c3_lhl/obj_0254.png,torch.float32,raw_rgba_composited_over_white_float32
obj_0255,abo_03cf8c64c7580f262b20,fixed_mean,0.9436619281768799,/4T/CXY/MV-Painter/final/round2/stage_placement_276_20260929/predictions/fixed_mean/obj_0255.png,torch.float32,raw_rgba_composited_over_white_float32
obj_0255,abo_03cf8c64c7580f262b20,hll,0.9396721720695496,/4T/CXY/MV-Painter/final/round2/stage_placement_276_20260929/predictions/hll/obj_0255.png,torch.float32,raw_rgba_composited_over_white_float32
obj_0255,abo_03cf8c64c7580f262b20,llh,0.946925163269043,/4T/CXY/MV-Painter/final/round2/stage_placement_276_20260929/predictions/llh/obj_0255.png,torch.float32,raw_rgba_composited_over_white_float32
obj_0255,abo_03cf8c64c7580f262b20,c3_lhl,0.9441874027252197,/4T/CXY/MV-Painter/final/round2/stage_placement_276_20260929/predictions/c3_lhl/obj_0255.png,torch.float32,raw_rgba_composited_over_white_float32
obj_0256,objaverse_0fcfce830469fb43905b9a5d,fixed_mean,0.7991594076156616,/4T/CXY/MV-Painter/final/round2/stage_placement_276_20260929/predictions/fixed_mean/obj_0256.png,torch.float32,raw_rgba_composited_over_white_float32
obj_0256,objaverse_0fcfce830469fb43905b9a5d,hll,0.7813459634780884,/4T/CXY/MV-Painter/final/round2/stage_placement_276_20260929/predictions/hll/obj_0256.png,torch.float32,raw_rgba_composited_over_white_float32
obj_0256,objaverse_0fcfce830469fb43905b9a5d,llh,0.810316801071167,/4T/CXY/MV-Painter/final/round2/stage_placement_276_20260929/predictions/llh/obj_0256.png,torch.float32,raw_rgba_composited_over_white_float32
obj_0256,objaverse_0fcfce830469fb43905b9a5d,c3_lhl,0.8159967064857483,/4T/CXY/MV-Painter/final/round2/stage_placement_276_20260929/predictions/c3_lhl/obj_0256.png,torch.float32,raw_rgba_composited_over_white_float32
obj_0257,objaverse_a9f23e40c31c259716f9574a,fixed_mean,0.9633138179779053,/4T/CXY/MV-Painter/final/round2/stage_placement_276_20260929/predictions/fixed_mean/obj_0257.png,torch.float32,raw_rgba_composited_over_white_float32
obj_0257,objaverse_a9f23e40c31c259716f9574a,hll,0.9591236114501953,/4T/CXY/MV-Painter/final/round2/stage_placement_276_20260929/predictions/hll/obj_0257.png,torch.float32,raw_rgba_composited_over_white_float32
obj_0257,objaverse_a9f23e40c31c259716f9574a,llh,0.9659926295280457,/4T/CXY/MV-Painter/final/round2/stage_placement_276_20260929/predictions/llh/obj_0257.png,torch.float32,raw_rgba_composited_over_white_float32
obj_0257,objaverse_a9f23e40c31c259716f9574a,c3_lhl,0.9629377722740173,/4T/CXY/MV-Painter/final/round2/stage_placement_276_20260929/predictions/c3_lhl/obj_0257.png,torch.float32,raw_rgba_composited_over_white_float32
obj_0258,objaverse_32f3ffb7cf7ec2cda6de89f9,fixed_mean,0.9314629435539246,/4T/CXY/MV-Painter/final/round2/stage_placement_276_20260929/predictions/fixed_mean/obj_0258.png,torch.float32,raw_rgba_composited_over_white_float32
obj_0258,objaverse_32f3ffb7cf7ec2cda6de89f9,hll,0.9231906533241272,/4T/CXY/MV-Painter/final/round2/stage_placement_276_20260929/predictions/hll/obj_0258.png,torch.float32,raw_rgba_composited_over_white_float32
obj_0258,objaverse_32f3ffb7cf7ec2cda6de89f9,llh,0.9356203079223633,/4T/CXY/MV-Painter/final/round2/stage_placement_276_20260929/predictions/llh/obj_0258.png,torch.float32,raw_rgba_composited_over_white_float32
obj_0258,objaverse_32f3ffb7cf7ec2cda6de89f9,c3_lhl,0.9327585697174072,/4T/CXY/MV-Painter/final/round2/stage_placement_276_20260929/predictions/c3_lhl/obj_0258.png,torch.float32,raw_rgba_composited_over_white_float32
obj_0259,objaverse_f780c774cc64bff0733ec56a,fixed_mean,0.9115011692047119,/4T/CXY/MV-Painter/final/round2/stage_placement_276_20260929/predictions/fixed_mean/obj_0259.png,torch.float32,raw_rgba_composited_over_white_float32
obj_0259,objaverse_f780c774cc64bff0733ec56a,hll,0.902215838432312,/4T/CXY/MV-Painter/final/round2/stage_placement_276_20260929/predictions/hll/obj_0259.png,torch.float32,raw_rgba_composited_over_white_float32
obj_0259,objaverse_f780c774cc64bff0733ec56a,llh,0.9141099452972412,/4T/CXY/MV-Painter/final/round2/stage_placement_276_20260929/predictions/llh/obj_0259.png,torch.float32,raw_rgba_composited_over_white_float32
obj_0259,objaverse_f780c774cc64bff0733ec56a,c3_lhl,0.9127857685089111,/4T/CXY/MV-Painter/final/round2/stage_placement_276_20260929/predictions/c3_lhl/obj_0259.png,torch.float32,raw_rgba_composited_over_white_float32
obj_0260,objaverse_fbb993e14373cf02355a35aa,fixed_mean,0.7594987154006958,/4T/CXY/MV-Painter/final/round2/stage_placement_276_20260929/predictions/fixed_mean/obj_0260.png,torch.float32,raw_rgba_composited_over_white_float32
obj_0260,objaverse_fbb993e14373cf02355a35aa,hll,0.7493679523468018,/4T/CXY/MV-Painter/final/round2/stage_placement_276_20260929/predictions/hll/obj_0260.png,torch.float32,raw_rgba_composited_over_white_float32
obj_0260,objaverse_fbb993e14373cf02355a35aa,llh,0.762052059173584,/4T/CXY/MV-Painter/final/round2/stage_placement_276_20260929/predictions/llh/obj_0260.png,torch.float32,raw_rgba_composited_over_white_float32
obj_0260,objaverse_fbb993e14373cf02355a35aa,c3_lhl,0.7708199620246887,/4T/CXY/MV-Painter/final/round2/stage_placement_276_20260929/predictions/c3_lhl/obj_0260.png,torch.float32,raw_rgba_composited_over_white_float32
obj_0261,objaverse_00112882389e9d9cfb8dd5fb,fixed_mean,0.9570382237434387,/4T/CXY/MV-Painter/final/round2/stage_placement_276_20260929/predictions/fixed_mean/obj_0261.png,torch.float32,raw_rgba_composited_over_white_float32
obj_0261,objaverse_00112882389e9d9cfb8dd5fb,hll,0.9519420266151428,/4T/CXY/MV-Painter/final/round2/stage_placement_276_20260929/predictions/hll/obj_0261.png,torch.float32,raw_rgba_composited_over_white_float32
obj_0261,objaverse_00112882389e9d9cfb8dd5fb,llh,0.9607703685760498,/4T/CXY/MV-Painter/final/round2/stage_placement_276_20260929/predictions/llh/obj_0261.png,torch.float32,raw_rgba_composited_over_white_float32
obj_0261,objaverse_00112882389e9d9cfb8dd5fb,c3_lhl,0.9572651386260986,/4T/CXY/MV-Painter/final/round2/stage_placement_276_20260929/predictions/c3_lhl/obj_0261.png,torch.float32,raw_rgba_composited_over_white_float32
obj_0262,abo_309b7d5fdf225b7de427,fixed_mean,0.8331075310707092,/4T/CXY/MV-Painter/final/round2/stage_placement_276_20260929/predictions/fixed_mean/obj_0262.png,torch.float32,raw_rgba_composited_over_white_float32
obj_0262,abo_309b7d5fdf225b7de427,hll,0.8155553340911865,/4T/CXY/MV-Painter/final/round2/stage_placement_276_20260929/predictions/hll/obj_0262.png,torch.float32,raw_rgba_composited_over_white_float32
obj_0262,abo_309b7d5fdf225b7de427,llh,0.843024492263794,/4T/CXY/MV-Painter/final/round2/stage_placement_276_20260929/predictions/llh/obj_0262.png,torch.float32,raw_rgba_composited_over_white_float32
obj_0262,abo_309b7d5fdf225b7de427,c3_lhl,0.845165491104126,/4T/CXY/MV-Painter/final/round2/stage_placement_276_20260929/predictions/c3_lhl/obj_0262.png,torch.float32,raw_rgba_composited_over_white_float32
obj_0263,objaverse_f2ea5ebc8f13c88db11c406d,fixed_mean,0.8680760860443115,/4T/CXY/MV-Painter/final/round2/stage_placement_276_20260929/predictions/fixed_mean/obj_0263.png,torch.float32,raw_rgba_composited_over_white_float32
obj_0263,objaverse_f2ea5ebc8f13c88db11c406d,hll,0.8594221472740173,/4T/CXY/MV-Painter/final/round2/stage_placement_276_20260929/predictions/hll/obj_0263.png,torch.float32,raw_rgba_composited_over_white_float32
obj_0263,objaverse_f2ea5ebc8f13c88db11c406d,llh,0.8748393058776855,/4T/CXY/MV-Painter/final/round2/stage_placement_276_20260929/predictions/llh/obj_0263.png,torch.float32,raw_rgba_composited_over_white_float32
obj_0263,objaverse_f2ea5ebc8f13c88db11c406d,c3_lhl,0.8739805817604065,/4T/CXY/MV-Painter/final/round2/stage_placement_276_20260929/predictions/c3_lhl/obj_0263.png,torch.float32,raw_rgba_composited_over_white_float32
obj_0264,objaverse_a886d441c094d2a1ce4c392c,fixed_mean,0.8853339552879333,/4T/CXY/MV-Painter/final/round2/stage_placement_276_20260929/predictions/fixed_mean/obj_0264.png,torch.float32,raw_rgba_composited_over_white_float32
obj_0264,objaverse_a886d441c094d2a1ce4c392c,hll,0.8786324858665466,/4T/CXY/MV-Painter/final/round2/stage_placement_276_20260929/predictions/hll/obj_0264.png,torch.float32,raw_rgba_composited_over_white_float32
obj_0264,objaverse_a886d441c094d2a1ce4c392c,llh,0.8913248777389526,/4T/CXY/MV-Painter/final/round2/stage_placement_276_20260929/predictions/llh/obj_0264.png,torch.float32,raw_rgba_composited_over_white_float32
obj_0264,objaverse_a886d441c094d2a1ce4c392c,c3_lhl,0.886737585067749,/4T/CXY/MV-Painter/final/round2/stage_placement_276_20260929/predictions/c3_lhl/obj_0264.png,torch.float32,raw_rgba_composited_over_white_float32
obj_0265,objaverse_fe110efcf008ffa2bd589c20,fixed_mean,0.8335278034210205,/4T/CXY/MV-Painter/final/round2/stage_placement_276_20260929/predictions/fixed_mean/obj_0265.png,torch.float32,raw_rgba_composited_over_white_float32
obj_0265,objaverse_fe110efcf008ffa2bd589c20,hll,0.8266177177429199,/4T/CXY/MV-Painter/final/round2/stage_placement_276_20260929/predictions/hll/obj_0265.png,torch.float32,raw_rgba_composited_over_white_float32
obj_0265,objaverse_fe110efcf008ffa2bd589c20,llh,0.8422048091888428,/4T/CXY/MV-Painter/final/round2/stage_placement_276_20260929/predictions/llh/obj_0265.png,torch.float32,raw_rgba_composited_over_white_float32
obj_0265,objaverse_fe110efcf008ffa2bd589c20,c3_lhl,0.8347480893135071,/4T/CXY/MV-Painter/final/round2/stage_placement_276_20260929/predictions/c3_lhl/obj_0265.png,torch.float32,raw_rgba_composited_over_white_float32
obj_0266,objaverse_ef46c4dbde045e80a84c859e,fixed_mean,0.8641600012779236,/4T/CXY/MV-Painter/final/round2/stage_placement_276_20260929/predictions/fixed_mean/obj_0266.png,torch.float32,raw_rgba_composited_over_white_float32
obj_0266,objaverse_ef46c4dbde045e80a84c859e,hll,0.8382785320281982,/4T/CXY/MV-Painter/final/round2/stage_placement_276_20260929/predictions/hll/obj_0266.png,torch.float32,raw_rgba_composited_over_white_float32
obj_0266,objaverse_ef46c4dbde045e80a84c859e,llh,0.8784511089324951,/4T/CXY/MV-Painter/final/round2/stage_placement_276_20260929/predictions/llh/obj_0266.png,torch.float32,raw_rgba_composited_over_white_float32
obj_0266,objaverse_ef46c4dbde045e80a84c859e,c3_lhl,0.8766278624534607,/4T/CXY/MV-Painter/final/round2/stage_placement_276_20260929/predictions/c3_lhl/obj_0266.png,torch.float32,raw_rgba_composited_over_white_float32
obj_0267,objaverse_e2264cfe316abdd9403f348b,fixed_mean,0.9178578853607178,/4T/CXY/MV-Painter/final/round2/stage_placement_276_20260929/predictions/fixed_mean/obj_0267.png,torch.float32,raw_rgba_composited_over_white_float32
obj_0267,objaverse_e2264cfe316abdd9403f348b,hll,0.9140560626983643,/4T/CXY/MV-Painter/final/round2/stage_placement_276_20260929/predictions/hll/obj_0267.png,torch.float32,raw_rgba_composited_over_white_float32
obj_0267,objaverse_e2264cfe316abdd9403f348b,llh,0.921579122543335,/4T/CXY/MV-Painter/final/round2/stage_placement_276_20260929/predictions/llh/obj_0267.png,torch.float32,raw_rgba_composited_over_white_float32
obj_0267,objaverse_e2264cfe316abdd9403f348b,c3_lhl,0.9182122349739075,/4T/CXY/MV-Painter/final/round2/stage_placement_276_20260929/predictions/c3_lhl/obj_0267.png,torch.float32,raw_rgba_composited_over_white_float32
obj_0268,objaverse_913e64e6e1e32f333ba99112,fixed_mean,0.8952236175537109,/4T/CXY/MV-Painter/final/round2/stage_placement_276_20260929/predictions/fixed_mean/obj_0268.png,torch.float32,raw_rgba_composited_over_white_float32
obj_0268,objaverse_913e64e6e1e32f333ba99112,hll,0.8899385929107666,/4T/CXY/MV-Painter/final/round2/stage_placement_276_20260929/predictions/hll/obj_0268.png,torch.float32,raw_rgba_composited_over_white_float32
obj_0268,objaverse_913e64e6e1e32f333ba99112,llh,0.8999859690666199,/4T/CXY/MV-Painter/final/round2/stage_placement_276_20260929/predictions/llh/obj_0268.png,torch.float32,raw_rgba_composited_over_white_float32
obj_0268,objaverse_913e64e6e1e32f333ba99112,c3_lhl,0.89745032787323,/4T/CXY/MV-Painter/final/round2/stage_placement_276_20260929/predictions/c3_lhl/obj_0268.png,torch.float32,raw_rgba_composited_over_white_float32
obj_0269,abo_11c324fcbca9819d7c5f,fixed_mean,0.8838133811950684,/4T/CXY/MV-Painter/final/round2/stage_placement_276_20260929/predictions/fixed_mean/obj_0269.png,torch.float32,raw_rgba_composited_over_white_float32
obj_0269,abo_11c324fcbca9819d7c5f,hll,0.8723700046539307,/4T/CXY/MV-Painter/final/round2/stage_placement_276_20260929/predictions/hll/obj_0269.png,torch.float32,raw_rgba_composited_over_white_float32
obj_0269,abo_11c324fcbca9819d7c5f,llh,0.8918479084968567,/4T/CXY/MV-Painter/final/round2/stage_placement_276_20260929/predictions/llh/obj_0269.png,torch.float32,raw_rgba_composited_over_white_float32
obj_0269,abo_11c324fcbca9819d7c5f,c3_lhl,0.8881794214248657,/4T/CXY/MV-Painter/final/round2/stage_placement_276_20260929/predictions/c3_lhl/obj_0269.png,torch.float32,raw_rgba_composited_over_white_float32
obj_0270,objaverse_e14facee7db93b414317056d,fixed_mean,0.7887211441993713,/4T/CXY/MV-Painter/final/round2/stage_placement_276_20260929/predictions/fixed_mean/obj_0270.png,torch.float32,raw_rgba_composited_over_white_float32
obj_0270,objaverse_e14facee7db93b414317056d,hll,0.7730175256729126,/4T/CXY/MV-Painter/final/round2/stage_placement_276_20260929/predictions/hll/obj_0270.png,torch.float32,raw_rgba_composited_over_white_float32
obj_0270,objaverse_e14facee7db93b414317056d,llh,0.7969784140586853,/4T/CXY/MV-Painter/final/round2/stage_placement_276_20260929/predictions/llh/obj_0270.png,torch.float32,raw_rgba_composited_over_white_float32
obj_0270,objaverse_e14facee7db93b414317056d,c3_lhl,0.7957257032394409,/4T/CXY/MV-Painter/final/round2/stage_placement_276_20260929/predictions/c3_lhl/obj_0270.png,torch.float32,raw_rgba_composited_over_white_float32
obj_0271,objaverse_fc96b912ef0258d80f012322,fixed_mean,0.9796481728553772,/4T/CXY/MV-Painter/final/round2/stage_placement_276_20260929/predictions/fixed_mean/obj_0271.png,torch.float32,raw_rgba_composited_over_white_float32
obj_0271,objaverse_fc96b912ef0258d80f012322,hll,0.9747253060340881,/4T/CXY/MV-Painter/final/round2/stage_placement_276_20260929/predictions/hll/obj_0271.png,torch.float32,raw_rgba_composited_over_white_float32
obj_0271,objaverse_fc96b912ef0258d80f012322,llh,0.9816179275512695,/4T/CXY/MV-Painter/final/round2/stage_placement_276_20260929/predictions/llh/obj_0271.png,torch.float32,raw_rgba_composited_over_white_float32
obj_0271,objaverse_fc96b912ef0258d80f012322,c3_lhl,0.9797428846359253,/4T/CXY/MV-Painter/final/round2/stage_placement_276_20260929/predictions/c3_lhl/obj_0271.png,torch.float32,raw_rgba_composited_over_white_float32
obj_0272,objaverse_ddbb1792330ba90235fcbcce,fixed_mean,0.8185268044471741,/4T/CXY/MV-Painter/final/round2/stage_placement_276_20260929/predictions/fixed_mean/obj_0272.png,torch.float32,raw_rgba_composited_over_white_float32
obj_0272,objaverse_ddbb1792330ba90235fcbcce,hll,0.8078526258468628,/4T/CXY/MV-Painter/final/round2/stage_placement_276_20260929/predictions/hll/obj_0272.png,torch.float32,raw_rgba_composited_over_white_float32
obj_0272,objaverse_ddbb1792330ba90235fcbcce,llh,0.8229981660842896,/4T/CXY/MV-Painter/final/round2/stage_placement_276_20260929/predictions/llh/obj_0272.png,torch.float32,raw_rgba_composited_over_white_float32
obj_0272,objaverse_ddbb1792330ba90235fcbcce,c3_lhl,0.8229352831840515,/4T/CXY/MV-Painter/final/round2/stage_placement_276_20260929/predictions/c3_lhl/obj_0272.png,torch.float32,raw_rgba_composited_over_white_float32
obj_0273,objaverse_fd236fb907c03156e2e42a59,fixed_mean,0.8838637471199036,/4T/CXY/MV-Painter/final/round2/stage_placement_276_20260929/predictions/fixed_mean/obj_0273.png,torch.float32,raw_rgba_composited_over_white_float32
obj_0273,objaverse_fd236fb907c03156e2e42a59,hll,0.8673465251922607,/4T/CXY/MV-Painter/final/round2/stage_placement_276_20260929/predictions/hll/obj_0273.png,torch.float32,raw_rgba_composited_over_white_float32
obj_0273,objaverse_fd236fb907c03156e2e42a59,llh,0.8910811543464661,/4T/CXY/MV-Painter/final/round2/stage_placement_276_20260929/predictions/llh/obj_0273.png,torch.float32,raw_rgba_composited_over_white_float32
obj_0273,objaverse_fd236fb907c03156e2e42a59,c3_lhl,0.887321949005127,/4T/CXY/MV-Painter/final/round2/stage_placement_276_20260929/predictions/c3_lhl/obj_0273.png,torch.float32,raw_rgba_composited_over_white_float32
obj_0274,objaverse_ce28d4f674a62b8244c2099b,fixed_mean,0.8220635652542114,/4T/CXY/MV-Painter/final/round2/stage_placement_276_20260929/predictions/fixed_mean/obj_0274.png,torch.float32,raw_rgba_composited_over_white_float32
obj_0274,objaverse_ce28d4f674a62b8244c2099b,hll,0.8033407926559448,/4T/CXY/MV-Painter/final/round2/stage_placement_276_20260929/predictions/hll/obj_0274.png,torch.float32,raw_rgba_composited_over_white_float32
obj_0274,objaverse_ce28d4f674a62b8244c2099b,llh,0.8347681164741516,/4T/CXY/MV-Painter/final/round2/stage_placement_276_20260929/predictions/llh/obj_0274.png,torch.float32,raw_rgba_composited_over_white_float32
obj_0274,objaverse_ce28d4f674a62b8244c2099b,c3_lhl,0.8332725167274475,/4T/CXY/MV-Painter/final/round2/stage_placement_276_20260929/predictions/c3_lhl/obj_0274.png,torch.float32,raw_rgba_composited_over_white_float32
obj_0275,objaverse_fbb7f2c78bfda799499df9ab,fixed_mean,0.8925768733024597,/4T/CXY/MV-Painter/final/round2/stage_placement_276_20260929/predictions/fixed_mean/obj_0275.png,torch.float32,raw_rgba_composited_over_white_float32
obj_0275,objaverse_fbb7f2c78bfda799499df9ab,hll,0.8849453330039978,/4T/CXY/MV-Painter/final/round2/stage_placement_276_20260929/predictions/hll/obj_0275.png,torch.float32,raw_rgba_composited_over_white_float32
obj_0275,objaverse_fbb7f2c78bfda799499df9ab,llh,0.8980988264083862,/4T/CXY/MV-Painter/final/round2/stage_placement_276_20260929/predictions/llh/obj_0275.png,torch.float32,raw_rgba_composited_over_white_float32
obj_0275,objaverse_fbb7f2c78bfda799499df9ab,c3_lhl,0.8940707445144653,/4T/CXY/MV-Painter/final/round2/stage_placement_276_20260929/predictions/c3_lhl/obj_0275.png,torch.float32,raw_rgba_composited_over_white_float32
obj_0276,objaverse_e2fd8f0414fdfbfb5108af68,fixed_mean,0.8622657656669617,/4T/CXY/MV-Painter/final/round2/stage_placement_276_20260929/predictions/fixed_mean/obj_0276.png,torch.float32,raw_rgba_composited_over_white_float32
obj_0276,objaverse_e2fd8f0414fdfbfb5108af68,hll,0.8450615406036377,/4T/CXY/MV-Painter/final/round2/stage_placement_276_20260929/predictions/hll/obj_0276.png,torch.float32,raw_rgba_composited_over_white_float32
obj_0276,objaverse_e2fd8f0414fdfbfb5108af68,llh,0.8682687282562256,/4T/CXY/MV-Painter/final/round2/stage_placement_276_20260929/predictions/llh/obj_0276.png,torch.float32,raw_rgba_composited_over_white_float32
obj_0276,objaverse_e2fd8f0414fdfbfb5108af68,c3_lhl,0.8699381351470947,/4T/CXY/MV-Painter/final/round2/stage_placement_276_20260929/predictions/c3_lhl/obj_0276.png,torch.float32,raw_rgba_composited_over_white_float32
obj_0277,objaverse_57878861e9ce4a3d78f05812,fixed_mean,0.8425407409667969,/4T/CXY/MV-Painter/final/round2/stage_placement_276_20260929/predictions/fixed_mean/obj_0277.png,torch.float32,raw_rgba_composited_over_white_float32
obj_0277,objaverse_57878861e9ce4a3d78f05812,hll,0.8205664157867432,/4T/CXY/MV-Painter/final/round2/stage_placement_276_20260929/predictions/hll/obj_0277.png,torch.float32,raw_rgba_composited_over_white_float32
obj_0277,objaverse_57878861e9ce4a3d78f05812,llh,0.8538296222686768,/4T/CXY/MV-Painter/final/round2/stage_placement_276_20260929/predictions/llh/obj_0277.png,torch.float32,raw_rgba_composited_over_white_float32
obj_0277,objaverse_57878861e9ce4a3d78f05812,c3_lhl,0.8540349006652832,/4T/CXY/MV-Painter/final/round2/stage_placement_276_20260929/predictions/c3_lhl/obj_0277.png,torch.float32,raw_rgba_composited_over_white_float32
obj_0278,objaverse_e2697f31100695c717ca6203,fixed_mean,0.905283510684967,/4T/CXY/MV-Painter/final/round2/stage_placement_276_20260929/predictions/fixed_mean/obj_0278.png,torch.float32,raw_rgba_composited_over_white_float32
obj_0278,objaverse_e2697f31100695c717ca6203,hll,0.8906192779541016,/4T/CXY/MV-Painter/final/round2/stage_placement_276_20260929/predictions/hll/obj_0278.png,torch.float32,raw_rgba_composited_over_white_float32
obj_0278,objaverse_e2697f31100695c717ca6203,llh,0.9126518964767456,/4T/CXY/MV-Painter/final/round2/stage_placement_276_20260929/predictions/llh/obj_0278.png,torch.float32,raw_rgba_composited_over_white_float32
obj_0278,objaverse_e2697f31100695c717ca6203,c3_lhl,0.9073091149330139,/4T/CXY/MV-Painter/final/round2/stage_placement_276_20260929/predictions/c3_lhl/obj_0278.png,torch.float32,raw_rgba_composited_over_white_float32
obj_0279,objaverse_5d4c49871df501b73f4b3fff,fixed_mean,0.9358055591583252,/4T/CXY/MV-Painter/final/round2/stage_placement_276_20260929/predictions/fixed_mean/obj_0279.png,torch.float32,raw_rgba_composited_over_white_float32
obj_0279,objaverse_5d4c49871df501b73f4b3fff,hll,0.932245135307312,/4T/CXY/MV-Painter/final/round2/stage_placement_276_20260929/predictions/hll/obj_0279.png,torch.float32,raw_rgba_composited_over_white_float32
obj_0279,objaverse_5d4c49871df501b73f4b3fff,llh,0.9388848543167114,/4T/CXY/MV-Painter/final/round2/stage_placement_276_20260929/predictions/llh/obj_0279.png,torch.float32,raw_rgba_composited_over_white_float32
obj_0279,objaverse_5d4c49871df501b73f4b3fff,c3_lhl,0.9362866878509521,/4T/CXY/MV-Painter/final/round2/stage_placement_276_20260929/predictions/c3_lhl/obj_0279.png,torch.float32,raw_rgba_composited_over_white_float32
obj_0280,objaverse_90b2ef794601a80bfac3c90a,fixed_mean,0.8027513027191162,/4T/CXY/MV-Painter/final/round2/stage_placement_276_20260929/predictions/fixed_mean/obj_0280.png,torch.float32,raw_rgba_composited_over_white_float32
obj_0280,objaverse_90b2ef794601a80bfac3c90a,hll,0.7927511930465698,/4T/CXY/MV-Painter/final/round2/stage_placement_276_20260929/predictions/hll/obj_0280.png,torch.float32,raw_rgba_composited_over_white_float32
obj_0280,objaverse_90b2ef794601a80bfac3c90a,llh,0.8087491393089294,/4T/CXY/MV-Painter/final/round2/stage_placement_276_20260929/predictions/llh/obj_0280.png,torch.float32,raw_rgba_composited_over_white_float32
obj_0280,objaverse_90b2ef794601a80bfac3c90a,c3_lhl,0.8087816834449768,/4T/CXY/MV-Painter/final/round2/stage_placement_276_20260929/predictions/c3_lhl/obj_0280.png,torch.float32,raw_rgba_composited_over_white_float32
obj_0281,objaverse_e7d0491a5db4294e71f63de0,fixed_mean,0.9077416658401489,/4T/CXY/MV-Painter/final/round2/stage_placement_276_20260929/predictions/fixed_mean/obj_0281.png,torch.float32,raw_rgba_composited_over_white_float32
obj_0281,objaverse_e7d0491a5db4294e71f63de0,hll,0.8952102661132812,/4T/CXY/MV-Painter/final/round2/stage_placement_276_20260929/predictions/hll/obj_0281.png,torch.float32,raw_rgba_composited_over_white_float32
obj_0281,objaverse_e7d0491a5db4294e71f63de0,llh,0.913345217704773,/4T/CXY/MV-Painter/final/round2/stage_placement_276_20260929/predictions/llh/obj_0281.png,torch.float32,raw_rgba_composited_over_white_float32
obj_0281,objaverse_e7d0491a5db4294e71f63de0,c3_lhl,0.9109946489334106,/4T/CXY/MV-Painter/final/round2/stage_placement_276_20260929/predictions/c3_lhl/obj_0281.png,torch.float32,raw_rgba_composited_over_white_float32
obj_0282,objaverse_280ce98db7e1e8c2647e3fde,fixed_mean,0.9486344456672668,/4T/CXY/MV-Painter/final/round2/stage_placement_276_20260929/predictions/fixed_mean/obj_0282.png,torch.float32,raw_rgba_composited_over_white_float32
obj_0282,objaverse_280ce98db7e1e8c2647e3fde,hll,0.9443499445915222,/4T/CXY/MV-Painter/final/round2/stage_placement_276_20260929/predictions/hll/obj_0282.png,torch.float32,raw_rgba_composited_over_white_float32
obj_0282,objaverse_280ce98db7e1e8c2647e3fde,llh,0.9523831605911255,/4T/CXY/MV-Painter/final/round2/stage_placement_276_20260929/predictions/llh/obj_0282.png,torch.float32,raw_rgba_composited_over_white_float32
obj_0282,objaverse_280ce98db7e1e8c2647e3fde,c3_lhl,0.9485804438591003,/4T/CXY/MV-Painter/final/round2/stage_placement_276_20260929/predictions/c3_lhl/obj_0282.png,torch.float32,raw_rgba_composited_over_white_float32
obj_0283,abo_36624dce7427c34335bf,fixed_mean,0.8096151947975159,/4T/CXY/MV-Painter/final/round2/stage_placement_276_20260929/predictions/fixed_mean/obj_0283.png,torch.float32,raw_rgba_composited_over_white_float32
obj_0283,abo_36624dce7427c34335bf,hll,0.7914737462997437,/4T/CXY/MV-Painter/final/round2/stage_placement_276_20260929/predictions/hll/obj_0283.png,torch.float32,raw_rgba_composited_over_white_float32
obj_0283,abo_36624dce7427c34335bf,llh,0.8230374455451965,/4T/CXY/MV-Painter/final/round2/stage_placement_276_20260929/predictions/llh/obj_0283.png,torch.float32,raw_rgba_composited_over_white_float32
obj_0283,abo_36624dce7427c34335bf,c3_lhl,0.8261193037033081,/4T/CXY/MV-Painter/final/round2/stage_placement_276_20260929/predictions/c3_lhl/obj_0283.png,torch.float32,raw_rgba_composited_over_white_float32
obj_0284,objaverse_c7fb9c323e3080bbb46d7aeb,fixed_mean,0.8894819617271423,/4T/CXY/MV-Painter/final/round2/stage_placement_276_20260929/predictions/fixed_mean/obj_0284.png,torch.float32,raw_rgba_composited_over_white_float32
obj_0284,objaverse_c7fb9c323e3080bbb46d7aeb,hll,0.884135365486145,/4T/CXY/MV-Painter/final/round2/stage_placement_276_20260929/predictions/hll/obj_0284.png,torch.float32,raw_rgba_composited_over_white_float32
obj_0284,objaverse_c7fb9c323e3080bbb46d7aeb,llh,0.8920292258262634,/4T/CXY/MV-Painter/final/round2/stage_placement_276_20260929/predictions/llh/obj_0284.png,torch.float32,raw_rgba_composited_over_white_float32
obj_0284,objaverse_c7fb9c323e3080bbb46d7aeb,c3_lhl,0.8880837559700012,/4T/CXY/MV-Painter/final/round2/stage_placement_276_20260929/predictions/c3_lhl/obj_0284.png,torch.float32,raw_rgba_composited_over_white_float32
obj_0285,objaverse_1b974ccd68b16dc43b7c94c3,fixed_mean,0.8652136921882629,/4T/CXY/MV-Painter/final/round2/stage_placement_276_20260929/predictions/fixed_mean/obj_0285.png,torch.float32,raw_rgba_composited_over_white_float32
obj_0285,objaverse_1b974ccd68b16dc43b7c94c3,hll,0.8503420352935791,/4T/CXY/MV-Painter/final/round2/stage_placement_276_20260929/predictions/hll/obj_0285.png,torch.float32,raw_rgba_composited_over_white_float32
obj_0285,objaverse_1b974ccd68b16dc43b7c94c3,llh,0.874540388584137,/4T/CXY/MV-Painter/final/round2/stage_placement_276_20260929/predictions/llh/obj_0285.png,torch.float32,raw_rgba_composited_over_white_float32
obj_0285,objaverse_1b974ccd68b16dc43b7c94c3,c3_lhl,0.8742550611495972,/4T/CXY/MV-Painter/final/round2/stage_placement_276_20260929/predictions/c3_lhl/obj_0285.png,torch.float32,raw_rgba_composited_over_white_float32
obj_0286,objaverse_74ce528e349cfb4771ac0a79,fixed_mean,0.8276671171188354,/4T/CXY/MV-Painter/final/round2/stage_placement_276_20260929/predictions/fixed_mean/obj_0286.png,torch.float32,raw_rgba_composited_over_white_float32
obj_0286,objaverse_74ce528e349cfb4771ac0a79,hll,0.8150231242179871,/4T/CXY/MV-Painter/final/round2/stage_placement_276_20260929/predictions/hll/obj_0286.png,torch.float32,raw_rgba_composited_over_white_float32
obj_0286,objaverse_74ce528e349cfb4771ac0a79,llh,0.8353903293609619,/4T/CXY/MV-Painter/final/round2/stage_placement_276_20260929/predictions/llh/obj_0286.png,torch.float32,raw_rgba_composited_over_white_float32
obj_0286,objaverse_74ce528e349cfb4771ac0a79,c3_lhl,0.8353281021118164,/4T/CXY/MV-Painter/final/round2/stage_placement_276_20260929/predictions/c3_lhl/obj_0286.png,torch.float32,raw_rgba_composited_over_white_float32
obj_0287,objaverse_9080e6baa360e8394a3ef265,fixed_mean,0.9074736833572388,/4T/CXY/MV-Painter/final/round2/stage_placement_276_20260929/predictions/fixed_mean/obj_0287.png,torch.float32,raw_rgba_composited_over_white_float32
obj_0287,objaverse_9080e6baa360e8394a3ef265,hll,0.8943805694580078,/4T/CXY/MV-Painter/final/round2/stage_placement_276_20260929/predictions/hll/obj_0287.png,torch.float32,raw_rgba_composited_over_white_float32
obj_0287,objaverse_9080e6baa360e8394a3ef265,llh,0.9176965355873108,/4T/CXY/MV-Painter/final/round2/stage_placement_276_20260929/predictions/llh/obj_0287.png,torch.float32,raw_rgba_composited_over_white_float32
obj_0287,objaverse_9080e6baa360e8394a3ef265,c3_lhl,0.9111804962158203,/4T/CXY/MV-Painter/final/round2/stage_placement_276_20260929/predictions/c3_lhl/obj_0287.png,torch.float32,raw_rgba_composited_over_white_float32
obj_0288,objaverse_25d571ff1f2793206831f6ce,fixed_mean,0.8107621669769287,/4T/CXY/MV-Painter/final/round2/stage_placement_276_20260929/predictions/fixed_mean/obj_0288.png,torch.float32,raw_rgba_composited_over_white_float32
obj_0288,objaverse_25d571ff1f2793206831f6ce,hll,0.7894637584686279,/4T/CXY/MV-Painter/final/round2/stage_placement_276_20260929/predictions/hll/obj_0288.png,torch.float32,raw_rgba_composited_over_white_float32
obj_0288,objaverse_25d571ff1f2793206831f6ce,llh,0.8268749713897705,/4T/CXY/MV-Painter/final/round2/stage_placement_276_20260929/predictions/llh/obj_0288.png,torch.float32,raw_rgba_composited_over_white_float32
obj_0288,objaverse_25d571ff1f2793206831f6ce,c3_lhl,0.8316717147827148,/4T/CXY/MV-Painter/final/round2/stage_placement_276_20260929/predictions/c3_lhl/obj_0288.png,torch.float32,raw_rgba_composited_over_white_float32
obj_0289,objaverse_892824ec80cf49cad7b87674,fixed_mean,0.8067607879638672,/4T/CXY/MV-Painter/final/round2/stage_placement_276_20260929/predictions/fixed_mean/obj_0289.png,torch.float32,raw_rgba_composited_over_white_float32
obj_0289,objaverse_892824ec80cf49cad7b87674,hll,0.7886550426483154,/4T/CXY/MV-Painter/final/round2/stage_placement_276_20260929/predictions/hll/obj_0289.png,torch.float32,raw_rgba_composited_over_white_float32
obj_0289,objaverse_892824ec80cf49cad7b87674,llh,0.8158804178237915,/4T/CXY/MV-Painter/final/round2/stage_placement_276_20260929/predictions/llh/obj_0289.png,torch.float32,raw_rgba_composited_over_white_float32
obj_0289,objaverse_892824ec80cf49cad7b87674,c3_lhl,0.8248555660247803,/4T/CXY/MV-Painter/final/round2/stage_placement_276_20260929/predictions/c3_lhl/obj_0289.png,torch.float32,raw_rgba_composited_over_white_float32
obj_0290,objaverse_53d6d7d0dabed1e0521db6d7,fixed_mean,0.8340747952461243,/4T/CXY/MV-Painter/final/round2/stage_placement_276_20260929/predictions/fixed_mean/obj_0290.png,torch.float32,raw_rgba_composited_over_white_float32
obj_0290,objaverse_53d6d7d0dabed1e0521db6d7,hll,0.814264714717865,/4T/CXY/MV-Painter/final/round2/stage_placement_276_20260929/predictions/hll/obj_0290.png,torch.float32,raw_rgba_composited_over_white_float32
obj_0290,objaverse_53d6d7d0dabed1e0521db6d7,llh,0.8504221439361572,/4T/CXY/MV-Painter/final/round2/stage_placement_276_20260929/predictions/llh/obj_0290.png,torch.float32,raw_rgba_composited_over_white_float32
obj_0290,objaverse_53d6d7d0dabed1e0521db6d7,c3_lhl,0.8488181829452515,/4T/CXY/MV-Painter/final/round2/stage_placement_276_20260929/predictions/c3_lhl/obj_0290.png,torch.float32,raw_rgba_composited_over_white_float32
obj_0291,objaverse_115af54926673ce93cf4e22a,fixed_mean,0.9125949144363403,/4T/CXY/MV-Painter/final/round2/stage_placement_276_20260929/predictions/fixed_mean/obj_0291.png,torch.float32,raw_rgba_composited_over_white_float32
obj_0291,objaverse_115af54926673ce93cf4e22a,hll,0.899552047252655,/4T/CXY/MV-Painter/final/round2/stage_placement_276_20260929/predictions/hll/obj_0291.png,torch.float32,raw_rgba_composited_over_white_float32
obj_0291,objaverse_115af54926673ce93cf4e22a,llh,0.9199149012565613,/4T/CXY/MV-Painter/final/round2/stage_placement_276_20260929/predictions/llh/obj_0291.png,torch.float32,raw_rgba_composited_over_white_float32
obj_0291,objaverse_115af54926673ce93cf4e22a,c3_lhl,0.9158253073692322,/4T/CXY/MV-Painter/final/round2/stage_placement_276_20260929/predictions/c3_lhl/obj_0291.png,torch.float32,raw_rgba_composited_over_white_float32
obj_0292,objaverse_723949246b714ebcd45cb990,fixed_mean,0.8039863109588623,/4T/CXY/MV-Painter/final/round2/stage_placement_276_20260929/predictions/fixed_mean/obj_0292.png,torch.float32,raw_rgba_composited_over_white_float32
obj_0292,objaverse_723949246b714ebcd45cb990,hll,0.7900545001029968,/4T/CXY/MV-Painter/final/round2/stage_placement_276_20260929/predictions/hll/obj_0292.png,torch.float32,raw_rgba_composited_over_white_float32
obj_0292,objaverse_723949246b714ebcd45cb990,llh,0.8139597773551941,/4T/CXY/MV-Painter/final/round2/stage_placement_276_20260929/predictions/llh/obj_0292.png,torch.float32,raw_rgba_composited_over_white_float32
obj_0292,objaverse_723949246b714ebcd45cb990,c3_lhl,0.8127403855323792,/4T/CXY/MV-Painter/final/round2/stage_placement_276_20260929/predictions/c3_lhl/obj_0292.png,torch.float32,raw_rgba_composited_over_white_float32
obj_0293,objaverse_7385147beb2530d2306f12a2,fixed_mean,0.9541866779327393,/4T/CXY/MV-Painter/final/round2/stage_placement_276_20260929/predictions/fixed_mean/obj_0293.png,torch.float32,raw_rgba_composited_over_white_float32
obj_0293,objaverse_7385147beb2530d2306f12a2,hll,0.9502041935920715,/4T/CXY/MV-Painter/final/round2/stage_placement_276_20260929/predictions/hll/obj_0293.png,torch.float32,raw_rgba_composited_over_white_float32
obj_0293,objaverse_7385147beb2530d2306f12a2,llh,0.9569902420043945,/4T/CXY/MV-Painter/final/round2/stage_placement_276_20260929/predictions/llh/obj_0293.png,torch.float32,raw_rgba_composited_over_white_float32
obj_0293,objaverse_7385147beb2530d2306f12a2,c3_lhl,0.9545730948448181,/4T/CXY/MV-Painter/final/round2/stage_placement_276_20260929/predictions/c3_lhl/obj_0293.png,torch.float32,raw_rgba_composited_over_white_float32
obj_0294,abo_1afd3907ebff2408cf38,fixed_mean,0.8833552002906799,/4T/CXY/MV-Painter/final/round2/stage_placement_276_20260929/predictions/fixed_mean/obj_0294.png,torch.float32,raw_rgba_composited_over_white_float32
obj_0294,abo_1afd3907ebff2408cf38,hll,0.8704173564910889,/4T/CXY/MV-Painter/final/round2/stage_placement_276_20260929/predictions/hll/obj_0294.png,torch.float32,raw_rgba_composited_over_white_float32
obj_0294,abo_1afd3907ebff2408cf38,llh,0.8922978639602661,/4T/CXY/MV-Painter/final/round2/stage_placement_276_20260929/predictions/llh/obj_0294.png,torch.float32,raw_rgba_composited_over_white_float32
obj_0294,abo_1afd3907ebff2408cf38,c3_lhl,0.8922019600868225,/4T/CXY/MV-Painter/final/round2/stage_placement_276_20260929/predictions/c3_lhl/obj_0294.png,torch.float32,raw_rgba_composited_over_white_float32
obj_0295,objaverse_6e98d33976e4c28bd7597749,fixed_mean,0.8159871697425842,/4T/CXY/MV-Painter/final/round2/stage_placement_276_20260929/predictions/fixed_mean/obj_0295.png,torch.float32,raw_rgba_composited_over_white_float32
obj_0295,objaverse_6e98d33976e4c28bd7597749,hll,0.806602954864502,/4T/CXY/MV-Painter/final/round2/stage_placement_276_20260929/predictions/hll/obj_0295.png,torch.float32,raw_rgba_composited_over_white_float32
obj_0295,objaverse_6e98d33976e4c28bd7597749,llh,0.8313503265380859,/4T/CXY/MV-Painter/final/round2/stage_placement_276_20260929/predictions/llh/obj_0295.png,torch.float32,raw_rgba_composited_over_white_float32
obj_0295,objaverse_6e98d33976e4c28bd7597749,c3_lhl,0.8272696137428284,/4T/CXY/MV-Painter/final/round2/stage_placement_276_20260929/predictions/c3_lhl/obj_0295.png,torch.float32,raw_rgba_composited_over_white_float32
obj_0296,local_kenney_cc0_increment_1b42b8af6b882eb2d7744147,fixed_mean,0.8132257461547852,/4T/CXY/MV-Painter/final/round2/stage_placement_276_20260929/predictions/fixed_mean/obj_0296.png,torch.float32,raw_rgba_composited_over_white_float32
obj_0296,local_kenney_cc0_increment_1b42b8af6b882eb2d7744147,hll,0.8025639057159424,/4T/CXY/MV-Painter/final/round2/stage_placement_276_20260929/predictions/hll/obj_0296.png,torch.float32,raw_rgba_composited_over_white_float32
obj_0296,local_kenney_cc0_increment_1b42b8af6b882eb2d7744147,llh,0.8200168013572693,/4T/CXY/MV-Painter/final/round2/stage_placement_276_20260929/predictions/llh/obj_0296.png,torch.float32,raw_rgba_composited_over_white_float32
obj_0296,local_kenney_cc0_increment_1b42b8af6b882eb2d7744147,c3_lhl,0.8213501572608948,/4T/CXY/MV-Painter/final/round2/stage_placement_276_20260929/predictions/c3_lhl/obj_0296.png,torch.float32,raw_rgba_composited_over_white_float32
obj_0297,abo_31b42ad500d4b7d7d9d9,fixed_mean,0.9044055938720703,/4T/CXY/MV-Painter/final/round2/stage_placement_276_20260929/predictions/fixed_mean/obj_0297.png,torch.float32,raw_rgba_composited_over_white_float32
obj_0297,abo_31b42ad500d4b7d7d9d9,hll,0.8938999176025391,/4T/CXY/MV-Painter/final/round2/stage_placement_276_20260929/predictions/hll/obj_0297.png,torch.float32,raw_rgba_composited_over_white_float32
obj_0297,abo_31b42ad500d4b7d7d9d9,llh,0.9095377326011658,/4T/CXY/MV-Painter/final/round2/stage_placement_276_20260929/predictions/llh/obj_0297.png,torch.float32,raw_rgba_composited_over_white_float32
obj_0297,abo_31b42ad500d4b7d7d9d9,c3_lhl,0.9056432247161865,/4T/CXY/MV-Painter/final/round2/stage_placement_276_20260929/predictions/c3_lhl/obj_0297.png,torch.float32,raw_rgba_composited_over_white_float32
obj_0298,objaverse_3e959b6c4ce33e6821bce5b1,fixed_mean,0.845954179763794,/4T/CXY/MV-Painter/final/round2/stage_placement_276_20260929/predictions/fixed_mean/obj_0298.png,torch.float32,raw_rgba_composited_over_white_float32
obj_0298,objaverse_3e959b6c4ce33e6821bce5b1,hll,0.8407202959060669,/4T/CXY/MV-Painter/final/round2/stage_placement_276_20260929/predictions/hll/obj_0298.png,torch.float32,raw_rgba_composited_over_white_float32
obj_0298,objaverse_3e959b6c4ce33e6821bce5b1,llh,0.8470080494880676,/4T/CXY/MV-Painter/final/round2/stage_placement_276_20260929/predictions/llh/obj_0298.png,torch.float32,raw_rgba_composited_over_white_float32
obj_0298,objaverse_3e959b6c4ce33e6821bce5b1,c3_lhl,0.8449137210845947,/4T/CXY/MV-Painter/final/round2/stage_placement_276_20260929/predictions/c3_lhl/obj_0298.png,torch.float32,raw_rgba_composited_over_white_float32
obj_0299,objaverse_8b3a52902a2702f2644e4f25,fixed_mean,0.8395243287086487,/4T/CXY/MV-Painter/final/round2/stage_placement_276_20260929/predictions/fixed_mean/obj_0299.png,torch.float32,raw_rgba_composited_over_white_float32
obj_0299,objaverse_8b3a52902a2702f2644e4f25,hll,0.8265109658241272,/4T/CXY/MV-Painter/final/round2/stage_placement_276_20260929/predictions/hll/obj_0299.png,torch.float32,raw_rgba_composited_over_white_float32
obj_0299,objaverse_8b3a52902a2702f2644e4f25,llh,0.8499104380607605,/4T/CXY/MV-Painter/final/round2/stage_placement_276_20260929/predictions/llh/obj_0299.png,torch.float32,raw_rgba_composited_over_white_float32
obj_0299,objaverse_8b3a52902a2702f2644e4f25,c3_lhl,0.8484364748001099,/4T/CXY/MV-Painter/final/round2/stage_placement_276_20260929/predictions/c3_lhl/obj_0299.png,torch.float32,raw_rgba_composited_over_white_float32
