bg_psnr,bgwhite_lpips,bgwhite_psnr,bgwhite_ssim,crop_area,crop_lpips,crop_psnr,crop_ssim,edge_fscore,edge_psnr,edge_ssim,elapsed_seconds,fg_brightness_std,fg_color_entropy,fg_grad_mag,fg_hf_energy,fg_lap_var,fg_lpips,fg_mask_corr,fg_psnr,fg_rgb_std,fg_ssim,full_lpips,full_psnr,full_ssim,gt_fg_grad_mag,gt_fg_hf_energy,gt_fg_lap_var,gt_fg_rgb_std,nef_ssim,object,object_idx,schedule,seed_base
25.707623958587646,0.2073940485715866,16.715500354766846,0.8968859910964966,0.9895833333333334,0.24802954494953156,16.23374104499817,0.8349213600158691,0.15824763476848602,11.706684827804565,0.505347490310669,8.256752967834473,0.224853515625,5.484262625376384,0.468017578125,0.27844923734664917,0.0189666748046875,0.22125893831253052,0.50390625,8.758180141448975,0.0604248046875,0.4008343517780304,0.24340671300888062,16.278204917907715,0.8359838128089905,0.11607438325881958,0.25589877367019653,0.002921456703916192,0.0015754402847960591,0.40782836079597473,obj_0024,0,global_fixed_low,10042
24.134962558746338,0.18619650602340698,15.858547687530518,0.9089301228523254,0.9674479166666666,0.22841033339500427,15.183159112930298,0.839633047580719,0.1771547496318817,10.046634674072266,0.47178059816360474,8.037086009979248,0.29443359375,5.191649754842122,0.61181640625,0.2863456606864929,0.0333251953125,0.19919833540916443,0.5830078125,6.4973098039627075,0.045654296875,0.2756572961807251,0.21992157399654388,15.322046279907227,0.8426709771156311,0.14729180932044983,0.2620851993560791,0.0041066184639930725,0.0016526883700862527,0.27755194902420044,obj_0025,1,global_fixed_low,10042
26.821470260620117,0.24501292407512665,17.940953969955444,0.8967834115028381,0.9921875,0.28939753770828247,17.503162622451782,0.8488707542419434,0.14106805622577667,13.02433967590332,0.5585508942604065,7.436494588851929,0.12646484375,4.683871587117513,0.265869140625,0.2859503924846649,0.00923919677734375,0.2657838463783264,0.44580078125,11.860748529434204,0.0777587890625,0.6217051148414612,0.28314030170440674,17.536932229995728,0.8495144248008728,0.06056072935461998,0.24992422759532928,0.0013049868866801262,0.00174899201374501,0.6360688209533691,obj_0026,2,global_fixed_low,10042
22.088375091552734,0.10125261545181274,20.636394023895264,0.891505777835846,0.9869791666666666,0.1613338738679886,18.51759433746338,0.8101783990859985,0.34869393706321716,10.765331983566284,0.3640366792678833,7.441722631454468,0.18212890625,4.907123724619548,0.400146484375,0.2896990180015564,0.01410675048828125,0.1561124175786972,0.50146484375,12.353465557098389,0.10357666015625,0.2559945583343506,0.15845811367034912,18.569421768188477,0.8118088841438293,0.5555474758148193,0.3318761885166168,0.030551383271813393,0.04400356858968735,0.2636096477508545,obj_0027,3,global_fixed_low,10042
25.379631519317627,0.16049280762672424,16.818513870239258,0.91768479347229,0.84765625,0.21991898119449615,15.63779354095459,0.8481987714767456,0.14998605847358704,11.842964887619019,0.5433641076087952,7.539935111999512,0.19287109375,4.982569694519043,0.41357421875,0.2916453778743744,0.01947021484375,0.1804412603378296,0.5625,7.887017130851746,0.06988525390625,0.3910019099712372,0.18913397192955017,16.32064938545227,0.8625539541244507,0.09203127771615982,0.24389447271823883,0.0022653404157608747,0.0017482951516285539,0.3966779410839081,obj_0028,4,global_fixed_low,10042
25.616819858551025,0.191842183470726,16.293281316757202,0.8973963260650635,0.9895833333333334,0.23154538869857788,15.839406251907349,0.8379482626914978,0.16634751856327057,11.505223512649536,0.5027576684951782,7.527331829071045,0.22119140625,5.1575368245442705,0.4677734375,0.2841028571128845,0.019012451171875,0.2130931168794632,0.5419921875,8.185219764709473,0.057098388671875,0.3853395879268646,0.22761721909046173,15.884135961532593,0.838984489440918,0.11238875240087509,0.25664496421813965,0.0027358245570212603,0.0016958093037828803,0.3921365439891815,obj_0029,5,global_fixed_low,10042
24.598500728607178,0.17875783145427704,15.904629230499268,0.9100096821784973,0.96484375,0.2236911654472351,15.26412844657898,0.8396821022033691,0.17526385188102722,10.384901762008667,0.48409053683280945,7.484521150588989,0.279052734375,5.3609938621521,0.60205078125,0.2857644855976105,0.028472900390625,0.19692125916481018,0.59228515625,6.507683992385864,0.04833984375,0.2762194275856018,0.21568292379379272,15.414133071899414,0.8429558873176575,0.14085324108600616,0.26126906275749207,0.0032602271530777216,0.001658280030824244,0.27500295639038086,obj_0030,6,global_fixed_low,10042
23.823823928833008,0.10159140825271606,20.780324935913086,0.9697434306144714,0.8515625,0.16914288699626923,18.554532527923584,0.8872530460357666,0.2243846207857132,12.275599241256714,0.5871508121490479,7.565115928649902,0.276611328125,5.639400005340576,0.75341796875,0.3197152614593506,0.05413818359375,0.1254195123910904,0.568359375,6.542495489120483,0.044708251953125,0.2444213479757309,0.1488857865333557,19.085077047348022,0.8930488228797913,0.17218564450740814,0.2619533836841583,0.003322185017168522,0.001699770917184651,0.22942808270454407,obj_0031,7,global_fixed_low,10042
25.742783546447754,0.1952497959136963,16.02766752243042,0.8957101106643677,0.9765625,0.2389787882566452,15.549434423446655,0.8336234092712402,0.15548302233219147,10.707591772079468,0.4874938428401947,7.433794736862183,0.2347412109375,5.206910610198975,0.496337890625,0.29316720366477966,0.0263824462890625,0.2191152572631836,0.552734375,7.786634564399719,0.0616455078125,0.3538352847099304,0.23060296475887299,15.650335550308228,0.8361013531684875,0.11469222605228424,0.25772228837013245,0.0027182060293853283,0.0016393228434026241,0.36028870940208435,obj_0032,8,global_fixed_low,10042
20.44788360595703,0.1605284959077835,18.65373730659485,0.9134133458137512,1.0,0.28581759333610535,16.67434573173523,0.8186643123626709,0.3586779534816742,10.221519470214844,0.38038942217826843,7.41203498840332,0.1973876953125,5.41503890355428,0.4521484375,0.34350115060806274,0.025360107421875,0.20641128718852997,0.49755859375,9.70068633556366,0.11456298828125,0.31150901317596436,0.28581759333610535,16.67434573173523,0.8186643123626709,0.3733289837837219,0.34184062480926514,0.027663253247737885,0.004715133458375931,0.3352617025375366,obj_0033,9,global_fixed_low,10042
26.339919567108154,0.2012118548154831,15.877974033355713,0.8925490975379944,0.9947916666666666,0.23519471287727356,15.537216663360596,0.8324323296546936,0.1811314821243286,11.074318885803223,0.48719581961631775,7.361854076385498,0.251708984375,5.441222190856934,0.51611328125,0.2863991856575012,0.0252227783203125,0.22101210057735443,0.5537109375,7.747637033462524,0.043121337890625,0.34436142444610596,0.23124954104423523,15.559524297714233,0.8329470753669739,0.13050790131092072,0.25780555605888367,0.0032847393304109573,0.0017677246360108256,0.34786656498908997,obj_0034,10,global_fixed_low,10042
26.823019981384277,0.21257659792900085,16.845158338546753,0.89974045753479,0.9635416666666666,0.2558664381504059,16.34569764137268,0.8467806577682495,0.11081258952617645,12.706058025360107,0.5567768812179565,7.614222764968872,0.17919921875,5.220451672871907,0.3798828125,0.2877070903778076,0.0157623291015625,0.23949980735778809,0.498291015625,9.536060690879822,0.07904052734375,0.4950847327709198,0.2464221566915512,16.50355339050293,0.8500736951828003,0.06373567134141922,0.2491743564605713,0.001193782314658165,0.0017452128231525421,0.5037805438041687,obj_0035,11,global_fixed_low,10042
30.314199924468994,0.22316911816596985,19.63605046272278,0.9184882044792175,0.99609375,0.2635331153869629,19.356218576431274,0.8757377862930298,0.21027378737926483,15.043938159942627,0.5913150310516357,7.595474481582642,0.09710693359375,3.8547708988189697,0.1922607421875,0.28808608651161194,0.005802154541015625,0.2526516318321228,0.40087890625,13.95204782485962,0.0689697265625,0.7184978127479553,0.25778916478157043,19.373031854629517,0.8759273886680603,0.04661750793457031,0.24970488250255585,0.0008510876214131713,0.0012855773093178868,0.7337453961372375,obj_0036,12,global_fixed_low,10042
27.88336753845215,0.21686767041683197,17.997288703918457,0.9023268222808838,0.9817708333333334,0.2589476406574249,17.580571174621582,0.8537477254867554,0.14170993864536285,13.518733978271484,0.5931653380393982,7.440941333770752,0.1519775390625,5.012918472290039,0.306884765625,0.27556905150413513,0.00812530517578125,0.24090901017189026,0.44189453125,11.231909990310669,0.095458984375,0.5825392603874207,0.2529424726963043,17.6588773727417,0.8554145097732544,0.06411946564912796,0.24807123839855194,0.0011891770409420133,0.001510823261924088,0.5917142033576965,obj_0037,13,global_fixed_low,10042
28.143112659454346,0.23227888345718384,17.88349747657776,0.8999752402305603,1.0,0.26655441522598267,17.585065364837646,0.8535842895507812,0.13605472445487976,13.875529766082764,0.575849175453186,7.528095960617065,0.13037109375,4.701898415883382,0.258056640625,0.280537873506546,0.007549285888671875,0.25134003162384033,0.447265625,11.772592067718506,0.0733642578125,0.6229677200317383,0.26655441522598267,17.585065364837646,0.8535842895507812,0.05119014531373978,0.24995923042297363,0.0009822031715884805,0.0017384013626724482,0.6355300545692444,obj_0038,14,global_fixed_low,10042
28.538591861724854,0.20604628324508667,19.09058928489685,0.9147131443023682,0.9817708333333334,0.24513019621372223,18.64535689353943,0.8702213764190674,0.15476162731647491,14.450786113739014,0.5901679396629333,7.475449085235596,0.11810302734375,4.320036252339681,0.245361328125,0.2928236424922943,0.0084075927734375,0.22958604991436005,0.4228515625,12.604818344116211,0.0775146484375,0.6572760343551636,0.23943111300468445,18.724106550216675,0.8714709877967834,0.04926087334752083,0.24938569962978363,0.0009574342402629554,0.0016342614544555545,0.6718001365661621,obj_0039,15,global_fixed_low,10042
29.355595111846924,0.25019359588623047,17.868572473526,0.8972066044807434,1.0,0.28114214539527893,17.647535800933838,0.8620898723602295,0.1382879912853241,13.868434429168701,0.5891993045806885,7.573184490203857,0.1297607421875,4.548235575358073,0.246826171875,0.276300847530365,0.006839752197265625,0.2738901972770691,0.4453125,12.09572434425354,0.06744384765625,0.6331679224967957,0.28114214539527893,17.647535800933838,0.8620898723602295,0.05076004937291145,0.24966438114643097,0.0010393911506980658,0.0016892837593331933,0.6451560854911804,obj_0040,16,global_fixed_low,10042
26.864986419677734,0.18547195196151733,17.80390501022339,0.9165938496589661,0.95703125,0.2365298867225647,17.192333936691284,0.8599931001663208,0.13828407227993011,12.313398122787476,0.5718956589698792,7.476699352264404,0.15869140625,4.961161772410075,0.32421875,0.28863799571990967,0.012939453125,0.21396058797836304,0.482177734375,10.068665742874146,0.08843994140625,0.5551028847694397,0.2234901785850525,17.37726926803589,0.8634474873542786,0.06947643309831619,0.2529527246952057,0.0013318024575710297,0.0015064734034240246,0.5686357617378235,obj_0041,17,global_fixed_low,10042
24.519596099853516,0.1669938862323761,16.766752004623413,0.9184698462486267,0.96484375,0.2068357765674591,16.017603874206543,0.847658634185791,0.18748466670513153,10.970953702926636,0.5038483738899231,7.466351747512817,0.2396240234375,4.9848887125651045,0.491455078125,0.29432475566864014,0.02593994140625,0.17684093117713928,0.5634765625,7.436106204986572,0.056915283203125,0.36208707094192505,0.20154628157615662,16.166584491729736,0.8505620956420898,0.14005401730537415,0.25963667035102844,0.0038918391801416874,0.0016531238798052073,0.37133926153182983,obj_0042,18,global_fixed_low,10042
26.09790802001953,0.2082846462726593,17.650285959243774,0.9087271094322205,0.9700520833333334,0.25406861305236816,17.034754753112793,0.8529884219169617,0.12516000866889954,12.473913431167603,0.5728758573532104,7.541418075561523,0.190185546875,5.398511568705241,0.381103515625,0.272538959980011,0.011962890625,0.22863005101680756,0.46923828125,10.015182495117188,0.0933837890625,0.5287138819694519,0.24531248211860657,17.16461420059204,0.8555221557617188,0.06896987557411194,0.24898900091648102,0.0012986555229872465,0.0018097510328516364,0.5390052199363708,obj_0043,19,global_fixed_low,10042
25.673601627349854,0.14231178164482117,17.986793518066406,0.9381266832351685,0.8958333333333334,0.20119985938072205,16.92187786102295,0.8664202094078064,0.13004738092422485,12.190810441970825,0.5761979222297668,7.434401988983154,0.252197265625,5.6067689259847,0.55224609375,0.28265896439552307,0.02166748046875,0.16429226100444794,0.55078125,7.309557199478149,0.064697265625,0.3395737111568451,0.1815558820962906,17.358092069625854,0.8738260269165039,0.09422709792852402,0.25217053294181824,0.0018649769481271505,0.0017071758629754186,0.34066295623779297,obj_0044,20,global_fixed_low,10042
29.745748043060303,0.25383564829826355,18.52834463119507,0.89764404296875,1.0,0.2829214036464691,18.301000595092773,0.8575045466423035,0.15930475294589996,15.35976529121399,0.6163683533668518,7.5622313022613525,0.0958251953125,4.202290217081706,0.2125244140625,0.28014427423477173,0.004913330078125,0.27495837211608887,0.42626953125,13.132792711257935,0.0760498046875,0.6736654043197632,0.2829214036464691,18.301000595092773,0.8575045466423035,0.04084412008523941,0.24815717339515686,0.000886729802004993,0.0018088154029101133,0.6831174492835999,obj_0045,21,global_fixed_low,10042
24.37927484512329,0.18401679396629333,15.66142201423645,0.9010151624679565,0.9661458333333334,0.2260088324546814,15.033832788467407,0.8309272527694702,0.1468009501695633,10.285390615463257,0.4805265963077545,7.409123420715332,0.288330078125,5.366978168487549,0.6201171875,0.2819713354110718,0.028167724609375,0.2047804594039917,0.580078125,6.592628359794617,0.050323486328125,0.25780797004699707,0.21757856011390686,15.17818570137024,0.8344597220420837,0.1328643411397934,0.25787824392318726,0.0029439986683428288,0.001674356171861291,0.25596994161605835,obj_0046,22,global_fixed_low,10042
22.9443359375,0.07241827249526978,23.090341091156006,0.9468513131141663,0.9231770833333334,0.12845104932785034,19.918113946914673,0.872144341468811,0.27037549018859863,10.845332145690918,0.5353699922561646,7.433379411697388,0.2159423828125,5.264924049377441,0.533203125,0.30380967259407043,0.0289459228515625,0.11335355788469315,0.625,12.122722864151001,0.0709228515625,0.3267684280872345,0.12076226621866226,20.18681764602661,0.8768166303634644,0.31035107374191284,0.32113581895828247,0.015109765343368053,0.07231704890727997,0.32687124609947205,obj_0047,23,global_fixed_low,10042
26.890368461608887,0.1783316731452942,18.028578758239746,0.9180891513824463,0.845703125,0.23167142271995544,16.8747878074646,0.845494270324707,0.2280941754579544,12.811774015426636,0.5056319236755371,7.562342405319214,0.179443359375,4.8588511149088545,0.399658203125,0.3014167845249176,0.02001953125,0.20655691623687744,0.5458984375,9.300949573516846,0.089111328125,0.4264262616634369,0.210124671459198,17.56541132926941,0.8597119450569153,0.13810065388679504,0.21589992940425873,0.0046258349902927876,0.00425975676625967,0.44110560417175293,obj_0048,24,global_fixed_low,10042
24.626212120056152,0.17371013760566711,16.0709810256958,0.9099835157394409,0.9674479166666666,0.2150695025920868,15.428328514099121,0.8399035930633545,0.1692124307155609,10.506534576416016,0.4809040427207947,7.531391143798828,0.275634765625,5.175175507863362,0.57861328125,0.291901558637619,0.0304412841796875,0.19017019867897034,0.5791015625,6.76026463508606,0.044342041015625,0.28811344504356384,0.20718741416931152,15.566707849502563,0.8428909182548523,0.14275778830051422,0.2612035572528839,0.0035645233001559973,0.0016406411305069923,0.28985315561294556,obj_0049,25,global_fixed_low,10042
24.970853328704834,0.16508236527442932,16.84133529663086,0.9183467030525208,0.9778645833333334,0.20224922895431519,16.193711757659912,0.8470450639724731,0.17442218959331512,11.321098804473877,0.4990512430667877,7.513821125030518,0.259033203125,5.334537506103516,0.546875,0.28436279296875,0.0252685546875,0.17930352687835693,0.5458984375,7.410323619842529,0.035064697265625,0.3322582244873047,0.19831760227680206,16.286420822143555,0.8489845395088196,0.12538424134254456,0.2557294964790344,0.0029416487086564302,0.0015414139488711953,0.33413803577423096,obj_0050,26,global_fixed_low,10042
26.862506866455078,0.18990996479988098,18.94312024116516,0.9168121814727783,0.9765625,0.23565314710140228,18.31115484237671,0.8636962175369263,0.15771211683750153,13.223776817321777,0.5856382250785828,7.616197824478149,0.1346435546875,4.788189888000488,0.283203125,0.2785174250602722,0.00841522216796875,0.22051510214805603,0.43310546875,11.792067289352417,0.0738525390625,0.613853931427002,0.22593091428279877,18.41101050376892,0.8656032681465149,0.06173891946673393,0.24566097557544708,0.0012337870430201292,0.0016134425532072783,0.6266984939575195,obj_0051,27,global_fixed_low,10042
27.471961975097656,0.2106986939907074,17.2980797290802,0.9032910466194153,0.9752604166666666,0.25890564918518066,16.867729425430298,0.8517868518829346,0.1420094221830368,13.037843704223633,0.5764511227607727,7.5663697719573975,0.1739501953125,5.215380668640137,0.33349609375,0.27723219990730286,0.0113067626953125,0.2384047955274582,0.47119140625,10.170348882675171,0.07696533203125,0.5508257746696472,0.24782180786132812,16.9740629196167,0.8541039228439331,0.06284182518720627,0.24678809940814972,0.0012226341059431434,0.0014871760504320264,0.5605029463768005,obj_0052,28,global_fixed_low,10042
25.432043075561523,0.20203030109405518,16.5204918384552,0.8990285992622375,0.9869791666666666,0.2419319599866867,16.01569890975952,0.8358792662620544,0.19412370026111603,11.570600271224976,0.5008503198623657,7.530268430709839,0.2227783203125,5.348930676778157,0.462890625,0.28048524260520935,0.0165252685546875,0.2180641144514084,0.53662109375,8.345547318458557,0.0601806640625,0.38159969449043274,0.23807471990585327,16.071475744247437,0.8372264504432678,0.13946743309497833,0.2552303969860077,0.003430117852985859,0.00172794284299016,0.38658156991004944,obj_0053,29,global_fixed_low,10042
25.106096267700195,0.1811269223690033,17.111713886260986,0.9060081839561462,0.9791666666666666,0.22299724817276,16.468371152877808,0.8403775691986084,0.15726377069950104,11.60300612449646,0.5100474953651428,7.616947889328003,0.2269287109375,5.457200527191162,0.478759765625,0.27826449275016785,0.0183563232421875,0.20077772438526154,0.50390625,8.597833514213562,0.06951904296875,0.38570544123649597,0.21903838217258453,16.55659317970276,0.8424919247627258,0.11741627007722855,0.25444838404655457,0.0029040102381259203,0.001590475207194686,0.3927207887172699,obj_0054,30,global_fixed_low,10042
25.785024166107178,0.20034538209438324,17.627127170562744,0.8963523507118225,0.9752604166666666,0.24950075149536133,17.014111280441284,0.8415437936782837,0.1644398272037506,12.35391616821289,0.49372491240501404,7.586304187774658,0.148193359375,4.883051713307698,0.3173828125,0.28958454728126526,0.0114288330078125,0.21125543117523193,0.487548828125,10.402611494064331,0.09967041015625,0.4997636079788208,0.2418462485074997,17.119953632354736,0.8438299894332886,0.12006845325231552,0.2603553235530853,0.003989312797784805,0.001699404208920896,0.5121858716011047,obj_0055,31,global_fixed_low,10042
27.79172658920288,0.2241544872522354,18.881016969680786,0.9117903113365173,0.9895833333333334,0.2684079706668854,18.442009687423706,0.865976870059967,0.19450482726097107,14.44531798362732,0.609797477722168,7.616576671600342,0.10040283203125,4.012908061345418,0.19873046875,0.27244895696640015,0.0047454833984375,0.24861064553260803,0.421875,13.056832551956177,0.078857421875,0.6918658018112183,0.2625108063220978,18.487294912338257,0.8668059706687927,0.04905855655670166,0.2470199465751648,0.0009597673779353499,0.001537871197797358,0.7049601078033447,obj_0056,32,global_fixed_low,10042
25.094051361083984,0.11311381310224533,19.585901498794556,0.9605556130409241,0.8658854166666666,0.17670956254005432,18.01955223083496,0.8819516897201538,0.16691848635673523,12.281707525253296,0.5687954425811768,7.3955488204956055,0.291015625,5.5296346346537275,0.70361328125,0.3180319368839264,0.05908203125,0.1344263106584549,0.5771484375,6.488857865333557,0.0516357421875,0.2487095445394516,0.15544992685317993,18.556344509124756,0.8882919549942017,0.13943004608154297,0.2583162486553192,0.0027258587069809437,0.0015748342266306281,0.24751050770282745,obj_0057,33,global_fixed_low,10042
23.666036128997803,0.18382124602794647,15.947132110595703,0.9147278666496277,0.95703125,0.22675640881061554,15.152117013931274,0.8398125171661377,0.173104926943779,9.25214409828186,0.47015687823295593,7.537333965301514,0.29443359375,5.275885581970215,0.65087890625,0.29561445116996765,0.0362548828125,0.1943858116865158,0.5986328125,6.205511689186096,0.051422119140625,0.2598068416118622,0.21921908855438232,15.335843563079834,0.84380042552948,0.14604206383228302,0.26273855566978455,0.0034875022247433662,0.0016411582473665476,0.2565065622329712,obj_0058,34,global_fixed_low,10042
25.943872928619385,0.20012396574020386,16.202919483184814,0.899474561214447,0.98046875,0.23940548300743103,15.740647315979004,0.8328009247779846,0.15366125106811523,11.15235686302185,0.4967689514160156,7.593912363052368,0.25048828125,5.48749574025472,0.51953125,0.2806149423122406,0.0218048095703125,0.21626654267311096,0.546875,7.714224457740784,0.0562744140625,0.34269487857818604,0.23460720479488373,15.824220180511475,0.8348063826560974,0.11821537464857101,0.2548387944698334,0.0028719017282128334,0.0016819535521790385,0.34584876894950867,obj_0059,35,global_fixed_low,10042
26.990153789520264,0.21394991874694824,18.44250202178955,0.9143295288085938,0.9765625,0.26170614361763,17.888888120651245,0.8638533353805542,0.15022900700569153,13.151404857635498,0.5796552896499634,7.581110715866089,0.1309814453125,4.414740403493245,0.257568359375,0.27832794189453125,0.009063720703125,0.23645851016044617,0.4384765625,11.723132133483887,0.083251953125,0.6447436809539795,0.25069600343704224,17.989367246627808,0.865706205368042,0.05800313502550125,0.24582183361053467,0.0011185031617060304,0.0017297109588980675,0.6597819924354553,obj_0060,36,global_fixed_low,10042
25.27630090713501,0.18551523983478546,16.57834768295288,0.9057598114013672,0.98828125,0.21988774836063385,16.052292585372925,0.8407700657844543,0.17825978994369507,11.100099086761475,0.5011294484138489,7.577540159225464,0.224853515625,5.459285736083984,0.47802734375,0.2882167100906372,0.0195770263671875,0.20480243861675262,0.54296875,8.093704581260681,0.053192138671875,0.38125547766685486,0.21571102738380432,16.102372407913208,0.8418617844581604,0.11985104531049728,0.26074010133743286,0.002943129278719425,0.0016863050404936075,0.3864882290363312,obj_0061,37,global_fixed_low,10042
26.85220718383789,0.15177229046821594,21.242308616638184,0.8336442112922668,1.0,0.17811664938926697,20.40792226791382,0.7834630608558655,0.3190385699272156,12.490179538726807,0.5664722919464111,7.57732367515564,0.1292724609375,4.782525857289632,0.3828125,0.3249412477016449,0.017181396484375,0.18921443819999695,0.55517578125,14.84386920928955,0.1468505859375,0.24204033613204956,0.17811664938926697,20.40792226791382,0.7834630608558655,0.3491023778915405,0.36698293685913086,0.018574021756649017,0.1964152604341507,0.23700818419456482,obj_0062,38,global_fixed_low,10042
25.12507677078247,0.16224531829357147,18.414558172225952,0.9245896935462952,0.9466145833333334,0.21848414838314056,17.450361251831055,0.8496570587158203,0.1938750147819519,11.392064094543457,0.5017250180244446,7.535006999969482,0.23828125,5.710251331329346,0.482177734375,0.27615728974342346,0.02044677734375,0.18124039471149445,0.45166015625,9.26579236984253,0.058929443359375,0.4044989049434662,0.20640401542186737,17.668830156326294,0.8540325164794922,0.13814468681812286,0.2560015618801117,0.004295718390494585,0.0014185929903760552,0.4154418408870697,obj_0063,39,global_fixed_low,10042
30.131771564483643,0.22616490721702576,19.191116094589233,0.9117410778999329,0.99609375,0.2632593512535095,18.921045064926147,0.8680313229560852,0.16909310221672058,14.70193862915039,0.6118218302726746,7.6070215702056885,0.11309814453125,4.483036994934082,0.220947265625,0.27707427740097046,0.0053558349609375,0.24734750390052795,0.40966796875,13.248146772384644,0.07281494140625,0.6753647923469543,0.25773197412490845,18.937931060791016,0.868314802646637,0.046623535454273224,0.24747049808502197,0.0009754133061505854,0.001622866722755134,0.6872739195823669,obj_0064,40,global_fixed_low,10042
25.046634674072266,0.15696612000465393,18.41652512550354,0.9136908054351807,0.94921875,0.2069815695285797,17.46121644973755,0.8502976894378662,0.18503016233444214,11.463241577148438,0.48885735869407654,7.525603771209717,0.182861328125,5.312830289204915,0.386962890625,0.2896762490272522,0.016815185546875,0.17481061816215515,0.479736328125,10.051230192184448,0.0848388671875,0.4453888237476349,0.19726023077964783,17.677114009857178,0.8547895550727844,0.14290466904640198,0.26328137516975403,0.004566315561532974,0.0016258477699011564,0.45873889327049255,obj_0065,41,global_fixed_low,10042
27.840797901153564,0.20855078101158142,18.576804399490356,0.9067726135253906,0.9817708333333334,0.25262314081192017,18.11506748199463,0.8583698272705078,0.15938152372837067,12.992175817489624,0.5731785893440247,7.607588768005371,0.14208984375,4.993532816569011,0.272705078125,0.27952441573143005,0.007556915283203125,0.23755094408988953,0.43017578125,12.042526006698608,0.06951904296875,0.623738706111908,0.24686956405639648,18.193963766098022,0.8599260449409485,0.06168394535779953,0.24795952439308167,0.0011533423094078898,0.0016811286332085729,0.6361938118934631,obj_0066,42,global_fixed_low,10042
26.43056631088257,0.2136267125606537,18.273998498916626,0.9113032221794128,0.9752604166666666,0.2633955776691437,17.672990560531616,0.8599360585212708,0.1483326256275177,12.427444458007812,0.5649051666259766,7.596971035003662,0.142333984375,4.816318194071452,0.26708984375,0.2756384015083313,0.00856781005859375,0.24142281711101532,0.4423828125,11.545851230621338,0.08367919921875,0.6191351413726807,0.2524075508117676,17.780251502990723,0.8619334101676941,0.06194613501429558,0.2466941475868225,0.0011907578445971012,0.0017570522613823414,0.6327712535858154,obj_0067,43,global_fixed_low,10042
25.97666025161743,0.17211315035820007,18.611196279525757,0.9116788506507874,0.9700520833333334,0.21435977518558502,17.86622643470764,0.8563326001167297,0.1834975630044937,12.881050109863281,0.5358093976974487,7.31539249420166,0.1588134765625,5.017764250437419,0.32763671875,0.2853843867778778,0.01299285888671875,0.1883445680141449,0.46630859375,10.806293487548828,0.08636474609375,0.5154485106468201,0.2044452726840973,17.992839813232422,0.8589110374450684,0.12796753644943237,0.25679197907447815,0.004053119104355574,0.0016655570361763239,0.5267011523246765,obj_0068,44,global_fixed_low,10042
22.211341857910156,0.028827199712395668,44.20370578765869,0.9984768629074097,0.6685638427734375,0.17311573028564453,22.17341423034668,0.9075884222984314,0.14171619713306427,20.55222511291504,0.7343788743019104,7.431806564331055,0.0787353515625,3.036576827367147,0.2015380859375,0.42768263816833496,0.00604248046875,0.01337449997663498,0.04443359375,17.211618423461914,0.040191650390625,0.12919174134731293,0.1504194587469101,22.192611694335938,0.9114683270454407,0.5083404779434204,0.42129456996917725,0.010131782852113247,0.0018238842021673918,0.11220384389162064,obj_0069,45,global_fixed_low,10042
26.821646690368652,0.1659286618232727,18.796881437301636,0.9247875213623047,0.9453125,0.2204800844192505,18.0177903175354,0.8664662837982178,0.1500055491924286,13.646459579467773,0.6041169762611389,7.3997814655303955,0.1588134765625,5.190625031789144,0.332275390625,0.2786494791507721,0.0090484619140625,0.1931842714548111,0.4609375,10.537246465682983,0.0888671875,0.547664225101471,0.20507311820983887,18.250515460968018,0.8705547451972961,0.06943756341934204,0.24958455562591553,0.0013538176426663995,0.0017328164540231228,0.5576519966125488,obj_0070,46,global_fixed_low,10042
25.287325382232666,0.16969791054725647,18.465776443481445,0.9145600199699402,0.9583333333333334,0.21419107913970947,17.58974313735962,0.8574597239494324,0.16700732707977295,11.808009147644043,0.506388783454895,7.5011351108551025,0.1588134765625,4.911920070648193,0.322509765625,0.2883347272872925,0.01369476318359375,0.1903018057346344,0.4755859375,10.549527406692505,0.0833740234375,0.5060737133026123,0.20848655700683594,17.767969369888306,0.8609817028045654,0.13519062101840973,0.25955015420913696,0.004085271153599024,0.001643115421757102,0.5234782099723816,obj_0071,47,global_fixed_low,10042
23.025026321411133,0.08168293535709381,21.909964084625244,0.9788283109664917,0.8411458333333334,0.15064647793769836,18.91401171684265,0.8943009376525879,0.35045477747917175,9.52450692653656,0.5769878029823303,8.266289472579956,0.2447509765625,4.998114109039307,0.677734375,0.32398343086242676,0.042694091796875,0.09903973340988159,0.6162109375,6.097082495689392,0.02728271484375,0.2552817761898041,0.1316293627023697,19.471468925476074,0.8991342186927795,0.23158957064151764,0.2632853090763092,0.004343257751315832,0.0014526793966069818,0.23322001099586487,obj_0072,48,global_fixed_low,10042
23.559718132019043,0.16309905052185059,16.39870047569275,0.9245496392250061,0.9466145833333334,0.20957998931407928,15.476802587509155,0.8474571704864502,0.19485583901405334,9.546678066253662,0.47984057664871216,7.838269948959351,0.2685546875,5.165745576222737,0.56640625,0.31132492423057556,0.04168701171875,0.18081369996070862,0.6083984375,6.346074938774109,0.048309326171875,0.30533093214035034,0.1983485221862793,15.704723596572876,0.852021336555481,0.1450953185558319,0.26397833228111267,0.00354227633215487,0.0016351608792319894,0.31105682253837585,obj_0073,49,global_fixed_low,10042
26.45784616470337,0.182624951004982,18.49442720413208,0.9307722449302673,0.96484375,0.22969964146614075,17.81978130340576,0.8818537592887878,0.21995973587036133,13.526360988616943,0.6066244840621948,7.907456159591675,0.11163330078125,4.1651504834493,0.212890625,0.29712677001953125,0.007167816162109375,0.21469415724277496,0.45703125,11.462597846984863,0.07781982421875,0.6833817958831787,0.22044479846954346,17.97067165374756,0.8838530778884888,0.05208122357726097,0.25100091099739075,0.0010531583102419972,0.001682644127868116,0.6978608965873718,obj_0074,50,global_fixed_low,10042
23.854918479919434,0.09715966135263443,22.183163166046143,0.9111273288726807,0.9466145833333334,0.1396397054195404,19.96723175048828,0.830512285232544,0.3390551507472992,11.991034746170044,0.48951733112335205,7.758362770080566,0.1717529296875,5.137430032094319,0.40771484375,0.287697434425354,0.0157012939453125,0.12778277695178986,0.50390625,13.076143264770508,0.095458984375,0.290598601102829,0.13444600999355316,20.15035629272461,0.8357723951339722,0.43340736627578735,0.3159645199775696,0.02153215929865837,0.06563004851341248,0.2909744381904602,obj_0075,51,global_fixed_low,10042
28.529610633850098,0.23981350660324097,18.462202548980713,0.8971226811408997,0.9908854166666666,0.2828388214111328,18.109546899795532,0.8490540385246277,0.12405294924974442,13.669065237045288,0.5735980272293091,7.621948719024658,0.1427001953125,4.873421827952067,0.279296875,0.27055037021636963,0.00809478759765625,0.25730660557746887,0.42236328125,12.271770238876343,0.07379150390625,0.6122081279754639,0.27638790011405945,18.148969411849976,0.8498108983039856,0.05507197603583336,0.24907827377319336,0.0010669997427612543,0.0017872737953439355,0.624963104724884,obj_0076,52,global_fixed_low,10042
23.527839183807373,0.09730303287506104,19.593263864517212,0.969593346118927,0.85546875,0.16325929760932922,17.60009765625,0.8881949782371521,0.2724878787994385,10.399686098098755,0.5613307952880859,7.535141944885254,0.28515625,4.973769028981526,0.70263671875,0.34114015102386475,0.061737060546875,0.1175282746553421,0.6650390625,5.183271169662476,0.03826904296875,0.23168332874774933,0.1426105797290802,18.164647817611694,0.8939170837402344,0.17714031040668488,0.2626931071281433,0.003489514347165823,0.0014502530684694648,0.22540348768234253,obj_0077,53,global_fixed_low,10042
23.051433563232422,0.07648156583309174,22.948200702667236,0.9811164140701294,0.8411458333333334,0.15180030465126038,19.522242546081543,0.8954485058784485,0.344355046749115,10.348211526870728,0.6034632325172424,7.432786703109741,0.2144775390625,5.3279391924540205,0.66552734375,0.3329085111618042,0.037384033203125,0.09474829584360123,0.583984375,6.8498629331588745,0.04168701171875,0.29662394523620605,0.13401421904563904,20.042221546173096,0.8997932076454163,0.23948612809181213,0.2668702304363251,0.004468112252652645,0.0015427807811647654,0.2743987739086151,obj_0078,54,global_fixed_low,10042
25.51880121231079,0.16013869643211365,19.254575967788696,0.9199763536453247,0.95703125,0.20810642838478088,18.287047147750854,0.8621402382850647,0.15899795293807983,12.35285997390747,0.5273888111114502,7.365899085998535,0.141357421875,4.784358819325765,0.286376953125,0.2840282618999481,0.00931549072265625,0.18083511292934418,0.4580078125,11.330662965774536,0.08355712890625,0.5386870503425598,0.20167899131774902,18.469141721725464,0.8655134439468384,0.12692002952098846,0.26103460788726807,0.0036374470219016075,0.0017274449346587062,0.5559549927711487,obj_0079,55,global_fixed_low,10042
21.56244993209839,0.09885281324386597,18.96449327468872,0.8927037119865417,1.0,0.15192392468452454,17.302775382995605,0.8155699968338013,0.3148305416107178,9.902177453041077,0.3724038898944855,7.282553434371948,0.2147216796875,5.521745522816976,0.460205078125,0.28299564123153687,0.0178375244140625,0.14306271076202393,0.5107421875,10.788242816925049,0.09869384765625,0.2580280900001526,0.15192392468452454,17.302775382995605,0.8155699968338013,0.4543401002883911,0.37839722633361816,0.02638646960258484,0.07459451258182526,0.2673504650592804,obj_0080,56,global_fixed_low,10042
27.73387908935547,0.19441887736320496,18.73490571975708,0.9166045784950256,0.9817708333333334,0.2369917780160904,18.245316743850708,0.8658155798912048,0.17834407091140747,13.334895372390747,0.587963342666626,7.378259897232056,0.1314697265625,4.857138315836589,0.2496337890625,0.2784003019332886,0.00757598876953125,0.2243381142616272,0.435546875,11.97261929512024,0.062744140625,0.6415188312530518,0.23163151741027832,18.32341194152832,0.8671694993972778,0.06016528233885765,0.24746301770210266,0.0011628788197413087,0.0016392553225159645,0.6548627018928528,obj_0081,57,global_fixed_low,10042
24.02963638305664,0.09761513769626617,20.875773429870605,0.9707690477371216,0.8489583333333334,0.16582372784614563,18.675715923309326,0.8882036805152893,0.25812625885009766,11.960132122039795,0.6064192652702332,7.300739288330078,0.252685546875,5.619396686553955,0.7646484375,0.3372708261013031,0.05450439453125,0.12272542715072632,0.59326171875,6.399416923522949,0.045166015625,0.24729181826114655,0.14272163808345795,19.21299695968628,0.8937661051750183,0.17079035937786102,0.2618459165096283,0.0033900002017617226,0.0015801071422174573,0.22769694030284882,obj_0082,58,global_fixed_low,10042
24.45798397064209,0.15528887510299683,20.77951669692993,0.9041561484336853,1.0,0.197075754404068,19.43837881088257,0.8407019376754761,0.23208776116371155,11.65185809135437,0.4692610502243042,7.24355673789978,0.1771240234375,5.106236934661865,0.396240234375,0.3057154417037964,0.0218505859375,0.21960195899009705,0.5244140625,12.712129354476929,0.118896484375,0.4108433127403259,0.197075754404068,19.43837881088257,0.8407019376754761,0.2279002070426941,0.29079002141952515,0.008952603675425053,0.01628517173230648,0.4233926236629486,obj_0083,59,global_fixed_low,10042
26.305956840515137,0.17109543085098267,18.768495321273804,0.9160855412483215,0.9479166666666666,0.22155165672302246,17.943869829177856,0.854899525642395,0.1645060032606125,12.754805088043213,0.5411255955696106,7.276945352554321,0.15673828125,5.113077958424886,0.35400390625,0.28664135932922363,0.0122222900390625,0.19213537871837616,0.462890625,10.60637354850769,0.096435546875,0.4973485469818115,0.20797881484031677,18.163849115371704,0.8593592047691345,0.116675466299057,0.2583809196949005,0.0032709501683712006,0.0016662667039781809,0.5078473687171936,obj_0084,60,global_fixed_low,10042
25.278189182281494,0.1988855004310608,15.543615818023682,0.894660234451294,0.9921875,0.23312276601791382,15.135161876678467,0.8340151906013489,0.17075611650943756,10.276302099227905,0.47785893082618713,7.1880528926849365,0.2578125,5.295729478200276,0.5087890625,0.28975775837898254,0.027252197265625,0.21804311871528625,0.56689453125,7.3628634214401245,0.048980712890625,0.3571052551269531,0.2284940630197525,15.168788433074951,0.8348307013511658,0.11917010694742203,0.2589639723300934,0.0027704101521521807,0.0017123781144618988,0.3640363812446594,obj_0085,61,global_fixed_low,10042
25.862553119659424,0.13025029003620148,20.38933515548706,0.8507185578346252,0.9934895833333334,0.1671472191810608,19.505878686904907,0.7996073365211487,0.23214924335479736,11.131383180618286,0.47795218229293823,7.367341041564941,0.144775390625,4.403125921885173,0.310791015625,0.2992459535598755,0.0124359130859375,0.1678573191165924,0.56884765625,14.039398431777954,0.1373291015625,0.335930198431015,0.16393306851387024,19.53334927558899,0.8005481362342834,0.2937554717063904,0.32860201597213745,0.011146069504320621,0.08214379847049713,0.3391379714012146,obj_0086,62,global_fixed_low,10042
24.77583885192871,0.1638515293598175,18.626296520233154,0.9075447916984558,0.9544270833333334,0.21816210448741913,17.635375261306763,0.8445014357566833,0.15340165793895721,12.353705167770386,0.5132527947425842,7.22915506362915,0.14599609375,4.931496938069661,0.32861328125,0.2865513563156128,0.00989532470703125,0.19022810459136963,0.46875,10.859140157699585,0.08599853515625,0.4731573164463043,0.20531463623046875,17.826871871948242,0.8487163782119751,0.12532265484333038,0.25963637232780457,0.003825525287538767,0.0016680245753377676,0.4842061400413513,obj_0087,63,global_fixed_low,10042
29.18138027191162,0.20285996794700623,18.736069202423096,0.9197322130203247,0.98828125,0.23902268707752228,18.39039921760559,0.874121367931366,0.1738196760416031,14.095520973205566,0.6010499596595764,7.16480827331543,0.11700439453125,4.45776891708374,0.234130859375,0.2879629135131836,0.0071563720703125,0.23096516728401184,0.4384765625,12.168394327163696,0.075439453125,0.6718257069587708,0.2340957671403885,18.440765142440796,0.8747777938842773,0.05074382945895195,0.24832892417907715,0.001045131590217352,0.0016733723459765315,0.6862184405326843,obj_0088,64,global_fixed_low,10042
23.697831630706787,0.0801960751414299,20.488829612731934,0.9738443493843079,0.8502604166666666,0.13859891891479492,18.271952867507935,0.8934844732284546,0.3366226553916931,10.024771690368652,0.5515110492706299,7.329382419586182,0.257568359375,5.029093265533447,0.7275390625,0.3603736162185669,0.0689697265625,0.10449656844139099,0.65380859375,5.532758831977844,0.0263824462890625,0.24641335010528564,0.1201392412185669,18.83822202682495,0.8987688422203064,0.20275744795799255,0.2662058472633362,0.003978651016950607,0.001461373525671661,0.23943567276000977,obj_0089,65,global_fixed_low,10042
25.972342491149902,0.19945478439331055,15.916827917098999,0.8978667855262756,0.9947916666666666,0.22836533188819885,15.545341968536377,0.838653028011322,0.17231661081314087,10.960359573364258,0.4999483525753021,7.222934722900391,0.253662109375,5.382507801055908,0.5107421875,0.28867512941360474,0.02362060546875,0.22182804346084595,0.546875,7.735784649848938,0.041778564453125,0.3710513710975647,0.22451695799827576,15.567653179168701,0.8391476273536682,0.11391069740056992,0.25917771458625793,0.002885229652747512,0.001740225125104189,0.37614718079566956,obj_0090,66,global_fixed_low,10042
21.97808027267456,0.06089380383491516,26.69788122177124,0.9898738861083984,0.8216145833333334,0.13670477271080017,20.281062126159668,0.9000800251960754,0.37645605206489563,9.366137981414795,0.5816224813461304,7.216291427612305,0.163818359375,5.229920546213786,0.544921875,0.3353186845779419,0.0281982421875,0.08383484929800034,0.5263671875,8.133822083473206,0.0255889892578125,0.3141377568244934,0.12209515273571014,20.761220455169678,0.9041324257850647,0.3646222651004791,0.2776802182197571,0.006427023094147444,0.0014997667167335749,0.3018181622028351,obj_0091,67,global_fixed_low,10042
25.260329246520996,0.12769395112991333,17.947990894317627,0.9458706974983215,0.8841145833333334,0.18089184165000916,16.773065328598022,0.8733338713645935,0.173113152384758,11.364918947219849,0.5716042518615723,7.30147910118103,0.2354736328125,5.309080600738525,0.53515625,0.3072412610054016,0.03033447265625,0.16048505902290344,0.6005859375,6.6401606798172,0.0706787109375,0.3400915563106537,0.162905752658844,17.25893497467041,0.8804477453231812,0.10190162807703018,0.2531519830226898,0.0020698723383247852,0.0015128491213545203,0.3415183424949646,obj_0092,68,global_fixed_low,10042
25.652706623077393,0.20252440869808197,16.360440254211426,0.9024479985237122,0.984375,0.23953522741794586,15.877553224563599,0.8356344103813171,0.18578973412513733,11.00373387336731,0.4985961616039276,7.214874744415283,0.231201171875,5.430394967397054,0.47607421875,0.27953964471817017,0.019256591796875,0.2212839126586914,0.5478515625,7.995750904083252,0.05999755859375,0.38098740577697754,0.23521563410758972,15.944353342056274,0.837204098701477,0.12956029176712036,0.2566561996936798,0.0032174016814678907,0.0017773233121261,0.38539209961891174,obj_0093,69,global_fixed_low,10042
27.2554349899292,0.207210510969162,17.722692489624023,0.9015935063362122,0.9739583333333334,0.25471794605255127,17.23936915397644,0.8492482304573059,0.1283130943775177,13.933537006378174,0.5676619410514832,7.50155782699585,0.1688232421875,5.228967984517415,0.334716796875,0.2738214433193207,0.0096893310546875,0.23027047514915466,0.453125,10.694987773895264,0.0750732421875,0.539772093296051,0.24379783868789673,17.351292371749878,0.8517189025878906,0.06388057768344879,0.24812467396259308,0.001258622040040791,0.001444207038730383,0.5500486493110657,obj_0094,70,global_fixed_low,10042
23.93291473388672,0.09678668528795242,20.906856060028076,0.9738917946815491,0.8502604166666666,0.16343480348587036,18.62680196762085,0.8911817073822021,0.28315412998199463,10.561472177505493,0.5843290090560913,7.354557037353516,0.271240234375,5.1352434158325195,0.69091796875,0.31580212712287903,0.038543701171875,0.10936936736106873,0.615234375,6.0074639320373535,0.035064697265625,0.23854483664035797,0.1394919753074646,19.198181629180908,0.8964765667915344,0.19558991491794586,0.2643672823905945,0.0036710305139422417,0.0015234434977173805,0.2245914191007614,obj_0095,71,global_fixed_low,10042
25.018346309661865,0.09573391079902649,21.483638286590576,0.9283517003059387,0.9010416666666666,0.15047404170036316,19.667418003082275,0.8530421853065491,0.3442564904689789,10.554989576339722,0.4991265535354614,7.48241400718689,0.1998291015625,5.251467386881511,0.4404296875,0.3080827295780182,0.0189208984375,0.1372169703245163,0.5537109375,11.813952922821045,0.07244873046875,0.33760949969291687,0.13142436742782593,20.036919116973877,0.8612033128738403,0.4003449082374573,0.3459443747997284,0.022864654660224915,0.039568834006786346,0.3388223648071289,obj_0096,72,global_fixed_low,10042
24.395768642425537,0.11685597896575928,18.0820631980896,0.9579555988311768,0.86328125,0.18086178600788116,16.653987169265747,0.8764883279800415,0.23655880987644196,11.531498432159424,0.5671437382698059,7.383882284164429,0.278564453125,4.9179666837056475,0.60986328125,0.3425642251968384,0.058929443359375,0.14247086644172668,0.6640625,5.252020359039307,0.047607421875,0.2671629786491394,0.15928001701831818,17.213112115859985,0.8834090232849121,0.1309451311826706,0.25860345363616943,0.002497752197086811,0.0014261382166296244,0.2667517364025116,obj_0097,73,global_fixed_low,10042
25.208046436309814,0.12833459675312042,17.57753610610962,0.9415571689605713,0.90234375,0.18254129588603973,16.534322500228882,0.8725501894950867,0.1861429661512375,11.408519744873047,0.5624144077301025,7.393365144729614,0.213623046875,5.2083390553792315,0.488525390625,0.3108941912651062,0.026763916015625,0.160194993019104,0.59765625,6.863613724708557,0.06475830078125,0.37826576828956604,0.1653788685798645,16.94073796272278,0.878812849521637,0.09485446661710739,0.24790118634700775,0.0019914826843887568,0.001541270175948739,0.3828672468662262,obj_0098,74,global_fixed_low,10042
27.180466651916504,0.16849485039710999,18.93728017807007,0.935358464717865,0.9479166666666666,0.22125691175460815,18.19874882698059,0.8840726017951965,0.19368696212768555,13.81390929222107,0.6079057455062866,7.457723617553711,0.144287109375,4.85977840423584,0.270263671875,0.2929724454879761,0.0113067626953125,0.19016924500465393,0.45556640625,10.937732458114624,0.08050537109375,0.6421617269515991,0.20899641513824463,18.421491384506226,0.8871766328811646,0.06035420671105385,0.2488187998533249,0.001253289170563221,0.0014249891974031925,0.6580049395561218,obj_0099,75,global_fixed_low,10042
30.018296241760254,0.22165408730506897,19.73138928413391,0.9191629886627197,0.9986979166666666,0.2551710307598114,19.427419900894165,0.8728114366531372,0.16521073877811432,15.13126254081726,0.625827431678772,7.383065223693848,0.11285400390625,4.294900576273601,0.2158203125,0.2738494277000427,0.00534820556640625,0.2276715338230133,0.40185546875,13.538936376571655,0.07391357421875,0.6850633025169373,0.2551949620246887,19.433035850524902,0.8728848695755005,0.051621854305267334,0.25031402707099915,0.001036902074702084,0.0018310892628505826,0.6975404620170593,obj_0100,76,global_fixed_low,10042
25.980675220489502,0.1940222978591919,17.982327938079834,0.9113004803657532,0.9713541666666666,0.23793081939220428,17.32964038848877,0.8589100241661072,0.12767153978347778,12.78949499130249,0.5841889381408691,7.530597925186157,0.1597900390625,5.191784858703613,0.320068359375,0.27813720703125,0.00958251953125,0.2199237048625946,0.45751953125,10.52523136138916,0.08807373046875,0.565473735332489,0.22822615504264832,17.451255321502686,0.8612775802612305,0.05942355468869209,0.2475297749042511,0.0012128014350309968,0.0015752889448776841,0.5766083598136902,obj_0101,77,global_fixed_low,10042
29.075517654418945,0.2531099021434784,18.537981510162354,0.9088817238807678,0.9986979166666666,0.28745710849761963,18.26004981994629,0.8658486604690552,0.16930469870567322,14.336421489715576,0.5945587754249573,7.463663816452026,0.1109619140625,4.238853931427002,0.2041015625,0.2782423794269562,0.0055999755859375,0.26310086250305176,0.427734375,12.814632654190063,0.07330322265625,0.6927985548973083,0.28732553124427795,18.26569437980652,0.8659461140632629,0.04827851429581642,0.2512081265449524,0.0009632783476263285,0.001736253616400063,0.7084524631500244,obj_0102,78,global_fixed_low,10042
23.733675479888916,0.09178710728883743,20.628249645233154,0.9734152555465698,0.85546875,0.15707652270793915,18.397940397262573,0.8920284509658813,0.29442957043647766,9.96296763420105,0.5579023957252502,7.288909673690796,0.263671875,4.955872694651286,0.66455078125,0.3452457785606384,0.059814453125,0.11039774119853973,0.6298828125,5.819030404090881,0.038604736328125,0.2696682810783386,0.13372008502483368,18.946210145950317,0.8970060348510742,0.19510434567928314,0.2663404941558838,0.004273701924830675,0.0016213697381317616,0.2694686949253082,obj_0103,79,global_fixed_low,10042
25.569214820861816,0.12227918952703476,16.48735284805298,0.9239900708198547,0.8828125,0.18363989889621735,15.509601831436157,0.8459806442260742,0.2223331183195114,10.814298391342163,0.5076292753219604,7.387232542037964,0.239013671875,5.357941627502441,0.51171875,0.30417442321777344,0.026397705078125,0.13765022158622742,0.63671875,6.4179253578186035,0.042694091796875,0.2625564634799957,0.16538874804973602,16.02871298789978,0.8561881184577942,0.1524997353553772,0.261667937040329,0.0037723996210843325,0.0020604305900633335,0.2573246955871582,obj_0104,80,global_fixed_low,10042
26.902239322662354,0.23027577996253967,18.537492752075195,0.9005473256111145,0.9869791666666666,0.28046858310699463,18.028979301452637,0.8503713011741638,0.13732454180717468,13.593316078186035,0.5619558095932007,7.379606485366821,0.129150390625,4.6900285085042315,0.2496337890625,0.27681639790534973,0.00807952880859375,0.25461503863334656,0.4228515625,12.468423843383789,0.08251953125,0.6268423199653625,0.273962140083313,18.085451126098633,0.8515245318412781,0.057781532406806946,0.24875104427337646,0.0010812401305884123,0.0015040856087580323,0.6406522393226624,obj_0105,81,global_fixed_low,10042
22.552099227905273,0.13040602207183838,19.733816385269165,0.9111425876617432,0.9388020833333334,0.1882544457912445,17.890294790267944,0.834815263748169,0.27793025970458984,9.701165556907654,0.44212159514427185,7.505784511566162,0.1953125,5.308142979939778,0.44580078125,0.3083439767360687,0.02294921875,0.16051635146141052,0.59228515625,10.952295064926147,0.10455322265625,0.26454901695251465,0.17860019207000732,18.109915256500244,0.8407377600669861,0.3177783191204071,0.44308602809906006,0.0188438817858696,0.003925947938114405,0.26567843556404114,obj_0106,82,global_fixed_low,10042
24.19717311859131,0.17873604595661163,16.123833656311035,0.9159537553787231,0.97265625,0.2276802957057953,15.442874431610107,0.8472772240638733,0.16698448359966278,10.41940450668335,0.483690470457077,7.3801820278167725,0.27587890625,5.017101128896077,0.59716796875,0.2814927101135254,0.02691650390625,0.1930209994316101,0.59375,6.481495499610901,0.04156494140625,0.29223594069480896,0.21952825784683228,15.558923482894897,0.8496648073196411,0.12967337667942047,0.26186197996139526,0.002863853005692363,0.0016185661079362035,0.29471901059150696,obj_0107,83,global_fixed_low,10042
24.815869331359863,0.17307430505752563,16.22017741203308,0.9147700071334839,0.9622395833333334,0.21995118260383606,15.556230545043945,0.8424806594848633,0.1849920153617859,10.20902395248413,0.48083242774009705,7.273348093032837,0.2763671875,5.41415532430013,0.5771484375,0.29136693477630615,0.0303802490234375,0.18950219452381134,0.5869140625,6.667535305023193,0.043914794921875,0.29107794165611267,0.2114924043416977,15.71692705154419,0.8458446860313416,0.14504314959049225,0.25923165678977966,0.003415843704715371,0.001641182112507522,0.2922482192516327,obj_0108,84,global_fixed_low,10042
25.268585681915283,0.16700942814350128,18.534963130950928,0.9049205780029297,0.9583333333333334,0.21215179562568665,17.647491693496704,0.8454056978225708,0.18433183431625366,11.606472730636597,0.4777718782424927,7.348843336105347,0.163330078125,5.233129501342773,0.3759765625,0.28368571400642395,0.01248931884765625,0.18268564343452454,0.46923828125,10.62854528427124,0.08563232421875,0.44678810238838196,0.20404963195323944,17.82427668571472,0.8493950366973877,0.15414002537727356,0.2684005796909332,0.005660196766257286,0.0017597312107682228,0.45738810300827026,obj_0109,85,global_fixed_low,10042
26.19187593460083,0.17446200549602509,19.327255487442017,0.9346007108688354,0.9635416666666666,0.22703200578689575,18.49927067756653,0.8815698027610779,0.21005281805992126,13.374894857406616,0.6095291376113892,7.545831203460693,0.109130859375,4.223975817362468,0.216796875,0.2863294184207916,0.007068634033203125,0.20249739289283752,0.44091796875,12.068679332733154,0.07464599609375,0.6868303418159485,0.21546794474124908,18.656001091003418,0.8837351202964783,0.05485052987933159,0.24916091561317444,0.0011344541562721133,0.0016730991192162037,0.701927900314331,obj_0110,86,global_fixed_low,10042
26.21163845062256,0.18865960836410522,18.57559084892273,0.9058200120925903,0.9713541666666666,0.23537655174732208,17.8824782371521,0.8516144156455994,0.1630859673023224,12.780020236968994,0.5277348160743713,7.3691887855529785,0.1282958984375,4.553879578908284,0.28857421875,0.2906102240085602,0.0099945068359375,0.21115893125534058,0.46435546875,11.286948919296265,0.0953369140625,0.5341494083404541,0.22536900639533997,18.005902767181396,0.8540690541267395,0.10635319352149963,0.2581503689289093,0.0036483979783952236,0.0017374219605699182,0.546033501625061,obj_0111,87,global_fixed_low,10042
27.86820411682129,0.1995297372341156,18.90558123588562,0.9233604073524475,0.9752604166666666,0.24811790883541107,18.385112285614014,0.8722252249717712,0.16668996214866638,14.569851160049438,0.5856369137763977,7.398714303970337,0.11962890625,4.3322075208028155,0.2276611328125,0.28676724433898926,0.00812530517578125,0.2213684767484665,0.43017578125,12.135951519012451,0.07586669921875,0.6686403155326843,0.23678584396839142,18.490610122680664,0.8739237189292908,0.05419936403632164,0.2504262328147888,0.001048977137543261,0.0017534896032884717,0.6845526695251465,obj_0112,88,global_fixed_low,10042
27.57746934890747,0.24511049687862396,17.756046056747437,0.852229654788971,1.0,0.28118354082107544,17.434502840042114,0.8004069924354553,0.2232549637556076,12.907217741012573,0.5033839344978333,7.4276745319366455,0.1343994140625,4.769346714019775,0.307373046875,0.2876078486442566,0.00997161865234375,0.27543583512306213,0.470703125,11.947035789489746,0.11614990234375,0.46323657035827637,0.28118354082107544,17.434502840042114,0.8004069924354553,0.187291219830513,0.2633059024810791,0.004907330498099327,0.014601333066821098,0.47000834345817566,obj_0113,89,global_fixed_low,10042
27.843568325042725,0.2882206439971924,17.355875968933105,0.7623175382614136,1.0,0.31682848930358887,17.108745574951172,0.7179378867149353,0.17473922669887543,12.560783624649048,0.5009792447090149,7.35613226890564,0.11724853515625,4.6430708567301435,0.390869140625,0.31684133410453796,0.014678955078125,0.3328578472137451,0.481689453125,12.732417583465576,0.11376953125,0.28398773074150085,0.31682848930358887,17.108745574951172,0.7179378867149353,0.21162176132202148,0.2891406714916229,0.00744057958945632,0.0229384396225214,0.2824645936489105,obj_0114,90,global_fixed_low,10042
29.09926176071167,0.23164021968841553,17.879047393798828,0.8254886865615845,1.0,0.25669336318969727,17.653218507766724,0.7842932939529419,0.19717296957969666,12.63650894165039,0.5339498519897461,7.395700216293335,0.1314697265625,4.795670827229817,0.333251953125,0.31438881158828735,0.0135498046875,0.29443836212158203,0.489990234375,12.549220323562622,0.09619140625,0.4367564022541046,0.25669336318969727,17.653218507766724,0.7842932939529419,0.17693933844566345,0.25564128160476685,0.004461248870939016,0.015084557235240936,0.43960443139076233,obj_0115,91,global_fixed_low,10042
26.937029361724854,0.23876798152923584,17.919137477874756,0.8598448038101196,0.96875,0.2842234671115875,17.409316301345825,0.8061320185661316,0.23217514157295227,13.298382759094238,0.5151974558830261,7.250056505203247,0.10064697265625,4.05032205581665,0.2271728515625,0.28160595893859863,0.005733489990234375,0.29208409786224365,0.45263671875,12.452269792556763,0.08734130859375,0.5169553756713867,0.2726577818393707,17.545793056488037,0.8103201985359192,0.2018238753080368,0.2630058228969574,0.005248560104519129,0.025587180629372597,0.5246254801750183,obj_0116,92,global_fixed_low,10042
24.719133377075195,0.19343414902687073,19.61456537246704,0.910778284072876,0.9583333333333334,0.24572627246379852,18.499213457107544,0.8556771874427795,0.2523219585418701,11.601442098617554,0.5694541931152344,7.169371843338013,0.1405029296875,4.902437051137288,0.285888671875,0.31699222326278687,0.0134429931640625,0.2533898949623108,0.482421875,12.787072658538818,0.097412109375,0.5970364212989807,0.23624390363693237,18.664218187332153,0.8592293858528137,0.1370222270488739,0.2445179671049118,0.003473168471828103,0.029184577986598015,0.6052227020263672,obj_0117,93,global_fixed_low,10042
24.07578468322754,0.13203534483909607,18.23227286338806,0.9378738403320312,0.9296875,0.21872369945049286,17.041950225830078,0.8555134534835815,0.2703983783721924,11.96658730506897,0.582595705986023,7.288593053817749,0.155517578125,4.976626078287761,0.367919921875,0.3298771381378174,0.019439697265625,0.16045497357845306,0.568359375,8.162732720375061,0.0887451171875,0.43243032693862915,0.20478135347366333,17.316383123397827,0.8599581122398376,0.1668141931295395,0.23406799137592316,0.004360115621238947,0.021721437573432922,0.434192955493927,obj_0118,94,global_fixed_low,10042
26.334235668182373,0.1734154373407364,16.802213191986084,0.889033854007721,0.87890625,0.22243264317512512,15.880875587463379,0.820445716381073,0.18738561868667603,11.673663854598999,0.5162075161933899,7.187331914901733,0.215087890625,5.4515682856241865,0.461669921875,0.2828340232372284,0.0189056396484375,0.21196970343589783,0.54052734375,8.996044993400574,0.09271240234375,0.3704782724380493,0.20248295366764069,16.416330337524414,0.8355399370193481,0.17025117576122284,0.2572189271450043,0.0054967510513961315,0.025911446660757065,0.3755285143852234,obj_0119,95,global_fixed_low,10042
22.95461893081665,0.13470736145973206,18.130439519882202,0.9247499108314514,0.875,0.203571617603302,16.467334032058716,0.8354763984680176,0.2574719190597534,10.117188692092896,0.46710681915283203,7.264933109283447,0.220458984375,5.180471102396647,0.46484375,0.28652259707450867,0.0226287841796875,0.16965658962726593,0.55224609375,8.545193076133728,0.06683349609375,0.35495471954345703,0.1865406036376953,17.014240026474,0.8482189178466797,0.24757073819637299,0.26410478353500366,0.007565638050436974,0.012355881743133068,0.3659842312335968,obj_0120,96,global_fixed_low,10042
26.762874126434326,0.20788978040218353,16.697529554367065,0.8429734706878662,0.96875,0.24091321229934692,16.243431568145752,0.7814694046974182,0.34738779067993164,10.546795129776001,0.43834903836250305,7.294327020645142,0.15771484375,4.936697483062744,0.3896484375,0.30426615476608276,0.0158538818359375,0.21741636097431183,0.5009765625,10.134211778640747,0.08502197265625,0.3141297399997711,0.23337943851947784,16.376287937164307,0.7862644791603088,0.3821922242641449,0.30289405584335327,0.020298823714256287,0.012395171448588371,0.31993499398231506,obj_0121,97,global_fixed_low,10042
25.050475597381592,0.20446336269378662,20.90487241744995,0.9017036557197571,0.9713541666666666,0.24152414500713348,19.657773971557617,0.8478907346725464,0.27472174167633057,11.444644927978516,0.5662681460380554,7.455524682998657,0.12451171875,4.614354928334554,0.271240234375,0.30674803256988525,0.01033782958984375,0.25700345635414124,0.469970703125,14.449727535247803,0.08941650390625,0.5767704248428345,0.23271316289901733,19.772460460662842,0.8505268096923828,0.16163936257362366,0.2703399956226349,0.005224304273724556,0.038254931569099426,0.5844894051551819,obj_0122,98,global_fixed_low,10042
29.05797243118286,0.22402700781822205,17.36413836479187,0.7881438136100769,0.9765625,0.25342339277267456,17.063509225845337,0.7380449175834656,0.22699597477912903,12.884001731872559,0.495634526014328,7.3203959465026855,0.1129150390625,4.502566814422607,0.312744140625,0.2919846475124359,0.0101318359375,0.26745837926864624,0.4736328125,12.280036211013794,0.0933837890625,0.31265076994895935,0.24562609195709229,17.165895700454712,0.7428838014602661,0.26858603954315186,0.2883412837982178,0.012006961740553379,0.04174976050853729,0.3124440312385559,obj_0123,99,global_fixed_low,10042
24.929709434509277,0.11574170738458633,22.266395092010498,0.9219405055046082,0.9505208333333334,0.16558150947093964,20.47023057937622,0.8583860397338867,0.3592502176761627,12.05610990524292,0.5838699340820312,7.435104846954346,0.1226806640625,4.727571805318196,0.2666015625,0.3192708194255829,0.01151275634765625,0.15248335897922516,0.478271484375,14.42388653755188,0.1146240234375,0.535851001739502,0.15628232061862946,20.644989013671875,0.8620815277099609,0.2368587702512741,0.3038639426231384,0.007337926886975765,0.09250346571207047,0.5434150695800781,obj_0124,100,global_fixed_low,10042
20.69068431854248,0.07813682407140732,24.027605056762695,0.9611854553222656,1.0,0.20247280597686768,19.201161861419678,0.8584367632865906,0.4747213125228882,11.484092473983765,0.4357607364654541,7.338809967041016,0.2205810546875,5.3598982493082685,0.544921875,0.28775063157081604,0.0232696533203125,0.09818317741155624,0.37158203125,11.40284776687622,0.088623046875,0.2646891474723816,0.20247280597686768,19.201161861419678,0.8584367632865906,0.7234693765640259,0.3040240406990051,0.04614245146512985,0.07310483604669571,0.2732769846916199,obj_0125,101,global_fixed_low,10042
26.29835844039917,0.2621622681617737,17.833693027496338,0.8297227025032043,1.0,0.29526764154434204,17.422454357147217,0.7864626049995422,0.20739448070526123,12.92225956916809,0.47420990467071533,7.353307723999023,0.1295166015625,4.741294542948405,0.30517578125,0.27761030197143555,0.00705718994140625,0.30383867025375366,0.46240234375,12.641974687576294,0.10821533203125,0.4408279061317444,0.29526764154434204,17.422454357147217,0.7864626049995422,0.19599714875221252,0.26958879828453064,0.005660509690642357,0.029026642441749573,0.44696763157844543,obj_0126,102,global_fixed_low,10042
25.62187433242798,0.152806356549263,19.07013773918152,0.9062313437461853,0.9700520833333334,0.19551752507686615,18.19185972213745,0.84395831823349,0.29534268379211426,12.478886842727661,0.5286088585853577,7.263078451156616,0.196044921875,5.025990009307861,0.460693359375,0.3087170422077179,0.0265350341796875,0.18854859471321106,0.560546875,10.421950817108154,0.0648193359375,0.3596978485584259,0.18793068826198578,18.310943841934204,0.8467239737510681,0.27332407236099243,0.2592402994632721,0.0063325464725494385,0.022780926898121834,0.36534926295280457,obj_0127,103,global_fixed_low,10042
25.959954261779785,0.2015077918767929,19.262568950653076,0.8924944996833801,0.97265625,0.24782168865203857,18.478423357009888,0.8408430814743042,0.30222466588020325,12.889213562011719,0.5722501277923584,7.392005205154419,0.1265869140625,4.39450470606486,0.264404296875,0.28160732984542847,0.00893402099609375,0.24816782772541046,0.47265625,12.684059143066406,0.10260009765625,0.5123077630996704,0.2385513186454773,18.592265844345093,0.8438431620597839,0.21120308339595795,0.2474745810031891,0.006030976306647062,0.04633096233010292,0.5175094604492188,obj_0128,104,global_fixed_low,10042
24.034595489501953,0.13067182898521423,20.046825408935547,0.9254710078239441,0.8984375,0.21479123830795288,18.309966325759888,0.8354748487472534,0.38477203249931335,11.138579845428467,0.46368148922920227,7.268704652786255,0.200927734375,5.439225196838379,0.49560546875,0.29534900188446045,0.020660400390625,0.164091557264328,0.50390625,10.638713836669922,0.061920166015625,0.3673522174358368,0.19336606562137604,18.73231530189514,0.8449322581291199,0.34865474700927734,0.279870867729187,0.014924325980246067,0.02691086195409298,0.37375175952911377,obj_0129,105,global_fixed_low,10042
31.051390171051025,0.22074225544929504,18.057196140289307,0.8779066205024719,0.90234375,0.2684757709503174,17.454766035079956,0.8229722380638123,0.2070125788450241,13.629876375198364,0.5509524345397949,7.45260763168335,0.1279296875,4.341105302174886,0.271728515625,0.2837972044944763,0.00904083251953125,0.26216089725494385,0.46728515625,11.812447309494019,0.06646728515625,0.5090158581733704,0.24215269088745117,17.894092798233032,0.8349215388298035,0.1494506150484085,0.24711255729198456,0.0036501544527709484,0.016417790204286575,0.5182807445526123,obj_0130,106,global_fixed_low,10042
21.73283338546753,0.08264105767011642,26.965274810791016,0.9880440831184387,0.953125,0.19245877861976624,20.552191734313965,0.895129919052124,0.5459875464439392,10.976784229278564,0.489481121301651,7.28713846206665,0.22607421875,5.303481896718343,0.703125,0.32323598861694336,0.035675048828125,0.08435922861099243,0.2744140625,8.668192625045776,0.042388916015625,0.20255747437477112,0.18091925978660583,20.643980503082275,0.8963831663131714,1.4080326557159424,0.38385871052742004,0.10154977440834045,0.02244797721505165,0.20896141231060028,obj_0131,107,global_fixed_low,10042
28.225033283233643,0.2615409791469574,18.4437358379364,0.8446575999259949,1.0,0.2807982265949249,18.120534420013428,0.7973482012748718,0.2387961447238922,12.433257102966309,0.48300960659980774,7.1716461181640625,0.12744140625,4.5175855954488116,0.309814453125,0.30098456144332886,0.01108551025390625,0.2960083484649658,0.48876953125,12.68193244934082,0.10711669921875,0.4103035032749176,0.2807982265949249,18.120534420013428,0.7973482012748718,0.20317751169204712,0.2702893316745758,0.0052732741460204124,0.027877528220415115,0.4165593087673187,obj_0132,108,global_fixed_low,10042
25.549790859222412,0.15358106791973114,18.436919450759888,0.9063237309455872,0.955078125,0.22594872117042542,17.57757067680359,0.8323374390602112,0.3489812910556793,13.006495237350464,0.591835081577301,7.263894557952881,0.179931640625,5.002191225687663,0.427490234375,0.3484993577003479,0.02960205078125,0.17914730310440063,0.6044921875,9.386980533599854,0.09490966796875,0.25658464431762695,0.21838130056858063,17.754271030426025,0.8364160060882568,0.31769323348999023,0.26378121972084045,0.012657334096729755,0.11685412377119064,0.25053486227989197,obj_0133,109,global_fixed_low,10042
26.000232696533203,0.22628746926784515,17.761738300323486,0.8616284132003784,1.0,0.25562384724617004,17.290796041488647,0.8092318773269653,0.25160861015319824,11.6227388381958,0.47679606080055237,7.149744749069214,0.170166015625,4.6949143409729,0.303466796875,0.29314276576042175,0.01445770263671875,0.2545437812805176,0.548828125,11.500581502914429,0.06597900390625,0.42069584131240845,0.25562384724617004,17.290796041488647,0.8092318773269653,0.250095397233963,0.25981566309928894,0.007282560225576162,0.03985477238893509,0.42779624462127686,obj_0134,110,global_fixed_low,10042
25.893981456756592,0.19923947751522064,20.866446495056152,0.8934705853462219,0.96875,0.23509296774864197,19.764972925186157,0.8341359496116638,0.25670790672302246,11.141726970672607,0.5205874443054199,7.235858201980591,0.146240234375,4.749321301778157,0.3212890625,0.3282756805419922,0.01529693603515625,0.2501192092895508,0.4892578125,13.726669549942017,0.125,0.5234239101409912,0.2258751392364502,19.88513946533203,0.8371787667274475,0.2029513269662857,0.2876194417476654,0.004951754584908485,0.033055029809474945,0.5349345803260803,obj_0135,111,global_fixed_low,10042
23.50473642349243,0.19784393906593323,18.619543313980103,0.8594537377357483,0.96484375,0.25448137521743774,17.5003981590271,0.7912163138389587,0.2593449354171753,12.151023149490356,0.4744892716407776,7.302140951156616,0.147705078125,4.842269102732341,0.354736328125,0.2881259322166443,0.0111236572265625,0.2285667359828949,0.469482421875,12.183302640914917,0.1351318359375,0.40111836791038513,0.242253378033638,17.647204399108887,0.7962958216667175,0.26281067728996277,0.2725070118904114,0.0065472424030303955,0.04264771565794945,0.4076310396194458,obj_0136,112,global_fixed_low,10042
27.29769229888916,0.24077516794204712,18.294769525527954,0.8573671579360962,1.0,0.2631576955318451,17.902586460113525,0.8089240193367004,0.2741863429546356,12.452391386032104,0.4948973059654236,7.334799528121948,0.11846923828125,4.4567240079243975,0.291259765625,0.28930407762527466,0.009185791015625,0.2817463278770447,0.48291015625,12.253354787826538,0.09710693359375,0.39706239104270935,0.2631576955318451,17.902586460113525,0.8089240193367004,0.2100336253643036,0.26141083240509033,0.005336526781320572,0.09749115258455276,0.40226292610168457,obj_0137,113,global_fixed_low,10042
24.528067111968994,0.16612252593040466,21.873788833618164,0.9166725873947144,0.9635416666666666,0.21290132403373718,20.17890214920044,0.8612393140792847,0.29236724972724915,11.591309309005737,0.5772885680198669,7.270832538604736,0.11895751953125,4.666668891906738,0.2470703125,0.2920055091381073,0.0095977783203125,0.23837217688560486,0.470703125,15.018918514251709,0.08807373046875,0.611950695514679,0.20507986843585968,20.318152904510498,0.8642418384552002,0.14858193695545197,0.25022217631340027,0.0037258786614984274,0.012834601104259491,0.6184874773025513,obj_0138,114,global_fixed_low,10042
25.672614574432373,0.33404070138931274,17.920100688934326,0.8022231459617615,1.0,0.36785179376602173,17.48744249343872,0.7658693790435791,0.1660321205854416,13.986269235610962,0.5201989412307739,7.434275150299072,0.09503173828125,4.216259320576985,0.269775390625,0.29319554567337036,0.0070343017578125,0.37697434425354004,0.44091796875,13.668005466461182,0.11456298828125,0.48349815607070923,0.36785179376602173,17.48744249343872,0.7658693790435791,0.1326534003019333,0.24646712839603424,0.0024591863621026278,0.018269041553139687,0.4868708848953247,obj_0139,115,global_fixed_low,10042
23.852641582489014,0.15839844942092896,17.247416973114014,0.8975618481636047,0.92578125,0.19865015149116516,16.194275617599487,0.829649806022644,0.2781940698623657,10.67933440208435,0.4825385808944702,7.364047050476074,0.2174072265625,5.3352657953898115,0.45751953125,0.29314711689949036,0.021392822265625,0.1893208622932434,0.5712890625,9.074503183364868,0.08697509765625,0.3691089153289795,0.18749386072158813,16.509380340576172,0.8374366164207458,0.24976295232772827,0.26544108986854553,0.010040730237960815,0.037731874734163284,0.37559574842453003,obj_0140,116,global_fixed_low,10042
24.594786167144775,0.1487477570772171,21.448533535003662,0.9204646348953247,0.9544270833333334,0.1986902952194214,19.822371006011963,0.8595417141914368,0.35662028193473816,11.907316446304321,0.5672255754470825,7.337072372436523,0.126708984375,4.751307010650635,0.267822265625,0.319129079580307,0.01139068603515625,0.2049580216407776,0.4951171875,13.893355131149292,0.09326171875,0.5729378461837769,0.18727093935012817,19.98879075050354,0.8632407784461975,0.19165098667144775,0.28021854162216187,0.00681772967800498,0.014757178723812103,0.5811881422996521,obj_0141,117,global_fixed_low,10042
25.213043689727783,0.21460255980491638,20.147581100463867,0.9006065726280212,0.9739583333333334,0.2597731351852417,19.112874269485474,0.8483851552009583,0.25037646293640137,11.450121402740479,0.5645322203636169,7.264939785003662,0.1263427734375,4.7173686027526855,0.280517578125,0.3176030218601227,0.01116180419921875,0.2883138060569763,0.484130859375,13.814862966537476,0.09710693359375,0.5862591862678528,0.24969765543937683,19.21678900718689,0.8507624268531799,0.12156036496162415,0.25740623474121094,0.0033236374147236347,0.018736369907855988,0.5932848453521729,obj_0142,118,global_fixed_low,10042
24.86318588256836,0.1496361345052719,18.267463445663452,0.9205597639083862,0.97265625,0.20497940480709076,17.403661012649536,0.8449773192405701,0.3276919424533844,13.43056321144104,0.5646002292633057,7.364436388015747,0.1663818359375,5.013062000274658,0.33740234375,0.31911662220954895,0.01605224609375,0.17575234174728394,0.5556640625,9.247506856918335,0.08197021484375,0.41856271028518677,0.20113055408000946,17.506345510482788,0.8469434380531311,0.24504156410694122,0.26036062836647034,0.008914177305996418,0.04469728097319603,0.4227893054485321,obj_0143,119,global_fixed_low,10042
22.242677211761475,0.1653258204460144,20.239908695220947,0.9000550508499146,0.9765625,0.2284063994884491,18.3253812789917,0.8183296918869019,0.3367498815059662,11.089599132537842,0.4375876486301422,7.160614728927612,0.16796875,5.275021076202393,0.377685546875,0.29291537404060364,0.01629638671875,0.2146773636341095,0.47607421875,12.684224843978882,0.048126220703125,0.4140346348285675,0.22372019290924072,18.42189073562622,0.8208582997322083,0.3270147144794464,0.30215367674827576,0.013628900982439518,0.044480081647634506,0.4256589114665985,obj_0144,120,global_fixed_low,10042
22.94621706008911,0.13358959555625916,20.071213245391846,0.9199954271316528,0.92578125,0.23184086382389069,18.136026859283447,0.8260253667831421,0.4194745719432831,11.352965831756592,0.4258277714252472,7.325880527496338,0.2088623046875,5.582406997680664,0.525390625,0.2825714349746704,0.0185394287109375,0.16117721796035767,0.44140625,10.739243030548096,0.056671142578125,0.31045544147491455,0.21585771441459656,18.44060778617859,0.8336578011512756,0.47903671860694885,0.3117027282714844,0.02125018835067749,0.017786409705877304,0.3142749071121216,obj_0145,121,global_fixed_low,10042
26.2311053276062,0.2741122245788574,16.774368286132812,0.8212782740592957,1.0,0.3076101541519165,16.439086198806763,0.7727775573730469,0.23495104908943176,11.873699426651001,0.49512192606925964,7.463316202163696,0.12237548828125,4.543239275614421,0.30859375,0.2990613281726837,0.0096282958984375,0.3075864613056183,0.521484375,11.424827575683594,0.16064453125,0.4004864990711212,0.3076101541519165,16.439086198806763,0.7727775573730469,0.21862481534481049,0.27440181374549866,0.005960461217910051,0.04090346395969391,0.40292537212371826,obj_0146,122,global_fixed_low,10042
27.12472438812256,0.225824773311615,18.539719581604004,0.850008487701416,1.0,0.2561724781990051,18.116034269332886,0.8024177551269531,0.2075044810771942,12.832221984863281,0.49358558654785156,7.158350706100464,0.1282958984375,4.456178029378255,0.294921875,0.28341415524482727,0.0089874267578125,0.2724502980709076,0.5078125,12.692759037017822,0.107421875,0.43373245000839233,0.2561724781990051,18.116034269332886,0.8024177551269531,0.19479456543922424,0.25397157669067383,0.004251335747539997,0.025588808581233025,0.43878936767578125,obj_0147,123,global_fixed_low,10042
24.302284717559814,0.232065349817276,17.803131341934204,0.8488117456436157,0.953125,0.27965033054351807,16.932579278945923,0.7842344045639038,0.24777254462242126,12.502810955047607,0.4992099404335022,7.326878309249878,0.1827392578125,5.3495987256368,0.401611328125,0.2965589761734009,0.0162811279296875,0.25708872079849243,0.515625,11.666529178619385,0.12127685546875,0.41518181562423706,0.2691081762313843,17.12345600128174,0.7913026213645935,0.21110756695270538,0.2667091488838196,0.0057845995761454105,0.0882837250828743,0.4207354187965393,obj_0148,124,global_fixed_low,10042
21.482479572296143,0.13624203205108643,19.148958921432495,0.9141161441802979,0.90234375,0.22656694054603577,16.934926509857178,0.8141418099403381,0.41543900966644287,10.371642112731934,0.3867911696434021,7.251348257064819,0.2391357421875,5.572339057922363,0.57763671875,0.28725311160087585,0.02630615234375,0.15867245197296143,0.494140625,9.77683961391449,0.0726318359375,0.2623032331466675,0.20885702967643738,17.3396897315979,0.8254702687263489,0.5261200666427612,0.3162422776222229,0.02702915668487549,0.019589101895689964,0.2699181139469147,obj_0149,125,global_fixed_low,10042
27.00629472732544,0.2786144018173218,15.839935541152954,0.8198374509811401,1.0,0.30686527490615845,15.610111951828003,0.7692995071411133,0.18890181183815002,11.770989894866943,0.48244529962539673,7.301350831985474,0.139892578125,4.773817380269368,0.37890625,0.30462631583213806,0.0132904052734375,0.3259217143058777,0.51171875,10.45088529586792,0.0997314453125,0.3890341818332672,0.30686527490615845,15.610111951828003,0.7692995071411133,0.15140743553638458,0.2746817469596863,0.0057334937155246735,0.01141293253749609,0.39415520429611206,obj_0150,126,global_fixed_low,10042
24.926364421844482,0.18265564739704132,21.40385866165161,0.8965549468994141,0.9622395833333334,0.2224835306406021,19.96248722076416,0.8415862917900085,0.2894914448261261,11.041175127029419,0.5621367692947388,7.377806663513184,0.135986328125,4.86661942799886,0.2919921875,0.31154248118400574,0.01251983642578125,0.2391984909772873,0.489013671875,14.813628196716309,0.1005859375,0.5501869320869446,0.21394425630569458,20.110385417938232,0.8454761505126953,0.19801324605941772,0.2692795395851135,0.0073119597509503365,0.016640322282910347,0.5562294721603394,obj_0151,127,global_fixed_low,10042
27.793738842010498,0.31600022315979004,18.619781732559204,0.8541555404663086,1.0,0.33506688475608826,18.282504081726074,0.8080805540084839,0.23173946142196655,13.828811645507812,0.5417891144752502,7.30659556388855,0.092041015625,3.87978188196818,0.2215576171875,0.28684374690055847,0.005634307861328125,0.3360697329044342,0.42431640625,13.835262060165405,0.09783935546875,0.5850198268890381,0.33506688475608826,18.282504081726074,0.8080805540084839,0.12837988138198853,0.24506591260433197,0.002741163596510887,0.020510096102952957,0.5963069200515747,obj_0152,128,global_fixed_low,10042
24.816243648529053,0.13765676319599152,19.93131399154663,0.9002779126167297,0.9544270833333334,0.18552842736244202,18.730517625808716,0.8386902213096619,0.3196896016597748,11.626694202423096,0.5484093427658081,7.2005181312561035,0.14208984375,4.858420372009277,0.30078125,0.320690780878067,0.014678955078125,0.1848624348640442,0.50146484375,12.476738691329956,0.07958984375,0.46496662497520447,0.1754254698753357,18.905715942382812,0.8432339429855347,0.2565097212791443,0.27891767024993896,0.007533205207437277,0.022151075303554535,0.47026553750038147,obj_0153,129,global_fixed_low,10042
24.501872062683105,0.20037126541137695,20.380609035491943,0.8843356370925903,0.94921875,0.2587163746356964,19.03935432434082,0.8180806040763855,0.22478745877742767,13.45391035079956,0.49870702624320984,7.203979253768921,0.11968994140625,4.466275850931804,0.276611328125,0.28329548239707947,0.007114410400390625,0.24396249651908875,0.4189453125,14.113986492156982,0.06927490234375,0.5149224400520325,0.24272353947162628,19.255601167678833,0.824261486530304,0.18021942675113678,0.2646503150463104,0.0040034945122897625,0.02087997831404209,0.5281128287315369,obj_0154,130,global_fixed_low,10042
24.405295848846436,0.18353834748268127,18.679267168045044,0.8952944278717041,0.9752604166666666,0.22974756360054016,17.707523107528687,0.8372951745986938,0.2707986831665039,11.375505924224854,0.49946388602256775,7.353918790817261,0.20849609375,5.298662503560384,0.3837890625,0.29001593589782715,0.0186614990234375,0.2119223028421402,0.5517578125,10.911715030670166,0.06927490234375,0.3737083077430725,0.2223866581916809,17.805676460266113,0.8397133946418762,0.2920228838920593,0.2916662096977234,0.008858039043843746,0.016410458832979202,0.3815977871417999,obj_0155,131,global_fixed_low,10042
23.260414600372314,0.14003707468509674,19.964464902877808,0.9259390234947205,0.88671875,0.21822839975357056,17.970374822616577,0.8343161344528198,0.3735866844654083,10.103012323379517,0.4368673861026764,7.330625295639038,0.239501953125,5.640045642852783,0.5537109375,0.29018455743789673,0.0265350341796875,0.16017785668373108,0.525390625,10.21148681640625,0.072998046875,0.3187718093395233,0.20041203498840332,18.44582200050354,0.8448772430419922,0.3750142455101013,0.2904622554779053,0.01612662896513939,0.07360956072807312,0.3214825987815857,obj_0156,132,global_fixed_low,10042
22.339746952056885,0.12818482518196106,20.165855884552002,0.9260207414627075,0.921875,0.2022819221019745,17.97636866569519,0.8423612117767334,0.3343242108821869,10.70973515510559,0.46529003977775574,7.223741769790649,0.2060546875,5.498141606648763,0.52783203125,0.2881213128566742,0.0202484130859375,0.16876628994941711,0.50537109375,10.740264654159546,0.0748291015625,0.3622368276119232,0.1872158646583557,18.29911231994629,0.8495805859565735,0.34297722578048706,0.27757376432418823,0.0127717899158597,0.015471153892576694,0.36485734581947327,obj_0157,133,global_fixed_low,10042
27.519583702087402,0.22119730710983276,18.60159158706665,0.8573087453842163,1.0,0.24684596061706543,18.196842670440674,0.8094935417175293,0.292800635099411,11.510742902755737,0.5170720219612122,7.215391635894775,0.142578125,4.564757664998372,0.337158203125,0.3136272728443146,0.0142669677734375,0.24983949959278107,0.5615234375,12.378835678100586,0.1439208984375,0.3770293891429901,0.24684596061706543,18.196842670440674,0.8094935417175293,0.2616086006164551,0.28729140758514404,0.00792876910418272,0.04372735321521759,0.3814830780029297,obj_0158,134,global_fixed_low,10042
24.952945709228516,0.18592919409275055,18.50124716758728,0.8729419708251953,0.97265625,0.24225333333015442,17.656837701797485,0.8048800230026245,0.24721835553646088,12.107511758804321,0.39918720722198486,7.387942552566528,0.159423828125,4.891730944315593,0.357177734375,0.2935069799423218,0.01519012451171875,0.21566474437713623,0.483154296875,11.386436223983765,0.07403564453125,0.34941357374191284,0.2302781492471695,17.77365207672119,0.8085312843322754,0.32187485694885254,0.2693842947483063,0.01284603402018547,0.017379337921738625,0.3584930896759033,obj_0159,135,global_fixed_low,10042
29.516913890838623,0.20827439427375793,18.940892219543457,0.8934692740440369,0.90625,0.25177592039108276,18.239060640335083,0.8378245234489441,0.1941458284854889,14.618414640426636,0.5431414842605591,7.227142095565796,0.130859375,4.547608057657878,0.283203125,0.281211793422699,0.0076904296875,0.23971131443977356,0.45849609375,12.304681539535522,0.0797119140625,0.5395120978355408,0.23384402692317963,18.652832508087158,0.8477397561073303,0.13656124472618103,0.2472257912158966,0.002477447735145688,0.004647601395845413,0.5509272813796997,obj_0160,136,global_fixed_low,10042
26.013593673706055,0.1584526002407074,17.408194541931152,0.9212716221809387,0.931640625,0.23249879479408264,16.626346111297607,0.8453109264373779,0.41202035546302795,12.017282247543335,0.5730994343757629,7.242069721221924,0.1907958984375,4.951134204864502,0.43603515625,0.34143921732902527,0.0302581787109375,0.16805307567119598,0.61083984375,8.018930554389954,0.07391357421875,0.33921098709106445,0.21513129770755768,16.908270120620728,0.8505730628967285,0.29891592264175415,0.27020254731178284,0.013170911930501461,0.01782480627298355,0.33916908502578735,obj_0161,137,global_fixed_low,10042
24.826607704162598,0.17950256168842316,18.88420343399048,0.9036641716957092,1.0,0.22115083038806915,18.04198384284973,0.8387954831123352,0.1840989887714386,13.700578212738037,0.5510642528533936,7.198670387268066,0.1512451171875,5.046590487162272,0.34765625,0.303936243057251,0.015716552734375,0.2001468539237976,0.46826171875,10.904675722122192,0.111328125,0.42430728673934937,0.22115083038806915,18.04198384284973,0.8387954831123352,0.15280567109584808,0.2568351924419403,0.004311403259634972,0.03289598599076271,0.4318088889122009,obj_0162,138,global_fixed_low,10042
30.504624843597412,0.2130890190601349,19.98260498046875,0.8878255486488342,0.99609375,0.253054141998291,19.692996740341187,0.839887261390686,0.21671269834041595,14.868429899215698,0.5606191754341125,7.361222982406616,0.10589599609375,3.89176344871521,0.211181640625,0.2837209701538086,0.00617218017578125,0.24970793724060059,0.427734375,14.281232357025146,0.07061767578125,0.5929397344589233,0.2468244433403015,19.709864854812622,0.8402206301689148,0.14437955617904663,0.2520763576030731,0.002728832885622978,0.011544312350451946,0.6048387885093689,obj_0163,139,global_fixed_low,10042
26.827878952026367,0.18337854743003845,18.8413405418396,0.9109625220298767,0.8984375,0.23897507786750793,17.863184213638306,0.8414821624755859,0.2220403254032135,12.70440936088562,0.5270748138427734,7.41939902305603,0.1473388671875,4.710251331329346,0.30078125,0.28281503915786743,0.0104522705078125,0.2345857173204422,0.48828125,11.37636423110962,0.0745849609375,0.5245447754859924,0.2129521667957306,18.308706283569336,0.8513364791870117,0.1441381275653839,0.24601367115974426,0.0038464353419840336,0.006077165715396404,0.5369934439659119,obj_0164,140,global_fixed_low,10042
26.148836612701416,0.2073773741722107,18.160144090652466,0.8619861006736755,0.93359375,0.26062971353530884,17.375117540359497,0.8003267645835876,0.2296692579984665,12.259807586669922,0.4817500114440918,7.366604328155518,0.1328125,4.445470492045085,0.295166015625,0.2959079146385193,0.01146697998046875,0.24187569320201874,0.4619140625,12.0052170753479,0.1063232421875,0.46020030975341797,0.2425796240568161,17.66646385192871,0.8097298741340637,0.22053410112857819,0.2744780480861664,0.006085564848035574,0.04233326017856598,0.4706108868122101,obj_0165,141,global_fixed_low,10042
24.973528385162354,0.20064371824264526,20.526938438415527,0.9160658717155457,0.9609375,0.24587573111057281,19.289350509643555,0.8624735474586487,0.2879967987537384,11.263726949691772,0.5733678936958313,7.302686929702759,0.1343994140625,4.804935773213704,0.277587890625,0.318138062953949,0.012847900390625,0.2653314471244812,0.493896484375,13.791868686676025,0.10174560546875,0.6277927160263062,0.23602843284606934,19.444584846496582,0.8656001687049866,0.12164118885993958,0.2528317868709564,0.00500996271148324,0.016151290386915207,0.634911298751831,obj_0166,142,global_fixed_low,10042
28.41688632965088,0.25467145442962646,19.03069496154785,0.8489434123039246,1.0,0.2799418866634369,18.677345514297485,0.8025375008583069,0.268459290266037,13.113847970962524,0.5595515370368958,7.204624891281128,0.1363525390625,4.723970890045166,0.334228515625,0.30330201983451843,0.01322174072265625,0.2917710244655609,0.509765625,13.248155117034912,0.1285400390625,0.43401139974594116,0.2799418866634369,18.677345514297485,0.8025375008583069,0.19286185503005981,0.25800371170043945,0.0045198556035757065,0.030454635620117188,0.43783101439476013,obj_0167,143,global_fixed_low,10042
22.07852602005005,0.1057640016078949,21.513378620147705,0.9330102205276489,0.974609375,0.19554969668388367,18.89303207397461,0.8422848582267761,0.42422252893447876,11.136583089828491,0.4679171144962311,7.239522457122803,0.2034912109375,5.5696226755778,0.53759765625,0.29557374119758606,0.0289459228515625,0.13570630550384521,0.4384765625,11.37939453125,0.07183837890625,0.3099069595336914,0.1947421282529831,18.977937698364258,0.8442916870117188,0.49442967772483826,0.30333733558654785,0.026658920571208,0.04110421985387802,0.31098929047584534,obj_0168,144,global_fixed_low,10042
23.589234352111816,0.1490568071603775,18.549785614013672,0.8771489262580872,1.0,0.22587984800338745,17.554174661636353,0.8062171339988708,0.3534708023071289,11.511250734329224,0.4957643747329712,7.300584554672241,0.1298828125,4.729477723439534,0.30517578125,0.2991250455379486,0.0134124755859375,0.15595082938671112,0.476806640625,11.048928499221802,0.123291015625,0.3481701612472534,0.22587984800338745,17.554174661636353,0.8062171339988708,0.37661728262901306,0.3253326416015625,0.01863875426352024,0.10319437086582184,0.3510982096195221,obj_0169,145,global_fixed_low,10042
23.317575454711914,0.13434171676635742,19.08627152442932,0.9194170832633972,0.90234375,0.2088964283466339,17.417200803756714,0.83269864320755,0.35930994153022766,9.943488240242004,0.4697863757610321,7.453270435333252,0.21484375,5.397968928019206,0.53515625,0.29673096537590027,0.022491455078125,0.16886848211288452,0.56640625,9.642744064331055,0.06854248046875,0.3098769187927246,0.18849413096904755,17.83291220664978,0.8424347043037415,0.3658255934715271,0.2776336669921875,0.013055921532213688,0.0788893923163414,0.2986862361431122,obj_0170,146,global_fixed_low,10042
28.370795249938965,0.2892853915691376,17.205532789230347,0.8404411673545837,1.0,0.3115432858467102,16.970139741897583,0.793350338935852,0.21348252892494202,12.817827463150024,0.5251846313476562,7.427721738815308,0.13916015625,4.844271977742513,0.327392578125,0.28600484132766724,0.01009368896484375,0.32191821932792664,0.5068359375,11.545135974884033,0.1104736328125,0.4108939468860626,0.3115432858467102,16.970139741897583,0.793350338935852,0.15982599556446075,0.2388923019170761,0.003953326493501663,0.01682158187031746,0.4142225384712219,obj_0171,147,global_fixed_low,10042
25.781702995300293,0.2368721067905426,20.804617404937744,0.8759098052978516,1.0,0.2996881902217865,19.909567832946777,0.8149784803390503,0.33996832370758057,13.05721640586853,0.534026563167572,7.43461537361145,0.11785888671875,4.681938807169597,0.2464599609375,0.2954687476158142,0.00836944580078125,0.2739097476005554,0.40625,15.277242660522461,0.0888671875,0.5660836696624756,0.2996881902217865,19.909567832946777,0.8149784803390503,0.2100839763879776,0.2725330591201782,0.004925958346575499,0.01776338741183281,0.5730739235877991,obj_0172,148,global_fixed_low,10042
27.079355716705322,0.26083263754844666,18.175426721572876,0.8262567520141602,1.0,0.281995952129364,17.80295968055725,0.781200647354126,0.1996905356645584,13.14457654953003,0.5061299204826355,7.358858346939087,0.127685546875,4.761816660563151,0.29931640625,0.28537651896476746,0.009765625,0.3030272424221039,0.482666015625,13.007698059082031,0.0758056640625,0.41867706179618835,0.281995952129364,17.80295968055725,0.781200647354126,0.18737930059432983,0.2454172670841217,0.00450381962582469,0.038557618856430054,0.4223220646381378,obj_0173,149,global_fixed_low,10042
23.031208515167236,0.10753954946994781,20.64552068710327,0.9560449719429016,0.9765625,0.20778271555900574,18.706740140914917,0.8733900785446167,0.2973858416080475,12.07685112953186,0.5318440794944763,7.383224964141846,0.1949462890625,5.0967637697855634,0.40625,0.29706960916519165,0.01812744140625,0.13323622941970825,0.483154296875,9.239877462387085,0.06317138671875,0.41686898469924927,0.2042066752910614,18.782825469970703,0.8744710087776184,0.19691196084022522,0.2489616572856903,0.009643902070820332,0.009894275106489658,0.4284925162792206,obj_0174,150,global_fixed_low,10042
26.736907958984375,0.18521791696548462,18.074440956115723,0.9001677632331848,0.875,0.2316911667585373,17.049901485443115,0.8362968564033508,0.18426565825939178,11.773234605789185,0.515051543712616,7.394056081771851,0.1578369140625,4.865431785583496,0.345947265625,0.28440985083580017,0.01220703125,0.21184185147285461,0.525390625,10.417561531066895,0.09796142578125,0.4550269842147827,0.20962011814117432,17.61054515838623,0.8503044247627258,0.14757002890110016,0.2569872736930847,0.003495351877063513,0.02497464045882225,0.46541929244995117,obj_0175,151,global_fixed_low,10042
24.63224172592163,0.1706637293100357,20.352234840393066,0.8775860667228699,0.97265625,0.22475387156009674,19.120858907699585,0.8070081472396851,0.32014259696006775,11.829527616500854,0.4830346405506134,7.366396188735962,0.150634765625,4.880672295888265,0.316650390625,0.2883667051792145,0.01287841796875,0.19427210092544556,0.489013671875,13.648456335067749,0.151123046875,0.49529868364334106,0.21855731308460236,19.23450469970703,0.8105040192604065,0.2862650454044342,0.28827643394470215,0.00968936737626791,0.21248845756053925,0.5077167749404907,obj_0176,152,global_fixed_low,10042
23.96829605102539,0.12880875170230865,19.347405433654785,0.9018780589103699,1.0,0.16385729610919952,18.212332725524902,0.8329675197601318,0.36855828762054443,10.494115352630615,0.4932376742362976,7.3019304275512695,0.201171875,5.174344698588054,0.466796875,0.29443684220314026,0.0196380615234375,0.16207605600357056,0.6015625,10.631377696990967,0.06146240234375,0.2685806453227997,0.16385729610919952,18.212332725524902,0.8329675197601318,0.4164455235004425,0.2963387668132782,0.015074328519403934,0.09578045457601547,0.2678668797016144,obj_0177,153,global_fixed_low,10042
22.618274688720703,0.061889391392469406,33.55842113494873,0.9968804121017456,0.6640625,0.1800677627325058,22.11970806121826,0.9122768044471741,0.37303072214126587,14.764275550842285,0.728046715259552,7.329632997512817,0.2222900390625,5.233809947967529,0.483154296875,0.3304629623889923,0.01788330078125,0.041252393275499344,0.24658203125,8.629578948020935,0.02996826171875,0.15560953319072723,0.15429465472698212,22.29482412338257,0.914844810962677,0.9867140650749207,0.36507099866867065,0.09388323873281479,0.031841013580560684,0.1567397266626358,obj_0178,154,global_fixed_low,10042
28.73412847518921,0.21363535523414612,19.51472759246826,0.8687041401863098,1.0,0.24428501725196838,19.13306713104248,0.8162409663200378,0.17035837471485138,13.090832233428955,0.5437070727348328,7.356878042221069,0.134033203125,4.822073459625244,0.315185546875,0.28179416060447693,0.01197052001953125,0.2528865933418274,0.48486328125,13.179683685302734,0.14404296875,0.4731951057910919,0.24428501725196838,19.13306713104248,0.8162409663200378,0.15009821951389313,0.2594207525253296,0.006085127126425505,0.0638979822397232,0.4803045392036438,obj_0179,155,global_fixed_low,10042
21.588830947875977,0.07764209806919098,28.969850540161133,0.989994466304779,0.87109375,0.18288056552410126,20.680420398712158,0.8982939720153809,0.38985592126846313,11.56020998954773,0.5532233119010925,7.490612506866455,0.243896484375,5.558280944824219,0.59228515625,0.3139488101005554,0.020904541015625,0.0713643729686737,0.37890625,10.036628246307373,0.040985107421875,0.22666560113430023,0.16816425323486328,20.907037258148193,0.901366114616394,0.6623781323432922,0.30530861020088196,0.04554438591003418,0.03428703173995018,0.23496213555335999,obj_0180,156,global_fixed_low,10042
27.112927436828613,0.2127685546875,17.04333186149597,0.8826101422309875,0.95703125,0.2514696419239044,16.53526782989502,0.8324456214904785,0.17722591757774353,13.355810642242432,0.5436681509017944,7.327716588973999,0.1375732421875,4.682374795277913,0.294921875,0.2860749363899231,0.00970458984375,0.25173377990722656,0.52880859375,10.557661056518555,0.07415771484375,0.49780353903770447,0.24242465198040009,16.723973751068115,0.8370301127433777,0.10811791568994522,0.2474927455186844,0.003535184310749173,0.026583271101117134,0.5056113600730896,obj_0181,157,global_fixed_low,10042
23.951940536499023,0.10797634720802307,21.098766326904297,0.9392762780189514,0.83203125,0.20302443206310272,18.76078724861145,0.8505457639694214,0.30709075927734375,11.797386407852173,0.5062993168830872,7.343641757965088,0.1490478515625,4.807798544565837,0.338623046875,0.3130977749824524,0.01537322998046875,0.14743725955486298,0.544921875,11.436139345169067,0.08660888671875,0.43618783354759216,0.1783115565776825,19.448130130767822,0.8641991019248962,0.23312634229660034,0.2732958495616913,0.008919943124055862,0.09666670858860016,0.4455597698688507,obj_0182,158,global_fixed_low,10042
27.45060682296753,0.1993516981601715,17.76681423187256,0.8608193397521973,0.9765625,0.24286623299121857,17.31399178504944,0.8066872358322144,0.27268463373184204,12.171694040298462,0.5060523152351379,7.384069919586182,0.143310546875,4.829971790313721,0.350830078125,0.29089632630348206,0.01016998291015625,0.22778365015983582,0.5625,11.092151403427124,0.07275390625,0.35274574160575867,0.23186981678009033,17.414824962615967,0.8095335960388184,0.2695503234863281,0.2535691261291504,0.00584887620061636,0.0459444485604763,0.3528205156326294,obj_0183,159,global_fixed_low,10042
22.94731616973877,0.12074672430753708,21.952054500579834,0.94618821144104,0.9765625,0.20071521401405334,19.46765899658203,0.8609598278999329,0.3244006931781769,11.090136766433716,0.48753413558006287,7.3179237842559814,0.26025390625,5.554178396860759,0.564453125,0.3028351366519928,0.0251312255859375,0.11821296811103821,0.5361328125,10.4432213306427,0.0855712890625,0.2631257474422455,0.19453683495521545,19.54902410507202,0.8623930811882019,0.4065197706222534,0.3018266558647156,0.018948189914226532,0.1641193926334381,0.2691039443016052,obj_0184,160,global_fixed_low,10042
22.354822158813477,0.11677427589893341,21.55040740966797,0.953120231628418,0.96484375,0.23214176297187805,18.95900011062622,0.8618172407150269,0.3634462356567383,12.160791158676147,0.5064879655838013,7.533402919769287,0.185302734375,5.369226773579915,0.436279296875,0.2900826036930084,0.01617431640625,0.13713228702545166,0.4638671875,10.372991561889648,0.0753173828125,0.4045170545578003,0.22279709577560425,19.076669216156006,0.8638824820518494,0.31284230947494507,0.28533831238746643,0.011872837319970131,0.025880377739667892,0.42280375957489014,obj_0185,161,global_fixed_low,10042
23.662235736846924,0.09748296439647675,22.356719970703125,0.9507474899291992,0.8880208333333334,0.17967043817043304,19.725208282470703,0.8654384016990662,0.3758185803890228,12.19981074333191,0.5927231907844543,7.512423038482666,0.1767578125,5.001268227895101,0.4072265625,0.3080861270427704,0.0209503173828125,0.11734499782323837,0.53369140625,10.837554931640625,0.08819580078125,0.32371988892555237,0.16805413365364075,20.08251667022705,0.8718234896659851,0.4686965048313141,0.2685965299606323,0.013516328297555447,0.07913219928741455,0.3189961016178131,obj_0186,162,global_fixed_low,10042
28.253486156463623,0.20884229242801666,19.695476293563843,0.8928177952766418,0.93359375,0.25103458762168884,18.958574533462524,0.8348352909088135,0.2249162793159485,13.764572143554688,0.5184600949287415,7.287348508834839,0.11871337890625,4.522879441579183,0.274169921875,0.28613099455833435,0.0083465576171875,0.2430453598499298,0.458984375,13.033583164215088,0.06951904296875,0.4774988293647766,0.2300642728805542,19.2449152469635,0.8419533967971802,0.16343259811401367,0.26614558696746826,0.0038283306639641523,0.12483100593090057,0.48550188541412354,obj_0187,163,global_fixed_low,10042
26.65099859237671,0.17769862711429596,17.495088577270508,0.8195302486419678,0.93359375,0.22170192003250122,16.819076538085938,0.7558160424232483,0.36550936102867126,11.501144170761108,0.43800169229507446,7.265269994735718,0.15185546875,5.054433663686116,0.36767578125,0.28667524456977844,0.01291656494140625,0.1953517496585846,0.476318359375,11.241257190704346,0.0687255859375,0.23517148196697235,0.2065899819135666,17.110167741775513,0.7681856751441956,0.5259431600570679,0.3031080365180969,0.03072425164282322,0.045391254127025604,0.2352505922317505,obj_0188,164,global_fixed_low,10042
23.163175582885742,0.14606882631778717,19.446645975112915,0.8925005793571472,0.9765625,0.20242100954055786,18.028931617736816,0.8158543109893799,0.2748415768146515,11.702278852462769,0.4726599454879761,7.331618309020996,0.1832275390625,5.362117608388265,0.4462890625,0.28532275557518005,0.016815185546875,0.1867513358592987,0.517578125,11.540433168411255,0.11016845703125,0.362750768661499,0.19636446237564087,18.123610019683838,0.8184853792190552,0.26202237606048584,0.2800239026546478,0.008202124387025833,0.04667776823043823,0.36593544483184814,obj_0189,165,global_fixed_low,10042
26.32927656173706,0.24313528835773468,17.02479124069214,0.8513282537460327,1.0,0.27084454894065857,16.663637161254883,0.8006808757781982,0.17599226534366608,12.028145790100098,0.5101751685142517,7.334334373474121,0.153564453125,4.988417307535808,0.322998046875,0.2709915041923523,0.01096343994140625,0.2855473458766937,0.5322265625,11.194143295288086,0.1314697265625,0.490395188331604,0.27084454894065857,16.663637161254883,0.8006808757781982,0.14957217872142792,0.2539794147014618,0.0058725313283503056,0.04354872927069664,0.4975731074810028,obj_0190,166,global_fixed_low,10042
24.563255310058594,0.18542680144309998,17.489198446273804,0.8781001567840576,1.0,0.2189769744873047,16.82444453239441,0.8088181614875793,0.3498360514640808,10.874121189117432,0.4482656717300415,7.465363502502441,0.269775390625,5.714781761169434,0.6240234375,0.2928312420845032,0.038116455078125,0.21344925463199615,0.5146484375,9.441936016082764,0.06640625,0.2494291514158249,0.2189769744873047,16.82444453239441,0.8088181614875793,0.38387230038642883,0.2834046185016632,0.013009423390030861,0.09738938510417938,0.24757595360279083,obj_0191,167,global_fixed_low,10042
25.438976287841797,0.23938101530075073,19.26032304763794,0.8411261439323425,1.0,0.2651457190513611,18.53082537651062,0.7914369106292725,0.2965319752693176,11.203184127807617,0.5034558176994324,7.410653352737427,0.137451171875,4.7416683832804365,0.302978515625,0.3012133836746216,0.0151519775390625,0.2653800845146179,0.47802734375,13.085254430770874,0.1142578125,0.39692190289497375,0.2651457190513611,18.53082537651062,0.7914369106292725,0.31523019075393677,0.27590927481651306,0.008111197501420975,0.15313874185085297,0.4026613235473633,obj_0192,168,global_fixed_low,10042
22.80555009841919,0.06704467535018921,24.832701683044434,0.9682314395904541,0.8932291666666666,0.15726034343242645,20.58037757873535,0.8822507262229919,0.37437891960144043,12.32689619064331,0.5928725600242615,7.2372894287109375,0.14892578125,4.458926836649577,0.27734375,0.2890891432762146,0.0108184814453125,0.08642512559890747,0.5087890625,12.539960145950317,0.04730224609375,0.4434887170791626,0.14458002150058746,20.851972103118896,0.8863798975944519,0.43945053219795227,0.29054129123687744,0.011940119788050652,0.038728490471839905,0.4554491937160492,obj_0193,169,global_fixed_low,10042
22.902648448944092,0.08905717730522156,21.75487518310547,0.9522455930709839,0.9453125,0.17128904163837433,19.214078187942505,0.8636016249656677,0.41905903816223145,11.144155263900757,0.4971643388271332,7.137994050979614,0.2418212890625,5.38424285252889,0.576171875,0.31171271204948425,0.02911376953125,0.11350954324007034,0.6005859375,9.878729581832886,0.06427001953125,0.28268611431121826,0.167613223195076,19.404865503311157,0.866851270198822,0.44470101594924927,0.28587475419044495,0.016147425398230553,0.08599096536636353,0.27936461567878723,obj_0194,170,global_fixed_low,10042
24.395477771759033,0.12462551891803741,20.79744815826416,0.9314663410186768,0.9661458333333334,0.19676561653614044,19.222615957260132,0.8540178537368774,0.3047333359718323,11.476420164108276,0.5014058947563171,7.386223793029785,0.196533203125,5.052539984385173,0.396728515625,0.31228384375572205,0.0269927978515625,0.13989049196243286,0.5380859375,10.54721474647522,0.09454345703125,0.2998475134372711,0.19247078895568848,19.3501877784729,0.8564180731773376,0.41088536381721497,0.27066710591316223,0.012843885459005833,0.07537461817264557,0.30404922366142273,obj_0195,171,global_fixed_low,10042
21.232242584228516,0.13327625393867493,19.913305044174194,0.9024449586868286,0.87890625,0.21002665162086487,17.279858589172363,0.8063637018203735,0.33921200037002563,10.33100962638855,0.3995245099067688,7.179824352264404,0.1666259765625,4.913790384928386,0.40673828125,0.29137513041496277,0.016082763671875,0.16777487099170685,0.5205078125,11.629189252853394,0.1083984375,0.3324524760246277,0.1930607259273529,17.795389890670776,0.8221470713615417,0.4028489291667938,0.283229798078537,0.01719016768038273,0.0490601509809494,0.34364208579063416,obj_0196,172,global_fixed_low,10042
23.00009250640869,0.10810521990060806,18.820291757583618,0.8953034281730652,0.8984375,0.14716823399066925,17.18363642692566,0.8184373378753662,0.4110270142555237,9.813019633293152,0.49617746472358704,7.267294645309448,0.2122802734375,5.043546358744304,0.505859375,0.3254440128803253,0.037109375,0.1255650371313095,0.68115234375,9.974983930587769,0.07330322265625,0.20730188488960266,0.1317504197359085,17.574819326400757,0.8300817012786865,0.534966230392456,0.32162046432495117,0.028300544247031212,0.04608934372663498,0.20134365558624268,obj_0197,173,global_fixed_low,10042
21.19838237762451,0.0942397266626358,22.469587326049805,0.9641234278678894,0.9466145833333334,0.2083950638771057,18.725489377975464,0.8691437840461731,0.46518921852111816,9.89961862564087,0.4520520865917206,7.408583641052246,0.261474609375,5.655651251475017,0.65185546875,0.308125376701355,0.03826904296875,0.10508549213409424,0.5087890625,9.092373847961426,0.055816650390625,0.2300390750169754,0.19398711621761322,18.893145322799683,0.8719840049743652,0.6065431833267212,0.31176280975341797,0.043172746896743774,0.03342609852552414,0.23076598346233368,obj_0198,174,global_fixed_low,10042
25.222947597503662,0.19492435455322266,19.379141330718994,0.8797561526298523,0.97265625,0.23658598959445953,18.435243368148804,0.8153483867645264,0.21055811643600464,12.738932371139526,0.5183855295181274,7.380193710327148,0.152587890625,5.02708625793457,0.362060546875,0.2824932038784027,0.0113525390625,0.21988242864608765,0.468505859375,12.178226709365845,0.08447265625,0.38523218035697937,0.23058973252773285,18.548481464385986,0.81866854429245,0.21198953688144684,0.2641935646533966,0.005919742863625288,0.07101254910230637,0.3904041647911072,obj_0199,175,global_fixed_low,10042
23.460841178894043,0.13119594752788544,19.224635362625122,0.9058040976524353,0.82421875,0.2016434222459793,17.240599393844604,0.8173484802246094,0.2472994178533554,11.196390390396118,0.45261725783348083,7.324472665786743,0.1878662109375,5.028977394104004,0.3994140625,0.30680444836616516,0.020965576171875,0.1588296890258789,0.56982421875,10.654860734939575,0.06744384765625,0.32379427552223206,0.1711198389530182,18.003705739974976,0.8385857343673706,0.2588116228580475,0.28086885809898376,0.009525514207780361,0.04923223331570625,0.3323029577732086,obj_0200,176,global_fixed_low,10042
24.59388494491577,0.13541805744171143,23.044893741607666,0.93418949842453,1.0,0.2174225002527237,21.001594066619873,0.8581222891807556,0.4585529863834381,13.218754529953003,0.5336123704910278,7.395517587661743,0.1356201171875,4.036292552947998,0.29638671875,0.30417561531066895,0.01326751708984375,0.16354629397392273,0.484619140625,14.560329914093018,0.097412109375,0.5483559966087341,0.2174225002527237,21.001594066619873,0.8581222891807556,0.20775578916072845,0.2763385474681854,0.006249097641557455,0.058822985738515854,0.56779545545578,obj_0201,177,global_fixed_low,10042
22.365853786468506,0.14357653260231018,20.721917152404785,0.8989587426185608,1.0,0.18843264877796173,18.697892427444458,0.8220219016075134,0.4178214967250824,10.191218852996826,0.4477247893810272,7.253034353256226,0.197998046875,5.2639586130778,0.47119140625,0.32284218072891235,0.0311279296875,0.15544524788856506,0.5751953125,11.964937448501587,0.10321044921875,0.2559899091720581,0.18843264877796173,18.697892427444458,0.8220219016075134,0.5214412808418274,0.3071458339691162,0.01918226294219494,0.032046299427747726,0.25990602374076843,obj_0202,178,global_fixed_low,10042
20.78418731689453,0.03902269899845123,29.134578704833984,0.9907448887825012,0.8515625,0.14995735883712769,19.943242073059082,0.8968384265899658,0.5216400027275085,9.99749481678009,0.5556921362876892,7.2299582958221436,0.2218017578125,5.382332483927409,0.66015625,0.32942071557044983,0.039306640625,0.05595407634973526,0.52685546875,10.259709358215332,0.0517578125,0.23964963853359222,0.13474099338054657,20.240938663482666,0.9005348682403564,1.1605907678604126,0.33581170439720154,0.07788894325494766,0.02209390327334404,0.2048904150724411,obj_0203,179,global_fixed_low,10042
27.670669555664062,0.16803832352161407,17.850632667541504,0.8306673765182495,1.0,0.19270563125610352,17.528650760650635,0.7848520278930664,0.2942639887332916,11.942963600158691,0.583461582660675,7.267158508300781,0.129150390625,4.556814988454183,0.286376953125,0.29342252016067505,0.007354736328125,0.1995108276605606,0.59814453125,12.028138637542725,0.11846923828125,0.3478166162967682,0.19270563125610352,17.528650760650635,0.7848520278930664,0.33069223165512085,0.2913411259651184,0.016078153625130653,0.05404578521847725,0.34481626749038696,obj_0204,180,global_fixed_low,10042
22.614576816558838,0.11238793283700943,19.547842741012573,0.9296848773956299,0.828125,0.22453002631664276,17.232238054275513,0.8286876082420349,0.40044984221458435,10.425777435302734,0.43733060359954834,7.373437404632568,0.2247314453125,5.258040904998779,0.48974609375,0.3113478124141693,0.02886962890625,0.14712053537368774,0.5771484375,9.31419312953949,0.07012939453125,0.2759579122066498,0.19787132740020752,17.943832874298096,0.8458530902862549,0.4651361107826233,0.2884884476661682,0.018044499680399895,0.013501930050551891,0.27307748794555664,obj_0205,181,global_fixed_low,10042
25.953915119171143,0.1786123663187027,19.713045358657837,0.8832763433456421,0.9622395833333334,0.23032155632972717,18.7881338596344,0.8146346211433411,0.38367047905921936,12.590352296829224,0.5430701971054077,7.234861373901367,0.133056640625,4.581431865692139,0.330810546875,0.3336394727230072,0.0175628662109375,0.22293098270893097,0.50244140625,12.279132604598999,0.10223388671875,0.3856072425842285,0.21822716295719147,18.94034743309021,0.8190139532089233,0.30678609013557434,0.2895509898662567,0.008325628936290741,0.007700037676841021,0.38937970995903015,obj_0206,182,global_fixed_low,10042
23.831403255462646,0.11210969090461731,21.53132677078247,0.9276813864707947,0.99609375,0.20566293597221375,19.70123291015625,0.8506726622581482,0.2706325650215149,13.504084348678589,0.5488965511322021,7.231665372848511,0.133056640625,4.908488750457764,0.320556640625,0.29667460918426514,0.01274871826171875,0.13139387965202332,0.46240234375,12.255898714065552,0.11602783203125,0.43700936436653137,0.20003454387187958,19.71500873565674,0.8509266972541809,0.24791458249092102,0.262551486492157,0.007727417163550854,0.06689035147428513,0.44374018907546997,obj_0207,183,global_fixed_low,10042
20.337488651275635,0.058957308530807495,25.636014938354492,0.9815341234207153,0.892578125,0.20514044165611267,19.096286296844482,0.879951536655426,0.4647502601146698,11.199361085891724,0.491153746843338,7.338746786117554,0.221435546875,5.017063935597737,0.5390625,0.34311118721961975,0.0222930908203125,0.08027059584856033,0.469970703125,9.406172037124634,0.0418701171875,0.21444553136825562,0.18958672881126404,19.294676780700684,0.8836648464202881,0.7958318591117859,0.3664725720882416,0.08328827470541,0.011202269233763218,0.18223145604133606,obj_0208,184,global_fixed_low,10042
34.924964904785156,0.2515970766544342,18.151118755340576,0.8391078114509583,1.0,0.26046591997146606,18.09309720993042,0.8315976858139038,0.24173741042613983,13.902606964111328,0.5984131693840027,7.388195991516113,0.10076904296875,4.376935005187988,0.24365234375,0.329048216342926,0.006450653076171875,0.3009639084339142,0.4794921875,13.715746402740479,0.06390380859375,0.49911224842071533,0.26046591997146606,18.09309720993042,0.8315976858139038,0.11771697551012039,0.28373128175735474,0.0025656833313405514,0.06538263708353043,0.5035311579704285,obj_0209,185,global_fixed_low,10042
21.013708114624023,0.05680610612034798,23.82523536682129,0.9688354134559631,0.7421875,0.1776554137468338,18.64492654800415,0.8647164106369019,0.3998163342475891,9.70643699169159,0.4859131872653961,7.177613019943237,0.259033203125,5.393211682637532,0.54150390625,0.3113352656364441,0.027069091796875,0.06689685583114624,0.591796875,9.893440008163452,0.054901123046875,0.2145928293466568,0.1599147617816925,19.302369356155396,0.8783696293830872,0.6394121646881104,0.3930974304676056,0.05815473198890686,0.022467026486992836,0.21639230847358704,obj_0210,186,global_fixed_low,10042
25.011165142059326,0.14598232507705688,17.978142499923706,0.9003125429153442,1.0,0.18096306920051575,17.305238246917725,0.8398872017860413,0.21393992006778717,11.148744821548462,0.5038474202156067,7.437267541885376,0.2308349609375,5.562863826751709,0.434814453125,0.27243003249168396,0.0134429931640625,0.19990865886211395,0.58984375,9.843422174453735,0.044769287109375,0.3717076778411865,0.18096306920051575,17.305238246917725,0.8398872017860413,0.2075566202402115,0.27498310804367065,0.006319213658571243,0.07039899379014969,0.3773728013038635,obj_0211,187,global_fixed_low,10042
27.350237369537354,0.20432257652282715,17.73336887359619,0.8326390385627747,1.0,0.22355976700782776,17.385454177856445,0.7850894927978516,0.23207420110702515,12.323375940322876,0.5169236063957214,7.397602796554565,0.153076171875,4.927924791971843,0.407470703125,0.3304033577442169,0.021270751953125,0.253903329372406,0.5537109375,11.469130516052246,0.142822265625,0.33275240659713745,0.22355976700782776,17.385454177856445,0.7850894927978516,0.24157261848449707,0.2763293385505676,0.0065036979503929615,0.048071399331092834,0.3362448811531067,obj_0212,188,global_fixed_low,10042
25.37259817123413,0.18563005328178406,18.339853286743164,0.8786362409591675,1.0,0.22359411418437958,17.680734395980835,0.8181639909744263,0.273134708404541,11.519298553466797,0.46951135993003845,7.300912857055664,0.2017822265625,5.361897150675456,0.47998046875,0.30479109287261963,0.026336669921875,0.22351215779781342,0.529296875,10.704940557479858,0.08807373046875,0.3161073625087738,0.22359411418437958,17.680734395980835,0.8181639909744263,0.28182515501976013,0.2571871876716614,0.008180364966392517,0.05087856575846672,0.31918787956237793,obj_0213,189,global_fixed_low,10042
24.50361967086792,0.1042991355061531,21.07943058013916,0.9456526637077332,0.86328125,0.19926074147224426,19.042338132858276,0.8596065640449524,0.35104772448539734,12.469006776809692,0.5583834648132324,7.314189672470093,0.1900634765625,5.044546127319336,0.418701171875,0.3044693171977997,0.017913818359375,0.13995511829853058,0.55712890625,10.44611930847168,0.053924560546875,0.38623762130737305,0.1774064302444458,19.571059942245483,0.8689141273498535,0.3237001597881317,0.2778466045856476,0.011225301772356033,0.10192272812128067,0.3889808654785156,obj_0214,190,global_fixed_low,10042
23.107573986053467,0.11720770597457886,21.34683609008789,0.924076497554779,0.9296875,0.17976301908493042,19.074355363845825,0.84450763463974,0.3246013820171356,11.253539323806763,0.485873818397522,7.331512689590454,0.161376953125,4.6875535647074384,0.350830078125,0.30496862530708313,0.0172271728515625,0.14391650259494781,0.5380859375,12.161694765090942,0.132080078125,0.39688900113105774,0.1651737093925476,19.343079328536987,0.8508378863334656,0.3370792865753174,0.3008013069629669,0.014604619704186916,0.16251811385154724,0.4076925218105316,obj_0215,191,global_fixed_low,10042
23.64889144897461,0.1285748928785324,20.444350242614746,0.9321061372756958,1.0,0.20628240704536438,18.91535997390747,0.8541260957717896,0.30883553624153137,11.928157806396484,0.5117443203926086,7.332383632659912,0.17822265625,5.0238261222839355,0.363525390625,0.29270830750465393,0.0160064697265625,0.1609094887971878,0.5029296875,11.140979528427124,0.0693359375,0.4443192780017853,0.20628240704536438,18.91535997390747,0.8541260957717896,0.27114954590797424,0.26829099655151367,0.01181184034794569,0.017284531146287918,0.4553266167640686,obj_0216,192,global_fixed_low,10042
21.853513717651367,0.06521277129650116,22.677764892578125,0.9571912884712219,0.73046875,0.15887655317783356,18.58566403388977,0.8564848899841309,0.41383498907089233,11.893627643585205,0.5564272403717041,7.187579393386841,0.2078857421875,5.36161740620931,0.5361328125,0.3179008364677429,0.024017333984375,0.08640199899673462,0.572265625,10.096651315689087,0.05865478515625,0.24139052629470825,0.1449466496706009,19.369027614593506,0.8737256526947021,0.46097448468208313,0.2872830033302307,0.02548901177942753,0.009573125280439854,0.23172277212142944,obj_0217,193,global_fixed_low,10042
23.29291343688965,0.15710105001926422,18.726913928985596,0.906609833240509,1.0,0.19730722904205322,17.58854627609253,0.8334761261940002,0.30880215764045715,10.805768966674805,0.47727522253990173,7.2002434730529785,0.19775390625,5.449440320332845,0.4443359375,0.28241923451423645,0.01611328125,0.18945620954036713,0.5185546875,10.26356816291809,0.06201171875,0.35351309180259705,0.19730722904205322,17.58854627609253,0.8334761261940002,0.3149586319923401,0.26366811990737915,0.012609196826815605,0.06972188502550125,0.3570692241191864,obj_0218,194,global_fixed_low,10042
25.75310468673706,0.17741605639457703,19.35211181640625,0.9233652949333191,0.95703125,0.20789754390716553,18.427765369415283,0.868330180644989,0.3037400543689728,12.507020235061646,0.5428199172019958,7.062572717666626,0.141357421875,4.502886136372884,0.30078125,0.3009619116783142,0.01404571533203125,0.22645674645900726,0.50439453125,11.813195943832397,0.07861328125,0.5711309313774109,0.20545659959316254,18.60150456428528,0.8713306188583374,0.1194300651550293,0.24439583718776703,0.004662389867007732,0.10077914595603943,0.5852832794189453,obj_0219,195,global_fixed_low,10042
25.001099109649658,0.11324465274810791,19.256253242492676,0.9427021741867065,0.833984375,0.1969045102596283,17.613539695739746,0.8561555743217468,0.2673546373844147,11.477035284042358,0.5428435206413269,7.211542367935181,0.2138671875,4.9811859130859375,0.42919921875,0.29497677087783813,0.0199737548828125,0.14229153096675873,0.58203125,8.610016703605652,0.049468994140625,0.3650857210159302,0.17525985836982727,18.31002950668335,0.8679347038269043,0.1971854716539383,0.26102811098098755,0.01661696657538414,0.059302106499671936,0.3682675361633301,obj_0220,196,global_fixed_low,10042
21.22868299484253,0.06047413498163223,25.912680625915527,0.9847378134727478,0.92578125,0.15562421083450317,19.822126626968384,0.8925691843032837,0.5338975191116333,9.055384993553162,0.5215502977371216,7.352587461471558,0.277099609375,5.582929293314616,0.80126953125,0.3120250701904297,0.052215576171875,0.08095507323741913,0.560546875,8.87951374053955,0.0362548828125,0.24023029208183289,0.14737342298030853,20.021977424621582,0.8946779370307922,0.7483444809913635,0.29965028166770935,0.046042583882808685,0.02582399733364582,0.2267308235168457,obj_0221,197,global_fixed_low,10042
24.49998378753662,0.12235920131206512,18.422255516052246,0.9361885786056519,0.9921875,0.19600318372249603,17.515093088150024,0.8584019541740417,0.24976524710655212,12.227088212966919,0.5054214000701904,7.251354932785034,0.2333984375,5.115095774332683,0.43701171875,0.29752930998802185,0.021087646484375,0.14074498414993286,0.5478515625,8.13619077205658,0.038848876953125,0.3251889646053314,0.1881324052810669,17.545745372772217,0.8588758707046509,0.22802993655204773,0.2628996968269348,0.01185979787260294,0.00650703813880682,0.3311537802219391,obj_0222,198,global_fixed_low,10042
22.441909313201904,0.07360067218542099,22.594332695007324,0.9587313532829285,0.9557291666666666,0.15982367098331451,19.495259523391724,0.8730095028877258,0.4726046621799469,10.980300903320312,0.5102084875106812,7.401862859725952,0.2244873046875,5.455646832784017,0.57470703125,0.3173001706600189,0.036895751953125,0.08141439408063889,0.5302734375,9.74942922592163,0.061431884765625,0.22441424429416656,0.1532938927412033,19.62346315383911,0.8750976920127869,0.6536749005317688,0.30567821860313416,0.0399864986538887,0.03363148868083954,0.21875083446502686,obj_0223,199,global_fixed_low,10042
23.362741470336914,0.09478439390659332,21.163089275360107,0.9320334196090698,0.8984375,0.18440528213977814,18.91469120979309,0.8433312773704529,0.29703524708747864,11.58884048461914,0.5205585956573486,7.33218789100647,0.1429443359375,4.797242800394694,0.326416015625,0.3507733941078186,0.0171051025390625,0.11793319880962372,0.56640625,10.865449905395508,0.081787109375,0.31121179461479187,0.16749007999897003,19.27004337310791,0.851335346698761,0.36316293478012085,0.29321300983428955,0.015171757899224758,0.05681443586945534,0.3112104833126068,obj_0224,200,global_fixed_low,10042
24.82107162475586,0.12138964235782623,20.350468158721924,0.9363415837287903,0.9192708333333334,0.17452487349510193,18.824245929718018,0.8545682430267334,0.24766875803470612,12.228755950927734,0.5482048392295837,7.390899658203125,0.1934814453125,5.268327077229817,0.46728515625,0.30121174454689026,0.02337646484375,0.15471932291984558,0.54541015625,10.253909826278687,0.07977294921875,0.4031389653682709,0.16217103600502014,19.137213230133057,0.8604691028594971,0.2027340829372406,0.2636134922504425,0.006753072142601013,0.09474219381809235,0.4093979299068451,obj_0225,201,global_fixed_low,10042
21.47103786468506,0.08974319696426392,29.370388984680176,0.9931936264038086,0.83984375,0.20461365580558777,20.7090425491333,0.8994554281234741,0.3820282816886902,12.91560173034668,0.5451666116714478,7.395825624465942,0.1845703125,4.803009510040283,0.415283203125,0.3804066479206085,0.0276641845703125,0.061982449144124985,0.15966796875,7.766571640968323,0.044830322265625,0.12822821736335754,0.18633174896240234,20.8441162109375,0.9022254943847656,1.3219822645187378,0.40252918004989624,0.10451342910528183,0.03146478906273842,0.1385660469532013,obj_0226,202,global_fixed_low,10042
23.678395748138428,0.17541995644569397,18.849568367004395,0.8720018863677979,0.9895833333333334,0.2157377153635025,17.76593565940857,0.8173820972442627,0.3019801676273346,10.67118763923645,0.5169565677642822,7.279368162155151,0.1597900390625,4.801230271657308,0.3876953125,0.31006568670272827,0.0184326171875,0.1956152319908142,0.58740234375,11.300046443939209,0.1522216796875,0.31595051288604736,0.21194083988666534,17.807741165161133,0.8186371922492981,0.2877274751663208,0.3114534318447113,0.009527570568025112,0.25865063071250916,0.3149315118789673,obj_0227,203,global_fixed_low,10042
23.183560371398926,0.10382433980703354,22.613086700439453,0.9459332227706909,1.0,0.18236015737056732,20.057895183563232,0.8633167147636414,0.31656622886657715,12.22116231918335,0.48215916752815247,7.474040269851685,0.169921875,5.223843892415364,0.3759765625,0.29544323682785034,0.0177001953125,0.12448809295892715,0.44189453125,11.985009908676147,0.07647705078125,0.38236203789711,0.18236015737056732,20.057895183563232,0.8633167147636414,0.3561859726905823,0.27556028962135315,0.014877541922032833,0.018322551622986794,0.397946834564209,obj_0228,204,global_fixed_low,10042
23.51839780807495,0.10981257259845734,21.947917938232422,0.9560480117797852,1.0,0.17084676027297974,19.78291630744934,0.8750832676887512,0.4510560929775238,12.19663143157959,0.5268186330795288,7.352449893951416,0.1903076171875,5.020383358001709,0.444580078125,0.320472776889801,0.0218505859375,0.1283373236656189,0.53515625,10.532647371292114,0.049560546875,0.3961423337459564,0.17084676027297974,19.78291630744934,0.8750832676887512,0.3844960629940033,0.28600892424583435,0.015996050089597702,0.02542238123714924,0.40974974632263184,obj_0229,205,global_fixed_low,10042
19.465675354003906,0.10161972790956497,20.805325508117676,0.9280751347541809,0.96484375,0.17429615557193756,17.20799207687378,0.8322335481643677,0.42992934584617615,8.691984415054321,0.412697434425354,7.324140787124634,0.2025146484375,5.327839692433675,0.5048828125,0.3100495934486389,0.0285186767578125,0.13074667751789093,0.5537109375,10.972315073013306,0.1251220703125,0.2918943166732788,0.16808214783668518,17.34205961227417,0.8354552388191223,0.5032512545585632,0.3102133572101593,0.02144698239862919,0.0839696079492569,0.29474663734436035,obj_0230,206,global_fixed_low,10042
26.605396270751953,0.21760818362236023,18.2870614528656,0.8786696195602417,1.0,0.2535371780395508,17.812604904174805,0.8244568109512329,0.22521281242370605,12.563724517822266,0.5065189599990845,7.175564289093018,0.145263671875,4.4384765625,0.322021484375,0.29270514845848083,0.01337432861328125,0.2510601580142975,0.501953125,11.636420488357544,0.12152099609375,0.48238033056259155,0.2535371780395508,17.812604904174805,0.8244568109512329,0.16182294487953186,0.25753483176231384,0.005438636522740126,0.046812739223241806,0.491681307554245,obj_0231,207,global_fixed_low,10042
26.557483673095703,0.192836731672287,19.08931016921997,0.8906084895133972,0.9557291666666666,0.22473794221878052,18.31426739692688,0.8332358002662659,0.2778535485267639,12.586309909820557,0.5081903338432312,7.17763876914978,0.150390625,4.861234188079834,0.344970703125,0.2995985150337219,0.01406097412109375,0.23146817088127136,0.52099609375,11.67090654373169,0.07952880859375,0.39963650703430176,0.21489638090133667,18.4948992729187,0.837932288646698,0.2464924305677414,0.25952398777008057,0.0073865437880158424,0.05139809846878052,0.40417829155921936,obj_0232,208,global_fixed_low,10042
24.36842918395996,0.11385820806026459,19.827208518981934,0.9472999572753906,0.9609375,0.1891021430492401,18.474029302597046,0.8693774938583374,0.2887871563434601,11.902377605438232,0.5515555143356323,7.322631359100342,0.1751708984375,4.764743169148763,0.34375,0.3054533302783966,0.017974853515625,0.13985392451286316,0.5283203125,9.28481638431549,0.07379150390625,0.4340471029281616,0.18659135699272156,18.620015382766724,0.8716059923171997,0.2267165184020996,0.2529890835285187,0.008253120817244053,0.011447549797594547,0.44317659735679626,obj_0233,209,global_fixed_low,10042
23.235397338867188,0.10519900918006897,19.685441255569458,0.9223082065582275,0.869140625,0.20306244492530823,17.73564577102661,0.831065833568573,0.3780226707458496,10.35534381866455,0.5090994238853455,7.262012958526611,0.2347412109375,5.095590273539226,0.471923828125,0.3058648705482483,0.0261383056640625,0.12339676171541214,0.619140625,9.382593035697937,0.05108642578125,0.18241436779499054,0.18522590398788452,18.22294592857361,0.8428152799606323,0.4294769763946533,0.3058936297893524,0.021885083988308907,0.015047658234834671,0.17128555476665497,obj_0234,210,global_fixed_low,10042
23.451526165008545,0.12982763350009918,18.650776147842407,0.9195539951324463,0.9921875,0.19875884056091309,17.502541542053223,0.8433533906936646,0.2606746256351471,10.362129211425781,0.47422078251838684,7.291898012161255,0.2254638671875,5.343254089355469,0.50830078125,0.2854895293712616,0.0217742919921875,0.16838817298412323,0.5703125,9.227120876312256,0.059173583984375,0.3206067681312561,0.1901608258485794,17.53389000892639,0.8439307808876038,0.23830801248550415,0.2598140835762024,0.008392494171857834,0.03312690556049347,0.32069292664527893,obj_0235,211,global_fixed_low,10042
23.790342807769775,0.10005350410938263,20.13443946838379,0.9522280097007751,1.0,0.18050722777843475,18.668692111968994,0.8714001774787903,0.2564943730831146,12.58327841758728,0.5421123504638672,7.4667067527771,0.2398681640625,5.41801659266154,0.5185546875,0.3038880228996277,0.0256805419921875,0.1264987736940384,0.5439453125,8.48742663860321,0.0767822265625,0.3470039963722229,0.18050722777843475,18.668692111968994,0.8714001774787903,0.21366681158542633,0.25459805130958557,0.009266560897231102,0.033129602670669556,0.34873825311660767,obj_0236,212,global_fixed_low,10042
22.640767097473145,0.09768903255462646,21.648414134979248,0.9513781070709229,0.8984375,0.20249006152153015,18.947890996932983,0.8617820143699646,0.35094153881073,12.337161302566528,0.4987677335739136,7.215164422988892,0.1715087890625,5.022213141123454,0.379150390625,0.2836916744709015,0.011932373046875,0.12674033641815186,0.46435546875,10.560168027877808,0.06842041015625,0.3754619359970093,0.1850740909576416,19.25844430923462,0.8678036332130432,0.26547718048095703,0.2550138831138611,0.015091015957295895,0.01710432954132557,0.3837753236293793,obj_0237,213,global_fixed_low,10042
22.17139959335327,0.06071540713310242,25.646700859069824,0.9728376865386963,0.91796875,0.15081045031547546,20.46691656112671,0.8771501779556274,0.41321974992752075,11.623678207397461,0.4882018268108368,7.323153495788574,0.194091796875,5.163223107655843,0.4775390625,0.2963073253631592,0.0198211669921875,0.08017323911190033,0.43603515625,11.648030281066895,0.0643310546875,0.3048197329044342,0.14671935141086578,20.681030750274658,0.8804948925971985,0.5335773825645447,0.28369730710983276,0.025501208379864693,0.04381757974624634,0.31118181347846985,obj_0238,214,global_fixed_low,10042
23.077857494354248,0.17530983686447144,18.119720220565796,0.8842412829399109,0.98046875,0.2360103726387024,17.011739015579224,0.806742787361145,0.31698858737945557,10.221879482269287,0.42066463828086853,7.256704568862915,0.1993408203125,5.414191087086995,0.473388671875,0.3068826198577881,0.0265045166015625,0.21692198514938354,0.5078125,10.248286724090576,0.07373046875,0.29694652557373047,0.23142904043197632,17.09138512611389,0.8090571761131287,0.33984553813934326,0.27667301893234253,0.015138601884245872,0.04188956692814827,0.30194568634033203,obj_0239,215,global_fixed_low,10042
23.666131496429443,0.054421767592430115,27.804367542266846,0.986029326915741,0.73828125,0.1557176262140274,21.66311740875244,0.8929980397224426,0.4531185030937195,11.906155347824097,0.5719834566116333,7.384413242340088,0.252685546875,5.541814804077148,0.5478515625,0.29236093163490295,0.024810791015625,0.062433917075395584,0.45556640625,10.802323818206787,0.0433349609375,0.2897449731826782,0.13962189853191376,22.312605381011963,0.9004619717597961,0.6973744034767151,0.31244519352912903,0.028869446367025375,0.03988691791892052,0.2888728678226471,obj_0240,216,global_fixed_low,10042
29.545598030090332,0.24710018932819366,17.861322164535522,0.8476762771606445,1.0,0.2662806510925293,17.655733823776245,0.8143057227134705,0.17710785567760468,13.784326314926147,0.5512397885322571,7.394595384597778,0.133544921875,4.8685868581136065,0.289306640625,0.27768227458000183,0.007167816162109375,0.2832978665828705,0.482421875,12.418382167816162,0.08306884765625,0.43833082914352417,0.2662806510925293,17.655733823776245,0.8143057227134705,0.14700478315353394,0.2667510211467743,0.003579627489671111,0.09503638744354248,0.4428950846195221,obj_0241,217,global_fixed_low,10042
23.610353469848633,0.11961604654788971,20.90118646621704,0.9172629117965698,0.98046875,0.17762413620948792,19.17760968208313,0.8399800062179565,0.2805575430393219,11.659454107284546,0.49253302812576294,7.244107961654663,0.1663818359375,4.9927957852681475,0.3740234375,0.281787633895874,0.01276397705078125,0.1592564731836319,0.496337890625,12.334668636322021,0.1097412109375,0.42415401339530945,0.1730802357196808,19.25363779067993,0.8417304158210754,0.2814217805862427,0.28001660108566284,0.00961319264024496,0.05760811269283295,0.4367888867855072,obj_0242,218,global_fixed_low,10042
27.844550609588623,0.236434668302536,20.229756832122803,0.884929358959198,0.9778645833333334,0.25967422127723694,19.58761215209961,0.835757851600647,0.3108826279640198,13.702549934387207,0.596332848072052,7.303041219711304,0.1402587890625,4.322285334269206,0.28271484375,0.3098214864730835,0.01282501220703125,0.25976768136024475,0.49658203125,13.54475736618042,0.107177734375,0.5246318578720093,0.25464576482772827,19.67584252357483,0.837870180606842,0.21481439471244812,0.24069155752658844,0.003332526655867696,0.12462805956602097,0.5318039655685425,obj_0243,219,global_fixed_low,10042
32.34194755554199,0.27053746581077576,16.6290020942688,0.7787513136863708,1.0,0.2867806553840637,16.551955938339233,0.7394397854804993,0.2314702868461609,12.498750686645508,0.5181835889816284,7.265185832977295,0.1343994140625,4.480823357899983,0.384521484375,0.3190332353115082,0.0164337158203125,0.3132380247116089,0.54052734375,11.85341477394104,0.08941650390625,0.35031187534332275,0.2867806553840637,16.551955938339233,0.7394397854804993,0.19805759191513062,0.27956968545913696,0.004527567885816097,0.02195972204208374,0.35256361961364746,obj_0244,220,global_fixed_low,10042
21.186354160308838,0.07510172575712204,22.384519577026367,0.9686945080757141,0.76171875,0.1787121593952179,18.006609678268433,0.8646573424339294,0.44043421745300293,10.258079767227173,0.4547238051891327,7.36457371711731,0.28955078125,5.504446665445964,0.6123046875,0.3433343172073364,0.042694091796875,0.07799077033996582,0.5380859375,8.061460852622986,0.056610107421875,0.18744565546512604,0.15831266343593597,18.826171159744263,0.878128170967102,0.591392457485199,0.3197065591812134,0.044515904039144516,0.014891250059008598,0.19144488871097565,obj_0245,221,global_fixed_low,10042
25.055174827575684,0.19577950239181519,18.284636735916138,0.83585524559021,0.97265625,0.23396481573581696,17.539536952972412,0.7768118977546692,0.22677883505821228,12.253941297531128,0.45242738723754883,7.307502508163452,0.1661376953125,5.1639448801676435,0.373779296875,0.2858275771141052,0.0141754150390625,0.2513101100921631,0.47900390625,12.470574378967285,0.1201171875,0.4009808599948883,0.23039250075817108,17.658056020736694,0.781352698802948,0.2469574213027954,0.2671931982040405,0.006663138046860695,0.03491297736763954,0.40868449211120605,obj_0246,222,global_fixed_low,10042
18.940895795822144,0.11917094886302948,20.75432300567627,0.9253512620925903,1.0,0.19239011406898499,17.033560276031494,0.8231937885284424,0.46688494086265564,9.249092936515808,0.36361265182495117,7.37439751625061,0.25634765625,5.613380114237468,0.62109375,0.29340001940727234,0.0281524658203125,0.1560872495174408,0.5048828125,11.057019233703613,0.058990478515625,0.2821860611438751,0.19239011406898499,17.033560276031494,0.8231937885284424,0.5303559899330139,0.30653923749923706,0.022490303963422775,0.021560192108154297,0.2936333119869232,obj_0247,223,global_fixed_low,10042
23.65147352218628,0.140779048204422,17.549455165863037,0.9118626117706299,0.94140625,0.19527021050453186,16.476365327835083,0.8321747183799744,0.24334001541137695,11.934531927108765,0.5019769668579102,7.234338998794556,0.207763671875,5.309530099232991,0.448974609375,0.2983781695365906,0.022186279296875,0.17877423763275146,0.5556640625,8.800927996635437,0.061492919921875,0.3580556809902191,0.18267497420310974,16.712182760238647,0.8378731608390808,0.20381657779216766,0.2694358825683594,0.009350141510367393,0.017508290708065033,0.3619193732738495,obj_0248,224,global_fixed_low,10042
23.100178241729736,0.11033864319324493,19.485996961593628,0.9485648274421692,0.91015625,0.16055141389369965,17.648212909698486,0.8627732992172241,0.38915523886680603,10.13998031616211,0.4878973364830017,7.279306411743164,0.250244140625,5.16491158803304,0.64453125,0.32030820846557617,0.039520263671875,0.13018742203712463,0.63134765625,7.703092694282532,0.0400390625,0.2589554786682129,0.15174704790115356,18.005422353744507,0.8687601685523987,0.37811651825904846,0.2871575951576233,0.015168865211308002,0.03276238590478897,0.25509291887283325,obj_0249,225,global_fixed_low,10042
26.51897430419922,0.17681080102920532,18.63395929336548,0.9047406315803528,0.91015625,0.2258148044347763,17.698742151260376,0.8385741710662842,0.20905537903308868,13.14577579498291,0.5696740746498108,7.15544319152832,0.1688232421875,4.902796109517415,0.39599609375,0.2917339503765106,0.0175323486328125,0.20827540755271912,0.56591796875,10.46589970588684,0.07501220703125,0.40288683772087097,0.20780357718467712,18.072811365127563,0.8473436832427979,0.17313487827777863,0.24428561329841614,0.0046761296689510345,0.038171205669641495,0.4062741994857788,obj_0250,226,global_fixed_low,10042
21.003100872039795,0.10874985158443451,21.75302028656006,0.9470135569572449,0.96875,0.208846777677536,18.442479372024536,0.8579151034355164,0.3891430199146271,10.701404809951782,0.4979037642478943,7.306513547897339,0.2061767578125,5.387157440185547,0.51806640625,0.31148073077201843,0.024383544921875,0.1354241669178009,0.5751953125,10.679082870483398,0.0859375,0.34848105907440186,0.20675301551818848,18.53979229927063,0.8598402738571167,0.37712711095809937,0.291979044675827,0.01860746555030346,0.020478423684835434,0.35361385345458984,obj_0251,227,global_fixed_low,10042
22.026937007904053,0.05262970179319382,26.18798017501831,0.987847626209259,0.89453125,0.12274457514286041,20.453510284423828,0.9029591679573059,0.47970619797706604,10.902299880981445,0.6352912783622742,7.5882720947265625,0.2255859375,5.2507561047871905,0.70458984375,0.33963271975517273,0.043182373046875,0.08452361077070236,0.6025390625,8.215035200119019,0.03363037109375,0.28664863109588623,0.11629471182823181,20.667130947113037,0.9049491882324219,0.563032865524292,0.3327455222606659,0.04399940371513367,0.027086354792118073,0.24928036332130432,obj_0252,228,global_fixed_low,10042
24.86333131790161,0.14921851456165314,20.119760036468506,0.9098979234695435,0.8359375,0.21009832620620728,18.340270519256592,0.8276005983352661,0.2765740156173706,11.815276145935059,0.5071579813957214,7.313066482543945,0.1563720703125,4.775033315022786,0.32421875,0.30048123002052307,0.012481689453125,0.1750202178955078,0.5458984375,11.827524900436401,0.09234619140625,0.38577449321746826,0.178915873169899,19.02817964553833,0.8452545404434204,0.28888237476348877,0.2706204056739807,0.007489266339689493,0.04236547648906708,0.39294782280921936,obj_0253,229,global_fixed_low,10042
25.132694244384766,0.12970972061157227,19.73869562149048,0.9295900464057922,0.9739583333333334,0.19415506720542908,18.663172721862793,0.8584824204444885,0.3245987296104431,13.155132532119751,0.5684078931808472,7.120033264160156,0.1417236328125,4.815333366394043,0.307373046875,0.3151593804359436,0.01309967041015625,0.17701534926891327,0.495849609375,10.699657201766968,0.095947265625,0.4823624789714813,0.18693184852600098,18.759983777999878,0.8602907061576843,0.20181848108768463,0.2418159693479538,0.006220442242920399,0.010180113837122917,0.4905019998550415,obj_0254,230,global_fixed_low,10042
21.477971076965332,0.08433414995670319,23.45510482788086,0.972721517086029,0.861328125,0.2021920084953308,19.000015258789062,0.8738843202590942,0.45860379934310913,10.28719425201416,0.4914470911026001,7.391968488693237,0.2489013671875,5.700361251831055,0.80859375,0.31341198086738586,0.039031982421875,0.11920184642076492,0.488525390625,9.05941903591156,0.04443359375,0.2649076282978058,0.18239611387252808,19.442354440689087,0.8806945085525513,0.5343708395957947,0.2856094539165497,0.0198966171592474,0.028886139392852783,0.23091237246990204,obj_0255,231,global_fixed_low,10042
29.06625986099243,0.282667875289917,17.06340789794922,0.8211470246315002,1.0,0.3107226490974426,16.87645435333252,0.7857954502105713,0.1752937287092209,12.751694917678833,0.504783034324646,7.4728102684021,0.14501953125,4.950467745463054,0.335693359375,0.2807641327381134,0.01092529296875,0.3240048587322235,0.46533203125,11.868988275527954,0.112548828125,0.42879849672317505,0.3107226490974426,16.87645435333252,0.7857954502105713,0.14851070940494537,0.2537645399570465,0.00400219950824976,0.015047777444124222,0.43266671895980835,obj_0256,232,global_fixed_low,10042
22.31842041015625,0.04953167587518692,30.806100368499756,0.9871523976325989,0.77734375,0.17313650250434875,21.424243450164795,0.8857281804084778,0.42259445786476135,12.756088972091675,0.5233715176582336,7.200643301010132,0.163818359375,5.239449342091878,0.431884765625,0.2943213880062103,0.01535797119140625,0.06365147233009338,0.35595703125,13.856899738311768,0.050384521484375,0.278170645236969,0.16212525963783264,21.820552349090576,0.8932376503944397,0.7611149549484253,0.31248700618743896,0.03345721587538719,0.03615269437432289,0.2732100486755371,obj_0257,233,global_fixed_low,10042
22.32142448425293,0.08770322054624557,22.220280170440674,0.9542935490608215,0.8971354166666666,0.1654612123966217,19.07702922821045,0.8679096698760986,0.33435526490211487,10.794111490249634,0.5610252022743225,7.321543216705322,0.2296142578125,5.2785671552022295,0.53857421875,0.3046666085720062,0.0300140380859375,0.12434697151184082,0.58984375,10.494940280914307,0.045074462890625,0.32626616954803467,0.1517825424671173,19.406965970993042,0.8737277388572693,0.3460386097431183,0.2684430480003357,0.014363588765263557,0.030578838661313057,0.32542160153388977,obj_0258,234,global_fixed_low,10042
22.76573657989502,0.10682659596204758,22.938170433044434,0.9419364929199219,1.0,0.18754619359970093,20.072157382965088,0.8606196045875549,0.2734936475753784,12.03032374382019,0.5124198794364929,7.35196590423584,0.1163330078125,4.669903755187988,0.275390625,0.30572187900543213,0.0118560791015625,0.13284146785736084,0.43408203125,13.012999296188354,0.10076904296875,0.452176034450531,0.18754619359970093,20.072157382965088,0.8606196045875549,0.2372114211320877,0.24423427879810333,0.009337364695966244,0.03399737924337387,0.464971661567688,obj_0259,235,global_fixed_low,10042
28.029792308807373,0.3075210154056549,17.173736095428467,0.7836841940879822,1.0,0.3314896821975708,16.93074941635132,0.7392964959144592,0.1673368364572525,13.621786832809448,0.5199617743492126,7.302952289581299,0.1549072265625,5.136087576548259,0.44677734375,0.29911449551582336,0.0185394287109375,0.3276193141937256,0.51171875,11.93293809890747,0.12225341796875,0.28413233160972595,0.3314896821975708,16.93074941635132,0.7392964959144592,0.2004300206899643,0.2596991956233978,0.006240286864340305,0.05455213040113449,0.2831258475780487,obj_0260,236,global_fixed_low,10042
22.29353666305542,0.06179024651646614,26.552655696868896,0.9809100031852722,0.9296875,0.1432286649942398,20.831246376037598,0.8877550363540649,0.4129784405231476,11.576917171478271,0.5297573208808899,7.313832521438599,0.2159423828125,5.507872422536214,0.62060546875,0.3083353042602539,0.03802490234375,0.0763285830616951,0.43603515625,10.95543622970581,0.034576416015625,0.2945769429206848,0.13492737710475922,20.998284816741943,0.8900793194770813,0.5040075182914734,0.2840905785560608,0.023839300498366356,0.06543663889169693,0.29452723264694214,obj_0261,237,global_fixed_low,10042
27.315409183502197,0.19787737727165222,16.820002794265747,0.8718711137771606,0.98828125,0.220145583152771,16.4728844165802,0.8180791735649109,0.2184140682220459,13.666954040527344,0.5816006660461426,7.359766960144043,0.141357421875,4.938024679819743,0.374755859375,0.34334835410118103,0.0198974609375,0.25669848918914795,0.57958984375,9.861873984336853,0.1177978515625,0.3991089463233948,0.2179156094789505,16.52111291885376,0.8193379044532776,0.15820211172103882,0.24036097526550293,0.004275419749319553,0.03161146491765976,0.39744675159454346,obj_0262,238,global_fixed_low,10042
23.907370567321777,0.1436520218849182,21.23600721359253,0.9219987988471985,0.89453125,0.21965700387954712,19.17157292366028,0.8411188125610352,0.36983156204223633,11.484917402267456,0.5175118446350098,7.2704620361328125,0.147216796875,4.397461732228597,0.312255859375,0.3103216290473938,0.0151824951171875,0.18638715147972107,0.5302734375,12.742084264755249,0.1005859375,0.4825196862220764,0.19461385905742645,19.580246210098267,0.8506525158882141,0.2616559863090515,0.27847054600715637,0.008477311581373215,0.034440379589796066,0.4941817820072174,obj_0263,239,global_fixed_low,10042
22.766718864440918,0.1123182624578476,17.989283800125122,0.9186594486236572,0.8984375,0.16820400953292847,16.427388191223145,0.8340063691139221,0.24328526854515076,10.177621841430664,0.491463840007782,7.399498701095581,0.255859375,5.326374053955078,0.5771484375,0.2794250249862671,0.026336669921875,0.15454208850860596,0.59326171875,8.213289976119995,0.08087158203125,0.25844061374664307,0.15814834833145142,16.857177019119263,0.8437134623527527,0.2613602578639984,0.2681185305118561,0.007783202920109034,0.045788299292325974,0.25393199920654297,obj_0264,240,global_fixed_low,10042
23.94843816757202,0.24055030941963196,18.270764350891113,0.8501735329627991,1.0,0.2802943289279938,17.48955488204956,0.7901003360748291,0.26336413621902466,11.762639284133911,0.4637826979160309,7.315855026245117,0.1409912109375,4.772072474161784,0.287841796875,0.27853378653526306,0.00933074951171875,0.2761385440826416,0.487060546875,12.609350681304932,0.1351318359375,0.5031190514564514,0.2802943289279938,17.48955488204956,0.7901003360748291,0.22838228940963745,0.2917243540287018,0.008242412470281124,0.12827637791633606,0.5159026980400085,obj_0265,241,global_fixed_low,10042
23.899459838867188,0.17523066699504852,20.867421627044678,0.9133145213127136,0.93359375,0.2218979299068451,19.111368656158447,0.8414949178695679,0.42170095443725586,11.676511764526367,0.5063379406929016,7.293377637863159,0.14453125,4.96188497543335,0.338134765625,0.3016603887081146,0.016845703125,0.21894901990890503,0.5107421875,13.326685428619385,0.06988525390625,0.5017078518867493,0.2059689462184906,19.375662803649902,0.8479161858558655,0.23209989070892334,0.2857171595096588,0.011741898953914642,0.021639255806803703,0.5112652778625488,obj_0266,242,global_fixed_low,10042
21.016011238098145,0.09131943434476852,20.865485668182373,0.9514053463935852,0.9296875,0.2063211351633072,17.833040952682495,0.8512841463088989,0.37376630306243896,9.603996872901917,0.3919517993927002,7.3630335330963135,0.216796875,5.465348561604817,0.50048828125,0.3260740041732788,0.024932861328125,0.10891054570674896,0.459228515625,8.935936093330383,0.077392578125,0.24617359042167664,0.19317689538002014,18.06883692741394,0.8560982346534729,0.5420185923576355,0.3335593044757843,0.06189149618148804,0.031205443665385246,0.2703741192817688,obj_0267,243,global_fixed_low,10042
23.79338502883911,0.1177920401096344,18.27606201171875,0.9282228946685791,0.8828125,0.1902998834848404,16.861321926116943,0.8448876738548279,0.256295382976532,13.1912100315094,0.5677443742752075,7.293097257614136,0.1795654296875,4.49972931543986,0.39990234375,0.3364979326725006,0.0247802734375,0.1481429785490036,0.5849609375,8.621296286582947,0.11822509765625,0.3994588553905487,0.17664805054664612,17.30584144592285,0.8538582921028137,0.15988098084926605,0.25312331318855286,0.004199134651571512,0.0629480630159378,0.40775051712989807,obj_0268,244,global_fixed_low,10042
21.895787715911865,0.14583134651184082,19.78308916091919,0.9239838719367981,0.9921875,0.20232900977134705,17.85981059074402,0.8397571444511414,0.35721051692962646,10.207761526107788,0.444541335105896,7.232196807861328,0.228515625,5.603550434112549,0.5361328125,0.2901487350463867,0.02587890625,0.1717100590467453,0.50537109375,10.272586345672607,0.08203125,0.3377762734889984,0.1976603865623474,17.891050577163696,0.840375542640686,0.3485206067562103,0.28234800696372986,0.014410330913960934,0.018570635467767715,0.3463553190231323,obj_0269,245,global_fixed_low,10042
25.895583629608154,0.24423730373382568,16.67508840560913,0.8090088963508606,0.97265625,0.2801355719566345,16.1965012550354,0.7519633769989014,0.2792019546031952,11.869570016860962,0.43956857919692993,7.456921815872192,0.1688232421875,5.287102063496907,0.403076171875,0.28479576110839844,0.01439666748046875,0.28528934717178345,0.50732421875,11.096621751785278,0.0887451171875,0.3243348002433777,0.2702038288116455,16.314634084701538,0.7569255828857422,0.2921517491340637,0.2765399217605591,0.009589897468686104,0.03053881600499153,0.3265179395675659,obj_0270,246,global_fixed_low,10042
21.647460460662842,0.057015128433704376,28.09285879135132,0.9926069974899292,0.650390625,0.14567670226097107,20.278191566467285,0.8994660377502441,0.5113202333450317,11.661161184310913,0.596839427947998,7.2947587966918945,0.237548828125,5.6320672035217285,0.6455078125,0.32940158247947693,0.038909912109375,0.04397983476519585,0.341796875,7.387911677360535,0.06170654296875,0.1595059037208557,0.13002437353134155,20.79026460647583,0.9061979651451111,1.1028671264648438,0.37854641675949097,0.10119074583053589,0.045517150312662125,0.13682471215724945,obj_0271,247,global_fixed_low,10042
23.732552528381348,0.15932102501392365,18.649040460586548,0.8532899022102356,0.96875,0.20852211117744446,17.55629062652588,0.7767065763473511,0.3029874563217163,11.477910280227661,0.4324973225593567,7.205281972885132,0.193115234375,5.540157636006673,0.463623046875,0.28604260087013245,0.0202789306640625,0.18617549538612366,0.51025390625,11.716657876968384,0.1064453125,0.2913132309913635,0.20092570781707764,17.68919348716736,0.7816712260246277,0.34836629033088684,0.2901354432106018,0.012244238518178463,0.07088369876146317,0.29385000467300415,obj_0272,248,global_fixed_low,10042
24.88595724105835,0.13804864883422852,20.38369655609131,0.913996160030365,0.9153645833333334,0.19137868285179138,18.903052806854248,0.8418980836868286,0.3366243541240692,12.497072219848633,0.6001774668693542,7.266411066055298,0.15234375,5.0583726565043134,0.38427734375,0.32410693168640137,0.019683837890625,0.16746588051319122,0.5517578125,11.775374412536621,0.08837890625,0.3828100264072418,0.1780615895986557,19.22502875328064,0.849622368812561,0.3159222900867462,0.27658137679100037,0.00846142414957285,0.051765553653240204,0.37613680958747864,obj_0273,249,global_fixed_low,10042
26.454763412475586,0.17403048276901245,17.914268970489502,0.8553290963172913,1.0,0.19896143674850464,17.468758821487427,0.8082283735275269,0.20436394214630127,12.463480234146118,0.5379931926727295,7.1304121017456055,0.133056640625,4.78061580657959,0.343994140625,0.2986990809440613,0.010894775390625,0.2240304946899414,0.55126953125,11.49457335472107,0.11798095703125,0.39477989077568054,0.19896143674850464,17.468758821487427,0.8082283735275269,0.17989541590213776,0.262006014585495,0.00428294762969017,0.027711588889360428,0.3958560824394226,obj_0274,250,global_fixed_low,10042
21.198225021362305,0.12507496774196625,20.340073108673096,0.938105046749115,0.9765625,0.22759729623794556,17.83858895301819,0.8396088480949402,0.33477699756622314,10.857775211334229,0.3860151171684265,7.312201976776123,0.2200927734375,5.66110626856486,0.4794921875,0.30109861493110657,0.0235595703125,0.15024037659168243,0.42431640625,10.00966191291809,0.07135009765625,0.30534425377845764,0.220368891954422,17.92300581932068,0.84153813123703,0.38273176550865173,0.27826961874961853,0.03363838791847229,0.022088147699832916,0.33370357751846313,obj_0275,251,global_fixed_low,10042
25.707616806030273,0.16969847679138184,19.929851293563843,0.8924217224121094,1.0,0.19898588955402374,19.066277742385864,0.8302134871482849,0.22750568389892578,12.344939708709717,0.5129655599594116,7.39014744758606,0.1600341796875,5.17722733815511,0.4052734375,0.2765018045902252,0.0149078369140625,0.20900554955005646,0.46044921875,12.17983365058899,0.09564208984375,0.40861746668815613,0.19898588955402374,19.066277742385864,0.8302134871482849,0.21349532902240753,0.25039464235305786,0.008132903836667538,0.04620017483830452,0.4139195382595062,obj_0276,252,global_fixed_low,10042
28.019320964813232,0.1811983585357666,17.662216424942017,0.8790338039398193,0.95703125,0.2194845974445343,17.166558504104614,0.8264020681381226,0.23038135468959808,12.924889326095581,0.5967258214950562,7.230040788650513,0.1505126953125,4.88163693745931,0.379150390625,0.30165162682533264,0.016754150390625,0.2295793741941452,0.583984375,10.668636560440063,0.11798095703125,0.4228457510471344,0.20619918406009674,17.353379726409912,0.8313977718353271,0.17858938872814178,0.23847272992134094,0.0037827647756785154,0.040014103055000305,0.42332923412323,obj_0277,253,global_fixed_low,10042
22.882936000823975,0.1278837025165558,20.143558979034424,0.9364397525787354,1.0,0.2282872200012207,18.4479820728302,0.8569403290748596,0.2513502240180969,10.84637999534607,0.4919290840625763,7.419449806213379,0.15576171875,5.128481864929199,0.351318359375,0.3061942160129547,0.0177764892578125,0.16139687597751617,0.497802734375,10.253419876098633,0.09747314453125,0.395765095949173,0.2282872200012207,18.4479820728302,0.8569403290748596,0.21172980964183807,0.2477397918701172,0.01028482150286436,0.02625950425863266,0.40929657220840454,obj_0278,254,global_fixed_low,10042
22.12024688720703,0.09228505939245224,20.307047367095947,0.9586883187294006,0.80078125,0.19809764623641968,17.49972701072693,0.8640402555465698,0.32025229930877686,10.73401927947998,0.5086802840232849,7.366410732269287,0.2332763671875,5.506298700968425,0.609375,0.3080589771270752,0.02801513671875,0.1176697388291359,0.58056640625,7.4996185302734375,0.08123779296875,0.23738762736320496,0.17195601761341095,18.200708627700806,0.8759188055992126,0.3360414206981659,0.2795717120170593,0.026363907381892204,0.0170116126537323,0.22942110896110535,obj_0279,255,global_fixed_low,10042
25.64751625061035,0.2217789590358734,18.211294412612915,0.8318455219268799,0.97265625,0.26330313086509705,17.550504207611084,0.7763057351112366,0.22472217679023743,12.348172664642334,0.4624139070510864,7.3606977462768555,0.1336669921875,4.875183582305908,0.3369140625,0.29126599431037903,0.01201629638671875,0.2614275813102722,0.51318359375,12.411489486694336,0.129638671875,0.3761131763458252,0.25627562403678894,17.669029235839844,0.7808520197868347,0.24088160693645477,0.2653405964374542,0.006980716250836849,0.06830202043056488,0.37809687852859497,obj_0280,256,global_fixed_low,10042
23.490736484527588,0.10781867802143097,20.98029136657715,0.9461653232574463,0.9921875,0.20564019680023193,19.17584538459778,0.8662227988243103,0.34075480699539185,12.368236780166626,0.5269660949707031,7.433228254318237,0.162841796875,5.009021282196045,0.327392578125,0.30086955428123474,0.0136871337890625,0.14339056611061096,0.509765625,10.928672552108765,0.058441162109375,0.4417152404785156,0.19882237911224365,19.203327894210815,0.8666183948516846,0.22360248863697052,0.2474173903465271,0.00829126127064228,0.04319562390446663,0.4517677128314972,obj_0281,257,global_fixed_low,10042
23.257007598876953,0.08017019927501678,22.674942016601562,0.9699080586433411,0.83203125,0.16717855632305145,19.482977390289307,0.8775594234466553,0.32510048151016235,11.534818410873413,0.5388144254684448,7.35423469543457,0.2489013671875,5.134982109069824,0.548828125,0.3137524425983429,0.0304718017578125,0.08707056194543839,0.5400390625,8.811162114143372,0.05206298828125,0.28074076771736145,0.15210013091564178,20.029971599578857,0.885013222694397,0.37137842178344727,0.28931599855422974,0.02098923921585083,0.058835338801145554,0.2821933329105377,obj_0282,258,global_fixed_low,10042
27.26247787475586,0.30776888132095337,18.176193237304688,0.8259376883506775,1.0,0.33945441246032715,17.83531427383423,0.7801822423934937,0.23209859430789948,13.273870944976807,0.5187512636184692,7.134888648986816,0.10626220703125,4.036898136138916,0.259033203125,0.28770673274993896,0.00775146484375,0.3441745340824127,0.46337890625,13.47038984298706,0.1044921875,0.48654261231422424,0.33945441246032715,17.83531427383423,0.7801822423934937,0.1869094967842102,0.25562193989753723,0.0044050635769963264,0.03718036413192749,0.4923132061958313,obj_0283,259,global_fixed_low,10042
21.103506088256836,0.10820972174406052,19.057154655456543,0.916113555431366,0.9296875,0.15957462787628174,16.83384418487549,0.8293852806091309,0.5147420167922974,8.834856152534485,0.4077816605567932,7.331085920333862,0.288818359375,5.429854551951091,0.6318359375,0.3001582622528076,0.044830322265625,0.1370028555393219,0.6103515625,8.939881920814514,0.056884765625,0.1606481373310089,0.15191693603992462,17.116185426712036,0.8364517688751221,0.976618230342865,0.3829209804534912,0.13269111514091492,0.022526949644088745,0.15408435463905334,obj_0284,260,global_fixed_low,10042
26.73532485961914,0.1431589126586914,19.211031198501587,0.8997877240180969,0.93359375,0.19183991849422455,18.325529098510742,0.8333600163459778,0.18693774938583374,12.666118144989014,0.5120682120323181,7.368642568588257,0.1591796875,5.014087518056233,0.384765625,0.28766292333602905,0.015777587890625,0.1768125295639038,0.486328125,11.174464225769043,0.0787353515625,0.37215057015419006,0.17559146881103516,18.607665300369263,0.8404914140701294,0.1914016604423523,0.25601452589035034,0.0044065495021641254,0.06447796523571014,0.37667331099510193,obj_0285,261,global_fixed_low,10042
27.671825885772705,0.16875100135803223,17.894632816314697,0.8609544634819031,0.9453125,0.20963729918003082,17.310010194778442,0.804806649684906,0.2080060988664627,12.327072620391846,0.5095388293266296,7.313567638397217,0.13916015625,4.576081434885661,0.321533203125,0.2814638912677765,0.00995635986328125,0.21592114865779877,0.5068359375,11.223360300064087,0.1318359375,0.4116305112838745,0.1980544626712799,17.549914121627808,0.8123229146003723,0.2167690098285675,0.26117342710494995,0.006254804320633411,0.05539153888821602,0.41653379797935486,obj_0286,262,global_fixed_low,10042
23.971991539001465,0.12439827620983124,19.132719039916992,0.9417614340782166,1.0,0.19164881110191345,18.00734043121338,0.8676007390022278,0.27641645073890686,11.74962043762207,0.5570776462554932,7.406826019287109,0.19580078125,5.304798285166423,0.36767578125,0.29061174392700195,0.0133209228515625,0.14886611700057983,0.5234375,9.070804715156555,0.079345703125,0.44893231987953186,0.19164881110191345,18.00734043121338,0.8676007390022278,0.17745904624462128,0.25474950671195984,0.0066123176366090775,0.019355295225977898,0.4578705430030823,obj_0287,263,global_fixed_low,10042
24.42235231399536,0.21430295705795288,16.056751012802124,0.8651273250579834,1.0,0.25024089217185974,15.5869460105896,0.8091812133789062,0.2274698168039322,10.891520977020264,0.46628689765930176,7.312397003173828,0.1776123046875,5.030775705973308,0.377685546875,0.30308079719543457,0.018157958984375,0.25950899720191956,0.591796875,9.398441314697266,0.07843017578125,0.417627215385437,0.25024089217185974,15.5869460105896,0.8091812133789062,0.17844577133655548,0.2707696855068207,0.007362374570220709,0.023114005103707314,0.42720645666122437,obj_0288,264,global_fixed_low,10042
26.667015552520752,0.24976718425750732,18.593446016311646,0.8500181436538696,1.0,0.28045740723609924,18.14129948616028,0.8037947416305542,0.23353427648544312,12.32393503189087,0.5096945762634277,7.412708282470703,0.1314697265625,4.690913041432698,0.280517578125,0.28736957907676697,0.0096893310546875,0.29621773958206177,0.541015625,13.304388523101807,0.10589599609375,0.5142311453819275,0.28045740723609924,18.14129948616028,0.8037947416305542,0.15628325939178467,0.2839023172855377,0.005328994709998369,0.06183056905865669,0.5227675437927246,obj_0289,265,global_fixed_low,10042
28.04389476776123,0.1763378083705902,18.747196197509766,0.8791276216506958,0.953125,0.21863022446632385,18.16476821899414,0.827545702457428,0.2145632952451706,12.96391487121582,0.5729693174362183,7.429374694824219,0.1278076171875,4.62281592686971,0.2998046875,0.28398367762565613,0.0079803466796875,0.2163141369819641,0.54443359375,12.245465517044067,0.08819580078125,0.46884655952453613,0.20591388642787933,18.367888927459717,0.8328981995582581,0.15723317861557007,0.2587306797504425,0.003663578536361456,0.02166714146733284,0.4726995825767517,obj_0290,266,global_fixed_low,10042
24.891369342803955,0.12553218007087708,21.064481735229492,0.9375379681587219,0.9635416666666666,0.16958990693092346,19.560598134994507,0.8670984506607056,0.21883252263069153,12.577370405197144,0.5553692579269409,7.316933631896973,0.1649169921875,5.2743353843688965,0.397216796875,0.29455694556236267,0.01554107666015625,0.1531972736120224,0.5029296875,11.191861629486084,0.0950927734375,0.43286019563674927,0.16524915397167206,19.692100286483765,0.8694113492965698,0.19483241438865662,0.2581070363521576,0.007329988293349743,0.028032807633280754,0.43981462717056274,obj_0291,267,global_fixed_low,10042
25.325822830200195,0.2529674172401428,17.932324409484863,0.8395709991455078,1.0,0.28673702478408813,17.38144874572754,0.7853114604949951,0.2535592019557953,11.438837051391602,0.44436201453208923,7.2783098220825195,0.1610107421875,4.770374933878581,0.309814453125,0.29021286964416504,0.0156097412109375,0.2903839349746704,0.491455078125,12.047035694122314,0.10443115234375,0.40426477789878845,0.28673702478408813,17.38144874572754,0.7853114604949951,0.2849891185760498,0.2700551748275757,0.00910982582718134,0.03054322861135006,0.4136020839214325,obj_0292,268,global_fixed_low,10042
22.57343053817749,0.060346659272909164,22.54819393157959,0.9726265072822571,0.6953125,0.136931374669075,18.529402017593384,0.8739452362060547,0.3388786315917969,10.215208530426025,0.5273362994194031,7.20104718208313,0.2373046875,5.300169308980306,0.6005859375,0.31536662578582764,0.033233642578125,0.08574976772069931,0.599609375,8.037027716636658,0.047454833984375,0.23792392015457153,0.11987246572971344,19.627803564071655,0.8884390592575073,0.36137959361076355,0.27467605471611023,0.018854308873414993,0.04198571294546127,0.22893890738487244,obj_0293,269,global_fixed_low,10042
24.351298809051514,0.12246407568454742,23.12490463256836,0.9398096799850464,0.9296875,0.1931340992450714,20.66556215286255,0.8587997555732727,0.4405980408191681,13.45286250114441,0.5470018982887268,7.1187522411346436,0.1087646484375,4.049111366271973,0.251220703125,0.311985582113266,0.01110076904296875,0.16888940334320068,0.51171875,14.084186553955078,0.059326171875,0.5073186755180359,0.1803666204214096,20.923964977264404,0.8636487126350403,0.3031325340270996,0.2825581729412079,0.009643306024372578,0.03430099040269852,0.5191451907157898,obj_0294,270,global_fixed_low,10042
26.63585901260376,0.21003499627113342,18.1261944770813,0.8688256144523621,0.9661458333333334,0.2516489624977112,17.527637481689453,0.8164322376251221,0.26227009296417236,12.00547456741333,0.5208053588867188,7.249706506729126,0.1370849609375,4.64772097269694,0.353271484375,0.33320096135139465,0.0191192626953125,0.26042473316192627,0.5634765625,11.46261215209961,0.1314697265625,0.4005342125892639,0.24274718761444092,17.670799493789673,0.8205021619796753,0.19671480357646942,0.24016126990318298,0.004373995121568441,0.015284559689462185,0.4035341143608093,obj_0295,271,global_fixed_low,10042
27.79665231704712,0.2573156952857971,17.69295573234558,0.82770174741745,0.9921875,0.29651159048080444,17.37611413002014,0.780171275138855,0.23322686553001404,13.120107650756836,0.5291420817375183,7.159883975982666,0.119140625,4.555660406748454,0.259521484375,0.2837221920490265,0.007411956787109375,0.29169613122940063,0.4736328125,12.61006474494934,0.11334228515625,0.4661937654018402,0.2853797972202301,17.409895658493042,0.7813411355018616,0.2307574450969696,0.24220964312553406,0.0049101486802101135,0.04377972334623337,0.47031691670417786,obj_0296,272,global_fixed_low,10042
23.608038425445557,0.12082517147064209,21.35944366455078,0.929739773273468,0.998046875,0.18351393938064575,19.50860023498535,0.8531946539878845,0.3247063159942627,12.378920316696167,0.5394437313079834,7.327049255371094,0.12744140625,4.748467445373535,0.317626953125,0.3094089925289154,0.01453399658203125,0.1488477885723114,0.44970703125,11.863224506378174,0.09857177734375,0.4028613865375519,0.1852756142616272,19.51553702354431,0.8533188104629517,0.2956239581108093,0.26237088441848755,0.00722688902169466,0.016384150832891464,0.41036438941955566,obj_0297,273,global_fixed_low,10042
20.48307180404663,0.19161653518676758,18.17910671234131,0.8946133852005005,1.0,0.2652529180049896,16.37216329574585,0.7984374761581421,0.5034647583961487,9.986880421638489,0.34750616550445557,7.392201662063599,0.25390625,5.657835006713867,0.623046875,0.34198981523513794,0.03656005859375,0.1683778017759323,0.5537109375,9.075860977172852,0.1246337890625,0.17533451318740845,0.2652529180049896,16.37216329574585,0.7984374761581421,0.748453676700592,0.3611808717250824,0.07492799311876297,0.03474655747413635,0.17534148693084717,obj_0298,274,global_fixed_low,10042
25.096464157104492,0.15747970342636108,19.217811822891235,0.8905220031738281,0.93359375,0.21411912143230438,18.09971332550049,0.8223664164543152,0.24229972064495087,11.814885139465332,0.4846316874027252,7.220497369766235,0.1771240234375,4.912008126576741,0.345458984375,0.28035086393356323,0.0128936767578125,0.1948501318693161,0.5205078125,11.801238059997559,0.1334228515625,0.4215647876262665,0.19451801478862762,18.38464617729187,0.8304046392440796,0.2433348149061203,0.28417083621025085,0.009184762835502625,0.1688544601202011,0.4308585524559021,obj_0299,275,global_fixed_low,10042
