object_uid,layer,window,condition,active_postscale_norm,active_squared_postscale_norm,baseline_active_postscale_norm,baseline_active_squared_postscale_norm,net_active_postscale_norm_change,net_active_squared_norm_change,full_layer_integrated_postscale_norm,full_layer_squared_postscale_norm,increment_proxy_frozen_calibration,delta_fg_lpips,delta_fg_psnr,delta_full_psnr,delta_full_lpips,delta_fg_ssim,delta_edge_ssim,delta_fg_lap_var,delta_fg_rgb_std,delta_fg_grad_mag,delta_fg_hf_energy
00001ec0d78549e1b8c2083a06105c29,deep,W1,a3_deep_W1,79537.4557746475,632650550.4949719,78755.93477044305,620279051.98406,781.5210042044491,12371498.510911822,337348.4940901932,2308483959.961517,790.6538858011257,2.6285648346002777e-05,0.004251003265382636,0.005543231964107775,7.556378841400146e-05,-0.0005949735641479492,-0.00048482418060302734,-7.62939453120056e-06,6.103515625e-05,0.0,-1.6391277313787533e-06
0005d5eb0eb847648bf2e76f6931ed48,deep,W1,a3_deep_W1,81285.58170048422,660772209.6677929,80484.6574831921,647815141.7641722,800.9242172921222,12957067.90362072,343787.1775160196,2396832551.2879553,808.0313910616479,3.3132731914506386e-05,-0.0011235475540178896,0.005092620849609375,-0.00013886392116549406,-0.00015413761138910465,0.0002637803554534912,-3.0517578125e-05,-3.0517578125e-05,-0.00048828125,3.865361213689633e-05
0005df571e71437991594d0affec9c2b,deep,W1,a3_deep_W1,78557.79121299979,617217512.0134978,77784.15563352821,605120796.9926729,773.6355794715782,12096715.02082491,337364.46408724185,2299849173.54341,780.9153848030172,4.8011541366604904e-05,-0.0017392635345476748,0.002080202102661133,8.428096771240234e-05,0.0002894848585129062,-0.00022673606872558594,-6.103515625e-05,0.0,-0.00048828125,-9.432435035711118e-05
000c895f9ef6491894ac588634f3d2b5,deep,W1,a3_deep_W1,78072.76888442723,609577958.4550048,77305.52238614704,597655797.0665295,767.2464982801903,11922161.388475299,328971.0712236096,2196110500.018448,776.0939483483143,0.00013655424118041992,-0.004057884216308594,-0.007054805755615234,0.00011131167411801424,0.0008360147476196289,-0.00014644861221313477,1.9073486328099847e-05,6.103515625e-05,0.00048828125,0.00015126168727869205
000d1c5d169f4fda93a32f2eaeac80d8,deep,W1,a3_deep_W1,78449.76994655312,615471732.2166734,77678.81553683628,603434272.8704613,770.95440971684,12037459.34621203,329378.53912638355,2200761866.0322504,779.8415833690461,8.504092693328857e-05,-0.012320280075073242,-0.014667510986328125,0.00011771917343139648,-0.0005554854869843084,-0.0007102489471435547,7.629394531300307e-06,0.00018310546875,0.00048828125,-9.670853614809904e-05
00133744383047b888486d10548eb32d,deep,W1,a3_deep_W1,74623.76123337183,557014652.917435,73890.28818266255,546119009.992862,733.4730507092754,10895642.924573064,319789.2131249144,2068727676.708659,741.8085758165216,-4.978477954870053e-05,0.005033016204835761,0.005632638931270861,5.665421485895328e-05,-0.00020506978034978696,9.042024612421207e-05,-1.52587890625e-05,0.0,-0.00048828125,6.952881813054868e-05
0013d88f17a245b0bff5ebe713bd72ab,deep,W1,a3_deep_W1,80716.8799585603,651551411.9780774,79925.02671992121,638830351.6668962,791.8532386390871,12721060.311181188,341543.36763577705,2365658847.6743894,802.3781269770136,-3.7133693695096115e-05,0.0011515617370605469,-0.0016033649444580078,4.9844384193392655e-05,-0.00011080503463750668,-0.0001710653305053711,-7.629394531199693e-06,-0.00018310546875,0.0,-2.3931264877263825e-05
0015eb3cf53b4339b2d0532cf912ab26,deep,W1,a3_deep_W1,80430.0624355174,646954819.3426056,79638.6063262971,634285117.2479838,791.456109220293,12669702.094621778,341148.062008112,2359621847.7241735,799.5269748135316,-2.5764107704190353e-05,-0.004827380180358887,-0.005345344543457031,-3.167986869812012e-05,-3.951787948611174e-05,1.3977289199829102e-05,-2.2888183593800307e-05,6.103515625e-05,-0.00048828125,1.6331672668512542e-05
001e6d1b655542b48dbe00f3a3ccc616,deep,W1,a3_deep_W1,73629.7501287089,542244541.8316907,72906.6677759355,531646476.04280585,723.0823527734028,10598065.788884819,310903.2077024578,1963744157.9415135,731.9274608779455,0.00029765069484710693,-0.004194974899290216,-0.007014274597167969,0.00019478797912597656,-0.0003548860549926758,-0.0005493462085723877,2.288818359370056e-05,0.0001220703125,0.000244140625,7.665157318109683e-05
001f17841a2642e4a9fa2f9b1687aa1e,deep,W1,a3_deep_W1,80474.52740295378,647635851.2706492,79684.08981186098,634975945.5529276,790.4375910928065,12659905.717721581,342732.2064833004,2379957174.724847,799.9689854227873,1.564621925359555e-05,-0.0012004375457763672,-0.0032281875610351562,-0.00014925003051757812,0.00010383129119867496,0.00015538930892944336,-3.0517578125e-05,6.103515625e-05,-0.00048828125,-1.7821788787786286e-05
0029e901155f414696aa6b470cbe40d4,deep,W1,a3_deep_W1,80461.10026448962,647419515.6237608,79671.49037110797,634774864.5605215,789.6098933816538,12644651.063239336,339240.5231696193,2332443351.167885,799.8355109597372,-8.703768253329192e-05,0.0037026405334472656,0.000777244567867541,-0.0001624822616576871,0.0003859102725982111,-0.0005750060081481934,3.0517578125e-05,0.0,0.0,0.00012451410293579102
00317d7cb89c4f84b28090ec8eeb361a,deep,W1,a3_deep_W1,76545.98057441562,586006636.4553691,75792.94572340584,574533480.8667136,753.0348510097829,11473155.588655472,324142.65428228927,2131705846.0169725,760.9166825136282,6.787478923800383e-05,-0.0013363361358642578,-0.0010061264038085938,0.00029677152633658666,-0.0003637075424194336,1.341104507446289e-05,-3.8146972655998465e-06,0.0,0.000244140625,-2.744793891909514e-05
003245510e8f4bcb98f1794348606f68,deep,W1,a3_deep_W1,77944.30563320978,607586023.4978946,77175.53476997651,595660003.1913579,768.7708632332651,11926020.306536794,330772.8422601389,2216780184.6932535,774.8169403302868,4.816055297859889e-05,-0.0031888484954833984,0.0009799003601074219,-0.00011339783668518066,0.00022286176681518555,0.00016623735427856445,-2.288818359379944e-05,0.0,-0.000732421875,2.1964311599786956e-05
004459ae7559418fad89ddb73e140b56,deep,W1,a3_deep_W1,81548.02978404064,665082619.4928917,80744.61584967957,652042642.15506,803.4139343610732,13039977.337831616,348196.4133195909,2455419133.9606633,810.640295194474,6.594508886340056e-05,-0.007296800613405097,0.005700588226318359,-0.00016514956951141357,8.493661880493164e-06,0.0004265308380126953,7.629394531199693e-06,6.103515625e-05,-0.00048828125,-2.0802021026611328e-05
0047b3f31cc844d2bfe8e59820b87312,deep,W1,a3_deep_W1,77448.65109420168,600046109.7445477,76681.7310876924,588222365.9910088,766.9200065092737,11823743.753538966,331523.60538051825,2221346988.649739,769.8898128094862,-5.069375038149748e-05,-0.0072509050369262695,-0.0011551380157470703,-0.00021329522132873535,0.00021618604660028629,-0.0002360045909882147,-2.2888183593800307e-05,-0.0003662109375,-0.000244140625,-0.00010108947753900699
0048e8224b174b759771e39ff521ee2e,deep,W1,a3_deep_W1,76230.03560219258,581221250.8826461,75480.15471553367,569842893.7185646,749.8808866589097,11378357.164081454,319635.94378231926,2074711408.703386,757.775984617844,0.00012481212615972348,-0.0023794174194335938,-0.0027740001678466797,3.466010093688965e-05,-0.0001882910728455145,0.0006147325038909912,-3.8146972655998465e-06,0.00018310546875,0.000244140625,-2.002716064447574e-05
004a33ffd2654583822bdd2eed1241ba,deep,W1,a3_deep_W1,81668.04427888984,666995159.8817736,80864.94108688903,653941627.3703159,803.1031920008099,13053532.511457682,346816.8930209965,2439615515.8414574,811.8333170956752,-2.5652348995292007e-05,0.003839731216430664,-0.0014638900756835938,0.00020991265773770418,0.00022724270820612125,4.4405460357666016e-05,-4.57763671875e-05,6.103515625e-05,-0.00048828125,-3.695487976074219e-05
0050d3fb84444ea1b9079a1575887aa1,deep,W1,a3_deep_W1,78097.0348393718,609969534.5363284,77328.73767074647,598027093.7594517,768.2971686253295,11942440.776876688,332049.6198339944,2231946596.0254326,776.3351676755198,-0.00010967254638671875,0.0022435188293474795,-0.01290559768677113,0.00020861625671381168,-0.00010734796524047852,0.00033530592918401547,0.0,0.0,0.0,3.069639205932617e-05
00519a09c83e410f9734b3cfe8bcb604,deep,W1,a3_deep_W1,79547.6178612463,632831697.2642764,78765.10508303456,620442695.0602808,782.5127782117343,12389002.203995585,335008.2379867115,2276279678.9268823,790.7549035314381,-4.1261315345791916e-05,-0.0010061264038085938,-0.0006759166717529297,1.862645149225406e-05,2.934038639071379e-05,-0.00021445751190185547,0.0,-6.103515625e-05,0.00048828125,-4.610419273382016e-05
0053d2ac9bc14142bffaa42593c00a8a,deep,W1,a3_deep_W1,74002.7935619257,547739241.1584041,73272.91962697156,536988332.8780426,729.8739349541429,10750908.280361533,316432.07729545195,2025625557.2208478,735.6357545010295,7.736682891840152e-05,-0.008553266525268555,-0.007741451263427734,0.00017882883548739348,-0.00048094987869262695,0.00012958049774169922,4.57763671875e-05,0.00030517578125,0.000244140625,0.00012871623039240054
005c0d7ccf7749f99a4cc8e88bda073d,deep,W1,a3_deep_W1,73186.04771298786,535777711.67314017,72462.93273328958,525243150.56152976,723.1149796982791,10534561.111610413,311865.1522649653,1970857753.153225,727.5167711505403,4.374980926513672e-05,-0.008182525634765625,-0.008120536804197442,0.0001437664031982977,-8.14273953437944e-05,2.4944543838500977e-05,-7.629394531199693e-06,-0.0001220703125,0.0,-7.459521293640137e-05
005ee892a99b4ae8a26bb1c8123fdd80,deep,W1,a3_deep_W1,82305.13657166355,677447558.6878937,81496.6478359662,664203716.7336965,808.4887356973486,13243841.954197288,350354.17093745497,2484897812.832704,818.1664276030398,3.278255462649954e-05,-0.00046372413635253906,-0.028989315032958984,0.00036960840225219727,-0.0002250373363494873,-0.0006173551082611084,-2.2888183593699693e-05,0.0001220703125,-0.000244140625,3.5762786865234375e-06
006ce7ce9e1b45558fe805882a705991,deep,W1,a3_deep_W1,69864.98589046636,488181965.13577694,69174.16183182946,478575782.53135264,690.824058636892,9606182.604424298,297980.9465292212,1798875361.9512796,694.5032631197821,0.000118255615234375,-0.011709928512571466,-0.010975599288943982,0.0003433227539063055,0.0004920065402984064,0.0006972551345825195,7.629394531300307e-06,6.103515625e-05,-0.000244140625,3.841519355779477e-05
006d40ce26e64b4c930124ddae278c05,deep,W1,a3_deep_W1,78332.88434845237,613669174.8546933,77563.0974875732,601667156.1041281,769.7868608791614,12002018.750565171,328995.08644205675,2195969379.9661903,778.6796647304313,4.5835971832303146e-05,9.775161743164062e-05,-0.004220008850097656,3.844499588012695e-05,-0.0003344416618347168,0.0001399219036102295,-1.52587890625e-05,0.0,0.0,2.4437904357910156e-05
00713006ea594a598ad966c5b36c7922,deep,W1,a3_deep_W1,80329.4344162384,645400107.2161033,79537.59868944973,632739422.3569596,791.8357267886604,12660684.859143734,341875.5655264094,2364377942.8288207,798.5266670504967,-4.194676875998726e-06,0.00044703483581365333,-0.010751485824584961,6.3896179199191e-05,-1.7762184143121917e-05,-0.0012784302234649103,-1.52587890625e-05,6.103515625e-05,-0.00048828125,-5.006790161188324e-06
0078e62e7d774effa973885c78ffbf6a,deep,W1,a3_deep_W1,78162.79441826747,610994528.9305974,77394.68422192732,599044806.9119859,768.1101963401452,11949722.01861155,333683.53138045035,2253374288.678548,776.9888605309943,8.736550807950105e-05,-0.013712644577026367,-0.014599561691280627,0.0006631165742873868,-0.000424116849899292,-1.0192394256591797e-05,3.0517578125e-05,0.00018310546875,0.000732421875,5.143880844116211e-05
007ced0c381749a394866f5fa71fd303,deep,W1,a3_deep_W1,79224.40457415185,627712975.1569662,78444.91402472481,615421507.7379142,779.4905494270351,12291467.419052005,334815.5180843422,2270253670.1473117,787.5419538727538,2.16960906982977e-05,-0.0033748149871843935,-0.005371570587158203,0.00010654330253609401,0.00018870830535888672,-0.0003464221954345703,-7.629394531199693e-06,0.0001220703125,0.000244140625,-8.87215137481967e-05
00820ef5fe4843cf8beef97281048215,deep,W1,a3_deep_W1,79724.90751851459,635668135.4722954,78940.13692384021,623215452.7291949,784.7705946743808,12452682.743100524,337794.1586518015,2311551552.050732,792.5172776866873,-2.8893351554815094e-05,-0.005797743797302246,-0.0001227855682373047,0.00019261240959173032,-7.867813110351562e-05,0.00021466612815862485,-3.0517578125e-05,-6.103515625e-05,0.0,-5.28395175934393e-05
008f8f5241b947f29838e2a780e3790a,deep,W1,a3_deep_W1,71038.82070090857,504850136.2346997,70338.18392244526,494941695.69609976,700.6367784633185,9908440.538599968,295973.85971244355,1782625748.094802,706.1719422989896,6.902217864990234e-05,-0.00920116901397705,-0.009062290191646838,0.0001137852668762207,-0.00023674219846729627,-0.00036206841468811035,6.103515625e-05,0.00018310546875,0.00048828125,0.0001863241195679266
0092c97c01714eb98d6f4b635c5ee9ec,deep,W1,a3_deep_W1,77552.95017790886,601500789.6357255,76790.88436283263,589737765.0021906,762.065815076232,11763024.633534908,326710.94391144294,2167203214.1565547,770.9266133334085,0.00013889372348788176,-0.004242658615112305,-0.005491971969604492,6.80685043334961e-05,0.00046566128730773926,0.000579833984375,1.52587890625e-05,0.00018310546875,0.000244140625,3.5822391510009766e-05
00a1a602456f4eb188b522d7ef19e81b,deep,W1,a3_deep_W1,77700.69909516994,603805976.6039815,76933.38452112812,591939765.3785114,767.3145740418258,11866211.225470066,332674.8898309877,2237532225.51061,772.3953333775389,4.442036151880435e-05,-0.010769367218017578,0.0030231475830078125,-4.3168663978604416e-05,-0.0002993345260619562,7.721781730646304e-05,-1.52587890625e-05,0.0001220703125,0.0,-3.987550735479184e-05
00a1d892548542c7ab83565070737d6b,deep,W1,a3_deep_W1,78324.86439642447,613548635.494733,77554.84924901726,601544389.9004877,770.0151474072045,12004245.594245315,332216.8147214736,2236214727.5811934,778.599941206803,3.4868717194158627e-06,-0.0008997321128845215,-0.0009727478027308223,6.115436553960629e-05,-0.00013671070337301083,0.0,7.629394531199693e-06,0.0001220703125,0.00048828125,1.4841556549016754e-05
00a38a2327cd41b885d6ebbb6ac0a91c,deep,W1,a3_deep_W1,79083.31908897009,625449477.0093522,78306.74051501437,613226255.9824626,776.5785739557177,12223221.026889563,333692.02193839237,2258231282.763237,786.1394726643387,-3.126263618469238e-05,0.0027680397033691406,-0.010352134704589844,0.00030148029327387027,-0.0003140568733215332,-0.0005533099174499512,3.0517578125e-05,0.00018310546875,0.000244140625,0.00020796060562128238
00a69ec5e0cb4e1b9c6d6285bde5de3e,deep,W1,a3_deep_W1,80271.2361065732,644377582.6929106,79482.52941991614,631777197.2644897,788.7066866570531,12600385.428420901,340264.41207185405,2346806483.640417,797.9481381142152,1.6614794731195648e-05,-0.0004112720489501953,-0.002124309539794922,7.978081703186035e-05,-4.57316637038907e-05,0.0003930628299713135,0.0,-6.103515625e-05,0.00048828125,-5.811452865600586e-06
00a776f578304cce8c096fc0034582ef,deep,W1,a3_deep_W1,79159.06990619018,626669205.3801633,78382.12177564042,614428066.4503683,776.9481305497611,12241138.929795027,335174.4058298434,2275738422.1896553,786.8924849074932,-3.400444984438811e-05,-0.0031632184982299805,-0.0017511844635009766,-3.382563591003418e-05,0.0002911686897278387,-0.00020459294319158383,-1.52587890625e-05,0.0001220703125,-0.000244140625,1.990795135503598e-05
00a97894440b42ebbde2435e9430106c,deep,W1,a3_deep_W1,75642.27399129148,572254420.3805462,74897.68288158753,561043929.4034994,744.5911097039498,11210490.977046847,327020.23081140214,2160343160.074175,751.9332530763629,0.00012789666652679443,0.0005018711090087891,-0.0023484230041503906,0.000230789184570257,0.00023695826530450992,0.0006287693977355957,-7.629394531199693e-06,0.00018310546875,-0.000244140625,5.58942556380948e-05
00a9925ae746466b91ce457c67bef43f,deep,W1,a3_deep_W1,78552.984365526,617212000.8842936,77778.77285757125,605106234.265971,774.2115079547511,12105766.61832261,331263.0319986295,2221861062.94777,780.8676016221673,-1.892447471621428e-05,-0.008274316787719727,-0.005825757980343127,0.00018034875392908267,0.00010347366333007812,0.0003485381603240967,7.629394531199693e-06,-0.000244140625,0.000244140625,2.0176172256525238e-05
00ae6eda19634ee6b0a4a52789c9ff90,deep,W1,a3_deep_W1,76946.51779547885,592157586.5586619,76190.22918578271,580574541.7708647,756.2886096961447,11583044.787797213,326336.31754838134,2157610017.6690025,764.8982822160236,2.4288892745888413e-05,-0.0053441524505615234,-0.006430149078362035,0.00014480948448181152,0.00033861398696899414,0.0007581710815429688,-7.629394531199693e-06,-6.103515625e-05,0.000244140625,-4.760921001428775e-05
00bc54b70fea4c94bf54bdb4d041522c,deep,W1,a3_deep_W1,76010.25417288947,577816869.1218762,75262.3571851679,566501991.2014009,747.8969877215713,11314877.920475364,327324.1450102546,2164576092.500197,755.5912146951325,3.5166740417508224e-05,0.002268552780149591,-0.007758140563964844,0.00026284158229830656,0.0004494786262512207,0.00015115737915039062,-3.8146972655998465e-06,0.0001220703125,0.0,-1.5735626220703125e-05
00bf94f9be9346d5bf6fcdb88e0f68c3,deep,W1,a3_deep_W1,75912.72433279033,576521513.9663594,75162.09939359878,565177660.6986579,750.624939191548,11343853.267701507,325150.7305619991,2136396608.520171,754.6217048421341,1.043081283569336e-05,-0.009096860885620117,-0.006593465805053711,0.0003141462802886963,-0.0002875030040740967,-0.0003083944320678711,-1.52587890625e-05,0.000244140625,0.0,-0.00010475516319280453
00c01670fa9545fc82e1fbfb9f70a259,deep,W1,a3_deep_W1,79679.93814879909,634913586.2064377,78897.02137452982,622497904.0784551,782.9167742692662,12415682.127982616,335979.1231024463,2290022771.929251,792.0702529917019,5.78016042709073e-05,-0.006626248359680176,-0.0049197673797625185,0.00016637146472928133,-3.731250762939453e-05,-0.0007540583610534668,7.629394531199693e-06,-6.103515625e-05,-0.00048828125,0.00011897087097167969
00c1673e7c8e4c2fbc0c9a1084acc067,deep,W1,a3_deep_W1,73658.860605909,542613271.749345,72935.45192977523,532007472.8231759,723.4086761337676,10605798.926169038,310464.22476343904,1958796129.69499,732.2168378977609,4.285573959350586e-05,-0.0001275539398211123,0.0005674362182652715,1.913309097290039e-05,0.0005338191986083984,0.0007627010345458984,3.8146972655998465e-06,-0.0001220703125,0.0,3.1620264053289215e-05
00c5fc33cf54446093cca570c2ac5db0,deep,W1,a3_deep_W1,77004.42147144159,593059596.6253307,76246.59453772337,581444143.7968535,757.8269337182137,11615452.828477144,328814.65253086743,2186549125.8305717,765.4738823022499,0.00014223158359530363,-0.009691715240478516,-0.008518695831298828,0.0001457035541534979,0.00022459030151367188,-0.00035685300827026367,3.814697265600714e-06,0.00018310546875,0.0003662109375,-5.179643630981445e-05
00cc1d02ab5c4e1abcbc080bbdc6bdc4,deep,W1,a3_deep_W1,72842.63083785823,530676927.59922886,72125.48603667357,520279359.3247311,717.144801184666,10397568.274497747,301239.1468937089,1850526808.3772068,724.1029847259376,-3.635883331243317e-06,0.004050731658935547,0.0013828277587890625,-3.4809112548828125e-05,-0.0002875030040740967,1.6480684280395508e-05,1.52587890625e-05,0.0,0.0,0.00012981891632080078
00d319b11c2c41c6b9a36287abf6922e,deep,W1,a3_deep_W1,80778.20255430447,652549303.3395375,79984.37979676155,639786878.2803355,793.8227575429191,12762425.059201956,343937.6268453649,2392965593.4149556,802.9877133428372,-6.116181612018934e-05,0.003764629364013672,-0.010569095611572266,-2.8461217880193512e-05,-0.0005204677581787109,0.00013297796249389648,-7.62939453120056e-06,-6.103515625e-05,-0.000244140625,1.9103288650512695e-05
00d9bd8bee204fe3a42c320ce24a32fd,deep,W1,a3_deep_W1,72292.80391369887,522937694.07967746,71574.44208061106,512598326.3838582,718.3618330878089,10339367.695819259,306783.8004170727,1910157446.0708804,718.6373485691012,5.304813385009766e-06,-0.014063119888305664,-0.01256704330444336,0.0002345740795134943,-9.98377799987793e-05,-0.0008102059364318293,0.0,-0.00048828125,-0.000244140625,-4.285573959350586e-05
00da1beacd7e456f81bcdd0343048166,deep,W1,a3_deep_W1,78623.62962685314,618303731.5809072,77849.92534907903,606194983.3350086,773.7042777741153,12108748.245898604,338025.0846163921,2310996776.2516093,781.5698613290908,5.915760993960295e-05,0.0018167495727556826,0.0052928924560546875,0.00018839538097381592,0.00043570995330810547,0.0008069872856140137,6.866455078119969e-05,9.1552734375e-05,0.0,8.714199066156558e-05
00db57d6cb5540089860f0de1d2c643d,deep,W1,a3_deep_W1,76672.99511950859,587923650.529805,75918.63576943011,576411745.2665131,754.3593500784773,11511905.263291836,327366.8725367358,2171565920.5586777,762.1792894533768,-3.4332275390597244e-05,0.0032591819763183594,0.0032091140747070312,-3.826618194580078e-05,0.00017255544662475586,-0.00012767314910888672,-3.8146972655998465e-06,6.103515625e-05,-0.000244140625,2.092123031621762e-05
00ddbd37e24c43569cb77919361bfaa9,deep,W1,a3_deep_W1,81680.80452395542,667233659.3420382,80875.45552922424,654141401.3170571,805.3489947311755,13092258.024981022,345712.1250769535,2420824680.5305066,811.9601622059016,-3.4965574741294136e-05,0.0018811225891131045,-0.001223087310787463,-0.00016376376152038574,0.0008479654788970947,0.0002981424331665039,-1.52587890625e-05,0.0,-0.0009765625,9.623169898992368e-05
00e99d9188c64441b8ae7a3f73f37164,deep,W1,a3_deep_W1,80309.9619193692,644982189.4544108,79522.30983515563,632392726.6514437,787.6520842135797,12589462.802967072,341812.7746760962,2370635006.8806715,798.3330978048385,4.160404205327817e-05,-0.008403062820432794,-0.01816272735595703,0.00023949146270757504,0.0001328289508819025,-0.001080155372619629,1.52587890625e-05,6.103515625e-05,0.0,2.0563602447509766e-05
00ea067d2d0d4e5abbe36abcdd2117b9,deep,W1,a3_deep_W1,76319.02948903662,582528677.6527585,75568.6407996012,571130050.2647568,750.3886894354218,11398627.38800168,320037.916218787,2078956776.4084878,758.6606415604186,2.264976501520355e-06,0.0003218650817871094,-0.0011682510375976562,-3.618001937871762e-05,0.00014294683933260832,-0.0004894733428955078,0.0,0.0003662109375,0.00048828125,-0.00022041797637939453
00ed0007c9c84409adb2e257fad235d1,deep,W1,a3_deep_W1,75175.1778145277,565204362.8822771,74435.25831733055,554132849.4110796,739.9194971971592,11071513.471197486,320779.84872411925,2081872237.970669,747.2900141947031,8.212029933932219e-05,-0.0009095668792724609,-0.0051915645599365234,7.790327072149106e-05,2.8133392333984375e-05,-0.00013038516044611148,3.0517578125e-05,-6.103515625e-05,0.0,5.111098289489746e-05
00ef198a19a8403d903dbfa7cfaaf9bd,deep,W1,a3_deep_W1,80070.91748646068,641193545.024483,79284.23151743505,628656342.2608464,786.6859690256242,12537202.763636589,339594.9009311762,2336419847.4334927,795.9568411353549,-3.758072853080052e-05,0.002294182777404785,-0.0021517276763916016,1.4543533325195312e-05,7.496774196619205e-05,0.00025150179862976074,-1.52587890625e-05,0.0,-0.00048828125,5.933642387390137e-05
00f9cb1a42b4498e838107f82557c9f3,deep,W1,a3_deep_W1,76582.93804114062,586569445.1068379,75830.62192133618,575101555.6237625,752.31611980444,11467889.48307538,328625.30963475147,2184939726.558608,761.2840636976363,8.04364681244174e-05,-0.007004737854003906,-0.012493133544921875,0.0002823621034621915,0.00013750791549682617,0.00029012560844421387,3.814697265699593e-06,0.00030517578125,0.0,4.500150680541992e-05
00fa05ae10834647a8bf00c5a5a899a1,deep,W1,a3_deep_W1,81337.68205592588,661618304.327233,80537.41938191066,648663447.5652796,800.2626740152191,12954856.761953354,347263.73191759887,2442699394.3040266,808.5493023787797,1.256912946699662e-05,-0.0012624263763427734,-0.0023269653320383554,9.407103061678801e-05,-0.00017839670181279965,-0.00016111135482788086,7.629394531300307e-06,0.0,0.0,-4.768371582086761e-06
00fab46ab0134de8b7c6b39f9ef2f708,deep,W1,a3_deep_W1,78981.96992762778,623863573.1097589,78204.39695014777,611640330.4707497,777.5729774800129,12223242.639009118,335301.1644198985,2276536902.012829,785.1319962815759,-1.5944242477972104e-06,-0.0035226345062273623,-0.003204345703125,9.283423423794845e-06,-0.00021797418594360352,-0.0002925992012023926,-7.629394531300307e-06,0.00018310546875,-0.000244140625,-3.874301909845279e-07
00fadd5980ed4228bc28217eb11c5d27,deep,W1,a3_deep_W1,78450.39779238611,615490834.6068672,77679.42840334984,603452784.0757154,770.9693890362687,12038050.531151772,332787.9358008133,2243575615.9961452,779.8478245637474,-1.4245510101290604e-05,-0.0020629167556762695,-0.00209808349609375,0.00016258656978601627,-0.001398861408233698,-0.0020789504051208496,2.2888183593800307e-05,0.0001220703125,0.0,0.0002643465995788019
00fd070ec367496582cb9410fb8d84a2,deep,W1,a3_deep_W1,80788.92446759071,652721888.196515,79996.49522790601,639979990.7934872,792.4292396847013,12741897.403027773,344075.10341610335,2399934591.4265823,803.094296113438,3.4272670746127165e-06,-0.003960132598875177,-0.01242399215697887,5.368888378140535e-05,0.00014126300811762027,-0.00011545419692993164,7.629394531199693e-06,6.103515625e-05,0.0,7.390975952092926e-06
00fe064ec39f4f42a8301f6699c37455,deep,W1,a3_deep_W1,79349.84064399709,629728112.5242978,78569.74089527194,617407188.9597793,780.0997487251443,12320923.56451857,338709.1127974022,2320945835.200467,788.7888697449908,8.77678394318182e-05,-0.01208543777465998,-0.013768672943111682,0.0003769099712371826,-0.00014549493789672852,0.0005366802215576172,7.629394531199693e-06,0.00018310546875,0.000244140625,-5.888938903808594e-05
00fe7b40923644c3bf15be6fcb8195c2,deep,W1,a3_deep_W1,79404.5542093899,630545484.0627639,78624.97763363908,618225062.0100484,779.5765757508198,12320422.05271554,335235.290674921,2278952584.0919633,789.3327580635514,-1.4334917068509201e-05,0.0011527538299560547,-0.0064587593078684336,0.0001342147588730136,0.00043314695358276367,-0.0008386373519897461,1.1444091796899286e-05,6.103515625e-05,0.0,0.00017420947551718968
01052f325d2a4422bf1dea6567d78347,deep,W1,a3_deep_W1,69511.10180548117,483344286.7399812,68825.73827444647,473860793.36390394,685.3635310347017,9483493.376077235,285348.69939738826,1663270300.5730321,690.9854258418402,-0.00015687942504882812,-0.001469254493713379,-0.0014185905456542969,3.069639205932617e-05,0.0009604990482330322,0.0006184577941895086,-4.57763671875e-05,6.103515625e-05,-0.000732421875,-0.00017711520195001773
0116e8e2de78456cab731ff73f65349f,deep,W1,a3_deep_W1,76302.98702350777,582286054.6158305,75550.92351747771,570864334.2696686,752.0635060300556,11421720.346161962,330026.7030255858,2200401837.0847697,758.5011690504587,-9.793043136599455e-05,0.006381273269651544,0.0016117095947230098,0.0004796385765075961,0.0004076957702636719,0.0003460049629211426,3.814697265699593e-06,0.0,-0.00048828125,7.224082946777344e-05
0118607beaed4571b94615a611bab570,deep,W1,a3_deep_W1,79975.24690924544,639634783.8958116,79189.2208578518,627123565.3598291,786.0260513936373,12511218.53598249,339216.76615234796,2329596369.2972474,795.0058135610464,-1.2561678886385819e-05,0.0006628036499023438,0.0023734569549560547,0.0001515299081801813,0.00025704503059387207,-7.49528408049982e-05,3.0517578125e-05,6.103515625e-05,0.0,-5.2541494369506836e-05
011a2229b2f949ffaac35b39e9ee9d78,deep,W1,a3_deep_W1,78559.26915483136,617212842.462055,77787.28921410635,605142075.2226579,771.9799407250102,12070767.239397049,331024.0596118687,2221263001.135487,780.930076503182,-6.7099928855896e-05,-0.0016188621521013857,-0.0027060508727991817,-7.468461990356445e-05,-0.0006600320339202881,-0.00014016032218938657,7.629394531300307e-06,6.103515625e-05,-0.000244140625,7.179379463198576e-05
011e8dd9d04e4257b4c094b9cf279280,deep,W1,a3_deep_W1,74704.40722926092,558226448.6059448,73967.01032702209,547261274.358453,737.3969022388337,10965174.247491717,314783.3384501037,2009231313.0170465,742.6102493098838,1.507997512822934e-05,-0.006955265998840332,-0.006159543991088867,0.00017398595809942075,-3.6507844925204314e-06,-0.0003566443920136053,-4.57763671875e-05,0.00018310546875,-0.000244140625,-5.683302879327945e-05
012323854937400b839b3bedf4faa010,deep,W1,a3_deep_W1,79953.70319732494,639318256.8449273,79165.58647387686,626776820.1186837,788.1167234480818,12541436.726243615,337592.5353826935,2309498216.6247253,794.791655094716,-7.492303848269377e-05,0.0022721290588378906,-0.0028395652770960567,-5.9008598327914275e-06,-0.0005405843257904053,-0.0002708137035369873,0.0,0.0,-0.000244140625,0.00011909008026123047
0123ecfeeaf14efc8183597f2099e925,deep,W1,a3_deep_W1,74186.50606746566,550428743.8749276,73456.3223065603,539646834.2690963,730.1837609053619,10781909.605831385,320436.44744242565,2072624746.868601,737.4619759329416,6.784498691558838e-05,0.00036120414734064354,-0.007488727569580078,0.0003108680248261053,9.512901306152344e-05,-0.0004813373088837225,-2.2888183593800307e-05,0.00018310546875,0.0,-5.224347114562988e-05
012648b0eed74f67ad28527119aac2c4,deep,W1,a3_deep_W1,72786.45520875062,529901631.467088,72072.71998685501,519560327.3665066,713.7352218956075,10341304.100581408,305598.82764550234,1900419102.5343504,723.5445625459889,0.00010246038436889648,-0.0065004825592041016,-0.006008148193359375,0.00025284290313720703,-0.0006319284439086914,-0.0013656020164489746,2.6702880859400153e-05,0.00018310546875,0.0003662109375,7.161498069757632e-05
012989686a534d73bd7989501e713630,deep,W1,a3_deep_W1,81260.89450806893,660397498.9613917,80460.07844415038,647445504.2083268,800.8160639185517,12951994.75306487,345954.6891814644,2422718360.772532,807.7859843608355,1.9423663616097153e-05,-0.007705092430114746,0.017650127410888672,-0.00018799304962158203,-6.772577762598209e-05,-0.0012914836406707764,9.1552734375e-05,6.103515625e-05,0.00048828125,3.853440284729004e-05
012a565d39a644ea89685ae6cd4e5d8c,deep,W1,a3_deep_W1,70661.54028599345,499385657.6454765,69964.10275003326,489576512.796635,697.4375359601981,9809144.848841548,300715.66576095903,1834042787.9863167,702.4215303303886,-2.7179718017578125e-05,0.0006181001663208008,-0.0007724761962890625,5.5730342864990234e-06,-1.8745660781915863e-05,0.00010195374488830566,7.629394531300307e-06,0.0001220703125,0.0,3.221631050109863e-05
012c0d5217494d12881d6b089bed0232,deep,W1,a3_deep_W1,74901.24667109903,561278564.2023892,74160.96319011034,550239670.0418847,740.2834809886845,11038894.16050458,320669.2724563602,2079197535.5835657,744.5669610006523,-7.973611354830656e-05,-0.0012481212615966797,-0.0005936622619628906,-6.0558319091796875e-05,0.0005078017711638849,-0.00030881166458135434,1.52587890625e-05,0.0,-0.000732421875,0.00014981627464294434
012d625661ad4c76b706f410b9be0640,deep,W1,a3_deep_W1,80529.97986235193,648558353.0985966,79737.1487402823,635851038.7895128,792.8311220696341,12707314.30908382,345111.6845354862,2410469089.5739994,800.5202188268906,-2.4132430553408524e-05,-0.0027871131896972656,0.0031375885009765625,-0.00013762712478629369,9.919703006738834e-05,0.0010892152786254883,3.0517578125e-05,7.62939453125e-05,-0.00048828125,7.000565528869629e-05
013c9572481f47a3adb59c76a934e1e4,deep,W1,a3_deep_W1,78929.24230744687,623013378.7425126,78153.64071887027,610829538.5579855,775.6015885765955,12183840.18452704,332572.4937776584,2241780558.575962,784.6078495461915,5.36590814589899e-05,-0.00565946102142334,-0.002249479293823242,-1.0460615158081055e-05,0.00013291835784920436,-0.0003491342067717951,7.629394531300307e-06,0.0,-0.000244140625,3.50475311279852e-05
013ff6659943447a9a569fdcbcd3abdb,deep,W1,a3_deep_W1,78561.28594071524,617223898.3228806,77788.75863170979,605144927.3933609,772.5273090054543,12078970.929519773,329068.098018796,2197522973.4513416,780.9501246626359,-3.145635128018465e-05,-0.014560222625732422,-0.00998377799987793,-0.00012145936489099673,-0.00013431906700128726,-0.0004967451095581055,-1.52587890625e-05,-0.000244140625,-0.000244140625,-4.598498344421387e-05
0144192045784fc8906de276b4e09eaa,deep,W1,a3_deep_W1,79027.52011486524,624588761.7825439,78250.18766562958,612362169.4651482,777.3324492356624,12226592.317395687,336200.62283166766,2286856444.0093284,785.5847946793563,-3.029406070700902e-05,-0.0004339218139666201,-0.0018405914306640625,0.00012859702110290527,0.00020936131477361508,-0.00014066696166997739,3.0517578125e-05,6.103515625e-05,-0.00048828125,7.680058479314633e-05
014a10fd129844228a18b568b069661d,deep,W1,a3_deep_W1,80148.39446641484,642436379.5083573,79358.87240875249,629842304.6111751,789.5220576623542,12594074.897182226,337927.2594904498,2313199382.1551743,796.7270125554022,4.495680332189389e-05,-0.00227630138397128,-0.0016558170318585752,-3.2484531402615646e-05,5.298852920529451e-05,-0.00011339783668518066,-6.103515625e-05,-6.103515625e-05,-0.00048828125,-5.614757537841797e-05
014ca29813304ce68204fb48dc217636,deep,W1,a3_deep_W1,81679.81923604976,667189051.1780146,80876.82786893616,654135402.8629372,802.9913671136019,13053648.315077424,347465.39210495196,2446814423.627248,811.9503678052176,-1.6987323760986328e-06,0.0030159950256347656,-0.0038003921508753535,0.00031270086765289307,0.0007689595222473145,0.00012689828872680664,-7.629394531199693e-06,6.103515625e-05,-0.000244140625,4.991888999938965e-05
014ccee408664909b71f80702d003e14,deep,W1,a3_deep_W1,77474.94162735887,600331465.7304367,76713.28581944862,588585821.4112773,761.6558079102542,11745644.319159389,330722.37107830285,2215764941.933346,770.1511577569462,-1.8283724784795563e-05,-0.002425909042360175,-0.00704765319824574,-9.89437103279811e-06,-0.0002588033676146906,-0.00034111738204956055,0.0,0.00018310546875,0.0,1.341104507390778e-06
01531de593f3468084dab12f6515e8e1,deep,W1,a3_deep_W1,80468.55399154557,647564769.2915037,79677.71483070191,634898967.4555455,790.839160843665,12665801.835958123,340790.0456347362,2353679410.3524733,799.9096058399808,2.36034393311102e-05,-0.00639796257019043,-0.007617473602294922,0.0001592189073562067,-0.00010067224502560701,0.000969618558883667,-3.0517578125e-05,0.000244140625,0.0,-7.286667823797055e-05
0154c6fe068243d4b2d5a704dad1cbc6,deep,W1,a3_deep_W1,79680.26980441791,634931721.0385331,78897.48255681581,622517730.0345286,782.7872476021003,12413991.004004478,336224.53445609985,2292040543.2072005,792.0735498636126,-4.416704177850894e-05,0.0029027462005615234,-0.011438131332397461,0.00015410780906682797,-0.00013378262519841977,7.43865966796875e-05,0.0,0.0001220703125,-0.000244140625,9.98377799987793e-05
01551e922711450f92b50843d4e0f2be,deep,W1,a3_deep_W1,79080.78041748711,625472555.7382008,78302.3121431516,613219158.4851025,778.4682743355079,12253397.25309825,334350.0510708415,2263870896.121453,786.1142366236173,1.4662742614690583e-05,-0.0006103515625,-0.0013446807861292598,8.852779865259341e-05,-0.0005197823047638495,0.00020995736122131348,1.52587890625e-05,0.00018310546875,0.0,3.9964914321899414e-05
0157b39c4b434ceba885ddace4f5b9bd,deep,W1,a3_deep_W1,80547.48154814054,648816008.2977518,79755.7078566172,636123158.4755371,791.77369152334,12692849.822214723,341044.0198001736,2359516989.5137467,800.6941969324519,2.2083520889309982e-05,-0.013341903686523438,-0.006887912750244141,7.539987564086914e-06,-0.0006961524486542026,-0.0004513859748840332,-7.629394531199693e-06,0.00018310546875,-0.000244140625,-4.112720489501953e-06
0158a691a8a64bd39527c6f9e750c8ee,deep,W1,a3_deep_W1,74756.04456795056,558989118.3444098,74022.00218532134,548065499.4685043,734.0423826292244,10923618.875905514,317025.0322622649,2036059655.3239193,743.1235579402615,0.00013169646263117007,-0.010004043579101562,-0.011566877365108752,0.0003828108310698908,1.1861324310302734e-05,-8.01384449005127e-05,2.2888183593699693e-05,6.103515625e-05,0.000244140625,0.00010833144187921695
015c200ce786438c8e35ddf635d1e236,deep,W1,a3_deep_W1,75593.52096243914,571602247.2253679,74846.94424106822,560368398.4713433,746.5767213709187,11233848.754024625,324685.06476789486,2129815527.6715713,751.4486163560747,-6.189942359929868e-05,-0.008993148803709161,-0.006663799285888672,-2.2679567337008377e-05,2.0578503608703613e-05,-0.00043952465057367496,-4.57763671875e-05,-6.103515625e-05,-0.000732421875,3.2395124435369294e-05
015d02aa38e04950825ec5f8dc3d533d,deep,W1,a3_deep_W1,79893.350022884,638356727.360895,79107.1006081561,625854267.7163109,786.2494147278921,12502459.644584179,339718.1399791279,2335900065.947396,794.1917054052592,-0.00010180473327639494,-5.1259994508612294e-05,-0.008525848388671875,-0.00018101930618280582,0.001168370246887207,-0.0004470944404602051,2.2888183593699693e-05,0.0001220703125,-0.00048828125,0.00020614266395568848
015ee6e84a2d49e9b87dca6fdc4d49b4,deep,W1,a3_deep_W1,77788.44331606351,605203543.2666471,77021.7996532745,593333532.9962285,766.6436627890071,11870010.270418644,329077.9540352212,2192977379.922434,773.2675678302307,-0.00011578202247621017,0.0033724308013916016,-0.00399470329284668,7.358193397516422e-05,-5.570054054260254e-05,-6.777048110961914e-05,3.0517578125e-05,0.0,0.0,8.630752563471011e-05
016576dd30c1464f9115584748950ed2,deep,W1,a3_deep_W1,80882.55951836829,654214151.4685619,80088.07747973838,641425093.4875677,794.4820386299107,12789057.980994225,343220.5197508065,2389478652.6772428,804.0250892350361,-0.00015795230865478516,0.0018727779388445498,-0.0032722949981653926,-4.5046210289001465e-05,3.3676624298650815e-06,-0.00026857852935785465,3.0517578125e-05,6.103515625e-05,-0.000244140625,5.120038986211606e-05
01688042f526490ba8fe14aace17a558,deep,W1,a3_deep_W1,78880.35656669096,622250786.4238237,78105.42756110952,610084837.8197938,774.9290055814345,12165948.604029894,335566.8329615353,2279721644.6040444,784.1218935835258,-2.305209636691008e-05,-0.005416870117185724,-0.012304782867428088,4.883110523218326e-05,-0.00045037269592285156,0.0005546212196350098,3.814697265630031e-05,-6.103515625e-05,0.000244140625,0.00015658140182500668
0169a7e8458246b1b371706f507ec511,deep,W1,a3_deep_W1,81007.15978758424,656266864.0632057,80211.01092317153,643430497.9863709,796.1488644127094,12836366.076834798,344590.5117470241,2403728449.0519,805.2636967070503,6.239861249919543e-05,0.0024652481079101562,-0.0033986568450927734,0.00021374225616449527,-0.0005073249340057373,-0.0005872845649719238,3.0517578125e-05,0.0,0.0,2.0563602446954654e-06
0170db45fb744c4b91ffdf97a3f75ea3,deep,W1,a3_deep_W1,74555.69817342063,555938276.1008604,73823.29887076846,545069432.9490218,732.3993026521784,10868843.151838541,313006.9172490437,1986516194.8204231,741.1319848656822,-2.93254852295477e-05,0.0018206238746638626,0.0001859664917009951,0.00020366907119756528,7.189810276031494e-07,-6.48200511931818e-05,9.1552734375e-05,0.0001220703125,0.00048828125,3.87728214263916e-05
017c41aac5db41f3bfe2f7938a4834d1,deep,W1,a3_deep_W1,79535.09778660466,632645368.6846795,78749.59707865801,620211354.1942196,785.500707946645,12434014.490459919,337771.5048390085,2311749123.632542,790.6304458709621,-1.6018748283302964e-05,-0.004649162292480469,-0.0011718273162841797,-9.454786777499113e-05,0.0005389153957366943,-0.0003660917282104492,-3.0517578125e-05,0.0,-0.000244140625,-1.817941665643863e-05
017e5dfc6d0d4c12b3f1196d85a16c9b,deep,W1,a3_deep_W1,77563.23341607657,601651839.304038,76800.59119744135,589878589.0711151,762.6422186352283,11773250.232922912,328861.2681317747,2189898695.4233065,771.0288353888756,-3.495812416079436e-05,0.00029981136322021484,-0.0028145313262939453,-3.618001937871762e-05,-0.0002105385065079013,-0.0004696846008300781,-1.52587890625e-05,0.0,-0.000244140625,2.384185791015625e-07
018034e069134727b9e6e5627234f42f,deep,W1,a3_deep_W1,80209.9464754042,643393442.2782844,79421.93386784218,630813672.9763256,788.012607562021,12579769.3019588,338778.3808651829,2328505101.863322,797.3388794376444,5.2616000175476074e-05,-0.009109973907470703,-0.021483898162841797,0.0003643929958342951,0.0001787245273590088,-8.744001388549805e-05,3.814697265619969e-05,0.000244140625,0.000244140625,9.194016456598453e-05
018487b190aa472caf198b265a3b4d61,deep,W1,a3_deep_W1,78969.89497823246,623717709.6473761,78193.1983875922,611509029.6582927,776.696590640262,12208679.98908341,336487.4173151328,2291909278.9891353,785.0119634546862,-7.706880569458008e-05,0.003577470779417169,-0.0012218952178955078,5.2794814109802246e-05,0.00044143199920648746,0.00040596723556518555,4.57763671875e-05,0.0,-0.000732421875,0.00015848875045776367
0184e485100e433c9032f2132e99e095,deep,W1,a3_deep_W1,77769.64060758668,604850990.8629794,77005.71104350196,593026398.5227046,763.9295640847267,11824592.34027481,326087.2662376394,2158643836.3510156,773.0806567155112,-8.65459442139227e-05,-0.0006496906280517578,-0.001890659332271838,-0.00016364455223089047,-0.00015363097190862485,-0.0004221796989440918,0.0,6.103515625e-05,0.0,7.44163990021307e-05
018f683e86ea42eb8e98935e890eb9fd,deep,W1,a3_deep_W1,78821.19124229321,621305162.2792308,78047.52020510941,609168183.9052511,773.671037183798,12136978.373979688,331587.37119200395,2231697331.202561,783.5337518937503,7.110834121701326e-05,8.940696716308594e-05,-0.013923645019534803,1.2099742889404297e-05,-0.0002848505973815918,-0.0005072355270385742,0.0,0.0001220703125,0.000244140625,7.855892181402035e-05
019a31cb0c1646758bc44d47366e32e6,deep,W1,a3_deep_W1,69649.38105612563,485211619.7140693,68965.24041829341,475726210.7950771,684.1406378322135,9485408.918992221,287025.1217575034,1682051055.1822786,692.3600112592751,0.0005586743354796808,-0.0060880184173583984,-0.006225109100341797,0.0005429685115814764,-0.000718683004379217,0.00015729665756225586,3.814697265630031e-05,0.0,0.0009765625,6.0439109802301605e-05
019c097c504c4e1dbefcd1079619b8cf,deep,W1,a3_deep_W1,75438.87803847158,569193094.2551857,74692.82052557163,557991022.4458382,746.057512899948,11202071.80934751,320680.19147530384,2082425665.7668588,749.9113654149206,0.00015223026275629215,-0.0005435943603515625,-0.002362728118894708,0.00045382976531987973,-0.00011628866195678711,-5.2034854888916016e-05,-1.52587890625e-05,0.00030517578125,-0.00048828125,1.3142824172973633e-05
019cdc2fe9da4327aa8d617401d8189b,deep,W1,a3_deep_W1,79256.89212064122,628190038.9194078,78478.61317891955,615913378.0164263,778.27894172167,12276660.90298152,334907.4403530542,2273172213.880131,787.8649011511371,-1.1861324310302734e-05,-0.0022554397583007812,-0.0022983551025390625,-0.00014278292655950375,-0.00011232495307922363,7.167458534240723e-05,0.0,6.103515625e-05,-0.000244140625,1.8030405044500153e-05
01a4a9aa5dfc4436891849a88f2e99e7,deep,W1,a3_deep_W1,77783.17753391067,605075054.6584866,77017.75709722564,593225320.1292735,765.4204366850317,11849734.52921307,328623.00653182116,2192889652.6654367,773.2152225410789,4.8831105232211014e-05,-0.0007128715515172246,0.001678466796875,-2.7358531951904297e-05,-6.258487701416016e-05,-0.00043338537216186523,1.52587890625e-05,6.103515625e-05,0.000244140625,-3.568828105929289e-05
01a76c394cc640f6ad469199166ece29,deep,W1,a3_deep_W1,73381.94521016568,538594015.5699664,72658.00117626772,528019733.9867821,723.9440338979621,10574281.583184361,319073.7447978513,2053389404.7777207,729.4641193005891,0.00012101233005529233,-0.00932931900024414,-0.008406639099121094,0.0004738271236420233,-0.0006187856197357178,-0.00047531723976140805,0.0,0.00018310546875,0.0,-6.476044654851743e-05
01b853942c324f83a89d27e97796200c,deep,W1,a3_deep_W1,75905.83111789418,576227495.5060863,75158.77801923484,564941265.595192,747.0530986593367,11286229.910894394,322312.7498555563,2104416063.2917967,754.5531818162183,8.630752563482114e-05,0.0010502338409423828,0.004241466522213244,-3.260374069208316e-05,-0.00014531612396240234,-0.000152438879013006,0.0,6.103515625e-05,0.0,9.089708328302581e-06
01c7a9010fa6463897e5919443c72886,deep,W1,a3_deep_W1,80021.25512514118,640402523.4447236,79234.01254941146,627864221.2415785,787.2425757297169,12538302.203145146,339411.03194868,2333200667.748336,795.4631650606946,1.8194317817687988e-05,-0.0034159421920776367,-0.004700422286987305,0.00012572109699249268,7.821619510647859e-05,-0.0011014342308044434,-4.57763671875e-05,6.103515625e-05,-0.000244140625,-0.00023418664932250977
01c80c7c0e954db9a53a11fabc2053eb,deep,W1,a3_deep_W1,76399.5598081034,583783124.8850865,75646.18815766131,572326852.7216302,753.3716504420881,11456272.16345632,334472.82846629847,2254710681.62472,759.4611651511573,3.361701965329256e-05,-0.0010097026824968935,-0.0015401840209960938,-0.00018467009067540952,-0.0002432465553283969,6.204843521118164e-05,-3.814697265630031e-05,-0.0001220703125,-0.00048828125,-1.2159347534179688e-05
01d0e94dc746416484c9157bbe320203,deep,W1,a3_deep_W1,76851.6312204407,590719366.888909,76095.2236337623,579148347.6904438,756.4075866783969,11571019.198465228,322820.7837742136,2115476138.6169388,763.9550481317345,-6.347894668581877e-05,0.0003826618194544551,0.0003075599670410156,-6.60121440886896e-05,0.0001372694969177246,-0.0003241896629334051,1.52587890625e-05,0.0,0.000244140625,5.424022674560547e-06
01d1c15787514d14a4538256a88b43a5,deep,W1,a3_deep_W1,81104.83279000857,657821756.9989829,80308.52441106482,644967857.3467444,796.3083789437514,12853899.652238488,346038.5449309692,2427187598.2831173,806.2346296863934,9.651482105260678e-05,-0.002802610397338867,-0.004248619079589844,0.0003882348537444791,0.00017276406288141422,0.000880897045135498,1.52587890625e-05,0.0001220703125,0.0,1.004338264459781e-05
01d2ae479ed74c7188c270dea892cf67,deep,W1,a3_deep_W1,77277.20170318813,597280087.4318867,76516.05493398164,585572364.0189192,761.1467692064907,11707723.412967443,329188.1627944599,2193002623.029748,768.1854946878809,-0.00013609230518341064,-0.0046569108963012695,-0.004011392593383789,0.0001615285873413641,0.00021368265151971988,0.00048422813415527344,3.8146972655998465e-06,0.0001220703125,-0.000732421875,0.00014963746070856265
01d9dd3aa5dc46c3a44bfd40d5898c0e,deep,W1,a3_deep_W1,80162.03510916348,642627431.733076,79373.1681036465,630041798.2446886,788.8670055169787,12585633.488387346,338743.0656261654,2328473149.7846484,796.8626093894849,7.833540439608488e-05,-0.01276552677154541,-0.007719993591308594,0.00017432868480682373,-3.0338764190618317e-05,-0.00021946430206298828,4.57763671875e-05,0.0,0.00048828125,2.5779008865300934e-05
01eac793c4ec40c5aa6bbd09b45fc26a,deep,W1,a3_deep_W1,74095.69586449955,549112372.0854543,73366.5000338537,538357536.2192595,729.19583064584,10754835.866194844,317476.772801728,2038278513.9525728,736.5592636303381,6.300210952758789e-05,0.0001382827758771299,0.0006985664367675781,7.072091102600098e-05,-0.0008178353309631348,-0.0004595518112182617,3.814697265699593e-06,0.0,0.000244140625,-2.35140323638916e-05
01f0c1dd487e43f795830fe6008142e4,deep,W1,a3_deep_W1,76556.43467533152,586280973.2169913,75803.37349530082,574803752.1334796,753.0611800306942,11477221.08351171,330797.8855248239,2211783001.1932297,761.0206030556069,1.2129545211708725e-05,0.0014305114746075986,-0.009326934814449572,0.0001128315925597867,-0.0003720223903656006,0.0010470747947692871,1.52587890625e-05,6.103515625e-05,0.0,4.6879053115844727e-05
01f1cc659cb847a4a7366b84844641c2,deep,W1,a3_deep_W1,77175.1026839732,595724763.5671599,76413.89813368914,584031474.0190167,761.2045502840483,11693289.548143148,330387.7097680101,2206590972.2595754,767.1705642316257,-0.0001201331615447998,0.004527568817138672,0.000360012054441583,8.976459503173828e-05,4.2960047721918304e-05,0.0,-6.103515625e-05,0.00018310546875,0.0,-5.963444709772281e-05
01f3115282994da9b32967eb2075d4aa,deep,W1,a3_deep_W1,75640.18207445228,572285120.3433535,74896.32050867681,561084711.360521,743.8615657754708,11200408.982832551,318036.89388436684,2053663914.571747,751.912458066495,8.83340835571289e-05,-0.0038063526153564453,-0.004491806030269885,0.00010198354721069336,-2.2709369659423828e-05,-0.001813054084777832,-1.52587890625e-05,6.103515625e-05,-0.000244140625,-0.00010073184967041016
01f376bb2b5a4860a53914dbf66d4ac0,deep,W1,a3_deep_W1,79131.05501368914,626228429.148404,78352.49231687203,613966437.1377027,778.5626968171127,12261992.010701299,334913.3686247238,2271256268.2125664,786.6139987100089,-4.693865776089767e-06,9.417533874511719e-05,-0.004843473434448242,0.00015482306480407715,-0.0004762113094329834,-0.0004183650016784113,7.629394531199693e-06,0.0,-0.000244140625,0.00013870000839227847
01f3fb1336a444309e9959d359c8b4ab,deep,W1,a3_deep_W1,72627.15890647403,527523995.4489182,71911.79875289854,517183239.57767344,715.360153575486,10340755.871244788,308977.61678089533,1936982803.5969708,721.9610540069982,0.0003005862236022949,0.003033876419067383,0.0009596347808837891,0.00025260448455810547,-0.00041159987449640445,0.0003132820129394531,3.814697265630031e-05,0.000244140625,0.0009765625,9.959936141962222e-05
01f64ccc5e5049e29c3e8be0aaf31bd5,deep,W1,a3_deep_W1,78483.85038173977,616069371.6676548,77711.30696108879,604000935.2784317,772.5434206509817,12068436.389223099,334878.7318962269,2269214594.634364,780.1803649939758,3.859400749178787e-06,0.00010251998901367188,-0.0019681453704833984,-5.5730342864990234e-06,-2.6300549507196624e-05,0.00012362003326410465,4.57763671875e-05,0.0,-0.00048828125,6.079673767089844e-05
01f6b5adc5c44c17b159d7dc2f7f6dd6,deep,W1,a3_deep_W1,80752.45948523798,652112036.4382799,79958.47765044743,639351616.3855262,793.981834790553,12760420.052753687,344283.7863704766,2405088908.515225,802.7318105434375,-5.489587783821803e-05,0.00031948089599609375,0.0015711784362792969,-0.0001935213804244995,-0.0002180039882659912,0.00012260675430297852,0.0,6.103515625e-05,0.0,5.424022674560547e-06
01f74014d40f436e91fbf60e7f688057,deep,W1,a3_deep_W1,78772.82084866847,620558950.532544,77999.25362735933,608430785.5856806,773.5672213091457,12128164.946863413,335518.57512007747,2278785880.5027423,783.0529188157409,9.417533874483963e-06,-0.01629471778869629,-0.026218891143798828,9.179115295410156e-05,0.0013481676578521729,0.0001696944236755371,4.57763671875e-05,-6.103515625e-05,0.000244140625,0.00018420815467828922
01fb4fff624544a88317709570572e0f,deep,W1,a3_deep_W1,76922.65950383966,591775896.6333767,76166.13491829314,580193181.2639586,756.5245855465182,11582715.369418144,322869.1338556363,2117737074.4319882,764.6611153264192,-0.00015275180339810457,0.004830360412597656,0.002008676528930664,-8.094310760498047e-05,-7.277727127080746e-05,-0.0005095005035400391,-1.52587890625e-05,-0.0001220703125,-0.00048828125,9.149312973022461e-06
01fbee27f8f74a1eaf7e613de5cb78ee,deep,W1,a3_deep_W1,80023.65363553839,640430640.4722075,79236.00113618078,627885730.148906,787.6524993576022,12544910.323301554,340704.90692981356,2350947378.2495575,795.487007809337,3.796815872192383e-05,-0.0004392862319946289,-0.0010645389556813711,8.471310138702393e-05,0.00016558170318597965,-0.00024965405464172363,-6.103515625e-05,6.103515625e-05,-0.000244140625,-0.00013628602027893066
01ffee46c0644a17a8ac9f9f3bf7ef4d,deep,W1,a3_deep_W1,78209.46633275229,611734368.6155742,77440.84755581839,599769627.6439248,768.6187769339012,11964740.971649408,332824.48323074717,2242374609.614481,777.4528096249877,0.0001230388879776001,-1.788139343084083e-05,-0.009293556213382459,0.0001939237117766779,-7.140636444091797e-05,3.5881996154785156e-05,2.288818359370056e-05,6.103515625e-05,0.0001220703125,0.0001762509346008856
0200b7f6eb574385ace14b2d03502ec2,deep,W1,a3_deep_W1,79355.46117415334,629804153.6551071,78574.56590533818,617470089.7872105,780.8952688151621,12334063.867896676,335047.84353795025,2275643287.6847835,788.8447414593301,6.191432476099212e-06,-0.004495382308959961,-0.01708507537841797,0.00016674399375909976,-0.0002470463514328003,7.015466690057925e-05,-6.103515625e-05,0.000244140625,0.0,4.547834396362305e-05
02010e17a28845cc921858cc24ece163,deep,W1,a3_deep_W1,82325.91842641096,677783447.3337697,81517.4268161492,664536192.7220324,808.4916102617717,13247254.611737251,349702.71158442344,2480358247.2444572,818.3730127150498,2.7634203434004356e-05,0.007555484771728516,-0.015311241149902344,0.0001232624053955078,0.0034193992614746094,-0.00011777877807617188,9.1552734375e-05,6.103515625e-05,0.000732421875,-1.7940998077392578e-05
02097b72cb764df79f0188df985014a5,deep,W1,a3_deep_W1,74593.7055372756,556542369.5733306,73858.11816117058,545620363.0321488,735.587376105017,10922006.541181803,320119.5785108926,2071329755.7660785,741.509802707959,0.00011606514453890715,-0.00322222709656117,-0.0030553340911865234,0.00033643841743463687,-0.00017571449279790707,8.64863395690918e-05,2.2888183593800307e-05,0.000244140625,0.000244140625,2.086162567138672e-05
020bc99c57c04bf6abfc9fe91a6a1215,deep,W1,a3_deep_W1,74533.95426670427,555601158.2134055,73798.10252774054,544684901.3698757,735.8517389637273,10916256.84352982,319999.48845273315,2070629783.1695912,740.915836333266,5.3867697715703766e-05,-0.00798344612121582,-0.006539821624755859,9.503960609441586e-05,9.538233280179109e-05,0.0004347562789916992,-3.814697265630031e-05,6.103515625e-05,-0.0009765625,6.261467933649234e-05
0214176d73af485287532957baf9888b,deep,W1,a3_deep_W1,79171.87617005296,626848640.3645831,78393.34140424279,614581165.2018126,778.5347658101673,12267475.16277051,333095.9645964715,2251065553.9532895,787.0197874744042,-6.815791130071469e-05,-0.009990930557250977,-0.008441209793089044,-3.56733798981268e-05,0.0001361370086669922,0.00029772520065307617,-3.0517578125e-05,6.103515625e-05,-0.000244140625,-0.0001500248908996027
021504573eab4f8995e46ac306744e04,deep,W1,a3_deep_W1,77696.12444610587,603727819.5537736,76932.60163455961,591920569.3329029,763.5228115462523,11807250.220870733,328030.5240078018,2182096520.401562,772.3498583994491,7.545948028558902e-05,-0.004895925521850586,-0.0030493736267054317,7.227063179021664e-05,-0.0009396076202392578,-0.00018340349197387695,3.814697265619969e-05,0.00018310546875,0.000244140625,6.401538848876953e-05
0219f955d31b4907b5eeb6a345a47eb2,deep,W1,a3_deep_W1,80580.05046572389,649341832.006237,79786.95768051696,636622864.5630362,793.092785206929,12718967.443200827,338905.6312059973,2331227354.8859825,801.0179530922738,9.250640869140625e-05,0.0017035007476824404,-0.007820129394527697,0.00022864341735839844,0.0001119971275330145,-1.1503696441705902e-05,3.814697265630031e-05,6.103515625e-05,0.000244140625,3.4242868423517425e-05
021a5902e34c4742a828335c86bfe4cd,deep,W1,a3_deep_W1,80899.9016013261,654583973.1564788,80103.31073896372,641756791.6908201,796.5908623623836,12827181.465658665,343457.02094727015,2386917305.430897,804.1974807849664,6.590783596040206e-05,-0.0003784894943255068,-0.003917217254635119,-3.159046173095703e-06,1.7985701561001877e-05,0.00038504600524902344,7.62939453125e-05,0.0001220703125,-0.0009765625,0.0001633167266845703
0222f2054a72477a9af17694d4ab1a9e,deep,W1,a3_deep_W1,75759.04367528083,574012342.1759534,75013.20985209137,562766184.3987539,745.8338231894595,11246157.777199507,320632.3610942274,2083223235.3442502,753.0940194535466,7.230043411249332e-05,0.0006401538848876953,-0.0049364566802978516,0.0002861917018889826,-1.2248754501287262e-05,-0.00022661685943609067,3.0517578125e-05,6.103515625e-05,0.000244140625,9.161233901977539e-05
0228c654c3b44da99c4b3b75d5f8b1cb,deep,W1,a3_deep_W1,78268.00209297841,612635521.4028156,77498.68803443249,600651274.3968954,769.3140585459187,11984247.005920172,332627.8768338862,2239265810.3503222,778.0346930386619,2.878904342659694e-05,-0.0009435415267944336,-0.0034856796264648438,0.0001538097858428955,-9.322166442871094e-05,-0.0008020699024200439,-1.52587890625e-05,0.00018310546875,0.0,-1.3321638107299805e-05
022a46a47f70497badb519b86f7d0dfa,deep,W1,a3_deep_W1,69810.83745820484,487426159.5611978,69123.39536936434,477874041.8743901,687.4420888405002,9552117.686807692,293864.73006093234,1757013082.7217224,693.9649925910024,-0.00022292137145996094,-0.004838705062867987,-0.004314184188840997,-2.1010637283325195e-05,0.00025141239166259766,-2.7686357498113434e-05,-3.8146972655998465e-06,0.0,-0.000244140625,2.479553222661801e-05
022c1581dcd44145a86c1522d7ab44d3,deep,W1,a3_deep_W1,76696.11944798511,588395664.4024357,75938.1735800067,576824323.7859328,757.9458679784148,11571340.616502881,330275.49967081327,2203711036.2776814,762.4091602732117,1.564621925409515e-06,-0.006186962127685547,-0.004906654357910156,-2.0444393157903473e-05,-5.620718002319336e-05,-7.987022399902344e-05,-1.52587890625e-05,-0.00018310546875,0.0,-4.476308822631836e-05
023d8f2444234e6185ca713309cfeb99,deep,W1,a3_deep_W1,76575.28063398527,586523687.8797905,75820.04430588204,575012136.441545,755.2363281032303,11511551.438245535,321682.1821901195,2097753228.9730954,761.2079441051303,3.3453106880215744e-05,-0.014022588729854846,-0.010236501693725586,-8.96900892257968e-05,0.000500410795211792,4.562735557550601e-05,-2.2888183593699693e-05,0.0,-0.000244140625,-0.0001538395881652832
0247b01389f541e8a22ab2f98e44c953,deep,W1,a3_deep_W1,78339.24730683844,613763880.3956064,77569.0562175419,601754826.4682465,770.1910892965388,12009053.927359939,331249.2261464559,2223640296.089035,778.7429166627965,5.529820919039641e-05,-0.006883144378663886,-0.006620883941646838,0.000548630952835083,0.00016385316848749332,0.0004863739013671875,0.0,0.0,0.000244140625,-0.00019299983978271484
024a0d26f2ab4be8bacf86127e23e6aa,deep,W1,a3_deep_W1,76026.11305393254,578081993.0183887,75275.62124281978,566725659.4813316,750.4918111127627,11356333.537057161,325502.1594592343,2143007945.9567146,755.74886225626,-0.00010438263416290283,-0.015149116516115058,-0.007328987121582031,0.00011169910430908203,0.00011165440082550049,0.00014230608940130063,-4.57763671875e-05,0.0,-0.00048828125,-0.0001398026943206787
024b1ec28a404f46866c62a69d6370d8,deep,W1,a3_deep_W1,73249.76779468081,536655415.2334727,72529.34250870008,526150971.53690207,720.4252859807311,10504443.696570635,311230.0187067397,1961408721.6757705,728.1501900813248,2.956390380859375e-05,-0.0010824203491210938,-0.0013685226440429688,-2.0563602447454254e-05,6.064772605895996e-06,-0.0002008676528930664,1.52587890625e-05,6.103515625e-05,0.0,-1.7285346984863281e-06
025784ce00f14da9bcfe44013eb2289c,deep,W1,a3_deep_W1,77526.15004268428,601093430.2820325,76763.75666535442,589329347.7419586,762.3933773298631,11764082.540073872,329862.5007002611,2202701265.581611,770.6602026109515,5.123019218439273e-05,-0.004622936248778409,-0.0022315979003870723,0.0001558065414429266,3.764033317570081e-05,0.0004394650459289551,-2.2888183593800307e-05,0.0,0.0,-0.0002231001853942871
025828c4084440649cde38135a9d8a2e,deep,W1,a3_deep_W1,77808.22312671048,605478988.3819691,77041.60993366608,593606838.1526698,766.6131930443953,11872150.229299307,333184.4662858951,2244117192.423788,773.4641919741154,-4.16487455368042e-05,-0.001108646392824042,-0.0004744529724121094,0.00018152594566350766,-0.0002810955047607977,0.0001678168773651123,-1.52587890625e-05,0.0,-0.00048828125,-4.801154136657715e-05
025c1e16f9634c71be21574417c1b8a7,deep,W1,a3_deep_W1,77122.88697390119,594903065.3606825,76363.57689657401,583247014.9388798,759.3100773271726,11656050.42180264,324400.83248274494,2132138913.244674,766.6515062146673,-0.00017940998077389803,-0.014675855636598456,-0.01129150390625,-4.979968070989438e-05,-0.00013570487499239836,-0.00021073222160339355,2.2888183593699693e-05,0.0001220703125,0.000244140625,-2.6732683181762695e-05
025cf7f3f4524bf7b69a822007bcdf3a,deep,W1,a3_deep_W1,76303.25729470715,582315179.8214347,75554.73475660016,570946319.6477627,748.5225381069904,11368860.17367208,321354.8699324533,2095155407.6478317,758.5038557214357,0.0001653730869293213,-0.017881393432617188,-0.020542144775390625,0.00018772482872009277,-0.001083463430404663,0.00039592385292058774,7.629394531199693e-06,0.000244140625,0.0,-4.0858983993530273e-05
026dd4fca8a347e799ff5bfd78df68bb,deep,W1,a3_deep_W1,76160.4162573065,580109461.9592158,75410.23258945017,568737672.908536,750.1836678563268,11371789.050679803,324730.9843024669,2136086674.5575676,757.0839231855914,0.0001170188188553134,-0.006018877029420722,-0.005638599395751953,-7.867813110296051e-06,0.00013148784637456723,0.0007625520229340155,1.52587890625e-05,0.0003662109375,0.0,3.4540891647283356e-05
0278450d1e324c33904e160e115f6fbd,deep,W1,a3_deep_W1,79554.35422251733,632977814.054795,78771.45919640682,620581186.4152952,782.8950261105056,12396627.639499784,334309.9732235201,2267150317.173616,790.8218673306095,-1.178681850430574e-05,0.005018711090087891,0.004920959472659803,6.3478946685791016e-06,0.00026854872703552246,0.0002192854881286621,0.0,-0.0001220703125,0.0,1.2934207916204254e-05
0281cce51dcb43988b3d3760c0fb335e,deep,W1,a3_deep_W1,78966.24110642196,623604683.3078659,78190.58027982846,611413902.2108141,775.6608265935065,12190781.09705174,333696.9913839813,2256952823.4620485,784.9756415995669,0.0001238882541655939,0.0018161535263061523,-0.0016665458679199219,0.00014448165893549136,-9.122490882867984e-05,-0.0002537369728088379,1.1444091796800407e-05,-6.103515625e-05,0.000244140625,2.3111701011602204e-05
02871968fcbd46dc9f5059ec1fc7d13b,deep,W1,a3_deep_W1,80610.55833823909,649823263.6731986,79819.57449102927,637133060.9066024,790.9838472098199,12690202.766596198,342971.3817303096,2385168495.5868783,801.321221127651,2.577900886494011e-06,-0.001131892204284668,-0.005477666854865504,0.00036284327507010716,0.00013616681098937988,0.0002568960189819336,4.57763671875e-05,3.0517578125e-05,0.0,7.781386375427246e-05
0288b5d8dfda43b9938f0dcf1ac86da2,deep,W1,a3_deep_W1,81601.57395890067,665910011.1559238,80799.36034255406,652881417.7957864,802.2136163466057,13028593.360137463,348977.57029566687,2465857942.532101,811.1725590128569,1.70618295669972e-05,-0.0008535385131818174,-0.007336139678951525,0.00011461973190307617,0.0005212724208831787,5.447864532470703e-05,1.52587890625e-05,0.0001220703125,-0.00048828125,9.506940841730316e-06
028f74fc5b384764826acb595846b9d8,deep,W1,a3_deep_W1,78454.68603798379,615597336.7468462,77681.53948142486,603524085.1584247,773.1465565589315,12073251.588421464,334204.09163764847,2259274944.7321444,779.8904525056656,8.508563041687012e-06,-0.0016212463378924014,-0.004175901412963867,0.0001667588949202936,-0.00038373470306402035,6.443262100225278e-05,0.0,6.103515625e-05,0.0,-1.0460615158081055e-05
0290737f64b14b08b87faa644580f3a9,deep,W1,a3_deep_W1,76573.75998936938,586390744.2816479,75820.25480797784,574907076.2840061,753.5051813915488,11483667.997641802,319849.17688584526,2079595894.062887,761.1928279115989,0.00018692016601559724,-0.0038254261016863467,-0.004457235336303711,0.0003236234188079834,-0.0009197592735289972,-0.0003152191638945978,4.57763671875e-05,6.103515625e-05,0.00048828125,0.00010764598846438322
029bf16fe8e2495bbadd991b7358559a,deep,W1,a3_deep_W1,81004.24897880622,656199320.4315766,80208.29840624543,643367029.3061337,795.9505725607887,12832291.125442863,343673.58714889083,2394794037.1456213,805.234761380307,3.7774443625987475e-06,-0.0021767616271972656,-0.011105537414550781,0.00010658800601962004,7.0035457611083984e-06,0.0006657838821411133,-4.57763671875e-05,-6.103515625e-05,-0.000244140625,3.3080577850341797e-06
029d4dcccd66451c847a4dc5da36b5e6,deep,W1,a3_deep_W1,77761.15014281844,604750287.4070073,76995.88825596884,592906091.2758579,765.2618868496065,11844196.131149411,329222.8540435775,2197660350.321433,772.9962559901439,-7.9423189163208e-06,0.0027894973754882812,-0.001920461654663086,-4.6581029892023285e-05,-0.0006801187992095947,0.0003234744071960449,-7.629394531199693e-06,0.0,0.0,5.364418029785156e-06
029e028b4a6842c29183b6a30bb2f04e,deep,W1,a3_deep_W1,77206.43826650838,596144497.9310936,76444.11385930199,584430373.3498077,762.3244072063972,11714124.581285834,333507.83153024904,2245706881.083688,767.4820602413231,1.6614794731195648e-05,-0.010433197021482599,0.0012886524200439453,-2.276897430419922e-05,-4.7340989112909515e-05,-0.00014817714691156558,-1.52587890625e-05,6.103515625e-05,0.0,-8.788704872131348e-05
00001ec0d78549e1b8c2083a06105c29,deep,W2,a3_deep_W2,73852.88125060716,546184114.60946,73123.93753685837,535455936.2439908,728.9437137487839,10728178.365469217,337294.2139059914,2306821310.3846083,734.1455289171329,-5.348026752469148e-05,0.0040745735168474795,0.0022935867309534785,6.70403242111206e-05,-0.000892937183380127,-5.841255187988281e-06,-1.1444091796800407e-05,0.0,0.0,2.7477741241399567e-05
0005d5eb0eb847648bf2e76f6931ed48,deep,W2,a3_deep_W2,74989.38771524996,563290813.5634217,74248.28406432315,552213634.0775152,741.103650926816,11077179.485906482,343727.26111594465,2394938234.4380345,745.4431401338389,1.0833144187996635e-05,-0.0001412630081212285,0.002321004867553711,-2.3290514945983887e-05,-0.00011286139488220215,0.0005836188793182928,-0.0001068115234375,-6.103515625e-05,0.0,-0.00011023879051208496
0005df571e71437991594d0affec9c2b,deep,W2,a3_deep_W2,72203.34145257973,521975980.23921025,71489.49555412795,511706886.30332285,713.8458984517783,10269093.935887396,337307.3665559257,2298053989.517259,717.7480336943888,9.834766387939453e-07,-0.00026822090149103417,-0.0029468536376953125,8.723139762872867e-05,0.00012677907943728361,-0.0004950463771820068,3.0517578125e-05,-6.103515625e-05,-0.00048828125,6.526708602899722e-05
000c895f9ef6491894ac588634f3d2b5,deep,W2,a3_deep_W2,70987.52551428684,504979709.9626004,70287.77663607134,495074098.736675,699.7488782154978,9905611.225925386,328913.21146815084,2194201170.842899,705.6620348820328,1.1771917343139648e-06,0.003159046173095703,0.000920295715335584,6.1571598052923e-05,0.0005617737770080566,0.0012384653091430664,1.52587890625e-05,-0.0001220703125,0.000244140625,0.00014540553092950992
000d1c5d169f4fda93a32f2eaeac80d8,deep,W2,a3_deep_W2,70745.5824013014,501703952.38189083,70046.064370483,491832396.68124324,699.5180308184063,9871555.700647593,329314.8651852512,2198693116.869651,703.2569634529598,-0.00013621151447301694,0.011138916015625,0.009665489196777344,-0.0001797974109649103,0.00029271841049194336,0.0001747608184814453,-1.9073486328099847e-05,-6.103515625e-05,-0.000244140625,-9.605288505551424e-05
00133744383047b888486d10548eb32d,deep,W2,a3_deep_W2,68440.3574892721,468965800.0642965,67763.86069258943,459740706.7066386,676.4967966826662,9225093.35765791,319739.0807435968,2067132784.3987722,680.3415330234828,-8.411705493929778e-05,0.004454851150514472,0.0026655197143554688,4.407763481140137e-05,8.687376976013184e-05,-0.0002484619617462158,-4.57763671875e-05,-6.103515625e-05,-0.000732421875,-7.683038711547852e-05
0013d88f17a245b0bff5ebe713bd72ab,deep,W2,a3_deep_W2,74691.99108760997,559179818.8384339,73952.0841774537,548158207.9995955,739.9069101562782,11021610.838838339,341495.35176061885,2363998045.6732554,742.48682481073,7.539987564086914e-06,-0.0023061037063598633,-0.0023567676544189453,0.00012208521366119385,0.0005108565092086792,0.0007879137992858887,-3.0517578125e-05,-0.00018310546875,-0.000244140625,-7.736682891840152e-05
0015eb3cf53b4339b2d0532cf912ab26,deep,W2,a3_deep_W2,74357.3249054696,553819985.2955289,73621.68955371232,542916826.8192872,735.6353517572861,10903158.476241708,341092.25728289847,2357847681.009776,739.1600259487543,-4.073977470400725e-05,-0.0036454200744628906,-0.006697177886962891,0.0001564621925354004,-4.616379737859555e-05,-0.000592797994613703,-3.814697265630031e-05,-6.103515625e-05,-0.000732421875,2.384185791015625e-06
001e6d1b655542b48dbe00f3a3ccc616,deep,W2,a3_deep_W2,67325.35299267949,453920543.65846926,66660.51097798289,444999866.40563655,664.8420146965946,8920677.25283271,310847.5768675,1962110515.6537194,669.2576653119679,-2.4393200874300858e-05,0.005853176116943359,0.005073547363284803,-4.166364669799805e-05,0.0006337165832519531,0.00024896860122680664,0.0,-6.103515625e-05,-0.000244140625,2.6434659957885742e-05
001f17841a2642e4a9fa2f9b1687aa1e,deep,W2,a3_deep_W2,74739.80911049379,559636577.6516945,74005.45160368696,548694052.7481878,734.3575068068312,10942524.903506756,342671.1276016202,2378166502.291084,742.9621669653936,-7.326900959009341e-05,-0.0039792060852068545,-0.0012171268463134766,-5.513429642001189e-07,-5.564093589782715e-05,2.294778823852539e-05,1.52587890625e-05,-6.103515625e-05,-0.000244140625,0.00019156932830810547
0029e901155f414696aa6b470cbe40d4,deep,W2,a3_deep_W2,72845.64555698537,532085947.34591854,72127.32492043606,521644316.039015,718.3206365493097,10441631.306903541,339172.2323701633,2330276707.5564456,724.1329529889309,-5.605816841128264e-05,-0.0005388259887695312,-0.0006890296936070683,-0.00011169910430899876,0.0006239116191864014,-0.00011032819747924805,-3.0517578125e-05,-6.103515625e-05,-0.000244140625,-8.541345596313477e-05
00317d7cb89c4f84b28090ec8eeb361a,deep,W2,a3_deep_W2,70088.71088086469,491966199.89807487,69396.37319270086,482295304.25023836,692.3376881638251,9670895.647836506,324087.2781650007,2129955820.8779905,696.7272345969492,1.5944242477972104e-06,-0.0027108192443847656,-0.00024318695068359375,0.0004455447196959894,0.0006312131881713867,0.00011181831359863281,-3.8146972655998465e-06,-0.000244140625,0.0,-1.7091631889398773e-05
003245510e8f4bcb98f1794348606f68,deep,W2,a3_deep_W2,71445.63531979434,511332626.2435992,70738.66486788652,501264210.01560616,706.9704519078223,10068416.227993011,330710.547238238,2214903486.8864837,710.2159434062673,3.100931644439697e-05,-0.0041961669921875,-0.003070831298828125,9.804964065551758e-05,0.0004684031009673517,-0.0004566609859467108,-1.52587890625e-05,-0.000244140625,-0.000732421875,1.5795230865534027e-05
004459ae7559418fad89ddb73e140b56,deep,W2,a3_deep_W2,75888.75964133792,576501940.0306901,75137.09950874759,565139796.3023719,751.6601325903321,11362143.728318214,348148.85646275297,2453788383.6371984,754.3834802693923,5.877017974849352e-05,-0.007216930389404297,-0.00371813774109242,-6.501376628881284e-05,0.0005422830581665039,0.00016334652900701352,-4.57763671875e-05,6.103515625e-05,-0.00048828125,-3.9339065551813324e-05
0047b3f31cc844d2bfe8e59820b87312,deep,W2,a3_deep_W2,70180.02768779274,493082650.5981097,69487.17407640559,483395627.0965636,692.8536113871523,9687023.501546144,331448.4668392732,2219172205.777308,697.6349828714373,0.00013493001461020726,-0.0045168399810791016,-0.004705190658569336,0.0002900063991546631,0.00015747547149658203,-0.00040221214294439145,-7.629394531300307e-06,-0.000244140625,0.0,-2.5629997252862857e-06
0048e8224b174b759771e39ff521ee2e,deep,W2,a3_deep_W2,68541.31159817267,470647434.1984683,67863.78215055955,461389238.6483789,677.5294476131239,9258195.550089419,319554.7722321777,2072470502.6050487,681.3450823288063,2.250075340270996e-05,-0.010080337524414062,-0.009213685989379883,7.9572200775202e-05,-7.015466690063477e-05,0.00019299983978271484,-1.9073486328099847e-05,-3.0517578125e-05,-0.000244140625,-1.4513731002807617e-05
004a33ffd2654583822bdd2eed1241ba,deep,W2,a3_deep_W2,76209.3957884169,581531891.4906113,75455.06882181401,570078107.4433572,754.3269666028937,11453784.047254086,346770.9805315556,2438043225.6207056,757.5708114851984,2.6121735572801064e-05,0.00422358512878418,-0.0024509429931640625,9.75728034972867e-05,0.0008780658245086115,-0.00016486644744873047,1.52587890625e-05,-0.0001220703125,-0.00048828125,4.792213439935855e-05
0050d3fb84444ea1b9079a1575887aa1,deep,W2,a3_deep_W2,70972.02057232466,504631669.3392105,70271.74185267612,494723080.7756734,700.2787196485442,9908588.56353712,331992.0833195945,2230042037.2701573,705.5079057048781,-9.43541526794156e-05,0.0005137920379638672,-0.003962516784664416,0.0002608001232147217,0.00013199448585510254,-0.0005014836788176935,7.629394531300307e-06,0.0,0.0,1.8209218978881836e-05
00519a09c83e410f9734b3cfe8bcb604,deep,W2,a3_deep_W2,72202.1072170139,522518013.09789336,71488.39563740656,512239062.9757243,713.711579607334,10278950.122169077,334931.6710012121,2274062095.965876,717.7357645925347,4.7370791435213944e-05,-0.001373887062072754,-0.0025475025177001953,0.0001455545425415039,0.0002496689558029175,-0.0002879798412322998,-3.0517578125e-05,-0.0001220703125,0.0,-5.5670738220214844e-05
0053d2ac9bc14142bffaa42593c00a8a,deep,W2,a3_deep_W2,67315.51405078318,453737904.7797126,66650.07877735607,444811852.9113904,665.4352734271088,8926051.868322194,316359.83806259086,2023711995.534792,669.1598598495385,-4.592537879949399e-05,0.00940084457397461,0.008616447448734021,0.00021217763423928004,1.2189149856567383e-05,-0.0005547404289245605,-4.57763671875e-05,-6.103515625e-05,-0.0009765625,4.0978193283081055e-05
005c0d7ccf7749f99a4cc8e88bda073d,deep,W2,a3_deep_W2,66391.13425932919,441295689.2663194,65733.98241004926,432603431.1642569,657.1518492799369,8692258.102062523,311795.4812561786,1968957359.0597959,659.9709253161047,-2.5987625122070312e-05,-0.00850677490234375,-0.008407831192016602,8.401274681091309e-05,0.00019715726375579834,-0.0002811253070831854,-3.814697265619969e-05,-0.0001220703125,-0.00048828125,-0.00010803341865545102
005ee892a99b4ae8a26bb1c8123fdd80,deep,W2,a3_deep_W2,75648.26183089172,573221430.8226842,74902.35718244339,561973615.2810438,745.904648448326,11247815.5416404,350289.21429310215,2482877479.9626927,751.9927760847538,-1.4510005711988738e-06,0.0010120868682861328,-0.017223358154296875,0.00037598609924310855,0.00016802549362179842,-0.00035119056701660156,-3.0517578125e-05,0.0,0.0,1.0132789611816406e-05
006ce7ce9e1b45558fe805882a705991,deep,W2,a3_deep_W2,63347.22138909623,401878953.6739203,62719.28836311941,393951587.14355516,627.9330259768176,7927366.530365109,297911.63525170536,1797116002.703474,629.7124575860258,0.00014397501945501157,-0.006313323974607599,-0.00536799430847168,0.0002448558807373047,0.0005861520767211914,0.001018226146697998,-7.629394531199693e-06,-0.0001220703125,-0.00048828125,1.800060272216797e-05
006d40ce26e64b4c930124ddae278c05,deep,W2,a3_deep_W2,70758.8980073988,501770171.7888989,70060.82209582132,491919755.4664824,698.0759115774854,9850416.322416484,328929.552445679,2193899607.3494115,703.3893292119619,-0.00010058283805838841,0.0018274784088134766,0.0009036064147949219,1.800060272222348e-05,-0.0003249645233154297,-0.00018408894538879395,-4.57763671875e-05,-0.0001220703125,-0.000244140625,-7.003545761102847e-05
00713006ea594a598ad966c5b36c7922,deep,W2,a3_deep_W2,72990.3994953686,533530254.226888,72268.77257793234,523033851.7910853,721.6269174362678,10496402.435802698,341807.5468632123,2362232119.2278814,725.5719010009466,3.5762786865928264e-06,-0.0037455558776873232,-0.010970830917358398,0.00011682510375979338,3.415346145629883e-05,-0.0005542635917663019,-3.814697265630031e-05,0.0,-0.000732421875,-4.446506500249692e-05
0078e62e7d774effa973885c78ffbf6a,deep,W2,a3_deep_W2,71830.11691988829,516633568.946004,71121.288234224,506488214.82895875,708.8286856642808,10145354.117045224,333637.3572022508,2251732236.1480956,714.0379398250943,-0.0001309663057326993,0.00012993812561035156,-0.0015139579772913692,0.00033171474933618716,0.00032341480255126953,-0.0007849931716918945,0.0,-6.103515625e-05,0.0,4.139542579645328e-05
007ced0c381749a394866f5fa71fd303,deep,W2,a3_deep_W2,71398.01160810106,510766628.4335693,70692.04389961068,500715566.70724195,705.9677084903815,10051061.72632736,334748.24028381857,2268077662.242885,709.7425328308368,-5.915760993902008e-06,-0.005255937576293945,-0.005736351013183594,-3.315508365628328e-05,0.0010371804237366278,-0.0005390048027038574,-3.8146972655998465e-06,-0.0001220703125,0.0,1.9311904907198807e-05
00820ef5fe4843cf8beef97281048215,deep,W2,a3_deep_W2,72831.89125860055,531560915.9329859,72108.13667736313,521051085.03039885,723.7545812374156,10509830.902587056,337733.1228629651,2309597652.5003443,723.9962263441256,-5.4448843002319336e-05,-0.0034940242767333984,-0.0018048286437988281,0.00014936923980718442,-2.971291542050447e-05,7.164478302001953e-05,-1.52587890625e-05,0.0,-0.00048828125,4.565715789789371e-05
008f8f5241b947f29838e2a780e3790a,deep,W2,a3_deep_W2,63192.111438084874,399818301.5984354,62566.378848724664,391940456.67165977,625.7325893602101,7877844.926775634,295895.64717847895,1780553818.2676122,628.1705640932163,0.0002511441707611084,-0.005640983581542969,-0.0055384635925275205,0.0002378523349761963,0.00024341046810150146,-0.0004917979240416925,-6.103515625e-05,-0.00018310546875,-0.001220703125,7.617473602300473e-05
0092c97c01714eb98d6f4b635c5ee9ec,deep,W2,a3_deep_W2,70906.60169039087,503787473.68963295,70207.32110947206,493900677.79791737,699.2805809188139,9886795.891715586,326659.5269339805,2165466028.9876504,704.8575995981269,3.576278686800993e-07,-0.00018239021301447167,-0.0001728534698486328,2.1517276763860504e-05,-8.720159530639648e-05,0.00018078088760375977,7.629394531300307e-06,-0.0001220703125,0.0,0.00011962652206420898
00a1a602456f4eb188b522d7ef19e81b,deep,W2,a3_deep_W2,70956.65836431069,504277743.973858,70254.48916904435,494347566.5503851,702.1691952663386,9930177.423472881,332602.8832847001,2235502958.7935514,705.3551953957233,-1.0073184967096527e-05,-0.007120370864868164,-0.004470348358154297,0.00028239190578460693,6.705522537231445e-05,-0.0003929436206818182,1.52587890625e-05,0.0,-0.000244140625,4.756450653070621e-05
00a1d892548542c7ab83565070737d6b,deep,W2,a3_deep_W2,71623.4817451968,513979086.24323046,70912.04506887973,503821202.28611875,711.4366763170692,10157883.957111716,332153.4025010672,2234313477.4567604,711.9838521978019,2.7239322662409027e-05,-0.00030994415283203125,-0.00015020370483220802,-5.602836608886719e-05,0.00018109381198878893,0.0,-2.2888183593800307e-05,-6.103515625e-05,-0.000244140625,9.745359420776367e-06
00a38a2327cd41b885d6ebbb6ac0a91c,deep,W2,a3_deep_W2,72169.42584204687,522002482.1668409,71455.8324532082,511731549.60395515,713.5933888386644,10270932.562885761,333637.7887489522,2256391902.578708,717.4108905333969,3.5673379898099045e-05,0.002031326293943536,0.002710819244381213,0.0002676248550414484,-0.00017961859703063965,-0.0012640953063964844,7.629394531199693e-06,-0.0001220703125,-0.000244140625,-1.4036893844604492e-05
00a69ec5e0cb4e1b9c6d6285bde5de3e,deep,W2,a3_deep_W2,74048.20143583829,549397107.6866566,73316.62404916824,538596283.6167651,731.5773866700474,10800824.069891453,340208.8082533665,2345030057.0810266,736.0871382120785,2.397596836090088e-05,0.0006580352783203125,-0.0014698505401611328,0.00011640787124628238,5.674362182619963e-05,-0.00013014674186706543,-4.57763671875e-05,-0.00018310546875,0.0,-3.635883331298828e-05
00a776f578304cce8c096fc0034582ef,deep,W2,a3_deep_W2,71944.04214384736,518723698.1592971,71234.87973853177,508548238.9644865,709.1624053155829,10175459.194810629,335102.78722807753,2273621755.148932,715.1704304251107,-4.9307942390497406e-05,-0.0002980232238769531,0.0005733966827392578,-6.115436553949527e-05,0.0004977285861968994,-0.0004100799560546875,-1.52587890625e-05,-6.103515625e-05,-0.000244140625,1.0073184967096527e-05
00a97894440b42ebbde2435e9430106c,deep,W2,a3_deep_W2,69923.42753742679,489581192.64262533,69232.97295705463,479961121.82798713,690.4545803721558,9620070.814638197,326966.96728966327,2158767642.7822933,695.0842109865682,4.4748187065096756e-05,-0.0006008148193377139,-0.001760721206665039,0.0001569986343383789,-4.839897155761719e-05,0.00099867582321167,-7.629394531199693e-06,6.103515625e-05,-0.00048828125,2.6047229766817948e-05
00a9925ae746466b91ce457c67bef43f,deep,W2,a3_deep_W2,69987.9930923353,490573941.69717723,69296.46109351552,480927318.0998144,691.5319988197734,9646623.597362816,331180.7940562235,2219406579.6514506,695.7260344693555,-2.238154411321469e-05,-0.007460117340087891,-0.005216598510738635,0.00010256469249719791,0.0002529025077819824,-0.00023305416107177734,-4.57763671875e-05,-0.000244140625,-0.000244140625,-9.605288505548648e-05
00ae6eda19634ee6b0a4a52789c9ff90,deep,W2,a3_deep_W2,70083.76564025074,491915097.88860893,69392.13433294471,482254346.511774,691.6313073060301,9660751.376834929,326271.9682158092,2155696479.228952,696.6780756985465,-0.00013960897922518645,0.006616115570068359,0.0050425529480016,2.3245811462402344e-05,0.00020521879196166992,0.0010428428649902344,-2.2888183593699693e-05,-6.103515625e-05,-0.000244140625,-3.738701343530826e-05
00bc54b70fea4c94bf54bdb4d041522c,deep,W2,a3_deep_W2,69777.974373027,487596838.62801313,69088.6610805087,478010860.1822153,689.3132925183018,9585978.44579786,327273.98142141895,2162954162.1788397,693.6383122145406,-2.5331974029596527e-05,-0.000983476638797498,-0.007493495941162109,0.00014248490333559904,-0.0002428889274597168,-0.0005111098289489746,-1.9073486328099847e-05,-6.103515625e-05,-0.0003662109375,-4.3272972106989105e-05
00bf94f9be9346d5bf6fcdb88e0f68c3,deep,W2,a3_deep_W2,68431.78712617728,468810691.66884995,67754.35500367137,459575425.921517,677.4321225059102,9235265.74733293,325070.59186639346,2134194768.8546739,680.2563380569397,0.00011803209781649504,-0.007534027099607599,-0.005282163619995117,0.00032320618629450015,0.0001201331615447998,3.999471664434262e-05,-6.103515625e-05,6.103515625e-05,-0.00048828125,-0.00012481212615966797
00c01670fa9545fc82e1fbfb9f70a259,deep,W2,a3_deep_W2,72995.8288162535,533949835.68972546,72278.01192267555,523500614.8120197,717.816893577954,10449220.877705753,335908.744617942,2287991154.797525,725.6258719711403,5.64604997634055e-05,-0.0044214725494384766,-0.0045740604400617,0.00029458105564109105,7.478892803192139e-05,5.778670310979672e-05,-2.2888183593800307e-05,-0.0001220703125,-0.00048828125,-1.4156103134099762e-05
00c1673e7c8e4c2fbc0c9a1084acc067,deep,W2,a3_deep_W2,67089.33709006528,450903311.6462164,66426.66595164893,442041018.53833836,662.67113841635,8862293.10787803,310403.75925040175,1957053803.2267423,666.9115141974353,-0.0001583695411682129,0.0006556510925275205,0.0018548965454101562,-0.00010603666305541992,0.00021731853485107422,0.0009165406227111816,-2.288818359379944e-05,-0.000244140625,-0.000732421875,2.03549861907959e-05
00c5fc33cf54446093cca570c2ac5db0,deep,W2,a3_deep_W2,70244.34759397834,494180618.2331831,69551.31823098924,484477720.30631304,693.0293629890948,9702897.926870048,328747.5592168635,2184609044.686112,698.2743644466299,-0.0001731961965560913,0.015685558319091797,0.014121532440185547,-2.1606683731106857e-05,0.00046569108963012695,-5.4776668548583984e-05,-1.9073486328099847e-05,-0.0001220703125,-0.000244140625,-4.738569259643555e-05
00cc1d02ab5c4e1abcbc080bbdc6bdc4,deep,W2,a3_deep_W2,65328.657543605965,427676752.28286684,64683.17714098475,419268878.6390843,645.480402621215,8407873.643782556,301167.40417423646,1848533901.368841,649.4092178076337,-0.00021389126777643375,0.003769397735595703,0.004538297653198242,5.513429641779144e-06,-0.00020304322242736816,0.00020620226860040836,-2.2888183593699693e-05,-0.00018310546875,-0.000732421875,-6.225705146789551e-05
00d319b11c2c41c6b9a36287abf6922e,deep,W2,a3_deep_W2,73630.45052054543,543175081.8653511,72901.41498660222,532474531.1691871,729.0355339432135,10700550.696163952,343877.56755481806,2390964056.2479925,731.9344232269636,-7.594376802450009e-05,0.005031824111940253,-0.0015449523925745723,-9.35345888138095e-05,-3.2007694244384766e-05,0.00014287233352661133,-1.52587890625e-05,-0.0001220703125,-0.0003662109375,-6.973743438720703e-06
00d9bd8bee204fe3a42c320ce24a32fd,deep,W2,a3_deep_W2,65296.13459106772,426711662.7082007,64648.329934180816,418287809.0145876,647.8046568869031,8423853.693613112,306708.33665439027,1908167826.2598052,649.0859185701654,2.428889274602719e-05,-0.014923810958862305,-0.013870000839233398,0.00015655159950250797,-6.860494613647461e-05,-0.0012838244438171387,-1.52587890625e-05,-0.000244140625,-0.000244140625,-8.222460746759586e-05
00da1beacd7e456f81bcdd0343048166,deep,W2,a3_deep_W2,73134.39236003383,535347399.5949269,72410.19544909979,524798922.7106546,724.1969109340425,10548476.884272277,337973.91400792473,2309412160.551233,727.0032834466933,-4.909932613370027e-05,0.006324052810670722,0.0017309188842773438,0.0001574009656906128,0.0008372068405150812,0.00043836236000061035,3.0517578125e-05,0.0,-0.00048828125,6.726384162897281e-05
00db57d6cb5540089860f0de1d2c643d,deep,W2,a3_deep_W2,71234.58632150578,508189173.4360943,70533.54543563028,498236499.4704341,701.0408858754963,9952673.965660155,327324.82357779104,2170134481.146867,708.1179795103129,-6.15864992140891e-05,0.002498626708984375,0.0009822845459019902,0.00029790401458740234,0.00032961368560791016,-0.0001062154769897461,7.62939453120056e-06,-0.0001220703125,-0.000244140625,6.851553916931152e-05
00ddbd37e24c43569cb77919361bfaa9,deep,W2,a3_deep_W2,74168.30084869124,550943607.4809823,73435.08405856795,540105036.7099746,733.2167901232897,10838570.771007657,345639.62746809673,2418548516.4834967,737.2810042533015,-1.3381242752089073e-05,0.00026226043701171875,-0.0055599212646484375,0.00012034177780151367,0.000936657190322876,0.0005794763565063477,-4.57763671875e-05,0.0,-0.0009765625,1.2427568435724456e-05
00e99d9188c64441b8ae7a3f73f37164,deep,W2,a3_deep_W2,75649.73346095579,572998888.6421762,74903.19586930308,561746565.7905867,746.5375916527119,11252322.851589441,341780.26904257253,2369420255.8364153,752.007405041857,-5.748867988580875e-05,0.0035071372985839844,-0.0010848045349121094,-1.7046928405706208e-05,1.8864870071411133e-05,-0.0007442235946655273,7.629394531199693e-06,0.0,-0.000244140625,3.9070844650213044e-05
00ea067d2d0d4e5abbe36abcdd2117b9,deep,W2,a3_deep_W2,68346.7927077066,468160483.64011234,67672.681376156,458972696.91208065,674.1113315505936,9187786.728031695,319965.0912229443,2076782301.5886772,679.4114384234182,1.6301870346124847e-05,-4.172325134277344e-06,-0.0009500980377197266,3.001093864440918e-05,-5.2794814109802246e-05,-0.00030609965324401855,-1.52587890625e-05,-6.103515625e-05,-0.00048828125,-6.103515625e-05
00ed0007c9c84409adb2e257fad235d1,deep,W2,a3_deep_W2,68443.85075283083,469256547.33694804,67769.20141916517,460051992.59416103,674.6493336656567,9204554.742787004,320722.3535684953,2080102373.1372576,680.3762583284345,-0.00010605156421658601,0.005401372909542346,0.0019419193267822266,3.4570693969726562e-06,0.0003210306167603094,-0.0004170835018157959,-3.0517578125e-05,-0.0001220703125,-0.00048828125,-4.532933235168457e-05
00ef198a19a8403d903dbfa7cfaaf9bd,deep,W2,a3_deep_W2,73490.71272310546,540862896.5244583,72765.53742211084,530242796.50865084,725.175300994626,10620100.01580745,339541.97744367755,2334601244.765184,730.5453389085989,-1.713633537289705e-05,0.0015652179717999815,0.0010728836059570312,6.166100502019711e-05,0.00032417476177210025,5.638599395746402e-05,-4.57763671875e-05,6.103515625e-05,-0.00048828125,1.1444091796875e-05
00f9cb1a42b4498e838107f82557c9f3,deep,W2,a3_deep_W2,71015.69538684253,504965557.46073085,70315.2782223339,495053985.813405,700.4171645086317,9911571.647325873,328578.2333576578,2183446539.2748694,705.9420616817557,-8.848309516909514e-05,0.005860328674318183,-0.0002694129943847656,0.00016357004642489348,0.0008761882781982422,0.0004394948482513428,-7.62939453120056e-06,-6.103515625e-05,-0.0003662109375,2.1398067474420746e-05
00fa05ae10834647a8bf00c5a5a899a1,deep,W2,a3_deep_W2,75862.1880327364,576164636.0025268,75113.13956370042,564843872.2941227,749.0484690359881,11320763.708404064,347213.25726781884,2441074958.80342,754.1193412497552,-1.5057623386396934e-05,-0.0018811225891113281,0.0010013580322265625,1.455843448638916e-05,0.00043946504592889957,0.0003845691680908203,-1.52587890625e-05,0.0,0.0,-0.00011989474296569824
00fab46ab0134de8b7c6b39f9ef2f708,deep,W2,a3_deep_W2,72281.01762912223,523619905.95007074,71565.96226687946,513312194.5001616,715.0553622427688,10307711.44990915,335236.42277000484,2274582675.8430614,718.5201852576913,-2.5868415832602798e-05,-0.0020623207092285156,-0.0018620491027832031,-1.4260411262484451e-05,-0.0003197938203810813,-0.0005614757537841797,-2.2888183593800307e-05,-0.00018310546875,-0.000732421875,-4.1544437408391754e-05
00fadd5980ed4228bc28217eb11c5d27,deep,W2,a3_deep_W2,71602.03710228876,513729137.66355413,70895.9574426288,503647620.9552909,706.0796596599539,10081516.708263218,332729.1713512184,2241693902.7076325,711.7706785416959,-2.5093555450411698e-05,-0.0020933151245117188,-0.0011086463928222656,4.3079257011413574e-05,-0.00012996792793279477,-0.0011534690856933594,2.2888183593800307e-05,-6.103515625e-05,0.0,0.0002186596393585205
00fd070ec367496582cb9410fb8d84a2,deep,W2,a3_deep_W2,75447.41574975991,569939756.4371574,74703.58532465884,558758056.6322502,743.8304251010704,11181699.804907203,344031.22181998746,2398443835.8277454,749.9962358013344,-4.212558269497957e-05,0.0030612945556640625,0.005364418029788709,3.935396671289615e-05,0.00017762184143060855,7.617473602294922e-05,-1.52587890625e-05,3.0517578125e-05,-0.000244140625,-1.2069940567072113e-05
00fe064ec39f4f42a8301f6699c37455,deep,W2,a3_deep_W2,72741.1089180862,529715215.8048189,72024.16269199875,519324775.1867151,716.946226087457,10390440.618103802,338649.21753050695,2319058082.7249546,723.0937910123598,8.353590965279323e-05,-0.001653432846069336,-0.011963844299316406,5.3972005844088455e-05,0.00041222572326660156,-0.0009971261024475098,0.0,-0.0001220703125,0.0,-5.105137825006656e-05
00fe7b40923644c3bf15be6fcb8195c2,deep,W2,a3_deep_W2,72579.47145711923,527825269.0613301,71862.99336534858,517454912.4166732,716.4780917706521,10370356.644656897,335185.371019098,2277168441.534331,721.4870098378819,-7.806718349459563e-05,0.0023710727691632627,-0.003697872161868787,6.023049354561549e-05,0.0011377334594726562,0.0008980631828308105,-1.9073486328100714e-05,-0.00018310546875,-0.000244140625,-1.3664364814813812e-05
01052f325d2a4422bf1dea6567d78347,deep,W2,a3_deep_W2,61815.04161147278,382729498.91899055,61202.214835397266,375179727.4036431,612.8267760755116,7549771.515347481,285274.34472779214,1661306833.1765237,614.4815970672257,-0.00011929869651799985,-0.0005114078521728516,-0.00036954879760919823,-4.857778549194336e-05,0.001669615507125799,0.00021928548812871762,-7.62939453125e-05,-0.00030517578125,-0.001220703125,-0.000181198120117132
0116e8e2de78456cab731ff73f65349f,deep,W2,a3_deep_W2,70864.18556627154,502640861.75619185,70164.1741314454,492760101.9381928,700.0114348261413,9880759.817999065,329977.2437238951,2198893898.5238514,704.4359558199981,-0.00018328428268429842,0.01177668571472168,0.006709098815914416,0.00035257637500760164,0.00031822919845581055,0.0005901455879211426,-7.62939453120056e-06,-6.103515625e-05,-0.000732421875,5.504488945007324e-05
0118607beaed4571b94615a611bab570,deep,W2,a3_deep_W2,72865.60306901723,532118181.7983505,72145.38560321718,521653153.0932058,720.2174658000586,10465028.705144703,339150.5488499189,2327538334.9018297,724.33134359981,-2.181529998779297e-05,0.0051462650299072266,0.002497434616088867,0.00018411874771118164,0.0002719759941101074,0.0002409815788269043,-6.103515625e-05,0.0,-0.00048828125,-7.453560829157047e-05
011a2229b2f949ffaac35b39e9ee9d78,deep,W2,a3_deep_W2,71063.18613762145,506248722.55860364,70360.49292035034,496287088.94149953,702.6932172711095,9961633.617104113,330961.3935614522,2219231167.16787,706.4141505394803,-8.592009544369783e-05,0.0036108493804913877,-0.00013828277587535354,2.2679567337036133e-05,0.00045436620712280273,-0.00022122263908391782,-7.629394531199693e-06,-0.00018310546875,-0.00048828125,7.81863927840909e-05
011e8dd9d04e4257b4c094b9cf279280,deep,W2,a3_deep_W2,66879.7605166539,448048828.53583074,66217.72855488618,439223411.2805525,662.031961767716,8825417.25527823,314707.28823785484,2007064863.5734224,664.8281871595414,2.3663043975830078e-05,-0.00786900520324707,-0.006620883941650391,8.484721183782407e-05,-5.7131052017211914e-05,-0.0002390742301940918,-4.57763671875e-05,0.0,-0.00048828125,-4.863739013671875e-05
012323854937400b839b3bedf4faa010,deep,W2,a3_deep_W2,72557.00000623339,527525082.51726687,71842.51182401007,517185992.0601613,714.4881822233147,10339090.457105577,337519.79886293376,2307293727.4305983,721.2636290446515,-8.453428745269775e-05,0.002862215042114258,-0.003606081008911133,1.974403858182039e-05,-0.0006824135780333918,-2.8640031814630706e-05,2.2888183593800307e-05,-6.103515625e-05,-0.000244140625,0.00014272332191461734
0123ecfeeaf14efc8183597f2099e925,deep,W2,a3_deep_W2,67824.7547723054,460641520.27030075,67154.85490656599,451587398.9299947,669.8998657394113,9054121.340306044,320373.915646172,2070870059.2379117,674.2220428343762,6.216764450067691e-05,0.0019443035125714658,-0.0035560131072998047,0.0003626346588135321,0.00010734796524047852,-0.00031578540802001953,-5.340576171880031e-05,-6.103515625e-05,-0.000244140625,-0.0001417994499207098
012648b0eed74f67ad28527119aac2c4,deep,W2,a3_deep_W2,66191.37915823751,438717009.83497244,65537.86276175128,430097219.13171226,653.5163964862295,8619790.703260183,305539.74759333965,1898721836.264916,657.9852300817209,-0.0003769993782042902,0.020207166671751153,0.01952528953552246,-0.00014767050743108578,0.0008741021156311035,-0.0016428828239440918,-1.52587890625e-05,-6.103515625e-05,-0.0006103515625,3.2961368560791016e-05
012989686a534d73bd7989501e713630,deep,W2,a3_deep_W2,74660.49518072559,558281483.2797643,73919.23705131159,547252492.4624561,741.2581294139964,11028990.817308187,345896.5958988373,2420808899.809273,742.1737350730405,1.2889504431984333e-06,-0.0029098987579363467,0.0028765201568603516,-0.000118255615234375,-0.00020198523998260498,-0.0012362003326416016,1.52587890625e-05,6.103515625e-05,0.0,7.778406143188477e-06
012a565d39a644ea89685ae6cd4e5d8c,deep,W2,a3_deep_W2,64425.72371997643,415733700.06738144,63790.64824718983,407578501.02627754,635.0754727866006,8155199.0411038995,300654.73417654546,1832402503.4351683,640.433470100834,-4.25875186920166e-05,0.0005674362182617188,-4.172325134277344e-05,-3.2395124435480316e-05,3.6895275115911286e-05,0.00043588876724248715,-7.629394531199693e-06,0.0,-0.000244140625,3.8117170333862305e-05
012c0d5217494d12881d6b089bed0232,deep,W2,a3_deep_W2,67730.76278114844,459128473.55237687,67060.75987553463,450090514.86055756,670.0029056138155,9037958.69181931,320594.06798910216,2077133372.276508,673.287701493952,-8.8691711425809e-05,-0.0029850006103515625,-0.00014662742614746094,1.2785196304265778e-05,0.0003572702407836914,0.00027492642402648926,-3.0517578125e-05,-0.0001220703125,-0.000732421875,2.0295381546020508e-05
012d625661ad4c76b706f410b9be0640,deep,W2,a3_deep_W2,75039.52783671823,563838260.7714447,74298.71268693611,552760530.4777495,740.8151497821236,11077730.293695211,345059.9506407132,2408832729.3319426,745.941565454178,-1.8946826457907906e-05,-0.0014287233352661133,-0.002753734588623047,8.650124073028564e-05,9.238719939907991e-07,0.0002575516700745184,-3.0517578125e-05,3.0517578125e-05,-0.0009765625,-2.3573637008666992e-05
013c9572481f47a3adb59c76a934e1e4,deep,W2,a3_deep_W2,71615.5850576942,514246742.94712985,70907.15009907688,504123431.8216501,708.4349586173194,10123311.125479758,332504.2052281187,2239692993.4522443,711.905354003485,0.00010512769222259521,-0.003274083137512207,0.0005400180816650391,0.00015467405319219418,0.00042113661766060573,-0.00019884109497070312,-3.0517578125e-05,-6.103515625e-05,-0.00048828125,-1.2427568435613434e-05
013ff6659943447a9a569fdcbcd3abdb,deep,W2,a3_deep_W2,70951.54630447198,504732411.9683484,70248.21514294954,494776317.891312,703.3311615224375,9956094.07703638,328991.43770999607,2195294962.494065,705.3043782060539,2.6896595954922775e-05,-0.007512569427490234,-0.006574392318725586,8.311867713930998e-05,0.00034487247467041016,0.00020581483840947934,-2.2888183593800307e-05,-0.0001220703125,-0.000732421875,-4.330277442932129e-05
0144192045784fc8906de276b4e09eaa,deep,W2,a3_deep_W2,71720.82114980715,515556357.50065315,71009.05164614506,505375228.435228,711.7695036620862,10181129.065425158,336136.43152472965,2284821106.2162814,712.9514689985556,3.0696392059881283e-06,0.0016927719116193174,0.0014495849609375,-0.0002995133399963934,0.00028020143508911133,0.0006831586360931396,-1.52587890625e-05,0.0,-0.0009765625,9.676814079290219e-05
014a10fd129844228a18b568b069661d,deep,W2,a3_deep_W2,72015.96196516561,519966903.9305275,71302.26852706907,509713613.6587841,713.6934380965395,10253290.271743417,337839.6984377336,2310686399.832695,715.8853600848236,9.046494960790463e-05,-0.003268122673034668,-0.004322528839111328,2.0995736122103592e-05,-0.00026607513427739926,-0.0005339086055755615,-6.103515625e-05,0.0,-0.0009765625,5.0514936447088044e-05
014ca29813304ce68204fb48dc217636,deep,W2,a3_deep_W2,76010.03474322421,578578575.9111165,75258.25517717614,567190959.0076578,751.779566048077,11387616.903458714,347417.6662031777,2445195073.9253535,755.5890334219723,-5.073845386510678e-05,0.00396728515625,-0.0029921531677246094,0.0002548843622207919,0.00033095479011530093,0.00010967254638671875,-3.814697265619969e-05,0.0,0.0,-3.635883331298828e-05
014ccee408664909b71f80702d003e14,deep,W2,a3_deep_W2,71581.88773880638,513054947.1478993,70876.00886029577,502987209.8922359,705.8788785106153,10067737.255663455,330681.2331483891,2214268598.4092956,711.570380802994,-0.00012765824794769287,0.006204843521116388,0.0036382675170898438,3.606081008911133e-05,0.00014987587928771973,-0.0004343986511230469,-7.629394531199693e-06,-0.0001220703125,-0.000244140625,-2.5093555450494964e-05
01531de593f3468084dab12f6515e8e1,deep,W2,a3_deep_W2,74043.60844161686,549326720.3644837,73309.54468504696,538490610.7217579,734.0637565698999,10836109.642725825,340733.47206029395,2351852951.8967295,736.0414808712286,-1.0117888450594803e-05,-0.0027430057525634766,-0.0037384033203125,-2.793967723849211e-05,0.00037609785795210404,0.0007215142250061035,-3.0517578125e-05,-0.0001220703125,-0.00048828125,-2.5957822799682617e-05
0154c6fe068243d4b2d5a704dad1cbc6,deep,W2,a3_deep_W2,72617.07917704803,528529606.3911972,71901.11950943807,518158635.69963235,715.9596676099609,10370970.691564858,336168.0665740159,2290139238.5906982,721.860854960387,-0.00011476874351501465,0.00840902328491211,0.003618001937866211,0.00015541911125183105,-0.00019729137420654297,-3.159046173090152e-05,-1.52587890625e-05,-6.103515625e-05,-0.000732421875,8.77678394317627e-05
01551e922711450f92b50843d4e0f2be,deep,W2,a3_deep_W2,71460.53826481734,511499653.7753287,70752.73964437576,501418513.5489625,707.7986204415793,10081140.226366222,334283.6273048393,2261751111.4573817,710.3640883434864,-5.6877732276916504e-05,0.0061237812042218565,0.004248619079589844,-3.4272670748625167e-07,-1.1920928955078125e-06,-0.00028461217880249023,-6.103515625e-05,-6.103515625e-05,-0.000732421875,-9.438395500177554e-05
0157b39c4b434ceba885ddace4f5b9bd,deep,W2,a3_deep_W2,74707.27537575937,559188724.3124405,73967.02454263593,548165263.0141916,740.2508331234421,11023461.298248887,340991.4718159146,2357821045.0548368,742.6387605459045,-2.2709369659396073e-05,-0.007650256156922275,-0.005730390548706055,-6.645917892450504e-05,-0.00023993849754339047,0.00023755431175226382,-3.0517578125e-05,0.0,-0.00048828125,-2.7239322662298004e-05
0158a691a8a64bd39527c6f9e750c8ee,deep,W2,a3_deep_W2,67554.51396291403,457088989.3910587,66887.0856196901,448101997.5353743,667.4283432239317,8986991.8556844,316956.8316672786,2034108746.0017407,671.535673953623,-5.7011842727716644e-05,0.013240575790403497,0.01031756401062367,0.00013139843940729312,0.0004956424236297052,-2.181529998779297e-05,-3.0517578125e-05,-0.0001220703125,-0.00048828125,-4.184246063237973e-05
015c200ce786438c8e35ddf635d1e236,deep,W2,a3_deep_W2,68712.66489393779,472666543.0088311,68031.81892410426,463346500.7211222,680.8459698335355,9320042.287708879,324619.61257112736,2127889068.7075696,683.0484452013299,-0.0001605898141860962,-0.010101795196531427,-0.008128881454467773,-0.00011843442916870117,0.00019384920597070865,-0.00021529197692871094,-1.52587890625e-05,-0.0001220703125,-0.000732421875,0.0001893341541289728
015d02aa38e04950825ec5f8dc3d533d,deep,W2,a3_deep_W2,72934.50469426993,532664153.1748911,72213.55946104764,522186661.22951233,720.9452332222863,10477491.94537878,339662.8780524939,2333991689.3094716,725.0162704335074,-6.313621997838803e-05,0.006484985351558947,0.0022292137145996094,-6.0677528381292145e-05,-0.0002504587173461914,-0.0006053447723388672,1.52587890625e-05,0.0,-0.000244140625,5.987286567682437e-05
015ee6e84a2d49e9b87dca6fdc4d49b4,deep,W2,a3_deep_W2,69933.10986024837,490008599.47433627,69241.29208873984,480361890.36524576,691.817771508533,9646709.109090507,328999.05127173907,2190697292.7209406,695.1804595538364,-7.933378219600329e-05,0.00064849853515625,0.0015425682067871094,-0.00018385052680969238,-5.191564559930972e-05,0.000256270170211792,-6.103515625e-05,-6.103515625e-05,0.0,-4.124641418457031e-05
016576dd30c1464f9115584748950ed2,deep,W2,a3_deep_W2,75563.33466220625,571865959.0302199,74817.80480545823,560637601.2239188,745.5298567480204,11228357.806301117,343177.9088649238,2387992421.682435,751.1485449577046,-5.474686622619629e-05,0.005249977111816406,0.0004971027374267578,9.959936141970549e-05,-0.0003337562084197998,-0.00037977099418640137,-1.52587890625e-05,-0.0001220703125,-0.000244140625,2.9921531677301605e-05
01688042f526490ba8fe14aace17a558,deep,W2,a3_deep_W2,72072.80778258288,520509237.2217164,71361.35398216946,510285014.7861584,711.4538004134229,10224222.435558021,335502.5421519807,2277760071.078476,716.4504443711485,-8.504092693331633e-05,0.005067586898803711,-0.0013077259063685176,4.212558269497957e-05,-0.0005454421043395996,0.0002917051315307617,2.2888183593800307e-05,-0.0001220703125,0.0,0.00013181567192083188
0169a7e8458246b1b371706f507ec511,deep,W2,a3_deep_W2,74461.28551044459,555412062.3201404,73727.74954113747,544523115.7612684,733.5359693071223,10888946.558871984,344525.37272719515,2401749156.3714414,740.1934617745948,-5.050748586660214e-05,0.008169412612913263,-0.0026237964630126953,0.00015059113502502441,0.00022202730178827457,0.0003809928894042969,-1.52587890625e-05,-6.103515625e-05,-0.00048828125,1.537799835199527e-05
0170db45fb744c4b91ffdf97a3f75ea3,deep,W2,a3_deep_W2,66801.16396829288,447225265.4745432,66140.36224962436,438421950.421079,660.8017186685174,8803315.053464234,312933.80976929166,1984445308.537294,664.0468865035555,-8.821487426813324e-06,-0.0015541911125183105,-0.0001704692840576172,0.00021845102310186215,-3.556907176979762e-05,-0.00029338896274569426,3.0517578125e-05,6.103515625e-05,-0.00048828125,3.293156623840332e-05
017c41aac5db41f3bfe2f7938a4834d1,deep,W2,a3_deep_W2,73176.89690587962,536265031.9902698,72451.22178662274,525682474.8922844,725.6751192568772,10582557.097985387,337708.6640066685,2309844508.9263062,727.4258061941196,-3.364682197570801e-05,-0.004212856292724609,-0.0020623207092285156,-6.973743438720703e-05,0.00023368000984191895,-0.00034165382385253906,0.0,-6.103515625e-05,-0.000244140625,5.0395727157592773e-05
017e5dfc6d0d4c12b3f1196d85a16c9b,deep,W2,a3_deep_W2,70525.85994367937,498332292.3439012,69829.0181085264,488534090.3424423,696.841835152969,9798202.001458943,328804.60585511377,2188031968.876173,701.0727797469981,-6.528198719030209e-05,0.0012421607971173643,-0.003434419631958008,3.758072853088379e-05,-9.025633335119077e-05,-0.0002702474594115656,-3.0517578125e-05,0.0,-0.000244140625,-1.9222497940007965e-05
018034e069134727b9e6e5627234f42f,deep,W2,a3_deep_W2,73864.30811927715,546654260.1307591,73136.46358850309,535934743.15148395,727.8445307740622,10719516.979275167,338728.59624340874,2326793344.7847505,734.2591194013705,-6.119906902310457e-05,0.002803802490234375,-0.0038862228393554688,0.00019359588623041324,0.00039660930633550473,3.206729888921567e-05,-7.629394531300307e-06,-6.103515625e-05,0.0,2.205371856689453e-06
018487b190aa472caf198b265a3b4d61,deep,W2,a3_deep_W2,72579.71893389412,527489581.4182731,71861.2351277921,517098847.8024355,718.4838061020273,10390733.615837574,336435.57419678196,2290167807.0575547,721.4894699174988,-1.1965632438687424e-05,0.004326105117794299,0.0021052360534703496,5.09172677994052e-05,0.00012993812561029605,0.0007469058036804199,-3.0517578125e-05,-0.00018310546875,-0.000244140625,-5.924701690668277e-05
0184e485100e433c9032f2132e99e095,deep,W2,a3_deep_W2,70316.86406068817,495665106.0079068,69622.10421954711,485919841.57523084,694.7598411410581,9745264.432675958,326010.5961285464,2156465176.456201,698.995225148425,-1.9997358322143555e-05,-0.003848075866700995,-0.0014007091522216797,0.00016829371452331543,-5.41210174561102e-05,-3.591179847717285e-05,-3.0517578125e-05,0.0,-0.000244140625,-5.65350055694025e-05
018f683e86ea42eb8e98935e890eb9fd,deep,W2,a3_deep_W2,71821.22232240897,516943922.82415116,71110.39659458374,506764659.8897276,710.8257278252277,10179262.934423566,331533.55616151943,2229859684.8844724,713.9495217585225,-8.174777030950375e-05,0.005054473876954901,0.0028276443481445312,-6.62207603455145e-05,0.00024360418319702148,-0.0004687309265136719,-2.2888183593699693e-05,-0.0001220703125,-0.000244140625,2.0563602448064877e-06
019a31cb0c1646758bc44d47366e32e6,deep,W2,a3_deep_W2,62472.83739803782,390977472.6713091,61855.42040631474,383288515.2118013,617.4169917230756,7688957.459507823,286954.40120900894,1680225983.0846171,621.0205137278846,-0.00012329220771795102,0.015206336975097656,0.013797283172607422,0.00017783045768737793,0.0007973611354827881,0.00015407800674438477,-3.814697265619969e-05,-0.00018310546875,-0.0009765625,7.2479248046875e-05
019c097c504c4e1dbefcd1079619b8cf,deep,W2,a3_deep_W2,68254.04563240797,466580076.2496088,67577.03945576033,457371040.55803645,677.0061766476429,9209035.691572368,320601.9919073816,2080315736.8493843,678.489472353881,4.06801700592041e-05,-0.011078119277954102,-0.010139942169187677,0.000527650117874201,0.0005958080291748047,-0.00023502111434936523,-5.340576171880031e-05,-6.103515625e-05,-0.000732421875,-0.0002613067626953125
019cdc2fe9da4327aa8d617401d8189b,deep,W2,a3_deep_W2,72269.3995159781,523554733.7058773,71554.877969614,513254561.03674495,714.521546364107,10300172.669132352,334851.2485542651,2271284780.9104137,718.4046936793701,8.046627044122623e-07,-0.0009691715240478516,-0.0015711784362792969,-9.617209434509277e-05,0.00030991435050969907,-2.270936965947934e-05,-7.629394531300307e-06,0.0,-0.00048828125,5.0395727157592773e-05
01a4a9aa5dfc4436891849a88f2e99e7,deep,W2,a3_deep_W2,71696.84747551574,514858045.5632177,70987.0587956092,504716177.8563893,709.7886799065309,10141867.706828415,328567.8508032236,2191182605.9760447,712.7131551305695,-0.00021527707576760036,0.015025138854978692,0.01340627670288086,-0.00016289949417108707,0.0005315542221069336,0.00017124414443969727,-2.2888183593699693e-05,-0.000244140625,-0.00048828125,-0.00012694299221038818
01a76c394cc640f6ad469199166ece29,deep,W2,a3_deep_W2,67280.1265433605,453213548.3183113,66614.44067074807,444290203.3034729,665.6858726124337,8923345.014838398,319011.9203037645,2051694260.9941106,668.8080850790225,-0.00010085105895990543,-0.005043745040893555,-0.004980564117431641,0.0002465546131134033,0.0002389848232268732,1.6510486602783203e-05,-3.814697265619969e-05,-6.103515625e-05,-0.00048828125,-4.8220157623291016e-05
01b853942c324f83a89d27e97796200c,deep,W2,a3_deep_W2,69046.56809686548,477628251.2353292,68362.54233807167,468212361.4889282,684.0257587938104,9415889.746401012,322244.99276337295,2102488458.5222776,686.3676595551835,-5.802512168878726e-05,0.003783702850341797,0.005358457565307617,-6.198883056640625e-05,0.00026333332061762027,-0.0003496706485747736,-3.0517578125e-05,-0.0001220703125,-0.000244140625,-0.00012439489364618472
01c7a9010fa6463897e5919443c72886,deep,W2,a3_deep_W2,73095.57536994603,535393949.8405117,72372.62914347899,524857131.7702954,722.9462264670437,10536818.070216298,339348.5588992629,2331216940.1871576,726.6174173946667,-6.780028343200684e-06,-0.0031888484954833984,-0.004534721374511719,5.571544170379639e-05,-2.7686357498224456e-05,-0.001069486141204834,-7.629394531300307e-06,-6.103515625e-05,-0.00048828125,1.2412667274502853e-05
01c80c7c0e954db9a53a11fabc2053eb,deep,W2,a3_deep_W2,70860.53156373494,502578430.42912704,70159.0970528375,492678434.49363554,701.4345108974376,9899995.935491502,334417.6168580986,2253107370.7557063,704.3996326653768,8.913874626159668e-05,-0.005245208740234375,-0.0022172927856445312,0.0002063959836959839,-3.0100345612127377e-06,0.0002200305461883545,-2.2888183593800307e-05,-0.0001220703125,-0.000244140625,-2.7060508728082855e-05
01d0e94dc746416484c9157bbe320203,deep,W2,a3_deep_W2,69275.97729131622,480835649.1460624,68591.25878968701,471377877.28712237,684.718501629206,9457771.858940005,322755.8801119786,2113436705.1000876,688.6481357065065,-3.360211849209871e-05,-0.003252029418947089,-0.0015425682067871094,-0.0002269148826599121,0.0003638267517090399,-0.0009247362613677979,1.52587890625e-05,0.0,0.0,-1.0788440704345703e-05
01d1c15787514d14a4538256a88b43a5,deep,W2,a3_deep_W2,75959.26966528436,577668837.3881408,75210.03145065528,566329790.4723443,749.2382146290765,11339046.915796518,345995.17970775685,2425728533.0297313,755.0843956290582,-2.026557922359118e-05,0.004724264144895685,0.0031828880310023067,3.533065319058504e-05,3.5315752029418945e-05,0.0005829334259033203,-7.629394531300307e-06,0.0001220703125,-0.00048828125,-2.0861625676937834e-07
01d2ae479ed74c7188c270dea892cf67,deep,W2,a3_deep_W2,70283.15731974805,494763128.50309974,69588.61234775012,485032971.79639137,694.5449719979224,9730156.706708372,329122.97284987033,2191036712.5149508,698.6601582866246,-5.2988529205322266e-05,-0.007588863372802734,-0.006756782531738281,0.00017157196998596191,-0.00021779537200927734,-5.46574592590332e-05,0.0,-6.103515625e-05,-0.00048828125,2.574920654296875e-05
01d9dd3aa5dc46c3a44bfd40d5898c0e,deep,W2,a3_deep_W2,73981.00317622095,548365145.5817157,73249.59775497869,537577197.9844725,731.4054212422634,10787947.59724319,338685.03399015684,2326661734.2282987,735.4191439373302,6.066262722020932e-05,-0.007656812667848456,-0.008028745651245117,0.00016209483146670256,-0.00018200278282159976,-0.00046387314796447754,0.0,-0.0001220703125,0.000244140625,-6.321072578430176e-05
01eac793c4ec40c5aa6bbd09b45fc26a,deep,W2,a3_deep_W2,67479.9500345456,456010312.22158813,66815.19005959091,447070713.3188121,664.7599749546935,8939598.902776062,317418.0437593086,2036533189.6682277,670.794460155282,-4.01139259338934e-05,0.006175041198730469,0.004990100860595703,-3.0040740966796875e-05,-5.5849552154541016e-05,-0.0004382133483886719,7.62939453129944e-06,-0.00018310546875,0.0,1.6272068023737152e-05
01f0c1dd487e43f795830fe6008142e4,deep,W2,a3_deep_W2,71239.85285219157,508094443.66058636,70536.31443463567,498108824.43775725,703.5384175559011,9985619.222829103,330752.71898031724,2210350348.923799,708.1703322403678,-3.382563591008969e-05,-0.0004172325134277344,-0.0035524368286097285,0.0001067221164702814,8.794665336608887e-05,0.0006325244903564453,7.629394531300307e-06,0.0,0.0,1.9967555999700348e-05
01f1cc659cb847a4a7366b84844641c2,deep,W2,a3_deep_W2,70274.8461689765,494550062.6052691,69579.40686206205,484810907.93825483,695.4393069144426,9739154.667014241,330323.27177086816,2204651618.7484326,698.5775400586585,-5.711615085599031e-05,-0.0005072355270385742,-0.0007247924804705264,0.00016358494758611508,-0.0003504753112792969,0.0,-6.103515625e-05,0.00018310546875,0.0,-6.183981895441226e-05
01f3115282994da9b32967eb2075d4aa,deep,W2,a3_deep_W2,68307.8498052359,467226673.65960544,67633.79674877219,458052085.9632803,674.0530564637156,9174587.696325123,317983.3044609893,2051806747.9606612,679.0243207206586,-0.00018537044525146484,0.010870695114135742,0.010000467300411486,-0.0001914501190186102,0.0004476010799407959,-0.0012172460556030273,-2.2888183593800307e-05,-6.103515625e-05,-0.00048828125,-9.417533874511719e-05
01f376bb2b5a4860a53914dbf66d4ac0,deep,W2,a3_deep_W2,71424.13671926479,511367390.4715326,70716.51980610471,501286226.02946186,707.6169131600764,10081164.442070723,334848.447841952,2269141450.816239,710.002233376415,-0.00012958049774169922,-0.004952549934387207,-0.005284547805786133,-0.0001386404037476141,0.0003284811973571222,-0.00029474496841430664,2.2888183593699693e-05,-0.0001220703125,-0.000732421875,0.00016546249389648438
01f3fb1336a444309e9959d359c8b4ab,deep,W2,a3_deep_W2,66486.92737649751,442745142.33097196,65829.35674952147,434032127.96605444,657.5706269760412,8713014.364917517,308915.45728821773,1935312819.3355448,660.9231710170072,-5.987286567687988e-05,-0.0015234947204589844,-0.002382993698120117,-4.953145980840512e-05,-0.0004265308380126953,0.00014650821685791016,0.0,0.0,0.0,-9.536743164118011e-06
01f64ccc5e5049e29c3e8be0aaf31bd5,deep,W2,a3_deep_W2,71908.88989946955,517820129.9379846,71197.64106140946,507628412.2866414,711.2488380600844,10191717.651343167,334816.32605169294,2267313537.7175136,714.8209943218151,4.604458808898926e-06,-0.0074040889739990234,0.0006008148193359375,8.77976417542059e-05,-0.0001558512449264804,0.0009359419345855158,0.0,6.103515625e-05,-0.00048828125,-1.692771911626645e-05
01f6b5adc5c44c17b159d7dc2f7f6dd6,deep,W2,a3_deep_W2,76282.24096524737,582511702.1245482,75531.76739411829,571106266.5810019,750.473571129085,11405435.543546319,344242.1422157357,2403748238.548243,758.2949397787417,1.870095729827881e-05,0.0012671947479248047,-0.0013947486877476933,0.0001446753740311224,0.00026726722717285156,0.0008938908576965332,0.0,6.103515625e-05,0.0,-2.136826515203305e-05
01f74014d40f436e91fbf60e7f688057,deep,W2,a3_deep_W2,72349.00117433947,524313554.21679944,71634.44157614879,514008522.2475244,714.5595981906808,10305031.969275057,335467.68865796214,2277070668.2286243,719.1959857805148,-9.569525718688965e-05,0.006543397903444159,0.002777576446533203,-0.00020095705986020174,0.0010322332382201593,-0.0006060600280761719,3.0517578125e-05,-0.00018310546875,-0.000244140625,0.00010600686073303223
01fb4fff624544a88317709570572e0f,deep,W2,a3_deep_W2,69482.38421558279,483694349.2539178,68797.30325028942,474204228.109314,685.0809652933676,9490121.144603789,322798.56937705475,2115660795.0422401,690.699954376568,-0.00014156103134149722,0.001481771469116211,0.00031948089599254104,4.863739013671875e-05,0.00037676095962518863,0.0006261467933654785,-7.629394531300307e-06,-0.0001220703125,-0.000244140625,4.775822162622623e-05
01fbee27f8f74a1eaf7e613de5cb78ee,deep,W2,a3_deep_W2,74035.78831044219,548941691.1313672,73303.89539071436,538142986.9319715,731.8929197278339,10798704.199395657,340645.7444624793,2349139572.2595696,735.9637436964533,-2.5600194931002518e-05,-9.834766387761817e-05,-0.004688501358028674,0.00010375678539270572,0.0005348026752471924,-0.0005819201469420832,-7.62939453125e-05,6.103515625e-05,-0.000244140625,-0.00012850761413568668
01ffee46c0644a17a8ac9f9f3bf7ef4d,deep,W2,a3_deep_W2,71483.92710713143,511818158.4840015,70779.0204812171,501774075.59880674,704.9066259143292,10044082.885194778,332761.16265728005,2240458298.344426,710.5965886023887,-9.5367431640625e-07,0.0028264522552508,-0.0038337707519566777,0.0002320706844329834,-0.0002716183662414551,0.0006675124168395996,-1.1444091796900153e-05,-0.0001220703125,-0.0001220703125,-0.0001257658004760187
0200b7f6eb574385ace14b2d03502ec2,deep,W2,a3_deep_W2,72105.062990775,520882835.71626574,71396.06765815486,510688778.6788832,708.9953326201357,10194057.037382543,334982.21212340804,2273583691.669532,716.7710820561992,-1.5296041965498497e-05,0.001957416534423828,-0.000457763671875,0.00016191601753229312,-0.0001605898141860962,-0.0002983510494232178,-6.103515625e-05,0.0,0.0,-2.2292137145996094e-05
02010e17a28845cc921858cc24ece163,deep,W2,a3_deep_W2,76728.74444506709,589467898.7989895,75972.4241634876,577905172.2519797,756.3202815794939,11562726.547009826,349658.0906696522,2478783018.261627,762.7334738996144,2.30893492698947e-05,-0.002218484878540039,-0.014541149139400744,0.00019407272338872739,0.00018015503883370143,-0.00025594234466552734,-9.1552734375e-05,-0.000244140625,-0.001953125,-1.7881393432617188e-05
02097b72cb764df79f0188df985014a5,deep,W2,a3_deep_W2,68190.95362040352,465618897.71126574,67515.39336447998,456439932.0201467,675.5602559235413,9178965.691119015,320060.12991284346,2069590714.696228,677.8622968430666,9.717047214510832e-05,1.0728836059570312e-05,-0.0006389617919921875,0.00024896860122680664,0.0005235671997069757,-0.0002346038818359375,-1.1444091796899286e-05,-6.103515625e-05,-0.0001220703125,-9.173154830938168e-05
020bc99c57c04bf6abfc9fe91a6a1215,deep,W2,a3_deep_W2,68358.88227462256,467948224.49984676,67681.20840642776,458717036.6094204,677.6738681948045,9231187.890426338,319938.4187003771,2068896822.4647436,679.5316165579419,-4.4375658035306076e-05,-0.00855863094329834,-0.007351636886598456,-3.0219554901123047e-05,8.180737495419588e-05,-6.115436553949527e-05,-5.340576171880031e-05,-0.0001220703125,-0.000732421875,-4.404783248901367e-05
0214176d73af485287532957baf9888b,deep,W2,a3_deep_W2,71927.8695442482,518569275.5838212,71216.04247061469,508358205.8797024,711.8270736335107,10211069.704118788,333023.2690185856,2248917550.7876883,715.0096642981074,-0.0001048743724822998,-0.00498652458190918,-0.0042724609375,7.349252700805664e-05,0.00047560036182409116,0.0005443692207336981,-2.2888183593699693e-05,-6.103515625e-05,-0.00048828125,-1.7195940017700195e-05
021504573eab4f8995e46ac306744e04,deep,W2,a3_deep_W2,70992.92709473132,504762640.2259875,70291.69611470125,494840933.634398,701.2309800300718,9921706.59158951,327966.57037409133,2180198382.6449456,705.7157300942608,-8.673965930941496e-05,0.006630420684814453,0.006089210510253906,0.00012350082397460938,-0.00028198957443237305,-9.72747802734375e-05,-1.52587890625e-05,-0.0001220703125,0.0,-1.2040138244628906e-05
0219f955d31b4907b5eeb6a345a47eb2,deep,W2,a3_deep_W2,73380.81551616007,539649864.9276774,72654.02504153718,529015435.94645804,726.7904746228887,10634428.981219351,338840.7858512567,2329158244.956543,729.4528894096328,5.795061588290129e-05,0.0018799304962158203,-0.0023555755615234375,0.0001500546932220459,0.00010696053504949399,-0.0008873939514160156,0.0,-6.103515625e-05,-0.000244140625,-4.798173904418945e-06
021a5902e34c4742a828335c86bfe4cd,deep,W2,a3_deep_W2,73419.44651222542,539877869.010302,72693.63149381436,529256871.77994454,725.8150184110564,10620997.230357409,343388.8317192918,2384739915.9557495,729.83690656047,2.330541610720549e-05,-0.0023585557937604307,0.0019490718841552734,0.0002378523349761963,-6.552040576940366e-05,-1.4901161193847656e-06,-4.57763671875e-05,0.0,-0.00048828125,-0.0001099705696105957
0222f2054a72477a9af17694d4ab1a9e,deep,W2,a3_deep_W2,68344.98800003892,467989324.2850806,67668.29341505755,458768252.84443676,676.6945849813783,9221071.440643847,320563.94716363173,2081212624.8973284,679.3934984589537,3.871321678161621e-05,-0.0006783008575439453,0.0017464160919189453,0.0001583397388458252,9.09864902496893e-05,-5.927681922918149e-05,1.52587890625e-05,-0.00018310546875,0.000244140625,7.390975952092926e-06
0228c654c3b44da99c4b3b75d5f8b1cb,deep,W2,a3_deep_W2,71263.26952017254,508935700.96549124,70559.79538888692,498937807.43702,703.4741312856204,9997893.528471231,332563.0085190443,2237295564.0708838,708.403109104442,3.1292438507107834e-05,-0.002110004425048828,-0.0010633468627929688,3.87728214263916e-05,4.127621650695801e-06,-0.0006604492664337158,-7.62939453125e-05,-6.103515625e-05,-0.0009765625,-9.685754776000977e-06
022a46a47f70497badb519b86f7d0dfa,deep,W2,a3_deep_W2,63959.37594871088,409627502.664474,63326.06034824909,401556581.87164646,633.3156004617849,8070920.792827547,293813.34380379383,1755554529.3624825,635.7976708551241,-0.00022533535957336426,-0.005812644958496094,-0.0052607059478759766,-9.879469871520996e-05,0.0006132721900939941,0.00016030669212341309,-1.52587890625e-05,-0.0001220703125,-0.00048828125,-3.5941600799505036e-05
022c1581dcd44145a86c1522d7ab44d3,deep,W2,a3_deep_W2,69935.64030309029,489656769.5947866,69242.70111084961,480001842.51805776,692.9391922406794,9654927.07672882,330206.4623713103,2201728601.843086,695.2056137965297,5.5611133575494964e-05,-0.0118255615234375,-0.00898599624633789,0.0002136528491973877,-0.0005159825086593905,-0.00025853514671331235,-4.57763671875e-05,-0.00018310546875,-0.000244140625,-0.0001163780689239502
023d8f2444234e6185ca713309cfeb99,deep,W2,a3_deep_W2,68370.01937330677,468269550.81822896,67692.9652902444,459041773.21020687,677.054083062365,9227777.608022094,321598.0081804723,2095384529.8449504,679.6423265406218,7.154047489171811e-05,-0.007288455963132989,-0.00714421272277832,3.6701560020391266e-05,0.00022214651107788086,-0.0003651380538940985,-4.57763671875e-05,-0.000244140625,-0.000732421875,-0.0001322925090789795
0247b01389f541e8a22ab2f98e44c953,deep,W2,a3_deep_W2,71102.67638291128,506547487.494877,70401.09166701556,496601217.8009468,701.5847158957185,9946269.693930209,331186.79455971776,2221651829.133773,706.8067091847818,-7.089972496029939e-05,-0.005354881286621094,-0.004154443740841174,0.00012680888175969907,0.000763237476348877,2.8312206268310547e-05,-3.814697265619969e-05,-0.0001220703125,0.0,-0.00023692846298217773
024a0d26f2ab4be8bacf86127e23e6aa,deep,W2,a3_deep_W2,69556.22503414513,484534305.3085149,68864.77959589637,474950115.0372727,691.4454382487602,9584190.271242201,325436.5462793602,2141142551.0510905,691.4339799945418,-1.3187527656610687e-05,-0.010372400283813477,-0.0064373016357421875,2.020597457880191e-05,0.00020104646682739258,0.0002116858959197998,-6.103515625e-05,-0.0001220703125,-0.000732421875,-8.165836334228516e-05
024b1ec28a404f46866c62a69d6370d8,deep,W2,a3_deep_W2,66122.16211324648,437921161.28040695,65468.454411639985,429306361.69706404,653.7077016064941,8614799.58334291,311165.194360131,1959539777.541274,657.2971677712933,4.4405460357610504e-05,-0.0001895427703857422,-0.0009143352508544922,-1.3113021850585938e-05,-0.00015716254711151123,-0.00010401010513300113,0.0,-0.0001220703125,-0.00048828125,-1.4483928680419922e-05
025784ce00f14da9bcfe44013eb2289c,deep,W2,a3_deep_W2,70420.0274599444,496783401.2787115,69722.31561048713,486989607.9962696,697.7118494572642,9793793.282441914,329788.5782339913,2200603390.0482535,700.0207362324793,3.387033939361572e-05,-0.002667903900145596,-0.0018262863159161924,-1.588463783258609e-05,0.0002858340740203996,0.0008289813995361328,-3.0517578125e-05,-0.0003662109375,-0.00048828125,-0.00016477704048156738
025828c4084440649cde38135a9d8a2e,deep,W2,a3_deep_W2,71216.32345437999,507895756.1232879,70512.99703710318,497913857.209756,703.3264172768104,9981898.9135319,333119.43743620795,2242197858.1291413,707.9364347686785,6.023049354561549e-05,0.00027656555175603614,-0.0005197525024414062,0.0003986656665802002,-2.0384788513183594e-05,-0.0003820657730102539,-3.0517578125e-05,-6.103515625e-05,-0.00048828125,-5.456805229187012e-05
025c1e16f9634c71be21574417c1b8a7,deep,W2,a3_deep_W2,68731.13896520354,473405604.1070727,68051.98044470308,464097049.399243,679.1585205004667,9308554.707829714,324314.83916006517,2129721586.1921191,683.2320894490692,-0.00010645389556879215,-0.007700920104980469,-0.006440877914428711,-5.900859832769223e-05,-2.4810433387784103e-05,-3.120303153991699e-05,0.0,0.0,0.0,2.637505531311035e-05
025cf7f3f4524bf7b69a822007bcdf3a,deep,W2,a3_deep_W2,69326.67538071609,481338149.54017127,68642.63117879812,471886695.2320948,684.0442019179609,9451454.308076441,321293.735633868,2093284498.629466,689.1521075898952,-5.49852848050203e-06,0.0027334690094011904,0.000985860824584961,-2.199411392211914e-05,-0.0004068017005920965,0.0002453029155731201,-7.629394531300307e-06,-6.103515625e-05,0.0,-0.00010928511619567871
026dd4fca8a347e799ff5bfd78df68bb,deep,W2,a3_deep_W2,70176.07807315473,493215584.18230236,69482.75614538346,483518249.06199133,693.3219277712633,9697335.120311022,324689.44983723934,2134569875.0395176,697.5957211408409,-3.246963024139404e-05,0.0027477741241437315,0.0027871131896972656,-7.614493370050601e-05,-0.00020363926887512207,-4.380941390991211e-06,0.0,-0.0001220703125,-0.000244140625,-3.0308961868341644e-05
0278450d1e324c33904e160e115f6fbd,deep,W2,a3_deep_W2,71890.19483261697,517743899.1902821,71179.35093737966,507556264.7813431,710.8438952373108,10187634.408939004,334238.85911300225,2264937454.8441887,714.6351532346399,-6.499886512759123e-05,0.006332397460935724,0.004236698150638318,0.00020161271095278654,0.0001392364501953125,-0.0007659196853637695,0.0,-0.000244140625,0.0,2.6792287826482575e-05
0281cce51dcb43988b3d3760c0fb335e,deep,W2,a3_deep_W2,71949.96601695857,518727103.0662204,71240.94198696174,508554459.81819004,709.0240299968282,10172643.248030365,333635.2205580332,2254992689.6523657,715.2293175651223,3.0696392059298416e-05,0.0007200241088867188,-0.0003814697265625,5.665421485900879e-05,-0.00026294589042658023,0.0006191134452819824,-1.52587890625e-05,0.0,0.000244140625,-0.00013595819473269377
02871968fcbd46dc9f5059ec1fc7d13b,deep,W2,a3_deep_W2,75169.16664599653,565794161.1789038,74428.17187830282,554694104.7154579,740.9947676937154,11100056.463445902,342928.8152424565,2383687833.8715425,747.2302592816111,-5.1051378250094315e-05,0.0029736757278442383,0.0004613399505579707,9.874999523160066e-05,-0.0002639293670653742,-0.00016808509826660156,-1.52587890625e-05,0.0,-0.00048828125,4.053115844671051e-06
0288b5d8dfda43b9938f0dcf1ac86da2,deep,W2,a3_deep_W2,76029.8844030543,578801143.4331231,75279.75841420026,567437708.0137292,750.1259888540371,11363435.419393897,348931.479813553,2464270259.885956,755.7863519120301,3.0085444450406174e-05,-0.0033402442932111143,0.002808570861819959,0.00011214613914489746,5.435943603521176e-05,-0.0005218982696533203,0.0,6.103515625e-05,-0.00048828125,-6.762146949768066e-05
028f74fc5b384764826acb595846b9d8,deep,W2,a3_deep_W2,71239.0762541255,508106422.7149525,70534.15126326708,498101469.08052766,704.924990858417,10004953.634424865,334143.3022287135,2257290056.3276834,708.1626123520123,-8.061528205899338e-06,0.00494837760925293,0.0036919116973876953,-0.00018273293972020932,0.0002515912055968683,0.0005135238170624334,0.0,-6.103515625e-05,-0.0009765625,-6.347894668579102e-05
0290737f64b14b08b87faa644580f3a9,deep,W2,a3_deep_W2,69073.08369284228,478102041.2353506,68390.17241582296,468695704.43559414,682.9112770193169,9406336.799756467,319781.3692096097,2077550266.007342,686.6312417730104,-2.1919608116205413e-05,-0.0003278255462664248,0.00015735626220703125,0.00011831521987909488,0.0005127787590027411,-7.05420970916193e-05,1.52587890625e-05,-0.00018310546875,0.000244140625,4.601478576660156e-05
029bf16fe8e2495bbadd991b7358559a,deep,W2,a3_deep_W2,75020.20811312953,563515461.1597598,74276.48265117953,552398807.7874765,743.7254619500018,11116653.37228322,343617.408398268,2393029085.0232463,745.7495148739924,-4.631280899050627e-05,0.0038743019104003906,-0.00041961669921875,4.1574239730807205e-05,0.00014859437942510434,0.0005131363868713379,-1.52587890625e-05,0.0,-0.00048828125,-1.0967254638671875e-05
029d4dcccd66451c847a4dc5da36b5e6,deep,W2,a3_deep_W2,71346.35581425813,509854515.9017624,70642.5388736313,499844628.1119189,703.816940626828,10009887.7898435,329158.3818241711,2195789715.937977,709.2290407442686,8.098781108858977e-05,0.000807642936706543,-0.002701282501220703,8.219480514526367e-05,-5.474686622619629e-05,-0.0006954371929168701,-1.52587890625e-05,0.0,0.0,-4.25875186920166e-05
029e028b4a6842c29183b6a30bb2f04e,deep,W2,a3_deep_W2,71019.89679758807,505122057.9679042,70315.9011701293,495158558.99461055,703.9956274587603,9963498.973293662,333446.9512389789,2243906221.2145424,705.9838264289361,-7.283687591549959e-05,-0.0054132938385009766,-0.005259513854980469,0.00026032328605651855,0.0003069192171096802,1.0639429092407227e-05,-7.62939453125e-05,-6.103515625e-05,-0.000244140625,-0.00018036365509027652
00001ec0d78549e1b8c2083a06105c29,deep,W3,a3_deep_W3,65413.54040966529,428173171.3387147,64765.3439035982,419729898.2596052,648.1965060670918,8443273.07910949,337219.7820832726,2304605924.7176104,650.2530085378513,-0.00016653537750241365,0.020943880081178534,0.013782978057854223,-0.00010521709918978606,0.00018322467803955078,-0.00020641088485717773,-3.4332275390600714e-05,-0.00018310546875,-0.000732421875,-1.5527009963989258e-05
0005d5eb0eb847648bf2e76f6931ed48,deep,W3,a3_deep_W3,66232.94176811667,438861974.8420397,65578.31369622685,430229852.72670615,654.6280718898197,8632122.115333557,343639.2708670461,2392472258.2969913,658.398389374848,-1.437962055192421e-06,-0.0012212991714495303,-0.003392696380618787,8.663535118100252e-05,-2.6747584342901032e-05,0.0008153915405273993,-6.103515625e-05,-3.0517578125e-05,0.0,-6.514787673950195e-05
0005df571e71437991594d0affec9c2b,deep,W3,a3_deep_W3,65226.833136419074,425612770.8995221,64581.28111373432,417230143.5541141,645.5520226847511,8382627.345408022,337235.55059919955,2296122318.416053,648.3970171730067,2.6091933250510513e-05,-0.002553462982181287,-0.0019502639770507812,-9.387731552179535e-06,0.00016324222087860107,-0.0004131197929382324,-1.52587890625e-05,-0.0001220703125,-0.00048828125,-5.036592483520508e-06
000c895f9ef6491894ac588634f3d2b5,deep,W3,a3_deep_W3,63663.6957660058,405425794.1884984,63034.17531232522,397447692.7285527,629.5204536805832,7978101.459945679,328847.7166359084,2192328414.164662,632.8584181076825,-0.0001631528139114935,0.010106563568115234,0.007088184356693006,7.896125316611546e-05,0.0013000965118408203,0.0006611347198486328,1.52587890625e-05,-0.00018310546875,0.0,0.00020281970500940494
000d1c5d169f4fda93a32f2eaeac80d8,deep,W3,a3_deep_W3,63388.92477962899,401921423.4955049,62762.37029091277,394015413.9459218,626.554488716225,7906009.549583137,329245.5177611255,2196766089.1903877,630.127016330138,-6.212294101720639e-05,0.017527341842651367,0.008771419525146484,-0.00012189149856567383,0.0008963346481323242,-4.9948692321777344e-05,-1.52587890625e-05,0.0,-0.000732421875,-1.0013580322321136e-05
00133744383047b888486d10548eb32d,deep,W3,a3_deep_W3,62070.2295186852,385428621.5431203,61455.86670028413,377836502.71090764,614.3628184010668,7592118.832212687,319666.5813810851,2065385478.7109482,617.0183303393916,-0.00020234286785128508,-0.0019836425781232236,-0.0016629695892333984,-0.0001075565814972479,0.0008310973644256037,-0.00015637278556829282,-2.2888183593699693e-05,-0.0001220703125,-0.00048828125,-0.00015279650688165836
0013d88f17a245b0bff5ebe713bd72ab,deep,W3,a3_deep_W3,65381.72390991092,427641726.17796665,64735.76436551585,419233559.75186175,645.9595443950675,8408166.426104903,341398.0233247273,2361342794.6433234,649.9367318991484,-7.79330730441008e-06,-0.0043582916259765625,-0.0033521652221679688,7.906556129450015e-05,0.00015561282634729556,0.00037020444869995117,-4.57763671875e-05,-6.103515625e-05,-0.000732421875,-8.627772331237793e-05
0015eb3cf53b4339b2d0532cf912ab26,deep,W3,a3_deep_W3,66105.1412695667,437215351.28840744,65450.66562265832,428601117.32490826,654.4756469083732,8614233.963499188,341010.2469647735,2355545693.78711,657.1279695480918,-7.715821266179868e-05,-0.0016683340072631836,-0.0053691864013671875,4.276633262628726e-05,0.0006249994039534967,-0.0010104775428771973,-4.57763671875e-05,-0.00018310546875,-0.0009765625,1.8388032913208008e-05
001e6d1b655542b48dbe00f3a3ccc616,deep,W3,a3_deep_W3,60942.151118714566,371500354.666011,60339.40036739436,364188039.11961854,602.7507513202072,7312315.546392441,310786.0263271761,1960505036.1238563,605.804499550635,-0.000320091843604986,0.020164251327512872,0.017573833465579725,-0.00011298060417180844,0.001705765724182129,-0.0005653500556945801,-3.0517578125e-05,-0.000213623046875,-0.00146484375,6.8247318267822266e-06
001f17841a2642e4a9fa2f9b1687aa1e,deep,W3,a3_deep_W3,66007.14635911105,435916833.2462302,65353.91139252566,427331659.05669796,653.2349665853908,8585174.18953222,342590.7065115338,2375813910.6148095,656.1538365941786,-4.926323890680484e-05,-0.006250143051145685,-0.006684064865112305,-5.424022674560547e-05,0.0004060566425322931,-0.0005345344543457031,-2.2888183593800307e-05,-6.103515625e-05,-0.00048828125,3.319978713989258e-05
0029e901155f414696aa6b470cbe40d4,deep,W3,a3_deep_W3,64995.63700275632,422536565.6068413,64353.31664053268,414226417.1035938,642.3203622236397,8310148.5032474995,339094.6954335292,2328125942.930826,646.0987776871904,-0.00011108815670018979,-0.003591775894165039,-0.0044941902160609,-6.67273998259943e-05,0.00011071562767023257,-0.0003204941749572754,-1.52587890625e-05,-0.00018310546875,-0.000732421875,9.307265281677246e-05
00317d7cb89c4f84b28090ec8eeb361a,deep,W3,a3_deep_W3,63213.58338748919,399730033.63624716,62589.081926142,391870978.9418393,624.501461347194,7859054.69440788,324019.84703061543,2128145603.1566482,628.384009193602,3.1083822250393967e-05,-0.003387928009033203,-0.006117820739746094,0.0002164393663405817,-2.759695053100586e-05,0.0003891587257385254,0.0,-0.0001220703125,0.000244140625,-2.139806747439299e-05
003245510e8f4bcb98f1794348606f68,deep,W3,a3_deep_W3,64036.08101182509,410183552.2318544,63402.78036167648,402110436.1741069,633.3006501486088,8073116.057747483,330634.3490380708,2212877694.2285676,636.560168921239,4.324316978460141e-05,-0.004423856735229492,-0.003975629806518555,-0.00011622905731209499,0.00043001770973205566,-0.0006983578205109198,-1.52587890625e-05,-0.0001220703125,-0.00048828125,-2.1964311599675934e-05
004459ae7559418fad89ddb73e140b56,deep,W3,a3_deep_W3,67679.68591861338,458259548.40655833,67009.49598998568,449229133.63410425,670.1899286277039,9030414.772454083,348061.7983722492,2451380429.0938416,672.7799643599872,3.320723772050338e-05,-0.007668733596801758,-0.006198883056640625,-0.00017918646335601807,0.0005479753017426092,-0.0002662539482116144,-3.0517578125e-05,0.0,-0.0009765625,-3.683567047124692e-05
0047b3f31cc844d2bfe8e59820b87312,deep,W3,a3_deep_W3,64548.85186423712,416775146.28727144,63910.07388585909,408567150.26575255,638.7779783780279,8207996.021518886,331387.510022497,2217611046.220786,641.6574436962056,5.152821540829744e-05,-0.0035506486892700195,-0.0023436546325683594,0.00022968649864196777,-9.939074516301938e-05,-0.0005249977111816961,-3.814697265630031e-05,-0.000244140625,-0.000244140625,-0.00010499358177179507
0048e8224b174b759771e39ff521ee2e,deep,W3,a3_deep_W3,62079.719701318645,385492639.29356885,61465.55676517119,377902820.55642587,614.1629361474552,7589818.73714298,319484.50213273015,2070725201.7163877,617.1126689085978,1.0639429092407227e-05,-0.010110139846801758,-0.009089708328245294,0.00013694167137151547,0.0003361105918883722,6.556510925292969e-06,-3.8146972655998465e-06,-6.103515625e-05,0.0,-6.848573684686832e-05
004a33ffd2654583822bdd2eed1241ba,deep,W3,a3_deep_W3,67112.9493117055,450701311.3761477,66449.457613417,441834385.2521057,663.4916982884897,8866926.124041975,346677.01219058025,2435414051.633063,667.1462349916874,-2.2612512111691574e-05,0.009545087814332831,0.00537872314453125,8.842349052429199e-05,0.00047650933265680484,0.000873565673828125,-3.0517578125e-05,-0.00018310546875,-0.0009765625,-4.7087669373113705e-06
0050d3fb84444ea1b9079a1575887aa1,deep,W3,a3_deep_W3,64324.886509530246,413884032.9865378,63688.16751482831,405731130.39437705,636.718994701936,8152902.592160761,331924.4485626241,2228238805.409966,639.4310828419492,-0.0001668781042098999,0.007445812225343573,-0.002837181091305041,-2.5779008865411956e-05,0.00027555227279663086,9.09566879273016e-05,-7.62939453125e-05,-0.0001220703125,-0.00048828125,9.298324584905426e-06
00519a09c83e410f9734b3cfe8bcb604,deep,W3,a3_deep_W3,64485.3943265428,415957438.6581611,63847.65850631965,407770831.9629637,637.7358202231553,8186606.695197403,334855.4925789491,2271964145.0740137,641.0266346230119,0.00010684132575980443,-0.00213623046875,-0.00091552734375,0.00026619434356689453,0.000295981764793396,-0.00027176737785339355,-3.0517578125e-05,-0.0001220703125,0.0,-4.291534423828125e-05
0053d2ac9bc14142bffaa42593c00a8a,deep,W3,a3_deep_W3,61394.42978166077,377007553.9342617,60787.59593357133,369591498.73069704,606.8338480894454,7416055.203564644,316330.92636312894,2022528575.8334374,610.3004427366544,-0.00011651217937469482,0.005726814270019531,0.005992650985721326,-0.00035978853702539615,0.0005944669246673029,-0.0006773471832275391,-0.0001068115234375,-6.103515625e-05,-0.001220703125,-0.00029352307319641113
005c0d7ccf7749f99a4cc8e88bda073d,deep,W3,a3_deep_W3,61297.49106066433,375801150.53219664,60691.40602819419,368406311.506218,606.0850324701387,7394839.025978625,311736.8482754294,1967577382.6369205,609.3368089908431,5.263090133661441e-05,-0.004151463508605957,-0.004309415817260742,1.6778707504327972e-05,-1.3411045075018002e-06,-0.00010627508163452148,1.52587890625e-05,-0.00018310546875,0.0,2.282857894897461e-05
005ee892a99b4ae8a26bb1c8123fdd80,deep,W3,a3_deep_W3,67587.77291858595,456954894.0103438,66918.48063056385,447949920.5070665,669.2922880221013,9004973.503277302,350215.56368219224,2480668828.977117,671.8662895394948,-2.2467225789999518e-05,0.0030863285064697266,-0.003647804260257459,0.00012990832328790836,-0.0004605352878570834,-0.00022140145301818848,-3.0517578125e-05,3.0517578125e-05,-0.00048828125,2.3245811462402344e-06
006ce7ce9e1b45558fe805882a705991,deep,W3,a3_deep_W3,58742.74146060561,345096625.1950601,58160.03466468347,338284113.69657606,582.7067959221386,6812511.498484015,297865.6897868085,1795993315.4860978,583.940941360147,2.5033950805664062e-05,0.008178949356080878,0.008143186569210314,0.00028949975967407227,0.0013272762298583984,0.001715242862701416,-6.484985351559985e-05,-0.00018310546875,-0.0009765625,-0.00043779611587518863
006d40ce26e64b4c930124ddae278c05,deep,W3,a3_deep_W3,63533.75090203894,403799004.3394338,62904.94022764792,395845693.03166115,628.8106743910175,7953311.307772636,328855.7380839318,2191948470.2995877,631.5666818981863,-6.939470767969302e-05,0.0009047985076904297,0.0006282329559326172,-0.00012499094009399414,-0.0001621842384338379,0.00011181831359863281,-3.0517578125e-05,-0.0001220703125,0.0,-3.5494565963689606e-05
00713006ea594a598ad966c5b36c7922,deep,W3,a3_deep_W3,66447.48999077865,441620096.27586126,65789.02399273166,432911288.22828734,658.4659980469878,8708808.047573924,341744.5953165431,2360444574.2745085,660.5311378301172,4.0166079998099624e-05,-0.01006841659546076,-0.009802579879760742,0.0003099888563156128,-6.854534149169922e-07,-0.0002364814281463068,-3.814697265630031e-05,0.0001220703125,-0.000244140625,-0.00024390220642089844
0078e62e7d774effa973885c78ffbf6a,deep,W3,a3_deep_W3,64756.856855553364,419545802.8089683,64115.40967250353,411275655.12285674,641.4471830498369,8270147.686111569,333571.00316552655,2249867738.5676756,643.7251481889941,-0.00029928982257837466,0.015575885772706854,0.010938644409186793,7.82012939453125e-05,0.0011376738548278809,-0.00018703937530517578,-3.814697265619969e-05,-6.103515625e-05,-0.000244140625,-6.395578384404965e-05
007ced0c381749a394866f5fa71fd303,deep,W3,a3_deep_W3,64800.35867200913,420022460.77800596,64158.14221759081,411738573.7483998,642.2164544183252,8283887.0296061635,334678.2223715025,2266238279.383494,644.1575844529552,-0.00015842914581301604,0.00046730041504083886,-0.0015056133270263672,-1.4394521713201325e-05,0.0011730790138245184,-0.0013546943664550781,-4.1961669921899286e-05,-0.0001220703125,-0.00048828125,-0.00013339519500729646
00820ef5fe4843cf8beef97281048215,deep,W3,a3_deep_W3,65119.94671317077,424160076.1185439,64476.06763913813,415813831.00883204,643.879074032644,8346245.109711885,337649.9214883517,2307392941.9943185,647.334496816307,-6.866455078122224e-05,-0.00308990478515625,-0.0024390220642089844,-7.17937946319025e-05,4.528462886810303e-05,0.0004051625728607178,-4.57763671875e-05,-6.103515625e-05,-0.00048828125,3.188848495477847e-05
008f8f5241b947f29838e2a780e3790a,deep,W3,a3_deep_W3,59185.85534986116,350308982.84420425,58601.01677882145,343420080.13089114,584.8385710397051,6888902.713313103,295859.38648604386,1779608657.4454708,588.3457807528602,5.227327346801758e-05,0.00195920467376709,0.0019061565399187685,-8.264183998102359e-05,-6.253272294999557e-05,-0.00014987587928766422,-0.0001296997070311997,-0.0001220703125,-0.001953125,-3.975629806518555e-05
0092c97c01714eb98d6f4b635c5ee9ec,deep,W3,a3_deep_W3,63033.54118268534,397435799.44815433,62410.43899902609,389617128.14424515,623.1021836592481,7818671.303909183,326556.91953237803,2163119602.097874,626.5942729309828,7.174909114840422e-05,0.004891157150266778,0.0035202503204345703,8.705258369445801e-05,0.0008651316165924072,0.0014516115188598633,-7.629394531199693e-06,-0.00018310546875,-0.000732421875,-4.652142524719238e-05
00a1a602456f4eb188b522d7ef19e81b,deep,W3,a3_deep_W3,64512.484602562356,416290230.4973167,63873.72249650477,408087461.7721643,638.7621060575839,8202768.725152433,332539.15473276685,2233770556.3869314,641.2959295331101,-2.1457672119196136e-05,-0.007611513137817383,-0.005222558975216174,-5.812942981719971e-05,-0.00018236041069030762,-0.0005212128162384033,-7.629394531199693e-06,-6.103515625e-05,-0.00048828125,5.1528215408325195e-05
00a1d892548542c7ab83565070737d6b,deep,W3,a3_deep_W3,64206.671028747776,412352216.84915304,63573.085836040744,404254059.09579253,633.5851927070325,8098157.75336051,332072.68662738445,2232218096.1932645,638.2559443071269,-5.689263343811035e-05,-0.0005957484245300293,-0.00042796134948552833,-0.0002244114875792902,1.911073923109574e-05,0.0,-3.814697265630031e-05,-0.0001220703125,-0.000244140625,-0.00014823675155639648
00a38a2327cd41b885d6ebbb6ac0a91c,deep,W3,a3_deep_W3,64373.511766828204,414534179.4787418,63736.02235482819,406364760.4756931,637.4894120000172,8169419.003048718,333553.9716450526,2254204912.751967,639.9144494301343,0.00016492605209350586,0.015583038330078125,0.01138448715209961,0.0004960596561431885,0.00035980343818659,-3.147125244140625e-05,-3.814697265630031e-05,-0.00018310546875,-0.000732421875,-0.00017899274826049805
00a69ec5e0cb4e1b9c6d6285bde5de3e,deep,W3,a3_deep_W3,65524.79171865087,429484617.73736453,64877.4164324498,421040282.7556691,647.3752862010733,8444334.981695414,340123.12039906887,2342653564.5253453,651.3589186891529,-2.6836991310091873e-05,-0.002624988555908203,-0.0018918514251708984,0.00011643767356867007,-0.00024546682834619693,-0.00019726157188421078,-3.0517578125e-05,-6.103515625e-05,0.0,-3.325939178466797e-05
00a776f578304cce8c096fc0034582ef,deep,W3,a3_deep_W3,64418.00985352626,415086382.9580238,63780.85409539443,406915957.99562746,637.1557581318266,8170424.962396324,335036.74686231336,2271685871.083462,640.3567892663269,-2.706050872811061e-05,-0.001996159553527832,-0.0009381771087646484,-9.450316429132632e-05,0.0002105832099915106,0.00023663043975830078,-7.629394531199693e-06,-0.0001220703125,-0.000244140625,1.6123056411798675e-05
00a97894440b42ebbde2435e9430106c,deep,W3,a3_deep_W3,63669.47294070877,405462165.14730734,63039.57880036897,397479218.17346644,629.8941403398057,7982946.973840892,326910.0521804713,2157166775.430453,632.9158469703906,1.367926597600766e-05,0.004193782806394708,0.0038230419158935547,-0.000327527523040827,0.0008758306503295898,0.0008272528648376465,-3.0517578125e-05,-6.103515625e-05,-0.0009765625,4.9591064453097244e-05
00a9925ae746466b91ce457c67bef43f,deep,W3,a3_deep_W3,64099.35552557368,410971908.4239038,63466.39115145634,402895413.22642803,632.9643741173422,8076495.197475791,331119.9668720749,2217809340.869504,637.1891586177317,-1.646578311920166e-05,-0.0051116943359375,-0.004806518554683947,4.547834396359529e-05,6.121397018432617e-05,0.0001907646656036377,-1.52587890625e-05,-0.000244140625,0.0,-3.8176774978582184e-05
00ae6eda19634ee6b0a4a52789c9ff90,deep,W3,a3_deep_W3,63121.43421589099,398583049.2551135,62497.17570408564,390738246.6844051,624.2585118053539,7844802.570708394,326200.45985394856,2153832108.172841,627.4679866745528,-0.0001825839281082986,0.010273456573486328,0.009628534317020154,-2.6792287826482575e-05,0.0006812214851379395,0.0011132359504699707,-1.52587890625e-05,-6.103515625e-05,-0.000244140625,-4.94867563246848e-05
00bc54b70fea4c94bf54bdb4d041522c,deep,W3,a3_deep_W3,63648.56840953841,405210711.08538395,63019.58424146731,397241659.9702318,628.9841680711033,7969051.11515218,327214.34479553514,2161344172.5908017,632.7080423751881,-5.242228507998381e-05,-0.00774741172790705,-0.01043081283569336,9.533762931820955e-05,-0.0005437731742858887,-0.0003463625907897949,-2.6702880859400153e-05,-6.103515625e-05,-0.0006103515625,-6.207823753356934e-05
00bf94f9be9346d5bf6fcdb88e0f68c3,deep,W3,a3_deep_W3,63315.4794108574,400978972.43099767,62689.59620054256,393090641.11068326,625.8832103148379,7888331.320314407,325017.1939928162,2132825075.5221288,629.3969217395102,-6.917119026181306e-05,-0.0026297569274902344,-0.004163980484008789,8.609890937799625e-05,0.0001564174890517911,6.169080734308441e-06,-7.629394531300307e-06,-6.103515625e-05,0.0,-2.473592758178711e-05
00c01670fa9545fc82e1fbfb9f70a259,deep,W3,a3_deep_W3,64749.54913881359,419427091.52188957,64108.78648541397,411167271.18333006,640.7626533996226,8259820.338559508,335827.9583978251,2285753150.7472024,643.6525047459729,-0.0002263486385346014,-0.007852911949157715,-0.007907152175901544,-0.00014202296733861752,0.00024825334548950195,0.00020781159400939941,-1.52587890625e-05,0.00018310546875,-0.0009765625,6.988644599920102e-05
00c1673e7c8e4c2fbc0c9a1084acc067,deep,W3,a3_deep_W3,60972.53924127619,371845884.03662527,60370.11615389257,364534204.9909352,602.4230873836132,7311679.04569006,310355.8207026571,1955632305.2954786,606.1065771938225,-0.00018906593322759457,-0.004348754882814276,-0.0022482872009241817,2.372264862060547e-05,0.0007999539375305176,0.0003184080123901367,-3.0517578125e-05,-0.00018310546875,-0.0003662109375,-8.770823478704282e-05
00c5fc33cf54446093cca570c2ac5db0,deep,W3,a3_deep_W3,63356.53939988771,401533066.83626974,62728.91698643363,393617245.7403157,627.6224134540826,7915821.095954061,328679.4067027339,2182790068.7923527,629.8050846554796,-0.0002505928277969083,0.0181770324707049,0.014734268188476562,-0.00016218423843381014,0.0008390545845031738,0.00010854005813598633,-2.2888183593699693e-05,-6.103515625e-05,-0.000244140625,-6.461143493652344e-05
00cc1d02ab5c4e1abcbc080bbdc6bdc4,deep,W3,a3_deep_W3,59199.605375727035,350520664.018176,58613.642238888904,343615998.4751562,585.9631368381306,6904665.543019831,301109.06795202434,1847043656.881886,588.4824649260567,0.00013273954391479492,0.00177860260009588,0.0034749507904052734,0.0006295442581176758,0.0001474320888519287,-0.00019612908363347836,-6.866455078119969e-05,0.0,-0.001220703125,-0.00024071335792541504
00d319b11c2c41c6b9a36287abf6922e,deep,W3,a3_deep_W3,66304.05927431531,439753324.9753288,65648.72045687879,431103494.4460599,655.3388174365246,8649830.52926892,343799.6642977583,2388860222.915244,659.1053435020176,-9.275227785109086e-05,0.003082752227783203,-0.0002694129943847656,0.00016066431999209319,-0.00030094385147094727,-0.000447690486907959,-7.62939453120056e-06,-0.00018310546875,-0.0003662109375,-3.8504600524902344e-05
00d9bd8bee204fe3a42c320ce24a32fd,deep,W3,a3_deep_W3,60870.87489771909,370550280.1092453,60269.64191797068,363266350.82978904,601.2329797484126,7283929.279456258,306660.7349786532,1907012286.8296957,605.0959676954677,-0.00022396445274347476,-0.001951456069946289,-0.0018393993377685547,2.5451183319091797e-05,-1.2487173080499847e-05,-0.0007880032062529962,-3.814697265630031e-05,-0.0001220703125,-0.000244140625,-0.00023543834686279297
00da1beacd7e456f81bcdd0343048166,deep,W3,a3_deep_W3,65636.44374608377,430984503.5911988,64987.571410449505,422505462.2259338,648.8723356342598,8479041.365265012,337901.0392812845,2307366751.2262683,652.4688122416637,-1.899898052210025e-05,0.007654428482055664,0.0038433074951171875,0.00016862154006952457,0.0007623136043548029,0.0009396076202393133,-7.629394531300307e-06,-6.103515625e-05,-0.00048828125,2.580881118768863e-05
00db57d6cb5540089860f0de1d2c643d,deep,W3,a3_deep_W3,63526.43875525267,403729661.1720958,62898.12755004977,395783195.8539518,628.3112052028955,7946465.318143964,327246.99528490123,2168071422.5198913,631.49399441763,-0.00014419853687280826,-0.0010037422180175781,-0.0019669532775878906,4.494190216070004e-05,-0.0002314448356628418,-0.0009314417839050293,3.8146972655998465e-06,-0.0001220703125,0.000244140625,-7.182359695379059e-06
00ddbd37e24c43569cb77919361bfaa9,deep,W3,a3_deep_W3,67266.75337951792,452630751.0103366,66600.64100932104,443710990.8324188,666.1123701968754,8919760.177917778,345569.2701185894,2416584047.572978,668.6751471587104,-2.0749866962391228e-05,-0.003908872604370117,-0.003745555877685547,5.1349401473999023e-05,0.0009129047393798828,-0.00015532970428466797,-2.2888183593800307e-05,0.0,-0.0009765625,4.863739013671875e-05
00e99d9188c64441b8ae7a3f73f37164,deep,W3,a3_deep_W3,66225.3556104208,439007114.15322423,65568.7439618134,430345463.14282036,656.6116486074025,8661651.010403872,341690.3421336357,2366826421.217922,658.3229780481703,-0.00015337765216821841,0.014544725418092597,0.007708072662349963,-4.023313522338867e-05,0.0002225637435913086,-0.00060272216796875,-1.52587890625e-05,-6.103515625e-05,-0.000732421875,1.683831214904785e-05
00ea067d2d0d4e5abbe36abcdd2117b9,deep,W3,a3_deep_W3,62169.073117070075,386550982.842598,61555.344137782275,378956586.80364937,613.7289792878,7594396.038948655,319911.0857815606,2075259232.6983676,618.0008998016456,-1.2814998626653473e-05,-0.0013011693954476655,-0.0014781951904296875,0.0001989305019378662,-0.00015720725059509277,-0.00043451786041259766,-4.57763671875e-05,6.103515625e-05,-0.001220703125,-0.0002622306346893033
00ed0007c9c84409adb2e257fad235d1,deep,W3,a3_deep_W3,62039.92784339061,384993853.92789704,61426.817870099425,377422097.5661486,613.1099732911825,7571756.361748457,320656.2622380982,2078420063.9524758,616.717112038094,-9.751319885248355e-05,0.007927417755125177,0.0073778629302978516,-0.00010254979133600406,0.000247418880462702,9.09566879273016e-05,-4.57763671875e-05,-6.103515625e-05,-0.00048828125,-2.7000904083196442e-05
00ef198a19a8403d903dbfa7cfaaf9bd,deep,W3,a3_deep_W3,65759.50504756052,432615405.6000706,65108.25530160785,424089243.29453564,651.2497459526712,8526162.305534959,339463.2709659041,2332447239.987934,653.6921213764193,3.6761164665305435e-05,0.0006139278411865234,0.0013816356658935547,5.811452865600586e-06,-9.685754776000977e-07,0.0005518496036528986,-3.0517578125e-05,0.0,-0.00048828125,-3.796815872192383e-05
00f9cb1a42b4498e838107f82557c9f3,deep,W3,a3_deep_W3,63743.36518542397,406494927.7846155,63112.273310871715,398485845.2347142,631.0918745522577,8009082.549901307,328511.7935689623,2181576999.618032,633.650383797671,-6.309151649469547e-05,0.0053334236145037295,0.003769397735595703,7.070600986480713e-05,0.0003647804260253906,0.0005772113800048273,-1.1444091796800407e-05,-0.0001220703125,-0.000244140625,-1.424551010131836e-05
00fa05ae10834647a8bf00c5a5a899a1,deep,W3,a3_deep_W3,67421.1021783474,454824131.6724941,66752.06492230007,445842650.52890354,669.0372560473334,8981481.14359057,347131.5190449735,2438710216.013838,670.2094743052694,-7.287412881849809e-05,-0.0015342235565185547,-0.002667903900150037,-2.154707908630371e-05,0.0002886950969696045,-0.0002200603485107422,-3.0517578125e-05,-6.103515625e-05,-0.00048828125,-3.0487775802612305e-05
00fab46ab0134de8b7c6b39f9ef2f708,deep,W3,a3_deep_W3,64254.420325949555,412977929.3210676,63618.509735740896,404844148.64064443,635.9105902086594,8133780.6804231405,335155.76444948907,2272389281.476492,638.7306032839467,-1.3038516044699966e-05,0.0012362003326416016,-0.0015187263488769531,0.0001169741153717041,-0.00011235475540158357,-6.577372550969907e-05,-1.52587890625e-05,-0.0001220703125,-0.000732421875,-1.4841556549016754e-05
00fadd5980ed4228bc28217eb11c5d27,deep,W3,a3_deep_W3,64437.427820847675,415342119.439247,63799.03490151958,407153260.5605784,638.3929193280928,8188858.878668606,332661.1843953414,2239799794.925484,640.5498164529208,-6.915628910059146e-05,-0.0030374526977539062,-0.0029838085174560547,0.00011894106864920873,8.19563865661066e-05,-0.0007764101028442383,0.0,-6.103515625e-05,0.0,4.857778549194336e-06
00fd070ec367496582cb9410fb8d84a2,deep,W3,a3_deep_W3,66768.41513691738,446104511.5486181,66107.99684451164,437323448.6077661,660.4182924057386,8781062.940851986,343946.1397572677,2396021674.928579,663.7213418839759,-9.891390800467748e-05,0.02235531806945623,0.012469291687018824,-3.939867019661647e-05,0.0003113448619841974,-0.0005506277084350586,-5.340576171880031e-05,-0.0001220703125,-0.000732421875,-8.675456047058105e-05
00fe064ec39f4f42a8301f6699c37455,deep,W3,a3_deep_W3,65782.6244214302,432897991.90892494,65131.54160537384,424371417.0469335,651.0828160563615,8526574.861991465,338583.55016722466,2317195232.9459963,653.9219429442496,-0.00034061074256888646,0.023365020751953125,0.0071287155151402715,-0.00010490417480471526,0.0014473795890808105,-1.7583370208740234e-05,-6.103515625e-05,-6.103515625e-05,-0.000732421875,-8.338689804077148e-05
00fe7b40923644c3bf15be6fcb8195c2,deep,W3,a3_deep_W3,64891.07359844535,421246279.28389,64247.33218704254,412930183.14533037,643.741411402807,8316096.138559639,335111.67231342185,2275100503.306936,645.0593496450703,-0.00017027556896209717,0.011934041976928711,0.005514621734615588,9.298324584988693e-06,0.0017597079277038574,-0.0009180307388305664,-3.4332275390600714e-05,-0.0001220703125,-0.001220703125,5.4508447647094727e-05
01052f325d2a4422bf1dea6567d78347,deep,W3,a3_deep_W3,57184.385827375205,327018778.7050813,56618.15338067274,320574648.64406455,566.2324467024664,6444130.061016738,285249.38867674855,1660402287.8501205,568.4498758630981,0.0003234446048736572,0.009312629699707031,0.00907182693481623,0.0006477832794189453,0.0024848878383636475,0.0013674795627593994,-0.00011444091796869969,-6.103515625e-05,-0.00341796875,0.0001443922519683838
0116e8e2de78456cab731ff73f65349f,deep,W3,a3_deep_W3,64319.61504874063,413892798.0075652,63682.97994659699,405739980.19999325,636.6351021436349,8152817.807571948,329911.38974823203,2197132795.6215034,639.3786811034654,-0.00024312734603881836,0.020064115524291992,0.014147758483883166,0.00038442015647888184,0.0002135634422302246,0.00035500526428222656,-1.1444091796800407e-05,-6.103515625e-05,-0.00048828125,5.462765693670102e-05
0118607beaed4571b94615a611bab570,deep,W3,a3_deep_W3,65110.31193257193,424059266.28819984,64466.18073517904,415710549.3383831,644.1311973928896,8348716.949816763,339075.8088490855,2325436237.1311646,647.2387208495611,-4.8071146011380295e-05,0.0065135955810546875,0.004591941833496094,2.457201480868254e-05,0.00022903084754938297,0.00017970800399780273,-6.103515625e-05,0.0,-0.0009765625,-8.693337440490723e-05
011a2229b2f949ffaac35b39e9ee9d78,deep,W3,a3_deep_W3,63676.31415183596,405575999.09541804,63046.526454237035,397593068.8222884,629.7876975989275,7982930.273129642,330890.3350464043,2217274842.456148,632.9838530451212,-0.0001332759857178012,0.002216100692747247,0.0014555454254185918,-0.00021973252296447754,0.00010856986045831851,-0.0006891489028931219,-7.629394531199693e-06,-0.0001220703125,-0.000732421875,7.385015487668123e-05
011e8dd9d04e4257b4c094b9cf279280,deep,W3,a3_deep_W3,61337.21685852905,376291163.9196833,60731.49416308539,368895805.77416813,605.7226954436628,7395358.145515144,314648.71976959123,2005611614.225561,609.7317091814813,-3.0547380447387695e-05,-0.003305673599243164,-0.003402233123779297,-0.00016915798187250308,4.856288433077727e-05,-0.0001406371593475897,1.52587890625e-05,0.0,0.0,-7.390975952092926e-06
012323854937400b839b3bedf4faa010,deep,W3,a3_deep_W3,64948.137862557734,421963306.4661229,64305.268838577256,413651478.4828235,642.8690239804782,8311827.983299434,337452.1495684581,2305312695.205394,645.6266054331944,-6.760656833648682e-05,0.0009775161743164062,-0.0003540515899658203,-0.00011128187179568205,-8.690357208251953e-05,-6.437301635742188e-05,-7.629394531199693e-06,-0.0001220703125,-0.00048828125,8.729100227350406e-05
0123ecfeeaf14efc8183597f2099e925,deep,W3,a3_deep_W3,62341.506965370914,388722730.23150766,61724.13597975453,381061828.79833597,617.3709856163841,7660901.4331716895,320323.4510814894,2069499821.8851423,619.7150040670497,8.866190910339355e-05,0.00023365020751953125,-0.0018393993377685547,0.000244677066803034,-0.0002372264862061102,-0.0009979903697968084,-4.57763671875e-05,0.0,-0.000244140625,-0.0001538991928101141
012648b0eed74f67ad28527119aac2c4,deep,W3,a3_deep_W3,60651.64110422386,367919507.44276094,60052.35532202394,360684679.90008616,599.2857821999205,7234827.54267478,305496.4217006257,1897448969.4096098,602.9166416277967,-0.0003941655158996027,0.014215707778930664,0.013387203216552734,-0.00013008713722229004,0.0008352398872375488,-0.0006023645401000977,-7.629394531199693e-06,-6.103515625e-05,-0.00048828125,1.2487173080388825e-05
012989686a534d73bd7989501e713630,deep,W3,a3_deep_W3,66947.77234676678,448350298.5446862,66285.2411273595,439520493.14117974,662.5312194072758,8829805.403506458,345811.8041634943,2418531020.375809,665.5042688525685,-8.73953104019165e-06,0.0001138448715209961,-0.0033736228942871094,-8.034706115722656e-05,0.0005357414484024048,-0.0014731585979462225,-1.52587890625e-05,0.0,-0.00048828125,1.639127731267731e-06
012a565d39a644ea89685ae6cd4e5d8c,deep,W3,a3_deep_W3,59111.58714041432,349466155.033037,58526.575046556594,342583258.71110076,585.0120938577238,6882896.32193625,300602.43020325835,1831107540.3951674,587.6075065923563,0.00015413761138910465,-0.0012063980102539062,4.887580871582031e-05,9.861588478082828e-05,0.0005230903625488281,0.00020807981491088867,2.2888183593800307e-05,-6.103515625e-05,-0.000244140625,1.6570091247558594e-05
012c0d5217494d12881d6b089bed0232,deep,W3,a3_deep_W3,62887.12860729776,395577699.34923196,62265.6620122443,387797883.0975113,621.4665950534618,7779816.251720667,320544.8719728898,2075864326.7757778,625.1388369916145,9.681284427640047e-05,-0.0021481513977033018,-0.0012707710266113281,0.00014767050743097476,0.0003497600555419922,-0.00022479891777044125,1.52587890625e-05,-0.0001220703125,-0.000244140625,5.105137825012207e-05
012d625661ad4c76b706f410b9be0640,deep,W3,a3_deep_W3,66942.25342525067,448302197.02506924,66279.56686882708,439470635.1513668,662.6865564235923,8831561.873702466,344974.8242610018,2406502054.4629254,665.4494071939998,3.921240568159623e-05,-0.0018268823623657227,-0.0027358531951904297,-0.00024859607219690494,0.00014500319957727603,0.0007350444793701172,-1.52587890625e-05,0.0,-0.00048828125,-6.85453414861481e-07
013c9572481f47a3adb59c76a934e1e4,deep,W3,a3_deep_W3,63563.3744846552,404162515.7270964,62934.92731101363,396210312.0889406,628.4471736415726,7952203.638155758,332422.44596222095,2237497976.293928,631.8611595185575,0.0001782476902007779,-0.0030171871185302734,-0.0006842613220214844,8.150935173040219e-05,0.00040732324123390895,-0.0002943277359008234,-6.103515625e-05,0.0,-0.00048828125,-7.990002632141113e-05
013ff6659943447a9a569fdcbcd3abdb,deep,W3,a3_deep_W3,63016.85067726595,397243390.549938,62393.45338080756,389422864.246591,623.3972964583954,7820526.303347051,328915.12020190444,2193203744.722816,626.4283584842948,7.489323616030608e-05,-0.0024127960205078125,-0.0026094913482666016,-2.7596950530978104e-05,0.00020612776279449463,-0.0010716319084166925,-2.2888183593800307e-05,-6.103515625e-05,-0.000244140625,-8.377432823181152e-05
0144192045784fc8906de276b4e09eaa,deep,W3,a3_deep_W3,64960.66946381191,422061632.75966626,64318.3628791291,413756625.2929499,642.3065846828104,8305007.466716349,336058.84725730337,2282845883.9098463,645.7511776756734,-2.4735927581703843e-05,0.001479387283323419,0.0010251998901367188,-0.000299453735351618,0.0002491325139999945,0.0006580352783203125,0.0,0.0,-0.0009765625,9.47713851929266e-05
014a10fd129844228a18b568b069661d,deep,W3,a3_deep_W3,64897.874286336366,421255729.7791642,64256.28614667019,412967814.92996776,641.5881396661789,8287914.849196434,337768.0933462764,2308724243.7970533,645.1269528925565,1.2457370758112152e-05,-0.006102323532104492,-0.006009340286254883,-2.826750278481227e-05,-0.00032845139503479004,6.29723072052002e-05,-6.103515625e-05,-6.103515625e-05,-0.0009765625,4.0471553802490234e-05
014ca29813304ce68204fb48dc217636,deep,W3,a3_deep_W3,67225.80283243084,452176267.1399405,66560.12782341914,443266077.8236555,665.6750090116984,8910189.316285014,347331.9882670371,2442721780.188325,668.2680721666235,-0.00013144314289090242,0.02118945121764959,0.01058816909790039,4.1633844375582596e-05,0.0007885098457335871,0.0003814101219177246,-8.392333984369969e-05,-6.103515625e-05,-0.000732421875,-3.692507743829898e-05
014ccee408664909b71f80702d003e14,deep,W3,a3_deep_W3,64291.837756845605,413482056.42841583,63656.16126857514,405345970.73704374,635.6764882704665,8136085.691372097,330609.1081058438,2212315554.011526,639.102556810075,-0.00014206767082208804,0.009515285491941583,0.007796287536621094,3.859400749200992e-05,-0.0002814829349517822,-0.00041300058364868164,-3.814697265619969e-05,-0.0001220703125,-0.00048828125,-9.006261825567075e-05
01531de593f3468084dab12f6515e8e1,deep,W3,a3_deep_W3,65165.44196449448,424825306.16108054,64520.8627469898,416462685.38164043,644.5792175046809,8362620.779440105,340647.9727378618,2349426122.988505,647.7867491154818,4.71174716950018e-05,-0.003820657730102539,-0.0042760372161865234,-6.321072578430176e-05,0.0003568604588508051,0.0006379187107086182,3.814697265619969e-05,-0.00018310546875,-0.00048828125,0.0001829862594603937
0154c6fe068243d4b2d5a704dad1cbc6,deep,W3,a3_deep_W3,64626.623028037466,417787941.3450761,63986.61056086575,409554193.40233624,640.0124671717131,8233747.942739844,336092.96478703595,2288010737.686952,642.4305394944446,-0.0001766383647918146,0.010426044464111328,0.00324249267578125,-3.573298454279117e-05,6.896257400507144e-05,6.282329559331723e-05,-3.0517578125e-05,-6.103515625e-05,-0.0009765625,0.00014460086822509766
01551e922711450f92b50843d4e0f2be,deep,W3,a3_deep_W3,64496.89872674026,416112882.98748356,63859.134233313336,407924306.2754524,637.7644934269265,8188576.712031186,334206.4190901116,2259773357.238953,641.1409958209072,-7.145106792449951e-05,0.0056850910186749815,0.0041019916534459355,-2.729892730710115e-05,-0.00031006336212163754,-4.63426113128107e-05,-2.2888183593699693e-05,0.0,-0.000244140625,-7.659196853582184e-06
0157b39c4b434ceba885ddace4f5b9bd,deep,W3,a3_deep_W3,65722.02068406143,432207022.53855914,65070.7844339127,423684359.0886655,651.2362501487296,8522663.449893653,340903.17006022757,2355321274.1926236,653.319502496815,2.0563602447509766e-05,-0.007663369178771973,-0.007001161575317383,-1.354515552520752e-05,-0.0007899254560470859,-0.0003358125686645508,-3.0517578125e-05,-6.103515625e-05,-0.00048828125,-9.959936141962222e-05
0158a691a8a64bd39527c6f9e750c8ee,deep,W3,a3_deep_W3,61998.30633056469,384459761.34174025,61384.455453108356,376884378.9003826,613.8508774563306,7575382.441357672,316895.0261167619,2032608745.778642,616.3033672114808,-4.652142524719238e-05,0.016423463821411133,0.013529062271121717,-0.00015866756439208984,0.0012146532535552979,0.0004620850086211603,-3.0517578125e-05,-0.0001220703125,-0.001220703125,1.7046928405706208e-05
015c200ce786438c8e35ddf635d1e236,deep,W3,a3_deep_W3,62990.45280072394,396881997.22999954,62367.79106746294,389074333.03911924,622.661733261004,7807664.190880299,324556.5433344952,2126319774.905824,626.1659464739839,-0.00016693770885470305,-0.005882978439329278,-0.006439685821533203,2.2947788238802946e-06,0.0005385130643844049,-0.00022080540657037906,-3.0517578125e-05,-0.00018310546875,-0.000244140625,-0.0001278519630432129
015d02aa38e04950825ec5f8dc3d533d,deep,W3,a3_deep_W3,65879.90823836495,434200508.77786887,65227.90245170241,425648763.8477298,652.005786662543,8551744.930139065,339581.68648298224,2331916970.1258674,654.8890071674622,1.233816146850586e-05,0.01779198646545055,0.00925302505493164,-1.671910285949707e-05,0.0004793703556060791,-0.0006535649299621582,-7.629394531300307e-06,-0.0001220703125,-0.00048828125,-2.300739288330078e-05
015ee6e84a2d49e9b87dca6fdc4d49b4,deep,W3,a3_deep_W3,63619.43635469697,404820545.44860363,62990.45608851086,396855588.4003662,628.9802661861104,7964957.048237443,328934.551518658,2188993497.856893,632.4184508596256,-2.630054950709948e-05,0.0012075901031476377,0.004119873046875,3.8504600524902344e-05,2.6002526283291916e-05,0.00032767653465265445,-0.0001220703125,-0.0001220703125,0.0,-8.764863014221191e-05
016576dd30c1464f9115584748950ed2,deep,W3,a3_deep_W3,66091.83602090024,437088307.5713953,65438.79045160608,428493874.6264672,653.0455692941614,8594432.94492805,343087.7940018455,2385385610.5133867,656.9957067486695,-0.00011642277240750398,0.00954747200012207,0.007598400115966797,-7.53104686736783e-05,0.00044032931327819824,-0.00021833181381220035,-3.0517578125e-05,-0.0001220703125,-0.00048828125,-6.0498714447021484e-06
01688042f526490ba8fe14aace17a558,deep,W3,a3_deep_W3,64530.99668387711,416521769.0416428,63892.26470671944,408317122.18331146,638.7319771576658,8204646.858331323,335425.55404533504,2275688601.941348,641.4799516253839,-0.00011931359767911043,0.013548135757448065,0.008538961410526014,1.960992813107576e-05,0.0001347064971923828,0.00047916173934936523,-1.52587890625e-05,-0.0001220703125,-0.000244140625,3.451108932500668e-05
0169a7e8458246b1b371706f507ec511,deep,W3,a3_deep_W3,66432.96862154239,441480933.8780405,65775.19443476328,432782109.13971156,657.7741867791046,8698824.738328934,344450.350033641,2399566196.1682363,660.3867860036478,-8.17254185676991e-05,0.013189315795898438,0.004063844680786133,0.00023406744003290347,0.0007604062557219904,0.0002967417240142822,-6.103515625e-05,-6.103515625e-05,-0.0009765625,3.096461296081543e-05
0170db45fb744c4b91ffdf97a3f75ea3,deep,W3,a3_deep_W3,60441.67588366565,365397032.5646499,59843.89867471171,358205225.56528413,597.777208953943,7191806.999365747,312868.8997412171,1982813984.3231602,600.8294511852484,-2.8342008590698242e-05,-0.0023815035820007324,-0.00035881996154785156,0.00023710727691655942,-5.7492405176197414e-05,-0.00012184679508209229,0.0,0.0,0.0,-2.0921230316106598e-05
017c41aac5db41f3bfe2f7938a4834d1,deep,W3,a3_deep_W3,65386.89192527886,427715763.67561495,64740.612254282365,419302450.46799356,646.2796709964969,8413313.207621396,337629.5229477585,2307677061.746278,649.9881053230622,-2.2068619728005112e-05,-0.005011558532714844,-0.004616975784301758,-0.000198781490326011,0.0005816221237183172,6.908178329467773e-05,-7.629394531300307e-06,0.0,-0.000732421875,9.545683860778809e-05
017e5dfc6d0d4c12b3f1196d85a16c9b,deep,W3,a3_deep_W3,63461.01832717528,402831063.3314605,62833.73716222526,394907019.8619705,627.2811649500218,7924043.469489992,328729.4404648206,2186093713.9580584,630.8436729412088,1.8268823623601715e-05,-0.003217458724975586,0.00037670135498046875,-3.7550926208496094e-06,-7.611513137820158e-05,-0.00018832087516779117,-3.0517578125e-05,-6.103515625e-05,-0.00048828125,-7.659196853637695e-06
018034e069134727b9e6e5627234f42f,deep,W3,a3_deep_W3,65161.394011656004,424802306.4213747,64517.02142752496,416442469.80426884,644.3725841310443,8359836.617105842,338644.6420993402,2324423750.565721,647.7465098394058,-0.00011202692985531892,0.00912785530090332,0.0022554397583007812,-4.6700239181574066e-05,0.0003682374954224188,1.8775463104803158e-06,-1.52587890625e-05,-0.0001220703125,-0.000244140625,-1.9609928131103516e-05
018487b190aa472caf198b265a3b4d61,deep,W3,a3_deep_W3,65299.653896839125,426576271.1183808,64653.21713896863,418172310.08650887,646.4367578704987,8403961.031871915,336358.9695930419,2288123647.764515,649.1209027515977,-3.8370490074102204e-05,0.008053779602049005,0.004773139953613281,5.094707012179289e-05,-0.00013175606727600098,0.0002588629722595215,-2.2888183593699693e-05,-0.00018310546875,-0.000244140625,-1.7911195755004883e-05
0184e485100e433c9032f2132e99e095,deep,W3,a3_deep_W3,62967.398916570884,396643655.4757206,62343.277291643266,388819793.4773081,624.1216249276185,7823861.99841249,325939.88469375967,2154542163.0207124,625.9367759164031,8.32974910736084e-05,-0.004889965057373047,-0.0030279159545898438,0.00011295080184930972,3.4183263778686523e-05,-0.00012546777725219727,-4.57763671875e-05,0.0,-0.000244140625,-0.0001976490020751953
018f683e86ea42eb8e98935e890eb9fd,deep,W3,a3_deep_W3,63861.021968308654,407962859.2347805,63229.885001156246,399939181.38732684,631.136967152408,8023677.847453654,331461.7303602033,2227791687.9088535,634.8199685131059,-7.703900337219238e-05,0.002985000610349786,-0.0035429000854492188,1.1652708053588867e-05,-4.45246696472168e-05,-0.0008857846260070801,-4.57763671875e-05,-6.103515625e-05,-0.000244140625,-0.00016433000564569644
019a31cb0c1646758bc44d47366e32e6,deep,W3,a3_deep_W3,57366.583007715606,329118667.16793025,56798.04417705551,322627485.67294884,568.5388306600944,6491181.494981408,286919.78154522355,1679167980.58461,570.2610339799267,7.62939453125e-06,0.016548633575437677,0.017235279083251953,0.00020250678062438965,0.001148998737335205,0.00037300586700439453,-0.0001449584960936997,6.103515625e-05,-0.00146484375,-0.0005615949630737305
019c097c504c4e1dbefcd1079619b8cf,deep,W3,a3_deep_W3,62368.12733472828,389051523.4758927,61751.18646379895,381392601.61522084,616.9408709293275,7658921.860671878,320543.2024308956,2078777768.4265497,619.9796278002187,-0.00011166930198669434,-0.0039577484130859375,-0.004183053970335138,4.2766332626398285e-05,0.0006560385227202814,-6.645917892456055e-05,-4.57763671875e-05,6.103515625e-05,-0.000244140625,-0.00027188658714294434
019cdc2fe9da4327aa8d617401d8189b,deep,W3,a3_deep_W3,64411.98152644461,415014390.0848354,63774.81850809328,406844458.00630814,637.1630183513262,8169932.078527272,334771.16826392984,2269121824.8293805,640.2968637861167,-3.1888484954833984e-06,-0.0035017728805541992,-0.0020503997802734375,-3.1322240829467773e-05,-0.00015376508235931396,-0.00032335519790649414,0.0,0.0,-0.000244140625,5.036592483520508e-05
01a4a9aa5dfc4436891849a88f2e99e7,deep,W3,a3_deep_W3,63712.674562465414,406116862.93424356,63082.428336279125,398122112.5734367,630.2462261862893,7994750.360806882,328478.1571474626,2188921664.0479155,633.3452991043837,-0.00023925304412850124,0.014020204544065606,0.012359619140625,-6.678700447076968e-05,0.0007809996604919434,-5.322694778442383e-05,0.0,-0.0001220703125,-0.000244140625,-0.00011010468006139584
01a76c394cc640f6ad469199166ece29,deep,W3,a3_deep_W3,62057.59600358621,385193564.8552566,61444.238399870286,377616946.9297779,613.3576037159219,7576617.925478697,318958.1245858246,2050331387.5889838,616.8927450072097,-0.00020809471607199925,4.291534423828125e-05,-0.001302957534790039,-0.00011268258094782047,0.00016003847122186832,-0.000274658203125,-8.392333984369969e-05,-6.103515625e-05,-0.00048828125,-0.00034180283546453305
01b853942c324f83a89d27e97796200c,deep,W3,a3_deep_W3,62370.74969477555,389108687.73317987,61754.91586083343,381462590.472911,615.833833942117,7646097.260268867,322168.40954410954,2100623094.9049659,620.0056957595361,-0.00012791156768798828,0.0035393238067626953,0.004428625106807971,-1.4215707778875153e-05,0.00017029047012329102,-0.0003457665443419855,-1.52587890625e-05,-0.0001220703125,-0.000244140625,-2.804398536682129e-05
01c7a9010fa6463897e5919443c72886,deep,W3,a3_deep_W3,65069.498910517636,423529143.04534966,64425.38241366468,415185788.53170246,644.1164968529556,8343354.513647199,339270.7965275912,2329034329.7714934,646.8330129454772,4.677474498748779e-05,-0.008023381233215332,-0.0077915191650390625,4.413723945620451e-05,0.0006235986948012751,-0.0006587505340576172,-8.392333984380031e-05,-0.00018310546875,-0.0009765625,-0.00027123093605041504
01c80c7c0e954db9a53a11fabc2053eb,deep,W3,a3_deep_W3,65462.11440669461,428608248.51054233,64813.76337644905,420160344.3677512,648.3510302455543,8447904.142791152,334366.01718112244,2251673283.4298844,650.7358655657265,-3.01599502563199e-05,-0.004425048828125,-0.0037157535552978516,-0.00021338462829589844,-8.654594421389494e-05,-8.580088615423032e-05,-1.52587890625e-05,-6.103515625e-05,-0.0009765625,6.303191184992007e-05
01d0e94dc746416484c9157bbe320203,deep,W3,a3_deep_W3,62859.81063166108,395239943.5578494,62238.52151187581,387465756.4396449,621.2891197852659,7774187.118204534,322690.9103257222,2111735277.4412942,624.8672785996719,-0.000299111008644104,0.010415315628051758,0.00978708267211914,-0.00041294097900390625,-7.569789886474609e-06,-0.0009627044200897772,-6.866455078130031e-05,0.0,-0.001220703125,5.391240119928531e-05
01d1c15787514d14a4538256a88b43a5,deep,W3,a3_deep_W3,67211.71443773976,452055236.4177624,66545.56530389341,443139435.4400708,666.1491338463529,8915800.97769159,345904.13995872193,2423205168.9557853,668.1280243878921,-4.231929779049959e-05,0.014128684997558594,0.007953643798831678,-3.23802232742032e-05,0.00024005770683288574,0.0006946325302124023,-3.814697265630031e-05,0.0001220703125,-0.00048828125,-9.119510650634766e-05
01d2ae479ed74c7188c270dea892cf67,deep,W3,a3_deep_W3,63678.11820466105,405592101.35841596,63048.93368234116,397616673.097962,629.1845223198907,7975428.260453939,329052.2666324697,2189222111.222921,633.0017865000258,-2.653896808621492e-05,-0.006152987480163574,-0.00592350959777832,0.0001431107521057684,-0.0002512037754058838,-0.00032469630241399594,0.0,-0.0001220703125,-0.000244140625,4.792213439935855e-05
01d9dd3aa5dc46c3a44bfd40d5898c0e,deep,W3,a3_deep_W3,65435.47836460687,428361245.98437023,64788.243866990066,419929337.17782795,647.2344976168024,8431908.806542277,338598.55294253567,2324275289.689447,650.4710860354547,1.4290213584899902e-05,-0.009379982948303223,-0.0074803829193115234,5.2705407142611405e-05,-0.00024303793907159976,0.0005085170269012451,7.629394531199693e-06,-0.0001220703125,0.0,-2.8729438781793792e-05
01eac793c4ec40c5aa6bbd09b45fc26a,deep,W3,a3_deep_W3,61830.00474174386,382374382.4775737,61219.00306271238,374854472.7519759,611.001679031484,7519909.725597799,317346.23758119094,2034918653.3236961,614.6303402848375,-0.0003293454647064209,0.021669864654541016,0.019783973693847656,1.2516975402832031e-06,0.0013161897659301758,0.00017726421356201172,-2.6702880859300407e-05,-0.000244140625,-0.001220703125,-7.405877113336734e-05
01f0c1dd487e43f795830fe6008142e4,deep,W3,a3_deep_W3,64613.467780624036,417666275.58967483,63973.194819514356,409430215.8141481,640.2729611096802,8236059.775526702,330689.3305021169,2208598534.540613,642.2997678047444,-8.380413055419922e-05,0.00505924224853338,0.005297660827636719,-6.0051679611206055e-05,0.0002992749214171808,0.0005974173545837402,0.0,0.0,-0.000244140625,2.3126602172851562e-05
01f1cc659cb847a4a7366b84844641c2,deep,W3,a3_deep_W3,64250.91891332222,412903952.7615559,63615.03335517112,404771584.3584751,635.8855581510943,8132368.403080821,330258.9416414678,2202988873.74857,638.6957969719693,2.461671829229184e-05,-0.0034999847412109375,-0.0020849704742449404,4.738569259643555e-05,-0.0001290142536162775,0.0,-6.103515625e-05,0.0001220703125,-0.00048828125,-6.768107414240054e-05
01f3115282994da9b32967eb2075d4aa,deep,W3,a3_deep_W3,61857.766331579565,382733284.1611859,61246.23859746025,375203172.08419245,611.5277341193141,7530112.076993465,317917.4311920783,2050126300.8820224,614.9063084895763,-0.00017446279525756836,0.01641035079955877,0.015751123428344727,-0.0001913905143738348,0.0006544291973114014,-0.0012571215629577637,-3.0517578125e-05,-6.103515625e-05,-0.000732421875,-7.909536361688785e-05
01f376bb2b5a4860a53914dbf66d4ac0,deep,W3,a3_deep_W3,64460.83655249498,415606748.15339446,63824.47969687283,407441592.3539808,636.3568556221435,8165155.799413681,334778.16856871604,2267237139.2591033,640.7825144246925,4.9710273742592515e-05,-0.005640983581542969,-0.0053882598876953125,-2.384185791015625e-07,0.0003317892551422119,3.260374069219418e-05,0.0,-0.0001220703125,-0.00048828125,0.00014773011207575015
01f3fb1336a444309e9959d359c8b4ab,deep,W3,a3_deep_W3,60883.57006495088,370729427.65926445,60281.38224556699,363432069.39965665,602.1878193838929,7297358.259607792,308864.0575437671,1933939455.473544,605.2221658898272,0.00021198391914367676,-0.005009174346923828,-0.005100965499881482,0.0001838207244873047,0.0005872547626495916,-0.0009008049964904785,-1.52587890625e-05,0.0001220703125,-0.00048828125,-0.0002853274345397949
01f64ccc5e5049e29c3e8be0aaf31bd5,deep,W3,a3_deep_W3,64820.67543264388,420328646.61946344,64178.544711086266,412042360.12666446,642.1307215576162,8286286.492798984,334746.8874734978,2265403139.6811194,644.359546227899,-1.1771917343111893e-05,-0.005424618721008301,-0.0007104873657226562,-0.00016689300537109375,0.00026336312294000797,0.00023910403251642398,-4.57763671875e-05,-3.0517578125e-05,-0.0009765625,-7.659196853693206e-06
01f6b5adc5c44c17b159d7dc2f7f6dd6,deep,W3,a3_deep_W3,66828.18088421517,446995935.4945884,66167.47189245511,438201285.03519523,660.7089917600533,8794650.459393144,344151.38071630587,2401126230.482255,664.315452166717,6.785988807678223e-05,0.0030803680419921875,0.0020194053649866817,3.188848495511154e-06,0.0004891455173492432,0.0013692975044250488,-1.52587890625e-05,0.0,-0.000244140625,3.662705421447754e-05
01f74014d40f436e91fbf60e7f688057,deep,W3,a3_deep_W3,64628.294224578465,417824497.4825457,63989.11631757548,409600902.53838646,639.1779070029879,8223594.94415921,335390.9492039495,2274973605.867186,642.4471522717358,-0.00012362003326421567,0.014282464981080878,0.009052753448486328,-0.0002031624317168912,0.0009404420852660578,0.00014156103134155273,-7.629394531199693e-06,-0.000244140625,-0.000244140625,-1.97887420654852e-05
01fb4fff624544a88317709570572e0f,deep,W3,a3_deep_W3,63041.07797404118,397518833.0400578,62417.79149694873,389697319.1245198,623.2864770924498,7821513.915537953,322743.9646815624,2114065803.9741635,626.6691935242295,-0.00026890635490420256,0.006415843963624823,0.0059664249420166016,-0.00011450052261346988,0.00022903084754938297,-0.0006229877471923828,-1.52587890625e-05,-0.0001220703125,-0.001220703125,0.0001491755247116089
01fbee27f8f74a1eaf7e613de5cb78ee,deep,W3,a3_deep_W3,65622.15627813927,430827185.8174602,64972.61476103904,422340578.4511068,649.5415171002314,8486607.366353393,340562.25403461786,2346812032.8488674,652.3267855457061,6.70552253720369e-06,-0.0008791685104387881,-0.000923871994015002,7.897615432711502e-06,0.0004394054412841797,-0.0009508132934570312,-7.62939453125e-05,-6.103515625e-05,-0.00048828125,-0.00019526481628412418
01ffee46c0644a17a8ac9f9f3bf7ef4d,deep,W3,a3_deep_W3,64511.73290399223,416303478.5651289,63872.81199764982,408098407.6921839,638.9209063424132,8205070.872945011,332698.445245025,2238652884.107111,641.2884571618905,-0.00014254450798031892,0.005037784576416016,-0.001676082611087537,-2.720952034002133e-05,0.0006488561630249023,0.0006036162376403809,-2.288818359379944e-05,-0.0001220703125,-0.00048828125,-0.00014060735702509097
0200b7f6eb574385ace14b2d03502ec2,deep,W3,a3_deep_W3,64729.84637629223,419126485.97736907,64089.51961777281,410875390.8039655,640.3267585194262,8251095.173403561,334909.97318738996,2271602026.5805902,643.4566465104181,-0.00019615888595579667,0.010848045349119317,0.007233619689941406,-6.48796558380127e-05,-0.000293120741844094,-0.00013655424118041992,-6.103515625e-05,-6.103515625e-05,-0.00048828125,1.0222196578979492e-05
02010e17a28845cc921858cc24ece163,deep,W3,a3_deep_W3,68175.39761990658,465072996.23560786,67499.45622515529,455897039.6796781,675.9413947512949,9175956.55592978,349575.881826492,2476370470.983692,677.707660110968,-4.719197750090165e-05,-0.000400543212890625,-0.0011420249938964844,-2.2858381271306794e-05,0.0008165687322617132,0.0005574226379394531,-0.0001373291015625,-0.00018310546875,-0.001708984375,-4.565715789789371e-05
02097b72cb764df79f0188df985014a5,deep,W3,a3_deep_W3,62186.95803489109,386812938.01083916,61572.45474100934,379206088.27180654,614.503293881753,7606849.739032626,319993.6540857039,2067960241.266574,618.1786874821127,-0.00010192394256591797,0.0011503696441632627,0.0011241436004638672,-0.0001748800277709961,0.0010589659214019775,0.00025534629821777344,-1.9073486328099847e-05,-0.0001220703125,-0.000244140625,-0.0001781582832336981
020bc99c57c04bf6abfc9fe91a6a1215,deep,W3,a3_deep_W3,62357.85260541416,388962162.5521227,61740.777270966304,381302211.7555399,617.075334447858,7659950.796582818,319874.17716628534,2067282866.8678594,619.8774903282737,-7.534027099609375e-05,-0.0016289949417114258,-0.000951290130613458,-0.00013870000839227847,0.0007846653461456854,0.000529944896697998,-7.62939453125e-05,-6.103515625e-05,-0.001708984375,-3.916025161743164e-05
0214176d73af485287532957baf9888b,deep,W3,a3_deep_W3,64158.5329864964,411777503.64730835,63523.29356703169,403663984.8140005,635.2394194647131,8113518.833307862,332950.9543111027,2246870717.320951,637.7774209524356,-0.00017827749252319336,-0.003731250762939453,-0.003437995910642755,6.991624832147769e-05,0.00035037100315099545,0.00044238567352300473,7.629394531300307e-06,-6.103515625e-05,-0.00048828125,5.364418030340268e-07
021504573eab4f8995e46ac306744e04,deep,W3,a3_deep_W3,63284.46639117192,400657711.91514754,62658.45123748313,392770276.38137066,626.0151536887861,7887435.533776879,327888.28801357624,2178126011.461255,629.0886322137021,-0.00019775331020360776,0.016911029815675604,0.01410484313965199,-8.7738037109375e-05,0.0003685951232910156,-0.0001270771026611328,-7.629394531300307e-06,-0.00018310546875,0.0,1.7344951629694183e-05
0219f955d31b4907b5eeb6a345a47eb2,deep,W3,a3_deep_W3,65791.40342374828,432982819.95306003,65139.3366465311,424442939.5670921,652.0667772171873,8539880.38596791,338759.8612769923,2326989979.386883,654.0092119199622,-8.958578109738435e-05,0.003997087478641248,-0.0023365020751953125,-0.00012171268463134766,0.0005122721195220947,-0.000504910945892334,0.0,-6.103515625e-05,-0.000732421875,3.781914710998535e-05
021a5902e34c4742a828335c86bfe4cd,deep,W3,a3_deep_W3,66280.43772093434,439429249.9947418,65624.51532089923,430775084.4861569,655.9224000351096,8654165.508584917,343316.34945327527,2382741068.304269,658.8705299442111,8.028000593181261e-05,-0.004785656929016113,0.003249645233150744,-0.00021979212760930844,-0.0004528909921646118,5.415081977844238e-05,4.57763671875e-05,-0.0001220703125,-0.00048828125,6.109476089477539e-05
0222f2054a72477a9af17694d4ab1a9e,deep,W3,a3_deep_W3,62278.468189171836,387948156.5968948,61662.53617546758,380312434.582962,615.9320137042523,7635722.013932824,320501.17277741054,2079603041.8942301,619.0883577546612,-6.866455078130551e-05,0.0024580955505371094,0.0003230571746826172,0.0002060532569885254,0.0010697841644287664,-0.0001061558723449707,-6.103515625e-05,-0.0001220703125,0.0,-7.82012939453125e-05
0228c654c3b44da99c4b3b75d5f8b1cb,deep,W3,a3_deep_W3,64149.76146819863,411618672.7329129,63515.00622209432,403513221.4811232,634.7552461043088,8105451.251789689,332491.0120114117,2235361714.3698454,637.6902263727376,3.3378601075051417e-06,-0.0023043155670166016,-0.0024712085723876953,0.00010639429092407227,1.1414289474487305e-05,-0.0005044341087341309,-3.0517578125e-05,-6.103515625e-05,-0.00048828125,-1.0848045349121094e-05
022a46a47f70497badb519b86f7d0dfa,deep,W3,a3_deep_W3,58496.354509348595,342233053.7939751,57917.95235236993,335498607.8476255,578.4021569786637,6734445.946349621,293770.21047256864,1754334044.375363,581.4916952970844,-0.0007770657539367676,0.003194808959959161,0.003477334976196289,-0.0006053149700164795,0.0013365745544433594,0.0005481541156769354,-2.6702880859400153e-05,-0.00018310546875,-0.000732421875,-6.631016731262207e-05
022c1581dcd44145a86c1522d7ab44d3,deep,W3,a3_deep_W3,64649.04203210574,418028693.6963207,64009.4288850586,409798025.0632036,639.6131470471373,8230668.633117139,330149.72893621965,2200264519.530338,642.6533989322999,2.7954578399713714e-05,-0.008099079132080078,-0.007048845291137695,3.549456596380063e-05,-0.00018736720085149594,-0.0003312826156616211,-3.0517578125e-05,-0.0001220703125,0.0,-5.97536563873291e-05
023d8f2444234e6185ca713309cfeb99,deep,W3,a3_deep_W3,62035.99563490719,384935106.4171452,61422.762177194185,377362399.53415734,613.2334577130023,7572706.882987857,321527.49726704025,2093658860.5155272,616.6780233359609,-2.2038817405700684e-05,-0.0018334388732892393,-0.002582073211669922,-0.00024266541004180908,0.0005140006542205811,0.00026282668113708496,-4.57763671875e-05,0.0,-0.00048828125,-0.00022095441818237305
0247b01389f541e8a22ab2f98e44c953,deep,W3,a3_deep_W3,64104.15806626105,411049850.68140745,63471.033097717605,402970650.22440445,633.124968543445,8079200.457002997,331111.08507998445,2219700767.2500176,637.2368989863318,7.417798042300139e-05,-0.0024175643920898438,-0.003485679626461291,0.0005919039249420166,0.0007731616497039795,-0.0001970529556274414,-4.57763671875e-05,-0.0001220703125,-0.00048828125,-0.00029852986335759946
024a0d26f2ab4be8bacf86127e23e6aa,deep,W3,a3_deep_W3,63141.17314914476,398775351.69481516,62517.436884855524,390935717.8523278,623.7362642892331,7839633.842487335,325369.3776347442,2139400708.133369,627.6642044706421,6.4969062804898225e-06,-0.003592967987060547,-0.0025129318237304688,1.4901161193847656e-06,0.0002754926681518832,0.0003038048744202215,-0.0001068115234375,-0.0001220703125,-0.000732421875,-0.00019407272338861636
024b1ec28a404f46866c62a69d6370d8,deep,W3,a3_deep_W3,60747.56091697979,369073721.53553104,60146.91235009685,361811327.6504319,600.6485668829409,7262393.885099173,311110.2249111182,1958168620.702323,603.8701467649947,0.00011584162712091617,-0.0003933906555175781,-0.0003337860107421875,7.557868957525082e-05,-0.00014308094978329744,-0.000338971614837591,3.0517578125e-05,0.0,-0.00048828125,8.583068847650699e-05
025784ce00f14da9bcfe44013eb2289c,deep,W3,a3_deep_W3,63999.88295507599,409674419.91838115,63367.18498098769,401614484.12401515,632.6979740883035,8059935.794366002,329723.41490129795,2198867191.9059544,636.2003367648244,0.00022588670253750887,-0.0018644332885733306,-0.002218484878540039,-5.4508447647094727e-05,0.00031139701604840364,-9.560585021972656e-05,-1.52587890625e-05,-0.0001220703125,-0.000244140625,-3.102421760559082e-05
025828c4084440649cde38135a9d8a2e,deep,W3,a3_deep_W3,64695.45167795581,418677641.1524509,64057.01194507571,410455193.07167953,638.4397328800987,8222448.080771387,333054.67871520703,2240438627.5459127,643.1147409059982,7.547438144689389e-05,0.0037968158721906065,0.0013351440429723027,0.0003072917461395819,-0.00012895464897155762,-0.0002588033676148016,-6.103515625e-05,-0.0001220703125,-0.0009765625,-0.00010547041893005371
025c1e16f9634c71be21574417c1b8a7,deep,W3,a3_deep_W3,62521.86900527969,390964152.316701,61903.80389760432,383272599.8164323,618.0651076753711,7691552.500268698,324251.1588824212,2128073932.0407693,621.5079196980063,-5.720555782318115e-05,-0.0049006938934343935,-0.005701780319213867,-0.00017435848712918367,-5.584955215459653e-05,-0.0005053579807282049,-7.629394531300307e-06,0.0,-0.00048828125,8.630752563471011e-05
025cf7f3f4524bf7b69a822007bcdf3a,deep,W3,a3_deep_W3,62371.16068502795,389168752.4894493,61754.61406573272,381512865.7094194,616.5466192952299,7655886.780029893,321229.87562911806,2091526835.6795266,620.0097812691482,-0.0001880526542663019,0.018057823181152344,0.014629364013671875,-6.860494613653012e-05,7.81118869780939e-05,0.0001265406608582098,-1.52587890625e-05,-6.103515625e-05,-0.000244140625,-3.5375356674194336e-05
026dd4fca8a347e799ff5bfd78df68bb,deep,W3,a3_deep_W3,62986.770452128665,396866953.8473848,62363.94760890272,389057331.5523563,622.822843225942,7809622.295028508,324596.3960466497,2132441388.5403686,626.1293415411584,4.4927000999506195e-05,0.0016784667968767764,0.001455545425415039,1.2516975402887542e-05,8.168816566467285e-05,0.0008624792098999023,-1.52587890625e-05,-0.0001220703125,-0.000244140625,-5.6236982345636566e-05
0278450d1e324c33904e160e115f6fbd,deep,W3,a3_deep_W3,64544.9494381601,416750126.1864654,63906.169820623385,408542145.2459704,638.7796175367184,8207980.940494955,334163.7779288426,2262923446.4946785,641.6186510505041,7.1674585341852115e-06,0.011273622512815606,0.007889270782474256,-0.00010244548320770264,0.00015735626220703125,0.0002678036689758301,-1.52587890625e-05,-0.0003662109375,0.0,-7.25388526917059e-05
0281cce51dcb43988b3d3760c0fb335e,deep,W3,a3_deep_W3,64169.50740258936,411905623.01780945,63535.23815394783,403803206.22795427,634.2692486415326,8102416.789855182,333559.35671895515,2252906421.8748136,637.8865137646682,4.559755325289627e-06,0.0016224384307861328,0.0009560585021972656,-5.620718002319336e-05,6.1392784119207455e-06,0.0006485581398010254,-3.814697265630031e-05,0.0,-0.000244140625,-0.00018170475959777832
02871968fcbd46dc9f5059ec1fc7d13b,deep,W3,a3_deep_W3,66696.29198463677,445082509.785663,66036.2315321983,436317270.3817318,660.0604524384689,8765239.4039312,342843.2294717672,2381294415.4433665,663.0043909826489,-0.00013064593076710096,0.017011165618896484,0.010198354721065783,-0.0001793801784515936,0.00011724233627319336,-0.0002490878105163574,-6.103515625e-05,-6.103515625e-05,-0.0009765625,-2.002716064453125e-05
0288b5d8dfda43b9938f0dcf1ac86da2,deep,W3,a3_deep_W3,67974.48616360183,462278675.4181766,67300.92917855093,453163087.5288943,673.5569850509055,9115587.889282286,348851.7451176328,2461978407.623737,675.7104699559374,3.5442411899608284e-05,0.0002872943878209355,-0.00020027160644175979,4.579126834869385e-05,-0.00012862682342529297,0.0001469254493713379,-6.103515625e-05,-6.103515625e-05,-0.0009765625,-0.0001703798770903986
028f74fc5b384764826acb595846b9d8,deep,W3,a3_deep_W3,64956.96225478609,422067906.7345803,64313.3471291096,413745613.1540123,643.6151256764933,8322293.580567956,334074.64783327794,2255519684.8503,645.7143256140479,-0.00012196600437161531,0.002740621566772461,0.0006687641143763301,-6.529688835149594e-05,-0.00019961595535283871,0.00011527538299560547,-4.57763671875e-05,-3.0517578125e-05,-0.00048828125,-6.136298179632016e-05
0290737f64b14b08b87faa644580f3a9,deep,W3,a3_deep_W3,62363.98207653972,389028722.9130215,61748.524927259845,381388151.9721447,615.4571492798786,7640570.940876782,319711.6499151997,2075758471.0353868,619.9384212458664,2.5808811187716385e-05,-0.0003886222839355469,-0.0010728836059534785,0.000149458646774292,-0.00010722875595087222,-0.000566095113754217,2.2888183593699693e-05,-0.000244140625,0.000244140625,7.137656211850252e-05
029bf16fe8e2495bbadd991b7358559a,deep,W3,a3_deep_W3,66724.89689476792,445498128.99131584,66064.86362792115,436728325.513148,660.0332668467745,8769803.478167832,343531.73542354745,2390653914.5831904,663.2887423379685,-0.00014635920524599944,0.017739534378051758,0.01081705093383789,-3.698468208307437e-05,7.221102714538574e-05,0.0008731484413146973,-2.2888183593800307e-05,-9.1552734375e-05,-0.000732421875,4.324316978460141e-05
029d4dcccd66451c847a4dc5da36b5e6,deep,W3,a3_deep_W3,63539.75153799686,403888379.45842665,62911.138699999654,395936523.40961146,628.612837997207,7951856.048815191,329080.8503115028,2193704555.3431735,631.6263321106704,4.504621028897371e-05,-0.00010967254638671875,-0.0008988380432128906,9.167194366455078e-05,-0.00022745132446289062,-0.0004882216453552801,-1.52587890625e-05,-6.103515625e-05,-0.000732421875,2.187490463262387e-05
029e028b4a6842c29183b6a30bb2f04e,deep,W3,a3_deep_W3,64488.08652609114,415972654.5198366,63850.812590377274,407791907.4213972,637.2739357138635,8180747.098439395,333376.4668856833,2242077369.88442,641.0533968322568,1.031160354619809e-05,-0.0076258182525634766,-0.005400180816650391,0.00011363625526428223,-0.0002703964710236151,0.00012442469596868344,-7.62939453125e-05,0.0,-0.000244140625,-0.0002553761005401056
00001ec0d78549e1b8c2083a06105c29,deep,W4,a3_deep_W4,62332.79911085313,388542318.85282236,61717.700102324656,380911885.6788501,615.099008528472,7630433.173972249,337178.052504389,2303694019.602524,619.6284423466071,1.7046928405789474e-05,0.005211830139161933,0.004439353942867541,0.00033053755760190096,-0.0001919865608215332,0.00025653839111328125,-3.0517578125e-05,-6.103515625e-05,-0.000244140625,-7.420778274541684e-05
0005d5eb0eb847648bf2e76f6931ed48,deep,W4,a3_deep_W4,63589.846905447164,404381168.5462698,62963.46243077513,396453772.3060198,626.3844746720351,7927396.240249991,343605.5978614565,2391704135.042678,632.1243125470505,-5.095452070229267e-05,-0.0029039382934588076,0.0028181076049804688,0.00042988359928131104,0.00027732551097869873,0.00032970309257507324,3.0517578125e-05,-0.0001220703125,0.00048828125,6.5267086029052734e-06
0005df571e71437991594d0affec9c2b,deep,W4,a3_deep_W4,62894.225850773146,395570763.2380355,62274.24779210596,387810544.1320309,619.9780586671841,7760219.106004596,337209.5584114182,2295494432.12899,625.2093881939081,2.3245811462957455e-06,-0.0038957595825213076,-0.001748800277709961,0.00031816959381103516,-5.4135918617193024e-05,-0.000336229801178034,0.0,0.0,0.0,-1.615285873413086e-05
000c895f9ef6491894ac588634f3d2b5,deep,W4,a3_deep_W4,61977.951516200985,384127317.77585524,61365.206891696245,376569528.92239535,612.7446245047395,7557788.853459895,328831.86883973837,2191917252.8386583,616.1010271577958,1.3083219528198242e-05,0.006194114685058594,0.003962516784667969,0.000177383422851507,0.0005603432655334473,0.0010576248168945312,3.8146972655998465e-06,-6.103515625e-05,0.000244140625,0.00010336935520169344
000d1c5d169f4fda93a32f2eaeac80d8,deep,W4,a3_deep_W4,61760.171213863825,381436098.0294719,61150.0311620097,373936814.12723446,610.1400518541268,7499283.902237415,329230.6531935668,2196379701.3661103,613.9361497347401,-2.9802322387695312e-05,0.012849569320678711,0.006062984466552734,-8.842349052429199e-05,0.0006380081176757812,0.0003133416175842285,-2.6702880859399286e-05,0.0,0.0,-0.0003247559070587158
00133744383047b888486d10548eb32d,deep,W4,a3_deep_W4,60725.27213987693,368757126.47930396,60125.424840733154,361507906.26996857,599.8472991437739,7249220.209335387,319652.5167633115,2065051364.2701283,603.6485818676202,-6.648898124700375e-05,-0.0036108493804913877,-0.0027418136596679688,0.00020888447761535645,0.000777363777160589,-0.00011092424392700195,-3.0517578125e-05,-6.103515625e-05,-0.000244140625,-0.0002256631851195734
0013d88f17a245b0bff5ebe713bd72ab,deep,W4,a3_deep_W4,62946.87232060743,396239231.4856183,62325.36599335559,388453322.31948316,621.5063272518382,7785909.166135132,341369.82952022814,2360675698.514693,625.7327282422261,-3.1739473343173064e-06,0.0008690357208251953,-0.0011134147644042969,0.00017429888248438052,0.0001688003540038785,0.00016689300537109375,-7.62939453125e-05,6.103515625e-05,-0.00048828125,-0.0002492070198058527
0015eb3cf53b4339b2d0532cf912ab26,deep,W4,a3_deep_W4,63106.01819500783,398243284.638642,62483.193098878786,390421123.3753885,622.8250961290469,7822161.26325351,340977.6811398055,2354742560.8632007,627.3147414305836,-5.6385993957491776e-05,-0.0011712312698364258,-0.003319978713989258,0.0002620518207550049,-0.00010389089584350586,-0.0007600784301757812,-5.340576171880031e-05,6.103515625e-05,-0.0009765625,-2.4437904357854645e-05
001e6d1b655542b48dbe00f3a3ccc616,deep,W4,a3_deep_W4,59552.32300079236,354661861.99388677,58962.801462155156,347675092.4565207,589.5215386372074,6986769.537366092,310781.9872858679,1960274495.4242806,591.9887068360141,6.52074813843051e-05,0.0023722648620623232,0.003535747528076172,4.0143728256170075e-05,0.000459134578704834,-0.00043144822120666504,7.62939453120056e-06,-9.1552734375e-05,-0.0006103515625,-2.3424625396784027e-05
001f17841a2642e4a9fa2f9b1687aa1e,deep,W4,a3_deep_W4,63422.910273738744,402251258.22347075,62796.68506696406,394346965.9921398,626.2252067746813,7904292.231330931,342551.93299733684,2374995971.5695176,630.4648541791995,-6.0170888900701325e-05,-0.0027865171432495117,-0.0012028217315673828,0.00013971328735351562,-8.32676887512207e-05,0.0005817413330078125,-7.629394531300307e-06,-6.103515625e-05,0.0,2.384185791021176e-05
0029e901155f414696aa6b470cbe40d4,deep,W4,a3_deep_W4,63325.598708278325,401014827.4052907,62701.4526527041,393148866.9856082,624.1460555742233,7865960.419682503,339068.3180667601,2327586947.6810613,629.4975141176484,2.0846724510220627e-05,-0.0022649765014630674,-7.390975952148438e-05,0.00014255940914159604,-0.0005916357040405829,-0.00017946958541870117,7.629394531300307e-06,-6.103515625e-05,0.000244140625,2.5779008865356445e-05
00317d7cb89c4f84b28090ec8eeb361a,deep,W4,a3_deep_W4,61533.66425360096,378650105.7325571,60924.96496089181,371196070.7382328,608.6992927091487,7454034.9943243265,324012.05716864066,2127827331.4231994,611.6845236731741,-0.00012058019638058748,0.0035333633422851562,-0.0003337860107421875,0.00020782649517059326,0.00035125017166137695,0.000615537166595459,7.62939453120056e-06,0.0,-0.000244140625,3.9130449294988434e-05
003245510e8f4bcb98f1794348606f68,deep,W4,a3_deep_W4,61664.67655350932,380261422.86511946,61055.600253808465,372786676.50229174,609.0762997008569,7474746.362827718,330613.5986882777,2212318182.819885,612.9868708880987,0.00012898445129400082,-0.0015270709991455078,-0.0032389163970947266,7.27623701095026e-05,0.0006289482116698664,0.0003129541873931885,-3.8146972655998465e-06,0.0,-0.000732421875,-6.80685043334961e-05
004459ae7559418fad89ddb73e140b56,deep,W4,a3_deep_W4,64225.819447160524,412535329.47727746,63590.724386912865,404417014.7591584,635.0950602476587,8118314.718119085,348025.4194059161,2450451378.933676,638.4462920027821,2.2292137145996094e-05,-0.012617111206054688,-0.005735158920288086,8.678436279288548e-05,0.0001296997070313055,0.00021162629127502441,-4.57763671875e-05,6.103515625e-05,-0.000732421875,-0.00012111663818364926
0047b3f31cc844d2bfe8e59820b87312,deep,W4,a3_deep_W4,62496.477008957074,390583377.6147812,61881.03555598139,382928594.1047435,615.4414529756832,7654783.51003772,331370.724748255,2217134064.736355,621.2555067893309,9.347498416900635e-05,0.00014483928680597558,0.0004029273986816406,0.0002563893795013983,0.0005046427249907892,-0.00026109814643859863,-6.103515625e-05,0.0,-0.000732421875,-0.00015369057655328922
0048e8224b174b759771e39ff521ee2e,deep,W4,a3_deep_W4,60792.25195173609,369574257.98853123,60191.64770859869,362307842.7682537,600.6042431374008,7266415.220277548,319468.2019231488,2070371789.5134056,604.3144046300018,7.361173629816253e-06,-0.0022530555725097656,-0.0025904178619384766,-4.544854164117984e-05,0.0001963675022124689,0.00011783838272089175,3.8146972655998465e-06,0.0,0.0,-5.415081977838687e-05
004a33ffd2654583822bdd2eed1241ba,deep,W4,a3_deep_W4,63772.45831562086,406712910.7706582,63142.51415615298,398717506.1540941,629.9441594678792,7995404.616564095,346635.87109838484,2434452678.160959,633.9395883770259,3.33115458488048e-05,0.0032067298889160156,0.0023293495178222656,0.00043138861656188965,0.0006986260414123535,0.00016838312149047852,-4.57763671875e-05,0.0,-0.00048828125,-8.225440979003906e-05
0050d3fb84444ea1b9079a1575887aa1,deep,W4,a3_deep_W4,62455.60111525146,390073491.1426414,61838.582200091485,382404227.81506884,617.018915159977,7669263.327572584,331901.2170277277,2227713289.4747744,620.849173900264,-0.00018560886383062192,0.006824731826784003,-0.0006437301635742188,0.00033095479011530093,0.00017580389976501465,0.00021699070930480957,-9.918212890619969e-05,-6.103515625e-05,-0.000244140625,-4.8279762268066406e-05
00519a09c83e410f9734b3cfe8bcb604,deep,W4,a3_deep_W4,62743.91697589192,393683906.6970753,62124.916697723,385954435.92670536,619.0002781689254,7729470.770369947,334833.73254478344,2271472767.5014405,623.7152205110501,1.2978911399813553e-05,-0.0023353099822998047,-0.0002193450927734375,0.00045368075370788574,-0.00016647577285769377,-0.00041121244430547543,-1.52587890625e-05,-6.103515625e-05,0.0,-5.722045898493011e-06
0053d2ac9bc14142bffaa42593c00a8a,deep,W4,a3_deep_W4,60621.48982672987,367499580.2189207,60021.88274307256,360265741.51974857,599.6070836573126,7233838.699172139,316358.02439985,2022728223.284371,602.6169183781614,-0.0002670288085938055,0.006802082061767578,0.008970499038699842,-0.0008412450551985862,8.52346420288086e-05,-0.0003145933151245117,-7.62939453125e-05,0.0,-0.001220703125,-4.500150680541992e-05
005c0d7ccf7749f99a4cc8e88bda073d,deep,W4,a3_deep_W4,60431.767998112926,365215180.7834794,59834.1060886619,358027291.79984,597.6619094510243,7187888.983639419,311735.66071799333,1967445238.8569198,600.7309603781686,-0.00011807680130010434,-0.0020879507064819336,-0.00225067138671875,4.789233207708188e-05,-5.2712857723291595e-05,-0.00040411949157720395,-7.629394531199693e-06,0.0,-0.000244140625,-1.609325408941098e-05
005ee892a99b4ae8a26bb1c8123fdd80,deep,W4,a3_deep_W4,64923.45864742877,421529266.9425984,64282.85575739667,413251753.3409696,640.6028900321035,8277513.60162878,350184.38959757343,2479910161.4694552,645.3812780317808,-2.713128924369812e-05,0.0017881393432617188,-0.0007033348083496094,0.0003636479377746027,4.0397047996520996e-05,-0.00035437941551208496,-3.0517578125e-05,3.0517578125e-05,-0.000244140625,-3.4868717193603516e-06
006ce7ce9e1b45558fe805882a705991,deep,W4,a3_deep_W4,57744.93124302951,333508267.99405915,57170.3944955338,326905397.054583,574.5367474957093,6602870.939476132,297867.0369839833,1795877128.5964081,574.0220607757105,3.3974647521972656e-06,0.006082057952882636,0.005724430084228516,0.0004277527332305908,0.0014176666736602228,0.000522315502166748,-1.52587890625e-05,-0.0001220703125,-0.00048828125,3.865361213689633e-05
006d40ce26e64b4c930124ddae278c05,deep,W4,a3_deep_W4,61675.51064857386,380391356.11628693,61065.941551340446,372909332.1586262,609.5690972334123,7482023.957660735,328831.94843208557,2191425445.3572426,613.094568818319,-4.5314431190407456e-05,0.0018036365509033203,-0.0030934810638427734,7.522106170659848e-05,-0.0007150173187255304,0.0001360177993773859,0.0,-0.0001220703125,0.000244140625,-7.30454921721857e-05
00713006ea594a598ad966c5b36c7922,deep,W4,a3_deep_W4,63539.227081732846,403783564.5636676,62910.9801166754,395838106.62108976,628.2469650574494,7945457.942577839,341712.35041444364,2359656293.56434,631.6211186753269,0.00014134496450429745,-0.0033116340637224795,-0.006439685821536756,0.0004101246595382968,0.00038316845893859863,-0.001028746366500799,-7.629394531300307e-06,0.0,-0.000244140625,-0.0001539289951325018
0078e62e7d774effa973885c78ffbf6a,deep,W4,a3_deep_W4,62103.251731494965,385683997.8675938,61490.59318470089,378111859.27457607,612.6585467940749,7572138.593017757,333530.8026071208,2249038866.858461,617.3465925476995,-0.00024616718292239104,0.0015854835510253906,0.0007593631744420293,0.00042308866977688875,0.0005411505699157715,0.00020170211791992188,-4.57763671875e-05,0.00018310546875,0.00048828125,-0.00018802285194402524
007ced0c381749a394866f5fa71fd303,deep,W4,a3_deep_W4,62593.88340060615,391809169.7113324,61975.48685130941,384105635.8740257,618.39654929674,7703533.837306678,334651.869615972,2265627018.91188,622.2237894846867,-6.937980651849918e-05,0.0028014183044433594,-0.0002002716064453125,1.65551900863925e-05,0.0016773045063019354,-0.00045990943908691406,-3.0517578125e-05,-0.0001220703125,-0.000244140625,-0.00011722743511199951
00820ef5fe4843cf8beef97281048215,deep,W4,a3_deep_W4,62906.84010755553,395737328.2048759,62285.87270823483,387963073.0845804,620.9673993207034,7774255.120295465,337627.10452156776,2306821454.2288733,625.3347820859349,-7.71880149841031e-05,-0.0010639429092407227,-0.0009477138519287109,9.101629257202148e-05,-0.0001007914543152133,0.00023671984672551938,-3.0517578125e-05,-6.103515625e-05,-0.00048828125,-1.856684684753418e-05
008f8f5241b947f29838e2a780e3790a,deep,W4,a3_deep_W4,56440.1549036643,318915979.3203146,55875.57199150994,312569539.2308798,564.5829121543575,6346440.0894348025,295845.19625614653,1779123196.0700858,561.0517378910641,0.00020760297775263004,0.0031232833862304688,0.002731084823610175,-0.00011709332466119937,0.0001389384269714078,-0.0002675950527191162,1.52587890625e-05,-0.00018310546875,-0.000732421875,0.0004387497901917059
0092c97c01714eb98d6f4b635c5ee9ec,deep,W4,a3_deep_W4,61681.476095579426,380461843.6841193,61073.06013022602,372993239.52989477,608.415965353408,7468604.154224515,326574.22901818575,2163108604.2452226,613.1538692297987,1.950562000269107e-05,0.0014829635620117188,0.0018119812011754277,-1.1533498764038086e-05,-0.00021791458129888364,9.137392044067383e-05,-7.629394531199693e-06,-0.00018310546875,-0.000244140625,8.156895637512207e-05
00a1a602456f4eb188b522d7ef19e81b,deep,W4,a3_deep_W4,62502.48006014994,390660314.6200342,61885.305069470094,382983319.9295225,617.1749906798432,7676994.6905117035,332514.25251742936,2233204089.83877,621.3151810108166,-3.2454729080200195e-05,-0.004651546478271484,-0.0017976760864257812,0.0002623498439789096,-8.359551429748535e-05,-0.0004386007785797119,-7.629394531199693e-06,0.0,-0.000244140625,-2.8878450393676758e-05
00a1d892548542c7ab83565070737d6b,deep,W4,a3_deep_W4,62352.517381800724,388789574.956036,61736.16297508954,381141221.94415444,616.354406711187,7648353.01188153,332063.4969434207,2231858161.427746,619.8244547459747,7.304549217229672e-05,-0.0018486380577087402,-0.0017237663269025205,1.862645149230957e-05,0.00020819902420039782,0.0,-7.629394531300307e-06,0.0,0.0,-3.910064697271176e-05
00a38a2327cd41b885d6ebbb6ac0a91c,deep,W4,a3_deep_W4,62310.93916372521,388268639.20752513,61695.446951031605,380636091.49305755,615.4922126936071,7632547.714467585,333531.16700188705,2253654751.4110913,619.4111402972546,-2.1860003471402267e-05,0.013397932052612305,0.013363361358642578,5.373358726495914e-05,0.00047525763511657715,-0.00019973516464233398,-6.866455078130031e-05,-0.0001220703125,-0.00048828125,-0.00032341480255132504
00a69ec5e0cb4e1b9c6d6285bde5de3e,deep,W4,a3_deep_W4,62930.25720864552,396028757.9735664,62308.703234743705,388244336.6150337,621.5539739018132,7784421.358532727,340096.3613176843,2341983346.1028347,625.5675632553937,8.55326652529631e-06,-0.0037878751754760742,-0.0018405914306640625,0.00020292401313776187,0.00010016560554509946,-6.330013275146484e-05,-1.52587890625e-05,-0.0001220703125,0.0,-3.775954246520996e-05
00a776f578304cce8c096fc0034582ef,deep,W4,a3_deep_W4,62800.46400006453,394389860.72955954,62181.4252144208,386652995.44270366,619.0387856437301,7736865.286855876,335020.60383526277,2271273560.8012524,624.277334598773,0.00010102987289428711,-0.001184344291688788,-0.0004410743713378906,0.00015020370483398438,0.0005428194999695379,-5.888938903808594e-05,0.0,-6.103515625e-05,-0.00048828125,3.421306610112973e-05
00a97894440b42ebbde2435e9430106c,deep,W4,a3_deep_W4,61928.101911882375,383514729.11403286,61316.57342919862,375977878.7296946,611.5284826837524,7536850.38433826,326891.4173665343,2156717853.615927,615.6054897663078,4.436075687411223e-05,0.0027954578399675967,0.001500844955444336,-0.0001271963119507391,0.0001531541347503107,0.0007656216621398926,-5.340576171869969e-05,0.0,-0.000732421875,-0.00010812282562258635
00a9925ae746466b91ce457c67bef43f,deep,W4,a3_deep_W4,62495.93407187533,390575394.9025555,61879.379144748396,382906970.40638757,616.5549271269338,7668424.496167958,331102.8320875784,2217392281.7457476,621.2501096426752,-6.794929504394531e-06,-0.00015854835510431542,0.00023126602173206834,0.00012250244617459383,-7.4803829193115234e-06,0.0008571147918701172,-3.814697265630031e-05,-0.0001220703125,0.0,-4.404783248901367e-05
00ae6eda19634ee6b0a4a52789c9ff90,deep,W4,a3_deep_W4,61517.84063852659,378445840.1004762,60909.785324897624,371001534.2136292,608.0553136289673,7444305.886847019,326186.30043071037,2153457631.057348,611.5272266786435,4.722177982330322e-05,-0.007127523422241211,-0.005958080291744494,0.00018295645713811703,0.0003045201301574707,0.0002574920654296875,4.57763671875e-05,-6.103515625e-05,0.00048828125,0.00011532008647921477
00bc54b70fea4c94bf54bdb4d041522c,deep,W4,a3_deep_W4,61673.8846501327,380370650.0290838,61064.62009610205,372892567.5623378,609.2645540306476,7478082.466745973,327200.1400708668,2160914523.321973,613.0784053394488,8.448958396911621e-06,-0.003254413604736328,-0.007090568542480469,-1.08778476720639e-06,-0.0005440711975097656,-0.0005983710289001465,-2.6702880859400153e-05,0.0001220703125,-0.0001220703125,-0.0001252293586730957
00bf94f9be9346d5bf6fcdb88e0f68c3,deep,W4,a3_deep_W4,61839.26784835871,382410013.1918882,61229.209417052945,374902108.4610835,610.0584313057625,7507904.730804741,325000.03241124074,2132429746.7179167,614.7224215711735,0.0002016723155975897,-0.0052034854888916016,-0.004732608795166016,0.0004986822605133057,-0.00025194883346560393,0.00023230910301214047,-3.814697265630031e-05,0.0,0.00048828125,-0.0002968311309815008
00c01670fa9545fc82e1fbfb9f70a259,deep,W4,a3_deep_W4,62334.05893978364,388557960.6760913,61719.23133592183,380930691.26623714,614.827603861806,7627269.409854174,335801.2317130653,2285111118.394949,619.640965863102,-0.0003389269113540927,-0.0016039609909057617,-0.0018787384033203125,-0.0002520680427552102,0.00014454126358032227,0.000187069177627619,-1.52587890625e-05,0.0001220703125,-0.000244140625,0.0001385807991027832
00c1673e7c8e4c2fbc0c9a1084acc067,deep,W4,a3_deep_W4,59688.55744438394,356348678.9389125,59095.12524482803,349299192.3608211,593.4321995559148,7049486.578091383,310349.2457414818,1955391993.0303054,593.3429655454054,-4.32133674621582e-06,-0.0003063678741490605,0.0008773803710973027,0.0002783834934235174,0.0007845163345336914,0.0005035996437072754,-3.0517578125e-05,-6.103515625e-05,0.0,-0.0001487731933594305
00c5fc33cf54446093cca570c2ac5db0,deep,W4,a3_deep_W4,61620.54843992173,379709471.8969845,61012.61138141209,372254141.10270315,607.9370585096403,7455330.7942813635,328655.5847403316,2182283461.2181125,612.5482088245302,8.881092071505448e-06,0.0015187263488769531,5.4836273193359375e-05,4.026293754580412e-05,6.657838821411133e-05,-0.000496983528137207,-3.0517578125e-05,-6.103515625e-05,0.00048828125,-0.00014272332191472836
00cc1d02ab5c4e1abcbc080bbdc6bdc4,deep,W4,a3_deep_W4,57442.60403095387,330141643.2204557,56871.461805937666,323610265.1027683,571.1422250162068,6531378.117687404,301097.03128359566,1846693154.6828687,571.0167322461148,8.58902931213934e-05,-0.0014638900756835938,-0.0006866455078125,0.00039976835250860043,-0.00045439600944519043,-1.8090009689386566e-05,-2.2888183593699693e-05,0.0001220703125,-0.00048828125,-6.860494613647461e-05
00d319b11c2c41c6b9a36287abf6922e,deep,W4,a3_deep_W4,63827.92043191359,407411547.5329449,63198.12324091609,399411204.4623158,629.7971909975022,8000343.07062912,343772.6941291736,2388192596.6135554,634.4909177769233,-6.414949893950028e-05,-0.0012576580047607422,-0.004024505615234375,0.0002907514572143832,-0.0008011460304260254,0.00014865398406982422,-1.52587890625e-05,6.103515625e-05,0.0001220703125,-0.00015693902969360352
00d9bd8bee204fe3a42c320ce24a32fd,deep,W4,a3_deep_W4,59943.67490784931,359408949.4771031,59347.97677233063,352301933.4674267,595.6981355186799,7107016.009676397,306661.8152915707,1906899702.5754585,595.8789985610466,-3.623962402338199e-05,0.0004786252975463867,0.0003325939178466797,7.247924804681949e-05,0.00014653801918029785,-0.0011725425720214289,-5.340576171880031e-05,0.0,-0.000244140625,-0.00033864378929138184
00da1beacd7e456f81bcdd0343048166,deep,W4,a3_deep_W4,63302.77183537062,400727939.34416735,62678.19998815065,392859448.49588025,624.5718472199733,7868490.848287106,337874.305715029,2306727359.395599,629.27060019905,2.5615096092307388e-05,0.0014483928680437685,0.0005388259887695312,0.0002795457839965265,0.00013828277587890625,0.0005888938903809149,4.57763671875e-05,0.0,0.0,4.488229751586914e-05
00db57d6cb5540089860f0de1d2c643d,deep,W4,a3_deep_W4,61491.69115329667,378123013.57431865,60885.15485044561,370700410.758036,606.5363028510619,7422602.81628263,327226.03182612703,2167556849.9165697,611.2672838390422,-0.00010472536087030582,0.0035190582275390625,0.0004935264587402344,4.315376281741057e-05,0.0003635883331298828,-5.555152893066406e-05,-1.52587890625e-05,0.0001220703125,0.0,-2.175569534301758e-06
00ddbd37e24c43569cb77919361bfaa9,deep,W4,a3_deep_W4,64131.71987104225,411328350.5214083,63498.62182905171,403247276.4706497,633.0980419905391,8081074.0507586,345534.8661843866,2415727659.250141,637.5108811980799,-2.326071262359619e-05,-0.007172822952272284,-0.007491111755371094,0.0003249645233154297,0.0007460415363311768,0.00024235248565673828,-2.2888183593800307e-05,0.0,-0.0009765625,1.1503696441705902e-05
00e99d9188c64441b8ae7a3f73f37164,deep,W4,a3_deep_W4,62626.302558916235,392210217.81538963,62007.87701273361,384502438.173002,618.4255461826251,7707779.642387629,341649.6633553638,2365843513.467674,622.5460569402221,-0.00010438263416290283,0.01161694526672541,0.006985664367675781,3.82363796234686e-05,0.00039905309677124023,-0.001202225685119629,-7.629394531300307e-06,6.103515625e-05,-0.00048828125,3.0994415283203125e-05
00ea067d2d0d4e5abbe36abcdd2117b9,deep,W4,a3_deep_W4,61053.494119410236,372785573.7500616,60447.9136416239,365427355.60333014,605.5804777863377,7358218.146731436,319898.4444815074,2074971408.1707726,606.9113211769918,0.00021636486053472348,-0.00020623207092285156,-0.00013709068298339844,0.0003992617130278986,9.584426879891139e-05,-0.00010612607002263852,-2.6702880859300407e-05,0.0001220703125,-0.00048828125,-0.00031332671642297916
00ed0007c9c84409adb2e257fad235d1,deep,W4,a3_deep_W4,60647.67858127458,367814265.9856813,60048.90792589159,360587305.64994663,598.7706553829921,7226960.335734665,320644.62978112337,2078103910.2872705,602.8772515802156,-0.0001334100961684903,0.00768780708312633,0.0061130523681640625,0.00014653801918029785,0.0003751814365386963,0.0003199279308319647,-4.57763671875e-05,-6.103515625e-05,0.0,-7.873773574829102e-05
00ef198a19a8403d903dbfa7cfaaf9bd,deep,W4,a3_deep_W4,62930.730255445,396044945.563414,62308.326130719084,388249701.6751367,622.4041247259156,7795243.888277292,339432.0848051071,2331688519.1194315,625.5722656473238,4.172325134280119e-05,0.00030875205993652344,0.001201629638671875,6.872415542602539e-05,0.0004103034734725952,0.0009744465351104736,0.0,6.103515625e-05,0.0,2.294778823846988e-05
00f9cb1a42b4498e838107f82557c9f3,deep,W4,a3_deep_W4,61551.75498752378,378864258.40342003,60943.74802401713,371416426.2676778,608.0069635066538,7447832.135742247,328493.0016624493,2181064253.954834,611.864357299153,-0.0001211315393447876,0.0015878677368181826,-0.004065036773685193,1.2263655662592132e-05,0.00023829936981201172,2.115964889526367e-06,-1.52587890625e-05,6.103515625e-05,-0.0003662109375,3.74913215637207e-05
00fa05ae10834647a8bf00c5a5a899a1,deep,W4,a3_deep_W4,63907.899919821655,408444902.9761831,63276.84265836983,400418322.3661388,631.0572614518242,8026580.610044301,347089.2132399339,2437702129.877886,635.2859657487627,-4.3883919715895225e-05,-0.0022435188293474795,4.529953002574416e-05,0.0002340525388717929,0.00019061565399169922,0.000988781452178955,7.629394531300307e-06,0.0,-0.000732421875,6.47902488707941e-05
00fab46ab0134de8b7c6b39f9ef2f708,deep,W4,a3_deep_W4,62533.08629322516,391041800.37585795,61914.93876730184,383349019.8830707,618.1475259233193,7692780.492787242,335137.4781598251,2271941543.846852,621.6194268139413,-0.00014857947826388274,0.002118349075317383,0.0003230571746826172,7.005035877230559e-05,0.00021010637283330746,-0.00018003582954406738,2.2888183593699693e-05,0.0,0.000244140625,2.2470951080377777e-05
00fadd5980ed4228bc28217eb11c5d27,deep,W4,a3_deep_W4,62355.96238270408,388831564.478296,61738.61657604388,381170583.17631507,617.3458066601961,7660981.301980913,332643.5884610772,2239312057.4388695,619.8587002888363,-8.502602577201146e-05,-0.00017940998077392578,-0.00018477439880371094,3.720819950100984e-05,-0.000963360071182251,-0.0007104277610778809,1.52587890625e-05,0.0,0.000244140625,5.2303075790405273e-05
00fd070ec367496582cb9410fb8d84a2,deep,W4,a3_deep_W4,63271.61355357897,400337128.39470685,62648.214965556996,392487125.5667513,623.398588021977,7850002.827955544,343890.00827917247,2394865178.6569867,628.9608666737128,-0.00014270842075339574,0.008920431137084961,0.005171298980716443,0.00018750131130218506,0.00029015541076660156,-0.0007318258285522461,7.62939453125e-05,-0.0001220703125,0.0,0.000144273042678833
00fe064ec39f4f42a8301f6699c37455,deep,W4,a3_deep_W4,62900.90549512916,395671731.8633143,62279.435340234115,387891771.68439704,621.470154895047,7779960.178917229,338550.24648361356,2316403799.8828516,625.2757881901668,-0.00047895312309259586,0.018666982650756836,0.0038528442382848027,9.864568710318822e-05,0.0010995268821716309,-0.0002244114875793457,-9.918212890630031e-05,-6.103515625e-05,-0.0009765625,-0.0001843869686126709
00fe7b40923644c3bf15be6fcb8195c2,deep,W4,a3_deep_W4,62378.1335572893,389113673.7857154,61762.28285403884,381468252.7033139,615.850703250464,7645421.082401514,335076.7440623934,2274348207.894856,620.079096140927,-7.246434688570891e-05,0.011608600616456854,0.006115436553951525,7.551908493050319e-05,0.0008651018142700195,-0.000897526741027832,-5.340576171870056e-05,-6.103515625e-05,-0.0009765625,-0.0001853406429291049
01052f325d2a4422bf1dea6567d78347,deep,W4,a3_deep_W4,53332.442277662805,285089187.5459727,52799.378148633165,279420666.6640324,533.0641290296408,5668520.881940305,285195.67336780345,1659426013.2675014,530.1590592182255,0.00021952390670776367,0.005402565002441406,0.005919933319091797,-4.744529724121094e-05,0.0022942125797271173,8.213520050054379e-05,-9.1552734375e-05,-0.00030517578125,-0.00244140625,0.0003623366355895996
0116e8e2de78456cab731ff73f65349f,deep,W4,a3_deep_W4,61909.89557493182,383287140.25499356,61299.314759935,375764145.28650564,610.5808149968216,7522994.968487918,329881.4161873587,2196458068.910806,615.4245069712716,1.2814998626681229e-05,0.0001347064971923828,-0.0019383430480992558,0.0005337446928024014,-0.0010048151016235352,0.0005595088005065918,7.62939453129944e-06,0.0,0.0,-4.774332046503238e-05
0118607beaed4571b94615a611bab570,deep,W4,a3_deep_W4,63047.238368761464,397497529.290861,62424.82451988188,389687933.2247685,622.413848879587,7809596.066092491,339047.8041633931,2324820829.619604,626.7304318424058,-7.279217243197356e-05,0.0014734268188476562,0.00026106834411621094,0.00013399124145507812,-0.00016865134239202328,-0.0002848207950592041,-4.57763671875e-05,0.0,-0.00048828125,-0.00012737512588500977
011a2229b2f949ffaac35b39e9ee9d78,deep,W4,a3_deep_W4,61875.50152651403,382858466.745999,61263.84730183923,375326593.44779885,611.6542246747995,7531873.29820013,330874.14414179884,2216846641.81841,615.0826078274645,-6.371736526489258e-05,0.0008571147918665645,-0.0012195110321009395,0.00018936395645141602,0.00011456012725830078,0.00016686320304870605,-1.52587890625e-05,-6.103515625e-05,-0.000244140625,-7.40289688110074e-05
011e8dd9d04e4257b4c094b9cf279280,deep,W4,a3_deep_W4,60115.61215947014,361402588.08942294,59521.464157442686,354294215.6808459,594.1480020274539,7108372.408577025,314636.8960769078,2005322796.0202327,597.5881663334374,-0.00028887391090387515,-0.00028252601623535156,-0.0011754035949707031,-0.00029337406158447266,-2.8878450393621247e-05,-0.0003432035446166992,-1.52587890625e-05,0.0001220703125,-0.000732421875,1.5795230866033627e-06
012323854937400b839b3bedf4faa010,deep,W4,a3_deep_W4,62981.60162883202,396670778.67457217,62359.332464938736,388871135.9599241,622.2691638932811,7799642.714648068,337429.90467306745,2304779251.844105,626.0779600859094,-0.0001814663410187045,0.005246400833129883,0.0017786026000976562,-6.362795829800705e-06,-0.0004462301731109064,0.0003529191017150879,-7.629394531199693e-06,-6.103515625e-05,-0.000732421875,0.00019127130508422852
0123ecfeeaf14efc8183597f2099e925,deep,W4,a3_deep_W4,60680.60125782801,368217831.69902754,60081.42721399033,360981974.34209603,599.1740438376801,7235857.356931508,320302.59839515854,2069044889.1910648,603.2045243335923,0.00017724931240079012,-0.002962350845336914,-0.0028204917907714844,0.00043198466300969907,0.00030747056007379703,-0.0005247890949249268,-1.52587890625e-05,0.0,0.0,-0.00011232495307922363
012648b0eed74f67ad28527119aac2c4,deep,W4,a3_deep_W4,58617.01747548117,343792441.03532165,58033.79678622683,336986680.95938265,583.22068925434,6805760.075939,305484.1762313977,1897052180.0455308,582.6911634233383,-0.0003057718276976984,0.0034797191619873047,0.0026047229766845703,-0.00012394785881048032,0.001147627830505371,-0.0010353922843933105,-1.52587890625e-05,0.0,-0.00048828125,-0.00011593103408813477
012989686a534d73bd7989501e713630,deep,W4,a3_deep_W4,64113.99777821816,411078137.7615786,63481.917411458584,403012655.8904248,632.0803667595756,8065481.8711538315,345778.06768398924,2417727170.5575066,637.3347121036646,-2.6896595955033797e-06,-0.0031322240829467773,-0.0014352798461914062,0.00024694204330438785,0.00025011599063870515,-0.00023606419563299008,-7.62939453125e-05,0.0,-0.0009765625,-4.649162292480469e-05
012a565d39a644ea89685ae6cd4e5d8c,deep,W4,a3_deep_W4,58222.20818940682,339001828.1319738,57645.01902799844,332313869.84554696,577.1891614083797,6687958.286426842,300601.36543764756,1830979987.359258,578.7665031089641,-1.6182661056574066e-05,0.0014960765838623047,0.0007092952728289248,-0.00010064244270330258,0.0006653666496276855,-0.00020891427993768863,-7.629394531199693e-06,0.0,-0.000244140625,-1.1742115020751953e-05
012c0d5217494d12881d6b089bed0232,deep,W4,a3_deep_W4,61262.890377441436,375317440.31819826,60657.828665974,367940446.93807554,605.0617114674387,7376993.380122721,320534.1781869472,2075523652.3963673,608.9928557630825,0.000247418880462591,-0.0008070468902605654,-0.001360177993774414,0.00036582350730895996,-0.00011295080184942075,0.0001881718635558527,-4.57763671875e-05,0.0,0.0,-8.809566497808285e-05
012d625661ad4c76b706f410b9be0640,deep,W4,a3_deep_W4,64017.58672899843,409858905.70262647,63385.73078649583,401808109.75848615,631.8559425026033,8050795.944140315,344944.17146393494,2405722012.780134,636.3763237574782,1.9632279872894287e-05,-0.004971027374267578,-0.0035369396209716797,0.0002534538507462103,0.00020469725131988525,0.0008261203765869141,-7.62939453125e-05,-1.52587890625e-05,-0.00048828125,-0.00012221932411188297
013c9572481f47a3adb59c76a934e1e4,deep,W4,a3_deep_W4,61785.727874444114,381749002.1931764,61175.87062478427,374250079.9125689,609.8572496598426,7498922.280607462,332400.70469506603,2237007972.516631,614.1901995129119,8.384883403778076e-05,-0.005021691322324884,0.00013709068298339844,0.00017189979553228207,-3.771483898160066e-05,-0.00029718875885009766,-3.0517578125e-05,0.0001220703125,0.00048828125,-7.280707359308414e-05
013ff6659943447a9a569fdcbcd3abdb,deep,W4,a3_deep_W4,61420.62685475961,377252138.8329279,60813.30708872932,369828616.12153476,607.3197660302903,7423522.711393118,328896.9252238676,2192779408.321442,610.5608586305309,0.00014688074588781186,-0.0014990568161010742,-0.0026082992553710938,0.00012727081775670834,-8.255243301391602e-06,-0.0006202757358551025,2.2888183593699693e-05,-6.103515625e-05,-0.000244140625,7.957220077509097e-05
0144192045784fc8906de276b4e09eaa,deep,W4,a3_deep_W4,62976.85597469037,396620744.67711484,62354.36159029094,388818693.9251692,622.4943843994333,7802050.751945615,336036.0320449336,2282306339.3398533,626.0307852064615,2.397596836090088e-05,-0.0008141994476336123,-0.0032448768615722656,-3.987550735479184e-05,0.0005314350128174106,0.0004194974899291992,3.0517578125e-05,0.0,-0.00048828125,2.2232532501220703e-05
014a10fd129844228a18b568b069661d,deep,W4,a3_deep_W4,63362.9595293925,401489632.54783326,62738.934794511835,393620481.14687836,624.0247348806661,7869151.400954902,337747.2630070217,2308267106.473644,629.8689049058368,4.8249959945706467e-05,-0.0023305416107177734,-0.003679990768430841,0.00016154348850250244,3.327429294588957e-05,-0.0003965795040130615,-4.57763671875e-05,0.0,0.0,-9.036064147949219e-05
014ca29813304ce68204fb48dc217636,deep,W4,a3_deep_W4,63885.469053812696,408164547.2081506,63254.50737106154,400141893.9057685,630.9616827511563,8022653.302382112,347295.76644048025,2441817465.1017294,635.0629883955253,-6.882101297379928e-05,0.01299142837524414,0.008177757263183594,0.00024825334548950195,0.0016153752803801935,0.00128936767578125,-7.62939453125e-05,6.103515625e-05,-0.0009765625,-7.581710815429688e-05
014ccee408664909b71f80702d003e14,deep,W4,a3_deep_W4,62422.47635717108,389659722.8942528,61804.65253451106,381984679.7674322,617.8238226600224,7675043.126820564,330594.7976404747,2211894271.513999,620.5198923254712,-1.9863247871398926e-05,0.0048649311065656065,0.004770755767822266,-0.0001245439052581787,0.0002833902835845947,-0.0011345744132995605,-4.57763671875e-05,0.0,-0.000244140625,-0.00011277198791509457
01531de593f3468084dab12f6515e8e1,deep,W4,a3_deep_W4,63159.459169102454,398913069.0030124,62535.52508079815,391070505.0146956,623.9340883043042,7842563.988316834,340621.3849469831,2348833844.137402,627.8459793664391,1.710653305059262e-05,-0.0013381242752075195,-0.002292394638059747,0.0001523345708847046,0.0003592148423195024,0.0011371374130249023,4.57763671875e-05,-0.0001220703125,0.0,-8.821487426757812e-06
0154c6fe068243d4b2d5a704dad1cbc6,deep,W4,a3_deep_W4,62779.6208754945,394131066.2510565,62158.702309063985,386373366.7853395,620.9185664305114,7757699.465717018,336073.2726984639,2287527907.427829,624.0701404249962,-8.741021156311035e-05,0.00567317008972168,-0.0010836124420166016,0.00012150406837463379,0.00022402405738825015,-0.00014004111289978027,-4.57763671875e-05,0.0,-0.000244140625,-3.7610530853326996e-05
01551e922711450f92b50843d4e0f2be,deep,W4,a3_deep_W4,62333.102856148544,388545851.54163104,61717.98060344851,380915114.98703337,615.1222527000355,7630736.554597676,334175.9185724915,2259123825.7672133,619.6314617718047,-1.0102987289511978e-05,-0.0031161308288591982,-5.4836273193359375e-05,0.00012731552124020662,-0.0001443624496460516,-2.294778823797028e-06,3.0517578125e-05,0.0001220703125,0.000732421875,-7.033348083490543e-05
0157b39c4b434ceba885ddace4f5b9bd,deep,W4,a3_deep_W4,62940.28488042032,396155205.8790718,62318.97149067582,388372524.83990854,621.3133897444932,7782681.039163232,340859.96690106747,2354426957.888085,625.6672448151955,4.777312278750334e-05,-0.0010788440704345703,-0.0016379356384277344,0.00016200542449948396,-5.507469177248869e-05,-0.00020489096641540527,-3.814697265619969e-05,6.103515625e-05,-0.000244140625,-0.0001315474510192871
0158a691a8a64bd39527c6f9e750c8ee,deep,W4,a3_deep_W4,60337.92400769892,364089730.76213497,59739.27126409514,356901083.21271425,598.6527436037795,7188647.549420714,316883.67575478967,2032265026.1955583,599.7980902610989,0.0003091394901275635,0.004050731658935547,0.003277063369758082,-0.00033804774284362793,0.0006619691848754883,0.0005050599575042725,-3.0517578125e-05,-0.0001220703125,-0.000244140625,-0.00021135807037359067
015c200ce786438c8e35ddf635d1e236,deep,W4,a3_deep_W4,61512.25972718583,378375954.23474383,60904.72350531655,370938676.15056914,607.5362218692826,7437278.084174693,324533.31425741356,2125861336.2129352,611.4717488010209,-0.00012601912021639738,-0.0010550022125226377,-0.003349781036376953,0.00023432075977328215,0.0003192126750946045,-0.0003916323184967041,-7.62939453125e-05,-0.0001220703125,-0.000244140625,-0.0004139840602875311
015d02aa38e04950825ec5f8dc3d533d,deep,W4,a3_deep_W4,63045.96889714274,397490527.0136092,62423.187218324296,389676333.59825826,622.7816788184427,7814193.415350914,339559.59550563537,2331264001.7128453,626.7178124713373,-0.00013977289199829102,0.018333196640011096,0.010600090026855469,-0.00013083219528201018,0.0010481774806976873,-0.0002238750457763672,-3.814697265630031e-05,0.00018310546875,-0.00146484375,-0.00010222196578979492
015ee6e84a2d49e9b87dca6fdc4d49b4,deep,W4,a3_deep_W4,62230.793594788265,387270702.23542553,61615.978584538345,379656373.25254256,614.8150102499203,7614328.9828829765,328917.8452249243,2188613608.5976934,618.6144413722946,-7.828325033180927e-05,0.0007474422454833984,0.0034630298614501953,1.8477439880371094e-05,-9.277462959289551e-05,0.00045037269592285156,-0.000213623046875,-6.103515625e-05,0.0,-0.00022608041763311215
016576dd30c1464f9115584748950ed2,deep,W4,a3_deep_W4,63010.14221901846,397037259.9805178,62388.41695972538,389240734.17488277,621.7252592930818,7796525.805635035,343052.733545236,2384543528.040023,626.3616720592707,-1.513957977300473e-05,0.004575252532960761,-0.0016009807586669922,0.00015899538993841,-0.0008649826049804132,-0.0007900595664978027,1.52587890625e-05,0.0001220703125,0.0,-3.466010093688965e-05
01688042f526490ba8fe14aace17a558,deep,W4,a3_deep_W4,63106.26782244816,398242021.0318225,62483.04537152395,390414975.6357303,623.2224509242078,7827045.396092176,335410.4566039612,2275316708.343576,627.3172228892092,-0.0001667737960815152,0.003494024276736951,0.0006461143493687871,5.859136581418123e-05,0.00021600723266601562,-0.0006506443023681641,1.52587890625e-05,0.0,0.0,0.00016382336616521664
0169a7e8458246b1b371706f507ec511,deep,W4,a3_deep_W4,63614.63693959087,404707416.94323087,62987.09272629969,396762046.92293906,627.5442132911776,7945370.020291805,344416.7379189099,2398770251.0726914,632.3707415613303,-0.00023754686117169466,0.017082691192626953,0.005320310592651367,9.685754776000977e-05,0.00022339820861816406,-0.0001455843448638361,0.0001220703125,6.103515625e-05,-0.0009765625,0.00015375018119812012
0170db45fb744c4b91ffdf97a3f75ea3,deep,W4,a3_deep_W4,58883.996417326984,346748302.046579,58301.430008748255,339921214.22062576,582.5664085787284,6827087.825953245,312858.4596094148,1982499729.1297317,585.3451072255582,-3.743171691894531e-05,-0.000705420970916748,0.0006902217865007998,0.00012508034706121274,-1.6137957572999462e-05,-0.0003900378942489069,-3.0517578125e-05,0.0,-0.00048828125,-2.384185791010074e-05
017c41aac5db41f3bfe2f7938a4834d1,deep,W4,a3_deep_W4,62792.77335661161,394300683.93700504,62172.8470252234,386553602.1458939,619.9263313882111,7747081.791111171,337596.7926461028,2306936102.028495,624.2008846159172,3.120303154000026e-05,-0.0036323070526123047,-0.004972219467163086,0.00010603666305539217,0.0001374185085297186,-0.0005928874015808105,7.629394531199693e-06,0.0,-0.000244140625,5.632638931279965e-05
017e5dfc6d0d4c12b3f1196d85a16c9b,deep,W4,a3_deep_W4,61396.07956719257,376952179.6085093,60789.09337070676,369535639.37215614,606.9861964858137,7416540.236353159,328705.7525846549,2185547299.085397,610.3168426746303,5.2452087402066194e-06,-0.0032132863998413086,-0.0013577938079833984,0.0001531839370727539,-8.441507816320248e-05,-0.00026777386665338687,-1.52587890625e-05,-6.103515625e-05,-0.000244140625,-2.586841583251953e-05
018034e069134727b9e6e5627234f42f,deep,W4,a3_deep_W4,63036.60906422215,397364135.2086332,62413.73304331831,389550078.28407884,622.8760209038446,7814056.924554348,338616.748418089,2323804515.316026,626.624769662801,-0.00011743605136871338,0.01601696014404297,0.009303092956542969,0.00019142031669611148,0.00040337443351751157,-0.00011479854583740234,-6.866455078130031e-05,-6.103515625e-05,-0.000732421875,-5.3554773330688477e-05
018487b190aa472caf198b265a3b4d61,deep,W4,a3_deep_W4,62478.03312059502,390362240.4968137,61861.03692425778,382690345.91945887,616.9961963372407,7671894.577354848,336330.03148078197,2287398390.1102304,621.0721625792262,-3.540515899658203e-05,0.004482269287107599,0.0026440620422327754,-5.544722080230713e-05,0.0005229413509368896,0.0006411075592041016,-7.629394531199693e-06,-0.0001220703125,0.0,-1.430511474609375e-06
0184e485100e433c9032f2132e99e095,deep,W4,a3_deep_W4,61235.191036609824,374983911.50910985,60629.44058624527,367601849.1602474,605.7504503645541,7382062.348862469,325916.2104063962,2154039206.8275094,608.7175063538093,0.00012618303298950195,-0.005606412887571466,0.0012195110321044922,0.00021275877952570132,-6.699562072753906e-05,-5.8710575103759766e-06,-4.57763671875e-05,6.103515625e-05,0.0,-0.0002912878990172785
018f683e86ea42eb8e98935e890eb9fd,deep,W4,a3_deep_W4,62330.765515597755,388513946.3642562,61715.67899688871,380884014.3859298,615.0865187090458,7629931.97832638,331428.99262952124,2227211287.1258397,619.6082270911007,-7.47144222259799e-05,-0.008703470230100763,-0.007541179656982422,0.00026419758796686343,0.0005700588226318359,-0.00010526180267333984,-4.57763671875e-05,0.00018310546875,0.0,-0.00026601552963256836
019a31cb0c1646758bc44d47366e32e6,deep,W4,a3_deep_W4,53633.98322754138,288215816.52059555,53098.29650905053,282488835.65287054,535.6867184908479,5726980.867725015,286874.2204466774,1678274127.8655217,533.1565717917374,-3.9130449295043945e-05,0.008416175842286933,0.009156465530395508,-0.00012093782424921207,0.0008587241172791082,0.00022798776626586914,-1.52587890625e-05,-6.103515625e-05,0.000244140625,-0.00015088915824890137
019c097c504c4e1dbefcd1079619b8cf,deep,W4,a3_deep_W4,61390.36328032568,376886130.46865606,60783.20492679366,369468136.4746765,607.1583535320169,7417993.993979573,320531.8728856849,2078519433.6304154,610.2600190764947,1.993775367739592e-05,-0.001690983772277832,-0.0017178058624249815,0.000532537698745783,-3.904104232788086e-06,2.4437904357910156e-06,-1.52587890625e-05,0.0001220703125,-0.000244140625,-9.557604789733887e-05
019cdc2fe9da4327aa8d617401d8189b,deep,W4,a3_deep_W4,62285.15115218678,387950944.359738,61670.60587887954,380333148.2336365,614.545273307238,7617796.126101494,334740.61172591045,2268475953.8083286,619.1547907405414,4.683434963220767e-05,-0.0013864040374738096,-0.001354217529296875,0.00026339292526245117,0.00022545456886288728,-0.0007180869579315186,-7.629394531300307e-06,6.103515625e-05,-0.000244140625,-5.2481889724731445e-05
01a4a9aa5dfc4436891849a88f2e99e7,deep,W4,a3_deep_W4,61808.30722556849,382027029.36095923,61198.77790575488,374529378.9889581,609.529319813606,7497650.3720011115,328486.8621174174,2188739095.2922916,614.4146529044805,-0.00020158290863039885,0.0036633014678937315,0.0025129318237304688,-2.0891427993718903e-05,0.0001386404037475586,-0.0005077719688415527,1.52587890625e-05,-6.103515625e-05,-0.000244140625,0.00010368227958679199
01a76c394cc640f6ad469199166ece29,deep,W4,a3_deep_W4,60797.81977440876,369638797.9880083,60196.93016685266,362368323.2893255,600.8896075560988,7270474.698682845,318945.0537882549,2050017845.8966086,604.3697523977764,0.0001529604196549017,-0.004392862319946289,-0.004537105560302734,0.00037556886672979184,-4.172325134277344e-07,0.00012922286987299136,-3.0517578125e-05,6.103515625e-05,0.0,-0.00018328428268432617
01b853942c324f83a89d27e97796200c,deep,W4,a3_deep_W4,61276.294033553764,375482936.66062236,60671.59670597391,368108689.77812785,604.6973275798518,7374246.882494509,322164.3030152699,2100427143.7824326,609.1260967963283,8.45193862915039e-05,-0.0016832351684570312,-0.0010824203491246465,0.00020501017570501157,-0.0005545318126679022,-0.00021576881408691406,0.0,0.0,0.00048828125,-0.00010305643081659488
01c7a9010fa6463897e5919443c72886,deep,W4,a3_deep_W4,63507.35846186502,403319450.1802909,62880.29070914936,395394080.6871788,627.0677527156586,7925369.493112087,339250.7183075401,2328581443.4759836,631.3043239288994,3.451108932500668e-05,0.0009477138519287109,-0.0011277198791503906,0.00021123886108398438,0.00030574202537539397,-0.0004410743713378906,-4.57763671875e-05,-6.103515625e-05,-0.0009765625,-6.777048110961914e-05
01c80c7c0e954db9a53a11fabc2053eb,deep,W4,a3_deep_W4,62877.47093228098,395377088.2801555,62256.33400096928,387604184.46200424,621.1369313117029,7772903.818151236,334334.8254805874,2250948682.339775,625.0428334395086,4.243850708010588e-05,-0.006444454193117011,-0.003834962844848633,0.00023019313812250308,-0.00012587010860451442,-6.765127182006836e-06,2.2888183593699693e-05,0.0,0.000244140625,1.0281801223699372e-05
01d0e94dc746416484c9157bbe320203,deep,W4,a3_deep_W4,61156.8325498201,374021161.0878773,60551.40924721059,366652643.7616868,605.4233026095098,7368517.326190472,322669.1148984276,2111262533.9386196,607.938572184211,2.3841857910184006e-05,0.005191564559934747,0.005848407745361328,0.00018030405044561215,-0.00038310885429376773,-0.0001380443572998047,-7.62939453125e-05,0.0,-0.000244140625,-0.0002129971981049139
01d1c15787514d14a4538256a88b43a5,deep,W4,a3_deep_W4,63788.66676373502,406920830.2638596,63159.42058389395,398932190.2047482,629.2461798410659,7988640.059111416,345858.24413777614,2422170648.395358,634.1007108615138,-1.892447471608938e-05,0.011307001113891602,0.005774497985839844,0.00022442638874059506,-0.00040453672409057617,0.0001481771469116211,-3.814697265630031e-05,6.103515625e-05,-0.000732421875,-4.687905311590024e-05
01d2ae479ed74c7188c270dea892cf67,deep,W4,a3_deep_W4,62047.3233140737,384988767.65940523,61435.704848591915,377436297.41472465,611.6184654817844,7552470.2446805835,329032.06898209866,2188768036.3329854,616.7906278122155,8.568167686490158e-06,0.0002574920654296875,-0.0004374980926513672,0.00020146369934087582,0.00017437338829040527,-0.00038367509841918945,-1.9073486328199593e-05,0.0,-0.00048828125,2.458691596979312e-05
01d9dd3aa5dc46c3a44bfd40d5898c0e,deep,W4,a3_deep_W4,62720.92028762289,393397967.62424636,62103.39074103961,385689496.37823385,617.5295465832751,7708471.246012509,338552.99063056445,2323369384.208652,623.4866185176448,-9.800493717190828e-05,-0.0037270784378033994,-0.0021016597747802734,-0.0001713782548904974,-8.121132850641422e-05,-3.3974647521972656e-06,1.52587890625e-05,0.0,0.0,-2.73287296295166e-05
01eac793c4ec40c5aa6bbd09b45fc26a,deep,W4,a3_deep_W4,60608.940147286325,367347866.7232508,60009.18653051922,360113728.06606454,599.753616767106,7234138.65718627,317344.1950703143,2034732579.264632,602.4921664267575,-0.0002524554729462225,0.004607439041137695,0.005543231964111328,6.777048110956363e-05,0.0006403326988220215,0.0006667375564575195,-1.52587890625e-05,0.0,-0.000244140625,-0.00015878677368158511
01f0c1dd487e43f795830fe6008142e4,deep,W4,a3_deep_W4,61932.01512781978,383561823.3754553,61320.24347116436,376021515.56271005,611.7716566554227,7540307.812745273,330652.6859010996,2207808548.32938,615.6443896702178,-0.000152662396430997,0.008680820465086114,0.008711814880371094,1.281499862698654e-06,-0.00019088387489318848,0.000531613826751709,-6.103515625e-05,0.0,0.0,-9.953975677490234e-06
01f1cc659cb847a4a7366b84844641c2,deep,W4,a3_deep_W4,61982.02325924703,384183345.2581493,61368.819880437775,376619324.6975286,613.2033788092522,7564020.560620725,330235.10519169364,2202406746.603846,616.1415029239614,-1.3411045068911776e-07,-0.003274083137512207,-0.0016331672668492558,9.104609489440918e-05,-0.0003391057252883911,0.0,0.0,0.0001220703125,0.00048828125,-5.862116813659668e-05
01f3115282994da9b32967eb2075d4aa,deep,W4,a3_deep_W4,60783.36830955317,369471532.1752596,60180.79562039571,362182578.56304014,602.5726891574595,7288953.612219453,317912.9084730325,2049930418.2434738,604.2260954661797,-0.00026291608810419254,0.005465745925901544,0.00437974929809215,-0.0004628300666809082,0.0005608797073364258,-0.0011672377586364746,-6.103515625e-05,-6.103515625e-05,-0.00048828125,-0.00045153498649591617
01f376bb2b5a4860a53914dbf66d4ac0,deep,W4,a3_deep_W4,62888.197129533524,395494035.16755944,62266.856376650685,387717610.379184,621.3407528828393,7776424.788375437,334760.0448105119,2266813222.723986,625.1494587955123,0.00011092424392700195,-0.0008338689804077148,-0.0015401840209960938,0.00010767579078668765,0.00021278858184814453,-0.0002969801425933283,-3.0517578125e-05,0.0,-0.000244140625,-9.894371032714844e-06
01f3fb1336a444309e9959d359c8b4ab,deep,W4,a3_deep_W4,59743.5835993612,356977998.6994232,59150.62455078455,349927771.9506655,592.9590485766457,7050226.74875772,308852.3392801634,1933659788.6296196,593.8899612071314,0.00022158026695251465,-0.0010412931442260742,-0.0011920928955095889,0.00035756826400751285,9.930133819580078e-05,-0.00020837783813476562,-7.629394531199693e-06,0.0001220703125,0.000244140625,-0.00014838576316839047
01f64ccc5e5049e29c3e8be0aaf31bd5,deep,W4,a3_deep_W4,62736.48815095765,393586929.52032095,62116.94151359034,385851676.77986145,619.5466373673116,7735252.740459502,334724.6565923277,2264856097.604104,623.6413731740438,-3.731250762942229e-05,-0.0046575069427490234,-0.002576112747192383,0.00012767314910894223,-0.0001488924026489813,0.00026467442512512207,4.57763671875e-05,-3.0517578125e-05,-0.00048828125,-1.0579824447687347e-05
01f6b5adc5c44c17b159d7dc2f7f6dd6,deep,W4,a3_deep_W4,63398.62698382577,401947749.05991465,62773.20274577365,394056443.9450666,625.4242380521246,7891305.114848077,344106.06690559175,2400107697.3689823,630.2234625311673,5.230307578985016e-06,0.0018799304962158203,0.001218318939201879,0.00022971630096441098,-0.0002619028091430664,0.00017881393432617188,0.0,0.0,0.00048828125,8.270144462579898e-05
01f74014d40f436e91fbf60e7f688057,deep,W4,a3_deep_W4,62614.16659213422,392055709.25474447,61996.14866282011,384354514.2280104,618.0179293141118,7701195.026734054,335369.07080930006,2274443188.7221084,622.4254175609424,4.699826240539551e-05,0.008163452148441053,0.005297660827636719,0.00013148784637451172,0.0008573234081267755,-0.0003358125686645508,0.0,-6.103515625e-05,0.0,-7.855892181396484e-05
01fb4fff624544a88317709570572e0f,deep,W4,a3_deep_W4,61412.927920012546,377161992.7670985,60803.19959141984,369710121.81971526,609.7283285927042,7451870.947383225,322725.4174038453,2113644105.332657,610.4843262268349,-8.133053779599275e-05,0.004922151565551758,0.003362894058227539,0.00011038780212402344,0.0001900792121887207,0.00041735172271728516,-7.629394531300307e-06,0.0001220703125,-0.000244140625,5.796551704401187e-05
01fbee27f8f74a1eaf7e613de5cb78ee,deep,W4,a3_deep_W4,63196.2653227964,399382572.0577336,62572.40287754077,391536209.0590291,623.8624452556251,7846362.998704493,340533.14508113445,2346131137.081994,628.2118564008008,1.674890518191252e-05,-0.0019830465316790225,-0.0008928775787317988,0.00010137259960171785,-0.0006203353404999334,-0.0002173185348510187,0.0,-0.0001220703125,0.00048828125,-4.264712333673648e-05
01ffee46c0644a17a8ac9f9f3bf7ef4d,deep,W4,a3_deep_W4,62288.417709527894,387991074.0650795,61673.295647147665,380365780.1086775,615.1220623802292,7625293.956402004,332668.4050924587,2238001712.907225,619.1872624386839,0.00013996660709378328,-0.0004637241363507627,-0.004680156707763672,0.0004134178161621094,-0.00011539459228515625,0.0002796053886413574,-7.62939453129944e-06,6.103515625e-05,0.0001220703125,-0.00019384920597070865
0200b7f6eb574385ace14b2d03502ec2,deep,W4,a3_deep_W4,62612.97545795251,392040137.8937074,61994.97808099985,384339359.52271503,617.9973769526623,7700778.3709923625,334883.122606513,2270998254.111224,622.413576914795,-0.00014936923980710115,0.009417533874511719,0.007684230804443359,7.671117782587222e-05,-0.000216335058212197,-0.00023245811462402344,-6.103515625e-05,0.0001220703125,-0.00048828125,5.272030830383301e-05
02010e17a28845cc921858cc24ece163,deep,W4,a3_deep_W4,64425.77619246358,415098175.6777474,63789.2903211324,406936864.3009665,636.4858713311769,8161311.376780927,349524.7541920321,2475214306.5118103,640.4339917113815,-0.0001049563288689076,-0.0015866756439208984,0.005774497985839844,0.0003343820571899969,0.0008766651153565008,-0.0002225041389465332,-0.0006942749023438003,-0.00018310546875,-0.00341796875,-8.982419967651367e-05
02097b72cb764df79f0188df985014a5,deep,W4,a3_deep_W4,60601.685113986176,367257780.92274404,60003.059246410274,360038062.3289965,598.6258675759018,7219718.593747556,319978.28169998684,2067579540.2003329,602.4200466912881,-0.0001310557126999179,-0.002253055572511542,-0.0010514259338378906,-0.0001348555088043768,0.0005261003971099854,0.0009101033210754395,-7.629394531199693e-06,6.103515625e-05,0.0,-0.00022241473197937012
020bc99c57c04bf6abfc9fe91a6a1215,deep,W4,a3_deep_W4,60572.001332585336,366897737.4275441,59973.496319897844,359683009.5142755,598.5050126874921,7214727.913268626,319853.61829652643,2066815660.8486495,602.1249706559626,-0.00012044608592989836,0.0007194280624389648,0.0010943412780761719,-2.911686897272281e-05,0.0007739365100860873,0.00013828277587896176,-7.62939453125e-05,6.103515625e-05,-0.001220703125,-0.00010588765144353696
0214176d73af485287532957baf9888b,deep,W4,a3_deep_W4,62359.70557751908,388874187.40310186,61742.5088537417,381214649.90024364,617.1967237773788,7659537.5028582215,332925.65797066357,2246336256.708949,619.8959100725408,-0.0002156794071198065,-0.0036478042602547944,-0.004817247390745294,0.00021028518676757812,0.00022143125534060393,0.0005638599395751953,-1.52587890625e-05,0.0,-0.000244140625,5.22136688232977e-05
021504573eab4f8995e46ac306744e04,deep,W4,a3_deep_W4,61480.112880082816,377983192.32033885,60873.72864771047,370563844.1457877,606.3842323723438,7419348.174551129,327873.3322335125,2177710852.1377354,611.1521882954614,-0.00012953579425808992,0.0034332275390625,0.004608631134033203,0.0002034604549407959,-0.0006717443466186523,-0.0001577138900756836,-1.52587890625e-05,6.103515625e-05,0.00048828125,-9.712576866149902e-05
0219f955d31b4907b5eeb6a345a47eb2,deep,W4,a3_deep_W4,63144.06749333714,398726746.7002853,62520.88728225987,390895392.3039754,623.1802110772696,7831354.396309912,338732.8299954264,2326299808.245083,627.6929761287278,7.31050968170166e-05,-0.003678798675535333,-0.004055500030517578,0.000430375337600708,-0.0003631114959716242,-0.0009004771709442139,-2.2888183593699693e-05,0.0,0.0,-0.00011450052261346988
021a5902e34c4742a828335c86bfe4cd,deep,W4,a3_deep_W4,63835.15562490605,407514721.5827995,63205.86235139586,399519612.4461001,629.2932735101931,7995109.1366993785,343282.59486136405,2381995468.2224736,634.5628402868691,7.079541683201185e-05,-0.001983642578125,-0.0019383430480957031,0.0005412101745605469,-9.040534496310149e-05,1.2308359146118164e-05,1.52587890625e-05,6.103515625e-05,-0.00146484375,8.19861888884943e-05
0222f2054a72477a9af17694d4ab1a9e,deep,W4,a3_deep_W4,61128.115278148325,373673268.5536622,60524.28823077271,366327403.00265706,603.8270473756129,7345865.551005125,320487.5388192056,2079296304.2276895,607.6531038823177,1.3113021850585938e-05,-0.0034856796264648438,-0.0023114681243896484,0.00046756863594049625,0.00021165609359746762,-0.0002443194389343817,3.0517578125e-05,-6.103515625e-05,0.000732421875,2.3424625396673004e-05
0228c654c3b44da99c4b3b75d5f8b1cb,deep,W4,a3_deep_W4,62122.64099570579,385927130.8358557,61508.96478763058,378340049.1061327,613.6762080752087,7587081.729723036,332462.44149663416,2234756484.025799,617.539334406762,-4.380941390907944e-06,-0.0031012296676635742,-0.0021529197692871094,0.00014984607696538754,7.052719593048096e-05,-0.0007744133472443182,-4.57763671875e-05,-6.103515625e-05,0.0,-5.155801773071289e-05
022a46a47f70497badb519b86f7d0dfa,deep,W4,a3_deep_W4,55995.106521572445,313871492.3337738,55433.74637748988,307612883.1410751,561.360144082566,6258609.192698717,293752.36865067907,1753840917.8750036,556.6276683851523,-0.0010717213153838556,0.008641481399534356,0.009427070617675781,-0.0010119080543518066,0.0027756690979003906,0.0009057521820068914,-3.4332275390599847e-05,-0.00030517578125,-0.000732421875,2.0563602448064877e-06
022c1581dcd44145a86c1522d7ab44d3,deep,W4,a3_deep_W4,62765.00320591654,393952460.8705324,62145.46678732673,386213633.75626856,619.536418589807,7738827.114263833,330128.4836157926,2199758917.2626567,623.9248313106851,3.0741095542907715e-05,-0.0027132034301757812,-0.0029981136322021484,6.86943531036932e-05,0.00041142106056210603,-0.00020834803581237793,1.52587890625e-05,-6.103515625e-05,0.0,-1.4603137969970703e-06
023d8f2444234e6185ca713309cfeb99,deep,W4,a3_deep_W4,60864.95268424883,370456677.2987722,60263.872314592714,363175836.44447124,601.0803696561125,7280840.854300976,321516.93511191424,2093386311.7429116,605.0370970533633,0.00018978118896489926,0.0008308887481707217,0.00022172927856445312,-1.096725463869963e-05,0.00043213367462158203,0.0004011690616607111,-3.0517578125e-05,0.0,-0.000244140625,-0.00011971592903137207
0247b01389f541e8a22ab2f98e44c953,deep,W4,a3_deep_W4,62211.186974276556,387024895.055236,61596.654284686934,379416468.6947826,614.5326895896214,7608426.360453367,331089.45436938596,2219199103.9278264,618.4195388506582,6.738305091860686e-05,0.005667209625244141,0.002883672714236951,0.00017899274826049805,0.00022166967391967773,0.00045031309127807617,-4.57763671875e-05,-0.0001220703125,-0.000244140625,-0.00018024444580078125
024a0d26f2ab4be8bacf86127e23e6aa,deep,W4,a3_deep_W4,61630.461092680416,379832073.7703713,61022.15061638222,372370974.4197661,608.3104762981966,7461099.35060519,325352.1045385382,2139000279.136551,612.6467470207285,-0.0001017451286315918,0.000283718109129083,-0.0008249282836914062,-6.514787673950195e-05,-6.738305091860686e-05,0.00011086463928222656,-0.000152587890625,-0.0001220703125,-0.000732421875,-0.00026795268058771304
024b1ec28a404f46866c62a69d6370d8,deep,W4,a3_deep_W4,59504.62474799175,354110413.87489784,58916.136565340275,347141076.83531284,588.4881826514757,6969337.039584994,311104.3743389161,1957940461.6152523,591.514555273641,2.98023223821442e-07,-0.00030040740966796875,-0.0005745887756347656,6.735324859624692e-05,-1.4975666999789139e-05,-3.6001205444280426e-05,1.52587890625e-05,0.0,-0.00048828125,9.906291961669922e-05
025784ce00f14da9bcfe44013eb2289c,deep,W4,a3_deep_W4,62483.23999969805,390425448.82365566,61864.670924192134,382733587.5645739,618.5690755059186,7691861.259081781,329706.03103692713,2198457486.10669,621.1239223338677,0.00015306472778320312,-0.0006306171417227446,-0.0016427040100079893,0.0002653300762177069,5.540251731871171e-05,0.00026720762252807617,-8.392333984380031e-05,0.0001220703125,-0.00048828125,-0.0005301535129547674
025828c4084440649cde38135a9d8a2e,deep,W4,a3_deep_W4,62078.91739128559,385399804.2067062,61466.06422500377,377827916.8157178,612.8531662818204,7571887.3909884095,333032.67317848623,2239828062.676924,617.104693426618,0.00010576844215401393,0.001536607742307794,0.0011539459228551152,0.00028708577156072446,-0.00048166513442998715,3.10838222503107e-05,7.629394531199693e-06,0.0,-0.000244140625,3.0934810638427734e-05
025c1e16f9634c71be21574417c1b8a7,deep,W4,a3_deep_W4,61297.57409552113,375741369.6783665,60692.885221363475,368364699.70292014,604.6888741576549,7376669.975446343,324235.6366265752,2127733268.9439583,609.3376344111629,-0.00014127790927889738,-0.0016582012176495908,-0.00024199485778808594,-0.00019547343254089355,0.00012359023094180022,0.0005327761173247736,-7.629394531300307e-06,6.103515625e-05,-0.000244140625,2.54213809967041e-05
025cf7f3f4524bf7b69a822007bcdf3a,deep,W4,a3_deep_W4,60411.66059636866,364964592.7252935,59814.78172704635,357788445.7313756,596.8788693223105,7176146.993917942,321210.16440347425,2091045972.115321,600.5310797663533,-8.706748485559634e-05,0.0016725063323956846,0.00019669532776234178,0.00020691752433776855,-0.0005462467670440674,-0.0003038048744201105,0.0,0.0,0.000244140625,-1.4334917068481445e-05
026dd4fca8a347e799ff5bfd78df68bb,deep,W4,a3_deep_W4,61231.94902482067,374936345.41531676,60627.49680210816,367570516.8405235,604.4522227125126,7365828.574793279,324589.6832395799,2132119433.879717,608.6852786543697,0.00022462010383611508,-0.003618001937866211,-0.003139972686767578,0.0002346336841583807,-0.0005836188793181818,0.00012424588203430176,7.629394531199693e-06,-6.103515625e-05,0.000244140625,-5.4329633712824066e-05
0278450d1e324c33904e160e115f6fbd,deep,W4,a3_deep_W4,62378.536550382734,389111062.18642104,61762.90634799023,381468476.2049315,615.6302023925018,7642585.981489539,334141.96863476426,2262371598.7223654,620.0831021535932,0.00031948089599609375,0.006406307220460761,0.0017833709716796875,0.0005258172750472745,0.0003319084644317072,6.347894668579102e-05,-4.57763671875e-05,-0.0003662109375,0.000244140625,-0.00022363662719732114
0281cce51dcb43988b3d3760c0fb335e,deep,W4,a3_deep_W4,62484.55151216955,390438792.5704582,61867.345648804956,382763587.5322915,617.2058633645938,7675205.038166702,333543.8645629892,2252497564.648046,621.1369596182737,0.0002907216548918845,0.001610517501832831,0.0007343292236328125,1.8924474716131012e-05,0.00037920475006109067,5.823373794555664e-05,-3.433227539069959e-05,0.0,0.000244140625,-0.0003001838922500888
02871968fcbd46dc9f5059ec1fc7d13b,deep,W4,a3_deep_W4,63388.06723371031,401827622.2205773,62762.38349106294,393934145.8275258,625.6837426473721,7893476.393051505,342802.5200027776,2380347055.8493023,630.1184917676375,-7.665157318120785e-05,0.011179447174072266,0.005453824996948242,0.00020453333854669742,9.16123390198309e-05,0.0007578730583190918,-3.0517578125e-05,0.0,-0.00048828125,-1.4901161194402768e-06
0288b5d8dfda43b9938f0dcf1ac86da2,deep,W4,a3_deep_W4,64307.41732418235,413593678.00030786,63672.29217783604,405464391.6882032,635.1251463463122,8129286.312104642,348809.70791792177,2460947916.5715547,639.2574278118433,5.63263893130217e-06,-0.0006723403930628535,0.0007843971252476933,0.0003583878278732022,-0.00013446807861322574,-0.000896751880645752,-7.62939453125e-05,0.0,-0.00048828125,-0.0002528131008147638
028f74fc5b384764826acb595846b9d8,deep,W4,a3_deep_W4,62491.58503086858,390526767.1828654,61874.05999748831,382846727.9503258,617.5250333802687,7680039.232539594,334045.15151333157,2254837891.671849,621.2068773549687,-5.0574541091918945e-05,0.009288787841796875,0.004776716232296252,0.00013267993926999178,0.0002956986427306574,0.0008715689182282049,-3.0517578125e-05,-3.0517578125e-05,0.0,-0.00025963783264160156
0290737f64b14b08b87faa644580f3a9,deep,W4,a3_deep_W4,60339.22101867675,364111994.8386076,59740.99946518119,356928345.08431363,598.2215534955612,7183649.754293978,319696.4338214064,2075322208.7451823,599.8109833912542,9.389221668240633e-05,-0.0014555454254168154,-0.0016069412231445312,0.0002580881118773859,-6.490945816040039e-05,-0.0005063116550445002,-7.629394531300307e-06,-0.0001220703125,0.0,-2.1934509277315994e-05
029bf16fe8e2495bbadd991b7358559a,deep,W4,a3_deep_W4,63305.289385079996,400772813.12836087,62681.50100496386,392913566.0837369,623.788380116137,7859247.044623971,343490.2676463675,2389681709.3829637,629.2956262756454,-0.00010059028863909636,0.010491609573364258,0.0058650970458984375,7.353723049161043e-05,-0.0008156001567840021,0.00017243623733520508,-1.52587890625e-05,-9.1552734375e-05,0.000244140625,-9.426474571228027e-05
029d4dcccd66451c847a4dc5da36b5e6,deep,W4,a3_deep_W4,61621.913904791596,379726911.61366606,61014.267528985714,372274953.95631367,607.6463758058817,7451957.657352388,329052.7833612269,2193125447.1711965,612.5617824307609,9.121000766748599e-05,0.0007134675979614258,-0.0002753734588623047,0.0002027750015258789,-0.0006476342678070068,0.00031104683876032047,-2.2888183593699693e-05,-6.103515625e-05,-0.000732421875,-7.361173629705231e-06
029e028b4a6842c29183b6a30bb2f04e,deep,W4,a3_deep_W4,62931.52401323283,396037914.4738911,62311.026283361054,388266634.3415196,620.4977298717786,7771280.132371485,333359.45107592497,2241664523.066954,625.5801561144405,-6.638467311859131e-05,-0.003993511199951172,-0.005242824554443359,0.0002922415733336847,-0.00011788308620450105,0.00014507770538330078,-0.0001068115234375,6.103515625e-05,-0.000244140625,-0.0003742575645446222
00001ec0d78549e1b8c2083a06105c29,deep,W5,a3_deep_W5,58779.65233560784,346488727.63705117,58199.38044412825,339680202.57199836,580.2718914795914,6808525.065052807,337142.56864883204,2302865499.803557,584.3078593922187,2.063810825350676e-05,0.003315210342409003,-0.0005578994751047617,0.00026507675647730045,0.0009306073188781738,0.0002474188804626465,3.814697265699593e-06,0.0,-0.00048828125,-1.1175870895385742e-05
0005d5eb0eb847648bf2e76f6931ed48,deep,W5,a3_deep_W5,60303.268264436374,364259604.8969679,59703.43206304852,357051761.61332333,599.8362013878505,7207843.283644557,343577.9859389535,2390972005.771381,599.4535897008409,-4.7244131565093994e-05,-0.0027722120285051943,-0.0038647651672327754,9.2089176177923e-05,4.611909389498625e-05,0.000734180212020874,9.1552734375e-05,-6.103515625e-05,0.00048828125,-1.6301870346013825e-05
0005df571e71437991594d0affec9c2b,deep,W5,a3_deep_W5,61061.43331687562,373176583.549489,60457.903311513815,365836134.3447038,603.5300053618048,7340449.204785228,337190.61341037205,2295044954.5316296,606.9902419479043,8.888542652138454e-05,-0.0027072429657000185,-0.0004172325134277344,0.00036156177520751953,0.00010162591934209653,6.824731826776675e-05,-1.52587890625e-05,-6.103515625e-05,0.0,-8.65757465363104e-05
000c895f9ef6491894ac588634f3d2b5,deep,W5,a3_deep_W5,56769.45793592047,323781282.4254535,56198.97424364879,317312414.1262152,570.4836922716859,6468868.299238265,328762.1391621603,2190528399.879606,564.3252235655007,-0.0001118332147597989,0.007741451263427734,0.0061106681823766,0.00012922286987301912,0.0014466643333435059,0.00040036439895629883,-1.1444091796900153e-05,-0.0001220703125,0.0,4.7385692595880435e-06
000d1c5d169f4fda93a32f2eaeac80d8,deep,W5,a3_deep_W5,57549.41985363604,332162702.27321345,56974.80627027575,325564143.6226721,574.6135833602893,6598558.650541365,329186.7012138779,2195381599.898074,572.0785507874067,-0.00010861456394201108,0.008336305618286133,0.0036215782165527344,-4.369020462030582e-05,0.000110626220703125,-0.0006635785102844238,-2.6702880859399286e-05,6.103515625e-05,-0.000244140625,-0.00016413629055020418
00133744383047b888486d10548eb32d,deep,W5,a3_deep_W5,56377.76852516858,318899016.6867316,55814.78612683006,312563539.539432,562.9823983385213,6335477.147299588,319613.2089414379,2064103142.367108,560.4315768348888,-4.823505878448486e-05,-0.004615783691402697,-0.002750158309940076,-6.815791130071469e-05,0.00017711520195001773,0.00012144446372980289,-2.2888183593699693e-05,0.0,0.0,-0.00017896294593805484
0013d88f17a245b0bff5ebe713bd72ab,deep,W5,a3_deep_W5,60408.04840780357,365413505.41902804,59809.513392410976,358208403.77803516,598.5350153925974,7205101.64099288,341346.28966405,2360088947.1568646,600.4951722697225,-6.39110803604126e-05,-0.0007921457290649414,-0.0013327598571777344,0.00034524500370020084,0.00036409497261039037,0.0005278587341308594,-4.57763671875e-05,0.0,-0.000244140625,-0.00014710426330566406
0015eb3cf53b4339b2d0532cf912ab26,deep,W5,a3_deep_W5,59745.60241214398,357666143.7141696,59149.07686657874,350563024.9564246,596.5255455652368,7103118.757745028,340939.7570136904,2353890328.4817386,593.9100295152746,-4.89652156829834e-05,-0.0034755468368530273,-0.004373788833618164,0.00027379393577575684,0.0001423954963684082,-0.0007857680320739746,-6.103515625e-05,6.103515625e-05,-0.00048828125,-8.735060691827945e-05
001e6d1b655542b48dbe00f3a3ccc616,deep,W5,a3_deep_W5,51828.11003944717,270012601.5889488,51308.281887886355,264626571.0972903,519.8281515608178,5386030.491658479,310697.490622915,1958522075.6135306,515.2050212986443,-0.000219345092773382,0.0019407272338849424,0.0023293495178222656,-0.00027948617935180664,0.00019174814224243164,-0.001288771629333496,-3.8146972655998465e-06,-3.0517578125e-05,-0.0003662109375,3.1888484954833984e-06
001f17841a2642e4a9fa2f9b1687aa1e,deep,W5,a3_deep_W5,60691.42016754652,369072200.7566228,60093.201053567755,361832584.83407813,598.2191139787683,7239615.922544658,342531.5580425843,2374420824.1065764,603.3120713116264,3.7431716919000824e-05,0.0005918741226196289,0.003789663314819336,0.00017237663269040193,-2.9712915420532227e-05,0.00036144256591796875,-3.0517578125e-05,0.0,-0.00048828125,-4.133582115167789e-05
0029e901155f414696aa6b470cbe40d4,deep,W5,a3_deep_W5,60186.29416683797,363079393.4053004,59594.80071434585,355975111.9172391,591.4934524921191,7104281.488061249,339039.87875161873,2326873858.0940385,598.2907913198329,0.00021466612815851382,0.0034129619598406435,0.0018537044525146484,0.0006170421838760931,-0.0002957582473754883,-0.00032407045364379883,-5.340576171869969e-05,0.0,-0.000244140625,-0.0001238286495208185
00317d7cb89c4f84b28090ec8eeb361a,deep,W5,a3_deep_W5,55236.01480479449,306394013.382458,54680.96686137114,300269605.3733207,555.0479434233494,6124408.009137273,323939.38060793496,2126289848.1794815,549.0818044936743,-7.063150405881014e-05,-0.001035928726196289,-0.004136562347412109,0.0002193897962569913,-0.00017881393432617188,-0.0006792545318603516,3.8146972655998465e-06,0.0,0.0,-4.723668098449707e-05
003245510e8f4bcb98f1794348606f68,deep,W5,a3_deep_W5,58204.11625857107,339668552.22700685,57622.40980026793,332915731.01523185,581.7064583031388,6752821.211775005,330576.69651191914,2211489878.11037,578.5866575848949,3.7804245948791504e-05,-0.003423690795900214,-0.0033664703369140625,4.1440129280007065e-05,4.6879053115789215e-05,0.0001665651798247736,-3.0517578125e-05,0.0001220703125,0.0,-0.00010403990745538882
004459ae7559418fad89ddb73e140b56,deep,W5,a3_deep_W5,61514.84556640762,378939575.6997575,60903.85597255391,371451571.6861551,610.9895938537084,7488004.013602436,347996.78130173346,2449768162.550453,611.4974537196514,9.790807962420378e-05,-0.002166032791135919,-0.002741813659664416,0.0002295076847075861,0.0006635487079620916,0.0011158585548400879,-4.57763671875e-05,3.0517578125e-05,-0.00048828125,-4.801154136663266e-05
0047b3f31cc844d2bfe8e59820b87312,deep,W5,a3_deep_W5,59378.18356299954,353269414.69527763,58786.05915111719,346261066.0445454,592.1244118823524,7008348.650732219,331338.19816893793,2216383152.153346,590.2576479050845,-1.0281801224032439e-06,-0.002117156982421875,0.000286102294921875,0.00024455785751348325,0.0003027021884917658,-0.0006017386913300116,-4.57763671875e-05,0.0,-0.000244140625,-0.00014007091522211246
0048e8224b174b759771e39ff521ee2e,deep,W5,a3_deep_W5,54409.317314825385,297567815.5960341,53864.9682872546,291647916.8248261,544.3490275707809,5919898.771207988,319410.45865468844,2069010611.2876573,540.8638953782754,0.00018846988677978516,-0.0005698204040545107,-0.0014579296112060547,0.00019106268882751465,0.0004780292510985773,-0.00026559829711919614,-3.814697265629944e-05,-3.0517578125e-05,-0.000244140625,1.5169382095392425e-05
004a33ffd2654583822bdd2eed1241ba,deep,W5,a3_deep_W5,60700.92730697233,369229915.09985673,60097.57697781753,361928883.12974143,603.3503291547968,7301031.970115304,346612.9089852452,2433801541.31973,603.4065784423443,5.383789539330219e-05,-0.0059413909912109375,-0.0032830238342285156,0.0002217590808867853,0.00034672021865844727,0.0005246400833129883,6.103515625e-05,0.0,0.0009765625,2.574920654296875e-05
0050d3fb84444ea1b9079a1575887aa1,deep,W5,a3_deep_W5,58739.816530348144,345988839.11661226,58151.790903527595,339100716.6878322,588.0256268205485,6888122.428780079,331867.04576869047,2226874371.861183,583.9118656567409,-8.216500282290373e-05,7.033348083496094e-05,0.00017404556274414062,0.00031998753547668457,0.0005463957786560059,-4.601478576660156e-05,-3.0517578125e-05,6.103515625e-05,0.000244140625,-4.592537879949399e-05
00519a09c83e410f9734b3cfe8bcb604,deep,W5,a3_deep_W5,58568.899070079045,344120318.462721,57986.62033821543,337313404.58882415,582.2787318636183,6806913.873896837,334794.97499456274,2270527344.3883953,582.2128352716618,0.0001436173915863037,-0.003432035446166992,-0.0017404556274414062,0.0005259215831756592,-8.094310760498047e-05,-0.0001316070556640625,-0.0001373291015625,0.0,-0.0009765625,-0.0001628994941711981
0053d2ac9bc14142bffaa42593c00a8a,deep,W5,a3_deep_W5,55524.365923649544,309363410.0782371,54964.0731652311,303153424.66221255,560.2927584184436,6209985.416024566,316256.8430046211,2021020836.1181157,551.9482015939765,-0.00023576617240908537,-0.0006949901580792783,0.001275539398196912,-0.0005721002817153098,0.00040701031684869937,-0.00023382902145385742,-6.103515625e-05,-6.103515625e-05,-0.000732421875,-0.0002844333648682196
005c0d7ccf7749f99a4cc8e88bda073d,deep,W5,a3_deep_W5,52936.647782438806,281487328.40271086,52403.15439733522,275847593.5438132,533.4933851035821,5639734.858897626,311659.0750426338,1965767513.4345558,526.224605286053,-7.197260856628418e-05,-0.0022417306900024414,-0.0019860267639160156,4.509091377258301e-05,-0.00015760213136679913,0.00012552738189691715,4.57763671875e-05,0.0,0.00048828125,-3.960728645324707e-05
005ee892a99b4ae8a26bb1c8123fdd80,deep,W5,a3_deep_W5,62561.28839100952,391958286.07732785,61945.04860692398,384273301.85011643,616.239784085541,7684984.227211416,350161.6297973796,2479337291.9401035,621.8997739533334,-3.216415643689935e-05,-0.0011062622070294736,0.0007796287536621094,0.0005412101745604914,-0.00013995170593258943,-0.0003325045108795721,-7.629394531199693e-06,3.0517578125e-05,0.0,-4.529953002985199e-06
006ce7ce9e1b45558fe805882a705991,deep,W5,a3_deep_W5,50563.63348928361,256551633.84980142,50052.93882174764,251398866.41839954,510.69466753597226,5152767.431401879,297787.51284444967,1794268514.2758684,502.6353044507249,-0.00020423531532282047,-0.0008809566497784971,0.0003421306610107422,0.0001296699047088623,0.0012565553188323975,0.0011843442916870117,1.9073486328100714e-05,-6.103515625e-05,0.0,0.00018805265426641293
006d40ce26e64b4c930124ddae278c05,deep,W5,a3_deep_W5,57200.22816488075,328134169.0002075,56626.830106454036,321592187.4389019,573.3980584267119,6541981.5613055825,328795.0295272637,2190476105.761105,568.6073589707353,-0.00014039874076840486,0.000705718994140625,-0.00211596488952992,1.2457370758112152e-05,-0.00021511316299432925,9.563565254211426e-05,-6.103515625e-05,-0.0001220703125,0.0,-0.00012165307998651675
00713006ea594a598ad966c5b36c7922,deep,W5,a3_deep_W5,61178.34497563513,374506440.7067834,60574.02886796356,367144039.4725011,604.3161076715696,7362401.234282315,341684.7203524242,2359029109.7042055,608.1524196463658,0.00015972554683689466,-0.003348588943484998,-0.002442598342895508,0.0005929917097091952,0.00017693638801569156,-0.0005185306072235107,-3.0517578125e-05,0.0001220703125,0.000244140625,-0.00027582049369817563
0078e62e7d774effa973885c78ffbf6a,deep,W5,a3_deep_W5,59391.885008529796,353601835.43002874,58806.048817469906,346660126.59916735,585.8361910598906,6941708.83086139,333513.8603218855,2248522371.5684066,590.3938491582436,-8.64118337630948e-05,-0.001891851425169122,-0.00621080398559215,4.845857620239258e-05,0.0006571412086486816,-0.0006670951843261719,2.2888183593800307e-05,0.0001220703125,0.0,5.1528215408269684e-05
007ced0c381749a394866f5fa71fd303,deep,W5,a3_deep_W5,59354.176554946884,352935748.1129052,58758.68830853255,345893218.2085171,595.4882464143302,7042529.90438813,334624.76354818256,2264917032.180487,590.0190026778967,-1.820921897890959e-05,0.0006198883056640625,-0.0003314018249511719,-7.537007331839818e-05,0.0007013380527496893,0.0007409453392028809,-3.0517578125e-05,0.0,-0.000244140625,-0.00022509694099429045
00820ef5fe4843cf8beef97281048215,deep,W5,a3_deep_W5,59780.82829069749,357977633.02340555,59191.10201363369,350948699.98541594,589.7262770638044,7028933.037989616,337591.0422392737,2306021074.8764114,594.2601975900242,-3.454089164731111e-05,-0.0011909008026123047,0.000171661376953125,0.00034189224243169614,-8.186697959899902e-05,0.00041869282722473145,0.0,0.0,-0.00048828125,5.364418029785156e-06
008f8f5241b947f29838e2a780e3790a,deep,W5,a3_deep_W5,48367.68719750333,234416290.896948,47882.36224557156,229736806.46475324,485.32495193176874,4679484.432194769,295748.8387390045,1777288062.6264787,480.80617436733496,0.00035569071769714355,5.364418029785156e-06,-2.741813659490333e-05,0.0001659095287322998,5.049258470531115e-05,0.000158309936523493,1.52587890625e-05,-6.103515625e-05,0.000244140625,0.00021752715110778809
0092c97c01714eb98d6f4b635c5ee9ec,deep,W5,a3_deep_W5,56022.48341112716,315429995.3747695,55455.382103037635,309082983.271934,567.1013080895282,6347012.102835536,326504.18801268394,2161678805.8490167,556.8998124196423,-1.2278556823702713e-05,-0.00329494476318537,-0.000675916671749377,-0.00012636184692382812,-0.00017336010932927914,0.0013350248336791992,7.629394531300307e-06,-0.0001220703125,0.000244140625,-1.1026859283502777e-05
00a1a602456f4eb188b522d7ef19e81b,deep,W5,a3_deep_W5,59544.82993717769,355225503.8290619,58948.58490457844,348152055.38403326,596.2450325992468,7073448.445028663,332491.7311933249,2232583617.4596453,591.9142209248695,6.078183650970459e-05,1.1920928955078125e-05,-0.0011742115020751953,0.00043362379074099455,-0.00012961030006408691,-0.0001984536647797186,0.0,6.103515625e-05,0.0,4.550814628601074e-05
00a1d892548542c7ab83565070737d6b,deep,W5,a3_deep_W5,58244.91714143347,340119699.7270122,57665.138923025035,333382826.1479672,579.7782184084354,6736873.579044998,332021.0602704608,2230880572.953566,578.9922448175399,8.630752563482114e-05,-0.0012233853340148926,-0.0012481212615949033,0.00021609663963323422,0.0001890882849692882,0.0,-7.629394531300307e-06,0.0,0.0,2.422928810119629e-05
00a38a2327cd41b885d6ebbb6ac0a91c,deep,W5,a3_deep_W5,58301.24933701558,340802353.6483248,57716.76318756293,334007792.54065424,584.4861494526485,6794561.107670546,333495.291611098,2252761011.203493,579.5522233697694,-0.00010861456394190006,0.0031495094299316406,0.006768703460689807,3.8743019103948395e-05,-8.100271224981137e-05,-0.00037223100662231445,-2.2888183593800307e-05,0.0,-0.000244140625,-4.348158836370297e-05
00a69ec5e0cb4e1b9c6d6285bde5de3e,deep,W5,a3_deep_W5,60075.6106393548,361564395.1654882,59481.36894505474,354447436.98102653,594.2416943000644,7116958.184461653,340060.88377563277,2341222495.417445,597.1905252848381,-8.79168510428685e-06,0.0004017353057861328,-0.0041675567626953125,0.00016519427299499512,2.314150333410092e-05,0.00010511279106140137,-7.62939453125e-05,0.0,-0.00048828125,-2.9504299163762848e-05
00a776f578304cce8c096fc0034582ef,deep,W5,a3_deep_W5,59405.608284753915,353907130.6770796,58811.389862343436,346865984.096454,594.2184224104785,7041146.580625594,334984.88910874125,2270452389.5302663,590.5302674226555,0.0001786500215530118,-0.0018513202667236328,-0.0009703636169433594,9.006261825567075e-05,0.0005429983139038086,3.665685653680972e-05,3.0517578125e-05,0.0,-0.000244140625,1.4543533325195312e-05
00a97894440b42ebbde2435e9430106c,deep,W5,a3_deep_W5,58371.04401643227,341445050.7040418,57783.804017093884,334614937.8875836,587.2399993383879,6830112.816458166,326857.85208464204,2155907198.83869,580.2460277409502,9.98079776763916e-05,0.00037550926208496094,9.298324584960938e-05,-0.00014683604240423032,-5.665421485900879e-05,0.0002206563949584961,0.0,6.103515625e-05,-0.000244140625,0.00010545551776880435
00a9925ae746466b91ce457c67bef43f,deep,W5,a3_deep_W5,58642.734760471954,344641527.7160979,58056.66629750942,337790399.2862957,586.0684629625321,6851128.429802179,331063.7390077635,2216477463.714699,582.9468099123061,-6.511807441711426e-05,0.002149343490600586,0.0011384487152135137,1.1026859283391754e-05,-2.747774124151059e-05,-0.00021705031394958496,-1.52587890625e-05,0.0,-0.00048828125,0.00017952919006347656
00ae6eda19634ee6b0a4a52789c9ff90,deep,W5,a3_deep_W5,57155.6136193757,327914394.1296464,56588.857077084904,321442775.9518774,566.7565422907937,6471618.177769005,326144.93816708634,2152483063.3103194,568.1638614584841,-0.00010161101818090268,-0.0016665458679199219,-0.0015497207641601562,5.689263343811035e-05,4.357099533081055e-05,0.0004458427429199219,-7.629394531199693e-06,6.103515625e-05,0.00048828125,-0.00015881657600400056
00bc54b70fea4c94bf54bdb4d041522c,deep,W5,a3_deep_W5,58733.30461978686,345553054.1702558,58143.04757608595,338645519.2579876,590.2570437009126,6907534.912268162,327168.52722303284,2160200133.086442,583.8471330431677,-4.695355892178621e-05,-0.0027060508728045107,-0.006504058837887072,-9.268522262600998e-06,-0.00048410892486572266,-0.00022584199905395508,-1.1444091796900153e-05,6.103515625e-05,0.0,-2.4586915969904144e-05
00bf94f9be9346d5bf6fcdb88e0f68c3,deep,W5,a3_deep_W5,58131.40884828054,338865722.50090796,57553.78038775457,332165511.75816405,577.6284605259716,6700210.742743909,324966.6688631462,2131611558.6928492,577.863898780092,-7.59214162825983e-05,-0.0015413761138916016,-0.003758668899536133,0.0002703368663787009,-7.453560829159822e-05,-0.0007824599742888849,-1.52587890625e-05,6.103515625e-05,0.0,-0.0002231001853942871
00c01670fa9545fc82e1fbfb9f70a259,deep,W5,a3_deep_W5,58772.86142032359,346298280.84762466,58192.094320915196,339489089.2029207,580.7670994083965,6809191.644703984,335775.91253886477,2284394762.1876664,584.2403532907807,-3.531575202950221e-05,0.002365708351135254,0.0009989738464355469,-2.2798776627142026e-06,6.572902202611752e-05,-0.0009100139141082764,-3.814697265630031e-05,0.0,-0.000732421875,-1.6689300537109375e-06
00c1673e7c8e4c2fbc0c9a1084acc067,deep,W5,a3_deep_W5,51424.574164501464,265552313.74450648,50909.58274316582,260263085.89979967,514.991421335646,5289227.844706804,310251.93344464625,1953434202.4577775,511.1936130322047,1.8090009689331055e-05,-0.002546310424806464,-0.00036716461181640625,0.00022435188293462582,0.0002929568290710449,0.0007888674736022949,-7.62939453129944e-06,0.0,0.000244140625,-0.00010150671005254575
00c5fc33cf54446093cca570c2ac5db0,deep,W5,a3_deep_W5,59094.79988641973,349945898.05917156,58510.23396963661,343056927.59667563,584.5659167831182,6888970.462495923,328634.241022978,2181739149.005357,587.4406304020949,-0.0001751780509949008,9.417533874511719e-05,0.0023412704467773438,-9.866058826440982e-05,0.0005912184715270996,-0.00021195411682128906,-3.8146972655998465e-06,6.103515625e-05,0.000244140625,4.5984983444158356e-05
00cc1d02ab5c4e1abcbc080bbdc6bdc4,deep,W5,a3_deep_W5,48704.70808202471,237981184.924523,48222.28831596557,233290426.54954937,482.41976605913806,4690758.374973625,300998.47530450963,1844755686.466262,484.15638049786475,-3.9130449295043945e-05,-0.0027799606323242188,-0.0032281875610351562,6.633996963506528e-05,-6.523728370660953e-05,7.572770118713379e-05,-7.629394531199693e-06,6.103515625e-05,0.000244140625,-0.00016364455223089047
00d319b11c2c41c6b9a36287abf6922e,deep,W5,a3_deep_W5,62024.041741623965,384999122.7720749,61412.01163652238,377437945.02000463,612.0301051015849,7561177.752070248,343756.6802227826,2387775231.1299734,616.5591938853231,-0.00012046843767168913,0.00630497932434082,0.00026702880859375,0.00042283535003659334,0.0004672408103942871,0.0006625056266784668,-5.340576171870056e-05,6.103515625e-05,-0.00048828125,-0.00013342499732971191
00d9bd8bee204fe3a42c320ce24a32fd,deep,W5,a3_deep_W5,50718.6081748444,258332946.8204189,50210.939677394184,253188673.35363987,507.6684974502132,5144273.466779023,306558.99887993763,1904787366.5160809,504.1758533172441,0.0001393556594849188,-0.0007891654968261719,-0.0005948543548583984,0.00010120868682861328,-0.00013259053230291196,-0.0003895461559295099,-7.629394531300307e-06,0.0,0.000244140625,-0.00019267201423639468
00da1beacd7e456f81bcdd0343048166,deep,W5,a3_deep_W5,59918.83396534481,359605309.0218409,59316.11145914056,352411646.8528258,602.7225062042562,7193662.16901505,337844.7261621238,2305964125.789318,595.6320634846495,2.3543834687111964e-06,-0.0021815299987775205,-0.002613067626953125,0.00030677020549771394,7.909536361688785e-05,0.0008488893508911133,-3.814697265630031e-05,3.0517578125e-05,0.000244140625,-7.027387619018555e-05
00db57d6cb5540089860f0de1d2c643d,deep,W5,a3_deep_W5,56944.48065218327,325374936.6178193,56375.711903500654,318909849.9975665,568.768748682618,6465086.620252788,327179.94425773906,2166506787.966755,566.0650628571765,5.871057510378752e-05,-0.0011813640594482422,-0.0015473365783691406,0.00020736455917361174,0.00020176172256469727,1.5974044799804688e-05,-1.9073486328099847e-05,6.103515625e-05,0.000244140625,-0.00013130903244018555
00ddbd37e24c43569cb77919361bfaa9,deep,W5,a3_deep_W5,61095.198820008416,373787561.71783876,60488.62381547088,366403529.5099005,606.5750045375389,7384032.207938254,345505.00124617334,2414992267.0479393,607.3258929440036,-1.1250376700938647e-06,-0.005099773406984198,-0.004432201385498047,0.0003300309181213934,0.00023278594017028809,-0.0003383159637451172,-2.2888183593800307e-05,6.103515625e-05,-0.0009765625,1.7344951629638672e-05
00e99d9188c64441b8ae7a3f73f37164,deep,W5,a3_deep_W5,59610.3379035224,356060765.41587335,59019.682274046536,349039471.3897227,590.655629475863,7021294.026150644,341612.4645825281,2365047959.1737266,592.5654125884314,-6.410479545590486e-05,0.006226301193239081,-8.106231689453125e-05,0.00016963481903081723,-0.000230789184570368,-0.0013118982315063477,-1.52587890625e-05,6.103515625e-05,-0.00048828125,-2.3245811462457855e-05
00ea067d2d0d4e5abbe36abcdd2117b9,deep,W5,a3_deep_W5,54581.48617258821,298936212.3824,54034.75614079648,292980258.08015275,546.7300317917252,5955954.302247226,319826.0661277516,2073422901.9662168,542.5753654659006,0.00014388561248784848,-0.0014704465866088867,-0.001443624496459961,-5.075335502630063e-05,-0.0001634657382965088,0.000402450561523382,-3.814697265600714e-06,0.0001220703125,0.0,-0.0001629590988158902
00ed0007c9c84409adb2e257fad235d1,deep,W5,a3_deep_W5,56928.77361483537,325081315.09110296,56361.46885520032,318637011.9117603,567.3047596350516,6444303.179342687,320608.95914732205,2077275560.3124385,565.9089247208406,-1.1071562767001053e-05,0.007888078689573419,0.004408359527587891,7.271766662597656e-05,0.0003578662872315008,9.217858314519711e-05,-9.1552734375e-05,0.0,-0.00048828125,-8.288025856018066e-05
00ef198a19a8403d903dbfa7cfaaf9bd,deep,W5,a3_deep_W5,59934.62218921154,359717375.7403848,59337.07557642222,352582703.78387856,597.5466127893233,7134671.956506252,339400.9725610845,2330955459.479555,595.7890086676273,1.5631318092401703e-05,0.0010508298873883604,0.0035440921783447266,1.9550323486328125e-05,0.00041121244430539217,0.0002542734146117609,7.62939453125e-05,6.103515625e-05,0.00048828125,9.137392044067383e-05
00f9cb1a42b4498e838107f82557c9f3,deep,W5,a3_deep_W5,58254.31136172213,340197502.21039826,57674.289190972755,333459679.42955697,580.0221707493765,6737822.780841291,328456.2328402811,2180255315.1499577,579.0856294588132,-8.001923561098967e-05,0.004090070724489081,-0.0008296966552698848,-6.1243772506158756e-06,0.0006015300750732422,0.0005922913551330011,-1.9073486328100714e-05,0.0,-0.0006103515625,1.1235475540216644e-05
00fa05ae10834647a8bf00c5a5a899a1,deep,W5,a3_deep_W5,61389.01496195918,377372452.6221667,60777.250135814495,369891758.65350366,611.7648261446884,7480693.968663037,347068.4814882401,2437140745.376611,610.2466159176261,-0.00011007487773900815,0.00491023063659668,0.0031399726867640254,3.919005393979158e-05,0.00036713480949401855,0.00044792890548706055,-6.866455078119969e-05,-0.0001220703125,-0.001708984375,2.6971101760808747e-05
00fab46ab0134de8b7c6b39f9ef2f708,deep,W5,a3_deep_W5,59803.89933091052,358115723.1095023,59208.82999188869,351025807.7832699,595.0693390218294,7089915.326232433,335107.70705098036,2271261416.6041284,594.4895386899658,1.2218952178899567e-05,-6.437301635919823e-05,-0.0010669231414794922,0.0002627819776535034,-0.0001637190580368042,-0.0008818507194519043,-3.0517578125e-05,0.0001220703125,-0.000244140625,-3.975629806518555e-05
00fadd5980ed4228bc28217eb11c5d27,deep,W5,a3_deep_W5,58476.957498717544,342807047.0778692,57895.868100342755,336029217.49783206,581.0893983747883,6777829.580037117,332589.99482225964,2238231295.845769,581.298876433582,-0.00018107891082760896,-0.0020384788513183594,-0.0009465217590332031,-0.00016242265701299496,0.00016692280769342593,-0.0005714297294616699,7.629394531300307e-06,6.103515625e-05,0.0,0.000274658203125
00fd070ec367496582cb9410fb8d84a2,deep,W5,a3_deep_W5,60423.21888366675,365847003.17865986,59827.78309821798,358672525.09657145,595.435785448768,7174478.082088411,343879.5112463002,2394395624.7789145,600.6459766369713,-0.00010509788990017976,-5.4836273193359375e-05,-0.0027251243591308594,-7.238984107971191e-05,8.678436279291324e-05,-0.0007351040840148926,6.103515625e-05,-3.0517578125e-05,0.000244140625,3.725290298461914e-05
00fe064ec39f4f42a8301f6699c37455,deep,W5,a3_deep_W5,60521.96656870826,366844460.4572482,59920.25461621155,359588173.0576038,601.7119524967129,7256287.399644434,338526.847101587,2315839613.3350735,601.6275926583984,-0.00028079748153678197,0.0052416324615478516,0.002286434173587537,9.697675704947728e-05,0.0007366538047790527,-0.0003800392150878906,-6.103515625e-05,6.103515625e-05,-0.000244140625,-0.0001551210880278986
00fe7b40923644c3bf15be6fcb8195c2,deep,W5,a3_deep_W5,58548.347569255355,343452239.28653574,57960.8812552788,336597249.18433887,587.4663139765544,6854990.102196872,335045.93360932433,2273530649.5619016,582.0085400270247,-7.227063179018889e-05,0.011518001556396484,0.005600452423088598,-2.7149915695107163e-05,0.0006830692291259766,-0.00027567148208618164,-5.722045898430041e-05,6.103515625e-05,-0.000732421875,-0.00022488832473760434
01052f325d2a4422bf1dea6567d78347,deep,W5,a3_deep_W5,45663.12382181095,208778916.27875516,45207.72903370188,204635985.83173785,455.39478810907167,4142930.447017312,285108.6084609606,1657814752.354399,453.92106066134454,1.6599893569890778e-05,0.002309083938598633,0.0026798248291015625,-0.0003089010715484619,0.00022140145301813297,0.00013089179992681332,7.629394531300307e-06,-0.0001220703125,-0.000244140625,0.0003000795841217041
0116e8e2de78456cab731ff73f65349f,deep,W5,a3_deep_W5,59160.56579312996,350732152.0841389,58575.15988247159,343827095.73898965,585.4059106583663,6905056.345149219,329857.958148585,2195860713.7784996,588.0943861601495,-6.777048110961914e-05,0.007401704788208008,0.003192424774166369,0.0004075020551681796,-0.0006173253059387207,0.00011783838272094727,0.0,6.103515625e-05,-0.000244140625,-3.153085708612613e-05
0118607beaed4571b94615a611bab570,deep,W5,a3_deep_W5,60794.40201175198,370041472.75793105,60195.281151047646,362783771.399452,599.1208607043372,7257701.358479083,339020.0137278819,2324216673.774118,604.3357776207482,-0.00012688338756558504,0.0030755996704101562,-0.0010848045349121094,-8.389353752108475e-06,0.00028946995735168457,0.0005657374858856201,-3.0517578125e-05,0.0,-0.00048828125,-1.055002212518863e-05
011a2229b2f949ffaac35b39e9ee9d78,deep,W5,a3_deep_W5,58381.29571801335,341682417.31941,57793.02507813646,334835968.62509114,588.2706398768933,6846448.694318891,330839.4516085465,2216031243.7536554,580.347936302297,-2.272427082058992e-05,0.000703334808347833,-0.00034809112548472854,-6.851553916936703e-05,0.0002790093421936035,0.0004105865955352783,-5.340576171869969e-05,0.0,-0.000244140625,-0.0002859234809874933
011e8dd9d04e4257b4c094b9cf279280,deep,W5,a3_deep_W5,54135.23353158224,294273773.0104464,53597.35328429091,288457795.91966224,537.8802472913303,5815977.090784192,314572.93073401856,2003948480.1044664,538.139324845491,-0.00011774897575378418,-0.0015974044799804688,-0.0012385845184326172,-0.00036016106605529785,0.00010834634304049406,-0.00016734004020690918,-1.52587890625e-05,0.0001220703125,0.00048828125,-0.00011298060417169742
012323854937400b839b3bedf4faa010,deep,W5,a3_deep_W5,59714.005471238044,357398003.47043914,59122.25383723597,350350302.47409326,591.7516340020738,7047700.996345878,337386.705072641,2303883430.092032,593.5959354338963,-0.00011129677295690366,0.0005996227264404297,0.0003433227539026973,0.00015339255332941226,-0.000204086303710882,-0.0003006756305695135,3.814697265630031e-05,6.103515625e-05,-0.00048828125,0.00019913911819452457
0123ecfeeaf14efc8183597f2099e925,deep,W5,a3_deep_W5,57859.99754940758,335140008.156621,57282.52299083352,328484464.06885636,577.4745585740602,6655544.087764621,320276.73795627884,2068418044.4961448,575.1658944748973,0.00014775991439819336,-0.0031244754791259766,-0.0031578540802001953,0.0005567669868469238,-0.00011870265007019043,-0.0006465315818787176,-2.2888183593800307e-05,0.0,0.000244140625,-0.00019344687461853027
012648b0eed74f67ad28527119aac2c4,deep,W5,a3_deep_W5,49686.82685420838,247701709.62075418,49186.727125388716,242743136.146288,500.0997288196668,4958573.474466175,305383.5617110655,1895030616.978442,493.9192779401132,0.00014474987983703613,0.002994537353515625,0.002652406692504883,1.347064971918277e-05,0.00033909082412719727,-0.0008123517036437988,-7.629394531199693e-06,-0.00018310546875,-0.000244140625,-2.03549861907959e-05
012989686a534d73bd7989501e713630,deep,W5,a3_deep_W5,61612.67740504661,379953964.99127954,60998.44916545462,372417562.67759514,614.2282395919901,7536402.313684404,345759.15143932676,2417185110.693667,612.4699656339645,2.2836029529502144e-05,-0.0025600194931030273,-0.0027024745941197637,0.0005488693714141846,0.0002105832099915106,-2.130866050720215e-05,1.52587890625e-05,0.0,0.0,-2.1278858184814453e-05
012a565d39a644ea89685ae6cd4e5d8c,deep,W5,a3_deep_W5,50589.14550288837,257206945.0060953,50084.89388972297,252105846.96354577,504.2516131654047,5101098.042549521,300515.49057466636,1829259087.3856559,502.8889104090091,-0.00015786290168767758,-0.0020867586135864258,-0.0023937225341796875,-0.0001855790615081787,0.0004259943962097168,-0.0005706548690795898,7.629394531300307e-06,-6.103515625e-05,0.000244140625,-7.075071334844418e-05
012c0d5217494d12881d6b089bed0232,deep,W5,a3_deep_W5,56342.90932888997,318362157.71762437,55776.40426168235,311996205.9512135,566.5050672076177,6365951.766410887,320488.1230727532,2074430672.6556537,560.0850538197237,6.406009197237883e-05,0.0020802021026593565,0.00031113624572753906,0.00015294551849359683,7.224082946777344e-05,0.0004139244556427002,-4.57763671875e-05,0.0,-0.000244140625,-5.581974983215332e-05
012d625661ad4c76b706f410b9be0640,deep,W5,a3_deep_W5,61215.108447874554,375147900.16008115,60606.163908727045,367722609.04889685,608.9445391475092,7425291.111184299,344916.26753041585,2405038214.3371964,608.5178723993932,3.995001316069169e-05,-0.0007688999176025391,-0.0006949901580846074,0.0002697557210923074,0.0002783685922621848,0.0011242330074310303,-4.57763671875e-05,1.52587890625e-05,-0.0009765625,2.8312206268310547e-06
013c9572481f47a3adb59c76a934e1e4,deep,W5,a3_deep_W5,59196.43937322704,350907314.124206,58611.95902462177,344011054.5531479,584.4803486052697,6896259.5710580945,332368.02812697215,2236320676.505351,588.4509928082388,7.683038711547852e-05,-0.004640817642211914,0.0007295608520507812,0.00018155574798589535,1.9371509552001953e-06,4.7981739044744565e-06,0.0,6.103515625e-05,0.000244140625,-9.003281593322754e-05
013ff6659943447a9a569fdcbcd3abdb,deep,W5,a3_deep_W5,57612.80814942413,332694529.9927728,57036.69626079386,326076602.30429226,576.1118886302647,6617927.688480556,328856.5423936203,2191867255.6455717,572.708671551153,3.592669963842221e-05,-0.0016295909881591797,-0.0017714500427263857,3.084540367132016e-05,0.00026182830333709717,-3.55839729309082e-05,1.52587890625e-05,6.103515625e-05,0.0,1.9729137420598786e-05
0144192045784fc8906de276b4e09eaa,deep,W5,a3_deep_W5,60075.65613264639,361301015.24813944,59481.07706841607,354184915.11202955,594.5790642303255,7116100.136109889,336007.61991384096,2281613732.366635,597.1909775176563,2.503395080594162e-06,0.004348754882810724,0.0010561943054199219,0.00045236945152282715,4.783272743197342e-06,-0.00016269087791448422,-4.57763671875e-05,6.103515625e-05,-0.00048828125,-4.0471553802490234e-05
014a10fd129844228a18b568b069661d,deep,W5,a3_deep_W5,60057.79294786571,361333099.4840325,59464.42703424062,354227148.9477485,593.3659136250863,7105950.5362840295,337714.1548248693,2307477313.8308387,597.0134058777028,1.0401010513305664e-05,0.000211000442505771,-0.0024509429931640625,0.00020559132099148836,2.2575259208706955e-05,-0.0005876421928405762,6.103515625e-05,6.103515625e-05,-0.00048828125,0.0001384615898131769
014ca29813304ce68204fb48dc217636,deep,W5,a3_deep_W5,61317.357954437175,376420466.7290202,60711.09622609173,369013745.7235765,606.2617283454456,7406721.005443692,347267.0761950301,2441154800.3290405,609.534298797467,-3.045052289959993e-05,0.006078481674194336,0.0034499168395996094,0.00023528933525088225,0.00030535459518432617,0.000993192195892334,-7.629394531199693e-06,0.0,-0.00048828125,7.688999176030942e-05
014ccee408664909b71f80702d003e14,deep,W5,a3_deep_W5,57497.03680859375,331859031.6245073,56915.79849207,325189581.975347,581.2383165237552,6669449.6491603255,330547.1452914245,2210762713.432496,571.5578293523369,1.0296702385004242e-05,0.0011539459228497861,-0.0006413459777832031,-0.00025105476379397307,0.00045183300971990414,-0.000425875186920166,-1.52587890625e-05,6.103515625e-05,-0.000244140625,-6.628036499028989e-05
01531de593f3468084dab12f6515e8e1,deep,W5,a3_deep_W5,60554.52333242199,367319190.2501726,59950.98774167118,360036795.3398146,603.5355907508056,7282394.910358012,340598.1706759588,2348241958.8238125,601.9512280008752,0.00012359023094180022,-0.001302957534790039,-0.0016868114471435547,0.00013719499111169986,0.0002934709191322049,0.0016012489795684814,2.2888183593699693e-05,-0.00018310546875,0.00048828125,-6.55055046081543e-05
0154c6fe068243d4b2d5a704dad1cbc6,deep,W5,a3_deep_W5,59093.38440743149,350061102.89782804,58501.97135819837,343091132.9082056,591.4130492331242,6969969.989622414,336037.29934361525,2286665028.819665,587.4265596230964,-6.273388862601537e-05,0.0045931339263916016,0.0014531612396275762,0.00017580389976501465,0.0002351701259612482,-0.00041663646697998047,-7.62939453125e-05,-6.103515625e-05,-0.000244140625,-0.00013870000839233398
01551e922711450f92b50843d4e0f2be,deep,W5,a3_deep_W5,59524.95869467057,355092100.7824014,58934.20606620499,348081029.62534434,590.752628465576,7011071.157057047,334157.1253189597,2258569194.078953,591.7166878890068,0.00012180209159848299,-0.0070309638977068545,-0.004063844680786133,0.0002531856298446933,-0.000713050365447998,-0.0005922317504882257,0.0,0.0001220703125,0.00048828125,-3.2573938369695465e-05
0157b39c4b434ceba885ddace4f5b9bd,deep,W5,a3_deep_W5,59721.77056530267,357390529.22364503,59129.354586434085,350335968.0089847,592.4159788685865,7054561.2146603465,340834.2588891442,2353735834.641948,593.6731255041092,7.869303226470947e-05,-0.0016617774963378906,-0.0016760826110839844,0.00011259317398068514,-0.0002986788749694824,-0.0014142096042633057,-2.2888183593699693e-05,0.0001220703125,-0.000732421875,-4.139542579650879e-05
0158a691a8a64bd39527c6f9e750c8ee,deep,W5,a3_deep_W5,54798.579085140795,301092868.19654745,54246.64888410809,295059328.7503856,551.930201032701,6033539.446161866,316831.39360735577,2031045827.313523,544.7334097887655,0.00011768937110900879,-0.00016450881958007812,-0.0007057189941335196,-0.0002955496311188299,6.908178329467773e-05,-2.086162567138672e-07,-3.0517578125e-05,-6.103515625e-05,0.000244140625,-0.00026595592498779297
015c200ce786438c8e35ddf635d1e236,deep,W5,a3_deep_W5,58366.43494057512,341580622.2440656,57781.30987381904,334770776.6505372,585.1250667560817,6809845.59352839,324517.71267852705,2125308530.6262197,580.2002105382134,-0.00012160837650299072,-0.00035881996154785156,-0.001882314682006836,-0.00011236965656280518,0.00047881901264190674,-0.00045049190521240234,-7.62939453125e-05,-0.0001220703125,-0.00048828125,-0.0002446174621582031
015d02aa38e04950825ec5f8dc3d533d,deep,W5,a3_deep_W5,60556.977327156856,367227054.3375601,59954.82520812642,359962314.3350413,602.1521190304338,7264740.002518833,339528.72706638725,2330593080.7293715,601.9756222998124,-9.126961231240016e-05,0.008651018142700195,0.004632472991943359,-4.647672176361084e-05,0.00044745206832891293,0.0005297064781188965,-5.340576171880031e-05,0.0,-0.000732421875,-0.0001640617847442627
015ee6e84a2d49e9b87dca6fdc4d49b4,deep,W5,a3_deep_W5,58009.10879603664,337454087.7966214,57429.47276713462,330746195.6878094,579.6360289020231,6707892.1088119745,328878.63521110016,2187661472.811004,576.6481569563368,-9.547919034950947e-05,-0.0018453598022460938,0.0006008148193359375,0.0001150667667388916,0.0002311468124389926,0.0002198517322539728,-3.0517578125e-05,-6.103515625e-05,0.00048828125,5.054473876947574e-05
016576dd30c1464f9115584748950ed2,deep,W5,a3_deep_W5,60292.64111250179,364098202.01426584,59691.7092643998,356878327.08324003,600.9318481019945,7219874.931025803,343025.7308090299,2383895505.5271015,599.347948919523,2.9161572456304352e-05,0.005894899368286133,0.0005948543548583984,0.00011885166168210115,0.00012940168380737305,-0.00020575523376459293,-1.52587890625e-05,6.103515625e-05,-0.000244140625,-6.836652755731754e-05
01688042f526490ba8fe14aace17a558,deep,W5,a3_deep_W5,59536.507869687026,355412203.74603885,58942.617198154825,348357695.9975758,593.8906715322009,7054507.748463035,335378.5994912093,2274514154.171034,591.8314941776368,-0.00016766786575311832,0.007473230361940253,0.0042247772216796875,-0.00015901029109960385,-0.000141143798828125,-5.638599395751953e-05,-1.52587890625e-05,-6.103515625e-05,-0.000244140625,-3.0279159545898438e-05
0169a7e8458246b1b371706f507ec511,deep,W5,a3_deep_W5,61696.992958681825,380806328.03604615,61087.962885641566,373325449.6648568,609.0300730402596,7480878.371189356,344398.0405840537,2398304097.8463364,613.3081169108174,-0.00022797286510470305,0.009305477142333984,0.0039470195770228145,0.00045469403266901187,0.00019571185111999512,-0.0004705190658569336,0.0001220703125,0.00018310546875,-0.0009765625,0.0001646280288696289
0170db45fb744c4b91ffdf97a3f75ea3,deep,W5,a3_deep_W5,54704.922601840226,299923730.3739014,54159.19110780345,293971600.3892187,545.7314940367723,5952129.984682739,312813.912405693,1981541553.529913,543.8024036139908,-7.587671279912778e-05,-0.0014799833297729492,-0.0009381771087628721,0.00018784403800969907,-1.3034790754394565e-05,-0.0003146529197692871,0.0,0.0,0.0,-2.9712915420476715e-05
017c41aac5db41f3bfe2f7938a4834d1,deep,W5,a3_deep_W5,59452.201974737414,354432200.85922855,58861.76303423907,347428904.82130337,590.4389404983449,7003296.037925184,337566.4801195238,2306182082.55962,590.9934389143818,3.585219383239746e-05,-0.005025863647462714,-0.0031638145446777344,-0.00010953843593600188,0.0004591047763825018,-0.0006725192070007324,2.2888183593699693e-05,6.103515625e-05,-0.000244140625,8.499622344976254e-05
017e5dfc6d0d4c12b3f1196d85a16c9b,deep,W5,a3_deep_W5,58423.65334718543,342000929.6150677,57840.342665787444,335208164.6432773,583.310681397983,6792764.971790433,328676.09318608517,2184856268.262753,580.7689986027193,-3.209710121160336e-05,-0.0021570920944213867,-0.0002598762512207031,0.000205844640731756,6.189942359921541e-05,-0.0004054009914397638,-9.1552734375e-05,-6.103515625e-05,0.0,-5.945563316339664e-05
018034e069134727b9e6e5627234f42f,deep,W5,a3_deep_W5,59091.79421003371,350172834.9603131,58502.22191566459,343222108.1780973,589.5722943691217,6950726.782215774,338580.9461372221,2322913799.1764717,587.4107520298121,-4.872679710415939e-06,0.0061643123626708984,0.003414154052734375,6.464123725891113e-05,-0.00021705031394958496,-0.0011341273784636896,-1.52587890625e-05,-6.103515625e-05,0.0,-7.63237476348877e-05
018487b190aa472caf198b265a3b4d61,deep,W5,a3_deep_W5,59740.01777677747,357343131.7086327,59140.81768320333,350214666.0580229,599.2000935741453,7128465.650609791,336308.70535538817,2286813665.1753287,593.8545146184214,-0.00012990832328799162,0.006244182586666369,0.004309415817260742,2.673268318179045e-05,0.0009434223175048828,0.000990152359008789,-1.52587890625e-05,-6.103515625e-05,-0.000244140625,1.761317253118344e-05
0184e485100e433c9032f2132e99e095,deep,W5,a3_deep_W5,56266.590235007614,317539937.38570553,55705.53970311884,311240644.752474,561.0505318887735,6299292.633231521,325867.1233759451,2152907820.1211963,559.326392538052,-9.262561798101254e-05,7.867813110351562e-05,-0.0004494190216064453,3.2901763916015625e-05,-0.00033044815063482114,-0.0004999637603759766,-4.57763671875e-05,6.103515625e-05,-0.00048828125,-0.00013208389282221011
018f683e86ea42eb8e98935e890eb9fd,deep,W5,a3_deep_W5,57282.78217503004,329370141.8517373,56711.17112721297,322832181.012345,571.611047817074,6537960.839392304,331386.2629727682,2226126181.4199724,569.4279993630797,-0.00010129809379580412,-0.004583597183227539,-0.0081634521484375,0.00015524029731750488,-0.00013947486877441406,-0.0006148815155029297,-4.57763671875e-05,0.0001220703125,0.0,-0.00030606985092157535
019a31cb0c1646758bc44d47366e32e6,deep,W5,a3_deep_W5,46073.68938831342,212566040.77068448,45616.450555755204,208368410.5804127,457.2388325582142,4197630.190271795,286790.69089902774,1676697088.1033826,458.0023486202032,0.0002897679805755615,0.0017881393432617188,0.0018453598022460938,0.000320583581924494,0.0007207691669464111,1.3649463653564453e-05,1.52587890625e-05,-6.103515625e-05,0.000244140625,0.00015884637832647153
019c097c504c4e1dbefcd1079619b8cf,deep,W5,a3_deep_W5,55671.96389924171,311010418.6207411,55115.62083853439,304827347.0354466,556.3430607073169,6183071.585294545,320476.2152711663,2077233219.7145128,553.4154211800411,4.1991472244207184e-05,-0.0016194581985473633,-0.0018155574798548457,-2.2858381271306794e-05,0.0004897117614746094,0.0007428526878356934,-1.52587890625e-05,6.103515625e-05,-0.000732421875,7.697939872736148e-05
019cdc2fe9da4327aa8d617401d8189b,deep,W5,a3_deep_W5,59229.465934685046,351389323.9493187,58646.2805287184,344502408.6523042,583.1854059666439,6886915.2970145345,334708.38147019135,2267734869.2424345,588.7792982449303,1.0401010513305664e-05,-0.0003653764724749209,-3.457069396972656e-05,0.0005141496658325195,0.00017601251602178403,-0.00010952353477478027,-3.814697265630031e-05,0.0,0.0,-8.90493392944336e-05
01a4a9aa5dfc4436891849a88f2e99e7,deep,W5,a3_deep_W5,56124.5341098046,316646075.3196121,55563.502081518775,310349819.1455237,561.0320282858229,6296256.174088359,328410.5562446735,2187239064.86767,557.9142625384221,-9.518861770629883e-05,0.002883672714231622,0.00031948089599254104,-1.83582305907648e-05,0.00024759769439697266,-0.00021272897720336914,1.52587890625e-05,0.0,-0.000244140625,5.261600017550383e-05
01a76c394cc640f6ad469199166ece29,deep,W5,a3_deep_W5,58004.37864914321,337087442.5926722,57427.85813809439,330421305.0697049,576.5205110488241,6666137.522967339,318917.98906288197,2049382650.1020308,576.6011362289917,-7.063150405878238e-05,-0.0036776065826416016,-0.0041544437408447266,0.00016620755195617676,-0.0006230473518372137,0.000395357608795166,-3.0517578125e-05,0.0,0.0,-0.0001698732376099188
01b853942c324f83a89d27e97796200c,deep,W5,a3_deep_W5,56173.75757549949,316627564.46176225,55607.34787329808,310282697.4663111,566.4097022014103,6344866.995451152,322121.59049961343,2099352471.7969217,558.4035757059759,0.00017631053924560547,-0.0017476081848126768,-0.0026214122772252324,0.00018814206123357602,-0.0007212162017822821,4.667043685918637e-05,-2.2888183593699693e-05,0.00018310546875,0.0,-1.677870750421695e-05
01c7a9010fa6463897e5919443c72886,deep,W5,a3_deep_W5,60309.30894033679,364547255.07289594,59712.409583765424,357366985.01777124,596.8993565713681,7180270.0551247,339221.62375604117,2327848477.303652,599.5136379363172,-1.5348196029107974e-06,-0.0007307529449462891,-0.004012584686279297,0.00021052360534670744,0.0006840676069259921,-0.0005807280540466309,-1.52587890625e-05,0.0,-0.000244140625,-1.6674399375915527e-05
01c80c7c0e954db9a53a11fabc2053eb,deep,W5,a3_deep_W5,61444.704220587235,377828192.156838,60839.092329159175,370416428.87964976,605.6118914280596,7411763.2771882415,334320.0868085044,2250598008.2018595,610.8002032596249,-1.7091631889315506e-05,-0.0024139881134033203,-0.0019490718841552734,0.00037221610546109285,7.152557373046875e-07,-0.00013497471809392758,1.52587890625e-05,0.0001220703125,-0.000244140625,-1.3500452041681488e-05
01d0e94dc746416484c9157bbe320203,deep,W5,a3_deep_W5,55125.17067615866,305180535.72541374,54576.55640937981,299137866.5882414,548.6142667788517,6042669.137172341,322601.58385869436,2109825160.9043121,547.9799419790816,-0.000167921185493497,0.00025272369384765625,-0.00019431114196777344,-2.703070640563965e-05,0.00015205144882202148,-0.00037086009979248047,-4.57763671875e-05,0.0,0.000244140625,-0.0002777576446533203
01d1c15787514d14a4538256a88b43a5,deep,W5,a3_deep_W5,60606.20212996278,368074084.1570006,60011.77034012757,360886560.8539545,594.4317898352092,7187523.303046107,345829.74387947016,2421443357.620908,602.4649487591169,-3.0413269996601433e-05,-0.00232696533203125,-0.0011372566223180058,0.0003942251205444891,-0.00021523237228399106,0.0006228089332580566,4.57763671875e-05,0.00018310546875,0.0,6.92605972290039e-05
01d2ae479ed74c7188c270dea892cf67,deep,W5,a3_deep_W5,58411.81376899596,342328231.2115691,57833.33111288531,335583840.2139772,578.4826561106529,6744390.997591853,329001.1195816608,2187986537.539566,580.6513055182402,5.099177360529117e-05,0.0005143880844116211,-0.00011801719665527344,0.0002931058406829834,0.00018915534019470215,-0.00030171871185302734,-4.1961669921900153e-05,0.0,-0.00048828125,-3.471970558172055e-05
01d9dd3aa5dc46c3a44bfd40d5898c0e,deep,W5,a3_deep_W5,59013.23556590542,349399760.17369896,58427.33272538388,342498564.54298645,585.9028405215431,6901195.630712509,338527.6360325602,2322637589.958923,586.6298281664781,1.2651085853604416e-05,-0.003337264060974121,-0.0013625621795654297,0.00013035535812380705,-0.000583946704864502,-1.436471939086914e-05,7.629394531199693e-06,0.0001220703125,-0.00048828125,0.00010442733764648438
01eac793c4ec40c5aa6bbd09b45fc26a,deep,W5,a3_deep_W5,55886.56469840363,313257378.10237616,55326.11856935035,307009713.5101508,560.4461290532781,6247664.592225373,317296.4443850799,2033653828.4584877,555.5486922798126,4.887580871582031e-06,-0.0018906593322736143,-0.001845359802242541,7.501244544977359e-05,0.00025337934494018555,0.00013756752014160156,-1.52587890625e-05,0.0,0.0,-0.00016480684280389957
01f0c1dd487e43f795830fe6008142e4,deep,W5,a3_deep_W5,58995.84391293716,348821907.5348653,58407.247027279365,341897563.04058564,588.5968856577965,6924344.494279683,330628.9701335524,2207186215.48296,586.456943858501,-8.994340896609221e-05,0.0024878978729230283,0.0038123130798339844,-0.00014597177505490389,-0.0006066858768463135,0.0010318160057067871,-3.814697265619969e-05,6.103515625e-05,0.0,3.7729740142822266e-05
01f1cc659cb847a4a7366b84844641c2,deep,W5,a3_deep_W5,59228.88236661183,351508369.73358196,58641.08486096413,344567388.4979682,587.7975056477007,6940981.235613763,330206.0405979719,2201741660.7468576,588.7734971998727,-3.676116466519441e-05,-0.00011980533599853516,0.0015521049499493955,2.1606683731134613e-05,-0.00017519295215609465,0.0,-1.52587890625e-05,6.103515625e-05,0.0,-5.885958671569824e-05
01f3115282994da9b32967eb2075d4aa,deep,W5,a3_deep_W5,53872.141304589204,291713130.7684703,53336.9624507912,285946353.8382694,535.1788537980028,5766776.930200875,317829.29277989425,2048235678.7395043,535.5240175092155,-0.00011956691741937808,0.0028228759765607236,0.0015282630920410156,-0.0002809762954712469,-3.719329833989926e-05,-0.0016120672225952148,-7.62939453125e-05,0.0,0.0,-0.0007225275039672296
01f376bb2b5a4860a53914dbf66d4ac0,deep,W5,a3_deep_W5,59562.00034043572,355560420.395395,58970.12698401519,348529674.6869596,591.8733564205322,7030745.708435357,334722.3485369359,2265972286.295725,592.0849058672594,4.6372413635198395e-05,-8.34465026677833e-06,-0.001074075698852539,0.00030285120010375977,-9.986758232116699e-05,-0.00045806169509882144,-3.0517578125e-05,6.103515625e-05,-0.000244140625,-4.291534423828125e-06
01f3fb1336a444309e9959d359c8b4ab,deep,W5,a3_deep_W5,51590.394194124434,267227955.70948088,51073.92257211215,261905877.72947532,516.4716220122864,5322077.980005562,308763.55649289605,1931803164.603531,512.841971651275,7.376074790949039e-05,-0.003064274787902832,-0.002919435501100409,0.00018861889839172363,0.00012502074241643735,-0.0003940463066101074,2.2888183593800307e-05,0.0001220703125,0.000732421875,-6.878376007080078e-05
01f64ccc5e5049e29c3e8be0aaf31bd5,deep,W5,a3_deep_W5,59483.30641462591,354508748.3612399,58892.63807509811,347504091.13704187,590.6683395278014,7004657.224198043,334687.7406618008,2264032132.83284,591.3026372162889,-1.85072422028143e-05,-0.0032663345336914062,-0.0015354156494140625,0.00029289722442632504,-0.00017535686492919922,0.0006867051124572199,-3.0517578125e-05,-3.0517578125e-05,-0.00048828125,-4.172325134277344e-05
01f6b5adc5c44c17b159d7dc2f7f6dd6,deep,W5,a3_deep_W5,59644.12378922164,356572640.1817431,59051.23129302097,349519471.06605566,592.8924962006713,7053169.11568743,344075.04347201623,2399288252.128534,592.9012662004583,1.0028481483376206e-05,-0.004720687866212714,-0.003151893615726209,-0.00018684566020960025,-0.0007844567298889715,0.000244140625,8.392333984380031e-05,6.103515625e-05,0.00048828125,3.457069396967105e-05
01f74014d40f436e91fbf60e7f688057,deep,W5,a3_deep_W5,59720.68323501288,357358311.69122815,59128.681915663794,350308571.77862734,592.0013193490886,7049739.912600815,335339.6434189166,2273753036.29083,593.6623167359585,-3.7282705307006836e-05,0.0031268596649187685,0.0014591217041015625,-3.600120544439145e-05,0.0017481744289397638,0.0003490447998046875,-7.629394531199693e-06,0.0,0.0,-4.2259693145807464e-05
01fb4fff624544a88317709570572e0f,deep,W5,a3_deep_W5,54461.979275934784,298168289.3667235,53921.39788227464,292279175.1001787,540.5813936601407,5889114.266544759,322646.40853288583,2111973139.684232,541.3873894199133,5.3316354751586914e-05,0.0005960464477539062,-0.00014066696166992188,0.0001602470874786932,0.00048547983169550113,0.0008909702301025391,-1.52587890625e-05,0.0,0.0,-2.689659595489502e-05
01fbee27f8f74a1eaf7e613de5cb78ee,deep,W5,a3_deep_W5,60419.070133493995,365542473.9871744,59821.64127710946,358348282.3607882,597.428856384533,7194191.626386166,340503.98429896904,2345447978.578188,600.6047353700318,4.497170448300447e-05,-0.0021654367446899414,-0.00010371208190562697,4.366040229800139e-05,0.00014582276344299316,-0.0007183849811553955,6.103515625e-05,-6.103515625e-05,0.00048828125,0.00014045834541326352
01ffee46c0644a17a8ac9f9f3bf7ef4d,deep,W5,a3_deep_W5,58874.51868397297,347260396.2627069,58284.1834274501,340333425.73596185,590.3352565228706,6926970.526745021,332640.4943658059,2237268287.3063,585.250892410262,9.416043758389558e-05,-0.0008189678192120908,0.001046657562248754,0.00012418627738947086,0.0003037452697753906,0.0005639195442199707,-1.9073486328099847e-05,0.0,0.0001220703125,-0.0003525465726851862
0200b7f6eb574385ace14b2d03502ec2,deep,W5,a3_deep_W5,58794.38970687307,346783953.50485146,58210.933848935856,339936613.26625276,583.4558579372169,6847340.238598704,334849.5209691388,2270157572.2976255,584.454358418921,-0.00018873065710069137,0.01001119613647461,0.006722211837765002,2.5928020477294922e-05,-6.259977817529849e-05,-0.0001208782196045477,-0.00018310546875,0.0,0.0,-2.682209014892578e-07
02010e17a28845cc921858cc24ece163,deep,W5,a3_deep_W5,60711.07587995948,369053810.0915523,60104.7630875235,361720322.3882431,606.3127924359796,7333487.703309238,349489.67340588395,2474329079.046209,603.5074618385943,-7.914006710049715e-05,-0.010384321212768555,0.007529258728027344,0.00028330087661748715,-0.0014985203742980957,0.00024169683456420898,-0.000152587890625,-0.00018310546875,-0.001953125,2.2232532501276214e-05
02097b72cb764df79f0188df985014a5,deep,W5,a3_deep_W5,56997.95922259016,325499862.90570074,56429.37544402761,319039518.4216615,568.5837785625481,6460344.484039247,319946.98473566043,2066804308.5587993,566.5966745247547,-0.00021113455295559969,-0.003573894500732422,-0.002549886703491211,-0.0004456043243408758,-0.00010672211647039243,-0.000553131103515625,-1.1444091796899286e-05,0.0001220703125,0.0003662109375,-0.00021523237228399106
020bc99c57c04bf6abfc9fe91a6a1215,deep,W5,a3_deep_W5,56622.321011553955,321551447.34616035,56056.77734448221,315161802.9417829,565.5436670717463,6389644.4043774605,319815.9055365865,2065938606.5952723,562.8625871275835,-6.982684135439787e-05,-0.0010901689529418945,-0.0010466575622558594,2.950429916381836e-06,1.657009124758635e-05,0.0002860426902770996,-2.2888183593800307e-05,0.0,0.0,-4.2200088501032074e-05
0214176d73af485287532957baf9888b,deep,W5,a3_deep_W5,58000.7389565238,337426153.27652323,57424.95110110184,330759747.9389381,575.7878554219569,6666405.337585151,332875.9252521547,2245244159.0722823,576.5649553242264,-0.00013348460197451506,-0.0020068883895874023,-0.0019657611846906065,0.0002276599407196045,0.00011351704597478696,0.0008268356323242743,-6.866455078119969e-05,0.0001220703125,-0.00048828125,-0.00015860795974725894
021504573eab4f8995e46ac306744e04,deep,W5,a3_deep_W5,57069.38788056244,326559181.0197785,56502.00864032252,320099724.75539225,567.3792402399195,6459456.264386237,327825.86551501683,2176654804.514238,567.3067217023179,-4.827976226806641e-06,0.0022602081298828125,0.0036966800689697266,-0.0001526176929473877,-0.00046330690383911133,-0.00017601251602172852,-1.52587890625e-05,0.0,0.000244140625,-0.00019043684005731754
0219f955d31b4907b5eeb6a345a47eb2,deep,W5,a3_deep_W5,58586.39629780936,344250501.6865224,58001.104811232,337408581.8448788,585.2914865773637,6841919.841643631,338687.60294865444,2325227134.067084,582.3867690612329,8.268654346471616e-05,-0.001422166824339044,-0.005896091461181641,0.000320285558700506,0.000570148229598999,-0.0004082024097443182,-2.2888183593699693e-05,6.103515625e-05,0.000244140625,-8.848309516901187e-05
021a5902e34c4742a828335c86bfe4cd,deep,W5,a3_deep_W5,61634.86066502449,380166361.57989657,61026.9514803545,372703810.2105007,607.9091846699885,7462551.369395852,343262.1805700977,2381474721.982918,612.690481622695,6.109476089505295e-06,-0.002918839454650879,-0.002321004867553711,0.00036787986755371094,0.00022625923156741057,-1.2516975402887542e-05,6.103515625e-05,0.0,-0.0009765625,7.840991020197086e-05
0222f2054a72477a9af17694d4ab1a9e,deep,W5,a3_deep_W5,55560.28470084633,309825456.6756347,55008.39973711524,303703180.9499764,551.884963731085,6122275.725658298,320428.61237423547,2077999731.5044444,552.3052575305444,0.00010767579078668765,-0.007964372634889472,-0.00356793403625133,0.0001501142978668213,0.00017708539962768555,1.5109777450506012e-05,0.0,-6.103515625e-05,0.00048828125,-0.0001334846019744873
0228c654c3b44da99c4b3b75d5f8b1cb,deep,W5,a3_deep_W5,59354.52435037485,352682203.33707446,58765.08094697162,345713642.51954794,589.4434034032311,6968560.817526519,332436.9787834192,2234124555.7582455,590.0224599899757,-1.0803341865511795e-05,-0.0008952617645263672,-0.0007772445678710938,0.000194698572158869,3.987550735468082e-05,-0.0005361139774323065,-3.0517578125e-05,0.0,-0.00048828125,-4.380941390991211e-05
022a46a47f70497badb519b86f7d0dfa,deep,W5,a3_deep_W5,47849.394243799776,229422741.34736985,47370.7174589832,224856116.08834526,478.6767848165764,4566625.25902459,293650.548691273,1751964856.082107,475.6540063247701,-0.0003966689109801691,0.002241134643552911,0.0023674964904785156,-0.000775068998336792,0.001777946949005127,-0.00021764636039728336,-3.8146972655998465e-06,-0.00018310546875,-0.000244140625,7.072091102600098e-05
022c1581dcd44145a86c1522d7ab44d3,deep,W5,a3_deep_W5,58752.12852578552,345965955.4165126,58164.72227592639,339085477.6523615,587.4062498591302,6880477.764151096,330087.8988890272,2198803780.539975,584.0342548749995,-7.420778274508377e-06,0.0027126073837280273,0.0015902519226074219,5.683302879339047e-05,0.00016327202320101653,0.00012281537055969238,-6.103515625e-05,0.0,-0.00048828125,1.990795135498047e-05
023d8f2444234e6185ca713309cfeb99,deep,W5,a3_deep_W5,56275.368470121844,317792539.91345656,55719.54954212968,311544861.1440414,555.8189279921644,6247678.76941514,321475.01255803515,2092384685.5438373,559.413653887261,-9.362399578088931e-05,-0.0013637542724591611,-0.0009918212890625,-0.0001477897167206088,0.0002111196517944891,-0.00021561980247497559,7.629394531300307e-06,0.0,0.0,0.00010159611701970883
0247b01389f541e8a22ab2f98e44c953,deep,W5,a3_deep_W5,58020.80991503546,337601571.01258177,57440.526581530896,330884148.518838,580.2833335045652,6717422.493743777,331058.6451819976,2218344734.2009616,576.7644736666783,-7.534027099609375e-05,-0.0011432170867919922,-0.00226020812987926,5.0961971282958984e-06,0.0001550912857055664,-0.0003966689109802246,-7.629394531199693e-06,0.0,0.000244140625,-0.00018465518951421567
024a0d26f2ab4be8bacf86127e23e6aa,deep,W5,a3_deep_W5,57634.690972061086,333124051.24688005,57057.74305274259,326491209.07463527,576.9479193184961,6632842.172244787,325314.67931201507,2138106518.037579,572.9262009978985,-1.0445713996914963e-05,-0.0009822845458984375,-0.0018870830535888672,-0.0001170039176940918,-5.851686000821199e-05,-0.00010925531387329102,-6.103515625e-05,0.0,0.0,-0.00017586350440979004
024b1ec28a404f46866c62a69d6370d8,deep,W5,a3_deep_W5,53983.998172567306,292258782.2747336,53445.02297802682,286453805.3906952,538.975194540486,5804976.884038389,311044.84400834446,1956668519.994445,536.6359473095727,-0.00011026859283447266,-0.0013321638107299805,-0.0015926361083984375,2.5331974030096127e-06,-0.00010979175567629729,1.507997512822934e-05,-3.0517578125e-05,6.103515625e-05,0.0,-7.152557373052426e-05
025784ce00f14da9bcfe44013eb2289c,deep,W5,a3_deep_W5,57938.32285982825,336675431.4019669,57356.316254454294,329948794.98821104,582.0066053739574,6726636.413755894,329656.2510408495,2197342458.828785,575.9444988498742,-1.834332942970973e-05,0.0001263618469247163,-0.0002825260162335752,3.2007694244384766e-05,0.00011841952800750732,-0.00012946128845214844,-5.340576171880031e-05,0.0,-0.000244140625,-0.0003801584243774969
025828c4084440649cde38135a9d8a2e,deep,W5,a3_deep_W5,59928.27392639852,359452100.98704386,59332.96048585359,352347038.6822089,595.3134405449309,7105062.304834962,333005.9570672472,2239255906.2368674,595.7259028187875,0.00010548532009130307,-0.0013840198516863467,-0.0009071826934814453,0.0005199611186981201,-0.00035566091537475586,-0.0005205273628234863,-2.2888183593800307e-05,0.0,0.0,-0.00012171268463134766
025c1e16f9634c71be21574417c1b8a7,deep,W5,a3_deep_W5,57187.24113007867,327861577.98066354,56613.52454465023,321319599.5183693,573.7165854284394,6541978.462294221,324199.48759032355,2126842941.8381393,568.4782594234678,-0.00035066902637478914,-0.0016450881958007812,-0.0030994415283203125,-0.0007004439830780029,0.00025808811187741365,0.0006771981716156006,7.629394531199693e-06,0.0001220703125,0.000244140625,5.7220458984375e-06
025cf7f3f4524bf7b69a822007bcdf3a,deep,W5,a3_deep_W5,55392.76135425671,307773914.1203425,54836.54378118729,301629007.0992581,556.2175730694216,6144907.021084368,321159.52308243397,2089908240.4409957,550.6399668363241,-8.347630500787906e-05,0.0001084804534929873,0.0005888938903808594,-9.769201278692075e-05,-0.00022676587104797363,0.0004793703556061346,0.0,6.103515625e-05,0.0,-2.6911497116088867e-05
026dd4fca8a347e799ff5bfd78df68bb,deep,W5,a3_deep_W5,56644.794093686476,322035557.1859052,56085.62622177403,315708283.0386022,559.1678719124466,6327274.147303045,324529.22723953094,2130919327.5493124,563.0859841364639,0.000244215130805997,-0.004786252975463867,-0.004495382308959961,0.00011879205703740903,-0.0004177391529083252,0.0004616677761077881,7.629394531199693e-06,6.103515625e-05,0.0,-1.8745660781915863e-05
0278450d1e324c33904e160e115f6fbd,deep,W5,a3_deep_W5,58486.25849649305,343355486.237265,57898.86715814695,336498670.99786705,587.3913383460967,6856815.239397943,334106.14479889313,2261503558.884806,581.3913343826249,0.0002805441617965976,0.0013804435729980469,-0.0013041496276819942,0.000268325209617587,-0.00026100873947149106,-0.0008383989334106445,-2.2888183593699693e-05,-0.000244140625,0.000244140625,-0.00017523765563970395
0281cce51dcb43988b3d3760c0fb335e,deep,W5,a3_deep_W5,58673.29430768238,345082616.64956456,58084.75581681407,338198446.15499145,588.5384908683118,6884170.494573116,333507.4003772255,2251617772.4388146,583.2505916276617,0.0001420527696608942,0.0014448165893554688,9.179115295410156e-05,0.00016516447067260742,0.0004037618637084961,0.00014150142669677734,-7.629394531300307e-06,-6.103515625e-05,-0.000244140625,8.64565372467041e-05
02871968fcbd46dc9f5059ec1fc7d13b,deep,W5,a3_deep_W5,59724.39069002427,357448441.5359344,59132.7678586747,350403519.56968665,591.622831349574,7044921.966247737,342770.75208261766,2379527023.3672523,593.69917124284,-0.00018826127052309904,0.004321932792663574,-0.00032782554626820115,-3.890693187719174e-05,-0.00026282668113708496,-7.772445678710938e-05,-3.0517578125e-05,3.0517578125e-05,-0.00048828125,-1.1861324310302734e-05
0288b5d8dfda43b9938f0dcf1ac86da2,deep,W5,a3_deep_W5,61732.421865530916,381375274.13175756,61121.07319004854,373858970.9530996,611.3486754823753,7516303.178657949,348784.7619786724,2460321879.1583705,613.6603032184771,4.6506524085998535e-05,-0.0034165382385236143,-0.0019240379333460567,0.00015792250633239746,-9.432435035700015e-05,-0.0004419088363647461,-3.0517578125e-05,-6.103515625e-05,0.00048828125,-0.0001595914363860529
028f74fc5b384764826acb595846b9d8,deep,W5,a3_deep_W5,59619.249607274534,356004337.45368505,59020.4102275683,348892878.4799231,598.8393797062308,7111458.973761916,334022.34747856436,2254222232.7969756,592.6540007024478,-0.00014665722846982088,0.0017154216766357422,-0.0002837181091308594,3.6165118217384995e-05,-0.0001690685749053955,0.0008001029491425116,0.0,3.0517578125e-05,0.00048828125,7.659196853632144e-05
0290737f64b14b08b87faa644580f3a9,deep,W5,a3_deep_W5,53923.4450193384,291874888.78801024,53385.1279931967,286078894.8653954,538.3170261416963,5795993.922614813,319623.3966355801,2073794166.5640695,536.0340097012893,-7.697939872750026e-05,-0.0006163120269810918,-0.001201629638671875,0.000266879796981756,-0.0007852911949157715,-0.00040408968925470523,-1.52587890625e-05,-6.103515625e-05,0.0,-3.5867094993619064e-05
029bf16fe8e2495bbadd991b7358559a,deep,W5,a3_deep_W5,60234.22222519844,363608119.90086985,59636.92811016089,356434006.21036166,597.2941150375555,7174113.690508187,343465.36791550857,2389015848.5913653,598.7672272984864,6.55949115753035e-05,0.001544952392578125,-0.0023245811462402344,0.0001436173915863037,-0.00019988417625421695,-0.00015968084335327148,-7.629394531300307e-06,-0.0001220703125,0.00048828125,-2.9593706130981445e-05
029d4dcccd66451c847a4dc5da36b5e6,deep,W5,a3_deep_W5,57450.02958922852,331234523.52065843,56880.45165985174,324701570.4221889,569.5779293767846,6532953.098469555,329013.862947814,2192196720.27436,571.0905471104062,8.802115917208586e-05,0.0002747774124145508,-0.00028967857360839844,0.00018477439880365543,-0.0005499720573425848,-0.0007631480693817694,-6.866455078119969e-05,6.103515625e-05,-0.00048828125,-0.00010207295417780093
029e028b4a6842c29183b6a30bb2f04e,deep,W5,a3_deep_W5,60412.32493271258,365412733.282673,59814.654499860924,358218981.6838548,597.6704328516571,7193751.598818183,333334.17883588234,2241060207.390008,600.5376837003952,-0.00026369094848630037,-0.0030040740966796875,-0.0006997585296630859,0.00036329030990600586,-0.00017982721328740903,0.0001883208751679022,-9.1552734375e-05,0.0001220703125,-0.000244140625,-0.0003583729267119806
00001ec0d78549e1b8c2083a06105c29,middle,W1,a3_middle_W1,14599.568642236378,21326095.86396266,14001.129372152707,19614362.859293595,598.4392700836706,1711733.0046690665,76466.21752028262,119592893.3440893,626.9296399901469,-9.56803560256958e-05,0.007940530776981092,-0.01137971878052113,-0.0007591247558594028,0.000701606273651123,0.0014061331748962402,-8.010864257810071e-05,-0.00030517578125,-0.001708984375,-2.0384788513183594e-05
0005d5eb0eb847648bf2e76f6931ed48,middle,W1,a3_middle_W1,15572.503317125538,24263672.106323447,14933.66770473508,22314664.557992663,638.8356123904578,1949007.5483307838,81716.28386257023,136262948.2126701,668.7090651505303,-9.083002805709839e-05,0.0037378072738629697,-0.013644695281982422,-0.0018228590488433838,-0.000430375337600708,0.0004962682723999023,7.62939453125e-05,9.1552734375e-05,-0.0009765625,0.00018367171287542172
0005df571e71437991594d0affec9c2b,middle,W1,a3_middle_W1,15079.773497076687,22749878.845312394,14457.097921449376,20910513.963835414,622.6755756273105,1839364.8814769797,79667.81770224457,129027240.86351424,647.5504312028139,0.00011980533599859067,0.011955499649047852,-0.007383823394775391,-0.0008322596549987793,0.0005686432123183927,-2.2709369659423828e-05,-0.0001220703125,6.103515625e-05,-0.0009765625,-0.00011104345321660825
000c895f9ef6491894ac588634f3d2b5,middle,W1,a3_middle_W1,14116.966622822532,19940392.25631204,13538.252739601441,18339775.63439451,578.7138832210912,1600616.6219175272,72068.22770948653,106633742.92188485,606.2059105633509,-0.0007130056619643887,0.023698806762695312,0.006811618804935193,-5.444884300237485e-05,0.0025538206100463867,-4.976987838745117e-05,-0.00014877319335940015,-0.00030517578125,-0.0023193359375,-0.0011979341506958008
000d1c5d169f4fda93a32f2eaeac80d8,middle,W1,a3_middle_W1,14147.300865885662,20026969.776019774,13566.924460780676,18418282.068355415,580.3764051049857,1608687.7076643594,73559.64383037803,110202278.75725135,607.5085131640831,3.0145049095098297e-05,-0.012711286544799805,-0.03817558288574219,-2.2590160369873047e-05,0.0006119608879089355,-0.0004760622978210449,-4.9591064453099847e-05,6.103515625e-05,-0.000244140625,-0.00041455030441281404
00133744383047b888486d10548eb32d,middle,W1,a3_middle_W1,13370.370094870557,17888717.159576148,12821.557281615296,16451074.54251986,548.8128132552611,1437642.6170562878,69696.73602371842,99357518.36586833,574.1458200252837,-0.00037847459316250887,0.022784471511842597,0.007770061492919922,-0.001084551215171814,0.0019375383853912354,0.0006008744239807129,-0.0001449584960936997,-0.00042724609375,-0.00244140625,-0.00019478797912597656
0013d88f17a245b0bff5ebe713bd72ab,middle,W1,a3_middle_W1,14939.478952114116,22331148.200737033,14326.399765466738,20536754.944293566,613.0791866473774,1794393.256443467,78785.43877484651,126415823.49840163,641.5259512526655,-1.0505318641718109e-05,0.010403990745544434,-0.003726482391357422,-0.0007194280624390204,8.60691070555808e-05,-0.0002543330192565918,-3.814697265619969e-05,-0.0001220703125,-0.000244140625,-0.00010514259338378906
0015eb3cf53b4339b2d0532cf912ab26,middle,W1,a3_middle_W1,15154.60680770966,22978975.319915544,14533.050074990244,21133558.28777758,621.5567327194167,1845417.032137964,79960.86526430344,130024398.40151645,650.7638974115808,5.178153514859285e-05,0.003681778907775879,-0.005022287368774414,-0.0009493529796600342,0.0003627985715866089,-0.000951081514358576,-5.340576171880031e-05,0.0001220703125,-0.00048828125,-8.934736251825504e-05
001e6d1b655542b48dbe00f3a3ccc616,middle,W1,a3_middle_W1,12623.977150990046,15947044.817820981,12105.48767281826,14664638.92501931,518.4894781717849,1282405.8928016704,64314.06894676367,84944335.94049928,542.0944717241797,-0.000716745853423989,0.02502918243408203,0.01848697662353871,-0.0003740787506104071,0.0020035505294799805,0.0003927648067474365,-8.773803710940015e-05,-0.00048828125,-0.0015869140625,-8.016824722290039e-05
001f17841a2642e4a9fa2f9b1687aa1e,middle,W1,a3_middle_W1,15071.057727977075,22723865.39550449,14453.486690102285,20900438.241529237,617.5710378747899,1823427.153975252,79629.26738276069,129164058.5923278,647.1761616529554,0.00021275877952581235,0.01192629337310791,0.004782676696777344,-0.0010675191879273016,0.000734180212020874,0.0003795027732849121,-0.0001220703125,-0.000244140625,-0.00146484375,-7.49826431273859e-05
0029e901155f414696aa6b470cbe40d4,middle,W1,a3_middle_W1,15001.436427637338,22514346.452422008,14384.229094529252,20700504.889306873,617.2073331080865,1813841.5631151348,79122.68773806549,127594734.77720235,644.1865077921309,-0.0002003014087677002,0.023453235626220703,-0.0011122226715052363,-0.0011620223522186002,0.001106023788452093,-0.00040137767791748047,-8.392333984369969e-05,-0.0001220703125,-0.0009765625,-0.00015965104103082828
00317d7cb89c4f84b28090ec8eeb361a,middle,W1,a3_middle_W1,14030.738393211868,19697331.694012783,13454.319557663006,18112879.240350254,576.4188355488623,1584452.4536625296,72181.92542105935,106537046.30193631,602.50312767493,-0.00021594762802118472,0.0247955322265625,0.0012874603271484375,-0.001023098826408414,0.0016822218894958496,6.943941116333008e-05,-8.773803710940015e-05,-0.0001220703125,-0.001953125,3.664195537569914e-05
003245510e8f4bcb98f1794348606f68,middle,W1,a3_middle_W1,14000.356518973704,19612000.783360943,13424.725598448136,18033186.463538323,575.6309205255675,1578814.3198226206,74426.48726547061,112871905.06019798,601.1984797127119,9.535253047951442e-05,-0.0008904933929425596,0.0030219554901123047,-0.0005685240030288974,0.0007686018943786621,2.3543834685724185e-06,-0.00011062622070309985,-0.0003662109375,-0.001953125,-0.0001512765884398859
004459ae7559418fad89ddb73e140b56,middle,W1,a3_middle_W1,15764.972881694295,24864368.188808646,15116.786762800319,22862547.66165156,648.1861188939765,2001820.5271570869,82558.47686762876,138731642.38098726,676.9740267929631,9.816139936449919e-05,0.0029790401458740234,0.0011575222015345332,-0.0012125074863434115,0.0006512999534606934,0.0010570287704468329,-4.57763671875e-05,-0.0001220703125,-0.001220703125,-2.264976501520355e-06
0047b3f31cc844d2bfe8e59820b87312,middle,W1,a3_middle_W1,14492.304471303565,21017672.23368347,13896.556922287511,19326055.57047877,595.7475490160541,1691616.6632046998,76562.56686530232,119600931.72044766,622.3235389665725,-0.00035841763019570094,0.006071925163269043,-0.0005495548248291016,-0.0008063018321990967,0.0015371441841124933,-0.0002060532569885809,-8.392333984380031e-05,0.0003662109375,-0.00048828125,-0.0002619028091430109
0048e8224b174b759771e39ff521ee2e,middle,W1,a3_middle_W1,13284.452067951723,17659519.20742384,12740.295278008476,16243223.536361739,544.1567899432466,1416295.6710621007,69018.54238330203,97630527.60447475,570.4563577538398,0.00018233060836797543,0.015415549278257501,0.011140108108520508,-0.00022467970848077945,0.0018962323665618896,9.98079776763916e-05,-9.536743164059985e-05,-0.000579833984375,-0.002685546875,0.00010845065116887875
004a33ffd2654583822bdd2eed1241ba,middle,W1,a3_middle_W1,15653.84076860467,24515248.714725185,15010.273515373148,22541687.347638983,643.567253231522,1973561.367086202,81629.09696116691,135819351.73902714,672.2018299316763,-9.93832945823947e-05,0.0027096271514874815,-0.00847816467284801,-0.0007518231868744174,0.000891119241714422,0.0008896589279174805,-1.52587890625e-05,0.0,-0.00048828125,5.647540092468262e-05
0050d3fb84444ea1b9079a1575887aa1,middle,W1,a3_middle_W1,14904.775069492285,22226923.149906464,14291.695775705333,20436703.06641308,613.0792937869519,1790220.0834933855,78701.42961352356,125563807.3674971,640.0357090974676,-0.00022812187671661377,0.011498928070066583,-0.010528564453125,-0.0008481740951538086,0.0013574659824371338,-0.00013193488121032715,-0.0002212524414061997,0.00018310546875,-0.001220703125,-0.00011512637138366699
00519a09c83e410f9734b3cfe8bcb604,middle,W1,a3_middle_W1,15138.345194770138,22928518.549189676,14517.138138221155,21086146.18108235,621.207056548983,1842372.3681073263,79046.70191146132,127256407.47608103,650.0655968387584,4.880130290979556e-05,0.005503296852111816,-0.002171993255613458,-0.00020125508308410645,-9.641051292419434e-05,0.0003350377082824152,-0.0001373291015625,0.00018310546875,-0.00048828125,-0.00010851025581359863
0053d2ac9bc14142bffaa42593c00a8a,middle,W1,a3_middle_W1,12939.917371695403,16757375.290884495,12408.105259583077,15408972.801072404,531.8121121123258,1348402.489812091,66135.2106146495,89674893.11695069,555.6614676868,-0.0002320408821105957,0.023663043975830078,0.020363330841068006,0.0005836039781571267,0.002353489398956299,0.0001704096794128418,-0.000274658203125,-0.00054931640625,-0.002197265625,-0.0008677542209625244
005c0d7ccf7749f99a4cc8e88bda073d,middle,W1,a3_middle_W1,12911.262321025402,16685384.145673156,12384.253469562058,15351943.845635694,527.0088514633444,1333440.3000374623,66729.06940395337,91231872.12923267,554.4309723865161,-9.268522262578793e-05,0.005735158920288086,0.0035500526428222656,-6.890296936029605e-05,0.0006050243973731995,0.0008436143398284912,-0.000213623046875,-0.00048828125,-0.00146484375,-0.0006817877292633057
005ee892a99b4ae8a26bb1c8123fdd80,middle,W1,a3_middle_W1,16061.96362881053,25809730.479531333,15400.822995929473,23729405.11323285,661.1406328810572,2080325.3662984818,86733.02324870946,152559007.58377466,689.7273009980197,-3.495439887039875e-05,-0.0006544589996337891,-0.02158641815185547,-0.0015782713890075684,-0.0003672093152999878,0.00010526180267333984,-0.0001068115234375,-3.0517578125e-05,-0.000732421875,-1.3262033462579925e-05
006ce7ce9e1b45558fe805882a705991,middle,W1,a3_middle_W1,11593.950487710219,13457525.942035807,11120.308445689101,12381210.486883488,473.64204202111796,1076315.4551523197,58778.45993407925,70829929.75317474,497.86342209425334,-0.00024577975273132324,0.006684064865112305,0.003446340560913086,-0.0004782676696777344,0.0009791851043701172,0.0009601712226867676,-9.918212890619969e-05,-6.103515625e-05,-0.001220703125,-0.0005940198898314875
006d40ce26e64b4c930124ddae278c05,middle,W1,a3_middle_W1,14627.522061064383,21407301.253000963,14026.281932588552,19684325.892927486,601.2401284758307,1722975.360073477,76624.60464272049,119526364.10289797,628.1300060579249,-0.00044974684715270996,0.008729696273805487,0.00794649124145863,-0.00037091970443720035,0.0007934868335723877,0.0005758404731749933,-0.0003814697265625,0.00018310546875,-0.002685546875,-0.00033083558082580566
00713006ea594a598ad966c5b36c7922,middle,W1,a3_middle_W1,15159.613353156778,22992221.72386475,14534.898442403433,21136990.475743096,624.7149107533442,1855231.2481216528,80935.1029126757,133213549.96753278,650.9788867589834,-7.5697898864052204e-06,0.0029516220092755674,-0.012441873550415039,-0.001200214028358404,0.00047644972801208496,-0.0012656152248382013,-3.0517578125e-05,0.0001220703125,-0.0009765625,2.071261405939273e-05
0078e62e7d774effa973885c78ffbf6a,middle,W1,a3_middle_W1,14445.490554197546,20878270.006985266,13851.271860582961,19196670.283324014,594.2186936145845,1681599.7236612514,74728.90615171797,114331658.62435445,620.3132718883453,-0.0002664625644683838,0.014156103134153497,0.002992153167728162,-0.0019143670797348022,0.0031400918960570734,-8.040666580200195e-05,-7.62939453125e-05,-6.103515625e-05,-0.001953125,-9.417533874511719e-06
007ced0c381749a394866f5fa71fd303,middle,W1,a3_middle_W1,14693.89540519698,21603864.70422774,14091.99608800239,19871056.20571337,601.8993171945895,1732808.4985143729,76058.99595930854,117981727.08874957,630.9801873038015,-0.00024944543838500977,0.007897615432739258,0.00031113624572398635,-0.00037619471549979466,0.0008424520492554266,0.0002288222312927246,-3.4332275390599847e-05,0.0001220703125,-0.00048828125,-0.0003412067890166959
00820ef5fe4843cf8beef97281048215,middle,W1,a3_middle_W1,15201.527411656185,23120232.66274831,14578.093084037688,21263566.051048208,623.4343276184973,1856666.6117001027,80258.71259798834,131149752.26505795,652.7787457993077,-4.190206527709961e-05,-0.0012606382369986235,0.003715753555296075,-0.0006210207939147949,-0.00011517107486722078,0.00046274065971380063,-0.0001068115234375,-6.103515625e-05,-0.0009765625,-9.453296661382504e-05
008f8f5241b947f29838e2a780e3790a,middle,W1,a3_middle_W1,11605.195283084851,13484064.489959933,11133.395502893467,12410822.763649825,471.79978019138434,1073241.7263101079,57529.97155603425,68276075.22670913,498.3462922179355,-0.0004487931728363037,-0.005137920379638672,-0.005012750625606799,-0.0005388557910919189,0.0004185363650322099,-0.0002727210521697998,-0.0002288818359375,-0.00030517578125,-0.001708984375,-0.0007182657718657892
0092c97c01714eb98d6f4b635c5ee9ec,middle,W1,a3_middle_W1,14295.006184819715,20445265.55118639,13709.117525262407,18804434.472192314,585.8886595573076,1640831.0789940767,72712.58177514616,108299220.2725296,613.8512240135022,-0.00020520389080050383,0.012531280517574572,-0.005697011947628283,-0.00022289156913762875,0.0007407665252684992,9.375810623168945e-05,-0.0001068115234375,-0.000244140625,-0.001708984375,-0.0005416274070739746
00a1a602456f4eb188b522d7ef19e81b,middle,W1,a3_middle_W1,14638.872982569983,21443904.877626278,14038.794132788238,19722708.167467955,600.0788497817448,1721196.710158322,78026.27383796149,123843136.89550452,628.6174334133108,-0.00015637278556832057,0.0030791759490966797,-0.007210969924926758,-0.0019187033176421842,-0.00018173456192016602,-0.00019058585166931152,-3.0517578125e-05,6.103515625e-05,-0.00048828125,0.00018396973609918765
00a1d892548542c7ab83565070737d6b,middle,W1,a3_middle_W1,13479.064695929854,18181782.66752792,12927.413337296655,16724834.776598547,551.6513586331985,1456947.8909293748,71972.53415737575,105681070.25615895,578.8133460858718,3.746151924138852e-05,0.008621811866760254,0.007766485214235175,-0.001132369041442871,0.00010173022747039795,0.0,1.52587890625e-05,-0.00048828125,-0.000244140625,0.0001780688762664795
00a38a2327cd41b885d6ebbb6ac0a91c,middle,W1,a3_middle_W1,14369.340114774768,20658687.826285988,13779.274821398463,18997564.747241423,590.0652933763049,1661123.0790445656,74306.55805358477,112860998.64961782,617.0432459894773,-0.00023248791694641113,0.010606050491331231,-0.015766620635986328,-0.0008920133113861084,0.0008374750614165705,0.00031572580337524414,-8.392333984380031e-05,0.00042724609375,-0.00048828125,-0.00036534667015081235
00a69ec5e0cb4e1b9c6d6285bde5de3e,middle,W1,a3_middle_W1,15317.399857511755,23472786.63833297,14688.092200787567,21584393.78987432,629.3076567241878,1888392.8484586515,80784.15297629862,132826944.65550525,657.7545003948819,8.04662704468051e-05,0.013096928596496582,-0.005147457122802734,-0.00029098987579351254,0.00017087161540990659,-1.3530254364013672e-05,-0.0001220703125,-0.0001220703125,-0.0009765625,-4.0471553802490234e-05
00a776f578304cce8c096fc0034582ef,middle,W1,a3_middle_W1,14894.014845442856,22193491.357099194,14282.733851360466,20409879.335393023,611.28099408239,1783612.0217061713,77101.05287900986,121139234.47606032,639.5736472684624,-0.0001106560230255127,0.015928149223327637,-0.0013399124145472285,-0.000587612390518133,0.0009510517120361883,0.0004298985004425049,-0.00011444091796869969,-0.0001220703125,-0.001708984375,-2.1904706954900544e-05
00a97894440b42ebbde2435e9430106c,middle,W1,a3_middle_W1,14268.549388033503,20373689.92875592,13682.66656815974,18735742.210842192,585.8828198737629,1637947.7179137282,75053.86941121804,114849895.68815112,612.7151253731297,-0.00018398463726040926,0.00524997711181463,0.006829500198364258,-0.0011230707168579102,0.0010390877723693848,0.0015617609024047852,-0.0001449584960936997,0.0001220703125,-0.001708984375,-0.0005005747079848966
00a9925ae746466b91ce457c67bef43f,middle,W1,a3_middle_W1,14283.3055512639,20413335.00299419,13697.081191863183,18772899.15399426,586.2243594007177,1640435.8489999324,74519.84042321739,113807133.98792675,613.3487794439017,-3.130733966830168e-05,0.0039196014404296875,-0.0027716159820521113,-0.0001893043518067239,8.314847946161441e-05,0.00014409422874450684,-6.103515625e-05,0.0001220703125,-0.000244140625,-0.00022909045219421387
00ae6eda19634ee6b0a4a52789c9ff90,middle,W1,a3_middle_W1,13652.34600831455,18650939.443996087,13093.335801663168,17155630.400755804,559.0102066513809,1495309.0432402827,71554.25882468274,104689335.82595389,586.2543324226923,-0.0005627572536469061,0.02551436424255371,0.015962123870853162,-0.0009190738201140802,0.0017549395561218262,0.0006217360496520996,-0.0001296997070311997,-0.000244140625,-0.001953125,-0.00035046041011810303
00bc54b70fea4c94bf54bdb4d041522c,middle,W1,a3_middle_W1,14309.5736121669,20487585.307569478,13720.932159473432,18837392.104372144,588.6414526934677,1650193.203197334,74533.12237473369,113165620.25503778,614.4767734530889,-0.0003321766853332797,0.004041194915769708,-0.00693321228027699,-0.00026316940784459897,0.000850677490234375,-0.0003802776336669922,-5.340576171879944e-05,-0.00042724609375,-0.0013427734375,-0.00010257959365850278
00bf94f9be9346d5bf6fcdb88e0f68c3,middle,W1,a3_middle_W1,14096.191769515111,19881615.64250402,13516.73480935583,18281421.171371277,579.4569601592812,1600194.471132744,73847.37789882084,111450930.13326138,605.3138039796544,6.361305713659116e-05,0.007830858230592597,0.002315044403076172,-0.0006567388772965033,0.00011052191257479582,0.0006096661090851385,-0.0001220703125,-0.000274658203125,-0.000244140625,-0.0002579987049102783
00c01670fa9545fc82e1fbfb9f70a259,middle,W1,a3_middle_W1,14537.9858933966,21145531.21809034,13941.43213183955,19446457.87000958,596.5537615570502,1699073.3480807617,75843.99465555408,117466757.36888348,624.2851748346468,0.00032313168048850316,0.014089345932006836,0.007040500640869141,-0.0008439570665360052,-0.0005255043506622037,-0.0002390146255492609,-3.814697265630031e-05,-6.103515625e-05,-0.001220703125,0.0001984834671021063
00c1673e7c8e4c2fbc0c9a1084acc067,middle,W1,a3_middle_W1,12778.605761045317,16341290.646510076,12253.70994830535,15027068.24144192,524.8958127399674,1314222.4050681554,64519.63235075737,85496573.63329224,548.734480152489,-0.0005188584327697754,0.011563301086424005,0.007057189941409803,-0.0002708733081817072,0.0010172724723815918,0.0005922913551330566,-7.62939453125e-05,-0.00054931640625,-0.001220703125,-0.0001519620418549139
00c5fc33cf54446093cca570c2ac5db0,middle,W1,a3_middle_W1,13914.14113500753,19371146.100992218,13341.887127332051,17811217.845126107,572.2540076754794,1559928.2558661103,72586.10146704146,107687677.56052195,597.496248437525,-0.00032678246498110686,0.027767419815065253,0.020368099212646484,-0.0012830942869186124,0.0016418695449829102,0.0001526474952697754,-6.866455078119969e-05,-0.00054931640625,-0.00146484375,-0.00019615888595581055
00cc1d02ab5c4e1abcbc080bbdc6bdc4,middle,W1,a3_middle_W1,12475.954192955107,15577262.703141596,11965.448757492934,14329224.573419087,510.5054354621734,1248038.1297225095,62853.93772191903,80932453.3270649,535.7381209260711,-0.00035810470581049136,0.008215904235839844,0.008565187454223633,-0.0005728006362915039,0.0016086101531982977,0.00092354416847229,-0.0001602172851561997,-0.00018310546875,-0.002197265625,-0.0003508031368255615
00d319b11c2c41c6b9a36287abf6922e,middle,W1,a3_middle_W1,15373.570647265884,23645529.656270947,14741.641901689365,21742293.47274068,631.9287455765188,1903236.1835302673,80974.12103312326,133392166.1640531,660.1665670703755,-6.459653377539898e-05,0.008653402328491211,-0.011029243469238281,-0.001334071159362793,0.0003972649574279785,-3.153085708618164e-05,-6.484985351560071e-05,-6.103515625e-05,-0.0009765625,3.069639205932617e-06
00d9bd8bee204fe3a42c320ce24a32fd,middle,W1,a3_middle_W1,12230.101675135775,14973095.2687403,11731.12131410696,13777109.901913598,498.9803610288145,1195985.366826702,63052.499445464055,81761451.49556734,525.1808069215163,-0.0006450414657592773,-0.008519291877746582,-0.007680654525758612,-0.0003891587257385809,0.0012066364288330078,-0.0009959042072296143,-0.00018310546875,0.000244140625,-0.001953125,-0.0005692541599273682
00da1beacd7e456f81bcdd0343048166,middle,W1,a3_middle_W1,15097.79556412843,22804402.51881713,14475.227800352577,20963110.174109656,622.5677637758527,1841292.344707474,79826.62971903007,129801075.51049198,648.3243285887916,-2.682209014892578e-06,0.0057256221771240234,-0.036296844482421875,-5.580484867098723e-05,0.0006505846977233887,0.0013557970523834229,-5.340576171880031e-05,9.1552734375e-05,-0.001220703125,5.066394805908203e-05
00db57d6cb5540089860f0de1d2c643d,middle,W1,a3_middle_W1,13960.165147610702,19499511.038389612,13387.522913089764,17933380.68046039,572.6422345209376,1566130.3579292223,72321.40813793882,106909340.79178078,599.4725957090966,-0.0003252774477005005,0.02620220184326172,0.001683235168460584,-0.0013977885246276855,0.0016944408416748047,0.0002570152282714844,-8.010864257809985e-05,-0.00054931640625,-0.001708984375,-5.328655242919922e-05
00ddbd37e24c43569cb77919361bfaa9,middle,W1,a3_middle_W1,15881.705565959614,25234390.609222032,15229.684253186495,23205731.738963492,652.0213127731186,2028658.87025854,83526.35218809881,141846696.2552894,681.9867214495587,-5.04031777381897e-05,0.0199127197265625,-0.023260116577148438,-0.0014802217483519953,0.001681059598922785,0.0009602904319763184,-0.0001296997070313003,-0.0001220703125,-0.001953125,9.34600830078125e-05
00e99d9188c64441b8ae7a3f73f37164,middle,W1,a3_middle_W1,15026.248431149093,22588164.397050753,14408.789339480594,20770599.846502695,617.4590916684992,1817564.550548058,78842.82865840972,126474022.98245676,645.2519762871423,-5.558133125305176e-06,-0.014393329620359552,-0.04033803939819336,-2.6673078536987305e-05,0.0007894635200499933,-0.0009496808052062988,-7.629394531300307e-06,-0.0001220703125,-0.000244140625,-5.513429641779144e-06
00ea067d2d0d4e5abbe36abcdd2117b9,middle,W1,a3_middle_W1,13710.551566249036,18812474.660764907,13152.78985369981,17313925.1627874,557.761712549227,1498549.4979775064,69356.84937359417,98390487.68333918,588.7537754114205,0.00011023879051214047,0.007066130638122559,0.003478527069091797,-0.0006164312362670898,0.00014133751392370053,-0.00027835369110112973,-7.247924804680041e-05,-0.00018310546875,-0.00146484375,-0.00043454766273498535
00ed0007c9c84409adb2e257fad235d1,middle,W1,a3_middle_W1,14093.403700634124,19875853.917631544,13515.680861591973,18280482.01170861,577.7228390421515,1595371.9059229344,73549.23249378234,110267407.26407287,605.1940796876114,-0.00038194656372067537,0.009498596191402697,0.0007116794586181641,-0.001684725284576416,0.0007620155811309814,0.00030297040939336606,-0.0002288818359375,6.103515625e-05,-0.001953125,-0.00014057755470270328
00ef198a19a8403d903dbfa7cfaaf9bd,middle,W1,a3_middle_W1,15026.633148946947,22590297.109579787,14407.175566391517,20766821.047644734,619.4575825554293,1823476.0619350523,79929.2180201881,130087887.58489704,645.2684967060953,0.00010281801223760434,0.0010031461715680479,-0.004487037658691406,-0.0010077953338623047,0.00031545758247369937,0.0011684894561767578,-7.62939453125e-05,-6.103515625e-05,-0.00048828125,-8.642673492431641e-07
00f9cb1a42b4498e838107f82557c9f3,middle,W1,a3_middle_W1,14224.357359859669,20243462.86828671,13639.312503493382,18613181.14259415,585.0448563662867,1630281.725692559,73659.76428095244,110732129.14773963,610.8174465449138,-0.00033053755760190096,0.020899772644044745,0.005011558532714844,-0.0008057504892348966,0.001958310604095459,0.0009530782699584406,-0.00010299682617180041,-0.00042724609375,-0.0015869140625,-0.00010624527931207828
00fa05ae10834647a8bf00c5a5a899a1,middle,W1,a3_middle_W1,15470.888521366978,23944948.2105045,14832.25189020336,22009509.450874038,638.6366311636175,1935438.7596304603,81230.25829893451,134469712.5676839,664.3455576467339,-0.00011374801397320833,0.014823675155641425,-0.023012161254886365,-0.0008517354726791104,0.00044670701026910953,0.00018489360809326172,-9.918212890619969e-05,0.0001220703125,-0.001220703125,-3.039836883550473e-05
00fab46ab0134de8b7c6b39f9ef2f708,middle,W1,a3_middle_W1,14759.370121090935,21794653.802574273,14153.828640388643,20043735.60502067,605.5414807022917,1750918.1975536048,76731.59888948087,119788677.15588038,633.7917799658685,-4.319846630099211e-05,0.014029741287231445,-0.0044214725494384766,-0.0005712956190108975,0.0004998147487640936,-0.00027191638946538754,-8.392333984380031e-05,6.103515625e-05,-0.00146484375,-0.0001233518123626154
00fadd5980ed4228bc28217eb11c5d27,middle,W1,a3_middle_W1,14277.717934561211,20398193.445506476,13692.449529461,18760959.889812637,585.2684051002107,1637233.5556938387,73470.89486697306,110648376.74871336,613.1088379351036,-0.0002633780241012018,0.003446340560913086,0.0004935264587402344,-0.0005500018596650003,0.0014001131057739258,-0.0007904171943664551,-9.1552734375e-05,0.0001220703125,-0.001220703125,-0.0003514885902404785
00fd070ec367496582cb9410fb8d84a2,middle,W1,a3_middle_W1,15540.075182469995,24159185.925126195,14899.703005259827,22209776.430949703,640.3721772101671,1949409.494176492,80831.86654931119,133366312.49350317,667.3165473793997,-2.5242567062294663e-05,0.004103183746336114,-0.011997222900387072,-0.00037735700607299805,0.0009026527404785156,-0.00032782554626464844,-6.866455078130031e-05,-6.103515625e-05,-0.0009765625,-0.00012698769569396973
00fe064ec39f4f42a8301f6699c37455,middle,W1,a3_middle_W1,14981.987114814248,22456613.51714366,14362.927425782114,20639772.31499773,619.059689032134,1816841.2021459304,78499.00155325558,125708563.73241454,643.3513221106198,-0.0002174079418181818,-0.009453296661375177,-0.03484725952148082,-0.0009125173091888983,0.0011796951293945312,0.00011366605758666992,-7.62939453125e-05,-0.0001220703125,-0.0009765625,-0.00023758411407470703
00fe7b40923644c3bf15be6fcb8195c2,middle,W1,a3_middle_W1,14734.660320169816,21723648.89744306,14130.286209579279,19978924.932325687,604.3741105905374,1744723.9651173726,76534.39206421406,119527004.13084859,632.7307002192458,-0.0002997517585754117,0.015252828598022461,-0.0013875961303746465,-0.0006762593984603049,0.0021109580993652344,-0.0004801154136657715,-8.392333984370056e-05,-0.000244140625,-0.001953125,-0.00019019842147829924
01052f325d2a4422bf1dea6567d78347,middle,W1,a3_middle_W1,10581.184990154921,11210037.193855578,10150.545374410813,10316810.886937574,430.6396157441086,893226.3069180045,51746.16460037753,55208378.92997005,454.37359548801163,-0.0007126629352570135,0.007306933403015137,0.007259845733642578,-0.00088539719581604,0.0023736059665679377,0.00018462538719182797,-0.0002059936523436997,-0.001220703125,-0.003662109375,-0.0005441606044769287
0116e8e2de78456cab731ff73f65349f,middle,W1,a3_middle_W1,14144.023510228682,20015981.524080094,13561.74798857402,18402570.58717939,582.275521654663,1613410.936900705,74028.16556723582,111827420.93284813,607.3677780881022,-0.00015589594841000642,0.010805130004882812,-0.0032472610473632812,-0.001381292939186124,0.0020776987075805664,0.000589907169342041,-4.9591064453100714e-05,-0.0001220703125,-0.00146484375,-1.2755393981933594e-05
0118607beaed4571b94615a611bab570,middle,W1,a3_middle_W1,15167.024351012766,23014644.479456007,14543.840478015556,21162985.59827762,623.1838729972096,1851658.8811783865,78916.83735348338,126765967.91358574,651.297127272226,-1.326203346280197e-06,9.775161743164062e-05,-0.009130239486694336,-0.0007945150136948187,0.0007645189762114923,2.3633241653497894e-05,-0.0001220703125,-6.103515625e-05,-0.00048828125,-0.00021335482597351074
011a2229b2f949ffaac35b39e9ee9d78,middle,W1,a3_middle_W1,14551.769074228518,21187683.54021951,13955.836143380293,19488650.42566857,595.9329308482247,1699033.1145509407,75624.18352041437,116562437.9078805,624.8770474309287,-0.00026573240756988525,0.0063145160675031065,-0.006518363952633166,-0.0004705488681793768,0.0008570849895477295,-0.00030666589736938477,-6.866455078119969e-05,-6.103515625e-05,-0.000732421875,-0.0003070384263992032
011e8dd9d04e4257b4c094b9cf279280,middle,W1,a3_middle_W1,13122.293751761494,17234467.617594503,12586.199545184278,15855980.926111232,536.094206577216,1378486.6914832704,68519.8374327607,95992105.07712884,563.4930112823255,0.0004768669605255127,0.025783777236938477,0.01819133758544922,-0.0006364881992339533,0.0004379004240036011,0.00016632676124572754,-0.000335693359375,-6.103515625e-05,-0.002197265625,-0.0003180205821990967
012323854937400b839b3bedf4faa010,middle,W1,a3_middle_W1,15140.981314098637,22937764.42766322,14518.568220768577,21091482.162846882,622.4130933300603,1846282.2648163363,79254.38898123891,127706243.22026579,650.178796165539,6.404519081110172e-05,0.005332231521608222,-0.011882781982421875,-0.00035753846168518066,-0.00012692809104919434,0.00029659271240228824,-0.0001068115234375,0.0001220703125,-0.000732421875,-0.00010225176811218262
0123ecfeeaf14efc8183597f2099e925,middle,W1,a3_middle_W1,13329.377040015093,17779812.290313378,12782.131614348671,16350596.613536354,547.2454256664223,1429215.6767770238,71616.97530831594,104187120.78519353,572.385510405705,-2.641975879671965e-05,0.005681514739990234,-0.0048100948333740234,-0.0010973513126372736,0.0003205239772796076,-0.00011748075485229492,-9.1552734375e-05,-6.103515625e-05,-0.0009765625,-0.00011205673217773438
012648b0eed74f67ad28527119aac2c4,middle,W1,a3_middle_W1,11973.682388072653,14351823.45531001,11483.855521585552,13202388.768848455,489.82686648710114,1149434.6864615548,60621.41045566417,75666606.43093,514.1697383574802,-0.0014821887016295832,0.06316661834716797,0.06072998046875355,-0.0013111829757690985,0.003739297389984131,-0.0008109807968139648,-0.0001220703125,-0.00054931640625,-0.0025634765625,-0.00017368793487548828
012989686a534d73bd7989501e713630,middle,W1,a3_middle_W1,16010.447947886274,25646443.842341866,15352.470647032518,23582641.10184009,657.9773008537559,2063802.7405017763,84238.45547800849,144247310.41699806,687.515132399952,2.8170645236899605e-05,0.005193352699279785,-0.02117633819580078,-0.0010564625263214111,0.0002726465463638028,-0.0007271766662598211,-0.0001068115234375,-0.0001220703125,0.0,-7.045269012451172e-05
012a565d39a644ea89685ae6cd4e5d8c,middle,W1,a3_middle_W1,12742.439454624693,16254665.152363982,12221.763591749406,14954306.673778301,520.6758628752868,1300358.478585681,65218.18917802458,87353147.7739649,547.1814390990389,-0.0002900362014771063,0.015773773193359375,0.008956193923950195,-0.00016543269157409668,0.0009951591491699219,0.001168042421340998,-0.0001068115234375,-0.000244140625,-0.001220703125,-0.0004000365734100342
012c0d5217494d12881d6b089bed0232,middle,W1,a3_middle_W1,13927.35782707831,19410499.799219172,13355.720894461596,17850650.398515522,571.6369326167132,1559849.40070365,73398.29609978183,109972070.96293768,598.0637950688565,-0.0002219676971436102,0.004885196685792792,-0.005334615707397461,-0.0010952651500702182,0.000188827514648382,-0.00014102458953862973,4.57763671875e-05,0.0001220703125,-0.00048828125,0.00013899803161621094
012d625661ad4c76b706f410b9be0640,middle,W1,a3_middle_W1,15726.421450095273,24742544.363700368,15077.844018441485,22744490.739878234,648.5774316537882,1998053.623822134,82942.72945788433,139863270.38156176,675.3185645169367,-0.00010949373245240646,0.004354715347290039,-0.00687718391418457,-0.0010753870010375144,0.00035803020000457764,0.0009055435657501221,-4.57763671875e-05,0.0001678466796875,-0.0009765625,-2.339482307428531e-05
013c9572481f47a3adb59c76a934e1e4,middle,W1,a3_middle_W1,14506.16568439451,21054872.357098058,13910.115703126918,19360906.130321056,596.0499812675916,1693966.2267770022,77306.25707442744,121324485.683353,622.9187623972012,-0.0001925975084305087,0.0095367431640625,-0.0036454200744628906,-0.0004908144474028986,0.00025166571140289307,-0.000654220581054632,-4.57763671875e-05,0.0001220703125,0.0,-1.6599893569890778e-05
013ff6659943447a9a569fdcbcd3abdb,middle,W1,a3_middle_W1,13792.78314562723,19036802.26703068,13227.889862981941,17510210.14239999,564.8932826452892,1526592.1246306896,71458.88831656225,104204821.14635938,592.2849355243467,0.00011092424392700195,0.004374980926513672,0.003912448883058417,-0.00017958879470819644,0.00010763108730321713,0.00029149651527410336,-0.0001678466796875,0.0,-0.001220703125,-0.0003288388252258301
0144192045784fc8906de276b4e09eaa,middle,W1,a3_middle_W1,15258.36772198169,23293292.072392944,14630.203513526056,21415598.0924603,628.1642084556333,1877693.9799326435,80815.23759998572,132716825.36025791,655.219562796202,-3.8459897041293045e-05,0.0103724002838117,-0.005773305892944336,-0.0016161501407623846,0.0003809928894042969,-0.00012201070785528012,-0.00018310546875,-0.00018310546875,-0.0009765625,-0.00019365549087518863
014a10fd129844228a18b568b069661d,middle,W1,a3_middle_W1,14818.860894103838,21971662.991967533,14211.541511850673,20208475.871165123,607.3193822531648,1763187.12080241,78262.29518756451,124779736.9378786,636.3464122171129,7.200241088869963e-05,0.005380511283874512,-0.0008594989776611328,-0.0003814101219178079,0.00011852383613589201,0.00023156404495239258,-0.000152587890625,6.103515625e-05,-0.0009765625,-0.00019803643226629086
014ca29813304ce68204fb48dc217636,middle,W1,a3_middle_W1,15526.855266216984,24117024.165028512,14886.788669714888,22170266.340459574,640.0665965020962,1946757.8245689385,81382.21623385003,134956590.16099137,666.7488622963472,7.977336645119404e-05,0.0009083747863787295,-0.016717910766601562,-0.00037476420402521304,0.0011663138866424005,0.0007243752479553223,-3.0517578125e-05,0.00018310546875,0.0,-0.00011798739433288574
014ccee408664909b71f80702d003e14,middle,W1,a3_middle_W1,14489.703692142339,21005487.16888771,13894.45027881254,19315781.41411126,595.2534133297995,1689705.754776448,74592.81085760557,113695004.92088212,622.2118572050631,-0.0001902729272841852,0.0036931037902814268,-0.0004839897155797246,-0.0011585056781768799,0.0012931525707244873,-0.0008011460304260254,-0.00011444091796869969,6.103515625e-05,-0.001220703125,-0.0004470944404602051
01531de593f3468084dab12f6515e8e1,middle,W1,a3_middle_W1,14967.11502899514,22413813.339688744,14354.067267769971,20616145.269364107,613.0477612251689,1797668.070324637,78240.99674339828,124768682.88317552,642.7126901320348,2.747774124151059e-05,0.005831122398376465,-0.0005793571472167969,9.85413789748868e-05,0.00038862228393550524,0.0009769201278685968,-9.918212890630031e-05,0.00030517578125,-0.000244140625,-0.0003000795841217041
0154c6fe068243d4b2d5a704dad1cbc6,middle,W1,a3_middle_W1,15300.434729444914,23422057.11737519,14672.060945905958,21538477.332712647,628.3737835389566,1883579.7846625447,78778.99180287581,126411440.66934979,657.025989718165,6.185472011568938e-05,-0.003982782363893378,-0.01478433609008789,-0.0008063614368438721,0.0005012750625609796,2.22623348236084e-05,-0.00018310546875,0.0001220703125,-0.00048828125,-0.00024130940437322446
01551e922711450f92b50843d4e0f2be,middle,W1,a3_middle_W1,14610.930130584196,21359233.378844056,14009.374966725703,19637386.813933797,601.555163858493,1721846.564910259,77321.94230432805,121677797.9823716,627.4175211032261,-4.3213367462213714e-05,0.006414651870725763,-0.0016629695892333984,-0.00048190355300900545,0.00016117095947265625,0.0004010796546936035,-5.340576171869969e-05,-0.00030517578125,-0.000732421875,-0.00016406178474420718
0157b39c4b434ceba885ddace4f5b9bd,middle,W1,a3_middle_W1,15057.960425186127,22686610.00643823,14441.520891359258,20868020.169075437,616.4395338268696,1818589.8373627923,78294.47026655567,124977039.55739306,646.613741794891,5.930662155159694e-05,0.008697509765625,0.001990795135498047,-0.00018870830535891447,0.0004267990589141013,-0.0005744993686676025,-5.340576171869969e-05,0.0,-0.00048828125,-0.00010910630226129703
0158a691a8a64bd39527c6f9e750c8ee,middle,W1,a3_middle_W1,13037.6929955664,17010639.846470904,12503.726606435557,15646567.300646022,533.9663891308428,1364072.5458248816,67423.80011714267,93086145.85765636,559.8601147958605,-0.00018346309661870785,0.015727281570436347,0.008702278137214137,-0.0011770129203796942,0.0014867186546325684,0.0004749298095703125,-9.1552734375e-05,-0.00042724609375,-0.00048828125,-0.00022870302200317383
015c200ce786438c8e35ddf635d1e236,middle,W1,a3_middle_W1,13789.49692229972,19026911.51945753,13222.01048578099,17493797.153014977,567.4864365187314,1533114.3664425537,72147.36948766807,106447447.35814655,592.1438196559172,-0.0002985149621964056,0.01456499099731623,0.00903010368347168,-0.0013188272714615146,0.0008849948644638062,-0.0015962123870849054,-6.103515625e-05,-0.00042724609375,-0.00146484375,0.00010761618614196777
015d02aa38e04950825ec5f8dc3d533d,middle,W1,a3_middle_W1,14809.62269382105,21943834.544441774,14199.183680647304,20172799.181209434,610.4390131737455,1771035.3632323407,77531.98726195224,122584637.0803117,635.949708607618,-0.0001366138458251953,0.0010240077972394346,-0.011506080627441406,-0.0013114362955093106,0.000533908605575617,0.0006551146507263184,3.814697265619969e-05,-0.0001220703125,-0.000244140625,0.0002535581588745117
015ee6e84a2d49e9b87dca6fdc4d49b4,middle,W1,a3_middle_W1,15220.796131916506,23182125.796883427,14596.257728199012,21319599.11401477,624.5384037174936,1862526.6828686558,79044.07830323011,127250815.23708838,653.6061765372903,-0.0003175213932991028,0.0041997432708740234,0.007828474044799805,-0.0010889768600464422,0.00025612115859988127,0.0008333027362823486,-0.000213623046875,-6.103515625e-05,-0.00146484375,0.00012141466140741519
016576dd30c1464f9115584748950ed2,middle,W1,a3_middle_W1,15354.05384513875,23585242.499315098,14722.927328076543,21686896.76598405,631.1265170622064,1898345.733331047,80984.15519255579,133578519.71303608,659.3284832864528,-0.00018757581710818205,0.0009870529174804688,-0.02274036407470703,-0.00021301209926599673,0.000628352165222168,-9.587407112116031e-05,-0.0001373291015625,-0.0001220703125,-0.001220703125,4.2200088501032074e-05
01688042f526490ba8fe14aace17a558,middle,W1,a3_middle_W1,14993.445039346978,22492178.414447006,14378.684631553882,20686366.31609032,614.7604077930955,1805812.0983566865,77223.12929102413,121526996.37403351,643.8433443530822,-0.00011745095252990723,0.0025248527526890996,-0.014762878417961645,-0.0008978396654129028,0.0007266402244567871,0.000401914119720459,-9.1552734375e-05,-0.0001220703125,-0.001220703125,-8.279085159296207e-05
0169a7e8458246b1b371706f507ec511,middle,W1,a3_middle_W1,15662.581137738147,24543250.712698754,15019.333053843537,22569467.04180413,643.2480838946103,1973783.6708946228,83566.08026844142,141820930.3138378,672.577155847702,8.197873830789737e-05,-0.013457536697387695,-0.01844286918640492,-0.0016041696071624756,0.00023537874221796207,-0.0003311634063720148,-0.0001678466796875,0.0,-0.00048828125,-0.00012508034706121274
0170db45fb744c4b91ffdf97a3f75ea3,middle,W1,a3_middle_W1,13939.337964467411,19441193.282452233,13368.201160291484,17881436.62779916,571.136804175927,1559756.6546530724,72933.35748680183,108148796.16629262,598.5782419956413,0.0002746284008025568,0.005155801773071289,0.0018703937530517578,-8.666515350341797e-05,-0.00016964226961140028,-0.0003636479377746027,-0.0003662109375,0.00018310546875,-0.001953125,-9.52780246734064e-05
017c41aac5db41f3bfe2f7938a4834d1,middle,W1,a3_middle_W1,14824.98852536782,21989199.11631606,14214.627317528986,20216575.730633147,610.3612078388342,1772623.3856829144,77864.38484227567,123905174.67110312,636.6095428449047,-4.369020462030582e-05,0.004029273986818183,-0.0033581256866490605,-0.0011520683765411932,0.001170337200164795,-0.0003407001495361328,-7.62939453125e-05,6.103515625e-05,-0.001708984375,6.768107414251157e-05
017e5dfc6d0d4c12b3f1196d85a16c9b,middle,W1,a3_middle_W1,14764.741407993215,21812504.442995567,14159.968717650683,20063076.77134552,604.7726903425319,1749427.6716500483,78887.7604175014,126478533.65789211,634.0224319150082,0.00012104213237759676,0.0065642595291137695,-0.0031757354736328125,-0.00017642974853521176,-0.00013302266597747803,-0.0004486441612243097,-0.0001983642578125,0.00018310546875,-0.00146484375,-3.61800193786066e-05
018034e069134727b9e6e5627234f42f,middle,W1,a3_middle_W1,15198.898012409229,23110228.968496077,14574.440541745951,21250919.28874557,624.4574706632775,1859309.6797505058,78959.93647858966,127033679.58183217,652.6658350439504,0.00025431811809539795,-0.01447916030883789,-0.028057098388671875,1.1861324310302734e-05,0.0007963478565216064,0.00016349554061889648,-9.918212890630031e-05,0.00018310546875,-0.000244140625,-0.0002327561378479004
018487b190aa472caf198b265a3b4d61,middle,W1,a3_middle_W1,14695.282054717905,21604674.14930965,14088.809417527593,19858845.001440343,606.4726371903125,1745829.1478693075,77853.49076506154,123503466.08339912,631.0397323291545,-3.2961368560791016e-05,0.002582073211666369,-0.010182857513427734,-0.0006702989339829046,0.0007814466953277033,1.239776611328125e-05,-1.52587890625e-05,0.0,-0.000732421875,2.1666288375910003e-05
0184e485100e433c9032f2132e99e095,middle,W1,a3_middle_W1,14257.388110633272,20340971.237527262,13673.072332786727,18708693.91724688,584.3157778465447,1632277.3202803843,73787.65801845491,111148220.88454269,612.2358416494919,5.4121017455999176e-05,0.009142160415649414,0.0059223175048828125,-0.0006510317325592041,0.00012946128845209293,6.67572021484375e-05,-0.000213623046875,0.0,-0.001220703125,-0.00033736228942871094
018f683e86ea42eb8e98935e890eb9fd,middle,W1,a3_middle_W1,14368.45100730074,20656300.743696544,13777.360894090527,18992433.648452025,591.0901132102135,1663867.0952445194,74915.4591902214,114501605.753057,617.0050662430573,-0.0002745091915130893,0.01820206642150879,0.00798225402831676,-0.0004757344722748358,0.000965416431427002,0.0001951456069946289,-9.918212890619969e-05,-0.000244140625,-0.00146484375,-0.0001545250415802002
019a31cb0c1646758bc44d47366e32e6,middle,W1,a3_middle_W1,10000.45595086696,10015444.95114708,9591.237874586515,9213134.556192556,409.21807628044553,802310.3949545231,49410.34074724584,50295188.55357485,429.43612942621604,-0.0014116764068603516,0.033377408981321466,0.03142118453979492,-0.0012788474559783936,0.002830564975738581,0.0008927583694458008,-0.0001678466796875,-0.00067138671875,-0.002685546875,-0.0009138882160186212
019c097c504c4e1dbefcd1079619b8cf,middle,W1,a3_middle_W1,13600.039589516135,18510298.341030076,13044.950693513043,17031001.555724155,555.0888960030916,1479296.785305921,70008.85661537579,100312701.35618769,584.0082082316258,-0.0005549043416976929,0.018813014030456543,0.012539625167848456,-0.0021200180053710938,0.0011209845542907715,-0.0005332827568054199,-0.000152587890625,-0.00018310546875,-0.00146484375,-0.0005702376365662176
019cdc2fe9da4327aa8d617401d8189b,middle,W1,a3_middle_W1,14715.603936514086,21665825.009365868,14111.144904325378,19923201.485644378,604.4590321887081,1742623.52372149,78230.11059021098,124464524.63730866,631.9123875664843,-3.0085444450378418e-05,0.009037256240846503,-0.00542759895324707,-0.0003020167350769598,0.00013086199760439787,0.0003655552864074152,-7.62939453125e-05,-6.103515625e-05,-0.00048828125,-5.5402517318725586e-05
01a4a9aa5dfc4436891849a88f2e99e7,middle,W1,a3_middle_W1,13868.680559114131,19246051.339591384,13301.599409785398,17705126.31604703,567.0811493287329,1540925.0235443525,71710.8352924142,105431763.30835947,595.5440960707665,-0.0007019639015198031,0.05132555961608709,0.03968238830566406,-0.000607073307037298,0.0015801787376403809,0.00010371208190917969,-0.0001068115234375,-0.00048828125,-0.001953125,-0.0005046576261520108
01a76c394cc640f6ad469199166ece29,middle,W1,a3_middle_W1,13228.71474050387,17513853.03426391,12686.761703123208,16109024.74119505,541.9530373806629,1404828.2930688597,70255.57604174601,100661088.05601354,568.062904667164,-0.00026924908161160555,-0.006003379821777344,-0.004583597183227539,-0.0003376007080078125,0.0004487335681914728,0.0002415180206298828,-0.00011444091796869969,-0.0003662109375,-0.001220703125,-0.0004075765609741211
01b853942c324f83a89d27e97796200c,middle,W1,a3_middle_W1,13771.4039104111,18976641.927026324,13207.791816764604,17455934.790884316,563.6120936464959,1520707.136142008,71070.0202127228,103265844.44992296,591.3668757812294,-0.00035822391510009766,0.0068652629852312685,0.002030134201046252,-0.000965267419815008,0.0018929541110991877,-0.0008236765861510675,-9.1552734375e-05,-0.00042724609375,-0.0009765625,-0.0005547702312468927
01c7a9010fa6463897e5919443c72886,middle,W1,a3_middle_W1,15224.84485058307,23190926.83749597,14601.410657875127,21331379.857437808,623.4341927079422,1859546.9800581634,78431.98663146766,125406180.92367499,653.7800352175191,3.798305988308992e-05,0.014024972915649414,0.0022923946380615234,-0.0006281137466430109,0.0014221519231795987,-0.0007128715515136719,-7.62939453125e-05,-6.103515625e-05,-0.001220703125,-0.0003383904695511142
01c80c7c0e954db9a53a11fabc2053eb,middle,W1,a3_middle_W1,14664.190772476059,21514888.826154076,14059.81280146585,19778653.558283128,604.3779710102081,1736235.2678709477,78430.27862180097,125003080.19932023,629.7046212131779,0.00013700127601617984,-0.0009608268737792969,0.006358623504638672,-0.0016240924596787054,0.0003644824028014859,-0.00014331936836242676,-6.103515625e-05,-0.00018310546875,-0.00048828125,-9.059906005859375e-05
01d0e94dc746416484c9157bbe320203,middle,W1,a3_middle_W1,13451.449848665448,18106891.90133144,12900.073983808099,16653680.802501537,551.3758648573494,1453211.0988299027,68878.28039329487,97396963.76621939,577.6275188413754,-0.00020198523998260498,0.009931325912475586,0.0037801265716552734,0.00017890334129339047,-0.00023058056831359863,-0.0012139379978179932,-0.00018310546875,0.0001220703125,-0.00048828125,-0.0008356273174286444
01d1c15787514d14a4538256a88b43a5,middle,W1,a3_middle_W1,15443.201303817948,23858634.588388827,14806.984477802087,21933970.949875355,636.2168260158614,1924663.638513472,81353.69889917993,134756771.87444547,663.1566227024421,-4.7490000724695336e-05,-0.010317564010620117,-0.016729831695560193,-0.000799223780632019,0.00014677643775939941,0.0005069375038146973,-3.814697265630031e-05,0.0001220703125,-0.00048828125,3.802776336669922e-05
01d2ae479ed74c7188c270dea892cf67,middle,W1,a3_middle_W1,14020.909134355026,19671130.02050851,13444.392623382795,18087444.27577867,576.5165109722311,1583685.7447298393,73686.34341423254,110658262.63911396,602.0810430320549,-3.911554813382234e-05,0.0027614831924438477,0.002536773681640625,-0.0009243190288543146,0.0006097555160521906,0.0003209710121154785,-0.00011444091796880031,-0.00042724609375,-0.001953125,-0.00015980005264282227
01d9dd3aa5dc46c3a44bfd40d5898c0e,middle,W1,a3_middle_W1,14817.111570780304,21966749.59117657,14209.725751001146,20203565.85689791,607.3858197791578,1763183.7342786603,77779.87705948416,123499056.0453768,636.2712933784454,-4.7490000724709214e-05,0.003073215484620917,-0.0018858909606933594,-0.0001147389411925992,0.00017210841178899594,0.0005702972412109375,-2.2888183593800307e-05,0.000244140625,0.0,-8.174777030950375e-05
01eac793c4ec40c5aa6bbd09b45fc26a,middle,W1,a3_middle_W1,13294.39506717738,17687176.421858117,12749.950729423737,16268960.614844607,544.4443377536427,1418215.8070135098,68649.43278900573,96407276.84791185,570.8833265963938,-0.0008090138435364325,0.048891305923461914,0.03130674362182617,-0.0007430315017700195,0.003233194351196289,0.0007438063621520996,-0.00014114379882810071,-0.00048828125,-0.002685546875,-0.00032249093055719547
01f0c1dd487e43f795830fe6008142e4,middle,W1,a3_middle_W1,14476.661856882216,20967882.66584021,13881.788871048757,19280760.07419504,594.8729858334591,1687122.59164517,75691.34252851506,116921826.9328146,621.6518192145718,-0.00019989907741549406,0.004925727844236505,0.006864070892333984,-0.00046676397323611174,0.0011694729328154962,0.0005072355270385742,-7.62939453125e-05,-6.103515625e-05,-0.000732421875,-0.0001361370086669922
01f1cc659cb847a4a7366b84844641c2,middle,W1,a3_middle_W1,13960.094534996748,19498975.56912356,13385.416147193067,17927312.60540397,574.6783878036804,1571662.9637195878,74866.0479243283,114103692.19898951,599.4695634865886,0.00012347102165219392,0.0009614229202270508,0.0006258487701398252,-0.0005218982696532648,0.00012002885341649838,0.0,-3.0517578125e-05,0.0001220703125,-0.00048828125,-2.2351741790715973e-05
01f3115282994da9b32967eb2075d4aa,middle,W1,a3_middle_W1,12573.697870397142,15823587.158931278,12059.457187904212,14556537.964079699,514.2406824929294,1267049.1948515791,63887.94357893112,83924572.02540047,539.9353962026003,-0.0006507635116576593,0.04448533058166326,0.04035472869873047,-0.0005192160606384277,0.003802359104156494,-0.0001537799835205078,-0.0001602172851563003,-0.00067138671875,-0.002197265625,-0.0009733736515045166
01f376bb2b5a4860a53914dbf66d4ac0,middle,W1,a3_middle_W1,14972.337781030354,22426474.914048105,14357.031097707888,20621759.671811827,615.3066833224657,1804715.242236279,78380.99151939743,125047768.08189665,642.9369637481554,4.1931867599487305e-05,0.0222700834274292,-0.0005364418029785156,-0.0007592737674713135,0.00026682019233703613,8.225440979059417e-06,-3.814697265630031e-05,-0.0001220703125,-0.001220703125,3.5554170608465e-05
01f3fb1336a444309e9959d359c8b4ab,middle,W1,a3_middle_W1,12777.98725095436,16343933.327189866,12257.821919245242,15041295.76262115,520.1653317091186,1302637.564568717,64108.65331905135,84540375.56567295,548.7079203055404,-0.0006717145442963202,-0.002702474594116211,-0.004202127456666815,-0.000622332096099909,0.001980036497116089,0.00030177831649780273,-9.918212890619969e-05,-0.00048828125,-0.001220703125,-0.0005162656307221014
01f64ccc5e5049e29c3e8be0aaf31bd5,middle,W1,a3_middle_W1,15189.908216208776,23085572.490111116,14565.48449452316,21227400.403671578,624.4237216856163,1858172.0864395387,80104.94757832975,130399641.88951518,652.2797983168631,-5.814433097842131e-05,0.006055235862731934,-0.003393888473510742,-0.0005966126918792725,0.00023025274276730623,0.0007630586624144953,-4.57763671875e-05,6.103515625e-05,-0.0009765625,1.8775463104248047e-05
01f6b5adc5c44c17b159d7dc2f7f6dd6,middle,W1,a3_middle_W1,15520.345192386603,24099219.050745662,14882.467276291316,22159784.001551256,637.8779160952872,1939435.0491944067,80957.71988423818,133844500.06606163,666.4693089518064,0.00017538666725158691,0.0035631656646728516,-0.028483867645267225,-0.0007011294364928922,0.0003535449504852295,0.0010756850242614746,-7.629394531199693e-06,-0.00018310546875,-0.00048828125,-2.855062484741211e-05
01f74014d40f436e91fbf60e7f688057,middle,W1,a3_middle_W1,14866.84444683235,22115305.39148834,14254.462097573783,20331642.427127186,612.382349258567,1783662.9643611535,77327.96707254354,121860608.88413067,638.4069053847334,6.949901580810547e-05,-0.01992106437682928,-0.03951787948608754,0.0001778900623320978,0.001961797475814764,-0.00033289194107055664,7.629394531300307e-06,-0.00018310546875,0.0,3.8117170333806794e-05
01fb4fff624544a88317709570572e0f,middle,W1,a3_middle_W1,13607.836498897344,18529934.18491567,13050.421885340675,17043737.71998648,557.4146135566698,1486196.4649291895,69767.44770270947,99950297.53084233,584.3430204244503,-0.00027564167976379395,0.0040423870086687685,-0.00548362731933949,-0.00022584199905389957,0.0011466741561889093,-5.0008296966552734e-05,-9.1552734375e-05,0.0,-0.0009765625,-0.00040753185749059506
01fbee27f8f74a1eaf7e613de5cb78ee,middle,W1,a3_middle_W1,15064.225005876922,22703476.02555356,14444.795119148619,20875491.29707673,619.4298867283032,1827984.7284768336,78753.5855664028,126357627.84969002,646.8827532577233,0.00030381977558130435,0.00032305717468084083,-0.0017786026000941035,-0.000844612717628479,0.0006738901138305664,-0.0007402598857879084,-6.103515625e-05,0.0,-0.000732421875,-4.3809413909357e-06
01ffee46c0644a17a8ac9f9f3bf7ef4d,middle,W1,a3_middle_W1,14852.474364754302,22073202.048301432,14242.853702892671,20299227.999305934,609.6206618616307,1773974.0489954986,77426.5711636487,122066421.69159047,637.7898302776131,-9.886920452120695e-05,0.004534721374511719,-0.01789331436157582,-0.0008237063884735107,0.0013050436973571777,0.0010576248168945312,-5.340576171879944e-05,0.0001220703125,-0.000732421875,-0.000473365187644903
0200b7f6eb574385ace14b2d03502ec2,middle,W1,a3_middle_W1,15295.71127747219,23406599.995689057,14665.48008079571,21518182.487095423,630.2311966764792,1888417.5085936338,80462.04460193617,131819806.63645342,656.8231568730764,-0.00024484097957609696,-0.0032341480255126953,-0.02196192741394043,-0.0008081197738648016,-0.00035752356052390355,-7.957220077514648e-05,-9.1552734375e-05,6.103515625e-05,0.0,1.7583370208684723e-05
02010e17a28845cc921858cc24ece163,middle,W1,a3_middle_W1,16111.99880681108,25970713.877562176,15449.102326342227,23878361.844969735,662.896480468853,2092352.032592442,85553.91454198776,148653332.07242477,691.8758943502902,-0.00012631714344020495,0.02451419830322088,-0.05126476287841797,-0.0010882318019866943,0.0038373023271561224,9.071826934814453e-05,-0.0001220703125,-0.00018310546875,0.0,-0.00023087859153742007
02097b72cb764df79f0188df985014a5,middle,W1,a3_middle_W1,13840.915718038896,19171733.97967195,13272.88351320808,17631240.87581738,568.0322048308153,1540493.1038545705,72349.59380286373,107092070.23360367,594.3518278437915,-0.00040026009082791414,0.0023138523101788877,0.00087738037109375,-0.0009718537330627997,0.0006583929061889093,0.00035685300827026367,-0.00014877319335939929,-0.0001220703125,-0.0009765625,-0.000851213932037409
020bc99c57c04bf6abfc9fe91a6a1215,middle,W1,a3_middle_W1,13575.01588532847,18443512.81452037,13019.962202789971,16967023.812521104,555.0536825384988,1476489.0019992664,71092.78444192432,103123875.27920192,582.9336489592232,-0.00010460615158078279,0.005106925964355469,0.005434751510620117,-0.0008721649646759033,0.0006882846355437955,0.00031453371047979184,-0.0001296997070313003,-0.00018310546875,-0.001708984375,-5.957484245300293e-05
0214176d73af485287532957baf9888b,middle,W1,a3_middle_W1,14186.531792749556,20138317.966209672,13605.318340746739,18522816.827465344,581.2134520028176,1615501.1387443282,74835.5631067662,114182601.91195004,609.1931540913573,-5.8844685554504395e-05,0.003178715705871582,0.002380609512330878,-0.0006224513053894043,0.00043886899948120117,0.000121533870697077,-6.103515625e-05,-0.00018310546875,-0.0009765625,-9.253621101379395e-05
021504573eab4f8995e46ac306744e04,middle,W1,a3_middle_W1,13943.28504166548,19451702.03501799,13371.57802910621,17889999.444179993,571.7070125592709,1561702.5908379965,72388.18468069805,107080970.39793949,598.7477360229949,-0.0004421323537827093,0.021479129791259766,0.012977123260498047,-0.0006918013095855713,0.0008124709129333496,0.0007881522178649902,-8.392333984380031e-05,-0.00042724609375,-0.001220703125,5.781650543268402e-06
0219f955d31b4907b5eeb6a345a47eb2,middle,W1,a3_middle_W1,15322.157421001271,23489360.14868922,14692.642994831696,21599650.960108507,629.514426169575,1889709.1885807142,80928.70162776527,132882265.22679098,657.9587980449566,-7.0303678512601e-05,0.011259317398073065,-0.018794536590576172,-0.00044289231300359555,0.0015811026096343994,0.0004639327526091974,-0.00011444091796869969,-6.103515625e-05,-0.000732421875,-0.00020807981491088867
021a5902e34c4742a828335c86bfe4cd,middle,W1,a3_middle_W1,15771.282459039534,24886219.994003773,15121.878309276037,22879780.7919239,649.4041497634971,2006439.2020798735,83685.87971842967,142453407.2969622,677.2449704866074,-5.836039781569047e-05,0.014919042587278497,-0.02093672752380371,-0.0015261173248291016,2.406537532809172e-05,0.00012537837028503418,3.0517578125e-05,0.0,-0.00146484375,0.000195235013961792
0222f2054a72477a9af17694d4ab1a9e,middle,W1,a3_middle_W1,14192.100375498727,20154482.95241325,13608.862715619947,18532704.05836505,583.2376598787796,1621778.894048199,72977.79034539877,108812778.68509348,609.4322782506897,-0.0004163682460784912,0.006059408187867987,0.007357597351070666,-0.0002918839454650879,0.0011866092681884766,0.00034108757972711734,-0.0003814697265625,0.00018310546875,-0.002197265625,-0.00047129392623901367
0228c654c3b44da99c4b3b75d5f8b1cb,middle,W1,a3_middle_W1,14836.190503778003,22022558.20924162,14226.979338006979,20251833.946366645,609.2111657710248,1770724.2628749758,78564.79037922347,125404376.95470461,637.0905743372707,7.289648056030273e-05,0.005679130554199219,-0.0059854984283447266,-0.0003013014793395996,0.00028985738754269685,-0.0002606511116028387,-0.0001373291015625,0.00018310546875,-0.00048828125,-0.00011342763900762387
022a46a47f70497badb519b86f7d0dfa,middle,W1,a3_middle_W1,11114.977911525897,12366369.940590335,10658.57857535429,11372241.011552032,456.3993361716075,994128.929038303,55552.608430502725,63573014.56755295,477.29554696651314,-0.000583112239837591,-0.011205673217775214,-0.010797977447509766,-0.0004964470863342285,0.002572953701019287,2.396106719970703e-05,-8.773803710940015e-05,-0.0006103515625,-0.002197265625,-0.00021696090698242188
022c1581dcd44145a86c1522d7ab44d3,middle,W1,a3_middle_W1,14779.092280446623,21855909.62215318,14173.570855077493,20102528.341729116,605.5214253691302,1753381.280424066,77774.31719122364,123267386.4946142,634.6386821290544,4.246830940302093e-06,0.009722709655761719,0.0003325939178466797,-0.00042048096656799316,0.0006712228059768122,5.900859832758121e-05,-1.52587890625e-05,6.103515625e-05,-0.000244140625,-1.8149614334106445e-05
023d8f2444234e6185ca713309cfeb99,middle,W1,a3_middle_W1,13173.919204544045,17369070.525680497,12634.59648281747,15976889.420289204,539.3227217265758,1392181.1053912938,68124.54597935232,94922970.24757883,565.7098936656624,-6.66528940199973e-05,0.010453462600708008,0.0032889842987060547,-0.00017245113849639893,0.0011093914508820135,-0.00027760863304138184,-9.918212890619969e-05,-0.0001220703125,-0.00146484375,-0.00013524293899530582
0247b01389f541e8a22ab2f98e44c953,middle,W1,a3_middle_W1,14125.053366488495,19964873.97368208,13545.518691158628,18361016.76809138,579.5346753298672,1603857.2055906989,72944.06600586305,109066290.60924761,606.5531687200427,-0.00021405518054959383,0.004572868347167969,-0.005937814712517309,-0.002325266599655096,0.001387715339660589,-0.0006081461906433105,-9.918212890619969e-05,0.0,-0.001708984375,-0.00032848119735717773
024a0d26f2ab4be8bacf86127e23e6aa,middle,W1,a3_middle_W1,13980.431654996673,19557749.770165514,13406.496783221266,17985708.487497497,573.9348717754074,1572041.2826680169,73575.75747940286,110400779.5098069,600.3428730776066,3.160536289209537e-05,0.0032138824462890625,-0.00186920166015625,-0.0004826486110687256,-0.00011792778968811035,-0.00011965632438659668,-0.0001068115234375,-0.000244140625,-0.0009765625,-0.00028443336486810855
024b1ec28a404f46866c62a69d6370d8,middle,W1,a3_middle_W1,13346.81753320742,17829999.30964344,12800.549561635082,16401238.622634677,546.2679715723389,1428760.6870087627,70214.67711035971,100376444.53365684,573.1344340476463,-3.4570693969782074e-05,-0.003938078880310059,-0.0021398067474365234,-0.00025326013565057925,-0.0004744231700896939,-0.0004018247127532959,-0.0001678466796875,-0.00018310546875,-0.0009765625,-0.00036659836769109555
025784ce00f14da9bcfe44013eb2289c,middle,W1,a3_middle_W1,14753.363208603589,21781581.482217822,14151.59304028932,20041960.445728626,601.7701683142695,1739621.0364891961,76106.40083070625,118063675.80017766,633.5338332021367,-3.4272670748625167e-07,0.004806518554688388,0.0017559528350847842,-0.0003720521926879883,0.0004221871495247026,0.000861823558807373,-8.392333984380031e-05,-0.0001220703125,-0.000732421875,-0.00037673115730285645
025828c4084440649cde38135a9d8a2e,middle,W1,a3_middle_W1,14398.526338592981,20743047.264031768,13805.157407453042,19069290.976176236,593.3689311399394,1673756.287855532,77543.50420624089,122278706.69164866,618.2965507438446,0.00047294795513161403,0.010251998901365411,-0.01461029052734375,-0.0012581944465637207,0.000548243522644043,-5.203485488897153e-05,-7.62939453125e-05,-0.00018310546875,-0.0009765625,4.169344902033023e-05
025c1e16f9634c71be21574417c1b8a7,middle,W1,a3_middle_W1,13828.742804290147,19136135.510158937,13261.790262985942,17600020.39908109,566.9525413042047,1536115.1110778488,71566.0907758029,104563024.82876293,593.8291027810758,-6.42240047454834e-05,0.009338855743408203,0.003999471664428711,-0.0012876987457275946,0.00042352080345151033,0.0004984140396118164,-0.0001373291015625,-0.00030517578125,-0.000732421875,-0.00045940279960637875
025cf7f3f4524bf7b69a822007bcdf3a,middle,W1,a3_middle_W1,13465.211598259468,18143779.20893124,12913.187110306562,16687397.566984221,552.0244879529055,1456381.6419470198,70166.87578713115,100802956.4528232,578.2184711448327,-0.00033599138259887695,0.005198717117307794,-0.0011527538299560547,-0.0004514157772064209,0.0010832548141478937,0.0009800493717194159,-0.00011444091796880031,0.0,-0.0009765625,-0.00020021200180059262
026dd4fca8a347e799ff5bfd78df68bb,middle,W1,a3_middle_W1,13662.292946390999,18675408.112217575,13099.487937666592,17169080.485903673,562.8050087244064,1506327.6263139024,70628.83004766861,102221341.17278449,586.6814704060182,8.003413677221127e-05,0.005272626876832831,0.0016748905181884766,0.00035712122917180844,0.0011357367038726807,0.0005087554454804022,-0.00017929077148440015,-0.0003662109375,-0.002197265625,-0.0004222691059113104
0278450d1e324c33904e160e115f6fbd,middle,W1,a3_middle_W1,14640.78378618698,21445130.933149584,14038.422081334385,19717473.038166113,602.3617048525939,1727657.8949834704,75716.19433303372,117117956.56996433,628.6994864830317,-1.952052116394043e-06,0.011310577392578125,0.006268024444583631,-0.0011170804500580112,0.0018723607063293457,0.0004957914352416992,-2.2888183593699693e-05,-0.000244140625,-0.000732421875,1.3142824172973633e-05
0281cce51dcb43988b3d3760c0fb335e,middle,W1,a3_middle_W1,14474.947403468552,20964165.324441284,13882.362875806022,19283600.290679052,592.5845276625296,1680565.0337622315,74875.30572953465,114253263.3113711,621.5781977475444,-0.00018507242202761565,0.008879303932189941,-0.0007069110870361328,-0.0003001391887664795,0.0015178322792053223,-0.00041556358337402344,-3.0517578125e-05,-0.000244140625,-0.0009765625,-4.8920512199401855e-05
02871968fcbd46dc9f5059ec1fc7d13b,middle,W1,a3_middle_W1,15446.731504453048,23870169.26222034,14810.88212209859,21946114.12113949,635.8493823544577,1924055.1410808526,81225.43656406154,134444638.27577782,663.3082153602453,-9.743124246600066e-05,-0.010513067245485175,-0.022968053817752576,-0.0009076446294784823,-0.0001665353775023859,0.0003712773323059082,-7.62939453125e-05,9.1552734375e-05,-0.0009765625,-5.501508712774106e-05
0288b5d8dfda43b9938f0dcf1ac86da2,middle,W1,a3_middle_W1,15758.420601805963,24845986.062176242,15109.74547881064,22843337.316594318,648.6751229953225,2002648.745581925,83023.55831531405,140439377.49499494,676.6926610504423,-6.110966205589985e-05,0.016931295394901014,-0.029549598693844104,-0.0009832829236985086,0.0009589791297913153,0.0006669759750366211,-0.0001068115234375,-6.103515625e-05,-0.001953125,5.92172145844061e-05
028f74fc5b384764826acb595846b9d8,middle,W1,a3_middle_W1,14741.252615611755,21744365.47924231,14134.765982980587,19992752.161012985,606.4866326311676,1751613.318229325,78029.33842816703,124022714.77038369,633.0137842958648,7.364153861999512e-05,-5.4836273193359375e-05,-0.009273290634155273,-0.0010384172201157171,0.0004444420337677002,-0.0003426074981688898,-0.00018310546875,-0.0001220703125,-0.0009765625,-0.00021585822105407715
0290737f64b14b08b87faa644580f3a9,middle,W1,a3_middle_W1,14068.532887476016,19803977.831973888,13492.600349475017,18216470.050961234,575.9325380009996,1587507.7810126543,73222.40094523855,109276596.98931488,604.126085809055,-0.00022877752780919858,0.011734962463375354,-0.00012278556823375197,-0.0006326436996459961,0.00032716989517211914,7.683038711547852e-05,-0.0001296997070313003,0.000244140625,-0.00146484375,-0.0002580583095551092
029bf16fe8e2495bbadd991b7358559a,middle,W1,a3_middle_W1,15430.149861657104,23818288.292301606,14792.765879135324,21891758.74572899,637.3839825217801,1926529.5465726182,80830.80122243978,133358707.18939728,662.5961721757342,6.624311208719424e-05,-0.013036727905273438,-0.04418373107910156,-0.0002656430006026944,-3.555417060852051e-05,0.0008609294891357422,-3.0517578125e-05,-3.0517578125e-05,-0.0009765625,3.6269426345825195e-05
029d4dcccd66451c847a4dc5da36b5e6,middle,W1,a3_middle_W1,14544.61378255734,21166246.723200932,13947.773450662376,19465588.837224435,596.840331894964,1700657.885976497,76781.9518275307,119877988.73169649,624.5697873644592,-0.0002595484256744107,0.018455982208251953,-0.005817413330078125,-0.0003625154495239258,0.0006727576255797785,0.0005376636981964111,-9.918212890619969e-05,0.0,-0.00146484375,8.666515350347348e-05
029e028b4a6842c29183b6a30bb2f04e,middle,W1,a3_middle_W1,14842.676696453986,22042786.858096164,14234.621478498471,20274601.742471106,608.0552179555143,1768185.1156250574,77859.04622260212,123418381.8076498,637.3691021855179,-7.964670658111572e-05,0.0049304962158203125,-0.007357597351074219,-0.0005964636802673895,0.00025874376296999846,0.0001062452793121893,-9.1552734375e-05,-6.103515625e-05,-0.000732421875,-0.00015488266944879703
00001ec0d78549e1b8c2083a06105c29,middle,W2,a3_middle_W2,16853.600519330113,28499768.493734814,16225.156361476389,26415437.175967228,628.4441578537244,2084331.3177675866,76494.8489660081,119964510.02111712,723.721499247177,1.780688762670346e-05,0.007982254028322089,-0.006675720214847303,-0.000454291701316889,0.00018805265426635742,0.0009625554084777832,-4.57763671875e-05,-6.103515625e-05,-0.000732421875,-9.822845458989926e-05
0005d5eb0eb847648bf2e76f6931ed48,middle,W2,a3_middle_W2,18014.948542402602,32569657.213724393,17351.239603844948,30216288.873300258,663.7089385576546,2353368.3404241353,81746.68695235232,136685144.4228423,773.5917054053074,-8.41841101646007e-05,0.0035822391509992,-0.015385150909423828,-0.0015981793403626043,-0.00027237832546231355,-0.00010731816291803531,0.0001678466796875,6.103515625e-05,-0.00048828125,0.00010821223258972168
0005df571e71437991594d0affec9c2b,middle,W2,a3_middle_W2,17223.363025996696,29754752.96921542,16577.90870397728,27568613.62390119,645.4543220194173,2186139.345314231,79682.06538506325,129351333.45451126,739.599713245616,4.670023918160182e-05,0.006743669509885919,-0.0020849704742396113,-0.0016841590404511053,0.00015702843666079436,-0.0006366074085236151,-4.57763671875e-05,-6.103515625e-05,-0.00048828125,-8.696317672729492e-05
000c895f9ef6491894ac588634f3d2b5,middle,W2,a3_middle_W2,16402.509346008206,26998528.79269058,15787.526933874922,25012910.675647113,614.982412133284,1985618.1170434654,72106.83128241422,107028265.21924073,704.3508977024646,-0.0005539059638976773,0.030529499053955078,0.013682842254638672,0.0004622489213943204,0.0021848678588867188,-0.0004082322120666504,-9.1552734375e-05,-0.000244140625,-0.0009765625,-0.0008735656738282083
000d1c5d169f4fda93a32f2eaeac80d8,middle,W2,a3_middle_W2,16353.943342700239,26828199.773127876,15737.752829304442,24845463.134040922,616.1905133957971,1982736.6390869543,73591.16868781619,110566832.08279884,702.2653931429983,-0.0003795325756072998,0.028101205825805664,6.437301635386916e-05,-0.0005948543548583984,0.0008349418640136719,0.00037467479705810547,-4.9591064453099847e-05,-6.103515625e-05,-0.001220703125,-0.00020520389080050383
00133744383047b888486d10548eb32d,middle,W2,a3_middle_W2,15656.89360112728,24598321.337689776,15065.087150160474,22774258.794984974,591.8064509668056,1824062.542704802,69729.14106089242,99718107.78048043,672.3329236126781,-0.00040824711322789975,0.015835762023929334,0.0015819072723388672,-0.0015573948621750155,0.0015259981155394953,0.0005002915859221857,-0.0001220703125,-0.00030517578125,-0.001708984375,-0.00022485852241516113
0013d88f17a245b0bff5ebe713bd72ab,middle,W2,a3_middle_W2,17299.645375473498,30032942.180151526,16657.600985260342,27846861.398066934,642.0443902131556,2186080.7820845917,78809.97997271591,126796038.10985549,742.875403580517,-7.757544517519865e-05,-0.004260540008544922,-0.007650852203369141,-0.0010099112987519143,-0.0003372281789780218,0.0006909966468811035,0.0,6.103515625e-05,0.000244140625,-0.0001086890697478693
0015eb3cf53b4339b2d0532cf912ab26,middle,W2,a3_middle_W2,17494.299493304243,30701119.399602972,16846.03456231,28469781.41400267,648.2649309942426,2231337.9856003,79989.32798978407,130416397.49114247,751.2341735554864,4.361569881439209e-05,0.00538945198059082,-0.006160736083984375,-0.0009897053241730291,0.00022648274898529053,-0.0010466873645783026,-2.2888183593800307e-05,0.0001220703125,-0.000244140625,-6.139278411859683e-05
001e6d1b655542b48dbe00f3a3ccc616,middle,W2,a3_middle_W2,14716.255923330471,21727324.739249818,14151.56866251585,20091841.333090004,564.6872608146205,1635483.4061598144,64353.350280927654,85281637.45213379,631.9403849594272,-0.00047840178012839574,0.01604914665222168,0.011653900146484375,-4.4107437133844574e-05,0.0011371970176696777,-3.960728645330258e-05,-6.866455078129944e-05,-0.0003662109375,-0.0010986328125,-0.0001946091651917059
001f17841a2642e4a9fa2f9b1687aa1e,middle,W2,a3_middle_W2,17295.815174755942,30014930.724584345,16653.370089715514,27828359.521910433,642.4450850404282,2186571.202673912,79656.17172091409,129532981.1050982,742.7109284226688,0.00017939507961270418,0.0005125999450683594,-0.008537769317626953,-0.001155227422714289,0.0007304549217224121,7.796287536621094e-05,-6.866455078130031e-05,0.0,-0.001220703125,-3.898143768310547e-05
0029e901155f414696aa6b470cbe40d4,middle,W2,a3_middle_W2,17184.297443846226,29626758.277207684,16542.39761326024,27456780.895698097,641.8998305859859,2169977.381509587,79141.29500911999,127933152.59498468,737.9221724939844,-0.00011156499385839291,-0.0009453296661376953,-0.012018680572509766,-0.0014671683311461847,9.927153587341309e-05,-0.0012191534042358398,-7.62939453125e-05,-0.00030517578125,-0.001220703125,-0.00015679001808160953
00317d7cb89c4f84b28090ec8eeb361a,middle,W2,a3_middle_W2,16261.842089615822,26528396.21730108,15650.357483653504,24571706.951899704,611.4846059623178,1956689.2654013745,72209.3398806778,106890779.33624512,698.3104129066776,-0.0002598762512207031,0.018039941787719727,0.0027132034301757812,-0.0017145872116089145,0.0015884041786193848,-0.00015908479690551758,-7.247924804690015e-05,0.0,-0.001708984375,4.6193599700927734e-06
003245510e8f4bcb98f1794348606f68,middle,W2,a3_middle_W2,16297.446803861101,26652520.439139947,15686.221690452778,24691853.659836642,611.2251134083235,1960666.7793033049,74465.08931568972,113262818.60550736,699.8393382626753,-5.006790161105057e-06,-0.00024437904357910156,-0.005841255187988281,-0.0007834583520889837,0.0005097091197967529,-0.0008724331855774481,-7.62939453125e-05,-0.0001220703125,-0.0009765625,-0.00016710162162780762
004459ae7559418fad89ddb73e140b56,middle,W2,a3_middle_W2,18017.352337251155,32563392.849676207,17353.855886554542,30212109.17174017,663.4964506966135,2351283.677936036,82579.10479119033,139097507.21120852,773.6949283344186,-3.382563591003418e-06,0.01190423965453924,-0.012992620468139648,-0.000983864068985013,0.00037604570388799496,0.0005536079406738836,-4.57763671875e-05,-0.0001220703125,0.0,-1.8835067749023438e-05
0047b3f31cc844d2bfe8e59820b87312,middle,W2,a3_middle_W2,16950.330772830155,28833723.98527652,16319.29130182742,26728517.601314235,631.0394710027358,2105206.383962285,76593.55565079139,120003060.27870744,727.875256422406,-0.00022223591804509946,-1.7881393432617188e-06,-0.006015300750732422,-0.0007908344268798273,0.000536501407623291,-0.00047975778579717465,-6.103515625e-05,0.000244140625,-0.000732421875,-0.000156402587890625
0048e8224b174b759771e39ff521ee2e,middle,W2,a3_middle_W2,15528.795944691139,24196584.95610949,14941.614194342903,22401432.706267882,587.1817503482362,1795152.249841608,69051.32488733303,97983565.54056984,666.8321982418777,-0.00010856986045831851,0.0003629922866821289,-0.002524852752685547,-0.00021824240684509277,0.0008592903614043634,-9.089708328302581e-06,-8.010864257809985e-05,-0.000213623046875,-0.00244140625,-1.481175422668457e-05
004a33ffd2654583822bdd2eed1241ba,middle,W2,a3_middle_W2,17909.14728533436,32179152.194485832,17249.217551010257,29854228.875656273,659.9297343241014,2324923.318829559,81645.5923256874,136173582.09476745,769.0484243242207,-0.00011063367128379131,-0.0017809867858868955,-0.01834392547607777,-0.0007030516862868985,-7.015466690069028e-05,8.535385131835938e-05,-4.57763671875e-05,-6.103515625e-05,-0.00048828125,-3.5256147384643555e-05
0050d3fb84444ea1b9079a1575887aa1,middle,W2,a3_middle_W2,17088.566530153774,29286560.745879576,16446.751559244185,27129619.221633032,641.8149709095887,2156941.5242465436,78733.62597775363,125941177.61472577,733.8113286240147,-0.00016513466835021973,0.005272626876831055,-0.005877017974857068,-0.001274168491363581,0.0009349882602691095,-0.00015598535537719727,-0.0001373291015625,6.103515625e-05,-0.00048828125,-0.00010654330253601074
00519a09c83e410f9734b3cfe8bcb604,middle,W2,a3_middle_W2,17367.398117895067,30255105.757432215,16721.37059564835,28048007.32147439,646.0275222467171,2207098.4359578267,79067.15340067289,127611018.62037948,745.7848184718459,0.00013491511344909668,0.00896453857421875,-0.0039219856262224795,-0.0003567039966583252,-0.00022014975547790527,-0.00010058283805847168,-6.103515625e-05,6.103515625e-05,-0.00048828125,0.00027814507484430484
0053d2ac9bc14142bffaa42593c00a8a,middle,W2,a3_middle_W2,15187.283802922542,23145428.364614952,14607.54404600901,21412311.36594449,579.7397569135319,1733116.9986704625,66173.13901865487,90036426.30253874,652.1671016669111,-0.0001210570335387906,0.012937784194946289,0.00566363334656117,0.0008657425642013827,0.000806272029876709,0.0015285611152648926,-0.000152587890625,-0.0003662109375,-0.00048828125,-0.0006802082061768133
005c0d7ccf7749f99a4cc8e88bda073d,middle,W2,a3_middle_W2,15277.184652725167,23419677.024788972,14697.041494017383,21674514.976303298,580.1431587077841,1745162.048485674,66775.98082295017,91627411.62739545,656.0275929446133,-4.2438507080078125e-05,-0.01127779483795166,-0.012695789337158203,0.00021037459373479672,0.0001980736851692061,0.000393599271774292,-0.000213623046875,-0.00042724609375,-0.001220703125,-0.0006011128425598145
005ee892a99b4ae8a26bb1c8123fdd80,middle,W2,a3_middle_W2,18353.447139814576,33787593.21812004,17673.53663910352,31333806.3360609,679.9105007110556,2453786.8820591383,86762.56361731807,152969465.05537263,788.1273953981419,-3.07485461234977e-05,-0.0005674362182617188,-0.034804344177246094,-0.0008467435836791992,-0.0005994737148284912,-0.0009794831275939941,-5.340576171869969e-05,-9.1552734375e-05,-0.00048828125,-9.5367431640625e-07
006ce7ce9e1b45558fe805882a705991,middle,W2,a3_middle_W2,13756.56452476652,18980584.945170198,13222.25762882077,17534085.768257223,534.3068959457505,1446499.1769129746,58837.73525822782,71197422.7564161,590.7296480022582,-0.0009596347808837336,-0.006870031356809747,-0.008693933486938477,-0.0017420947551727295,0.0003739297389984131,0.0009968876838684082,-9.536743164059985e-05,-0.00030517578125,-0.000244140625,-0.0008574128150939386
006d40ce26e64b4c930124ddae278c05,middle,W2,a3_middle_W2,16852.4029436039,28489220.963562798,16220.805084047539,26395323.096385743,631.5978595563629,2093897.8671770543,76651.82704787247,119889661.38182819,723.6700733634885,-0.00019311904907221011,0.006147623062132013,0.0006449222564697266,-0.0003681778907775879,0.00041419267654418945,0.0004315078258513849,-0.0002288818359375,0.0001220703125,-0.0009765625,-0.00022172927856439761
00713006ea594a598ad966c5b36c7922,middle,W2,a3_middle_W2,17465.935797785907,30612146.830834668,16815.45634328515,28376966.367059134,650.4794545007571,2235180.463775534,80965.32453881086,133608104.8774286,750.0161895276118,-8.929520845410432e-05,0.008081197738645685,-0.017170906066898084,-0.0014788955450057983,-0.0001227855682373047,-0.0010101199150084894,-7.629394531300307e-06,-6.103515625e-05,0.0,-3.2901763916071136e-05
0078e62e7d774effa973885c78ffbf6a,middle,W2,a3_middle_W2,16664.97741542943,27859109.978145596,16041.383001414484,25814431.482091565,623.594414014944,2044678.496054031,74752.7972835592,114682820.60869345,715.6217109917776,-6.89476728438776e-05,0.014208555221557617,0.002160072326663709,-0.0024613738059998114,0.001933068037033081,-5.322694778442383e-05,1.52587890625e-05,0.0,-0.001220703125,0.0002236962318419855
007ced0c381749a394866f5fa71fd303,middle,W2,a3_middle_W2,17012.014826097606,29034817.82206343,16377.433500426218,26910353.066067744,634.5813256713882,2124464.755995687,76094.95104540254,118385241.75095612,730.5240717576904,-8.076429367059879e-05,-0.005128383636476386,-0.011086463928219104,-0.0003043860197066983,0.0007127821445465088,-0.001650989055633545,3.814697265600714e-06,-0.0001220703125,0.0,-0.0001880526542663019
00820ef5fe4843cf8beef97281048215,middle,W2,a3_middle_W2,17550.968088042642,30905693.8498076,16900.859789884078,28660380.343155123,650.1082981585641,2245313.506652478,80294.00518484757,131564923.82251222,753.6676168008788,-4.726648330691252e-05,0.008816123008728027,-0.0017845630645751953,-0.00036320090293878726,-3.385543823239412e-05,0.00022843480110174008,-6.103515625e-05,0.0,-0.00048828125,-4.062056541442871e-05
008f8f5241b947f29838e2a780e3790a,middle,W2,a3_middle_W2,13862.273275013447,19274361.553800218,13325.252856705281,17808834.87106721,537.020418308166,1465526.6827330068,57585.83285651567,68648310.62028517,595.2689566873374,-6.219744682317563e-05,-0.0016951560974121094,-0.0017547607421857236,5.1587820053100586e-05,-0.00012708455324179913,-0.0008004903793334961,-9.918212890619969e-05,-6.103515625e-05,-0.000732421875,-0.00017231702804559879
0092c97c01714eb98d6f4b635c5ee9ec,middle,W2,a3_middle_W2,16513.07587570061,27355602.764623925,15893.985381102784,25343809.555354018,619.0904945978273,2011793.2092699073,72736.70345329493,108647549.52804731,709.0988074766263,-0.00026549398899081145,0.010265111923215997,-0.002191066741946912,-0.0005517601966858465,0.0002487301826477051,-8.353590965270996e-05,-0.00011444091796869969,-6.103515625e-05,-0.001708984375,-0.0007767081260681152
00a1a602456f4eb188b522d7ef19e81b,middle,W2,a3_middle_W2,16893.01449389916,28623090.123079706,16261.991610890545,26526247.280762624,631.0228830086162,2096842.842317082,78057.73202555555,124220935.28529558,725.414000545857,-0.00017561018466949463,0.0,-0.011965036392211914,-0.0019891113042831976,-0.0002700388431549072,8.502602577209473e-05,0.0,-6.103515625e-05,0.0,-1.0251998901367188e-05
00a1d892548542c7ab83565070737d6b,middle,W2,a3_middle_W2,15828.930303829398,25146348.01266435,15227.014260216549,23270177.075765766,601.9160436128495,1876170.9368985854,72000.99044689459,106042550.22299963,679.7204643498826,0.0002161562442780096,-0.0003343820571899414,-0.0011193752288800596,-0.0017641782760619562,0.000179693102836595,0.0,-1.52587890625e-05,-0.00018310546875,-0.000244140625,-1.3023614883422852e-05
00a38a2327cd41b885d6ebbb6ac0a91c,middle,W2,a3_middle_W2,16632.87088197039,27763131.85096113,16008.339091014397,25718504.46441973,624.5317909559926,2044627.3865414,74333.81789975648,113226530.20051044,714.2430033082798,-0.0003369599580765048,-0.0005769729614257812,-0.014615058898925781,-0.0011487603187561035,0.0001544356346129816,-0.00014966726303100586,0.0,0.0001220703125,-0.000244140625,0.00017878413200378418
00a69ec5e0cb4e1b9c6d6285bde5de3e,middle,W2,a3_middle_W2,17561.501566770203,30941612.758521535,16910.531226394956,28692586.023731083,650.9703403752465,2249026.734790452,80804.2531909865,133183837.7755497,754.1199418104964,6.064772605901547e-05,0.009335875511169434,-0.0042879581451416016,-0.0005368888378143311,-7.973611354819554e-05,-0.00035205483436590024,-6.866455078130031e-05,-6.103515625e-05,-0.00048828125,-6.61313533782959e-05
00a776f578304cce8c096fc0034582ef,middle,W2,a3_middle_W2,17086.448944202566,29285016.287301257,16449.038009748358,27142422.079191756,637.4109344542085,2142594.2081095017,77130.4303051735,121509660.93639731,733.7203959786352,-5.750358104711362e-05,0.004556179046630859,-0.004804134368896484,-0.0005661547183989923,0.0012219548225403387,0.00040975213050842285,-4.57763671875e-05,0.0,-0.001220703125,7.092952728271484e-05
00a97894440b42ebbde2435e9430106c,middle,W2,a3_middle_W2,16580.332461971386,27579777.26452663,15956.615197484763,25544972.551808,623.7172644866223,2034804.712718632,75099.007568395,115267774.12956588,711.9869166016947,9.609758853909578e-05,0.004549026489259589,-0.0027132034301757812,-0.0007377862930298407,0.0011734962463378906,0.0006579160690307617,-3.0517578125e-05,6.103515625e-05,-0.00048828125,-1.7434358596801758e-05
00a9925ae746466b91ce457c67bef43f,middle,W2,a3_middle_W2,16644.152601112182,27801727.43291409,16023.084862619557,25766652.900757544,621.0677384926257,2035074.5321565457,74531.53124154493,114144142.21118404,714.7274589996331,-5.625188350680266e-05,-0.001980066299440253,-0.006558895111080432,-0.0007037818431854248,0.00027510523796081543,7.754564285272769e-05,-6.866455078130031e-05,0.000244140625,-0.000244140625,-0.0003210902214050293
00ae6eda19634ee6b0a4a52789c9ff90,middle,W2,a3_middle_W2,15950.041829788524,25527936.16248002,15348.323336129337,23638570.80314789,601.7184936591875,1889365.3593321294,71587.56552522327,105064484.65107751,684.9211937158551,-0.00031565129756930266,0.02500772476196289,0.013867616653445936,-0.0010185539722442072,0.001787722110748291,0.0007276535034179688,-8.392333984369969e-05,-0.0001220703125,-0.0009765625,-0.00035807490348810367
00bc54b70fea4c94bf54bdb4d041522c,middle,W2,a3_middle_W2,16427.127212589203,27062698.664422013,15807.408256813467,25060467.203921508,619.7189557757356,2002231.4605005048,74562.81476320131,113516122.68593441,705.40802963637,-0.00026287138462069426,0.00044822692870916114,-0.01397371292114613,-0.0004674196243285855,0.0002522468566894531,-0.0002932548522949219,-1.9073486328099847e-05,-0.0001220703125,-0.0006103515625,-3.8295984268188477e-05
00bf94f9be9346d5bf6fcdb88e0f68c3,middle,W2,a3_middle_W2,16412.447851030156,27030639.40241761,15795.856730582378,25038752.76144268,616.5911204477779,1991886.6409749314,73873.72091531938,111819039.37060462,704.7776735564735,0.00010842084884649106,0.00401616096496582,-0.0010275840759277344,-0.001155987381935203,-0.00011636316776281186,-0.001185446977615301,-9.918212890630031e-05,-6.103515625e-05,0.000244140625,-0.0002785027027130682
00c01670fa9545fc82e1fbfb9f70a259,middle,W2,a3_middle_W2,16763.675928726076,28203242.002307266,16134.93754495054,26128594.075089794,628.7383837755351,2074647.9272174723,75873.05830467635,117834466.11371501,719.8599885001706,0.00020182132720941715,0.00025212764739990234,-0.004868507385253906,-0.0008599311113358099,-0.00012654066085809879,-0.0003615319728850763,0.0,6.103515625e-05,-0.00048828125,0.0002942383289337158
00c1673e7c8e4c2fbc0c9a1084acc067,middle,W2,a3_middle_W2,14835.495173631483,22074469.36285175,14267.790298335316,20417442.554887723,567.7048752961673,1657026.807964027,64556.06507821509,85823238.61319837,637.0607157099978,-0.0005906522274017889,-0.0005424022674560547,-0.0028419494628870723,-0.00043311715126032047,0.0008545517921447754,0.00024622678756713867,-8.010864257809985e-05,-0.0003662109375,-0.001220703125,-0.00015977025032043457
00c5fc33cf54446093cca570c2ac5db0,middle,W2,a3_middle_W2,16073.705388817274,25919706.23442299,15467.834039448928,24003495.704868842,605.8713493683463,1916210.5295541473,72612.28255751063,108026635.93667848,690.2315116054882,-0.00024372339248660002,0.031265020370485175,0.015213489532474256,-0.0015285611152648926,0.001574695110321045,-0.0007561445236206055,-5.340576171869969e-05,-0.00030517578125,-0.0013427734375,-0.00013080239295959473
00cc1d02ab5c4e1abcbc080bbdc6bdc4,middle,W2,a3_middle_W2,14579.299928518552,21314982.67297189,14020.990547746063,19713508.348181587,558.309380772489,1601474.3247903027,62896.43428652874,81272839.33665459,626.0592678780959,-0.0003387331962584894,0.0049662590026837705,0.006656646728515625,-0.000269621610641424,0.0013620555400848944,0.0005570352077484131,-0.0001068115234375,-0.00030517578125,-0.00146484375,-0.000267565250396784
00d319b11c2c41c6b9a36287abf6922e,middle,W2,a3_middle_W2,17584.099835042565,31012616.13489942,16929.59831099477,28749060.71278867,654.5015240477951,2263555.4221107475,80996.9617111417,133753788.0527182,755.090348850565,-1.6167759895879819e-06,0.006642341613769531,-0.017323493957523084,-0.0015845000743865967,-0.00014090538024902344,0.000641942024230957,-3.4332275390600714e-05,6.103515625e-05,-0.0009765625,6.714463233942203e-05
00d9bd8bee204fe3a42c320ce24a32fd,middle,W2,a3_middle_W2,14641.48339005417,21517030.212449264,14082.386584943095,19904362.356256567,559.0968051110758,1612667.8561926968,63113.64362520116,82180542.51603876,628.7295286309432,-0.00045564770698547363,-0.020243525505065918,-0.020018815994262695,-0.00011485815048217773,5.8650970458928864e-05,-6.550550460809879e-05,-9.918212890630031e-05,-0.0001220703125,-0.001220703125,-0.00029709935188287906
00da1beacd7e456f81bcdd0343048166,middle,W2,a3_middle_W2,17252.559050575335,29859306.27555262,16608.79506785664,27674939.573686603,643.763982718694,2184366.701866016,79846.57450515687,130143440.33040455,740.8534388608564,4.369020462041684e-05,0.0009572505950945498,-0.01300811767578125,-0.0001027137041091919,0.00026914477348327637,8.299946784973145e-05,3.0517578125e-05,-3.0517578125e-05,-0.000244140625,6.958842277526855e-05
00db57d6cb5540089860f0de1d2c643d,middle,W2,a3_middle_W2,16229.684399943468,26428531.079612974,15621.003957477065,24483999.81009419,608.6804424664024,1944531.2695187852,72349.84123852708,107269555.13582711,696.9295084907155,-4.0516257286016266e-05,0.017136335372924805,-0.0006842613220179317,-0.0015826225280761996,0.00102919340133667,0.00019443035125732422,-4.9591064453099847e-05,-0.0003662109375,-0.001220703125,-4.711747169489078e-05
00ddbd37e24c43569cb77919361bfaa9,middle,W2,a3_middle_W2,18193.585504588238,33200064.349691097,17523.001720145137,30800554.695410218,670.5837844431007,2399509.6542808786,83554.75077241194,142250839.8543254,781.2626722082564,4.90620732308128e-05,0.012193918228147638,-0.025827884674072266,-0.0008444786071776789,0.0001710355281829834,0.0011165738105773926,-7.629394531300307e-06,-0.0001220703125,-0.00048828125,-3.367662429754059e-06
00e99d9188c64441b8ae7a3f73f37164,middle,W2,a3_middle_W2,17191.67994793127,29649162.921255324,16552.83313010207,27488468.657563657,638.8468178291987,2160694.2636916675,78862.19388423098,126813916.50461432,738.2391894375447,-4.592537879941072e-05,0.0012493133544921875,-0.018901824951175428,-0.00032246112823480777,0.00034943222999572754,-0.0014380216598510742,0.0,-6.103515625e-05,-0.00048828125,-1.4394521713256836e-05
00ea067d2d0d4e5abbe36abcdd2117b9,middle,W2,a3_middle_W2,15926.761334869992,25438076.56305815,15326.94326990808,23558155.791659817,599.8180649619117,1879920.771398332,69392.47049108012,98757146.43066715,683.9214907345051,0.0002684295177460272,-0.010544061660766602,-0.01390933990478338,-0.0006223022937775213,0.00019010901451119167,-0.0011868774890900213,-7.62939453125e-05,6.103515625e-05,-0.00146484375,-0.000463828444480896
00ed0007c9c84409adb2e257fad235d1,middle,W2,a3_middle_W2,16361.094806625219,26854160.475725997,15743.344012516776,24865321.03499482,617.7507941084423,1988839.440731179,73578.4744283038,110634644.73270375,702.5724888397109,-0.00023506581783289127,0.007792711257932794,0.0025343894958496094,-0.0025384724140167236,0.0006119906902313788,0.00023490190505986996,-0.0001373291015625,-6.103515625e-05,-0.00146484375,-3.7342309951782227e-05
00ef198a19a8403d903dbfa7cfaaf9bd,middle,W2,a3_middle_W2,17312.9092603101,30076078.343922064,16667.85683602953,27878880.450043775,645.0524242805732,2197197.8938782886,79953.02985669846,130456586.61175399,743.4449767473177,9.280443191531096e-05,0.000400543212890625,-0.004801750183105469,-0.0011337697505950928,-0.0002859532833100198,0.00025385618209838867,-6.103515625e-05,6.103515625e-05,-0.00048828125,4.172325133722232e-07
00f9cb1a42b4498e838107f82557c9f3,middle,W2,a3_middle_W2,16355.620042235538,26834998.369493052,15741.557037793053,24859149.8115281,614.0630044424852,1975848.5579649508,73683.58234875034,111065450.81937164,702.3373933960055,-0.00021341443061828613,0.013329982757570136,-0.0006723403930664062,-0.0009474605321884155,0.0012955069541931152,0.0011596977710723322,-7.247924804680041e-05,-0.00030517578125,-0.0008544921875,-0.0001264512538909912
00fa05ae10834647a8bf00c5a5a899a1,middle,W2,a3_middle_W2,17634.43390248197,31192052.332478043,16979.22094514077,28919967.755106393,655.2129573412021,2272084.5773716494,81249.38218285568,134814923.39896914,757.2517770100064,-2.09361314770784e-06,0.008711814880371094,-0.014722347259525037,-0.0007712841033936102,3.901124000543765e-05,0.0003966093063354492,-6.866455078119969e-05,0.0001220703125,-0.000732421875,-5.2094459533691406e-05
00fab46ab0134de8b7c6b39f9ef2f708,middle,W2,a3_middle_W2,16970.0581316206,28887849.443997893,16335.375260440278,26768691.336491924,634.6828711803228,2119158.1075059697,76763.6688177475,120165748.48377897,728.7223818579251,1.2516975401999364e-06,-0.0009679794311523438,-0.0075304508209228516,-0.0003359466791152954,-2.9101967811501206e-05,-0.0004354715347290039,-1.52587890625e-05,6.103515625e-05,-0.000732421875,-1.0460615158025544e-05
00fadd5980ed4228bc28217eb11c5d27,middle,W2,a3_middle_W2,16604.073110846086,27663331.744460247,15981.90607130367,25630011.352300994,622.1670395424153,2033320.3921592534,73512.50886937261,111060122.30038069,713.0063793554837,-0.00024145841598510742,-0.011370182037353516,-0.014232397079467773,-0.00046864151954659206,0.0003910958766937256,-0.003512740135192871,-3.0517578125e-05,6.103515625e-05,-0.00048828125,-0.00019535422325139828
00fd070ec367496582cb9410fb8d84a2,middle,W2,a3_middle_W2,17688.560910638138,31385074.70657558,17031.120349754212,29098142.060159713,657.4405608839261,2286932.646415867,80846.96360903748,133700865.38126856,759.5760803211961,6.684660911560059e-05,-0.0013422966003417969,-0.015652179718014025,-0.00042596459388741237,8.094310760492496e-05,-0.0014433860778808594,-3.0517578125e-05,6.103515625e-05,-0.00048828125,-0.00017967820167547055
00fe064ec39f4f42a8301f6699c37455,middle,W2,a3_middle_W2,17135.331886241012,29453655.844386723,16493.781344602114,27291780.87162243,641.5505416388987,2161874.9727642946,78510.59324022646,126022896.9617795,735.8195104117264,-0.0001124292612074973,0.00953912734985174,-0.010092258453365588,-0.0009721368551255105,0.000971376895904541,-0.0006192326545715332,-6.103515625e-05,0.0001220703125,-0.000732421875,-0.00016915798187250308
00fe7b40923644c3bf15be6fcb8195c2,middle,W2,a3_middle_W2,17026.69196536202,29085311.076122615,16391.883467213942,26958329.971475523,634.8084981480788,2126981.1046470925,76572.40111426468,119931717.09702313,731.1543324085774,-0.00012047588825231381,-0.003701448440551758,-0.013120174407958984,-0.0003740191459654929,0.0008638501167297363,0.00016736984252929688,3.814697265699593e-06,6.103515625e-05,-0.000732421875,0.00016292929649350252
01052f325d2a4422bf1dea6567d78347,middle,W2,a3_middle_W2,12632.397431912135,16001185.905140463,12135.961002920556,14767375.93389313,496.4364289915793,1233809.971247334,51806.81693262984,55536604.90246378,542.4560525226583,-0.0004569590091705322,-0.001252889633178711,-0.00080108642578125,-0.0004788041114807684,0.0008038878440856378,-0.0006662905216216486,-0.0001220703125,-0.0003662109375,-0.002197265625,-0.0002726316452026367
0116e8e2de78456cab731ff73f65349f,middle,W2,a3_middle_W2,16279.889539230699,26580996.582946844,15666.9857161656,24618443.485765632,612.9038230650985,1962553.0971812122,74056.209837692,112172197.41565944,699.0854002619246,-3.263354301508148e-06,0.006057024002076972,-0.012280941009521484,-0.0012466311454773227,0.0010842680931091309,0.0003560185432434082,-3.814697265620056e-05,0.0,-0.0009765625,-8.282065391540527e-05
0118607beaed4571b94615a611bab570,middle,W2,a3_middle_W2,17396.16052211257,30359192.261030022,16750.653210398523,28150120.429912996,645.5073117140455,2209071.8311170265,78936.98821147958,127118648.06186175,747.0199237111311,-3.9398670196588714e-05,-0.0011098384857177734,-0.017825365066524768,-0.0009984523057938177,0.00025466084480285645,-0.0006240308284758966,-3.0517578125e-05,-0.0001220703125,0.0,-5.3822994232177734e-05
011a2229b2f949ffaac35b39e9ee9d78,middle,W2,a3_middle_W2,16817.260280120125,28368530.5118412,16186.914770248566,26282784.558680285,630.3455098715585,2085745.9531609155,75657.83509543429,116948549.1033286,722.1609892318902,-0.0001592487096787054,0.0016486644744855283,-0.014406442642208361,-0.0003807246685028076,0.0003641247749328058,-0.0006453096866608221,-1.52587890625e-05,0.0001220703125,-0.000244140625,-7.68899917601984e-05
011e8dd9d04e4257b4c094b9cf279280,middle,W2,a3_middle_W2,15469.377490744906,24008803.208850004,14882.665876454106,22221791.426851247,586.7116142907998,1787011.7819987573,68567.87050479878,96395334.5283262,664.280671491045,0.00028771162033081055,-0.004516243934631348,-0.00477194786071955,-0.0009984374046325684,0.00019024312496188078,6.318092346191406e-05,-0.000274658203125,0.0,-0.00146484375,-0.00038892030715942383
012323854937400b839b3bedf4faa010,middle,W2,a3_middle_W2,17388.767900041195,30325950.018478915,16738.779336308948,28103053.742960356,649.9885637322477,2222896.275518559,79277.78805298128,128071549.71222667,746.7024722844922,4.214048385620117e-05,0.0021314620971679688,-0.011556148529052734,-0.0007408708333969949,-0.0004043877124785822,5.957484245300293e-05,-3.814697265619969e-05,0.00018310546875,-0.00048828125,-4.273653030395508e-05
0123ecfeeaf14efc8183597f2099e925,middle,W2,a3_middle_W2,15603.14136519348,24430641.310449265,15009.69812589998,22607955.197219327,593.4432392934996,1822686.1132299379,71662.71121376481,104581089.97531487,670.0247136409702,-0.00012888014316561613,0.004107952117919922,-0.006315708160400391,-0.0020011067390441895,2.682209014892578e-05,-0.00023433566093450375,-3.0517578125e-05,-0.000244140625,-0.00048828125,-2.697110176091977e-05
012648b0eed74f67ad28527119aac2c4,middle,W2,a3_middle_W2,14179.45092863777,20170740.71499736,13633.26992811445,18646255.145397276,546.1810005233201,1524485.569600083,60673.40867270363,76030091.72324795,608.889090067467,-0.0008611977100371759,0.03768086433410822,0.0351798534393275,-0.0006730258464813788,0.001583099365234375,-0.0014554858207702637,-6.484985351559985e-05,0.0,-0.0009765625,-0.00013363361358642578
012989686a534d73bd7989501e713630,middle,W2,a3_middle_W2,18291.88237313218,33557254.95164096,17619.785904849752,31139492.509680998,672.0964682824269,2417762.441959966,84256.18890879268,144614153.42872605,785.4837024262406,4.914402961730957e-05,0.001184344291688788,-0.014705657958984375,-0.001210540533065796,0.0002806037664414007,7.49826431273859e-05,-4.57763671875e-05,-0.00018310546875,0.00048828125,-9.861588478088379e-05
012a565d39a644ea89685ae6cd4e5d8c,middle,W2,a3_middle_W2,15055.29597169181,22738404.06084607,14479.03342110609,21030598.71020309,576.2625505857195,1707805.3506429829,65268.29434281807,87749008.26536934,646.4993257521368,-0.0001628994941711981,-0.0024622678756713867,-0.004916191101075995,-7.387995719909668e-05,0.0004011094570159912,0.0009347796440125067,-7.62939453125e-05,-0.0001220703125,-0.0009765625,-0.00029009580612182617
012c0d5217494d12881d6b089bed0232,middle,W2,a3_middle_W2,16316.993640471072,26718669.119294778,15704.82447451544,24752200.18304973,612.1691659556309,1966468.9362450466,73433.82283777485,110368755.46968456,700.6787117769984,0.00017666816711428557,-0.005474090576171875,-0.005545616149902344,-0.001543298363685608,0.0003275573253631592,0.0004993975162505548,6.103515625e-05,0.0,0.0,1.4513731002807617e-05
012d625661ad4c76b706f410b9be0640,middle,W2,a3_middle_W2,17941.473175360745,32283417.584458686,17274.859896431877,29931838.814090203,666.6132789288677,2351578.770368483,82968.03249827195,140241115.27370226,770.4365515417586,-7.563084363930439e-05,0.007975101470947266,-0.010169744491580701,-0.0009210407733916959,0.00033845007419577855,0.00041568279266362973,0.0,4.57763671875e-05,-0.0009765625,-4.1425228118896484e-06
013c9572481f47a3adb59c76a934e1e4,middle,W2,a3_middle_W2,16846.734900029023,28484804.97654239,16216.813706999972,26395923.281039156,629.9211930290512,2088881.6955032349,77345.83748278605,121737743.55827984,723.426678191691,6.273388862609863e-05,0.0019115209579467773,-0.008025169372558594,-0.000635147094726507,-6.107985973349828e-05,-0.0007474422454833984,-4.57763671875e-05,-0.0001220703125,0.0,-7.480382919311523e-05
013ff6659943447a9a569fdcbcd3abdb,middle,W2,a3_middle_W2,16134.762053944398,26123754.622507337,15527.515047818422,24194786.25070509,607.2470061259755,1928968.371802248,71508.25806842436,104628226.19434842,692.8533858556908,9.921193122860994e-05,-0.00783860683441251,-0.009419918060302734,-0.00019602477550509367,0.00036184489727020264,-0.0004181861877440851,-9.918212890630031e-05,-0.00018310546875,-0.00048828125,-0.0002754032611846924
0144192045784fc8906de276b4e09eaa,middle,W2,a3_middle_W2,17452.078791491887,30553302.659789197,16799.659822160604,28313722.653340735,652.4189693312837,2239580.0064484626,80839.05983657231,133078684.83682409,749.4211467438054,-3.947317600250244e-05,0.006382465362547052,-0.004957914352416992,-0.0018415451049804688,-0.00014257431030270662,0.00015556812286371402,-9.1552734375e-05,0.0,-0.0009765625,-6.118416786188297e-05
014a10fd129844228a18b568b069661d,middle,W2,a3_middle_W2,17151.203629793374,29518893.982469518,16515.062399579216,27371408.60088895,636.141230214158,2147485.381580569,78282.22439152311,125138168.91327454,736.5010693478248,-8.98540019980687e-06,0.0008505582809457124,-0.006575584411621094,-0.0006581395864486972,-0.00016963481903078947,-0.000692516565322876,-3.0517578125e-05,0.000244140625,-0.0009765625,-5.9932470321710785e-05
014ca29813304ce68204fb48dc217636,middle,W2,a3_middle_W2,17684.895589277323,31378747.411206536,17031.00157686598,29104353.270324674,653.8940124113433,2274394.1408818625,81397.99509785535,135293093.01863426,759.4186853558041,0.00015749782323840056,-0.002003908157350409,-0.021216869354244494,-0.0006425976753235141,0.00038495659828180484,0.0017285943031311035,3.814697265630031e-05,9.1552734375e-05,0.001220703125,-0.00012674927711481265
014ccee408664909b71f80702d003e14,middle,W2,a3_middle_W2,16650.269984123453,27810373.293076158,16028.27533820485,25772808.86751064,621.994645918603,2037564.4255655184,74607.86109765564,114013761.52206361,714.9901495504922,-1.7434358596801758e-05,-0.005465745925905097,-0.008924007415771484,-0.0011976063251495916,0.0006212592124938965,-0.0014736056327819824,-5.340576171869969e-05,0.0001220703125,-0.000244140625,-0.0003629028797149658
01531de593f3468084dab12f6515e8e1,middle,W2,a3_middle_W2,17311.20911259782,30071002.723453462,16669.92068601002,27886046.655331947,641.2884265877983,2184956.068121515,78263.67157519163,125141890.60793224,743.3719695907838,-1.1622905730923616e-06,0.0004887580871582031,-0.007033348083496094,-3.820657730110866e-05,9.710341691969437e-05,0.0007096529006958008,-6.103515625e-05,0.0001220703125,0.0,-9.316205978399106e-05
0154c6fe068243d4b2d5a704dad1cbc6,middle,W2,a3_middle_W2,17496.932640033614,30703176.38258647,16844.765686828643,28458842.5533223,652.1669532049709,2244333.8292641714,78806.63348827776,126783648.45458522,751.3472452339407,9.115040302279387e-05,-0.0065386295318603516,-0.015062093734741211,-0.0007287859916687012,-5.3763389587402344e-05,-0.00038748979568481445,-0.0001983642578125,6.103515625e-05,0.0,-0.0003923773765563965
01551e922711450f92b50843d4e0f2be,middle,W2,a3_middle_W2,16833.997673138685,28430077.297901437,16204.628068630587,26345554.72357945,629.3696045080978,2084522.5743219852,77351.96578219987,122048808.89568989,722.8797205887295,-6.4238905906705e-05,0.004938840866087091,-0.00964045524597168,-0.00043076276779180356,-9.816884994512387e-05,3.75211238861084e-05,-4.57763671875e-05,-6.103515625e-05,-0.000732421875,-0.000136643648147583
0157b39c4b434ceba885ddace4f5b9bd,middle,W2,a3_middle_W2,17431.23804291436,30484236.449742205,16786.53158763608,28272356.373304527,644.7064552782795,2211880.076437678,78324.94480436953,125377803.13690177,748.5262105081528,7.918477058410645e-05,0.0024455785751342773,-0.002766847610473633,-0.00013685226440429688,-0.0005682110786437988,-0.00039377808570861816,-2.2888183593699693e-05,0.0001220703125,0.0,-2.855062484741211e-05
0158a691a8a64bd39527c6f9e750c8ee,middle,W2,a3_middle_W2,15334.48471474833,23599094.977155756,14750.130623426478,21834589.142652676,584.354091321853,1764505.8345030807,67462.15144388282,93458571.28162928,658.4881524403008,-0.0007381141185761053,0.0399172306060791,0.030697584152228785,-0.002525925636291504,0.0011357367038726807,-1.8924474716186523e-05,-3.814697265630031e-05,-0.00030517578125,-0.000732421875,-3.4749507904108246e-05
015c200ce786438c8e35ddf635d1e236,middle,W2,a3_middle_W2,16128.779522659856,26108757.506893713,15522.000988307265,24182374.93107558,606.7785343525902,1926382.5758181326,72176.05612847744,106816381.6324363,692.5964860611587,-0.00035332143306740504,-0.0038087368011456846,-0.00441431999206543,-0.0021834373474121094,0.00018443167209619693,-0.0009544491767882746,4.57763671875e-05,-6.103515625e-05,-0.00146484375,0.0004735589027404785
015d02aa38e04950825ec5f8dc3d533d,middle,W2,a3_middle_W2,17055.93763752821,29184086.186695486,16418.715273671092,27046013.99215877,637.2223638571195,2138072.1945367157,77567.05058600294,122976342.00258055,732.4101899733944,-0.00027923285961151123,0.009541511535642755,-0.002448558807373047,-0.0010930746793746948,-9.283423423761539e-05,0.0003693103790283203,5.340576171869969e-05,-0.00018310546875,0.00048828125,0.00010392069816589355
015ee6e84a2d49e9b87dca6fdc4d49b4,middle,W2,a3_middle_W2,17529.004321265733,30815496.681154765,16872.800082666592,28552979.551326722,656.2042385991408,2262517.1298280433,79077.98955155569,127658314.54977697,752.7244563051338,-0.00014409422874450684,0.005037784576416016,-0.006635189056396484,-0.0010348856449127197,0.000228196382522583,-0.00020399689674382993,-9.1552734375e-05,-6.103515625e-05,-0.0009765625,0.0001303553581237793
016576dd30c1464f9115584748950ed2,middle,W2,a3_middle_W2,17592.03343940222,31051276.42130077,16940.202257055505,28795312.306428686,651.8311823467157,2255964.114872083,81008.31499142412,133949209.15379833,755.4310309519959,-5.164742469790373e-05,0.0014126300811767578,-0.011675357818603516,-0.00030310451984399966,0.00039061903953557797,0.00014922022819524594,-9.1552734375e-05,-6.103515625e-05,-0.000732421875,6.377696990972348e-05
01688042f526490ba8fe14aace17a558,middle,W2,a3_middle_W2,17236.870521607372,29802705.111511465,16593.460468369667,27620770.16313872,643.4100532377051,2181934.948372744,77255.82176854524,121916151.90980493,740.1797474622348,-8.10325145721158e-05,-0.0012969970703107236,-0.015510320663448596,-0.0007756203413010199,-0.00042641162872314453,0.0004112124443054199,-2.2888183593699693e-05,-6.103515625e-05,0.0,-5.984306335449219e-05
0169a7e8458246b1b371706f507ec511,middle,W2,a3_middle_W2,17907.264971515175,32167885.82499961,17243.779149675698,29830911.361466598,663.4858218394766,2336974.463533014,83585.48529555934,142180571.97455254,768.9675946535689,0.00015062838792800903,-0.016391277313232422,-0.02209186553955078,-0.001399695873260498,0.00017881393432617188,-0.0003260076045989435,-9.1552734375e-05,0.0,0.00048828125,-0.00011339783668518066
0170db45fb744c4b91ffdf97a3f75ea3,middle,W2,a3_middle_W2,16158.199399897872,26191946.65745633,15548.464660206791,24252995.29550615,609.7347396910809,1938951.3619501814,72974.52642187703,108537170.7785384,693.8598242800721,0.0002129673957824707,0.003013014793395996,-0.0001227855682373047,-0.0008407235145568293,-6.22346997260978e-05,-0.0004175007343291959,-0.000152587890625,-0.000244140625,0.0,-4.89652156829834e-05
017c41aac5db41f3bfe2f7938a4834d1,middle,W2,a3_middle_W2,17161.92700601458,29555179.656369217,16523.27303093016,27398298.63138421,638.6539750844204,2156881.024985008,77889.67692429322,124283555.2538104,736.9615488701025,-3.0368566513006012e-05,0.004210472106933594,-0.00448107719421742,-0.0011630654335021973,0.0006980299949645996,-0.0005919337272644043,-2.2888183593800307e-05,0.0001220703125,-0.000732421875,7.644295692449399e-05
017e5dfc6d0d4c12b3f1196d85a16c9b,middle,W2,a3_middle_W2,17118.79805478921,29403083.74728056,16480.791570622492,27253332.467845153,638.006484166719,2149751.2794354074,78918.83980960204,126873355.13330625,735.1095203254612,0.00013111531734458226,0.011468529701234687,-0.00675201416015625,-0.0005219578742981512,2.345442771911621e-05,1.1295080184992035e-05,-9.1552734375e-05,0.0,-0.00048828125,-3.328919410700015e-05
018034e069134727b9e6e5627234f42f,middle,W2,a3_middle_W2,17417.803326455316,30435909.694055934,16769.397056386435,28214138.210085843,648.406270068881,2221771.4839700907,78982.32039710181,127391689.89153057,747.9493015487558,0.00032866001129147615,-0.017932653427124023,-0.023772716522216797,-8.150935173040219e-05,0.00021398067474370785,-0.000713735818862915,-1.52587890625e-05,0.000244140625,0.000244140625,-0.00018587708473211118
018487b190aa472caf198b265a3b4d61,middle,W2,a3_middle_W2,16908.125065593176,28685129.547199424,16274.988160809688,26579285.646579776,633.1369047834887,2105843.9006196484,77872.05345028482,123840593.21593933,726.0628735026077,-6.784498691558838e-05,0.006705522537229669,-0.002609491348263049,-0.0007405877113342008,0.0003570914268493097,0.0006920695304870605,0.0,-6.103515625e-05,-0.00048828125,2.6047229766901214e-05
0184e485100e433c9032f2132e99e095,middle,W2,a3_middle_W2,16533.791121298254,27420811.23545972,15912.849843116148,25400594.582897414,620.9412781821065,2020216.6525623053,73819.71036744656,111526133.39985955,709.9883544066137,-1.1920928955133636e-05,0.002840757369995117,1.4305114742541036e-05,-0.0008098483085632879,0.0002015829086303711,0.000286638736724798,-0.0001220703125,0.0001220703125,-0.000732421875,-0.00020182132720941715
018f683e86ea42eb8e98935e890eb9fd,middle,W2,a3_middle_W2,16534.400957598344,27426508.16219046,15911.862533314456,25401252.433756195,622.5384242838882,2025255.7284342647,74944.53499412925,114858273.77677904,710.014541786627,-0.00016839802265170012,0.018208026885986328,0.0030899047851598027,-0.0005532503128052313,0.00045371055603027344,-0.0009714961051940918,-7.62939453125e-05,-0.00030517578125,-0.001220703125,-7.134675979608707e-05
019a31cb0c1646758bc44d47366e32e6,middle,W2,a3_middle_W2,12000.125411880717,14442481.279775191,11524.978758790678,13320657.415992785,475.14665309003976,1121823.8637824059,49470.51827533433,50601266.19525859,515.305245563377,-0.00042504072189331055,0.0267183780670166,0.02413630485534668,-0.0001741945743560236,0.0011098980903626043,0.0002675652503967285,-9.1552734375e-05,-0.0003662109375,-0.001220703125,-0.0004775524139404297
019c097c504c4e1dbefcd1079619b8cf,middle,W2,a3_middle_W2,15932.520000121742,25467477.77928297,15333.65453135884,23589286.492851224,598.8654687629023,1878191.2864317447,70052.74368077019,100714663.16514301,684.1687773510876,-0.0006053149700165072,-0.002459287643432617,-0.006353855133054864,-0.0029729902744293213,0.0002530515193938654,-0.0005390048027038574,-0.0001068115234375,0.0,-0.00048828125,-0.0006128549575806219
019cdc2fe9da4327aa8d617401d8189b,middle,W2,a3_middle_W2,16970.679377024597,28901791.219774447,16337.091533080473,26785624.85368736,633.587843944124,2116166.3660870865,78263.10375629895,124851454.68601005,728.7490591637427,-0.00010454654693609067,4.8279762268066406e-05,-0.009915828704833984,-0.0005793571472167969,0.0004988014698028842,0.00035190582275390625,-5.340576171880031e-05,-0.00018310546875,-0.000244140625,-5.60283660889227e-05
01a4a9aa5dfc4436891849a88f2e99e7,middle,W2,a3_middle_W2,16140.703905223269,26138667.266976643,15534.535002593231,24212789.519237358,606.1689026300373,1925877.7477392852,71744.03616598285,105803637.98228322,693.1085387834535,-0.0004198998212814886,0.038375854492185724,0.02102375030517578,-0.0003310739994049072,0.0009868741035461426,-0.0011400580406188965,-7.62939453125e-05,-0.00030517578125,-0.001220703125,-0.0003923773765563965
01a76c394cc640f6ad469199166ece29,middle,W2,a3_middle_W2,15545.482281639326,24251311.421234753,14954.65845934867,22442982.9968762,590.8238222906566,1808328.4243585542,70293.24241187041,101039401.04860547,667.5487371665563,0.0002973973751068948,-0.003908872604370117,-0.006639957427978516,-0.00029838085174560547,-0.00020876526832580566,0.0003706514835357666,-2.2888183593699693e-05,-0.00030517578125,-0.000732421875,-1.2308359146118164e-05
01b853942c324f83a89d27e97796200c,middle,W2,a3_middle_W2,16012.3241905074,25724349.560171388,15410.000567247112,23825886.143562503,602.3236232602867,1898463.416608885,71101.04147221026,103625857.4460946,687.595701363311,-0.0002862215042114258,0.009394884109498847,0.003767013549801135,-0.0008220374584197998,0.0010956525802612305,-3.248453140203278e-06,-9.1552734375e-05,-0.00042724609375,-0.0009765625,-0.0004334747791289728
01c7a9010fa6463897e5919443c72886,middle,W2,a3_middle_W2,17453.013031826074,30551334.869450647,16805.115306216576,28326740.475644905,647.8977256094986,2224594.3938057423,78445.95257922659,125742858.65535057,749.4612645699362,-9.432435035705566e-06,0.007873773574829102,-0.0028753280639648438,-0.0010534673929213922,0.001077190041542081,-0.0005561113357543945,3.0517578125e-05,0.0001220703125,-0.001220703125,0.00011046230792999268
01c80c7c0e954db9a53a11fabc2053eb,middle,W2,a3_middle_W2,16875.144856374045,28565926.16138637,16240.395241264781,26459271.295002796,634.7496151092637,2106654.866383575,78460.88754432568,125374281.61872028,724.6466487360259,-4.941225051879883e-05,0.008878707885742188,-0.006289482116699219,-0.0018165409564972201,2.1204352378789704e-05,-0.00041747093200683594,1.52587890625e-05,-0.0001220703125,0.000244140625,-4.89354133605957e-05
01d0e94dc746416484c9157bbe320203,middle,W2,a3_middle_W2,15755.933725710596,24914115.021415543,15159.033061885999,23062487.394796565,596.9006638245974,1851627.6266189776,68922.2870999666,97794167.51152803,676.5858704750922,-0.0004413574934006015,-0.00775814056396662,-0.008438825607299805,0.00010377168655401059,0.00041413307189941406,-0.0006935298442841131,-0.00018310546875,-0.0001220703125,-0.00048828125,-0.0010675489902496338
01d1c15787514d14a4538256a88b43a5,middle,W2,a3_middle_W2,17656.476172005398,31275252.01204449,17001.265780760736,28999883.650605876,655.2103912446619,2275368.3614386134,81367.78693602879,135093423.02508813,758.1983085436101,5.5037438869504074e-05,-0.014102458953857422,-0.025424957275394178,-0.0009933114051819125,0.00032463669776910953,0.0005955696105957031,-7.629394531300307e-06,0.00018310546875,-0.00048828125,6.788969039911441e-05
01d2ae479ed74c7188c270dea892cf67,middle,W2,a3_middle_W2,16228.706629349002,26421128.5304269,15616.599152025447,24466626.480146877,612.1074773235559,1954502.0502800234,73725.29191048887,111039048.6219654,696.887521403165,-3.923475742340088e-05,-0.005785226821899414,-0.0058078765869140625,-0.0008232593536376398,-3.612041473388672e-05,-0.00021117925643920898,-4.1961669921900153e-05,-0.00018310546875,-0.0009765625,-8.386373519903012e-05
01d9dd3aa5dc46c3a44bfd40d5898c0e,middle,W2,a3_middle_W2,17171.08495701716,29589743.49180866,16534.98080407583,27439655.93816252,636.1041529413305,2150087.55364614,77802.88786341992,123871657.29027979,737.3548064426917,7.101893424990569e-05,-0.006083250045776367,-0.008846521377563477,-0.0002241432666778842,-0.0010563731193541925,0.000118792057037298,0.0,0.0,0.00048828125,-0.0002155303955078125
01eac793c4ec40c5aa6bbd09b45fc26a,middle,W2,a3_middle_W2,15520.91862995499,24162945.0095251,14931.15488607935,22361591.665506303,589.7637438756392,1801353.3440187983,68694.40894394473,96792129.1824922,666.4939333100401,-0.0006153583526611328,0.028254985809326172,0.01393318176269176,-0.00043201446533203125,0.0013856291770935059,0.00022685527801513672,-5.722045898430041e-05,-0.000244140625,-0.001220703125,-0.00014206767082208804
01f0c1dd487e43f795830fe6008142e4,middle,W2,a3_middle_W2,16623.917286343538,27719654.428781625,16000.259786509256,25680189.673514668,623.6574998342821,2039464.755266957,75709.09756456371,117246032.32773826,713.8585210937355,5.1453709602300446e-05,-0.0006306171417236328,-0.008683204650878906,-0.0006212592124939242,-0.0003129243850708008,0.0011813640594482422,1.52587890625e-05,6.103515625e-05,0.0,5.128979682922363e-05
01f1cc659cb847a4a7366b84844641c2,middle,W2,a3_middle_W2,16237.788494640878,26458665.943185914,15625.840650156522,24503033.648561537,611.9478444843553,1955632.294624377,74893.68200957976,114462736.0567084,697.2775117294136,9.122490882879086e-05,0.005899667739868164,0.000607967376707208,-0.0010064244270324707,-0.0002708137035369873,0.0,0.0,0.0,0.0,1.755356788640805e-05
01f3115282994da9b32967eb2075d4aa,middle,W2,a3_middle_W2,14877.747925910557,22210235.121792343,14309.662507952333,20546080.131292224,568.0854179582238,1664154.9905001186,63931.94741327805,84298269.26039846,638.8751188217636,-0.0002732276916503906,0.04525303840637207,0.04058837890625,-0.00023514032363891602,0.0008468925952910822,-0.0010145306587219238,-8.392333984380031e-05,-0.00018310546875,-0.00048828125,-0.0007414519786834162
01f376bb2b5a4860a53914dbf66d4ac0,middle,W2,a3_middle_W2,17202.73373994865,29688951.49690355,16560.19617357248,27514195.83597821,642.5375663761697,2174755.66092534,78414.05202159361,125435524.80606465,738.7138575609532,-0.00018084049224859067,0.00044107437133611427,-0.008716583251953125,-0.0009593069553375244,-5.587935447698422e-05,-7.596611976623535e-05,4.57763671875e-05,-0.00018310546875,-0.0009765625,0.00016307830810546875
01f3fb1336a444309e9959d359c8b4ab,middle,W2,a3_middle_W2,15102.928907139985,22879303.63112943,14526.82102341664,21166592.58488791,576.1078837233454,1712711.046241518,64159.83444643959,84938890.26044211,648.544762833463,-0.00010830163955688477,-0.014591217041015625,-0.016856193542482245,4.628300666809082e-05,0.0004088282585144043,0.001423656940460205,-9.1552734375e-05,-0.000244140625,-0.001220703125,-0.0005264580249786932
01f64ccc5e5049e29c3e8be0aaf31bd5,middle,W2,a3_middle_W2,17433.617935534494,30483909.142827198,16784.722560739374,28258632.4728669,648.89537479512,2225276.6699602976,80122.54749029677,130749193.39513507,748.6284070360172,-0.00013694167137151547,0.007746219635009766,-0.0017631053924560547,-0.0011649131774901789,0.00010661780834189671,0.0006318092346191406,-4.57763671875e-05,0.0,-0.00048828125,1.633167266840152e-05
01f6b5adc5c44c17b159d7dc2f7f6dd6,middle,W2,a3_middle_W2,17760.689657761937,31645209.671775915,17103.877206595596,29350374.010478057,656.8124511663409,2294835.6612978578,80967.62845406757,134174645.94360231,762.6734080967882,7.121264934539795e-05,0.0020027160644513486,-0.022029876708987928,-0.001135706901550293,0.00037297606468200684,0.0009822249412536621,7.629394531300307e-06,-6.103515625e-05,-0.00048828125,-9.16421413422186e-05
01f74014d40f436e91fbf60e7f688057,middle,W2,a3_middle_W2,17092.45986974024,29307996.328455858,16453.157879724837,27158471.87835926,639.3019900154031,2149524.4500965998,77350.15018039313,122214664.17738444,733.9785150693898,0.00016446411609649658,-0.008586645126340997,-0.019652843475338244,0.00039556622505190764,0.00119096040725708,-0.0003229379653930664,3.814697265630031e-05,0.0,0.00048828125,-7.259845733648129e-05
01fb4fff624544a88317709570572e0f,middle,W2,a3_middle_W2,15935.89270996278,25486028.55794874,15333.602045773307,23596249.071159657,602.2906641894733,1889779.4867890812,69810.32459287571,100349451.92317529,684.3136070935441,-0.00020384788513180818,4.5299530029296875e-05,-0.010507106781009412,-0.0001079738140105646,0.0002841353416442871,-0.0007330775260925293,-9.918212890630031e-05,-0.000244140625,-0.0009765625,-0.0005576312541961947
01fbee27f8f74a1eaf7e613de5cb78ee,middle,W2,a3_middle_W2,17273.238921558404,29933466.513973985,16630.073764472178,27747740.69412262,643.1651570862268,2185725.819851365,78773.65216113417,126705645.82464738,741.7414667463484,6.929039955141936e-05,0.002332329750061035,-0.003278255462639379,-0.0005197525024413785,0.0005350410938262939,-9.784102439880371e-05,-3.0517578125e-05,6.103515625e-05,-0.000732421875,5.677342414855957e-05
01ffee46c0644a17a8ac9f9f3bf7ef4d,middle,W2,a3_middle_W2,17110.851969637395,29368277.053577922,16470.98577248836,27214264.166538764,639.8661971490365,2154012.8870391585,77462.5009820365,122465203.65133591,734.7683022781588,0.00015456974506378174,-0.002439022064207208,-0.019819736480716443,-0.0007906258106232245,5.429983139038086e-05,0.001163184642791748,1.1444091796900153e-05,0.000244140625,0.0,5.218386650091e-05
0200b7f6eb574385ace14b2d03502ec2,middle,W2,a3_middle_W2,17516.945132432596,30780546.966884457,16864.68364423341,28533043.261222538,652.2614881991867,2247503.705661919,80479.0728970578,132164238.6406072,752.2066147785109,-2.666562795639038e-05,-0.003277063369752753,-0.009294748306274414,-0.0013727545738220215,-0.0005126893520354947,8.052587509155273e-05,9.1552734375e-05,0.0,0.0009765625,3.546476364130191e-05
02010e17a28845cc921858cc24ece163,middle,W2,a3_middle_W2,18312.064229158903,33629709.880041815,17634.352498347496,31189927.03945159,677.7117308114066,2439782.8405902237,85574.34640143346,149018594.73595747,786.3503447252853,-9.284168481829558e-05,0.0064313411712646484,-0.02917289733887074,-0.0008652806282042902,0.0030833780765534002,9.387731552124023e-05,-7.62939453125e-05,-0.00030517578125,-0.001220703125,-0.00011548399925231934
02097b72cb764df79f0188df985014a5,middle,W2,a3_middle_W2,16200.558788496535,26334232.82310473,15588.881527507023,24383769.925628148,611.6772609895124,1950462.8974765837,72388.71223935856,107491336.81270641,695.6788065318856,2.3543834686307052e-05,1.311302184880958e-05,-0.005125999450683594,-0.0008229911327362616,0.00012314319610590152,-0.0005805492401123047,-8.392333984369969e-05,6.103515625e-05,-0.000244140625,-0.0003972947597503662
020bc99c57c04bf6abfc9fe91a6a1215,middle,W2,a3_middle_W2,15948.096991230466,25520617.81298656,15346.873597565505,23632958.96354123,601.2233936649609,1887658.8494453318,71136.10015696105,103529764.4529781,684.8376791294368,-9.517371654510498e-05,-0.012346506118774414,-0.010840892791748047,-0.0011013448238372248,0.00042547285556798764,0.00011390447616577148,-7.62939453125e-05,0.0,-0.0009765625,-1.0490417480524261e-05
0214176d73af485287532957baf9888b,middle,W2,a3_middle_W2,16568.378545266096,27552504.81252523,15947.116644799771,25525749.824853715,621.2619004663247,2026754.9876715168,74879.17735168908,114603700.32601887,711.4735956344684,-0.00014881789684301205,-0.004799962043762207,-0.007848739624021661,-0.0007397234439850409,0.00032491981983190366,-0.00011596083641052246,-3.0517578125e-05,-0.0001220703125,-0.000244140625,-7.188320159906558e-05
021504573eab4f8995e46ac306744e04,middle,W2,a3_middle_W2,16170.136584735814,26235134.83686306,15562.156446708357,24299950.059560172,607.9801380274566,1935184.7773028873,72420.59684929322,107446373.70996049,694.3724267532228,-0.00034692883491521664,0.03253936767578125,0.019800662994384766,-0.0006679296493529718,-1.9431114196777344e-05,0.0001963973045349121,-6.103515625e-05,-0.00030517578125,-0.000732421875,-0.00011366605758661441
0219f955d31b4907b5eeb6a345a47eb2,middle,W2,a3_middle_W2,17543.90584387256,30866053.8473639,16890.021761905522,28610060.119585376,653.8840819670368,2255993.727778524,80961.52379759915,133274800.09250553,753.3643523481013,-3.0308961868286133e-05,0.0023603439331090215,-0.01142263412475586,-0.0005113780498504639,0.0013768970966339666,0.00024765729904169254,-7.62939453125e-05,0.0,0.000244140625,-0.00021111965179437808
021a5902e34c4742a828335c86bfe4cd,middle,W2,a3_middle_W2,18111.320868198552,32909470.281527758,17441.691705549507,30523833.026518274,669.6291626490456,2385637.2550094835,83716.1232346991,142864522.5091595,777.7300925725472,-5.667656660079956e-05,0.009635090827943671,-0.017178058624267578,-0.0009579062461853027,0.0002712458372116089,0.0004635751247406006,3.0517578125e-05,6.103515625e-05,-0.00048828125,7.870793342590332e-05
0222f2054a72477a9af17694d4ab1a9e,middle,W2,a3_middle_W2,16409.365505011086,27009318.84634659,15791.08910156531,25013490.293533947,618.2764034457759,1995828.5528126433,73003.9608091738,109167636.89759831,704.6453125170882,-0.00037857890129089355,0.01086115837097168,0.006213188171386719,-0.0006902515888214111,0.0010820925235748846,4.005432128900699e-05,-0.0003662109375,-6.103515625e-05,-0.002685546875,-0.00033605098724370785
0228c654c3b44da99c4b3b75d5f8b1cb,middle,W2,a3_middle_W2,17081.76560705953,29273078.590310186,16443.073204625187,27126294.67506805,638.6924024343425,2146783.9152421355,78594.68280702026,125783428.09101294,733.519285730724,-3.5792589187594315e-05,0.0003057718276977539,-0.0036859512329101562,-0.0008364617824553888,0.0002954453229903897,9.894371032709293e-05,-9.1552734375e-05,0.0,0.0,-0.00011563301086431332
022a46a47f70497badb519b86f7d0dfa,middle,W2,a3_middle_W2,13100.07099228394,17212876.565073308,12588.701043370005,15894846.93058896,511.3699489139344,1318029.634484347,55601.65187713429,63882561.1199705,562.5387292113783,-0.00045806169509887695,-0.008469820022584784,-0.0084686279296875,-0.00028005242347722836,0.0017314553260803223,0.00019246339797979184,-5.340576171879944e-05,-0.0003662109375,-0.001220703125,-0.0002003312110900879
022c1581dcd44145a86c1522d7ab44d3,middle,W2,a3_middle_W2,17202.406177623103,29690381.111488733,16565.470493437377,27533876.44603053,636.9356841857261,2156504.6654582024,77797.58878314192,123646669.33733714,738.6997914925738,-1.153349876401033e-05,0.0015902519226074219,-0.00777125358581543,-0.000725716352462713,0.00033906102180480957,-0.0003581345081329901,9.1552734375e-05,-0.0001220703125,-0.000244140625,0.00012499094009399414
023d8f2444234e6185ca713309cfeb99,middle,W2,a3_middle_W2,15527.664959173631,24192552.31332154,14940.543862065771,22397647.783984594,587.1210971078599,1794904.5293369442,68168.88727377135,95318617.6851021,666.783631851959,-7.213652133938875e-05,-0.011310577392574572,-0.0172579288482666,-6.414949893951416e-05,0.0004337430000305731,-0.0009828805923461914,-4.57763671875e-05,-0.000244140625,-0.000732421875,-8.150935173029117e-05
0247b01389f541e8a22ab2f98e44c953,middle,W2,a3_middle_W2,16480.120856803085,27256962.94628706,15861.947410762676,25251436.925136875,618.1734460404095,2005526.021150183,72988.4123462184,109485798.14828235,707.6836644241446,0.0002652406692504883,-0.013977289199829102,-0.02525091171264293,-0.0021291077136992853,0.0001619756221770685,-0.001653432846069336,-2.2888183593699693e-05,0.0001220703125,-0.00048828125,-0.00023373961448669434
024a0d26f2ab4be8bacf86127e23e6aa,middle,W2,a3_middle_W2,16317.371905599231,26716421.136930555,15704.688713104664,24748482.861622382,612.6831924945673,1967938.2753081731,73610.75503122748,110789254.31849533,700.6949551076358,0.00015819072723388672,0.0010967254638671875,-0.006033182144165039,-0.0005017518997192938,-0.00021113455295559969,-0.0007779896259307861,-4.57763671875e-05,-0.000244140625,-0.000732421875,-0.00016355514526361636
024b1ec28a404f46866c62a69d6370d8,middle,W2,a3_middle_W2,15647.81992843479,24562804.64521454,15054.531984155114,22735858.505311836,593.2879442796766,1826946.1399027035,70256.58473637424,100762880.2482437,671.943285090206,-7.897615432739258e-05,-0.0006949901580810547,-0.0018131732940656065,-0.0004940629005431574,-0.0002451092004776001,-0.0005701184272765558,-7.62939453125e-05,0.0,-0.00048828125,-0.00016435980796819516
025784ce00f14da9bcfe44013eb2289c,middle,W2,a3_middle_W2,17085.197735291695,29277086.90438249,16449.987056307287,27141616.041431054,635.2106789844074,2135470.862951435,76141.65193537214,118466716.06877264,733.666666997234,0.00016455352306360416,0.0029790401458749116,-0.005174875259397638,-0.000345230102539007,0.0004492476582527022,0.00012856721878051758,-5.340576171880031e-05,-0.00018310546875,0.0,-0.00037369132041936703
025828c4084440649cde38135a9d8a2e,middle,W2,a3_middle_W2,16655.127613582892,27835227.21923372,16028.094481543409,25780297.43476405,627.0331320394835,2054929.7844696715,77577.5906090532,122662699.69336084,715.1987441989262,8.569657802590114e-05,0.010365247726438653,-0.0015759468078613281,-0.002129524946212713,-0.00018778443336486816,-0.000494986772537287,-6.103515625e-05,-0.000244140625,-0.0009765625,3.212690353393555e-05
025c1e16f9634c71be21574417c1b8a7,middle,W2,a3_middle_W2,16004.051158591194,25691578.36396469,15400.55971271287,23791199.862358212,603.4914458783242,1900378.5016064793,71590.69212123929,104900303.46929573,687.2404436808445,6.404519081121274e-05,-0.0061321258544921875,-0.010976791381835938,-0.0016019344329833984,0.00021435320377349854,0.0006950199604033869,-0.000152587890625,6.103515625e-05,-0.000732421875,-0.0005216896533966064
025cf7f3f4524bf7b69a822007bcdf3a,middle,W2,a3_middle_W2,15719.810871308353,24793970.61009136,15125.999108810267,22956514.608916014,593.811762498086,1837456.001175344,70196.60941006013,101155504.30104038,675.0346953232252,-0.00047750771045679263,0.016922950744628906,0.009344816207885742,-0.0008935034275054932,0.0007123351097106934,0.00020879507064819336,-6.866455078130031e-05,-6.103515625e-05,-0.0009765625,-0.0001113116741180975
026dd4fca8a347e799ff5bfd78df68bb,middle,W2,a3_middle_W2,15748.142716851207,24881292.418203842,15151.796961383026,23033559.05665552,596.3457554681809,1847733.3615483232,70650.31383082828,102536761.0105161,676.2513116604401,6.783008575439453e-05,0.003527402877807617,-0.005152225494384766,0.00032269954681396484,0.0006625950336456854,0.0012331604957581122,-0.0001449584960938003,-0.0001220703125,-0.001953125,-0.0002745985984802246
0278450d1e324c33904e160e115f6fbd,middle,W2,a3_middle_W2,16840.811930084656,28456588.430492602,16211.72169706941,26372038.121681336,629.0902330152458,2084550.308811266,75739.5060765565,117467645.01021235,723.172336059681,7.544457912439517e-05,-0.0023055076599121094,-0.011231899261471057,-0.0010595768690109253,0.0006704330444335382,0.0002821683883666992,3.0517578125e-05,0.0001220703125,0.0,5.766749382019043e-05
0281cce51dcb43988b3d3760c0fb335e,middle,W2,a3_middle_W2,16751.6874547596,28151379.75843639,16125.321910964343,26086519.59153478,626.3655437952584,2064860.1669016108,74911.27787891669,114645269.70448992,719.3451835869562,-0.00024212896823891383,-0.0016760826110839844,-0.00689387321472168,-0.00022265315055847168,0.0007195770740509033,7.462501525878906e-05,-3.0517578125e-05,-0.00018310546875,-0.000732421875,-0.00011023879051208496
02871968fcbd46dc9f5059ec1fc7d13b,middle,W2,a3_middle_W2,17624.24440567688,31160094.229489934,16968.851215304094,28888331.551900417,655.3931903727862,2271762.677589517,81251.83492110186,134814761.4577695,756.8142231534346,2.9392540454892258e-05,-0.01795649528503418,-0.027043819427493787,-0.0008084028959274847,-0.00039950013160700015,2.9861927032470703e-05,4.57763671875e-05,3.0517578125e-05,0.0,2.4259090423583984e-05
0288b5d8dfda43b9938f0dcf1ac86da2,middle,W2,a3_middle_W2,18066.30515845681,32742125.178291965,17399.402133582993,30372703.753448676,666.9030248738163,2369421.424843289,83041.6582112773,140807573.1351583,775.7970434946006,6.528198719030209e-05,0.010087490081788886,-0.014982223510738635,-0.001422345638275202,0.0006533265113831122,5.328655242919922e-05,0.0,-0.0001220703125,-0.0009765625,0.0001577138900757391
028f74fc5b384764826acb595846b9d8,middle,W2,a3_middle_W2,17024.352714132496,29070157.055130985,16387.903313173716,26938963.571612295,636.4494009587797,2131193.48351869,78052.93230323824,124384003.04431543,731.0538810892878,0.0001096278429030817,-0.000773668289182794,-0.01497507095336914,-0.0013370215892792026,0.0002478063106536865,0.0005957782268524725,-7.62939453125e-05,-3.0517578125e-05,-0.0009765625,-0.0001557767391204834
0290737f64b14b08b87faa644580f3a9,middle,W2,a3_middle_W2,16340.727284849085,26782934.990810793,15726.195533010461,24807072.057386372,614.5317518386237,1975862.9334244207,73255.28592688242,109650452.65403046,701.6978737461073,-0.00014223158359530363,0.009679794311521661,1.1920928958630839e-05,-0.0005855262279511053,-0.0003815591335296076,0.00023967027664190121,-8.392333984380031e-05,6.103515625e-05,-0.0009765625,-0.0001690834760666171
029bf16fe8e2495bbadd991b7358559a,middle,W2,a3_middle_W2,17536.39300637198,30849803.69718432,16883.546218687443,28598572.9377759,652.8467876845389,2251230.759408422,80843.13352077363,133675720.01888834,753.0417386719744,4.7922134399400185e-05,-0.004929304122924805,-0.019638538360595703,-0.0002931803464888971,6.645917892511566e-06,0.0006387233734130859,-1.52587890625e-05,6.103515625e-05,-0.00048828125,3.8117170333917816e-05
029d4dcccd66451c847a4dc5da36b5e6,middle,W2,a3_middle_W2,16821.535645015923,28382738.141169365,16193.13809447427,26302832.65074054,628.3975505416529,2079905.490428824,76812.79258093817,120256246.79077901,722.3445804763053,-0.00015503168106081877,0.00547945499420166,-0.004907846450805664,-0.0004214048385620117,-0.0004317164421082098,-0.00018307566642766782,-3.0517578125e-05,-6.103515625e-05,-0.001220703125,8.493661880498715e-05
029e028b4a6842c29183b6a30bb2f04e,middle,W2,a3_middle_W2,17154.805707327083,29520332.779797573,16516.79279540032,27366751.395145837,638.0129119267622,2153581.3846517354,77879.476455209,123778055.76903526,736.6557485186113,2.279877662686447e-06,-0.0004839897155761719,-0.015038251876831055,-0.0008073449134827215,7.709860801699553e-05,0.0007717013359070379,0.0,6.103515625e-05,-0.000244140625,5.608797073369809e-05
00001ec0d78549e1b8c2083a06105c29,middle,W3,a3_middle_W3,18951.200967481924,35919670.19054883,18194.88573354471,33109988.21977591,756.3152339372136,2809681.9707729183,76593.60735594333,120613062.45569415,813.795934049214,0.00014597177505498715,0.0020396709442156435,-0.0009942054748570683,-0.0013656169176101962,-0.0015693306922912598,-0.0004786849021911621,6.103515625e-05,0.0,0.00048828125,4.741549491882324e-05
0005d5eb0eb847648bf2e76f6931ed48,middle,W3,a3_middle_W3,20159.218764761536,40646553.82319905,19359.737587712098,37487226.17185674,799.481177049438,3159327.65134231,81879.19979999357,137481139.8506784,865.6702175509344,-0.00018678605556489425,-0.003935098648073065,-0.005576610565185547,-0.003132313489913996,-0.0004543811082839966,-0.0006731450557708185,0.000335693359375,-0.000244140625,0.00048828125,4.526972770690918e-05
0005df571e71437991594d0affec9c2b,middle,W3,a3_middle_W3,19405.897449906886,37662754.692974634,18638.53968367092,34742910.84681596,767.3577662359676,2919843.846158676,79791.88768401378,130045764.58733726,833.3213535336489,5.969405174260922e-05,0.008484125137327325,0.0006222724914515254,-0.0028705298900604803,-0.00014279782772061433,2.6106834411565583e-05,0.00018310546875,-6.103515625e-05,0.0009765625,0.00013941526412958316
000c895f9ef6491894ac588634f3d2b5,middle,W3,a3_middle_W3,18064.723110036077,32650368.926388323,17336.721708886183,30073135.132108163,728.0014011498934,2577233.79428016,72197.28142054638,107562913.86646135,775.7291077171019,-0.000532880425453186,0.03812074661254705,0.0235676765441859,0.001148641109466525,0.0016565322875976562,-0.001212775707244873,-6.484985351559985e-05,-0.00042724609375,-0.0009765625,-0.0005159527063370029
000d1c5d169f4fda93a32f2eaeac80d8,middle,W3,a3_middle_W3,17981.558837378576,32344643.086341396,17257.410178646824,29792914.098346036,724.1486587317522,2551728.98799536,73690.74093770985,111114076.13656493,772.1578962111419,-0.000553011894226102,0.041910409927368164,0.026681423187259412,-0.00125199556350708,0.00013959407806396484,-0.0008413195610046387,-1.1444091796899286e-05,-0.0001220703125,-0.000732421875,-7.715821266171541e-05
00133744383047b888486d10548eb32d,middle,W3,a3_middle_W3,17284.26758240408,29885434.506780166,16584.174343940515,27514048.034593116,700.0932384635671,2371386.4721870497,69818.50288078403,100218404.7248008,742.2150556956514,-0.00019973516464230623,0.027604103088380683,0.01171112060546875,-0.002168893814086914,0.0011472105979918878,-0.00032192468643188477,-9.1552734375e-05,-6.103515625e-05,-0.00244140625,0.00010508298873901367
0013d88f17a245b0bff5ebe713bd72ab,middle,W3,a3_middle_W3,19406.09225980852,37666812.43143304,18632.88041614499,34725552.71709694,773.2118436635283,2941259.7143360972,78919.62185870942,127490399.7876525,833.3297189932383,-5.5506825447110275e-05,-0.012242794036865234,-0.010048151016235352,-0.002524808049202021,-0.0008556246757508157,0.000447690486907959,0.00018310546875,6.103515625e-05,0.001220703125,0.0003484785556793213
0015eb3cf53b4339b2d0532cf912ab26,middle,W3,a3_middle_W3,19476.54822944228,37939424.32587789,18705.93161603702,34996916.926078424,770.6166134052582,2942507.399799466,80104.24474356366,131102364.85503305,836.3552149349379,0.00014646351337430086,-0.0007688999176025391,-0.005141496658325195,-0.0027010440826416016,-0.0002111345529557107,-0.0011677443981170654,3.0517578125e-05,-6.103515625e-05,0.00048828125,-9.232759475708008e-05
001e6d1b655542b48dbe00f3a3ccc616,middle,W3,a3_middle_W3,16022.031351154032,25683829.50844021,15364.719775605216,23620308.156855177,657.3115755488161,2063521.3515850343,64429.83086233803,85671282.56503122,688.0125429069656,-0.00047400593757629395,0.024651288986206055,0.01983642578125,-0.0003078281879425049,0.0015779733657836914,-0.0005125701427459717,-7.62939453125e-05,-9.1552734375e-05,-0.00146484375,-0.00020962953567510434
001f17841a2642e4a9fa2f9b1687aa1e,middle,W3,a3_middle_W3,19527.835193876395,38137414.050170496,18754.360481624615,35175954.76887703,773.4747122517801,2961459.2812934667,79771.80393836736,130261867.04317307,838.5575620683898,0.00011011958122250642,-0.009055137634277344,-0.008817911148071289,-0.002241387963294983,-5.3375959396417816e-05,-9.101629257202148e-05,3.0517578125e-05,0.0,-0.000732421875,9.60528850555975e-05
0029e901155f414696aa6b470cbe40d4,middle,W3,a3_middle_W3,19519.650071798118,38107224.15500221,18748.30690428506,35154379.09756462,771.3431675130596,2952845.057437584,79252.55198763445,128659873.07574755,838.206079379856,-0.0002681314945220947,-0.00750422477722168,-0.009958744049072266,-0.0025687515735625943,-0.00030437111854558774,-0.0013166069984436035,1.52587890625e-05,-6.103515625e-05,-0.000732421875,-6.1571598052923e-05
00317d7cb89c4f84b28090ec8eeb361a,middle,W3,a3_middle_W3,17839.096881837024,31834856.452128973,17120.85007988672,29323734.706647713,718.246801950303,2511121.74548126,72298.73080156652,107403873.72101833,766.0403440636368,-3.364682197570801e-05,0.006165504455568183,0.006260871887207031,-0.004009261727333097,0.00174027681350708,0.000497281551361084,-7.62939453125e-05,0.0003662109375,-0.001220703125,-4.2632222175598145e-05
003245510e8f4bcb98f1794348606f68,middle,W3,a3_middle_W3,18300.59000683458,33494791.038968273,17567.114518063172,30863719.10559746,733.475488771408,2631071.9333708137,74569.00650015875,113883621.21960957,785.8576226286784,0.00013281404972079192,-0.005824565887451172,-0.0025033950805664062,-0.0015465468168258945,-0.0003340244293213446,-0.0005621016025543213,-1.9073486328099847e-05,-0.0001220703125,-0.000244140625,-9.262561798090152e-05
004459ae7559418fad89ddb73e140b56,middle,W3,a3_middle_W3,20200.5257066938,40812149.1362706,19408.43232265353,37674479.94635014,792.0933840402686,3137669.189920455,82703.10394346822,139868076.3595073,867.4440060010786,-0.00010600686073300447,0.026186704635620117,-0.0011909008026123047,-0.0018579959869385043,0.0006708204746246893,0.001476198434829712,0.00011444091796869969,-0.000244140625,0.00146484375,0.0001486539840697687
0047b3f31cc844d2bfe8e59820b87312,middle,W3,a3_middle_W3,18903.04724671493,35739249.52904484,18150.255596611827,32949872.48944987,752.7916501031032,2789377.039594967,76693.63097261348,120624716.2728152,811.7281335843905,-8.96453857421875e-05,-0.016583800315856934,-0.012379884719848633,-0.0016531646251677912,-0.00047448277473449707,-0.000787049531936701,6.866455078119969e-05,-0.0001220703125,0.00048828125,0.00020700693130498715
0048e8224b174b759771e39ff521ee2e,middle,W3,a3_middle_W3,17182.063404555684,29527668.646532062,16484.265878775008,27178342.21916144,697.7975257806756,2349326.4273706228,69142.26790977127,98489594.76551105,737.8262391494818,-0.0003591179847717285,-0.012354850769042969,-0.014406442642211914,0.00011876225471502133,0.000646054744720459,-0.00028789043426519223,-6.103515625e-05,0.000213623046875,-0.002197265625,-2.9295682907104492e-05
004a33ffd2654583822bdd2eed1241ba,middle,W3,a3_middle_W3,20072.369842760294,40298616.70240679,19283.375780062914,37193523.74110578,788.9940626973803,3105092.9613010064,81760.6902202642,136910459.82084975,861.9407811040073,3.290921449661255e-05,-0.0014007091522216797,0.004024505615234375,-0.0015581101179123202,-0.00014001131057739258,0.00037682056427001953,0.00018310546875,-0.0001220703125,0.0,0.00018683075904846191
0050d3fb84444ea1b9079a1575887aa1,middle,W3,a3_middle_W3,18922.537505213626,35812416.780601695,18169.860816896024,33020594.597501878,752.6766883176024,2791822.1830998175,78836.29494644303,126548143.01473908,812.5650775409779,-0.00020353496074682065,0.006108283996583808,0.0023031234741210938,-0.002649098634719904,0.0004417896270751953,-0.00011140108108520508,-3.814697265619969e-05,-0.00018310546875,0.0,-3.8295984268188477e-05
00519a09c83e410f9734b3cfe8bcb604,middle,W3,a3_middle_W3,19334.79368111195,37390987.87641604,18569.00348178078,34488227.711874455,765.7901993311716,2902760.1645415872,79150.2857080518,128201537.19212218,830.2680400238517,0.00016103684902191162,0.0050640106201171875,-0.001970529556274414,-0.0016321837902069092,-2.5674700736999512e-05,-0.0006605386734008789,0.000244140625,0.0,0.0009765625,0.0006983578205108087
0053d2ac9bc14142bffaa42593c00a8a,middle,W3,a3_middle_W3,16479.04203550671,27176919.82589343,15805.257829386002,25001166.599547982,673.7842061207084,2175753.226345446,66252.64890359843,90445897.14448513,707.6373380522136,-2.8222799301202972e-05,-0.004547834396364081,-0.0061273574829066035,0.0012152343988418857,0.0002852976322174072,0.0004972219467163086,-7.62939453125e-05,-0.000244140625,0.000732421875,-0.0008560717105866034
005c0d7ccf7749f99a4cc8e88bda073d,middle,W3,a3_middle_W3,16465.023808025933,27130083.584400855,15791.353832639701,24956677.56058026,673.6699753862322,2173406.023820594,66866.12157296926,92048365.75357887,707.0353721638243,-0.0004776120185852051,-0.01947164535522372,-0.019547939300538886,0.00019404292106628418,-0.00016344338655480128,-0.0001011490821838934,-0.0002059936523436997,-0.000244140625,-0.00146484375,-0.0005048513412476141
005ee892a99b4ae8a26bb1c8123fdd80,middle,W3,a3_middle_W3,20797.982735052836,43261547.87741637,19990.41213890608,39966526.408958435,807.5705961467575,3295021.4684579372,86885.72161463281,153794691.8417232,893.0997995986446,-2.623349428169941e-05,-0.0008034706115722656,-0.01306772232055664,-0.001673340797424372,-4.3556094169588944e-05,-0.00016552209854125977,-3.814697265619969e-05,-0.0001220703125,-0.000244140625,3.260374069213867e-05
006ce7ce9e1b45558fe805882a705991,middle,W3,a3_middle_W3,14437.138579320505,20865794.308694854,13834.568771674365,19161453.180557966,602.5698076461395,1704341.1281368881,58893.849809080726,71431887.63326882,619.9546242644886,-0.0005314350128173273,-0.014244318008421075,-0.016785860061641955,-0.002503752708435003,0.00018346309661859683,-0.0007375478744506836,-0.00011062622070309985,-0.0003662109375,0.00048828125,-0.0009102225303649347
006d40ce26e64b4c930124ddae278c05,middle,W3,a3_middle_W3,18733.23315853444,35100147.58759762,17985.72218623866,32355542.2912105,747.5109722957786,2744605.296387125,76742.4164520438,120472866.4752856,804.4360355932035,0.00010269880294799805,0.001010894775390625,0.0021123886108398438,-0.0009317994117736816,-0.0007807612419127863,-0.0001404881477355957,-4.57763671875e-05,-0.0001220703125,0.00146484375,-0.00025299191474909
00713006ea594a598ad966c5b36c7922,middle,W3,a3_middle_W3,19762.09607577347,39059992.38373998,18983.268226260167,36042024.975551546,778.8278495133018,3017967.4081884325,81093.77809536271,134389879.33842376,848.6171120421218,-0.00021230429410930285,-0.0067937374115008,-0.01176595687866211,-0.002737894654273987,-0.0008792281150817871,-0.0010719001293181818,9.918212890619969e-05,-6.103515625e-05,0.001220703125,0.0002212822437286377
0078e62e7d774effa973885c78ffbf6a,middle,W3,a3_middle_W3,18566.342830678805,34477155.0300863,17824.15750845144,31776096.768948853,742.1853222273639,2701058.2611374483,74836.57040292372,115251273.46048218,797.2694887092304,-0.000286027789115878,0.029516220092773438,0.024689435958865857,-0.0048834681510926126,0.0025797486305236816,-0.0012784600257873535,0.00018310546875,0.00048828125,-0.00244140625,0.0009224414825439453
007ced0c381749a394866f5fa71fd303,middle,W3,a3_middle_W3,18615.680828568627,34667619.97643337,17867.08867972333,31937056.65936172,748.5921488452987,2730563.3170716465,76177.95724269265,118909693.3827852,799.3881439937034,3.2454729080200195e-05,-0.013002157211303711,-0.007402896881103516,-0.0014602243900299072,0.0008280575275421143,-0.0019870996475219727,9.1552734375e-05,0.0,0.00048828125,0.00016154348850250244
00820ef5fe4843cf8beef97281048215,middle,W3,a3_middle_W3,19573.082094687175,38313993.553088896,18795.38140383376,35329941.458658345,777.7006908534167,2984052.094430551,80409.83264226596,132268791.40957437,840.5005388734653,4.091858863827791e-05,0.0028949975967407227,0.0008261203765869141,-0.0014806389808654785,-0.0003256797790527066,0.000324249267578125,6.103515625e-05,0.0,0.0,0.0001931488513945978
008f8f5241b947f29838e2a780e3790a,middle,W3,a3_middle_W3,14229.732558587895,20288886.36569799,13629.684139164514,18615332.713110454,600.0484194233813,1673553.6525875367,57641.426502470145,68841296.26158157,611.0482664743338,0.0006780922412872314,-0.0009024143218994141,-0.0007569789886456846,0.0005224943161011297,0.0004664137959480008,-0.00067138671875,-0.0002517700195311997,-0.0001220703125,-0.003662109375,0.0001367330551148016
0092c97c01714eb98d6f4b635c5ee9ec,middle,W3,a3_middle_W3,17997.486422039317,32407351.81586976,17269.979399252865,29841709.997596778,727.5070227864526,2565641.818272982,72818.79605347723,109131119.9577034,772.8418530568517,-0.0001227855682373047,0.013861656188963067,0.007152557373050428,-0.0011076331138611395,0.0003597140312194269,-0.00041055679321294614,-9.1552734375e-05,-6.103515625e-05,-0.002197265625,-0.000845104455947876
00a1a602456f4eb188b522d7ef19e81b,middle,W3,a3_middle_W3,18953.63835684501,35928193.23394597,18202.3269404003,33136029.661244757,751.3114164447106,2792163.5727012157,78169.03742181695,124888547.95072183,813.9005995823786,6.8247318267822266e-06,-0.004597902297973633,-0.00961661338805797,-0.003122895956039401,-0.0012920200824736994,-0.0003918111324310303,9.918212890630031e-05,-6.103515625e-05,0.000732421875,0.0001360177993773859
00a1d892548542c7ab83565070737d6b,middle,W3,a3_middle_W3,17579.560145782027,30906626.133538343,16867.353983207417,28453196.660499707,712.2061625746101,2453429.473038636,72086.22451926027,106556286.96843587,754.8954070804677,0.00020509958267217465,-0.008346140384674072,-0.008163452148435724,-0.002537429332733099,-7.793307304380936e-05,0.0,7.629394531199693e-06,6.103515625e-05,0.000244140625,4.887580871582031e-06
00a38a2327cd41b885d6ebbb6ac0a91c,middle,W3,a3_middle_W3,18444.824481293836,34034756.99409482,17702.4230394919,31351265.97536543,742.401441801936,2683491.0187293887,74422.3047846986,113789292.60874428,792.0512896720535,0.000332415103912409,-0.00773310661315918,-0.0034379959106445312,-0.0013142228126526434,-0.0005797743797302246,-9.232759475708008e-05,9.918212890619969e-05,0.000244140625,0.00048828125,0.0005233287811278742
00a69ec5e0cb4e1b9c6d6285bde5de3e,middle,W3,a3_middle_W3,19733.70167865008,38946819.63959348,18956.150558887643,35938184.005754076,777.5511197624364,3008635.633839406,80914.27878939584,133893626.71550067,847.3978096365147,6.313621997841579e-05,0.004578232765197754,-0.003540515899658203,-0.001568138599395752,-0.00015129148960107974,1.4603137969970703e-06,9.1552734375e-05,-0.0001220703125,-0.00048828125,4.2706727981622894e-05
00a776f578304cce8c096fc0034582ef,middle,W3,a3_middle_W3,18855.332553859957,35559178.18997587,18105.096782824712,32786509.226598013,750.2357710352444,2772668.9633778594,77230.12419201611,122106041.99208266,809.6791857047066,0.00015810132026669588,-0.0018978118896484375,-0.001958608627319336,-0.000936895608901922,7.712841033941098e-05,-7.352232933049985e-05,7.629394531300307e-06,0.00030517578125,-0.001220703125,0.0002155900001525879
00a97894440b42ebbde2435e9430106c,middle,W3,a3_middle_W3,18459.954854525604,34082190.4280213,17720.70855899755,31407493.534519263,739.2462955280535,2674696.8935020342,75206.67150898074,115888854.82742098,792.7010129396073,0.00020872056484219637,0.0038444995880126953,0.0033521652221679688,-0.0014662742614746094,5.066394805908203e-05,0.0010949373245239258,6.103515625e-05,6.103515625e-05,0.0,0.0002823621034621915
00a9925ae746466b91ce457c67bef43f,middle,W3,a3_middle_W3,18710.79086572279,35015892.3172206,17962.71995125962,32272161.764929704,748.0709144631692,2743730.552290894,74625.48337578423,114768394.67183213,803.4723263975594,-0.0001509487628937045,-0.01721858978271662,-0.01749157905578258,-0.0023705810308456976,-0.0006954371929169256,-0.0003643929958344061,0.0001068115234375,0.000244140625,0.000732421875,0.00010100007057189941
00ae6eda19634ee6b0a4a52789c9ff90,middle,W3,a3_middle_W3,17681.12000216561,31268027.50591759,16963.994405721092,28783560.481057107,717.125596444519,2484467.0248604827,71655.42075849487,105545242.23001395,759.2565553965769,5.343556404110994e-05,0.025506019592286933,0.014979839324958277,-0.0016169548034667969,0.0006973147392272949,-0.000511467456817627,3.0517578125e-05,0.000244140625,-0.000244140625,-0.00016604363918298892
00bc54b70fea4c94bf54bdb4d041522c,middle,W3,a3_middle_W3,18239.74412933788,33273473.611915905,17508.31165139596,30658607.761356387,731.4324779419185,2614865.8505595177,74660.81281885925,114093055.30576757,783.2447999481826,-6.267428398129549e-05,0.0019729137420636533,0.001087188720703125,-0.0017022937536239902,-0.0014123916625976562,-0.0005206465721130371,5.7220458984400153e-05,0.0,0.000244140625,0.00016543269157409668
00bf94f9be9346d5bf6fcdb88e0f68c3,middle,W3,a3_middle_W3,18291.99542396012,33465628.34365356,17553.026789850872,30816809.92161991,738.9686341092493,2648818.422033649,73962.37212680117,112390150.73570362,785.4885570158931,-0.00042457878589630127,-0.00014185905456365333,0.0025773048400878906,-0.0021089613437652865,0.00013582408428189363,0.0001450181007385254,-2.2888183593800307e-05,0.0001220703125,0.00048828125,-5.924701690679379e-05
00c01670fa9545fc82e1fbfb9f70a259,middle,W3,a3_middle_W3,18897.64786889743,35723889.92057284,18141.27406119645,32922001.980339196,756.3738077009803,2801887.940233644,75978.94983799604,118504338.52473797,811.4962753648605,-9.104609489496429e-06,-0.012626051902770996,-0.010794401168821466,-0.0015704035758972168,-0.00022703409194949065,-0.00037413835525507144,0.0002059936523436997,0.000244140625,0.0009765625,0.0009097158908843994
00c1673e7c8e4c2fbc0c9a1084acc067,middle,W3,a3_middle_W3,16031.277624543836,25714894.618155852,15374.94923718569,23653417.44482679,656.3283873581458,2061477.1733290628,64635.19416444272,86206402.23058024,688.4095931890371,2.384185791015625e-07,-0.0037312507629412295,-0.0023150444030690664,-0.0003999769687652033,0.0008777379989624023,0.0002453327178955078,-6.866455078129944e-05,-0.0001220703125,-0.00048828125,-0.00017020106315612793
00c5fc33cf54446093cca570c2ac5db0,middle,W3,a3_middle_W3,17872.5538031966,31945479.982102834,17150.186123727526,29415624.808564965,722.3676794690728,2529855.173537869,72692.785929625,108548758.70612313,767.477039638495,-0.00015163421630859375,0.04501700401305975,0.0378108024597168,-0.0020422041416167935,0.0013489127159118652,-2.8192996978759766e-05,3.814697265600714e-06,0.00030517578125,-0.001708984375,0.00013950467109680176
00cc1d02ab5c4e1abcbc080bbdc6bdc4,middle,W3,a3_middle_W3,15412.12803217193,23778058.58672906,14774.877266060621,21853910.35442463,637.2507661113086,1924148.2323044315,62977.91656219816,81601063.47717316,661.8222849912581,-0.0005487203598021906,0.0008213520050048828,0.014032125473022461,-0.00027540326118463687,0.001125097274780329,0.0007544159889221191,-0.0001449584960936997,-0.000244140625,-0.00244140625,-0.0005089938640595038
00d319b11c2c41c6b9a36287abf6922e,middle,W3,a3_middle_W3,19814.488021501453,39266860.43401016,19036.1308812517,36242139.59323487,778.357140249751,3024720.840775296,81113.43256607998,134489859.05769694,850.8669089010924,3.6954879760700554e-05,0.0016617774963378906,-0.01138448715209961,-0.002494633197784396,0.00019055604934692383,-0.0004342794418334961,7.62939453129944e-06,6.103515625e-05,-0.0001220703125,5.5670738220214844e-05
00d9bd8bee204fe3a42c320ce24a32fd,middle,W3,a3_middle_W3,15747.029799329792,24815975.252847105,15097.209917209213,22810999.667084645,649.8198821205788,2004975.5857624598,63198.39767779908,82560973.83266678,676.2035211401762,-0.0004006326198577881,-0.026691555976867676,-0.025346279144285333,2.580881118774414e-05,-0.0003100931644439697,-0.0003096461296080988,-8.392333984380031e-05,-0.0001220703125,-0.000732421875,-0.00029143691062927246
00da1beacd7e456f81bcdd0343048166,middle,W3,a3_middle_W3,19496.447229363395,38015121.327266544,18725.403492692563,35067381.35853036,771.043736670832,2947739.9687361866,79956.93980215485,130859267.1944014,837.2097109246765,0.00013597309589391537,-0.004199743270872247,-0.004575252532962537,-0.0005982965230941772,-0.0005105435848236084,0.0006170570850372314,0.0001220703125,-6.103515625e-05,0.00048828125,0.00016239285469049625
00db57d6cb5540089860f0de1d2c643d,middle,W3,a3_middle_W3,17868.80057692331,31939596.706453543,17148.1300324439,29415819.42722576,720.6705444794097,2523777.279227782,72446.11097945429,107809910.0795111,767.3158698906773,0.00040689110755928737,0.008651018142700195,0.0055694580078125,-0.0026703327894210815,-0.00046819448471069336,-0.0005130171775817871,-3.4332275390599847e-05,-0.00018310546875,-0.00048828125,-9.59932804107666e-05
00ddbd37e24c43569cb77919361bfaa9,middle,W3,a3_middle_W3,20387.463648734578,41568893.644001395,19591.32885634663,38385526.63514176,796.1347923879475,3183367.0088596344,83674.1752134318,143013734.0312564,875.4714306172467,0.00013395398855210738,0.020339488983154297,0.007457733154296875,-0.0018397271633147638,-0.0005483627319335938,-0.00011432170867919922,0.000274658203125,-0.0001220703125,0.001953125,0.00020515918731695004
00e99d9188c64441b8ae7a3f73f37164,middle,W3,a3_middle_W3,19255.050919623078,37081324.10596095,18491.77459740435,34200202.410204336,763.2763222187277,2881121.695756614,78981.91068708597,127522012.20050259,826.8437538701219,7.972121238708496e-05,0.008782148361209607,-0.0010204315185546875,-0.0006682872772216242,0.00029033422470092773,-0.0019994378089904785,0.0,-0.0001220703125,0.0,-4.6968460083063324e-05
00ea067d2d0d4e5abbe36abcdd2117b9,middle,W3,a3_middle_W3,17017.504784041135,28981153.991020076,16321.428410300154,26660349.174744196,696.0763737409816,2320804.8162758797,69471.4543626678,99158450.1535135,730.7598196377437,0.0005463659763336182,-0.0166243314743042,-0.017194747924804688,-0.0013068318367004395,0.0001281499862671176,-0.00041556358337402344,3.0517578125e-05,0.00054931640625,-0.0009765625,0.0005607903003693182
00ed0007c9c84409adb2e257fad235d1,middle,W3,a3_middle_W3,18050.580867509885,32594428.852429017,17321.855735122466,30016664.7096301,728.7251323874189,2577764.142798919,73655.95442497378,111136764.64263228,775.1218164174156,0.0001372694969177246,0.008012056350708008,0.004744529724121094,-0.0036904215812683105,0.0009142160415649969,0.00022473931312566586,-4.57763671875e-05,0.0,-0.0009765625,-1.6599893569890778e-05
00ef198a19a8403d903dbfa7cfaaf9bd,middle,W3,a3_middle_W3,19593.465523171584,38395822.34190489,18818.126812076116,35417222.3397164,775.3387110954682,2978600.0021884963,80072.80079187213,131204246.06112577,841.3758370274481,5.997717380532008e-05,0.0007528066635131836,-0.002263784408569336,-0.0021332800388335627,-0.00026735663414001465,-0.00035628676414489746,0.0001220703125,0.0,0.00048828125,0.00012412667274469547
00f9cb1a42b4498e838107f82557c9f3,middle,W3,a3_middle_W3,18157.700072921893,32977853.617904402,17431.805751772954,30394274.472179957,725.8943211489386,2583579.1457244456,73771.84342909826,111611481.97134505,779.7216923816067,-0.00034697353839868716,0.004703998565677381,-0.0030732154846191406,-0.0015901029109955112,0.0007238984107971191,0.00017970800399780273,-5.340576171870056e-05,-6.103515625e-05,-0.00048828125,-9.995698928827457e-05
00fa05ae10834647a8bf00c5a5a899a1,middle,W3,a3_middle_W3,19951.75245087348,39812808.91240767,19170.72617763094,36756509.78794701,781.0262732425399,3056299.12446066,81352.11086028843,135529101.69785827,856.7612706728986,0.0001459792256355008,-0.0013041496276855469,-0.008478164672855115,-0.0013885796070099155,-0.0011909008026123602,0.00016057491302490234,3.814697265630031e-05,6.103515625e-05,0.000732421875,-4.890561103820801e-05
00fab46ab0134de8b7c6b39f9ef2f708,middle,W3,a3_middle_W3,18686.76642375512,34928565.09348045,17938.17883800119,32187121.34894362,748.5875857539322,2741443.744536832,76860.93896919402,120740219.18284807,802.4406770986765,-0.00018103420734408293,-0.00026822090149103417,-0.0013053417205810547,-0.0017321556806564053,-0.0004325211048125943,-0.00010952353477478027,3.0517578125e-05,-0.000244140625,-0.0009765625,0.00015473365783691406
00fadd5980ed4228bc28217eb11c5d27,middle,W3,a3_middle_W3,18340.15709052744,33650233.85328447,17601.359734135767,30994965.420866378,738.7973563916712,2655268.432418093,73601.35418880047,111610837.62713428,787.5566986865329,-9.404122829428929e-05,-0.023773908615112305,-0.021948814392089844,-0.0003177076578140814,-0.0012843906879425604,-0.004045724868774414,3.814697265630031e-05,0.0003662109375,0.0,0.0003863871097564142
00fd070ec367496582cb9410fb8d84a2,middle,W3,a3_middle_W3,19957.93685708547,39838148.23101413,19170.17682577765,36755473.31474061,787.7600313078219,3082674.9162735194,80952.47519546135,134427626.82826972,857.0268393109211,0.0003782212734223245,-0.002384185791015625,-0.0050020217895472285,-0.0008738934993744174,-0.0008975863456726074,-0.0004457235336303711,-4.57763671875e-05,0.000335693359375,-0.00048828125,-0.00011670589447027035
00fe064ec39f4f42a8301f6699c37455,middle,W3,a3_middle_W3,19361.70277491413,37492514.45316981,18596.152863861254,34586117.30300247,765.5499110528763,2906397.1501673386,78606.92292562935,126690161.51798785,831.423561046648,0.00048044323921209164,-0.004215240478515625,-0.0036478042602503535,-0.001937314867973411,-0.0008327364921569824,-0.0003440976142883301,0.0001373291015625,0.00030517578125,0.000732421875,0.00031504034996032715
00fe7b40923644c3bf15be6fcb8195c2,middle,W3,a3_middle_W3,18837.83953314891,35497754.5872734,18084.031168603015,32714748.306094423,753.8083645458937,2783006.2811789736,76671.10593243403,120533568.21744029,808.9280064441776,-1.6525387764004806e-05,-0.0012087821960431455,0.002658367156978869,-0.0005677640438079001,0.0011944174766540527,-0.0002779960632324219,9.536743164069959e-05,6.103515625e-05,0.0,0.0009525418281554898
01052f325d2a4422bf1dea6567d78347,middle,W3,a3_middle_W3,12594.780284198174,15909875.972126298,12063.158183218227,14596211.953366015,531.6221009799465,1313664.0187602825,51842.56428234604,55619054.15000172,540.8407099429095,-0.0006702244281769354,-0.0014102458953839658,-0.0009906291961669922,-0.00022846460342407227,0.0020034611225128174,0.0006202757358551025,-0.0002059936523436997,6.103515625e-05,-0.0029296875,-0.0002995431423187256
0116e8e2de78456cab731ff73f65349f,middle,W3,a3_middle_W3,18103.523199971594,32776651.722848877,17377.09792736737,30199081.900072094,726.425272604225,2577569.8227767833,74134.77102410083,112699618.37717217,777.3952477936303,0.000304907560348483,-0.01257181167602539,-0.009517669677737928,-0.0017359852790832242,0.0006970763206481934,0.000541985034942627,4.959106445319959e-05,6.103515625e-05,-0.00048828125,-0.0001169443130493164
0118607beaed4571b94615a611bab570,middle,W3,a3_middle_W3,19301.866563726035,37264435.63380158,18538.495959922126,34375840.201124236,763.370603803909,2888595.4326773435,79041.34651279583,127758198.44771461,828.8540951084557,-0.00014606118202209473,-0.0008034706115722656,-0.010461807250976562,-0.001978069543838501,-0.00035971403121953793,-0.00025767087936395816,6.103515625e-05,-0.000244140625,0.00048828125,4.655122756963559e-05
011a2229b2f949ffaac35b39e9ee9d78,middle,W3,a3_middle_W3,18511.055854957205,34274559.280462,17768.40195832707,31580341.31644872,742.6538966301341,2694217.9640132785,75757.23583908963,117524173.7050445,794.8953744710184,-0.00014387071132659912,-0.0035858154296892764,-0.0021350383758473868,-0.001491546630859375,-0.0005533397197723944,-0.0014759600162506104,5.340576171880031e-05,0.00018310546875,-0.000244140625,0.0005161464214324951
011e8dd9d04e4257b4c094b9cf279280,middle,W3,a3_middle_W3,16914.854934413113,28619928.834024336,16224.567628438948,26332178.424439296,690.2873059741651,2287750.40958504,68648.01302927452,96840617.22223635,726.3518652077639,8.171796798711606e-05,-0.0115126371383667,-0.009731054306030273,-0.002684712409973089,-0.00043080747127530183,-0.00024005770683288574,-0.0003204345703125,6.103515625e-05,-0.00146484375,-0.0003851950168609064
012323854937400b839b3bedf4faa010,middle,W3,a3_middle_W3,19309.961110889635,37295202.116002984,18544.641990127908,34398079.22293784,765.3191207617274,2897122.893065147,79378.71627201192,128703846.2250991,829.2016883602507,0.0003063976764678955,-0.00021934509277166114,-0.0066721439361572266,-0.0022326111793518066,-0.00021198391914362125,-0.0007703900337219238,0.0001220703125,-0.0001220703125,0.000244140625,0.0001958608627319336
0123ecfeeaf14efc8183597f2099e925,middle,W3,a3_middle_W3,17377.06637880185,30199980.35277924,16674.828507151324,27808596.656855434,702.2378716505264,2391383.6959238052,71763.90491714899,105127629.86998916,746.1999895962915,-1.49011611938199e-05,0.001729726791381836,-0.0014495849609375,-0.0032821297645568848,-0.00034868717193609067,-0.0011112093925476074,6.866455078119969e-05,-0.000244140625,0.0,0.0001333951950072687
012648b0eed74f67ad28527119aac2c4,middle,W3,a3_middle_W3,15156.196176735339,22991726.651395045,14531.089755756657,21135193.87125359,625.1064209786819,1856532.7801414542,60740.793728249264,76337510.07086746,650.8321475479718,-0.0010983943939208984,0.05243659019470215,0.05249977111816406,-0.0007777214050292969,0.001141190528869629,-0.0005665421485900879,-6.484985351559985e-05,0.00018310546875,-0.0009765625,-4.050135612493344e-05
012989686a534d73bd7989501e713630,middle,W3,a3_middle_W3,20407.04825884817,41648718.575211525,19610.488252856925,38460795.63880025,796.5600059912431,3187922.9364112765,84384.6584415152,145396437.21140167,876.3124261883311,0.00011712312698360094,0.004458427429200995,-0.006504058837887072,-0.0021743774414063055,0.0004621893167496005,-0.0010866224765778143,0.000244140625,-0.00018310546875,0.00341796875,7.954239845270328e-05
012a565d39a644ea89685ae6cd4e5d8c,middle,W3,a3_middle_W3,16246.959980144167,26412570.599157564,15577.34511851714,24281317.65238402,669.6148616270275,2131252.946773544,65348.85624412418,88141999.37049334,697.6713504958631,0.0002721846103668213,-0.011438727378845215,-0.009244680404663086,0.0001677274703978937,0.0003865361213684082,0.0007213652133942206,-2.2888183593699693e-05,-6.103515625e-05,-0.0009765625,-0.00020387768745422363
012c0d5217494d12881d6b089bed0232,middle,W3,a3_middle_W3,18098.03575439847,32761442.66996675,17366.74726575006,30167987.254673373,731.2884886484098,2593455.415293377,73538.69834926607,110959354.12428905,777.1596077989202,0.00021664798259737883,-0.015363693237304688,-0.0040590763092041016,-0.0026966333389282227,-0.000469893217086792,0.00020942091941827945,0.0002288818359375,0.000244140625,0.001220703125,0.00011837482452392578
012d625661ad4c76b706f410b9be0640,middle,W3,a3_middle_W3,20093.789298801,40379870.55196191,19304.386792437403,37269425.97636437,789.4025063635963,3110444.575597547,83077.43348709338,140956393.62055996,862.8605679958978,-3.8228929042802284e-05,0.009262561798095703,0.002359151840209961,-0.001944616436958313,1.8522143363897126e-05,-0.0001245737075805109,0.0001983642578125,0.0,0.0009765625,-5.275011062616519e-05
013c9572481f47a3adb59c76a934e1e4,middle,W3,a3_middle_W3,18740.237393188574,35127029.851269156,17989.64187390493,32370274.015520487,750.5955192836445,2756755.8357486688,77459.19794634053,122383672.90652072,804.7368090213595,-7.924437522890959e-05,-0.006915330886842597,-0.00491023063659668,-0.0019310116767882746,0.00018402934074410182,-0.000455319881439209,3.814697265630031e-05,-0.00030517578125,0.0,7.325410842901059e-05
013ff6659943447a9a569fdcbcd3abdb,middle,W3,a3_middle_W3,17571.009331189896,30891790.1637745,16856.273278386958,28431177.910711408,714.7360528029385,2460612.253063094,71577.64868740902,105065203.30603592,754.5282209501623,6.83814287186224e-05,-0.006849169731140137,-0.0027310848236083984,-0.0008565634489058893,-0.0005897134542464932,-0.0008707046508789062,-6.866455078130031e-05,-6.103515625e-05,-0.0009765625,-1.4156103134210785e-05
0144192045784fc8906de276b4e09eaa,middle,W3,a3_middle_W3,19631.909940526602,38545091.23238155,18855.75554226938,35557235.629406765,776.154398257222,2987855.6029747874,80950.58609900925,133786618.24512102,843.0267039347268,-0.00012946128845209293,0.0017571449279767393,0.0013065338134765625,-0.0035085678100585938,0.00013977289199829102,0.00013053417205810547,0.0,-6.103515625e-05,0.00048828125,-3.4928321838378906e-05
014a10fd129844228a18b568b069661d,middle,W3,a3_middle_W3,19212.661289209627,36916352.99981897,18450.95870544797,34047303.20855892,761.7025837616566,2869049.791260056,78367.31088582982,125747761.94428843,825.0234729847305,1.7434358597079314e-06,-0.007100105285644531,-0.008556842803955078,-0.001671433448791504,-0.0010169446468352994,-0.0007720291614533026,0.0001220703125,0.00030517578125,-0.00048828125,1.5407800674382965e-05
014ca29813304ce68204fb48dc217636,middle,W3,a3_middle_W3,20061.339391681464,40254627.35893445,19276.759489121112,37167754.00568059,784.5799025603519,3086873.3532538563,81518.73256897581,136074466.26182082,861.4671152791298,0.0004417896270751953,-0.015108585357666016,-0.014736652374267578,-0.0013756155967712125,-0.0009927451610565186,0.0012865662574768066,0.0002670288085938003,9.1552734375e-05,0.00390625,0.00015437602996831723
014ccee408664909b71f80702d003e14,middle,W3,a3_middle_W3,18458.776084520152,34083270.13140064,17722.42678692097,31419062.039093398,736.349297599183,2664208.09230724,74674.06296747718,114517249.02403641,792.650394604692,0.00010538101196291838,-0.00576376914978205,0.004363059997558594,-0.001810103654861478,-0.0014854669570922852,-0.000780940055847168,-1.52587890625e-05,0.000244140625,0.00048828125,-0.0004825890064240057
01531de593f3468084dab12f6515e8e1,middle,W3,a3_middle_W3,19228.64000138625,36983674.17246483,18460.700541436003,34089587.47370371,767.9394599502484,2894086.6987611204,78365.99225112962,125784159.06728423,825.7096253305895,0.0003068149089814065,-0.01409590244293124,-0.013688802719116211,-0.0007453411817550937,9.954720735549927e-05,0.0010969936847686768,0.000152587890625,6.103515625e-05,0.000244140625,0.0004303455352783203
0154c6fe068243d4b2d5a704dad1cbc6,middle,W3,a3_middle_W3,19236.22801424389,37012884.35746078,18471.976686277634,34131336.24515111,764.2513279662562,2881548.112309672,78887.24903307988,127334718.77517992,826.035467160965,0.0002747029066086093,-0.018936395645139825,-0.015192031860351562,-0.0016002953052520752,-0.0010723471641540527,-0.0008048713207244873,6.103515625e-05,0.0001220703125,0.00146484375,-0.000216901302337702
01551e922711450f92b50843d4e0f2be,middle,W3,a3_middle_W3,18859.342855073046,35572556.60113755,18109.119052715305,32798989.644164033,750.2238023577411,2773566.9569735155,77443.75928635459,122655706.22072431,809.8513946759019,-1.4990568161010742e-05,-4.1723251344549794e-05,0.0013124942779541016,-0.0014009773731231967,-0.0009308755397797186,-0.0009037852287291925,0.0001296997070313003,0.0,0.000244140625,0.0004438757896423895
0157b39c4b434ceba885ddace4f5b9bd,middle,W3,a3_middle_W3,19230.136561835334,36993656.22383247,18463.1448483825,34102876.11871466,766.9917134528332,2890780.1051178128,78419.90861406541,125979626.6800286,825.7738901131016,0.0001313835382462103,-0.00264585018157959,5.125999450683594e-05,-0.0009060800075531006,-0.0007663965225220004,-0.000599205493927002,0.0001296997070313003,6.103515625e-05,0.001953125,0.00027817487716680356
0158a691a8a64bd39527c6f9e750c8ee,middle,W3,a3_middle_W3,16754.992774515424,28089145.504642192,16069.710673221094,25839284.617499284,685.2821012943296,2249860.887142908,67539.87425146431,93889792.71604936,719.4871194876223,-0.0005760788917542059,0.06942749023437678,0.0594246387481725,-0.004290163516998291,-0.0002276897430419922,-0.00022938847541809082,-6.103515625e-05,0.0,-0.001953125,0.0004278123378753107
015c200ce786438c8e35ddf635d1e236,middle,W3,a3_middle_W3,17961.025426290336,32267557.035916377,17235.57133418138,29714236.587553993,725.4540921089574,2553320.448362384,72263.11716554085,107359789.8804504,771.276157555927,0.00012625753879538792,-0.013450384140012872,-0.004689693450927734,-0.00333993136882782,-0.0008007138967514038,-0.002195537090301458,0.0001373291015625,0.0003662109375,-0.0009765625,0.0006967782974242609
015d02aa38e04950825ec5f8dc3d533d,middle,W3,a3_middle_W3,19120.366155844793,36565905.88339001,18361.47769986973,33721193.31876826,758.8884559750622,2844712.5646217465,77674.69507563917,123641313.68098496,821.060167208294,-0.00023324787616729736,0.017246007919309747,0.011794567108154297,-0.0017626136541366022,-0.00037661194801330566,-2.3245811462402344e-06,6.866455078119969e-05,-0.00018310546875,0.000732421875,-2.250075340270996e-05
015ee6e84a2d49e9b87dca6fdc4d49b4,middle,W3,a3_middle_W3,19336.939410684794,37398738.62347694,18564.07134260375,34469602.599727996,772.868068081043,2929136.0237489417,79164.32646257039,128238613.84052229,830.3601812029224,-3.7975609302506874e-05,-0.007169246673583984,-0.00863790512084961,-0.0030475854873657227,-0.00015464425086969547,-0.0001971721649170477,0.00048828125,-0.00018310546875,0.00146484375,0.00021719932556152344
016576dd30c1464f9115584748950ed2,middle,W3,a3_middle_W3,19895.29008751141,39586658.40309924,19108.97747624303,36519287.19189669,786.3126112683785,3067371.211202547,81125.23077398258,134707347.2684566,854.3366833441216,0.00019256770610812102,0.003974437713624823,-0.004143714904785156,-0.0009303987026214877,-0.0008385181427001398,-0.000976860523223877,7.62939453125e-05,0.0,0.0,0.00012898445129400082
01688042f526490ba8fe14aace17a558,middle,W3,a3_middle_W3,18847.474584362204,35534460.63204225,18091.39466296897,32741900.7313532,756.0799213932332,2792559.9006890506,77337.13004109789,122441900.96628529,809.3417514894227,1.013278961178865e-05,0.005800724029542792,0.002280473709109998,-0.0013185441493988037,-0.0015860199928283691,-0.0009050965309143066,8.392333984380031e-05,6.103515625e-05,0.001220703125,0.0002403855323792059
0169a7e8458246b1b371706f507ec511,middle,W3,a3_middle_W3,20262.09606714926,41060473.013754316,19469.568850551055,37910924.49471863,792.527216598206,3149548.519035682,83701.92592056378,142951770.0924049,870.0879391788533,0.00031831115484240446,-0.047631263732910156,-0.03324747085571289,-0.0020469427108765204,-0.0005831122398376465,-0.0008894503116607111,9.1552734375e-05,-0.0003662109375,0.0029296875,-0.00013053417205810547
0170db45fb744c4b91ffdf97a3f75ea3,middle,W3,a3_middle_W3,17644.62495456063,31143947.186109785,16930.199222919946,28673971.147945195,714.4257316406838,2469976.0381645896,73062.945005623,109026600.15051784,757.6893976525993,0.00015750527381896973,-0.0014337897300720215,-0.0004971027374285342,-0.0018834769725799005,-1.697242259979942e-05,-0.00043658912181848697,-0.0001220703125,-0.0003662109375,0.00048828125,-6.264448165888004e-05
017c41aac5db41f3bfe2f7938a4834d1,middle,W3,a3_middle_W3,19291.32697842996,37219417.13632238,18524.582393925888,34319705.21588473,766.7445845040711,2899711.920437649,77982.88056928644,124934501.05873026,828.4015078726795,2.3871660232599456e-05,-0.0019967555999738096,-0.0004553794860839844,-0.002320736646652305,0.0004096329212189276,-0.0005714297294616699,0.0001068115234375,6.103515625e-05,0.0,0.00013694167137145996
017e5dfc6d0d4c12b3f1196d85a16c9b,middle,W3,a3_middle_W3,19124.21332202197,36578456.875573546,18361.346767353207,33718589.22130629,762.8665546687625,2859867.654267259,79027.44958315448,127533743.77525042,821.2253708910563,-4.780292510991879e-05,0.008620619773866522,-0.0021767616271972656,-0.001412361860275324,-3.629922866829616e-05,-1.436471939081363e-05,6.103515625e-05,-0.0001220703125,0.001220703125,-9.328126907293122e-06
018034e069134727b9e6e5627234f42f,middle,W3,a3_middle_W3,19348.224659228945,37444423.013031155,18581.83559594369,34537567.40433876,766.3890632852563,2906855.6086923927,79074.30799906605,128000474.48588315,830.8447884526543,0.0005656629800796786,-0.02978205680847168,-0.017669200897216797,-0.0010873079299926758,-0.0004057586193084717,-0.00035706162452692203,0.0001678466796875,0.0,0.00146484375,-3.573298454290219e-05
018487b190aa472caf198b265a3b4d61,middle,W3,a3_middle_W3,19103.6939084378,36499270.13100232,18348.20552630192,33669327.00776764,755.488382135878,2829943.123234682,77974.9310970071,124509244.90465589,820.3442333118326,-0.0001560300588607788,0.005081892013548028,0.004225969314575195,-0.0017598271369934082,0.0007362663745880127,-0.00014215707778930664,7.62939453125e-05,-6.103515625e-05,0.0,3.2186508178710938e-06
0184e485100e433c9032f2132e99e095,middle,W3,a3_middle_W3,18113.38972585882,32818697.193758506,17384.315998135626,30230777.635250974,729.0737277231929,2587919.558507532,73895.69282508093,112011373.82115422,777.8189327444677,-0.00017973780632019043,-0.00574707984924494,-0.00024437904357910156,-0.0016371607780457098,-0.000324249267578125,-0.0006659924983978827,0.000244140625,-6.103515625e-05,0.0009765625,0.00039693713188171387
018f683e86ea42eb8e98935e890eb9fd,middle,W3,a3_middle_W3,18409.23438212886,33897277.82579209,17671.22605591731,31234434.654628363,738.0083262115513,2662843.1711637266,75041.13308252973,115446712.94982018,790.522991911792,-2.622604370119963e-05,0.02640604972839533,0.01900672912597301,-0.001132339239120539,4.7087669372558594e-05,-0.0005908608436584473,-2.2888183593699693e-05,-6.103515625e-05,-0.001220703125,0.00021630525588989258
019a31cb0c1646758bc44d47366e32e6,middle,W3,a3_middle_W3,12058.707175933663,14584823.38508401,11548.783370451205,13378359.165909711,509.9238054824582,1206464.2191742994,49506.73306620173,50689132.908369124,517.8208434654579,-0.00022202730178833008,0.0302922725677508,0.030105113983154297,-0.0001462399959564209,0.0009823739528656006,0.000340878963470459,-0.0001373291015625,0.00018310546875,-0.001953125,-0.00023996829986572266
019c097c504c4e1dbefcd1079619b8cf,middle,W3,a3_middle_W3,17287.530619350076,29899969.62066135,16584.784104293245,27519641.800684165,702.7465150568314,2380327.8199771866,70137.31983371236,101170759.72995833,742.3551759024847,-0.0006831288337708075,-0.017319917678833008,-0.01753330230712713,-0.006347864866256714,-0.00023946166038513184,-0.0005863308906555176,-2.2888183593800307e-05,-0.0001220703125,-0.000732421875,-4.345178604131528e-05
019cdc2fe9da4327aa8d617401d8189b,middle,W3,a3_middle_W3,19066.0584144566,36354997.6851563,18305.356721705615,33511964.55838685,760.701692750983,2843033.1267694496,78382.08098240671,125553691.0690549,818.728102913005,-0.00016385316848757658,-0.008048415184020996,-0.010045766830444336,-0.002157211303710993,-5.8457255363408844e-05,-0.00020295381546020508,3.814697265619969e-05,-0.00018310546875,-0.00048828125,0.00026151537895197086
01a4a9aa5dfc4436891849a88f2e99e7,middle,W3,a3_middle_W3,17847.412430854987,31861820.59307775,17127.102848272025,29342458.137920167,720.3095825829623,2519362.4551575817,71834.04414275108,106336119.25404014,766.3974275008194,-0.00019070506095889006,0.03365993499755682,0.021436214447025037,-0.0001156330108642023,-0.0005991458892822266,-0.0022589564323425293,-6.103515625e-05,-0.000244140625,-0.000244140625,-0.0005810707807540894
01a76c394cc640f6ad469199166ece29,middle,W3,a3_middle_W3,17220.152181500045,29658115.943240076,16519.05242777802,27292680.874925073,701.0997537220246,2365435.068315003,70381.82689776439,101544350.99957436,739.461834268937,0.0004417598247528909,-0.005490779876707208,-0.004489421844482422,-0.0008990466594696045,-0.0011315643787384033,0.00041109323501586914,4.57763671875e-05,0.0001220703125,0.00048828125,2.7298927307073395e-05
01b853942c324f83a89d27e97796200c,middle,W3,a3_middle_W3,17538.411537221415,30771779.502394635,16828.471975134158,28331908.140335344,709.9395620872565,2439871.3620592915,71184.37062384291,104109818.33533292,753.128417727346,-8.442997932428531e-05,0.008826255798338067,0.0077724456787109375,-0.0014240741729735773,0.0006756484508514404,-0.0008155703544616144,-6.866455078119969e-05,-0.000244140625,-0.0009765625,-0.0005127191543579102
01c7a9010fa6463897e5919443c72886,middle,W3,a3_middle_W3,19236.341920911756,37012018.18996704,18471.307289011194,34127406.5256076,765.0346319005621,2884611.664359443,78545.93254284807,126356510.63901946,826.0403585018004,6.60866498946866e-05,-0.0009530782699584961,-0.0003707408905029297,-0.0020710378885269165,0.0006475746631621759,-0.0005922913551330566,0.000244140625,0.000244140625,-0.000244140625,0.0009356141090392789
01c80c7c0e954db9a53a11fabc2053eb,middle,W3,a3_middle_W3,19019.081763422077,36176296.35316623,18264.277475739058,33361625.93893804,754.8042876830186,2814670.4142281897,78552.85628930698,125999155.73214595,816.710847770561,-0.00016176700592041016,-0.001302957534790039,-0.00565648078918457,-0.0033634305000305176,-0.0004808902740479071,-0.0004687607288361151,7.62939453125e-05,-0.0001220703125,0.000732421875,4.845857620239258e-05
01d0e94dc746416484c9157bbe320203,middle,W3,a3_middle_W3,17222.113587139815,29679944.56878409,16518.36080393649,27305347.827866033,703.7527832033229,2374596.740918059,69026.45160649226,98304712.83170539,739.5460602732628,-0.0005489438772202093,0.003716945648191583,0.003452301025390625,-0.0005564987659454346,0.00014096498489379883,-0.0016898512840270996,-0.0001602172851563003,-0.0001220703125,-0.001953125,-0.0006007254123688299
01d1c15787514d14a4538256a88b43a5,middle,W3,a3_middle_W3,19921.300817564526,39690781.5498531,19139.040986802884,36634912.248179674,782.2598307616427,3055869.301673427,81470.65883508374,135798976.26222494,855.4536271407285,0.00019479542970660124,-0.034737586975097656,-0.02881765365600586,-0.0018463283777237216,-0.00044730305671691895,9.971857070922852e-05,0.0002212524414061997,0.00042724609375,0.001220703125,0.00046622753143310547
01d2ae479ed74c7188c270dea892cf67,middle,W3,a3_middle_W3,18038.231741127973,32542378.812947527,17313.149332513858,29979113.892651845,725.0824086141147,2563264.920295682,73812.35575046908,111578246.21329457,774.591524492598,-7.146596908572111e-05,-0.013396739959716797,-0.010547637939453125,-0.001194000244140625,-0.0007515847682952881,-0.00015363097190862485,7.629394531199693e-06,-0.0001220703125,-0.00048828125,0.00010153651237487793
01d9dd3aa5dc46c3a44bfd40d5898c0e,middle,W3,a3_middle_W3,19262.390569196956,37110087.67061762,18498.09952707469,34223977.74185619,764.2910421222659,2886109.92876143,77911.20783979005,124551487.00621514,827.1589305700479,0.0001625269651412964,-0.01640617847442627,-0.010290145874023438,-0.000634536147117587,-0.0017380714416503906,0.0001327395439147394,9.918212890619969e-05,0.0001220703125,0.00146484375,-0.00016719102859502621
01eac793c4ec40c5aa6bbd09b45fc26a,middle,W3,a3_middle_W3,16941.474669660493,28710893.820314705,16249.959574016346,26415577.14957992,691.5150956441466,2295316.6707347855,68771.90888894875,97227977.99029948,727.4949606953246,-0.0003263652324677069,0.03359198570251465,0.021207332611083984,7.975101470947266e-05,0.0008071064949035645,0.000604093074798584,-5.340576171870056e-05,-6.103515625e-05,-0.00146484375,-8.890032768249512e-05
01f0c1dd487e43f795830fe6008142e4,middle,W3,a3_middle_W3,18599.67897439927,34597926.42877853,17859.08705952475,31897525.18305491,740.5919148745197,2700401.24572362,75786.42628483666,117803871.95733948,798.7009978923761,0.00046430528163901585,-0.024257898330690253,-0.00013589859008789062,-0.0016600787639618197,-0.0006338953971862793,0.00041025876998901367,0.0002593994140625,0.00018310546875,0.002197265625,0.00040584802627563477
01f1cc659cb847a4a7366b84844641c2,middle,W3,a3_middle_W3,18232.80863146325,33245294.10348817,17499.363349625222,30624189.505715583,733.4452818380269,2621104.597772587,74998.4443170005,115081214.74515921,782.946978191099,3.677606582638826e-05,-0.004870891571044922,-0.004326105117801404,-0.0022365450859069824,-0.0004440993070601862,0.0,0.0001678466796875,0.0001220703125,0.00048828125,0.0001424849033355713
01f3115282994da9b32967eb2075d4aa,middle,W3,a3_middle_W3,16002.018006291975,25635901.235168647,15342.195035217395,23566616.568534885,659.82297107458,2069284.6666337624,64015.85642159353,84685022.21174495,687.1531367562201,-0.00015744566917419434,0.03665208816528143,0.032856464385982775,-0.00013083219528203793,-0.0009119808673859198,-0.0011706948280334473,-2.2888183593800307e-05,6.103515625e-05,0.000244140625,-0.0003533959388732355
01f376bb2b5a4860a53914dbf66d4ac0,middle,W3,a3_middle_W3,19164.034786632892,36731520.79319704,18399.664880887864,33860148.86918076,764.3699057450285,2871371.924016282,78517.92001756176,126076032.54498975,822.935370486536,0.00014586746692649144,-0.01448512077331543,-0.014605522155761719,-0.0016908943653107245,-0.000683665275573786,-0.0004779994487761896,6.866455078119969e-05,-0.0001220703125,-0.0009765625,0.00024202466011047363
01f3fb1336a444309e9959d359c8b4ab,middle,W3,a3_middle_W3,15889.04688408065,25280046.955519523,15233.65939527445,23239161.934437074,655.3874888062,2040885.0210824497,64233.906959760054,85255815.00633132,682.3019697996614,3.3855438232421875e-05,-0.021176934242248535,-0.02131700515747248,-3.9964914321899414e-05,0.0003210902214050848,0.0004659891128540039,-0.00011444091796869969,0.0001220703125,-0.00146484375,-0.0005486607551574707
01f64ccc5e5049e29c3e8be0aaf31bd5,middle,W3,a3_middle_W3,19376.95240033824,37551103.90948483,18605.61920127439,34621284.385138094,771.3331990638508,2929819.524346739,80225.18493941119,131397327.05608667,832.0784052007049,-0.000192642211914118,0.006796717643737793,0.0027430057525634766,-0.0025513768196105957,0.0005970001220703125,0.0005752146244049072,0.000274658203125,-3.0517578125e-05,0.00048828125,0.00026354193687433414
01f6b5adc5c44c17b159d7dc2f7f6dd6,middle,W3,a3_middle_W3,20056.649761855842,40232558.4718627,19265.54452309105,37121425.74402393,791.1052387647906,3111132.727838777,81086.2081944354,134943644.37877277,861.2657348130141,2.3320317268288315e-05,-0.005217790603637695,-0.014314651489261365,-0.0021850168704986017,-0.0005042552947998602,0.0011968612670898438,0.0001068115234375,-0.0003662109375,0.00048828125,-0.00010129809379583188
01f74014d40f436e91fbf60e7f688057,middle,W3,a3_middle_W3,18972.968189286832,36005814.100256376,18216.0071437111,33190897.0261481,756.961045575732,2814917.0741082765,77435.15893145716,122792826.89603786,814.7306545785765,0.00011126697063440494,0.0031149387359654668,0.0024533271789515254,0.0003805905580520075,0.00021371245384216309,-0.00016617774963378906,9.918212890630031e-05,-0.0001220703125,0.000732421875,6.616115570012848e-06
01fb4fff624544a88317709570572e0f,middle,W3,a3_middle_W3,17514.213142644523,30694316.62546333,16800.964696706927,28246518.214823306,713.2484459375955,2447798.4106400236,69910.71346257252,100880555.15226132,752.0892986155292,-0.00040397047996520996,-0.007467269897459161,-0.011857748031616211,-0.00023102760314935855,9.328126907348633e-05,3.820657730102539e-05,-9.1552734375e-05,-0.0001220703125,-0.0009765625,-0.0006050318479537964
01fbee27f8f74a1eaf7e613de5cb78ee,middle,W3,a3_middle_W3,19360.896159711032,37489532.27495513,18591.648582385318,34569916.71712676,769.2475773257138,2919615.557828374,78867.71652860526,127347977.66178147,831.3889236548675,0.00021006166934969817,0.0007170438766479492,0.0014746189117467168,-0.0016031414270401,-8.448958396911621e-05,-0.0004571080207824152,0.000152587890625,0.0,-0.00048828125,0.0004512369632720947
01ffee46c0644a17a8ac9f9f3bf7ef4d,middle,W3,a3_middle_W3,18886.445701180073,35676663.83816528,18131.891244440783,32883634.50059729,754.5544567392899,2793029.3375679925,77555.93028628241,123043654.98263298,811.0152357433311,0.00015571713447568025,-0.008029937744138849,-0.002853870391849256,-0.0016687214374542236,-0.0009514689445495605,0.0007371306419372559,8.010864257809985e-05,0.00030517578125,0.000732421875,0.00040924549102788754
0200b7f6eb574385ace14b2d03502ec2,middle,W3,a3_middle_W3,19725.935185325914,38915994.54874985,18951.316169289803,35919341.984522104,774.6190160361111,2996652.564227745,80587.59548760767,132869471.5260108,847.064303559519,0.000110089778900202,-0.014835596084596503,-0.00882387161255238,-0.0020645558834075928,-0.0005929917097090842,-0.0006594061851501465,0.000335693359375,-6.103515625e-05,0.00244140625,9.882450103759766e-05
02010e17a28845cc921858cc24ece163,middle,W3,a3_middle_W3,20748.210149024708,43055910.24055804,19943.877849261095,39781928.18037236,804.3322997636133,3273982.0601856858,85698.37422002728,149839660.97809473,890.9624823802632,-3.202259540560637e-05,0.025142431259155273,-0.0211405754089391,-0.0015310347080230158,0.005953654646873502,-0.000409543514251709,0.000579833984375,-0.00018310546875,0.002685546875,6.958842277526855e-05
02097b72cb764df79f0188df985014a5,middle,W3,a3_middle_W3,17962.90401021699,32273211.49312503,17235.770619950294,29713780.12279581,727.1333902666956,2559431.37032922,72477.53517645792,108033499.27428594,771.3568270588205,0.0003189593553543091,-0.002506971359254706,0.0013887882232666016,-0.0015597045421600897,-0.000177383422851618,-0.0014316439628601074,-8.392333984369969e-05,0.00030517578125,0.0,-0.00027829408645629883
020bc99c57c04bf6abfc9fe91a6a1215,middle,W3,a3_middle_W3,17482.06324596888,30576797.307202335,16774.20875688442,28151700.23674205,707.8544890844569,2425097.070460286,71220.94620330409,104014326.5429195,750.7087288437434,-1.928210258489438e-05,-0.016661882400512695,-0.011008977890014648,-0.002187788486480713,5.877017974859067e-05,-0.0003113150596618097,5.340576171869969e-05,0.00030517578125,-0.00048828125,0.0002599060535430908
0214176d73af485287532957baf9888b,middle,W3,a3_middle_W3,18353.306907262966,33694191.91374522,17612.76402320441,31030951.572097745,740.5428840585555,2663240.341647472,74988.52870805879,115214253.15432255,788.1213735802891,-0.00011202692985540219,-0.008054375648498535,-0.007300376892088067,-0.002018749713897705,0.00013214349746709653,-0.00024631619453430176,4.57763671875e-05,6.103515625e-05,-0.000732421875,0.0002084970474243164
021504573eab4f8995e46ac306744e04,middle,W3,a3_middle_W3,17867.412163566372,31930900.013327803,17146.154044735744,29405512.598959304,721.2581188306285,2525387.414368499,72512.86456089608,107984038.74698858,767.2562491232866,-0.00018535554409029875,0.04162788391113281,0.028754472732543945,-0.0013089179992675781,0.00011688470840454102,-0.0002525448799133301,-4.57763671875e-05,-6.103515625e-05,-0.000244140625,-0.00014987587928771973
0219f955d31b4907b5eeb6a345a47eb2,middle,W3,a3_middle_W3,19523.453459862867,38120568.67768282,18754.699152209225,35177686.452903345,768.7543076536422,2942882.2247794718,81067.4648683793,133933442.20207028,838.3694031580171,-4.924833774569426e-05,0.006169080734254706,-0.003437995910648084,-0.001510083675384577,0.0005396902561187744,-0.0001990795135498047,-1.52587890625e-05,-0.0001220703125,0.0,-4.807114601129703e-05
021a5902e34c4742a828335c86bfe4cd,middle,W3,a3_middle_W3,20391.215923436164,41584566.998849675,19592.53409246986,38390801.99509297,798.6818309663031,3193765.003756702,83841.48730885518,143658887.14460233,875.6325595030007,-7.227808237079969e-05,-0.005384087562561035,-0.016508102416992188,-0.0029789805412293036,-0.0002619773149490079,-0.00011983513832097836,0.000335693359375,-0.000244140625,0.00390625,3.603100776666812e-05
0222f2054a72477a9af17694d4ab1a9e,middle,W3,a3_middle_W3,17968.500186105462,32300183.136483304,17244.747940999812,29751809.936487958,723.7522451056502,2548373.1999953464,73068.49140771276,109622624.6211681,771.5971361132218,-0.0005843341350555975,0.008698701858518731,0.01375436782836914,-0.0023906230926514227,9.804964065557309e-05,0.0009301900863646906,-0.0003509521484375,-0.00091552734375,-0.00390625,-0.00010332465171813965
0228c654c3b44da99c4b3b75d5f8b1cb,middle,W3,a3_middle_W3,19025.24414468753,36199640.596727125,18266.177429015712,33368865.272047814,759.0667156718191,2830775.3246793114,78706.2854093093,126438764.96464022,816.975470620928,-4.778802394858617e-05,-0.0017178058624267578,-0.002707242965698242,-0.0021715760231018066,-0.00021149218082430754,-0.00012642145156860352,3.0517578125e-05,-0.00018310546875,0.0009765625,-3.7729740142822266e-05
022a46a47f70497badb519b86f7d0dfa,middle,W3,a3_middle_W3,13879.51346414865,19290556.30937725,13304.09758818531,17724961.928585745,575.4158759633392,1565594.380791504,55663.03723909125,64125890.649683855,596.0092789415596,-0.0003731846809386652,-0.010695457458496094,-0.009889602661132812,-0.0001457333564758856,0.0008772611618041992,-0.00022971630096429996,-1.52587890625e-05,-6.103515625e-05,-0.0003662109375,-0.00014635920524591617
022c1581dcd44145a86c1522d7ab44d3,middle,W3,a3_middle_W3,19072.84672059999,36382766.77951192,18311.98726525494,33538369.722538576,760.859455345053,2844397.0569733456,77895.6304662581,124258131.93152203,819.019604013545,-4.5597553253201584e-05,-0.012920498847961426,-0.011608600616455078,-0.001585304737091009,-6.854534148892366e-07,-0.00030052661895751953,0.000213623046875,6.103515625e-05,0.0009765625,0.00027924776077264957
023d8f2444234e6185ca713309cfeb99,middle,W3,a3_middle_W3,16840.14910755297,28375341.367157318,16150.824508492411,26101003.70934828,689.3245990605592,2274337.6578090377,68258.48755518587,95767311.46606845,723.1438733631896,0.0005203038454056064,-0.018635988235471856,-0.020232200622558594,0.0003528892993927002,0.0004414319992065985,-0.0010888278484345038,3.814697265630031e-05,-0.0001220703125,-0.000244140625,0.00014734268188482114
0247b01389f541e8a22ab2f98e44c953,middle,W3,a3_middle_W3,18241.857012079854,33289640.909539666,17504.76844623976,30654946.82801264,737.0885658400948,2634694.0815270245,73069.16188301829,110022277.99743286,783.3355306299737,0.000734299421310397,-0.04308938980102539,-0.04214286804198508,-0.004431307315826416,0.000848770141601507,-0.0018641948699951172,0.0001907348632813003,0.0003662109375,0.0009765625,9.644031524658203e-05
024a0d26f2ab4be8bacf86127e23e6aa,middle,W3,a3_middle_W3,18075.521663273103,32679338.31010642,17346.201342496173,30095997.216766916,729.3203207769293,2583341.093339503,73688.22281735382,111304969.20186868,776.1928154648581,3.714859485628996e-05,-0.006256103515626776,-0.008696317672729492,-0.002166539430618286,-0.00043575465679171477,-0.0010281503200531006,0.0001373291015625,-0.00048828125,-0.000732421875,-0.00014472007751459293
024b1ec28a404f46866c62a69d6370d8,middle,W3,a3_middle_W3,17053.839923974265,29093906.51650438,16358.327202267414,26770123.868603475,695.5127217068512,2323782.6479009055,70343.18082700961,101223438.14182262,732.3201106816426,8.815526962280273e-05,-0.0063741207122802734,-0.004303455352783203,-0.0011397302150725763,-0.00037193298339840974,-0.0003584027290343683,0.0001068115234375,-0.0001220703125,-0.00048828125,0.00016626715660089664
025784ce00f14da9bcfe44013eb2289c,middle,W3,a3_middle_W3,18646.823336511836,34786507.334014356,17897.259018350993,32047469.722936288,749.564318160843,2739037.6110780686,76231.8334757927,119005162.61552459,800.7254548260756,0.00011648237705230713,-0.006899237632750577,-0.00493407249450506,-0.0008713901042937677,0.0001919716596603116,0.0007212162017822266,1.52587890625e-05,-6.103515625e-05,0.001220703125,-0.0001468658447265625
025828c4084440649cde38135a9d8a2e,middle,W3,a3_middle_W3,18826.676698425483,35448020.520171866,18074.255392019757,32671065.716718122,752.4213064057258,2776954.8034537435,77702.40012472414,123381193.72350366,808.4486558465045,-0.0002626925706862848,0.004172325134275567,0.0034046173095703125,-0.0036242604255675714,-0.0006028115749359686,0.0005272328853607178,-3.0517578125e-05,-0.0001220703125,0.0,0.00015166401863092593
025c1e16f9634c71be21574417c1b8a7,middle,W3,a3_middle_W3,17611.44316469014,31025464.34695756,16895.66582451945,28555649.69426947,715.7773401706909,2469814.6526880898,71662.55793470918,105370903.35662568,756.2645166792292,-2.3186206817599198e-05,-0.017552375793458808,-0.013943910598754883,-0.0028672814369201938,0.00047136843204501067,-0.00032535195350652524,-9.1552734375e-05,0.00030517578125,0.000244140625,-0.00045433640480047055
025cf7f3f4524bf7b69a822007bcdf3a,middle,W3,a3_middle_W3,17415.947873844634,30338444.147847652,16712.127644231372,27936231.275899656,703.8202296132622,2402212.8719479963,70276.30354413533,101648149.87414908,747.8696253428528,-0.0006567239761351984,0.04130363464355469,0.0326848030090332,-0.0019179582595825195,0.00144273042678833,-4.997849464410953e-05,-4.57763671875e-05,-6.103515625e-05,-0.002197265625,0.00013706088066101074
026dd4fca8a347e799ff5bfd78df68bb,middle,W3,a3_middle_W3,17554.851930373457,30822154.063988242,16846.482474798755,28385222.070344314,708.3694555747024,2436931.9936439283,70728.76976081001,103043189.47286376,753.8343954183779,-0.0004195421934126975,0.005325078964231622,-0.0026488304138183594,-0.00015902519226068668,0.0012817680835723877,0.0005921423435211182,-0.00019454956054690015,-6.103515625e-05,-0.00341796875,-0.00043657422065734863
0278450d1e324c33904e160e115f6fbd,middle,W3,a3_middle_W3,18651.350589858204,34794934.87002088,17905.968140333658,32070281.54360405,745.3824495245462,2724653.3264168315,75834.82347025182,118052751.51093985,800.9198625774371,0.00033581256866449527,-0.005218982696531427,-0.0011682510375976562,-0.0021482855081558228,-0.0007010400295257568,-0.000928044319152832,6.866455078130031e-05,0.0001220703125,0.000732421875,-1.9490718841608246e-05
0281cce51dcb43988b3d3760c0fb335e,middle,W3,a3_middle_W3,18298.00163542628,33496569.077927157,17564.175928514018,30865139.646496847,733.8257069122628,2631429.43143031,75004.30337060025,115171555.84147228,785.746473676615,9.88692045211792e-05,-0.003121495246887207,-0.008938312530517578,-0.00023934245109558105,0.0007769465446472168,-0.00018167495727539062,3.4332275390599847e-05,-0.000244140625,-0.0009765625,0.0005566626787185947
02871968fcbd46dc9f5059ec1fc7d13b,middle,W3,a3_middle_W3,19911.12234738027,39650645.70357676,19125.836671214496,36584740.80329259,785.2856761657749,3065904.900284171,81370.81302802749,135575004.16826198,855.0165467855044,0.00025422871112819323,-0.029055476188659668,-0.02292156219482777,-0.0016746819019317905,-0.0010745525360106867,-0.0004715919494628906,0.0004119873046875,-0.0001220703125,0.00146484375,0.00036954879760736636
0288b5d8dfda43b9938f0dcf1ac86da2,middle,W3,a3_middle_W3,20479.065334384497,41947023.23738038,19677.86760751535,38729057.87738407,801.197726869148,3217965.3599963114,83174.35034418937,141649733.98408502,879.404958601139,0.0002534538507461964,-0.004152059555051935,-0.010738372802730822,-0.0015926212072372992,-0.0007833540439605158,-0.0010740160942077637,0.0003662109375,-0.00018310546875,0.00244140625,0.00056296586990362
028f74fc5b384764826acb595846b9d8,middle,W3,a3_middle_W3,19047.51762156058,36284023.56996533,18293.61265762333,33468467.232564185,753.9049639372497,2815556.337401148,78150.90284469393,125009043.13898736,817.9319305807758,0.0003140121698379794,-0.017099380493164062,-0.013693571090698242,-0.002182409167289817,-0.0005531907081604004,-0.0010786354541778564,0.000244140625,-3.0517578125e-05,0.001953125,0.0003446042537689209
0290737f64b14b08b87faa644580f3a9,middle,W3,a3_middle_W3,17838.594809115577,31828628.132339694,17120.448758633378,29318179.00254731,718.1460504821989,2510449.129792385,73343.67603976441,110146242.0570063,766.0187842300405,-0.00033205747604370117,0.008932352066040039,0.0038969516754114863,-0.0012709498405457098,-2.4557113647405426e-05,0.00047791004180908203,2.2888183593699693e-05,-0.00030517578125,-0.000244140625,0.0001506507396697998
029bf16fe8e2495bbadd991b7358559a,middle,W3,a3_middle_W3,19888.25843422689,39559670.27794781,19104.722856400258,36503902.044977784,783.5355778266312,3055768.232970029,80956.57239746099,134430324.29805145,854.0347325145985,0.0001223683357239047,0.0065410137176531435,0.0010251998901367188,-0.0008197873830794733,-0.0004405677318572998,0.00015288591384887695,0.0001220703125,0.00018310546875,-0.000244140625,0.0002506077289581299
029d4dcccd66451c847a4dc5da36b5e6,middle,W3,a3_middle_W3,18631.313552209547,34718900.533499405,17886.212435639318,31998013.4658317,745.1011165702294,2720887.067667704,76920.59224130385,120872227.14592949,800.0594390192232,-8.766353130340576e-05,-0.004482269287109375,-0.00335693359375,-0.0012298524379730225,-0.00024312734603881836,-0.00045177340507507324,-2.2888183593699693e-05,-6.103515625e-05,-0.00146484375,0.00014275312423711606
029e028b4a6842c29183b6a30bb2f04e,middle,W3,a3_middle_W3,19056.740769250122,36321066.154822744,18295.657332865976,33478175.42119235,761.0834363841459,2842890.7336303927,77973.91988317143,124385288.80018722,818.3279878070045,-5.0798058509798905e-05,-0.012404918670656073,-0.003396272659301758,-0.0020864605903626043,-0.00019414722919461336,0.000983268022537287,0.000152587890625,0.00018310546875,0.000732421875,0.0002830624580383856
00001ec0d78549e1b8c2083a06105c29,middle,W4,a3_middle_W4,16453.677834828402,27264165.63020368,15776.353768335472,25062700.88538177,677.3240664929308,2201464.74482191,76515.97763057743,120018617.46907322,706.5481572969763,-0.00011730194091791324,0.04063487052917658,0.0389552116394043,-0.0031135976314544955,-0.0005037784576416016,-0.00045931339263916016,-2.6702880859300407e-05,-0.000244140625,-0.0009765625,-4.938244819641113e-05
0005d5eb0eb847648bf2e76f6931ed48,middle,W4,a3_middle_W4,17365.300745826924,30321274.243130527,16637.058447819487,27830502.32079371,728.2422980074371,2490771.922336817,81813.04229450467,136828241.68097886,745.6947538440592,-0.00031380355358119616,0.013809204101560724,0.011688470840454102,-0.005872204899787903,0.0001436173915863037,-0.00034627318382263184,0.00030517578125,-0.0006103515625,-0.0009765625,0.00036901235580449887
0005df571e71437991594d0affec9c2b,middle,W4,a3_middle_W4,17137.64856662083,29523939.157869738,16431.275230864703,27138670.201100864,706.373335756125,2385268.956768874,79737.09257301685,129532398.561854,735.9189925013744,9.143352508550473e-05,0.0073254108428937315,0.009992122650142932,-0.005400210618972778,0.0003354698419570923,-0.0003598630428314209,0.000152587890625,0.0,0.00244140625,4.217028617858887e-05
000c895f9ef6491894ac588634f3d2b5,middle,W4,a3_middle_W4,14763.893443128703,21974058.248711377,14133.743822264592,20137680.690236144,630.1496208641111,1836377.5584752336,72125.23643700396,106888378.93297638,633.9860189003322,-0.00023125112056729402,0.04877328872680664,0.045013427734375,0.0009144693613052091,0.0035333633422851562,-8.291006088256836e-05,-6.103515625e-05,-0.00042724609375,-0.002197265625,0.0001855641603469016
000d1c5d169f4fda93a32f2eaeac80d8,middle,W4,a3_middle_W4,15405.796254726325,23853046.249866214,14755.902254599905,21882240.788020544,649.89400012642,1970805.46184567,73620.05597030993,110545201.04398449,661.5503879885629,-0.0006952285766602118,0.055212974548339844,0.04583358764648793,-0.0027645528316497803,0.0010372400283813477,-0.0002048015594482422,0.0,-0.0001220703125,-0.00146484375,0.00020696222782137785
00133744383047b888486d10548eb32d,middle,W4,a3_middle_W4,14641.989098508668,21549826.087201804,14023.763810794724,19767642.70713988,618.2252877139435,1782183.3800619245,69760.28403503598,99689818.91436943,628.7512445889339,-0.0004039406776427945,0.02743601799011408,0.018717050552368164,-0.0037155151367188333,0.0017518997192382257,0.00015085935592651367,-0.0001296997070311997,-0.00018310546875,-0.002685546875,-2.9146671295166016e-05
0013d88f17a245b0bff5ebe713bd72ab,middle,W4,a3_middle_W4,16617.23563859979,27762876.003651094,15925.013955495295,25496372.797066912,692.2216831044934,2266503.2065841816,78841.77360187197,126828802.05846989,713.5716000813972,-1.2218952178955078e-06,0.004436969757080078,0.00827789306640625,-0.003767386078834617,-2.2441148758017837e-05,0.0007851719856262207,9.918212890630031e-05,-6.103515625e-05,0.000244140625,0.000479280948638916
0015eb3cf53b4339b2d0532cf912ab26,middle,W4,a3_middle_W4,17050.36575082846,29169014.32612231,16338.987701753818,26785323.805817112,711.3780490746412,2383690.5203051977,80054.98805602011,130571616.19285655,732.170923936956,2.387166023251619e-05,-0.009488463401794434,-0.00682830810546875,-0.005591541528701838,0.0002757310867309015,-0.000536501407623291,9.918212890619969e-05,-0.00030517578125,-0.001220703125,0.0002041459083557129
001e6d1b655542b48dbe00f3a3ccc616,middle,W4,a3_middle_W4,13309.74021654478,17837589.911853768,12737.648669757324,16337660.004297948,572.0915467874565,1499929.9075558204,64370.19747021163,85168418.41746059,571.5422727066691,-0.0001369565725325983,0.04817843437194824,0.04351615905762074,-0.0003956258296967108,0.002346813678741455,-0.0005455911159515936,-9.536743164059985e-05,-0.000244140625,-0.0025634765625,4.303455352777652e-05
001f17841a2642e4a9fa2f9b1687aa1e,middle,W4,a3_middle_W4,17168.69942313423,29651383.74339886,16452.854471630373,27229667.53783815,715.8449515038556,2421716.2055607103,79715.7546392413,129729049.3202059,737.2523676696662,-7.416307926180754e-05,-0.0015491247177124023,0.0048983097076416016,-0.0036872327327728827,-0.0006633996963500977,-0.00016057491302490234,0.0001907348632811997,-6.103515625e-05,0.00048828125,0.0008180439472199041
0029e901155f414696aa6b470cbe40d4,middle,W4,a3_middle_W4,16925.954164531155,28860423.50883078,16224.435633394276,26517305.42128384,701.5185311368787,2343118.087546937,79193.74487873745,128088624.27509041,726.8284845184153,-0.0002710670232772827,0.018796920776368964,0.02048373222350719,-0.004513725638389504,0.0003712475299835205,-0.0005649924278259277,9.918212890630031e-05,-0.00067138671875,-0.001708984375,0.001059204339981079
00317d7cb89c4f84b28090ec8eeb361a,middle,W4,a3_middle_W4,15004.682685655904,22650481.906195883,14374.014415786643,20785771.193421252,630.6682698692603,1864710.7127746306,72220.0035313976,106783332.53704949,644.3259074840508,-0.00032019615173339844,0.033906698226926935,0.03873109817505238,-0.004656717181205805,0.003228306770324707,0.0010213851928710938,-0.00014114379882809985,0.0001220703125,-0.002685546875,6.482005119320955e-05
003245510e8f4bcb98f1794348606f68,middle,W4,a3_middle_W4,15971.026897017391,25639993.238207307,15309.456046411517,23558101.110057563,661.5708506058745,2081892.1281497441,74496.58177871698,113339456.337956,685.8223272332455,0.0002091825008392889,-0.0011301040649414062,0.0061833858489990234,-0.0036697387695312778,0.0004374086856841486,-0.00047323107719421387,0.0,-0.000244140625,-0.001708984375,0.00014087557792669125
004459ae7559418fad89ddb73e140b56,middle,W4,a3_middle_W4,17555.383092191605,30968189.257315192,16825.608148466374,28447047.54917585,729.7749437252314,2521141.7081393413,82634.90426728212,139236754.8922862,753.8572043859297,0.00019964575767519865,0.026668310165405273,0.01975417137145996,-0.0033814907073975164,0.001284033060073908,0.0008334517478942871,2.2888183593699693e-05,-0.0003662109375,0.00048828125,0.0001639127731322687
0047b3f31cc844d2bfe8e59820b87312,middle,W4,a3_middle_W4,16236.862836561751,26504671.694244634,15560.989571358648,24342491.614889566,675.8732652031031,2162180.0793550685,76627.49680835592,120032543.34208126,697.2377624395187,0.00020219385623931885,-0.003197193145751953,0.0033986568450927734,-0.002930432558059637,-0.0010313391685486395,-0.001112222671508789,4.57763671875e-05,0.0,-0.000732421875,0.0004488527774810791
0048e8224b174b759771e39ff521ee2e,middle,W4,a3_middle_W4,14583.938466884532,21403926.762249116,13969.68746945346,19637690.922684353,614.2509974310724,1766235.839564763,69083.54858820631,97973951.7336153,626.2584543923775,-0.00034371018409729004,-0.0032573938369733213,-0.0023734569549560547,-0.002132594585418701,0.001240015029907171,-0.00015014410018920898,-0.0001220703125,0.0001220703125,-0.004150390625,0.0004160106182098944
004a33ffd2654583822bdd2eed1241ba,middle,W4,a3_middle_W4,17292.977590682778,30061476.438071705,16583.176139605726,27642284.417175394,709.8014510770518,2419192.020896312,81680.897239099,136228913.7439501,742.5890778663254,-0.00011443346738819471,0.03290772438049139,0.02893686294555664,-0.004551023244857816,0.00012531876564020328,-6.347894668579102e-05,4.57763671875e-05,-0.00018310546875,-0.001953125,0.00039067864418029785
0050d3fb84444ea1b9079a1575887aa1,middle,W4,a3_middle_W4,16759.63770234398,28166376.723193012,16065.483323233717,25880689.501530882,694.1543791102649,2285687.22166213,78783.10516221501,126057589.67662218,719.6865803760018,-0.0003379285335541049,0.00969648361205877,0.012702941894534803,-0.005233108997344971,-0.00011602044105529785,-0.00015071034431451968,-3.0517578125e-05,-0.000244140625,0.000244140625,5.996227264398746e-05
00519a09c83e410f9734b3cfe8bcb604,middle,W4,a3_middle_W4,16786.314429797876,28322456.716592457,16090.40911534932,26021210.360907875,695.905314448557,2301246.355684582,79085.36681002985,127619767.88798955,720.8321232032331,-9.408593177798186e-05,-0.002645254135131836,0.005450248718261719,-0.0031481981277466375,-0.0005131959915160855,-0.0006166994571685791,0.000244140625,-0.0001220703125,-0.00048828125,0.0008001327514647882
0053d2ac9bc14142bffaa42593c00a8a,middle,W4,a3_middle_W4,13414.462658149892,18104479.1041105,12832.184065822967,16567047.045774333,582.2785923269257,1537432.0583361685,66206.77561059814,89905351.64029898,576.0392276663141,-0.0005931109189986905,0.03643989562988459,0.04368066787720082,-0.004357039928436196,-0.0015105009078980047,-0.0003834366798400879,-0.0001068115234375,-0.00042724609375,-0.001953125,0.0006527602672576904
005c0d7ccf7749f99a4cc8e88bda073d,middle,W4,a3_middle_W4,13934.281373181717,19518425.39158015,13334.881984799555,17876041.273712084,599.3993883821622,1642384.1178680658,66803.10539515555,91543602.19168907,598.3611035971034,-0.000856935977935791,-0.015236735343933105,-0.0132024288177508,-0.0003039836883544922,-0.00017981976270679823,-0.00010931491851812192,-0.0001678466796875,-0.000244140625,-0.002197265625,-0.00014838576316833496
005ee892a99b4ae8a26bb1c8123fdd80,middle,W4,a3_middle_W4,19149.393498681577,36748973.4390031,18365.029012429324,33800603.49994354,784.3644862522524,2948369.939059563,86861.93590684894,153449344.08705115,822.3066493503684,-0.00016398727893819978,0.018438100814819336,0.014102458953860975,-0.003407746553421076,-0.0003286451101302823,-0.00020441412925720215,-0.0001983642578125,-0.000213623046875,-0.001708984375,6.29723072052002e-05
006ce7ce9e1b45558fe805882a705991,middle,W4,a3_middle_W4,11839.779481739497,14106056.915037354,11327.074177747625,12911061.851808582,512.7053039918719,1194995.063228773,58822.992014232994,70962272.65052013,508.41972594833146,-0.0009293258190155029,-0.010960102081297052,-0.008299350738521838,-0.003945738077163696,0.00046068429946899414,-0.0005035996437072754,-6.866455078119969e-05,-0.0003662109375,-0.000244140625,-5.7190656661931794e-05
006d40ce26e64b4c930124ddae278c05,middle,W4,a3_middle_W4,16262.16587740619,26570829.283864833,15584.884332214393,24401553.038175315,677.2815451917977,2169276.2456895187,76681.32391462306,119927420.16918306,698.3243168902693,-0.0001961290836333951,0.0011980533599853516,0.015441179275509143,-0.002552628517150879,-0.0015719532966613214,0.0001525282859802246,0.00018310546875,-0.00018310546875,0.001953125,0.0001983642578125
00713006ea594a598ad966c5b36c7922,middle,W4,a3_middle_W4,17536.016721306587,30856266.454332303,16806.23885225656,28341229.99467807,729.7778690500272,2515036.4596542343,81033.88613543703,133856045.44273983,753.0255803685093,-0.00018053501844400577,0.005356073379514825,-0.0024163722991907832,-0.006577283143997192,-0.0018944740295410156,-0.0013805031776428223,0.0001068115234375,-0.00054931640625,-0.000732421875,0.000865548849105835
0078e62e7d774effa973885c78ffbf6a,middle,W4,a3_middle_W4,15793.831244563982,25127758.677162275,15137.629687871125,23082152.171680942,656.2015566928567,2045606.5054813325,74766.44070237577,114641895.73611379,678.2132526555862,-0.0009534507989882868,0.07399082183837713,0.0692522525787389,-0.006543457508087214,0.004419684410095215,0.0003911256790161133,6.866455078130031e-05,0.00048828125,-0.00439453125,0.0010456740856170654
007ced0c381749a394866f5fa71fd303,middle,W4,a3_middle_W4,15932.999270129485,25521503.821673475,15266.788200795458,23430033.045849655,666.2110693340273,2091470.7758238204,76092.53893243568,118267982.08709346,684.1893579984187,-0.00022061169147491455,-0.004701614379884589,0.01040697097777965,-0.003516361117362893,0.0019186139106751043,-0.0013031959533691406,0.0001296997070313003,0.0,-0.00048828125,0.0008340179920197088
00820ef5fe4843cf8beef97281048215,middle,W4,a3_middle_W4,17294.30666005361,30030215.334039375,16575.645935655466,27585073.519913856,718.6607243981452,2445141.8141255192,80342.05914028884,131710595.3759339,742.6461503047376,2.905726432800293e-06,0.014166831970214844,0.016326904296875,-0.004176586866378784,0.0003990828990936002,8.004903793340512e-05,7.62939453125e-05,-0.0001220703125,-0.001953125,0.0006996691226958673
008f8f5241b947f29838e2a780e3790a,middle,W4,a3_middle_W4,11136.867240084903,12498487.855597176,10648.541427848464,11426503.042935602,488.32581223643865,1071984.8126615733,57548.41642326257,68277228.44659539,478.23551096198514,0.0006178915500640314,0.003319978713989258,0.004056692123414862,0.0003921985626221258,0.00021757185459130024,-0.0005047619342803955,-0.0002899169921875,-0.000244140625,-0.004150390625,0.00023347139358520508
0092c97c01714eb98d6f4b635c5ee9ec,middle,W4,a3_middle_W4,14985.86339132586,22604284.54468831,14345.225015511705,20713131.986999463,640.6383758141546,1891152.5576888472,72757.91047347241,108524668.60426144,643.5177758393205,-0.0002247989177704135,0.031019449234007013,0.029261112213134766,-0.00103074312210083,0.0013351440429686945,0.0006455779075622559,-0.000152587890625,-0.00030517578125,-0.003173828125,-0.000697940587997492
00a1a602456f4eb188b522d7ef19e81b,middle,W4,a3_middle_W4,17030.9243071972,29138786.07532146,16326.56916897235,26777583.872787297,704.3551382248515,2361202.2025341615,78123.57964773754,124467527.87926538,731.3360761715657,-0.00010921061038970947,0.00024795532226384864,0.0005817413330078125,-0.004604116082191495,-0.0012924969196319025,-0.0019837915897369385,9.1552734375e-05,-6.103515625e-05,-0.00048828125,5.182623863220215e-05
00a1d892548542c7ab83565070737d6b,middle,W4,a3_middle_W4,15768.353142971984,24962833.858947698,15109.194424692505,22918536.028632622,659.1587182794792,2044297.8303150758,72061.67680418916,106231372.82590452,677.1191808066072,0.0002817511558532715,-0.0003394484519958496,0.00034332275390802636,-0.0030345618724823,3.573298454288831e-05,0.0,0.0,-6.103515625e-05,-0.0009765625,0.00021836161613458804
00a38a2327cd41b885d6ebbb6ac0a91c,middle,W4,a3_middle_W4,15431.743275601626,23970373.804197565,14778.833143010954,21983617.59756467,652.9101325906722,1986756.2066328935,74352.55245205457,113146923.74043055,662.6645960076346,0.00027209520339968596,0.03326535224914551,0.036945343017578125,-0.002237021923065241,0.0007633268833159845,0.0013176798820495605,-5.340576171880031e-05,-0.0001220703125,-0.00244140625,0.0005056560039519709
00a69ec5e0cb4e1b9c6d6285bde5de3e,middle,W4,a3_middle_W4,17388.054765204964,30357771.576421704,16663.459652626676,27879703.366251517,724.5951125782885,2478068.210170187,80857.53208070065,133354714.3382219,746.6718490943762,-0.00013588368892669678,0.0031954050064086914,0.005815029144287109,-0.003985196352005005,7.605552673339844e-05,6.151199340820312e-05,0.00011444091796869969,-0.0001220703125,-0.001953125,0.00021129846572881528
00a776f578304cce8c096fc0034582ef,middle,W4,a3_middle_W4,16239.520490890342,26501735.219976775,15555.640449721495,24316898.46096953,683.8800411688462,2184836.7590072453,77165.92986410485,121525278.38894737,697.351886514844,0.0003770440816878995,0.01796424388885498,0.01954555511474254,-0.0012705028057098389,0.0003075599670410156,-0.0002779066562653143,-0.00011444091796869969,0.00018310546875,-0.003662109375,0.00040924549102788754
00a97894440b42ebbde2435e9430106c,middle,W4,a3_middle_W4,15952.034522434984,25581415.54611265,15289.692119303887,23498221.15305271,662.342403131097,2083194.3930599391,75128.27677906597,115297580.41435604,685.0067632360285,-0.00044602155685419254,0.0189816951751709,0.020617246627807617,-0.005207240581512507,0.0004387497901915949,0.00040644407272338867,0.00011444091796880031,0.0,-0.00146484375,0.001075923442840604
00a9925ae746466b91ce457c67bef43f,middle,W4,a3_middle_W4,15612.72454912877,24563079.34786205,14954.014657899555,22533981.77232489,658.7098912292149,2029097.57553716,74569.28112126637,114140881.52759306,670.4362314194566,-0.0003682672977448065,-0.002199411392211914,0.005077123641974879,-0.0029723048210144043,-2.7865171432495117e-05,0.0006673336029052179,-0.00011444091796880031,-0.000244140625,-0.000732421875,0.00010994076728820801
00ae6eda19634ee6b0a4a52789c9ff90,middle,W4,a3_middle_W4,15294.139593473381,23517235.465520173,14658.523919269248,21599823.035804905,635.615674204133,1917412.4297152683,71574.63576890725,104990355.39678164,656.7556661610082,-0.0003639757633210061,0.06423234939575195,0.05618810653686879,-0.0029319524765014093,0.0020555853843688965,0.00024574995040893555,-7.629394531199693e-06,0.000244140625,-0.001708984375,0.00010348856449129973
00bc54b70fea4c94bf54bdb4d041522c,middle,W4,a3_middle_W4,15804.087209468706,25116408.622474443,15143.102783461156,23058744.098841447,660.9844260075497,2057664.5236329958,74593.39012522544,113546821.5731596,678.6536607623619,-0.0004499405622482022,0.008020401000974786,0.01733541488647461,-0.005055457353591891,-0.0004235506057739258,-0.00023818016052246094,4.1961669921900153e-05,-0.0001220703125,-0.00146484375,0.0003140866756439209
00bf94f9be9346d5bf6fcdb88e0f68c3,middle,W4,a3_middle_W4,15666.210646671752,24699816.870339505,15014.550255957969,22685038.99587488,651.6603907137833,2014777.8744646236,73889.1095833552,111797715.60339831,672.7330129681999,-0.000576406717300415,0.014778375625610352,0.01635909080505371,-0.0033412873744964877,0.0003467053174972812,-0.00026214122772216797,-6.866455078130031e-05,0.0001220703125,-0.001708984375,0.00012418627738952637
00c01670fa9545fc82e1fbfb9f70a259,middle,W4,a3_middle_W4,15814.305127611777,25190747.82419649,15148.96699083549,23114787.867592447,665.3381367762868,2075959.956604045,75906.24196189779,117828896.29251894,679.0924350782242,0.00019544363021850586,-0.007760524749755859,-0.0033092498779296875,-0.0023010522127152044,-8.225440979003906e-06,-0.00031545758247369937,0.00018310546875,0.00042724609375,0.000244140625,0.001210391521453913
00c1673e7c8e4c2fbc0c9a1084acc067,middle,W4,a3_middle_W4,13212.181644377919,17589536.83507297,12640.340973062057,16100437.518584142,571.840671315862,1489099.3164888266,64568.41185441204,85675719.44468883,567.352946157008,-6.943941116388519e-06,0.016539096832273614,0.03266572952270863,-0.000574111938476507,0.0019899606704711914,0.0008394718170166016,-6.866455078129944e-05,-0.00018310546875,-0.0013427734375,-7.274746894841977e-05
00c5fc33cf54446093cca570c2ac5db0,middle,W4,a3_middle_W4,15596.360876708288,24499558.234956495,14940.74413512983,22482339.67423115,655.6167415784585,2017218.5607253462,72655.53769658941,108111758.4027688,669.7335482436118,-0.0005521923303603848,0.076446533203125,0.06854057312011719,-0.003018170595169012,0.0018340349197387695,0.00041878223419189453,-9.1552734375e-05,0.000244140625,-0.00244140625,-2.4944543838500977e-05
00cc1d02ab5c4e1abcbc080bbdc6bdc4,middle,W4,a3_middle_W4,12733.786054318723,16310465.603812974,12172.772376045912,14905702.86325546,561.0136782728114,1404762.7405575141,62915.44422139734,81112198.01475102,546.8098477684007,-0.00010269880294794254,0.005193948745727539,0.02436518669128418,-0.0006119012832641046,8.07642936712094e-06,0.0011357665061950128,-7.62939453125e-05,-0.0001220703125,-0.001708984375,-0.0003993809223175049
00d319b11c2c41c6b9a36287abf6922e,middle,W4,a3_middle_W4,17316.244786224954,30123035.3466557,16593.46087408807,27661546.019195575,722.7839121368852,2461489.327460125,81058.50634541578,133932074.38781533,743.5882097504439,-0.00012600421905518966,0.01387119293212713,0.013334751129146838,-0.004511237144470215,0.00028455257415771484,0.0010128021240234375,-2.288818359370056e-05,-0.0003662109375,-0.0006103515625,2.613663673400879e-05
00d9bd8bee204fe3a42c320ce24a32fd,middle,W4,a3_middle_W4,12969.543994837622,16950004.871406663,12408.859650643766,15516289.588785725,560.6843441938563,1433715.2826209385,63126.27721662109,82027937.80984983,556.9336839170072,-0.0006868243217467707,-0.015392303466796875,-0.012853145599365234,-0.0006223917007446844,-0.00033205747604370117,0.0010630786418914795,-0.00011444091796880031,0.0,-0.000732421875,-0.00020626187324518375
00da1beacd7e456f81bcdd0343048166,middle,W4,a3_middle_W4,17430.339979030716,30518428.97814224,16711.455616341325,28051057.558084816,718.8843626893904,2467371.4200574234,79893.8422855288,130353165.22014715,748.4876461586807,1.4096498489407638e-05,0.0325357913970965,0.02409934997558949,-0.0025233179330825806,0.00048357248306268863,0.0009561479091644287,0.00011444091796869969,-0.000152587890625,-0.001220703125,0.0004239976406096857
00db57d6cb5540089860f0de1d2c643d,middle,W4,a3_middle_W4,15157.00917399563,23084990.880429536,14518.544288758427,21180606.015132327,638.4648852372029,1904384.8652972095,72370.48980636758,107211668.8885858,650.8670589958507,-9.71704721449973e-05,0.06668329238891602,0.05032062530517578,-0.00415979325771329,0.001566469669342041,0.0003337264060974121,-9.918212890629944e-05,-0.00030517578125,-0.00244140625,0.00025799870491033383
00ddbd37e24c43569cb77919361bfaa9,middle,W4,a3_middle_W4,17706.14689956366,31522346.776777357,16969.90392949152,28956325.843676493,736.2429700721405,2566020.9331008643,83612.13981950948,142390574.1261101,760.3312517907182,0.00026267021894460507,0.011302232742307794,0.01950502395630238,-0.003189384937286377,-0.0002740323543548029,0.00033414363861083984,0.0003128051757811997,-0.000244140625,0.0,0.00044032931327819824
00e99d9188c64441b8ae7a3f73f37164,middle,W4,a3_middle_W4,16833.940619692243,28454695.701152917,16128.075387674824,26118720.113337103,705.8652320174187,2335975.5878158137,78911.61253989198,126941620.66272351,722.877270619315,-0.00036177039146420564,0.05422115325927912,0.034694671630859375,-0.0027384757995604914,0.0006059408187866211,-0.0011709928512573242,-9.1552734375e-05,-0.0001220703125,-0.001708984375,4.234910011291504e-05
00ea067d2d0d4e5abbe36abcdd2117b9,middle,W4,a3_middle_W4,14048.710914226995,19860909.429119337,13448.658019986056,18199725.97564667,600.0528942409383,1661183.4534726664,69392.42497602315,98538714.77260004,603.2748974720961,0.000435024499893244,-0.007182955741882324,-0.0060117244720458984,-0.0026096701622009277,-0.00020962953567499332,-0.0012269914150238037,0.0,0.0001220703125,-0.002197265625,0.0008136183023453036
00ed0007c9c84409adb2e257fad235d1,middle,W4,a3_middle_W4,15467.890765034332,24029439.24159886,14816.994488800618,22048211.75494332,650.8962762337142,1981227.4866555408,73601.8191334225,110606462.94469318,664.2168290284811,-0.0002056807279586792,0.03525495529174627,0.034427642822265625,-0.004238337278366033,0.0011756122112274725,-0.0006654858589172363,-0.000213623046875,0.0,-0.0029296875,5.692243576049805e-05
00ef198a19a8403d903dbfa7cfaaf9bd,middle,W4,a3_middle_W4,17307.195711701665,30087634.163974952,16596.98353627605,27666461.22329355,710.212175425615,2421172.9406814016,80017.87276973511,130680202.31541698,743.1996275140677,-2.0667910575783432e-05,0.013779401779174805,0.01299142837524414,-0.005029261112213079,-4.915893077850342e-05,-0.00024956464767461606,0.0001220703125,-0.000244140625,-0.0009765625,0.0003985762596129816
00f9cb1a42b4498e838107f82557c9f3,middle,W4,a3_middle_W4,15477.186348600053,24075529.260349967,14829.528830996434,22101837.04724711,647.6575176036185,1973692.2131028548,73701.93561385499,111028674.18802999,664.6159967711153,-0.00034396350383758545,0.01353502273559748,0.01584768295288086,-0.0023511350154876154,0.0013380646705627441,0.0018736422061920166,-7.247924804680041e-05,0.0,-0.001220703125,-2.345442771911621e-05
00fa05ae10834647a8bf00c5a5a899a1,middle,W4,a3_middle_W4,17462.065834704263,30681474.153847314,16747.97458979676,28220998.945075307,714.091244907504,2460475.2087720074,81273.42450479438,134907462.28679535,749.8500069080424,0.00019864737987519698,-0.0007939338684064268,0.0078511238098109,-0.0042234361171722135,-0.0012265145778656006,0.000667870044708252,-3.814697265619969e-05,-0.0006103515625,-0.000244140625,-1.233816146850586e-05
00fab46ab0134de8b7c6b39f9ef2f708,middle,W4,a3_middle_W4,16123.120653471771,26110827.10791929,15450.570956747668,23976626.751790993,672.5496967241033,2134200.3561282977,76786.01396305906,120137728.79487497,692.3534848527139,-0.0002519339323043823,0.011851787567136896,0.01500248908996582,-0.003944411873817388,-2.2500753401877294e-06,5.286931991571597e-05,6.103515625e-05,-0.0001220703125,-0.00244140625,0.0005244910717011053
00fadd5980ed4228bc28217eb11c5d27,middle,W4,a3_middle_W4,15226.678973394697,23358393.7400804,14577.966714699112,21410668.69798199,648.7122586955848,1947725.0420984104,73541.85321290609,110982277.6225085,653.8587954865496,-0.0006382018327713013,-0.012749433517456055,-0.009588003158569336,-0.0005546063184738992,0.0013478398323059082,-0.0035955309867858887,-3.0517578125e-05,6.103515625e-05,-0.001953125,0.0003592371940612238
00fd070ec367496582cb9410fb8d84a2,middle,W4,a3_middle_W4,17249.599075382277,29934925.44359307,16540.64383513119,27522008.149783906,708.9552402510853,2412917.2938091643,80860.64137801515,133728341.85149184,740.7263326272658,0.00016745924949651547,0.03289937973022461,0.025289058685306287,-0.0029961317777633945,-6.502866745000668e-05,-0.0005587935447692871,-0.0001754760742188003,0.000335693359375,-0.001708984375,-0.0002594590187072754
00fe064ec39f4f42a8301f6699c37455,middle,W4,a3_middle_W4,16841.954717328303,28529103.97043649,16143.350637876876,26210032.640441563,698.6040794514265,2319071.329994928,78544.64217621644,126123931.08966714,723.2214092352522,0.00018364191055300627,0.03682017326354803,0.03000497817993164,-0.004222050309181213,0.0009100437164306641,-0.00028771162033081055,7.62939453125e-05,-0.0001220703125,-0.0009765625,0.000607222318649292
00fe7b40923644c3bf15be6fcb8195c2,middle,W4,a3_middle_W4,16091.806283034148,26035420.65403832,15418.866461293566,23901662.57018539,672.9398217405815,2133758.083852932,76587.83268376805,119882012.77347879,691.0087939603967,-0.00028458237648010254,0.029370784759521484,0.029952526092529297,-0.001766175031661904,0.002157866954803467,-0.00019228458404541016,1.9073486328199593e-05,0.0001220703125,-0.00146484375,0.0008504837751387995
01052f325d2a4422bf1dea6567d78347,middle,W4,a3_middle_W4,9840.88197390434,9749039.099977309,9412.237039623711,8918167.137104835,428.64493428062815,830871.9628724735,51748.965461864565,55153305.55055715,422.58375875825305,-0.0005562007427216131,0.0035160779952985166,0.004487037658691406,-0.0004102587699890692,0.0032450556755065363,0.0005863606929779053,-0.0002517700195311997,-6.103515625e-05,-0.00341796875,-0.0008489787578582209
0116e8e2de78456cab731ff73f65349f,middle,W4,a3_middle_W4,16034.54563996371,25863231.319622498,15367.877209470897,23755330.62279181,666.6684304928131,2107900.696830686,74079.49920555204,112247219.76442021,688.549927179778,3.1903386116000076e-05,0.035626888275146484,0.03367662429809215,-0.0028808116912842074,0.0020489096641540527,0.0007346868515014648,3.814697265699593e-06,6.103515625e-05,-0.001708984375,5.0842761993463714e-05
0118607beaed4571b94615a611bab570,middle,W4,a3_middle_W4,16573.141049729664,27606612.45194452,15879.167221958789,25343040.607097927,693.9738277708748,2263571.8448465914,78975.11926345996,127146414.40762448,711.6781054581462,-0.0003771930932998935,0.01970767974853338,0.015606880187991834,-0.0031869560480118075,0.00013062357902526855,-0.00021204352378839664,0.000213623046875,-0.000244140625,0.0,0.0007193386554718018
011a2229b2f949ffaac35b39e9ee9d78,middle,W4,a3_middle_W4,15906.911604499224,25434621.367641836,15237.352175291868,23338037.982611377,669.5594292073565,2096583.3850304596,75677.4216548941,116910893.62167561,683.0691104607998,-0.0002552270889281949,0.012567043304441583,0.01416921615600586,-0.0034878849983215887,0.00010254979133600406,-0.0012572407722473145,2.2888183593800307e-05,0.00030517578125,-0.001708984375,0.001139476895332392
011e8dd9d04e4257b4c094b9cf279280,middle,W4,a3_middle_W4,14401.01915295499,20847861.015491758,13795.752089673075,19131094.57136619,605.2670632819154,1716766.4441255666,68581.00209880853,96320894.05975111,618.4035963181923,-0.00027811527252197266,-0.0006300210952758789,0.0012469291687011719,-0.003665596246719305,-0.0003476440906524103,-0.0004394948482513983,-0.0002899169921875,0.00018310546875,-0.003173828125,0.00018179416656499692
012323854937400b839b3bedf4faa010,middle,W4,a3_middle_W4,16731.290671535484,28117220.508189578,16035.820122301322,25827053.865971703,695.4705492341618,2290166.6422178745,79314.06855487717,128111888.91693924,718.4693119583482,9.250640869140625e-05,0.014148950576784003,0.016605854034423828,-0.004785493016242981,0.00017988681793218442,-0.00010907649993902035,0.0001678466796875,-0.000244140625,-0.001953125,0.000905841588973999
0123ecfeeaf14efc8183597f2099e925,middle,W4,a3_middle_W4,15488.282721565198,24053036.149587076,14838.82589305929,22077493.67351332,649.4568285059086,1975542.4760737568,71738.82128358383,104784818.55064572,665.0924933908927,-3.731250762942229e-05,0.010832548141479492,0.011832714080810547,-0.004909336566924993,-0.0005540549755096991,-0.0009657144546508789,9.918212890619969e-05,-0.00018310546875,-0.00048828125,0.00045731663703918457
012648b0eed74f67ad28527119aac2c4,middle,W4,a3_middle_W4,12215.075885150258,15045172.598636983,11685.614361602753,13768783.51626401,529.4615235475048,1276389.0823729727,60668.18267209381,75808907.02891754,524.5355746316432,-0.001268386840820257,0.06186366081237793,0.06286144256591797,-0.00081512331962591,0.0022451281547546387,-0.0006123781204223633,-7.247924804689929e-05,6.103515625e-05,-0.001708984375,0.0003375411033629816
012989686a534d73bd7989501e713630,middle,W4,a3_middle_W4,18155.24838533231,33103881.42381447,17406.594371778927,30430927.1719075,748.6540135533833,2672954.2519069724,84332.47443023344,144866775.81153512,779.6164128589327,0.00023941695690150866,0.01940667629242121,0.01361846923828125,-0.005674928426742609,0.00014062225818639584,-0.0012752413749694824,0.0003204345703125,-0.00030517578125,0.00341796875,0.00019043684005737305
012a565d39a644ea89685ae6cd4e5d8c,middle,W4,a3_middle_W4,13369.860514204825,17999692.408622053,12790.496491983582,16473961.372345269,579.3640222212434,1525731.0362767838,65281.553267928066,87589585.15587413,574.1239377881341,0.0002797544002532959,-0.013701915740966797,-0.00803828239440918,0.0005198419094085138,0.0005230009555816095,0.0013080239295960028,-8.392333984369969e-05,-0.0001220703125,-0.00244140625,1.6301870346069336e-05
012c0d5217494d12881d6b089bed0232,middle,W4,a3_middle_W4,15595.226216508463,24449241.449505363,14942.482787772506,22444064.45815729,652.7434287359574,2005176.991348073,73466.29929733663,110389320.78141241,669.6848240567527,0.00036652386188509856,0.0068700313568115234,0.016843080520629883,-0.005304634571075523,-0.00023859739303588867,0.0003908872604369562,9.1552734375e-05,0.0001220703125,-0.000732421875,1.0132789611816406e-05
012d625661ad4c76b706f410b9be0640,middle,W4,a3_middle_W4,17982.323088983707,32475804.30629129,17241.40464381008,29854644.726927903,740.9184451736255,2621159.579363387,83021.30851023721,140444816.30963674,772.1907144399134,-4.5172870159107537e-05,0.0019878149032592773,0.006287097930908203,-0.005326077342033303,-0.00010204315185552426,0.0003287494182587225,0.0002593994140625,-9.1552734375e-05,0.0029296875,-0.00015458464622497559
013c9572481f47a3adb59c76a934e1e4,middle,W4,a3_middle_W4,16505.821012632176,27319255.096021805,15810.172714710186,25064791.423677173,695.6482979219891,2254463.6723446324,77403.37280826172,121879371.78856786,708.7872716495667,0.0001513957977294922,0.0014477968215942383,0.004979372024536133,-0.003798753023147583,-0.0005302578210829856,-0.0004633665084838312,1.52587890625e-05,-0.00018310546875,-0.000732421875,0.00012817978858947754
013ff6659943447a9a569fdcbcd3abdb,middle,W4,a3_middle_W4,14747.535800254134,21858693.961279593,14124.621329205507,20049630.21350609,622.9144710486271,1809063.747773502,71520.2497469788,104498791.3412685,633.2835946431679,0.00019058585166931152,-0.0054961442947387695,-0.0012898445129394531,-0.0009446442127227783,0.000345721840858515,-0.0002694129943847101,-7.62939453125e-05,0.0,-0.002197265625,0.0002097487449645996
0144192045784fc8906de276b4e09eaa,middle,W4,a3_middle_W4,17439.980299942486,30566605.865397446,16722.51197019723,28102416.414273817,717.4683297452575,2464189.4511236288,80894.41966522124,133273330.24744353,748.9016174934995,-1.950562000269107e-05,0.011160373687742364,0.009006261825561523,-0.005804151296615601,0.0006669014692307074,0.0008259713649749201,-1.52587890625e-05,0.00018310546875,-0.0009765625,0.00013846158981323242
014a10fd129844228a18b568b069661d,middle,W4,a3_middle_W4,16699.636613089166,28037840.36387818,16014.87024989475,25782427.913085744,684.766363194416,2255412.4507924356,78313.52440160827,125206550.84793115,717.1100343007489,-3.905594348899144e-05,0.0006842613220214844,0.0033223628997802734,-0.0029943734407425204,-0.0013074874877929965,-0.0017093122005462646,0.000152587890625,0.00018310546875,-0.00048828125,0.00032711029052728824
014ca29813304ce68204fb48dc217636,middle,W4,a3_middle_W4,17356.4296465672,30265869.183337174,16637.91253553348,27810958.56427245,718.5171110337214,2454910.619064726,81455.62099081498,135452439.6749213,745.3138141600521,5.009770393370194e-05,0.025049448013305664,0.027368068695071912,-0.003775328397750799,0.001531988382339422,-0.0003160834312438965,9.918212890630031e-05,-6.103515625e-05,0.00048828125,0.0003241896629334051
014ccee408664909b71f80702d003e14,middle,W4,a3_middle_W4,15505.171233166398,24210749.0530066,14869.685657219574,22263422.070811838,635.4855759468246,1947326.9821947627,74590.48561045747,113855086.86154728,665.8177140297738,-0.00037300586700439453,0.03273844718932928,0.03993511199951172,-0.0028313398361206887,0.0004884600639343817,-0.0007064342498779297,-4.57763671875e-05,0.000244140625,-0.00146484375,-9.173154830938168e-05
01531de593f3468084dab12f6515e8e1,middle,W4,a3_middle_W4,16466.42545651027,27244040.50984784,15778.2468836521,25013921.455995943,688.1785728581708,2230119.053851895,78296.73572260117,125151707.78443682,707.0955612694897,-6.806850433341283e-05,-0.002484917640686035,0.0018966197967511533,-0.002292379736900413,2.326071262359619e-05,0.0006435513496398926,0.0002365112304686997,-0.0003662109375,-0.001220703125,0.0011691451072692316
0154c6fe068243d4b2d5a704dad1cbc6,middle,W4,a3_middle_W4,16433.337358736168,27148433.601919945,15745.444764388714,24922428.393217836,687.8925943474533,2226005.2087021098,78829.99408179708,126733295.604655,705.6747035898002,-0.0005089938640593927,0.014967918395996094,0.029103755950927734,-0.002940684556961004,0.0004195868968963623,-0.00019159913063049316,-0.0001068115234375,0.00030517578125,-0.00244140625,0.00021645426750177554
01551e922711450f92b50843d4e0f2be,middle,W4,a3_middle_W4,16707.15924336459,28043088.243004546,16019.705811858625,25779685.12355215,687.4534315059645,2263403.1194523945,77378.58840151942,122146377.86948803,717.4330684948351,-0.00022843480110171233,0.016272068023679864,0.018496513366695666,-0.003944650292396601,-1.1652708053644378e-05,-0.0012904107570648193,8.392333984380031e-05,-0.00018310546875,-0.00048828125,0.00033929944038391113
0157b39c4b434ceba885ddace4f5b9bd,middle,W4,a3_middle_W4,16357.62733437939,26888077.59346212,15673.27366447524,24683521.43841041,684.3536699041488,2204556.155051712,78343.05798634377,125315721.20108289,702.4235898427594,0.000264972448348999,0.005803108215332031,0.009751319885253906,-0.0027408897876739224,-0.0007825791835784912,-0.00020080804824834653,0.00011444091796880031,0.0,0.0009765625,0.0006358027458190918
0158a691a8a64bd39527c6f9e750c8ee,middle,W4,a3_middle_W4,13919.222038077982,19496126.991094913,13328.801092820251,17876356.212392088,590.4209452577306,1619770.7787028253,67468.5984432175,93319423.61660397,597.7144308243365,-0.000821381807327326,0.07638096809387207,0.07102370262146351,-0.005664974451065119,0.0019367635250090998,0.00043326616287231445,-0.0001602172851563003,-0.0001220703125,-0.00341796875,0.00033789873123168945
015c200ce786438c8e35ddf635d1e236,middle,W4,a3_middle_W4,15125.066784456201,23022348.556808617,14485.771794522116,21116065.333932888,639.2949899340856,1906283.2228757292,72197.36072298978,106770666.0722706,649.4953999239211,4.781782627100162e-05,-0.0044214725494367,0.0019991397857666016,-0.003234431147575323,0.00023664534091949463,-0.0008242130279541016,1.52587890625e-05,0.0001220703125,-0.0029296875,0.0007282793521880548
015d02aa38e04950825ec5f8dc3d533d,middle,W4,a3_middle_W4,16425.165988678822,27138120.36613303,15740.379077965052,24921780.93828763,684.7869107137703,2216339.4278454,77609.7681257802,123042615.12666316,705.3238114358047,-0.0003923475742340088,0.03710985183715465,0.03268241882324219,-0.0028028935194014948,0.0007373988628388006,-0.00031119585037231445,-3.0517578125e-05,-0.00018310546875,-0.00146484375,2.54213809967041e-05
015ee6e84a2d49e9b87dca6fdc4d49b4,middle,W4,a3_middle_W4,16546.818440326035,27531762.417725462,15855.539959645148,25278033.2073975,691.2784806808868,2253729.2103279643,79093.00792553205,127594944.50076547,710.5477690460638,-0.00035225600004190616,0.013841390609739435,0.022956132888793945,-0.0038023293018341064,-0.000363692641258212,-0.0011155009269714355,-0.000152587890625,0.00048828125,-0.001953125,0.0003140568733214777
016576dd30c1464f9115584748950ed2,middle,W4,a3_middle_W4,17364.505568574034,30317555.593801644,16645.82108791404,27858533.997818064,718.6844806599947,2459021.5959835798,81058.331895196,134104598.1814843,745.6606076167906,0.00022119283676150236,0.03556966781616211,0.025272369384765625,-0.0030655264854430875,-5.131959915161133e-05,-0.0008924305438994806,-4.57763671875e-05,6.103515625e-05,-0.001708984375,0.00038826465606689453
01688042f526490ba8fe14aace17a558,middle,W4,a3_middle_W4,16120.602312051855,26116904.21962292,15446.233436237644,23975358.65724355,674.3688758142107,2141545.5623793714,77263.1801871944,121815274.26782495,692.2453431042521,-0.0001442879438399991,0.02787232398986994,0.03081321716308949,-0.0027767270803452093,-0.0012575387954711914,-0.0007585287094116211,-3.0517578125e-05,-6.103515625e-05,-0.000244140625,0.0002988278865814209
0169a7e8458246b1b371706f507ec511,middle,W4,a3_middle_W4,18171.082980171977,33123164.375647653,17422.87085225603,30450712.945667304,748.2121279159473,2672451.429980349,83654.04617042674,142468688.0456083,780.2963765678263,7.899850606919723e-05,-0.0014340877532958984,0.0011658668518101933,-0.004278451204299927,-0.0004000365734100342,-0.00038367509841913394,4.57763671875e-05,-0.00018310546875,0.00146484375,-3.197789192199707e-05
0170db45fb744c4b91ffdf97a3f75ea3,middle,W4,a3_middle_W4,15467.12453620882,23991352.379491318,14810.608683195773,21997848.514035605,656.5158530130466,1993503.8654557131,73007.56655343312,108559839.00439407,664.1839258945939,0.00034350156784057617,-0.0038567185401920945,0.002410411834716797,-0.002839505672454834,-0.00020248070359230042,-0.0001649707555770874,-9.1552734375e-05,-0.00018310546875,-0.0009765625,3.764033317571469e-05
017c41aac5db41f3bfe2f7938a4834d1,middle,W4,a3_middle_W4,16661.94683429582,27951072.1125191,15973.81576523436,25687092.940340582,688.131069061461,2263979.172178518,77913.98599771323,124333765.46260516,715.4915728222459,0.0001934617757798074,0.0024533271789533018,0.01477360725402832,-0.003779500722885215,0.0011125504970551092,-0.0010069608688354492,9.918212890619969e-05,-0.0001220703125,-0.0009765625,0.00043380260467529297
017e5dfc6d0d4c12b3f1196d85a16c9b,middle,W4,a3_middle_W4,17113.26831142912,29372547.86588897,16410.82412406097,27008516.855165463,702.4441873681499,2364031.010723509,78972.55953460545,127059760.77938746,734.8720639937756,-0.00041243433952331543,0.009420514106750488,0.009372234344482422,-0.0037212073802948,0.00014650821685791016,0.00027114152908330746,-3.0517578125e-05,-6.103515625e-05,-0.0009765625,7.18832015991766e-05
018034e069134727b9e6e5627234f42f,middle,W4,a3_middle_W4,16631.62594361465,27804940.649579838,15942.441204608967,25546474.89903948,689.1847390056828,2258465.750540357,78996.8587512699,127356919.79099733,714.1895435948937,0.0003291070461272916,0.016949176788330078,0.019507408142089844,-0.003776729106903076,0.00016629695892339535,6.437301635797699e-06,0.000213623046875,-0.00042724609375,0.0,0.0005255639553070068
018487b190aa472caf198b265a3b4d61,middle,W4,a3_middle_W4,16860.121221487396,28577612.593023013,16169.277741303504,26281482.274287324,690.8434801838921,2296130.318735689,77906.84256220981,123972565.0775565,724.001508989665,-0.00019234418869018555,0.02005577087402166,0.025831460952755236,-0.0039141476154327115,0.0013758838176727295,-0.001352071762084961,0.0001068115234375,-0.00018310546875,-0.000732421875,0.00029337406158447266
0184e485100e433c9032f2132e99e095,middle,W4,a3_middle_W4,15488.694476485029,24122450.538775872,14837.620119595385,22136224.114620846,651.0743568896432,1986226.4241550267,73839.22568403067,111469181.62015992,665.1101748286105,0.00015836954116815738,-0.005543231964111328,0.0054585933685302734,-0.0028941929340363104,-0.0002855360507965088,-0.0003548264503479004,0.000274658203125,0.0,-0.00048828125,0.0006919801235198975
018f683e86ea42eb8e98935e890eb9fd,middle,W4,a3_middle_W4,15969.393958214852,25641235.83902939,15305.57171169086,23550891.712987553,663.8222465239924,2090344.126041837,74956.59312853338,114855458.80078647,685.7522061385278,-0.0005332678556442816,0.061926841735839844,0.05734682083129883,-0.00390422344207772,0.0013598203659057617,0.00038111209869384766,-6.866455078119969e-05,-0.0001220703125,-0.00244140625,0.0004259645938873291
019a31cb0c1646758bc44d47366e32e6,middle,W4,a3_middle_W4,9516.258594526493,9109640.912703797,9101.199671061855,8332472.011694198,415.0589234646377,777168.9010095997,49421.23644465896,50276432.8539441,408.6438935914859,0.0008845627307891846,0.021157264709472656,0.025916099548339844,-7.212162017822266e-06,0.0008160769939423163,0.0007414817810058594,-0.00011444091796869969,0.00018310546875,-0.001708984375,-0.00019356608390802554
019c097c504c4e1dbefcd1079619b8cf,middle,W4,a3_middle_W4,14505.706524670448,21168314.668835714,13894.007470669256,19419307.536605,611.699054001192,1749007.132230714,70059.96555682908,100575840.09666778,622.8990453187342,-0.0006235688924789984,-0.004424452781677246,-0.0024247169494611143,-0.007859975099563599,0.00019365549087518863,0.001188814640045166,-5.340576171880031e-05,-0.00018310546875,-0.00244140625,0.000608831644058172
019cdc2fe9da4327aa8d617401d8189b,middle,W4,a3_middle_W4,16896.917382118358,28668989.29320452,16189.767061315117,26319314.78490698,707.1503208032409,2349674.5082975402,78324.3473042,125049377.37842345,725.5815970253244,-1.4007091522189041e-05,0.006822347640989435,0.009031295776367188,-0.005486249923706055,0.0003532618284226019,-0.00018489360809331723,2.2888183593699693e-05,0.0,-0.00146484375,0.0003911256790161133
01a4a9aa5dfc4436891849a88f2e99e7,middle,W4,a3_middle_W4,15131.228885634762,23046317.908576448,14498.50771781231,21157283.997895446,632.7211678224521,1889033.9106810018,71760.41934667986,105747148.22140022,649.7600107468933,-0.0007715672254562933,0.058484077453611505,0.046052932739261365,-0.0004621446132659912,0.0008180141448974609,-0.0021423697471618652,-6.866455078119969e-05,-0.0003662109375,-0.001708984375,-0.00018903613090520688
01a76c394cc640f6ad469199166ece29,middle,W4,a3_middle_W4,15150.123024059782,23055630.614440616,14513.35110590921,21157170.165133882,636.7719181505709,1898460.449306734,70322.25577507052,101094252.51673739,650.5713563209298,0.00012791156768801604,0.0015020370483398438,0.004984140396118164,-0.0020378530025482178,-0.0001341402530670166,0.00036141276359558105,-0.0001754760742186997,0.0,-0.001220703125,-0.00022241473197942563
01b853942c324f83a89d27e97796200c,middle,W4,a3_middle_W4,14847.036508146253,22163738.069171816,14215.165672947809,20316699.05205895,631.8708351984442,1847039.017112866,71114.7324403318,103543028.24222499,637.5563197151337,-4.327297210687808e-05,0.010005235671998847,0.012326240539550781,-0.002312302589416504,0.00019082427024841309,-0.001191109418868963,-2.2888183593699693e-05,-0.00048828125,-0.000732421875,-0.00032061338424677066
01c7a9010fa6463897e5919443c72886,middle,W4,a3_middle_W4,16319.169256102343,26780273.058338363,15639.432056127944,24593388.40816748,679.7371999743991,2186884.6501708813,78464.48485710722,125674188.34093706,700.77213631288,-8.875131607050113e-05,0.0014215707778930664,0.00571131706237793,-0.003747239708900396,0.0006737411022186002,-0.0016308426856994629,0.0001068115234375,0.0,-0.001708984375,0.0011142194271087924
01c80c7c0e954db9a53a11fabc2053eb,middle,W4,a3_middle_W4,17154.9820418977,29539248.499708366,16449.77178032768,27158415.71011788,705.2102615700205,2380832.7895904854,78502.82435632157,125572090.82856311,736.66332061691,-0.00015093386173251067,0.0031900405883806826,0.006194114685058594,-0.005110532045364408,-0.0008374154567719061,-0.0006643235683441162,0.0001449584960936997,-6.103515625e-05,0.00048828125,0.00025847554206848145
01d0e94dc746416484c9157bbe320203,middle,W4,a3_middle_W4,14146.268444914183,20161776.18966081,13531.72842510126,18449242.462558158,614.5400198129228,1712533.7271026522,68970.87439781109,97720708.75222795,607.4641792988965,0.0006110817193984985,0.049415826797483575,0.04593253135681152,-0.0029601752758026123,0.0015517175197601318,0.00032135844230651855,-0.0002975463867188003,-0.0001220703125,-0.0078125,0.0005263686180114746
01d1c15787514d14a4538256a88b43a5,middle,W4,a3_middle_W4,17518.468440797777,30837750.676444735,16791.122846002574,28329233.91275358,727.3455947952025,2508516.763691157,81423.9776360192,135280936.39522892,752.2720281608085,0.00035450607538230205,0.009373426437376153,0.006585121154788709,-0.003644421696662903,0.0017406046390532892,0.0006844997406005859,0.000152587890625,0.0003662109375,0.0,0.000560998916625921
01d2ae479ed74c7188c270dea892cf67,middle,W4,a3_middle_W4,15784.930717835741,25030344.642942257,15131.145287716368,22997593.87595457,653.7854301193729,2032750.7669876888,73752.81199263151,111083431.34191519,677.831049307378,-0.0001728683710097989,-0.00851452350616455,-0.004149675369260919,-0.002894490957260132,-0.0005194246768951971,0.0003247857093811035,1.9073486328099847e-05,0.0,-0.001220703125,0.00030612945556635074
01d9dd3aa5dc46c3a44bfd40d5898c0e,middle,W4,a3_middle_W4,16456.685900325585,27233387.02468211,15772.605222690918,25013816.09109763,684.0806776346672,2219570.9335844778,77830.45302081031,123888172.7998297,706.6773286078163,0.0001489371061325906,-0.015757083892822266,-0.0006580352783203125,-0.003021106123924283,-0.002452105283737127,-0.0006038844585418701,0.0002059936523436997,0.0001220703125,0.001220703125,6.92605972290039e-05
01eac793c4ec40c5aa6bbd09b45fc26a,middle,W4,a3_middle_W4,14380.63134146583,20797055.71439922,13768.255311784205,19062760.94388148,612.3760296816254,1734294.7705177404,68715.19897130293,96720896.88991436,617.5281099507315,-0.0006394982337952215,0.0970911979675293,0.09195089340209961,-0.0010862350463867188,0.0016584396362304688,0.0013377666473388672,-0.00020217895507810071,-0.0001220703125,-0.003662109375,-0.00010710954666137695
01f0c1dd487e43f795830fe6008142e4,middle,W4,a3_middle_W4,16237.796400236446,26564499.75790157,15571.88345512113,24427374.122780316,665.9129451153167,2137125.635121256,75706.58916096791,117238260.90398839,697.2778512087712,0.00011299550533291902,0.003979206085203302,0.03728151321411488,-0.0036635994911194125,-0.0008694827556610107,0.0004355907440185547,0.0002288818359375,0.000244140625,0.001708984375,0.0003478527069091242
01f1cc659cb847a4a7366b84844641c2,middle,W4,a3_middle_W4,16403.189974666257,27026154.15988292,15723.009257314952,24829776.94222166,680.1807173513043,2196377.2176612616,74943.59361961352,114657458.04531163,704.3801250234915,-8.32974910736084e-05,-0.0020241737365722656,0.0038349628448468565,-0.004310458898544256,-0.0005165487527847012,0.0,0.000396728515625,0.00018310546875,0.00146484375,0.0003077983856201727
01f3115282994da9b32967eb2075d4aa,middle,W4,a3_middle_W4,12785.484786499304,16462668.894632053,12230.253116661228,15063685.155604102,555.2316698380764,1398983.739027951,63931.782708968036,84062176.423201,549.0298768903677,0.00041049718856811523,0.04082322120666326,0.038915872573848986,4.8995018005371094e-05,0.0017824470996856134,0.0005675554275512695,-6.866455078130031e-05,6.103515625e-05,-0.001220703125,7.075071334838867e-05
01f376bb2b5a4860a53914dbf66d4ac0,middle,W4,a3_middle_W4,16604.63941875501,27703239.450437278,15918.468795892437,25459397.89608757,686.1706228625735,2243841.5543497093,78447.45472586704,125474803.42866938,713.0306975543406,-0.0003474950790406106,0.004404783248901367,0.008776187896728516,-0.004054009914398193,-1.3053417205866058e-05,-0.00018507242202753238,0.0001907348632811997,-0.000244140625,-0.0009765625,0.0009811222553252619
01f3fb1336a444309e9959d359c8b4ab,middle,W4,a3_middle_W4,12726.828691647712,16320766.790162757,12176.123677605841,14939134.813806402,550.7050140418705,1381631.9763563555,64143.26872760421,84627219.56881194,546.5110871007739,-0.00023648142814641782,-0.017638206481933594,-0.015808343887330878,6.139278411809723e-06,0.0012196898460388184,0.0007969141006469727,-0.0001449584960936997,0.0001220703125,-0.001708984375,-0.0007834136486054022
01f64ccc5e5049e29c3e8be0aaf31bd5,middle,W4,a3_middle_W4,17286.10546650998,29986888.866229977,16573.092208372276,27561815.649620976,713.0132581377038,2425073.216609001,80161.12570775981,130880603.70389454,742.2939774808829,0.00010623037815088443,0.008134841918945312,0.011447668075561523,-0.004857897758483887,9.663403034210205e-05,0.00029027462005609683,9.1552734375e-05,0.00018310546875,-0.00146484375,0.0003432631492614191
01f6b5adc5c44c17b159d7dc2f7f6dd6,middle,W4,a3_middle_W4,17190.942131551885,29756358.72830927,16485.624301180116,27361971.301602844,705.3178303717687,2394387.426706426,81001.05816539096,134236477.73919502,738.2075063811175,7.838010787958316e-05,0.00929117202758789,0.013680458068844104,-0.006519287824630682,-0.00047343969345098325,0.0005662441253662109,0.0001678466796875,-0.00054931640625,0.000244140625,0.00020763278007507324
01f74014d40f436e91fbf60e7f688057,middle,W4,a3_middle_W4,16287.117525006372,26655873.470972203,15609.513435091692,24482894.27249861,677.6040899146792,2172979.1984735914,77364.54260554892,122177417.41256613,699.3957819335507,-0.0003043711185456155,0.04095673561096547,0.03788232803344371,-0.0016287565231322965,9.578466415405273e-05,-0.0005233287811279297,-3.814697265619969e-05,6.103515625e-05,-0.00146484375,0.00022363662719721011
01fb4fff624544a88317709570572e0f,middle,W4,a3_middle_W4,14276.753683765803,20536066.083430424,13656.567209644323,18791322.230606142,620.1864741214795,1744743.852824282,69843.5051974196,100241336.97221841,613.0674314101002,-0.0002996623516083041,0.018422603607177734,0.031142234802246094,-0.0007345378398894709,0.002306878566741888,0.0009930729866027832,-0.0001068115234375,-0.000244140625,-0.00390625,0.000547215342521612
01fbee27f8f74a1eaf7e613de5cb78ee,middle,W4,a3_middle_W4,16655.805581592187,27903726.951443892,15963.411821029787,25630142.680943634,692.3937605623996,2273584.2705002576,78801.84268958769,126736367.40004137,715.2278572672919,-0.00023710727691647615,0.011627674102783203,0.019835233688361598,-0.0034924149513244906,0.0009491145610808771,-0.0010563731193541925,6.103515625e-05,-0.00018310546875,-0.002197265625,0.0008600950241088867
01ffee46c0644a17a8ac9f9f3bf7ef4d,middle,W4,a3_middle_W4,16383.774266447806,26971804.337755974,15702.667572796672,24774420.346267615,681.1066936511343,2197383.99148836,77490.33513523258,122472176.1970993,703.5463823793193,-0.0002854168415070135,0.004060268402099609,0.007522106170650744,-0.0036396384239197332,0.0010470747947692871,0.0005217790603637695,6.484985351559985e-05,6.103515625e-05,-0.0009765625,0.0009071826934815008
0200b7f6eb574385ace14b2d03502ec2,middle,W4,a3_middle_W4,17213.967013149908,29770959.1164619,16503.852315618486,27363895.468887072,710.1146975314223,2407063.647574827,80537.6348063677,132327829.7324438,739.1962329034411,6.172806024550004e-05,-0.0011646747589111328,0.010402202606201172,-0.0035981833934783936,-0.0008004456758498868,-8.705258369451352e-05,0.00042724609375,0.00018310546875,0.0009765625,0.00031810998916620425
02010e17a28845cc921858cc24ece163,middle,W4,a3_middle_W4,18582.662210760147,34660650.73695164,17819.407333751406,31872426.667961307,763.2548770087415,2788224.068990335,85669.8252650805,149393523.3152045,797.9702698987281,-0.0003191381692886075,0.03654956817626953,0.006785392761230469,-0.004093140363693182,0.00826629996299752,-0.00035709142684936523,0.0009002685546875,-0.00048828125,0.00634765625,-4.2498111724798004e-05
02097b72cb764df79f0188df985014a5,middle,W4,a3_middle_W4,15285.882347840401,23508776.310759515,14638.336902225074,21558245.277279187,647.5454456153275,1950531.0334803276,72411.80511472194,107463989.02787317,656.4010863676698,-0.0006458312273026068,0.0031471252441388486,0.008585453033447266,-0.002809852361679077,0.0015589594841002863,0.0013187527656555176,-9.918212890619969e-05,0.0,-0.0009765625,-0.00043699145317077637
020bc99c57c04bf6abfc9fe91a6a1215,middle,W4,a3_middle_W4,14908.80974467025,22324103.73232043,14282.176339800337,20485631.947337627,626.6334048699136,1838471.7849828042,71151.81333576674,103463686.2757118,640.2089647270541,0.00021594762802121248,-0.003864765167236328,0.001035928726196289,-0.0030265450477600098,0.00031766295433049985,-0.0002880394458770197,1.52587890625e-05,0.0003662109375,-0.00341796875,0.0004569590091704767
0214176d73af485287532957baf9888b,middle,W4,a3_middle_W4,15963.31423104335,25609316.67484114,15299.49889730769,23521398.51573102,663.8153337356598,2087918.1591101177,74911.81405618772,114643366.07116562,685.491132591749,-0.0002823323011399148,0.0038748979568481445,0.006356239318849433,-0.004223048686981201,0.00023856759071350098,-4.7385692596380036e-05,-7.629394531199693e-06,6.103515625e-05,-0.00244140625,0.00044736266136174985
021504573eab4f8995e46ac306744e04,middle,W4,a3_middle_W4,15276.825138609624,23481036.30486187,14630.41353889817,21535592.56984068,646.4115997114532,1945443.7350211889,72447.31450332004,107434334.68040559,656.0121548134911,-0.0001736134290694913,0.05861043930053711,0.051801204681396484,-0.002487748861312866,0.0008603930473327637,0.0009039640426635742,-0.0001296997070313003,0.00018310546875,-0.0009765625,7.092952728271484e-06
0219f955d31b4907b5eeb6a345a47eb2,middle,W4,a3_middle_W4,17302.18056158114,30038181.533892892,16588.745832317763,27611745.20271889,713.4347292633756,2426436.331174001,81008.55655179966,133405562.90413162,742.984268667748,-3.457069396969881e-05,0.0052440166473406435,0.006556510925292969,-0.003318637609481867,-0.0004703700542449951,-0.0008451938629150946,0.0,-0.00030517578125,-0.000732421875,4.050135612487793e-05
021a5902e34c4742a828335c86bfe4cd,middle,W4,a3_middle_W4,18087.90692679953,32868572.220830914,17338.641365949883,30202559.361586437,749.2655608496461,2666012.859244477,83795.73274092026,143142806.20669395,776.7246591784691,0.00011479109525680542,-0.004232525825500488,0.006657838821411133,-0.005916655063629206,-0.00016824901103970613,-0.000625759363174494,0.000579833984375,-0.00054931640625,0.00146484375,0.0005418658256530762
0222f2054a72477a9af17694d4ab1a9e,middle,W4,a3_middle_W4,15219.759846478464,23292734.238030598,14570.720023036241,21348345.302266885,649.0398234422228,1944388.935763713,73031.94588283596,109113349.158063,653.5616767255137,-0.0013742446899414062,0.02315044403076172,0.05569815635681152,-0.003708362579345703,0.000909954309463501,0.001861572265625,-0.0004425048828125,-0.0008544921875,-0.00537109375,1.0371208190862458e-05
0228c654c3b44da99c4b3b75d5f8b1cb,middle,W4,a3_middle_W4,16938.095521947118,28781327.022906717,16234.53197459682,26439246.82280071,703.5635473502971,2342080.200106006,78647.84545300466,125944355.43541588,727.349854499975,-0.00030693411827079076,0.0029605627059936523,0.008701086044311523,-0.005646318197250311,-0.00022515654563901033,-0.0008122622966766357,-0.0001220703125,-6.103515625e-05,-0.0009765625,0.00012370944023126773
022a46a47f70497badb519b86f7d0dfa,middle,W4,a3_middle_W4,10952.55173347295,12090900.077489415,10476.473488991174,11062915.19704966,476.078244481776,1027984.8804397546,55578.68895663189,63619443.14775033,470.3206980632986,-0.0008458495140075684,0.001033544540403497,0.006140470504760742,-0.0011296272277832031,0.0024107694625854492,0.0002784132957459051,-4.1961669921900153e-05,-0.00030517578125,-0.001220703125,-2.682209014892578e-06
022c1581dcd44145a86c1522d7ab44d3,middle,W4,a3_middle_W4,16467.839985420876,27257865.571387075,15781.59525956629,25032383.396184556,686.2447258545872,2225482.1752025187,77832.65967500578,123674595.7755358,707.1563034819767,-4.926323890680484e-05,9.000301361083984e-05,0.005697011947631836,-0.003210455179214422,0.00013509392738342285,5.513429641723633e-06,0.0001068115234375,6.103515625e-05,-0.000732421875,0.00041425228118896484
023d8f2444234e6185ca713309cfeb99,middle,W4,a3_middle_W4,14030.272122384893,19791023.021827437,13428.143299817335,18128868.858323213,602.128822567558,1662154.1635042243,68185.38720871019,95190805.02707605,602.4831052339349,0.0009423047304153997,-0.0019145011901837705,-0.0032961368560791016,6.783008575439453e-05,0.001838386058807373,0.00020259618759149722,-3.0517578125e-05,0.0001220703125,-0.001708984375,0.00010767579078679868
0247b01389f541e8a22ab2f98e44c953,middle,W4,a3_middle_W4,15124.488270411568,23046993.792318996,14482.903255151194,21131496.715066563,641.5850152603743,1915497.0772524327,73002.77348270081,109380418.51151083,649.4705575733958,0.00021959841251370515,-0.018299818038938653,-0.017464160919182348,-0.004038572311401312,0.0027940869331359863,-0.0013216137886047363,6.103515625e-05,0.0001220703125,-0.0029296875,0.0005476474761962891
024a0d26f2ab4be8bacf86127e23e6aa,middle,W4,a3_middle_W4,15638.636349907161,24574015.690935757,14985.973688342026,22562828.05285495,652.6626615651348,2011187.6380808055,73634.09247059478,110795352.8727714,671.5489270292774,9.913742542269621e-05,0.002423524856567383,0.006372928619384766,-0.003690183162689209,-8.195638656616211e-06,-0.0005929470062255859,-6.103515625e-05,-0.0006103515625,-0.0029296875,-1.6123056411687653e-05
024b1ec28a404f46866c62a69d6370d8,middle,W4,a3_middle_W4,14937.159177023173,22383414.193250313,14309.40219970439,20540106.960868992,627.7569773187843,1843307.2323813215,70288.19025261507,100778906.3401687,641.4263362710001,0.00024941563606262207,-0.0038725137710562407,-0.0004911422729509951,-0.002548187971115057,-0.0002216696739197055,-0.00028687715530389957,0.0,0.0,-0.00244140625,0.0002620816230773926
025784ce00f14da9bcfe44013eb2289c,middle,W4,a3_middle_W4,15658.586522873458,24652755.960563254,15014.186471215184,22662037.816963136,644.4000516582746,1990718.1436001174,76134.40431315606,118283050.30876172,672.4056204742684,-0.00011743605136879665,0.006237030029297763,0.011831521987916815,-0.003948032855987493,-1.9714236259488205e-05,-0.0009791851043701172,-2.2888183593800307e-05,-0.00030517578125,-0.000732421875,0.0005877912044525146
025828c4084440649cde38135a9d8a2e,middle,W4,a3_middle_W4,17114.207188201588,29386125.151028905,16403.474234482863,26995577.921242572,710.7329537187252,2390547.2297863327,77658.55002673957,122989882.52976653,734.9123809162395,-0.00056660175323478,0.0237202644348109,0.022721290588378906,-0.006541907787322998,-0.00043585896492009946,0.00040081143379211426,-0.0001754760742188003,-0.00030517578125,-0.00146484375,0.00014886260032653809
025c1e16f9634c71be21574417c1b8a7,middle,W4,a3_middle_W4,15006.509160575208,22646695.336660203,14374.348088059407,20777458.038271,632.1610725158007,1869237.2983892038,71632.97835429631,104899970.58959785,644.4043393399277,-7.43567943572998e-05,0.007994174957273614,0.029828548431396484,-0.0037438273429870883,0.0005220323801040927,0.0007026493549346924,1.52587890625e-05,6.103515625e-05,-0.003662109375,0.0010127425193786066
025cf7f3f4524bf7b69a822007bcdf3a,middle,W4,a3_middle_W4,14886.977708582615,22302361.81599017,14267.381753075108,20482276.958522364,619.5959555075078,1820084.857467804,70209.03594858476,101116839.82172947,639.2714609651224,-0.0006740689277648926,0.07639765739440918,0.06860852241516469,-0.0026764571666718084,0.002393811941146795,0.0001202523708344061,-0.0001373291015625,0.0,-0.004150390625,0.00026279687881469727
026dd4fca8a347e799ff5bfd78df68bb,middle,W4,a3_middle_W4,15025.306798614743,22755558.702978067,14395.418342632098,20886664.54868294,629.8884559826456,1868894.1542951278,70685.21031041566,102562654.38024418,645.2115410277022,-0.0006328523159026822,0.02276062965393244,0.036482810974121094,-0.002921819686889593,0.0015887022018433172,0.0009623169898986816,-0.0002212524414063003,-0.000244140625,-0.004638671875,-0.00026166439056402035
0278450d1e324c33904e160e115f6fbd,middle,W4,a3_middle_W4,16006.731487475501,25788807.227991465,15338.237337462775,23678269.03576142,668.4941500127261,2110538.192230046,75760.96603750809,117451960.9994678,687.355541439119,0.0004961043596267978,0.019717216491700995,0.022664070129398084,-0.004140719771385221,0.00033909082412719727,0.00017309188842773438,-4.57763671875e-05,0.0,-0.001220703125,-0.00016829371452331543
0281cce51dcb43988b3d3760c0fb335e,middle,W4,a3_middle_W4,15586.823589185482,24418202.506767888,14931.016000317559,22405614.36138771,655.8075888679232,2012588.1453801766,74930.00484954484,114565306.64813751,669.3240013330368,5.069375038138646e-05,0.008985400199890137,0.00841379165649414,-0.001256793737411499,0.0011568367481232245,0.0005536675453186035,-3.0517578125e-05,-0.0003662109375,-0.002197265625,0.0008626133203506192
02871968fcbd46dc9f5059ec1fc7d13b,middle,W4,a3_middle_W4,17586.07529454465,31069670.97083675,16857.58531815557,28547945.578175616,728.4899763890826,2521725.3926611356,81314.96947534708,135033188.14056164,755.1751783509982,2.949684858319368e-05,0.026602745056152344,0.025452375411983752,-0.004298970103263883,0.0005790293216705877,0.0003116726875305176,0.000396728515625,-0.00042724609375,-0.00146484375,0.0006922483444213867
0288b5d8dfda43b9938f0dcf1ac86da2,middle,W4,a3_middle_W4,17690.772044426623,31453630.047667775,16949.10188770865,28871287.190197963,741.6701567179734,2582342.857469812,83110.63842626808,141001393.0142826,759.6710300655313,0.000276960432529505,0.018541812896730292,0.021409988403320312,-0.0043960958719254095,0.0005978941917419989,0.0014157891273498535,0.00018310546875,-0.000732421875,-0.0009765625,0.0003689825534821112
028f74fc5b384764826acb595846b9d8,middle,W4,a3_middle_W4,16886.449554128896,28673871.79321061,16199.45599977986,26386096.072943546,686.9935543490355,2287775.720267065,78089.20381223463,124501001.9236833,725.1320911670535,0.00020325183868408203,0.010145902633668769,0.012412071228030896,-0.004733964800834711,0.0004379451274871826,0.0003000795841217596,0.0003662109375,9.1552734375e-05,0.00146484375,0.0004558265209197998
0290737f64b14b08b87faa644580f3a9,middle,W4,a3_middle_W4,15484.91450199136,24074469.130035687,14834.943389926591,22094841.552130315,649.971112064768,1979627.5779053718,73271.34547812323,109609260.68217342,664.9478564679412,-0.0001404881477355957,0.010788440704343927,0.017061233520507812,-0.0018460452556610107,-0.00021383166313165836,-3.495812416071109e-05,2.2888183593699693e-05,-0.00048828125,-0.00146484375,0.0003439784049987793
029bf16fe8e2495bbadd991b7358559a,middle,W4,a3_middle_W4,17599.08002367246,31130236.7559147,16876.42372314116,28623653.359923262,722.6563005313001,2506583.395991437,80891.6009727381,133875697.52552505,755.7336229427568,-3.4406781196608116e-05,0.02650618553161621,0.023641586303710938,-0.002890691161155673,-0.0004616379737854004,0.000802159309387207,0.0002059936523436997,0.0001220703125,-0.000244140625,0.0005038082599640448
029d4dcccd66451c847a4dc5da36b5e6,middle,W4,a3_middle_W4,16497.37825928238,27292866.59611738,15801.366275282191,25038672.845895294,696.0119840001898,2254193.750222087,76871.1146794997,120405733.6551148,708.4247258478504,-0.00037352740764620695,0.001984238624572754,0.0039446353912353516,-0.0029894113540649414,-5.7131052017211914e-05,0.0005252659320831299,-4.57763671875e-05,-0.00018310546875,-0.00244140625,0.00025415420532232114
029e028b4a6842c29183b6a30bb2f04e,middle,W4,a3_middle_W4,16462.52515172317,27244586.081456117,15773.199276724723,25009300.09308736,689.325874998447,2235285.988368757,77920.62893133172,123830805.6902387,706.9280757268721,-8.675456047060881e-05,0.008386373519897461,0.009936094284057617,-0.003503322601318415,-9.013712406161223e-05,0.00023221969604492188,-3.0517578125e-05,0.000244140625,-0.000244140625,2.7179718017578125e-05
00001ec0d78549e1b8c2083a06105c29,middle,W5,a3_middle_W5,12207.530217714599,14971763.18217057,11687.268615533749,13722976.49140944,520.2616021808499,1248786.6907611303,76405.05545322389,119174252.32258907,524.2115511837695,-0.0008349120616913119,0.05420565605163574,0.05208730697631481,-0.004317805171012878,9.816884994506836e-05,0.001003265380859375,-0.00015640258789060071,-0.000244140625,-0.001708984375,-5.206465721130371e-05
0005d5eb0eb847648bf2e76f6931ed48,middle,W5,a3_middle_W5,13388.492432187864,18032305.41558104,12818.961710323918,16531719.423570108,569.5307218639464,1500585.9920109324,81670.19577629949,135880987.3395244,574.9240231824135,-0.0001609846949577054,0.01602828502654674,0.019330978393554688,-0.005867928266525296,-0.00020833313465121184,0.0005090534687042791,-0.0005035400390625,-0.000457763671875,-0.00146484375,-0.00043442845344537906
0005df571e71437991594d0affec9c2b,middle,W5,a3_middle_W5,13520.301909724449,18367491.47343737,12952.817936929614,16858411.13044421,567.4839727948347,1509080.3429931588,79625.12344968675,128728200.10909079,580.5841402943834,-0.00026486814022061433,0.011036396026609552,0.019854307174679064,-0.005159735679626465,-0.00011248886585230045,0.00020998716354370117,-0.000213623046875,-0.0001220703125,-0.001953125,5.066394805908203e-07
000c895f9ef6491894ac588634f3d2b5,middle,W5,a3_middle_W5,11195.767012785116,12580346.350962631,10708.289440028626,11508939.163252903,487.4775727564902,1071407.1877097283,71992.01221741225,106143848.48334861,480.76476468168886,-0.00023825466632840242,0.029639005661010742,0.0332188606262207,-0.0007438063621520996,0.0013331770896911621,0.0013217329978942871,-5.7220458984400153e-05,-0.000244140625,-0.001220703125,0.0002103000879286887
000d1c5d169f4fda93a32f2eaeac80d8,middle,W5,a3_middle_W5,12190.846172074773,14924977.245607201,11670.939975075611,13679570.927014727,519.9061969991617,1245406.3185924739,73508.83589540665,109863877.33437012,523.4951106516642,-0.0006216317415237149,0.05991101264953613,0.03741025924682617,-0.0030373334884643,0.0006591081619262695,-0.000641167163848877,-4.1961669921899286e-05,6.103515625e-05,-0.001220703125,0.00011388957500457764
00133744383047b888486d10548eb32d,middle,W5,a3_middle_W5,11156.271648351503,12516625.475284629,10667.628815737393,11444509.87114867,488.6428326141104,1072115.6041359585,69650.8542348625,99023649.55452245,479.06876836752303,-0.0002368539571762085,0.0313949584960973,0.03473043441772816,-0.0020070225000382302,0.0012899339199066162,0.0004342496395111084,-9.918212890619969e-05,-0.000244140625,-0.001953125,0.00010412931442260742
0013d88f17a245b0bff5ebe713bd72ab,middle,W5,a3_middle_W5,13196.971495854325,17484460.12685649,12640.463891387879,16041042.734894695,556.5076044664456,1443417.3919617962,78738.8666182217,126090001.98338075,566.6997972063939,4.494190216058902e-05,0.011183023452758789,0.012421607971191406,-0.002375647425651606,0.0006159096956252774,0.00017404556274414062,-0.00030517578125,-0.0001220703125,-0.0029296875,-0.00017324090003967285
0015eb3cf53b4339b2d0532cf912ab26,middle,W5,a3_middle_W5,13507.708093071018,18366888.258085918,12926.777243335473,16822491.853381094,580.930849735545,1544396.404704824,79931.71204816208,129752468.69176167,580.0433409643405,-0.0003515779972076971,-0.0031751394271850586,-0.0015354156494140625,-0.0035969316959381104,0.00026214122772211246,-3.0428171157892425e-05,-0.0001449584960938003,-0.0003662109375,-0.00341796875,0.00017556548118591309
001e6d1b655542b48dbe00f3a3ccc616,middle,W5,a3_middle_W5,9868.607972284219,9788772.019952621,9440.808443834665,8958205.500423398,427.7995284495537,830566.5195292234,64228.03275298087,84503220.43921505,423.7743590156044,-0.0006051510572432917,0.045604705810546875,0.04520177841186879,-0.0008066594600678045,0.0021885037422180176,-6.660819053649902e-05,-9.1552734375e-05,-0.000213623046875,-0.002197265625,0.00015300512313842773
001f17841a2642e4a9fa2f9b1687aa1e,middle,W5,a3_middle_W5,13271.53155954794,17701695.64964131,12707.425063450713,16229515.109698262,564.1064960972271,1472180.5399430469,79585.60329262071,128836115.71979614,569.9015297393573,-0.0008102208375931064,0.01444101333618164,0.019609928131103516,-0.0029748231172561923,0.0003057420253753107,0.0009965896606445312,-0.0002059936523438003,-6.103515625e-05,-0.00244140625,-0.00042185187339777164
0029e901155f414696aa6b470cbe40d4,middle,W5,a3_middle_W5,13174.101656275916,17420977.55384193,12615.392590459454,15974755.656821776,558.7090658164616,1446221.8970201537,79073.47090174473,127249947.85769534,565.7177284449892,0.0001639872789383212,0.01669526100158869,0.022721290588378906,-0.0023682862520217063,0.00023418664932250977,0.0003426671028137207,-0.0002670288085936997,-0.0001220703125,-0.001953125,-0.00029841065406793765
00317d7cb89c4f84b28090ec8eeb361a,middle,W5,a3_middle_W5,11512.595223486638,13305534.876089776,11013.807963087062,12178096.268526658,498.78726039957655,1127438.6075631175,72112.1367604765,106099626.9684087,494.3698924043804,-0.0002329051494598111,0.04863262176513494,0.052366256713863635,-0.002933517098426902,0.0013008713722229004,0.0011785030364990234,-4.9591064453099847e-05,0.0,-0.001220703125,8.976459503171053e-05
003245510e8f4bcb98f1794348606f68,middle,W5,a3_middle_W5,12409.990651245911,15482824.239851296,11879.822075621394,14189206.850577133,530.168575624517,1293617.3892741632,74397.50850462151,112629684.57888131,532.9055372744841,-5.5462121963500977e-05,0.01956343650817871,0.02106308937072754,-0.004138261079788291,0.0014313161373137873,0.0010650455951690674,-3.814697265629944e-05,0.0,-0.002685546875,0.0004667043685913086
004459ae7559418fad89ddb73e140b56,middle,W5,a3_middle_W5,13801.753631674355,19151617.23317292,13215.901568651101,17561190.565069802,585.8520630232542,1590426.6681031175,82506.43675214914,138347801.56209058,592.6701430414914,0.0005189031362533986,0.0012636184692382812,0.010324716567993164,-0.00407193601131442,0.0007906556129456122,0.0009131133556365967,-0.000396728515625,-0.000244140625,-0.00341796875,2.5510787963867188e-05
0047b3f31cc844d2bfe8e59820b87312,middle,W5,a3_middle_W5,12584.749101739853,15908514.862438533,12049.669103110087,14584983.497368922,535.0799986297661,1323531.365069611,76511.84249382526,119255452.13857098,540.4099543664005,0.0004387944936752042,0.0054007768630981445,0.011451244354248047,-0.0020623505115509033,-0.00034439563751220703,-0.0006476342678070068,-0.000244140625,-0.00048828125,-0.003662109375,0.000139921903610285
0048e8224b174b759771e39ff521ee2e,middle,W5,a3_middle_W5,10830.292941697578,11805870.77688688,10356.236846715816,10795973.499503106,474.0560949817627,1009897.2773837745,68966.15576227743,97266560.16136228,465.0707032044352,-0.000315397977828924,0.01416027545928955,0.015327930450437677,-0.0022936463356018066,0.0008388757705687921,-0.00023472309112548828,-0.00010299682617190015,-9.1552734375e-05,-0.00244140625,0.0004808604717255194
004a33ffd2654583822bdd2eed1241ba,middle,W5,a3_middle_W5,13441.603959436525,18155482.037921652,12871.483215328353,16648594.066004846,570.1207441081715,1506887.971916806,81567.64694548855,135387206.41949806,577.2047200627994,-0.000326499342918396,0.06250143051147461,0.04193544387817383,-0.005585193634033203,0.0034636259078979492,0.0029529929161071777,-0.0003204345703125,-0.00030517578125,-0.00341796875,8.365511894226074e-05
0050d3fb84444ea1b9079a1575887aa1,middle,W5,a3_middle_W5,13712.686081636413,18917959.823326737,13126.776413347652,17337456.360955037,585.9096682887612,1580503.4623716995,78686.47755671566,125385566.21040562,588.8454350348075,-0.0006235241889954168,0.04475831985473455,0.03349065780640004,-0.003743469715118408,0.0002983510494232178,0.0006668865680695135,-0.0002975463867186997,-0.00018310546875,-0.00341796875,3.892183303833008e-05
00519a09c83e410f9734b3cfe8bcb604,middle,W5,a3_middle_W5,13088.273243544401,17209010.196836438,12530.724858753903,15774599.906397685,557.548384790498,1434410.2904387526,78986.194574544,126852601.77217548,562.0321143550615,-0.00014202296733858977,-0.006378889083862305,0.007760524749755859,-0.0031448602676392157,-0.0004135072231293002,-0.0005130171775817871,-0.00054931640625,-0.00030517578125,-0.0029296875,-0.0007009208202362061
0053d2ac9bc14142bffaa42593c00a8a,middle,W5,a3_middle_W5,10420.785967107478,10898046.818700232,9967.315156808489,9970217.889625449,453.4708102989898,927828.9290747829,66073.87716790853,89287544.63103946,447.4857959757035,-0.0003365278244018832,0.02941727638244629,0.030112266540530896,-0.0007699280977248868,-0.0022926628589630127,0.0009537935256958008,3.0517578125e-05,-0.00030517578125,-0.000244140625,0.0006912648677825928
005c0d7ccf7749f99a4cc8e88bda073d,middle,W5,a3_middle_W5,10455.882569295709,10987235.55075677,9998.906709867337,10047811.268559176,456.97585942837213,939424.2821975928,66663.41335031441,90846413.20698811,448.99290215903903,-0.000533372163772583,0.0075560808181762695,0.010868310928346503,-0.000668793916702215,-0.0005936473608016968,-0.00011837482452398129,-8.392333984369969e-05,0.0001220703125,-0.00146484375,0.0003418922424315851
005ee892a99b4ae8a26bb1c8123fdd80,middle,W5,a3_middle_W5,15307.96008897073,23664794.29966838,14659.157860387584,21703774.7632799,648.8022285831466,1961019.5363884792,86737.76087533915,152495135.65786406,657.3491411107798,-0.0005059354007244006,0.05417466163635254,0.05347013473510742,-0.004915595054626465,0.0005593001842499057,0.0011804401874542236,-0.0002670288085936997,-0.00030517578125,-0.0048828125,-1.2218952178955078e-06
006ce7ce9e1b45558fe805882a705991,middle,W5,a3_middle_W5,9210.144054826258,8509153.602265595,8811.225776441815,7787927.6435378995,398.9182783844426,721225.958727695,58714.35307875812,70496964.88977286,395.49882863286655,-0.0004341304302215021,0.0123631954193133,0.014417171478271484,-0.0004868805408477228,0.0015038251876831055,0.0020282864570617676,-2.2888183593699693e-05,-0.0003662109375,-0.000732421875,0.00028905272483831235
006d40ce26e64b4c930124ddae278c05,middle,W5,a3_middle_W5,12789.809024211403,16436179.336707572,12235.786336906835,15043631.452693071,554.0226873045685,1392547.8840145003,76607.50255930056,119272923.6554066,549.2155668143997,-0.0005045384168624045,0.027588605880737305,0.04420518875121715,-0.003103762865066473,-0.000541925430297796,0.0008326470851898193,0.0002593994140625,-6.103515625e-05,-0.001220703125,0.0006579756736755926
00713006ea594a598ad966c5b36c7922,middle,W5,a3_middle_W5,13757.955997309455,19052864.464043573,13178.437103261263,17482651.449814,579.5188940481912,1570213.0142295733,80897.81786151473,132950076.2770754,590.7894001361586,-3.2365322113009354e-05,0.007042884826660156,0.005788803100582385,-0.007166758179664612,-0.0004101395606995184,-0.0014462471008300226,-0.0001602172851563003,-0.0001220703125,-0.002685546875,0.00020810961723322086
0078e62e7d774effa973885c78ffbf6a,middle,W5,a3_middle_W5,11801.729781551165,13990124.723546611,11293.860918647195,12811864.862409325,507.8688629039698,1178259.8611372858,74656.1718398712,113859475.42959198,506.78580884945256,-0.0009461790323256891,0.04333615303039551,0.04028916358948109,-0.0025580823421479104,0.0014344453811644953,0.0006265044212341309,-0.000152587890625,0.000244140625,-0.00146484375,1.8537044525146484e-05
007ced0c381749a394866f5fa71fd303,middle,W5,a3_middle_W5,12396.46451394531,15422352.036837785,11864.548687782635,14127689.508389652,531.9158261626744,1294662.5284481328,75999.77098289269,117570851.01383027,532.3247025528478,-0.00020568072795870695,0.012919902801513672,0.012621879577636719,-0.002328887581825201,0.0025237202644348145,-0.0014742016792297363,-6.866455078119969e-05,-0.000244140625,-0.00244140625,0.0005485713481903076
00820ef5fe4843cf8beef97281048215,middle,W5,a3_middle_W5,13374.699114706218,18007920.341441263,12803.364697266545,16503218.214311317,571.3344174396734,1504702.127129946,80224.6793281172,130846881.71421678,574.3317153016162,-3.74764204024991e-05,0.012884140014648438,0.02169609069824041,-0.0034437775611876886,-2.5540590286310394e-05,0.0005624592304230291,-0.0002593994140625,-0.00018310546875,-0.00439453125,0.00041028857231140137
008f8f5241b947f29838e2a780e3790a,middle,W5,a3_middle_W5,8696.928693041467,7581312.637980717,8321.370233705315,6940601.863021277,375.55845933615274,640710.7749594403,57433.80261965319,67842806.02874383,373.46051161914795,0.00014704465866083316,0.006063580513000488,0.006601810455324042,8.410215377813168e-05,0.00022767484188081222,1.2129545211791992e-05,-9.1552734375e-05,-0.00018310546875,-0.00146484375,0.0005667507648468018
0092c97c01714eb98d6f4b635c5ee9ec,middle,W5,a3_middle_W5,11403.468677216439,13061072.062297795,10909.103786984402,11953080.547631811,494.3648902320365,1107991.5146659836,72621.77599834623,107764158.07444036,489.683817901561,0.0003960877656936923,0.02567768096923473,0.03628730773925781,-0.0009786486625671387,3.084540367120914e-05,0.000743031501769964,-0.00011444091796869969,-6.103515625e-05,-0.001708984375,0.00020429491996759586
00a1a602456f4eb188b522d7ef19e81b,middle,W5,a3_middle_W5,13160.5070843004,17423676.368565727,12607.096987237222,15989399.095842324,553.4100970631771,1434277.2727234028,77990.18893735182,123586245.35082835,565.1339550251516,-7.3432922363309e-05,0.017095804214475763,0.017153024673465467,-0.0035283267498016913,0.00011539459228521176,0.0009065568447113037,-0.0002517700195311997,0.0001220703125,-0.00341796875,-4.407763481140137e-05
00a1d892548542c7ab83565070737d6b,middle,W5,a3_middle_W5,11822.541499404837,14103240.928145012,11306.021139384926,12898864.639972644,516.5203600199111,1204376.288172368,71953.51750481798,105469985.46964164,507.6794984577766,0.00010162591934209653,0.0021016597747802734,0.00287532806396662,-0.004114449024200384,0.00022814422845839066,0.0,-0.0001373291015625,0.0,-0.0029296875,-7.4803829193115234e-06
00a38a2327cd41b885d6ebbb6ac0a91c,middle,W5,a3_middle_W5,11976.63809438582,14391216.039116057,11457.340154067828,13170828.95701538,519.2979403179925,1220387.0821006764,74245.50818930156,112442168.82370728,514.2966612783033,-0.00017334520816800203,0.04473686218261541,0.045015811920166016,-0.002626717090606745,0.002727180719375555,0.0007638335227966309,-0.0001068115234375,-0.00018310546875,-0.002685546875,0.0004418492317199707
00a69ec5e0cb4e1b9c6d6285bde5de3e,middle,W5,a3_middle_W5,13515.54546344267,18380067.142213512,12941.345933984569,16852497.77173285,574.1995294581011,1527569.370480664,80733.77910213952,132474934.32782446,580.3798906190578,-0.00030966103076929263,0.006089210510253906,0.01859307289123535,-0.00408580899238592,-0.00018952786922449283,-3.4362077713012695e-05,-0.0001602172851563003,-0.000244140625,-0.00244140625,3.302097320562192e-05
00a776f578304cce8c096fc0034582ef,middle,W5,a3_middle_W5,12650.427896706966,16078575.772986013,12111.745459210942,14738631.640348189,538.6824374960233,1339944.1326378249,77042.93699036202,120734284.87513833,543.2303105216224,-0.0002608448266983032,0.02449631690979004,0.024805068969726562,-0.002147763967514038,-0.000562280416488592,-0.0002579689025878906,-0.0002288818359375,-0.000244140625,-0.001953125,-0.00011411309242248535
00a97894440b42ebbde2435e9430106c,middle,W5,a3_middle_W5,12381.784588905539,15404104.656389495,11851.2960022833,14113857.773230772,530.4885866222394,1290246.883158723,75031.46703285146,114590534.10661165,531.6943222761566,-0.0003383904695510864,0.02229452133178711,0.023097991943359375,-0.004927873611450195,0.0005120038986206055,0.0018171072006225586,-0.0002288818359375,-6.103515625e-05,-0.002685546875,2.1651387214605133e-05
00a9925ae746466b91ce457c67bef43f,middle,W5,a3_middle_W5,11812.52918819552,14014666.798253555,11302.493827882248,12830804.373280702,510.03536031327167,1183862.4249728527,74449.42985183743,113360362.39025995,507.2495532439319,-0.00024037063121801205,0.014619827270507812,0.02008318901062367,-0.002368107438087519,0.0009423494338989258,0.0014906823635101318,-0.0001220703125,-0.0001220703125,-0.0009765625,0.000268250703811701
00ae6eda19634ee6b0a4a52789c9ff90,middle,W5,a3_middle_W5,11443.006777106908,13171023.949114744,10951.353495140902,12063111.673090855,491.65328196600603,1107912.276023889,71507.18423988974,104348608.66988043,491.38164934697215,-0.0008899122476578036,0.053281784057618964,0.055366754531863904,-0.0019029974937438965,0.0003094673156738281,0.0011997222900390625,-0.000213623046875,0.00018310546875,-0.001708984375,-0.00012506544589990787
00bc54b70fea4c94bf54bdb4d041522c,middle,W5,a3_middle_W5,12301.855894344293,15201475.963576587,11779.408528186788,13937651.941353688,522.4473661575048,1263824.022222899,74481.6107454883,112816687.13206807,528.2620518485772,-0.0010717362165450772,0.01801252365112127,0.011689662933353162,-0.00579151511192319,-0.0004087090492248535,8.225440979003906e-06,-0.00010299682617190015,-6.103515625e-05,-0.0015869140625,0.00011497735977172852
00bf94f9be9346d5bf6fcdb88e0f68c3,middle,W5,a3_middle_W5,11918.366621700898,14273596.742756564,11408.605857697947,13078763.759402113,509.76076400295096,1194832.9833544511,73798.53520744796,111095619.59306529,511.7943878011017,-0.00014318525791170988,0.02275705337524414,0.022346973419189453,-0.0016383230686188022,0.0005523860454559049,-0.00019621849060058594,-0.0002670288085938003,0.0,-0.002197265625,-0.00011777877807617188
00c01670fa9545fc82e1fbfb9f70a259,middle,W5,a3_middle_W5,12432.111012738125,15500453.084937854,11900.473785284503,14203516.7961163,531.6372274536225,1296936.2888215538,75798.72174156018,117112294.87796885,533.8554222064708,-0.0001506507396697998,0.0031191110610961914,0.00597834587097168,-0.0020421594381332953,0.00038141012191769685,0.0007731020450592041,-0.0001754760742188003,-0.0001220703125,-0.00244140625,0.00012043118476873227
00c1673e7c8e4c2fbc0c9a1084acc067,middle,W5,a3_middle_W5,9887.666617718838,9820035.426506834,9460.361366687443,8989328.060821839,427.3052510313955,830707.3656849954,64424.45707460727,85018401.18624741,424.59276879289456,-0.0006817281246185858,0.034282207489011896,0.05079507827759144,-0.0004842579364776056,0.0014666914939880371,0.0006222724914550781,-8.392333984379944e-05,-0.00018310546875,-0.0006103515625,-0.00018417835235601254
00c5fc33cf54446093cca570c2ac5db0,middle,W5,a3_middle_W5,11638.333089707807,13613254.49972673,11128.934638026401,12448269.622996222,509.3984516814053,1164984.8767305072,72538.98451534612,107325932.5325178,499.76928447786366,-0.0008888095617294034,0.04652857780456543,0.05033016204833629,-0.0025599300861358087,0.0015417933464050293,-2.682209014892578e-06,-0.00015640258789059985,6.103515625e-05,-0.00048828125,-0.00021335482597351074
00cc1d02ab5c4e1abcbc080bbdc6bdc4,middle,W5,a3_middle_W5,9845.193809945962,9726509.36518075,9416.276729943553,8897279.49878846,428.9170800024094,829229.8663922902,62779.2827572915,80528855.50446154,422.76891613403,-5.6356191635131836e-05,0.013506412506103516,0.02415776252746582,0.0001131296157836914,-0.0009500384330748957,0.00023609399795532227,3.814697265630031e-05,-6.103515625e-05,0.0,0.00021216273307800293
00d319b11c2c41c6b9a36287abf6922e,middle,W5,a3_middle_W5,13623.753754788038,18652292.40872938,13047.240753538485,17108031.589868374,576.5130012495538,1544260.8188610077,80924.58572281196,133047332.20668913,585.02653373568,-0.0005551055073737959,0.03670454025268555,0.027949810028076172,-0.004208624362945501,0.0021852850914001465,0.0004341006278991699,-0.00019073486328120056,-0.000244140625,-0.0030517578125,0.00023126602172851562
00d9bd8bee204fe3a42c320ce24a32fd,middle,W5,a3_middle_W5,9664.167234324414,9379937.003820386,9245.203359832167,8584211.403085101,418.96387449224676,795725.6007352844,62983.74470122745,81388698.51786092,414.99533537529857,-0.0004604458808898926,0.003914237022399902,0.006299018859861505,-0.0007582306861877997,0.00046890974044799805,0.0006302595138549805,-0.0001373291015625,0.0,-0.0009765625,-0.00023159384727478027
00da1beacd7e456f81bcdd0343048166,middle,W5,a3_middle_W5,13258.320377433942,17707382.333732523,12698.464727859166,16244642.600036444,559.8556495747762,1462739.7336960789,79779.20235467707,129463870.99814393,569.3342197146891,-0.0008865743875502985,0.08263587951660512,0.06017923355102894,-0.00564099848270419,0.001079261302947998,0.0010654330253601074,-0.0003128051757813003,-0.00030517578125,-0.003662109375,-0.00010249018669128418
00db57d6cb5540089860f0de1d2c643d,middle,W5,a3_middle_W5,11584.97556360328,13495711.43262567,11086.129604418344,12359296.24735078,498.8459591849369,1136415.1852748897,72260.17675537243,106509517.36553834,497.47802399947517,-0.0008042156696319025,0.08742570877075195,0.06906509399414062,-0.004426106810569791,0.001064598560333252,0.0005673766136169434,-0.00012588500976559985,6.103515625e-05,-0.001953125,0.0002852976322174072
00ddbd37e24c43569cb77919361bfaa9,middle,W5,a3_middle_W5,14164.741958241366,20154537.13480497,13568.02584982732,18493537.54581493,596.7161084140462,1660999.5889900401,83478.66071741116,141502676.0479969,608.2574625350915,4.373490810408165e-06,-0.007916688919067383,0.003407001495361328,-0.003407269716262762,0.0014235377311707098,0.00042307376861572266,-0.0002212524414063003,-0.000244140625,-0.00341796875,-5.7220458984375e-05
00e99d9188c64441b8ae7a3f73f37164,middle,W5,a3_middle_W5,13203.233823578772,17530751.5435926,12645.429706401348,16081126.237214128,557.8041171774239,1449625.3063784707,78784.70627824064,126108742.57120039,566.9687119231227,-0.0009343028068542203,0.09483933448791682,0.056672096252441406,-0.0038912594318389893,0.0011986196041107178,-0.00030368566513061523,-0.0001907348632813003,-6.103515625e-05,-0.002685546875,7.799267768854312e-05
00ea067d2d0d4e5abbe36abcdd2117b9,middle,W5,a3_middle_W5,11035.498647772496,12212168.838451385,10557.098216332704,11176721.498462908,478.40043143979165,1035447.3399884775,69285.31820166658,97944324.9432895,473.882575841637,0.0001558065414429266,0.0029981136322021484,0.004961490631103516,-0.0023159384727478027,0.00013843178749090024,0.00029957294464105777,-7.62939453125e-05,0.0,-0.00244140625,0.00039164721965789795
00ed0007c9c84409adb2e257fad235d1,middle,W5,a3_middle_W5,12117.981528508248,14758118.144557815,11594.217068492511,13510485.889604738,523.7644600157364,1247632.254953077,73515.85662654007,109968797.65583469,520.3661822649021,-0.0010356307029723844,0.06147265434264959,0.055207014083862305,-0.004310846328735296,0.0008300542831420898,-0.00014415383338922672,-0.000152587890625,-0.00018310546875,-0.00244140625,9.500980377202817e-05
00ef198a19a8403d903dbfa7cfaaf9bd,middle,W5,a3_middle_W5,13403.435063391864,18076497.066405863,12834.566967553497,16575471.41717153,568.8680958383666,1501025.6492343321,79893.57781416508,129805882.12710437,575.5656844965791,5.215406418124235e-07,0.029422640800476074,0.027066469192504883,-0.0057138800621032715,0.0001566708087920865,-0.00039955973625183105,-0.000396728515625,-0.0003662109375,-0.0029296875,-0.00020715594291692563
00f9cb1a42b4498e838107f82557c9f3,middle,W5,a3_middle_W5,11950.895499986345,14351343.363075702,11441.659029906292,13154466.832220342,509.23647008005355,1196876.5308553595,73593.09962404214,110319785.836625,513.1912316704321,-0.0006138831377028864,0.03627538681030451,0.0342631340026891,-0.0023039430379867,0.0017837285995483398,0.0006130337715148371,-0.0001335144042968004,6.103515625e-05,-0.00244140625,6.29425048828125e-05
00fa05ae10834647a8bf00c5a5a899a1,middle,W5,a3_middle_W5,13432.519076757393,18134362.57250156,12869.204696732559,16645470.4482646,563.3143800248345,1488892.124236958,81162.69267952921,134041348.51150429,576.8146001649483,-0.00043703615665439954,0.032523870468141425,0.030882358551021838,-0.005252406001091003,0.00048035383224481754,0.0013219118118286133,-0.000152587890625,-0.00042724609375,-0.00244140625,7.331371307367496e-05
00fab46ab0134de8b7c6b39f9ef2f708,middle,W5,a3_middle_W5,12801.773193296629,16450781.710489571,12257.1028894335,15081748.319650251,544.6703038631294,1369033.3908393197,76679.72688887441,119426956.75273679,549.7293280357882,-0.0002779662609100897,0.02641439437866211,0.024173259735107422,-0.004357486963272095,0.00046247243881231137,0.0009210109710693359,-0.0002212524414063003,-0.0001220703125,-0.00341796875,-1.043081283569336e-05
00fadd5980ed4228bc28217eb11c5d27,middle,W5,a3_middle_W5,11555.982582931096,13409452.291865898,11053.746996555454,12269442.960401408,502.235586375642,1140009.33146449,73409.66463253065,110206057.65282786,496.2330174256186,-0.00021211802959439363,0.004145503044128418,0.006999969482421875,-0.0004687756299972812,0.0011460185050964355,0.0002275705337524414,-8.392333984369969e-05,0.0,-0.001708984375,0.00016188621520990543
00fd070ec367496582cb9410fb8d84a2,middle,W5,a3_middle_W5,13116.995237032124,17295318.39801395,12560.12578736768,15858702.270848146,556.8694496644439,1436616.1271658037,80758.63925295502,132880718.35364787,563.2654842907294,-0.0006536394357680997,0.06617069244384766,0.0589060783386266,-0.0048480033874512,0.0015471279621124268,8.559226989746094e-05,-9.918212890630031e-05,-6.103515625e-05,-0.002685546875,0.00040531158447260074
00fe064ec39f4f42a8301f6699c37455,middle,W5,a3_middle_W5,12827.471606351814,16533464.475446898,12286.14467061635,15167718.224554677,541.3269357354638,1365746.250892222,78423.6838784742,125261167.60551107,550.8328604236149,-0.0006110072135925015,0.04711508750915705,0.036401748657230115,-0.004997819662094116,0.0010192394256591797,0.00012123584747314453,-0.0001678466796875,-0.000244140625,-0.00146484375,9.360909461980649e-05
00fe7b40923644c3bf15be6fcb8195c2,middle,W5,a3_middle_W5,12452.526682059577,15569435.809033256,11921.54448120434,14270301.737405023,530.9822008552364,1299134.0716282334,76477.59398874939,119123101.58911426,534.7321048353554,-0.0009590536355972012,0.06135702133178711,0.04150629043578746,-0.002662017941474887,0.0029684901237487793,0.00024700164794921875,-0.0002288818359375,0.000244140625,-0.0029296875,-0.0005913376808167059
01052f325d2a4422bf1dea6567d78347,middle,W5,a3_middle_W5,7898.951521740755,6251296.053296443,7557.639541900059,5722755.057214171,341.31197984069604,528540.9960822724,51660.85312191406,54849861.964598,339.1940512199948,-0.0003993809223175049,0.0050199031829833984,0.005691051483156073,-0.0005611777305603582,0.0003713667392730158,-7.125735282897949e-05,-6.103515625e-05,-0.0001220703125,-0.001220703125,0.0003452003002166748
0116e8e2de78456cab731ff73f65349f,middle,W5,a3_middle_W5,12006.6312412947,14502023.528614074,11490.70699259827,13282491.979034042,515.9242486964304,1219531.549580032,73980.34008287259,111477450.12442301,515.584616645653,-0.0007257312536240179,0.07245182991027832,0.06677389144897106,-0.0033893883228302,0.0006325244903564453,0.0007611513137817383,-0.00012588500976560071,0.0,-0.001953125,6.55651092529852e-05
0118607beaed4571b94615a611bab570,middle,W5,a3_middle_W5,13148.609913901651,17346358.771842882,12594.16604713823,15914182.520460155,554.4438667634222,1432176.2513827272,78860.76678419665,126378345.60825564,564.6230708382442,-0.0005756914615630826,0.04144906997680664,0.03204464912414551,-0.0023659765720367154,0.0004202127456665039,0.0008357465267181952,-0.000518798828125,-0.000244140625,-0.001953125,-0.00013208389282221011
011a2229b2f949ffaac35b39e9ee9d78,middle,W5,a3_middle_W5,12420.911233338633,15493064.414467787,11892.133414877699,14202453.666151857,528.7778184609342,1290610.7483159304,75569.41628058642,116182878.69787677,533.3744851432634,-0.0001118779182434082,0.03146290779113592,0.030325651168830348,-0.003453999757766779,0.0012200474739074152,0.0009365379810333252,-0.000213623046875,-0.0001220703125,-0.00146484375,-0.00034296512603759766
011e8dd9d04e4257b4c094b9cf279280,middle,W5,a3_middle_W5,11006.561445057172,12186574.817371164,10523.372437115553,11140859.184274338,483.1890079416189,1045715.6330968253,68495.74658480757,95727620.16613913,472.6399644655612,-0.0007424056529998779,0.01612722873687744,0.019197463989257812,-0.003288984298705999,0.00012090802192687988,0.00032249093055719547,-0.00018310546875,0.0,-0.001953125,0.0004094839096069891
012323854937400b839b3bedf4faa010,middle,W5,a3_middle_W5,13366.309621806475,17939660.80755596,12798.720170135828,16449572.61064034,567.5894516706467,1490088.196915619,79204.11929131321,127359329.80227272,573.9714565917719,-0.0005560964345932007,0.02760887145995916,0.03312945365905762,-0.004068270325660706,-0.00030991435050958804,0.0012378990650177002,-0.0001296997070311997,-0.0001220703125,-0.00244140625,0.0005642175674438477
0123ecfeeaf14efc8183597f2099e925,middle,W5,a3_middle_W5,12318.420914163979,15261453.096950501,11788.030221676623,13975968.952137845,530.3906924873554,1285484.1448126566,71623.90505462326,104106095.23807493,528.9733812149765,0.00017517805099487305,0.02040624618530451,0.025277137756347656,-0.0029337704181670587,0.00011348724365228824,7.0035457611083984e-06,-0.0002212524414063003,6.103515625e-05,-0.001953125,-0.00026482343673711606
012648b0eed74f67ad28527119aac2c4,middle,W5,a3_middle_W5,9203.253471855915,8499998.647725813,8805.655868976197,7781342.321009501,397.59760287971767,718656.3267163122,60537.08303891533,75252619.94948918,395.20293559610786,-0.0013373792171477716,0.041402578353881836,0.042864084243774414,-0.0008334517478942871,0.0013043880462646484,-0.0005366206169128418,-9.536743164059985e-05,-0.0001220703125,-0.0015869140625,6.070733070367984e-05
012989686a534d73bd7989501e713630,middle,W5,a3_middle_W5,14200.146994196473,20271878.85266904,13599.070614087415,18593596.42523817,601.0763801090579,1678282.4274308719,84189.48617071459,143885735.2748979,609.7778133748387,0.0001104921102522971,0.004608631134033203,0.02176523208618164,-0.005722552537918091,-0.00015036761760708894,-0.0004939436912537176,-0.0003814697265625,-0.000732421875,-0.00244140625,-0.00021097064018249512
012a565d39a644ea89685ae6cd4e5d8c,middle,W5,a3_middle_W5,10071.681851548317,10191309.749293333,9633.718817434228,9324123.222987304,437.96303411408917,867186.5263060294,65140.32047490455,86931494.15800405,432.49468748134615,-3.3915042877197266e-05,0.005099177360534668,0.010123252868652344,-0.0006282925605773926,0.000562131404876709,0.00048556923866277524,-0.0001220703125,-0.00018310546875,-0.001708984375,-0.0001494884490967352
012c0d5217494d12881d6b089bed0232,middle,W5,a3_middle_W5,11994.321665708281,14466971.383756872,11474.86709766689,13241955.548367547,519.4545680413921,1225015.8353893254,73364.0970882079,109681873.67815277,515.0560230974505,0.0004287213087081909,0.0292205810546875,0.028696060180664062,-0.0034683942794800082,0.00025770068168640137,0.00023502111434936523,-0.0002288818359375,0.0,-0.00146484375,5.3763389587402344e-05
012d625661ad4c76b706f410b9be0640,middle,W5,a3_middle_W5,13990.81064989258,19701565.23939439,13400.15718378222,18074345.73030254,590.6534661103615,1627219.5090918504,82889.30600101345,139501965.4966551,600.7885642958202,3.672391176229306e-05,0.00903010368347168,0.02383828163147328,-0.006037935614585793,-0.00018571317195892334,0.0004917979240418036,-0.0002288818359375,-0.0001983642578125,-0.00390625,-7.182359695379059e-06
013c9572481f47a3adb59c76a934e1e4,middle,W5,a3_middle_W5,13363.928377040125,17965553.81491529,12798.18171418135,16477643.134557875,565.7466628587754,1487910.6803574134,77290.67237578215,121157448.66547316,573.8692020005111,-0.0003004670143127164,0.0001472234725934385,0.007234811782836914,-0.004062473773956299,-0.00014039874076840486,-7.387995719909668e-05,-0.0001373291015625,0.0001220703125,-0.0029296875,0.00019702315330510922
013ff6659943447a9a569fdcbcd3abdb,middle,W5,a3_middle_W5,11693.639713815664,13724884.070571084,11188.159598183813,12564683.319976186,505.48011563185173,1160200.7505948972,71429.93923220849,103910688.58789366,502.14424245029994,0.00015492737293240633,-0.0021314620971679688,-0.0009632110595703125,-0.0008674114942550937,0.0005805641412734985,-1.71661376953125e-05,-6.103515625e-05,6.103515625e-05,-0.001708984375,0.0002568662166594904
0144192045784fc8906de276b4e09eaa,middle,W5,a3_middle_W5,13764.661143037032,19032168.366674926,13185.446737538732,17465591.342096094,579.2144054983,1566577.024578832,80772.79199119033,132421141.15615651,591.0773301908117,-3.8459897041293045e-05,0.03576040267944158,0.027583837509155273,-0.0056163370609284,0.0011197179555892944,0.0006048977375029962,-0.0001983642578125,6.103515625e-05,-0.00341796875,0.00020298361778264828
014a10fd129844228a18b568b069661d,middle,W5,a3_middle_W5,13038.39288354068,17084283.989303377,12478.92604231282,15650221.821908215,559.4668412278606,1434062.1673951615,78230.82575031328,124493899.58300209,559.8901691438006,0.00015535950660711118,0.013508200645446777,0.016928911209106445,-0.0026495605707169134,-0.000674247741699191,-7.659196853637695e-05,-0.0003509521484375,0.0,-0.00146484375,1.7285346984863281e-06
014ca29813304ce68204fb48dc217636,middle,W5,a3_middle_W5,13488.72837040904,18294930.70646257,12919.016692135185,16782889.19577228,569.7116782738558,1512041.5106902905,81321.1906416445,134548262.88719982,579.2283202615257,-0.000467032194137601,0.07084488868713379,0.05863666534423828,-0.006171986460685702,0.0013108551502227228,0.0002967715263366699,-0.0001296997070311997,-0.000152587890625,-0.00244140625,0.0003210902214050848
014ccee408664909b71f80702d003e14,middle,W5,a3_middle_W5,12010.824746578262,14480608.271578483,11498.916358441245,13272723.027183088,511.908388137017,1207885.2443953957,74525.6628077362,113251682.66310564,515.7646927028396,-0.0005783587694167813,0.04583239555358709,0.04230976104736328,-0.002859458327293396,0.001039117574691828,-0.0003555417060852051,-9.918212890619969e-05,6.103515625e-05,-0.002685546875,0.00020298361778259277
01531de593f3468084dab12f6515e8e1,middle,W5,a3_middle_W5,12927.35664259554,16792849.139586844,12375.626514046166,15390677.792290028,551.7301285493741,1402171.3472968154,78190.29202146367,124398549.99398257,555.1220891910676,0.0002197325229645053,0.0032192468643188477,0.005645751953125,-0.0018924027681350986,0.0004538521170616011,0.001096129417419378,-0.000213623046875,-0.000244140625,-0.00341796875,0.0003688931465148926
0154c6fe068243d4b2d5a704dad1cbc6,middle,W5,a3_middle_W5,12992.44979180635,16945987.44519024,12438.70544521865,15532692.6252277,553.7443465877004,1413294.8199625388,78726.6978752073,125997071.9695941,557.9172967482621,-0.0005622506141662043,0.0467109680175799,0.04738926887512207,-0.0031166672706604004,0.00013688206672668457,0.0001774728298187811,-7.62939453125e-05,-6.103515625e-05,-0.001708984375,0.00032845139503479004
01551e922711450f92b50843d4e0f2be,middle,W5,a3_middle_W5,12945.124516434478,16840820.532292396,12394.828377157748,15440420.38894343,550.2961392767302,1400400.1433489658,77287.95241636469,121402436.83752182,555.885071099794,-0.0008444041013718206,0.03965973854064764,0.04172563552856445,-0.005864083766937284,0.0003916919231414795,0.0007533431053162176,-0.0002288818359375,6.103515625e-05,-0.001708984375,-6.16014003753107e-05
0157b39c4b434ceba885ddace4f5b9bd,middle,W5,a3_middle_W5,12873.194140647103,16647104.034194518,12325.88365083078,15261991.09535104,547.3104898163238,1385112.9388434775,78237.66513250019,124573878.13369957,552.7962617176953,0.00017441809177401457,-0.0014507770538330078,0.004929304122924805,-0.0026395022869110107,0.0002655237913131159,3.510713577264957e-05,-0.0002212524414061997,0.0,-0.00244140625,-0.0002758502960205078
0158a691a8a64bd39527c6f9e750c8ee,middle,W5,a3_middle_W5,10727.363191217662,11557783.96500137,10258.677125805525,10570824.165522017,468.6860654121374,986959.7994793542,67379.73218712103,92754581.2381914,460.65072936863515,-0.0001302659511566162,0.04752159118652344,0.04647493362426758,-0.003019481897354126,0.001197218894958496,0.0010929703712462824,-0.00011444091796880031,-0.00018310546875,-0.00244140625,0.0003352165222167969
015c200ce786438c8e35ddf635d1e236,middle,W5,a3_middle_W5,11625.650966189998,13573384.464258045,11128.842714089664,12437812.426966645,496.80825210033436,1135572.0372914001,72091.00556898174,106079858.46983549,499.22469310491516,-0.000302731990814209,0.004048347473146308,0.00422358512878418,-0.0012490600347519198,0.0002319663763045987,-0.00010499358177179507,-0.0002822875976563003,6.103515625e-05,-0.00244140625,5.066394805852692e-06
015d02aa38e04950825ec5f8dc3d533d,middle,W5,a3_middle_W5,12764.564980456786,16367874.34833665,12224.930920192279,15013779.548069114,539.6340602645068,1354094.8002675362,77484.32071260996,122229661.77876073,548.131545796327,-0.000668108463287409,0.061326026916503906,0.0455784797668457,-0.004184335470199613,0.002472758293151911,0.001007378101348877,-0.0001983642578125,-0.00018310546875,-0.002197265625,-0.00012293457984929868
015ee6e84a2d49e9b87dca6fdc4d49b4,middle,W5,a3_middle_W5,13100.522073526692,17232478.009033773,12545.824523156512,15804343.40537998,554.6975503701797,1428134.6036537923,78989.19118664121,126852692.48150076,562.5580993864878,5.0932168960599045e-05,0.04378795623779297,0.04194021224975586,-0.0038256347179413397,0.0009718239307403842,0.0006770789623260498,-0.000335693359375,6.103515625e-05,-0.00244140625,0.0002981126308441162
016576dd30c1464f9115584748950ed2,middle,W5,a3_middle_W5,13520.189030107756,18376952.398481634,12949.87478327275,16859787.971942864,570.314246835007,1517164.4265387692,80938.11717939685,133236982.66060913,580.5792930568251,-0.00038434565067288484,0.05367755889892578,0.04327058792114258,-0.004191011190414401,0.0007127821445465643,0.0003413856029511053,-0.0003662109375,0.0001220703125,-0.0029296875,5.2928924560602386e-05
01688042f526490ba8fe14aace17a558,middle,W5,a3_middle_W5,12651.463064515323,16071042.470389634,12115.248546160294,14737870.4789333,536.2145183550292,1333171.9914563335,77161.2362636455,121095438.33821546,543.2747623405309,-0.000869870185852023,0.058051347732543945,0.043867826461795545,-0.0035592317581177035,0.0003046393394470215,0.0009626150131225586,-0.00030517578125,-0.000244140625,-0.00244140625,-0.0006475150585174005
0169a7e8458246b1b371706f507ec511,middle,W5,a3_middle_W5,14377.200516657724,20808737.41371066,13773.896908104034,19100249.284160364,603.3036085536896,1708488.1295502968,83532.75242298403,141570753.2573673,617.3807846554079,-0.0015139207243919928,0.11867403984069824,0.06714940071105957,-0.006870210170745905,0.0011304020881652832,0.000511705875396784,-4.57763671875e-05,0.0003662109375,-0.00390625,0.0004512369632720947
0170db45fb744c4b91ffdf97a3f75ea3,middle,W5,a3_middle_W5,12260.348725053582,15125310.736130599,11727.71351251438,13839943.165194482,532.6352125392023,1285367.5709361173,72917.8224516676,107931562.32141669,526.4796653042821,-0.0002824664115906317,-0.0039321184158325195,0.0075757503509521484,-0.0018105804920195978,-0.00035614520311359754,-0.0007874220609664917,-0.000152587890625,0.0,-0.0009765625,-0.00011745095252990723
017c41aac5db41f3bfe2f7938a4834d1,middle,W5,a3_middle_W5,12574.433294719522,15893064.782719495,12040.30956406914,14571692.762753826,534.1237306503808,1321372.0199656691,77810.73180233891,123514737.30096218,539.9669765401409,-0.0001728981733321866,0.019816160202026367,0.018702745437618518,-0.0036442279815674106,0.001164257526397705,5.3942203521728516e-05,-0.0001220703125,-0.0001220703125,-0.002685546875,0.0003533661365509033
017e5dfc6d0d4c12b3f1196d85a16c9b,middle,W5,a3_middle_W5,13457.453635369246,18244311.62837368,12885.386222311863,16727326.462789126,572.0674130573825,1516985.165584553,78870.38481505662,126287826.94403608,577.8853313787882,-0.00022958219051361084,0.018494725227355957,0.028140544891357422,-0.003815293312072754,0.0004735440015792014,0.0001017451286315918,-0.0002899169921875,-0.0001220703125,-0.002197265625,5.6564807891901214e-05
018034e069134727b9e6e5627234f42f,middle,W5,a3_middle_W5,13023.808222647875,17044945.61691767,12468.147715021494,15622618.657512184,555.6605076263804,1422326.9594054855,78891.92262133291,126594045.41912735,559.2638796672435,-0.0008715093135833185,0.06389498710632324,0.05570173263549805,-0.004417061805725098,0.0010983049869537909,0.000277936458587702,-0.000152587890625,-0.000244140625,-0.001220703125,0.0001125633716583252
018487b190aa472caf198b265a3b4d61,middle,W5,a3_middle_W5,12916.711430956746,16766532.513880875,12368.7355685154,15374217.434725383,547.9758624413462,1392315.0791554917,77797.99227689947,123155472.44395597,554.664966185322,-0.0008397698402404785,0.05918264389037908,0.054328441619869494,-0.0047188252210617065,0.0033499300479888916,0.0012740492820739746,-0.00011444091796869969,-0.0001220703125,-0.0048828125,0.00047799944877630063
0184e485100e433c9032f2132e99e095,middle,W5,a3_middle_W5,11931.208421096753,14296287.995397728,11418.089729473426,13093248.668417225,513.1186916233273,1203039.3269805033,73739.06671473062,110772578.24541382,512.3458359205192,-0.00017088651657110043,0.005922317504884589,0.01862525939941051,-0.0017231106758117676,-0.0006155371665955145,0.0003316402435302179,-0.0001068115234375,0.0001220703125,-0.001220703125,-2.3484230041503906e-05
018f683e86ea42eb8e98935e890eb9fd,middle,W5,a3_middle_W5,12193.652041527284,14944226.76023797,11674.761378645377,13699563.797992958,518.8906628819077,1244662.9622450117,74859.67323654043,114123239.21006209,523.6155993297086,-0.0006430447101593018,0.0507199764251709,0.04168987274169922,-0.003342032432556208,0.0008561611175537109,-0.0002963542938232422,-0.0001983642578125,-6.103515625e-05,-0.002197265625,-0.00020688772201538086
019a31cb0c1646758bc44d47366e32e6,middle,W5,a3_middle_W5,7565.9263594320255,5738415.399232769,7239.018501620178,5253221.914179941,326.90785781184786,485193.4850528287,49332.12603432227,49983038.54902205,324.8933995891058,0.00012731552124017886,0.026563405990600586,0.029120445251464844,5.0783157348688324e-05,0.00028818845748901367,0.0011888742446899414,-4.57763671875e-05,-6.103515625e-05,-0.000732421875,0.00031623244285589047
019c097c504c4e1dbefcd1079619b8cf,middle,W5,a3_middle_W5,11097.166935525187,12371513.889202774,10617.066198500579,11324700.400743205,480.10073702460795,1046813.4884595685,69954.56373535957,99930751.27506733,476.5307141796256,-0.0003853440284729004,0.005323886871337891,0.008727312088014472,-0.0029591917991638184,0.00022813677787780762,0.001094043254852295,-0.0001449584960938003,0.0001220703125,-0.001708984375,-6.884336471563168e-05
019cdc2fe9da4327aa8d617401d8189b,middle,W5,a3_middle_W5,13255.248002802402,17675192.403809346,12692.112430905909,16206652.111852486,563.1355718964933,1468540.2919568606,78198.60822322898,124215298.08643499,569.2022868631873,-0.00017462670803070068,0.018074512481689453,0.01956343650817871,-0.0045590996742248535,0.0007373392581939975,0.000418394804000799,-0.0001068115234375,6.103515625e-05,-0.00244140625,0.00023740530014038086
01a4a9aa5dfc4436891849a88f2e99e7,middle,W5,a3_middle_W5,11177.503578142685,12564912.653082358,10694.060822744479,11501274.339368235,483.4427553982059,1063638.3137141224,71639.24855660564,104982570.62418234,479.98050257190033,-0.0006451457738876898,0.034211874008176935,0.039865970611572266,-0.0008765757083892822,-0.0004725456237792969,-0.0006658434867858887,-0.0001678466796875,0.0,-0.001220703125,-0.0005713850259780884
01a76c394cc640f6ad469199166ece29,middle,W5,a3_middle_W5,11551.389604044893,13417374.045306403,11056.55121717674,12291975.348295646,494.83838686815216,1125398.6970107574,70225.21330020402,100419232.8234366,496.0357873108001,-0.0003225952386856079,0.018893480300905097,0.019261837005615234,-0.0014107823371887207,0.0011418461799621582,0.0012209117412567139,-0.0003128051757811997,0.0,-0.002685546875,-0.0004042387008666992
01b853942c324f83a89d27e97796200c,middle,W5,a3_middle_W5,11350.871160944653,12944318.40280549,10859.96736710467,11849042.61483327,490.90379383998334,1095275.7879722212,71012.30119303834,102874746.52964662,487.4251935032174,0.00018411874771118164,0.02589344978332697,0.03355860710143688,-0.0013264417648314875,0.0009196102619171143,-0.00045749545097351074,-0.00011444091796869969,-6.103515625e-05,-0.001708984375,-5.796551704401187e-05
01c7a9010fa6463897e5919443c72886,middle,W5,a3_middle_W5,12848.056248804849,16572891.935516134,12303.010451003805,15196953.85649606,545.0457978010436,1375938.0790200736,78365.32155803569,124951807.20237394,551.7167990384224,-0.00016865134239191226,-0.00042617321014404297,0.002397298812866211,-0.0027615725994110107,1.6003847122192383e-05,-0.0017949342727661133,-0.0002670288085938003,-0.0001220703125,-0.00244140625,-0.00030605494976040926
01c80c7c0e954db9a53a11fabc2053eb,middle,W5,a3_middle_W5,13385.266636159387,18018356.35665814,12822.200538553512,16534198.924386896,563.0660976058753,1484157.4322712421,78399.52393495677,124776322.85899995,574.7855021622128,-0.00019842386245730315,0.0116729736328125,0.01790642738342285,-0.003871008753776606,-0.00014445185661318694,8.282065391534976e-05,-0.0002212524414063003,0.0001220703125,-0.002197265625,6.461143493652344e-05
01d0e94dc746416484c9157bbe320203,middle,W5,a3_middle_W5,10701.168385806328,11492048.073553791,10231.237012635103,10505254.090065576,469.93137317122455,986793.9834882151,68810.36466053818,96962806.56127605,459.52588107149927,2.168118953699283e-05,0.02502918243407848,0.03234982490539551,-0.0014386773109436035,0.0004949271678925116,-0.0016642808914185125,-4.57763671875e-05,0.0,-0.0009765625,0.00044086575508117676
01d1c15787514d14a4538256a88b43a5,middle,W5,a3_middle_W5,13563.212232481612,18488923.095735323,12985.271284679142,16947132.97713776,577.94094780247,1541790.1185975634,81301.6263238499,134386923.85714975,582.4267805707668,-0.000423066318035098,0.06340622901916504,0.03667831420898793,-0.0029974281787872037,0.002443701028823797,-5.9485435485839844e-05,-0.0001983642578125,-0.000244140625,-0.001953125,-0.00011742115020757504
01d2ae479ed74c7188c270dea892cf67,middle,W5,a3_middle_W5,12150.736711330259,14850868.79366269,11630.795702598869,13608055.91696553,519.94100873139,1242812.8766971603,73656.02310696873,110381647.31819466,521.77274402557,5.026161670679263e-05,0.0029480457305908203,0.004354715347290039,-0.0026346445083618164,0.00041675567626953125,-5.581974983220883e-05,-0.00013351440429690015,0.0,-0.0029296875,0.00015494227409357242
01d9dd3aa5dc46c3a44bfd40d5898c0e,middle,W5,a3_middle_W5,12702.232668436687,16214461.541577382,12159.724913003485,14859708.440825634,542.507755433202,1354753.1007517483,77717.64397327925,123095477.16959162,545.4548931573263,-0.00013199448585510254,0.007808208465576172,0.008443593978881836,-0.0030842572450637817,-0.0003052055835723877,-1.4007091522771908e-06,-0.0001373291015625,0.0,-0.001953125,0.0002900063991546076
01eac793c4ec40c5aa6bbd09b45fc26a,middle,W5,a3_middle_W5,10894.752954383162,11929405.223102074,10420.597694806425,10913866.182765359,474.1552595767371,1015539.040336715,68594.07345568683,96038295.59691434,467.83872283138646,-0.0003988146781921942,0.057400465011598456,0.06572246551513672,-0.001029372215270996,0.00041872262954711914,0.0011089444160461426,-0.00020599365234370056,0.0,-0.001220703125,-0.00047472119331359863
01f0c1dd487e43f795830fe6008142e4,middle,W5,a3_middle_W5,12314.796542655065,15233760.734552935,11792.05736839005,13967815.433559947,522.7391742650161,1265945.300992988,75627.81571485894,116519609.78809786,528.8177447039975,-0.0006528794765472967,0.04456520080566406,0.04628896713256481,-0.0031441748142242154,-0.0004578828811646063,0.0010883808135986328,-0.0001678466796875,-0.0001220703125,-0.0009765625,2.7060508728027344e-05
01f1cc659cb847a4a7366b84844641c2,middle,W5,a3_middle_W5,12603.457847545213,16000675.828547891,12068.758012435888,14671880.53467501,534.6998351093243,1328795.2938728817,74837.08725183501,113884988.53045064,541.2133388745215,-0.0002247095108031949,0.01639842987060547,0.022606849670406604,-0.0048826634883880615,-0.00015340745449068938,0.0,-0.00042724609375,0.0,-0.00244140625,-3.2454729080200195e-05
01f3115282994da9b32967eb2075d4aa,middle,W5,a3_middle_W5,9865.331308870253,9763643.933994496,9439.336893872003,8938509.332618728,425.99441499824934,825134.601375768,63806.89915660543,83496563.75350542,423.6336536656845,0.0003198683261871338,0.02572417259216131,0.02354741096496582,0.0004029870033263605,-0.00019550323486328125,-0.0008580684661865234,-0.000152587890625,-0.0001220703125,-0.000732421875,-0.0005982816219329279
01f376bb2b5a4860a53914dbf66d4ac0,middle,W5,a3_middle_W5,13096.965997718456,17248096.266551077,12543.561978109497,15821797.553023368,553.4040196089591,1426298.7135277092,78332.32694577912,124703598.53960943,562.4053956059264,-0.0003874897956848977,0.014131665229797363,0.01700878143310547,-0.0035600066184998114,-0.0003263950347900946,0.0009157359600067694,-0.0002059936523438003,-0.0001220703125,-0.001708984375,0.0003121197223662775
01f3fb1336a444309e9959d359c8b4ab,middle,W5,a3_middle_W5,9819.972924915075,9672707.765999988,9395.983779301168,8855457.693836741,423.98914561390666,817250.0721632466,64014.39894045725,84058892.86175248,421.6858895898823,-0.00012260675430297852,0.0027483701705932617,0.005139112472530627,4.982948303222656e-05,8.77678394318182e-05,6.532669067382812e-05,-0.0001068115234375,0.0,-0.0009765625,-2.372264862060547e-05
01f64ccc5e5049e29c3e8be0aaf31bd5,middle,W5,a3_middle_W5,13539.63765168677,18438884.341107875,12960.805844144867,16896753.964930695,578.8318075419029,1542130.3761771806,80068.55611659597,130108017.25240542,581.4144490551718,0.0003129988908767978,0.004231929779052734,0.022701025009155273,-0.004233896732330267,-0.0008095800876617987,-0.00017756223678588867,-0.0004730224609375,-6.103515625e-05,-0.0029296875,-0.0003383159637451727
01f6b5adc5c44c17b159d7dc2f7f6dd6,middle,W5,a3_middle_W5,13143.086944798946,17360336.463859152,12582.757505623935,15912604.181169799,560.3294391750114,1447732.2826893535,80880.60025195702,133353891.5215152,564.3859054043819,-0.0003172755241394043,0.04021763801574885,0.03232955932616832,-0.007128342986106789,-0.0011823177337646484,0.001865088939666748,-0.000152587890625,-0.000244140625,-0.001220703125,0.00025764107704157047
01f74014d40f436e91fbf60e7f688057,middle,W5,a3_middle_W5,12734.934386064493,16293313.53360142,12191.512418218059,14932844.140860397,543.4219678464342,1360469.3927410226,77268.07494216591,121457219.13773456,546.8591590340694,-0.0007059276103973944,0.06923913955688654,0.06155252456665039,-0.003082573413848877,0.0023452937602996826,0.0005376935005187988,-0.0003814697265625,6.103515625e-05,-0.003662109375,-0.0005030333995819092
01fb4fff624544a88317709570572e0f,middle,W5,a3_middle_W5,10850.274613865859,11817462.054340377,10378.190008733452,10811436.289922653,472.08460513240607,1006025.7644177247,69691.83045133109,99495289.29091598,465.92874927729093,-0.0003939121961593073,0.02781987190246582,0.03808379173279164,-0.0007269382476806086,0.000921100378036499,-0.0008085966110229492,-0.0001373291015625,-0.0001220703125,-0.002197265625,6.06775283813199e-05
01fbee27f8f74a1eaf7e613de5cb78ee,middle,W5,a3_middle_W5,13072.459300764063,17161409.279922456,12516.312662460372,15732873.241893794,556.1466383036914,1428536.0380286612,78702.38858779996,125984700.66919218,561.3530374797748,-8.633732795718108e-05,0.024868249893190253,0.029283761978152967,-0.004981100559234591,0.0009240210056304932,0.0002683699131011963,-0.0003814697265625,-0.00030517578125,-0.002197265625,-7.846951484680176e-05
01ffee46c0644a17a8ac9f9f3bf7ef4d,middle,W5,a3_middle_W5,12823.744090324975,16523815.097325014,12281.463094009536,15156011.300972348,542.2809963154396,1367803.7963526659,77372.14238294345,121695362.11003461,550.6727947163306,-0.0005970299243927002,0.020235776901246894,0.015053749084469104,-0.0048056840896607,0.0008797049522399902,0.0008187294006347656,-8.392333984379944e-05,-0.00018310546875,-0.00146484375,-2.384185791015625e-07
0200b7f6eb574385ace14b2d03502ec2,middle,W5,a3_middle_W5,13435.664234042972,18155918.16870213,12865.763078927033,16649990.333209036,569.9011551159383,1505927.8354930934,80420.99644398037,131490381.37042923,576.9496584240709,-0.0006244182586669922,0.06197333335876465,0.04533767700195668,-0.004200965166091919,-0.0003380328416824063,-7.918477058410645e-05,-0.000274658203125,-6.103515625e-05,-0.0029296875,0.0001780390739440918
02010e17a28845cc921858cc24ece163,middle,W5,a3_middle_W5,14687.011789361759,21694109.178020265,14057.884259768562,19877111.652106345,629.1275295931973,1816997.5259139203,85533.751797064,148416752.91077524,630.6845934473556,-0.0008509904146194042,-0.007756948471071112,0.06606340408325195,-0.00420695543289179,0.003170043230056818,0.0011317133903503418,-0.0023574829101563003,-0.00152587890625,-0.01611328125,-0.00012108683586120605
02097b72cb764df79f0188df985014a5,middle,W5,a3_middle_W5,11556.257856225322,13424824.426426992,11059.15622521853,12294562.068601966,497.10163100679165,1130262.357825026,72292.1304191158,106711860.62794754,496.24483811645393,-0.00034400820732119475,0.005993843078611505,0.008906126022338867,-0.00165480375289917,0.0012188255786895752,0.0012887120246887207,-0.00011444091796869969,-6.103515625e-05,-0.001220703125,-0.0005788803100585938
020bc99c57c04bf6abfc9fe91a6a1215,middle,W5,a3_middle_W5,11639.660768879474,13616153.109991636,11139.942554685196,12472666.526134228,499.7182141942776,1143486.5838574078,71062.88166591973,102853468.07013366,499.8262972188228,4.118680953979492e-05,0.004613995552062988,0.006256103515626776,-0.002035468816757202,0.000164300203323392,0.0016053318977355957,-0.000152587890625,0.00018310546875,-0.002685546875,0.0001874864101409912
0214176d73af485287532957baf9888b,middle,W5,a3_middle_W5,12331.720624282018,15283849.163465098,11809.17748622721,14016566.624302361,522.5431380548071,1267282.5391627364,74796.41853034063,113884765.90361293,529.5444927786533,-0.0001616030931473056,0.0043904781341552734,0.004750490188600409,-0.0030615627765656073,-2.9191374778692047e-05,0.0005747675895690918,-0.0001449584960936997,-6.103515625e-05,-0.002685546875,0.00015160441398620605
021504573eab4f8995e46ac306744e04,middle,W5,a3_middle_W5,11625.94936177892,13579380.148504123,11124.21113159135,12432480.422071623,501.73823018756957,1146899.7264325004,72336.25142122743,106710434.82104428,499.23750670535253,-0.0006741881370544156,0.03855109214782715,0.0419771671295166,-0.0020951628684997003,0.00025212764739990234,0.000813901424407959,-0.000213623046875,-6.103515625e-05,-0.001220703125,2.866983413696289e-05
0219f955d31b4907b5eeb6a345a47eb2,middle,W5,a3_middle_W5,13985.114290648053,19674736.81440602,13385.735271809503,18026769.123947747,599.3790188385501,1647967.6904582717,80911.22403191228,132673879.54972212,600.543953202305,-0.00022627413272860442,0.01329541206360041,0.012676715850830078,-0.003039032220840454,0.0012002289295197088,7.221102714538574e-05,-0.0001373291015625,-0.00018310546875,-0.00244140625,6.318092346191406e-05
021a5902e34c4742a828335c86bfe4cd,middle,W5,a3_middle_W5,14153.00911164789,20155717.130848672,13556.716222919318,18494266.79533304,596.2928887285725,1661450.3355156332,83647.7545848932,142152692.30597028,607.7536346843406,-8.943676948548751e-05,0.004246830940246582,0.020335912704467773,-0.006187111139297485,0.0002461224794388095,0.0003999173641204279,-0.0008087158203125,0.00018310546875,-0.00439453125,-0.00010958313941961118
0222f2054a72477a9af17694d4ab1a9e,middle,W5,a3_middle_W5,11722.716420959874,13796776.665310789,11206.476932196574,12608426.217129542,516.2394887633,1188350.4481812473,72938.13620218121,108443126.25596464,503.3928443774336,2.3543834686279297e-06,0.023995637893676758,0.038199424743655896,-0.0006797611713409979,0.0004309117794036865,0.00027877092361450195,-1.52587890625e-05,-0.00103759765625,-0.000244140625,4.717707633966617e-05
0228c654c3b44da99c4b3b75d5f8b1cb,middle,W5,a3_middle_W5,13358.203311700687,17954564.20110286,12792.464249488316,16466883.931608576,565.7390622123712,1487680.269494284,78528.96525794537,125140804.91738604,573.6233582197715,-0.00040352344512931126,0.01758277416229248,0.022238492965698242,-0.005982547998428289,-0.00010481476783749666,-0.0006220936775208075,-0.000396728515625,-6.103515625e-05,-0.001953125,-2.238154411321469e-05
022a46a47f70497badb519b86f7d0dfa,middle,W5,a3_middle_W5,8439.273369857767,7139909.302319214,8075.19977835841,6537096.8182721725,364.07359149935655,602812.4840470413,55467.124065758566,63194874.37009562,362.39636561843713,-0.0006584525108336847,0.01111865043639959,0.012614727020263672,-0.000834494829177912,0.0013083219528198242,0.00021833181381231137,-5.340576171879944e-05,-0.000244140625,-0.0013427734375,2.3424625396784027e-05
022c1581dcd44145a86c1522d7ab44d3,middle,W5,a3_middle_W5,12887.415210782156,16695548.577109814,12336.8865239898,15300300.541975606,550.5286867923551,1395248.0351342075,77720.03908411824,122902706.48359257,553.4069380053666,-0.00020132958889010344,0.012223124504089355,0.011364221572875977,-0.0037140548229216974,3.6075711250305176e-05,0.00012931227684020996,-0.000213623046875,6.103515625e-05,-0.002685546875,0.0001417994499206543
023d8f2444234e6185ca713309cfeb99,middle,W5,a3_middle_W5,10910.377623725315,11954503.625244696,10437.595622909106,10941116.991560234,472.7820008162089,1013386.6336844619,68064.4857769183,94558913.39718997,468.50967199198715,0.00032854080200200864,0.021172761917116034,0.022009611129760742,-0.00017882883548739348,0.0011007785797119696,0.00018972158432001285,-6.103515625e-05,0.0,-0.001220703125,0.00031745433807373047
0247b01389f541e8a22ab2f98e44c953,middle,W5,a3_middle_W5,11499.457141838624,13268135.333746724,10997.788646415427,12135997.54915246,501.6684954231969,1132137.7845942639,72894.59494515088,108667032.57005419,493.80572143470374,-0.00026637315750119295,0.023622512817382812,0.02479791641235707,-0.001093208789825384,0.0013149678707122803,-0.00018578767776489258,-7.62939453125e-05,-0.000244140625,-0.002197265625,0.00040403008460998535
024a0d26f2ab4be8bacf86127e23e6aa,middle,W5,a3_middle_W5,12101.829515183937,14731914.873274919,11582.774094184027,13495872.799812017,519.05542099991,1236042.0734629016,73545.19004234807,110124931.49201666,519.672588080946,-0.0005977600812911987,0.012351274490358222,0.014834403991699219,-0.004121065139770508,0.0001850277185439786,-0.00012260675430297852,-0.000152587890625,-0.0001220703125,-0.0009765625,4.6193599700983246e-05
024b1ec28a404f46866c62a69d6370d8,middle,W5,a3_middle_W5,11680.659964926042,13735887.211517716,11173.605642277913,12570102.487808548,507.0543226481295,1165784.723709168,70203.47091268802,100183215.16893667,501.58687055131156,0.00015333294868469238,0.0009900331497192383,0.004004240036008966,-0.0016691386699675959,-3.6180019378689865e-05,-0.00018009543418878726,-0.0001220703125,-0.0001220703125,-0.0029296875,0.00025019049644470215
025784ce00f14da9bcfe44013eb2289c,middle,W5,a3_middle_W5,12542.090968605171,15790723.129315022,12010.568582474472,14481275.591399945,531.5223861306986,1309447.537915077,76055.11655476797,117683807.15637411,538.5781435297836,-6.552040576940366e-05,0.008283257484436923,0.005459785461429334,-0.003839492797851507,7.297098636629973e-05,0.0010265111923217773,-0.0002593994140625,-6.103515625e-05,-0.002685546875,-0.0006285011768341064
025828c4084440649cde38135a9d8a2e,middle,W5,a3_middle_W5,13212.17417875917,17582099.822287425,12652.267870808291,16124642.38543699,559.9063079508796,1457457.436850436,77523.15569425827,122098331.8711884,567.3526255709833,-0.0007398128509520929,0.03602862358093084,0.03479957580566406,-0.007435441017150879,0.0003502368927001398,0.0004354417324066162,-0.0003433227539063003,0.0,-0.00244140625,-0.0001405775547027588
025c1e16f9634c71be21574417c1b8a7,middle,W5,a3_middle_W5,11599.809982473746,13515654.870302703,11093.35848885152,12362817.139281576,506.4514936222258,1152837.7310211267,71532.1738707514,104239982.86428244,498.11503849694583,-0.0009002983570098877,0.026363134384153497,0.038863420486450195,-0.005061358213424683,0.0007873475551604947,0.0018211603164672852,-5.340576171880031e-05,-0.0003662109375,-0.00244140625,0.0007394850254058283
025cf7f3f4524bf7b69a822007bcdf3a,middle,W5,a3_middle_W5,11089.807317339695,12365073.239705816,10613.978023171494,11326627.517610367,475.82929416820116,1038445.7220954485,70108.50293376297,100427493.65002812,476.2146799944683,-0.0007803291082381925,0.04000663757324219,0.04181623458862305,-0.0016613006591796875,-0.0005844831466674805,9.274482727050781e-05,-8.392333984380031e-05,6.103515625e-05,-0.001953125,0.0002842843532561701
026dd4fca8a347e799ff5bfd78df68bb,middle,W5,a3_middle_W5,11077.977662540661,12340779.747643927,10591.742332560141,11281966.848399572,486.23532998051996,1058812.899244355,70571.16337902113,101815305.90923038,475.70669503915195,-0.000591471791267395,0.024416446685792792,0.043714046478271484,-0.0033088028430938166,0.001947492361068781,0.00122711062431341,-7.62939453125e-05,-0.0001220703125,-0.001953125,0.0004971921443938654
0278450d1e324c33904e160e115f6fbd,middle,W5,a3_middle_W5,12146.32065810834,14810179.765121764,11628.375962881375,13574194.738144416,517.9446952269645,1235985.0269773472,75640.66991430856,116648241.50433466,521.5831113915904,6.599724292749576e-05,0.036563873291015625,0.03216981887817383,-0.003877609968185425,0.0013796389102935236,0.001268148422241211,-0.0001449584960936997,-0.0001220703125,-0.00146484375,0.00011396408081049136
0281cce51dcb43988b3d3760c0fb335e,middle,W5,a3_middle_W5,12317.086784086841,15231916.586862637,11789.836863509536,13956150.763643142,527.2499205773056,1275765.823219495,74819.9634996888,113872790.47696102,528.9160914614603,-0.0006564408540725986,0.016525983810424805,0.013803243637084961,-0.002293199300765991,0.0010213851928710938,0.0016360878944396973,-0.0001678466796875,-0.0001220703125,-0.00341796875,7.587671279910002e-05
02871968fcbd46dc9f5059ec1fc7d13b,middle,W5,a3_middle_W5,13408.263748362977,18088950.69204118,12837.84155729233,16583480.399781406,570.4221910706474,1505470.292259775,81171.41907513575,134056082.74654928,575.7730362207808,-0.000603795051574707,0.06931245326996027,0.05807876586913352,-0.005851432681083679,0.00043401122093200684,0.0011751055717468262,-0.0002899169921875,9.1552734375e-05,-0.00146484375,-7.671117782592773e-05
0288b5d8dfda43b9938f0dcf1ac86da2,middle,W5,a3_middle_W5,13829.922063072563,19227976.714110058,13244.85951786115,17636088.52905789,585.0625452114127,1591888.1850521676,82966.03917069017,140044362.85173506,593.8797421048827,5.516409873970729e-05,0.01940250396728871,0.014708042144778943,-0.005483135581016624,-0.00017642974853510074,0.0007779598236083984,-0.00048828125,-0.00030517578125,-0.00390625,-0.0006245076656340998
028f74fc5b384764826acb595846b9d8,middle,W5,a3_middle_W5,12959.82899807193,16890777.24862633,12412.722545775963,15495208.612558285,547.1064522959659,1395568.6360680442,77975.56695162943,123677056.28675933,556.5165058774312,-0.000616118311882019,0.04169583320617676,0.030242204666137695,-0.005892321467399597,0.0005984008312224787,0.0010144412517548163,-0.000152587890625,0.0,-0.00146484375,-9.059906005859375e-05
0290737f64b14b08b87faa644580f3a9,middle,W5,a3_middle_W5,11998.44612820528,14494062.064096924,11478.394853996433,13265927.595094603,520.0512742088467,1228134.4690023214,73172.63415925071,108930624.72712211,515.2331343431154,-2.256035804748535e-05,0.015817880630491388,0.02864360809326172,-6.756186485290527e-05,-0.0007484257221221924,-0.0009863376617431086,-0.0001602172851563003,-0.00042724609375,-0.001708984375,-0.00015537440776822176
029bf16fe8e2495bbadd991b7358559a,middle,W5,a3_middle_W5,13097.972220026553,17264094.65564509,12541.689672434968,15829248.839432565,556.2825475915852,1434845.8162125256,80755.4308973907,132881981.744051,562.4486044571481,-0.0004648342728614946,0.048090219497680664,0.04316091537475586,-0.0048882216215133945,-0.0003387629985808771,0.0019286870956420898,-0.0001296997070313003,-0.000274658203125,-0.001220703125,-3.3080577850286286e-05
029d4dcccd66451c847a4dc5da36b5e6,middle,W5,a3_middle_W5,12924.19482477177,16815236.406163525,12370.46985993814,15406259.002657164,553.7249648336292,1408977.403506361,76752.68508082995,119620344.2058555,554.9863155008619,-9.402632713317871e-06,0.013318061828613281,0.01868605613708496,-0.002270966768264826,-0.0005981922149658203,-0.00028580427169799805,-0.000274658203125,0.0,-0.0029296875,-0.0001938939094542902
029e028b4a6842c29183b6a30bb2f04e,middle,W5,a3_middle_W5,12994.043925386917,16954479.599658843,12439.891366569827,15539463.28634472,554.1525588170898,1415016.313314123,77814.31480887641,123083308.25155553,557.9857514825253,-0.0001996010541916171,0.02255082130432129,0.01925349235534668,-0.0026578903198242188,3.089010715479068e-05,0.00038945674896240234,-0.00042724609375,6.103515625e-05,-0.00244140625,-0.0005188584327697199
00001ec0d78549e1b8c2083a06105c29,shallow,W1,a3_shallow_W1,3011.486213724213,936704.4616322891,1883.3266081880897,366365.82692463684,1128.1596055361233,570338.6347076523,15028.355602235046,4601439.564629219,1129.30733014658,0.006390228867530795,-0.9659779071807844,-0.8380711078643834,-0.0040916353464126864,-0.015718817710876465,-0.005945980548858643,0.0012321472167968993,-0.00152587890625,0.01708984375,0.003055870532989502
0005d5eb0eb847648bf2e76f6931ed48,shallow,W1,a3_shallow_W1,2928.9949432756093,888064.1858108272,1832.160923934588,347521.85324496275,1096.8340193410213,540542.3325658644,14669.623084258432,4360105.279969133,1098.3731037283537,-0.0014739558100699962,0.18514871597289861,-0.12432336807250977,-0.0077339559793472845,0.007849335670471191,-4.7385692595880435e-06,0.001983642578125,-0.0026092529296875,0.00244140625,0.0047589838504791815
0005df571e71437991594d0affec9c2b,shallow,W1,a3_shallow_W1,3052.1632169439154,962971.593717933,1909.7090322245585,377039.55798917485,1142.4541847193568,585932.0357287582,15500.999523993722,4853285.096001165,1144.5612063539684,-0.0007908195257186057,0.24132370948791326,-0.08013248443603516,-0.0063042342662811834,0.002782404422759982,0.0024849772453308105,0.001556396484375,-0.00201416015625,0.0166015625,0.0017697513103485107
000c895f9ef6491894ac588634f3d2b5,shallow,W1,a3_shallow_W1,2838.4484519499288,830580.4887329794,1775.7892254200763,325132.0184672002,1062.6592265298525,505448.4702657792,12971.578566118913,3544657.5888883257,1064.4181694812235,0.0038158297538757047,-0.5710673332214373,-0.5744218826293945,0.0015899837017059049,-0.007540524005889893,-0.0028331875801086426,0.0006980895996094002,-0.0001220703125,0.010009765625,0.005917161703109686
000d1c5d169f4fda93a32f2eaeac80d8,shallow,W1,a3_shallow_W1,2906.1864733825387,872428.5035333598,1818.3114482936592,341571.32466774556,1087.8750250888795,530857.1788656143,14560.59155572894,4291275.7781415535,1089.8199275184522,0.004280149936675998,-0.6501805782318097,-0.5395030975341761,-0.0015392005443572998,-0.008900374174118042,-0.0009025931358337402,0.0006294250488281007,-0.00115966796875,0.013671875,0.004016354680061285
00133744383047b888486d10548eb32d,shallow,W1,a3_shallow_W1,3041.7942221616486,955142.1742428031,1903.348383254479,374030.13475214556,1138.4458389071697,581112.0394906576,14582.94485128244,4365877.552235663,1140.6728333106182,0.0028323680162430087,0.061701536178590644,-0.10335087776184082,-0.0025372952222824374,-0.009365767240524292,-0.001116871833801325,0.00042724609375,-0.00177001953125,0.008544921875,0.00278550386428833
0013d88f17a245b0bff5ebe713bd72ab,shallow,W1,a3_shallow_W1,2861.6736585738067,843932.8891398595,1790.0804169134278,330260.57294371066,1071.593241660379,513672.3161961488,13964.717387788733,3946792.680873956,1073.1276219651777,-0.0015777349472046176,0.39841413497924805,0.18227100372314453,-0.006778225302696311,-0.0007431805133820135,0.0028156042098999023,0.0013046264648438003,-0.00140380859375,0.010009765625,0.005049198865890503
0015eb3cf53b4339b2d0532cf912ab26,shallow,W1,a3_shallow_W1,2884.5104960422377,861002.2730472839,1804.702789657354,337077.98440997646,1079.8077063848837,523924.2886373074,14632.447106790858,4328834.255662942,1081.6914360158391,0.0003493428230285922,0.36600053310394287,0.1769876480102539,-0.006379604339599609,0.0022132396697998047,0.0013079643249511164,0.0010604858398436997,-0.00042724609375,0.01416015625,0.002004384994506836
001e6d1b655542b48dbe00f3a3ccc616,shallow,W1,a3_shallow_W1,3044.5027926454627,953461.7503769184,1904.812068198935,373271.95430839557,1139.6907244465276,580189.7960685228,14330.707800517286,4275158.636293741,1141.6885472420486,0.008799225091934204,-0.2897810935974121,-0.3673028945922887,5.817413330078125e-05,-0.009544551372528076,-0.004934787750244196,0.00027084350585940015,-9.1552734375e-05,0.010009765625,0.0012329816818237305
001f17841a2642e4a9fa2f9b1687aa1e,shallow,W1,a3_shallow_W1,2821.8135040466304,823325.6496317515,1765.1122315999444,322179.83013093675,1056.701272446686,501145.8195008147,14020.51401112934,3978074.1970238,1058.1800640174865,0.0014434009790421087,0.414157509803772,0.23803353309630992,-0.007064193487167386,0.0038685202598571777,-0.0014636516571044922,0.0011138916015625,-0.00164794921875,0.013427734375,0.003935724496841486
0029e901155f414696aa6b470cbe40d4,shallow,W1,a3_shallow_W1,2880.824624570109,856449.7893958596,1801.9316129486215,335114.0627833633,1078.8930116214874,521335.7266124963,14334.296835124882,4159988.6812227247,1080.3092342137911,-0.0016485750675201971,0.3960895538330078,0.15691876411437988,-0.009356811642646706,0.004181683063507025,0.003918886184692383,0.0013961791992188003,-0.0010986328125,0.01611328125,0.004786014556884766
00317d7cb89c4f84b28090ec8eeb361a,shallow,W1,a3_shallow_W1,3164.48791314714,1032102.2016233996,1979.6358655326592,403952.55158419063,1184.8520476144806,628149.650039209,15088.671555676394,4661055.692208694,1186.6829674301775,0.00363896787166601,-0.11603713035583496,-0.20235776901245472,-0.00838777422904971,-0.012255191802978516,-0.004572808742523193,0.0004119873046875,0.001220703125,0.014404296875,0.0009222924709319791
003245510e8f4bcb98f1794348606f68,shallow,W1,a3_shallow_W1,3040.9658787731505,954753.2856373108,1902.4817289745,373728.40511082695,1138.4841497986506,581024.8805264839,14901.56231082927,4499532.944913929,1140.3622045399316,0.000744551420211792,0.3513205051422119,0.19252777099609375,-0.006015375256538391,-0.00262290239334112,0.0018027722835540771,0.00033950805664059985,0.0003662109375,0.01171875,0.0012524425983428955
004459ae7559418fad89ddb73e140b56,shallow,W1,a3_shallow_W1,2821.4299477089457,821769.5488014957,1765.1418506567588,321675.9550473105,1056.288097052187,500093.5937541852,14036.08941291399,3979317.4021284995,1058.0362303908546,-0.0018586218357086043,0.4832160472869873,-0.07317662239074352,-0.00545144081115731,0.007716476917266901,0.0021207332611083984,0.0006561279296875,-0.002593994140625,0.008544921875,0.0013674795627593994
0047b3f31cc844d2bfe8e59820b87312,shallow,W1,a3_shallow_W1,2962.8247728903325,908393.7127716161,1853.743019045803,355647.24591337924,1109.0817538445294,552746.4668582368,14717.002694865232,4385355.945354744,1111.0592898338746,-0.0010993033647537787,0.38310229778289795,0.18483400344848633,-0.007802784442901611,-0.0058782994747161865,-0.0019266307353973944,0.0008926391601561997,0.0015869140625,0.009521484375,0.004461407661437988
0048e8224b174b759771e39ff521ee2e,shallow,W1,a3_shallow_W1,2995.9574914550944,927966.352940958,1875.293469461186,363663.55961608293,1120.6640219939084,564302.7933248751,14619.040397091414,4393868.938066442,1123.4840592956605,-0.000456929206848089,0.7085520029067975,0.5936765670776367,-0.010569244623184204,0.01183491945266718,0.004114508628845215,0.000213623046875,-0.001708984375,0.001953125,0.0008206069469451904
004a33ffd2654583822bdd2eed1241ba,shallow,W1,a3_shallow_W1,2787.1001061748966,802811.9174461002,1743.370154958284,314160.05666118825,1043.7299512166126,488651.8607849119,13939.723388238463,3941066.8777898494,1045.1625398155863,-2.4899840354988823e-05,-0.2276766300201416,-0.35668373107910156,-0.0042201578617096225,-0.006778240203857477,-0.004355669021606445,0.0006866455078125,0.00018310546875,0.01025390625,0.0022012889385222834
0050d3fb84444ea1b9079a1575887aa1,shallow,W1,a3_shallow_W1,2594.83549434395,697519.7916187317,1623.2943244915239,273011.8794802759,971.541169852426,424507.9121384558,13238.627318876008,3539885.449839441,973.0633103789812,0.0012909770011901855,-0.08295297622680664,-0.23500800132751465,-0.003416448831558283,-0.00930061936378479,-0.0014134049415587824,0.0014190673828125,-0.00048828125,0.0126953125,0.0010836124420166016
00519a09c83e410f9734b3cfe8bcb604,shallow,W1,a3_shallow_W1,2950.201972290252,899259.9585196823,1845.3326921852881,351858.64908196346,1104.8692801049638,547401.3094377188,14625.393586332775,4332707.216403065,1106.3257396088447,-0.0015956461429595947,0.25667548179626465,0.07388353347778143,-0.0049618482589722235,0.0032427608966827115,0.0024452507495880127,0.001556396484375,-0.0006103515625,0.017578125,0.002936244010925293
0053d2ac9bc14142bffaa42593c00a8a,shallow,W1,a3_shallow_W1,3060.086093282367,965931.1560427914,1915.3339670756848,378476.9764961548,1144.7521262066823,587454.1795466366,14052.79211788696,4117637.8567233738,1147.5322849808879,0.0021736174821853915,-0.29744744300842285,-0.33124566078185325,-0.0014225691556929987,-0.02762424945831299,-0.0008859038352966309,0.000732421875,-0.00146484375,0.018310546875,0.0035831332206726074
005c0d7ccf7749f99a4cc8e88bda073d,shallow,W1,a3_shallow_W1,3139.942618084129,1014893.554331284,1965.2904014454557,397651.8895818735,1174.6522166386735,617241.6647494105,14498.405153720014,4346344.052428869,1177.4784817815485,-0.0035940706729888916,0.5718570947647095,0.5251538753509521,-0.006051003932952881,0.0024741441011428,0.0020395219326019287,0.0001220703125,-0.00201416015625,0.00341796875,0.0026440620422362726
005ee892a99b4ae8a26bb1c8123fdd80,shallow,W1,a3_shallow_W1,2386.118307300842,590797.489080688,1492.2166697929638,231071.08927434334,893.9016375078781,359726.39980634465,12160.727281787875,2986801.910305766,894.7943652378157,0.0004881583154202028,-0.06302714347839355,-0.3409576416015625,-0.003813803195953369,-0.0018742233514786044,-0.004142791032791193,0.0004501342773438003,-0.0003662109375,0.009521484375,7.37905502319336e-05
006ce7ce9e1b45558fe805882a705991,shallow,W1,a3_shallow_W1,3150.5059925114847,1017956.7799745591,1972.3997036210053,399048.2057439713,1178.1062888904794,618908.5742305878,14340.15274386738,4277895.781066938,1181.4397471918069,0.0017818510532379706,0.7008302211761492,0.6193172931671178,-0.012161493301391602,-0.012435317039489802,0.0005903840065002441,0.0005874633789063003,-0.00054931640625,0.014404296875,0.0056591033935546875
006d40ce26e64b4c930124ddae278c05,shallow,W1,a3_shallow_W1,2644.150457578686,722942.755001903,1654.2709423181561,283001.0073751066,989.8795152605301,439941.7476267964,13281.666099533804,3575606.10448897,991.5564215920074,0.0033005177974700928,0.09005904197692871,-0.14406681060791016,-0.0017655491828917902,-0.006999492645263616,-0.005130529403686579,0.0017242431640625,-0.00201416015625,0.018798828125,0.001634985208511408
00713006ea594a598ad966c5b36c7922,shallow,W1,a3_shallow_W1,2763.1952929333374,790814.9581639857,1728.666916052201,309541.13138291496,1034.5283768811364,481273.8267810708,14193.965824079858,4071461.5128330765,1036.1982348500014,-0.0008969530463217995,0.49469709396362127,0.022487640380859375,-0.006998270750045804,0.004325091838836614,0.00353887677192688,0.0008163452148436997,-0.002685546875,0.001220703125,0.005492329597473089
0078e62e7d774effa973885c78ffbf6a,shallow,W1,a3_shallow_W1,2950.281966740521,899957.6751431477,1844.8801114517269,351915.867160068,1105.4018552887942,548041.8079830797,14333.559508189108,4240738.237545662,1106.3557375276955,0.005193993449211121,-0.7658195495605469,-0.7248616218566859,-0.008998319506645203,-0.008100956678390503,-0.00616455078125,0.000701904296875,0.000244140625,0.00537109375,0.0025301575660705566
007ced0c381749a394866f5fa71fd303,shallow,W1,a3_shallow_W1,2766.874206030796,790125.8853569034,1731.0232470402211,309297.00493996637,1035.8509589905748,480828.88041693706,13379.614119456699,3641130.2834944054,1037.5778272615485,-0.001682221889495794,0.5746304988861084,0.31609296798706055,-0.006810382008552496,-0.0027366578578948975,0.004768669605255127,0.0007858276367188003,0.0009765625,0.011962890625,0.005450770258903503
00820ef5fe4843cf8beef97281048215,shallow,W1,a3_shallow_W1,2806.9268917067757,813672.6339907274,1756.017703017448,318483.1247334913,1050.9091886893277,495189.5092572361,13888.495137352793,3907417.2943741083,1052.597584390041,-0.0005978345870971125,0.3098165988922119,0.09093403816223322,-0.0043959021568297785,0.0033764094114303866,0.0022270679473876953,0.0013427734375,-0.00213623046875,0.00927734375,0.0014451146125792902
008f8f5241b947f29838e2a780e3790a,shallow,W1,a3_shallow_W1,3344.5049268611792,1147372.0120434146,2093.096286930738,449438.60532420303,1251.408639930441,697933.4067192116,14450.960654043769,4379879.420869802,1254.1893475729423,-0.002224177122116089,0.3906160593032837,0.37974357604980646,-0.006252110004424993,-0.004425123333930997,0.0021532177925109863,0.0013961791992188003,0.00030517578125,0.01611328125,0.006635606288909912
0092c97c01714eb98d6f4b635c5ee9ec,shallow,W1,a3_shallow_W1,2896.4532917792,866143.9161824943,1812.0028097042307,339011.4616317712,1084.4504820749692,527132.4545507231,13561.608151949253,3836341.22287688,1086.1699844171999,0.004663318395614596,-0.06716370582580744,-0.25354623794555664,-0.0028420686721802313,-0.0030555725097656805,-0.0009833872318268377,0.0008316040039063003,-0.00079345703125,0.010986328125,0.0037984848022460938
00a1a602456f4eb188b522d7ef19e81b,shallow,W1,a3_shallow_W1,3166.065289951672,1034168.3761417184,1981.012521820468,404927.937037645,1185.0527681312042,629240.4391040733,15925.129001807662,5120362.834830804,1187.2744837318771,-0.0017556995153427124,0.5186581611633301,0.051084756851192736,-0.011198073625564603,0.004217326641082819,0.002090662717819214,0.0011978149414063003,-0.00262451171875,0.0126953125,0.004151046276092529
00a1d892548542c7ab83565070737d6b,shallow,W1,a3_shallow_W1,3043.1875945540887,951896.3442176086,1904.256625616007,372768.9933904242,1138.9309689380816,579127.3508271844,14578.506223830731,4317750.878555593,1141.1953479577833,-0.0010565817356109064,0.33246874809265137,0.3154492378234881,-0.010966181755065862,-0.0024436116218567033,0.0,0.0002899169921875,-0.0013427734375,0.014892578125,0.0010061860084533136
00a38a2327cd41b885d6ebbb6ac0a91c,shallow,W1,a3_shallow_W1,2841.981941463707,832146.1672785229,1777.9106429284616,325698.9205728793,1064.0712985352452,506447.24670564354,13683.103244664057,3818340.4134151195,1065.74322804889,0.002620965242385892,0.016725063323976386,-0.12371778488158824,-0.005775481462478638,-0.015726745128631647,-0.00795120000839239,0.0011520385742186997,0.00225830078125,0.01611328125,0.004266947507858276
00a69ec5e0cb4e1b9c6d6285bde5de3e,shallow,W1,a3_shallow_W1,2915.7134970756906,878918.994791152,1824.0119463458461,344009.9396463462,1091.7015507298445,534909.0551448057,14823.210573777333,4444985.3402224565,1093.392561403384,-0.0004652738571166992,0.2243417501449585,0.003775358200073242,-0.003670185804367121,0.0037171095609665195,0.0009551644325256348,0.0009613037109375,-0.00048828125,0.015625,0.0013177394866943914
00a776f578304cce8c096fc0034582ef,shallow,W1,a3_shallow_W1,3045.53510680661,959195.2519832968,1905.579841551397,375580.44431871845,1139.9552652552131,583614.8076645783,15092.589856019746,4623965.933583183,1142.0756650524788,-0.0003052949905396063,0.26825129985809326,0.06791472434997559,-0.005098462104797308,0.0023886263370513916,0.0025897622108458918,0.0016708374023438003,-0.00238037109375,0.0166015625,0.0035398006439208984
00a97894440b42ebbde2435e9430106c,shallow,W1,a3_shallow_W1,3146.1437048609637,1023673.774888881,1968.233682744346,400682.1180194062,1177.9100221166177,622991.6568694748,15779.917385514738,5045381.265237533,1179.8038893228613,-0.0005348622798919955,0.05725979804992676,-0.02693772315979004,-0.007553011178970337,-0.004229366779327393,0.0019956231117248535,0.0012664794921875,-0.00250244140625,0.016357421875,0.006289899349212619
00a9925ae746466b91ce457c67bef43f,shallow,W1,a3_shallow_W1,2961.4886096771943,904865.3878677607,1853.139003471115,354369.9586558322,1108.3496062060792,550495.4292119285,14253.88986953063,4162000.3259932674,1110.558228628948,-0.0006642639636993963,0.5358457565307617,0.30493021011352894,-0.007543757557869013,0.001171946525573675,0.0001513957977294922,0.0011215209960936997,0.00048828125,0.006103515625,0.003505617380142212
00ae6eda19634ee6b0a4a52789c9ff90,shallow,W1,a3_shallow_W1,3217.6555345650368,1070777.366009296,2013.1177255205077,419189.04782342695,1204.537809044529,651588.3181858689,15705.367167888302,5054768.08540332,1206.620825461889,0.006000280380248996,-0.7686817646026611,-0.7459139823913539,-0.0026159286499022882,-0.009985566139221191,-0.005339264869689941,0.0009384155273438003,-0.00067138671875,0.01171875,0.003243282437324607
00bc54b70fea4c94bf54bdb4d041522c,shallow,W1,a3_shallow_W1,2848.405570627514,840085.1138059273,1782.020069735352,328841.73800128215,1066.3855008921619,511243.3758046452,14362.064545446427,4180352.624808243,1068.1520889853177,-0.00023622810840609465,0.711413621902464,0.3340768814086914,-0.008885145187377902,-0.0006650090217590332,-0.0006697773933410645,0.0005836486816405998,-0.0006103515625,0.0067138671875,0.003251135349273626
00bf94f9be9346d5bf6fcdb88e0f68c3,shallow,W1,a3_shallow_W1,2852.3659405812023,842158.053045854,1785.3528911314502,330012.9572137371,1067.013049449752,512145.09583211684,14171.264454272283,4098371.3845669716,1069.637227717951,-0.0023231953382492065,0.3152585029602033,0.19532322883605957,-0.008890688419342097,0.003701552748680087,0.0004590451717377264,0.0010147094726561997,-0.00274658203125,0.0068359375,0.002622395753860418
00c01670fa9545fc82e1fbfb9f70a259,shallow,W1,a3_shallow_W1,2962.628580008848,904066.9849021172,1853.4042355304587,353857.2185540313,1109.2243444783894,550209.7663480858,14385.19287999055,4195152.509942786,1110.985717503318,-0.002134144306182889,0.4953944683074951,0.3826439380645752,-0.005875945091247614,0.003224134445190402,0.0034141540527344305,0.001068115234375,0.00115966796875,0.010009765625,0.004605829715728815
00c1673e7c8e4c2fbc0c9a1084acc067,shallow,W1,a3_shallow_W1,2989.910091304735,918708.9172350905,1870.7080860534754,359686.2700849327,1119.2020052512596,559022.6471501578,13927.095759029382,4028144.0545782098,1121.2162842392759,0.005628496408462524,0.29041051864624023,0.2392578125,-0.0006848573684691828,-0.009034216403961182,-0.001980900764465332,0.00067138671875,0.00030517578125,0.013427734375,0.0016845166683196466
00c5fc33cf54446093cca570c2ac5db0,shallow,W1,a3_shallow_W1,2836.235851747954,831411.0820959703,1774.3069800090964,325412.35940487304,1061.9288717388574,505998.72269109724,14182.11168003898,4120568.4978466076,1063.5884444054827,0.0069582462310791016,-1.0259962081909197,-0.9644174575805664,-0.0021924376487731934,-0.008611500263214111,-0.004818320274353027,0.0008583068847656007,-0.00177001953125,0.01171875,0.002697885036468506
00cc1d02ab5c4e1abcbc080bbdc6bdc4,shallow,W1,a3_shallow_W1,2926.9315667142005,881919.060890648,1831.2679072161814,345248.05148838717,1095.6636594980191,536671.0094022609,13632.463556639477,3832138.2632791027,1097.5993375178255,0.0059099495410919745,0.2221119403839129,0.08083701133728027,-0.002642601728439331,-0.010391354560851995,-0.00461533665657049,0.0010452270507813003,-0.00079345703125,0.019287109375,0.00343245267868042
00d319b11c2c41c6b9a36287abf6922e,shallow,W1,a3_shallow_W1,2488.13324838957,640820.5357375233,1556.4028880358833,250778.61551037023,931.7303603536866,390041.9202271531,12622.109026348637,3219838.9699478494,933.049968146089,0.001743741333484608,-0.0007390975952166201,-0.23854255676269176,-0.006368696689605713,3.510713577270508e-05,-0.0003247857093811035,0.0004844665527343993,0.0006103515625,0.0064697265625,0.0016214549541472834
00d9bd8bee204fe3a42c320ce24a32fd,shallow,W1,a3_shallow_W1,3137.140058388419,1012702.5992047298,1963.9077628630992,396975.6248741408,1173.23229552532,615726.974330589,14407.579223785891,4298076.363534554,1176.4275218956573,-0.0025500506162642878,0.5924075841903687,0.5456185340881348,-0.006094694137573298,0.0019121170043945312,0.007445514202117975,0.000518798828125,0.003662109375,0.003173828125,0.004386097192764338
00da1beacd7e456f81bcdd0343048166,shallow,W1,a3_shallow_W1,2772.2300777071687,795408.8182950205,1734.405971955931,311389.22870871605,1037.8241057512378,484019.58958630444,14341.818954853981,4168960.6568035255,1039.5862791401883,0.0010038465261460183,-0.1894176006317121,-0.3264975547790492,-0.0032688379287720004,-0.0038559138774871826,-0.0011317729949950617,0.0004043579101561997,-0.001953125,0.01318359375,0.0005846917629241943
00db57d6cb5540089860f0de1d2c643d,shallow,W1,a3_shallow_W1,2984.085303114368,919715.7265180004,1866.718175758858,359945.18117487716,1117.3671273555099,559770.5453431231,14421.802451598947,4243252.359570869,1119.0319886678878,0.005373537540435791,-0.08038640022277832,-0.19019126892089844,-0.005571693181991577,0.004884123802185059,-0.0004585385322570801,0.0005683898925780998,-0.00054931640625,0.00244140625,0.003359556198120117
00ddbd37e24c43569cb77919361bfaa9,shallow,W1,a3_shallow_W1,2540.4626688885705,668304.836754975,1588.9833019701623,261474.57333617393,951.4793669184082,406830.2634188011,12794.951620787444,3308271.88916251,952.6735008332141,-0.0009131506085395952,0.5603170394897461,-0.09000301361083984,-0.005676925182342474,0.012080192565917969,0.0008382797241210938,0.00079345703125,-0.001373291015625,-0.0009765625,0.0053311884403229315
00e99d9188c64441b8ae7a3f73f37164,shallow,W1,a3_shallow_W1,2861.1469306055888,846118.5498352547,1789.5057626764751,331016.5185117036,1071.6411679291136,515102.0313235511,14691.752549377004,4368643.184628733,1072.930098977096,0.00422041118144989,-0.6670558452606183,-0.5623269081115758,-0.0014497935771942139,-0.012077093124389704,-0.003024160861968994,0.0008316040039061997,-0.00189208984375,0.01806640625,0.0012777149677276056
00ea067d2d0d4e5abbe36abcdd2117b9,shallow,W1,a3_shallow_W1,3143.6849170181094,1015952.1350688841,1967.258799512834,397904.931304005,1176.4261175052754,618047.2037648791,14611.421609970575,4368880.482860821,1178.8818438817912,-0.002924874424934387,0.48152029514312744,0.44209957122802734,-0.010324209928512629,0.003905326128006009,0.0076763927936553955,0.0012931823730468993,-0.00030517578125,0.017822265625,0.010407730937004117
00ed0007c9c84409adb2e257fad235d1,shallow,W1,a3_shallow_W1,2831.4633509083815,828443.8427326572,1771.4336601409027,324299.4143676768,1060.0296907674788,504144.4283649804,13981.210309660146,3972545.10663797,1061.798756590643,0.0050840824842453,-0.47125816345214844,-0.44344544410705566,-0.004246622323989813,-0.0033688843250274103,-0.0014241337776184082,0.0012359619140625,-0.00091552734375,0.01904296875,0.0008012652397156317
00ef198a19a8403d903dbfa7cfaaf9bd,shallow,W1,a3_shallow_W1,2897.0754198413806,868508.2181947285,1812.3535598392746,339929.8308007961,1084.721860002106,528578.3873939323,14842.675749148255,4453089.4541910635,1086.4032824405178,-0.000466540455818093,-0.016275048255918634,-0.1391768455505371,-0.004528075456619207,-0.0006117969751358032,5.424022674560547e-05,0.000732421875,-0.00335693359375,0.01220703125,0.001560300588607788
00f9cb1a42b4498e838107f82557c9f3,shallow,W1,a3_shallow_W1,2794.6071976575886,807498.170470668,1748.0866787352913,315982.48474427336,1046.5205189222972,491515.68572639464,13992.149714209676,3986109.5092029762,1047.977699121596,0.004210039973259,-0.05332231521606268,-0.1727581024169922,-0.005966112017631503,0.0022419095039367676,0.0019952952861785334,0.0006828308105468993,-0.00079345703125,0.0101318359375,0.0024423301219940186
00fa05ae10834647a8bf00c5a5a899a1,shallow,W1,a3_shallow_W1,2781.4789314281807,800918.2389519501,1739.8055440127443,313391.0435988918,1041.6733874154363,487527.1953530583,14274.84654031527,4122563.4482867657,1043.0545992855677,2.6859343051896523e-05,0.2721083164215088,-0.08656501770019887,-0.006964117288589505,0.0012661218643188477,0.0021753311157226562,0.000213623046875,-0.001220703125,0.003173828125,0.0030588507652282715
00fab46ab0134de8b7c6b39f9ef2f708,shallow,W1,a3_shallow_W1,2828.055283762488,828031.8972114057,1769.4032693054642,324174.42724758066,1058.652014457024,503857.469963825,14310.317403156445,4142929.7483313354,1060.5207314109334,-0.00028739869594579526,0.33545851707458496,0.11591434478759766,-0.003080189228057806,0.0011195987462997992,0.002211391925811712,0.001068115234375,-0.0025634765625,0.0126953125,0.0016899406909943182
00fadd5980ed4228bc28217eb11c5d27,shallow,W1,a3_shallow_W1,2810.8570940247355,815482.4589541602,1758.774978825013,319314.80768921936,1052.0821151997225,496167.65126494085,13065.02150087393,3558942.381351968,1054.071410259276,-0.00043839216232299805,0.42775988578796387,0.3656113147735578,-0.004071578383445795,-0.0007402598857879639,-0.004065752029418945,0.000946044921875,-0.000244140625,0.01220703125,0.005234450101852417
00fd070ec367496582cb9410fb8d84a2,shallow,W1,a3_shallow_W1,2820.546146830675,823085.6916289527,1763.8055122855205,321893.38531069004,1056.7406345451543,501192.3063182627,14324.565006162036,4175581.149463979,1057.704805061503,0.0027606040239334106,-0.7283949851989746,-0.6386470794677699,-0.005037128925323514,-0.00684782862663269,-0.004664421081542969,0.0013656616210936997,-0.0018310546875,0.013671875,0.002768605947494507
00fe064ec39f4f42a8301f6699c37455,shallow,W1,a3_shallow_W1,2750.406301094433,785211.4473863528,1720.4959381970582,307297.4108902684,1029.9103628973746,477914.0364960844,14147.927487697967,4067066.1932121743,1031.4023629104124,0.004033669829368591,-1.0726487636566162,-0.8747434616088832,-0.004334002733230619,-0.013241291046142578,-0.004095971584320068,0.0015335083007811997,-0.00433349609375,0.01708984375,0.0042228698730469305
00fe7b40923644c3bf15be6fcb8195c2,shallow,W1,a3_shallow_W1,2746.068623093787,778715.9218608002,1717.9111254663355,304789.80871496885,1028.1574976274517,473926.1131458314,13549.051507983457,3727001.6609660434,1029.77573366017,0.001809120178222684,-0.016736984252929688,-0.13677120208740234,-0.0037861764430998923,-0.007003724575042725,-0.00319063663482666,0.0006446838378906996,0.00091552734375,0.010498046875,0.004345208406448309
01052f325d2a4422bf1dea6567d78347,shallow,W1,a3_shallow_W1,3262.7937375038764,1090642.464566245,2042.6933932708857,427533.76189132367,1220.1003442329907,663108.7026749214,14099.570795837522,4178810.980071412,1223.547651563954,0.00493660569190979,0.3795379400253296,0.3753650188446027,-0.003463506698608454,-0.03774648904800415,-0.00719651579856867,0.0012588500976563003,-0.0006103515625,0.028076171875,0.00807377696037298
0116e8e2de78456cab731ff73f65349f,shallow,W1,a3_shallow_W1,3048.147252026471,958685.160318294,1906.8127275575544,375208.92945213226,1141.3345244689167,583476.2308661616,15127.892156717116,4667654.6606966285,1143.0552195099267,0.00790303945541379,-0.8750081062316895,-0.7645559310913121,-0.0011056661605835238,-0.003634810447692871,-0.002675175666809082,0.0007057189941406996,0.00079345703125,0.007568359375,0.001935362815856989
0118607beaed4571b94615a611bab570,shallow,W1,a3_shallow_W1,2900.6343639087286,872451.7792965748,1814.3783532274492,341396.07303999196,1086.2560106812793,531055.7062565829,14844.299293099699,4459163.233987039,1087.7378864657735,7.954239845270328e-05,-0.2153623104095459,-0.302199125289917,-0.005363330245018005,-0.003417879343032837,-0.0015526413917540949,0.0019989013671875,-0.003173828125,0.01513671875,0.004356592893600519
011a2229b2f949ffaac35b39e9ee9d78,shallow,W1,a3_shallow_W1,2944.172169321149,896483.3415631396,1841.6359144838507,350805.29949447647,1102.5362548372982,545678.042068663,14604.92555279999,4325725.802744557,1104.064563495431,0.0020426213741301935,0.23563504219055176,0.00950574874878285,-0.003475546836853083,-0.003826647996902466,-0.0021860301494598944,0.0012664794921875,-0.000244140625,0.01416015625,0.008894264698028592
011e8dd9d04e4257b4c094b9cf279280,shallow,W1,a3_shallow_W1,3178.0038306023225,1041683.4308017339,1989.2373675897632,408203.02308822743,1188.7664630125594,633480.4077135064,15411.37775602363,4837823.990412654,1191.7514364758713,-0.004434257745742798,0.5619454383850098,0.4411780834197998,-0.013230115175247192,0.005241423845291193,0.002711951732635498,0.0004425048828125,-0.00274658203125,0.004150390625,0.0019317269325256903
012323854937400b839b3bedf4faa010,shallow,W1,a3_shallow_W1,2684.9385648146194,745509.198111239,1679.4868953091175,291728.3765554781,1005.451669505502,453780.8215557609,13371.129888970625,3616344.786451897,1006.8519618054823,0.0011858046054840088,0.27558207511902033,-0.04019975662231445,-0.0027685761451722024,-0.0027271509170532227,0.00048020482063287906,0.0009613037109375,0.000244140625,0.01416015625,0.002099364995956421
0123ecfeeaf14efc8183597f2099e925,shallow,W1,a3_shallow_W1,3089.6947161727935,985874.0297275913,1933.2974466867875,386047.6954830963,1156.397269486006,599826.334244495,15549.937125868253,4883417.795950145,1158.6355185647974,0.0021471381187438965,0.0476229190826416,-0.04132390022277832,-0.006730526685714666,-0.004727661609649714,-0.002992391586303711,0.0011062622070311997,-0.00140380859375,0.011962890625,0.003885895013809204
012648b0eed74f67ad28527119aac2c4,shallow,W1,a3_shallow_W1,3047.642535791883,955654.7248396701,1906.614994482662,374050.252854815,1141.0275413092209,581604.4719848551,14035.033277242555,4088379.2512730127,1142.8659509219563,0.011108756065368708,-1.165137290954588,-1.1343467235565186,0.0011751651763916016,-0.011128783226013184,-0.003736734390258789,0.00033187866210940015,-0.0001220703125,0.0089111328125,0.004981964826583862
012989686a534d73bd7989501e713630,shallow,W1,a3_shallow_W1,2711.582221486034,759136.354861526,1696.1934444072506,297076.2150133045,1015.3887770787835,462060.13984822156,13711.35666172482,3797121.808603084,1016.843333057263,-0.0007050856947899004,0.19248247146606445,-0.20169496536254883,-0.005299538373947199,0.002494364976882907,-0.0012465119361877997,0.0010528564453125,-0.0006103515625,0.0166015625,0.0016872882843017023
012a565d39a644ea89685ae6cd4e5d8c,shallow,W1,a3_shallow_W1,3122.679258989601,1003610.840725504,1954.5129737442912,393230.73342947743,1168.1662852453096,610380.1072960265,14337.533390655439,4262586.353676745,1171.0047221211005,-0.0018063187599182129,0.6142228841781616,0.4279184341430664,-0.006232649087905884,-0.0008051693439483643,-0.004724234342575018,0.0010528564453125,-0.001708984375,0.014404296875,0.0052200257778167725
012c0d5217494d12881d6b089bed0232,shallow,W1,a3_shallow_W1,3004.6656497002086,932741.8458089731,1880.534418334835,365426.83699187,1124.1312313653737,567315.008817103,14786.88629788076,4440232.594421236,1126.7496186375781,8.739531040188875e-05,0.2237594127655047,0.029605627059936523,-0.004063397645950317,-0.0016669929027557373,0.0026906132698058527,0.0020751953125,-0.000732421875,0.008056640625,0.004094123840332031
012d625661ad4c76b706f410b9be0640,shallow,W1,a3_shallow_W1,2723.98311284603,768912.4256459444,1703.7686423140208,300832.4471226163,1020.2144705320093,468079.97852332814,14004.8195122648,3965967.8557398445,1021.4936673172615,0.0003112927079201022,0.22507548332214355,-0.0948476791381836,-0.006693065166473305,0.0062031894922255915,-0.00048458576202387027,0.0010528564453125,-0.001129150390625,0.01416015625,0.0004546940326691229
013c9572481f47a3adb59c76a934e1e4,shallow,W1,a3_shallow_W1,2874.58056677792,855088.0102901945,1798.7716974734558,334868.2820494717,1075.8088693044642,520219.72824072285,14578.206046490557,4292206.408082748,1077.96771254172,-0.0013331472873688022,0.36476731300354004,0.11810064315795898,-0.0071635842323302945,-0.0025654584169386985,0.0004094243049622137,0.0010299682617188003,-0.00146484375,0.0234375,0.0007753074169158936
013ff6659943447a9a569fdcbcd3abdb,shallow,W1,a3_shallow_W1,3054.6811277202896,961830.2567387534,1911.4170439296818,376654.489195497,1143.2640837906079,585175.7675432564,14731.158866093707,4418208.703427564,1145.5054228951087,-0.0016259998083114902,0.5190622806549072,0.4430735111236572,-0.004516005516052191,0.0002295523881911954,0.001933127641677912,0.0012664794921875,-0.00103759765625,0.013916015625,0.004461795091628973
0144192045784fc8906de276b4e09eaa,shallow,W1,a3_shallow_W1,2800.6960086001272,813247.3289867888,1752.0024345610577,318281.14761015825,1048.6935740390695,494966.1813766305,14528.749759209733,4263682.907103904,1050.2610032250477,-0.0007984042167663019,0.168421268463133,-0.09162545204162953,-0.006478637456893921,-9.702146053308658e-05,0.0013991892337799072,0.0009307861328125,-0.00164794921875,0.01025390625,0.001744300127029419
014a10fd129844228a18b568b069661d,shallow,W1,a3_shallow_W1,2899.3100330680286,869055.0367858115,1814.0825520843193,340283.85045283474,1085.2274809837093,528771.1863329768,14324.111246879975,4164314.9411345613,1087.241262400511,-0.0025738775730133057,0.3712141513824463,0.22624850273132324,-0.0049988478422165195,0.004350647330284091,-0.00025022029876708984,0.002044677734375,0.00030517578125,0.00830078125,0.004275321960449219
014ca29813304ce68204fb48dc217636,shallow,W1,a3_shallow_W1,2585.802242056214,692009.5576503788,1617.5271897463927,270820.93744410435,968.2750523098211,421188.62020627444,13426.333211044492,3652725.832858254,969.6758407710802,0.0029129087924957,-0.7066035270690918,-0.6567311286926305,-0.00298257172107691,-0.014803260564804077,-0.006273329257965088,0.0010757446289063003,-0.000823974609375,0.01953125,0.0026984810829163153
014ccee408664909b71f80702d003e14,shallow,W1,a3_shallow_W1,2976.0727928173565,914152.180746337,1861.761682254633,357790.76316586655,1114.3111105627236,556361.4175804704,14522.330824154977,4310884.4378536055,1116.0272973065087,0.002577558159828214,-0.29192328453063965,-0.31002044677734375,-0.0039565265178680975,-0.0021605789661406916,-0.0009485483169555664,0.0004959106445313003,-6.103515625e-05,0.00634765625,0.004498332738876287
01531de593f3468084dab12f6515e8e1,shallow,W1,a3_shallow_W1,2826.4738697884554,825849.0811063775,1768.1458336318256,323221.9667523117,1058.3280361566299,502627.11435406585,13925.021478042776,3934362.184766348,1059.9277011706708,-0.001966416835784912,0.5444222688674927,0.35759449005126953,-0.0046851783990859985,0.00446093827486041,0.0037977099418640137,0.0008392333984375,-0.0008544921875,0.008544921875,0.0034157633781433105
0154c6fe068243d4b2d5a704dad1cbc6,shallow,W1,a3_shallow_W1,2541.5898943085,668859.2999506742,1589.662743223609,261683.9590718939,951.927151084891,407175.34087878023,12599.538855934885,3225952.271532031,953.0962103656876,0.0032377541065216897,-0.07965445518493652,-0.2793431282043457,-0.0026690065860747736,-0.005701601505279541,-0.00499957799911499,0.0008697509765625,0.00054931640625,0.0107421875,0.0011981129646300714
01551e922711450f92b50843d4e0f2be,shallow,W1,a3_shallow_W1,2672.529995234125,740433.4215926763,1671.8391349241904,289785.7100467858,1000.6908603099348,450647.7115458905,13813.22225254134,3865475.9075248367,1002.1987482127971,0.001820042729377691,-0.03216505050659357,-0.1522433757781947,-0.003220647573471097,-0.007103383541107233,-0.004365444183349609,0.00054931640625,-0.00164794921875,0.006591796875,0.0015698075294495184
0157b39c4b434ceba885ddace4f5b9bd,shallow,W1,a3_shallow_W1,2947.9834770707052,898376.7284242879,1844.4299476364179,351706.42716646846,1103.5535294342874,546670.3012578194,14542.53480979061,4292615.747308118,1105.4938039015146,-0.002028793096542303,0.5961257219314575,0.39333224296569824,-0.006234884262084905,0.00763802230358121,0.0054664611816405695,0.00128173828125,-0.00152587890625,0.01318359375,0.006933927536010798
0158a691a8a64bd39527c6f9e750c8ee,shallow,W1,a3_shallow_W1,3068.8001409719554,972811.569273035,1919.9340918815558,380809.8713188674,1148.8660490903997,592001.6979541676,14721.725287261774,4436907.65029406,1150.8000528644834,0.00859424471855158,-0.9550476074218768,-0.9201753139495814,-0.0024774372577667236,-0.016204625368118286,-0.0051833391189575195,0.00048828125,-0.00054931640625,0.0078125,0.0028048455715179443
015c200ce786438c8e35ddf635d1e236,shallow,W1,a3_shallow_W1,2840.913386038299,835059.0737449873,1777.8112246073497,327078.76212721097,1063.1021614309493,507980.3116177763,13879.626359991018,3953830.128182702,1065.3425197643624,-0.00022968649864199553,0.634258985519411,0.5335116386413574,-0.010596141219139127,0.007240653038024902,0.001433402299881037,0.0018463134765625,-0.00244140625,0.004638671875,0.007770895957946777
015d02aa38e04950825ec5f8dc3d533d,shallow,W1,a3_shallow_W1,2825.9565523459805,828105.2596233229,1768.022631764296,324171.7230720277,1057.9339205816846,503933.5365512952,14314.238068080695,4149182.8825625223,1059.7337071297427,0.0028800666332244873,-0.7445299625396746,-0.6117773056030238,-0.005330860614776611,-0.014049261808395386,-0.0031519532203674316,0.0014266967773436997,-0.003173828125,0.013916015625,0.005336523056030218
015ee6e84a2d49e9b87dca6fdc4d49b4,shallow,W1,a3_shallow_W1,2574.2103579502045,687548.442948705,1610.2678434904344,269065.5010867752,963.9425144597701,418482.94186192984,12802.446487675155,3321367.212460787,965.3288842313268,0.0010782033205032904,-0.044072866439819336,-0.2339160442352295,-0.0030057430267333984,7.325410842898283e-05,-0.0016799271106720526,0.0029296875,0.0001220703125,0.02294921875,0.0009470582008361816
016576dd30c1464f9115584748950ed2,shallow,W1,a3_shallow_W1,2781.2867141924366,798903.4976147651,1739.6777494446821,312600.15103346854,1041.6089647477545,486303.34658129653,14010.901297488677,3974017.0326186647,1042.982517822164,0.0007005333900451105,-0.38280367851257324,-0.377732515335083,-0.0024996101856231967,-0.003487259149551336,-0.0027182102203368586,0.0020294189453125,-0.00225830078125,0.0126953125,0.002615034580230713
01688042f526490ba8fe14aace17a558,shallow,W1,a3_shallow_W1,2871.886144253246,854473.1571065981,1796.488964666564,334406.0316930385,1075.3971795866821,520067.12541355967,14224.862819231623,4112644.43497719,1076.9573040949672,0.004784673452377375,-0.8705246448516828,-0.696419477462765,0.00015291571617118138,-0.00992771983146673,-0.007949352264404297,0.0014724731445313003,-0.000732421875,0.01318359375,0.0059095025062561035
0169a7e8458246b1b371706f507ec511,shallow,W1,a3_shallow_W1,2757.253469982362,788094.3527827682,1724.4362064789689,308281.3117159332,1032.817263503393,479813.041066835,13925.45603054667,3916252.54345816,1033.9700512433858,0.0024981647729872963,-0.47042012214660645,-0.4208183288574183,-0.0049088299274445135,-0.0033997297286987305,-0.002980947494506836,0.0006561279296875,-0.0018310546875,0.013671875,0.0005717277526854914
0170db45fb744c4b91ffdf97a3f75ea3,shallow,W1,a3_shallow_W1,3040.116668357429,955618.1686903328,1902.3324566922338,374223.5122704514,1137.784211665195,581394.6564198814,15073.033111368088,4598925.944728726,1140.043750634036,0.0012848377227782648,0.08167773485183716,0.013623237609865058,-0.006429076194763128,0.0015031285583973,-0.0005812644958495816,0.001373291015625,-0.001220703125,0.01904296875,0.0005673468112946112
017c41aac5db41f3bfe2f7938a4834d1,shallow,W1,a3_shallow_W1,2926.9495582218,886599.6336789536,1830.809904430048,346911.68341040134,1096.1396537917522,539687.9502685523,14458.459892531697,4256085.300518966,1097.6060843331752,5.155801773079616e-05,0.46530008316040217,0.23460626602172852,-0.008716151118278503,0.0011686384677886963,0.0013254880905151367,0.00115966796875,-0.00250244140625,0.01123046875,0.0029000341892242987
017e5dfc6d0d4c12b3f1196d85a16c9b,shallow,W1,a3_shallow_W1,2893.6766708604086,868938.69020314,1810.2671239250642,340106.04230569536,1083.4095469353445,528832.6478974447,14463.274795698622,4229152.015333733,1085.128751572653,0.00016255676746368408,0.18928349018096924,-0.09687662124633789,-0.001658856868743952,0.0023532062768936157,0.0009314119815826971,0.0007476806640625,-0.00018310546875,0.018310546875,0.00015676021575927734
018034e069134727b9e6e5627234f42f,shallow,W1,a3_shallow_W1,3001.1355883904553,931720.3208288099,1877.2628319098767,364586.20104638423,1123.8727564805786,567134.1197824257,14978.434635574069,4545176.945473118,1125.4258456464208,0.0033870041370391846,-0.5665338039398193,-0.48909783363342285,-0.002736002206802368,-0.005485326051711981,-0.0036731362342833918,0.001190185546875,-0.00018310546875,0.0126953125,0.002413719892501831
018487b190aa472caf198b265a3b4d61,shallow,W1,a3_shallow_W1,2838.958332401418,832128.7094168204,1776.3386995065805,325825.1653644596,1062.6196328948374,506303.5440523608,14451.802498550316,4225467.389825639,1064.609374650532,0.0023065209388733188,-0.20392894744873225,-0.2703058719634974,-0.0052432715892792026,-0.009681195020675715,-0.001740574836730957,0.0004196166992188003,-0.00164794921875,0.010986328125,0.0016977190971375067
0184e485100e433c9032f2132e99e095,shallow,W1,a3_shallow_W1,3433.1913005602655,1217031.7343118512,2148.1762102775697,476534.5408442022,1285.0150902826958,740497.1934676489,16976.42571474246,5845339.285816544,1287.4467377100998,-7.143616676330566e-05,0.3371262550354004,0.06161212921142223,-0.0055467188358306885,-0.0020117461681365967,0.00047212839126581363,0.0033721923828125,-0.00048828125,0.020751953125,0.007490724325180109
018f683e86ea42eb8e98935e890eb9fd,shallow,W1,a3_shallow_W1,2823.4152211760734,821298.4279457764,1765.9707282039283,321328.73605224525,1057.444492972145,499969.6918935311,14079.74056644036,4017157.253959627,1058.7807079410277,0.0016694962978363037,-0.060236454010009766,-0.1342940330505371,-0.004001468420028714,-0.008166015148162842,-0.0013388395309448242,0.0008010864257813003,-0.00067138671875,0.012939453125,0.0026267766952515204
019a31cb0c1646758bc44d47366e32e6,shallow,W1,a3_shallow_W1,3359.8358595408404,1159034.174714814,2102.880693223249,454086.0887456067,1256.9551663175912,704948.0859692072,14749.262087640147,4551691.913095685,1259.9384473278153,0.007788538932800293,-0.4947209358215332,-0.5022263526916504,0.0010888576507568914,-0.03752616047859192,-0.006195127964019775,0.0016708374023438003,-0.00018310546875,0.02880859375,0.005782306194305475
019c097c504c4e1dbefcd1079619b8cf,shallow,W1,a3_shallow_W1,3032.999261238464,949188.7858647495,1898.2388616895216,371861.6616190805,1134.7603995489424,577327.124245669,14675.656976987639,4404387.114679328,1137.374722964424,-0.0035936683416366855,0.6555432081222534,0.6032276153564471,-0.021672993898391724,0.00944817066192627,0.011303484439849854,0.000762939453125,-0.00177001953125,0.00634765625,0.007242649793624878
019cdc2fe9da4327aa8d617401d8189b,shallow,W1,a3_shallow_W1,2884.0348904038465,861055.8769319839,1804.4165100214989,337105.5754012123,1079.6183803823476,523950.30153077154,14597.49455307297,4305837.985470674,1081.5130839014425,-5.602836608886719e-06,0.25570571422576904,0.07598638534545898,-0.005996137857437189,-0.0019371807575226108,0.0009412169456481934,0.0007476806640625,-0.00140380859375,0.015625,0.0015519559383391779
01a4a9aa5dfc4436891849a88f2e99e7,shallow,W1,a3_shallow_W1,2969.1032111001523,910152.7863290193,1857.2272570370578,356147.6166123834,1111.8759540630945,554005.169716636,14095.689802427243,4134502.5022567003,1113.4137041625572,0.008012592792510903,-0.8637094497680682,-0.8095860481262172,0.0025926530361176092,-0.0008331537246704102,-0.006861746311187744,0.0008163452148438003,-0.0015869140625,0.00830078125,0.005439624190330505
01a76c394cc640f6ad469199166ece29,shallow,W1,a3_shallow_W1,3124.962292396018,1005773.7946614872,1955.4665027228175,393875.16603455757,1169.4957896732003,611898.6286269296,15104.993156005445,4635095.161613135,1171.8608596485067,-0.002584099769592202,0.6397247314453125,0.5364573001861572,-0.011085480451583807,-0.0016995072364807129,0.00403988361358637,0.0002365112304688003,-0.00079345703125,0.009521484375,0.0028829872608184814
01b853942c324f83a89d27e97796200c,shallow,W1,a3_shallow_W1,3168.2145201580765,1036303.8938472471,1982.5541509160967,405858.84290189634,1185.6603692419799,630445.0509453508,15396.27166492025,4839918.68326919,1188.0804450592786,0.003339856863021906,-0.1655280590057373,-0.2222192287445104,-0.004713565111160223,-0.005297064781188965,-0.0016816556453704834,0.0008316040039063003,-0.00274658203125,0.010009765625,0.0033161640167236883
01c7a9010fa6463897e5919443c72886,shallow,W1,a3_shallow_W1,2995.16403322104,926794.578070855,1873.828078912706,362789.9448600945,1121.335954308334,564004.6332107605,14582.599998722257,4313531.635368674,1123.1865124578903,-0.0016524940729140958,0.5561119318008423,0.367354154586792,-0.006181702017784119,0.011682033538818387,0.004274129867553711,0.001953125,-0.0018310546875,0.010498046875,0.009757101535797091
01c80c7c0e954db9a53a11fabc2053eb,shallow,W1,a3_shallow_W1,2907.836452864847,875498.2896682675,1819.5116224617836,342830.0059495589,1088.3248304030635,532668.2837187086,14576.839559829237,4294412.489960849,1090.4386698243177,-0.0019660368561745106,0.45076727867126465,0.03133058547973633,-0.0090066939592362,0.004199773073196411,0.00221821665763855,0.0009231567382811997,-0.00201416015625,0.0126953125,0.0014098584651947021
01d0e94dc746416484c9157bbe320203,shallow,W1,a3_shallow_W1,2905.6865174931895,871771.9116067855,1818.1447118441845,341365.0219872084,1087.541805649005,530406.8896195771,13576.586868222206,3841033.1306255586,1089.6324440599462,0.0010393857955932895,0.19740462303161443,0.15105843544006348,-0.0037140548229216974,-0.0017651915550231934,-0.005981653928756714,0.0011367797851561997,0.0,0.0126953125,0.004649519920349066
01d1c15787514d14a4538256a88b43a5,shallow,W1,a3_shallow_W1,2672.334853289155,739403.4484238074,1671.45720223022,289294.13299034914,1000.877651058935,450109.31543345825,13714.712557345267,3811168.4248114275,1002.1255699834335,0.004098266363144004,-0.7690608501434308,-0.589816570281986,-0.0026624351739883145,-0.006570249795913696,-0.004414856433868408,0.0012969970703125,-0.00128173828125,0.015625,0.003251969814300537
01d2ae479ed74c7188c270dea892cf67,shallow,W1,a3_shallow_W1,2985.8781534470822,920936.6962865284,1868.4781517453707,360682.5153147329,1117.4000017017115,560254.1809717955,14977.943838661495,4543553.50177705,1119.7043075426561,0.0012532621622085849,0.551181435585022,0.4719269275665283,-0.0074615478515625,0.002543687820434515,0.005085200071334783,0.0003890991210936997,-0.00091552734375,0.0107421875,0.001740962266921997
01d9dd3aa5dc46c3a44bfd40d5898c0e,shallow,W1,a3_shallow_W1,2867.8053505425733,849692.7082405989,1794.106005976762,332590.8041448299,1073.6993445658113,517101.904095769,14089.552295698575,4033511.7623960716,1075.427006453465,0.0003516227006913064,0.6015020608901978,0.38537025451660156,-0.005586117506027194,0.0020272135734558105,0.001033246517181341,0.0006637573242186997,0.001220703125,0.009765625,0.00242498517036438
01eac793c4ec40c5aa6bbd09b45fc26a,shallow,W1,a3_shallow_W1,3073.4721456406596,973558.9257809322,1922.894599488111,381122.36609730124,1150.5775461525486,592436.5596836309,14551.907627387778,4357838.054593895,1152.5520546152475,0.005074739456176702,-0.6633853912353516,-0.6633269786834717,0.000429153442382757,-0.011751294136047363,-0.007039904594421387,0.0006217956542968993,-0.001220703125,0.010498046875,0.003464639186859131
01f0c1dd487e43f795830fe6008142e4,shallow,W1,a3_shallow_W1,3259.986166065279,1096998.1594310699,2039.2179161184908,429291.4155043849,1220.7682499467883,667706.743926685,16443.362515926943,5490189.923873882,1222.4948122744797,0.0040166974067687156,-0.2053689956665039,-0.25913238525390625,-0.005950659513473511,-0.006339997053146418,-0.001223742961883545,0.0013198852539063003,0.000244140625,0.019287109375,0.0037088394165039062
01f1cc659cb847a4a7366b84844641c2,shallow,W1,a3_shallow_W1,3444.5078864116067,1225689.0109770962,2155.5571801266997,480092.2843865345,1288.950706284907,745596.7265905617,17512.132492526453,6194247.310540429,1291.6904574043529,-0.0015762299299240112,0.25060951709747314,0.12553811073303223,-0.0057629346847533625,0.0014224797487259189,0.0,0.0029144287109375,-0.00103759765625,0.02197265625,0.002522110939025879
01f3115282994da9b32967eb2075d4aa,shallow,W1,a3_shallow_W1,3112.868236510247,999892.2525926593,1947.9050911263625,391584.1554878653,1164.9631453838842,608308.097104794,14034.798335007052,4152054.3137546103,1167.3255886913425,0.007068216800689697,-1.2477719783782977,-1.2298429012298584,0.0010268390178679865,-0.03499627113342291,-0.005674123764038086,0.001495361328125,-0.0013427734375,0.021484375,0.008477061986923273
01f376bb2b5a4860a53914dbf66d4ac0,shallow,W1,a3_shallow_W1,2759.7281611452136,788198.906654203,1726.7135049515186,308610.8946226638,1033.014656193695,479588.01203153917,13986.203486572604,3956877.392516891,1034.8980604294552,-7.401406764989682e-05,0.43162643909454523,0.20490169525146484,-0.005058437585830716,0.0016036331653594416,0.0030431747436523993,0.0013198852539061997,-0.00177001953125,0.010009765625,0.003910481929779053
01f3fb1336a444309e9959d359c8b4ab,shallow,W1,a3_shallow_W1,3280.815234750659,1107095.5085230255,2052.870117649594,433495.15814681334,1227.945117101065,673600.3503762123,14317.148911418388,4300516.510937932,1230.305713031497,-0.0016935467720031738,0.7639437913894653,0.7070696353912336,-0.008922904729843195,0.004578977823257502,0.01069939136505127,0.0003814697265625,-0.001708984375,0.003662109375,0.006396561861038208
01f64ccc5e5049e29c3e8be0aaf31bd5,shallow,W1,a3_shallow_W1,3121.9631095473587,1008866.3012744793,1952.8192721255182,394769.24335755536,1169.1438374218405,614097.0579169239,15692.576922058597,4985324.09534653,1170.7361660802596,-0.0018412470817566196,0.3477156162261963,0.05195021629333496,-0.006610244512557983,0.010228440165519714,0.004901677370071411,0.00250244140625,-0.002288818359375,0.01708984375,0.003082454204559326
01f6b5adc5c44c17b159d7dc2f7f6dd6,shallow,W1,a3_shallow_W1,2981.3905349240936,918060.5034933303,1864.8997579572338,359242.02486961125,1116.4907769668598,558818.4786237191,14600.885976439744,4327142.811995816,1118.0214505965353,0.001206904649734497,-0.06410956382751642,-0.21519184112549183,-0.005221098661422702,-0.0005651116371154785,0.00038933753967285156,0.001129150390625,-0.002685546875,0.010986328125,0.00208398699760437
01f74014d40f436e91fbf60e7f688057,shallow,W1,a3_shallow_W1,2744.0457856515113,778673.0577232998,1716.3030625612023,304644.0781953492,1027.742723090309,474028.97952795064,13825.06750753362,3879787.0542234182,1029.017169619317,0.004477724432945196,-0.7508742809295637,-0.6705248355865479,0.0020243823528290072,-0.00895923376083374,-0.005407571792602539,0.0010604858398438003,0.0001220703125,0.01123046875,0.003480046987533514
01fb4fff624544a88317709570572e0f,shallow,W1,a3_shallow_W1,2936.7444925832465,888964.1165898836,1837.3994890197346,348024.7150414544,1099.345003563512,540939.4015484292,13551.270470673691,3826779.1884626294,1101.2791847187177,0.0027773231267929077,0.3279459476470965,0.24377822875976562,-0.0027751326560973566,-0.012111514806747492,-0.0015515685081481934,0.000823974609375,0.0003662109375,0.0126953125,0.004538983106613104
01fbee27f8f74a1eaf7e613de5cb78ee,shallow,W1,a3_shallow_W1,2795.5354684716076,809488.7372977855,1749.0251229668997,316910.05131137004,1046.5103455047079,492578.6859864154,14184.445440409392,4076898.6983985025,1048.3258006768529,-0.00010690093040469084,0.05823016166687012,-0.08805155754089,-0.0021490901708602905,0.0010486245155333918,-0.0012118816375731867,0.0021209716796875,-0.00299072265625,0.0107421875,0.005215466022491511
01ffee46c0644a17a8ac9f9f3bf7ef4d,shallow,W1,a3_shallow_W1,2900.2975280635674,868958.4718751693,1814.3187796458944,340088.6800806489,1085.978748417673,528869.7917945203,14476.447298456753,4244563.52988867,1087.6115730238378,0.001382291316986084,-0.048543214797971856,-0.15416383743286843,-0.0062355101108551025,0.003600597381591797,0.002955615520477295,0.000823974609375,0.0015869140625,0.009521484375,0.007331252098083496
0200b7f6eb574385ace14b2d03502ec2,shallow,W1,a3_shallow_W1,2523.2720043121103,659017.5687104337,1577.9267028938034,257733.65578296268,945.3453014183069,401283.912927471,12885.125681935282,3360082.3762393226,946.2270016170414,0.0021942406892777044,-0.4429590702056885,-0.4242730140686035,-0.0033408701419830322,-0.0006066709756850919,-0.0010924041271210272,0.001708984375,-0.00079345703125,0.02294921875,0.0006105899810791016
02010e17a28845cc921858cc24ece163,shallow,W1,a3_shallow_W1,2188.097251958643,494608.6966619919,1368.4864537632081,193486.8084770888,819.6107981954349,301121.8881849031,11019.370849113773,2454861.4627108322,820.5364694844911,0.001099817454814897,0.14900565147399902,-0.3685235977172816,0.0012248456478118896,0.005879834294319208,-0.0034845471382141113,0.0012054443359375,-0.00018310546875,0.009033203125,-5.1200389862005036e-05
02097b72cb764df79f0188df985014a5,shallow,W1,a3_shallow_W1,2906.5493267586653,872661.6277755349,1819.0963197357385,341891.9477533678,1087.4530070229268,530769.680022167,14028.424476839426,4036545.0824511717,1089.9559975344998,0.002724006772041293,0.1140713691711408,0.028839111328125,-0.008116483688354492,-0.013617843389511108,-0.009780347347259521,0.000457763671875,-0.0009765625,0.01220703125,0.004626601934432983
020bc99c57c04bf6abfc9fe91a6a1215,shallow,W1,a3_shallow_W1,3075.8486726776855,975579.9025667495,1925.0067712497462,382178.656914906,1150.8419014279393,593401.2456518435,14860.059623917308,4484896.575911247,1153.4432522541322,-0.0019854754209518988,0.5749678611755371,0.46363234519958674,-0.010383695363998413,0.0014615952968597967,0.0043116807937622625,0.0011367797851561997,-0.0001220703125,0.0126953125,0.003193289041519165
0214176d73af485287532957baf9888b,shallow,W1,a3_shallow_W1,2914.6628466685715,875892.543832384,1823.8939292923696,343035.61711380037,1090.768917376202,532856.9267185837,14363.93130162873,4171574.5820088,1092.9985675007142,0.0005836635828017911,0.387149453163147,0.3090536594390887,-0.00417017936706543,0.0030235201120376864,0.0022366046905518133,0.0006942749023438003,-6.103515625e-05,0.01171875,0.0023709833621979315
021504573eab4f8995e46ac306744e04,shallow,W1,a3_shallow_W1,2963.3839478706263,906695.8951106927,1853.5926762879785,354775.1007730574,1109.7912715826478,551920.7943376354,14548.44293630345,4325493.9824306,1111.2689804514848,0.008951008319854709,-0.8859217166900635,-0.8183383941650391,0.0016022920608521063,-0.010955393314361572,-0.006922543048858643,0.0012893676757811997,-0.0020751953125,0.0107421875,0.004087477922439575
0219f955d31b4907b5eeb6a345a47eb2,shallow,W1,a3_shallow_W1,2712.8332699457073,760506.6504842837,1697.06905608932,297645.74004289974,1015.7642138563874,462860.91044138395,13610.236782281103,3740053.396850239,1017.3124762296404,-0.00022655725479120425,0.2112483978271502,-0.11483907699584961,-0.004170805215835571,-0.0009137094020842951,-0.0004064738750458319,0.0008468627929688003,-0.0015869140625,0.0107421875,0.0022584199905396063
021a5902e34c4742a828335c86bfe4cd,shallow,W1,a3_shallow_W1,2682.213098768258,743175.5917492453,1677.8779988247468,290857.33188318874,1004.3350999435113,452318.25986605656,13427.734965691943,3640945.63787869,1005.8299120380972,-0.0012353733181953985,0.24188995361328125,-0.15974044799804688,-0.005527853965759277,0.004326954483985901,0.002102643251419012,0.0014801025390625,-0.001953125,0.0087890625,0.0019132792949675959
0222f2054a72477a9af17694d4ab1a9e,shallow,W1,a3_shallow_W1,2687.0187845828477,746143.1505019079,1681.3894222937336,292196.3498704223,1005.6293622891142,453946.80063148565,12941.627294030519,3443371.647890165,1007.6320442185679,0.003520518541336004,-0.06263136863708496,-0.19353151321411133,-0.004401892423629816,-0.008800417184829712,-0.004377722740173395,0.0010528564453125,-0.0023193359375,0.005859375,0.002627313137054388
0228c654c3b44da99c4b3b75d5f8b1cb,shallow,W1,a3_shallow_W1,3061.3187576739447,968258.2120499911,1915.3209112693537,379059.7269527249,1145.997846404591,589198.4850972663,15467.766998925517,4830659.728793172,1147.9945341277294,0.0010076165199280063,0.2344655990600586,0.04437088966369629,-0.004274249076843206,0.001992061734199496,0.0006808936595916748,0.001861572265625,-0.00189208984375,0.02001953125,0.0009497702121734619
022a46a47f70497badb519b86f7d0dfa,shallow,W1,a3_shallow_W1,3110.346338168688,995433.8937111014,1946.9405624052197,390088.4480580825,1163.4057757634682,605345.4456530189,14126.459282545842,4155330.570462393,1166.379876813258,0.0038986802101135254,0.4738152027130109,0.4505431652069092,-0.003961592912674006,-0.010898470878601074,-0.0005829334259032648,0.00038909912109370056,0.0001220703125,0.008544921875,0.0027615427970886786
022c1581dcd44145a86c1522d7ab44d3,shallow,W1,a3_shallow_W1,2868.1125120522897,849809.4127681432,1794.7257202798305,332810.38557835063,1073.3867917724592,516999.0271897926,14208.963327390571,4089123.006447594,1075.5421920196088,-0.0010686814785003107,0.4321467876434326,0.20131945610046387,-0.0038213431835174005,0.0017752498388290128,0.002598881721496582,0.0004119873046875,0.0006103515625,0.005859375,0.0023321807384490967
023d8f2444234e6185ca713309cfeb99,shallow,W1,a3_shallow_W1,3044.0111254962385,954409.2074481678,1905.2750064023323,373962.86397275544,1138.7361190939062,580446.3434754123,14179.349545370762,4151365.228447513,1141.5041720610893,0.002316072583198603,0.5259609222412127,0.42024970054626465,0.0013564825057982843,-0.00608572363853449,0.0031399130821228027,0.0012741088867188003,0.000244140625,0.01025390625,0.005481570959091242
0247b01389f541e8a22ab2f98e44c953,shallow,W1,a3_shallow_W1,2908.6024877025934,872092.1260891559,1819.9897746632314,341502.4622861346,1088.612713039362,530589.6638030213,13503.191586009427,3792615.056336746,1090.7259328884727,0.0010360181331633966,0.44034719467163086,0.23803234100342152,-0.011908113956451416,-7.572770118713379e-05,-0.00031685829162597656,0.00140380859375,0.0009765625,0.01220703125,0.004943192005157415
024a0d26f2ab4be8bacf86127e23e6aa,shallow,W1,a3_shallow_W1,3024.498727678606,945881.302610428,1892.9497508665168,370575.985539419,1131.5489768120892,575305.317071009,14946.216619000192,4534923.060469258,1134.1870228794771,-0.0025303363800049106,0.47070980072021307,0.2363729476928711,-0.0068719834089279175,0.0016158819198607843,0.00034371018409734555,0.000762939453125,-0.0030517578125,0.00732421875,0.001949995756149292
024b1ec28a404f46866c62a69d6370d8,shallow,W1,a3_shallow_W1,3779.587952423054,1473035.4158294003,2364.8703345270815,576758.1479657193,1414.7176178959726,896277.267863681,18293.54507189207,6777774.355571805,1417.3454821586456,-0.00016036629676818848,0.2549976110458374,0.17577171325683594,-0.007292509078979492,0.0021664351224899014,0.0023711025714874268,0.0012969970703125,-0.0001220703125,0.0263671875,0.0018708705902099054
025784ce00f14da9bcfe44013eb2289c,shallow,W1,a3_shallow_W1,3032.303794894726,947397.1560766093,1896.980331828428,370813.5216915884,1135.3234630662978,576583.6343850209,14501.60868336665,4264539.246431552,1137.1139230855222,-0.002247214317321805,0.2685749530792245,0.19544601440429865,-0.006312370300292913,0.0024873539805412015,0.0012872815132141113,0.0011749267578125,-0.0025634765625,0.009033203125,0.008592814207077026
025828c4084440649cde38135a9d8a2e,shallow,W1,a3_shallow_W1,2863.1330087870974,849367.81312207,1791.2873005607148,332503.38383414346,1071.8457082263826,516864.4292879266,14788.174643081446,4416941.423914639,1073.6748782951615,0.0010284781455994207,0.03763675689697088,-0.08862495422363281,-0.008041620254516602,-0.0015609264373779852,0.0008656978607177179,0.0007171630859375,-0.00146484375,0.01025390625,0.0029396414756774347
025c1e16f9634c71be21574417c1b8a7,shallow,W1,a3_shallow_W1,2888.032572914161,861253.0771726735,1807.471066444331,337399.70969936205,1080.56150646983,523853.3674733115,14221.546877053472,4124153.746604095,1083.0122148428106,-0.0002454817295073908,0.5034017562866229,0.37241578102111816,-0.00855349004268649,0.0051230192184447965,0.0018007457256317139,0.00067138671875,-0.00238037109375,0.009765625,0.003384202718734741
025cf7f3f4524bf7b69a822007bcdf3a,shallow,W1,a3_shallow_W1,3209.719490831816,1063953.0295256008,2007.862710982153,416372.3771968439,1201.856779849663,647580.6523287569,15820.930336697176,5112137.64571869,1203.644809061931,0.0022366642951965054,-0.7263302803039551,-0.7019424438476562,-0.006704360246658325,-0.013470798730850275,-0.00582239031791687,0.0010147094726561997,-0.0013427734375,0.0087890625,0.004050970077514593
026dd4fca8a347e799ff5bfd78df68bb,shallow,W1,a3_shallow_W1,2962.8423520645483,906772.5098934688,1853.5784594514555,354936.3317033588,1109.2638926130928,551836.17819011,14501.37045169039,4341722.750979583,1111.0658820242056,0.00396014750003823,0.11721849441528498,0.03539085388183594,-0.0027435421943663996,0.0012170970439910889,0.0041304230690003,0.0004043579101561997,6.103515625e-05,0.007568359375,0.0009821951389312744
0278450d1e324c33904e160e115f6fbd,shallow,W1,a3_shallow_W1,2813.1833012002508,816758.9066643093,1759.8905216211251,319681.5579014092,1053.2927795791256,497077.3487629001,13768.15926389775,3871269.0069740084,1054.9437379500944,0.003057762980461093,-0.4028022289276123,-0.41018486022948863,-0.008008778095245417,-0.0122289657592774,-0.0040836334228515625,0.00067138671875,0.000732421875,0.01513671875,0.0017309188842772882
0281cce51dcb43988b3d3760c0fb335e,shallow,W1,a3_shallow_W1,2884.438648594056,859179.343925682,1804.4458164811797,336281.1816238403,1079.9928321128762,522898.1623018417,14212.763745964423,4097032.452849236,1081.6644932227712,0.001620218157768194,0.16335487365722656,0.08449673652648926,-0.001317352056503296,-0.007644295692443792,-0.003914892673492432,0.0009307861328125,-0.00030517578125,0.016357421875,0.006041914224624606
02871968fcbd46dc9f5059ec1fc7d13b,shallow,W1,a3_shallow_W1,2938.172646347449,894639.7097520643,1837.564186750237,349963.3796383466,1100.6084595972118,544676.3301137177,15195.188987366719,4674395.950034673,1101.8147423802932,0.0014596357941627919,-0.6620794534683228,-0.6062793731689489,-0.0020968466997146884,-0.0111350417137146,-0.00602489709854126,0.0019989013671875,-0.003448486328125,0.01416015625,0.003241568803787176
0288b5d8dfda43b9938f0dcf1ac86da2,shallow,W1,a3_shallow_W1,2600.2603742280394,700090.8421552756,1626.5352558219981,273964.110906108,973.7251184060412,426126.73124916764,13268.62853232884,3562559.756937201,975.0976403355149,-0.00042226910591119937,0.2661943435668963,-0.2633690834045339,-0.0075715184211731235,0.004317253828048706,0.0014500617980957031,0.0001373291015625,-0.0025634765625,-0.001953125,0.003017663955688532
028f74fc5b384764826acb595846b9d8,shallow,W1,a3_shallow_W1,3194.6950541057236,1052715.1736540152,1998.4533592638165,411993.471552577,1196.241694841907,640721.7021014382,16033.819260329035,5192647.727560628,1198.0106452896464,0.001682087779045105,-0.2019953727722168,-0.28095841407775524,-0.005674183368682917,-0.0030490458011627197,-0.0014801621437072754,0.0017242431640625,-0.001922607421875,0.01513671875,0.00483709573745722
0290737f64b14b08b87faa644580f3a9,shallow,W1,a3_shallow_W1,3677.381284994388,1393467.6104904548,2300.571149965772,545426.229872983,1376.810135028616,848041.3806174719,17898.311012257742,6484753.663251206,1379.0179818728957,0.000558927655220004,0.2071952819824201,0.00255584716796875,-0.007379591464996338,0.0022351443767548163,0.003995478153228815,0.0015029907226561997,-0.00018310546875,0.020751953125,0.0047973692417144775
029bf16fe8e2495bbadd991b7358559a,shallow,W1,a3_shallow_W1,2659.001968483286,731587.3689024035,1663.0174251617918,286206.33296317566,995.9845433214941,445381.03593922785,13906.028672531249,3936026.5062101358,997.1257381812322,0.0031466186046599925,-0.5888509750366211,-0.5611586570739746,-0.0019133090972899836,-0.008004367351531927,-0.0027867555618286133,0.0006637573242186997,-0.00128173828125,0.01318359375,0.0021706223487854004
029d4dcccd66451c847a4dc5da36b5e6,shallow,W1,a3_shallow_W1,3096.435965517232,991437.3244207422,1936.9019811007204,387987.5351998015,1159.5339844165117,603449.7892209408,15495.655289922608,4857531.739269438,1161.1634870689622,0.0008987337350844782,0.19156455993652166,0.01801609992980957,-0.005745798349380549,-0.0023348629474639893,0.0001582801342009943,0.00103759765625,0.0,0.016845703125,0.0014540851116180975
029e028b4a6842c29183b6a30bb2f04e,shallow,W1,a3_shallow_W1,2932.26913756523,886710.4118780396,1834.314749838191,347033.19786878105,1097.954387727039,539677.2140092585,14387.836371115609,4189085.823949351,1099.6009265869614,-0.0005166083574295044,0.4995834827423078,0.05420804023742676,-0.0059157013893128,0.004825606942176791,0.002926051616668701,0.002166748046875,-0.00335693359375,0.0048828125,0.008036196231842097
00001ec0d78549e1b8c2083a06105c29,shallow,W2,a3_shallow_W2,4789.1973128801055,2300724.4618073856,2993.955627735193,899149.2466947692,1795.2416851449125,1401575.2151126163,15564.60062020747,5370033.013985411,1795.9489923300396,0.010901734232902499,-1.3440263271331752,-1.0535001754760778,-0.010200992226600702,-0.025196939706802368,-0.010209262371063232,0.0021858215332031996,-0.0003662109375,0.028564453125,0.004757553339004517
0005d5eb0eb847648bf2e76f6931ed48,shallow,W2,a3_shallow_W2,4635.853887437144,2154390.85920768,2897.8640173393246,841825.4239588723,1737.9898700978197,1312565.4352488075,15270.546091643178,5111746.671488884,1738.4452077889293,-0.002003788948059096,0.19023954868316473,-0.012178421020511365,-0.014588966965675382,0.008711591362953186,-0.003842443227767889,0.0040435791015625,-0.0034637451171875,0.0107421875,0.0074597895145416815
0005df571e71437991594d0affec9c2b,shallow,W2,a3_shallow_W2,4825.153416485809,2333938.199435074,3016.589121362231,912223.1906502366,1808.5642951235786,1421715.0087848373,16138.234802265,5672989.9128837595,1809.4325311821785,-0.0008250921964645108,0.26292800903320135,0.05483269691467285,-0.013456553220748985,0.0019767284393310824,0.0016832649707793634,0.003204345703125,-0.00201416015625,0.0302734375,0.00330281257629389
000c895f9ef6491894ac588634f3d2b5,shallow,W2,a3_shallow_W2,4428.177908101973,1965663.3643459904,2768.9510466667234,768591.8310399553,1659.2268614352497,1197071.5333060352,13517.766346547967,4213916.1788133625,1660.5667155382403,0.005621045827865601,-0.795137882232666,-0.6953382492065465,0.0022581815719604215,-0.012341618537902832,-0.0016317367553710938,0.0010719299316405998,0.0009765625,0.015869140625,0.008085608482360784
000d1c5d169f4fda93a32f2eaeac80d8,shallow,W2,a3_shallow_W2,4584.511326722077,2107016.8263560776,2866.6276814779585,823813.6000276564,1717.8836452441183,1283203.2263284212,15151.91685375871,5023949.164189668,1719.191747520779,0.006379976868629483,-0.976186990737915,-0.5918574333190882,-0.003321319818496704,-0.01603680849075323,0.0003567934036254883,0.001068115234375,0.0001220703125,0.021240234375,0.006573736667633084
00133744383047b888486d10548eb32d,shallow,W2,a3_shallow_W2,4727.837308824618,2240293.5604715953,2956.6299858378184,876153.0860999385,1771.2073229867997,1364140.4743716568,15105.069314369726,5100318.549689457,1772.9389908092317,0.00432915985584259,0.02200365066528498,-0.10776638984680176,-0.0015440285205841342,-0.01479682326316839,-0.0023217201232910156,0.000518798828125,-0.00048828125,0.013427734375,0.0029143691062927246
0013d88f17a245b0bff5ebe713bd72ab,shallow,W2,a3_shallow_W2,4392.144864880536,1933071.6618496014,2746.2391538486904,755747.0157497085,1645.9057110318458,1177324.646099893,14470.653703304231,4577141.061370215,1647.0543243302013,-0.002202823758125305,0.5143254995346087,0.38120508193969727,-0.012294858694076621,-0.0030114948749542236,0.0038372278213500977,0.0026473999023438003,0.00048828125,0.01904296875,0.008158981800079401
0015eb3cf53b4339b2d0532cf912ab26,shallow,W2,a3_shallow_W2,4569.623911379511,2093183.1327439595,2856.995982390593,818215.5868027388,1712.627928988918,1274967.5459412206,15238.750066707998,5066267.24341342,1713.6089667673166,0.0013242959976196012,0.5083727836608887,0.3712344169616699,-0.012793302536010742,0.0016023218631744107,0.0023456215858458918,0.0022048950195311997,0.0013427734375,0.02685546875,0.0032401680946350098
001e6d1b655542b48dbe00f3a3ccc616,shallow,W2,a3_shallow_W2,4771.219324378703,2283624.0808039187,2983.3667159946294,892856.4384559353,1787.8526083840738,1390767.6423479833,14952.50272862198,5072570.366995432,1789.2072466420138,0.011895835399627713,-0.41556596755981445,-0.470428466796875,0.0002505481243133545,-0.01326972246170044,-0.005296826362609863,0.0004425048828125,0.0006103515625,0.0147705078125,0.0016047656536102295
001f17841a2642e4a9fa2f9b1687aa1e,shallow,W2,a3_shallow_W2,4391.986072188758,1933451.4512208418,2745.877565786619,755749.3129183119,1646.108506402139,1177702.13830253,14556.19441278527,4628294.744277931,1646.9947770707845,0.003153681755065918,0.4965323209762573,0.3951263427734375,-0.013493269681930598,0.002681165933609009,-0.0023370981216430664,0.0021438598632811997,-0.001220703125,0.0234375,0.0077781081199646
0029e901155f414696aa6b470cbe40d4,shallow,W2,a3_shallow_W2,4510.487073805395,2039403.7873618307,2820.0328827964413,797200.638339886,1690.4541910089538,1242203.1490219447,14896.509561867551,4856164.766677944,1691.4326526770228,-0.001093283295631381,0.4544556140899658,0.31024813652038574,-0.016288310289382907,0.006129503250122015,0.005815625190734863,0.0022659301757813003,0.000244140625,0.024169921875,0.0070428550243377686
00317d7cb89c4f84b28090ec8eeb361a,shallow,W2,a3_shallow_W2,4846.934400538422,2354311.6151811886,3030.959010211173,920655.364961576,1815.975390327249,1433656.2502196126,15626.630756434333,5424882.65059411,1817.6004002019085,0.004576787352562006,-0.23550152778625488,-0.17724990844726562,-0.010097220540046692,-0.017828166484832764,-0.004073202610015869,0.0005226135253905998,0.00341796875,0.021484375,0.0009337067604065219
003245510e8f4bcb98f1794348606f68,shallow,W2,a3_shallow_W2,4665.423397414956,2181065.1284107286,2917.1890250758397,852748.2157022957,1748.234372339116,1328316.9127084329,15458.602182768602,5220409.840641461,1749.5337740306084,0.001446232199668912,0.3955328464508039,0.3346705436706543,-0.011678904294967679,-0.005997508764267023,0.0018371343612670898,0.0008430480957030998,0.0015869140625,0.01953125,0.0024298131465911865
004459ae7559418fad89ddb73e140b56,shallow,W2,a3_shallow_W2,4379.100496454948,1921821.5134890962,2737.6274650858136,751094.4413440587,1641.4730313691348,1170727.0721450374,14597.581688525457,4638060.411198477,1642.1626861706059,-0.0028171390295028964,0.6127285957336444,0.14944195747375488,-0.014099657535553006,0.012186229228973389,0.003996640443801935,0.0014877319335936997,-0.00433349609375,0.019775390625,0.0026719570159911554
0047b3f31cc844d2bfe8e59820b87312,shallow,W2,a3_shallow_W2,4628.920816901764,2147408.8689352153,2894.4919387680384,839666.6045500922,1734.4288781337254,1307742.264385123,15286.582588374904,5112210.750054169,1735.8453063381621,-0.001383259892463684,0.4775524139404297,0.35242438316345215,-0.014183431863784735,-0.00895556807518011,-0.0034389197826386053,0.0016555786132811997,0.003173828125,0.017333984375,0.0071888267993927
0048e8224b174b759771e39ff521ee2e,shallow,W2,a3_shallow_W2,4724.422112957818,2237631.109256535,2955.0765530097965,875464.3958685872,1769.3455599480217,1362166.7133879475,15223.206404355187,5171193.698471854,1771.658292359182,-0.0008660852909088135,0.8350449800491333,0.7254838943481445,-0.013801872730255071,0.011989086866378784,0.004898697137832586,0.0005340576171875,-0.000579833984375,0.005859375,0.0012179315090179998
004a33ffd2654583822bdd2eed1241ba,shallow,W2,a3_shallow_W2,4404.499390200571,1945048.3933213383,2753.585068504776,760219.1161341785,1650.914321695795,1184829.2771871598,14497.615090769328,4614142.045709542,1651.687271325214,0.00024186074733729968,-0.37561893463134766,-0.2736806869506836,-0.009868264198303223,-0.011397540569305475,-0.006194174289703369,0.00177001953125,0.0023193359375,0.017578125,0.0042065382003783625
0050d3fb84444ea1b9079a1575887aa1,shallow,W2,a3_shallow_W2,4106.788474099159,1690663.1401524344,2567.7687469527846,660951.2321629846,1539.0197271463749,1029711.9079894498,13786.339053396927,4135634.8837410645,1540.0456777871848,0.003619253635406494,-0.28950095176696955,-0.20189285278320312,-0.011795759201049805,-0.01662516593933111,-0.002085924148559515,0.0030441284179688003,-0.000732421875,0.030517578125,0.0018084943294525146
00519a09c83e410f9734b3cfe8bcb604,shallow,W2,a3_shallow_W2,4594.198129884209,2115433.679508272,2872.2482596135947,826850.1585533472,1721.9498702706146,1288583.5209549249,15193.34540782667,5049711.661370924,1722.8242987065782,-0.0021319538354873935,0.35442888736724854,0.16645908355713068,-0.0090598464012146,0.005435943603515597,0.003237426280975342,0.0036468505859375,-0.00018310546875,0.0322265625,0.0054598152637481134
0053d2ac9bc14142bffaa42593c00a8a,shallow,W2,a3_shallow_W2,4719.923434531951,2232908.187900835,2952.426901254837,873723.0641011898,1767.496533277114,1359185.1237996453,14603.482909072933,4858515.2946960665,1769.9712879494816,0.002523824572563199,-0.38111209869384766,-0.363472700119015,-0.002709150314330999,-0.03253445029258728,-0.004766643047332764,0.00103759765625,-0.00140380859375,0.027099609375,0.003728389739990179
005c0d7ccf7749f99a4cc8e88bda073d,shallow,W2,a3_shallow_W2,4753.381687491239,2264188.865076355,2973.327158999472,885939.624698808,1780.054528491767,1378249.2403775472,15078.215560161765,5095186.931075161,1782.5181328092149,-0.0031444132328034002,0.6234592199325562,0.5893301963806135,-0.006643205881118719,0.0018080770969391008,0.0031422972679138184,0.0002975463867188003,-0.0006103515625,0.0068359375,0.0031521618366241455
005ee892a99b4ae8a26bb1c8123fdd80,shallow,W2,a3_shallow_W2,3768.0659205523643,1423299.1990454616,2355.437771441621,556167.4347081027,1412.6281491107434,867131.7643373589,12661.424493452165,3486128.212283329,1413.0247202071369,0.0015505254268647038,-0.25426506996154785,-0.26930332183837535,-0.011549681425094604,-0.004397869110107394,-0.009299635887145996,0.0020751953125,-0.000701904296875,0.03271484375,5.871057510320465e-06
006ce7ce9e1b45558fe805882a705991,shallow,W2,a3_shallow_W2,4790.239616984524,2300171.0404146994,2997.6482706993806,900801.3536621522,1792.5913462851436,1399369.686752547,14913.053563294527,5038494.446467135,1796.3398563691965,0.002075433731079157,0.7219326496124285,0.6754422187805211,-0.0154541134834289,-0.014914900064468384,0.0026038289070129395,0.0008087158203125,-0.00030517578125,0.016845703125,0.008060485124588068
006d40ce26e64b4c930124ddae278c05,shallow,W2,a3_shallow_W2,4179.9890480398335,1751756.7896174097,2613.702471133265,684922.7701791499,1566.2865769065684,1066834.0194382598,13767.906129068235,4162262.5983051127,1567.4958930149376,0.006497964262962397,-0.0063669681549072266,-0.22221922874450684,-0.0035956203937529962,-0.012992784380912725,-0.010606676340103205,0.00396728515625,-0.00042724609375,0.0380859375,0.0033865272998809814
00713006ea594a598ad966c5b36c7922,shallow,W2,a3_shallow_W2,4427.753327521979,1965625.8417654284,2768.1983870507243,768302.3686297042,1659.5549404712551,1197323.4731357242,14801.950193894536,4778657.882079817,1660.4074978207423,-0.0011558160185813071,0.5889725685119611,0.25849103927612305,-0.016243159770965604,0.004496276378631592,0.0036643743515015204,0.0016632080078125,-0.002685546875,0.007080078125,0.008068382740020696
0078e62e7d774effa973885c78ffbf6a,shallow,W2,a3_shallow_W2,4693.488349816684,2209088.1962260944,2934.557622134461,863598.1859432426,1758.9307276822228,1345490.0102828518,14823.22690290862,4972106.436148525,1760.0581311812564,0.00796537101268771,-1.0541093349456787,-0.8998858928680384,-0.009094923734665,-0.014613658189773615,-0.011664807796478271,0.00091552734375,0.001220703125,0.01123046875,0.0031572282314300537
007ced0c381749a394866f5fa71fd303,shallow,W2,a3_shallow_W2,4278.6703571422195,1834404.0883391905,2675.3452678091576,717204.3021131264,1603.325089333062,1117199.786226064,13868.567082562411,4243006.259714582,1604.5013839283322,-0.0015805959701538086,0.6766486167907715,0.5769944190979004,-0.012815311551094,-0.007673084735870306,0.008565187454223633,0.0014419555664063003,0.002197265625,0.021240234375,0.008747175335884094
00820ef5fe4843cf8beef97281048215,shallow,W2,a3_shallow_W2,4361.055598132513,1905940.373577021,2726.7509276191363,745113.267782555,1634.304670513377,1160827.105794466,14435.479548432233,4556290.461023211,1635.395849299693,-0.000886112451553317,0.4284006357192993,0.20044922828674316,-0.008105099201202393,0.005051061511039706,0.003181219100952204,0.0028228759765625,-0.00225830078125,0.0224609375,0.0018174350261687677
008f8f5241b947f29838e2a780e3790a,shallow,W2,a3_shallow_W2,4892.543947603585,2399113.3730534893,3060.7473569352615,938970.7271108762,1831.796590668324,1460142.645942613,15005.762970546508,5129457.349443017,1834.7039803513446,-0.002857118844985962,0.34681499004364014,0.33582687377929865,-0.008428126573562622,-0.005289003252983093,0.0032269358634949286,0.0017318725585938003,0.0015869140625,0.021240234375,0.007474511861801203
0092c97c01714eb98d6f4b635c5ee9ec,shallow,W2,a3_shallow_W2,4548.911967512032,2074246.2133955786,2844.8042274262934,811260.3694183696,1704.1077400857384,1262985.843977209,14105.902096794513,4541133.232872961,1705.841987817012,0.006080105900764493,-0.1578998565673846,-0.31076192855834606,-0.001931518316268921,-0.007185399532318171,-0.0071582794189453125,0.0012130737304688003,-0.00018310546875,0.017822265625,0.004498064517974798
00a1a602456f4eb188b522d7ef19e81b,shallow,W2,a3_shallow_W2,4924.054225932849,2430492.3071568413,3078.807300282807,950202.8156429653,1845.2469256500417,1480289.491513876,16565.914174818892,5960073.415824445,1846.5203347248184,-0.0017648488283158181,0.6254673004150408,0.24427890777587535,-0.019953399896621704,0.004339456558227595,0.003107368946075384,0.0021591186523438003,-0.0030517578125,0.022216796875,0.006031453609466497
00a1d892548542c7ab83565070737d6b,shallow,W2,a3_shallow_W2,4573.458292729148,2095820.0443456618,2859.4691604568097,819286.947233687,1713.9891322723379,1276533.0971119748,15112.039910652233,4996262.259488135,1715.04685977343,-0.0012538433074951172,0.34667789936065674,0.33517122268676935,-0.019262373447418157,-0.0027197822928429066,0.0,0.0008087158203125,-0.00128173828125,0.021484375,0.0023936331272125244
00a38a2327cd41b885d6ebbb6ac0a91c,shallow,W2,a3_shallow_W2,4407.800451045233,1947447.6043154043,2756.0437118786526,761374.9848724274,1651.7567391665802,1186072.619442977,14141.01339164731,4441275.4552068245,1652.9251691419627,0.006155714392662104,-0.13702154159546076,-0.05543231964110973,-0.012684792280197227,-0.021862775087356623,-0.008648663759231567,0.0018081665039061997,0.003662109375,0.025634765625,0.005420506000518799
00a69ec5e0cb4e1b9c6d6285bde5de3e,shallow,W2,a3_shallow_W2,4630.485336585698,2149902.901118079,2895.298526318893,840542.6421240265,1735.186810266805,1309360.2589940527,15439.249860807082,5205352.348261022,1736.4320012196367,-0.0002673566341399869,0.29977381229400635,0.12009739875793457,-0.006529957056045532,0.0062395930290223,0.0028586983680725098,0.0017242431640625,-0.0001220703125,0.02783203125,0.0020892918109894354
00a776f578304cce8c096fc0034582ef,shallow,W2,a3_shallow_W2,4781.756244919816,2291801.232623741,2989.9611993205563,896064.3561542237,1791.7950455992595,1395736.8764695174,15689.459906203265,5408681.177681021,1793.1585918449314,0.0016572475433349054,0.2657526731491071,0.16241908073425293,-0.009627163410186712,0.0030932426452637274,0.0010084807872772217,0.002960205078125,-0.00054931640625,0.028076171875,0.00505590438842779
00a97894440b42ebbde2435e9430106c,shallow,W2,a3_shallow_W2,4967.3193663800575,2473696.6767685027,3105.5416354094214,966896.7868309969,1861.7777309706362,1506799.8899375058,16415.23063851044,5902894.29524242,1862.744762392522,-0.0005284696817398071,0.017207860946655273,0.051360130310058594,-0.01269310712814331,-0.006445735692977905,0.00045627355575561523,0.0023574829101563003,-0.002197265625,0.025390625,0.01091355085372922
00a9925ae746466b91ce457c67bef43f,shallow,W2,a3_shallow_W2,4611.744960237681,2131876.3096797774,2883.730863246532,833574.2525292423,1728.014096991149,1298302.057150535,14718.347985154362,4843791.784984636,1729.4043600891305,-0.0006248950958251953,0.671309232711792,0.469431877136234,-0.013757184147834806,-0.0006457865238190252,-0.0010386705398560125,0.0020523071289061997,0.002197265625,0.01025390625,0.006007701158523615
00ae6eda19634ee6b0a4a52789c9ff90,shallow,W2,a3_shallow_W2,5067.2787355308965,2574132.3982420843,3168.578589892565,1006501.2959832427,1898.7001456383314,1567631.1022588415,16292.633651625485,5920056.275033327,1900.229525824086,0.008852958679199191,-0.9772026538848877,-0.8859574794769216,-0.0030733048915863037,-0.014146089553833008,-0.0064241886138916016,0.0015335083007813003,0.0001220703125,0.018798828125,0.004514083266258295
00bc54b70fea4c94bf54bdb4d041522c,shallow,W2,a3_shallow_W2,4499.356505541876,2029840.6401416073,2813.415974441414,793658.2679540799,1685.9405311004616,1236182.3721875274,14924.7228718387,4877246.034455188,1687.2586895782038,0.0012789368629455011,0.818717479705807,0.6090211868286133,-0.0168852508068085,-0.005354046821594238,-0.0014625787734985352,0.001068115234375,0.00054931640625,0.0125732421875,0.005032777786254827
00bf94f9be9346d5bf6fcdb88e0f68c3,shallow,W2,a3_shallow_W2,4540.961303271969,2067553.738225829,2839.7950693880525,808613.1790255227,1701.1662338839164,1258940.5592003064,14702.402986653438,4798087.185350882,1702.8604887269885,-0.0023042410612106046,0.3684055805206299,0.30803561210632324,-0.015597268939018305,0.003906920552253695,0.0015117526054382324,0.0017318725585936997,-0.002593994140625,0.010498046875,0.004561245441436712
00c01670fa9545fc82e1fbfb9f70a259,shallow,W2,a3_shallow_W2,4553.437869169597,2078125.3218929265,2846.8866176286488,812335.7064349763,1706.5512515409487,1265789.6154579502,14901.5350210098,4870836.718854586,1707.5392009385992,-0.0022187829017639993,0.6089895963668823,0.5294656753540039,-0.012465685606002808,0.0038409084081650058,0.0035624206066132147,0.0018234252929686997,0.00262451171875,0.016357421875,0.006956577301025391
00c1673e7c8e4c2fbc0c9a1084acc067,shallow,W2,a3_shallow_W2,4616.616537074214,2137190.9262866406,2887.4764658322924,836070.4785511505,1729.1400712419213,1301120.44773549,14518.131274426038,4761078.579188225,1731.2312014028305,0.0073334574699401855,0.26236534118652166,0.24835348129272816,-0.001495301723480169,-0.012494504451751709,-0.004380941390991211,0.0008621215820312006,0.001220703125,0.01806640625,0.0021070539951324463
00c5fc33cf54446093cca570c2ac5db0,shallow,W2,a3_shallow_W2,4570.540480535809,2095628.5958137847,2858.181675378627,819530.8304809683,1712.3588051571824,1276097.7653328164,14701.209397401302,4833561.11275086,1713.9526802009293,0.01018056273460391,-1.3465261459350586,-1.1873042583465576,-0.0011525899171828946,-0.012269377708435059,-0.004347383975982666,0.0012588500976563003,-0.00164794921875,0.01611328125,0.003463894128799383
00cc1d02ab5c4e1abcbc080bbdc6bdc4,shallow,W2,a3_shallow_W2,4507.558217725868,2036542.5340025162,2819.5370235822156,796858.5871258939,1688.0211941436528,1239683.9468766223,14202.422296525845,4524106.905197605,1690.3343316472005,0.00885468721389776,0.2412211894988996,0.07186055183410645,-0.0036482810974121094,-0.012168228626251165,-0.007044285535812378,0.0013809204101563003,-0.00030517578125,0.02490234375,0.004540354013442993
00d319b11c2c41c6b9a36287abf6922e,shallow,W2,a3_shallow_W2,3939.694685616025,1556192.9794591116,2462.9681997053253,608214.0749959453,1476.7264859106995,947978.9044631663,13138.54090067916,3764732.703005617,1477.3855071060093,0.003454394638538305,-0.13638734817504883,-0.1025533676147461,-0.013384997844696017,-0.004542529582977295,-0.001073300838470459,0.0011177062988281996,0.0020751953125,0.0140380859375,0.002430438995361328
00d9bd8bee204fe3a42c320ce24a32fd,shallow,W2,a3_shallow_W2,4734.7089205830725,2246243.73247148,2962.6080024728863,879500.7274586139,1772.1009181101863,1366743.005012866,14995.308721158925,5043834.059761098,1775.5158452186522,-0.002854526042938177,0.6380271911621094,0.5965471267700195,-0.009179204702377375,0.0006799101829528253,0.008135229349136408,0.0008697509765625,0.00341796875,0.007080078125,0.005742847919464111
00da1beacd7e456f81bcdd0343048166,shallow,W2,a3_shallow_W2,4493.6738177195475,2025616.0353495572,2809.4526034294186,791773.372328277,1684.221214290129,1233842.6630212802,14953.971097742184,4902434.06906923,1685.1276816448303,0.0021794885396957953,-0.392347574234007,-0.3307819366455078,-0.006914556026458796,-0.007753640413284302,-0.0036668777465819757,0.0012741088867186997,-0.002166748046875,0.024169921875,0.0012592673301696777
00db57d6cb5540089860f0de1d2c643d,shallow,W2,a3_shallow_W2,4600.554934748428,2121202.5837133513,2877.020484997293,829577.1173326111,1723.5344497511355,1291625.46638074,14944.627317029277,4937833.533040012,1725.2081005306607,0.007227838039398193,-0.23291707038879217,-0.1511597633361781,-0.014650583267211886,0.004506707191467285,0.000973820686340332,0.0007858276367187006,0.00067138671875,0.006591796875,0.0042428672313690186
00ddbd37e24c43569cb77919361bfaa9,shallow,W2,a3_shallow_W2,4001.9403841111525,1605104.8610626424,2501.5442977662137,627160.0963570212,1500.3960863449388,977944.7647056212,13316.453547033796,3866821.050587118,1500.7276440416822,-0.0008035674691199979,0.8200979232788086,0.22642850875854137,-0.014253497123718206,0.011147618293762207,0.0012729763984680176,0.0017242431640625,-0.002838134765625,0.009765625,0.007909238338470514
00e99d9188c64441b8ae7a3f73f37164,shallow,W2,a3_shallow_W2,4593.010784522748,2116175.4669590434,2871.441962751965,827102.4602942056,1721.5688217707825,1289073.0066648377,15316.155030056054,5129865.675923752,1722.3790441960302,0.006858214735984802,-1.0682582855224592,-0.6341743469238246,-0.003130346536636297,-0.019580692052841187,-0.006535470485687256,0.001556396484375,-0.00177001953125,0.030517578125,0.0020662248134613037
00ea067d2d0d4e5abbe36abcdd2117b9,shallow,W2,a3_shallow_W2,4703.253299636323,2216464.8200988444,2941.3921133287295,866915.2263124073,1761.861186307594,1349549.593786437,15142.661458906823,5075214.363674626,1763.7199873636216,-0.003560036420822088,0.5146408081054688,0.5093109607696515,-0.013496249914169312,0.004285335540771512,0.010938107967376709,0.0018196105957031996,0.000732421875,0.02099609375,0.014529392123222407
00ed0007c9c84409adb2e257fad235d1,shallow,W2,a3_shallow_W2,4430.939777627222,1968006.745666574,2770.725238240945,769533.9640189133,1660.2145393862766,1198472.7816476608,14514.579283155368,4636260.892701906,1661.6024166102084,0.008362323045730619,-0.7214653491973895,-0.5944859981536865,-0.0063462853431701105,-0.006435781717300415,-0.0028949379920958918,0.0026092529296875,0.0,0.033203125,0.0016253292560577948
00ef198a19a8403d903dbfa7cfaaf9bd,shallow,W2,a3_shallow_W2,4626.302134796963,2146003.2506481,2892.4221357033034,838860.0510949978,1733.87999909366,1307143.1995531023,15468.528592628101,5219270.460457622,1734.863300548861,-0.00030532479286188297,-0.07422029972076416,-0.09979367256164551,-0.00954610109329218,-0.0016452670097351074,-7.137656211853027e-05,0.0025634765625,-0.00372314453125,0.02294921875,0.0038595199584960938
00f9cb1a42b4498e838107f82557c9f3,shallow,W2,a3_shallow_W2,4434.460511740484,1972207.9645813708,2772.9264914750047,771178.1479745344,1661.5340202654797,1201029.8166068364,14528.212810178913,4659262.624127362,1662.9226919026814,0.0063156932592392245,-0.188717842102049,-0.17868280410766602,-0.010901913046836798,-0.00014156103134155273,0.00048395991325372867,0.0012130737304687994,0.00030517578125,0.0179443359375,0.0038356482982636053
00fa05ae10834647a8bf00c5a5a899a1,shallow,W2,a3_shallow_W2,4482.924949312871,2015421.260816765,2802.501745824269,787656.5977409023,1680.4232034886018,1227764.6630758627,14876.84262553905,4844035.137463794,1681.0968559923265,0.0004456564784049988,0.31340956687927246,0.11425733566283824,-0.01497459411621091,0.0012327134609222412,0.0023279786109924316,0.0011138916015625,-0.001220703125,0.008544921875,0.0066653490066527765
00fab46ab0134de8b7c6b39f9ef2f708,shallow,W2,a3_shallow_W2,4496.2468764420655,2026628.8431329837,2811.1905813984617,792242.7363554545,1685.0562950436038,1234386.1067775292,14900.903996671923,4855307.625703368,1686.0925786657745,0.00034731626510620117,0.39690136909484863,0.2563703060150111,-0.006949454545974704,-0.00010775029659268465,0.0027644038200377863,0.0019989013671875,-0.00115966796875,0.025146484375,0.002474009990692194
00fadd5980ed4228bc28217eb11c5d27,shallow,W2,a3_shallow_W2,4372.224480809584,1915999.6088395251,2733.8914974072413,749131.705566176,1638.3329834023425,1166867.9032733492,13514.370102117908,4179791.193035869,1639.5841803035937,0.0008707046508789895,0.49777746200561523,0.4662597179412842,-0.0061154514551163,-0.002587825059890747,-0.003986775875091553,0.00146484375,-0.00048828125,0.019775390625,0.005875080823898315
00fd070ec367496582cb9410fb8d84a2,shallow,W2,a3_shallow_W2,4550.361078293684,2077578.8837104705,2844.396941362099,811795.0260394461,1705.964136931585,1265783.8576710243,14899.425401951377,4905534.903529522,1706.3854043601318,0.005310729146003806,-1.0659170150756836,-0.7512235641479421,-0.00831480324268341,-0.010384291410446167,-0.007421016693115234,0.002716064453125,-0.001739501953125,0.01904296875,0.0048198401927948
00fe064ec39f4f42a8301f6699c37455,shallow,W2,a3_shallow_W2,4491.4480058824365,2023628.218167087,2807.9797236560535,790946.8713394888,1683.468282226383,1232681.3468275983,14731.044868522416,4788374.705652537,1684.2930022059136,0.006069004535675104,-1.4957618713378924,-1.0403728485107386,-0.007831946015357999,-0.018982410430908203,-0.005014896392822266,0.0025711059570311997,-0.00531005859375,0.025390625,0.006859272718429621
00fe7b40923644c3bf15be6fcb8195c2,shallow,W2,a3_shallow_W2,4304.132189604672,1857046.7123586591,2691.0056261166546,725911.5244279912,1613.1265634880174,1131135.1879306678,14062.659438707542,4352105.080785423,1614.0495711017525,0.0033605843782424927,-0.15789270401000977,0.00710487365722301,-0.006464451551437295,-0.013873040676116943,-0.0033443570137023926,0.0013160705566406996,0.0023193359375,0.01806640625,0.007799118757247897
01052f325d2a4422bf1dea6567d78347,shallow,W2,a3_shallow_W2,4933.7436810530235,2440546.2016781843,3087.7754764683177,956003.4770370458,1845.9682045847057,1484542.7246411387,14719.62388236482,4996392.761059752,1850.153880394884,0.004232257604598999,0.36086559295654297,0.35825371742248535,-0.005780011415481567,-0.03973627090454107,-0.007030844688415472,0.0015945434570313003,0.0003662109375,0.031005859375,0.010183453559875488
0116e8e2de78456cab731ff73f65349f,shallow,W2,a3_shallow_W2,4804.975454054094,2315057.1722380538,3004.2244608471897,904997.6047671817,1800.7509932069047,1410059.567470872,15660.642578532956,5433747.381742929,1801.8657952702856,0.012025073170661899,-1.2304842472076416,-0.9548473358154332,-0.0027502477169037143,-0.004306316375732422,-0.002453744411468506,0.0013542175292968993,0.00250244140625,0.009521484375,0.003928482532501276
0118607beaed4571b94615a611bab570,shallow,W2,a3_shallow_W2,4667.3321423671305,2184446.5388025506,2917.9592092299467,853820.3487684405,1749.3729331371837,1330626.19003411,15462.143160161033,5234658.942549043,1750.2495533876743,0.0006738603115082065,-0.39792656898498535,-0.29103875160217285,-0.010811030864715604,-0.004377156496048029,-0.002271831035613958,0.004302978515625,-0.0048828125,0.0234375,0.007924586534500122
011a2229b2f949ffaac35b39e9ee9d78,shallow,W2,a3_shallow_W2,4605.66048941164,2126094.379541546,2879.649682037909,831152.5786907716,1726.010807373731,1294941.8008507746,15157.922663810026,5040593.76195919,1727.1226835293653,0.0035553276538849155,0.2110874652862531,0.11483669281006215,-0.0060221850872039795,-0.006755530834197998,-0.0048927366733551025,0.0018997192382813003,0.00128173828125,0.0224609375,0.011209040880203303
011e8dd9d04e4257b4c094b9cf279280,shallow,W2,a3_shallow_W2,4890.787647203463,2397016.2671299074,3059.313477661793,937932.3697634359,1831.47416954167,1459083.8973664716,16004.523304898756,5639211.73352462,1834.0453677012988,-0.005244940519332886,0.6399023532867432,0.5358099937438965,-0.020177781581878662,0.006170958280563382,0.0031675398349761963,0.000885009765625,-0.00225830078125,0.00634765625,0.002713441848754883
012323854937400b839b3bedf4faa010,shallow,W2,a3_shallow_W2,4181.009181484173,1751938.2761937114,2614.001082999542,684811.810633712,1567.0080984846304,1067126.4655599995,13894.825215812303,4211719.675572614,1567.8784430565645,0.0027069449424743097,0.3204345703125,0.07731795310974121,-0.007526651024818504,-0.0052919089794158936,-0.0006726384162903387,0.0020523071289063003,0.0020751953125,0.029052734375,0.0024842023849487305
0123ecfeeaf14efc8183597f2099e925,shallow,W2,a3_shallow_W2,4812.182785774611,2321729.904739296,3009.2737846891464,907938.7890021122,1802.9090010854648,1413791.115737184,16166.751738338578,5680604.240615544,1804.5685446654797,0.0030147880315780917,-0.0032424926757794736,0.04459381103515625,-0.011238902807235662,-0.007409006357192993,-0.0021831393241882324,0.0019073486328125,-0.00115966796875,0.019287109375,0.005949050188064575
012648b0eed74f67ad28527119aac2c4,shallow,W2,a3_shallow_W2,4682.362443395316,2198130.5001120986,2928.31267560645,859739.9006810812,1754.0497677888666,1338390.5994310174,14627.347675896392,4834166.350445475,1755.885916273244,0.013767838478088434,-1.274397373199463,-1.2314414978027344,0.0007829070091247003,-0.01391226053237915,0.00012928247451782227,0.0005989074707031007,0.00048828125,0.012451171875,0.0070891678333281916
012989686a534d73bd7989501e713630,shallow,W2,a3_shallow_W2,4272.129793328338,1829378.5539886758,2670.6036449328117,714885.294058624,1601.526148395526,1114493.2599300519,14279.265760827777,4440757.596900651,1602.048672498127,-0.0008472502231598039,0.22886574268341064,-0.02213954925536754,-0.013613209128379905,0.003370225429534912,-0.00021523237228399106,0.002655029296875,-0.00067138671875,0.033203125,0.0033376216888427734
012a565d39a644ea89685ae6cd4e5d8c,shallow,W2,a3_shallow_W2,4742.096814595484,2253528.8010497834,2965.3618942759094,881216.9680007906,1776.7349203195745,1372311.8330489928,14908.409946962443,5005532.033002426,1778.2863054733068,-0.0021986961364746094,0.6774747371673584,0.5073750019073486,-0.009190976619720459,-0.002331614494323786,-0.007354825735092108,0.0016098022460938003,-0.00103759765625,0.02099609375,0.007095485925674383
012c0d5217494d12881d6b089bed0232,shallow,W2,a3_shallow_W2,4679.141147959694,2193996.8294518166,2926.2951961411304,858117.5102011359,1752.8459518185632,1335879.3192506807,15367.967695863861,5186280.730964862,1754.6779304848856,0.0005068629980087003,0.2182602882385254,0.12923121452331543,-0.007944822311401423,-0.0016314387321472168,0.002765566110610962,0.00299072265625,-0.0001220703125,0.014404296875,0.005637675523757935
012d625661ad4c76b706f410b9be0640,shallow,W2,a3_shallow_W2,4366.037573081041,1911302.7017551651,2729.2629002538433,746874.0494740272,1636.7746728271977,1164428.6522811379,14593.857887128708,4648681.518665288,1637.2640899053904,0.0006850659847259938,0.2786785364151001,0.03362536430358887,-0.01447686553001401,0.009531065821647589,-0.001545250415802002,0.00250244140625,-0.00164794921875,0.029296875,0.0012498199939728338
013c9572481f47a3adb59c76a934e1e4,shallow,W2,a3_shallow_W2,4534.563202149112,2060936.6286639958,2835.6291798953557,805935.6018571107,1698.9340222537562,1255001.026806885,15188.365513179515,5020192.538577915,1700.461200805917,-0.0014695823192596158,0.4579472541809082,0.24633407592773438,-0.013756483793258695,-0.00395858287811271,0.0021575987339019775,0.0019683837890625,-0.0009765625,0.040771484375,0.0012126863002777655
013ff6659943447a9a569fdcbcd3abdb,shallow,W2,a3_shallow_W2,4721.33646895761,2233943.0110807386,2952.7418235266455,873778.5821596894,1768.5946454309646,1360164.4289210492,15232.103871122994,5134007.375090972,1770.5011758591038,-0.0016366541385650912,0.6537395715713501,0.6184554100036621,-0.0093378275632858,-0.00022530555725100432,0.0017600953578948975,0.0018463134765625,0.00079345703125,0.021484375,0.006324261426925604
0144192045784fc8906de276b4e09eaa,shallow,W2,a3_shallow_W2,4520.871907662979,2049234.7100301336,2826.3200030959833,800925.5319816945,1694.5519045669953,1248309.178048439,15162.383908798582,5010406.884046593,1695.3269653736172,-8.341670036310367e-05,0.1648807525634748,0.047860145568847656,-0.016535013914108276,-0.0015245079994201105,0.002678155899047796,0.0016326904296875,-0.0018310546875,0.0205078125,0.002738416194915827
014a10fd129844228a18b568b069661d,shallow,W2,a3_shallow_W2,4531.135773051677,2057870.665762052,2833.617118094534,804812.4873169825,1697.5186549571426,1253058.1784450696,14880.757562091672,4862302.342772742,1699.175914894379,-0.0036370009183882834,0.4934948682785034,0.38355588912963867,-0.010016620159149198,0.005287721753120395,-0.0014911592006683905,0.003875732421875,0.00091552734375,0.0205078125,0.006311267614364624
014ca29813304ce68204fb48dc217636,shallow,W2,a3_shallow_W2,4231.909513990295,1797126.134580494,2645.746638701221,702436.999661368,1586.1628752890738,1094689.134919126,14002.066774129586,4306400.897750819,1586.9660677463607,0.004460394382476793,-1.0945963859558105,-0.8182549476623535,-0.0064565241336821955,-0.022563189268112183,-0.007508218288421631,0.0022659301757813003,-0.000701904296875,0.03271484375,0.0046809315681458075
014ccee408664909b71f80702d003e14,shallow,W2,a3_shallow_W2,4677.162967083823,2193048.711303273,2924.3946876622713,857353.5555400338,1752.7682794215516,1335695.1557632394,15054.011121094261,5040735.481807425,1753.936112656434,0.0033884644508362094,-0.48533320426941273,-0.393679141998291,-0.009026303887367276,-0.005672037601470892,-0.002023756504058838,0.0008087158203125,0.0029296875,0.0087890625,0.006682634353637695
01531de593f3468084dab12f6515e8e1,shallow,W2,a3_shallow_W2,4416.895314761517,1955457.7178377626,2761.5547518340036,764407.7748765697,1655.340562927513,1191049.9429611927,14451.246873712844,4589897.126659819,1656.3357430355688,-0.00319771468639371,0.733453631401062,0.5932927131652832,-0.008465364575386103,0.005911223590373993,0.00437557697296137,0.0026702880859375,-0.0003662109375,0.019775390625,0.008073866367340032
0154c6fe068243d4b2d5a704dad1cbc6,shallow,W2,a3_shallow_W2,4013.3260218514015,1614387.0272889733,2509.277410612462,631105.2248624476,1504.0486112389394,983281.8024265257,13039.958405747404,3756771.718537637,1504.9972581942757,0.008027762174606407,-0.32807350158691406,-0.3628742694854772,-0.00983461737632746,-0.01321592926979065,-0.007923424243927002,0.003082275390625,0.0028076171875,0.029296875,0.0032157301902770996
01551e922711450f92b50843d4e0f2be,shallow,W2,a3_shallow_W2,4341.190387431471,1889991.6885461225,2714.492663867198,738968.5759119873,1626.697723564273,1151023.1126341352,14382.470363744886,4538811.820387096,1627.946395286802,0.00423221290111539,-0.1944291591644305,-0.14148235321045277,-0.005767226219177302,-0.013099312782287598,-0.009515166282653809,0.0015487670898438003,-0.00067138671875,0.0166015625,0.0031896531581879217
0157b39c4b434ceba885ddace4f5b9bd,shallow,W2,a3_shallow_W2,4619.923926605791,2138958.0052859783,2888.589758083096,836196.5484574385,1731.334168522695,1302761.4568285397,15100.443608416716,5015173.639599299,1732.4714724771718,-0.004019469022750799,0.7997757196426392,0.6310296058654785,-0.007940605282783508,0.010693743824958801,0.005727201700210571,0.0020523071289063003,-0.000732421875,0.02294921875,0.010269999504089411
0158a691a8a64bd39527c6f9e750c8ee,shallow,W2,a3_shallow_W2,4768.273952077185,2278665.205657374,2981.726623385576,891043.4121679178,1786.5473286916085,1387621.7934894562,15286.851379773267,5198644.1262478195,1788.1027320289445,0.010655581951141357,-1.1105144023895264,-1.0225963592529261,-0.005952328443527222,-0.019830971956253107,-0.006258279085159302,0.000823974609375,0.0001220703125,0.011474609375,0.003951072692871094
015c200ce786438c8e35ddf635d1e236,shallow,W2,a3_shallow_W2,4523.169707916812,2051369.3400013356,2828.809872831697,802366.2668032877,1694.3598350851148,1249003.073198048,14360.025886053432,4631315.275144029,1696.1886404688044,-0.00024065375328069516,0.7563233375549334,0.7092452049255371,-0.014309629797935514,0.007182896137237493,0.0008253753185272217,0.002685546875,-0.00262451171875,0.011474609375,0.009692966938018799
015d02aa38e04950825ec5f8dc3d533d,shallow,W2,a3_shallow_W2,4518.376989745744,2046348.3755181697,2824.8204659702187,799832.1594481514,1693.5565237755254,1246516.2160700182,14891.991737819873,4862522.565017426,1694.3913711546543,0.004487708210945102,-1.075930595397951,-0.6552708148956263,-0.012723013758659307,-0.02239349484443659,-0.007186710834503174,0.0026016235351561997,-0.00299072265625,0.02490234375,0.008430272340774536
015ee6e84a2d49e9b87dca6fdc4d49b4,shallow,W2,a3_shallow_W2,4047.77625096712,1641577.2650801137,2530.6980255987214,641673.1819951708,1517.0782253683988,999904.0830849429,13289.374090433772,3873877.2025497905,1517.9160941126704,0.0030649006366730014,-0.18942832946777344,-0.29295921325683594,-0.009333372116088923,-0.002459317445755005,-0.004352599382400513,0.00775146484375,0.00042724609375,0.0439453125,0.0017682313919066828
016576dd30c1464f9115584748950ed2,shallow,W2,a3_shallow_W2,4389.198974133728,1931661.0169976237,2744.2224642862006,755099.2603198664,1644.9765098475277,1176561.7566777575,14570.245107400888,4643112.0774172805,1645.9496153001487,0.0013540089130401056,-0.6689143180847168,-0.4945647716522217,-0.006545558571815491,-0.009972184896469116,-0.008171856403350775,0.004150390625,-0.001708984375,0.02685546875,0.004114627838134821
01688042f526490ba8fe14aace17a558,shallow,W2,a3_shallow_W2,4539.342310673653,2065583.6631289795,2838.5841404831212,807735.0829968937,1700.7581701905315,1257848.5801320858,14771.578510784204,4813610.257351413,1702.2533665026197,0.008511260151863098,-1.239372491836546,-0.8101272583007741,-0.0007186532020569125,-0.01781126856803894,-0.011354327201843262,0.0027542114257813003,0.00103759765625,0.0244140625,0.009649217128753718
0169a7e8458246b1b371706f507ec511,shallow,W2,a3_shallow_W2,4311.738103753205,1863214.474739295,2695.2899821705428,728066.6539540736,1616.4481215826622,1135147.8207852214,14492.433036191798,4563008.063806119,1616.9017889074516,0.005071796476841001,-0.7937455177307147,-0.4007518291473353,-0.014145970344543513,-0.00875583291053772,-0.005854368209838812,0.002166748046875,-0.00244140625,0.0322265625,0.0008198916912078857
0170db45fb744c4b91ffdf97a3f75ea3,shallow,W2,a3_shallow_W2,4732.591525676644,2244194.920256835,2959.9776601167455,877911.1452128422,1772.6138655598984,1366283.7750439928,15673.786245835103,5366383.8124507945,1774.7218221287412,0.0026267170906066895,0.08934766054153487,0.012062788009643555,-0.011812925338745117,0.002219650894403402,-0.00026105344295498933,0.0029296875,-0.00091552734375,0.03369140625,0.0009653866291046143
017c41aac5db41f3bfe2f7938a4834d1,shallow,W2,a3_shallow_W2,4609.265013260328,2129632.791072823,2881.7766563396017,832466.1956585456,1727.488356920726,1297166.5954142776,14983.280062323154,4963772.6937644705,1728.474379972623,0.001108795404434204,0.5303537845611572,0.44119238853454235,-0.01642757654190069,-0.002787917852401678,0.0004837512969970703,0.0021133422851561997,-0.00262451171875,0.0234375,0.003555446863174494
017e5dfc6d0d4c12b3f1196d85a16c9b,shallow,W2,a3_shallow_W2,4496.797374973586,2026227.2422144334,2811.508439462268,792070.3326546685,1685.2889355113175,1234156.909559765,15042.816456878341,4923331.524208683,1686.2990156150947,0.0006306469440459928,0.22164404392242432,-0.07226109504699707,-0.005277872085571345,0.003543078899383517,0.0013164579868317206,0.0018157958984375,0.0,0.0361328125,0.00020381808280950375
018034e069134727b9e6e5627234f42f,shallow,W2,a3_shallow_W2,4717.258196353162,2230490.805225635,2949.42390939809,871968.0809947022,1767.834286955072,1358522.7242309328,15566.412082998535,5307820.413608832,1768.9718236324366,0.006212934851646479,-0.8885097503662109,-0.6014633178710938,-0.004287183284759577,-0.008178412914276068,-0.00504088401794428,0.0023651123046875,0.0018310546875,0.022216796875,0.004277825355529785
018487b190aa472caf198b265a3b4d61,shallow,W2,a3_shallow_W2,4518.186016774604,2047487.1225314701,2825.304797615641,800627.4979527225,1692.8812191589627,1246859.6245787477,15041.839314073506,4945402.857035802,1694.319756290476,0.004046082496643122,-0.355565547943117,-0.27740955352783203,-0.010164648294448908,-0.01744776964187622,-0.003979802131652832,0.0011749267578125,-0.001708984375,0.022216796875,0.002943426370620783
0184e485100e433c9032f2132e99e095,shallow,W2,a3_shallow_W2,5374.9106562975085,2895634.2227198184,3360.53422048653,1131931.4408405188,2014.3764358109784,1763702.7818792996,17598.44999595406,6808245.844235182,2015.591496111566,0.0015333592891693115,0.35222291946411133,0.14687657356262207,-0.009216368198394775,-0.004554569721221924,0.00186356902122492,0.0048675537109375,0.00225830078125,0.038330078125,0.0090065598487854
018f683e86ea42eb8e98935e890eb9fd,shallow,W2,a3_shallow_W2,4437.562579801202,1974306.193240107,2774.6302104281776,771860.8649344064,1662.9323693730248,1202445.3283057008,14613.288052021333,4685656.462870895,1664.0859674254511,0.003899142146110507,-0.24592280387878596,-0.12290000915527344,-0.007912680506706321,-0.013404250144958496,-0.001299440860748291,0.0014724731445313003,0.0006103515625,0.0234375,0.004211306571960505
019a31cb0c1646758bc44d47366e32e6,shallow,W2,a3_shallow_W2,5111.824529445232,2619903.320414456,3198.3870100215454,1025703.0225323349,1913.4375194236864,1594200.297882121,15394.598680624838,5434080.840276922,1916.934198541962,0.00929498672485346,-0.5376994609832781,-0.5342161655426025,0.0007046759128571112,-0.04299592971801758,-0.004274725914001465,0.0019378662109375,0.000732421875,0.035400390625,0.005377054214477595
019c097c504c4e1dbefcd1079619b8cf,shallow,W2,a3_shallow_W2,4725.409991996705,2238336.1013574796,2955.5530092550825,875659.8937263917,1769.8569827416222,1362676.2076310879,15222.07841002468,5148277.917688021,1772.0287469987643,-0.0041986554861069,0.770493745803833,0.7438039779663104,-0.028688877820968628,0.009320497512817383,0.012457191944122314,0.00115966796875,-0.00048828125,0.00830078125,0.010015428066253662
019cdc2fe9da4327aa8d617401d8189b,shallow,W2,a3_shallow_W2,4544.150896708592,2069712.9491503902,2841.5137499457283,809301.5965585893,1702.6371467628637,1260411.352591801,15204.272395989603,5033826.598748954,1704.0565862657224,0.00019556283950800113,0.28383851051330566,0.17823576927185059,-0.013184800744056785,-0.00391335785388941,0.0002855360507965088,0.00146484375,-0.00103759765625,0.025390625,0.0032033920288085938
01a4a9aa5dfc4436891849a88f2e99e7,shallow,W2,a3_shallow_W2,4676.0497756523155,2192398.4669296164,2923.8087351313347,857163.1226168295,1752.2410405209807,1335235.344312787,14688.118877916375,4894022.79079076,1753.518665869618,0.011052846908569308,-1.1253619194030762,-0.9703993797302246,0.0038708746433258057,-0.004064977169036865,-0.008853435516357422,0.0013046264648438003,-0.0008544921875,0.014404296875,0.008372426033019992
01a76c394cc640f6ad469199166ece29,shallow,W2,a3_shallow_W2,4758.42896396912,2269463.720289234,2975.981729631494,887695.8529301402,1782.4472343376256,1381767.8673590939,15634.71532831048,5364638.667683549,1784.4108614884199,-0.0026121437549591064,0.7075273990631104,0.6650769710540771,-0.017157673835754395,-0.006516247987747248,0.003123164176940918,0.0006103515625,0.00054931640625,0.016845703125,0.004132568836212103
01b853942c324f83a89d27e97796200c,shallow,W2,a3_shallow_W2,4941.585170193893,2447356.829219099,3090.465116095158,957239.1145018229,1851.1200540987347,1490117.7147172764,15994.074113239294,5666997.931359317,1853.09443882271,0.006249368190765381,-0.273088216781618,-0.28727412223816273,-0.004677861928939819,-0.009265840053558405,-0.0009534955024718683,0.001312255859375,-0.00164794921875,0.014892578125,0.004848450422286987
01c7a9010fa6463897e5919443c72886,shallow,W2,a3_shallow_W2,4619.721389427714,2138545.5568539496,2888.5512934843787,836090.0839347055,1731.1700959433351,1302455.472919244,15110.464334525235,5012040.430985435,1732.3955210353931,-0.001553118228912298,0.7155561447143555,0.5898737907409668,-0.010306388139724704,0.014037460088729886,0.00850212574005127,0.003082275390625,-0.00054931640625,0.021728515625,0.012974992394447382
01c80c7c0e954db9a53a11fabc2053eb,shallow,W2,a3_shallow_W2,4526.697780428775,2053747.9106007577,2830.315465144508,802894.0843676322,1696.3823152842674,1250853.8262331255,15153.361568035387,4995999.153990771,1697.5116676607909,-0.0024408549070358,0.547868013381958,0.19034504890441895,-0.01725770533084872,0.004214361310005188,0.0011326372623443604,0.0020675659179686997,-0.0013427734375,0.025390625,0.002051234245300293
01d0e94dc746416484c9157bbe320203,shallow,W2,a3_shallow_W2,4557.847682216084,2082256.1994018494,2850.2842193997067,814324.938620053,1707.563462816377,1267931.2607817964,14122.59116679446,4549876.02664277,1709.1928808310315,0.0029877871274947843,0.22452235221862793,0.2096247673034668,-0.006571322679519598,-0.002684354782104492,-0.0018641054630280096,0.0015869140625,0.0010986328125,0.018310546875,0.006879061460494995
01d1c15787514d14a4538256a88b43a5,shallow,W2,a3_shallow_W2,4323.966458770794,1875785.624519736,2703.188020399093,733119.3762508564,1620.7784383717008,1142666.2482688795,14281.913894137442,4478446.879750657,1621.487422039048,0.00701323896646501,-1.1997497081756592,-0.7060742378234899,-0.0063768774271011075,-0.01246139407157898,-0.009052813053131104,0.0025634765625,-0.001953125,0.028076171875,0.006048083305358831
01d2ae479ed74c7188c270dea892cf67,shallow,W2,a3_shallow_W2,4701.3828345203,2215658.7971084327,2940.2503699235735,866622.6530489732,1761.1324645967265,1349036.1440594597,15573.045108595094,5308012.282314405,1763.0185629451128,0.002014651894569397,0.6842696666717529,0.6435406208038348,-0.01097643375396723,0.0023670196533203125,0.007691711187362671,0.0007553100585936997,0.0001220703125,0.018798828125,0.0023052692413329523
01d9dd3aa5dc46c3a44bfd40d5898c0e,shallow,W2,a3_shallow_W2,4480.940997409207,2012419.521139981,2801.9952856103564,786903.945038813,1678.9457117988504,1225515.576101168,14628.44647899498,4711132.224267328,1680.3528740284523,0.0012625604867936013,0.7840031385421753,0.6446313858032191,-0.01083160936832428,-0.001668006181716919,0.001715928316116333,0.0010147094726561997,0.001953125,0.016845703125,0.002810746431350708
01eac793c4ec40c5aa6bbd09b45fc26a,shallow,W2,a3_shallow_W2,4710.513241122714,2223863.635629832,2945.970046642885,869833.783635076,1764.5431944798293,1354029.8519947557,15113.96713489462,5095284.517719463,1766.442465421018,0.007501333951950073,-0.7744657993316668,-0.6974256038665736,2.136826515197754e-05,-0.013715982437133789,-0.0072904229164123535,0.0008201599121093993,-0.0001220703125,0.01220703125,0.004824399948120117
01f0c1dd487e43f795830fe6008142e4,shallow,W2,a3_shallow_W2,5206.566672036444,2719485.658341953,3255.1914833203555,1063016.4028340755,1951.3751887160888,1656469.2555078776,17063.788442394805,6418753.425121735,1952.4625020136666,0.006046444177627508,-0.3544497489929199,-0.16841650009155273,-0.012105137109756525,-0.009775429964065607,-0.0004069209098815918,0.00213623046875,0.0009765625,0.02880859375,0.006474167108535711
01f1cc659cb847a4a7366b84844641c2,shallow,W2,a3_shallow_W2,5421.1139044673,2946075.9849794917,3389.943350777835,1152008.5762647134,2031.1705536894651,1794067.4087147783,18238.872700777258,7232974.499674971,2032.917714175238,-0.0015486180782318115,0.29985904693603516,0.1929724216461164,-0.00924947857856745,0.0018092244863510132,0.0,0.0042572021484375,-0.0013427734375,0.03125,0.0034826993942260742
01f3115282994da9b32967eb2075d4aa,shallow,W2,a3_shallow_W2,4820.028766137314,2328428.736214831,3014.8154643370603,910954.9300057692,1805.2133018002537,1417473.8062090618,14620.374943654202,4936645.301714129,1807.5107873014929,0.009795755147934015,-1.3969862461090106,-1.353600025177002,0.0019312500953673761,-0.043623924255371094,-0.006592750549316406,0.0022125244140625,-0.00030517578125,0.029296875,0.011151492595672607
01f376bb2b5a4860a53914dbf66d4ac0,shallow,W2,a3_shallow_W2,4382.038476451266,1924734.3457638142,2740.227600587845,752659.7417942295,1641.8108758634216,1172074.6039695847,14570.647975431908,4637262.769218124,1643.2644286692248,0.0008927136659621915,0.5458706617355347,0.3816366195678711,-0.008713617920875633,0.0017095506191253107,0.003295421600341797,0.0021591186523436997,-0.00128173828125,0.018310546875,0.005870848894119263
01f3fb1336a444309e9959d359c8b4ab,shallow,W2,a3_shallow_W2,4835.834838712499,2342614.0260241674,3024.7814406899015,916553.276749905,1811.0533980225973,1426060.7492742625,14865.329022608994,5035837.650603589,1813.4380645171873,-0.0014654994010925848,0.8343505859375,0.7940375804901105,-0.01084545254707342,0.002913504838943537,0.012848317623138428,0.0005722045898438003,-0.0006103515625,0.006103515625,0.007551640272140503
01f64ccc5e5049e29c3e8be0aaf31bd5,shallow,W2,a3_shallow_W2,4912.822737068012,2418918.3348544636,3071.5646843231857,945543.1024591173,1841.2580527448267,1473375.2323953463,16329.426308735043,5825959.466710168,1842.3085264005044,-0.0021727085113525113,0.47582149505615234,0.16949892044067383,-0.011192202568054171,0.015874966979026794,0.006965696811676025,0.004791259765625,-0.003204345703125,0.03076171875,0.005630284547805731
01f6b5adc5c44c17b159d7dc2f7f6dd6,shallow,W2,a3_shallow_W2,4611.2341373139925,2130970.1012102934,2882.946455824401,832951.5283458292,1728.2876814895917,1298018.572864464,15161.936710322758,5042301.604584522,1729.2128014927475,0.002298161387443487,-0.18007516860961914,-0.1694345474243164,-0.01035803556442258,0.0001367628574371338,0.00033158063888549805,0.0019683837890625,-0.004638671875,0.018798828125,0.0030556023120880127
01f74014d40f436e91fbf60e7f688057,shallow,W2,a3_shallow_W2,4379.962209296912,1924035.3458657758,2738.136379615469,751941.5104130561,1641.8258296814429,1172093.8354527196,14364.041698832974,4543086.943194327,1642.4858284863421,0.007731199264526284,-1.1285626888275129,-0.8220851421356201,0.0016961693763733188,-0.018757045269012507,-0.00889354944229126,0.0022811889648438003,0.00128173828125,0.023193359375,0.005153417587280218
01fb4fff624544a88317709570572e0f,shallow,W2,a3_shallow_W2,4537.624044066913,2063692.3999594722,2837.3654156194016,806904.59867356,1700.258628447511,1256787.8012859123,14085.68456571369,4514870.563787476,1701.6090165250923,0.004234611988067599,0.41879534721374334,0.39624810218811035,-0.0056632161140441895,-0.012935400009155273,0.0027420520782470703,0.0012130737304686997,0.00048828125,0.0166015625,0.006179898977279608
01fbee27f8f74a1eaf7e613de5cb78ee,shallow,W2,a3_shallow_W2,4487.353891607782,2018978.7184762212,2805.6594621360928,789269.7445323465,1681.6944294716895,1229708.9739438747,14749.264250389653,4779618.66544179,1682.7577093529185,0.0009386390447616022,-0.007572174072265625,-0.026648044586178088,-0.0019058734178542813,-0.001033335924148615,-0.0013256669044494074,0.004638671875,-0.00250244140625,0.022705078125,0.009511947631835993
01ffee46c0644a17a8ac9f9f3bf7ef4d,shallow,W2,a3_shallow_W2,4567.7588761842535,2091519.7709386067,2856.0028805821003,817670.2567164882,1711.7559956021532,1273849.5142221185,15060.248596252342,4968353.500829607,1712.909578569095,0.0033370256423949918,-0.14235138893127086,-0.02165317535400746,-0.0094529390335083,-0.004018723964691162,0.004748880863189697,0.0015678405761719002,0.0025634765625,0.01708984375,0.013029336929321289
0200b7f6eb574385ace14b2d03502ec2,shallow,W2,a3_shallow_W2,4053.5292335745594,1647277.6888531481,2534.1318400882733,643816.2123881031,1519.397393486286,1003461.476465045,13408.734258921635,3939706.597797707,1520.0734625904602,0.0038639083504677096,-0.8014094829559326,-0.5317008495330846,-0.009751349687576294,-0.002460628747940008,-0.0023955106735230047,0.004638671875,0.0,0.04638671875,0.0009707212448120117
02010e17a28845cc921858cc24ece163,shallow,W2,a3_shallow_W2,3418.079166240407,1171285.543747722,2136.7397712265674,457725.6226324728,1281.3393950138397,713559.9211152492,11447.786672688142,2854678.2520275484,1281.7796873401528,0.0051535293459891995,0.17851948738098145,-0.29853343963623047,0.0011397302150726873,0.017074897885322626,-0.013766169548034668,0.007476806640625,0.0006103515625,0.03759765625,0.00035965442657470703
02097b72cb764df79f0188df985014a5,shallow,W2,a3_shallow_W2,4545.677092832129,2071287.7422630682,2842.682704646748,810040.6599325241,1702.9943881853815,1261247.082330544,14526.936345483586,4716180.975968344,1704.6289098120487,0.003394976258277921,0.11300683021545055,0.08020281791687012,-0.014956146478652954,-0.0193817019462586,-0.014352679252624512,0.000885009765625,-0.00018310546875,0.020263671875,0.006418108940124512
020bc99c57c04bf6abfc9fe91a6a1215,shallow,W2,a3_shallow_W2,4700.70066601287,2214078.5184528087,2939.9965073098983,866104.713090851,1760.7041587029717,1347973.8053619578,15416.667480557264,5213923.955310809,1762.7627497548265,-0.0016675740480422974,0.6705087423324585,0.6067454814910906,-0.014752119779586792,0.0007318854331969937,0.005339443683624268,0.0018463134765625,0.00091552734375,0.020751953125,0.004029184579849188
0214176d73af485287532957baf9888b,shallow,W2,a3_shallow_W2,4491.166801923544,2021278.6610963272,2808.43777396333,790392.9451775943,1682.729027960214,1230885.7159187328,14922.216141407078,4852507.515546227,1684.1875507213294,0.001414328813552801,0.47151267528533936,0.43290019035339533,-0.008213251829147339,0.0033702105283736905,0.004384964704513605,0.0012588500976563003,0.001220703125,0.020263671875,0.0032498836517333984
021504573eab4f8995e46ac306744e04,shallow,W2,a3_shallow_W2,4671.902737203448,2188071.8617010084,2921.404565909445,855588.7070685531,1750.498171294003,1332483.1546324552,15106.527522103595,5068926.1714173965,1751.9635264512929,0.012697979807853699,-1.1707711219787615,-1.0340940952301025,0.0015169382095336914,-0.01738685369491577,-0.010343044996261597,0.0021820068359375,-0.00140380859375,0.019287109375,0.005514472723007202
0219f955d31b4907b5eeb6a345a47eb2,shallow,W2,a3_shallow_W2,4214.407664033284,1779941.3538432193,2634.660583793469,695637.4922786277,1579.7470802398152,1084303.8615645915,14152.836253033305,4351085.433770586,1580.4028740124816,0.0012027919292449951,0.20402312278747559,0.05912303924560547,-0.011234015226364191,-0.004863023757934515,-0.0010846555233002264,0.0018386840820313003,-0.00140380859375,0.023193359375,0.0038394629955292303
021a5902e34c4742a828335c86bfe4cd,shallow,W2,a3_shallow_W2,4178.9523296020725,1750185.551695255,2612.3927250407723,683956.8309513574,1566.5596045613001,1066228.7207438978,13962.532235834682,4241567.523437396,1567.1071236007774,-0.0016353279352187972,0.2901756763458252,-0.057058334350582385,-0.01543141901493078,0.00483269989490509,0.0007604360580444336,0.0050048828125,-0.0028076171875,0.0234375,0.004869341850280762
0222f2054a72477a9af17694d4ab1a9e,shallow,W2,a3_shallow_W2,4211.817532358354,1778333.1124006428,2633.8387831188174,695441.3707231755,1577.9787492395362,1082891.7416774672,13427.982509615033,4036906.4331069263,1579.4315746343827,0.008041828870773315,-0.23396611213684082,-0.34673333168029785,-0.0031705200672150213,-0.013238668441772405,-0.00779110193252569,0.0016632080078125,-0.00128173828125,0.017578125,0.002778381109237671
0228c654c3b44da99c4b3b75d5f8b1cb,shallow,W2,a3_shallow_W2,4799.9599825429295,2309116.305987459,3000.9953800240414,902617.839488814,1798.9646025188881,1406498.466498645,16107.792772997016,5640755.536898204,1799.9849934535991,0.002150744199752891,0.26053309440612793,0.13630032539367676,-0.008219540119171087,0.0020279735326766968,0.00034874677658075504,0.0034332275390625,-0.00201416015625,0.03515625,0.0015249848365783691
022a46a47f70497badb519b86f7d0dfa,shallow,W2,a3_shallow_W2,4745.252215885804,2257590.925366737,2969.3657686714955,884054.0352178188,1775.8864472143082,1373536.8901489181,14726.766230538227,4916653.463685415,1779.4695809571763,0.006026327610015925,0.4802644252777064,0.46231746673583984,-0.004260271787643488,-0.01531517505645752,-0.0009942352771759033,0.0006217956542969002,0.00091552734375,0.012451171875,0.0039067864418029785
022c1581dcd44145a86c1522d7ab44d3,shallow,W2,a3_shallow_W2,4464.007287445441,1996883.2138326156,2790.956747016262,780568.3002385164,1673.050540429179,1216314.9135940992,14764.670531383437,4767590.305870753,1674.0027327920404,-0.001045957207679693,0.5623024702072126,0.3865838050842285,-0.008806824684143011,0.0009270459413528165,0.003245174884796087,0.0012054443359375,0.001708984375,0.011962890625,0.0037802755832671564
023d8f2444234e6185ca713309cfeb99,shallow,W2,a3_shallow_W2,4642.978161547966,2160003.780806492,2904.489423952505,845304.8209896629,1738.4887375954609,1314698.9598168293,14719.972556724098,4861500.649180745,1741.1168105804873,0.00412683188915261,0.5702507495880145,0.5326759815216064,0.0019764751195907038,-0.006999164819717407,0.0024802088737487793,0.0016326904296875,0.0008544921875,0.01416015625,0.006652712821960505
0247b01389f541e8a22ab2f98e44c953,shallow,W2,a3_shallow_W2,4493.037887463817,2023236.6522333266,2809.749110984868,791243.2102041438,1683.2887764789493,1231993.4420291828,13958.337325069366,4441320.060168603,1684.8892077989317,0.0020907521247864047,0.4485225677490252,0.31864285469055176,-0.011189550161361694,-0.0018523335456848145,-0.0012524127960205078,0.0020599365234375,0.00244140625,0.01953125,0.00574040412902832
024a0d26f2ab4be8bacf86127e23e6aa,shallow,W2,a3_shallow_W2,4725.688116881694,2237875.7567799776,2955.2803072310803,875205.607902132,1770.4078096506141,1362670.1488778456,15528.536302489782,5294264.351587922,1772.1330438306354,-0.00313487648963931,0.5518555641174316,0.3612101078033447,-0.015896588563919095,0.0017847865819930753,0.0017680823802947998,0.0015869140625,-0.0028076171875,0.0107421875,0.0030372440814971924
024b1ec28a404f46866c62a69d6370d8,shallow,W2,a3_shallow_W2,5721.732921144314,3279958.0992994653,3577.985719466729,1282617.6402801268,2143.747201677585,1997340.4590193385,18998.66579498808,7864636.820847392,2145.6498454291177,0.0007191300392150879,0.2810680866241455,0.21660208702087402,-0.009570062160491888,0.0018641352653502863,0.0027440488338471014,0.0020751953125,0.00115966796875,0.0380859375,0.0026789605617523193
025784ce00f14da9bcfe44013eb2289c,shallow,W2,a3_shallow_W2,4543.181793865629,2068459.7955145244,2841.0439652796886,808891.1950568629,1702.13782858594,1259568.6004576616,15009.207758609095,4918383.345733149,1703.6931726996108,-0.0032857656478881836,0.322587490081788,0.3300321102142352,-0.009836569428443881,0.002755634486675304,0.0065277814865112305,0.002105712890625,-0.00146484375,0.01708984375,0.014304548501968328
025828c4084440649cde38135a9d8a2e,shallow,W2,a3_shallow_W2,4581.564672480593,2104589.8812001557,2864.7583519764885,822850.6167202927,1716.8063205041044,1281739.264479863,15421.037657588688,5175150.944277932,1718.0867521802227,0.0013840049505234042,-0.014430284500123847,-0.006426572799682617,-0.015190541744232178,-0.004584789276123047,0.001861572265625,0.0015640258789061997,-0.00140380859375,0.01953125,0.00462910532951355
025c1e16f9634c71be21574417c1b8a7,shallow,W2,a3_shallow_W2,4568.068555546177,2091900.2278363898,2857.172813667033,818384.2262288202,1710.8957418791438,1273516.0016075696,14718.225479827403,4813060.377950454,1713.0257083298166,0.000741884112358121,0.5599117279052734,0.49449801445007324,-0.01813821494579318,0.005903527140617398,0.004171699285507202,0.0011062622070311997,-0.000732421875,0.0166015625,0.0030749738216400146
025cf7f3f4524bf7b69a822007bcdf3a,shallow,W2,a3_shallow_W2,5072.763015410347,2580253.0486729713,3171.7563731319715,1008732.0165546489,1901.0066422783757,1571521.0321183223,16432.468165674447,5991309.155313575,1902.2861307788803,0.003804385662078913,-0.8725631237030029,-0.8007252216339111,-0.010463863611221313,-0.015532433986663874,-0.009667515754699707,0.0014266967773436997,-0.0001220703125,0.011474609375,0.005615681409835815
026dd4fca8a347e799ff5bfd78df68bb,shallow,W2,a3_shallow_W2,4734.852250585128,2248878.8278808226,2960.568960784671,879240.0541248736,1774.2832898004567,1369638.773755949,15104.20822884493,5129662.949559453,1775.5695939694233,0.005547001957893399,0.09799957275390625,0.0423431396484375,-0.0028387308120726984,6.198883056640625e-05,0.007180631160736084,0.0006866455078125,0.00079345703125,0.01318359375,0.0016808211803435724
0278450d1e324c33904e160e115f6fbd,shallow,W2,a3_shallow_W2,4438.686277664934,1975318.0589608466,2775.597161214612,772413.7597973824,1663.0891164503223,1202904.2991634642,14254.644708368578,4523839.920198007,1664.5073541243503,0.0045637637376785,-0.64827561378479,-0.5176734924316371,-0.012254118919372614,-0.019045084714889582,-0.004708707332611084,0.0013580322265625,0.0030517578125,0.024169921875,0.0027656853199005127
0281cce51dcb43988b3d3760c0fb335e,shallow,W2,a3_shallow_W2,4504.226802216221,2033477.965070183,2816.7949973797586,795277.9449545452,1687.431804836462,1238200.0201156377,14762.102557557544,4784359.065992787,1689.085050831083,0.003986746072769082,0.1720970869064331,0.16499042510986328,-0.002123624086380005,-0.012109607458114569,-0.005621135234832764,0.0015869140625,0.00128173828125,0.02734375,0.009465977549552917
02871968fcbd46dc9f5059ec1fc7d13b,shallow,W2,a3_shallow_W2,4753.277210892636,2266793.547482995,2971.3107247656976,885772.9490714838,1781.966486126938,1381020.5984115112,15846.46797618676,5494730.363454557,1782.4789540847382,0.0031336545944214006,-0.961344838142395,-0.7008481025695836,-0.005006894469261197,-0.020152956247329712,-0.01311635971069336,0.003265380859375,-0.00421142578125,0.0283203125,0.004338026046752874
0288b5d8dfda43b9938f0dcf1ac86da2,shallow,W2,a3_shallow_W2,4183.283003706115,1754692.2097645665,2615.2080098864917,685777.464163612,1568.0749938196232,1068914.7456009546,13824.350671531518,4187029.311700753,1568.7311263897932,-0.00022432208061209935,0.2511501312255877,-0.0877761840820277,-0.01458758115768441,0.0015455782413482666,-0.000950157642364502,0.00128173828125,-0.0030517578125,0.00732421875,0.005573779344558716
028f74fc5b384764826acb595846b9d8,shallow,W2,a3_shallow_W2,4996.470678988382,2502491.82728881,3123.600015034067,978044.2042340456,1872.8706639543152,1524447.6230547647,16680.55435062167,6058987.324470415,1873.6765046206433,0.0029928982257843018,-0.335005521774292,-0.23498535156250355,-0.011953160166740417,-0.004857957363128718,-0.003543615341186468,0.0031890869140625,-0.002685546875,0.0244140625,0.00785800814628601
0290737f64b14b08b87faa644580f3a9,shallow,W2,a3_shallow_W2,5588.894939228838,3129943.450031096,3494.576998486079,1223711.0910116716,2094.3179407427588,1906232.3590194245,18591.620576789202,7528693.643067687,2095.835602210814,0.0016287416219711304,0.21386981010436834,0.03507375717163441,-0.011637687683105524,0.001136183738708496,0.003036290407180786,0.0022659301757811997,0.0010986328125,0.030517578125,0.006958872079849188
029bf16fe8e2495bbadd991b7358559a,shallow,W2,a3_shallow_W2,4410.02023738266,1952628.6181746009,2756.939711353748,763124.6025509469,1653.0805260289117,1189504.015623654,14499.805603786046,4651202.912437903,1653.7575890184976,0.0059084743261337,-0.9454870223999041,-0.722353458404541,-0.006875410676002475,-0.013127774000167791,-0.005472660064697266,0.0017318725585936997,-0.001434326171875,0.02294921875,0.004202842712402399
029d4dcccd66451c847a4dc5da36b5e6,shallow,W2,a3_shallow_W2,4836.634536080269,2344623.8917405037,3024.069568372839,916588.8347251443,1812.5649677074298,1428035.0570153594,16108.023472666448,5660477.0555463815,1813.7379510301012,0.0018674284219741821,0.2001047134399414,0.07269501686096191,-0.010759443044662531,-0.004543393850326594,0.0012966096401214044,0.001800537109375,0.00146484375,0.027587890625,0.0020886063575745184
029e028b4a6842c29183b6a30bb2f04e,shallow,W2,a3_shallow_W2,4516.352988089839,2044113.9569631538,2823.423072490102,798882.4788140154,1692.9299155997364,1245231.4781491384,14911.844797477386,4859689.456030153,1693.6323705336897,-6.465613842010498e-05,0.5575740337371826,0.22183656692504883,-0.009205877780914307,0.0032838881015777865,0.0031358301639556885,0.004150390625,-0.00299072265625,0.012939453125,0.012662231922149714
00001ec0d78549e1b8c2083a06105c29,shallow,W3,a3_shallow_W3,5184.103366981559,2687589.0123288007,3241.461640836414,1050746.7335908364,1942.6417261451447,1636842.2787379643,15665.582304104573,5583660.827954767,1944.0387626180848,0.0096850395202637,-1.1019504070281965,-0.8152770996093821,-0.014764279127121,-0.019492268562316895,-0.011289358139038086,0.0019950866699218993,0.000244140625,0.02392578125,0.0041821300983428955
0005d5eb0eb847648bf2e76f6931ed48,shallow,W3,a3_shallow_W3,4956.950242277871,2457180.615627024,3098.873987016531,960320.2234850635,1858.0762552613405,1496860.3921419603,15375.87656073643,5288460.259809662,1858.8563408542018,-0.0015648677945137024,0.17237544059753063,0.05319714546203258,-0.01752167940139779,0.0056896209716796875,-0.00556305050849909,0.00494384765625,-0.0032501220703125,0.0166015625,0.008546471595764216
0005df571e71437991594d0affec9c2b,shallow,W3,a3_shallow_W3,5172.895309265514,2675981.9000636,3233.8258797122226,1045800.6508039673,1939.0694295532912,1630181.2492596325,16250.735522084518,5871372.304224287,1939.8357409745677,-0.000827521085739108,0.254408121109007,0.13402104377746582,-0.017169088125228882,0.0015870034694671908,0.0015731751918792725,0.00396728515625,-0.001708984375,0.0322265625,0.004362016916274969
000c895f9ef6491894ac588634f3d2b5,shallow,W3,a3_shallow_W3,4735.966222494034,2242960.940355273,2963.912207591492,878489.6651373587,1772.054014902542,1364471.2752179143,13628.633147544193,4381162.8248448735,1775.9873334352633,0.005252614617347717,-0.5488324165344238,-0.4415249824523926,0.0027614235877990168,-0.0066370368003845215,0.0029625892639160156,0.0009040832519530998,-0.00030517578125,0.011474609375,0.007547825574874878
000d1c5d169f4fda93a32f2eaeac80d8,shallow,W3,a3_shallow_W3,4905.000593053128,2405952.5220917026,3068.37922707314,941517.8347086516,1836.6213659799878,1464434.687383051,15261.697364261916,5200850.886005693,1839.375222394923,0.005507305264472989,-0.7370877265930176,-0.34549951553344727,-0.005147904157638494,-0.011194169521331843,0.0006507039070129395,0.0009574890136719002,0.0,0.014892578125,0.007245689630508395
00133744383047b888486d10548eb32d,shallow,W3,a3_shallow_W3,5064.083858170844,2564551.354475043,3168.895537596929,1004217.7360961817,1895.188320573915,1560333.618378861,15222.308032229885,5294667.584595792,1899.0314468140668,0.0031438320875168124,0.06147623062133967,-0.015860795974731445,-0.002087384462356623,-0.007628440856933594,-0.0014344155788422186,0.0003738403320313003,-0.0006103515625,0.00634765625,0.003035575151443537
0013d88f17a245b0bff5ebe713bd72ab,shallow,W3,a3_shallow_W3,4687.881888688424,2197677.9173598564,2931.8302665332053,859586.5267639724,1756.0516221552184,1338091.390595884,14535.401144727224,4716339.4386889115,1757.9557082581591,-0.0022903978824616034,0.42522966861724854,0.389629602432251,-0.014477729797363309,-0.003666698932647705,0.002607107162475586,0.0029983520507813003,-6.103515625e-05,0.019775390625,0.0088634192943573
0015eb3cf53b4339b2d0532cf912ab26,shallow,W3,a3_shallow_W3,4892.203566231799,2393425.542878544,3059.298189637586,935956.3134174787,1832.9053765942135,1457469.2294610653,15343.049899084974,5240573.778138927,1834.5763373369248,0.001455157995223999,0.4957836866378784,0.4078531265258789,-0.01685953140258789,0.0009073913097381037,0.0022091269493103027,0.0029373168945311997,0.0009765625,0.032470703125,0.004115581512451227
001e6d1b655542b48dbe00f3a3ccc616,shallow,W3,a3_shallow_W3,5176.632185677287,2679822.3524083868,3239.9797626491286,1049780.931387451,1936.6524230281589,1630041.4210209358,15109.57606754844,5316874.188509391,1941.2370696289834,0.009056061506271418,-0.24293303489685059,-0.2744817733764613,-0.0006009638309479315,-0.004971623420715332,-0.0016203224658966064,0.00028228759765620056,0.000335693359375,0.00732421875,0.0018849670886992853
001f17841a2642e4a9fa2f9b1687aa1e,shallow,W3,a3_shallow_W3,4707.638822290218,2216260.0097667,2943.24388022928,866297.9333979549,1764.3949420609379,1349962.0763687454,14644.057172986104,4785671.31795376,1765.364558358832,0.003438711166381808,0.35774707794189453,0.3327298164367676,-0.015903115272522,0.002237766981124878,-0.003607451915740967,0.0027236938476561997,-0.00146484375,0.0234375,0.010326027870178223
0029e901155f414696aa6b470cbe40d4,shallow,W3,a3_shallow_W3,4849.479336948422,2351854.847002252,3032.296042354051,919527.7137260495,1817.183294594371,1432327.1332762025,14991.403398042214,5030322.76671344,1818.5547513556583,-0.0007361173629760742,0.37358880043029785,0.3102028369903529,-0.01917098462581629,0.0064411461353302,0.006219685077667236,0.002410888671875,-0.00042724609375,0.021240234375,0.007838845252990778
00317d7cb89c4f84b28090ec8eeb361a,shallow,W3,a3_shallow_W3,5186.967421753801,2690527.501325527,3244.5883596509802,1052764.3246262295,1942.379062102821,1637763.1766992977,15737.224231339456,5622827.741857657,1945.1127831576757,0.003844320774078397,-0.19767999649047852,-0.09915828704833984,-0.011360034346580505,-0.014949023723602295,-0.003727555274963379,0.0005569458007812006,0.001953125,0.019287109375,0.0012422800064087192
003245510e8f4bcb98f1794348606f68,shallow,W3,a3_shallow_W3,4997.081663623282,2497178.3828894263,3125.0547231848677,976636.9168156625,1872.0269404384144,1520541.4660737638,15567.603572978262,5405381.157522022,1873.9056238587311,0.0015297979116440097,0.329475402832033,0.34369587898254395,-0.012989729642868098,-0.0035812258720398504,0.0015708506107329767,0.0008201599121094002,0.000732421875,0.013427734375,0.002901792526245117
004459ae7559418fad89ddb73e140b56,shallow,W3,a3_shallow_W3,4667.141773173283,2178265.6895118784,2917.6556865323964,851289.4178533806,1749.4860866408862,1326976.2716584979,14694.387966942792,4788587.453489806,1750.1781649399811,-0.003139540553092901,0.6214463710784912,0.24820208549499512,-0.01942646503448492,0.008334517478942927,0.0023528635501862127,0.0023956298828125,-0.004974365234375,0.027099609375,0.0036821663379668634
0047b3f31cc844d2bfe8e59820b87312,shallow,W3,a3_shallow_W3,4937.676091403956,2438116.449346885,3088.3834027874486,953835.1266486447,1849.2926886165073,1484281.3226982404,15392.24525062008,5284374.7762817005,1851.628534276484,-0.0005778074264526922,0.41268885135650635,0.3408336639404297,-0.01465490460395813,-0.006966590881347712,-0.003673076629638672,0.0021209716796875,0.000732421875,0.018798828125,0.008207947015762385
0048e8224b174b759771e39ff521ee2e,shallow,W3,a3_shallow_W3,5101.161649710488,2602290.8225987544,3191.4996994308726,1018614.7556263909,1909.6619502796152,1583676.0669723635,15373.966889928175,5398516.155959348,1912.9356186414332,-0.0011480748653411865,0.6102901697158813,0.5506420135498047,-0.01430684328079218,0.012136191129684393,0.004730910062789917,0.000579833984375,0.00018310546875,-0.00048828125,0.002254396677017212
004a33ffd2654583822bdd2eed1241ba,shallow,W3,a3_shallow_W3,4728.776693037681,2236174.459793362,2956.629277248693,874183.2442904741,1772.147415788988,1361991.2155028877,14599.582773005475,4782294.990307659,1773.2912598891307,0.00040414184331891145,-0.3690719604492205,-0.1813745498657191,-0.011089250445365906,-0.011427313089370783,-0.00773853063583374,0.0031280517578125,0.00177001953125,0.02099609375,0.005749374628066961
0050d3fb84444ea1b9079a1575887aa1,shallow,W3,a3_shallow_W3,4403.673192840693,1939301.6966642113,2753.691257091365,758309.6741006674,1649.9819357493284,1180992.022563544,13882.13918620544,4279683.471451616,1651.3774473152603,0.0036377012729644775,-0.2694058418273926,-0.11835575103759766,-0.018075942993164062,-0.014938324689865112,-0.0036939680576323908,0.0032424926757813003,-0.00079345703125,0.034912109375,0.0018062293529509943
00519a09c83e410f9734b3cfe8bcb604,shallow,W3,a3_shallow_W3,4907.49375948586,2408417.2638282417,3068.8146932029194,941791.3305094725,1838.6790662829408,1466625.933318769,15273.929882642056,5210020.168211046,1840.3101598071978,-0.0020908713340759832,0.34697771072387695,0.1865851879119873,-0.01179930567741394,0.006042554974555997,0.0032472908496856134,0.0048370361328125,-0.00067138671875,0.0390625,0.006728082895278875
0053d2ac9bc14142bffaa42593c00a8a,shallow,W3,a3_shallow_W3,5035.772053945579,2535923.0469845855,3154.256645932346,994944.9129998698,1881.5154080132324,1540978.1339847157,14735.951423574756,5050565.7638999745,1888.414520229592,0.0019872188568114957,-0.1986408233642578,-0.15942811965942028,-0.0039051473140715998,-0.025120884180069025,-0.00122755765914917,0.000579833984375,-0.00079345703125,0.0185546875,0.0025667250156402033
005c0d7ccf7749f99a4cc8e88bda073d,shallow,W3,a3_shallow_W3,5069.932766730565,2570464.430365413,3172.210322505592,1006312.1679726408,1897.722444224973,1564152.2623927721,15210.321142294251,5287867.77942038,1901.2247875239623,-0.002624660730361994,0.4255896806716919,0.4116380214691162,-0.007197886705398504,0.0016090273857116005,0.002226114273071289,0.0002365112304688003,-0.00048828125,0.00390625,0.003392547369003296
005ee892a99b4ae8a26bb1c8123fdd80,shallow,W3,a3_shallow_W3,4028.899292234188,1623240.5857767481,2518.877399210373,634490.1578553536,1510.0218930238152,988750.4279213946,12741.921904988285,3600268.2176434104,1510.8372345878206,0.0024389922618866,-0.44367551803588867,-0.2566099166870117,-0.01785972714424139,-0.007439211010932895,-0.013954430818557795,0.0036087036132813003,-0.001007080078125,0.052001953125,-0.0001990199089050848
006ce7ce9e1b45558fe805882a705991,shallow,W3,a3_shallow_W3,5120.539288210614,2622000.1546024424,3206.948725837359,1028457.1310688477,1913.5905623732556,1593543.0235335948,15038.177091910844,5236804.132346093,1920.2022330789807,0.0009296536445617676,0.5304086208343524,0.5131196975708008,-0.016889363527297918,-0.0091716349124909,0.0037320852279663086,0.0005035400390625,-0.000732421875,0.009521484375,0.006772220134735163
006d40ce26e64b4c930124ddae278c05,shallow,W3,a3_shallow_W3,4487.449382998513,2013768.616934744,2807.1698964308616,788042.6169736149,1680.2794865676515,1225725.999961129,13813.922030343621,4291623.08109005,1682.7935186244424,0.00643265247344979,-0.04378557205200373,-0.2036762237548828,-0.006495177745819092,-0.011061966419219915,-0.012968063354492188,0.00421142578125,0.00030517578125,0.037109375,0.0040608942508698065
00713006ea594a598ad966c5b36c7922,shallow,W3,a3_shallow_W3,4752.535052655071,2258711.9032677226,2971.791752529241,883177.5359015989,1780.74330012583,1375534.3673661237,14912.86231824704,4951484.763394553,1782.2006447456515,-0.0012547224760054987,0.5206346511840785,0.3418159484863317,-0.02145612239837641,0.0030453205108642023,0.003163963556289673,0.0018463134765625,-0.003173828125,0.00732421875,0.008420228958129827
0078e62e7d774effa973885c78ffbf6a,shallow,W3,a3_shallow_W3,5062.613139795903,2563087.57148642,3166.342788456301,1002608.811305365,1896.2703513396023,1560478.760181055,14936.184290043318,5177486.893280591,1898.4799274234638,0.007270604372024508,-0.8426213264465332,-0.681297779083252,-0.010048121213912992,-0.011037558317184504,-0.011488020420074463,0.0009613037109375,0.0008544921875,0.009521484375,0.0030714571475982666
007ced0c381749a394866f5fa71fd303,shallow,W3,a3_shallow_W3,4545.26707486073,2065967.4652234234,2843.0455874234344,808301.0234827112,1702.2214874372953,1257666.4417407122,13936.645477914168,4370393.193093113,1704.475153072774,-0.0020434558391571045,0.6063544750213623,0.6047976016998291,-0.015120461583137484,-0.0050057172775268,0.009081423282623291,0.00152587890625,0.00146484375,0.01806640625,0.009795621037483215
00820ef5fe4843cf8beef97281048215,shallow,W3,a3_shallow_W3,4658.139834835678,2169904.803140519,2912.333001372324,848199.9905893804,1745.806833463354,1321704.812551139,14520.219869525388,4704843.455475255,1746.8024380633792,-0.0007779896259308139,0.392071008682251,0.21087884902954102,-0.010042190551757785,0.0050084739923476895,0.0024999082088471014,0.003143310546875,-0.00213623046875,0.02587890625,0.002270430326461792
008f8f5241b947f29838e2a780e3790a,shallow,W3,a3_shallow_W3,5196.2793809748455,2700167.811280494,3254.3524433066177,1059089.5895149633,1941.9269376682278,1641078.2217655308,15144.508079688807,5327057.1003723685,1948.6047678655677,0.0004769265651702326,0.2336663007736206,0.22538661956787287,-0.00430873036384577,-0.003145068883895888,0.003117740154266413,0.0007553100585938003,0.000244140625,0.005615234375,0.006643891334533691
0092c97c01714eb98d6f4b635c5ee9ec,shallow,W3,a3_shallow_W3,4860.475108375858,2362462.1804431817,3040.8092630235683,924671.247019908,1819.66584535229,1437790.9334232737,14210.931475485846,4711857.167673429,1822.678165640947,0.0054499357938765924,-0.09867072105407892,-0.19035100936889648,-0.001491159200668335,-0.006397843360900879,-0.005816549062728937,0.001129150390625,-0.00042724609375,0.0146484375,0.003855675458908081
00a1a602456f4eb188b522d7ef19e81b,shallow,W3,a3_shallow_W3,5296.730798188351,2805680.8725681757,3311.6104650568777,1096733.8680091058,1985.1203331314737,1708947.0045590699,16690.201438979413,6179564.57820103,1986.2740493206318,-0.0020592063665390015,0.5509376525878906,0.2987217903137207,-0.025024861097335788,0.003504842519760132,0.0030350685119628906,0.0026779174804688003,-0.00274658203125,0.0234375,0.007069557905197088
00a1d892548542c7ab83565070737d6b,shallow,W3,a3_shallow_W3,4895.405765500235,2396598.8935274663,3060.7314864291084,936845.3755605601,1834.6742790711269,1459753.517966906,15222.925157317115,5174585.480156499,1835.7771620625883,-0.001011878252029419,0.2335086464881897,0.2286982536315918,-0.02016144990921015,-0.0017561912536621094,0.0,0.0007476806640625,-0.000732421875,0.01611328125,0.002727895975112915
00a38a2327cd41b885d6ebbb6ac0a91c,shallow,W3,a3_shallow_W3,4714.810960587449,2222971.91297743,2949.5375986507524,869990.5043424721,1765.2733619366963,1352981.4086349579,14223.003075742783,4595034.434383952,1768.0541102202935,0.00512929260730749,-0.07275819778442383,0.06329536437988281,-0.01651167869567874,-0.018128484487533625,-0.009878784418106079,0.00213623046875,0.00262451171875,0.020751953125,0.00792843103408808
00a69ec5e0cb4e1b9c6d6285bde5de3e,shallow,W3,a3_shallow_W3,4979.285133800881,2479401.9596281755,3113.286569468326,969285.5987584491,1865.9985643325554,1510116.3608697264,15556.569316421397,5399275.283656369,1867.231925175331,-0.00010350346565238255,0.3015404939651489,0.15860915184020996,-0.007804960012435913,0.00687286257743841,0.0024528205394744873,0.002105712890625,-0.00042724609375,0.033203125,0.002184629440307617
00a776f578304cce8c096fc0034582ef,shallow,W3,a3_shallow_W3,5114.295654679255,2615690.4938111,3197.8878375481804,1022684.928029811,1916.4078171310744,1593005.5657812888,15790.466354914415,5594149.495037061,1917.8608705047204,0.0019588768482207974,0.2253592014312762,0.19469022750854492,-0.01199635863304141,0.0025828778743743896,0.0009032785892486017,0.0035781860351563003,0.00030517578125,0.028564453125,0.00654026865959173
00a97894440b42ebbde2435e9430106c,shallow,W3,a3_shallow_W3,5329.406437133275,2840352.2153945165,3332.5680817125763,1110640.8858736835,1996.838355420699,1729711.329520833,16544.00665685292,6122443.200216014,1998.5274139249786,-4.088878631589021e-05,0.02931118011474787,0.11301636695861816,-0.013229161500930842,-0.005507916212081909,0.0020012259483337402,0.0025100708007813003,-0.00140380859375,0.0244140625,0.011674731969833402
00a9925ae746466b91ce457c67bef43f,shallow,W3,a3_shallow_W3,4954.591010384106,2454872.061147782,3098.590717838119,960158.4874478079,1856.0002925459871,1494713.573699974,14798.920732548506,5021254.950142728,1857.9716288940404,0.0002922713756561002,0.5121660232543945,0.4033112525939977,-0.014562726020813016,-0.0014683008193970282,-0.0018036067485809881,0.0023040771484375,0.0008544921875,0.010498046875,0.0066276490688323975
00ae6eda19634ee6b0a4a52789c9ff90,shallow,W3,a3_shallow_W3,5444.498245671986,2964350.9604184334,3405.03271793073,1159465.0077606237,2039.4655277412562,1804885.9526578097,16423.991895962667,6152849.730323067,2041.686842126995,0.008390232920646612,-0.7992374897003174,-0.6947159767150843,-0.0023945569992064875,-0.010453283786773682,-0.007069230079650879,0.001708984375,0.00091552734375,0.016845703125,0.0053879171609879095
00bc54b70fea4c94bf54bdb4d041522c,shallow,W3,a3_shallow_W3,4867.100998143606,2368995.5280007264,3043.9189558352978,926597.7840198905,1823.1820423083086,1442397.743980836,15037.68030975598,5071567.647450001,1825.1628743038527,0.0018930882215500155,0.7281434535980189,0.6657505035400391,-0.01842398941516879,-0.00381547212600708,-0.0025498270988464355,0.0011215209960937006,0.0006103515625,0.009521484375,0.0055863261222839355
00bf94f9be9346d5bf6fcdb88e0f68c3,shallow,W3,a3_shallow_W3,4894.980696662187,2396167.180300841,3061.5813176200036,937364.0505352017,1833.3993790421837,1458803.1297656395,14825.519054129998,4994172.180448217,1835.61776124832,-0.0018390417098999023,0.31187295913696467,0.30512571334838867,-0.016558259725570706,0.0037836730480193814,0.0024966299533843994,0.0016937255859375,-0.001708984375,0.00732421875,0.005219817161560003
00c01670fa9545fc82e1fbfb9f70a259,shallow,W3,a3_shallow_W3,4874.8565745303185,2376463.658264956,3049.7778796339317,930134.2600999731,1825.0786948963869,1446329.398164983,14990.288004230933,5037070.879671807,1828.0712154488697,-0.002817735075950706,0.48169374465942383,0.4385364055633545,-0.013930752873420715,0.0021682530641556064,0.0005378127098084051,0.0016708374023436997,0.00225830078125,0.01171875,0.006846338510513306
00c1673e7c8e4c2fbc0c9a1084acc067,shallow,W3,a3_shallow_W3,4978.018286618311,2478101.4932684978,3115.1156907446452,970411.2956566592,1862.902595873666,1507690.1976118386,14663.911238026305,4974355.54458361,1866.756857481867,0.004058957099914495,0.24637341499328436,0.2576041221618688,-0.003932535648345892,-0.003765404224395752,-0.002017498016357422,0.0005836486816405998,0.000244140625,0.010498046875,0.0018027722835540771
00c5fc33cf54446093cca570c2ac5db0,shallow,W3,a3_shallow_W3,4967.720240424361,2467972.3554887827,3105.8565892195634,964692.1896741693,1861.8636512047974,1503280.1658146135,14813.442185324036,5045025.12185592,1862.8950901591356,0.007826745510101318,-0.9511303901672346,-0.8055996894836426,-0.002403855323791504,-0.0062583088874816895,-0.005912601947784424,0.0010604858398438003,-0.00042724609375,0.01025390625,0.003525912761688177
00cc1d02ab5c4e1abcbc080bbdc6bdc4,shallow,W3,a3_shallow_W3,4783.178153245871,2287892.8187357676,2994.2848018341588,896578.7649281624,1788.893351411712,1391314.053807605,14314.078787316685,4681025.615474527,1793.691807467202,0.006400197744369562,0.23599505424499512,0.09638547897338867,-0.005367487668991033,-0.002266973257064764,-0.005730867385864313,0.0007858276367188003,-0.0003662109375,0.012939453125,0.0037276446819304865
00d319b11c2c41c6b9a36287abf6922e,shallow,W3,a3_shallow_W3,4231.279617913545,1790432.3651656515,2645.903346949201,700106.3083511707,1585.3762709643438,1090326.0568144808,13222.349484414754,3895752.3412399767,1586.7298567175797,0.004077233374118805,-0.16143083572387518,-0.021224021911621094,-0.018687531352043096,-0.006401181221008301,-0.0034400224685668945,0.0016517639160156996,0.00164794921875,0.0177001953125,0.002864599227905218
00d9bd8bee204fe3a42c320ce24a32fd,shallow,W3,a3_shallow_W3,5063.49817901943,2563951.5198875084,3168.7490587132443,1004121.0062191891,1894.7491203061854,1559830.5136683192,15128.723596807109,5243187.43739274,1898.8118171322865,-0.0017021000385283869,0.42647480964660645,0.40773749351501465,-0.009532332420349177,0.0008350610733032227,0.00845202803611761,0.0008087158203125,0.0003662109375,0.005126953125,0.00582841038703924
00da1beacd7e456f81bcdd0343048166,shallow,W3,a3_shallow_W3,4863.024625129858,2365017.646107533,3040.11014900254,924272.981518344,1822.9144761273178,1440744.664589189,15078.564639069085,5102400.209541659,1823.6342344236969,0.002543956041336115,-0.37678480148315074,-0.22819995880126953,-0.0070295333862304965,-0.005934208631515503,-0.004060953855514471,0.0013809204101561997,-0.001129150390625,0.023193359375,0.0015939176082611084
00db57d6cb5540089860f0de1d2c643d,shallow,W3,a3_shallow_W3,4925.5129090028295,2426132.9144240986,3081.293668715689,949466.7352041198,1844.2192402871406,1476666.1792199789,15055.27478959077,5119135.056942699,1847.0673408760617,0.005345121026039207,-0.09271025657653809,0.016503334045410156,-0.016067162156104986,0.00455319881439209,-0.0015524625778198242,0.000640869140625,0.00018310546875,0.004150390625,0.003982067108154297
00ddbd37e24c43569cb77919361bfaa9,shallow,W3,a3_shallow_W3,4272.20992217727,1825227.0983262549,2671.056638588666,713475.0176166294,1601.1532835886037,1111752.0807096255,13396.942353905803,3991208.7552559166,1602.0787208164763,-8.604675531388717e-05,0.8241903781890887,0.3671455383300781,-0.01879596710205078,0.005208790302276667,0.002711653709411621,0.0027084350585936997,-0.004119873046875,0.02001953125,0.008040010929107722
00e99d9188c64441b8ae7a3f73f37164,shallow,W3,a3_shallow_W3,4969.981084904813,2470129.1304463814,3107.3579384565573,965590.7080526807,1862.6231464482553,1504538.4223937006,15443.75670039521,5338559.4450497255,1863.7429068393049,0.007349580526351984,-1.0333287715911847,-0.5111360549926758,-0.003785371780395508,-0.01833051443099981,-0.006121933460235596,0.0017547607421875,-0.00115966796875,0.0302734375,0.0026103556156158447
00ea067d2d0d4e5abbe36abcdd2117b9,shallow,W3,a3_shallow_W3,5009.686240471427,2509733.674821756,3135.1976156379824,982966.0130180088,1874.4886248334442,1526767.661803747,15250.349679743747,5250681.506817545,1878.6323401767852,-0.002083450555801364,0.42063653469085693,0.43046951293945135,-0.014702826738357544,0.005039379000663813,0.010453104972839355,0.0013084411621093993,0.0003662109375,0.009765625,0.013262614607811002
00ed0007c9c84409adb2e257fad235d1,shallow,W3,a3_shallow_W3,4740.722206761457,2247497.4354890347,2964.9967548523814,879143.6532136402,1775.7254519090752,1368353.7822753945,14613.833927944415,4799035.427264519,1777.7708275355462,0.007904872298240717,-0.631740093231203,-0.4863393306732178,-0.007966667413711492,-0.003434419631958008,-0.002468973398208618,0.0026397705078125,-6.103515625e-05,0.03125,0.0015567839145660956
00ef198a19a8403d903dbfa7cfaaf9bd,shallow,W3,a3_shallow_W3,4975.780588163031,2475908.7491821274,3110.863907466167,967775.6353850727,1864.9166806968642,1508133.1137970546,15589.722285049338,5414995.755913002,1865.9177205611372,-0.00039167702198028564,-0.08215487003326416,-0.04884958267211914,-0.011664390563964788,-0.0019347071647644043,-0.0013025104999542236,0.003387451171875,-0.00408935546875,0.02734375,0.004657924175262396
00f9cb1a42b4498e838107f82557c9f3,shallow,W3,a3_shallow_W3,4804.87565634942,2308790.540156559,3005.465585455089,903329.2554082695,1799.410070894331,1405461.2847482897,14639.93455274883,4852016.411563264,1801.8283711310328,0.005526989698410006,-0.1360583305358869,-0.06859779357909801,-0.012535288929939215,0.00018727779388427734,0.0011272132396697998,0.0011367797851562994,0.00042724609375,0.0152587890625,0.0037265419960021973
00fa05ae10834647a8bf00c5a5a899a1,shallow,W3,a3_shallow_W3,4822.134118120883,2325359.3599767634,3014.764970649349,908905.7362837612,1807.3691474715338,1416453.6236930022,14984.325307953955,5022634.226906655,1808.3002942953308,0.0004981607198714932,0.288318395614624,0.20715475082397106,-0.01930071413517001,-0.0006648898124694824,0.0008065700531005859,0.0019149780273438003,-0.001708984375,0.01220703125,0.008549273014068604
00fab46ab0134de8b7c6b39f9ef2f708,shallow,W3,a3_shallow_W3,4809.418265048859,2313119.538178228,3007.313264053638,904421.5762807203,1802.1050009952214,1408697.9618975075,15001.190368849462,5021104.046863581,1803.531849393322,0.00035361945629119873,0.35578608512878596,0.30287981033325195,-0.008904084563255282,-1.2308359146090408e-05,0.0025491416454315186,0.0022430419921875,-0.00091552734375,0.0234375,0.0033491253852844793
00fadd5980ed4228bc28217eb11c5d27,shallow,W3,a3_shallow_W3,4670.859901363877,2181722.100800961,2922.444401738411,854082.6319380047,1748.4154996254656,1327639.468862956,13606.639872844102,4334304.462202049,1751.5724630114537,0.00032360851764678955,0.3864860534667969,0.379105806350708,-0.0056201517581939975,-0.001373887062072754,-0.003245055675506592,0.0013198852539063003,-0.00091552734375,0.01513671875,0.005968600511550903
00fd070ec367496582cb9410fb8d84a2,shallow,W3,a3_shallow_W3,4930.60850362807,2431159.018374488,3082.1347729123236,949982.5594355499,1848.4737307157466,1481176.4589389383,15006.760845243403,5104402.399697859,1848.9781888605264,0.005625709891319303,-0.9689056873321533,-0.614247322082516,-0.009309828281402616,-0.011403977870941162,-0.009116172790527344,0.0033111572265625,-0.001220703125,0.0205078125,0.005394339561462402
00fe064ec39f4f42a8301f6699c37455,shallow,W3,a3_shallow_W3,4864.078664863329,2366009.695652478,3041.957261211693,925387.1370116579,1822.1214036516362,1440622.55864082,14859.825665452992,4991701.46263438,1824.0294993237487,0.005630552768707303,-1.1779570579528809,-0.7326030731201136,-0.008323773741722107,-0.013754308223724365,-0.004356443881988525,0.0023727416992186997,-0.003173828125,0.022216796875,0.006718724966049194
00fe7b40923644c3bf15be6fcb8195c2,shallow,W3,a3_shallow_W3,4602.1753893049745,2118032.7381937252,2878.9275832181884,828837.2005956696,1723.247806086786,1289195.5375980558,14145.149392933847,4498147.589172428,1725.8157709893653,0.003935933113098089,-0.10165214538574219,0.13481855392456055,-0.006312042474746704,-0.010422885417938232,-0.0033168792724609375,0.0012931823730468993,0.0023193359375,0.014404296875,0.008377611637115395
01052f325d2a4422bf1dea6567d78347,shallow,W3,a3_shallow_W3,5124.28825189173,2626385.829063464,3214.835026300688,1033672.4690230408,1909.4532255910426,1592713.360040423,14829.893519794336,5132088.205689394,1921.6080944593991,0.0026675760746002197,0.2657586336135882,0.26621341705322266,-0.0049044787883758545,-0.018523484468460083,-0.005919992923736572,0.0004806518554688003,0.0,0.0087890625,0.007723808288574274
0116e8e2de78456cab731ff73f65349f,shallow,W3,a3_shallow_W3,5191.8101368901225,2695672.011952085,3245.7134689782297,1053536.3969376676,1946.0966679118928,1642135.6150144173,15735.844323705815,5633059.340130216,1946.9288013337957,0.010863602161407498,-1.0463011264801043,-0.7700371742248571,-0.004945039749145508,-0.0018126964569091797,-0.002282381057739258,0.0014610290527343993,0.002685546875,0.005615234375,0.004705518484115601
0118607beaed4571b94615a611bab570,shallow,W3,a3_shallow_W3,5014.995630958418,2515086.794275727,3135.876417040169,983401.4460063337,1879.1192139182485,1531685.3482693934,15576.577840949296,5427769.915981814,1880.6233616094073,0.0012360662221908014,-0.3748250007629377,-0.21221876144408824,-0.011941030621528598,-0.0038093626499176025,-0.0031356811523436945,0.0048980712890625,-0.00433349609375,0.0244140625,0.008324861526489313
011a2229b2f949ffaac35b39e9ee9d78,shallow,W3,a3_shallow_W3,4929.146108770635,2429737.7580947913,3082.391194373966,950150.6686027967,1846.754914396669,1479587.0894919946,15245.345413753246,5209074.174518374,1848.4297907889884,0.003174260258674594,0.19166588783263983,0.18480181694031117,-0.007466644048690796,-0.006615310907363892,-0.0058856904506683905,0.001861572265625,0.00115966796875,0.019775390625,0.011211603879928589
011e8dd9d04e4257b4c094b9cf279280,shallow,W3,a3_shallow_W3,5232.173707270497,2737647.4254117394,3273.1595936097465,1071394.3716235748,1959.0141136607508,1666253.0537881646,16134.54243043539,5848255.093207008,1962.0651402264373,-0.003864735364913885,0.48619508743286133,0.42848825454711914,-0.019872874021530096,0.005040571093559293,0.002198308706283514,0.000732421875,-0.00146484375,0.00048828125,0.0030923783779144842
012323854937400b839b3bedf4faa010,shallow,W3,a3_shallow_W3,4471.860733052345,1999819.6376285465,2796.5140364018175,782077.03384409,1675.346696650527,1217742.6037844564,13971.802279857928,4347557.495191452,1676.9477748946294,0.0033226162195205133,0.2829313278198242,0.12534141540527344,-0.010965541005134583,-0.0065484642982482355,-0.00038120150566101074,0.0024032592773438003,0.00146484375,0.032470703125,0.0026620328426361084
0123ecfeeaf14efc8183597f2099e925,shallow,W3,a3_shallow_W3,5181.871126727518,2685280.5541258845,3241.402624183118,1050713.0605738866,1940.4685025443996,1634567.493551998,16294.097078262253,5895779.933217009,1943.2016725228195,0.003020420670509283,-0.002279281616212714,0.10207176208496094,-0.012896537780761663,-0.006709069013595581,-0.0026983916759490967,0.0019760131835936997,-0.0009765625,0.01708984375,0.006182134151458685
012648b0eed74f67ad28527119aac2c4,shallow,W3,a3_shallow_W3,5014.483531814576,2514516.475278174,3140.151831860965,986062.4599454419,1874.331699953611,1528454.0153327321,14763.563686378455,5033230.329772688,1880.4313244304662,0.008305639028549194,-0.7446372509002686,-0.7067644596099854,-0.003102421760559082,-0.0027499794960021973,0.004306972026824951,0.00046920776367190015,0.0,0.006103515625,0.007601827383041382
012989686a534d73bd7989501e713630,shallow,W3,a3_shallow_W3,4565.640234953211,2084567.3912531007,2854.113130151307,814620.1417176987,1711.527104801904,1269947.249535402,14377.150869712566,4590281.46325883,1712.1150881074545,-0.0009083449840545932,0.246240496635437,0.0835657119750941,-0.019346594810485895,0.0024213641881943027,-0.001183629035949707,0.0041656494140625,-0.00146484375,0.044921875,0.004527032375335693
012a565d39a644ea89685ae6cd4e5d8c,shallow,W3,a3_shallow_W3,5048.595918499791,2548855.3711003223,3160.7259049441363,999033.1294755659,1887.8700135556546,1549822.2416247565,15028.802542074056,5188229.808439952,1893.223469437422,-0.002177357673645075,0.5041861534118652,0.4048025608062744,-0.008577346801757868,-0.00026291608810430356,-0.004819661378860418,0.0016021728515625,-0.00140380859375,0.016845703125,0.007661670446395874
012c0d5217494d12881d6b089bed0232,shallow,W3,a3_shallow_W3,4995.966394436007,2496020.1612123786,3124.980894284195,976574.0888336657,1870.9855001518122,1519446.072378713,15481.641955923204,5368126.673027439,1873.4873979135027,-0.00027528405189511385,0.22283673286437988,0.19580602645874023,-0.009108975529670715,-0.0006152689456940252,0.0027517080307006836,0.0024871826171875,-0.0009765625,0.009521484375,0.005434393882751409
012d625661ad4c76b706f410b9be0640,shallow,W3,a3_shallow_W3,4692.4632847666335,2201997.5061737793,2933.176344307735,860381.8176675872,1759.2869404588987,1341615.688506192,14703.01395586278,4819167.120954386,1759.6737317874872,0.0011053234338760931,0.25184810161590576,0.10450243949890137,-0.01673805713653559,0.009619757533073398,-0.0009938478469848078,0.00335693359375,-0.00164794921875,0.041015625,0.00190049409866333
013c9572481f47a3adb59c76a934e1e4,shallow,W3,a3_shallow_W3,4851.5225861654135,2353790.4192604385,3033.942518226977,920507.2892077202,1817.5800679384365,1433283.1300527183,15300.17566282094,5194959.14639918,1819.3209698120304,-0.0017614066600800116,0.38684606552124023,0.2591121196746826,-0.017795860767364502,-0.0028137713670730036,0.002122879028320368,0.0020828247070313003,-0.00152587890625,0.040283203125,0.0010524690151215155
013ff6659943447a9a569fdcbcd3abdb,shallow,W3,a3_shallow_W3,5032.07891921798,2532205.8424609615,3148.756137722044,991478.780909162,1883.322781495936,1540727.0615517995,15315.4907835827,5300590.700776071,1887.0295947067427,-0.0006343275308609009,0.5197650194168091,0.5216670036315918,-0.01118464767932889,3.3944845199612717e-05,0.0007165372371674139,0.0018310546875,0.00018310546875,0.015380859375,0.0066098868846892755
0144192045784fc8906de276b4e09eaa,shallow,W3,a3_shallow_W3,4857.802798593804,2359940.167278644,3036.8237399302175,922275.0778462607,1820.9790586635868,1437665.0894323834,15275.247538563963,5192218.782283492,1821.6760494726764,-0.00018495321273800935,0.16875505447387518,0.13777375221252441,-0.024142831563949585,-0.0005923360586166104,0.0033061802387236994,0.001922607421875,-0.002197265625,0.02001953125,0.0035849809646607
014a10fd129844228a18b568b069661d,shallow,W3,a3_shallow_W3,4852.715445227251,2354966.881415261,3033.9855566889723,920539.6600263016,1818.7298885382784,1434427.2213889593,14976.196835231496,5031374.137076377,1819.7682919602194,-0.003721892833709689,0.4413527250289917,0.3836691379547119,-0.012383043766021812,0.005416676402092008,-0.0013001561164855957,0.00445556640625,0.00030517578125,0.01953125,0.0071799457073211115
014ca29813304ce68204fb48dc217636,shallow,W3,a3_shallow_W3,4591.295939194699,2108049.9380676444,2871.0252500851107,824300.1404942637,1720.2706891095881,1283749.7975733806,14115.764961569219,4485837.434879531,1721.7359771980125,0.005277283489704104,-1.0165631771087646,-0.6970930099487305,-0.008115246891975403,-0.02304738759994507,-0.00749814510345459,0.0027084350585938003,-0.00048828125,0.0361328125,0.005654692649841309
014ccee408664909b71f80702d003e14,shallow,W3,a3_shallow_W3,5027.235765102852,2527400.6561820614,3143.9108823498154,988455.8435723466,1883.324882753037,1538944.812609715,15167.484016320945,5236482.015402115,1885.2134119135694,0.0028903633356094083,-0.3484189510345477,-0.23224115371704102,-0.0106106698513031,-0.003333151340484619,-0.0023651123046875,0.0008544921875,0.00213623046875,0.005615234375,0.007451087236404419
01531de593f3468084dab12f6515e8e1,shallow,W3,a3_shallow_W3,4714.982938690823,2223150.8908933,2948.9401826035937,869644.8095891782,1766.0427560872295,1353506.0813041218,14525.072436809558,4735769.888492992,1768.118602009059,-0.003225386142730713,0.583428144454956,0.5206859111785889,-0.008758887648582514,0.00457365065813059,0.0037677884101867676,0.0029983520507811997,-0.00091552734375,0.0185546875,0.008887827396392822
0154c6fe068243d4b2d5a704dad1cbc6,shallow,W3,a3_shallow_W3,4282.382270979171,1833928.1999749169,2678.138421221237,717263.700847753,1604.2438497579342,1116664.499127164,13050.37669523098,3855291.965273715,1605.8933516171892,0.0097308158874512,-0.39840936660766424,-0.35495758056640625,-0.014760762453079168,-0.014643311500549316,-0.00812652707099909,0.00408935546875,0.0028076171875,0.03662109375,0.004056453704833984
01551e922711450f92b50843d4e0f2be,shallow,W3,a3_shallow_W3,4684.453940809328,2194484.335106545,2929.676855534898,858331.9741513638,1754.7770852744297,1336152.3609551813,14493.30019772608,4715899.844889984,1756.6702278034977,0.004477515816688482,-0.1403236389160174,-0.03039717674255371,-0.0075836628675460815,-0.012933045625686646,-0.009640038013458196,0.0016708374023438003,-0.0003662109375,0.015625,0.003564625978469904
0157b39c4b434ceba885ddace4f5b9bd,shallow,W3,a3_shallow_W3,4922.9990492911475,2423623.6234642,3079.0102672387015,948044.6813221538,1843.988782052446,1475578.9421420465,15193.428075250622,5178891.435692143,1846.1246434841808,-0.003394991159439087,0.6572377681732178,0.5585360527038574,-0.006376996636390714,0.007630631327629006,0.006142348051071167,0.0022201538085938003,-0.00054931640625,0.0234375,0.010996431112289484
0158a691a8a64bd39527c6f9e750c8ee,shallow,W3,a3_shallow_W3,5093.135174738617,2594036.0231086337,3187.6607388348857,1016135.9417821864,1905.4744359037313,1577900.0813264474,15421.049138239207,5397050.375567581,1909.9256905269817,0.007889181375503485,-0.6607329845428485,-0.5904030799865687,-0.008788108825683594,-0.009769558906555231,-0.004910707473754938,0.000640869140625,0.0,0.001953125,0.0046668350696563166
015c200ce786438c8e35ddf635d1e236,shallow,W3,a3_shallow_W3,4856.973511772008,2359067.514074654,3039.0124479733418,923583.6783588399,1817.9610637986666,1435483.835715814,14475.894997758458,4814905.873996619,1821.3650669145036,0.0005453675985336026,0.5641341209411639,0.5716228485107422,-0.014512196183204623,0.00456948578357691,0.0009138584136962891,0.002166748046875,-0.00152587890625,0.006591796875,0.00880566239356989
015d02aa38e04950825ec5f8dc3d533d,shallow,W3,a3_shallow_W3,4842.96039764369,2345495.9039194766,3028.591943072224,917267.1466879552,1814.3684545714664,1428228.7572315214,14988.56011970337,5032126.322787294,1816.1101491163838,0.004418477416038513,-0.8659565448761004,-0.43462276458740234,-0.0161576718091965,-0.018283814191818182,-0.006764888763427734,0.0029754638671875,-0.00244140625,0.02294921875,0.01011192798614502
015ee6e84a2d49e9b87dca6fdc4d49b4,shallow,W3,a3_shallow_W3,4303.419268346221,1852002.983992077,2690.7054964932713,724015.4612833507,1612.7137718529493,1127987.522708726,13335.565579365937,3980691.836686204,1613.7822256298327,0.0038483440876007913,-0.2646547555923462,-0.2995598316192627,-0.01354432106018072,-0.0032931566238403043,-0.005381256341934204,0.009796142578125,-6.103515625e-05,0.05078125,0.002120763063430786
016576dd30c1464f9115584748950ed2,shallow,W3,a3_shallow_W3,4726.296722857285,2233862.2737529203,2954.9037832743397,873175.3264246386,1771.3929395829455,1360686.9473282816,14669.535903107615,4814307.807001543,1772.3612710714817,0.0015045255422592163,-0.6890183687210083,-0.45583486557006836,-0.008611977100372287,-0.009955078363418524,-0.010062664747238104,0.0051727294921875,-0.00115966796875,0.0302734375,0.005001723766326904
01688042f526490ba8fe14aace17a558,shallow,W3,a3_shallow_W3,4851.234284633189,2353514.4063502923,3034.0129407578993,920552.317669245,1817.2213438752901,1432962.0886810473,14854.581401504152,4973149.279805105,1819.2128567374464,0.007992625236511286,-1.0621094703674299,-0.6001174449920619,-0.002364009618759211,-0.018306195735931452,-0.011023521423339844,0.0028228759765625,0.0009765625,0.025146484375,0.00977790355682373
0169a7e8458246b1b371706f507ec511,shallow,W3,a3_shallow_W3,4616.184800717734,2130977.054892511,2886.136000097802,833003.2073791407,1730.048800619932,1297973.8475133704,14596.408140711226,4720844.996676727,1731.06930026915,0.006420932710170704,-0.8929252624511719,-0.3726851940154994,-0.018400341272354126,-0.011563882231712425,-0.0076150596141815186,0.0037994384765625,-0.00360107421875,0.0419921875,0.0012050867080687921
0170db45fb744c4b91ffdf97a3f75ea3,shallow,W3,a3_shallow_W3,5024.854464004556,2524956.197708875,3142.8002410640465,987737.2800711453,1882.0542229405091,1537218.9176377296,15779.892496982262,5536132.205425273,1884.3204240017087,0.002338498830795288,0.08096456527709961,0.018405914306640625,-0.01359099149703974,0.0024519078433513017,4.947185516412933e-06,0.003143310546875,-0.00079345703125,0.03369140625,0.0013105571269989014
017c41aac5db41f3bfe2f7938a4834d1,shallow,W3,a3_shallow_W3,4944.1141939466015,2444509.5167830894,3091.3677498543707,955689.4644571857,1852.7464440922308,1488820.0523259037,15081.296834830526,5142643.361796596,1854.0428227299758,0.0012550950050354004,0.4624938964843732,0.46467065811157227,-0.01794484257698059,-0.003358066082000677,0.0011437535285949707,0.00238037109375,-0.00115966796875,0.0244140625,0.004369527101516779
017e5dfc6d0d4c12b3f1196d85a16c9b,shallow,W3,a3_shallow_W3,4790.264703741572,2294722.684677662,2995.098619675182,897085.9509655524,1795.1660840663899,1397636.7337121095,15140.539615663245,5080793.387024687,1796.3492639030894,0.0012594014406203946,0.20419657230377197,-0.04187583923339844,-0.007485896348953247,0.003933161497116006,0.001237094402313288,0.0025177001953125,-0.00018310546875,0.04150390625,0.00048172473907476254
018034e069134727b9e6e5627234f42f,shallow,W3,a3_shallow_W3,5048.612460107953,2548912.3782792473,3157.17546864817,996803.029346851,1891.4369914597828,1552109.3489323962,15659.619935483834,5486099.714999095,1893.2296725404826,0.0075064748525619784,-0.8804631233215332,-0.565258264541626,-0.004038035869598389,-0.009437769651412908,-0.007462412118911688,0.0030517578125,0.00128173828125,0.025390625,0.0051763951778411865
018487b190aa472caf198b265a3b4d61,shallow,W3,a3_shallow_W3,4888.238374965945,2389587.5447589485,3056.828055288504,934461.5332834219,1831.4103196774408,1455126.0114755267,15171.777253969985,5149280.919543494,1833.0893906122296,0.004121661186218317,-0.30515432357788264,-0.17559051513671875,-0.0116138756275177,-0.01597234606742859,-0.004985511302947998,0.0013580322265625,-0.0015869140625,0.02001953125,0.003531664609909113
0184e485100e433c9032f2132e99e095,shallow,W3,a3_shallow_W3,5740.50756721662,3295421.4000958763,3589.7533810315417,1288666.1116289522,2150.7541861850787,2006755.288466924,17696.583726995428,7030501.839352298,2152.6903377062326,0.0015255212783812921,0.317497253417967,0.16797304153442028,-0.010268926620483398,-0.0041081905364990234,0.0013115704059600275,0.0050201416015625,0.0013427734375,0.038818359375,0.008628278970718384
018f683e86ea42eb8e98935e890eb9fd,shallow,W3,a3_shallow_W3,4770.129372428622,2275488.7849579933,2983.2515125938544,890011.08736907,1786.877859834768,1385477.6975889234,14709.781900121105,4855892.792982125,1788.7985146607339,0.003756359219551003,-0.17092347145080566,0.0035524368286132812,-0.00946713984012612,-0.009741902351379395,-0.0011053085327148438,0.0014419555664063003,0.0003662109375,0.02001953125,0.004361093044281006
019a31cb0c1646758bc44d47366e32e6,shallow,W3,a3_shallow_W3,5334.154335871888,2845891.8573722234,3345.4393781768026,1119362.2629532663,1988.7149576950856,1726529.5944189571,15535.923625926793,5604549.839017841,2000.307875951958,0.00623708963394165,-0.2691316604614258,-0.2414083480834961,-0.0024954378604888916,-0.02015852928161621,0.0027015209197998047,0.0003662109375,0.00103759765625,0.010986328125,0.0006630420684815008
019c097c504c4e1dbefcd1079619b8cf,shallow,W3,a3_shallow_W3,5064.089988763582,2564572.0175159546,3168.312234538888,1003853.6407387189,1895.7777542246945,1560718.3767772357,15342.82067975065,5344522.938474905,1899.0337457863438,-0.003894910216331482,0.5929404497146624,0.593684911727907,-0.02893057465553278,0.00752413272857666,0.014242589473724365,0.00091552734375,-0.00128173828125,0.003662109375,0.00962817668914795
019cdc2fe9da4327aa8d617401d8189b,shallow,W3,a3_shallow_W3,4868.49700552291,2370317.4870026163,3043.7898731275754,926501.2953704562,1824.7071323953342,1443816.19163216,15313.388958532974,5210292.309553629,1825.6863770710916,-0.00012961030006408691,0.20115792751312256,0.17675161361694336,-0.01801338791847229,-0.003984808921813909,0.0007107257843017023,0.0017623901367186997,-0.0009765625,0.0234375,0.003843367099761963
01a4a9aa5dfc4436891849a88f2e99e7,shallow,W3,a3_shallow_W3,5025.401553295069,2525534.5701421825,3143.8138415916183,988387.8559986807,1881.5877117034506,1537146.7141435018,14809.530735035658,5092972.030259802,1884.525582485651,0.008419737219810403,-0.8098840713501012,-0.6616497039794922,0.0026429891586304266,-0.0047986507415771484,-0.008252203464508057,0.0011520385742188003,-0.00115966796875,0.0107421875,0.007406160235404996
01a76c394cc640f6ad469199166ece29,shallow,W3,a3_shallow_W3,5120.57804143168,2622138.105539134,3203.2455645142945,1026124.4113423267,1917.332476917385,1596013.6941968072,15750.179425472543,5570064.3446378,1920.21676553688,-0.0025014281272887906,0.5799925327301025,0.582435131072998,-0.017989456653594915,-0.003810912370681818,0.004509985446929876,0.00042724609375,0.001220703125,0.01220703125,0.0036331713199614923
01b853942c324f83a89d27e97796200c,shallow,W3,a3_shallow_W3,5282.861324831197,2790925.0335635934,3304.613120860257,1092075.0533702553,1978.2482039709398,1698849.9801933381,16124.269170608903,5877667.683907422,1981.072996811699,0.0050351023674011786,-0.15833258628845215,-0.14898419380187988,-0.00599592924118042,-0.0056236982345581055,-0.0005874931812285822,0.0012741088867188003,-0.00152587890625,0.010986328125,0.00520694255828863
01c7a9010fa6463897e5919443c72886,shallow,W3,a3_shallow_W3,4916.212209252791,2416976.7005015565,3075.0439695628547,945618.0652460995,1841.168239689936,1471358.635255457,15203.159334898239,5172998.985201858,1843.5795784697966,-0.0009602904319762906,0.596267580986023,0.5388379096984863,-0.011333599686622592,0.0125545263290405,0.008578360080718994,0.0032958984375,-0.00103759765625,0.022216796875,0.013544812798500117
01c80c7c0e954db9a53a11fabc2053eb,shallow,W3,a3_shallow_W3,4858.907784984635,2360993.7273439616,3037.967289556912,922963.0557939197,1820.9404954277234,1438030.671550042,15260.347926327477,5173959.850648674,1822.0904193692386,-0.0023365914821625033,0.4929327964782715,0.25116920471191406,-0.02254755795001992,0.0030452460050582886,0.0021645724773406982,0.002593994140625,-0.0006103515625,0.026611328125,0.0027702748775482178
01d0e94dc746416484c9157bbe320203,shallow,W3,a3_shallow_W3,4864.981601903029,2366820.87236625,3043.8820679338396,926530.0484897161,1821.099533969189,1440290.823876534,14214.436241406582,4715266.281759165,1824.368100713636,0.0027158111333847046,0.26241302490234375,0.2592539787292445,-0.008064091205596924,-0.0011549592018126886,-0.0006266832351685125,0.0009918212890625,-0.0006103515625,0.005859375,0.006680935621261597
01d1c15787514d14a4538256a88b43a5,shallow,W3,a3_shallow_W3,4669.7895135223225,2180739.989532991,2919.3431102849077,852274.8185579071,1750.4464032374149,1328465.1709750837,14385.55990845229,4651834.351928486,1751.1710675708712,0.008455917239189203,-1.2105000019073469,-0.6283760070800781,-0.006965473294258118,-0.012607723474502619,-0.011029183864593506,0.0035400390625,-0.001708984375,0.03271484375,0.007875055074691717
01d2ae479ed74c7188c270dea892cf67,shallow,W3,a3_shallow_W3,5042.8735386111675,2543143.0525766397,3153.984633363858,994798.59459836,1888.8889052473096,1548344.4579782798,15700.261592268367,5507242.76786792,1891.0775769791883,0.0014785677194594782,0.5314439535140991,0.5303764343261719,-0.012785851955413818,0.002842932939529419,0.008364379405975286,0.0008163452148436997,0.0001220703125,0.013671875,0.0031126439571380615
01d9dd3aa5dc46c3a44bfd40d5898c0e,shallow,W3,a3_shallow_W3,4794.122103888377,2298407.5273834323,2998.575007950493,899166.5107561441,1795.547095937884,1399241.0166272882,14723.005698168354,4874768.248553756,1797.7957889581419,0.0018770992755889893,0.625491738319397,0.5886280536651611,-0.012129455804824801,-0.0027397572994232178,0.00039964914321893863,0.0014801025390625,0.0009765625,0.018798828125,0.003092110157012884
01eac793c4ec40c5aa6bbd09b45fc26a,shallow,W3,a3_shallow_W3,5062.294654249757,2562775.413284754,3167.7717401924265,1003521.713877959,1894.5229140573301,1559253.699406795,15243.171629616229,5301167.610750786,1898.360495343659,0.005744963884353582,-0.41392087936401367,-0.34418344497680664,-0.0017349720001221258,-0.0011805891990661621,-0.0016219615936279297,0.0004615783691406996,-0.00042724609375,0.002197265625,0.0047956109046936035
01f0c1dd487e43f795830fe6008142e4,shallow,W3,a3_shallow_W3,5627.940993426966,3167487.790419021,3518.47662310753,1238013.6428112353,2109.464370319436,1929474.1476077859,17168.81921440123,6662944.09294076,2110.4778725351125,0.006959050893783514,-0.39681553840637385,-0.10280370712280273,-0.013180479407310514,-0.011438131332397516,0.00022733211517333984,0.0026473999023438003,0.000732421875,0.032470703125,0.007440775632858221
01f1cc659cb847a4a7366b84844641c2,shallow,W3,a3_shallow_W3,5832.8093549441455,3402379.476700293,3646.146763832219,1329519.1086039732,2186.6625911119263,2072860.3680963197,18382.34694710194,7503844.326634187,2187.3035081040543,-0.0007535815238952082,0.2669864892959595,0.19981503486633123,-0.011442571878433172,0.0024713128805161078,0.0,0.0043792724609375,-0.00115966796875,0.0283203125,0.004146665334701594
01f3115282994da9b32967eb2075d4aa,shallow,W3,a3_shallow_W3,5120.582223145334,2622070.1799862394,3209.310040420221,1029975.7640547713,1911.272182725113,1592094.4159314681,14756.213420767808,5128034.032042474,1920.218333679501,0.0069608986377716064,-0.8421003818511963,-0.802001953125,0.0006670355796813965,-0.022880792617797907,-0.0030164718627929688,0.0013656616210936997,-6.103515625e-05,0.017578125,0.0072635710239410956
01f376bb2b5a4860a53914dbf66d4ac0,shallow,W3,a3_shallow_W3,4700.123680930929,2209231.824659988,2938.808396310914,863706.9489815952,1761.3152846200155,1345524.8756783926,14672.005773846144,4801608.308182827,1762.5463803490986,0.0003248155117034912,0.4330676794052124,0.34969091415405273,-0.011309742927551325,-0.000352710485458374,0.002253979444503784,0.00244140625,-0.0010986328125,0.018310546875,0.006066113710403387
01f3fb1336a444309e9959d359c8b4ab,shallow,W3,a3_shallow_W3,5103.433507224595,2604510.720499969,3195.047637159636,1020835.5750054733,1908.385870064959,1583675.1454944958,14979.018640030867,5202858.232498383,1913.787565209223,-0.0021196305751801092,0.552373528480528,0.5329620838165265,-0.010082393884658813,0.006640374660491999,0.011004030704498291,0.0001907348632813003,-0.0010986328125,-0.001708984375,0.004953205585479681
01f64ccc5e5049e29c3e8be0aaf31bd5,shallow,W3,a3_shallow_W3,5249.633848669603,2755957.025212206,3281.888826039136,1077115.6534209955,1967.7450226304672,1678841.3717912105,16435.90073643497,6020681.903786377,1968.6126932511015,-0.0021067261695862094,0.4687601327896118,0.2151334285736084,-0.013372093439102173,0.01655168831348411,0.0073261559009552,0.0058441162109375,-0.003143310546875,0.0341796875,0.006617307662963812
01f6b5adc5c44c17b159d7dc2f7f6dd6,shallow,W3,a3_shallow_W3,4935.324258710168,2435802.9003309966,3085.32761969499,951948.2264695473,1849.9966390151776,1483854.6738614494,15258.615643680196,5216220.537038972,1850.7465970163128,0.0025180727243422907,-0.16447186470031738,-0.0937271118164098,-0.013776242733001681,0.000891119241714422,-0.0030684471130371094,0.0025482177734375,-0.0042724609375,0.021728515625,0.0037238895893096924
01f74014d40f436e91fbf60e7f688057,shallow,W3,a3_shallow_W3,4719.8230170037195,2227746.3070671153,2951.670510800387,871267.1974825094,1768.1525062033325,1356479.1095846058,14453.830556390134,4710858.751430222,1769.933631376395,0.007619187235832187,-0.9830844402313215,-0.6435656547546387,0.0002803653478622159,-0.015411525964736938,-0.008384287357330322,0.0024337768554688003,0.0008544921875,0.02099609375,0.00539436936378479
01fb4fff624544a88317709570572e0f,shallow,W3,a3_shallow_W3,4851.501480625499,2353734.1704398473,3035.80574977811,921625.1194210638,1815.6957308473893,1432109.0510187834,14213.93538335499,4696083.245391138,1819.3130552345629,0.002517074346542386,0.3735542297363281,0.39479255676269887,-0.007293820381164495,-0.003860950469970703,0.005464375019073486,0.0010147094726561997,-0.0003662109375,0.0068359375,0.007580697536468506
01fbee27f8f74a1eaf7e613de5cb78ee,shallow,W3,a3_shallow_W3,4817.788585531758,2321183.9762116564,3011.8494657343667,907152.9233846124,1805.9391197973914,1414031.052827044,14842.113747949945,4948539.600112736,1806.6707195744093,0.001349523663520813,-0.023200511932374823,0.036592483520511365,-0.002173870801925687,-0.0007551014423370916,-0.0025906562805175226,0.0051422119140625,-0.00140380859375,0.021728515625,0.010442107915878296
01ffee46c0644a17a8ac9f9f3bf7ef4d,shallow,W3,a3_shallow_W3,4882.859257073715,2384287.0158843435,3053.1735044420816,932209.4027923313,1829.685752631633,1452077.6130920122,15158.359472838461,5136596.376162684,1831.072221402643,0.0029279291629790982,-0.08188128471374334,0.1076889038085902,-0.010623037815093994,0.0004394054412841797,0.0031116604804992676,0.0016441345214844002,0.00152587890625,0.014892578125,0.013894319534301813
0200b7f6eb574385ace14b2d03502ec2,shallow,W3,a3_shallow_W3,4345.964425531782,1888793.160030719,2717.819546791233,738677.5353116479,1628.1448787405488,1150115.624719071,13490.067495400088,4074174.5938690794,1629.7366595744184,0.004796989262104007,-0.8030581474304199,-0.47099232673644664,-0.01284089684486392,-0.0023871064186095914,-0.003427177667617798,0.006256103515625,0.00018310546875,0.0498046875,0.001646637916564886
02010e17a28845cc921858cc24ece163,shallow,W3,a3_shallow_W3,3679.8765089399258,1354191.0084252735,2300.572971635207,529280.7844378107,1379.3035373047187,824910.2239874628,11516.434135933352,2955054.361444881,1379.9536908524724,0.008756421506404904,0.16058921813964844,-0.26462554931640625,0.0010754168033599854,0.023017197847366416,-0.023450851440429688,0.0211639404296875,0.001953125,0.05029296875,0.0014342963695526678
02097b72cb764df79f0188df985014a5,shallow,W3,a3_shallow_W3,4872.4278970677315,2374122.4952835226,3048.145616317703,929150.3154330244,1824.2822807500283,1444972.1798504982,14598.822052296444,4878546.458576069,1827.1604614003995,0.00306834280490878,0.11645436286926092,0.11914968490600586,-0.017327159643173273,-0.01696255803108221,-0.012659460306167658,0.0010147094726563003,-6.103515625e-05,0.01806640625,0.006762474775314331
020bc99c57c04bf6abfc9fe91a6a1215,shallow,W3,a3_shallow_W3,5007.422103600899,2507463.87573386,3133.145693647054,981678.0559118984,1874.2764099538454,1525785.8198219615,15528.195228045946,5391504.431303988,1877.7832888503376,-0.0015412718057633001,0.5089795589447021,0.4913508892059326,-0.015969336032867376,0.0012867003679276068,0.004608511924743708,0.0017852783203125,0.0,0.016357421875,0.0041735768318175714
0214176d73af485287532957baf9888b,shallow,W3,a3_shallow_W3,4789.953554014942,2294410.381393714,2995.5581742912314,897355.4770154327,1794.3953797237104,1397054.9043782812,15012.260141140552,5007781.410011286,1796.2325827556035,0.0008301585912703913,0.38911759853363037,0.38282394409179865,-0.010798126459121704,0.0031219720840453824,0.004808604717254694,0.0012741088867188003,0.0006103515625,0.018310546875,0.003358155488967951
021504573eab4f8995e46ac306744e04,shallow,W3,a3_shallow_W3,5017.291293536715,2517396.4965135525,3137.527828035174,984439.2391917114,1879.7634655015408,1532957.257321841,15217.501860327831,5261425.431133465,1881.4842350762683,0.010780006647109985,-0.888829231262207,-0.7763016223907471,-0.0005593001842498779,-0.011335194110870361,-0.00806427001953125,0.0021514892578125,-0.00079345703125,0.017578125,0.005591243505477961
0219f955d31b4907b5eeb6a345a47eb2,shallow,W3,a3_shallow_W3,4504.863816804046,2029450.5358833645,2816.50716424465,793299.5755478502,1688.356652559396,1236150.9603355143,14241.505107000012,4493143.632372412,1689.3239313015174,0.0017139762639999112,0.21076917648315607,0.1482677459716797,-0.018252789974212646,-0.004300951957702581,-0.0018602311611176092,0.0024642944335938003,-0.001953125,0.028076171875,0.004679977893829401
021a5902e34c4742a828335c86bfe4cd,shallow,W3,a3_shallow_W3,4461.66177312452,1990690.2865673997,2789.296153167078,778036.3979183916,1672.3656199574416,1212653.8886490082,14047.78720394892,4378052.070774759,1673.1231649216948,-0.002293199300765991,0.2844458818435669,0.006592273712158203,-0.02324211597442627,0.005136176943778992,0.0005443692207336426,0.00689697265625,-0.00347900390625,0.0322265625,0.006208658218383789
0222f2054a72477a9af17694d4ab1a9e,shallow,W3,a3_shallow_W3,4509.146393543981,2033275.8722963254,2821.3294292834335,796007.6276414745,1687.8169642605471,1237268.244654851,13510.513206008165,4180083.8579187696,1690.929897578993,0.0077950358390808105,-0.16429185867309748,-0.28586745262145996,-0.002958387136459406,-0.00796404480934143,-0.008041352033615112,0.0010528564453125,-0.00164794921875,0.014404296875,0.0018776655197143
0228c654c3b44da99c4b3b75d5f8b1cb,shallow,W3,a3_shallow_W3,5135.3930715208035,2637329.3918549204,3210.6012208205666,1030836.7041277217,1924.7918507002369,1606492.6877271987,16221.5615359506,5833879.585262933,1925.7724018203016,0.00208202004432681,0.2274876832962036,0.15880942344665527,-0.010311305522918701,0.0012810230255126953,0.0006160140037536621,0.00372314453125,-0.00238037109375,0.037109375,0.0016126930713653564
022a46a47f70497badb519b86f7d0dfa,shallow,W3,a3_shallow_W3,5099.239694930914,2600272.4246182577,3195.998424783269,1021457.2093142652,1903.241270147645,1578815.2153039924,14881.862856502486,5138062.767390835,1912.214885599093,0.0019063353538513184,0.3429925441741908,0.33896446228027344,-0.006555825471878107,-0.0037586092948913574,0.002753615379333496,0.0004730224609375,-0.000244140625,0.005859375,0.0036532282829285223
022c1581dcd44145a86c1522d7ab44d3,shallow,W3,a3_shallow_W3,4763.807562291321,2269456.8190756817,2978.7905053203417,887348.81939571,1785.0170569709794,1382107.9996799717,14858.70598649499,4924853.121045175,1786.4278358592462,-0.0007070153951644897,0.4403865337371826,0.35948634147644043,-0.010616421699523926,0.0020168274641037265,0.00363275408744812,0.001800537109375,0.00048828125,0.0146484375,0.0049140155315398615
023d8f2444234e6185ca713309cfeb99,shallow,W3,a3_shallow_W3,4955.306292841617,2455542.4983331272,3101.981801984497,962247.5427091143,1853.3244908571196,1493294.955624013,14832.546646325993,5041788.586859594,1858.2398598156065,0.004155054688453702,0.43264746665954945,0.43448448181152344,0.00165583193302149,-0.0028141438961029053,0.0031091272830963135,0.0012130737304688003,-0.0003662109375,0.006103515625,0.005817830562591608
0247b01389f541e8a22ab2f98e44c953,shallow,W3,a3_shallow_W3,4801.176631235014,2305157.94171015,3003.682956591589,902224.8736446216,1797.4936746434246,1402933.0680655283,14065.28130784654,4610160.219999696,1800.4412367131304,0.0021995306015014926,0.3788793087005615,0.3132236003875768,-0.00956913828849787,0.0023500323295592707,0.0013745427131652832,0.00177001953125,0.0013427734375,0.012451171875,0.005800575017929077
024a0d26f2ab4be8bacf86127e23e6aa,shallow,W3,a3_shallow_W3,5048.875971321257,2549184.1608411195,3157.462936159337,996986.5189327918,1891.4130351619197,1552197.6419083276,15634.169710311606,5476580.83969825,1893.328489245471,-0.002585574984550504,0.42957186698913574,0.3349900245666504,-0.018141806125640897,0.002543628215789795,0.003004014492034912,0.0016326904296875,-0.0032958984375,0.00927734375,0.003087371587753296
024b1ec28a404f46866c62a69d6370d8,shallow,W3,a3_shallow_W3,6071.530620586948,3686402.8986281184,3797.3117781668275,1441981.7449457278,2274.218842420121,2244421.1536823907,19135.245464820062,8115964.129377522,2276.8239827201055,0.0011191964149475098,0.24271726608276367,0.20025968551635742,-0.010872304439544678,0.0028403997421264926,0.0029000937938690186,0.0022430419921875,0.0006103515625,0.0341796875,0.003449052572250366
025784ce00f14da9bcfe44013eb2289c,shallow,W3,a3_shallow_W3,4859.9339932152925,2361969.938684953,3040.2088896045034,924320.6082700068,1819.7251036107891,1437649.3304149462,15100.577900924583,5084200.030469713,1822.4752474557351,-0.0032186359167099,0.301946997642518,0.3441369533538836,-0.011090502142906189,0.0024004653096199036,0.005905210971832275,0.00213623046875,-0.0015869140625,0.01513671875,0.014784634113311712
025828c4084440649cde38135a9d8a2e,shallow,W3,a3_shallow_W3,4929.055158653675,2429651.150792582,3082.3382079314183,950119.2620989212,1846.7169507222566,1479531.8886936607,15545.320274210939,5369832.548967729,1848.3956844951283,0.001082256436348017,0.058821439743040216,0.12661695480346324,-0.019547820091247503,-0.0025727450847625732,0.0018509328365325928,0.0014877319335936997,-0.00189208984375,0.015869140625,0.004970669746398926
025c1e16f9634c71be21574417c1b8a7,shallow,W3,a3_shallow_W3,4906.673033614601,2407606.032077077,3069.268292084901,942067.4923323799,1837.4047415297,1465538.539744697,14807.790536544633,4988850.955035274,1840.0023876054754,0.00126528739929202,0.3994739055633545,0.3930938243865967,-0.02108053863048559,0.004513755440712003,0.00419363379478449,0.0009384155273436997,0.0003662109375,0.01220703125,0.0020902156829833984
025cf7f3f4524bf7b69a822007bcdf3a,shallow,W3,a3_shallow_W3,5461.1845107073605,2982528.647894073,3416.204268206518,1167078.8295355933,2044.9802425008425,1815449.8183584795,16563.249013435714,6228853.543215211,2047.9441915152609,0.002222985029220609,-0.6068897247314453,-0.5462288856506348,-0.01227065920829773,-0.008602052927017267,-0.007826864719390814,0.0012741088867186997,0.0006103515625,0.008056640625,0.005657941102981512
026dd4fca8a347e799ff5bfd78df68bb,shallow,W3,a3_shallow_W3,5139.293595228552,2641374.383107716,3213.7353715784548,1032866.1680185782,1925.5582236500968,1608508.2150891381,15242.780756837683,5362399.496263116,1927.235098210707,0.004893615841865623,0.10491490364074885,0.07215738296508789,-0.0031778216361998957,0.003197610378265381,0.006422221660614014,0.0005111694335936997,0.0008544921875,0.0078125,0.001631021499633789
0278450d1e324c33904e160e115f6fbd,shallow,W3,a3_shallow_W3,4770.279684738963,2275616.378972298,2982.791381275581,889728.8271380501,1787.4883034633817,1385887.551834248,14358.95686469621,4698581.799977791,1788.8548817771111,0.004560604691505404,-0.5198276042938232,-0.37395477294921164,-0.013472750782966614,-0.016785651445388794,-0.005958676338195801,0.00152587890625,0.001953125,0.020263671875,0.0035381317138671875
0281cce51dcb43988b3d3760c0fb335e,shallow,W3,a3_shallow_W3,4808.883400801445,2312583.501658528,3007.787604472946,904699.3200672206,1801.0957963284986,1407884.1815913075,14875.039504300034,4954405.806985913,1803.331275300542,0.0030725598335265836,0.14124631881713867,0.19155383110046387,-0.004536747932434082,-0.0099878311157226,-0.006590664386749268,0.0015945434570311997,0.00067138671875,0.026123046875,0.008881658315658597
02871968fcbd46dc9f5059ec1fc7d13b,shallow,W3,a3_shallow_W3,5144.701213118642,2646868.2873776383,3215.781395992961,1034153.0016900896,1928.9198171256812,1612715.2856875486,15979.568020427867,5718764.193838842,1929.2629549194914,0.004100084304809598,-0.9762859344482422,-0.648713111877445,-0.006236940622329795,-0.02208778262138361,-0.015517473220825195,0.0040740966796875,-0.003936767578125,0.03173828125,0.005510985851287786
0288b5d8dfda43b9938f0dcf1ac86da2,shallow,W3,a3_shallow_W3,4491.168807228554,2017100.8535981239,2808.084699707332,788551.4991372466,1683.084107521222,1228549.3544608774,13919.537896273368,4337248.891406951,1684.1883027107078,0.00015810877084740382,0.19254207611083984,0.010757446289069605,-0.017631947994232205,-0.0041837990283966064,-0.0019944310188293457,0.0027618408203125,-0.0032958984375,0.02099609375,0.007387399673461914
028f74fc5b384764826acb595846b9d8,shallow,W3,a3_shallow_W3,5348.71962104608,2860972.332508781,3343.911974395408,1118211.328221535,2004.8076466506718,1742761.004287246,16793.56259052657,6266200.8535834225,2005.7698578922802,0.003171801567077581,-0.329439640045166,-0.15666842460632324,-0.015415832400322016,-0.0051963031291962225,-0.004564493894576971,0.0041351318359375,-0.0028076171875,0.0263671875,0.009893238544464111
0290737f64b14b08b87faa644580f3a9,shallow,W3,a3_shallow_W3,5947.269975289839,3537085.3029707707,3719.3039116202635,1383358.1587842829,2227.9660636695753,2153727.144186488,18717.267087899192,7771683.033165729,2230.22624073369,0.0014990717172622126,0.2190315723419154,0.048444271087646484,-0.012989044189453125,0.0030579268932343084,0.003343433141708374,0.0024566650390625,0.0008544921875,0.029296875,0.008029207587242099
029bf16fe8e2495bbadd991b7358559a,shallow,W3,a3_shallow_W3,4817.138515435684,2320560.9748925003,3011.9228065933976,907200.357630059,1805.2157088422864,1413360.6172624412,14622.830610665495,4861468.029385295,1806.4269432883818,0.006206296384334592,-0.8989238739013672,-0.6290507316589355,-0.010856717824935885,-0.011985599994659424,-0.005186915397644043,0.0019607543945311997,-0.00146484375,0.023193359375,0.004777282476425226
029d4dcccd66451c847a4dc5da36b5e6,shallow,W3,a3_shallow_W3,5169.92905595727,2672879.624890633,3233.213316011672,1045394.5144456988,1936.7157399455982,1627485.110444934,16216.085509772001,5851549.217154987,1938.7233959839762,0.0019602626562118808,0.1342862844467163,0.07813811302185059,-0.01277172565460205,-0.005262434482574518,-0.00011342763900756836,0.0021286010742188003,0.001708984375,0.029296875,0.002106547355651911
029e028b4a6842c29183b6a30bb2f04e,shallow,W3,a3_shallow_W3,4820.734924770752,2324015.579847664,3014.6279096237977,908827.0435323737,1806.107015146954,1415188.5363152903,14993.066565332922,5014315.790792993,1807.7755967890319,0.0005288124084472934,0.4370737075805664,0.2738702297210729,-0.009454607963562012,0.001432865858078003,0.0017448961734772284,0.005096435546875,-0.00262451171875,0.01416015625,0.013660073280334473
00001ec0d78549e1b8c2083a06105c29,shallow,W4,a3_shallow_W4,5141.638144412189,2644500.3548264797,3232.547012471887,1045062.542742927,1909.0911319403021,1599437.8120835526,15588.621078756925,5531245.827848914,1928.1143041545713,0.0078597962856293,-0.7976770401000959,-0.5483198165893555,-0.022359594702720698,-0.011217236518859863,-0.010840952396392822,0.0019645690917968993,0.000244140625,0.016845703125,0.00500217080116272
0005d5eb0eb847648bf2e76f6931ed48,shallow,W4,a3_shallow_W4,4919.136851300001,2420159.2036218313,3084.480257672446,951475.2837397868,1834.6565936275547,1468683.9198820444,15333.401766457804,5251665.672573392,1844.6763192375006,-0.002409487962722806,0.18961369991302313,0.12007713317871094,-0.0248620957136155,0.004599362611770685,-0.003163516521453802,0.0041961669921875,-0.0029754638671875,0.01171875,0.00865206122398382
0005df571e71437991594d0affec9c2b,shallow,W4,a3_shallow_W4,5170.241005307009,2673312.2355126096,3238.5097858099207,1048832.1363820531,1931.7312194970882,1624480.0991305565,16233.951007056432,5860945.721687727,1938.8403769901283,-0.0014978349208830954,0.27017474174499334,0.19399642944335938,-0.026808053255081177,0.002874210476875305,0.002290487289428711,0.0040283203125,-0.00115966796875,0.0322265625,0.004633873701095581
000c895f9ef6491894ac588634f3d2b5,shallow,W4,a3_shallow_W4,4496.85486417014,2028140.7864379943,2842.5763461488186,809446.0120962126,1654.2785180213214,1218694.7743417816,13588.412194945178,4273496.775954221,1686.3205740638032,0.005882456898689298,-0.3025627136230469,-0.21021604537964222,0.0010257512331008078,-0.0005062222480773926,0.0024806857109069824,0.0007514953613280998,-0.0009765625,0.008056640625,0.007351934909820501
000d1c5d169f4fda93a32f2eaeac80d8,shallow,W4,a3_shallow_W4,4873.667146258695,2375558.5882872804,3055.2614641196615,933529.3306405754,1818.4056821390332,1442029.257646705,15236.059534833514,5175805.714552098,1827.6251798470107,0.0054035931825638095,-0.4151725769042969,-0.10289669036865234,-0.010220229625701904,-0.0011939108371735174,0.0014292597770690918,0.0006141662597656007,-0.0003662109375,0.00634765625,0.006772518157959012
00133744383047b888486d10548eb32d,shallow,W4,a3_shallow_W4,5004.532313805634,2505186.5548309707,3141.6429728183743,987117.5528200516,1862.8893409872594,1518069.0020109192,15214.320584863633,5266970.929254116,1876.6996176771129,0.0018614828586578092,0.011920928955079901,0.005061626434329725,-0.005608886480331421,-2.4437904357910156e-05,-0.0013819634914398193,0.00030517578125,-0.00042724609375,0.00146484375,0.002636194229126032
0013d88f17a245b0bff5ebe713bd72ab,shallow,W4,a3_shallow_W4,4628.150235556426,2142628.860246468,2909.9150727597166,846865.6876001463,1718.2351627967096,1295763.1726463216,14463.100679532125,4660645.82232592,1735.55633833366,-0.002548426389694214,0.3470957279205322,0.36021947860717773,-0.0173949152231217,-0.00016720592975622006,0.004047870635986328,0.0027847290039063003,-0.0009765625,0.011474609375,0.010073691606521606
0015eb3cf53b4339b2d0532cf912ab26,shallow,W4,a3_shallow_W4,4888.949076661936,2390252.3344424553,3061.435682887702,937251.5158602442,1827.5133937742335,1453000.8185822112,15326.575473396153,5230784.59030533,1833.355903748226,0.0012306571006774902,0.44791221618652344,0.37990570068359375,-0.027261763811111506,0.002707228064536993,0.0028977990150451105,0.0035858154296875,0.00018310546875,0.028564453125,0.006246179342269953
001e6d1b655542b48dbe00f3a3ccc616,shallow,W4,a3_shallow_W4,5016.488186203407,2520441.692238711,3153.624464639971,995661.0053191872,1862.8637215634362,1524780.6869195236,15093.123257087975,5241986.191168988,1881.1830698262781,0.005244851112365806,-0.15355706214904608,-0.13104677200317383,-0.0028690695762634277,-0.0010262131690979004,0.00013583898544311523,0.00023651123046870056,0.0003662109375,0.0032958984375,0.0022616684436798096
001f17841a2642e4a9fa2f9b1687aa1e,shallow,W4,a3_shallow_W4,4678.184554889994,2188954.245649289,2936.4576259808737,862348.0534779903,1741.72692890912,1326606.1921712984,14604.641813398903,4755808.541225654,1754.3192080837475,0.004874706268310602,0.24051964282989324,0.2555263042449951,-0.019820347428321894,0.0013217329978942871,-0.002467930316925049,0.0023269653320311997,-0.0015869140625,0.012939453125,0.011925905942916926
0029e901155f414696aa6b470cbe40d4,shallow,W4,a3_shallow_W4,4795.58111225077,2300469.4086074466,3012.165392954413,907462.1588861643,1783.415719296357,1393007.2497212822,14951.62308325426,4990198.011172011,1798.342917094039,-0.0008162111043929776,0.31035661697387695,0.2725231647491455,-0.0228259414434433,0.003539383411407415,0.0031491518020629883,0.0024642944335938003,-0.00201416015625,0.01123046875,0.009821504354476984
00317d7cb89c4f84b28090ec8eeb361a,shallow,W4,a3_shallow_W4,5146.608153625797,2649280.413146051,3225.644789399148,1040591.3341007495,1920.963364226649,1608689.0790453018,15693.938828216242,5585759.678483355,1929.9780576096741,0.0019198060035706122,-0.11160612106323242,0.004820823669433594,-0.015189155936241205,-0.010268449783325195,-0.001057267189025879,0.00036239624023440015,0.001220703125,0.013916015625,0.001945674419403104
003245510e8f4bcb98f1794348606f68,shallow,W4,a3_shallow_W4,4984.271015562907,2484560.7454768643,3124.960072096009,976588.0589054952,1859.3109434668986,1507972.686571369,15534.009384219951,5383542.090798353,1869.1016308360906,0.0016091614961624978,0.2858197689056414,0.330355167388916,-0.016143575310707092,0.0010036528110503595,0.004270732402801458,0.0007667541503905998,0.00048828125,0.002685546875,0.004190266132354792
004459ae7559418fad89ddb73e140b56,shallow,W4,a3_shallow_W4,4656.293879149516,2168235.4339759676,2915.5739048466244,850083.4807182458,1740.7199743028918,1318151.9532577218,14663.357022235787,4768832.944600995,1746.1102046810688,-0.0034819096326828003,0.6276178359985352,0.3051030635833776,-0.029695197939872797,0.009928107261657715,0.003597617149353083,0.00335693359375,-0.004150390625,0.02294921875,0.005299896001815796
0047b3f31cc844d2bfe8e59820b87312,shallow,W4,a3_shallow_W4,4912.704293186116,2413688.9672613936,3079.864158860818,948596.8054319941,1832.840134325298,1465092.1618293994,15374.06207724541,5265297.264473819,1842.2641099447935,-0.0002432018518447876,0.3557717800140381,0.3149724006652832,-0.019712239503860418,-0.0026487112045288086,-0.0035280883312225897,0.002349853515625,0.000244140625,0.0126953125,0.009768098592758179
0048e8224b174b759771e39ff521ee2e,shallow,W4,a3_shallow_W4,5067.570957419005,2568515.4612864023,3178.1849908451322,1010188.1764641487,1889.3859665738728,1558327.2848222535,15357.43284371529,5377197.953618677,1900.339109032127,-0.0016812086105346125,0.42270421981811523,0.39945125579833984,-0.015505313873291016,0.011510252952575684,0.004070937633514404,0.0005722045898437006,0.000152587890625,-0.0048828125,0.003212004899978693
004a33ffd2654583822bdd2eed1241ba,shallow,W4,a3_shallow_W4,4691.080570511603,2201006.1849115286,2943.432506604472,866446.5254335119,1747.6480639071306,1334559.6594780167,14538.092413424445,4739118.470281413,1759.1552139418518,0.00041020661592480745,-0.23138642311096191,-0.07067441940307972,-0.01896125078201291,-0.008733421564102173,-0.008647799491882324,0.0037384033203125,0.0010986328125,0.01953125,0.006728500127792358
0050d3fb84444ea1b9079a1575887aa1,shallow,W4,a3_shallow_W4,4414.073504040443,1948455.4639388465,2764.0746623130335,764020.4971858782,1649.9988417274099,1184434.9667529683,13875.713356625065,4280387.8240986485,1655.277564015166,0.003052935004234286,-0.14223337173461914,-0.025577545166015625,-0.02852499485015869,-0.007779508829116877,-0.0013521015644072931,0.0028762817382813003,-0.00140380859375,0.033935546875,0.001968711614608709
00519a09c83e410f9734b3cfe8bcb604,shallow,W4,a3_shallow_W4,4886.499158688522,2388086.2474276116,3065.425384063313,939732.7094528656,1821.073774625209,1448353.537974746,15234.058516681242,5182343.336906771,1832.437184508196,-0.0015540271997451782,0.32729387283325195,0.19150614738464355,-0.015030473470687922,0.004436001181602506,0.0019082129001617432,0.0040740966796875,-0.00128173828125,0.03466796875,0.005979686975479126
0053d2ac9bc14142bffaa42593c00a8a,shallow,W4,a3_shallow_W4,4834.402514020554,2340405.8386806934,3043.55966582346,927108.5169815519,1790.842848197094,1413297.3216991415,14701.573315904272,4953175.10409185,1812.900942757708,0.0010223090648651123,-0.03429293632507324,0.03690481185913441,-0.006373628973960793,-0.010744422674179133,-0.0011159181594848633,0.000152587890625,-0.0010986328125,0.006591796875,0.0018911957740783136
005c0d7ccf7749f99a4cc8e88bda073d,shallow,W4,a3_shallow_W4,4997.625157806679,2498962.0247858935,3138.830802880036,985516.8188974023,1858.7943549266433,1513445.2058884911,15204.452913441597,5255359.6054097535,1874.1094341775051,-0.0020020902156829834,0.28788506984710693,0.28809666633605957,-0.008345901966094915,0.002761691808700506,0.0026426613330841064,4.57763671875e-05,0.0,-0.0009765625,0.003881454467773382
005ee892a99b4ae8a26bb1c8123fdd80,shallow,W4,a3_shallow_W4,4043.369415712885,1634900.8411398544,2531.1141843967775,640655.7708111432,1512.2552313161073,994245.0703287112,12736.798079495,3602699.7421203004,1516.2635308923318,0.003613784909248404,-0.5610883235931379,-0.31690120697021484,-0.0275593101978302,-0.009232163429260282,-0.017854034900665283,0.0039901733398438,-0.000457763671875,0.06494140625,-8.100271224975586e-05
006ce7ce9e1b45558fe805882a705991,shallow,W4,a3_shallow_W4,4935.830006681559,2439843.954769479,3106.4071563759803,965912.7108472708,1829.4228503055788,1473931.2439222084,15025.519127283118,5155064.750977966,1850.936252505585,-0.0011766552925109308,0.3539800643920934,0.36242485046386363,-0.017797470092773438,-0.0036228001117706854,0.003961801528930664,0.0002212524414063003,-0.00048828125,0.003173828125,0.005659759044647272
006d40ce26e64b4c930124ddae278c05,shallow,W4,a3_shallow_W4,4465.167628964206,1994052.9016033127,2804.1299528901786,786348.8419753913,1661.0376760740278,1207704.0596279213,13746.453622912573,4255228.003952563,1674.4378608615777,0.004323691129684504,-0.015583038330079901,-0.11271953582763672,-0.018554270267486572,-0.006738007068634033,-0.010649323463439997,0.0040130615234375,0.00140380859375,0.02978515625,0.004272967576980591
00713006ea594a598ad966c5b36c7922,shallow,W4,a3_shallow_W4,4759.646130291994,2265482.6148152966,2979.8801813871473,887978.4101899073,1779.765948904847,1377504.2046253893,14902.849111612173,4949033.255856277,1784.867298859498,-0.001717828214168507,0.47018527984618963,0.36264181137085316,-0.03273168206214899,0.003442138433456421,0.0025404095649719793,0.0022735595703125,-0.00341796875,0.008056640625,0.00941601395606989
0078e62e7d774effa973885c78ffbf6a,shallow,W4,a3_shallow_W4,4989.383352118981,2490828.3835460665,3139.80126630686,986084.8184275767,1849.582085812121,1504743.5651184898,14911.106340851476,5136953.781037975,1871.0187570446178,0.0046356469392777044,-0.5300343036651611,-0.39145231246947887,-0.014293596148490906,-0.002653360366821289,-0.009115636348724365,0.000885009765625,6.103515625e-05,0.00146484375,0.004244893789291382
007ced0c381749a394866f5fa71fd303,shallow,W4,a3_shallow_W4,4488.834237981776,2015730.443456532,2823.389915792647,797263.7772593461,1665.4443221891288,1218466.6661971859,13827.695383112825,4304404.478593153,1683.3128392431656,-0.0012841671705245972,0.4530382156372088,0.5178236961364746,-0.021342843770980807,-0.0016094446182250977,0.0071797966957092285,0.001556396484375,0.0008544921875,0.01220703125,0.011290684342384394
00820ef5fe4843cf8beef97281048215,shallow,W4,a3_shallow_W4,4655.201451281215,2167246.9930111,2916.7587703858394,850776.3620601136,1738.4426808953754,1316470.6309509866,14459.973200802384,4676463.078108468,1745.7005442304555,-0.0009632408618927002,0.375400185585022,0.22082209587097168,-0.016288474202156095,0.005985155701637296,0.003575503826141413,0.0034332275390625,-0.0025634765625,0.021484375,0.003844231367111206
008f8f5241b947f29838e2a780e3790a,shallow,W4,a3_shallow_W4,4818.700720283452,2331412.5852546818,3022.9754705288465,917144.4086563744,1795.7252497546056,1414268.1765983072,15077.269445260768,5138177.635186335,1807.0127701062947,0.001965463161468506,0.14549434185028076,0.14412879943847834,-0.002103596925735418,-9.776651859288998e-05,0.0030426383018494207,-0.0002212524414061997,-0.0001220703125,-0.0048828125,0.0032463967800140936
0092c97c01714eb98d6f4b635c5ee9ec,shallow,W4,a3_shallow_W4,4710.936221071048,2222072.639501978,2968.5376710784817,881829.048785059,1742.3985499925661,1340243.5907169192,14187.029832841994,4641846.3581315605,1766.601082901643,0.0048872381448746005,-0.03708720207214533,-0.03569364547729492,-0.002753198146820124,0.00048786401748651675,-0.001733928918838501,0.0007705688476563003,-0.0008544921875,0.005126953125,0.0038016140460968018
00a1a602456f4eb188b522d7ef19e81b,shallow,W4,a3_shallow_W4,5312.223004949691,2822135.109457694,3328.7601739425895,1108096.1002427146,1983.4628310071016,1714039.0092149794,16678.11859195481,6179292.388104381,1992.083626856134,-0.002133369445800809,0.4772460460662842,0.3252995014190674,-0.03397125005722049,0.00501677393913269,0.003398418426513672,0.0025711059570313003,-0.00335693359375,0.0185546875,0.0076398551464080255
00a1d892548542c7ab83565070737d6b,shallow,W4,a3_shallow_W4,4905.464309454857,2406503.079641225,3072.1839881919577,943860.3162900786,1833.2803212628996,1462642.7633511461,15208.003800965256,5171569.480077517,1839.5491160455717,-0.0007595717906951904,0.1821655035018921,0.18052101135254084,-0.024244070053100586,-0.0005855113267899115,0.0,0.0007095336914061997,-0.000732421875,0.00732421875,0.004295587539672796
00a38a2327cd41b885d6ebbb6ac0a91c,shallow,W4,a3_shallow_W4,4602.520231966717,2119692.9800882437,2899.3176960832643,840849.9394585362,1703.2025358834526,1278843.0406297075,14189.778424236512,4537520.663361969,1725.945086987519,0.004791036248207092,0.017298460006713867,0.14252662658691406,-0.018488809466362027,-0.012137025594711304,-0.006159424781799372,0.001922607421875,-0.000244140625,0.011474609375,0.010123759508132879
00a69ec5e0cb4e1b9c6d6285bde5de3e,shallow,W4,a3_shallow_W4,4985.242451613746,2485355.498501616,3120.321952193054,973659.9278673067,1864.920499420692,1511695.5706343092,15532.89500165432,5389386.988338496,1869.465919355155,-0.0005860626697540006,0.35851776599884033,0.22393107414245605,-0.01446662843227392,0.00935962796211251,0.00376898050308222,0.0023040771484375,-0.0006103515625,0.0302734375,0.0031070113182068426
00a776f578304cce8c096fc0034582ef,shallow,W4,a3_shallow_W4,5088.616941253947,2589818.1771121225,3190.3684425830475,1017929.1489336403,1898.2484986708992,1571889.0281784823,15741.375928337866,5559167.921639007,1908.2313529702299,0.0016515851020812988,0.2642005681991577,0.2598285675048828,-0.015330836176872198,0.004598408937454224,0.0017638504505156916,0.0030059814453125,0.0,0.015869140625,0.007236570119857788
00a97894440b42ebbde2435e9430106c,shallow,W4,a3_shallow_W4,5311.844018351771,2821884.861550888,3329.349291100319,1108520.3433773208,1982.4947272514523,1713364.5181735673,16518.72071922779,6101801.355653457,1991.9415068819144,0.0005620419979096014,0.08670926094055176,0.17572402954101562,-0.014826834201812744,0.00037032365798950195,0.0035250186920166016,0.0021743774414063003,-6.103515625e-05,0.01318359375,0.01234593987464902
00a9925ae746466b91ce457c67bef43f,shallow,W4,a3_shallow_W4,4857.758770047352,2361012.5752455266,3054.6047906009576,933299.3485377888,1803.1539794463947,1427713.226707738,14749.45707670403,4961235.1534888055,1821.6595387677567,-0.000852957367897117,0.3623080253601074,0.315768718719486,-0.016826540231704712,-0.0012210309505463202,-0.00040608644485479184,0.0023422241210936997,-0.00048828125,0.005859375,0.007666260004043579
00ae6eda19634ee6b0a4a52789c9ff90,shallow,W4,a3_shallow_W4,5423.205605972592,2941718.6656570863,3402.203272263635,1157600.0729141163,2021.002333708957,1784118.59274297,16409.25243179643,6137032.460826495,2033.702102239722,0.006551310420036288,-0.5731916427612305,-0.4600858688354421,-0.0066693127155303955,-0.001963317394256592,-0.0036093592643737793,0.0013504028320313003,0.00091552734375,0.009033203125,0.005483523011207608
00bc54b70fea4c94bf54bdb4d041522c,shallow,W4,a3_shallow_W4,4855.694963008376,2358146.105763549,3046.2082092215796,928009.6251184247,1809.4867537867967,1430136.4806451243,15001.628516747662,5050133.711273736,1820.885611128141,0.001113593578338623,0.5801284313201869,0.6159806251525914,-0.02428360283374789,-0.00020968914031982422,-0.001080930233001709,0.0009880065917969002,0.00079345703125,0.0045166015625,0.0057449340820311945
00bf94f9be9346d5bf6fcdb88e0f68c3,shallow,W4,a3_shallow_W4,4844.329696693225,2347446.3669656552,3044.1450340079537,926798.5336474847,1800.1846626852712,1420647.8333181706,14775.010750077763,4951780.381843465,1816.623636259959,-0.001661598682403509,0.24147868156433283,0.2642691135406494,-0.020072281360626304,0.0035671740770339966,0.0025691986083984375,0.0016708374023436997,-0.001068115234375,0.005615234375,0.0066489577293396
00c01670fa9545fc82e1fbfb9f70a259,shallow,W4,a3_shallow_W4,4775.135148522943,2281308.441441373,3004.3053826853206,902785.3984184108,1770.8297658376227,1378523.0430229623,14941.393130775192,4974510.428481176,1790.6756806961037,-0.0040401369333268045,0.32924413681030273,0.31789183616638184,-0.01802800595760351,0.0024265348911285956,-0.000713199377059881,0.001678466796875,0.000244140625,0.00634765625,0.007557719945907593
00c1673e7c8e4c2fbc0c9a1084acc067,shallow,W4,a3_shallow_W4,4810.737601021073,2317597.701956449,3018.645883983843,912301.178702605,1792.09171703723,1405296.5232538441,14620.162278384098,4886472.059098267,1804.0266003829024,0.0020750164985656183,0.208520889282223,0.24950742721557972,-0.005801618099212591,0.0018434524536132812,-0.000668942928314209,0.0003662109375,-0.00048828125,0.0045166015625,0.002199798822402954
00c5fc33cf54446093cca570c2ac5db0,shallow,W4,a3_shallow_W4,4926.470184857743,2428205.797785664,3097.324010574454,959557.7554048701,1829.1461742832894,1468648.042380794,14751.94154608715,5003844.806601213,1847.426319321654,0.005524009466171292,-0.569312572479248,-0.45502185821533203,-0.004015266895294217,-0.001078963279724121,-0.003237485885620117,0.00091552734375,0.0003662109375,0.005126953125,0.0038836300373076837
00cc1d02ab5c4e1abcbc080bbdc6bdc4,shallow,W4,a3_shallow_W4,4631.791072699786,2147465.4546802165,2905.8380178626794,845079.2352746399,1725.9530548371067,1302386.2194055766,14293.64858174905,4613266.012392077,1736.9216522624201,0.005262613296508789,0.18423676490783691,0.10687470436096191,-0.006842702627182007,-0.0010524094104766846,-0.002898663282394409,0.000396728515625,0.00030517578125,0.005615234375,0.0030891299247741144
00d319b11c2c41c6b9a36287abf6922e,shallow,W4,a3_shallow_W4,4210.063636449084,1772627.5771317666,2640.062211665032,697023.2041539972,1570.0014247840518,1075604.3729777695,13194.689093038627,3876312.8800147567,1578.7738636684069,0.0033159404993057112,-0.1101219654083252,0.057888031005859375,-0.025033101439476013,-0.006904304027557373,-0.0033724308013916016,0.0018119812011718993,-0.00048828125,0.0179443359375,0.0034817457199096125
00d9bd8bee204fe3a42c320ce24a32fd,shallow,W4,a3_shallow_W4,4948.901598092372,2451549.283886903,3104.917967544867,964824.5833097287,1843.983630547505,1486724.7005771743,15112.677458172175,5188744.7163388645,1855.8380992846392,-0.0006070435047149936,0.27279794216156006,0.271834135055542,-0.00693848729133606,0.002638161182403509,0.011239558458328303,0.0005722045898436997,-0.0008544921875,0.001953125,0.0050281584262848456
00da1beacd7e456f81bcdd0343048166,shallow,W4,a3_shallow_W4,4879.284909630347,2380860.941042566,3054.632589339545,933104.7719016896,1824.652320290802,1447756.1691408767,15060.625329614999,5100101.160146818,1829.7318411113802,0.0024480521678925116,-0.24123430252075018,-0.10421514511108398,-0.009927615523338373,-0.0014248192310333252,-0.0033743977546691895,0.001007080078125,0.0001220703125,0.011474609375,0.0018793344497680664
00db57d6cb5540089860f0de1d2c643d,shallow,W4,a3_shallow_W4,4889.664654824845,2391369.6768210223,3066.7121674406035,940568.9741315742,1822.952487384241,1450800.7026894481,15007.34383831221,5083304.192647917,1833.624245559317,0.0021664351224899847,0.10850310325622559,0.15581130981445668,-0.02611175179481509,0.004261195659637451,-0.00397568941116333,0.00048446655273440015,0.0,0.001220703125,0.004656851291656494
00ddbd37e24c43569cb77919361bfaa9,shallow,W4,a3_shallow_W4,4245.788776592204,1802841.6469179178,2661.293410880176,708285.838308427,1584.4953657120282,1094555.8086094907,13376.144643746044,3972805.938144212,1592.1707912220768,-0.00011985003948208894,0.7047724723815918,0.3699016571044922,-0.024672955274581854,0.007233500480651911,0.0010023117065429688,0.002410888671875,-0.0042724609375,0.0146484375,0.007496178150177002
00e99d9188c64441b8ae7a3f73f37164,shallow,W4,a3_shallow_W4,4959.964796372017,2460267.5676802024,3105.1754031057208,964245.3997412403,1854.7893932662964,1496022.167938962,15411.967123472075,5318226.650926186,1859.9867986395068,0.006263971328735379,-0.8268046379089338,-0.3339266777038574,-0.008660569787025396,-0.012113809585571289,-0.005056142807006836,0.0015106201171875,-0.0010986328125,0.022216796875,0.003529429435729925
00ea067d2d0d4e5abbe36abcdd2117b9,shallow,W4,a3_shallow_W4,4914.492096218263,2416492.846694754,3087.631238432427,953639.54103891,1826.8608577858363,1462853.305655844,15194.685374797906,5186506.760420683,1842.9345360818488,-0.0009713768959044855,0.3029656410217285,0.3206002712249756,-0.014519989490509033,0.003956139087677002,0.007444411516189575,0.0007896423339843993,0.000244140625,0.001708984375,0.011540845036506708
00ed0007c9c84409adb2e257fad235d1,shallow,W4,a3_shallow_W4,4714.543572348249,2222900.866890386,2954.122915589572,872729.5723556197,1760.4206567586766,1350171.2945347666,14591.299577301175,4778550.151158302,1767.9538396305934,0.005085811018943814,-0.48077106475830256,-0.3444325923919678,-0.01196604967117304,7.680058479309082e-05,-0.0005835592746734064,0.00146484375,0.000244140625,0.02099609375,0.0016063749790192206
00ef198a19a8403d903dbfa7cfaaf9bd,shallow,W4,a3_shallow_W4,4977.89316601195,2478033.4344833866,3117.1045121656284,971652.0469182829,1860.7886538463213,1506381.3875651038,15578.162335232404,5409743.297300129,1866.709937254481,-0.0012770146131514948,-0.0362962484359759,0.013674497604370117,-0.01795732975006098,0.0009342581033705832,0.0014947354793548584,0.0035400390625,-0.0045166015625,0.0224609375,0.006198406219482366
00f9cb1a42b4498e838107f82557c9f3,shallow,W4,a3_shallow_W4,4777.105726680016,2282427.6810884704,2996.218861480766,897797.6308591967,1780.8868651992502,1384630.0502292737,14578.71947618924,4814366.685235666,1791.4146475050063,0.0035218000411987027,-0.036200284957883966,0.03419637680053711,-0.01523260772228241,0.003293156623840332,0.0027412474155426025,0.0007705688476562994,0.00054931640625,0.0079345703125,0.003832578659057617
00fa05ae10834647a8bf00c5a5a899a1,shallow,W4,a3_shallow_W4,4794.492006127534,2299012.7343681245,3007.107192814925,904324.4966365776,1787.3848133126094,1394688.2377315469,14942.142072855871,4990470.387051968,1797.9345022978255,-0.0005691424012184004,0.24756789207458496,0.24684429168700817,-0.029852986335754422,0.0002707540988922119,0.003711521625518799,0.0024337768554688003,-0.00299072265625,0.010009765625,0.010087192058563177
00fab46ab0134de8b7c6b39f9ef2f708,shallow,W4,a3_shallow_W4,4790.919031295195,2295523.8902067128,3002.954143256092,901821.066667167,1787.9648880391032,1393702.8235395458,14971.706819221265,4999332.415758158,1796.5946367356983,-0.00018931925296788998,0.30857920646667303,0.31325459480285645,-0.012102648615837097,0.0012439638376235962,0.004120767116546631,0.00225830078125,-0.0006103515625,0.0166015625,0.0050656795501708984
00fadd5980ed4228bc28217eb11c5d27,shallow,W4,a3_shallow_W4,4519.7558618631465,2045542.3683322007,2851.8083469486846,813805.1633237316,1667.9475149144619,1231737.205008469,13593.328610176906,4270788.727463678,1694.9084481986802,0.0005570501089096902,0.26820242404937744,0.27625203132629395,-0.005127236247062683,0.0060717761516571045,0.002388894557952881,0.000762939453125,-0.00091552734375,0.00390625,0.006268888711929321
00fd070ec367496582cb9410fb8d84a2,shallow,W4,a3_shallow_W4,4892.537947662446,2394275.691151612,3071.204480999456,943324.673495521,1821.3334666629898,1450951.0176560911,14926.962345495502,5051914.766533838,1834.7017303734174,0.005179196596145713,-0.6888926029205322,-0.3970909118652308,-0.015047520399093711,-0.006734132766723688,-0.008126258850097656,0.0030059814453125,-6.103515625e-05,0.01123046875,0.0055951774120330255
00fe064ec39f4f42a8301f6699c37455,shallow,W4,a3_shallow_W4,4830.5562210686,2333853.5480776746,3029.9882144231124,918168.4229053486,1800.568006645488,1415685.1251723259,14828.69960885828,4963797.0038586445,1811.4585829007256,0.004224345088005094,-0.6525969505310059,-0.31759023666381125,-0.013356894254684504,-0.0037082433700561523,-0.0023487210273742676,0.001861572265625,-0.001953125,0.010498046875,0.007213771343231201
00fe7b40923644c3bf15be6fcb8195c2,shallow,W4,a3_shallow_W4,4554.195883827629,2074534.6267033445,2860.323783268463,818222.9850051592,1693.8721005591656,1256311.6416981854,14082.352563724466,4453104.113315415,1707.8234564353613,0.00345724821090701,-0.0201570987701416,0.21731853485107067,-0.006341814994812012,-0.002908647060394287,0.0011592507362365723,0.0011100769042968993,0.00177001953125,0.00732421875,0.009027197957038796
01052f325d2a4422bf1dea6567d78347,shallow,W4,a3_shallow_W4,4553.340357971918,2087585.5100704671,2853.581143114637,819860.4325053808,1699.7592148572808,1267725.0775650863,14677.588368175577,4835111.38404438,1707.502634239469,0.0009323656558990479,0.1596534252166748,0.1621401309967041,-0.003892004489898737,-0.0022148191928863525,-0.003000199794769287,-0.0002593994140625,-0.00030517578125,-0.002197265625,0.002986431121826172
0116e8e2de78456cab731ff73f65349f,shallow,W4,a3_shallow_W4,5193.233535558725,2697510.0600021626,3258.540374656005,1061904.1078838343,1934.6931609027197,1635605.9521183283,15605.815483528282,5580928.46919395,1947.462575834522,0.008945003151893588,-0.7025468349456805,-0.4950261116027903,-0.007743909955024719,0.008111417293548584,-0.0014904141426086426,0.0014228820800781996,0.0028076171875,-0.001708984375,0.005654007196426392
0118607beaed4571b94615a611bab570,shallow,W4,a3_shallow_W4,4989.006905959651,2489312.135473035,3127.920815927924,978442.2780123092,1861.0860900317266,1510869.8574607256,15535.786619415805,5396405.546998454,1870.8775897348692,0.0018223822116852084,-0.2272510528564453,-0.07757306098937988,-0.01579092442989352,-0.0009514689445496161,0.0004463493824005127,0.0045166015625,-0.00164794921875,0.0224609375,0.008248120546340998
011a2229b2f949ffaac35b39e9ee9d78,shallow,W4,a3_shallow_W4,4911.718969397249,2412869.4390116124,3081.063587425909,949362.0601492659,1830.6553819713395,1463507.3788623465,15201.935880762707,5181908.729022116,1841.8946135239682,0.0013709664344787043,0.16706109046935858,0.2202963829040563,-0.0108958780765534,-0.0030068457126617987,-0.0033000707626342773,0.0016632080078125,0.00079345703125,0.013427734375,0.011423304677009583
011e8dd9d04e4257b4c094b9cf279280,shallow,W4,a3_shallow_W4,5230.606328320711,2736081.3035334614,3276.4046917196024,1073517.8219104193,1954.201636601109,1662563.4816230421,16124.261831942482,5843245.294379871,1961.4773731202674,-0.0031799376010894775,0.3511369228363037,0.3307151794433594,-0.02386391162872309,0.004120394587516785,0.0020818710327147882,0.0002593994140625,-0.000244140625,-0.004638671875,0.002930730581283625
012323854937400b839b3bedf4faa010,shallow,W4,a3_shallow_W4,4453.9473054230575,1984025.326395367,2794.6188248943827,781030.28497195,1659.3284805286748,1202995.0414234172,13922.588484174492,4318585.313999854,1670.2302395336465,0.0013808906078338068,0.29862284660339355,0.18429994583129883,-0.021098494529724204,-0.0031216144561767023,0.0013892650604248047,0.0022659301757813003,0.0020751953125,0.02099609375,0.004801809787750244
0123ecfeeaf14efc8183597f2099e925,shallow,W4,a3_shallow_W4,5198.726622964541,2702770.1199679887,3256.212693369866,1060309.534574079,1942.5139295946751,1642460.5853939096,16296.353577413562,5904362.72900446,1949.5224836117027,0.0031156986951828003,0.013089179992675781,0.12706518173217773,-0.016925930976867676,-0.004338294267654419,-0.002427190542221125,0.001983642578125,-0.00115966796875,0.01318359375,0.006863653659820501
012648b0eed74f67ad28527119aac2c4,shallow,W4,a3_shallow_W4,4793.999092505536,2302021.898508577,3012.165568753465,908535.6902850829,1781.8335237520714,1393486.2082234942,14721.221427772378,4925242.654376297,1797.7496596895762,0.004131883382797297,-0.38143157958984375,-0.3366613388061559,-0.004079937934875488,0.0017979145050048828,0.00830310583114624,0.00034713745117190015,-0.00048828125,0.00244140625,0.007939159870147705
012989686a534d73bd7989501e713630,shallow,W4,a3_shallow_W4,4576.589777142734,2094581.2595181547,2864.2338021060655,820397.5864719718,1712.355975036669,1274183.6730461828,14357.67603928929,4584859.1968367845,1716.2211664285257,-0.001376777887344402,0.37384986877441406,0.13715267181396484,-0.033961370587348993,0.003492996096610995,-0.00044795870780950375,0.00543212890625,-0.00244140625,0.04736328125,0.007259219884872381
012a565d39a644ea89685ae6cd4e5d8c,shallow,W4,a3_shallow_W4,4926.189336556868,2428846.2751717856,3097.900797891227,960232.7886270744,1828.2885386656408,1468613.486544711,15032.680447021754,5140940.421853606,1847.3210012088252,-0.0016930103302001953,0.334663987159729,0.28516173362731934,-0.0057260096073150635,0.0032331347465515137,0.00020310282707219907,0.0011138916015625,-0.0008544921875,0.009033203125,0.0062840282917022705
012c0d5217494d12881d6b089bed0232,shallow,W4,a3_shallow_W4,4975.6726769987245,2475964.6191333747,3117.6402507478447,972019.78481631,1858.0324262508798,1503944.8343170646,15461.87854209287,5350318.880677616,1865.877253874522,-0.0011843442916870117,0.24093627929687678,0.2399277687072754,-0.01422953605651861,-0.001132965087890625,0.004772692918777466,0.00225830078125,-0.0009765625,0.0048828125,0.006020843982696533
012d625661ad4c76b706f410b9be0640,shallow,W4,a3_shallow_W4,4710.099576955019,2218582.4137877743,2948.5528338548324,869412.5322698402,1761.5467431001866,1349169.8815179341,14684.840202421956,4816861.45403808,1766.2873413581324,0.0018806532025337913,0.2583932876586914,0.1262509822845459,-0.02456048130989069,0.007520794868469183,-0.0014790594577788752,0.0036163330078125,-0.0008392333984375,0.04931640625,0.002187073230743408
013c9572481f47a3adb59c76a934e1e4,shallow,W4,a3_shallow_W4,4856.925506477216,2359019.95850463,3039.8495778597066,924078.3318799058,1817.0759286175094,1434941.626624724,15286.443323755815,5189922.13467903,1821.347064928956,-0.0017590224742889127,0.36753535270691096,0.2759420871734619,-0.026662349700927707,-0.001191496849060003,0.002791672945022583,0.0023193359375,-0.001220703125,0.032470703125,0.0026127994060516913
013ff6659943447a9a569fdcbcd3abdb,shallow,W4,a3_shallow_W4,4942.519994326403,2443630.3155238023,3107.2867745737735,965660.5851907105,1835.2332197526298,1477969.7303330917,15301.509459865889,5257340.8936310625,1853.4449978724015,-0.0009683370590209961,0.37602484226226807,0.4001331329345703,-0.012674570083618192,0.0010573565959930975,0.0027763545513153076,0.0016632080078125,0.0001220703125,0.006103515625,0.006910949945449774
0144192045784fc8906de276b4e09eaa,shallow,W4,a3_shallow_W4,4864.109519977251,2366072.0493723922,3046.9817520525753,928435.433791658,1817.1277679246755,1437636.6155807343,15266.54991833243,5190034.441797317,1824.0410699914692,1.4036893844687759e-05,0.21071553230285467,0.2061164379119873,-0.03797498345375061,0.0020461678504944125,0.0048836469650268,0.002044677734375,-0.001953125,0.01416015625,0.004808157682418823
014a10fd129844228a18b568b069661d,shallow,W4,a3_shallow_W4,4813.445015565026,2317378.67488485,3021.1053721098046,912786.1510409068,1792.339643455221,1404592.5238439434,14925.268103769455,4991320.051977379,1805.0418808368852,-0.0037384331226348044,0.39025723934173584,0.3729212284088135,-0.018407896161079407,0.004750624299049405,0.0006889998912811279,0.0044097900390625,-0.00042724609375,0.00927734375,0.008844763040542603
014ca29813304ce68204fb48dc217636,shallow,W4,a3_shallow_W4,4558.079562237074,2077876.2722705237,2858.0663068825725,816904.3683419623,1700.0132553545018,1260971.9039285614,14073.537429372618,4453972.810296662,1709.2798358389032,0.004632942378520993,-0.6977212429046613,-0.4291868209838867,-0.017444729804992704,-0.015638887882232666,-0.006982326507568359,0.0027084350585938003,-0.00189208984375,0.02685546875,0.008011430501937922
014ccee408664909b71f80702d003e14,shallow,W4,a3_shallow_W4,4946.771532864108,2448348.1833315883,3111.2949898130064,968273.6896750414,1835.4765430511015,1480074.4936565468,15109.313612368293,5177362.12744492,1855.0393248240412,0.001837953925132807,-0.13472676277160822,-0.011444091796871447,-0.016779825091362,0.003803491592407282,-0.0005429387092590332,0.0005874633789063003,0.0015869140625,-0.001220703125,0.008136659860610906
01531de593f3468084dab12f6515e8e1,shallow,W4,a3_shallow_W4,4669.203442085774,2180654.657330622,2931.8701763747176,859679.0049210126,1737.3332657110568,1320975.6524096094,14465.967108530938,4692240.813390942,1750.9512907821659,-0.0034738779067992887,0.42616188526153564,0.41313648223876953,-0.0117246955633164,0.0031246021389960965,0.004004627466201782,0.002838134765625,-0.0010986328125,0.01171875,0.009188145399093628
0154c6fe068243d4b2d5a704dad1cbc6,shallow,W4,a3_shallow_W4,4236.563755461089,1795394.2726863367,2664.159737478788,709855.7369222702,1572.4040179823014,1085538.5357640665,13013.154137712227,3824932.6233830675,1588.711408297909,0.007035881280899103,-0.2475416660308838,-0.16301751136779785,-0.02068695425987238,-0.009483993053436335,-0.007053405046463013,0.0030975341796875,0.0023193359375,0.02392578125,0.004292458295822088
01551e922711450f92b50843d4e0f2be,shallow,W4,a3_shallow_W4,4682.728678791758,2192984.6250767573,2936.082446940947,862090.0998569597,1746.646231850811,1330894.5252197976,14477.632940026722,4707789.48896907,1756.0232545469094,0.0030657202005385797,-0.07479548454284846,0.054302215576171875,-0.015596240758895902,-0.007037490606308039,-0.006096988916397095,0.0020828247070313003,-0.0009765625,0.010986328125,0.0051362514495850164
0157b39c4b434ceba885ddace4f5b9bd,shallow,W4,a3_shallow_W4,4868.113178791582,2370306.75001344,3056.480129985073,934283.1544166554,1811.6330488065091,1436023.5955967845,15137.973205188215,5130993.6729437085,1825.542442046844,-0.0019354224205016812,0.49308300018310547,0.44350504875183105,-0.0076892077922821045,0.007143810391426003,0.007527887821197454,0.0016403198242188003,0.000244140625,0.014404296875,0.00995558500289917
0158a691a8a64bd39527c6f9e750c8ee,shallow,W4,a3_shallow_W4,5003.233219664604,2504180.405902204,3139.5026534534363,985887.231629803,1863.7305662111676,1518293.1742724013,15383.711704013254,5342140.727873535,1876.212457374227,0.005155116319656372,-0.3460073471069336,-0.28886675834655406,-0.013816565275192316,0.0006345510482788086,0.001509308815002386,0.0004348754882811997,-0.0009765625,-0.003662109375,0.004178881645202637
015c200ce786438c8e35ddf635d1e236,shallow,W4,a3_shallow_W4,4771.774303494533,2278124.5488662003,3003.5098547618973,902283.349233909,1768.264448732636,1375841.1996322912,14475.792946213362,4781166.435062477,1789.4153638104497,0.0009755343198775968,0.34034490585327326,0.3721749782562256,-0.0138082355260849,0.0022428184747695923,0.0015332400798798163,0.0018157958984375,-0.00030517578125,0.001953125,0.008789300918579102
015d02aa38e04950825ec5f8dc3d533d,shallow,W4,a3_shallow_W4,4806.770199756299,2310847.6982785286,3016.3256882743876,909886.6198124945,1790.4445114819114,1400961.078466034,14963.75391476657,5006168.59684344,1802.5388249086127,0.0036514848470687866,-0.5600190162658709,-0.19771099090576172,-0.021035954356193487,-0.012238204479217474,-0.0049904584884643555,0.0025711059570311997,-0.002197265625,0.01708984375,0.009784460067749023
015ee6e84a2d49e9b87dca6fdc4d49b4,shallow,W4,a3_shallow_W4,4268.967112682423,1822804.4782478488,2680.777151565162,718724.3797040829,1588.1899611172612,1104080.098543766,13290.725350208582,3949851.7288628807,1600.8626672559087,0.002711832523345989,-0.16828835010528564,-0.19915223121643066,-0.014844357967376709,-0.0040738582611083984,-0.005508780479431152,0.007781982421875,0.000732421875,0.03271484375,0.0023677945137023926
016576dd30c1464f9115584748950ed2,shallow,W4,a3_shallow_W4,4706.897385827311,2215736.2823816338,2951.1569670417484,870983.9777546175,1755.7404187855627,1344752.3046270162,14640.686590381809,4793460.059939006,1765.0865196852421,0.0015858113765715998,-0.5596065521240234,-0.32067298889160156,-0.01191803812980649,-0.0061812698841094416,-0.008826941251754705,0.0049896240234375,-0.00042724609375,0.0205078125,0.006001234054565485
01688042f526490ba8fe14aace17a558,shallow,W4,a3_shallow_W4,4797.19059412521,2302172.5608145334,3015.5586936868403,909499.6340418939,1781.6319004383695,1392672.9267726396,14768.841369288017,4912941.393220788,1798.9464727969537,0.006047829985618591,-0.6916248798370361,-0.30970931053161266,-0.006131246685981806,-0.01436531543731695,-0.0073035359382629395,0.0017318725585938003,0.00042724609375,0.02099609375,0.006044328212738093
0169a7e8458246b1b371706f507ec511,shallow,W4,a3_shallow_W4,4624.541574556726,2138686.555620205,2895.411224633806,838348.5133120024,1729.1303499229202,1300338.0423082027,14588.373802675542,4719846.104300429,1734.203090458773,0.006644375622272505,-0.8871626853942871,-0.34758448600769043,-0.030335694551467896,-0.010563105344772339,-0.008396565914153997,0.0048675537109375,-0.0030517578125,0.03955078125,0.0025555491447448175
0170db45fb744c4b91ffdf97a3f75ea3,shallow,W4,a3_shallow_W4,5029.308201633395,2529442.92355957,3146.486038263616,990050.3023352657,1882.8221633697785,1539392.6212243047,15770.497468872962,5533680.003639241,1885.9905756125231,0.0022910237312316895,0.11844307184219316,0.05017638206482111,-0.020558178424835205,0.0028413571417331,0.0005568414926528931,0.003875732421875,0.0,0.0302734375,0.0021607577800751288
017c41aac5db41f3bfe2f7938a4834d1,shallow,W4,a3_shallow_W4,4897.82013695678,2399505.3501624586,3076.8095412511425,946780.4769218841,1821.0105957056371,1452724.8732405745,15047.341155560372,5108155.020331974,1836.6825513587928,0.0010114610195159912,0.37029385566711426,0.42424440383911133,-0.021055668592453003,-0.0014428794384002686,0.0020175576210021973,0.0021896362304686997,-0.0006103515625,0.019775390625,0.00588265061378479
017e5dfc6d0d4c12b3f1196d85a16c9b,shallow,W4,a3_shallow_W4,4810.145397118894,2313784.503198392,3009.611360846881,905783.9519231551,1800.534036272013,1408000.551275237,15134.417451102127,5085452.513316214,1803.8045239195853,0.0009362995624541959,0.26309967041015625,0.02471923828125,-0.01336294412612915,0.0047615766525268,0.0018967986106873114,0.00238037109375,-0.0001220703125,0.03515625,0.0007116496562957764
018034e069134727b9e6e5627234f42f,shallow,W4,a3_shallow_W4,5012.339297805583,2512751.990992911,3145.7764147973953,989660.7272046346,1866.5628830081873,1523091.2637882766,15598.266857101988,5440755.24702461,1879.6272366770938,0.0070648193359375,-0.650709867477417,-0.3792214393615758,-0.007455617189407404,-0.0034264326095581055,-0.0017670989036560059,0.002960205078125,-0.00054931640625,0.016357421875,0.006371110677719116
018487b190aa472caf198b265a3b4d61,shallow,W4,a3_shallow_W4,4883.674127631035,2385282.6814602716,3061.018078753556,937034.274978831,1822.656048877479,1448248.4064814406,15151.793087646163,5137653.293267056,1831.3777978616383,0.003629997372627314,-0.1972711086273211,-0.05090236663818004,-0.015889495611190796,-0.008773386478424072,-0.002482771873474121,0.0016098022460938003,-0.001708984375,0.01416015625,0.004903793334960993
0184e485100e433c9032f2132e99e095,shallow,W4,a3_shallow_W4,5702.5574572348705,3252461.1527095274,3577.4250017850877,1279895.3947191632,2125.132455449783,1972565.7579903642,17629.396638868515,6976598.010837269,2138.459046463077,0.00033390522003168277,0.3115105628967285,0.1755809783935547,-0.012864172458648682,-0.0005250275135040283,0.0005243420600891113,0.004150390625,0.000244140625,0.027587890625,0.008474498987197931
018f683e86ea42eb8e98935e890eb9fd,shallow,W4,a3_shallow_W4,4744.44066252358,2251402.407544432,2979.2129272774728,887636.3487553864,1765.227735246107,1363766.0587890458,14643.557971955788,4815543.20815999,1779.1652484463427,0.0024058222770690085,-0.10509848594665527,0.0881814956665039,-0.017720371484756525,-0.0033717751502990723,0.00033658742904663086,0.0012588500976563003,-0.0008544921875,0.014404296875,0.004847824573516901
019a31cb0c1646758bc44d47366e32e6,shallow,W4,a3_shallow_W4,4850.523456653691,2363591.3279473106,3029.5090232758403,922337.1614412774,1821.0144333778508,1441254.1665060334,15436.806706633892,5353595.199684952,1818.9462962451341,0.002783328294753973,-0.14943718910217285,-0.07557868957519531,-0.005405336618423406,-0.0056613981723784845,0.008049190044403076,-0.0004119873046875,0.00146484375,-0.002685546875,-0.001537561416625921
019c097c504c4e1dbefcd1079619b8cf,shallow,W4,a3_shallow_W4,5008.643562562005,2509550.8362166947,3146.241073361073,990064.7764646497,1862.402489200932,1519486.059752045,15303.209979941126,5304268.052369031,1878.2413359607515,-0.0022603720426560003,0.4219329357147217,0.43565034866333363,-0.029068440198898315,0.008005499839782715,0.014066934585571289,0.0006561279296875,-0.0008544921875,-0.00341796875,0.010271757841110174
019cdc2fe9da4327aa8d617401d8189b,shallow,W4,a3_shallow_W4,4875.19085697686,2376860.664793168,3053.1745646280833,932211.426363332,1822.016292348777,1444649.2384298362,15292.53094152724,5202023.24130756,1828.1965713663228,-0.0007943809032439908,0.16861677169799805,0.18320679664611816,-0.03147144615650177,-0.002206668257713318,0.00047895312309259586,0.0019760131835936997,-0.0010986328125,0.018310546875,0.004690855741500799
01a4a9aa5dfc4436891849a88f2e99e7,shallow,W4,a3_shallow_W4,4940.483063145445,2442423.3112169434,3108.02002341677,966277.397910179,1832.463039728675,1476145.9133067643,14780.77720984202,5045361.60133055,1852.681148679542,0.0043089240789413175,-0.4376137256622332,-0.3145718574523926,0.0002104341983795166,-0.0015856027603149414,-0.00644373893737793,0.0007095336914063003,-0.00164794921875,0.0029296875,0.006371289491653415
01a76c394cc640f6ad469199166ece29,shallow,W4,a3_shallow_W4,5098.698157493,2600280.44672901,3199.866646449423,1024034.7755847059,1898.8315110435765,1576245.671144304,15719.118514751575,5547156.764486316,1912.0118090598753,-0.003239884972572299,0.42483091354370117,0.4562246799468994,-0.02061724662780759,-0.001690447330474909,0.005898833274841309,0.00030517578125,0.00140380859375,0.00634765625,0.0039051473140715998
01b853942c324f83a89d27e97796200c,shallow,W4,a3_shallow_W4,5241.986703769369,2748286.3767086677,3286.905481924194,1080470.6490259941,1955.0812218451752,1667815.7276826736,16081.121033988542,5839694.6897630235,1965.7450139135137,0.0032277107238770086,-0.0749969482421875,-0.036685466766360975,-0.010994881391525213,-0.0009712576866149902,0.002431243658065796,0.0007400512695313003,-0.00146484375,0.0068359375,0.004097014665603693
01c7a9010fa6463897e5919443c72886,shallow,W4,a3_shallow_W4,4863.148455231825,2365553.4298325432,3052.4299868352946,931835.3490814908,1810.7184683965306,1433718.0807510526,15150.728446782943,5127598.273311551,1823.6806707119345,-2.288818359369449e-05,0.4232490062713623,0.41274070739746094,-0.015352636575698797,0.01036246120929718,0.010506868362426758,0.0019989013671875,-0.001953125,0.014892578125,0.009266749024391202
01c80c7c0e954db9a53a11fabc2053eb,shallow,W4,a3_shallow_W4,4867.239818801865,2369154.6084725717,3049.8262510730838,930169.4116642375,1817.4135677287813,1438985.1968083342,15239.000001677441,5166518.370283061,1825.2149320506996,-0.0018383190035820007,0.4197275638580322,0.27369022369384766,-0.031450092792511014,0.0015747994184494019,0.0020779073238372803,0.0030975341796875,-0.00079345703125,0.0263671875,0.003945708274841309
01d0e94dc746416484c9157bbe320203,shallow,W4,a3_shallow_W4,4698.626366743666,2210607.348894563,2953.616251314891,873163.2317130397,1745.010115428775,1337444.1171815232,14171.954511421494,4630589.377840065,1761.9848875288747,0.0026624351739882868,0.24755597114562633,0.25998473167419434,-0.008484929800033514,0.0026668906211853027,0.0028736889362335205,0.0005569458007811997,-0.001708984375,-0.00537109375,0.00626844167709345
01d1c15787514d14a4538256a88b43a5,shallow,W4,a3_shallow_W4,4645.335874561139,2158196.1295678774,2913.368438942896,848819.6772734111,1731.9674356182427,1309376.4522944663,14332.937552918047,4618188.666513206,1742.000952960427,0.007805369794368799,-1.021142005920412,-0.4862308502197301,-0.012674689292907715,-0.013045907020568903,-0.01072150468826294,0.0035858154296875,-0.003387451171875,0.02783203125,0.0088146030902862
01d2ae479ed74c7188c270dea892cf67,shallow,W4,a3_shallow_W4,5048.36101893856,2548734.1050036447,3162.780818634782,1000342.9635208864,1885.580200303778,1548391.1414827583,15699.85406560782,5509271.14086567,1893.1353821019602,0.00043134391307828035,0.4447197914123535,0.45989990234375,-0.01857322454452509,0.0060871839523314875,0.010054051876068115,0.000946044921875,-0.0010986328125,0.0048828125,0.005189687013626099
01d9dd3aa5dc46c3a44bfd40d5898c0e,shallow,W4,a3_shallow_W4,4726.75826659216,2234824.477330954,2969.355690575162,881806.0214603957,1757.402576016998,1353018.455870558,14656.944892648766,4817698.752109107,1772.5343499720602,0.0009832233190537054,0.41262924671173273,0.44139981269836426,-0.0134769678115845,-0.0044881403446196955,-0.0001564323902130682,0.001617431640625,0.00048828125,0.012939453125,0.00291603803634638
01eac793c4ec40c5aa6bbd09b45fc26a,shallow,W4,a3_shallow_W4,5027.767963782363,2528556.0468441835,3155.332369617204,995760.5588475051,1872.4355941651588,1532795.4879966783,15255.706053443784,5293887.024842569,1885.4129864183865,0.0032807588577269953,-0.1253712177276629,-0.00971078872680664,-0.0028664469718933105,0.007429659366607666,0.0037211179733276367,0.0002632141113281996,-0.0009765625,-0.002685546875,0.004991024732589722
01f0c1dd487e43f795830fe6008142e4,shallow,W4,a3_shallow_W4,5595.459652875387,3131909.2770659504,3516.129352689831,1236455.9669583964,2079.330300185556,1895453.310107554,17038.228825706552,6580703.973140882,2098.2973698282703,0.004625260829925509,-0.2181863784790039,0.08633136749267223,-0.0237196683883667,-0.005726665258407593,0.004545807838439941,0.0022506713867188003,0.000732421875,0.02490234375,0.007371276617050115
01f1cc659cb847a4a7366b84844641c2,shallow,W4,a3_shallow_W4,5873.025505677361,3449338.9075789223,3676.629204897518,1351779.9128410728,2196.3963007798434,2097558.9947378496,18376.06849428635,7518725.852904068,2202.384564629011,-0.0004281103610992154,0.3076273202896118,0.27168512344360174,-0.018651694059371893,0.0034197419881821234,0.0,0.0036773681640625,6.103515625e-05,0.01318359375,0.005873322486877497
01f3115282994da9b32967eb2075d4aa,shallow,W4,a3_shallow_W4,4828.165511938192,2337730.7638679687,3042.698564991707,927638.146874278,1785.4669469464852,1410092.6169936908,14714.028900554033,4988380.546681225,1810.5620669768227,0.007351249456405695,-0.42486429214477717,-0.39584279060364125,0.0009466409683227539,-0.0036562681198120117,0.00039970874786376953,0.0009078979492186997,-0.000244140625,0.0068359375,0.006379097700119074
01f376bb2b5a4860a53914dbf66d4ac0,shallow,W4,a3_shallow_W4,4685.170592620481,2195328.414169225,2937.935984596385,863196.4753975974,1747.2346080240964,1332131.9387716274,14638.759988586426,4779785.869241912,1756.9389722326805,-9.486079216008969e-05,0.35700976848602295,0.31996965408325195,-0.01992207765579232,0.0024751722812652033,0.0026576817035675604,0.00250244140625,-0.00244140625,0.012451171875,0.008081883192062378
01f3fb1336a444309e9959d359c8b4ab,shallow,W4,a3_shallow_W4,4837.82783933705,2346945.680630696,3048.0133431389686,931006.8750399121,1789.8144961980815,1415938.805590784,14953.821712165753,5082587.915464938,1814.185439751394,-0.0017720460891724188,0.30352652072906494,0.31039714813232244,-0.005940258502960205,0.0069103240966796875,0.0019304752349853516,0.0001678466796875,-0.0013427734375,-0.001708984375,0.004145801067352295
01f64ccc5e5049e29c3e8be0aaf31bd5,shallow,W4,a3_shallow_W4,5266.0325764975805,2773223.9897730057,3298.8253564108754,1088239.6358344888,1967.207220086705,1684984.353938517,16407.839950035323,6012793.830830634,1974.7622161865934,-0.002482995390892001,0.5436074733734131,0.2946293354034424,-0.02066186070442197,0.0183408260345459,0.008214324712753296,0.00537109375,-0.00213623046875,0.0234375,0.00752633810043335
01f6b5adc5c44c17b159d7dc2f7f6dd6,shallow,W4,a3_shallow_W4,4896.283323606804,2397865.962445636,3070.9461025617043,943177.4261995712,1825.3372210450993,1454688.5362460646,15196.325807990137,5170365.370373776,1836.106246352552,0.0016170591115950983,-0.021350383758543146,0.04579067230224254,-0.02256466448307029,0.004827439785003607,3.3020973205566406e-05,0.0024795532226563003,-0.00360107421875,0.016357421875,0.005093723535537664
01f74014d40f436e91fbf60e7f688057,shallow,W4,a3_shallow_W4,4687.653403460657,2197877.4225168945,2943.0471346196728,866234.5012229318,1744.6062688409838,1331642.9212939627,14405.100080572534,4677253.951073774,1757.8700262977466,0.005764469504356384,-0.6832385063171351,-0.37844181060791016,-0.003107711672782898,-0.008563965559005737,-0.005512833595275879,0.0017013549804688003,-0.00030517578125,0.01220703125,0.0051850974559783936
01fb4fff624544a88317709570572e0f,shallow,W4,a3_shallow_W4,4662.142833394122,2176751.637674616,2928.7382024373164,858701.4877938849,1733.4046309568057,1318050.1498807312,14189.13313907755,4608542.401498885,1748.3035625227958,0.002423346042633112,0.3072774410247803,0.3728246688842738,-0.0081634521484375,0.0026277303695678156,0.009093940258026123,0.0007858276367186997,-0.0015869140625,-0.00146484375,0.008327722549438421
01fbee27f8f74a1eaf7e613de5cb78ee,shallow,W4,a3_shallow_W4,4768.054693067519,2274016.694680321,2995.101914224662,897165.056187976,1772.9527788428572,1376851.6384923449,14799.115208071391,4908463.076887364,1788.0205099003197,0.0006934255361557007,0.016751885414123535,0.11074185371399281,-0.0073278099298476895,0.0017751455307006836,-0.0033581852912902277,0.004302978515625,-0.00067138671875,0.009521484375,0.010492086410522461
01ffee46c0644a17a8ac9f9f3bf7ef4d,shallow,W4,a3_shallow_W4,4858.525953888387,2360924.2459338475,3048.728762190688,929545.6802442754,1809.7971916976994,1431378.5656895721,15129.069634778032,5112802.428205332,1821.9472327081457,0.001657217741012601,0.02380013465881703,0.19144773483276012,-0.011763513088226318,0.0028994083404541016,0.0014515519142150879,0.0012969970703125,0.0008544921875,0.0096435546875,0.011820971965789795
0200b7f6eb574385ace14b2d03502ec2,shallow,W4,a3_shallow_W4,4324.999981487467,1870734.101446059,2711.157087148661,735067.2737241496,1613.8428943388062,1135666.8277219096,13466.107241790447,4055963.965862593,1621.8749930578,0.0034843310713768005,-0.5300366878509521,-0.26983737945556285,-0.01931324601173401,-0.002774938941001892,-0.0037975013256073,0.006011962890625,0.00146484375,0.0224609375,0.003228992223739624
02010e17a28845cc921858cc24ece163,shallow,W4,a3_shallow_W4,3690.397077725263,1361943.8425079903,2310.4359126761447,533819.2697554074,1379.9611650491183,828124.572752583,11497.261012514156,2951152.6042729295,1383.898904146974,0.0091939941048622,0.26749610900878906,-0.2227640151977539,-0.00524100661277771,0.012549266219139099,-0.027295172214508057,0.006134033203125,0.004150390625,0.027099609375,0.0009436607360839844
02097b72cb764df79f0188df985014a5,shallow,W4,a3_shallow_W4,4807.877944460112,2312533.8394718026,3023.762807468895,914469.8872502425,1784.1151369912172,1398063.95222156,14615.673587026347,4860203.802743722,1802.9542291725422,0.001698121428489685,0.09096145629882635,0.12399911880493164,-0.017543435096740778,-0.010690242052078303,-0.006191134452819824,0.0007705688476563003,-0.0006103515625,0.013427734375,0.004753470420837402
020bc99c57c04bf6abfc9fe91a6a1215,shallow,W4,a3_shallow_W4,4971.5557859900955,2471901.4572171597,3116.6683031253233,971412.0336232476,1854.8874828647722,1500489.423593912,15492.55112043084,5359635.671444056,1864.333419746286,-0.0014174282550812045,0.4066222906112671,0.40918707847595215,-0.018889576196670477,0.0038712322711944858,0.004790484905242975,0.0015869140625,-0.0003662109375,0.005859375,0.005137205123901367
0214176d73af485287532957baf9888b,shallow,W4,a3_shallow_W4,4776.123327319834,2281362.634957356,2995.454568220009,897315.6320800892,1780.668759099825,1384047.0028772666,14975.917688681448,4984586.075679683,1791.046247744938,0.00018267333507529515,0.30823469161987305,0.3196156024932879,-0.017913758754730225,0.004006594419479398,0.004315316677093506,0.0013198852539063003,-0.0006103515625,0.0087890625,0.0052357017993927
021504573eab4f8995e46ac306744e04,shallow,W4,a3_shallow_W4,4981.964887166052,2482537.437902966,3124.3404915791784,976263.5332119479,1857.6243955868736,1506273.9046910182,15106.496710096179,5199664.420198001,1868.2368326872697,0.008209407329559298,-0.54237961769104,-0.48359513282776234,-0.0019848644733428955,-0.004237473011016846,-0.007586479187011719,0.0014114379882811997,0.0003662109375,0.012451171875,0.004801303148269709
0219f955d31b4907b5eeb6a345a47eb2,shallow,W4,a3_shallow_W4,4517.077083549187,2040455.5421895229,2829.686607235816,800720.4884710772,1687.3904763133705,1239735.0537184458,14230.498857131137,4492163.9577030325,1693.9039063309458,0.0010723471641541082,0.25789737701416193,0.20821809768676758,-0.03055998682975769,0.0029140114784240723,0.0008553266525268,0.0024032592773438003,-0.00189208984375,0.026611328125,0.005018800497055109
021a5902e34c4742a828335c86bfe4cd,shallow,W4,a3_shallow_W4,4450.72521233885,1981038.6779942985,2789.172824489483,777975.8426597739,1661.5523878493668,1203062.8353345245,14024.979832237565,4363213.793196881,1669.0219546270685,-0.0024857968091965,0.3374516963958758,0.068045854568485,-0.03646007180213928,0.005974635481834412,0.0015391707420349121,0.006622314453125,-0.00433349609375,0.0302734375,0.006308168172836304
0222f2054a72477a9af17694d4ab1a9e,shallow,W4,a3_shallow_W4,4443.1875702406915,1975079.0989582872,2796.105148212742,781963.6162743539,1647.0824220279496,1193115.4826839333,13507.253172067914,4154260.7099464335,1666.195338840259,0.00415956974029541,-0.04273176193237305,-0.1325547695159912,-0.004850655794143677,-0.0043038129806518,-0.005373060703277588,0.0005950927734375,-0.0010986328125,0.007568359375,0.0020156502723693848
0228c654c3b44da99c4b3b75d5f8b1cb,shallow,W4,a3_shallow_W4,5155.516154709659,2657989.0770083596,3227.347040011396,1041586.5487555697,1928.1691146982625,1616402.5282527898,16205.144000682194,5832949.053976882,1933.318558016122,0.001454263925552396,0.24601399898529053,0.20585179328918457,-0.021378844976425115,0.0004285424947738925,0.0019090473651885986,0.0035552978515625,-0.0029296875,0.03466796875,0.0023390948772429865
022a46a47f70497badb519b86f7d0dfa,shallow,W4,a3_shallow_W4,4807.899400791559,2318134.376250839,3013.4924243332625,910528.7754005939,1794.4069764582964,1407605.600850245,14822.005889614456,4991605.4723887835,1802.962275296835,-0.0006488561630248468,0.2570927143096906,0.27553319931030273,-0.0108253955841065,0.004984796047210693,0.007908493280410822,0.00028228759765620056,-0.0008544921875,-0.0009765625,0.004159033298492487
022c1581dcd44145a86c1522d7ab44d3,shallow,W4,a3_shallow_W4,4743.340163705049,2250090.8083798676,2971.69990817395,883137.9243330669,1771.6402555310992,1366952.8840468007,14830.41829394564,4903230.436262198,1778.7525613893938,-0.001124829053878812,0.3691232204437256,0.34281373023986816,-0.01747912168502802,0.003140777349472018,0.004690498113632202,0.002166748046875,0.00079345703125,0.013427734375,0.006117433309555054
023d8f2444234e6185ca713309cfeb99,shallow,W4,a3_shallow_W4,4850.193224671862,2353371.17512427,3041.4427354589175,925302.6169760757,1808.750489212944,1428068.558148194,14790.657295042432,4980960.2154661575,1818.822459251948,0.0030570924282073975,0.3420746326446551,0.3629589080810547,-0.0013865530490876077,0.0038447678089141846,0.0038630366325377863,0.0009307861328125,-0.0003662109375,-0.0029296875,0.0062604546546936035
0247b01389f541e8a22ab2f98e44c953,shallow,W4,a3_shallow_W4,4660.33782795095,2174147.681855116,2935.5216315613484,862193.6671849377,1724.8161963896014,1311954.0146701783,14040.639378301712,4544335.729879487,1747.6266854816065,0.001433268189430209,0.26875734329223633,0.26151776313782094,-0.010735154151916504,0.0077207088470458984,0.003788471221923828,0.0012588500976563003,0.0008544921875,0.001220703125,0.005505353212356512
024a0d26f2ab4be8bacf86127e23e6aa,shallow,W4,a3_shallow_W4,5025.871305657296,2526244.2867923616,3150.7321725918096,992772.381358534,1875.1391330654865,1533471.9054338275,15600.445230554182,5450273.391697876,1884.7017396214867,-0.0016003996133804044,0.31123995780944824,0.29077649116516113,-0.0241250097751618,0.0027549862861632746,0.0032850205898285467,0.001495361328125,-0.0037841796875,0.00732421875,0.0034370422363281805
024b1ec28a404f46866c62a69d6370d8,shallow,W4,a3_shallow_W4,6087.5599113333365,3705902.290682734,3808.5995510026046,1450559.593524077,2278.960360330732,2255342.697158657,19142.375103739167,8128510.969850764,2282.8349667500015,0.0015063285827636164,0.2796703577041626,0.23886442184448065,-0.014971345663070679,0.0040585249662399014,0.0034498870372772217,0.0016632080078125,0.00079345703125,0.021484375,0.004622578620910589
025784ce00f14da9bcfe44013eb2289c,shallow,W4,a3_shallow_W4,4811.737847311457,2315810.9027056345,3023.794736802294,914419.6534879281,1787.9431105091626,1401391.2492177063,15054.95799236442,5044307.91651102,1804.401692741797,-0.0015189349651336947,0.25863587856292813,0.3097438812255877,-0.012446314096450778,0.0018853694200516025,0.0060735344886779785,0.0018234252929686997,-0.00067138671875,0.005615234375,0.016619533300399725
025828c4084440649cde38135a9d8a2e,shallow,W4,a3_shallow_W4,4963.095312685119,2463270.067758259,3106.0535836708973,964764.8759433767,1857.0417290142218,1498505.1918148822,15548.768101978781,5385173.457835927,1861.1607422569195,-0.0007094293832778931,0.2062511444091779,0.25439739227294567,-0.029432356357574407,0.0005750954151153009,0.0032055675983428955,0.0011520385742186997,-0.002685546875,0.00732421875,0.004907488822937012
025c1e16f9634c71be21574417c1b8a7,shallow,W4,a3_shallow_W4,4830.215616063543,2334140.9735882552,3039.586858283125,924073.9699236465,1790.6287577804183,1410067.0036646086,14814.034503388864,4960545.659244841,1811.3308560238288,0.0029321610927582065,0.2630281448364258,0.32407283782958984,-0.018838584423065186,0.003399282693862915,0.0025860071182250977,0.00103759765625,0.00103759765625,0.003662109375,0.004749268293380737
025cf7f3f4524bf7b69a822007bcdf3a,shallow,W4,a3_shallow_W4,5417.69666694514,2935883.299560612,3401.8031534294487,1157354.7496299546,2015.8935135156917,1778528.5499306575,16526.424827141935,6192111.350924576,2031.6362501044277,0.00016470253467559814,-0.3470313549041748,-0.296938419342041,-0.013590008020401001,7.271766662592105e-05,-0.0026439726352691095,0.0009765625,0.0010986328125,0.000732421875,0.006040811538696289
026dd4fca8a347e799ff5bfd78df68bb,shallow,W4,a3_shallow_W4,5091.388681533805,2593438.1500524604,3198.7052427274957,1023416.649565366,1892.683438806309,1570021.5004870943,15246.537673881556,5344498.188453494,1909.2707555751767,0.0026027262210845947,0.11755108833312988,0.11536002159118652,-0.003972157835960416,0.005576014518737793,0.009201973676681519,0.0001296997070311997,0.00018310546875,0.001220703125,0.0015184283256530762
0278450d1e324c33904e160e115f6fbd,shallow,W4,a3_shallow_W4,4699.736455237501,2210028.451346313,2956.0612632942516,874064.846629885,1743.6751919432495,1335963.604716428,14296.833920296733,4645444.63736302,1762.4011707140633,0.0037252753973006925,-0.2686190605163574,-0.1322865486144984,-0.01997210085392001,-0.005477130413055475,-0.002324998378753662,0.0011367797851563003,0.0001220703125,0.009033203125,0.003587782382965088
0281cce51dcb43988b3d3760c0fb335e,shallow,W4,a3_shallow_W4,4768.511209279426,2274315.809527291,2991.0135796398686,894720.3210599981,1777.4976296395575,1379595.4884672929,14846.306250569074,4925510.406500609,1788.1917034797848,0.0016479194164275845,0.11381566524505615,0.18628835678100586,-0.007887095212936401,-0.006479859352111816,-0.004517495632171631,0.0010986328125,-0.00091552734375,0.0185546875,0.0068122148513793945
02871968fcbd46dc9f5059ec1fc7d13b,shallow,W4,a3_shallow_W4,5139.775293071038,2641882.781459592,3219.0631374713057,1036264.6824699058,1920.712155599732,1605618.098989686,15956.429227679295,5703960.310553295,1927.4157349016386,0.003068968653678894,-0.8289206027984619,-0.4951596260070801,-0.015376389026641901,-0.01476022601127619,-0.013569533824920654,0.0029754638671875,-0.00274658203125,0.01904296875,0.0057080090045928955
0288b5d8dfda43b9938f0dcf1ac86da2,shallow,W4,a3_shallow_W4,4448.315120788338,1979035.5702910817,2789.7784396835796,778340.4690424536,1658.5366811047588,1200695.101248628,13873.234907232007,4300218.670536538,1668.118170295627,0.0007650479674339988,0.21828532218933283,0.06833314895630593,-0.025078207254409818,-0.006707966327667181,-0.0036103129386901855,0.0034942626953125,-0.00482177734375,0.01953125,0.010450541973114014
028f74fc5b384764826acb595846b9d8,shallow,W4,a3_shallow_W4,5341.312221709236,2853267.1337780254,3348.607621617602,1121375.1653658156,1992.704600091634,1731891.9684122098,16763.51466878774,6245576.265346475,2002.9920831409636,0.0028848648071288785,-0.23633956909179688,-0.041387081146240234,-0.024568825960159302,-0.0011581182479858398,0.0006352961063385565,0.0040435791015625,-0.001556396484375,0.01904296875,0.010917037725448608
0290737f64b14b08b87faa644580f3a9,shallow,W4,a3_shallow_W4,5960.169304588246,3552446.1549668806,3728.8633218191253,1390465.1847690223,2231.3059827691204,2161980.9701978583,18707.525615659153,7772366.44828348,2235.0634892205926,0.000622257590293801,0.31644344329833807,0.1163339614868164,-0.019426077604293823,0.005274772644043024,0.0035199522972106934,0.0019683837890625,0.00042724609375,0.018798828125,0.008790701627731295
029bf16fe8e2495bbadd991b7358559a,shallow,W4,a3_shallow_W4,4801.832021992982,2306108.962008055,3011.902776731594,907215.3802986285,1789.9292452613881,1398893.5817094264,14577.640458343392,4834726.53183534,1800.6870082473683,0.0056896805763243935,-0.7013988494873047,-0.4383540153503418,-0.01804178953170779,-0.01148843765258789,-0.004378616809844971,0.00177001953125,-0.000732421875,0.02001953125,0.005111366510391235
029d4dcccd66451c847a4dc5da36b5e6,shallow,W4,a3_shallow_W4,5184.956192022346,2688431.6512039867,3245.7900117640256,1053524.318931028,1939.1661802583203,1634907.3322729587,16193.321794027148,5846361.142022027,1944.35857200838,0.002042874693870489,0.13647496700287043,0.10068655014038086,-0.017852187156677246,-0.002749919891357422,0.001228421926498413,0.00238037109375,0.00201416015625,0.027587890625,0.003077894449234009
029e028b4a6842c29183b6a30bb2f04e,shallow,W4,a3_shallow_W4,4782.597106789211,2287709.733893641,3002.6084262612108,901624.467954858,1779.9886805279998,1386085.2659387828,14961.654124733219,4984473.128023252,1793.4739150459545,-0.00015206634998321533,0.3787565231323242,0.28090000152588246,-0.013288497924804715,0.001859411597251892,0.0013279020786285956,0.0050048828125,-0.0010986328125,0.007080078125,0.014106661081314087
00001ec0d78549e1b8c2083a06105c29,shallow,W5,a3_shallow_W5,4170.43833853809,1796149.4599957408,2685.8069902099114,738990.8172466452,1484.6313483281783,1057158.6427490956,15521.72922776967,5157473.809948909,1563.9143769517839,0.005111292004585294,-0.5840575695037842,-0.2663421630859446,-0.014877662062644986,-0.00455927848815918,0.005081772804260254,0.0012855529785156996,-0.00042724609375,0.013427734375,0.006615966558456421
0005d5eb0eb847648bf2e76f6931ed48,shallow,W5,a3_shallow_W5,4243.608821958554,1835942.5926953743,2709.3710798961197,744600.2606161109,1534.2377420624339,1091342.3320792634,15156.988007921445,4937085.377124061,1591.3533082344577,-0.004644110798835699,0.3165364265441877,0.2887856960296631,-0.033207565546035794,0.00968250632286069,0.0024465322494506836,0.00225830078125,-0.002288818359375,0.01025390625,0.00850781798362732
0005df571e71437991594d0affec9c2b,shallow,W5,a3_shallow_W5,4709.953842729056,2240479.826149989,2980.0908141527448,894922.1649050761,1729.8630285763115,1345557.6612449128,16108.587661837988,5624375.361975421,1766.2326910233962,-0.003332272171974099,0.47680497169494274,0.41719794273376465,-0.04158467054367068,0.007010519504547091,0.008818864822387695,0.00372314453125,-0.00115966796875,0.02685546875,0.007681787014007568
000c895f9ef6491894ac588634f3d2b5,shallow,W5,a3_shallow_W5,2629.865316498571,757813.2305785186,1661.4008390610907,301065.59807322314,968.4644774374801,456747.63250529545,12981.09414232568,3539472.7573192464,986.1994936869643,0.004480317234993009,-0.1746344566345197,-0.06829500198363903,-0.0021038651466369906,-0.0016708970069885254,0.0034407973289489746,0.0006904602050780998,-0.00189208984375,0.005859375,0.007705003023147583
000d1c5d169f4fda93a32f2eaeac80d8,shallow,W5,a3_shallow_W5,4255.38446492619,1842308.9140476263,2706.4909411345757,742214.2483270877,1548.8935237916144,1100094.6657205387,15063.964285890605,4882741.0040922575,1595.7691743473213,0.0049741268157958984,-0.350419282913208,0.019588470458980822,-0.01853018999099726,0.0015633702278137207,0.007947027683258057,0.0009002685546875,-0.0023193359375,0.006591796875,0.011731117963790866
00133744383047b888486d10548eb32d,shallow,W5,a3_shallow_W5,3804.6640913176043,1520776.9491129236,2428.321882209865,615597.1210423417,1376.342209107739,905179.8280705819,14975.180970825204,4762295.458881242,1426.7490342441015,0.000982269644737216,0.03452181816101252,0.13668417930603383,-0.011984139680862427,0.0003997385501861017,0.004552841186523382,0.0006790161132813003,-0.0018310546875,0.007080078125,0.004971295595169123
0013d88f17a245b0bff5ebe713bd72ab,shallow,W5,a3_shallow_W5,4008.703230462941,1635070.538279667,2570.3079942548384,668507.3118970809,1438.3952362081027,966563.2263825862,14386.768140517977,4427530.341337206,1503.2637114236034,-0.004085928201675415,0.3647893667221087,0.4012453556060791,-0.0230357497930527,0.0018136799335478904,0.01037895679473877,0.0027084350585938003,-0.00244140625,0.007080078125,0.014638602733612116
0015eb3cf53b4339b2d0532cf912ab26,shallow,W5,a3_shallow_W5,4415.275704956073,1975654.1378154245,2794.7219251306474,789303.1124095127,1620.5537798254259,1186351.0254059117,15197.70834952931,5004155.538305863,1655.7283893585277,0.0002842396497726163,0.5304265022277832,0.47699928283691406,-0.04521650075912481,0.00791957974433899,0.009554177522659302,0.0032424926757811997,-0.00225830078125,0.025634765625,0.008345246315002441
001e6d1b655542b48dbe00f3a3ccc616,shallow,W5,a3_shallow_W5,3180.2517859276445,1079604.7631103466,1982.6581491062857,419974.2531494925,1197.5936368213588,659630.5099608542,14462.034797410306,4391175.092581317,1192.5944197228664,0.004203200340270996,-0.10435938835144043,-0.006010532379150391,-0.00333482027053833,0.00013971328735351562,0.004084616899490301,0.00024032592773440015,-0.00048828125,0.0052490234375,0.002729237079620306
001f17841a2642e4a9fa2f9b1687aa1e,shallow,W5,a3_shallow_W5,4108.7809189089085,1713674.06126536,2618.7129279112182,693281.0637652262,1490.0679909976902,1020392.9975001339,14499.472222505623,4520249.191190555,1540.792844590841,0.003964841365814209,0.2716463804244995,0.3132212162017822,-0.0217972993850708,0.007175654172897283,0.003412902355194092,0.0019302368164061997,-0.0015869140625,0.005615234375,0.014710664749145508
0029e901155f414696aa6b470cbe40d4,shallow,W5,a3_shallow_W5,4156.0212862609,1756092.0847964643,2648.124127278681,710066.1207242263,1507.8971589822186,1046025.964072238,14822.447217314422,4715396.6585319275,1558.5079823478375,-0.0003219842910766879,0.3263068199157715,0.3462564945220983,-0.023393809795379583,0.004210770130157415,0.0024428963661193848,0.0019607543945313003,-0.00323486328125,0.00830078125,0.012673884630203303
00317d7cb89c4f84b28090ec8eeb361a,shallow,W5,a3_shallow_W5,3968.743000876954,1648276.4945801154,2543.7410289372096,672409.0769426265,1425.0019719397442,975867.4176374889,15449.571025670914,5066240.069852861,1488.2786253288582,0.0020215213298797885,-0.007191896438598633,0.2296900749206543,-0.023686870932579096,-0.0044931769371032715,0.0073958635330200195,0.0008049011230469002,-0.0008544921875,0.012939453125,0.005041271448135404
003245510e8f4bcb98f1794348606f68,shallow,W5,a3_shallow_W5,4321.510146351306,1905465.9378652545,2748.146403497536,767193.0454168362,1573.3637428537695,1138272.8924484183,15391.195695682516,5085167.534399536,1620.5663048817396,5.464255809789487e-05,0.33678174018859863,0.43716669082641246,-0.024301141500473078,0.0028792917728423517,0.012197643518447876,0.0010337829589844002,-0.002685546875,0.006591796875,0.007171213626861628
004459ae7559418fad89ddb73e140b56,shallow,W5,a3_shallow_W5,4203.039196178808,1785638.86414212,2665.2091734084097,716091.7993194673,1537.8300227703985,1069547.0648226526,14539.038103300405,4559782.159105115,1576.139698567053,-0.006786115467548398,0.7693827152252197,0.4906761646270752,-0.04508709907531741,0.01829898357391363,0.011236399412155207,0.002410888671875,-0.0037841796875,0.012939453125,0.008340239524841253
0047b3f31cc844d2bfe8e59820b87312,shallow,W5,a3_shallow_W5,4315.341986765278,1893568.0293640695,2748.302570444634,764705.6058186734,1567.0394163206442,1128862.423545396,15231.824506227385,4991313.81190818,1618.2532450369795,0.00013639032840720433,0.33246517181396484,0.33603906631469727,-0.02301889657974243,-0.006609022617340088,-0.0021203756332398016,0.002166748046875,-0.002197265625,0.0185546875,0.011004865169525202
0048e8224b174b759771e39ff521ee2e,shallow,W5,a3_shallow_W5,3773.239413562352,1517200.2067840695,2410.3369419315823,614333.5206760429,1362.90247163077,902866.6861080267,14973.29412630934,4785131.09435928,1414.9647800858827,-0.001719832420349121,0.32996952533721746,0.35506606101989746,-0.014191210269927923,0.007779181003570557,0.010185569524765015,0.00041961669921870056,-0.000579833984375,0.0009765625,0.004276424646377619
004a33ffd2654583822bdd2eed1241ba,shallow,W5,a3_shallow_W5,3966.9150794141087,1614906.9577758163,2548.4247730678453,661372.285544633,1418.4903063462634,953534.6722311833,14363.932086730332,4429915.900295168,1487.5931547802907,-0.0008200928568840998,-0.06754755973815918,0.1461195945739746,-0.02814666926860812,-0.0056472718715667725,-0.001824021339416504,0.002471923828125,-0.00140380859375,0.01416015625,0.007572054862976074
0050d3fb84444ea1b9079a1575887aa1,shallow,W5,a3_shallow_W5,4077.4096238206,1676217.067639958,2571.834331554812,665762.2702313184,1505.575292265788,1010454.7974086397,13786.238614669302,4132510.350569765,1529.028608932725,0.0012409687042235773,0.0533294677734375,0.17778873443603516,-0.04134553670883179,-0.005004614591598511,0.003360688686370905,0.0036239624023438003,-0.0030517578125,0.027587890625,0.0048221647739409845
00519a09c83e410f9734b3cfe8bcb604,shallow,W5,a3_shallow_W5,4242.067939262242,1838753.9761887777,2711.2346554473547,746683.5738273,1530.8332838148876,1092070.4023614777,15093.888968327356,4898986.823786427,1590.7754772233407,-0.0022456645965577005,0.40992438793182373,0.32493114471435547,-0.02336066961288452,0.00831843912601471,0.006939738988876343,0.0028839111328125,-0.0013427734375,0.0244140625,0.008211731910705511
0053d2ac9bc14142bffaa42593c00a8a,shallow,W5,a3_shallow_W5,3131.7135737797535,1052357.100094185,2005.0547838335465,427965.1753018428,1126.658789946207,624391.9247923421,14197.29075386608,4226610.570672952,1174.392590167408,-0.0006604194641113004,0.008178949356080878,0.09897947311401722,-0.005153268575668307,-0.00834605097770691,0.0031584501266479492,0.0010528564453125,-0.0018310546875,0.007080078125,0.006435811519622803
005c0d7ccf7749f99a4cc8e88bda073d,shallow,W5,a3_shallow_W5,3437.3992633198045,1253932.0351388927,2146.0166855595535,489000.77375125233,1291.382577760251,764931.2613876404,14687.057949150365,4529352.536289618,1289.0247237449266,-0.0017365813255310059,0.21808385848999023,0.23870229721069336,-0.007834464311599676,0.0024187788367271007,0.004322618246078491,0.0001678466796875,-0.0003662109375,0.0009765625,0.005069077014923096
005ee892a99b4ae8a26bb1c8123fdd80,shallow,W5,a3_shallow_W5,3773.743814036682,1434470.7292942149,2378.909137329286,569118.4719821522,1394.8346767073963,865352.2573120627,12671.389838878418,3496855.1819431568,1415.1539302637561,0.003706239163875604,-0.37859678268432617,-0.19174575805664062,-0.03594556450843811,-0.006564736366272,-0.014129608869552668,0.0028457641601563003,-0.00018310546875,0.055908203125,0.0009357333183288019
006ce7ce9e1b45558fe805882a705991,shallow,W5,a3_shallow_W5,3253.2162484132273,1120508.9163994447,2031.1212774799615,437220.4776131663,1222.0949709332658,683288.4387862784,14536.620104946953,4414728.317721687,1219.9560931549602,-0.0008879601955413263,0.30578494071960627,0.351865291595459,-0.009378015995025635,0.003131866455078125,0.014179229736328125,0.000335693359375,-0.00164794921875,0.001953125,0.006158143281936701
006d40ce26e64b4c930124ddae278c05,shallow,W5,a3_shallow_W5,3843.5677452366463,1512005.9414478957,2462.8539637786166,616811.9325698223,1380.7137814580296,895194.0088780734,13722.841008009107,4054321.1779511585,1441.3379044637425,0.0018036663532257913,0.10724067687988281,0.07243990898132324,-0.015522688627242986,-0.004555016756057739,-0.0048494040966033936,0.0037078857421875,-0.00030517578125,0.017333984375,0.00881978869438177
00713006ea594a598ad966c5b36c7922,shallow,W5,a3_shallow_W5,4324.972558244474,1889076.4224652464,2731.2771662718806,751929.779461022,1593.6953919725938,1137146.6430042244,14773.50979526379,4738075.868569371,1621.8647093416785,-0.0017285719513892989,0.5910670757293666,0.5306899547576904,-0.04556918144226069,0.008129239082336426,0.010262787342071589,0.001953125,-0.005126953125,0.0029296875,0.011358261108398438
0078e62e7d774effa973885c78ffbf6a,shallow,W5,a3_shallow_W5,3698.0119620569158,1441257.368126713,2445.6883549875834,619034.4697038352,1252.3236070693324,822222.8984228778,14783.593750406268,4645465.050962965,1386.754485771344,0.001416131854057312,-0.3923368453979492,-0.1963424682617152,-0.016267269849777305,0.0032927095890045166,0.0015972256660461426,0.0012741088867188003,0.000732421875,0.00341796875,0.007282465696334783
007ced0c381749a394866f5fa71fd303,shallow,W5,a3_shallow_W5,3642.2533640274687,1367311.0371060232,2346.769676655354,563012.209423619,1295.4836873721147,804298.8276824042,13715.057382092926,3999377.144901173,1365.8450115103008,-0.000836521387100192,0.44721364974975586,0.502784252166748,-0.018299639225006104,0.002158224582672119,0.0102308988571167,0.0008316040039063003,-0.00177001953125,0.00732421875,0.012390062212944086
00820ef5fe4843cf8beef97281048215,shallow,W5,a3_shallow_W5,3995.0505503405793,1633284.9218003117,2561.4082471601387,666738.3224846296,1433.6423031804406,966546.5993156821,14306.910952735325,4395857.6669658525,1498.1439563777176,-0.0027494728565216064,0.4238396883010864,0.3275632858276367,-0.029833853244781494,0.008279606699943487,0.006479531526565607,0.0035858154296875,-0.0023193359375,0.01123046875,0.007657796144485474
008f8f5241b947f29838e2a780e3790a,shallow,W5,a3_shallow_W5,2989.152303523201,938493.5602089344,1867.8078683359245,366546.26351991086,1121.3444351872768,571947.2966890235,14420.323861224664,4303136.890815352,1120.9321138212006,-0.0005071759223937988,0.10537803173065186,0.1068615913391131,-0.0033613443374633234,-0.0006160438060760914,0.002686381340026911,0.0003890991210938003,-0.00140380859375,0.00244140625,0.004009485244751032
0092c97c01714eb98d6f4b635c5ee9ec,shallow,W5,a3_shallow_W5,3052.9817203990947,1011840.0371037761,1938.9760550338679,406690.92057607236,1114.0056653652268,605149.1165277038,13719.135691631667,3968612.1639588857,1144.868145149661,0.005760237574577304,-0.052763223648073065,0.07775545120239258,-0.004937142133712824,0.004959136247634888,0.007561922073364258,0.0007476806640625,-0.0006103515625,0.00634765625,0.006617158651351873
00a1a602456f4eb188b522d7ef19e81b,shallow,W5,a3_shallow_W5,4850.781179230474,2374166.99353877,3063.264688280298,945018.634296989,1787.516490950176,1429148.3592417808,16550.971640333213,5934127.714471201,1819.0429422114275,-0.004921197891235407,0.6859433650970441,0.5618786811828649,-0.04102008044719699,0.011413514614105225,0.013817846775054876,0.002166748046875,-0.00384521484375,0.01025390625,0.012632727622985784
00a1d892548542c7ab83565070737d6b,shallow,W5,a3_shallow_W5,4104.086398005511,1733113.5899308978,2615.0083323622316,699350.7617739964,1489.0780656432794,1033762.8281569014,15000.727658699396,4805875.222405648,1539.0323992520669,-0.0020815134048461914,0.18402457237243652,0.19429445266723633,-0.024617373943328802,0.0015891790390014926,0.0,0.0004196166992186997,-0.002197265625,-0.00048828125,0.006453216075897217
00a38a2327cd41b885d6ebbb6ac0a91c,shallow,W5,a3_shallow_W5,3656.9997868736277,1381826.5117857344,2357.144256537774,569475.9206987253,1299.855530335854,812350.5910870092,14039.809436414755,4179740.8610320487,1371.3749200776106,0.004317492246627808,0.07129788398742853,0.21766424179077148,-0.014089465141296414,-0.007554560899734497,0.00015145540237426758,0.0013046264648436997,-0.0020751953125,0.007080078125,0.01070249080657959
00a69ec5e0cb4e1b9c6d6285bde5de3e,shallow,W5,a3_shallow_W5,4417.800223787476,1982785.652302359,2804.1671334288117,796141.6140113313,1613.6330903586645,1186644.0382910278,15370.719218113592,5110283.760698486,1656.6750839203035,-0.0021424442529678067,0.5367487668991089,0.438997745513916,-0.030070871114730835,0.012141823768615806,0.008423894643783514,0.0020904541015625,-0.00091552734375,0.021484375,0.00616183876991272
00a776f578304cce8c096fc0034582ef,shallow,W5,a3_shallow_W5,4264.559428367914,1866334.136376046,2729.234996552764,759407.3603609522,1535.3244318151496,1106926.776015094,15548.356749371094,5178593.01381244,1599.2097856379673,-0.00028087198734289,0.36385536193847656,0.39631009101867676,-0.019956871867179815,0.005240380764007624,0.0053664445877075195,0.0022735595703125,-0.00048828125,0.012451171875,0.008941233158111628
00a97894440b42ebbde2435e9430106c,shallow,W5,a3_shallow_W5,4598.78668822672,2156354.9932489665,2930.3196757535616,871284.1789435869,1668.4670124731583,1285070.8143053795,16334.479379193388,5743095.127350373,1724.5450080850203,0.0005015134811401922,0.1265394687652588,0.2413487434387207,-0.022189497947692927,0.0034058988094329834,0.010578513145446777,0.0015945434570313003,-0.00128173828125,0.0107421875,0.01481255888938901
00a9925ae746466b91ce457c67bef43f,shallow,W5,a3_shallow_W5,3732.540877824168,1456843.496302255,2419.484670654404,605050.1218629939,1313.056207169764,851793.374439261,14622.606252980891,4538245.543472927,1399.7028291840631,-0.001814812421798706,0.3613138198852539,0.4010581970214879,-0.01473256945610052,0.0030628442764282227,0.007415443658828735,0.0018463134765625,-0.002197265625,0.0087890625,0.009036093950271606
00ae6eda19634ee6b0a4a52789c9ff90,shallow,W5,a3_shallow_W5,4177.576504614232,1825260.6756881764,2679.7763501321406,745207.7607658523,1497.8001544820918,1080052.914922324,16166.508810221669,5568016.100169586,1566.591189230337,0.0030919313430786133,-0.35504698753356934,-0.1781928539276123,-0.010952740907669012,0.0005192160606384277,0.008523941040039062,0.0010299682617188003,-0.00042724609375,0.00634765625,0.008591622114181602
00bc54b70fea4c94bf54bdb4d041522c,shallow,W5,a3_shallow_W5,4184.898621222094,1784451.6852865778,2676.878093750579,726086.5660162879,1508.0205274715154,1058365.1192702898,14870.461830455739,4761559.100380257,1569.3369829582855,-0.0023726671934127808,0.5821728706359846,0.6480050086975133,-0.030082836747169495,-0.0004931092262268066,0.006014347076416016,0.0007438659667969002,-0.00146484375,0.007080078125,0.0077653527259826105
00bf94f9be9346d5bf6fcdb88e0f68c3,shallow,W5,a3_shallow_W5,3866.004343230244,1553427.114343539,2488.6634485383006,638207.2672097108,1377.3408946919435,915219.8471338283,14596.878655377706,4556215.834765485,1449.7516287113413,-0.003441080451011602,0.2482306957244873,0.30900001525878906,-0.014741733670234708,0.0032172203063964844,0.010917633771896418,0.0015487670898436997,-0.00103759765625,0.009033203125,0.007503539323806707
00c01670fa9545fc82e1fbfb9f70a259,shallow,W5,a3_shallow_W5,4082.2022857418397,1697403.14493653,2603.45926334598,687468.3301477263,1478.7430223958595,1009934.8147888036,14836.576401220198,4696515.728443922,1530.8258571531899,-0.0034812092781066895,0.2897155284881592,0.30095338821411133,-0.0164945721626282,0.0036147534847260077,0.004569321870803833,0.0013961791992186997,-0.00286865234375,0.00390625,0.009117990732192993
00c1673e7c8e4c2fbc0c9a1084acc067,shallow,W5,a3_shallow_W5,3138.2221649109547,1057619.9049137598,1966.7840586907225,414911.2804254231,1171.4381062202322,642708.6244883367,14030.16829152521,4136089.1279091085,1176.8333118416078,0.000683516263961792,0.22003531455993475,0.2980923652648926,-0.006234586238861084,0.0027243494987487793,0.0053313374519348145,0.00031280517578120056,-0.00152587890625,0.0029296875,0.0037768483161925714
00c5fc33cf54446093cca570c2ac5db0,shallow,W5,a3_shallow_W5,3764.2567982729483,1484060.0086364031,2433.439387674931,614377.7948992644,1330.8174105980174,869682.2137371388,14599.92605345469,4553253.143601285,1411.5962993523553,0.0041609406471253,-0.34894227981567383,-0.1371526718139684,-0.011707872152328519,0.0004401206970214844,0.007088124752044678,0.0008888244628906007,-0.00079345703125,0.00830078125,0.0061481893062591
00cc1d02ab5c4e1abcbc080bbdc6bdc4,shallow,W5,a3_shallow_W5,3258.265133000995,1114984.3977024485,2031.4543115906067,433853.8948914142,1226.8108214103881,681130.5028110343,13809.19288349623,3998749.036519532,1221.8494248753732,0.004064500331878662,0.17042994499206365,0.13907432556152344,-0.007298827171325628,-0.0059642791748046875,-0.0001367330551148016,0.0004959106445313003,-0.0001220703125,0.00927734375,0.0033053159713745117
00d319b11c2c41c6b9a36287abf6922e,shallow,W5,a3_shallow_W5,3793.7604126210135,1454805.3052728674,2407.947081406724,584388.81289147,1385.8133312142895,870416.4923813974,13099.097058976462,3710927.5082843504,1422.6601547328803,0.0019246563315390985,-0.014303922653198242,0.21122217178344727,-0.028221905231475802,-0.0037304162979125977,0.003769397735595703,0.0018577575683593993,-0.0015869140625,0.0147705078125,0.006942927837371826
00d9bd8bee204fe3a42c320ce24a32fd,shallow,W5,a3_shallow_W5,3354.109023488157,1198685.4579799257,2096.3562579274403,468500.42300901556,1257.7527655607169,730185.03497091,14554.291815082259,4444107.3998416,1257.7908838080587,-0.0035676062107085904,0.21841347217559814,0.23214459419250666,-0.00813817977905279,0.0031536519527435303,0.0152465701103211,0.0003280639648436997,-0.001708984375,0.0009765625,0.0056988596916199286
00da1beacd7e456f81bcdd0343048166,shallow,W5,a3_shallow_W5,4233.940252999654,1833100.1528009898,2695.9891613726995,739502.4770768624,1537.9510916269546,1093597.6757241273,14872.541566727088,4793640.507258016,1587.7275948748706,0.001734912395477295,-0.13195872306823553,0.10512113571166992,-0.029502868652343778,0.0003527700901030939,0.004409492015838623,0.001556396484375,-0.00048828125,0.01513671875,0.0048683881759643
00db57d6cb5540089860f0de1d2c643d,shallow,W5,a3_shallow_W5,3904.7295367294964,1586300.529812498,2509.589550441143,649707.7040714041,1395.1399862883536,936592.825741094,14796.474033641942,4665858.53765568,1464.2735762735613,-0.00011895596981040257,0.25775909423828125,0.37871599197387695,-0.0203213840723038,0.006244063377380371,0.006823480129241943,0.0008201599121094002,-0.00146484375,0.003662109375,0.008699983358383234
00ddbd37e24c43569cb77919361bfaa9,shallow,W5,a3_shallow_W5,3843.1034795607575,1493763.1952462106,2439.1989010329085,599820.0233001367,1403.904578527849,893943.1719460739,13265.981128765983,3804158.7208644613,1441.1638048352845,-0.0015053227543830872,0.8221125602722168,0.47867536544799805,-0.03273499011993408,0.02070721983909607,0.0037553906440734863,0.0025405883789061997,-0.00244140625,0.00634765625,0.012237012386322021
00e99d9188c64441b8ae7a3f73f37164,shallow,W5,a3_shallow_W5,4350.0630344674255,1927367.7317001238,2768.7925783252535,777161.9587723986,1581.270456142172,1150205.7729277252,15223.544101458145,5015322.818299954,1631.2736379252842,0.0057793408632279,-0.6829416751861555,-0.1287245750427246,-0.022276103496551514,-0.0043161809444428045,0.0017447471618652344,0.002044677734375,-0.001708984375,0.0205078125,0.007703125476837103
00ea067d2d0d4e5abbe36abcdd2117b9,shallow,W5,a3_shallow_W5,3758.4244008532514,1469774.8681899311,2388.747328757648,590959.3750321002,1369.6770720956033,878815.4931578309,14889.904167765226,4671200.579863262,1409.4091503199695,-0.000880360603332464,0.22786736488342285,0.26053309440612793,-0.014338761568069514,0.0010815858840942938,0.00491106510162348,0.0005455017089843993,-0.00225830078125,0.0029296875,0.011094316840171814
00ed0007c9c84409adb2e257fad235d1,shallow,W5,a3_shallow_W5,3939.5861153698775,1601116.3044612706,2513.712754834194,648025.0501610121,1425.8733605356833,953091.2543002585,14400.864684193682,4446822.9084171215,1477.3447932637043,0.0045838057994843084,-0.38543105125427246,-0.18856406211853027,-0.01654970645904541,0.0010556280612946112,0.0026657581329345703,0.002349853515625,-0.00048828125,0.01806640625,0.0047313272953034
00ef198a19a8403d903dbfa7cfaaf9bd,shallow,W5,a3_shallow_W5,4505.201614086332,2053528.4320697766,2850.2863255969983,819891.2904092921,1654.9152884893333,1233637.1416604845,15437.9457292607,5171745.996268925,1689.4506052823747,-0.0020240247249602994,0.043497681617736816,0.15900373458862305,-0.03627003729343409,0.0022703260183333795,0.005021005868911688,0.0029754638671875,-0.0037841796875,0.02099609375,0.007658779621124268
00f9cb1a42b4498e838107f82557c9f3,shallow,W5,a3_shallow_W5,3879.8062780386545,1561325.4080341905,2497.690142651943,641708.1005630606,1382.1161353867114,919617.3074711299,14402.503895184802,4449612.927020466,1454.9273542644958,0.002122208476066617,0.06696343421936213,0.19466876983642578,-0.01733431220054621,0.003942668437957764,0.010097295045852661,0.0006790161132812994,-0.0001220703125,0.0067138671875,0.006447970867156982
00fa05ae10834647a8bf00c5a5a899a1,shallow,W5,a3_shallow_W5,4245.051207673791,1828490.864079209,2701.132038745016,737527.8657753696,1543.9191689287754,1090962.9983038395,14809.230660975072,4742768.738339342,1591.8942028776717,-0.0004337504506111006,0.40008187294006525,0.4286980628967214,-0.03453630208969122,0.009586334228515625,0.014450371265411377,0.0015335083007813003,-0.0029296875,0.005615234375,0.011912167072296087
00fab46ab0134de8b7c6b39f9ef2f708,shallow,W5,a3_shallow_W5,4230.7791418035695,1816169.7903263383,2689.6338179271957,731346.4472417458,1541.1453238763738,1084823.3430845924,14821.640399817225,4738829.596877261,1586.5421781763384,-0.001460388302803095,0.3495609760284424,0.4145371913909912,-0.024860188364982605,0.002790272235870417,0.008076578378677313,0.0027313232421875,-0.0023193359375,0.01220703125,0.008561462163925171
00fadd5980ed4228bc28217eb11c5d27,shallow,W5,a3_shallow_W5,2986.956682050576,963006.6859448857,1922.930788193533,394627.08884062036,1064.025893857043,568379.5971042654,13253.875906969926,3699340.9944620184,1120.1087557689664,0.000980898737907493,0.16310393810272217,0.19376873970031916,-0.005859851837158286,0.003492206335067749,0.00657731294631958,0.0006484985351563003,-0.00128173828125,0.007568359375,0.007095307111740112
00fd070ec367496582cb9410fb8d84a2,shallow,W5,a3_shallow_W5,3997.7188256110107,1656264.2461117962,2578.825216699737,682530.2667205979,1418.8936089112735,973733.9793911984,14759.260533170407,4683259.890393003,1499.1445596041294,0.0029317438602448065,-0.5317544937133789,-0.15985488891601207,-0.019780442118644714,0.0022526085376738947,0.0026174187660217285,0.0028076171875,-0.00079345703125,0.01123046875,0.0075330436229705255
00fe064ec39f4f42a8301f6699c37455,shallow,W5,a3_shallow_W5,4040.0718121719956,1673687.069302462,2593.739567932321,685017.3370423344,1446.3322442396748,988669.7322601277,14640.492949659909,4615486.911449227,1515.0269295644985,0.0008437484502792914,-0.43212413787841797,-0.05636215209960582,-0.01850965619087222,-0.0027906298637390137,0.005804002285003662,0.0010528564453125,-0.0028076171875,0.01025390625,0.009108036756515503
00fe7b40923644c3bf15be6fcb8195c2,shallow,W5,a3_shallow_W5,3783.7080360148034,1471415.3882481523,2437.663328012863,605672.48571976,1346.0447080019403,865742.9025283924,13931.876154084448,4149176.9069919414,1418.8905135055518,0.0026113241910933893,-0.028272867202760565,0.21665096282958274,-0.0096824169158935,-0.0009028911590576172,0.0036954283714294434,0.0010566711425781996,-0.0015869140625,0.006103515625,0.013375476002693176
01052f325d2a4422bf1dea6567d78347,shallow,W5,a3_shallow_W5,2831.6949049355726,836468.6599276424,1765.5403022626967,325395.49756593246,1066.1546026728759,511073.16236171,14030.579944090103,4073538.8003844344,1061.8855893508396,2.5898218154907227e-05,0.1149481534957868,0.11873364448547363,-0.003841161727905329,-0.0038828849792481024,-0.0009581148624419611,0.0001678466796875,-0.00146484375,0.00146484375,0.005194455385208185
0116e8e2de78456cab731ff73f65349f,shallow,W5,a3_shallow_W5,4144.193677984301,1794502.4121132838,2670.45233439519,737017.9105816664,1473.7413435891108,1057484.5015316173,15559.484710023282,5190149.451154099,1554.072629244113,0.005032777786254883,-0.48937559127807617,-0.13555765151977894,-0.01296223700046542,0.006506681442260742,0.01077812910079956,0.0008583068847656996,0.0003662109375,0.002197265625,0.0062056183815003
0118607beaed4571b94615a611bab570,shallow,W5,a3_shallow_W5,4409.097637625535,1970642.2143015587,2806.529699858347,795414.5159548855,1602.5679377671877,1175227.698346673,15405.232433051027,5127702.360128634,1653.4116141095758,0.0012862235307693204,-0.15388727188110174,0.05180954933166504,-0.018645897507667514,0.003780841827392578,0.005602329969406128,0.004180908203125,-0.00225830078125,0.0205078125,0.01006194949150091
011a2229b2f949ffaac35b39e9ee9d78,shallow,W5,a3_shallow_W5,4183.473618778302,1791077.6329162838,2680.129733656664,730175.9791710811,1503.3438851216379,1060901.6537452028,15068.213997099936,4872548.239853594,1568.8026070418637,0.0005601644515990933,0.24171352386474254,0.3372240066528356,-0.018870830535888672,0.0007864534854888361,0.001803040504455511,0.0014801025390625,-0.00164794921875,0.01416015625,0.012311816215515192
011e8dd9d04e4257b4c094b9cf279280,shallow,W5,a3_shallow_W5,4262.357631612724,1883206.3482680256,2712.1715295962067,758767.5287124391,1550.186102016517,1124438.8195555864,15860.472762193627,5374253.934653682,1598.3841118547714,-0.005977511405944769,0.3451192378997803,0.3655219078063965,-0.0235593318939209,0.004448965191841181,0.005032747983932495,0.0011138916015625,-0.0008544921875,0.0,0.006294280290603693
012323854937400b839b3bedf4faa010,shallow,W5,a3_shallow_W5,3934.645184272546,1572308.4021450037,2509.3743622570764,636662.7453637067,1425.2708220154695,935645.656781297,13819.266023877406,4111955.908150234,1475.4919441022053,-0.001004710793495206,0.3597140312194842,0.3170597553253174,-0.027642846107482993,-0.0025829374790191095,0.004093647003173773,0.0020675659179688003,0.000244140625,0.015869140625,0.008469372987747137
0123ecfeeaf14efc8183597f2099e925,shallow,W5,a3_shallow_W5,4730.155891900496,2256295.9796491726,2990.7530436628485,900262.8750167856,1739.402848237647,1356033.104632387,16170.342440829412,5661305.059282347,1773.8084594626862,0.0019401460886001864,0.07149934768676758,0.244065523147583,-0.026633471250534002,-0.003225028514862116,-6.034970283508301e-05,0.0018234252929686997,-0.002685546875,0.009033203125,0.010233491659164373
012648b0eed74f67ad28527119aac2c4,shallow,W5,a3_shallow_W5,3157.8069895190033,1056738.5735809582,1979.2629953849,414816.37998737924,1178.5439941341033,641922.1935935789,14145.052060222548,4185126.8773473795,1184.1776210696264,0.0027263164520264227,-0.2372908592224121,-0.1871025562286377,-0.003204822540283203,0.0032330751419067383,0.010129451751708984,0.00023269653320310071,-0.00128173828125,0.0003662109375,0.006465464830398504
012989686a534d73bd7989501e713630,shallow,W5,a3_shallow_W5,4142.939754612077,1736641.7966036384,2627.15347656945,696127.7186594272,1515.7862780426271,1040514.0779442112,14228.083776209513,4383621.033865239,1553.6024079795288,-0.0024569258093833923,0.6631207466125488,0.37078142166137695,-0.047191262245178306,0.013567268848419217,0.0050640106201171875,0.0041656494140625,-0.00103759765625,0.0263671875,0.010662674903869573
012a565d39a644ea89685ae6cd4e5d8c,shallow,W5,a3_shallow_W5,3301.587379946391,1166671.7246488025,2066.121659004393,456687.25954294007,1235.465720941998,709984.4651058625,14480.088950801952,4400385.344181712,1238.0952674798968,-0.0018372833728790838,0.2597641944885254,0.24914860725402832,-0.005638003349304199,0.003784686326980591,0.004292041063308771,0.0009078979492188003,-0.00103759765625,0.00927734375,0.006162345409393255
012c0d5217494d12881d6b089bed0232,shallow,W5,a3_shallow_W5,4201.768199788801,1815683.6282829985,2677.283123919822,732847.4568811276,1524.485075868979,1082836.171401871,15251.218959296806,4987821.849125982,1575.6630749208005,-0.002612024545669611,0.3370094299316406,0.3741645812988281,-0.024140939116478022,-0.0004572272300720215,0.008550554513931274,0.0025482177734375,-0.00146484375,0.006103515625,0.008959352970123236
012d625661ad4c76b706f410b9be0640,shallow,W5,a3_shallow_W5,4234.665679006284,1817038.3143088054,2692.504127520723,731896.2740417992,1542.1615514855612,1085142.040267006,14549.42639973671,4594539.160842878,1587.999629627357,0.0015383958816529014,0.5184322595596313,0.33710241317749023,-0.041202723979949896,0.01376171410083768,0.0036751627922058105,0.00152587890625,-9.1552734375e-05,0.02978515625,0.004186064004898127
013c9572481f47a3adb59c76a934e1e4,shallow,W5,a3_shallow_W5,4451.6710269200075,1999610.0867641557,2810.8960455264746,795638.6736591778,1640.774981393533,1203971.413104978,15159.864000375499,4984999.591758364,1669.3766350950032,-0.003749892115593012,0.47377705574035645,0.45410752296447754,-0.03986513614654538,0.0032535195350646973,0.009155064821243286,0.0031204223632813003,-0.00244140625,0.024658203125,0.0065288543701171875
013ff6659943447a9a569fdcbcd3abdb,shallow,W5,a3_shallow_W5,4067.5034738205813,1704845.8382855505,2606.269669006533,695110.2032292953,1461.2338048140482,1009735.6350562552,15187.705253572725,4912418.2757406095,1525.3138026827182,-0.0029873698949813843,0.32554328441619873,0.36013007164001465,-0.0136058628559112,0.004175260663032504,0.007268607616424616,0.0016708374023436997,-0.002197265625,0.00634765625,0.008974224328994695
0144192045784fc8906de276b4e09eaa,shallow,W5,a3_shallow_W5,4491.522049531821,2031761.4919785617,2830.852150783821,805943.8263073874,1660.669898748,1225817.6656711744,15153.649979171658,5001678.683208333,1684.3207685744333,-0.001319229602813693,0.3336143493652308,0.3970944881439209,-0.05048464238643649,0.006198838353157099,0.010008752346038818,0.0030059814453125,-0.00164794921875,0.01025390625,0.009044796228408813
014a10fd129844228a18b568b069661d,shallow,W5,a3_shallow_W5,4056.22038540096,1687158.2926399908,2588.1439078023955,682777.4189413745,1468.0764775985645,1004380.8736986163,14759.01098437859,4665580.441477016,1521.0826445253601,-0.004034370183944702,0.46679556369781494,0.5035233497619629,-0.021395057439804105,0.00551824271678919,0.009006351232528631,0.0045013427734375,-0.00091552734375,0.01123046875,0.013233274221420288
014ca29813304ce68204fb48dc217636,shallow,W5,a3_shallow_W5,3913.5588715475346,1561675.9462823325,2506.981416022887,637126.827628553,1406.5774555246476,924549.1186537795,13905.924256962833,4176138.392224031,1467.5845768303257,0.003029890358448001,-0.5201482772827148,-0.2047252655029297,-0.024966374039649908,-0.007771700620651301,0.004440784454345703,0.0023117065429688003,-0.00189208984375,0.02197265625,0.010593324899673517
014ccee408664909b71f80702d003e14,shallow,W5,a3_shallow_W5,3846.1740584679787,1545745.0611846494,2480.5650961904803,637411.2050748921,1365.6089622774984,908333.8561097572,14887.536300547703,4717618.913137939,1442.315271925492,0.0020164847373962125,-0.1306176185607928,0.051488876342769885,-0.016672939062118586,-0.0001588165760039728,0.009370863437652588,0.0010604858398438003,-0.00042724609375,0.009521484375,0.009703695774078314
01531de593f3468084dab12f6515e8e1,shallow,W5,a3_shallow_W5,3913.187909095937,1569711.321247765,2521.744045319171,646512.0471977843,1391.4438637767657,923199.2740499808,14323.698853540078,4386664.877386836,1467.4454659109765,-0.003860741853713906,0.4047977924346924,0.4236030578613281,-0.017291381955146817,0.006053589284419986,0.00843390822410578,0.0027389526367186997,-0.00244140625,0.005615234375,0.014368176460266113
0154c6fe068243d4b2d5a704dad1cbc6,shallow,W5,a3_shallow_W5,3514.0508687949614,1273851.1955472399,2273.1211770328714,527314.0537756289,1240.92969176209,746537.141771611,12955.28918133106,3593759.817251604,1317.7690757981106,0.0020694583654403964,0.06439805030822754,0.11721253395080211,-0.017980456352233887,-0.002393871545791626,-0.0012150406837462824,0.001190185546875,-0.0015869140625,0.004150390625,0.006289958953857366
01551e922711450f92b50843d4e0f2be,shallow,W5,a3_shallow_W5,4097.450750543908,1708523.6354237676,2610.6740830787567,690530.4930630304,1486.7766674651511,1017993.1423607372,14349.541851811144,4457699.995390865,1536.5440314539653,-4.318356513979826e-05,0.06501197814941051,0.2708780765533447,-0.029652819037437494,-0.003092974424362238,0.0007457435131072998,0.0023880004882813003,-0.00213623046875,0.01025390625,0.00996354222297674
0157b39c4b434ceba885ddace4f5b9bd,shallow,W5,a3_shallow_W5,4109.944560651079,1735400.9672462181,2636.7010930967344,708763.3288572261,1473.2434675543445,1026637.638388992,14978.45466359437,4805631.778608933,1541.2292102441545,-0.0022154748439787986,0.4428809881210327,0.44957995414733887,-0.019899666309356717,0.009394347667694009,0.013957649469375555,0.0012283325195313003,-0.0008544921875,0.010498046875,0.010226309299468994
0158a691a8a64bd39527c6f9e750c8ee,shallow,W5,a3_shallow_W5,3877.7622645762876,1565774.4439191886,2477.304193860338,635396.0515123616,1400.4580707159498,930378.392406827,15106.586372131742,4839650.900817963,1454.160849216108,0.005648285150527899,-0.3378617763519287,-0.23771405220031383,-0.010389328002929688,-0.0007062852382659912,0.006802111864089966,0.0005950927734375,-0.00225830078125,0.00146484375,0.004810333251953125
015c200ce786438c8e35ddf635d1e236,shallow,W5,a3_shallow_W5,3715.5946172641607,1438870.0085558735,2415.5765794516033,600976.8443281885,1300.0180378125574,837893.1642276851,14364.738017438445,4394182.065079122,1393.3479814740604,-0.0012472718954086859,0.3144681453704852,0.35256028175354004,-0.009196475148201017,0.004505828022956793,0.007703155279159601,0.001251220703125,-0.001220703125,-0.000732421875,0.00973168015480036
015d02aa38e04950825ec5f8dc3d533d,shallow,W5,a3_shallow_W5,4197.822758009977,1788914.3942005243,2676.464949105844,724324.8595388448,1521.3578089041334,1064589.5346616795,14835.583487091104,4740072.043221152,1574.1835342537413,0.0016964972019195002,-0.34430742263794123,0.03091573715209961,-0.023379161953926114,-0.0023244917392730158,0.004616498947143555,0.0018844604492186997,-0.00299072265625,0.0087890625,0.013788670301437322
015ee6e84a2d49e9b87dca6fdc4d49b4,shallow,W5,a3_shallow_W5,3685.1719958670483,1386226.788812689,2363.6271514061195,566453.3424796119,1321.5448444609287,819773.4463330772,13197.620513014639,3739705.3128820695,1381.9394984501432,0.0012621134519576888,0.01567721366882502,-0.031996965408325195,-0.01848490536212921,-4.005432128900699e-05,-0.0015186369419098456,0.004638671875,-0.00054931640625,0.0224609375,0.003185123205184881
016576dd30c1464f9115584748950ed2,shallow,W5,a3_shallow_W5,4097.257027979518,1712318.4461455455,2617.8689028293265,694939.0775554568,1479.3881251501916,1017379.3685900887,14487.21799202649,4524177.161678136,1536.4713854923195,0.0006122738122940063,-0.33602237701416016,-0.08321166038512828,-0.0237221568822861,-0.00507962703704834,-0.0011437833309173029,0.0038299560546875,-0.00091552734375,0.01806640625,0.00665593147277832
01688042f526490ba8fe14aace17a558,shallow,W5,a3_shallow_W5,3942.687446464305,1597223.3037002517,2548.3321321647695,661301.114513347,1394.3553142995356,935922.1891869047,14627.332186058731,4569416.370101322,1478.507792424114,0.004074841737747192,-0.513076782226559,-0.17664074897765403,-0.012633293867111206,-0.010412663221359253,-0.0004437565803527832,0.0009307861328125,-0.0010986328125,0.013916015625,0.007394522428512629
0169a7e8458246b1b371706f507ec511,shallow,W5,a3_shallow_W5,4290.031028310001,1853733.0309858043,2705.0621422230956,735847.9981392635,1584.968886086905,1117885.0328465407,14491.30444169112,4561432.717346953,1608.761635616251,0.0026061609387398044,-0.6409358978271484,-0.09682774543761852,-0.04534764587879181,0.002094805240631048,0.0003460645675659735,0.0031890869140625,-0.0018310546875,0.00927734375,0.005855828523635809
0170db45fb744c4b91ffdf97a3f75ea3,shallow,W5,a3_shallow_W5,4462.801793452042,2026100.2696956564,2814.564056398609,804110.9777838307,1648.2377370534332,1221989.2919118255,15614.398189588683,5256022.509585361,1673.5506725445164,0.0014000236988067627,0.2740353345870963,0.22020459175109863,-0.028097361326217596,0.0055842883884906006,0.0031429231166840155,0.0037841796875,0.00152587890625,0.033203125,0.0038307607173920233
017c41aac5db41f3bfe2f7938a4834d1,shallow,W5,a3_shallow_W5,4008.6077769920566,1662820.8417544602,2582.5906057505204,683590.9935306628,1426.0171712415363,979229.8482237974,14889.371628867217,4744668.6622024765,1503.2279163720216,-0.0009714663028717041,0.44772863388061346,0.5090820789337158,-0.02417346835136419,0.005015552043914795,0.011218070983886719,0.0013885498046875,-0.00201416015625,0.014892578125,0.008244752883911188
017e5dfc6d0d4c12b3f1196d85a16c9b,shallow,W5,a3_shallow_W5,4384.88714574169,1943763.0312913286,2770.987086266775,774337.3128957761,1613.900059474915,1169425.7183955526,15011.37268965108,4878809.309140401,1644.3326796531337,-7.091462612160426e-05,0.5120545625686663,0.2504861354827881,-0.02742087841033941,0.009143307805061313,0.005218148231506403,0.0018463134765625,-0.00042724609375,0.02587890625,0.002001196146011408
018034e069134727b9e6e5627234f42f,shallow,W5,a3_shallow_W5,4343.377158883175,1925092.367498975,2772.8585822277223,780468.6607574142,1570.5185766554528,1144623.7067415607,15473.015783636702,5148110.406091546,1628.7664345811909,0.0035563260316849032,-0.4383838176727295,-0.1643848419189453,-0.019848808646202087,0.000885158777236994,0.0012305676937103827,0.0015411376953125,-0.00225830078125,0.006103515625,0.006913512945175115
018487b190aa472caf198b265a3b4d61,shallow,W5,a3_shallow_W5,4261.1051713558945,1842400.1952239394,2712.0181378612924,743462.9867402014,1549.087033494602,1098937.208483738,14980.594802520174,4840348.666803374,1597.9144392584603,0.002412557601928711,-0.03853321075439631,0.15527129173278809,-0.027388066053390503,0.0003393590450286865,0.009054780006408691,0.00140380859375,-0.0023193359375,0.009521484375,0.008171290159225464
0184e485100e433c9032f2132e99e095,shallow,W5,a3_shallow_W5,4861.355564932412,2417987.6342492206,3112.373069494845,984689.8330397162,1748.9824954375667,1433297.8012095043,17537.244378513147,6595015.122282057,1823.0083368496541,-0.0010672807693482278,0.4283678531646711,0.38626790046691895,-0.018542706966400202,0.005378812551498358,0.010381132364273016,0.003173828125,-0.00225830078125,0.012939453125,0.011389404535293635
018f683e86ea42eb8e98935e890eb9fd,shallow,W5,a3_shallow_W5,4030.6658659668974,1661066.4126233526,2586.019040870457,679364.9212850233,1444.6468250964404,981701.4913383293,14533.731244470331,4531903.4497344615,1511.4996997375868,0.003871813416481018,-0.04199862480163574,0.15584945678710582,-0.01737999916076663,0.0007345080375671387,0.005819857120513916,0.0014114379882813003,-0.002685546875,0.009765625,0.008378297090530396
019a31cb0c1646758bc44d47366e32e6,shallow,W5,a3_shallow_W5,3086.1587765569525,989239.5792433544,1925.1048581306154,385009.307052257,1161.053918426337,604230.2721910974,14762.37488125439,4510728.11491584,1157.3095412088576,0.004232048988342285,-0.07923007011413574,0.00080108642578125,-0.0034845471382141113,-0.005693078041076605,0.010260939598083496,0.0003662109375,-0.0008544921875,0.00390625,0.003920614719390869
019c097c504c4e1dbefcd1079619b8cf,shallow,W5,a3_shallow_W5,3908.2856283002916,1594546.2572541102,2496.466660491029,646859.465194132,1411.8189678092626,947686.7920599782,15076.630807144857,4835986.22980295,1465.6071106126092,-0.0013403594493865967,0.34857690334320246,0.3856420516967791,-0.023404240608215277,0.008163809776306097,0.017962098121643066,0.0011672973632811997,-0.0018310546875,0.001220703125,0.013178825378417969
019cdc2fe9da4327aa8d617401d8189b,shallow,W5,a3_shallow_W5,4416.420795149195,1970884.44141399,2793.750327720032,786842.882822668,1622.6704674291632,1184041.558591322,15159.31549287208,4976004.335107579,1656.1577981809487,-0.0014644861221314032,0.20084619522094727,0.2836024761199951,-0.04109287261962899,-0.00014148652553561125,0.004256695508956909,0.0022659301757811997,-0.00201416015625,0.0146484375,0.008243352174758911
01a4a9aa5dfc4436891849a88f2e99e7,shallow,W5,a3_shallow_W5,3234.365873347845,1143742.745970786,2055.906083737215,459343.4252945491,1178.4597896106302,684399.320676237,14267.235730524624,4311718.739108859,1212.887202505442,0.0043141543865203025,-0.34246683120727717,-0.13518810272216797,-0.002673208713531494,-0.003982722759246826,0.0005180835723876953,0.0006332397460938003,-0.0013427734375,0.0068359375,0.007061004638671903
01a76c394cc640f6ad469199166ece29,shallow,W5,a3_shallow_W5,4225.495924579968,1828919.005646377,2717.162210144296,750640.6761748098,1508.3337144356724,1078278.3294715672,15560.056367897992,5160649.211538109,1584.5609717174882,-0.0027554780244826993,0.41237950325012207,0.4665064811706543,-0.016856044530868475,0.0023271143436431885,0.009769350290298406,0.0006866455078125,-0.0010986328125,0.00341796875,0.00672382116317749
01b853942c324f83a89d27e97796200c,shallow,W5,a3_shallow_W5,4125.086518074687,1773548.1153060198,2646.7738753238727,724415.4550278365,1478.3126427508141,1049132.6602781834,15789.624387870386,5309191.775105989,1546.907444278008,0.0027167797088623047,-0.0248563289642334,0.08300304412841442,-0.013492256402969305,0.000387728214263916,0.007250040769577026,0.000762939453125,-0.00189208984375,0.00927734375,0.005673706531524714
01c7a9010fa6463897e5919443c72886,shallow,W5,a3_shallow_W5,4114.276937217264,1732270.3691493866,2645.842660286732,711456.6934146227,1468.4342769305322,1020813.675734764,15004.1302660125,4808603.8122717785,1542.853851456474,-0.0012010037899017056,0.4170346260070801,0.4374349117279053,-0.019768774509429904,0.010969534516334478,0.010462462902069092,0.0014190673828125,-0.0025634765625,0.006103515625,0.013589009642601069
01c80c7c0e954db9a53a11fabc2053eb,shallow,W5,a3_shallow_W5,4384.173467266421,1941603.353796565,2783.05640036041,780186.9155351033,1601.1170669060107,1161416.4382614617,15121.794095502706,4940459.911571914,1644.065050224908,-0.0042162686586380005,0.5744147300720215,0.46890974044799805,-0.03624728322029122,0.006216123700141907,0.008172005414962769,0.003265380859375,-0.00079345703125,0.015625,0.008882373571395819
01d0e94dc746416484c9157bbe320203,shallow,W5,a3_shallow_W5,3023.3968389591996,985100.8930881829,1905.742515707916,390116.6024667461,1117.6543232512836,594984.2906214368,13689.324089451817,3940484.1338982005,1133.7738146097,0.0019014030694961825,0.061169862747190606,0.12487292289733887,-0.008416026830673218,-0.0006193816661834717,0.0009148716926574152,0.0010986328125,-0.001708984375,0.00341796875,0.0068973600864409845
01d1c15787514d14a4538256a88b43a5,shallow,W5,a3_shallow_W5,3979.818245753251,1614108.2284348537,2551.9745117611333,659834.004225594,1427.843733992118,954274.2242092597,14187.175017610369,4337616.233507378,1492.4318421574692,0.007032789289951408,-0.8313286304473877,-0.2956223487854004,-0.01761114597320551,-0.00725594162940979,-0.004079282283782959,0.0028533935546875,-0.00048828125,0.022216796875,0.009156018495559637
01d2ae479ed74c7188c270dea892cf67,shallow,W5,a3_shallow_W5,4410.357558306288,1980001.971186926,2802.3532455692316,796316.4382423421,1608.0043127370568,1183685.5329445838,15535.851531973878,5202448.697669879,1653.8840843648582,-0.00272482633590701,0.4469108581542969,0.48503994941711426,-0.027428284287452726,0.007837414741516113,0.01652425527572632,0.00152587890625,-0.00244140625,0.00244140625,0.01139295101165766
01d9dd3aa5dc46c3a44bfd40d5898c0e,shallow,W5,a3_shallow_W5,3922.7525778492823,1584222.4681535286,2519.193685909128,648300.2189391346,1403.5588919401544,935922.249214394,14486.784567962059,4484689.749553711,1471.032216693481,-0.0023066252470015924,0.478329062461853,0.5185151100158691,-0.022676289081573486,-0.003792345523834173,0.0035234689712524414,0.0015487670898436997,-0.000732421875,0.011962890625,0.007213383913040106
01eac793c4ec40c5aa6bbd09b45fc26a,shallow,W5,a3_shallow_W5,3698.9159870899857,1444913.8531209396,2342.780534699038,577923.3596391815,1356.1354523909476,866990.493481758,14890.884743030614,4695152.275578782,1387.0934951587446,0.001484215259552002,-0.013283491134641778,0.1992940902709961,-0.006420612335205134,0.0037189722061157227,0.012609899044036865,0.0004081726074218993,-0.0018310546875,0.00341796875,0.006353259086608942
01f0c1dd487e43f795830fe6008142e4,shallow,W5,a3_shallow_W5,4656.835836783889,2225622.875196702,3002.761624520303,917798.3464852977,1654.074212263586,1307824.5287114042,16985.851212020098,6192400.303304794,1746.3134387939585,0.0025022625923156183,-0.0597870349884051,0.250394344329834,-0.02091081440448761,0.0011722445487976074,0.011000514030456543,0.0016860961914063003,-0.00042724609375,0.017333984375,0.009700089693069402
01f1cc659cb847a4a7366b84844641c2,shallow,W5,a3_shallow_W5,5358.121290539043,2898063.9629769935,3377.2339476252523,1149675.9945460646,1980.8873429137907,1748387.968430929,18226.397790173316,7211463.845073288,2009.2954839521412,-0.003379002213478116,0.48446178436279297,0.5157244205474836,-0.029760152101516668,0.007498353719711304,0.0,0.0041351318359375,0.00030517578125,0.01025390625,0.010096997022628784
01f3115282994da9b32967eb2075d4aa,shallow,W5,a3_shallow_W5,2862.8839476879393,888400.4134151106,1812.941654368378,354939.3569405597,1049.9422933195613,533461.0564745509,14077.613108563286,4148553.409837794,1073.5814803829771,0.0059168934822083075,-0.27767300605774103,-0.25092244148254395,0.002717316150665283,-0.0012347400188446045,-0.0016979575157165527,0.0006790161132811997,-0.0015869140625,0.0048828125,0.007460027933120783
01f376bb2b5a4860a53914dbf66d4ac0,shallow,W5,a3_shallow_W5,4154.071357743774,1751347.991964349,2640.1860063561458,704869.7286006392,1513.885351387628,1046478.2633637099,14497.756844190435,4539522.052760435,1557.7767591539148,-0.0016145408153533936,0.4248887300491333,0.4406452178955078,-0.03113862872123721,0.006651222705841009,0.01110386848449707,0.0025558471679686997,-0.0029296875,0.009033203125,0.012553274631500189
01f3fb1336a444309e9959d359c8b4ab,shallow,W5,a3_shallow_W5,2994.6960052097893,963658.9392087597,1870.2640031101905,375990.4428403081,1124.4320020995988,587668.4963684515,14315.408543847887,4265549.824150863,1123.011001953671,-0.0007609724998474121,0.20120561122894287,0.23098826408385875,-0.004140794277191218,0.0019658207893372137,-0.0016863346099853516,0.0002899169921875,-0.0023193359375,0.001953125,0.005392283201217596
01f64ccc5e5049e29c3e8be0aaf31bd5,shallow,W5,a3_shallow_W5,4652.145265786661,2204657.2115101744,2953.3095404872684,884678.1306460444,1698.8357252993928,1319979.08086413,16257.243404685374,5710324.846582332,1744.5544746699982,-0.003387302160263117,0.6765258312225342,0.5134749412536621,-0.03296613693237299,0.019686877727508517,0.012892931699752808,0.0029144287109375,-0.00091552734375,0.0107421875,0.0086772739887237
01f6b5adc5c44c17b159d7dc2f7f6dd6,shallow,W5,a3_shallow_W5,4087.876312073637,1718319.012611703,2619.6808735526233,700503.601029746,1468.1954385210138,1017815.411581957,14991.996248111966,4805638.218496263,1532.953617027614,0.00012625753879538792,0.17266154289245605,0.2681541442871058,-0.03111691772937769,0.007097959518432617,0.00884324312210083,0.00115966796875,-0.0032958984375,0.01171875,0.006219536066055298
01f74014d40f436e91fbf60e7f688057,shallow,W5,a3_shallow_W5,3901.648888240694,1562171.7087560066,2513.40733740585,642913.9878346949,1388.241550834844,919257.7209213116,14250.80597583743,4356258.996069852,1463.1183330902606,0.002938464283943093,-0.4738104343414271,-0.15630722045898438,-0.00987902283668518,-0.005108475685119629,0.0008911490440368652,0.0011978149414063003,-0.001953125,0.010009765625,0.007658869028091431
01fb4fff624544a88317709570572e0f,shallow,W5,a3_shallow_W5,2992.465132012449,963046.1745799753,1863.1585134434836,373613.04876658623,1129.3066185689654,589433.1258133891,13631.77398886701,3898302.095509938,1122.1744245046689,0.0028206706047058105,0.09892940521240234,0.21817564964294078,-0.005319714546203558,-0.005873084068298395,0.006342828273773193,0.0007400512695311997,-0.00146484375,0.00634765625,0.007651507854461614
01fbee27f8f74a1eaf7e613de5cb78ee,shallow,W5,a3_shallow_W5,4119.008968611965,1728858.6532744307,2636.6372127860946,704484.0178116852,1482.3717558258709,1024374.6354627454,14680.64493367399,4639356.428690734,1544.6283632294874,0.0005837529897690097,0.08312702178955078,0.265567302703861,-0.021273478865623474,0.00562635064125061,0.004333704710006769,0.0028076171875,-0.00115966796875,0.0068359375,0.010146468877792358
01ffee46c0644a17a8ac9f9f3bf7ef4d,shallow,W5,a3_shallow_W5,4180.880048430862,1782116.5890949757,2668.0004960374017,722117.4876626647,1512.8795523934605,1059999.1014323109,14953.103975291628,4801630.6089287205,1567.8300181615732,-0.00021858513355260678,0.14490127563476918,0.30026435852050426,-0.021967887878418024,0.0005019903182983398,0.0012102127075195312,0.0012283325195312006,-0.002685546875,0.0103759765625,0.013376444578170776
0200b7f6eb574385ace14b2d03502ec2,shallow,W5,a3_shallow_W5,3819.9946364126445,1483651.4377039596,2435.361990871739,600316.1470626539,1384.6326455409053,883335.2906413057,13361.029813334611,3858946.1149108238,1432.4979886547417,0.004028096795082106,-0.4533231258392334,-0.1591968536376953,-0.023207902908325223,0.0006242692470551092,0.0003846883773803711,0.00543212890625,-0.000732421875,0.02197265625,0.003469169139862005
02010e17a28845cc921858cc24ece163,shallow,W5,a3_shallow_W5,3296.0909456398945,1103554.5071097706,2099.261930074016,445551.2784566553,1196.8290155658783,658003.2286531152,11412.326054941022,2817866.9924125504,1236.0341046149604,0.005639456212520599,0.6795120239257812,-0.20167827606201172,-0.017161697149276678,0.03249453008174902,-0.02690941095352173,0.00469970703125,0.004150390625,0.0458984375,0.0022900402545928955
02097b72cb764df79f0188df985014a5,shallow,W5,a3_shallow_W5,3666.6753796252456,1411096.4726467198,2366.4046470776166,580874.6191937188,1300.270732547629,830221.853453001,14400.362827794332,4406649.28301588,1375.0032673594674,-0.0006882548332214078,0.09717226028442383,0.15566706657409668,-0.0112801194190979,-0.007272660732269287,-0.0020851492881774902,0.000823974609375,-0.0015869140625,0.01025390625,0.006641417741775513
020bc99c57c04bf6abfc9fe91a6a1215,shallow,W5,a3_shallow_W5,4199.217134781713,1811479.3143561676,2679.1428181833967,733027.1987773089,1520.0743165983163,1078452.1155788586,15314.03441011374,5012852.773897071,1574.7064255431428,-0.002339467406272888,0.41382431983947754,0.43373823165893377,-0.020480453968048096,0.005400300025939997,0.010062932968139704,0.0014877319335936997,-0.001953125,0.00146484375,0.008153468370437567
0214176d73af485287532957baf9888b,shallow,W5,a3_shallow_W5,4218.997429103453,1806305.189637963,2683.8671523234143,728317.5957683979,1535.130276780039,1077987.593869565,14842.341874870393,4734404.86102488,1582.124035913795,0.0004414916038512906,0.3046536445617676,0.33913850784302113,-0.02445080876350403,0.005842491984367398,0.00763916969299322,0.0017166137695313003,-0.0025634765625,0.00439453125,0.009322047233581598
021504573eab4f8995e46ac306744e04,shallow,W5,a3_shallow_W5,3862.2688308738984,1566340.6208015918,2490.9170729762645,644204.2067455992,1371.351757897634,922136.4140559926,14899.134392685672,4737407.20104686,1448.3508115777122,0.005595728754997198,-0.37326574325561523,-0.2236497402191162,-0.006614357233047485,0.0010226964950561523,0.0007832646369934082,0.0006027221679686997,-0.000732421875,0.0078125,0.0054367780685424805
0219f955d31b4907b5eeb6a345a47eb2,shallow,W5,a3_shallow_W5,4167.767335184255,1752735.9154933551,2631.2752117372406,697238.3631157788,1536.4921234470144,1055497.5523775765,14145.690746547507,4340039.2118338095,1562.9127506940958,0.0008008927106857022,0.3848111629486102,0.3493309020996058,-0.041013509035110474,-0.0015265345573425293,0.005353271961212103,0.0021591186523438003,-0.0015869140625,0.029052734375,0.005182743072509821
021a5902e34c4742a828335c86bfe4cd,shallow,W5,a3_shallow_W5,4062.1833049108036,1666653.5392776239,2572.310983578491,666598.2998821185,1489.8723213323128,1000055.2393955054,13930.923006432888,4197479.942690335,1523.3187393415512,-0.0032701715826987943,0.5743807554244995,0.2512562274932897,-0.04814040660858157,0.014117434620857211,0.007362991571426392,0.004638671875,-0.00408935546875,0.01806640625,0.008866250514984075
0222f2054a72477a9af17694d4ab1a9e,shallow,W5,a3_shallow_W5,3298.6800482956696,1150026.9398842456,2138.5765824791524,477250.1684584033,1160.1034658165172,672776.7714258423,13231.342831204396,3715635.904393673,1237.0050181108763,0.0017255246639251154,0.028657913208007812,0.025032758712768555,-0.008696883916854914,-0.003363549709320013,-0.0021750628948212225,0.0010986328125,0.0,0.005126953125,0.0046319663524627686
0228c654c3b44da99c4b3b75d5f8b1cb,shallow,W5,a3_shallow_W5,4716.727590747535,2245360.991934629,2981.5820881722707,895344.5758184063,1735.1455025752643,1350016.4161162227,16070.992142872894,5599461.811259459,1768.7728465303258,-0.001851245760917608,0.41997313499450684,0.4461061954498291,-0.0390377938747406,0.004520446062087985,0.0091380774974823,0.0028076171875,-0.003173828125,0.033203125,0.00563210248947138
022a46a47f70497badb519b86f7d0dfa,shallow,W5,a3_shallow_W5,3042.944450252045,968047.7494915314,1894.305928236227,375587.98079420184,1148.6385220158181,592459.7686973296,14168.74163044529,4174176.2174822926,1141.104168844517,0.0002589821815491278,0.18891215324401678,0.22190332412719727,-0.009302407503128107,-0.00018233060836791992,0.007672190666198786,0.00041580200195309985,-0.00177001953125,0.0015869140625,0.005270838737487793
022c1581dcd44145a86c1522d7ab44d3,shallow,W5,a3_shallow_W5,4131.903465306962,1744115.3694816525,2631.1441865090405,703689.3172001122,1500.7592787979215,1040426.0522815404,14668.076346097347,4627980.799027295,1549.4637994901111,-0.003004088997840909,0.4204875230789167,0.42861223220825195,-0.033042818307876615,0.0032896697521209994,0.008335143327713013,0.0024261474609375,-0.0006103515625,0.008544921875,0.010347485542297363
023d8f2444234e6185ca713309cfeb99,shallow,W5,a3_shallow_W5,3452.7764642224743,1275712.8558135456,2199.311490689963,514404.58864451194,1253.464973532511,761308.2671690336,14405.965432020726,4382530.700461155,1294.7911740834281,-0.0019777566194534024,0.325653553009035,0.3622877597808838,-0.008201956748962402,0.001986086368560791,0.009200483560562134,0.000732421875,0.0001220703125,0.003173828125,0.00688812136650091
0247b01389f541e8a22ab2f98e44c953,shallow,W5,a3_shallow_W5,3174.9053788790648,1081089.7428468517,2050.1362431581274,445435.0336378581,1124.7691357209374,635654.7092089936,13743.848852680101,3978253.9561666897,1190.5895170796496,0.0010193586349487027,0.25705695152282715,0.32924294471741433,-0.013246178627014105,-0.0003509819507598877,0.00660175085067749,0.0009078979492188003,-0.0013427734375,0.005126953125,0.006394833326339722
024a0d26f2ab4be8bacf86127e23e6aa,shallow,W5,a3_shallow_W5,4273.506816918299,1874371.1132464707,2720.558565511386,756065.513847512,1552.9482514069127,1118305.5993989587,15429.931983767041,5109911.606979347,1602.5650563443621,-0.003657937049865695,0.35829901695251287,0.41768431663513184,-0.027535051107406616,0.0055961161851882935,0.01010385155677801,0.0035858154296875,-0.0037841796875,0.01220703125,0.008907943964004517
024b1ec28a404f46866c62a69d6370d8,shallow,W5,a3_shallow_W5,5381.595131516789,2947277.1099396977,3389.4430529133665,1167035.3586070759,1992.152078603422,1780241.7513326218,18930.36251468003,7699194.236655348,2018.0981743187958,8.338689804071597e-05,0.37253260612487793,0.35016894340515137,-0.021053284406661987,0.00788989663124079,0.008463263511657715,0.0018768310546875,-6.103515625e-05,0.02001953125,0.008592933416366577
025784ce00f14da9bcfe44013eb2289c,shallow,W5,a3_shallow_W5,4117.228239215248,1734335.3555503213,2635.581881274667,706398.4915267507,1481.6463579405813,1027936.8640235706,14919.256162730157,4752780.33405671,1543.9605897057186,-0.001100733876228388,0.26060879230499356,0.3152215480804461,-0.01916420459747309,0.0028323084115982056,0.009896814823150635,0.001190185546875,-0.002685546875,0.001708984375,0.01753181219100952
025828c4084440649cde38135a9d8a2e,shallow,W5,a3_shallow_W5,4585.75280846135,2117646.524201413,2887.1905121417367,838385.4904867811,1698.5622963196129,1279261.033714632,15430.190252600873,5187884.662798147,1719.6573031730065,-0.003198280930519104,0.38073897361755193,0.4879152774810791,-0.0478987246751785,0.004542678594589233,0.010917395353317205,0.0015487670898436997,-0.0035400390625,0.005126953125,0.010508567094802801
025c1e16f9634c71be21574417c1b8a7,shallow,W5,a3_shallow_W5,3934.2639267952727,1599109.8769185592,2517.4913758851612,649854.9870276208,1416.7725509101115,949254.8898909384,14707.762957274663,4621035.275102767,1475.3489725482277,-0.0011848807334899902,0.30652999877929865,0.3903353214263916,-0.015571802854537992,0.005533382296562195,0.012108981609344482,0.0013046264648436997,-0.0009765625,-0.0009765625,0.011151939630508423
025cf7f3f4524bf7b69a822007bcdf3a,shallow,W5,a3_shallow_W5,4287.345182500056,1916910.8051668059,2747.844222911147,780959.7175296734,1539.5009595889087,1135951.0876371325,16284.971688250154,5666448.778083844,1607.7544434375216,0.0004261732101440985,-0.3049278259277344,-0.18818020820617676,-0.011220276355743408,-0.0017962455749511719,0.00364607572555542,0.0007247924804686997,-0.00128173828125,0.001708984375,0.008081555366516113
026dd4fca8a347e799ff5bfd78df68bb,shallow,W5,a3_shallow_W5,3636.6227602181148,1407306.1530442098,2313.649788705467,566606.8557969226,1322.9729715126477,840699.2972472872,14863.21079476019,4697765.356456385,1363.7335350817932,0.0005323886871338168,0.15915751457214355,0.25281429290771484,-0.01021592319011691,0.008774429559707697,0.015192598104476984,0.0002593994140625,-0.00128173828125,0.00439453125,0.005610585212707464
0278450d1e324c33904e160e115f6fbd,shallow,W5,a3_shallow_W5,3644.3090521725876,1379391.6268945956,2364.02999333594,574608.8949772146,1280.2790588366474,804782.7319173809,14118.649379578155,4235280.618361322,1366.6158945647205,0.002495124936103793,-0.11192679405212402,0.04191398620605824,-0.016700059175491305,-0.0012330114841461737,0.005560100078582764,0.0003585815429688003,-0.000244140625,0.00634765625,0.004852026700973511
0281cce51dcb43988b3d3760c0fb335e,shallow,W5,a3_shallow_W5,4024.4154613004007,1657341.4718769807,2574.9923256096868,674570.0588721,1449.423135690714,982771.4130048808,14644.457459274157,4588320.239582585,1509.1557979876504,0.002605915069580078,0.06977021694183172,0.16655802726745605,-0.01386681199073797,-0.00831621885299677,-0.005632221698760986,0.001068115234375,-0.00286865234375,0.013427734375,0.010255053639411899
02871968fcbd46dc9f5059ec1fc7d13b,shallow,W5,a3_shallow_W5,4544.218860539905,2096796.4644838502,2887.1520523934623,843393.360425412,1657.0668081464428,1253403.1040584382,15787.93830552011,5402950.477353676,1704.082072702464,0.0027993619441985945,-0.6408452987670898,-0.2599036693573069,-0.0292996764183045,-0.00769573450088501,-0.0020070672035217285,0.0023040771484375,-0.002593994140625,0.0146484375,0.008801490068435669
0288b5d8dfda43b9938f0dcf1ac86da2,shallow,W5,a3_shallow_W5,3899.8370347781843,1544181.786061583,2491.338853650641,627336.3079552237,1408.4981811275434,916845.4781063594,13739.443439877583,4070815.3293110025,1462.4388880418192,0.0008435025811196067,0.39267897605895996,0.21728992462158914,-0.030667737126350403,0.0057160854339600164,0.005861818790435791,0.0015106201171875,-0.00189208984375,0.0048828125,0.009368926286697443
028f74fc5b384764826acb595846b9d8,shallow,W5,a3_shallow_W5,4825.662350320009,2353609.309063675,3052.7149149242528,939858.9814952648,1772.9474353957562,1413750.32756841,16640.235320630898,5983233.478437648,1809.6233813700037,0.001389592885971097,-0.18071413040161133,0.10745286941528676,-0.0326262563467026,0.0028615295886992853,0.008191734552383478,0.003265380859375,-0.00164794921875,0.01220703125,0.013314425945281982
0290737f64b14b08b87faa644580f3a9,shallow,W5,a3_shallow_W5,5246.423589696973,2804503.2837494463,3312.4876721047376,1114934.847211181,1933.9359175922355,1689568.4365382653,18489.738971588216,7347463.948187405,1967.4088461363647,0.00028859078884119205,0.5081725120544416,0.35288572311401367,-0.027605354785919245,0.012036442756652888,0.011131584644317682,0.0014266967773436997,-0.00189208984375,0.013427734375,0.0093655735254288
029bf16fe8e2495bbadd991b7358559a,shallow,W5,a3_shallow_W5,3916.237586613947,1590031.4371768727,2521.622948466289,653101.7233973596,1394.6146381476578,936929.7137795131,14360.020306454477,4453778.110619684,1468.5890949802301,0.0042442753911017955,-0.5423545837402362,-0.20649433135986328,-0.021095052361488287,-0.004207849502563421,0.0042008161544799805,0.0012741088867186997,-0.00079345703125,0.01904296875,0.006440460681915339
029d4dcccd66451c847a4dc5da36b5e6,shallow,W5,a3_shallow_W5,4624.968600630347,2172932.97676342,2936.9805568369825,872870.9771804763,1687.9880437933648,1300061.9995829435,16064.943477879606,5576428.180065092,1734.3632252363805,0.0012638568878173828,0.2993786334991455,0.2974116802215576,-0.02659368515014654,0.0017487108707427979,0.0076161921024321955,0.0021133422851563003,0.00030517578125,0.02001953125,0.005839645862579401
029e028b4a6842c29183b6a30bb2f04e,shallow,W5,a3_shallow_W5,4187.236305333861,1782120.054059118,2679.479813107715,725944.3357891686,1507.7564922261463,1056175.7182699493,14862.210463547159,4738487.242229147,1570.2136145001982,-0.0014286935329436978,0.47850489616394043,0.40265321731567383,-0.025772154331207303,0.004508301615714999,0.00652739405632019,0.003753662109375,-0.00286865234375,0.00537109375,0.01412847638130188
