object,object_idx,schedule,full_psnr,full_ssim,full_lpips,fg_psnr,fg_ssim,fg_lpips,bg_psnr,edge_psnr,edge_ssim,nef_ssim,bgwhite_psnr,bgwhite_ssim,bgwhite_lpips,crop_psnr,crop_ssim,crop_lpips,crop_area,fg_mask_corr,edge_fscore,fg_rgb_std,fg_grad_mag,fg_lap_var,fg_color_entropy,fg_hf_energy,fg_brightness_std,gt_fg_rgb_std,gt_fg_grad_mag,gt_fg_lap_var,gt_fg_hf_energy
obj_0024,0,c3_lhl,12.54809856414795,0.8355589509010315,0.23536193370819092,4.812557697296143,0.29422199726104736,0.23415018618106842,24.819650650024414,8.337528109550476,0.4664832055568695,0.29305240511894226,12.769877910614014,0.8725043535232544,0.20527943968772888,12.502644062042236,0.8342326283454895,0.23980946838855743,0.9895833333333334,0.7724609375,0.25258898735046387,0.030731201171875,0.404052734375,0.023406982421875,4.206480185190837,0.32805103063583374,0.216064453125,0.0015754402847960591,0.11607438325881958,0.002921456703916192,0.25589877367019653
obj_0025,1,c3_lhl,12.872844934463501,0.8354970216751099,0.2183612883090973,3.8820990920066833,0.16002850234508514,0.21123522520065308,23.21211576461792,7.339810132980347,0.425077885389328,0.15108367800712585,13.24333667755127,0.8905652165412903,0.18530461192131042,12.729746103286743,0.8319242596626282,0.2265883833169937,0.9674479166666666,0.8095703125,0.24662473797798157,0.025360107421875,0.52685546875,0.042816162109375,3.8453381856282554,0.338294118642807,0.27294921875,0.0016526883700862527,0.14729180932044983,0.0041066184639930725,0.2620851993560791
obj_0026,2,c3_lhl,12.370607852935791,0.8671396970748901,0.2680906057357788,6.4256298542022705,0.5702261924743652,0.2798038125038147,26.275479793548584,9.220197796821594,0.5286014676094055,0.5828937888145447,12.50583529472351,0.8744497895240784,0.2398722916841507,12.33654499053955,0.8660935759544373,0.27388519048690796,0.9921875,0.70703125,0.3133227825164795,0.041656494140625,0.2061767578125,0.01528167724609375,3.6633679072062173,0.3442845344543457,0.1363525390625,0.00174899201374501,0.06056072935461998,0.0013049868866801262,0.24992422759532928
obj_0027,3,c3_lhl,16.042191982269287,0.804799497127533,0.1640309989452362,9.407281279563904,0.22600629925727844,0.1681252419948578,20.350279808044434,7.867197394371033,0.3485090434551239,0.22639375925064087,17.690207958221436,0.8736429810523987,0.10632771253585815,15.98570466041565,0.8030925393104553,0.16684389114379883,0.9869791666666666,0.8271484375,0.2977469563484192,0.056640625,0.36279296875,0.0275115966796875,3.4268606503804526,0.33122751116752625,0.225830078125,0.04400356858968735,0.5555474758148193,0.030551383271813393,0.3318761885166168
obj_0028,4,c3_lhl,12.826664447784424,0.8512085676193237,0.18481600284576416,4.069920182228088,0.28564906120300293,0.19168250262737274,26.273088455200195,8.67064118385315,0.5037205219268799,0.2846547067165375,13.001415729522705,0.8935167789459229,0.16314291954040527,12.112125158309937,0.8328192234039307,0.21315506100654602,0.84765625,0.8359375,0.29979175329208374,0.0430908203125,0.326904296875,0.024444580078125,3.006876548131307,0.3539356291294098,0.18896484375,0.0017482951516285539,0.09203127771615982,0.0022653404157608747,0.24389447271823883
obj_0029,5,c3_lhl,12.327587604522705,0.8436918258666992,0.22057324647903442,4.427263140678406,0.26025161147117615,0.23049665987491608,24.90438222885132,8.137609362602234,0.4572935700416565,0.2591782212257385,12.535326480865479,0.8720852732658386,0.19587326049804688,12.282116413116455,0.8424431681632996,0.22443771362304688,0.9895833333333334,0.80078125,0.2741350829601288,0.0243682861328125,0.390380859375,0.02850341796875,3.886721054712931,0.3363192081451416,0.2210693359375,0.0016958093037828803,0.11238875240087509,0.0027358245570212603,0.25664496421813965
obj_0030,6,c3_lhl,12.956387996673584,0.8389163613319397,0.2111407369375229,3.8779255747795105,0.1773272007703781,0.20817649364471436,23.93157720565796,7.490143179893494,0.43653786182403564,0.16835761070251465,13.274871110916138,0.8931480050086975,0.17733237147331238,12.801529169082642,0.8352435231208801,0.2187151312828064,0.96484375,0.81787109375,0.272918701171875,0.026580810546875,0.494873046875,0.037322998046875,3.8669252395629883,0.3404242992401123,0.257080078125,0.001658280030824244,0.14085324108600616,0.0032602271530777216,0.26126906275749207
obj_0031,7,c3_lhl,17.189831733703613,0.9055407047271729,0.14080971479415894,3.8289281725883484,0.13636334240436554,0.12875227630138397,24.402284622192383,8.946492075920105,0.5371196866035461,0.10975855588912964,18.066757917404175,0.9638438820838928,0.10166460275650024,16.569077968597412,0.8989786505699158,0.16062815487384796,0.8515625,0.7841796875,0.321519672870636,0.02801513671875,0.7138671875,0.07000732421875,4.155984083811442,0.38460496068000793,0.26904296875,0.001699770917184651,0.17218564450740814,0.003322185017168522,0.2619533836841583
obj_0032,8,c3_lhl,12.30449914932251,0.8375166654586792,0.22202372550964355,4.283542335033417,0.24061335623264313,0.23186564445495605,24.660732746124268,7.57627010345459,0.44673770666122437,0.23918063938617706,12.524573802947998,0.8721542954444885,0.1920803040266037,12.201558351516724,0.8345595598220825,0.23020145297050476,0.9765625,0.80615234375,0.2547837197780609,0.02874755859375,0.4052734375,0.033355712890625,4.0008931159973145,0.33916160464286804,0.2275390625,0.0016393228434026241,0.11469222605228424,0.0027182060293853283,0.25772228837013245
obj_0033,9,c3_lhl,13.903969526290894,0.8285723924636841,0.2054692804813385,5.958753228187561,0.2429972141981125,0.18401947617530823,20.150938034057617,7.512461543083191,0.3636147081851959,0.2544651925563812,14.911806583404541,0.8968867063522339,0.1253458708524704,13.903969526290894,0.8285723924636841,0.2054692804813385,1.0,0.77294921875,0.42822012305259705,0.04046630859375,0.347412109375,0.0220489501953125,4.092267672220866,0.3829508423805237,0.21484375,0.004715133458375931,0.3733289837837219,0.027663253247737885,0.34184062480926514
obj_0034,10,c3_lhl,12.23138689994812,0.8442509174346924,0.2305571436882019,4.270039796829224,0.20813484489917755,0.23727211356163025,25.68953275680542,7.931005954742432,0.44625598192214966,0.20066173374652863,12.400376796722412,0.8671602606773376,0.2021075040102005,12.20871090888977,0.8436254262924194,0.2341977059841156,0.9947916666666666,0.8173828125,0.2810266315937042,0.0138092041015625,0.4296875,0.034912109375,3.7236266136169434,0.3518315255641937,0.2344970703125,0.0017677246360108256,0.13050790131092072,0.0032847393304109573,0.25780555605888367
obj_0035,11,c3_lhl,12.373208999633789,0.8609693050384521,0.22068104147911072,5.153513550758362,0.4386916756629944,0.24104946851730347,28.389322757720947,9.51080858707428,0.5425977110862732,0.444438636302948,12.462612390518188,0.8779211640357971,0.19561125338077545,12.211922407150269,0.8564650416374207,0.229983389377594,0.9635416666666666,0.7744140625,0.30133599042892456,0.04156494140625,0.26904296875,0.0218658447265625,3.9291191895802817,0.36129939556121826,0.162841796875,0.0017452128231525421,0.06373567134141922,0.001193782314658165,0.2491743564605713
obj_0036,12,c3_lhl,12.754186391830444,0.8832110166549683,0.2466200888156891,7.147418260574341,0.6505212783813477,0.26947835087776184,28.924810886383057,10.712957382202148,0.571937084197998,0.6628050208091736,12.831422090530396,0.8882341980934143,0.22008995711803436,12.737189531326294,0.8827529549598694,0.25180330872535706,0.99609375,0.67041015625,0.36322927474975586,0.03680419921875,0.1806640625,0.0121307373046875,3.1976155440012612,0.36445391178131104,0.1207275390625,0.0012855773093178868,0.04661750793457031,0.0008510876214131713,0.24970488250255585
obj_0037,13,c3_lhl,12.710651159286499,0.87128746509552,0.23041069507598877,6.0560959577560425,0.5420844554901123,0.24270737171173096,27.67042636871338,9.415298700332642,0.5652949213981628,0.5506414771080017,12.821475267410278,0.8836429119110107,0.2046455293893814,12.630754709243774,0.8690692186355591,0.23580914735794067,0.9817708333333334,0.720703125,0.3011685609817505,0.045013427734375,0.2259521484375,0.01273345947265625,3.3067933718363443,0.3372049033641815,0.1514892578125,0.001510823261924088,0.06411946564912796,0.0011891770409420133,0.24807123839855194
obj_0038,14,c3_lhl,12.356672286987305,0.8744377493858337,0.24357269704341888,6.332026124000549,0.5846405625343323,0.2550930976867676,28.199808597564697,10.325813293457031,0.5594008564949036,0.595677375793457,12.442933320999146,0.8798266649246216,0.21620780229568481,12.356672286987305,0.8744377493858337,0.24357269704341888,1.0,0.71240234375,0.3483738899230957,0.03680419921875,0.18505859375,0.012451171875,3.1254016558329263,0.3371736407279968,0.1314697265625,0.0017384013626724482,0.05119014531373978,0.0009822031715884805,0.24995923042297363
obj_0039,15,c3_lhl,12.807700634002686,0.8824260830879211,0.2212718427181244,6.399526596069336,0.5942698121070862,0.24030804634094238,29.221110343933105,10.019979476928711,0.5691949129104614,0.6058124303817749,12.88529634475708,0.8873247504234314,0.20168671011924744,12.727802991867065,0.8802430033683777,0.22724904119968414,0.9817708333333334,0.705078125,0.3417760133743286,0.05377197265625,0.2098388671875,0.013702392578125,3.7383370399475098,0.3580680191516876,0.1353759765625,0.0016342614544555545,0.04926087334752083,0.0009574342402629554,0.24938569962978363
obj_0040,16,c3_lhl,12.180917263031006,0.8682318925857544,0.2638568878173828,6.485773324966431,0.5911232233047485,0.2808299660682678,28.35787534713745,9.888243675231934,0.5635640621185303,0.6021860837936401,12.258621454238892,0.8737476468086243,0.23582807183265686,12.180917263031006,0.8682318925857544,0.2638568878173828,1.0,0.7041015625,0.33944380283355713,0.033447265625,0.1822509765625,0.01319122314453125,3.33314847946167,0.34800198674201965,0.126708984375,0.0016892837593331933,0.05076004937291145,0.0010393911506980658,0.24966438114643097
obj_0041,17,c3_lhl,12.531625032424927,0.858495831489563,0.21174192428588867,4.958411157131195,0.4409240782260895,0.2199212610721588,26.09325647354126,8.393359780311584,0.5299314856529236,0.4486622214317322,12.693651914596558,0.8872977495193481,0.18000328540802002,12.340929508209229,0.8536367416381836,0.22250187397003174,0.95703125,0.7841796875,0.3253473937511444,0.043914794921875,0.2369384765625,0.017608642578125,3.4124579429626465,0.3447515070438385,0.1624755859375,0.0015064734034240246,0.06947643309831619,0.0013318024575710297,0.2529527246952057
obj_0042,18,c3_lhl,13.210328817367554,0.8446025252342224,0.19782887399196625,4.219900667667389,0.22276221215724945,0.19403012096881866,23.90084981918335,7.8719329833984375,0.45569103956222534,0.21848033368587494,13.550547361373901,0.8977391123771667,0.1682930886745453,13.055529594421387,0.8410415053367615,0.20589901506900787,0.96484375,0.80126953125,0.27014124393463135,0.028717041015625,0.43115234375,0.032440185546875,3.7758847077687583,0.34131893515586853,0.2366943359375,0.0016531238798052073,0.14005401730537415,0.0038918391801416874,0.25963667035102844
obj_0043,19,c3_lhl,12.833603620529175,0.8764667510986328,0.22005122900009155,5.392645001411438,0.4590264856815338,0.2248196303844452,25.605196952819824,8.921362161636353,0.5512552857398987,0.4652150273323059,13.027749061584473,0.8880208134651184,0.19119635224342346,12.701554298400879,0.8727340698242188,0.22959119081497192,0.9700520833333334,0.751953125,0.29946279525756836,0.051788330078125,0.276123046875,0.0140380859375,4.60941743850708,0.33626729249954224,0.1807861328125,0.0018097510328516364,0.06896987557411194,0.0012986555229872465,0.24898900091648102
obj_0044,20,c3_lhl,14.270823001861572,0.8760668635368347,0.1626676470041275,3.8449102640151978,0.2609647214412689,0.16503408551216125,26.38294219970703,8.596602082252502,0.5318588614463806,0.2579725980758667,14.522147178649902,0.9248450398445129,0.13218577206134796,13.801697492599487,0.8675985336303711,0.17901967465877533,0.8958333333333334,0.82958984375,0.2928470969200134,0.048126220703125,0.396728515625,0.0284423828125,3.645685831705729,0.3699302077293396,0.201904296875,0.0017071758629754186,0.09422709792852402,0.0018649769481271505,0.25217053294181824
obj_0045,21,c3_lhl,12.82382607460022,0.8847725987434387,0.24901443719863892,7.506126165390015,0.6926262974739075,0.27544575929641724,28.848450183868408,11.619318723678589,0.5910130739212036,0.7038569450378418,12.901676893234253,0.890640914440155,0.22763840854167938,12.82382607460022,0.8847725987434387,0.24901443719863892,1.0,0.654296875,0.38112252950668335,0.042938232421875,0.1533203125,0.0081939697265625,2.721670389175415,0.33980828523635864,0.10125732421875,0.0018088154029101133,0.04084412008523941,0.000886729802004993,0.24815717339515686
obj_0046,22,c3_lhl,12.745121717453003,0.8332334160804749,0.21295030415058136,3.9704090356826782,0.17883816361427307,0.2184581458568573,24.00996685028076,7.690709233283997,0.4408719837665558,0.17074237763881683,13.039201498031616,0.8847782015800476,0.1834394335746765,12.595858573913574,0.8293005228042603,0.2205844223499298,0.9661458333333334,0.810546875,0.24254083633422852,0.0282745361328125,0.50390625,0.036651611328125,3.990131457646688,0.32955390214920044,0.2666015625,0.001674356171861291,0.1328643411397934,0.0029439986683428288,0.25787824392318726
obj_0047,23,c3_lhl,18.200522661209106,0.8738958835601807,0.1109224408864975,8.505773544311523,0.1878630518913269,0.11793770641088486,23.789172172546387,8.792665600776672,0.5157513618469238,0.1717059463262558,19.473395347595215,0.9287154078483582,0.06887920200824738,17.86894917488098,0.8678271770477295,0.11855027079582214,0.9231770833333334,0.8779296875,0.3752571642398834,0.033355712890625,0.39306640625,0.03472900390625,3.030266761779785,0.3762311637401581,0.191162109375,0.07231704890727997,0.31035107374191284,0.015109765343368053,0.32113581895828247
obj_0048,24,c3_lhl,13.616050481796265,0.8558588624000549,0.1968768984079361,5.071256756782532,0.3193163275718689,0.20849564671516418,26.83936834335327,9.564608931541443,0.49756404757499695,0.32025596499443054,13.798885345458984,0.8947069644927979,0.1679556667804718,12.890173196792603,0.8379099369049072,0.21679361164569855,0.845703125,0.8193359375,0.35127711296081543,0.04620361328125,0.3515625,0.021484375,3.536931276321411,0.34185120463371277,0.1920166015625,0.00425975676625967,0.13810065388679504,0.0046258349902927876,0.21589992940425873
obj_0049,25,c3_lhl,12.96540379524231,0.836399495601654,0.20814035832881927,3.9716380834579468,0.17653152346611023,0.20357781648635864,23.949475288391113,7.680475115776062,0.43174126744270325,0.16938194632530212,13.28235387802124,0.8921676278114319,0.1787116974592209,12.822474241256714,0.8326988220214844,0.21574656665325165,0.9674479166666666,0.80419921875,0.2636733055114746,0.0219879150390625,0.48486328125,0.038604736328125,3.816737095514933,0.3399961590766907,0.264892578125,0.0016406411305069923,0.14275778830051422,0.0035645233001559973,0.2612035572528839
obj_0050,26,c3_lhl,13.336042165756226,0.8445563912391663,0.2073347568511963,4.223686754703522,0.21903473138809204,0.20320749282836914,24.31335687637329,7.921717166900635,0.4478042423725128,0.21149277687072754,13.654699325561523,0.9003238677978516,0.17467476427555084,13.239326477050781,0.8424121141433716,0.21126054227352142,0.9778645833333334,0.78564453125,0.2761993408203125,0.0234527587890625,0.484130859375,0.036651611328125,3.7779091199239097,0.3293571174144745,0.254150390625,0.0015414139488711953,0.12538424134254456,0.0029416487086564302,0.2557294964790344
obj_0051,27,c3_lhl,12.937346696853638,0.8765057325363159,0.21734073758125305,5.972905158996582,0.5346139669418335,0.22907832264900208,25.76909303665161,9.11691427230835,0.5554536581039429,0.5451040267944336,13.12395691871643,0.8939076662063599,0.1864352822303772,12.834347486495972,0.873984158039093,0.22662922739982605,0.9765625,0.724609375,0.3312285840511322,0.0401611328125,0.2191162109375,0.015350341796875,3.2825432618459067,0.34401747584342957,0.141357421875,0.0016134425532072783,0.06173891946673393,0.0012337870430201292,0.24566097557544708
obj_0052,28,c3_lhl,12.452504634857178,0.8599679470062256,0.24021758139133453,5.432196855545044,0.4646645784378052,0.2507750391960144,27.63770580291748,8.969274163246155,0.5423277616500854,0.4714401364326477,12.559927701950073,0.8765908479690552,0.21212001144886017,12.34371304512024,0.8568654656410217,0.25042033195495605,0.9752604166666666,0.75146484375,0.276224821805954,0.044403076171875,0.26416015625,0.0189056396484375,3.6194230715433755,0.33853307366371155,0.1697998046875,0.0014871760504320264,0.06284182518720627,0.0012226341059431434,0.24678809940814972
obj_0053,29,c3_lhl,12.488768100738525,0.8467337489128113,0.22989849746227264,4.511485993862152,0.25270795822143555,0.23443669080734253,25.28860330581665,8.227531909942627,0.4546070694923401,0.24939778447151184,12.686430215835571,0.8722723722457886,0.20645081996917725,12.431857585906982,0.8452114462852478,0.23332655429840088,0.9869791666666666,0.8017578125,0.2739641070365906,0.028839111328125,0.408935546875,0.028106689453125,4.05122447013855,0.3368867337703705,0.2261962890625,0.00172794284299016,0.13946743309497833,0.003430117852985859,0.2552303969860077
obj_0054,30,c3_lhl,12.788376808166504,0.8323681950569153,0.21394586563110352,4.5455217361450195,0.24292555451393127,0.21876949071884155,24.311859607696533,8.119363188743591,0.45221951603889465,0.2391655296087265,13.059402704238892,0.8805162906646729,0.1847749501466751,12.697051763534546,0.829971969127655,0.21777193248271942,0.9791666666666666,0.779296875,0.2341252863407135,0.02972412109375,0.439208984375,0.0261383056640625,4.281349182128906,0.32062995433807373,0.23486328125,0.001590475207194686,0.11741627007722855,0.0029040102381259203,0.25444838404655457
obj_0055,31,c3_lhl,12.878546714782715,0.856982409954071,0.2299547791481018,5.854803919792175,0.46342653036117554,0.22129784524440765,25.417006015777588,8.59677255153656,0.4718952476978302,0.4746536910533905,13.079320192337036,0.8798636794090271,0.20177868008613586,12.769755125045776,0.8540843725204468,0.2360534369945526,0.9752604166666666,0.74951171875,0.27887389063835144,0.04937744140625,0.232666015625,0.0157012939453125,3.9226282437642417,0.3446647822856903,0.155517578125,0.001699404208920896,0.12006845325231552,0.003989312797784805,0.2603553235530853
obj_0056,32,c3_lhl,12.58614182472229,0.8751690983772278,0.25390318036079407,6.858038306236267,0.6302146911621094,0.2706582546234131,27.868688106536865,10.163130760192871,0.5786722302436829,0.6412501931190491,12.682223320007324,0.8815971612930298,0.22725209593772888,12.540665864944458,0.8738551139831543,0.2594241797924042,0.9895833333333334,0.681640625,0.3574005663394928,0.04888916015625,0.1822509765625,0.01073455810546875,3.461483875910441,0.3353813886642456,0.12188720703125,0.001537871197797358,0.04905855655670166,0.0009597673779353499,0.2470199465751648
obj_0057,33,c3_lhl,16.342955827713013,0.901494026184082,0.1454675942659378,3.7727490067481995,0.1603672355413437,0.13886316120624542,25.546531677246094,9.301119446754456,0.5427614450454712,0.148695707321167,16.869794130325317,0.9534229636192322,0.1101379469037056,15.753240585327148,0.8942523002624512,0.1667018085718155,0.8658854166666666,0.796875,0.29636746644973755,0.032623291015625,0.6240234375,0.07220458984375,3.744560877482096,0.37943223118782043,0.28369140625,0.0015748342266306281,0.13943004608154297,0.0027258587069809437,0.2583162486553192
obj_0058,34,c3_lhl,13.086771965026855,0.8436263203620911,0.20765449106693268,3.7643083930015564,0.16200940310955048,0.2028588503599167,22.961490154266357,6.756791472434998,0.4212932288646698,0.15060603618621826,13.505927324295044,0.8997511267662048,0.17639699578285217,12.896850109100342,0.8392866849899292,0.21733522415161133,0.95703125,0.826171875,0.26153090596199036,0.02655029296875,0.50634765625,0.039154052734375,3.844407399495443,0.3498348891735077,0.25390625,0.0016411582473665476,0.14604206383228302,0.0034875022247433662,0.26273855566978455
obj_0059,35,c3_lhl,12.613359689712524,0.8412730693817139,0.22498586773872375,4.331522583961487,0.2291935682296753,0.22880958020687103,25.274271965026855,8.09083342552185,0.4544074535369873,0.22436879575252533,12.820218801498413,0.8782687783241272,0.1974513828754425,12.527754306793213,0.8389820456504822,0.2289579063653946,0.98046875,0.8037109375,0.2644856870174408,0.0240936279296875,0.4296875,0.031768798828125,4.186801115671794,0.3397567570209503,0.234130859375,0.0016819535521790385,0.11821537464857101,0.0028719017282128334,0.2548387944698334
obj_0060,36,c3_lhl,12.713185548782349,0.8785077929496765,0.23351261019706726,6.132641434669495,0.5565702319145203,0.25271347165107727,26.696157455444336,9.418674111366272,0.5545121431350708,0.5674245357513428,12.852010726928711,0.8861274719238281,0.20863734185695648,12.610185146331787,0.8755937218666077,0.24383413791656494,0.9765625,0.71484375,0.29723960161209106,0.044769287109375,0.218017578125,0.0160369873046875,3.425661484400431,0.34258854389190674,0.1488037109375,0.0017297109588980675,0.05800313502550125,0.0011185031617060304,0.24582183361053467
obj_0061,37,c3_lhl,12.568637132644653,0.8452411890029907,0.21629205346107483,4.367455840110779,0.2452126145362854,0.22200541198253632,23.898634910583496,7.678984999656677,0.4492069184780121,0.2421587109565735,12.852097749710083,0.8806307911872864,0.1883508861064911,12.517455816268921,0.8438512086868286,0.22047166526317596,0.98828125,0.80712890625,0.2881746292114258,0.025360107421875,0.4033203125,0.0301666259765625,3.9036651452382407,0.3499847650527954,0.2158203125,0.0016863050404936075,0.11985104531049728,0.002943129278719425,0.26074010133743286
obj_0062,38,c3_lhl,17.226521968841553,0.8099928498268127,0.16855815052986145,10.976715087890625,0.24213774502277374,0.20220033824443817,30.826971530914307,12.102735042572021,0.6334663033485413,0.23157978057861328,17.375153303146362,0.8295477032661438,0.1574701964855194,17.226521968841553,0.8099928498268127,0.16855815052986145,1.0,0.85302734375,0.24122142791748047,0.10296630859375,0.2496337890625,0.01409149169921875,3.3954495588938394,0.40479201078414917,0.1165771484375,0.1964152604341507,0.3491023778915405,0.018574021756649017,0.36698293685913086
obj_0063,39,c3_lhl,13.806761503219604,0.8492850661277771,0.20917248725891113,4.999341666698456,0.306954562664032,0.19650793075561523,24.45889949798584,8.163642883300781,0.46042099595069885,0.3098810911178589,14.148104190826416,0.9036803841590881,0.17156124114990234,13.570849895477295,0.8438385128974915,0.22105005383491516,0.9466145833333334,0.734375,0.2746921479701996,0.03814697265625,0.42431640625,0.028289794921875,3.927097717920939,0.31916362047195435,0.2464599609375,0.0014185929903760552,0.13814468681812286,0.004295718390494585,0.2560015618801117
obj_0064,40,c3_lhl,12.623986005783081,0.8808853626251221,0.23840032517910004,6.770252585411072,0.6331572532653809,0.2622830867767334,28.265395164489746,10.22678256034851,0.589402437210083,0.6437429189682007,12.713220119476318,0.8866254091262817,0.21617217361927032,12.60698676109314,0.8804183006286621,0.2433995008468628,0.99609375,0.6875,0.36952683329582214,0.044586181640625,0.1767578125,0.010284423828125,3.5056873162587485,0.34049320220947266,0.1177978515625,0.001622866722755134,0.046623535454273224,0.0009754133061505854,0.24747049808502197
obj_0065,41,c3_lhl,13.3771812915802,0.8491114974021912,0.20629262924194336,5.291617512702942,0.37214013934135437,0.1963537633419037,24.7428035736084,7.527993321418762,0.4424144923686981,0.38160839676856995,13.656914234161377,0.8924074172973633,0.16829454898834229,13.151153326034546,0.8436011075973511,0.21728351712226868,0.94921875,0.76953125,0.2545534074306488,0.055206298828125,0.303466796875,0.023040771484375,4.2491739590962725,0.338739812374115,0.18603515625,0.0016258477699011564,0.14290466904640198,0.004566315561532974,0.26328137516975403
obj_0066,42,c3_lhl,12.488261461257935,0.8726599216461182,0.2387060523033142,6.077238917350769,0.530985414981842,0.25492680072784424,26.92864179611206,8.982166051864624,0.5394481420516968,0.5397589206695557,12.611517906188965,0.8799294829368591,0.2098579704761505,12.408362627029419,0.8702988624572754,0.24445538222789764,0.9817708333333334,0.724609375,0.34269222617149353,0.033905029296875,0.2158203125,0.0140838623046875,3.8529410362243652,0.3529130816459656,0.140380859375,0.0016811286332085729,0.06168394535779953,0.0011533423094078898,0.24795952439308167
obj_0067,43,c3_lhl,12.71868109703064,0.876056969165802,0.24111297726631165,6.161617636680603,0.541256308555603,0.25545865297317505,25.812714099884033,8.754107356071472,0.5307669043540955,0.5521283149719238,12.889764308929443,0.8843149542808533,0.21016840636730194,12.609888315200806,0.8729128837585449,0.2515020966529846,0.9752604166666666,0.712890625,0.29415810108184814,0.0443115234375,0.2288818359375,0.0167694091796875,4.263227462768555,0.34101858735084534,0.1529541015625,0.0017570522613823414,0.06194613501429558,0.0011907578445971012,0.2466941475868225
obj_0068,44,c3_lhl,13.299448490142822,0.8555929660797119,0.21086576581001282,5.6824928522109985,0.43226948380470276,0.21292780339717865,26.243445873260498,8.673561215400696,0.4960392713546753,0.43891990184783936,13.487393856048584,0.8865958452224731,0.18690624833106995,13.167450428009033,0.8521955013275146,0.21949993073940277,0.9700520833333334,0.75390625,0.284351110458374,0.056884765625,0.285888671875,0.01812744140625,4.21698538462321,0.3318280577659607,0.16845703125,0.0016655570361763239,0.12796753644943237,0.004053119104355574,0.25679197907447815
obj_0069,45,c3_lhl,23.496668338775635,0.93858802318573,0.10701073706150055,12.99655795097351,0.15546540915966034,0.016014061868190765,23.58649492263794,17.05051898956299,0.7288106083869934,0.11937695741653442,39.98864412307739,0.9981460571289062,0.040506936609745026,23.19463014602661,0.9347905516624451,0.13327324390411377,0.6685638427734375,0.11669921875,0.20365257561206818,0.0299835205078125,0.41650390625,0.028533935546875,3.691307862599691,0.43097880482673645,0.2147216796875,0.0018238842021673918,0.5083404779434204,0.010131782852113247,0.42129456996917725
obj_0070,46,c3_lhl,13.48493218421936,0.8635129928588867,0.18906235694885254,5.382232069969177,0.4740348160266876,0.2022068202495575,27.28161096572876,9.33164358139038,0.5588493943214417,0.48028048872947693,13.641866445541382,0.9039056897163391,0.1612871289253235,13.241045475006104,0.8585069179534912,0.20357142388820648,0.9453125,0.7548828125,0.3363710939884186,0.05072021484375,0.265869140625,0.01486968994140625,4.009043534596761,0.35238367319107056,0.1541748046875,0.0017328164540231228,0.06943756341934204,0.0013538176426663995,0.24958455562591553
obj_0071,47,c3_lhl,13.08254599571228,0.8553752899169922,0.21404655277729034,5.479298830032349,0.40319907665252686,0.21218648552894592,23.895118236541748,7.838285565376282,0.45964372158050537,0.4138006567955017,13.395549058914185,0.8867517709732056,0.18437066674232483,12.897758483886719,0.8504900932312012,0.22068661451339722,0.9583333333333334,0.76220703125,0.2515186369419098,0.05169677734375,0.281005859375,0.02093505859375,4.30678113301595,0.34055814146995544,0.1806640625,0.001643115421757102,0.13519062101840973,0.004085271153599024,0.25955015420913696
obj_0072,48,c3_lhl,17.958695888519287,0.9181705117225647,0.1301645040512085,3.5958173871040344,0.12978006899356842,0.11213929951190948,23.31228017807007,6.684334874153137,0.5023670792579651,0.10221351683139801,19.408700466156006,0.9742687344551086,0.0955824926495552,17.288808822631836,0.9123125076293945,0.15366697311401367,0.8411458333333334,0.814453125,0.39327919483184814,0.0328369140625,0.65185546875,0.072021484375,3.752265453338623,0.3855661451816559,0.2420654296875,0.0014526793966069818,0.23158957064151764,0.004343257751315832,0.2632853090763092
obj_0073,49,c3_lhl,13.27054738998413,0.8486156463623047,0.20379804074764252,3.655065894126892,0.16310976445674896,0.1979742795228958,23.007121086120605,6.807500123977661,0.42806318402290344,0.15405982732772827,13.707691431045532,0.9068449139595032,0.16746705770492554,13.034359216690063,0.8434464931488037,0.21499791741371155,0.9466145833333334,0.83056640625,0.2926664352416992,0.0281982421875,0.4775390625,0.05401611328125,3.5465866724650064,0.36496591567993164,0.253662109375,0.0016351608792319894,0.1450953185558319,0.00354227633215487,0.26397833228111267
obj_0074,50,c3_lhl,12.513388395309448,0.8820202946662903,0.2017917037010193,5.5850207805633545,0.5459046959877014,0.2259139120578766,27.83641815185547,9.364428520202637,0.5730676651000977,0.5549141764640808,12.616850137710571,0.8898518681526184,0.18521538376808167,12.357958555221558,0.8777898550033569,0.21101728081703186,0.96484375,0.7548828125,0.3759915828704834,0.046630859375,0.18603515625,0.01282501220703125,3.3870232899983725,0.36339154839515686,0.12841796875,0.001682644127868116,0.05208122357726097,0.0010531583102419972,0.25100091099739075
obj_0075,51,c3_lhl,16.566407680511475,0.8429792523384094,0.13685566186904907,8.013875484466553,0.22596952319145203,0.15324141085147858,25.21047830581665,9.23184871673584,0.4851909279823303,0.21736331284046173,17.120895385742188,0.8947508335113525,0.10956534743309021,16.332497596740723,0.8371996283531189,0.14458319544792175,0.9466145833333334,0.8095703125,0.3010571599006653,0.056182861328125,0.37646484375,0.0298614501953125,3.697794040044149,0.3486250638961792,0.2017822265625,0.06563004851341248,0.43340736627578735,0.02153215929865837,0.3159645199775696
obj_0076,52,c3_lhl,12.42946743965149,0.8706970810890198,0.2547760605812073,6.322408318519592,0.562547504901886,0.27090856432914734,28.444461822509766,9.839819073677063,0.551835834980011,0.5732779502868652,12.51283884048462,0.8760867714881897,0.23095044493675232,12.389700412750244,0.8695077896118164,0.26055145263671875,0.9908854166666666,0.70751953125,0.3108048141002655,0.037261962890625,0.212158203125,0.0144500732421875,3.5265959898630777,0.33227023482322693,0.147216796875,0.0017872737953439355,0.05507197603583336,0.0010669997427612543,0.24907827377319336
obj_0077,53,c3_lhl,16.727837324142456,0.9094870686531067,0.14329062402248383,3.2954123616218567,0.11012136191129684,0.12799936532974243,23.523590564727783,7.849215865135193,0.5233976244926453,0.08537900447845459,17.70540475845337,0.9638317823410034,0.10471881926059723,16.11105442047119,0.902980387210846,0.16537714004516602,0.85546875,0.830078125,0.3815731108188629,0.0191497802734375,0.6337890625,0.078125,2.72349484761556,0.3942781090736389,0.27099609375,0.0014502530684694648,0.17714031040668488,0.003489514347165823,0.2626931071281433
obj_0078,54,c3_lhl,18.41375470161438,0.9179543256759644,0.1283927857875824,3.96049827337265,0.20259074866771698,0.10590779781341553,23.318345546722412,7.037431001663208,0.5403130650520325,0.18165720999240875,20.058839321136475,0.9770548343658447,0.08909253776073456,17.75629997253418,0.9128363132476807,0.15042126178741455,0.8411458333333334,0.796875,0.4205028712749481,0.046630859375,0.63134765625,0.056396484375,4.176085789998372,0.3943295478820801,0.2041015625,0.0015427807811647654,0.23948612809181213,0.004468112252652645,0.2668702304363251
obj_0079,55,c3_lhl,13.36467981338501,0.8571915626525879,0.20855914056301117,5.708989500999451,0.43422311544418335,0.20873689651489258,24.827096462249756,7.957060933113098,0.4766293466091156,0.4458042085170746,13.632901906967163,0.8915627598762512,0.17978131771087646,13.17407488822937,0.8527381420135498,0.2163895219564438,0.95703125,0.7529296875,0.2614782750606537,0.05279541015625,0.265625,0.0184326171875,4.14249849319458,0.34568560123443604,0.16748046875,0.0017274449346587062,0.12692002952098846,0.0036374470219016075,0.26103460788726807
obj_0080,56,c3_lhl,16.974681615829468,0.8185479044914246,0.13775832951068878,11.55549168586731,0.2857910394668579,0.12901046872138977,19.536911249160767,7.818853259086609,0.35608208179473877,0.2946473956108093,19.731743335723877,0.8861874341964722,0.07989687472581863,16.974681615829468,0.8185479044914246,0.13775832951068878,1.0,0.8154296875,0.3291323781013489,0.057769775390625,0.367431640625,0.022003173828125,3.993142048517863,0.31866756081581116,0.222412109375,0.07459451258182526,0.4543401002883911,0.02638646960258484,0.37839722633361816
obj_0081,57,c3_lhl,12.68423318862915,0.8775094151496887,0.22325259447097778,6.052615642547607,0.5409719944000244,0.24166354537010193,26.937687397003174,9.230570197105408,0.5506958961486816,0.5512810945510864,12.814903259277344,0.8883998394012451,0.19585290551185608,12.604334354400635,0.875339925289154,0.2285955548286438,0.9817708333333334,0.7265625,0.3679206967353821,0.03143310546875,0.19970703125,0.0133209228515625,3.4474264780680337,0.3458188474178314,0.1309814453125,0.0016392553225159645,0.06016528233885765,0.0011628788197413087,0.24746301770210266
obj_0082,58,c3_lhl,17.33773112297058,0.9058315753936768,0.13171443343162537,3.636963367462158,0.1530877649784088,0.12568607926368713,25.043528079986572,8.521315455436707,0.5592610239982605,0.12595684826374054,18.113317489624023,0.9655635952949524,0.09909538924694061,16.696399450302124,0.8991919755935669,0.15263323485851288,0.8489583333333334,0.8154296875,0.38219043612480164,0.03558349609375,0.7041015625,0.073486328125,3.9350462754567466,0.4092012643814087,0.2379150390625,0.0015801071422174573,0.17079035937786102,0.0033900002017617226,0.2618459165096283
obj_0083,59,c3_lhl,15.294437408447266,0.8426254391670227,0.18653088808059692,7.767217755317688,0.3725348711013794,0.23575426638126373,23.877441883087158,8.597438335418701,0.4531653821468353,0.3809272348880768,15.834604501724243,0.8826554417610168,0.15018098056316376,15.294437408447266,0.8426254391670227,0.18653088808059692,1.0,0.806640625,0.31870236992836,0.07025146484375,0.324462890625,0.0308074951171875,3.714215358098348,0.37319275736808777,0.1878662109375,0.01628517173230648,0.2279002070426941,0.008952603675425053,0.29079002141952515
obj_0084,60,c3_lhl,13.38184118270874,0.8565571308135986,0.2080182582139969,5.461752414703369,0.436164528131485,0.20693427324295044,25.32186985015869,8.307318687438965,0.4888021647930145,0.4448621869087219,13.623874187469482,0.8973410129547119,0.17688575387001038,13.14987063407898,0.8513321876525879,0.21950499713420868,0.9479166666666666,0.7587890625,0.28718817234039307,0.051177978515625,0.268798828125,0.016845703125,4.413435141245524,0.3371964991092682,0.1634521484375,0.0016662667039781809,0.116675466299057,0.0032709501683712006,0.2583809196949005
obj_0085,61,c3_lhl,12.156156301498413,0.8411437273025513,0.21866047382354736,4.204463362693787,0.22086262702941895,0.22907966375350952,24.33234691619873,7.400407195091248,0.4347135126590729,0.21641463041305542,12.38521695137024,0.8687710165977478,0.1960756778717041,12.12209939956665,0.8401822447776794,0.2226545512676239,0.9921875,0.81396484375,0.27843597531318665,0.019866943359375,0.4140625,0.033111572265625,3.84418519337972,0.34637734293937683,0.2373046875,0.0017123781144618988,0.11917010694742203,0.0027704101521521807,0.2589639723300934
obj_0086,62,c3_lhl,17.671350240707397,0.8231380581855774,0.1567966639995575,11.753038167953491,0.37405508756637573,0.19448097050189972,26.767220497131348,9.895750284194946,0.4938952922821045,0.3763982653617859,18.102974891662598,0.8325645923614502,0.14123307168483734,17.64298439025879,0.8220266103744507,0.15982848405838013,0.9934895833333334,0.84814453125,0.25528720021247864,0.08612060546875,0.251220703125,0.016693115234375,3.3011630376180015,0.3470444977283478,0.1624755859375,0.08214379847049713,0.2937554717063904,0.011146069504320621,0.32860201597213745
obj_0087,63,c3_lhl,12.921098470687866,0.8433764576911926,0.21064148843288422,5.415116548538208,0.40873876214027405,0.20671504735946655,24.464871883392334,7.800461053848267,0.47145330905914307,0.4168565571308136,13.182271718978882,0.8834971189498901,0.17718815803527832,12.718697786331177,0.8380106091499329,0.22503580152988434,0.9544270833333334,0.7734375,0.26000308990478516,0.050262451171875,0.248046875,0.013092041015625,4.098521550496419,0.33911585807800293,0.1624755859375,0.0016680245753377676,0.12532265484333038,0.003825525287538767,0.25963637232780457
obj_0088,64,c3_lhl,12.561534643173218,0.8822572827339172,0.21854420006275177,6.083506345748901,0.5772950649261475,0.24465537071228027,28.377532958984375,9.698533415794373,0.5665544867515564,0.5880657434463501,12.651180028915405,0.8879458904266357,0.203396275639534,12.51034140586853,0.8808619379997253,0.22305352985858917,0.98828125,0.7275390625,0.36911383271217346,0.0408935546875,0.1881103515625,0.0134124755859375,3.4056222438812256,0.35773763060569763,0.12481689453125,0.0016733723459765315,0.05074382945895195,0.001045131590217352,0.24832892417907715
obj_0089,65,c3_lhl,17.3076069355011,0.9163686037063599,0.12793932855129242,3.353574573993683,0.12521208822727203,0.11701700836420059,24.02700662612915,7.3723673820495605,0.515429675579071,0.10272239148616791,18.3096444606781,0.9683833718299866,0.09424750506877899,16.65814757347107,0.9104017615318298,0.14641931653022766,0.8502604166666666,0.837890625,0.4257616102695465,0.0201416015625,0.67578125,0.084716796875,3.3198830286661782,0.41832658648490906,0.2486572265625,0.001461373525671661,0.20275744795799255,0.003978651016950607,0.2662058472633362
obj_0090,66,c3_lhl,12.371820211410522,0.8412230610847473,0.21956872940063477,4.398286044597626,0.23618553578853607,0.23333142697811127,24.96650218963623,8.031026721000671,0.4583872854709625,0.2311328649520874,12.579329013824463,0.8729588389396667,0.19528351724147797,12.349144220352173,0.8405904769897461,0.22258232533931732,0.9947916666666666,0.8017578125,0.27825498580932617,0.0152435302734375,0.419677734375,0.0301513671875,3.854989767074585,0.3448808193206787,0.2294921875,0.001740225125104189,0.11391069740056992,0.002885229652747512,0.25917771458625793
obj_0091,67,c3_lhl,19.31672692298889,0.9303427934646606,0.12361472845077515,4.575578570365906,0.17139431834220886,0.09156020730733871,21.581895351409912,5.963872075080872,0.5031939744949341,0.16064965724945068,23.139636516571045,0.9869950413703918,0.08266797661781311,18.605629205703735,0.9255703687667847,0.14131313562393188,0.8216145833333334,0.76025390625,0.35162872076034546,0.0308990478515625,0.5185546875,0.037353515625,4.580728530883789,0.39090579748153687,0.13525390625,0.0014997667167335749,0.3646222651004791,0.006427023094147444,0.2776802182197571
obj_0092,68,c3_lhl,14.49831485748291,0.8830259442329407,0.15637797117233276,3.5165944695472717,0.19427619874477386,0.16439437866210938,25.570688247680664,8.188263177871704,0.5227569937705994,0.18582503497600555,14.824423789978027,0.9307606816291809,0.12665176391601562,13.977298736572266,0.8743804693222046,0.175420343875885,0.8841145833333334,0.8486328125,0.3125300109386444,0.043792724609375,0.43408203125,0.037506103515625,3.4025793075561523,0.3779488503932953,0.2115478515625,0.0015128491213545203,0.10190162807703018,0.0020698723383247852,0.2531519830226898
obj_0093,69,c3_lhl,12.455867528915405,0.8327361345291138,0.23467221856117249,4.319740831851959,0.24544064700603485,0.23263341188430786,24.67341184616089,7.68385112285614,0.4422864019870758,0.24195455014705658,12.68442988395691,0.8777394890785217,0.20375406742095947,12.38754391670227,0.8309407234191895,0.2382049262523651,0.984375,0.81494140625,0.3000234365463257,0.021881103515625,0.381591796875,0.02984619140625,3.77831761042277,0.3458900451660156,0.215576171875,0.0017773233121261,0.12956029176712036,0.0032174016814678907,0.2566561996936798
obj_0094,70,c3_lhl,12.323315143585205,0.8490856289863586,0.2390974462032318,5.408239960670471,0.4529948830604553,0.2542852759361267,27.28116512298584,9.384152293205261,0.541159451007843,0.4584089517593384,12.435945272445679,0.868647575378418,0.21031233668327332,12.208724021911621,0.8457565903663635,0.24959753453731537,0.9739583333333334,0.7529296875,0.25554007291793823,0.055084228515625,0.2890625,0.0186614990234375,4.159018198649089,0.3422010838985443,0.1690673828125,0.001444207038730383,0.06388057768344879,0.001258622040040791,0.24812467396259308
obj_0095,71,c3_lhl,17.547974586486816,0.9154413342475891,0.13823255896568298,3.6247894167900085,0.13133476674556732,0.11629889905452728,24.36647891998291,7.870174050331116,0.5425164103507996,0.10449456423521042,18.524181842803955,0.9685543775558472,0.10161881148815155,16.900084018707275,0.9095472097396851,0.16190402209758759,0.8502604166666666,0.810546875,0.3843153119087219,0.0286712646484375,0.671875,0.0650634765625,3.6296139558156333,0.38652506470680237,0.2646484375,0.0015234434977173805,0.19558991491794586,0.0036710305139422417,0.2643672823905945
obj_0096,72,c3_lhl,17.69216299057007,0.8549677729606628,0.11853544414043427,8.758118152618408,0.27573060989379883,0.13082203269004822,25.27010440826416,8.7230384349823,0.48159459233283997,0.2691427767276764,18.42780351638794,0.9074403047561646,0.08567725867033005,17.255982160568237,0.8449979424476624,0.13596107065677643,0.9010416666666666,0.8603515625,0.38018614053726196,0.03668212890625,0.371337890625,0.03070068359375,3.030512809753418,0.3676251769065857,0.2252197265625,0.039568834006786346,0.4003449082374573,0.022864654660224915,0.3459443747997284
obj_0097,73,c3_lhl,15.637398958206177,0.8974917531013489,0.1533450484275818,3.26144278049469,0.10664355009794235,0.14587615430355072,25.436437129974365,8.89219582080841,0.5359691977500916,0.08751139789819717,16.091487407684326,0.9484764933586121,0.1175868809223175,15.029356479644775,0.8893733620643616,0.17453990876674652,0.86328125,0.84423828125,0.35297104716300964,0.019744873046875,0.5576171875,0.070556640625,2.7218463818232217,0.39373886585235596,0.2666015625,0.0014261382166296244,0.1309451311826706,0.002497752197086811,0.25860345363616943
obj_0098,74,c3_lhl,13.97223949432373,0.8724924921989441,0.1597227156162262,3.4963902831077576,0.20855756103992462,0.16493938863277435,26.316442489624023,8.454719185829163,0.5228370428085327,0.20026595890522003,14.210312366485596,0.9224529266357422,0.1307017207145691,13.53424072265625,0.8644945621490479,0.175916850566864,0.90234375,0.85546875,0.36988207697868347,0.037322998046875,0.413818359375,0.040496826171875,3.4468406041463218,0.389840692281723,0.2017822265625,0.001541270175948739,0.09485446661710739,0.0019914826843887568,0.24790118634700775
obj_0099,75,c3_lhl,13.135106563568115,0.8622201681137085,0.1933397650718689,5.2618080377578735,0.49481695890426636,0.19941094517707825,27.814035415649414,9.391177892684937,0.5592718124389648,0.5031416416168213,13.261357545852661,0.9027683734893799,0.16482700407505035,12.903159856796265,0.8573765754699707,0.20428958535194397,0.9479166666666666,0.76171875,0.34265416860580444,0.04559326171875,0.2283935546875,0.0186004638671875,3.6521990299224854,0.3603910803794861,0.15478515625,0.0014249891974031925,0.06035420671105385,0.001253289170563221,0.2488187998533249
obj_0100,76,c3_lhl,13.153383731842041,0.8902504444122314,0.24635115265846252,7.0544469356536865,0.6434725522994995,0.2606620192527771,28.675401210784912,10.247282981872559,0.5973753929138184,0.6554179191589355,13.246899843215942,0.8960611820220947,0.21991583704948425,13.14772367477417,0.8901073932647705,0.24662908911705017,0.9986979166666666,0.67578125,0.3526785671710968,0.04266357421875,0.17919921875,0.01143646240234375,3.2142276763916016,0.33731865882873535,0.1220703125,0.0018310892628505826,0.051621854305267334,0.001036902074702084,0.25031402707099915
obj_0101,77,c3_lhl,12.938121557235718,0.8703694939613342,0.20627981424331665,5.661217570304871,0.5051930546760559,0.2202022522687912,25.98867893218994,9.070737361907959,0.5613712072372437,0.5134654641151428,13.118314743041992,0.8921278119087219,0.18134257197380066,12.81190276145935,0.8673344850540161,0.21467643976211548,0.9713541666666666,0.74560546875,0.3589836061000824,0.050079345703125,0.2275390625,0.0128173828125,3.9265828927357993,0.346352219581604,0.1361083984375,0.0015752889448776841,0.05942355468869209,0.0012128014350309968,0.2475297749042511
obj_0102,78,c3_lhl,12.760908603668213,0.8808273077011108,0.26829010248184204,7.122600674629211,0.6507770419120789,0.2766329050064087,28.53180170059204,10.463443994522095,0.5800608992576599,0.6643036007881165,12.845947742462158,0.8865734338760376,0.2396109402179718,12.755249738693237,0.8806719183921814,0.2684938609600067,0.9986979166666666,0.6689453125,0.3306209444999695,0.04180908203125,0.17236328125,0.01129150390625,3.190348466237386,0.3333960175514221,0.12548828125,0.001736253616400063,0.04827851429581642,0.0009632783476263285,0.2512081265449524
obj_0103,79,c3_lhl,17.29386568069458,0.9157446026802063,0.1340140551328659,3.4822088479995728,0.1451411098241806,0.1179473027586937,24.025626182556152,7.295152544975281,0.5101504921913147,0.12927858531475067,18.29142689704895,0.9675746560096741,0.10145173966884613,16.67157530784607,0.9098352193832397,0.15546412765979767,0.85546875,0.8212890625,0.38108938932418823,0.0243072509765625,0.6103515625,0.07330322265625,3.362670342127482,0.39191386103630066,0.2607421875,0.0016213697381317616,0.19510434567928314,0.004273701924830675,0.2663404941558838
obj_0104,80,c3_lhl,13.48970890045166,0.858960747718811,0.1460409313440323,3.701670467853546,0.16907034814357758,0.1485670506954193,25.064477920532227,7.67344057559967,0.46429237723350525,0.1566644161939621,13.771097660064697,0.9077519178390503,0.12731212377548218,12.95078158378601,0.8472645282745361,0.1634056568145752,0.8828125,0.861328125,0.3495575189590454,0.0318603515625,0.398681640625,0.0269622802734375,3.540863275527954,0.34995999932289124,0.2119140625,0.0020604305900633335,0.1524997353553772,0.0037723996210843325,0.261667937040329
obj_0105,81,c3_lhl,12.591440677642822,0.8676163554191589,0.26892775297164917,6.650919318199158,0.5855767726898193,0.28157204389572144,26.70943260192871,9.428635835647583,0.5392994284629822,0.5985978245735168,12.719987630844116,0.8751653432846069,0.23887906968593597,12.534520626068115,0.8658698201179504,0.27515387535095215,0.9869791666666666,0.68798828125,0.27473458647727966,0.0511474609375,0.2095947265625,0.014892578125,3.527102073033651,0.33061081171035767,0.1448974609375,0.0015040856087580323,0.057781532406806946,0.0010812401305884123,0.24875104427337646
obj_0106,82,c3_lhl,19.904705286026,0.8370002508163452,0.11907844990491867,13.715463876724243,0.388660728931427,0.10751715302467346,22.760846614837646,9.316229820251465,0.4952319264411926,0.39164993166923523,22.496984004974365,0.8922617435455322,0.07448550313711166,19.661329984664917,0.8301181793212891,0.1276276856660843,0.9388020833333334,0.89501953125,0.388949990272522,0.031646728515625,0.264404296875,0.02154541015625,2.185205658276876,0.38124632835388184,0.16748046875,0.003925947938114405,0.3177783191204071,0.0188438817858696,0.44308602809906006
obj_0107,83,c3_lhl,12.895632982254028,0.8396965861320496,0.22261479496955872,3.5988688468933105,0.16223028302192688,0.215765118598938,23.560504913330078,7.3821669816970825,0.42934563755989075,0.15265271067619324,13.241207599639893,0.89649498462677,0.18782947957515717,12.775973081588745,0.8367824554443359,0.2309039682149887,0.97265625,0.82568359375,0.28136783838272095,0.0286865234375,0.5185546875,0.045257568359375,3.345750331878662,0.3387223780155182,0.2734375,0.0016185661079362035,0.12967337667942047,0.002863853005692363,0.26186197996139526
obj_0108,84,c3_lhl,13.089022636413574,0.8415969610214233,0.2134014368057251,3.8784465193748474,0.1733628511428833,0.2066393494606018,23.785431385040283,7.277001738548279,0.43042126297950745,0.164826899766922,13.431087732315063,0.8967068791389465,0.17834018170833588,12.923064231872559,0.8374913930892944,0.22160492837429047,0.9622395833333334,0.8115234375,0.2582503855228424,0.0258331298828125,0.48291015625,0.037017822265625,3.8265910943349204,0.337206095457077,0.26611328125,0.001641182112507522,0.14504314959049225,0.003415843704715371,0.25923165678977966
obj_0109,85,c3_lhl,13.137494325637817,0.8507769107818604,0.2085116058588028,5.500088930130005,0.37867531180381775,0.2039688676595688,24.584178924560547,7.762744426727295,0.44692733883857727,0.3848095238208771,13.406506776809692,0.8837375044822693,0.17875437438488007,12.95276165008545,0.8457053303718567,0.21565857529640198,0.9583333333333334,0.7607421875,0.257419615983963,0.048614501953125,0.304443359375,0.0177154541015625,4.4844404856363935,0.3418732285499573,0.177978515625,0.0017597312107682228,0.15414002537727356,0.005660196766257286,0.2684005796909332
obj_0110,86,c3_lhl,12.795020341873169,0.881032407283783,0.21783311665058136,5.679973363876343,0.543875515460968,0.22507792711257935,26.770668029785156,9.116821885108948,0.5775268077850342,0.5526628494262695,12.938547134399414,0.8952153325080872,0.18849125504493713,12.63372540473938,0.876891553401947,0.22738471627235413,0.9635416666666666,0.75,0.3588826656341553,0.046722412109375,0.1888427734375,0.0128631591796875,3.2318923473358154,0.3526814579963684,0.12646484375,0.0016730991192162037,0.05485052987933159,0.0011344541562721133,0.24916091561317444
obj_0111,87,c3_lhl,12.854198217391968,0.8562940359115601,0.2277953177690506,5.762084722518921,0.4539858400821686,0.23045925796031952,25.498239994049072,8.603749871253967,0.4953788220882416,0.4623895287513733,13.05072546005249,0.8784035444259644,0.1968080997467041,12.727980613708496,0.8529086709022522,0.23748667538166046,0.9713541666666666,0.75244140625,0.26759567856788635,0.05615234375,0.25244140625,0.015716552734375,4.085588455200195,0.34824246168136597,0.1488037109375,0.0017374219605699182,0.10635319352149963,0.0036483979783952236,0.2581503689289093
obj_0112,88,c3_lhl,12.768406867980957,0.8846632242202759,0.2280246913433075,6.084052324295044,0.5655591487884521,0.2433563768863678,28.854730129241943,10.191025733947754,0.5589655041694641,0.5768914222717285,12.853682041168213,0.8901594877243042,0.20036762952804565,12.659614086151123,0.8817373514175415,0.23734928667545319,0.9752604166666666,0.720703125,0.32539984583854675,0.04376220703125,0.2049560546875,0.01541900634765625,3.4910457134246826,0.34358179569244385,0.1417236328125,0.0017534896032884717,0.05419936403632164,0.001048977137543261,0.2504262328147888
obj_0113,89,c3_lhl,14.200187921524048,0.8494502902030945,0.2559182345867157,8.546488285064697,0.5294066667556763,0.28548362851142883,27.42119312286377,10.687452554702759,0.5104116201400757,0.5390366315841675,14.355498552322388,0.8578507900238037,0.23245181143283844,14.200187921524048,0.8494502902030945,0.2559182345867157,1.0,0.69921875,0.3043178617954254,0.056365966796875,0.2181396484375,0.01287078857421875,3.3262035846710205,0.33756276965141296,0.137451171875,0.014601333066821098,0.187291219830513,0.004907330498099327,0.2633059024810791
obj_0114,90,c3_lhl,15.268338918685913,0.8005179762840271,0.23944136500358582,10.753406286239624,0.4687262177467346,0.3040999472141266,29.50822353363037,11.933586597442627,0.5736994743347168,0.47013458609580994,15.376864671707153,0.8065567016601562,0.22371914982795715,15.268338918685913,0.8005179762840271,0.23944136500358582,1.0,0.701171875,0.36766859889030457,0.038116455078125,0.2015380859375,0.01006317138671875,3.3232309818267822,0.37374505400657654,0.10125732421875,0.0229384396225214,0.21162176132202148,0.00744057958945632,0.2891406714916229
obj_0115,91,c3_lhl,13.235528469085693,0.8175420761108398,0.249728724360466,7.9868084192276,0.45560041069984436,0.314333975315094,29.056885242462158,10.100338459014893,0.5256602168083191,0.4589826464653015,13.316634893417358,0.8231042623519897,0.23603491485118866,13.235528469085693,0.8175420761108398,0.249728724360466,1.0,0.70849609375,0.32731398940086365,0.0455322265625,0.255615234375,0.0160064697265625,4.275990962982178,0.3784514367580414,0.1348876953125,0.015084557235240936,0.17693933844566345,0.004461248870939016,0.25564128160476685
obj_0116,92,c3_lhl,13.347971439361572,0.8323245048522949,0.2661997079849243,8.124234080314636,0.5138509273529053,0.2946714758872986,24.53754186630249,10.317821502685547,0.5100285410881042,0.5207902193069458,13.591102361679077,0.8432644009590149,0.23830220103263855,13.210088014602661,0.8269156217575073,0.27582231163978577,0.96875,0.734375,0.28049829602241516,0.05999755859375,0.201904296875,0.01160430908203125,3.0543983777364097,0.3436393439769745,0.1279296875,0.025587180629372597,0.2018238753080368,0.005248560104519129,0.2630058228969574
obj_0117,93,c3_lhl,13.761630058288574,0.8455120325088501,0.21259015798568726,7.147539854049683,0.5198032855987549,0.25953611731529236,25.94308376312256,8.946471214294434,0.5394312143325806,0.5240721702575684,13.975034952163696,0.8811020851135254,0.18491193652153015,13.576966524124146,0.8404263854026794,0.22114011645317078,0.9583333333333334,0.77099609375,0.4492644965648651,0.04681396484375,0.217529296875,0.0161590576171875,3.9450646241505942,0.3738774359226227,0.1331787109375,0.029184577986598015,0.1370222270488739,0.003473168471828103,0.2445179671049118
obj_0118,94,c3_lhl,14.304301738739014,0.867295503616333,0.14699050784111023,4.5379215478897095,0.3049997389316559,0.16288092732429504,25.566213130950928,8.066716194152832,0.5329257845878601,0.30078545212745667,14.607460498809814,0.9211990833282471,0.12320857495069504,13.989564180374146,0.8617872595787048,0.15727433562278748,0.9296875,0.8310546875,0.4491211175918579,0.049774169921875,0.289306640625,0.0247039794921875,3.692023833592733,0.3941686749458313,0.1485595703125,0.021721437573432922,0.1668141931295395,0.004360115621238947,0.23406799137592316
obj_0119,95,c3_lhl,13.124901056289673,0.8427696228027344,0.16595380008220673,5.4347920417785645,0.3168187141418457,0.2091798484325409,28.12697410583496,9.38688576221466,0.5073204040527344,0.3160945475101471,13.240958452224731,0.8688675761222839,0.15462630987167358,12.5644052028656,0.8256253600120544,0.18394362926483154,0.87890625,0.81396484375,0.3156031370162964,0.045989990234375,0.3408203125,0.019439697265625,3.693204323450724,0.3367154598236084,0.1986083984375,0.025911446660757065,0.17025117576122284,0.0054967510513961315,0.2572189271450043
obj_0120,96,c3_lhl,13.94675612449646,0.8458717465400696,0.17806048691272736,5.061864852905273,0.25987908244132996,0.1828145682811737,21.710684299468994,7.0540255308151245,0.4230991005897522,0.25975751876831055,14.64711308479309,0.9068349003791809,0.1388513594865799,13.370345830917358,0.8316823840141296,0.19726184010505676,0.875,0.79638671875,0.309757798910141,0.037628173828125,0.3798828125,0.0279693603515625,3.283809264500936,0.3293682634830475,0.22998046875,0.012355881743133068,0.24757073819637299,0.007565638050436974,0.26410478353500366
obj_0121,97,c3_lhl,13.250737190246582,0.821415901184082,0.22319115698337555,6.81299090385437,0.3000229299068451,0.22643005847930908,27.619810104370117,9.746882319450378,0.4721265137195587,0.29995253682136536,13.376307487487793,0.8319714665412903,0.2025330364704132,13.112858533859253,0.8161106705665588,0.2293204814195633,0.96875,0.77685546875,0.31729525327682495,0.032745361328125,0.29150390625,0.020538330078125,3.4169762134552,0.3645992875099182,0.17138671875,0.012395171448588371,0.3821922242641449,0.020298823714256287,0.30289405584335327
obj_0122,98,c3_lhl,14.427409172058105,0.8505159020423889,0.23602145910263062,8.357383608818054,0.5284430980682373,0.2814073860645294,24.026730060577393,8.635982871055603,0.5376989841461182,0.534657895565033,14.81252908706665,0.8738030195236206,0.21236668527126312,14.30119276046753,0.8470227122306824,0.24530422687530518,0.9713541666666666,0.7685546875,0.4135695993900299,0.033721923828125,0.20947265625,0.01293182373046875,3.94218381245931,0.36959517002105713,0.13427734375,0.038254931569099426,0.16163936257362366,0.005224304273724556,0.2703399956226349
obj_0123,99,c3_lhl,14.054248332977295,0.7836870551109314,0.22512909770011902,9.072509407997131,0.3495449423789978,0.290591299533844,28.769168853759766,11.650644540786743,0.5409328937530518,0.3480357229709625,14.156612157821655,0.7907800674438477,0.21814292669296265,13.951247930526733,0.7784955501556396,0.23257985711097717,0.9765625,0.7001953125,0.2299700528383255,0.034759521484375,0.2236328125,0.009521484375,3.2406882445017495,0.34046876430511475,0.11468505859375,0.04174976050853729,0.26858603954315186,0.012006961740553379,0.2883412837982178
obj_0124,100,c3_lhl,18.409637212753296,0.873907744884491,0.13958115875720978,11.207813024520874,0.554294764995575,0.15205419063568115,26.257736682891846,9.745985269546509,0.5914502739906311,0.5599120259284973,19.050321578979492,0.9133316874504089,0.11065155267715454,18.19074511528015,0.8694776296615601,0.14822688698768616,0.9505208333333334,0.76806640625,0.4333534836769104,0.09716796875,0.229248046875,0.0167694091796875,3.959035952885946,0.3983272314071655,0.11932373046875,0.09250346571207047,0.2368587702512741,0.007337926886975765,0.3038639426231384
obj_0125,101,c3_lhl,16.67168378829956,0.8698030710220337,0.14430128037929535,7.394804954528809,0.23392070829868317,0.11851706355810165,19.124727249145508,7.801602482795715,0.41834908723831177,0.2209136188030243,20.019562244415283,0.9552686810493469,0.07944664359092712,16.67168378829956,0.8698030710220337,0.14430128037929535,1.0,0.63525390625,0.4909333288669586,0.061553955078125,0.7099609375,0.042999267578125,5.187073389689128,0.3377123475074768,0.268310546875,0.07310483604669571,0.7234693765640259,0.04614245146512985,0.3040240406990051
obj_0126,102,c3_lhl,13.4787118434906,0.8195573091506958,0.2862739861011505,8.486974239349365,0.4996548891067505,0.3092438280582428,25.381295680999756,10.333950519561768,0.4703681468963623,0.5096099972724915,13.67869257926941,0.8306649327278137,0.26016363501548767,13.4787118434906,0.8195573091506958,0.2862739861011505,1.0,0.6845703125,0.2691936790943146,0.0634765625,0.2415771484375,0.012359619140625,3.452463388442993,0.32158440351486206,0.157958984375,0.029026642441749573,0.19599714875221252,0.005660509690642357,0.26958879828453064
obj_0127,103,c3_lhl,14.02026653289795,0.8308453559875488,0.18470792472362518,5.543525218963623,0.20425820350646973,0.20908072590827942,27.50483512878418,9.56655204296112,0.513971209526062,0.19621750712394714,14.191712141036987,0.8781368732452393,0.1568208485841751,13.888909816741943,0.8274269104003906,0.19232037663459778,0.9700520833333334,0.85693359375,0.364214152097702,0.033050537109375,0.400146484375,0.0347900390625,3.2019546031951904,0.36522459983825684,0.2169189453125,0.022780926898121834,0.27332407236099243,0.0063325464725494385,0.2592402994632721
obj_0128,104,c3_lhl,14.983397722244263,0.8487592339515686,0.200686514377594,8.633769154548645,0.522668182849884,0.23426508903503418,26.80075168609619,10.942051410675049,0.5823636651039124,0.525184154510498,15.212279558181763,0.8768271207809448,0.1741906702518463,14.86301302909851,0.845406174659729,0.20871758460998535,0.97265625,0.8046875,0.3954949676990509,0.058624267578125,0.227783203125,0.01303863525390625,3.9581058025360107,0.3635033965110779,0.1337890625,0.04633096233010292,0.21120308339595795,0.006030976306647062,0.2474745810031891
obj_0129,105,c3_lhl,15.246589183807373,0.8508431315422058,0.1580486297607422,6.596121788024902,0.33096936345100403,0.1670704483985901,22.67448902130127,7.69303023815155,0.439434289932251,0.33132675290107727,16.004233360290527,0.9117305874824524,0.12038253247737885,14.784404039382935,0.8401029706001282,0.1760694682598114,0.8984375,0.7822265625,0.44096639752388,0.04901123046875,0.434814453125,0.029754638671875,4.374492486317952,0.36499524116516113,0.19580078125,0.02691086195409298,0.34865474700927734,0.014924325980246067,0.279870867729187
obj_0130,106,c3_lhl,13.040947914123535,0.851673424243927,0.23124921321868896,6.861494779586792,0.4679309129714966,0.271310955286026,30.125267505645752,10.737801790237427,0.5580684542655945,0.47415241599082947,13.106244802474976,0.8566489815711975,0.2171492874622345,12.594667673110962,0.8356355428695679,0.2496996819972992,0.90234375,0.736328125,0.30132684111595154,0.04254150390625,0.2374267578125,0.01275634765625,3.4866703351338706,0.3295469582080841,0.1500244140625,0.016417790204286575,0.1494506150484085,0.0036501544527709484,0.24711255729198456
obj_0131,107,c3_lhl,20.130443572998047,0.920847475528717,0.1313137710094452,8.19612979888916,0.20235103368759155,0.0823969841003418,21.206753253936768,8.572914600372314,0.46887731552124023,0.2054775059223175,26.493213176727295,0.9876169562339783,0.07617824524641037,19.986464977264404,0.920329213142395,0.13959147036075592,0.953125,0.493896484375,0.5705065131187439,0.032867431640625,0.9873046875,0.0810546875,5.3247575759887695,0.3556746542453766,0.333740234375,0.02244797721505165,1.4080326557159424,0.10154977440834045,0.38385871052742004
obj_0132,108,c3_lhl,14.42379355430603,0.835961639881134,0.249652698636055,8.78598153591156,0.4758058488368988,0.29735884070396423,28.590328693389893,10.209252834320068,0.4967930018901825,0.4837881922721863,14.547785520553589,0.8421311378479004,0.23472799360752106,14.42379355430603,0.835961639881134,0.249652698636055,1.0,0.763671875,0.32233327627182007,0.039520263671875,0.2496337890625,0.01763916015625,3.53147292137146,0.35562655329704285,0.15234375,0.027877528220415115,0.20317751169204712,0.0052732741460204124,0.2702893316745758
obj_0133,109,c3_lhl,14.770756959915161,0.8342451453208923,0.17760710418224335,5.896583795547485,0.20270776748657227,0.19077956676483154,28.209640979766846,10.082675218582153,0.5687064528465271,0.19034774601459503,14.94652271270752,0.8861112594604492,0.15845172107219696,14.573867321014404,0.8296212553977966,0.18255026638507843,0.955078125,0.873046875,0.35563457012176514,0.053955078125,0.364501953125,0.03424072265625,3.333914359410604,0.40064606070518494,0.18798828125,0.11685412377119064,0.31769323348999023,0.012657334096729755,0.26378121972084045
obj_0134,110,c3_lhl,13.483624458312988,0.8221871256828308,0.2533617615699768,7.460835576057434,0.38996487855911255,0.2754625678062439,25.03559112548828,8.730942010879517,0.4682867228984833,0.39467853307724,13.721990585327148,0.8320093154907227,0.2288992702960968,13.483624458312988,0.8221871256828308,0.2533617615699768,1.0,0.806640625,0.28385472297668457,0.036529541015625,0.260986328125,0.0211334228515625,3.2458338737487793,0.3355918526649475,0.1893310546875,0.03985477238893509,0.250095397233963,0.007282560225576162,0.25981566309928894
obj_0135,111,c3_lhl,14.414907693862915,0.8296893239021301,0.22391144931316376,7.555599212646484,0.49395373463630676,0.2604437470436096,25.521011352539062,8.588811755180359,0.49356701970100403,0.5037674307823181,14.695374965667725,0.8667487502098083,0.1978808343410492,14.277364015579224,0.825792133808136,0.23303206264972687,0.96875,0.79541015625,0.4498578906059265,0.07464599609375,0.2440185546875,0.0164642333984375,3.84809144337972,0.38718268275260925,0.1466064453125,0.033055029809474945,0.2029513269662857,0.004951754584908485,0.2876194417476654
obj_0136,112,c3_lhl,13.972417116165161,0.8140673041343689,0.22776302695274353,7.994220852851868,0.43008673191070557,0.2441633641719818,22.848961353302002,8.953121304512024,0.4550829529762268,0.4388282597064972,14.430462121963501,0.8481719493865967,0.19423943758010864,13.817020654678345,0.8084844946861267,0.23859350383281708,0.96484375,0.74853515625,0.2906607687473297,0.0809326171875,0.287353515625,0.01433563232421875,3.681431849797567,0.3347355127334595,0.1678466796875,0.04264771565794945,0.26281067728996277,0.0065472424030303955,0.2725070118904114
obj_0137,113,c3_lhl,15.062562227249146,0.8485425114631653,0.24840614199638367,9.277036190032959,0.5034252405166626,0.2845696210861206,26.2447452545166,9.824760556221008,0.5097442865371704,0.5117002725601196,15.318450927734375,0.8570976257324219,0.22847990691661835,15.062562227249146,0.8485425114631653,0.24840614199638367,1.0,0.7431640625,0.3316984176635742,0.04742431640625,0.2352294921875,0.0157470703125,3.6097358067830405,0.3580383360385895,0.1270751953125,0.09749115258455276,0.2100336253643036,0.005336526781320572,0.26141083240509033
obj_0138,114,c3_lhl,14.803036451339722,0.8521087765693665,0.19922666251659393,8.417224287986755,0.5406495332717896,0.25444188714027405,23.69753360748291,8.446844220161438,0.5186673402786255,0.5462071895599365,15.272096395492554,0.8897380828857422,0.1657152622938156,14.641917943954468,0.8479726910591125,0.2071997970342636,0.9635416666666666,0.76123046875,0.41309237480163574,0.039886474609375,0.169189453125,0.01030731201171875,3.6415093739827475,0.349539190530777,0.11029052734375,0.012834601104259491,0.14858193695545197,0.0037258786614984274,0.25022217631340027
obj_0139,115,c3_lhl,14.258424043655396,0.8338007926940918,0.311062753200531,10.15155553817749,0.6264133453369141,0.35380810499191284,27.042465209960938,11.715270280838013,0.5037447214126587,0.6358444094657898,14.403650760650635,0.8418715596199036,0.28977838158607483,14.258424043655396,0.8338007926940918,0.311062753200531,1.0,0.6103515625,0.3062470555305481,0.0634765625,0.1802978515625,0.0092926025390625,3.5155769189198813,0.3431919515132904,0.10107421875,0.018269041553139687,0.1326534003019333,0.0024591863621026278,0.24646712839603424
obj_0140,116,c3_lhl,13.768857717514038,0.8396726250648499,0.1558077335357666,5.8959585428237915,0.30959352850914,0.18971313536167145,24.806818962097168,8.718404769897461,0.4819878339767456,0.30852246284484863,14.06887173652649,0.8730477690696716,0.1410706639289856,13.434380292892456,0.8295361399650574,0.16630935668945312,0.92578125,0.8291015625,0.3622935116291046,0.062469482421875,0.383056640625,0.023040771484375,3.518927574157715,0.335753470659256,0.214599609375,0.037731874734163284,0.24976295232772827,0.010040730237960815,0.26544108986854553
obj_0141,117,c3_lhl,15.741633176803589,0.8680887222290039,0.15827780961990356,8.5103178024292,0.5403657555580139,0.20189563930034637,26.33826971054077,9.791390299797058,0.5839760303497314,0.5432824492454529,16.06549620628357,0.9011476635932922,0.12816743552684784,15.539339780807495,0.8633583188056946,0.16792796552181244,0.9544270833333334,0.751953125,0.5063192248344421,0.060791015625,0.208740234375,0.0164031982421875,3.955115000406901,0.40753674507141113,0.1136474609375,0.014757178723812103,0.19165098667144775,0.00681772967800498,0.28021854162216187
obj_0142,118,c3_lhl,14.153910875320435,0.8501936793327332,0.22555319964885712,8.088449835777283,0.5673408508300781,0.29307660460472107,25.24526357650757,8.941700458526611,0.556086003780365,0.5723097324371338,14.421168565750122,0.8798869848251343,0.19881127774715424,14.039331674575806,0.8470339179039001,0.23478975892066956,0.9739583333333334,0.7578125,0.48705634474754333,0.0439453125,0.2054443359375,0.0114288330078125,4.0400941371917725,0.3853939473628998,0.12225341796875,0.018736369907855988,0.12156036496162415,0.0033236374147236347,0.25740623474121094
obj_0143,119,c3_lhl,14.33377981185913,0.8432232737541199,0.16427774727344513,5.430194735527039,0.2903631031513214,0.18157349526882172,29.529659748077393,10.226563215255737,0.5608894228935242,0.2840716540813446,14.450151920318604,0.8984161019325256,0.14846616983413696,14.213780164718628,0.8406778573989868,0.16717708110809326,0.97265625,0.82421875,0.43992260098457336,0.044097900390625,0.322509765625,0.02056884765625,3.8028777440389,0.38129639625549316,0.1751708984375,0.04469728097319603,0.24504156410694122,0.008914177305996418,0.26036062836647034
obj_0144,120,c3_lhl,15.51151990890503,0.8455007672309875,0.17924490571022034,9.285327196121216,0.4354892075061798,0.20420938730239868,20.461890697479248,8.165143132209778,0.4333563446998596,0.44797539710998535,16.841009855270386,0.8938973546028137,0.13676142692565918,15.40858507156372,0.8426878452301025,0.18499046564102173,0.9765625,0.74462890625,0.36606234312057495,0.033538818359375,0.295166015625,0.019256591796875,3.9919848442077637,0.3515952527523041,0.150146484375,0.044480081647634506,0.3270147144794464,0.013628900982439518,0.30215367674827576
obj_0145,121,c3_lhl,15.80649733543396,0.8402395248413086,0.16281190514564514,7.833803296089172,0.3277036249637604,0.1540563702583313,20.974621772766113,8.503819704055786,0.41882726550102234,0.3313160836696625,17.165775299072266,0.9166240692138672,0.11223447322845459,15.474165678024292,0.8323619961738586,0.17401885986328125,0.92578125,0.724609375,0.42064082622528076,0.02825927734375,0.44970703125,0.0301055908203125,4.155991872151692,0.340993732213974,0.2139892578125,0.017786409705877304,0.47903671860694885,0.02125018835067749,0.3117027282714844
obj_0146,122,c3_lhl,13.836784362792969,0.8183976411819458,0.268858939409256,8.661977648735046,0.4799962639808655,0.29744768142700195,26.379647254943848,10.059231519699097,0.5092030167579651,0.48461565375328064,14.011518955230713,0.8277783393859863,0.23907563090324402,13.836784362792969,0.8183976411819458,0.268858939409256,1.0,0.7451171875,0.2971263825893402,0.079345703125,0.220947265625,0.01013946533203125,3.5744711558024087,0.3523547053337097,0.1181640625,0.04090346395969391,0.21862481534481049,0.005960461217910051,0.27440181374549866
obj_0147,123,c3_lhl,13.573118448257446,0.8283880352973938,0.23742598295211792,7.884427905082703,0.45826560258865356,0.2835444509983063,26.72701120376587,9.71664011478424,0.48392391204833984,0.4647403061389923,13.731387853622437,0.8359695672988892,0.21850702166557312,13.573118448257446,0.8283880352973938,0.23742598295211792,1.0,0.75634765625,0.23417045176029205,0.06817626953125,0.22802734375,0.0139617919921875,3.4832006295522056,0.3426119089126587,0.139892578125,0.025588808581233025,0.19479456543922424,0.004251335747539997,0.25397157669067383
obj_0148,124,c3_lhl,13.86189341545105,0.8290967345237732,0.24125060439109802,7.920530438423157,0.4460870027542114,0.26803553104400635,26.219909191131592,10.307860374450684,0.5129302144050598,0.4523158073425293,14.057133197784424,0.8382141590118408,0.22138459980487823,13.653392791748047,0.8207538723945618,0.2535950243473053,0.953125,0.7685546875,0.3851001262664795,0.08319091796875,0.2919921875,0.0164794921875,4.095956484476726,0.3551020324230194,0.1649169921875,0.0882837250828743,0.21110756695270538,0.0057845995761454105,0.2667091488838196
obj_0149,125,c3_lhl,14.824334383010864,0.8311819434165955,0.17679700255393982,6.701833605766296,0.24191412329673767,0.1684982180595398,20.310945510864258,7.971096634864807,0.37643420696258545,0.24289023876190186,16.073954105377197,0.9030390977859497,0.12965334951877594,14.382303953170776,0.8187437057495117,0.19509409368038177,0.90234375,0.7373046875,0.4113009572029114,0.044403076171875,0.515625,0.038604736328125,4.220385392506917,0.31771016120910645,0.282470703125,0.019589101895689964,0.5261200666427612,0.02702915668487549,0.3162422776222229
obj_0150,126,c3_lhl,12.722108364105225,0.8298770189285278,0.2525300085544586,7.472449541091919,0.506110429763794,0.2950402498245239,26.24495267868042,9.915068745613098,0.5089570879936218,0.5189048051834106,12.861500978469849,0.8400103449821472,0.22387537360191345,12.722108364105225,0.8298770189285278,0.2525300085544586,1.0,0.6962890625,0.38396501541137695,0.03997802734375,0.249267578125,0.01210784912109375,3.821695327758789,0.3582012951374054,0.129638671875,0.01141293253749609,0.15140743553638458,0.0057334937155246735,0.2746817469596863
obj_0151,127,c3_lhl,15.144160985946655,0.8441464304924011,0.20706196129322052,8.95514726638794,0.5251131653785706,0.2597957253456116,24.612269401550293,9.057934284210205,0.5663959383964539,0.5267617106437683,15.545378923416138,0.8757680058479309,0.18052621185779572,14.977072477340698,0.8391847610473633,0.21570232510566711,0.9622395833333334,0.7841796875,0.5427564382553101,0.043121337890625,0.1976318359375,0.01345062255859375,3.8546302318573,0.3795185685157776,0.11956787109375,0.016640322282910347,0.19801324605941772,0.0073119597509503365,0.2692795395851135
obj_0152,128,c3_lhl,14.138351678848267,0.8555325269699097,0.30255579948425293,9.483904838562012,0.6389033794403076,0.3314684331417084,27.68493413925171,11.449902057647705,0.5252049565315247,0.6548277139663696,14.26842451095581,0.8632411956787109,0.28622281551361084,14.138351678848267,0.8555325269699097,0.30255579948425293,1.0,0.62890625,0.35867777466773987,0.051910400390625,0.18896484375,0.0100860595703125,3.6886414686838784,0.34359824657440186,0.11590576171875,0.020510096102952957,0.12837988138198853,0.002741163596510887,0.24506591260433197
obj_0153,129,c3_lhl,14.219987392425537,0.823379635810852,0.16530701518058777,7.007912993431091,0.35599973797798157,0.19993959367275238,26.011130809783936,8.806751370429993,0.5298106670379639,0.3541947901248932,14.462488889694214,0.8704835772514343,0.13827961683273315,14.018692970275879,0.8174759745597839,0.17491376399993896,0.9544270833333334,0.79833984375,0.37665820121765137,0.04461669921875,0.238037109375,0.0206451416015625,4.006987015406291,0.41728782653808594,0.12548828125,0.022151075303554535,0.2565097212791443,0.007533205207437277,0.27891767024993896
obj_0154,130,c3_lhl,14.82203483581543,0.8617872595787048,0.2168577015399933,9.021800756454468,0.5305541753768921,0.2525774836540222,23.573122024536133,10.106688737869263,0.5016734004020691,0.542075514793396,15.288423299789429,0.8766574859619141,0.18155354261398315,14.595698118209839,0.8544268608093262,0.23161238431930542,0.94921875,0.6748046875,0.3358353078365326,0.03668212890625,0.2421875,0.01154327392578125,3.737746238708496,0.33977606892585754,0.13525390625,0.02087997831404209,0.18021942675113678,0.0040034945122897625,0.2646503150463104
obj_0155,131,c3_lhl,16.472870111465454,0.841334342956543,0.18288317322731018,9.088875651359558,0.3974181115627289,0.19670066237449646,26.40815019607544,10.285425186157227,0.5185132622718811,0.40258607268333435,16.856428384780884,0.8860166668891907,0.15665876865386963,16.365134716033936,0.8387404084205627,0.19122450053691864,0.9752604166666666,0.8251953125,0.33424776792526245,0.034088134765625,0.30810546875,0.0220947265625,3.779855251312256,0.3423070013523102,0.200927734375,0.016410458832979202,0.2920228838920593,0.008858039043843746,0.2916662096977234
obj_0156,132,c3_lhl,15.552736520767212,0.8495112657546997,0.17122569680213928,6.817913055419922,0.27235451340675354,0.1597253680229187,21.865665912628174,7.237929105758667,0.4064476191997528,0.2698785066604614,16.57089114189148,0.9139917492866516,0.1302344799041748,15.036150217056274,0.8369820713996887,0.18629127740859985,0.88671875,0.78271484375,0.3899211287498474,0.0469970703125,0.463134765625,0.0301666259765625,4.388939539591472,0.33196231722831726,0.229248046875,0.07360956072807312,0.3750142455101013,0.01612662896513939,0.2904622554779053
obj_0157,133,c3_lhl,15.457957983016968,0.8543901443481445,0.16036631166934967,7.195181250572205,0.351472944021225,0.17376598715782166,21.222786903381348,7.916497588157654,0.42941024899482727,0.3550514578819275,16.620771884918213,0.9189605712890625,0.11880282312631607,15.107085704803467,0.8467121720314026,0.17355512082576752,0.921875,0.7646484375,0.3590392768383026,0.03643798828125,0.4072265625,0.0236053466796875,4.188196976979573,0.3448672592639923,0.188720703125,0.015471153892576694,0.34297722578048706,0.0127717899158597,0.27757376432418823
obj_0158,134,c3_lhl,15.147367715835571,0.8021624088287354,0.20174354314804077,9.102405309677124,0.4687059819698334,0.22223906219005585,27.93060064315796,10.505800247192383,0.5582950115203857,0.4729110598564148,15.325161218643188,0.8328583836555481,0.18000228703022003,15.147367715835571,0.8021624088287354,0.20174354314804077,1.0,0.845703125,0.4096084237098694,0.09527587890625,0.25732421875,0.0171966552734375,3.4024991194407144,0.37308865785598755,0.155517578125,0.04372735321521759,0.2616086006164551,0.00792876910418272,0.28729140758514404
obj_0159,135,c3_lhl,13.147506713867188,0.8157739639282227,0.22264662384986877,6.446385383605957,0.30266356468200684,0.22824347019195557,22.625439167022705,8.059441447257996,0.37824344635009766,0.30564117431640625,13.561195135116577,0.8510138392448425,0.19301700592041016,13.027126789093018,0.811575710773468,0.23319017887115479,0.97265625,0.78564453125,0.25538715720176697,0.035797119140625,0.28369140625,0.0165252685546875,3.3930935859680176,0.3504379987716675,0.1708984375,0.017379337921738625,0.32187485694885254,0.01284603402018547,0.2693842947483063
obj_0160,136,c3_lhl,13.775230646133423,0.8732444047927856,0.21391120553016663,7.20014214515686,0.5249115228652954,0.24678738415241241,31.25945806503296,11.344377994537354,0.5452139377593994,0.5340778827667236,13.836352825164795,0.8785461783409119,0.1994956135749817,13.347713947296143,0.8607334494590759,0.23074081540107727,0.90625,0.71484375,0.30359891057014465,0.04949951171875,0.24267578125,0.01122283935546875,3.6550565560658774,0.340617835521698,0.1439208984375,0.004647601395845413,0.13656124472618103,0.002477447735145688,0.2472257912158966
obj_0161,137,c3_lhl,14.32242751121521,0.8555074334144592,0.15614521503448486,5.0434839725494385,0.2877339720726013,0.15867385268211365,29.797720909118652,10.791412591934204,0.5909765958786011,0.28058895468711853,14.432746171951294,0.9058456420898438,0.13468560576438904,14.017378091812134,0.8490052819252014,0.1702067106962204,0.931640625,0.857421875,0.6134827733039856,0.04193115234375,0.38134765625,0.035186767578125,3.7090015411376953,0.40058621764183044,0.194580078125,0.01782480627298355,0.29891592264175415,0.013170911930501461,0.27020254731178284
obj_0162,138,c3_lhl,14.27735686302185,0.850055992603302,0.17969867587089539,6.438930630683899,0.4403791129589081,0.20522180199623108,28.476924896240234,10.553973913192749,0.5443073511123657,0.446607381105423,14.418460130691528,0.8934817910194397,0.15857553482055664,14.27735686302185,0.850055992603302,0.17969867587089539,1.0,0.7431640625,0.3354856073856354,0.05633544921875,0.26708984375,0.0161895751953125,3.7051289876302085,0.35595858097076416,0.1607666015625,0.03289598599076271,0.15280567109584808,0.004311403259634972,0.2568351924419403
obj_0163,139,c3_lhl,13.973981142044067,0.8598154783248901,0.22199496626853943,8.351368308067322,0.5600612759590149,0.27559196949005127,30.066850185394287,11.693179607391357,0.5545075535774231,0.5699362754821777,14.052741527557373,0.8651588559150696,0.2081635594367981,13.956983089447021,0.8592657446861267,0.22772464156150818,0.99609375,0.685546875,0.31842729449272156,0.038818359375,0.2064208984375,0.01218414306640625,3.1660316785176597,0.344377338886261,0.133544921875,0.011544312350451946,0.14437955617904663,0.002728832885622978,0.2520763576030731
obj_0164,140,c3_lhl,13.380458354949951,0.8558586239814758,0.19636347889900208,6.096959710121155,0.4345649480819702,0.2426331341266632,26.402547359466553,8.924956917762756,0.5026595592498779,0.44118762016296387,13.561934232711792,0.8831292390823364,0.17369365692138672,12.91543960571289,0.8432890772819519,0.22087126970291138,0.8984375,0.77197265625,0.35278889536857605,0.03680419921875,0.25,0.0175628662109375,3.3306572437286377,0.3503466844558716,0.1541748046875,0.006077165715396404,0.1441381275653839,0.0038464353419840336,0.24601367115974426
obj_0165,141,c3_lhl,14.651802778244019,0.8478337526321411,0.22769562900066376,8.755838871002197,0.49465757608413696,0.25161680579185486,25.820589065551758,10.107351541519165,0.4961300790309906,0.5052697658538818,14.910765886306763,0.8581506013870239,0.19850963354110718,14.353382587432861,0.837051510810852,0.244684100151062,0.93359375,0.712890625,0.29603731632232666,0.07525634765625,0.2548828125,0.0165252685546875,3.211261590321859,0.3399257957935333,0.1558837890625,0.04233326017856598,0.22053410112857819,0.006085564848035574,0.2744780480861664
obj_0166,142,c3_lhl,14.312058687210083,0.857390284538269,0.2034803032875061,7.88294792175293,0.5711141228675842,0.26193666458129883,24.95021343231201,8.851337432861328,0.5564004778862,0.5755413174629211,14.618016481399536,0.8878476023674011,0.1729816198348999,14.139060974121094,0.8528038263320923,0.21201081573963165,0.9609375,0.77734375,0.5063883066177368,0.047027587890625,0.1988525390625,0.0148162841796875,3.878682851791382,0.38811326026916504,0.1221923828125,0.016151290386915207,0.12164118885993958,0.00500996271148324,0.2528317868709564
obj_0167,143,c3_lhl,14.002182483673096,0.828808605670929,0.23038749396800995,8.320927619934082,0.4802299737930298,0.2810208797454834,29.04339075088501,10.672221183776855,0.5706679224967957,0.4832295775413513,14.103467464447021,0.8379069566726685,0.2099146544933319,14.002182483673096,0.828808605670929,0.23038749396800995,1.0,0.78515625,0.4220326244831085,0.06597900390625,0.26025390625,0.0166473388671875,3.8642471631368003,0.3662547767162323,0.137939453125,0.030454635620117188,0.19286185503005981,0.0045198556035757065,0.25800371170043945
obj_0168,144,c3_lhl,17.388278245925903,0.8598363995552063,0.14690923690795898,9.138105511665344,0.30471071600914,0.1391066461801529,21.480720043182373,8.029407262802124,0.4386308193206787,0.30545127391815186,19.2720890045166,0.9293534159660339,0.09631948918104172,17.283083200454712,0.8579156398773193,0.14823266863822937,0.974609375,0.7216796875,0.38843947649002075,0.03509521484375,0.4541015625,0.032501220703125,4.459322452545166,0.3388884365558624,0.2103271484375,0.04110421985387802,0.49442967772483826,0.026658920571208,0.30333733558654785
obj_0169,145,c3_lhl,14.693315029144287,0.8140478134155273,0.16529734432697296,7.383389472961426,0.32186856865882874,0.1743127554655075,27.507295608520508,10.68424940109253,0.5219550132751465,0.3181160092353821,14.884246587753296,0.8635103702545166,0.1432708203792572,14.693315029144287,0.8140478134155273,0.16529734432697296,1.0,0.8037109375,0.3851553797721863,0.078125,0.27294921875,0.0170745849609375,3.420470714569092,0.35925382375717163,0.15283203125,0.10319437086582184,0.37661728262901306,0.01863875426352024,0.3253326416015625
obj_0170,146,c3_lhl,15.503510236740112,0.8493596315383911,0.15870879590511322,7.140664458274841,0.3221646249294281,0.16182464361190796,21.549463272094727,6.682046055793762,0.4161933362483978,0.31963297724723816,16.584192514419556,0.909654438495636,0.1269802749156952,15.060222148895264,0.8388077616691589,0.17386510968208313,0.90234375,0.84033203125,0.362655907869339,0.0364990234375,0.40234375,0.0255889892578125,3.9238502184549966,0.3626565635204315,0.186279296875,0.0788893923163414,0.3658255934715271,0.013055921532213688,0.2776336669921875
obj_0171,147,c3_lhl,13.562830686569214,0.8440048098564148,0.2520708441734314,8.01281452178955,0.5179101228713989,0.2986847162246704,28.190433979034424,9.769270420074463,0.5247624516487122,0.525479793548584,13.673211336135864,0.8511014580726624,0.2395688146352768,13.562830686569214,0.8440048098564148,0.2520708441734314,1.0,0.7568359375,0.3353709578514099,0.054443359375,0.2364501953125,0.0129852294921875,3.696169058481852,0.3451634645462036,0.1397705078125,0.01682158187031746,0.15982599556446075,0.003953326493501663,0.2388923019170761
obj_0172,148,c3_lhl,16.103287935256958,0.8637797832489014,0.29243898391723633,11.01525068283081,0.6108311414718628,0.3072393834590912,24.843883514404297,9.98533010482788,0.5229899883270264,0.6185696125030518,16.542625427246094,0.8775538802146912,0.2618387043476105,16.103287935256958,0.8637797832489014,0.29243898391723633,1.0,0.6689453125,0.44417378306388855,0.036468505859375,0.19775390625,0.00975799560546875,3.9252122243245444,0.3467819094657898,0.11846923828125,0.01776338741183281,0.2100839763879776,0.004925958346575499,0.2725330591201782
obj_0173,149,c3_lhl,14.336402416229248,0.8301761746406555,0.277334988117218,9.325628280639648,0.5197550654411316,0.3225192129611969,27.259249687194824,10.936217308044434,0.5215058922767639,0.5257044434547424,14.493356943130493,0.8381010890007019,0.26498448848724365,14.336402416229248,0.8301761746406555,0.277334988117218,1.0,0.712890625,0.23862434923648834,0.033294677734375,0.18701171875,0.01131439208984375,3.334784507751465,0.33771246671676636,0.11468505859375,0.038557618856430054,0.18737930059432983,0.00450381962582469,0.2454172670841217
obj_0174,150,c3_lhl,15.447982549667358,0.8746172785758972,0.16249503195285797,4.602065980434418,0.22467553615570068,0.1569305658340454,24.29677724838257,7.931090593338013,0.47446560859680176,0.21678753197193146,16.007708311080933,0.9378954768180847,0.12051842361688614,15.348379611968994,0.8732244372367859,0.16620738804340363,0.9765625,0.775390625,0.34672030806541443,0.0338134765625,0.43798828125,0.036956787109375,3.805849552154541,0.3538256883621216,0.2364501953125,0.009894275106489658,0.19691196084022522,0.009643902070820332,0.2489616572856903
obj_0175,151,c3_lhl,13.720217943191528,0.8607750535011292,0.18737640976905823,6.259583234786987,0.4413149058818817,0.21683424711227417,26.45066499710083,9.052110314369202,0.5235418677330017,0.44843682646751404,13.916462659835815,0.8828828930854797,0.17035070061683655,13.140368461608887,0.8450291156768799,0.20732156932353973,0.875,0.78173828125,0.34091252088546753,0.06170654296875,0.271240234375,0.01708984375,3.9131417274475098,0.3420295715332031,0.1563720703125,0.02497464045882225,0.14757002890110016,0.003495351877063513,0.2569872736930847
obj_0176,152,c3_lhl,15.142548084259033,0.8048529624938965,0.19935227930545807,9.170942306518555,0.4615165889263153,0.19797950983047485,22.19158411026001,8.367297053337097,0.47366371750831604,0.4695369601249695,15.874719619750977,0.8488023281097412,0.16033366322517395,15.022454261779785,0.8004688024520874,0.2044721096754074,0.97265625,0.802734375,0.3506075143814087,0.140625,0.254638671875,0.0172271728515625,3.3233584562937417,0.3470396399497986,0.1607666015625,0.21248845756053925,0.2862650454044342,0.00968936737626791,0.28827643394470215
obj_0177,153,c3_lhl,15.423585176467896,0.8269732594490051,0.162003755569458,7.271284461021423,0.20526772737503052,0.17331922054290771,23.942737579345703,8.277589082717896,0.4762946367263794,0.19668596982955933,15.987311601638794,0.8819044232368469,0.13091441988945007,15.423585176467896,0.8269732594490051,0.162003755569458,1.0,0.88916015625,0.3118317425251007,0.0234832763671875,0.334716796875,0.025390625,2.9754324754079184,0.3761943280696869,0.189697265625,0.09578045457601547,0.4164455235004425,0.015074328519403934,0.2963387668132782
obj_0178,154,c3_lhl,23.753516674041748,0.94264155626297,0.11014629155397415,9.666469097137451,0.20379720628261566,0.044870976358652115,24.11290407180786,13.169331550598145,0.7372434139251709,0.16996164619922638,34.59530830383301,0.9971967339515686,0.051134541630744934,23.191981315612793,0.9388290643692017,0.13027215003967285,0.6640625,0.5322265625,0.4734123945236206,0.0168609619140625,0.712890625,0.0479736328125,5.509447892506917,0.37081193923950195,0.311279296875,0.031841013580560684,0.9867140650749207,0.09388323873281479,0.36507099866867065
obj_0179,155,c3_lhl,14.763661623001099,0.8246274590492249,0.21729987859725952,8.572307229042053,0.5048020482063293,0.26821812987327576,28.48944664001465,11.091814041137695,0.5817409753799438,0.5086076855659485,14.907352924346924,0.8474010229110718,0.19597813487052917,14.763661623001099,0.8246274590492249,0.21729987859725952,1.0,0.7900390625,0.35028037428855896,0.10565185546875,0.256591796875,0.01558685302734375,3.529198328653971,0.34630313515663147,0.1348876953125,0.0638979822397232,0.15009821951389313,0.006085127126425505,0.2594207525253296
obj_0180,156,c3_lhl,19.967052936553955,0.9244391322135925,0.14050431549549103,6.233370304107666,0.15922696888446808,0.08957207947969437,21.472790241241455,8.051278591156006,0.5086791515350342,0.15076850354671478,25.166592597961426,0.9878249764442444,0.08747560530900955,19.52788472175598,0.9214066863059998,0.15736103057861328,0.87109375,0.6240234375,0.4208727777004242,0.018524169921875,0.6875,0.05279541015625,5.013351599375407,0.3462773859500885,0.321044921875,0.03428703173995018,0.6623781323432922,0.04554438591003418,0.30530861020088196
obj_0181,157,c3_lhl,12.906572818756104,0.8616743683815002,0.20431554317474365,6.522873044013977,0.49284929037094116,0.2530854046344757,28.145675659179688,10.986168384552002,0.5611644983291626,0.49840012192726135,13.008544445037842,0.8676430583000183,0.18324661254882812,12.715834379196167,0.8554638624191284,0.21291984617710114,0.95703125,0.765625,0.3806518614292145,0.03900146484375,0.212890625,0.0146942138671875,3.072511593500773,0.36924779415130615,0.1268310546875,0.026583271101117134,0.10811791568994522,0.003535184310749173,0.2474927455186844
obj_0182,158,c3_lhl,15.136879682540894,0.8591508865356445,0.15207725763320923,6.155003905296326,0.31996622681617737,0.1718490719795227,23.02403450012207,7.7354514598846436,0.4589982330799103,0.32092806696891785,15.817630290985107,0.9142470955848694,0.12296906858682632,14.344179630279541,0.8405497074127197,0.17767269909381866,0.83203125,0.8466796875,0.39532873034477234,0.054656982421875,0.302490234375,0.0234222412109375,3.0840654373168945,0.3834635615348816,0.1612548828125,0.09666670858860016,0.23312634229660034,0.008919943124055862,0.2732958495616913
obj_0183,159,c3_lhl,13.849020004272461,0.8425392508506775,0.21360212564468384,7.3215824365615845,0.3775160014629364,0.23522043228149414,27.56889581680298,9.753445982933044,0.5175490379333496,0.3777846693992615,13.996244668960571,0.8501964211463928,0.1972006857395172,13.7460196018219,0.8387675881385803,0.22178757190704346,0.9765625,0.80078125,0.2744467556476593,0.042877197265625,0.2393798828125,0.0112762451171875,3.4131340185801187,0.35825449228286743,0.130859375,0.0459444485604763,0.2695503234863281,0.00584887620061636,0.2535691261291504
obj_0184,160,c3_lhl,16.877589225769043,0.8739175796508789,0.1683085858821869,6.784606575965881,0.1581425666809082,0.13081374764442444,22.11575984954834,7.966013550758362,0.44226720929145813,0.14817488193511963,18.293440341949463,0.9344314932823181,0.1223006471991539,16.78116798400879,0.8724431991577148,0.1743641048669815,0.9765625,0.79248046875,0.35497820377349854,0.05535888671875,0.48046875,0.03704833984375,3.818072557449341,0.3388660252094269,0.26904296875,0.1641193926334381,0.4065197706222534,0.018948189914226532,0.3018266558647156
obj_0185,161,c3_lhl,16.565167903900146,0.8741838335990906,0.14898896217346191,6.596202254295349,0.38352230191230774,0.1378576010465622,22.36647605895996,8.996228575706482,0.49030327796936035,0.3939152956008911,17.773616313934326,0.9457352161407471,0.10315066576004028,16.416571140289307,0.8720952868461609,0.15792739391326904,0.96484375,0.705078125,0.42330318689346313,0.061737060546875,0.40087890625,0.027099609375,4.082353750864665,0.33905044198036194,0.1990966796875,0.025880377739667892,0.31284230947494507,0.011872837319970131,0.28533831238746643
obj_0186,162,c3_lhl,17.316609621047974,0.8811948895454407,0.13549503684043884,6.7098283767700195,0.2536841332912445,0.1301901638507843,24.22347068786621,8.844780921936035,0.5718835592269897,0.2400057166814804,18.228992223739624,0.940270721912384,0.09885197132825851,16.84584617614746,0.8736680746078491,0.14474287629127502,0.8880208333333334,0.8134765625,0.3349404036998749,0.05657958984375,0.367431640625,0.032135009765625,3.614879846572876,0.3725406527519226,0.176513671875,0.07913219928741455,0.4686965048313141,0.013516328297555447,0.2685965299606323
obj_0187,163,c3_lhl,14.842215776443481,0.8765876889228821,0.2183181643486023,8.31766426563263,0.5442909598350525,0.2657231390476227,28.855514526367188,11.059300899505615,0.5543724298477173,0.5524125695228577,14.979555606842041,0.8840495347976685,0.20844322443008423,14.543797969818115,0.8681097030639648,0.23749467730522156,0.93359375,0.724609375,0.35684800148010254,0.0274658203125,0.2110595703125,0.01126861572265625,3.351699431737264,0.33384788036346436,0.1337890625,0.12483100593090057,0.16343259811401367,0.0038283306639641523,0.26614558696746826
obj_0188,164,c3_lhl,14.958744049072266,0.8053171634674072,0.2132389396429062,9.012200236320496,0.2620704472064972,0.21776039898395538,25.43955087661743,9.890000820159912,0.46127280592918396,0.26049429178237915,15.26603102684021,0.8155571818351746,0.1902126669883728,14.660323858261108,0.7915175557136536,0.22957852482795715,0.93359375,0.76318359375,0.2278982549905777,0.03411865234375,0.27734375,0.0156707763671875,3.9483887354532876,0.3370594084262848,0.165283203125,0.045391254127025604,0.5259431600570679,0.03072425164282322,0.3031080365180969
obj_0189,165,c3_lhl,14.56654667854309,0.8344404101371765,0.17749063670635223,7.3323845863342285,0.3419361412525177,0.19682782888412476,22.234773635864258,8.569090366363525,0.4570722281932831,0.3433539569377899,15.238597393035889,0.8776556849479675,0.13652868568897247,14.463657140731812,0.8314363360404968,0.18400202691555023,0.9765625,0.7822265625,0.3294025659561157,0.07012939453125,0.35791015625,0.0189971923828125,4.298128763834636,0.3320237398147583,0.1767578125,0.04667776823043823,0.26202237606048584,0.008202124387025833,0.2800239026546478
obj_0190,166,c3_lhl,13.400421142578125,0.8316583633422852,0.23895955085754395,7.754858136177063,0.5035206079483032,0.28474918007850647,25.882136821746826,10.080229043960571,0.5233023762702942,0.5093551278114319,13.585507869720459,0.8415253758430481,0.2206888049840927,13.400421142578125,0.8316583633422852,0.23895955085754395,1.0,0.7587890625,0.3156140446662903,0.09600830078125,0.2459716796875,0.0124969482421875,4.153756300608317,0.3317308723926544,0.125732421875,0.04354872927069664,0.14957217872142792,0.0058725313283503056,0.2539794147014618
obj_0191,167,c3_lhl,14.363867044448853,0.82402104139328,0.1857203245162964,6.645293831825256,0.21212400496006012,0.21106421947479248,24.996604919433594,8.563482761383057,0.4557223320007324,0.2018713504076004,14.692556858062744,0.8629940152168274,0.15813696384429932,14.363867044448853,0.82402104139328,0.1857203245162964,1.0,0.8193359375,0.37284672260284424,0.034576416015625,0.49169921875,0.03948974609375,4.273085832595825,0.3555152416229248,0.2413330078125,0.09738938510417938,0.38387230038642883,0.013009423390030861,0.2834046185016632
obj_0192,168,c3_lhl,14.801819324493408,0.7923917770385742,0.2855496108531952,8.915621638298035,0.3635817766189575,0.3057405352592468,25.51717519760132,8.787428140640259,0.5058314800262451,0.366691917181015,15.090690851211548,0.8246573209762573,0.2697027027606964,14.801819324493408,0.7923917770385742,0.2855496108531952,1.0,0.80029296875,0.2898254990577698,0.073974609375,0.261962890625,0.0233154296875,3.7462757428487143,0.392060786485672,0.14111328125,0.15313874185085297,0.31523019075393677,0.008111197501420975,0.27590927481651306
obj_0193,169,c3_lhl,18.917065858840942,0.8922140598297119,0.1008065715432167,8.241138458251953,0.31629428267478943,0.0862845778465271,23.727641105651855,8.872098922729492,0.5684998631477356,0.31401923298835754,20.533881187438965,0.9571501612663269,0.061312485486269,18.48901867866516,0.886687695980072,0.11326286196708679,0.8932291666666666,0.78271484375,0.3772798180580139,0.0377197265625,0.296630859375,0.018035888671875,3.8924972216288247,0.3454363942146301,0.174560546875,0.038728490471839905,0.43945053219795227,0.011940119788050652,0.29054129123687744
obj_0194,170,c3_lhl,17.33717679977417,0.8747475147247314,0.12802566587924957,6.8686699867248535,0.17594076693058014,0.12717673182487488,22.623422145843506,7.814376354217529,0.45770350098609924,0.15190252661705017,18.74481439590454,0.9407694339752197,0.09398843348026276,17.102150917053223,0.8709187507629395,0.1340487152338028,0.9453125,0.837890625,0.44029420614242554,0.036712646484375,0.5107421875,0.03765869140625,3.5750721295674643,0.3596297800540924,0.239013671875,0.08599096536636353,0.44470101594924927,0.016147425398230553,0.28587475419044495
obj_0195,171,c3_lhl,16.09107255935669,0.8607760667800903,0.15975350141525269,6.587051153182983,0.22715838253498077,0.153070330619812,23.67741823196411,8.082790970802307,0.46170833706855774,0.22422532737255096,16.837284564971924,0.9177296757698059,0.12730558216571808,15.946919918060303,0.8580795526504517,0.16327664256095886,0.9661458333333334,0.80322265625,0.26707935333251953,0.05474853515625,0.3486328125,0.035064697265625,3.787925402323405,0.36422619223594666,0.211181640625,0.07537461817264557,0.41088536381721497,0.012843885459005833,0.27066710591316223
obj_0196,172,c3_lhl,14.555888175964355,0.8206728100776672,0.19538970291614532,7.618947625160217,0.3141506314277649,0.18317854404449463,19.597761631011963,7.230520844459534,0.3695164620876312,0.3227536976337433,15.903065204620361,0.8886215090751648,0.14084871113300323,13.99835467338562,0.8034198880195618,0.215464249253273,0.87890625,0.783203125,0.28356489539146423,0.06719970703125,0.320068359375,0.0189056396484375,3.888032913208008,0.3429214060306549,0.1756591796875,0.0490601509809494,0.4028489291667938,0.01719016768038273,0.283229798078537
obj_0197,173,c3_lhl,16.279958486557007,0.831942617893219,0.1308186799287796,8.065404891967773,0.1674804836511612,0.13258294761180878,24.363667964935303,8.422455191612244,0.4975651204586029,0.15605604648590088,16.910712718963623,0.8822287917137146,0.10839039832353592,15.829466581344604,0.8190094828605652,0.1437460482120514,0.8984375,0.9013671875,0.28024348616600037,0.02642822265625,0.30517578125,0.02471923828125,2.429102341334025,0.373137891292572,0.1776123046875,0.04608934372663498,0.534966230392456,0.028300544247031212,0.32162046432495117
obj_0198,174,c3_lhl,17.5265896320343,0.8840433955192566,0.1442064344882965,6.576842665672302,0.2051192969083786,0.1082349345088005,21.005961894989014,7.467111349105835,0.433187872171402,0.19573824107646942,19.954054355621338,0.9597227573394775,0.08503149449825287,17.314234972000122,0.8811367750167847,0.1521037518978119,0.9466145833333334,0.72998046875,0.44683241844177246,0.05670166015625,0.59912109375,0.06304931640625,4.256401300430298,0.3661324977874756,0.277587890625,0.03342609852552414,0.6065431833267212,0.043172746896743774,0.31176280975341797
obj_0199,175,c3_lhl,14.714504480361938,0.8542799949645996,0.19811312854290009,7.7560824155807495,0.44668012857437134,0.22758862376213074,26.4481782913208,9.959384202957153,0.5303010940551758,0.4521903097629547,14.956996440887451,0.8758293986320496,0.17286168038845062,14.594113826751709,0.8510764241218567,0.2049151360988617,0.97265625,0.771484375,0.32119518518447876,0.034759521484375,0.2734375,0.0155181884765625,3.4466589291890464,0.34009087085723877,0.1558837890625,0.07101254910230637,0.21198953688144684,0.005919742863625288,0.2641935646533966
obj_0200,176,c3_lhl,14.627907276153564,0.8349865674972534,0.16345033049583435,6.552563309669495,0.25307509303092957,0.17636102437973022,23.659584522247314,8.393402099609375,0.4400635361671448,0.251969575881958,15.12233853340149,0.8841447830200195,0.129787415266037,13.794564008712769,0.8104524612426758,0.1905515193939209,0.82421875,0.8359375,0.3260054588317871,0.0345458984375,0.324462890625,0.022064208984375,3.598393440246582,0.35235822200775146,0.1971435546875,0.04923223331570625,0.2588116228580475,0.009525514207780361,0.28086885809898376
obj_0201,177,c3_lhl,15.168029069900513,0.8396798968315125,0.20647020637989044,7.357930541038513,0.4187649190425873,0.1953948438167572,22.925240993499756,8.421920537948608,0.4900759756565094,0.42448166012763977,15.842496156692505,0.9007645845413208,0.14727964997291565,15.168029069900513,0.8396798968315125,0.20647020637989044,1.0,0.8095703125,0.5324705243110657,0.0606689453125,0.306884765625,0.0203857421875,3.121813933054606,0.36153724789619446,0.1717529296875,0.058822985738515854,0.20775578916072845,0.006249097641557455,0.2763385474681854
obj_0202,178,c3_lhl,15.9232497215271,0.8201448917388916,0.17201220989227295,8.406383395195007,0.19179293513298035,0.15981365740299225,21.3512921333313,6.914365291595459,0.41539865732192993,0.18729570508003235,17.163362503051758,0.8772266507148743,0.13787400722503662,15.9232497215271,0.8201448917388916,0.17201220989227295,1.0,0.8759765625,0.30716419219970703,0.0369873046875,0.360595703125,0.035308837890625,3.0591174761454263,0.38607990741729736,0.20263671875,0.032046299427747726,0.5214412808418274,0.01918226294219494,0.3071458339691162
obj_0203,179,c3_lhl,19.64367151260376,0.923521876335144,0.0989842489361763,8.068490624427795,0.18406972289085388,0.053155317902565,20.481972694396973,7.19944953918457,0.5048571825027466,0.15760663151741028,26.94336175918579,0.9898083209991455,0.03458581119775772,19.156184196472168,0.9193445444107056,0.1100553497672081,0.8515625,0.7490234375,0.4485640525817871,0.0380859375,0.63671875,0.054229736328125,4.597913424173991,0.38817524909973145,0.2010498046875,0.02209390327334404,1.1605907678604126,0.07788894325494766,0.33581170439720154
obj_0204,180,c3_lhl,15.442184209823608,0.8171469569206238,0.18443270027637482,9.813839793205261,0.40342408418655396,0.20615029335021973,27.717831134796143,10.281821489334106,0.6026251316070557,0.40108269453048706,15.63633680343628,0.8263217806816101,0.16755205392837524,15.442184209823608,0.8171469569206238,0.18443270027637482,1.0,0.8642578125,0.275932252407074,0.074462890625,0.205810546875,0.0104522705078125,3.2485462029774985,0.36741113662719727,0.1192626953125,0.05404578521847725,0.33069223165512085,0.016078153625130653,0.2913411259651184
obj_0205,181,c3_lhl,15.016828775405884,0.8471716046333313,0.16451117396354675,5.9267765283584595,0.16748309135437012,0.16503684222698212,20.938825607299805,6.580498218536377,0.37401270866394043,0.154390349984169,16.160426139831543,0.913417398929596,0.11344872415065765,14.216442108154297,0.8259502053260803,0.18892814218997955,0.828125,0.8369140625,0.38932767510414124,0.03558349609375,0.424560546875,0.0352783203125,3.4324957529703775,0.35272854566574097,0.23388671875,0.013501930050551891,0.4651361107826233,0.018044499680399895,0.2884884476661682
obj_0206,182,c3_lhl,14.421219825744629,0.8221931457519531,0.19889503717422485,7.2388529777526855,0.33876684308052063,0.2268770933151245,26.05327606201172,9.866854548454285,0.536984920501709,0.33798348903656006,14.672764539718628,0.8637592792510986,0.16817253828048706,14.254299402236938,0.8171567320823669,0.21409285068511963,0.9622395833333334,0.79296875,0.40938428044319153,0.054168701171875,0.27392578125,0.0196990966796875,3.8146608670552573,0.4027637243270874,0.1357421875,0.007700037676841021,0.30678609013557434,0.008325628936290741,0.2895509898662567
obj_0207,183,c3_lhl,15.309826135635376,0.8558155298233032,0.15944887697696686,6.5320587158203125,0.3737344443798065,0.15517398715019226,24.418716430664062,9.258044362068176,0.524138867855072,0.3760233223438263,15.807485580444336,0.9104828238487244,0.12851084768772125,15.293196439743042,0.8554593920707703,0.1613730937242508,0.99609375,0.7509765625,0.33726462721824646,0.08636474609375,0.289794921875,0.0186004638671875,3.829043706258138,0.3576149642467499,0.151611328125,0.06689035147428513,0.24791458249092102,0.007727417163550854,0.262551486492157
obj_0208,184,c3_lhl,18.290990591049194,0.8983840942382812,0.11373551934957504,7.4266499280929565,0.1761617213487625,0.074284628033638,19.67799186706543,7.1816593408584595,0.44026273488998413,0.1419447809457779,23.656492233276367,0.9818708896636963,0.0565573126077652,17.89548397064209,0.8940932154655457,0.1243339478969574,0.892578125,0.7880859375,0.4566628336906433,0.0175933837890625,0.5,0.046356201171875,3.348681608835856,0.416626513004303,0.27783203125,0.011202269233763218,0.7958318591117859,0.08328827470541,0.3664725720882416
obj_0209,185,c3_lhl,14.831476211547852,0.8598712086677551,0.22142234444618225,10.425907373428345,0.6507241129875183,0.28461384773254395,34.54226493835449,13.574684858322144,0.6506856083869934,0.656076967716217,14.861280918121338,0.8632433414459229,0.21050094068050385,14.831476211547852,0.8598712086677551,0.22142234444618225,1.0,0.69091796875,0.4953211545944214,0.026458740234375,0.1640625,0.00963592529296875,3.1648736000061035,0.42817699909210205,0.08868408203125,0.06538263708353043,0.11771697551012039,0.0025656833313405514,0.28373128175735474
obj_0210,186,c3_lhl,19.743645191192627,0.8972380757331848,0.08552960306406021,9.424116015434265,0.1400158703327179,0.06460204720497131,22.046067714691162,7.744660973548889,0.47380271553993225,0.11939417570829391,23.355910778045654,0.9643139243125916,0.045241840183734894,18.678505420684814,0.8803591132164001,0.1011999100446701,0.7421875,0.8212890625,0.44444629549980164,0.015869140625,0.4521484375,0.03289794921875,2.9865917364756265,0.3409634828567505,0.25244140625,0.022467026486992836,0.6394121646881104,0.05815473198890686,0.3930974304676056
obj_0211,187,c3_lhl,14.671168327331543,0.8472532629966736,0.16323725879192352,6.845468282699585,0.2968197464942932,0.20483580231666565,25.578246116638184,9.277315735816956,0.506410539150238,0.29387199878692627,14.980189800262451,0.8798388838768005,0.13569533824920654,14.671168327331543,0.8472532629966736,0.16323725879192352,1.0,0.83642578125,0.35549163818359375,0.022186279296875,0.34423828125,0.0189361572265625,4.126181443532308,0.3338872790336609,0.1973876953125,0.07039899379014969,0.2075566202402115,0.006319213658571243,0.27498310804367065
obj_0212,188,c3_lhl,13.497684001922607,0.8148403167724609,0.2125377357006073,7.2994208335876465,0.36293065547943115,0.2745300531387329,30.543625354766846,10.59801697731018,0.5421833992004395,0.3652825951576233,13.563659191131592,0.8195253014564514,0.2026538997888565,13.497684001922607,0.8148403167724609,0.2125377357006073,1.0,0.80419921875,0.33109989762306213,0.09820556640625,0.28759765625,0.019073486328125,3.837120612462362,0.38012853264808655,0.1483154296875,0.048071399331092834,0.24157261848449707,0.0065036979503929615,0.2763293385505676
obj_0213,189,c3_lhl,14.192088842391968,0.8483288288116455,0.2150588035583496,6.881550550460815,0.295826256275177,0.22770267724990845,24.798927307128906,8.793969750404358,0.45319586992263794,0.2976751923561096,14.516462087631226,0.8634360432624817,0.1793869435787201,14.192088842391968,0.8483288288116455,0.2150588035583496,1.0,0.79931640625,0.2840944230556488,0.036102294921875,0.392822265625,0.0290374755859375,4.521605491638184,0.34984174370765686,0.2156982421875,0.05087856575846672,0.28182515501976013,0.008180364966392517,0.2571871876716614
obj_0214,190,c3_lhl,16.078951358795166,0.8678630590438843,0.1445118486881256,6.0164874792099,0.2209433913230896,0.1565362811088562,24.781317710876465,9.268907308578491,0.5343577861785889,0.20219719409942627,16.649798154830933,0.9255383610725403,0.1101236641407013,15.463725328445435,0.8560776710510254,0.1643279790878296,0.86328125,0.83447265625,0.4233536124229431,0.0293426513671875,0.42626953125,0.02862548828125,3.6219851970672607,0.3605910539627075,0.2098388671875,0.10192272812128067,0.3237001597881317,0.011225301772356033,0.2778466045856476
obj_0215,191,c3_lhl,15.784341096878052,0.8444690704345703,0.15207721292972565,7.6268428564071655,0.3626677691936493,0.148091658949852,21.98913335800171,8.199577927589417,0.4609227776527405,0.3702741265296936,16.811983585357666,0.904362678527832,0.11180637776851654,15.477349758148193,0.8371250033378601,0.1632978916168213,0.9296875,0.7998046875,0.3509978652000427,0.11187744140625,0.277099609375,0.0180816650390625,3.2917913595835366,0.33799150586128235,0.1767578125,0.16251811385154724,0.3370792865753174,0.014604619704186916,0.3008013069629669
obj_0216,192,c3_lhl,15.172109603881836,0.8510411977767944,0.18623830378055573,6.486409902572632,0.3139410614967346,0.1835085153579712,23.40519905090332,8.625291585922241,0.48158934712409973,0.31344932317733765,15.78978180885315,0.91038978099823,0.13198280334472656,15.172109603881836,0.8510411977767944,0.18623830378055573,1.0,0.80322265625,0.3504605293273926,0.033782958984375,0.326904296875,0.028778076171875,3.632396380106608,0.36500874161720276,0.185791015625,0.017284531146287918,0.27114954590797424,0.01181184034794569,0.26829099655151367
obj_0217,193,c3_lhl,17.521579265594482,0.8939263224601746,0.10269558429718018,6.236538290977478,0.13822533190250397,0.10405537486076355,23.158485889434814,8.068203926086426,0.5145413875579834,0.11799392849206924,18.81765127182007,0.9493938088417053,0.0699622854590416,16.25616431236267,0.8725534081459045,0.12141343206167221,0.73046875,0.84228515625,0.3736855685710907,0.0266265869140625,0.41845703125,0.02764892578125,3.802941163380941,0.38877928256988525,0.184326171875,0.009573125280439854,0.46097448468208313,0.02548901177942753,0.2872830033302307
obj_0218,194,c3_lhl,15.02398133277893,0.8544867038726807,0.1675274521112442,7.239058017730713,0.36287733912467957,0.1938261091709137,22.75420904159546,8.426503539085388,0.4900657534599304,0.3622010350227356,15.702404975891113,0.8986589908599854,0.14270059764385223,15.02398133277893,0.8544867038726807,0.1675274521112442,1.0,0.76171875,0.35746467113494873,0.024261474609375,0.34326171875,0.0159759521484375,4.490267276763916,0.3338507413864136,0.1749267578125,0.06972188502550125,0.3149586319923401,0.012609196826815605,0.26366811990737915
obj_0219,195,c3_lhl,14.075051546096802,0.8509948253631592,0.1803288459777832,6.711300015449524,0.49512794613838196,0.22756126523017883,27.263705730438232,9.812308549880981,0.557700514793396,0.5026798844337463,14.250216484069824,0.8876402974128723,0.15847653150558472,13.884538412094116,0.8464388251304626,0.1797783523797989,0.95703125,0.8291015625,0.5338069200515747,0.026214599609375,0.25048828125,0.020263671875,3.6652743021647134,0.3669568598270416,0.1441650390625,0.10077914595603943,0.1194300651550293,0.004662389867007732,0.24439583718776703
obj_0220,196,c3_lhl,15.348116159439087,0.8728998303413391,0.1346922516822815,5.059295296669006,0.22924424707889557,0.1531912088394165,25.980334281921387,8.806426525115967,0.5205760598182678,0.2191542536020279,15.70553183555603,0.9253824353218079,0.10951213538646698,14.570738077163696,0.8577017188072205,0.15651506185531616,0.833984375,0.833984375,0.4009561538696289,0.026519775390625,0.379150390625,0.0248565673828125,3.4360833168029785,0.34564661979675293,0.2164306640625,0.059302106499671936,0.1971854716539383,0.01661696657538414,0.26102811098098755
obj_0221,197,c3_lhl,18.747389316558838,0.9155675172805786,0.11474351584911346,6.046382188796997,0.1577177345752716,0.09289412945508957,20.658822059631348,6.252871155738831,0.46585148572921753,0.1303771734237671,23.07955026626587,0.9818710684776306,0.060939639806747437,18.472591638565063,0.9136250019073486,0.12430787831544876,0.92578125,0.80078125,0.4730008542537689,0.01904296875,0.68017578125,0.05987548828125,4.022511800130208,0.3850061297416687,0.2330322265625,0.02582399733364582,0.7483444809913635,0.046042583882808685,0.29965028166770935
obj_0222,198,c3_lhl,14.647250175476074,0.8623616695404053,0.1552446186542511,4.8288679122924805,0.1958840936422348,0.15908071398735046,24.13041114807129,8.564895391464233,0.468758225440979,0.18795627355575562,15.1149320602417,0.9191120862960815,0.1252831518650055,14.613744020462036,0.8618137240409851,0.16069269180297852,0.9921875,0.78955078125,0.32445186376571655,0.024993896484375,0.39599609375,0.0250396728515625,3.99327286084493,0.3461202085018158,0.2318115234375,0.00650703813880682,0.22802993655204773,0.01185979787260294,0.2628996968269348
obj_0223,199,c3_lhl,17.70959973335266,0.8870324492454529,0.1131710335612297,6.419292688369751,0.1423981934785843,0.09220066666603088,22.693753242492676,7.912225723266602,0.46839550137519836,0.12781184911727905,19.26419734954834,0.9524977207183838,0.07381705939769745,17.534620761871338,0.8847615718841553,0.11930783838033676,0.9557291666666666,0.783203125,0.36592742800712585,0.0313720703125,0.513671875,0.06005859375,4.046484470367432,0.3727054297924042,0.250244140625,0.03363148868083954,0.6536749005317688,0.0399864986538887,0.30567821860313416
obj_0224,200,c3_lhl,15.409790277481079,0.8526199460029602,0.1631132811307907,5.966486930847168,0.20270153880119324,0.14895963668823242,22.46577501296997,7.130302786827087,0.4487920105457306,0.20160438120365143,16.264127492904663,0.9167584180831909,0.12559956312179565,14.962446689605713,0.8427425622940063,0.178965225815773,0.8984375,0.830078125,0.21053142845630646,0.06085205078125,0.236328125,0.0191497802734375,3.2961771488189697,0.39698442816734314,0.158447265625,0.05681443586945534,0.36316293478012085,0.015171757899224758,0.29321300983428955
obj_0225,201,c3_lhl,15.137176513671875,0.8658245205879211,0.14970505237579346,5.450850129127502,0.23456725478172302,0.16149428486824036,25.141260623931885,8.84655475616455,0.5089340209960938,0.22893208265304565,15.547407865524292,0.9161972403526306,0.11565776914358139,14.778730869293213,0.8585222363471985,0.16069020330905914,0.9192708333333334,0.8427734375,0.3986334800720215,0.03277587890625,0.356689453125,0.0274658203125,3.3197904427846274,0.3665427565574646,0.190673828125,0.09474219381809235,0.2027340829372406,0.006753072142601013,0.2636134922504425
obj_0226,202,c3_lhl,22.10150957107544,0.9330227971076965,0.13310295343399048,8.94191861152649,0.1601613163948059,0.06725110113620758,22.74197816848755,11.416240930557251,0.5371008515357971,0.15724879503250122,30.545737743377686,0.9937323331832886,0.08563105762004852,21.76900863647461,0.9301815629005432,0.1462699919939041,0.83984375,0.3330078125,0.5477592945098877,0.033782958984375,0.74462890625,0.07647705078125,5.550945123036702,0.3977760076522827,0.26611328125,0.03146478906273842,1.3219822645187378,0.10451342910528183,0.40252918004989624
obj_0227,203,c3_lhl,16.203409433364868,0.8118559122085571,0.18723779916763306,9.228012561798096,0.31442439556121826,0.18723291158676147,24.435362815856934,9.227505326271057,0.5173274278640747,0.3095811605453491,16.777533292770386,0.8605436682701111,0.15583005547523499,16.158733367919922,0.8105188012123108,0.1906299740076065,0.9895833333333334,0.87353515625,0.4262595772743225,0.11236572265625,0.26513671875,0.0181732177734375,2.2676764726638794,0.3680676221847534,0.158447265625,0.25865063071250916,0.2877274751663208,0.009527570568025112,0.3114534318447113
obj_0228,204,c3_lhl,16.613948345184326,0.870984673500061,0.15685445070266724,7.097974419593811,0.314716637134552,0.14529632031917572,22.681457996368408,8.34057331085205,0.4453282654285431,0.3240876793861389,17.72605061531067,0.935065507888794,0.10834748297929764,16.613948345184326,0.870984673500061,0.15685445070266724,1.0,0.72216796875,0.2984955906867981,0.061065673828125,0.362060546875,0.03082275390625,4.195453961690267,0.3479480445384979,0.1973876953125,0.018322551622986794,0.3561859726905823,0.014877541922032833,0.27556028962135315
obj_0229,205,c3_lhl,16.49093270301819,0.8743643164634705,0.16666242480278015,6.153212785720825,0.2640925645828247,0.1435251235961914,22.746636867523193,8.434764742851257,0.4788025915622711,0.26114538311958313,17.568482160568237,0.9414119720458984,0.11275200545787811,16.49093270301819,0.8743643164634705,0.16666242480278015,1.0,0.8173828125,0.4640325903892517,0.03265380859375,0.43603515625,0.0350341796875,3.784069061279297,0.3753480613231659,0.218505859375,0.02542238123714924,0.3844960629940033,0.015996050089597702,0.28600892424583435
obj_0230,206,c3_lhl,15.113822221755981,0.8431349992752075,0.14705586433410645,7.7497851848602295,0.2899811267852783,0.1383681744337082,18.266127109527588,6.070897579193115,0.39018234610557556,0.2916339635848999,17.5827956199646,0.9150481820106506,0.09617658704519272,14.961365461349487,0.8397201299667358,0.15521658957004547,0.96484375,0.798828125,0.39755502343177795,0.1051025390625,0.419189453125,0.0288543701171875,3.7915425300598145,0.34797391295433044,0.1962890625,0.0839696079492569,0.5032512545585632,0.02144698239862919,0.3102133572101593
obj_0231,207,c3_lhl,12.861385345458984,0.8423946499824524,0.2382926046848297,6.383715271949768,0.4674442708492279,0.2690623998641968,25.88754415512085,9.35693621635437,0.5078179836273193,0.47503790259361267,13.034355640411377,0.851167619228363,0.21436353027820587,12.861385345458984,0.8423946499824524,0.2382926046848297,1.0,0.78076171875,0.3110705614089966,0.08319091796875,0.2724609375,0.0237884521484375,2.8659423192342124,0.34995850920677185,0.169677734375,0.046812739223241806,0.16182294487953186,0.005438636522740126,0.25753483176231384
obj_0232,208,c3_lhl,14.193029403686523,0.8210359215736389,0.1850450038909912,6.933429837226868,0.33494850993156433,0.23935551941394806,27.773213386535645,10.157381296157837,0.5186498761177063,0.33087483048439026,14.351832866668701,0.8613659143447876,0.173757404088974,13.996779918670654,0.8151516318321228,0.19425411522388458,0.9557291666666666,0.86669921875,0.3743692636489868,0.03240966796875,0.26806640625,0.0187530517578125,3.4710116386413574,0.37580937147140503,0.1500244140625,0.05139809846878052,0.2464924305677414,0.0073865437880158424,0.25952398777008057
obj_0233,209,c3_lhl,15.032402276992798,0.8722756505012512,0.1547093689441681,5.0009483098983765,0.2743684649467468,0.16018125414848328,24.1782546043396,8.041378855705261,0.501711905002594,0.271935373544693,15.543339252471924,0.9286560416221619,0.12060103565454483,14.865368604660034,0.8696931004524231,0.1587699055671692,0.9609375,0.791015625,0.3465293347835541,0.04376220703125,0.3125,0.0278472900390625,3.747097889582316,0.37021762132644653,0.1810302734375,0.011447549797594547,0.2267165184020996,0.008253120817244053,0.2529890835285187
obj_0234,210,c3_lhl,16.97900414466858,0.8662703037261963,0.12935791909694672,7.635247111320496,0.19304993748664856,0.11865928024053574,23.583779335021973,7.740834355354309,0.49646663665771484,0.1813569813966751,17.93809413909912,0.9288474321365356,0.09183736145496368,16.38433337211609,0.8549253940582275,0.14577817916870117,0.869140625,0.896484375,0.3465012311935425,0.0213775634765625,0.31982421875,0.0231475830078125,2.518630266189575,0.35850265622138977,0.187744140625,0.015047658234834671,0.4294769763946533,0.021885083988308907,0.3058936297893524
obj_0235,211,c3_lhl,14.318498373031616,0.8406356573104858,0.16290704905986786,5.501266717910767,0.2330588698387146,0.18439333140850067,22.641665935516357,7.174848318099976,0.4230234920978546,0.22696156799793243,14.924920797348022,0.9000861048698425,0.12610456347465515,14.284720420837402,0.8399304151535034,0.16764676570892334,0.9921875,0.8310546875,0.32684704661369324,0.0311737060546875,0.4091796875,0.032073974609375,3.489051262537638,0.3428167700767517,0.2156982421875,0.03312690556049347,0.23830801248550415,0.008392494171857834,0.2598140835762024
obj_0236,212,c3_lhl,16.116693019866943,0.8811317682266235,0.13948675990104675,5.147678852081299,0.2312755286693573,0.14381037652492523,24.208950996398926,8.730292320251465,0.49986252188682556,0.2198302000761032,16.794692277908325,0.9400781989097595,0.10308872163295746,16.116693019866943,0.8811317682266235,0.13948675990104675,1.0,0.78564453125,0.35529467463493347,0.0506591796875,0.4736328125,0.034942626953125,4.398555596669515,0.35993263125419617,0.232666015625,0.033129602670669556,0.21366681158542633,0.009266560897231102,0.25459805130958557
obj_0237,213,c3_lhl,16.177207231521606,0.8797549605369568,0.1358126699924469,5.768346190452576,0.29592373967170715,0.13845080137252808,24.217236042022705,8.51223349571228,0.46773579716682434,0.2964566648006439,16.856592893600464,0.9391551613807678,0.10229846835136414,15.729764699935913,0.8728013038635254,0.15224647521972656,0.8984375,0.732421875,0.4041428565979004,0.04833984375,0.3935546875,0.0289154052734375,3.5908895333607993,0.328183650970459,0.2359619140625,0.01710432954132557,0.26547718048095703,0.015091015957295895,0.2550138831138611
obj_0238,214,c3_lhl,17.931877374649048,0.8884072303771973,0.12235412001609802,6.554346680641174,0.22661112248897552,0.10408040881156921,21.193182468414307,7.4513572454452515,0.42991212010383606,0.22532153129577637,20.553019046783447,0.9653351306915283,0.07382582128047943,17.591806650161743,0.8844524025917053,0.1282246857881546,0.91796875,0.701171875,0.38036948442459106,0.0628662109375,0.56982421875,0.04876708984375,4.393173376719157,0.3540891706943512,0.254638671875,0.04381757974624634,0.5335773825645447,0.025501208379864693,0.28369730710983276
obj_0239,215,c3_lhl,13.889473676681519,0.8123871088027954,0.207343190908432,6.625391840934753,0.285455584526062,0.21743805706501007,21.9589900970459,7.307827472686768,0.3985695540904999,0.28974035382270813,14.496827125549316,0.8700663447380066,0.1644367277622223,13.804022073745728,0.8099156618118286,0.2133934497833252,0.98046875,0.7861328125,0.2827089726924896,0.0423583984375,0.3642578125,0.029632568359375,4.094488461812337,0.348952054977417,0.2078857421875,0.04188956692814827,0.33984553813934326,0.015138601884245872,0.27667301893234253
obj_0240,216,c3_lhl,21.48433208465576,0.9197911024093628,0.08599630743265152,8.32090437412262,0.2041199654340744,0.06119763106107712,23.711788654327393,8.84689748287201,0.5236526131629944,0.18518754839897156,25.32294988632202,0.9838056564331055,0.04757837951183319,20.41698694229126,0.9106674194335938,0.10122853517532349,0.73828125,0.69921875,0.47999486327171326,0.0265655517578125,0.66015625,0.04266357421875,5.245571136474609,0.33483460545539856,0.27001953125,0.03988691791892052,0.6973744034767151,0.028869446367025375,0.31244519352912903
obj_0241,217,c3_lhl,14.102896451950073,0.8441227674484253,0.23133012652397156,8.732043504714966,0.5520853400230408,0.287247896194458,30.477778911590576,12.003364562988281,0.5835785865783691,0.55857914686203,14.174983501434326,0.8488220572471619,0.2184455692768097,14.102896451950073,0.8441227674484253,0.23133012652397156,1.0,0.7373046875,0.3685705065727234,0.036712646484375,0.203125,0.01094818115234375,3.492504119873047,0.35667526721954346,0.12188720703125,0.09503638744354248,0.14700478315353394,0.003579627489671111,0.2667510211467743
obj_0242,218,c3_lhl,14.96600866317749,0.837863564491272,0.16898059844970703,7.0364391803741455,0.37080273032188416,0.18541862070560455,22.966887950897217,8.400381803512573,0.47039029002189636,0.37796148657798767,15.602957010269165,0.8945845365524292,0.12964652478694916,14.880717992782593,0.8359247446060181,0.17393577098846436,0.98046875,0.7978515625,0.3311969041824341,0.07550048828125,0.309814453125,0.0204315185546875,3.287804047266642,0.34494513273239136,0.1824951171875,0.05760811269283295,0.2814217805862427,0.00961319264024496,0.28001660108566284
obj_0243,219,c3_lhl,15.225222110748291,0.8521676659584045,0.2630142271518707,8.6263906955719,0.48587751388549805,0.288418710231781,31.244001388549805,11.649672985076904,0.6073121428489685,0.4882953464984894,15.311388969421387,0.8615034818649292,0.2545543909072876,15.128010511398315,0.8492284417152405,0.26828327775001526,0.9778645833333334,0.783203125,0.41514861583709717,0.0643310546875,0.25439453125,0.018218994140625,3.9130262533823648,0.3931944668292999,0.1417236328125,0.12462805956602097,0.21481439471244812,0.003332526655867696,0.24069155752658844
obj_0244,220,c3_lhl,13.387573957443237,0.7971379160881042,0.23413439095020294,8.648354411125183,0.46590664982795715,0.29217228293418884,32.41750478744507,12.08092212677002,0.5562148094177246,0.4700765311717987,13.423943519592285,0.8016567230224609,0.22246891260147095,13.387573957443237,0.7971379160881042,0.23413439095020294,1.0,0.783203125,0.38129112124443054,0.044952392578125,0.239501953125,0.01305389404296875,3.631678263346354,0.35870546102523804,0.1358642578125,0.02195972204208374,0.19805759191513062,0.004527567885816097,0.27956968545913696
obj_0245,221,c3_lhl,17.159931659698486,0.8990317583084106,0.12374681234359741,5.1229554414749146,0.09474051743745804,0.08964891731739044,20.876331329345703,7.302563190460205,0.4115617871284485,0.07801627367734909,19.446014165878296,0.9623376131057739,0.08369286358356476,16.091043949127197,0.883809506893158,0.1488828957080841,0.76171875,0.7451171875,0.3660282790660858,0.022369384765625,0.552734375,0.054229736328125,3.5501694679260254,0.37257158756256104,0.335205078125,0.014891250059008598,0.591392457485199,0.044515904039144516,0.3197065591812134
obj_0246,222,c3_lhl,13.389099836349487,0.8059881329536438,0.23622331023216248,7.873290181159973,0.3992679715156555,0.2876141667366028,23.848907947540283,9.53439176082611,0.45394259691238403,0.4046635329723358,13.687351942062378,0.8191692233085632,0.20692044496536255,13.268693685531616,0.8005402684211731,0.24377313256263733,0.97265625,0.7607421875,0.3007895350456238,0.06317138671875,0.31298828125,0.020111083984375,4.181190490722656,0.33680930733680725,0.1815185546875,0.03491297736763954,0.2469574213027954,0.006663138046860695,0.2671931982040405
obj_0247,223,c3_lhl,14.423162937164307,0.8229138255119324,0.16332368552684784,7.6477837562561035,0.2251351922750473,0.16831070184707642,17.031123638153076,6.495545506477356,0.337375670671463,0.22095166146755219,17.34508991241455,0.9113903045654297,0.10218444466590881,14.423162937164307,0.8229138255119324,0.16332368552684784,1.0,0.74609375,0.4670460820198059,0.033660888671875,0.56005859375,0.0298919677734375,4.530698776245117,0.32689225673675537,0.2626953125,0.021560192108154297,0.5303559899330139,0.022490303963422775,0.30653923749923706
obj_0248,224,c3_lhl,13.800245523452759,0.8380201458930969,0.1574162393808365,5.3375935554504395,0.27114298939704895,0.18373967707157135,25.136699676513672,9.361581802368164,0.4921778738498688,0.2647056579589844,14.086118936538696,0.8908309936523438,0.13238032162189484,13.539080619812012,0.8316975235939026,0.16840948164463043,0.94140625,0.82470703125,0.34253692626953125,0.034515380859375,0.359619140625,0.0223846435546875,3.642407178878784,0.345996618270874,0.196044921875,0.017508290708065033,0.20381657779216766,0.009350141510367393,0.2694358825683594
obj_0249,225,c3_lhl,15.701037645339966,0.8783398270606995,0.13770082592964172,4.898476004600525,0.1204957589507103,0.13602960109710693,22.34799861907959,7.265868186950684,0.4403086304664612,0.09222026914358139,16.681379079818726,0.9365031123161316,0.10967569053173065,15.304938554763794,0.8719936013221741,0.1468532532453537,0.91015625,0.857421875,0.4493319094181061,0.0154876708984375,0.52880859375,0.04083251953125,2.7437691688537598,0.3603905737400055,0.246826171875,0.03276238590478897,0.37811651825904846,0.015168865211308002,0.2871575951576233
obj_0250,226,c3_lhl,13.943760395050049,0.8358190059661865,0.17284616827964783,5.857008099555969,0.3135625123977661,0.2154901921749115,30.542542934417725,10.893515348434448,0.5801953077316284,0.30893728137016296,14.025065898895264,0.8765490651130676,0.15907149016857147,13.535683155059814,0.8247410655021667,0.18961317837238312,0.91015625,0.86181640625,0.4049065113067627,0.041900634765625,0.301025390625,0.019287109375,3.186276833216349,0.36396554112434387,0.163818359375,0.038171205669641495,0.17313487827777863,0.0046761296689510345,0.24428561329841614
obj_0251,227,c3_lhl,16.494921445846558,0.865871250629425,0.15921419858932495,7.026606202125549,0.25860244035720825,0.14798814058303833,21.241309642791748,7.283032536506653,0.44623592495918274,0.25399190187454224,18.10054659843445,0.9327585697174072,0.10862274467945099,16.36346459388733,0.8636875748634338,0.16066612303256989,0.96875,0.83837890625,0.4541718363761902,0.04779052734375,0.384765625,0.0322265625,3.4021383126576743,0.3669086694717407,0.2086181640625,0.020478423684835434,0.37712711095809937,0.01860746555030346,0.291979044675827
obj_0252,228,c3_lhl,19.831626415252686,0.9266363978385925,0.10033167898654938,5.4700881242752075,0.1655680537223816,0.09467323869466782,22.244174480438232,8.143765926361084,0.5931994915008545,0.10971196740865707,23.443033695220947,0.9853108525276184,0.053228721022605896,19.475289583206177,0.9246360063552856,0.1079828292131424,0.89453125,0.8330078125,0.5057196617126465,0.01422119140625,0.68701171875,0.05804443359375,3.4131877422332764,0.3999941349029541,0.2200927734375,0.027086354792118073,0.563032865524292,0.04399940371513367,0.3327455222606659
obj_0253,229,c3_lhl,14.941322803497314,0.8310074806213379,0.1797952950000763,7.044156193733215,0.31280964612960815,0.1915382742881775,24.851982593536377,8.989563584327698,0.5013134479522705,0.3121182322502136,15.336390733718872,0.8830596208572388,0.15490593016147614,14.168148040771484,0.8074992299079895,0.20867589116096497,0.8359375,0.84375,0.3036022186279297,0.047607421875,0.26708984375,0.0177001953125,3.1944264570871987,0.36273393034935,0.1700439453125,0.04236547648906708,0.28888237476348877,0.007489266339689493,0.2706204056739807
obj_0254,230,c3_lhl,14.642670154571533,0.858959972858429,0.15275993943214417,5.805066227912903,0.3626731038093567,0.19076186418533325,27.50077486038208,9.669637680053711,0.5429043173789978,0.3641659617424011,14.84410285949707,0.9076645970344543,0.13295526802539825,14.52957272529602,0.8569075465202332,0.15621846914291382,0.9739583333333334,0.77587890625,0.45864036679267883,0.050750732421875,0.30224609375,0.0221405029296875,3.8682437737782798,0.37985655665397644,0.1617431640625,0.010180113837122917,0.20181848108768463,0.006220442242920399,0.2418159693479538
obj_0255,231,c3_lhl,17.233463525772095,0.8944857120513916,0.13344816863536835,5.252166986465454,0.18348635733127594,0.1288919448852539,20.773866176605225,6.628388166427612,0.43218424916267395,0.13906246423721313,19.647852182388306,0.9667565226554871,0.08712232112884521,16.63788914680481,0.8865473866462708,0.1527729630470276,0.861328125,0.7568359375,0.47824186086654663,0.0283355712890625,0.8076171875,0.05743408203125,4.77765687306722,0.3693414628505707,0.2509765625,0.028886139392852783,0.5343708395957947,0.0198966171592474,0.2856094539165497
obj_0256,232,c3_lhl,12.936397790908813,0.8161844611167908,0.2844963073730469,7.822400331497192,0.48909613490104675,0.33494389057159424,28.73677968978882,10.653964281082153,0.5106291174888611,0.49477073550224304,13.016821146011353,0.8226179480552673,0.2696532607078552,12.936397790908813,0.8161844611167908,0.2844963073730469,1.0,0.701171875,0.2926987111568451,0.05908203125,0.2496337890625,0.01538848876953125,4.04242483774821,0.33935022354125977,0.146240234375,0.015047777444124222,0.14851070940494537,0.00400219950824976,0.2537645399570465
obj_0257,233,c3_lhl,20.192115306854248,0.9073762893676758,0.10157700628042221,8.362069129943848,0.22551707923412323,0.08337492495775223,21.7004132270813,7.850242257118225,0.47196194529533386,0.20860876142978668,25.311272144317627,0.9840917587280273,0.06019367277622223,19.32866334915161,0.8981393575668335,0.11751952767372131,0.77734375,0.646484375,0.4393245577812195,0.03436279296875,0.5390625,0.03778076171875,4.865087191263835,0.3452886939048767,0.2010498046875,0.03615269437432289,0.7611149549484253,0.03345721587538719,0.31248700618743896
obj_0258,234,c3_lhl,17.86617875099182,0.88730788230896,0.12539958953857422,7.329634428024292,0.24771250784397125,0.13157102465629578,23.771615028381348,9.105042815208435,0.5465332865715027,0.23290373384952545,19.05497431755066,0.943523645401001,0.08660082519054413,17.441765069961548,0.880900502204895,0.1355782002210617,0.8971354166666666,0.83056640625,0.39378032088279724,0.029541015625,0.43798828125,0.0357666015625,3.835041364034017,0.3754391372203827,0.1978759765625,0.030578838661313057,0.3460386097431183,0.014363588765263557,0.2684430480003357
obj_0259,235,c3_lhl,16.246484518051147,0.8681224584579468,0.16852323710918427,7.206529378890991,0.3861229121685028,0.16180619597434998,23.122966289520264,8.389338850975037,0.4908280670642853,0.3936518132686615,17.13169813156128,0.9298135042190552,0.12308771908283234,16.246484518051147,0.8681224584579468,0.16852323710918427,1.0,0.71484375,0.29851290583610535,0.07354736328125,0.25390625,0.01508331298828125,3.762840906778971,0.359302282333374,0.1279296875,0.03399737924337387,0.2372114211320877,0.009337364695966244,0.24423427879810333
obj_0260,236,c3_lhl,12.657846212387085,0.7709324955940247,0.3102366030216217,7.476350665092468,0.3143410384654999,0.33703041076660156,29.790630340576172,11.487329006195068,0.5334614515304565,0.3134114444255829,12.717149257659912,0.7759831547737122,0.29629382491111755,12.657846212387085,0.7709324955940247,0.3102366030216217,1.0,0.767578125,0.253633052110672,0.06982421875,0.31201171875,0.017669677734375,3.971427838007609,0.3520147204399109,0.1405029296875,0.05455213040113449,0.2004300206899643,0.006240286864340305,0.2596991956233978
obj_0261,237,c3_lhl,18.729792833328247,0.9036973118782043,0.11449746787548065,6.459669470787048,0.2227053940296173,0.08814555406570435,21.323471069335938,7.476252913475037,0.4815603196620941,0.20690305531024933,22.056891918182373,0.9763755798339844,0.06926365196704865,18.462241888046265,0.9015878438949585,0.12268746644258499,0.9296875,0.69287109375,0.4393981695175171,0.0300140380859375,0.685546875,0.0648193359375,4.8458811442057295,0.35682907700538635,0.2509765625,0.06543663889169693,0.5040075182914734,0.023839300498366356,0.2840905785560608
obj_0262,238,c3_lhl,12.926745414733887,0.8207423090934753,0.17741483449935913,6.012282967567444,0.35262325406074524,0.2461244761943817,31.94800853729248,12.186254262924194,0.6098520755767822,0.34515729546546936,12.970410585403442,0.8507199883460999,0.16323886811733246,12.87557601928711,0.8190699815750122,0.17777322232723236,0.98828125,0.830078125,0.48921892046928406,0.059417724609375,0.278076171875,0.0182952880859375,3.6725568771362305,0.4183933436870575,0.11669921875,0.03161146491765976,0.15820211172103882,0.004275419749319553,0.24036097526550293
obj_0263,239,c3_lhl,14.956451654434204,0.832859992980957,0.18344014883041382,7.145169973373413,0.3523384928703308,0.21122360229492188,22.6668643951416,7.579343318939209,0.47613561153411865,0.3538825511932373,15.639094114303589,0.8897804617881775,0.1529579907655716,14.478811025619507,0.819561243057251,0.20519869029521942,0.89453125,0.83056640625,0.4077906608581543,0.062042236328125,0.2626953125,0.0170440673828125,2.98727814356486,0.3798801004886627,0.1485595703125,0.034440379589796066,0.2616559863090515,0.008477311581373215,0.27847054600715637
obj_0264,240,c3_lhl,14.176406860351562,0.8425487279891968,0.14522168040275574,5.038658380508423,0.16108950972557068,0.16659565269947052,22.336392402648926,7.669733166694641,0.45224037766456604,0.146822988986969,14.81465220451355,0.9017303586006165,0.11686404049396515,13.717871904373169,0.8314226269721985,0.15897393226623535,0.8984375,0.84228515625,0.32303011417388916,0.041839599609375,0.443359375,0.0289306640625,3.588179270426432,0.331081748008728,0.227783203125,0.045788299292325974,0.2613602578639984,0.007783202920109034,0.2681185305118561
obj_0265,241,c3_lhl,15.57870626449585,0.834963858127594,0.2546699047088623,10.468499660491943,0.5473841428756714,0.27126172184944153,23.44005823135376,9.695325493812561,0.46852341294288635,0.5612707138061523,16.129913330078125,0.8503732085227966,0.2256230115890503,15.57870626449585,0.834963858127594,0.2546699047088623,1.0,0.759765625,0.3393513262271881,0.126953125,0.255859375,0.0161895751953125,3.8921701908111572,0.34058502316474915,0.15380859375,0.12827637791633606,0.22838228940963745,0.008242412470281124,0.2917243540287018
obj_0266,242,c3_lhl,15.616307258605957,0.8444802165031433,0.15934090316295624,8.838444948196411,0.49340537190437317,0.1958669126033783,22.703874111175537,7.972893714904785,0.4801570475101471,0.5020270347595215,16.379178762435913,0.8935591578483582,0.1332406997680664,15.318576097488403,0.8365686535835266,0.17111855745315552,0.93359375,0.84423828125,0.44694778323173523,0.03643798828125,0.2271728515625,0.0157928466796875,3.3425358136494956,0.39022836089134216,0.119873046875,0.021639255806803703,0.23209989070892334,0.011741898953914642,0.2857171595096588
obj_0267,243,c3_lhl,15.86083173751831,0.8688779473304749,0.1519557684659958,5.752407908439636,0.19980263710021973,0.10856346786022186,20.22623062133789,6.921833753585815,0.36380746960639954,0.21429269015789032,17.681957483291626,0.944220781326294,0.08562242239713669,15.561814308166504,0.8636943101882935,0.1597989946603775,0.9296875,0.70849609375,0.41354426741600037,0.057403564453125,0.47900390625,0.037841796875,4.373552481333415,0.35397249460220337,0.264404296875,0.031205443665385246,0.5420185923576355,0.06189149618148804,0.3335593044757843
obj_0268,244,c3_lhl,14.117757081985474,0.8557857275009155,0.14522916078567505,4.651467502117157,0.259237676858902,0.15952053666114807,27.339255809783936,10.086009502410889,0.5442596077919006,0.25382453203201294,14.306232929229736,0.9054730534553528,0.11910833418369293,13.585150241851807,0.8440729379653931,0.1607237458229065,0.8828125,0.849609375,0.44522643089294434,0.059539794921875,0.358642578125,0.027099609375,3.295786460240682,0.38729575276374817,0.1937255859375,0.0629480630159378,0.15988098084926605,0.004199134651571512,0.25312331318855286
obj_0269,245,c3_lhl,15.058268308639526,0.8436431884765625,0.16283446550369263,6.768618822097778,0.312161922454834,0.1703990399837494,20.650081634521484,7.453548908233643,0.42704859375953674,0.3133895993232727,16.279120445251465,0.9127258658409119,0.12009275704622269,15.02448558807373,0.8429486751556396,0.16590139269828796,0.9921875,0.767578125,0.4187949597835541,0.0496826171875,0.464111328125,0.032318115234375,4.563605149586995,0.34301048517227173,0.21826171875,0.018570635467767715,0.3485206067562103,0.014410330913960934,0.28234800696372986
obj_0270,246,c3_lhl,13.394333124160767,0.7959298491477966,0.26409512758255005,7.992037534713745,0.3563295900821686,0.30915313959121704,25.993263721466064,9.623351097106934,0.4501483142375946,0.35945576429367065,13.570504188537598,0.8055965900421143,0.2440473437309265,13.273926973342896,0.7901932597160339,0.27161476016044617,0.97265625,0.732421875,0.26709407567977905,0.05572509765625,0.285888671875,0.01387786865234375,4.268172899881999,0.33129653334617615,0.152587890625,0.03053881600499153,0.2921517491340637,0.009589897468686104,0.2765399217605591
obj_0271,247,c3_lhl,22.166640758514404,0.9354479908943176,0.08639135211706161,8.264049887657166,0.1991213709115982,0.042949892580509186,23.146789073944092,9.93773341178894,0.5964666604995728,0.16410501301288605,28.96899700164795,0.9930610656738281,0.04838323965668678,21.148719787597656,0.9273151159286499,0.097319096326828,0.650390625,0.59765625,0.5796073079109192,0.043609619140625,0.88623046875,0.057373046875,5.527046839396159,0.3588545322418213,0.298095703125,0.045517150312662125,1.1028671264648438,0.10119074583053589,0.37854641675949097
obj_0272,248,c3_lhl,14.580909013748169,0.8043978810310364,0.18600521981716156,8.285583257675171,0.28577789664268494,0.20327818393707275,22.248058319091797,8.842763900756836,0.4320647120475769,0.2857641577720642,15.21796703338623,0.8433064818382263,0.14793531596660614,14.443069696426392,0.7991652488708496,0.19367311894893646,0.96875,0.76025390625,0.29919904470443726,0.062225341796875,0.35693359375,0.0173492431640625,4.629451751708984,0.31639695167541504,0.180419921875,0.07088369876146317,0.34836629033088684,0.012244238518178463,0.2901354432106018
obj_0273,249,c3_lhl,15.781484842300415,0.8470767736434937,0.16898304224014282,7.55314826965332,0.33009764552116394,0.1738845407962799,25.906476974487305,8.936197757720947,0.534815788269043,0.32472071051597595,16.161470413208008,0.8958471417427063,0.13600477576255798,15.403838157653809,0.8378936648368835,0.18103349208831787,0.9153645833333334,0.8359375,0.325891375541687,0.04913330078125,0.276123046875,0.023651123046875,3.873175938924154,0.4010304808616638,0.130126953125,0.051765553653240204,0.3159222900867462,0.00846142414957285,0.27658137679100037
obj_0274,250,c3_lhl,13.421013355255127,0.8333151936531067,0.19459980726242065,7.142627239227295,0.4077005386352539,0.24059206247329712,27.24350929260254,9.87883746623993,0.5281328558921814,0.40924072265625,13.562322854995728,0.839766800403595,0.17976199090480804,13.421013355255127,0.8333151936531067,0.19459980726242065,1.0,0.798828125,0.29927363991737366,0.07818603515625,0.2447509765625,0.0161590576171875,3.7072558403015137,0.38171085715293884,0.1265869140625,0.027711588889360428,0.17989541590213776,0.00428294762969017,0.262006014585495
obj_0275,251,c3_lhl,15.244379043579102,0.8507182002067566,0.1763293445110321,6.382560729980469,0.2272450178861618,0.16387881338596344,20.24447202682495,7.827909588813782,0.3593888282775879,0.23286782205104828,16.712969541549683,0.9265173077583313,0.12307718396186829,15.144745111465454,0.8488574624061584,0.18288196623325348,0.9765625,0.6591796875,0.3655739724636078,0.04132080078125,0.496337890625,0.0296173095703125,5.050609429677327,0.3269643485546112,0.252685546875,0.022088147699832916,0.38273176550865173,0.03363838791847229,0.27826961874961853
obj_0276,252,c3_lhl,14.938504695892334,0.8460414409637451,0.18476799130439758,7.525216341018677,0.3939509391784668,0.2269182652235031,25.412681102752686,9.606733322143555,0.5203732848167419,0.39574214816093445,15.27523398399353,0.8818053603172302,0.16198018193244934,14.938504695892334,0.8460414409637451,0.18476799130439758,1.0,0.75146484375,0.2874757647514343,0.0709228515625,0.333740234375,0.0171356201171875,4.11217466990153,0.3298417627811432,0.158935546875,0.04620017483830452,0.21349532902240753,0.008132903836667538,0.25039464235305786
obj_0277,253,c3_lhl,13.54439377784729,0.8531875610351562,0.18060481548309326,6.701732277870178,0.4524420499801636,0.2283465713262558,27.241976261138916,9.769709706306458,0.5859264731407166,0.4539790451526642,13.695310354232788,0.8616250157356262,0.17032495141029358,13.353657722473145,0.8470363616943359,0.19354493916034698,0.95703125,0.837890625,0.3898937702178955,0.07330322265625,0.2244873046875,0.0160675048828125,3.0585266749064126,0.3765537738800049,0.11480712890625,0.040014103055000305,0.17858938872814178,0.0037827647756785154,0.23847272992134094
obj_0278,254,c3_lhl,15.004152059555054,0.8702788352966309,0.18815475702285767,5.91917097568512,0.32878753542900085,0.17418380081653595,22.24959373474121,7.2871333360672,0.4537637531757355,0.33811262249946594,15.809308290481567,0.9239782691001892,0.1292009800672531,15.004152059555054,0.8702788352966309,0.18815475702285767,1.0,0.7578125,0.3432280421257019,0.05096435546875,0.281982421875,0.0211334228515625,3.9681594371795654,0.35468167066574097,0.160888671875,0.02625950425863266,0.21172980964183807,0.01028482150286436,0.2477397918701172
obj_0279,255,c3_lhl,16.506805419921875,0.8893161416053772,0.12454511225223541,4.906295537948608,0.18691471219062805,0.11779960989952087,22.423648834228516,7.739896774291992,0.4759638011455536,0.16905823349952698,17.713725566864014,0.9522187113761902,0.08479270339012146,15.618762969970703,0.874547004699707,0.14842213690280914,0.80078125,0.8203125,0.4235250651836395,0.040313720703125,0.487060546875,0.035186767578125,3.7520267963409424,0.3744412064552307,0.2237548828125,0.0170116126537323,0.3360414206981659,0.026363907381892204,0.2795717120170593
obj_0280,256,c3_lhl,13.67701768875122,0.8056748509407043,0.23940294981002808,8.080484867095947,0.39169102907180786,0.28037673234939575,25.749781131744385,9.930359125137329,0.4683014452457428,0.39442354440689087,13.880289793014526,0.8176009654998779,0.22410859167575836,13.55661392211914,0.8006545901298523,0.24668945372104645,0.97265625,0.7822265625,0.2580779194831848,0.07867431640625,0.25244140625,0.0130615234375,3.738426923751831,0.35333991050720215,0.13037109375,0.06830202043056488,0.24088160693645477,0.006980716250836849,0.2653405964374542
obj_0281,257,c3_lhl,15.556247234344482,0.8669641613960266,0.15621627867221832,6.084914207458496,0.28764352202415466,0.16533073782920837,24.132707118988037,8.581753969192505,0.491801381111145,0.2828734517097473,16.13653302192688,0.9254007339477539,0.11882732808589935,15.522964000701904,0.8664381504058838,0.16194142401218414,0.9921875,0.78515625,0.4227040112018585,0.031402587890625,0.331787109375,0.0214996337890625,3.7345027923583984,0.3606295883655548,0.1732177734375,0.04319562390446663,0.22360248863697052,0.00829126127064228,0.2474173903465271
obj_0282,258,c3_lhl,17.894874811172485,0.902216374874115,0.1221887543797493,5.431228280067444,0.14719578623771667,0.10205359756946564,23.310129642486572,8.344635367393494,0.4948674440383911,0.12763455510139465,19.295008182525635,0.9625777006149292,0.08931905776262283,17.166366577148438,0.8931965231895447,0.13807350397109985,0.83203125,0.779296875,0.3496151566505432,0.0245513916015625,0.53564453125,0.04315185546875,4.0008533000946045,0.3557593822479248,0.257080078125,0.058835338801145554,0.37137842178344727,0.02098923921585083,0.28931599855422974
obj_0283,259,c3_lhl,14.134138822555542,0.8264039158821106,0.27981629967689514,9.559767842292786,0.5537424087524414,0.315834105014801,27.59648084640503,11.538606882095337,0.5233615636825562,0.560998260974884,14.26557183265686,0.8338509798049927,0.2583922743797302,14.134138822555542,0.8264039158821106,0.27981629967689514,1.0,0.69921875,0.28482529520988464,0.057647705078125,0.1942138671875,0.01052093505859375,3.3065603574117026,0.3526526689529419,0.11468505859375,0.03718036413192749,0.1869094967842102,0.0044050635769963264,0.25562193989753723
obj_0284,260,c3_lhl,16.570454835891724,0.8415502905845642,0.13815565407276154,7.906519174575806,0.12576638162136078,0.13522672653198242,21.586318016052246,7.573924660682678,0.4120403528213501,0.11002648621797562,18.023793697357178,0.9090319871902466,0.10128884017467499,16.264766454696655,0.8341032266616821,0.14646223187446594,0.9296875,0.8125,0.3971354365348816,0.0240936279296875,0.5,0.04193115234375,3.3616342544555664,0.3265964090824127,0.282470703125,0.022526949644088745,0.976618230342865,0.13269111514091492,0.3829209804534912
obj_0285,261,c3_lhl,14.169857501983643,0.8494133949279785,0.17275434732437134,6.352400779724121,0.34481778740882874,0.2031063437461853,26.507599353790283,9.263859391212463,0.5120109915733337,0.34574654698371887,14.38896894454956,0.8831265568733215,0.147559255361557,13.871569633483887,0.841297447681427,0.18705445528030396,0.93359375,0.76904296875,0.3071461617946625,0.046783447265625,0.326904296875,0.0198974609375,3.88576873143514,0.3394457995891571,0.171630859375,0.06447796523571014,0.1914016604423523,0.0044065495021641254,0.25601452589035034
obj_0286,262,c3_lhl,13.902590274810791,0.8350333571434021,0.18825623393058777,7.3783499002456665,0.39042502641677856,0.23095735907554626,27.627127170562744,10.904120206832886,0.5230578184127808,0.39202645421028137,14.049623012542725,0.8429762721061707,0.1675364375114441,13.658345937728882,0.8256745934486389,0.20061741769313812,0.9453125,0.775390625,0.3124176263809204,0.093994140625,0.28173828125,0.01511383056640625,3.7784390449523926,0.33381906151771545,0.1514892578125,0.05539153888821602,0.2167690098285675,0.006254804320633411,0.26117342710494995
obj_0287,263,c3_lhl,14.72267746925354,0.8692063689231873,0.1604570895433426,5.086854100227356,0.3095889687538147,0.1654449701309204,24.566044807434082,8.361641764640808,0.5182265043258667,0.3078107237815857,15.148769617080688,0.9220063090324402,0.12509071826934814,14.72267746925354,0.8692063689231873,0.1604570895433426,1.0,0.7939453125,0.3599952459335327,0.050262451171875,0.330078125,0.022857666015625,3.9372777938842773,0.3516363203525543,0.187744140625,0.019355295225977898,0.17745904624462128,0.0066123176366090775,0.25474950671195984
obj_0288,264,c3_lhl,12.318997383117676,0.8318359851837158,0.22400742769241333,5.924904942512512,0.3791123330593109,0.25540074706077576,23.552610874176025,8.674457669258118,0.4686678946018219,0.38393187522888184,12.583215236663818,0.8435671329498291,0.19780392944812775,12.318997383117676,0.8318359851837158,0.22400742769241333,1.0,0.8115234375,0.3934822678565979,0.04364013671875,0.267333984375,0.021270751953125,3.9083096186319985,0.3665698170661926,0.1629638671875,0.023114005103707314,0.17844577133655548,0.007362374570220709,0.2707696855068207
obj_0289,265,c3_lhl,13.955075740814209,0.8250764012336731,0.24451285600662231,8.814067840576172,0.5138434171676636,0.29376402497291565,27.179179191589355,10.36391019821167,0.5282449722290039,0.5204747319221497,14.103126525878906,0.8327211737632751,0.2222827672958374,13.955075740814209,0.8250764012336731,0.24451285600662231,1.0,0.80517578125,0.42532697319984436,0.0435791015625,0.2041015625,0.016082763671875,3.059616804122925,0.36462751030921936,0.13330078125,0.06183056905865669,0.15628325939178467,0.005328994709998369,0.2839023172855377
obj_0290,266,c3_lhl,13.588993549346924,0.8488934636116028,0.19300523400306702,7.208228707313538,0.45927694439888,0.23663903772830963,28.100333213806152,10.221588611602783,0.5709622502326965,0.4623301029205322,13.709961175918579,0.8551774621009827,0.1757664829492569,13.380492925643921,0.841464102268219,0.2029530256986618,0.953125,0.80517578125,0.3275655508041382,0.05078125,0.21923828125,0.01113128662109375,3.437960624694824,0.3360312283039093,0.13916015625,0.02166714146733284,0.15723317861557007,0.003663578536361456,0.2587306797504425
obj_0291,267,c3_lhl,15.862088203430176,0.8786097168922424,0.14288906753063202,6.349123120307922,0.3740546405315399,0.15733946859836578,26.387698650360107,9.235729575157166,0.5490986704826355,0.3742390275001526,16.221742630004883,0.9244756698608398,0.11195146292448044,15.704289674758911,0.8762406706809998,0.14944711327552795,0.9635416666666666,0.796875,0.3472594916820526,0.045135498046875,0.292236328125,0.01739501953125,3.755345185597738,0.3563503324985504,0.1630859375,0.028032807633280754,0.19483241438865662,0.007329988293349743,0.2581070363521576
obj_0292,268,c3_lhl,13.922450542449951,0.8129065036773682,0.27506503462791443,8.410630226135254,0.3879285454750061,0.3060797452926636,23.46768856048584,8.626188039779663,0.43545687198638916,0.39510032534599304,14.295920133590698,0.8254451155662537,0.24157875776290894,13.922450542449951,0.8129065036773682,0.27506503462791443,1.0,0.744140625,0.2742020785808563,0.06585693359375,0.2548828125,0.0195465087890625,3.918520530064901,0.33993062376976013,0.16357421875,0.03054322861135006,0.2849891185760498,0.00910982582718134,0.2700551748275757
obj_0293,269,c3_lhl,17.919487953186035,0.9046070575714111,0.09033159911632538,5.085020661354065,0.13832677900791168,0.09739409387111664,22.707703113555908,7.107874155044556,0.4882853925228119,0.11312422901391983,19.596188068389893,0.9671086072921753,0.06301286816596985,16.47957682609558,0.8855723142623901,0.10722518712282181,0.6953125,0.826171875,0.37147966027259827,0.0254364013671875,0.51611328125,0.039703369140625,3.805447260538737,0.36590486764907837,0.225341796875,0.04198571294546127,0.36137959361076355,0.018854308873414993,0.27467605471611023
obj_0294,270,c3_lhl,15.640811920166016,0.8518021702766418,0.16345268487930298,7.434790730476379,0.3535821735858917,0.18804213404655457,22.635507583618164,8.58705997467041,0.4933561384677887,0.35309287905693054,16.475510597229004,0.9098052978515625,0.12440042197704315,15.328236818313599,0.8447104692459106,0.17270196974277496,0.9296875,0.8203125,0.4597323536872864,0.02996826171875,0.249755859375,0.0171051025390625,2.9840989907582602,0.3714209794998169,0.1279296875,0.03430099040269852,0.3031325340270996,0.009643306024372578,0.2825581729412079
obj_0295,271,c3_lhl,13.241374492645264,0.8067758679389954,0.22973644733428955,6.740558743476868,0.3471285104751587,0.2643035650253296,26.530051231384277,8.916500806808472,0.5063281655311584,0.3469011187553406,13.404141664505005,0.8348369002342224,0.2081587165594101,13.0918288230896,0.8011987805366516,0.2432897537946701,0.9661458333333334,0.88671875,0.3722113072872162,0.04510498046875,0.2342529296875,0.0206451416015625,3.225168466567993,0.426739364862442,0.12890625,0.015284559689462185,0.19671480357646942,0.004373995121568441,0.24016126990318298
obj_0296,272,c3_lhl,14.049031734466553,0.8216948509216309,0.27133896946907043,9.057011604309082,0.5188769102096558,0.31530633568763733,29.27485466003418,11.190276145935059,0.5349639058113098,0.5240066647529602,14.139903783798218,0.8279577493667603,0.26082584261894226,14.014968872070312,0.8202908635139465,0.28560784459114075,0.9921875,0.7060546875,0.25719740986824036,0.07757568359375,0.2017822265625,0.01056671142578125,3.534428834915161,0.34741640090942383,0.11700439453125,0.04377972334623337,0.2307574450969696,0.0049101486802101135,0.24220964312553406
obj_0297,273,c3_lhl,15.80424189567566,0.8615788221359253,0.16851967573165894,6.826261281967163,0.34623655676841736,0.1747148185968399,24.776010513305664,8.785083889961243,0.5099700689315796,0.3489540219306946,16.322479248046875,0.9171120524406433,0.13844886422157288,15.795878171920776,0.8614963889122009,0.16805167496204376,0.998046875,0.72705078125,0.3379947543144226,0.06884765625,0.3037109375,0.0206756591796875,3.5232688585917153,0.3752596974372864,0.143310546875,0.016384150832891464,0.2956239581108093,0.00722688902169466,0.26237088441848755
obj_0298,274,c3_lhl,14.48790192604065,0.7985658645629883,0.21166014671325684,6.666218638420105,0.1532871127128601,0.173383429646492,19.843701124191284,7.986965179443359,0.3302502930164337,0.1395706683397293,15.76946496963501,0.8852960467338562,0.1648116111755371,14.48790192604065,0.7985658645629883,0.21166014671325684,1.0,0.798828125,0.3567112684249878,0.06024169921875,0.4296875,0.031707763671875,3.5672749678293862,0.3659806251525879,0.265869140625,0.03474655747413635,0.748453676700592,0.07492799311876297,0.3611808717250824
obj_0299,275,c3_lhl,14.048315286636353,0.8178844451904297,0.19136640429496765,6.995815634727478,0.35131052136421204,0.21810872852802277,24.126391410827637,9.191731810569763,0.47136443853378296,0.35379037261009216,14.412388801574707,0.8606857061386108,0.16485121846199036,13.750525712966919,0.8086757063865662,0.21048347651958466,0.93359375,0.8203125,0.3120883107185364,0.08367919921875,0.28955078125,0.0204925537109375,3.294098218282064,0.3470422923564911,0.1793212890625,0.1688544601202011,0.2433348149061203,0.009184762835502625,0.28417083621025085
