uid,condition,arm,requested_input_delta_a_star,requested_input_delta_b_star,effective_input_delta_a_star,effective_input_delta_b_star,view_idx,target_view_id,is_source_view,output_delta_a_star,output_delta_b_star,response_projection,response_magnitude_lab,ciede_delta_to_gt,lstar_ssim_vs_gfl,geometry_feature_sha256,initial_latent_sha256,posterior_rng_before_sha256,posterior_noise_sha256,prediction_png,prediction_png_sha256
8bd93fcae54940bd903a94a9094da4ee,embedding_only_dam6_dbp0,embedding_only,-6.0,0.0,-5.950354099273682,0.0014431591844186187,0,0,True,-2.41624116897583,0.9973455667495728,0.40610741412300605,2.4164829874439437,-0.44329071044921875,0.9393404126167297,"{""mid"": ""67b482c623947fe8275360a1ed682d1396ff0d545078893bc62858c4252358e9"", ""up_0"": ""67b482c623947fe8275360a1ed682d1396ff0d545078893bc62858c4252358e9"", ""up_1"": ""7a6c7d6340223fede236d903a965e6b81bb09b87a26c441591283a7dada29f82"", ""up_2"": ""bf58f9401bfef99cabc5657607dfea0d27ec4e91bdba83a5d40b18d82d57bdd8"", ""x1"": ""1420e51173fc6b06a6e60e4921f3a5ad806e9388c2574d7956dbe1cb95f920fd"", ""x2"": ""bf58f9401bfef99cabc5657607dfea0d27ec4e91bdba83a5d40b18d82d57bdd8"", ""x3"": ""7a6c7d6340223fede236d903a965e6b81bb09b87a26c441591283a7dada29f82"", ""x4"": ""67b482c623947fe8275360a1ed682d1396ff0d545078893bc62858c4252358e9""}",0340047558809127cfbef95fc332f3ae1ce4145167192ddcfc30e1e5778e94dd,aefdce03def94ffed42159e55677ec20e91200e1981f25b1f271b6fd99c3c263,1d9e624e4e74b8f54227ab09a6c0cc0070a6532057d970e7bc35424284968ca7,/4T/CXY/MV-Painter-r1color/1009/engineering/color_cast_repair_v2/runs/phase_b/predictions/8bd93fcae54940bd903a94a9094da4ee/embedding_only_dam6_dbp0.png,e1b67a5d9a77ca6dfd2f2c8d2a85a1467b7bae003ce3bc493fe4fe227b32f6fb
8bd93fcae54940bd903a94a9094da4ee,embedding_only_dam6_dbp0,embedding_only,-6.0,0.0,-5.950354099273682,0.0014431591844186187,1,15,False,-3.1511733531951904,1.0717614889144897,0.5296211037400338,3.151433198388814,-0.8841876983642578,0.9206686615943909,"{""mid"": ""67b482c623947fe8275360a1ed682d1396ff0d545078893bc62858c4252358e9"", ""up_0"": ""67b482c623947fe8275360a1ed682d1396ff0d545078893bc62858c4252358e9"", ""up_1"": ""7a6c7d6340223fede236d903a965e6b81bb09b87a26c441591283a7dada29f82"", ""up_2"": ""bf58f9401bfef99cabc5657607dfea0d27ec4e91bdba83a5d40b18d82d57bdd8"", ""x1"": ""1420e51173fc6b06a6e60e4921f3a5ad806e9388c2574d7956dbe1cb95f920fd"", ""x2"": ""bf58f9401bfef99cabc5657607dfea0d27ec4e91bdba83a5d40b18d82d57bdd8"", ""x3"": ""7a6c7d6340223fede236d903a965e6b81bb09b87a26c441591283a7dada29f82"", ""x4"": ""67b482c623947fe8275360a1ed682d1396ff0d545078893bc62858c4252358e9""}",0340047558809127cfbef95fc332f3ae1ce4145167192ddcfc30e1e5778e94dd,aefdce03def94ffed42159e55677ec20e91200e1981f25b1f271b6fd99c3c263,1d9e624e4e74b8f54227ab09a6c0cc0070a6532057d970e7bc35424284968ca7,/4T/CXY/MV-Painter-r1color/1009/engineering/color_cast_repair_v2/runs/phase_b/predictions/8bd93fcae54940bd903a94a9094da4ee/embedding_only_dam6_dbp0.png,e1b67a5d9a77ca6dfd2f2c8d2a85a1467b7bae003ce3bc493fe4fe227b32f6fb
8bd93fcae54940bd903a94a9094da4ee,embedding_only_dam6_dbp0,embedding_only,-6.0,0.0,-5.950354099273682,0.0014431591844186187,2,12,False,-2.781155824661255,1.0678014755249023,0.4674368267994482,2.781414720302341,-0.49207115173339844,0.970611572265625,"{""mid"": ""67b482c623947fe8275360a1ed682d1396ff0d545078893bc62858c4252358e9"", ""up_0"": ""67b482c623947fe8275360a1ed682d1396ff0d545078893bc62858c4252358e9"", ""up_1"": ""7a6c7d6340223fede236d903a965e6b81bb09b87a26c441591283a7dada29f82"", ""up_2"": ""bf58f9401bfef99cabc5657607dfea0d27ec4e91bdba83a5d40b18d82d57bdd8"", ""x1"": ""1420e51173fc6b06a6e60e4921f3a5ad806e9388c2574d7956dbe1cb95f920fd"", ""x2"": ""bf58f9401bfef99cabc5657607dfea0d27ec4e91bdba83a5d40b18d82d57bdd8"", ""x3"": ""7a6c7d6340223fede236d903a965e6b81bb09b87a26c441591283a7dada29f82"", ""x4"": ""67b482c623947fe8275360a1ed682d1396ff0d545078893bc62858c4252358e9""}",0340047558809127cfbef95fc332f3ae1ce4145167192ddcfc30e1e5778e94dd,aefdce03def94ffed42159e55677ec20e91200e1981f25b1f271b6fd99c3c263,1d9e624e4e74b8f54227ab09a6c0cc0070a6532057d970e7bc35424284968ca7,/4T/CXY/MV-Painter-r1color/1009/engineering/color_cast_repair_v2/runs/phase_b/predictions/8bd93fcae54940bd903a94a9094da4ee/embedding_only_dam6_dbp0.png,e1b67a5d9a77ca6dfd2f2c8d2a85a1467b7bae003ce3bc493fe4fe227b32f6fb
8bd93fcae54940bd903a94a9094da4ee,embedding_only_dam6_dbp0,embedding_only,-6.0,0.0,-5.950354099273682,0.0014431591844186187,3,16,False,-3.0332865715026855,1.295609951019287,0.5098185034102246,3.03360071087446,-0.8002586364746094,0.9346506595611572,"{""mid"": ""67b482c623947fe8275360a1ed682d1396ff0d545078893bc62858c4252358e9"", ""up_0"": ""67b482c623947fe8275360a1ed682d1396ff0d545078893bc62858c4252358e9"", ""up_1"": ""7a6c7d6340223fede236d903a965e6b81bb09b87a26c441591283a7dada29f82"", ""up_2"": ""bf58f9401bfef99cabc5657607dfea0d27ec4e91bdba83a5d40b18d82d57bdd8"", ""x1"": ""1420e51173fc6b06a6e60e4921f3a5ad806e9388c2574d7956dbe1cb95f920fd"", ""x2"": ""bf58f9401bfef99cabc5657607dfea0d27ec4e91bdba83a5d40b18d82d57bdd8"", ""x3"": ""7a6c7d6340223fede236d903a965e6b81bb09b87a26c441591283a7dada29f82"", ""x4"": ""67b482c623947fe8275360a1ed682d1396ff0d545078893bc62858c4252358e9""}",0340047558809127cfbef95fc332f3ae1ce4145167192ddcfc30e1e5778e94dd,aefdce03def94ffed42159e55677ec20e91200e1981f25b1f271b6fd99c3c263,1d9e624e4e74b8f54227ab09a6c0cc0070a6532057d970e7bc35424284968ca7,/4T/CXY/MV-Painter-r1color/1009/engineering/color_cast_repair_v2/runs/phase_b/predictions/8bd93fcae54940bd903a94a9094da4ee/embedding_only_dam6_dbp0.png,e1b67a5d9a77ca6dfd2f2c8d2a85a1467b7bae003ce3bc493fe4fe227b32f6fb
8bd93fcae54940bd903a94a9094da4ee,embedding_only_dam6_dbp0,embedding_only,-6.0,0.0,-5.950354099273682,0.0014431591844186187,4,13,False,-2.784071207046509,1.0669487714767456,0.4679267430894689,2.7843298957927054,-0.6046695709228516,0.9433778524398804,"{""mid"": ""67b482c623947fe8275360a1ed682d1396ff0d545078893bc62858c4252358e9"", ""up_0"": ""67b482c623947fe8275360a1ed682d1396ff0d545078893bc62858c4252358e9"", ""up_1"": ""7a6c7d6340223fede236d903a965e6b81bb09b87a26c441591283a7dada29f82"", ""up_2"": ""bf58f9401bfef99cabc5657607dfea0d27ec4e91bdba83a5d40b18d82d57bdd8"", ""x1"": ""1420e51173fc6b06a6e60e4921f3a5ad806e9388c2574d7956dbe1cb95f920fd"", ""x2"": ""bf58f9401bfef99cabc5657607dfea0d27ec4e91bdba83a5d40b18d82d57bdd8"", ""x3"": ""7a6c7d6340223fede236d903a965e6b81bb09b87a26c441591283a7dada29f82"", ""x4"": ""67b482c623947fe8275360a1ed682d1396ff0d545078893bc62858c4252358e9""}",0340047558809127cfbef95fc332f3ae1ce4145167192ddcfc30e1e5778e94dd,aefdce03def94ffed42159e55677ec20e91200e1981f25b1f271b6fd99c3c263,1d9e624e4e74b8f54227ab09a6c0cc0070a6532057d970e7bc35424284968ca7,/4T/CXY/MV-Painter-r1color/1009/engineering/color_cast_repair_v2/runs/phase_b/predictions/8bd93fcae54940bd903a94a9094da4ee/embedding_only_dam6_dbp0.png,e1b67a5d9a77ca6dfd2f2c8d2a85a1467b7bae003ce3bc493fe4fe227b32f6fb
8bd93fcae54940bd903a94a9094da4ee,embedding_only_dam6_dbp0,embedding_only,-6.0,0.0,-5.950354099273682,0.0014431591844186187,5,14,False,-2.5839433670043945,0.8607036471366882,0.4342854091043097,2.584152040321606,-0.14659500122070312,0.9487817883491516,"{""mid"": ""67b482c623947fe8275360a1ed682d1396ff0d545078893bc62858c4252358e9"", ""up_0"": ""67b482c623947fe8275360a1ed682d1396ff0d545078893bc62858c4252358e9"", ""up_1"": ""7a6c7d6340223fede236d903a965e6b81bb09b87a26c441591283a7dada29f82"", ""up_2"": ""bf58f9401bfef99cabc5657607dfea0d27ec4e91bdba83a5d40b18d82d57bdd8"", ""x1"": ""1420e51173fc6b06a6e60e4921f3a5ad806e9388c2574d7956dbe1cb95f920fd"", ""x2"": ""bf58f9401bfef99cabc5657607dfea0d27ec4e91bdba83a5d40b18d82d57bdd8"", ""x3"": ""7a6c7d6340223fede236d903a965e6b81bb09b87a26c441591283a7dada29f82"", ""x4"": ""67b482c623947fe8275360a1ed682d1396ff0d545078893bc62858c4252358e9""}",0340047558809127cfbef95fc332f3ae1ce4145167192ddcfc30e1e5778e94dd,aefdce03def94ffed42159e55677ec20e91200e1981f25b1f271b6fd99c3c263,1d9e624e4e74b8f54227ab09a6c0cc0070a6532057d970e7bc35424284968ca7,/4T/CXY/MV-Painter-r1color/1009/engineering/color_cast_repair_v2/runs/phase_b/predictions/8bd93fcae54940bd903a94a9094da4ee/embedding_only_dam6_dbp0.png,e1b67a5d9a77ca6dfd2f2c8d2a85a1467b7bae003ce3bc493fe4fe227b32f6fb
8bd93fcae54940bd903a94a9094da4ee,embedding_only_dap0_dbm6,embedding_only,0.0,-6.0,0.0008301081252284348,-5.954204082489014,0,0,True,0.27879905700683594,-1.4656141996383667,0.2461543171422802,1.4656530542945685,0.212860107421875,0.9531148672103882,"{""mid"": ""67b482c623947fe8275360a1ed682d1396ff0d545078893bc62858c4252358e9"", ""up_0"": ""67b482c623947fe8275360a1ed682d1396ff0d545078893bc62858c4252358e9"", ""up_1"": ""7a6c7d6340223fede236d903a965e6b81bb09b87a26c441591283a7dada29f82"", ""up_2"": ""bf58f9401bfef99cabc5657607dfea0d27ec4e91bdba83a5d40b18d82d57bdd8"", ""x1"": ""1420e51173fc6b06a6e60e4921f3a5ad806e9388c2574d7956dbe1cb95f920fd"", ""x2"": ""bf58f9401bfef99cabc5657607dfea0d27ec4e91bdba83a5d40b18d82d57bdd8"", ""x3"": ""7a6c7d6340223fede236d903a965e6b81bb09b87a26c441591283a7dada29f82"", ""x4"": ""67b482c623947fe8275360a1ed682d1396ff0d545078893bc62858c4252358e9""}",0340047558809127cfbef95fc332f3ae1ce4145167192ddcfc30e1e5778e94dd,aefdce03def94ffed42159e55677ec20e91200e1981f25b1f271b6fd99c3c263,1d9e624e4e74b8f54227ab09a6c0cc0070a6532057d970e7bc35424284968ca7,/4T/CXY/MV-Painter-r1color/1009/engineering/color_cast_repair_v2/runs/phase_b/predictions/8bd93fcae54940bd903a94a9094da4ee/embedding_only_dap0_dbm6.png,84bea378ca1c9ce9d3c3c28d7ea6c2e43e96ac8100f84edc990406b9c13bfb59
8bd93fcae54940bd903a94a9094da4ee,embedding_only_dap0_dbm6,embedding_only,0.0,-6.0,0.0008301081252284348,-5.954204082489014,1,15,False,0.34843623638153076,-1.3379111289978027,0.22470840130031378,1.3379596933946494,0.3114185333251953,0.9681022763252258,"{""mid"": ""67b482c623947fe8275360a1ed682d1396ff0d545078893bc62858c4252358e9"", ""up_0"": ""67b482c623947fe8275360a1ed682d1396ff0d545078893bc62858c4252358e9"", ""up_1"": ""7a6c7d6340223fede236d903a965e6b81bb09b87a26c441591283a7dada29f82"", ""up_2"": ""bf58f9401bfef99cabc5657607dfea0d27ec4e91bdba83a5d40b18d82d57bdd8"", ""x1"": ""1420e51173fc6b06a6e60e4921f3a5ad806e9388c2574d7956dbe1cb95f920fd"", ""x2"": ""bf58f9401bfef99cabc5657607dfea0d27ec4e91bdba83a5d40b18d82d57bdd8"", ""x3"": ""7a6c7d6340223fede236d903a965e6b81bb09b87a26c441591283a7dada29f82"", ""x4"": ""67b482c623947fe8275360a1ed682d1396ff0d545078893bc62858c4252358e9""}",0340047558809127cfbef95fc332f3ae1ce4145167192ddcfc30e1e5778e94dd,aefdce03def94ffed42159e55677ec20e91200e1981f25b1f271b6fd99c3c263,1d9e624e4e74b8f54227ab09a6c0cc0070a6532057d970e7bc35424284968ca7,/4T/CXY/MV-Painter-r1color/1009/engineering/color_cast_repair_v2/runs/phase_b/predictions/8bd93fcae54940bd903a94a9094da4ee/embedding_only_dap0_dbm6.png,84bea378ca1c9ce9d3c3c28d7ea6c2e43e96ac8100f84edc990406b9c13bfb59
8bd93fcae54940bd903a94a9094da4ee,embedding_only_dap0_dbm6,embedding_only,0.0,-6.0,0.0008301081252284348,-5.954204082489014,2,12,False,0.28193241357803345,-1.4886529445648193,0.25002371446185895,1.4886922358354788,0.10201263427734375,0.9841458797454834,"{""mid"": ""67b482c623947fe8275360a1ed682d1396ff0d545078893bc62858c4252358e9"", ""up_0"": ""67b482c623947fe8275360a1ed682d1396ff0d545078893bc62858c4252358e9"", ""up_1"": ""7a6c7d6340223fede236d903a965e6b81bb09b87a26c441591283a7dada29f82"", ""up_2"": ""bf58f9401bfef99cabc5657607dfea0d27ec4e91bdba83a5d40b18d82d57bdd8"", ""x1"": ""1420e51173fc6b06a6e60e4921f3a5ad806e9388c2574d7956dbe1cb95f920fd"", ""x2"": ""bf58f9401bfef99cabc5657607dfea0d27ec4e91bdba83a5d40b18d82d57bdd8"", ""x3"": ""7a6c7d6340223fede236d903a965e6b81bb09b87a26c441591283a7dada29f82"", ""x4"": ""67b482c623947fe8275360a1ed682d1396ff0d545078893bc62858c4252358e9""}",0340047558809127cfbef95fc332f3ae1ce4145167192ddcfc30e1e5778e94dd,aefdce03def94ffed42159e55677ec20e91200e1981f25b1f271b6fd99c3c263,1d9e624e4e74b8f54227ab09a6c0cc0070a6532057d970e7bc35424284968ca7,/4T/CXY/MV-Painter-r1color/1009/engineering/color_cast_repair_v2/runs/phase_b/predictions/8bd93fcae54940bd903a94a9094da4ee/embedding_only_dap0_dbm6.png,84bea378ca1c9ce9d3c3c28d7ea6c2e43e96ac8100f84edc990406b9c13bfb59
8bd93fcae54940bd903a94a9094da4ee,embedding_only_dap0_dbm6,embedding_only,0.0,-6.0,0.0008301081252284348,-5.954204082489014,3,16,False,0.20085148513317108,-1.5657157897949219,0.26296440959587636,1.5657437763815039,0.2494945526123047,0.9758432507514954,"{""mid"": ""67b482c623947fe8275360a1ed682d1396ff0d545078893bc62858c4252358e9"", ""up_0"": ""67b482c623947fe8275360a1ed682d1396ff0d545078893bc62858c4252358e9"", ""up_1"": ""7a6c7d6340223fede236d903a965e6b81bb09b87a26c441591283a7dada29f82"", ""up_2"": ""bf58f9401bfef99cabc5657607dfea0d27ec4e91bdba83a5d40b18d82d57bdd8"", ""x1"": ""1420e51173fc6b06a6e60e4921f3a5ad806e9388c2574d7956dbe1cb95f920fd"", ""x2"": ""bf58f9401bfef99cabc5657607dfea0d27ec4e91bdba83a5d40b18d82d57bdd8"", ""x3"": ""7a6c7d6340223fede236d903a965e6b81bb09b87a26c441591283a7dada29f82"", ""x4"": ""67b482c623947fe8275360a1ed682d1396ff0d545078893bc62858c4252358e9""}",0340047558809127cfbef95fc332f3ae1ce4145167192ddcfc30e1e5778e94dd,aefdce03def94ffed42159e55677ec20e91200e1981f25b1f271b6fd99c3c263,1d9e624e4e74b8f54227ab09a6c0cc0070a6532057d970e7bc35424284968ca7,/4T/CXY/MV-Painter-r1color/1009/engineering/color_cast_repair_v2/runs/phase_b/predictions/8bd93fcae54940bd903a94a9094da4ee/embedding_only_dap0_dbm6.png,84bea378ca1c9ce9d3c3c28d7ea6c2e43e96ac8100f84edc990406b9c13bfb59
8bd93fcae54940bd903a94a9094da4ee,embedding_only_dap0_dbm6,embedding_only,0.0,-6.0,0.0008301081252284348,-5.954204082489014,4,13,False,0.1820289045572281,-1.549950122833252,0.26031614786424273,1.54997548541427,0.2160816192626953,0.9769172668457031,"{""mid"": ""67b482c623947fe8275360a1ed682d1396ff0d545078893bc62858c4252358e9"", ""up_0"": ""67b482c623947fe8275360a1ed682d1396ff0d545078893bc62858c4252358e9"", ""up_1"": ""7a6c7d6340223fede236d903a965e6b81bb09b87a26c441591283a7dada29f82"", ""up_2"": ""bf58f9401bfef99cabc5657607dfea0d27ec4e91bdba83a5d40b18d82d57bdd8"", ""x1"": ""1420e51173fc6b06a6e60e4921f3a5ad806e9388c2574d7956dbe1cb95f920fd"", ""x2"": ""bf58f9401bfef99cabc5657607dfea0d27ec4e91bdba83a5d40b18d82d57bdd8"", ""x3"": ""7a6c7d6340223fede236d903a965e6b81bb09b87a26c441591283a7dada29f82"", ""x4"": ""67b482c623947fe8275360a1ed682d1396ff0d545078893bc62858c4252358e9""}",0340047558809127cfbef95fc332f3ae1ce4145167192ddcfc30e1e5778e94dd,aefdce03def94ffed42159e55677ec20e91200e1981f25b1f271b6fd99c3c263,1d9e624e4e74b8f54227ab09a6c0cc0070a6532057d970e7bc35424284968ca7,/4T/CXY/MV-Painter-r1color/1009/engineering/color_cast_repair_v2/runs/phase_b/predictions/8bd93fcae54940bd903a94a9094da4ee/embedding_only_dap0_dbm6.png,84bea378ca1c9ce9d3c3c28d7ea6c2e43e96ac8100f84edc990406b9c13bfb59
8bd93fcae54940bd903a94a9094da4ee,embedding_only_dap0_dbm6,embedding_only,0.0,-6.0,0.0008301081252284348,-5.954204082489014,5,14,False,0.03244393691420555,-1.5256011486053467,0.25622327031515324,1.5256056569655194,0.035587310791015625,0.9886077642440796,"{""mid"": ""67b482c623947fe8275360a1ed682d1396ff0d545078893bc62858c4252358e9"", ""up_0"": ""67b482c623947fe8275360a1ed682d1396ff0d545078893bc62858c4252358e9"", ""up_1"": ""7a6c7d6340223fede236d903a965e6b81bb09b87a26c441591283a7dada29f82"", ""up_2"": ""bf58f9401bfef99cabc5657607dfea0d27ec4e91bdba83a5d40b18d82d57bdd8"", ""x1"": ""1420e51173fc6b06a6e60e4921f3a5ad806e9388c2574d7956dbe1cb95f920fd"", ""x2"": ""bf58f9401bfef99cabc5657607dfea0d27ec4e91bdba83a5d40b18d82d57bdd8"", ""x3"": ""7a6c7d6340223fede236d903a965e6b81bb09b87a26c441591283a7dada29f82"", ""x4"": ""67b482c623947fe8275360a1ed682d1396ff0d545078893bc62858c4252358e9""}",0340047558809127cfbef95fc332f3ae1ce4145167192ddcfc30e1e5778e94dd,aefdce03def94ffed42159e55677ec20e91200e1981f25b1f271b6fd99c3c263,1d9e624e4e74b8f54227ab09a6c0cc0070a6532057d970e7bc35424284968ca7,/4T/CXY/MV-Painter-r1color/1009/engineering/color_cast_repair_v2/runs/phase_b/predictions/8bd93fcae54940bd903a94a9094da4ee/embedding_only_dap0_dbm6.png,84bea378ca1c9ce9d3c3c28d7ea6c2e43e96ac8100f84edc990406b9c13bfb59
8bd93fcae54940bd903a94a9094da4ee,embedding_only_dap0_dbp6,embedding_only,0.0,6.0,0.004834100138396025,5.940243721008301,0,0,True,-0.7220712900161743,1.6808857917785645,0.2828666877715602,1.6802976223067123,-0.18543434143066406,0.9698647260665894,"{""mid"": ""67b482c623947fe8275360a1ed682d1396ff0d545078893bc62858c4252358e9"", ""up_0"": ""67b482c623947fe8275360a1ed682d1396ff0d545078893bc62858c4252358e9"", ""up_1"": ""7a6c7d6340223fede236d903a965e6b81bb09b87a26c441591283a7dada29f82"", ""up_2"": ""bf58f9401bfef99cabc5657607dfea0d27ec4e91bdba83a5d40b18d82d57bdd8"", ""x1"": ""1420e51173fc6b06a6e60e4921f3a5ad806e9388c2574d7956dbe1cb95f920fd"", ""x2"": ""bf58f9401bfef99cabc5657607dfea0d27ec4e91bdba83a5d40b18d82d57bdd8"", ""x3"": ""7a6c7d6340223fede236d903a965e6b81bb09b87a26c441591283a7dada29f82"", ""x4"": ""67b482c623947fe8275360a1ed682d1396ff0d545078893bc62858c4252358e9""}",0340047558809127cfbef95fc332f3ae1ce4145167192ddcfc30e1e5778e94dd,aefdce03def94ffed42159e55677ec20e91200e1981f25b1f271b6fd99c3c263,1d9e624e4e74b8f54227ab09a6c0cc0070a6532057d970e7bc35424284968ca7,/4T/CXY/MV-Painter-r1color/1009/engineering/color_cast_repair_v2/runs/phase_b/predictions/8bd93fcae54940bd903a94a9094da4ee/embedding_only_dap0_dbp6.png,116539fae8b603576c9561d91082eecf806854a08e14f965c66d50eabcd158b6
8bd93fcae54940bd903a94a9094da4ee,embedding_only_dap0_dbp6,embedding_only,0.0,6.0,0.004834100138396025,5.940243721008301,1,15,False,-1.0763649940490723,1.694077968597412,0.2850389636662885,1.6932014748234636,-0.6890144348144531,0.9490681886672974,"{""mid"": ""67b482c623947fe8275360a1ed682d1396ff0d545078893bc62858c4252358e9"", ""up_0"": ""67b482c623947fe8275360a1ed682d1396ff0d545078893bc62858c4252358e9"", ""up_1"": ""7a6c7d6340223fede236d903a965e6b81bb09b87a26c441591283a7dada29f82"", ""up_2"": ""bf58f9401bfef99cabc5657607dfea0d27ec4e91bdba83a5d40b18d82d57bdd8"", ""x1"": ""1420e51173fc6b06a6e60e4921f3a5ad806e9388c2574d7956dbe1cb95f920fd"", ""x2"": ""bf58f9401bfef99cabc5657607dfea0d27ec4e91bdba83a5d40b18d82d57bdd8"", ""x3"": ""7a6c7d6340223fede236d903a965e6b81bb09b87a26c441591283a7dada29f82"", ""x4"": ""67b482c623947fe8275360a1ed682d1396ff0d545078893bc62858c4252358e9""}",0340047558809127cfbef95fc332f3ae1ce4145167192ddcfc30e1e5778e94dd,aefdce03def94ffed42159e55677ec20e91200e1981f25b1f271b6fd99c3c263,1d9e624e4e74b8f54227ab09a6c0cc0070a6532057d970e7bc35424284968ca7,/4T/CXY/MV-Painter-r1color/1009/engineering/color_cast_repair_v2/runs/phase_b/predictions/8bd93fcae54940bd903a94a9094da4ee/embedding_only_dap0_dbp6.png,116539fae8b603576c9561d91082eecf806854a08e14f965c66d50eabcd158b6
8bd93fcae54940bd903a94a9094da4ee,embedding_only_dap0_dbp6,embedding_only,0.0,6.0,0.004834100138396025,5.940243721008301,2,12,False,-0.8471384644508362,1.8928966522216797,0.3185401301200977,1.892206634392828,-0.16625404357910156,0.9866370558738708,"{""mid"": ""67b482c623947fe8275360a1ed682d1396ff0d545078893bc62858c4252358e9"", ""up_0"": ""67b482c623947fe8275360a1ed682d1396ff0d545078893bc62858c4252358e9"", ""up_1"": ""7a6c7d6340223fede236d903a965e6b81bb09b87a26c441591283a7dada29f82"", ""up_2"": ""bf58f9401bfef99cabc5657607dfea0d27ec4e91bdba83a5d40b18d82d57bdd8"", ""x1"": ""1420e51173fc6b06a6e60e4921f3a5ad806e9388c2574d7956dbe1cb95f920fd"", ""x2"": ""bf58f9401bfef99cabc5657607dfea0d27ec4e91bdba83a5d40b18d82d57bdd8"", ""x3"": ""7a6c7d6340223fede236d903a965e6b81bb09b87a26c441591283a7dada29f82"", ""x4"": ""67b482c623947fe8275360a1ed682d1396ff0d545078893bc62858c4252358e9""}",0340047558809127cfbef95fc332f3ae1ce4145167192ddcfc30e1e5778e94dd,aefdce03def94ffed42159e55677ec20e91200e1981f25b1f271b6fd99c3c263,1d9e624e4e74b8f54227ab09a6c0cc0070a6532057d970e7bc35424284968ca7,/4T/CXY/MV-Painter-r1color/1009/engineering/color_cast_repair_v2/runs/phase_b/predictions/8bd93fcae54940bd903a94a9094da4ee/embedding_only_dap0_dbp6.png,116539fae8b603576c9561d91082eecf806854a08e14f965c66d50eabcd158b6
8bd93fcae54940bd903a94a9094da4ee,embedding_only_dap0_dbp6,embedding_only,0.0,6.0,0.004834100138396025,5.940243721008301,3,16,False,-0.822628378868103,1.9878718852996826,0.3345319177717389,1.9872017820334977,-0.5470485687255859,0.9457548260688782,"{""mid"": ""67b482c623947fe8275360a1ed682d1396ff0d545078893bc62858c4252358e9"", ""up_0"": ""67b482c623947fe8275360a1ed682d1396ff0d545078893bc62858c4252358e9"", ""up_1"": ""7a6c7d6340223fede236d903a965e6b81bb09b87a26c441591283a7dada29f82"", ""up_2"": ""bf58f9401bfef99cabc5657607dfea0d27ec4e91bdba83a5d40b18d82d57bdd8"", ""x1"": ""1420e51173fc6b06a6e60e4921f3a5ad806e9388c2574d7956dbe1cb95f920fd"", ""x2"": ""bf58f9401bfef99cabc5657607dfea0d27ec4e91bdba83a5d40b18d82d57bdd8"", ""x3"": ""7a6c7d6340223fede236d903a965e6b81bb09b87a26c441591283a7dada29f82"", ""x4"": ""67b482c623947fe8275360a1ed682d1396ff0d545078893bc62858c4252358e9""}",0340047558809127cfbef95fc332f3ae1ce4145167192ddcfc30e1e5778e94dd,aefdce03def94ffed42159e55677ec20e91200e1981f25b1f271b6fd99c3c263,1d9e624e4e74b8f54227ab09a6c0cc0070a6532057d970e7bc35424284968ca7,/4T/CXY/MV-Painter-r1color/1009/engineering/color_cast_repair_v2/runs/phase_b/predictions/8bd93fcae54940bd903a94a9094da4ee/embedding_only_dap0_dbp6.png,116539fae8b603576c9561d91082eecf806854a08e14f965c66d50eabcd158b6
8bd93fcae54940bd903a94a9094da4ee,embedding_only_dap0_dbp6,embedding_only,0.0,6.0,0.004834100138396025,5.940243721008301,4,13,False,-0.8419867157936096,1.8730683326721191,0.31520287412187437,1.872382513839714,-0.258697509765625,0.9634418487548828,"{""mid"": ""67b482c623947fe8275360a1ed682d1396ff0d545078893bc62858c4252358e9"", ""up_0"": ""67b482c623947fe8275360a1ed682d1396ff0d545078893bc62858c4252358e9"", ""up_1"": ""7a6c7d6340223fede236d903a965e6b81bb09b87a26c441591283a7dada29f82"", ""up_2"": ""bf58f9401bfef99cabc5657607dfea0d27ec4e91bdba83a5d40b18d82d57bdd8"", ""x1"": ""1420e51173fc6b06a6e60e4921f3a5ad806e9388c2574d7956dbe1cb95f920fd"", ""x2"": ""bf58f9401bfef99cabc5657607dfea0d27ec4e91bdba83a5d40b18d82d57bdd8"", ""x3"": ""7a6c7d6340223fede236d903a965e6b81bb09b87a26c441591283a7dada29f82"", ""x4"": ""67b482c623947fe8275360a1ed682d1396ff0d545078893bc62858c4252358e9""}",0340047558809127cfbef95fc332f3ae1ce4145167192ddcfc30e1e5778e94dd,aefdce03def94ffed42159e55677ec20e91200e1981f25b1f271b6fd99c3c263,1d9e624e4e74b8f54227ab09a6c0cc0070a6532057d970e7bc35424284968ca7,/4T/CXY/MV-Painter-r1color/1009/engineering/color_cast_repair_v2/runs/phase_b/predictions/8bd93fcae54940bd903a94a9094da4ee/embedding_only_dap0_dbp6.png,116539fae8b603576c9561d91082eecf806854a08e14f965c66d50eabcd158b6
8bd93fcae54940bd903a94a9094da4ee,embedding_only_dap0_dbp6,embedding_only,0.0,6.0,0.004834100138396025,5.940243721008301,5,14,False,-0.5919858813285828,1.7842121124267578,0.3002787871695351,1.7837297706741204,-0.13783645629882812,0.9664117693901062,"{""mid"": ""67b482c623947fe8275360a1ed682d1396ff0d545078893bc62858c4252358e9"", ""up_0"": ""67b482c623947fe8275360a1ed682d1396ff0d545078893bc62858c4252358e9"", ""up_1"": ""7a6c7d6340223fede236d903a965e6b81bb09b87a26c441591283a7dada29f82"", ""up_2"": ""bf58f9401bfef99cabc5657607dfea0d27ec4e91bdba83a5d40b18d82d57bdd8"", ""x1"": ""1420e51173fc6b06a6e60e4921f3a5ad806e9388c2574d7956dbe1cb95f920fd"", ""x2"": ""bf58f9401bfef99cabc5657607dfea0d27ec4e91bdba83a5d40b18d82d57bdd8"", ""x3"": ""7a6c7d6340223fede236d903a965e6b81bb09b87a26c441591283a7dada29f82"", ""x4"": ""67b482c623947fe8275360a1ed682d1396ff0d545078893bc62858c4252358e9""}",0340047558809127cfbef95fc332f3ae1ce4145167192ddcfc30e1e5778e94dd,aefdce03def94ffed42159e55677ec20e91200e1981f25b1f271b6fd99c3c263,1d9e624e4e74b8f54227ab09a6c0cc0070a6532057d970e7bc35424284968ca7,/4T/CXY/MV-Painter-r1color/1009/engineering/color_cast_repair_v2/runs/phase_b/predictions/8bd93fcae54940bd903a94a9094da4ee/embedding_only_dap0_dbp6.png,116539fae8b603576c9561d91082eecf806854a08e14f965c66d50eabcd158b6
8bd93fcae54940bd903a94a9094da4ee,embedding_only_dap6_dbp0,embedding_only,6.0,0.0,5.953047275543213,0.0010423684725537896,0,0,True,2.4070041179656982,-0.513404130935669,0.4043163167656303,2.4069141848765923,0.6755809783935547,0.9298929572105408,"{""mid"": ""67b482c623947fe8275360a1ed682d1396ff0d545078893bc62858c4252358e9"", ""up_0"": ""67b482c623947fe8275360a1ed682d1396ff0d545078893bc62858c4252358e9"", ""up_1"": ""7a6c7d6340223fede236d903a965e6b81bb09b87a26c441591283a7dada29f82"", ""up_2"": ""bf58f9401bfef99cabc5657607dfea0d27ec4e91bdba83a5d40b18d82d57bdd8"", ""x1"": ""1420e51173fc6b06a6e60e4921f3a5ad806e9388c2574d7956dbe1cb95f920fd"", ""x2"": ""bf58f9401bfef99cabc5657607dfea0d27ec4e91bdba83a5d40b18d82d57bdd8"", ""x3"": ""7a6c7d6340223fede236d903a965e6b81bb09b87a26c441591283a7dada29f82"", ""x4"": ""67b482c623947fe8275360a1ed682d1396ff0d545078893bc62858c4252358e9""}",0340047558809127cfbef95fc332f3ae1ce4145167192ddcfc30e1e5778e94dd,aefdce03def94ffed42159e55677ec20e91200e1981f25b1f271b6fd99c3c263,1d9e624e4e74b8f54227ab09a6c0cc0070a6532057d970e7bc35424284968ca7,/4T/CXY/MV-Painter-r1color/1009/engineering/color_cast_repair_v2/runs/phase_b/predictions/8bd93fcae54940bd903a94a9094da4ee/embedding_only_dap6_dbp0.png,519d0bbc7e579f16bda1a9041b3ab939e62d567e7c061295dcb3cef7e3db64e6
8bd93fcae54940bd903a94a9094da4ee,embedding_only_dap6_dbp0,embedding_only,6.0,0.0,5.953047275543213,0.0010423684725537896,1,15,False,3.0728182792663574,0.08745290338993073,0.5161782454733849,3.0728335450156488,1.5894031524658203,0.9450936317443848,"{""mid"": ""67b482c623947fe8275360a1ed682d1396ff0d545078893bc62858c4252358e9"", ""up_0"": ""67b482c623947fe8275360a1ed682d1396ff0d545078893bc62858c4252358e9"", ""up_1"": ""7a6c7d6340223fede236d903a965e6b81bb09b87a26c441591283a7dada29f82"", ""up_2"": ""bf58f9401bfef99cabc5657607dfea0d27ec4e91bdba83a5d40b18d82d57bdd8"", ""x1"": ""1420e51173fc6b06a6e60e4921f3a5ad806e9388c2574d7956dbe1cb95f920fd"", ""x2"": ""bf58f9401bfef99cabc5657607dfea0d27ec4e91bdba83a5d40b18d82d57bdd8"", ""x3"": ""7a6c7d6340223fede236d903a965e6b81bb09b87a26c441591283a7dada29f82"", ""x4"": ""67b482c623947fe8275360a1ed682d1396ff0d545078893bc62858c4252358e9""}",0340047558809127cfbef95fc332f3ae1ce4145167192ddcfc30e1e5778e94dd,aefdce03def94ffed42159e55677ec20e91200e1981f25b1f271b6fd99c3c263,1d9e624e4e74b8f54227ab09a6c0cc0070a6532057d970e7bc35424284968ca7,/4T/CXY/MV-Painter-r1color/1009/engineering/color_cast_repair_v2/runs/phase_b/predictions/8bd93fcae54940bd903a94a9094da4ee/embedding_only_dap6_dbp0.png,519d0bbc7e579f16bda1a9041b3ab939e62d567e7c061295dcb3cef7e3db64e6
8bd93fcae54940bd903a94a9094da4ee,embedding_only_dap6_dbp0,embedding_only,6.0,0.0,5.953047275543213,0.0010423684725537896,2,12,False,2.396017074584961,-0.4544863998889923,0.4024724330970762,2.395937458058818,0.7812404632568359,0.930139422416687,"{""mid"": ""67b482c623947fe8275360a1ed682d1396ff0d545078893bc62858c4252358e9"", ""up_0"": ""67b482c623947fe8275360a1ed682d1396ff0d545078893bc62858c4252358e9"", ""up_1"": ""7a6c7d6340223fede236d903a965e6b81bb09b87a26c441591283a7dada29f82"", ""up_2"": ""bf58f9401bfef99cabc5657607dfea0d27ec4e91bdba83a5d40b18d82d57bdd8"", ""x1"": ""1420e51173fc6b06a6e60e4921f3a5ad806e9388c2574d7956dbe1cb95f920fd"", ""x2"": ""bf58f9401bfef99cabc5657607dfea0d27ec4e91bdba83a5d40b18d82d57bdd8"", ""x3"": ""7a6c7d6340223fede236d903a965e6b81bb09b87a26c441591283a7dada29f82"", ""x4"": ""67b482c623947fe8275360a1ed682d1396ff0d545078893bc62858c4252358e9""}",0340047558809127cfbef95fc332f3ae1ce4145167192ddcfc30e1e5778e94dd,aefdce03def94ffed42159e55677ec20e91200e1981f25b1f271b6fd99c3c263,1d9e624e4e74b8f54227ab09a6c0cc0070a6532057d970e7bc35424284968ca7,/4T/CXY/MV-Painter-r1color/1009/engineering/color_cast_repair_v2/runs/phase_b/predictions/8bd93fcae54940bd903a94a9094da4ee/embedding_only_dap6_dbp0.png,519d0bbc7e579f16bda1a9041b3ab939e62d567e7c061295dcb3cef7e3db64e6
8bd93fcae54940bd903a94a9094da4ee,embedding_only_dap6_dbp0,embedding_only,6.0,0.0,5.953047275543213,0.0010423684725537896,3,16,False,3.005826234817505,-0.40622973442077637,0.5049103212861054,3.0057550586032433,1.3958110809326172,0.9321292042732239,"{""mid"": ""67b482c623947fe8275360a1ed682d1396ff0d545078893bc62858c4252358e9"", ""up_0"": ""67b482c623947fe8275360a1ed682d1396ff0d545078893bc62858c4252358e9"", ""up_1"": ""7a6c7d6340223fede236d903a965e6b81bb09b87a26c441591283a7dada29f82"", ""up_2"": ""bf58f9401bfef99cabc5657607dfea0d27ec4e91bdba83a5d40b18d82d57bdd8"", ""x1"": ""1420e51173fc6b06a6e60e4921f3a5ad806e9388c2574d7956dbe1cb95f920fd"", ""x2"": ""bf58f9401bfef99cabc5657607dfea0d27ec4e91bdba83a5d40b18d82d57bdd8"", ""x3"": ""7a6c7d6340223fede236d903a965e6b81bb09b87a26c441591283a7dada29f82"", ""x4"": ""67b482c623947fe8275360a1ed682d1396ff0d545078893bc62858c4252358e9""}",0340047558809127cfbef95fc332f3ae1ce4145167192ddcfc30e1e5778e94dd,aefdce03def94ffed42159e55677ec20e91200e1981f25b1f271b6fd99c3c263,1d9e624e4e74b8f54227ab09a6c0cc0070a6532057d970e7bc35424284968ca7,/4T/CXY/MV-Painter-r1color/1009/engineering/color_cast_repair_v2/runs/phase_b/predictions/8bd93fcae54940bd903a94a9094da4ee/embedding_only_dap6_dbp0.png,519d0bbc7e579f16bda1a9041b3ab939e62d567e7c061295dcb3cef7e3db64e6
8bd93fcae54940bd903a94a9094da4ee,embedding_only_dap6_dbp0,embedding_only,6.0,0.0,5.953047275543213,0.0010423684725537896,4,13,False,2.722835063934326,-0.5094934701919556,0.4573700901386384,2.7227458107536715,0.8295211791992188,0.9454320073127747,"{""mid"": ""67b482c623947fe8275360a1ed682d1396ff0d545078893bc62858c4252358e9"", ""up_0"": ""67b482c623947fe8275360a1ed682d1396ff0d545078893bc62858c4252358e9"", ""up_1"": ""7a6c7d6340223fede236d903a965e6b81bb09b87a26c441591283a7dada29f82"", ""up_2"": ""bf58f9401bfef99cabc5657607dfea0d27ec4e91bdba83a5d40b18d82d57bdd8"", ""x1"": ""1420e51173fc6b06a6e60e4921f3a5ad806e9388c2574d7956dbe1cb95f920fd"", ""x2"": ""bf58f9401bfef99cabc5657607dfea0d27ec4e91bdba83a5d40b18d82d57bdd8"", ""x3"": ""7a6c7d6340223fede236d903a965e6b81bb09b87a26c441591283a7dada29f82"", ""x4"": ""67b482c623947fe8275360a1ed682d1396ff0d545078893bc62858c4252358e9""}",0340047558809127cfbef95fc332f3ae1ce4145167192ddcfc30e1e5778e94dd,aefdce03def94ffed42159e55677ec20e91200e1981f25b1f271b6fd99c3c263,1d9e624e4e74b8f54227ab09a6c0cc0070a6532057d970e7bc35424284968ca7,/4T/CXY/MV-Painter-r1color/1009/engineering/color_cast_repair_v2/runs/phase_b/predictions/8bd93fcae54940bd903a94a9094da4ee/embedding_only_dap6_dbp0.png,519d0bbc7e579f16bda1a9041b3ab939e62d567e7c061295dcb3cef7e3db64e6
8bd93fcae54940bd903a94a9094da4ee,embedding_only_dap6_dbp0,embedding_only,6.0,0.0,5.953047275543213,0.0010423684725537896,5,14,False,2.5958845615386963,-0.5774471163749695,0.4360427948569886,2.595783411736244,0.2561817169189453,0.9706701636314392,"{""mid"": ""67b482c623947fe8275360a1ed682d1396ff0d545078893bc62858c4252358e9"", ""up_0"": ""67b482c623947fe8275360a1ed682d1396ff0d545078893bc62858c4252358e9"", ""up_1"": ""7a6c7d6340223fede236d903a965e6b81bb09b87a26c441591283a7dada29f82"", ""up_2"": ""bf58f9401bfef99cabc5657607dfea0d27ec4e91bdba83a5d40b18d82d57bdd8"", ""x1"": ""1420e51173fc6b06a6e60e4921f3a5ad806e9388c2574d7956dbe1cb95f920fd"", ""x2"": ""bf58f9401bfef99cabc5657607dfea0d27ec4e91bdba83a5d40b18d82d57bdd8"", ""x3"": ""7a6c7d6340223fede236d903a965e6b81bb09b87a26c441591283a7dada29f82"", ""x4"": ""67b482c623947fe8275360a1ed682d1396ff0d545078893bc62858c4252358e9""}",0340047558809127cfbef95fc332f3ae1ce4145167192ddcfc30e1e5778e94dd,aefdce03def94ffed42159e55677ec20e91200e1981f25b1f271b6fd99c3c263,1d9e624e4e74b8f54227ab09a6c0cc0070a6532057d970e7bc35424284968ca7,/4T/CXY/MV-Painter-r1color/1009/engineering/color_cast_repair_v2/runs/phase_b/predictions/8bd93fcae54940bd903a94a9094da4ee/embedding_only_dap6_dbp0.png,519d0bbc7e579f16bda1a9041b3ab939e62d567e7c061295dcb3cef7e3db64e6
8bd93fcae54940bd903a94a9094da4ee,gfl_baseline,baseline,0.0,0.0,0.0,0.0,0,0,True,0.0,0.0,0.0,0.0,0.0,1.0,"{""mid"": ""67b482c623947fe8275360a1ed682d1396ff0d545078893bc62858c4252358e9"", ""up_0"": ""67b482c623947fe8275360a1ed682d1396ff0d545078893bc62858c4252358e9"", ""up_1"": ""7a6c7d6340223fede236d903a965e6b81bb09b87a26c441591283a7dada29f82"", ""up_2"": ""bf58f9401bfef99cabc5657607dfea0d27ec4e91bdba83a5d40b18d82d57bdd8"", ""x1"": ""1420e51173fc6b06a6e60e4921f3a5ad806e9388c2574d7956dbe1cb95f920fd"", ""x2"": ""bf58f9401bfef99cabc5657607dfea0d27ec4e91bdba83a5d40b18d82d57bdd8"", ""x3"": ""7a6c7d6340223fede236d903a965e6b81bb09b87a26c441591283a7dada29f82"", ""x4"": ""67b482c623947fe8275360a1ed682d1396ff0d545078893bc62858c4252358e9""}",0340047558809127cfbef95fc332f3ae1ce4145167192ddcfc30e1e5778e94dd,aefdce03def94ffed42159e55677ec20e91200e1981f25b1f271b6fd99c3c263,1d9e624e4e74b8f54227ab09a6c0cc0070a6532057d970e7bc35424284968ca7,/4T/CXY/MV-Painter-r1color/1009/engineering/color_cast_repair_v2/runs/phase_b/predictions/8bd93fcae54940bd903a94a9094da4ee/gfl_baseline.png,e1c7f63416c453a060ac8b42cb0db29bc902cc66362d6b12eb8034775b15de84
8bd93fcae54940bd903a94a9094da4ee,gfl_baseline,baseline,0.0,0.0,0.0,0.0,1,15,False,0.0,0.0,0.0,0.0,0.0,1.0,"{""mid"": ""67b482c623947fe8275360a1ed682d1396ff0d545078893bc62858c4252358e9"", ""up_0"": ""67b482c623947fe8275360a1ed682d1396ff0d545078893bc62858c4252358e9"", ""up_1"": ""7a6c7d6340223fede236d903a965e6b81bb09b87a26c441591283a7dada29f82"", ""up_2"": ""bf58f9401bfef99cabc5657607dfea0d27ec4e91bdba83a5d40b18d82d57bdd8"", ""x1"": ""1420e51173fc6b06a6e60e4921f3a5ad806e9388c2574d7956dbe1cb95f920fd"", ""x2"": ""bf58f9401bfef99cabc5657607dfea0d27ec4e91bdba83a5d40b18d82d57bdd8"", ""x3"": ""7a6c7d6340223fede236d903a965e6b81bb09b87a26c441591283a7dada29f82"", ""x4"": ""67b482c623947fe8275360a1ed682d1396ff0d545078893bc62858c4252358e9""}",0340047558809127cfbef95fc332f3ae1ce4145167192ddcfc30e1e5778e94dd,aefdce03def94ffed42159e55677ec20e91200e1981f25b1f271b6fd99c3c263,1d9e624e4e74b8f54227ab09a6c0cc0070a6532057d970e7bc35424284968ca7,/4T/CXY/MV-Painter-r1color/1009/engineering/color_cast_repair_v2/runs/phase_b/predictions/8bd93fcae54940bd903a94a9094da4ee/gfl_baseline.png,e1c7f63416c453a060ac8b42cb0db29bc902cc66362d6b12eb8034775b15de84
8bd93fcae54940bd903a94a9094da4ee,gfl_baseline,baseline,0.0,0.0,0.0,0.0,2,12,False,0.0,0.0,0.0,0.0,0.0,1.0,"{""mid"": ""67b482c623947fe8275360a1ed682d1396ff0d545078893bc62858c4252358e9"", ""up_0"": ""67b482c623947fe8275360a1ed682d1396ff0d545078893bc62858c4252358e9"", ""up_1"": ""7a6c7d6340223fede236d903a965e6b81bb09b87a26c441591283a7dada29f82"", ""up_2"": ""bf58f9401bfef99cabc5657607dfea0d27ec4e91bdba83a5d40b18d82d57bdd8"", ""x1"": ""1420e51173fc6b06a6e60e4921f3a5ad806e9388c2574d7956dbe1cb95f920fd"", ""x2"": ""bf58f9401bfef99cabc5657607dfea0d27ec4e91bdba83a5d40b18d82d57bdd8"", ""x3"": ""7a6c7d6340223fede236d903a965e6b81bb09b87a26c441591283a7dada29f82"", ""x4"": ""67b482c623947fe8275360a1ed682d1396ff0d545078893bc62858c4252358e9""}",0340047558809127cfbef95fc332f3ae1ce4145167192ddcfc30e1e5778e94dd,aefdce03def94ffed42159e55677ec20e91200e1981f25b1f271b6fd99c3c263,1d9e624e4e74b8f54227ab09a6c0cc0070a6532057d970e7bc35424284968ca7,/4T/CXY/MV-Painter-r1color/1009/engineering/color_cast_repair_v2/runs/phase_b/predictions/8bd93fcae54940bd903a94a9094da4ee/gfl_baseline.png,e1c7f63416c453a060ac8b42cb0db29bc902cc66362d6b12eb8034775b15de84
8bd93fcae54940bd903a94a9094da4ee,gfl_baseline,baseline,0.0,0.0,0.0,0.0,3,16,False,0.0,0.0,0.0,0.0,0.0,1.0,"{""mid"": ""67b482c623947fe8275360a1ed682d1396ff0d545078893bc62858c4252358e9"", ""up_0"": ""67b482c623947fe8275360a1ed682d1396ff0d545078893bc62858c4252358e9"", ""up_1"": ""7a6c7d6340223fede236d903a965e6b81bb09b87a26c441591283a7dada29f82"", ""up_2"": ""bf58f9401bfef99cabc5657607dfea0d27ec4e91bdba83a5d40b18d82d57bdd8"", ""x1"": ""1420e51173fc6b06a6e60e4921f3a5ad806e9388c2574d7956dbe1cb95f920fd"", ""x2"": ""bf58f9401bfef99cabc5657607dfea0d27ec4e91bdba83a5d40b18d82d57bdd8"", ""x3"": ""7a6c7d6340223fede236d903a965e6b81bb09b87a26c441591283a7dada29f82"", ""x4"": ""67b482c623947fe8275360a1ed682d1396ff0d545078893bc62858c4252358e9""}",0340047558809127cfbef95fc332f3ae1ce4145167192ddcfc30e1e5778e94dd,aefdce03def94ffed42159e55677ec20e91200e1981f25b1f271b6fd99c3c263,1d9e624e4e74b8f54227ab09a6c0cc0070a6532057d970e7bc35424284968ca7,/4T/CXY/MV-Painter-r1color/1009/engineering/color_cast_repair_v2/runs/phase_b/predictions/8bd93fcae54940bd903a94a9094da4ee/gfl_baseline.png,e1c7f63416c453a060ac8b42cb0db29bc902cc66362d6b12eb8034775b15de84
8bd93fcae54940bd903a94a9094da4ee,gfl_baseline,baseline,0.0,0.0,0.0,0.0,4,13,False,0.0,0.0,0.0,0.0,0.0,1.0,"{""mid"": ""67b482c623947fe8275360a1ed682d1396ff0d545078893bc62858c4252358e9"", ""up_0"": ""67b482c623947fe8275360a1ed682d1396ff0d545078893bc62858c4252358e9"", ""up_1"": ""7a6c7d6340223fede236d903a965e6b81bb09b87a26c441591283a7dada29f82"", ""up_2"": ""bf58f9401bfef99cabc5657607dfea0d27ec4e91bdba83a5d40b18d82d57bdd8"", ""x1"": ""1420e51173fc6b06a6e60e4921f3a5ad806e9388c2574d7956dbe1cb95f920fd"", ""x2"": ""bf58f9401bfef99cabc5657607dfea0d27ec4e91bdba83a5d40b18d82d57bdd8"", ""x3"": ""7a6c7d6340223fede236d903a965e6b81bb09b87a26c441591283a7dada29f82"", ""x4"": ""67b482c623947fe8275360a1ed682d1396ff0d545078893bc62858c4252358e9""}",0340047558809127cfbef95fc332f3ae1ce4145167192ddcfc30e1e5778e94dd,aefdce03def94ffed42159e55677ec20e91200e1981f25b1f271b6fd99c3c263,1d9e624e4e74b8f54227ab09a6c0cc0070a6532057d970e7bc35424284968ca7,/4T/CXY/MV-Painter-r1color/1009/engineering/color_cast_repair_v2/runs/phase_b/predictions/8bd93fcae54940bd903a94a9094da4ee/gfl_baseline.png,e1c7f63416c453a060ac8b42cb0db29bc902cc66362d6b12eb8034775b15de84
8bd93fcae54940bd903a94a9094da4ee,gfl_baseline,baseline,0.0,0.0,0.0,0.0,5,14,False,0.0,0.0,0.0,0.0,0.0,1.0,"{""mid"": ""67b482c623947fe8275360a1ed682d1396ff0d545078893bc62858c4252358e9"", ""up_0"": ""67b482c623947fe8275360a1ed682d1396ff0d545078893bc62858c4252358e9"", ""up_1"": ""7a6c7d6340223fede236d903a965e6b81bb09b87a26c441591283a7dada29f82"", ""up_2"": ""bf58f9401bfef99cabc5657607dfea0d27ec4e91bdba83a5d40b18d82d57bdd8"", ""x1"": ""1420e51173fc6b06a6e60e4921f3a5ad806e9388c2574d7956dbe1cb95f920fd"", ""x2"": ""bf58f9401bfef99cabc5657607dfea0d27ec4e91bdba83a5d40b18d82d57bdd8"", ""x3"": ""7a6c7d6340223fede236d903a965e6b81bb09b87a26c441591283a7dada29f82"", ""x4"": ""67b482c623947fe8275360a1ed682d1396ff0d545078893bc62858c4252358e9""}",0340047558809127cfbef95fc332f3ae1ce4145167192ddcfc30e1e5778e94dd,aefdce03def94ffed42159e55677ec20e91200e1981f25b1f271b6fd99c3c263,1d9e624e4e74b8f54227ab09a6c0cc0070a6532057d970e7bc35424284968ca7,/4T/CXY/MV-Painter-r1color/1009/engineering/color_cast_repair_v2/runs/phase_b/predictions/8bd93fcae54940bd903a94a9094da4ee/gfl_baseline.png,e1c7f63416c453a060ac8b42cb0db29bc902cc66362d6b12eb8034775b15de84
8bd93fcae54940bd903a94a9094da4ee,global_embedding_recomputed,embedding_cache_consistency_control,0.0,0.0,0.0,0.0,0,0,True,0.0,0.0,0.0,0.0,0.0,1.0,"{""mid"": ""67b482c623947fe8275360a1ed682d1396ff0d545078893bc62858c4252358e9"", ""up_0"": ""67b482c623947fe8275360a1ed682d1396ff0d545078893bc62858c4252358e9"", ""up_1"": ""7a6c7d6340223fede236d903a965e6b81bb09b87a26c441591283a7dada29f82"", ""up_2"": ""bf58f9401bfef99cabc5657607dfea0d27ec4e91bdba83a5d40b18d82d57bdd8"", ""x1"": ""1420e51173fc6b06a6e60e4921f3a5ad806e9388c2574d7956dbe1cb95f920fd"", ""x2"": ""bf58f9401bfef99cabc5657607dfea0d27ec4e91bdba83a5d40b18d82d57bdd8"", ""x3"": ""7a6c7d6340223fede236d903a965e6b81bb09b87a26c441591283a7dada29f82"", ""x4"": ""67b482c623947fe8275360a1ed682d1396ff0d545078893bc62858c4252358e9""}",0340047558809127cfbef95fc332f3ae1ce4145167192ddcfc30e1e5778e94dd,aefdce03def94ffed42159e55677ec20e91200e1981f25b1f271b6fd99c3c263,1d9e624e4e74b8f54227ab09a6c0cc0070a6532057d970e7bc35424284968ca7,/4T/CXY/MV-Painter-r1color/1009/engineering/color_cast_repair_v2/runs/phase_b/predictions/8bd93fcae54940bd903a94a9094da4ee/global_embedding_recomputed.png,e1c7f63416c453a060ac8b42cb0db29bc902cc66362d6b12eb8034775b15de84
8bd93fcae54940bd903a94a9094da4ee,global_embedding_recomputed,embedding_cache_consistency_control,0.0,0.0,0.0,0.0,1,15,False,0.0,0.0,0.0,0.0,0.0,1.0,"{""mid"": ""67b482c623947fe8275360a1ed682d1396ff0d545078893bc62858c4252358e9"", ""up_0"": ""67b482c623947fe8275360a1ed682d1396ff0d545078893bc62858c4252358e9"", ""up_1"": ""7a6c7d6340223fede236d903a965e6b81bb09b87a26c441591283a7dada29f82"", ""up_2"": ""bf58f9401bfef99cabc5657607dfea0d27ec4e91bdba83a5d40b18d82d57bdd8"", ""x1"": ""1420e51173fc6b06a6e60e4921f3a5ad806e9388c2574d7956dbe1cb95f920fd"", ""x2"": ""bf58f9401bfef99cabc5657607dfea0d27ec4e91bdba83a5d40b18d82d57bdd8"", ""x3"": ""7a6c7d6340223fede236d903a965e6b81bb09b87a26c441591283a7dada29f82"", ""x4"": ""67b482c623947fe8275360a1ed682d1396ff0d545078893bc62858c4252358e9""}",0340047558809127cfbef95fc332f3ae1ce4145167192ddcfc30e1e5778e94dd,aefdce03def94ffed42159e55677ec20e91200e1981f25b1f271b6fd99c3c263,1d9e624e4e74b8f54227ab09a6c0cc0070a6532057d970e7bc35424284968ca7,/4T/CXY/MV-Painter-r1color/1009/engineering/color_cast_repair_v2/runs/phase_b/predictions/8bd93fcae54940bd903a94a9094da4ee/global_embedding_recomputed.png,e1c7f63416c453a060ac8b42cb0db29bc902cc66362d6b12eb8034775b15de84
8bd93fcae54940bd903a94a9094da4ee,global_embedding_recomputed,embedding_cache_consistency_control,0.0,0.0,0.0,0.0,2,12,False,0.0,0.0,0.0,0.0,0.0,1.0,"{""mid"": ""67b482c623947fe8275360a1ed682d1396ff0d545078893bc62858c4252358e9"", ""up_0"": ""67b482c623947fe8275360a1ed682d1396ff0d545078893bc62858c4252358e9"", ""up_1"": ""7a6c7d6340223fede236d903a965e6b81bb09b87a26c441591283a7dada29f82"", ""up_2"": ""bf58f9401bfef99cabc5657607dfea0d27ec4e91bdba83a5d40b18d82d57bdd8"", ""x1"": ""1420e51173fc6b06a6e60e4921f3a5ad806e9388c2574d7956dbe1cb95f920fd"", ""x2"": ""bf58f9401bfef99cabc5657607dfea0d27ec4e91bdba83a5d40b18d82d57bdd8"", ""x3"": ""7a6c7d6340223fede236d903a965e6b81bb09b87a26c441591283a7dada29f82"", ""x4"": ""67b482c623947fe8275360a1ed682d1396ff0d545078893bc62858c4252358e9""}",0340047558809127cfbef95fc332f3ae1ce4145167192ddcfc30e1e5778e94dd,aefdce03def94ffed42159e55677ec20e91200e1981f25b1f271b6fd99c3c263,1d9e624e4e74b8f54227ab09a6c0cc0070a6532057d970e7bc35424284968ca7,/4T/CXY/MV-Painter-r1color/1009/engineering/color_cast_repair_v2/runs/phase_b/predictions/8bd93fcae54940bd903a94a9094da4ee/global_embedding_recomputed.png,e1c7f63416c453a060ac8b42cb0db29bc902cc66362d6b12eb8034775b15de84
8bd93fcae54940bd903a94a9094da4ee,global_embedding_recomputed,embedding_cache_consistency_control,0.0,0.0,0.0,0.0,3,16,False,0.0,0.0,0.0,0.0,0.0,1.0,"{""mid"": ""67b482c623947fe8275360a1ed682d1396ff0d545078893bc62858c4252358e9"", ""up_0"": ""67b482c623947fe8275360a1ed682d1396ff0d545078893bc62858c4252358e9"", ""up_1"": ""7a6c7d6340223fede236d903a965e6b81bb09b87a26c441591283a7dada29f82"", ""up_2"": ""bf58f9401bfef99cabc5657607dfea0d27ec4e91bdba83a5d40b18d82d57bdd8"", ""x1"": ""1420e51173fc6b06a6e60e4921f3a5ad806e9388c2574d7956dbe1cb95f920fd"", ""x2"": ""bf58f9401bfef99cabc5657607dfea0d27ec4e91bdba83a5d40b18d82d57bdd8"", ""x3"": ""7a6c7d6340223fede236d903a965e6b81bb09b87a26c441591283a7dada29f82"", ""x4"": ""67b482c623947fe8275360a1ed682d1396ff0d545078893bc62858c4252358e9""}",0340047558809127cfbef95fc332f3ae1ce4145167192ddcfc30e1e5778e94dd,aefdce03def94ffed42159e55677ec20e91200e1981f25b1f271b6fd99c3c263,1d9e624e4e74b8f54227ab09a6c0cc0070a6532057d970e7bc35424284968ca7,/4T/CXY/MV-Painter-r1color/1009/engineering/color_cast_repair_v2/runs/phase_b/predictions/8bd93fcae54940bd903a94a9094da4ee/global_embedding_recomputed.png,e1c7f63416c453a060ac8b42cb0db29bc902cc66362d6b12eb8034775b15de84
8bd93fcae54940bd903a94a9094da4ee,global_embedding_recomputed,embedding_cache_consistency_control,0.0,0.0,0.0,0.0,4,13,False,0.0,0.0,0.0,0.0,0.0,1.0,"{""mid"": ""67b482c623947fe8275360a1ed682d1396ff0d545078893bc62858c4252358e9"", ""up_0"": ""67b482c623947fe8275360a1ed682d1396ff0d545078893bc62858c4252358e9"", ""up_1"": ""7a6c7d6340223fede236d903a965e6b81bb09b87a26c441591283a7dada29f82"", ""up_2"": ""bf58f9401bfef99cabc5657607dfea0d27ec4e91bdba83a5d40b18d82d57bdd8"", ""x1"": ""1420e51173fc6b06a6e60e4921f3a5ad806e9388c2574d7956dbe1cb95f920fd"", ""x2"": ""bf58f9401bfef99cabc5657607dfea0d27ec4e91bdba83a5d40b18d82d57bdd8"", ""x3"": ""7a6c7d6340223fede236d903a965e6b81bb09b87a26c441591283a7dada29f82"", ""x4"": ""67b482c623947fe8275360a1ed682d1396ff0d545078893bc62858c4252358e9""}",0340047558809127cfbef95fc332f3ae1ce4145167192ddcfc30e1e5778e94dd,aefdce03def94ffed42159e55677ec20e91200e1981f25b1f271b6fd99c3c263,1d9e624e4e74b8f54227ab09a6c0cc0070a6532057d970e7bc35424284968ca7,/4T/CXY/MV-Painter-r1color/1009/engineering/color_cast_repair_v2/runs/phase_b/predictions/8bd93fcae54940bd903a94a9094da4ee/global_embedding_recomputed.png,e1c7f63416c453a060ac8b42cb0db29bc902cc66362d6b12eb8034775b15de84
8bd93fcae54940bd903a94a9094da4ee,global_embedding_recomputed,embedding_cache_consistency_control,0.0,0.0,0.0,0.0,5,14,False,0.0,0.0,0.0,0.0,0.0,1.0,"{""mid"": ""67b482c623947fe8275360a1ed682d1396ff0d545078893bc62858c4252358e9"", ""up_0"": ""67b482c623947fe8275360a1ed682d1396ff0d545078893bc62858c4252358e9"", ""up_1"": ""7a6c7d6340223fede236d903a965e6b81bb09b87a26c441591283a7dada29f82"", ""up_2"": ""bf58f9401bfef99cabc5657607dfea0d27ec4e91bdba83a5d40b18d82d57bdd8"", ""x1"": ""1420e51173fc6b06a6e60e4921f3a5ad806e9388c2574d7956dbe1cb95f920fd"", ""x2"": ""bf58f9401bfef99cabc5657607dfea0d27ec4e91bdba83a5d40b18d82d57bdd8"", ""x3"": ""7a6c7d6340223fede236d903a965e6b81bb09b87a26c441591283a7dada29f82"", ""x4"": ""67b482c623947fe8275360a1ed682d1396ff0d545078893bc62858c4252358e9""}",0340047558809127cfbef95fc332f3ae1ce4145167192ddcfc30e1e5778e94dd,aefdce03def94ffed42159e55677ec20e91200e1981f25b1f271b6fd99c3c263,1d9e624e4e74b8f54227ab09a6c0cc0070a6532057d970e7bc35424284968ca7,/4T/CXY/MV-Painter-r1color/1009/engineering/color_cast_repair_v2/runs/phase_b/predictions/8bd93fcae54940bd903a94a9094da4ee/global_embedding_recomputed.png,e1c7f63416c453a060ac8b42cb0db29bc902cc66362d6b12eb8034775b15de84
8bd93fcae54940bd903a94a9094da4ee,layer_llh,adapter_reference,0.0,0.0,0.0,0.0,0,0,True,-4.301670074462891,-0.2692435681819916,0.0,0.0,0.5417346954345703,0.5789597630500793,"{""mid"": ""67b482c623947fe8275360a1ed682d1396ff0d545078893bc62858c4252358e9"", ""up_0"": ""67b482c623947fe8275360a1ed682d1396ff0d545078893bc62858c4252358e9"", ""up_1"": ""7a6c7d6340223fede236d903a965e6b81bb09b87a26c441591283a7dada29f82"", ""up_2"": ""bf58f9401bfef99cabc5657607dfea0d27ec4e91bdba83a5d40b18d82d57bdd8"", ""x1"": ""1420e51173fc6b06a6e60e4921f3a5ad806e9388c2574d7956dbe1cb95f920fd"", ""x2"": ""bf58f9401bfef99cabc5657607dfea0d27ec4e91bdba83a5d40b18d82d57bdd8"", ""x3"": ""7a6c7d6340223fede236d903a965e6b81bb09b87a26c441591283a7dada29f82"", ""x4"": ""67b482c623947fe8275360a1ed682d1396ff0d545078893bc62858c4252358e9""}",0340047558809127cfbef95fc332f3ae1ce4145167192ddcfc30e1e5778e94dd,aefdce03def94ffed42159e55677ec20e91200e1981f25b1f271b6fd99c3c263,1d9e624e4e74b8f54227ab09a6c0cc0070a6532057d970e7bc35424284968ca7,/4T/CXY/MV-Painter-r1color/1009/engineering/color_cast_repair_v2/runs/phase_b/predictions/8bd93fcae54940bd903a94a9094da4ee/layer_llh.png,bfe7997563e122c8c0bfed7adc87aa780246c3ebc5760d9be73c86e3d7d99ebd
8bd93fcae54940bd903a94a9094da4ee,layer_llh,adapter_reference,0.0,0.0,0.0,0.0,1,15,False,-5.405325889587402,-1.1161091327667236,0.0,0.0,-7.855512619018555,0.5706151127815247,"{""mid"": ""67b482c623947fe8275360a1ed682d1396ff0d545078893bc62858c4252358e9"", ""up_0"": ""67b482c623947fe8275360a1ed682d1396ff0d545078893bc62858c4252358e9"", ""up_1"": ""7a6c7d6340223fede236d903a965e6b81bb09b87a26c441591283a7dada29f82"", ""up_2"": ""bf58f9401bfef99cabc5657607dfea0d27ec4e91bdba83a5d40b18d82d57bdd8"", ""x1"": ""1420e51173fc6b06a6e60e4921f3a5ad806e9388c2574d7956dbe1cb95f920fd"", ""x2"": ""bf58f9401bfef99cabc5657607dfea0d27ec4e91bdba83a5d40b18d82d57bdd8"", ""x3"": ""7a6c7d6340223fede236d903a965e6b81bb09b87a26c441591283a7dada29f82"", ""x4"": ""67b482c623947fe8275360a1ed682d1396ff0d545078893bc62858c4252358e9""}",0340047558809127cfbef95fc332f3ae1ce4145167192ddcfc30e1e5778e94dd,aefdce03def94ffed42159e55677ec20e91200e1981f25b1f271b6fd99c3c263,1d9e624e4e74b8f54227ab09a6c0cc0070a6532057d970e7bc35424284968ca7,/4T/CXY/MV-Painter-r1color/1009/engineering/color_cast_repair_v2/runs/phase_b/predictions/8bd93fcae54940bd903a94a9094da4ee/layer_llh.png,bfe7997563e122c8c0bfed7adc87aa780246c3ebc5760d9be73c86e3d7d99ebd
8bd93fcae54940bd903a94a9094da4ee,layer_llh,adapter_reference,0.0,0.0,0.0,0.0,2,12,False,-4.945088863372803,-0.8469219207763672,0.0,0.0,0.3846549987792969,0.530623197555542,"{""mid"": ""67b482c623947fe8275360a1ed682d1396ff0d545078893bc62858c4252358e9"", ""up_0"": ""67b482c623947fe8275360a1ed682d1396ff0d545078893bc62858c4252358e9"", ""up_1"": ""7a6c7d6340223fede236d903a965e6b81bb09b87a26c441591283a7dada29f82"", ""up_2"": ""bf58f9401bfef99cabc5657607dfea0d27ec4e91bdba83a5d40b18d82d57bdd8"", ""x1"": ""1420e51173fc6b06a6e60e4921f3a5ad806e9388c2574d7956dbe1cb95f920fd"", ""x2"": ""bf58f9401bfef99cabc5657607dfea0d27ec4e91bdba83a5d40b18d82d57bdd8"", ""x3"": ""7a6c7d6340223fede236d903a965e6b81bb09b87a26c441591283a7dada29f82"", ""x4"": ""67b482c623947fe8275360a1ed682d1396ff0d545078893bc62858c4252358e9""}",0340047558809127cfbef95fc332f3ae1ce4145167192ddcfc30e1e5778e94dd,aefdce03def94ffed42159e55677ec20e91200e1981f25b1f271b6fd99c3c263,1d9e624e4e74b8f54227ab09a6c0cc0070a6532057d970e7bc35424284968ca7,/4T/CXY/MV-Painter-r1color/1009/engineering/color_cast_repair_v2/runs/phase_b/predictions/8bd93fcae54940bd903a94a9094da4ee/layer_llh.png,bfe7997563e122c8c0bfed7adc87aa780246c3ebc5760d9be73c86e3d7d99ebd
8bd93fcae54940bd903a94a9094da4ee,layer_llh,adapter_reference,0.0,0.0,0.0,0.0,3,16,False,-4.265542984008789,-0.2610308825969696,0.0,0.0,-5.509515762329102,0.5506367683410645,"{""mid"": ""67b482c623947fe8275360a1ed682d1396ff0d545078893bc62858c4252358e9"", ""up_0"": ""67b482c623947fe8275360a1ed682d1396ff0d545078893bc62858c4252358e9"", ""up_1"": ""7a6c7d6340223fede236d903a965e6b81bb09b87a26c441591283a7dada29f82"", ""up_2"": ""bf58f9401bfef99cabc5657607dfea0d27ec4e91bdba83a5d40b18d82d57bdd8"", ""x1"": ""1420e51173fc6b06a6e60e4921f3a5ad806e9388c2574d7956dbe1cb95f920fd"", ""x2"": ""bf58f9401bfef99cabc5657607dfea0d27ec4e91bdba83a5d40b18d82d57bdd8"", ""x3"": ""7a6c7d6340223fede236d903a965e6b81bb09b87a26c441591283a7dada29f82"", ""x4"": ""67b482c623947fe8275360a1ed682d1396ff0d545078893bc62858c4252358e9""}",0340047558809127cfbef95fc332f3ae1ce4145167192ddcfc30e1e5778e94dd,aefdce03def94ffed42159e55677ec20e91200e1981f25b1f271b6fd99c3c263,1d9e624e4e74b8f54227ab09a6c0cc0070a6532057d970e7bc35424284968ca7,/4T/CXY/MV-Painter-r1color/1009/engineering/color_cast_repair_v2/runs/phase_b/predictions/8bd93fcae54940bd903a94a9094da4ee/layer_llh.png,bfe7997563e122c8c0bfed7adc87aa780246c3ebc5760d9be73c86e3d7d99ebd
8bd93fcae54940bd903a94a9094da4ee,layer_llh,adapter_reference,0.0,0.0,0.0,0.0,4,13,False,-4.886557579040527,-0.4914003908634186,0.0,0.0,-0.34339141845703125,0.5869141817092896,"{""mid"": ""67b482c623947fe8275360a1ed682d1396ff0d545078893bc62858c4252358e9"", ""up_0"": ""67b482c623947fe8275360a1ed682d1396ff0d545078893bc62858c4252358e9"", ""up_1"": ""7a6c7d6340223fede236d903a965e6b81bb09b87a26c441591283a7dada29f82"", ""up_2"": ""bf58f9401bfef99cabc5657607dfea0d27ec4e91bdba83a5d40b18d82d57bdd8"", ""x1"": ""1420e51173fc6b06a6e60e4921f3a5ad806e9388c2574d7956dbe1cb95f920fd"", ""x2"": ""bf58f9401bfef99cabc5657607dfea0d27ec4e91bdba83a5d40b18d82d57bdd8"", ""x3"": ""7a6c7d6340223fede236d903a965e6b81bb09b87a26c441591283a7dada29f82"", ""x4"": ""67b482c623947fe8275360a1ed682d1396ff0d545078893bc62858c4252358e9""}",0340047558809127cfbef95fc332f3ae1ce4145167192ddcfc30e1e5778e94dd,aefdce03def94ffed42159e55677ec20e91200e1981f25b1f271b6fd99c3c263,1d9e624e4e74b8f54227ab09a6c0cc0070a6532057d970e7bc35424284968ca7,/4T/CXY/MV-Painter-r1color/1009/engineering/color_cast_repair_v2/runs/phase_b/predictions/8bd93fcae54940bd903a94a9094da4ee/layer_llh.png,bfe7997563e122c8c0bfed7adc87aa780246c3ebc5760d9be73c86e3d7d99ebd
8bd93fcae54940bd903a94a9094da4ee,layer_llh,adapter_reference,0.0,0.0,0.0,0.0,5,14,False,-2.6957547664642334,-1.460803508758545,0.0,0.0,2.2683982849121094,0.5601097941398621,"{""mid"": ""67b482c623947fe8275360a1ed682d1396ff0d545078893bc62858c4252358e9"", ""up_0"": ""67b482c623947fe8275360a1ed682d1396ff0d545078893bc62858c4252358e9"", ""up_1"": ""7a6c7d6340223fede236d903a965e6b81bb09b87a26c441591283a7dada29f82"", ""up_2"": ""bf58f9401bfef99cabc5657607dfea0d27ec4e91bdba83a5d40b18d82d57bdd8"", ""x1"": ""1420e51173fc6b06a6e60e4921f3a5ad806e9388c2574d7956dbe1cb95f920fd"", ""x2"": ""bf58f9401bfef99cabc5657607dfea0d27ec4e91bdba83a5d40b18d82d57bdd8"", ""x3"": ""7a6c7d6340223fede236d903a965e6b81bb09b87a26c441591283a7dada29f82"", ""x4"": ""67b482c623947fe8275360a1ed682d1396ff0d545078893bc62858c4252358e9""}",0340047558809127cfbef95fc332f3ae1ce4145167192ddcfc30e1e5778e94dd,aefdce03def94ffed42159e55677ec20e91200e1981f25b1f271b6fd99c3c263,1d9e624e4e74b8f54227ab09a6c0cc0070a6532057d970e7bc35424284968ca7,/4T/CXY/MV-Painter-r1color/1009/engineering/color_cast_repair_v2/runs/phase_b/predictions/8bd93fcae54940bd903a94a9094da4ee/layer_llh.png,bfe7997563e122c8c0bfed7adc87aa780246c3ebc5760d9be73c86e3d7d99ebd
8bd93fcae54940bd903a94a9094da4ee,no_adapter,adapter_reference,0.0,0.0,0.0,0.0,0,0,True,-10.85533332824707,-16.9356632232666,0.0,0.0,15.01850700378418,0.1998666226863861,"{""mid"": ""67b482c623947fe8275360a1ed682d1396ff0d545078893bc62858c4252358e9"", ""up_0"": ""67b482c623947fe8275360a1ed682d1396ff0d545078893bc62858c4252358e9"", ""up_1"": ""7a6c7d6340223fede236d903a965e6b81bb09b87a26c441591283a7dada29f82"", ""up_2"": ""bf58f9401bfef99cabc5657607dfea0d27ec4e91bdba83a5d40b18d82d57bdd8"", ""x1"": ""1420e51173fc6b06a6e60e4921f3a5ad806e9388c2574d7956dbe1cb95f920fd"", ""x2"": ""bf58f9401bfef99cabc5657607dfea0d27ec4e91bdba83a5d40b18d82d57bdd8"", ""x3"": ""7a6c7d6340223fede236d903a965e6b81bb09b87a26c441591283a7dada29f82"", ""x4"": ""67b482c623947fe8275360a1ed682d1396ff0d545078893bc62858c4252358e9""}",0340047558809127cfbef95fc332f3ae1ce4145167192ddcfc30e1e5778e94dd,aefdce03def94ffed42159e55677ec20e91200e1981f25b1f271b6fd99c3c263,1d9e624e4e74b8f54227ab09a6c0cc0070a6532057d970e7bc35424284968ca7,/4T/CXY/MV-Painter-r1color/1009/engineering/color_cast_repair_v2/runs/phase_b/predictions/8bd93fcae54940bd903a94a9094da4ee/no_adapter.png,81eed24229cbf24838e929b658d4329b33a3dec7138d5d91628df142dddd297f
8bd93fcae54940bd903a94a9094da4ee,no_adapter,adapter_reference,0.0,0.0,0.0,0.0,1,15,False,-10.950078010559082,-17.5194091796875,0.0,0.0,2.996946334838867,0.25444653630256653,"{""mid"": ""67b482c623947fe8275360a1ed682d1396ff0d545078893bc62858c4252358e9"", ""up_0"": ""67b482c623947fe8275360a1ed682d1396ff0d545078893bc62858c4252358e9"", ""up_1"": ""7a6c7d6340223fede236d903a965e6b81bb09b87a26c441591283a7dada29f82"", ""up_2"": ""bf58f9401bfef99cabc5657607dfea0d27ec4e91bdba83a5d40b18d82d57bdd8"", ""x1"": ""1420e51173fc6b06a6e60e4921f3a5ad806e9388c2574d7956dbe1cb95f920fd"", ""x2"": ""bf58f9401bfef99cabc5657607dfea0d27ec4e91bdba83a5d40b18d82d57bdd8"", ""x3"": ""7a6c7d6340223fede236d903a965e6b81bb09b87a26c441591283a7dada29f82"", ""x4"": ""67b482c623947fe8275360a1ed682d1396ff0d545078893bc62858c4252358e9""}",0340047558809127cfbef95fc332f3ae1ce4145167192ddcfc30e1e5778e94dd,aefdce03def94ffed42159e55677ec20e91200e1981f25b1f271b6fd99c3c263,1d9e624e4e74b8f54227ab09a6c0cc0070a6532057d970e7bc35424284968ca7,/4T/CXY/MV-Painter-r1color/1009/engineering/color_cast_repair_v2/runs/phase_b/predictions/8bd93fcae54940bd903a94a9094da4ee/no_adapter.png,81eed24229cbf24838e929b658d4329b33a3dec7138d5d91628df142dddd297f
8bd93fcae54940bd903a94a9094da4ee,no_adapter,adapter_reference,0.0,0.0,0.0,0.0,2,12,False,-11.54150390625,-17.87797737121582,0.0,0.0,16.09919548034668,0.2018035352230072,"{""mid"": ""67b482c623947fe8275360a1ed682d1396ff0d545078893bc62858c4252358e9"", ""up_0"": ""67b482c623947fe8275360a1ed682d1396ff0d545078893bc62858c4252358e9"", ""up_1"": ""7a6c7d6340223fede236d903a965e6b81bb09b87a26c441591283a7dada29f82"", ""up_2"": ""bf58f9401bfef99cabc5657607dfea0d27ec4e91bdba83a5d40b18d82d57bdd8"", ""x1"": ""1420e51173fc6b06a6e60e4921f3a5ad806e9388c2574d7956dbe1cb95f920fd"", ""x2"": ""bf58f9401bfef99cabc5657607dfea0d27ec4e91bdba83a5d40b18d82d57bdd8"", ""x3"": ""7a6c7d6340223fede236d903a965e6b81bb09b87a26c441591283a7dada29f82"", ""x4"": ""67b482c623947fe8275360a1ed682d1396ff0d545078893bc62858c4252358e9""}",0340047558809127cfbef95fc332f3ae1ce4145167192ddcfc30e1e5778e94dd,aefdce03def94ffed42159e55677ec20e91200e1981f25b1f271b6fd99c3c263,1d9e624e4e74b8f54227ab09a6c0cc0070a6532057d970e7bc35424284968ca7,/4T/CXY/MV-Painter-r1color/1009/engineering/color_cast_repair_v2/runs/phase_b/predictions/8bd93fcae54940bd903a94a9094da4ee/no_adapter.png,81eed24229cbf24838e929b658d4329b33a3dec7138d5d91628df142dddd297f
8bd93fcae54940bd903a94a9094da4ee,no_adapter,adapter_reference,0.0,0.0,0.0,0.0,3,16,False,-12.689920425415039,-18.8679141998291,0.0,0.0,5.718025207519531,0.22855746746063232,"{""mid"": ""67b482c623947fe8275360a1ed682d1396ff0d545078893bc62858c4252358e9"", ""up_0"": ""67b482c623947fe8275360a1ed682d1396ff0d545078893bc62858c4252358e9"", ""up_1"": ""7a6c7d6340223fede236d903a965e6b81bb09b87a26c441591283a7dada29f82"", ""up_2"": ""bf58f9401bfef99cabc5657607dfea0d27ec4e91bdba83a5d40b18d82d57bdd8"", ""x1"": ""1420e51173fc6b06a6e60e4921f3a5ad806e9388c2574d7956dbe1cb95f920fd"", ""x2"": ""bf58f9401bfef99cabc5657607dfea0d27ec4e91bdba83a5d40b18d82d57bdd8"", ""x3"": ""7a6c7d6340223fede236d903a965e6b81bb09b87a26c441591283a7dada29f82"", ""x4"": ""67b482c623947fe8275360a1ed682d1396ff0d545078893bc62858c4252358e9""}",0340047558809127cfbef95fc332f3ae1ce4145167192ddcfc30e1e5778e94dd,aefdce03def94ffed42159e55677ec20e91200e1981f25b1f271b6fd99c3c263,1d9e624e4e74b8f54227ab09a6c0cc0070a6532057d970e7bc35424284968ca7,/4T/CXY/MV-Painter-r1color/1009/engineering/color_cast_repair_v2/runs/phase_b/predictions/8bd93fcae54940bd903a94a9094da4ee/no_adapter.png,81eed24229cbf24838e929b658d4329b33a3dec7138d5d91628df142dddd297f
8bd93fcae54940bd903a94a9094da4ee,no_adapter,adapter_reference,0.0,0.0,0.0,0.0,4,13,False,-9.258129119873047,-15.860088348388672,0.0,0.0,16.319822311401367,0.20330119132995605,"{""mid"": ""67b482c623947fe8275360a1ed682d1396ff0d545078893bc62858c4252358e9"", ""up_0"": ""67b482c623947fe8275360a1ed682d1396ff0d545078893bc62858c4252358e9"", ""up_1"": ""7a6c7d6340223fede236d903a965e6b81bb09b87a26c441591283a7dada29f82"", ""up_2"": ""bf58f9401bfef99cabc5657607dfea0d27ec4e91bdba83a5d40b18d82d57bdd8"", ""x1"": ""1420e51173fc6b06a6e60e4921f3a5ad806e9388c2574d7956dbe1cb95f920fd"", ""x2"": ""bf58f9401bfef99cabc5657607dfea0d27ec4e91bdba83a5d40b18d82d57bdd8"", ""x3"": ""7a6c7d6340223fede236d903a965e6b81bb09b87a26c441591283a7dada29f82"", ""x4"": ""67b482c623947fe8275360a1ed682d1396ff0d545078893bc62858c4252358e9""}",0340047558809127cfbef95fc332f3ae1ce4145167192ddcfc30e1e5778e94dd,aefdce03def94ffed42159e55677ec20e91200e1981f25b1f271b6fd99c3c263,1d9e624e4e74b8f54227ab09a6c0cc0070a6532057d970e7bc35424284968ca7,/4T/CXY/MV-Painter-r1color/1009/engineering/color_cast_repair_v2/runs/phase_b/predictions/8bd93fcae54940bd903a94a9094da4ee/no_adapter.png,81eed24229cbf24838e929b658d4329b33a3dec7138d5d91628df142dddd297f
8bd93fcae54940bd903a94a9094da4ee,no_adapter,adapter_reference,0.0,0.0,0.0,0.0,5,14,False,-10.0984525680542,-13.176095008850098,0.0,0.0,19.06850242614746,0.17380809783935547,"{""mid"": ""67b482c623947fe8275360a1ed682d1396ff0d545078893bc62858c4252358e9"", ""up_0"": ""67b482c623947fe8275360a1ed682d1396ff0d545078893bc62858c4252358e9"", ""up_1"": ""7a6c7d6340223fede236d903a965e6b81bb09b87a26c441591283a7dada29f82"", ""up_2"": ""bf58f9401bfef99cabc5657607dfea0d27ec4e91bdba83a5d40b18d82d57bdd8"", ""x1"": ""1420e51173fc6b06a6e60e4921f3a5ad806e9388c2574d7956dbe1cb95f920fd"", ""x2"": ""bf58f9401bfef99cabc5657607dfea0d27ec4e91bdba83a5d40b18d82d57bdd8"", ""x3"": ""7a6c7d6340223fede236d903a965e6b81bb09b87a26c441591283a7dada29f82"", ""x4"": ""67b482c623947fe8275360a1ed682d1396ff0d545078893bc62858c4252358e9""}",0340047558809127cfbef95fc332f3ae1ce4145167192ddcfc30e1e5778e94dd,aefdce03def94ffed42159e55677ec20e91200e1981f25b1f271b6fd99c3c263,1d9e624e4e74b8f54227ab09a6c0cc0070a6532057d970e7bc35424284968ca7,/4T/CXY/MV-Painter-r1color/1009/engineering/color_cast_repair_v2/runs/phase_b/predictions/8bd93fcae54940bd903a94a9094da4ee/no_adapter.png,81eed24229cbf24838e929b658d4329b33a3dec7138d5d91628df142dddd297f
8bd93fcae54940bd903a94a9094da4ee,vae_and_embedding_dam6_dbp0,vae_and_embedding,-6.0,0.0,-5.950354099273682,0.0014431591844186187,0,0,True,-2.457350254058838,0.9199157953262329,0.41301293649701365,2.457573292018261,-0.413848876953125,0.9495899081230164,"{""mid"": ""67b482c623947fe8275360a1ed682d1396ff0d545078893bc62858c4252358e9"", ""up_0"": ""67b482c623947fe8275360a1ed682d1396ff0d545078893bc62858c4252358e9"", ""up_1"": ""7a6c7d6340223fede236d903a965e6b81bb09b87a26c441591283a7dada29f82"", ""up_2"": ""bf58f9401bfef99cabc5657607dfea0d27ec4e91bdba83a5d40b18d82d57bdd8"", ""x1"": ""1420e51173fc6b06a6e60e4921f3a5ad806e9388c2574d7956dbe1cb95f920fd"", ""x2"": ""bf58f9401bfef99cabc5657607dfea0d27ec4e91bdba83a5d40b18d82d57bdd8"", ""x3"": ""7a6c7d6340223fede236d903a965e6b81bb09b87a26c441591283a7dada29f82"", ""x4"": ""67b482c623947fe8275360a1ed682d1396ff0d545078893bc62858c4252358e9""}",0340047558809127cfbef95fc332f3ae1ce4145167192ddcfc30e1e5778e94dd,aefdce03def94ffed42159e55677ec20e91200e1981f25b1f271b6fd99c3c263,347726881408808aeb9b1ec9e28ebd54b16a982a6b50001ad53d3c03a177d579,/4T/CXY/MV-Painter-r1color/1009/engineering/color_cast_repair_v2/runs/phase_b/predictions/8bd93fcae54940bd903a94a9094da4ee/vae_and_embedding_dam6_dbp0.png,537b46fe5890c354f1dff0ee2c99f6c504b797469996ad22a597e5256ef8cf6b
8bd93fcae54940bd903a94a9094da4ee,vae_and_embedding_dam6_dbp0,vae_and_embedding,-6.0,0.0,-5.950354099273682,0.0014431591844186187,1,15,False,-3.212935209274292,1.0591492652893066,0.5400001152293273,3.2131919937669413,-0.9736423492431641,0.9219454526901245,"{""mid"": ""67b482c623947fe8275360a1ed682d1396ff0d545078893bc62858c4252358e9"", ""up_0"": ""67b482c623947fe8275360a1ed682d1396ff0d545078893bc62858c4252358e9"", ""up_1"": ""7a6c7d6340223fede236d903a965e6b81bb09b87a26c441591283a7dada29f82"", ""up_2"": ""bf58f9401bfef99cabc5657607dfea0d27ec4e91bdba83a5d40b18d82d57bdd8"", ""x1"": ""1420e51173fc6b06a6e60e4921f3a5ad806e9388c2574d7956dbe1cb95f920fd"", ""x2"": ""bf58f9401bfef99cabc5657607dfea0d27ec4e91bdba83a5d40b18d82d57bdd8"", ""x3"": ""7a6c7d6340223fede236d903a965e6b81bb09b87a26c441591283a7dada29f82"", ""x4"": ""67b482c623947fe8275360a1ed682d1396ff0d545078893bc62858c4252358e9""}",0340047558809127cfbef95fc332f3ae1ce4145167192ddcfc30e1e5778e94dd,aefdce03def94ffed42159e55677ec20e91200e1981f25b1f271b6fd99c3c263,347726881408808aeb9b1ec9e28ebd54b16a982a6b50001ad53d3c03a177d579,/4T/CXY/MV-Painter-r1color/1009/engineering/color_cast_repair_v2/runs/phase_b/predictions/8bd93fcae54940bd903a94a9094da4ee/vae_and_embedding_dam6_dbp0.png,537b46fe5890c354f1dff0ee2c99f6c504b797469996ad22a597e5256ef8cf6b
8bd93fcae54940bd903a94a9094da4ee,vae_and_embedding_dam6_dbp0,vae_and_embedding,-6.0,0.0,-5.950354099273682,0.0014431591844186187,2,12,False,-2.826571226119995,1.0583956241607666,0.4750688293319592,2.8268278391929895,-0.4768028259277344,0.9700289964675903,"{""mid"": ""67b482c623947fe8275360a1ed682d1396ff0d545078893bc62858c4252358e9"", ""up_0"": ""67b482c623947fe8275360a1ed682d1396ff0d545078893bc62858c4252358e9"", ""up_1"": ""7a6c7d6340223fede236d903a965e6b81bb09b87a26c441591283a7dada29f82"", ""up_2"": ""bf58f9401bfef99cabc5657607dfea0d27ec4e91bdba83a5d40b18d82d57bdd8"", ""x1"": ""1420e51173fc6b06a6e60e4921f3a5ad806e9388c2574d7956dbe1cb95f920fd"", ""x2"": ""bf58f9401bfef99cabc5657607dfea0d27ec4e91bdba83a5d40b18d82d57bdd8"", ""x3"": ""7a6c7d6340223fede236d903a965e6b81bb09b87a26c441591283a7dada29f82"", ""x4"": ""67b482c623947fe8275360a1ed682d1396ff0d545078893bc62858c4252358e9""}",0340047558809127cfbef95fc332f3ae1ce4145167192ddcfc30e1e5778e94dd,aefdce03def94ffed42159e55677ec20e91200e1981f25b1f271b6fd99c3c263,347726881408808aeb9b1ec9e28ebd54b16a982a6b50001ad53d3c03a177d579,/4T/CXY/MV-Painter-r1color/1009/engineering/color_cast_repair_v2/runs/phase_b/predictions/8bd93fcae54940bd903a94a9094da4ee/vae_and_embedding_dam6_dbp0.png,537b46fe5890c354f1dff0ee2c99f6c504b797469996ad22a597e5256ef8cf6b
8bd93fcae54940bd903a94a9094da4ee,vae_and_embedding_dam6_dbp0,vae_and_embedding,-6.0,0.0,-5.950354099273682,0.0014431591844186187,3,16,False,-3.035653829574585,1.339184284210205,0.510218114277144,3.035978537104483,-0.8709182739257812,0.9313163161277771,"{""mid"": ""67b482c623947fe8275360a1ed682d1396ff0d545078893bc62858c4252358e9"", ""up_0"": ""67b482c623947fe8275360a1ed682d1396ff0d545078893bc62858c4252358e9"", ""up_1"": ""7a6c7d6340223fede236d903a965e6b81bb09b87a26c441591283a7dada29f82"", ""up_2"": ""bf58f9401bfef99cabc5657607dfea0d27ec4e91bdba83a5d40b18d82d57bdd8"", ""x1"": ""1420e51173fc6b06a6e60e4921f3a5ad806e9388c2574d7956dbe1cb95f920fd"", ""x2"": ""bf58f9401bfef99cabc5657607dfea0d27ec4e91bdba83a5d40b18d82d57bdd8"", ""x3"": ""7a6c7d6340223fede236d903a965e6b81bb09b87a26c441591283a7dada29f82"", ""x4"": ""67b482c623947fe8275360a1ed682d1396ff0d545078893bc62858c4252358e9""}",0340047558809127cfbef95fc332f3ae1ce4145167192ddcfc30e1e5778e94dd,aefdce03def94ffed42159e55677ec20e91200e1981f25b1f271b6fd99c3c263,347726881408808aeb9b1ec9e28ebd54b16a982a6b50001ad53d3c03a177d579,/4T/CXY/MV-Painter-r1color/1009/engineering/color_cast_repair_v2/runs/phase_b/predictions/8bd93fcae54940bd903a94a9094da4ee/vae_and_embedding_dam6_dbp0.png,537b46fe5890c354f1dff0ee2c99f6c504b797469996ad22a597e5256ef8cf6b
8bd93fcae54940bd903a94a9094da4ee,vae_and_embedding_dam6_dbp0,vae_and_embedding,-6.0,0.0,-5.950354099273682,0.0014431591844186187,4,13,False,-2.764511823654175,1.0550748109817505,0.46463916360320234,2.764767633144561,-0.5756301879882812,0.9434001445770264,"{""mid"": ""67b482c623947fe8275360a1ed682d1396ff0d545078893bc62858c4252358e9"", ""up_0"": ""67b482c623947fe8275360a1ed682d1396ff0d545078893bc62858c4252358e9"", ""up_1"": ""7a6c7d6340223fede236d903a965e6b81bb09b87a26c441591283a7dada29f82"", ""up_2"": ""bf58f9401bfef99cabc5657607dfea0d27ec4e91bdba83a5d40b18d82d57bdd8"", ""x1"": ""1420e51173fc6b06a6e60e4921f3a5ad806e9388c2574d7956dbe1cb95f920fd"", ""x2"": ""bf58f9401bfef99cabc5657607dfea0d27ec4e91bdba83a5d40b18d82d57bdd8"", ""x3"": ""7a6c7d6340223fede236d903a965e6b81bb09b87a26c441591283a7dada29f82"", ""x4"": ""67b482c623947fe8275360a1ed682d1396ff0d545078893bc62858c4252358e9""}",0340047558809127cfbef95fc332f3ae1ce4145167192ddcfc30e1e5778e94dd,aefdce03def94ffed42159e55677ec20e91200e1981f25b1f271b6fd99c3c263,347726881408808aeb9b1ec9e28ebd54b16a982a6b50001ad53d3c03a177d579,/4T/CXY/MV-Painter-r1color/1009/engineering/color_cast_repair_v2/runs/phase_b/predictions/8bd93fcae54940bd903a94a9094da4ee/vae_and_embedding_dam6_dbp0.png,537b46fe5890c354f1dff0ee2c99f6c504b797469996ad22a597e5256ef8cf6b
8bd93fcae54940bd903a94a9094da4ee,vae_and_embedding_dam6_dbp0,vae_and_embedding,-6.0,0.0,-5.950354099273682,0.0014431591844186187,5,14,False,-2.6666579246520996,0.854590654373169,0.44818593818172003,2.666865112932139,-0.10903549194335938,0.9474170804023743,"{""mid"": ""67b482c623947fe8275360a1ed682d1396ff0d545078893bc62858c4252358e9"", ""up_0"": ""67b482c623947fe8275360a1ed682d1396ff0d545078893bc62858c4252358e9"", ""up_1"": ""7a6c7d6340223fede236d903a965e6b81bb09b87a26c441591283a7dada29f82"", ""up_2"": ""bf58f9401bfef99cabc5657607dfea0d27ec4e91bdba83a5d40b18d82d57bdd8"", ""x1"": ""1420e51173fc6b06a6e60e4921f3a5ad806e9388c2574d7956dbe1cb95f920fd"", ""x2"": ""bf58f9401bfef99cabc5657607dfea0d27ec4e91bdba83a5d40b18d82d57bdd8"", ""x3"": ""7a6c7d6340223fede236d903a965e6b81bb09b87a26c441591283a7dada29f82"", ""x4"": ""67b482c623947fe8275360a1ed682d1396ff0d545078893bc62858c4252358e9""}",0340047558809127cfbef95fc332f3ae1ce4145167192ddcfc30e1e5778e94dd,aefdce03def94ffed42159e55677ec20e91200e1981f25b1f271b6fd99c3c263,347726881408808aeb9b1ec9e28ebd54b16a982a6b50001ad53d3c03a177d579,/4T/CXY/MV-Painter-r1color/1009/engineering/color_cast_repair_v2/runs/phase_b/predictions/8bd93fcae54940bd903a94a9094da4ee/vae_and_embedding_dam6_dbp0.png,537b46fe5890c354f1dff0ee2c99f6c504b797469996ad22a597e5256ef8cf6b
8bd93fcae54940bd903a94a9094da4ee,vae_and_embedding_dap0_dbm6,vae_and_embedding,0.0,-6.0,0.0008301081252284348,-5.954204082489014,0,0,True,0.27463728189468384,-1.48343825340271,0.2491477437959825,1.4834765276698887,0.23847389221191406,0.9495463967323303,"{""mid"": ""67b482c623947fe8275360a1ed682d1396ff0d545078893bc62858c4252358e9"", ""up_0"": ""67b482c623947fe8275360a1ed682d1396ff0d545078893bc62858c4252358e9"", ""up_1"": ""7a6c7d6340223fede236d903a965e6b81bb09b87a26c441591283a7dada29f82"", ""up_2"": ""bf58f9401bfef99cabc5657607dfea0d27ec4e91bdba83a5d40b18d82d57bdd8"", ""x1"": ""1420e51173fc6b06a6e60e4921f3a5ad806e9388c2574d7956dbe1cb95f920fd"", ""x2"": ""bf58f9401bfef99cabc5657607dfea0d27ec4e91bdba83a5d40b18d82d57bdd8"", ""x3"": ""7a6c7d6340223fede236d903a965e6b81bb09b87a26c441591283a7dada29f82"", ""x4"": ""67b482c623947fe8275360a1ed682d1396ff0d545078893bc62858c4252358e9""}",0340047558809127cfbef95fc332f3ae1ce4145167192ddcfc30e1e5778e94dd,aefdce03def94ffed42159e55677ec20e91200e1981f25b1f271b6fd99c3c263,adcfc15313fa7dcd38aab43e17cc4bcba530e5676797b9120c72812e70f57d2b,/4T/CXY/MV-Painter-r1color/1009/engineering/color_cast_repair_v2/runs/phase_b/predictions/8bd93fcae54940bd903a94a9094da4ee/vae_and_embedding_dap0_dbm6.png,57461b5d74e6b6184505035cce6d6cd141f054d2907ea176e77a41640584a211
8bd93fcae54940bd903a94a9094da4ee,vae_and_embedding_dap0_dbm6,vae_and_embedding,0.0,-6.0,0.0008301081252284348,-5.954204082489014,1,15,False,0.3516462743282318,-1.3925546407699585,0.23388577538456692,1.3926036521646865,0.14477157592773438,0.9699696898460388,"{""mid"": ""67b482c623947fe8275360a1ed682d1396ff0d545078893bc62858c4252358e9"", ""up_0"": ""67b482c623947fe8275360a1ed682d1396ff0d545078893bc62858c4252358e9"", ""up_1"": ""7a6c7d6340223fede236d903a965e6b81bb09b87a26c441591283a7dada29f82"", ""up_2"": ""bf58f9401bfef99cabc5657607dfea0d27ec4e91bdba83a5d40b18d82d57bdd8"", ""x1"": ""1420e51173fc6b06a6e60e4921f3a5ad806e9388c2574d7956dbe1cb95f920fd"", ""x2"": ""bf58f9401bfef99cabc5657607dfea0d27ec4e91bdba83a5d40b18d82d57bdd8"", ""x3"": ""7a6c7d6340223fede236d903a965e6b81bb09b87a26c441591283a7dada29f82"", ""x4"": ""67b482c623947fe8275360a1ed682d1396ff0d545078893bc62858c4252358e9""}",0340047558809127cfbef95fc332f3ae1ce4145167192ddcfc30e1e5778e94dd,aefdce03def94ffed42159e55677ec20e91200e1981f25b1f271b6fd99c3c263,adcfc15313fa7dcd38aab43e17cc4bcba530e5676797b9120c72812e70f57d2b,/4T/CXY/MV-Painter-r1color/1009/engineering/color_cast_repair_v2/runs/phase_b/predictions/8bd93fcae54940bd903a94a9094da4ee/vae_and_embedding_dap0_dbm6.png,57461b5d74e6b6184505035cce6d6cd141f054d2907ea176e77a41640584a211
8bd93fcae54940bd903a94a9094da4ee,vae_and_embedding_dap0_dbm6,vae_and_embedding,0.0,-6.0,0.0008301081252284348,-5.954204082489014,2,12,False,0.27538976073265076,-1.4853044748306274,0.24946119060985936,1.485342853986855,0.09110450744628906,0.978910505771637,"{""mid"": ""67b482c623947fe8275360a1ed682d1396ff0d545078893bc62858c4252358e9"", ""up_0"": ""67b482c623947fe8275360a1ed682d1396ff0d545078893bc62858c4252358e9"", ""up_1"": ""7a6c7d6340223fede236d903a965e6b81bb09b87a26c441591283a7dada29f82"", ""up_2"": ""bf58f9401bfef99cabc5657607dfea0d27ec4e91bdba83a5d40b18d82d57bdd8"", ""x1"": ""1420e51173fc6b06a6e60e4921f3a5ad806e9388c2574d7956dbe1cb95f920fd"", ""x2"": ""bf58f9401bfef99cabc5657607dfea0d27ec4e91bdba83a5d40b18d82d57bdd8"", ""x3"": ""7a6c7d6340223fede236d903a965e6b81bb09b87a26c441591283a7dada29f82"", ""x4"": ""67b482c623947fe8275360a1ed682d1396ff0d545078893bc62858c4252358e9""}",0340047558809127cfbef95fc332f3ae1ce4145167192ddcfc30e1e5778e94dd,aefdce03def94ffed42159e55677ec20e91200e1981f25b1f271b6fd99c3c263,adcfc15313fa7dcd38aab43e17cc4bcba530e5676797b9120c72812e70f57d2b,/4T/CXY/MV-Painter-r1color/1009/engineering/color_cast_repair_v2/runs/phase_b/predictions/8bd93fcae54940bd903a94a9094da4ee/vae_and_embedding_dap0_dbm6.png,57461b5d74e6b6184505035cce6d6cd141f054d2907ea176e77a41640584a211
8bd93fcae54940bd903a94a9094da4ee,vae_and_embedding_dap0_dbm6,vae_and_embedding,0.0,-6.0,0.0008301081252284348,-5.954204082489014,3,16,False,0.17723098397254944,-1.541600227355957,0.2589136826306658,1.5416249211138036,0.11580276489257812,0.9705158472061157,"{""mid"": ""67b482c623947fe8275360a1ed682d1396ff0d545078893bc62858c4252358e9"", ""up_0"": ""67b482c623947fe8275360a1ed682d1396ff0d545078893bc62858c4252358e9"", ""up_1"": ""7a6c7d6340223fede236d903a965e6b81bb09b87a26c441591283a7dada29f82"", ""up_2"": ""bf58f9401bfef99cabc5657607dfea0d27ec4e91bdba83a5d40b18d82d57bdd8"", ""x1"": ""1420e51173fc6b06a6e60e4921f3a5ad806e9388c2574d7956dbe1cb95f920fd"", ""x2"": ""bf58f9401bfef99cabc5657607dfea0d27ec4e91bdba83a5d40b18d82d57bdd8"", ""x3"": ""7a6c7d6340223fede236d903a965e6b81bb09b87a26c441591283a7dada29f82"", ""x4"": ""67b482c623947fe8275360a1ed682d1396ff0d545078893bc62858c4252358e9""}",0340047558809127cfbef95fc332f3ae1ce4145167192ddcfc30e1e5778e94dd,aefdce03def94ffed42159e55677ec20e91200e1981f25b1f271b6fd99c3c263,adcfc15313fa7dcd38aab43e17cc4bcba530e5676797b9120c72812e70f57d2b,/4T/CXY/MV-Painter-r1color/1009/engineering/color_cast_repair_v2/runs/phase_b/predictions/8bd93fcae54940bd903a94a9094da4ee/vae_and_embedding_dap0_dbm6.png,57461b5d74e6b6184505035cce6d6cd141f054d2907ea176e77a41640584a211
8bd93fcae54940bd903a94a9094da4ee,vae_and_embedding_dap0_dbm6,vae_and_embedding,0.0,-6.0,0.0008301081252284348,-5.954204082489014,4,13,False,0.20598751306533813,-1.5790895223617554,0.2652106289332232,1.5791182248600777,0.232635498046875,0.9785535335540771,"{""mid"": ""67b482c623947fe8275360a1ed682d1396ff0d545078893bc62858c4252358e9"", ""up_0"": ""67b482c623947fe8275360a1ed682d1396ff0d545078893bc62858c4252358e9"", ""up_1"": ""7a6c7d6340223fede236d903a965e6b81bb09b87a26c441591283a7dada29f82"", ""up_2"": ""bf58f9401bfef99cabc5657607dfea0d27ec4e91bdba83a5d40b18d82d57bdd8"", ""x1"": ""1420e51173fc6b06a6e60e4921f3a5ad806e9388c2574d7956dbe1cb95f920fd"", ""x2"": ""bf58f9401bfef99cabc5657607dfea0d27ec4e91bdba83a5d40b18d82d57bdd8"", ""x3"": ""7a6c7d6340223fede236d903a965e6b81bb09b87a26c441591283a7dada29f82"", ""x4"": ""67b482c623947fe8275360a1ed682d1396ff0d545078893bc62858c4252358e9""}",0340047558809127cfbef95fc332f3ae1ce4145167192ddcfc30e1e5778e94dd,aefdce03def94ffed42159e55677ec20e91200e1981f25b1f271b6fd99c3c263,adcfc15313fa7dcd38aab43e17cc4bcba530e5676797b9120c72812e70f57d2b,/4T/CXY/MV-Painter-r1color/1009/engineering/color_cast_repair_v2/runs/phase_b/predictions/8bd93fcae54940bd903a94a9094da4ee/vae_and_embedding_dap0_dbm6.png,57461b5d74e6b6184505035cce6d6cd141f054d2907ea176e77a41640584a211
8bd93fcae54940bd903a94a9094da4ee,vae_and_embedding_dap0_dbm6,vae_and_embedding,0.0,-6.0,0.0008301081252284348,-5.954204082489014,5,14,False,0.03887951374053955,-1.6235854625701904,0.27267974508857196,1.6235908671970398,0.05637359619140625,0.9845648407936096,"{""mid"": ""67b482c623947fe8275360a1ed682d1396ff0d545078893bc62858c4252358e9"", ""up_0"": ""67b482c623947fe8275360a1ed682d1396ff0d545078893bc62858c4252358e9"", ""up_1"": ""7a6c7d6340223fede236d903a965e6b81bb09b87a26c441591283a7dada29f82"", ""up_2"": ""bf58f9401bfef99cabc5657607dfea0d27ec4e91bdba83a5d40b18d82d57bdd8"", ""x1"": ""1420e51173fc6b06a6e60e4921f3a5ad806e9388c2574d7956dbe1cb95f920fd"", ""x2"": ""bf58f9401bfef99cabc5657607dfea0d27ec4e91bdba83a5d40b18d82d57bdd8"", ""x3"": ""7a6c7d6340223fede236d903a965e6b81bb09b87a26c441591283a7dada29f82"", ""x4"": ""67b482c623947fe8275360a1ed682d1396ff0d545078893bc62858c4252358e9""}",0340047558809127cfbef95fc332f3ae1ce4145167192ddcfc30e1e5778e94dd,aefdce03def94ffed42159e55677ec20e91200e1981f25b1f271b6fd99c3c263,adcfc15313fa7dcd38aab43e17cc4bcba530e5676797b9120c72812e70f57d2b,/4T/CXY/MV-Painter-r1color/1009/engineering/color_cast_repair_v2/runs/phase_b/predictions/8bd93fcae54940bd903a94a9094da4ee/vae_and_embedding_dap0_dbm6.png,57461b5d74e6b6184505035cce6d6cd141f054d2907ea176e77a41640584a211
8bd93fcae54940bd903a94a9094da4ee,vae_and_embedding_dap0_dbp6,vae_and_embedding,0.0,6.0,0.004834100138396025,5.940243721008301,0,0,True,-0.6916382908821106,1.9205466508865356,0.3232161208332623,1.919983168063714,-0.16649818420410156,0.965566873550415,"{""mid"": ""67b482c623947fe8275360a1ed682d1396ff0d545078893bc62858c4252358e9"", ""up_0"": ""67b482c623947fe8275360a1ed682d1396ff0d545078893bc62858c4252358e9"", ""up_1"": ""7a6c7d6340223fede236d903a965e6b81bb09b87a26c441591283a7dada29f82"", ""up_2"": ""bf58f9401bfef99cabc5657607dfea0d27ec4e91bdba83a5d40b18d82d57bdd8"", ""x1"": ""1420e51173fc6b06a6e60e4921f3a5ad806e9388c2574d7956dbe1cb95f920fd"", ""x2"": ""bf58f9401bfef99cabc5657607dfea0d27ec4e91bdba83a5d40b18d82d57bdd8"", ""x3"": ""7a6c7d6340223fede236d903a965e6b81bb09b87a26c441591283a7dada29f82"", ""x4"": ""67b482c623947fe8275360a1ed682d1396ff0d545078893bc62858c4252358e9""}",0340047558809127cfbef95fc332f3ae1ce4145167192ddcfc30e1e5778e94dd,aefdce03def94ffed42159e55677ec20e91200e1981f25b1f271b6fd99c3c263,abf488c050a9098e5817813ccdde429576e5b5dc7e7d2b5e7309dc8cf2bcf4a4,/4T/CXY/MV-Painter-r1color/1009/engineering/color_cast_repair_v2/runs/phase_b/predictions/8bd93fcae54940bd903a94a9094da4ee/vae_and_embedding_dap0_dbp6.png,3b8e15243389857d414d25f9c25d207681b972308fcf5bc6b707f38101897670
8bd93fcae54940bd903a94a9094da4ee,vae_and_embedding_dap0_dbp6,vae_and_embedding,0.0,6.0,0.004834100138396025,5.940243721008301,1,15,False,-1.1074628829956055,2.003814697265625,0.3371767598600288,2.0029127938438362,-0.5362739562988281,0.9448571801185608,"{""mid"": ""67b482c623947fe8275360a1ed682d1396ff0d545078893bc62858c4252358e9"", ""up_0"": ""67b482c623947fe8275360a1ed682d1396ff0d545078893bc62858c4252358e9"", ""up_1"": ""7a6c7d6340223fede236d903a965e6b81bb09b87a26c441591283a7dada29f82"", ""up_2"": ""bf58f9401bfef99cabc5657607dfea0d27ec4e91bdba83a5d40b18d82d57bdd8"", ""x1"": ""1420e51173fc6b06a6e60e4921f3a5ad806e9388c2574d7956dbe1cb95f920fd"", ""x2"": ""bf58f9401bfef99cabc5657607dfea0d27ec4e91bdba83a5d40b18d82d57bdd8"", ""x3"": ""7a6c7d6340223fede236d903a965e6b81bb09b87a26c441591283a7dada29f82"", ""x4"": ""67b482c623947fe8275360a1ed682d1396ff0d545078893bc62858c4252358e9""}",0340047558809127cfbef95fc332f3ae1ce4145167192ddcfc30e1e5778e94dd,aefdce03def94ffed42159e55677ec20e91200e1981f25b1f271b6fd99c3c263,abf488c050a9098e5817813ccdde429576e5b5dc7e7d2b5e7309dc8cf2bcf4a4,/4T/CXY/MV-Painter-r1color/1009/engineering/color_cast_repair_v2/runs/phase_b/predictions/8bd93fcae54940bd903a94a9094da4ee/vae_and_embedding_dap0_dbp6.png,3b8e15243389857d414d25f9c25d207681b972308fcf5bc6b707f38101897670
8bd93fcae54940bd903a94a9094da4ee,vae_and_embedding_dap0_dbp6,vae_and_embedding,0.0,6.0,0.004834100138396025,5.940243721008301,2,12,False,-0.8752745389938354,2.1245193481445312,0.3575283697644879,2.1238063568221435,-0.15735435485839844,0.9826111793518066,"{""mid"": ""67b482c623947fe8275360a1ed682d1396ff0d545078893bc62858c4252358e9"", ""up_0"": ""67b482c623947fe8275360a1ed682d1396ff0d545078893bc62858c4252358e9"", ""up_1"": ""7a6c7d6340223fede236d903a965e6b81bb09b87a26c441591283a7dada29f82"", ""up_2"": ""bf58f9401bfef99cabc5657607dfea0d27ec4e91bdba83a5d40b18d82d57bdd8"", ""x1"": ""1420e51173fc6b06a6e60e4921f3a5ad806e9388c2574d7956dbe1cb95f920fd"", ""x2"": ""bf58f9401bfef99cabc5657607dfea0d27ec4e91bdba83a5d40b18d82d57bdd8"", ""x3"": ""7a6c7d6340223fede236d903a965e6b81bb09b87a26c441591283a7dada29f82"", ""x4"": ""67b482c623947fe8275360a1ed682d1396ff0d545078893bc62858c4252358e9""}",0340047558809127cfbef95fc332f3ae1ce4145167192ddcfc30e1e5778e94dd,aefdce03def94ffed42159e55677ec20e91200e1981f25b1f271b6fd99c3c263,abf488c050a9098e5817813ccdde429576e5b5dc7e7d2b5e7309dc8cf2bcf4a4,/4T/CXY/MV-Painter-r1color/1009/engineering/color_cast_repair_v2/runs/phase_b/predictions/8bd93fcae54940bd903a94a9094da4ee/vae_and_embedding_dap0_dbp6.png,3b8e15243389857d414d25f9c25d207681b972308fcf5bc6b707f38101897670
8bd93fcae54940bd903a94a9094da4ee,vae_and_embedding_dap0_dbp6,vae_and_embedding,0.0,6.0,0.004834100138396025,5.940243721008301,3,16,False,-0.7974764108657837,2.1768510341644287,0.3663487086225086,2.176201336689977,-0.41713905334472656,0.9505262970924377,"{""mid"": ""67b482c623947fe8275360a1ed682d1396ff0d545078893bc62858c4252358e9"", ""up_0"": ""67b482c623947fe8275360a1ed682d1396ff0d545078893bc62858c4252358e9"", ""up_1"": ""7a6c7d6340223fede236d903a965e6b81bb09b87a26c441591283a7dada29f82"", ""up_2"": ""bf58f9401bfef99cabc5657607dfea0d27ec4e91bdba83a5d40b18d82d57bdd8"", ""x1"": ""1420e51173fc6b06a6e60e4921f3a5ad806e9388c2574d7956dbe1cb95f920fd"", ""x2"": ""bf58f9401bfef99cabc5657607dfea0d27ec4e91bdba83a5d40b18d82d57bdd8"", ""x3"": ""7a6c7d6340223fede236d903a965e6b81bb09b87a26c441591283a7dada29f82"", ""x4"": ""67b482c623947fe8275360a1ed682d1396ff0d545078893bc62858c4252358e9""}",0340047558809127cfbef95fc332f3ae1ce4145167192ddcfc30e1e5778e94dd,aefdce03def94ffed42159e55677ec20e91200e1981f25b1f271b6fd99c3c263,abf488c050a9098e5817813ccdde429576e5b5dc7e7d2b5e7309dc8cf2bcf4a4,/4T/CXY/MV-Painter-r1color/1009/engineering/color_cast_repair_v2/runs/phase_b/predictions/8bd93fcae54940bd903a94a9094da4ee/vae_and_embedding_dap0_dbp6.png,3b8e15243389857d414d25f9c25d207681b972308fcf5bc6b707f38101897670
8bd93fcae54940bd903a94a9094da4ee,vae_and_embedding_dap0_dbp6,vae_and_embedding,0.0,6.0,0.004834100138396025,5.940243721008301,4,13,False,-0.8380855321884155,2.126782178878784,0.35791439655018664,2.126099450771333,-0.2635765075683594,0.9614456295967102,"{""mid"": ""67b482c623947fe8275360a1ed682d1396ff0d545078893bc62858c4252358e9"", ""up_0"": ""67b482c623947fe8275360a1ed682d1396ff0d545078893bc62858c4252358e9"", ""up_1"": ""7a6c7d6340223fede236d903a965e6b81bb09b87a26c441591283a7dada29f82"", ""up_2"": ""bf58f9401bfef99cabc5657607dfea0d27ec4e91bdba83a5d40b18d82d57bdd8"", ""x1"": ""1420e51173fc6b06a6e60e4921f3a5ad806e9388c2574d7956dbe1cb95f920fd"", ""x2"": ""bf58f9401bfef99cabc5657607dfea0d27ec4e91bdba83a5d40b18d82d57bdd8"", ""x3"": ""7a6c7d6340223fede236d903a965e6b81bb09b87a26c441591283a7dada29f82"", ""x4"": ""67b482c623947fe8275360a1ed682d1396ff0d545078893bc62858c4252358e9""}",0340047558809127cfbef95fc332f3ae1ce4145167192ddcfc30e1e5778e94dd,aefdce03def94ffed42159e55677ec20e91200e1981f25b1f271b6fd99c3c263,abf488c050a9098e5817813ccdde429576e5b5dc7e7d2b5e7309dc8cf2bcf4a4,/4T/CXY/MV-Painter-r1color/1009/engineering/color_cast_repair_v2/runs/phase_b/predictions/8bd93fcae54940bd903a94a9094da4ee/vae_and_embedding_dap0_dbp6.png,3b8e15243389857d414d25f9c25d207681b972308fcf5bc6b707f38101897670
8bd93fcae54940bd903a94a9094da4ee,vae_and_embedding_dap0_dbp6,vae_and_embedding,0.0,6.0,0.004834100138396025,5.940243721008301,5,14,False,-0.5305862426757812,1.9706130027770996,0.3316665116351208,1.9701805655861555,-0.1469745635986328,0.9645041227340698,"{""mid"": ""67b482c623947fe8275360a1ed682d1396ff0d545078893bc62858c4252358e9"", ""up_0"": ""67b482c623947fe8275360a1ed682d1396ff0d545078893bc62858c4252358e9"", ""up_1"": ""7a6c7d6340223fede236d903a965e6b81bb09b87a26c441591283a7dada29f82"", ""up_2"": ""bf58f9401bfef99cabc5657607dfea0d27ec4e91bdba83a5d40b18d82d57bdd8"", ""x1"": ""1420e51173fc6b06a6e60e4921f3a5ad806e9388c2574d7956dbe1cb95f920fd"", ""x2"": ""bf58f9401bfef99cabc5657607dfea0d27ec4e91bdba83a5d40b18d82d57bdd8"", ""x3"": ""7a6c7d6340223fede236d903a965e6b81bb09b87a26c441591283a7dada29f82"", ""x4"": ""67b482c623947fe8275360a1ed682d1396ff0d545078893bc62858c4252358e9""}",0340047558809127cfbef95fc332f3ae1ce4145167192ddcfc30e1e5778e94dd,aefdce03def94ffed42159e55677ec20e91200e1981f25b1f271b6fd99c3c263,abf488c050a9098e5817813ccdde429576e5b5dc7e7d2b5e7309dc8cf2bcf4a4,/4T/CXY/MV-Painter-r1color/1009/engineering/color_cast_repair_v2/runs/phase_b/predictions/8bd93fcae54940bd903a94a9094da4ee/vae_and_embedding_dap0_dbp6.png,3b8e15243389857d414d25f9c25d207681b972308fcf5bc6b707f38101897670
8bd93fcae54940bd903a94a9094da4ee,vae_and_embedding_dap6_dbp0,vae_and_embedding,6.0,0.0,5.953047275543213,0.0010423684725537896,0,0,True,2.6136865615844727,-0.4780650734901428,0.43903611916665053,2.6136028131358606,0.6912689208984375,0.9230705499649048,"{""mid"": ""67b482c623947fe8275360a1ed682d1396ff0d545078893bc62858c4252358e9"", ""up_0"": ""67b482c623947fe8275360a1ed682d1396ff0d545078893bc62858c4252358e9"", ""up_1"": ""7a6c7d6340223fede236d903a965e6b81bb09b87a26c441591283a7dada29f82"", ""up_2"": ""bf58f9401bfef99cabc5657607dfea0d27ec4e91bdba83a5d40b18d82d57bdd8"", ""x1"": ""1420e51173fc6b06a6e60e4921f3a5ad806e9388c2574d7956dbe1cb95f920fd"", ""x2"": ""bf58f9401bfef99cabc5657607dfea0d27ec4e91bdba83a5d40b18d82d57bdd8"", ""x3"": ""7a6c7d6340223fede236d903a965e6b81bb09b87a26c441591283a7dada29f82"", ""x4"": ""67b482c623947fe8275360a1ed682d1396ff0d545078893bc62858c4252358e9""}",0340047558809127cfbef95fc332f3ae1ce4145167192ddcfc30e1e5778e94dd,aefdce03def94ffed42159e55677ec20e91200e1981f25b1f271b6fd99c3c263,866ba741b459c7a61b0997c8732d7dd38db4dfddee894a04b4a44c5cb40524da,/4T/CXY/MV-Painter-r1color/1009/engineering/color_cast_repair_v2/runs/phase_b/predictions/8bd93fcae54940bd903a94a9094da4ee/vae_and_embedding_dap6_dbp0.png,1a05d7e2fe3249299f27da1460594b73462ca17f50fe0b780f58645f0152a7b2
8bd93fcae54940bd903a94a9094da4ee,vae_and_embedding_dap6_dbp0,vae_and_embedding,6.0,0.0,5.953047275543213,0.0010423684725537896,1,15,False,3.285604238510132,0.09088818728923798,0.5519223853034899,3.285620102509847,1.6773605346679688,0.9468907117843628,"{""mid"": ""67b482c623947fe8275360a1ed682d1396ff0d545078893bc62858c4252358e9"", ""up_0"": ""67b482c623947fe8275360a1ed682d1396ff0d545078893bc62858c4252358e9"", ""up_1"": ""7a6c7d6340223fede236d903a965e6b81bb09b87a26c441591283a7dada29f82"", ""up_2"": ""bf58f9401bfef99cabc5657607dfea0d27ec4e91bdba83a5d40b18d82d57bdd8"", ""x1"": ""1420e51173fc6b06a6e60e4921f3a5ad806e9388c2574d7956dbe1cb95f920fd"", ""x2"": ""bf58f9401bfef99cabc5657607dfea0d27ec4e91bdba83a5d40b18d82d57bdd8"", ""x3"": ""7a6c7d6340223fede236d903a965e6b81bb09b87a26c441591283a7dada29f82"", ""x4"": ""67b482c623947fe8275360a1ed682d1396ff0d545078893bc62858c4252358e9""}",0340047558809127cfbef95fc332f3ae1ce4145167192ddcfc30e1e5778e94dd,aefdce03def94ffed42159e55677ec20e91200e1981f25b1f271b6fd99c3c263,866ba741b459c7a61b0997c8732d7dd38db4dfddee894a04b4a44c5cb40524da,/4T/CXY/MV-Painter-r1color/1009/engineering/color_cast_repair_v2/runs/phase_b/predictions/8bd93fcae54940bd903a94a9094da4ee/vae_and_embedding_dap6_dbp0.png,1a05d7e2fe3249299f27da1460594b73462ca17f50fe0b780f58645f0152a7b2
8bd93fcae54940bd903a94a9094da4ee,vae_and_embedding_dap6_dbp0,vae_and_embedding,6.0,0.0,5.953047275543213,0.0010423684725537896,2,12,False,2.579150676727295,-0.44951266050338745,0.4332355799266385,2.5790719282870773,0.7835178375244141,0.9229665994644165,"{""mid"": ""67b482c623947fe8275360a1ed682d1396ff0d545078893bc62858c4252358e9"", ""up_0"": ""67b482c623947fe8275360a1ed682d1396ff0d545078893bc62858c4252358e9"", ""up_1"": ""7a6c7d6340223fede236d903a965e6b81bb09b87a26c441591283a7dada29f82"", ""up_2"": ""bf58f9401bfef99cabc5657607dfea0d27ec4e91bdba83a5d40b18d82d57bdd8"", ""x1"": ""1420e51173fc6b06a6e60e4921f3a5ad806e9388c2574d7956dbe1cb95f920fd"", ""x2"": ""bf58f9401bfef99cabc5657607dfea0d27ec4e91bdba83a5d40b18d82d57bdd8"", ""x3"": ""7a6c7d6340223fede236d903a965e6b81bb09b87a26c441591283a7dada29f82"", ""x4"": ""67b482c623947fe8275360a1ed682d1396ff0d545078893bc62858c4252358e9""}",0340047558809127cfbef95fc332f3ae1ce4145167192ddcfc30e1e5778e94dd,aefdce03def94ffed42159e55677ec20e91200e1981f25b1f271b6fd99c3c263,866ba741b459c7a61b0997c8732d7dd38db4dfddee894a04b4a44c5cb40524da,/4T/CXY/MV-Painter-r1color/1009/engineering/color_cast_repair_v2/runs/phase_b/predictions/8bd93fcae54940bd903a94a9094da4ee/vae_and_embedding_dap6_dbp0.png,1a05d7e2fe3249299f27da1460594b73462ca17f50fe0b780f58645f0152a7b2
8bd93fcae54940bd903a94a9094da4ee,vae_and_embedding_dap6_dbp0,vae_and_embedding,6.0,0.0,5.953047275543213,0.0010423684725537896,3,16,False,3.2012202739715576,-0.4134714603424072,0.5377326316265989,3.201147826748066,1.4691181182861328,0.9392175674438477,"{""mid"": ""67b482c623947fe8275360a1ed682d1396ff0d545078893bc62858c4252358e9"", ""up_0"": ""67b482c623947fe8275360a1ed682d1396ff0d545078893bc62858c4252358e9"", ""up_1"": ""7a6c7d6340223fede236d903a965e6b81bb09b87a26c441591283a7dada29f82"", ""up_2"": ""bf58f9401bfef99cabc5657607dfea0d27ec4e91bdba83a5d40b18d82d57bdd8"", ""x1"": ""1420e51173fc6b06a6e60e4921f3a5ad806e9388c2574d7956dbe1cb95f920fd"", ""x2"": ""bf58f9401bfef99cabc5657607dfea0d27ec4e91bdba83a5d40b18d82d57bdd8"", ""x3"": ""7a6c7d6340223fede236d903a965e6b81bb09b87a26c441591283a7dada29f82"", ""x4"": ""67b482c623947fe8275360a1ed682d1396ff0d545078893bc62858c4252358e9""}",0340047558809127cfbef95fc332f3ae1ce4145167192ddcfc30e1e5778e94dd,aefdce03def94ffed42159e55677ec20e91200e1981f25b1f271b6fd99c3c263,866ba741b459c7a61b0997c8732d7dd38db4dfddee894a04b4a44c5cb40524da,/4T/CXY/MV-Painter-r1color/1009/engineering/color_cast_repair_v2/runs/phase_b/predictions/8bd93fcae54940bd903a94a9094da4ee/vae_and_embedding_dap6_dbp0.png,1a05d7e2fe3249299f27da1460594b73462ca17f50fe0b780f58645f0152a7b2
8bd93fcae54940bd903a94a9094da4ee,vae_and_embedding_dap6_dbp0,vae_and_embedding,6.0,0.0,5.953047275543213,0.0010423684725537896,4,13,False,2.915079116821289,-0.4900835156440735,0.48966404594723206,2.9149932593436305,0.8168354034423828,0.9449692368507385,"{""mid"": ""67b482c623947fe8275360a1ed682d1396ff0d545078893bc62858c4252358e9"", ""up_0"": ""67b482c623947fe8275360a1ed682d1396ff0d545078893bc62858c4252358e9"", ""up_1"": ""7a6c7d6340223fede236d903a965e6b81bb09b87a26c441591283a7dada29f82"", ""up_2"": ""bf58f9401bfef99cabc5657607dfea0d27ec4e91bdba83a5d40b18d82d57bdd8"", ""x1"": ""1420e51173fc6b06a6e60e4921f3a5ad806e9388c2574d7956dbe1cb95f920fd"", ""x2"": ""bf58f9401bfef99cabc5657607dfea0d27ec4e91bdba83a5d40b18d82d57bdd8"", ""x3"": ""7a6c7d6340223fede236d903a965e6b81bb09b87a26c441591283a7dada29f82"", ""x4"": ""67b482c623947fe8275360a1ed682d1396ff0d545078893bc62858c4252358e9""}",0340047558809127cfbef95fc332f3ae1ce4145167192ddcfc30e1e5778e94dd,aefdce03def94ffed42159e55677ec20e91200e1981f25b1f271b6fd99c3c263,866ba741b459c7a61b0997c8732d7dd38db4dfddee894a04b4a44c5cb40524da,/4T/CXY/MV-Painter-r1color/1009/engineering/color_cast_repair_v2/runs/phase_b/predictions/8bd93fcae54940bd903a94a9094da4ee/vae_and_embedding_dap6_dbp0.png,1a05d7e2fe3249299f27da1460594b73462ca17f50fe0b780f58645f0152a7b2
8bd93fcae54940bd903a94a9094da4ee,vae_and_embedding_dap6_dbp0,vae_and_embedding,6.0,0.0,5.953047275543213,0.0010423684725537896,5,14,False,2.8151183128356934,-0.5391798615455627,0.47287106699372694,2.8150238602037105,0.2583160400390625,0.9663763046264648,"{""mid"": ""67b482c623947fe8275360a1ed682d1396ff0d545078893bc62858c4252358e9"", ""up_0"": ""67b482c623947fe8275360a1ed682d1396ff0d545078893bc62858c4252358e9"", ""up_1"": ""7a6c7d6340223fede236d903a965e6b81bb09b87a26c441591283a7dada29f82"", ""up_2"": ""bf58f9401bfef99cabc5657607dfea0d27ec4e91bdba83a5d40b18d82d57bdd8"", ""x1"": ""1420e51173fc6b06a6e60e4921f3a5ad806e9388c2574d7956dbe1cb95f920fd"", ""x2"": ""bf58f9401bfef99cabc5657607dfea0d27ec4e91bdba83a5d40b18d82d57bdd8"", ""x3"": ""7a6c7d6340223fede236d903a965e6b81bb09b87a26c441591283a7dada29f82"", ""x4"": ""67b482c623947fe8275360a1ed682d1396ff0d545078893bc62858c4252358e9""}",0340047558809127cfbef95fc332f3ae1ce4145167192ddcfc30e1e5778e94dd,aefdce03def94ffed42159e55677ec20e91200e1981f25b1f271b6fd99c3c263,866ba741b459c7a61b0997c8732d7dd38db4dfddee894a04b4a44c5cb40524da,/4T/CXY/MV-Painter-r1color/1009/engineering/color_cast_repair_v2/runs/phase_b/predictions/8bd93fcae54940bd903a94a9094da4ee/vae_and_embedding_dap6_dbp0.png,1a05d7e2fe3249299f27da1460594b73462ca17f50fe0b780f58645f0152a7b2
8bd93fcae54940bd903a94a9094da4ee,vae_only_dam6_dbp0,vae_only,-6.0,0.0,-5.950354099273682,0.0014431591844186187,0,0,True,0.06794289499521255,0.009772859513759613,-0.011417895409440408,-0.06794052275285462,0.0449066162109375,0.9924070835113525,"{""mid"": ""67b482c623947fe8275360a1ed682d1396ff0d545078893bc62858c4252358e9"", ""up_0"": ""67b482c623947fe8275360a1ed682d1396ff0d545078893bc62858c4252358e9"", ""up_1"": ""7a6c7d6340223fede236d903a965e6b81bb09b87a26c441591283a7dada29f82"", ""up_2"": ""bf58f9401bfef99cabc5657607dfea0d27ec4e91bdba83a5d40b18d82d57bdd8"", ""x1"": ""1420e51173fc6b06a6e60e4921f3a5ad806e9388c2574d7956dbe1cb95f920fd"", ""x2"": ""bf58f9401bfef99cabc5657607dfea0d27ec4e91bdba83a5d40b18d82d57bdd8"", ""x3"": ""7a6c7d6340223fede236d903a965e6b81bb09b87a26c441591283a7dada29f82"", ""x4"": ""67b482c623947fe8275360a1ed682d1396ff0d545078893bc62858c4252358e9""}",0340047558809127cfbef95fc332f3ae1ce4145167192ddcfc30e1e5778e94dd,aefdce03def94ffed42159e55677ec20e91200e1981f25b1f271b6fd99c3c263,347726881408808aeb9b1ec9e28ebd54b16a982a6b50001ad53d3c03a177d579,/4T/CXY/MV-Painter-r1color/1009/engineering/color_cast_repair_v2/runs/phase_b/predictions/8bd93fcae54940bd903a94a9094da4ee/vae_only_dam6_dbp0.png,4c0ccf4da817854f9e4e5df5bce2961272676fe5dc22bf2d05e8e78d0d823bc2
8bd93fcae54940bd903a94a9094da4ee,vae_only_dam6_dbp0,vae_only,-6.0,0.0,-5.950354099273682,0.0014431591844186187,1,15,False,0.11098933964967728,-0.014432035386562347,-0.018653147614179078,-0.11099283663482079,-0.06102752685546875,0.9873301982879639,"{""mid"": ""67b482c623947fe8275360a1ed682d1396ff0d545078893bc62858c4252358e9"", ""up_0"": ""67b482c623947fe8275360a1ed682d1396ff0d545078893bc62858c4252358e9"", ""up_1"": ""7a6c7d6340223fede236d903a965e6b81bb09b87a26c441591283a7dada29f82"", ""up_2"": ""bf58f9401bfef99cabc5657607dfea0d27ec4e91bdba83a5d40b18d82d57bdd8"", ""x1"": ""1420e51173fc6b06a6e60e4921f3a5ad806e9388c2574d7956dbe1cb95f920fd"", ""x2"": ""bf58f9401bfef99cabc5657607dfea0d27ec4e91bdba83a5d40b18d82d57bdd8"", ""x3"": ""7a6c7d6340223fede236d903a965e6b81bb09b87a26c441591283a7dada29f82"", ""x4"": ""67b482c623947fe8275360a1ed682d1396ff0d545078893bc62858c4252358e9""}",0340047558809127cfbef95fc332f3ae1ce4145167192ddcfc30e1e5778e94dd,aefdce03def94ffed42159e55677ec20e91200e1981f25b1f271b6fd99c3c263,347726881408808aeb9b1ec9e28ebd54b16a982a6b50001ad53d3c03a177d579,/4T/CXY/MV-Painter-r1color/1009/engineering/color_cast_repair_v2/runs/phase_b/predictions/8bd93fcae54940bd903a94a9094da4ee/vae_only_dam6_dbp0.png,4c0ccf4da817854f9e4e5df5bce2961272676fe5dc22bf2d05e8e78d0d823bc2
8bd93fcae54940bd903a94a9094da4ee,vae_only_dam6_dbp0,vae_only,-6.0,0.0,-5.950354099273682,0.0014431591844186187,2,12,False,0.054535843431949615,0.03447667509317398,-0.009163736741046627,-0.05452748008547062,0.03456687927246094,0.995959460735321,"{""mid"": ""67b482c623947fe8275360a1ed682d1396ff0d545078893bc62858c4252358e9"", ""up_0"": ""67b482c623947fe8275360a1ed682d1396ff0d545078893bc62858c4252358e9"", ""up_1"": ""7a6c7d6340223fede236d903a965e6b81bb09b87a26c441591283a7dada29f82"", ""up_2"": ""bf58f9401bfef99cabc5657607dfea0d27ec4e91bdba83a5d40b18d82d57bdd8"", ""x1"": ""1420e51173fc6b06a6e60e4921f3a5ad806e9388c2574d7956dbe1cb95f920fd"", ""x2"": ""bf58f9401bfef99cabc5657607dfea0d27ec4e91bdba83a5d40b18d82d57bdd8"", ""x3"": ""7a6c7d6340223fede236d903a965e6b81bb09b87a26c441591283a7dada29f82"", ""x4"": ""67b482c623947fe8275360a1ed682d1396ff0d545078893bc62858c4252358e9""}",0340047558809127cfbef95fc332f3ae1ce4145167192ddcfc30e1e5778e94dd,aefdce03def94ffed42159e55677ec20e91200e1981f25b1f271b6fd99c3c263,347726881408808aeb9b1ec9e28ebd54b16a982a6b50001ad53d3c03a177d579,/4T/CXY/MV-Painter-r1color/1009/engineering/color_cast_repair_v2/runs/phase_b/predictions/8bd93fcae54940bd903a94a9094da4ee/vae_only_dam6_dbp0.png,4c0ccf4da817854f9e4e5df5bce2961272676fe5dc22bf2d05e8e78d0d823bc2
8bd93fcae54940bd903a94a9094da4ee,vae_only_dam6_dbp0,vae_only,-6.0,0.0,-5.950354099273682,0.0014431591844186187,3,16,False,0.14176489412784576,0.050913006067276,-0.02382253817568693,-0.14175254185791578,-0.04236793518066406,0.9897034168243408,"{""mid"": ""67b482c623947fe8275360a1ed682d1396ff0d545078893bc62858c4252358e9"", ""up_0"": ""67b482c623947fe8275360a1ed682d1396ff0d545078893bc62858c4252358e9"", ""up_1"": ""7a6c7d6340223fede236d903a965e6b81bb09b87a26c441591283a7dada29f82"", ""up_2"": ""bf58f9401bfef99cabc5657607dfea0d27ec4e91bdba83a5d40b18d82d57bdd8"", ""x1"": ""1420e51173fc6b06a6e60e4921f3a5ad806e9388c2574d7956dbe1cb95f920fd"", ""x2"": ""bf58f9401bfef99cabc5657607dfea0d27ec4e91bdba83a5d40b18d82d57bdd8"", ""x3"": ""7a6c7d6340223fede236d903a965e6b81bb09b87a26c441591283a7dada29f82"", ""x4"": ""67b482c623947fe8275360a1ed682d1396ff0d545078893bc62858c4252358e9""}",0340047558809127cfbef95fc332f3ae1ce4145167192ddcfc30e1e5778e94dd,aefdce03def94ffed42159e55677ec20e91200e1981f25b1f271b6fd99c3c263,347726881408808aeb9b1ec9e28ebd54b16a982a6b50001ad53d3c03a177d579,/4T/CXY/MV-Painter-r1color/1009/engineering/color_cast_repair_v2/runs/phase_b/predictions/8bd93fcae54940bd903a94a9094da4ee/vae_only_dam6_dbp0.png,4c0ccf4da817854f9e4e5df5bce2961272676fe5dc22bf2d05e8e78d0d823bc2
8bd93fcae54940bd903a94a9094da4ee,vae_only_dam6_dbp0,vae_only,-6.0,0.0,-5.950354099273682,0.0014431591844186187,4,13,False,0.10521674156188965,0.02896813116967678,-0.017681251885291103,-0.105209712730277,0.056667327880859375,0.9974800944328308,"{""mid"": ""67b482c623947fe8275360a1ed682d1396ff0d545078893bc62858c4252358e9"", ""up_0"": ""67b482c623947fe8275360a1ed682d1396ff0d545078893bc62858c4252358e9"", ""up_1"": ""7a6c7d6340223fede236d903a965e6b81bb09b87a26c441591283a7dada29f82"", ""up_2"": ""bf58f9401bfef99cabc5657607dfea0d27ec4e91bdba83a5d40b18d82d57bdd8"", ""x1"": ""1420e51173fc6b06a6e60e4921f3a5ad806e9388c2574d7956dbe1cb95f920fd"", ""x2"": ""bf58f9401bfef99cabc5657607dfea0d27ec4e91bdba83a5d40b18d82d57bdd8"", ""x3"": ""7a6c7d6340223fede236d903a965e6b81bb09b87a26c441591283a7dada29f82"", ""x4"": ""67b482c623947fe8275360a1ed682d1396ff0d545078893bc62858c4252358e9""}",0340047558809127cfbef95fc332f3ae1ce4145167192ddcfc30e1e5778e94dd,aefdce03def94ffed42159e55677ec20e91200e1981f25b1f271b6fd99c3c263,347726881408808aeb9b1ec9e28ebd54b16a982a6b50001ad53d3c03a177d579,/4T/CXY/MV-Painter-r1color/1009/engineering/color_cast_repair_v2/runs/phase_b/predictions/8bd93fcae54940bd903a94a9094da4ee/vae_only_dam6_dbp0.png,4c0ccf4da817854f9e4e5df5bce2961272676fe5dc22bf2d05e8e78d0d823bc2
8bd93fcae54940bd903a94a9094da4ee,vae_only_dam6_dbp0,vae_only,-6.0,0.0,-5.950354099273682,0.0014431591844186187,5,14,False,0.05294307321310043,0.042465098202228546,-0.008895734609192994,-0.052932772454678985,0.03165245056152344,0.9985212087631226,"{""mid"": ""67b482c623947fe8275360a1ed682d1396ff0d545078893bc62858c4252358e9"", ""up_0"": ""67b482c623947fe8275360a1ed682d1396ff0d545078893bc62858c4252358e9"", ""up_1"": ""7a6c7d6340223fede236d903a965e6b81bb09b87a26c441591283a7dada29f82"", ""up_2"": ""bf58f9401bfef99cabc5657607dfea0d27ec4e91bdba83a5d40b18d82d57bdd8"", ""x1"": ""1420e51173fc6b06a6e60e4921f3a5ad806e9388c2574d7956dbe1cb95f920fd"", ""x2"": ""bf58f9401bfef99cabc5657607dfea0d27ec4e91bdba83a5d40b18d82d57bdd8"", ""x3"": ""7a6c7d6340223fede236d903a965e6b81bb09b87a26c441591283a7dada29f82"", ""x4"": ""67b482c623947fe8275360a1ed682d1396ff0d545078893bc62858c4252358e9""}",0340047558809127cfbef95fc332f3ae1ce4145167192ddcfc30e1e5778e94dd,aefdce03def94ffed42159e55677ec20e91200e1981f25b1f271b6fd99c3c263,347726881408808aeb9b1ec9e28ebd54b16a982a6b50001ad53d3c03a177d579,/4T/CXY/MV-Painter-r1color/1009/engineering/color_cast_repair_v2/runs/phase_b/predictions/8bd93fcae54940bd903a94a9094da4ee/vae_only_dam6_dbp0.png,4c0ccf4da817854f9e4e5df5bce2961272676fe5dc22bf2d05e8e78d0d823bc2
8bd93fcae54940bd903a94a9094da4ee,vae_only_dap0_dbm6,vae_only,0.0,-6.0,0.0008301081252284348,-5.954204082489014,0,0,True,0.02885524183511734,-0.04511360451579094,0.007577440390139418,0.04511762694425351,0.0272979736328125,0.9865381717681885,"{""mid"": ""67b482c623947fe8275360a1ed682d1396ff0d545078893bc62858c4252358e9"", ""up_0"": ""67b482c623947fe8275360a1ed682d1396ff0d545078893bc62858c4252358e9"", ""up_1"": ""7a6c7d6340223fede236d903a965e6b81bb09b87a26c441591283a7dada29f82"", ""up_2"": ""bf58f9401bfef99cabc5657607dfea0d27ec4e91bdba83a5d40b18d82d57bdd8"", ""x1"": ""1420e51173fc6b06a6e60e4921f3a5ad806e9388c2574d7956dbe1cb95f920fd"", ""x2"": ""bf58f9401bfef99cabc5657607dfea0d27ec4e91bdba83a5d40b18d82d57bdd8"", ""x3"": ""7a6c7d6340223fede236d903a965e6b81bb09b87a26c441591283a7dada29f82"", ""x4"": ""67b482c623947fe8275360a1ed682d1396ff0d545078893bc62858c4252358e9""}",0340047558809127cfbef95fc332f3ae1ce4145167192ddcfc30e1e5778e94dd,aefdce03def94ffed42159e55677ec20e91200e1981f25b1f271b6fd99c3c263,adcfc15313fa7dcd38aab43e17cc4bcba530e5676797b9120c72812e70f57d2b,/4T/CXY/MV-Painter-r1color/1009/engineering/color_cast_repair_v2/runs/phase_b/predictions/8bd93fcae54940bd903a94a9094da4ee/vae_only_dap0_dbm6.png,b1cc04255898ec1c514e497fa7e348cc771a00388fc886be5fabcd01695b7768
8bd93fcae54940bd903a94a9094da4ee,vae_only_dap0_dbm6,vae_only,0.0,-6.0,0.0008301081252284348,-5.954204082489014,1,15,False,0.004538896027952433,-0.028341513127088547,0.004760022494334766,0.028342145643946087,-0.19472694396972656,0.9911506175994873,"{""mid"": ""67b482c623947fe8275360a1ed682d1396ff0d545078893bc62858c4252358e9"", ""up_0"": ""67b482c623947fe8275360a1ed682d1396ff0d545078893bc62858c4252358e9"", ""up_1"": ""7a6c7d6340223fede236d903a965e6b81bb09b87a26c441591283a7dada29f82"", ""up_2"": ""bf58f9401bfef99cabc5657607dfea0d27ec4e91bdba83a5d40b18d82d57bdd8"", ""x1"": ""1420e51173fc6b06a6e60e4921f3a5ad806e9388c2574d7956dbe1cb95f920fd"", ""x2"": ""bf58f9401bfef99cabc5657607dfea0d27ec4e91bdba83a5d40b18d82d57bdd8"", ""x3"": ""7a6c7d6340223fede236d903a965e6b81bb09b87a26c441591283a7dada29f82"", ""x4"": ""67b482c623947fe8275360a1ed682d1396ff0d545078893bc62858c4252358e9""}",0340047558809127cfbef95fc332f3ae1ce4145167192ddcfc30e1e5778e94dd,aefdce03def94ffed42159e55677ec20e91200e1981f25b1f271b6fd99c3c263,adcfc15313fa7dcd38aab43e17cc4bcba530e5676797b9120c72812e70f57d2b,/4T/CXY/MV-Painter-r1color/1009/engineering/color_cast_repair_v2/runs/phase_b/predictions/8bd93fcae54940bd903a94a9094da4ee/vae_only_dap0_dbm6.png,b1cc04255898ec1c514e497fa7e348cc771a00388fc886be5fabcd01695b7768
8bd93fcae54940bd903a94a9094da4ee,vae_only_dap0_dbm6,vae_only,0.0,-6.0,0.0008301081252284348,-5.954204082489014,2,12,False,-0.011844934895634651,-0.013860480859875679,0.0023275704076333335,0.013858829358095768,-0.012584686279296875,0.9979342818260193,"{""mid"": ""67b482c623947fe8275360a1ed682d1396ff0d545078893bc62858c4252358e9"", ""up_0"": ""67b482c623947fe8275360a1ed682d1396ff0d545078893bc62858c4252358e9"", ""up_1"": ""7a6c7d6340223fede236d903a965e6b81bb09b87a26c441591283a7dada29f82"", ""up_2"": ""bf58f9401bfef99cabc5657607dfea0d27ec4e91bdba83a5d40b18d82d57bdd8"", ""x1"": ""1420e51173fc6b06a6e60e4921f3a5ad806e9388c2574d7956dbe1cb95f920fd"", ""x2"": ""bf58f9401bfef99cabc5657607dfea0d27ec4e91bdba83a5d40b18d82d57bdd8"", ""x3"": ""7a6c7d6340223fede236d903a965e6b81bb09b87a26c441591283a7dada29f82"", ""x4"": ""67b482c623947fe8275360a1ed682d1396ff0d545078893bc62858c4252358e9""}",0340047558809127cfbef95fc332f3ae1ce4145167192ddcfc30e1e5778e94dd,aefdce03def94ffed42159e55677ec20e91200e1981f25b1f271b6fd99c3c263,adcfc15313fa7dcd38aab43e17cc4bcba530e5676797b9120c72812e70f57d2b,/4T/CXY/MV-Painter-r1color/1009/engineering/color_cast_repair_v2/runs/phase_b/predictions/8bd93fcae54940bd903a94a9094da4ee/vae_only_dap0_dbm6.png,b1cc04255898ec1c514e497fa7e348cc771a00388fc886be5fabcd01695b7768
8bd93fcae54940bd903a94a9094da4ee,vae_only_dap0_dbm6,vae_only,0.0,-6.0,0.0008301081252284348,-5.954204082489014,3,16,False,0.0588437095284462,0.034257806837558746,-0.0057521714026424016,-0.034249602781639084,-0.13557052612304688,0.9892277121543884,"{""mid"": ""67b482c623947fe8275360a1ed682d1396ff0d545078893bc62858c4252358e9"", ""up_0"": ""67b482c623947fe8275360a1ed682d1396ff0d545078893bc62858c4252358e9"", ""up_1"": ""7a6c7d6340223fede236d903a965e6b81bb09b87a26c441591283a7dada29f82"", ""up_2"": ""bf58f9401bfef99cabc5657607dfea0d27ec4e91bdba83a5d40b18d82d57bdd8"", ""x1"": ""1420e51173fc6b06a6e60e4921f3a5ad806e9388c2574d7956dbe1cb95f920fd"", ""x2"": ""bf58f9401bfef99cabc5657607dfea0d27ec4e91bdba83a5d40b18d82d57bdd8"", ""x3"": ""7a6c7d6340223fede236d903a965e6b81bb09b87a26c441591283a7dada29f82"", ""x4"": ""67b482c623947fe8275360a1ed682d1396ff0d545078893bc62858c4252358e9""}",0340047558809127cfbef95fc332f3ae1ce4145167192ddcfc30e1e5778e94dd,aefdce03def94ffed42159e55677ec20e91200e1981f25b1f271b6fd99c3c263,adcfc15313fa7dcd38aab43e17cc4bcba530e5676797b9120c72812e70f57d2b,/4T/CXY/MV-Painter-r1color/1009/engineering/color_cast_repair_v2/runs/phase_b/predictions/8bd93fcae54940bd903a94a9094da4ee/vae_only_dap0_dbm6.png,b1cc04255898ec1c514e497fa7e348cc771a00388fc886be5fabcd01695b7768
8bd93fcae54940bd903a94a9094da4ee,vae_only_dap0_dbm6,vae_only,0.0,-6.0,0.0008301081252284348,-5.954204082489014,4,13,False,0.019264688715338707,-0.02883228473365307,0.0048427916761396165,0.02883497024894224,0.020998001098632812,0.9974116683006287,"{""mid"": ""67b482c623947fe8275360a1ed682d1396ff0d545078893bc62858c4252358e9"", ""up_0"": ""67b482c623947fe8275360a1ed682d1396ff0d545078893bc62858c4252358e9"", ""up_1"": ""7a6c7d6340223fede236d903a965e6b81bb09b87a26c441591283a7dada29f82"", ""up_2"": ""bf58f9401bfef99cabc5657607dfea0d27ec4e91bdba83a5d40b18d82d57bdd8"", ""x1"": ""1420e51173fc6b06a6e60e4921f3a5ad806e9388c2574d7956dbe1cb95f920fd"", ""x2"": ""bf58f9401bfef99cabc5657607dfea0d27ec4e91bdba83a5d40b18d82d57bdd8"", ""x3"": ""7a6c7d6340223fede236d903a965e6b81bb09b87a26c441591283a7dada29f82"", ""x4"": ""67b482c623947fe8275360a1ed682d1396ff0d545078893bc62858c4252358e9""}",0340047558809127cfbef95fc332f3ae1ce4145167192ddcfc30e1e5778e94dd,aefdce03def94ffed42159e55677ec20e91200e1981f25b1f271b6fd99c3c263,adcfc15313fa7dcd38aab43e17cc4bcba530e5676797b9120c72812e70f57d2b,/4T/CXY/MV-Painter-r1color/1009/engineering/color_cast_repair_v2/runs/phase_b/predictions/8bd93fcae54940bd903a94a9094da4ee/vae_only_dap0_dbm6.png,b1cc04255898ec1c514e497fa7e348cc771a00388fc886be5fabcd01695b7768
8bd93fcae54940bd903a94a9094da4ee,vae_only_dap0_dbm6,vae_only,0.0,-6.0,0.0008301081252284348,-5.954204082489014,5,14,False,-0.012429981492459774,-0.06571076810359955,0.011035737603963447,0.06570903453337915,0.03205680847167969,0.9968271851539612,"{""mid"": ""67b482c623947fe8275360a1ed682d1396ff0d545078893bc62858c4252358e9"", ""up_0"": ""67b482c623947fe8275360a1ed682d1396ff0d545078893bc62858c4252358e9"", ""up_1"": ""7a6c7d6340223fede236d903a965e6b81bb09b87a26c441591283a7dada29f82"", ""up_2"": ""bf58f9401bfef99cabc5657607dfea0d27ec4e91bdba83a5d40b18d82d57bdd8"", ""x1"": ""1420e51173fc6b06a6e60e4921f3a5ad806e9388c2574d7956dbe1cb95f920fd"", ""x2"": ""bf58f9401bfef99cabc5657607dfea0d27ec4e91bdba83a5d40b18d82d57bdd8"", ""x3"": ""7a6c7d6340223fede236d903a965e6b81bb09b87a26c441591283a7dada29f82"", ""x4"": ""67b482c623947fe8275360a1ed682d1396ff0d545078893bc62858c4252358e9""}",0340047558809127cfbef95fc332f3ae1ce4145167192ddcfc30e1e5778e94dd,aefdce03def94ffed42159e55677ec20e91200e1981f25b1f271b6fd99c3c263,adcfc15313fa7dcd38aab43e17cc4bcba530e5676797b9120c72812e70f57d2b,/4T/CXY/MV-Painter-r1color/1009/engineering/color_cast_repair_v2/runs/phase_b/predictions/8bd93fcae54940bd903a94a9094da4ee/vae_only_dap0_dbm6.png,b1cc04255898ec1c514e497fa7e348cc771a00388fc886be5fabcd01695b7768
8bd93fcae54940bd903a94a9094da4ee,vae_only_dap0_dbp6,vae_only,0.0,6.0,0.004834100138396025,5.940243721008301,0,0,True,0.00865675788372755,0.15033948421478271,0.025309808229454098,0.1503464791984827,0.0127410888671875,0.9933576583862305,"{""mid"": ""67b482c623947fe8275360a1ed682d1396ff0d545078893bc62858c4252358e9"", ""up_0"": ""67b482c623947fe8275360a1ed682d1396ff0d545078893bc62858c4252358e9"", ""up_1"": ""7a6c7d6340223fede236d903a965e6b81bb09b87a26c441591283a7dada29f82"", ""up_2"": ""bf58f9401bfef99cabc5657607dfea0d27ec4e91bdba83a5d40b18d82d57bdd8"", ""x1"": ""1420e51173fc6b06a6e60e4921f3a5ad806e9388c2574d7956dbe1cb95f920fd"", ""x2"": ""bf58f9401bfef99cabc5657607dfea0d27ec4e91bdba83a5d40b18d82d57bdd8"", ""x3"": ""7a6c7d6340223fede236d903a965e6b81bb09b87a26c441591283a7dada29f82"", ""x4"": ""67b482c623947fe8275360a1ed682d1396ff0d545078893bc62858c4252358e9""}",0340047558809127cfbef95fc332f3ae1ce4145167192ddcfc30e1e5778e94dd,aefdce03def94ffed42159e55677ec20e91200e1981f25b1f271b6fd99c3c263,abf488c050a9098e5817813ccdde429576e5b5dc7e7d2b5e7309dc8cf2bcf4a4,/4T/CXY/MV-Painter-r1color/1009/engineering/color_cast_repair_v2/runs/phase_b/predictions/8bd93fcae54940bd903a94a9094da4ee/vae_only_dap0_dbp6.png,cf48850ebe862e63c6e77b2d2ea015da820b9c047fd4eb18079b3396af25465d
8bd93fcae54940bd903a94a9094da4ee,vae_only_dap0_dbp6,vae_only,0.0,6.0,0.004834100138396025,5.940243721008301,1,15,False,-0.055438797920942307,0.134541317820549,0.022641514326441427,0.13449615784686236,0.13508033752441406,0.9863435626029968,"{""mid"": ""67b482c623947fe8275360a1ed682d1396ff0d545078893bc62858c4252358e9"", ""up_0"": ""67b482c623947fe8275360a1ed682d1396ff0d545078893bc62858c4252358e9"", ""up_1"": ""7a6c7d6340223fede236d903a965e6b81bb09b87a26c441591283a7dada29f82"", ""up_2"": ""bf58f9401bfef99cabc5657607dfea0d27ec4e91bdba83a5d40b18d82d57bdd8"", ""x1"": ""1420e51173fc6b06a6e60e4921f3a5ad806e9388c2574d7956dbe1cb95f920fd"", ""x2"": ""bf58f9401bfef99cabc5657607dfea0d27ec4e91bdba83a5d40b18d82d57bdd8"", ""x3"": ""7a6c7d6340223fede236d903a965e6b81bb09b87a26c441591283a7dada29f82"", ""x4"": ""67b482c623947fe8275360a1ed682d1396ff0d545078893bc62858c4252358e9""}",0340047558809127cfbef95fc332f3ae1ce4145167192ddcfc30e1e5778e94dd,aefdce03def94ffed42159e55677ec20e91200e1981f25b1f271b6fd99c3c263,abf488c050a9098e5817813ccdde429576e5b5dc7e7d2b5e7309dc8cf2bcf4a4,/4T/CXY/MV-Painter-r1color/1009/engineering/color_cast_repair_v2/runs/phase_b/predictions/8bd93fcae54940bd903a94a9094da4ee/vae_only_dap0_dbp6.png,cf48850ebe862e63c6e77b2d2ea015da820b9c047fd4eb18079b3396af25465d
8bd93fcae54940bd903a94a9094da4ee,vae_only_dap0_dbp6,vae_only,0.0,6.0,0.004834100138396025,5.940243721008301,2,12,False,-0.021283907815814018,0.1700255125761032,0.028619714506687453,0.17000813568941872,0.022794723510742188,0.9980859756469727,"{""mid"": ""67b482c623947fe8275360a1ed682d1396ff0d545078893bc62858c4252358e9"", ""up_0"": ""67b482c623947fe8275360a1ed682d1396ff0d545078893bc62858c4252358e9"", ""up_1"": ""7a6c7d6340223fede236d903a965e6b81bb09b87a26c441591283a7dada29f82"", ""up_2"": ""bf58f9401bfef99cabc5657607dfea0d27ec4e91bdba83a5d40b18d82d57bdd8"", ""x1"": ""1420e51173fc6b06a6e60e4921f3a5ad806e9388c2574d7956dbe1cb95f920fd"", ""x2"": ""bf58f9401bfef99cabc5657607dfea0d27ec4e91bdba83a5d40b18d82d57bdd8"", ""x3"": ""7a6c7d6340223fede236d903a965e6b81bb09b87a26c441591283a7dada29f82"", ""x4"": ""67b482c623947fe8275360a1ed682d1396ff0d545078893bc62858c4252358e9""}",0340047558809127cfbef95fc332f3ae1ce4145167192ddcfc30e1e5778e94dd,aefdce03def94ffed42159e55677ec20e91200e1981f25b1f271b6fd99c3c263,abf488c050a9098e5817813ccdde429576e5b5dc7e7d2b5e7309dc8cf2bcf4a4,/4T/CXY/MV-Painter-r1color/1009/engineering/color_cast_repair_v2/runs/phase_b/predictions/8bd93fcae54940bd903a94a9094da4ee/vae_only_dap0_dbp6.png,cf48850ebe862e63c6e77b2d2ea015da820b9c047fd4eb18079b3396af25465d
8bd93fcae54940bd903a94a9094da4ee,vae_only_dap0_dbp6,vae_only,0.0,6.0,0.004834100138396025,5.940243721008301,3,16,False,-0.027136169373989105,0.10832025855779648,0.01823125596013806,0.10829813960357419,0.12592697143554688,0.9882380962371826,"{""mid"": ""67b482c623947fe8275360a1ed682d1396ff0d545078893bc62858c4252358e9"", ""up_0"": ""67b482c623947fe8275360a1ed682d1396ff0d545078893bc62858c4252358e9"", ""up_1"": ""7a6c7d6340223fede236d903a965e6b81bb09b87a26c441591283a7dada29f82"", ""up_2"": ""bf58f9401bfef99cabc5657607dfea0d27ec4e91bdba83a5d40b18d82d57bdd8"", ""x1"": ""1420e51173fc6b06a6e60e4921f3a5ad806e9388c2574d7956dbe1cb95f920fd"", ""x2"": ""bf58f9401bfef99cabc5657607dfea0d27ec4e91bdba83a5d40b18d82d57bdd8"", ""x3"": ""7a6c7d6340223fede236d903a965e6b81bb09b87a26c441591283a7dada29f82"", ""x4"": ""67b482c623947fe8275360a1ed682d1396ff0d545078893bc62858c4252358e9""}",0340047558809127cfbef95fc332f3ae1ce4145167192ddcfc30e1e5778e94dd,aefdce03def94ffed42159e55677ec20e91200e1981f25b1f271b6fd99c3c263,abf488c050a9098e5817813ccdde429576e5b5dc7e7d2b5e7309dc8cf2bcf4a4,/4T/CXY/MV-Painter-r1color/1009/engineering/color_cast_repair_v2/runs/phase_b/predictions/8bd93fcae54940bd903a94a9094da4ee/vae_only_dap0_dbp6.png,cf48850ebe862e63c6e77b2d2ea015da820b9c047fd4eb18079b3396af25465d
8bd93fcae54940bd903a94a9094da4ee,vae_only_dap0_dbp6,vae_only,0.0,6.0,0.004834100138396025,5.940243721008301,4,13,False,-0.02138414792716503,0.1680629849433899,0.02828932269123872,0.16804552713235724,0.005870819091796875,0.99527907371521,"{""mid"": ""67b482c623947fe8275360a1ed682d1396ff0d545078893bc62858c4252358e9"", ""up_0"": ""67b482c623947fe8275360a1ed682d1396ff0d545078893bc62858c4252358e9"", ""up_1"": ""7a6c7d6340223fede236d903a965e6b81bb09b87a26c441591283a7dada29f82"", ""up_2"": ""bf58f9401bfef99cabc5657607dfea0d27ec4e91bdba83a5d40b18d82d57bdd8"", ""x1"": ""1420e51173fc6b06a6e60e4921f3a5ad806e9388c2574d7956dbe1cb95f920fd"", ""x2"": ""bf58f9401bfef99cabc5657607dfea0d27ec4e91bdba83a5d40b18d82d57bdd8"", ""x3"": ""7a6c7d6340223fede236d903a965e6b81bb09b87a26c441591283a7dada29f82"", ""x4"": ""67b482c623947fe8275360a1ed682d1396ff0d545078893bc62858c4252358e9""}",0340047558809127cfbef95fc332f3ae1ce4145167192ddcfc30e1e5778e94dd,aefdce03def94ffed42159e55677ec20e91200e1981f25b1f271b6fd99c3c263,abf488c050a9098e5817813ccdde429576e5b5dc7e7d2b5e7309dc8cf2bcf4a4,/4T/CXY/MV-Painter-r1color/1009/engineering/color_cast_repair_v2/runs/phase_b/predictions/8bd93fcae54940bd903a94a9094da4ee/vae_only_dap0_dbp6.png,cf48850ebe862e63c6e77b2d2ea015da820b9c047fd4eb18079b3396af25465d
8bd93fcae54940bd903a94a9094da4ee,vae_only_dap0_dbp6,vae_only,0.0,6.0,0.004834100138396025,5.940243721008301,5,14,False,0.03326094523072243,0.06514633446931839,0.010971495738776125,0.06517338025289829,-0.045406341552734375,0.9970247745513916,"{""mid"": ""67b482c623947fe8275360a1ed682d1396ff0d545078893bc62858c4252358e9"", ""up_0"": ""67b482c623947fe8275360a1ed682d1396ff0d545078893bc62858c4252358e9"", ""up_1"": ""7a6c7d6340223fede236d903a965e6b81bb09b87a26c441591283a7dada29f82"", ""up_2"": ""bf58f9401bfef99cabc5657607dfea0d27ec4e91bdba83a5d40b18d82d57bdd8"", ""x1"": ""1420e51173fc6b06a6e60e4921f3a5ad806e9388c2574d7956dbe1cb95f920fd"", ""x2"": ""bf58f9401bfef99cabc5657607dfea0d27ec4e91bdba83a5d40b18d82d57bdd8"", ""x3"": ""7a6c7d6340223fede236d903a965e6b81bb09b87a26c441591283a7dada29f82"", ""x4"": ""67b482c623947fe8275360a1ed682d1396ff0d545078893bc62858c4252358e9""}",0340047558809127cfbef95fc332f3ae1ce4145167192ddcfc30e1e5778e94dd,aefdce03def94ffed42159e55677ec20e91200e1981f25b1f271b6fd99c3c263,abf488c050a9098e5817813ccdde429576e5b5dc7e7d2b5e7309dc8cf2bcf4a4,/4T/CXY/MV-Painter-r1color/1009/engineering/color_cast_repair_v2/runs/phase_b/predictions/8bd93fcae54940bd903a94a9094da4ee/vae_only_dap0_dbp6.png,cf48850ebe862e63c6e77b2d2ea015da820b9c047fd4eb18079b3396af25465d
8bd93fcae54940bd903a94a9094da4ee,vae_only_dap6_dbp0,vae_only,6.0,0.0,5.953047275543213,0.0010423684725537896,0,0,True,0.18766897916793823,0.07017222791910172,0.03152692255994302,0.1876812633288295,0.0002765655517578125,0.9908525347709656,"{""mid"": ""67b482c623947fe8275360a1ed682d1396ff0d545078893bc62858c4252358e9"", ""up_0"": ""67b482c623947fe8275360a1ed682d1396ff0d545078893bc62858c4252358e9"", ""up_1"": ""7a6c7d6340223fede236d903a965e6b81bb09b87a26c441591283a7dada29f82"", ""up_2"": ""bf58f9401bfef99cabc5657607dfea0d27ec4e91bdba83a5d40b18d82d57bdd8"", ""x1"": ""1420e51173fc6b06a6e60e4921f3a5ad806e9388c2574d7956dbe1cb95f920fd"", ""x2"": ""bf58f9401bfef99cabc5657607dfea0d27ec4e91bdba83a5d40b18d82d57bdd8"", ""x3"": ""7a6c7d6340223fede236d903a965e6b81bb09b87a26c441591283a7dada29f82"", ""x4"": ""67b482c623947fe8275360a1ed682d1396ff0d545078893bc62858c4252358e9""}",0340047558809127cfbef95fc332f3ae1ce4145167192ddcfc30e1e5778e94dd,aefdce03def94ffed42159e55677ec20e91200e1981f25b1f271b6fd99c3c263,866ba741b459c7a61b0997c8732d7dd38db4dfddee894a04b4a44c5cb40524da,/4T/CXY/MV-Painter-r1color/1009/engineering/color_cast_repair_v2/runs/phase_b/predictions/8bd93fcae54940bd903a94a9094da4ee/vae_only_dap6_dbp0.png,9ba6dd21626fa85c7e41e6a5328859866549946b6d0a4c8a63731f1d3356f562
8bd93fcae54940bd903a94a9094da4ee,vae_only_dap6_dbp0,vae_only,6.0,0.0,5.953047275543213,0.0010423684725537896,1,15,False,0.14669537544250488,0.06618223339319229,0.02464401046233755,0.1467069615902518,0.05419921875,0.9920040369033813,"{""mid"": ""67b482c623947fe8275360a1ed682d1396ff0d545078893bc62858c4252358e9"", ""up_0"": ""67b482c623947fe8275360a1ed682d1396ff0d545078893bc62858c4252358e9"", ""up_1"": ""7a6c7d6340223fede236d903a965e6b81bb09b87a26c441591283a7dada29f82"", ""up_2"": ""bf58f9401bfef99cabc5657607dfea0d27ec4e91bdba83a5d40b18d82d57bdd8"", ""x1"": ""1420e51173fc6b06a6e60e4921f3a5ad806e9388c2574d7956dbe1cb95f920fd"", ""x2"": ""bf58f9401bfef99cabc5657607dfea0d27ec4e91bdba83a5d40b18d82d57bdd8"", ""x3"": ""7a6c7d6340223fede236d903a965e6b81bb09b87a26c441591283a7dada29f82"", ""x4"": ""67b482c623947fe8275360a1ed682d1396ff0d545078893bc62858c4252358e9""}",0340047558809127cfbef95fc332f3ae1ce4145167192ddcfc30e1e5778e94dd,aefdce03def94ffed42159e55677ec20e91200e1981f25b1f271b6fd99c3c263,866ba741b459c7a61b0997c8732d7dd38db4dfddee894a04b4a44c5cb40524da,/4T/CXY/MV-Painter-r1color/1009/engineering/color_cast_repair_v2/runs/phase_b/predictions/8bd93fcae54940bd903a94a9094da4ee/vae_only_dap6_dbp0.png,9ba6dd21626fa85c7e41e6a5328859866549946b6d0a4c8a63731f1d3356f562
8bd93fcae54940bd903a94a9094da4ee,vae_only_dap6_dbp0,vae_only,6.0,0.0,5.953047275543213,0.0010423684725537896,2,12,False,0.1543257087469101,0.06813039630651474,0.025925820237613695,0.1543376358977001,0.025594711303710938,0.9958190321922302,"{""mid"": ""67b482c623947fe8275360a1ed682d1396ff0d545078893bc62858c4252358e9"", ""up_0"": ""67b482c623947fe8275360a1ed682d1396ff0d545078893bc62858c4252358e9"", ""up_1"": ""7a6c7d6340223fede236d903a965e6b81bb09b87a26c441591283a7dada29f82"", ""up_2"": ""bf58f9401bfef99cabc5657607dfea0d27ec4e91bdba83a5d40b18d82d57bdd8"", ""x1"": ""1420e51173fc6b06a6e60e4921f3a5ad806e9388c2574d7956dbe1cb95f920fd"", ""x2"": ""bf58f9401bfef99cabc5657607dfea0d27ec4e91bdba83a5d40b18d82d57bdd8"", ""x3"": ""7a6c7d6340223fede236d903a965e6b81bb09b87a26c441591283a7dada29f82"", ""x4"": ""67b482c623947fe8275360a1ed682d1396ff0d545078893bc62858c4252358e9""}",0340047558809127cfbef95fc332f3ae1ce4145167192ddcfc30e1e5778e94dd,aefdce03def94ffed42159e55677ec20e91200e1981f25b1f271b6fd99c3c263,866ba741b459c7a61b0997c8732d7dd38db4dfddee894a04b4a44c5cb40524da,/4T/CXY/MV-Painter-r1color/1009/engineering/color_cast_repair_v2/runs/phase_b/predictions/8bd93fcae54940bd903a94a9094da4ee/vae_only_dap6_dbp0.png,9ba6dd21626fa85c7e41e6a5328859866549946b6d0a4c8a63731f1d3356f562
8bd93fcae54940bd903a94a9094da4ee,vae_only_dap6_dbp0,vae_only,6.0,0.0,5.953047275543213,0.0010423684725537896,3,16,False,0.16862283647060394,0.014989117160439491,0.028325905719307355,0.1686254584545955,0.07343101501464844,0.9879025220870972,"{""mid"": ""67b482c623947fe8275360a1ed682d1396ff0d545078893bc62858c4252358e9"", ""up_0"": ""67b482c623947fe8275360a1ed682d1396ff0d545078893bc62858c4252358e9"", ""up_1"": ""7a6c7d6340223fede236d903a965e6b81bb09b87a26c441591283a7dada29f82"", ""up_2"": ""bf58f9401bfef99cabc5657607dfea0d27ec4e91bdba83a5d40b18d82d57bdd8"", ""x1"": ""1420e51173fc6b06a6e60e4921f3a5ad806e9388c2574d7956dbe1cb95f920fd"", ""x2"": ""bf58f9401bfef99cabc5657607dfea0d27ec4e91bdba83a5d40b18d82d57bdd8"", ""x3"": ""7a6c7d6340223fede236d903a965e6b81bb09b87a26c441591283a7dada29f82"", ""x4"": ""67b482c623947fe8275360a1ed682d1396ff0d545078893bc62858c4252358e9""}",0340047558809127cfbef95fc332f3ae1ce4145167192ddcfc30e1e5778e94dd,aefdce03def94ffed42159e55677ec20e91200e1981f25b1f271b6fd99c3c263,866ba741b459c7a61b0997c8732d7dd38db4dfddee894a04b4a44c5cb40524da,/4T/CXY/MV-Painter-r1color/1009/engineering/color_cast_repair_v2/runs/phase_b/predictions/8bd93fcae54940bd903a94a9094da4ee/vae_only_dap6_dbp0.png,9ba6dd21626fa85c7e41e6a5328859866549946b6d0a4c8a63731f1d3356f562
8bd93fcae54940bd903a94a9094da4ee,vae_only_dap6_dbp0,vae_only,6.0,0.0,5.953047275543213,0.0010423684725537896,4,13,False,0.1449190080165863,0.052700258791446686,0.02434521759879719,0.14492823352073372,0.026155471801757812,0.9907088279724121,"{""mid"": ""67b482c623947fe8275360a1ed682d1396ff0d545078893bc62858c4252358e9"", ""up_0"": ""67b482c623947fe8275360a1ed682d1396ff0d545078893bc62858c4252358e9"", ""up_1"": ""7a6c7d6340223fede236d903a965e6b81bb09b87a26c441591283a7dada29f82"", ""up_2"": ""bf58f9401bfef99cabc5657607dfea0d27ec4e91bdba83a5d40b18d82d57bdd8"", ""x1"": ""1420e51173fc6b06a6e60e4921f3a5ad806e9388c2574d7956dbe1cb95f920fd"", ""x2"": ""bf58f9401bfef99cabc5657607dfea0d27ec4e91bdba83a5d40b18d82d57bdd8"", ""x3"": ""7a6c7d6340223fede236d903a965e6b81bb09b87a26c441591283a7dada29f82"", ""x4"": ""67b482c623947fe8275360a1ed682d1396ff0d545078893bc62858c4252358e9""}",0340047558809127cfbef95fc332f3ae1ce4145167192ddcfc30e1e5778e94dd,aefdce03def94ffed42159e55677ec20e91200e1981f25b1f271b6fd99c3c263,866ba741b459c7a61b0997c8732d7dd38db4dfddee894a04b4a44c5cb40524da,/4T/CXY/MV-Painter-r1color/1009/engineering/color_cast_repair_v2/runs/phase_b/predictions/8bd93fcae54940bd903a94a9094da4ee/vae_only_dap6_dbp0.png,9ba6dd21626fa85c7e41e6a5328859866549946b6d0a4c8a63731f1d3356f562
8bd93fcae54940bd903a94a9094da4ee,vae_only_dap6_dbp0,vae_only,6.0,0.0,5.953047275543213,0.0010423684725537896,5,14,False,0.1837649792432785,-0.00717944884672761,0.030868848842312644,0.18376371931692861,-0.03786659240722656,0.9949166774749756,"{""mid"": ""67b482c623947fe8275360a1ed682d1396ff0d545078893bc62858c4252358e9"", ""up_0"": ""67b482c623947fe8275360a1ed682d1396ff0d545078893bc62858c4252358e9"", ""up_1"": ""7a6c7d6340223fede236d903a965e6b81bb09b87a26c441591283a7dada29f82"", ""up_2"": ""bf58f9401bfef99cabc5657607dfea0d27ec4e91bdba83a5d40b18d82d57bdd8"", ""x1"": ""1420e51173fc6b06a6e60e4921f3a5ad806e9388c2574d7956dbe1cb95f920fd"", ""x2"": ""bf58f9401bfef99cabc5657607dfea0d27ec4e91bdba83a5d40b18d82d57bdd8"", ""x3"": ""7a6c7d6340223fede236d903a965e6b81bb09b87a26c441591283a7dada29f82"", ""x4"": ""67b482c623947fe8275360a1ed682d1396ff0d545078893bc62858c4252358e9""}",0340047558809127cfbef95fc332f3ae1ce4145167192ddcfc30e1e5778e94dd,aefdce03def94ffed42159e55677ec20e91200e1981f25b1f271b6fd99c3c263,866ba741b459c7a61b0997c8732d7dd38db4dfddee894a04b4a44c5cb40524da,/4T/CXY/MV-Painter-r1color/1009/engineering/color_cast_repair_v2/runs/phase_b/predictions/8bd93fcae54940bd903a94a9094da4ee/vae_only_dap6_dbp0.png,9ba6dd21626fa85c7e41e6a5328859866549946b6d0a4c8a63731f1d3356f562
c76ac44df995482185077da81939b306,embedding_only_dam6_dbp0,embedding_only,-6.0,0.0,-5.98716926574707,-3.977774554186908e-07,0,0,True,-1.7726263999938965,-0.8245185613632202,0.29607087691921624,1.772626454773519,-0.6398525238037109,0.9427407383918762,"{""mid"": ""7d684e92cf47073132ee1e86d82845b04702ca76e99cbeadd379ed0dd4890fa2"", ""up_0"": ""7d684e92cf47073132ee1e86d82845b04702ca76e99cbeadd379ed0dd4890fa2"", ""up_1"": ""954cb80af492587c7a3d84cb4131fd50b03d56d336fe8adfeef8ff61fbd946a9"", ""up_2"": ""7d638a8cd17ecf3f3b85789cd6ac8302051f3b05d98d3b2597320728cb514381"", ""x1"": ""44f51a361faa71e0d3b0d3612978b197483616f755a82f1e3c51cec9eecca1c9"", ""x2"": ""7d638a8cd17ecf3f3b85789cd6ac8302051f3b05d98d3b2597320728cb514381"", ""x3"": ""954cb80af492587c7a3d84cb4131fd50b03d56d336fe8adfeef8ff61fbd946a9"", ""x4"": ""7d684e92cf47073132ee1e86d82845b04702ca76e99cbeadd379ed0dd4890fa2""}",0340047558809127cfbef95fc332f3ae1ce4145167192ddcfc30e1e5778e94dd,aefdce03def94ffed42159e55677ec20e91200e1981f25b1f271b6fd99c3c263,d174e2d1acfede1952a27bcd99a305a1c81d0cb55735a01d1502613884515363,/4T/CXY/MV-Painter-r1color/1009/engineering/color_cast_repair_v2/runs/phase_b/predictions/c76ac44df995482185077da81939b306/embedding_only_dam6_dbp0.png,0ab6f9ed140046bbe9c799f693c3bee5f89b39f8fc0f7b6969fdc9789314e96a
c76ac44df995482185077da81939b306,embedding_only_dam6_dbp0,embedding_only,-6.0,0.0,-5.98716926574707,-3.977774554186908e-07,1,15,False,-1.7652225494384766,-0.6289754509925842,0.29483425520061324,1.7652225912265438,-0.3552131652832031,0.9082767963409424,"{""mid"": ""7d684e92cf47073132ee1e86d82845b04702ca76e99cbeadd379ed0dd4890fa2"", ""up_0"": ""7d684e92cf47073132ee1e86d82845b04702ca76e99cbeadd379ed0dd4890fa2"", ""up_1"": ""954cb80af492587c7a3d84cb4131fd50b03d56d336fe8adfeef8ff61fbd946a9"", ""up_2"": ""7d638a8cd17ecf3f3b85789cd6ac8302051f3b05d98d3b2597320728cb514381"", ""x1"": ""44f51a361faa71e0d3b0d3612978b197483616f755a82f1e3c51cec9eecca1c9"", ""x2"": ""7d638a8cd17ecf3f3b85789cd6ac8302051f3b05d98d3b2597320728cb514381"", ""x3"": ""954cb80af492587c7a3d84cb4131fd50b03d56d336fe8adfeef8ff61fbd946a9"", ""x4"": ""7d684e92cf47073132ee1e86d82845b04702ca76e99cbeadd379ed0dd4890fa2""}",0340047558809127cfbef95fc332f3ae1ce4145167192ddcfc30e1e5778e94dd,aefdce03def94ffed42159e55677ec20e91200e1981f25b1f271b6fd99c3c263,d174e2d1acfede1952a27bcd99a305a1c81d0cb55735a01d1502613884515363,/4T/CXY/MV-Painter-r1color/1009/engineering/color_cast_repair_v2/runs/phase_b/predictions/c76ac44df995482185077da81939b306/embedding_only_dam6_dbp0.png,0ab6f9ed140046bbe9c799f693c3bee5f89b39f8fc0f7b6969fdc9789314e96a
c76ac44df995482185077da81939b306,embedding_only_dam6_dbp0,embedding_only,-6.0,0.0,-5.98716926574707,-3.977774554186908e-07,2,12,False,-1.9365638494491577,-0.6851241588592529,0.3234523376592735,1.9365638949676502,-0.8198451995849609,0.9147478342056274,"{""mid"": ""7d684e92cf47073132ee1e86d82845b04702ca76e99cbeadd379ed0dd4890fa2"", ""up_0"": ""7d684e92cf47073132ee1e86d82845b04702ca76e99cbeadd379ed0dd4890fa2"", ""up_1"": ""954cb80af492587c7a3d84cb4131fd50b03d56d336fe8adfeef8ff61fbd946a9"", ""up_2"": ""7d638a8cd17ecf3f3b85789cd6ac8302051f3b05d98d3b2597320728cb514381"", ""x1"": ""44f51a361faa71e0d3b0d3612978b197483616f755a82f1e3c51cec9eecca1c9"", ""x2"": ""7d638a8cd17ecf3f3b85789cd6ac8302051f3b05d98d3b2597320728cb514381"", ""x3"": ""954cb80af492587c7a3d84cb4131fd50b03d56d336fe8adfeef8ff61fbd946a9"", ""x4"": ""7d684e92cf47073132ee1e86d82845b04702ca76e99cbeadd379ed0dd4890fa2""}",0340047558809127cfbef95fc332f3ae1ce4145167192ddcfc30e1e5778e94dd,aefdce03def94ffed42159e55677ec20e91200e1981f25b1f271b6fd99c3c263,d174e2d1acfede1952a27bcd99a305a1c81d0cb55735a01d1502613884515363,/4T/CXY/MV-Painter-r1color/1009/engineering/color_cast_repair_v2/runs/phase_b/predictions/c76ac44df995482185077da81939b306/embedding_only_dam6_dbp0.png,0ab6f9ed140046bbe9c799f693c3bee5f89b39f8fc0f7b6969fdc9789314e96a
c76ac44df995482185077da81939b306,embedding_only_dam6_dbp0,embedding_only,-6.0,0.0,-5.98716926574707,-3.977774554186908e-07,3,16,False,-1.913665771484375,-0.8711873888969421,0.3196278148193973,1.9136658293645956,-0.5505828857421875,0.9255644679069519,"{""mid"": ""7d684e92cf47073132ee1e86d82845b04702ca76e99cbeadd379ed0dd4890fa2"", ""up_0"": ""7d684e92cf47073132ee1e86d82845b04702ca76e99cbeadd379ed0dd4890fa2"", ""up_1"": ""954cb80af492587c7a3d84cb4131fd50b03d56d336fe8adfeef8ff61fbd946a9"", ""up_2"": ""7d638a8cd17ecf3f3b85789cd6ac8302051f3b05d98d3b2597320728cb514381"", ""x1"": ""44f51a361faa71e0d3b0d3612978b197483616f755a82f1e3c51cec9eecca1c9"", ""x2"": ""7d638a8cd17ecf3f3b85789cd6ac8302051f3b05d98d3b2597320728cb514381"", ""x3"": ""954cb80af492587c7a3d84cb4131fd50b03d56d336fe8adfeef8ff61fbd946a9"", ""x4"": ""7d684e92cf47073132ee1e86d82845b04702ca76e99cbeadd379ed0dd4890fa2""}",0340047558809127cfbef95fc332f3ae1ce4145167192ddcfc30e1e5778e94dd,aefdce03def94ffed42159e55677ec20e91200e1981f25b1f271b6fd99c3c263,d174e2d1acfede1952a27bcd99a305a1c81d0cb55735a01d1502613884515363,/4T/CXY/MV-Painter-r1color/1009/engineering/color_cast_repair_v2/runs/phase_b/predictions/c76ac44df995482185077da81939b306/embedding_only_dam6_dbp0.png,0ab6f9ed140046bbe9c799f693c3bee5f89b39f8fc0f7b6969fdc9789314e96a
c76ac44df995482185077da81939b306,embedding_only_dam6_dbp0,embedding_only,-6.0,0.0,-5.98716926574707,-3.977774554186908e-07,4,13,False,-2.0181407928466797,-0.94591224193573,0.33707763487452835,2.0181408556914935,-0.6396007537841797,0.8928236961364746,"{""mid"": ""7d684e92cf47073132ee1e86d82845b04702ca76e99cbeadd379ed0dd4890fa2"", ""up_0"": ""7d684e92cf47073132ee1e86d82845b04702ca76e99cbeadd379ed0dd4890fa2"", ""up_1"": ""954cb80af492587c7a3d84cb4131fd50b03d56d336fe8adfeef8ff61fbd946a9"", ""up_2"": ""7d638a8cd17ecf3f3b85789cd6ac8302051f3b05d98d3b2597320728cb514381"", ""x1"": ""44f51a361faa71e0d3b0d3612978b197483616f755a82f1e3c51cec9eecca1c9"", ""x2"": ""7d638a8cd17ecf3f3b85789cd6ac8302051f3b05d98d3b2597320728cb514381"", ""x3"": ""954cb80af492587c7a3d84cb4131fd50b03d56d336fe8adfeef8ff61fbd946a9"", ""x4"": ""7d684e92cf47073132ee1e86d82845b04702ca76e99cbeadd379ed0dd4890fa2""}",0340047558809127cfbef95fc332f3ae1ce4145167192ddcfc30e1e5778e94dd,aefdce03def94ffed42159e55677ec20e91200e1981f25b1f271b6fd99c3c263,d174e2d1acfede1952a27bcd99a305a1c81d0cb55735a01d1502613884515363,/4T/CXY/MV-Painter-r1color/1009/engineering/color_cast_repair_v2/runs/phase_b/predictions/c76ac44df995482185077da81939b306/embedding_only_dam6_dbp0.png,0ab6f9ed140046bbe9c799f693c3bee5f89b39f8fc0f7b6969fdc9789314e96a
c76ac44df995482185077da81939b306,embedding_only_dam6_dbp0,embedding_only,-6.0,0.0,-5.98716926574707,-3.977774554186908e-07,5,14,False,-2.1169772148132324,-1.4510685205459595,0.3535856791841715,2.11697731121978,-0.510498046875,0.8920859694480896,"{""mid"": ""7d684e92cf47073132ee1e86d82845b04702ca76e99cbeadd379ed0dd4890fa2"", ""up_0"": ""7d684e92cf47073132ee1e86d82845b04702ca76e99cbeadd379ed0dd4890fa2"", ""up_1"": ""954cb80af492587c7a3d84cb4131fd50b03d56d336fe8adfeef8ff61fbd946a9"", ""up_2"": ""7d638a8cd17ecf3f3b85789cd6ac8302051f3b05d98d3b2597320728cb514381"", ""x1"": ""44f51a361faa71e0d3b0d3612978b197483616f755a82f1e3c51cec9eecca1c9"", ""x2"": ""7d638a8cd17ecf3f3b85789cd6ac8302051f3b05d98d3b2597320728cb514381"", ""x3"": ""954cb80af492587c7a3d84cb4131fd50b03d56d336fe8adfeef8ff61fbd946a9"", ""x4"": ""7d684e92cf47073132ee1e86d82845b04702ca76e99cbeadd379ed0dd4890fa2""}",0340047558809127cfbef95fc332f3ae1ce4145167192ddcfc30e1e5778e94dd,aefdce03def94ffed42159e55677ec20e91200e1981f25b1f271b6fd99c3c263,d174e2d1acfede1952a27bcd99a305a1c81d0cb55735a01d1502613884515363,/4T/CXY/MV-Painter-r1color/1009/engineering/color_cast_repair_v2/runs/phase_b/predictions/c76ac44df995482185077da81939b306/embedding_only_dam6_dbp0.png,0ab6f9ed140046bbe9c799f693c3bee5f89b39f8fc0f7b6969fdc9789314e96a
c76ac44df995482185077da81939b306,embedding_only_dap0_dbm6,embedding_only,0.0,-6.0,2.146729229934863e-06,-5.9871625900268555,0,0,True,0.3729361593723297,-3.376066207885742,0.5638841923597105,3.3760663416037837,-0.19861221313476562,0.9475361704826355,"{""mid"": ""7d684e92cf47073132ee1e86d82845b04702ca76e99cbeadd379ed0dd4890fa2"", ""up_0"": ""7d684e92cf47073132ee1e86d82845b04702ca76e99cbeadd379ed0dd4890fa2"", ""up_1"": ""954cb80af492587c7a3d84cb4131fd50b03d56d336fe8adfeef8ff61fbd946a9"", ""up_2"": ""7d638a8cd17ecf3f3b85789cd6ac8302051f3b05d98d3b2597320728cb514381"", ""x1"": ""44f51a361faa71e0d3b0d3612978b197483616f755a82f1e3c51cec9eecca1c9"", ""x2"": ""7d638a8cd17ecf3f3b85789cd6ac8302051f3b05d98d3b2597320728cb514381"", ""x3"": ""954cb80af492587c7a3d84cb4131fd50b03d56d336fe8adfeef8ff61fbd946a9"", ""x4"": ""7d684e92cf47073132ee1e86d82845b04702ca76e99cbeadd379ed0dd4890fa2""}",0340047558809127cfbef95fc332f3ae1ce4145167192ddcfc30e1e5778e94dd,aefdce03def94ffed42159e55677ec20e91200e1981f25b1f271b6fd99c3c263,d174e2d1acfede1952a27bcd99a305a1c81d0cb55735a01d1502613884515363,/4T/CXY/MV-Painter-r1color/1009/engineering/color_cast_repair_v2/runs/phase_b/predictions/c76ac44df995482185077da81939b306/embedding_only_dap0_dbm6.png,33cae41d02f8c061d9960bbed36070b138f604de30b829fe7b1a5366a7410311
c76ac44df995482185077da81939b306,embedding_only_dap0_dbm6,embedding_only,0.0,-6.0,2.146729229934863e-06,-5.9871625900268555,1,15,False,0.34970206022262573,-3.1884284019470215,0.532544169193818,3.188428527334364,1.4001178741455078,0.946537971496582,"{""mid"": ""7d684e92cf47073132ee1e86d82845b04702ca76e99cbeadd379ed0dd4890fa2"", ""up_0"": ""7d684e92cf47073132ee1e86d82845b04702ca76e99cbeadd379ed0dd4890fa2"", ""up_1"": ""954cb80af492587c7a3d84cb4131fd50b03d56d336fe8adfeef8ff61fbd946a9"", ""up_2"": ""7d638a8cd17ecf3f3b85789cd6ac8302051f3b05d98d3b2597320728cb514381"", ""x1"": ""44f51a361faa71e0d3b0d3612978b197483616f755a82f1e3c51cec9eecca1c9"", ""x2"": ""7d638a8cd17ecf3f3b85789cd6ac8302051f3b05d98d3b2597320728cb514381"", ""x3"": ""954cb80af492587c7a3d84cb4131fd50b03d56d336fe8adfeef8ff61fbd946a9"", ""x4"": ""7d684e92cf47073132ee1e86d82845b04702ca76e99cbeadd379ed0dd4890fa2""}",0340047558809127cfbef95fc332f3ae1ce4145167192ddcfc30e1e5778e94dd,aefdce03def94ffed42159e55677ec20e91200e1981f25b1f271b6fd99c3c263,d174e2d1acfede1952a27bcd99a305a1c81d0cb55735a01d1502613884515363,/4T/CXY/MV-Painter-r1color/1009/engineering/color_cast_repair_v2/runs/phase_b/predictions/c76ac44df995482185077da81939b306/embedding_only_dap0_dbm6.png,33cae41d02f8c061d9960bbed36070b138f604de30b829fe7b1a5366a7410311
c76ac44df995482185077da81939b306,embedding_only_dap0_dbm6,embedding_only,0.0,-6.0,2.146729229934863e-06,-5.9871625900268555,2,12,False,0.400185763835907,-3.3780946731567383,0.5642229964277454,3.378094816645271,-0.33186912536621094,0.9609063863754272,"{""mid"": ""7d684e92cf47073132ee1e86d82845b04702ca76e99cbeadd379ed0dd4890fa2"", ""up_0"": ""7d684e92cf47073132ee1e86d82845b04702ca76e99cbeadd379ed0dd4890fa2"", ""up_1"": ""954cb80af492587c7a3d84cb4131fd50b03d56d336fe8adfeef8ff61fbd946a9"", ""up_2"": ""7d638a8cd17ecf3f3b85789cd6ac8302051f3b05d98d3b2597320728cb514381"", ""x1"": ""44f51a361faa71e0d3b0d3612978b197483616f755a82f1e3c51cec9eecca1c9"", ""x2"": ""7d638a8cd17ecf3f3b85789cd6ac8302051f3b05d98d3b2597320728cb514381"", ""x3"": ""954cb80af492587c7a3d84cb4131fd50b03d56d336fe8adfeef8ff61fbd946a9"", ""x4"": ""7d684e92cf47073132ee1e86d82845b04702ca76e99cbeadd379ed0dd4890fa2""}",0340047558809127cfbef95fc332f3ae1ce4145167192ddcfc30e1e5778e94dd,aefdce03def94ffed42159e55677ec20e91200e1981f25b1f271b6fd99c3c263,d174e2d1acfede1952a27bcd99a305a1c81d0cb55735a01d1502613884515363,/4T/CXY/MV-Painter-r1color/1009/engineering/color_cast_repair_v2/runs/phase_b/predictions/c76ac44df995482185077da81939b306/embedding_only_dap0_dbm6.png,33cae41d02f8c061d9960bbed36070b138f604de30b829fe7b1a5366a7410311
c76ac44df995482185077da81939b306,embedding_only_dap0_dbm6,embedding_only,0.0,-6.0,2.146729229934863e-06,-5.9871625900268555,3,16,False,0.30092400312423706,-3.2882349491119385,0.5492142575995551,3.288235057009641,1.1706352233886719,0.9415397644042969,"{""mid"": ""7d684e92cf47073132ee1e86d82845b04702ca76e99cbeadd379ed0dd4890fa2"", ""up_0"": ""7d684e92cf47073132ee1e86d82845b04702ca76e99cbeadd379ed0dd4890fa2"", ""up_1"": ""954cb80af492587c7a3d84cb4131fd50b03d56d336fe8adfeef8ff61fbd946a9"", ""up_2"": ""7d638a8cd17ecf3f3b85789cd6ac8302051f3b05d98d3b2597320728cb514381"", ""x1"": ""44f51a361faa71e0d3b0d3612978b197483616f755a82f1e3c51cec9eecca1c9"", ""x2"": ""7d638a8cd17ecf3f3b85789cd6ac8302051f3b05d98d3b2597320728cb514381"", ""x3"": ""954cb80af492587c7a3d84cb4131fd50b03d56d336fe8adfeef8ff61fbd946a9"", ""x4"": ""7d684e92cf47073132ee1e86d82845b04702ca76e99cbeadd379ed0dd4890fa2""}",0340047558809127cfbef95fc332f3ae1ce4145167192ddcfc30e1e5778e94dd,aefdce03def94ffed42159e55677ec20e91200e1981f25b1f271b6fd99c3c263,d174e2d1acfede1952a27bcd99a305a1c81d0cb55735a01d1502613884515363,/4T/CXY/MV-Painter-r1color/1009/engineering/color_cast_repair_v2/runs/phase_b/predictions/c76ac44df995482185077da81939b306/embedding_only_dap0_dbm6.png,33cae41d02f8c061d9960bbed36070b138f604de30b829fe7b1a5366a7410311
c76ac44df995482185077da81939b306,embedding_only_dap0_dbm6,embedding_only,0.0,-6.0,2.146729229934863e-06,-5.9871625900268555,4,13,False,0.14640145003795624,-3.4413180351257324,0.574782801681502,3.4413180876185354,-0.11598587036132812,0.9342169761657715,"{""mid"": ""7d684e92cf47073132ee1e86d82845b04702ca76e99cbeadd379ed0dd4890fa2"", ""up_0"": ""7d684e92cf47073132ee1e86d82845b04702ca76e99cbeadd379ed0dd4890fa2"", ""up_1"": ""954cb80af492587c7a3d84cb4131fd50b03d56d336fe8adfeef8ff61fbd946a9"", ""up_2"": ""7d638a8cd17ecf3f3b85789cd6ac8302051f3b05d98d3b2597320728cb514381"", ""x1"": ""44f51a361faa71e0d3b0d3612978b197483616f755a82f1e3c51cec9eecca1c9"", ""x2"": ""7d638a8cd17ecf3f3b85789cd6ac8302051f3b05d98d3b2597320728cb514381"", ""x3"": ""954cb80af492587c7a3d84cb4131fd50b03d56d336fe8adfeef8ff61fbd946a9"", ""x4"": ""7d684e92cf47073132ee1e86d82845b04702ca76e99cbeadd379ed0dd4890fa2""}",0340047558809127cfbef95fc332f3ae1ce4145167192ddcfc30e1e5778e94dd,aefdce03def94ffed42159e55677ec20e91200e1981f25b1f271b6fd99c3c263,d174e2d1acfede1952a27bcd99a305a1c81d0cb55735a01d1502613884515363,/4T/CXY/MV-Painter-r1color/1009/engineering/color_cast_repair_v2/runs/phase_b/predictions/c76ac44df995482185077da81939b306/embedding_only_dap0_dbm6.png,33cae41d02f8c061d9960bbed36070b138f604de30b829fe7b1a5366a7410311
c76ac44df995482185077da81939b306,embedding_only_dap0_dbm6,embedding_only,0.0,-6.0,2.146729229934863e-06,-5.9871625900268555,5,14,False,0.2459733635187149,-3.5837149620056152,0.5985665156596569,3.5837150502004524,0.10393714904785156,0.9226332306861877,"{""mid"": ""7d684e92cf47073132ee1e86d82845b04702ca76e99cbeadd379ed0dd4890fa2"", ""up_0"": ""7d684e92cf47073132ee1e86d82845b04702ca76e99cbeadd379ed0dd4890fa2"", ""up_1"": ""954cb80af492587c7a3d84cb4131fd50b03d56d336fe8adfeef8ff61fbd946a9"", ""up_2"": ""7d638a8cd17ecf3f3b85789cd6ac8302051f3b05d98d3b2597320728cb514381"", ""x1"": ""44f51a361faa71e0d3b0d3612978b197483616f755a82f1e3c51cec9eecca1c9"", ""x2"": ""7d638a8cd17ecf3f3b85789cd6ac8302051f3b05d98d3b2597320728cb514381"", ""x3"": ""954cb80af492587c7a3d84cb4131fd50b03d56d336fe8adfeef8ff61fbd946a9"", ""x4"": ""7d684e92cf47073132ee1e86d82845b04702ca76e99cbeadd379ed0dd4890fa2""}",0340047558809127cfbef95fc332f3ae1ce4145167192ddcfc30e1e5778e94dd,aefdce03def94ffed42159e55677ec20e91200e1981f25b1f271b6fd99c3c263,d174e2d1acfede1952a27bcd99a305a1c81d0cb55735a01d1502613884515363,/4T/CXY/MV-Painter-r1color/1009/engineering/color_cast_repair_v2/runs/phase_b/predictions/c76ac44df995482185077da81939b306/embedding_only_dap0_dbm6.png,33cae41d02f8c061d9960bbed36070b138f604de30b829fe7b1a5366a7410311
c76ac44df995482185077da81939b306,embedding_only_dap0_dbp6,embedding_only,0.0,6.0,1.5890286704234313e-06,5.9871625900268555,0,0,True,-0.24600647389888763,1.9673129320144653,0.3285885153678308,1.9673128667228101,0.2999687194824219,0.973213791847229,"{""mid"": ""7d684e92cf47073132ee1e86d82845b04702ca76e99cbeadd379ed0dd4890fa2"", ""up_0"": ""7d684e92cf47073132ee1e86d82845b04702ca76e99cbeadd379ed0dd4890fa2"", ""up_1"": ""954cb80af492587c7a3d84cb4131fd50b03d56d336fe8adfeef8ff61fbd946a9"", ""up_2"": ""7d638a8cd17ecf3f3b85789cd6ac8302051f3b05d98d3b2597320728cb514381"", ""x1"": ""44f51a361faa71e0d3b0d3612978b197483616f755a82f1e3c51cec9eecca1c9"", ""x2"": ""7d638a8cd17ecf3f3b85789cd6ac8302051f3b05d98d3b2597320728cb514381"", ""x3"": ""954cb80af492587c7a3d84cb4131fd50b03d56d336fe8adfeef8ff61fbd946a9"", ""x4"": ""7d684e92cf47073132ee1e86d82845b04702ca76e99cbeadd379ed0dd4890fa2""}",0340047558809127cfbef95fc332f3ae1ce4145167192ddcfc30e1e5778e94dd,aefdce03def94ffed42159e55677ec20e91200e1981f25b1f271b6fd99c3c263,d174e2d1acfede1952a27bcd99a305a1c81d0cb55735a01d1502613884515363,/4T/CXY/MV-Painter-r1color/1009/engineering/color_cast_repair_v2/runs/phase_b/predictions/c76ac44df995482185077da81939b306/embedding_only_dap0_dbp6.png,74ef12ace8a3349710af8c49aaaffe140c533cceab5d2798bae3303904aaabc5
c76ac44df995482185077da81939b306,embedding_only_dap0_dbp6,embedding_only,0.0,6.0,1.5890286704234313e-06,5.9871625900268555,1,15,False,-0.31493285298347473,2.0951457023620605,0.34993965626837226,2.095145618776929,-0.5276851654052734,0.9445449709892273,"{""mid"": ""7d684e92cf47073132ee1e86d82845b04702ca76e99cbeadd379ed0dd4890fa2"", ""up_0"": ""7d684e92cf47073132ee1e86d82845b04702ca76e99cbeadd379ed0dd4890fa2"", ""up_1"": ""954cb80af492587c7a3d84cb4131fd50b03d56d336fe8adfeef8ff61fbd946a9"", ""up_2"": ""7d638a8cd17ecf3f3b85789cd6ac8302051f3b05d98d3b2597320728cb514381"", ""x1"": ""44f51a361faa71e0d3b0d3612978b197483616f755a82f1e3c51cec9eecca1c9"", ""x2"": ""7d638a8cd17ecf3f3b85789cd6ac8302051f3b05d98d3b2597320728cb514381"", ""x3"": ""954cb80af492587c7a3d84cb4131fd50b03d56d336fe8adfeef8ff61fbd946a9"", ""x4"": ""7d684e92cf47073132ee1e86d82845b04702ca76e99cbeadd379ed0dd4890fa2""}",0340047558809127cfbef95fc332f3ae1ce4145167192ddcfc30e1e5778e94dd,aefdce03def94ffed42159e55677ec20e91200e1981f25b1f271b6fd99c3c263,d174e2d1acfede1952a27bcd99a305a1c81d0cb55735a01d1502613884515363,/4T/CXY/MV-Painter-r1color/1009/engineering/color_cast_repair_v2/runs/phase_b/predictions/c76ac44df995482185077da81939b306/embedding_only_dap0_dbp6.png,74ef12ace8a3349710af8c49aaaffe140c533cceab5d2798bae3303904aaabc5
c76ac44df995482185077da81939b306,embedding_only_dap0_dbp6,embedding_only,0.0,6.0,1.5890286704234313e-06,5.9871625900268555,2,12,False,-0.3619401454925537,2.0139174461364746,0.33637258380621754,2.01391735007533,0.37140464782714844,0.9509682655334473,"{""mid"": ""7d684e92cf47073132ee1e86d82845b04702ca76e99cbeadd379ed0dd4890fa2"", ""up_0"": ""7d684e92cf47073132ee1e86d82845b04702ca76e99cbeadd379ed0dd4890fa2"", ""up_1"": ""954cb80af492587c7a3d84cb4131fd50b03d56d336fe8adfeef8ff61fbd946a9"", ""up_2"": ""7d638a8cd17ecf3f3b85789cd6ac8302051f3b05d98d3b2597320728cb514381"", ""x1"": ""44f51a361faa71e0d3b0d3612978b197483616f755a82f1e3c51cec9eecca1c9"", ""x2"": ""7d638a8cd17ecf3f3b85789cd6ac8302051f3b05d98d3b2597320728cb514381"", ""x3"": ""954cb80af492587c7a3d84cb4131fd50b03d56d336fe8adfeef8ff61fbd946a9"", ""x4"": ""7d684e92cf47073132ee1e86d82845b04702ca76e99cbeadd379ed0dd4890fa2""}",0340047558809127cfbef95fc332f3ae1ce4145167192ddcfc30e1e5778e94dd,aefdce03def94ffed42159e55677ec20e91200e1981f25b1f271b6fd99c3c263,d174e2d1acfede1952a27bcd99a305a1c81d0cb55735a01d1502613884515363,/4T/CXY/MV-Painter-r1color/1009/engineering/color_cast_repair_v2/runs/phase_b/predictions/c76ac44df995482185077da81939b306/embedding_only_dap0_dbp6.png,74ef12ace8a3349710af8c49aaaffe140c533cceab5d2798bae3303904aaabc5
c76ac44df995482185077da81939b306,embedding_only_dap0_dbp6,embedding_only,0.0,6.0,1.5890286704234313e-06,5.9871625900268555,3,16,False,-0.2622668147087097,1.7985790967941284,0.30040591016900325,1.7985790271868876,-0.3952217102050781,0.9717438220977783,"{""mid"": ""7d684e92cf47073132ee1e86d82845b04702ca76e99cbeadd379ed0dd4890fa2"", ""up_0"": ""7d684e92cf47073132ee1e86d82845b04702ca76e99cbeadd379ed0dd4890fa2"", ""up_1"": ""954cb80af492587c7a3d84cb4131fd50b03d56d336fe8adfeef8ff61fbd946a9"", ""up_2"": ""7d638a8cd17ecf3f3b85789cd6ac8302051f3b05d98d3b2597320728cb514381"", ""x1"": ""44f51a361faa71e0d3b0d3612978b197483616f755a82f1e3c51cec9eecca1c9"", ""x2"": ""7d638a8cd17ecf3f3b85789cd6ac8302051f3b05d98d3b2597320728cb514381"", ""x3"": ""954cb80af492587c7a3d84cb4131fd50b03d56d336fe8adfeef8ff61fbd946a9"", ""x4"": ""7d684e92cf47073132ee1e86d82845b04702ca76e99cbeadd379ed0dd4890fa2""}",0340047558809127cfbef95fc332f3ae1ce4145167192ddcfc30e1e5778e94dd,aefdce03def94ffed42159e55677ec20e91200e1981f25b1f271b6fd99c3c263,d174e2d1acfede1952a27bcd99a305a1c81d0cb55735a01d1502613884515363,/4T/CXY/MV-Painter-r1color/1009/engineering/color_cast_repair_v2/runs/phase_b/predictions/c76ac44df995482185077da81939b306/embedding_only_dap0_dbp6.png,74ef12ace8a3349710af8c49aaaffe140c533cceab5d2798bae3303904aaabc5
c76ac44df995482185077da81939b306,embedding_only_dap0_dbp6,embedding_only,0.0,6.0,1.5890286704234313e-06,5.9871625900268555,4,13,False,-0.24447374045848846,2.063075065612793,0.3445830925260716,2.063075000727931,0.23056983947753906,0.953093409538269,"{""mid"": ""7d684e92cf47073132ee1e86d82845b04702ca76e99cbeadd379ed0dd4890fa2"", ""up_0"": ""7d684e92cf47073132ee1e86d82845b04702ca76e99cbeadd379ed0dd4890fa2"", ""up_1"": ""954cb80af492587c7a3d84cb4131fd50b03d56d336fe8adfeef8ff61fbd946a9"", ""up_2"": ""7d638a8cd17ecf3f3b85789cd6ac8302051f3b05d98d3b2597320728cb514381"", ""x1"": ""44f51a361faa71e0d3b0d3612978b197483616f755a82f1e3c51cec9eecca1c9"", ""x2"": ""7d638a8cd17ecf3f3b85789cd6ac8302051f3b05d98d3b2597320728cb514381"", ""x3"": ""954cb80af492587c7a3d84cb4131fd50b03d56d336fe8adfeef8ff61fbd946a9"", ""x4"": ""7d684e92cf47073132ee1e86d82845b04702ca76e99cbeadd379ed0dd4890fa2""}",0340047558809127cfbef95fc332f3ae1ce4145167192ddcfc30e1e5778e94dd,aefdce03def94ffed42159e55677ec20e91200e1981f25b1f271b6fd99c3c263,d174e2d1acfede1952a27bcd99a305a1c81d0cb55735a01d1502613884515363,/4T/CXY/MV-Painter-r1color/1009/engineering/color_cast_repair_v2/runs/phase_b/predictions/c76ac44df995482185077da81939b306/embedding_only_dap0_dbp6.png,74ef12ace8a3349710af8c49aaaffe140c533cceab5d2798bae3303904aaabc5
c76ac44df995482185077da81939b306,embedding_only_dap0_dbp6,embedding_only,0.0,6.0,1.5890286704234313e-06,5.9871625900268555,5,14,False,-0.33259791135787964,1.8426750898361206,0.30777099733886726,1.8426750015625857,0.11990165710449219,0.9533425569534302,"{""mid"": ""7d684e92cf47073132ee1e86d82845b04702ca76e99cbeadd379ed0dd4890fa2"", ""up_0"": ""7d684e92cf47073132ee1e86d82845b04702ca76e99cbeadd379ed0dd4890fa2"", ""up_1"": ""954cb80af492587c7a3d84cb4131fd50b03d56d336fe8adfeef8ff61fbd946a9"", ""up_2"": ""7d638a8cd17ecf3f3b85789cd6ac8302051f3b05d98d3b2597320728cb514381"", ""x1"": ""44f51a361faa71e0d3b0d3612978b197483616f755a82f1e3c51cec9eecca1c9"", ""x2"": ""7d638a8cd17ecf3f3b85789cd6ac8302051f3b05d98d3b2597320728cb514381"", ""x3"": ""954cb80af492587c7a3d84cb4131fd50b03d56d336fe8adfeef8ff61fbd946a9"", ""x4"": ""7d684e92cf47073132ee1e86d82845b04702ca76e99cbeadd379ed0dd4890fa2""}",0340047558809127cfbef95fc332f3ae1ce4145167192ddcfc30e1e5778e94dd,aefdce03def94ffed42159e55677ec20e91200e1981f25b1f271b6fd99c3c263,d174e2d1acfede1952a27bcd99a305a1c81d0cb55735a01d1502613884515363,/4T/CXY/MV-Painter-r1color/1009/engineering/color_cast_repair_v2/runs/phase_b/predictions/c76ac44df995482185077da81939b306/embedding_only_dap0_dbp6.png,74ef12ace8a3349710af8c49aaaffe140c533cceab5d2798bae3303904aaabc5
c76ac44df995482185077da81939b306,embedding_only_dap6_dbp0,embedding_only,6.0,0.0,5.987174034118652,-2.6889304649557744e-07,0,0,True,3.1024885177612305,-0.015962840989232063,0.5181891324351396,3.1024885184781428,1.409719467163086,0.9494574069976807,"{""mid"": ""7d684e92cf47073132ee1e86d82845b04702ca76e99cbeadd379ed0dd4890fa2"", ""up_0"": ""7d684e92cf47073132ee1e86d82845b04702ca76e99cbeadd379ed0dd4890fa2"", ""up_1"": ""954cb80af492587c7a3d84cb4131fd50b03d56d336fe8adfeef8ff61fbd946a9"", ""up_2"": ""7d638a8cd17ecf3f3b85789cd6ac8302051f3b05d98d3b2597320728cb514381"", ""x1"": ""44f51a361faa71e0d3b0d3612978b197483616f755a82f1e3c51cec9eecca1c9"", ""x2"": ""7d638a8cd17ecf3f3b85789cd6ac8302051f3b05d98d3b2597320728cb514381"", ""x3"": ""954cb80af492587c7a3d84cb4131fd50b03d56d336fe8adfeef8ff61fbd946a9"", ""x4"": ""7d684e92cf47073132ee1e86d82845b04702ca76e99cbeadd379ed0dd4890fa2""}",0340047558809127cfbef95fc332f3ae1ce4145167192ddcfc30e1e5778e94dd,aefdce03def94ffed42159e55677ec20e91200e1981f25b1f271b6fd99c3c263,d174e2d1acfede1952a27bcd99a305a1c81d0cb55735a01d1502613884515363,/4T/CXY/MV-Painter-r1color/1009/engineering/color_cast_repair_v2/runs/phase_b/predictions/c76ac44df995482185077da81939b306/embedding_only_dap6_dbp0.png,fa8cdf5c53211b3b485fb7097a0b5fd43d79459cd4befc7c89d317b982b00113
c76ac44df995482185077da81939b306,embedding_only_dap6_dbp0,embedding_only,6.0,0.0,5.987174034118652,-2.6889304649557744e-07,1,15,False,3.048994541168213,0.2944943308830261,0.5092543678481615,3.0489945279420243,2.4249649047851562,0.9058757424354553,"{""mid"": ""7d684e92cf47073132ee1e86d82845b04702ca76e99cbeadd379ed0dd4890fa2"", ""up_0"": ""7d684e92cf47073132ee1e86d82845b04702ca76e99cbeadd379ed0dd4890fa2"", ""up_1"": ""954cb80af492587c7a3d84cb4131fd50b03d56d336fe8adfeef8ff61fbd946a9"", ""up_2"": ""7d638a8cd17ecf3f3b85789cd6ac8302051f3b05d98d3b2597320728cb514381"", ""x1"": ""44f51a361faa71e0d3b0d3612978b197483616f755a82f1e3c51cec9eecca1c9"", ""x2"": ""7d638a8cd17ecf3f3b85789cd6ac8302051f3b05d98d3b2597320728cb514381"", ""x3"": ""954cb80af492587c7a3d84cb4131fd50b03d56d336fe8adfeef8ff61fbd946a9"", ""x4"": ""7d684e92cf47073132ee1e86d82845b04702ca76e99cbeadd379ed0dd4890fa2""}",0340047558809127cfbef95fc332f3ae1ce4145167192ddcfc30e1e5778e94dd,aefdce03def94ffed42159e55677ec20e91200e1981f25b1f271b6fd99c3c263,d174e2d1acfede1952a27bcd99a305a1c81d0cb55735a01d1502613884515363,/4T/CXY/MV-Painter-r1color/1009/engineering/color_cast_repair_v2/runs/phase_b/predictions/c76ac44df995482185077da81939b306/embedding_only_dap6_dbp0.png,fa8cdf5c53211b3b485fb7097a0b5fd43d79459cd4befc7c89d317b982b00113
c76ac44df995482185077da81939b306,embedding_only_dap6_dbp0,embedding_only,6.0,0.0,5.987174034118652,-2.6889304649557744e-07,2,12,False,3.1352715492248535,0.3365689516067505,0.5236646732235097,3.13527153410903,1.4833564758300781,0.95488041639328,"{""mid"": ""7d684e92cf47073132ee1e86d82845b04702ca76e99cbeadd379ed0dd4890fa2"", ""up_0"": ""7d684e92cf47073132ee1e86d82845b04702ca76e99cbeadd379ed0dd4890fa2"", ""up_1"": ""954cb80af492587c7a3d84cb4131fd50b03d56d336fe8adfeef8ff61fbd946a9"", ""up_2"": ""7d638a8cd17ecf3f3b85789cd6ac8302051f3b05d98d3b2597320728cb514381"", ""x1"": ""44f51a361faa71e0d3b0d3612978b197483616f755a82f1e3c51cec9eecca1c9"", ""x2"": ""7d638a8cd17ecf3f3b85789cd6ac8302051f3b05d98d3b2597320728cb514381"", ""x3"": ""954cb80af492587c7a3d84cb4131fd50b03d56d336fe8adfeef8ff61fbd946a9"", ""x4"": ""7d684e92cf47073132ee1e86d82845b04702ca76e99cbeadd379ed0dd4890fa2""}",0340047558809127cfbef95fc332f3ae1ce4145167192ddcfc30e1e5778e94dd,aefdce03def94ffed42159e55677ec20e91200e1981f25b1f271b6fd99c3c263,d174e2d1acfede1952a27bcd99a305a1c81d0cb55735a01d1502613884515363,/4T/CXY/MV-Painter-r1color/1009/engineering/color_cast_repair_v2/runs/phase_b/predictions/c76ac44df995482185077da81939b306/embedding_only_dap6_dbp0.png,fa8cdf5c53211b3b485fb7097a0b5fd43d79459cd4befc7c89d317b982b00113
c76ac44df995482185077da81939b306,embedding_only_dap6_dbp0,embedding_only,6.0,0.0,5.987174034118652,-2.6889304649557744e-07,3,16,False,3.0115411281585693,-0.21963608264923096,0.5029987638343418,3.011541138022755,2.3455028533935547,0.8974476456642151,"{""mid"": ""7d684e92cf47073132ee1e86d82845b04702ca76e99cbeadd379ed0dd4890fa2"", ""up_0"": ""7d684e92cf47073132ee1e86d82845b04702ca76e99cbeadd379ed0dd4890fa2"", ""up_1"": ""954cb80af492587c7a3d84cb4131fd50b03d56d336fe8adfeef8ff61fbd946a9"", ""up_2"": ""7d638a8cd17ecf3f3b85789cd6ac8302051f3b05d98d3b2597320728cb514381"", ""x1"": ""44f51a361faa71e0d3b0d3612978b197483616f755a82f1e3c51cec9eecca1c9"", ""x2"": ""7d638a8cd17ecf3f3b85789cd6ac8302051f3b05d98d3b2597320728cb514381"", ""x3"": ""954cb80af492587c7a3d84cb4131fd50b03d56d336fe8adfeef8ff61fbd946a9"", ""x4"": ""7d684e92cf47073132ee1e86d82845b04702ca76e99cbeadd379ed0dd4890fa2""}",0340047558809127cfbef95fc332f3ae1ce4145167192ddcfc30e1e5778e94dd,aefdce03def94ffed42159e55677ec20e91200e1981f25b1f271b6fd99c3c263,d174e2d1acfede1952a27bcd99a305a1c81d0cb55735a01d1502613884515363,/4T/CXY/MV-Painter-r1color/1009/engineering/color_cast_repair_v2/runs/phase_b/predictions/c76ac44df995482185077da81939b306/embedding_only_dap6_dbp0.png,fa8cdf5c53211b3b485fb7097a0b5fd43d79459cd4befc7c89d317b982b00113
c76ac44df995482185077da81939b306,embedding_only_dap6_dbp0,embedding_only,6.0,0.0,5.987174034118652,-2.6889304649557744e-07,4,13,False,3.026479959487915,0.19502748548984528,0.5054938997066327,3.0264799507289326,1.6090641021728516,0.9285504221916199,"{""mid"": ""7d684e92cf47073132ee1e86d82845b04702ca76e99cbeadd379ed0dd4890fa2"", ""up_0"": ""7d684e92cf47073132ee1e86d82845b04702ca76e99cbeadd379ed0dd4890fa2"", ""up_1"": ""954cb80af492587c7a3d84cb4131fd50b03d56d336fe8adfeef8ff61fbd946a9"", ""up_2"": ""7d638a8cd17ecf3f3b85789cd6ac8302051f3b05d98d3b2597320728cb514381"", ""x1"": ""44f51a361faa71e0d3b0d3612978b197483616f755a82f1e3c51cec9eecca1c9"", ""x2"": ""7d638a8cd17ecf3f3b85789cd6ac8302051f3b05d98d3b2597320728cb514381"", ""x3"": ""954cb80af492587c7a3d84cb4131fd50b03d56d336fe8adfeef8ff61fbd946a9"", ""x4"": ""7d684e92cf47073132ee1e86d82845b04702ca76e99cbeadd379ed0dd4890fa2""}",0340047558809127cfbef95fc332f3ae1ce4145167192ddcfc30e1e5778e94dd,aefdce03def94ffed42159e55677ec20e91200e1981f25b1f271b6fd99c3c263,d174e2d1acfede1952a27bcd99a305a1c81d0cb55735a01d1502613884515363,/4T/CXY/MV-Painter-r1color/1009/engineering/color_cast_repair_v2/runs/phase_b/predictions/c76ac44df995482185077da81939b306/embedding_only_dap6_dbp0.png,fa8cdf5c53211b3b485fb7097a0b5fd43d79459cd4befc7c89d317b982b00113
c76ac44df995482185077da81939b306,embedding_only_dap6_dbp0,embedding_only,6.0,0.0,5.987174034118652,-2.6889304649557744e-07,5,14,False,3.1950857639312744,0.019614264369010925,0.5336550674563275,3.1950857630503653,1.6615524291992188,0.9289771318435669,"{""mid"": ""7d684e92cf47073132ee1e86d82845b04702ca76e99cbeadd379ed0dd4890fa2"", ""up_0"": ""7d684e92cf47073132ee1e86d82845b04702ca76e99cbeadd379ed0dd4890fa2"", ""up_1"": ""954cb80af492587c7a3d84cb4131fd50b03d56d336fe8adfeef8ff61fbd946a9"", ""up_2"": ""7d638a8cd17ecf3f3b85789cd6ac8302051f3b05d98d3b2597320728cb514381"", ""x1"": ""44f51a361faa71e0d3b0d3612978b197483616f755a82f1e3c51cec9eecca1c9"", ""x2"": ""7d638a8cd17ecf3f3b85789cd6ac8302051f3b05d98d3b2597320728cb514381"", ""x3"": ""954cb80af492587c7a3d84cb4131fd50b03d56d336fe8adfeef8ff61fbd946a9"", ""x4"": ""7d684e92cf47073132ee1e86d82845b04702ca76e99cbeadd379ed0dd4890fa2""}",0340047558809127cfbef95fc332f3ae1ce4145167192ddcfc30e1e5778e94dd,aefdce03def94ffed42159e55677ec20e91200e1981f25b1f271b6fd99c3c263,d174e2d1acfede1952a27bcd99a305a1c81d0cb55735a01d1502613884515363,/4T/CXY/MV-Painter-r1color/1009/engineering/color_cast_repair_v2/runs/phase_b/predictions/c76ac44df995482185077da81939b306/embedding_only_dap6_dbp0.png,fa8cdf5c53211b3b485fb7097a0b5fd43d79459cd4befc7c89d317b982b00113
c76ac44df995482185077da81939b306,gfl_baseline,baseline,0.0,0.0,0.0,0.0,0,0,True,0.0,0.0,0.0,0.0,0.0,1.0,"{""mid"": ""7d684e92cf47073132ee1e86d82845b04702ca76e99cbeadd379ed0dd4890fa2"", ""up_0"": ""7d684e92cf47073132ee1e86d82845b04702ca76e99cbeadd379ed0dd4890fa2"", ""up_1"": ""954cb80af492587c7a3d84cb4131fd50b03d56d336fe8adfeef8ff61fbd946a9"", ""up_2"": ""7d638a8cd17ecf3f3b85789cd6ac8302051f3b05d98d3b2597320728cb514381"", ""x1"": ""44f51a361faa71e0d3b0d3612978b197483616f755a82f1e3c51cec9eecca1c9"", ""x2"": ""7d638a8cd17ecf3f3b85789cd6ac8302051f3b05d98d3b2597320728cb514381"", ""x3"": ""954cb80af492587c7a3d84cb4131fd50b03d56d336fe8adfeef8ff61fbd946a9"", ""x4"": ""7d684e92cf47073132ee1e86d82845b04702ca76e99cbeadd379ed0dd4890fa2""}",0340047558809127cfbef95fc332f3ae1ce4145167192ddcfc30e1e5778e94dd,aefdce03def94ffed42159e55677ec20e91200e1981f25b1f271b6fd99c3c263,d174e2d1acfede1952a27bcd99a305a1c81d0cb55735a01d1502613884515363,/4T/CXY/MV-Painter-r1color/1009/engineering/color_cast_repair_v2/runs/phase_b/predictions/c76ac44df995482185077da81939b306/gfl_baseline.png,8a7d5c30df97abd0bb4caf25f245252527549b90b41851a184111f526150d198
c76ac44df995482185077da81939b306,gfl_baseline,baseline,0.0,0.0,0.0,0.0,1,15,False,0.0,0.0,0.0,0.0,0.0,1.0,"{""mid"": ""7d684e92cf47073132ee1e86d82845b04702ca76e99cbeadd379ed0dd4890fa2"", ""up_0"": ""7d684e92cf47073132ee1e86d82845b04702ca76e99cbeadd379ed0dd4890fa2"", ""up_1"": ""954cb80af492587c7a3d84cb4131fd50b03d56d336fe8adfeef8ff61fbd946a9"", ""up_2"": ""7d638a8cd17ecf3f3b85789cd6ac8302051f3b05d98d3b2597320728cb514381"", ""x1"": ""44f51a361faa71e0d3b0d3612978b197483616f755a82f1e3c51cec9eecca1c9"", ""x2"": ""7d638a8cd17ecf3f3b85789cd6ac8302051f3b05d98d3b2597320728cb514381"", ""x3"": ""954cb80af492587c7a3d84cb4131fd50b03d56d336fe8adfeef8ff61fbd946a9"", ""x4"": ""7d684e92cf47073132ee1e86d82845b04702ca76e99cbeadd379ed0dd4890fa2""}",0340047558809127cfbef95fc332f3ae1ce4145167192ddcfc30e1e5778e94dd,aefdce03def94ffed42159e55677ec20e91200e1981f25b1f271b6fd99c3c263,d174e2d1acfede1952a27bcd99a305a1c81d0cb55735a01d1502613884515363,/4T/CXY/MV-Painter-r1color/1009/engineering/color_cast_repair_v2/runs/phase_b/predictions/c76ac44df995482185077da81939b306/gfl_baseline.png,8a7d5c30df97abd0bb4caf25f245252527549b90b41851a184111f526150d198
c76ac44df995482185077da81939b306,gfl_baseline,baseline,0.0,0.0,0.0,0.0,2,12,False,0.0,0.0,0.0,0.0,0.0,1.0,"{""mid"": ""7d684e92cf47073132ee1e86d82845b04702ca76e99cbeadd379ed0dd4890fa2"", ""up_0"": ""7d684e92cf47073132ee1e86d82845b04702ca76e99cbeadd379ed0dd4890fa2"", ""up_1"": ""954cb80af492587c7a3d84cb4131fd50b03d56d336fe8adfeef8ff61fbd946a9"", ""up_2"": ""7d638a8cd17ecf3f3b85789cd6ac8302051f3b05d98d3b2597320728cb514381"", ""x1"": ""44f51a361faa71e0d3b0d3612978b197483616f755a82f1e3c51cec9eecca1c9"", ""x2"": ""7d638a8cd17ecf3f3b85789cd6ac8302051f3b05d98d3b2597320728cb514381"", ""x3"": ""954cb80af492587c7a3d84cb4131fd50b03d56d336fe8adfeef8ff61fbd946a9"", ""x4"": ""7d684e92cf47073132ee1e86d82845b04702ca76e99cbeadd379ed0dd4890fa2""}",0340047558809127cfbef95fc332f3ae1ce4145167192ddcfc30e1e5778e94dd,aefdce03def94ffed42159e55677ec20e91200e1981f25b1f271b6fd99c3c263,d174e2d1acfede1952a27bcd99a305a1c81d0cb55735a01d1502613884515363,/4T/CXY/MV-Painter-r1color/1009/engineering/color_cast_repair_v2/runs/phase_b/predictions/c76ac44df995482185077da81939b306/gfl_baseline.png,8a7d5c30df97abd0bb4caf25f245252527549b90b41851a184111f526150d198
c76ac44df995482185077da81939b306,gfl_baseline,baseline,0.0,0.0,0.0,0.0,3,16,False,0.0,0.0,0.0,0.0,0.0,1.0,"{""mid"": ""7d684e92cf47073132ee1e86d82845b04702ca76e99cbeadd379ed0dd4890fa2"", ""up_0"": ""7d684e92cf47073132ee1e86d82845b04702ca76e99cbeadd379ed0dd4890fa2"", ""up_1"": ""954cb80af492587c7a3d84cb4131fd50b03d56d336fe8adfeef8ff61fbd946a9"", ""up_2"": ""7d638a8cd17ecf3f3b85789cd6ac8302051f3b05d98d3b2597320728cb514381"", ""x1"": ""44f51a361faa71e0d3b0d3612978b197483616f755a82f1e3c51cec9eecca1c9"", ""x2"": ""7d638a8cd17ecf3f3b85789cd6ac8302051f3b05d98d3b2597320728cb514381"", ""x3"": ""954cb80af492587c7a3d84cb4131fd50b03d56d336fe8adfeef8ff61fbd946a9"", ""x4"": ""7d684e92cf47073132ee1e86d82845b04702ca76e99cbeadd379ed0dd4890fa2""}",0340047558809127cfbef95fc332f3ae1ce4145167192ddcfc30e1e5778e94dd,aefdce03def94ffed42159e55677ec20e91200e1981f25b1f271b6fd99c3c263,d174e2d1acfede1952a27bcd99a305a1c81d0cb55735a01d1502613884515363,/4T/CXY/MV-Painter-r1color/1009/engineering/color_cast_repair_v2/runs/phase_b/predictions/c76ac44df995482185077da81939b306/gfl_baseline.png,8a7d5c30df97abd0bb4caf25f245252527549b90b41851a184111f526150d198
c76ac44df995482185077da81939b306,gfl_baseline,baseline,0.0,0.0,0.0,0.0,4,13,False,0.0,0.0,0.0,0.0,0.0,1.0,"{""mid"": ""7d684e92cf47073132ee1e86d82845b04702ca76e99cbeadd379ed0dd4890fa2"", ""up_0"": ""7d684e92cf47073132ee1e86d82845b04702ca76e99cbeadd379ed0dd4890fa2"", ""up_1"": ""954cb80af492587c7a3d84cb4131fd50b03d56d336fe8adfeef8ff61fbd946a9"", ""up_2"": ""7d638a8cd17ecf3f3b85789cd6ac8302051f3b05d98d3b2597320728cb514381"", ""x1"": ""44f51a361faa71e0d3b0d3612978b197483616f755a82f1e3c51cec9eecca1c9"", ""x2"": ""7d638a8cd17ecf3f3b85789cd6ac8302051f3b05d98d3b2597320728cb514381"", ""x3"": ""954cb80af492587c7a3d84cb4131fd50b03d56d336fe8adfeef8ff61fbd946a9"", ""x4"": ""7d684e92cf47073132ee1e86d82845b04702ca76e99cbeadd379ed0dd4890fa2""}",0340047558809127cfbef95fc332f3ae1ce4145167192ddcfc30e1e5778e94dd,aefdce03def94ffed42159e55677ec20e91200e1981f25b1f271b6fd99c3c263,d174e2d1acfede1952a27bcd99a305a1c81d0cb55735a01d1502613884515363,/4T/CXY/MV-Painter-r1color/1009/engineering/color_cast_repair_v2/runs/phase_b/predictions/c76ac44df995482185077da81939b306/gfl_baseline.png,8a7d5c30df97abd0bb4caf25f245252527549b90b41851a184111f526150d198
c76ac44df995482185077da81939b306,gfl_baseline,baseline,0.0,0.0,0.0,0.0,5,14,False,0.0,0.0,0.0,0.0,0.0,1.0,"{""mid"": ""7d684e92cf47073132ee1e86d82845b04702ca76e99cbeadd379ed0dd4890fa2"", ""up_0"": ""7d684e92cf47073132ee1e86d82845b04702ca76e99cbeadd379ed0dd4890fa2"", ""up_1"": ""954cb80af492587c7a3d84cb4131fd50b03d56d336fe8adfeef8ff61fbd946a9"", ""up_2"": ""7d638a8cd17ecf3f3b85789cd6ac8302051f3b05d98d3b2597320728cb514381"", ""x1"": ""44f51a361faa71e0d3b0d3612978b197483616f755a82f1e3c51cec9eecca1c9"", ""x2"": ""7d638a8cd17ecf3f3b85789cd6ac8302051f3b05d98d3b2597320728cb514381"", ""x3"": ""954cb80af492587c7a3d84cb4131fd50b03d56d336fe8adfeef8ff61fbd946a9"", ""x4"": ""7d684e92cf47073132ee1e86d82845b04702ca76e99cbeadd379ed0dd4890fa2""}",0340047558809127cfbef95fc332f3ae1ce4145167192ddcfc30e1e5778e94dd,aefdce03def94ffed42159e55677ec20e91200e1981f25b1f271b6fd99c3c263,d174e2d1acfede1952a27bcd99a305a1c81d0cb55735a01d1502613884515363,/4T/CXY/MV-Painter-r1color/1009/engineering/color_cast_repair_v2/runs/phase_b/predictions/c76ac44df995482185077da81939b306/gfl_baseline.png,8a7d5c30df97abd0bb4caf25f245252527549b90b41851a184111f526150d198
c76ac44df995482185077da81939b306,global_embedding_recomputed,embedding_cache_consistency_control,0.0,0.0,0.0,0.0,0,0,True,0.0,0.0,0.0,0.0,0.0,1.0,"{""mid"": ""7d684e92cf47073132ee1e86d82845b04702ca76e99cbeadd379ed0dd4890fa2"", ""up_0"": ""7d684e92cf47073132ee1e86d82845b04702ca76e99cbeadd379ed0dd4890fa2"", ""up_1"": ""954cb80af492587c7a3d84cb4131fd50b03d56d336fe8adfeef8ff61fbd946a9"", ""up_2"": ""7d638a8cd17ecf3f3b85789cd6ac8302051f3b05d98d3b2597320728cb514381"", ""x1"": ""44f51a361faa71e0d3b0d3612978b197483616f755a82f1e3c51cec9eecca1c9"", ""x2"": ""7d638a8cd17ecf3f3b85789cd6ac8302051f3b05d98d3b2597320728cb514381"", ""x3"": ""954cb80af492587c7a3d84cb4131fd50b03d56d336fe8adfeef8ff61fbd946a9"", ""x4"": ""7d684e92cf47073132ee1e86d82845b04702ca76e99cbeadd379ed0dd4890fa2""}",0340047558809127cfbef95fc332f3ae1ce4145167192ddcfc30e1e5778e94dd,aefdce03def94ffed42159e55677ec20e91200e1981f25b1f271b6fd99c3c263,d174e2d1acfede1952a27bcd99a305a1c81d0cb55735a01d1502613884515363,/4T/CXY/MV-Painter-r1color/1009/engineering/color_cast_repair_v2/runs/phase_b/predictions/c76ac44df995482185077da81939b306/global_embedding_recomputed.png,8a7d5c30df97abd0bb4caf25f245252527549b90b41851a184111f526150d198
c76ac44df995482185077da81939b306,global_embedding_recomputed,embedding_cache_consistency_control,0.0,0.0,0.0,0.0,1,15,False,0.0,0.0,0.0,0.0,0.0,1.0,"{""mid"": ""7d684e92cf47073132ee1e86d82845b04702ca76e99cbeadd379ed0dd4890fa2"", ""up_0"": ""7d684e92cf47073132ee1e86d82845b04702ca76e99cbeadd379ed0dd4890fa2"", ""up_1"": ""954cb80af492587c7a3d84cb4131fd50b03d56d336fe8adfeef8ff61fbd946a9"", ""up_2"": ""7d638a8cd17ecf3f3b85789cd6ac8302051f3b05d98d3b2597320728cb514381"", ""x1"": ""44f51a361faa71e0d3b0d3612978b197483616f755a82f1e3c51cec9eecca1c9"", ""x2"": ""7d638a8cd17ecf3f3b85789cd6ac8302051f3b05d98d3b2597320728cb514381"", ""x3"": ""954cb80af492587c7a3d84cb4131fd50b03d56d336fe8adfeef8ff61fbd946a9"", ""x4"": ""7d684e92cf47073132ee1e86d82845b04702ca76e99cbeadd379ed0dd4890fa2""}",0340047558809127cfbef95fc332f3ae1ce4145167192ddcfc30e1e5778e94dd,aefdce03def94ffed42159e55677ec20e91200e1981f25b1f271b6fd99c3c263,d174e2d1acfede1952a27bcd99a305a1c81d0cb55735a01d1502613884515363,/4T/CXY/MV-Painter-r1color/1009/engineering/color_cast_repair_v2/runs/phase_b/predictions/c76ac44df995482185077da81939b306/global_embedding_recomputed.png,8a7d5c30df97abd0bb4caf25f245252527549b90b41851a184111f526150d198
c76ac44df995482185077da81939b306,global_embedding_recomputed,embedding_cache_consistency_control,0.0,0.0,0.0,0.0,2,12,False,0.0,0.0,0.0,0.0,0.0,1.0,"{""mid"": ""7d684e92cf47073132ee1e86d82845b04702ca76e99cbeadd379ed0dd4890fa2"", ""up_0"": ""7d684e92cf47073132ee1e86d82845b04702ca76e99cbeadd379ed0dd4890fa2"", ""up_1"": ""954cb80af492587c7a3d84cb4131fd50b03d56d336fe8adfeef8ff61fbd946a9"", ""up_2"": ""7d638a8cd17ecf3f3b85789cd6ac8302051f3b05d98d3b2597320728cb514381"", ""x1"": ""44f51a361faa71e0d3b0d3612978b197483616f755a82f1e3c51cec9eecca1c9"", ""x2"": ""7d638a8cd17ecf3f3b85789cd6ac8302051f3b05d98d3b2597320728cb514381"", ""x3"": ""954cb80af492587c7a3d84cb4131fd50b03d56d336fe8adfeef8ff61fbd946a9"", ""x4"": ""7d684e92cf47073132ee1e86d82845b04702ca76e99cbeadd379ed0dd4890fa2""}",0340047558809127cfbef95fc332f3ae1ce4145167192ddcfc30e1e5778e94dd,aefdce03def94ffed42159e55677ec20e91200e1981f25b1f271b6fd99c3c263,d174e2d1acfede1952a27bcd99a305a1c81d0cb55735a01d1502613884515363,/4T/CXY/MV-Painter-r1color/1009/engineering/color_cast_repair_v2/runs/phase_b/predictions/c76ac44df995482185077da81939b306/global_embedding_recomputed.png,8a7d5c30df97abd0bb4caf25f245252527549b90b41851a184111f526150d198
c76ac44df995482185077da81939b306,global_embedding_recomputed,embedding_cache_consistency_control,0.0,0.0,0.0,0.0,3,16,False,0.0,0.0,0.0,0.0,0.0,1.0,"{""mid"": ""7d684e92cf47073132ee1e86d82845b04702ca76e99cbeadd379ed0dd4890fa2"", ""up_0"": ""7d684e92cf47073132ee1e86d82845b04702ca76e99cbeadd379ed0dd4890fa2"", ""up_1"": ""954cb80af492587c7a3d84cb4131fd50b03d56d336fe8adfeef8ff61fbd946a9"", ""up_2"": ""7d638a8cd17ecf3f3b85789cd6ac8302051f3b05d98d3b2597320728cb514381"", ""x1"": ""44f51a361faa71e0d3b0d3612978b197483616f755a82f1e3c51cec9eecca1c9"", ""x2"": ""7d638a8cd17ecf3f3b85789cd6ac8302051f3b05d98d3b2597320728cb514381"", ""x3"": ""954cb80af492587c7a3d84cb4131fd50b03d56d336fe8adfeef8ff61fbd946a9"", ""x4"": ""7d684e92cf47073132ee1e86d82845b04702ca76e99cbeadd379ed0dd4890fa2""}",0340047558809127cfbef95fc332f3ae1ce4145167192ddcfc30e1e5778e94dd,aefdce03def94ffed42159e55677ec20e91200e1981f25b1f271b6fd99c3c263,d174e2d1acfede1952a27bcd99a305a1c81d0cb55735a01d1502613884515363,/4T/CXY/MV-Painter-r1color/1009/engineering/color_cast_repair_v2/runs/phase_b/predictions/c76ac44df995482185077da81939b306/global_embedding_recomputed.png,8a7d5c30df97abd0bb4caf25f245252527549b90b41851a184111f526150d198
c76ac44df995482185077da81939b306,global_embedding_recomputed,embedding_cache_consistency_control,0.0,0.0,0.0,0.0,4,13,False,0.0,0.0,0.0,0.0,0.0,1.0,"{""mid"": ""7d684e92cf47073132ee1e86d82845b04702ca76e99cbeadd379ed0dd4890fa2"", ""up_0"": ""7d684e92cf47073132ee1e86d82845b04702ca76e99cbeadd379ed0dd4890fa2"", ""up_1"": ""954cb80af492587c7a3d84cb4131fd50b03d56d336fe8adfeef8ff61fbd946a9"", ""up_2"": ""7d638a8cd17ecf3f3b85789cd6ac8302051f3b05d98d3b2597320728cb514381"", ""x1"": ""44f51a361faa71e0d3b0d3612978b197483616f755a82f1e3c51cec9eecca1c9"", ""x2"": ""7d638a8cd17ecf3f3b85789cd6ac8302051f3b05d98d3b2597320728cb514381"", ""x3"": ""954cb80af492587c7a3d84cb4131fd50b03d56d336fe8adfeef8ff61fbd946a9"", ""x4"": ""7d684e92cf47073132ee1e86d82845b04702ca76e99cbeadd379ed0dd4890fa2""}",0340047558809127cfbef95fc332f3ae1ce4145167192ddcfc30e1e5778e94dd,aefdce03def94ffed42159e55677ec20e91200e1981f25b1f271b6fd99c3c263,d174e2d1acfede1952a27bcd99a305a1c81d0cb55735a01d1502613884515363,/4T/CXY/MV-Painter-r1color/1009/engineering/color_cast_repair_v2/runs/phase_b/predictions/c76ac44df995482185077da81939b306/global_embedding_recomputed.png,8a7d5c30df97abd0bb4caf25f245252527549b90b41851a184111f526150d198
c76ac44df995482185077da81939b306,global_embedding_recomputed,embedding_cache_consistency_control,0.0,0.0,0.0,0.0,5,14,False,0.0,0.0,0.0,0.0,0.0,1.0,"{""mid"": ""7d684e92cf47073132ee1e86d82845b04702ca76e99cbeadd379ed0dd4890fa2"", ""up_0"": ""7d684e92cf47073132ee1e86d82845b04702ca76e99cbeadd379ed0dd4890fa2"", ""up_1"": ""954cb80af492587c7a3d84cb4131fd50b03d56d336fe8adfeef8ff61fbd946a9"", ""up_2"": ""7d638a8cd17ecf3f3b85789cd6ac8302051f3b05d98d3b2597320728cb514381"", ""x1"": ""44f51a361faa71e0d3b0d3612978b197483616f755a82f1e3c51cec9eecca1c9"", ""x2"": ""7d638a8cd17ecf3f3b85789cd6ac8302051f3b05d98d3b2597320728cb514381"", ""x3"": ""954cb80af492587c7a3d84cb4131fd50b03d56d336fe8adfeef8ff61fbd946a9"", ""x4"": ""7d684e92cf47073132ee1e86d82845b04702ca76e99cbeadd379ed0dd4890fa2""}",0340047558809127cfbef95fc332f3ae1ce4145167192ddcfc30e1e5778e94dd,aefdce03def94ffed42159e55677ec20e91200e1981f25b1f271b6fd99c3c263,d174e2d1acfede1952a27bcd99a305a1c81d0cb55735a01d1502613884515363,/4T/CXY/MV-Painter-r1color/1009/engineering/color_cast_repair_v2/runs/phase_b/predictions/c76ac44df995482185077da81939b306/global_embedding_recomputed.png,8a7d5c30df97abd0bb4caf25f245252527549b90b41851a184111f526150d198
c76ac44df995482185077da81939b306,layer_llh,adapter_reference,0.0,0.0,0.0,0.0,0,0,True,-2.3983352184295654,1.3747928142547607,0.0,0.0,-1.2323246002197266,0.5274202823638916,"{""mid"": ""7d684e92cf47073132ee1e86d82845b04702ca76e99cbeadd379ed0dd4890fa2"", ""up_0"": ""7d684e92cf47073132ee1e86d82845b04702ca76e99cbeadd379ed0dd4890fa2"", ""up_1"": ""954cb80af492587c7a3d84cb4131fd50b03d56d336fe8adfeef8ff61fbd946a9"", ""up_2"": ""7d638a8cd17ecf3f3b85789cd6ac8302051f3b05d98d3b2597320728cb514381"", ""x1"": ""44f51a361faa71e0d3b0d3612978b197483616f755a82f1e3c51cec9eecca1c9"", ""x2"": ""7d638a8cd17ecf3f3b85789cd6ac8302051f3b05d98d3b2597320728cb514381"", ""x3"": ""954cb80af492587c7a3d84cb4131fd50b03d56d336fe8adfeef8ff61fbd946a9"", ""x4"": ""7d684e92cf47073132ee1e86d82845b04702ca76e99cbeadd379ed0dd4890fa2""}",0340047558809127cfbef95fc332f3ae1ce4145167192ddcfc30e1e5778e94dd,aefdce03def94ffed42159e55677ec20e91200e1981f25b1f271b6fd99c3c263,d174e2d1acfede1952a27bcd99a305a1c81d0cb55735a01d1502613884515363,/4T/CXY/MV-Painter-r1color/1009/engineering/color_cast_repair_v2/runs/phase_b/predictions/c76ac44df995482185077da81939b306/layer_llh.png,eaaa86d9b4edb94a6e6dbdf2ae0787519f01db52f382cf93dc8fa0911aedc8af
c76ac44df995482185077da81939b306,layer_llh,adapter_reference,0.0,0.0,0.0,0.0,1,15,False,-2.759233236312866,1.4514069557189941,0.0,0.0,-15.242438316345215,0.533720850944519,"{""mid"": ""7d684e92cf47073132ee1e86d82845b04702ca76e99cbeadd379ed0dd4890fa2"", ""up_0"": ""7d684e92cf47073132ee1e86d82845b04702ca76e99cbeadd379ed0dd4890fa2"", ""up_1"": ""954cb80af492587c7a3d84cb4131fd50b03d56d336fe8adfeef8ff61fbd946a9"", ""up_2"": ""7d638a8cd17ecf3f3b85789cd6ac8302051f3b05d98d3b2597320728cb514381"", ""x1"": ""44f51a361faa71e0d3b0d3612978b197483616f755a82f1e3c51cec9eecca1c9"", ""x2"": ""7d638a8cd17ecf3f3b85789cd6ac8302051f3b05d98d3b2597320728cb514381"", ""x3"": ""954cb80af492587c7a3d84cb4131fd50b03d56d336fe8adfeef8ff61fbd946a9"", ""x4"": ""7d684e92cf47073132ee1e86d82845b04702ca76e99cbeadd379ed0dd4890fa2""}",0340047558809127cfbef95fc332f3ae1ce4145167192ddcfc30e1e5778e94dd,aefdce03def94ffed42159e55677ec20e91200e1981f25b1f271b6fd99c3c263,d174e2d1acfede1952a27bcd99a305a1c81d0cb55735a01d1502613884515363,/4T/CXY/MV-Painter-r1color/1009/engineering/color_cast_repair_v2/runs/phase_b/predictions/c76ac44df995482185077da81939b306/layer_llh.png,eaaa86d9b4edb94a6e6dbdf2ae0787519f01db52f382cf93dc8fa0911aedc8af
c76ac44df995482185077da81939b306,layer_llh,adapter_reference,0.0,0.0,0.0,0.0,2,12,False,-2.589996576309204,1.0202993154525757,0.0,0.0,0.4967327117919922,0.5310930609703064,"{""mid"": ""7d684e92cf47073132ee1e86d82845b04702ca76e99cbeadd379ed0dd4890fa2"", ""up_0"": ""7d684e92cf47073132ee1e86d82845b04702ca76e99cbeadd379ed0dd4890fa2"", ""up_1"": ""954cb80af492587c7a3d84cb4131fd50b03d56d336fe8adfeef8ff61fbd946a9"", ""up_2"": ""7d638a8cd17ecf3f3b85789cd6ac8302051f3b05d98d3b2597320728cb514381"", ""x1"": ""44f51a361faa71e0d3b0d3612978b197483616f755a82f1e3c51cec9eecca1c9"", ""x2"": ""7d638a8cd17ecf3f3b85789cd6ac8302051f3b05d98d3b2597320728cb514381"", ""x3"": ""954cb80af492587c7a3d84cb4131fd50b03d56d336fe8adfeef8ff61fbd946a9"", ""x4"": ""7d684e92cf47073132ee1e86d82845b04702ca76e99cbeadd379ed0dd4890fa2""}",0340047558809127cfbef95fc332f3ae1ce4145167192ddcfc30e1e5778e94dd,aefdce03def94ffed42159e55677ec20e91200e1981f25b1f271b6fd99c3c263,d174e2d1acfede1952a27bcd99a305a1c81d0cb55735a01d1502613884515363,/4T/CXY/MV-Painter-r1color/1009/engineering/color_cast_repair_v2/runs/phase_b/predictions/c76ac44df995482185077da81939b306/layer_llh.png,eaaa86d9b4edb94a6e6dbdf2ae0787519f01db52f382cf93dc8fa0911aedc8af
c76ac44df995482185077da81939b306,layer_llh,adapter_reference,0.0,0.0,0.0,0.0,3,16,False,-2.9041812419891357,1.284184455871582,0.0,0.0,-13.453707695007324,0.5319216847419739,"{""mid"": ""7d684e92cf47073132ee1e86d82845b04702ca76e99cbeadd379ed0dd4890fa2"", ""up_0"": ""7d684e92cf47073132ee1e86d82845b04702ca76e99cbeadd379ed0dd4890fa2"", ""up_1"": ""954cb80af492587c7a3d84cb4131fd50b03d56d336fe8adfeef8ff61fbd946a9"", ""up_2"": ""7d638a8cd17ecf3f3b85789cd6ac8302051f3b05d98d3b2597320728cb514381"", ""x1"": ""44f51a361faa71e0d3b0d3612978b197483616f755a82f1e3c51cec9eecca1c9"", ""x2"": ""7d638a8cd17ecf3f3b85789cd6ac8302051f3b05d98d3b2597320728cb514381"", ""x3"": ""954cb80af492587c7a3d84cb4131fd50b03d56d336fe8adfeef8ff61fbd946a9"", ""x4"": ""7d684e92cf47073132ee1e86d82845b04702ca76e99cbeadd379ed0dd4890fa2""}",0340047558809127cfbef95fc332f3ae1ce4145167192ddcfc30e1e5778e94dd,aefdce03def94ffed42159e55677ec20e91200e1981f25b1f271b6fd99c3c263,d174e2d1acfede1952a27bcd99a305a1c81d0cb55735a01d1502613884515363,/4T/CXY/MV-Painter-r1color/1009/engineering/color_cast_repair_v2/runs/phase_b/predictions/c76ac44df995482185077da81939b306/layer_llh.png,eaaa86d9b4edb94a6e6dbdf2ae0787519f01db52f382cf93dc8fa0911aedc8af
c76ac44df995482185077da81939b306,layer_llh,adapter_reference,0.0,0.0,0.0,0.0,4,13,False,-2.573381185531616,0.8911683559417725,0.0,0.0,-4.977104187011719,0.4874192476272583,"{""mid"": ""7d684e92cf47073132ee1e86d82845b04702ca76e99cbeadd379ed0dd4890fa2"", ""up_0"": ""7d684e92cf47073132ee1e86d82845b04702ca76e99cbeadd379ed0dd4890fa2"", ""up_1"": ""954cb80af492587c7a3d84cb4131fd50b03d56d336fe8adfeef8ff61fbd946a9"", ""up_2"": ""7d638a8cd17ecf3f3b85789cd6ac8302051f3b05d98d3b2597320728cb514381"", ""x1"": ""44f51a361faa71e0d3b0d3612978b197483616f755a82f1e3c51cec9eecca1c9"", ""x2"": ""7d638a8cd17ecf3f3b85789cd6ac8302051f3b05d98d3b2597320728cb514381"", ""x3"": ""954cb80af492587c7a3d84cb4131fd50b03d56d336fe8adfeef8ff61fbd946a9"", ""x4"": ""7d684e92cf47073132ee1e86d82845b04702ca76e99cbeadd379ed0dd4890fa2""}",0340047558809127cfbef95fc332f3ae1ce4145167192ddcfc30e1e5778e94dd,aefdce03def94ffed42159e55677ec20e91200e1981f25b1f271b6fd99c3c263,d174e2d1acfede1952a27bcd99a305a1c81d0cb55735a01d1502613884515363,/4T/CXY/MV-Painter-r1color/1009/engineering/color_cast_repair_v2/runs/phase_b/predictions/c76ac44df995482185077da81939b306/layer_llh.png,eaaa86d9b4edb94a6e6dbdf2ae0787519f01db52f382cf93dc8fa0911aedc8af
c76ac44df995482185077da81939b306,layer_llh,adapter_reference,0.0,0.0,0.0,0.0,5,14,False,-2.787963628768921,0.8084803223609924,0.0,0.0,-7.274723052978516,0.5058276057243347,"{""mid"": ""7d684e92cf47073132ee1e86d82845b04702ca76e99cbeadd379ed0dd4890fa2"", ""up_0"": ""7d684e92cf47073132ee1e86d82845b04702ca76e99cbeadd379ed0dd4890fa2"", ""up_1"": ""954cb80af492587c7a3d84cb4131fd50b03d56d336fe8adfeef8ff61fbd946a9"", ""up_2"": ""7d638a8cd17ecf3f3b85789cd6ac8302051f3b05d98d3b2597320728cb514381"", ""x1"": ""44f51a361faa71e0d3b0d3612978b197483616f755a82f1e3c51cec9eecca1c9"", ""x2"": ""7d638a8cd17ecf3f3b85789cd6ac8302051f3b05d98d3b2597320728cb514381"", ""x3"": ""954cb80af492587c7a3d84cb4131fd50b03d56d336fe8adfeef8ff61fbd946a9"", ""x4"": ""7d684e92cf47073132ee1e86d82845b04702ca76e99cbeadd379ed0dd4890fa2""}",0340047558809127cfbef95fc332f3ae1ce4145167192ddcfc30e1e5778e94dd,aefdce03def94ffed42159e55677ec20e91200e1981f25b1f271b6fd99c3c263,d174e2d1acfede1952a27bcd99a305a1c81d0cb55735a01d1502613884515363,/4T/CXY/MV-Painter-r1color/1009/engineering/color_cast_repair_v2/runs/phase_b/predictions/c76ac44df995482185077da81939b306/layer_llh.png,eaaa86d9b4edb94a6e6dbdf2ae0787519f01db52f382cf93dc8fa0911aedc8af
c76ac44df995482185077da81939b306,no_adapter,adapter_reference,0.0,0.0,0.0,0.0,0,0,True,-6.117053985595703,-2.8934032917022705,0.0,0.0,14.254667282104492,0.15836477279663086,"{""mid"": ""7d684e92cf47073132ee1e86d82845b04702ca76e99cbeadd379ed0dd4890fa2"", ""up_0"": ""7d684e92cf47073132ee1e86d82845b04702ca76e99cbeadd379ed0dd4890fa2"", ""up_1"": ""954cb80af492587c7a3d84cb4131fd50b03d56d336fe8adfeef8ff61fbd946a9"", ""up_2"": ""7d638a8cd17ecf3f3b85789cd6ac8302051f3b05d98d3b2597320728cb514381"", ""x1"": ""44f51a361faa71e0d3b0d3612978b197483616f755a82f1e3c51cec9eecca1c9"", ""x2"": ""7d638a8cd17ecf3f3b85789cd6ac8302051f3b05d98d3b2597320728cb514381"", ""x3"": ""954cb80af492587c7a3d84cb4131fd50b03d56d336fe8adfeef8ff61fbd946a9"", ""x4"": ""7d684e92cf47073132ee1e86d82845b04702ca76e99cbeadd379ed0dd4890fa2""}",0340047558809127cfbef95fc332f3ae1ce4145167192ddcfc30e1e5778e94dd,aefdce03def94ffed42159e55677ec20e91200e1981f25b1f271b6fd99c3c263,d174e2d1acfede1952a27bcd99a305a1c81d0cb55735a01d1502613884515363,/4T/CXY/MV-Painter-r1color/1009/engineering/color_cast_repair_v2/runs/phase_b/predictions/c76ac44df995482185077da81939b306/no_adapter.png,cb0081df423ed7173593130e0515e01a5a2f584bdc2d15c71f9fe54c7e772437
c76ac44df995482185077da81939b306,no_adapter,adapter_reference,0.0,0.0,0.0,0.0,1,15,False,-5.077785968780518,-1.0479674339294434,0.0,0.0,-3.6396102905273438,0.19995258748531342,"{""mid"": ""7d684e92cf47073132ee1e86d82845b04702ca76e99cbeadd379ed0dd4890fa2"", ""up_0"": ""7d684e92cf47073132ee1e86d82845b04702ca76e99cbeadd379ed0dd4890fa2"", ""up_1"": ""954cb80af492587c7a3d84cb4131fd50b03d56d336fe8adfeef8ff61fbd946a9"", ""up_2"": ""7d638a8cd17ecf3f3b85789cd6ac8302051f3b05d98d3b2597320728cb514381"", ""x1"": ""44f51a361faa71e0d3b0d3612978b197483616f755a82f1e3c51cec9eecca1c9"", ""x2"": ""7d638a8cd17ecf3f3b85789cd6ac8302051f3b05d98d3b2597320728cb514381"", ""x3"": ""954cb80af492587c7a3d84cb4131fd50b03d56d336fe8adfeef8ff61fbd946a9"", ""x4"": ""7d684e92cf47073132ee1e86d82845b04702ca76e99cbeadd379ed0dd4890fa2""}",0340047558809127cfbef95fc332f3ae1ce4145167192ddcfc30e1e5778e94dd,aefdce03def94ffed42159e55677ec20e91200e1981f25b1f271b6fd99c3c263,d174e2d1acfede1952a27bcd99a305a1c81d0cb55735a01d1502613884515363,/4T/CXY/MV-Painter-r1color/1009/engineering/color_cast_repair_v2/runs/phase_b/predictions/c76ac44df995482185077da81939b306/no_adapter.png,cb0081df423ed7173593130e0515e01a5a2f584bdc2d15c71f9fe54c7e772437
c76ac44df995482185077da81939b306,no_adapter,adapter_reference,0.0,0.0,0.0,0.0,2,12,False,-6.822829246520996,-8.855658531188965,0.0,0.0,17.261255264282227,0.1493855118751526,"{""mid"": ""7d684e92cf47073132ee1e86d82845b04702ca76e99cbeadd379ed0dd4890fa2"", ""up_0"": ""7d684e92cf47073132ee1e86d82845b04702ca76e99cbeadd379ed0dd4890fa2"", ""up_1"": ""954cb80af492587c7a3d84cb4131fd50b03d56d336fe8adfeef8ff61fbd946a9"", ""up_2"": ""7d638a8cd17ecf3f3b85789cd6ac8302051f3b05d98d3b2597320728cb514381"", ""x1"": ""44f51a361faa71e0d3b0d3612978b197483616f755a82f1e3c51cec9eecca1c9"", ""x2"": ""7d638a8cd17ecf3f3b85789cd6ac8302051f3b05d98d3b2597320728cb514381"", ""x3"": ""954cb80af492587c7a3d84cb4131fd50b03d56d336fe8adfeef8ff61fbd946a9"", ""x4"": ""7d684e92cf47073132ee1e86d82845b04702ca76e99cbeadd379ed0dd4890fa2""}",0340047558809127cfbef95fc332f3ae1ce4145167192ddcfc30e1e5778e94dd,aefdce03def94ffed42159e55677ec20e91200e1981f25b1f271b6fd99c3c263,d174e2d1acfede1952a27bcd99a305a1c81d0cb55735a01d1502613884515363,/4T/CXY/MV-Painter-r1color/1009/engineering/color_cast_repair_v2/runs/phase_b/predictions/c76ac44df995482185077da81939b306/no_adapter.png,cb0081df423ed7173593130e0515e01a5a2f584bdc2d15c71f9fe54c7e772437
c76ac44df995482185077da81939b306,no_adapter,adapter_reference,0.0,0.0,0.0,0.0,3,16,False,-6.997035980224609,-13.457220077514648,0.0,0.0,0.6075439453125,0.1255626082420349,"{""mid"": ""7d684e92cf47073132ee1e86d82845b04702ca76e99cbeadd379ed0dd4890fa2"", ""up_0"": ""7d684e92cf47073132ee1e86d82845b04702ca76e99cbeadd379ed0dd4890fa2"", ""up_1"": ""954cb80af492587c7a3d84cb4131fd50b03d56d336fe8adfeef8ff61fbd946a9"", ""up_2"": ""7d638a8cd17ecf3f3b85789cd6ac8302051f3b05d98d3b2597320728cb514381"", ""x1"": ""44f51a361faa71e0d3b0d3612978b197483616f755a82f1e3c51cec9eecca1c9"", ""x2"": ""7d638a8cd17ecf3f3b85789cd6ac8302051f3b05d98d3b2597320728cb514381"", ""x3"": ""954cb80af492587c7a3d84cb4131fd50b03d56d336fe8adfeef8ff61fbd946a9"", ""x4"": ""7d684e92cf47073132ee1e86d82845b04702ca76e99cbeadd379ed0dd4890fa2""}",0340047558809127cfbef95fc332f3ae1ce4145167192ddcfc30e1e5778e94dd,aefdce03def94ffed42159e55677ec20e91200e1981f25b1f271b6fd99c3c263,d174e2d1acfede1952a27bcd99a305a1c81d0cb55735a01d1502613884515363,/4T/CXY/MV-Painter-r1color/1009/engineering/color_cast_repair_v2/runs/phase_b/predictions/c76ac44df995482185077da81939b306/no_adapter.png,cb0081df423ed7173593130e0515e01a5a2f584bdc2d15c71f9fe54c7e772437
c76ac44df995482185077da81939b306,no_adapter,adapter_reference,0.0,0.0,0.0,0.0,4,13,False,-6.961172580718994,1.8953120708465576,0.0,0.0,8.850458145141602,0.1714792102575302,"{""mid"": ""7d684e92cf47073132ee1e86d82845b04702ca76e99cbeadd379ed0dd4890fa2"", ""up_0"": ""7d684e92cf47073132ee1e86d82845b04702ca76e99cbeadd379ed0dd4890fa2"", ""up_1"": ""954cb80af492587c7a3d84cb4131fd50b03d56d336fe8adfeef8ff61fbd946a9"", ""up_2"": ""7d638a8cd17ecf3f3b85789cd6ac8302051f3b05d98d3b2597320728cb514381"", ""x1"": ""44f51a361faa71e0d3b0d3612978b197483616f755a82f1e3c51cec9eecca1c9"", ""x2"": ""7d638a8cd17ecf3f3b85789cd6ac8302051f3b05d98d3b2597320728cb514381"", ""x3"": ""954cb80af492587c7a3d84cb4131fd50b03d56d336fe8adfeef8ff61fbd946a9"", ""x4"": ""7d684e92cf47073132ee1e86d82845b04702ca76e99cbeadd379ed0dd4890fa2""}",0340047558809127cfbef95fc332f3ae1ce4145167192ddcfc30e1e5778e94dd,aefdce03def94ffed42159e55677ec20e91200e1981f25b1f271b6fd99c3c263,d174e2d1acfede1952a27bcd99a305a1c81d0cb55735a01d1502613884515363,/4T/CXY/MV-Painter-r1color/1009/engineering/color_cast_repair_v2/runs/phase_b/predictions/c76ac44df995482185077da81939b306/no_adapter.png,cb0081df423ed7173593130e0515e01a5a2f584bdc2d15c71f9fe54c7e772437
c76ac44df995482185077da81939b306,no_adapter,adapter_reference,0.0,0.0,0.0,0.0,5,14,False,-8.733756065368652,2.0775394439697266,0.0,0.0,6.058542251586914,0.17341136932373047,"{""mid"": ""7d684e92cf47073132ee1e86d82845b04702ca76e99cbeadd379ed0dd4890fa2"", ""up_0"": ""7d684e92cf47073132ee1e86d82845b04702ca76e99cbeadd379ed0dd4890fa2"", ""up_1"": ""954cb80af492587c7a3d84cb4131fd50b03d56d336fe8adfeef8ff61fbd946a9"", ""up_2"": ""7d638a8cd17ecf3f3b85789cd6ac8302051f3b05d98d3b2597320728cb514381"", ""x1"": ""44f51a361faa71e0d3b0d3612978b197483616f755a82f1e3c51cec9eecca1c9"", ""x2"": ""7d638a8cd17ecf3f3b85789cd6ac8302051f3b05d98d3b2597320728cb514381"", ""x3"": ""954cb80af492587c7a3d84cb4131fd50b03d56d336fe8adfeef8ff61fbd946a9"", ""x4"": ""7d684e92cf47073132ee1e86d82845b04702ca76e99cbeadd379ed0dd4890fa2""}",0340047558809127cfbef95fc332f3ae1ce4145167192ddcfc30e1e5778e94dd,aefdce03def94ffed42159e55677ec20e91200e1981f25b1f271b6fd99c3c263,d174e2d1acfede1952a27bcd99a305a1c81d0cb55735a01d1502613884515363,/4T/CXY/MV-Painter-r1color/1009/engineering/color_cast_repair_v2/runs/phase_b/predictions/c76ac44df995482185077da81939b306/no_adapter.png,cb0081df423ed7173593130e0515e01a5a2f584bdc2d15c71f9fe54c7e772437
c76ac44df995482185077da81939b306,vae_and_embedding_dam6_dbp0,vae_and_embedding,-6.0,0.0,-5.98716926574707,-3.977774554186908e-07,0,0,True,-1.6824944019317627,-0.45566269755363464,0.28101668042539957,1.6824944322052224,-0.7829990386962891,0.9429944157600403,"{""mid"": ""7d684e92cf47073132ee1e86d82845b04702ca76e99cbeadd379ed0dd4890fa2"", ""up_0"": ""7d684e92cf47073132ee1e86d82845b04702ca76e99cbeadd379ed0dd4890fa2"", ""up_1"": ""954cb80af492587c7a3d84cb4131fd50b03d56d336fe8adfeef8ff61fbd946a9"", ""up_2"": ""7d638a8cd17ecf3f3b85789cd6ac8302051f3b05d98d3b2597320728cb514381"", ""x1"": ""44f51a361faa71e0d3b0d3612978b197483616f755a82f1e3c51cec9eecca1c9"", ""x2"": ""7d638a8cd17ecf3f3b85789cd6ac8302051f3b05d98d3b2597320728cb514381"", ""x3"": ""954cb80af492587c7a3d84cb4131fd50b03d56d336fe8adfeef8ff61fbd946a9"", ""x4"": ""7d684e92cf47073132ee1e86d82845b04702ca76e99cbeadd379ed0dd4890fa2""}",0340047558809127cfbef95fc332f3ae1ce4145167192ddcfc30e1e5778e94dd,aefdce03def94ffed42159e55677ec20e91200e1981f25b1f271b6fd99c3c263,95fc2d589a3316903922e2e9a6f4c945b956f03bdf0752217a12ccde7a94f33d,/4T/CXY/MV-Painter-r1color/1009/engineering/color_cast_repair_v2/runs/phase_b/predictions/c76ac44df995482185077da81939b306/vae_and_embedding_dam6_dbp0.png,811f71198e89b1307e0fe15dce9bada24060c0145db311e8e1a86fc441f02399
c76ac44df995482185077da81939b306,vae_and_embedding_dam6_dbp0,vae_and_embedding,-6.0,0.0,-5.98716926574707,-3.977774554186908e-07,1,15,False,-1.700095534324646,-0.38540732860565186,0.28395648836200355,1.700095559930457,-0.958160400390625,0.910905659198761,"{""mid"": ""7d684e92cf47073132ee1e86d82845b04702ca76e99cbeadd379ed0dd4890fa2"", ""up_0"": ""7d684e92cf47073132ee1e86d82845b04702ca76e99cbeadd379ed0dd4890fa2"", ""up_1"": ""954cb80af492587c7a3d84cb4131fd50b03d56d336fe8adfeef8ff61fbd946a9"", ""up_2"": ""7d638a8cd17ecf3f3b85789cd6ac8302051f3b05d98d3b2597320728cb514381"", ""x1"": ""44f51a361faa71e0d3b0d3612978b197483616f755a82f1e3c51cec9eecca1c9"", ""x2"": ""7d638a8cd17ecf3f3b85789cd6ac8302051f3b05d98d3b2597320728cb514381"", ""x3"": ""954cb80af492587c7a3d84cb4131fd50b03d56d336fe8adfeef8ff61fbd946a9"", ""x4"": ""7d684e92cf47073132ee1e86d82845b04702ca76e99cbeadd379ed0dd4890fa2""}",0340047558809127cfbef95fc332f3ae1ce4145167192ddcfc30e1e5778e94dd,aefdce03def94ffed42159e55677ec20e91200e1981f25b1f271b6fd99c3c263,95fc2d589a3316903922e2e9a6f4c945b956f03bdf0752217a12ccde7a94f33d,/4T/CXY/MV-Painter-r1color/1009/engineering/color_cast_repair_v2/runs/phase_b/predictions/c76ac44df995482185077da81939b306/vae_and_embedding_dam6_dbp0.png,811f71198e89b1307e0fe15dce9bada24060c0145db311e8e1a86fc441f02399
c76ac44df995482185077da81939b306,vae_and_embedding_dam6_dbp0,vae_and_embedding,-6.0,0.0,-5.98716926574707,-3.977774554186908e-07,2,12,False,-1.77432119846344,-0.43936988711357117,0.29635394439329105,1.7743212276544325,-0.9218673706054688,0.9171537160873413,"{""mid"": ""7d684e92cf47073132ee1e86d82845b04702ca76e99cbeadd379ed0dd4890fa2"", ""up_0"": ""7d684e92cf47073132ee1e86d82845b04702ca76e99cbeadd379ed0dd4890fa2"", ""up_1"": ""954cb80af492587c7a3d84cb4131fd50b03d56d336fe8adfeef8ff61fbd946a9"", ""up_2"": ""7d638a8cd17ecf3f3b85789cd6ac8302051f3b05d98d3b2597320728cb514381"", ""x1"": ""44f51a361faa71e0d3b0d3612978b197483616f755a82f1e3c51cec9eecca1c9"", ""x2"": ""7d638a8cd17ecf3f3b85789cd6ac8302051f3b05d98d3b2597320728cb514381"", ""x3"": ""954cb80af492587c7a3d84cb4131fd50b03d56d336fe8adfeef8ff61fbd946a9"", ""x4"": ""7d684e92cf47073132ee1e86d82845b04702ca76e99cbeadd379ed0dd4890fa2""}",0340047558809127cfbef95fc332f3ae1ce4145167192ddcfc30e1e5778e94dd,aefdce03def94ffed42159e55677ec20e91200e1981f25b1f271b6fd99c3c263,95fc2d589a3316903922e2e9a6f4c945b956f03bdf0752217a12ccde7a94f33d,/4T/CXY/MV-Painter-r1color/1009/engineering/color_cast_repair_v2/runs/phase_b/predictions/c76ac44df995482185077da81939b306/vae_and_embedding_dam6_dbp0.png,811f71198e89b1307e0fe15dce9bada24060c0145db311e8e1a86fc441f02399
c76ac44df995482185077da81939b306,vae_and_embedding_dam6_dbp0,vae_and_embedding,-6.0,0.0,-5.98716926574707,-3.977774554186908e-07,3,16,False,-1.7742890119552612,-0.7251653671264648,0.29634857165051726,1.7742890601340244,-1.0043010711669922,0.9202415943145752,"{""mid"": ""7d684e92cf47073132ee1e86d82845b04702ca76e99cbeadd379ed0dd4890fa2"", ""up_0"": ""7d684e92cf47073132ee1e86d82845b04702ca76e99cbeadd379ed0dd4890fa2"", ""up_1"": ""954cb80af492587c7a3d84cb4131fd50b03d56d336fe8adfeef8ff61fbd946a9"", ""up_2"": ""7d638a8cd17ecf3f3b85789cd6ac8302051f3b05d98d3b2597320728cb514381"", ""x1"": ""44f51a361faa71e0d3b0d3612978b197483616f755a82f1e3c51cec9eecca1c9"", ""x2"": ""7d638a8cd17ecf3f3b85789cd6ac8302051f3b05d98d3b2597320728cb514381"", ""x3"": ""954cb80af492587c7a3d84cb4131fd50b03d56d336fe8adfeef8ff61fbd946a9"", ""x4"": ""7d684e92cf47073132ee1e86d82845b04702ca76e99cbeadd379ed0dd4890fa2""}",0340047558809127cfbef95fc332f3ae1ce4145167192ddcfc30e1e5778e94dd,aefdce03def94ffed42159e55677ec20e91200e1981f25b1f271b6fd99c3c263,95fc2d589a3316903922e2e9a6f4c945b956f03bdf0752217a12ccde7a94f33d,/4T/CXY/MV-Painter-r1color/1009/engineering/color_cast_repair_v2/runs/phase_b/predictions/c76ac44df995482185077da81939b306/vae_and_embedding_dam6_dbp0.png,811f71198e89b1307e0fe15dce9bada24060c0145db311e8e1a86fc441f02399
c76ac44df995482185077da81939b306,vae_and_embedding_dam6_dbp0,vae_and_embedding,-6.0,0.0,-5.98716926574707,-3.977774554186908e-07,4,13,False,-1.9264813661575317,-0.6176691055297852,0.3217683218371539,1.926481407194424,-0.8929233551025391,0.8969073295593262,"{""mid"": ""7d684e92cf47073132ee1e86d82845b04702ca76e99cbeadd379ed0dd4890fa2"", ""up_0"": ""7d684e92cf47073132ee1e86d82845b04702ca76e99cbeadd379ed0dd4890fa2"", ""up_1"": ""954cb80af492587c7a3d84cb4131fd50b03d56d336fe8adfeef8ff61fbd946a9"", ""up_2"": ""7d638a8cd17ecf3f3b85789cd6ac8302051f3b05d98d3b2597320728cb514381"", ""x1"": ""44f51a361faa71e0d3b0d3612978b197483616f755a82f1e3c51cec9eecca1c9"", ""x2"": ""7d638a8cd17ecf3f3b85789cd6ac8302051f3b05d98d3b2597320728cb514381"", ""x3"": ""954cb80af492587c7a3d84cb4131fd50b03d56d336fe8adfeef8ff61fbd946a9"", ""x4"": ""7d684e92cf47073132ee1e86d82845b04702ca76e99cbeadd379ed0dd4890fa2""}",0340047558809127cfbef95fc332f3ae1ce4145167192ddcfc30e1e5778e94dd,aefdce03def94ffed42159e55677ec20e91200e1981f25b1f271b6fd99c3c263,95fc2d589a3316903922e2e9a6f4c945b956f03bdf0752217a12ccde7a94f33d,/4T/CXY/MV-Painter-r1color/1009/engineering/color_cast_repair_v2/runs/phase_b/predictions/c76ac44df995482185077da81939b306/vae_and_embedding_dam6_dbp0.png,811f71198e89b1307e0fe15dce9bada24060c0145db311e8e1a86fc441f02399
c76ac44df995482185077da81939b306,vae_and_embedding_dam6_dbp0,vae_and_embedding,-6.0,0.0,-5.98716926574707,-3.977774554186908e-07,5,14,False,-2.081444025039673,-1.1165504455566406,0.3476507856775413,2.0814440992214016,-0.8403434753417969,0.8885888457298279,"{""mid"": ""7d684e92cf47073132ee1e86d82845b04702ca76e99cbeadd379ed0dd4890fa2"", ""up_0"": ""7d684e92cf47073132ee1e86d82845b04702ca76e99cbeadd379ed0dd4890fa2"", ""up_1"": ""954cb80af492587c7a3d84cb4131fd50b03d56d336fe8adfeef8ff61fbd946a9"", ""up_2"": ""7d638a8cd17ecf3f3b85789cd6ac8302051f3b05d98d3b2597320728cb514381"", ""x1"": ""44f51a361faa71e0d3b0d3612978b197483616f755a82f1e3c51cec9eecca1c9"", ""x2"": ""7d638a8cd17ecf3f3b85789cd6ac8302051f3b05d98d3b2597320728cb514381"", ""x3"": ""954cb80af492587c7a3d84cb4131fd50b03d56d336fe8adfeef8ff61fbd946a9"", ""x4"": ""7d684e92cf47073132ee1e86d82845b04702ca76e99cbeadd379ed0dd4890fa2""}",0340047558809127cfbef95fc332f3ae1ce4145167192ddcfc30e1e5778e94dd,aefdce03def94ffed42159e55677ec20e91200e1981f25b1f271b6fd99c3c263,95fc2d589a3316903922e2e9a6f4c945b956f03bdf0752217a12ccde7a94f33d,/4T/CXY/MV-Painter-r1color/1009/engineering/color_cast_repair_v2/runs/phase_b/predictions/c76ac44df995482185077da81939b306/vae_and_embedding_dam6_dbp0.png,811f71198e89b1307e0fe15dce9bada24060c0145db311e8e1a86fc441f02399
c76ac44df995482185077da81939b306,vae_and_embedding_dap0_dbm6,vae_and_embedding,0.0,-6.0,2.146729229934863e-06,-5.9871625900268555,0,0,True,0.2983132600784302,-3.0494132041931152,0.5093252881146263,3.0494133111547366,-0.5786094665527344,0.9509729146957397,"{""mid"": ""7d684e92cf47073132ee1e86d82845b04702ca76e99cbeadd379ed0dd4890fa2"", ""up_0"": ""7d684e92cf47073132ee1e86d82845b04702ca76e99cbeadd379ed0dd4890fa2"", ""up_1"": ""954cb80af492587c7a3d84cb4131fd50b03d56d336fe8adfeef8ff61fbd946a9"", ""up_2"": ""7d638a8cd17ecf3f3b85789cd6ac8302051f3b05d98d3b2597320728cb514381"", ""x1"": ""44f51a361faa71e0d3b0d3612978b197483616f755a82f1e3c51cec9eecca1c9"", ""x2"": ""7d638a8cd17ecf3f3b85789cd6ac8302051f3b05d98d3b2597320728cb514381"", ""x3"": ""954cb80af492587c7a3d84cb4131fd50b03d56d336fe8adfeef8ff61fbd946a9"", ""x4"": ""7d684e92cf47073132ee1e86d82845b04702ca76e99cbeadd379ed0dd4890fa2""}",0340047558809127cfbef95fc332f3ae1ce4145167192ddcfc30e1e5778e94dd,aefdce03def94ffed42159e55677ec20e91200e1981f25b1f271b6fd99c3c263,4f0ea2cb82e34f0a2f7451870f36539e30747bd3960d1d4702eaedc58b87e593,/4T/CXY/MV-Painter-r1color/1009/engineering/color_cast_repair_v2/runs/phase_b/predictions/c76ac44df995482185077da81939b306/vae_and_embedding_dap0_dbm6.png,ddbb28ce137382c59245e7584ad594eda262e9253476617b114b0e7c01470324
c76ac44df995482185077da81939b306,vae_and_embedding_dap0_dbm6,vae_and_embedding,0.0,-6.0,2.146729229934863e-06,-5.9871625900268555,1,15,False,0.3107927739620209,-2.804086446762085,0.468349826154556,2.8040865581983194,0.41753387451171875,0.9351679086685181,"{""mid"": ""7d684e92cf47073132ee1e86d82845b04702ca76e99cbeadd379ed0dd4890fa2"", ""up_0"": ""7d684e92cf47073132ee1e86d82845b04702ca76e99cbeadd379ed0dd4890fa2"", ""up_1"": ""954cb80af492587c7a3d84cb4131fd50b03d56d336fe8adfeef8ff61fbd946a9"", ""up_2"": ""7d638a8cd17ecf3f3b85789cd6ac8302051f3b05d98d3b2597320728cb514381"", ""x1"": ""44f51a361faa71e0d3b0d3612978b197483616f755a82f1e3c51cec9eecca1c9"", ""x2"": ""7d638a8cd17ecf3f3b85789cd6ac8302051f3b05d98d3b2597320728cb514381"", ""x3"": ""954cb80af492587c7a3d84cb4131fd50b03d56d336fe8adfeef8ff61fbd946a9"", ""x4"": ""7d684e92cf47073132ee1e86d82845b04702ca76e99cbeadd379ed0dd4890fa2""}",0340047558809127cfbef95fc332f3ae1ce4145167192ddcfc30e1e5778e94dd,aefdce03def94ffed42159e55677ec20e91200e1981f25b1f271b6fd99c3c263,4f0ea2cb82e34f0a2f7451870f36539e30747bd3960d1d4702eaedc58b87e593,/4T/CXY/MV-Painter-r1color/1009/engineering/color_cast_repair_v2/runs/phase_b/predictions/c76ac44df995482185077da81939b306/vae_and_embedding_dap0_dbm6.png,ddbb28ce137382c59245e7584ad594eda262e9253476617b114b0e7c01470324
c76ac44df995482185077da81939b306,vae_and_embedding_dap0_dbm6,vae_and_embedding,0.0,-6.0,2.146729229934863e-06,-5.9871625900268555,2,12,False,0.34331372380256653,-3.0235464572906494,0.5050049226028575,3.02354658038743,-0.6137332916259766,0.9486978054046631,"{""mid"": ""7d684e92cf47073132ee1e86d82845b04702ca76e99cbeadd379ed0dd4890fa2"", ""up_0"": ""7d684e92cf47073132ee1e86d82845b04702ca76e99cbeadd379ed0dd4890fa2"", ""up_1"": ""954cb80af492587c7a3d84cb4131fd50b03d56d336fe8adfeef8ff61fbd946a9"", ""up_2"": ""7d638a8cd17ecf3f3b85789cd6ac8302051f3b05d98d3b2597320728cb514381"", ""x1"": ""44f51a361faa71e0d3b0d3612978b197483616f755a82f1e3c51cec9eecca1c9"", ""x2"": ""7d638a8cd17ecf3f3b85789cd6ac8302051f3b05d98d3b2597320728cb514381"", ""x3"": ""954cb80af492587c7a3d84cb4131fd50b03d56d336fe8adfeef8ff61fbd946a9"", ""x4"": ""7d684e92cf47073132ee1e86d82845b04702ca76e99cbeadd379ed0dd4890fa2""}",0340047558809127cfbef95fc332f3ae1ce4145167192ddcfc30e1e5778e94dd,aefdce03def94ffed42159e55677ec20e91200e1981f25b1f271b6fd99c3c263,4f0ea2cb82e34f0a2f7451870f36539e30747bd3960d1d4702eaedc58b87e593,/4T/CXY/MV-Painter-r1color/1009/engineering/color_cast_repair_v2/runs/phase_b/predictions/c76ac44df995482185077da81939b306/vae_and_embedding_dap0_dbm6.png,ddbb28ce137382c59245e7584ad594eda262e9253476617b114b0e7c01470324
c76ac44df995482185077da81939b306,vae_and_embedding_dap0_dbm6,vae_and_embedding,0.0,-6.0,2.146729229934863e-06,-5.9871625900268555,3,16,False,0.2709888219833374,-2.9805777072906494,0.4978281046550618,2.9805778044549522,0.3649940490722656,0.9356598854064941,"{""mid"": ""7d684e92cf47073132ee1e86d82845b04702ca76e99cbeadd379ed0dd4890fa2"", ""up_0"": ""7d684e92cf47073132ee1e86d82845b04702ca76e99cbeadd379ed0dd4890fa2"", ""up_1"": ""954cb80af492587c7a3d84cb4131fd50b03d56d336fe8adfeef8ff61fbd946a9"", ""up_2"": ""7d638a8cd17ecf3f3b85789cd6ac8302051f3b05d98d3b2597320728cb514381"", ""x1"": ""44f51a361faa71e0d3b0d3612978b197483616f755a82f1e3c51cec9eecca1c9"", ""x2"": ""7d638a8cd17ecf3f3b85789cd6ac8302051f3b05d98d3b2597320728cb514381"", ""x3"": ""954cb80af492587c7a3d84cb4131fd50b03d56d336fe8adfeef8ff61fbd946a9"", ""x4"": ""7d684e92cf47073132ee1e86d82845b04702ca76e99cbeadd379ed0dd4890fa2""}",0340047558809127cfbef95fc332f3ae1ce4145167192ddcfc30e1e5778e94dd,aefdce03def94ffed42159e55677ec20e91200e1981f25b1f271b6fd99c3c263,4f0ea2cb82e34f0a2f7451870f36539e30747bd3960d1d4702eaedc58b87e593,/4T/CXY/MV-Painter-r1color/1009/engineering/color_cast_repair_v2/runs/phase_b/predictions/c76ac44df995482185077da81939b306/vae_and_embedding_dap0_dbm6.png,ddbb28ce137382c59245e7584ad594eda262e9253476617b114b0e7c01470324
c76ac44df995482185077da81939b306,vae_and_embedding_dap0_dbm6,vae_and_embedding,0.0,-6.0,2.146729229934863e-06,-5.9871625900268555,4,13,False,0.12611421942710876,-3.0041165351867676,0.5017596457810303,3.0041165804055043,-0.6247653961181641,0.9340042471885681,"{""mid"": ""7d684e92cf47073132ee1e86d82845b04702ca76e99cbeadd379ed0dd4890fa2"", ""up_0"": ""7d684e92cf47073132ee1e86d82845b04702ca76e99cbeadd379ed0dd4890fa2"", ""up_1"": ""954cb80af492587c7a3d84cb4131fd50b03d56d336fe8adfeef8ff61fbd946a9"", ""up_2"": ""7d638a8cd17ecf3f3b85789cd6ac8302051f3b05d98d3b2597320728cb514381"", ""x1"": ""44f51a361faa71e0d3b0d3612978b197483616f755a82f1e3c51cec9eecca1c9"", ""x2"": ""7d638a8cd17ecf3f3b85789cd6ac8302051f3b05d98d3b2597320728cb514381"", ""x3"": ""954cb80af492587c7a3d84cb4131fd50b03d56d336fe8adfeef8ff61fbd946a9"", ""x4"": ""7d684e92cf47073132ee1e86d82845b04702ca76e99cbeadd379ed0dd4890fa2""}",0340047558809127cfbef95fc332f3ae1ce4145167192ddcfc30e1e5778e94dd,aefdce03def94ffed42159e55677ec20e91200e1981f25b1f271b6fd99c3c263,4f0ea2cb82e34f0a2f7451870f36539e30747bd3960d1d4702eaedc58b87e593,/4T/CXY/MV-Painter-r1color/1009/engineering/color_cast_repair_v2/runs/phase_b/predictions/c76ac44df995482185077da81939b306/vae_and_embedding_dap0_dbm6.png,ddbb28ce137382c59245e7584ad594eda262e9253476617b114b0e7c01470324
c76ac44df995482185077da81939b306,vae_and_embedding_dap0_dbm6,vae_and_embedding,0.0,-6.0,2.146729229934863e-06,-5.9871625900268555,5,14,False,0.1897907555103302,-3.1966259479522705,0.5339133467541279,3.196626016002557,-0.4946784973144531,0.9178079962730408,"{""mid"": ""7d684e92cf47073132ee1e86d82845b04702ca76e99cbeadd379ed0dd4890fa2"", ""up_0"": ""7d684e92cf47073132ee1e86d82845b04702ca76e99cbeadd379ed0dd4890fa2"", ""up_1"": ""954cb80af492587c7a3d84cb4131fd50b03d56d336fe8adfeef8ff61fbd946a9"", ""up_2"": ""7d638a8cd17ecf3f3b85789cd6ac8302051f3b05d98d3b2597320728cb514381"", ""x1"": ""44f51a361faa71e0d3b0d3612978b197483616f755a82f1e3c51cec9eecca1c9"", ""x2"": ""7d638a8cd17ecf3f3b85789cd6ac8302051f3b05d98d3b2597320728cb514381"", ""x3"": ""954cb80af492587c7a3d84cb4131fd50b03d56d336fe8adfeef8ff61fbd946a9"", ""x4"": ""7d684e92cf47073132ee1e86d82845b04702ca76e99cbeadd379ed0dd4890fa2""}",0340047558809127cfbef95fc332f3ae1ce4145167192ddcfc30e1e5778e94dd,aefdce03def94ffed42159e55677ec20e91200e1981f25b1f271b6fd99c3c263,4f0ea2cb82e34f0a2f7451870f36539e30747bd3960d1d4702eaedc58b87e593,/4T/CXY/MV-Painter-r1color/1009/engineering/color_cast_repair_v2/runs/phase_b/predictions/c76ac44df995482185077da81939b306/vae_and_embedding_dap0_dbm6.png,ddbb28ce137382c59245e7584ad594eda262e9253476617b114b0e7c01470324
c76ac44df995482185077da81939b306,vae_and_embedding_dap0_dbp6,vae_and_embedding,0.0,6.0,1.5890286704234313e-06,5.9871625900268555,0,0,True,-0.25339776277542114,1.7118359804153442,0.2859177260382814,1.711835913162006,0.4968070983886719,0.9672662615776062,"{""mid"": ""7d684e92cf47073132ee1e86d82845b04702ca76e99cbeadd379ed0dd4890fa2"", ""up_0"": ""7d684e92cf47073132ee1e86d82845b04702ca76e99cbeadd379ed0dd4890fa2"", ""up_1"": ""954cb80af492587c7a3d84cb4131fd50b03d56d336fe8adfeef8ff61fbd946a9"", ""up_2"": ""7d638a8cd17ecf3f3b85789cd6ac8302051f3b05d98d3b2597320728cb514381"", ""x1"": ""44f51a361faa71e0d3b0d3612978b197483616f755a82f1e3c51cec9eecca1c9"", ""x2"": ""7d638a8cd17ecf3f3b85789cd6ac8302051f3b05d98d3b2597320728cb514381"", ""x3"": ""954cb80af492587c7a3d84cb4131fd50b03d56d336fe8adfeef8ff61fbd946a9"", ""x4"": ""7d684e92cf47073132ee1e86d82845b04702ca76e99cbeadd379ed0dd4890fa2""}",0340047558809127cfbef95fc332f3ae1ce4145167192ddcfc30e1e5778e94dd,aefdce03def94ffed42159e55677ec20e91200e1981f25b1f271b6fd99c3c263,e5121aab9d1cb4cf1b4b955d8015d06906e215ec7c30edeb0946f39bcbb9257e,/4T/CXY/MV-Painter-r1color/1009/engineering/color_cast_repair_v2/runs/phase_b/predictions/c76ac44df995482185077da81939b306/vae_and_embedding_dap0_dbp6.png,097e35c4a912b545d76ee4fef6113379b8baa04ab1c205f98a10e72e027d5340
c76ac44df995482185077da81939b306,vae_and_embedding_dap0_dbp6,vae_and_embedding,0.0,6.0,1.5890286704234313e-06,5.9871625900268555,1,15,False,-0.3859233856201172,1.9133771657943726,0.3195799403468825,1.9133770633679361,0.07973098754882812,0.9420215487480164,"{""mid"": ""7d684e92cf47073132ee1e86d82845b04702ca76e99cbeadd379ed0dd4890fa2"", ""up_0"": ""7d684e92cf47073132ee1e86d82845b04702ca76e99cbeadd379ed0dd4890fa2"", ""up_1"": ""954cb80af492587c7a3d84cb4131fd50b03d56d336fe8adfeef8ff61fbd946a9"", ""up_2"": ""7d638a8cd17ecf3f3b85789cd6ac8302051f3b05d98d3b2597320728cb514381"", ""x1"": ""44f51a361faa71e0d3b0d3612978b197483616f755a82f1e3c51cec9eecca1c9"", ""x2"": ""7d638a8cd17ecf3f3b85789cd6ac8302051f3b05d98d3b2597320728cb514381"", ""x3"": ""954cb80af492587c7a3d84cb4131fd50b03d56d336fe8adfeef8ff61fbd946a9"", ""x4"": ""7d684e92cf47073132ee1e86d82845b04702ca76e99cbeadd379ed0dd4890fa2""}",0340047558809127cfbef95fc332f3ae1ce4145167192ddcfc30e1e5778e94dd,aefdce03def94ffed42159e55677ec20e91200e1981f25b1f271b6fd99c3c263,e5121aab9d1cb4cf1b4b955d8015d06906e215ec7c30edeb0946f39bcbb9257e,/4T/CXY/MV-Painter-r1color/1009/engineering/color_cast_repair_v2/runs/phase_b/predictions/c76ac44df995482185077da81939b306/vae_and_embedding_dap0_dbp6.png,097e35c4a912b545d76ee4fef6113379b8baa04ab1c205f98a10e72e027d5340
c76ac44df995482185077da81939b306,vae_and_embedding_dap0_dbp6,vae_and_embedding,0.0,6.0,1.5890286704234313e-06,5.9871625900268555,2,12,False,-0.40579167008399963,1.7750107049942017,0.2964694161223012,1.7750105972946089,0.5011672973632812,0.9609406590461731,"{""mid"": ""7d684e92cf47073132ee1e86d82845b04702ca76e99cbeadd379ed0dd4890fa2"", ""up_0"": ""7d684e92cf47073132ee1e86d82845b04702ca76e99cbeadd379ed0dd4890fa2"", ""up_1"": ""954cb80af492587c7a3d84cb4131fd50b03d56d336fe8adfeef8ff61fbd946a9"", ""up_2"": ""7d638a8cd17ecf3f3b85789cd6ac8302051f3b05d98d3b2597320728cb514381"", ""x1"": ""44f51a361faa71e0d3b0d3612978b197483616f755a82f1e3c51cec9eecca1c9"", ""x2"": ""7d638a8cd17ecf3f3b85789cd6ac8302051f3b05d98d3b2597320728cb514381"", ""x3"": ""954cb80af492587c7a3d84cb4131fd50b03d56d336fe8adfeef8ff61fbd946a9"", ""x4"": ""7d684e92cf47073132ee1e86d82845b04702ca76e99cbeadd379ed0dd4890fa2""}",0340047558809127cfbef95fc332f3ae1ce4145167192ddcfc30e1e5778e94dd,aefdce03def94ffed42159e55677ec20e91200e1981f25b1f271b6fd99c3c263,e5121aab9d1cb4cf1b4b955d8015d06906e215ec7c30edeb0946f39bcbb9257e,/4T/CXY/MV-Painter-r1color/1009/engineering/color_cast_repair_v2/runs/phase_b/predictions/c76ac44df995482185077da81939b306/vae_and_embedding_dap0_dbp6.png,097e35c4a912b545d76ee4fef6113379b8baa04ab1c205f98a10e72e027d5340
c76ac44df995482185077da81939b306,vae_and_embedding_dap0_dbp6,vae_and_embedding,0.0,6.0,1.5890286704234313e-06,5.9871625900268555,3,16,False,-0.23586145043373108,1.615585446357727,0.2698415751143532,1.615585383758634,0.17840957641601562,0.9687477946281433,"{""mid"": ""7d684e92cf47073132ee1e86d82845b04702ca76e99cbeadd379ed0dd4890fa2"", ""up_0"": ""7d684e92cf47073132ee1e86d82845b04702ca76e99cbeadd379ed0dd4890fa2"", ""up_1"": ""954cb80af492587c7a3d84cb4131fd50b03d56d336fe8adfeef8ff61fbd946a9"", ""up_2"": ""7d638a8cd17ecf3f3b85789cd6ac8302051f3b05d98d3b2597320728cb514381"", ""x1"": ""44f51a361faa71e0d3b0d3612978b197483616f755a82f1e3c51cec9eecca1c9"", ""x2"": ""7d638a8cd17ecf3f3b85789cd6ac8302051f3b05d98d3b2597320728cb514381"", ""x3"": ""954cb80af492587c7a3d84cb4131fd50b03d56d336fe8adfeef8ff61fbd946a9"", ""x4"": ""7d684e92cf47073132ee1e86d82845b04702ca76e99cbeadd379ed0dd4890fa2""}",0340047558809127cfbef95fc332f3ae1ce4145167192ddcfc30e1e5778e94dd,aefdce03def94ffed42159e55677ec20e91200e1981f25b1f271b6fd99c3c263,e5121aab9d1cb4cf1b4b955d8015d06906e215ec7c30edeb0946f39bcbb9257e,/4T/CXY/MV-Painter-r1color/1009/engineering/color_cast_repair_v2/runs/phase_b/predictions/c76ac44df995482185077da81939b306/vae_and_embedding_dap0_dbp6.png,097e35c4a912b545d76ee4fef6113379b8baa04ab1c205f98a10e72e027d5340
c76ac44df995482185077da81939b306,vae_and_embedding_dap0_dbp6,vae_and_embedding,0.0,6.0,1.5890286704234313e-06,5.9871625900268555,4,13,False,-0.2601497769355774,1.8130793571472168,0.3028278021248215,1.8130792881018503,0.5457782745361328,0.9545343518257141,"{""mid"": ""7d684e92cf47073132ee1e86d82845b04702ca76e99cbeadd379ed0dd4890fa2"", ""up_0"": ""7d684e92cf47073132ee1e86d82845b04702ca76e99cbeadd379ed0dd4890fa2"", ""up_1"": ""954cb80af492587c7a3d84cb4131fd50b03d56d336fe8adfeef8ff61fbd946a9"", ""up_2"": ""7d638a8cd17ecf3f3b85789cd6ac8302051f3b05d98d3b2597320728cb514381"", ""x1"": ""44f51a361faa71e0d3b0d3612978b197483616f755a82f1e3c51cec9eecca1c9"", ""x2"": ""7d638a8cd17ecf3f3b85789cd6ac8302051f3b05d98d3b2597320728cb514381"", ""x3"": ""954cb80af492587c7a3d84cb4131fd50b03d56d336fe8adfeef8ff61fbd946a9"", ""x4"": ""7d684e92cf47073132ee1e86d82845b04702ca76e99cbeadd379ed0dd4890fa2""}",0340047558809127cfbef95fc332f3ae1ce4145167192ddcfc30e1e5778e94dd,aefdce03def94ffed42159e55677ec20e91200e1981f25b1f271b6fd99c3c263,e5121aab9d1cb4cf1b4b955d8015d06906e215ec7c30edeb0946f39bcbb9257e,/4T/CXY/MV-Painter-r1color/1009/engineering/color_cast_repair_v2/runs/phase_b/predictions/c76ac44df995482185077da81939b306/vae_and_embedding_dap0_dbp6.png,097e35c4a912b545d76ee4fef6113379b8baa04ab1c205f98a10e72e027d5340
c76ac44df995482185077da81939b306,vae_and_embedding_dap0_dbp6,vae_and_embedding,0.0,6.0,1.5890286704234313e-06,5.9871625900268555,5,14,False,-0.33890223503112793,1.6085747480392456,0.26867061548853677,1.6085746580925138,0.5016555786132812,0.9585880041122437,"{""mid"": ""7d684e92cf47073132ee1e86d82845b04702ca76e99cbeadd379ed0dd4890fa2"", ""up_0"": ""7d684e92cf47073132ee1e86d82845b04702ca76e99cbeadd379ed0dd4890fa2"", ""up_1"": ""954cb80af492587c7a3d84cb4131fd50b03d56d336fe8adfeef8ff61fbd946a9"", ""up_2"": ""7d638a8cd17ecf3f3b85789cd6ac8302051f3b05d98d3b2597320728cb514381"", ""x1"": ""44f51a361faa71e0d3b0d3612978b197483616f755a82f1e3c51cec9eecca1c9"", ""x2"": ""7d638a8cd17ecf3f3b85789cd6ac8302051f3b05d98d3b2597320728cb514381"", ""x3"": ""954cb80af492587c7a3d84cb4131fd50b03d56d336fe8adfeef8ff61fbd946a9"", ""x4"": ""7d684e92cf47073132ee1e86d82845b04702ca76e99cbeadd379ed0dd4890fa2""}",0340047558809127cfbef95fc332f3ae1ce4145167192ddcfc30e1e5778e94dd,aefdce03def94ffed42159e55677ec20e91200e1981f25b1f271b6fd99c3c263,e5121aab9d1cb4cf1b4b955d8015d06906e215ec7c30edeb0946f39bcbb9257e,/4T/CXY/MV-Painter-r1color/1009/engineering/color_cast_repair_v2/runs/phase_b/predictions/c76ac44df995482185077da81939b306/vae_and_embedding_dap0_dbp6.png,097e35c4a912b545d76ee4fef6113379b8baa04ab1c205f98a10e72e027d5340
c76ac44df995482185077da81939b306,vae_and_embedding_dap6_dbp0,vae_and_embedding,6.0,0.0,5.987174034118652,-2.6889304649557744e-07,0,0,True,2.8482277393341064,-0.06435835361480713,0.47572155510989883,2.848227742224535,1.5025615692138672,0.951320469379425,"{""mid"": ""7d684e92cf47073132ee1e86d82845b04702ca76e99cbeadd379ed0dd4890fa2"", ""up_0"": ""7d684e92cf47073132ee1e86d82845b04702ca76e99cbeadd379ed0dd4890fa2"", ""up_1"": ""954cb80af492587c7a3d84cb4131fd50b03d56d336fe8adfeef8ff61fbd946a9"", ""up_2"": ""7d638a8cd17ecf3f3b85789cd6ac8302051f3b05d98d3b2597320728cb514381"", ""x1"": ""44f51a361faa71e0d3b0d3612978b197483616f755a82f1e3c51cec9eecca1c9"", ""x2"": ""7d638a8cd17ecf3f3b85789cd6ac8302051f3b05d98d3b2597320728cb514381"", ""x3"": ""954cb80af492587c7a3d84cb4131fd50b03d56d336fe8adfeef8ff61fbd946a9"", ""x4"": ""7d684e92cf47073132ee1e86d82845b04702ca76e99cbeadd379ed0dd4890fa2""}",0340047558809127cfbef95fc332f3ae1ce4145167192ddcfc30e1e5778e94dd,aefdce03def94ffed42159e55677ec20e91200e1981f25b1f271b6fd99c3c263,c29e6cfdff15539392d9d50cfde27698648e58b8a0921f022b388bf153466604,/4T/CXY/MV-Painter-r1color/1009/engineering/color_cast_repair_v2/runs/phase_b/predictions/c76ac44df995482185077da81939b306/vae_and_embedding_dap6_dbp0.png,a1f59ab9554daadc0f2e521025b2a05cd41d46b49b428c0b7b84243f095376dd
c76ac44df995482185077da81939b306,vae_and_embedding_dap6_dbp0,vae_and_embedding,6.0,0.0,5.987174034118652,-2.6889304649557744e-07,1,15,False,2.742290496826172,0.11428118497133255,0.4580275228457271,2.742290491693628,2.6251277923583984,0.9139846563339233,"{""mid"": ""7d684e92cf47073132ee1e86d82845b04702ca76e99cbeadd379ed0dd4890fa2"", ""up_0"": ""7d684e92cf47073132ee1e86d82845b04702ca76e99cbeadd379ed0dd4890fa2"", ""up_1"": ""954cb80af492587c7a3d84cb4131fd50b03d56d336fe8adfeef8ff61fbd946a9"", ""up_2"": ""7d638a8cd17ecf3f3b85789cd6ac8302051f3b05d98d3b2597320728cb514381"", ""x1"": ""44f51a361faa71e0d3b0d3612978b197483616f755a82f1e3c51cec9eecca1c9"", ""x2"": ""7d638a8cd17ecf3f3b85789cd6ac8302051f3b05d98d3b2597320728cb514381"", ""x3"": ""954cb80af492587c7a3d84cb4131fd50b03d56d336fe8adfeef8ff61fbd946a9"", ""x4"": ""7d684e92cf47073132ee1e86d82845b04702ca76e99cbeadd379ed0dd4890fa2""}",0340047558809127cfbef95fc332f3ae1ce4145167192ddcfc30e1e5778e94dd,aefdce03def94ffed42159e55677ec20e91200e1981f25b1f271b6fd99c3c263,c29e6cfdff15539392d9d50cfde27698648e58b8a0921f022b388bf153466604,/4T/CXY/MV-Painter-r1color/1009/engineering/color_cast_repair_v2/runs/phase_b/predictions/c76ac44df995482185077da81939b306/vae_and_embedding_dap6_dbp0.png,a1f59ab9554daadc0f2e521025b2a05cd41d46b49b428c0b7b84243f095376dd
c76ac44df995482185077da81939b306,vae_and_embedding_dap6_dbp0,vae_and_embedding,6.0,0.0,5.987174034118652,-2.6889304649557744e-07,2,12,False,2.90891170501709,0.15464960038661957,0.48585721435434204,2.90891169807154,1.5123729705810547,0.9548177123069763,"{""mid"": ""7d684e92cf47073132ee1e86d82845b04702ca76e99cbeadd379ed0dd4890fa2"", ""up_0"": ""7d684e92cf47073132ee1e86d82845b04702ca76e99cbeadd379ed0dd4890fa2"", ""up_1"": ""954cb80af492587c7a3d84cb4131fd50b03d56d336fe8adfeef8ff61fbd946a9"", ""up_2"": ""7d638a8cd17ecf3f3b85789cd6ac8302051f3b05d98d3b2597320728cb514381"", ""x1"": ""44f51a361faa71e0d3b0d3612978b197483616f755a82f1e3c51cec9eecca1c9"", ""x2"": ""7d638a8cd17ecf3f3b85789cd6ac8302051f3b05d98d3b2597320728cb514381"", ""x3"": ""954cb80af492587c7a3d84cb4131fd50b03d56d336fe8adfeef8ff61fbd946a9"", ""x4"": ""7d684e92cf47073132ee1e86d82845b04702ca76e99cbeadd379ed0dd4890fa2""}",0340047558809127cfbef95fc332f3ae1ce4145167192ddcfc30e1e5778e94dd,aefdce03def94ffed42159e55677ec20e91200e1981f25b1f271b6fd99c3c263,c29e6cfdff15539392d9d50cfde27698648e58b8a0921f022b388bf153466604,/4T/CXY/MV-Painter-r1color/1009/engineering/color_cast_repair_v2/runs/phase_b/predictions/c76ac44df995482185077da81939b306/vae_and_embedding_dap6_dbp0.png,a1f59ab9554daadc0f2e521025b2a05cd41d46b49b428c0b7b84243f095376dd
c76ac44df995482185077da81939b306,vae_and_embedding_dap6_dbp0,vae_and_embedding,6.0,0.0,5.987174034118652,-2.6889304649557744e-07,3,16,False,2.7811527252197266,-0.37887832522392273,0.46451843998303316,2.7811527422357227,2.5308380126953125,0.9013572335243225,"{""mid"": ""7d684e92cf47073132ee1e86d82845b04702ca76e99cbeadd379ed0dd4890fa2"", ""up_0"": ""7d684e92cf47073132ee1e86d82845b04702ca76e99cbeadd379ed0dd4890fa2"", ""up_1"": ""954cb80af492587c7a3d84cb4131fd50b03d56d336fe8adfeef8ff61fbd946a9"", ""up_2"": ""7d638a8cd17ecf3f3b85789cd6ac8302051f3b05d98d3b2597320728cb514381"", ""x1"": ""44f51a361faa71e0d3b0d3612978b197483616f755a82f1e3c51cec9eecca1c9"", ""x2"": ""7d638a8cd17ecf3f3b85789cd6ac8302051f3b05d98d3b2597320728cb514381"", ""x3"": ""954cb80af492587c7a3d84cb4131fd50b03d56d336fe8adfeef8ff61fbd946a9"", ""x4"": ""7d684e92cf47073132ee1e86d82845b04702ca76e99cbeadd379ed0dd4890fa2""}",0340047558809127cfbef95fc332f3ae1ce4145167192ddcfc30e1e5778e94dd,aefdce03def94ffed42159e55677ec20e91200e1981f25b1f271b6fd99c3c263,c29e6cfdff15539392d9d50cfde27698648e58b8a0921f022b388bf153466604,/4T/CXY/MV-Painter-r1color/1009/engineering/color_cast_repair_v2/runs/phase_b/predictions/c76ac44df995482185077da81939b306/vae_and_embedding_dap6_dbp0.png,a1f59ab9554daadc0f2e521025b2a05cd41d46b49b428c0b7b84243f095376dd
c76ac44df995482185077da81939b306,vae_and_embedding_dap6_dbp0,vae_and_embedding,6.0,0.0,5.987174034118652,-2.6889304649557744e-07,4,13,False,2.820852041244507,-0.0348358117043972,0.47114916431926906,2.820852042809033,1.7095394134521484,0.9333906769752502,"{""mid"": ""7d684e92cf47073132ee1e86d82845b04702ca76e99cbeadd379ed0dd4890fa2"", ""up_0"": ""7d684e92cf47073132ee1e86d82845b04702ca76e99cbeadd379ed0dd4890fa2"", ""up_1"": ""954cb80af492587c7a3d84cb4131fd50b03d56d336fe8adfeef8ff61fbd946a9"", ""up_2"": ""7d638a8cd17ecf3f3b85789cd6ac8302051f3b05d98d3b2597320728cb514381"", ""x1"": ""44f51a361faa71e0d3b0d3612978b197483616f755a82f1e3c51cec9eecca1c9"", ""x2"": ""7d638a8cd17ecf3f3b85789cd6ac8302051f3b05d98d3b2597320728cb514381"", ""x3"": ""954cb80af492587c7a3d84cb4131fd50b03d56d336fe8adfeef8ff61fbd946a9"", ""x4"": ""7d684e92cf47073132ee1e86d82845b04702ca76e99cbeadd379ed0dd4890fa2""}",0340047558809127cfbef95fc332f3ae1ce4145167192ddcfc30e1e5778e94dd,aefdce03def94ffed42159e55677ec20e91200e1981f25b1f271b6fd99c3c263,c29e6cfdff15539392d9d50cfde27698648e58b8a0921f022b388bf153466604,/4T/CXY/MV-Painter-r1color/1009/engineering/color_cast_repair_v2/runs/phase_b/predictions/c76ac44df995482185077da81939b306/vae_and_embedding_dap6_dbp0.png,a1f59ab9554daadc0f2e521025b2a05cd41d46b49b428c0b7b84243f095376dd
c76ac44df995482185077da81939b306,vae_and_embedding_dap6_dbp0,vae_and_embedding,6.0,0.0,5.987174034118652,-2.6889304649557744e-07,5,14,False,2.9717321395874023,-0.09418743848800659,0.4963497180610942,2.9717321438175,1.7840614318847656,0.939482569694519,"{""mid"": ""7d684e92cf47073132ee1e86d82845b04702ca76e99cbeadd379ed0dd4890fa2"", ""up_0"": ""7d684e92cf47073132ee1e86d82845b04702ca76e99cbeadd379ed0dd4890fa2"", ""up_1"": ""954cb80af492587c7a3d84cb4131fd50b03d56d336fe8adfeef8ff61fbd946a9"", ""up_2"": ""7d638a8cd17ecf3f3b85789cd6ac8302051f3b05d98d3b2597320728cb514381"", ""x1"": ""44f51a361faa71e0d3b0d3612978b197483616f755a82f1e3c51cec9eecca1c9"", ""x2"": ""7d638a8cd17ecf3f3b85789cd6ac8302051f3b05d98d3b2597320728cb514381"", ""x3"": ""954cb80af492587c7a3d84cb4131fd50b03d56d336fe8adfeef8ff61fbd946a9"", ""x4"": ""7d684e92cf47073132ee1e86d82845b04702ca76e99cbeadd379ed0dd4890fa2""}",0340047558809127cfbef95fc332f3ae1ce4145167192ddcfc30e1e5778e94dd,aefdce03def94ffed42159e55677ec20e91200e1981f25b1f271b6fd99c3c263,c29e6cfdff15539392d9d50cfde27698648e58b8a0921f022b388bf153466604,/4T/CXY/MV-Painter-r1color/1009/engineering/color_cast_repair_v2/runs/phase_b/predictions/c76ac44df995482185077da81939b306/vae_and_embedding_dap6_dbp0.png,a1f59ab9554daadc0f2e521025b2a05cd41d46b49b428c0b7b84243f095376dd
c76ac44df995482185077da81939b306,vae_only_dam6_dbp0,vae_only,-6.0,0.0,-5.98716926574707,-3.977774554186908e-07,0,0,True,0.2369997352361679,0.36686092615127563,-0.03958460986992277,-0.23699975960979028,-0.0829315185546875,0.9913346767425537,"{""mid"": ""7d684e92cf47073132ee1e86d82845b04702ca76e99cbeadd379ed0dd4890fa2"", ""up_0"": ""7d684e92cf47073132ee1e86d82845b04702ca76e99cbeadd379ed0dd4890fa2"", ""up_1"": ""954cb80af492587c7a3d84cb4131fd50b03d56d336fe8adfeef8ff61fbd946a9"", ""up_2"": ""7d638a8cd17ecf3f3b85789cd6ac8302051f3b05d98d3b2597320728cb514381"", ""x1"": ""44f51a361faa71e0d3b0d3612978b197483616f755a82f1e3c51cec9eecca1c9"", ""x2"": ""7d638a8cd17ecf3f3b85789cd6ac8302051f3b05d98d3b2597320728cb514381"", ""x3"": ""954cb80af492587c7a3d84cb4131fd50b03d56d336fe8adfeef8ff61fbd946a9"", ""x4"": ""7d684e92cf47073132ee1e86d82845b04702ca76e99cbeadd379ed0dd4890fa2""}",0340047558809127cfbef95fc332f3ae1ce4145167192ddcfc30e1e5778e94dd,aefdce03def94ffed42159e55677ec20e91200e1981f25b1f271b6fd99c3c263,95fc2d589a3316903922e2e9a6f4c945b956f03bdf0752217a12ccde7a94f33d,/4T/CXY/MV-Painter-r1color/1009/engineering/color_cast_repair_v2/runs/phase_b/predictions/c76ac44df995482185077da81939b306/vae_only_dam6_dbp0.png,ee1aebb6418475085a72e0aadbf2547555a5e6bbb12a0957943365ada7298ccc
c76ac44df995482185077da81939b306,vae_only_dam6_dbp0,vae_only,-6.0,0.0,-5.98716926574707,-3.977774554186908e-07,1,15,False,0.1668033003807068,0.15500833094120026,-0.02786012943270034,-0.1668033106791992,-0.4277305603027344,0.9643046259880066,"{""mid"": ""7d684e92cf47073132ee1e86d82845b04702ca76e99cbeadd379ed0dd4890fa2"", ""up_0"": ""7d684e92cf47073132ee1e86d82845b04702ca76e99cbeadd379ed0dd4890fa2"", ""up_1"": ""954cb80af492587c7a3d84cb4131fd50b03d56d336fe8adfeef8ff61fbd946a9"", ""up_2"": ""7d638a8cd17ecf3f3b85789cd6ac8302051f3b05d98d3b2597320728cb514381"", ""x1"": ""44f51a361faa71e0d3b0d3612978b197483616f755a82f1e3c51cec9eecca1c9"", ""x2"": ""7d638a8cd17ecf3f3b85789cd6ac8302051f3b05d98d3b2597320728cb514381"", ""x3"": ""954cb80af492587c7a3d84cb4131fd50b03d56d336fe8adfeef8ff61fbd946a9"", ""x4"": ""7d684e92cf47073132ee1e86d82845b04702ca76e99cbeadd379ed0dd4890fa2""}",0340047558809127cfbef95fc332f3ae1ce4145167192ddcfc30e1e5778e94dd,aefdce03def94ffed42159e55677ec20e91200e1981f25b1f271b6fd99c3c263,95fc2d589a3316903922e2e9a6f4c945b956f03bdf0752217a12ccde7a94f33d,/4T/CXY/MV-Painter-r1color/1009/engineering/color_cast_repair_v2/runs/phase_b/predictions/c76ac44df995482185077da81939b306/vae_only_dam6_dbp0.png,ee1aebb6418475085a72e0aadbf2547555a5e6bbb12a0957943365ada7298ccc
c76ac44df995482185077da81939b306,vae_only_dam6_dbp0,vae_only,-6.0,0.0,-5.98716926574707,-3.977774554186908e-07,2,12,False,0.27412545680999756,0.31311649084091187,-0.04578548984429361,-0.27412547761292994,-0.026987075805664062,0.9808153510093689,"{""mid"": ""7d684e92cf47073132ee1e86d82845b04702ca76e99cbeadd379ed0dd4890fa2"", ""up_0"": ""7d684e92cf47073132ee1e86d82845b04702ca76e99cbeadd379ed0dd4890fa2"", ""up_1"": ""954cb80af492587c7a3d84cb4131fd50b03d56d336fe8adfeef8ff61fbd946a9"", ""up_2"": ""7d638a8cd17ecf3f3b85789cd6ac8302051f3b05d98d3b2597320728cb514381"", ""x1"": ""44f51a361faa71e0d3b0d3612978b197483616f755a82f1e3c51cec9eecca1c9"", ""x2"": ""7d638a8cd17ecf3f3b85789cd6ac8302051f3b05d98d3b2597320728cb514381"", ""x3"": ""954cb80af492587c7a3d84cb4131fd50b03d56d336fe8adfeef8ff61fbd946a9"", ""x4"": ""7d684e92cf47073132ee1e86d82845b04702ca76e99cbeadd379ed0dd4890fa2""}",0340047558809127cfbef95fc332f3ae1ce4145167192ddcfc30e1e5778e94dd,aefdce03def94ffed42159e55677ec20e91200e1981f25b1f271b6fd99c3c263,95fc2d589a3316903922e2e9a6f4c945b956f03bdf0752217a12ccde7a94f33d,/4T/CXY/MV-Painter-r1color/1009/engineering/color_cast_repair_v2/runs/phase_b/predictions/c76ac44df995482185077da81939b306/vae_only_dam6_dbp0.png,ee1aebb6418475085a72e0aadbf2547555a5e6bbb12a0957943365ada7298ccc
c76ac44df995482185077da81939b306,vae_only_dam6_dbp0,vae_only,-6.0,0.0,-5.98716926574707,-3.977774554186908e-07,3,16,False,0.259382963180542,0.2782003879547119,-0.04332314156335135,-0.25938298166370727,-0.3164787292480469,0.9895915389060974,"{""mid"": ""7d684e92cf47073132ee1e86d82845b04702ca76e99cbeadd379ed0dd4890fa2"", ""up_0"": ""7d684e92cf47073132ee1e86d82845b04702ca76e99cbeadd379ed0dd4890fa2"", ""up_1"": ""954cb80af492587c7a3d84cb4131fd50b03d56d336fe8adfeef8ff61fbd946a9"", ""up_2"": ""7d638a8cd17ecf3f3b85789cd6ac8302051f3b05d98d3b2597320728cb514381"", ""x1"": ""44f51a361faa71e0d3b0d3612978b197483616f755a82f1e3c51cec9eecca1c9"", ""x2"": ""7d638a8cd17ecf3f3b85789cd6ac8302051f3b05d98d3b2597320728cb514381"", ""x3"": ""954cb80af492587c7a3d84cb4131fd50b03d56d336fe8adfeef8ff61fbd946a9"", ""x4"": ""7d684e92cf47073132ee1e86d82845b04702ca76e99cbeadd379ed0dd4890fa2""}",0340047558809127cfbef95fc332f3ae1ce4145167192ddcfc30e1e5778e94dd,aefdce03def94ffed42159e55677ec20e91200e1981f25b1f271b6fd99c3c263,95fc2d589a3316903922e2e9a6f4c945b956f03bdf0752217a12ccde7a94f33d,/4T/CXY/MV-Painter-r1color/1009/engineering/color_cast_repair_v2/runs/phase_b/predictions/c76ac44df995482185077da81939b306/vae_only_dam6_dbp0.png,ee1aebb6418475085a72e0aadbf2547555a5e6bbb12a0957943365ada7298ccc
c76ac44df995482185077da81939b306,vae_only_dam6_dbp0,vae_only,-6.0,0.0,-5.98716926574707,-3.977774554186908e-07,4,13,False,0.23366108536720276,0.3472874164581299,-0.03902697553202342,-0.23366110844039403,-0.19623947143554688,0.9884782433509827,"{""mid"": ""7d684e92cf47073132ee1e86d82845b04702ca76e99cbeadd379ed0dd4890fa2"", ""up_0"": ""7d684e92cf47073132ee1e86d82845b04702ca76e99cbeadd379ed0dd4890fa2"", ""up_1"": ""954cb80af492587c7a3d84cb4131fd50b03d56d336fe8adfeef8ff61fbd946a9"", ""up_2"": ""7d638a8cd17ecf3f3b85789cd6ac8302051f3b05d98d3b2597320728cb514381"", ""x1"": ""44f51a361faa71e0d3b0d3612978b197483616f755a82f1e3c51cec9eecca1c9"", ""x2"": ""7d638a8cd17ecf3f3b85789cd6ac8302051f3b05d98d3b2597320728cb514381"", ""x3"": ""954cb80af492587c7a3d84cb4131fd50b03d56d336fe8adfeef8ff61fbd946a9"", ""x4"": ""7d684e92cf47073132ee1e86d82845b04702ca76e99cbeadd379ed0dd4890fa2""}",0340047558809127cfbef95fc332f3ae1ce4145167192ddcfc30e1e5778e94dd,aefdce03def94ffed42159e55677ec20e91200e1981f25b1f271b6fd99c3c263,95fc2d589a3316903922e2e9a6f4c945b956f03bdf0752217a12ccde7a94f33d,/4T/CXY/MV-Painter-r1color/1009/engineering/color_cast_repair_v2/runs/phase_b/predictions/c76ac44df995482185077da81939b306/vae_only_dam6_dbp0.png,ee1aebb6418475085a72e0aadbf2547555a5e6bbb12a0957943365ada7298ccc
c76ac44df995482185077da81939b306,vae_only_dam6_dbp0,vae_only,-6.0,0.0,-5.98716926574707,-3.977774554186908e-07,5,14,False,0.26905885338783264,0.38113176822662354,-0.04493924704098245,-0.26905887870958567,-0.22843360900878906,0.9683195352554321,"{""mid"": ""7d684e92cf47073132ee1e86d82845b04702ca76e99cbeadd379ed0dd4890fa2"", ""up_0"": ""7d684e92cf47073132ee1e86d82845b04702ca76e99cbeadd379ed0dd4890fa2"", ""up_1"": ""954cb80af492587c7a3d84cb4131fd50b03d56d336fe8adfeef8ff61fbd946a9"", ""up_2"": ""7d638a8cd17ecf3f3b85789cd6ac8302051f3b05d98d3b2597320728cb514381"", ""x1"": ""44f51a361faa71e0d3b0d3612978b197483616f755a82f1e3c51cec9eecca1c9"", ""x2"": ""7d638a8cd17ecf3f3b85789cd6ac8302051f3b05d98d3b2597320728cb514381"", ""x3"": ""954cb80af492587c7a3d84cb4131fd50b03d56d336fe8adfeef8ff61fbd946a9"", ""x4"": ""7d684e92cf47073132ee1e86d82845b04702ca76e99cbeadd379ed0dd4890fa2""}",0340047558809127cfbef95fc332f3ae1ce4145167192ddcfc30e1e5778e94dd,aefdce03def94ffed42159e55677ec20e91200e1981f25b1f271b6fd99c3c263,95fc2d589a3316903922e2e9a6f4c945b956f03bdf0752217a12ccde7a94f33d,/4T/CXY/MV-Painter-r1color/1009/engineering/color_cast_repair_v2/runs/phase_b/predictions/c76ac44df995482185077da81939b306/vae_only_dam6_dbp0.png,ee1aebb6418475085a72e0aadbf2547555a5e6bbb12a0957943365ada7298ccc
c76ac44df995482185077da81939b306,vae_only_dap0_dbm6,vae_only,0.0,-6.0,2.146729229934863e-06,-5.9871625900268555,0,0,True,-0.05409460514783859,0.404435932636261,-0.06755052096059837,-0.40443595203214555,-0.3013744354248047,0.9917445182800293,"{""mid"": ""7d684e92cf47073132ee1e86d82845b04702ca76e99cbeadd379ed0dd4890fa2"", ""up_0"": ""7d684e92cf47073132ee1e86d82845b04702ca76e99cbeadd379ed0dd4890fa2"", ""up_1"": ""954cb80af492587c7a3d84cb4131fd50b03d56d336fe8adfeef8ff61fbd946a9"", ""up_2"": ""7d638a8cd17ecf3f3b85789cd6ac8302051f3b05d98d3b2597320728cb514381"", ""x1"": ""44f51a361faa71e0d3b0d3612978b197483616f755a82f1e3c51cec9eecca1c9"", ""x2"": ""7d638a8cd17ecf3f3b85789cd6ac8302051f3b05d98d3b2597320728cb514381"", ""x3"": ""954cb80af492587c7a3d84cb4131fd50b03d56d336fe8adfeef8ff61fbd946a9"", ""x4"": ""7d684e92cf47073132ee1e86d82845b04702ca76e99cbeadd379ed0dd4890fa2""}",0340047558809127cfbef95fc332f3ae1ce4145167192ddcfc30e1e5778e94dd,aefdce03def94ffed42159e55677ec20e91200e1981f25b1f271b6fd99c3c263,4f0ea2cb82e34f0a2f7451870f36539e30747bd3960d1d4702eaedc58b87e593,/4T/CXY/MV-Painter-r1color/1009/engineering/color_cast_repair_v2/runs/phase_b/predictions/c76ac44df995482185077da81939b306/vae_only_dap0_dbm6.png,7ed9c9b1b7399d6d22f10abf950b7f25a2aaa89b5ba9b4eb9e445615f51e8487
c76ac44df995482185077da81939b306,vae_only_dap0_dbm6,vae_only,0.0,-6.0,2.146729229934863e-06,-5.9871625900268555,1,15,False,-0.09248589724302292,0.2632136642932892,-0.04396301144268553,-0.26321369745458634,-0.902679443359375,0.960665762424469,"{""mid"": ""7d684e92cf47073132ee1e86d82845b04702ca76e99cbeadd379ed0dd4890fa2"", ""up_0"": ""7d684e92cf47073132ee1e86d82845b04702ca76e99cbeadd379ed0dd4890fa2"", ""up_1"": ""954cb80af492587c7a3d84cb4131fd50b03d56d336fe8adfeef8ff61fbd946a9"", ""up_2"": ""7d638a8cd17ecf3f3b85789cd6ac8302051f3b05d98d3b2597320728cb514381"", ""x1"": ""44f51a361faa71e0d3b0d3612978b197483616f755a82f1e3c51cec9eecca1c9"", ""x2"": ""7d638a8cd17ecf3f3b85789cd6ac8302051f3b05d98d3b2597320728cb514381"", ""x3"": ""954cb80af492587c7a3d84cb4131fd50b03d56d336fe8adfeef8ff61fbd946a9"", ""x4"": ""7d684e92cf47073132ee1e86d82845b04702ca76e99cbeadd379ed0dd4890fa2""}",0340047558809127cfbef95fc332f3ae1ce4145167192ddcfc30e1e5778e94dd,aefdce03def94ffed42159e55677ec20e91200e1981f25b1f271b6fd99c3c263,4f0ea2cb82e34f0a2f7451870f36539e30747bd3960d1d4702eaedc58b87e593,/4T/CXY/MV-Painter-r1color/1009/engineering/color_cast_repair_v2/runs/phase_b/predictions/c76ac44df995482185077da81939b306/vae_only_dap0_dbm6.png,7ed9c9b1b7399d6d22f10abf950b7f25a2aaa89b5ba9b4eb9e445615f51e8487
c76ac44df995482185077da81939b306,vae_only_dap0_dbm6,vae_only,0.0,-6.0,2.146729229934863e-06,-5.9871625900268555,2,12,False,-0.005591620225459337,0.3486315608024597,-0.05822984720476022,-0.3486315628073427,-0.20208740234375,0.9773518443107605,"{""mid"": ""7d684e92cf47073132ee1e86d82845b04702ca76e99cbeadd379ed0dd4890fa2"", ""up_0"": ""7d684e92cf47073132ee1e86d82845b04702ca76e99cbeadd379ed0dd4890fa2"", ""up_1"": ""954cb80af492587c7a3d84cb4131fd50b03d56d336fe8adfeef8ff61fbd946a9"", ""up_2"": ""7d638a8cd17ecf3f3b85789cd6ac8302051f3b05d98d3b2597320728cb514381"", ""x1"": ""44f51a361faa71e0d3b0d3612978b197483616f755a82f1e3c51cec9eecca1c9"", ""x2"": ""7d638a8cd17ecf3f3b85789cd6ac8302051f3b05d98d3b2597320728cb514381"", ""x3"": ""954cb80af492587c7a3d84cb4131fd50b03d56d336fe8adfeef8ff61fbd946a9"", ""x4"": ""7d684e92cf47073132ee1e86d82845b04702ca76e99cbeadd379ed0dd4890fa2""}",0340047558809127cfbef95fc332f3ae1ce4145167192ddcfc30e1e5778e94dd,aefdce03def94ffed42159e55677ec20e91200e1981f25b1f271b6fd99c3c263,4f0ea2cb82e34f0a2f7451870f36539e30747bd3960d1d4702eaedc58b87e593,/4T/CXY/MV-Painter-r1color/1009/engineering/color_cast_repair_v2/runs/phase_b/predictions/c76ac44df995482185077da81939b306/vae_only_dap0_dbm6.png,7ed9c9b1b7399d6d22f10abf950b7f25a2aaa89b5ba9b4eb9e445615f51e8487
c76ac44df995482185077da81939b306,vae_only_dap0_dbm6,vae_only,0.0,-6.0,2.146729229934863e-06,-5.9871625900268555,3,16,False,-0.036214545369148254,0.29821115732192993,-0.04980843025769127,-0.2982111703068301,-0.7517414093017578,0.9873926043510437,"{""mid"": ""7d684e92cf47073132ee1e86d82845b04702ca76e99cbeadd379ed0dd4890fa2"", ""up_0"": ""7d684e92cf47073132ee1e86d82845b04702ca76e99cbeadd379ed0dd4890fa2"", ""up_1"": ""954cb80af492587c7a3d84cb4131fd50b03d56d336fe8adfeef8ff61fbd946a9"", ""up_2"": ""7d638a8cd17ecf3f3b85789cd6ac8302051f3b05d98d3b2597320728cb514381"", ""x1"": ""44f51a361faa71e0d3b0d3612978b197483616f755a82f1e3c51cec9eecca1c9"", ""x2"": ""7d638a8cd17ecf3f3b85789cd6ac8302051f3b05d98d3b2597320728cb514381"", ""x3"": ""954cb80af492587c7a3d84cb4131fd50b03d56d336fe8adfeef8ff61fbd946a9"", ""x4"": ""7d684e92cf47073132ee1e86d82845b04702ca76e99cbeadd379ed0dd4890fa2""}",0340047558809127cfbef95fc332f3ae1ce4145167192ddcfc30e1e5778e94dd,aefdce03def94ffed42159e55677ec20e91200e1981f25b1f271b6fd99c3c263,4f0ea2cb82e34f0a2f7451870f36539e30747bd3960d1d4702eaedc58b87e593,/4T/CXY/MV-Painter-r1color/1009/engineering/color_cast_repair_v2/runs/phase_b/predictions/c76ac44df995482185077da81939b306/vae_only_dap0_dbm6.png,7ed9c9b1b7399d6d22f10abf950b7f25a2aaa89b5ba9b4eb9e445615f51e8487
c76ac44df995482185077da81939b306,vae_only_dap0_dbm6,vae_only,0.0,-6.0,2.146729229934863e-06,-5.9871625900268555,4,13,False,-0.07391749322414398,0.35621538758277893,-0.0594965325778214,-0.3562154140862693,-0.4842662811279297,0.9888080954551697,"{""mid"": ""7d684e92cf47073132ee1e86d82845b04702ca76e99cbeadd379ed0dd4890fa2"", ""up_0"": ""7d684e92cf47073132ee1e86d82845b04702ca76e99cbeadd379ed0dd4890fa2"", ""up_1"": ""954cb80af492587c7a3d84cb4131fd50b03d56d336fe8adfeef8ff61fbd946a9"", ""up_2"": ""7d638a8cd17ecf3f3b85789cd6ac8302051f3b05d98d3b2597320728cb514381"", ""x1"": ""44f51a361faa71e0d3b0d3612978b197483616f755a82f1e3c51cec9eecca1c9"", ""x2"": ""7d638a8cd17ecf3f3b85789cd6ac8302051f3b05d98d3b2597320728cb514381"", ""x3"": ""954cb80af492587c7a3d84cb4131fd50b03d56d336fe8adfeef8ff61fbd946a9"", ""x4"": ""7d684e92cf47073132ee1e86d82845b04702ca76e99cbeadd379ed0dd4890fa2""}",0340047558809127cfbef95fc332f3ae1ce4145167192ddcfc30e1e5778e94dd,aefdce03def94ffed42159e55677ec20e91200e1981f25b1f271b6fd99c3c263,4f0ea2cb82e34f0a2f7451870f36539e30747bd3960d1d4702eaedc58b87e593,/4T/CXY/MV-Painter-r1color/1009/engineering/color_cast_repair_v2/runs/phase_b/predictions/c76ac44df995482185077da81939b306/vae_only_dap0_dbm6.png,7ed9c9b1b7399d6d22f10abf950b7f25a2aaa89b5ba9b4eb9e445615f51e8487
c76ac44df995482185077da81939b306,vae_only_dap0_dbm6,vae_only,0.0,-6.0,2.146729229934863e-06,-5.9871625900268555,5,14,False,0.02356627583503723,0.49174535274505615,-0.08213328716248755,-0.4917453442952101,-0.5176315307617188,0.9630212187767029,"{""mid"": ""7d684e92cf47073132ee1e86d82845b04702ca76e99cbeadd379ed0dd4890fa2"", ""up_0"": ""7d684e92cf47073132ee1e86d82845b04702ca76e99cbeadd379ed0dd4890fa2"", ""up_1"": ""954cb80af492587c7a3d84cb4131fd50b03d56d336fe8adfeef8ff61fbd946a9"", ""up_2"": ""7d638a8cd17ecf3f3b85789cd6ac8302051f3b05d98d3b2597320728cb514381"", ""x1"": ""44f51a361faa71e0d3b0d3612978b197483616f755a82f1e3c51cec9eecca1c9"", ""x2"": ""7d638a8cd17ecf3f3b85789cd6ac8302051f3b05d98d3b2597320728cb514381"", ""x3"": ""954cb80af492587c7a3d84cb4131fd50b03d56d336fe8adfeef8ff61fbd946a9"", ""x4"": ""7d684e92cf47073132ee1e86d82845b04702ca76e99cbeadd379ed0dd4890fa2""}",0340047558809127cfbef95fc332f3ae1ce4145167192ddcfc30e1e5778e94dd,aefdce03def94ffed42159e55677ec20e91200e1981f25b1f271b6fd99c3c263,4f0ea2cb82e34f0a2f7451870f36539e30747bd3960d1d4702eaedc58b87e593,/4T/CXY/MV-Painter-r1color/1009/engineering/color_cast_repair_v2/runs/phase_b/predictions/c76ac44df995482185077da81939b306/vae_only_dap0_dbm6.png,7ed9c9b1b7399d6d22f10abf950b7f25a2aaa89b5ba9b4eb9e445615f51e8487
c76ac44df995482185077da81939b306,vae_only_dap0_dbp6,vae_only,0.0,6.0,1.5890286704234313e-06,5.9871625900268555,0,0,True,0.012364200316369534,-0.22698965668678284,-0.037912725768186654,-0.2269896534052423,0.23064041137695312,0.9874404668807983,"{""mid"": ""7d684e92cf47073132ee1e86d82845b04702ca76e99cbeadd379ed0dd4890fa2"", ""up_0"": ""7d684e92cf47073132ee1e86d82845b04702ca76e99cbeadd379ed0dd4890fa2"", ""up_1"": ""954cb80af492587c7a3d84cb4131fd50b03d56d336fe8adfeef8ff61fbd946a9"", ""up_2"": ""7d638a8cd17ecf3f3b85789cd6ac8302051f3b05d98d3b2597320728cb514381"", ""x1"": ""44f51a361faa71e0d3b0d3612978b197483616f755a82f1e3c51cec9eecca1c9"", ""x2"": ""7d638a8cd17ecf3f3b85789cd6ac8302051f3b05d98d3b2597320728cb514381"", ""x3"": ""954cb80af492587c7a3d84cb4131fd50b03d56d336fe8adfeef8ff61fbd946a9"", ""x4"": ""7d684e92cf47073132ee1e86d82845b04702ca76e99cbeadd379ed0dd4890fa2""}",0340047558809127cfbef95fc332f3ae1ce4145167192ddcfc30e1e5778e94dd,aefdce03def94ffed42159e55677ec20e91200e1981f25b1f271b6fd99c3c263,e5121aab9d1cb4cf1b4b955d8015d06906e215ec7c30edeb0946f39bcbb9257e,/4T/CXY/MV-Painter-r1color/1009/engineering/color_cast_repair_v2/runs/phase_b/predictions/c76ac44df995482185077da81939b306/vae_only_dap0_dbp6.png,b595c388acdd229085711c34894a35fd22e14bfc2c34b52614aa18aa293eab35
c76ac44df995482185077da81939b306,vae_only_dap0_dbp6,vae_only,0.0,6.0,1.5890286704234313e-06,5.9871625900268555,1,15,False,0.01556082721799612,-0.24558338522911072,-0.04101832502565385,-0.24558338109916572,0.7022914886474609,0.990697979927063,"{""mid"": ""7d684e92cf47073132ee1e86d82845b04702ca76e99cbeadd379ed0dd4890fa2"", ""up_0"": ""7d684e92cf47073132ee1e86d82845b04702ca76e99cbeadd379ed0dd4890fa2"", ""up_1"": ""954cb80af492587c7a3d84cb4131fd50b03d56d336fe8adfeef8ff61fbd946a9"", ""up_2"": ""7d638a8cd17ecf3f3b85789cd6ac8302051f3b05d98d3b2597320728cb514381"", ""x1"": ""44f51a361faa71e0d3b0d3612978b197483616f755a82f1e3c51cec9eecca1c9"", ""x2"": ""7d638a8cd17ecf3f3b85789cd6ac8302051f3b05d98d3b2597320728cb514381"", ""x3"": ""954cb80af492587c7a3d84cb4131fd50b03d56d336fe8adfeef8ff61fbd946a9"", ""x4"": ""7d684e92cf47073132ee1e86d82845b04702ca76e99cbeadd379ed0dd4890fa2""}",0340047558809127cfbef95fc332f3ae1ce4145167192ddcfc30e1e5778e94dd,aefdce03def94ffed42159e55677ec20e91200e1981f25b1f271b6fd99c3c263,e5121aab9d1cb4cf1b4b955d8015d06906e215ec7c30edeb0946f39bcbb9257e,/4T/CXY/MV-Painter-r1color/1009/engineering/color_cast_repair_v2/runs/phase_b/predictions/c76ac44df995482185077da81939b306/vae_only_dap0_dbp6.png,b595c388acdd229085711c34894a35fd22e14bfc2c34b52614aa18aa293eab35
c76ac44df995482185077da81939b306,vae_only_dap0_dbp6,vae_only,0.0,6.0,1.5890286704234313e-06,5.9871625900268555,2,12,False,0.007211870048195124,-0.19936081767082214,-0.03329804607090862,-0.1993608157567418,0.19948959350585938,0.9867032170295715,"{""mid"": ""7d684e92cf47073132ee1e86d82845b04702ca76e99cbeadd379ed0dd4890fa2"", ""up_0"": ""7d684e92cf47073132ee1e86d82845b04702ca76e99cbeadd379ed0dd4890fa2"", ""up_1"": ""954cb80af492587c7a3d84cb4131fd50b03d56d336fe8adfeef8ff61fbd946a9"", ""up_2"": ""7d638a8cd17ecf3f3b85789cd6ac8302051f3b05d98d3b2597320728cb514381"", ""x1"": ""44f51a361faa71e0d3b0d3612978b197483616f755a82f1e3c51cec9eecca1c9"", ""x2"": ""7d638a8cd17ecf3f3b85789cd6ac8302051f3b05d98d3b2597320728cb514381"", ""x3"": ""954cb80af492587c7a3d84cb4131fd50b03d56d336fe8adfeef8ff61fbd946a9"", ""x4"": ""7d684e92cf47073132ee1e86d82845b04702ca76e99cbeadd379ed0dd4890fa2""}",0340047558809127cfbef95fc332f3ae1ce4145167192ddcfc30e1e5778e94dd,aefdce03def94ffed42159e55677ec20e91200e1981f25b1f271b6fd99c3c263,e5121aab9d1cb4cf1b4b955d8015d06906e215ec7c30edeb0946f39bcbb9257e,/4T/CXY/MV-Painter-r1color/1009/engineering/color_cast_repair_v2/runs/phase_b/predictions/c76ac44df995482185077da81939b306/vae_only_dap0_dbp6.png,b595c388acdd229085711c34894a35fd22e14bfc2c34b52614aa18aa293eab35
c76ac44df995482185077da81939b306,vae_only_dap0_dbp6,vae_only,0.0,6.0,1.5890286704234313e-06,5.9871625900268555,3,16,False,0.04345041513442993,-0.17929865419864655,-0.029947181151435923,-0.17929864266664083,0.5854206085205078,0.991357147693634,"{""mid"": ""7d684e92cf47073132ee1e86d82845b04702ca76e99cbeadd379ed0dd4890fa2"", ""up_0"": ""7d684e92cf47073132ee1e86d82845b04702ca76e99cbeadd379ed0dd4890fa2"", ""up_1"": ""954cb80af492587c7a3d84cb4131fd50b03d56d336fe8adfeef8ff61fbd946a9"", ""up_2"": ""7d638a8cd17ecf3f3b85789cd6ac8302051f3b05d98d3b2597320728cb514381"", ""x1"": ""44f51a361faa71e0d3b0d3612978b197483616f755a82f1e3c51cec9eecca1c9"", ""x2"": ""7d638a8cd17ecf3f3b85789cd6ac8302051f3b05d98d3b2597320728cb514381"", ""x3"": ""954cb80af492587c7a3d84cb4131fd50b03d56d336fe8adfeef8ff61fbd946a9"", ""x4"": ""7d684e92cf47073132ee1e86d82845b04702ca76e99cbeadd379ed0dd4890fa2""}",0340047558809127cfbef95fc332f3ae1ce4145167192ddcfc30e1e5778e94dd,aefdce03def94ffed42159e55677ec20e91200e1981f25b1f271b6fd99c3c263,e5121aab9d1cb4cf1b4b955d8015d06906e215ec7c30edeb0946f39bcbb9257e,/4T/CXY/MV-Painter-r1color/1009/engineering/color_cast_repair_v2/runs/phase_b/predictions/c76ac44df995482185077da81939b306/vae_only_dap0_dbp6.png,b595c388acdd229085711c34894a35fd22e14bfc2c34b52614aa18aa293eab35
c76ac44df995482185077da81939b306,vae_only_dap0_dbp6,vae_only,0.0,6.0,1.5890286704234313e-06,5.9871625900268555,4,13,False,-0.02480941079556942,-0.2830731272697449,-0.04728001446391668,-0.2830731338543005,0.34996604919433594,0.9812038540840149,"{""mid"": ""7d684e92cf47073132ee1e86d82845b04702ca76e99cbeadd379ed0dd4890fa2"", ""up_0"": ""7d684e92cf47073132ee1e86d82845b04702ca76e99cbeadd379ed0dd4890fa2"", ""up_1"": ""954cb80af492587c7a3d84cb4131fd50b03d56d336fe8adfeef8ff61fbd946a9"", ""up_2"": ""7d638a8cd17ecf3f3b85789cd6ac8302051f3b05d98d3b2597320728cb514381"", ""x1"": ""44f51a361faa71e0d3b0d3612978b197483616f755a82f1e3c51cec9eecca1c9"", ""x2"": ""7d638a8cd17ecf3f3b85789cd6ac8302051f3b05d98d3b2597320728cb514381"", ""x3"": ""954cb80af492587c7a3d84cb4131fd50b03d56d336fe8adfeef8ff61fbd946a9"", ""x4"": ""7d684e92cf47073132ee1e86d82845b04702ca76e99cbeadd379ed0dd4890fa2""}",0340047558809127cfbef95fc332f3ae1ce4145167192ddcfc30e1e5778e94dd,aefdce03def94ffed42159e55677ec20e91200e1981f25b1f271b6fd99c3c263,e5121aab9d1cb4cf1b4b955d8015d06906e215ec7c30edeb0946f39bcbb9257e,/4T/CXY/MV-Painter-r1color/1009/engineering/color_cast_repair_v2/runs/phase_b/predictions/c76ac44df995482185077da81939b306/vae_only_dap0_dbp6.png,b595c388acdd229085711c34894a35fd22e14bfc2c34b52614aa18aa293eab35
c76ac44df995482185077da81939b306,vae_only_dap0_dbp6,vae_only,0.0,6.0,1.5890286704234313e-06,5.9871625900268555,5,14,False,0.005770537070930004,-0.26317960023880005,-0.0439573161326267,-0.26317959870725577,0.38525390625,0.9830417633056641,"{""mid"": ""7d684e92cf47073132ee1e86d82845b04702ca76e99cbeadd379ed0dd4890fa2"", ""up_0"": ""7d684e92cf47073132ee1e86d82845b04702ca76e99cbeadd379ed0dd4890fa2"", ""up_1"": ""954cb80af492587c7a3d84cb4131fd50b03d56d336fe8adfeef8ff61fbd946a9"", ""up_2"": ""7d638a8cd17ecf3f3b85789cd6ac8302051f3b05d98d3b2597320728cb514381"", ""x1"": ""44f51a361faa71e0d3b0d3612978b197483616f755a82f1e3c51cec9eecca1c9"", ""x2"": ""7d638a8cd17ecf3f3b85789cd6ac8302051f3b05d98d3b2597320728cb514381"", ""x3"": ""954cb80af492587c7a3d84cb4131fd50b03d56d336fe8adfeef8ff61fbd946a9"", ""x4"": ""7d684e92cf47073132ee1e86d82845b04702ca76e99cbeadd379ed0dd4890fa2""}",0340047558809127cfbef95fc332f3ae1ce4145167192ddcfc30e1e5778e94dd,aefdce03def94ffed42159e55677ec20e91200e1981f25b1f271b6fd99c3c263,e5121aab9d1cb4cf1b4b955d8015d06906e215ec7c30edeb0946f39bcbb9257e,/4T/CXY/MV-Painter-r1color/1009/engineering/color_cast_repair_v2/runs/phase_b/predictions/c76ac44df995482185077da81939b306/vae_only_dap0_dbp6.png,b595c388acdd229085711c34894a35fd22e14bfc2c34b52614aa18aa293eab35
c76ac44df995482185077da81939b306,vae_only_dap6_dbp0,vae_only,6.0,0.0,5.987174034118652,-2.6889304649557744e-07,0,0,True,-0.3832525908946991,-0.15781712532043457,-0.06401226716024624,-0.3832525838068928,-0.020772933959960938,0.9881852269172668,"{""mid"": ""7d684e92cf47073132ee1e86d82845b04702ca76e99cbeadd379ed0dd4890fa2"", ""up_0"": ""7d684e92cf47073132ee1e86d82845b04702ca76e99cbeadd379ed0dd4890fa2"", ""up_1"": ""954cb80af492587c7a3d84cb4131fd50b03d56d336fe8adfeef8ff61fbd946a9"", ""up_2"": ""7d638a8cd17ecf3f3b85789cd6ac8302051f3b05d98d3b2597320728cb514381"", ""x1"": ""44f51a361faa71e0d3b0d3612978b197483616f755a82f1e3c51cec9eecca1c9"", ""x2"": ""7d638a8cd17ecf3f3b85789cd6ac8302051f3b05d98d3b2597320728cb514381"", ""x3"": ""954cb80af492587c7a3d84cb4131fd50b03d56d336fe8adfeef8ff61fbd946a9"", ""x4"": ""7d684e92cf47073132ee1e86d82845b04702ca76e99cbeadd379ed0dd4890fa2""}",0340047558809127cfbef95fc332f3ae1ce4145167192ddcfc30e1e5778e94dd,aefdce03def94ffed42159e55677ec20e91200e1981f25b1f271b6fd99c3c263,c29e6cfdff15539392d9d50cfde27698648e58b8a0921f022b388bf153466604,/4T/CXY/MV-Painter-r1color/1009/engineering/color_cast_repair_v2/runs/phase_b/predictions/c76ac44df995482185077da81939b306/vae_only_dap6_dbp0.png,3acf1b358695edc59ed72d80e17f6f8aa50227d7e7a4b30be45726e4d73e3b30
c76ac44df995482185077da81939b306,vae_only_dap6_dbp0,vae_only,6.0,0.0,5.987174034118652,-2.6889304649557744e-07,1,15,False,-0.37171274423599243,-0.06113137677311897,-0.062084839921511877,-0.3717127414904894,0.1623687744140625,0.9760093688964844,"{""mid"": ""7d684e92cf47073132ee1e86d82845b04702ca76e99cbeadd379ed0dd4890fa2"", ""up_0"": ""7d684e92cf47073132ee1e86d82845b04702ca76e99cbeadd379ed0dd4890fa2"", ""up_1"": ""954cb80af492587c7a3d84cb4131fd50b03d56d336fe8adfeef8ff61fbd946a9"", ""up_2"": ""7d638a8cd17ecf3f3b85789cd6ac8302051f3b05d98d3b2597320728cb514381"", ""x1"": ""44f51a361faa71e0d3b0d3612978b197483616f755a82f1e3c51cec9eecca1c9"", ""x2"": ""7d638a8cd17ecf3f3b85789cd6ac8302051f3b05d98d3b2597320728cb514381"", ""x3"": ""954cb80af492587c7a3d84cb4131fd50b03d56d336fe8adfeef8ff61fbd946a9"", ""x4"": ""7d684e92cf47073132ee1e86d82845b04702ca76e99cbeadd379ed0dd4890fa2""}",0340047558809127cfbef95fc332f3ae1ce4145167192ddcfc30e1e5778e94dd,aefdce03def94ffed42159e55677ec20e91200e1981f25b1f271b6fd99c3c263,c29e6cfdff15539392d9d50cfde27698648e58b8a0921f022b388bf153466604,/4T/CXY/MV-Painter-r1color/1009/engineering/color_cast_repair_v2/runs/phase_b/predictions/c76ac44df995482185077da81939b306/vae_only_dap6_dbp0.png,3acf1b358695edc59ed72d80e17f6f8aa50227d7e7a4b30be45726e4d73e3b30
c76ac44df995482185077da81939b306,vae_only_dap6_dbp0,vae_only,6.0,0.0,5.987174034118652,-2.6889304649557744e-07,2,12,False,-0.41984161734580994,-0.1306634098291397,-0.07012350218734217,-0.41984161147751803,-0.027593612670898438,0.9836358428001404,"{""mid"": ""7d684e92cf47073132ee1e86d82845b04702ca76e99cbeadd379ed0dd4890fa2"", ""up_0"": ""7d684e92cf47073132ee1e86d82845b04702ca76e99cbeadd379ed0dd4890fa2"", ""up_1"": ""954cb80af492587c7a3d84cb4131fd50b03d56d336fe8adfeef8ff61fbd946a9"", ""up_2"": ""7d638a8cd17ecf3f3b85789cd6ac8302051f3b05d98d3b2597320728cb514381"", ""x1"": ""44f51a361faa71e0d3b0d3612978b197483616f755a82f1e3c51cec9eecca1c9"", ""x2"": ""7d638a8cd17ecf3f3b85789cd6ac8302051f3b05d98d3b2597320728cb514381"", ""x3"": ""954cb80af492587c7a3d84cb4131fd50b03d56d336fe8adfeef8ff61fbd946a9"", ""x4"": ""7d684e92cf47073132ee1e86d82845b04702ca76e99cbeadd379ed0dd4890fa2""}",0340047558809127cfbef95fc332f3ae1ce4145167192ddcfc30e1e5778e94dd,aefdce03def94ffed42159e55677ec20e91200e1981f25b1f271b6fd99c3c263,c29e6cfdff15539392d9d50cfde27698648e58b8a0921f022b388bf153466604,/4T/CXY/MV-Painter-r1color/1009/engineering/color_cast_repair_v2/runs/phase_b/predictions/c76ac44df995482185077da81939b306/vae_only_dap6_dbp0.png,3acf1b358695edc59ed72d80e17f6f8aa50227d7e7a4b30be45726e4d73e3b30
c76ac44df995482185077da81939b306,vae_only_dap6_dbp0,vae_only,6.0,0.0,5.987174034118652,-2.6889304649557744e-07,3,16,False,-0.3657979965209961,-0.06091521680355072,-0.06109693683541779,-0.36579799378520117,0.089813232421875,0.9919556379318237,"{""mid"": ""7d684e92cf47073132ee1e86d82845b04702ca76e99cbeadd379ed0dd4890fa2"", ""up_0"": ""7d684e92cf47073132ee1e86d82845b04702ca76e99cbeadd379ed0dd4890fa2"", ""up_1"": ""954cb80af492587c7a3d84cb4131fd50b03d56d336fe8adfeef8ff61fbd946a9"", ""up_2"": ""7d638a8cd17ecf3f3b85789cd6ac8302051f3b05d98d3b2597320728cb514381"", ""x1"": ""44f51a361faa71e0d3b0d3612978b197483616f755a82f1e3c51cec9eecca1c9"", ""x2"": ""7d638a8cd17ecf3f3b85789cd6ac8302051f3b05d98d3b2597320728cb514381"", ""x3"": ""954cb80af492587c7a3d84cb4131fd50b03d56d336fe8adfeef8ff61fbd946a9"", ""x4"": ""7d684e92cf47073132ee1e86d82845b04702ca76e99cbeadd379ed0dd4890fa2""}",0340047558809127cfbef95fc332f3ae1ce4145167192ddcfc30e1e5778e94dd,aefdce03def94ffed42159e55677ec20e91200e1981f25b1f271b6fd99c3c263,c29e6cfdff15539392d9d50cfde27698648e58b8a0921f022b388bf153466604,/4T/CXY/MV-Painter-r1color/1009/engineering/color_cast_repair_v2/runs/phase_b/predictions/c76ac44df995482185077da81939b306/vae_only_dap6_dbp0.png,3acf1b358695edc59ed72d80e17f6f8aa50227d7e7a4b30be45726e4d73e3b30
c76ac44df995482185077da81939b306,vae_only_dap6_dbp0,vae_only,6.0,0.0,5.987174034118652,-2.6889304649557744e-07,4,13,False,-0.45302310585975647,-0.1983669102191925,-0.07566559688580778,-0.45302309695079795,0.029264450073242188,0.9739003777503967,"{""mid"": ""7d684e92cf47073132ee1e86d82845b04702ca76e99cbeadd379ed0dd4890fa2"", ""up_0"": ""7d684e92cf47073132ee1e86d82845b04702ca76e99cbeadd379ed0dd4890fa2"", ""up_1"": ""954cb80af492587c7a3d84cb4131fd50b03d56d336fe8adfeef8ff61fbd946a9"", ""up_2"": ""7d638a8cd17ecf3f3b85789cd6ac8302051f3b05d98d3b2597320728cb514381"", ""x1"": ""44f51a361faa71e0d3b0d3612978b197483616f755a82f1e3c51cec9eecca1c9"", ""x2"": ""7d638a8cd17ecf3f3b85789cd6ac8302051f3b05d98d3b2597320728cb514381"", ""x3"": ""954cb80af492587c7a3d84cb4131fd50b03d56d336fe8adfeef8ff61fbd946a9"", ""x4"": ""7d684e92cf47073132ee1e86d82845b04702ca76e99cbeadd379ed0dd4890fa2""}",0340047558809127cfbef95fc332f3ae1ce4145167192ddcfc30e1e5778e94dd,aefdce03def94ffed42159e55677ec20e91200e1981f25b1f271b6fd99c3c263,c29e6cfdff15539392d9d50cfde27698648e58b8a0921f022b388bf153466604,/4T/CXY/MV-Painter-r1color/1009/engineering/color_cast_repair_v2/runs/phase_b/predictions/c76ac44df995482185077da81939b306/vae_only_dap6_dbp0.png,3acf1b358695edc59ed72d80e17f6f8aa50227d7e7a4b30be45726e4d73e3b30
c76ac44df995482185077da81939b306,vae_only_dap6_dbp0,vae_only,6.0,0.0,5.987174034118652,-2.6889304649557744e-07,5,14,False,-0.4006415605545044,-0.29581141471862793,-0.06691663629386083,-0.4006415472691658,0.06704330444335938,0.9752596020698547,"{""mid"": ""7d684e92cf47073132ee1e86d82845b04702ca76e99cbeadd379ed0dd4890fa2"", ""up_0"": ""7d684e92cf47073132ee1e86d82845b04702ca76e99cbeadd379ed0dd4890fa2"", ""up_1"": ""954cb80af492587c7a3d84cb4131fd50b03d56d336fe8adfeef8ff61fbd946a9"", ""up_2"": ""7d638a8cd17ecf3f3b85789cd6ac8302051f3b05d98d3b2597320728cb514381"", ""x1"": ""44f51a361faa71e0d3b0d3612978b197483616f755a82f1e3c51cec9eecca1c9"", ""x2"": ""7d638a8cd17ecf3f3b85789cd6ac8302051f3b05d98d3b2597320728cb514381"", ""x3"": ""954cb80af492587c7a3d84cb4131fd50b03d56d336fe8adfeef8ff61fbd946a9"", ""x4"": ""7d684e92cf47073132ee1e86d82845b04702ca76e99cbeadd379ed0dd4890fa2""}",0340047558809127cfbef95fc332f3ae1ce4145167192ddcfc30e1e5778e94dd,aefdce03def94ffed42159e55677ec20e91200e1981f25b1f271b6fd99c3c263,c29e6cfdff15539392d9d50cfde27698648e58b8a0921f022b388bf153466604,/4T/CXY/MV-Painter-r1color/1009/engineering/color_cast_repair_v2/runs/phase_b/predictions/c76ac44df995482185077da81939b306/vae_only_dap6_dbp0.png,3acf1b358695edc59ed72d80e17f6f8aa50227d7e7a4b30be45726e4d73e3b30
ea7601dbeb2c46188571cb86e8fdb5bf,embedding_only_dam6_dbp0,embedding_only,-6.0,0.0,-5.9764227867126465,0.004201022442430258,0,14,True,-2.1512858867645264,0.3058108687400818,0.35999792265233826,2.151500319651936,-0.3829021453857422,0.9473668932914734,"{""mid"": ""8897fe10b973085cddac525e11940219aa16ae9929dc41d0c5f4a7378733a3ae"", ""up_0"": ""8897fe10b973085cddac525e11940219aa16ae9929dc41d0c5f4a7378733a3ae"", ""up_1"": ""c04228c3ee4727986c92961dd41bcb6f034b32d4c5de829d853cfa172954e186"", ""up_2"": ""27f5bcad7bff36fe1d1a7b6ddf53b6c87227a343b4ea1ff3c106459bd9971b61"", ""x1"": ""e09b0de09cd46dc6989337b50470c0173829c45853bfabef84ea5cdb119de5a2"", ""x2"": ""27f5bcad7bff36fe1d1a7b6ddf53b6c87227a343b4ea1ff3c106459bd9971b61"", ""x3"": ""c04228c3ee4727986c92961dd41bcb6f034b32d4c5de829d853cfa172954e186"", ""x4"": ""8897fe10b973085cddac525e11940219aa16ae9929dc41d0c5f4a7378733a3ae""}",0340047558809127cfbef95fc332f3ae1ce4145167192ddcfc30e1e5778e94dd,aefdce03def94ffed42159e55677ec20e91200e1981f25b1f271b6fd99c3c263,bae72315f1450ce3871dfe0a3f891adcaaa3d47c34ec5b2a1d8dde618d768677,/4T/CXY/MV-Painter-r1color/1009/engineering/color_cast_repair_v2/runs/phase_b/predictions/ea7601dbeb2c46188571cb86e8fdb5bf/embedding_only_dam6_dbp0.png,39d956116ac07e66d80a782ff24210581ba265020fda5c65d8bb5d6eee182330
ea7601dbeb2c46188571cb86e8fdb5bf,embedding_only_dam6_dbp0,embedding_only,-6.0,0.0,-5.9764227867126465,0.004201022442430258,1,15,False,-2.0993123054504395,0.43793755769729614,0.35131703085922505,2.0996196273130976,-0.12709999084472656,0.9691633582115173,"{""mid"": ""8897fe10b973085cddac525e11940219aa16ae9929dc41d0c5f4a7378733a3ae"", ""up_0"": ""8897fe10b973085cddac525e11940219aa16ae9929dc41d0c5f4a7378733a3ae"", ""up_1"": ""c04228c3ee4727986c92961dd41bcb6f034b32d4c5de829d853cfa172954e186"", ""up_2"": ""27f5bcad7bff36fe1d1a7b6ddf53b6c87227a343b4ea1ff3c106459bd9971b61"", ""x1"": ""e09b0de09cd46dc6989337b50470c0173829c45853bfabef84ea5cdb119de5a2"", ""x2"": ""27f5bcad7bff36fe1d1a7b6ddf53b6c87227a343b4ea1ff3c106459bd9971b61"", ""x3"": ""c04228c3ee4727986c92961dd41bcb6f034b32d4c5de829d853cfa172954e186"", ""x4"": ""8897fe10b973085cddac525e11940219aa16ae9929dc41d0c5f4a7378733a3ae""}",0340047558809127cfbef95fc332f3ae1ce4145167192ddcfc30e1e5778e94dd,aefdce03def94ffed42159e55677ec20e91200e1981f25b1f271b6fd99c3c263,bae72315f1450ce3871dfe0a3f891adcaaa3d47c34ec5b2a1d8dde618d768677,/4T/CXY/MV-Painter-r1color/1009/engineering/color_cast_repair_v2/runs/phase_b/predictions/ea7601dbeb2c46188571cb86e8fdb5bf/embedding_only_dam6_dbp0.png,39d956116ac07e66d80a782ff24210581ba265020fda5c65d8bb5d6eee182330
ea7601dbeb2c46188571cb86e8fdb5bf,embedding_only_dam6_dbp0,embedding_only,-6.0,0.0,-5.9764227867126465,0.004201022442430258,2,0,False,-2.2213127613067627,0.5280520915985107,0.37174124520001833,2.22168339745683,-0.08452224731445312,0.900418758392334,"{""mid"": ""8897fe10b973085cddac525e11940219aa16ae9929dc41d0c5f4a7378733a3ae"", ""up_0"": ""8897fe10b973085cddac525e11940219aa16ae9929dc41d0c5f4a7378733a3ae"", ""up_1"": ""c04228c3ee4727986c92961dd41bcb6f034b32d4c5de829d853cfa172954e186"", ""up_2"": ""27f5bcad7bff36fe1d1a7b6ddf53b6c87227a343b4ea1ff3c106459bd9971b61"", ""x1"": ""e09b0de09cd46dc6989337b50470c0173829c45853bfabef84ea5cdb119de5a2"", ""x2"": ""27f5bcad7bff36fe1d1a7b6ddf53b6c87227a343b4ea1ff3c106459bd9971b61"", ""x3"": ""c04228c3ee4727986c92961dd41bcb6f034b32d4c5de829d853cfa172954e186"", ""x4"": ""8897fe10b973085cddac525e11940219aa16ae9929dc41d0c5f4a7378733a3ae""}",0340047558809127cfbef95fc332f3ae1ce4145167192ddcfc30e1e5778e94dd,aefdce03def94ffed42159e55677ec20e91200e1981f25b1f271b6fd99c3c263,bae72315f1450ce3871dfe0a3f891adcaaa3d47c34ec5b2a1d8dde618d768677,/4T/CXY/MV-Painter-r1color/1009/engineering/color_cast_repair_v2/runs/phase_b/predictions/ea7601dbeb2c46188571cb86e8fdb5bf/embedding_only_dam6_dbp0.png,39d956116ac07e66d80a782ff24210581ba265020fda5c65d8bb5d6eee182330
ea7601dbeb2c46188571cb86e8fdb5bf,embedding_only_dam6_dbp0,embedding_only,-6.0,0.0,-5.9764227867126465,0.004201022442430258,3,16,False,-1.9491209983825684,0.5351682305335999,0.3261978430712447,1.9494967039443738,-0.21123886108398438,0.9574410915374756,"{""mid"": ""8897fe10b973085cddac525e11940219aa16ae9929dc41d0c5f4a7378733a3ae"", ""up_0"": ""8897fe10b973085cddac525e11940219aa16ae9929dc41d0c5f4a7378733a3ae"", ""up_1"": ""c04228c3ee4727986c92961dd41bcb6f034b32d4c5de829d853cfa172954e186"", ""up_2"": ""27f5bcad7bff36fe1d1a7b6ddf53b6c87227a343b4ea1ff3c106459bd9971b61"", ""x1"": ""e09b0de09cd46dc6989337b50470c0173829c45853bfabef84ea5cdb119de5a2"", ""x2"": ""27f5bcad7bff36fe1d1a7b6ddf53b6c87227a343b4ea1ff3c106459bd9971b61"", ""x3"": ""c04228c3ee4727986c92961dd41bcb6f034b32d4c5de829d853cfa172954e186"", ""x4"": ""8897fe10b973085cddac525e11940219aa16ae9929dc41d0c5f4a7378733a3ae""}",0340047558809127cfbef95fc332f3ae1ce4145167192ddcfc30e1e5778e94dd,aefdce03def94ffed42159e55677ec20e91200e1981f25b1f271b6fd99c3c263,bae72315f1450ce3871dfe0a3f891adcaaa3d47c34ec5b2a1d8dde618d768677,/4T/CXY/MV-Painter-r1color/1009/engineering/color_cast_repair_v2/runs/phase_b/predictions/ea7601dbeb2c46188571cb86e8fdb5bf/embedding_only_dam6_dbp0.png,39d956116ac07e66d80a782ff24210581ba265020fda5c65d8bb5d6eee182330
ea7601dbeb2c46188571cb86e8fdb5bf,embedding_only_dam6_dbp0,embedding_only,-6.0,0.0,-5.9764227867126465,0.004201022442430258,4,12,False,-2.1944475173950195,0.35696980357170105,0.3672259204213995,2.194697900893528,-0.24771881103515625,0.9462137222290039,"{""mid"": ""8897fe10b973085cddac525e11940219aa16ae9929dc41d0c5f4a7378733a3ae"", ""up_0"": ""8897fe10b973085cddac525e11940219aa16ae9929dc41d0c5f4a7378733a3ae"", ""up_1"": ""c04228c3ee4727986c92961dd41bcb6f034b32d4c5de829d853cfa172954e186"", ""up_2"": ""27f5bcad7bff36fe1d1a7b6ddf53b6c87227a343b4ea1ff3c106459bd9971b61"", ""x1"": ""e09b0de09cd46dc6989337b50470c0173829c45853bfabef84ea5cdb119de5a2"", ""x2"": ""27f5bcad7bff36fe1d1a7b6ddf53b6c87227a343b4ea1ff3c106459bd9971b61"", ""x3"": ""c04228c3ee4727986c92961dd41bcb6f034b32d4c5de829d853cfa172954e186"", ""x4"": ""8897fe10b973085cddac525e11940219aa16ae9929dc41d0c5f4a7378733a3ae""}",0340047558809127cfbef95fc332f3ae1ce4145167192ddcfc30e1e5778e94dd,aefdce03def94ffed42159e55677ec20e91200e1981f25b1f271b6fd99c3c263,bae72315f1450ce3871dfe0a3f891adcaaa3d47c34ec5b2a1d8dde618d768677,/4T/CXY/MV-Painter-r1color/1009/engineering/color_cast_repair_v2/runs/phase_b/predictions/ea7601dbeb2c46188571cb86e8fdb5bf/embedding_only_dam6_dbp0.png,39d956116ac07e66d80a782ff24210581ba265020fda5c65d8bb5d6eee182330
ea7601dbeb2c46188571cb86e8fdb5bf,embedding_only_dam6_dbp0,embedding_only,-6.0,0.0,-5.9764227867126465,0.004201022442430258,5,13,False,-2.191037178039551,0.35432738065719604,0.3666549776958839,2.1912857049358414,-0.14618778228759766,0.9527744650840759,"{""mid"": ""8897fe10b973085cddac525e11940219aa16ae9929dc41d0c5f4a7378733a3ae"", ""up_0"": ""8897fe10b973085cddac525e11940219aa16ae9929dc41d0c5f4a7378733a3ae"", ""up_1"": ""c04228c3ee4727986c92961dd41bcb6f034b32d4c5de829d853cfa172954e186"", ""up_2"": ""27f5bcad7bff36fe1d1a7b6ddf53b6c87227a343b4ea1ff3c106459bd9971b61"", ""x1"": ""e09b0de09cd46dc6989337b50470c0173829c45853bfabef84ea5cdb119de5a2"", ""x2"": ""27f5bcad7bff36fe1d1a7b6ddf53b6c87227a343b4ea1ff3c106459bd9971b61"", ""x3"": ""c04228c3ee4727986c92961dd41bcb6f034b32d4c5de829d853cfa172954e186"", ""x4"": ""8897fe10b973085cddac525e11940219aa16ae9929dc41d0c5f4a7378733a3ae""}",0340047558809127cfbef95fc332f3ae1ce4145167192ddcfc30e1e5778e94dd,aefdce03def94ffed42159e55677ec20e91200e1981f25b1f271b6fd99c3c263,bae72315f1450ce3871dfe0a3f891adcaaa3d47c34ec5b2a1d8dde618d768677,/4T/CXY/MV-Painter-r1color/1009/engineering/color_cast_repair_v2/runs/phase_b/predictions/ea7601dbeb2c46188571cb86e8fdb5bf/embedding_only_dam6_dbp0.png,39d956116ac07e66d80a782ff24210581ba265020fda5c65d8bb5d6eee182330
ea7601dbeb2c46188571cb86e8fdb5bf,embedding_only_dap0_dbm6,embedding_only,0.0,-6.0,0.0012893513776361942,-5.987913608551025,0,14,True,0.9649756550788879,-0.6426968574523926,0.10736704863846436,0.6429046265563999,0.41434288024902344,0.9688799381256104,"{""mid"": ""8897fe10b973085cddac525e11940219aa16ae9929dc41d0c5f4a7378733a3ae"", ""up_0"": ""8897fe10b973085cddac525e11940219aa16ae9929dc41d0c5f4a7378733a3ae"", ""up_1"": ""c04228c3ee4727986c92961dd41bcb6f034b32d4c5de829d853cfa172954e186"", ""up_2"": ""27f5bcad7bff36fe1d1a7b6ddf53b6c87227a343b4ea1ff3c106459bd9971b61"", ""x1"": ""e09b0de09cd46dc6989337b50470c0173829c45853bfabef84ea5cdb119de5a2"", ""x2"": ""27f5bcad7bff36fe1d1a7b6ddf53b6c87227a343b4ea1ff3c106459bd9971b61"", ""x3"": ""c04228c3ee4727986c92961dd41bcb6f034b32d4c5de829d853cfa172954e186"", ""x4"": ""8897fe10b973085cddac525e11940219aa16ae9929dc41d0c5f4a7378733a3ae""}",0340047558809127cfbef95fc332f3ae1ce4145167192ddcfc30e1e5778e94dd,aefdce03def94ffed42159e55677ec20e91200e1981f25b1f271b6fd99c3c263,bae72315f1450ce3871dfe0a3f891adcaaa3d47c34ec5b2a1d8dde618d768677,/4T/CXY/MV-Painter-r1color/1009/engineering/color_cast_repair_v2/runs/phase_b/predictions/ea7601dbeb2c46188571cb86e8fdb5bf/embedding_only_dap0_dbm6.png,46e56ea276132b16db076abf85668ee095272604c9f9325180803cf6172ab8f1
ea7601dbeb2c46188571cb86e8fdb5bf,embedding_only_dap0_dbm6,embedding_only,0.0,-6.0,0.0012893513776361942,-5.987913608551025,1,15,False,1.1726675033569336,-0.5601083040237427,0.0935819753031021,0.5603607964231325,0.36581993103027344,0.9472922682762146,"{""mid"": ""8897fe10b973085cddac525e11940219aa16ae9929dc41d0c5f4a7378733a3ae"", ""up_0"": ""8897fe10b973085cddac525e11940219aa16ae9929dc41d0c5f4a7378733a3ae"", ""up_1"": ""c04228c3ee4727986c92961dd41bcb6f034b32d4c5de829d853cfa172954e186"", ""up_2"": ""27f5bcad7bff36fe1d1a7b6ddf53b6c87227a343b4ea1ff3c106459bd9971b61"", ""x1"": ""e09b0de09cd46dc6989337b50470c0173829c45853bfabef84ea5cdb119de5a2"", ""x2"": ""27f5bcad7bff36fe1d1a7b6ddf53b6c87227a343b4ea1ff3c106459bd9971b61"", ""x3"": ""c04228c3ee4727986c92961dd41bcb6f034b32d4c5de829d853cfa172954e186"", ""x4"": ""8897fe10b973085cddac525e11940219aa16ae9929dc41d0c5f4a7378733a3ae""}",0340047558809127cfbef95fc332f3ae1ce4145167192ddcfc30e1e5778e94dd,aefdce03def94ffed42159e55677ec20e91200e1981f25b1f271b6fd99c3c263,bae72315f1450ce3871dfe0a3f891adcaaa3d47c34ec5b2a1d8dde618d768677,/4T/CXY/MV-Painter-r1color/1009/engineering/color_cast_repair_v2/runs/phase_b/predictions/ea7601dbeb2c46188571cb86e8fdb5bf/embedding_only_dap0_dbm6.png,46e56ea276132b16db076abf85668ee095272604c9f9325180803cf6172ab8f1
ea7601dbeb2c46188571cb86e8fdb5bf,embedding_only_dap0_dbm6,embedding_only,0.0,-6.0,0.0012893513776361942,-5.987913608551025,2,0,False,0.9298191070556641,-0.42100656032562256,0.07034282426795795,0.4212067644626726,0.049678802490234375,0.8899663686752319,"{""mid"": ""8897fe10b973085cddac525e11940219aa16ae9929dc41d0c5f4a7378733a3ae"", ""up_0"": ""8897fe10b973085cddac525e11940219aa16ae9929dc41d0c5f4a7378733a3ae"", ""up_1"": ""c04228c3ee4727986c92961dd41bcb6f034b32d4c5de829d853cfa172954e186"", ""up_2"": ""27f5bcad7bff36fe1d1a7b6ddf53b6c87227a343b4ea1ff3c106459bd9971b61"", ""x1"": ""e09b0de09cd46dc6989337b50470c0173829c45853bfabef84ea5cdb119de5a2"", ""x2"": ""27f5bcad7bff36fe1d1a7b6ddf53b6c87227a343b4ea1ff3c106459bd9971b61"", ""x3"": ""c04228c3ee4727986c92961dd41bcb6f034b32d4c5de829d853cfa172954e186"", ""x4"": ""8897fe10b973085cddac525e11940219aa16ae9929dc41d0c5f4a7378733a3ae""}",0340047558809127cfbef95fc332f3ae1ce4145167192ddcfc30e1e5778e94dd,aefdce03def94ffed42159e55677ec20e91200e1981f25b1f271b6fd99c3c263,bae72315f1450ce3871dfe0a3f891adcaaa3d47c34ec5b2a1d8dde618d768677,/4T/CXY/MV-Painter-r1color/1009/engineering/color_cast_repair_v2/runs/phase_b/predictions/ea7601dbeb2c46188571cb86e8fdb5bf/embedding_only_dap0_dbm6.png,46e56ea276132b16db076abf85668ee095272604c9f9325180803cf6172ab8f1
ea7601dbeb2c46188571cb86e8fdb5bf,embedding_only_dap0_dbm6,embedding_only,0.0,-6.0,0.0012893513776361942,-5.987913608551025,3,16,False,0.9677426815032959,-0.4409395754337311,0.07367306271249673,0.4411479450267339,-0.34996795654296875,0.9570603966712952,"{""mid"": ""8897fe10b973085cddac525e11940219aa16ae9929dc41d0c5f4a7378733a3ae"", ""up_0"": ""8897fe10b973085cddac525e11940219aa16ae9929dc41d0c5f4a7378733a3ae"", ""up_1"": ""c04228c3ee4727986c92961dd41bcb6f034b32d4c5de829d853cfa172954e186"", ""up_2"": ""27f5bcad7bff36fe1d1a7b6ddf53b6c87227a343b4ea1ff3c106459bd9971b61"", ""x1"": ""e09b0de09cd46dc6989337b50470c0173829c45853bfabef84ea5cdb119de5a2"", ""x2"": ""27f5bcad7bff36fe1d1a7b6ddf53b6c87227a343b4ea1ff3c106459bd9971b61"", ""x3"": ""c04228c3ee4727986c92961dd41bcb6f034b32d4c5de829d853cfa172954e186"", ""x4"": ""8897fe10b973085cddac525e11940219aa16ae9929dc41d0c5f4a7378733a3ae""}",0340047558809127cfbef95fc332f3ae1ce4145167192ddcfc30e1e5778e94dd,aefdce03def94ffed42159e55677ec20e91200e1981f25b1f271b6fd99c3c263,bae72315f1450ce3871dfe0a3f891adcaaa3d47c34ec5b2a1d8dde618d768677,/4T/CXY/MV-Painter-r1color/1009/engineering/color_cast_repair_v2/runs/phase_b/predictions/ea7601dbeb2c46188571cb86e8fdb5bf/embedding_only_dap0_dbm6.png,46e56ea276132b16db076abf85668ee095272604c9f9325180803cf6172ab8f1
ea7601dbeb2c46188571cb86e8fdb5bf,embedding_only_dap0_dbm6,embedding_only,0.0,-6.0,0.0012893513776361942,-5.987913608551025,4,12,False,1.0398292541503906,-0.5219176411628723,0.08719924050273137,0.5221415309661998,-0.32765960693359375,0.9614928960800171,"{""mid"": ""8897fe10b973085cddac525e11940219aa16ae9929dc41d0c5f4a7378733a3ae"", ""up_0"": ""8897fe10b973085cddac525e11940219aa16ae9929dc41d0c5f4a7378733a3ae"", ""up_1"": ""c04228c3ee4727986c92961dd41bcb6f034b32d4c5de829d853cfa172954e186"", ""up_2"": ""27f5bcad7bff36fe1d1a7b6ddf53b6c87227a343b4ea1ff3c106459bd9971b61"", ""x1"": ""e09b0de09cd46dc6989337b50470c0173829c45853bfabef84ea5cdb119de5a2"", ""x2"": ""27f5bcad7bff36fe1d1a7b6ddf53b6c87227a343b4ea1ff3c106459bd9971b61"", ""x3"": ""c04228c3ee4727986c92961dd41bcb6f034b32d4c5de829d853cfa172954e186"", ""x4"": ""8897fe10b973085cddac525e11940219aa16ae9929dc41d0c5f4a7378733a3ae""}",0340047558809127cfbef95fc332f3ae1ce4145167192ddcfc30e1e5778e94dd,aefdce03def94ffed42159e55677ec20e91200e1981f25b1f271b6fd99c3c263,bae72315f1450ce3871dfe0a3f891adcaaa3d47c34ec5b2a1d8dde618d768677,/4T/CXY/MV-Painter-r1color/1009/engineering/color_cast_repair_v2/runs/phase_b/predictions/ea7601dbeb2c46188571cb86e8fdb5bf/embedding_only_dap0_dbm6.png,46e56ea276132b16db076abf85668ee095272604c9f9325180803cf6172ab8f1
ea7601dbeb2c46188571cb86e8fdb5bf,embedding_only_dap0_dbm6,embedding_only,0.0,-6.0,0.0012893513776361942,-5.987913608551025,5,13,False,0.9235774278640747,-0.6194278001785278,0.10347955596297961,0.6196266557220792,0.0736703872680664,0.9519748687744141,"{""mid"": ""8897fe10b973085cddac525e11940219aa16ae9929dc41d0c5f4a7378733a3ae"", ""up_0"": ""8897fe10b973085cddac525e11940219aa16ae9929dc41d0c5f4a7378733a3ae"", ""up_1"": ""c04228c3ee4727986c92961dd41bcb6f034b32d4c5de829d853cfa172954e186"", ""up_2"": ""27f5bcad7bff36fe1d1a7b6ddf53b6c87227a343b4ea1ff3c106459bd9971b61"", ""x1"": ""e09b0de09cd46dc6989337b50470c0173829c45853bfabef84ea5cdb119de5a2"", ""x2"": ""27f5bcad7bff36fe1d1a7b6ddf53b6c87227a343b4ea1ff3c106459bd9971b61"", ""x3"": ""c04228c3ee4727986c92961dd41bcb6f034b32d4c5de829d853cfa172954e186"", ""x4"": ""8897fe10b973085cddac525e11940219aa16ae9929dc41d0c5f4a7378733a3ae""}",0340047558809127cfbef95fc332f3ae1ce4145167192ddcfc30e1e5778e94dd,aefdce03def94ffed42159e55677ec20e91200e1981f25b1f271b6fd99c3c263,bae72315f1450ce3871dfe0a3f891adcaaa3d47c34ec5b2a1d8dde618d768677,/4T/CXY/MV-Painter-r1color/1009/engineering/color_cast_repair_v2/runs/phase_b/predictions/ea7601dbeb2c46188571cb86e8fdb5bf/embedding_only_dap0_dbm6.png,46e56ea276132b16db076abf85668ee095272604c9f9325180803cf6172ab8f1
ea7601dbeb2c46188571cb86e8fdb5bf,embedding_only_dap0_dbp6,embedding_only,0.0,6.0,0.015261005610227585,5.946827411651611,0,14,True,-0.4445878267288208,1.1310962438583374,0.19000852114060013,1.1299516026550158,-0.01680755615234375,0.9624069929122925,"{""mid"": ""8897fe10b973085cddac525e11940219aa16ae9929dc41d0c5f4a7378733a3ae"", ""up_0"": ""8897fe10b973085cddac525e11940219aa16ae9929dc41d0c5f4a7378733a3ae"", ""up_1"": ""c04228c3ee4727986c92961dd41bcb6f034b32d4c5de829d853cfa172954e186"", ""up_2"": ""27f5bcad7bff36fe1d1a7b6ddf53b6c87227a343b4ea1ff3c106459bd9971b61"", ""x1"": ""e09b0de09cd46dc6989337b50470c0173829c45853bfabef84ea5cdb119de5a2"", ""x2"": ""27f5bcad7bff36fe1d1a7b6ddf53b6c87227a343b4ea1ff3c106459bd9971b61"", ""x3"": ""c04228c3ee4727986c92961dd41bcb6f034b32d4c5de829d853cfa172954e186"", ""x4"": ""8897fe10b973085cddac525e11940219aa16ae9929dc41d0c5f4a7378733a3ae""}",0340047558809127cfbef95fc332f3ae1ce4145167192ddcfc30e1e5778e94dd,aefdce03def94ffed42159e55677ec20e91200e1981f25b1f271b6fd99c3c263,bae72315f1450ce3871dfe0a3f891adcaaa3d47c34ec5b2a1d8dde618d768677,/4T/CXY/MV-Painter-r1color/1009/engineering/color_cast_repair_v2/runs/phase_b/predictions/ea7601dbeb2c46188571cb86e8fdb5bf/embedding_only_dap0_dbp6.png,7684cd266c8740731015ad08e2153835e5c9456345c5b756c50db1f54eddb980
ea7601dbeb2c46188571cb86e8fdb5bf,embedding_only_dap0_dbp6,embedding_only,0.0,6.0,0.015261005610227585,5.946827411651611,1,15,False,-0.5125676989555359,1.1763949394226074,0.1975964234597834,1.1750756967476508,0.13871002197265625,0.9742266535758972,"{""mid"": ""8897fe10b973085cddac525e11940219aa16ae9929dc41d0c5f4a7378733a3ae"", ""up_0"": ""8897fe10b973085cddac525e11940219aa16ae9929dc41d0c5f4a7378733a3ae"", ""up_1"": ""c04228c3ee4727986c92961dd41bcb6f034b32d4c5de829d853cfa172954e186"", ""up_2"": ""27f5bcad7bff36fe1d1a7b6ddf53b6c87227a343b4ea1ff3c106459bd9971b61"", ""x1"": ""e09b0de09cd46dc6989337b50470c0173829c45853bfabef84ea5cdb119de5a2"", ""x2"": ""27f5bcad7bff36fe1d1a7b6ddf53b6c87227a343b4ea1ff3c106459bd9971b61"", ""x3"": ""c04228c3ee4727986c92961dd41bcb6f034b32d4c5de829d853cfa172954e186"", ""x4"": ""8897fe10b973085cddac525e11940219aa16ae9929dc41d0c5f4a7378733a3ae""}",0340047558809127cfbef95fc332f3ae1ce4145167192ddcfc30e1e5778e94dd,aefdce03def94ffed42159e55677ec20e91200e1981f25b1f271b6fd99c3c263,bae72315f1450ce3871dfe0a3f891adcaaa3d47c34ec5b2a1d8dde618d768677,/4T/CXY/MV-Painter-r1color/1009/engineering/color_cast_repair_v2/runs/phase_b/predictions/ea7601dbeb2c46188571cb86e8fdb5bf/embedding_only_dap0_dbp6.png,7684cd266c8740731015ad08e2153835e5c9456345c5b756c50db1f54eddb980
ea7601dbeb2c46188571cb86e8fdb5bf,embedding_only_dap0_dbp6,embedding_only,0.0,6.0,0.015261005610227585,5.946827411651611,2,0,False,-0.3482596278190613,1.0762228965759277,0.18082281888819382,1.0753256368335258,0.19848060607910156,0.938847541809082,"{""mid"": ""8897fe10b973085cddac525e11940219aa16ae9929dc41d0c5f4a7378733a3ae"", ""up_0"": ""8897fe10b973085cddac525e11940219aa16ae9929dc41d0c5f4a7378733a3ae"", ""up_1"": ""c04228c3ee4727986c92961dd41bcb6f034b32d4c5de829d853cfa172954e186"", ""up_2"": ""27f5bcad7bff36fe1d1a7b6ddf53b6c87227a343b4ea1ff3c106459bd9971b61"", ""x1"": ""e09b0de09cd46dc6989337b50470c0173829c45853bfabef84ea5cdb119de5a2"", ""x2"": ""27f5bcad7bff36fe1d1a7b6ddf53b6c87227a343b4ea1ff3c106459bd9971b61"", ""x3"": ""c04228c3ee4727986c92961dd41bcb6f034b32d4c5de829d853cfa172954e186"", ""x4"": ""8897fe10b973085cddac525e11940219aa16ae9929dc41d0c5f4a7378733a3ae""}",0340047558809127cfbef95fc332f3ae1ce4145167192ddcfc30e1e5778e94dd,aefdce03def94ffed42159e55677ec20e91200e1981f25b1f271b6fd99c3c263,bae72315f1450ce3871dfe0a3f891adcaaa3d47c34ec5b2a1d8dde618d768677,/4T/CXY/MV-Painter-r1color/1009/engineering/color_cast_repair_v2/runs/phase_b/predictions/ea7601dbeb2c46188571cb86e8fdb5bf/embedding_only_dap0_dbp6.png,7684cd266c8740731015ad08e2153835e5c9456345c5b756c50db1f54eddb980
ea7601dbeb2c46188571cb86e8fdb5bf,embedding_only_dap0_dbp6,embedding_only,0.0,6.0,0.015261005610227585,5.946827411651611,3,16,False,-0.41924145817756653,1.2032272815704346,0.2021487098848955,1.2021474475876766,0.43267059326171875,0.9792221784591675,"{""mid"": ""8897fe10b973085cddac525e11940219aa16ae9929dc41d0c5f4a7378733a3ae"", ""up_0"": ""8897fe10b973085cddac525e11940219aa16ae9929dc41d0c5f4a7378733a3ae"", ""up_1"": ""c04228c3ee4727986c92961dd41bcb6f034b32d4c5de829d853cfa172954e186"", ""up_2"": ""27f5bcad7bff36fe1d1a7b6ddf53b6c87227a343b4ea1ff3c106459bd9971b61"", ""x1"": ""e09b0de09cd46dc6989337b50470c0173829c45853bfabef84ea5cdb119de5a2"", ""x2"": ""27f5bcad7bff36fe1d1a7b6ddf53b6c87227a343b4ea1ff3c106459bd9971b61"", ""x3"": ""c04228c3ee4727986c92961dd41bcb6f034b32d4c5de829d853cfa172954e186"", ""x4"": ""8897fe10b973085cddac525e11940219aa16ae9929dc41d0c5f4a7378733a3ae""}",0340047558809127cfbef95fc332f3ae1ce4145167192ddcfc30e1e5778e94dd,aefdce03def94ffed42159e55677ec20e91200e1981f25b1f271b6fd99c3c263,bae72315f1450ce3871dfe0a3f891adcaaa3d47c34ec5b2a1d8dde618d768677,/4T/CXY/MV-Painter-r1color/1009/engineering/color_cast_repair_v2/runs/phase_b/predictions/ea7601dbeb2c46188571cb86e8fdb5bf/embedding_only_dap0_dbp6.png,7684cd266c8740731015ad08e2153835e5c9456345c5b756c50db1f54eddb980
ea7601dbeb2c46188571cb86e8fdb5bf,embedding_only_dap0_dbp6,embedding_only,0.0,6.0,0.015261005610227585,5.946827411651611,4,12,False,-0.4828897714614868,1.2438212633132935,0.2089473565635991,1.242577959147744,0.5304927825927734,0.9772214293479919,"{""mid"": ""8897fe10b973085cddac525e11940219aa16ae9929dc41d0c5f4a7378733a3ae"", ""up_0"": ""8897fe10b973085cddac525e11940219aa16ae9929dc41d0c5f4a7378733a3ae"", ""up_1"": ""c04228c3ee4727986c92961dd41bcb6f034b32d4c5de829d853cfa172954e186"", ""up_2"": ""27f5bcad7bff36fe1d1a7b6ddf53b6c87227a343b4ea1ff3c106459bd9971b61"", ""x1"": ""e09b0de09cd46dc6989337b50470c0173829c45853bfabef84ea5cdb119de5a2"", ""x2"": ""27f5bcad7bff36fe1d1a7b6ddf53b6c87227a343b4ea1ff3c106459bd9971b61"", ""x3"": ""c04228c3ee4727986c92961dd41bcb6f034b32d4c5de829d853cfa172954e186"", ""x4"": ""8897fe10b973085cddac525e11940219aa16ae9929dc41d0c5f4a7378733a3ae""}",0340047558809127cfbef95fc332f3ae1ce4145167192ddcfc30e1e5778e94dd,aefdce03def94ffed42159e55677ec20e91200e1981f25b1f271b6fd99c3c263,bae72315f1450ce3871dfe0a3f891adcaaa3d47c34ec5b2a1d8dde618d768677,/4T/CXY/MV-Painter-r1color/1009/engineering/color_cast_repair_v2/runs/phase_b/predictions/ea7601dbeb2c46188571cb86e8fdb5bf/embedding_only_dap0_dbp6.png,7684cd266c8740731015ad08e2153835e5c9456345c5b756c50db1f54eddb980
ea7601dbeb2c46188571cb86e8fdb5bf,embedding_only_dap0_dbp6,embedding_only,0.0,6.0,0.015261005610227585,5.946827411651611,5,13,False,-0.38459524512290955,1.1098740100860596,0.18646576833968334,1.1088833938127174,0.2609672546386719,0.9604921936988831,"{""mid"": ""8897fe10b973085cddac525e11940219aa16ae9929dc41d0c5f4a7378733a3ae"", ""up_0"": ""8897fe10b973085cddac525e11940219aa16ae9929dc41d0c5f4a7378733a3ae"", ""up_1"": ""c04228c3ee4727986c92961dd41bcb6f034b32d4c5de829d853cfa172954e186"", ""up_2"": ""27f5bcad7bff36fe1d1a7b6ddf53b6c87227a343b4ea1ff3c106459bd9971b61"", ""x1"": ""e09b0de09cd46dc6989337b50470c0173829c45853bfabef84ea5cdb119de5a2"", ""x2"": ""27f5bcad7bff36fe1d1a7b6ddf53b6c87227a343b4ea1ff3c106459bd9971b61"", ""x3"": ""c04228c3ee4727986c92961dd41bcb6f034b32d4c5de829d853cfa172954e186"", ""x4"": ""8897fe10b973085cddac525e11940219aa16ae9929dc41d0c5f4a7378733a3ae""}",0340047558809127cfbef95fc332f3ae1ce4145167192ddcfc30e1e5778e94dd,aefdce03def94ffed42159e55677ec20e91200e1981f25b1f271b6fd99c3c263,bae72315f1450ce3871dfe0a3f891adcaaa3d47c34ec5b2a1d8dde618d768677,/4T/CXY/MV-Painter-r1color/1009/engineering/color_cast_repair_v2/runs/phase_b/predictions/ea7601dbeb2c46188571cb86e8fdb5bf/embedding_only_dap0_dbp6.png,7684cd266c8740731015ad08e2153835e5c9456345c5b756c50db1f54eddb980
ea7601dbeb2c46188571cb86e8fdb5bf,embedding_only_dap6_dbp0,embedding_only,6.0,0.0,5.986506938934326,0.001334990607574582,0,14,True,3.569492816925049,0.09263378381729126,0.5962597777226067,3.5695133854979284,1.27349853515625,0.9721971750259399,"{""mid"": ""8897fe10b973085cddac525e11940219aa16ae9929dc41d0c5f4a7378733a3ae"", ""up_0"": ""8897fe10b973085cddac525e11940219aa16ae9929dc41d0c5f4a7378733a3ae"", ""up_1"": ""c04228c3ee4727986c92961dd41bcb6f034b32d4c5de829d853cfa172954e186"", ""up_2"": ""27f5bcad7bff36fe1d1a7b6ddf53b6c87227a343b4ea1ff3c106459bd9971b61"", ""x1"": ""e09b0de09cd46dc6989337b50470c0173829c45853bfabef84ea5cdb119de5a2"", ""x2"": ""27f5bcad7bff36fe1d1a7b6ddf53b6c87227a343b4ea1ff3c106459bd9971b61"", ""x3"": ""c04228c3ee4727986c92961dd41bcb6f034b32d4c5de829d853cfa172954e186"", ""x4"": ""8897fe10b973085cddac525e11940219aa16ae9929dc41d0c5f4a7378733a3ae""}",0340047558809127cfbef95fc332f3ae1ce4145167192ddcfc30e1e5778e94dd,aefdce03def94ffed42159e55677ec20e91200e1981f25b1f271b6fd99c3c263,bae72315f1450ce3871dfe0a3f891adcaaa3d47c34ec5b2a1d8dde618d768677,/4T/CXY/MV-Painter-r1color/1009/engineering/color_cast_repair_v2/runs/phase_b/predictions/ea7601dbeb2c46188571cb86e8fdb5bf/embedding_only_dap6_dbp0.png,69fdefaeb050eb1ba0e266819681ba752ca67f716b54b548dcad19c587480e8f
ea7601dbeb2c46188571cb86e8fdb5bf,embedding_only_dap6_dbp0,embedding_only,6.0,0.0,5.986506938934326,0.001334990607574582,1,15,False,3.75409197807312,0.037657830864191055,0.627093600220129,3.754100282422873,1.0831584930419922,0.948052704334259,"{""mid"": ""8897fe10b973085cddac525e11940219aa16ae9929dc41d0c5f4a7378733a3ae"", ""up_0"": ""8897fe10b973085cddac525e11940219aa16ae9929dc41d0c5f4a7378733a3ae"", ""up_1"": ""c04228c3ee4727986c92961dd41bcb6f034b32d4c5de829d853cfa172954e186"", ""up_2"": ""27f5bcad7bff36fe1d1a7b6ddf53b6c87227a343b4ea1ff3c106459bd9971b61"", ""x1"": ""e09b0de09cd46dc6989337b50470c0173829c45853bfabef84ea5cdb119de5a2"", ""x2"": ""27f5bcad7bff36fe1d1a7b6ddf53b6c87227a343b4ea1ff3c106459bd9971b61"", ""x3"": ""c04228c3ee4727986c92961dd41bcb6f034b32d4c5de829d853cfa172954e186"", ""x4"": ""8897fe10b973085cddac525e11940219aa16ae9929dc41d0c5f4a7378733a3ae""}",0340047558809127cfbef95fc332f3ae1ce4145167192ddcfc30e1e5778e94dd,aefdce03def94ffed42159e55677ec20e91200e1981f25b1f271b6fd99c3c263,bae72315f1450ce3871dfe0a3f891adcaaa3d47c34ec5b2a1d8dde618d768677,/4T/CXY/MV-Painter-r1color/1009/engineering/color_cast_repair_v2/runs/phase_b/predictions/ea7601dbeb2c46188571cb86e8fdb5bf/embedding_only_dap6_dbp0.png,69fdefaeb050eb1ba0e266819681ba752ca67f716b54b548dcad19c587480e8f
ea7601dbeb2c46188571cb86e8fdb5bf,embedding_only_dap6_dbp0,embedding_only,6.0,0.0,5.986506938934326,0.001334990607574582,2,0,False,3.6339781284332275,0.17184264957904816,0.6070345037071792,3.63401635897352,0.6746311187744141,0.9147487282752991,"{""mid"": ""8897fe10b973085cddac525e11940219aa16ae9929dc41d0c5f4a7378733a3ae"", ""up_0"": ""8897fe10b973085cddac525e11940219aa16ae9929dc41d0c5f4a7378733a3ae"", ""up_1"": ""c04228c3ee4727986c92961dd41bcb6f034b32d4c5de829d853cfa172954e186"", ""up_2"": ""27f5bcad7bff36fe1d1a7b6ddf53b6c87227a343b4ea1ff3c106459bd9971b61"", ""x1"": ""e09b0de09cd46dc6989337b50470c0173829c45853bfabef84ea5cdb119de5a2"", ""x2"": ""27f5bcad7bff36fe1d1a7b6ddf53b6c87227a343b4ea1ff3c106459bd9971b61"", ""x3"": ""c04228c3ee4727986c92961dd41bcb6f034b32d4c5de829d853cfa172954e186"", ""x4"": ""8897fe10b973085cddac525e11940219aa16ae9929dc41d0c5f4a7378733a3ae""}",0340047558809127cfbef95fc332f3ae1ce4145167192ddcfc30e1e5778e94dd,aefdce03def94ffed42159e55677ec20e91200e1981f25b1f271b6fd99c3c263,bae72315f1450ce3871dfe0a3f891adcaaa3d47c34ec5b2a1d8dde618d768677,/4T/CXY/MV-Painter-r1color/1009/engineering/color_cast_repair_v2/runs/phase_b/predictions/ea7601dbeb2c46188571cb86e8fdb5bf/embedding_only_dap6_dbp0.png,69fdefaeb050eb1ba0e266819681ba752ca67f716b54b548dcad19c587480e8f
ea7601dbeb2c46188571cb86e8fdb5bf,embedding_only_dap6_dbp0,embedding_only,6.0,0.0,5.986506938934326,0.001334990607574582,3,16,False,3.265456438064575,0.11995968222618103,0.5454738564551129,3.265483107870349,0.2682476043701172,0.9860329031944275,"{""mid"": ""8897fe10b973085cddac525e11940219aa16ae9929dc41d0c5f4a7378733a3ae"", ""up_0"": ""8897fe10b973085cddac525e11940219aa16ae9929dc41d0c5f4a7378733a3ae"", ""up_1"": ""c04228c3ee4727986c92961dd41bcb6f034b32d4c5de829d853cfa172954e186"", ""up_2"": ""27f5bcad7bff36fe1d1a7b6ddf53b6c87227a343b4ea1ff3c106459bd9971b61"", ""x1"": ""e09b0de09cd46dc6989337b50470c0173829c45853bfabef84ea5cdb119de5a2"", ""x2"": ""27f5bcad7bff36fe1d1a7b6ddf53b6c87227a343b4ea1ff3c106459bd9971b61"", ""x3"": ""c04228c3ee4727986c92961dd41bcb6f034b32d4c5de829d853cfa172954e186"", ""x4"": ""8897fe10b973085cddac525e11940219aa16ae9929dc41d0c5f4a7378733a3ae""}",0340047558809127cfbef95fc332f3ae1ce4145167192ddcfc30e1e5778e94dd,aefdce03def94ffed42159e55677ec20e91200e1981f25b1f271b6fd99c3c263,bae72315f1450ce3871dfe0a3f891adcaaa3d47c34ec5b2a1d8dde618d768677,/4T/CXY/MV-Painter-r1color/1009/engineering/color_cast_repair_v2/runs/phase_b/predictions/ea7601dbeb2c46188571cb86e8fdb5bf/embedding_only_dap6_dbp0.png,69fdefaeb050eb1ba0e266819681ba752ca67f716b54b548dcad19c587480e8f
ea7601dbeb2c46188571cb86e8fdb5bf,embedding_only_dap6_dbp0,embedding_only,6.0,0.0,5.986506938934326,0.001334990607574582,4,12,False,3.7333719730377197,0.1536140888929367,0.6236368021272892,3.7334061361390427,0.35256385803222656,0.9519852995872498,"{""mid"": ""8897fe10b973085cddac525e11940219aa16ae9929dc41d0c5f4a7378733a3ae"", ""up_0"": ""8897fe10b973085cddac525e11940219aa16ae9929dc41d0c5f4a7378733a3ae"", ""up_1"": ""c04228c3ee4727986c92961dd41bcb6f034b32d4c5de829d853cfa172954e186"", ""up_2"": ""27f5bcad7bff36fe1d1a7b6ddf53b6c87227a343b4ea1ff3c106459bd9971b61"", ""x1"": ""e09b0de09cd46dc6989337b50470c0173829c45853bfabef84ea5cdb119de5a2"", ""x2"": ""27f5bcad7bff36fe1d1a7b6ddf53b6c87227a343b4ea1ff3c106459bd9971b61"", ""x3"": ""c04228c3ee4727986c92961dd41bcb6f034b32d4c5de829d853cfa172954e186"", ""x4"": ""8897fe10b973085cddac525e11940219aa16ae9929dc41d0c5f4a7378733a3ae""}",0340047558809127cfbef95fc332f3ae1ce4145167192ddcfc30e1e5778e94dd,aefdce03def94ffed42159e55677ec20e91200e1981f25b1f271b6fd99c3c263,bae72315f1450ce3871dfe0a3f891adcaaa3d47c34ec5b2a1d8dde618d768677,/4T/CXY/MV-Painter-r1color/1009/engineering/color_cast_repair_v2/runs/phase_b/predictions/ea7601dbeb2c46188571cb86e8fdb5bf/embedding_only_dap6_dbp0.png,69fdefaeb050eb1ba0e266819681ba752ca67f716b54b548dcad19c587480e8f
ea7601dbeb2c46188571cb86e8fdb5bf,embedding_only_dap6_dbp0,embedding_only,6.0,0.0,5.986506938934326,0.001334990607574582,5,13,False,3.425912380218506,0.2539706528186798,0.5722817797143319,3.425968930470479,0.8383693695068359,0.9652560949325562,"{""mid"": ""8897fe10b973085cddac525e11940219aa16ae9929dc41d0c5f4a7378733a3ae"", ""up_0"": ""8897fe10b973085cddac525e11940219aa16ae9929dc41d0c5f4a7378733a3ae"", ""up_1"": ""c04228c3ee4727986c92961dd41bcb6f034b32d4c5de829d853cfa172954e186"", ""up_2"": ""27f5bcad7bff36fe1d1a7b6ddf53b6c87227a343b4ea1ff3c106459bd9971b61"", ""x1"": ""e09b0de09cd46dc6989337b50470c0173829c45853bfabef84ea5cdb119de5a2"", ""x2"": ""27f5bcad7bff36fe1d1a7b6ddf53b6c87227a343b4ea1ff3c106459bd9971b61"", ""x3"": ""c04228c3ee4727986c92961dd41bcb6f034b32d4c5de829d853cfa172954e186"", ""x4"": ""8897fe10b973085cddac525e11940219aa16ae9929dc41d0c5f4a7378733a3ae""}",0340047558809127cfbef95fc332f3ae1ce4145167192ddcfc30e1e5778e94dd,aefdce03def94ffed42159e55677ec20e91200e1981f25b1f271b6fd99c3c263,bae72315f1450ce3871dfe0a3f891adcaaa3d47c34ec5b2a1d8dde618d768677,/4T/CXY/MV-Painter-r1color/1009/engineering/color_cast_repair_v2/runs/phase_b/predictions/ea7601dbeb2c46188571cb86e8fdb5bf/embedding_only_dap6_dbp0.png,69fdefaeb050eb1ba0e266819681ba752ca67f716b54b548dcad19c587480e8f
ea7601dbeb2c46188571cb86e8fdb5bf,gfl_baseline,baseline,0.0,0.0,0.0,0.0,0,14,True,0.0,0.0,0.0,0.0,0.0,1.0,"{""mid"": ""8897fe10b973085cddac525e11940219aa16ae9929dc41d0c5f4a7378733a3ae"", ""up_0"": ""8897fe10b973085cddac525e11940219aa16ae9929dc41d0c5f4a7378733a3ae"", ""up_1"": ""c04228c3ee4727986c92961dd41bcb6f034b32d4c5de829d853cfa172954e186"", ""up_2"": ""27f5bcad7bff36fe1d1a7b6ddf53b6c87227a343b4ea1ff3c106459bd9971b61"", ""x1"": ""e09b0de09cd46dc6989337b50470c0173829c45853bfabef84ea5cdb119de5a2"", ""x2"": ""27f5bcad7bff36fe1d1a7b6ddf53b6c87227a343b4ea1ff3c106459bd9971b61"", ""x3"": ""c04228c3ee4727986c92961dd41bcb6f034b32d4c5de829d853cfa172954e186"", ""x4"": ""8897fe10b973085cddac525e11940219aa16ae9929dc41d0c5f4a7378733a3ae""}",0340047558809127cfbef95fc332f3ae1ce4145167192ddcfc30e1e5778e94dd,aefdce03def94ffed42159e55677ec20e91200e1981f25b1f271b6fd99c3c263,bae72315f1450ce3871dfe0a3f891adcaaa3d47c34ec5b2a1d8dde618d768677,/4T/CXY/MV-Painter-r1color/1009/engineering/color_cast_repair_v2/runs/phase_b/predictions/ea7601dbeb2c46188571cb86e8fdb5bf/gfl_baseline.png,9418637e06726a79d3d373869050f72917118ffa3e9a6ff3436012defdcdd923
ea7601dbeb2c46188571cb86e8fdb5bf,gfl_baseline,baseline,0.0,0.0,0.0,0.0,1,15,False,0.0,0.0,0.0,0.0,0.0,1.0,"{""mid"": ""8897fe10b973085cddac525e11940219aa16ae9929dc41d0c5f4a7378733a3ae"", ""up_0"": ""8897fe10b973085cddac525e11940219aa16ae9929dc41d0c5f4a7378733a3ae"", ""up_1"": ""c04228c3ee4727986c92961dd41bcb6f034b32d4c5de829d853cfa172954e186"", ""up_2"": ""27f5bcad7bff36fe1d1a7b6ddf53b6c87227a343b4ea1ff3c106459bd9971b61"", ""x1"": ""e09b0de09cd46dc6989337b50470c0173829c45853bfabef84ea5cdb119de5a2"", ""x2"": ""27f5bcad7bff36fe1d1a7b6ddf53b6c87227a343b4ea1ff3c106459bd9971b61"", ""x3"": ""c04228c3ee4727986c92961dd41bcb6f034b32d4c5de829d853cfa172954e186"", ""x4"": ""8897fe10b973085cddac525e11940219aa16ae9929dc41d0c5f4a7378733a3ae""}",0340047558809127cfbef95fc332f3ae1ce4145167192ddcfc30e1e5778e94dd,aefdce03def94ffed42159e55677ec20e91200e1981f25b1f271b6fd99c3c263,bae72315f1450ce3871dfe0a3f891adcaaa3d47c34ec5b2a1d8dde618d768677,/4T/CXY/MV-Painter-r1color/1009/engineering/color_cast_repair_v2/runs/phase_b/predictions/ea7601dbeb2c46188571cb86e8fdb5bf/gfl_baseline.png,9418637e06726a79d3d373869050f72917118ffa3e9a6ff3436012defdcdd923
ea7601dbeb2c46188571cb86e8fdb5bf,gfl_baseline,baseline,0.0,0.0,0.0,0.0,2,0,False,0.0,0.0,0.0,0.0,0.0,1.0,"{""mid"": ""8897fe10b973085cddac525e11940219aa16ae9929dc41d0c5f4a7378733a3ae"", ""up_0"": ""8897fe10b973085cddac525e11940219aa16ae9929dc41d0c5f4a7378733a3ae"", ""up_1"": ""c04228c3ee4727986c92961dd41bcb6f034b32d4c5de829d853cfa172954e186"", ""up_2"": ""27f5bcad7bff36fe1d1a7b6ddf53b6c87227a343b4ea1ff3c106459bd9971b61"", ""x1"": ""e09b0de09cd46dc6989337b50470c0173829c45853bfabef84ea5cdb119de5a2"", ""x2"": ""27f5bcad7bff36fe1d1a7b6ddf53b6c87227a343b4ea1ff3c106459bd9971b61"", ""x3"": ""c04228c3ee4727986c92961dd41bcb6f034b32d4c5de829d853cfa172954e186"", ""x4"": ""8897fe10b973085cddac525e11940219aa16ae9929dc41d0c5f4a7378733a3ae""}",0340047558809127cfbef95fc332f3ae1ce4145167192ddcfc30e1e5778e94dd,aefdce03def94ffed42159e55677ec20e91200e1981f25b1f271b6fd99c3c263,bae72315f1450ce3871dfe0a3f891adcaaa3d47c34ec5b2a1d8dde618d768677,/4T/CXY/MV-Painter-r1color/1009/engineering/color_cast_repair_v2/runs/phase_b/predictions/ea7601dbeb2c46188571cb86e8fdb5bf/gfl_baseline.png,9418637e06726a79d3d373869050f72917118ffa3e9a6ff3436012defdcdd923
ea7601dbeb2c46188571cb86e8fdb5bf,gfl_baseline,baseline,0.0,0.0,0.0,0.0,3,16,False,0.0,0.0,0.0,0.0,0.0,1.0,"{""mid"": ""8897fe10b973085cddac525e11940219aa16ae9929dc41d0c5f4a7378733a3ae"", ""up_0"": ""8897fe10b973085cddac525e11940219aa16ae9929dc41d0c5f4a7378733a3ae"", ""up_1"": ""c04228c3ee4727986c92961dd41bcb6f034b32d4c5de829d853cfa172954e186"", ""up_2"": ""27f5bcad7bff36fe1d1a7b6ddf53b6c87227a343b4ea1ff3c106459bd9971b61"", ""x1"": ""e09b0de09cd46dc6989337b50470c0173829c45853bfabef84ea5cdb119de5a2"", ""x2"": ""27f5bcad7bff36fe1d1a7b6ddf53b6c87227a343b4ea1ff3c106459bd9971b61"", ""x3"": ""c04228c3ee4727986c92961dd41bcb6f034b32d4c5de829d853cfa172954e186"", ""x4"": ""8897fe10b973085cddac525e11940219aa16ae9929dc41d0c5f4a7378733a3ae""}",0340047558809127cfbef95fc332f3ae1ce4145167192ddcfc30e1e5778e94dd,aefdce03def94ffed42159e55677ec20e91200e1981f25b1f271b6fd99c3c263,bae72315f1450ce3871dfe0a3f891adcaaa3d47c34ec5b2a1d8dde618d768677,/4T/CXY/MV-Painter-r1color/1009/engineering/color_cast_repair_v2/runs/phase_b/predictions/ea7601dbeb2c46188571cb86e8fdb5bf/gfl_baseline.png,9418637e06726a79d3d373869050f72917118ffa3e9a6ff3436012defdcdd923
ea7601dbeb2c46188571cb86e8fdb5bf,gfl_baseline,baseline,0.0,0.0,0.0,0.0,4,12,False,0.0,0.0,0.0,0.0,0.0,1.0,"{""mid"": ""8897fe10b973085cddac525e11940219aa16ae9929dc41d0c5f4a7378733a3ae"", ""up_0"": ""8897fe10b973085cddac525e11940219aa16ae9929dc41d0c5f4a7378733a3ae"", ""up_1"": ""c04228c3ee4727986c92961dd41bcb6f034b32d4c5de829d853cfa172954e186"", ""up_2"": ""27f5bcad7bff36fe1d1a7b6ddf53b6c87227a343b4ea1ff3c106459bd9971b61"", ""x1"": ""e09b0de09cd46dc6989337b50470c0173829c45853bfabef84ea5cdb119de5a2"", ""x2"": ""27f5bcad7bff36fe1d1a7b6ddf53b6c87227a343b4ea1ff3c106459bd9971b61"", ""x3"": ""c04228c3ee4727986c92961dd41bcb6f034b32d4c5de829d853cfa172954e186"", ""x4"": ""8897fe10b973085cddac525e11940219aa16ae9929dc41d0c5f4a7378733a3ae""}",0340047558809127cfbef95fc332f3ae1ce4145167192ddcfc30e1e5778e94dd,aefdce03def94ffed42159e55677ec20e91200e1981f25b1f271b6fd99c3c263,bae72315f1450ce3871dfe0a3f891adcaaa3d47c34ec5b2a1d8dde618d768677,/4T/CXY/MV-Painter-r1color/1009/engineering/color_cast_repair_v2/runs/phase_b/predictions/ea7601dbeb2c46188571cb86e8fdb5bf/gfl_baseline.png,9418637e06726a79d3d373869050f72917118ffa3e9a6ff3436012defdcdd923
ea7601dbeb2c46188571cb86e8fdb5bf,gfl_baseline,baseline,0.0,0.0,0.0,0.0,5,13,False,0.0,0.0,0.0,0.0,0.0,1.0,"{""mid"": ""8897fe10b973085cddac525e11940219aa16ae9929dc41d0c5f4a7378733a3ae"", ""up_0"": ""8897fe10b973085cddac525e11940219aa16ae9929dc41d0c5f4a7378733a3ae"", ""up_1"": ""c04228c3ee4727986c92961dd41bcb6f034b32d4c5de829d853cfa172954e186"", ""up_2"": ""27f5bcad7bff36fe1d1a7b6ddf53b6c87227a343b4ea1ff3c106459bd9971b61"", ""x1"": ""e09b0de09cd46dc6989337b50470c0173829c45853bfabef84ea5cdb119de5a2"", ""x2"": ""27f5bcad7bff36fe1d1a7b6ddf53b6c87227a343b4ea1ff3c106459bd9971b61"", ""x3"": ""c04228c3ee4727986c92961dd41bcb6f034b32d4c5de829d853cfa172954e186"", ""x4"": ""8897fe10b973085cddac525e11940219aa16ae9929dc41d0c5f4a7378733a3ae""}",0340047558809127cfbef95fc332f3ae1ce4145167192ddcfc30e1e5778e94dd,aefdce03def94ffed42159e55677ec20e91200e1981f25b1f271b6fd99c3c263,bae72315f1450ce3871dfe0a3f891adcaaa3d47c34ec5b2a1d8dde618d768677,/4T/CXY/MV-Painter-r1color/1009/engineering/color_cast_repair_v2/runs/phase_b/predictions/ea7601dbeb2c46188571cb86e8fdb5bf/gfl_baseline.png,9418637e06726a79d3d373869050f72917118ffa3e9a6ff3436012defdcdd923
ea7601dbeb2c46188571cb86e8fdb5bf,global_embedding_recomputed,embedding_cache_consistency_control,0.0,0.0,0.0,0.0,0,14,True,-0.29083555936813354,-0.1749534010887146,0.0,0.0,-0.05557441711425781,0.8978711366653442,"{""mid"": ""8897fe10b973085cddac525e11940219aa16ae9929dc41d0c5f4a7378733a3ae"", ""up_0"": ""8897fe10b973085cddac525e11940219aa16ae9929dc41d0c5f4a7378733a3ae"", ""up_1"": ""c04228c3ee4727986c92961dd41bcb6f034b32d4c5de829d853cfa172954e186"", ""up_2"": ""27f5bcad7bff36fe1d1a7b6ddf53b6c87227a343b4ea1ff3c106459bd9971b61"", ""x1"": ""e09b0de09cd46dc6989337b50470c0173829c45853bfabef84ea5cdb119de5a2"", ""x2"": ""27f5bcad7bff36fe1d1a7b6ddf53b6c87227a343b4ea1ff3c106459bd9971b61"", ""x3"": ""c04228c3ee4727986c92961dd41bcb6f034b32d4c5de829d853cfa172954e186"", ""x4"": ""8897fe10b973085cddac525e11940219aa16ae9929dc41d0c5f4a7378733a3ae""}",0340047558809127cfbef95fc332f3ae1ce4145167192ddcfc30e1e5778e94dd,aefdce03def94ffed42159e55677ec20e91200e1981f25b1f271b6fd99c3c263,bae72315f1450ce3871dfe0a3f891adcaaa3d47c34ec5b2a1d8dde618d768677,/4T/CXY/MV-Painter-r1color/1009/engineering/color_cast_repair_v2/runs/phase_b/predictions/ea7601dbeb2c46188571cb86e8fdb5bf/global_embedding_recomputed.png,a7f8afc36272df69d386cc68147ecf3569b070c2d85072693a8fa0aef555298d
ea7601dbeb2c46188571cb86e8fdb5bf,global_embedding_recomputed,embedding_cache_consistency_control,0.0,0.0,0.0,0.0,1,15,False,-0.24406270682811737,-0.27293628454208374,0.0,0.0,-0.023084640502929688,0.9311658143997192,"{""mid"": ""8897fe10b973085cddac525e11940219aa16ae9929dc41d0c5f4a7378733a3ae"", ""up_0"": ""8897fe10b973085cddac525e11940219aa16ae9929dc41d0c5f4a7378733a3ae"", ""up_1"": ""c04228c3ee4727986c92961dd41bcb6f034b32d4c5de829d853cfa172954e186"", ""up_2"": ""27f5bcad7bff36fe1d1a7b6ddf53b6c87227a343b4ea1ff3c106459bd9971b61"", ""x1"": ""e09b0de09cd46dc6989337b50470c0173829c45853bfabef84ea5cdb119de5a2"", ""x2"": ""27f5bcad7bff36fe1d1a7b6ddf53b6c87227a343b4ea1ff3c106459bd9971b61"", ""x3"": ""c04228c3ee4727986c92961dd41bcb6f034b32d4c5de829d853cfa172954e186"", ""x4"": ""8897fe10b973085cddac525e11940219aa16ae9929dc41d0c5f4a7378733a3ae""}",0340047558809127cfbef95fc332f3ae1ce4145167192ddcfc30e1e5778e94dd,aefdce03def94ffed42159e55677ec20e91200e1981f25b1f271b6fd99c3c263,bae72315f1450ce3871dfe0a3f891adcaaa3d47c34ec5b2a1d8dde618d768677,/4T/CXY/MV-Painter-r1color/1009/engineering/color_cast_repair_v2/runs/phase_b/predictions/ea7601dbeb2c46188571cb86e8fdb5bf/global_embedding_recomputed.png,a7f8afc36272df69d386cc68147ecf3569b070c2d85072693a8fa0aef555298d
ea7601dbeb2c46188571cb86e8fdb5bf,global_embedding_recomputed,embedding_cache_consistency_control,0.0,0.0,0.0,0.0,2,0,False,-0.2812134027481079,0.2891550660133362,0.0,0.0,-0.24250411987304688,0.8581440448760986,"{""mid"": ""8897fe10b973085cddac525e11940219aa16ae9929dc41d0c5f4a7378733a3ae"", ""up_0"": ""8897fe10b973085cddac525e11940219aa16ae9929dc41d0c5f4a7378733a3ae"", ""up_1"": ""c04228c3ee4727986c92961dd41bcb6f034b32d4c5de829d853cfa172954e186"", ""up_2"": ""27f5bcad7bff36fe1d1a7b6ddf53b6c87227a343b4ea1ff3c106459bd9971b61"", ""x1"": ""e09b0de09cd46dc6989337b50470c0173829c45853bfabef84ea5cdb119de5a2"", ""x2"": ""27f5bcad7bff36fe1d1a7b6ddf53b6c87227a343b4ea1ff3c106459bd9971b61"", ""x3"": ""c04228c3ee4727986c92961dd41bcb6f034b32d4c5de829d853cfa172954e186"", ""x4"": ""8897fe10b973085cddac525e11940219aa16ae9929dc41d0c5f4a7378733a3ae""}",0340047558809127cfbef95fc332f3ae1ce4145167192ddcfc30e1e5778e94dd,aefdce03def94ffed42159e55677ec20e91200e1981f25b1f271b6fd99c3c263,bae72315f1450ce3871dfe0a3f891adcaaa3d47c34ec5b2a1d8dde618d768677,/4T/CXY/MV-Painter-r1color/1009/engineering/color_cast_repair_v2/runs/phase_b/predictions/ea7601dbeb2c46188571cb86e8fdb5bf/global_embedding_recomputed.png,a7f8afc36272df69d386cc68147ecf3569b070c2d85072693a8fa0aef555298d
ea7601dbeb2c46188571cb86e8fdb5bf,global_embedding_recomputed,embedding_cache_consistency_control,0.0,0.0,0.0,0.0,3,16,False,-0.2550053894519806,0.11812437325716019,0.0,0.0,-0.7396144866943359,0.9184720516204834,"{""mid"": ""8897fe10b973085cddac525e11940219aa16ae9929dc41d0c5f4a7378733a3ae"", ""up_0"": ""8897fe10b973085cddac525e11940219aa16ae9929dc41d0c5f4a7378733a3ae"", ""up_1"": ""c04228c3ee4727986c92961dd41bcb6f034b32d4c5de829d853cfa172954e186"", ""up_2"": ""27f5bcad7bff36fe1d1a7b6ddf53b6c87227a343b4ea1ff3c106459bd9971b61"", ""x1"": ""e09b0de09cd46dc6989337b50470c0173829c45853bfabef84ea5cdb119de5a2"", ""x2"": ""27f5bcad7bff36fe1d1a7b6ddf53b6c87227a343b4ea1ff3c106459bd9971b61"", ""x3"": ""c04228c3ee4727986c92961dd41bcb6f034b32d4c5de829d853cfa172954e186"", ""x4"": ""8897fe10b973085cddac525e11940219aa16ae9929dc41d0c5f4a7378733a3ae""}",0340047558809127cfbef95fc332f3ae1ce4145167192ddcfc30e1e5778e94dd,aefdce03def94ffed42159e55677ec20e91200e1981f25b1f271b6fd99c3c263,bae72315f1450ce3871dfe0a3f891adcaaa3d47c34ec5b2a1d8dde618d768677,/4T/CXY/MV-Painter-r1color/1009/engineering/color_cast_repair_v2/runs/phase_b/predictions/ea7601dbeb2c46188571cb86e8fdb5bf/global_embedding_recomputed.png,a7f8afc36272df69d386cc68147ecf3569b070c2d85072693a8fa0aef555298d
ea7601dbeb2c46188571cb86e8fdb5bf,global_embedding_recomputed,embedding_cache_consistency_control,0.0,0.0,0.0,0.0,4,12,False,-0.19363592565059662,-0.01704021915793419,0.0,0.0,-0.5671062469482422,0.8976746201515198,"{""mid"": ""8897fe10b973085cddac525e11940219aa16ae9929dc41d0c5f4a7378733a3ae"", ""up_0"": ""8897fe10b973085cddac525e11940219aa16ae9929dc41d0c5f4a7378733a3ae"", ""up_1"": ""c04228c3ee4727986c92961dd41bcb6f034b32d4c5de829d853cfa172954e186"", ""up_2"": ""27f5bcad7bff36fe1d1a7b6ddf53b6c87227a343b4ea1ff3c106459bd9971b61"", ""x1"": ""e09b0de09cd46dc6989337b50470c0173829c45853bfabef84ea5cdb119de5a2"", ""x2"": ""27f5bcad7bff36fe1d1a7b6ddf53b6c87227a343b4ea1ff3c106459bd9971b61"", ""x3"": ""c04228c3ee4727986c92961dd41bcb6f034b32d4c5de829d853cfa172954e186"", ""x4"": ""8897fe10b973085cddac525e11940219aa16ae9929dc41d0c5f4a7378733a3ae""}",0340047558809127cfbef95fc332f3ae1ce4145167192ddcfc30e1e5778e94dd,aefdce03def94ffed42159e55677ec20e91200e1981f25b1f271b6fd99c3c263,bae72315f1450ce3871dfe0a3f891adcaaa3d47c34ec5b2a1d8dde618d768677,/4T/CXY/MV-Painter-r1color/1009/engineering/color_cast_repair_v2/runs/phase_b/predictions/ea7601dbeb2c46188571cb86e8fdb5bf/global_embedding_recomputed.png,a7f8afc36272df69d386cc68147ecf3569b070c2d85072693a8fa0aef555298d
ea7601dbeb2c46188571cb86e8fdb5bf,global_embedding_recomputed,embedding_cache_consistency_control,0.0,0.0,0.0,0.0,5,13,False,-0.39310091733932495,-0.1616619974374771,0.0,0.0,-0.2765836715698242,0.8962926268577576,"{""mid"": ""8897fe10b973085cddac525e11940219aa16ae9929dc41d0c5f4a7378733a3ae"", ""up_0"": ""8897fe10b973085cddac525e11940219aa16ae9929dc41d0c5f4a7378733a3ae"", ""up_1"": ""c04228c3ee4727986c92961dd41bcb6f034b32d4c5de829d853cfa172954e186"", ""up_2"": ""27f5bcad7bff36fe1d1a7b6ddf53b6c87227a343b4ea1ff3c106459bd9971b61"", ""x1"": ""e09b0de09cd46dc6989337b50470c0173829c45853bfabef84ea5cdb119de5a2"", ""x2"": ""27f5bcad7bff36fe1d1a7b6ddf53b6c87227a343b4ea1ff3c106459bd9971b61"", ""x3"": ""c04228c3ee4727986c92961dd41bcb6f034b32d4c5de829d853cfa172954e186"", ""x4"": ""8897fe10b973085cddac525e11940219aa16ae9929dc41d0c5f4a7378733a3ae""}",0340047558809127cfbef95fc332f3ae1ce4145167192ddcfc30e1e5778e94dd,aefdce03def94ffed42159e55677ec20e91200e1981f25b1f271b6fd99c3c263,bae72315f1450ce3871dfe0a3f891adcaaa3d47c34ec5b2a1d8dde618d768677,/4T/CXY/MV-Painter-r1color/1009/engineering/color_cast_repair_v2/runs/phase_b/predictions/ea7601dbeb2c46188571cb86e8fdb5bf/global_embedding_recomputed.png,a7f8afc36272df69d386cc68147ecf3569b070c2d85072693a8fa0aef555298d
ea7601dbeb2c46188571cb86e8fdb5bf,layer_llh,adapter_reference,0.0,0.0,0.0,0.0,0,14,True,-3.534721612930298,-1.0448874235153198,0.0,0.0,2.972471237182617,0.6290807723999023,"{""mid"": ""8897fe10b973085cddac525e11940219aa16ae9929dc41d0c5f4a7378733a3ae"", ""up_0"": ""8897fe10b973085cddac525e11940219aa16ae9929dc41d0c5f4a7378733a3ae"", ""up_1"": ""c04228c3ee4727986c92961dd41bcb6f034b32d4c5de829d853cfa172954e186"", ""up_2"": ""27f5bcad7bff36fe1d1a7b6ddf53b6c87227a343b4ea1ff3c106459bd9971b61"", ""x1"": ""e09b0de09cd46dc6989337b50470c0173829c45853bfabef84ea5cdb119de5a2"", ""x2"": ""27f5bcad7bff36fe1d1a7b6ddf53b6c87227a343b4ea1ff3c106459bd9971b61"", ""x3"": ""c04228c3ee4727986c92961dd41bcb6f034b32d4c5de829d853cfa172954e186"", ""x4"": ""8897fe10b973085cddac525e11940219aa16ae9929dc41d0c5f4a7378733a3ae""}",0340047558809127cfbef95fc332f3ae1ce4145167192ddcfc30e1e5778e94dd,aefdce03def94ffed42159e55677ec20e91200e1981f25b1f271b6fd99c3c263,bae72315f1450ce3871dfe0a3f891adcaaa3d47c34ec5b2a1d8dde618d768677,/4T/CXY/MV-Painter-r1color/1009/engineering/color_cast_repair_v2/runs/phase_b/predictions/ea7601dbeb2c46188571cb86e8fdb5bf/layer_llh.png,e7527b291a68a5aabd4b460fa7384abf8546f60bed3064977f469428a7c568e1
ea7601dbeb2c46188571cb86e8fdb5bf,layer_llh,adapter_reference,0.0,0.0,0.0,0.0,1,15,False,-3.8422913551330566,-2.2476117610931396,0.0,0.0,6.310634613037109,0.6453561186790466,"{""mid"": ""8897fe10b973085cddac525e11940219aa16ae9929dc41d0c5f4a7378733a3ae"", ""up_0"": ""8897fe10b973085cddac525e11940219aa16ae9929dc41d0c5f4a7378733a3ae"", ""up_1"": ""c04228c3ee4727986c92961dd41bcb6f034b32d4c5de829d853cfa172954e186"", ""up_2"": ""27f5bcad7bff36fe1d1a7b6ddf53b6c87227a343b4ea1ff3c106459bd9971b61"", ""x1"": ""e09b0de09cd46dc6989337b50470c0173829c45853bfabef84ea5cdb119de5a2"", ""x2"": ""27f5bcad7bff36fe1d1a7b6ddf53b6c87227a343b4ea1ff3c106459bd9971b61"", ""x3"": ""c04228c3ee4727986c92961dd41bcb6f034b32d4c5de829d853cfa172954e186"", ""x4"": ""8897fe10b973085cddac525e11940219aa16ae9929dc41d0c5f4a7378733a3ae""}",0340047558809127cfbef95fc332f3ae1ce4145167192ddcfc30e1e5778e94dd,aefdce03def94ffed42159e55677ec20e91200e1981f25b1f271b6fd99c3c263,bae72315f1450ce3871dfe0a3f891adcaaa3d47c34ec5b2a1d8dde618d768677,/4T/CXY/MV-Painter-r1color/1009/engineering/color_cast_repair_v2/runs/phase_b/predictions/ea7601dbeb2c46188571cb86e8fdb5bf/layer_llh.png,e7527b291a68a5aabd4b460fa7384abf8546f60bed3064977f469428a7c568e1
ea7601dbeb2c46188571cb86e8fdb5bf,layer_llh,adapter_reference,0.0,0.0,0.0,0.0,2,0,False,-3.650433301925659,-1.4309269189834595,0.0,0.0,7.99705696105957,0.6178717017173767,"{""mid"": ""8897fe10b973085cddac525e11940219aa16ae9929dc41d0c5f4a7378733a3ae"", ""up_0"": ""8897fe10b973085cddac525e11940219aa16ae9929dc41d0c5f4a7378733a3ae"", ""up_1"": ""c04228c3ee4727986c92961dd41bcb6f034b32d4c5de829d853cfa172954e186"", ""up_2"": ""27f5bcad7bff36fe1d1a7b6ddf53b6c87227a343b4ea1ff3c106459bd9971b61"", ""x1"": ""e09b0de09cd46dc6989337b50470c0173829c45853bfabef84ea5cdb119de5a2"", ""x2"": ""27f5bcad7bff36fe1d1a7b6ddf53b6c87227a343b4ea1ff3c106459bd9971b61"", ""x3"": ""c04228c3ee4727986c92961dd41bcb6f034b32d4c5de829d853cfa172954e186"", ""x4"": ""8897fe10b973085cddac525e11940219aa16ae9929dc41d0c5f4a7378733a3ae""}",0340047558809127cfbef95fc332f3ae1ce4145167192ddcfc30e1e5778e94dd,aefdce03def94ffed42159e55677ec20e91200e1981f25b1f271b6fd99c3c263,bae72315f1450ce3871dfe0a3f891adcaaa3d47c34ec5b2a1d8dde618d768677,/4T/CXY/MV-Painter-r1color/1009/engineering/color_cast_repair_v2/runs/phase_b/predictions/ea7601dbeb2c46188571cb86e8fdb5bf/layer_llh.png,e7527b291a68a5aabd4b460fa7384abf8546f60bed3064977f469428a7c568e1
ea7601dbeb2c46188571cb86e8fdb5bf,layer_llh,adapter_reference,0.0,0.0,0.0,0.0,3,16,False,-2.8251399993896484,-0.25277653336524963,0.0,0.0,10.707267761230469,0.598553478717804,"{""mid"": ""8897fe10b973085cddac525e11940219aa16ae9929dc41d0c5f4a7378733a3ae"", ""up_0"": ""8897fe10b973085cddac525e11940219aa16ae9929dc41d0c5f4a7378733a3ae"", ""up_1"": ""c04228c3ee4727986c92961dd41bcb6f034b32d4c5de829d853cfa172954e186"", ""up_2"": ""27f5bcad7bff36fe1d1a7b6ddf53b6c87227a343b4ea1ff3c106459bd9971b61"", ""x1"": ""e09b0de09cd46dc6989337b50470c0173829c45853bfabef84ea5cdb119de5a2"", ""x2"": ""27f5bcad7bff36fe1d1a7b6ddf53b6c87227a343b4ea1ff3c106459bd9971b61"", ""x3"": ""c04228c3ee4727986c92961dd41bcb6f034b32d4c5de829d853cfa172954e186"", ""x4"": ""8897fe10b973085cddac525e11940219aa16ae9929dc41d0c5f4a7378733a3ae""}",0340047558809127cfbef95fc332f3ae1ce4145167192ddcfc30e1e5778e94dd,aefdce03def94ffed42159e55677ec20e91200e1981f25b1f271b6fd99c3c263,bae72315f1450ce3871dfe0a3f891adcaaa3d47c34ec5b2a1d8dde618d768677,/4T/CXY/MV-Painter-r1color/1009/engineering/color_cast_repair_v2/runs/phase_b/predictions/ea7601dbeb2c46188571cb86e8fdb5bf/layer_llh.png,e7527b291a68a5aabd4b460fa7384abf8546f60bed3064977f469428a7c568e1
ea7601dbeb2c46188571cb86e8fdb5bf,layer_llh,adapter_reference,0.0,0.0,0.0,0.0,4,12,False,-3.7304530143737793,-1.3718814849853516,0.0,0.0,12.092824935913086,0.6138399243354797,"{""mid"": ""8897fe10b973085cddac525e11940219aa16ae9929dc41d0c5f4a7378733a3ae"", ""up_0"": ""8897fe10b973085cddac525e11940219aa16ae9929dc41d0c5f4a7378733a3ae"", ""up_1"": ""c04228c3ee4727986c92961dd41bcb6f034b32d4c5de829d853cfa172954e186"", ""up_2"": ""27f5bcad7bff36fe1d1a7b6ddf53b6c87227a343b4ea1ff3c106459bd9971b61"", ""x1"": ""e09b0de09cd46dc6989337b50470c0173829c45853bfabef84ea5cdb119de5a2"", ""x2"": ""27f5bcad7bff36fe1d1a7b6ddf53b6c87227a343b4ea1ff3c106459bd9971b61"", ""x3"": ""c04228c3ee4727986c92961dd41bcb6f034b32d4c5de829d853cfa172954e186"", ""x4"": ""8897fe10b973085cddac525e11940219aa16ae9929dc41d0c5f4a7378733a3ae""}",0340047558809127cfbef95fc332f3ae1ce4145167192ddcfc30e1e5778e94dd,aefdce03def94ffed42159e55677ec20e91200e1981f25b1f271b6fd99c3c263,bae72315f1450ce3871dfe0a3f891adcaaa3d47c34ec5b2a1d8dde618d768677,/4T/CXY/MV-Painter-r1color/1009/engineering/color_cast_repair_v2/runs/phase_b/predictions/ea7601dbeb2c46188571cb86e8fdb5bf/layer_llh.png,e7527b291a68a5aabd4b460fa7384abf8546f60bed3064977f469428a7c568e1
ea7601dbeb2c46188571cb86e8fdb5bf,layer_llh,adapter_reference,0.0,0.0,0.0,0.0,5,13,False,-3.2337758541107178,-1.154198408126831,0.0,0.0,9.628705978393555,0.6072766780853271,"{""mid"": ""8897fe10b973085cddac525e11940219aa16ae9929dc41d0c5f4a7378733a3ae"", ""up_0"": ""8897fe10b973085cddac525e11940219aa16ae9929dc41d0c5f4a7378733a3ae"", ""up_1"": ""c04228c3ee4727986c92961dd41bcb6f034b32d4c5de829d853cfa172954e186"", ""up_2"": ""27f5bcad7bff36fe1d1a7b6ddf53b6c87227a343b4ea1ff3c106459bd9971b61"", ""x1"": ""e09b0de09cd46dc6989337b50470c0173829c45853bfabef84ea5cdb119de5a2"", ""x2"": ""27f5bcad7bff36fe1d1a7b6ddf53b6c87227a343b4ea1ff3c106459bd9971b61"", ""x3"": ""c04228c3ee4727986c92961dd41bcb6f034b32d4c5de829d853cfa172954e186"", ""x4"": ""8897fe10b973085cddac525e11940219aa16ae9929dc41d0c5f4a7378733a3ae""}",0340047558809127cfbef95fc332f3ae1ce4145167192ddcfc30e1e5778e94dd,aefdce03def94ffed42159e55677ec20e91200e1981f25b1f271b6fd99c3c263,bae72315f1450ce3871dfe0a3f891adcaaa3d47c34ec5b2a1d8dde618d768677,/4T/CXY/MV-Painter-r1color/1009/engineering/color_cast_repair_v2/runs/phase_b/predictions/ea7601dbeb2c46188571cb86e8fdb5bf/layer_llh.png,e7527b291a68a5aabd4b460fa7384abf8546f60bed3064977f469428a7c568e1
ea7601dbeb2c46188571cb86e8fdb5bf,no_adapter,adapter_reference,0.0,0.0,0.0,0.0,0,14,True,-8.749972343444824,-6.020962715148926,0.0,0.0,23.158565521240234,0.19115868210792542,"{""mid"": ""8897fe10b973085cddac525e11940219aa16ae9929dc41d0c5f4a7378733a3ae"", ""up_0"": ""8897fe10b973085cddac525e11940219aa16ae9929dc41d0c5f4a7378733a3ae"", ""up_1"": ""c04228c3ee4727986c92961dd41bcb6f034b32d4c5de829d853cfa172954e186"", ""up_2"": ""27f5bcad7bff36fe1d1a7b6ddf53b6c87227a343b4ea1ff3c106459bd9971b61"", ""x1"": ""e09b0de09cd46dc6989337b50470c0173829c45853bfabef84ea5cdb119de5a2"", ""x2"": ""27f5bcad7bff36fe1d1a7b6ddf53b6c87227a343b4ea1ff3c106459bd9971b61"", ""x3"": ""c04228c3ee4727986c92961dd41bcb6f034b32d4c5de829d853cfa172954e186"", ""x4"": ""8897fe10b973085cddac525e11940219aa16ae9929dc41d0c5f4a7378733a3ae""}",0340047558809127cfbef95fc332f3ae1ce4145167192ddcfc30e1e5778e94dd,aefdce03def94ffed42159e55677ec20e91200e1981f25b1f271b6fd99c3c263,bae72315f1450ce3871dfe0a3f891adcaaa3d47c34ec5b2a1d8dde618d768677,/4T/CXY/MV-Painter-r1color/1009/engineering/color_cast_repair_v2/runs/phase_b/predictions/ea7601dbeb2c46188571cb86e8fdb5bf/no_adapter.png,3cd8f1ed37dca69e0de9299e7fa0bff9862cbdb5fa729ae3950621fa47c5eb9b
ea7601dbeb2c46188571cb86e8fdb5bf,no_adapter,adapter_reference,0.0,0.0,0.0,0.0,1,15,False,-8.0077486038208,-5.767336845397949,0.0,0.0,25.439205169677734,0.21594023704528809,"{""mid"": ""8897fe10b973085cddac525e11940219aa16ae9929dc41d0c5f4a7378733a3ae"", ""up_0"": ""8897fe10b973085cddac525e11940219aa16ae9929dc41d0c5f4a7378733a3ae"", ""up_1"": ""c04228c3ee4727986c92961dd41bcb6f034b32d4c5de829d853cfa172954e186"", ""up_2"": ""27f5bcad7bff36fe1d1a7b6ddf53b6c87227a343b4ea1ff3c106459bd9971b61"", ""x1"": ""e09b0de09cd46dc6989337b50470c0173829c45853bfabef84ea5cdb119de5a2"", ""x2"": ""27f5bcad7bff36fe1d1a7b6ddf53b6c87227a343b4ea1ff3c106459bd9971b61"", ""x3"": ""c04228c3ee4727986c92961dd41bcb6f034b32d4c5de829d853cfa172954e186"", ""x4"": ""8897fe10b973085cddac525e11940219aa16ae9929dc41d0c5f4a7378733a3ae""}",0340047558809127cfbef95fc332f3ae1ce4145167192ddcfc30e1e5778e94dd,aefdce03def94ffed42159e55677ec20e91200e1981f25b1f271b6fd99c3c263,bae72315f1450ce3871dfe0a3f891adcaaa3d47c34ec5b2a1d8dde618d768677,/4T/CXY/MV-Painter-r1color/1009/engineering/color_cast_repair_v2/runs/phase_b/predictions/ea7601dbeb2c46188571cb86e8fdb5bf/no_adapter.png,3cd8f1ed37dca69e0de9299e7fa0bff9862cbdb5fa729ae3950621fa47c5eb9b
ea7601dbeb2c46188571cb86e8fdb5bf,no_adapter,adapter_reference,0.0,0.0,0.0,0.0,2,0,False,-10.962450981140137,-14.976934432983398,0.0,0.0,31.46986961364746,0.23326078057289124,"{""mid"": ""8897fe10b973085cddac525e11940219aa16ae9929dc41d0c5f4a7378733a3ae"", ""up_0"": ""8897fe10b973085cddac525e11940219aa16ae9929dc41d0c5f4a7378733a3ae"", ""up_1"": ""c04228c3ee4727986c92961dd41bcb6f034b32d4c5de829d853cfa172954e186"", ""up_2"": ""27f5bcad7bff36fe1d1a7b6ddf53b6c87227a343b4ea1ff3c106459bd9971b61"", ""x1"": ""e09b0de09cd46dc6989337b50470c0173829c45853bfabef84ea5cdb119de5a2"", ""x2"": ""27f5bcad7bff36fe1d1a7b6ddf53b6c87227a343b4ea1ff3c106459bd9971b61"", ""x3"": ""c04228c3ee4727986c92961dd41bcb6f034b32d4c5de829d853cfa172954e186"", ""x4"": ""8897fe10b973085cddac525e11940219aa16ae9929dc41d0c5f4a7378733a3ae""}",0340047558809127cfbef95fc332f3ae1ce4145167192ddcfc30e1e5778e94dd,aefdce03def94ffed42159e55677ec20e91200e1981f25b1f271b6fd99c3c263,bae72315f1450ce3871dfe0a3f891adcaaa3d47c34ec5b2a1d8dde618d768677,/4T/CXY/MV-Painter-r1color/1009/engineering/color_cast_repair_v2/runs/phase_b/predictions/ea7601dbeb2c46188571cb86e8fdb5bf/no_adapter.png,3cd8f1ed37dca69e0de9299e7fa0bff9862cbdb5fa729ae3950621fa47c5eb9b
ea7601dbeb2c46188571cb86e8fdb5bf,no_adapter,adapter_reference,0.0,0.0,0.0,0.0,3,16,False,-10.004626274108887,-14.578791618347168,0.0,0.0,36.926273345947266,0.18358974158763885,"{""mid"": ""8897fe10b973085cddac525e11940219aa16ae9929dc41d0c5f4a7378733a3ae"", ""up_0"": ""8897fe10b973085cddac525e11940219aa16ae9929dc41d0c5f4a7378733a3ae"", ""up_1"": ""c04228c3ee4727986c92961dd41bcb6f034b32d4c5de829d853cfa172954e186"", ""up_2"": ""27f5bcad7bff36fe1d1a7b6ddf53b6c87227a343b4ea1ff3c106459bd9971b61"", ""x1"": ""e09b0de09cd46dc6989337b50470c0173829c45853bfabef84ea5cdb119de5a2"", ""x2"": ""27f5bcad7bff36fe1d1a7b6ddf53b6c87227a343b4ea1ff3c106459bd9971b61"", ""x3"": ""c04228c3ee4727986c92961dd41bcb6f034b32d4c5de829d853cfa172954e186"", ""x4"": ""8897fe10b973085cddac525e11940219aa16ae9929dc41d0c5f4a7378733a3ae""}",0340047558809127cfbef95fc332f3ae1ce4145167192ddcfc30e1e5778e94dd,aefdce03def94ffed42159e55677ec20e91200e1981f25b1f271b6fd99c3c263,bae72315f1450ce3871dfe0a3f891adcaaa3d47c34ec5b2a1d8dde618d768677,/4T/CXY/MV-Painter-r1color/1009/engineering/color_cast_repair_v2/runs/phase_b/predictions/ea7601dbeb2c46188571cb86e8fdb5bf/no_adapter.png,3cd8f1ed37dca69e0de9299e7fa0bff9862cbdb5fa729ae3950621fa47c5eb9b
ea7601dbeb2c46188571cb86e8fdb5bf,no_adapter,adapter_reference,0.0,0.0,0.0,0.0,4,12,False,-9.632872581481934,-11.847412109375,0.0,0.0,33.407142639160156,0.1945757418870926,"{""mid"": ""8897fe10b973085cddac525e11940219aa16ae9929dc41d0c5f4a7378733a3ae"", ""up_0"": ""8897fe10b973085cddac525e11940219aa16ae9929dc41d0c5f4a7378733a3ae"", ""up_1"": ""c04228c3ee4727986c92961dd41bcb6f034b32d4c5de829d853cfa172954e186"", ""up_2"": ""27f5bcad7bff36fe1d1a7b6ddf53b6c87227a343b4ea1ff3c106459bd9971b61"", ""x1"": ""e09b0de09cd46dc6989337b50470c0173829c45853bfabef84ea5cdb119de5a2"", ""x2"": ""27f5bcad7bff36fe1d1a7b6ddf53b6c87227a343b4ea1ff3c106459bd9971b61"", ""x3"": ""c04228c3ee4727986c92961dd41bcb6f034b32d4c5de829d853cfa172954e186"", ""x4"": ""8897fe10b973085cddac525e11940219aa16ae9929dc41d0c5f4a7378733a3ae""}",0340047558809127cfbef95fc332f3ae1ce4145167192ddcfc30e1e5778e94dd,aefdce03def94ffed42159e55677ec20e91200e1981f25b1f271b6fd99c3c263,bae72315f1450ce3871dfe0a3f891adcaaa3d47c34ec5b2a1d8dde618d768677,/4T/CXY/MV-Painter-r1color/1009/engineering/color_cast_repair_v2/runs/phase_b/predictions/ea7601dbeb2c46188571cb86e8fdb5bf/no_adapter.png,3cd8f1ed37dca69e0de9299e7fa0bff9862cbdb5fa729ae3950621fa47c5eb9b
ea7601dbeb2c46188571cb86e8fdb5bf,no_adapter,adapter_reference,0.0,0.0,0.0,0.0,5,13,False,-9.354339599609375,-10.738110542297363,0.0,0.0,30.002365112304688,0.19600965082645416,"{""mid"": ""8897fe10b973085cddac525e11940219aa16ae9929dc41d0c5f4a7378733a3ae"", ""up_0"": ""8897fe10b973085cddac525e11940219aa16ae9929dc41d0c5f4a7378733a3ae"", ""up_1"": ""c04228c3ee4727986c92961dd41bcb6f034b32d4c5de829d853cfa172954e186"", ""up_2"": ""27f5bcad7bff36fe1d1a7b6ddf53b6c87227a343b4ea1ff3c106459bd9971b61"", ""x1"": ""e09b0de09cd46dc6989337b50470c0173829c45853bfabef84ea5cdb119de5a2"", ""x2"": ""27f5bcad7bff36fe1d1a7b6ddf53b6c87227a343b4ea1ff3c106459bd9971b61"", ""x3"": ""c04228c3ee4727986c92961dd41bcb6f034b32d4c5de829d853cfa172954e186"", ""x4"": ""8897fe10b973085cddac525e11940219aa16ae9929dc41d0c5f4a7378733a3ae""}",0340047558809127cfbef95fc332f3ae1ce4145167192ddcfc30e1e5778e94dd,aefdce03def94ffed42159e55677ec20e91200e1981f25b1f271b6fd99c3c263,bae72315f1450ce3871dfe0a3f891adcaaa3d47c34ec5b2a1d8dde618d768677,/4T/CXY/MV-Painter-r1color/1009/engineering/color_cast_repair_v2/runs/phase_b/predictions/ea7601dbeb2c46188571cb86e8fdb5bf/no_adapter.png,3cd8f1ed37dca69e0de9299e7fa0bff9862cbdb5fa729ae3950621fa47c5eb9b
ea7601dbeb2c46188571cb86e8fdb5bf,vae_and_embedding_dam6_dbp0,vae_and_embedding,-6.0,0.0,-5.9764227867126465,0.004201022442430258,0,14,True,-1.613911509513855,0.24744781851768494,0.270075379322238,1.6140850498825476,-0.25810813903808594,0.9559356570243835,"{""mid"": ""8897fe10b973085cddac525e11940219aa16ae9929dc41d0c5f4a7378733a3ae"", ""up_0"": ""8897fe10b973085cddac525e11940219aa16ae9929dc41d0c5f4a7378733a3ae"", ""up_1"": ""c04228c3ee4727986c92961dd41bcb6f034b32d4c5de829d853cfa172954e186"", ""up_2"": ""27f5bcad7bff36fe1d1a7b6ddf53b6c87227a343b4ea1ff3c106459bd9971b61"", ""x1"": ""e09b0de09cd46dc6989337b50470c0173829c45853bfabef84ea5cdb119de5a2"", ""x2"": ""27f5bcad7bff36fe1d1a7b6ddf53b6c87227a343b4ea1ff3c106459bd9971b61"", ""x3"": ""c04228c3ee4727986c92961dd41bcb6f034b32d4c5de829d853cfa172954e186"", ""x4"": ""8897fe10b973085cddac525e11940219aa16ae9929dc41d0c5f4a7378733a3ae""}",0340047558809127cfbef95fc332f3ae1ce4145167192ddcfc30e1e5778e94dd,aefdce03def94ffed42159e55677ec20e91200e1981f25b1f271b6fd99c3c263,ff75d5e6a0a853859a4c207e1a5fc2473fbbf5e23575b9d75b5aa46cd7343e31,/4T/CXY/MV-Painter-r1color/1009/engineering/color_cast_repair_v2/runs/phase_b/predictions/ea7601dbeb2c46188571cb86e8fdb5bf/vae_and_embedding_dam6_dbp0.png,d7b5aaddcc36941807a3b5b70569a89c252d8fc7e5641d91e4cdd9dcd62b2440
ea7601dbeb2c46188571cb86e8fdb5bf,vae_and_embedding_dam6_dbp0,vae_and_embedding,-6.0,0.0,-5.9764227867126465,0.004201022442430258,1,15,False,-1.4962612390518188,0.359383761882782,0.2504028204789581,1.496513491891744,0.04822349548339844,0.9555943608283997,"{""mid"": ""8897fe10b973085cddac525e11940219aa16ae9929dc41d0c5f4a7378733a3ae"", ""up_0"": ""8897fe10b973085cddac525e11940219aa16ae9929dc41d0c5f4a7378733a3ae"", ""up_1"": ""c04228c3ee4727986c92961dd41bcb6f034b32d4c5de829d853cfa172954e186"", ""up_2"": ""27f5bcad7bff36fe1d1a7b6ddf53b6c87227a343b4ea1ff3c106459bd9971b61"", ""x1"": ""e09b0de09cd46dc6989337b50470c0173829c45853bfabef84ea5cdb119de5a2"", ""x2"": ""27f5bcad7bff36fe1d1a7b6ddf53b6c87227a343b4ea1ff3c106459bd9971b61"", ""x3"": ""c04228c3ee4727986c92961dd41bcb6f034b32d4c5de829d853cfa172954e186"", ""x4"": ""8897fe10b973085cddac525e11940219aa16ae9929dc41d0c5f4a7378733a3ae""}",0340047558809127cfbef95fc332f3ae1ce4145167192ddcfc30e1e5778e94dd,aefdce03def94ffed42159e55677ec20e91200e1981f25b1f271b6fd99c3c263,ff75d5e6a0a853859a4c207e1a5fc2473fbbf5e23575b9d75b5aa46cd7343e31,/4T/CXY/MV-Painter-r1color/1009/engineering/color_cast_repair_v2/runs/phase_b/predictions/ea7601dbeb2c46188571cb86e8fdb5bf/vae_and_embedding_dam6_dbp0.png,d7b5aaddcc36941807a3b5b70569a89c252d8fc7e5641d91e4cdd9dcd62b2440
ea7601dbeb2c46188571cb86e8fdb5bf,vae_and_embedding_dam6_dbp0,vae_and_embedding,-6.0,0.0,-5.9764227867126465,0.004201022442430258,2,0,False,-1.7371912002563477,0.42498600482940674,0.29072392303318373,1.7374895075170147,0.08199310302734375,0.8909530639648438,"{""mid"": ""8897fe10b973085cddac525e11940219aa16ae9929dc41d0c5f4a7378733a3ae"", ""up_0"": ""8897fe10b973085cddac525e11940219aa16ae9929dc41d0c5f4a7378733a3ae"", ""up_1"": ""c04228c3ee4727986c92961dd41bcb6f034b32d4c5de829d853cfa172954e186"", ""up_2"": ""27f5bcad7bff36fe1d1a7b6ddf53b6c87227a343b4ea1ff3c106459bd9971b61"", ""x1"": ""e09b0de09cd46dc6989337b50470c0173829c45853bfabef84ea5cdb119de5a2"", ""x2"": ""27f5bcad7bff36fe1d1a7b6ddf53b6c87227a343b4ea1ff3c106459bd9971b61"", ""x3"": ""c04228c3ee4727986c92961dd41bcb6f034b32d4c5de829d853cfa172954e186"", ""x4"": ""8897fe10b973085cddac525e11940219aa16ae9929dc41d0c5f4a7378733a3ae""}",0340047558809127cfbef95fc332f3ae1ce4145167192ddcfc30e1e5778e94dd,aefdce03def94ffed42159e55677ec20e91200e1981f25b1f271b6fd99c3c263,ff75d5e6a0a853859a4c207e1a5fc2473fbbf5e23575b9d75b5aa46cd7343e31,/4T/CXY/MV-Painter-r1color/1009/engineering/color_cast_repair_v2/runs/phase_b/predictions/ea7601dbeb2c46188571cb86e8fdb5bf/vae_and_embedding_dam6_dbp0.png,d7b5aaddcc36941807a3b5b70569a89c252d8fc7e5641d91e4cdd9dcd62b2440
ea7601dbeb2c46188571cb86e8fdb5bf,vae_and_embedding_dam6_dbp0,vae_and_embedding,-6.0,0.0,-5.9764227867126465,0.004201022442430258,3,16,False,-1.416477918624878,0.4614165127277374,0.23706514981246432,1.4168019133055356,0.0252685546875,0.9518318176269531,"{""mid"": ""8897fe10b973085cddac525e11940219aa16ae9929dc41d0c5f4a7378733a3ae"", ""up_0"": ""8897fe10b973085cddac525e11940219aa16ae9929dc41d0c5f4a7378733a3ae"", ""up_1"": ""c04228c3ee4727986c92961dd41bcb6f034b32d4c5de829d853cfa172954e186"", ""up_2"": ""27f5bcad7bff36fe1d1a7b6ddf53b6c87227a343b4ea1ff3c106459bd9971b61"", ""x1"": ""e09b0de09cd46dc6989337b50470c0173829c45853bfabef84ea5cdb119de5a2"", ""x2"": ""27f5bcad7bff36fe1d1a7b6ddf53b6c87227a343b4ea1ff3c106459bd9971b61"", ""x3"": ""c04228c3ee4727986c92961dd41bcb6f034b32d4c5de829d853cfa172954e186"", ""x4"": ""8897fe10b973085cddac525e11940219aa16ae9929dc41d0c5f4a7378733a3ae""}",0340047558809127cfbef95fc332f3ae1ce4145167192ddcfc30e1e5778e94dd,aefdce03def94ffed42159e55677ec20e91200e1981f25b1f271b6fd99c3c263,ff75d5e6a0a853859a4c207e1a5fc2473fbbf5e23575b9d75b5aa46cd7343e31,/4T/CXY/MV-Painter-r1color/1009/engineering/color_cast_repair_v2/runs/phase_b/predictions/ea7601dbeb2c46188571cb86e8fdb5bf/vae_and_embedding_dam6_dbp0.png,d7b5aaddcc36941807a3b5b70569a89c252d8fc7e5641d91e4cdd9dcd62b2440
ea7601dbeb2c46188571cb86e8fdb5bf,vae_and_embedding_dam6_dbp0,vae_and_embedding,-6.0,0.0,-5.9764227867126465,0.004201022442430258,4,12,False,-1.6859880685806274,0.30060622096061707,0.2821417763597683,1.6861989579074135,0.0495452880859375,0.9510911107063293,"{""mid"": ""8897fe10b973085cddac525e11940219aa16ae9929dc41d0c5f4a7378733a3ae"", ""up_0"": ""8897fe10b973085cddac525e11940219aa16ae9929dc41d0c5f4a7378733a3ae"", ""up_1"": ""c04228c3ee4727986c92961dd41bcb6f034b32d4c5de829d853cfa172954e186"", ""up_2"": ""27f5bcad7bff36fe1d1a7b6ddf53b6c87227a343b4ea1ff3c106459bd9971b61"", ""x1"": ""e09b0de09cd46dc6989337b50470c0173829c45853bfabef84ea5cdb119de5a2"", ""x2"": ""27f5bcad7bff36fe1d1a7b6ddf53b6c87227a343b4ea1ff3c106459bd9971b61"", ""x3"": ""c04228c3ee4727986c92961dd41bcb6f034b32d4c5de829d853cfa172954e186"", ""x4"": ""8897fe10b973085cddac525e11940219aa16ae9929dc41d0c5f4a7378733a3ae""}",0340047558809127cfbef95fc332f3ae1ce4145167192ddcfc30e1e5778e94dd,aefdce03def94ffed42159e55677ec20e91200e1981f25b1f271b6fd99c3c263,ff75d5e6a0a853859a4c207e1a5fc2473fbbf5e23575b9d75b5aa46cd7343e31,/4T/CXY/MV-Painter-r1color/1009/engineering/color_cast_repair_v2/runs/phase_b/predictions/ea7601dbeb2c46188571cb86e8fdb5bf/vae_and_embedding_dam6_dbp0.png,d7b5aaddcc36941807a3b5b70569a89c252d8fc7e5641d91e4cdd9dcd62b2440
ea7601dbeb2c46188571cb86e8fdb5bf,vae_and_embedding_dam6_dbp0,vae_and_embedding,-6.0,0.0,-5.9764227867126465,0.004201022442430258,5,13,False,-1.6674827337265015,0.25342461466789246,0.2790398386547143,1.6676604621439002,0.053653717041015625,0.9503543972969055,"{""mid"": ""8897fe10b973085cddac525e11940219aa16ae9929dc41d0c5f4a7378733a3ae"", ""up_0"": ""8897fe10b973085cddac525e11940219aa16ae9929dc41d0c5f4a7378733a3ae"", ""up_1"": ""c04228c3ee4727986c92961dd41bcb6f034b32d4c5de829d853cfa172954e186"", ""up_2"": ""27f5bcad7bff36fe1d1a7b6ddf53b6c87227a343b4ea1ff3c106459bd9971b61"", ""x1"": ""e09b0de09cd46dc6989337b50470c0173829c45853bfabef84ea5cdb119de5a2"", ""x2"": ""27f5bcad7bff36fe1d1a7b6ddf53b6c87227a343b4ea1ff3c106459bd9971b61"", ""x3"": ""c04228c3ee4727986c92961dd41bcb6f034b32d4c5de829d853cfa172954e186"", ""x4"": ""8897fe10b973085cddac525e11940219aa16ae9929dc41d0c5f4a7378733a3ae""}",0340047558809127cfbef95fc332f3ae1ce4145167192ddcfc30e1e5778e94dd,aefdce03def94ffed42159e55677ec20e91200e1981f25b1f271b6fd99c3c263,ff75d5e6a0a853859a4c207e1a5fc2473fbbf5e23575b9d75b5aa46cd7343e31,/4T/CXY/MV-Painter-r1color/1009/engineering/color_cast_repair_v2/runs/phase_b/predictions/ea7601dbeb2c46188571cb86e8fdb5bf/vae_and_embedding_dam6_dbp0.png,d7b5aaddcc36941807a3b5b70569a89c252d8fc7e5641d91e4cdd9dcd62b2440
ea7601dbeb2c46188571cb86e8fdb5bf,vae_and_embedding_dap0_dbm6,vae_and_embedding,0.0,-6.0,0.0012893513776361942,-5.987913608551025,0,14,True,0.9449381828308105,-0.78664231300354,0.13140566103428242,0.7868457641889272,0.38541603088378906,0.9701170921325684,"{""mid"": ""8897fe10b973085cddac525e11940219aa16ae9929dc41d0c5f4a7378733a3ae"", ""up_0"": ""8897fe10b973085cddac525e11940219aa16ae9929dc41d0c5f4a7378733a3ae"", ""up_1"": ""c04228c3ee4727986c92961dd41bcb6f034b32d4c5de829d853cfa172954e186"", ""up_2"": ""27f5bcad7bff36fe1d1a7b6ddf53b6c87227a343b4ea1ff3c106459bd9971b61"", ""x1"": ""e09b0de09cd46dc6989337b50470c0173829c45853bfabef84ea5cdb119de5a2"", ""x2"": ""27f5bcad7bff36fe1d1a7b6ddf53b6c87227a343b4ea1ff3c106459bd9971b61"", ""x3"": ""c04228c3ee4727986c92961dd41bcb6f034b32d4c5de829d853cfa172954e186"", ""x4"": ""8897fe10b973085cddac525e11940219aa16ae9929dc41d0c5f4a7378733a3ae""}",0340047558809127cfbef95fc332f3ae1ce4145167192ddcfc30e1e5778e94dd,aefdce03def94ffed42159e55677ec20e91200e1981f25b1f271b6fd99c3c263,0763706c2281c9e50843867987a9a218f3732d5e81c336e5f7c6347d1d1aac4a,/4T/CXY/MV-Painter-r1color/1009/engineering/color_cast_repair_v2/runs/phase_b/predictions/ea7601dbeb2c46188571cb86e8fdb5bf/vae_and_embedding_dap0_dbm6.png,4110d76e53a8d86f96c0b8d1f31d10a3c8e0db5414865a70c0d4a9b7fe679cab
ea7601dbeb2c46188571cb86e8fdb5bf,vae_and_embedding_dap0_dbm6,vae_and_embedding,0.0,-6.0,0.0012893513776361942,-5.987913608551025,1,15,False,1.1741902828216553,-0.6404359936714172,0.10699700081416125,0.6406888121020723,0.4193267822265625,0.9499223828315735,"{""mid"": ""8897fe10b973085cddac525e11940219aa16ae9929dc41d0c5f4a7378733a3ae"", ""up_0"": ""8897fe10b973085cddac525e11940219aa16ae9929dc41d0c5f4a7378733a3ae"", ""up_1"": ""c04228c3ee4727986c92961dd41bcb6f034b32d4c5de829d853cfa172954e186"", ""up_2"": ""27f5bcad7bff36fe1d1a7b6ddf53b6c87227a343b4ea1ff3c106459bd9971b61"", ""x1"": ""e09b0de09cd46dc6989337b50470c0173829c45853bfabef84ea5cdb119de5a2"", ""x2"": ""27f5bcad7bff36fe1d1a7b6ddf53b6c87227a343b4ea1ff3c106459bd9971b61"", ""x3"": ""c04228c3ee4727986c92961dd41bcb6f034b32d4c5de829d853cfa172954e186"", ""x4"": ""8897fe10b973085cddac525e11940219aa16ae9929dc41d0c5f4a7378733a3ae""}",0340047558809127cfbef95fc332f3ae1ce4145167192ddcfc30e1e5778e94dd,aefdce03def94ffed42159e55677ec20e91200e1981f25b1f271b6fd99c3c263,0763706c2281c9e50843867987a9a218f3732d5e81c336e5f7c6347d1d1aac4a,/4T/CXY/MV-Painter-r1color/1009/engineering/color_cast_repair_v2/runs/phase_b/predictions/ea7601dbeb2c46188571cb86e8fdb5bf/vae_and_embedding_dap0_dbm6.png,4110d76e53a8d86f96c0b8d1f31d10a3c8e0db5414865a70c0d4a9b7fe679cab
ea7601dbeb2c46188571cb86e8fdb5bf,vae_and_embedding_dap0_dbm6,vae_and_embedding,0.0,-6.0,0.0012893513776361942,-5.987913608551025,2,0,False,0.836901843547821,-0.6561877727508545,0.1096154673662417,0.6563679639662935,0.20819854736328125,0.9144526124000549,"{""mid"": ""8897fe10b973085cddac525e11940219aa16ae9929dc41d0c5f4a7378733a3ae"", ""up_0"": ""8897fe10b973085cddac525e11940219aa16ae9929dc41d0c5f4a7378733a3ae"", ""up_1"": ""c04228c3ee4727986c92961dd41bcb6f034b32d4c5de829d853cfa172954e186"", ""up_2"": ""27f5bcad7bff36fe1d1a7b6ddf53b6c87227a343b4ea1ff3c106459bd9971b61"", ""x1"": ""e09b0de09cd46dc6989337b50470c0173829c45853bfabef84ea5cdb119de5a2"", ""x2"": ""27f5bcad7bff36fe1d1a7b6ddf53b6c87227a343b4ea1ff3c106459bd9971b61"", ""x3"": ""c04228c3ee4727986c92961dd41bcb6f034b32d4c5de829d853cfa172954e186"", ""x4"": ""8897fe10b973085cddac525e11940219aa16ae9929dc41d0c5f4a7378733a3ae""}",0340047558809127cfbef95fc332f3ae1ce4145167192ddcfc30e1e5778e94dd,aefdce03def94ffed42159e55677ec20e91200e1981f25b1f271b6fd99c3c263,0763706c2281c9e50843867987a9a218f3732d5e81c336e5f7c6347d1d1aac4a,/4T/CXY/MV-Painter-r1color/1009/engineering/color_cast_repair_v2/runs/phase_b/predictions/ea7601dbeb2c46188571cb86e8fdb5bf/vae_and_embedding_dap0_dbm6.png,4110d76e53a8d86f96c0b8d1f31d10a3c8e0db5414865a70c0d4a9b7fe679cab
ea7601dbeb2c46188571cb86e8fdb5bf,vae_and_embedding_dap0_dbm6,vae_and_embedding,0.0,-6.0,0.0012893513776361942,-5.987913608551025,3,16,False,0.933526337146759,-0.5567663908004761,0.09301526600929215,0.5569673900519677,-0.05212211608886719,0.9559406042098999,"{""mid"": ""8897fe10b973085cddac525e11940219aa16ae9929dc41d0c5f4a7378733a3ae"", ""up_0"": ""8897fe10b973085cddac525e11940219aa16ae9929dc41d0c5f4a7378733a3ae"", ""up_1"": ""c04228c3ee4727986c92961dd41bcb6f034b32d4c5de829d853cfa172954e186"", ""up_2"": ""27f5bcad7bff36fe1d1a7b6ddf53b6c87227a343b4ea1ff3c106459bd9971b61"", ""x1"": ""e09b0de09cd46dc6989337b50470c0173829c45853bfabef84ea5cdb119de5a2"", ""x2"": ""27f5bcad7bff36fe1d1a7b6ddf53b6c87227a343b4ea1ff3c106459bd9971b61"", ""x3"": ""c04228c3ee4727986c92961dd41bcb6f034b32d4c5de829d853cfa172954e186"", ""x4"": ""8897fe10b973085cddac525e11940219aa16ae9929dc41d0c5f4a7378733a3ae""}",0340047558809127cfbef95fc332f3ae1ce4145167192ddcfc30e1e5778e94dd,aefdce03def94ffed42159e55677ec20e91200e1981f25b1f271b6fd99c3c263,0763706c2281c9e50843867987a9a218f3732d5e81c336e5f7c6347d1d1aac4a,/4T/CXY/MV-Painter-r1color/1009/engineering/color_cast_repair_v2/runs/phase_b/predictions/ea7601dbeb2c46188571cb86e8fdb5bf/vae_and_embedding_dap0_dbm6.png,4110d76e53a8d86f96c0b8d1f31d10a3c8e0db5414865a70c0d4a9b7fe679cab
ea7601dbeb2c46188571cb86e8fdb5bf,vae_and_embedding_dap0_dbm6,vae_and_embedding,0.0,-6.0,0.0012893513776361942,-5.987913608551025,4,12,False,0.9788121581077576,-0.6760498881340027,0.1129376047068419,0.6762606358187122,-0.022581100463867188,0.9666178226470947,"{""mid"": ""8897fe10b973085cddac525e11940219aa16ae9929dc41d0c5f4a7378733a3ae"", ""up_0"": ""8897fe10b973085cddac525e11940219aa16ae9929dc41d0c5f4a7378733a3ae"", ""up_1"": ""c04228c3ee4727986c92961dd41bcb6f034b32d4c5de829d853cfa172954e186"", ""up_2"": ""27f5bcad7bff36fe1d1a7b6ddf53b6c87227a343b4ea1ff3c106459bd9971b61"", ""x1"": ""e09b0de09cd46dc6989337b50470c0173829c45853bfabef84ea5cdb119de5a2"", ""x2"": ""27f5bcad7bff36fe1d1a7b6ddf53b6c87227a343b4ea1ff3c106459bd9971b61"", ""x3"": ""c04228c3ee4727986c92961dd41bcb6f034b32d4c5de829d853cfa172954e186"", ""x4"": ""8897fe10b973085cddac525e11940219aa16ae9929dc41d0c5f4a7378733a3ae""}",0340047558809127cfbef95fc332f3ae1ce4145167192ddcfc30e1e5778e94dd,aefdce03def94ffed42159e55677ec20e91200e1981f25b1f271b6fd99c3c263,0763706c2281c9e50843867987a9a218f3732d5e81c336e5f7c6347d1d1aac4a,/4T/CXY/MV-Painter-r1color/1009/engineering/color_cast_repair_v2/runs/phase_b/predictions/ea7601dbeb2c46188571cb86e8fdb5bf/vae_and_embedding_dap0_dbm6.png,4110d76e53a8d86f96c0b8d1f31d10a3c8e0db5414865a70c0d4a9b7fe679cab
ea7601dbeb2c46188571cb86e8fdb5bf,vae_and_embedding_dap0_dbm6,vae_and_embedding,0.0,-6.0,0.0012893513776361942,-5.987913608551025,5,13,False,0.8752971291542053,-0.7545480728149414,0.12604332010822045,0.7547365292396961,0.2095651626586914,0.9539260864257812,"{""mid"": ""8897fe10b973085cddac525e11940219aa16ae9929dc41d0c5f4a7378733a3ae"", ""up_0"": ""8897fe10b973085cddac525e11940219aa16ae9929dc41d0c5f4a7378733a3ae"", ""up_1"": ""c04228c3ee4727986c92961dd41bcb6f034b32d4c5de829d853cfa172954e186"", ""up_2"": ""27f5bcad7bff36fe1d1a7b6ddf53b6c87227a343b4ea1ff3c106459bd9971b61"", ""x1"": ""e09b0de09cd46dc6989337b50470c0173829c45853bfabef84ea5cdb119de5a2"", ""x2"": ""27f5bcad7bff36fe1d1a7b6ddf53b6c87227a343b4ea1ff3c106459bd9971b61"", ""x3"": ""c04228c3ee4727986c92961dd41bcb6f034b32d4c5de829d853cfa172954e186"", ""x4"": ""8897fe10b973085cddac525e11940219aa16ae9929dc41d0c5f4a7378733a3ae""}",0340047558809127cfbef95fc332f3ae1ce4145167192ddcfc30e1e5778e94dd,aefdce03def94ffed42159e55677ec20e91200e1981f25b1f271b6fd99c3c263,0763706c2281c9e50843867987a9a218f3732d5e81c336e5f7c6347d1d1aac4a,/4T/CXY/MV-Painter-r1color/1009/engineering/color_cast_repair_v2/runs/phase_b/predictions/ea7601dbeb2c46188571cb86e8fdb5bf/vae_and_embedding_dap0_dbm6.png,4110d76e53a8d86f96c0b8d1f31d10a3c8e0db5414865a70c0d4a9b7fe679cab
ea7601dbeb2c46188571cb86e8fdb5bf,vae_and_embedding_dap0_dbp6,vae_and_embedding,0.0,6.0,0.015261005610227585,5.946827411651611,0,14,True,-0.29012516140937805,1.6858506202697754,0.28336033224484447,1.685100539843655,0.05708885192871094,0.9461071491241455,"{""mid"": ""8897fe10b973085cddac525e11940219aa16ae9929dc41d0c5f4a7378733a3ae"", ""up_0"": ""8897fe10b973085cddac525e11940219aa16ae9929dc41d0c5f4a7378733a3ae"", ""up_1"": ""c04228c3ee4727986c92961dd41bcb6f034b32d4c5de829d853cfa172954e186"", ""up_2"": ""27f5bcad7bff36fe1d1a7b6ddf53b6c87227a343b4ea1ff3c106459bd9971b61"", ""x1"": ""e09b0de09cd46dc6989337b50470c0173829c45853bfabef84ea5cdb119de5a2"", ""x2"": ""27f5bcad7bff36fe1d1a7b6ddf53b6c87227a343b4ea1ff3c106459bd9971b61"", ""x3"": ""c04228c3ee4727986c92961dd41bcb6f034b32d4c5de829d853cfa172954e186"", ""x4"": ""8897fe10b973085cddac525e11940219aa16ae9929dc41d0c5f4a7378733a3ae""}",0340047558809127cfbef95fc332f3ae1ce4145167192ddcfc30e1e5778e94dd,aefdce03def94ffed42159e55677ec20e91200e1981f25b1f271b6fd99c3c263,d180f98795663472e0519a50a1e8a40b114d6973705740cf72a7b9ae589aafdd,/4T/CXY/MV-Painter-r1color/1009/engineering/color_cast_repair_v2/runs/phase_b/predictions/ea7601dbeb2c46188571cb86e8fdb5bf/vae_and_embedding_dap0_dbp6.png,12fe80391cdcb22c17543a4452dbbd21a1405fee02b51a39b2c1bca5c63a93ec
ea7601dbeb2c46188571cb86e8fdb5bf,vae_and_embedding_dap0_dbp6,vae_and_embedding,0.0,6.0,0.015261005610227585,5.946827411651611,1,15,False,-0.3408113420009613,1.7925881147384644,0.3012869865684809,1.7917076102089176,0.1957836151123047,0.9735063314437866,"{""mid"": ""8897fe10b973085cddac525e11940219aa16ae9929dc41d0c5f4a7378733a3ae"", ""up_0"": ""8897fe10b973085cddac525e11940219aa16ae9929dc41d0c5f4a7378733a3ae"", ""up_1"": ""c04228c3ee4727986c92961dd41bcb6f034b32d4c5de829d853cfa172954e186"", ""up_2"": ""27f5bcad7bff36fe1d1a7b6ddf53b6c87227a343b4ea1ff3c106459bd9971b61"", ""x1"": ""e09b0de09cd46dc6989337b50470c0173829c45853bfabef84ea5cdb119de5a2"", ""x2"": ""27f5bcad7bff36fe1d1a7b6ddf53b6c87227a343b4ea1ff3c106459bd9971b61"", ""x3"": ""c04228c3ee4727986c92961dd41bcb6f034b32d4c5de829d853cfa172954e186"", ""x4"": ""8897fe10b973085cddac525e11940219aa16ae9929dc41d0c5f4a7378733a3ae""}",0340047558809127cfbef95fc332f3ae1ce4145167192ddcfc30e1e5778e94dd,aefdce03def94ffed42159e55677ec20e91200e1981f25b1f271b6fd99c3c263,d180f98795663472e0519a50a1e8a40b114d6973705740cf72a7b9ae589aafdd,/4T/CXY/MV-Painter-r1color/1009/engineering/color_cast_repair_v2/runs/phase_b/predictions/ea7601dbeb2c46188571cb86e8fdb5bf/vae_and_embedding_dap0_dbp6.png,12fe80391cdcb22c17543a4452dbbd21a1405fee02b51a39b2c1bca5c63a93ec
ea7601dbeb2c46188571cb86e8fdb5bf,vae_and_embedding_dap0_dbp6,vae_and_embedding,0.0,6.0,0.015261005610227585,5.946827411651611,2,0,False,-0.11357088387012482,1.7510032653808594,0.2943923144665314,1.7507060501493357,0.21150970458984375,0.9373927712440491,"{""mid"": ""8897fe10b973085cddac525e11940219aa16ae9929dc41d0c5f4a7378733a3ae"", ""up_0"": ""8897fe10b973085cddac525e11940219aa16ae9929dc41d0c5f4a7378733a3ae"", ""up_1"": ""c04228c3ee4727986c92961dd41bcb6f034b32d4c5de829d853cfa172954e186"", ""up_2"": ""27f5bcad7bff36fe1d1a7b6ddf53b6c87227a343b4ea1ff3c106459bd9971b61"", ""x1"": ""e09b0de09cd46dc6989337b50470c0173829c45853bfabef84ea5cdb119de5a2"", ""x2"": ""27f5bcad7bff36fe1d1a7b6ddf53b6c87227a343b4ea1ff3c106459bd9971b61"", ""x3"": ""c04228c3ee4727986c92961dd41bcb6f034b32d4c5de829d853cfa172954e186"", ""x4"": ""8897fe10b973085cddac525e11940219aa16ae9929dc41d0c5f4a7378733a3ae""}",0340047558809127cfbef95fc332f3ae1ce4145167192ddcfc30e1e5778e94dd,aefdce03def94ffed42159e55677ec20e91200e1981f25b1f271b6fd99c3c263,d180f98795663472e0519a50a1e8a40b114d6973705740cf72a7b9ae589aafdd,/4T/CXY/MV-Painter-r1color/1009/engineering/color_cast_repair_v2/runs/phase_b/predictions/ea7601dbeb2c46188571cb86e8fdb5bf/vae_and_embedding_dap0_dbp6.png,12fe80391cdcb22c17543a4452dbbd21a1405fee02b51a39b2c1bca5c63a93ec
ea7601dbeb2c46188571cb86e8fdb5bf,vae_and_embedding_dap0_dbp6,vae_and_embedding,0.0,6.0,0.015261005610227585,5.946827411651611,3,16,False,-0.22069445252418518,1.7817734479904175,0.2995202717010085,1.7812012272111903,0.33075904846191406,0.973964512348175,"{""mid"": ""8897fe10b973085cddac525e11940219aa16ae9929dc41d0c5f4a7378733a3ae"", ""up_0"": ""8897fe10b973085cddac525e11940219aa16ae9929dc41d0c5f4a7378733a3ae"", ""up_1"": ""c04228c3ee4727986c92961dd41bcb6f034b32d4c5de829d853cfa172954e186"", ""up_2"": ""27f5bcad7bff36fe1d1a7b6ddf53b6c87227a343b4ea1ff3c106459bd9971b61"", ""x1"": ""e09b0de09cd46dc6989337b50470c0173829c45853bfabef84ea5cdb119de5a2"", ""x2"": ""27f5bcad7bff36fe1d1a7b6ddf53b6c87227a343b4ea1ff3c106459bd9971b61"", ""x3"": ""c04228c3ee4727986c92961dd41bcb6f034b32d4c5de829d853cfa172954e186"", ""x4"": ""8897fe10b973085cddac525e11940219aa16ae9929dc41d0c5f4a7378733a3ae""}",0340047558809127cfbef95fc332f3ae1ce4145167192ddcfc30e1e5778e94dd,aefdce03def94ffed42159e55677ec20e91200e1981f25b1f271b6fd99c3c263,d180f98795663472e0519a50a1e8a40b114d6973705740cf72a7b9ae589aafdd,/4T/CXY/MV-Painter-r1color/1009/engineering/color_cast_repair_v2/runs/phase_b/predictions/ea7601dbeb2c46188571cb86e8fdb5bf/vae_and_embedding_dap0_dbp6.png,12fe80391cdcb22c17543a4452dbbd21a1405fee02b51a39b2c1bca5c63a93ec
ea7601dbeb2c46188571cb86e8fdb5bf,vae_and_embedding_dap0_dbp6,vae_and_embedding,0.0,6.0,0.015261005610227585,5.946827411651611,4,12,False,-0.26232486963272095,1.8449125289916992,0.3101195085308573,1.8442332668845343,0.41982269287109375,0.9676976203918457,"{""mid"": ""8897fe10b973085cddac525e11940219aa16ae9929dc41d0c5f4a7378733a3ae"", ""up_0"": ""8897fe10b973085cddac525e11940219aa16ae9929dc41d0c5f4a7378733a3ae"", ""up_1"": ""c04228c3ee4727986c92961dd41bcb6f034b32d4c5de829d853cfa172954e186"", ""up_2"": ""27f5bcad7bff36fe1d1a7b6ddf53b6c87227a343b4ea1ff3c106459bd9971b61"", ""x1"": ""e09b0de09cd46dc6989337b50470c0173829c45853bfabef84ea5cdb119de5a2"", ""x2"": ""27f5bcad7bff36fe1d1a7b6ddf53b6c87227a343b4ea1ff3c106459bd9971b61"", ""x3"": ""c04228c3ee4727986c92961dd41bcb6f034b32d4c5de829d853cfa172954e186"", ""x4"": ""8897fe10b973085cddac525e11940219aa16ae9929dc41d0c5f4a7378733a3ae""}",0340047558809127cfbef95fc332f3ae1ce4145167192ddcfc30e1e5778e94dd,aefdce03def94ffed42159e55677ec20e91200e1981f25b1f271b6fd99c3c263,d180f98795663472e0519a50a1e8a40b114d6973705740cf72a7b9ae589aafdd,/4T/CXY/MV-Painter-r1color/1009/engineering/color_cast_repair_v2/runs/phase_b/predictions/ea7601dbeb2c46188571cb86e8fdb5bf/vae_and_embedding_dap0_dbp6.png,12fe80391cdcb22c17543a4452dbbd21a1405fee02b51a39b2c1bca5c63a93ec
ea7601dbeb2c46188571cb86e8fdb5bf,vae_and_embedding_dap0_dbp6,vae_and_embedding,0.0,6.0,0.015261005610227585,5.946827411651611,5,13,False,-0.23733806610107422,1.7317745685577393,0.2911054888298226,1.7311598009940228,0.28447723388671875,0.9607775807380676,"{""mid"": ""8897fe10b973085cddac525e11940219aa16ae9929dc41d0c5f4a7378733a3ae"", ""up_0"": ""8897fe10b973085cddac525e11940219aa16ae9929dc41d0c5f4a7378733a3ae"", ""up_1"": ""c04228c3ee4727986c92961dd41bcb6f034b32d4c5de829d853cfa172954e186"", ""up_2"": ""27f5bcad7bff36fe1d1a7b6ddf53b6c87227a343b4ea1ff3c106459bd9971b61"", ""x1"": ""e09b0de09cd46dc6989337b50470c0173829c45853bfabef84ea5cdb119de5a2"", ""x2"": ""27f5bcad7bff36fe1d1a7b6ddf53b6c87227a343b4ea1ff3c106459bd9971b61"", ""x3"": ""c04228c3ee4727986c92961dd41bcb6f034b32d4c5de829d853cfa172954e186"", ""x4"": ""8897fe10b973085cddac525e11940219aa16ae9929dc41d0c5f4a7378733a3ae""}",0340047558809127cfbef95fc332f3ae1ce4145167192ddcfc30e1e5778e94dd,aefdce03def94ffed42159e55677ec20e91200e1981f25b1f271b6fd99c3c263,d180f98795663472e0519a50a1e8a40b114d6973705740cf72a7b9ae589aafdd,/4T/CXY/MV-Painter-r1color/1009/engineering/color_cast_repair_v2/runs/phase_b/predictions/ea7601dbeb2c46188571cb86e8fdb5bf/vae_and_embedding_dap0_dbp6.png,12fe80391cdcb22c17543a4452dbbd21a1405fee02b51a39b2c1bca5c63a93ec
ea7601dbeb2c46188571cb86e8fdb5bf,vae_and_embedding_dap6_dbp0,vae_and_embedding,6.0,0.0,5.986506938934326,0.001334990607574582,0,14,True,4.0979790687561035,0.44906118512153625,0.6845526193115326,4.098079107470775,1.4293270111083984,0.965174674987793,"{""mid"": ""8897fe10b973085cddac525e11940219aa16ae9929dc41d0c5f4a7378733a3ae"", ""up_0"": ""8897fe10b973085cddac525e11940219aa16ae9929dc41d0c5f4a7378733a3ae"", ""up_1"": ""c04228c3ee4727986c92961dd41bcb6f034b32d4c5de829d853cfa172954e186"", ""up_2"": ""27f5bcad7bff36fe1d1a7b6ddf53b6c87227a343b4ea1ff3c106459bd9971b61"", ""x1"": ""e09b0de09cd46dc6989337b50470c0173829c45853bfabef84ea5cdb119de5a2"", ""x2"": ""27f5bcad7bff36fe1d1a7b6ddf53b6c87227a343b4ea1ff3c106459bd9971b61"", ""x3"": ""c04228c3ee4727986c92961dd41bcb6f034b32d4c5de829d853cfa172954e186"", ""x4"": ""8897fe10b973085cddac525e11940219aa16ae9929dc41d0c5f4a7378733a3ae""}",0340047558809127cfbef95fc332f3ae1ce4145167192ddcfc30e1e5778e94dd,aefdce03def94ffed42159e55677ec20e91200e1981f25b1f271b6fd99c3c263,2d9a419b9168335d4b2cb7d79e615210fe77f1465918c1e6e4ab80505ae9cabb,/4T/CXY/MV-Painter-r1color/1009/engineering/color_cast_repair_v2/runs/phase_b/predictions/ea7601dbeb2c46188571cb86e8fdb5bf/vae_and_embedding_dap6_dbp0.png,6407254d67c02ac4a1f3b5ce7d5990287d3044684431794b0bba7f1d7672ab08
ea7601dbeb2c46188571cb86e8fdb5bf,vae_and_embedding_dap6_dbp0,vae_and_embedding,6.0,0.0,5.986506938934326,0.001334990607574582,1,15,False,4.171936511993408,0.49280300736427307,0.6969082709021254,4.1720463032920705,1.2103023529052734,0.9528010487556458,"{""mid"": ""8897fe10b973085cddac525e11940219aa16ae9929dc41d0c5f4a7378733a3ae"", ""up_0"": ""8897fe10b973085cddac525e11940219aa16ae9929dc41d0c5f4a7378733a3ae"", ""up_1"": ""c04228c3ee4727986c92961dd41bcb6f034b32d4c5de829d853cfa172954e186"", ""up_2"": ""27f5bcad7bff36fe1d1a7b6ddf53b6c87227a343b4ea1ff3c106459bd9971b61"", ""x1"": ""e09b0de09cd46dc6989337b50470c0173829c45853bfabef84ea5cdb119de5a2"", ""x2"": ""27f5bcad7bff36fe1d1a7b6ddf53b6c87227a343b4ea1ff3c106459bd9971b61"", ""x3"": ""c04228c3ee4727986c92961dd41bcb6f034b32d4c5de829d853cfa172954e186"", ""x4"": ""8897fe10b973085cddac525e11940219aa16ae9929dc41d0c5f4a7378733a3ae""}",0340047558809127cfbef95fc332f3ae1ce4145167192ddcfc30e1e5778e94dd,aefdce03def94ffed42159e55677ec20e91200e1981f25b1f271b6fd99c3c263,2d9a419b9168335d4b2cb7d79e615210fe77f1465918c1e6e4ab80505ae9cabb,/4T/CXY/MV-Painter-r1color/1009/engineering/color_cast_repair_v2/runs/phase_b/predictions/ea7601dbeb2c46188571cb86e8fdb5bf/vae_and_embedding_dap6_dbp0.png,6407254d67c02ac4a1f3b5ce7d5990287d3044684431794b0bba7f1d7672ab08
ea7601dbeb2c46188571cb86e8fdb5bf,vae_and_embedding_dap6_dbp0,vae_and_embedding,6.0,0.0,5.986506938934326,0.001334990607574582,2,0,False,4.214183330535889,0.5310269594192505,0.7039667009366504,4.2143016447223935,0.8181190490722656,0.9204262495040894,"{""mid"": ""8897fe10b973085cddac525e11940219aa16ae9929dc41d0c5f4a7378733a3ae"", ""up_0"": ""8897fe10b973085cddac525e11940219aa16ae9929dc41d0c5f4a7378733a3ae"", ""up_1"": ""c04228c3ee4727986c92961dd41bcb6f034b32d4c5de829d853cfa172954e186"", ""up_2"": ""27f5bcad7bff36fe1d1a7b6ddf53b6c87227a343b4ea1ff3c106459bd9971b61"", ""x1"": ""e09b0de09cd46dc6989337b50470c0173829c45853bfabef84ea5cdb119de5a2"", ""x2"": ""27f5bcad7bff36fe1d1a7b6ddf53b6c87227a343b4ea1ff3c106459bd9971b61"", ""x3"": ""c04228c3ee4727986c92961dd41bcb6f034b32d4c5de829d853cfa172954e186"", ""x4"": ""8897fe10b973085cddac525e11940219aa16ae9929dc41d0c5f4a7378733a3ae""}",0340047558809127cfbef95fc332f3ae1ce4145167192ddcfc30e1e5778e94dd,aefdce03def94ffed42159e55677ec20e91200e1981f25b1f271b6fd99c3c263,2d9a419b9168335d4b2cb7d79e615210fe77f1465918c1e6e4ab80505ae9cabb,/4T/CXY/MV-Painter-r1color/1009/engineering/color_cast_repair_v2/runs/phase_b/predictions/ea7601dbeb2c46188571cb86e8fdb5bf/vae_and_embedding_dap6_dbp0.png,6407254d67c02ac4a1f3b5ce7d5990287d3044684431794b0bba7f1d7672ab08
ea7601dbeb2c46188571cb86e8fdb5bf,vae_and_embedding_dap6_dbp0,vae_and_embedding,6.0,0.0,5.986506938934326,0.001334990607574582,3,16,False,3.8184969425201416,0.47808632254600525,0.6378683604298142,3.8186034607873443,0.38725852966308594,0.9809099435806274,"{""mid"": ""8897fe10b973085cddac525e11940219aa16ae9929dc41d0c5f4a7378733a3ae"", ""up_0"": ""8897fe10b973085cddac525e11940219aa16ae9929dc41d0c5f4a7378733a3ae"", ""up_1"": ""c04228c3ee4727986c92961dd41bcb6f034b32d4c5de829d853cfa172954e186"", ""up_2"": ""27f5bcad7bff36fe1d1a7b6ddf53b6c87227a343b4ea1ff3c106459bd9971b61"", ""x1"": ""e09b0de09cd46dc6989337b50470c0173829c45853bfabef84ea5cdb119de5a2"", ""x2"": ""27f5bcad7bff36fe1d1a7b6ddf53b6c87227a343b4ea1ff3c106459bd9971b61"", ""x3"": ""c04228c3ee4727986c92961dd41bcb6f034b32d4c5de829d853cfa172954e186"", ""x4"": ""8897fe10b973085cddac525e11940219aa16ae9929dc41d0c5f4a7378733a3ae""}",0340047558809127cfbef95fc332f3ae1ce4145167192ddcfc30e1e5778e94dd,aefdce03def94ffed42159e55677ec20e91200e1981f25b1f271b6fd99c3c263,2d9a419b9168335d4b2cb7d79e615210fe77f1465918c1e6e4ab80505ae9cabb,/4T/CXY/MV-Painter-r1color/1009/engineering/color_cast_repair_v2/runs/phase_b/predictions/ea7601dbeb2c46188571cb86e8fdb5bf/vae_and_embedding_dap6_dbp0.png,6407254d67c02ac4a1f3b5ce7d5990287d3044684431794b0bba7f1d7672ab08
ea7601dbeb2c46188571cb86e8fdb5bf,vae_and_embedding_dap6_dbp0,vae_and_embedding,6.0,0.0,5.986506938934326,0.001334990607574582,4,12,False,4.36895227432251,0.4524277150630951,0.7298167350289559,4.369053057035484,0.5032062530517578,0.9465697407722473,"{""mid"": ""8897fe10b973085cddac525e11940219aa16ae9929dc41d0c5f4a7378733a3ae"", ""up_0"": ""8897fe10b973085cddac525e11940219aa16ae9929dc41d0c5f4a7378733a3ae"", ""up_1"": ""c04228c3ee4727986c92961dd41bcb6f034b32d4c5de829d853cfa172954e186"", ""up_2"": ""27f5bcad7bff36fe1d1a7b6ddf53b6c87227a343b4ea1ff3c106459bd9971b61"", ""x1"": ""e09b0de09cd46dc6989337b50470c0173829c45853bfabef84ea5cdb119de5a2"", ""x2"": ""27f5bcad7bff36fe1d1a7b6ddf53b6c87227a343b4ea1ff3c106459bd9971b61"", ""x3"": ""c04228c3ee4727986c92961dd41bcb6f034b32d4c5de829d853cfa172954e186"", ""x4"": ""8897fe10b973085cddac525e11940219aa16ae9929dc41d0c5f4a7378733a3ae""}",0340047558809127cfbef95fc332f3ae1ce4145167192ddcfc30e1e5778e94dd,aefdce03def94ffed42159e55677ec20e91200e1981f25b1f271b6fd99c3c263,2d9a419b9168335d4b2cb7d79e615210fe77f1465918c1e6e4ab80505ae9cabb,/4T/CXY/MV-Painter-r1color/1009/engineering/color_cast_repair_v2/runs/phase_b/predictions/ea7601dbeb2c46188571cb86e8fdb5bf/vae_and_embedding_dap6_dbp0.png,6407254d67c02ac4a1f3b5ce7d5990287d3044684431794b0bba7f1d7672ab08
ea7601dbeb2c46188571cb86e8fdb5bf,vae_and_embedding_dap6_dbp0,vae_and_embedding,6.0,0.0,5.986506938934326,0.001334990607574582,5,13,False,4.102397918701172,0.540764331817627,0.6852941701966424,4.1025184071004395,1.038900375366211,0.9622694849967957,"{""mid"": ""8897fe10b973085cddac525e11940219aa16ae9929dc41d0c5f4a7378733a3ae"", ""up_0"": ""8897fe10b973085cddac525e11940219aa16ae9929dc41d0c5f4a7378733a3ae"", ""up_1"": ""c04228c3ee4727986c92961dd41bcb6f034b32d4c5de829d853cfa172954e186"", ""up_2"": ""27f5bcad7bff36fe1d1a7b6ddf53b6c87227a343b4ea1ff3c106459bd9971b61"", ""x1"": ""e09b0de09cd46dc6989337b50470c0173829c45853bfabef84ea5cdb119de5a2"", ""x2"": ""27f5bcad7bff36fe1d1a7b6ddf53b6c87227a343b4ea1ff3c106459bd9971b61"", ""x3"": ""c04228c3ee4727986c92961dd41bcb6f034b32d4c5de829d853cfa172954e186"", ""x4"": ""8897fe10b973085cddac525e11940219aa16ae9929dc41d0c5f4a7378733a3ae""}",0340047558809127cfbef95fc332f3ae1ce4145167192ddcfc30e1e5778e94dd,aefdce03def94ffed42159e55677ec20e91200e1981f25b1f271b6fd99c3c263,2d9a419b9168335d4b2cb7d79e615210fe77f1465918c1e6e4ab80505ae9cabb,/4T/CXY/MV-Painter-r1color/1009/engineering/color_cast_repair_v2/runs/phase_b/predictions/ea7601dbeb2c46188571cb86e8fdb5bf/vae_and_embedding_dap6_dbp0.png,6407254d67c02ac4a1f3b5ce7d5990287d3044684431794b0bba7f1d7672ab08
ea7601dbeb2c46188571cb86e8fdb5bf,vae_only_dam6_dbp0,vae_only,-6.0,0.0,-5.9764227867126465,0.004201022442430258,0,14,True,0.49271148443222046,-0.056172557175159454,-0.08244910777975448,-0.49275084821661397,0.1446704864501953,0.9943053722381592,"{""mid"": ""8897fe10b973085cddac525e11940219aa16ae9929dc41d0c5f4a7378733a3ae"", ""up_0"": ""8897fe10b973085cddac525e11940219aa16ae9929dc41d0c5f4a7378733a3ae"", ""up_1"": ""c04228c3ee4727986c92961dd41bcb6f034b32d4c5de829d853cfa172954e186"", ""up_2"": ""27f5bcad7bff36fe1d1a7b6ddf53b6c87227a343b4ea1ff3c106459bd9971b61"", ""x1"": ""e09b0de09cd46dc6989337b50470c0173829c45853bfabef84ea5cdb119de5a2"", ""x2"": ""27f5bcad7bff36fe1d1a7b6ddf53b6c87227a343b4ea1ff3c106459bd9971b61"", ""x3"": ""c04228c3ee4727986c92961dd41bcb6f034b32d4c5de829d853cfa172954e186"", ""x4"": ""8897fe10b973085cddac525e11940219aa16ae9929dc41d0c5f4a7378733a3ae""}",0340047558809127cfbef95fc332f3ae1ce4145167192ddcfc30e1e5778e94dd,aefdce03def94ffed42159e55677ec20e91200e1981f25b1f271b6fd99c3c263,ff75d5e6a0a853859a4c207e1a5fc2473fbbf5e23575b9d75b5aa46cd7343e31,/4T/CXY/MV-Painter-r1color/1009/engineering/color_cast_repair_v2/runs/phase_b/predictions/ea7601dbeb2c46188571cb86e8fdb5bf/vae_only_dam6_dbp0.png,4da7eb89bbab56dca3eacd50f99e6d60b64b5d6eb1f3b427a077f57486c94559
ea7601dbeb2c46188571cb86e8fdb5bf,vae_only_dam6_dbp0,vae_only,-6.0,0.0,-5.9764227867126465,0.004201022442430258,1,15,False,0.5083224177360535,-0.10361641645431519,-0.08506677322407087,-0.508395127491046,0.2122325897216797,0.9906868934631348,"{""mid"": ""8897fe10b973085cddac525e11940219aa16ae9929dc41d0c5f4a7378733a3ae"", ""up_0"": ""8897fe10b973085cddac525e11940219aa16ae9929dc41d0c5f4a7378733a3ae"", ""up_1"": ""c04228c3ee4727986c92961dd41bcb6f034b32d4c5de829d853cfa172954e186"", ""up_2"": ""27f5bcad7bff36fe1d1a7b6ddf53b6c87227a343b4ea1ff3c106459bd9971b61"", ""x1"": ""e09b0de09cd46dc6989337b50470c0173829c45853bfabef84ea5cdb119de5a2"", ""x2"": ""27f5bcad7bff36fe1d1a7b6ddf53b6c87227a343b4ea1ff3c106459bd9971b61"", ""x3"": ""c04228c3ee4727986c92961dd41bcb6f034b32d4c5de829d853cfa172954e186"", ""x4"": ""8897fe10b973085cddac525e11940219aa16ae9929dc41d0c5f4a7378733a3ae""}",0340047558809127cfbef95fc332f3ae1ce4145167192ddcfc30e1e5778e94dd,aefdce03def94ffed42159e55677ec20e91200e1981f25b1f271b6fd99c3c263,ff75d5e6a0a853859a4c207e1a5fc2473fbbf5e23575b9d75b5aa46cd7343e31,/4T/CXY/MV-Painter-r1color/1009/engineering/color_cast_repair_v2/runs/phase_b/predictions/ea7601dbeb2c46188571cb86e8fdb5bf/vae_only_dam6_dbp0.png,4da7eb89bbab56dca3eacd50f99e6d60b64b5d6eb1f3b427a077f57486c94559
ea7601dbeb2c46188571cb86e8fdb5bf,vae_only_dam6_dbp0,vae_only,-6.0,0.0,-5.9764227867126465,0.004201022442430258,2,0,False,0.48337966203689575,-0.10349426418542862,-0.08089323495050388,-0.48345229208937995,0.22192001342773438,0.9888150095939636,"{""mid"": ""8897fe10b973085cddac525e11940219aa16ae9929dc41d0c5f4a7378733a3ae"", ""up_0"": ""8897fe10b973085cddac525e11940219aa16ae9929dc41d0c5f4a7378733a3ae"", ""up_1"": ""c04228c3ee4727986c92961dd41bcb6f034b32d4c5de829d853cfa172954e186"", ""up_2"": ""27f5bcad7bff36fe1d1a7b6ddf53b6c87227a343b4ea1ff3c106459bd9971b61"", ""x1"": ""e09b0de09cd46dc6989337b50470c0173829c45853bfabef84ea5cdb119de5a2"", ""x2"": ""27f5bcad7bff36fe1d1a7b6ddf53b6c87227a343b4ea1ff3c106459bd9971b61"", ""x3"": ""c04228c3ee4727986c92961dd41bcb6f034b32d4c5de829d853cfa172954e186"", ""x4"": ""8897fe10b973085cddac525e11940219aa16ae9929dc41d0c5f4a7378733a3ae""}",0340047558809127cfbef95fc332f3ae1ce4145167192ddcfc30e1e5778e94dd,aefdce03def94ffed42159e55677ec20e91200e1981f25b1f271b6fd99c3c263,ff75d5e6a0a853859a4c207e1a5fc2473fbbf5e23575b9d75b5aa46cd7343e31,/4T/CXY/MV-Painter-r1color/1009/engineering/color_cast_repair_v2/runs/phase_b/predictions/ea7601dbeb2c46188571cb86e8fdb5bf/vae_only_dam6_dbp0.png,4da7eb89bbab56dca3eacd50f99e6d60b64b5d6eb1f3b427a077f57486c94559
ea7601dbeb2c46188571cb86e8fdb5bf,vae_only_dam6_dbp0,vae_only,-6.0,0.0,-5.9764227867126465,0.004201022442430258,3,16,False,0.4465562701225281,-0.04069355130195618,-0.07472440793105037,-0.4465847646146474,0.32930755615234375,0.9966809749603271,"{""mid"": ""8897fe10b973085cddac525e11940219aa16ae9929dc41d0c5f4a7378733a3ae"", ""up_0"": ""8897fe10b973085cddac525e11940219aa16ae9929dc41d0c5f4a7378733a3ae"", ""up_1"": ""c04228c3ee4727986c92961dd41bcb6f034b32d4c5de829d853cfa172954e186"", ""up_2"": ""27f5bcad7bff36fe1d1a7b6ddf53b6c87227a343b4ea1ff3c106459bd9971b61"", ""x1"": ""e09b0de09cd46dc6989337b50470c0173829c45853bfabef84ea5cdb119de5a2"", ""x2"": ""27f5bcad7bff36fe1d1a7b6ddf53b6c87227a343b4ea1ff3c106459bd9971b61"", ""x3"": ""c04228c3ee4727986c92961dd41bcb6f034b32d4c5de829d853cfa172954e186"", ""x4"": ""8897fe10b973085cddac525e11940219aa16ae9929dc41d0c5f4a7378733a3ae""}",0340047558809127cfbef95fc332f3ae1ce4145167192ddcfc30e1e5778e94dd,aefdce03def94ffed42159e55677ec20e91200e1981f25b1f271b6fd99c3c263,ff75d5e6a0a853859a4c207e1a5fc2473fbbf5e23575b9d75b5aa46cd7343e31,/4T/CXY/MV-Painter-r1color/1009/engineering/color_cast_repair_v2/runs/phase_b/predictions/ea7601dbeb2c46188571cb86e8fdb5bf/vae_only_dam6_dbp0.png,4da7eb89bbab56dca3eacd50f99e6d60b64b5d6eb1f3b427a077f57486c94559
ea7601dbeb2c46188571cb86e8fdb5bf,vae_only_dam6_dbp0,vae_only,-6.0,0.0,-5.9764227867126465,0.004201022442430258,4,12,False,0.45700109004974365,-0.0671241357922554,-0.07647518662428367,-0.4570481608764335,0.38311767578125,0.9939872622489929,"{""mid"": ""8897fe10b973085cddac525e11940219aa16ae9929dc41d0c5f4a7378733a3ae"", ""up_0"": ""8897fe10b973085cddac525e11940219aa16ae9929dc41d0c5f4a7378733a3ae"", ""up_1"": ""c04228c3ee4727986c92961dd41bcb6f034b32d4c5de829d853cfa172954e186"", ""up_2"": ""27f5bcad7bff36fe1d1a7b6ddf53b6c87227a343b4ea1ff3c106459bd9971b61"", ""x1"": ""e09b0de09cd46dc6989337b50470c0173829c45853bfabef84ea5cdb119de5a2"", ""x2"": ""27f5bcad7bff36fe1d1a7b6ddf53b6c87227a343b4ea1ff3c106459bd9971b61"", ""x3"": ""c04228c3ee4727986c92961dd41bcb6f034b32d4c5de829d853cfa172954e186"", ""x4"": ""8897fe10b973085cddac525e11940219aa16ae9929dc41d0c5f4a7378733a3ae""}",0340047558809127cfbef95fc332f3ae1ce4145167192ddcfc30e1e5778e94dd,aefdce03def94ffed42159e55677ec20e91200e1981f25b1f271b6fd99c3c263,ff75d5e6a0a853859a4c207e1a5fc2473fbbf5e23575b9d75b5aa46cd7343e31,/4T/CXY/MV-Painter-r1color/1009/engineering/color_cast_repair_v2/runs/phase_b/predictions/ea7601dbeb2c46188571cb86e8fdb5bf/vae_only_dam6_dbp0.png,4da7eb89bbab56dca3eacd50f99e6d60b64b5d6eb1f3b427a077f57486c94559
ea7601dbeb2c46188571cb86e8fdb5bf,vae_only_dam6_dbp0,vae_only,-6.0,0.0,-5.9764227867126465,0.004201022442430258,5,13,False,0.40051960945129395,-0.012801706790924072,-0.06701808499427199,-0.400528509234997,0.27941226959228516,0.9905946254730225,"{""mid"": ""8897fe10b973085cddac525e11940219aa16ae9929dc41d0c5f4a7378733a3ae"", ""up_0"": ""8897fe10b973085cddac525e11940219aa16ae9929dc41d0c5f4a7378733a3ae"", ""up_1"": ""c04228c3ee4727986c92961dd41bcb6f034b32d4c5de829d853cfa172954e186"", ""up_2"": ""27f5bcad7bff36fe1d1a7b6ddf53b6c87227a343b4ea1ff3c106459bd9971b61"", ""x1"": ""e09b0de09cd46dc6989337b50470c0173829c45853bfabef84ea5cdb119de5a2"", ""x2"": ""27f5bcad7bff36fe1d1a7b6ddf53b6c87227a343b4ea1ff3c106459bd9971b61"", ""x3"": ""c04228c3ee4727986c92961dd41bcb6f034b32d4c5de829d853cfa172954e186"", ""x4"": ""8897fe10b973085cddac525e11940219aa16ae9929dc41d0c5f4a7378733a3ae""}",0340047558809127cfbef95fc332f3ae1ce4145167192ddcfc30e1e5778e94dd,aefdce03def94ffed42159e55677ec20e91200e1981f25b1f271b6fd99c3c263,ff75d5e6a0a853859a4c207e1a5fc2473fbbf5e23575b9d75b5aa46cd7343e31,/4T/CXY/MV-Painter-r1color/1009/engineering/color_cast_repair_v2/runs/phase_b/predictions/ea7601dbeb2c46188571cb86e8fdb5bf/vae_only_dam6_dbp0.png,4da7eb89bbab56dca3eacd50f99e6d60b64b5d6eb1f3b427a077f57486c94559
ea7601dbeb2c46188571cb86e8fdb5bf,vae_only_dap0_dbm6,vae_only,0.0,-6.0,0.0012893513776361942,-5.987913608551025,0,14,True,-0.02810688503086567,-0.10325063765048981,0.0172421627097077,0.10324458312378419,-0.016788482666015625,0.9953503012657166,"{""mid"": ""8897fe10b973085cddac525e11940219aa16ae9929dc41d0c5f4a7378733a3ae"", ""up_0"": ""8897fe10b973085cddac525e11940219aa16ae9929dc41d0c5f4a7378733a3ae"", ""up_1"": ""c04228c3ee4727986c92961dd41bcb6f034b32d4c5de829d853cfa172954e186"", ""up_2"": ""27f5bcad7bff36fe1d1a7b6ddf53b6c87227a343b4ea1ff3c106459bd9971b61"", ""x1"": ""e09b0de09cd46dc6989337b50470c0173829c45853bfabef84ea5cdb119de5a2"", ""x2"": ""27f5bcad7bff36fe1d1a7b6ddf53b6c87227a343b4ea1ff3c106459bd9971b61"", ""x3"": ""c04228c3ee4727986c92961dd41bcb6f034b32d4c5de829d853cfa172954e186"", ""x4"": ""8897fe10b973085cddac525e11940219aa16ae9929dc41d0c5f4a7378733a3ae""}",0340047558809127cfbef95fc332f3ae1ce4145167192ddcfc30e1e5778e94dd,aefdce03def94ffed42159e55677ec20e91200e1981f25b1f271b6fd99c3c263,0763706c2281c9e50843867987a9a218f3732d5e81c336e5f7c6347d1d1aac4a,/4T/CXY/MV-Painter-r1color/1009/engineering/color_cast_repair_v2/runs/phase_b/predictions/ea7601dbeb2c46188571cb86e8fdb5bf/vae_only_dap0_dbm6.png,28652826fd6276347d73fb6281ff4c658a7b0ce22012d0b9e2282a4f0af11952
ea7601dbeb2c46188571cb86e8fdb5bf,vae_only_dap0_dbm6,vae_only,0.0,-6.0,0.0012893513776361942,-5.987913608551025,1,15,False,-0.002619055099785328,-0.14939437806606293,0.024949225549333428,0.14939381065299454,0.07954216003417969,0.992465615272522,"{""mid"": ""8897fe10b973085cddac525e11940219aa16ae9929dc41d0c5f4a7378733a3ae"", ""up_0"": ""8897fe10b973085cddac525e11940219aa16ae9929dc41d0c5f4a7378733a3ae"", ""up_1"": ""c04228c3ee4727986c92961dd41bcb6f034b32d4c5de829d853cfa172954e186"", ""up_2"": ""27f5bcad7bff36fe1d1a7b6ddf53b6c87227a343b4ea1ff3c106459bd9971b61"", ""x1"": ""e09b0de09cd46dc6989337b50470c0173829c45853bfabef84ea5cdb119de5a2"", ""x2"": ""27f5bcad7bff36fe1d1a7b6ddf53b6c87227a343b4ea1ff3c106459bd9971b61"", ""x3"": ""c04228c3ee4727986c92961dd41bcb6f034b32d4c5de829d853cfa172954e186"", ""x4"": ""8897fe10b973085cddac525e11940219aa16ae9929dc41d0c5f4a7378733a3ae""}",0340047558809127cfbef95fc332f3ae1ce4145167192ddcfc30e1e5778e94dd,aefdce03def94ffed42159e55677ec20e91200e1981f25b1f271b6fd99c3c263,0763706c2281c9e50843867987a9a218f3732d5e81c336e5f7c6347d1d1aac4a,/4T/CXY/MV-Painter-r1color/1009/engineering/color_cast_repair_v2/runs/phase_b/predictions/ea7601dbeb2c46188571cb86e8fdb5bf/vae_only_dap0_dbm6.png,28652826fd6276347d73fb6281ff4c658a7b0ce22012d0b9e2282a4f0af11952
ea7601dbeb2c46188571cb86e8fdb5bf,vae_only_dap0_dbm6,vae_only,0.0,-6.0,0.0012893513776361942,-5.987913608551025,2,0,False,-0.0005997992120683193,-0.2576941251754761,0.04303568837521412,0.25769399004931387,0.14687728881835938,0.978363573551178,"{""mid"": ""8897fe10b973085cddac525e11940219aa16ae9929dc41d0c5f4a7378733a3ae"", ""up_0"": ""8897fe10b973085cddac525e11940219aa16ae9929dc41d0c5f4a7378733a3ae"", ""up_1"": ""c04228c3ee4727986c92961dd41bcb6f034b32d4c5de829d853cfa172954e186"", ""up_2"": ""27f5bcad7bff36fe1d1a7b6ddf53b6c87227a343b4ea1ff3c106459bd9971b61"", ""x1"": ""e09b0de09cd46dc6989337b50470c0173829c45853bfabef84ea5cdb119de5a2"", ""x2"": ""27f5bcad7bff36fe1d1a7b6ddf53b6c87227a343b4ea1ff3c106459bd9971b61"", ""x3"": ""c04228c3ee4727986c92961dd41bcb6f034b32d4c5de829d853cfa172954e186"", ""x4"": ""8897fe10b973085cddac525e11940219aa16ae9929dc41d0c5f4a7378733a3ae""}",0340047558809127cfbef95fc332f3ae1ce4145167192ddcfc30e1e5778e94dd,aefdce03def94ffed42159e55677ec20e91200e1981f25b1f271b6fd99c3c263,0763706c2281c9e50843867987a9a218f3732d5e81c336e5f7c6347d1d1aac4a,/4T/CXY/MV-Painter-r1color/1009/engineering/color_cast_repair_v2/runs/phase_b/predictions/ea7601dbeb2c46188571cb86e8fdb5bf/vae_only_dap0_dbm6.png,28652826fd6276347d73fb6281ff4c658a7b0ce22012d0b9e2282a4f0af11952
ea7601dbeb2c46188571cb86e8fdb5bf,vae_only_dap0_dbm6,vae_only,0.0,-6.0,0.0012893513776361942,-5.987913608551025,3,16,False,-0.03457675501704216,-0.10001448541879654,0.016701482696237297,0.1000070378381986,0.3105316162109375,0.9983282685279846,"{""mid"": ""8897fe10b973085cddac525e11940219aa16ae9929dc41d0c5f4a7378733a3ae"", ""up_0"": ""8897fe10b973085cddac525e11940219aa16ae9929dc41d0c5f4a7378733a3ae"", ""up_1"": ""c04228c3ee4727986c92961dd41bcb6f034b32d4c5de829d853cfa172954e186"", ""up_2"": ""27f5bcad7bff36fe1d1a7b6ddf53b6c87227a343b4ea1ff3c106459bd9971b61"", ""x1"": ""e09b0de09cd46dc6989337b50470c0173829c45853bfabef84ea5cdb119de5a2"", ""x2"": ""27f5bcad7bff36fe1d1a7b6ddf53b6c87227a343b4ea1ff3c106459bd9971b61"", ""x3"": ""c04228c3ee4727986c92961dd41bcb6f034b32d4c5de829d853cfa172954e186"", ""x4"": ""8897fe10b973085cddac525e11940219aa16ae9929dc41d0c5f4a7378733a3ae""}",0340047558809127cfbef95fc332f3ae1ce4145167192ddcfc30e1e5778e94dd,aefdce03def94ffed42159e55677ec20e91200e1981f25b1f271b6fd99c3c263,0763706c2281c9e50843867987a9a218f3732d5e81c336e5f7c6347d1d1aac4a,/4T/CXY/MV-Painter-r1color/1009/engineering/color_cast_repair_v2/runs/phase_b/predictions/ea7601dbeb2c46188571cb86e8fdb5bf/vae_only_dap0_dbm6.png,28652826fd6276347d73fb6281ff4c658a7b0ce22012d0b9e2282a4f0af11952
ea7601dbeb2c46188571cb86e8fdb5bf,vae_only_dap0_dbm6,vae_only,0.0,-6.0,0.0012893513776361942,-5.987913608551025,4,12,False,-0.04144473373889923,-0.11246125400066376,0.018779884284245988,0.11245232727958365,0.34571266174316406,0.9935758113861084,"{""mid"": ""8897fe10b973085cddac525e11940219aa16ae9929dc41d0c5f4a7378733a3ae"", ""up_0"": ""8897fe10b973085cddac525e11940219aa16ae9929dc41d0c5f4a7378733a3ae"", ""up_1"": ""c04228c3ee4727986c92961dd41bcb6f034b32d4c5de829d853cfa172954e186"", ""up_2"": ""27f5bcad7bff36fe1d1a7b6ddf53b6c87227a343b4ea1ff3c106459bd9971b61"", ""x1"": ""e09b0de09cd46dc6989337b50470c0173829c45853bfabef84ea5cdb119de5a2"", ""x2"": ""27f5bcad7bff36fe1d1a7b6ddf53b6c87227a343b4ea1ff3c106459bd9971b61"", ""x3"": ""c04228c3ee4727986c92961dd41bcb6f034b32d4c5de829d853cfa172954e186"", ""x4"": ""8897fe10b973085cddac525e11940219aa16ae9929dc41d0c5f4a7378733a3ae""}",0340047558809127cfbef95fc332f3ae1ce4145167192ddcfc30e1e5778e94dd,aefdce03def94ffed42159e55677ec20e91200e1981f25b1f271b6fd99c3c263,0763706c2281c9e50843867987a9a218f3732d5e81c336e5f7c6347d1d1aac4a,/4T/CXY/MV-Painter-r1color/1009/engineering/color_cast_repair_v2/runs/phase_b/predictions/ea7601dbeb2c46188571cb86e8fdb5bf/vae_only_dap0_dbm6.png,28652826fd6276347d73fb6281ff4c658a7b0ce22012d0b9e2282a4f0af11952
ea7601dbeb2c46188571cb86e8fdb5bf,vae_only_dap0_dbm6,vae_only,0.0,-6.0,0.0012893513776361942,-5.987913608551025,5,13,False,-0.014047825708985329,-0.147314190864563,0.02460141692206795,0.147311162592339,0.1723480224609375,0.9893473386764526,"{""mid"": ""8897fe10b973085cddac525e11940219aa16ae9929dc41d0c5f4a7378733a3ae"", ""up_0"": ""8897fe10b973085cddac525e11940219aa16ae9929dc41d0c5f4a7378733a3ae"", ""up_1"": ""c04228c3ee4727986c92961dd41bcb6f034b32d4c5de829d853cfa172954e186"", ""up_2"": ""27f5bcad7bff36fe1d1a7b6ddf53b6c87227a343b4ea1ff3c106459bd9971b61"", ""x1"": ""e09b0de09cd46dc6989337b50470c0173829c45853bfabef84ea5cdb119de5a2"", ""x2"": ""27f5bcad7bff36fe1d1a7b6ddf53b6c87227a343b4ea1ff3c106459bd9971b61"", ""x3"": ""c04228c3ee4727986c92961dd41bcb6f034b32d4c5de829d853cfa172954e186"", ""x4"": ""8897fe10b973085cddac525e11940219aa16ae9929dc41d0c5f4a7378733a3ae""}",0340047558809127cfbef95fc332f3ae1ce4145167192ddcfc30e1e5778e94dd,aefdce03def94ffed42159e55677ec20e91200e1981f25b1f271b6fd99c3c263,0763706c2281c9e50843867987a9a218f3732d5e81c336e5f7c6347d1d1aac4a,/4T/CXY/MV-Painter-r1color/1009/engineering/color_cast_repair_v2/runs/phase_b/predictions/ea7601dbeb2c46188571cb86e8fdb5bf/vae_only_dap0_dbm6.png,28652826fd6276347d73fb6281ff4c658a7b0ce22012d0b9e2282a4f0af11952
ea7601dbeb2c46188571cb86e8fdb5bf,vae_only_dap0_dbp6,vae_only,0.0,6.0,0.015261005610227585,5.946827411651611,0,14,True,0.18280969560146332,0.6111147403717041,0.10284136474097626,0.6115818607014297,0.14052772521972656,0.9911268949508667,"{""mid"": ""8897fe10b973085cddac525e11940219aa16ae9929dc41d0c5f4a7378733a3ae"", ""up_0"": ""8897fe10b973085cddac525e11940219aa16ae9929dc41d0c5f4a7378733a3ae"", ""up_1"": ""c04228c3ee4727986c92961dd41bcb6f034b32d4c5de829d853cfa172954e186"", ""up_2"": ""27f5bcad7bff36fe1d1a7b6ddf53b6c87227a343b4ea1ff3c106459bd9971b61"", ""x1"": ""e09b0de09cd46dc6989337b50470c0173829c45853bfabef84ea5cdb119de5a2"", ""x2"": ""27f5bcad7bff36fe1d1a7b6ddf53b6c87227a343b4ea1ff3c106459bd9971b61"", ""x3"": ""c04228c3ee4727986c92961dd41bcb6f034b32d4c5de829d853cfa172954e186"", ""x4"": ""8897fe10b973085cddac525e11940219aa16ae9929dc41d0c5f4a7378733a3ae""}",0340047558809127cfbef95fc332f3ae1ce4145167192ddcfc30e1e5778e94dd,aefdce03def94ffed42159e55677ec20e91200e1981f25b1f271b6fd99c3c263,d180f98795663472e0519a50a1e8a40b114d6973705740cf72a7b9ae589aafdd,/4T/CXY/MV-Painter-r1color/1009/engineering/color_cast_repair_v2/runs/phase_b/predictions/ea7601dbeb2c46188571cb86e8fdb5bf/vae_only_dap0_dbp6.png,c7b2ab3a5b97047049d99079d8fc1a17dcff4df6a96132875acbfcfcf2af3c6b
ea7601dbeb2c46188571cb86e8fdb5bf,vae_only_dap0_dbp6,vae_only,0.0,6.0,0.015261005610227585,5.946827411651611,1,15,False,0.1028517559170723,0.6600399613380432,0.11103391939632426,0.6603017297214052,0.04913520812988281,0.9845342636108398,"{""mid"": ""8897fe10b973085cddac525e11940219aa16ae9929dc41d0c5f4a7378733a3ae"", ""up_0"": ""8897fe10b973085cddac525e11940219aa16ae9929dc41d0c5f4a7378733a3ae"", ""up_1"": ""c04228c3ee4727986c92961dd41bcb6f034b32d4c5de829d853cfa172954e186"", ""up_2"": ""27f5bcad7bff36fe1d1a7b6ddf53b6c87227a343b4ea1ff3c106459bd9971b61"", ""x1"": ""e09b0de09cd46dc6989337b50470c0173829c45853bfabef84ea5cdb119de5a2"", ""x2"": ""27f5bcad7bff36fe1d1a7b6ddf53b6c87227a343b4ea1ff3c106459bd9971b61"", ""x3"": ""c04228c3ee4727986c92961dd41bcb6f034b32d4c5de829d853cfa172954e186"", ""x4"": ""8897fe10b973085cddac525e11940219aa16ae9929dc41d0c5f4a7378733a3ae""}",0340047558809127cfbef95fc332f3ae1ce4145167192ddcfc30e1e5778e94dd,aefdce03def94ffed42159e55677ec20e91200e1981f25b1f271b6fd99c3c263,d180f98795663472e0519a50a1e8a40b114d6973705740cf72a7b9ae589aafdd,/4T/CXY/MV-Painter-r1color/1009/engineering/color_cast_repair_v2/runs/phase_b/predictions/ea7601dbeb2c46188571cb86e8fdb5bf/vae_only_dap0_dbp6.png,c7b2ab3a5b97047049d99079d8fc1a17dcff4df6a96132875acbfcfcf2af3c6b
ea7601dbeb2c46188571cb86e8fdb5bf,vae_only_dap0_dbp6,vae_only,0.0,6.0,0.015261005610227585,5.946827411651611,2,0,False,0.24686864018440247,0.7172308564186096,0.12071304649771282,0.7178620176225073,0.023319244384765625,0.9829139113426208,"{""mid"": ""8897fe10b973085cddac525e11940219aa16ae9929dc41d0c5f4a7378733a3ae"", ""up_0"": ""8897fe10b973085cddac525e11940219aa16ae9929dc41d0c5f4a7378733a3ae"", ""up_1"": ""c04228c3ee4727986c92961dd41bcb6f034b32d4c5de829d853cfa172954e186"", ""up_2"": ""27f5bcad7bff36fe1d1a7b6ddf53b6c87227a343b4ea1ff3c106459bd9971b61"", ""x1"": ""e09b0de09cd46dc6989337b50470c0173829c45853bfabef84ea5cdb119de5a2"", ""x2"": ""27f5bcad7bff36fe1d1a7b6ddf53b6c87227a343b4ea1ff3c106459bd9971b61"", ""x3"": ""c04228c3ee4727986c92961dd41bcb6f034b32d4c5de829d853cfa172954e186"", ""x4"": ""8897fe10b973085cddac525e11940219aa16ae9929dc41d0c5f4a7378733a3ae""}",0340047558809127cfbef95fc332f3ae1ce4145167192ddcfc30e1e5778e94dd,aefdce03def94ffed42159e55677ec20e91200e1981f25b1f271b6fd99c3c263,d180f98795663472e0519a50a1e8a40b114d6973705740cf72a7b9ae589aafdd,/4T/CXY/MV-Painter-r1color/1009/engineering/color_cast_repair_v2/runs/phase_b/predictions/ea7601dbeb2c46188571cb86e8fdb5bf/vae_only_dap0_dbp6.png,c7b2ab3a5b97047049d99079d8fc1a17dcff4df6a96132875acbfcfcf2af3c6b
ea7601dbeb2c46188571cb86e8fdb5bf,vae_only_dap0_dbp6,vae_only,0.0,6.0,0.015261005610227585,5.946827411651611,3,16,False,0.20002853870391846,0.5686670541763306,0.09571097129423592,0.5691785018713109,-0.11887931823730469,0.9918902516365051,"{""mid"": ""8897fe10b973085cddac525e11940219aa16ae9929dc41d0c5f4a7378733a3ae"", ""up_0"": ""8897fe10b973085cddac525e11940219aa16ae9929dc41d0c5f4a7378733a3ae"", ""up_1"": ""c04228c3ee4727986c92961dd41bcb6f034b32d4c5de829d853cfa172954e186"", ""up_2"": ""27f5bcad7bff36fe1d1a7b6ddf53b6c87227a343b4ea1ff3c106459bd9971b61"", ""x1"": ""e09b0de09cd46dc6989337b50470c0173829c45853bfabef84ea5cdb119de5a2"", ""x2"": ""27f5bcad7bff36fe1d1a7b6ddf53b6c87227a343b4ea1ff3c106459bd9971b61"", ""x3"": ""c04228c3ee4727986c92961dd41bcb6f034b32d4c5de829d853cfa172954e186"", ""x4"": ""8897fe10b973085cddac525e11940219aa16ae9929dc41d0c5f4a7378733a3ae""}",0340047558809127cfbef95fc332f3ae1ce4145167192ddcfc30e1e5778e94dd,aefdce03def94ffed42159e55677ec20e91200e1981f25b1f271b6fd99c3c263,d180f98795663472e0519a50a1e8a40b114d6973705740cf72a7b9ae589aafdd,/4T/CXY/MV-Painter-r1color/1009/engineering/color_cast_repair_v2/runs/phase_b/predictions/ea7601dbeb2c46188571cb86e8fdb5bf/vae_only_dap0_dbp6.png,c7b2ab3a5b97047049d99079d8fc1a17dcff4df6a96132875acbfcfcf2af3c6b
ea7601dbeb2c46188571cb86e8fdb5bf,vae_only_dap0_dbp6,vae_only,0.0,6.0,0.015261005610227585,5.946827411651611,4,12,False,0.20114289224147797,0.5764601826667786,0.09702191178604239,0.5769744643934652,-0.09958267211914062,0.9903547167778015,"{""mid"": ""8897fe10b973085cddac525e11940219aa16ae9929dc41d0c5f4a7378733a3ae"", ""up_0"": ""8897fe10b973085cddac525e11940219aa16ae9929dc41d0c5f4a7378733a3ae"", ""up_1"": ""c04228c3ee4727986c92961dd41bcb6f034b32d4c5de829d853cfa172954e186"", ""up_2"": ""27f5bcad7bff36fe1d1a7b6ddf53b6c87227a343b4ea1ff3c106459bd9971b61"", ""x1"": ""e09b0de09cd46dc6989337b50470c0173829c45853bfabef84ea5cdb119de5a2"", ""x2"": ""27f5bcad7bff36fe1d1a7b6ddf53b6c87227a343b4ea1ff3c106459bd9971b61"", ""x3"": ""c04228c3ee4727986c92961dd41bcb6f034b32d4c5de829d853cfa172954e186"", ""x4"": ""8897fe10b973085cddac525e11940219aa16ae9929dc41d0c5f4a7378733a3ae""}",0340047558809127cfbef95fc332f3ae1ce4145167192ddcfc30e1e5778e94dd,aefdce03def94ffed42159e55677ec20e91200e1981f25b1f271b6fd99c3c263,d180f98795663472e0519a50a1e8a40b114d6973705740cf72a7b9ae589aafdd,/4T/CXY/MV-Painter-r1color/1009/engineering/color_cast_repair_v2/runs/phase_b/predictions/ea7601dbeb2c46188571cb86e8fdb5bf/vae_only_dap0_dbp6.png,c7b2ab3a5b97047049d99079d8fc1a17dcff4df6a96132875acbfcfcf2af3c6b
ea7601dbeb2c46188571cb86e8fdb5bf,vae_only_dap0_dbp6,vae_only,0.0,6.0,0.015261005610227585,5.946827411651611,5,13,False,0.18017664551734924,0.588379442691803,0.09901715674174649,0.5888398808592821,0.006474494934082031,0.9918738007545471,"{""mid"": ""8897fe10b973085cddac525e11940219aa16ae9929dc41d0c5f4a7378733a3ae"", ""up_0"": ""8897fe10b973085cddac525e11940219aa16ae9929dc41d0c5f4a7378733a3ae"", ""up_1"": ""c04228c3ee4727986c92961dd41bcb6f034b32d4c5de829d853cfa172954e186"", ""up_2"": ""27f5bcad7bff36fe1d1a7b6ddf53b6c87227a343b4ea1ff3c106459bd9971b61"", ""x1"": ""e09b0de09cd46dc6989337b50470c0173829c45853bfabef84ea5cdb119de5a2"", ""x2"": ""27f5bcad7bff36fe1d1a7b6ddf53b6c87227a343b4ea1ff3c106459bd9971b61"", ""x3"": ""c04228c3ee4727986c92961dd41bcb6f034b32d4c5de829d853cfa172954e186"", ""x4"": ""8897fe10b973085cddac525e11940219aa16ae9929dc41d0c5f4a7378733a3ae""}",0340047558809127cfbef95fc332f3ae1ce4145167192ddcfc30e1e5778e94dd,aefdce03def94ffed42159e55677ec20e91200e1981f25b1f271b6fd99c3c263,d180f98795663472e0519a50a1e8a40b114d6973705740cf72a7b9ae589aafdd,/4T/CXY/MV-Painter-r1color/1009/engineering/color_cast_repair_v2/runs/phase_b/predictions/ea7601dbeb2c46188571cb86e8fdb5bf/vae_only_dap0_dbp6.png,c7b2ab3a5b97047049d99079d8fc1a17dcff4df6a96132875acbfcfcf2af3c6b
ea7601dbeb2c46188571cb86e8fdb5bf,vae_only_dap6_dbp0,vae_only,6.0,0.0,5.986506938934326,0.001334990607574582,0,14,True,0.2768368721008301,0.3899131715297699,0.04625799514860273,0.2769238158238681,0.11465644836425781,0.9895864129066467,"{""mid"": ""8897fe10b973085cddac525e11940219aa16ae9929dc41d0c5f4a7378733a3ae"", ""up_0"": ""8897fe10b973085cddac525e11940219aa16ae9929dc41d0c5f4a7378733a3ae"", ""up_1"": ""c04228c3ee4727986c92961dd41bcb6f034b32d4c5de829d853cfa172954e186"", ""up_2"": ""27f5bcad7bff36fe1d1a7b6ddf53b6c87227a343b4ea1ff3c106459bd9971b61"", ""x1"": ""e09b0de09cd46dc6989337b50470c0173829c45853bfabef84ea5cdb119de5a2"", ""x2"": ""27f5bcad7bff36fe1d1a7b6ddf53b6c87227a343b4ea1ff3c106459bd9971b61"", ""x3"": ""c04228c3ee4727986c92961dd41bcb6f034b32d4c5de829d853cfa172954e186"", ""x4"": ""8897fe10b973085cddac525e11940219aa16ae9929dc41d0c5f4a7378733a3ae""}",0340047558809127cfbef95fc332f3ae1ce4145167192ddcfc30e1e5778e94dd,aefdce03def94ffed42159e55677ec20e91200e1981f25b1f271b6fd99c3c263,2d9a419b9168335d4b2cb7d79e615210fe77f1465918c1e6e4ab80505ae9cabb,/4T/CXY/MV-Painter-r1color/1009/engineering/color_cast_repair_v2/runs/phase_b/predictions/ea7601dbeb2c46188571cb86e8fdb5bf/vae_only_dap6_dbp0.png,9c67f60783fa360647cd840c8c04082a45bc4d9a9a568a4d5a18ce0a58367574
ea7601dbeb2c46188571cb86e8fdb5bf,vae_only_dap6_dbp0,vae_only,6.0,0.0,5.986506938934326,0.001334990607574582,1,15,False,0.20649398863315582,0.44647249579429626,0.03450986423311654,0.2065935468300754,0.08327102661132812,0.985605001449585,"{""mid"": ""8897fe10b973085cddac525e11940219aa16ae9929dc41d0c5f4a7378733a3ae"", ""up_0"": ""8897fe10b973085cddac525e11940219aa16ae9929dc41d0c5f4a7378733a3ae"", ""up_1"": ""c04228c3ee4727986c92961dd41bcb6f034b32d4c5de829d853cfa172954e186"", ""up_2"": ""27f5bcad7bff36fe1d1a7b6ddf53b6c87227a343b4ea1ff3c106459bd9971b61"", ""x1"": ""e09b0de09cd46dc6989337b50470c0173829c45853bfabef84ea5cdb119de5a2"", ""x2"": ""27f5bcad7bff36fe1d1a7b6ddf53b6c87227a343b4ea1ff3c106459bd9971b61"", ""x3"": ""c04228c3ee4727986c92961dd41bcb6f034b32d4c5de829d853cfa172954e186"", ""x4"": ""8897fe10b973085cddac525e11940219aa16ae9929dc41d0c5f4a7378733a3ae""}",0340047558809127cfbef95fc332f3ae1ce4145167192ddcfc30e1e5778e94dd,aefdce03def94ffed42159e55677ec20e91200e1981f25b1f271b6fd99c3c263,2d9a419b9168335d4b2cb7d79e615210fe77f1465918c1e6e4ab80505ae9cabb,/4T/CXY/MV-Painter-r1color/1009/engineering/color_cast_repair_v2/runs/phase_b/predictions/ea7601dbeb2c46188571cb86e8fdb5bf/vae_only_dap6_dbp0.png,9c67f60783fa360647cd840c8c04082a45bc4d9a9a568a4d5a18ce0a58367574
ea7601dbeb2c46188571cb86e8fdb5bf,vae_only_dap6_dbp0,vae_only,6.0,0.0,5.986506938934326,0.001334990607574582,2,0,False,0.3306973874568939,0.41353875398635864,0.05525586013564559,0.3307895983437392,0.08179283142089844,0.990523099899292,"{""mid"": ""8897fe10b973085cddac525e11940219aa16ae9929dc41d0c5f4a7378733a3ae"", ""up_0"": ""8897fe10b973085cddac525e11940219aa16ae9929dc41d0c5f4a7378733a3ae"", ""up_1"": ""c04228c3ee4727986c92961dd41bcb6f034b32d4c5de829d853cfa172954e186"", ""up_2"": ""27f5bcad7bff36fe1d1a7b6ddf53b6c87227a343b4ea1ff3c106459bd9971b61"", ""x1"": ""e09b0de09cd46dc6989337b50470c0173829c45853bfabef84ea5cdb119de5a2"", ""x2"": ""27f5bcad7bff36fe1d1a7b6ddf53b6c87227a343b4ea1ff3c106459bd9971b61"", ""x3"": ""c04228c3ee4727986c92961dd41bcb6f034b32d4c5de829d853cfa172954e186"", ""x4"": ""8897fe10b973085cddac525e11940219aa16ae9929dc41d0c5f4a7378733a3ae""}",0340047558809127cfbef95fc332f3ae1ce4145167192ddcfc30e1e5778e94dd,aefdce03def94ffed42159e55677ec20e91200e1981f25b1f271b6fd99c3c263,2d9a419b9168335d4b2cb7d79e615210fe77f1465918c1e6e4ab80505ae9cabb,/4T/CXY/MV-Painter-r1color/1009/engineering/color_cast_repair_v2/runs/phase_b/predictions/ea7601dbeb2c46188571cb86e8fdb5bf/vae_only_dap6_dbp0.png,9c67f60783fa360647cd840c8c04082a45bc4d9a9a568a4d5a18ce0a58367574
ea7601dbeb2c46188571cb86e8fdb5bf,vae_only_dap6_dbp0,vae_only,6.0,0.0,5.986506938934326,0.001334990607574582,3,16,False,0.29378947615623474,0.3984377682209015,0.049090114842049316,0.2938783204421436,0.029733657836914062,0.9963873028755188,"{""mid"": ""8897fe10b973085cddac525e11940219aa16ae9929dc41d0c5f4a7378733a3ae"", ""up_0"": ""8897fe10b973085cddac525e11940219aa16ae9929dc41d0c5f4a7378733a3ae"", ""up_1"": ""c04228c3ee4727986c92961dd41bcb6f034b32d4c5de829d853cfa172954e186"", ""up_2"": ""27f5bcad7bff36fe1d1a7b6ddf53b6c87227a343b4ea1ff3c106459bd9971b61"", ""x1"": ""e09b0de09cd46dc6989337b50470c0173829c45853bfabef84ea5cdb119de5a2"", ""x2"": ""27f5bcad7bff36fe1d1a7b6ddf53b6c87227a343b4ea1ff3c106459bd9971b61"", ""x3"": ""c04228c3ee4727986c92961dd41bcb6f034b32d4c5de829d853cfa172954e186"", ""x4"": ""8897fe10b973085cddac525e11940219aa16ae9929dc41d0c5f4a7378733a3ae""}",0340047558809127cfbef95fc332f3ae1ce4145167192ddcfc30e1e5778e94dd,aefdce03def94ffed42159e55677ec20e91200e1981f25b1f271b6fd99c3c263,2d9a419b9168335d4b2cb7d79e615210fe77f1465918c1e6e4ab80505ae9cabb,/4T/CXY/MV-Painter-r1color/1009/engineering/color_cast_repair_v2/runs/phase_b/predictions/ea7601dbeb2c46188571cb86e8fdb5bf/vae_only_dap6_dbp0.png,9c67f60783fa360647cd840c8c04082a45bc4d9a9a568a4d5a18ce0a58367574
ea7601dbeb2c46188571cb86e8fdb5bf,vae_only_dap6_dbp0,vae_only,6.0,0.0,5.986506938934326,0.001334990607574582,4,12,False,0.3320956528186798,0.3671213984489441,0.05548770054609681,0.3321775126041406,0.03260612487792969,0.9933634400367737,"{""mid"": ""8897fe10b973085cddac525e11940219aa16ae9929dc41d0c5f4a7378733a3ae"", ""up_0"": ""8897fe10b973085cddac525e11940219aa16ae9929dc41d0c5f4a7378733a3ae"", ""up_1"": ""c04228c3ee4727986c92961dd41bcb6f034b32d4c5de829d853cfa172954e186"", ""up_2"": ""27f5bcad7bff36fe1d1a7b6ddf53b6c87227a343b4ea1ff3c106459bd9971b61"", ""x1"": ""e09b0de09cd46dc6989337b50470c0173829c45853bfabef84ea5cdb119de5a2"", ""x2"": ""27f5bcad7bff36fe1d1a7b6ddf53b6c87227a343b4ea1ff3c106459bd9971b61"", ""x3"": ""c04228c3ee4727986c92961dd41bcb6f034b32d4c5de829d853cfa172954e186"", ""x4"": ""8897fe10b973085cddac525e11940219aa16ae9929dc41d0c5f4a7378733a3ae""}",0340047558809127cfbef95fc332f3ae1ce4145167192ddcfc30e1e5778e94dd,aefdce03def94ffed42159e55677ec20e91200e1981f25b1f271b6fd99c3c263,2d9a419b9168335d4b2cb7d79e615210fe77f1465918c1e6e4ab80505ae9cabb,/4T/CXY/MV-Painter-r1color/1009/engineering/color_cast_repair_v2/runs/phase_b/predictions/ea7601dbeb2c46188571cb86e8fdb5bf/vae_only_dap6_dbp0.png,9c67f60783fa360647cd840c8c04082a45bc4d9a9a568a4d5a18ce0a58367574
ea7601dbeb2c46188571cb86e8fdb5bf,vae_only_dap6_dbp0,vae_only,6.0,0.0,5.986506938934326,0.001334990607574582,5,13,False,0.30761462450027466,0.3990059196949005,0.051399520726864226,0.30770359514016216,0.05191612243652344,0.9823492169380188,"{""mid"": ""8897fe10b973085cddac525e11940219aa16ae9929dc41d0c5f4a7378733a3ae"", ""up_0"": ""8897fe10b973085cddac525e11940219aa16ae9929dc41d0c5f4a7378733a3ae"", ""up_1"": ""c04228c3ee4727986c92961dd41bcb6f034b32d4c5de829d853cfa172954e186"", ""up_2"": ""27f5bcad7bff36fe1d1a7b6ddf53b6c87227a343b4ea1ff3c106459bd9971b61"", ""x1"": ""e09b0de09cd46dc6989337b50470c0173829c45853bfabef84ea5cdb119de5a2"", ""x2"": ""27f5bcad7bff36fe1d1a7b6ddf53b6c87227a343b4ea1ff3c106459bd9971b61"", ""x3"": ""c04228c3ee4727986c92961dd41bcb6f034b32d4c5de829d853cfa172954e186"", ""x4"": ""8897fe10b973085cddac525e11940219aa16ae9929dc41d0c5f4a7378733a3ae""}",0340047558809127cfbef95fc332f3ae1ce4145167192ddcfc30e1e5778e94dd,aefdce03def94ffed42159e55677ec20e91200e1981f25b1f271b6fd99c3c263,2d9a419b9168335d4b2cb7d79e615210fe77f1465918c1e6e4ab80505ae9cabb,/4T/CXY/MV-Painter-r1color/1009/engineering/color_cast_repair_v2/runs/phase_b/predictions/ea7601dbeb2c46188571cb86e8fdb5bf/vae_only_dap6_dbp0.png,9c67f60783fa360647cd840c8c04082a45bc4d9a9a568a4d5a18ce0a58367574
eac4b392b7b448a2b6ec77e8936abe1b,embedding_only_dam6_dbp0,embedding_only,-6.0,0.0,-5.924061298370361,0.020740240812301636,0,14,True,-1.8822033405303955,0.9032813906669617,0.31825170949996306,1.885354189790695,0.8249073028564453,0.9716224074363708,"{""mid"": ""5348cdb813a18552dd93d9a36400adeb9a23fb49178bc2a5ff75fc953e2e4995"", ""up_0"": ""5348cdb813a18552dd93d9a36400adeb9a23fb49178bc2a5ff75fc953e2e4995"", ""up_1"": ""40f6b1c91a249eed4b2c74f539c3f2a135ae1094abf1981034acab64aba29a08"", ""up_2"": ""1d2819d5c71d6aaa642d841dc0ab28bb50298fa769b4d758713de7ba97b00640"", ""x1"": ""91a05c1ecf2ad9736c3b3f5228d71fc77681394f4eb0764a92d1e84cace090af"", ""x2"": ""1d2819d5c71d6aaa642d841dc0ab28bb50298fa769b4d758713de7ba97b00640"", ""x3"": ""40f6b1c91a249eed4b2c74f539c3f2a135ae1094abf1981034acab64aba29a08"", ""x4"": ""5348cdb813a18552dd93d9a36400adeb9a23fb49178bc2a5ff75fc953e2e4995""}",0340047558809127cfbef95fc332f3ae1ce4145167192ddcfc30e1e5778e94dd,aefdce03def94ffed42159e55677ec20e91200e1981f25b1f271b6fd99c3c263,f6ec01703824bf29904dd28dbbd49c172a95197eec684e792c9f86639b8ab8c4,/4T/CXY/MV-Painter-r1color/1009/engineering/color_cast_repair_v2/runs/phase_b/predictions/eac4b392b7b448a2b6ec77e8936abe1b/embedding_only_dam6_dbp0.png,3b83a5a4d2bc018c4d145d7bcf87456c3678701fabd5528ee8b2fa190c11a061
eac4b392b7b448a2b6ec77e8936abe1b,embedding_only_dam6_dbp0,embedding_only,-6.0,0.0,-5.924061298370361,0.020740240812301636,1,15,False,-1.957319974899292,1.0072715282440186,0.3309929315549368,1.9608344328415217,0.6050262451171875,0.9552786946296692,"{""mid"": ""5348cdb813a18552dd93d9a36400adeb9a23fb49178bc2a5ff75fc953e2e4995"", ""up_0"": ""5348cdb813a18552dd93d9a36400adeb9a23fb49178bc2a5ff75fc953e2e4995"", ""up_1"": ""40f6b1c91a249eed4b2c74f539c3f2a135ae1094abf1981034acab64aba29a08"", ""up_2"": ""1d2819d5c71d6aaa642d841dc0ab28bb50298fa769b4d758713de7ba97b00640"", ""x1"": ""91a05c1ecf2ad9736c3b3f5228d71fc77681394f4eb0764a92d1e84cace090af"", ""x2"": ""1d2819d5c71d6aaa642d841dc0ab28bb50298fa769b4d758713de7ba97b00640"", ""x3"": ""40f6b1c91a249eed4b2c74f539c3f2a135ae1094abf1981034acab64aba29a08"", ""x4"": ""5348cdb813a18552dd93d9a36400adeb9a23fb49178bc2a5ff75fc953e2e4995""}",0340047558809127cfbef95fc332f3ae1ce4145167192ddcfc30e1e5778e94dd,aefdce03def94ffed42159e55677ec20e91200e1981f25b1f271b6fd99c3c263,f6ec01703824bf29904dd28dbbd49c172a95197eec684e792c9f86639b8ab8c4,/4T/CXY/MV-Painter-r1color/1009/engineering/color_cast_repair_v2/runs/phase_b/predictions/eac4b392b7b448a2b6ec77e8936abe1b/embedding_only_dam6_dbp0.png,3b83a5a4d2bc018c4d145d7bcf87456c3678701fabd5528ee8b2fa190c11a061
eac4b392b7b448a2b6ec77e8936abe1b,embedding_only_dam6_dbp0,embedding_only,-6.0,0.0,-5.924061298370361,0.020740240812301636,2,0,False,-1.5791938304901123,0.7871144413948059,0.267034735486972,1.5819398367444466,1.0321292877197266,0.9563906788825989,"{""mid"": ""5348cdb813a18552dd93d9a36400adeb9a23fb49178bc2a5ff75fc953e2e4995"", ""up_0"": ""5348cdb813a18552dd93d9a36400adeb9a23fb49178bc2a5ff75fc953e2e4995"", ""up_1"": ""40f6b1c91a249eed4b2c74f539c3f2a135ae1094abf1981034acab64aba29a08"", ""up_2"": ""1d2819d5c71d6aaa642d841dc0ab28bb50298fa769b4d758713de7ba97b00640"", ""x1"": ""91a05c1ecf2ad9736c3b3f5228d71fc77681394f4eb0764a92d1e84cace090af"", ""x2"": ""1d2819d5c71d6aaa642d841dc0ab28bb50298fa769b4d758713de7ba97b00640"", ""x3"": ""40f6b1c91a249eed4b2c74f539c3f2a135ae1094abf1981034acab64aba29a08"", ""x4"": ""5348cdb813a18552dd93d9a36400adeb9a23fb49178bc2a5ff75fc953e2e4995""}",0340047558809127cfbef95fc332f3ae1ce4145167192ddcfc30e1e5778e94dd,aefdce03def94ffed42159e55677ec20e91200e1981f25b1f271b6fd99c3c263,f6ec01703824bf29904dd28dbbd49c172a95197eec684e792c9f86639b8ab8c4,/4T/CXY/MV-Painter-r1color/1009/engineering/color_cast_repair_v2/runs/phase_b/predictions/eac4b392b7b448a2b6ec77e8936abe1b/embedding_only_dam6_dbp0.png,3b83a5a4d2bc018c4d145d7bcf87456c3678701fabd5528ee8b2fa190c11a061
eac4b392b7b448a2b6ec77e8936abe1b,embedding_only_dam6_dbp0,embedding_only,-6.0,0.0,-5.924061298370361,0.020740240812301636,3,16,False,-2.180976629257202,1.0564135313034058,0.3687754504424442,2.1846617624647626,1.6092777252197266,0.959639310836792,"{""mid"": ""5348cdb813a18552dd93d9a36400adeb9a23fb49178bc2a5ff75fc953e2e4995"", ""up_0"": ""5348cdb813a18552dd93d9a36400adeb9a23fb49178bc2a5ff75fc953e2e4995"", ""up_1"": ""40f6b1c91a249eed4b2c74f539c3f2a135ae1094abf1981034acab64aba29a08"", ""up_2"": ""1d2819d5c71d6aaa642d841dc0ab28bb50298fa769b4d758713de7ba97b00640"", ""x1"": ""91a05c1ecf2ad9736c3b3f5228d71fc77681394f4eb0764a92d1e84cace090af"", ""x2"": ""1d2819d5c71d6aaa642d841dc0ab28bb50298fa769b4d758713de7ba97b00640"", ""x3"": ""40f6b1c91a249eed4b2c74f539c3f2a135ae1094abf1981034acab64aba29a08"", ""x4"": ""5348cdb813a18552dd93d9a36400adeb9a23fb49178bc2a5ff75fc953e2e4995""}",0340047558809127cfbef95fc332f3ae1ce4145167192ddcfc30e1e5778e94dd,aefdce03def94ffed42159e55677ec20e91200e1981f25b1f271b6fd99c3c263,f6ec01703824bf29904dd28dbbd49c172a95197eec684e792c9f86639b8ab8c4,/4T/CXY/MV-Painter-r1color/1009/engineering/color_cast_repair_v2/runs/phase_b/predictions/eac4b392b7b448a2b6ec77e8936abe1b/embedding_only_dam6_dbp0.png,3b83a5a4d2bc018c4d145d7bcf87456c3678701fabd5528ee8b2fa190c11a061
eac4b392b7b448a2b6ec77e8936abe1b,embedding_only_dam6_dbp0,embedding_only,-6.0,0.0,-5.924061298370361,0.020740240812301636,4,12,False,-2.11503005027771,0.9534023404121399,0.35758272186137285,2.118354945892846,1.6762142181396484,0.9457134008407593,"{""mid"": ""5348cdb813a18552dd93d9a36400adeb9a23fb49178bc2a5ff75fc953e2e4995"", ""up_0"": ""5348cdb813a18552dd93d9a36400adeb9a23fb49178bc2a5ff75fc953e2e4995"", ""up_1"": ""40f6b1c91a249eed4b2c74f539c3f2a135ae1094abf1981034acab64aba29a08"", ""up_2"": ""1d2819d5c71d6aaa642d841dc0ab28bb50298fa769b4d758713de7ba97b00640"", ""x1"": ""91a05c1ecf2ad9736c3b3f5228d71fc77681394f4eb0764a92d1e84cace090af"", ""x2"": ""1d2819d5c71d6aaa642d841dc0ab28bb50298fa769b4d758713de7ba97b00640"", ""x3"": ""40f6b1c91a249eed4b2c74f539c3f2a135ae1094abf1981034acab64aba29a08"", ""x4"": ""5348cdb813a18552dd93d9a36400adeb9a23fb49178bc2a5ff75fc953e2e4995""}",0340047558809127cfbef95fc332f3ae1ce4145167192ddcfc30e1e5778e94dd,aefdce03def94ffed42159e55677ec20e91200e1981f25b1f271b6fd99c3c263,f6ec01703824bf29904dd28dbbd49c172a95197eec684e792c9f86639b8ab8c4,/4T/CXY/MV-Painter-r1color/1009/engineering/color_cast_repair_v2/runs/phase_b/predictions/eac4b392b7b448a2b6ec77e8936abe1b/embedding_only_dam6_dbp0.png,3b83a5a4d2bc018c4d145d7bcf87456c3678701fabd5528ee8b2fa190c11a061
eac4b392b7b448a2b6ec77e8936abe1b,embedding_only_dam6_dbp0,embedding_only,-6.0,0.0,-5.924061298370361,0.020740240812301636,5,13,False,-2.0937206745147705,0.8698349595069885,0.35393629068133803,2.096753131675214,0.9699668884277344,0.9534276127815247,"{""mid"": ""5348cdb813a18552dd93d9a36400adeb9a23fb49178bc2a5ff75fc953e2e4995"", ""up_0"": ""5348cdb813a18552dd93d9a36400adeb9a23fb49178bc2a5ff75fc953e2e4995"", ""up_1"": ""40f6b1c91a249eed4b2c74f539c3f2a135ae1094abf1981034acab64aba29a08"", ""up_2"": ""1d2819d5c71d6aaa642d841dc0ab28bb50298fa769b4d758713de7ba97b00640"", ""x1"": ""91a05c1ecf2ad9736c3b3f5228d71fc77681394f4eb0764a92d1e84cace090af"", ""x2"": ""1d2819d5c71d6aaa642d841dc0ab28bb50298fa769b4d758713de7ba97b00640"", ""x3"": ""40f6b1c91a249eed4b2c74f539c3f2a135ae1094abf1981034acab64aba29a08"", ""x4"": ""5348cdb813a18552dd93d9a36400adeb9a23fb49178bc2a5ff75fc953e2e4995""}",0340047558809127cfbef95fc332f3ae1ce4145167192ddcfc30e1e5778e94dd,aefdce03def94ffed42159e55677ec20e91200e1981f25b1f271b6fd99c3c263,f6ec01703824bf29904dd28dbbd49c172a95197eec684e792c9f86639b8ab8c4,/4T/CXY/MV-Painter-r1color/1009/engineering/color_cast_repair_v2/runs/phase_b/predictions/eac4b392b7b448a2b6ec77e8936abe1b/embedding_only_dam6_dbp0.png,3b83a5a4d2bc018c4d145d7bcf87456c3678701fabd5528ee8b2fa190c11a061
eac4b392b7b448a2b6ec77e8936abe1b,embedding_only_dap0_dbm6,embedding_only,0.0,-6.0,0.005174204241484404,-5.982059955596924,0,14,True,0.28143244981765747,-0.8923268914222717,0.1492077405249101,0.8925699835447316,-0.1541309356689453,0.9942792057991028,"{""mid"": ""5348cdb813a18552dd93d9a36400adeb9a23fb49178bc2a5ff75fc953e2e4995"", ""up_0"": ""5348cdb813a18552dd93d9a36400adeb9a23fb49178bc2a5ff75fc953e2e4995"", ""up_1"": ""40f6b1c91a249eed4b2c74f539c3f2a135ae1094abf1981034acab64aba29a08"", ""up_2"": ""1d2819d5c71d6aaa642d841dc0ab28bb50298fa769b4d758713de7ba97b00640"", ""x1"": ""91a05c1ecf2ad9736c3b3f5228d71fc77681394f4eb0764a92d1e84cace090af"", ""x2"": ""1d2819d5c71d6aaa642d841dc0ab28bb50298fa769b4d758713de7ba97b00640"", ""x3"": ""40f6b1c91a249eed4b2c74f539c3f2a135ae1094abf1981034acab64aba29a08"", ""x4"": ""5348cdb813a18552dd93d9a36400adeb9a23fb49178bc2a5ff75fc953e2e4995""}",0340047558809127cfbef95fc332f3ae1ce4145167192ddcfc30e1e5778e94dd,aefdce03def94ffed42159e55677ec20e91200e1981f25b1f271b6fd99c3c263,f6ec01703824bf29904dd28dbbd49c172a95197eec684e792c9f86639b8ab8c4,/4T/CXY/MV-Painter-r1color/1009/engineering/color_cast_repair_v2/runs/phase_b/predictions/eac4b392b7b448a2b6ec77e8936abe1b/embedding_only_dap0_dbm6.png,db094c63926562204a4663211b751b31b677b5a1375efe71b082b228b810044a
eac4b392b7b448a2b6ec77e8936abe1b,embedding_only_dap0_dbm6,embedding_only,0.0,-6.0,0.005174204241484404,-5.982059955596924,1,15,False,0.32234519720077515,-0.9326240420341492,0.15594998456199377,0.9329025066971055,-0.14421653747558594,0.9909133315086365,"{""mid"": ""5348cdb813a18552dd93d9a36400adeb9a23fb49178bc2a5ff75fc953e2e4995"", ""up_0"": ""5348cdb813a18552dd93d9a36400adeb9a23fb49178bc2a5ff75fc953e2e4995"", ""up_1"": ""40f6b1c91a249eed4b2c74f539c3f2a135ae1094abf1981034acab64aba29a08"", ""up_2"": ""1d2819d5c71d6aaa642d841dc0ab28bb50298fa769b4d758713de7ba97b00640"", ""x1"": ""91a05c1ecf2ad9736c3b3f5228d71fc77681394f4eb0764a92d1e84cace090af"", ""x2"": ""1d2819d5c71d6aaa642d841dc0ab28bb50298fa769b4d758713de7ba97b00640"", ""x3"": ""40f6b1c91a249eed4b2c74f539c3f2a135ae1094abf1981034acab64aba29a08"", ""x4"": ""5348cdb813a18552dd93d9a36400adeb9a23fb49178bc2a5ff75fc953e2e4995""}",0340047558809127cfbef95fc332f3ae1ce4145167192ddcfc30e1e5778e94dd,aefdce03def94ffed42159e55677ec20e91200e1981f25b1f271b6fd99c3c263,f6ec01703824bf29904dd28dbbd49c172a95197eec684e792c9f86639b8ab8c4,/4T/CXY/MV-Painter-r1color/1009/engineering/color_cast_repair_v2/runs/phase_b/predictions/eac4b392b7b448a2b6ec77e8936abe1b/embedding_only_dap0_dbm6.png,db094c63926562204a4663211b751b31b677b5a1375efe71b082b228b810044a
eac4b392b7b448a2b6ec77e8936abe1b,embedding_only_dap0_dbm6,embedding_only,0.0,-6.0,0.005174204241484404,-5.982059955596924,2,0,False,0.1995701938867569,-0.8579472899436951,0.1434487907630099,0.8581195879008405,-0.17975807189941406,0.9835752844810486,"{""mid"": ""5348cdb813a18552dd93d9a36400adeb9a23fb49178bc2a5ff75fc953e2e4995"", ""up_0"": ""5348cdb813a18552dd93d9a36400adeb9a23fb49178bc2a5ff75fc953e2e4995"", ""up_1"": ""40f6b1c91a249eed4b2c74f539c3f2a135ae1094abf1981034acab64aba29a08"", ""up_2"": ""1d2819d5c71d6aaa642d841dc0ab28bb50298fa769b4d758713de7ba97b00640"", ""x1"": ""91a05c1ecf2ad9736c3b3f5228d71fc77681394f4eb0764a92d1e84cace090af"", ""x2"": ""1d2819d5c71d6aaa642d841dc0ab28bb50298fa769b4d758713de7ba97b00640"", ""x3"": ""40f6b1c91a249eed4b2c74f539c3f2a135ae1094abf1981034acab64aba29a08"", ""x4"": ""5348cdb813a18552dd93d9a36400adeb9a23fb49178bc2a5ff75fc953e2e4995""}",0340047558809127cfbef95fc332f3ae1ce4145167192ddcfc30e1e5778e94dd,aefdce03def94ffed42159e55677ec20e91200e1981f25b1f271b6fd99c3c263,f6ec01703824bf29904dd28dbbd49c172a95197eec684e792c9f86639b8ab8c4,/4T/CXY/MV-Painter-r1color/1009/engineering/color_cast_repair_v2/runs/phase_b/predictions/eac4b392b7b448a2b6ec77e8936abe1b/embedding_only_dap0_dbm6.png,db094c63926562204a4663211b751b31b677b5a1375efe71b082b228b810044a
eac4b392b7b448a2b6ec77e8936abe1b,embedding_only_dap0_dbm6,embedding_only,0.0,-6.0,0.005174204241484404,-5.982059955596924,3,16,False,0.29860275983810425,-0.9049305319786072,0.15131712804875008,0.9051884709021553,-0.4577178955078125,0.9934852123260498,"{""mid"": ""5348cdb813a18552dd93d9a36400adeb9a23fb49178bc2a5ff75fc953e2e4995"", ""up_0"": ""5348cdb813a18552dd93d9a36400adeb9a23fb49178bc2a5ff75fc953e2e4995"", ""up_1"": ""40f6b1c91a249eed4b2c74f539c3f2a135ae1094abf1981034acab64aba29a08"", ""up_2"": ""1d2819d5c71d6aaa642d841dc0ab28bb50298fa769b4d758713de7ba97b00640"", ""x1"": ""91a05c1ecf2ad9736c3b3f5228d71fc77681394f4eb0764a92d1e84cace090af"", ""x2"": ""1d2819d5c71d6aaa642d841dc0ab28bb50298fa769b4d758713de7ba97b00640"", ""x3"": ""40f6b1c91a249eed4b2c74f539c3f2a135ae1094abf1981034acab64aba29a08"", ""x4"": ""5348cdb813a18552dd93d9a36400adeb9a23fb49178bc2a5ff75fc953e2e4995""}",0340047558809127cfbef95fc332f3ae1ce4145167192ddcfc30e1e5778e94dd,aefdce03def94ffed42159e55677ec20e91200e1981f25b1f271b6fd99c3c263,f6ec01703824bf29904dd28dbbd49c172a95197eec684e792c9f86639b8ab8c4,/4T/CXY/MV-Painter-r1color/1009/engineering/color_cast_repair_v2/runs/phase_b/predictions/eac4b392b7b448a2b6ec77e8936abe1b/embedding_only_dap0_dbm6.png,db094c63926562204a4663211b751b31b677b5a1375efe71b082b228b810044a
eac4b392b7b448a2b6ec77e8936abe1b,embedding_only_dap0_dbm6,embedding_only,0.0,-6.0,0.005174204241484404,-5.982059955596924,4,12,False,0.2133689671754837,-0.9360947012901306,0.15651440507490935,0.936278905308552,-0.43901538848876953,0.9902588725090027,"{""mid"": ""5348cdb813a18552dd93d9a36400adeb9a23fb49178bc2a5ff75fc953e2e4995"", ""up_0"": ""5348cdb813a18552dd93d9a36400adeb9a23fb49178bc2a5ff75fc953e2e4995"", ""up_1"": ""40f6b1c91a249eed4b2c74f539c3f2a135ae1094abf1981034acab64aba29a08"", ""up_2"": ""1d2819d5c71d6aaa642d841dc0ab28bb50298fa769b4d758713de7ba97b00640"", ""x1"": ""91a05c1ecf2ad9736c3b3f5228d71fc77681394f4eb0764a92d1e84cace090af"", ""x2"": ""1d2819d5c71d6aaa642d841dc0ab28bb50298fa769b4d758713de7ba97b00640"", ""x3"": ""40f6b1c91a249eed4b2c74f539c3f2a135ae1094abf1981034acab64aba29a08"", ""x4"": ""5348cdb813a18552dd93d9a36400adeb9a23fb49178bc2a5ff75fc953e2e4995""}",0340047558809127cfbef95fc332f3ae1ce4145167192ddcfc30e1e5778e94dd,aefdce03def94ffed42159e55677ec20e91200e1981f25b1f271b6fd99c3c263,f6ec01703824bf29904dd28dbbd49c172a95197eec684e792c9f86639b8ab8c4,/4T/CXY/MV-Painter-r1color/1009/engineering/color_cast_repair_v2/runs/phase_b/predictions/eac4b392b7b448a2b6ec77e8936abe1b/embedding_only_dap0_dbm6.png,db094c63926562204a4663211b751b31b677b5a1375efe71b082b228b810044a
eac4b392b7b448a2b6ec77e8936abe1b,embedding_only_dap0_dbm6,embedding_only,0.0,-6.0,0.005174204241484404,-5.982059955596924,5,13,False,0.18235519528388977,-0.8500249981880188,0.14212196086640244,0.8501824089393787,-0.1390247344970703,0.9834661483764648,"{""mid"": ""5348cdb813a18552dd93d9a36400adeb9a23fb49178bc2a5ff75fc953e2e4995"", ""up_0"": ""5348cdb813a18552dd93d9a36400adeb9a23fb49178bc2a5ff75fc953e2e4995"", ""up_1"": ""40f6b1c91a249eed4b2c74f539c3f2a135ae1094abf1981034acab64aba29a08"", ""up_2"": ""1d2819d5c71d6aaa642d841dc0ab28bb50298fa769b4d758713de7ba97b00640"", ""x1"": ""91a05c1ecf2ad9736c3b3f5228d71fc77681394f4eb0764a92d1e84cace090af"", ""x2"": ""1d2819d5c71d6aaa642d841dc0ab28bb50298fa769b4d758713de7ba97b00640"", ""x3"": ""40f6b1c91a249eed4b2c74f539c3f2a135ae1094abf1981034acab64aba29a08"", ""x4"": ""5348cdb813a18552dd93d9a36400adeb9a23fb49178bc2a5ff75fc953e2e4995""}",0340047558809127cfbef95fc332f3ae1ce4145167192ddcfc30e1e5778e94dd,aefdce03def94ffed42159e55677ec20e91200e1981f25b1f271b6fd99c3c263,f6ec01703824bf29904dd28dbbd49c172a95197eec684e792c9f86639b8ab8c4,/4T/CXY/MV-Painter-r1color/1009/engineering/color_cast_repair_v2/runs/phase_b/predictions/eac4b392b7b448a2b6ec77e8936abe1b/embedding_only_dap0_dbm6.png,db094c63926562204a4663211b751b31b677b5a1375efe71b082b228b810044a
eac4b392b7b448a2b6ec77e8936abe1b,embedding_only_dap0_dbp6,embedding_only,0.0,6.0,0.09908938407897949,5.708980560302734,0,14,True,-0.5909606218338013,1.4884757995605469,0.258850671306406,1.4779960285367804,0.6318778991699219,0.9793199300765991,"{""mid"": ""5348cdb813a18552dd93d9a36400adeb9a23fb49178bc2a5ff75fc953e2e4995"", ""up_0"": ""5348cdb813a18552dd93d9a36400adeb9a23fb49178bc2a5ff75fc953e2e4995"", ""up_1"": ""40f6b1c91a249eed4b2c74f539c3f2a135ae1094abf1981034acab64aba29a08"", ""up_2"": ""1d2819d5c71d6aaa642d841dc0ab28bb50298fa769b4d758713de7ba97b00640"", ""x1"": ""91a05c1ecf2ad9736c3b3f5228d71fc77681394f4eb0764a92d1e84cace090af"", ""x2"": ""1d2819d5c71d6aaa642d841dc0ab28bb50298fa769b4d758713de7ba97b00640"", ""x3"": ""40f6b1c91a249eed4b2c74f539c3f2a135ae1094abf1981034acab64aba29a08"", ""x4"": ""5348cdb813a18552dd93d9a36400adeb9a23fb49178bc2a5ff75fc953e2e4995""}",0340047558809127cfbef95fc332f3ae1ce4145167192ddcfc30e1e5778e94dd,aefdce03def94ffed42159e55677ec20e91200e1981f25b1f271b6fd99c3c263,f6ec01703824bf29904dd28dbbd49c172a95197eec684e792c9f86639b8ab8c4,/4T/CXY/MV-Painter-r1color/1009/engineering/color_cast_repair_v2/runs/phase_b/predictions/eac4b392b7b448a2b6ec77e8936abe1b/embedding_only_dap0_dbp6.png,a2ff6239c475cc3b553b681445eda601e1b1d5f61d69bbdec6f34b1ef79c1aac
eac4b392b7b448a2b6ec77e8936abe1b,embedding_only_dap0_dbp6,embedding_only,0.0,6.0,0.09908938407897949,5.708980560302734,1,15,False,-0.7939236164093018,1.5549660921096802,0.2698769042681573,1.540954059300004,0.6794319152832031,0.975421130657196,"{""mid"": ""5348cdb813a18552dd93d9a36400adeb9a23fb49178bc2a5ff75fc953e2e4995"", ""up_0"": ""5348cdb813a18552dd93d9a36400adeb9a23fb49178bc2a5ff75fc953e2e4995"", ""up_1"": ""40f6b1c91a249eed4b2c74f539c3f2a135ae1094abf1981034acab64aba29a08"", ""up_2"": ""1d2819d5c71d6aaa642d841dc0ab28bb50298fa769b4d758713de7ba97b00640"", ""x1"": ""91a05c1ecf2ad9736c3b3f5228d71fc77681394f4eb0764a92d1e84cace090af"", ""x2"": ""1d2819d5c71d6aaa642d841dc0ab28bb50298fa769b4d758713de7ba97b00640"", ""x3"": ""40f6b1c91a249eed4b2c74f539c3f2a135ae1094abf1981034acab64aba29a08"", ""x4"": ""5348cdb813a18552dd93d9a36400adeb9a23fb49178bc2a5ff75fc953e2e4995""}",0340047558809127cfbef95fc332f3ae1ce4145167192ddcfc30e1e5778e94dd,aefdce03def94ffed42159e55677ec20e91200e1981f25b1f271b6fd99c3c263,f6ec01703824bf29904dd28dbbd49c172a95197eec684e792c9f86639b8ab8c4,/4T/CXY/MV-Painter-r1color/1009/engineering/color_cast_repair_v2/runs/phase_b/predictions/eac4b392b7b448a2b6ec77e8936abe1b/embedding_only_dap0_dbp6.png,a2ff6239c475cc3b553b681445eda601e1b1d5f61d69bbdec6f34b1ef79c1aac
eac4b392b7b448a2b6ec77e8936abe1b,embedding_only_dap0_dbp6,embedding_only,0.0,6.0,0.09908938407897949,5.708980560302734,2,0,False,-0.3666648268699646,1.3032537698745728,0.22709817711649863,1.2966943534359716,0.6412429809570312,0.9522760510444641,"{""mid"": ""5348cdb813a18552dd93d9a36400adeb9a23fb49178bc2a5ff75fc953e2e4995"", ""up_0"": ""5348cdb813a18552dd93d9a36400adeb9a23fb49178bc2a5ff75fc953e2e4995"", ""up_1"": ""40f6b1c91a249eed4b2c74f539c3f2a135ae1094abf1981034acab64aba29a08"", ""up_2"": ""1d2819d5c71d6aaa642d841dc0ab28bb50298fa769b4d758713de7ba97b00640"", ""x1"": ""91a05c1ecf2ad9736c3b3f5228d71fc77681394f4eb0764a92d1e84cace090af"", ""x2"": ""1d2819d5c71d6aaa642d841dc0ab28bb50298fa769b4d758713de7ba97b00640"", ""x3"": ""40f6b1c91a249eed4b2c74f539c3f2a135ae1094abf1981034acab64aba29a08"", ""x4"": ""5348cdb813a18552dd93d9a36400adeb9a23fb49178bc2a5ff75fc953e2e4995""}",0340047558809127cfbef95fc332f3ae1ce4145167192ddcfc30e1e5778e94dd,aefdce03def94ffed42159e55677ec20e91200e1981f25b1f271b6fd99c3c263,f6ec01703824bf29904dd28dbbd49c172a95197eec684e792c9f86639b8ab8c4,/4T/CXY/MV-Painter-r1color/1009/engineering/color_cast_repair_v2/runs/phase_b/predictions/eac4b392b7b448a2b6ec77e8936abe1b/embedding_only_dap0_dbp6.png,a2ff6239c475cc3b553b681445eda601e1b1d5f61d69bbdec6f34b1ef79c1aac
eac4b392b7b448a2b6ec77e8936abe1b,embedding_only_dap0_dbp6,embedding_only,0.0,6.0,0.09908938407897949,5.708980560302734,3,16,False,-0.7465270161628723,1.6253633499145508,0.28234821315723985,1.6121632430185215,1.3676776885986328,0.970300018787384,"{""mid"": ""5348cdb813a18552dd93d9a36400adeb9a23fb49178bc2a5ff75fc953e2e4995"", ""up_0"": ""5348cdb813a18552dd93d9a36400adeb9a23fb49178bc2a5ff75fc953e2e4995"", ""up_1"": ""40f6b1c91a249eed4b2c74f539c3f2a135ae1094abf1981034acab64aba29a08"", ""up_2"": ""1d2819d5c71d6aaa642d841dc0ab28bb50298fa769b4d758713de7ba97b00640"", ""x1"": ""91a05c1ecf2ad9736c3b3f5228d71fc77681394f4eb0764a92d1e84cace090af"", ""x2"": ""1d2819d5c71d6aaa642d841dc0ab28bb50298fa769b4d758713de7ba97b00640"", ""x3"": ""40f6b1c91a249eed4b2c74f539c3f2a135ae1094abf1981034acab64aba29a08"", ""x4"": ""5348cdb813a18552dd93d9a36400adeb9a23fb49178bc2a5ff75fc953e2e4995""}",0340047558809127cfbef95fc332f3ae1ce4145167192ddcfc30e1e5778e94dd,aefdce03def94ffed42159e55677ec20e91200e1981f25b1f271b6fd99c3c263,f6ec01703824bf29904dd28dbbd49c172a95197eec684e792c9f86639b8ab8c4,/4T/CXY/MV-Painter-r1color/1009/engineering/color_cast_repair_v2/runs/phase_b/predictions/eac4b392b7b448a2b6ec77e8936abe1b/embedding_only_dap0_dbp6.png,a2ff6239c475cc3b553b681445eda601e1b1d5f61d69bbdec6f34b1ef79c1aac
eac4b392b7b448a2b6ec77e8936abe1b,embedding_only_dap0_dbp6,embedding_only,0.0,6.0,0.09908938407897949,5.708980560302734,4,12,False,-0.5985503792762756,1.4351600408554077,0.24949148797596146,1.4245565851583606,1.2328567504882812,0.9750493168830872,"{""mid"": ""5348cdb813a18552dd93d9a36400adeb9a23fb49178bc2a5ff75fc953e2e4995"", ""up_0"": ""5348cdb813a18552dd93d9a36400adeb9a23fb49178bc2a5ff75fc953e2e4995"", ""up_1"": ""40f6b1c91a249eed4b2c74f539c3f2a135ae1094abf1981034acab64aba29a08"", ""up_2"": ""1d2819d5c71d6aaa642d841dc0ab28bb50298fa769b4d758713de7ba97b00640"", ""x1"": ""91a05c1ecf2ad9736c3b3f5228d71fc77681394f4eb0764a92d1e84cace090af"", ""x2"": ""1d2819d5c71d6aaa642d841dc0ab28bb50298fa769b4d758713de7ba97b00640"", ""x3"": ""40f6b1c91a249eed4b2c74f539c3f2a135ae1094abf1981034acab64aba29a08"", ""x4"": ""5348cdb813a18552dd93d9a36400adeb9a23fb49178bc2a5ff75fc953e2e4995""}",0340047558809127cfbef95fc332f3ae1ce4145167192ddcfc30e1e5778e94dd,aefdce03def94ffed42159e55677ec20e91200e1981f25b1f271b6fd99c3c263,f6ec01703824bf29904dd28dbbd49c172a95197eec684e792c9f86639b8ab8c4,/4T/CXY/MV-Painter-r1color/1009/engineering/color_cast_repair_v2/runs/phase_b/predictions/eac4b392b7b448a2b6ec77e8936abe1b/embedding_only_dap0_dbp6.png,a2ff6239c475cc3b553b681445eda601e1b1d5f61d69bbdec6f34b1ef79c1aac
eac4b392b7b448a2b6ec77e8936abe1b,embedding_only_dap0_dbp6,embedding_only,0.0,6.0,0.09908938407897949,5.708980560302734,5,13,False,-0.7007232308387756,1.5159374475479126,0.26332587105589617,1.503548705001837,0.6272373199462891,0.9627994894981384,"{""mid"": ""5348cdb813a18552dd93d9a36400adeb9a23fb49178bc2a5ff75fc953e2e4995"", ""up_0"": ""5348cdb813a18552dd93d9a36400adeb9a23fb49178bc2a5ff75fc953e2e4995"", ""up_1"": ""40f6b1c91a249eed4b2c74f539c3f2a135ae1094abf1981034acab64aba29a08"", ""up_2"": ""1d2819d5c71d6aaa642d841dc0ab28bb50298fa769b4d758713de7ba97b00640"", ""x1"": ""91a05c1ecf2ad9736c3b3f5228d71fc77681394f4eb0764a92d1e84cace090af"", ""x2"": ""1d2819d5c71d6aaa642d841dc0ab28bb50298fa769b4d758713de7ba97b00640"", ""x3"": ""40f6b1c91a249eed4b2c74f539c3f2a135ae1094abf1981034acab64aba29a08"", ""x4"": ""5348cdb813a18552dd93d9a36400adeb9a23fb49178bc2a5ff75fc953e2e4995""}",0340047558809127cfbef95fc332f3ae1ce4145167192ddcfc30e1e5778e94dd,aefdce03def94ffed42159e55677ec20e91200e1981f25b1f271b6fd99c3c263,f6ec01703824bf29904dd28dbbd49c172a95197eec684e792c9f86639b8ab8c4,/4T/CXY/MV-Painter-r1color/1009/engineering/color_cast_repair_v2/runs/phase_b/predictions/eac4b392b7b448a2b6ec77e8936abe1b/embedding_only_dap0_dbp6.png,a2ff6239c475cc3b553b681445eda601e1b1d5f61d69bbdec6f34b1ef79c1aac
eac4b392b7b448a2b6ec77e8936abe1b,embedding_only_dap6_dbp0,embedding_only,6.0,0.0,5.9494452476501465,0.024615738540887833,0,14,True,1.6204159259796143,-0.2640085220336914,0.2721759436371152,1.6193097345216747,-0.34540557861328125,0.9887659549713135,"{""mid"": ""5348cdb813a18552dd93d9a36400adeb9a23fb49178bc2a5ff75fc953e2e4995"", ""up_0"": ""5348cdb813a18552dd93d9a36400adeb9a23fb49178bc2a5ff75fc953e2e4995"", ""up_1"": ""40f6b1c91a249eed4b2c74f539c3f2a135ae1094abf1981034acab64aba29a08"", ""up_2"": ""1d2819d5c71d6aaa642d841dc0ab28bb50298fa769b4d758713de7ba97b00640"", ""x1"": ""91a05c1ecf2ad9736c3b3f5228d71fc77681394f4eb0764a92d1e84cace090af"", ""x2"": ""1d2819d5c71d6aaa642d841dc0ab28bb50298fa769b4d758713de7ba97b00640"", ""x3"": ""40f6b1c91a249eed4b2c74f539c3f2a135ae1094abf1981034acab64aba29a08"", ""x4"": ""5348cdb813a18552dd93d9a36400adeb9a23fb49178bc2a5ff75fc953e2e4995""}",0340047558809127cfbef95fc332f3ae1ce4145167192ddcfc30e1e5778e94dd,aefdce03def94ffed42159e55677ec20e91200e1981f25b1f271b6fd99c3c263,f6ec01703824bf29904dd28dbbd49c172a95197eec684e792c9f86639b8ab8c4,/4T/CXY/MV-Painter-r1color/1009/engineering/color_cast_repair_v2/runs/phase_b/predictions/eac4b392b7b448a2b6ec77e8936abe1b/embedding_only_dap6_dbp0.png,df4b524d87bca1b30bdb561c1bdc8d6594147db9affc8d7a0fd17b48f397bbdc
eac4b392b7b448a2b6ec77e8936abe1b,embedding_only_dap6_dbp0,embedding_only,6.0,0.0,5.9494452476501465,0.024615738540887833,1,15,False,1.8337856531143188,-0.31171005964279175,0.30800595882211845,1.8324802726736118,-0.14202117919921875,0.9818378686904907,"{""mid"": ""5348cdb813a18552dd93d9a36400adeb9a23fb49178bc2a5ff75fc953e2e4995"", ""up_0"": ""5348cdb813a18552dd93d9a36400adeb9a23fb49178bc2a5ff75fc953e2e4995"", ""up_1"": ""40f6b1c91a249eed4b2c74f539c3f2a135ae1094abf1981034acab64aba29a08"", ""up_2"": ""1d2819d5c71d6aaa642d841dc0ab28bb50298fa769b4d758713de7ba97b00640"", ""x1"": ""91a05c1ecf2ad9736c3b3f5228d71fc77681394f4eb0764a92d1e84cace090af"", ""x2"": ""1d2819d5c71d6aaa642d841dc0ab28bb50298fa769b4d758713de7ba97b00640"", ""x3"": ""40f6b1c91a249eed4b2c74f539c3f2a135ae1094abf1981034acab64aba29a08"", ""x4"": ""5348cdb813a18552dd93d9a36400adeb9a23fb49178bc2a5ff75fc953e2e4995""}",0340047558809127cfbef95fc332f3ae1ce4145167192ddcfc30e1e5778e94dd,aefdce03def94ffed42159e55677ec20e91200e1981f25b1f271b6fd99c3c263,f6ec01703824bf29904dd28dbbd49c172a95197eec684e792c9f86639b8ab8c4,/4T/CXY/MV-Painter-r1color/1009/engineering/color_cast_repair_v2/runs/phase_b/predictions/eac4b392b7b448a2b6ec77e8936abe1b/embedding_only_dap6_dbp0.png,df4b524d87bca1b30bdb561c1bdc8d6594147db9affc8d7a0fd17b48f397bbdc
eac4b392b7b448a2b6ec77e8936abe1b,embedding_only_dap6_dbp0,embedding_only,6.0,0.0,5.9494452476501465,0.024615738540887833,2,0,False,1.3266053199768066,-0.29445022344589233,0.2227710808151528,1.325375692331025,-0.5004196166992188,0.9791877269744873,"{""mid"": ""5348cdb813a18552dd93d9a36400adeb9a23fb49178bc2a5ff75fc953e2e4995"", ""up_0"": ""5348cdb813a18552dd93d9a36400adeb9a23fb49178bc2a5ff75fc953e2e4995"", ""up_1"": ""40f6b1c91a249eed4b2c74f539c3f2a135ae1094abf1981034acab64aba29a08"", ""up_2"": ""1d2819d5c71d6aaa642d841dc0ab28bb50298fa769b4d758713de7ba97b00640"", ""x1"": ""91a05c1ecf2ad9736c3b3f5228d71fc77681394f4eb0764a92d1e84cace090af"", ""x2"": ""1d2819d5c71d6aaa642d841dc0ab28bb50298fa769b4d758713de7ba97b00640"", ""x3"": ""40f6b1c91a249eed4b2c74f539c3f2a135ae1094abf1981034acab64aba29a08"", ""x4"": ""5348cdb813a18552dd93d9a36400adeb9a23fb49178bc2a5ff75fc953e2e4995""}",0340047558809127cfbef95fc332f3ae1ce4145167192ddcfc30e1e5778e94dd,aefdce03def94ffed42159e55677ec20e91200e1981f25b1f271b6fd99c3c263,f6ec01703824bf29904dd28dbbd49c172a95197eec684e792c9f86639b8ab8c4,/4T/CXY/MV-Painter-r1color/1009/engineering/color_cast_repair_v2/runs/phase_b/predictions/eac4b392b7b448a2b6ec77e8936abe1b/embedding_only_dap6_dbp0.png,df4b524d87bca1b30bdb561c1bdc8d6594147db9affc8d7a0fd17b48f397bbdc
eac4b392b7b448a2b6ec77e8936abe1b,embedding_only_dap6_dbp0,embedding_only,6.0,0.0,5.9494452476501465,0.024615738540887833,3,16,False,1.5607836246490479,-0.25818705558776855,0.2621569935974489,1.5597020296227113,-0.6553325653076172,0.9816670417785645,"{""mid"": ""5348cdb813a18552dd93d9a36400adeb9a23fb49178bc2a5ff75fc953e2e4995"", ""up_0"": ""5348cdb813a18552dd93d9a36400adeb9a23fb49178bc2a5ff75fc953e2e4995"", ""up_1"": ""40f6b1c91a249eed4b2c74f539c3f2a135ae1094abf1981034acab64aba29a08"", ""up_2"": ""1d2819d5c71d6aaa642d841dc0ab28bb50298fa769b4d758713de7ba97b00640"", ""x1"": ""91a05c1ecf2ad9736c3b3f5228d71fc77681394f4eb0764a92d1e84cace090af"", ""x2"": ""1d2819d5c71d6aaa642d841dc0ab28bb50298fa769b4d758713de7ba97b00640"", ""x3"": ""40f6b1c91a249eed4b2c74f539c3f2a135ae1094abf1981034acab64aba29a08"", ""x4"": ""5348cdb813a18552dd93d9a36400adeb9a23fb49178bc2a5ff75fc953e2e4995""}",0340047558809127cfbef95fc332f3ae1ce4145167192ddcfc30e1e5778e94dd,aefdce03def94ffed42159e55677ec20e91200e1981f25b1f271b6fd99c3c263,f6ec01703824bf29904dd28dbbd49c172a95197eec684e792c9f86639b8ab8c4,/4T/CXY/MV-Painter-r1color/1009/engineering/color_cast_repair_v2/runs/phase_b/predictions/eac4b392b7b448a2b6ec77e8936abe1b/embedding_only_dap6_dbp0.png,df4b524d87bca1b30bdb561c1bdc8d6594147db9affc8d7a0fd17b48f397bbdc
eac4b392b7b448a2b6ec77e8936abe1b,embedding_only_dap6_dbp0,embedding_only,6.0,0.0,5.9494452476501465,0.024615738540887833,4,12,False,1.5288922786712646,-0.2770286202430725,0.25678359253801997,1.5277330005941085,-0.7234296798706055,0.9796437621116638,"{""mid"": ""5348cdb813a18552dd93d9a36400adeb9a23fb49178bc2a5ff75fc953e2e4995"", ""up_0"": ""5348cdb813a18552dd93d9a36400adeb9a23fb49178bc2a5ff75fc953e2e4995"", ""up_1"": ""40f6b1c91a249eed4b2c74f539c3f2a135ae1094abf1981034acab64aba29a08"", ""up_2"": ""1d2819d5c71d6aaa642d841dc0ab28bb50298fa769b4d758713de7ba97b00640"", ""x1"": ""91a05c1ecf2ad9736c3b3f5228d71fc77681394f4eb0764a92d1e84cace090af"", ""x2"": ""1d2819d5c71d6aaa642d841dc0ab28bb50298fa769b4d758713de7ba97b00640"", ""x3"": ""40f6b1c91a249eed4b2c74f539c3f2a135ae1094abf1981034acab64aba29a08"", ""x4"": ""5348cdb813a18552dd93d9a36400adeb9a23fb49178bc2a5ff75fc953e2e4995""}",0340047558809127cfbef95fc332f3ae1ce4145167192ddcfc30e1e5778e94dd,aefdce03def94ffed42159e55677ec20e91200e1981f25b1f271b6fd99c3c263,f6ec01703824bf29904dd28dbbd49c172a95197eec684e792c9f86639b8ab8c4,/4T/CXY/MV-Painter-r1color/1009/engineering/color_cast_repair_v2/runs/phase_b/predictions/eac4b392b7b448a2b6ec77e8936abe1b/embedding_only_dap6_dbp0.png,df4b524d87bca1b30bdb561c1bdc8d6594147db9affc8d7a0fd17b48f397bbdc
eac4b392b7b448a2b6ec77e8936abe1b,embedding_only_dap6_dbp0,embedding_only,6.0,0.0,5.9494452476501465,0.024615738540887833,5,13,False,1.3992316722869873,-0.3260170817375183,0.23495616713541945,1.397870816737398,-0.2993049621582031,0.9782290458679199,"{""mid"": ""5348cdb813a18552dd93d9a36400adeb9a23fb49178bc2a5ff75fc953e2e4995"", ""up_0"": ""5348cdb813a18552dd93d9a36400adeb9a23fb49178bc2a5ff75fc953e2e4995"", ""up_1"": ""40f6b1c91a249eed4b2c74f539c3f2a135ae1094abf1981034acab64aba29a08"", ""up_2"": ""1d2819d5c71d6aaa642d841dc0ab28bb50298fa769b4d758713de7ba97b00640"", ""x1"": ""91a05c1ecf2ad9736c3b3f5228d71fc77681394f4eb0764a92d1e84cace090af"", ""x2"": ""1d2819d5c71d6aaa642d841dc0ab28bb50298fa769b4d758713de7ba97b00640"", ""x3"": ""40f6b1c91a249eed4b2c74f539c3f2a135ae1094abf1981034acab64aba29a08"", ""x4"": ""5348cdb813a18552dd93d9a36400adeb9a23fb49178bc2a5ff75fc953e2e4995""}",0340047558809127cfbef95fc332f3ae1ce4145167192ddcfc30e1e5778e94dd,aefdce03def94ffed42159e55677ec20e91200e1981f25b1f271b6fd99c3c263,f6ec01703824bf29904dd28dbbd49c172a95197eec684e792c9f86639b8ab8c4,/4T/CXY/MV-Painter-r1color/1009/engineering/color_cast_repair_v2/runs/phase_b/predictions/eac4b392b7b448a2b6ec77e8936abe1b/embedding_only_dap6_dbp0.png,df4b524d87bca1b30bdb561c1bdc8d6594147db9affc8d7a0fd17b48f397bbdc
eac4b392b7b448a2b6ec77e8936abe1b,gfl_baseline,baseline,0.0,0.0,0.0,0.0,0,14,True,0.0,0.0,0.0,0.0,0.0,1.0,"{""mid"": ""5348cdb813a18552dd93d9a36400adeb9a23fb49178bc2a5ff75fc953e2e4995"", ""up_0"": ""5348cdb813a18552dd93d9a36400adeb9a23fb49178bc2a5ff75fc953e2e4995"", ""up_1"": ""40f6b1c91a249eed4b2c74f539c3f2a135ae1094abf1981034acab64aba29a08"", ""up_2"": ""1d2819d5c71d6aaa642d841dc0ab28bb50298fa769b4d758713de7ba97b00640"", ""x1"": ""91a05c1ecf2ad9736c3b3f5228d71fc77681394f4eb0764a92d1e84cace090af"", ""x2"": ""1d2819d5c71d6aaa642d841dc0ab28bb50298fa769b4d758713de7ba97b00640"", ""x3"": ""40f6b1c91a249eed4b2c74f539c3f2a135ae1094abf1981034acab64aba29a08"", ""x4"": ""5348cdb813a18552dd93d9a36400adeb9a23fb49178bc2a5ff75fc953e2e4995""}",0340047558809127cfbef95fc332f3ae1ce4145167192ddcfc30e1e5778e94dd,aefdce03def94ffed42159e55677ec20e91200e1981f25b1f271b6fd99c3c263,f6ec01703824bf29904dd28dbbd49c172a95197eec684e792c9f86639b8ab8c4,/4T/CXY/MV-Painter-r1color/1009/engineering/color_cast_repair_v2/runs/phase_b/predictions/eac4b392b7b448a2b6ec77e8936abe1b/gfl_baseline.png,e09d983d72d70dc8582118b080b1ffa96de71f0cd6fd5fedd89eb1e7e2a6c78e
eac4b392b7b448a2b6ec77e8936abe1b,gfl_baseline,baseline,0.0,0.0,0.0,0.0,1,15,False,0.0,0.0,0.0,0.0,0.0,1.0,"{""mid"": ""5348cdb813a18552dd93d9a36400adeb9a23fb49178bc2a5ff75fc953e2e4995"", ""up_0"": ""5348cdb813a18552dd93d9a36400adeb9a23fb49178bc2a5ff75fc953e2e4995"", ""up_1"": ""40f6b1c91a249eed4b2c74f539c3f2a135ae1094abf1981034acab64aba29a08"", ""up_2"": ""1d2819d5c71d6aaa642d841dc0ab28bb50298fa769b4d758713de7ba97b00640"", ""x1"": ""91a05c1ecf2ad9736c3b3f5228d71fc77681394f4eb0764a92d1e84cace090af"", ""x2"": ""1d2819d5c71d6aaa642d841dc0ab28bb50298fa769b4d758713de7ba97b00640"", ""x3"": ""40f6b1c91a249eed4b2c74f539c3f2a135ae1094abf1981034acab64aba29a08"", ""x4"": ""5348cdb813a18552dd93d9a36400adeb9a23fb49178bc2a5ff75fc953e2e4995""}",0340047558809127cfbef95fc332f3ae1ce4145167192ddcfc30e1e5778e94dd,aefdce03def94ffed42159e55677ec20e91200e1981f25b1f271b6fd99c3c263,f6ec01703824bf29904dd28dbbd49c172a95197eec684e792c9f86639b8ab8c4,/4T/CXY/MV-Painter-r1color/1009/engineering/color_cast_repair_v2/runs/phase_b/predictions/eac4b392b7b448a2b6ec77e8936abe1b/gfl_baseline.png,e09d983d72d70dc8582118b080b1ffa96de71f0cd6fd5fedd89eb1e7e2a6c78e
eac4b392b7b448a2b6ec77e8936abe1b,gfl_baseline,baseline,0.0,0.0,0.0,0.0,2,0,False,0.0,0.0,0.0,0.0,0.0,1.0,"{""mid"": ""5348cdb813a18552dd93d9a36400adeb9a23fb49178bc2a5ff75fc953e2e4995"", ""up_0"": ""5348cdb813a18552dd93d9a36400adeb9a23fb49178bc2a5ff75fc953e2e4995"", ""up_1"": ""40f6b1c91a249eed4b2c74f539c3f2a135ae1094abf1981034acab64aba29a08"", ""up_2"": ""1d2819d5c71d6aaa642d841dc0ab28bb50298fa769b4d758713de7ba97b00640"", ""x1"": ""91a05c1ecf2ad9736c3b3f5228d71fc77681394f4eb0764a92d1e84cace090af"", ""x2"": ""1d2819d5c71d6aaa642d841dc0ab28bb50298fa769b4d758713de7ba97b00640"", ""x3"": ""40f6b1c91a249eed4b2c74f539c3f2a135ae1094abf1981034acab64aba29a08"", ""x4"": ""5348cdb813a18552dd93d9a36400adeb9a23fb49178bc2a5ff75fc953e2e4995""}",0340047558809127cfbef95fc332f3ae1ce4145167192ddcfc30e1e5778e94dd,aefdce03def94ffed42159e55677ec20e91200e1981f25b1f271b6fd99c3c263,f6ec01703824bf29904dd28dbbd49c172a95197eec684e792c9f86639b8ab8c4,/4T/CXY/MV-Painter-r1color/1009/engineering/color_cast_repair_v2/runs/phase_b/predictions/eac4b392b7b448a2b6ec77e8936abe1b/gfl_baseline.png,e09d983d72d70dc8582118b080b1ffa96de71f0cd6fd5fedd89eb1e7e2a6c78e
eac4b392b7b448a2b6ec77e8936abe1b,gfl_baseline,baseline,0.0,0.0,0.0,0.0,3,16,False,0.0,0.0,0.0,0.0,0.0,1.0,"{""mid"": ""5348cdb813a18552dd93d9a36400adeb9a23fb49178bc2a5ff75fc953e2e4995"", ""up_0"": ""5348cdb813a18552dd93d9a36400adeb9a23fb49178bc2a5ff75fc953e2e4995"", ""up_1"": ""40f6b1c91a249eed4b2c74f539c3f2a135ae1094abf1981034acab64aba29a08"", ""up_2"": ""1d2819d5c71d6aaa642d841dc0ab28bb50298fa769b4d758713de7ba97b00640"", ""x1"": ""91a05c1ecf2ad9736c3b3f5228d71fc77681394f4eb0764a92d1e84cace090af"", ""x2"": ""1d2819d5c71d6aaa642d841dc0ab28bb50298fa769b4d758713de7ba97b00640"", ""x3"": ""40f6b1c91a249eed4b2c74f539c3f2a135ae1094abf1981034acab64aba29a08"", ""x4"": ""5348cdb813a18552dd93d9a36400adeb9a23fb49178bc2a5ff75fc953e2e4995""}",0340047558809127cfbef95fc332f3ae1ce4145167192ddcfc30e1e5778e94dd,aefdce03def94ffed42159e55677ec20e91200e1981f25b1f271b6fd99c3c263,f6ec01703824bf29904dd28dbbd49c172a95197eec684e792c9f86639b8ab8c4,/4T/CXY/MV-Painter-r1color/1009/engineering/color_cast_repair_v2/runs/phase_b/predictions/eac4b392b7b448a2b6ec77e8936abe1b/gfl_baseline.png,e09d983d72d70dc8582118b080b1ffa96de71f0cd6fd5fedd89eb1e7e2a6c78e
eac4b392b7b448a2b6ec77e8936abe1b,gfl_baseline,baseline,0.0,0.0,0.0,0.0,4,12,False,0.0,0.0,0.0,0.0,0.0,1.0,"{""mid"": ""5348cdb813a18552dd93d9a36400adeb9a23fb49178bc2a5ff75fc953e2e4995"", ""up_0"": ""5348cdb813a18552dd93d9a36400adeb9a23fb49178bc2a5ff75fc953e2e4995"", ""up_1"": ""40f6b1c91a249eed4b2c74f539c3f2a135ae1094abf1981034acab64aba29a08"", ""up_2"": ""1d2819d5c71d6aaa642d841dc0ab28bb50298fa769b4d758713de7ba97b00640"", ""x1"": ""91a05c1ecf2ad9736c3b3f5228d71fc77681394f4eb0764a92d1e84cace090af"", ""x2"": ""1d2819d5c71d6aaa642d841dc0ab28bb50298fa769b4d758713de7ba97b00640"", ""x3"": ""40f6b1c91a249eed4b2c74f539c3f2a135ae1094abf1981034acab64aba29a08"", ""x4"": ""5348cdb813a18552dd93d9a36400adeb9a23fb49178bc2a5ff75fc953e2e4995""}",0340047558809127cfbef95fc332f3ae1ce4145167192ddcfc30e1e5778e94dd,aefdce03def94ffed42159e55677ec20e91200e1981f25b1f271b6fd99c3c263,f6ec01703824bf29904dd28dbbd49c172a95197eec684e792c9f86639b8ab8c4,/4T/CXY/MV-Painter-r1color/1009/engineering/color_cast_repair_v2/runs/phase_b/predictions/eac4b392b7b448a2b6ec77e8936abe1b/gfl_baseline.png,e09d983d72d70dc8582118b080b1ffa96de71f0cd6fd5fedd89eb1e7e2a6c78e
eac4b392b7b448a2b6ec77e8936abe1b,gfl_baseline,baseline,0.0,0.0,0.0,0.0,5,13,False,0.0,0.0,0.0,0.0,0.0,1.0,"{""mid"": ""5348cdb813a18552dd93d9a36400adeb9a23fb49178bc2a5ff75fc953e2e4995"", ""up_0"": ""5348cdb813a18552dd93d9a36400adeb9a23fb49178bc2a5ff75fc953e2e4995"", ""up_1"": ""40f6b1c91a249eed4b2c74f539c3f2a135ae1094abf1981034acab64aba29a08"", ""up_2"": ""1d2819d5c71d6aaa642d841dc0ab28bb50298fa769b4d758713de7ba97b00640"", ""x1"": ""91a05c1ecf2ad9736c3b3f5228d71fc77681394f4eb0764a92d1e84cace090af"", ""x2"": ""1d2819d5c71d6aaa642d841dc0ab28bb50298fa769b4d758713de7ba97b00640"", ""x3"": ""40f6b1c91a249eed4b2c74f539c3f2a135ae1094abf1981034acab64aba29a08"", ""x4"": ""5348cdb813a18552dd93d9a36400adeb9a23fb49178bc2a5ff75fc953e2e4995""}",0340047558809127cfbef95fc332f3ae1ce4145167192ddcfc30e1e5778e94dd,aefdce03def94ffed42159e55677ec20e91200e1981f25b1f271b6fd99c3c263,f6ec01703824bf29904dd28dbbd49c172a95197eec684e792c9f86639b8ab8c4,/4T/CXY/MV-Painter-r1color/1009/engineering/color_cast_repair_v2/runs/phase_b/predictions/eac4b392b7b448a2b6ec77e8936abe1b/gfl_baseline.png,e09d983d72d70dc8582118b080b1ffa96de71f0cd6fd5fedd89eb1e7e2a6c78e
eac4b392b7b448a2b6ec77e8936abe1b,global_embedding_recomputed,embedding_cache_consistency_control,0.0,0.0,0.0,0.0,0,14,True,1.4117475748062134,-2.4661524295806885,0.0,0.0,0.16608619689941406,0.9232613444328308,"{""mid"": ""5348cdb813a18552dd93d9a36400adeb9a23fb49178bc2a5ff75fc953e2e4995"", ""up_0"": ""5348cdb813a18552dd93d9a36400adeb9a23fb49178bc2a5ff75fc953e2e4995"", ""up_1"": ""40f6b1c91a249eed4b2c74f539c3f2a135ae1094abf1981034acab64aba29a08"", ""up_2"": ""1d2819d5c71d6aaa642d841dc0ab28bb50298fa769b4d758713de7ba97b00640"", ""x1"": ""91a05c1ecf2ad9736c3b3f5228d71fc77681394f4eb0764a92d1e84cace090af"", ""x2"": ""1d2819d5c71d6aaa642d841dc0ab28bb50298fa769b4d758713de7ba97b00640"", ""x3"": ""40f6b1c91a249eed4b2c74f539c3f2a135ae1094abf1981034acab64aba29a08"", ""x4"": ""5348cdb813a18552dd93d9a36400adeb9a23fb49178bc2a5ff75fc953e2e4995""}",0340047558809127cfbef95fc332f3ae1ce4145167192ddcfc30e1e5778e94dd,aefdce03def94ffed42159e55677ec20e91200e1981f25b1f271b6fd99c3c263,f6ec01703824bf29904dd28dbbd49c172a95197eec684e792c9f86639b8ab8c4,/4T/CXY/MV-Painter-r1color/1009/engineering/color_cast_repair_v2/runs/phase_b/predictions/eac4b392b7b448a2b6ec77e8936abe1b/global_embedding_recomputed.png,cb95d6c8a93132cd15521c678059ca80ad8be84c0e1c65aac5d17a5913cae847
eac4b392b7b448a2b6ec77e8936abe1b,global_embedding_recomputed,embedding_cache_consistency_control,0.0,0.0,0.0,0.0,1,15,False,1.527193546295166,-2.4774012565612793,0.0,0.0,0.8232383728027344,0.9238278269767761,"{""mid"": ""5348cdb813a18552dd93d9a36400adeb9a23fb49178bc2a5ff75fc953e2e4995"", ""up_0"": ""5348cdb813a18552dd93d9a36400adeb9a23fb49178bc2a5ff75fc953e2e4995"", ""up_1"": ""40f6b1c91a249eed4b2c74f539c3f2a135ae1094abf1981034acab64aba29a08"", ""up_2"": ""1d2819d5c71d6aaa642d841dc0ab28bb50298fa769b4d758713de7ba97b00640"", ""x1"": ""91a05c1ecf2ad9736c3b3f5228d71fc77681394f4eb0764a92d1e84cace090af"", ""x2"": ""1d2819d5c71d6aaa642d841dc0ab28bb50298fa769b4d758713de7ba97b00640"", ""x3"": ""40f6b1c91a249eed4b2c74f539c3f2a135ae1094abf1981034acab64aba29a08"", ""x4"": ""5348cdb813a18552dd93d9a36400adeb9a23fb49178bc2a5ff75fc953e2e4995""}",0340047558809127cfbef95fc332f3ae1ce4145167192ddcfc30e1e5778e94dd,aefdce03def94ffed42159e55677ec20e91200e1981f25b1f271b6fd99c3c263,f6ec01703824bf29904dd28dbbd49c172a95197eec684e792c9f86639b8ab8c4,/4T/CXY/MV-Painter-r1color/1009/engineering/color_cast_repair_v2/runs/phase_b/predictions/eac4b392b7b448a2b6ec77e8936abe1b/global_embedding_recomputed.png,cb95d6c8a93132cd15521c678059ca80ad8be84c0e1c65aac5d17a5913cae847
eac4b392b7b448a2b6ec77e8936abe1b,global_embedding_recomputed,embedding_cache_consistency_control,0.0,0.0,0.0,0.0,2,0,False,0.8372816443443298,-2.309264659881592,0.0,0.0,0.14551925659179688,0.9056084752082825,"{""mid"": ""5348cdb813a18552dd93d9a36400adeb9a23fb49178bc2a5ff75fc953e2e4995"", ""up_0"": ""5348cdb813a18552dd93d9a36400adeb9a23fb49178bc2a5ff75fc953e2e4995"", ""up_1"": ""40f6b1c91a249eed4b2c74f539c3f2a135ae1094abf1981034acab64aba29a08"", ""up_2"": ""1d2819d5c71d6aaa642d841dc0ab28bb50298fa769b4d758713de7ba97b00640"", ""x1"": ""91a05c1ecf2ad9736c3b3f5228d71fc77681394f4eb0764a92d1e84cace090af"", ""x2"": ""1d2819d5c71d6aaa642d841dc0ab28bb50298fa769b4d758713de7ba97b00640"", ""x3"": ""40f6b1c91a249eed4b2c74f539c3f2a135ae1094abf1981034acab64aba29a08"", ""x4"": ""5348cdb813a18552dd93d9a36400adeb9a23fb49178bc2a5ff75fc953e2e4995""}",0340047558809127cfbef95fc332f3ae1ce4145167192ddcfc30e1e5778e94dd,aefdce03def94ffed42159e55677ec20e91200e1981f25b1f271b6fd99c3c263,f6ec01703824bf29904dd28dbbd49c172a95197eec684e792c9f86639b8ab8c4,/4T/CXY/MV-Painter-r1color/1009/engineering/color_cast_repair_v2/runs/phase_b/predictions/eac4b392b7b448a2b6ec77e8936abe1b/global_embedding_recomputed.png,cb95d6c8a93132cd15521c678059ca80ad8be84c0e1c65aac5d17a5913cae847
eac4b392b7b448a2b6ec77e8936abe1b,global_embedding_recomputed,embedding_cache_consistency_control,0.0,0.0,0.0,0.0,3,16,False,1.4342390298843384,-2.6770710945129395,0.0,0.0,0.11436843872070312,0.9308878779411316,"{""mid"": ""5348cdb813a18552dd93d9a36400adeb9a23fb49178bc2a5ff75fc953e2e4995"", ""up_0"": ""5348cdb813a18552dd93d9a36400adeb9a23fb49178bc2a5ff75fc953e2e4995"", ""up_1"": ""40f6b1c91a249eed4b2c74f539c3f2a135ae1094abf1981034acab64aba29a08"", ""up_2"": ""1d2819d5c71d6aaa642d841dc0ab28bb50298fa769b4d758713de7ba97b00640"", ""x1"": ""91a05c1ecf2ad9736c3b3f5228d71fc77681394f4eb0764a92d1e84cace090af"", ""x2"": ""1d2819d5c71d6aaa642d841dc0ab28bb50298fa769b4d758713de7ba97b00640"", ""x3"": ""40f6b1c91a249eed4b2c74f539c3f2a135ae1094abf1981034acab64aba29a08"", ""x4"": ""5348cdb813a18552dd93d9a36400adeb9a23fb49178bc2a5ff75fc953e2e4995""}",0340047558809127cfbef95fc332f3ae1ce4145167192ddcfc30e1e5778e94dd,aefdce03def94ffed42159e55677ec20e91200e1981f25b1f271b6fd99c3c263,f6ec01703824bf29904dd28dbbd49c172a95197eec684e792c9f86639b8ab8c4,/4T/CXY/MV-Painter-r1color/1009/engineering/color_cast_repair_v2/runs/phase_b/predictions/eac4b392b7b448a2b6ec77e8936abe1b/global_embedding_recomputed.png,cb95d6c8a93132cd15521c678059ca80ad8be84c0e1c65aac5d17a5913cae847
eac4b392b7b448a2b6ec77e8936abe1b,global_embedding_recomputed,embedding_cache_consistency_control,0.0,0.0,0.0,0.0,4,12,False,0.8512834310531616,-2.253570795059204,0.0,0.0,-0.10958480834960938,0.9480515718460083,"{""mid"": ""5348cdb813a18552dd93d9a36400adeb9a23fb49178bc2a5ff75fc953e2e4995"", ""up_0"": ""5348cdb813a18552dd93d9a36400adeb9a23fb49178bc2a5ff75fc953e2e4995"", ""up_1"": ""40f6b1c91a249eed4b2c74f539c3f2a135ae1094abf1981034acab64aba29a08"", ""up_2"": ""1d2819d5c71d6aaa642d841dc0ab28bb50298fa769b4d758713de7ba97b00640"", ""x1"": ""91a05c1ecf2ad9736c3b3f5228d71fc77681394f4eb0764a92d1e84cace090af"", ""x2"": ""1d2819d5c71d6aaa642d841dc0ab28bb50298fa769b4d758713de7ba97b00640"", ""x3"": ""40f6b1c91a249eed4b2c74f539c3f2a135ae1094abf1981034acab64aba29a08"", ""x4"": ""5348cdb813a18552dd93d9a36400adeb9a23fb49178bc2a5ff75fc953e2e4995""}",0340047558809127cfbef95fc332f3ae1ce4145167192ddcfc30e1e5778e94dd,aefdce03def94ffed42159e55677ec20e91200e1981f25b1f271b6fd99c3c263,f6ec01703824bf29904dd28dbbd49c172a95197eec684e792c9f86639b8ab8c4,/4T/CXY/MV-Painter-r1color/1009/engineering/color_cast_repair_v2/runs/phase_b/predictions/eac4b392b7b448a2b6ec77e8936abe1b/global_embedding_recomputed.png,cb95d6c8a93132cd15521c678059ca80ad8be84c0e1c65aac5d17a5913cae847
eac4b392b7b448a2b6ec77e8936abe1b,global_embedding_recomputed,embedding_cache_consistency_control,0.0,0.0,0.0,0.0,5,13,False,0.7423632740974426,-2.2687716484069824,0.0,0.0,0.44793128967285156,0.9360754489898682,"{""mid"": ""5348cdb813a18552dd93d9a36400adeb9a23fb49178bc2a5ff75fc953e2e4995"", ""up_0"": ""5348cdb813a18552dd93d9a36400adeb9a23fb49178bc2a5ff75fc953e2e4995"", ""up_1"": ""40f6b1c91a249eed4b2c74f539c3f2a135ae1094abf1981034acab64aba29a08"", ""up_2"": ""1d2819d5c71d6aaa642d841dc0ab28bb50298fa769b4d758713de7ba97b00640"", ""x1"": ""91a05c1ecf2ad9736c3b3f5228d71fc77681394f4eb0764a92d1e84cace090af"", ""x2"": ""1d2819d5c71d6aaa642d841dc0ab28bb50298fa769b4d758713de7ba97b00640"", ""x3"": ""40f6b1c91a249eed4b2c74f539c3f2a135ae1094abf1981034acab64aba29a08"", ""x4"": ""5348cdb813a18552dd93d9a36400adeb9a23fb49178bc2a5ff75fc953e2e4995""}",0340047558809127cfbef95fc332f3ae1ce4145167192ddcfc30e1e5778e94dd,aefdce03def94ffed42159e55677ec20e91200e1981f25b1f271b6fd99c3c263,f6ec01703824bf29904dd28dbbd49c172a95197eec684e792c9f86639b8ab8c4,/4T/CXY/MV-Painter-r1color/1009/engineering/color_cast_repair_v2/runs/phase_b/predictions/eac4b392b7b448a2b6ec77e8936abe1b/global_embedding_recomputed.png,cb95d6c8a93132cd15521c678059ca80ad8be84c0e1c65aac5d17a5913cae847
eac4b392b7b448a2b6ec77e8936abe1b,layer_llh,adapter_reference,0.0,0.0,0.0,0.0,0,14,True,-3.58122181892395,-0.03791303187608719,0.0,0.0,7.88795280456543,0.6370670795440674,"{""mid"": ""5348cdb813a18552dd93d9a36400adeb9a23fb49178bc2a5ff75fc953e2e4995"", ""up_0"": ""5348cdb813a18552dd93d9a36400adeb9a23fb49178bc2a5ff75fc953e2e4995"", ""up_1"": ""40f6b1c91a249eed4b2c74f539c3f2a135ae1094abf1981034acab64aba29a08"", ""up_2"": ""1d2819d5c71d6aaa642d841dc0ab28bb50298fa769b4d758713de7ba97b00640"", ""x1"": ""91a05c1ecf2ad9736c3b3f5228d71fc77681394f4eb0764a92d1e84cace090af"", ""x2"": ""1d2819d5c71d6aaa642d841dc0ab28bb50298fa769b4d758713de7ba97b00640"", ""x3"": ""40f6b1c91a249eed4b2c74f539c3f2a135ae1094abf1981034acab64aba29a08"", ""x4"": ""5348cdb813a18552dd93d9a36400adeb9a23fb49178bc2a5ff75fc953e2e4995""}",0340047558809127cfbef95fc332f3ae1ce4145167192ddcfc30e1e5778e94dd,aefdce03def94ffed42159e55677ec20e91200e1981f25b1f271b6fd99c3c263,f6ec01703824bf29904dd28dbbd49c172a95197eec684e792c9f86639b8ab8c4,/4T/CXY/MV-Painter-r1color/1009/engineering/color_cast_repair_v2/runs/phase_b/predictions/eac4b392b7b448a2b6ec77e8936abe1b/layer_llh.png,c33d1770976538677326ec5f767a342f4ff2f449ad7071c5d548866d2c1c65cf
eac4b392b7b448a2b6ec77e8936abe1b,layer_llh,adapter_reference,0.0,0.0,0.0,0.0,1,15,False,-5.09788703918457,-0.026645848527550697,0.0,0.0,9.4656982421875,0.611863374710083,"{""mid"": ""5348cdb813a18552dd93d9a36400adeb9a23fb49178bc2a5ff75fc953e2e4995"", ""up_0"": ""5348cdb813a18552dd93d9a36400adeb9a23fb49178bc2a5ff75fc953e2e4995"", ""up_1"": ""40f6b1c91a249eed4b2c74f539c3f2a135ae1094abf1981034acab64aba29a08"", ""up_2"": ""1d2819d5c71d6aaa642d841dc0ab28bb50298fa769b4d758713de7ba97b00640"", ""x1"": ""91a05c1ecf2ad9736c3b3f5228d71fc77681394f4eb0764a92d1e84cace090af"", ""x2"": ""1d2819d5c71d6aaa642d841dc0ab28bb50298fa769b4d758713de7ba97b00640"", ""x3"": ""40f6b1c91a249eed4b2c74f539c3f2a135ae1094abf1981034acab64aba29a08"", ""x4"": ""5348cdb813a18552dd93d9a36400adeb9a23fb49178bc2a5ff75fc953e2e4995""}",0340047558809127cfbef95fc332f3ae1ce4145167192ddcfc30e1e5778e94dd,aefdce03def94ffed42159e55677ec20e91200e1981f25b1f271b6fd99c3c263,f6ec01703824bf29904dd28dbbd49c172a95197eec684e792c9f86639b8ab8c4,/4T/CXY/MV-Painter-r1color/1009/engineering/color_cast_repair_v2/runs/phase_b/predictions/eac4b392b7b448a2b6ec77e8936abe1b/layer_llh.png,c33d1770976538677326ec5f767a342f4ff2f449ad7071c5d548866d2c1c65cf
eac4b392b7b448a2b6ec77e8936abe1b,layer_llh,adapter_reference,0.0,0.0,0.0,0.0,2,0,False,-3.4340522289276123,0.1536051332950592,0.0,0.0,11.462486267089844,0.5559079051017761,"{""mid"": ""5348cdb813a18552dd93d9a36400adeb9a23fb49178bc2a5ff75fc953e2e4995"", ""up_0"": ""5348cdb813a18552dd93d9a36400adeb9a23fb49178bc2a5ff75fc953e2e4995"", ""up_1"": ""40f6b1c91a249eed4b2c74f539c3f2a135ae1094abf1981034acab64aba29a08"", ""up_2"": ""1d2819d5c71d6aaa642d841dc0ab28bb50298fa769b4d758713de7ba97b00640"", ""x1"": ""91a05c1ecf2ad9736c3b3f5228d71fc77681394f4eb0764a92d1e84cace090af"", ""x2"": ""1d2819d5c71d6aaa642d841dc0ab28bb50298fa769b4d758713de7ba97b00640"", ""x3"": ""40f6b1c91a249eed4b2c74f539c3f2a135ae1094abf1981034acab64aba29a08"", ""x4"": ""5348cdb813a18552dd93d9a36400adeb9a23fb49178bc2a5ff75fc953e2e4995""}",0340047558809127cfbef95fc332f3ae1ce4145167192ddcfc30e1e5778e94dd,aefdce03def94ffed42159e55677ec20e91200e1981f25b1f271b6fd99c3c263,f6ec01703824bf29904dd28dbbd49c172a95197eec684e792c9f86639b8ab8c4,/4T/CXY/MV-Painter-r1color/1009/engineering/color_cast_repair_v2/runs/phase_b/predictions/eac4b392b7b448a2b6ec77e8936abe1b/layer_llh.png,c33d1770976538677326ec5f767a342f4ff2f449ad7071c5d548866d2c1c65cf
eac4b392b7b448a2b6ec77e8936abe1b,layer_llh,adapter_reference,0.0,0.0,0.0,0.0,3,16,False,-4.586324214935303,-0.2712816894054413,0.0,0.0,12.885307312011719,0.6153221726417542,"{""mid"": ""5348cdb813a18552dd93d9a36400adeb9a23fb49178bc2a5ff75fc953e2e4995"", ""up_0"": ""5348cdb813a18552dd93d9a36400adeb9a23fb49178bc2a5ff75fc953e2e4995"", ""up_1"": ""40f6b1c91a249eed4b2c74f539c3f2a135ae1094abf1981034acab64aba29a08"", ""up_2"": ""1d2819d5c71d6aaa642d841dc0ab28bb50298fa769b4d758713de7ba97b00640"", ""x1"": ""91a05c1ecf2ad9736c3b3f5228d71fc77681394f4eb0764a92d1e84cace090af"", ""x2"": ""1d2819d5c71d6aaa642d841dc0ab28bb50298fa769b4d758713de7ba97b00640"", ""x3"": ""40f6b1c91a249eed4b2c74f539c3f2a135ae1094abf1981034acab64aba29a08"", ""x4"": ""5348cdb813a18552dd93d9a36400adeb9a23fb49178bc2a5ff75fc953e2e4995""}",0340047558809127cfbef95fc332f3ae1ce4145167192ddcfc30e1e5778e94dd,aefdce03def94ffed42159e55677ec20e91200e1981f25b1f271b6fd99c3c263,f6ec01703824bf29904dd28dbbd49c172a95197eec684e792c9f86639b8ab8c4,/4T/CXY/MV-Painter-r1color/1009/engineering/color_cast_repair_v2/runs/phase_b/predictions/eac4b392b7b448a2b6ec77e8936abe1b/layer_llh.png,c33d1770976538677326ec5f767a342f4ff2f449ad7071c5d548866d2c1c65cf
eac4b392b7b448a2b6ec77e8936abe1b,layer_llh,adapter_reference,0.0,0.0,0.0,0.0,4,12,False,-3.3352973461151123,0.5824950337409973,0.0,0.0,12.524686813354492,0.6525241732597351,"{""mid"": ""5348cdb813a18552dd93d9a36400adeb9a23fb49178bc2a5ff75fc953e2e4995"", ""up_0"": ""5348cdb813a18552dd93d9a36400adeb9a23fb49178bc2a5ff75fc953e2e4995"", ""up_1"": ""40f6b1c91a249eed4b2c74f539c3f2a135ae1094abf1981034acab64aba29a08"", ""up_2"": ""1d2819d5c71d6aaa642d841dc0ab28bb50298fa769b4d758713de7ba97b00640"", ""x1"": ""91a05c1ecf2ad9736c3b3f5228d71fc77681394f4eb0764a92d1e84cace090af"", ""x2"": ""1d2819d5c71d6aaa642d841dc0ab28bb50298fa769b4d758713de7ba97b00640"", ""x3"": ""40f6b1c91a249eed4b2c74f539c3f2a135ae1094abf1981034acab64aba29a08"", ""x4"": ""5348cdb813a18552dd93d9a36400adeb9a23fb49178bc2a5ff75fc953e2e4995""}",0340047558809127cfbef95fc332f3ae1ce4145167192ddcfc30e1e5778e94dd,aefdce03def94ffed42159e55677ec20e91200e1981f25b1f271b6fd99c3c263,f6ec01703824bf29904dd28dbbd49c172a95197eec684e792c9f86639b8ab8c4,/4T/CXY/MV-Painter-r1color/1009/engineering/color_cast_repair_v2/runs/phase_b/predictions/eac4b392b7b448a2b6ec77e8936abe1b/layer_llh.png,c33d1770976538677326ec5f767a342f4ff2f449ad7071c5d548866d2c1c65cf
eac4b392b7b448a2b6ec77e8936abe1b,layer_llh,adapter_reference,0.0,0.0,0.0,0.0,5,13,False,-5.1236572265625,0.16716040670871735,0.0,0.0,9.704484939575195,0.6053091287612915,"{""mid"": ""5348cdb813a18552dd93d9a36400adeb9a23fb49178bc2a5ff75fc953e2e4995"", ""up_0"": ""5348cdb813a18552dd93d9a36400adeb9a23fb49178bc2a5ff75fc953e2e4995"", ""up_1"": ""40f6b1c91a249eed4b2c74f539c3f2a135ae1094abf1981034acab64aba29a08"", ""up_2"": ""1d2819d5c71d6aaa642d841dc0ab28bb50298fa769b4d758713de7ba97b00640"", ""x1"": ""91a05c1ecf2ad9736c3b3f5228d71fc77681394f4eb0764a92d1e84cace090af"", ""x2"": ""1d2819d5c71d6aaa642d841dc0ab28bb50298fa769b4d758713de7ba97b00640"", ""x3"": ""40f6b1c91a249eed4b2c74f539c3f2a135ae1094abf1981034acab64aba29a08"", ""x4"": ""5348cdb813a18552dd93d9a36400adeb9a23fb49178bc2a5ff75fc953e2e4995""}",0340047558809127cfbef95fc332f3ae1ce4145167192ddcfc30e1e5778e94dd,aefdce03def94ffed42159e55677ec20e91200e1981f25b1f271b6fd99c3c263,f6ec01703824bf29904dd28dbbd49c172a95197eec684e792c9f86639b8ab8c4,/4T/CXY/MV-Painter-r1color/1009/engineering/color_cast_repair_v2/runs/phase_b/predictions/eac4b392b7b448a2b6ec77e8936abe1b/layer_llh.png,c33d1770976538677326ec5f767a342f4ff2f449ad7071c5d548866d2c1c65cf
eac4b392b7b448a2b6ec77e8936abe1b,no_adapter,adapter_reference,0.0,0.0,0.0,0.0,0,14,True,-11.827756881713867,-4.1950836181640625,0.0,0.0,30.877410888671875,0.2045603096485138,"{""mid"": ""5348cdb813a18552dd93d9a36400adeb9a23fb49178bc2a5ff75fc953e2e4995"", ""up_0"": ""5348cdb813a18552dd93d9a36400adeb9a23fb49178bc2a5ff75fc953e2e4995"", ""up_1"": ""40f6b1c91a249eed4b2c74f539c3f2a135ae1094abf1981034acab64aba29a08"", ""up_2"": ""1d2819d5c71d6aaa642d841dc0ab28bb50298fa769b4d758713de7ba97b00640"", ""x1"": ""91a05c1ecf2ad9736c3b3f5228d71fc77681394f4eb0764a92d1e84cace090af"", ""x2"": ""1d2819d5c71d6aaa642d841dc0ab28bb50298fa769b4d758713de7ba97b00640"", ""x3"": ""40f6b1c91a249eed4b2c74f539c3f2a135ae1094abf1981034acab64aba29a08"", ""x4"": ""5348cdb813a18552dd93d9a36400adeb9a23fb49178bc2a5ff75fc953e2e4995""}",0340047558809127cfbef95fc332f3ae1ce4145167192ddcfc30e1e5778e94dd,aefdce03def94ffed42159e55677ec20e91200e1981f25b1f271b6fd99c3c263,f6ec01703824bf29904dd28dbbd49c172a95197eec684e792c9f86639b8ab8c4,/4T/CXY/MV-Painter-r1color/1009/engineering/color_cast_repair_v2/runs/phase_b/predictions/eac4b392b7b448a2b6ec77e8936abe1b/no_adapter.png,f9245e9691b25f9c9344b256e63615302911a20a2db1cb91fd008ab472783b30
eac4b392b7b448a2b6ec77e8936abe1b,no_adapter,adapter_reference,0.0,0.0,0.0,0.0,1,15,False,-11.977922439575195,-2.3383429050445557,0.0,0.0,32.57406997680664,0.2243514358997345,"{""mid"": ""5348cdb813a18552dd93d9a36400adeb9a23fb49178bc2a5ff75fc953e2e4995"", ""up_0"": ""5348cdb813a18552dd93d9a36400adeb9a23fb49178bc2a5ff75fc953e2e4995"", ""up_1"": ""40f6b1c91a249eed4b2c74f539c3f2a135ae1094abf1981034acab64aba29a08"", ""up_2"": ""1d2819d5c71d6aaa642d841dc0ab28bb50298fa769b4d758713de7ba97b00640"", ""x1"": ""91a05c1ecf2ad9736c3b3f5228d71fc77681394f4eb0764a92d1e84cace090af"", ""x2"": ""1d2819d5c71d6aaa642d841dc0ab28bb50298fa769b4d758713de7ba97b00640"", ""x3"": ""40f6b1c91a249eed4b2c74f539c3f2a135ae1094abf1981034acab64aba29a08"", ""x4"": ""5348cdb813a18552dd93d9a36400adeb9a23fb49178bc2a5ff75fc953e2e4995""}",0340047558809127cfbef95fc332f3ae1ce4145167192ddcfc30e1e5778e94dd,aefdce03def94ffed42159e55677ec20e91200e1981f25b1f271b6fd99c3c263,f6ec01703824bf29904dd28dbbd49c172a95197eec684e792c9f86639b8ab8c4,/4T/CXY/MV-Painter-r1color/1009/engineering/color_cast_repair_v2/runs/phase_b/predictions/eac4b392b7b448a2b6ec77e8936abe1b/no_adapter.png,f9245e9691b25f9c9344b256e63615302911a20a2db1cb91fd008ab472783b30
eac4b392b7b448a2b6ec77e8936abe1b,no_adapter,adapter_reference,0.0,0.0,0.0,0.0,2,0,False,-11.874717712402344,-12.036994934082031,0.0,0.0,36.65766716003418,0.19512683153152466,"{""mid"": ""5348cdb813a18552dd93d9a36400adeb9a23fb49178bc2a5ff75fc953e2e4995"", ""up_0"": ""5348cdb813a18552dd93d9a36400adeb9a23fb49178bc2a5ff75fc953e2e4995"", ""up_1"": ""40f6b1c91a249eed4b2c74f539c3f2a135ae1094abf1981034acab64aba29a08"", ""up_2"": ""1d2819d5c71d6aaa642d841dc0ab28bb50298fa769b4d758713de7ba97b00640"", ""x1"": ""91a05c1ecf2ad9736c3b3f5228d71fc77681394f4eb0764a92d1e84cace090af"", ""x2"": ""1d2819d5c71d6aaa642d841dc0ab28bb50298fa769b4d758713de7ba97b00640"", ""x3"": ""40f6b1c91a249eed4b2c74f539c3f2a135ae1094abf1981034acab64aba29a08"", ""x4"": ""5348cdb813a18552dd93d9a36400adeb9a23fb49178bc2a5ff75fc953e2e4995""}",0340047558809127cfbef95fc332f3ae1ce4145167192ddcfc30e1e5778e94dd,aefdce03def94ffed42159e55677ec20e91200e1981f25b1f271b6fd99c3c263,f6ec01703824bf29904dd28dbbd49c172a95197eec684e792c9f86639b8ab8c4,/4T/CXY/MV-Painter-r1color/1009/engineering/color_cast_repair_v2/runs/phase_b/predictions/eac4b392b7b448a2b6ec77e8936abe1b/no_adapter.png,f9245e9691b25f9c9344b256e63615302911a20a2db1cb91fd008ab472783b30
eac4b392b7b448a2b6ec77e8936abe1b,no_adapter,adapter_reference,0.0,0.0,0.0,0.0,3,16,False,-14.23000431060791,-13.198649406433105,0.0,0.0,40.54692459106445,0.23358722031116486,"{""mid"": ""5348cdb813a18552dd93d9a36400adeb9a23fb49178bc2a5ff75fc953e2e4995"", ""up_0"": ""5348cdb813a18552dd93d9a36400adeb9a23fb49178bc2a5ff75fc953e2e4995"", ""up_1"": ""40f6b1c91a249eed4b2c74f539c3f2a135ae1094abf1981034acab64aba29a08"", ""up_2"": ""1d2819d5c71d6aaa642d841dc0ab28bb50298fa769b4d758713de7ba97b00640"", ""x1"": ""91a05c1ecf2ad9736c3b3f5228d71fc77681394f4eb0764a92d1e84cace090af"", ""x2"": ""1d2819d5c71d6aaa642d841dc0ab28bb50298fa769b4d758713de7ba97b00640"", ""x3"": ""40f6b1c91a249eed4b2c74f539c3f2a135ae1094abf1981034acab64aba29a08"", ""x4"": ""5348cdb813a18552dd93d9a36400adeb9a23fb49178bc2a5ff75fc953e2e4995""}",0340047558809127cfbef95fc332f3ae1ce4145167192ddcfc30e1e5778e94dd,aefdce03def94ffed42159e55677ec20e91200e1981f25b1f271b6fd99c3c263,f6ec01703824bf29904dd28dbbd49c172a95197eec684e792c9f86639b8ab8c4,/4T/CXY/MV-Painter-r1color/1009/engineering/color_cast_repair_v2/runs/phase_b/predictions/eac4b392b7b448a2b6ec77e8936abe1b/no_adapter.png,f9245e9691b25f9c9344b256e63615302911a20a2db1cb91fd008ab472783b30
eac4b392b7b448a2b6ec77e8936abe1b,no_adapter,adapter_reference,0.0,0.0,0.0,0.0,4,12,False,-8.938237190246582,-6.721981048583984,0.0,0.0,25.554059982299805,0.17984317243099213,"{""mid"": ""5348cdb813a18552dd93d9a36400adeb9a23fb49178bc2a5ff75fc953e2e4995"", ""up_0"": ""5348cdb813a18552dd93d9a36400adeb9a23fb49178bc2a5ff75fc953e2e4995"", ""up_1"": ""40f6b1c91a249eed4b2c74f539c3f2a135ae1094abf1981034acab64aba29a08"", ""up_2"": ""1d2819d5c71d6aaa642d841dc0ab28bb50298fa769b4d758713de7ba97b00640"", ""x1"": ""91a05c1ecf2ad9736c3b3f5228d71fc77681394f4eb0764a92d1e84cace090af"", ""x2"": ""1d2819d5c71d6aaa642d841dc0ab28bb50298fa769b4d758713de7ba97b00640"", ""x3"": ""40f6b1c91a249eed4b2c74f539c3f2a135ae1094abf1981034acab64aba29a08"", ""x4"": ""5348cdb813a18552dd93d9a36400adeb9a23fb49178bc2a5ff75fc953e2e4995""}",0340047558809127cfbef95fc332f3ae1ce4145167192ddcfc30e1e5778e94dd,aefdce03def94ffed42159e55677ec20e91200e1981f25b1f271b6fd99c3c263,f6ec01703824bf29904dd28dbbd49c172a95197eec684e792c9f86639b8ab8c4,/4T/CXY/MV-Painter-r1color/1009/engineering/color_cast_repair_v2/runs/phase_b/predictions/eac4b392b7b448a2b6ec77e8936abe1b/no_adapter.png,f9245e9691b25f9c9344b256e63615302911a20a2db1cb91fd008ab472783b30
eac4b392b7b448a2b6ec77e8936abe1b,no_adapter,adapter_reference,0.0,0.0,0.0,0.0,5,13,False,-7.652130126953125,-3.331589460372925,0.0,0.0,19.420278549194336,0.12319719046354294,"{""mid"": ""5348cdb813a18552dd93d9a36400adeb9a23fb49178bc2a5ff75fc953e2e4995"", ""up_0"": ""5348cdb813a18552dd93d9a36400adeb9a23fb49178bc2a5ff75fc953e2e4995"", ""up_1"": ""40f6b1c91a249eed4b2c74f539c3f2a135ae1094abf1981034acab64aba29a08"", ""up_2"": ""1d2819d5c71d6aaa642d841dc0ab28bb50298fa769b4d758713de7ba97b00640"", ""x1"": ""91a05c1ecf2ad9736c3b3f5228d71fc77681394f4eb0764a92d1e84cace090af"", ""x2"": ""1d2819d5c71d6aaa642d841dc0ab28bb50298fa769b4d758713de7ba97b00640"", ""x3"": ""40f6b1c91a249eed4b2c74f539c3f2a135ae1094abf1981034acab64aba29a08"", ""x4"": ""5348cdb813a18552dd93d9a36400adeb9a23fb49178bc2a5ff75fc953e2e4995""}",0340047558809127cfbef95fc332f3ae1ce4145167192ddcfc30e1e5778e94dd,aefdce03def94ffed42159e55677ec20e91200e1981f25b1f271b6fd99c3c263,f6ec01703824bf29904dd28dbbd49c172a95197eec684e792c9f86639b8ab8c4,/4T/CXY/MV-Painter-r1color/1009/engineering/color_cast_repair_v2/runs/phase_b/predictions/eac4b392b7b448a2b6ec77e8936abe1b/no_adapter.png,f9245e9691b25f9c9344b256e63615302911a20a2db1cb91fd008ab472783b30
eac4b392b7b448a2b6ec77e8936abe1b,vae_and_embedding_dam6_dbp0,vae_and_embedding,-6.0,0.0,-5.924061298370361,0.020740240812301636,0,14,True,-2.248255491256714,0.9404547810554504,0.380063663947862,2.25153424104824,0.7731056213378906,0.9737012982368469,"{""mid"": ""5348cdb813a18552dd93d9a36400adeb9a23fb49178bc2a5ff75fc953e2e4995"", ""up_0"": ""5348cdb813a18552dd93d9a36400adeb9a23fb49178bc2a5ff75fc953e2e4995"", ""up_1"": ""40f6b1c91a249eed4b2c74f539c3f2a135ae1094abf1981034acab64aba29a08"", ""up_2"": ""1d2819d5c71d6aaa642d841dc0ab28bb50298fa769b4d758713de7ba97b00640"", ""x1"": ""91a05c1ecf2ad9736c3b3f5228d71fc77681394f4eb0764a92d1e84cace090af"", ""x2"": ""1d2819d5c71d6aaa642d841dc0ab28bb50298fa769b4d758713de7ba97b00640"", ""x3"": ""40f6b1c91a249eed4b2c74f539c3f2a135ae1094abf1981034acab64aba29a08"", ""x4"": ""5348cdb813a18552dd93d9a36400adeb9a23fb49178bc2a5ff75fc953e2e4995""}",0340047558809127cfbef95fc332f3ae1ce4145167192ddcfc30e1e5778e94dd,aefdce03def94ffed42159e55677ec20e91200e1981f25b1f271b6fd99c3c263,f8d879a1775171963689250e45773a5c3811706dc37420562ffbcf29668b0aba,/4T/CXY/MV-Painter-r1color/1009/engineering/color_cast_repair_v2/runs/phase_b/predictions/eac4b392b7b448a2b6ec77e8936abe1b/vae_and_embedding_dam6_dbp0.png,79a4db96f42cb9e6d7b540d93e0eca476cc84e9bcbab960d5daea81733e68288
eac4b392b7b448a2b6ec77e8936abe1b,vae_and_embedding_dam6_dbp0,vae_and_embedding,-6.0,0.0,-5.924061298370361,0.020740240812301636,1,15,False,-2.3520758152008057,1.0884268283843994,0.39767609104933543,2.3558719782447466,0.3893013000488281,0.9600479602813721,"{""mid"": ""5348cdb813a18552dd93d9a36400adeb9a23fb49178bc2a5ff75fc953e2e4995"", ""up_0"": ""5348cdb813a18552dd93d9a36400adeb9a23fb49178bc2a5ff75fc953e2e4995"", ""up_1"": ""40f6b1c91a249eed4b2c74f539c3f2a135ae1094abf1981034acab64aba29a08"", ""up_2"": ""1d2819d5c71d6aaa642d841dc0ab28bb50298fa769b4d758713de7ba97b00640"", ""x1"": ""91a05c1ecf2ad9736c3b3f5228d71fc77681394f4eb0764a92d1e84cace090af"", ""x2"": ""1d2819d5c71d6aaa642d841dc0ab28bb50298fa769b4d758713de7ba97b00640"", ""x3"": ""40f6b1c91a249eed4b2c74f539c3f2a135ae1094abf1981034acab64aba29a08"", ""x4"": ""5348cdb813a18552dd93d9a36400adeb9a23fb49178bc2a5ff75fc953e2e4995""}",0340047558809127cfbef95fc332f3ae1ce4145167192ddcfc30e1e5778e94dd,aefdce03def94ffed42159e55677ec20e91200e1981f25b1f271b6fd99c3c263,f8d879a1775171963689250e45773a5c3811706dc37420562ffbcf29668b0aba,/4T/CXY/MV-Painter-r1color/1009/engineering/color_cast_repair_v2/runs/phase_b/predictions/eac4b392b7b448a2b6ec77e8936abe1b/vae_and_embedding_dam6_dbp0.png,79a4db96f42cb9e6d7b540d93e0eca476cc84e9bcbab960d5daea81733e68288
eac4b392b7b448a2b6ec77e8936abe1b,vae_and_embedding_dam6_dbp0,vae_and_embedding,-6.0,0.0,-5.924061298370361,0.020740240812301636,2,0,False,-1.7944309711456299,0.8020880818367004,0.30337583899483145,1.7972280809704155,0.9090919494628906,0.9562756419181824,"{""mid"": ""5348cdb813a18552dd93d9a36400adeb9a23fb49178bc2a5ff75fc953e2e4995"", ""up_0"": ""5348cdb813a18552dd93d9a36400adeb9a23fb49178bc2a5ff75fc953e2e4995"", ""up_1"": ""40f6b1c91a249eed4b2c74f539c3f2a135ae1094abf1981034acab64aba29a08"", ""up_2"": ""1d2819d5c71d6aaa642d841dc0ab28bb50298fa769b4d758713de7ba97b00640"", ""x1"": ""91a05c1ecf2ad9736c3b3f5228d71fc77681394f4eb0764a92d1e84cace090af"", ""x2"": ""1d2819d5c71d6aaa642d841dc0ab28bb50298fa769b4d758713de7ba97b00640"", ""x3"": ""40f6b1c91a249eed4b2c74f539c3f2a135ae1094abf1981034acab64aba29a08"", ""x4"": ""5348cdb813a18552dd93d9a36400adeb9a23fb49178bc2a5ff75fc953e2e4995""}",0340047558809127cfbef95fc332f3ae1ce4145167192ddcfc30e1e5778e94dd,aefdce03def94ffed42159e55677ec20e91200e1981f25b1f271b6fd99c3c263,f8d879a1775171963689250e45773a5c3811706dc37420562ffbcf29668b0aba,/4T/CXY/MV-Painter-r1color/1009/engineering/color_cast_repair_v2/runs/phase_b/predictions/eac4b392b7b448a2b6ec77e8936abe1b/vae_and_embedding_dam6_dbp0.png,79a4db96f42cb9e6d7b540d93e0eca476cc84e9bcbab960d5daea81733e68288
eac4b392b7b448a2b6ec77e8936abe1b,vae_and_embedding_dam6_dbp0,vae_and_embedding,-6.0,0.0,-5.924061298370361,0.020740240812301636,3,16,False,-2.4756052494049072,1.1280637979507446,0.41855141321299405,2.479539424261997,1.4363079071044922,0.9607107043266296,"{""mid"": ""5348cdb813a18552dd93d9a36400adeb9a23fb49178bc2a5ff75fc953e2e4995"", ""up_0"": ""5348cdb813a18552dd93d9a36400adeb9a23fb49178bc2a5ff75fc953e2e4995"", ""up_1"": ""40f6b1c91a249eed4b2c74f539c3f2a135ae1094abf1981034acab64aba29a08"", ""up_2"": ""1d2819d5c71d6aaa642d841dc0ab28bb50298fa769b4d758713de7ba97b00640"", ""x1"": ""91a05c1ecf2ad9736c3b3f5228d71fc77681394f4eb0764a92d1e84cace090af"", ""x2"": ""1d2819d5c71d6aaa642d841dc0ab28bb50298fa769b4d758713de7ba97b00640"", ""x3"": ""40f6b1c91a249eed4b2c74f539c3f2a135ae1094abf1981034acab64aba29a08"", ""x4"": ""5348cdb813a18552dd93d9a36400adeb9a23fb49178bc2a5ff75fc953e2e4995""}",0340047558809127cfbef95fc332f3ae1ce4145167192ddcfc30e1e5778e94dd,aefdce03def94ffed42159e55677ec20e91200e1981f25b1f271b6fd99c3c263,f8d879a1775171963689250e45773a5c3811706dc37420562ffbcf29668b0aba,/4T/CXY/MV-Painter-r1color/1009/engineering/color_cast_repair_v2/runs/phase_b/predictions/eac4b392b7b448a2b6ec77e8936abe1b/vae_and_embedding_dam6_dbp0.png,79a4db96f42cb9e6d7b540d93e0eca476cc84e9bcbab960d5daea81733e68288
eac4b392b7b448a2b6ec77e8936abe1b,vae_and_embedding_dam6_dbp0,vae_and_embedding,-6.0,0.0,-5.924061298370361,0.020740240812301636,4,12,False,-2.4105448722839355,0.8889660239219666,0.40742785261314723,2.413642365561942,1.5347652435302734,0.9499834179878235,"{""mid"": ""5348cdb813a18552dd93d9a36400adeb9a23fb49178bc2a5ff75fc953e2e4995"", ""up_0"": ""5348cdb813a18552dd93d9a36400adeb9a23fb49178bc2a5ff75fc953e2e4995"", ""up_1"": ""40f6b1c91a249eed4b2c74f539c3f2a135ae1094abf1981034acab64aba29a08"", ""up_2"": ""1d2819d5c71d6aaa642d841dc0ab28bb50298fa769b4d758713de7ba97b00640"", ""x1"": ""91a05c1ecf2ad9736c3b3f5228d71fc77681394f4eb0764a92d1e84cace090af"", ""x2"": ""1d2819d5c71d6aaa642d841dc0ab28bb50298fa769b4d758713de7ba97b00640"", ""x3"": ""40f6b1c91a249eed4b2c74f539c3f2a135ae1094abf1981034acab64aba29a08"", ""x4"": ""5348cdb813a18552dd93d9a36400adeb9a23fb49178bc2a5ff75fc953e2e4995""}",0340047558809127cfbef95fc332f3ae1ce4145167192ddcfc30e1e5778e94dd,aefdce03def94ffed42159e55677ec20e91200e1981f25b1f271b6fd99c3c263,f8d879a1775171963689250e45773a5c3811706dc37420562ffbcf29668b0aba,/4T/CXY/MV-Painter-r1color/1009/engineering/color_cast_repair_v2/runs/phase_b/predictions/eac4b392b7b448a2b6ec77e8936abe1b/vae_and_embedding_dam6_dbp0.png,79a4db96f42cb9e6d7b540d93e0eca476cc84e9bcbab960d5daea81733e68288
eac4b392b7b448a2b6ec77e8936abe1b,vae_and_embedding_dam6_dbp0,vae_and_embedding,-6.0,0.0,-5.924061298370361,0.020740240812301636,5,13,False,-2.382500171661377,0.9966179132461548,0.40275749743218486,2.3859747256235018,0.9155826568603516,0.9481233358383179,"{""mid"": ""5348cdb813a18552dd93d9a36400adeb9a23fb49178bc2a5ff75fc953e2e4995"", ""up_0"": ""5348cdb813a18552dd93d9a36400adeb9a23fb49178bc2a5ff75fc953e2e4995"", ""up_1"": ""40f6b1c91a249eed4b2c74f539c3f2a135ae1094abf1981034acab64aba29a08"", ""up_2"": ""1d2819d5c71d6aaa642d841dc0ab28bb50298fa769b4d758713de7ba97b00640"", ""x1"": ""91a05c1ecf2ad9736c3b3f5228d71fc77681394f4eb0764a92d1e84cace090af"", ""x2"": ""1d2819d5c71d6aaa642d841dc0ab28bb50298fa769b4d758713de7ba97b00640"", ""x3"": ""40f6b1c91a249eed4b2c74f539c3f2a135ae1094abf1981034acab64aba29a08"", ""x4"": ""5348cdb813a18552dd93d9a36400adeb9a23fb49178bc2a5ff75fc953e2e4995""}",0340047558809127cfbef95fc332f3ae1ce4145167192ddcfc30e1e5778e94dd,aefdce03def94ffed42159e55677ec20e91200e1981f25b1f271b6fd99c3c263,f8d879a1775171963689250e45773a5c3811706dc37420562ffbcf29668b0aba,/4T/CXY/MV-Painter-r1color/1009/engineering/color_cast_repair_v2/runs/phase_b/predictions/eac4b392b7b448a2b6ec77e8936abe1b/vae_and_embedding_dam6_dbp0.png,79a4db96f42cb9e6d7b540d93e0eca476cc84e9bcbab960d5daea81733e68288
eac4b392b7b448a2b6ec77e8936abe1b,vae_and_embedding_dap0_dbm6,vae_and_embedding,0.0,-6.0,0.005174204241484404,-5.982059955596924,0,14,True,-0.4610276222229004,-1.240816354751587,0.2073561061657982,1.240417123248423,0.27932167053222656,0.9896937012672424,"{""mid"": ""5348cdb813a18552dd93d9a36400adeb9a23fb49178bc2a5ff75fc953e2e4995"", ""up_0"": ""5348cdb813a18552dd93d9a36400adeb9a23fb49178bc2a5ff75fc953e2e4995"", ""up_1"": ""40f6b1c91a249eed4b2c74f539c3f2a135ae1094abf1981034acab64aba29a08"", ""up_2"": ""1d2819d5c71d6aaa642d841dc0ab28bb50298fa769b4d758713de7ba97b00640"", ""x1"": ""91a05c1ecf2ad9736c3b3f5228d71fc77681394f4eb0764a92d1e84cace090af"", ""x2"": ""1d2819d5c71d6aaa642d841dc0ab28bb50298fa769b4d758713de7ba97b00640"", ""x3"": ""40f6b1c91a249eed4b2c74f539c3f2a135ae1094abf1981034acab64aba29a08"", ""x4"": ""5348cdb813a18552dd93d9a36400adeb9a23fb49178bc2a5ff75fc953e2e4995""}",0340047558809127cfbef95fc332f3ae1ce4145167192ddcfc30e1e5778e94dd,aefdce03def94ffed42159e55677ec20e91200e1981f25b1f271b6fd99c3c263,b6385c571e49d1a1c7a0d45aa88bfefdb51837779da5f7abc20920e8668ba76e,/4T/CXY/MV-Painter-r1color/1009/engineering/color_cast_repair_v2/runs/phase_b/predictions/eac4b392b7b448a2b6ec77e8936abe1b/vae_and_embedding_dap0_dbm6.png,61bfe05a11e8a7cf5f20eea6be6065edcff05b361ff5d278ad6de50f1a7320fd
eac4b392b7b448a2b6ec77e8936abe1b,vae_and_embedding_dap0_dbm6,vae_and_embedding,0.0,-6.0,0.005174204241484404,-5.982059955596924,1,15,False,-0.4636496603488922,-1.2481769323349,0.20858616808285715,1.2477754301379038,0.39394187927246094,0.9890010356903076,"{""mid"": ""5348cdb813a18552dd93d9a36400adeb9a23fb49178bc2a5ff75fc953e2e4995"", ""up_0"": ""5348cdb813a18552dd93d9a36400adeb9a23fb49178bc2a5ff75fc953e2e4995"", ""up_1"": ""40f6b1c91a249eed4b2c74f539c3f2a135ae1094abf1981034acab64aba29a08"", ""up_2"": ""1d2819d5c71d6aaa642d841dc0ab28bb50298fa769b4d758713de7ba97b00640"", ""x1"": ""91a05c1ecf2ad9736c3b3f5228d71fc77681394f4eb0764a92d1e84cace090af"", ""x2"": ""1d2819d5c71d6aaa642d841dc0ab28bb50298fa769b4d758713de7ba97b00640"", ""x3"": ""40f6b1c91a249eed4b2c74f539c3f2a135ae1094abf1981034acab64aba29a08"", ""x4"": ""5348cdb813a18552dd93d9a36400adeb9a23fb49178bc2a5ff75fc953e2e4995""}",0340047558809127cfbef95fc332f3ae1ce4145167192ddcfc30e1e5778e94dd,aefdce03def94ffed42159e55677ec20e91200e1981f25b1f271b6fd99c3c263,b6385c571e49d1a1c7a0d45aa88bfefdb51837779da5f7abc20920e8668ba76e,/4T/CXY/MV-Painter-r1color/1009/engineering/color_cast_repair_v2/runs/phase_b/predictions/eac4b392b7b448a2b6ec77e8936abe1b/vae_and_embedding_dap0_dbm6.png,61bfe05a11e8a7cf5f20eea6be6065edcff05b361ff5d278ad6de50f1a7320fd
eac4b392b7b448a2b6ec77e8936abe1b,vae_and_embedding_dap0_dbm6,vae_and_embedding,0.0,-6.0,0.005174204241484404,-5.982059955596924,2,0,False,-0.42862653732299805,-1.1368517875671387,0.1899814117024063,1.1364806203784839,0.4307136535644531,0.9884331226348877,"{""mid"": ""5348cdb813a18552dd93d9a36400adeb9a23fb49178bc2a5ff75fc953e2e4995"", ""up_0"": ""5348cdb813a18552dd93d9a36400adeb9a23fb49178bc2a5ff75fc953e2e4995"", ""up_1"": ""40f6b1c91a249eed4b2c74f539c3f2a135ae1094abf1981034acab64aba29a08"", ""up_2"": ""1d2819d5c71d6aaa642d841dc0ab28bb50298fa769b4d758713de7ba97b00640"", ""x1"": ""91a05c1ecf2ad9736c3b3f5228d71fc77681394f4eb0764a92d1e84cace090af"", ""x2"": ""1d2819d5c71d6aaa642d841dc0ab28bb50298fa769b4d758713de7ba97b00640"", ""x3"": ""40f6b1c91a249eed4b2c74f539c3f2a135ae1094abf1981034acab64aba29a08"", ""x4"": ""5348cdb813a18552dd93d9a36400adeb9a23fb49178bc2a5ff75fc953e2e4995""}",0340047558809127cfbef95fc332f3ae1ce4145167192ddcfc30e1e5778e94dd,aefdce03def94ffed42159e55677ec20e91200e1981f25b1f271b6fd99c3c263,b6385c571e49d1a1c7a0d45aa88bfefdb51837779da5f7abc20920e8668ba76e,/4T/CXY/MV-Painter-r1color/1009/engineering/color_cast_repair_v2/runs/phase_b/predictions/eac4b392b7b448a2b6ec77e8936abe1b/vae_and_embedding_dap0_dbm6.png,61bfe05a11e8a7cf5f20eea6be6065edcff05b361ff5d278ad6de50f1a7320fd
eac4b392b7b448a2b6ec77e8936abe1b,vae_and_embedding_dap0_dbm6,vae_and_embedding,0.0,-6.0,0.005174204241484404,-5.982059955596924,3,16,False,-0.4622902274131775,-1.2308337688446045,0.20568717094837283,1.2304334489811628,0.3740348815917969,0.9896430969238281,"{""mid"": ""5348cdb813a18552dd93d9a36400adeb9a23fb49178bc2a5ff75fc953e2e4995"", ""up_0"": ""5348cdb813a18552dd93d9a36400adeb9a23fb49178bc2a5ff75fc953e2e4995"", ""up_1"": ""40f6b1c91a249eed4b2c74f539c3f2a135ae1094abf1981034acab64aba29a08"", ""up_2"": ""1d2819d5c71d6aaa642d841dc0ab28bb50298fa769b4d758713de7ba97b00640"", ""x1"": ""91a05c1ecf2ad9736c3b3f5228d71fc77681394f4eb0764a92d1e84cace090af"", ""x2"": ""1d2819d5c71d6aaa642d841dc0ab28bb50298fa769b4d758713de7ba97b00640"", ""x3"": ""40f6b1c91a249eed4b2c74f539c3f2a135ae1094abf1981034acab64aba29a08"", ""x4"": ""5348cdb813a18552dd93d9a36400adeb9a23fb49178bc2a5ff75fc953e2e4995""}",0340047558809127cfbef95fc332f3ae1ce4145167192ddcfc30e1e5778e94dd,aefdce03def94ffed42159e55677ec20e91200e1981f25b1f271b6fd99c3c263,b6385c571e49d1a1c7a0d45aa88bfefdb51837779da5f7abc20920e8668ba76e,/4T/CXY/MV-Painter-r1color/1009/engineering/color_cast_repair_v2/runs/phase_b/predictions/eac4b392b7b448a2b6ec77e8936abe1b/vae_and_embedding_dap0_dbm6.png,61bfe05a11e8a7cf5f20eea6be6065edcff05b361ff5d278ad6de50f1a7320fd
eac4b392b7b448a2b6ec77e8936abe1b,vae_and_embedding_dap0_dbm6,vae_and_embedding,0.0,-6.0,0.005174204241484404,-5.982059955596924,4,12,False,-0.5402625203132629,-1.2886179685592651,0.21533547179254034,1.2881501846908325,0.28497314453125,0.9807500243186951,"{""mid"": ""5348cdb813a18552dd93d9a36400adeb9a23fb49178bc2a5ff75fc953e2e4995"", ""up_0"": ""5348cdb813a18552dd93d9a36400adeb9a23fb49178bc2a5ff75fc953e2e4995"", ""up_1"": ""40f6b1c91a249eed4b2c74f539c3f2a135ae1094abf1981034acab64aba29a08"", ""up_2"": ""1d2819d5c71d6aaa642d841dc0ab28bb50298fa769b4d758713de7ba97b00640"", ""x1"": ""91a05c1ecf2ad9736c3b3f5228d71fc77681394f4eb0764a92d1e84cace090af"", ""x2"": ""1d2819d5c71d6aaa642d841dc0ab28bb50298fa769b4d758713de7ba97b00640"", ""x3"": ""40f6b1c91a249eed4b2c74f539c3f2a135ae1094abf1981034acab64aba29a08"", ""x4"": ""5348cdb813a18552dd93d9a36400adeb9a23fb49178bc2a5ff75fc953e2e4995""}",0340047558809127cfbef95fc332f3ae1ce4145167192ddcfc30e1e5778e94dd,aefdce03def94ffed42159e55677ec20e91200e1981f25b1f271b6fd99c3c263,b6385c571e49d1a1c7a0d45aa88bfefdb51837779da5f7abc20920e8668ba76e,/4T/CXY/MV-Painter-r1color/1009/engineering/color_cast_repair_v2/runs/phase_b/predictions/eac4b392b7b448a2b6ec77e8936abe1b/vae_and_embedding_dap0_dbm6.png,61bfe05a11e8a7cf5f20eea6be6065edcff05b361ff5d278ad6de50f1a7320fd
eac4b392b7b448a2b6ec77e8936abe1b,vae_and_embedding_dap0_dbm6,vae_and_embedding,0.0,-6.0,0.005174204241484404,-5.982059955596924,5,13,False,-0.6186008453369141,-1.0609169006347656,0.1772601836431734,1.060381442952748,0.3189735412597656,0.9711351990699768,"{""mid"": ""5348cdb813a18552dd93d9a36400adeb9a23fb49178bc2a5ff75fc953e2e4995"", ""up_0"": ""5348cdb813a18552dd93d9a36400adeb9a23fb49178bc2a5ff75fc953e2e4995"", ""up_1"": ""40f6b1c91a249eed4b2c74f539c3f2a135ae1094abf1981034acab64aba29a08"", ""up_2"": ""1d2819d5c71d6aaa642d841dc0ab28bb50298fa769b4d758713de7ba97b00640"", ""x1"": ""91a05c1ecf2ad9736c3b3f5228d71fc77681394f4eb0764a92d1e84cace090af"", ""x2"": ""1d2819d5c71d6aaa642d841dc0ab28bb50298fa769b4d758713de7ba97b00640"", ""x3"": ""40f6b1c91a249eed4b2c74f539c3f2a135ae1094abf1981034acab64aba29a08"", ""x4"": ""5348cdb813a18552dd93d9a36400adeb9a23fb49178bc2a5ff75fc953e2e4995""}",0340047558809127cfbef95fc332f3ae1ce4145167192ddcfc30e1e5778e94dd,aefdce03def94ffed42159e55677ec20e91200e1981f25b1f271b6fd99c3c263,b6385c571e49d1a1c7a0d45aa88bfefdb51837779da5f7abc20920e8668ba76e,/4T/CXY/MV-Painter-r1color/1009/engineering/color_cast_repair_v2/runs/phase_b/predictions/eac4b392b7b448a2b6ec77e8936abe1b/vae_and_embedding_dap0_dbm6.png,61bfe05a11e8a7cf5f20eea6be6065edcff05b361ff5d278ad6de50f1a7320fd
eac4b392b7b448a2b6ec77e8936abe1b,vae_and_embedding_dap0_dbp6,vae_and_embedding,0.0,6.0,0.09908938407897949,5.708980560302734,0,14,True,-0.1712578982114792,1.981465220451355,0.3464536028288939,1.9781947887909226,0.4566516876220703,0.9798696637153625,"{""mid"": ""5348cdb813a18552dd93d9a36400adeb9a23fb49178bc2a5ff75fc953e2e4995"", ""up_0"": ""5348cdb813a18552dd93d9a36400adeb9a23fb49178bc2a5ff75fc953e2e4995"", ""up_1"": ""40f6b1c91a249eed4b2c74f539c3f2a135ae1094abf1981034acab64aba29a08"", ""up_2"": ""1d2819d5c71d6aaa642d841dc0ab28bb50298fa769b4d758713de7ba97b00640"", ""x1"": ""91a05c1ecf2ad9736c3b3f5228d71fc77681394f4eb0764a92d1e84cace090af"", ""x2"": ""1d2819d5c71d6aaa642d841dc0ab28bb50298fa769b4d758713de7ba97b00640"", ""x3"": ""40f6b1c91a249eed4b2c74f539c3f2a135ae1094abf1981034acab64aba29a08"", ""x4"": ""5348cdb813a18552dd93d9a36400adeb9a23fb49178bc2a5ff75fc953e2e4995""}",0340047558809127cfbef95fc332f3ae1ce4145167192ddcfc30e1e5778e94dd,aefdce03def94ffed42159e55677ec20e91200e1981f25b1f271b6fd99c3c263,b0b9c5d33edd94a5e4d4b4fe31a1dbcf0fe4f12e18cd36a4cebcbeabb18943ee,/4T/CXY/MV-Painter-r1color/1009/engineering/color_cast_repair_v2/runs/phase_b/predictions/eac4b392b7b448a2b6ec77e8936abe1b/vae_and_embedding_dap0_dbp6.png,9ec0b08e7447f7d95b70fc84d9a468daf0dceec2ac7ef0b8eafeb034125f0e82
eac4b392b7b448a2b6ec77e8936abe1b,vae_and_embedding_dap0_dbp6,vae_and_embedding,0.0,6.0,0.09908938407897949,5.708980560302734,1,15,False,-0.3294777572154999,2.0113556385040283,0.3512068261601384,2.005334935543765,0.46184539794921875,0.9837077260017395,"{""mid"": ""5348cdb813a18552dd93d9a36400adeb9a23fb49178bc2a5ff75fc953e2e4995"", ""up_0"": ""5348cdb813a18552dd93d9a36400adeb9a23fb49178bc2a5ff75fc953e2e4995"", ""up_1"": ""40f6b1c91a249eed4b2c74f539c3f2a135ae1094abf1981034acab64aba29a08"", ""up_2"": ""1d2819d5c71d6aaa642d841dc0ab28bb50298fa769b4d758713de7ba97b00640"", ""x1"": ""91a05c1ecf2ad9736c3b3f5228d71fc77681394f4eb0764a92d1e84cace090af"", ""x2"": ""1d2819d5c71d6aaa642d841dc0ab28bb50298fa769b4d758713de7ba97b00640"", ""x3"": ""40f6b1c91a249eed4b2c74f539c3f2a135ae1094abf1981034acab64aba29a08"", ""x4"": ""5348cdb813a18552dd93d9a36400adeb9a23fb49178bc2a5ff75fc953e2e4995""}",0340047558809127cfbef95fc332f3ae1ce4145167192ddcfc30e1e5778e94dd,aefdce03def94ffed42159e55677ec20e91200e1981f25b1f271b6fd99c3c263,b0b9c5d33edd94a5e4d4b4fe31a1dbcf0fe4f12e18cd36a4cebcbeabb18943ee,/4T/CXY/MV-Painter-r1color/1009/engineering/color_cast_repair_v2/runs/phase_b/predictions/eac4b392b7b448a2b6ec77e8936abe1b/vae_and_embedding_dap0_dbp6.png,9ec0b08e7447f7d95b70fc84d9a468daf0dceec2ac7ef0b8eafeb034125f0e82
eac4b392b7b448a2b6ec77e8936abe1b,vae_and_embedding_dap0_dbp6,vae_and_embedding,0.0,6.0,0.09908938407897949,5.708980560302734,2,0,False,0.011958792805671692,1.825831651687622,0.31975748679760596,1.8257642261330607,0.39422607421875,0.9682062864303589,"{""mid"": ""5348cdb813a18552dd93d9a36400adeb9a23fb49178bc2a5ff75fc953e2e4995"", ""up_0"": ""5348cdb813a18552dd93d9a36400adeb9a23fb49178bc2a5ff75fc953e2e4995"", ""up_1"": ""40f6b1c91a249eed4b2c74f539c3f2a135ae1094abf1981034acab64aba29a08"", ""up_2"": ""1d2819d5c71d6aaa642d841dc0ab28bb50298fa769b4d758713de7ba97b00640"", ""x1"": ""91a05c1ecf2ad9736c3b3f5228d71fc77681394f4eb0764a92d1e84cace090af"", ""x2"": ""1d2819d5c71d6aaa642d841dc0ab28bb50298fa769b4d758713de7ba97b00640"", ""x3"": ""40f6b1c91a249eed4b2c74f539c3f2a135ae1094abf1981034acab64aba29a08"", ""x4"": ""5348cdb813a18552dd93d9a36400adeb9a23fb49178bc2a5ff75fc953e2e4995""}",0340047558809127cfbef95fc332f3ae1ce4145167192ddcfc30e1e5778e94dd,aefdce03def94ffed42159e55677ec20e91200e1981f25b1f271b6fd99c3c263,b0b9c5d33edd94a5e4d4b4fe31a1dbcf0fe4f12e18cd36a4cebcbeabb18943ee,/4T/CXY/MV-Painter-r1color/1009/engineering/color_cast_repair_v2/runs/phase_b/predictions/eac4b392b7b448a2b6ec77e8936abe1b/vae_and_embedding_dap0_dbp6.png,9ec0b08e7447f7d95b70fc84d9a468daf0dceec2ac7ef0b8eafeb034125f0e82
eac4b392b7b448a2b6ec77e8936abe1b,vae_and_embedding_dap0_dbp6,vae_and_embedding,0.0,6.0,0.09908938407897949,5.708980560302734,3,16,False,-0.18627464771270752,2.00264573097229,0.35011687823867776,1.9991115068344618,1.0402202606201172,0.9794204831123352,"{""mid"": ""5348cdb813a18552dd93d9a36400adeb9a23fb49178bc2a5ff75fc953e2e4995"", ""up_0"": ""5348cdb813a18552dd93d9a36400adeb9a23fb49178bc2a5ff75fc953e2e4995"", ""up_1"": ""40f6b1c91a249eed4b2c74f539c3f2a135ae1094abf1981034acab64aba29a08"", ""up_2"": ""1d2819d5c71d6aaa642d841dc0ab28bb50298fa769b4d758713de7ba97b00640"", ""x1"": ""91a05c1ecf2ad9736c3b3f5228d71fc77681394f4eb0764a92d1e84cace090af"", ""x2"": ""1d2819d5c71d6aaa642d841dc0ab28bb50298fa769b4d758713de7ba97b00640"", ""x3"": ""40f6b1c91a249eed4b2c74f539c3f2a135ae1094abf1981034acab64aba29a08"", ""x4"": ""5348cdb813a18552dd93d9a36400adeb9a23fb49178bc2a5ff75fc953e2e4995""}",0340047558809127cfbef95fc332f3ae1ce4145167192ddcfc30e1e5778e94dd,aefdce03def94ffed42159e55677ec20e91200e1981f25b1f271b6fd99c3c263,b0b9c5d33edd94a5e4d4b4fe31a1dbcf0fe4f12e18cd36a4cebcbeabb18943ee,/4T/CXY/MV-Painter-r1color/1009/engineering/color_cast_repair_v2/runs/phase_b/predictions/eac4b392b7b448a2b6ec77e8936abe1b/vae_and_embedding_dap0_dbp6.png,9ec0b08e7447f7d95b70fc84d9a468daf0dceec2ac7ef0b8eafeb034125f0e82
eac4b392b7b448a2b6ec77e8936abe1b,vae_and_embedding_dap0_dbp6,vae_and_embedding,0.0,6.0,0.09908938407897949,5.708980560302734,4,12,False,-0.14766785502433777,1.897943139076233,0.33189976030895496,1.8950946703486677,0.9805183410644531,0.9789639115333557,"{""mid"": ""5348cdb813a18552dd93d9a36400adeb9a23fb49178bc2a5ff75fc953e2e4995"", ""up_0"": ""5348cdb813a18552dd93d9a36400adeb9a23fb49178bc2a5ff75fc953e2e4995"", ""up_1"": ""40f6b1c91a249eed4b2c74f539c3f2a135ae1094abf1981034acab64aba29a08"", ""up_2"": ""1d2819d5c71d6aaa642d841dc0ab28bb50298fa769b4d758713de7ba97b00640"", ""x1"": ""91a05c1ecf2ad9736c3b3f5228d71fc77681394f4eb0764a92d1e84cace090af"", ""x2"": ""1d2819d5c71d6aaa642d841dc0ab28bb50298fa769b4d758713de7ba97b00640"", ""x3"": ""40f6b1c91a249eed4b2c74f539c3f2a135ae1094abf1981034acab64aba29a08"", ""x4"": ""5348cdb813a18552dd93d9a36400adeb9a23fb49178bc2a5ff75fc953e2e4995""}",0340047558809127cfbef95fc332f3ae1ce4145167192ddcfc30e1e5778e94dd,aefdce03def94ffed42159e55677ec20e91200e1981f25b1f271b6fd99c3c263,b0b9c5d33edd94a5e4d4b4fe31a1dbcf0fe4f12e18cd36a4cebcbeabb18943ee,/4T/CXY/MV-Painter-r1color/1009/engineering/color_cast_repair_v2/runs/phase_b/predictions/eac4b392b7b448a2b6ec77e8936abe1b/vae_and_embedding_dap0_dbp6.png,9ec0b08e7447f7d95b70fc84d9a468daf0dceec2ac7ef0b8eafeb034125f0e82
eac4b392b7b448a2b6ec77e8936abe1b,vae_and_embedding_dap0_dbp6,vae_and_embedding,0.0,6.0,0.09908938407897949,5.708980560302734,5,13,False,-0.2991418242454529,1.8304393291473389,0.3196187962582507,1.8249723252840957,0.46540260314941406,0.9610655307769775,"{""mid"": ""5348cdb813a18552dd93d9a36400adeb9a23fb49178bc2a5ff75fc953e2e4995"", ""up_0"": ""5348cdb813a18552dd93d9a36400adeb9a23fb49178bc2a5ff75fc953e2e4995"", ""up_1"": ""40f6b1c91a249eed4b2c74f539c3f2a135ae1094abf1981034acab64aba29a08"", ""up_2"": ""1d2819d5c71d6aaa642d841dc0ab28bb50298fa769b4d758713de7ba97b00640"", ""x1"": ""91a05c1ecf2ad9736c3b3f5228d71fc77681394f4eb0764a92d1e84cace090af"", ""x2"": ""1d2819d5c71d6aaa642d841dc0ab28bb50298fa769b4d758713de7ba97b00640"", ""x3"": ""40f6b1c91a249eed4b2c74f539c3f2a135ae1094abf1981034acab64aba29a08"", ""x4"": ""5348cdb813a18552dd93d9a36400adeb9a23fb49178bc2a5ff75fc953e2e4995""}",0340047558809127cfbef95fc332f3ae1ce4145167192ddcfc30e1e5778e94dd,aefdce03def94ffed42159e55677ec20e91200e1981f25b1f271b6fd99c3c263,b0b9c5d33edd94a5e4d4b4fe31a1dbcf0fe4f12e18cd36a4cebcbeabb18943ee,/4T/CXY/MV-Painter-r1color/1009/engineering/color_cast_repair_v2/runs/phase_b/predictions/eac4b392b7b448a2b6ec77e8936abe1b/vae_and_embedding_dap0_dbp6.png,9ec0b08e7447f7d95b70fc84d9a468daf0dceec2ac7ef0b8eafeb034125f0e82
eac4b392b7b448a2b6ec77e8936abe1b,vae_and_embedding_dap6_dbp0,vae_and_embedding,6.0,0.0,5.9494452476501465,0.024615738540887833,0,14,True,1.940729022026062,-0.2844654619693756,0.32599994917292013,1.9395354493676658,-0.2888984680175781,0.9847263693809509,"{""mid"": ""5348cdb813a18552dd93d9a36400adeb9a23fb49178bc2a5ff75fc953e2e4995"", ""up_0"": ""5348cdb813a18552dd93d9a36400adeb9a23fb49178bc2a5ff75fc953e2e4995"", ""up_1"": ""40f6b1c91a249eed4b2c74f539c3f2a135ae1094abf1981034acab64aba29a08"", ""up_2"": ""1d2819d5c71d6aaa642d841dc0ab28bb50298fa769b4d758713de7ba97b00640"", ""x1"": ""91a05c1ecf2ad9736c3b3f5228d71fc77681394f4eb0764a92d1e84cace090af"", ""x2"": ""1d2819d5c71d6aaa642d841dc0ab28bb50298fa769b4d758713de7ba97b00640"", ""x3"": ""40f6b1c91a249eed4b2c74f539c3f2a135ae1094abf1981034acab64aba29a08"", ""x4"": ""5348cdb813a18552dd93d9a36400adeb9a23fb49178bc2a5ff75fc953e2e4995""}",0340047558809127cfbef95fc332f3ae1ce4145167192ddcfc30e1e5778e94dd,aefdce03def94ffed42159e55677ec20e91200e1981f25b1f271b6fd99c3c263,34d5e507b113d97b9ce5d01d4edcb24abee4b3d7b8a4781c53a91806bc8e8eed,/4T/CXY/MV-Painter-r1color/1009/engineering/color_cast_repair_v2/runs/phase_b/predictions/eac4b392b7b448a2b6ec77e8936abe1b/vae_and_embedding_dap6_dbp0.png,63d94dbe444aaaa8da16f5b4eabfae5f7c77e82f6e035ecd570d3ed930f1881f
eac4b392b7b448a2b6ec77e8936abe1b,vae_and_embedding_dap6_dbp0,vae_and_embedding,6.0,0.0,5.9494452476501465,0.024615738540887833,1,15,False,2.1638121604919434,-0.3702712059020996,0.3634360959859324,2.1622616614906494,0.04561042785644531,0.980474054813385,"{""mid"": ""5348cdb813a18552dd93d9a36400adeb9a23fb49178bc2a5ff75fc953e2e4995"", ""up_0"": ""5348cdb813a18552dd93d9a36400adeb9a23fb49178bc2a5ff75fc953e2e4995"", ""up_1"": ""40f6b1c91a249eed4b2c74f539c3f2a135ae1094abf1981034acab64aba29a08"", ""up_2"": ""1d2819d5c71d6aaa642d841dc0ab28bb50298fa769b4d758713de7ba97b00640"", ""x1"": ""91a05c1ecf2ad9736c3b3f5228d71fc77681394f4eb0764a92d1e84cace090af"", ""x2"": ""1d2819d5c71d6aaa642d841dc0ab28bb50298fa769b4d758713de7ba97b00640"", ""x3"": ""40f6b1c91a249eed4b2c74f539c3f2a135ae1094abf1981034acab64aba29a08"", ""x4"": ""5348cdb813a18552dd93d9a36400adeb9a23fb49178bc2a5ff75fc953e2e4995""}",0340047558809127cfbef95fc332f3ae1ce4145167192ddcfc30e1e5778e94dd,aefdce03def94ffed42159e55677ec20e91200e1981f25b1f271b6fd99c3c263,34d5e507b113d97b9ce5d01d4edcb24abee4b3d7b8a4781c53a91806bc8e8eed,/4T/CXY/MV-Painter-r1color/1009/engineering/color_cast_repair_v2/runs/phase_b/predictions/eac4b392b7b448a2b6ec77e8936abe1b/vae_and_embedding_dap6_dbp0.png,63d94dbe444aaaa8da16f5b4eabfae5f7c77e82f6e035ecd570d3ed930f1881f
eac4b392b7b448a2b6ec77e8936abe1b,vae_and_embedding_dap6_dbp0,vae_and_embedding,6.0,0.0,5.9494452476501465,0.024615738540887833,2,0,False,1.5606588125228882,-0.32717448472976685,0.26208803934756975,1.5592917865770777,-0.42414093017578125,0.9679631590843201,"{""mid"": ""5348cdb813a18552dd93d9a36400adeb9a23fb49178bc2a5ff75fc953e2e4995"", ""up_0"": ""5348cdb813a18552dd93d9a36400adeb9a23fb49178bc2a5ff75fc953e2e4995"", ""up_1"": ""40f6b1c91a249eed4b2c74f539c3f2a135ae1094abf1981034acab64aba29a08"", ""up_2"": ""1d2819d5c71d6aaa642d841dc0ab28bb50298fa769b4d758713de7ba97b00640"", ""x1"": ""91a05c1ecf2ad9736c3b3f5228d71fc77681394f4eb0764a92d1e84cace090af"", ""x2"": ""1d2819d5c71d6aaa642d841dc0ab28bb50298fa769b4d758713de7ba97b00640"", ""x3"": ""40f6b1c91a249eed4b2c74f539c3f2a135ae1094abf1981034acab64aba29a08"", ""x4"": ""5348cdb813a18552dd93d9a36400adeb9a23fb49178bc2a5ff75fc953e2e4995""}",0340047558809127cfbef95fc332f3ae1ce4145167192ddcfc30e1e5778e94dd,aefdce03def94ffed42159e55677ec20e91200e1981f25b1f271b6fd99c3c263,34d5e507b113d97b9ce5d01d4edcb24abee4b3d7b8a4781c53a91806bc8e8eed,/4T/CXY/MV-Painter-r1color/1009/engineering/color_cast_repair_v2/runs/phase_b/predictions/eac4b392b7b448a2b6ec77e8936abe1b/vae_and_embedding_dap6_dbp0.png,63d94dbe444aaaa8da16f5b4eabfae5f7c77e82f6e035ecd570d3ed930f1881f
eac4b392b7b448a2b6ec77e8936abe1b,vae_and_embedding_dap6_dbp0,vae_and_embedding,6.0,0.0,5.9494452476501465,0.024615738540887833,3,16,False,1.8361574411392212,-0.30786651372909546,0.30840728191430317,1.8348679428739196,-0.48468589782714844,0.976099967956543,"{""mid"": ""5348cdb813a18552dd93d9a36400adeb9a23fb49178bc2a5ff75fc953e2e4995"", ""up_0"": ""5348cdb813a18552dd93d9a36400adeb9a23fb49178bc2a5ff75fc953e2e4995"", ""up_1"": ""40f6b1c91a249eed4b2c74f539c3f2a135ae1094abf1981034acab64aba29a08"", ""up_2"": ""1d2819d5c71d6aaa642d841dc0ab28bb50298fa769b4d758713de7ba97b00640"", ""x1"": ""91a05c1ecf2ad9736c3b3f5228d71fc77681394f4eb0764a92d1e84cace090af"", ""x2"": ""1d2819d5c71d6aaa642d841dc0ab28bb50298fa769b4d758713de7ba97b00640"", ""x3"": ""40f6b1c91a249eed4b2c74f539c3f2a135ae1094abf1981034acab64aba29a08"", ""x4"": ""5348cdb813a18552dd93d9a36400adeb9a23fb49178bc2a5ff75fc953e2e4995""}",0340047558809127cfbef95fc332f3ae1ce4145167192ddcfc30e1e5778e94dd,aefdce03def94ffed42159e55677ec20e91200e1981f25b1f271b6fd99c3c263,34d5e507b113d97b9ce5d01d4edcb24abee4b3d7b8a4781c53a91806bc8e8eed,/4T/CXY/MV-Painter-r1color/1009/engineering/color_cast_repair_v2/runs/phase_b/predictions/eac4b392b7b448a2b6ec77e8936abe1b/vae_and_embedding_dap6_dbp0.png,63d94dbe444aaaa8da16f5b4eabfae5f7c77e82f6e035ecd570d3ed930f1881f
eac4b392b7b448a2b6ec77e8936abe1b,vae_and_embedding_dap6_dbp0,vae_and_embedding,6.0,0.0,5.9494452476501465,0.024615738540887833,4,12,False,1.9067864418029785,-0.2987663149833679,0.32028493435902367,1.9055339906148792,-0.6515169143676758,0.9740856289863586,"{""mid"": ""5348cdb813a18552dd93d9a36400adeb9a23fb49178bc2a5ff75fc953e2e4995"", ""up_0"": ""5348cdb813a18552dd93d9a36400adeb9a23fb49178bc2a5ff75fc953e2e4995"", ""up_1"": ""40f6b1c91a249eed4b2c74f539c3f2a135ae1094abf1981034acab64aba29a08"", ""up_2"": ""1d2819d5c71d6aaa642d841dc0ab28bb50298fa769b4d758713de7ba97b00640"", ""x1"": ""91a05c1ecf2ad9736c3b3f5228d71fc77681394f4eb0764a92d1e84cace090af"", ""x2"": ""1d2819d5c71d6aaa642d841dc0ab28bb50298fa769b4d758713de7ba97b00640"", ""x3"": ""40f6b1c91a249eed4b2c74f539c3f2a135ae1094abf1981034acab64aba29a08"", ""x4"": ""5348cdb813a18552dd93d9a36400adeb9a23fb49178bc2a5ff75fc953e2e4995""}",0340047558809127cfbef95fc332f3ae1ce4145167192ddcfc30e1e5778e94dd,aefdce03def94ffed42159e55677ec20e91200e1981f25b1f271b6fd99c3c263,34d5e507b113d97b9ce5d01d4edcb24abee4b3d7b8a4781c53a91806bc8e8eed,/4T/CXY/MV-Painter-r1color/1009/engineering/color_cast_repair_v2/runs/phase_b/predictions/eac4b392b7b448a2b6ec77e8936abe1b/vae_and_embedding_dap6_dbp0.png,63d94dbe444aaaa8da16f5b4eabfae5f7c77e82f6e035ecd570d3ed930f1881f
eac4b392b7b448a2b6ec77e8936abe1b,vae_and_embedding_dap6_dbp0,vae_and_embedding,6.0,0.0,5.9494452476501465,0.024615738540887833,5,13,False,1.6183984279632568,-0.41214361786842346,0.2717338251592968,1.6166793523307421,-0.1930713653564453,0.9643758535385132,"{""mid"": ""5348cdb813a18552dd93d9a36400adeb9a23fb49178bc2a5ff75fc953e2e4995"", ""up_0"": ""5348cdb813a18552dd93d9a36400adeb9a23fb49178bc2a5ff75fc953e2e4995"", ""up_1"": ""40f6b1c91a249eed4b2c74f539c3f2a135ae1094abf1981034acab64aba29a08"", ""up_2"": ""1d2819d5c71d6aaa642d841dc0ab28bb50298fa769b4d758713de7ba97b00640"", ""x1"": ""91a05c1ecf2ad9736c3b3f5228d71fc77681394f4eb0764a92d1e84cace090af"", ""x2"": ""1d2819d5c71d6aaa642d841dc0ab28bb50298fa769b4d758713de7ba97b00640"", ""x3"": ""40f6b1c91a249eed4b2c74f539c3f2a135ae1094abf1981034acab64aba29a08"", ""x4"": ""5348cdb813a18552dd93d9a36400adeb9a23fb49178bc2a5ff75fc953e2e4995""}",0340047558809127cfbef95fc332f3ae1ce4145167192ddcfc30e1e5778e94dd,aefdce03def94ffed42159e55677ec20e91200e1981f25b1f271b6fd99c3c263,34d5e507b113d97b9ce5d01d4edcb24abee4b3d7b8a4781c53a91806bc8e8eed,/4T/CXY/MV-Painter-r1color/1009/engineering/color_cast_repair_v2/runs/phase_b/predictions/eac4b392b7b448a2b6ec77e8936abe1b/vae_and_embedding_dap6_dbp0.png,63d94dbe444aaaa8da16f5b4eabfae5f7c77e82f6e035ecd570d3ed930f1881f
eac4b392b7b448a2b6ec77e8936abe1b,vae_only_dam6_dbp0,vae_only,-6.0,0.0,-5.924061298370361,0.020740240812301636,0,14,True,-0.24251575767993927,0.06713828444480896,0.04097659061176586,0.24274932227265786,-0.06964492797851562,0.9968229532241821,"{""mid"": ""5348cdb813a18552dd93d9a36400adeb9a23fb49178bc2a5ff75fc953e2e4995"", ""up_0"": ""5348cdb813a18552dd93d9a36400adeb9a23fb49178bc2a5ff75fc953e2e4995"", ""up_1"": ""40f6b1c91a249eed4b2c74f539c3f2a135ae1094abf1981034acab64aba29a08"", ""up_2"": ""1d2819d5c71d6aaa642d841dc0ab28bb50298fa769b4d758713de7ba97b00640"", ""x1"": ""91a05c1ecf2ad9736c3b3f5228d71fc77681394f4eb0764a92d1e84cace090af"", ""x2"": ""1d2819d5c71d6aaa642d841dc0ab28bb50298fa769b4d758713de7ba97b00640"", ""x3"": ""40f6b1c91a249eed4b2c74f539c3f2a135ae1094abf1981034acab64aba29a08"", ""x4"": ""5348cdb813a18552dd93d9a36400adeb9a23fb49178bc2a5ff75fc953e2e4995""}",0340047558809127cfbef95fc332f3ae1ce4145167192ddcfc30e1e5778e94dd,aefdce03def94ffed42159e55677ec20e91200e1981f25b1f271b6fd99c3c263,f8d879a1775171963689250e45773a5c3811706dc37420562ffbcf29668b0aba,/4T/CXY/MV-Painter-r1color/1009/engineering/color_cast_repair_v2/runs/phase_b/predictions/eac4b392b7b448a2b6ec77e8936abe1b/vae_only_dam6_dbp0.png,29ce0f55173bd8f500c05c128436d1e1411247303031b3a0c96620f0e88e54c0
eac4b392b7b448a2b6ec77e8936abe1b,vae_only_dam6_dbp0,vae_only,-6.0,0.0,-5.924061298370361,0.020740240812301636,1,15,False,-0.2456357181072235,0.10046299546957016,0.04152293727855766,0.24598593325247795,-0.20801162719726562,0.9925853610038757,"{""mid"": ""5348cdb813a18552dd93d9a36400adeb9a23fb49178bc2a5ff75fc953e2e4995"", ""up_0"": ""5348cdb813a18552dd93d9a36400adeb9a23fb49178bc2a5ff75fc953e2e4995"", ""up_1"": ""40f6b1c91a249eed4b2c74f539c3f2a135ae1094abf1981034acab64aba29a08"", ""up_2"": ""1d2819d5c71d6aaa642d841dc0ab28bb50298fa769b4d758713de7ba97b00640"", ""x1"": ""91a05c1ecf2ad9736c3b3f5228d71fc77681394f4eb0764a92d1e84cace090af"", ""x2"": ""1d2819d5c71d6aaa642d841dc0ab28bb50298fa769b4d758713de7ba97b00640"", ""x3"": ""40f6b1c91a249eed4b2c74f539c3f2a135ae1094abf1981034acab64aba29a08"", ""x4"": ""5348cdb813a18552dd93d9a36400adeb9a23fb49178bc2a5ff75fc953e2e4995""}",0340047558809127cfbef95fc332f3ae1ce4145167192ddcfc30e1e5778e94dd,aefdce03def94ffed42159e55677ec20e91200e1981f25b1f271b6fd99c3c263,f8d879a1775171963689250e45773a5c3811706dc37420562ffbcf29668b0aba,/4T/CXY/MV-Painter-r1color/1009/engineering/color_cast_repair_v2/runs/phase_b/predictions/eac4b392b7b448a2b6ec77e8936abe1b/vae_only_dam6_dbp0.png,29ce0f55173bd8f500c05c128436d1e1411247303031b3a0c96620f0e88e54c0
eac4b392b7b448a2b6ec77e8936abe1b,vae_only_dam6_dbp0,vae_only,-6.0,0.0,-5.924061298370361,0.020740240812301636,2,0,False,-0.19763994216918945,0.034875743091106415,0.03338243965134559,0.19776083076187445,-0.13582229614257812,0.9932228326797485,"{""mid"": ""5348cdb813a18552dd93d9a36400adeb9a23fb49178bc2a5ff75fc953e2e4995"", ""up_0"": ""5348cdb813a18552dd93d9a36400adeb9a23fb49178bc2a5ff75fc953e2e4995"", ""up_1"": ""40f6b1c91a249eed4b2c74f539c3f2a135ae1094abf1981034acab64aba29a08"", ""up_2"": ""1d2819d5c71d6aaa642d841dc0ab28bb50298fa769b4d758713de7ba97b00640"", ""x1"": ""91a05c1ecf2ad9736c3b3f5228d71fc77681394f4eb0764a92d1e84cace090af"", ""x2"": ""1d2819d5c71d6aaa642d841dc0ab28bb50298fa769b4d758713de7ba97b00640"", ""x3"": ""40f6b1c91a249eed4b2c74f539c3f2a135ae1094abf1981034acab64aba29a08"", ""x4"": ""5348cdb813a18552dd93d9a36400adeb9a23fb49178bc2a5ff75fc953e2e4995""}",0340047558809127cfbef95fc332f3ae1ce4145167192ddcfc30e1e5778e94dd,aefdce03def94ffed42159e55677ec20e91200e1981f25b1f271b6fd99c3c263,f8d879a1775171963689250e45773a5c3811706dc37420562ffbcf29668b0aba,/4T/CXY/MV-Painter-r1color/1009/engineering/color_cast_repair_v2/runs/phase_b/predictions/eac4b392b7b448a2b6ec77e8936abe1b/vae_only_dam6_dbp0.png,29ce0f55173bd8f500c05c128436d1e1411247303031b3a0c96620f0e88e54c0
eac4b392b7b448a2b6ec77e8936abe1b,vae_only_dam6_dbp0,vae_only,-6.0,0.0,-5.924061298370361,0.020740240812301636,3,16,False,-0.19451212882995605,0.07948214560747147,0.032880822773768685,0.19478920341918002,-0.19852828979492188,0.9963700175285339,"{""mid"": ""5348cdb813a18552dd93d9a36400adeb9a23fb49178bc2a5ff75fc953e2e4995"", ""up_0"": ""5348cdb813a18552dd93d9a36400adeb9a23fb49178bc2a5ff75fc953e2e4995"", ""up_1"": ""40f6b1c91a249eed4b2c74f539c3f2a135ae1094abf1981034acab64aba29a08"", ""up_2"": ""1d2819d5c71d6aaa642d841dc0ab28bb50298fa769b4d758713de7ba97b00640"", ""x1"": ""91a05c1ecf2ad9736c3b3f5228d71fc77681394f4eb0764a92d1e84cace090af"", ""x2"": ""1d2819d5c71d6aaa642d841dc0ab28bb50298fa769b4d758713de7ba97b00640"", ""x3"": ""40f6b1c91a249eed4b2c74f539c3f2a135ae1094abf1981034acab64aba29a08"", ""x4"": ""5348cdb813a18552dd93d9a36400adeb9a23fb49178bc2a5ff75fc953e2e4995""}",0340047558809127cfbef95fc332f3ae1ce4145167192ddcfc30e1e5778e94dd,aefdce03def94ffed42159e55677ec20e91200e1981f25b1f271b6fd99c3c263,f8d879a1775171963689250e45773a5c3811706dc37420562ffbcf29668b0aba,/4T/CXY/MV-Painter-r1color/1009/engineering/color_cast_repair_v2/runs/phase_b/predictions/eac4b392b7b448a2b6ec77e8936abe1b/vae_only_dam6_dbp0.png,29ce0f55173bd8f500c05c128436d1e1411247303031b3a0c96620f0e88e54c0
eac4b392b7b448a2b6ec77e8936abe1b,vae_only_dam6_dbp0,vae_only,-6.0,0.0,-5.924061298370361,0.020740240812301636,4,12,False,-0.262885719537735,0.02978232316672802,0.04439298502473455,0.26298837622962895,-0.11555671691894531,0.9883139133453369,"{""mid"": ""5348cdb813a18552dd93d9a36400adeb9a23fb49178bc2a5ff75fc953e2e4995"", ""up_0"": ""5348cdb813a18552dd93d9a36400adeb9a23fb49178bc2a5ff75fc953e2e4995"", ""up_1"": ""40f6b1c91a249eed4b2c74f539c3f2a135ae1094abf1981034acab64aba29a08"", ""up_2"": ""1d2819d5c71d6aaa642d841dc0ab28bb50298fa769b4d758713de7ba97b00640"", ""x1"": ""91a05c1ecf2ad9736c3b3f5228d71fc77681394f4eb0764a92d1e84cace090af"", ""x2"": ""1d2819d5c71d6aaa642d841dc0ab28bb50298fa769b4d758713de7ba97b00640"", ""x3"": ""40f6b1c91a249eed4b2c74f539c3f2a135ae1094abf1981034acab64aba29a08"", ""x4"": ""5348cdb813a18552dd93d9a36400adeb9a23fb49178bc2a5ff75fc953e2e4995""}",0340047558809127cfbef95fc332f3ae1ce4145167192ddcfc30e1e5778e94dd,aefdce03def94ffed42159e55677ec20e91200e1981f25b1f271b6fd99c3c263,f8d879a1775171963689250e45773a5c3811706dc37420562ffbcf29668b0aba,/4T/CXY/MV-Painter-r1color/1009/engineering/color_cast_repair_v2/runs/phase_b/predictions/eac4b392b7b448a2b6ec77e8936abe1b/vae_only_dam6_dbp0.png,29ce0f55173bd8f500c05c128436d1e1411247303031b3a0c96620f0e88e54c0
eac4b392b7b448a2b6ec77e8936abe1b,vae_only_dam6_dbp0,vae_only,-6.0,0.0,-5.924061298370361,0.020740240812301636,5,13,False,-0.19452327489852905,0.08423902839422226,0.03288551544238487,0.19481700324608658,-0.07567405700683594,0.99360591173172,"{""mid"": ""5348cdb813a18552dd93d9a36400adeb9a23fb49178bc2a5ff75fc953e2e4995"", ""up_0"": ""5348cdb813a18552dd93d9a36400adeb9a23fb49178bc2a5ff75fc953e2e4995"", ""up_1"": ""40f6b1c91a249eed4b2c74f539c3f2a135ae1094abf1981034acab64aba29a08"", ""up_2"": ""1d2819d5c71d6aaa642d841dc0ab28bb50298fa769b4d758713de7ba97b00640"", ""x1"": ""91a05c1ecf2ad9736c3b3f5228d71fc77681394f4eb0764a92d1e84cace090af"", ""x2"": ""1d2819d5c71d6aaa642d841dc0ab28bb50298fa769b4d758713de7ba97b00640"", ""x3"": ""40f6b1c91a249eed4b2c74f539c3f2a135ae1094abf1981034acab64aba29a08"", ""x4"": ""5348cdb813a18552dd93d9a36400adeb9a23fb49178bc2a5ff75fc953e2e4995""}",0340047558809127cfbef95fc332f3ae1ce4145167192ddcfc30e1e5778e94dd,aefdce03def94ffed42159e55677ec20e91200e1981f25b1f271b6fd99c3c263,f8d879a1775171963689250e45773a5c3811706dc37420562ffbcf29668b0aba,/4T/CXY/MV-Painter-r1color/1009/engineering/color_cast_repair_v2/runs/phase_b/predictions/eac4b392b7b448a2b6ec77e8936abe1b/vae_only_dam6_dbp0.png,29ce0f55173bd8f500c05c128436d1e1411247303031b3a0c96620f0e88e54c0
eac4b392b7b448a2b6ec77e8936abe1b,vae_only_dap0_dbm6,vae_only,0.0,-6.0,0.005174204241484404,-5.982059955596924,0,14,True,-0.7337282299995422,-0.27475860714912415,0.045824308554595565,0.27412386373946607,0.47063446044921875,0.9925577044487,"{""mid"": ""5348cdb813a18552dd93d9a36400adeb9a23fb49178bc2a5ff75fc953e2e4995"", ""up_0"": ""5348cdb813a18552dd93d9a36400adeb9a23fb49178bc2a5ff75fc953e2e4995"", ""up_1"": ""40f6b1c91a249eed4b2c74f539c3f2a135ae1094abf1981034acab64aba29a08"", ""up_2"": ""1d2819d5c71d6aaa642d841dc0ab28bb50298fa769b4d758713de7ba97b00640"", ""x1"": ""91a05c1ecf2ad9736c3b3f5228d71fc77681394f4eb0764a92d1e84cace090af"", ""x2"": ""1d2819d5c71d6aaa642d841dc0ab28bb50298fa769b4d758713de7ba97b00640"", ""x3"": ""40f6b1c91a249eed4b2c74f539c3f2a135ae1094abf1981034acab64aba29a08"", ""x4"": ""5348cdb813a18552dd93d9a36400adeb9a23fb49178bc2a5ff75fc953e2e4995""}",0340047558809127cfbef95fc332f3ae1ce4145167192ddcfc30e1e5778e94dd,aefdce03def94ffed42159e55677ec20e91200e1981f25b1f271b6fd99c3c263,b6385c571e49d1a1c7a0d45aa88bfefdb51837779da5f7abc20920e8668ba76e,/4T/CXY/MV-Painter-r1color/1009/engineering/color_cast_repair_v2/runs/phase_b/predictions/eac4b392b7b448a2b6ec77e8936abe1b/vae_only_dap0_dbm6.png,7c1c2d5e7ef6b1bbe8cf67ed4532e0ea64bd9c9386e7b8b082149b45ede90d2f
eac4b392b7b448a2b6ec77e8936abe1b,vae_only_dap0_dbm6,vae_only,0.0,-6.0,0.005174204241484404,-5.982059955596924,1,15,False,-0.8006945848464966,-0.24548958241939545,0.04092182917529391,0.24479692719101587,0.5916290283203125,0.9905347228050232,"{""mid"": ""5348cdb813a18552dd93d9a36400adeb9a23fb49178bc2a5ff75fc953e2e4995"", ""up_0"": ""5348cdb813a18552dd93d9a36400adeb9a23fb49178bc2a5ff75fc953e2e4995"", ""up_1"": ""40f6b1c91a249eed4b2c74f539c3f2a135ae1094abf1981034acab64aba29a08"", ""up_2"": ""1d2819d5c71d6aaa642d841dc0ab28bb50298fa769b4d758713de7ba97b00640"", ""x1"": ""91a05c1ecf2ad9736c3b3f5228d71fc77681394f4eb0764a92d1e84cace090af"", ""x2"": ""1d2819d5c71d6aaa642d841dc0ab28bb50298fa769b4d758713de7ba97b00640"", ""x3"": ""40f6b1c91a249eed4b2c74f539c3f2a135ae1094abf1981034acab64aba29a08"", ""x4"": ""5348cdb813a18552dd93d9a36400adeb9a23fb49178bc2a5ff75fc953e2e4995""}",0340047558809127cfbef95fc332f3ae1ce4145167192ddcfc30e1e5778e94dd,aefdce03def94ffed42159e55677ec20e91200e1981f25b1f271b6fd99c3c263,b6385c571e49d1a1c7a0d45aa88bfefdb51837779da5f7abc20920e8668ba76e,/4T/CXY/MV-Painter-r1color/1009/engineering/color_cast_repair_v2/runs/phase_b/predictions/eac4b392b7b448a2b6ec77e8936abe1b/vae_only_dap0_dbm6.png,7c1c2d5e7ef6b1bbe8cf67ed4532e0ea64bd9c9386e7b8b082149b45ede90d2f
eac4b392b7b448a2b6ec77e8936abe1b,vae_only_dap0_dbm6,vae_only,0.0,-6.0,0.005174204241484404,-5.982059955596924,2,0,False,-0.616008996963501,-0.277350515127182,0.04627460956396769,0.2768175923832448,0.6261196136474609,0.981623113155365,"{""mid"": ""5348cdb813a18552dd93d9a36400adeb9a23fb49178bc2a5ff75fc953e2e4995"", ""up_0"": ""5348cdb813a18552dd93d9a36400adeb9a23fb49178bc2a5ff75fc953e2e4995"", ""up_1"": ""40f6b1c91a249eed4b2c74f539c3f2a135ae1094abf1981034acab64aba29a08"", ""up_2"": ""1d2819d5c71d6aaa642d841dc0ab28bb50298fa769b4d758713de7ba97b00640"", ""x1"": ""91a05c1ecf2ad9736c3b3f5228d71fc77681394f4eb0764a92d1e84cace090af"", ""x2"": ""1d2819d5c71d6aaa642d841dc0ab28bb50298fa769b4d758713de7ba97b00640"", ""x3"": ""40f6b1c91a249eed4b2c74f539c3f2a135ae1094abf1981034acab64aba29a08"", ""x4"": ""5348cdb813a18552dd93d9a36400adeb9a23fb49178bc2a5ff75fc953e2e4995""}",0340047558809127cfbef95fc332f3ae1ce4145167192ddcfc30e1e5778e94dd,aefdce03def94ffed42159e55677ec20e91200e1981f25b1f271b6fd99c3c263,b6385c571e49d1a1c7a0d45aa88bfefdb51837779da5f7abc20920e8668ba76e,/4T/CXY/MV-Painter-r1color/1009/engineering/color_cast_repair_v2/runs/phase_b/predictions/eac4b392b7b448a2b6ec77e8936abe1b/vae_only_dap0_dbm6.png,7c1c2d5e7ef6b1bbe8cf67ed4532e0ea64bd9c9386e7b8b082149b45ede90d2f
eac4b392b7b448a2b6ec77e8936abe1b,vae_only_dap0_dbm6,vae_only,0.0,-6.0,0.005174204241484404,-5.982059955596924,3,16,False,-0.7219966650009155,-0.2604745328426361,0.04343818797502802,0.2598499420317328,0.8831939697265625,0.989043653011322,"{""mid"": ""5348cdb813a18552dd93d9a36400adeb9a23fb49178bc2a5ff75fc953e2e4995"", ""up_0"": ""5348cdb813a18552dd93d9a36400adeb9a23fb49178bc2a5ff75fc953e2e4995"", ""up_1"": ""40f6b1c91a249eed4b2c74f539c3f2a135ae1094abf1981034acab64aba29a08"", ""up_2"": ""1d2819d5c71d6aaa642d841dc0ab28bb50298fa769b4d758713de7ba97b00640"", ""x1"": ""91a05c1ecf2ad9736c3b3f5228d71fc77681394f4eb0764a92d1e84cace090af"", ""x2"": ""1d2819d5c71d6aaa642d841dc0ab28bb50298fa769b4d758713de7ba97b00640"", ""x3"": ""40f6b1c91a249eed4b2c74f539c3f2a135ae1094abf1981034acab64aba29a08"", ""x4"": ""5348cdb813a18552dd93d9a36400adeb9a23fb49178bc2a5ff75fc953e2e4995""}",0340047558809127cfbef95fc332f3ae1ce4145167192ddcfc30e1e5778e94dd,aefdce03def94ffed42159e55677ec20e91200e1981f25b1f271b6fd99c3c263,b6385c571e49d1a1c7a0d45aa88bfefdb51837779da5f7abc20920e8668ba76e,/4T/CXY/MV-Painter-r1color/1009/engineering/color_cast_repair_v2/runs/phase_b/predictions/eac4b392b7b448a2b6ec77e8936abe1b/vae_only_dap0_dbm6.png,7c1c2d5e7ef6b1bbe8cf67ed4532e0ea64bd9c9386e7b8b082149b45ede90d2f
eac4b392b7b448a2b6ec77e8936abe1b,vae_only_dap0_dbm6,vae_only,0.0,-6.0,0.005174204241484404,-5.982059955596924,4,12,False,-0.7665359377861023,-0.2956690788269043,0.04931509250950324,0.29500595046116657,0.7919778823852539,0.9874783754348755,"{""mid"": ""5348cdb813a18552dd93d9a36400adeb9a23fb49178bc2a5ff75fc953e2e4995"", ""up_0"": ""5348cdb813a18552dd93d9a36400adeb9a23fb49178bc2a5ff75fc953e2e4995"", ""up_1"": ""40f6b1c91a249eed4b2c74f539c3f2a135ae1094abf1981034acab64aba29a08"", ""up_2"": ""1d2819d5c71d6aaa642d841dc0ab28bb50298fa769b4d758713de7ba97b00640"", ""x1"": ""91a05c1ecf2ad9736c3b3f5228d71fc77681394f4eb0764a92d1e84cace090af"", ""x2"": ""1d2819d5c71d6aaa642d841dc0ab28bb50298fa769b4d758713de7ba97b00640"", ""x3"": ""40f6b1c91a249eed4b2c74f539c3f2a135ae1094abf1981034acab64aba29a08"", ""x4"": ""5348cdb813a18552dd93d9a36400adeb9a23fb49178bc2a5ff75fc953e2e4995""}",0340047558809127cfbef95fc332f3ae1ce4145167192ddcfc30e1e5778e94dd,aefdce03def94ffed42159e55677ec20e91200e1981f25b1f271b6fd99c3c263,b6385c571e49d1a1c7a0d45aa88bfefdb51837779da5f7abc20920e8668ba76e,/4T/CXY/MV-Painter-r1color/1009/engineering/color_cast_repair_v2/runs/phase_b/predictions/eac4b392b7b448a2b6ec77e8936abe1b/vae_only_dap0_dbm6.png,7c1c2d5e7ef6b1bbe8cf67ed4532e0ea64bd9c9386e7b8b082149b45ede90d2f
eac4b392b7b448a2b6ec77e8936abe1b,vae_only_dap0_dbm6,vae_only,0.0,-6.0,0.005174204241484404,-5.982059955596924,5,13,False,-0.8429927229881287,-0.15587273240089417,0.02593478967104866,0.1551435247828804,0.5406208038330078,0.9753933548927307,"{""mid"": ""5348cdb813a18552dd93d9a36400adeb9a23fb49178bc2a5ff75fc953e2e4995"", ""up_0"": ""5348cdb813a18552dd93d9a36400adeb9a23fb49178bc2a5ff75fc953e2e4995"", ""up_1"": ""40f6b1c91a249eed4b2c74f539c3f2a135ae1094abf1981034acab64aba29a08"", ""up_2"": ""1d2819d5c71d6aaa642d841dc0ab28bb50298fa769b4d758713de7ba97b00640"", ""x1"": ""91a05c1ecf2ad9736c3b3f5228d71fc77681394f4eb0764a92d1e84cace090af"", ""x2"": ""1d2819d5c71d6aaa642d841dc0ab28bb50298fa769b4d758713de7ba97b00640"", ""x3"": ""40f6b1c91a249eed4b2c74f539c3f2a135ae1094abf1981034acab64aba29a08"", ""x4"": ""5348cdb813a18552dd93d9a36400adeb9a23fb49178bc2a5ff75fc953e2e4995""}",0340047558809127cfbef95fc332f3ae1ce4145167192ddcfc30e1e5778e94dd,aefdce03def94ffed42159e55677ec20e91200e1981f25b1f271b6fd99c3c263,b6385c571e49d1a1c7a0d45aa88bfefdb51837779da5f7abc20920e8668ba76e,/4T/CXY/MV-Painter-r1color/1009/engineering/color_cast_repair_v2/runs/phase_b/predictions/eac4b392b7b448a2b6ec77e8936abe1b/vae_only_dap0_dbm6.png,7c1c2d5e7ef6b1bbe8cf67ed4532e0ea64bd9c9386e7b8b082149b45ede90d2f
eac4b392b7b448a2b6ec77e8936abe1b,vae_only_dap0_dbp6,vae_only,0.0,6.0,0.09908938407897949,5.708980560302734,0,14,True,0.47407862544059753,0.5243008732795715,0.0932511426403866,0.5324491444561973,-0.1567974090576172,0.9928142428398132,"{""mid"": ""5348cdb813a18552dd93d9a36400adeb9a23fb49178bc2a5ff75fc953e2e4995"", ""up_0"": ""5348cdb813a18552dd93d9a36400adeb9a23fb49178bc2a5ff75fc953e2e4995"", ""up_1"": ""40f6b1c91a249eed4b2c74f539c3f2a135ae1094abf1981034acab64aba29a08"", ""up_2"": ""1d2819d5c71d6aaa642d841dc0ab28bb50298fa769b4d758713de7ba97b00640"", ""x1"": ""91a05c1ecf2ad9736c3b3f5228d71fc77681394f4eb0764a92d1e84cace090af"", ""x2"": ""1d2819d5c71d6aaa642d841dc0ab28bb50298fa769b4d758713de7ba97b00640"", ""x3"": ""40f6b1c91a249eed4b2c74f539c3f2a135ae1094abf1981034acab64aba29a08"", ""x4"": ""5348cdb813a18552dd93d9a36400adeb9a23fb49178bc2a5ff75fc953e2e4995""}",0340047558809127cfbef95fc332f3ae1ce4145167192ddcfc30e1e5778e94dd,aefdce03def94ffed42159e55677ec20e91200e1981f25b1f271b6fd99c3c263,b0b9c5d33edd94a5e4d4b4fe31a1dbcf0fe4f12e18cd36a4cebcbeabb18943ee,/4T/CXY/MV-Painter-r1color/1009/engineering/color_cast_repair_v2/runs/phase_b/predictions/eac4b392b7b448a2b6ec77e8936abe1b/vae_only_dap0_dbp6.png,9947cb545ce064294b0725e7a3101b46eb68830a4bf6131c7b436151d740ec49
eac4b392b7b448a2b6ec77e8936abe1b,vae_only_dap0_dbp6,vae_only,0.0,6.0,0.09908938407897949,5.708980560302734,1,15,False,0.5372893214225769,0.45596107840538025,0.08147628891652388,0.46521660859821545,-0.16336631774902344,0.9919682145118713,"{""mid"": ""5348cdb813a18552dd93d9a36400adeb9a23fb49178bc2a5ff75fc953e2e4995"", ""up_0"": ""5348cdb813a18552dd93d9a36400adeb9a23fb49178bc2a5ff75fc953e2e4995"", ""up_1"": ""40f6b1c91a249eed4b2c74f539c3f2a135ae1094abf1981034acab64aba29a08"", ""up_2"": ""1d2819d5c71d6aaa642d841dc0ab28bb50298fa769b4d758713de7ba97b00640"", ""x1"": ""91a05c1ecf2ad9736c3b3f5228d71fc77681394f4eb0764a92d1e84cace090af"", ""x2"": ""1d2819d5c71d6aaa642d841dc0ab28bb50298fa769b4d758713de7ba97b00640"", ""x3"": ""40f6b1c91a249eed4b2c74f539c3f2a135ae1094abf1981034acab64aba29a08"", ""x4"": ""5348cdb813a18552dd93d9a36400adeb9a23fb49178bc2a5ff75fc953e2e4995""}",0340047558809127cfbef95fc332f3ae1ce4145167192ddcfc30e1e5778e94dd,aefdce03def94ffed42159e55677ec20e91200e1981f25b1f271b6fd99c3c263,b0b9c5d33edd94a5e4d4b4fe31a1dbcf0fe4f12e18cd36a4cebcbeabb18943ee,/4T/CXY/MV-Painter-r1color/1009/engineering/color_cast_repair_v2/runs/phase_b/predictions/eac4b392b7b448a2b6ec77e8936abe1b/vae_only_dap0_dbp6.png,9947cb545ce064294b0725e7a3101b46eb68830a4bf6131c7b436151d740ec49
eac4b392b7b448a2b6ec77e8936abe1b,vae_only_dap0_dbp6,vae_only,0.0,6.0,0.09908938407897949,5.708980560302734,2,0,False,0.3902977406978607,0.36497005820274353,0.06509610606881328,0.37168837831224893,-0.24434280395507812,0.9879264831542969,"{""mid"": ""5348cdb813a18552dd93d9a36400adeb9a23fb49178bc2a5ff75fc953e2e4995"", ""up_0"": ""5348cdb813a18552dd93d9a36400adeb9a23fb49178bc2a5ff75fc953e2e4995"", ""up_1"": ""40f6b1c91a249eed4b2c74f539c3f2a135ae1094abf1981034acab64aba29a08"", ""up_2"": ""1d2819d5c71d6aaa642d841dc0ab28bb50298fa769b4d758713de7ba97b00640"", ""x1"": ""91a05c1ecf2ad9736c3b3f5228d71fc77681394f4eb0764a92d1e84cace090af"", ""x2"": ""1d2819d5c71d6aaa642d841dc0ab28bb50298fa769b4d758713de7ba97b00640"", ""x3"": ""40f6b1c91a249eed4b2c74f539c3f2a135ae1094abf1981034acab64aba29a08"", ""x4"": ""5348cdb813a18552dd93d9a36400adeb9a23fb49178bc2a5ff75fc953e2e4995""}",0340047558809127cfbef95fc332f3ae1ce4145167192ddcfc30e1e5778e94dd,aefdce03def94ffed42159e55677ec20e91200e1981f25b1f271b6fd99c3c263,b0b9c5d33edd94a5e4d4b4fe31a1dbcf0fe4f12e18cd36a4cebcbeabb18943ee,/4T/CXY/MV-Painter-r1color/1009/engineering/color_cast_repair_v2/runs/phase_b/predictions/eac4b392b7b448a2b6ec77e8936abe1b/vae_only_dap0_dbp6.png,9947cb545ce064294b0725e7a3101b46eb68830a4bf6131c7b436151d740ec49
eac4b392b7b448a2b6ec77e8936abe1b,vae_only_dap0_dbp6,vae_only,0.0,6.0,0.09908938407897949,5.708980560302734,3,16,False,0.48144567012786865,0.48487982153892517,0.08637051841237203,0.49316187805068884,-0.22202110290527344,0.9904277324676514,"{""mid"": ""5348cdb813a18552dd93d9a36400adeb9a23fb49178bc2a5ff75fc953e2e4995"", ""up_0"": ""5348cdb813a18552dd93d9a36400adeb9a23fb49178bc2a5ff75fc953e2e4995"", ""up_1"": ""40f6b1c91a249eed4b2c74f539c3f2a135ae1094abf1981034acab64aba29a08"", ""up_2"": ""1d2819d5c71d6aaa642d841dc0ab28bb50298fa769b4d758713de7ba97b00640"", ""x1"": ""91a05c1ecf2ad9736c3b3f5228d71fc77681394f4eb0764a92d1e84cace090af"", ""x2"": ""1d2819d5c71d6aaa642d841dc0ab28bb50298fa769b4d758713de7ba97b00640"", ""x3"": ""40f6b1c91a249eed4b2c74f539c3f2a135ae1094abf1981034acab64aba29a08"", ""x4"": ""5348cdb813a18552dd93d9a36400adeb9a23fb49178bc2a5ff75fc953e2e4995""}",0340047558809127cfbef95fc332f3ae1ce4145167192ddcfc30e1e5778e94dd,aefdce03def94ffed42159e55677ec20e91200e1981f25b1f271b6fd99c3c263,b0b9c5d33edd94a5e4d4b4fe31a1dbcf0fe4f12e18cd36a4cebcbeabb18943ee,/4T/CXY/MV-Painter-r1color/1009/engineering/color_cast_repair_v2/runs/phase_b/predictions/eac4b392b7b448a2b6ec77e8936abe1b/vae_only_dap0_dbp6.png,9947cb545ce064294b0725e7a3101b46eb68830a4bf6131c7b436151d740ec49
eac4b392b7b448a2b6ec77e8936abe1b,vae_only_dap0_dbp6,vae_only,0.0,6.0,0.09908938407897949,5.708980560302734,4,12,False,0.5027428269386292,0.4891105890274048,0.08717609683557821,0.49776160230160366,-0.22797584533691406,0.9833129644393921,"{""mid"": ""5348cdb813a18552dd93d9a36400adeb9a23fb49178bc2a5ff75fc953e2e4995"", ""up_0"": ""5348cdb813a18552dd93d9a36400adeb9a23fb49178bc2a5ff75fc953e2e4995"", ""up_1"": ""40f6b1c91a249eed4b2c74f539c3f2a135ae1094abf1981034acab64aba29a08"", ""up_2"": ""1d2819d5c71d6aaa642d841dc0ab28bb50298fa769b4d758713de7ba97b00640"", ""x1"": ""91a05c1ecf2ad9736c3b3f5228d71fc77681394f4eb0764a92d1e84cace090af"", ""x2"": ""1d2819d5c71d6aaa642d841dc0ab28bb50298fa769b4d758713de7ba97b00640"", ""x3"": ""40f6b1c91a249eed4b2c74f539c3f2a135ae1094abf1981034acab64aba29a08"", ""x4"": ""5348cdb813a18552dd93d9a36400adeb9a23fb49178bc2a5ff75fc953e2e4995""}",0340047558809127cfbef95fc332f3ae1ce4145167192ddcfc30e1e5778e94dd,aefdce03def94ffed42159e55677ec20e91200e1981f25b1f271b6fd99c3c263,b0b9c5d33edd94a5e4d4b4fe31a1dbcf0fe4f12e18cd36a4cebcbeabb18943ee,/4T/CXY/MV-Painter-r1color/1009/engineering/color_cast_repair_v2/runs/phase_b/predictions/eac4b392b7b448a2b6ec77e8936abe1b/vae_only_dap0_dbp6.png,9947cb545ce064294b0725e7a3101b46eb68830a4bf6131c7b436151d740ec49
eac4b392b7b448a2b6ec77e8936abe1b,vae_only_dap0_dbp6,vae_only,0.0,6.0,0.09908938407897949,5.708980560302734,5,13,False,0.3518405556678772,0.37380972504615784,0.06652713453121044,0.3798593224843136,-0.12495613098144531,0.9783602356910706,"{""mid"": ""5348cdb813a18552dd93d9a36400adeb9a23fb49178bc2a5ff75fc953e2e4995"", ""up_0"": ""5348cdb813a18552dd93d9a36400adeb9a23fb49178bc2a5ff75fc953e2e4995"", ""up_1"": ""40f6b1c91a249eed4b2c74f539c3f2a135ae1094abf1981034acab64aba29a08"", ""up_2"": ""1d2819d5c71d6aaa642d841dc0ab28bb50298fa769b4d758713de7ba97b00640"", ""x1"": ""91a05c1ecf2ad9736c3b3f5228d71fc77681394f4eb0764a92d1e84cace090af"", ""x2"": ""1d2819d5c71d6aaa642d841dc0ab28bb50298fa769b4d758713de7ba97b00640"", ""x3"": ""40f6b1c91a249eed4b2c74f539c3f2a135ae1094abf1981034acab64aba29a08"", ""x4"": ""5348cdb813a18552dd93d9a36400adeb9a23fb49178bc2a5ff75fc953e2e4995""}",0340047558809127cfbef95fc332f3ae1ce4145167192ddcfc30e1e5778e94dd,aefdce03def94ffed42159e55677ec20e91200e1981f25b1f271b6fd99c3c263,b0b9c5d33edd94a5e4d4b4fe31a1dbcf0fe4f12e18cd36a4cebcbeabb18943ee,/4T/CXY/MV-Painter-r1color/1009/engineering/color_cast_repair_v2/runs/phase_b/predictions/eac4b392b7b448a2b6ec77e8936abe1b/vae_only_dap0_dbp6.png,9947cb545ce064294b0725e7a3101b46eb68830a4bf6131c7b436151d740ec49
eac4b392b7b448a2b6ec77e8936abe1b,vae_only_dap6_dbp0,vae_only,6.0,0.0,5.9494452476501465,0.024615738540887833,0,14,True,0.36108914017677307,0.014576425775885582,0.060702007086415856,0.3611463587358455,0.061534881591796875,0.9961385130882263,"{""mid"": ""5348cdb813a18552dd93d9a36400adeb9a23fb49178bc2a5ff75fc953e2e4995"", ""up_0"": ""5348cdb813a18552dd93d9a36400adeb9a23fb49178bc2a5ff75fc953e2e4995"", ""up_1"": ""40f6b1c91a249eed4b2c74f539c3f2a135ae1094abf1981034acab64aba29a08"", ""up_2"": ""1d2819d5c71d6aaa642d841dc0ab28bb50298fa769b4d758713de7ba97b00640"", ""x1"": ""91a05c1ecf2ad9736c3b3f5228d71fc77681394f4eb0764a92d1e84cace090af"", ""x2"": ""1d2819d5c71d6aaa642d841dc0ab28bb50298fa769b4d758713de7ba97b00640"", ""x3"": ""40f6b1c91a249eed4b2c74f539c3f2a135ae1094abf1981034acab64aba29a08"", ""x4"": ""5348cdb813a18552dd93d9a36400adeb9a23fb49178bc2a5ff75fc953e2e4995""}",0340047558809127cfbef95fc332f3ae1ce4145167192ddcfc30e1e5778e94dd,aefdce03def94ffed42159e55677ec20e91200e1981f25b1f271b6fd99c3c263,34d5e507b113d97b9ce5d01d4edcb24abee4b3d7b8a4781c53a91806bc8e8eed,/4T/CXY/MV-Painter-r1color/1009/engineering/color_cast_repair_v2/runs/phase_b/predictions/eac4b392b7b448a2b6ec77e8936abe1b/vae_only_dap6_dbp0.png,6fbb34a9d04e21539885b2153c260ef36f473512a1e96c2a60bc6fccdbd159b8
eac4b392b7b448a2b6ec77e8936abe1b,vae_only_dap6_dbp0,vae_only,6.0,0.0,5.9494452476501465,0.024615738540887833,1,15,False,0.40494707226753235,-0.035213205963373184,0.06803902409900739,0.4047979133592074,0.20235824584960938,0.9942503571510315,"{""mid"": ""5348cdb813a18552dd93d9a36400adeb9a23fb49178bc2a5ff75fc953e2e4995"", ""up_0"": ""5348cdb813a18552dd93d9a36400adeb9a23fb49178bc2a5ff75fc953e2e4995"", ""up_1"": ""40f6b1c91a249eed4b2c74f539c3f2a135ae1094abf1981034acab64aba29a08"", ""up_2"": ""1d2819d5c71d6aaa642d841dc0ab28bb50298fa769b4d758713de7ba97b00640"", ""x1"": ""91a05c1ecf2ad9736c3b3f5228d71fc77681394f4eb0764a92d1e84cace090af"", ""x2"": ""1d2819d5c71d6aaa642d841dc0ab28bb50298fa769b4d758713de7ba97b00640"", ""x3"": ""40f6b1c91a249eed4b2c74f539c3f2a135ae1094abf1981034acab64aba29a08"", ""x4"": ""5348cdb813a18552dd93d9a36400adeb9a23fb49178bc2a5ff75fc953e2e4995""}",0340047558809127cfbef95fc332f3ae1ce4145167192ddcfc30e1e5778e94dd,aefdce03def94ffed42159e55677ec20e91200e1981f25b1f271b6fd99c3c263,34d5e507b113d97b9ce5d01d4edcb24abee4b3d7b8a4781c53a91806bc8e8eed,/4T/CXY/MV-Painter-r1color/1009/engineering/color_cast_repair_v2/runs/phase_b/predictions/eac4b392b7b448a2b6ec77e8936abe1b/vae_only_dap6_dbp0.png,6fbb34a9d04e21539885b2153c260ef36f473512a1e96c2a60bc6fccdbd159b8
eac4b392b7b448a2b6ec77e8936abe1b,vae_only_dap6_dbp0,vae_only,6.0,0.0,5.9494452476501465,0.024615738540887833,2,0,False,0.279560387134552,-0.018676793202757835,0.04697552733532882,0.27948072001472063,0.08917617797851562,0.992577850818634,"{""mid"": ""5348cdb813a18552dd93d9a36400adeb9a23fb49178bc2a5ff75fc953e2e4995"", ""up_0"": ""5348cdb813a18552dd93d9a36400adeb9a23fb49178bc2a5ff75fc953e2e4995"", ""up_1"": ""40f6b1c91a249eed4b2c74f539c3f2a135ae1094abf1981034acab64aba29a08"", ""up_2"": ""1d2819d5c71d6aaa642d841dc0ab28bb50298fa769b4d758713de7ba97b00640"", ""x1"": ""91a05c1ecf2ad9736c3b3f5228d71fc77681394f4eb0764a92d1e84cace090af"", ""x2"": ""1d2819d5c71d6aaa642d841dc0ab28bb50298fa769b4d758713de7ba97b00640"", ""x3"": ""40f6b1c91a249eed4b2c74f539c3f2a135ae1094abf1981034acab64aba29a08"", ""x4"": ""5348cdb813a18552dd93d9a36400adeb9a23fb49178bc2a5ff75fc953e2e4995""}",0340047558809127cfbef95fc332f3ae1ce4145167192ddcfc30e1e5778e94dd,aefdce03def94ffed42159e55677ec20e91200e1981f25b1f271b6fd99c3c263,34d5e507b113d97b9ce5d01d4edcb24abee4b3d7b8a4781c53a91806bc8e8eed,/4T/CXY/MV-Painter-r1color/1009/engineering/color_cast_repair_v2/runs/phase_b/predictions/eac4b392b7b448a2b6ec77e8936abe1b/vae_only_dap6_dbp0.png,6fbb34a9d04e21539885b2153c260ef36f473512a1e96c2a60bc6fccdbd159b8
eac4b392b7b448a2b6ec77e8936abe1b,vae_only_dap6_dbp0,vae_only,6.0,0.0,5.9494452476501465,0.024615738540887833,3,16,False,0.3334636390209198,-0.02828523889183998,0.056028905051394746,0.33334375607154876,0.16900253295898438,0.9930289387702942,"{""mid"": ""5348cdb813a18552dd93d9a36400adeb9a23fb49178bc2a5ff75fc953e2e4995"", ""up_0"": ""5348cdb813a18552dd93d9a36400adeb9a23fb49178bc2a5ff75fc953e2e4995"", ""up_1"": ""40f6b1c91a249eed4b2c74f539c3f2a135ae1094abf1981034acab64aba29a08"", ""up_2"": ""1d2819d5c71d6aaa642d841dc0ab28bb50298fa769b4d758713de7ba97b00640"", ""x1"": ""91a05c1ecf2ad9736c3b3f5228d71fc77681394f4eb0764a92d1e84cace090af"", ""x2"": ""1d2819d5c71d6aaa642d841dc0ab28bb50298fa769b4d758713de7ba97b00640"", ""x3"": ""40f6b1c91a249eed4b2c74f539c3f2a135ae1094abf1981034acab64aba29a08"", ""x4"": ""5348cdb813a18552dd93d9a36400adeb9a23fb49178bc2a5ff75fc953e2e4995""}",0340047558809127cfbef95fc332f3ae1ce4145167192ddcfc30e1e5778e94dd,aefdce03def94ffed42159e55677ec20e91200e1981f25b1f271b6fd99c3c263,34d5e507b113d97b9ce5d01d4edcb24abee4b3d7b8a4781c53a91806bc8e8eed,/4T/CXY/MV-Painter-r1color/1009/engineering/color_cast_repair_v2/runs/phase_b/predictions/eac4b392b7b448a2b6ec77e8936abe1b/vae_only_dap6_dbp0.png,6fbb34a9d04e21539885b2153c260ef36f473512a1e96c2a60bc6fccdbd159b8
eac4b392b7b448a2b6ec77e8936abe1b,vae_only_dap6_dbp0,vae_only,6.0,0.0,5.9494452476501465,0.024615738540887833,4,12,False,0.4192585051059723,0.016471048817038536,0.07048043273379913,0.41932306468387587,0.079193115234375,0.9905709624290466,"{""mid"": ""5348cdb813a18552dd93d9a36400adeb9a23fb49178bc2a5ff75fc953e2e4995"", ""up_0"": ""5348cdb813a18552dd93d9a36400adeb9a23fb49178bc2a5ff75fc953e2e4995"", ""up_1"": ""40f6b1c91a249eed4b2c74f539c3f2a135ae1094abf1981034acab64aba29a08"", ""up_2"": ""1d2819d5c71d6aaa642d841dc0ab28bb50298fa769b4d758713de7ba97b00640"", ""x1"": ""91a05c1ecf2ad9736c3b3f5228d71fc77681394f4eb0764a92d1e84cace090af"", ""x2"": ""1d2819d5c71d6aaa642d841dc0ab28bb50298fa769b4d758713de7ba97b00640"", ""x3"": ""40f6b1c91a249eed4b2c74f539c3f2a135ae1094abf1981034acab64aba29a08"", ""x4"": ""5348cdb813a18552dd93d9a36400adeb9a23fb49178bc2a5ff75fc953e2e4995""}",0340047558809127cfbef95fc332f3ae1ce4145167192ddcfc30e1e5778e94dd,aefdce03def94ffed42159e55677ec20e91200e1981f25b1f271b6fd99c3c263,34d5e507b113d97b9ce5d01d4edcb24abee4b3d7b8a4781c53a91806bc8e8eed,/4T/CXY/MV-Painter-r1color/1009/engineering/color_cast_repair_v2/runs/phase_b/predictions/eac4b392b7b448a2b6ec77e8936abe1b/vae_only_dap6_dbp0.png,6fbb34a9d04e21539885b2153c260ef36f473512a1e96c2a60bc6fccdbd159b8
eac4b392b7b448a2b6ec77e8936abe1b,vae_only_dap6_dbp0,vae_only,6.0,0.0,5.9494452476501465,0.024615738540887833,5,13,False,0.31036216020584106,-0.07681731134653091,0.05211225742267892,0.3100416760011413,0.06828880310058594,0.9879271388053894,"{""mid"": ""5348cdb813a18552dd93d9a36400adeb9a23fb49178bc2a5ff75fc953e2e4995"", ""up_0"": ""5348cdb813a18552dd93d9a36400adeb9a23fb49178bc2a5ff75fc953e2e4995"", ""up_1"": ""40f6b1c91a249eed4b2c74f539c3f2a135ae1094abf1981034acab64aba29a08"", ""up_2"": ""1d2819d5c71d6aaa642d841dc0ab28bb50298fa769b4d758713de7ba97b00640"", ""x1"": ""91a05c1ecf2ad9736c3b3f5228d71fc77681394f4eb0764a92d1e84cace090af"", ""x2"": ""1d2819d5c71d6aaa642d841dc0ab28bb50298fa769b4d758713de7ba97b00640"", ""x3"": ""40f6b1c91a249eed4b2c74f539c3f2a135ae1094abf1981034acab64aba29a08"", ""x4"": ""5348cdb813a18552dd93d9a36400adeb9a23fb49178bc2a5ff75fc953e2e4995""}",0340047558809127cfbef95fc332f3ae1ce4145167192ddcfc30e1e5778e94dd,aefdce03def94ffed42159e55677ec20e91200e1981f25b1f271b6fd99c3c263,34d5e507b113d97b9ce5d01d4edcb24abee4b3d7b8a4781c53a91806bc8e8eed,/4T/CXY/MV-Painter-r1color/1009/engineering/color_cast_repair_v2/runs/phase_b/predictions/eac4b392b7b448a2b6ec77e8936abe1b/vae_only_dap6_dbp0.png,6fbb34a9d04e21539885b2153c260ef36f473512a1e96c2a60bc6fccdbd159b8
