sample_id,uid,source,method,depth,phase,step_start,step_end,n_layer_steps,mean_feature_rms,mean_residual_rms_over_feature_rms,p95_residual_rms_over_feature_rms,mean_anomaly_fraction_gt_0p25_feature_rms,mean_requested_scale,mean_applied_scale
freshc_panel_01,c76ac44df995482185077da81939b306,existing_formal_fresh_c_gallery,No Adapter,deep,early,0,16,51,4.901383713179944,0.0,0.0,0.0,0.0,0.0
freshc_panel_01,c76ac44df995482185077da81939b306,existing_formal_fresh_c_gallery,No Adapter,deep,middle,17,32,48,5.375061144431432,0.0,0.0,0.0,0.0,0.0
freshc_panel_01,c76ac44df995482185077da81939b306,existing_formal_fresh_c_gallery,No Adapter,deep,late,33,49,51,5.47309853516373,0.0,0.0,0.0,0.0,0.0
freshc_panel_01,c76ac44df995482185077da81939b306,existing_formal_fresh_c_gallery,No Adapter,middle,early,0,16,51,1.8738211627100028,0.0,0.0,0.0,0.0,0.0
freshc_panel_01,c76ac44df995482185077da81939b306,existing_formal_fresh_c_gallery,No Adapter,middle,middle,17,32,48,2.229929060985645,0.0,0.0,0.0,0.0,0.0
freshc_panel_01,c76ac44df995482185077da81939b306,existing_formal_fresh_c_gallery,No Adapter,middle,late,33,49,51,2.3507134563782635,0.0,0.0,0.0,0.0,0.0
freshc_panel_01,c76ac44df995482185077da81939b306,existing_formal_fresh_c_gallery,No Adapter,shallow,early,0,16,51,1.7841249879668741,0.0,0.0,0.0,0.0,0.0
freshc_panel_01,c76ac44df995482185077da81939b306,existing_formal_fresh_c_gallery,No Adapter,shallow,middle,17,32,48,1.8031975887715816,0.0,0.0,0.0,0.0,0.0
freshc_panel_01,c76ac44df995482185077da81939b306,existing_formal_fresh_c_gallery,No Adapter,shallow,late,33,49,51,1.413453922552221,0.0,0.0,0.0,0.0,0.0
freshc_panel_01,c76ac44df995482185077da81939b306,existing_formal_fresh_c_gallery,GFL,deep,early,0,16,51,5.254621571185542,0.7543121956142724,1.6306765675544739,0.585660399759517,1.25,1.25
freshc_panel_01,c76ac44df995482185077da81939b306,existing_formal_fresh_c_gallery,GFL,deep,middle,17,32,48,5.250913987557094,0.6369617357850075,1.3819364130496978,0.5040837425428132,1.25,1.25
freshc_panel_01,c76ac44df995482185077da81939b306,existing_formal_fresh_c_gallery,GFL,deep,late,33,49,51,5.261442062901516,0.5178631506129807,1.3080669045448303,0.3701140556265326,1.25,1.25
freshc_panel_01,c76ac44df995482185077da81939b306,existing_formal_fresh_c_gallery,GFL,middle,early,0,16,51,1.8411034310565275,0.41652483858314215,0.7608057856559753,0.43399484835419,1.25,1.25
freshc_panel_01,c76ac44df995482185077da81939b306,existing_formal_fresh_c_gallery,GFL,middle,middle,17,32,48,2.071243497232596,0.5221125197907289,1.0142353236675263,0.4581557208051284,1.25,1.25
freshc_panel_01,c76ac44df995482185077da81939b306,existing_formal_fresh_c_gallery,GFL,middle,late,33,49,51,2.2028853776408175,0.2363385429569319,0.47420330345630646,0.2251285236264926,1.25,1.25
freshc_panel_01,c76ac44df995482185077da81939b306,existing_formal_fresh_c_gallery,GFL,shallow,early,0,16,51,1.8081756526348638,0.08069500870381792,0.24742715805768967,0.04786467922089037,1.25,0.7999999999999998
freshc_panel_01,c76ac44df995482185077da81939b306,existing_formal_fresh_c_gallery,GFL,shallow,middle,17,32,48,1.8396142895023029,0.09554321023946007,0.24782266169786452,0.06119683876507528,1.25,0.7999999999999999
freshc_panel_01,c76ac44df995482185077da81939b306,existing_formal_fresh_c_gallery,GFL,shallow,late,33,49,51,1.4154120613546932,0.05666048349995239,0.19806338101625443,0.021167023530271015,1.25,0.7999999999999998
freshc_panel_01,c76ac44df995482185077da81939b306,existing_formal_fresh_c_gallery,GFH,deep,early,0,16,51,6.75259536855361,1.2946188818005955,3.259169578552246,0.6362526054475822,2.5,2.5
freshc_panel_01,c76ac44df995482185077da81939b306,existing_formal_fresh_c_gallery,GFH,deep,middle,17,32,48,6.260414808988571,1.139422048193713,2.7820693850517273,0.6204056112716595,2.5,2.5
freshc_panel_01,c76ac44df995482185077da81939b306,existing_formal_fresh_c_gallery,GFH,deep,late,33,49,51,6.131053513171626,0.9747209154507693,2.6294971704483032,0.504807204300282,2.5,2.5
freshc_panel_01,c76ac44df995482185077da81939b306,existing_formal_fresh_c_gallery,GFH,middle,early,0,16,51,2.2013849721235386,0.5362558411616906,0.6757010519504547,0.5329985227070603,2.5,2.5
freshc_panel_01,c76ac44df995482185077da81939b306,existing_formal_fresh_c_gallery,GFH,middle,middle,17,32,48,2.2113205095132193,0.8093571290373802,1.434143102169037,0.6208141023914019,2.5,2.5
freshc_panel_01,c76ac44df995482185077da81939b306,existing_formal_fresh_c_gallery,GFH,middle,late,33,49,51,2.2736121275845695,0.4993738146389232,1.0601055026054382,0.46203142901261646,2.5,2.5
freshc_panel_01,c76ac44df995482185077da81939b306,existing_formal_fresh_c_gallery,GFH,shallow,early,0,16,51,1.8354665029282664,0.07185740811823338,0.22709371149539948,0.03879712860904036,2.5,0.7999999999999998
freshc_panel_01,c76ac44df995482185077da81939b306,existing_formal_fresh_c_gallery,GFH,shallow,middle,17,32,48,1.9099558231731255,0.0861647187169486,0.23022245168685912,0.05216333824379641,2.5,0.7999999999999999
freshc_panel_01,c76ac44df995482185077da81939b306,existing_formal_fresh_c_gallery,GFH,shallow,late,33,49,51,1.431453060870077,0.06643350347511325,0.21710623800754547,0.031058319448265155,2.5,0.7999999999999998
freshc_panel_01,c76ac44df995482185077da81939b306,existing_formal_fresh_c_gallery,C3,deep,early,0,16,51,5.254621571185542,0.7543121956142724,1.6306765675544739,0.585660399759517,1.25,1.25
freshc_panel_01,c76ac44df995482185077da81939b306,existing_formal_fresh_c_gallery,C3,deep,middle,17,32,48,6.238887086510658,1.1376936951031287,2.7675088167190554,0.6181312917421261,2.5,2.5
freshc_panel_01,c76ac44df995482185077da81939b306,existing_formal_fresh_c_gallery,C3,deep,late,33,49,51,5.267084238575954,0.5238967447304258,1.3171056509017944,0.3755672068572512,1.25,1.25
freshc_panel_01,c76ac44df995482185077da81939b306,existing_formal_fresh_c_gallery,C3,middle,early,0,16,51,1.8411034310565275,0.41652483858314215,0.7608057856559753,0.43399484835419,1.25,1.25
freshc_panel_01,c76ac44df995482185077da81939b306,existing_formal_fresh_c_gallery,C3,middle,middle,17,32,48,2.211719644566377,0.8142171210298935,1.456178504228592,0.6207813552270333,2.5,2.5
freshc_panel_01,c76ac44df995482185077da81939b306,existing_formal_fresh_c_gallery,C3,middle,late,33,49,51,2.1975244236927405,0.2438532771433101,0.4959266185760498,0.23340269975711173,1.25,1.25
freshc_panel_01,c76ac44df995482185077da81939b306,existing_formal_fresh_c_gallery,C3,shallow,early,0,16,51,1.8081756526348638,0.08069500870381792,0.24742715805768967,0.04786467922089037,1.25,0.7999999999999998
freshc_panel_01,c76ac44df995482185077da81939b306,existing_formal_fresh_c_gallery,C3,shallow,middle,17,32,48,1.9155285358428955,0.08545282198853481,0.22774497494101523,0.05142704928706129,2.5,0.7999999999999999
freshc_panel_01,c76ac44df995482185077da81939b306,existing_formal_fresh_c_gallery,C3,shallow,late,33,49,51,1.412422306397382,0.059054816032157224,0.20759031921625137,0.02315705859526882,1.25,0.7999999999999998
freshc_panel_01,c76ac44df995482185077da81939b306,existing_formal_fresh_c_gallery,Generic Linear,deep,early,0,16,51,5.451201060239007,0.8517222439541536,1.9062588810920715,0.6089863590165681,1.4540816326530617,1.4540816326530617
freshc_panel_01,c76ac44df995482185077da81939b306,existing_formal_fresh_c_gallery,Generic Linear,deep,middle,17,32,48,5.668832277258237,0.9090691789363822,2.1089221358299253,0.5940543565278252,1.8749999999999998,1.8749999999999998
freshc_panel_01,c76ac44df995482185077da81939b306,existing_formal_fresh_c_gallery,Generic Linear,deep,late,33,49,51,5.955936992869658,0.9085364712803972,2.3181599378585815,0.49250758278603646,2.2959183673469385,2.2959183673469385
freshc_panel_01,c76ac44df995482185077da81939b306,existing_formal_fresh_c_gallery,Generic Linear,middle,early,0,16,51,1.8873226911413903,0.44524792070482294,0.7593173980712891,0.46135716929155235,1.4540816326530617,1.4540816326530617
freshc_panel_01,c76ac44df995482185077da81939b306,existing_formal_fresh_c_gallery,Generic Linear,middle,middle,17,32,48,2.120539809266726,0.7163143083453178,1.3200793266296387,0.568253501628836,1.8749999999999998,1.8749999999999998
freshc_panel_01,c76ac44df995482185077da81939b306,existing_formal_fresh_c_gallery,Generic Linear,middle,late,33,49,51,2.2524845670251286,0.4594484903648788,0.9472911059856415,0.4355441813959795,2.2959183673469385,2.2959183673469385
freshc_panel_01,c76ac44df995482185077da81939b306,existing_formal_fresh_c_gallery,Generic Linear,shallow,early,0,16,51,1.8093410508305419,0.05425361478153397,0.1728811040520668,0.02165206319998605,0.5408163265306122,0.5408163265306122
freshc_panel_01,c76ac44df995482185077da81939b306,existing_formal_fresh_c_gallery,Generic Linear,shallow,middle,17,32,48,1.8822488139073055,0.0705525833958139,0.17996204271912575,0.036905534013688644,0.625,0.625
freshc_panel_01,c76ac44df995482185077da81939b306,existing_formal_fresh_c_gallery,Generic Linear,shallow,late,33,49,51,1.4250095206148483,0.0597044658189749,0.18952270597219467,0.025236323043845557,0.7091836734693878,0.7091836734693878
freshc_panel_01,c76ac44df995482185077da81939b306,existing_formal_fresh_c_gallery,LLH,deep,early,0,16,51,5.258982878105313,0.7550775829483481,1.6303576827049255,0.5854943692684174,1.25,1.25
freshc_panel_01,c76ac44df995482185077da81939b306,existing_formal_fresh_c_gallery,LLH,deep,middle,17,32,48,5.23509914179643,0.6425275479753813,1.3973974883556366,0.5099553251639009,1.25,1.25
freshc_panel_01,c76ac44df995482185077da81939b306,existing_formal_fresh_c_gallery,LLH,deep,late,33,49,51,6.131111346039117,0.9859354981020385,2.649461030960083,0.5029295533895493,2.5,2.5
freshc_panel_01,c76ac44df995482185077da81939b306,existing_formal_fresh_c_gallery,LLH,middle,early,0,16,51,1.8406565680223352,0.41643062117053015,0.7598386108875275,0.4339707143166486,1.25,1.25
freshc_panel_01,c76ac44df995482185077da81939b306,existing_formal_fresh_c_gallery,LLH,middle,middle,17,32,48,2.0641967405875525,0.5296275047585368,1.0209208965301513,0.4623374966904521,1.25,1.25
freshc_panel_01,c76ac44df995482185077da81939b306,existing_formal_fresh_c_gallery,LLH,middle,late,33,49,51,2.2658428491330613,0.5128949240726584,1.1203487515449524,0.4664383472180834,2.5,2.5
freshc_panel_01,c76ac44df995482185077da81939b306,existing_formal_fresh_c_gallery,LLH,shallow,early,0,16,51,1.8038131103796118,0.05077631194053181,0.15517345070838928,0.01776343557339358,0.5,0.5
freshc_panel_01,c76ac44df995482185077da81939b306,existing_formal_fresh_c_gallery,LLH,shallow,middle,17,32,48,1.8347557944556077,0.06069958925945684,0.15633225366473197,0.0248513656609551,0.5,0.5
freshc_panel_01,c76ac44df995482185077da81939b306,existing_formal_fresh_c_gallery,LLH,shallow,late,33,49,51,1.440661193109026,0.06526330930600856,0.20429981499910355,0.03042811116628239,0.75,0.75
freshc_panel_02,8bde8eb73dcb45c6a3880e85e7b3694b,existing_formal_fresh_c_gallery,No Adapter,deep,early,0,16,51,5.104737426720414,0.0,0.0,0.0,0.0,0.0
freshc_panel_02,8bde8eb73dcb45c6a3880e85e7b3694b,existing_formal_fresh_c_gallery,No Adapter,deep,middle,17,32,48,5.5471789340178175,0.0,0.0,0.0,0.0,0.0
freshc_panel_02,8bde8eb73dcb45c6a3880e85e7b3694b,existing_formal_fresh_c_gallery,No Adapter,deep,late,33,49,51,5.482037623723348,0.0,0.0,0.0,0.0,0.0
freshc_panel_02,8bde8eb73dcb45c6a3880e85e7b3694b,existing_formal_fresh_c_gallery,No Adapter,middle,early,0,16,51,1.8757419282314824,0.0,0.0,0.0,0.0,0.0
freshc_panel_02,8bde8eb73dcb45c6a3880e85e7b3694b,existing_formal_fresh_c_gallery,No Adapter,middle,middle,17,32,48,2.2047311464945474,0.0,0.0,0.0,0.0,0.0
freshc_panel_02,8bde8eb73dcb45c6a3880e85e7b3694b,existing_formal_fresh_c_gallery,No Adapter,middle,late,33,49,51,2.315832194160013,0.0,0.0,0.0,0.0,0.0
freshc_panel_02,8bde8eb73dcb45c6a3880e85e7b3694b,existing_formal_fresh_c_gallery,No Adapter,shallow,early,0,16,51,1.7845711486012328,0.0,0.0,0.0,0.0,0.0
freshc_panel_02,8bde8eb73dcb45c6a3880e85e7b3694b,existing_formal_fresh_c_gallery,No Adapter,shallow,middle,17,32,48,1.8008897391458352,0.0,0.0,0.0,0.0,0.0
freshc_panel_02,8bde8eb73dcb45c6a3880e85e7b3694b,existing_formal_fresh_c_gallery,No Adapter,shallow,late,33,49,51,1.4085028101416195,0.0,0.0,0.0,0.0,0.0
freshc_panel_02,8bde8eb73dcb45c6a3880e85e7b3694b,existing_formal_fresh_c_gallery,GFL,deep,early,0,16,51,5.577692948135675,0.7408582311050564,1.5980368256568909,0.5836942306920594,1.25,1.25
freshc_panel_02,8bde8eb73dcb45c6a3880e85e7b3694b,existing_formal_fresh_c_gallery,GFL,deep,middle,17,32,48,5.380349025130272,0.6603323689972361,1.3640614986419677,0.5359258310248455,1.25,1.25
freshc_panel_02,8bde8eb73dcb45c6a3880e85e7b3694b,existing_formal_fresh_c_gallery,GFL,deep,late,33,49,51,5.250315338957543,0.5683231157999412,1.3480665683746338,0.40849591265706453,1.25,1.25
freshc_panel_02,8bde8eb73dcb45c6a3880e85e7b3694b,existing_formal_fresh_c_gallery,GFL,middle,early,0,16,51,1.8798620116476918,0.4389787252042808,0.7147646546363831,0.5109662927833258,1.25,1.25
freshc_panel_02,8bde8eb73dcb45c6a3880e85e7b3694b,existing_formal_fresh_c_gallery,GFL,middle,middle,17,32,48,2.0339922830462456,0.6123713596413533,1.13221372961998,0.5766299633930126,1.25,1.25
freshc_panel_02,8bde8eb73dcb45c6a3880e85e7b3694b,existing_formal_fresh_c_gallery,GFL,middle,late,33,49,51,2.172948107999914,0.3170238799032043,0.7377920150756836,0.3365515582628694,1.25,1.25
freshc_panel_02,8bde8eb73dcb45c6a3880e85e7b3694b,existing_formal_fresh_c_gallery,GFL,shallow,early,0,16,51,1.8222825293447458,0.0748707721849867,0.2414896935224533,0.04539205788808199,1.25,0.7999999999999998
freshc_panel_02,8bde8eb73dcb45c6a3880e85e7b3694b,existing_formal_fresh_c_gallery,GFL,shallow,middle,17,32,48,1.8576550384362538,0.09328261829796247,0.2472906343638897,0.0639474481237509,1.25,0.7999999999999999
freshc_panel_02,8bde8eb73dcb45c6a3880e85e7b3694b,existing_formal_fresh_c_gallery,GFL,shallow,late,33,49,51,1.4163854449403053,0.071633303391875,0.25065501034259796,0.0392883719234983,1.25,0.7999999999999998
freshc_panel_02,8bde8eb73dcb45c6a3880e85e7b3694b,existing_formal_fresh_c_gallery,GFH,deep,early,0,16,51,7.12517588746314,1.25909249513757,3.1955249309539795,0.6328057909713072,2.5,2.5
freshc_panel_02,8bde8eb73dcb45c6a3880e85e7b3694b,existing_formal_fresh_c_gallery,GFH,deep,middle,17,32,48,6.544220407803853,1.1482982132583857,2.7361812472343443,0.6340915157149235,2.5,2.5
freshc_panel_02,8bde8eb73dcb45c6a3880e85e7b3694b,existing_formal_fresh_c_gallery,GFH,deep,late,33,49,51,6.302646669687009,1.0346123283984614,2.673312544822693,0.5161654449561063,2.5,2.5
freshc_panel_02,8bde8eb73dcb45c6a3880e85e7b3694b,existing_formal_fresh_c_gallery,GFH,middle,early,0,16,51,2.255311835045908,0.5681909240928351,0.7099359631538391,0.6096589839925953,2.5,2.5
freshc_panel_02,8bde8eb73dcb45c6a3880e85e7b3694b,existing_formal_fresh_c_gallery,GFH,middle,middle,17,32,48,2.2681889409820237,0.8356423688431581,1.438404244184494,0.7117911564807097,2.5,2.5
freshc_panel_02,8bde8eb73dcb45c6a3880e85e7b3694b,existing_formal_fresh_c_gallery,GFH,middle,late,33,49,51,2.2855824442470776,0.581416465195955,1.224991261959076,0.5652637829383215,2.5,2.5
freshc_panel_02,8bde8eb73dcb45c6a3880e85e7b3694b,existing_formal_fresh_c_gallery,GFH,shallow,early,0,16,51,1.846642184491251,0.06755452780235632,0.22353321313858032,0.037308150176970374,2.5,0.7999999999999998
freshc_panel_02,8bde8eb73dcb45c6a3880e85e7b3694b,existing_formal_fresh_c_gallery,GFH,shallow,middle,17,32,48,1.9169163232048352,0.08349351433571428,0.2321368284523487,0.05375057120606167,2.5,0.7999999999999999
freshc_panel_02,8bde8eb73dcb45c6a3880e85e7b3694b,existing_formal_fresh_c_gallery,GFH,shallow,late,33,49,51,1.4486171661638747,0.07156227880577538,0.22505787760019302,0.03989006730747254,2.5,0.7999999999999998
freshc_panel_02,8bde8eb73dcb45c6a3880e85e7b3694b,existing_formal_fresh_c_gallery,C3,deep,early,0,16,51,5.577692948135675,0.7408582311050564,1.5980368256568909,0.5836942306920594,1.25,1.25
freshc_panel_02,8bde8eb73dcb45c6a3880e85e7b3694b,existing_formal_fresh_c_gallery,C3,deep,middle,17,32,48,6.509192685286204,1.1487491621325414,2.7295819878578187,0.6337778214365244,2.5,2.5
freshc_panel_02,8bde8eb73dcb45c6a3880e85e7b3694b,existing_formal_fresh_c_gallery,C3,deep,late,33,49,51,5.274226226058661,0.568164581469461,1.3486579060554504,0.4073166593032725,1.25,1.25
freshc_panel_02,8bde8eb73dcb45c6a3880e85e7b3694b,existing_formal_fresh_c_gallery,C3,middle,early,0,16,51,1.8798620116476918,0.4389787252042808,0.7147646546363831,0.5109662927833258,1.25,1.25
freshc_panel_02,8bde8eb73dcb45c6a3880e85e7b3694b,existing_formal_fresh_c_gallery,C3,middle,middle,17,32,48,2.2625380928317704,0.8404098674654961,1.4600203037261963,0.712731271982193,2.5,2.5
freshc_panel_02,8bde8eb73dcb45c6a3880e85e7b3694b,existing_formal_fresh_c_gallery,C3,middle,late,33,49,51,2.1764988034379247,0.3144804943425983,0.7427333295345306,0.3326975064553028,1.25,1.25
freshc_panel_02,8bde8eb73dcb45c6a3880e85e7b3694b,existing_formal_fresh_c_gallery,C3,shallow,early,0,16,51,1.8222825293447458,0.0748707721849867,0.2414896935224533,0.04539205788808199,1.25,0.7999999999999998
freshc_panel_02,8bde8eb73dcb45c6a3880e85e7b3694b,existing_formal_fresh_c_gallery,C3,shallow,middle,17,32,48,1.9197738530735176,0.08336299599613994,0.23201118633151055,0.053524751104002156,2.5,0.7999999999999999
freshc_panel_02,8bde8eb73dcb45c6a3880e85e7b3694b,existing_formal_fresh_c_gallery,C3,shallow,late,33,49,51,1.4160534365504396,0.06968006584793329,0.25045042484998703,0.03763566548221599,1.25,0.7999999999999998
freshc_panel_02,8bde8eb73dcb45c6a3880e85e7b3694b,existing_formal_fresh_c_gallery,Generic Linear,deep,early,0,16,51,5.7817055431066775,0.8336158114321092,1.8315244913101196,0.606702609389436,1.4540816326530617,1.4540816326530617
freshc_panel_02,8bde8eb73dcb45c6a3880e85e7b3694b,existing_formal_fresh_c_gallery,Generic Linear,deep,middle,17,32,48,5.896439661582311,0.9251835451771816,2.1226531267166138,0.6142671685665846,1.8749999999999998,1.8749999999999998
freshc_panel_02,8bde8eb73dcb45c6a3880e85e7b3694b,existing_formal_fresh_c_gallery,Generic Linear,deep,late,33,49,51,6.0966783411362595,0.9672083410562253,2.478825569152832,0.5087390252772499,2.2959183673469385,2.2959183673469385
freshc_panel_02,8bde8eb73dcb45c6a3880e85e7b3694b,existing_formal_fresh_c_gallery,Generic Linear,middle,early,0,16,51,1.9328461079036487,0.46755679448445636,0.6947591006755829,0.5394410876666799,1.4540816326530617,1.4540816326530617
freshc_panel_02,8bde8eb73dcb45c6a3880e85e7b3694b,existing_formal_fresh_c_gallery,Generic Linear,middle,middle,17,32,48,2.140097794433435,0.7720312799016634,1.4003292858600616,0.671213436871767,1.8749999999999998,1.8749999999999998
freshc_panel_02,8bde8eb73dcb45c6a3880e85e7b3694b,existing_formal_fresh_c_gallery,Generic Linear,middle,late,33,49,51,2.2635460834877166,0.5433976495382833,1.152742862701416,0.5415139674556022,2.2959183673469385,2.2959183673469385
freshc_panel_02,8bde8eb73dcb45c6a3880e85e7b3694b,existing_formal_fresh_c_gallery,Generic Linear,shallow,early,0,16,51,1.822643028754814,0.05039774787648782,0.1686917394399643,0.0199794107163308,0.5408163265306122,0.5408163265306122
freshc_panel_02,8bde8eb73dcb45c6a3880e85e7b3694b,existing_formal_fresh_c_gallery,Generic Linear,shallow,middle,17,32,48,1.8970005176961422,0.0677304531855043,0.17860750630497932,0.03746606179356604,0.625,0.625
freshc_panel_02,8bde8eb73dcb45c6a3880e85e7b3694b,existing_formal_fresh_c_gallery,Generic Linear,shallow,late,33,49,51,1.4379536638072892,0.06478655828601297,0.20099905878305435,0.0335122711500541,0.7091836734693878,0.7091836734693878
freshc_panel_02,8bde8eb73dcb45c6a3880e85e7b3694b,existing_formal_fresh_c_gallery,LLH,deep,early,0,16,51,5.578632686652389,0.740912199604745,1.5980960130691528,0.5836406531287175,1.25,1.25
freshc_panel_02,8bde8eb73dcb45c6a3880e85e7b3694b,existing_formal_fresh_c_gallery,LLH,deep,middle,17,32,48,5.38359618683656,0.6616570685679714,1.3673141360282897,0.5375427901744843,1.25,1.25
freshc_panel_02,8bde8eb73dcb45c6a3880e85e7b3694b,existing_formal_fresh_c_gallery,LLH,deep,late,33,49,51,6.239335223740222,1.051495711593067,2.703359007835388,0.5192616859487459,2.5,2.5
freshc_panel_02,8bde8eb73dcb45c6a3880e85e7b3694b,existing_formal_fresh_c_gallery,LLH,middle,early,0,16,51,1.8802294088344949,0.43867891208798276,0.7134643197059631,0.5107112766480914,1.25,1.25
freshc_panel_02,8bde8eb73dcb45c6a3880e85e7b3694b,existing_formal_fresh_c_gallery,LLH,middle,middle,17,32,48,2.033516394595305,0.61259615359207,1.128491622209549,0.5771569181233644,1.25,1.25
freshc_panel_02,8bde8eb73dcb45c6a3880e85e7b3694b,existing_formal_fresh_c_gallery,LLH,middle,late,33,49,51,2.2816606783399394,0.5970488912334629,1.26932030916214,0.5746062321990144,2.5,2.5
freshc_panel_02,8bde8eb73dcb45c6a3880e85e7b3694b,existing_formal_fresh_c_gallery,LLH,shallow,early,0,16,51,1.8179971727670408,0.046968407075231276,0.15106315910816193,0.016021500160368483,0.5,0.5
freshc_panel_02,8bde8eb73dcb45c6a3880e85e7b3694b,existing_formal_fresh_c_gallery,LLH,shallow,middle,17,32,48,1.851801685988903,0.058576851355610415,0.1544191963970661,0.02526597061175077,0.5,0.5
freshc_panel_02,8bde8eb73dcb45c6a3880e85e7b3694b,existing_formal_fresh_c_gallery,LLH,shallow,late,33,49,51,1.4532494030746759,0.07023085093162224,0.2140192687511444,0.03838119172952229,0.75,0.75
freshc_panel_03,ca887928bb664bcba121219f0af41293,existing_formal_fresh_c_gallery,No Adapter,deep,early,0,16,51,5.096356373207242,0.0,0.0,0.0,0.0,0.0
freshc_panel_03,ca887928bb664bcba121219f0af41293,existing_formal_fresh_c_gallery,No Adapter,deep,middle,17,32,48,5.643497005105019,0.0,0.0,0.0,0.0,0.0
freshc_panel_03,ca887928bb664bcba121219f0af41293,existing_formal_fresh_c_gallery,No Adapter,deep,late,33,49,51,5.642321890475703,0.0,0.0,0.0,0.0,0.0
freshc_panel_03,ca887928bb664bcba121219f0af41293,existing_formal_fresh_c_gallery,No Adapter,middle,early,0,16,51,1.8934835768213458,0.0,0.0,0.0,0.0,0.0
freshc_panel_03,ca887928bb664bcba121219f0af41293,existing_formal_fresh_c_gallery,No Adapter,middle,middle,17,32,48,2.302469660838445,0.0,0.0,0.0,0.0,0.0
freshc_panel_03,ca887928bb664bcba121219f0af41293,existing_formal_fresh_c_gallery,No Adapter,middle,late,33,49,51,2.4186300810645607,0.0,0.0,0.0,0.0,0.0
freshc_panel_03,ca887928bb664bcba121219f0af41293,existing_formal_fresh_c_gallery,No Adapter,shallow,early,0,16,51,1.7860847360947554,0.0,0.0,0.0,0.0,0.0
freshc_panel_03,ca887928bb664bcba121219f0af41293,existing_formal_fresh_c_gallery,No Adapter,shallow,middle,17,32,48,1.8057880848646164,0.0,0.0,0.0,0.0,0.0
freshc_panel_03,ca887928bb664bcba121219f0af41293,existing_formal_fresh_c_gallery,No Adapter,shallow,late,33,49,51,1.40958351948682,0.0,0.0,0.0,0.0,0.0
freshc_panel_03,ca887928bb664bcba121219f0af41293,existing_formal_fresh_c_gallery,GFL,deep,early,0,16,51,5.425318848853018,0.7162946281479854,1.5365914702415466,0.5782747870566798,1.25,1.25
freshc_panel_03,ca887928bb664bcba121219f0af41293,existing_formal_fresh_c_gallery,GFL,deep,middle,17,32,48,5.31746910015742,0.6268384347980221,1.3076603889465332,0.5119392233900726,1.25,1.25
freshc_panel_03,ca887928bb664bcba121219f0af41293,existing_formal_fresh_c_gallery,GFL,deep,late,33,49,51,5.312751026714549,0.522783147353752,1.288157045841217,0.3810369952344427,1.25,1.25
freshc_panel_03,ca887928bb664bcba121219f0af41293,existing_formal_fresh_c_gallery,GFL,middle,early,0,16,51,1.866646507207085,0.4056842210246067,0.7316591739654541,0.4183388329019733,1.25,1.25
freshc_panel_03,ca887928bb664bcba121219f0af41293,existing_formal_fresh_c_gallery,GFL,middle,middle,17,32,48,2.0585428550839424,0.5411850198482474,1.0357346415519715,0.4612697418779135,1.25,1.25
freshc_panel_03,ca887928bb664bcba121219f0af41293,existing_formal_fresh_c_gallery,GFL,middle,late,33,49,51,2.2070031282948515,0.26323627665931104,0.5941935181617737,0.24723234632983804,1.25,1.25
freshc_panel_03,ca887928bb664bcba121219f0af41293,existing_formal_fresh_c_gallery,GFL,shallow,early,0,16,51,1.8175528166340846,0.08108183790874832,0.24938222020864487,0.04816113860907339,1.25,0.7999999999999998
freshc_panel_03,ca887928bb664bcba121219f0af41293,existing_formal_fresh_c_gallery,GFL,shallow,middle,17,32,48,1.8432004215816657,0.10216495264709617,0.256676559150219,0.06712228217171894,1.25,0.7999999999999999
freshc_panel_03,ca887928bb664bcba121219f0af41293,existing_formal_fresh_c_gallery,GFL,shallow,late,33,49,51,1.4127407716769798,0.075781208207356,0.2482561320066452,0.038308567683641596,1.25,0.7999999999999998
freshc_panel_03,ca887928bb664bcba121219f0af41293,existing_formal_fresh_c_gallery,GFH,deep,early,0,16,51,6.836043142804913,1.2220164660145254,3.072643280029297,0.6357804367355272,2.5,2.5
freshc_panel_03,ca887928bb664bcba121219f0af41293,existing_formal_fresh_c_gallery,GFH,deep,middle,17,32,48,6.322873517870903,1.1020274041220546,2.609092926979065,0.6222406489153703,2.5,2.5
freshc_panel_03,ca887928bb664bcba121219f0af41293,existing_formal_fresh_c_gallery,GFH,deep,late,33,49,51,6.158768438825421,0.9579143918612424,2.549733519554138,0.5053258842112971,2.5,2.5
freshc_panel_03,ca887928bb664bcba121219f0af41293,existing_formal_fresh_c_gallery,GFH,middle,early,0,16,51,2.1910688339495192,0.5389632547602934,0.6703277826309204,0.5253467688373491,2.5,2.5
freshc_panel_03,ca887928bb664bcba121219f0af41293,existing_formal_fresh_c_gallery,GFH,middle,middle,17,32,48,2.2261108607053757,0.8075101673603058,1.4461495578289032,0.6075755680600802,2.5,2.5
freshc_panel_03,ca887928bb664bcba121219f0af41293,existing_formal_fresh_c_gallery,GFH,middle,late,33,49,51,2.2894678653455247,0.5123901221097684,1.1203866004943848,0.46234631742916854,2.5,2.5
freshc_panel_03,ca887928bb664bcba121219f0af41293,existing_formal_fresh_c_gallery,GFH,shallow,early,0,16,51,1.840652368816675,0.0744398832321167,0.2328307181596756,0.041392010171394385,2.5,0.7999999999999998
freshc_panel_03,ca887928bb664bcba121219f0af41293,existing_formal_fresh_c_gallery,GFH,shallow,middle,17,32,48,1.9135222223897774,0.08955996441848886,0.2338090196251869,0.05531564540554731,2.5,0.7999999999999999
freshc_panel_03,ca887928bb664bcba121219f0af41293,existing_formal_fresh_c_gallery,GFH,shallow,late,33,49,51,1.438975431171118,0.07713580582583067,0.23129326850175858,0.04068411234252648,2.5,0.7999999999999998
freshc_panel_03,ca887928bb664bcba121219f0af41293,existing_formal_fresh_c_gallery,C3,deep,early,0,16,51,5.425318848853018,0.7162946281479854,1.5365914702415466,0.5782747870566798,1.25,1.25
freshc_panel_03,ca887928bb664bcba121219f0af41293,existing_formal_fresh_c_gallery,C3,deep,middle,17,32,48,6.298636923233668,1.1053677992895246,2.614107644557953,0.6225618030875921,2.5,2.5
freshc_panel_03,ca887928bb664bcba121219f0af41293,existing_formal_fresh_c_gallery,C3,deep,late,33,49,51,5.311444866891001,0.521676052142592,1.281040906906128,0.3821676997285263,1.25,1.25
freshc_panel_03,ca887928bb664bcba121219f0af41293,existing_formal_fresh_c_gallery,C3,middle,early,0,16,51,1.866646507207085,0.4056842210246067,0.7316591739654541,0.4183388329019733,1.25,1.25
freshc_panel_03,ca887928bb664bcba121219f0af41293,existing_formal_fresh_c_gallery,C3,middle,middle,17,32,48,2.2251016894976297,0.8116621822118759,1.468860101699829,0.6082241175075372,2.5,2.5
freshc_panel_03,ca887928bb664bcba121219f0af41293,existing_formal_fresh_c_gallery,C3,middle,late,33,49,51,2.2084546767029107,0.26051393253546135,0.5776324570178986,0.24517221402778638,1.25,1.25
freshc_panel_03,ca887928bb664bcba121219f0af41293,existing_formal_fresh_c_gallery,C3,shallow,early,0,16,51,1.8175528166340846,0.08108183790874832,0.24938222020864487,0.04816113860907339,1.25,0.7999999999999998
freshc_panel_03,ca887928bb664bcba121219f0af41293,existing_formal_fresh_c_gallery,C3,shallow,middle,17,32,48,1.9164585781594117,0.0893227122821069,0.23306982293725012,0.0550550809057313,2.5,0.7999999999999999
freshc_panel_03,ca887928bb664bcba121219f0af41293,existing_formal_fresh_c_gallery,C3,shallow,late,33,49,51,1.4093051903388079,0.07357631596353124,0.2468220666050911,0.03634950893876307,1.25,0.7999999999999998
freshc_panel_03,ca887928bb664bcba121219f0af41293,existing_formal_fresh_c_gallery,Generic Linear,deep,early,0,16,51,5.613141756431729,0.808479426538243,1.7666272521018982,0.6040037788596808,1.4540816326530617,1.4540816326530617
freshc_panel_03,ca887928bb664bcba121219f0af41293,existing_formal_fresh_c_gallery,Generic Linear,deep,middle,17,32,48,5.751758242646853,0.8849957485993704,2.036896419525146,0.5966194439679384,1.8749999999999998,1.8749999999999998
freshc_panel_03,ca887928bb664bcba121219f0af41293,existing_formal_fresh_c_gallery,Generic Linear,deep,late,33,49,51,5.993405991909551,0.8987399535436257,2.2680084705352783,0.4966903685354719,2.2959183673469385,2.2959183673469385
freshc_panel_03,ca887928bb664bcba121219f0af41293,existing_formal_fresh_c_gallery,Generic Linear,middle,early,0,16,51,1.9147706359040504,0.4350171509911032,0.7358940243721008,0.44635499049635496,1.4540816326530617,1.4540816326530617
freshc_panel_03,ca887928bb664bcba121219f0af41293,existing_formal_fresh_c_gallery,Generic Linear,middle,middle,17,32,48,2.1286739533146224,0.7177872632940611,1.3386671721935273,0.5588019974529743,1.8749999999999998,1.8749999999999998
freshc_panel_03,ca887928bb664bcba121219f0af41293,existing_formal_fresh_c_gallery,Generic Linear,middle,late,33,49,51,2.2666134717417696,0.48233092064950983,1.0502041578292847,0.44263381671671775,2.2959183673469385,2.2959183673469385
freshc_panel_03,ca887928bb664bcba121219f0af41293,existing_formal_fresh_c_gallery,Generic Linear,shallow,early,0,16,51,1.8185377728705312,0.054546511047245824,0.17390988767147064,0.021924856317819857,0.5408163265306122,0.5408163265306122
freshc_panel_03,ca887928bb664bcba121219f0af41293,existing_formal_fresh_c_gallery,Generic Linear,shallow,middle,17,32,48,1.8844675831496716,0.07387255511518258,0.18838359415531158,0.040250515634094576,0.625,0.625
freshc_panel_03,ca887928bb664bcba121219f0af41293,existing_formal_fresh_c_gallery,Generic Linear,shallow,late,33,49,51,1.4301343303100735,0.06985210663839883,0.20553241670131683,0.034184027612140844,0.7091836734693878,0.7091836734693878
freshc_panel_03,ca887928bb664bcba121219f0af41293,existing_formal_fresh_c_gallery,LLH,deep,early,0,16,51,5.434078225902483,0.7166509312741897,1.5365238785743713,0.5780862166601068,1.25,1.25
freshc_panel_03,ca887928bb664bcba121219f0af41293,existing_formal_fresh_c_gallery,LLH,deep,middle,17,32,48,5.301695341865222,0.6298801818241676,1.30768261551857,0.515411997679621,1.25,1.25
freshc_panel_03,ca887928bb664bcba121219f0af41293,existing_formal_fresh_c_gallery,LLH,deep,late,33,49,51,6.162282466888428,0.9804894643671372,2.5889705419540405,0.5082702522768694,2.5,2.5
freshc_panel_03,ca887928bb664bcba121219f0af41293,existing_formal_fresh_c_gallery,LLH,middle,early,0,16,51,1.8673689108268887,0.40509647014094335,0.72822704911232,0.41803475630049614,1.25,1.25
freshc_panel_03,ca887928bb664bcba121219f0af41293,existing_formal_fresh_c_gallery,LLH,middle,middle,17,32,48,2.051710526148478,0.5428811299304167,1.0319628059864043,0.4633069808284442,1.25,1.25
freshc_panel_03,ca887928bb664bcba121219f0af41293,existing_formal_fresh_c_gallery,LLH,middle,late,33,49,51,2.279946911568735,0.5406199781333699,1.2141397595405579,0.4762507478396098,2.5,2.5
freshc_panel_03,ca887928bb664bcba121219f0af41293,existing_formal_fresh_c_gallery,LLH,shallow,early,0,16,51,1.812919212322609,0.050942022070361706,0.15594955533742905,0.018085974416291103,0.5,0.5
freshc_panel_03,ca887928bb664bcba121219f0af41293,existing_formal_fresh_c_gallery,LLH,shallow,middle,17,32,48,1.838314878443877,0.06410275476324993,0.1600976102054119,0.028279602748474037,0.5,0.5
freshc_panel_03,ca887928bb664bcba121219f0af41293,existing_formal_fresh_c_gallery,LLH,shallow,late,33,49,51,1.4475103827083813,0.0761440572529739,0.22116243094205856,0.03985892111942282,0.75,0.75
freshc_panel_04,94168bf0403d4372ace896c9ff824f58,existing_formal_fresh_c_gallery,No Adapter,deep,early,0,16,51,5.117217994203754,0.0,0.0,0.0,0.0,0.0
freshc_panel_04,94168bf0403d4372ace896c9ff824f58,existing_formal_fresh_c_gallery,No Adapter,deep,middle,17,32,48,5.534523452321689,0.0,0.0,0.0,0.0,0.0
freshc_panel_04,94168bf0403d4372ace896c9ff824f58,existing_formal_fresh_c_gallery,No Adapter,deep,late,33,49,51,5.606174314723296,0.0,0.0,0.0,0.0,0.0
freshc_panel_04,94168bf0403d4372ace896c9ff824f58,existing_formal_fresh_c_gallery,No Adapter,middle,early,0,16,51,1.9042678767559575,0.0,0.0,0.0,0.0,0.0
freshc_panel_04,94168bf0403d4372ace896c9ff824f58,existing_formal_fresh_c_gallery,No Adapter,middle,middle,17,32,48,2.2717267498373985,0.0,0.0,0.0,0.0,0.0
freshc_panel_04,94168bf0403d4372ace896c9ff824f58,existing_formal_fresh_c_gallery,No Adapter,middle,late,33,49,51,2.395916080942341,0.0,0.0,0.0,0.0,0.0
freshc_panel_04,94168bf0403d4372ace896c9ff824f58,existing_formal_fresh_c_gallery,No Adapter,shallow,early,0,16,51,1.7854773635957755,0.0,0.0,0.0,0.0,0.0
freshc_panel_04,94168bf0403d4372ace896c9ff824f58,existing_formal_fresh_c_gallery,No Adapter,shallow,middle,17,32,48,1.8077412384251754,0.0,0.0,0.0,0.0,0.0
freshc_panel_04,94168bf0403d4372ace896c9ff824f58,existing_formal_fresh_c_gallery,No Adapter,shallow,late,33,49,51,1.4126516685766333,0.0,0.0,0.0,0.0,0.0
freshc_panel_04,94168bf0403d4372ace896c9ff824f58,existing_formal_fresh_c_gallery,GFL,deep,early,0,16,51,5.497807264328003,0.731088829391143,1.543461263179779,0.585454875347661,1.25,1.25
freshc_panel_04,94168bf0403d4372ace896c9ff824f58,existing_formal_fresh_c_gallery,GFL,deep,middle,17,32,48,5.314437285065651,0.6501079627002279,1.33750159740448,0.526608642966797,1.25,1.25
freshc_panel_04,94168bf0403d4372ace896c9ff824f58,existing_formal_fresh_c_gallery,GFL,deep,late,33,49,51,5.333390909082749,0.5646171026370105,1.3380929827690125,0.4033664900298212,1.25,1.25
freshc_panel_04,94168bf0403d4372ace896c9ff824f58,existing_formal_fresh_c_gallery,GFL,middle,early,0,16,51,1.8697479764620464,0.43632225312438666,0.7884531617164612,0.4815346370725071,1.25,1.25
freshc_panel_04,94168bf0403d4372ace896c9ff824f58,existing_formal_fresh_c_gallery,GFL,middle,middle,17,32,48,2.0539257898926735,0.600667949145039,1.1340754628181458,0.5423303097486496,1.25,1.25
freshc_panel_04,94168bf0403d4372ace896c9ff824f58,existing_formal_fresh_c_gallery,GFL,middle,late,33,49,51,2.2084573180067775,0.29643771344540165,0.6644308567047119,0.3052120199609621,1.25,1.25
freshc_panel_04,94168bf0403d4372ace896c9ff824f58,existing_formal_fresh_c_gallery,GFL,shallow,early,0,16,51,1.8081001966607337,0.08016975342716072,0.2513248175382614,0.051228524467482134,1.25,0.7999999999999998
freshc_panel_04,94168bf0403d4372ace896c9ff824f58,existing_formal_fresh_c_gallery,GFL,shallow,middle,17,32,48,1.8484195979932945,0.09650441970249328,0.24998531863093376,0.06687018380034715,1.25,0.7999999999999999
freshc_panel_04,94168bf0403d4372ace896c9ff824f58,existing_formal_fresh_c_gallery,GFL,shallow,late,33,49,51,1.4199544682222254,0.06700276556041311,0.2418268397450447,0.03428298024136536,1.25,0.7999999999999998
freshc_panel_04,94168bf0403d4372ace896c9ff824f58,existing_formal_fresh_c_gallery,GFH,deep,early,0,16,51,7.01672721376606,1.2507537597534704,3.087061047554016,0.6429400204443464,2.5,2.5
freshc_panel_04,94168bf0403d4372ace896c9ff824f58,existing_formal_fresh_c_gallery,GFH,deep,middle,17,32,48,6.369552339116733,1.1409662334869306,2.671560728549957,0.638921390598019,2.5,2.5
freshc_panel_04,94168bf0403d4372ace896c9ff824f58,existing_formal_fresh_c_gallery,GFH,deep,late,33,49,51,6.366864961736343,1.028344017325663,2.6284998655319214,0.5167573693336225,2.5,2.5
freshc_panel_04,94168bf0403d4372ace896c9ff824f58,existing_formal_fresh_c_gallery,GFH,middle,early,0,16,51,2.2809398361280855,0.5428673876266853,0.6792772114276886,0.5739147417685565,2.5,2.5
freshc_panel_04,94168bf0403d4372ace896c9ff824f58,existing_formal_fresh_c_gallery,GFH,middle,middle,17,32,48,2.2528587554891906,0.8355316060284773,1.4527944445610046,0.6823738689223925,2.5,2.5
freshc_panel_04,94168bf0403d4372ace896c9ff824f58,existing_formal_fresh_c_gallery,GFH,middle,late,33,49,51,2.3074786546183566,0.5771099764342401,1.2388651967048645,0.5454362189652873,2.5,2.5
freshc_panel_04,94168bf0403d4372ace896c9ff824f58,existing_formal_fresh_c_gallery,GFH,shallow,early,0,16,51,1.83848328333275,0.0680282386111132,0.22359603643417358,0.03779593281265703,2.5,0.7999999999999998
freshc_panel_04,94168bf0403d4372ace896c9ff824f58,existing_formal_fresh_c_gallery,GFH,shallow,middle,17,32,48,1.9140305121739705,0.0848707699527343,0.23082337602972983,0.05557181282468567,2.5,0.7999999999999999
freshc_panel_04,94168bf0403d4372ace896c9ff824f58,existing_formal_fresh_c_gallery,GFH,shallow,late,33,49,51,1.4518584386975157,0.07211134430276704,0.22084511071443558,0.04018631718217341,2.5,0.7999999999999998
freshc_panel_04,94168bf0403d4372ace896c9ff824f58,existing_formal_fresh_c_gallery,C3,deep,early,0,16,51,5.497807264328003,0.731088829391143,1.543461263179779,0.585454875347661,1.25,1.25
freshc_panel_04,94168bf0403d4372ace896c9ff824f58,existing_formal_fresh_c_gallery,C3,deep,middle,17,32,48,6.317077691356341,1.1444030093650024,2.673538613319397,0.6377979591488838,2.5,2.5
freshc_panel_04,94168bf0403d4372ace896c9ff824f58,existing_formal_fresh_c_gallery,C3,deep,late,33,49,51,5.406742722380395,0.5581243444307178,1.3209545612335205,0.39828246130662803,1.25,1.25
freshc_panel_04,94168bf0403d4372ace896c9ff824f58,existing_formal_fresh_c_gallery,C3,middle,early,0,16,51,1.8697479764620464,0.43632225312438666,0.7884531617164612,0.4815346370725071,1.25,1.25
freshc_panel_04,94168bf0403d4372ace896c9ff824f58,existing_formal_fresh_c_gallery,C3,middle,middle,17,32,48,2.2472288832068443,0.8439776959518591,1.482658851146698,0.6837600606183211,2.5,2.5
freshc_panel_04,94168bf0403d4372ace896c9ff824f58,existing_formal_fresh_c_gallery,C3,middle,late,33,49,51,2.2167330092074824,0.293101181148314,0.6711941659450531,0.300144663555365,1.25,1.25
freshc_panel_04,94168bf0403d4372ace896c9ff824f58,existing_formal_fresh_c_gallery,C3,shallow,early,0,16,51,1.8081001966607337,0.08016975342716072,0.2513248175382614,0.051228524467482134,1.25,0.7999999999999998
freshc_panel_04,94168bf0403d4372ace896c9ff824f58,existing_formal_fresh_c_gallery,C3,shallow,middle,17,32,48,1.9209894736607869,0.08408609111211263,0.2275562897324562,0.054571154231477216,2.5,0.7999999999999999
freshc_panel_04,94168bf0403d4372ace896c9ff824f58,existing_formal_fresh_c_gallery,C3,shallow,late,33,49,51,1.4164824053352953,0.06673602896797307,0.24265730381011963,0.034152283086715376,1.25,0.7999999999999998
freshc_panel_04,94168bf0403d4372ace896c9ff824f58,existing_formal_fresh_c_gallery,Generic Linear,deep,early,0,16,51,5.694428831923242,0.8246529312694774,1.821162223815918,0.6088866684951034,1.4540816326530617,1.4540816326530617
freshc_panel_04,94168bf0403d4372ace896c9ff824f58,existing_formal_fresh_c_gallery,Generic Linear,deep,middle,17,32,48,5.764612153172493,0.9168492170671622,2.0975809931755065,0.610786005233725,1.8749999999999998,1.8749999999999998
freshc_panel_04,94168bf0403d4372ace896c9ff824f58,existing_formal_fresh_c_gallery,Generic Linear,deep,late,33,49,51,6.168729193070355,0.9617758732216031,2.45015549659729,0.5082090564218222,2.2959183673469385,2.2959183673469385
freshc_panel_04,94168bf0403d4372ace896c9ff824f58,existing_formal_fresh_c_gallery,Generic Linear,middle,early,0,16,51,1.9237261356091966,0.4611651523440492,0.7591505944728851,0.5084353492540472,1.4540816326530617,1.4540816326530617
freshc_panel_04,94168bf0403d4372ace896c9ff824f58,existing_formal_fresh_c_gallery,Generic Linear,middle,middle,17,32,48,2.1270639995733895,0.7763477837045988,1.4330061197280883,0.6414262441297373,1.8749999999999998,1.8749999999999998
freshc_panel_04,94168bf0403d4372ace896c9ff824f58,existing_formal_fresh_c_gallery,Generic Linear,middle,late,33,49,51,2.2862466830833283,0.5435402019351137,1.1688409447669983,0.5252166434245951,2.2959183673469385,2.2959183673469385
freshc_panel_04,94168bf0403d4372ace896c9ff824f58,existing_formal_fresh_c_gallery,Generic Linear,shallow,early,0,16,51,1.809261559271345,0.05342330486860638,0.1739085465669632,0.02296020024923943,0.5408163265306122,0.5408163265306122
freshc_panel_04,94168bf0403d4372ace896c9ff824f58,existing_formal_fresh_c_gallery,Generic Linear,shallow,middle,17,32,48,1.8940848956505458,0.06936598222819157,0.1792217656970024,0.039029102530851865,0.625,0.625
freshc_panel_04,94168bf0403d4372ace896c9ff824f58,existing_formal_fresh_c_gallery,Generic Linear,shallow,late,33,49,51,1.4445538029951208,0.06562875280631524,0.19730837643146515,0.03413493010813516,0.7091836734693878,0.7091836734693878
freshc_panel_04,94168bf0403d4372ace896c9ff824f58,existing_formal_fresh_c_gallery,LLH,deep,early,0,16,51,5.503060434378829,0.7313101151410271,1.543441891670227,0.5852322753737954,1.25,1.25
freshc_panel_04,94168bf0403d4372ace896c9ff824f58,existing_formal_fresh_c_gallery,LLH,deep,middle,17,32,48,5.309052233894666,0.6517457384616137,1.3383467972278595,0.528005079831928,1.25,1.25
freshc_panel_04,94168bf0403d4372ace896c9ff824f58,existing_formal_fresh_c_gallery,LLH,deep,late,33,49,51,6.278378584805657,1.048699995466307,2.680505394935608,0.5192772041933209,2.5,2.5
freshc_panel_04,94168bf0403d4372ace896c9ff824f58,existing_formal_fresh_c_gallery,LLH,middle,early,0,16,51,1.870009245825749,0.4361815084429348,0.787299782037735,0.4814661659446417,1.25,1.25
freshc_panel_04,94168bf0403d4372ace896c9ff824f58,existing_formal_fresh_c_gallery,LLH,middle,middle,17,32,48,2.0412843575080237,0.6055465278526148,1.135858553647995,0.5452687709281842,1.25,1.25
freshc_panel_04,94168bf0403d4372ace896c9ff824f58,existing_formal_fresh_c_gallery,LLH,middle,late,33,49,51,2.296863308139876,0.60085662206014,1.2913575768470764,0.5579625002893747,2.5,2.5
freshc_panel_04,94168bf0403d4372ace896c9ff824f58,existing_formal_fresh_c_gallery,LLH,shallow,early,0,16,51,1.8037871952150382,0.05036483096488405,0.15731263160705566,0.01888878610199027,0.5,0.5
freshc_panel_04,94168bf0403d4372ace896c9ff824f58,existing_formal_fresh_c_gallery,LLH,shallow,middle,17,32,48,1.8430434527496498,0.06077207319322042,0.15656090304255485,0.02696952943430612,0.5,0.5
freshc_panel_04,94168bf0403d4372ace896c9ff824f58,existing_formal_fresh_c_gallery,LLH,shallow,late,33,49,51,1.4632209492664712,0.07188391846184637,0.2111242264509201,0.0398106813909002,0.75,0.75
freshc_panel_05,d0e116a62bfc4cdd9edf60671073b306,existing_formal_fresh_c_gallery,No Adapter,deep,early,0,16,51,5.0823807108636,0.0,0.0,0.0,0.0,0.0
freshc_panel_05,d0e116a62bfc4cdd9edf60671073b306,existing_formal_fresh_c_gallery,No Adapter,deep,middle,17,32,48,5.524452423055966,0.0,0.0,0.0,0.0,0.0
freshc_panel_05,d0e116a62bfc4cdd9edf60671073b306,existing_formal_fresh_c_gallery,No Adapter,deep,late,33,49,51,5.584678584454107,0.0,0.0,0.0,0.0,0.0
freshc_panel_05,d0e116a62bfc4cdd9edf60671073b306,existing_formal_fresh_c_gallery,No Adapter,middle,early,0,16,51,1.8941262937059589,0.0,0.0,0.0,0.0,0.0
freshc_panel_05,d0e116a62bfc4cdd9edf60671073b306,existing_formal_fresh_c_gallery,No Adapter,middle,middle,17,32,48,2.268837901453177,0.0,0.0,0.0,0.0,0.0
freshc_panel_05,d0e116a62bfc4cdd9edf60671073b306,existing_formal_fresh_c_gallery,No Adapter,middle,late,33,49,51,2.3800405708013797,0.0,0.0,0.0,0.0,0.0
freshc_panel_05,d0e116a62bfc4cdd9edf60671073b306,existing_formal_fresh_c_gallery,No Adapter,shallow,early,0,16,51,1.7828499382617427,0.0,0.0,0.0,0.0,0.0
freshc_panel_05,d0e116a62bfc4cdd9edf60671073b306,existing_formal_fresh_c_gallery,No Adapter,shallow,middle,17,32,48,1.8057632806400459,0.0,0.0,0.0,0.0,0.0
freshc_panel_05,d0e116a62bfc4cdd9edf60671073b306,existing_formal_fresh_c_gallery,No Adapter,shallow,late,33,49,51,1.4121583571621017,0.0,0.0,0.0,0.0,0.0
freshc_panel_05,d0e116a62bfc4cdd9edf60671073b306,existing_formal_fresh_c_gallery,GFL,deep,early,0,16,51,5.443189172183766,0.739419209022148,1.5893452167510986,0.5816642285562029,1.25,1.25
freshc_panel_05,d0e116a62bfc4cdd9edf60671073b306,existing_formal_fresh_c_gallery,GFL,deep,middle,17,32,48,5.260976329445839,0.6508172905693451,1.3563218355178832,0.5190534200519323,1.25,1.25
freshc_panel_05,d0e116a62bfc4cdd9edf60671073b306,existing_formal_fresh_c_gallery,GFL,deep,late,33,49,51,5.401747843798469,0.5372885421795004,1.340749442577362,0.3812208992301249,1.25,1.25
freshc_panel_05,d0e116a62bfc4cdd9edf60671073b306,existing_formal_fresh_c_gallery,GFL,middle,early,0,16,51,1.863128528875463,0.44783174582556184,0.8051113784313202,0.49130434849682975,1.25,1.25
freshc_panel_05,d0e116a62bfc4cdd9edf60671073b306,existing_formal_fresh_c_gallery,GFL,middle,middle,17,32,48,2.08142531166474,0.5748610276107987,1.1192399263381958,0.5228756467501322,1.25,1.25
freshc_panel_05,d0e116a62bfc4cdd9edf60671073b306,existing_formal_fresh_c_gallery,GFL,middle,late,33,49,51,2.272024703960793,0.2523885728681789,0.5058019310235977,0.2575935242953254,1.25,1.25
freshc_panel_05,d0e116a62bfc4cdd9edf60671073b306,existing_formal_fresh_c_gallery,GFL,shallow,early,0,16,51,1.8171678314021988,0.0797937038062396,0.24401777237653732,0.04848773696165368,1.25,0.7999999999999998
freshc_panel_05,d0e116a62bfc4cdd9edf60671073b306,existing_formal_fresh_c_gallery,GFL,shallow,middle,17,32,48,1.8524917835990589,0.09348390019537571,0.23906440287828445,0.061210921548384555,1.25,0.7999999999999999
freshc_panel_05,d0e116a62bfc4cdd9edf60671073b306,existing_formal_fresh_c_gallery,GFL,shallow,late,33,49,51,1.4129293619417678,0.05470839169278156,0.19309426099061966,0.020698628368372024,1.25,0.7999999999999998
freshc_panel_05,d0e116a62bfc4cdd9edf60671073b306,existing_formal_fresh_c_gallery,GFH,deep,early,0,16,51,6.953364615346871,1.2698890666166942,3.178204894065857,0.6355638211848689,2.5,2.5
freshc_panel_05,d0e116a62bfc4cdd9edf60671073b306,existing_formal_fresh_c_gallery,GFH,deep,middle,17,32,48,6.291285430391629,1.1489391420036554,2.7062927007675173,0.62786012267073,2.5,2.5
freshc_panel_05,d0e116a62bfc4cdd9edf60671073b306,existing_formal_fresh_c_gallery,GFH,deep,late,33,49,51,6.29391409369076,1.011564838827825,2.689957618713379,0.5050192291245741,2.5,2.5
freshc_panel_05,d0e116a62bfc4cdd9edf60671073b306,existing_formal_fresh_c_gallery,GFH,middle,early,0,16,51,2.2518114950142656,0.5579905504105138,0.6946046352386475,0.5806790356542549,2.5,2.5
freshc_panel_05,d0e116a62bfc4cdd9edf60671073b306,existing_formal_fresh_c_gallery,GFH,middle,middle,17,32,48,2.2625627840558686,0.8202453994502624,1.4230024278163909,0.6729604055484136,2.5,2.5
freshc_panel_05,d0e116a62bfc4cdd9edf60671073b306,existing_formal_fresh_c_gallery,GFH,middle,late,33,49,51,2.340102609466104,0.5196552656444848,1.0747523307800293,0.5063783371565389,2.5,2.5
freshc_panel_05,d0e116a62bfc4cdd9edf60671073b306,existing_formal_fresh_c_gallery,GFH,shallow,early,0,16,51,1.843061438962525,0.06893059714496427,0.22237470000982285,0.03681892125628199,2.5,0.7999999999999998
freshc_panel_05,d0e116a62bfc4cdd9edf60671073b306,existing_formal_fresh_c_gallery,GFH,shallow,middle,17,32,48,1.9201604686677456,0.08344969183478194,0.22371686175465583,0.05093841835332569,2.5,0.7999999999999999
freshc_panel_05,d0e116a62bfc4cdd9edf60671073b306,existing_formal_fresh_c_gallery,GFH,shallow,late,33,49,51,1.4391095953829147,0.06522989057588811,0.2102944627404213,0.03123037435580045,2.5,0.7999999999999998
freshc_panel_05,d0e116a62bfc4cdd9edf60671073b306,existing_formal_fresh_c_gallery,C3,deep,early,0,16,51,5.443189172183766,0.739419209022148,1.5893452167510986,0.5816642285562029,1.25,1.25
freshc_panel_05,d0e116a62bfc4cdd9edf60671073b306,existing_formal_fresh_c_gallery,C3,deep,middle,17,32,48,6.265942956010501,1.1487908645843465,2.712846744060516,0.6259796041995287,2.5,2.5
freshc_panel_05,d0e116a62bfc4cdd9edf60671073b306,existing_formal_fresh_c_gallery,C3,deep,late,33,49,51,5.428715659122841,0.5403123077224282,1.3449859023094177,0.38196951837516296,1.25,1.25
freshc_panel_05,d0e116a62bfc4cdd9edf60671073b306,existing_formal_fresh_c_gallery,C3,middle,early,0,16,51,1.863128528875463,0.44783174582556184,0.8051113784313202,0.49130434849682975,1.25,1.25
freshc_panel_05,d0e116a62bfc4cdd9edf60671073b306,existing_formal_fresh_c_gallery,C3,middle,middle,17,32,48,2.260374871393045,0.8269049171358347,1.450945883989334,0.6736437442402045,2.5,2.5
freshc_panel_05,d0e116a62bfc4cdd9edf60671073b306,existing_formal_fresh_c_gallery,C3,middle,late,33,49,51,2.2707098675709143,0.25642215665064605,0.5145663172006607,0.2627317098873284,1.25,1.25
freshc_panel_05,d0e116a62bfc4cdd9edf60671073b306,existing_formal_fresh_c_gallery,C3,shallow,early,0,16,51,1.8171678314021988,0.0797937038062396,0.24401777237653732,0.04848773696165368,1.25,0.7999999999999998
freshc_panel_05,d0e116a62bfc4cdd9edf60671073b306,existing_formal_fresh_c_gallery,C3,shallow,middle,17,32,48,1.925787093738715,0.08280247733152162,0.2212013565003872,0.050256869699902985,2.5,0.7999999999999999
freshc_panel_05,d0e116a62bfc4cdd9edf60671073b306,existing_formal_fresh_c_gallery,C3,shallow,late,33,49,51,1.4113571667203717,0.057247600372077205,0.20276036113500595,0.023221973277281458,1.25,0.7999999999999998
freshc_panel_05,d0e116a62bfc4cdd9edf60671073b306,existing_formal_fresh_c_gallery,Generic Linear,deep,early,0,16,51,5.647253167395498,0.8346201385937485,1.8599638938903809,0.6047294595662285,1.4540816326530617,1.4540816326530617
freshc_panel_05,d0e116a62bfc4cdd9edf60671073b306,existing_formal_fresh_c_gallery,Generic Linear,deep,middle,17,32,48,5.704043333729108,0.9209325242166718,2.154844331741333,0.6039436248441538,1.8749999999999998,1.8749999999999998
freshc_panel_05,d0e116a62bfc4cdd9edf60671073b306,existing_formal_fresh_c_gallery,Generic Linear,deep,late,33,49,51,6.112974970948462,0.9408363419420579,2.381156802177429,0.4943022143607046,2.2959183673469385,2.2959183673469385
freshc_panel_05,d0e116a62bfc4cdd9edf60671073b306,existing_formal_fresh_c_gallery,Generic Linear,middle,early,0,16,51,1.9146741815641815,0.4725878928221908,0.7706728577613831,0.5175695179724226,1.4540816326530617,1.4540816326530617
freshc_panel_05,d0e116a62bfc4cdd9edf60671073b306,existing_formal_fresh_c_gallery,Generic Linear,middle,middle,17,32,48,2.1495448301235833,0.7534800761689743,1.3838366985321044,0.628244074061513,1.8749999999999998,1.8749999999999998
freshc_panel_05,d0e116a62bfc4cdd9edf60671073b306,existing_formal_fresh_c_gallery,Generic Linear,middle,late,33,49,51,2.3215487985049976,0.475933910000558,0.9547024071216583,0.4776765981725618,2.2959183673469385,2.2959183673469385
freshc_panel_05,d0e116a62bfc4cdd9edf60671073b306,existing_formal_fresh_c_gallery,Generic Linear,shallow,early,0,16,51,1.8180642350047242,0.0533286262321852,0.17003534734249115,0.021338031399061624,0.5408163265306122,0.5408163265306122
freshc_panel_05,d0e116a62bfc4cdd9edf60671073b306,existing_formal_fresh_c_gallery,Generic Linear,shallow,middle,17,32,48,1.8991316569348176,0.06800408993149176,0.1732526533305645,0.03518635609968138,0.625,0.625
freshc_panel_05,d0e116a62bfc4cdd9edf60671073b306,existing_formal_fresh_c_gallery,Generic Linear,shallow,late,33,49,51,1.4290707906087239,0.05778859375848198,0.18357903510332108,0.024865245307891574,0.7091836734693878,0.7091836734693878
freshc_panel_05,d0e116a62bfc4cdd9edf60671073b306,existing_formal_fresh_c_gallery,LLH,deep,early,0,16,51,5.451550048940322,0.7400981065104989,1.589303433895111,0.581284178238289,1.25,1.25
freshc_panel_05,d0e116a62bfc4cdd9edf60671073b306,existing_formal_fresh_c_gallery,LLH,deep,middle,17,32,48,5.241642584403356,0.6546970096727213,1.3582661151885986,0.5233382158912718,1.25,1.25
freshc_panel_05,d0e116a62bfc4cdd9edf60671073b306,existing_formal_fresh_c_gallery,LLH,deep,late,33,49,51,6.258614801893048,1.0256986641416364,2.716962218284607,0.5064091960004732,2.5,2.5
freshc_panel_05,d0e116a62bfc4cdd9edf60671073b306,existing_formal_fresh_c_gallery,LLH,middle,early,0,16,51,1.8637115628111596,0.4477199666640338,0.80520099401474,0.49121632879855587,1.25,1.25
freshc_panel_05,d0e116a62bfc4cdd9edf60671073b306,existing_formal_fresh_c_gallery,LLH,middle,middle,17,32,48,2.0661190673708916,0.5842217287669579,1.1223003029823304,0.5286726675306758,1.25,1.25
freshc_panel_05,d0e116a62bfc4cdd9edf60671073b306,existing_formal_fresh_c_gallery,LLH,middle,late,33,49,51,2.3381925540811874,0.5280874362763237,1.1100825667381287,0.5097875934021145,2.5,2.5
freshc_panel_05,d0e116a62bfc4cdd9edf60671073b306,existing_formal_fresh_c_gallery,LLH,shallow,early,0,16,51,1.812985195833094,0.050118795673673354,0.1527908593416214,0.017139181306211136,0.5,0.5
freshc_panel_05,d0e116a62bfc4cdd9edf60671073b306,existing_formal_fresh_c_gallery,LLH,shallow,middle,17,32,48,1.8494907778998215,0.05910137528553605,0.14987584799528123,0.023453777376441092,0.5,0.5
freshc_panel_05,d0e116a62bfc4cdd9edf60671073b306,existing_formal_fresh_c_gallery,LLH,shallow,late,33,49,51,1.4443048729616053,0.06332809594003301,0.19966936856508255,0.02981918591460414,0.75,0.75
freshc_panel_06,033fc9d942504cb9b571dc088f6e68f2,existing_formal_fresh_c_gallery,No Adapter,deep,early,0,16,51,5.1890604122012265,0.0,0.0,0.0,0.0,0.0
freshc_panel_06,033fc9d942504cb9b571dc088f6e68f2,existing_formal_fresh_c_gallery,No Adapter,deep,middle,17,32,48,5.580308939019839,0.0,0.0,0.0,0.0,0.0
freshc_panel_06,033fc9d942504cb9b571dc088f6e68f2,existing_formal_fresh_c_gallery,No Adapter,deep,late,33,49,51,5.6521471808938415,0.0,0.0,0.0,0.0,0.0
freshc_panel_06,033fc9d942504cb9b571dc088f6e68f2,existing_formal_fresh_c_gallery,No Adapter,middle,early,0,16,51,1.903904284916672,0.0,0.0,0.0,0.0,0.0
freshc_panel_06,033fc9d942504cb9b571dc088f6e68f2,existing_formal_fresh_c_gallery,No Adapter,middle,middle,17,32,48,2.250401385128498,0.0,0.0,0.0,0.0,0.0
freshc_panel_06,033fc9d942504cb9b571dc088f6e68f2,existing_formal_fresh_c_gallery,No Adapter,middle,late,33,49,51,2.370996779086543,0.0,0.0,0.0,0.0,0.0
freshc_panel_06,033fc9d942504cb9b571dc088f6e68f2,existing_formal_fresh_c_gallery,No Adapter,shallow,early,0,16,51,1.7860473639824812,0.0,0.0,0.0,0.0,0.0
freshc_panel_06,033fc9d942504cb9b571dc088f6e68f2,existing_formal_fresh_c_gallery,No Adapter,shallow,middle,17,32,48,1.8036771801610787,0.0,0.0,0.0,0.0,0.0
freshc_panel_06,033fc9d942504cb9b571dc088f6e68f2,existing_formal_fresh_c_gallery,No Adapter,shallow,late,33,49,51,1.4102041008425694,0.0,0.0,0.0,0.0,0.0
freshc_panel_06,033fc9d942504cb9b571dc088f6e68f2,existing_formal_fresh_c_gallery,GFL,deep,early,0,16,51,5.668265183766683,0.7348699967066447,1.556078553199768,0.5806451445701075,1.25,1.25
freshc_panel_06,033fc9d942504cb9b571dc088f6e68f2,existing_formal_fresh_c_gallery,GFL,deep,middle,17,32,48,5.4035331557194395,0.6518690402929982,1.3496185004711152,0.5290080015547574,1.25,1.25
freshc_panel_06,033fc9d942504cb9b571dc088f6e68f2,existing_formal_fresh_c_gallery,GFL,deep,late,33,49,51,5.444473289975933,0.5535778438343721,1.3008330464363098,0.3985493375974543,1.25,1.25
freshc_panel_06,033fc9d942504cb9b571dc088f6e68f2,existing_formal_fresh_c_gallery,GFL,middle,early,0,16,51,1.9019235723158892,0.4364219313743068,0.7446333765983582,0.49515529123007085,1.25,1.25
freshc_panel_06,033fc9d942504cb9b571dc088f6e68f2,existing_formal_fresh_c_gallery,GFL,middle,middle,17,32,48,2.083617533246676,0.6018955297768116,1.1378700017929078,0.555108331143856,1.25,1.25
freshc_panel_06,033fc9d942504cb9b571dc088f6e68f2,existing_formal_fresh_c_gallery,GFL,middle,late,33,49,51,2.279211544523052,0.2779982037404004,0.6057295501232147,0.2892149049496534,1.25,1.25
freshc_panel_06,033fc9d942504cb9b571dc088f6e68f2,existing_formal_fresh_c_gallery,GFL,shallow,early,0,16,51,1.8131410315925,0.07498625906038225,0.23856376856565475,0.04389832196095228,1.25,0.7999999999999998
freshc_panel_06,033fc9d942504cb9b571dc088f6e68f2,existing_formal_fresh_c_gallery,GFL,shallow,middle,17,32,48,1.8557637507716815,0.09185748255307165,0.23958323672413825,0.06060757365291162,1.25,0.7999999999999999
freshc_panel_06,033fc9d942504cb9b571dc088f6e68f2,existing_formal_fresh_c_gallery,GFL,shallow,late,33,49,51,1.4170944679017161,0.054054540846789,0.2095567062497139,0.02182851668775958,1.25,0.7999999999999998
freshc_panel_06,033fc9d942504cb9b571dc088f6e68f2,existing_formal_fresh_c_gallery,GFH,deep,early,0,16,51,7.231128636528464,1.2530748476000393,3.11238431930542,0.6327884390073664,2.5,2.5
freshc_panel_06,033fc9d942504cb9b571dc088f6e68f2,existing_formal_fresh_c_gallery,GFH,deep,middle,17,32,48,6.4977366129557295,1.1465986041973035,2.735009205341339,0.6363858052839836,2.5,2.5
freshc_panel_06,033fc9d942504cb9b571dc088f6e68f2,existing_formal_fresh_c_gallery,GFH,deep,late,33,49,51,6.436150747186997,1.0243289552482904,2.611649990081787,0.5146207844509798,2.5,2.5
freshc_panel_06,033fc9d942504cb9b571dc088f6e68f2,existing_formal_fresh_c_gallery,GFH,middle,early,0,16,51,2.3125759924159333,0.5496077461569917,0.6785336136817932,0.5880321182456671,2.5,2.5
freshc_panel_06,033fc9d942504cb9b571dc088f6e68f2,existing_formal_fresh_c_gallery,GFH,middle,middle,17,32,48,2.3055468648672104,0.8210266195237637,1.4279528617858888,0.6912250046928724,2.5,2.5
freshc_panel_06,033fc9d942504cb9b571dc088f6e68f2,existing_formal_fresh_c_gallery,GFH,middle,late,33,49,51,2.3518686551673738,0.564832901837779,1.2043493390083313,0.5438042995976466,2.5,2.5
freshc_panel_06,033fc9d942504cb9b571dc088f6e68f2,existing_formal_fresh_c_gallery,GFH,shallow,early,0,16,51,1.8426733192275553,0.0647126347849182,0.2122661992907524,0.03285979402240699,2.5,0.7999999999999998
freshc_panel_06,033fc9d942504cb9b571dc088f6e68f2,existing_formal_fresh_c_gallery,GFH,shallow,middle,17,32,48,1.9159694102903206,0.08184244651541424,0.2235654130578041,0.05060257622487067,2.5,0.7999999999999999
freshc_panel_06,033fc9d942504cb9b571dc088f6e68f2,existing_formal_fresh_c_gallery,GFH,shallow,late,33,49,51,1.4496995841755587,0.06484750644577776,0.2053176909685135,0.031999776484536044,2.5,0.7999999999999998
freshc_panel_06,033fc9d942504cb9b571dc088f6e68f2,existing_formal_fresh_c_gallery,C3,deep,early,0,16,51,5.668265183766683,0.7348699967066447,1.556078553199768,0.5806451445701075,1.25,1.25
freshc_panel_06,033fc9d942504cb9b571dc088f6e68f2,existing_formal_fresh_c_gallery,C3,deep,middle,17,32,48,6.440621813138326,1.1466468007614214,2.7008798718452454,0.6375705221047004,2.5,2.5
freshc_panel_06,033fc9d942504cb9b571dc088f6e68f2,existing_formal_fresh_c_gallery,C3,deep,late,33,49,51,5.476620211320765,0.5510675270183414,1.3026365637779236,0.3955654396730311,1.25,1.25
freshc_panel_06,033fc9d942504cb9b571dc088f6e68f2,existing_formal_fresh_c_gallery,C3,middle,early,0,16,51,1.9019235723158892,0.4364219313743068,0.7446333765983582,0.49515529123007085,1.25,1.25
freshc_panel_06,033fc9d942504cb9b571dc088f6e68f2,existing_formal_fresh_c_gallery,C3,middle,middle,17,32,48,2.3010917926828065,0.827098031838735,1.4561241447925568,0.692082996169726,2.5,2.5
freshc_panel_06,033fc9d942504cb9b571dc088f6e68f2,existing_formal_fresh_c_gallery,C3,middle,late,33,49,51,2.2745572772680545,0.2782029569441197,0.6021712422370911,0.28981992880832036,1.25,1.25
freshc_panel_06,033fc9d942504cb9b571dc088f6e68f2,existing_formal_fresh_c_gallery,C3,shallow,early,0,16,51,1.8131410315925,0.07498625906038225,0.23856376856565475,0.04389832196095228,1.25,0.7999999999999998
freshc_panel_06,033fc9d942504cb9b571dc088f6e68f2,existing_formal_fresh_c_gallery,C3,shallow,middle,17,32,48,1.9215789698064327,0.08120444447073775,0.22076125293970109,0.04979924342721157,2.5,0.7999999999999999
freshc_panel_06,033fc9d942504cb9b571dc088f6e68f2,existing_formal_fresh_c_gallery,C3,shallow,late,33,49,51,1.4141669588930466,0.05619170355117496,0.21124492585659027,0.023245529604929628,1.25,0.7999999999999998
freshc_panel_06,033fc9d942504cb9b571dc088f6e68f2,existing_formal_fresh_c_gallery,Generic Linear,deep,early,0,16,51,5.87646622283786,0.8278228213974074,1.8798580765724182,0.6023497254240746,1.4540816326530617,1.4540816326530617
freshc_panel_06,033fc9d942504cb9b571dc088f6e68f2,existing_formal_fresh_c_gallery,Generic Linear,deep,middle,17,32,48,5.870171944300334,0.9207851613561312,2.1199808716773987,0.6125929846117893,1.8749999999999998,1.8749999999999998
freshc_panel_06,033fc9d942504cb9b571dc088f6e68f2,existing_formal_fresh_c_gallery,Generic Linear,deep,late,33,49,51,6.238382886437809,0.9570683483399597,2.4538601636886597,0.5086754767918119,2.2959183673469385,2.2959183673469385
freshc_panel_06,033fc9d942504cb9b571dc088f6e68f2,existing_formal_fresh_c_gallery,Generic Linear,middle,early,0,16,51,1.9591092128379672,0.4616645516133776,0.7143072187900543,0.5220295307683009,1.4540816326530617,1.4540816326530617
freshc_panel_06,033fc9d942504cb9b571dc088f6e68f2,existing_formal_fresh_c_gallery,Generic Linear,middle,middle,17,32,48,2.1744249860445657,0.7628722488880157,1.4039365708827973,0.6509330049157143,1.8749999999999998,1.8749999999999998
freshc_panel_06,033fc9d942504cb9b571dc088f6e68f2,existing_formal_fresh_c_gallery,Generic Linear,middle,late,33,49,51,2.3307351879045073,0.5272021653021083,1.1240441799163818,0.5201246113169427,2.2959183673469385,2.2959183673469385
freshc_panel_06,033fc9d942504cb9b571dc088f6e68f2,existing_formal_fresh_c_gallery,Generic Linear,shallow,early,0,16,51,1.8141391592867233,0.050079195874323156,0.16505543142557144,0.018711863936825432,0.5408163265306122,0.5408163265306122
freshc_panel_06,033fc9d942504cb9b571dc088f6e68f2,existing_formal_fresh_c_gallery,Generic Linear,shallow,middle,17,32,48,1.8974025323987007,0.06665823795871499,0.17285806089639663,0.034912015724936886,0.625,0.625
freshc_panel_06,033fc9d942504cb9b571dc088f6e68f2,existing_formal_fresh_c_gallery,Generic Linear,shallow,late,33,49,51,1.4406170611288034,0.05846550233442994,0.18180042505264282,0.02655509158320652,0.7091836734693878,0.7091836734693878
freshc_panel_06,033fc9d942504cb9b571dc088f6e68f2,existing_formal_fresh_c_gallery,LLH,deep,early,0,16,51,5.673385853860893,0.7348967223775154,1.5559753775596619,0.580397336506376,1.25,1.25
freshc_panel_06,033fc9d942504cb9b571dc088f6e68f2,existing_formal_fresh_c_gallery,LLH,deep,middle,17,32,48,5.3948504229386645,0.6551014361903071,1.3594125926494598,0.5311269803593556,1.25,1.25
freshc_panel_06,033fc9d942504cb9b571dc088f6e68f2,existing_formal_fresh_c_gallery,LLH,deep,late,33,49,51,6.386760234832764,1.042012100126229,2.6218464374542236,0.5238652129968008,2.5,2.5
freshc_panel_06,033fc9d942504cb9b571dc088f6e68f2,existing_formal_fresh_c_gallery,LLH,middle,early,0,16,51,1.9020242889722188,0.43639152833059724,0.7447128593921661,0.4950915002355389,1.25,1.25
freshc_panel_06,033fc9d942504cb9b571dc088f6e68f2,existing_formal_fresh_c_gallery,LLH,middle,middle,17,32,48,2.0719825103878975,0.6070616543292999,1.1382031738758087,0.5591011326760054,1.25,1.25
freshc_panel_06,033fc9d942504cb9b571dc088f6e68f2,existing_formal_fresh_c_gallery,LLH,middle,late,33,49,51,2.3487016196344412,0.5889337322875565,1.2877082228660583,0.5563910460355235,2.5,2.5
freshc_panel_06,033fc9d942504cb9b571dc088f6e68f2,existing_formal_fresh_c_gallery,LLH,shallow,early,0,16,51,1.8090753379990072,0.04709641578351604,0.14930222183465958,0.014906042800765707,0.5,0.5
freshc_panel_06,033fc9d942504cb9b571dc088f6e68f2,existing_formal_fresh_c_gallery,LLH,shallow,middle,17,32,48,1.8512665120263894,0.05792317802843172,0.15031943172216417,0.02294182357036334,0.5,0.5
freshc_panel_06,033fc9d942504cb9b571dc088f6e68f2,existing_formal_fresh_c_gallery,LLH,shallow,late,33,49,51,1.459366505052529,0.06446350993150297,0.19586733728647232,0.03176265726534778,0.75,0.75
freshc_panel_07,3c83796ca5f043f1beb8044dd2e51a0d,existing_formal_fresh_c_gallery,No Adapter,deep,early,0,16,51,4.997495459575279,0.0,0.0,0.0,0.0,0.0
freshc_panel_07,3c83796ca5f043f1beb8044dd2e51a0d,existing_formal_fresh_c_gallery,No Adapter,deep,middle,17,32,48,5.5874573191006975,0.0,0.0,0.0,0.0,0.0
freshc_panel_07,3c83796ca5f043f1beb8044dd2e51a0d,existing_formal_fresh_c_gallery,No Adapter,deep,late,33,49,51,5.609198574926339,0.0,0.0,0.0,0.0,0.0
freshc_panel_07,3c83796ca5f043f1beb8044dd2e51a0d,existing_formal_fresh_c_gallery,No Adapter,middle,early,0,16,51,1.891109664066165,0.0,0.0,0.0,0.0,0.0
freshc_panel_07,3c83796ca5f043f1beb8044dd2e51a0d,existing_formal_fresh_c_gallery,No Adapter,middle,middle,17,32,48,2.2322044198711715,0.0,0.0,0.0,0.0,0.0
freshc_panel_07,3c83796ca5f043f1beb8044dd2e51a0d,existing_formal_fresh_c_gallery,No Adapter,middle,late,33,49,51,2.3547469330768958,0.0,0.0,0.0,0.0,0.0
freshc_panel_07,3c83796ca5f043f1beb8044dd2e51a0d,existing_formal_fresh_c_gallery,No Adapter,shallow,early,0,16,51,1.7824628949165344,0.0,0.0,0.0,0.0,0.0
freshc_panel_07,3c83796ca5f043f1beb8044dd2e51a0d,existing_formal_fresh_c_gallery,No Adapter,shallow,middle,17,32,48,1.7961958323915799,0.0,0.0,0.0,0.0,0.0
freshc_panel_07,3c83796ca5f043f1beb8044dd2e51a0d,existing_formal_fresh_c_gallery,No Adapter,shallow,late,33,49,51,1.4083431655285406,0.0,0.0,0.0,0.0,0.0
freshc_panel_07,3c83796ca5f043f1beb8044dd2e51a0d,existing_formal_fresh_c_gallery,GFL,deep,early,0,16,51,5.241436719894409,0.7267492127184775,1.5702899098396301,0.5853261462613648,1.25,1.25
freshc_panel_07,3c83796ca5f043f1beb8044dd2e51a0d,existing_formal_fresh_c_gallery,GFL,deep,middle,17,32,48,5.3225108832120895,0.6318348416437706,1.3326769649982453,0.5069061952332655,1.25,1.25
freshc_panel_07,3c83796ca5f043f1beb8044dd2e51a0d,existing_formal_fresh_c_gallery,GFL,deep,late,33,49,51,5.3993023283341355,0.5320464057080886,1.3079562187194824,0.3827837185532439,1.25,1.25
freshc_panel_07,3c83796ca5f043f1beb8044dd2e51a0d,existing_formal_fresh_c_gallery,GFL,middle,early,0,16,51,1.8386685520994897,0.43242348818218007,0.7861247658729553,0.46030602910939383,1.25,1.25
freshc_panel_07,3c83796ca5f043f1beb8044dd2e51a0d,existing_formal_fresh_c_gallery,GFL,middle,middle,17,32,48,2.0675227865576744,0.5750136151909828,1.0949480950832366,0.5032189078629017,1.25,1.25
freshc_panel_07,3c83796ca5f043f1beb8044dd2e51a0d,existing_formal_fresh_c_gallery,GFL,middle,late,33,49,51,2.21630312648474,0.28230610694371017,0.6520634591579437,0.2775840156474242,1.25,1.25
freshc_panel_07,3c83796ca5f043f1beb8044dd2e51a0d,existing_formal_fresh_c_gallery,GFL,shallow,early,0,16,51,1.8099309521562912,0.08270791211329839,0.2568472921848297,0.05089499557096347,1.25,0.7999999999999998
freshc_panel_07,3c83796ca5f043f1beb8044dd2e51a0d,existing_formal_fresh_c_gallery,GFL,shallow,middle,17,32,48,1.8424071955184143,0.09987946356219861,0.2562204241752625,0.06604793683315317,1.25,0.7999999999999999
freshc_panel_07,3c83796ca5f043f1beb8044dd2e51a0d,existing_formal_fresh_c_gallery,GFL,shallow,late,33,49,51,1.4121636748313904,0.07356886717253457,0.2500898167490959,0.037733900094833954,1.25,0.7999999999999998
freshc_panel_07,3c83796ca5f043f1beb8044dd2e51a0d,existing_formal_fresh_c_gallery,GFH,deep,early,0,16,51,6.630630680159027,1.2483356349608477,3.139635682106018,0.6482780850401112,2.5,2.5
freshc_panel_07,3c83796ca5f043f1beb8044dd2e51a0d,existing_formal_fresh_c_gallery,GFH,deep,middle,17,32,48,6.291785910725594,1.1271185390651226,2.661305272579193,0.6250044032931328,2.5,2.5
freshc_panel_07,3c83796ca5f043f1beb8044dd2e51a0d,existing_formal_fresh_c_gallery,GFH,deep,late,33,49,51,6.313515915590174,0.9923606751596227,2.6193448305130005,0.5043178446152631,2.5,2.5
freshc_panel_07,3c83796ca5f043f1beb8044dd2e51a0d,existing_formal_fresh_c_gallery,GFH,middle,early,0,16,51,2.2037107874365414,0.5523087592685924,0.6901617348194122,0.5565626264787188,2.5,2.5
freshc_panel_07,3c83796ca5f043f1beb8044dd2e51a0d,existing_formal_fresh_c_gallery,GFH,middle,middle,17,32,48,2.2408942580223083,0.8342531379312277,1.4765923738479614,0.6500769009192785,2.5,2.5
freshc_panel_07,3c83796ca5f043f1beb8044dd2e51a0d,existing_formal_fresh_c_gallery,GFH,middle,late,33,49,51,2.3186938809413538,0.546619779046844,1.206258237361908,0.5046781146643209,2.5,2.5
freshc_panel_07,3c83796ca5f043f1beb8044dd2e51a0d,existing_formal_fresh_c_gallery,GFH,shallow,early,0,16,51,1.8376612160720078,0.07228661211682301,0.23146378248929977,0.04001364354874514,2.5,0.7999999999999998
freshc_panel_07,3c83796ca5f043f1beb8044dd2e51a0d,existing_formal_fresh_c_gallery,GFH,shallow,middle,17,32,48,1.918458841741085,0.08683834626572207,0.2328581839799881,0.05393224545089955,2.5,0.7999999999999999
freshc_panel_07,3c83796ca5f043f1beb8044dd2e51a0d,existing_formal_fresh_c_gallery,GFH,shallow,late,33,49,51,1.4433080729316263,0.07463984461683854,0.22606348991394043,0.03964978638310533,2.5,0.7999999999999998
freshc_panel_07,3c83796ca5f043f1beb8044dd2e51a0d,existing_formal_fresh_c_gallery,C3,deep,early,0,16,51,5.241436719894409,0.7267492127184775,1.5702899098396301,0.5853261462613648,1.25,1.25
freshc_panel_07,3c83796ca5f043f1beb8044dd2e51a0d,existing_formal_fresh_c_gallery,C3,deep,middle,17,32,48,6.275020599365234,1.1262275610739987,2.6663235068321227,0.6224380377680063,2.5,2.5
freshc_panel_07,3c83796ca5f043f1beb8044dd2e51a0d,existing_formal_fresh_c_gallery,C3,deep,late,33,49,51,5.410188824522729,0.5345321753445793,1.3186509013175964,0.3861947052326857,1.25,1.25
freshc_panel_07,3c83796ca5f043f1beb8044dd2e51a0d,existing_formal_fresh_c_gallery,C3,middle,early,0,16,51,1.8386685520994897,0.43242348818218007,0.7861247658729553,0.46030602910939383,1.25,1.25
freshc_panel_07,3c83796ca5f043f1beb8044dd2e51a0d,existing_formal_fresh_c_gallery,C3,middle,middle,17,32,48,2.240258110066255,0.8396134320646524,1.5000517189502716,0.6505182795226574,2.5,2.5
freshc_panel_07,3c83796ca5f043f1beb8044dd2e51a0d,existing_formal_fresh_c_gallery,C3,middle,late,33,49,51,2.216580963602253,0.2820323263021076,0.6593112349510193,0.277076884711563,1.25,1.25
freshc_panel_07,3c83796ca5f043f1beb8044dd2e51a0d,existing_formal_fresh_c_gallery,C3,shallow,early,0,16,51,1.8099309521562912,0.08270791211329839,0.2568472921848297,0.05089499557096347,1.25,0.7999999999999998
freshc_panel_07,3c83796ca5f043f1beb8044dd2e51a0d,existing_formal_fresh_c_gallery,C3,shallow,middle,17,32,48,1.9234068778653939,0.08638106714352034,0.2313216082751751,0.0534636741928504,2.5,0.7999999999999999
freshc_panel_07,3c83796ca5f043f1beb8044dd2e51a0d,existing_formal_fresh_c_gallery,C3,shallow,late,33,49,51,1.4096064158514434,0.07266328854522869,0.25094185024499893,0.0369818715102441,1.25,0.7999999999999998
freshc_panel_07,3c83796ca5f043f1beb8044dd2e51a0d,existing_formal_fresh_c_gallery,Generic Linear,deep,early,0,16,51,5.412122791888667,0.8222689166957257,1.7766465544700623,0.613248606522878,1.4540816326530617,1.4540816326530617
freshc_panel_07,3c83796ca5f043f1beb8044dd2e51a0d,existing_formal_fresh_c_gallery,Generic Linear,deep,middle,17,32,48,5.716804549098015,0.9008305333554745,2.074422597885132,0.5965994438156486,1.8749999999999998,1.8749999999999998
freshc_panel_07,3c83796ca5f043f1beb8044dd2e51a0d,existing_formal_fresh_c_gallery,Generic Linear,deep,late,33,49,51,6.108619376724842,0.9268986623661191,2.3649518489837646,0.4962359938551398,2.2959183673469385,2.2959183673469385
freshc_panel_07,3c83796ca5f043f1beb8044dd2e51a0d,existing_formal_fresh_c_gallery,Generic Linear,middle,early,0,16,51,1.883206494882995,0.46123213335579516,0.7711423933506012,0.488367181782629,1.4540816326530617,1.4540816326530617
freshc_panel_07,3c83796ca5f043f1beb8044dd2e51a0d,existing_formal_fresh_c_gallery,Generic Linear,middle,middle,17,32,48,2.129742053647836,0.761791909734408,1.4107997119426727,0.6063764716188113,1.8749999999999998,1.8749999999999998
freshc_panel_07,3c83796ca5f043f1beb8044dd2e51a0d,existing_formal_fresh_c_gallery,Generic Linear,middle,late,33,49,51,2.2923831238466152,0.513909225954729,1.1222683191299438,0.4841982622941335,2.2959183673469385,2.2959183673469385
freshc_panel_07,3c83796ca5f043f1beb8044dd2e51a0d,existing_formal_fresh_c_gallery,Generic Linear,shallow,early,0,16,51,1.8112872815599628,0.055294962385304125,0.1775665581226349,0.023219440019214315,0.5408163265306122,0.5408163265306122
freshc_panel_07,3c83796ca5f043f1beb8044dd2e51a0d,existing_formal_fresh_c_gallery,Generic Linear,shallow,middle,17,32,48,1.8920766736070316,0.07154069350993571,0.18252362534403802,0.038772701522854426,0.625,0.625
freshc_panel_07,3c83796ca5f043f1beb8044dd2e51a0d,existing_formal_fresh_c_gallery,Generic Linear,shallow,late,33,49,51,1.4346475741442513,0.06877146050443544,0.2028454765677452,0.034381564221500106,0.7091836734693878,0.7091836734693878
freshc_panel_07,3c83796ca5f043f1beb8044dd2e51a0d,existing_formal_fresh_c_gallery,LLH,deep,early,0,16,51,5.242179365719066,0.7273380423293394,1.570322871208191,0.5854864284103992,1.25,1.25
freshc_panel_07,3c83796ca5f043f1beb8044dd2e51a0d,existing_formal_fresh_c_gallery,LLH,deep,middle,17,32,48,5.2942670087019605,0.6363547990719477,1.3373389780521392,0.5122851763541499,1.25,1.25
freshc_panel_07,3c83796ca5f043f1beb8044dd2e51a0d,existing_formal_fresh_c_gallery,LLH,deep,late,33,49,51,6.269618015663297,1.0042354242474425,2.6344085931777954,0.5059088684764563,2.5,2.5
freshc_panel_07,3c83796ca5f043f1beb8044dd2e51a0d,existing_formal_fresh_c_gallery,LLH,middle,early,0,16,51,1.8383175146345998,0.43256277196547566,0.7871240675449371,0.46040482263939053,1.25,1.25
freshc_panel_07,3c83796ca5f043f1beb8044dd2e51a0d,existing_formal_fresh_c_gallery,LLH,middle,middle,17,32,48,2.0488080009818077,0.5850068892662724,1.1021030306816102,0.5096645827094713,1.25,1.25
freshc_panel_07,3c83796ca5f043f1beb8044dd2e51a0d,existing_formal_fresh_c_gallery,LLH,middle,late,33,49,51,2.3129155331966924,0.5669839513652465,1.2633835673332214,0.513708866110035,2.5,2.5
freshc_panel_07,3c83796ca5f043f1beb8044dd2e51a0d,existing_formal_fresh_c_gallery,LLH,shallow,early,0,16,51,1.8054190383237951,0.051979232848822776,0.16080600768327713,0.01934118437285785,0.5,0.5
freshc_panel_07,3c83796ca5f043f1beb8044dd2e51a0d,existing_formal_fresh_c_gallery,LLH,shallow,middle,17,32,48,1.8381493277847767,0.06294771824226093,0.16048394814133643,0.027380266782832525,0.5,0.5
freshc_panel_07,3c83796ca5f043f1beb8044dd2e51a0d,existing_formal_fresh_c_gallery,LLH,shallow,late,33,49,51,1.4534190413998622,0.074582117956643,0.21692249178886414,0.03964738251057034,0.75,0.75
freshc_panel_08,0f1a74942b204c80a657fefe10e13050,existing_formal_fresh_c_gallery,No Adapter,deep,early,0,16,51,5.1415883606555415,0.0,0.0,0.0,0.0,0.0
freshc_panel_08,0f1a74942b204c80a657fefe10e13050,existing_formal_fresh_c_gallery,No Adapter,deep,middle,17,32,48,5.542739535371463,0.0,0.0,0.0,0.0,0.0
freshc_panel_08,0f1a74942b204c80a657fefe10e13050,existing_formal_fresh_c_gallery,No Adapter,deep,late,33,49,51,5.525507342581656,0.0,0.0,0.0,0.0,0.0
freshc_panel_08,0f1a74942b204c80a657fefe10e13050,existing_formal_fresh_c_gallery,No Adapter,middle,early,0,16,51,1.8991557383069806,0.0,0.0,0.0,0.0,0.0
freshc_panel_08,0f1a74942b204c80a657fefe10e13050,existing_formal_fresh_c_gallery,No Adapter,middle,middle,17,32,48,2.2694764410456023,0.0,0.0,0.0,0.0,0.0
freshc_panel_08,0f1a74942b204c80a657fefe10e13050,existing_formal_fresh_c_gallery,No Adapter,middle,late,33,49,51,2.387574401556277,0.0,0.0,0.0,0.0,0.0
freshc_panel_08,0f1a74942b204c80a657fefe10e13050,existing_formal_fresh_c_gallery,No Adapter,shallow,early,0,16,51,1.785690375402862,0.0,0.0,0.0,0.0,0.0
freshc_panel_08,0f1a74942b204c80a657fefe10e13050,existing_formal_fresh_c_gallery,No Adapter,shallow,middle,17,32,48,1.800851574788491,0.0,0.0,0.0,0.0,0.0
freshc_panel_08,0f1a74942b204c80a657fefe10e13050,existing_formal_fresh_c_gallery,No Adapter,shallow,late,33,49,51,1.4064473579911625,0.0,0.0,0.0,0.0,0.0
freshc_panel_08,0f1a74942b204c80a657fefe10e13050,existing_formal_fresh_c_gallery,GFL,deep,early,0,16,51,5.47332150328393,0.7186102779472575,1.523697018623352,0.5825553074771282,1.25,1.25
freshc_panel_08,0f1a74942b204c80a657fefe10e13050,existing_formal_fresh_c_gallery,GFL,deep,middle,17,32,48,5.300588836272557,0.6424487847834826,1.3285270631313324,0.5212694659518698,1.25,1.25
freshc_panel_08,0f1a74942b204c80a657fefe10e13050,existing_formal_fresh_c_gallery,GFL,deep,late,33,49,51,5.313529201582367,0.5378620829067978,1.337282419204712,0.3904397229061407,1.25,1.25
freshc_panel_08,0f1a74942b204c80a657fefe10e13050,existing_formal_fresh_c_gallery,GFL,middle,early,0,16,51,1.8700240219340605,0.4184241435107063,0.7355528473854065,0.4409410497721504,1.25,1.25
freshc_panel_08,0f1a74942b204c80a657fefe10e13050,existing_formal_fresh_c_gallery,GFL,middle,middle,17,32,48,2.041585825383663,0.5662859212607145,1.0718231618404388,0.4890228311220805,1.25,1.25
freshc_panel_08,0f1a74942b204c80a657fefe10e13050,existing_formal_fresh_c_gallery,GFL,middle,late,33,49,51,2.218172461378808,0.2732792866288447,0.6415981948375702,0.26161157281375397,1.25,1.25
freshc_panel_08,0f1a74942b204c80a657fefe10e13050,existing_formal_fresh_c_gallery,GFL,shallow,early,0,16,51,1.8194486744263594,0.07961992125081666,0.24394768476486206,0.04671805613193725,1.25,0.7999999999999998
freshc_panel_08,0f1a74942b204c80a657fefe10e13050,existing_formal_fresh_c_gallery,GFL,shallow,middle,17,32,48,1.8443908020853996,0.10005590440899444,0.2503322660923004,0.06493157652827601,1.25,0.7999999999999999
freshc_panel_08,0f1a74942b204c80a657fefe10e13050,existing_formal_fresh_c_gallery,GFL,shallow,late,33,49,51,1.4160695449978697,0.06837014494208145,0.23926298320293427,0.03157272003248662,1.25,0.7999999999999998
freshc_panel_08,0f1a74942b204c80a657fefe10e13050,existing_formal_fresh_c_gallery,GFH,deep,early,0,16,51,6.908461776434207,1.2224056299994974,3.046640992164612,0.6394319364837572,2.5,2.5
freshc_panel_08,0f1a74942b204c80a657fefe10e13050,existing_formal_fresh_c_gallery,GFH,deep,middle,17,32,48,6.318018103639285,1.127810868434608,2.634199333190918,0.6315068919211626,2.5,2.5
freshc_panel_08,0f1a74942b204c80a657fefe10e13050,existing_formal_fresh_c_gallery,GFH,deep,late,33,49,51,6.190496000589109,1.0020796995536954,2.663152813911438,0.5086632265764124,2.5,2.5
freshc_panel_08,0f1a74942b204c80a657fefe10e13050,existing_formal_fresh_c_gallery,GFH,middle,early,0,16,51,2.217118066899917,0.5495622549571243,0.6709989011287689,0.5437846540236005,2.5,2.5
freshc_panel_08,0f1a74942b204c80a657fefe10e13050,existing_formal_fresh_c_gallery,GFH,middle,middle,17,32,48,2.233585295577844,0.8243832681328058,1.4778533160686493,0.6305132036407789,2.5,2.5
freshc_panel_08,0f1a74942b204c80a657fefe10e13050,existing_formal_fresh_c_gallery,GFH,middle,late,33,49,51,2.291771498380923,0.5456346863625097,1.2113896012306213,0.4925354885704377,2.5,2.5
freshc_panel_08,0f1a74942b204c80a657fefe10e13050,existing_formal_fresh_c_gallery,GFH,shallow,early,0,16,51,1.8428542625670339,0.07333633994829714,0.22776465862989426,0.04024647458045008,2.5,0.7999999999999998
freshc_panel_08,0f1a74942b204c80a657fefe10e13050,existing_formal_fresh_c_gallery,GFH,shallow,middle,17,32,48,1.91809577246507,0.08769671825575642,0.2293175421655178,0.053180941821968496,2.5,0.7999999999999999
freshc_panel_08,0f1a74942b204c80a657fefe10e13050,existing_formal_fresh_c_gallery,GFH,shallow,late,33,49,51,1.4465619056832557,0.07399984513062473,0.22238729149103165,0.037716547058046085,2.5,0.7999999999999998
freshc_panel_08,0f1a74942b204c80a657fefe10e13050,existing_formal_fresh_c_gallery,C3,deep,early,0,16,51,5.47332150328393,0.7186102779472575,1.523697018623352,0.5825553074771282,1.25,1.25
freshc_panel_08,0f1a74942b204c80a657fefe10e13050,existing_formal_fresh_c_gallery,C3,deep,middle,17,32,48,6.29315563539664,1.129986931880315,2.639007842540741,0.6307772217939297,2.5,2.5
freshc_panel_08,0f1a74942b204c80a657fefe10e13050,existing_formal_fresh_c_gallery,C3,deep,late,33,49,51,5.342255036036174,0.5377802767005622,1.332383930683136,0.3890734125001758,1.25,1.25
freshc_panel_08,0f1a74942b204c80a657fefe10e13050,existing_formal_fresh_c_gallery,C3,middle,early,0,16,51,1.8700240219340605,0.4184241435107063,0.7355528473854065,0.4409410497721504,1.25,1.25
freshc_panel_08,0f1a74942b204c80a657fefe10e13050,existing_formal_fresh_c_gallery,C3,middle,middle,17,32,48,2.2312444200118384,0.8272520968069633,1.4941600620746613,0.6309074076513449,2.5,2.5
freshc_panel_08,0f1a74942b204c80a657fefe10e13050,existing_formal_fresh_c_gallery,C3,middle,late,33,49,51,2.2271497950834385,0.2718907942374547,0.6298241317272186,0.26119148639012496,1.25,1.25
freshc_panel_08,0f1a74942b204c80a657fefe10e13050,existing_formal_fresh_c_gallery,C3,shallow,early,0,16,51,1.8194486744263594,0.07961992125081666,0.24394768476486206,0.04671805613193725,1.25,0.7999999999999998
freshc_panel_08,0f1a74942b204c80a657fefe10e13050,existing_formal_fresh_c_gallery,C3,shallow,middle,17,32,48,1.9202769187589486,0.08752888780630504,0.22879891842603683,0.05300504169281339,2.5,0.7999999999999999
freshc_panel_08,0f1a74942b204c80a657fefe10e13050,existing_formal_fresh_c_gallery,C3,shallow,late,33,49,51,1.4101161267243179,0.069098344510969,0.23962075263261795,0.032330034657920184,1.25,0.7999999999999998
freshc_panel_08,0f1a74942b204c80a657fefe10e13050,existing_formal_fresh_c_gallery,Generic Linear,deep,early,0,16,51,5.6623319784800215,0.8097449418376473,1.778335988521576,0.6068178555544685,1.4540816326530617,1.4540816326530617
freshc_panel_08,0f1a74942b204c80a657fefe10e13050,existing_formal_fresh_c_gallery,Generic Linear,deep,middle,17,32,48,5.7470949192841845,0.906485179749628,2.1034562110900876,0.6067831593876084,1.8749999999999998,1.8749999999999998
freshc_panel_08,0f1a74942b204c80a657fefe10e13050,existing_formal_fresh_c_gallery,Generic Linear,deep,late,33,49,51,6.002563168020809,0.9323785500783547,2.347438931465149,0.5011604130268097,2.2959183673469385,2.2959183673469385
freshc_panel_08,0f1a74942b204c80a657fefe10e13050,existing_formal_fresh_c_gallery,Generic Linear,middle,early,0,16,51,1.9209035424625172,0.4474346894843906,0.7327544689178467,0.46856536292562295,1.4540816326530617,1.4540816326530617
freshc_panel_08,0f1a74942b204c80a657fefe10e13050,existing_formal_fresh_c_gallery,Generic Linear,middle,middle,17,32,48,2.123799885312716,0.7396376201262077,1.3713955581188202,0.5839514080435038,1.8749999999999998,1.8749999999999998
freshc_panel_08,0f1a74942b204c80a657fefe10e13050,existing_formal_fresh_c_gallery,Generic Linear,middle,late,33,49,51,2.2696467147153965,0.5097977478130191,1.1325291395187378,0.4702442469550114,2.2959183673469385,2.2959183673469385
freshc_panel_08,0f1a74942b204c80a657fefe10e13050,existing_formal_fresh_c_gallery,Generic Linear,shallow,early,0,16,51,1.8206342505473716,0.05364703700202061,0.17026714235544205,0.020897141960109795,0.5408163265306122,0.5408163265306122
freshc_panel_08,0f1a74942b204c80a657fefe10e13050,existing_formal_fresh_c_gallery,Generic Linear,shallow,middle,17,32,48,1.888606559485197,0.07219245924109903,0.18144140392541885,0.038182695151287284,0.625,0.625
freshc_panel_08,0f1a74942b204c80a657fefe10e13050,existing_formal_fresh_c_gallery,Generic Linear,shallow,late,33,49,51,1.4363364647416508,0.06633926801127839,0.19734607636928558,0.031046690838183184,0.7091836734693878,0.7091836734693878
freshc_panel_08,0f1a74942b204c80a657fefe10e13050,existing_formal_fresh_c_gallery,LLH,deep,early,0,16,51,5.480444548176784,0.7186586009521111,1.5236629247665405,0.582230699412963,1.25,1.25
freshc_panel_08,0f1a74942b204c80a657fefe10e13050,existing_formal_fresh_c_gallery,LLH,deep,middle,17,32,48,5.301228707035382,0.6431984780356288,1.32455313205719,0.524223949915419,1.25,1.25
freshc_panel_08,0f1a74942b204c80a657fefe10e13050,existing_formal_fresh_c_gallery,LLH,deep,late,33,49,51,6.140132632910037,1.0140950168464697,2.6777684688568115,0.512936089553085,2.5,2.5
freshc_panel_08,0f1a74942b204c80a657fefe10e13050,existing_formal_fresh_c_gallery,LLH,middle,early,0,16,51,1.8710440712816574,0.41803644568312404,0.7338985502719879,0.44067225502986535,1.25,1.25
freshc_panel_08,0f1a74942b204c80a657fefe10e13050,existing_formal_fresh_c_gallery,LLH,middle,middle,17,32,48,2.03385000427564,0.570359816464285,1.072541505098343,0.49178401318689186,1.25,1.25
freshc_panel_08,0f1a74942b204c80a657fefe10e13050,existing_formal_fresh_c_gallery,LLH,middle,late,33,49,51,2.281389000369053,0.5620989413822398,1.2577752470970154,0.4989497632372613,2.5,2.5
freshc_panel_08,0f1a74942b204c80a657fefe10e13050,existing_formal_fresh_c_gallery,LLH,shallow,early,0,16,51,1.815072282856586,0.0500163456845079,0.15255170315504074,0.016970187876852068,0.5,0.5
freshc_panel_08,0f1a74942b204c80a657fefe10e13050,existing_formal_fresh_c_gallery,LLH,shallow,middle,17,32,48,1.8393766122559707,0.06297728046774864,0.15649784430861474,0.026464951067282527,0.5,0.5
freshc_panel_08,0f1a74942b204c80a657fefe10e13050,existing_formal_fresh_c_gallery,LLH,shallow,late,33,49,51,1.4521235554826026,0.07146717457319884,0.2114866003394127,0.03554931048169166,0.75,0.75
freshc_panel_09,0c8e1199b7b64ad2ac1c6ff784139dec,existing_formal_fresh_c_gallery,No Adapter,deep,early,0,16,51,5.069368320352891,0.0,0.0,0.0,0.0,0.0
freshc_panel_09,0c8e1199b7b64ad2ac1c6ff784139dec,existing_formal_fresh_c_gallery,No Adapter,deep,middle,17,32,48,5.491727943221728,0.0,0.0,0.0,0.0,0.0
freshc_panel_09,0c8e1199b7b64ad2ac1c6ff784139dec,existing_formal_fresh_c_gallery,No Adapter,deep,late,33,49,51,5.52087794565687,0.0,0.0,0.0,0.0,0.0
freshc_panel_09,0c8e1199b7b64ad2ac1c6ff784139dec,existing_formal_fresh_c_gallery,No Adapter,middle,early,0,16,51,1.8858206283812429,0.0,0.0,0.0,0.0,0.0
freshc_panel_09,0c8e1199b7b64ad2ac1c6ff784139dec,existing_formal_fresh_c_gallery,No Adapter,middle,middle,17,32,48,2.2277366941173873,0.0,0.0,0.0,0.0,0.0
freshc_panel_09,0c8e1199b7b64ad2ac1c6ff784139dec,existing_formal_fresh_c_gallery,No Adapter,middle,late,33,49,51,2.3453304837731754,0.0,0.0,0.0,0.0,0.0
freshc_panel_09,0c8e1199b7b64ad2ac1c6ff784139dec,existing_formal_fresh_c_gallery,No Adapter,shallow,early,0,16,51,1.7852029239430147,0.0,0.0,0.0,0.0,0.0
freshc_panel_09,0c8e1199b7b64ad2ac1c6ff784139dec,existing_formal_fresh_c_gallery,No Adapter,shallow,middle,17,32,48,1.8026608092089493,0.0,0.0,0.0,0.0,0.0
freshc_panel_09,0c8e1199b7b64ad2ac1c6ff784139dec,existing_formal_fresh_c_gallery,No Adapter,shallow,late,33,49,51,1.408071190703149,0.0,0.0,0.0,0.0,0.0
freshc_panel_09,0c8e1199b7b64ad2ac1c6ff784139dec,existing_formal_fresh_c_gallery,GFL,deep,early,0,16,51,5.412892360313266,0.7188724928042468,1.5530223846435547,0.5796232235197928,1.25,1.25
freshc_panel_09,0c8e1199b7b64ad2ac1c6ff784139dec,existing_formal_fresh_c_gallery,GFL,deep,middle,17,32,48,5.275689621766408,0.6407929255316654,1.3209034621715545,0.5191021213928858,1.25,1.25
freshc_panel_09,0c8e1199b7b64ad2ac1c6ff784139dec,existing_formal_fresh_c_gallery,GFL,deep,late,33,49,51,5.214689853144627,0.5338744588342368,1.3046022057533264,0.39937778050993006,1.25,1.25
freshc_panel_09,0c8e1199b7b64ad2ac1c6ff784139dec,existing_formal_fresh_c_gallery,GFL,middle,early,0,16,51,1.8666517430660772,0.42291512910057516,0.7031039297580719,0.4890519520815681,1.25,1.25
freshc_panel_09,0c8e1199b7b64ad2ac1c6ff784139dec,existing_formal_fresh_c_gallery,GFL,middle,middle,17,32,48,2.016957094271978,0.587185169570148,1.0928830981254578,0.5529820844531059,1.25,1.25
freshc_panel_09,0c8e1199b7b64ad2ac1c6ff784139dec,existing_formal_fresh_c_gallery,GFL,middle,late,33,49,51,2.1612192813087914,0.3105759814965959,0.7443419694900513,0.32200171214108375,1.25,1.25
freshc_panel_09,0c8e1199b7b64ad2ac1c6ff784139dec,existing_formal_fresh_c_gallery,GFL,shallow,early,0,16,51,1.8220862909859301,0.08629961931785825,0.2759650945663452,0.05508822022110347,1.25,0.7999999999999998
freshc_panel_09,0c8e1199b7b64ad2ac1c6ff784139dec,existing_formal_fresh_c_gallery,GFL,shallow,middle,17,32,48,1.8571791425347328,0.10800740439056729,0.2826745375990868,0.07563830881069104,1.25,0.7999999999999999
freshc_panel_09,0c8e1199b7b64ad2ac1c6ff784139dec,existing_formal_fresh_c_gallery,GFL,shallow,late,33,49,51,1.4237063830974055,0.09137550977003925,0.2881026417016983,0.055933538084594135,1.25,0.7999999999999998
freshc_panel_09,0c8e1199b7b64ad2ac1c6ff784139dec,existing_formal_fresh_c_gallery,GFH,deep,early,0,16,51,6.845431075376623,1.2215524707354752,3.105278253555298,0.6302355305821288,2.5,2.5
freshc_panel_09,0c8e1199b7b64ad2ac1c6ff784139dec,existing_formal_fresh_c_gallery,GFH,deep,middle,17,32,48,6.322910537322362,1.1255372390151024,2.634963345527649,0.6278071415921053,2.5,2.5
freshc_panel_09,0c8e1199b7b64ad2ac1c6ff784139dec,existing_formal_fresh_c_gallery,GFH,deep,late,33,49,51,6.03431510925293,0.9733869225955477,2.6380211114883423,0.5174816128085641,2.5,2.5
freshc_panel_09,0c8e1199b7b64ad2ac1c6ff784139dec,existing_formal_fresh_c_gallery,GFH,middle,early,0,16,51,2.220165953916662,0.5549993082588794,0.68956458568573,0.5954654771907657,2.5,2.5
freshc_panel_09,0c8e1199b7b64ad2ac1c6ff784139dec,existing_formal_fresh_c_gallery,GFH,middle,middle,17,32,48,2.241063341498375,0.8275501678387324,1.4632631897926331,0.6972584972778956,2.5,2.5
freshc_panel_09,0c8e1199b7b64ad2ac1c6ff784139dec,existing_formal_fresh_c_gallery,GFH,middle,late,33,49,51,2.229511345134062,0.6112419995022755,1.313913106918335,0.5771060039599737,2.5,2.5
freshc_panel_09,0c8e1199b7b64ad2ac1c6ff784139dec,existing_formal_fresh_c_gallery,GFH,shallow,early,0,16,51,1.8466279787175797,0.07909242654511449,0.2583257555961609,0.04750504080138675,2.5,0.7999999999999998
freshc_panel_09,0c8e1199b7b64ad2ac1c6ff784139dec,existing_formal_fresh_c_gallery,GFH,shallow,middle,17,32,48,1.9227321396271388,0.09630222064636958,0.2632500037550926,0.06456086243755028,2.5,0.7999999999999999
freshc_panel_09,0c8e1199b7b64ad2ac1c6ff784139dec,existing_formal_fresh_c_gallery,GFH,shallow,late,33,49,51,1.4641342163085938,0.09250784630649815,0.2680852860212326,0.058134583810204046,2.5,0.7999999999999998
freshc_panel_09,0c8e1199b7b64ad2ac1c6ff784139dec,existing_formal_fresh_c_gallery,C3,deep,early,0,16,51,5.412892360313266,0.7188724928042468,1.5530223846435547,0.5796232235197928,1.25,1.25
freshc_panel_09,0c8e1199b7b64ad2ac1c6ff784139dec,existing_formal_fresh_c_gallery,C3,deep,middle,17,32,48,6.300234009822209,1.1267217906812828,2.640386712551117,0.6268459235628446,2.5,2.5
freshc_panel_09,0c8e1199b7b64ad2ac1c6ff784139dec,existing_formal_fresh_c_gallery,C3,deep,late,33,49,51,5.256462840472951,0.5274331841398688,1.318027913570404,0.3945790207853504,1.25,1.25
freshc_panel_09,0c8e1199b7b64ad2ac1c6ff784139dec,existing_formal_fresh_c_gallery,C3,middle,early,0,16,51,1.8666517430660772,0.42291512910057516,0.7031039297580719,0.4890519520815681,1.25,1.25
freshc_panel_09,0c8e1199b7b64ad2ac1c6ff784139dec,existing_formal_fresh_c_gallery,C3,middle,middle,17,32,48,2.2383055115739503,0.83082040771842,1.4824841737747192,0.6976879065235456,2.5,2.5
freshc_panel_09,0c8e1199b7b64ad2ac1c6ff784139dec,existing_formal_fresh_c_gallery,C3,middle,late,33,49,51,2.168752345384336,0.3050620420014157,0.7394201159477234,0.3152309802598229,1.25,1.25
freshc_panel_09,0c8e1199b7b64ad2ac1c6ff784139dec,existing_formal_fresh_c_gallery,C3,shallow,early,0,16,51,1.8220862909859301,0.08629961931785825,0.2759650945663452,0.05508822022110347,1.25,0.7999999999999998
freshc_panel_09,0c8e1199b7b64ad2ac1c6ff784139dec,existing_formal_fresh_c_gallery,C3,shallow,middle,17,32,48,1.9254495439430077,0.09606892450635011,0.2625496193766594,0.06418395933845507,2.5,0.7999999999999999
freshc_panel_09,0c8e1199b7b64ad2ac1c6ff784139dec,existing_formal_fresh_c_gallery,C3,shallow,late,33,49,51,1.420898464380526,0.08994443440700278,0.2881533056497574,0.05465436228201484,1.25,0.7999999999999998
freshc_panel_09,0c8e1199b7b64ad2ac1c6ff784139dec,existing_formal_fresh_c_gallery,Generic Linear,deep,early,0,16,51,5.60480011210722,0.8095459318628498,1.7637211084365845,0.604113042938943,1.4540816326530617,1.4540816326530617
freshc_panel_09,0c8e1199b7b64ad2ac1c6ff784139dec,existing_formal_fresh_c_gallery,Generic Linear,deep,middle,17,32,48,5.756531864404678,0.90002800244838,2.080595064163208,0.6003082556029161,1.8749999999999998,1.8749999999999998
freshc_panel_09,0c8e1199b7b64ad2ac1c6ff784139dec,existing_formal_fresh_c_gallery,Generic Linear,deep,late,33,49,51,5.8720133351344685,0.9087335914373398,2.2987862825393677,0.5091629627288556,2.2959183673469385,2.2959183673469385
freshc_panel_09,0c8e1199b7b64ad2ac1c6ff784139dec,existing_formal_fresh_c_gallery,Generic Linear,middle,early,0,16,51,1.9183337244333005,0.45201698179338495,0.6955907046794891,0.5180540856193093,1.4540816326530617,1.4540816326530617
freshc_panel_09,0c8e1199b7b64ad2ac1c6ff784139dec,existing_formal_fresh_c_gallery,Generic Linear,middle,middle,17,32,48,2.1221482704083123,0.7548001948744059,1.4010500490665436,0.6525939218699932,1.8749999999999998,1.8749999999999998
freshc_panel_09,0c8e1199b7b64ad2ac1c6ff784139dec,existing_formal_fresh_c_gallery,Generic Linear,middle,late,33,49,51,2.2114737524705776,0.5698467700504789,1.2292121052742004,0.5522723121970308,2.2959183673469385,2.2959183673469385
freshc_panel_09,0c8e1199b7b64ad2ac1c6ff784139dec,existing_formal_fresh_c_gallery,Generic Linear,shallow,early,0,16,51,1.8217519381467033,0.058304025481144585,0.19337129592895508,0.02688679537408234,0.5408163265306122,0.5408163265306122
freshc_panel_09,0c8e1199b7b64ad2ac1c6ff784139dec,existing_formal_fresh_c_gallery,Generic Linear,shallow,middle,17,32,48,1.8990017448862393,0.07826611224057463,0.20510198101401328,0.046719309592238766,0.625,0.625
freshc_panel_09,0c8e1199b7b64ad2ac1c6ff784139dec,existing_formal_fresh_c_gallery,Generic Linear,shallow,late,33,49,51,1.4513210888002432,0.08365585815672781,0.24092774093151093,0.049928256277158814,0.7091836734693878,0.7091836734693878
freshc_panel_09,0c8e1199b7b64ad2ac1c6ff784139dec,existing_formal_fresh_c_gallery,LLH,deep,early,0,16,51,5.419665729298311,0.7191050479225084,1.5529771447181702,0.5794027798316058,1.25,1.25
freshc_panel_09,0c8e1199b7b64ad2ac1c6ff784139dec,existing_formal_fresh_c_gallery,LLH,deep,middle,17,32,48,5.293758486708005,0.6402368377894163,1.3176984548568726,0.5207823724485934,1.25,1.25
freshc_panel_09,0c8e1199b7b64ad2ac1c6ff784139dec,existing_formal_fresh_c_gallery,LLH,deep,late,33,49,51,6.028511828067256,0.9892187238323922,2.6296719312667847,0.5201296987486821,2.5,2.5
freshc_panel_09,0c8e1199b7b64ad2ac1c6ff784139dec,existing_formal_fresh_c_gallery,LLH,middle,early,0,16,51,1.867672213152343,0.42249640471795025,0.7012796700000763,0.48876674327195857,1.25,1.25
freshc_panel_09,0c8e1199b7b64ad2ac1c6ff784139dec,existing_formal_fresh_c_gallery,LLH,middle,middle,17,32,48,2.0159911091128984,0.5892719924449921,1.0913771867752076,0.5549656407286724,1.25,1.25
freshc_panel_09,0c8e1199b7b64ad2ac1c6ff784139dec,existing_formal_fresh_c_gallery,LLH,middle,late,33,49,51,2.2368126009024825,0.6217117695247426,1.325157105922699,0.5817463099956512,2.5,2.5
freshc_panel_09,0c8e1199b7b64ad2ac1c6ff784139dec,existing_formal_fresh_c_gallery,LLH,shallow,early,0,16,51,1.8165535751511068,0.05419284408437271,0.17263710498809814,0.022317495981316344,0.5,0.5
freshc_panel_09,0c8e1199b7b64ad2ac1c6ff784139dec,existing_formal_fresh_c_gallery,LLH,shallow,middle,17,32,48,1.8497096424301465,0.06788464155397378,0.1769052341580391,0.0338582162679207,0.5,0.5
freshc_panel_09,0c8e1199b7b64ad2ac1c6ff784139dec,existing_formal_fresh_c_gallery,LLH,shallow,late,33,49,51,1.4687505200797437,0.08849087348390444,0.25292491912841797,0.054429998091503715,0.75,0.75
freshc_panel_10,1d1bcb173c28475ba351eb604c7135dc,existing_formal_fresh_c_gallery,No Adapter,deep,early,0,16,51,4.935741620905259,0.0,0.0,0.0,0.0,0.0
freshc_panel_10,1d1bcb173c28475ba351eb604c7135dc,existing_formal_fresh_c_gallery,No Adapter,deep,middle,17,32,48,5.101811190446218,0.0,0.0,0.0,0.0,0.0
freshc_panel_10,1d1bcb173c28475ba351eb604c7135dc,existing_formal_fresh_c_gallery,No Adapter,deep,late,33,49,51,5.054405053456624,0.0,0.0,0.0,0.0,0.0
freshc_panel_10,1d1bcb173c28475ba351eb604c7135dc,existing_formal_fresh_c_gallery,No Adapter,middle,early,0,16,51,1.917763681972728,0.0,0.0,0.0,0.0,0.0
freshc_panel_10,1d1bcb173c28475ba351eb604c7135dc,existing_formal_fresh_c_gallery,No Adapter,middle,middle,17,32,48,2.234219449261824,0.0,0.0,0.0,0.0,0.0
freshc_panel_10,1d1bcb173c28475ba351eb604c7135dc,existing_formal_fresh_c_gallery,No Adapter,middle,late,33,49,51,2.3080357757269168,0.0,0.0,0.0,0.0,0.0
freshc_panel_10,1d1bcb173c28475ba351eb604c7135dc,existing_formal_fresh_c_gallery,No Adapter,shallow,early,0,16,51,1.7825971058770722,0.0,0.0,0.0,0.0,0.0
freshc_panel_10,1d1bcb173c28475ba351eb604c7135dc,existing_formal_fresh_c_gallery,No Adapter,shallow,middle,17,32,48,1.798973124474287,0.0,0.0,0.0,0.0,0.0
freshc_panel_10,1d1bcb173c28475ba351eb604c7135dc,existing_formal_fresh_c_gallery,No Adapter,shallow,late,33,49,51,1.4025343913657993,0.0,0.0,0.0,0.0,0.0
freshc_panel_10,1d1bcb173c28475ba351eb604c7135dc,existing_formal_fresh_c_gallery,GFL,deep,early,0,16,51,5.229805735980763,0.6952494230924868,1.4837958216667175,0.5739441601669087,1.25,1.25
freshc_panel_10,1d1bcb173c28475ba351eb604c7135dc,existing_formal_fresh_c_gallery,GFL,deep,middle,17,32,48,5.209247921903928,0.608077684417367,1.2832465946674347,0.492274628020823,1.25,1.25
freshc_panel_10,1d1bcb173c28475ba351eb604c7135dc,existing_formal_fresh_c_gallery,GFL,deep,late,33,49,51,5.148240823371737,0.48859842063165176,1.2242377400398254,0.3725988245477863,1.25,1.25
freshc_panel_10,1d1bcb173c28475ba351eb604c7135dc,existing_formal_fresh_c_gallery,GFL,middle,early,0,16,51,1.8340449263067806,0.36249256893700244,0.7004601955413818,0.32771069571083666,1.25,1.25
freshc_panel_10,1d1bcb173c28475ba351eb604c7135dc,existing_formal_fresh_c_gallery,GFL,middle,middle,17,32,48,2.082518773774306,0.4299303386360407,0.8520635426044464,0.33854522556066513,1.25,1.25
freshc_panel_10,1d1bcb173c28475ba351eb604c7135dc,existing_formal_fresh_c_gallery,GFL,middle,late,33,49,51,2.2044816858628216,0.20979802018287136,0.4297481030225754,0.16975641068911143,1.25,1.25
freshc_panel_10,1d1bcb173c28475ba351eb604c7135dc,existing_formal_fresh_c_gallery,GFL,shallow,early,0,16,51,1.8058761194640516,0.08938455873844671,0.2614170014858246,0.05395570952689512,1.25,0.7999999999999998
freshc_panel_10,1d1bcb173c28475ba351eb604c7135dc,existing_formal_fresh_c_gallery,GFL,shallow,middle,17,32,48,1.8275872133672237,0.10424272403664266,0.2623020425438881,0.06498202552999525,1.25,0.7999999999999999
freshc_panel_10,1d1bcb173c28475ba351eb604c7135dc,existing_formal_fresh_c_gallery,GFL,shallow,late,33,49,51,1.4124465923683316,0.06545320770465861,0.21051768213510513,0.025321273343162795,1.25,0.7999999999999998
freshc_panel_10,1d1bcb173c28475ba351eb604c7135dc,existing_formal_fresh_c_gallery,GFH,deep,early,0,16,51,6.483114920410455,1.1962239970179165,2.9672844409942627,0.646491349327798,2.5,2.5
freshc_panel_10,1d1bcb173c28475ba351eb604c7135dc,existing_formal_fresh_c_gallery,GFH,deep,middle,17,32,48,6.0695794721444445,1.0893408376723528,2.5598920702934267,0.6174644405643145,2.5,2.5
freshc_panel_10,1d1bcb173c28475ba351eb604c7135dc,existing_formal_fresh_c_gallery,GFH,deep,late,33,49,51,5.783582098343793,0.923109684212535,2.4837523698806763,0.5140839487898583,2.5,2.5
freshc_panel_10,1d1bcb173c28475ba351eb604c7135dc,existing_formal_fresh_c_gallery,GFH,middle,early,0,16,51,2.133149976823844,0.49112200035768394,0.7035680115222931,0.4379812630952573,2.5,2.5
freshc_panel_10,1d1bcb173c28475ba351eb604c7135dc,existing_formal_fresh_c_gallery,GFH,middle,middle,17,32,48,2.194313627978166,0.719619935999314,1.2983427405357362,0.4980303260187308,2.5,2.5
freshc_panel_10,1d1bcb173c28475ba351eb604c7135dc,existing_formal_fresh_c_gallery,GFH,middle,late,33,49,51,2.295276396414813,0.4126074027781393,0.8503726422786713,0.35407962109528335,2.5,2.5
freshc_panel_10,1d1bcb173c28475ba351eb604c7135dc,existing_formal_fresh_c_gallery,GFH,shallow,early,0,16,51,1.8287535204606897,0.08089358524839375,0.2391476407647133,0.04569973653112767,2.5,0.7999999999999998
freshc_panel_10,1d1bcb173c28475ba351eb604c7135dc,existing_formal_fresh_c_gallery,GFH,shallow,middle,17,32,48,1.885314468294382,0.0953965687173574,0.23968470245599746,0.05682490991966915,2.5,0.7999999999999999
freshc_panel_10,1d1bcb173c28475ba351eb604c7135dc,existing_formal_fresh_c_gallery,GFH,shallow,late,33,49,51,1.4231650770879258,0.07219373263126495,0.22175339609384537,0.03222412107553443,2.5,0.7999999999999998
freshc_panel_10,1d1bcb173c28475ba351eb604c7135dc,existing_formal_fresh_c_gallery,C3,deep,early,0,16,51,5.229805735980763,0.6952494230924868,1.4837958216667175,0.5739441601669087,1.25,1.25
freshc_panel_10,1d1bcb173c28475ba351eb604c7135dc,existing_formal_fresh_c_gallery,C3,deep,middle,17,32,48,6.064489180843036,1.0893053853263457,2.5643849611282348,0.615321721881628,2.5,2.5
freshc_panel_10,1d1bcb173c28475ba351eb604c7135dc,existing_formal_fresh_c_gallery,C3,deep,late,33,49,51,5.139686350728951,0.49465010972583995,1.240426480770111,0.3767944534911829,1.25,1.25
freshc_panel_10,1d1bcb173c28475ba351eb604c7135dc,existing_formal_fresh_c_gallery,C3,middle,early,0,16,51,1.8340449263067806,0.36249256893700244,0.7004601955413818,0.32771069571083666,1.25,1.25
freshc_panel_10,1d1bcb173c28475ba351eb604c7135dc,existing_formal_fresh_c_gallery,C3,middle,middle,17,32,48,2.198390687505404,0.720134548842907,1.3061304807662963,0.49750275785724324,2.5,2.5
freshc_panel_10,1d1bcb173c28475ba351eb604c7135dc,existing_formal_fresh_c_gallery,C3,middle,late,33,49,51,2.2157763616711486,0.2079122444870425,0.41488514840602875,0.16845640009634344,1.25,1.25
freshc_panel_10,1d1bcb173c28475ba351eb604c7135dc,existing_formal_fresh_c_gallery,C3,shallow,early,0,16,51,1.8058761194640516,0.08938455873844671,0.2614170014858246,0.05395570952689512,1.25,0.7999999999999998
freshc_panel_10,1d1bcb173c28475ba351eb604c7135dc,existing_formal_fresh_c_gallery,C3,shallow,middle,17,32,48,1.8880549917618434,0.09526257762142147,0.2387358270585537,0.05667963263598116,2.5,0.7999999999999999
freshc_panel_10,1d1bcb173c28475ba351eb604c7135dc,existing_formal_fresh_c_gallery,C3,shallow,late,33,49,51,1.415287366100386,0.06343544333004485,0.19863903522491455,0.023470841286539593,1.25,0.7999999999999998
freshc_panel_10,1d1bcb173c28475ba351eb604c7135dc,existing_formal_fresh_c_gallery,Generic Linear,deep,early,0,16,51,5.394478040582993,0.785982704630085,1.6878564953804016,0.6023145797205907,1.4540816326530617,1.4540816326530617
freshc_panel_10,1d1bcb173c28475ba351eb604c7135dc,existing_formal_fresh_c_gallery,Generic Linear,deep,middle,17,32,48,5.573192263642947,0.8666366757825017,2.0163292467594145,0.5861320327967405,1.8749999999999998,1.8749999999999998
freshc_panel_10,1d1bcb173c28475ba351eb604c7135dc,existing_formal_fresh_c_gallery,Generic Linear,deep,late,33,49,51,5.669082922094009,0.8602437540596607,2.1573411226272583,0.5012036161679848,2.2959183673469385,2.2959183673469385
freshc_panel_10,1d1bcb173c28475ba351eb604c7135dc,existing_formal_fresh_c_gallery,Generic Linear,middle,early,0,16,51,1.8759787667031382,0.392168592004215,0.7315861880779266,0.35461611198443993,1.4540816326530617,1.4540816326530617
freshc_panel_10,1d1bcb173c28475ba351eb604c7135dc,existing_formal_fresh_c_gallery,Generic Linear,middle,middle,17,32,48,2.1130666931470237,0.6118994460751613,1.1476971745491027,0.44058944036563236,1.8749999999999998,1.8749999999999998
freshc_panel_10,1d1bcb173c28475ba351eb604c7135dc,existing_formal_fresh_c_gallery,Generic Linear,middle,late,33,49,51,2.2830334714814726,0.3722357358418259,0.7282179594039917,0.326177697263512,2.2959183673469385,2.2959183673469385
freshc_panel_10,1d1bcb173c28475ba351eb604c7135dc,existing_formal_fresh_c_gallery,Generic Linear,shallow,early,0,16,51,1.806665269767537,0.060200551543019565,0.1820220723748207,0.025845178627579856,0.5408163265306122,0.5408163265306122
freshc_panel_10,1d1bcb173c28475ba351eb604c7135dc,existing_formal_fresh_c_gallery,Generic Linear,shallow,middle,17,32,48,1.8558391680320103,0.07893484246839459,0.1941162407398224,0.042125587209132696,0.625,0.625
freshc_panel_10,1d1bcb173c28475ba351eb604c7135dc,existing_formal_fresh_c_gallery,Generic Linear,shallow,late,33,49,51,1.4188596384198058,0.06223266747067956,0.18819908797740936,0.02352316003160405,0.7091836734693878,0.7091836734693878
freshc_panel_10,1d1bcb173c28475ba351eb604c7135dc,existing_formal_fresh_c_gallery,LLH,deep,early,0,16,51,5.238315259709077,0.6954044927568996,1.4838369488716125,0.5738782596354391,1.25,1.25
freshc_panel_10,1d1bcb173c28475ba351eb604c7135dc,existing_formal_fresh_c_gallery,LLH,deep,middle,17,32,48,5.194645593563716,0.6113970531150699,1.279983365535736,0.49761105452974635,1.25,1.25
freshc_panel_10,1d1bcb173c28475ba351eb604c7135dc,existing_formal_fresh_c_gallery,LLH,deep,late,33,49,51,5.817052757038789,0.9287913380300298,2.4980974197387695,0.5121966483546239,2.5,2.5
freshc_panel_10,1d1bcb173c28475ba351eb604c7135dc,existing_formal_fresh_c_gallery,LLH,middle,early,0,16,51,1.8343326998691933,0.3622092183898477,0.6987804770469666,0.32759979542563944,1.25,1.25
freshc_panel_10,1d1bcb173c28475ba351eb604c7135dc,existing_formal_fresh_c_gallery,LLH,middle,middle,17,32,48,2.0649890465041003,0.4382788411652048,0.8669853627681732,0.34316825432082015,1.25,1.25
freshc_panel_10,1d1bcb173c28475ba351eb604c7135dc,existing_formal_fresh_c_gallery,LLH,middle,late,33,49,51,2.2864821331173766,0.4223419790174447,0.9059862196445465,0.35760743419329327,2.5,2.5
freshc_panel_10,1d1bcb173c28475ba351eb604c7135dc,existing_formal_fresh_c_gallery,LLH,shallow,early,0,16,51,1.8009504687552358,0.05625472647850128,0.16361181437969208,0.021827599270771575,0.5,0.5
freshc_panel_10,1d1bcb173c28475ba351eb604c7135dc,existing_formal_fresh_c_gallery,LLH,shallow,middle,17,32,48,1.8220602857569854,0.06614510026217128,0.16516680866479874,0.028705333488081426,0.5,0.5
freshc_panel_10,1d1bcb173c28475ba351eb604c7135dc,existing_formal_fresh_c_gallery,LLH,shallow,late,33,49,51,1.4297036914264454,0.07056635744212304,0.2164635732769966,0.03114143474707745,0.75,0.75
freshc_panel_11,85a7df80b79a4ba9b8c3a175de0dbce6,existing_formal_fresh_c_gallery,No Adapter,deep,early,0,16,51,5.123102566775153,0.0,0.0,0.0,0.0,0.0
freshc_panel_11,85a7df80b79a4ba9b8c3a175de0dbce6,existing_formal_fresh_c_gallery,No Adapter,deep,middle,17,32,48,5.601704617341359,0.0,0.0,0.0,0.0,0.0
freshc_panel_11,85a7df80b79a4ba9b8c3a175de0dbce6,existing_formal_fresh_c_gallery,No Adapter,deep,late,33,49,51,5.6212032075021785,0.0,0.0,0.0,0.0,0.0
freshc_panel_11,85a7df80b79a4ba9b8c3a175de0dbce6,existing_formal_fresh_c_gallery,No Adapter,middle,early,0,16,51,1.8880248689184003,0.0,0.0,0.0,0.0,0.0
freshc_panel_11,85a7df80b79a4ba9b8c3a175de0dbce6,existing_formal_fresh_c_gallery,No Adapter,middle,middle,17,32,48,2.2390568827589354,0.0,0.0,0.0,0.0,0.0
freshc_panel_11,85a7df80b79a4ba9b8c3a175de0dbce6,existing_formal_fresh_c_gallery,No Adapter,middle,late,33,49,51,2.346198659317166,0.0,0.0,0.0,0.0,0.0
freshc_panel_11,85a7df80b79a4ba9b8c3a175de0dbce6,existing_formal_fresh_c_gallery,No Adapter,shallow,early,0,16,51,1.7833691706844406,0.0,0.0,0.0,0.0,0.0
freshc_panel_11,85a7df80b79a4ba9b8c3a175de0dbce6,existing_formal_fresh_c_gallery,No Adapter,shallow,middle,17,32,48,1.8028209134936333,0.0,0.0,0.0,0.0,0.0
freshc_panel_11,85a7df80b79a4ba9b8c3a175de0dbce6,existing_formal_fresh_c_gallery,No Adapter,shallow,late,33,49,51,1.4112515800139482,0.0,0.0,0.0,0.0,0.0
freshc_panel_11,85a7df80b79a4ba9b8c3a175de0dbce6,existing_formal_fresh_c_gallery,GFL,deep,early,0,16,51,5.3842786901137405,0.7147471495703155,1.5093825459480286,0.5838275890724332,1.25,1.25
freshc_panel_11,85a7df80b79a4ba9b8c3a175de0dbce6,existing_formal_fresh_c_gallery,GFL,deep,middle,17,32,48,5.310946563879649,0.6328987702727318,1.317760807275772,0.5085638505406678,1.25,1.25
freshc_panel_11,85a7df80b79a4ba9b8c3a175de0dbce6,existing_formal_fresh_c_gallery,GFL,deep,late,33,49,51,5.407545664731194,0.5302093365028793,1.309981644153595,0.3853166776837087,1.25,1.25
freshc_panel_11,85a7df80b79a4ba9b8c3a175de0dbce6,existing_formal_fresh_c_gallery,GFL,middle,early,0,16,51,1.8904992961416058,0.41628647843996686,0.7608142495155334,0.43888430560336394,1.25,1.25
freshc_panel_11,85a7df80b79a4ba9b8c3a175de0dbce6,existing_formal_fresh_c_gallery,GFL,middle,middle,17,32,48,2.1060987586776414,0.5557786676411828,1.0489459931850433,0.4851666347434123,1.25,1.25
freshc_panel_11,85a7df80b79a4ba9b8c3a175de0dbce6,existing_formal_fresh_c_gallery,GFL,middle,late,33,49,51,2.252194467712851,0.2723059388352375,0.5918435752391815,0.26722702586694674,1.25,1.25
freshc_panel_11,85a7df80b79a4ba9b8c3a175de0dbce6,existing_formal_fresh_c_gallery,GFL,shallow,early,0,16,51,1.8090697935983246,0.08291894842998362,0.24866321682929993,0.050870780582829636,1.25,0.7999999999999998
freshc_panel_11,85a7df80b79a4ba9b8c3a175de0dbce6,existing_formal_fresh_c_gallery,GFL,shallow,middle,17,32,48,1.8464718523124855,0.0985516735818237,0.24778582751750947,0.06423539371462539,1.25,0.7999999999999999
freshc_panel_11,85a7df80b79a4ba9b8c3a175de0dbce6,existing_formal_fresh_c_gallery,GFL,shallow,late,33,49,51,1.4173633689973868,0.07206974856044147,0.23662279546260834,0.03572303077489065,1.25,0.7999999999999998
freshc_panel_11,85a7df80b79a4ba9b8c3a175de0dbce6,existing_formal_fresh_c_gallery,GFH,deep,early,0,16,51,6.789052299424713,1.228618270041896,3.0174258947372437,0.6506016149240381,2.5,2.5
freshc_panel_11,85a7df80b79a4ba9b8c3a175de0dbce6,existing_formal_fresh_c_gallery,GFH,deep,middle,17,32,48,6.263434961438179,1.1252200569336612,2.6346555352211,0.6233408531794945,2.5,2.5
freshc_panel_11,85a7df80b79a4ba9b8c3a175de0dbce6,existing_formal_fresh_c_gallery,GFH,deep,late,33,49,51,6.294470380334293,0.9858245192205205,2.600686550140381,0.5045330229343152,2.5,2.5
freshc_panel_11,85a7df80b79a4ba9b8c3a175de0dbce6,existing_formal_fresh_c_gallery,GFH,middle,early,0,16,51,2.2548588303958668,0.5334258769072738,0.6632357239723206,0.5367796491174137,2.5,2.5
freshc_panel_11,85a7df80b79a4ba9b8c3a175de0dbce6,existing_formal_fresh_c_gallery,GFH,middle,middle,17,32,48,2.261794333656629,0.810378072783351,1.4156586468219756,0.6302009721597036,2.5,2.5
freshc_panel_11,85a7df80b79a4ba9b8c3a175de0dbce6,existing_formal_fresh_c_gallery,GFH,middle,late,33,49,51,2.337938771528356,0.5330188943474901,1.1208509802818298,0.4938745904786914,2.5,2.5
freshc_panel_11,85a7df80b79a4ba9b8c3a175de0dbce6,existing_formal_fresh_c_gallery,GFH,shallow,early,0,16,51,1.8380384059513317,0.07162448042528886,0.22336477041244507,0.039040800788058605,2.5,0.7999999999999998
freshc_panel_11,85a7df80b79a4ba9b8c3a175de0dbce6,existing_formal_fresh_c_gallery,GFH,shallow,middle,17,32,48,1.9138529064754646,0.08651704732134628,0.22606347426772117,0.05278869486695233,2.5,0.7999999999999999
freshc_panel_11,85a7df80b79a4ba9b8c3a175de0dbce6,existing_formal_fresh_c_gallery,GFH,shallow,late,33,49,51,1.4440778295199077,0.0731191975338494,0.21766243129968643,0.03740412100930424,2.5,0.7999999999999998
freshc_panel_11,85a7df80b79a4ba9b8c3a175de0dbce6,existing_formal_fresh_c_gallery,C3,deep,early,0,16,51,5.3842786901137405,0.7147471495703155,1.5093825459480286,0.5838275890724332,1.25,1.25
freshc_panel_11,85a7df80b79a4ba9b8c3a175de0dbce6,existing_formal_fresh_c_gallery,C3,deep,middle,17,32,48,6.26058928668499,1.1227742762615283,2.632631015777588,0.6208940191815296,2.5,2.5
freshc_panel_11,85a7df80b79a4ba9b8c3a175de0dbce6,existing_formal_fresh_c_gallery,C3,deep,late,33,49,51,5.424151668361589,0.5329129237170313,1.303171992301941,0.38714689513047534,1.25,1.25
freshc_panel_11,85a7df80b79a4ba9b8c3a175de0dbce6,existing_formal_fresh_c_gallery,C3,middle,early,0,16,51,1.8904992961416058,0.41628647843996686,0.7608142495155334,0.43888430560336394,1.25,1.25
freshc_panel_11,85a7df80b79a4ba9b8c3a175de0dbce6,existing_formal_fresh_c_gallery,C3,middle,middle,17,32,48,2.2687100395560265,0.8141349100818237,1.4370376408100127,0.6300159183641275,2.5,2.5
freshc_panel_11,85a7df80b79a4ba9b8c3a175de0dbce6,existing_formal_fresh_c_gallery,C3,middle,late,33,49,51,2.256021076557683,0.27047697659216674,0.5783733129501343,0.2665355152213106,1.25,1.25
freshc_panel_11,85a7df80b79a4ba9b8c3a175de0dbce6,existing_formal_fresh_c_gallery,C3,shallow,early,0,16,51,1.8090697935983246,0.08291894842998362,0.24866321682929993,0.050870780582829636,1.25,0.7999999999999998
freshc_panel_11,85a7df80b79a4ba9b8c3a175de0dbce6,existing_formal_fresh_c_gallery,C3,shallow,middle,17,32,48,1.9204552012185256,0.08574886621984963,0.22394924238324165,0.05194122810401799,2.5,0.7999999999999999
freshc_panel_11,85a7df80b79a4ba9b8c3a175de0dbce6,existing_formal_fresh_c_gallery,C3,shallow,late,33,49,51,1.4157603967423533,0.07057861603942572,0.23371558636426926,0.03423888949841699,1.25,0.7999999999999998
freshc_panel_11,85a7df80b79a4ba9b8c3a175de0dbce6,existing_formal_fresh_c_gallery,Generic Linear,deep,early,0,16,51,5.56361099317962,0.8080803313676048,1.7417121529579163,0.6100587032589257,1.4540816326530617,1.4540816326530617
freshc_panel_11,85a7df80b79a4ba9b8c3a175de0dbce6,existing_formal_fresh_c_gallery,Generic Linear,deep,middle,17,32,48,5.715733557939529,0.8970668585970998,2.0944928526878357,0.5920087102179726,1.8749999999999998,1.8749999999999998
freshc_panel_11,85a7df80b79a4ba9b8c3a175de0dbce6,existing_formal_fresh_c_gallery,Generic Linear,deep,late,33,49,51,6.121031349780512,0.91715067449738,2.31597363948822,0.49457787035727035,2.2959183673469385,2.2959183673469385
freshc_panel_11,85a7df80b79a4ba9b8c3a175de0dbce6,existing_formal_fresh_c_gallery,Generic Linear,middle,early,0,16,51,1.9385281251926048,0.44298844536145526,0.7440379559993744,0.4659820204856349,1.4540816326530617,1.4540816326530617
freshc_panel_11,85a7df80b79a4ba9b8c3a175de0dbce6,existing_formal_fresh_c_gallery,Generic Linear,middle,middle,17,32,48,2.162593620518843,0.7382791973650455,1.3632970809936524,0.5849511784811815,1.8749999999999998,1.8749999999999998
freshc_panel_11,85a7df80b79a4ba9b8c3a175de0dbce6,existing_formal_fresh_c_gallery,Generic Linear,middle,late,33,49,51,2.3223706179974126,0.4933590687373105,1.025295227766037,0.4695194904126373,2.2959183673469385,2.2959183673469385
freshc_panel_11,85a7df80b79a4ba9b8c3a175de0dbce6,existing_formal_fresh_c_gallery,Generic Linear,shallow,early,0,16,51,1.8104260330106698,0.05530688329143267,0.17193926125764847,0.022612010536370103,0.5408163265306122,0.5408163265306122
freshc_panel_11,85a7df80b79a4ba9b8c3a175de0dbce6,existing_formal_fresh_c_gallery,Generic Linear,shallow,middle,17,32,48,1.8906661309301853,0.07118676280758034,0.17852441892027854,0.0374928070777969,0.625,0.625
freshc_panel_11,85a7df80b79a4ba9b8c3a175de0dbce6,existing_formal_fresh_c_gallery,Generic Linear,shallow,late,33,49,51,1.4364686070703994,0.06580588660732496,0.19185908138751984,0.03097053625570683,0.7091836734693878,0.7091836734693878
freshc_panel_11,85a7df80b79a4ba9b8c3a175de0dbce6,existing_formal_fresh_c_gallery,LLH,deep,early,0,16,51,5.390092947903802,0.7151745657126108,1.5091115832328796,0.5837945190130496,1.25,1.25
freshc_panel_11,85a7df80b79a4ba9b8c3a175de0dbce6,existing_formal_fresh_c_gallery,LLH,deep,middle,17,32,48,5.28384845952193,0.6361572919413447,1.3208268940448762,0.5110728186555207,1.25,1.25
freshc_panel_11,85a7df80b79a4ba9b8c3a175de0dbce6,existing_formal_fresh_c_gallery,LLH,deep,late,33,49,51,6.272590333340215,0.9991753437355453,2.6385862827301025,0.5064321364842209,2.5,2.5
freshc_panel_11,85a7df80b79a4ba9b8c3a175de0dbce6,existing_formal_fresh_c_gallery,LLH,middle,early,0,16,51,1.88954557390774,0.416703473703534,0.7631807625293732,0.43911787341622743,1.25,1.25
freshc_panel_11,85a7df80b79a4ba9b8c3a175de0dbce6,existing_formal_fresh_c_gallery,LLH,middle,middle,17,32,48,2.0928437958161035,0.5622018976137042,1.056268221139908,0.48863330483436584,1.25,1.25
freshc_panel_11,85a7df80b79a4ba9b8c3a175de0dbce6,existing_formal_fresh_c_gallery,LLH,middle,late,33,49,51,2.3350293776568245,0.5516899958545086,1.1972895860671997,0.5013611293306538,2.5,2.5
freshc_panel_11,85a7df80b79a4ba9b8c3a175de0dbce6,existing_formal_fresh_c_gallery,LLH,shallow,early,0,16,51,1.8046041843937892,0.05217733441432025,0.1559446007013321,0.01877249035033392,0.5,0.5
freshc_panel_11,85a7df80b79a4ba9b8c3a175de0dbce6,existing_formal_fresh_c_gallery,LLH,shallow,middle,17,32,48,1.8421333419779937,0.062211032782215625,0.15540068000555038,0.02584861294174819,0.5,0.5
freshc_panel_11,85a7df80b79a4ba9b8c3a175de0dbce6,existing_formal_fresh_c_gallery,LLH,shallow,late,33,49,51,1.4548602174310123,0.07153624770980255,0.20661495625972748,0.03613535747018771,0.75,0.75
freshc_panel_12,dd5ead807a5b4630b1feb802f7b0276c,existing_formal_fresh_c_gallery,No Adapter,deep,early,0,16,51,5.143492600497077,0.0,0.0,0.0,0.0,0.0
freshc_panel_12,dd5ead807a5b4630b1feb802f7b0276c,existing_formal_fresh_c_gallery,No Adapter,deep,middle,17,32,48,5.617816994587581,0.0,0.0,0.0,0.0,0.0
freshc_panel_12,dd5ead807a5b4630b1feb802f7b0276c,existing_formal_fresh_c_gallery,No Adapter,deep,late,33,49,51,5.5826688701031255,0.0,0.0,0.0,0.0,0.0
freshc_panel_12,dd5ead807a5b4630b1feb802f7b0276c,existing_formal_fresh_c_gallery,No Adapter,middle,early,0,16,51,1.8904100726632511,0.0,0.0,0.0,0.0,0.0
freshc_panel_12,dd5ead807a5b4630b1feb802f7b0276c,existing_formal_fresh_c_gallery,No Adapter,middle,middle,17,32,48,2.250070365766684,0.0,0.0,0.0,0.0,0.0
freshc_panel_12,dd5ead807a5b4630b1feb802f7b0276c,existing_formal_fresh_c_gallery,No Adapter,middle,late,33,49,51,2.3381251891454062,0.0,0.0,0.0,0.0,0.0
freshc_panel_12,dd5ead807a5b4630b1feb802f7b0276c,existing_formal_fresh_c_gallery,No Adapter,shallow,early,0,16,51,1.7836387087317074,0.0,0.0,0.0,0.0,0.0
freshc_panel_12,dd5ead807a5b4630b1feb802f7b0276c,existing_formal_fresh_c_gallery,No Adapter,shallow,middle,17,32,48,1.8013842379053433,0.0,0.0,0.0,0.0,0.0
freshc_panel_12,dd5ead807a5b4630b1feb802f7b0276c,existing_formal_fresh_c_gallery,No Adapter,shallow,late,33,49,51,1.4059380374702752,0.0,0.0,0.0,0.0,0.0
freshc_panel_12,dd5ead807a5b4630b1feb802f7b0276c,existing_formal_fresh_c_gallery,GFL,deep,early,0,16,51,5.5194028452330945,0.7289758564210406,1.5421627759933472,0.5802494509547365,1.25,1.25
freshc_panel_12,dd5ead807a5b4630b1feb802f7b0276c,existing_formal_fresh_c_gallery,GFL,deep,middle,17,32,48,5.29297661781311,0.6424301558484634,1.3278723299503326,0.5172637764674922,1.25,1.25
freshc_panel_12,dd5ead807a5b4630b1feb802f7b0276c,existing_formal_fresh_c_gallery,GFL,deep,late,33,49,51,5.32804469501271,0.5228852147565168,1.3221473097801208,0.38209661432341036,1.25,1.25
freshc_panel_12,dd5ead807a5b4630b1feb802f7b0276c,existing_formal_fresh_c_gallery,GFL,middle,early,0,16,51,1.8704246668254627,0.4353799457643546,0.7986615002155304,0.46596400702700896,1.25,1.25
freshc_panel_12,dd5ead807a5b4630b1feb802f7b0276c,existing_formal_fresh_c_gallery,GFL,middle,middle,17,32,48,2.0816235492626824,0.5678249547878901,1.098387849330902,0.5008687792966763,1.25,1.25
freshc_panel_12,dd5ead807a5b4630b1feb802f7b0276c,existing_formal_fresh_c_gallery,GFL,middle,late,33,49,51,2.2281683239282346,0.26116108587559533,0.566456139087677,0.25886566847946274,1.25,1.25
freshc_panel_12,dd5ead807a5b4630b1feb802f7b0276c,existing_formal_fresh_c_gallery,GFL,shallow,early,0,16,51,1.8156741121236015,0.08181846231295198,0.25332896411418915,0.04951605000293485,1.25,0.7999999999999998
freshc_panel_12,dd5ead807a5b4630b1feb802f7b0276c,existing_formal_fresh_c_gallery,GFL,shallow,middle,17,32,48,1.8494954767326515,0.09775161569511208,0.24927345663309097,0.06381394358807786,1.25,0.7999999999999999
freshc_panel_12,dd5ead807a5b4630b1feb802f7b0276c,existing_formal_fresh_c_gallery,GFL,shallow,late,33,49,51,1.4119455674115349,0.06542982582879417,0.22790492326021194,0.029740927328912578,1.25,0.7999999999999998
freshc_panel_12,dd5ead807a5b4630b1feb802f7b0276c,existing_formal_fresh_c_gallery,GFH,deep,early,0,16,51,7.036912254258698,1.2457401775846295,3.0841264724731445,0.6354213286848629,2.5,2.5
freshc_panel_12,dd5ead807a5b4630b1feb802f7b0276c,existing_formal_fresh_c_gallery,GFH,deep,middle,17,32,48,6.307489653428395,1.1362126215050619,2.647823965549469,0.6310818480948607,2.5,2.5
freshc_panel_12,dd5ead807a5b4630b1feb802f7b0276c,existing_formal_fresh_c_gallery,GFH,deep,late,33,49,51,6.188899086970909,0.9841163383395064,2.640820860862732,0.5085227656013825,2.5,2.5
freshc_panel_12,dd5ead807a5b4630b1feb802f7b0276c,existing_formal_fresh_c_gallery,GFH,middle,early,0,16,51,2.265399549521652,0.5432489035176296,0.6607382893562317,0.5565796774976394,2.5,2.5
freshc_panel_12,dd5ead807a5b4630b1feb802f7b0276c,existing_formal_fresh_c_gallery,GFH,middle,middle,17,32,48,2.2444975400964418,0.8345754196246465,1.4943533658981323,0.6537097009519736,2.5,2.5
freshc_panel_12,dd5ead807a5b4630b1feb802f7b0276c,existing_formal_fresh_c_gallery,GFH,middle,late,33,49,51,2.291716082423341,0.542138054674747,1.160156011581421,0.5067026848886528,2.5,2.5
freshc_panel_12,dd5ead807a5b4630b1feb802f7b0276c,existing_formal_fresh_c_gallery,GFH,shallow,early,0,16,51,1.84083545441721,0.07195408530898538,0.23084139823913574,0.03937031048817695,2.5,0.7999999999999998
freshc_panel_12,dd5ead807a5b4630b1feb802f7b0276c,existing_formal_fresh_c_gallery,GFH,shallow,middle,17,32,48,1.9237931370735168,0.08635588414229763,0.23118570894002913,0.05275778605331046,2.5,0.7999999999999999
freshc_panel_12,dd5ead807a5b4630b1feb802f7b0276c,existing_formal_fresh_c_gallery,GFH,shallow,late,33,49,51,1.4412739124952578,0.07316624042669348,0.22229889035224915,0.037804629078463596,2.5,0.7999999999999998
freshc_panel_12,dd5ead807a5b4630b1feb802f7b0276c,existing_formal_fresh_c_gallery,C3,deep,early,0,16,51,5.5194028452330945,0.7289758564210406,1.5421627759933472,0.5802494509547365,1.25,1.25
freshc_panel_12,dd5ead807a5b4630b1feb802f7b0276c,existing_formal_fresh_c_gallery,C3,deep,middle,17,32,48,6.2687287628650665,1.1369128273800015,2.649919879436493,0.6303510349243879,2.5,2.5
freshc_panel_12,dd5ead807a5b4630b1feb802f7b0276c,existing_formal_fresh_c_gallery,C3,deep,late,33,49,51,5.3393028717415,0.5263063095363916,1.3197803497314453,0.3845430495692234,1.25,1.25
freshc_panel_12,dd5ead807a5b4630b1feb802f7b0276c,existing_formal_fresh_c_gallery,C3,middle,early,0,16,51,1.8704246668254627,0.4353799457643546,0.7986615002155304,0.46596400702700896,1.25,1.25
freshc_panel_12,dd5ead807a5b4630b1feb802f7b0276c,existing_formal_fresh_c_gallery,C3,middle,middle,17,32,48,2.2384810050328574,0.8440465293824673,1.5227410435676574,0.6552203421791395,2.5,2.5
freshc_panel_12,dd5ead807a5b4630b1feb802f7b0276c,existing_formal_fresh_c_gallery,C3,middle,late,33,49,51,2.227043574931575,0.2649402348142044,0.5753391087055206,0.2632905993811494,1.25,1.25
freshc_panel_12,dd5ead807a5b4630b1feb802f7b0276c,existing_formal_fresh_c_gallery,C3,shallow,early,0,16,51,1.8156741121236015,0.08181846231295198,0.25332896411418915,0.04951605000293485,1.25,0.7999999999999998
freshc_panel_12,dd5ead807a5b4630b1feb802f7b0276c,existing_formal_fresh_c_gallery,C3,shallow,middle,17,32,48,1.9300139968593915,0.0856731709112258,0.22855312153697013,0.05216006417079674,2.5,0.7999999999999999
freshc_panel_12,dd5ead807a5b4630b1feb802f7b0276c,existing_formal_fresh_c_gallery,C3,shallow,late,33,49,51,1.408446052495171,0.06690871160404355,0.2342863455414772,0.03128319184464749,1.25,0.7999999999999998
freshc_panel_12,dd5ead807a5b4630b1feb802f7b0276c,existing_formal_fresh_c_gallery,Generic Linear,deep,early,0,16,51,5.730687627605364,0.8226402764226876,1.8471954464912415,0.603190737027748,1.4540816326530617,1.4540816326530617
freshc_panel_12,dd5ead807a5b4630b1feb802f7b0276c,existing_formal_fresh_c_gallery,Generic Linear,deep,middle,17,32,48,5.728909954428673,0.9120612638071179,2.112443399429321,0.6059229467064142,1.8749999999999998,1.8749999999999998
freshc_panel_12,dd5ead807a5b4630b1feb802f7b0276c,existing_formal_fresh_c_gallery,Generic Linear,deep,late,33,49,51,6.014275242300594,0.9134368566321391,2.316516160964966,0.4988878305051841,2.2959183673469385,2.2959183673469385
freshc_panel_12,dd5ead807a5b4630b1feb802f7b0276c,existing_formal_fresh_c_gallery,Generic Linear,middle,early,0,16,51,1.9264062631363963,0.46027176695711475,0.7744786143302917,0.4917660823055342,1.4540816326530617,1.4540816326530617
freshc_panel_12,dd5ead807a5b4630b1feb802f7b0276c,existing_formal_fresh_c_gallery,Generic Linear,middle,middle,17,32,48,2.141836849351724,0.7583545222878456,1.4161505103111267,0.606944665312767,1.8749999999999998,1.8749999999999998
freshc_panel_12,dd5ead807a5b4630b1feb802f7b0276c,existing_formal_fresh_c_gallery,Generic Linear,middle,late,33,49,51,2.2711397947049607,0.5032738505625257,1.066193401813507,0.48170192335166184,2.2959183673469385,2.2959183673469385
freshc_panel_12,dd5ead807a5b4630b1feb802f7b0276c,existing_formal_fresh_c_gallery,Generic Linear,shallow,early,0,16,51,1.8164170816832899,0.05481765616922548,0.17588430643081665,0.022531508217775362,0.5408163265306122,0.5408163265306122
freshc_panel_12,dd5ead807a5b4630b1feb802f7b0276c,existing_formal_fresh_c_gallery,Generic Linear,shallow,middle,17,32,48,1.8988476085166137,0.07065859280798274,0.1801923081278801,0.037361729839176405,0.625,0.625
freshc_panel_12,dd5ead807a5b4630b1feb802f7b0276c,existing_formal_fresh_c_gallery,Generic Linear,shallow,late,33,49,51,1.4304810879277248,0.06599856750564832,0.1969662681221962,0.03167154347437306,0.7091836734693878,0.7091836734693878
freshc_panel_12,dd5ead807a5b4630b1feb802f7b0276c,existing_formal_fresh_c_gallery,LLH,deep,early,0,16,51,5.533227700813144,0.7295403994765937,1.5421079993247986,0.5796174833587572,1.25,1.25
freshc_panel_12,dd5ead807a5b4630b1feb802f7b0276c,existing_formal_fresh_c_gallery,LLH,deep,middle,17,32,48,5.278429438670476,0.6469964000085989,1.330262804031372,0.5230542767482499,1.25,1.25
freshc_panel_12,dd5ead807a5b4630b1feb802f7b0276c,existing_formal_fresh_c_gallery,LLH,deep,late,33,49,51,6.169960012622908,0.9933102201013004,2.6537632942199707,0.5109916215433794,2.5,2.5
freshc_panel_12,dd5ead807a5b4630b1feb802f7b0276c,existing_formal_fresh_c_gallery,LLH,middle,early,0,16,51,1.8708947908644582,0.4350929388812944,0.7974390089511871,0.4658157293703042,1.25,1.25
freshc_panel_12,dd5ead807a5b4630b1feb802f7b0276c,existing_formal_fresh_c_gallery,LLH,middle,middle,17,32,48,2.067345524827639,0.5770957584803303,1.1074992179870606,0.5065151049445072,1.25,1.25
freshc_panel_12,dd5ead807a5b4630b1feb802f7b0276c,existing_formal_fresh_c_gallery,LLH,middle,late,33,49,51,2.2875017208211563,0.5588801614209717,1.2230263948440552,0.5133160262131223,2.5,2.5
freshc_panel_12,dd5ead807a5b4630b1feb802f7b0276c,existing_formal_fresh_c_gallery,LLH,shallow,early,0,16,51,1.811094978276421,0.051408782879840215,0.1585203930735588,0.018457630404144783,0.5,0.5
freshc_panel_12,dd5ead807a5b4630b1feb802f7b0276c,existing_formal_fresh_c_gallery,LLH,shallow,middle,17,32,48,1.8457061362763245,0.06171243387507275,0.1565682329237461,0.025797166805811383,0.5,0.5
freshc_panel_12,dd5ead807a5b4630b1feb802f7b0276c,existing_formal_fresh_c_gallery,LLH,shallow,late,33,49,51,1.4478508654762716,0.07122458927515968,0.21128755807876587,0.03625954187351882,0.75,0.75
freshc_panel_13,f6979d7ff8e54c4daf00fee46f09a139,existing_formal_fresh_c_gallery,No Adapter,deep,early,0,16,51,4.781868415720322,0.0,0.0,0.0,0.0,0.0
freshc_panel_13,f6979d7ff8e54c4daf00fee46f09a139,existing_formal_fresh_c_gallery,No Adapter,deep,middle,17,32,48,5.166042486826579,0.0,0.0,0.0,0.0,0.0
freshc_panel_13,f6979d7ff8e54c4daf00fee46f09a139,existing_formal_fresh_c_gallery,No Adapter,deep,late,33,49,51,5.13837324404249,0.0,0.0,0.0,0.0,0.0
freshc_panel_13,f6979d7ff8e54c4daf00fee46f09a139,existing_formal_fresh_c_gallery,No Adapter,middle,early,0,16,51,1.860069335675707,0.0,0.0,0.0,0.0,0.0
freshc_panel_13,f6979d7ff8e54c4daf00fee46f09a139,existing_formal_fresh_c_gallery,No Adapter,middle,middle,17,32,48,2.159023163219293,0.0,0.0,0.0,0.0,0.0
freshc_panel_13,f6979d7ff8e54c4daf00fee46f09a139,existing_formal_fresh_c_gallery,No Adapter,middle,late,33,49,51,2.2377972556095496,0.0,0.0,0.0,0.0,0.0
freshc_panel_13,f6979d7ff8e54c4daf00fee46f09a139,existing_formal_fresh_c_gallery,No Adapter,shallow,early,0,16,51,1.783616304397583,0.0,0.0,0.0,0.0,0.0
freshc_panel_13,f6979d7ff8e54c4daf00fee46f09a139,existing_formal_fresh_c_gallery,No Adapter,shallow,middle,17,32,48,1.8014680743217468,0.0,0.0,0.0,0.0,0.0
freshc_panel_13,f6979d7ff8e54c4daf00fee46f09a139,existing_formal_fresh_c_gallery,No Adapter,shallow,late,33,49,51,1.4099901423734778,0.0,0.0,0.0,0.0,0.0
freshc_panel_13,f6979d7ff8e54c4daf00fee46f09a139,existing_formal_fresh_c_gallery,GFL,deep,early,0,16,51,4.949071921554267,0.6774778512178683,1.4178823232650757,0.5722439931888207,1.25,1.25
freshc_panel_13,f6979d7ff8e54c4daf00fee46f09a139,existing_formal_fresh_c_gallery,GFL,deep,middle,17,32,48,4.976362854242325,0.5941318248709043,1.2680275559425354,0.47517541656270623,1.25,1.25
freshc_panel_13,f6979d7ff8e54c4daf00fee46f09a139,existing_formal_fresh_c_gallery,GFL,deep,late,33,49,51,4.836096169901829,0.4806046450839323,1.1909383535385132,0.37370715246481057,1.25,1.25
freshc_panel_13,f6979d7ff8e54c4daf00fee46f09a139,existing_formal_fresh_c_gallery,GFL,middle,early,0,16,51,1.7838870707680197,0.3445340789416257,0.6996957361698151,0.2913607487491533,1.25,1.25
freshc_panel_13,f6979d7ff8e54c4daf00fee46f09a139,existing_formal_fresh_c_gallery,GFL,middle,middle,17,32,48,2.0086000549296537,0.3820544332265854,0.7855233579874039,0.28374275052919984,1.25,1.25
freshc_panel_13,f6979d7ff8e54c4daf00fee46f09a139,existing_formal_fresh_c_gallery,GFL,middle,late,33,49,51,2.111958809927398,0.19139701537057466,0.4058312773704529,0.13947391582141613,1.25,1.25
freshc_panel_13,f6979d7ff8e54c4daf00fee46f09a139,existing_formal_fresh_c_gallery,GFL,shallow,early,0,16,51,1.8035895321883408,0.09304184294944885,0.27227795124053955,0.05379089452760002,1.25,0.7999999999999998
freshc_panel_13,f6979d7ff8e54c4daf00fee46f09a139,existing_formal_fresh_c_gallery,GFL,shallow,middle,17,32,48,1.816536333411932,0.10562023530170943,0.27527318745851515,0.06208012155548204,1.25,0.7999999999999999
freshc_panel_13,f6979d7ff8e54c4daf00fee46f09a139,existing_formal_fresh_c_gallery,GFL,shallow,late,33,49,51,1.432472502484041,0.06494853685737825,0.19164994359016418,0.022639486274239937,1.25,0.7999999999999998
freshc_panel_13,f6979d7ff8e54c4daf00fee46f09a139,existing_formal_fresh_c_gallery,GFH,deep,early,0,16,51,6.053379633847405,1.159555623928706,2.8346744775772095,0.6453605241635266,2.5,2.5
freshc_panel_13,f6979d7ff8e54c4daf00fee46f09a139,existing_formal_fresh_c_gallery,GFH,deep,middle,17,32,48,5.755465080340703,1.075869586629172,2.5384686827659606,0.6078985743224621,2.5,2.5
freshc_panel_13,f6979d7ff8e54c4daf00fee46f09a139,existing_formal_fresh_c_gallery,GFH,deep,late,33,49,51,5.421665509541829,0.8960763476058549,2.3353132009506226,0.5190367330523098,2.5,2.5
freshc_panel_13,f6979d7ff8e54c4daf00fee46f09a139,existing_formal_fresh_c_gallery,GFH,middle,early,0,16,51,2.026569930946126,0.4850914151060815,0.7931631505489349,0.4134928210108888,2.5,2.5
freshc_panel_13,f6979d7ff8e54c4daf00fee46f09a139,existing_formal_fresh_c_gallery,GFH,middle,middle,17,32,48,2.124702014029026,0.6817503167937199,1.2802032291889192,0.4561052353431781,2.5,2.5
freshc_panel_13,f6979d7ff8e54c4daf00fee46f09a139,existing_formal_fresh_c_gallery,GFH,middle,late,33,49,51,2.1970744203118717,0.38711323253079954,0.8357283771038055,0.31536567590984643,2.5,2.5
freshc_panel_13,f6979d7ff8e54c4daf00fee46f09a139,existing_formal_fresh_c_gallery,GFH,shallow,early,0,16,51,1.8259842430844027,0.08752063227196534,0.2548208683729172,0.049098208330642414,2.5,0.7999999999999998
freshc_panel_13,f6979d7ff8e54c4daf00fee46f09a139,existing_formal_fresh_c_gallery,GFH,shallow,middle,17,32,48,1.863071760783593,0.10288680414669216,0.2562509164214134,0.060585936499895375,2.5,0.7999999999999999
freshc_panel_13,f6979d7ff8e54c4daf00fee46f09a139,existing_formal_fresh_c_gallery,GFH,shallow,late,33,49,51,1.4199516749849506,0.07519049540746446,0.2297629863023758,0.03264398685652457,2.5,0.7999999999999998
freshc_panel_13,f6979d7ff8e54c4daf00fee46f09a139,existing_formal_fresh_c_gallery,C3,deep,early,0,16,51,4.949071921554267,0.6774778512178683,1.4178823232650757,0.5722439931888207,1.25,1.25
freshc_panel_13,f6979d7ff8e54c4daf00fee46f09a139,existing_formal_fresh_c_gallery,C3,deep,middle,17,32,48,5.753793492913246,1.0769316414371133,2.540296566486359,0.607195395976305,2.5,2.5
freshc_panel_13,f6979d7ff8e54c4daf00fee46f09a139,existing_formal_fresh_c_gallery,C3,deep,late,33,49,51,4.815794500650144,0.47959685004224967,1.1647353768348694,0.3760771111530416,1.25,1.25
freshc_panel_13,f6979d7ff8e54c4daf00fee46f09a139,existing_formal_fresh_c_gallery,C3,middle,early,0,16,51,1.7838870707680197,0.3445340789416257,0.6996957361698151,0.2913607487491533,1.25,1.25
freshc_panel_13,f6979d7ff8e54c4daf00fee46f09a139,existing_formal_fresh_c_gallery,C3,middle,middle,17,32,48,2.124446543554465,0.6821009783695141,1.281284648180008,0.4560013258208831,2.5,2.5
freshc_panel_13,f6979d7ff8e54c4daf00fee46f09a139,existing_formal_fresh_c_gallery,C3,middle,late,33,49,51,2.1011876709320965,0.19613749767635383,0.41173845529556274,0.14439514490282712,1.25,1.25
freshc_panel_13,f6979d7ff8e54c4daf00fee46f09a139,existing_formal_fresh_c_gallery,C3,shallow,early,0,16,51,1.8035895321883408,0.09304184294944885,0.27227795124053955,0.05379089452760002,1.25,0.7999999999999998
freshc_panel_13,f6979d7ff8e54c4daf00fee46f09a139,existing_formal_fresh_c_gallery,C3,shallow,middle,17,32,48,1.8636972332994144,0.10299342288635671,0.25657913982868197,0.06069350072357338,2.5,0.7999999999999999
freshc_panel_13,f6979d7ff8e54c4daf00fee46f09a139,existing_formal_fresh_c_gallery,C3,shallow,late,33,49,51,1.4206539895020278,0.06672211451565518,0.19520451128482819,0.024128544751295288,1.25,0.7999999999999998
freshc_panel_13,f6979d7ff8e54c4daf00fee46f09a139,existing_formal_fresh_c_gallery,Generic Linear,deep,early,0,16,51,5.101460442823522,0.7663870693421831,1.6394648551940918,0.6025320303206351,1.4540816326530617,1.4540816326530617
freshc_panel_13,f6979d7ff8e54c4daf00fee46f09a139,existing_formal_fresh_c_gallery,Generic Linear,deep,middle,17,32,48,5.326888447006543,0.8510901723057032,1.9899093151092528,0.5765360807999969,1.8749999999999998,1.8749999999999998
freshc_panel_13,f6979d7ff8e54c4daf00fee46f09a139,existing_formal_fresh_c_gallery,Generic Linear,deep,late,33,49,51,5.335701750774009,0.8368960312184166,2.096414566040039,0.5056253534321692,2.2959183673469385,2.2959183673469385
freshc_panel_13,f6979d7ff8e54c4daf00fee46f09a139,existing_formal_fresh_c_gallery,Generic Linear,middle,early,0,16,51,1.8192442047829722,0.37812332692099554,0.7671753168106079,0.3198844936548495,1.4540816326530617,1.4540816326530617
freshc_panel_13,f6979d7ff8e54c4daf00fee46f09a139,existing_formal_fresh_c_gallery,Generic Linear,middle,middle,17,32,48,2.0542610747118792,0.5639155947913727,1.069659984111786,0.39413761409620446,1.8749999999999998,1.8749999999999998
freshc_panel_13,f6979d7ff8e54c4daf00fee46f09a139,existing_formal_fresh_c_gallery,Generic Linear,middle,late,33,49,51,2.1851371783836213,0.3510740139320785,0.7366701364517212,0.2886439854023503,2.2959183673469385,2.2959183673469385
freshc_panel_13,f6979d7ff8e54c4daf00fee46f09a139,existing_formal_fresh_c_gallery,Generic Linear,shallow,early,0,16,51,1.8046433960690218,0.06286214911105002,0.18949510157108307,0.027415128511147843,0.5408163265306122,0.5408163265306122
freshc_panel_13,f6979d7ff8e54c4daf00fee46f09a139,existing_formal_fresh_c_gallery,Generic Linear,shallow,middle,17,32,48,1.835337835053603,0.08417499370019262,0.20696637332439421,0.04487040000518997,0.625,0.625
freshc_panel_13,f6979d7ff8e54c4daf00fee46f09a139,existing_formal_fresh_c_gallery,Generic Linear,shallow,late,33,49,51,1.4184300478766947,0.06525036466180109,0.19644685089588165,0.024596989781974686,0.7091836734693878,0.7091836734693878
freshc_panel_13,f6979d7ff8e54c4daf00fee46f09a139,existing_formal_fresh_c_gallery,LLH,deep,early,0,16,51,4.965464442384009,0.6772523598343718,1.417707622051239,0.5725002621903139,1.25,1.25
freshc_panel_13,f6979d7ff8e54c4daf00fee46f09a139,existing_formal_fresh_c_gallery,LLH,deep,middle,17,32,48,4.992372234662374,0.5953097743913531,1.2588316202163696,0.4826072514988482,1.25,1.25
freshc_panel_13,f6979d7ff8e54c4daf00fee46f09a139,existing_formal_fresh_c_gallery,LLH,deep,late,33,49,51,5.48389575995651,0.9096670422483893,2.478162407875061,0.5177979574483984,2.5,2.5
freshc_panel_13,f6979d7ff8e54c4daf00fee46f09a139,existing_formal_fresh_c_gallery,LLH,middle,early,0,16,51,1.786023967406329,0.3439868665209003,0.6970263421535492,0.2910696960547391,1.25,1.25
freshc_panel_13,f6979d7ff8e54c4daf00fee46f09a139,existing_formal_fresh_c_gallery,LLH,middle,middle,17,32,48,1.9994255118072033,0.3944047999878724,0.7860916465520859,0.2926851628969113,1.25,1.25
freshc_panel_13,f6979d7ff8e54c4daf00fee46f09a139,existing_formal_fresh_c_gallery,LLH,middle,late,33,49,51,2.1981960838916255,0.39069747807932836,0.8700892627239227,0.3153194823101455,2.5,2.5
freshc_panel_13,f6979d7ff8e54c4daf00fee46f09a139,existing_formal_fresh_c_gallery,LLH,shallow,early,0,16,51,1.7985623513951021,0.05842367474756697,0.16906773298978806,0.023371229988733117,0.5,0.5
freshc_panel_13,f6979d7ff8e54c4daf00fee46f09a139,existing_formal_fresh_c_gallery,LLH,shallow,middle,17,32,48,1.8084298421939213,0.0693174768530298,0.17163152024149894,0.03071520235062053,0.5,0.5
freshc_panel_13,f6979d7ff8e54c4daf00fee46f09a139,existing_formal_fresh_c_gallery,LLH,shallow,late,33,49,51,1.4271307669433893,0.07245492834743916,0.22123565524816513,0.0308898647975487,0.75,0.75
freshc_panel_14,b09220089d0e486bb1d11a5fd80d8fd3,existing_formal_fresh_c_gallery,No Adapter,deep,early,0,16,51,5.131231279934154,0.0,0.0,0.0,0.0,0.0
freshc_panel_14,b09220089d0e486bb1d11a5fd80d8fd3,existing_formal_fresh_c_gallery,No Adapter,deep,middle,17,32,48,5.606383179624875,0.0,0.0,0.0,0.0,0.0
freshc_panel_14,b09220089d0e486bb1d11a5fd80d8fd3,existing_formal_fresh_c_gallery,No Adapter,deep,late,33,49,51,5.624483346939087,0.0,0.0,0.0,0.0,0.0
freshc_panel_14,b09220089d0e486bb1d11a5fd80d8fd3,existing_formal_fresh_c_gallery,No Adapter,middle,early,0,16,51,1.8838085508814044,0.0,0.0,0.0,0.0,0.0
freshc_panel_14,b09220089d0e486bb1d11a5fd80d8fd3,existing_formal_fresh_c_gallery,No Adapter,middle,middle,17,32,48,2.2419501915574074,0.0,0.0,0.0,0.0,0.0
freshc_panel_14,b09220089d0e486bb1d11a5fd80d8fd3,existing_formal_fresh_c_gallery,No Adapter,middle,late,33,49,51,2.366852772002127,0.0,0.0,0.0,0.0,0.0
freshc_panel_14,b09220089d0e486bb1d11a5fd80d8fd3,existing_formal_fresh_c_gallery,No Adapter,shallow,early,0,16,51,1.7821841497047275,0.0,0.0,0.0,0.0,0.0
freshc_panel_14,b09220089d0e486bb1d11a5fd80d8fd3,existing_formal_fresh_c_gallery,No Adapter,shallow,middle,17,32,48,1.800979455312093,0.0,0.0,0.0,0.0,0.0
freshc_panel_14,b09220089d0e486bb1d11a5fd80d8fd3,existing_formal_fresh_c_gallery,No Adapter,shallow,late,33,49,51,1.4141615652570538,0.0,0.0,0.0,0.0,0.0
freshc_panel_14,b09220089d0e486bb1d11a5fd80d8fd3,existing_formal_fresh_c_gallery,GFL,deep,early,0,16,51,5.482717948801377,0.7213760252092399,1.5204145312309265,0.5840541346400392,1.25,1.25
freshc_panel_14,b09220089d0e486bb1d11a5fd80d8fd3,existing_formal_fresh_c_gallery,GFL,deep,middle,17,32,48,5.365436141689618,0.6437983994061748,1.3241633534431458,0.5228566328684489,1.25,1.25
freshc_panel_14,b09220089d0e486bb1d11a5fd80d8fd3,existing_formal_fresh_c_gallery,GFL,deep,late,33,49,51,5.3231268443313295,0.5453794063890681,1.3190693259239197,0.3937106076993194,1.25,1.25
freshc_panel_14,b09220089d0e486bb1d11a5fd80d8fd3,existing_formal_fresh_c_gallery,GFL,middle,early,0,16,51,1.859562608541227,0.4515396134526122,0.8428177833557129,0.4981055399950813,1.25,1.25
freshc_panel_14,b09220089d0e486bb1d11a5fd80d8fd3,existing_formal_fresh_c_gallery,GFL,middle,middle,17,32,48,2.064039967954159,0.6143356642375389,1.1772871375083924,0.5512882123390833,1.25,1.25
freshc_panel_14,b09220089d0e486bb1d11a5fd80d8fd3,existing_formal_fresh_c_gallery,GFL,middle,late,33,49,51,2.1940139111350563,0.29527635682447284,0.6701160967350006,0.3050456083397947,1.25,1.25
freshc_panel_14,b09220089d0e486bb1d11a5fd80d8fd3,existing_formal_fresh_c_gallery,GFL,shallow,early,0,16,51,1.8171018373732473,0.0862246527993942,0.2670350670814514,0.055570398330375755,1.25,0.7999999999999998
freshc_panel_14,b09220089d0e486bb1d11a5fd80d8fd3,existing_formal_fresh_c_gallery,GFL,shallow,middle,17,32,48,1.861241314560175,0.10065160649052511,0.26246466785669326,0.06834735200148619,1.25,0.7999999999999999
freshc_panel_14,b09220089d0e486bb1d11a5fd80d8fd3,existing_formal_fresh_c_gallery,GFL,shallow,late,33,49,51,1.4220284842977338,0.07704478586275204,0.2621822953224182,0.042519076712493435,1.25,0.7999999999999998
freshc_panel_14,b09220089d0e486bb1d11a5fd80d8fd3,existing_formal_fresh_c_gallery,GFH,deep,early,0,16,51,6.918979756972369,1.2326182687983793,3.0388952493667603,0.6454409840060216,2.5,2.5
freshc_panel_14,b09220089d0e486bb1d11a5fd80d8fd3,existing_formal_fresh_c_gallery,GFH,deep,middle,17,32,48,6.425225267807643,1.132841454197963,2.6414100885391236,0.6330615921566883,2.5,2.5
freshc_panel_14,b09220089d0e486bb1d11a5fd80d8fd3,existing_formal_fresh_c_gallery,GFH,deep,late,33,49,51,6.301516603021061,1.0156624027911354,2.65040123462677,0.5085394814902661,2.5,2.5
freshc_panel_14,b09220089d0e486bb1d11a5fd80d8fd3,existing_formal_fresh_c_gallery,GFH,middle,early,0,16,51,2.2351168814827416,0.5614233589639851,0.6946024000644684,0.5908101954880882,2.5,2.5
freshc_panel_14,b09220089d0e486bb1d11a5fd80d8fd3,existing_formal_fresh_c_gallery,GFH,middle,middle,17,32,48,2.2515669589241347,0.8675367018828789,1.5528708338737487,0.693965457379818,2.5,2.5
freshc_panel_14,b09220089d0e486bb1d11a5fd80d8fd3,existing_formal_fresh_c_gallery,GFH,middle,late,33,49,51,2.299759867144566,0.5685403183394787,1.2515060901641846,0.5411556360183978,2.5,2.5
freshc_panel_14,b09220089d0e486bb1d11a5fd80d8fd3,existing_formal_fresh_c_gallery,GFH,shallow,early,0,16,51,1.8413003437659319,0.07463914335833169,0.24437910318374634,0.043313860516897035,2.5,0.7999999999999998
freshc_panel_14,b09220089d0e486bb1d11a5fd80d8fd3,existing_formal_fresh_c_gallery,GFH,shallow,middle,17,32,48,1.9323383184770744,0.08846852943922083,0.2428278386592865,0.05676778453441026,2.5,0.7999999999999999
freshc_panel_14,b09220089d0e486bb1d11a5fd80d8fd3,existing_formal_fresh_c_gallery,GFH,shallow,late,33,49,51,1.4559508082913417,0.0805290976685344,0.24223242700099945,0.04669325322246033,2.5,0.7999999999999998
freshc_panel_14,b09220089d0e486bb1d11a5fd80d8fd3,existing_formal_fresh_c_gallery,C3,deep,early,0,16,51,5.482717948801377,0.7213760252092399,1.5204145312309265,0.5840541346400392,1.25,1.25
freshc_panel_14,b09220089d0e486bb1d11a5fd80d8fd3,existing_formal_fresh_c_gallery,C3,deep,middle,17,32,48,6.403267294168472,1.1342902285978198,2.6475358486175535,0.6322961909075578,2.5,2.5
freshc_panel_14,b09220089d0e486bb1d11a5fd80d8fd3,existing_formal_fresh_c_gallery,C3,deep,late,33,49,51,5.331968223347383,0.5469351013501486,1.3250965476036072,0.39424097479558456,1.25,1.25
freshc_panel_14,b09220089d0e486bb1d11a5fd80d8fd3,existing_formal_fresh_c_gallery,C3,middle,early,0,16,51,1.859562608541227,0.4515396134526122,0.8428177833557129,0.4981055399950813,1.25,1.25
freshc_panel_14,b09220089d0e486bb1d11a5fd80d8fd3,existing_formal_fresh_c_gallery,C3,middle,middle,17,32,48,2.2481683244307837,0.874355752641956,1.5801065027713777,0.6948536299169064,2.5,2.5
freshc_panel_14,b09220089d0e486bb1d11a5fd80d8fd3,existing_formal_fresh_c_gallery,C3,middle,late,33,49,51,2.19786835418028,0.29586934239840973,0.6820733845233917,0.305103072796163,1.25,1.25
freshc_panel_14,b09220089d0e486bb1d11a5fd80d8fd3,existing_formal_fresh_c_gallery,C3,shallow,early,0,16,51,1.8171018373732473,0.0862246527993942,0.2670350670814514,0.055570398330375755,1.25,0.7999999999999998
freshc_panel_14,b09220089d0e486bb1d11a5fd80d8fd3,existing_formal_fresh_c_gallery,C3,shallow,middle,17,32,48,1.9371397209664185,0.08801126424805261,0.2413533166050911,0.056283127208492566,2.5,0.7999999999999999
freshc_panel_14,b09220089d0e486bb1d11a5fd80d8fd3,existing_formal_fresh_c_gallery,C3,shallow,late,33,49,51,1.41919520555758,0.07635122590570473,0.26312749087810516,0.041844359157931096,1.25,0.7999999999999998
freshc_panel_14,b09220089d0e486bb1d11a5fd80d8fd3,existing_formal_fresh_c_gallery,Generic Linear,deep,early,0,16,51,5.665437787186866,0.8139874613752552,1.7713550925254822,0.6095701456069946,1.4540816326530617,1.4540816326530617
freshc_panel_14,b09220089d0e486bb1d11a5fd80d8fd3,existing_formal_fresh_c_gallery,Generic Linear,deep,middle,17,32,48,5.826403136054675,0.9090165592109164,2.0930299162864685,0.6068889473875364,1.8749999999999998,1.8749999999999998
freshc_panel_14,b09220089d0e486bb1d11a5fd80d8fd3,existing_formal_fresh_c_gallery,Generic Linear,deep,late,33,49,51,6.091976310692582,0.9434725516567043,2.398201584815979,0.5014633559713176,2.2959183673469385,2.2959183673469385
freshc_panel_14,b09220089d0e486bb1d11a5fd80d8fd3,existing_formal_fresh_c_gallery,Generic Linear,middle,early,0,16,51,1.909860610961914,0.47635365876497004,0.8112931251525879,0.5243963201840719,1.4540816326530617,1.4540816326530617
freshc_panel_14,b09220089d0e486bb1d11a5fd80d8fd3,existing_formal_fresh_c_gallery,Generic Linear,middle,middle,17,32,48,2.1382619639237723,0.8003457691520452,1.4945010900497437,0.6512682307511568,1.8749999999999998,1.8749999999999998
freshc_panel_14,b09220089d0e486bb1d11a5fd80d8fd3,existing_formal_fresh_c_gallery,Generic Linear,middle,late,33,49,51,2.276648105359545,0.5351175002607644,1.1695247292518616,0.5211287222656549,2.2959183673469385,2.2959183673469385
freshc_panel_14,b09220089d0e486bb1d11a5fd80d8fd3,existing_formal_fresh_c_gallery,Generic Linear,shallow,early,0,16,51,1.817229205486821,0.05759704382359689,0.18589066714048386,0.026241598023872548,0.5408163265306122,0.5408163265306122
freshc_panel_14,b09220089d0e486bb1d11a5fd80d8fd3,existing_formal_fresh_c_gallery,Generic Linear,shallow,middle,17,32,48,1.909684752424558,0.07216951319909033,0.18749009743332862,0.04035697708786756,0.625,0.625
freshc_panel_14,b09220089d0e486bb1d11a5fd80d8fd3,existing_formal_fresh_c_gallery,Generic Linear,shallow,late,33,49,51,1.4482003298460269,0.07372417183154646,0.21694204956293106,0.040303310527758415,0.7091836734693878,0.7091836734693878
freshc_panel_14,b09220089d0e486bb1d11a5fd80d8fd3,existing_formal_fresh_c_gallery,LLH,deep,early,0,16,51,5.484989834766762,0.7215931777860604,1.5204294323921204,0.5840064298872855,1.25,1.25
freshc_panel_14,b09220089d0e486bb1d11a5fd80d8fd3,existing_formal_fresh_c_gallery,LLH,deep,middle,17,32,48,5.3517883867025375,0.6470035528764129,1.3274333357810975,0.5266395397484303,1.25,1.25
freshc_panel_14,b09220089d0e486bb1d11a5fd80d8fd3,existing_formal_fresh_c_gallery,LLH,deep,late,33,49,51,6.25720092829536,1.0216237896797704,2.651873826980591,0.5131959082449183,2.5,2.5
freshc_panel_14,b09220089d0e486bb1d11a5fd80d8fd3,existing_formal_fresh_c_gallery,LLH,middle,early,0,16,51,1.8598932775796628,0.4511334083828272,0.8410371541976929,0.4978846001858805,1.25,1.25
freshc_panel_14,b09220089d0e486bb1d11a5fd80d8fd3,existing_formal_fresh_c_gallery,LLH,middle,middle,17,32,48,2.057360683878263,0.6172731680174669,1.1781918585300446,0.553235549479723,1.25,1.25
freshc_panel_14,b09220089d0e486bb1d11a5fd80d8fd3,existing_formal_fresh_c_gallery,LLH,middle,late,33,49,51,2.2960548330755794,0.5880502190660027,1.3174737095832825,0.5504681243031633,2.5,2.5
freshc_panel_14,b09220089d0e486bb1d11a5fd80d8fd3,existing_formal_fresh_c_gallery,LLH,shallow,early,0,16,51,1.8122304222163033,0.05413120050056308,0.16702137887477875,0.021935757320739404,0.5,0.5
freshc_panel_14,b09220089d0e486bb1d11a5fd80d8fd3,existing_formal_fresh_c_gallery,LLH,shallow,middle,17,32,48,1.8558897897601128,0.06320680993182275,0.16391099691390992,0.02833788290990924,0.5,0.5
freshc_panel_14,b09220089d0e486bb1d11a5fd80d8fd3,existing_formal_fresh_c_gallery,LLH,shallow,late,33,49,51,1.4661648752642613,0.07908948624104846,0.2310403287410736,0.04534276030722586,0.75,0.75
freshc_panel_15,ebc5938fe6a04b5bbd5312fa2abb9ba5,existing_formal_fresh_c_gallery,No Adapter,deep,early,0,16,51,4.939384161257276,0.0,0.0,0.0,0.0,0.0
freshc_panel_15,ebc5938fe6a04b5bbd5312fa2abb9ba5,existing_formal_fresh_c_gallery,No Adapter,deep,middle,17,32,48,5.465986768404643,0.0,0.0,0.0,0.0,0.0
freshc_panel_15,ebc5938fe6a04b5bbd5312fa2abb9ba5,existing_formal_fresh_c_gallery,No Adapter,deep,late,33,49,51,5.522622197282081,0.0,0.0,0.0,0.0,0.0
freshc_panel_15,ebc5938fe6a04b5bbd5312fa2abb9ba5,existing_formal_fresh_c_gallery,No Adapter,middle,early,0,16,51,1.8844475991585676,0.0,0.0,0.0,0.0,0.0
freshc_panel_15,ebc5938fe6a04b5bbd5312fa2abb9ba5,existing_formal_fresh_c_gallery,No Adapter,middle,middle,17,32,48,2.277424874405066,0.0,0.0,0.0,0.0,0.0
freshc_panel_15,ebc5938fe6a04b5bbd5312fa2abb9ba5,existing_formal_fresh_c_gallery,No Adapter,middle,late,33,49,51,2.424739959193211,0.0,0.0,0.0,0.0,0.0
freshc_panel_15,ebc5938fe6a04b5bbd5312fa2abb9ba5,existing_formal_fresh_c_gallery,No Adapter,shallow,early,0,16,51,1.7845481435457866,0.0,0.0,0.0,0.0,0.0
freshc_panel_15,ebc5938fe6a04b5bbd5312fa2abb9ba5,existing_formal_fresh_c_gallery,No Adapter,shallow,middle,17,32,48,1.8010584898293018,0.0,0.0,0.0,0.0,0.0
freshc_panel_15,ebc5938fe6a04b5bbd5312fa2abb9ba5,existing_formal_fresh_c_gallery,No Adapter,shallow,late,33,49,51,1.4111117241429347,0.0,0.0,0.0,0.0,0.0
freshc_panel_15,ebc5938fe6a04b5bbd5312fa2abb9ba5,existing_formal_fresh_c_gallery,GFL,deep,early,0,16,51,5.179183384951423,0.6941804570310256,1.4716367721557617,0.5720800342513066,1.25,1.25
freshc_panel_15,ebc5938fe6a04b5bbd5312fa2abb9ba5,existing_formal_fresh_c_gallery,GFL,deep,middle,17,32,48,5.019790346423785,0.6040945667773485,1.2838042497634887,0.4845083705149591,1.25,1.25
freshc_panel_15,ebc5938fe6a04b5bbd5312fa2abb9ba5,existing_formal_fresh_c_gallery,GFL,deep,late,33,49,51,4.854873970443127,0.4756522920786166,1.129085898399353,0.37373974218088035,1.25,1.25
freshc_panel_15,ebc5938fe6a04b5bbd5312fa2abb9ba5,existing_formal_fresh_c_gallery,GFL,middle,early,0,16,51,1.8080880373131996,0.3200386739244648,0.6595783531665802,0.26203391306540547,1.25,1.25
freshc_panel_15,ebc5938fe6a04b5bbd5312fa2abb9ba5,existing_formal_fresh_c_gallery,GFL,middle,middle,17,32,48,2.0381144608060517,0.3424139735288918,0.7301423698663712,0.24778969034863016,1.25,1.25
freshc_panel_15,ebc5938fe6a04b5bbd5312fa2abb9ba5,existing_formal_fresh_c_gallery,GFL,middle,late,33,49,51,2.1327012637082268,0.1689142947103463,0.3395610749721527,0.11326499952131189,1.25,1.25
freshc_panel_15,ebc5938fe6a04b5bbd5312fa2abb9ba5,existing_formal_fresh_c_gallery,GFL,shallow,early,0,16,51,1.798209392556957,0.09756302817122024,0.28530675172805786,0.05803300755545862,1.25,0.7999999999999998
freshc_panel_15,ebc5938fe6a04b5bbd5312fa2abb9ba5,existing_formal_fresh_c_gallery,GFL,shallow,middle,17,32,48,1.8176892809569836,0.10346951820732404,0.2833369880914688,0.05974573880666867,1.25,0.7999999999999999
freshc_panel_15,ebc5938fe6a04b5bbd5312fa2abb9ba5,existing_formal_fresh_c_gallery,GFL,shallow,late,33,49,51,1.4330487555148554,0.05754501816323575,0.161976158618927,0.01580939278709611,1.25,0.7999999999999998
freshc_panel_15,ebc5938fe6a04b5bbd5312fa2abb9ba5,existing_formal_fresh_c_gallery,GFH,deep,early,0,16,51,6.424788811627557,1.190901257243811,2.9428725242614746,0.6407740718009425,2.5,2.5
freshc_panel_15,ebc5938fe6a04b5bbd5312fa2abb9ba5,existing_formal_fresh_c_gallery,GFH,deep,middle,17,32,48,5.840730408827464,1.0897365162769954,2.5713215947151182,0.6100707873702049,2.5,2.5
freshc_panel_15,ebc5938fe6a04b5bbd5312fa2abb9ba5,existing_formal_fresh_c_gallery,GFH,deep,late,33,49,51,5.420862791584987,0.9064149415376139,2.3070783615112305,0.5221995483426487,2.5,2.5
freshc_panel_15,ebc5938fe6a04b5bbd5312fa2abb9ba5,existing_formal_fresh_c_gallery,GFH,middle,early,0,16,51,2.074142076221167,0.44946012719004763,0.7770679891109467,0.38383134907367183,2.5,2.5
freshc_panel_15,ebc5938fe6a04b5bbd5312fa2abb9ba5,existing_formal_fresh_c_gallery,GFH,middle,middle,17,32,48,2.1332886988917985,0.6260093686481317,1.1904756486415864,0.4211144782602787,2.5,2.5
freshc_panel_15,ebc5938fe6a04b5bbd5312fa2abb9ba5,existing_formal_fresh_c_gallery,GFH,middle,late,33,49,51,2.207180158764708,0.34404101441888246,0.7068392932415009,0.28084542412383884,2.5,2.5
freshc_panel_15,ebc5938fe6a04b5bbd5312fa2abb9ba5,existing_formal_fresh_c_gallery,GFH,shallow,early,0,16,51,1.816232730360592,0.09066144578779738,0.2660626620054245,0.052184901807991346,2.5,0.7999999999999998
freshc_panel_15,ebc5938fe6a04b5bbd5312fa2abb9ba5,existing_formal_fresh_c_gallery,GFH,shallow,middle,17,32,48,1.854580948750178,0.10351958744771157,0.26485503911972047,0.060373722810860876,2.5,0.7999999999999999
freshc_panel_15,ebc5938fe6a04b5bbd5312fa2abb9ba5,existing_formal_fresh_c_gallery,GFH,shallow,late,33,49,51,1.4197451402159298,0.06986915186851048,0.21345894783735275,0.027599540555064438,2.5,0.7999999999999998
freshc_panel_15,ebc5938fe6a04b5bbd5312fa2abb9ba5,existing_formal_fresh_c_gallery,C3,deep,early,0,16,51,5.179183384951423,0.6941804570310256,1.4716367721557617,0.5720800342513066,1.25,1.25
freshc_panel_15,ebc5938fe6a04b5bbd5312fa2abb9ba5,existing_formal_fresh_c_gallery,C3,deep,middle,17,32,48,5.827437301476796,1.0901903565973043,2.5714104533195496,0.6089294335494438,2.5,2.5
freshc_panel_15,ebc5938fe6a04b5bbd5312fa2abb9ba5,existing_formal_fresh_c_gallery,C3,deep,late,33,49,51,4.828040258557189,0.4810156120973475,1.1410210132598877,0.3781633951208171,1.25,1.25
freshc_panel_15,ebc5938fe6a04b5bbd5312fa2abb9ba5,existing_formal_fresh_c_gallery,C3,middle,early,0,16,51,1.8080880373131996,0.3200386739244648,0.6595783531665802,0.26203391306540547,1.25,1.25
freshc_panel_15,ebc5938fe6a04b5bbd5312fa2abb9ba5,existing_formal_fresh_c_gallery,C3,middle,middle,17,32,48,2.1298326229055724,0.631142587090532,1.2057823061943054,0.4219346350679795,2.5,2.5
freshc_panel_15,ebc5938fe6a04b5bbd5312fa2abb9ba5,existing_formal_fresh_c_gallery,C3,middle,late,33,49,51,2.113730318406049,0.1749559320947703,0.35074521601200104,0.11959673974699542,1.25,1.25
freshc_panel_15,ebc5938fe6a04b5bbd5312fa2abb9ba5,existing_formal_fresh_c_gallery,C3,shallow,early,0,16,51,1.798209392556957,0.09756302817122024,0.28530675172805786,0.05803300755545862,1.25,0.7999999999999998
freshc_panel_15,ebc5938fe6a04b5bbd5312fa2abb9ba5,existing_formal_fresh_c_gallery,C3,shallow,middle,17,32,48,1.855867398281892,0.10396735919251417,0.2648683860898018,0.06070567599575346,2.5,0.7999999999999999
freshc_panel_15,ebc5938fe6a04b5bbd5312fa2abb9ba5,existing_formal_fresh_c_gallery,C3,shallow,late,33,49,51,1.4239403208096821,0.06202873817699797,0.17542268335819244,0.019375362141313506,1.25,0.7999999999999998
freshc_panel_15,ebc5938fe6a04b5bbd5312fa2abb9ba5,existing_formal_fresh_c_gallery,Generic Linear,deep,early,0,16,51,5.350371300005445,0.7845682852408465,1.7069454789161682,0.598796159029007,1.4540816326530617,1.4540816326530617
freshc_panel_15,ebc5938fe6a04b5bbd5312fa2abb9ba5,existing_formal_fresh_c_gallery,Generic Linear,deep,middle,17,32,48,5.382684305310249,0.86757324449718,2.0707604765892027,0.5821073614060879,1.8749999999999998,1.8749999999999998
freshc_panel_15,ebc5938fe6a04b5bbd5312fa2abb9ba5,existing_formal_fresh_c_gallery,Generic Linear,deep,late,33,49,51,5.31308679487191,0.8400540161950916,2.0337239503860474,0.5080408696450439,2.2959183673469385,2.2959183673469385
freshc_panel_15,ebc5938fe6a04b5bbd5312fa2abb9ba5,existing_formal_fresh_c_gallery,Generic Linear,middle,early,0,16,51,1.8424218133384107,0.35255175069266675,0.7344383895397186,0.2904561506766899,1.4540816326530617,1.4540816326530617
freshc_panel_15,ebc5938fe6a04b5bbd5312fa2abb9ba5,existing_formal_fresh_c_gallery,Generic Linear,middle,middle,17,32,48,2.064917456358671,0.5140984756872058,0.9981409668922424,0.3554905755445361,1.8749999999999998,1.8749999999999998
freshc_panel_15,ebc5938fe6a04b5bbd5312fa2abb9ba5,existing_formal_fresh_c_gallery,Generic Linear,middle,late,33,49,51,2.1900570906844794,0.31576573293583066,0.6254538297653198,0.257561052254602,2.2959183673469385,2.2959183673469385
freshc_panel_15,ebc5938fe6a04b5bbd5312fa2abb9ba5,existing_formal_fresh_c_gallery,Generic Linear,shallow,early,0,16,51,1.797826438557868,0.06603776205184997,0.19958150386810303,0.029945435047457246,0.5408163265306122,0.5408163265306122
freshc_panel_15,ebc5938fe6a04b5bbd5312fa2abb9ba5,existing_formal_fresh_c_gallery,Generic Linear,shallow,middle,17,32,48,1.8296086514989536,0.08526509352183591,0.21086765304207802,0.04471153960306159,0.625,0.625
freshc_panel_15,ebc5938fe6a04b5bbd5312fa2abb9ba5,existing_formal_fresh_c_gallery,Generic Linear,shallow,late,33,49,51,1.4162414085631276,0.06146876866399657,0.18253034353256226,0.02066561751473951,0.7091836734693878,0.7091836734693878
freshc_panel_15,ebc5938fe6a04b5bbd5312fa2abb9ba5,existing_formal_fresh_c_gallery,LLH,deep,early,0,16,51,5.196342818877277,0.6944160835415709,1.4715733528137207,0.5716336416263207,1.25,1.25
freshc_panel_15,ebc5938fe6a04b5bbd5312fa2abb9ba5,existing_formal_fresh_c_gallery,LLH,deep,middle,17,32,48,5.046322003006935,0.6084709813197454,1.2797705709934235,0.49304879844809574,1.25,1.25
freshc_panel_15,ebc5938fe6a04b5bbd5312fa2abb9ba5,existing_formal_fresh_c_gallery,LLH,deep,late,33,49,51,5.462080731111414,0.9046514773485708,2.3554075956344604,0.5200661923371109,2.5,2.5
freshc_panel_15,ebc5938fe6a04b5bbd5312fa2abb9ba5,existing_formal_fresh_c_gallery,LLH,middle,early,0,16,51,1.8090257434283985,0.32000838132465587,0.6600626707077026,0.2620536793096393,1.25,1.25
freshc_panel_15,ebc5938fe6a04b5bbd5312fa2abb9ba5,existing_formal_fresh_c_gallery,LLH,middle,middle,17,32,48,2.0291327511270842,0.3557779546827078,0.7443139404058456,0.25594841766481596,1.25,1.25
freshc_panel_15,ebc5938fe6a04b5bbd5312fa2abb9ba5,existing_formal_fresh_c_gallery,LLH,middle,late,33,49,51,2.1993672006270466,0.3538205939180711,0.758633553981781,0.28505374228253083,2.5,2.5
freshc_panel_15,ebc5938fe6a04b5bbd5312fa2abb9ba5,existing_formal_fresh_c_gallery,LLH,shallow,early,0,16,51,1.793078106992385,0.061443019293102565,0.17835038155317307,0.025839593477761737,0.5,0.5
freshc_panel_15,ebc5938fe6a04b5bbd5312fa2abb9ba5,existing_formal_fresh_c_gallery,LLH,shallow,middle,17,32,48,1.8096933762232463,0.0687305698520504,0.18148190006613732,0.029804443277195485,0.5,0.5
freshc_panel_15,ebc5938fe6a04b5bbd5312fa2abb9ba5,existing_formal_fresh_c_gallery,LLH,shallow,late,33,49,51,1.4240920052808874,0.06885081852841027,0.2105751484632492,0.027142924134500836,0.75,0.75
freshc_panel_16,0571e6db30c84b1593bc55a8e145a430,existing_formal_fresh_c_gallery,No Adapter,deep,early,0,16,51,4.836150417140886,0.0,0.0,0.0,0.0,0.0
freshc_panel_16,0571e6db30c84b1593bc55a8e145a430,existing_formal_fresh_c_gallery,No Adapter,deep,middle,17,32,48,5.2125771045684814,0.0,0.0,0.0,0.0,0.0
freshc_panel_16,0571e6db30c84b1593bc55a8e145a430,existing_formal_fresh_c_gallery,No Adapter,deep,late,33,49,51,5.252662682065777,0.0,0.0,0.0,0.0,0.0
freshc_panel_16,0571e6db30c84b1593bc55a8e145a430,existing_formal_fresh_c_gallery,No Adapter,middle,early,0,16,51,1.8313666324989468,0.0,0.0,0.0,0.0,0.0
freshc_panel_16,0571e6db30c84b1593bc55a8e145a430,existing_formal_fresh_c_gallery,No Adapter,middle,middle,17,32,48,2.1269794876376786,0.0,0.0,0.0,0.0,0.0
freshc_panel_16,0571e6db30c84b1593bc55a8e145a430,existing_formal_fresh_c_gallery,No Adapter,middle,late,33,49,51,2.273188876170738,0.0,0.0,0.0,0.0,0.0
freshc_panel_16,0571e6db30c84b1593bc55a8e145a430,existing_formal_fresh_c_gallery,No Adapter,shallow,early,0,16,51,1.7806752253981197,0.0,0.0,0.0,0.0,0.0
freshc_panel_16,0571e6db30c84b1593bc55a8e145a430,existing_formal_fresh_c_gallery,No Adapter,shallow,middle,17,32,48,1.7994132538636525,0.0,0.0,0.0,0.0,0.0
freshc_panel_16,0571e6db30c84b1593bc55a8e145a430,existing_formal_fresh_c_gallery,No Adapter,shallow,late,33,49,51,1.4059351109990887,0.0,0.0,0.0,0.0,0.0
freshc_panel_16,0571e6db30c84b1593bc55a8e145a430,existing_formal_fresh_c_gallery,GFL,deep,early,0,16,51,5.119175125570858,0.7034865021705627,1.5089529156684875,0.5797178090787402,1.25,1.25
freshc_panel_16,0571e6db30c84b1593bc55a8e145a430,existing_formal_fresh_c_gallery,GFL,deep,middle,17,32,48,5.162584101160367,0.61950993599991,1.2992204189300538,0.5012488728389144,1.25,1.25
freshc_panel_16,0571e6db30c84b1593bc55a8e145a430,existing_formal_fresh_c_gallery,GFL,deep,late,33,49,51,5.238977965186624,0.5166644991612902,1.2853773832321167,0.3859389175971349,1.25,1.25
freshc_panel_16,0571e6db30c84b1593bc55a8e145a430,existing_formal_fresh_c_gallery,GFL,middle,early,0,16,51,1.8419334210601508,0.3879249090073155,0.7518619298934937,0.3637702868265264,1.25,1.25
freshc_panel_16,0571e6db30c84b1593bc55a8e145a430,existing_formal_fresh_c_gallery,GFL,middle,middle,17,32,48,2.082840842505296,0.4783682180568576,0.906812784075737,0.38507896071920794,1.25,1.25
freshc_panel_16,0571e6db30c84b1593bc55a8e145a430,existing_formal_fresh_c_gallery,GFL,middle,late,33,49,51,2.21799330851611,0.24574103308658973,0.5241492688655853,0.21510062863429388,1.25,1.25
freshc_panel_16,0571e6db30c84b1593bc55a8e145a430,existing_formal_fresh_c_gallery,GFL,shallow,early,0,16,51,1.8023275429127263,0.08942980132083975,0.26106709241867065,0.05513283017995384,1.25,0.7999999999999998
freshc_panel_16,0571e6db30c84b1593bc55a8e145a430,existing_formal_fresh_c_gallery,GFL,shallow,middle,17,32,48,1.8279054140051205,0.10469448922473627,0.2586933717131615,0.06683999514643801,1.25,0.7999999999999999
freshc_panel_16,0571e6db30c84b1593bc55a8e145a430,existing_formal_fresh_c_gallery,GFL,shallow,late,33,49,51,1.4116980246469086,0.07674190071502737,0.24015506356954575,0.03700246566258298,1.25,0.7999999999999998
freshc_panel_16,0571e6db30c84b1593bc55a8e145a430,existing_formal_fresh_c_gallery,GFH,deep,early,0,16,51,6.3910223736482505,1.2147718732263528,3.0189374685287476,0.6526858163814918,2.5,2.5
freshc_panel_16,0571e6db30c84b1593bc55a8e145a430,existing_formal_fresh_c_gallery,GFH,deep,middle,17,32,48,6.063768794139226,1.1081692123164733,2.5923913598060606,0.6228887680917978,2.5,2.5
freshc_panel_16,0571e6db30c84b1593bc55a8e145a430,existing_formal_fresh_c_gallery,GFH,deep,late,33,49,51,5.977201559964349,0.9606006171773461,2.581569790840149,0.5137671246832493,2.5,2.5
freshc_panel_16,0571e6db30c84b1593bc55a8e145a430,existing_formal_fresh_c_gallery,GFH,middle,early,0,16,51,2.1541147699543073,0.5074237976588455,0.7003879845142365,0.4675921336108563,2.5,2.5
freshc_panel_16,0571e6db30c84b1593bc55a8e145a430,existing_formal_fresh_c_gallery,GFH,middle,middle,17,32,48,2.227910223106543,0.7573338014384111,1.3763921558856964,0.5363804797331492,2.5,2.5
freshc_panel_16,0571e6db30c84b1593bc55a8e145a430,existing_formal_fresh_c_gallery,GFH,middle,late,33,49,51,2.285397510902554,0.4848634699980418,1.0477660298347473,0.41567055764151556,2.5,2.5
freshc_panel_16,0571e6db30c84b1593bc55a8e145a430,existing_formal_fresh_c_gallery,GFH,shallow,early,0,16,51,1.8279040502566917,0.07734801424849852,0.23376823216676712,0.043051079884582365,2.5,0.7999999999999998
freshc_panel_16,0571e6db30c84b1593bc55a8e145a430,existing_formal_fresh_c_gallery,GFH,shallow,middle,17,32,48,1.8964332627753417,0.09229391831710625,0.23403444439172744,0.05550969729301869,2.5,0.7999999999999999
freshc_panel_16,0571e6db30c84b1593bc55a8e145a430,existing_formal_fresh_c_gallery,GFH,shallow,late,33,49,51,1.435520542602913,0.08074832638250846,0.23053032159805298,0.04164577535622954,2.5,0.7999999999999998
freshc_panel_16,0571e6db30c84b1593bc55a8e145a430,existing_formal_fresh_c_gallery,C3,deep,early,0,16,51,5.119175125570858,0.7034865021705627,1.5089529156684875,0.5797178090787402,1.25,1.25
freshc_panel_16,0571e6db30c84b1593bc55a8e145a430,existing_formal_fresh_c_gallery,C3,deep,middle,17,32,48,6.057590454816818,1.1064062109217048,2.5935098767280578,0.6203674618154764,2.5,2.5
freshc_panel_16,0571e6db30c84b1593bc55a8e145a430,existing_formal_fresh_c_gallery,C3,deep,late,33,49,51,5.252541429856244,0.517800270634539,1.2880102396011353,0.38683729034428505,1.25,1.25
freshc_panel_16,0571e6db30c84b1593bc55a8e145a430,existing_formal_fresh_c_gallery,C3,middle,early,0,16,51,1.8419334210601508,0.3879249090073155,0.7518619298934937,0.3637702868265264,1.25,1.25
freshc_panel_16,0571e6db30c84b1593bc55a8e145a430,existing_formal_fresh_c_gallery,C3,middle,middle,17,32,48,2.234179735183716,0.7582851269592842,1.3863808751106261,0.5355155176172653,2.5,2.5
freshc_panel_16,0571e6db30c84b1593bc55a8e145a430,existing_formal_fresh_c_gallery,C3,middle,late,33,49,51,2.222637148464427,0.2448702599195873,0.5155388116836548,0.21507451864069,1.25,1.25
freshc_panel_16,0571e6db30c84b1593bc55a8e145a430,existing_formal_fresh_c_gallery,C3,shallow,early,0,16,51,1.8023275429127263,0.08942980132083975,0.26106709241867065,0.05513283017995384,1.25,0.7999999999999998
freshc_panel_16,0571e6db30c84b1593bc55a8e145a430,existing_formal_fresh_c_gallery,C3,shallow,middle,17,32,48,1.9005969054996967,0.09155642735034537,0.23113266378641129,0.054866179364277436,2.5,0.7999999999999999
freshc_panel_16,0571e6db30c84b1593bc55a8e145a430,existing_formal_fresh_c_gallery,C3,shallow,late,33,49,51,1.4117670772122402,0.07572156872015957,0.2353917956352234,0.035947874310545115,1.25,0.7999999999999998
freshc_panel_16,0571e6db30c84b1593bc55a8e145a430,existing_formal_fresh_c_gallery,Generic Linear,deep,early,0,16,51,5.277423461278279,0.7959737351127699,1.6997554302215576,0.608281663235496,1.4540816326530617,1.4540816326530617
freshc_panel_16,0571e6db30c84b1593bc55a8e145a430,existing_formal_fresh_c_gallery,Generic Linear,deep,middle,17,32,48,5.54279492298762,0.8813057250032822,2.068312430381775,0.5899883592501283,1.8749999999999998,1.8749999999999998
freshc_panel_16,0571e6db30c84b1593bc55a8e145a430,existing_formal_fresh_c_gallery,Generic Linear,deep,late,33,49,51,5.812659553453034,0.8912134237733542,2.2327462434768677,0.5039669123350405,2.2959183673469385,2.2959183673469385
freshc_panel_16,0571e6db30c84b1593bc55a8e145a430,existing_formal_fresh_c_gallery,Generic Linear,middle,early,0,16,51,1.8772040488673192,0.41881752189467936,0.7817820012569427,0.39182382296113405,1.4540816326530617,1.4540816326530617
freshc_panel_16,0571e6db30c84b1593bc55a8e145a430,existing_formal_fresh_c_gallery,Generic Linear,middle,middle,17,32,48,2.1409639517466226,0.6611147051056226,1.2368731915950775,0.48333971574902534,1.8749999999999998,1.8749999999999998
freshc_panel_16,0571e6db30c84b1593bc55a8e145a430,existing_formal_fresh_c_gallery,Generic Linear,middle,late,33,49,51,2.2703774442859723,0.44757626804650996,0.936355322599411,0.39258775903898124,2.2959183673469385,2.2959183673469385
freshc_panel_16,0571e6db30c84b1593bc55a8e145a430,existing_formal_fresh_c_gallery,Generic Linear,shallow,early,0,16,51,1.803115963935852,0.059781632696588836,0.1808786317706108,0.026058123456528384,0.5408163265306122,0.5408163265306122
freshc_panel_16,0571e6db30c84b1593bc55a8e145a430,existing_formal_fresh_c_gallery,Generic Linear,shallow,middle,17,32,48,1.8658940171202023,0.076759669726016,0.19188011512160302,0.0412323976731083,0.625,0.625
freshc_panel_16,0571e6db30c84b1593bc55a8e145a430,existing_formal_fresh_c_gallery,Generic Linear,shallow,late,33,49,51,1.4275433701627396,0.07242261609245165,0.20198668539524078,0.03422797863730047,0.7091836734693878,0.7091836734693878
freshc_panel_16,0571e6db30c84b1593bc55a8e145a430,existing_formal_fresh_c_gallery,LLH,deep,early,0,16,51,5.123285064510271,0.7040830529203602,1.5089441537857056,0.5799347793354708,1.25,1.25
freshc_panel_16,0571e6db30c84b1593bc55a8e145a430,existing_formal_fresh_c_gallery,LLH,deep,middle,17,32,48,5.141019225120544,0.6222326708957553,1.2976209104061127,0.5050322511233389,1.25,1.25
freshc_panel_16,0571e6db30c84b1593bc55a8e145a430,existing_formal_fresh_c_gallery,LLH,deep,late,33,49,51,5.961898406346639,0.9650018025262683,2.5991333723068237,0.5137660889064565,2.5,2.5
freshc_panel_16,0571e6db30c84b1593bc55a8e145a430,existing_formal_fresh_c_gallery,LLH,middle,early,0,16,51,1.840208644960441,0.3887133002281189,0.7555351257324219,0.364129457987991,1.25,1.25
freshc_panel_16,0571e6db30c84b1593bc55a8e145a430,existing_formal_fresh_c_gallery,LLH,middle,middle,17,32,48,2.0728479884564877,0.4850141728917758,0.9177446126937866,0.3884106744080782,1.25,1.25
freshc_panel_16,0571e6db30c84b1593bc55a8e145a430,existing_formal_fresh_c_gallery,LLH,middle,late,33,49,51,2.2836508517171823,0.49632728333566706,1.0966197848320007,0.4194347943161048,2.5,2.5
freshc_panel_16,0571e6db30c84b1593bc55a8e145a430,existing_formal_fresh_c_gallery,LLH,shallow,early,0,16,51,1.7974528109326082,0.05639852093094412,0.16424207389354706,0.02232486616897373,0.5,0.5
freshc_panel_16,0571e6db30c84b1593bc55a8e145a430,existing_formal_fresh_c_gallery,LLH,shallow,middle,17,32,48,1.8223471778134506,0.06639865415248399,0.16319259703159333,0.02953972458847905,0.5,0.5
freshc_panel_16,0571e6db30c84b1593bc55a8e145a430,existing_formal_fresh_c_gallery,LLH,shallow,late,33,49,51,1.4410417430541094,0.07779146004102978,0.21782804280519485,0.039078757754645733,0.75,0.75
freshc_panel_17,0e96435a23ee42f9b0e76860066c62ff,existing_formal_fresh_c_gallery,No Adapter,deep,early,0,16,51,4.956966498318841,0.0,0.0,0.0,0.0,0.0
freshc_panel_17,0e96435a23ee42f9b0e76860066c62ff,existing_formal_fresh_c_gallery,No Adapter,deep,middle,17,32,48,5.367332433660825,0.0,0.0,0.0,0.0,0.0
freshc_panel_17,0e96435a23ee42f9b0e76860066c62ff,existing_formal_fresh_c_gallery,No Adapter,deep,late,33,49,51,5.304440905066097,0.0,0.0,0.0,0.0,0.0
freshc_panel_17,0e96435a23ee42f9b0e76860066c62ff,existing_formal_fresh_c_gallery,No Adapter,middle,early,0,16,51,1.8594490745488335,0.0,0.0,0.0,0.0,0.0
freshc_panel_17,0e96435a23ee42f9b0e76860066c62ff,existing_formal_fresh_c_gallery,No Adapter,middle,middle,17,32,48,2.176706259449323,0.0,0.0,0.0,0.0,0.0
freshc_panel_17,0e96435a23ee42f9b0e76860066c62ff,existing_formal_fresh_c_gallery,No Adapter,middle,late,33,49,51,2.307807017775143,0.0,0.0,0.0,0.0,0.0
freshc_panel_17,0e96435a23ee42f9b0e76860066c62ff,existing_formal_fresh_c_gallery,No Adapter,shallow,early,0,16,51,1.7776188488100089,0.0,0.0,0.0,0.0,0.0
freshc_panel_17,0e96435a23ee42f9b0e76860066c62ff,existing_formal_fresh_c_gallery,No Adapter,shallow,middle,17,32,48,1.7979364444812138,0.0,0.0,0.0,0.0,0.0
freshc_panel_17,0e96435a23ee42f9b0e76860066c62ff,existing_formal_fresh_c_gallery,No Adapter,shallow,late,33,49,51,1.416688598838507,0.0,0.0,0.0,0.0,0.0
freshc_panel_17,0e96435a23ee42f9b0e76860066c62ff,existing_formal_fresh_c_gallery,GFL,deep,early,0,16,51,5.161189046560549,0.6788184257114634,1.4484016299247742,0.569943366097469,1.25,1.25
freshc_panel_17,0e96435a23ee42f9b0e76860066c62ff,existing_formal_fresh_c_gallery,GFL,deep,middle,17,32,48,5.081433047850926,0.6041989848017693,1.2829275131225586,0.48218831528599065,1.25,1.25
freshc_panel_17,0e96435a23ee42f9b0e76860066c62ff,existing_formal_fresh_c_gallery,GFL,deep,late,33,49,51,4.940159778968961,0.48349543529398303,1.1629513502120972,0.3768331864300896,1.25,1.25
freshc_panel_17,0e96435a23ee42f9b0e76860066c62ff,existing_formal_fresh_c_gallery,GFL,middle,early,0,16,51,1.80513355661841,0.39061376861497465,0.7796686589717865,0.3975602902618109,1.25,1.25
freshc_panel_17,0e96435a23ee42f9b0e76860066c62ff,existing_formal_fresh_c_gallery,GFL,middle,middle,17,32,48,2.0492906036476293,0.45436996407806873,0.9511899739503861,0.401625399167339,1.25,1.25
freshc_panel_17,0e96435a23ee42f9b0e76860066c62ff,existing_formal_fresh_c_gallery,GFL,middle,late,33,49,51,2.1619265757355035,0.2183699916098632,0.45245663821697235,0.19274536476415746,1.25,1.25
freshc_panel_17,0e96435a23ee42f9b0e76860066c62ff,existing_formal_fresh_c_gallery,GFL,shallow,early,0,16,51,1.8092819300352359,0.10993031131140157,0.3301549106836319,0.0764734543113531,1.25,0.7999999999999998
freshc_panel_17,0e96435a23ee42f9b0e76860066c62ff,existing_formal_fresh_c_gallery,GFL,shallow,middle,17,32,48,1.8283272236585617,0.1285459912226846,0.3330607175827026,0.09269119283029188,1.25,0.7999999999999999
freshc_panel_17,0e96435a23ee42f9b0e76860066c62ff,existing_formal_fresh_c_gallery,GFL,shallow,late,33,49,51,1.423411971213771,0.08381907937719542,0.2740330994129181,0.04507272962626873,1.25,0.7999999999999998
freshc_panel_17,0e96435a23ee42f9b0e76860066c62ff,existing_formal_fresh_c_gallery,GFH,deep,early,0,16,51,6.382119515362908,1.1716945025266385,2.8983811140060425,0.6506263035185197,2.5,2.5
freshc_panel_17,0e96435a23ee42f9b0e76860066c62ff,existing_formal_fresh_c_gallery,GFH,deep,middle,17,32,48,5.917195503910382,1.0916866473853588,2.565288317203522,0.6099781797577938,2.5,2.5
freshc_panel_17,0e96435a23ee42f9b0e76860066c62ff,existing_formal_fresh_c_gallery,GFH,deep,late,33,49,51,5.568983433293361,0.8946124318183637,2.31728994846344,0.5200337580606049,2.5,2.5
freshc_panel_17,0e96435a23ee42f9b0e76860066c62ff,existing_formal_fresh_c_gallery,GFH,middle,early,0,16,51,2.092833016432968,0.5182235872044283,0.7481182813644409,0.5258349723675672,2.5,2.5
freshc_panel_17,0e96435a23ee42f9b0e76860066c62ff,existing_formal_fresh_c_gallery,GFH,middle,middle,17,32,48,2.1431604102253914,0.7769212859372298,1.4599211752414702,0.6093566554288069,2.5,2.5
freshc_panel_17,0e96435a23ee42f9b0e76860066c62ff,existing_formal_fresh_c_gallery,GFH,middle,late,33,49,51,2.217362020529953,0.45645183909173104,0.9899455308914185,0.43133557105765624,2.5,2.5
freshc_panel_17,0e96435a23ee42f9b0e76860066c62ff,existing_formal_fresh_c_gallery,GFH,shallow,early,0,16,51,1.8330913525001675,0.09849296586916727,0.3071904629468918,0.06570419954254712,2.5,0.7999999999999998
freshc_panel_17,0e96435a23ee42f9b0e76860066c62ff,existing_formal_fresh_c_gallery,GFH,shallow,middle,17,32,48,1.8993464683492978,0.11684833620286857,0.30228421241045,0.08239184943280027,2.5,0.7999999999999999
freshc_panel_17,0e96435a23ee42f9b0e76860066c62ff,existing_formal_fresh_c_gallery,GFH,shallow,late,33,49,51,1.4337451376166999,0.0998365595279371,0.3008949011564255,0.06193999629056848,2.5,0.7999999999999998
freshc_panel_17,0e96435a23ee42f9b0e76860066c62ff,existing_formal_fresh_c_gallery,C3,deep,early,0,16,51,5.161189046560549,0.6788184257114634,1.4484016299247742,0.569943366097469,1.25,1.25
freshc_panel_17,0e96435a23ee42f9b0e76860066c62ff,existing_formal_fresh_c_gallery,C3,deep,middle,17,32,48,5.8908521682024,1.0918106992418568,2.5683911561965944,0.6069901672502359,2.5,2.5
freshc_panel_17,0e96435a23ee42f9b0e76860066c62ff,existing_formal_fresh_c_gallery,C3,deep,late,33,49,51,4.955056298012827,0.48081700825223733,1.147625982761383,0.3759094809784609,1.25,1.25
freshc_panel_17,0e96435a23ee42f9b0e76860066c62ff,existing_formal_fresh_c_gallery,C3,middle,early,0,16,51,1.80513355661841,0.39061376861497465,0.7796686589717865,0.3975602902618109,1.25,1.25
freshc_panel_17,0e96435a23ee42f9b0e76860066c62ff,existing_formal_fresh_c_gallery,C3,middle,middle,17,32,48,2.142739661037922,0.7815346277008454,1.4651352703571319,0.6097133302440246,2.5,2.5
freshc_panel_17,0e96435a23ee42f9b0e76860066c62ff,existing_formal_fresh_c_gallery,C3,middle,late,33,49,51,2.1600208679835,0.22215219440997816,0.46603746712207794,0.19667289609673852,1.25,1.25
freshc_panel_17,0e96435a23ee42f9b0e76860066c62ff,existing_formal_fresh_c_gallery,C3,shallow,early,0,16,51,1.8092819300352359,0.10993031131140157,0.3301549106836319,0.0764734543113531,1.25,0.7999999999999998
freshc_panel_17,0e96435a23ee42f9b0e76860066c62ff,existing_formal_fresh_c_gallery,C3,shallow,middle,17,32,48,1.9021880092720191,0.11606642138212919,0.30005844682455063,0.08166530892291728,2.5,0.7999999999999999
freshc_panel_17,0e96435a23ee42f9b0e76860066c62ff,existing_formal_fresh_c_gallery,C3,shallow,late,33,49,51,1.4194457495913786,0.0887384259817647,0.28688056766986847,0.049954964135609126,1.25,0.7999999999999998
freshc_panel_17,0e96435a23ee42f9b0e76860066c62ff,existing_formal_fresh_c_gallery,Generic Linear,deep,early,0,16,51,5.323554459740134,0.7691861776744618,1.6162549257278442,0.6016640978700974,1.4540816326530617,1.4540816326530617
freshc_panel_17,0e96435a23ee42f9b0e76860066c62ff,existing_formal_fresh_c_gallery,Generic Linear,deep,middle,17,32,48,5.422128776709239,0.8705613631755114,2.057625651359558,0.5797532275319099,1.8749999999999998,1.8749999999999998
freshc_panel_17,0e96435a23ee42f9b0e76860066c62ff,existing_formal_fresh_c_gallery,Generic Linear,deep,late,33,49,51,5.452172587899601,0.8352578843341154,2.038617730140686,0.5078849698982987,2.2959183673469385,2.2959183673469385
freshc_panel_17,0e96435a23ee42f9b0e76860066c62ff,existing_formal_fresh_c_gallery,Generic Linear,middle,early,0,16,51,1.8438979527529549,0.42112065354983014,0.8085320889949799,0.43022776234383675,1.4540816326530617,1.4540816326530617
freshc_panel_17,0e96435a23ee42f9b0e76860066c62ff,existing_formal_fresh_c_gallery,Generic Linear,middle,middle,17,32,48,2.0692637289563813,0.6621750717361768,1.276859164237976,0.5418067344774803,1.8749999999999998,1.8749999999999998
freshc_panel_17,0e96435a23ee42f9b0e76860066c62ff,existing_formal_fresh_c_gallery,Generic Linear,middle,late,33,49,51,2.2091471868402817,0.4180555469265171,0.8735928237438202,0.40145231812608007,2.2959183673469385,2.2959183673469385
freshc_panel_17,0e96435a23ee42f9b0e76860066c62ff,existing_formal_fresh_c_gallery,Generic Linear,shallow,early,0,16,51,1.808630600863812,0.07386102999432706,0.22985083609819412,0.04205310471707872,0.5408163265306122,0.5408163265306122
freshc_panel_17,0e96435a23ee42f9b0e76860066c62ff,existing_formal_fresh_c_gallery,Generic Linear,shallow,middle,17,32,48,1.864195437481006,0.09659337209692846,0.24851909354329108,0.06425697889183841,0.625,0.625
freshc_panel_17,0e96435a23ee42f9b0e76860066c62ff,existing_formal_fresh_c_gallery,Generic Linear,shallow,late,33,49,51,1.4259180695402855,0.08775386572176334,0.25918105244636536,0.05105342726707093,0.7091836734693878,0.7091836734693878
freshc_panel_17,0e96435a23ee42f9b0e76860066c62ff,existing_formal_fresh_c_gallery,LLH,deep,early,0,16,51,5.181584166545494,0.6790711587550593,1.4489020705223083,0.5701048134588728,1.25,1.25
freshc_panel_17,0e96435a23ee42f9b0e76860066c62ff,existing_formal_fresh_c_gallery,LLH,deep,middle,17,32,48,5.070077523589134,0.6108765285462141,1.2830316424369812,0.49132866971194744,1.25,1.25
freshc_panel_17,0e96435a23ee42f9b0e76860066c62ff,existing_formal_fresh_c_gallery,LLH,deep,late,33,49,51,5.598238533618403,0.9119399236697777,2.4315590858459473,0.5201785313148125,2.5,2.5
freshc_panel_17,0e96435a23ee42f9b0e76860066c62ff,existing_formal_fresh_c_gallery,LLH,middle,early,0,16,51,1.806824975153979,0.3901553837692036,0.7762980461120605,0.3973222339854521,1.25,1.25
freshc_panel_17,0e96435a23ee42f9b0e76860066c62ff,existing_formal_fresh_c_gallery,LLH,middle,middle,17,32,48,2.0222650890549025,0.47157685334483784,0.9551808416843415,0.4153802652532856,1.25,1.25
freshc_panel_17,0e96435a23ee42f9b0e76860066c62ff,existing_formal_fresh_c_gallery,LLH,middle,late,33,49,51,2.217429350404178,0.46973704239901376,1.0475836396217346,0.43802713851133984,2.5,2.5
freshc_panel_17,0e96435a23ee42f9b0e76860066c62ff,existing_formal_fresh_c_gallery,LLH,shallow,early,0,16,51,1.802416953386045,0.06923766699893509,0.2066226378083229,0.03695323866843098,0.5,0.5
freshc_panel_17,0e96435a23ee42f9b0e76860066c62ff,existing_formal_fresh_c_gallery,LLH,shallow,middle,17,32,48,1.8203518763184547,0.08236020972253755,0.20823849961161614,0.04863190383548499,0.5,0.5
freshc_panel_17,0e96435a23ee42f9b0e76860066c62ff,existing_formal_fresh_c_gallery,LLH,shallow,late,33,49,51,1.4387491766144247,0.09528808003547144,0.28288060426712036,0.05801029835471555,0.75,0.75
freshc_panel_18,0f9579e2d298480aa26a0d9fed9307a9,existing_formal_fresh_c_gallery,No Adapter,deep,early,0,16,51,5.232451191135481,0.0,0.0,0.0,0.0,0.0
freshc_panel_18,0f9579e2d298480aa26a0d9fed9307a9,existing_formal_fresh_c_gallery,No Adapter,deep,middle,17,32,48,5.5720413227876024,0.0,0.0,0.0,0.0,0.0
freshc_panel_18,0f9579e2d298480aa26a0d9fed9307a9,existing_formal_fresh_c_gallery,No Adapter,deep,late,33,49,51,5.61564676434386,0.0,0.0,0.0,0.0,0.0
freshc_panel_18,0f9579e2d298480aa26a0d9fed9307a9,existing_formal_fresh_c_gallery,No Adapter,middle,early,0,16,51,1.8893805344899495,0.0,0.0,0.0,0.0,0.0
freshc_panel_18,0f9579e2d298480aa26a0d9fed9307a9,existing_formal_fresh_c_gallery,No Adapter,middle,middle,17,32,48,2.2057645904521146,0.0,0.0,0.0,0.0,0.0
freshc_panel_18,0f9579e2d298480aa26a0d9fed9307a9,existing_formal_fresh_c_gallery,No Adapter,middle,late,33,49,51,2.3365063690671732,0.0,0.0,0.0,0.0,0.0
freshc_panel_18,0f9579e2d298480aa26a0d9fed9307a9,existing_formal_fresh_c_gallery,No Adapter,shallow,early,0,16,51,1.7859885447165544,0.0,0.0,0.0,0.0,0.0
freshc_panel_18,0f9579e2d298480aa26a0d9fed9307a9,existing_formal_fresh_c_gallery,No Adapter,shallow,middle,17,32,48,1.8009351752698421,0.0,0.0,0.0,0.0,0.0
freshc_panel_18,0f9579e2d298480aa26a0d9fed9307a9,existing_formal_fresh_c_gallery,No Adapter,shallow,late,33,49,51,1.4095684173060399,0.0,0.0,0.0,0.0,0.0
freshc_panel_18,0f9579e2d298480aa26a0d9fed9307a9,existing_formal_fresh_c_gallery,GFL,deep,early,0,16,51,5.6018788206811045,0.703331826948652,1.506158709526062,0.5766330191902086,1.25,1.25
freshc_panel_18,0f9579e2d298480aa26a0d9fed9307a9,existing_formal_fresh_c_gallery,GFL,deep,middle,17,32,48,5.479418337345123,0.6275544222444296,1.2889895141124725,0.5161984621857604,1.25,1.25
freshc_panel_18,0f9579e2d298480aa26a0d9fed9307a9,existing_formal_fresh_c_gallery,GFL,deep,late,33,49,51,5.348858912785848,0.5498659677949607,1.3248323202133179,0.39583786503941404,1.25,1.25
freshc_panel_18,0f9579e2d298480aa26a0d9fed9307a9,existing_formal_fresh_c_gallery,GFL,middle,early,0,16,51,1.8741961063123216,0.42863228508070406,0.7087056338787079,0.49686239572132335,1.25,1.25
freshc_panel_18,0f9579e2d298480aa26a0d9fed9307a9,existing_formal_fresh_c_gallery,GFL,middle,middle,17,32,48,2.0251477112372718,0.6068103971580664,1.1185654878616333,0.5690244293461243,1.25,1.25
freshc_panel_18,0f9579e2d298480aa26a0d9fed9307a9,existing_formal_fresh_c_gallery,GFL,middle,late,33,49,51,2.1649565556470085,0.3163233641900268,0.783504843711853,0.3276472457264568,1.25,1.25
freshc_panel_18,0f9579e2d298480aa26a0d9fed9307a9,existing_formal_fresh_c_gallery,GFL,shallow,early,0,16,51,1.81961197829714,0.07677329382767864,0.25131723284721375,0.04781605090572745,1.25,0.7999999999999998
freshc_panel_18,0f9579e2d298480aa26a0d9fed9307a9,existing_formal_fresh_c_gallery,GFL,shallow,middle,17,32,48,1.8556777350604534,0.09579877470969222,0.2572112888097763,0.0666566996627201,1.25,0.7999999999999999
freshc_panel_18,0f9579e2d298480aa26a0d9fed9307a9,existing_formal_fresh_c_gallery,GFL,shallow,late,33,49,51,1.4187065117499407,0.0725542816753481,0.2609481066465378,0.04062833274214177,1.25,0.7999999999999998
freshc_panel_18,0f9579e2d298480aa26a0d9fed9307a9,existing_formal_fresh_c_gallery,GFH,deep,early,0,16,51,7.015334811865115,1.1957188330444635,3.011043071746826,0.6367538904442507,2.5,2.5
freshc_panel_18,0f9579e2d298480aa26a0d9fed9307a9,existing_formal_fresh_c_gallery,GFH,deep,middle,17,32,48,6.548580144842465,1.1001960712795456,2.5656315684318542,0.629924596597751,2.5,2.5
freshc_panel_18,0f9579e2d298480aa26a0d9fed9307a9,existing_formal_fresh_c_gallery,GFH,deep,late,33,49,51,6.324371950299132,1.0034788908327328,2.6357781887054443,0.5052817636260799,2.5,2.5
freshc_panel_18,0f9579e2d298480aa26a0d9fed9307a9,existing_formal_fresh_c_gallery,GFH,middle,early,0,16,51,2.239299311357386,0.5617695310536552,0.6930590867996216,0.6020249636734233,2.5,2.5
freshc_panel_18,0f9579e2d298480aa26a0d9fed9307a9,existing_formal_fresh_c_gallery,GFH,middle,middle,17,32,48,2.266030247012774,0.8453458957374096,1.526857167482376,0.7063446616133054,2.5,2.5
freshc_panel_18,0f9579e2d298480aa26a0d9fed9307a9,existing_formal_fresh_c_gallery,GFH,middle,late,33,49,51,2.280140806646908,0.5880706763150645,1.3097058534622192,0.5630228151293362,2.5,2.5
freshc_panel_18,0f9579e2d298480aa26a0d9fed9307a9,existing_formal_fresh_c_gallery,GFH,shallow,early,0,16,51,1.8441871650078718,0.07026431480349571,0.23390380293130875,0.04080103700592939,2.5,0.7999999999999998
freshc_panel_18,0f9579e2d298480aa26a0d9fed9307a9,existing_formal_fresh_c_gallery,GFH,shallow,middle,17,32,48,1.9250473255912464,0.08485283257323317,0.23932657167315483,0.05577559229459439,2.5,0.7999999999999999
freshc_panel_18,0f9579e2d298480aa26a0d9fed9307a9,existing_formal_fresh_c_gallery,GFH,shallow,late,33,49,51,1.4542410735990488,0.0746585431271324,0.2346624732017517,0.043415355806121395,2.5,0.7999999999999998
freshc_panel_18,0f9579e2d298480aa26a0d9fed9307a9,existing_formal_fresh_c_gallery,C3,deep,early,0,16,51,5.6018788206811045,0.703331826948652,1.506158709526062,0.5766330191902086,1.25,1.25
freshc_panel_18,0f9579e2d298480aa26a0d9fed9307a9,existing_formal_fresh_c_gallery,C3,deep,middle,17,32,48,6.511811335881551,1.1042274391899507,2.5772289872169494,0.6284843795001507,2.5,2.5
freshc_panel_18,0f9579e2d298480aa26a0d9fed9307a9,existing_formal_fresh_c_gallery,C3,deep,late,33,49,51,5.364918442333446,0.5460874517174328,1.3258485794067383,0.3925817759305823,1.25,1.25
freshc_panel_18,0f9579e2d298480aa26a0d9fed9307a9,existing_formal_fresh_c_gallery,C3,middle,early,0,16,51,1.8741961063123216,0.42863228508070406,0.7087056338787079,0.49686239572132335,1.25,1.25
freshc_panel_18,0f9579e2d298480aa26a0d9fed9307a9,existing_formal_fresh_c_gallery,C3,middle,middle,17,32,48,2.260940633714199,0.8470045949021975,1.5389520704746247,0.706719392289718,2.5,2.5
freshc_panel_18,0f9579e2d298480aa26a0d9fed9307a9,existing_formal_fresh_c_gallery,C3,middle,late,33,49,51,2.1696262102501067,0.3101445905425969,0.7630676925182343,0.3210930490008026,1.25,1.25
freshc_panel_18,0f9579e2d298480aa26a0d9fed9307a9,existing_formal_fresh_c_gallery,C3,shallow,early,0,16,51,1.81961197829714,0.07677329382767864,0.25131723284721375,0.04781605090572745,1.25,0.7999999999999998
freshc_panel_18,0f9579e2d298480aa26a0d9fed9307a9,existing_formal_fresh_c_gallery,C3,shallow,middle,17,32,48,1.9266800594826539,0.08476580012938939,0.23915524333715438,0.05566266690705864,2.5,0.7999999999999999
freshc_panel_18,0f9579e2d298480aa26a0d9fed9307a9,existing_formal_fresh_c_gallery,C3,shallow,late,33,49,51,1.416464715611701,0.07261892601701558,0.2609345614910126,0.04058275621925942,1.25,0.7999999999999998
freshc_panel_18,0f9579e2d298480aa26a0d9fed9307a9,existing_formal_fresh_c_gallery,Generic Linear,deep,early,0,16,51,5.77920051649505,0.7939139768189075,1.7047445178031921,0.6046562942804075,1.4540816326530617,1.4540816326530617
freshc_panel_18,0f9579e2d298480aa26a0d9fed9307a9,existing_formal_fresh_c_gallery,Generic Linear,deep,middle,17,32,48,5.946858738859494,0.8855741045748194,2.035497486591339,0.602447415702045,1.8749999999999998,1.8749999999999998
freshc_panel_18,0f9579e2d298480aa26a0d9fed9307a9,existing_formal_fresh_c_gallery,Generic Linear,deep,late,33,49,51,6.129660699881759,0.9375512074021732,2.394287347793579,0.49882104992866516,2.2959183673469385,2.2959183673469385
freshc_panel_18,0f9579e2d298480aa26a0d9fed9307a9,existing_formal_fresh_c_gallery,Generic Linear,middle,early,0,16,51,1.9254997629745334,0.45859260711015437,0.7019518315792084,0.5264714938752791,1.4540816326530617,1.4540816326530617
freshc_panel_18,0f9579e2d298480aa26a0d9fed9307a9,existing_formal_fresh_c_gallery,Generic Linear,middle,middle,17,32,48,2.135810395081838,0.7751053938021263,1.452444988489151,0.6644249508778254,1.8749999999999998,1.8749999999999998
freshc_panel_18,0f9579e2d298480aa26a0d9fed9307a9,existing_formal_fresh_c_gallery,Generic Linear,middle,late,33,49,51,2.2537810802459717,0.5546203647174087,1.244517982006073,0.5420467938278236,2.2959183673469385,2.2959183673469385
freshc_panel_18,0f9579e2d298480aa26a0d9fed9307a9,existing_formal_fresh_c_gallery,Generic Linear,shallow,early,0,16,51,1.8200310760853338,0.05173024410546264,0.17570853978395462,0.02173184760020635,0.5408163265306122,0.5408163265306122
freshc_panel_18,0f9579e2d298480aa26a0d9fed9307a9,existing_formal_fresh_c_gallery,Generic Linear,shallow,middle,17,32,48,1.9001295951505501,0.06912620569346473,0.18477537035942077,0.03954327052834591,0.625,0.625
freshc_panel_18,0f9579e2d298480aa26a0d9fed9307a9,existing_formal_fresh_c_gallery,Generic Linear,shallow,late,33,49,51,1.4438417811019748,0.06789467872723061,0.21047493815422058,0.0369628331010223,0.7091836734693878,0.7091836734693878
freshc_panel_18,0f9579e2d298480aa26a0d9fed9307a9,existing_formal_fresh_c_gallery,LLH,deep,early,0,16,51,5.603468385397219,0.7034050395675734,1.506256639957428,0.5766161025739184,1.25,1.25
freshc_panel_18,0f9579e2d298480aa26a0d9fed9307a9,existing_formal_fresh_c_gallery,LLH,deep,middle,17,32,48,5.489940171440442,0.6283904761075974,1.2839689314365388,0.5188101278617978,1.25,1.25
freshc_panel_18,0f9579e2d298480aa26a0d9fed9307a9,existing_formal_fresh_c_gallery,LLH,deep,late,33,49,51,6.281696525274539,1.0191464619893653,2.656834602355957,0.5114482275995553,2.5,2.5
freshc_panel_18,0f9579e2d298480aa26a0d9fed9307a9,existing_formal_fresh_c_gallery,LLH,middle,early,0,16,51,1.8746576122209138,0.4282366908064075,0.7068527638912201,0.49656153251143065,1.25,1.25
freshc_panel_18,0f9579e2d298480aa26a0d9fed9307a9,existing_formal_fresh_c_gallery,LLH,middle,middle,17,32,48,2.0292875419060388,0.6053766719996929,1.1149250745773316,0.568989148363471,1.25,1.25
freshc_panel_18,0f9579e2d298480aa26a0d9fed9307a9,existing_formal_fresh_c_gallery,LLH,middle,late,33,49,51,2.280646693472769,0.6092133411005431,1.3652218580245972,0.5739296420532114,2.5,2.5
freshc_panel_18,0f9579e2d298480aa26a0d9fed9307a9,existing_formal_fresh_c_gallery,LLH,shallow,early,0,16,51,1.815045544914171,0.04814463299607821,0.15714042633771896,0.017564303274567983,0.5,0.5
freshc_panel_18,0f9579e2d298480aa26a0d9fed9307a9,existing_formal_fresh_c_gallery,LLH,shallow,middle,17,32,48,1.849405096222957,0.060079335157449044,0.16066474989056587,0.027263144890639524,0.5,0.5
freshc_panel_18,0f9579e2d298480aa26a0d9fed9307a9,existing_formal_fresh_c_gallery,LLH,shallow,late,33,49,51,1.4630161640690822,0.07287769138301704,0.22346730530261993,0.04167004978294512,0.75,0.75
freshc_panel_19,067aa0a948074dda86ad9fdad1fcef9d,existing_formal_fresh_c_gallery,No Adapter,deep,early,0,16,51,5.036327693976608,0.0,0.0,0.0,0.0,0.0
freshc_panel_19,067aa0a948074dda86ad9fdad1fcef9d,existing_formal_fresh_c_gallery,No Adapter,deep,middle,17,32,48,5.464773004253705,0.0,0.0,0.0,0.0,0.0
freshc_panel_19,067aa0a948074dda86ad9fdad1fcef9d,existing_formal_fresh_c_gallery,No Adapter,deep,late,33,49,51,5.590636814341826,0.0,0.0,0.0,0.0,0.0
freshc_panel_19,067aa0a948074dda86ad9fdad1fcef9d,existing_formal_fresh_c_gallery,No Adapter,middle,early,0,16,51,1.8786856508722491,0.0,0.0,0.0,0.0,0.0
freshc_panel_19,067aa0a948074dda86ad9fdad1fcef9d,existing_formal_fresh_c_gallery,No Adapter,middle,middle,17,32,48,2.2415966652333736,0.0,0.0,0.0,0.0,0.0
freshc_panel_19,067aa0a948074dda86ad9fdad1fcef9d,existing_formal_fresh_c_gallery,No Adapter,middle,late,33,49,51,2.379220873701806,0.0,0.0,0.0,0.0,0.0
freshc_panel_19,067aa0a948074dda86ad9fdad1fcef9d,existing_formal_fresh_c_gallery,No Adapter,shallow,early,0,16,51,1.7849334431629555,0.0,0.0,0.0,0.0,0.0
freshc_panel_19,067aa0a948074dda86ad9fdad1fcef9d,existing_formal_fresh_c_gallery,No Adapter,shallow,middle,17,32,48,1.8011319016416867,0.0,0.0,0.0,0.0,0.0
freshc_panel_19,067aa0a948074dda86ad9fdad1fcef9d,existing_formal_fresh_c_gallery,No Adapter,shallow,late,33,49,51,1.4071408276464425,0.0,0.0,0.0,0.0,0.0
freshc_panel_19,067aa0a948074dda86ad9fdad1fcef9d,existing_formal_fresh_c_gallery,GFL,deep,early,0,16,51,5.512346300424314,0.7594710372242273,1.608285129070282,0.5921784738699595,1.25,1.25
freshc_panel_19,067aa0a948074dda86ad9fdad1fcef9d,existing_formal_fresh_c_gallery,GFL,deep,middle,17,32,48,5.377232005198796,0.6692651491612196,1.4009789526462555,0.5441938871517777,1.25,1.25
freshc_panel_19,067aa0a948074dda86ad9fdad1fcef9d,existing_formal_fresh_c_gallery,GFL,deep,late,33,49,51,5.342651554182464,0.5755191138562035,1.3583006858825684,0.4065817641276939,1.25,1.25
freshc_panel_19,067aa0a948074dda86ad9fdad1fcef9d,existing_formal_fresh_c_gallery,GFL,middle,early,0,16,51,1.8885964646058924,0.433905911211874,0.6900176107883453,0.5125194560079014,1.25,1.25
freshc_panel_19,067aa0a948074dda86ad9fdad1fcef9d,existing_formal_fresh_c_gallery,GFL,middle,middle,17,32,48,2.0563874989748,0.6177897192537785,1.1511848092079162,0.5867717365423838,1.25,1.25
freshc_panel_19,067aa0a948074dda86ad9fdad1fcef9d,existing_formal_fresh_c_gallery,GFL,middle,late,33,49,51,2.2181956651164034,0.3097439899164088,0.7099380493164062,0.33227028036672696,1.25,1.25
freshc_panel_19,067aa0a948074dda86ad9fdad1fcef9d,existing_formal_fresh_c_gallery,GFL,shallow,early,0,16,51,1.8191430557007884,0.07248713866825782,0.23819594085216522,0.04350997085324101,1.25,0.7999999999999998
freshc_panel_19,067aa0a948074dda86ad9fdad1fcef9d,existing_formal_fresh_c_gallery,GFL,shallow,middle,17,32,48,1.855664315323035,0.09067794191651046,0.24267136976122855,0.06238030620200637,1.25,0.7999999999999999
freshc_panel_19,067aa0a948074dda86ad9fdad1fcef9d,existing_formal_fresh_c_gallery,GFL,shallow,late,33,49,51,1.4178860094033034,0.06440208940858058,0.24167469143867493,0.03335255307405639,1.25,0.7999999999999998
freshc_panel_19,067aa0a948074dda86ad9fdad1fcef9d,existing_formal_fresh_c_gallery,GFH,deep,early,0,16,51,7.082752050137987,1.2913783870491327,3.2152875661849976,0.6429624393874523,2.5,2.5
freshc_panel_19,067aa0a948074dda86ad9fdad1fcef9d,existing_formal_fresh_c_gallery,GFH,deep,middle,17,32,48,6.530495832363765,1.1687916001925867,2.813584625720978,0.6463614888489246,2.5,2.5
freshc_panel_19,067aa0a948074dda86ad9fdad1fcef9d,existing_formal_fresh_c_gallery,GFH,deep,late,33,49,51,6.38173051441417,1.0613505124461418,2.720086693763733,0.5193173376952901,2.5,2.5
freshc_panel_19,067aa0a948074dda86ad9fdad1fcef9d,existing_formal_fresh_c_gallery,GFH,middle,early,0,16,51,2.2887417989618637,0.5613188083265342,0.7033365666866302,0.6116941869258881,2.5,2.5
freshc_panel_19,067aa0a948074dda86ad9fdad1fcef9d,existing_formal_fresh_c_gallery,GFH,middle,middle,17,32,48,2.290290355682373,0.8391368053853512,1.4570762574672698,0.7187756647666296,2.5,2.5
freshc_panel_19,067aa0a948074dda86ad9fdad1fcef9d,existing_formal_fresh_c_gallery,GFH,middle,late,33,49,51,2.295929459964528,0.6038209994633993,1.3037627339363098,0.581875879390567,2.5,2.5
freshc_panel_19,067aa0a948074dda86ad9fdad1fcef9d,existing_formal_fresh_c_gallery,GFH,shallow,early,0,16,51,1.844530915512758,0.06547361620537498,0.21892862021923065,0.035716608441326375,2.5,0.7999999999999998
freshc_panel_19,067aa0a948074dda86ad9fdad1fcef9d,existing_formal_fresh_c_gallery,GFH,shallow,middle,17,32,48,1.918989400068919,0.08093493907169129,0.2272383354604244,0.05226343234123002,2.5,0.7999999999999999
freshc_panel_19,067aa0a948074dda86ad9fdad1fcef9d,existing_formal_fresh_c_gallery,GFH,shallow,late,33,49,51,1.455473126149645,0.06902817958125881,0.22043628990650177,0.038445149728110715,2.5,0.7999999999999998
freshc_panel_19,067aa0a948074dda86ad9fdad1fcef9d,existing_formal_fresh_c_gallery,C3,deep,early,0,16,51,5.512346300424314,0.7594710372242273,1.608285129070282,0.5921784738699595,1.25,1.25
freshc_panel_19,067aa0a948074dda86ad9fdad1fcef9d,existing_formal_fresh_c_gallery,C3,deep,middle,17,32,48,6.5040706396102905,1.169558234512806,2.804224419593811,0.6456977340082327,2.5,2.5
freshc_panel_19,067aa0a948074dda86ad9fdad1fcef9d,existing_formal_fresh_c_gallery,C3,deep,late,33,49,51,5.349010247810214,0.573377452936827,1.3615601062774658,0.4059852154231539,1.25,1.25
freshc_panel_19,067aa0a948074dda86ad9fdad1fcef9d,existing_formal_fresh_c_gallery,C3,middle,early,0,16,51,1.8885964646058924,0.433905911211874,0.6900176107883453,0.5125194560079014,1.25,1.25
freshc_panel_19,067aa0a948074dda86ad9fdad1fcef9d,existing_formal_fresh_c_gallery,C3,middle,middle,17,32,48,2.285111218690872,0.8427989383538564,1.4765002846717834,0.7195566768447558,2.5,2.5
freshc_panel_19,067aa0a948074dda86ad9fdad1fcef9d,existing_formal_fresh_c_gallery,C3,middle,late,33,49,51,2.213761000072255,0.3098333244230233,0.7050546109676361,0.33212090544767825,1.25,1.25
freshc_panel_19,067aa0a948074dda86ad9fdad1fcef9d,existing_formal_fresh_c_gallery,C3,shallow,early,0,16,51,1.8191430557007884,0.07248713866825782,0.23819594085216522,0.04350997085324101,1.25,0.7999999999999998
freshc_panel_19,067aa0a948074dda86ad9fdad1fcef9d,existing_formal_fresh_c_gallery,C3,shallow,middle,17,32,48,1.921039371440808,0.0809779981597482,0.22745828554034234,0.05240375974002139,2.5,0.7999999999999999
freshc_panel_19,067aa0a948074dda86ad9fdad1fcef9d,existing_formal_fresh_c_gallery,C3,shallow,late,33,49,51,1.4169626458018434,0.06481272682511047,0.24192606657743454,0.0338112844277502,1.25,0.7999999999999998
freshc_panel_19,067aa0a948074dda86ad9fdad1fcef9d,existing_formal_fresh_c_gallery,Generic Linear,deep,early,0,16,51,5.718364710901298,0.8561856524617064,1.9108996987342834,0.6155076272347394,1.4540816326530617,1.4540816326530617
freshc_panel_19,067aa0a948074dda86ad9fdad1fcef9d,existing_formal_fresh_c_gallery,Generic Linear,deep,middle,17,32,48,5.877886573473613,0.9417462904627124,2.122160041332245,0.624734361966451,1.8749999999999998,1.8749999999999998
freshc_panel_19,067aa0a948074dda86ad9fdad1fcef9d,existing_formal_fresh_c_gallery,Generic Linear,deep,late,33,49,51,6.160397113538256,0.9920883578997032,2.568133234977722,0.5115809499048719,2.2959183673469385,2.2959183673469385
freshc_panel_19,067aa0a948074dda86ad9fdad1fcef9d,existing_formal_fresh_c_gallery,Generic Linear,middle,early,0,16,51,1.9466992511468775,0.4625503076057808,0.6753740906715393,0.5407100956813962,1.4540816326530617,1.4540816326530617
freshc_panel_19,067aa0a948074dda86ad9fdad1fcef9d,existing_formal_fresh_c_gallery,Generic Linear,middle,middle,17,32,48,2.156741956869761,0.7780359971026579,1.4261893033981323,0.6800181431074938,1.8749999999999998,1.8749999999999998
freshc_panel_19,067aa0a948074dda86ad9fdad1fcef9d,existing_formal_fresh_c_gallery,Generic Linear,middle,late,33,49,51,2.2712728649962184,0.5685220103637845,1.2389411926269531,0.5611475808363334,2.2959183673469385,2.2959183673469385
freshc_panel_19,067aa0a948074dda86ad9fdad1fcef9d,existing_formal_fresh_c_gallery,Generic Linear,shallow,early,0,16,51,1.8198284693792754,0.04879361412524447,0.1661934107542038,0.018875342391181986,0.5408163265306122,0.5408163265306122
freshc_panel_19,067aa0a948074dda86ad9fdad1fcef9d,existing_formal_fresh_c_gallery,Generic Linear,shallow,middle,17,32,48,1.8983736919860046,0.06575997833472987,0.1751004658639431,0.03641137212252943,0.625,0.625
freshc_panel_19,067aa0a948074dda86ad9fdad1fcef9d,existing_formal_fresh_c_gallery,Generic Linear,shallow,late,33,49,51,1.4453586632130193,0.0632821744417443,0.1971721574664116,0.03313342498486414,0.7091836734693878,0.7091836734693878
freshc_panel_19,067aa0a948074dda86ad9fdad1fcef9d,existing_formal_fresh_c_gallery,LLH,deep,early,0,16,51,5.513238991008086,0.7595704507594015,1.608285665512085,0.5921661491487541,1.25,1.25
freshc_panel_19,067aa0a948074dda86ad9fdad1fcef9d,existing_formal_fresh_c_gallery,LLH,deep,middle,17,32,48,5.368367364009221,0.6708443496997157,1.4030609488487242,0.5462661574905118,1.25,1.25
freshc_panel_19,067aa0a948074dda86ad9fdad1fcef9d,existing_formal_fresh_c_gallery,LLH,deep,late,33,49,51,6.321868227977379,1.0686812704684687,2.7308303117752075,0.5218473015462651,2.5,2.5
freshc_panel_19,067aa0a948074dda86ad9fdad1fcef9d,existing_formal_fresh_c_gallery,LLH,middle,early,0,16,51,1.88892569027695,0.4336228855684692,0.6890303790569305,0.5123584866523743,1.25,1.25
freshc_panel_19,067aa0a948074dda86ad9fdad1fcef9d,existing_formal_fresh_c_gallery,LLH,middle,middle,17,32,48,2.054815282424291,0.6182192818572124,1.1463386833667755,0.5874613095074892,1.25,1.25
freshc_panel_19,067aa0a948074dda86ad9fdad1fcef9d,existing_formal_fresh_c_gallery,LLH,middle,late,33,49,51,2.2938589839374317,0.6187127475060669,1.3466550707817078,0.5894541156058218,2.5,2.5
freshc_panel_19,067aa0a948074dda86ad9fdad1fcef9d,existing_formal_fresh_c_gallery,LLH,shallow,early,0,16,51,1.8150039537280214,0.045472909860751205,0.14907050877809525,0.014941287301523436,0.5,0.5
freshc_panel_19,067aa0a948074dda86ad9fdad1fcef9d,existing_formal_fresh_c_gallery,LLH,shallow,middle,17,32,48,1.8505683777232964,0.056903958665013,0.15180880352854728,0.0239550815513212,0.5,0.5
freshc_panel_19,067aa0a948074dda86ad9fdad1fcef9d,existing_formal_fresh_c_gallery,LLH,shallow,late,33,49,51,1.4623605094703973,0.06790582748933457,0.20939521491527557,0.03718299794070167,0.75,0.75
freshc_panel_20,06fa4974f8cd4d4ea792e98fa1521457,existing_formal_fresh_c_gallery,No Adapter,deep,early,0,16,51,4.98360070995256,0.0,0.0,0.0,0.0,0.0
freshc_panel_20,06fa4974f8cd4d4ea792e98fa1521457,existing_formal_fresh_c_gallery,No Adapter,deep,middle,17,32,48,5.447975267966588,0.0,0.0,0.0,0.0,0.0
freshc_panel_20,06fa4974f8cd4d4ea792e98fa1521457,existing_formal_fresh_c_gallery,No Adapter,deep,late,33,49,51,5.429927134046368,0.0,0.0,0.0,0.0,0.0
freshc_panel_20,06fa4974f8cd4d4ea792e98fa1521457,existing_formal_fresh_c_gallery,No Adapter,middle,early,0,16,51,1.914745736355875,0.0,0.0,0.0,0.0,0.0
freshc_panel_20,06fa4974f8cd4d4ea792e98fa1521457,existing_formal_fresh_c_gallery,No Adapter,middle,middle,17,32,48,2.2486316338181496,0.0,0.0,0.0,0.0,0.0
freshc_panel_20,06fa4974f8cd4d4ea792e98fa1521457,existing_formal_fresh_c_gallery,No Adapter,middle,late,33,49,51,2.3537702279932358,0.0,0.0,0.0,0.0,0.0
freshc_panel_20,06fa4974f8cd4d4ea792e98fa1521457,existing_formal_fresh_c_gallery,No Adapter,shallow,early,0,16,51,1.7835132795221664,0.0,0.0,0.0,0.0,0.0
freshc_panel_20,06fa4974f8cd4d4ea792e98fa1521457,existing_formal_fresh_c_gallery,No Adapter,shallow,middle,17,32,48,1.8015734540919464,0.0,0.0,0.0,0.0,0.0
freshc_panel_20,06fa4974f8cd4d4ea792e98fa1521457,existing_formal_fresh_c_gallery,No Adapter,shallow,late,33,49,51,1.411409473886677,0.0,0.0,0.0,0.0,0.0
freshc_panel_20,06fa4974f8cd4d4ea792e98fa1521457,existing_formal_fresh_c_gallery,GFL,deep,early,0,16,51,5.158468662523756,0.7045689342068691,1.4817663431167603,0.5789042459983452,1.25,1.25
freshc_panel_20,06fa4974f8cd4d4ea792e98fa1521457,existing_formal_fresh_c_gallery,GFL,deep,middle,17,32,48,4.9898519565661745,0.6294541858757535,1.3390770316123963,0.4969631022152801,1.25,1.25
freshc_panel_20,06fa4974f8cd4d4ea792e98fa1521457,existing_formal_fresh_c_gallery,GFL,deep,late,33,49,51,4.856017949534397,0.49872370677835803,1.21531081199646,0.38302047682159085,1.25,1.25
freshc_panel_20,06fa4974f8cd4d4ea792e98fa1521457,existing_formal_fresh_c_gallery,GFL,middle,early,0,16,51,1.7970306534393161,0.31794672415536995,0.66597780585289,0.2574337966301862,1.25,1.25
freshc_panel_20,06fa4974f8cd4d4ea792e98fa1521457,existing_formal_fresh_c_gallery,GFL,middle,middle,17,32,48,2.025723211467266,0.3447681339457631,0.7272904425859451,0.2467518615691612,1.25,1.25
freshc_panel_20,06fa4974f8cd4d4ea792e98fa1521457,existing_formal_fresh_c_gallery,GFL,middle,late,33,49,51,2.1492605232724955,0.16654671246514602,0.33839166164398193,0.10937691984844267,1.25,1.25
freshc_panel_20,06fa4974f8cd4d4ea792e98fa1521457,existing_formal_fresh_c_gallery,GFL,shallow,early,0,16,51,1.7985034655122196,0.10196105966015774,0.2931366562843323,0.06294004510695517,1.25,0.7999999999999998
freshc_panel_20,06fa4974f8cd4d4ea792e98fa1521457,existing_formal_fresh_c_gallery,GFL,shallow,middle,17,32,48,1.8175200360516708,0.1086298754865614,0.2909438267350197,0.06535440370983754,1.25,0.7999999999999999
freshc_panel_20,06fa4974f8cd4d4ea792e98fa1521457,existing_formal_fresh_c_gallery,GFL,shallow,late,33,49,51,1.4368281376128103,0.062011824975557184,0.17474383115768433,0.019142361458244862,1.25,0.7999999999999998
freshc_panel_20,06fa4974f8cd4d4ea792e98fa1521457,existing_formal_fresh_c_gallery,GFH,deep,early,0,16,51,6.4387842206393975,1.2029069545222264,2.962762236595154,0.6416427271038878,2.5,2.5
freshc_panel_20,06fa4974f8cd4d4ea792e98fa1521457,existing_formal_fresh_c_gallery,GFH,deep,middle,17,32,48,5.873854195078214,1.127354446798563,2.6850024819374085,0.6145668787260851,2.5,2.5
freshc_panel_20,06fa4974f8cd4d4ea792e98fa1521457,existing_formal_fresh_c_gallery,GFH,deep,late,33,49,51,5.478135623183905,0.9487681570006352,2.472447991371155,0.5251027071008495,2.5,2.5
freshc_panel_20,06fa4974f8cd4d4ea792e98fa1521457,existing_formal_fresh_c_gallery,GFH,middle,early,0,16,51,2.0624144696721842,0.45019035187422063,0.7908089458942413,0.38267844389466676,2.5,2.5
freshc_panel_20,06fa4974f8cd4d4ea792e98fa1521457,existing_formal_fresh_c_gallery,GFH,middle,middle,17,32,48,2.119154060880343,0.6355929536124071,1.212495005130768,0.42146398810048896,2.5,2.5
freshc_panel_20,06fa4974f8cd4d4ea792e98fa1521457,existing_formal_fresh_c_gallery,GFH,middle,late,33,49,51,2.2183568991866767,0.34440817610890256,0.7198204696178436,0.278973741274254,2.5,2.5
freshc_panel_20,06fa4974f8cd4d4ea792e98fa1521457,existing_formal_fresh_c_gallery,GFH,shallow,early,0,16,51,1.8177043889083115,0.09539083986743993,0.2785070389509201,0.057284339579329005,2.5,0.7999999999999998
freshc_panel_20,06fa4974f8cd4d4ea792e98fa1521457,existing_formal_fresh_c_gallery,GFH,shallow,middle,17,32,48,1.8538392422099907,0.10970875442338486,0.274304461479187,0.06659990200811687,2.5,0.7999999999999999
freshc_panel_20,06fa4974f8cd4d4ea792e98fa1521457,existing_formal_fresh_c_gallery,GFH,shallow,late,33,49,51,1.4199869387290056,0.0745494301595232,0.22895212471485138,0.031697473130371495,2.5,0.7999999999999998
freshc_panel_20,06fa4974f8cd4d4ea792e98fa1521457,existing_formal_fresh_c_gallery,C3,deep,early,0,16,51,5.158468662523756,0.7045689342068691,1.4817663431167603,0.5789042459983452,1.25,1.25
freshc_panel_20,06fa4974f8cd4d4ea792e98fa1521457,existing_formal_fresh_c_gallery,C3,deep,middle,17,32,48,5.857433557510376,1.1302121014644702,2.6864903569221497,0.6133424900472164,2.5,2.5
freshc_panel_20,06fa4974f8cd4d4ea792e98fa1521457,existing_formal_fresh_c_gallery,C3,deep,late,33,49,51,4.824687999837539,0.5056003720736971,1.2232328057289124,0.3875291417626774,1.25,1.25
freshc_panel_20,06fa4974f8cd4d4ea792e98fa1521457,existing_formal_fresh_c_gallery,C3,middle,early,0,16,51,1.7970306534393161,0.31794672415536995,0.66597780585289,0.2574337966301862,1.25,1.25
freshc_panel_20,06fa4974f8cd4d4ea792e98fa1521457,existing_formal_fresh_c_gallery,C3,middle,middle,17,32,48,2.1201971396803856,0.6362965057293574,1.2173848390579223,0.421001731728514,2.5,2.5
freshc_panel_20,06fa4974f8cd4d4ea792e98fa1521457,existing_formal_fresh_c_gallery,C3,middle,late,33,49,51,2.1328000765220794,0.1738401573954844,0.3561932444572449,0.11670449126383983,1.25,1.25
freshc_panel_20,06fa4974f8cd4d4ea792e98fa1521457,existing_formal_fresh_c_gallery,C3,shallow,early,0,16,51,1.7985034655122196,0.10196105966015774,0.2931366562843323,0.06294004510695517,1.25,0.7999999999999998
freshc_panel_20,06fa4974f8cd4d4ea792e98fa1521457,existing_formal_fresh_c_gallery,C3,shallow,middle,17,32,48,1.8548964075744152,0.10975606712357451,0.27383640855550767,0.06660395026362191,2.5,0.7999999999999999
freshc_panel_20,06fa4974f8cd4d4ea792e98fa1521457,existing_formal_fresh_c_gallery,C3,shallow,late,33,49,51,1.4206150770187378,0.06826072071185883,0.19325846433639526,0.02469665060212434,1.25,0.7999999999999998
freshc_panel_20,06fa4974f8cd4d4ea792e98fa1521457,existing_formal_fresh_c_gallery,Generic Linear,deep,early,0,16,51,5.340182472677792,0.7951603163691128,1.7371198534965515,0.6051478870943481,1.4540816326530617,1.4540816326530617
freshc_panel_20,06fa4974f8cd4d4ea792e98fa1521457,existing_formal_fresh_c_gallery,Generic Linear,deep,middle,17,32,48,5.382356142004331,0.8989556316907207,2.150786793231964,0.5903912726789713,1.8749999999999998,1.8749999999999998
freshc_panel_20,06fa4974f8cd4d4ea792e98fa1521457,existing_formal_fresh_c_gallery,Generic Linear,deep,late,33,49,51,5.36924048498565,0.882792165758563,2.180755376815796,0.5109021841895347,2.2959183673469385,2.2959183673469385
freshc_panel_20,06fa4974f8cd4d4ea792e98fa1521457,existing_formal_fresh_c_gallery,Generic Linear,middle,early,0,16,51,1.8352062643743028,0.34972227145643797,0.7377282381057739,0.2854807686571981,1.4540816326530617,1.4540816326530617
freshc_panel_20,06fa4974f8cd4d4ea792e98fa1521457,existing_formal_fresh_c_gallery,Generic Linear,middle,middle,17,32,48,2.051469549536705,0.5180248624334732,1.0028202950954437,0.35388473731776077,1.8749999999999998,1.8749999999999998
freshc_panel_20,06fa4974f8cd4d4ea792e98fa1521457,existing_formal_fresh_c_gallery,Generic Linear,middle,late,33,49,51,2.2099588595184625,0.3119341643417583,0.6274624466896057,0.25202633966417876,2.2959183673469385,2.2959183673469385
freshc_panel_20,06fa4974f8cd4d4ea792e98fa1521457,existing_formal_fresh_c_gallery,Generic Linear,shallow,early,0,16,51,1.7983987226205713,0.06906542863112454,0.20656711608171463,0.03242029083162825,0.5408163265306122,0.5408163265306122
freshc_panel_20,06fa4974f8cd4d4ea792e98fa1521457,existing_formal_fresh_c_gallery,Generic Linear,shallow,middle,17,32,48,1.828310136993726,0.08959975395312843,0.21679797247052193,0.04847755664256207,0.625,0.625
freshc_panel_20,06fa4974f8cd4d4ea792e98fa1521457,existing_formal_fresh_c_gallery,Generic Linear,shallow,late,33,49,51,1.4188985649277182,0.063893439229943,0.1913927048444748,0.022487317623944916,0.7091836734693878,0.7091836734693878
freshc_panel_20,06fa4974f8cd4d4ea792e98fa1521457,existing_formal_fresh_c_gallery,LLH,deep,early,0,16,51,5.178897048912797,0.7043142856336108,1.4815754890441895,0.5787001193738451,1.25,1.25
freshc_panel_20,06fa4974f8cd4d4ea792e98fa1521457,existing_formal_fresh_c_gallery,LLH,deep,middle,17,32,48,5.00807948410511,0.6336942606916031,1.3350689888000489,0.5059886355884373,1.25,1.25
freshc_panel_20,06fa4974f8cd4d4ea792e98fa1521457,existing_formal_fresh_c_gallery,LLH,deep,late,33,49,51,5.52724389001435,0.9531842107866325,2.5498948097229004,0.5228780759315864,2.5,2.5
freshc_panel_20,06fa4974f8cd4d4ea792e98fa1521457,existing_formal_fresh_c_gallery,LLH,middle,early,0,16,51,1.7980699457374274,0.3178204762585023,0.6643063724040985,0.2573951208123974,1.25,1.25
freshc_panel_20,06fa4974f8cd4d4ea792e98fa1521457,existing_formal_fresh_c_gallery,LLH,middle,middle,17,32,48,2.010756449153026,0.35896672898282606,0.7387726604938507,0.25558945528852445,1.25,1.25
freshc_panel_20,06fa4974f8cd4d4ea792e98fa1521457,existing_formal_fresh_c_gallery,LLH,middle,late,33,49,51,2.2211001854316863,0.34799370607909036,0.7569821774959564,0.2788339812381595,2.5,2.5
freshc_panel_20,06fa4974f8cd4d4ea792e98fa1521457,existing_formal_fresh_c_gallery,LLH,shallow,early,0,16,51,1.7932512210864646,0.06419060623054118,0.1837201938033104,0.027935952141121437,0.5,0.5
freshc_panel_20,06fa4974f8cd4d4ea792e98fa1521457,existing_formal_fresh_c_gallery,LLH,shallow,middle,17,32,48,1.8085807884732883,0.0719677288531481,0.1835050992667675,0.032153152345320755,0.5,0.5
freshc_panel_20,06fa4974f8cd4d4ea792e98fa1521457,existing_formal_fresh_c_gallery,LLH,shallow,late,33,49,51,1.4261346506137473,0.07165025642105177,0.22213540226221085,0.029519684928898497,0.75,0.75
fig4_row1,eac4b392b7b448a2b6ec77e8936abe1b,01549_fig4_fig6_original_object,No Adapter,deep,early,0,16,51,5.043199772928276,0.0,0.0,0.0,0.0,0.0
fig4_row1,eac4b392b7b448a2b6ec77e8936abe1b,01549_fig4_fig6_original_object,No Adapter,deep,middle,17,32,48,5.666545381148656,0.0,0.0,0.0,0.0,0.0
fig4_row1,eac4b392b7b448a2b6ec77e8936abe1b,01549_fig4_fig6_original_object,No Adapter,deep,late,33,49,51,5.615101987240362,0.0,0.0,0.0,0.0,0.0
fig4_row1,eac4b392b7b448a2b6ec77e8936abe1b,01549_fig4_fig6_original_object,No Adapter,middle,early,0,16,51,1.8777930070372189,0.0,0.0,0.0,0.0,0.0
fig4_row1,eac4b392b7b448a2b6ec77e8936abe1b,01549_fig4_fig6_original_object,No Adapter,middle,middle,17,32,48,2.230869062244892,0.0,0.0,0.0,0.0,0.0
fig4_row1,eac4b392b7b448a2b6ec77e8936abe1b,01549_fig4_fig6_original_object,No Adapter,middle,late,33,49,51,2.346605235455083,0.0,0.0,0.0,0.0,0.0
fig4_row1,eac4b392b7b448a2b6ec77e8936abe1b,01549_fig4_fig6_original_object,No Adapter,shallow,early,0,16,51,1.7803214578067554,0.0,0.0,0.0,0.0,0.0
fig4_row1,eac4b392b7b448a2b6ec77e8936abe1b,01549_fig4_fig6_original_object,No Adapter,shallow,middle,17,32,48,1.7951262779533863,0.0,0.0,0.0,0.0,0.0
fig4_row1,eac4b392b7b448a2b6ec77e8936abe1b,01549_fig4_fig6_original_object,No Adapter,shallow,late,33,49,51,1.406812256457759,0.0,0.0,0.0,0.0,0.0
fig4_row1,eac4b392b7b448a2b6ec77e8936abe1b,01549_fig4_fig6_original_object,GFL,deep,early,0,16,51,5.189566055933635,0.6970764135613161,1.4836236834526062,0.5808059497206819,1.25,1.25
fig4_row1,eac4b392b7b448a2b6ec77e8936abe1b,01549_fig4_fig6_original_object,GFL,deep,middle,17,32,48,5.157706732551257,0.6259725373238325,1.3123657822608947,0.5039217465867599,1.25,1.25
fig4_row1,eac4b392b7b448a2b6ec77e8936abe1b,01549_fig4_fig6_original_object,GFL,deep,late,33,49,51,5.1422158129075,0.5190517998793546,1.3025981187820435,0.38737328219063144,1.25,1.25
fig4_row1,eac4b392b7b448a2b6ec77e8936abe1b,01549_fig4_fig6_original_object,GFL,middle,early,0,16,51,1.8305092383833492,0.4094929221798392,0.7840070724487305,0.41072699076989116,1.25,1.25
fig4_row1,eac4b392b7b448a2b6ec77e8936abe1b,01549_fig4_fig6_original_object,GFL,middle,middle,17,32,48,2.030998816092809,0.528680958164235,1.0177189767360688,0.44343865755945444,1.25,1.25
fig4_row1,eac4b392b7b448a2b6ec77e8936abe1b,01549_fig4_fig6_original_object,GFL,middle,late,33,49,51,2.159075620127659,0.27231166131940543,0.6070865094661713,0.2522138734804649,1.25,1.25
fig4_row1,eac4b392b7b448a2b6ec77e8936abe1b,01549_fig4_fig6_original_object,GFL,shallow,early,0,16,51,1.809693509457158,0.09546304529751926,0.2883427292108536,0.06134014587744376,1.25,0.7999999999999998
fig4_row1,eac4b392b7b448a2b6ec77e8936abe1b,01549_fig4_fig6_original_object,GFL,shallow,middle,17,32,48,1.8351478738089402,0.11510278860805556,0.28922100067138673,0.07717705150328887,1.25,0.7999999999999999
fig4_row1,eac4b392b7b448a2b6ec77e8936abe1b,01549_fig4_fig6_original_object,GFL,shallow,late,33,49,51,1.4174630104326735,0.0936601576486639,0.28467701375484467,0.05408901919754365,1.25,0.7999999999999998
fig4_row1,eac4b392b7b448a2b6ec77e8936abe1b,01549_fig4_fig6_original_object,GFH,deep,early,0,16,51,6.454819034127628,1.1961407918556064,2.9680508375167847,0.6526665892086777,2.5,2.5
fig4_row1,eac4b392b7b448a2b6ec77e8936abe1b,01549_fig4_fig6_original_object,GFH,deep,middle,17,32,48,6.1164374848206835,1.1116943502177794,2.6008806824684143,0.6192557749648889,2.5,2.5
fig4_row1,eac4b392b7b448a2b6ec77e8936abe1b,01549_fig4_fig6_original_object,GFH,deep,late,33,49,51,5.996419504577038,0.9574379006437227,2.602867364883423,0.5099176416794459,2.5,2.5
fig4_row1,eac4b392b7b448a2b6ec77e8936abe1b,01549_fig4_fig6_original_object,GFH,middle,early,0,16,51,2.1599439873414883,0.525874338313645,0.6596561074256897,0.51325135605008,2.5,2.5
fig4_row1,eac4b392b7b448a2b6ec77e8936abe1b,01549_fig4_fig6_original_object,GFH,middle,middle,17,32,48,2.21142557511727,0.7959375362843275,1.458720088005066,0.5961492055406173,2.5,2.5
fig4_row1,eac4b392b7b448a2b6ec77e8936abe1b,01549_fig4_fig6_original_object,GFH,middle,late,33,49,51,2.2605393821117925,0.5255291932353786,1.1638221144676208,0.46670612400653316,2.5,2.5
fig4_row1,eac4b392b7b448a2b6ec77e8936abe1b,01549_fig4_fig6_original_object,GFH,shallow,early,0,16,51,1.8367018629522884,0.0832183447976907,0.25708557665348053,0.0493563606136127,2.5,0.7999999999999998
fig4_row1,eac4b392b7b448a2b6ec77e8936abe1b,01549_fig4_fig6_original_object,GFH,shallow,middle,17,32,48,1.9092802653710048,0.10012966848444194,0.2602346748113632,0.06378001465539758,2.5,0.7999999999999999
fig4_row1,eac4b392b7b448a2b6ec77e8936abe1b,01549_fig4_fig6_original_object,GFH,shallow,late,33,49,51,1.4422702941240049,0.09177731605721455,0.26156917214393616,0.05320964372090403,2.5,0.7999999999999998
fig4_row1,eac4b392b7b448a2b6ec77e8936abe1b,01549_fig4_fig6_original_object,C3,deep,early,0,16,51,5.189566055933635,0.6970764135613161,1.4836236834526062,0.5808059497206819,1.25,1.25
fig4_row1,eac4b392b7b448a2b6ec77e8936abe1b,01549_fig4_fig6_original_object,C3,deep,middle,17,32,48,6.10165877143542,1.1126973486195009,2.60982209444046,0.6168370880186558,2.5,2.5
fig4_row1,eac4b392b7b448a2b6ec77e8936abe1b,01549_fig4_fig6_original_object,C3,deep,late,33,49,51,5.185731294108372,0.5188886277815875,1.3045446872711182,0.3859177732876703,1.25,1.25
fig4_row1,eac4b392b7b448a2b6ec77e8936abe1b,01549_fig4_fig6_original_object,C3,middle,early,0,16,51,1.8305092383833492,0.4094929221798392,0.7840070724487305,0.41072699076989116,1.25,1.25
fig4_row1,eac4b392b7b448a2b6ec77e8936abe1b,01549_fig4_fig6_original_object,C3,middle,middle,17,32,48,2.211632639169693,0.8003701865673065,1.4755178332328795,0.5962812124441067,2.5,2.5
fig4_row1,eac4b392b7b448a2b6ec77e8936abe1b,01549_fig4_fig6_original_object,C3,middle,late,33,49,51,2.173695543233086,0.26746945638282627,0.6013058125972748,0.24751803828585967,1.25,1.25
fig4_row1,eac4b392b7b448a2b6ec77e8936abe1b,01549_fig4_fig6_original_object,C3,shallow,early,0,16,51,1.809693509457158,0.09546304529751926,0.2883427292108536,0.06134014587744376,1.25,0.7999999999999998
fig4_row1,eac4b392b7b448a2b6ec77e8936abe1b,01549_fig4_fig6_original_object,C3,shallow,middle,17,32,48,1.9133275747299194,0.09969585687698175,0.2589134767651558,0.06333381096919766,2.5,0.7999999999999999
fig4_row1,eac4b392b7b448a2b6ec77e8936abe1b,01549_fig4_fig6_original_object,C3,shallow,late,33,49,51,1.4143098160332324,0.08960696247716744,0.2822582572698593,0.05001898094299991,1.25,0.7999999999999998
fig4_row1,eac4b392b7b448a2b6ec77e8936abe1b,01549_fig4_fig6_original_object,Generic Linear,deep,early,0,16,51,5.350381869895785,0.7880979197866776,1.6745525002479553,0.6096878694553002,1.4540816326530617,1.4540816326530617
fig4_row1,eac4b392b7b448a2b6ec77e8936abe1b,01549_fig4_fig6_original_object,Generic Linear,deep,middle,17,32,48,5.576533670226733,0.8857622444629669,2.0874849438667296,0.5887765139341354,1.8749999999999998,1.8749999999999998
fig4_row1,eac4b392b7b448a2b6ec77e8936abe1b,01549_fig4_fig6_original_object,Generic Linear,deep,late,33,49,51,5.821043168797212,0.8915013653390548,2.258846163749695,0.5015977498363046,2.2959183673469385,2.2959183673469385
fig4_row1,eac4b392b7b448a2b6ec77e8936abe1b,01549_fig4_fig6_original_object,Generic Linear,middle,early,0,16,51,1.8729061262280333,0.43725181444018496,0.7819382548332214,0.4386584326332691,1.4540816326530617,1.4540816326530617
fig4_row1,eac4b392b7b448a2b6ec77e8936abe1b,01549_fig4_fig6_original_object,Generic Linear,middle,middle,17,32,48,2.1012531891465187,0.7149406826744477,1.3464894473552704,0.5467270165681839,1.8749999999999998,1.8749999999999998
fig4_row1,eac4b392b7b448a2b6ec77e8936abe1b,01549_fig4_fig6_original_object,Generic Linear,middle,late,33,49,51,2.238373080889384,0.4892204459391388,1.0690255761146545,0.4436316197993709,2.2959183673469385,2.2959183673469385
fig4_row1,eac4b392b7b448a2b6ec77e8936abe1b,01549_fig4_fig6_original_object,Generic Linear,shallow,early,0,16,51,1.8106846073094536,0.06381333204826303,0.19921886920928955,0.030690502513273127,0.5408163265306122,0.5408163265306122
fig4_row1,eac4b392b7b448a2b6ec77e8936abe1b,01549_fig4_fig6_original_object,Generic Linear,shallow,middle,17,32,48,1.8793764350314934,0.08305326195356126,0.21060782298445702,0.048756230369690456,0.625,0.625
fig4_row1,eac4b392b7b448a2b6ec77e8936abe1b,01549_fig4_fig6_original_object,Generic Linear,shallow,late,33,49,51,1.4340014013589597,0.0833269808550968,0.23265520483255386,0.045588925690010766,0.7091836734693878,0.7091836734693878
fig4_row1,eac4b392b7b448a2b6ec77e8936abe1b,01549_fig4_fig6_original_object,LLH,deep,early,0,16,51,5.196107270670872,0.697196887404311,1.4837860465049744,0.5808753628356784,1.25,1.25
fig4_row1,eac4b392b7b448a2b6ec77e8936abe1b,01549_fig4_fig6_original_object,LLH,deep,middle,17,32,48,5.160163730382919,0.6264815827210745,1.3027417540550232,0.5069535834093889,1.25,1.25
fig4_row1,eac4b392b7b448a2b6ec77e8936abe1b,01549_fig4_fig6_original_object,LLH,deep,late,33,49,51,5.972421921935736,0.9654921351694593,2.614411473274231,0.5117398795543933,2.5,2.5
fig4_row1,eac4b392b7b448a2b6ec77e8936abe1b,01549_fig4_fig6_original_object,LLH,middle,early,0,16,51,1.8302294179504992,0.40970668605729643,0.784879058599472,0.41082901639096875,1.25,1.25
fig4_row1,eac4b392b7b448a2b6ec77e8936abe1b,01549_fig4_fig6_original_object,LLH,middle,middle,17,32,48,2.0237165888150535,0.5343862442920605,1.0239834368228913,0.44729892164468765,1.25,1.25
fig4_row1,eac4b392b7b448a2b6ec77e8936abe1b,01549_fig4_fig6_original_object,LLH,middle,late,33,49,51,2.2591079099505555,0.5388389393395069,1.2175614833831787,0.47130944857410356,2.5,2.5
fig4_row1,eac4b392b7b448a2b6ec77e8936abe1b,01549_fig4_fig6_original_object,LLH,shallow,early,0,16,51,1.8042861445277345,0.06008717362933299,0.18062981963157654,0.02635004514203564,0.5,0.5
fig4_row1,eac4b392b7b448a2b6ec77e8936abe1b,01549_fig4_fig6_original_object,LLH,shallow,middle,17,32,48,1.8289227895438671,0.07251216734099823,0.18079643920063973,0.03621209662136001,0.5,0.5
fig4_row1,eac4b392b7b448a2b6ec77e8936abe1b,01549_fig4_fig6_original_object,LLH,shallow,late,33,49,51,1.450270178271275,0.0890872845353157,0.24876684695482254,0.0507801255163314,0.75,0.75
fig4_row2,ea7601dbeb2c46188571cb86e8fdb5bf,01549_fig4_fig6_original_object,No Adapter,deep,early,0,16,51,5.07766858736674,0.0,0.0,0.0,0.0,0.0
fig4_row2,ea7601dbeb2c46188571cb86e8fdb5bf,01549_fig4_fig6_original_object,No Adapter,deep,middle,17,32,48,5.589522033929825,0.0,0.0,0.0,0.0,0.0
fig4_row2,ea7601dbeb2c46188571cb86e8fdb5bf,01549_fig4_fig6_original_object,No Adapter,deep,late,33,49,51,5.61752576454013,0.0,0.0,0.0,0.0,0.0
fig4_row2,ea7601dbeb2c46188571cb86e8fdb5bf,01549_fig4_fig6_original_object,No Adapter,middle,early,0,16,51,1.8726052992484148,0.0,0.0,0.0,0.0,0.0
fig4_row2,ea7601dbeb2c46188571cb86e8fdb5bf,01549_fig4_fig6_original_object,No Adapter,middle,middle,17,32,48,2.2228302136063576,0.0,0.0,0.0,0.0,0.0
fig4_row2,ea7601dbeb2c46188571cb86e8fdb5bf,01549_fig4_fig6_original_object,No Adapter,middle,late,33,49,51,2.338901038263358,0.0,0.0,0.0,0.0,0.0
fig4_row2,ea7601dbeb2c46188571cb86e8fdb5bf,01549_fig4_fig6_original_object,No Adapter,shallow,early,0,16,51,1.783551787628847,0.0,0.0,0.0,0.0,0.0
fig4_row2,ea7601dbeb2c46188571cb86e8fdb5bf,01549_fig4_fig6_original_object,No Adapter,shallow,middle,17,32,48,1.80210946003596,0.0,0.0,0.0,0.0,0.0
fig4_row2,ea7601dbeb2c46188571cb86e8fdb5bf,01549_fig4_fig6_original_object,No Adapter,shallow,late,33,49,51,1.4098743247050864,0.0,0.0,0.0,0.0,0.0
fig4_row2,ea7601dbeb2c46188571cb86e8fdb5bf,01549_fig4_fig6_original_object,GFL,deep,early,0,16,51,5.398966564851649,0.7310529006462471,1.5591686367988586,0.5830401550321018,1.25,1.25
fig4_row2,ea7601dbeb2c46188571cb86e8fdb5bf,01549_fig4_fig6_original_object,GFL,deep,middle,17,32,48,5.297710170348485,0.6398804513737559,1.3248029053211212,0.5196825466118753,1.25,1.25
fig4_row2,ea7601dbeb2c46188571cb86e8fdb5bf,01549_fig4_fig6_original_object,GFL,deep,late,33,49,51,5.409645571428187,0.5341866273506015,1.3001947402954102,0.38685735665700016,1.25,1.25
fig4_row2,ea7601dbeb2c46188571cb86e8fdb5bf,01549_fig4_fig6_original_object,GFL,middle,early,0,16,51,1.853030738877315,0.41705192537868724,0.7584207952022552,0.4378911665841645,1.25,1.25
fig4_row2,ea7601dbeb2c46188571cb86e8fdb5bf,01549_fig4_fig6_original_object,GFL,middle,middle,17,32,48,2.054787735144297,0.5688681416213512,1.0845444560050965,0.48898883660634357,1.25,1.25
fig4_row2,ea7601dbeb2c46188571cb86e8fdb5bf,01549_fig4_fig6_original_object,GFL,middle,late,33,49,51,2.2165720603045296,0.27626878899686474,0.6155169904232025,0.26846492495022567,1.25,1.25
fig4_row2,ea7601dbeb2c46188571cb86e8fdb5bf,01549_fig4_fig6_original_object,GFL,shallow,early,0,16,51,1.8081043152248157,0.08269244575799972,0.2546163648366928,0.051124356727015374,1.25,0.7999999999999998
fig4_row2,ea7601dbeb2c46188571cb86e8fdb5bf,01549_fig4_fig6_original_object,GFL,shallow,middle,17,32,48,1.844570488979419,0.10009117537993006,0.25505488365888596,0.06636643185144446,1.25,0.7999999999999999
fig4_row2,ea7601dbeb2c46188571cb86e8fdb5bf,01549_fig4_fig6_original_object,GFL,shallow,late,33,49,51,1.4138087747143764,0.07550759356030647,0.24566231667995453,0.039503620661265566,1.25,0.7999999999999998
fig4_row2,ea7601dbeb2c46188571cb86e8fdb5bf,01549_fig4_fig6_original_object,GFH,deep,early,0,16,51,6.87651673485251,1.2553765043324114,3.116698741912842,0.6448627903180963,2.5,2.5
fig4_row2,ea7601dbeb2c46188571cb86e8fdb5bf,01549_fig4_fig6_original_object,GFH,deep,middle,17,32,48,6.313011984030406,1.130781573864321,2.646847999095917,0.6324338198949894,2.5,2.5
fig4_row2,ea7601dbeb2c46188571cb86e8fdb5bf,01549_fig4_fig6_original_object,GFH,deep,late,33,49,51,6.298684536242018,0.990696874611518,2.5868587493896484,0.5079779212965685,2.5,2.5
fig4_row2,ea7601dbeb2c46188571cb86e8fdb5bf,01549_fig4_fig6_original_object,GFH,middle,early,0,16,51,2.250544403113571,0.5250697299545887,0.6439991891384125,0.5305039251551908,2.5,2.5
fig4_row2,ea7601dbeb2c46188571cb86e8fdb5bf,01549_fig4_fig6_original_object,GFH,middle,middle,17,32,48,2.250941606859366,0.8042663708329201,1.4309950113296508,0.6262968803445498,2.5,2.5
fig4_row2,ea7601dbeb2c46188571cb86e8fdb5bf,01549_fig4_fig6_original_object,GFH,middle,late,33,49,51,2.30316442601821,0.5399232962552238,1.1608507633209229,0.4936591316671932,2.5,2.5
fig4_row2,ea7601dbeb2c46188571cb86e8fdb5bf,01549_fig4_fig6_original_object,GFH,shallow,early,0,16,51,1.834282073320127,0.07283627267415617,0.23170536011457443,0.04077952466604092,2.5,0.7999999999999998
fig4_row2,ea7601dbeb2c46188571cb86e8fdb5bf,01549_fig4_fig6_original_object,GFH,shallow,middle,17,32,48,1.9115688366194565,0.08784526979434304,0.2343210220336914,0.05496748008590657,2.5,0.7999999999999999
fig4_row2,ea7601dbeb2c46188571cb86e8fdb5bf,01549_fig4_fig6_original_object,GFH,shallow,late,33,49,51,1.445452416644377,0.07613334678770865,0.22478335350751877,0.040978287861399426,2.5,0.7999999999999998
fig4_row2,ea7601dbeb2c46188571cb86e8fdb5bf,01549_fig4_fig6_original_object,C3,deep,early,0,16,51,5.398966564851649,0.7310529006462471,1.5591686367988586,0.5830401550321018,1.25,1.25
fig4_row2,ea7601dbeb2c46188571cb86e8fdb5bf,01549_fig4_fig6_original_object,C3,deep,middle,17,32,48,6.294962341586749,1.1308008944615722,2.6484232902526856,0.6313596870750189,2.5,2.5
fig4_row2,ea7601dbeb2c46188571cb86e8fdb5bf,01549_fig4_fig6_original_object,C3,deep,late,33,49,51,5.414366712757185,0.5352227182364931,1.2947062253952026,0.38942406341141345,1.25,1.25
fig4_row2,ea7601dbeb2c46188571cb86e8fdb5bf,01549_fig4_fig6_original_object,C3,middle,early,0,16,51,1.853030738877315,0.41705192537868724,0.7584207952022552,0.4378911665841645,1.25,1.25
fig4_row2,ea7601dbeb2c46188571cb86e8fdb5bf,01549_fig4_fig6_original_object,C3,middle,middle,17,32,48,2.2507918179035187,0.8113693073391914,1.4590478122234345,0.6270771784087023,2.5,2.5
fig4_row2,ea7601dbeb2c46188571cb86e8fdb5bf,01549_fig4_fig6_original_object,C3,middle,late,33,49,51,2.2154307599161185,0.2764163204267913,0.6065550148487091,0.2700233748730491,1.25,1.25
fig4_row2,ea7601dbeb2c46188571cb86e8fdb5bf,01549_fig4_fig6_original_object,C3,shallow,early,0,16,51,1.8081043152248157,0.08269244575799972,0.2546163648366928,0.051124356727015374,1.25,0.7999999999999998
fig4_row2,ea7601dbeb2c46188571cb86e8fdb5bf,01549_fig4_fig6_original_object,C3,shallow,middle,17,32,48,1.9181461296975613,0.08719486886790644,0.23208246678113936,0.05414764926657275,2.5,0.7999999999999999
fig4_row2,ea7601dbeb2c46188571cb86e8fdb5bf,01549_fig4_fig6_original_object,C3,shallow,late,33,49,51,1.413086850269168,0.0744124966509202,0.24308042973279953,0.038340222258257735,1.25,0.7999999999999998
fig4_row2,ea7601dbeb2c46188571cb86e8fdb5bf,01549_fig4_fig6_original_object,Generic Linear,deep,early,0,16,51,5.595157483044793,0.8255216929258085,1.8256335854530334,0.6075652411171034,1.4540816326530617,1.4540816326530617
fig4_row2,ea7601dbeb2c46188571cb86e8fdb5bf,01549_fig4_fig6_original_object,Generic Linear,deep,middle,17,32,48,5.730844885110855,0.9067472194631895,2.0887086629867553,0.6052934744705757,1.8749999999999998,1.8749999999999998
fig4_row2,ea7601dbeb2c46188571cb86e8fdb5bf,01549_fig4_fig6_original_object,Generic Linear,deep,late,33,49,51,6.120831470863492,0.9237184442725836,2.3209367990493774,0.49903953951947827,2.2959183673469385,2.2959183673469385
fig4_row2,ea7601dbeb2c46188571cb86e8fdb5bf,01549_fig4_fig6_original_object,Generic Linear,middle,early,0,16,51,1.908266482399959,0.44152796151591284,0.7342139184474945,0.4634309907754262,1.4540816326530617,1.4540816326530617
fig4_row2,ea7601dbeb2c46188571cb86e8fdb5bf,01549_fig4_fig6_original_object,Generic Linear,middle,middle,17,32,48,2.1300347919265428,0.7427732528497776,1.3886894464492798,0.5847049572815498,1.8749999999999998,1.8749999999999998
fig4_row2,ea7601dbeb2c46188571cb86e8fdb5bf,01549_fig4_fig6_original_object,Generic Linear,middle,late,33,49,51,2.2825700815986183,0.5045546792885837,1.0772820115089417,0.4713335887474172,2.2959183673469385,2.2959183673469385
fig4_row2,ea7601dbeb2c46188571cb86e8fdb5bf,01549_fig4_fig6_original_object,Generic Linear,shallow,early,0,16,51,1.8088897197854286,0.055354474806318096,0.17676006257534027,0.023325493467905068,0.5408163265306122,0.5408163265306122
fig4_row2,ea7601dbeb2c46188571cb86e8fdb5bf,01549_fig4_fig6_original_object,Generic Linear,shallow,middle,17,32,48,1.8892158480981986,0.07217902734798069,0.18247594684362411,0.03925440228704247,0.625,0.625
fig4_row2,ea7601dbeb2c46188571cb86e8fdb5bf,01549_fig4_fig6_original_object,Generic Linear,shallow,late,33,49,51,1.436979589509029,0.06915860118198336,0.19988838583230972,0.034639168368634204,0.7091836734693878,0.7091836734693878
fig4_row2,ea7601dbeb2c46188571cb86e8fdb5bf,01549_fig4_fig6_original_object,LLH,deep,early,0,16,51,5.405880764418957,0.7315686280820884,1.5587284564971924,0.5827510549741632,1.25,1.25
fig4_row2,ea7601dbeb2c46188571cb86e8fdb5bf,01549_fig4_fig6_original_object,LLH,deep,middle,17,32,48,5.263206074635188,0.6452534900357326,1.3320495188236237,0.5249688319551448,1.25,1.25
fig4_row2,ea7601dbeb2c46188571cb86e8fdb5bf,01549_fig4_fig6_original_object,LLH,deep,late,33,49,51,6.275249817792107,1.0080344194875044,2.6262329816818237,0.5108985506436404,2.5,2.5
fig4_row2,ea7601dbeb2c46188571cb86e8fdb5bf,01549_fig4_fig6_original_object,LLH,middle,early,0,16,51,1.853815754254659,0.41649940142444536,0.7554153800010681,0.4375958431000803,1.25,1.25
fig4_row2,ea7601dbeb2c46188571cb86e8fdb5bf,01549_fig4_fig6_original_object,LLH,middle,middle,17,32,48,2.0411667774120965,0.5764284807567795,1.0900053977966309,0.4933757819235325,1.25,1.25
fig4_row2,ea7601dbeb2c46188571cb86e8fdb5bf,01549_fig4_fig6_original_object,LLH,middle,late,33,49,51,2.2998589674631753,0.5609431100242278,1.2404483556747437,0.5023859397453421,2.5,2.5
fig4_row2,ea7601dbeb2c46188571cb86e8fdb5bf,01549_fig4_fig6_original_object,LLH,shallow,early,0,16,51,1.8036399588865393,0.05198658768580679,0.15940599143505096,0.019231700130913566,0.5,0.5
fig4_row2,ea7601dbeb2c46188571cb86e8fdb5bf,01549_fig4_fig6_original_object,LLH,shallow,middle,17,32,48,1.8402265397210915,0.0631073674109454,0.15980230495333672,0.027498670786978135,0.5,0.5
fig4_row2,ea7601dbeb2c46188571cb86e8fdb5bf,01549_fig4_fig6_original_object,LLH,shallow,late,33,49,51,1.4559080203374226,0.07453636589514859,0.2140188217163086,0.03949795581866056,0.75,0.75
fig4_row3,ed600cc9d91448939edeeb3a6d858448,01549_fig4_fig6_original_object,No Adapter,deep,early,0,16,51,5.12136479920032,0.0,0.0,0.0,0.0,0.0
fig4_row3,ed600cc9d91448939edeeb3a6d858448,01549_fig4_fig6_original_object,No Adapter,deep,middle,17,32,48,5.726693361997604,0.0,0.0,0.0,0.0,0.0
fig4_row3,ed600cc9d91448939edeeb3a6d858448,01549_fig4_fig6_original_object,No Adapter,deep,late,33,49,51,5.62079844755285,0.0,0.0,0.0,0.0,0.0
fig4_row3,ed600cc9d91448939edeeb3a6d858448,01549_fig4_fig6_original_object,No Adapter,middle,early,0,16,51,1.8943076799897587,0.0,0.0,0.0,0.0,0.0
fig4_row3,ed600cc9d91448939edeeb3a6d858448,01549_fig4_fig6_original_object,No Adapter,middle,middle,17,32,48,2.273331344127655,0.0,0.0,0.0,0.0,0.0
fig4_row3,ed600cc9d91448939edeeb3a6d858448,01549_fig4_fig6_original_object,No Adapter,middle,late,33,49,51,2.3662409221424774,0.0,0.0,0.0,0.0,0.0
fig4_row3,ed600cc9d91448939edeeb3a6d858448,01549_fig4_fig6_original_object,No Adapter,shallow,early,0,16,51,1.7832144346891665,0.0,0.0,0.0,0.0,0.0
fig4_row3,ed600cc9d91448939edeeb3a6d858448,01549_fig4_fig6_original_object,No Adapter,shallow,middle,17,32,48,1.8011679239571095,0.0,0.0,0.0,0.0,0.0
fig4_row3,ed600cc9d91448939edeeb3a6d858448,01549_fig4_fig6_original_object,No Adapter,shallow,late,33,49,51,1.4098987333914812,0.0,0.0,0.0,0.0,0.0
fig4_row3,ed600cc9d91448939edeeb3a6d858448,01549_fig4_fig6_original_object,GFL,deep,early,0,16,51,5.288137449937708,0.7069904862665662,1.5377423167228699,0.5775709298311495,1.25,1.25
fig4_row3,ed600cc9d91448939edeeb3a6d858448,01549_fig4_fig6_original_object,GFL,deep,middle,17,32,48,5.262282858292262,0.6163599158947667,1.2959277927875519,0.493614939507097,1.25,1.25
fig4_row3,ed600cc9d91448939edeeb3a6d858448,01549_fig4_fig6_original_object,GFL,deep,late,33,49,51,5.281406982272279,0.4939202309823504,1.2316938638687134,0.3742649276174751,1.25,1.25
fig4_row3,ed600cc9d91448939edeeb3a6d858448,01549_fig4_fig6_original_object,GFL,middle,early,0,16,51,1.8557572224560905,0.4005543168853311,0.7502462267875671,0.40003688019864697,1.25,1.25
fig4_row3,ed600cc9d91448939edeeb3a6d858448,01549_fig4_fig6_original_object,GFL,middle,middle,17,32,48,2.0845034196972847,0.5088943466544151,0.9984165757894516,0.4248979138210416,1.25,1.25
fig4_row3,ed600cc9d91448939edeeb3a6d858448,01549_fig4_fig6_original_object,GFL,middle,late,33,49,51,2.2129157056995465,0.24122710204591938,0.5159072875976562,0.21956698518867293,1.25,1.25
fig4_row3,ed600cc9d91448939edeeb3a6d858448,01549_fig4_fig6_original_object,GFL,shallow,early,0,16,51,1.810067522759531,0.08387878686007039,0.2536809742450714,0.049346477491210454,1.25,0.7999999999999998
fig4_row3,ed600cc9d91448939edeeb3a6d858448,01549_fig4_fig6_original_object,GFL,shallow,middle,17,32,48,1.833973415195942,0.10251628936384805,0.2552859663963318,0.06537020213727374,1.25,0.7999999999999999
fig4_row3,ed600cc9d91448939edeeb3a6d858448,01549_fig4_fig6_original_object,GFL,shallow,late,33,49,51,1.4110972530701582,0.07236476815944794,0.23154397308826447,0.033496145697712316,1.25,0.7999999999999998
fig4_row3,ed600cc9d91448939edeeb3a6d858448,01549_fig4_fig6_original_object,GFH,deep,early,0,16,51,6.62014092651068,1.2150408578853982,3.074147343635559,0.6449408151355445,2.5,2.5
fig4_row3,ed600cc9d91448939edeeb3a6d858448,01549_fig4_fig6_original_object,GFH,deep,middle,17,32,48,6.172097414731979,1.1010699644684792,2.5877580404281617,0.6115186388293902,2.5,2.5
fig4_row3,ed600cc9d91448939edeeb3a6d858448,01549_fig4_fig6_original_object,GFH,deep,late,33,49,51,6.015508291768093,0.91186923577505,2.480857491493225,0.5056524384839862,2.5,2.5
fig4_row3,ed600cc9d91448939edeeb3a6d858448,01549_fig4_fig6_original_object,GFH,middle,early,0,16,51,2.186667295063243,0.5250179399462307,0.6655319631099701,0.50438537959959,2.5,2.5
fig4_row3,ed600cc9d91448939edeeb3a6d858448,01549_fig4_fig6_original_object,GFH,middle,middle,17,32,48,2.2166912828882537,0.7984112538397312,1.4586110532283783,0.5849280978242556,2.5,2.5
fig4_row3,ed600cc9d91448939edeeb3a6d858448,01549_fig4_fig6_original_object,GFH,middle,late,33,49,51,2.2892620890748265,0.4837487202649023,1.035040706396103,0.43445931754860223,2.5,2.5
fig4_row3,ed600cc9d91448939edeeb3a6d858448,01549_fig4_fig6_original_object,GFH,shallow,early,0,16,51,1.835692704892626,0.07430942911727756,0.2284730151295662,0.0400714670987309,2.5,0.7999999999999998
fig4_row3,ed600cc9d91448939edeeb3a6d858448,01549_fig4_fig6_original_object,GFH,shallow,middle,17,32,48,1.9091607506076496,0.08966140894335695,0.230512697994709,0.0533963236011914,2.5,0.7999999999999999
fig4_row3,ed600cc9d91448939edeeb3a6d858448,01549_fig4_fig6_original_object,GFH,shallow,late,33,49,51,1.4317400958023818,0.0743165964479832,0.2224785014986992,0.036144333299222016,2.5,0.7999999999999998
fig4_row3,ed600cc9d91448939edeeb3a6d858448,01549_fig4_fig6_original_object,C3,deep,early,0,16,51,5.288137449937708,0.7069904862665662,1.5377423167228699,0.5775709298311495,1.25,1.25
fig4_row3,ed600cc9d91448939edeeb3a6d858448,01549_fig4_fig6_original_object,C3,deep,middle,17,32,48,6.157827978332837,1.1007131468504667,2.593475377559662,0.6093600286791722,2.5,2.5
fig4_row3,ed600cc9d91448939edeeb3a6d858448,01549_fig4_fig6_original_object,C3,deep,late,33,49,51,5.272156921087527,0.4949290425169702,1.2330926060676575,0.37596122453025743,1.25,1.25
fig4_row3,ed600cc9d91448939edeeb3a6d858448,01549_fig4_fig6_original_object,C3,middle,early,0,16,51,1.8557572224560905,0.4005543168853311,0.7502462267875671,0.40003688019864697,1.25,1.25
fig4_row3,ed600cc9d91448939edeeb3a6d858448,01549_fig4_fig6_original_object,C3,middle,middle,17,32,48,2.2151178965965905,0.8054380603134632,1.4788339912891388,0.5856045496960481,2.5,2.5
fig4_row3,ed600cc9d91448939edeeb3a6d858448,01549_fig4_fig6_original_object,C3,middle,late,33,49,51,2.2132136190638825,0.24268712906860837,0.5162520706653595,0.22173674312401928,1.25,1.25
fig4_row3,ed600cc9d91448939edeeb3a6d858448,01549_fig4_fig6_original_object,C3,shallow,early,0,16,51,1.810067522759531,0.08387878686007039,0.2536809742450714,0.049346477491210454,1.25,0.7999999999999998
fig4_row3,ed600cc9d91448939edeeb3a6d858448,01549_fig4_fig6_original_object,C3,shallow,middle,17,32,48,1.9129541081686814,0.08924186643950331,0.2293326549232006,0.05298651826403026,2.5,0.7999999999999999
fig4_row3,ed600cc9d91448939edeeb3a6d858448,01549_fig4_fig6_original_object,C3,shallow,late,33,49,51,1.4089871668348126,0.07174832521773436,0.23086734861135483,0.033013947780572754,1.25,0.7999999999999998
fig4_row3,ed600cc9d91448939edeeb3a6d858448,01549_fig4_fig6_original_object,Generic Linear,deep,early,0,16,51,5.45644512830996,0.799767567246568,1.6866118907928467,0.6059930453113481,1.4540816326530617,1.4540816326530617
fig4_row3,ed600cc9d91448939edeeb3a6d858448,01549_fig4_fig6_original_object,Generic Linear,deep,middle,17,32,48,5.633951862653096,0.8789536689097682,2.0852014541625974,0.5823200127730767,1.8749999999999998,1.8749999999999998
fig4_row3,ed600cc9d91448939edeeb3a6d858448,01549_fig4_fig6_original_object,Generic Linear,deep,late,33,49,51,5.86944252836938,0.8493542399476556,2.1513818502426147,0.4946104220899881,2.2959183673469385,2.2959183673469385
fig4_row3,ed600cc9d91448939edeeb3a6d858448,01549_fig4_fig6_original_object,Generic Linear,middle,early,0,16,51,1.8980604386797137,0.42925794802460016,0.7517111599445343,0.42754269522779126,1.4540816326530617,1.4540816326530617
fig4_row3,ed600cc9d91448939edeeb3a6d858448,01549_fig4_fig6_original_object,Generic Linear,middle,middle,17,32,48,2.126524679362774,0.705218925451239,1.3348070323467254,0.532625692586104,1.8749999999999998,1.8749999999999998
fig4_row3,ed600cc9d91448939edeeb3a6d858448,01549_fig4_fig6_original_object,Generic Linear,middle,late,33,49,51,2.269900548691843,0.4482970971102808,0.9435792863368988,0.4099014410201241,2.2959183673469385,2.2959183673469385
fig4_row3,ed600cc9d91448939edeeb3a6d858448,01549_fig4_fig6_original_object,Generic Linear,shallow,early,0,16,51,1.8111950848616807,0.056192348254661934,0.17545833438634872,0.02274877126790461,0.5408163265306122,0.5408163265306122
fig4_row3,ed600cc9d91448939edeeb3a6d858448,01549_fig4_fig6_original_object,Generic Linear,shallow,middle,17,32,48,1.8785876917342346,0.07447641569888219,0.1856779381632805,0.03894405568159224,0.625,0.625
fig4_row3,ed600cc9d91448939edeeb3a6d858448,01549_fig4_fig6_original_object,Generic Linear,shallow,late,33,49,51,1.4223578478775771,0.06741437309549428,0.19632168859243393,0.030074027815477595,0.7091836734693878,0.7091836734693878
fig4_row3,ed600cc9d91448939edeeb3a6d858448,01549_fig4_fig6_original_object,LLH,deep,early,0,16,51,5.297600806928148,0.7074244863846723,1.5374582409858704,0.57742519939647,1.25,1.25
fig4_row3,ed600cc9d91448939edeeb3a6d858448,01549_fig4_fig6_original_object,LLH,deep,middle,17,32,48,5.239283263683319,0.6210482735186815,1.2980214297771453,0.49979958559075993,1.25,1.25
fig4_row3,ed600cc9d91448939edeeb3a6d858448,01549_fig4_fig6_original_object,LLH,deep,late,33,49,51,6.0366235106599095,0.9271808316310247,2.5421102046966553,0.5061515712854909,2.5,2.5
fig4_row3,ed600cc9d91448939edeeb3a6d858448,01549_fig4_fig6_original_object,LLH,middle,early,0,16,51,1.85621174994637,0.4003229632097132,0.748879611492157,0.3999093268431869,1.25,1.25
fig4_row3,ed600cc9d91448939edeeb3a6d858448,01549_fig4_fig6_original_object,LLH,middle,middle,17,32,48,2.070207193493843,0.5185206029564142,1.0056324183940888,0.43069975078105927,1.25,1.25
fig4_row3,ed600cc9d91448939edeeb3a6d858448,01549_fig4_fig6_original_object,LLH,middle,late,33,49,51,2.2851896963867486,0.5070042341363197,1.140645682811737,0.44367580495628656,2.5,2.5
fig4_row3,ed600cc9d91448939edeeb3a6d858448,01549_fig4_fig6_original_object,LLH,shallow,early,0,16,51,1.8055184612087174,0.05278528538331682,0.1588909924030304,0.01902363195497356,0.5,0.5
fig4_row3,ed600cc9d91448939edeeb3a6d858448,01549_fig4_fig6_original_object,LLH,shallow,middle,17,32,48,1.8302225780983765,0.06489521475547615,0.16016578674316406,0.027677770506973804,0.5,0.5
fig4_row3,ed600cc9d91448939edeeb3a6d858448,01549_fig4_fig6_original_object,LLH,shallow,late,33,49,51,1.4389326175053914,0.07459795833839213,0.21318482607603073,0.03662392764817923,0.75,0.75
fig6_row1,ea2fe260ba5844d8be4fe34ce48e8af6,01549_fig4_fig6_original_object,No Adapter,deep,early,0,16,51,5.0993230015623805,0.0,0.0,0.0,0.0,0.0
fig6_row1,ea2fe260ba5844d8be4fe34ce48e8af6,01549_fig4_fig6_original_object,No Adapter,deep,middle,17,32,48,5.515523324410121,0.0,0.0,0.0,0.0,0.0
fig6_row1,ea2fe260ba5844d8be4fe34ce48e8af6,01549_fig4_fig6_original_object,No Adapter,deep,late,33,49,51,5.44981302467047,0.0,0.0,0.0,0.0,0.0
fig6_row1,ea2fe260ba5844d8be4fe34ce48e8af6,01549_fig4_fig6_original_object,No Adapter,middle,early,0,16,51,1.885926129771214,0.0,0.0,0.0,0.0,0.0
fig6_row1,ea2fe260ba5844d8be4fe34ce48e8af6,01549_fig4_fig6_original_object,No Adapter,middle,middle,17,32,48,2.2033289397756257,0.0,0.0,0.0,0.0,0.0
fig6_row1,ea2fe260ba5844d8be4fe34ce48e8af6,01549_fig4_fig6_original_object,No Adapter,middle,late,33,49,51,2.3197530180800197,0.0,0.0,0.0,0.0,0.0
fig6_row1,ea2fe260ba5844d8be4fe34ce48e8af6,01549_fig4_fig6_original_object,No Adapter,shallow,early,0,16,51,1.7826622560912488,0.0,0.0,0.0,0.0,0.0
fig6_row1,ea2fe260ba5844d8be4fe34ce48e8af6,01549_fig4_fig6_original_object,No Adapter,shallow,middle,17,32,48,1.7982043474912643,0.0,0.0,0.0,0.0,0.0
fig6_row1,ea2fe260ba5844d8be4fe34ce48e8af6,01549_fig4_fig6_original_object,No Adapter,shallow,late,33,49,51,1.4076761334550147,0.0,0.0,0.0,0.0,0.0
fig6_row1,ea2fe260ba5844d8be4fe34ce48e8af6,01549_fig4_fig6_original_object,GFL,deep,early,0,16,51,5.292207231708601,0.6932938169030582,1.4697515368461609,0.5766273561645957,1.25,1.25
fig6_row1,ea2fe260ba5844d8be4fe34ce48e8af6,01549_fig4_fig6_original_object,GFL,deep,middle,17,32,48,5.147435148557027,0.6191427375500401,1.296823400259018,0.5020551324511567,1.25,1.25
fig6_row1,ea2fe260ba5844d8be4fe34ce48e8af6,01549_fig4_fig6_original_object,GFL,deep,late,33,49,51,5.074014013888789,0.502204861126694,1.241837203502655,0.3833862909791516,1.25,1.25
fig6_row1,ea2fe260ba5844d8be4fe34ce48e8af6,01549_fig4_fig6_original_object,GFL,middle,early,0,16,51,1.8448436447218353,0.3866492322846955,0.7491343915462494,0.36477559454300823,1.25,1.25
fig6_row1,ea2fe260ba5844d8be4fe34ce48e8af6,01549_fig4_fig6_original_object,GFL,middle,middle,17,32,48,2.038088542719682,0.4900110966215531,0.9358752697706223,0.3899714540069302,1.25,1.25
fig6_row1,ea2fe260ba5844d8be4fe34ce48e8af6,01549_fig4_fig6_original_object,GFL,middle,late,33,49,51,2.135956287384033,0.2569110748522422,0.5833301842212677,0.22215595291744844,1.25,1.25
fig6_row1,ea2fe260ba5844d8be4fe34ce48e8af6,01549_fig4_fig6_original_object,GFL,shallow,early,0,16,51,1.8058340491033067,0.08974374299321104,0.26524361968040466,0.05363749839849405,1.25,0.7999999999999998
fig6_row1,ea2fe260ba5844d8be4fe34ce48e8af6,01549_fig4_fig6_original_object,GFL,shallow,middle,17,32,48,1.828271009027958,0.10856120102107525,0.2676298901438713,0.06842897540870278,1.25,0.7999999999999999
fig6_row1,ea2fe260ba5844d8be4fe34ce48e8af6,01549_fig4_fig6_original_object,GFL,shallow,late,33,49,51,1.4153035037657793,0.08175724542097133,0.2552661597728729,0.040275575725507794,1.25,0.7999999999999998
fig6_row1,ea2fe260ba5844d8be4fe34ce48e8af6,01549_fig4_fig6_original_object,GFH,deep,early,0,16,51,6.592666373533361,1.1923757879173054,2.9388805627822876,0.6505722087972304,2.5,2.5
fig6_row1,ea2fe260ba5844d8be4fe34ce48e8af6,01549_fig4_fig6_original_object,GFH,deep,middle,17,32,48,6.075747629006703,1.109466351258258,2.576477289199829,0.6288016308099031,2.5,2.5
fig6_row1,ea2fe260ba5844d8be4fe34ce48e8af6,01549_fig4_fig6_original_object,GFH,deep,late,33,49,51,5.8118246209387685,0.9386597342935263,2.5208866596221924,0.518970353346245,2.5,2.5
fig6_row1,ea2fe260ba5844d8be4fe34ce48e8af6,01549_fig4_fig6_original_object,GFH,middle,early,0,16,51,2.1648705613379384,0.5096551518814236,0.7029963433742523,0.47004955539516374,2.5,2.5
fig6_row1,ea2fe260ba5844d8be4fe34ce48e8af6,01549_fig4_fig6_original_object,GFH,middle,middle,17,32,48,2.197934329509735,0.78124196951588,1.4464998066425323,0.5447611560424169,2.5,2.5
fig6_row1,ea2fe260ba5844d8be4fe34ce48e8af6,01549_fig4_fig6_original_object,GFH,middle,late,33,49,51,2.224768079963385,0.5099599206564474,1.148971676826477,0.4253481205771951,2.5,2.5
fig6_row1,ea2fe260ba5844d8be4fe34ce48e8af6,01549_fig4_fig6_original_object,GFH,shallow,early,0,16,51,1.830272031765358,0.08048576573092564,0.24264932423830032,0.044899138756947794,2.5,0.7999999999999998
fig6_row1,ea2fe260ba5844d8be4fe34ce48e8af6,01549_fig4_fig6_original_object,GFH,shallow,middle,17,32,48,1.8996126192311447,0.09541354489435132,0.24156056120991706,0.05683438285632292,2.5,0.7999999999999999
fig6_row1,ea2fe260ba5844d8be4fe34ce48e8af6,01549_fig4_fig6_original_object,GFH,shallow,late,33,49,51,1.4359439716619604,0.08518364828299074,0.24210888892412186,0.044640317384619266,2.5,0.7999999999999998
fig6_row1,ea2fe260ba5844d8be4fe34ce48e8af6,01549_fig4_fig6_original_object,C3,deep,early,0,16,51,5.292207231708601,0.6932938169030582,1.4697515368461609,0.5766273561645957,1.25,1.25
fig6_row1,ea2fe260ba5844d8be4fe34ce48e8af6,01549_fig4_fig6_original_object,C3,deep,middle,17,32,48,6.048083275556564,1.1111103765045602,2.5895512342453,0.6266939304769039,2.5,2.5
fig6_row1,ea2fe260ba5844d8be4fe34ce48e8af6,01549_fig4_fig6_original_object,C3,deep,late,33,49,51,5.079016975328034,0.506684428044394,1.253315508365631,0.38727570471226,1.25,1.25
fig6_row1,ea2fe260ba5844d8be4fe34ce48e8af6,01549_fig4_fig6_original_object,C3,middle,early,0,16,51,1.8448436447218353,0.3866492322846955,0.7491343915462494,0.36477559454300823,1.25,1.25
fig6_row1,ea2fe260ba5844d8be4fe34ce48e8af6,01549_fig4_fig6_original_object,C3,middle,middle,17,32,48,2.1939955155054727,0.7885731241355339,1.4736908733844758,0.5455606523901224,2.5,2.5
fig6_row1,ea2fe260ba5844d8be4fe34ce48e8af6,01549_fig4_fig6_original_object,C3,middle,late,33,49,51,2.1372197375578037,0.26045623436277987,0.59026238322258,0.2262875340038947,1.25,1.25
fig6_row1,ea2fe260ba5844d8be4fe34ce48e8af6,01549_fig4_fig6_original_object,C3,shallow,early,0,16,51,1.8058340491033067,0.08974374299321104,0.26524361968040466,0.05363749839849405,1.25,0.7999999999999998
fig6_row1,ea2fe260ba5844d8be4fe34ce48e8af6,01549_fig4_fig6_original_object,C3,shallow,middle,17,32,48,1.9035373888909817,0.0950201528321486,0.2398798406124115,0.05649091177110677,2.5,0.7999999999999999
fig6_row1,ea2fe260ba5844d8be4fe34ce48e8af6,01549_fig4_fig6_original_object,C3,shallow,late,33,49,51,1.4105172472841598,0.08197696905071829,0.25490425527095795,0.0405327610890655,1.25,0.7999999999999998
fig6_row1,ea2fe260ba5844d8be4fe34ce48e8af6,01549_fig4_fig6_original_object,Generic Linear,deep,early,0,16,51,5.464743684319889,0.7847518424193064,1.668738305568695,0.6052641734188678,1.4540816326530617,1.4540816326530617
fig6_row1,ea2fe260ba5844d8be4fe34ce48e8af6,01549_fig4_fig6_original_object,Generic Linear,deep,middle,17,32,48,5.55026488006115,0.8847095562765995,2.073108673095703,0.5954740609352788,1.8749999999999998,1.8749999999999998
fig6_row1,ea2fe260ba5844d8be4fe34ce48e8af6,01549_fig4_fig6_original_object,Generic Linear,deep,late,33,49,51,5.657311102923225,0.8762718091408411,2.174725890159607,0.5096074798527885,2.2959183673469385,2.2959183673469385
fig6_row1,ea2fe260ba5844d8be4fe34ce48e8af6,01549_fig4_fig6_original_object,Generic Linear,middle,early,0,16,51,1.8886816361371208,0.41725385247492325,0.7787998914718628,0.3922275900840759,1.4540816326530617,1.4540816326530617
fig6_row1,ea2fe260ba5844d8be4fe34ce48e8af6,01549_fig4_fig6_original_object,Generic Linear,middle,middle,17,32,48,2.1011712898810706,0.6829398789753517,1.2949912965297699,0.49223058857023716,1.8749999999999998,1.8749999999999998
fig6_row1,ea2fe260ba5844d8be4fe34ce48e8af6,01549_fig4_fig6_original_object,Generic Linear,middle,late,33,49,51,2.201883023860408,0.47982175093071133,1.0627647638320923,0.4066347850888383,2.2959183673469385,2.2959183673469385
fig6_row1,ea2fe260ba5844d8be4fe34ce48e8af6,01549_fig4_fig6_original_object,Generic Linear,shallow,early,0,16,51,1.8068349992527681,0.06047303897018234,0.18542850762605667,0.02599991108267133,0.5408163265306122,0.5408163265306122
fig6_row1,ea2fe260ba5844d8be4fe34ce48e8af6,01549_fig4_fig6_original_object,Generic Linear,shallow,middle,17,32,48,1.8678521178662777,0.07940629977383651,0.19868701845407485,0.042675666432235936,0.625,0.625
fig6_row1,ea2fe260ba5844d8be4fe34ce48e8af6,01549_fig4_fig6_original_object,Generic Linear,shallow,late,33,49,51,1.427575387206732,0.07824343258478478,0.21535372734069824,0.03860244508969652,0.7091836734693878,0.7091836734693878
fig6_row1,ea2fe260ba5844d8be4fe34ce48e8af6,01549_fig4_fig6_original_object,LLH,deep,early,0,16,51,5.303109145631977,0.6935320321251365,1.4696437120437622,0.5764867330298704,1.25,1.25
fig6_row1,ea2fe260ba5844d8be4fe34ce48e8af6,01549_fig4_fig6_original_object,LLH,deep,middle,17,32,48,5.148493354519208,0.6217804259310166,1.2937630355358123,0.5068364725448191,1.25,1.25
fig6_row1,ea2fe260ba5844d8be4fe34ce48e8af6,01549_fig4_fig6_original_object,LLH,deep,late,33,49,51,5.809071952221441,0.9472712947457445,2.5453792810440063,0.5193346481697232,2.5,2.5
fig6_row1,ea2fe260ba5844d8be4fe34ce48e8af6,01549_fig4_fig6_original_object,LLH,middle,early,0,16,51,1.8454996955161,0.38675149807743,0.7500600814819336,0.36478371129316445,1.25,1.25
fig6_row1,ea2fe260ba5844d8be4fe34ce48e8af6,01549_fig4_fig6_original_object,LLH,middle,middle,17,32,48,2.0345629043877125,0.4936332618817687,0.9453272640705108,0.39244950593759614,1.25,1.25
fig6_row1,ea2fe260ba5844d8be4fe34ce48e8af6,01549_fig4_fig6_original_object,LLH,middle,late,33,49,51,2.2204326905456244,0.5275357871078977,1.2223622798919678,0.43128616611162823,2.5,2.5
fig6_row1,ea2fe260ba5844d8be4fe34ce48e8af6,01549_fig4_fig6_original_object,LLH,shallow,early,0,16,51,1.800740287584417,0.05656801631637648,0.1664080172777176,0.02187975813169086,0.5,0.5
fig6_row1,ea2fe260ba5844d8be4fe34ce48e8af6,01549_fig4_fig6_original_object,LLH,shallow,middle,17,32,48,1.8224905456105869,0.06848611893171135,0.16787592619657515,0.03065478176358738,0.5,0.5
fig6_row1,ea2fe260ba5844d8be4fe34ce48e8af6,01549_fig4_fig6_original_object,LLH,shallow,late,33,49,51,1.4413310955552494,0.08270241641530804,0.22875184565782547,0.04241664344262259,0.75,0.75
fig6_row2,eda4277e-9984-5ff7-9891-ad816c3f09fc,01549_fig4_fig6_original_object,No Adapter,deep,early,0,16,51,5.044775308347216,0.0,0.0,0.0,0.0,0.0
fig6_row2,eda4277e-9984-5ff7-9891-ad816c3f09fc,01549_fig4_fig6_original_object,No Adapter,deep,middle,17,32,48,5.51615446805954,0.0,0.0,0.0,0.0,0.0
fig6_row2,eda4277e-9984-5ff7-9891-ad816c3f09fc,01549_fig4_fig6_original_object,No Adapter,deep,late,33,49,51,5.619517144034891,0.0,0.0,0.0,0.0,0.0
fig6_row2,eda4277e-9984-5ff7-9891-ad816c3f09fc,01549_fig4_fig6_original_object,No Adapter,middle,early,0,16,51,1.9000274223439835,0.0,0.0,0.0,0.0,0.0
fig6_row2,eda4277e-9984-5ff7-9891-ad816c3f09fc,01549_fig4_fig6_original_object,No Adapter,middle,middle,17,32,48,2.3143114174405732,0.0,0.0,0.0,0.0,0.0
fig6_row2,eda4277e-9984-5ff7-9891-ad816c3f09fc,01549_fig4_fig6_original_object,No Adapter,middle,late,33,49,51,2.4561343450172273,0.0,0.0,0.0,0.0,0.0
fig6_row2,eda4277e-9984-5ff7-9891-ad816c3f09fc,01549_fig4_fig6_original_object,No Adapter,shallow,early,0,16,51,1.7862706044140984,0.0,0.0,0.0,0.0,0.0
fig6_row2,eda4277e-9984-5ff7-9891-ad816c3f09fc,01549_fig4_fig6_original_object,No Adapter,shallow,middle,17,32,48,1.8077311577896278,0.0,0.0,0.0,0.0,0.0
fig6_row2,eda4277e-9984-5ff7-9891-ad816c3f09fc,01549_fig4_fig6_original_object,No Adapter,shallow,late,33,49,51,1.4126373856675392,0.0,0.0,0.0,0.0,0.0
fig6_row2,eda4277e-9984-5ff7-9891-ad816c3f09fc,01549_fig4_fig6_original_object,GFL,deep,early,0,16,51,5.4360162230098945,0.7192637622356415,1.5278446078300476,0.5807867213791492,1.25,1.25
fig6_row2,eda4277e-9984-5ff7-9891-ad816c3f09fc,01549_fig4_fig6_original_object,GFL,deep,middle,17,32,48,5.3079434384902315,0.6313556581735611,1.3064011335372925,0.5167474397458136,1.25,1.25
fig6_row2,eda4277e-9984-5ff7-9891-ad816c3f09fc,01549_fig4_fig6_original_object,GFL,deep,late,33,49,51,5.313632534999473,0.5200620249790304,1.271719753742218,0.38677074877070444,1.25,1.25
fig6_row2,eda4277e-9984-5ff7-9891-ad816c3f09fc,01549_fig4_fig6_original_object,GFL,middle,early,0,16,51,1.8859173842504913,0.3923467713243821,0.7001708447933197,0.3969154702682121,1.25,1.25
fig6_row2,eda4277e-9984-5ff7-9891-ad816c3f09fc,01549_fig4_fig6_original_object,GFL,middle,middle,17,32,48,2.0805824548006058,0.5153027862931291,0.9800066143274307,0.43425515356163186,1.25,1.25
fig6_row2,eda4277e-9984-5ff7-9891-ad816c3f09fc,01549_fig4_fig6_original_object,GFL,middle,late,33,49,51,2.231281147283666,0.24858564518245996,0.5570465326309204,0.22633051910601995,1.25,1.25
fig6_row2,eda4277e-9984-5ff7-9891-ad816c3f09fc,01549_fig4_fig6_original_object,GFL,shallow,early,0,16,51,1.8177440154786204,0.08222947891472894,0.2497301995754242,0.048069297400526886,1.25,0.7999999999999998
fig6_row2,eda4277e-9984-5ff7-9891-ad816c3f09fc,01549_fig4_fig6_original_object,GFL,shallow,middle,17,32,48,1.8412787119547527,0.10250315122539178,0.25734253227710724,0.06563818529684795,1.25,0.7999999999999999
fig6_row2,eda4277e-9984-5ff7-9891-ad816c3f09fc,01549_fig4_fig6_original_object,GFL,shallow,late,33,49,51,1.4131757663745506,0.06920237976181157,0.23186782747507095,0.030957741116164436,1.25,0.7999999999999998
fig6_row2,eda4277e-9984-5ff7-9891-ad816c3f09fc,01549_fig4_fig6_original_object,GFH,deep,early,0,16,51,6.815444067412732,1.2271778606900983,3.0547040700912476,0.6403560030694101,2.5,2.5
fig6_row2,eda4277e-9984-5ff7-9891-ad816c3f09fc,01549_fig4_fig6_original_object,GFH,deep,middle,17,32,48,6.258124778668086,1.1158480616286397,2.610953450202942,0.6300289904077848,2.5,2.5
fig6_row2,eda4277e-9984-5ff7-9891-ad816c3f09fc,01549_fig4_fig6_original_object,GFH,deep,late,33,49,51,6.09940907534431,0.9631910850020016,2.5527313947677612,0.5130043468054604,2.5,2.5
fig6_row2,eda4277e-9984-5ff7-9891-ad816c3f09fc,01549_fig4_fig6_original_object,GFH,middle,early,0,16,51,2.1913102234111115,0.5306791207369637,0.6785616874694824,0.508242045547448,2.5,2.5
fig6_row2,eda4277e-9984-5ff7-9891-ad816c3f09fc,01549_fig4_fig6_original_object,GFH,middle,middle,17,32,48,2.236527363459269,0.7940814960747957,1.4337845742702484,0.5850185907135407,2.5,2.5
fig6_row2,eda4277e-9984-5ff7-9891-ad816c3f09fc,01549_fig4_fig6_original_object,GFH,middle,late,33,49,51,2.296555198875128,0.5006475156428767,1.110938549041748,0.443148169447394,2.5,2.5
fig6_row2,eda4277e-9984-5ff7-9891-ad816c3f09fc,01549_fig4_fig6_original_object,GFH,shallow,early,0,16,51,1.8374177953776192,0.07688518322310318,0.23635949194431305,0.04264350112826636,2.5,0.7999999999999998
fig6_row2,eda4277e-9984-5ff7-9891-ad816c3f09fc,01549_fig4_fig6_original_object,GFH,shallow,middle,17,32,48,1.9093148099879425,0.09138993558978352,0.23736980631947516,0.05504447478597285,2.5,0.7999999999999999
fig6_row2,eda4277e-9984-5ff7-9891-ad816c3f09fc,01549_fig4_fig6_original_object,GFH,shallow,late,33,49,51,1.4379897514979045,0.07526067350351927,0.22701594233512878,0.03707018314162269,2.5,0.7999999999999998
fig6_row2,eda4277e-9984-5ff7-9891-ad816c3f09fc,01549_fig4_fig6_original_object,C3,deep,early,0,16,51,5.4360162230098945,0.7192637622356415,1.5278446078300476,0.5807867213791492,1.25,1.25
fig6_row2,eda4277e-9984-5ff7-9891-ad816c3f09fc,01549_fig4_fig6_original_object,C3,deep,middle,17,32,48,6.253326306740443,1.1158131174743176,2.612393522262573,0.6302577455838522,2.5,2.5
fig6_row2,eda4277e-9984-5ff7-9891-ad816c3f09fc,01549_fig4_fig6_original_object,C3,deep,late,33,49,51,5.323606706133075,0.5239584895910001,1.2751601934432983,0.38906874317748874,1.25,1.25
fig6_row2,eda4277e-9984-5ff7-9891-ad816c3f09fc,01549_fig4_fig6_original_object,C3,middle,early,0,16,51,1.8859173842504913,0.3923467713243821,0.7001708447933197,0.3969154702682121,1.25,1.25
fig6_row2,eda4277e-9984-5ff7-9891-ad816c3f09fc,01549_fig4_fig6_original_object,C3,middle,middle,17,32,48,2.2335387940208116,0.7953205524633328,1.4465277552604674,0.585235562796394,2.5,2.5
fig6_row2,eda4277e-9984-5ff7-9891-ad816c3f09fc,01549_fig4_fig6_original_object,C3,middle,late,33,49,51,2.240233021623948,0.25053664428346295,0.5608920454978943,0.22874326186765934,1.25,1.25
fig6_row2,eda4277e-9984-5ff7-9891-ad816c3f09fc,01549_fig4_fig6_original_object,C3,shallow,early,0,16,51,1.8177440154786204,0.08222947891472894,0.2497301995754242,0.048069297400526886,1.25,0.7999999999999998
fig6_row2,eda4277e-9984-5ff7-9891-ad816c3f09fc,01549_fig4_fig6_original_object,C3,shallow,middle,17,32,48,1.9102786406874657,0.09148638988456999,0.23779809698462487,0.05507545682727747,2.5,0.7999999999999999
fig6_row2,eda4277e-9984-5ff7-9891-ad816c3f09fc,01549_fig4_fig6_original_object,C3,shallow,late,33,49,51,1.4109034561643414,0.06999786910327042,0.2351844757795334,0.031610617562489327,1.25,0.7999999999999998
fig6_row2,eda4277e-9984-5ff7-9891-ad816c3f09fc,01549_fig4_fig6_original_object,Generic Linear,deep,early,0,16,51,5.62250812848409,0.8114672472663954,1.779124140739441,0.6053784664939431,1.4540816326530617,1.4540816326530617
fig6_row2,eda4277e-9984-5ff7-9891-ad816c3f09fc,01549_fig4_fig6_original_object,Generic Linear,deep,middle,17,32,48,5.725416948397954,0.8948161539932092,2.047696077823639,0.605502013117075,1.8749999999999998,1.8749999999999998
fig6_row2,eda4277e-9984-5ff7-9891-ad816c3f09fc,01549_fig4_fig6_original_object,Generic Linear,deep,late,33,49,51,5.946588249767528,0.898751561256016,2.25276255607605,0.5040120295449799,2.2959183673469385,2.2959183673469385
fig6_row2,eda4277e-9984-5ff7-9891-ad816c3f09fc,01549_fig4_fig6_original_object,Generic Linear,middle,early,0,16,51,1.9289589197027917,0.4231602870950512,0.7170369327068329,0.4257279757191153,1.4540816326530617,1.4540816326530617
fig6_row2,eda4277e-9984-5ff7-9891-ad816c3f09fc,01549_fig4_fig6_original_object,Generic Linear,middle,middle,17,32,48,2.144003669420878,0.6938538681715727,1.3058120012283325,0.5328554840137562,1.8749999999999998,1.8749999999999998
fig6_row2,eda4277e-9984-5ff7-9891-ad816c3f09fc,01549_fig4_fig6_original_object,Generic Linear,middle,late,33,49,51,2.272580357158885,0.46580932946766124,1.0305394232273102,0.41959115044743406,2.2959183673469385,2.2959183673469385
fig6_row2,eda4277e-9984-5ff7-9891-ad816c3f09fc,01549_fig4_fig6_original_object,Generic Linear,shallow,early,0,16,51,1.8179818426861483,0.05572369471922809,0.17554201930761337,0.022374641850043262,0.5408163265306122,0.5408163265306122
fig6_row2,eda4277e-9984-5ff7-9891-ad816c3f09fc,01549_fig4_fig6_original_object,Generic Linear,shallow,middle,17,32,48,1.8787082508206367,0.0753155406176423,0.1888334721326828,0.039970008037319836,0.625,0.625
fig6_row2,eda4277e-9984-5ff7-9891-ad816c3f09fc,01549_fig4_fig6_original_object,Generic Linear,shallow,late,33,49,51,1.429153487962835,0.06683198331544797,0.19986795634031296,0.02986947012387271,0.7091836734693878,0.7091836734693878
fig6_row2,eda4277e-9984-5ff7-9891-ad816c3f09fc,01549_fig4_fig6_original_object,LLH,deep,early,0,16,51,5.4487542825586655,0.7193762385377697,1.5277564525604248,0.5801970742496789,1.25,1.25
fig6_row2,eda4277e-9984-5ff7-9891-ad816c3f09fc,01549_fig4_fig6_original_object,LLH,deep,middle,17,32,48,5.296882703900337,0.6347797590618333,1.3052955985069274,0.5216486868448555,1.25,1.25
fig6_row2,eda4277e-9984-5ff7-9891-ad816c3f09fc,01549_fig4_fig6_original_object,LLH,deep,late,33,49,51,6.100834865196078,0.9744755634490181,2.561343550682068,0.5152306550858068,2.5,2.5
fig6_row2,eda4277e-9984-5ff7-9891-ad816c3f09fc,01549_fig4_fig6_original_object,LLH,middle,early,0,16,51,1.8867160981776667,0.3920743570608251,0.6989914774894714,0.3967519531063005,1.25,1.25
fig6_row2,eda4277e-9984-5ff7-9891-ad816c3f09fc,01549_fig4_fig6_original_object,LLH,middle,middle,17,32,48,2.0683716212709746,0.5191189938535293,0.9817998707294464,0.4373647505417466,1.25,1.25
fig6_row2,eda4277e-9984-5ff7-9891-ad816c3f09fc,01549_fig4_fig6_original_object,LLH,middle,late,33,49,51,2.283887835109935,0.5195305315302867,1.1972767114639282,0.4496435680810143,2.5,2.5
fig6_row2,eda4277e-9984-5ff7-9891-ad816c3f09fc,01549_fig4_fig6_original_object,LLH,shallow,early,0,16,51,1.8130723869099337,0.05171656351098243,0.15641719102859497,0.0182959472753835,0.5,0.5
fig6_row2,eda4277e-9984-5ff7-9891-ad816c3f09fc,01549_fig4_fig6_original_object,LLH,shallow,middle,17,32,48,1.8357480602959793,0.06464178157815088,0.16112265810370446,0.027896649345166225,0.5,0.5
fig6_row2,eda4277e-9984-5ff7-9891-ad816c3f09fc,01549_fig4_fig6_original_object,LLH,shallow,late,33,49,51,1.4439186629127054,0.07244882290708084,0.21544193476438522,0.034795316563366784,0.75,0.75
fig6_row3,eb6010a0aeb04a03abd728db04a45f01,01549_fig4_fig6_original_object,No Adapter,deep,early,0,16,51,5.176483598409915,0.0,0.0,0.0,0.0,0.0
fig6_row3,eb6010a0aeb04a03abd728db04a45f01,01549_fig4_fig6_original_object,No Adapter,deep,middle,17,32,48,5.703471566239993,0.0,0.0,0.0,0.0,0.0
fig6_row3,eb6010a0aeb04a03abd728db04a45f01,01549_fig4_fig6_original_object,No Adapter,deep,late,33,49,51,5.741993740493176,0.0,0.0,0.0,0.0,0.0
fig6_row3,eb6010a0aeb04a03abd728db04a45f01,01549_fig4_fig6_original_object,No Adapter,middle,early,0,16,51,1.9148306718059616,0.0,0.0,0.0,0.0,0.0
fig6_row3,eb6010a0aeb04a03abd728db04a45f01,01549_fig4_fig6_original_object,No Adapter,middle,middle,17,32,48,2.317209765315056,0.0,0.0,0.0,0.0,0.0
fig6_row3,eb6010a0aeb04a03abd728db04a45f01,01549_fig4_fig6_original_object,No Adapter,middle,late,33,49,51,2.4220067660013833,0.0,0.0,0.0,0.0,0.0
fig6_row3,eb6010a0aeb04a03abd728db04a45f01,01549_fig4_fig6_original_object,No Adapter,shallow,early,0,16,51,1.7850902244156481,0.0,0.0,0.0,0.0,0.0
fig6_row3,eb6010a0aeb04a03abd728db04a45f01,01549_fig4_fig6_original_object,No Adapter,shallow,middle,17,32,48,1.8057954149941604,0.0,0.0,0.0,0.0,0.0
fig6_row3,eb6010a0aeb04a03abd728db04a45f01,01549_fig4_fig6_original_object,No Adapter,shallow,late,33,49,51,1.41412928758883,0.0,0.0,0.0,0.0,0.0
fig6_row3,eb6010a0aeb04a03abd728db04a45f01,01549_fig4_fig6_original_object,GFL,deep,early,0,16,51,5.419229245653339,0.724056321031907,1.5562625527381897,0.5798259190484589,1.25,1.25
fig6_row3,eb6010a0aeb04a03abd728db04a45f01,01549_fig4_fig6_original_object,GFL,deep,middle,17,32,48,5.330997362732887,0.627481458398203,1.3094470143318175,0.508468399134775,1.25,1.25
fig6_row3,eb6010a0aeb04a03abd728db04a45f01,01549_fig4_fig6_original_object,GFL,deep,late,33,49,51,5.28002623015759,0.519218393108424,1.2925421595573425,0.3849857696423344,1.25,1.25
fig6_row3,eb6010a0aeb04a03abd728db04a45f01,01549_fig4_fig6_original_object,GFL,middle,early,0,16,51,1.869062811720605,0.4268764888539034,0.8195390999317169,0.4428870917535296,1.25,1.25
fig6_row3,eb6010a0aeb04a03abd728db04a45f01,01549_fig4_fig6_original_object,GFL,middle,middle,17,32,48,2.064003899693489,0.5593746034428477,1.080607497692108,0.4814878295486172,1.25,1.25
fig6_row3,eb6010a0aeb04a03abd728db04a45f01,01549_fig4_fig6_original_object,GFL,middle,late,33,49,51,2.1907708294251385,0.27212316645126716,0.6042476892471313,0.2636003812281963,1.25,1.25
fig6_row3,eb6010a0aeb04a03abd728db04a45f01,01549_fig4_fig6_original_object,GFL,shallow,early,0,16,51,1.8145176020323062,0.08682632556769486,0.2656753212213516,0.05527914528519271,1.25,0.7999999999999998
fig6_row3,eb6010a0aeb04a03abd728db04a45f01,01549_fig4_fig6_original_object,GFL,shallow,middle,17,32,48,1.8468971339364846,0.10315253026783466,0.26340682804584503,0.06960465517477132,1.25,0.7999999999999999
fig6_row3,eb6010a0aeb04a03abd728db04a45f01,01549_fig4_fig6_original_object,GFL,shallow,late,33,49,51,1.4183662814252518,0.07946180824336468,0.25429631769657135,0.043191061893879786,1.25,0.7999999999999998
fig6_row3,eb6010a0aeb04a03abd728db04a45f01,01549_fig4_fig6_original_object,GFH,deep,early,0,16,51,6.882640558130601,1.2444558868221207,3.1098885536193848,0.6416569264496074,2.5,2.5
fig6_row3,eb6010a0aeb04a03abd728db04a45f01,01549_fig4_fig6_original_object,GFH,deep,middle,17,32,48,6.309173246224721,1.112905265763402,2.6139389514923095,0.6233711155752341,2.5,2.5
fig6_row3,eb6010a0aeb04a03abd728db04a45f01,01549_fig4_fig6_original_object,GFH,deep,late,33,49,51,6.1071643782596965,0.9601713454022127,2.6057876348495483,0.5075870962703929,2.5,2.5
fig6_row3,eb6010a0aeb04a03abd728db04a45f01,01549_fig4_fig6_original_object,GFH,middle,early,0,16,51,2.238117963659997,0.5377134552188948,0.6759532392024994,0.5395469601247825,2.5,2.5
fig6_row3,eb6010a0aeb04a03abd728db04a45f01,01549_fig4_fig6_original_object,GFH,middle,middle,17,32,48,2.237055443227291,0.824813944598039,1.4877435922622682,0.6312816565235456,2.5,2.5
fig6_row3,eb6010a0aeb04a03abd728db04a45f01,01549_fig4_fig6_original_object,GFH,middle,late,33,49,51,2.266105705616521,0.5382633705933889,1.1840834021568298,0.49000166882486906,2.5,2.5
fig6_row3,eb6010a0aeb04a03abd728db04a45f01,01549_fig4_fig6_original_object,GFH,shallow,early,0,16,51,1.8390513448154224,0.07638145479209282,0.24302810430526733,0.04450509320197264,2.5,0.7999999999999998
fig6_row3,eb6010a0aeb04a03abd728db04a45f01,01549_fig4_fig6_original_object,GFH,shallow,middle,17,32,48,1.9222270374496777,0.08970900457158375,0.2389202706515789,0.05682738888936001,2.5,0.7999999999999999
fig6_row3,eb6010a0aeb04a03abd728db04a45f01,01549_fig4_fig6_original_object,GFH,shallow,late,33,49,51,1.444832417310453,0.08144217638262347,0.23885272443294525,0.046130942297168076,2.5,0.7999999999999998
fig6_row3,eb6010a0aeb04a03abd728db04a45f01,01549_fig4_fig6_original_object,C3,deep,early,0,16,51,5.419229245653339,0.724056321031907,1.5562625527381897,0.5798259190484589,1.25,1.25
fig6_row3,eb6010a0aeb04a03abd728db04a45f01,01549_fig4_fig6_original_object,C3,deep,middle,17,32,48,6.28377724190553,1.1126327483604352,2.6199246764183046,0.6212134783466657,2.5,2.5
fig6_row3,eb6010a0aeb04a03abd728db04a45f01,01549_fig4_fig6_original_object,C3,deep,late,33,49,51,5.275466428083532,0.5192828073221094,1.3000434637069702,0.3868078510550892,1.25,1.25
fig6_row3,eb6010a0aeb04a03abd728db04a45f01,01549_fig4_fig6_original_object,C3,middle,early,0,16,51,1.869062811720605,0.4268764888539034,0.8195390999317169,0.4428870917535296,1.25,1.25
fig6_row3,eb6010a0aeb04a03abd728db04a45f01,01549_fig4_fig6_original_object,C3,middle,middle,17,32,48,2.2326722517609596,0.8344306548436483,1.5194192826747894,0.6326382036010424,2.5,2.5
fig6_row3,eb6010a0aeb04a03abd728db04a45f01,01549_fig4_fig6_original_object,C3,middle,late,33,49,51,2.1899828373217116,0.2730145924815945,0.6081125140190125,0.2645982261929734,1.25,1.25
fig6_row3,eb6010a0aeb04a03abd728db04a45f01,01549_fig4_fig6_original_object,C3,shallow,early,0,16,51,1.8145176020323062,0.08682632556769486,0.2656753212213516,0.05527914528519271,1.25,0.7999999999999998
fig6_row3,eb6010a0aeb04a03abd728db04a45f01,01549_fig4_fig6_original_object,C3,shallow,middle,17,32,48,1.9287947627405326,0.08901355481551339,0.2360863022506237,0.05607236561748626,2.5,0.7999999999999999
fig6_row3,eb6010a0aeb04a03abd728db04a45f01,01549_fig4_fig6_original_object,C3,shallow,late,33,49,51,1.414958190684225,0.07895020338907546,0.2558748424053192,0.04270036715566747,1.25,0.7999999999999998
fig6_row3,eb6010a0aeb04a03abd728db04a45f01,01549_fig4_fig6_original_object,Generic Linear,deep,early,0,16,51,5.6154689227833465,0.8184680640697479,1.786461591720581,0.6053623083759757,1.4540816326530617,1.4540816326530617
fig6_row3,eb6010a0aeb04a03abd728db04a45f01,01549_fig4_fig6_original_object,Generic Linear,deep,middle,17,32,48,5.746459508935611,0.8904537052537004,2.0658486127853393,0.5948483676960071,1.8749999999999998,1.8749999999999998
fig6_row3,eb6010a0aeb04a03abd728db04a45f01,01549_fig4_fig6_original_object,Generic Linear,deep,late,33,49,51,5.937465592926624,0.8924955331227359,2.2583566904067993,0.49876125273751276,2.2959183673469385,2.2959183673469385
fig6_row3,eb6010a0aeb04a03abd728db04a45f01,01549_fig4_fig6_original_object,Generic Linear,middle,early,0,16,51,1.9195602325832142,0.45281241454330146,0.8077741861343384,0.46948450102525596,1.4540816326530617,1.4540816326530617
fig6_row3,eb6010a0aeb04a03abd728db04a45f01,01549_fig4_fig6_original_object,Generic Linear,middle,middle,17,32,48,2.1351344933112464,0.7463109716773033,1.395373374223709,0.5837897509336472,1.8749999999999998,1.8749999999999998
fig6_row3,eb6010a0aeb04a03abd728db04a45f01,01549_fig4_fig6_original_object,Generic Linear,middle,late,33,49,51,2.248168297842437,0.5032291237045737,1.09373140335083,0.46829750695649314,2.2959183673469385,2.2959183673469385
fig6_row3,eb6010a0aeb04a03abd728db04a45f01,01549_fig4_fig6_original_object,Generic Linear,shallow,early,0,16,51,1.8153595398454105,0.058014342360490675,0.18396369367837906,0.02615599918445968,0.5408163265306122,0.5408163265306122
fig6_row3,eb6010a0aeb04a03abd728db04a45f01,01549_fig4_fig6_original_object,Generic Linear,shallow,middle,17,32,48,1.8951852085689704,0.07392246128680806,0.18897602930665017,0.04119400653022846,0.625,0.625
fig6_row3,eb6010a0aeb04a03abd728db04a45f01,01549_fig4_fig6_original_object,Generic Linear,shallow,late,33,49,51,1.4364193081855774,0.07468096826079429,0.21349374949932098,0.039679246185365696,0.7091836734693878,0.7091836734693878
fig6_row3,eb6010a0aeb04a03abd728db04a45f01,01549_fig4_fig6_original_object,LLH,deep,early,0,16,51,5.430702027152567,0.7246565076650358,1.5556378364562988,0.5795528538086835,1.25,1.25
fig6_row3,eb6010a0aeb04a03abd728db04a45f01,01549_fig4_fig6_original_object,LLH,deep,middle,17,32,48,5.311579535404841,0.6316405885542432,1.3126966416835786,0.5128151640916864,1.25,1.25
fig6_row3,eb6010a0aeb04a03abd728db04a45f01,01549_fig4_fig6_original_object,LLH,deep,late,33,49,51,6.1122607062844665,0.9743991134797826,2.622857928276062,0.5095332761605581,2.5,2.5
fig6_row3,eb6010a0aeb04a03abd728db04a45f01,01549_fig4_fig6_original_object,LLH,middle,early,0,16,51,1.8702648363861383,0.42638470787628024,0.8182545900344849,0.4425815600974887,1.25,1.25
fig6_row3,eb6010a0aeb04a03abd728db04a45f01,01549_fig4_fig6_original_object,LLH,middle,middle,17,32,48,2.0579644764463105,0.5634304756919543,1.0805732607841492,0.4846647509063284,1.25,1.25
fig6_row3,eb6010a0aeb04a03abd728db04a45f01,01549_fig4_fig6_original_object,LLH,middle,late,33,49,51,2.268636705828648,0.5585717065077201,1.256285309791565,0.49905148732895943,2.5,2.5
fig6_row3,eb6010a0aeb04a03abd728db04a45f01,01549_fig4_fig6_original_object,LLH,shallow,early,0,16,51,1.80970784963346,0.05457291748447746,0.16631566733121872,0.02211216035216551,0.5,0.5
fig6_row3,eb6010a0aeb04a03abd728db04a45f01,01549_fig4_fig6_original_object,LLH,shallow,middle,17,32,48,1.842542087038358,0.06484141873079352,0.16489581689238547,0.029716292204587564,0.5,0.5
fig6_row3,eb6010a0aeb04a03abd728db04a45f01,01549_fig4_fig6_original_object,LLH,shallow,late,33,49,51,1.454953862171547,0.08023390248783079,0.2276952564716339,0.04494273133333955,0.75,0.75
