Loading MV-Painter pipeline...
Loading pipeline components...:   0%|          | 0/7 [00:00<?, ?it/s]Loading pipeline components...:  14%|█▍        | 1/7 [00:01<00:07,  1.27s/it]Loading pipeline components...:  29%|██▊       | 2/7 [00:01<00:04,  1.13it/s]Loading pipeline components...:  71%|███████▏  | 5/7 [00:02<00:00,  3.27it/s]Loading pipeline components...: 100%|██████████| 7/7 [00:02<00:00,  3.30it/s]
libpng warning: eXIf: duplicate
libpng warning: eXIf: duplicate
libpng warning: eXIf: duplicate
libpng warning: eXIf: duplicate
libpng warning: eXIf: duplicate
libpng warning: eXIf: duplicate
libpng warning: eXIf: duplicate
libpng warning: eXIf: duplicate
libpng warning: eXIf: duplicate
libpng warning: eXIf: duplicate
libpng warning: eXIf: duplicate
libpng warning: eXIf: duplicate
libpng warning: eXIf: duplicate
libpng warning: eXIf: duplicate
libpng warning: eXIf: duplicate
libpng warning: eXIf: duplicate
libpng warning: eXIf: duplicate
libpng warning: eXIf: duplicate
Gradient checkpointing DISABLED for GeoTex-Adapter compatibility
Injected 9 GeoTex adapters (up_only mode)
FAC disabled — using legacy static scaling
GeoTex adapter params: 1.57M
GeoTex encoder params: 0.63M
Total trainable: 2.20M / 2569.03M UNet (0.09%)
Loaded GeoTex weights from /4T/CXY/MV-Painter/mvpoutput/reviewer1_main_rerun_20260928/checkpoints/geotex_step_0002000.pt
============= length of dataset 276 =============
base dir name: ['', '4T', 'CXY', 'MV-Painter', 'data', 'train_data']
alpha count: 212305 223342
reverse false
base dir name: ['', '4T', 'CXY', 'MV-Painter', 'data', 'train_data']
alpha count: 212305 223342
reverse false
[1/276] obj_0024 mae=0.0118 ssim=0.9671
libpng warning: eXIf: duplicate
libpng warning: eXIf: duplicate
libpng warning: eXIf: duplicate
libpng warning: eXIf: duplicate
libpng warning: eXIf: duplicate
libpng warning: eXIf: duplicate
libpng warning: eXIf: duplicate
libpng warning: eXIf: duplicate
libpng warning: eXIf: duplicate
libpng warning: eXIf: duplicate
libpng warning: eXIf: duplicate
libpng warning: eXIf: duplicate
libpng warning: eXIf: duplicate
libpng warning: eXIf: duplicate
libpng warning: eXIf: duplicate
libpng warning: eXIf: duplicate
libpng warning: eXIf: duplicate
libpng warning: eXIf: duplicate
libpng warning: eXIf: duplicate
libpng warning: eXIf: duplicate
libpng warning: eXIf: duplicate
libpng warning: eXIf: duplicate
libpng warning: eXIf: duplicate
libpng warning: eXIf: duplicate
libpng warning: eXIf: duplicate
libpng warning: eXIf: duplicate
libpng warning: eXIf: duplicate
libpng warning: eXIf: duplicate
libpng warning: eXIf: duplicate
libpng warning: eXIf: duplicate
libpng warning: eXIf: duplicate
libpng warning: eXIf: duplicate
libpng warning: eXIf: duplicate
libpng warning: eXIf: duplicate
libpng warning: eXIf: duplicate
libpng warning: eXIf: duplicate
libpng warning: eXIf: duplicate
libpng warning: eXIf: duplicate
libpng warning: eXIf: duplicate
libpng warning: eXIf: duplicate
libpng warning: eXIf: duplicate
libpng warning: eXIf: duplicate
libpng warning: eXIf: duplicate
libpng warning: eXIf: duplicate
libpng warning: eXIf: duplicate
libpng warning: eXIf: duplicate
libpng warning: eXIf: duplicate
libpng warning: eXIf: duplicate
libpng warning: eXIf: duplicate
libpng warning: eXIf: duplicate
libpng warning: eXIf: duplicate
libpng warning: eXIf: duplicate
libpng warning: eXIf: duplicate
libpng warning: eXIf: duplicate
libpng warning: eXIf: duplicate
libpng warning: eXIf: duplicate
libpng warning: eXIf: duplicate
libpng warning: eXIf: duplicate
libpng warning: eXIf: duplicate
libpng warning: eXIf: duplicate
libpng warning: eXIf: duplicate
libpng warning: eXIf: duplicate
libpng warning: eXIf: duplicate
libpng warning: eXIf: duplicate
libpng warning: eXIf: duplicate
libpng warning: eXIf: duplicate
libpng warning: eXIf: duplicate
libpng warning: eXIf: duplicate
libpng warning: eXIf: duplicate
libpng warning: eXIf: duplicate
libpng warning: eXIf: duplicate
libpng warning: eXIf: duplicate
libpng warning: eXIf: duplicate
libpng warning: eXIf: duplicate
libpng warning: eXIf: duplicate
libpng warning: eXIf: duplicate
libpng warning: eXIf: duplicate
libpng warning: eXIf: duplicate
libpng warning: eXIf: duplicate
libpng warning: eXIf: duplicate
libpng warning: eXIf: duplicate
libpng warning: eXIf: duplicate
libpng warning: eXIf: duplicate
libpng warning: eXIf: duplicate
libpng warning: eXIf: duplicate
libpng warning: eXIf: duplicate
libpng warning: eXIf: duplicate
libpng warning: eXIf: duplicate
libpng warning: eXIf: duplicate
libpng warning: eXIf: duplicate
libpng warning: eXIf: duplicate
libpng warning: eXIf: duplicate
libpng warning: eXIf: duplicate
libpng warning: eXIf: duplicate
libpng warning: eXIf: duplicate
libpng warning: eXIf: duplicate
libpng warning: eXIf: duplicate
libpng warning: eXIf: duplicate
libpng warning: eXIf: duplicate
libpng warning: eXIf: duplicate
libpng warning: eXIf: duplicate
libpng warning: eXIf: duplicate
libpng warning: eXIf: duplicate
libpng warning: eXIf: duplicate
libpng warning: eXIf: duplicate
libpng warning: eXIf: duplicate
libpng warning: eXIf: duplicate
libpng warning: eXIf: duplicate
libpng warning: eXIf: duplicate
libpng warning: eXIf: duplicate
libpng warning: eXIf: duplicate
libpng warning: eXIf: duplicate
libpng warning: eXIf: duplicate
libpng warning: eXIf: duplicate
libpng warning: eXIf: duplicate
libpng warning: eXIf: duplicate
libpng warning: eXIf: duplicate
libpng warning: eXIf: duplicate
libpng warning: eXIf: duplicate
libpng warning: eXIf: duplicate
libpng warning: eXIf: duplicate
libpng warning: eXIf: duplicate
libpng warning: eXIf: duplicate
libpng warning: eXIf: duplicate
libpng warning: eXIf: duplicate
libpng warning: eXIf: duplicate
libpng warning: eXIf: duplicate
libpng warning: eXIf: duplicate
libpng warning: eXIf: duplicate
libpng warning: eXIf: duplicate
libpng warning: eXIf: duplicate
libpng warning: eXIf: duplicate
libpng warning: eXIf: duplicate
libpng warning: eXIf: duplicate
libpng warning: eXIf: duplicate
libpng warning: eXIf: duplicate
libpng warning: eXIf: duplicate
libpng warning: eXIf: duplicate
libpng warning: eXIf: duplicate
libpng warning: eXIf: duplicate
libpng warning: eXIf: duplicate
libpng warning: eXIf: duplicate
libpng warning: eXIf: duplicate
libpng warning: eXIf: duplicate
libpng warning: eXIf: duplicate
libpng warning: eXIf: duplicate
libpng warning: eXIf: duplicate
libpng warning: eXIf: duplicate
libpng warning: eXIf: duplicate
libpng warning: eXIf: duplicate
libpng warning: eXIf: duplicate
libpng warning: eXIf: duplicate
libpng warning: eXIf: duplicate
libpng warning: eXIf: duplicate
libpng warning: eXIf: duplicate
libpng warning: eXIf: duplicate
libpng warning: eXIf: duplicate
libpng warning: eXIf: duplicate
libpng warning: eXIf: duplicate
libpng warning: eXIf: duplicate
libpng warning: eXIf: duplicate
libpng warning: eXIf: duplicate
libpng warning: eXIf: duplicate
libpng warning: eXIf: duplicate
libpng warning: eXIf: duplicate
libpng warning: eXIf: duplicate
libpng warning: eXIf: duplicate
libpng warning: eXIf: duplicate
libpng warning: eXIf: duplicate
libpng warning: eXIf: duplicate
libpng warning: eXIf: duplicate
libpng warning: eXIf: duplicate
libpng warning: eXIf: duplicate
libpng warning: eXIf: duplicate
libpng warning: eXIf: duplicate
libpng warning: eXIf: duplicate
libpng warning: eXIf: duplicate
libpng warning: eXIf: duplicate
libpng warning: eXIf: duplicate
libpng warning: eXIf: duplicate
libpng warning: eXIf: duplicate
libpng warning: eXIf: duplicate
libpng warning: eXIf: duplicate
libpng warning: eXIf: duplicate
libpng warning: eXIf: duplicate
libpng warning: eXIf: duplicate
libpng warning: eXIf: duplicate
libpng warning: eXIf: duplicate
libpng warning: eXIf: duplicate
libpng warning: eXIf: duplicate
libpng warning: eXIf: duplicate
libpng warning: eXIf: duplicate
libpng warning: eXIf: duplicate
libpng warning: eXIf: duplicate
libpng warning: eXIf: duplicate
libpng warning: eXIf: duplicate
libpng warning: eXIf: duplicate
libpng warning: eXIf: duplicate
libpng warning: eXIf: duplicate
libpng warning: eXIf: duplicate
libpng warning: eXIf: duplicate
libpng warning: eXIf: duplicate
libpng warning: eXIf: duplicate
libpng warning: eXIf: duplicate
libpng warning: eXIf: duplicate
libpng warning: eXIf: duplicate
libpng warning: eXIf: duplicate
libpng warning: eXIf: duplicate
libpng warning: eXIf: duplicate
libpng warning: eXIf: duplicate
libpng warning: eXIf: duplicate
libpng warning: eXIf: duplicate
libpng warning: eXIf: duplicate
libpng warning: eXIf: duplicate
libpng warning: eXIf: duplicate
libpng warning: eXIf: duplicate
libpng warning: eXIf: duplicate
libpng warning: eXIf: duplicate
libpng warning: eXIf: duplicate
libpng warning: eXIf: duplicate
libpng warning: eXIf: duplicate
libpng warning: eXIf: duplicate
libpng warning: eXIf: duplicate
libpng warning: eXIf: duplicate
libpng warning: eXIf: duplicate
libpng warning: eXIf: duplicate
libpng warning: eXIf: duplicate
libpng warning: eXIf: duplicate
libpng warning: eXIf: duplicate
libpng warning: eXIf: duplicate
libpng warning: eXIf: duplicate
libpng warning: eXIf: duplicate
libpng warning: eXIf: duplicate
libpng warning: eXIf: duplicate
libpng warning: eXIf: duplicate
libpng warning: eXIf: duplicate
libpng warning: eXIf: duplicate
libpng warning: eXIf: duplicate
libpng warning: eXIf: duplicate
libpng warning: eXIf: duplicate
libpng warning: eXIf: duplicate
libpng warning: eXIf: duplicate
libpng warning: eXIf: duplicate
libpng warning: eXIf: duplicate
libpng warning: eXIf: duplicate
libpng warning: eXIf: duplicate
libpng warning: eXIf: duplicate
libpng warning: eXIf: duplicate
libpng warning: eXIf: duplicate
libpng warning: eXIf: duplicate
libpng warning: eXIf: duplicate
libpng warning: eXIf: duplicate
libpng warning: eXIf: duplicate
libpng warning: eXIf: duplicate
libpng warning: eXIf: duplicate
libpng warning: eXIf: duplicate
libpng warning: eXIf: duplicate
libpng warning: eXIf: duplicate
libpng warning: eXIf: duplicate
libpng warning: eXIf: duplicate
libpng warning: eXIf: duplicate
libpng warning: eXIf: duplicate
libpng warning: eXIf: duplicate
libpng warning: eXIf: duplicate
libpng warning: eXIf: duplicate
libpng warning: eXIf: duplicate
libpng warning: eXIf: duplicate
libpng warning: eXIf: duplicate
libpng warning: eXIf: duplicate
libpng warning: eXIf: duplicate
libpng warning: eXIf: duplicate
libpng warning: eXIf: duplicate
libpng warning: eXIf: duplicate
libpng warning: eXIf: duplicate
libpng warning: eXIf: duplicate
libpng warning: eXIf: duplicate
libpng warning: eXIf: duplicate
libpng warning: eXIf: duplicate
libpng warning: eXIf: duplicate
libpng warning: eXIf: duplicate
libpng warning: eXIf: duplicate
libpng warning: eXIf: duplicate
libpng warning: eXIf: duplicate
libpng warning: eXIf: duplicate
libpng warning: eXIf: duplicate
libpng warning: eXIf: duplicate
libpng warning: eXIf: duplicate
libpng warning: eXIf: duplicate
libpng warning: eXIf: duplicate
libpng warning: eXIf: duplicate
libpng warning: eXIf: duplicate
libpng warning: eXIf: duplicate
libpng warning: eXIf: duplicate
libpng warning: eXIf: duplicate
libpng warning: eXIf: duplicate
libpng warning: eXIf: duplicate
libpng warning: eXIf: duplicate
libpng warning: eXIf: duplicate
libpng warning: eXIf: duplicate
libpng warning: eXIf: duplicate
libpng warning: eXIf: duplicate
libpng warning: eXIf: duplicate
libpng warning: eXIf: duplicate
libpng warning: eXIf: duplicate
libpng warning: eXIf: duplicate
libpng warning: eXIf: duplicate
libpng warning: eXIf: duplicate
libpng warning: eXIf: duplicate
libpng warning: eXIf: duplicate
libpng warning: eXIf: duplicate
libpng warning: eXIf: duplicate
libpng warning: eXIf: duplicate
libpng warning: eXIf: duplicate
libpng warning: eXIf: duplicate
libpng warning: eXIf: duplicate
libpng warning: eXIf: duplicate
libpng warning: eXIf: duplicate
libpng warning: eXIf: duplicate
libpng warning: eXIf: duplicate
libpng warning: eXIf: duplicate
libpng warning: eXIf: duplicate
libpng warning: eXIf: duplicate
libpng warning: eXIf: duplicate
libpng warning: eXIf: duplicate
libpng warning: eXIf: duplicate
libpng warning: eXIf: duplicate
libpng warning: eXIf: duplicate
libpng warning: eXIf: duplicate
libpng warning: eXIf: duplicate
libpng warning: eXIf: duplicate
libpng warning: eXIf: duplicate
libpng warning: eXIf: duplicate
libpng warning: eXIf: duplicate
libpng warning: eXIf: duplicate
libpng warning: eXIf: duplicate
libpng warning: eXIf: duplicate
libpng warning: eXIf: duplicate
libpng warning: eXIf: duplicate
libpng warning: eXIf: duplicate
libpng warning: eXIf: duplicate
libpng warning: eXIf: duplicate
libpng warning: eXIf: duplicate
libpng warning: eXIf: duplicate
libpng warning: eXIf: duplicate
libpng warning: eXIf: duplicate
libpng warning: eXIf: duplicate
libpng warning: eXIf: duplicate
libpng warning: eXIf: duplicate
libpng warning: eXIf: duplicate
libpng warning: eXIf: duplicate
libpng warning: eXIf: duplicate
libpng warning: eXIf: duplicate
libpng warning: eXIf: duplicate
libpng warning: eXIf: duplicate
libpng warning: eXIf: duplicate
libpng warning: eXIf: duplicate
libpng warning: eXIf: duplicate
libpng warning: eXIf: duplicate
libpng warning: eXIf: duplicate
libpng warning: eXIf: duplicate
libpng warning: eXIf: duplicate
libpng warning: eXIf: duplicate
libpng warning: eXIf: duplicate
libpng warning: eXIf: duplicate
libpng warning: eXIf: duplicate
libpng warning: eXIf: duplicate
libpng warning: eXIf: duplicate
libpng warning: eXIf: duplicate
libpng warning: eXIf: duplicate
libpng warning: eXIf: duplicate
libpng warning: eXIf: duplicate
libpng warning: eXIf: duplicate
libpng warning: eXIf: duplicate
libpng warning: eXIf: duplicate
libpng warning: eXIf: duplicate
libpng warning: eXIf: duplicate
libpng warning: eXIf: duplicate
libpng warning: eXIf: duplicate
libpng warning: eXIf: duplicate
libpng warning: eXIf: duplicate
libpng warning: eXIf: duplicate
libpng warning: eXIf: duplicate
libpng warning: eXIf: duplicate
libpng warning: eXIf: duplicate
libpng warning: eXIf: duplicate
libpng warning: eXIf: duplicate
libpng warning: eXIf: duplicate
libpng warning: eXIf: duplicate
libpng warning: eXIf: duplicate
libpng warning: eXIf: duplicate
libpng warning: eXIf: duplicate
libpng warning: eXIf: duplicate
libpng warning: eXIf: duplicate
libpng warning: eXIf: duplicate
libpng warning: eXIf: duplicate
libpng warning: eXIf: duplicate
libpng warning: eXIf: duplicate
libpng warning: eXIf: duplicate
libpng warning: eXIf: duplicate
libpng warning: eXIf: duplicate
libpng warning: eXIf: duplicate
libpng warning: eXIf: duplicate
libpng warning: eXIf: duplicate
libpng warning: eXIf: duplicate
libpng warning: eXIf: duplicate
libpng warning: eXIf: duplicate
libpng warning: eXIf: duplicate
libpng warning: eXIf: duplicate
libpng warning: eXIf: duplicate
libpng warning: eXIf: duplicate
libpng warning: eXIf: duplicate
libpng warning: eXIf: duplicate
libpng warning: eXIf: duplicate
libpng warning: eXIf: duplicate
libpng warning: eXIf: duplicate
libpng warning: eXIf: duplicate
libpng warning: eXIf: duplicate
libpng warning: eXIf: duplicate
libpng warning: eXIf: duplicate
libpng warning: eXIf: duplicate
libpng warning: eXIf: duplicate
libpng warning: eXIf: duplicate
libpng warning: eXIf: duplicate
libpng warning: eXIf: duplicate
libpng warning: eXIf: duplicate
libpng warning: eXIf: duplicate
libpng warning: eXIf: duplicate
libpng warning: eXIf: duplicate
libpng warning: eXIf: duplicate
libpng warning: eXIf: duplicate
libpng warning: eXIf: duplicate
libpng warning: eXIf: duplicate
libpng warning: eXIf: duplicate
libpng warning: eXIf: duplicate
libpng warning: eXIf: duplicate
libpng warning: eXIf: duplicate
libpng warning: eXIf: duplicate
libpng warning: eXIf: duplicate
libpng warning: eXIf: duplicate
libpng warning: eXIf: duplicate
libpng warning: eXIf: duplicate
libpng warning: eXIf: duplicate
libpng warning: eXIf: duplicate
libpng warning: eXIf: duplicate
libpng warning: eXIf: duplicate
libpng warning: eXIf: duplicate
libpng warning: eXIf: duplicate
libpng warning: eXIf: duplicate
libpng warning: eXIf: duplicate
libpng warning: eXIf: duplicate
base dir name: ['', '4T', 'CXY', 'MV-Painter', 'data', 'train_data']
alpha count: 226818 233095
reverse false
base dir name: ['', '4T', 'CXY', 'MV-Painter', 'data', 'train_data']
alpha count: 226818 233095
reverse false
base dir name: ['', '4T', 'CXY', 'MV-Painter', 'data', 'train_data']
alpha count: 206973 199259
reverse true
base dir name: ['', '4T', 'CXY', 'MV-Painter', 'data', 'train_data']
alpha count: 206973 199259
reverse true
base dir name: ['', '4T', 'CXY', 'MV-Painter', 'data', 'train_data']
alpha count: 225956 224684
reverse true
base dir name: ['', '4T', 'CXY', 'MV-Painter', 'data', 'train_data']
alpha count: 225956 224684
reverse true
base dir name: ['', '4T', 'CXY', 'MV-Painter', 'data', 'train_data']
alpha count: 221786 220538
reverse true
base dir name: ['', '4T', 'CXY', 'MV-Painter', 'data', 'train_data']
alpha count: 221786 220538
reverse true
base dir name: ['', '4T', 'CXY', 'MV-Painter', 'data', 'train_data']
alpha count: 214550 221989
reverse false
base dir name: ['', '4T', 'CXY', 'MV-Painter', 'data', 'train_data']
alpha count: 214550 221989
reverse false
base dir name: ['', '4T', 'CXY', 'MV-Painter', 'data', 'train_data']
alpha count: 227959 231782
reverse false
base dir name: ['', '4T', 'CXY', 'MV-Painter', 'data', 'train_data']
alpha count: 227959 231782
reverse false
base dir name: ['', '4T', 'CXY', 'MV-Painter', 'data', 'train_data']
alpha count: 258564 247703
reverse true
base dir name: ['', '4T', 'CXY', 'MV-Painter', 'data', 'train_data']
alpha count: 258564 247703
reverse true
base dir name: ['', '4T', 'CXY', 'MV-Painter', 'data', 'train_data']
alpha count: 217452 222620
reverse false
base dir name: ['', '4T', 'CXY', 'MV-Painter', 'data', 'train_data']
alpha count: 217452 222620
reverse false
base dir name: ['', '4T', 'CXY', 'MV-Painter', 'data', 'train_data']
alpha count: 245605 183369
reverse true
base dir name: ['', '4T', 'CXY', 'MV-Painter', 'data', 'train_data']
alpha count: 245605 183369
reverse true
base dir name: ['', '4T', 'CXY', 'MV-Painter', 'data', 'train_data']
alpha count: 213167 223701
reverse false
base dir name: ['', '4T', 'CXY', 'MV-Painter', 'data', 'train_data']
alpha count: 213167 223701
reverse false
base dir name: ['', '4T', 'CXY', 'MV-Painter', 'data', 'train_data']
alpha count: 227931 206577
reverse true
base dir name: ['', '4T', 'CXY', 'MV-Painter', 'data', 'train_data']
alpha count: 227931 206577
reverse true
base dir name: ['', '4T', 'CXY', 'MV-Painter', 'data', 'train_data']
alpha count: 198918 198775
reverse true
base dir name: ['', '4T', 'CXY', 'MV-Painter', 'data', 'train_data']
alpha count: 198918 198775
reverse true
base dir name: ['', '4T', 'CXY', 'MV-Painter', 'data', 'train_data']
alpha count: 209413 215391
reverse false
base dir name: ['', '4T', 'CXY', 'MV-Painter', 'data', 'train_data']
alpha count: 209413 215391
reverse false
base dir name: ['', '4T', 'CXY', 'MV-Painter', 'data', 'train_data']
alpha count: 188203 203743
reverse false
base dir name: ['', '4T', 'CXY', 'MV-Painter', 'data', 'train_data']
alpha count: 188203 203743
reverse false
base dir name: ['', '4T', 'CXY', 'MV-Painter', 'data', 'train_data']
alpha count: 201209 216147
reverse false
base dir name: ['', '4T', 'CXY', 'MV-Painter', 'data', 'train_data']
alpha count: 201209 216147
reverse false
base dir name: ['', '4T', 'CXY', 'MV-Painter', 'data', 'train_data']
alpha count: 189654 191761
reverse false
base dir name: ['', '4T', 'CXY', 'MV-Painter', 'data', 'train_data']
alpha count: 189654 191761
reverse false
base dir name: ['', '4T', 'CXY', 'MV-Painter', 'data', 'train_data']
alpha count: 231168 212818
reverse true
base dir name: ['', '4T', 'CXY', 'MV-Painter', 'data', 'train_data']
alpha count: 231168 212818
reverse true
base dir name: ['', '4T', 'CXY', 'MV-Painter', 'data', 'train_data']
alpha count: 224209 233590
reverse false
base dir name: ['', '4T', 'CXY', 'MV-Painter', 'data', 'train_data']
alpha count: 224209 233590
reverse false
base dir name: ['', '4T', 'CXY', 'MV-Painter', 'data', 'train_data']
alpha count: 228358 209865
reverse true
base dir name: ['', '4T', 'CXY', 'MV-Painter', 'data', 'train_data']
alpha count: 228358 209865
reverse true
base dir name: ['', '4T', 'CXY', 'MV-Painter', 'data', 'train_data']
alpha count: 250084 234099
reverse true
base dir name: ['', '4T', 'CXY', 'MV-Painter', 'data', 'train_data']
alpha count: 250084 234099
reverse true
base dir name: ['', '4T', 'CXY', 'MV-Painter', 'data', 'train_data']
alpha count: 174155 188309
reverse false
base dir name: ['', '4T', 'CXY', 'MV-Painter', 'data', 'train_data']
alpha count: 174155 188309
reverse false
base dir name: ['', '4T', 'CXY', 'MV-Painter', 'data', 'train_data']
alpha count: 226382 229452
reverse false
base dir name: ['', '4T', 'CXY', 'MV-Painter', 'data', 'train_data']
alpha count: 226382 229452
reverse false
base dir name: ['', '4T', 'CXY', 'MV-Painter', 'data', 'train_data']
alpha count: 247407 239698
reverse true
base dir name: ['', '4T', 'CXY', 'MV-Painter', 'data', 'train_data']
alpha count: 247407 239698
reverse true
base dir name: ['', '4T', 'CXY', 'MV-Painter', 'data', 'train_data']
alpha count: 236896 193588
reverse true
base dir name: ['', '4T', 'CXY', 'MV-Painter', 'data', 'train_data']
alpha count: 236896 193588
reverse true
base dir name: ['', '4T', 'CXY', 'MV-Painter', 'data', 'train_data']
alpha count: 226345 233989
reverse false
base dir name: ['', '4T', 'CXY', 'MV-Painter', 'data', 'train_data']
alpha count: 226345 233989
reverse false
[26/276] obj_0049 mae=0.0228 ssim=0.9516
libpng warning: eXIf: duplicate
libpng warning: eXIf: duplicate
libpng warning: eXIf: duplicate
libpng warning: eXIf: duplicate
libpng warning: eXIf: duplicate
libpng warning: eXIf: duplicate
libpng warning: eXIf: duplicate
libpng warning: eXIf: duplicate
libpng warning: eXIf: duplicate
libpng warning: eXIf: duplicate
libpng warning: eXIf: duplicate
libpng warning: eXIf: duplicate
libpng warning: eXIf: duplicate
libpng warning: eXIf: duplicate
libpng warning: eXIf: duplicate
libpng warning: eXIf: duplicate
libpng warning: eXIf: duplicate
libpng warning: eXIf: duplicate
libpng warning: eXIf: duplicate
libpng warning: eXIf: duplicate
libpng warning: eXIf: duplicate
libpng warning: eXIf: duplicate
libpng warning: eXIf: duplicate
libpng warning: eXIf: duplicate
libpng warning: eXIf: duplicate
libpng warning: eXIf: duplicate
libpng warning: eXIf: duplicate
libpng warning: eXIf: duplicate
libpng warning: eXIf: duplicate
libpng warning: eXIf: duplicate
libpng warning: eXIf: duplicate
libpng warning: eXIf: duplicate
libpng warning: eXIf: duplicate
libpng warning: eXIf: duplicate
libpng warning: eXIf: duplicate
libpng warning: eXIf: duplicate
libpng warning: eXIf: duplicate
libpng warning: eXIf: duplicate
libpng warning: eXIf: duplicate
libpng warning: eXIf: duplicate
libpng warning: eXIf: duplicate
libpng warning: eXIf: duplicate
libpng warning: eXIf: duplicate
libpng warning: eXIf: duplicate
libpng warning: eXIf: duplicate
libpng warning: eXIf: duplicate
libpng warning: eXIf: duplicate
libpng warning: eXIf: duplicate
libpng warning: eXIf: duplicate
libpng warning: eXIf: duplicate
libpng warning: eXIf: duplicate
libpng warning: eXIf: duplicate
libpng warning: eXIf: duplicate
libpng warning: eXIf: duplicate
libpng warning: eXIf: duplicate
libpng warning: eXIf: duplicate
libpng warning: eXIf: duplicate
libpng warning: eXIf: duplicate
libpng warning: eXIf: duplicate
libpng warning: eXIf: duplicate
libpng warning: eXIf: duplicate
libpng warning: eXIf: duplicate
libpng warning: eXIf: duplicate
libpng warning: eXIf: duplicate
libpng warning: eXIf: duplicate
libpng warning: eXIf: duplicate
libpng warning: eXIf: duplicate
libpng warning: eXIf: duplicate
libpng warning: eXIf: duplicate
libpng warning: eXIf: duplicate
libpng warning: eXIf: duplicate
libpng warning: eXIf: duplicate
libpng warning: eXIf: duplicate
libpng warning: eXIf: duplicate
libpng warning: eXIf: duplicate
libpng warning: eXIf: duplicate
libpng warning: eXIf: duplicate
libpng warning: eXIf: duplicate
libpng warning: eXIf: duplicate
libpng warning: eXIf: duplicate
libpng warning: eXIf: duplicate
libpng warning: eXIf: duplicate
libpng warning: eXIf: duplicate
libpng warning: eXIf: duplicate
libpng warning: eXIf: duplicate
libpng warning: eXIf: duplicate
libpng warning: eXIf: duplicate
libpng warning: eXIf: duplicate
libpng warning: eXIf: duplicate
libpng warning: eXIf: duplicate
libpng warning: eXIf: duplicate
libpng warning: eXIf: duplicate
libpng warning: eXIf: duplicate
libpng warning: eXIf: duplicate
libpng warning: eXIf: duplicate
libpng warning: eXIf: duplicate
libpng warning: eXIf: duplicate
libpng warning: eXIf: duplicate
libpng warning: eXIf: duplicate
libpng warning: eXIf: duplicate
libpng warning: eXIf: duplicate
libpng warning: eXIf: duplicate
libpng warning: eXIf: duplicate
libpng warning: eXIf: duplicate
libpng warning: eXIf: duplicate
libpng warning: eXIf: duplicate
libpng warning: eXIf: duplicate
libpng warning: eXIf: duplicate
libpng warning: eXIf: duplicate
libpng warning: eXIf: duplicate
libpng warning: eXIf: duplicate
libpng warning: eXIf: duplicate
libpng warning: eXIf: duplicate
libpng warning: eXIf: duplicate
libpng warning: eXIf: duplicate
libpng warning: eXIf: duplicate
libpng warning: eXIf: duplicate
libpng warning: eXIf: duplicate
libpng warning: eXIf: duplicate
libpng warning: eXIf: duplicate
libpng warning: eXIf: duplicate
libpng warning: eXIf: duplicate
libpng warning: eXIf: duplicate
libpng warning: eXIf: duplicate
libpng warning: eXIf: duplicate
libpng warning: eXIf: duplicate
libpng warning: eXIf: duplicate
libpng warning: eXIf: duplicate
libpng warning: eXIf: duplicate
libpng warning: eXIf: duplicate
libpng warning: eXIf: duplicate
libpng warning: eXIf: duplicate
libpng warning: eXIf: duplicate
libpng warning: eXIf: duplicate
libpng warning: eXIf: duplicate
libpng warning: eXIf: duplicate
libpng warning: eXIf: duplicate
libpng warning: eXIf: duplicate
libpng warning: eXIf: duplicate
libpng warning: eXIf: duplicate
libpng warning: eXIf: duplicate
libpng warning: eXIf: duplicate
libpng warning: eXIf: duplicate
libpng warning: eXIf: duplicate
libpng warning: eXIf: duplicate
libpng warning: eXIf: duplicate
libpng warning: eXIf: duplicate
libpng warning: eXIf: duplicate
libpng warning: eXIf: duplicate
libpng warning: eXIf: duplicate
libpng warning: eXIf: duplicate
libpng warning: eXIf: duplicate
libpng warning: eXIf: duplicate
libpng warning: eXIf: duplicate
libpng warning: eXIf: duplicate
libpng warning: eXIf: duplicate
libpng warning: eXIf: duplicate
libpng warning: eXIf: duplicate
libpng warning: eXIf: duplicate
libpng warning: eXIf: duplicate
libpng warning: eXIf: duplicate
libpng warning: eXIf: duplicate
libpng warning: eXIf: duplicate
libpng warning: eXIf: duplicate
libpng warning: eXIf: duplicate
libpng warning: eXIf: duplicate
libpng warning: eXIf: duplicate
libpng warning: eXIf: duplicate
libpng warning: eXIf: duplicate
libpng warning: eXIf: duplicate
libpng warning: eXIf: duplicate
libpng warning: eXIf: duplicate
libpng warning: eXIf: duplicate
libpng warning: eXIf: duplicate
libpng warning: eXIf: duplicate
libpng warning: eXIf: duplicate
libpng warning: eXIf: duplicate
libpng warning: eXIf: duplicate
libpng warning: eXIf: duplicate
libpng warning: eXIf: duplicate
libpng warning: eXIf: duplicate
libpng warning: eXIf: duplicate
libpng warning: eXIf: duplicate
libpng warning: eXIf: duplicate
libpng warning: eXIf: duplicate
libpng warning: eXIf: duplicate
libpng warning: eXIf: duplicate
libpng warning: eXIf: duplicate
libpng warning: eXIf: duplicate
libpng warning: eXIf: duplicate
libpng warning: eXIf: duplicate
libpng warning: eXIf: duplicate
libpng warning: eXIf: duplicate
libpng warning: eXIf: duplicate
libpng warning: eXIf: duplicate
libpng warning: eXIf: duplicate
libpng warning: eXIf: duplicate
libpng warning: eXIf: duplicate
libpng warning: eXIf: duplicate
libpng warning: eXIf: duplicate
libpng warning: eXIf: duplicate
libpng warning: eXIf: duplicate
libpng warning: eXIf: duplicate
libpng warning: eXIf: duplicate
libpng warning: eXIf: duplicate
libpng warning: eXIf: duplicate
libpng warning: eXIf: duplicate
libpng warning: eXIf: duplicate
libpng warning: eXIf: duplicate
libpng warning: eXIf: duplicate
libpng warning: eXIf: duplicate
libpng warning: eXIf: duplicate
libpng warning: eXIf: duplicate
libpng warning: eXIf: duplicate
libpng warning: eXIf: duplicate
libpng warning: eXIf: duplicate
libpng warning: eXIf: duplicate
libpng warning: eXIf: duplicate
libpng warning: eXIf: duplicate
libpng warning: eXIf: duplicate
libpng warning: eXIf: duplicate
libpng warning: eXIf: duplicate
libpng warning: eXIf: duplicate
libpng warning: eXIf: duplicate
libpng warning: eXIf: duplicate
libpng warning: eXIf: duplicate
libpng warning: eXIf: duplicate
libpng warning: eXIf: duplicate
libpng warning: eXIf: duplicate
libpng warning: eXIf: duplicate
libpng warning: eXIf: duplicate
libpng warning: eXIf: duplicate
libpng warning: eXIf: duplicate
libpng warning: eXIf: duplicate
libpng warning: eXIf: duplicate
libpng warning: eXIf: duplicate
libpng warning: eXIf: duplicate
libpng warning: eXIf: duplicate
libpng warning: eXIf: duplicate
libpng warning: eXIf: duplicate
libpng warning: eXIf: duplicate
libpng warning: eXIf: duplicate
libpng warning: eXIf: duplicate
libpng warning: eXIf: duplicate
libpng warning: eXIf: duplicate
libpng warning: eXIf: duplicate
libpng warning: eXIf: duplicate
libpng warning: eXIf: duplicate
libpng warning: eXIf: duplicate
libpng warning: eXIf: duplicate
libpng warning: eXIf: duplicate
libpng warning: eXIf: duplicate
libpng warning: eXIf: duplicate
libpng warning: eXIf: duplicate
libpng warning: eXIf: duplicate
libpng warning: eXIf: duplicate
libpng warning: eXIf: duplicate
libpng warning: eXIf: duplicate
libpng warning: eXIf: duplicate
libpng warning: eXIf: duplicate
libpng warning: eXIf: duplicate
libpng warning: eXIf: duplicate
libpng warning: eXIf: duplicate
libpng warning: eXIf: duplicate
libpng warning: eXIf: duplicate
libpng warning: eXIf: duplicate
libpng warning: eXIf: duplicate
libpng warning: eXIf: duplicate
libpng warning: eXIf: duplicate
libpng warning: eXIf: duplicate
libpng warning: eXIf: duplicate
libpng warning: eXIf: duplicate
libpng warning: eXIf: duplicate
libpng warning: eXIf: duplicate
libpng warning: eXIf: duplicate
libpng warning: eXIf: duplicate
libpng warning: eXIf: duplicate
libpng warning: eXIf: duplicate
libpng warning: eXIf: duplicate
libpng warning: eXIf: duplicate
libpng warning: eXIf: duplicate
libpng warning: eXIf: duplicate
libpng warning: eXIf: duplicate
libpng warning: eXIf: duplicate
libpng warning: eXIf: duplicate
libpng warning: eXIf: duplicate
libpng warning: eXIf: duplicate
libpng warning: eXIf: duplicate
libpng warning: eXIf: duplicate
libpng warning: eXIf: duplicate
libpng warning: eXIf: duplicate
libpng warning: eXIf: duplicate
libpng warning: eXIf: duplicate
libpng warning: eXIf: duplicate
libpng warning: eXIf: duplicate
libpng warning: eXIf: duplicate
libpng warning: eXIf: duplicate
libpng warning: eXIf: duplicate
libpng warning: eXIf: duplicate
libpng warning: eXIf: duplicate
libpng warning: eXIf: duplicate
libpng warning: eXIf: duplicate
libpng warning: eXIf: duplicate
libpng warning: eXIf: duplicate
libpng warning: eXIf: duplicate
libpng warning: eXIf: duplicate
libpng warning: eXIf: duplicate
libpng warning: eXIf: duplicate
libpng warning: eXIf: duplicate
libpng warning: eXIf: duplicate
libpng warning: eXIf: duplicate
libpng warning: eXIf: duplicate
libpng warning: eXIf: duplicate
libpng warning: eXIf: duplicate
libpng warning: eXIf: duplicate
libpng warning: eXIf: duplicate
libpng warning: eXIf: duplicate
libpng warning: eXIf: duplicate
libpng warning: eXIf: duplicate
libpng warning: eXIf: duplicate
libpng warning: eXIf: duplicate
libpng warning: eXIf: duplicate
libpng warning: eXIf: duplicate
libpng warning: eXIf: duplicate
libpng warning: eXIf: duplicate
libpng warning: eXIf: duplicate
libpng warning: eXIf: duplicate
libpng warning: eXIf: duplicate
libpng warning: eXIf: duplicate
libpng warning: eXIf: duplicate
libpng warning: eXIf: duplicate
libpng warning: eXIf: duplicate
libpng warning: eXIf: duplicate
libpng warning: eXIf: duplicate
libpng warning: eXIf: duplicate
libpng warning: eXIf: duplicate
libpng warning: eXIf: duplicate
libpng warning: eXIf: duplicate
libpng warning: eXIf: duplicate
libpng warning: eXIf: duplicate
libpng warning: eXIf: duplicate
libpng warning: eXIf: duplicate
libpng warning: eXIf: duplicate
libpng warning: eXIf: duplicate
libpng warning: eXIf: duplicate
libpng warning: eXIf: duplicate
libpng warning: eXIf: duplicate
libpng warning: eXIf: duplicate
libpng warning: eXIf: duplicate
libpng warning: eXIf: duplicate
libpng warning: eXIf: duplicate
libpng warning: eXIf: duplicate
libpng warning: eXIf: duplicate
libpng warning: eXIf: duplicate
libpng warning: eXIf: duplicate
libpng warning: eXIf: duplicate
libpng warning: eXIf: duplicate
libpng warning: eXIf: duplicate
libpng warning: eXIf: duplicate
libpng warning: eXIf: duplicate
libpng warning: eXIf: duplicate
libpng warning: eXIf: duplicate
libpng warning: eXIf: duplicate
libpng warning: eXIf: duplicate
libpng warning: eXIf: duplicate
libpng warning: eXIf: duplicate
libpng warning: eXIf: duplicate
libpng warning: eXIf: duplicate
libpng warning: eXIf: duplicate
libpng warning: eXIf: duplicate
libpng warning: eXIf: duplicate
libpng warning: eXIf: duplicate
libpng warning: eXIf: duplicate
libpng warning: eXIf: duplicate
libpng warning: eXIf: duplicate
libpng warning: eXIf: duplicate
libpng warning: eXIf: duplicate
libpng warning: eXIf: duplicate
libpng warning: eXIf: duplicate
libpng warning: eXIf: duplicate
libpng warning: eXIf: duplicate
libpng warning: eXIf: duplicate
libpng warning: eXIf: duplicate
libpng warning: eXIf: duplicate
libpng warning: eXIf: duplicate
libpng warning: eXIf: duplicate
libpng warning: eXIf: duplicate
libpng warning: eXIf: duplicate
libpng warning: eXIf: duplicate
libpng warning: eXIf: duplicate
libpng warning: eXIf: duplicate
libpng warning: eXIf: duplicate
libpng warning: eXIf: duplicate
libpng warning: eXIf: duplicate
libpng warning: eXIf: duplicate
libpng warning: eXIf: duplicate
libpng warning: eXIf: duplicate
libpng warning: eXIf: duplicate
libpng warning: eXIf: duplicate
libpng warning: eXIf: duplicate
libpng warning: eXIf: duplicate
libpng warning: eXIf: duplicate
libpng warning: eXIf: duplicate
libpng warning: eXIf: duplicate
libpng warning: eXIf: duplicate
libpng warning: eXIf: duplicate
libpng warning: eXIf: duplicate
libpng warning: eXIf: duplicate
libpng warning: eXIf: duplicate
libpng warning: eXIf: duplicate
libpng warning: eXIf: duplicate
libpng warning: eXIf: duplicate
libpng warning: eXIf: duplicate
libpng warning: eXIf: duplicate
libpng warning: eXIf: duplicate
libpng warning: eXIf: duplicate
libpng warning: eXIf: duplicate
libpng warning: eXIf: duplicate
libpng warning: eXIf: duplicate
libpng warning: eXIf: duplicate
libpng warning: eXIf: duplicate
libpng warning: eXIf: duplicate
libpng warning: eXIf: duplicate
libpng warning: eXIf: duplicate
libpng warning: eXIf: duplicate
libpng warning: eXIf: duplicate
libpng warning: eXIf: duplicate
libpng warning: eXIf: duplicate
libpng warning: eXIf: duplicate
libpng warning: eXIf: duplicate
libpng warning: eXIf: duplicate
libpng warning: eXIf: duplicate
libpng warning: eXIf: duplicate
libpng warning: eXIf: duplicate
libpng warning: eXIf: duplicate
libpng warning: eXIf: duplicate
libpng warning: eXIf: duplicate
libpng warning: eXIf: duplicate
libpng warning: eXIf: duplicate
libpng warning: eXIf: duplicate
libpng warning: eXIf: duplicate
libpng warning: eXIf: duplicate
libpng warning: eXIf: duplicate
libpng warning: eXIf: duplicate
libpng warning: eXIf: duplicate
libpng warning: eXIf: duplicate
libpng warning: eXIf: duplicate
libpng warning: eXIf: duplicate
libpng warning: eXIf: duplicate
libpng warning: eXIf: duplicate
base dir name: ['', '4T', 'CXY', 'MV-Painter', 'data', 'train_data']
alpha count: 225708 237680
reverse false
base dir name: ['', '4T', 'CXY', 'MV-Painter', 'data', 'train_data']
alpha count: 225708 237680
reverse false
base dir name: ['', '4T', 'CXY', 'MV-Painter', 'data', 'train_data']
alpha count: 214873 221402
reverse false
base dir name: ['', '4T', 'CXY', 'MV-Painter', 'data', 'train_data']
alpha count: 214873 221402
reverse false
base dir name: ['', '4T', 'CXY', 'MV-Painter', 'data', 'train_data']
alpha count: 213977 220240
reverse false
base dir name: ['', '4T', 'CXY', 'MV-Painter', 'data', 'train_data']
alpha count: 213977 220240
reverse false
base dir name: ['', '4T', 'CXY', 'MV-Painter', 'data', 'train_data']
alpha count: 216353 223682
reverse false
base dir name: ['', '4T', 'CXY', 'MV-Painter', 'data', 'train_data']
alpha count: 216353 223682
reverse false
base dir name: ['', '4T', 'CXY', 'MV-Painter', 'data', 'train_data']
alpha count: 219577 228840
reverse false
base dir name: ['', '4T', 'CXY', 'MV-Painter', 'data', 'train_data']
alpha count: 219577 228840
reverse false
base dir name: ['', '4T', 'CXY', 'MV-Painter', 'data', 'train_data']
alpha count: 210007 224581
reverse false
base dir name: ['', '4T', 'CXY', 'MV-Painter', 'data', 'train_data']
alpha count: 210007 224581
reverse false
base dir name: ['', '4T', 'CXY', 'MV-Painter', 'data', 'train_data']
alpha count: 204111 197992
reverse true
base dir name: ['', '4T', 'CXY', 'MV-Painter', 'data', 'train_data']
alpha count: 204111 197992
reverse true
base dir name: ['', '4T', 'CXY', 'MV-Painter', 'data', 'train_data']
alpha count: 257211 245999
reverse true
base dir name: ['', '4T', 'CXY', 'MV-Painter', 'data', 'train_data']
alpha count: 257211 245999
reverse true
base dir name: ['', '4T', 'CXY', 'MV-Painter', 'data', 'train_data']
alpha count: 227988 236192
reverse false
base dir name: ['', '4T', 'CXY', 'MV-Painter', 'data', 'train_data']
alpha count: 227988 236192
reverse false
base dir name: ['', '4T', 'CXY', 'MV-Painter', 'data', 'train_data']
alpha count: 219386 224679
reverse false
base dir name: ['', '4T', 'CXY', 'MV-Painter', 'data', 'train_data']
alpha count: 219386 224679
reverse false
base dir name: ['', '4T', 'CXY', 'MV-Painter', 'data', 'train_data']
alpha count: 210214 216902
reverse false
base dir name: ['', '4T', 'CXY', 'MV-Painter', 'data', 'train_data']
alpha count: 210214 216902
reverse false
base dir name: ['', '4T', 'CXY', 'MV-Painter', 'data', 'train_data']
alpha count: 217499 227069
reverse false
base dir name: ['', '4T', 'CXY', 'MV-Painter', 'data', 'train_data']
alpha count: 217499 227069
reverse false
base dir name: ['', '4T', 'CXY', 'MV-Painter', 'data', 'train_data']
alpha count: 221956 159995
reverse true
base dir name: ['', '4T', 'CXY', 'MV-Painter', 'data', 'train_data']
alpha count: 221956 159995
reverse true
base dir name: ['', '4T', 'CXY', 'MV-Painter', 'data', 'train_data']
alpha count: 239771 246886
reverse false
base dir name: ['', '4T', 'CXY', 'MV-Painter', 'data', 'train_data']
alpha count: 239771 246886
reverse false
base dir name: ['', '4T', 'CXY', 'MV-Painter', 'data', 'train_data']
alpha count: 192728 205720
reverse false
base dir name: ['', '4T', 'CXY', 'MV-Painter', 'data', 'train_data']
alpha count: 192728 205720
reverse false
base dir name: ['', '4T', 'CXY', 'MV-Painter', 'data', 'train_data']
alpha count: 225743 236065
reverse false
base dir name: ['', '4T', 'CXY', 'MV-Painter', 'data', 'train_data']
alpha count: 225743 236065
reverse false
base dir name: ['', '4T', 'CXY', 'MV-Painter', 'data', 'train_data']
alpha count: 207793 214093
reverse false
base dir name: ['', '4T', 'CXY', 'MV-Painter', 'data', 'train_data']
alpha count: 207793 214093
reverse false
base dir name: ['', '4T', 'CXY', 'MV-Painter', 'data', 'train_data']
alpha count: 212201 216212
reverse false
base dir name: ['', '4T', 'CXY', 'MV-Painter', 'data', 'train_data']
alpha count: 212201 216212
reverse false
base dir name: ['', '4T', 'CXY', 'MV-Painter', 'data', 'train_data']
alpha count: 219152 231277
reverse false
base dir name: ['', '4T', 'CXY', 'MV-Painter', 'data', 'train_data']
alpha count: 219152 231277
reverse false
base dir name: ['', '4T', 'CXY', 'MV-Painter', 'data', 'train_data']
alpha count: 259333 254226
reverse true
base dir name: ['', '4T', 'CXY', 'MV-Painter', 'data', 'train_data']
alpha count: 259333 254226
reverse true
base dir name: ['', '4T', 'CXY', 'MV-Painter', 'data', 'train_data']
alpha count: 236360 214337
reverse true
base dir name: ['', '4T', 'CXY', 'MV-Painter', 'data', 'train_data']
alpha count: 236360 214337
reverse true
base dir name: ['', '4T', 'CXY', 'MV-Painter', 'data', 'train_data']
alpha count: 221617 231625
reverse false
base dir name: ['', '4T', 'CXY', 'MV-Painter', 'data', 'train_data']
alpha count: 221617 231625
reverse false
base dir name: ['', '4T', 'CXY', 'MV-Painter', 'data', 'train_data']
alpha count: 253015 259825
reverse false
base dir name: ['', '4T', 'CXY', 'MV-Painter', 'data', 'train_data']
alpha count: 253015 259825
reverse false
base dir name: ['', '4T', 'CXY', 'MV-Painter', 'data', 'train_data']
alpha count: 228852 238815
reverse false
base dir name: ['', '4T', 'CXY', 'MV-Painter', 'data', 'train_data']
alpha count: 228852 238815
reverse false
base dir name: ['', '4T', 'CXY', 'MV-Painter', 'data', 'train_data']
alpha count: 201506 223716
reverse false
base dir name: ['', '4T', 'CXY', 'MV-Painter', 'data', 'train_data']
alpha count: 201506 223716
reverse false
[51/276] obj_0074 mae=0.0283 ssim=0.9617
libpng warning: eXIf: duplicate
libpng warning: eXIf: duplicate
libpng warning: eXIf: duplicate
libpng warning: eXIf: duplicate
libpng warning: eXIf: duplicate
libpng warning: eXIf: duplicate
libpng warning: eXIf: duplicate
libpng warning: eXIf: duplicate
libpng warning: eXIf: duplicate
libpng warning: eXIf: duplicate
libpng warning: eXIf: duplicate
libpng warning: eXIf: duplicate
libpng warning: eXIf: duplicate
libpng warning: eXIf: duplicate
libpng warning: eXIf: duplicate
libpng warning: eXIf: duplicate
libpng warning: eXIf: duplicate
libpng warning: eXIf: duplicate
libpng warning: eXIf: duplicate
libpng warning: eXIf: duplicate
libpng warning: eXIf: duplicate
libpng warning: eXIf: duplicate
libpng warning: eXIf: duplicate
libpng warning: eXIf: duplicate
libpng warning: eXIf: duplicate
libpng warning: eXIf: duplicate
libpng warning: eXIf: duplicate
libpng warning: eXIf: duplicate
libpng warning: eXIf: duplicate
libpng warning: eXIf: duplicate
libpng warning: eXIf: duplicate
libpng warning: eXIf: duplicate
libpng warning: eXIf: duplicate
libpng warning: eXIf: duplicate
libpng warning: eXIf: duplicate
libpng warning: eXIf: duplicate
libpng warning: eXIf: duplicate
libpng warning: eXIf: duplicate
libpng warning: eXIf: duplicate
libpng warning: eXIf: duplicate
libpng warning: eXIf: duplicate
libpng warning: eXIf: duplicate
libpng warning: eXIf: duplicate
libpng warning: eXIf: duplicate
libpng warning: eXIf: duplicate
libpng warning: eXIf: duplicate
libpng warning: eXIf: duplicate
libpng warning: eXIf: duplicate
libpng warning: eXIf: duplicate
libpng warning: eXIf: duplicate
libpng warning: eXIf: duplicate
libpng warning: eXIf: duplicate
libpng warning: eXIf: duplicate
libpng warning: eXIf: duplicate
libpng warning: eXIf: duplicate
libpng warning: eXIf: duplicate
libpng warning: eXIf: duplicate
libpng warning: eXIf: duplicate
libpng warning: eXIf: duplicate
libpng warning: eXIf: duplicate
libpng warning: eXIf: duplicate
libpng warning: eXIf: duplicate
libpng warning: eXIf: duplicate
libpng warning: eXIf: duplicate
libpng warning: eXIf: duplicate
libpng warning: eXIf: duplicate
libpng warning: eXIf: duplicate
libpng warning: eXIf: duplicate
libpng warning: eXIf: duplicate
libpng warning: eXIf: duplicate
libpng warning: eXIf: duplicate
libpng warning: eXIf: duplicate
libpng warning: eXIf: duplicate
libpng warning: eXIf: duplicate
libpng warning: eXIf: duplicate
libpng warning: eXIf: duplicate
libpng warning: eXIf: duplicate
libpng warning: eXIf: duplicate
libpng warning: eXIf: duplicate
libpng warning: eXIf: duplicate
libpng warning: eXIf: duplicate
libpng warning: eXIf: duplicate
libpng warning: eXIf: duplicate
libpng warning: eXIf: duplicate
libpng warning: eXIf: duplicate
libpng warning: eXIf: duplicate
libpng warning: eXIf: duplicate
libpng warning: eXIf: duplicate
libpng warning: eXIf: duplicate
libpng warning: eXIf: duplicate
libpng warning: eXIf: duplicate
libpng warning: eXIf: duplicate
libpng warning: eXIf: duplicate
libpng warning: eXIf: duplicate
libpng warning: eXIf: duplicate
libpng warning: eXIf: duplicate
libpng warning: eXIf: duplicate
libpng warning: eXIf: duplicate
libpng warning: eXIf: duplicate
libpng warning: eXIf: duplicate
libpng warning: eXIf: duplicate
libpng warning: eXIf: duplicate
libpng warning: eXIf: duplicate
libpng warning: eXIf: duplicate
libpng warning: eXIf: duplicate
libpng warning: eXIf: duplicate
libpng warning: eXIf: duplicate
libpng warning: eXIf: duplicate
libpng warning: eXIf: duplicate
libpng warning: eXIf: duplicate
libpng warning: eXIf: duplicate
libpng warning: eXIf: duplicate
libpng warning: eXIf: duplicate
libpng warning: eXIf: duplicate
libpng warning: eXIf: duplicate
libpng warning: eXIf: duplicate
libpng warning: eXIf: duplicate
libpng warning: eXIf: duplicate
libpng warning: eXIf: duplicate
libpng warning: eXIf: duplicate
libpng warning: eXIf: duplicate
libpng warning: eXIf: duplicate
libpng warning: eXIf: duplicate
libpng warning: eXIf: duplicate
libpng warning: eXIf: duplicate
libpng warning: eXIf: duplicate
libpng warning: eXIf: duplicate
libpng warning: eXIf: duplicate
libpng warning: eXIf: duplicate
libpng warning: eXIf: duplicate
libpng warning: eXIf: duplicate
libpng warning: eXIf: duplicate
libpng warning: eXIf: duplicate
libpng warning: eXIf: duplicate
libpng warning: eXIf: duplicate
libpng warning: eXIf: duplicate
libpng warning: eXIf: duplicate
libpng warning: eXIf: duplicate
libpng warning: eXIf: duplicate
libpng warning: eXIf: duplicate
libpng warning: eXIf: duplicate
libpng warning: eXIf: duplicate
libpng warning: eXIf: duplicate
libpng warning: eXIf: duplicate
libpng warning: eXIf: duplicate
libpng warning: eXIf: duplicate
libpng warning: eXIf: duplicate
libpng warning: eXIf: duplicate
libpng warning: eXIf: duplicate
libpng warning: eXIf: duplicate
libpng warning: eXIf: duplicate
libpng warning: eXIf: duplicate
libpng warning: eXIf: duplicate
libpng warning: eXIf: duplicate
libpng warning: eXIf: duplicate
libpng warning: eXIf: duplicate
libpng warning: eXIf: duplicate
libpng warning: eXIf: duplicate
libpng warning: eXIf: duplicate
libpng warning: eXIf: duplicate
libpng warning: eXIf: duplicate
libpng warning: eXIf: duplicate
libpng warning: eXIf: duplicate
libpng warning: eXIf: duplicate
libpng warning: eXIf: duplicate
libpng warning: eXIf: duplicate
libpng warning: eXIf: duplicate
libpng warning: eXIf: duplicate
libpng warning: eXIf: duplicate
libpng warning: eXIf: duplicate
libpng warning: eXIf: duplicate
libpng warning: eXIf: duplicate
libpng warning: eXIf: duplicate
libpng warning: eXIf: duplicate
libpng warning: eXIf: duplicate
libpng warning: eXIf: duplicate
libpng warning: eXIf: duplicate
libpng warning: eXIf: duplicate
libpng warning: eXIf: duplicate
libpng warning: eXIf: duplicate
libpng warning: eXIf: duplicate
libpng warning: eXIf: duplicate
libpng warning: eXIf: duplicate
libpng warning: eXIf: duplicate
libpng warning: eXIf: duplicate
libpng warning: eXIf: duplicate
libpng warning: eXIf: duplicate
libpng warning: eXIf: duplicate
libpng warning: eXIf: duplicate
libpng warning: eXIf: duplicate
libpng warning: eXIf: duplicate
libpng warning: eXIf: duplicate
libpng warning: eXIf: duplicate
libpng warning: eXIf: duplicate
libpng warning: eXIf: duplicate
libpng warning: eXIf: duplicate
libpng warning: eXIf: duplicate
libpng warning: eXIf: duplicate
libpng warning: eXIf: duplicate
libpng warning: eXIf: duplicate
libpng warning: eXIf: duplicate
libpng warning: eXIf: duplicate
libpng warning: eXIf: duplicate
libpng warning: eXIf: duplicate
libpng warning: eXIf: duplicate
libpng warning: eXIf: duplicate
libpng warning: eXIf: duplicate
libpng warning: eXIf: duplicate
libpng warning: eXIf: duplicate
libpng warning: eXIf: duplicate
libpng warning: eXIf: duplicate
libpng warning: eXIf: duplicate
libpng warning: eXIf: duplicate
libpng warning: eXIf: duplicate
libpng warning: eXIf: duplicate
libpng warning: eXIf: duplicate
libpng warning: eXIf: duplicate
libpng warning: eXIf: duplicate
libpng warning: eXIf: duplicate
libpng warning: eXIf: duplicate
libpng warning: eXIf: duplicate
libpng warning: eXIf: duplicate
libpng warning: eXIf: duplicate
libpng warning: eXIf: duplicate
libpng warning: eXIf: duplicate
libpng warning: eXIf: duplicate
libpng warning: eXIf: duplicate
libpng warning: eXIf: duplicate
libpng warning: eXIf: duplicate
libpng warning: eXIf: duplicate
libpng warning: eXIf: duplicate
libpng warning: eXIf: duplicate
libpng warning: eXIf: duplicate
libpng warning: eXIf: duplicate
libpng warning: eXIf: duplicate
libpng warning: eXIf: duplicate
libpng warning: eXIf: duplicate
libpng warning: eXIf: duplicate
libpng warning: eXIf: duplicate
libpng warning: eXIf: duplicate
libpng warning: eXIf: duplicate
libpng warning: eXIf: duplicate
libpng warning: eXIf: duplicate
libpng warning: eXIf: duplicate
libpng warning: eXIf: duplicate
libpng warning: eXIf: duplicate
libpng warning: eXIf: duplicate
libpng warning: eXIf: duplicate
libpng warning: eXIf: duplicate
libpng warning: eXIf: duplicate
libpng warning: eXIf: duplicate
libpng warning: eXIf: duplicate
libpng warning: eXIf: duplicate
libpng warning: eXIf: duplicate
libpng warning: eXIf: duplicate
libpng warning: eXIf: duplicate
libpng warning: eXIf: duplicate
libpng warning: eXIf: duplicate
libpng warning: eXIf: duplicate
libpng warning: eXIf: duplicate
libpng warning: eXIf: duplicate
libpng warning: eXIf: duplicate
libpng warning: eXIf: duplicate
libpng warning: eXIf: duplicate
libpng warning: eXIf: duplicate
libpng warning: eXIf: duplicate
libpng warning: eXIf: duplicate
libpng warning: eXIf: duplicate
libpng warning: eXIf: duplicate
libpng warning: eXIf: duplicate
libpng warning: eXIf: duplicate
libpng warning: eXIf: duplicate
libpng warning: eXIf: duplicate
libpng warning: eXIf: duplicate
libpng warning: eXIf: duplicate
libpng warning: eXIf: duplicate
libpng warning: eXIf: duplicate
libpng warning: eXIf: duplicate
libpng warning: eXIf: duplicate
libpng warning: eXIf: duplicate
libpng warning: eXIf: duplicate
libpng warning: eXIf: duplicate
libpng warning: eXIf: duplicate
libpng warning: eXIf: duplicate
libpng warning: eXIf: duplicate
libpng warning: eXIf: duplicate
libpng warning: eXIf: duplicate
libpng warning: eXIf: duplicate
libpng warning: eXIf: duplicate
libpng warning: eXIf: duplicate
libpng warning: eXIf: duplicate
libpng warning: eXIf: duplicate
libpng warning: eXIf: duplicate
libpng warning: eXIf: duplicate
libpng warning: eXIf: duplicate
libpng warning: eXIf: duplicate
libpng warning: eXIf: duplicate
libpng warning: eXIf: duplicate
libpng warning: eXIf: duplicate
libpng warning: eXIf: duplicate
libpng warning: eXIf: duplicate
libpng warning: eXIf: duplicate
libpng warning: eXIf: duplicate
libpng warning: eXIf: duplicate
libpng warning: eXIf: duplicate
libpng warning: eXIf: duplicate
libpng warning: eXIf: duplicate
libpng warning: eXIf: duplicate
libpng warning: eXIf: duplicate
libpng warning: eXIf: duplicate
libpng warning: eXIf: duplicate
libpng warning: eXIf: duplicate
libpng warning: eXIf: duplicate
libpng warning: eXIf: duplicate
libpng warning: eXIf: duplicate
libpng warning: eXIf: duplicate
libpng warning: eXIf: duplicate
libpng warning: eXIf: duplicate
libpng warning: eXIf: duplicate
libpng warning: eXIf: duplicate
libpng warning: eXIf: duplicate
libpng warning: eXIf: duplicate
libpng warning: eXIf: duplicate
libpng warning: eXIf: duplicate
libpng warning: eXIf: duplicate
libpng warning: eXIf: duplicate
libpng warning: eXIf: duplicate
libpng warning: eXIf: duplicate
libpng warning: eXIf: duplicate
libpng warning: eXIf: duplicate
libpng warning: eXIf: duplicate
libpng warning: eXIf: duplicate
libpng warning: eXIf: duplicate
libpng warning: eXIf: duplicate
libpng warning: eXIf: duplicate
libpng warning: eXIf: duplicate
libpng warning: eXIf: duplicate
libpng warning: eXIf: duplicate
libpng warning: eXIf: duplicate
libpng warning: eXIf: duplicate
libpng warning: eXIf: duplicate
libpng warning: eXIf: duplicate
libpng warning: eXIf: duplicate
libpng warning: eXIf: duplicate
libpng warning: eXIf: duplicate
libpng warning: eXIf: duplicate
libpng warning: eXIf: duplicate
libpng warning: eXIf: duplicate
libpng warning: eXIf: duplicate
libpng warning: eXIf: duplicate
libpng warning: eXIf: duplicate
libpng warning: eXIf: duplicate
libpng warning: eXIf: duplicate
libpng warning: eXIf: duplicate
libpng warning: eXIf: duplicate
libpng warning: eXIf: duplicate
libpng warning: eXIf: duplicate
libpng warning: eXIf: duplicate
libpng warning: eXIf: duplicate
libpng warning: eXIf: duplicate
libpng warning: eXIf: duplicate
libpng warning: eXIf: duplicate
libpng warning: eXIf: duplicate
libpng warning: eXIf: duplicate
libpng warning: eXIf: duplicate
libpng warning: eXIf: duplicate
libpng warning: eXIf: duplicate
libpng warning: eXIf: duplicate
libpng warning: eXIf: duplicate
libpng warning: eXIf: duplicate
libpng warning: eXIf: duplicate
libpng warning: eXIf: duplicate
libpng warning: eXIf: duplicate
libpng warning: eXIf: duplicate
libpng warning: eXIf: duplicate
libpng warning: eXIf: duplicate
libpng warning: eXIf: duplicate
libpng warning: eXIf: duplicate
libpng warning: eXIf: duplicate
libpng warning: eXIf: duplicate
libpng warning: eXIf: duplicate
libpng warning: eXIf: duplicate
libpng warning: eXIf: duplicate
libpng warning: eXIf: duplicate
libpng warning: eXIf: duplicate
libpng warning: eXIf: duplicate
libpng warning: eXIf: duplicate
libpng warning: eXIf: duplicate
libpng warning: eXIf: duplicate
libpng warning: eXIf: duplicate
libpng warning: eXIf: duplicate
libpng warning: eXIf: duplicate
libpng warning: eXIf: duplicate
libpng warning: eXIf: duplicate
libpng warning: eXIf: duplicate
libpng warning: eXIf: duplicate
libpng warning: eXIf: duplicate
libpng warning: eXIf: duplicate
libpng warning: eXIf: duplicate
libpng warning: eXIf: duplicate
libpng warning: eXIf: duplicate
libpng warning: eXIf: duplicate
libpng warning: eXIf: duplicate
libpng warning: eXIf: duplicate
libpng warning: eXIf: duplicate
libpng warning: eXIf: duplicate
libpng warning: eXIf: duplicate
libpng warning: eXIf: duplicate
libpng warning: eXIf: duplicate
libpng warning: eXIf: duplicate
libpng warning: eXIf: duplicate
libpng warning: eXIf: duplicate
libpng warning: eXIf: duplicate
libpng warning: eXIf: duplicate
libpng warning: eXIf: duplicate
libpng warning: eXIf: duplicate
libpng warning: eXIf: duplicate
libpng warning: eXIf: duplicate
libpng warning: eXIf: duplicate
libpng warning: eXIf: duplicate
libpng warning: eXIf: duplicate
libpng warning: eXIf: duplicate
libpng warning: eXIf: duplicate
libpng warning: eXIf: duplicate
libpng warning: eXIf: duplicate
libpng warning: eXIf: duplicate
libpng warning: eXIf: duplicate
libpng warning: eXIf: duplicate
libpng warning: eXIf: duplicate
libpng warning: eXIf: duplicate
libpng warning: eXIf: duplicate
libpng warning: eXIf: duplicate
libpng warning: eXIf: duplicate
libpng warning: eXIf: duplicate
libpng warning: eXIf: duplicate
libpng warning: eXIf: duplicate
libpng warning: eXIf: duplicate
libpng warning: eXIf: duplicate
libpng warning: eXIf: duplicate
libpng warning: eXIf: duplicate
libpng warning: eXIf: duplicate
libpng warning: eXIf: duplicate
libpng warning: eXIf: duplicate
libpng warning: eXIf: duplicate
libpng warning: eXIf: duplicate
libpng warning: eXIf: duplicate
libpng warning: eXIf: duplicate
libpng warning: eXIf: duplicate
libpng warning: eXIf: duplicate
libpng warning: eXIf: duplicate
base dir name: ['', '4T', 'CXY', 'MV-Painter', 'data', 'train_data']
alpha count: 228045 241690
reverse false
base dir name: ['', '4T', 'CXY', 'MV-Painter', 'data', 'train_data']
alpha count: 228045 241690
reverse false
base dir name: ['', '4T', 'CXY', 'MV-Painter', 'data', 'train_data']
alpha count: 202206 207591
reverse false
base dir name: ['', '4T', 'CXY', 'MV-Painter', 'data', 'train_data']
alpha count: 202206 207591
reverse false
base dir name: ['', '4T', 'CXY', 'MV-Painter', 'data', 'train_data']
alpha count: 258492 250091
reverse true
base dir name: ['', '4T', 'CXY', 'MV-Painter', 'data', 'train_data']
alpha count: 258492 250091
reverse true
base dir name: ['', '4T', 'CXY', 'MV-Painter', 'data', 'train_data']
alpha count: 253120 259815
reverse false
base dir name: ['', '4T', 'CXY', 'MV-Painter', 'data', 'train_data']
alpha count: 253120 259815
reverse false
base dir name: ['', '4T', 'CXY', 'MV-Painter', 'data', 'train_data']
alpha count: 221746 230556
reverse false
base dir name: ['', '4T', 'CXY', 'MV-Painter', 'data', 'train_data']
alpha count: 221746 230556
reverse false
base dir name: ['', '4T', 'CXY', 'MV-Painter', 'data', 'train_data']
alpha count: 227517 216325
reverse true
base dir name: ['', '4T', 'CXY', 'MV-Painter', 'data', 'train_data']
alpha count: 227517 216325
reverse true
base dir name: ['', '4T', 'CXY', 'MV-Painter', 'data', 'train_data']
alpha count: 212435 215665
reverse false
base dir name: ['', '4T', 'CXY', 'MV-Painter', 'data', 'train_data']
alpha count: 212435 215665
reverse false
base dir name: ['', '4T', 'CXY', 'MV-Painter', 'data', 'train_data']
alpha count: 258889 249376
reverse true
base dir name: ['', '4T', 'CXY', 'MV-Painter', 'data', 'train_data']
alpha count: 258889 249376
reverse true
base dir name: ['', '4T', 'CXY', 'MV-Painter', 'data', 'train_data']
alpha count: 234423 206174
reverse true
base dir name: ['', '4T', 'CXY', 'MV-Painter', 'data', 'train_data']
alpha count: 234423 206174
reverse true
base dir name: ['', '4T', 'CXY', 'MV-Painter', 'data', 'train_data']
alpha count: 221324 234597
reverse false
base dir name: ['', '4T', 'CXY', 'MV-Painter', 'data', 'train_data']
alpha count: 221324 234597
reverse false
base dir name: ['', '4T', 'CXY', 'MV-Painter', 'data', 'train_data']
alpha count: 213101 222473
reverse false
base dir name: ['', '4T', 'CXY', 'MV-Painter', 'data', 'train_data']
alpha count: 213101 222473
reverse false
base dir name: ['', '4T', 'CXY', 'MV-Painter', 'data', 'train_data']
alpha count: 205678 209817
reverse false
base dir name: ['', '4T', 'CXY', 'MV-Painter', 'data', 'train_data']
alpha count: 205678 209817
reverse false
base dir name: ['', '4T', 'CXY', 'MV-Painter', 'data', 'train_data']
alpha count: 222531 231131
reverse false
base dir name: ['', '4T', 'CXY', 'MV-Painter', 'data', 'train_data']
alpha count: 222531 231131
reverse false
base dir name: ['', '4T', 'CXY', 'MV-Painter', 'data', 'train_data']
alpha count: 202239 211885
reverse false
base dir name: ['', '4T', 'CXY', 'MV-Painter', 'data', 'train_data']
alpha count: 202239 211885
reverse false
base dir name: ['', '4T', 'CXY', 'MV-Painter', 'data', 'train_data']
alpha count: 251115 259077
reverse false
base dir name: ['', '4T', 'CXY', 'MV-Painter', 'data', 'train_data']
alpha count: 251115 259077
reverse false
base dir name: ['', '4T', 'CXY', 'MV-Painter', 'data', 'train_data']
alpha count: 210217 227233
reverse false
base dir name: ['', '4T', 'CXY', 'MV-Painter', 'data', 'train_data']
alpha count: 210217 227233
reverse false
base dir name: ['', '4T', 'CXY', 'MV-Painter', 'data', 'train_data']
alpha count: 256551 261337
reverse false
base dir name: ['', '4T', 'CXY', 'MV-Painter', 'data', 'train_data']
alpha count: 256551 261337
reverse false
base dir name: ['', '4T', 'CXY', 'MV-Painter', 'data', 'train_data']
alpha count: 253001 239593
reverse true
base dir name: ['', '4T', 'CXY', 'MV-Painter', 'data', 'train_data']
alpha count: 253001 239593
reverse true
base dir name: ['', '4T', 'CXY', 'MV-Painter', 'data', 'train_data']
alpha count: 217180 223336
reverse false
base dir name: ['', '4T', 'CXY', 'MV-Painter', 'data', 'train_data']
alpha count: 217180 223336
reverse false
base dir name: ['', '4T', 'CXY', 'MV-Painter', 'data', 'train_data']
alpha count: 214173 221110
reverse false
base dir name: ['', '4T', 'CXY', 'MV-Painter', 'data', 'train_data']
alpha count: 214173 221110
reverse false
base dir name: ['', '4T', 'CXY', 'MV-Painter', 'data', 'train_data']
alpha count: 250837 259316
reverse false
base dir name: ['', '4T', 'CXY', 'MV-Painter', 'data', 'train_data']
alpha count: 250837 259316
reverse false
base dir name: ['', '4T', 'CXY', 'MV-Painter', 'data', 'train_data']
alpha count: 249532 233855
reverse true
base dir name: ['', '4T', 'CXY', 'MV-Painter', 'data', 'train_data']
alpha count: 249532 233855
reverse true
base dir name: ['', '4T', 'CXY', 'MV-Painter', 'data', 'train_data']
alpha count: 256614 245110
reverse true
base dir name: ['', '4T', 'CXY', 'MV-Painter', 'data', 'train_data']
alpha count: 256614 245110
reverse true
base dir name: ['', '4T', 'CXY', 'MV-Painter', 'data', 'train_data']
alpha count: 248917 233257
reverse true
base dir name: ['', '4T', 'CXY', 'MV-Painter', 'data', 'train_data']
alpha count: 248917 233257
reverse true
base dir name: ['', '4T', 'CXY', 'MV-Painter', 'data', 'train_data']
alpha count: 218196 234290
reverse false
base dir name: ['', '4T', 'CXY', 'MV-Painter', 'data', 'train_data']
alpha count: 218196 234290
reverse false
[76/276] obj_0099 mae=0.0082 ssim=0.9757
libpng warning: eXIf: duplicate
libpng warning: eXIf: duplicate
libpng warning: eXIf: duplicate
libpng warning: eXIf: duplicate
libpng warning: eXIf: duplicate
libpng warning: eXIf: duplicate
libpng warning: eXIf: duplicate
libpng warning: eXIf: duplicate
libpng warning: eXIf: duplicate
libpng warning: eXIf: duplicate
libpng warning: eXIf: duplicate
libpng warning: eXIf: duplicate
libpng warning: eXIf: duplicate
libpng warning: eXIf: duplicate
libpng warning: eXIf: duplicate
libpng warning: eXIf: duplicate
libpng warning: eXIf: duplicate
libpng warning: eXIf: duplicate
libpng warning: eXIf: duplicate
libpng warning: eXIf: duplicate
libpng warning: eXIf: duplicate
libpng warning: eXIf: duplicate
libpng warning: eXIf: duplicate
libpng warning: eXIf: duplicate
libpng warning: eXIf: duplicate
libpng warning: eXIf: duplicate
libpng warning: eXIf: duplicate
libpng warning: eXIf: duplicate
libpng warning: eXIf: duplicate
libpng warning: eXIf: duplicate
libpng warning: eXIf: duplicate
libpng warning: eXIf: duplicate
libpng warning: eXIf: duplicate
libpng warning: eXIf: duplicate
libpng warning: eXIf: duplicate
libpng warning: eXIf: duplicate
libpng warning: eXIf: duplicate
libpng warning: eXIf: duplicate
libpng warning: eXIf: duplicate
libpng warning: eXIf: duplicate
libpng warning: eXIf: duplicate
libpng warning: eXIf: duplicate
libpng warning: eXIf: duplicate
libpng warning: eXIf: duplicate
libpng warning: eXIf: duplicate
libpng warning: eXIf: duplicate
libpng warning: eXIf: duplicate
libpng warning: eXIf: duplicate
libpng warning: eXIf: duplicate
libpng warning: eXIf: duplicate
libpng warning: eXIf: duplicate
libpng warning: eXIf: duplicate
libpng warning: eXIf: duplicate
libpng warning: eXIf: duplicate
libpng warning: eXIf: duplicate
libpng warning: eXIf: duplicate
libpng warning: eXIf: duplicate
libpng warning: eXIf: duplicate
libpng warning: eXIf: duplicate
libpng warning: eXIf: duplicate
libpng warning: eXIf: duplicate
libpng warning: eXIf: duplicate
libpng warning: eXIf: duplicate
libpng warning: eXIf: duplicate
libpng warning: eXIf: duplicate
libpng warning: eXIf: duplicate
libpng warning: eXIf: duplicate
libpng warning: eXIf: duplicate
libpng warning: eXIf: duplicate
libpng warning: eXIf: duplicate
libpng warning: eXIf: duplicate
libpng warning: eXIf: duplicate
libpng warning: eXIf: duplicate
libpng warning: eXIf: duplicate
libpng warning: eXIf: duplicate
libpng warning: eXIf: duplicate
libpng warning: eXIf: duplicate
libpng warning: eXIf: duplicate
libpng warning: eXIf: duplicate
libpng warning: eXIf: duplicate
libpng warning: eXIf: duplicate
libpng warning: eXIf: duplicate
libpng warning: eXIf: duplicate
libpng warning: eXIf: duplicate
libpng warning: eXIf: duplicate
libpng warning: eXIf: duplicate
libpng warning: eXIf: duplicate
libpng warning: eXIf: duplicate
libpng warning: eXIf: duplicate
libpng warning: eXIf: duplicate
libpng warning: eXIf: duplicate
libpng warning: eXIf: duplicate
libpng warning: eXIf: duplicate
libpng warning: eXIf: duplicate
libpng warning: eXIf: duplicate
libpng warning: eXIf: duplicate
libpng warning: eXIf: duplicate
libpng warning: eXIf: duplicate
libpng warning: eXIf: duplicate
libpng warning: eXIf: duplicate
libpng warning: eXIf: duplicate
libpng warning: eXIf: duplicate
libpng warning: eXIf: duplicate
libpng warning: eXIf: duplicate
libpng warning: eXIf: duplicate
libpng warning: eXIf: duplicate
libpng warning: eXIf: duplicate
libpng warning: eXIf: duplicate
libpng warning: eXIf: duplicate
libpng warning: eXIf: duplicate
libpng warning: eXIf: duplicate
libpng warning: eXIf: duplicate
libpng warning: eXIf: duplicate
libpng warning: eXIf: duplicate
libpng warning: eXIf: duplicate
libpng warning: eXIf: duplicate
libpng warning: eXIf: duplicate
libpng warning: eXIf: duplicate
libpng warning: eXIf: duplicate
libpng warning: eXIf: duplicate
libpng warning: eXIf: duplicate
libpng warning: eXIf: duplicate
libpng warning: eXIf: duplicate
libpng warning: eXIf: duplicate
libpng warning: eXIf: duplicate
libpng warning: eXIf: duplicate
libpng warning: eXIf: duplicate
libpng warning: eXIf: duplicate
libpng warning: eXIf: duplicate
libpng warning: eXIf: duplicate
libpng warning: eXIf: duplicate
libpng warning: eXIf: duplicate
libpng warning: eXIf: duplicate
libpng warning: eXIf: duplicate
libpng warning: eXIf: duplicate
libpng warning: eXIf: duplicate
libpng warning: eXIf: duplicate
libpng warning: eXIf: duplicate
libpng warning: eXIf: duplicate
libpng warning: eXIf: duplicate
libpng warning: eXIf: duplicate
libpng warning: eXIf: duplicate
libpng warning: eXIf: duplicate
libpng warning: eXIf: duplicate
libpng warning: eXIf: duplicate
libpng warning: eXIf: duplicate
libpng warning: eXIf: duplicate
libpng warning: eXIf: duplicate
libpng warning: eXIf: duplicate
libpng warning: eXIf: duplicate
libpng warning: eXIf: duplicate
libpng warning: eXIf: duplicate
libpng warning: eXIf: duplicate
libpng warning: eXIf: duplicate
libpng warning: eXIf: duplicate
libpng warning: eXIf: duplicate
libpng warning: eXIf: duplicate
libpng warning: eXIf: duplicate
libpng warning: eXIf: duplicate
libpng warning: eXIf: duplicate
libpng warning: eXIf: duplicate
libpng warning: eXIf: duplicate
libpng warning: eXIf: duplicate
libpng warning: eXIf: duplicate
libpng warning: eXIf: duplicate
libpng warning: eXIf: duplicate
libpng warning: eXIf: duplicate
libpng warning: eXIf: duplicate
libpng warning: eXIf: duplicate
libpng warning: eXIf: duplicate
libpng warning: eXIf: duplicate
libpng warning: eXIf: duplicate
libpng warning: eXIf: duplicate
libpng warning: eXIf: duplicate
libpng warning: eXIf: duplicate
libpng warning: eXIf: duplicate
libpng warning: eXIf: duplicate
libpng warning: eXIf: duplicate
libpng warning: eXIf: duplicate
libpng warning: eXIf: duplicate
libpng warning: eXIf: duplicate
libpng warning: eXIf: duplicate
libpng warning: eXIf: duplicate
libpng warning: eXIf: duplicate
libpng warning: eXIf: duplicate
libpng warning: eXIf: duplicate
libpng warning: eXIf: duplicate
libpng warning: eXIf: duplicate
libpng warning: eXIf: duplicate
libpng warning: eXIf: duplicate
libpng warning: eXIf: duplicate
libpng warning: eXIf: duplicate
libpng warning: eXIf: duplicate
libpng warning: eXIf: duplicate
libpng warning: eXIf: duplicate
libpng warning: eXIf: duplicate
libpng warning: eXIf: duplicate
libpng warning: eXIf: duplicate
libpng warning: eXIf: duplicate
libpng warning: eXIf: duplicate
libpng warning: eXIf: duplicate
libpng warning: eXIf: duplicate
libpng warning: eXIf: duplicate
libpng warning: eXIf: duplicate
libpng warning: eXIf: duplicate
libpng warning: eXIf: duplicate
libpng warning: eXIf: duplicate
libpng warning: eXIf: duplicate
libpng warning: eXIf: duplicate
libpng warning: eXIf: duplicate
libpng warning: eXIf: duplicate
libpng warning: eXIf: duplicate
libpng warning: eXIf: duplicate
libpng warning: eXIf: duplicate
libpng warning: eXIf: duplicate
libpng warning: eXIf: duplicate
libpng warning: eXIf: duplicate
libpng warning: eXIf: duplicate
libpng warning: eXIf: duplicate
libpng warning: eXIf: duplicate
libpng warning: eXIf: duplicate
libpng warning: eXIf: duplicate
libpng warning: eXIf: duplicate
libpng warning: eXIf: duplicate
libpng warning: eXIf: duplicate
libpng warning: eXIf: duplicate
libpng warning: eXIf: duplicate
libpng warning: eXIf: duplicate
libpng warning: eXIf: duplicate
libpng warning: eXIf: duplicate
libpng warning: eXIf: duplicate
libpng warning: eXIf: duplicate
libpng warning: eXIf: duplicate
libpng warning: eXIf: duplicate
libpng warning: eXIf: duplicate
libpng warning: eXIf: duplicate
libpng warning: eXIf: duplicate
libpng warning: eXIf: duplicate
libpng warning: eXIf: duplicate
libpng warning: eXIf: duplicate
libpng warning: eXIf: duplicate
libpng warning: eXIf: duplicate
libpng warning: eXIf: duplicate
libpng warning: eXIf: duplicate
libpng warning: eXIf: duplicate
libpng warning: eXIf: duplicate
libpng warning: eXIf: duplicate
libpng warning: eXIf: duplicate
libpng warning: eXIf: duplicate
libpng warning: eXIf: duplicate
libpng warning: eXIf: duplicate
libpng warning: eXIf: duplicate
libpng warning: eXIf: duplicate
libpng warning: eXIf: duplicate
libpng warning: eXIf: duplicate
libpng warning: eXIf: duplicate
libpng warning: eXIf: duplicate
libpng warning: eXIf: duplicate
libpng warning: eXIf: duplicate
libpng warning: eXIf: duplicate
libpng warning: eXIf: duplicate
libpng warning: eXIf: duplicate
libpng warning: eXIf: duplicate
libpng warning: eXIf: duplicate
libpng warning: eXIf: duplicate
libpng warning: eXIf: duplicate
libpng warning: eXIf: duplicate
libpng warning: eXIf: duplicate
libpng warning: eXIf: duplicate
libpng warning: eXIf: duplicate
libpng warning: eXIf: duplicate
libpng warning: eXIf: duplicate
libpng warning: eXIf: duplicate
libpng warning: eXIf: duplicate
libpng warning: eXIf: duplicate
libpng warning: eXIf: duplicate
libpng warning: eXIf: duplicate
libpng warning: eXIf: duplicate
libpng warning: eXIf: duplicate
libpng warning: eXIf: duplicate
libpng warning: eXIf: duplicate
libpng warning: eXIf: duplicate
libpng warning: eXIf: duplicate
libpng warning: eXIf: duplicate
libpng warning: eXIf: duplicate
libpng warning: eXIf: duplicate
libpng warning: eXIf: duplicate
libpng warning: eXIf: duplicate
libpng warning: eXIf: duplicate
libpng warning: eXIf: duplicate
libpng warning: eXIf: duplicate
libpng warning: eXIf: duplicate
libpng warning: eXIf: duplicate
libpng warning: eXIf: duplicate
libpng warning: eXIf: duplicate
libpng warning: eXIf: duplicate
libpng warning: eXIf: duplicate
libpng warning: eXIf: duplicate
libpng warning: eXIf: duplicate
libpng warning: eXIf: duplicate
libpng warning: eXIf: duplicate
libpng warning: eXIf: duplicate
libpng warning: eXIf: duplicate
libpng warning: eXIf: duplicate
libpng warning: eXIf: duplicate
libpng warning: eXIf: duplicate
libpng warning: eXIf: duplicate
libpng warning: eXIf: duplicate
libpng warning: eXIf: duplicate
libpng warning: eXIf: duplicate
libpng warning: eXIf: duplicate
libpng warning: eXIf: duplicate
libpng warning: eXIf: duplicate
libpng warning: eXIf: duplicate
libpng warning: eXIf: duplicate
libpng warning: eXIf: duplicate
libpng warning: eXIf: duplicate
libpng warning: eXIf: duplicate
libpng warning: eXIf: duplicate
libpng warning: eXIf: duplicate
libpng warning: eXIf: duplicate
libpng warning: eXIf: duplicate
libpng warning: eXIf: duplicate
libpng warning: eXIf: duplicate
libpng warning: eXIf: duplicate
libpng warning: eXIf: duplicate
libpng warning: eXIf: duplicate
libpng warning: eXIf: duplicate
libpng warning: eXIf: duplicate
libpng warning: eXIf: duplicate
libpng warning: eXIf: duplicate
libpng warning: eXIf: duplicate
libpng warning: eXIf: duplicate
libpng warning: eXIf: duplicate
libpng warning: eXIf: duplicate
libpng warning: eXIf: duplicate
libpng warning: eXIf: duplicate
libpng warning: eXIf: duplicate
libpng warning: eXIf: duplicate
libpng warning: eXIf: duplicate
libpng warning: eXIf: duplicate
libpng warning: eXIf: duplicate
libpng warning: eXIf: duplicate
libpng warning: eXIf: duplicate
libpng warning: eXIf: duplicate
libpng warning: eXIf: duplicate
libpng warning: eXIf: duplicate
libpng warning: eXIf: duplicate
libpng warning: eXIf: duplicate
libpng warning: eXIf: duplicate
libpng warning: eXIf: duplicate
libpng warning: eXIf: duplicate
libpng warning: eXIf: duplicate
libpng warning: eXIf: duplicate
libpng warning: eXIf: duplicate
libpng warning: eXIf: duplicate
libpng warning: eXIf: duplicate
libpng warning: eXIf: duplicate
libpng warning: eXIf: duplicate
libpng warning: eXIf: duplicate
libpng warning: eXIf: duplicate
libpng warning: eXIf: duplicate
libpng warning: eXIf: duplicate
libpng warning: eXIf: duplicate
libpng warning: eXIf: duplicate
libpng warning: eXIf: duplicate
libpng warning: eXIf: duplicate
libpng warning: eXIf: duplicate
libpng warning: eXIf: duplicate
libpng warning: eXIf: duplicate
libpng warning: eXIf: duplicate
libpng warning: eXIf: duplicate
libpng warning: eXIf: duplicate
libpng warning: eXIf: duplicate
libpng warning: eXIf: duplicate
libpng warning: eXIf: duplicate
libpng warning: eXIf: duplicate
libpng warning: eXIf: duplicate
libpng warning: eXIf: duplicate
libpng warning: eXIf: duplicate
libpng warning: eXIf: duplicate
libpng warning: eXIf: duplicate
libpng warning: eXIf: duplicate
libpng warning: eXIf: duplicate
libpng warning: eXIf: duplicate
libpng warning: eXIf: duplicate
libpng warning: eXIf: duplicate
libpng warning: eXIf: duplicate
libpng warning: eXIf: duplicate
libpng warning: eXIf: duplicate
libpng warning: eXIf: duplicate
libpng warning: eXIf: duplicate
libpng warning: eXIf: duplicate
libpng warning: eXIf: duplicate
libpng warning: eXIf: duplicate
libpng warning: eXIf: duplicate
libpng warning: eXIf: duplicate
libpng warning: eXIf: duplicate
libpng warning: eXIf: duplicate
libpng warning: eXIf: duplicate
libpng warning: eXIf: duplicate
libpng warning: eXIf: duplicate
libpng warning: eXIf: duplicate
libpng warning: eXIf: duplicate
libpng warning: eXIf: duplicate
libpng warning: eXIf: duplicate
libpng warning: eXIf: duplicate
libpng warning: eXIf: duplicate
libpng warning: eXIf: duplicate
libpng warning: eXIf: duplicate
libpng warning: eXIf: duplicate
libpng warning: eXIf: duplicate
libpng warning: eXIf: duplicate
libpng warning: eXIf: duplicate
libpng warning: eXIf: duplicate
libpng warning: eXIf: duplicate
libpng warning: eXIf: duplicate
libpng warning: eXIf: duplicate
libpng warning: eXIf: duplicate
libpng warning: eXIf: duplicate
libpng warning: eXIf: duplicate
libpng warning: eXIf: duplicate
libpng warning: eXIf: duplicate
libpng warning: eXIf: duplicate
libpng warning: eXIf: duplicate
libpng warning: eXIf: duplicate
libpng warning: eXIf: duplicate
libpng warning: eXIf: duplicate
libpng warning: eXIf: duplicate
libpng warning: eXIf: duplicate
libpng warning: eXIf: duplicate
libpng warning: eXIf: duplicate
libpng warning: eXIf: duplicate
libpng warning: eXIf: duplicate
libpng warning: eXIf: duplicate
libpng warning: eXIf: duplicate
libpng warning: eXIf: duplicate
libpng warning: eXIf: duplicate
libpng warning: eXIf: duplicate
libpng warning: eXIf: duplicate
libpng warning: eXIf: duplicate
libpng warning: eXIf: duplicate
libpng warning: eXIf: duplicate
libpng warning: eXIf: duplicate
libpng warning: eXIf: duplicate
libpng warning: eXIf: duplicate
libpng warning: eXIf: duplicate
libpng warning: eXIf: duplicate
libpng warning: eXIf: duplicate
libpng warning: eXIf: duplicate
base dir name: ['', '4T', 'CXY', 'MV-Painter', 'data', 'train_data']
alpha count: 194847 206377
reverse false
base dir name: ['', '4T', 'CXY', 'MV-Painter', 'data', 'train_data']
alpha count: 194847 206377
reverse false
base dir name: ['', '4T', 'CXY', 'MV-Painter', 'data', 'train_data']
alpha count: 204433 228256
reverse false
base dir name: ['', '4T', 'CXY', 'MV-Painter', 'data', 'train_data']
alpha count: 204433 228256
reverse false
base dir name: ['', '4T', 'CXY', 'MV-Painter', 'data', 'train_data']
alpha count: 190292 195785
reverse false
base dir name: ['', '4T', 'CXY', 'MV-Painter', 'data', 'train_data']
alpha count: 190292 195785
reverse false
base dir name: ['', '4T', 'CXY', 'MV-Painter', 'data', 'train_data']
alpha count: 250652 257655
reverse false
base dir name: ['', '4T', 'CXY', 'MV-Painter', 'data', 'train_data']
alpha count: 250652 257655
reverse false
base dir name: ['', '4T', 'CXY', 'MV-Painter', 'data', 'train_data']
alpha count: 235210 224920
reverse true
base dir name: ['', '4T', 'CXY', 'MV-Painter', 'data', 'train_data']
alpha count: 235210 224920
reverse true
base dir name: ['', '4T', 'CXY', 'MV-Painter', 'data', 'train_data']
alpha count: 202984 206962
reverse false
base dir name: ['', '4T', 'CXY', 'MV-Painter', 'data', 'train_data']
alpha count: 202984 206962
reverse false
base dir name: ['', '4T', 'CXY', 'MV-Painter', 'data', 'train_data']
alpha count: 245260 225032
reverse true
base dir name: ['', '4T', 'CXY', 'MV-Painter', 'data', 'train_data']
alpha count: 245260 225032
reverse true
base dir name: ['', '4T', 'CXY', 'MV-Painter', 'data', 'train_data']
alpha count: 229360 236762
reverse false
base dir name: ['', '4T', 'CXY', 'MV-Painter', 'data', 'train_data']
alpha count: 229360 236762
reverse false
base dir name: ['', '4T', 'CXY', 'MV-Painter', 'data', 'train_data']
alpha count: 227981 235292
reverse false
base dir name: ['', '4T', 'CXY', 'MV-Painter', 'data', 'train_data']
alpha count: 227981 235292
reverse false
base dir name: ['', '4T', 'CXY', 'MV-Painter', 'data', 'train_data']
alpha count: 217914 230732
reverse false
base dir name: ['', '4T', 'CXY', 'MV-Painter', 'data', 'train_data']
alpha count: 217914 230732
reverse false
base dir name: ['', '4T', 'CXY', 'MV-Painter', 'data', 'train_data']
alpha count: 209764 224689
reverse false
base dir name: ['', '4T', 'CXY', 'MV-Painter', 'data', 'train_data']
alpha count: 209764 224689
reverse false
base dir name: ['', '4T', 'CXY', 'MV-Painter', 'data', 'train_data']
alpha count: 212379 224659
reverse false
base dir name: ['', '4T', 'CXY', 'MV-Painter', 'data', 'train_data']
alpha count: 212379 224659
reverse false
base dir name: ['', '4T', 'CXY', 'MV-Painter', 'data', 'train_data']
alpha count: 205801 219850
reverse false
base dir name: ['', '4T', 'CXY', 'MV-Painter', 'data', 'train_data']
alpha count: 205801 219850
reverse false
base dir name: ['', '4T', 'CXY', 'MV-Painter', 'data', 'train_data']
alpha count: 192864 196051
reverse false
base dir name: ['', '4T', 'CXY', 'MV-Painter', 'data', 'train_data']
alpha count: 192864 196051
reverse false
base dir name: ['', '4T', 'CXY', 'MV-Painter', 'data', 'train_data']
alpha count: 174589 164504
reverse true
base dir name: ['', '4T', 'CXY', 'MV-Painter', 'data', 'train_data']
alpha count: 174589 164504
reverse true
base dir name: ['', '4T', 'CXY', 'MV-Painter', 'data', 'train_data']
alpha count: 217326 145591
reverse true
base dir name: ['', '4T', 'CXY', 'MV-Painter', 'data', 'train_data']
alpha count: 217326 145591
reverse true
base dir name: ['', '4T', 'CXY', 'MV-Painter', 'data', 'train_data']
alpha count: 194777 181635
reverse true
base dir name: ['', '4T', 'CXY', 'MV-Painter', 'data', 'train_data']
alpha count: 194777 181635
reverse true
base dir name: ['', '4T', 'CXY', 'MV-Painter', 'data', 'train_data']
alpha count: 256694 218096
reverse true
base dir name: ['', '4T', 'CXY', 'MV-Painter', 'data', 'train_data']
alpha count: 256694 218096
reverse true
base dir name: ['', '4T', 'CXY', 'MV-Painter', 'data', 'train_data']
alpha count: 195915 254401
reverse false
base dir name: ['', '4T', 'CXY', 'MV-Painter', 'data', 'train_data']
alpha count: 195915 254401
reverse false
base dir name: ['', '4T', 'CXY', 'MV-Painter', 'data', 'train_data']
alpha count: 215561 208686
reverse true
base dir name: ['', '4T', 'CXY', 'MV-Painter', 'data', 'train_data']
alpha count: 215561 208686
reverse true
base dir name: ['', '4T', 'CXY', 'MV-Painter', 'data', 'train_data']
alpha count: 233230 225034
reverse true
base dir name: ['', '4T', 'CXY', 'MV-Painter', 'data', 'train_data']
alpha count: 233230 225034
reverse true
base dir name: ['', '4T', 'CXY', 'MV-Painter', 'data', 'train_data']
alpha count: 204926 194497
reverse true
base dir name: ['', '4T', 'CXY', 'MV-Painter', 'data', 'train_data']
alpha count: 204926 194497
reverse true
base dir name: ['', '4T', 'CXY', 'MV-Painter', 'data', 'train_data']
alpha count: 257316 204935
reverse true
base dir name: ['', '4T', 'CXY', 'MV-Painter', 'data', 'train_data']
alpha count: 257316 204935
reverse true
base dir name: ['', '4T', 'CXY', 'MV-Painter', 'data', 'train_data']
alpha count: 179222 170307
reverse true
base dir name: ['', '4T', 'CXY', 'MV-Painter', 'data', 'train_data']
alpha count: 179222 170307
reverse true
base dir name: ['', '4T', 'CXY', 'MV-Painter', 'data', 'train_data']
alpha count: 257332 231209
reverse true
base dir name: ['', '4T', 'CXY', 'MV-Painter', 'data', 'train_data']
alpha count: 257332 231209
reverse true
[101/276] obj_0124 mae=0.0089 ssim=0.9540
libpng warning: eXIf: duplicate
libpng warning: eXIf: duplicate
libpng warning: eXIf: duplicate
libpng warning: eXIf: duplicate
libpng warning: eXIf: duplicate
libpng warning: eXIf: duplicate
libpng warning: eXIf: duplicate
libpng warning: eXIf: duplicate
libpng warning: eXIf: duplicate
libpng warning: eXIf: duplicate
libpng warning: eXIf: duplicate
libpng warning: eXIf: duplicate
libpng warning: eXIf: duplicate
libpng warning: eXIf: duplicate
libpng warning: eXIf: duplicate
libpng warning: eXIf: duplicate
libpng warning: eXIf: duplicate
libpng warning: eXIf: duplicate
libpng warning: eXIf: duplicate
libpng warning: eXIf: duplicate
libpng warning: eXIf: duplicate
libpng warning: eXIf: duplicate
libpng warning: eXIf: duplicate
libpng warning: eXIf: duplicate
libpng warning: eXIf: duplicate
libpng warning: eXIf: duplicate
libpng warning: eXIf: duplicate
libpng warning: eXIf: duplicate
libpng warning: eXIf: duplicate
libpng warning: eXIf: duplicate
libpng warning: eXIf: duplicate
libpng warning: eXIf: duplicate
libpng warning: eXIf: duplicate
libpng warning: eXIf: duplicate
libpng warning: eXIf: duplicate
libpng warning: eXIf: duplicate
libpng warning: eXIf: duplicate
libpng warning: eXIf: duplicate
libpng warning: eXIf: duplicate
libpng warning: eXIf: duplicate
libpng warning: eXIf: duplicate
libpng warning: eXIf: duplicate
libpng warning: eXIf: duplicate
libpng warning: eXIf: duplicate
libpng warning: eXIf: duplicate
libpng warning: eXIf: duplicate
libpng warning: eXIf: duplicate
libpng warning: eXIf: duplicate
libpng warning: eXIf: duplicate
libpng warning: eXIf: duplicate
libpng warning: eXIf: duplicate
libpng warning: eXIf: duplicate
libpng warning: eXIf: duplicate
libpng warning: eXIf: duplicate
libpng warning: eXIf: duplicate
libpng warning: eXIf: duplicate
libpng warning: eXIf: duplicate
libpng warning: eXIf: duplicate
libpng warning: eXIf: duplicate
libpng warning: eXIf: duplicate
libpng warning: eXIf: duplicate
libpng warning: eXIf: duplicate
libpng warning: eXIf: duplicate
libpng warning: eXIf: duplicate
libpng warning: eXIf: duplicate
libpng warning: eXIf: duplicate
libpng warning: eXIf: duplicate
libpng warning: eXIf: duplicate
libpng warning: eXIf: duplicate
libpng warning: eXIf: duplicate
libpng warning: eXIf: duplicate
libpng warning: eXIf: duplicate
libpng warning: eXIf: duplicate
libpng warning: eXIf: duplicate
libpng warning: eXIf: duplicate
libpng warning: eXIf: duplicate
libpng warning: eXIf: duplicate
libpng warning: eXIf: duplicate
libpng warning: eXIf: duplicate
libpng warning: eXIf: duplicate
libpng warning: eXIf: duplicate
libpng warning: eXIf: duplicate
libpng warning: eXIf: duplicate
libpng warning: eXIf: duplicate
libpng warning: eXIf: duplicate
libpng warning: eXIf: duplicate
libpng warning: eXIf: duplicate
libpng warning: eXIf: duplicate
libpng warning: eXIf: duplicate
libpng warning: eXIf: duplicate
libpng warning: eXIf: duplicate
libpng warning: eXIf: duplicate
libpng warning: eXIf: duplicate
libpng warning: eXIf: duplicate
libpng warning: eXIf: duplicate
libpng warning: eXIf: duplicate
libpng warning: eXIf: duplicate
libpng warning: eXIf: duplicate
libpng warning: eXIf: duplicate
libpng warning: eXIf: duplicate
libpng warning: eXIf: duplicate
libpng warning: eXIf: duplicate
libpng warning: eXIf: duplicate
libpng warning: eXIf: duplicate
libpng warning: eXIf: duplicate
libpng warning: eXIf: duplicate
libpng warning: eXIf: duplicate
libpng warning: eXIf: duplicate
libpng warning: eXIf: duplicate
libpng warning: eXIf: duplicate
libpng warning: eXIf: duplicate
libpng warning: eXIf: duplicate
libpng warning: eXIf: duplicate
libpng warning: eXIf: duplicate
libpng warning: eXIf: duplicate
libpng warning: eXIf: duplicate
libpng warning: eXIf: duplicate
libpng warning: eXIf: duplicate
libpng warning: eXIf: duplicate
libpng warning: eXIf: duplicate
libpng warning: eXIf: duplicate
libpng warning: eXIf: duplicate
libpng warning: eXIf: duplicate
libpng warning: eXIf: duplicate
libpng warning: eXIf: duplicate
libpng warning: eXIf: duplicate
libpng warning: eXIf: duplicate
libpng warning: eXIf: duplicate
libpng warning: eXIf: duplicate
libpng warning: eXIf: duplicate
libpng warning: eXIf: duplicate
libpng warning: eXIf: duplicate
libpng warning: eXIf: duplicate
libpng warning: eXIf: duplicate
libpng warning: eXIf: duplicate
libpng warning: eXIf: duplicate
libpng warning: eXIf: duplicate
libpng warning: eXIf: duplicate
libpng warning: eXIf: duplicate
libpng warning: eXIf: duplicate
libpng warning: eXIf: duplicate
libpng warning: eXIf: duplicate
libpng warning: eXIf: duplicate
libpng warning: eXIf: duplicate
libpng warning: eXIf: duplicate
libpng warning: eXIf: duplicate
libpng warning: eXIf: duplicate
libpng warning: eXIf: duplicate
libpng warning: eXIf: duplicate
libpng warning: eXIf: duplicate
libpng warning: eXIf: duplicate
libpng warning: eXIf: duplicate
libpng warning: eXIf: duplicate
libpng warning: eXIf: duplicate
libpng warning: eXIf: duplicate
libpng warning: eXIf: duplicate
libpng warning: eXIf: duplicate
libpng warning: eXIf: duplicate
libpng warning: eXIf: duplicate
libpng warning: eXIf: duplicate
libpng warning: eXIf: duplicate
libpng warning: eXIf: duplicate
libpng warning: eXIf: duplicate
libpng warning: eXIf: duplicate
libpng warning: eXIf: duplicate
libpng warning: eXIf: duplicate
libpng warning: eXIf: duplicate
libpng warning: eXIf: duplicate
libpng warning: eXIf: duplicate
libpng warning: eXIf: duplicate
libpng warning: eXIf: duplicate
libpng warning: eXIf: duplicate
libpng warning: eXIf: duplicate
libpng warning: eXIf: duplicate
libpng warning: eXIf: duplicate
libpng warning: eXIf: duplicate
libpng warning: eXIf: duplicate
libpng warning: eXIf: duplicate
libpng warning: eXIf: duplicate
libpng warning: eXIf: duplicate
libpng warning: eXIf: duplicate
libpng warning: eXIf: duplicate
libpng warning: eXIf: duplicate
libpng warning: eXIf: duplicate
libpng warning: eXIf: duplicate
libpng warning: eXIf: duplicate
libpng warning: eXIf: duplicate
libpng warning: eXIf: duplicate
libpng warning: eXIf: duplicate
libpng warning: eXIf: duplicate
libpng warning: eXIf: duplicate
libpng warning: eXIf: duplicate
libpng warning: eXIf: duplicate
libpng warning: eXIf: duplicate
libpng warning: eXIf: duplicate
libpng warning: eXIf: duplicate
libpng warning: eXIf: duplicate
libpng warning: eXIf: duplicate
libpng warning: eXIf: duplicate
libpng warning: eXIf: duplicate
libpng warning: eXIf: duplicate
libpng warning: eXIf: duplicate
libpng warning: eXIf: duplicate
libpng warning: eXIf: duplicate
libpng warning: eXIf: duplicate
libpng warning: eXIf: duplicate
libpng warning: eXIf: duplicate
libpng warning: eXIf: duplicate
libpng warning: eXIf: duplicate
libpng warning: eXIf: duplicate
libpng warning: eXIf: duplicate
libpng warning: eXIf: duplicate
libpng warning: eXIf: duplicate
libpng warning: eXIf: duplicate
libpng warning: eXIf: duplicate
libpng warning: eXIf: duplicate
libpng warning: eXIf: duplicate
libpng warning: eXIf: duplicate
libpng warning: eXIf: duplicate
libpng warning: eXIf: duplicate
libpng warning: eXIf: duplicate
libpng warning: eXIf: duplicate
libpng warning: eXIf: duplicate
libpng warning: eXIf: duplicate
libpng warning: eXIf: duplicate
libpng warning: eXIf: duplicate
libpng warning: eXIf: duplicate
libpng warning: eXIf: duplicate
libpng warning: eXIf: duplicate
libpng warning: eXIf: duplicate
libpng warning: eXIf: duplicate
libpng warning: eXIf: duplicate
libpng warning: eXIf: duplicate
libpng warning: eXIf: duplicate
libpng warning: eXIf: duplicate
libpng warning: eXIf: duplicate
libpng warning: eXIf: duplicate
libpng warning: eXIf: duplicate
libpng warning: eXIf: duplicate
libpng warning: eXIf: duplicate
libpng warning: eXIf: duplicate
libpng warning: eXIf: duplicate
libpng warning: eXIf: duplicate
libpng warning: eXIf: duplicate
libpng warning: eXIf: duplicate
libpng warning: eXIf: duplicate
libpng warning: eXIf: duplicate
libpng warning: eXIf: duplicate
libpng warning: eXIf: duplicate
libpng warning: eXIf: duplicate
libpng warning: eXIf: duplicate
libpng warning: eXIf: duplicate
libpng warning: eXIf: duplicate
libpng warning: eXIf: duplicate
libpng warning: eXIf: duplicate
libpng warning: eXIf: duplicate
libpng warning: eXIf: duplicate
libpng warning: eXIf: duplicate
libpng warning: eXIf: duplicate
libpng warning: eXIf: duplicate
libpng warning: eXIf: duplicate
libpng warning: eXIf: duplicate
libpng warning: eXIf: duplicate
libpng warning: eXIf: duplicate
libpng warning: eXIf: duplicate
libpng warning: eXIf: duplicate
libpng warning: eXIf: duplicate
libpng warning: eXIf: duplicate
libpng warning: eXIf: duplicate
libpng warning: eXIf: duplicate
libpng warning: eXIf: duplicate
libpng warning: eXIf: duplicate
libpng warning: eXIf: duplicate
libpng warning: eXIf: duplicate
libpng warning: eXIf: duplicate
libpng warning: eXIf: duplicate
libpng warning: eXIf: duplicate
libpng warning: eXIf: duplicate
libpng warning: eXIf: duplicate
libpng warning: eXIf: duplicate
libpng warning: eXIf: duplicate
libpng warning: eXIf: duplicate
libpng warning: eXIf: duplicate
libpng warning: eXIf: duplicate
libpng warning: eXIf: duplicate
libpng warning: eXIf: duplicate
libpng warning: eXIf: duplicate
libpng warning: eXIf: duplicate
libpng warning: eXIf: duplicate
libpng warning: eXIf: duplicate
libpng warning: eXIf: duplicate
libpng warning: eXIf: duplicate
libpng warning: eXIf: duplicate
libpng warning: eXIf: duplicate
libpng warning: eXIf: duplicate
libpng warning: eXIf: duplicate
libpng warning: eXIf: duplicate
libpng warning: eXIf: duplicate
libpng warning: eXIf: duplicate
libpng warning: eXIf: duplicate
libpng warning: eXIf: duplicate
libpng warning: eXIf: duplicate
libpng warning: eXIf: duplicate
libpng warning: eXIf: duplicate
libpng warning: eXIf: duplicate
libpng warning: eXIf: duplicate
libpng warning: eXIf: duplicate
libpng warning: eXIf: duplicate
libpng warning: eXIf: duplicate
libpng warning: eXIf: duplicate
libpng warning: eXIf: duplicate
libpng warning: eXIf: duplicate
libpng warning: eXIf: duplicate
libpng warning: eXIf: duplicate
libpng warning: eXIf: duplicate
libpng warning: eXIf: duplicate
libpng warning: eXIf: duplicate
libpng warning: eXIf: duplicate
libpng warning: eXIf: duplicate
libpng warning: eXIf: duplicate
libpng warning: eXIf: duplicate
libpng warning: eXIf: duplicate
libpng warning: eXIf: duplicate
libpng warning: eXIf: duplicate
libpng warning: eXIf: duplicate
libpng warning: eXIf: duplicate
libpng warning: eXIf: duplicate
libpng warning: eXIf: duplicate
libpng warning: eXIf: duplicate
libpng warning: eXIf: duplicate
libpng warning: eXIf: duplicate
libpng warning: eXIf: duplicate
libpng warning: eXIf: duplicate
libpng warning: eXIf: duplicate
libpng warning: eXIf: duplicate
libpng warning: eXIf: duplicate
libpng warning: eXIf: duplicate
libpng warning: eXIf: duplicate
libpng warning: eXIf: duplicate
libpng warning: eXIf: duplicate
libpng warning: eXIf: duplicate
libpng warning: eXIf: duplicate
libpng warning: eXIf: duplicate
libpng warning: eXIf: duplicate
libpng warning: eXIf: duplicate
libpng warning: eXIf: duplicate
libpng warning: eXIf: duplicate
libpng warning: eXIf: duplicate
libpng warning: eXIf: duplicate
libpng warning: eXIf: duplicate
libpng warning: eXIf: duplicate
libpng warning: eXIf: duplicate
libpng warning: eXIf: duplicate
libpng warning: eXIf: duplicate
libpng warning: eXIf: duplicate
libpng warning: eXIf: duplicate
libpng warning: eXIf: duplicate
libpng warning: eXIf: duplicate
libpng warning: eXIf: duplicate
libpng warning: eXIf: duplicate
libpng warning: eXIf: duplicate
libpng warning: eXIf: duplicate
libpng warning: eXIf: duplicate
libpng warning: eXIf: duplicate
libpng warning: eXIf: duplicate
libpng warning: eXIf: duplicate
libpng warning: eXIf: duplicate
libpng warning: eXIf: duplicate
libpng warning: eXIf: duplicate
libpng warning: eXIf: duplicate
libpng warning: eXIf: duplicate
libpng warning: eXIf: duplicate
libpng warning: eXIf: duplicate
libpng warning: eXIf: duplicate
libpng warning: eXIf: duplicate
libpng warning: eXIf: duplicate
libpng warning: eXIf: duplicate
libpng warning: eXIf: duplicate
libpng warning: eXIf: duplicate
libpng warning: eXIf: duplicate
libpng warning: eXIf: duplicate
libpng warning: eXIf: duplicate
libpng warning: eXIf: duplicate
libpng warning: eXIf: duplicate
libpng warning: eXIf: duplicate
libpng warning: eXIf: duplicate
libpng warning: eXIf: duplicate
libpng warning: eXIf: duplicate
libpng warning: eXIf: duplicate
libpng warning: eXIf: duplicate
libpng warning: eXIf: duplicate
libpng warning: eXIf: duplicate
libpng warning: eXIf: duplicate
libpng warning: eXIf: duplicate
libpng warning: eXIf: duplicate
libpng warning: eXIf: duplicate
libpng warning: eXIf: duplicate
libpng warning: eXIf: duplicate
libpng warning: eXIf: duplicate
libpng warning: eXIf: duplicate
libpng warning: eXIf: duplicate
libpng warning: eXIf: duplicate
libpng warning: eXIf: duplicate
libpng warning: eXIf: duplicate
libpng warning: eXIf: duplicate
libpng warning: eXIf: duplicate
libpng warning: eXIf: duplicate
libpng warning: eXIf: duplicate
libpng warning: eXIf: duplicate
libpng warning: eXIf: duplicate
libpng warning: eXIf: duplicate
libpng warning: eXIf: duplicate
libpng warning: eXIf: duplicate
libpng warning: eXIf: duplicate
libpng warning: eXIf: duplicate
libpng warning: eXIf: duplicate
libpng warning: eXIf: duplicate
libpng warning: eXIf: duplicate
libpng warning: eXIf: duplicate
libpng warning: eXIf: duplicate
libpng warning: eXIf: duplicate
libpng warning: eXIf: duplicate
libpng warning: eXIf: duplicate
libpng warning: eXIf: duplicate
libpng warning: eXIf: duplicate
libpng warning: eXIf: duplicate
libpng warning: eXIf: duplicate
libpng warning: eXIf: duplicate
libpng warning: eXIf: duplicate
libpng warning: eXIf: duplicate
libpng warning: eXIf: duplicate
libpng warning: eXIf: duplicate
libpng warning: eXIf: duplicate
libpng warning: eXIf: duplicate
libpng warning: eXIf: duplicate
libpng warning: eXIf: duplicate
libpng warning: eXIf: duplicate
libpng warning: eXIf: duplicate
libpng warning: eXIf: duplicate
libpng warning: eXIf: duplicate
libpng warning: eXIf: duplicate
libpng warning: eXIf: duplicate
libpng warning: eXIf: duplicate
libpng warning: eXIf: duplicate
libpng warning: eXIf: duplicate
libpng warning: eXIf: duplicate
libpng warning: eXIf: duplicate
libpng warning: eXIf: duplicate
libpng warning: eXIf: duplicate
libpng warning: eXIf: duplicate
base dir name: ['', '4T', 'CXY', 'MV-Painter', 'data', 'train_data']
alpha count: 228095 253533
reverse false
base dir name: ['', '4T', 'CXY', 'MV-Painter', 'data', 'train_data']
alpha count: 228095 253533
reverse false
base dir name: ['', '4T', 'CXY', 'MV-Painter', 'data', 'train_data']
alpha count: 187738 185679
reverse true
base dir name: ['', '4T', 'CXY', 'MV-Painter', 'data', 'train_data']
alpha count: 187738 185679
reverse true
base dir name: ['', '4T', 'CXY', 'MV-Painter', 'data', 'train_data']
alpha count: 234330 224979
reverse true
base dir name: ['', '4T', 'CXY', 'MV-Painter', 'data', 'train_data']
alpha count: 234330 224979
reverse true
base dir name: ['', '4T', 'CXY', 'MV-Painter', 'data', 'train_data']
alpha count: 241216 210906
reverse true
base dir name: ['', '4T', 'CXY', 'MV-Painter', 'data', 'train_data']
alpha count: 241216 210906
reverse true
base dir name: ['', '4T', 'CXY', 'MV-Painter', 'data', 'train_data']
alpha count: 234109 233599
reverse true
base dir name: ['', '4T', 'CXY', 'MV-Painter', 'data', 'train_data']
alpha count: 234109 233599
reverse true
base dir name: ['', '4T', 'CXY', 'MV-Painter', 'data', 'train_data']
alpha count: 213378 176982
reverse true
base dir name: ['', '4T', 'CXY', 'MV-Painter', 'data', 'train_data']
alpha count: 213378 176982
reverse true
base dir name: ['', '4T', 'CXY', 'MV-Painter', 'data', 'train_data']
alpha count: 251423 259921
reverse false
base dir name: ['', '4T', 'CXY', 'MV-Painter', 'data', 'train_data']
alpha count: 251423 259921
reverse false
base dir name: ['', '4T', 'CXY', 'MV-Painter', 'data', 'train_data']
alpha count: 208522 194475
reverse true
base dir name: ['', '4T', 'CXY', 'MV-Painter', 'data', 'train_data']
alpha count: 208522 194475
reverse true
base dir name: ['', '4T', 'CXY', 'MV-Painter', 'data', 'train_data']
alpha count: 191703 245847
reverse false
base dir name: ['', '4T', 'CXY', 'MV-Painter', 'data', 'train_data']
alpha count: 191703 245847
reverse false
base dir name: ['', '4T', 'CXY', 'MV-Painter', 'data', 'train_data']
alpha count: 208496 192661
reverse true
base dir name: ['', '4T', 'CXY', 'MV-Painter', 'data', 'train_data']
alpha count: 208496 192661
reverse true
base dir name: ['', '4T', 'CXY', 'MV-Painter', 'data', 'train_data']
alpha count: 256529 207152
reverse true
base dir name: ['', '4T', 'CXY', 'MV-Painter', 'data', 'train_data']
alpha count: 256529 207152
reverse true
base dir name: ['', '4T', 'CXY', 'MV-Painter', 'data', 'train_data']
alpha count: 207653 202603
reverse true
base dir name: ['', '4T', 'CXY', 'MV-Painter', 'data', 'train_data']
alpha count: 207653 202603
reverse true
base dir name: ['', '4T', 'CXY', 'MV-Painter', 'data', 'train_data']
alpha count: 199623 198733
reverse true
base dir name: ['', '4T', 'CXY', 'MV-Painter', 'data', 'train_data']
alpha count: 199623 198733
reverse true
base dir name: ['', '4T', 'CXY', 'MV-Painter', 'data', 'train_data']
alpha count: 256702 214203
reverse true
base dir name: ['', '4T', 'CXY', 'MV-Painter', 'data', 'train_data']
alpha count: 256702 214203
reverse true
base dir name: ['', '4T', 'CXY', 'MV-Painter', 'data', 'train_data']
alpha count: 179139 161832
reverse true
base dir name: ['', '4T', 'CXY', 'MV-Painter', 'data', 'train_data']
alpha count: 179139 161832
reverse true
base dir name: ['', '4T', 'CXY', 'MV-Painter', 'data', 'train_data']
alpha count: 218325 214474
reverse true
base dir name: ['', '4T', 'CXY', 'MV-Painter', 'data', 'train_data']
alpha count: 218325 214474
reverse true
base dir name: ['', '4T', 'CXY', 'MV-Painter', 'data', 'train_data']
alpha count: 257236 227818
reverse true
base dir name: ['', '4T', 'CXY', 'MV-Painter', 'data', 'train_data']
alpha count: 257236 227818
reverse true
base dir name: ['', '4T', 'CXY', 'MV-Painter', 'data', 'train_data']
alpha count: 255745 202537
reverse true
base dir name: ['', '4T', 'CXY', 'MV-Painter', 'data', 'train_data']
alpha count: 255745 202537
reverse true
base dir name: ['', '4T', 'CXY', 'MV-Painter', 'data', 'train_data']
alpha count: 185215 249336
reverse false
base dir name: ['', '4T', 'CXY', 'MV-Painter', 'data', 'train_data']
alpha count: 185215 249336
reverse false
base dir name: ['', '4T', 'CXY', 'MV-Painter', 'data', 'train_data']
alpha count: 229370 212495
reverse true
base dir name: ['', '4T', 'CXY', 'MV-Painter', 'data', 'train_data']
alpha count: 229370 212495
reverse true
base dir name: ['', '4T', 'CXY', 'MV-Painter', 'data', 'train_data']
alpha count: 222437 236259
reverse false
base dir name: ['', '4T', 'CXY', 'MV-Painter', 'data', 'train_data']
alpha count: 222437 236259
reverse false
base dir name: ['', '4T', 'CXY', 'MV-Painter', 'data', 'train_data']
alpha count: 199661 188421
reverse true
base dir name: ['', '4T', 'CXY', 'MV-Painter', 'data', 'train_data']
alpha count: 199661 188421
reverse true
base dir name: ['', '4T', 'CXY', 'MV-Painter', 'data', 'train_data']
alpha count: 192025 196221
reverse false
base dir name: ['', '4T', 'CXY', 'MV-Painter', 'data', 'train_data']
alpha count: 192025 196221
reverse false
base dir name: ['', '4T', 'CXY', 'MV-Painter', 'data', 'train_data']
alpha count: 227216 162659
reverse true
base dir name: ['', '4T', 'CXY', 'MV-Painter', 'data', 'train_data']
alpha count: 227216 162659
reverse true
base dir name: ['', '4T', 'CXY', 'MV-Painter', 'data', 'train_data']
alpha count: 222123 234643
reverse false
base dir name: ['', '4T', 'CXY', 'MV-Painter', 'data', 'train_data']
alpha count: 222123 234643
reverse false
[126/276] obj_0149 mae=0.0234 ssim=0.9324
libpng warning: eXIf: duplicate
libpng warning: eXIf: duplicate
libpng warning: eXIf: duplicate
libpng warning: eXIf: duplicate
libpng warning: eXIf: duplicate
libpng warning: eXIf: duplicate
libpng warning: eXIf: duplicate
libpng warning: eXIf: duplicate
libpng warning: eXIf: duplicate
libpng warning: eXIf: duplicate
libpng warning: eXIf: duplicate
libpng warning: eXIf: duplicate
libpng warning: eXIf: duplicate
libpng warning: eXIf: duplicate
libpng warning: eXIf: duplicate
libpng warning: eXIf: duplicate
libpng warning: eXIf: duplicate
libpng warning: eXIf: duplicate
libpng warning: eXIf: duplicate
libpng warning: eXIf: duplicate
libpng warning: eXIf: duplicate
libpng warning: eXIf: duplicate
libpng warning: eXIf: duplicate
libpng warning: eXIf: duplicate
libpng warning: eXIf: duplicate
libpng warning: eXIf: duplicate
libpng warning: eXIf: duplicate
libpng warning: eXIf: duplicate
libpng warning: eXIf: duplicate
libpng warning: eXIf: duplicate
libpng warning: eXIf: duplicate
libpng warning: eXIf: duplicate
libpng warning: eXIf: duplicate
libpng warning: eXIf: duplicate
libpng warning: eXIf: duplicate
libpng warning: eXIf: duplicate
libpng warning: eXIf: duplicate
libpng warning: eXIf: duplicate
libpng warning: eXIf: duplicate
libpng warning: eXIf: duplicate
libpng warning: eXIf: duplicate
libpng warning: eXIf: duplicate
libpng warning: eXIf: duplicate
libpng warning: eXIf: duplicate
libpng warning: eXIf: duplicate
libpng warning: eXIf: duplicate
libpng warning: eXIf: duplicate
libpng warning: eXIf: duplicate
libpng warning: eXIf: duplicate
libpng warning: eXIf: duplicate
libpng warning: eXIf: duplicate
libpng warning: eXIf: duplicate
libpng warning: eXIf: duplicate
libpng warning: eXIf: duplicate
libpng warning: eXIf: duplicate
libpng warning: eXIf: duplicate
libpng warning: eXIf: duplicate
libpng warning: eXIf: duplicate
libpng warning: eXIf: duplicate
libpng warning: eXIf: duplicate
libpng warning: eXIf: duplicate
libpng warning: eXIf: duplicate
libpng warning: eXIf: duplicate
libpng warning: eXIf: duplicate
libpng warning: eXIf: duplicate
libpng warning: eXIf: duplicate
libpng warning: eXIf: duplicate
libpng warning: eXIf: duplicate
libpng warning: eXIf: duplicate
libpng warning: eXIf: duplicate
libpng warning: eXIf: duplicate
libpng warning: eXIf: duplicate
libpng warning: eXIf: duplicate
libpng warning: eXIf: duplicate
libpng warning: eXIf: duplicate
libpng warning: eXIf: duplicate
libpng warning: eXIf: duplicate
libpng warning: eXIf: duplicate
libpng warning: eXIf: duplicate
libpng warning: eXIf: duplicate
libpng warning: eXIf: duplicate
libpng warning: eXIf: duplicate
libpng warning: eXIf: duplicate
libpng warning: eXIf: duplicate
libpng warning: eXIf: duplicate
libpng warning: eXIf: duplicate
libpng warning: eXIf: duplicate
libpng warning: eXIf: duplicate
libpng warning: eXIf: duplicate
libpng warning: eXIf: duplicate
libpng warning: eXIf: duplicate
libpng warning: eXIf: duplicate
libpng warning: eXIf: duplicate
libpng warning: eXIf: duplicate
libpng warning: eXIf: duplicate
libpng warning: eXIf: duplicate
libpng warning: eXIf: duplicate
libpng warning: eXIf: duplicate
libpng warning: eXIf: duplicate
libpng warning: eXIf: duplicate
libpng warning: eXIf: duplicate
libpng warning: eXIf: duplicate
libpng warning: eXIf: duplicate
libpng warning: eXIf: duplicate
libpng warning: eXIf: duplicate
libpng warning: eXIf: duplicate
libpng warning: eXIf: duplicate
libpng warning: eXIf: duplicate
libpng warning: eXIf: duplicate
libpng warning: eXIf: duplicate
libpng warning: eXIf: duplicate
libpng warning: eXIf: duplicate
libpng warning: eXIf: duplicate
libpng warning: eXIf: duplicate
libpng warning: eXIf: duplicate
libpng warning: eXIf: duplicate
libpng warning: eXIf: duplicate
libpng warning: eXIf: duplicate
libpng warning: eXIf: duplicate
libpng warning: eXIf: duplicate
libpng warning: eXIf: duplicate
libpng warning: eXIf: duplicate
libpng warning: eXIf: duplicate
libpng warning: eXIf: duplicate
libpng warning: eXIf: duplicate
libpng warning: eXIf: duplicate
libpng warning: eXIf: duplicate
libpng warning: eXIf: duplicate
libpng warning: eXIf: duplicate
libpng warning: eXIf: duplicate
libpng warning: eXIf: duplicate
libpng warning: eXIf: duplicate
libpng warning: eXIf: duplicate
libpng warning: eXIf: duplicate
libpng warning: eXIf: duplicate
libpng warning: eXIf: duplicate
libpng warning: eXIf: duplicate
libpng warning: eXIf: duplicate
libpng warning: eXIf: duplicate
libpng warning: eXIf: duplicate
libpng warning: eXIf: duplicate
libpng warning: eXIf: duplicate
libpng warning: eXIf: duplicate
libpng warning: eXIf: duplicate
libpng warning: eXIf: duplicate
libpng warning: eXIf: duplicate
libpng warning: eXIf: duplicate
libpng warning: eXIf: duplicate
libpng warning: eXIf: duplicate
libpng warning: eXIf: duplicate
libpng warning: eXIf: duplicate
libpng warning: eXIf: duplicate
libpng warning: eXIf: duplicate
libpng warning: eXIf: duplicate
libpng warning: eXIf: duplicate
libpng warning: eXIf: duplicate
libpng warning: eXIf: duplicate
libpng warning: eXIf: duplicate
libpng warning: eXIf: duplicate
libpng warning: eXIf: duplicate
libpng warning: eXIf: duplicate
libpng warning: eXIf: duplicate
libpng warning: eXIf: duplicate
libpng warning: eXIf: duplicate
libpng warning: eXIf: duplicate
libpng warning: eXIf: duplicate
libpng warning: eXIf: duplicate
libpng warning: eXIf: duplicate
libpng warning: eXIf: duplicate
libpng warning: eXIf: duplicate
libpng warning: eXIf: duplicate
libpng warning: eXIf: duplicate
libpng warning: eXIf: duplicate
libpng warning: eXIf: duplicate
libpng warning: eXIf: duplicate
libpng warning: eXIf: duplicate
libpng warning: eXIf: duplicate
libpng warning: eXIf: duplicate
libpng warning: eXIf: duplicate
libpng warning: eXIf: duplicate
libpng warning: eXIf: duplicate
libpng warning: eXIf: duplicate
libpng warning: eXIf: duplicate
libpng warning: eXIf: duplicate
libpng warning: eXIf: duplicate
libpng warning: eXIf: duplicate
libpng warning: eXIf: duplicate
libpng warning: eXIf: duplicate
libpng warning: eXIf: duplicate
libpng warning: eXIf: duplicate
libpng warning: eXIf: duplicate
libpng warning: eXIf: duplicate
libpng warning: eXIf: duplicate
libpng warning: eXIf: duplicate
libpng warning: eXIf: duplicate
libpng warning: eXIf: duplicate
libpng warning: eXIf: duplicate
libpng warning: eXIf: duplicate
libpng warning: eXIf: duplicate
libpng warning: eXIf: duplicate
libpng warning: eXIf: duplicate
libpng warning: eXIf: duplicate
libpng warning: eXIf: duplicate
libpng warning: eXIf: duplicate
libpng warning: eXIf: duplicate
libpng warning: eXIf: duplicate
libpng warning: eXIf: duplicate
libpng warning: eXIf: duplicate
libpng warning: eXIf: duplicate
libpng warning: eXIf: duplicate
libpng warning: eXIf: duplicate
libpng warning: eXIf: duplicate
libpng warning: eXIf: duplicate
libpng warning: eXIf: duplicate
libpng warning: eXIf: duplicate
libpng warning: eXIf: duplicate
libpng warning: eXIf: duplicate
libpng warning: eXIf: duplicate
libpng warning: eXIf: duplicate
libpng warning: eXIf: duplicate
libpng warning: eXIf: duplicate
libpng warning: eXIf: duplicate
libpng warning: eXIf: duplicate
libpng warning: eXIf: duplicate
libpng warning: eXIf: duplicate
libpng warning: eXIf: duplicate
libpng warning: eXIf: duplicate
libpng warning: eXIf: duplicate
libpng warning: eXIf: duplicate
libpng warning: eXIf: duplicate
libpng warning: eXIf: duplicate
libpng warning: eXIf: duplicate
libpng warning: eXIf: duplicate
libpng warning: eXIf: duplicate
libpng warning: eXIf: duplicate
libpng warning: eXIf: duplicate
libpng warning: eXIf: duplicate
libpng warning: eXIf: duplicate
libpng warning: eXIf: duplicate
libpng warning: eXIf: duplicate
libpng warning: eXIf: duplicate
libpng warning: eXIf: duplicate
libpng warning: eXIf: duplicate
libpng warning: eXIf: duplicate
libpng warning: eXIf: duplicate
libpng warning: eXIf: duplicate
libpng warning: eXIf: duplicate
libpng warning: eXIf: duplicate
libpng warning: eXIf: duplicate
libpng warning: eXIf: duplicate
libpng warning: eXIf: duplicate
libpng warning: eXIf: duplicate
libpng warning: eXIf: duplicate
libpng warning: eXIf: duplicate
libpng warning: eXIf: duplicate
libpng warning: eXIf: duplicate
libpng warning: eXIf: duplicate
libpng warning: eXIf: duplicate
libpng warning: eXIf: duplicate
libpng warning: eXIf: duplicate
libpng warning: eXIf: duplicate
libpng warning: eXIf: duplicate
libpng warning: eXIf: duplicate
libpng warning: eXIf: duplicate
libpng warning: eXIf: duplicate
libpng warning: eXIf: duplicate
libpng warning: eXIf: duplicate
libpng warning: eXIf: duplicate
libpng warning: eXIf: duplicate
libpng warning: eXIf: duplicate
libpng warning: eXIf: duplicate
libpng warning: eXIf: duplicate
libpng warning: eXIf: duplicate
libpng warning: eXIf: duplicate
libpng warning: eXIf: duplicate
libpng warning: eXIf: duplicate
libpng warning: eXIf: duplicate
libpng warning: eXIf: duplicate
libpng warning: eXIf: duplicate
libpng warning: eXIf: duplicate
libpng warning: eXIf: duplicate
libpng warning: eXIf: duplicate
libpng warning: eXIf: duplicate
libpng warning: eXIf: duplicate
libpng warning: eXIf: duplicate
libpng warning: eXIf: duplicate
libpng warning: eXIf: duplicate
libpng warning: eXIf: duplicate
libpng warning: eXIf: duplicate
libpng warning: eXIf: duplicate
libpng warning: eXIf: duplicate
libpng warning: eXIf: duplicate
libpng warning: eXIf: duplicate
libpng warning: eXIf: duplicate
libpng warning: eXIf: duplicate
libpng warning: eXIf: duplicate
libpng warning: eXIf: duplicate
libpng warning: eXIf: duplicate
libpng warning: eXIf: duplicate
libpng warning: eXIf: duplicate
libpng warning: eXIf: duplicate
libpng warning: eXIf: duplicate
libpng warning: eXIf: duplicate
libpng warning: eXIf: duplicate
libpng warning: eXIf: duplicate
libpng warning: eXIf: duplicate
libpng warning: eXIf: duplicate
libpng warning: eXIf: duplicate
libpng warning: eXIf: duplicate
libpng warning: eXIf: duplicate
libpng warning: eXIf: duplicate
libpng warning: eXIf: duplicate
libpng warning: eXIf: duplicate
libpng warning: eXIf: duplicate
libpng warning: eXIf: duplicate
libpng warning: eXIf: duplicate
libpng warning: eXIf: duplicate
libpng warning: eXIf: duplicate
libpng warning: eXIf: duplicate
libpng warning: eXIf: duplicate
libpng warning: eXIf: duplicate
libpng warning: eXIf: duplicate
libpng warning: eXIf: duplicate
libpng warning: eXIf: duplicate
libpng warning: eXIf: duplicate
libpng warning: eXIf: duplicate
libpng warning: eXIf: duplicate
libpng warning: eXIf: duplicate
libpng warning: eXIf: duplicate
libpng warning: eXIf: duplicate
libpng warning: eXIf: duplicate
libpng warning: eXIf: duplicate
libpng warning: eXIf: duplicate
libpng warning: eXIf: duplicate
libpng warning: eXIf: duplicate
libpng warning: eXIf: duplicate
libpng warning: eXIf: duplicate
libpng warning: eXIf: duplicate
libpng warning: eXIf: duplicate
libpng warning: eXIf: duplicate
libpng warning: eXIf: duplicate
libpng warning: eXIf: duplicate
libpng warning: eXIf: duplicate
libpng warning: eXIf: duplicate
libpng warning: eXIf: duplicate
libpng warning: eXIf: duplicate
libpng warning: eXIf: duplicate
libpng warning: eXIf: duplicate
libpng warning: eXIf: duplicate
libpng warning: eXIf: duplicate
libpng warning: eXIf: duplicate
libpng warning: eXIf: duplicate
libpng warning: eXIf: duplicate
libpng warning: eXIf: duplicate
libpng warning: eXIf: duplicate
libpng warning: eXIf: duplicate
libpng warning: eXIf: duplicate
libpng warning: eXIf: duplicate
libpng warning: eXIf: duplicate
libpng warning: eXIf: duplicate
libpng warning: eXIf: duplicate
libpng warning: eXIf: duplicate
libpng warning: eXIf: duplicate
libpng warning: eXIf: duplicate
libpng warning: eXIf: duplicate
libpng warning: eXIf: duplicate
libpng warning: eXIf: duplicate
libpng warning: eXIf: duplicate
libpng warning: eXIf: duplicate
libpng warning: eXIf: duplicate
libpng warning: eXIf: duplicate
libpng warning: eXIf: duplicate
libpng warning: eXIf: duplicate
libpng warning: eXIf: duplicate
libpng warning: eXIf: duplicate
libpng warning: eXIf: duplicate
libpng warning: eXIf: duplicate
libpng warning: eXIf: duplicate
libpng warning: eXIf: duplicate
libpng warning: eXIf: duplicate
libpng warning: eXIf: duplicate
libpng warning: eXIf: duplicate
libpng warning: eXIf: duplicate
libpng warning: eXIf: duplicate
libpng warning: eXIf: duplicate
libpng warning: eXIf: duplicate
libpng warning: eXIf: duplicate
libpng warning: eXIf: duplicate
libpng warning: eXIf: duplicate
libpng warning: eXIf: duplicate
libpng warning: eXIf: duplicate
libpng warning: eXIf: duplicate
libpng warning: eXIf: duplicate
libpng warning: eXIf: duplicate
libpng warning: eXIf: duplicate
libpng warning: eXIf: duplicate
libpng warning: eXIf: duplicate
libpng warning: eXIf: duplicate
libpng warning: eXIf: duplicate
libpng warning: eXIf: duplicate
libpng warning: eXIf: duplicate
libpng warning: eXIf: duplicate
libpng warning: eXIf: duplicate
libpng warning: eXIf: duplicate
libpng warning: eXIf: duplicate
libpng warning: eXIf: duplicate
libpng warning: eXIf: duplicate
libpng warning: eXIf: duplicate
libpng warning: eXIf: duplicate
libpng warning: eXIf: duplicate
libpng warning: eXIf: duplicate
libpng warning: eXIf: duplicate
libpng warning: eXIf: duplicate
libpng warning: eXIf: duplicate
libpng warning: eXIf: duplicate
libpng warning: eXIf: duplicate
libpng warning: eXIf: duplicate
libpng warning: eXIf: duplicate
libpng warning: eXIf: duplicate
libpng warning: eXIf: duplicate
libpng warning: eXIf: duplicate
libpng warning: eXIf: duplicate
libpng warning: eXIf: duplicate
libpng warning: eXIf: duplicate
libpng warning: eXIf: duplicate
libpng warning: eXIf: duplicate
libpng warning: eXIf: duplicate
libpng warning: eXIf: duplicate
libpng warning: eXIf: duplicate
libpng warning: eXIf: duplicate
libpng warning: eXIf: duplicate
libpng warning: eXIf: duplicate
libpng warning: eXIf: duplicate
libpng warning: eXIf: duplicate
libpng warning: eXIf: duplicate
libpng warning: eXIf: duplicate
libpng warning: eXIf: duplicate
libpng warning: eXIf: duplicate
libpng warning: eXIf: duplicate
libpng warning: eXIf: duplicate
libpng warning: eXIf: duplicate
libpng warning: eXIf: duplicate
libpng warning: eXIf: duplicate
libpng warning: eXIf: duplicate
libpng warning: eXIf: duplicate
libpng warning: eXIf: duplicate
libpng warning: eXIf: duplicate
libpng warning: eXIf: duplicate
libpng warning: eXIf: duplicate
libpng warning: eXIf: duplicate
base dir name: ['', '4T', 'CXY', 'MV-Painter', 'data', 'train_data']
alpha count: 189951 178443
reverse true
base dir name: ['', '4T', 'CXY', 'MV-Painter', 'data', 'train_data']
alpha count: 189951 178443
reverse true
base dir name: ['', '4T', 'CXY', 'MV-Painter', 'data', 'train_data']
alpha count: 257203 212658
reverse true
base dir name: ['', '4T', 'CXY', 'MV-Painter', 'data', 'train_data']
alpha count: 257203 212658
reverse true
base dir name: ['', '4T', 'CXY', 'MV-Painter', 'data', 'train_data']
alpha count: 199077 162373
reverse true
base dir name: ['', '4T', 'CXY', 'MV-Painter', 'data', 'train_data']
alpha count: 199077 162373
reverse true
base dir name: ['', '4T', 'CXY', 'MV-Painter', 'data', 'train_data']
alpha count: 253445 227754
reverse true
base dir name: ['', '4T', 'CXY', 'MV-Painter', 'data', 'train_data']
alpha count: 253445 227754
reverse true
base dir name: ['', '4T', 'CXY', 'MV-Painter', 'data', 'train_data']
alpha count: 206054 199922
reverse true
base dir name: ['', '4T', 'CXY', 'MV-Painter', 'data', 'train_data']
alpha count: 206054 199922
reverse true
base dir name: ['', '4T', 'CXY', 'MV-Painter', 'data', 'train_data']
alpha count: 242742 206370
reverse true
base dir name: ['', '4T', 'CXY', 'MV-Painter', 'data', 'train_data']
alpha count: 242742 206370
reverse true
base dir name: ['', '4T', 'CXY', 'MV-Painter', 'data', 'train_data']
alpha count: 235714 235789
reverse false
base dir name: ['', '4T', 'CXY', 'MV-Painter', 'data', 'train_data']
alpha count: 235714 235789
reverse false
base dir name: ['', '4T', 'CXY', 'MV-Painter', 'data', 'train_data']
alpha count: 230725 232287
reverse false
base dir name: ['', '4T', 'CXY', 'MV-Painter', 'data', 'train_data']
alpha count: 230725 232287
reverse false
base dir name: ['', '4T', 'CXY', 'MV-Painter', 'data', 'train_data']
alpha count: 216792 207678
reverse true
base dir name: ['', '4T', 'CXY', 'MV-Painter', 'data', 'train_data']
alpha count: 216792 207678
reverse true
base dir name: ['', '4T', 'CXY', 'MV-Painter', 'data', 'train_data']
alpha count: 216914 201687
reverse true
base dir name: ['', '4T', 'CXY', 'MV-Painter', 'data', 'train_data']
alpha count: 216914 201687
reverse true
base dir name: ['', '4T', 'CXY', 'MV-Painter', 'data', 'train_data']
alpha count: 210815 188925
reverse true
base dir name: ['', '4T', 'CXY', 'MV-Painter', 'data', 'train_data']
alpha count: 210815 188925
reverse true
base dir name: ['', '4T', 'CXY', 'MV-Painter', 'data', 'train_data']
alpha count: 197848 246220
reverse false
base dir name: ['', '4T', 'CXY', 'MV-Painter', 'data', 'train_data']
alpha count: 197848 246220
reverse false
base dir name: ['', '4T', 'CXY', 'MV-Painter', 'data', 'train_data']
alpha count: 181666 242201
reverse false
base dir name: ['', '4T', 'CXY', 'MV-Painter', 'data', 'train_data']
alpha count: 181666 242201
reverse false
base dir name: ['', '4T', 'CXY', 'MV-Painter', 'data', 'train_data']
alpha count: 183623 198075
reverse false
base dir name: ['', '4T', 'CXY', 'MV-Painter', 'data', 'train_data']
alpha count: 183623 198075
reverse false
base dir name: ['', '4T', 'CXY', 'MV-Painter', 'data', 'train_data']
alpha count: 225657 188588
reverse true
base dir name: ['', '4T', 'CXY', 'MV-Painter', 'data', 'train_data']
alpha count: 225657 188588
reverse true
base dir name: ['', '4T', 'CXY', 'MV-Painter', 'data', 'train_data']
alpha count: 201583 195179
reverse true
base dir name: ['', '4T', 'CXY', 'MV-Painter', 'data', 'train_data']
alpha count: 201583 195179
reverse true
base dir name: ['', '4T', 'CXY', 'MV-Painter', 'data', 'train_data']
alpha count: 256607 213896
reverse true
base dir name: ['', '4T', 'CXY', 'MV-Painter', 'data', 'train_data']
alpha count: 256607 213896
reverse true
base dir name: ['', '4T', 'CXY', 'MV-Painter', 'data', 'train_data']
alpha count: 208090 201850
reverse true
base dir name: ['', '4T', 'CXY', 'MV-Painter', 'data', 'train_data']
alpha count: 208090 201850
reverse true
base dir name: ['', '4T', 'CXY', 'MV-Painter', 'data', 'train_data']
alpha count: 245602 234972
reverse true
base dir name: ['', '4T', 'CXY', 'MV-Painter', 'data', 'train_data']
alpha count: 245602 234972
reverse true
base dir name: ['', '4T', 'CXY', 'MV-Painter', 'data', 'train_data']
alpha count: 161175 245524
reverse false
base dir name: ['', '4T', 'CXY', 'MV-Painter', 'data', 'train_data']
alpha count: 161175 245524
reverse false
base dir name: ['', '4T', 'CXY', 'MV-Painter', 'data', 'train_data']
alpha count: 232848 231194
reverse true
base dir name: ['', '4T', 'CXY', 'MV-Painter', 'data', 'train_data']
alpha count: 232848 231194
reverse true
base dir name: ['', '4T', 'CXY', 'MV-Painter', 'data', 'train_data']
alpha count: 204554 196820
reverse true
base dir name: ['', '4T', 'CXY', 'MV-Painter', 'data', 'train_data']
alpha count: 204554 196820
reverse true
base dir name: ['', '4T', 'CXY', 'MV-Painter', 'data', 'train_data']
alpha count: 252457 167682
reverse true
base dir name: ['', '4T', 'CXY', 'MV-Painter', 'data', 'train_data']
alpha count: 252457 167682
reverse true
base dir name: ['', '4T', 'CXY', 'MV-Painter', 'data', 'train_data']
alpha count: 194252 173669
reverse true
base dir name: ['', '4T', 'CXY', 'MV-Painter', 'data', 'train_data']
alpha count: 194252 173669
reverse true
base dir name: ['', '4T', 'CXY', 'MV-Painter', 'data', 'train_data']
alpha count: 257364 213766
reverse true
base dir name: ['', '4T', 'CXY', 'MV-Painter', 'data', 'train_data']
alpha count: 257364 213766
reverse true
[151/276] obj_0174 mae=0.0313 ssim=0.9228
libpng warning: eXIf: duplicate
libpng warning: eXIf: duplicate
libpng warning: eXIf: duplicate
libpng warning: eXIf: duplicate
libpng warning: eXIf: duplicate
libpng warning: eXIf: duplicate
libpng warning: eXIf: duplicate
libpng warning: eXIf: duplicate
libpng warning: eXIf: duplicate
libpng warning: eXIf: duplicate
libpng warning: eXIf: duplicate
libpng warning: eXIf: duplicate
libpng warning: eXIf: duplicate
libpng warning: eXIf: duplicate
libpng warning: eXIf: duplicate
libpng warning: eXIf: duplicate
libpng warning: eXIf: duplicate
libpng warning: eXIf: duplicate
libpng warning: eXIf: duplicate
libpng warning: eXIf: duplicate
libpng warning: eXIf: duplicate
libpng warning: eXIf: duplicate
libpng warning: eXIf: duplicate
libpng warning: eXIf: duplicate
libpng warning: eXIf: duplicate
libpng warning: eXIf: duplicate
libpng warning: eXIf: duplicate
libpng warning: eXIf: duplicate
libpng warning: eXIf: duplicate
libpng warning: eXIf: duplicate
libpng warning: eXIf: duplicate
libpng warning: eXIf: duplicate
libpng warning: eXIf: duplicate
libpng warning: eXIf: duplicate
libpng warning: eXIf: duplicate
libpng warning: eXIf: duplicate
libpng warning: eXIf: duplicate
libpng warning: eXIf: duplicate
libpng warning: eXIf: duplicate
libpng warning: eXIf: duplicate
libpng warning: eXIf: duplicate
libpng warning: eXIf: duplicate
libpng warning: eXIf: duplicate
libpng warning: eXIf: duplicate
libpng warning: eXIf: duplicate
libpng warning: eXIf: duplicate
libpng warning: eXIf: duplicate
libpng warning: eXIf: duplicate
libpng warning: eXIf: duplicate
libpng warning: eXIf: duplicate
libpng warning: eXIf: duplicate
libpng warning: eXIf: duplicate
libpng warning: eXIf: duplicate
libpng warning: eXIf: duplicate
libpng warning: eXIf: duplicate
libpng warning: eXIf: duplicate
libpng warning: eXIf: duplicate
libpng warning: eXIf: duplicate
libpng warning: eXIf: duplicate
libpng warning: eXIf: duplicate
libpng warning: eXIf: duplicate
libpng warning: eXIf: duplicate
libpng warning: eXIf: duplicate
libpng warning: eXIf: duplicate
libpng warning: eXIf: duplicate
libpng warning: eXIf: duplicate
libpng warning: eXIf: duplicate
libpng warning: eXIf: duplicate
libpng warning: eXIf: duplicate
libpng warning: eXIf: duplicate
libpng warning: eXIf: duplicate
libpng warning: eXIf: duplicate
libpng warning: eXIf: duplicate
libpng warning: eXIf: duplicate
libpng warning: eXIf: duplicate
libpng warning: eXIf: duplicate
libpng warning: eXIf: duplicate
libpng warning: eXIf: duplicate
libpng warning: eXIf: duplicate
libpng warning: eXIf: duplicate
libpng warning: eXIf: duplicate
libpng warning: eXIf: duplicate
libpng warning: eXIf: duplicate
libpng warning: eXIf: duplicate
libpng warning: eXIf: duplicate
libpng warning: eXIf: duplicate
libpng warning: eXIf: duplicate
libpng warning: eXIf: duplicate
libpng warning: eXIf: duplicate
libpng warning: eXIf: duplicate
libpng warning: eXIf: duplicate
libpng warning: eXIf: duplicate
libpng warning: eXIf: duplicate
libpng warning: eXIf: duplicate
libpng warning: eXIf: duplicate
libpng warning: eXIf: duplicate
libpng warning: eXIf: duplicate
libpng warning: eXIf: duplicate
libpng warning: eXIf: duplicate
libpng warning: eXIf: duplicate
libpng warning: eXIf: duplicate
libpng warning: eXIf: duplicate
libpng warning: eXIf: duplicate
libpng warning: eXIf: duplicate
libpng warning: eXIf: duplicate
libpng warning: eXIf: duplicate
libpng warning: eXIf: duplicate
libpng warning: eXIf: duplicate
libpng warning: eXIf: duplicate
libpng warning: eXIf: duplicate
libpng warning: eXIf: duplicate
libpng warning: eXIf: duplicate
libpng warning: eXIf: duplicate
libpng warning: eXIf: duplicate
libpng warning: eXIf: duplicate
libpng warning: eXIf: duplicate
libpng warning: eXIf: duplicate
libpng warning: eXIf: duplicate
libpng warning: eXIf: duplicate
libpng warning: eXIf: duplicate
libpng warning: eXIf: duplicate
libpng warning: eXIf: duplicate
libpng warning: eXIf: duplicate
libpng warning: eXIf: duplicate
libpng warning: eXIf: duplicate
libpng warning: eXIf: duplicate
libpng warning: eXIf: duplicate
libpng warning: eXIf: duplicate
libpng warning: eXIf: duplicate
libpng warning: eXIf: duplicate
libpng warning: eXIf: duplicate
libpng warning: eXIf: duplicate
libpng warning: eXIf: duplicate
libpng warning: eXIf: duplicate
libpng warning: eXIf: duplicate
libpng warning: eXIf: duplicate
libpng warning: eXIf: duplicate
libpng warning: eXIf: duplicate
libpng warning: eXIf: duplicate
libpng warning: eXIf: duplicate
libpng warning: eXIf: duplicate
libpng warning: eXIf: duplicate
libpng warning: eXIf: duplicate
libpng warning: eXIf: duplicate
libpng warning: eXIf: duplicate
libpng warning: eXIf: duplicate
libpng warning: eXIf: duplicate
libpng warning: eXIf: duplicate
libpng warning: eXIf: duplicate
libpng warning: eXIf: duplicate
libpng warning: eXIf: duplicate
libpng warning: eXIf: duplicate
libpng warning: eXIf: duplicate
libpng warning: eXIf: duplicate
libpng warning: eXIf: duplicate
libpng warning: eXIf: duplicate
libpng warning: eXIf: duplicate
libpng warning: eXIf: duplicate
libpng warning: eXIf: duplicate
libpng warning: eXIf: duplicate
libpng warning: eXIf: duplicate
libpng warning: eXIf: duplicate
libpng warning: eXIf: duplicate
libpng warning: eXIf: duplicate
libpng warning: eXIf: duplicate
libpng warning: eXIf: duplicate
libpng warning: eXIf: duplicate
libpng warning: eXIf: duplicate
libpng warning: eXIf: duplicate
libpng warning: eXIf: duplicate
libpng warning: eXIf: duplicate
libpng warning: eXIf: duplicate
libpng warning: eXIf: duplicate
libpng warning: eXIf: duplicate
libpng warning: eXIf: duplicate
libpng warning: eXIf: duplicate
libpng warning: eXIf: duplicate
libpng warning: eXIf: duplicate
libpng warning: eXIf: duplicate
libpng warning: eXIf: duplicate
libpng warning: eXIf: duplicate
libpng warning: eXIf: duplicate
libpng warning: eXIf: duplicate
libpng warning: eXIf: duplicate
libpng warning: eXIf: duplicate
libpng warning: eXIf: duplicate
libpng warning: eXIf: duplicate
libpng warning: eXIf: duplicate
libpng warning: eXIf: duplicate
libpng warning: eXIf: duplicate
libpng warning: eXIf: duplicate
libpng warning: eXIf: duplicate
libpng warning: eXIf: duplicate
libpng warning: eXIf: duplicate
libpng warning: eXIf: duplicate
libpng warning: eXIf: duplicate
libpng warning: eXIf: duplicate
libpng warning: eXIf: duplicate
libpng warning: eXIf: duplicate
libpng warning: eXIf: duplicate
libpng warning: eXIf: duplicate
libpng warning: eXIf: duplicate
libpng warning: eXIf: duplicate
libpng warning: eXIf: duplicate
libpng warning: eXIf: duplicate
libpng warning: eXIf: duplicate
libpng warning: eXIf: duplicate
libpng warning: eXIf: duplicate
libpng warning: eXIf: duplicate
libpng warning: eXIf: duplicate
libpng warning: eXIf: duplicate
libpng warning: eXIf: duplicate
libpng warning: eXIf: duplicate
libpng warning: eXIf: duplicate
libpng warning: eXIf: duplicate
libpng warning: eXIf: duplicate
libpng warning: eXIf: duplicate
libpng warning: eXIf: duplicate
libpng warning: eXIf: duplicate
libpng warning: eXIf: duplicate
libpng warning: eXIf: duplicate
libpng warning: eXIf: duplicate
libpng warning: eXIf: duplicate
libpng warning: eXIf: duplicate
libpng warning: eXIf: duplicate
libpng warning: eXIf: duplicate
libpng warning: eXIf: duplicate
libpng warning: eXIf: duplicate
libpng warning: eXIf: duplicate
libpng warning: eXIf: duplicate
libpng warning: eXIf: duplicate
libpng warning: eXIf: duplicate
libpng warning: eXIf: duplicate
libpng warning: eXIf: duplicate
libpng warning: eXIf: duplicate
libpng warning: eXIf: duplicate
libpng warning: eXIf: duplicate
libpng warning: eXIf: duplicate
libpng warning: eXIf: duplicate
libpng warning: eXIf: duplicate
libpng warning: eXIf: duplicate
libpng warning: eXIf: duplicate
libpng warning: eXIf: duplicate
libpng warning: eXIf: duplicate
libpng warning: eXIf: duplicate
libpng warning: eXIf: duplicate
libpng warning: eXIf: duplicate
libpng warning: eXIf: duplicate
libpng warning: eXIf: duplicate
libpng warning: eXIf: duplicate
libpng warning: eXIf: duplicate
libpng warning: eXIf: duplicate
libpng warning: eXIf: duplicate
libpng warning: eXIf: duplicate
libpng warning: eXIf: duplicate
libpng warning: eXIf: duplicate
libpng warning: eXIf: duplicate
libpng warning: eXIf: duplicate
libpng warning: eXIf: duplicate
libpng warning: eXIf: duplicate
libpng warning: eXIf: duplicate
libpng warning: eXIf: duplicate
libpng warning: eXIf: duplicate
libpng warning: eXIf: duplicate
libpng warning: eXIf: duplicate
libpng warning: eXIf: duplicate
libpng warning: eXIf: duplicate
libpng warning: eXIf: duplicate
libpng warning: eXIf: duplicate
libpng warning: eXIf: duplicate
libpng warning: eXIf: duplicate
libpng warning: eXIf: duplicate
libpng warning: eXIf: duplicate
libpng warning: eXIf: duplicate
libpng warning: eXIf: duplicate
libpng warning: eXIf: duplicate
libpng warning: eXIf: duplicate
libpng warning: eXIf: duplicate
libpng warning: eXIf: duplicate
libpng warning: eXIf: duplicate
libpng warning: eXIf: duplicate
libpng warning: eXIf: duplicate
libpng warning: eXIf: duplicate
libpng warning: eXIf: duplicate
libpng warning: eXIf: duplicate
libpng warning: eXIf: duplicate
libpng warning: eXIf: duplicate
libpng warning: eXIf: duplicate
libpng warning: eXIf: duplicate
libpng warning: eXIf: duplicate
libpng warning: eXIf: duplicate
libpng warning: eXIf: duplicate
libpng warning: eXIf: duplicate
libpng warning: eXIf: duplicate
libpng warning: eXIf: duplicate
libpng warning: eXIf: duplicate
libpng warning: eXIf: duplicate
libpng warning: eXIf: duplicate
libpng warning: eXIf: duplicate
libpng warning: eXIf: duplicate
libpng warning: eXIf: duplicate
libpng warning: eXIf: duplicate
libpng warning: eXIf: duplicate
libpng warning: eXIf: duplicate
libpng warning: eXIf: duplicate
libpng warning: eXIf: duplicate
libpng warning: eXIf: duplicate
libpng warning: eXIf: duplicate
libpng warning: eXIf: duplicate
libpng warning: eXIf: duplicate
libpng warning: eXIf: duplicate
libpng warning: eXIf: duplicate
libpng warning: eXIf: duplicate
libpng warning: eXIf: duplicate
libpng warning: eXIf: duplicate
libpng warning: eXIf: duplicate
libpng warning: eXIf: duplicate
libpng warning: eXIf: duplicate
libpng warning: eXIf: duplicate
libpng warning: eXIf: duplicate
libpng warning: eXIf: duplicate
libpng warning: eXIf: duplicate
libpng warning: eXIf: duplicate
libpng warning: eXIf: duplicate
libpng warning: eXIf: duplicate
libpng warning: eXIf: duplicate
libpng warning: eXIf: duplicate
libpng warning: eXIf: duplicate
libpng warning: eXIf: duplicate
libpng warning: eXIf: duplicate
libpng warning: eXIf: duplicate
libpng warning: eXIf: duplicate
libpng warning: eXIf: duplicate
libpng warning: eXIf: duplicate
libpng warning: eXIf: duplicate
libpng warning: eXIf: duplicate
libpng warning: eXIf: duplicate
libpng warning: eXIf: duplicate
libpng warning: eXIf: duplicate
libpng warning: eXIf: duplicate
libpng warning: eXIf: duplicate
libpng warning: eXIf: duplicate
libpng warning: eXIf: duplicate
libpng warning: eXIf: duplicate
libpng warning: eXIf: duplicate
libpng warning: eXIf: duplicate
libpng warning: eXIf: duplicate
libpng warning: eXIf: duplicate
libpng warning: eXIf: duplicate
libpng warning: eXIf: duplicate
libpng warning: eXIf: duplicate
libpng warning: eXIf: duplicate
libpng warning: eXIf: duplicate
libpng warning: eXIf: duplicate
libpng warning: eXIf: duplicate
libpng warning: eXIf: duplicate
libpng warning: eXIf: duplicate
libpng warning: eXIf: duplicate
libpng warning: eXIf: duplicate
libpng warning: eXIf: duplicate
libpng warning: eXIf: duplicate
libpng warning: eXIf: duplicate
libpng warning: eXIf: duplicate
libpng warning: eXIf: duplicate
libpng warning: eXIf: duplicate
libpng warning: eXIf: duplicate
libpng warning: eXIf: duplicate
libpng warning: eXIf: duplicate
libpng warning: eXIf: duplicate
libpng warning: eXIf: duplicate
libpng warning: eXIf: duplicate
libpng warning: eXIf: duplicate
libpng warning: eXIf: duplicate
libpng warning: eXIf: duplicate
libpng warning: eXIf: duplicate
libpng warning: eXIf: duplicate
libpng warning: eXIf: duplicate
libpng warning: eXIf: duplicate
libpng warning: eXIf: duplicate
libpng warning: eXIf: duplicate
libpng warning: eXIf: duplicate
libpng warning: eXIf: duplicate
libpng warning: eXIf: duplicate
libpng warning: eXIf: duplicate
libpng warning: eXIf: duplicate
libpng warning: eXIf: duplicate
libpng warning: eXIf: duplicate
libpng warning: eXIf: duplicate
libpng warning: eXIf: duplicate
libpng warning: eXIf: duplicate
libpng warning: eXIf: duplicate
libpng warning: eXIf: duplicate
libpng warning: eXIf: duplicate
libpng warning: eXIf: duplicate
libpng warning: eXIf: duplicate
libpng warning: eXIf: duplicate
libpng warning: eXIf: duplicate
libpng warning: eXIf: duplicate
libpng warning: eXIf: duplicate
libpng warning: eXIf: duplicate
libpng warning: eXIf: duplicate
libpng warning: eXIf: duplicate
libpng warning: eXIf: duplicate
libpng warning: eXIf: duplicate
libpng warning: eXIf: duplicate
libpng warning: eXIf: duplicate
libpng warning: eXIf: duplicate
libpng warning: eXIf: duplicate
libpng warning: eXIf: duplicate
libpng warning: eXIf: duplicate
libpng warning: eXIf: duplicate
libpng warning: eXIf: duplicate
libpng warning: eXIf: duplicate
libpng warning: eXIf: duplicate
libpng warning: eXIf: duplicate
libpng warning: eXIf: duplicate
libpng warning: eXIf: duplicate
libpng warning: eXIf: duplicate
libpng warning: eXIf: duplicate
libpng warning: eXIf: duplicate
libpng warning: eXIf: duplicate
libpng warning: eXIf: duplicate
libpng warning: eXIf: duplicate
libpng warning: eXIf: duplicate
libpng warning: eXIf: duplicate
libpng warning: eXIf: duplicate
libpng warning: eXIf: duplicate
libpng warning: eXIf: duplicate
libpng warning: eXIf: duplicate
libpng warning: eXIf: duplicate
libpng warning: eXIf: duplicate
libpng warning: eXIf: duplicate
libpng warning: eXIf: duplicate
libpng warning: eXIf: duplicate
libpng warning: eXIf: duplicate
libpng warning: eXIf: duplicate
libpng warning: eXIf: duplicate
libpng warning: eXIf: duplicate
libpng warning: eXIf: duplicate
libpng warning: eXIf: duplicate
libpng warning: eXIf: duplicate
libpng warning: eXIf: duplicate
libpng warning: eXIf: duplicate
libpng warning: eXIf: duplicate
libpng warning: eXIf: duplicate
libpng warning: eXIf: duplicate
libpng warning: eXIf: duplicate
libpng warning: eXIf: duplicate
libpng warning: eXIf: duplicate
libpng warning: eXIf: duplicate
base dir name: ['', '4T', 'CXY', 'MV-Painter', 'data', 'train_data']
alpha count: 217874 206839
reverse true
base dir name: ['', '4T', 'CXY', 'MV-Painter', 'data', 'train_data']
alpha count: 217874 206839
reverse true
base dir name: ['', '4T', 'CXY', 'MV-Painter', 'data', 'train_data']
alpha count: 223722 185510
reverse true
base dir name: ['', '4T', 'CXY', 'MV-Painter', 'data', 'train_data']
alpha count: 223722 185510
reverse true
base dir name: ['', '4T', 'CXY', 'MV-Painter', 'data', 'train_data']
alpha count: 245992 203350
reverse true
base dir name: ['', '4T', 'CXY', 'MV-Painter', 'data', 'train_data']
alpha count: 245992 203350
reverse true
base dir name: ['', '4T', 'CXY', 'MV-Painter', 'data', 'train_data']
alpha count: 261554 259859
reverse true
base dir name: ['', '4T', 'CXY', 'MV-Painter', 'data', 'train_data']
alpha count: 261554 259859
reverse true
base dir name: ['', '4T', 'CXY', 'MV-Painter', 'data', 'train_data']
alpha count: 194032 202947
reverse false
base dir name: ['', '4T', 'CXY', 'MV-Painter', 'data', 'train_data']
alpha count: 194032 202947
reverse false
base dir name: ['', '4T', 'CXY', 'MV-Painter', 'data', 'train_data']
alpha count: 259533 254963
reverse true
base dir name: ['', '4T', 'CXY', 'MV-Painter', 'data', 'train_data']
alpha count: 259533 254963
reverse true
base dir name: ['', '4T', 'CXY', 'MV-Painter', 'data', 'train_data']
alpha count: 202761 196739
reverse true
base dir name: ['', '4T', 'CXY', 'MV-Painter', 'data', 'train_data']
alpha count: 202761 196739
reverse true
base dir name: ['', '4T', 'CXY', 'MV-Painter', 'data', 'train_data']
alpha count: 244361 216186
reverse true
base dir name: ['', '4T', 'CXY', 'MV-Painter', 'data', 'train_data']
alpha count: 244361 216186
reverse true
base dir name: ['', '4T', 'CXY', 'MV-Painter', 'data', 'train_data']
alpha count: 210294 184858
reverse true
base dir name: ['', '4T', 'CXY', 'MV-Painter', 'data', 'train_data']
alpha count: 210294 184858
reverse true
base dir name: ['', '4T', 'CXY', 'MV-Painter', 'data', 'train_data']
alpha count: 243415 236889
reverse true
base dir name: ['', '4T', 'CXY', 'MV-Painter', 'data', 'train_data']
alpha count: 243415 236889
reverse true
base dir name: ['', '4T', 'CXY', 'MV-Painter', 'data', 'train_data']
alpha count: 256573 215527
reverse true
base dir name: ['', '4T', 'CXY', 'MV-Painter', 'data', 'train_data']
alpha count: 256573 215527
reverse true
base dir name: ['', '4T', 'CXY', 'MV-Painter', 'data', 'train_data']
alpha count: 257518 227151
reverse true
base dir name: ['', '4T', 'CXY', 'MV-Painter', 'data', 'train_data']
alpha count: 257518 227151
reverse true
base dir name: ['', '4T', 'CXY', 'MV-Painter', 'data', 'train_data']
alpha count: 214741 194021
reverse true
base dir name: ['', '4T', 'CXY', 'MV-Painter', 'data', 'train_data']
alpha count: 214741 194021
reverse true
base dir name: ['', '4T', 'CXY', 'MV-Painter', 'data', 'train_data']
alpha count: 213886 184226
reverse true
base dir name: ['', '4T', 'CXY', 'MV-Painter', 'data', 'train_data']
alpha count: 213886 184226
reverse true
base dir name: ['', '4T', 'CXY', 'MV-Painter', 'data', 'train_data']
alpha count: 213454 221766
reverse false
base dir name: ['', '4T', 'CXY', 'MV-Painter', 'data', 'train_data']
alpha count: 213454 221766
reverse false
base dir name: ['', '4T', 'CXY', 'MV-Painter', 'data', 'train_data']
alpha count: 204083 184974
reverse true
base dir name: ['', '4T', 'CXY', 'MV-Painter', 'data', 'train_data']
alpha count: 204083 184974
reverse true
base dir name: ['', '4T', 'CXY', 'MV-Painter', 'data', 'train_data']
alpha count: 240093 201127
reverse true
base dir name: ['', '4T', 'CXY', 'MV-Painter', 'data', 'train_data']
alpha count: 240093 201127
reverse true
base dir name: ['', '4T', 'CXY', 'MV-Painter', 'data', 'train_data']
alpha count: 244884 155024
reverse true
base dir name: ['', '4T', 'CXY', 'MV-Painter', 'data', 'train_data']
alpha count: 244884 155024
reverse true
base dir name: ['', '4T', 'CXY', 'MV-Painter', 'data', 'train_data']
alpha count: 259197 224276
reverse true
base dir name: ['', '4T', 'CXY', 'MV-Painter', 'data', 'train_data']
alpha count: 259197 224276
reverse true
base dir name: ['', '4T', 'CXY', 'MV-Painter', 'data', 'train_data']
alpha count: 246302 238062
reverse true
base dir name: ['', '4T', 'CXY', 'MV-Painter', 'data', 'train_data']
alpha count: 246302 238062
reverse true
base dir name: ['', '4T', 'CXY', 'MV-Painter', 'data', 'train_data']
alpha count: 253382 211322
reverse true
base dir name: ['', '4T', 'CXY', 'MV-Painter', 'data', 'train_data']
alpha count: 253382 211322
reverse true
base dir name: ['', '4T', 'CXY', 'MV-Painter', 'data', 'train_data']
alpha count: 242580 194922
reverse true
base dir name: ['', '4T', 'CXY', 'MV-Painter', 'data', 'train_data']
alpha count: 242580 194922
reverse true
base dir name: ['', '4T', 'CXY', 'MV-Painter', 'data', 'train_data']
alpha count: 228360 220703
reverse true
base dir name: ['', '4T', 'CXY', 'MV-Painter', 'data', 'train_data']
alpha count: 228360 220703
reverse true
base dir name: ['', '4T', 'CXY', 'MV-Painter', 'data', 'train_data']
alpha count: 258191 243491
reverse true
base dir name: ['', '4T', 'CXY', 'MV-Painter', 'data', 'train_data']
alpha count: 258191 243491
reverse true
base dir name: ['', '4T', 'CXY', 'MV-Painter', 'data', 'train_data']
alpha count: 221761 192260
reverse true
base dir name: ['', '4T', 'CXY', 'MV-Painter', 'data', 'train_data']
alpha count: 221761 192260
reverse true
[176/276] obj_0199 mae=0.0927 ssim=0.8509
libpng warning: eXIf: duplicate
libpng warning: eXIf: duplicate
libpng warning: eXIf: duplicate
libpng warning: eXIf: duplicate
libpng warning: eXIf: duplicate
libpng warning: eXIf: duplicate
libpng warning: eXIf: duplicate
libpng warning: eXIf: duplicate
libpng warning: eXIf: duplicate
libpng warning: eXIf: duplicate
libpng warning: eXIf: duplicate
libpng warning: eXIf: duplicate
libpng warning: eXIf: duplicate
libpng warning: eXIf: duplicate
libpng warning: eXIf: duplicate
libpng warning: eXIf: duplicate
libpng warning: eXIf: duplicate
libpng warning: eXIf: duplicate
libpng warning: eXIf: duplicate
libpng warning: eXIf: duplicate
libpng warning: eXIf: duplicate
libpng warning: eXIf: duplicate
libpng warning: eXIf: duplicate
libpng warning: eXIf: duplicate
libpng warning: eXIf: duplicate
libpng warning: eXIf: duplicate
libpng warning: eXIf: duplicate
libpng warning: eXIf: duplicate
libpng warning: eXIf: duplicate
libpng warning: eXIf: duplicate
libpng warning: eXIf: duplicate
libpng warning: eXIf: duplicate
libpng warning: eXIf: duplicate
libpng warning: eXIf: duplicate
libpng warning: eXIf: duplicate
libpng warning: eXIf: duplicate
libpng warning: eXIf: duplicate
libpng warning: eXIf: duplicate
libpng warning: eXIf: duplicate
libpng warning: eXIf: duplicate
libpng warning: eXIf: duplicate
libpng warning: eXIf: duplicate
libpng warning: eXIf: duplicate
libpng warning: eXIf: duplicate
libpng warning: eXIf: duplicate
libpng warning: eXIf: duplicate
libpng warning: eXIf: duplicate
libpng warning: eXIf: duplicate
libpng warning: eXIf: duplicate
libpng warning: eXIf: duplicate
libpng warning: eXIf: duplicate
libpng warning: eXIf: duplicate
libpng warning: eXIf: duplicate
libpng warning: eXIf: duplicate
libpng warning: eXIf: duplicate
libpng warning: eXIf: duplicate
libpng warning: eXIf: duplicate
libpng warning: eXIf: duplicate
libpng warning: eXIf: duplicate
libpng warning: eXIf: duplicate
libpng warning: eXIf: duplicate
libpng warning: eXIf: duplicate
libpng warning: eXIf: duplicate
libpng warning: eXIf: duplicate
libpng warning: eXIf: duplicate
libpng warning: eXIf: duplicate
libpng warning: eXIf: duplicate
libpng warning: eXIf: duplicate
libpng warning: eXIf: duplicate
libpng warning: eXIf: duplicate
libpng warning: eXIf: duplicate
libpng warning: eXIf: duplicate
libpng warning: eXIf: duplicate
libpng warning: eXIf: duplicate
libpng warning: eXIf: duplicate
libpng warning: eXIf: duplicate
libpng warning: eXIf: duplicate
libpng warning: eXIf: duplicate
libpng warning: eXIf: duplicate
libpng warning: eXIf: duplicate
libpng warning: eXIf: duplicate
libpng warning: eXIf: duplicate
libpng warning: eXIf: duplicate
libpng warning: eXIf: duplicate
libpng warning: eXIf: duplicate
libpng warning: eXIf: duplicate
libpng warning: eXIf: duplicate
libpng warning: eXIf: duplicate
libpng warning: eXIf: duplicate
libpng warning: eXIf: duplicate
libpng warning: eXIf: duplicate
libpng warning: eXIf: duplicate
libpng warning: eXIf: duplicate
libpng warning: eXIf: duplicate
libpng warning: eXIf: duplicate
libpng warning: eXIf: duplicate
libpng warning: eXIf: duplicate
libpng warning: eXIf: duplicate
libpng warning: eXIf: duplicate
libpng warning: eXIf: duplicate
libpng warning: eXIf: duplicate
libpng warning: eXIf: duplicate
libpng warning: eXIf: duplicate
libpng warning: eXIf: duplicate
libpng warning: eXIf: duplicate
libpng warning: eXIf: duplicate
libpng warning: eXIf: duplicate
libpng warning: eXIf: duplicate
libpng warning: eXIf: duplicate
libpng warning: eXIf: duplicate
libpng warning: eXIf: duplicate
libpng warning: eXIf: duplicate
libpng warning: eXIf: duplicate
libpng warning: eXIf: duplicate
libpng warning: eXIf: duplicate
libpng warning: eXIf: duplicate
libpng warning: eXIf: duplicate
libpng warning: eXIf: duplicate
libpng warning: eXIf: duplicate
libpng warning: eXIf: duplicate
libpng warning: eXIf: duplicate
libpng warning: eXIf: duplicate
libpng warning: eXIf: duplicate
libpng warning: eXIf: duplicate
libpng warning: eXIf: duplicate
libpng warning: eXIf: duplicate
libpng warning: eXIf: duplicate
libpng warning: eXIf: duplicate
libpng warning: eXIf: duplicate
libpng warning: eXIf: duplicate
libpng warning: eXIf: duplicate
libpng warning: eXIf: duplicate
libpng warning: eXIf: duplicate
libpng warning: eXIf: duplicate
libpng warning: eXIf: duplicate
libpng warning: eXIf: duplicate
libpng warning: eXIf: duplicate
libpng warning: eXIf: duplicate
libpng warning: eXIf: duplicate
libpng warning: eXIf: duplicate
libpng warning: eXIf: duplicate
libpng warning: eXIf: duplicate
libpng warning: eXIf: duplicate
libpng warning: eXIf: duplicate
libpng warning: eXIf: duplicate
libpng warning: eXIf: duplicate
libpng warning: eXIf: duplicate
libpng warning: eXIf: duplicate
libpng warning: eXIf: duplicate
libpng warning: eXIf: duplicate
libpng warning: eXIf: duplicate
libpng warning: eXIf: duplicate
libpng warning: eXIf: duplicate
libpng warning: eXIf: duplicate
libpng warning: eXIf: duplicate
libpng warning: eXIf: duplicate
libpng warning: eXIf: duplicate
libpng warning: eXIf: duplicate
libpng warning: eXIf: duplicate
libpng warning: eXIf: duplicate
libpng warning: eXIf: duplicate
libpng warning: eXIf: duplicate
libpng warning: eXIf: duplicate
libpng warning: eXIf: duplicate
libpng warning: eXIf: duplicate
libpng warning: eXIf: duplicate
libpng warning: eXIf: duplicate
libpng warning: eXIf: duplicate
libpng warning: eXIf: duplicate
libpng warning: eXIf: duplicate
libpng warning: eXIf: duplicate
libpng warning: eXIf: duplicate
libpng warning: eXIf: duplicate
libpng warning: eXIf: duplicate
libpng warning: eXIf: duplicate
libpng warning: eXIf: duplicate
libpng warning: eXIf: duplicate
libpng warning: eXIf: duplicate
libpng warning: eXIf: duplicate
libpng warning: eXIf: duplicate
libpng warning: eXIf: duplicate
libpng warning: eXIf: duplicate
libpng warning: eXIf: duplicate
libpng warning: eXIf: duplicate
libpng warning: eXIf: duplicate
libpng warning: eXIf: duplicate
libpng warning: eXIf: duplicate
libpng warning: eXIf: duplicate
libpng warning: eXIf: duplicate
libpng warning: eXIf: duplicate
libpng warning: eXIf: duplicate
libpng warning: eXIf: duplicate
libpng warning: eXIf: duplicate
libpng warning: eXIf: duplicate
libpng warning: eXIf: duplicate
libpng warning: eXIf: duplicate
libpng warning: eXIf: duplicate
libpng warning: eXIf: duplicate
libpng warning: eXIf: duplicate
libpng warning: eXIf: duplicate
libpng warning: eXIf: duplicate
libpng warning: eXIf: duplicate
libpng warning: eXIf: duplicate
libpng warning: eXIf: duplicate
libpng warning: eXIf: duplicate
libpng warning: eXIf: duplicate
libpng warning: eXIf: duplicate
libpng warning: eXIf: duplicate
libpng warning: eXIf: duplicate
libpng warning: eXIf: duplicate
libpng warning: eXIf: duplicate
libpng warning: eXIf: duplicate
libpng warning: eXIf: duplicate
libpng warning: eXIf: duplicate
libpng warning: eXIf: duplicate
libpng warning: eXIf: duplicate
libpng warning: eXIf: duplicate
libpng warning: eXIf: duplicate
libpng warning: eXIf: duplicate
libpng warning: eXIf: duplicate
libpng warning: eXIf: duplicate
libpng warning: eXIf: duplicate
libpng warning: eXIf: duplicate
libpng warning: eXIf: duplicate
libpng warning: eXIf: duplicate
libpng warning: eXIf: duplicate
libpng warning: eXIf: duplicate
libpng warning: eXIf: duplicate
libpng warning: eXIf: duplicate
libpng warning: eXIf: duplicate
libpng warning: eXIf: duplicate
libpng warning: eXIf: duplicate
libpng warning: eXIf: duplicate
libpng warning: eXIf: duplicate
libpng warning: eXIf: duplicate
libpng warning: eXIf: duplicate
libpng warning: eXIf: duplicate
libpng warning: eXIf: duplicate
libpng warning: eXIf: duplicate
libpng warning: eXIf: duplicate
libpng warning: eXIf: duplicate
libpng warning: eXIf: duplicate
libpng warning: eXIf: duplicate
libpng warning: eXIf: duplicate
libpng warning: eXIf: duplicate
libpng warning: eXIf: duplicate
libpng warning: eXIf: duplicate
libpng warning: eXIf: duplicate
libpng warning: eXIf: duplicate
libpng warning: eXIf: duplicate
libpng warning: eXIf: duplicate
libpng warning: eXIf: duplicate
libpng warning: eXIf: duplicate
libpng warning: eXIf: duplicate
libpng warning: eXIf: duplicate
libpng warning: eXIf: duplicate
libpng warning: eXIf: duplicate
libpng warning: eXIf: duplicate
libpng warning: eXIf: duplicate
libpng warning: eXIf: duplicate
libpng warning: eXIf: duplicate
libpng warning: eXIf: duplicate
libpng warning: eXIf: duplicate
libpng warning: eXIf: duplicate
libpng warning: eXIf: duplicate
libpng warning: eXIf: duplicate
libpng warning: eXIf: duplicate
libpng warning: eXIf: duplicate
libpng warning: eXIf: duplicate
libpng warning: eXIf: duplicate
libpng warning: eXIf: duplicate
libpng warning: eXIf: duplicate
libpng warning: eXIf: duplicate
libpng warning: eXIf: duplicate
libpng warning: eXIf: duplicate
libpng warning: eXIf: duplicate
libpng warning: eXIf: duplicate
libpng warning: eXIf: duplicate
libpng warning: eXIf: duplicate
libpng warning: eXIf: duplicate
libpng warning: eXIf: duplicate
libpng warning: eXIf: duplicate
libpng warning: eXIf: duplicate
libpng warning: eXIf: duplicate
libpng warning: eXIf: duplicate
libpng warning: eXIf: duplicate
libpng warning: eXIf: duplicate
libpng warning: eXIf: duplicate
libpng warning: eXIf: duplicate
libpng warning: eXIf: duplicate
libpng warning: eXIf: duplicate
libpng warning: eXIf: duplicate
libpng warning: eXIf: duplicate
libpng warning: eXIf: duplicate
libpng warning: eXIf: duplicate
libpng warning: eXIf: duplicate
libpng warning: eXIf: duplicate
libpng warning: eXIf: duplicate
libpng warning: eXIf: duplicate
libpng warning: eXIf: duplicate
libpng warning: eXIf: duplicate
libpng warning: eXIf: duplicate
libpng warning: eXIf: duplicate
libpng warning: eXIf: duplicate
libpng warning: eXIf: duplicate
libpng warning: eXIf: duplicate
libpng warning: eXIf: duplicate
libpng warning: eXIf: duplicate
libpng warning: eXIf: duplicate
libpng warning: eXIf: duplicate
libpng warning: eXIf: duplicate
libpng warning: eXIf: duplicate
libpng warning: eXIf: duplicate
libpng warning: eXIf: duplicate
libpng warning: eXIf: duplicate
libpng warning: eXIf: duplicate
libpng warning: eXIf: duplicate
libpng warning: eXIf: duplicate
libpng warning: eXIf: duplicate
libpng warning: eXIf: duplicate
libpng warning: eXIf: duplicate
libpng warning: eXIf: duplicate
libpng warning: eXIf: duplicate
libpng warning: eXIf: duplicate
libpng warning: eXIf: duplicate
libpng warning: eXIf: duplicate
libpng warning: eXIf: duplicate
libpng warning: eXIf: duplicate
libpng warning: eXIf: duplicate
libpng warning: eXIf: duplicate
libpng warning: eXIf: duplicate
libpng warning: eXIf: duplicate
libpng warning: eXIf: duplicate
libpng warning: eXIf: duplicate
libpng warning: eXIf: duplicate
libpng warning: eXIf: duplicate
libpng warning: eXIf: duplicate
libpng warning: eXIf: duplicate
libpng warning: eXIf: duplicate
libpng warning: eXIf: duplicate
libpng warning: eXIf: duplicate
libpng warning: eXIf: duplicate
libpng warning: eXIf: duplicate
libpng warning: eXIf: duplicate
libpng warning: eXIf: duplicate
libpng warning: eXIf: duplicate
libpng warning: eXIf: duplicate
libpng warning: eXIf: duplicate
libpng warning: eXIf: duplicate
libpng warning: eXIf: duplicate
libpng warning: eXIf: duplicate
libpng warning: eXIf: duplicate
libpng warning: eXIf: duplicate
libpng warning: eXIf: duplicate
libpng warning: eXIf: duplicate
libpng warning: eXIf: duplicate
libpng warning: eXIf: duplicate
libpng warning: eXIf: duplicate
libpng warning: eXIf: duplicate
libpng warning: eXIf: duplicate
libpng warning: eXIf: duplicate
libpng warning: eXIf: duplicate
libpng warning: eXIf: duplicate
libpng warning: eXIf: duplicate
libpng warning: eXIf: duplicate
libpng warning: eXIf: duplicate
libpng warning: eXIf: duplicate
libpng warning: eXIf: duplicate
libpng warning: eXIf: duplicate
libpng warning: eXIf: duplicate
libpng warning: eXIf: duplicate
libpng warning: eXIf: duplicate
libpng warning: eXIf: duplicate
libpng warning: eXIf: duplicate
libpng warning: eXIf: duplicate
libpng warning: eXIf: duplicate
libpng warning: eXIf: duplicate
libpng warning: eXIf: duplicate
libpng warning: eXIf: duplicate
libpng warning: eXIf: duplicate
libpng warning: eXIf: duplicate
libpng warning: eXIf: duplicate
libpng warning: eXIf: duplicate
libpng warning: eXIf: duplicate
libpng warning: eXIf: duplicate
libpng warning: eXIf: duplicate
libpng warning: eXIf: duplicate
libpng warning: eXIf: duplicate
libpng warning: eXIf: duplicate
libpng warning: eXIf: duplicate
libpng warning: eXIf: duplicate
libpng warning: eXIf: duplicate
libpng warning: eXIf: duplicate
libpng warning: eXIf: duplicate
libpng warning: eXIf: duplicate
libpng warning: eXIf: duplicate
libpng warning: eXIf: duplicate
libpng warning: eXIf: duplicate
libpng warning: eXIf: duplicate
libpng warning: eXIf: duplicate
libpng warning: eXIf: duplicate
libpng warning: eXIf: duplicate
libpng warning: eXIf: duplicate
libpng warning: eXIf: duplicate
libpng warning: eXIf: duplicate
libpng warning: eXIf: duplicate
libpng warning: eXIf: duplicate
libpng warning: eXIf: duplicate
libpng warning: eXIf: duplicate
libpng warning: eXIf: duplicate
libpng warning: eXIf: duplicate
libpng warning: eXIf: duplicate
libpng warning: eXIf: duplicate
libpng warning: eXIf: duplicate
libpng warning: eXIf: duplicate
libpng warning: eXIf: duplicate
libpng warning: eXIf: duplicate
libpng warning: eXIf: duplicate
libpng warning: eXIf: duplicate
libpng warning: eXIf: duplicate
libpng warning: eXIf: duplicate
libpng warning: eXIf: duplicate
libpng warning: eXIf: duplicate
libpng warning: eXIf: duplicate
libpng warning: eXIf: duplicate
libpng warning: eXIf: duplicate
libpng warning: eXIf: duplicate
libpng warning: eXIf: duplicate
libpng warning: eXIf: duplicate
libpng warning: eXIf: duplicate
libpng warning: eXIf: duplicate
libpng warning: eXIf: duplicate
libpng warning: eXIf: duplicate
libpng warning: eXIf: duplicate
libpng warning: eXIf: duplicate
libpng warning: eXIf: duplicate
libpng warning: eXIf: duplicate
libpng warning: eXIf: duplicate
libpng warning: eXIf: duplicate
libpng warning: eXIf: duplicate
libpng warning: eXIf: duplicate
libpng warning: eXIf: duplicate
libpng warning: eXIf: duplicate
libpng warning: eXIf: duplicate
libpng warning: eXIf: duplicate
libpng warning: eXIf: duplicate
libpng warning: eXIf: duplicate
libpng warning: eXIf: duplicate
libpng warning: eXIf: duplicate
libpng warning: eXIf: duplicate
base dir name: ['', '4T', 'CXY', 'MV-Painter', 'data', 'train_data']
alpha count: 223952 211310
reverse true
base dir name: ['', '4T', 'CXY', 'MV-Painter', 'data', 'train_data']
alpha count: 223952 211310
reverse true
base dir name: ['', '4T', 'CXY', 'MV-Painter', 'data', 'train_data']
alpha count: 253045 213901
reverse true
base dir name: ['', '4T', 'CXY', 'MV-Painter', 'data', 'train_data']
alpha count: 253045 213901
reverse true
base dir name: ['', '4T', 'CXY', 'MV-Painter', 'data', 'train_data']
alpha count: 251172 200697
reverse true
base dir name: ['', '4T', 'CXY', 'MV-Painter', 'data', 'train_data']
alpha count: 251172 200697
reverse true
base dir name: ['', '4T', 'CXY', 'MV-Painter', 'data', 'train_data']
alpha count: 260561 256019
reverse true
base dir name: ['', '4T', 'CXY', 'MV-Painter', 'data', 'train_data']
alpha count: 260561 256019
reverse true
base dir name: ['', '4T', 'CXY', 'MV-Painter', 'data', 'train_data']
alpha count: 194900 194477
reverse true
base dir name: ['', '4T', 'CXY', 'MV-Painter', 'data', 'train_data']
alpha count: 194900 194477
reverse true
base dir name: ['', '4T', 'CXY', 'MV-Painter', 'data', 'train_data']
alpha count: 254691 214841
reverse true
base dir name: ['', '4T', 'CXY', 'MV-Painter', 'data', 'train_data']
alpha count: 254691 214841
reverse true
base dir name: ['', '4T', 'CXY', 'MV-Painter', 'data', 'train_data']
alpha count: 257285 196722
reverse true
base dir name: ['', '4T', 'CXY', 'MV-Painter', 'data', 'train_data']
alpha count: 257285 196722
reverse true
base dir name: ['', '4T', 'CXY', 'MV-Painter', 'data', 'train_data']
alpha count: 255976 196205
reverse true
base dir name: ['', '4T', 'CXY', 'MV-Painter', 'data', 'train_data']
alpha count: 255976 196205
reverse true
base dir name: ['', '4T', 'CXY', 'MV-Painter', 'data', 'train_data']
alpha count: 258261 245256
reverse true
base dir name: ['', '4T', 'CXY', 'MV-Painter', 'data', 'train_data']
alpha count: 258261 245256
reverse true
base dir name: ['', '4T', 'CXY', 'MV-Painter', 'data', 'train_data']
alpha count: 165919 169403
reverse false
base dir name: ['', '4T', 'CXY', 'MV-Painter', 'data', 'train_data']
alpha count: 165919 169403
reverse false
base dir name: ['', '4T', 'CXY', 'MV-Painter', 'data', 'train_data']
alpha count: 258460 238931
reverse true
base dir name: ['', '4T', 'CXY', 'MV-Painter', 'data', 'train_data']
alpha count: 258460 238931
reverse true
base dir name: ['', '4T', 'CXY', 'MV-Painter', 'data', 'train_data']
alpha count: 211951 221971
reverse false
base dir name: ['', '4T', 'CXY', 'MV-Painter', 'data', 'train_data']
alpha count: 211951 221971
reverse false
base dir name: ['', '4T', 'CXY', 'MV-Painter', 'data', 'train_data']
alpha count: 227417 185509
reverse true
base dir name: ['', '4T', 'CXY', 'MV-Painter', 'data', 'train_data']
alpha count: 227417 185509
reverse true
base dir name: ['', '4T', 'CXY', 'MV-Painter', 'data', 'train_data']
alpha count: 224542 188519
reverse true
base dir name: ['', '4T', 'CXY', 'MV-Painter', 'data', 'train_data']
alpha count: 224542 188519
reverse true
base dir name: ['', '4T', 'CXY', 'MV-Painter', 'data', 'train_data']
alpha count: 219559 246023
reverse false
base dir name: ['', '4T', 'CXY', 'MV-Painter', 'data', 'train_data']
alpha count: 219559 246023
reverse false
base dir name: ['', '4T', 'CXY', 'MV-Painter', 'data', 'train_data']
alpha count: 226616 226334
reverse true
base dir name: ['', '4T', 'CXY', 'MV-Painter', 'data', 'train_data']
alpha count: 226616 226334
reverse true
base dir name: ['', '4T', 'CXY', 'MV-Painter', 'data', 'train_data']
alpha count: 252537 200329
reverse true
base dir name: ['', '4T', 'CXY', 'MV-Painter', 'data', 'train_data']
alpha count: 252537 200329
reverse true
base dir name: ['', '4T', 'CXY', 'MV-Painter', 'data', 'train_data']
alpha count: 257409 228046
reverse true
base dir name: ['', '4T', 'CXY', 'MV-Painter', 'data', 'train_data']
alpha count: 257409 228046
reverse true
base dir name: ['', '4T', 'CXY', 'MV-Painter', 'data', 'train_data']
alpha count: 224620 221782
reverse true
base dir name: ['', '4T', 'CXY', 'MV-Painter', 'data', 'train_data']
alpha count: 224620 221782
reverse true
base dir name: ['', '4T', 'CXY', 'MV-Painter', 'data', 'train_data']
alpha count: 253407 195721
reverse true
base dir name: ['', '4T', 'CXY', 'MV-Painter', 'data', 'train_data']
alpha count: 253407 195721
reverse true
base dir name: ['', '4T', 'CXY', 'MV-Painter', 'data', 'train_data']
alpha count: 249412 214224
reverse true
base dir name: ['', '4T', 'CXY', 'MV-Painter', 'data', 'train_data']
alpha count: 249412 214224
reverse true
base dir name: ['', '4T', 'CXY', 'MV-Painter', 'data', 'train_data']
alpha count: 256985 254184
reverse true
base dir name: ['', '4T', 'CXY', 'MV-Painter', 'data', 'train_data']
alpha count: 256985 254184
reverse true
base dir name: ['', '4T', 'CXY', 'MV-Painter', 'data', 'train_data']
alpha count: 255758 204187
reverse true
base dir name: ['', '4T', 'CXY', 'MV-Painter', 'data', 'train_data']
alpha count: 255758 204187
reverse true
base dir name: ['', '4T', 'CXY', 'MV-Painter', 'data', 'train_data']
alpha count: 256130 234121
reverse true
base dir name: ['', '4T', 'CXY', 'MV-Painter', 'data', 'train_data']
alpha count: 256130 234121
reverse true
base dir name: ['', '4T', 'CXY', 'MV-Painter', 'data', 'train_data']
alpha count: 196065 255715
reverse false
base dir name: ['', '4T', 'CXY', 'MV-Painter', 'data', 'train_data']
alpha count: 196065 255715
reverse false
[201/276] obj_0224 mae=0.0465 ssim=0.8465
libpng warning: eXIf: duplicate
libpng warning: eXIf: duplicate
libpng warning: eXIf: duplicate
libpng warning: eXIf: duplicate
libpng warning: eXIf: duplicate
libpng warning: eXIf: duplicate
libpng warning: eXIf: duplicate
libpng warning: eXIf: duplicate
libpng warning: eXIf: duplicate
libpng warning: eXIf: duplicate
libpng warning: eXIf: duplicate
libpng warning: eXIf: duplicate
libpng warning: eXIf: duplicate
libpng warning: eXIf: duplicate
libpng warning: eXIf: duplicate
libpng warning: eXIf: duplicate
libpng warning: eXIf: duplicate
libpng warning: eXIf: duplicate
libpng warning: eXIf: duplicate
libpng warning: eXIf: duplicate
libpng warning: eXIf: duplicate
libpng warning: eXIf: duplicate
libpng warning: eXIf: duplicate
libpng warning: eXIf: duplicate
libpng warning: eXIf: duplicate
libpng warning: eXIf: duplicate
libpng warning: eXIf: duplicate
libpng warning: eXIf: duplicate
libpng warning: eXIf: duplicate
libpng warning: eXIf: duplicate
libpng warning: eXIf: duplicate
libpng warning: eXIf: duplicate
libpng warning: eXIf: duplicate
libpng warning: eXIf: duplicate
libpng warning: eXIf: duplicate
libpng warning: eXIf: duplicate
libpng warning: eXIf: duplicate
libpng warning: eXIf: duplicate
libpng warning: eXIf: duplicate
libpng warning: eXIf: duplicate
libpng warning: eXIf: duplicate
libpng warning: eXIf: duplicate
libpng warning: eXIf: duplicate
libpng warning: eXIf: duplicate
libpng warning: eXIf: duplicate
libpng warning: eXIf: duplicate
libpng warning: eXIf: duplicate
libpng warning: eXIf: duplicate
libpng warning: eXIf: duplicate
libpng warning: eXIf: duplicate
libpng warning: eXIf: duplicate
libpng warning: eXIf: duplicate
libpng warning: eXIf: duplicate
libpng warning: eXIf: duplicate
libpng warning: eXIf: duplicate
libpng warning: eXIf: duplicate
libpng warning: eXIf: duplicate
libpng warning: eXIf: duplicate
libpng warning: eXIf: duplicate
libpng warning: eXIf: duplicate
libpng warning: eXIf: duplicate
libpng warning: eXIf: duplicate
libpng warning: eXIf: duplicate
libpng warning: eXIf: duplicate
libpng warning: eXIf: duplicate
libpng warning: eXIf: duplicate
libpng warning: eXIf: duplicate
libpng warning: eXIf: duplicate
libpng warning: eXIf: duplicate
libpng warning: eXIf: duplicate
libpng warning: eXIf: duplicate
libpng warning: eXIf: duplicate
libpng warning: eXIf: duplicate
libpng warning: eXIf: duplicate
libpng warning: eXIf: duplicate
libpng warning: eXIf: duplicate
libpng warning: eXIf: duplicate
libpng warning: eXIf: duplicate
libpng warning: eXIf: duplicate
libpng warning: eXIf: duplicate
libpng warning: eXIf: duplicate
libpng warning: eXIf: duplicate
libpng warning: eXIf: duplicate
libpng warning: eXIf: duplicate
libpng warning: eXIf: duplicate
libpng warning: eXIf: duplicate
libpng warning: eXIf: duplicate
libpng warning: eXIf: duplicate
libpng warning: eXIf: duplicate
libpng warning: eXIf: duplicate
libpng warning: eXIf: duplicate
libpng warning: eXIf: duplicate
libpng warning: eXIf: duplicate
libpng warning: eXIf: duplicate
libpng warning: eXIf: duplicate
libpng warning: eXIf: duplicate
libpng warning: eXIf: duplicate
libpng warning: eXIf: duplicate
libpng warning: eXIf: duplicate
libpng warning: eXIf: duplicate
libpng warning: eXIf: duplicate
libpng warning: eXIf: duplicate
libpng warning: eXIf: duplicate
libpng warning: eXIf: duplicate
libpng warning: eXIf: duplicate
libpng warning: eXIf: duplicate
libpng warning: eXIf: duplicate
libpng warning: eXIf: duplicate
libpng warning: eXIf: duplicate
libpng warning: eXIf: duplicate
libpng warning: eXIf: duplicate
libpng warning: eXIf: duplicate
libpng warning: eXIf: duplicate
libpng warning: eXIf: duplicate
libpng warning: eXIf: duplicate
libpng warning: eXIf: duplicate
libpng warning: eXIf: duplicate
libpng warning: eXIf: duplicate
libpng warning: eXIf: duplicate
libpng warning: eXIf: duplicate
libpng warning: eXIf: duplicate
libpng warning: eXIf: duplicate
libpng warning: eXIf: duplicate
libpng warning: eXIf: duplicate
libpng warning: eXIf: duplicate
libpng warning: eXIf: duplicate
libpng warning: eXIf: duplicate
libpng warning: eXIf: duplicate
libpng warning: eXIf: duplicate
libpng warning: eXIf: duplicate
libpng warning: eXIf: duplicate
libpng warning: eXIf: duplicate
libpng warning: eXIf: duplicate
libpng warning: eXIf: duplicate
libpng warning: eXIf: duplicate
libpng warning: eXIf: duplicate
libpng warning: eXIf: duplicate
libpng warning: eXIf: duplicate
libpng warning: eXIf: duplicate
libpng warning: eXIf: duplicate
libpng warning: eXIf: duplicate
libpng warning: eXIf: duplicate
libpng warning: eXIf: duplicate
libpng warning: eXIf: duplicate
libpng warning: eXIf: duplicate
libpng warning: eXIf: duplicate
libpng warning: eXIf: duplicate
libpng warning: eXIf: duplicate
libpng warning: eXIf: duplicate
libpng warning: eXIf: duplicate
libpng warning: eXIf: duplicate
libpng warning: eXIf: duplicate
libpng warning: eXIf: duplicate
libpng warning: eXIf: duplicate
libpng warning: eXIf: duplicate
libpng warning: eXIf: duplicate
libpng warning: eXIf: duplicate
libpng warning: eXIf: duplicate
libpng warning: eXIf: duplicate
libpng warning: eXIf: duplicate
libpng warning: eXIf: duplicate
libpng warning: eXIf: duplicate
libpng warning: eXIf: duplicate
libpng warning: eXIf: duplicate
libpng warning: eXIf: duplicate
libpng warning: eXIf: duplicate
libpng warning: eXIf: duplicate
libpng warning: eXIf: duplicate
libpng warning: eXIf: duplicate
libpng warning: eXIf: duplicate
libpng warning: eXIf: duplicate
libpng warning: eXIf: duplicate
libpng warning: eXIf: duplicate
libpng warning: eXIf: duplicate
libpng warning: eXIf: duplicate
libpng warning: eXIf: duplicate
libpng warning: eXIf: duplicate
libpng warning: eXIf: duplicate
libpng warning: eXIf: duplicate
libpng warning: eXIf: duplicate
libpng warning: eXIf: duplicate
libpng warning: eXIf: duplicate
libpng warning: eXIf: duplicate
libpng warning: eXIf: duplicate
libpng warning: eXIf: duplicate
libpng warning: eXIf: duplicate
libpng warning: eXIf: duplicate
libpng warning: eXIf: duplicate
libpng warning: eXIf: duplicate
libpng warning: eXIf: duplicate
libpng warning: eXIf: duplicate
libpng warning: eXIf: duplicate
libpng warning: eXIf: duplicate
libpng warning: eXIf: duplicate
libpng warning: eXIf: duplicate
libpng warning: eXIf: duplicate
libpng warning: eXIf: duplicate
libpng warning: eXIf: duplicate
libpng warning: eXIf: duplicate
libpng warning: eXIf: duplicate
libpng warning: eXIf: duplicate
libpng warning: eXIf: duplicate
libpng warning: eXIf: duplicate
libpng warning: eXIf: duplicate
libpng warning: eXIf: duplicate
libpng warning: eXIf: duplicate
libpng warning: eXIf: duplicate
libpng warning: eXIf: duplicate
libpng warning: eXIf: duplicate
libpng warning: eXIf: duplicate
libpng warning: eXIf: duplicate
libpng warning: eXIf: duplicate
libpng warning: eXIf: duplicate
libpng warning: eXIf: duplicate
libpng warning: eXIf: duplicate
libpng warning: eXIf: duplicate
libpng warning: eXIf: duplicate
libpng warning: eXIf: duplicate
libpng warning: eXIf: duplicate
libpng warning: eXIf: duplicate
libpng warning: eXIf: duplicate
libpng warning: eXIf: duplicate
libpng warning: eXIf: duplicate
libpng warning: eXIf: duplicate
libpng warning: eXIf: duplicate
libpng warning: eXIf: duplicate
libpng warning: eXIf: duplicate
libpng warning: eXIf: duplicate
libpng warning: eXIf: duplicate
libpng warning: eXIf: duplicate
libpng warning: eXIf: duplicate
libpng warning: eXIf: duplicate
libpng warning: eXIf: duplicate
libpng warning: eXIf: duplicate
libpng warning: eXIf: duplicate
libpng warning: eXIf: duplicate
libpng warning: eXIf: duplicate
libpng warning: eXIf: duplicate
libpng warning: eXIf: duplicate
libpng warning: eXIf: duplicate
libpng warning: eXIf: duplicate
libpng warning: eXIf: duplicate
libpng warning: eXIf: duplicate
libpng warning: eXIf: duplicate
libpng warning: eXIf: duplicate
libpng warning: eXIf: duplicate
libpng warning: eXIf: duplicate
libpng warning: eXIf: duplicate
libpng warning: eXIf: duplicate
libpng warning: eXIf: duplicate
libpng warning: eXIf: duplicate
libpng warning: eXIf: duplicate
libpng warning: eXIf: duplicate
libpng warning: eXIf: duplicate
libpng warning: eXIf: duplicate
libpng warning: eXIf: duplicate
libpng warning: eXIf: duplicate
libpng warning: eXIf: duplicate
libpng warning: eXIf: duplicate
libpng warning: eXIf: duplicate
libpng warning: eXIf: duplicate
libpng warning: eXIf: duplicate
libpng warning: eXIf: duplicate
libpng warning: eXIf: duplicate
libpng warning: eXIf: duplicate
libpng warning: eXIf: duplicate
libpng warning: eXIf: duplicate
libpng warning: eXIf: duplicate
libpng warning: eXIf: duplicate
libpng warning: eXIf: duplicate
libpng warning: eXIf: duplicate
libpng warning: eXIf: duplicate
libpng warning: eXIf: duplicate
libpng warning: eXIf: duplicate
libpng warning: eXIf: duplicate
libpng warning: eXIf: duplicate
libpng warning: eXIf: duplicate
libpng warning: eXIf: duplicate
libpng warning: eXIf: duplicate
libpng warning: eXIf: duplicate
libpng warning: eXIf: duplicate
libpng warning: eXIf: duplicate
libpng warning: eXIf: duplicate
libpng warning: eXIf: duplicate
libpng warning: eXIf: duplicate
libpng warning: eXIf: duplicate
libpng warning: eXIf: duplicate
libpng warning: eXIf: duplicate
libpng warning: eXIf: duplicate
libpng warning: eXIf: duplicate
libpng warning: eXIf: duplicate
libpng warning: eXIf: duplicate
libpng warning: eXIf: duplicate
libpng warning: eXIf: duplicate
libpng warning: eXIf: duplicate
libpng warning: eXIf: duplicate
libpng warning: eXIf: duplicate
libpng warning: eXIf: duplicate
libpng warning: eXIf: duplicate
libpng warning: eXIf: duplicate
libpng warning: eXIf: duplicate
libpng warning: eXIf: duplicate
libpng warning: eXIf: duplicate
libpng warning: eXIf: duplicate
libpng warning: eXIf: duplicate
libpng warning: eXIf: duplicate
libpng warning: eXIf: duplicate
libpng warning: eXIf: duplicate
libpng warning: eXIf: duplicate
libpng warning: eXIf: duplicate
libpng warning: eXIf: duplicate
libpng warning: eXIf: duplicate
libpng warning: eXIf: duplicate
libpng warning: eXIf: duplicate
libpng warning: eXIf: duplicate
libpng warning: eXIf: duplicate
libpng warning: eXIf: duplicate
libpng warning: eXIf: duplicate
libpng warning: eXIf: duplicate
libpng warning: eXIf: duplicate
libpng warning: eXIf: duplicate
libpng warning: eXIf: duplicate
libpng warning: eXIf: duplicate
libpng warning: eXIf: duplicate
libpng warning: eXIf: duplicate
libpng warning: eXIf: duplicate
libpng warning: eXIf: duplicate
libpng warning: eXIf: duplicate
libpng warning: eXIf: duplicate
libpng warning: eXIf: duplicate
libpng warning: eXIf: duplicate
libpng warning: eXIf: duplicate
libpng warning: eXIf: duplicate
libpng warning: eXIf: duplicate
libpng warning: eXIf: duplicate
libpng warning: eXIf: duplicate
libpng warning: eXIf: duplicate
libpng warning: eXIf: duplicate
libpng warning: eXIf: duplicate
libpng warning: eXIf: duplicate
libpng warning: eXIf: duplicate
libpng warning: eXIf: duplicate
libpng warning: eXIf: duplicate
libpng warning: eXIf: duplicate
libpng warning: eXIf: duplicate
libpng warning: eXIf: duplicate
libpng warning: eXIf: duplicate
libpng warning: eXIf: duplicate
libpng warning: eXIf: duplicate
libpng warning: eXIf: duplicate
libpng warning: eXIf: duplicate
libpng warning: eXIf: duplicate
libpng warning: eXIf: duplicate
libpng warning: eXIf: duplicate
libpng warning: eXIf: duplicate
libpng warning: eXIf: duplicate
libpng warning: eXIf: duplicate
libpng warning: eXIf: duplicate
libpng warning: eXIf: duplicate
libpng warning: eXIf: duplicate
libpng warning: eXIf: duplicate
libpng warning: eXIf: duplicate
libpng warning: eXIf: duplicate
libpng warning: eXIf: duplicate
libpng warning: eXIf: duplicate
libpng warning: eXIf: duplicate
libpng warning: eXIf: duplicate
libpng warning: eXIf: duplicate
libpng warning: eXIf: duplicate
libpng warning: eXIf: duplicate
libpng warning: eXIf: duplicate
libpng warning: eXIf: duplicate
libpng warning: eXIf: duplicate
libpng warning: eXIf: duplicate
libpng warning: eXIf: duplicate
libpng warning: eXIf: duplicate
libpng warning: eXIf: duplicate
libpng warning: eXIf: duplicate
libpng warning: eXIf: duplicate
libpng warning: eXIf: duplicate
libpng warning: eXIf: duplicate
libpng warning: eXIf: duplicate
libpng warning: eXIf: duplicate
libpng warning: eXIf: duplicate
libpng warning: eXIf: duplicate
libpng warning: eXIf: duplicate
libpng warning: eXIf: duplicate
libpng warning: eXIf: duplicate
libpng warning: eXIf: duplicate
libpng warning: eXIf: duplicate
libpng warning: eXIf: duplicate
libpng warning: eXIf: duplicate
libpng warning: eXIf: duplicate
libpng warning: eXIf: duplicate
libpng warning: eXIf: duplicate
libpng warning: eXIf: duplicate
libpng warning: eXIf: duplicate
libpng warning: eXIf: duplicate
libpng warning: eXIf: duplicate
libpng warning: eXIf: duplicate
libpng warning: eXIf: duplicate
libpng warning: eXIf: duplicate
libpng warning: eXIf: duplicate
libpng warning: eXIf: duplicate
libpng warning: eXIf: duplicate
libpng warning: eXIf: duplicate
libpng warning: eXIf: duplicate
libpng warning: eXIf: duplicate
libpng warning: eXIf: duplicate
libpng warning: eXIf: duplicate
libpng warning: eXIf: duplicate
libpng warning: eXIf: duplicate
libpng warning: eXIf: duplicate
libpng warning: eXIf: duplicate
libpng warning: eXIf: duplicate
libpng warning: eXIf: duplicate
libpng warning: eXIf: duplicate
libpng warning: eXIf: duplicate
libpng warning: eXIf: duplicate
libpng warning: eXIf: duplicate
libpng warning: eXIf: duplicate
libpng warning: eXIf: duplicate
libpng warning: eXIf: duplicate
libpng warning: eXIf: duplicate
libpng warning: eXIf: duplicate
libpng warning: eXIf: duplicate
libpng warning: eXIf: duplicate
libpng warning: eXIf: duplicate
libpng warning: eXIf: duplicate
libpng warning: eXIf: duplicate
libpng warning: eXIf: duplicate
libpng warning: eXIf: duplicate
libpng warning: eXIf: duplicate
libpng warning: eXIf: duplicate
libpng warning: eXIf: duplicate
libpng warning: eXIf: duplicate
libpng warning: eXIf: duplicate
libpng warning: eXIf: duplicate
libpng warning: eXIf: duplicate
libpng warning: eXIf: duplicate
libpng warning: eXIf: duplicate
libpng warning: eXIf: duplicate
libpng warning: eXIf: duplicate
libpng warning: eXIf: duplicate
libpng warning: eXIf: duplicate
libpng warning: eXIf: duplicate
libpng warning: eXIf: duplicate
libpng warning: eXIf: duplicate
libpng warning: eXIf: duplicate
libpng warning: eXIf: duplicate
base dir name: ['', '4T', 'CXY', 'MV-Painter', 'data', 'train_data']
alpha count: 244108 234922
reverse true
base dir name: ['', '4T', 'CXY', 'MV-Painter', 'data', 'train_data']
alpha count: 244108 234922
reverse true
base dir name: ['', '4T', 'CXY', 'MV-Painter', 'data', 'train_data']
alpha count: 259669 258350
reverse true
base dir name: ['', '4T', 'CXY', 'MV-Painter', 'data', 'train_data']
alpha count: 259669 258350
reverse true
base dir name: ['', '4T', 'CXY', 'MV-Painter', 'data', 'train_data']
alpha count: 239595 213608
reverse true
base dir name: ['', '4T', 'CXY', 'MV-Painter', 'data', 'train_data']
alpha count: 239595 213608
reverse true
base dir name: ['', '4T', 'CXY', 'MV-Painter', 'data', 'train_data']
alpha count: 253934 206232
reverse true
base dir name: ['', '4T', 'CXY', 'MV-Painter', 'data', 'train_data']
alpha count: 253934 206232
reverse true
base dir name: ['', '4T', 'CXY', 'MV-Painter', 'data', 'train_data']
alpha count: 232707 241911
reverse false
base dir name: ['', '4T', 'CXY', 'MV-Painter', 'data', 'train_data']
alpha count: 232707 241911
reverse false
base dir name: ['', '4T', 'CXY', 'MV-Painter', 'data', 'train_data']
alpha count: 243527 223127
reverse true
base dir name: ['', '4T', 'CXY', 'MV-Painter', 'data', 'train_data']
alpha count: 243527 223127
reverse true
base dir name: ['', '4T', 'CXY', 'MV-Painter', 'data', 'train_data']
alpha count: 201865 199831
reverse true
base dir name: ['', '4T', 'CXY', 'MV-Painter', 'data', 'train_data']
alpha count: 201865 199831
reverse true
base dir name: ['', '4T', 'CXY', 'MV-Painter', 'data', 'train_data']
alpha count: 242459 192675
reverse true
base dir name: ['', '4T', 'CXY', 'MV-Painter', 'data', 'train_data']
alpha count: 242459 192675
reverse true
base dir name: ['', '4T', 'CXY', 'MV-Painter', 'data', 'train_data']
alpha count: 257496 205301
reverse true
base dir name: ['', '4T', 'CXY', 'MV-Painter', 'data', 'train_data']
alpha count: 257496 205301
reverse true
base dir name: ['', '4T', 'CXY', 'MV-Painter', 'data', 'train_data']
alpha count: 254934 202355
reverse true
base dir name: ['', '4T', 'CXY', 'MV-Painter', 'data', 'train_data']
alpha count: 254934 202355
reverse true
base dir name: ['', '4T', 'CXY', 'MV-Painter', 'data', 'train_data']
alpha count: 235284 227942
reverse true
base dir name: ['', '4T', 'CXY', 'MV-Painter', 'data', 'train_data']
alpha count: 235284 227942
reverse true
base dir name: ['', '4T', 'CXY', 'MV-Painter', 'data', 'train_data']
alpha count: 258584 220438
reverse true
base dir name: ['', '4T', 'CXY', 'MV-Painter', 'data', 'train_data']
alpha count: 258584 220438
reverse true
base dir name: ['', '4T', 'CXY', 'MV-Painter', 'data', 'train_data']
alpha count: 257296 210891
reverse true
base dir name: ['', '4T', 'CXY', 'MV-Painter', 'data', 'train_data']
alpha count: 257296 210891
reverse true
base dir name: ['', '4T', 'CXY', 'MV-Painter', 'data', 'train_data']
alpha count: 257298 236800
reverse true
base dir name: ['', '4T', 'CXY', 'MV-Painter', 'data', 'train_data']
alpha count: 257298 236800
reverse true
base dir name: ['', '4T', 'CXY', 'MV-Painter', 'data', 'train_data']
alpha count: 246043 179563
reverse true
base dir name: ['', '4T', 'CXY', 'MV-Painter', 'data', 'train_data']
alpha count: 246043 179563
reverse true
base dir name: ['', '4T', 'CXY', 'MV-Painter', 'data', 'train_data']
alpha count: 256528 253196
reverse true
base dir name: ['', '4T', 'CXY', 'MV-Painter', 'data', 'train_data']
alpha count: 256528 253196
reverse true
base dir name: ['', '4T', 'CXY', 'MV-Painter', 'data', 'train_data']
alpha count: 204843 179396
reverse true
base dir name: ['', '4T', 'CXY', 'MV-Painter', 'data', 'train_data']
alpha count: 204843 179396
reverse true
base dir name: ['', '4T', 'CXY', 'MV-Painter', 'data', 'train_data']
alpha count: 242837 213278
reverse true
base dir name: ['', '4T', 'CXY', 'MV-Painter', 'data', 'train_data']
alpha count: 242837 213278
reverse true
base dir name: ['', '4T', 'CXY', 'MV-Painter', 'data', 'train_data']
alpha count: 252006 193501
reverse true
base dir name: ['', '4T', 'CXY', 'MV-Painter', 'data', 'train_data']
alpha count: 252006 193501
reverse true
base dir name: ['', '4T', 'CXY', 'MV-Painter', 'data', 'train_data']
alpha count: 163182 177474
reverse false
base dir name: ['', '4T', 'CXY', 'MV-Painter', 'data', 'train_data']
alpha count: 163182 177474
reverse false
base dir name: ['', '4T', 'CXY', 'MV-Painter', 'data', 'train_data']
alpha count: 236795 256743
reverse false
base dir name: ['', '4T', 'CXY', 'MV-Painter', 'data', 'train_data']
alpha count: 236795 256743
reverse false
base dir name: ['', '4T', 'CXY', 'MV-Painter', 'data', 'train_data']
alpha count: 213848 178085
reverse true
base dir name: ['', '4T', 'CXY', 'MV-Painter', 'data', 'train_data']
alpha count: 213848 178085
reverse true
base dir name: ['', '4T', 'CXY', 'MV-Painter', 'data', 'train_data']
alpha count: 242577 227114
reverse true
base dir name: ['', '4T', 'CXY', 'MV-Painter', 'data', 'train_data']
alpha count: 242577 227114
reverse true
base dir name: ['', '4T', 'CXY', 'MV-Painter', 'data', 'train_data']
alpha count: 229723 221716
reverse true
base dir name: ['', '4T', 'CXY', 'MV-Painter', 'data', 'train_data']
alpha count: 229723 221716
reverse true
base dir name: ['', '4T', 'CXY', 'MV-Painter', 'data', 'train_data']
alpha count: 246004 238442
reverse true
base dir name: ['', '4T', 'CXY', 'MV-Painter', 'data', 'train_data']
alpha count: 246004 238442
reverse true
[226/276] obj_0249 mae=0.0101 ssim=0.9638
libpng warning: eXIf: duplicate
libpng warning: eXIf: duplicate
libpng warning: eXIf: duplicate
libpng warning: eXIf: duplicate
libpng warning: eXIf: duplicate
libpng warning: eXIf: duplicate
libpng warning: eXIf: duplicate
libpng warning: eXIf: duplicate
libpng warning: eXIf: duplicate
libpng warning: eXIf: duplicate
libpng warning: eXIf: duplicate
libpng warning: eXIf: duplicate
libpng warning: eXIf: duplicate
libpng warning: eXIf: duplicate
libpng warning: eXIf: duplicate
libpng warning: eXIf: duplicate
libpng warning: eXIf: duplicate
libpng warning: eXIf: duplicate
libpng warning: eXIf: duplicate
libpng warning: eXIf: duplicate
libpng warning: eXIf: duplicate
libpng warning: eXIf: duplicate
libpng warning: eXIf: duplicate
libpng warning: eXIf: duplicate
libpng warning: eXIf: duplicate
libpng warning: eXIf: duplicate
libpng warning: eXIf: duplicate
libpng warning: eXIf: duplicate
libpng warning: eXIf: duplicate
libpng warning: eXIf: duplicate
libpng warning: eXIf: duplicate
libpng warning: eXIf: duplicate
libpng warning: eXIf: duplicate
libpng warning: eXIf: duplicate
libpng warning: eXIf: duplicate
libpng warning: eXIf: duplicate
libpng warning: eXIf: duplicate
libpng warning: eXIf: duplicate
libpng warning: eXIf: duplicate
libpng warning: eXIf: duplicate
libpng warning: eXIf: duplicate
libpng warning: eXIf: duplicate
libpng warning: eXIf: duplicate
libpng warning: eXIf: duplicate
libpng warning: eXIf: duplicate
libpng warning: eXIf: duplicate
libpng warning: eXIf: duplicate
libpng warning: eXIf: duplicate
libpng warning: eXIf: duplicate
libpng warning: eXIf: duplicate
libpng warning: eXIf: duplicate
libpng warning: eXIf: duplicate
libpng warning: eXIf: duplicate
libpng warning: eXIf: duplicate
libpng warning: eXIf: duplicate
libpng warning: eXIf: duplicate
libpng warning: eXIf: duplicate
libpng warning: eXIf: duplicate
libpng warning: eXIf: duplicate
libpng warning: eXIf: duplicate
libpng warning: eXIf: duplicate
libpng warning: eXIf: duplicate
libpng warning: eXIf: duplicate
libpng warning: eXIf: duplicate
libpng warning: eXIf: duplicate
libpng warning: eXIf: duplicate
libpng warning: eXIf: duplicate
libpng warning: eXIf: duplicate
libpng warning: eXIf: duplicate
libpng warning: eXIf: duplicate
libpng warning: eXIf: duplicate
libpng warning: eXIf: duplicate
libpng warning: eXIf: duplicate
libpng warning: eXIf: duplicate
libpng warning: eXIf: duplicate
libpng warning: eXIf: duplicate
libpng warning: eXIf: duplicate
libpng warning: eXIf: duplicate
libpng warning: eXIf: duplicate
libpng warning: eXIf: duplicate
libpng warning: eXIf: duplicate
libpng warning: eXIf: duplicate
libpng warning: eXIf: duplicate
libpng warning: eXIf: duplicate
libpng warning: eXIf: duplicate
libpng warning: eXIf: duplicate
libpng warning: eXIf: duplicate
libpng warning: eXIf: duplicate
libpng warning: eXIf: duplicate
libpng warning: eXIf: duplicate
libpng warning: eXIf: duplicate
libpng warning: eXIf: duplicate
libpng warning: eXIf: duplicate
libpng warning: eXIf: duplicate
libpng warning: eXIf: duplicate
libpng warning: eXIf: duplicate
libpng warning: eXIf: duplicate
libpng warning: eXIf: duplicate
libpng warning: eXIf: duplicate
libpng warning: eXIf: duplicate
libpng warning: eXIf: duplicate
libpng warning: eXIf: duplicate
libpng warning: eXIf: duplicate
libpng warning: eXIf: duplicate
libpng warning: eXIf: duplicate
libpng warning: eXIf: duplicate
libpng warning: eXIf: duplicate
libpng warning: eXIf: duplicate
libpng warning: eXIf: duplicate
libpng warning: eXIf: duplicate
libpng warning: eXIf: duplicate
libpng warning: eXIf: duplicate
libpng warning: eXIf: duplicate
libpng warning: eXIf: duplicate
libpng warning: eXIf: duplicate
libpng warning: eXIf: duplicate
libpng warning: eXIf: duplicate
libpng warning: eXIf: duplicate
libpng warning: eXIf: duplicate
libpng warning: eXIf: duplicate
libpng warning: eXIf: duplicate
libpng warning: eXIf: duplicate
libpng warning: eXIf: duplicate
libpng warning: eXIf: duplicate
libpng warning: eXIf: duplicate
libpng warning: eXIf: duplicate
libpng warning: eXIf: duplicate
libpng warning: eXIf: duplicate
libpng warning: eXIf: duplicate
libpng warning: eXIf: duplicate
libpng warning: eXIf: duplicate
libpng warning: eXIf: duplicate
libpng warning: eXIf: duplicate
libpng warning: eXIf: duplicate
libpng warning: eXIf: duplicate
libpng warning: eXIf: duplicate
libpng warning: eXIf: duplicate
libpng warning: eXIf: duplicate
libpng warning: eXIf: duplicate
libpng warning: eXIf: duplicate
libpng warning: eXIf: duplicate
libpng warning: eXIf: duplicate
libpng warning: eXIf: duplicate
libpng warning: eXIf: duplicate
libpng warning: eXIf: duplicate
libpng warning: eXIf: duplicate
libpng warning: eXIf: duplicate
libpng warning: eXIf: duplicate
libpng warning: eXIf: duplicate
libpng warning: eXIf: duplicate
libpng warning: eXIf: duplicate
libpng warning: eXIf: duplicate
libpng warning: eXIf: duplicate
libpng warning: eXIf: duplicate
libpng warning: eXIf: duplicate
libpng warning: eXIf: duplicate
libpng warning: eXIf: duplicate
libpng warning: eXIf: duplicate
libpng warning: eXIf: duplicate
libpng warning: eXIf: duplicate
libpng warning: eXIf: duplicate
libpng warning: eXIf: duplicate
libpng warning: eXIf: duplicate
libpng warning: eXIf: duplicate
libpng warning: eXIf: duplicate
libpng warning: eXIf: duplicate
libpng warning: eXIf: duplicate
libpng warning: eXIf: duplicate
libpng warning: eXIf: duplicate
libpng warning: eXIf: duplicate
libpng warning: eXIf: duplicate
libpng warning: eXIf: duplicate
libpng warning: eXIf: duplicate
libpng warning: eXIf: duplicate
libpng warning: eXIf: duplicate
libpng warning: eXIf: duplicate
libpng warning: eXIf: duplicate
libpng warning: eXIf: duplicate
libpng warning: eXIf: duplicate
libpng warning: eXIf: duplicate
libpng warning: eXIf: duplicate
libpng warning: eXIf: duplicate
libpng warning: eXIf: duplicate
libpng warning: eXIf: duplicate
libpng warning: eXIf: duplicate
libpng warning: eXIf: duplicate
libpng warning: eXIf: duplicate
libpng warning: eXIf: duplicate
libpng warning: eXIf: duplicate
libpng warning: eXIf: duplicate
libpng warning: eXIf: duplicate
libpng warning: eXIf: duplicate
libpng warning: eXIf: duplicate
libpng warning: eXIf: duplicate
libpng warning: eXIf: duplicate
libpng warning: eXIf: duplicate
libpng warning: eXIf: duplicate
libpng warning: eXIf: duplicate
libpng warning: eXIf: duplicate
libpng warning: eXIf: duplicate
libpng warning: eXIf: duplicate
libpng warning: eXIf: duplicate
libpng warning: eXIf: duplicate
libpng warning: eXIf: duplicate
libpng warning: eXIf: duplicate
libpng warning: eXIf: duplicate
libpng warning: eXIf: duplicate
libpng warning: eXIf: duplicate
libpng warning: eXIf: duplicate
libpng warning: eXIf: duplicate
libpng warning: eXIf: duplicate
libpng warning: eXIf: duplicate
libpng warning: eXIf: duplicate
libpng warning: eXIf: duplicate
libpng warning: eXIf: duplicate
libpng warning: eXIf: duplicate
libpng warning: eXIf: duplicate
libpng warning: eXIf: duplicate
libpng warning: eXIf: duplicate
libpng warning: eXIf: duplicate
libpng warning: eXIf: duplicate
libpng warning: eXIf: duplicate
libpng warning: eXIf: duplicate
libpng warning: eXIf: duplicate
libpng warning: eXIf: duplicate
libpng warning: eXIf: duplicate
libpng warning: eXIf: duplicate
libpng warning: eXIf: duplicate
libpng warning: eXIf: duplicate
libpng warning: eXIf: duplicate
libpng warning: eXIf: duplicate
libpng warning: eXIf: duplicate
libpng warning: eXIf: duplicate
libpng warning: eXIf: duplicate
libpng warning: eXIf: duplicate
libpng warning: eXIf: duplicate
libpng warning: eXIf: duplicate
libpng warning: eXIf: duplicate
libpng warning: eXIf: duplicate
libpng warning: eXIf: duplicate
libpng warning: eXIf: duplicate
libpng warning: eXIf: duplicate
libpng warning: eXIf: duplicate
libpng warning: eXIf: duplicate
libpng warning: eXIf: duplicate
libpng warning: eXIf: duplicate
libpng warning: eXIf: duplicate
libpng warning: eXIf: duplicate
libpng warning: eXIf: duplicate
libpng warning: eXIf: duplicate
libpng warning: eXIf: duplicate
libpng warning: eXIf: duplicate
libpng warning: eXIf: duplicate
libpng warning: eXIf: duplicate
libpng warning: eXIf: duplicate
libpng warning: eXIf: duplicate
libpng warning: eXIf: duplicate
libpng warning: eXIf: duplicate
libpng warning: eXIf: duplicate
libpng warning: eXIf: duplicate
libpng warning: eXIf: duplicate
libpng warning: eXIf: duplicate
libpng warning: eXIf: duplicate
libpng warning: eXIf: duplicate
libpng warning: eXIf: duplicate
libpng warning: eXIf: duplicate
libpng warning: eXIf: duplicate
libpng warning: eXIf: duplicate
libpng warning: eXIf: duplicate
libpng warning: eXIf: duplicate
libpng warning: eXIf: duplicate
libpng warning: eXIf: duplicate
libpng warning: eXIf: duplicate
libpng warning: eXIf: duplicate
libpng warning: eXIf: duplicate
libpng warning: eXIf: duplicate
libpng warning: eXIf: duplicate
libpng warning: eXIf: duplicate
libpng warning: eXIf: duplicate
libpng warning: eXIf: duplicate
libpng warning: eXIf: duplicate
libpng warning: eXIf: duplicate
libpng warning: eXIf: duplicate
libpng warning: eXIf: duplicate
libpng warning: eXIf: duplicate
libpng warning: eXIf: duplicate
libpng warning: eXIf: duplicate
libpng warning: eXIf: duplicate
libpng warning: eXIf: duplicate
libpng warning: eXIf: duplicate
libpng warning: eXIf: duplicate
libpng warning: eXIf: duplicate
libpng warning: eXIf: duplicate
libpng warning: eXIf: duplicate
libpng warning: eXIf: duplicate
libpng warning: eXIf: duplicate
libpng warning: eXIf: duplicate
libpng warning: eXIf: duplicate
libpng warning: eXIf: duplicate
libpng warning: eXIf: duplicate
libpng warning: eXIf: duplicate
libpng warning: eXIf: duplicate
libpng warning: eXIf: duplicate
libpng warning: eXIf: duplicate
libpng warning: eXIf: duplicate
libpng warning: eXIf: duplicate
libpng warning: eXIf: duplicate
libpng warning: eXIf: duplicate
libpng warning: eXIf: duplicate
libpng warning: eXIf: duplicate
libpng warning: eXIf: duplicate
libpng warning: eXIf: duplicate
libpng warning: eXIf: duplicate
libpng warning: eXIf: duplicate
libpng warning: eXIf: duplicate
libpng warning: eXIf: duplicate
libpng warning: eXIf: duplicate
libpng warning: eXIf: duplicate
libpng warning: eXIf: duplicate
libpng warning: eXIf: duplicate
libpng warning: eXIf: duplicate
libpng warning: eXIf: duplicate
libpng warning: eXIf: duplicate
libpng warning: eXIf: duplicate
libpng warning: eXIf: duplicate
libpng warning: eXIf: duplicate
libpng warning: eXIf: duplicate
libpng warning: eXIf: duplicate
libpng warning: eXIf: duplicate
libpng warning: eXIf: duplicate
libpng warning: eXIf: duplicate
libpng warning: eXIf: duplicate
libpng warning: eXIf: duplicate
libpng warning: eXIf: duplicate
libpng warning: eXIf: duplicate
libpng warning: eXIf: duplicate
libpng warning: eXIf: duplicate
libpng warning: eXIf: duplicate
libpng warning: eXIf: duplicate
libpng warning: eXIf: duplicate
libpng warning: eXIf: duplicate
libpng warning: eXIf: duplicate
libpng warning: eXIf: duplicate
libpng warning: eXIf: duplicate
libpng warning: eXIf: duplicate
libpng warning: eXIf: duplicate
libpng warning: eXIf: duplicate
libpng warning: eXIf: duplicate
libpng warning: eXIf: duplicate
libpng warning: eXIf: duplicate
libpng warning: eXIf: duplicate
libpng warning: eXIf: duplicate
libpng warning: eXIf: duplicate
libpng warning: eXIf: duplicate
libpng warning: eXIf: duplicate
libpng warning: eXIf: duplicate
libpng warning: eXIf: duplicate
libpng warning: eXIf: duplicate
libpng warning: eXIf: duplicate
libpng warning: eXIf: duplicate
libpng warning: eXIf: duplicate
libpng warning: eXIf: duplicate
libpng warning: eXIf: duplicate
libpng warning: eXIf: duplicate
libpng warning: eXIf: duplicate
libpng warning: eXIf: duplicate
libpng warning: eXIf: duplicate
libpng warning: eXIf: duplicate
libpng warning: eXIf: duplicate
libpng warning: eXIf: duplicate
libpng warning: eXIf: duplicate
libpng warning: eXIf: duplicate
libpng warning: eXIf: duplicate
libpng warning: eXIf: duplicate
libpng warning: eXIf: duplicate
libpng warning: eXIf: duplicate
libpng warning: eXIf: duplicate
libpng warning: eXIf: duplicate
libpng warning: eXIf: duplicate
libpng warning: eXIf: duplicate
libpng warning: eXIf: duplicate
libpng warning: eXIf: duplicate
libpng warning: eXIf: duplicate
libpng warning: eXIf: duplicate
libpng warning: eXIf: duplicate
libpng warning: eXIf: duplicate
libpng warning: eXIf: duplicate
libpng warning: eXIf: duplicate
libpng warning: eXIf: duplicate
libpng warning: eXIf: duplicate
libpng warning: eXIf: duplicate
libpng warning: eXIf: duplicate
libpng warning: eXIf: duplicate
libpng warning: eXIf: duplicate
libpng warning: eXIf: duplicate
libpng warning: eXIf: duplicate
libpng warning: eXIf: duplicate
libpng warning: eXIf: duplicate
libpng warning: eXIf: duplicate
libpng warning: eXIf: duplicate
libpng warning: eXIf: duplicate
libpng warning: eXIf: duplicate
libpng warning: eXIf: duplicate
libpng warning: eXIf: duplicate
libpng warning: eXIf: duplicate
libpng warning: eXIf: duplicate
libpng warning: eXIf: duplicate
libpng warning: eXIf: duplicate
libpng warning: eXIf: duplicate
libpng warning: eXIf: duplicate
libpng warning: eXIf: duplicate
libpng warning: eXIf: duplicate
libpng warning: eXIf: duplicate
libpng warning: eXIf: duplicate
libpng warning: eXIf: duplicate
libpng warning: eXIf: duplicate
libpng warning: eXIf: duplicate
libpng warning: eXIf: duplicate
libpng warning: eXIf: duplicate
libpng warning: eXIf: duplicate
libpng warning: eXIf: duplicate
libpng warning: eXIf: duplicate
libpng warning: eXIf: duplicate
libpng warning: eXIf: duplicate
libpng warning: eXIf: duplicate
libpng warning: eXIf: duplicate
libpng warning: eXIf: duplicate
libpng warning: eXIf: duplicate
libpng warning: eXIf: duplicate
libpng warning: eXIf: duplicate
libpng warning: eXIf: duplicate
libpng warning: eXIf: duplicate
libpng warning: eXIf: duplicate
libpng warning: eXIf: duplicate
libpng warning: eXIf: duplicate
libpng warning: eXIf: duplicate
libpng warning: eXIf: duplicate
libpng warning: eXIf: duplicate
libpng warning: eXIf: duplicate
libpng warning: eXIf: duplicate
libpng warning: eXIf: duplicate
libpng warning: eXIf: duplicate
libpng warning: eXIf: duplicate
libpng warning: eXIf: duplicate
libpng warning: eXIf: duplicate
libpng warning: eXIf: duplicate
libpng warning: eXIf: duplicate
libpng warning: eXIf: duplicate
libpng warning: eXIf: duplicate
libpng warning: eXIf: duplicate
base dir name: ['', '4T', 'CXY', 'MV-Painter', 'data', 'train_data']
alpha count: 205158 224731
reverse false
base dir name: ['', '4T', 'CXY', 'MV-Painter', 'data', 'train_data']
alpha count: 205158 224731
reverse false
base dir name: ['', '4T', 'CXY', 'MV-Painter', 'data', 'train_data']
alpha count: 223726 248974
reverse false
base dir name: ['', '4T', 'CXY', 'MV-Painter', 'data', 'train_data']
alpha count: 223726 248974
reverse false
base dir name: ['', '4T', 'CXY', 'MV-Painter', 'data', 'train_data']
alpha count: 260800 256101
reverse true
base dir name: ['', '4T', 'CXY', 'MV-Painter', 'data', 'train_data']
alpha count: 260800 256101
reverse true
base dir name: ['', '4T', 'CXY', 'MV-Painter', 'data', 'train_data']
alpha count: 241681 199895
reverse true
base dir name: ['', '4T', 'CXY', 'MV-Painter', 'data', 'train_data']
alpha count: 241681 199895
reverse true
base dir name: ['', '4T', 'CXY', 'MV-Painter', 'data', 'train_data']
alpha count: 256211 190803
reverse true
base dir name: ['', '4T', 'CXY', 'MV-Painter', 'data', 'train_data']
alpha count: 256211 190803
reverse true
base dir name: ['', '4T', 'CXY', 'MV-Painter', 'data', 'train_data']
alpha count: 236149 257618
reverse false
base dir name: ['', '4T', 'CXY', 'MV-Painter', 'data', 'train_data']
alpha count: 236149 257618
reverse false
base dir name: ['', '4T', 'CXY', 'MV-Painter', 'data', 'train_data']
alpha count: 196103 173470
reverse true
base dir name: ['', '4T', 'CXY', 'MV-Painter', 'data', 'train_data']
alpha count: 196103 173470
reverse true
base dir name: ['', '4T', 'CXY', 'MV-Painter', 'data', 'train_data']
alpha count: 256646 252381
reverse true
base dir name: ['', '4T', 'CXY', 'MV-Painter', 'data', 'train_data']
alpha count: 256646 252381
reverse true
base dir name: ['', '4T', 'CXY', 'MV-Painter', 'data', 'train_data']
alpha count: 259003 241773
reverse true
base dir name: ['', '4T', 'CXY', 'MV-Painter', 'data', 'train_data']
alpha count: 259003 241773
reverse true
base dir name: ['', '4T', 'CXY', 'MV-Painter', 'data', 'train_data']
alpha count: 256747 191952
reverse true
base dir name: ['', '4T', 'CXY', 'MV-Painter', 'data', 'train_data']
alpha count: 256747 191952
reverse true
base dir name: ['', '4T', 'CXY', 'MV-Painter', 'data', 'train_data']
alpha count: 195639 177120
reverse true
base dir name: ['', '4T', 'CXY', 'MV-Painter', 'data', 'train_data']
alpha count: 195639 177120
reverse true
base dir name: ['', '4T', 'CXY', 'MV-Painter', 'data', 'train_data']
alpha count: 256197 247135
reverse true
base dir name: ['', '4T', 'CXY', 'MV-Painter', 'data', 'train_data']
alpha count: 256197 247135
reverse true
base dir name: ['', '4T', 'CXY', 'MV-Painter', 'data', 'train_data']
alpha count: 237672 186359
reverse true
base dir name: ['', '4T', 'CXY', 'MV-Painter', 'data', 'train_data']
alpha count: 237672 186359
reverse true
base dir name: ['', '4T', 'CXY', 'MV-Painter', 'data', 'train_data']
alpha count: 252146 201107
reverse true
base dir name: ['', '4T', 'CXY', 'MV-Painter', 'data', 'train_data']
alpha count: 252146 201107
reverse true
base dir name: ['', '4T', 'CXY', 'MV-Painter', 'data', 'train_data']
alpha count: 236061 221392
reverse true
base dir name: ['', '4T', 'CXY', 'MV-Painter', 'data', 'train_data']
alpha count: 236061 221392
reverse true
base dir name: ['', '4T', 'CXY', 'MV-Painter', 'data', 'train_data']
alpha count: 219700 183484
reverse true
base dir name: ['', '4T', 'CXY', 'MV-Painter', 'data', 'train_data']
alpha count: 219700 183484
reverse true
base dir name: ['', '4T', 'CXY', 'MV-Painter', 'data', 'train_data']
alpha count: 249167 181814
reverse true
base dir name: ['', '4T', 'CXY', 'MV-Painter', 'data', 'train_data']
alpha count: 249167 181814
reverse true
base dir name: ['', '4T', 'CXY', 'MV-Painter', 'data', 'train_data']
alpha count: 255937 219112
reverse true
base dir name: ['', '4T', 'CXY', 'MV-Painter', 'data', 'train_data']
alpha count: 255937 219112
reverse true
base dir name: ['', '4T', 'CXY', 'MV-Painter', 'data', 'train_data']
alpha count: 195131 249481
reverse false
base dir name: ['', '4T', 'CXY', 'MV-Painter', 'data', 'train_data']
alpha count: 195131 249481
reverse false
base dir name: ['', '4T', 'CXY', 'MV-Painter', 'data', 'train_data']
alpha count: 226787 235112
reverse false
base dir name: ['', '4T', 'CXY', 'MV-Painter', 'data', 'train_data']
alpha count: 226787 235112
reverse false
base dir name: ['', '4T', 'CXY', 'MV-Painter', 'data', 'train_data']
alpha count: 207663 173528
reverse true
base dir name: ['', '4T', 'CXY', 'MV-Painter', 'data', 'train_data']
alpha count: 207663 173528
reverse true
base dir name: ['', '4T', 'CXY', 'MV-Painter', 'data', 'train_data']
alpha count: 260314 256172
reverse true
base dir name: ['', '4T', 'CXY', 'MV-Painter', 'data', 'train_data']
alpha count: 260314 256172
reverse true
base dir name: ['', '4T', 'CXY', 'MV-Painter', 'data', 'train_data']
alpha count: 203187 206509
reverse false
base dir name: ['', '4T', 'CXY', 'MV-Painter', 'data', 'train_data']
alpha count: 203187 206509
reverse false
base dir name: ['', '4T', 'CXY', 'MV-Painter', 'data', 'train_data']
alpha count: 252261 230057
reverse true
base dir name: ['', '4T', 'CXY', 'MV-Painter', 'data', 'train_data']
alpha count: 252261 230057
reverse true
base dir name: ['', '4T', 'CXY', 'MV-Painter', 'data', 'train_data']
alpha count: 196980 205339
reverse false
base dir name: ['', '4T', 'CXY', 'MV-Painter', 'data', 'train_data']
alpha count: 196980 205339
reverse false
[251/276] obj_0274 mae=0.0157 ssim=0.9271
libpng warning: eXIf: duplicate
libpng warning: eXIf: duplicate
libpng warning: eXIf: duplicate
libpng warning: eXIf: duplicate
libpng warning: eXIf: duplicate
libpng warning: eXIf: duplicate
libpng warning: eXIf: duplicate
libpng warning: eXIf: duplicate
libpng warning: eXIf: duplicate
libpng warning: eXIf: duplicate
libpng warning: eXIf: duplicate
libpng warning: eXIf: duplicate
libpng warning: eXIf: duplicate
libpng warning: eXIf: duplicate
libpng warning: eXIf: duplicate
libpng warning: eXIf: duplicate
libpng warning: eXIf: duplicate
libpng warning: eXIf: duplicate
libpng warning: eXIf: duplicate
libpng warning: eXIf: duplicate
libpng warning: eXIf: duplicate
libpng warning: eXIf: duplicate
libpng warning: eXIf: duplicate
libpng warning: eXIf: duplicate
libpng warning: eXIf: duplicate
libpng warning: eXIf: duplicate
libpng warning: eXIf: duplicate
libpng warning: eXIf: duplicate
libpng warning: eXIf: duplicate
libpng warning: eXIf: duplicate
libpng warning: eXIf: duplicate
libpng warning: eXIf: duplicate
libpng warning: eXIf: duplicate
libpng warning: eXIf: duplicate
libpng warning: eXIf: duplicate
libpng warning: eXIf: duplicate
libpng warning: eXIf: duplicate
libpng warning: eXIf: duplicate
libpng warning: eXIf: duplicate
libpng warning: eXIf: duplicate
libpng warning: eXIf: duplicate
libpng warning: eXIf: duplicate
libpng warning: eXIf: duplicate
libpng warning: eXIf: duplicate
libpng warning: eXIf: duplicate
libpng warning: eXIf: duplicate
libpng warning: eXIf: duplicate
libpng warning: eXIf: duplicate
libpng warning: eXIf: duplicate
libpng warning: eXIf: duplicate
libpng warning: eXIf: duplicate
libpng warning: eXIf: duplicate
libpng warning: eXIf: duplicate
libpng warning: eXIf: duplicate
libpng warning: eXIf: duplicate
libpng warning: eXIf: duplicate
libpng warning: eXIf: duplicate
libpng warning: eXIf: duplicate
libpng warning: eXIf: duplicate
libpng warning: eXIf: duplicate
libpng warning: eXIf: duplicate
libpng warning: eXIf: duplicate
libpng warning: eXIf: duplicate
libpng warning: eXIf: duplicate
libpng warning: eXIf: duplicate
libpng warning: eXIf: duplicate
libpng warning: eXIf: duplicate
libpng warning: eXIf: duplicate
libpng warning: eXIf: duplicate
libpng warning: eXIf: duplicate
libpng warning: eXIf: duplicate
libpng warning: eXIf: duplicate
libpng warning: eXIf: duplicate
libpng warning: eXIf: duplicate
libpng warning: eXIf: duplicate
libpng warning: eXIf: duplicate
libpng warning: eXIf: duplicate
libpng warning: eXIf: duplicate
libpng warning: eXIf: duplicate
libpng warning: eXIf: duplicate
libpng warning: eXIf: duplicate
libpng warning: eXIf: duplicate
libpng warning: eXIf: duplicate
libpng warning: eXIf: duplicate
libpng warning: eXIf: duplicate
libpng warning: eXIf: duplicate
libpng warning: eXIf: duplicate
libpng warning: eXIf: duplicate
libpng warning: eXIf: duplicate
libpng warning: eXIf: duplicate
libpng warning: eXIf: duplicate
libpng warning: eXIf: duplicate
libpng warning: eXIf: duplicate
libpng warning: eXIf: duplicate
libpng warning: eXIf: duplicate
libpng warning: eXIf: duplicate
libpng warning: eXIf: duplicate
libpng warning: eXIf: duplicate
libpng warning: eXIf: duplicate
libpng warning: eXIf: duplicate
libpng warning: eXIf: duplicate
libpng warning: eXIf: duplicate
libpng warning: eXIf: duplicate
libpng warning: eXIf: duplicate
libpng warning: eXIf: duplicate
libpng warning: eXIf: duplicate
libpng warning: eXIf: duplicate
libpng warning: eXIf: duplicate
libpng warning: eXIf: duplicate
libpng warning: eXIf: duplicate
libpng warning: eXIf: duplicate
libpng warning: eXIf: duplicate
libpng warning: eXIf: duplicate
libpng warning: eXIf: duplicate
libpng warning: eXIf: duplicate
libpng warning: eXIf: duplicate
libpng warning: eXIf: duplicate
libpng warning: eXIf: duplicate
libpng warning: eXIf: duplicate
libpng warning: eXIf: duplicate
libpng warning: eXIf: duplicate
libpng warning: eXIf: duplicate
libpng warning: eXIf: duplicate
libpng warning: eXIf: duplicate
libpng warning: eXIf: duplicate
libpng warning: eXIf: duplicate
libpng warning: eXIf: duplicate
libpng warning: eXIf: duplicate
libpng warning: eXIf: duplicate
libpng warning: eXIf: duplicate
libpng warning: eXIf: duplicate
libpng warning: eXIf: duplicate
libpng warning: eXIf: duplicate
libpng warning: eXIf: duplicate
libpng warning: eXIf: duplicate
libpng warning: eXIf: duplicate
libpng warning: eXIf: duplicate
libpng warning: eXIf: duplicate
libpng warning: eXIf: duplicate
libpng warning: eXIf: duplicate
libpng warning: eXIf: duplicate
libpng warning: eXIf: duplicate
libpng warning: eXIf: duplicate
libpng warning: eXIf: duplicate
libpng warning: eXIf: duplicate
libpng warning: eXIf: duplicate
libpng warning: eXIf: duplicate
libpng warning: eXIf: duplicate
libpng warning: eXIf: duplicate
libpng warning: eXIf: duplicate
libpng warning: eXIf: duplicate
libpng warning: eXIf: duplicate
libpng warning: eXIf: duplicate
libpng warning: eXIf: duplicate
libpng warning: eXIf: duplicate
libpng warning: eXIf: duplicate
libpng warning: eXIf: duplicate
libpng warning: eXIf: duplicate
libpng warning: eXIf: duplicate
libpng warning: eXIf: duplicate
libpng warning: eXIf: duplicate
libpng warning: eXIf: duplicate
libpng warning: eXIf: duplicate
libpng warning: eXIf: duplicate
libpng warning: eXIf: duplicate
libpng warning: eXIf: duplicate
libpng warning: eXIf: duplicate
libpng warning: eXIf: duplicate
libpng warning: eXIf: duplicate
libpng warning: eXIf: duplicate
libpng warning: eXIf: duplicate
libpng warning: eXIf: duplicate
libpng warning: eXIf: duplicate
libpng warning: eXIf: duplicate
libpng warning: eXIf: duplicate
libpng warning: eXIf: duplicate
libpng warning: eXIf: duplicate
libpng warning: eXIf: duplicate
libpng warning: eXIf: duplicate
libpng warning: eXIf: duplicate
libpng warning: eXIf: duplicate
libpng warning: eXIf: duplicate
libpng warning: eXIf: duplicate
libpng warning: eXIf: duplicate
libpng warning: eXIf: duplicate
libpng warning: eXIf: duplicate
libpng warning: eXIf: duplicate
libpng warning: eXIf: duplicate
libpng warning: eXIf: duplicate
libpng warning: eXIf: duplicate
libpng warning: eXIf: duplicate
libpng warning: eXIf: duplicate
libpng warning: eXIf: duplicate
libpng warning: eXIf: duplicate
libpng warning: eXIf: duplicate
libpng warning: eXIf: duplicate
libpng warning: eXIf: duplicate
libpng warning: eXIf: duplicate
libpng warning: eXIf: duplicate
libpng warning: eXIf: duplicate
libpng warning: eXIf: duplicate
libpng warning: eXIf: duplicate
libpng warning: eXIf: duplicate
libpng warning: eXIf: duplicate
libpng warning: eXIf: duplicate
libpng warning: eXIf: duplicate
libpng warning: eXIf: duplicate
libpng warning: eXIf: duplicate
libpng warning: eXIf: duplicate
libpng warning: eXIf: duplicate
libpng warning: eXIf: duplicate
libpng warning: eXIf: duplicate
libpng warning: eXIf: duplicate
libpng warning: eXIf: duplicate
libpng warning: eXIf: duplicate
libpng warning: eXIf: duplicate
libpng warning: eXIf: duplicate
libpng warning: eXIf: duplicate
libpng warning: eXIf: duplicate
libpng warning: eXIf: duplicate
libpng warning: eXIf: duplicate
libpng warning: eXIf: duplicate
libpng warning: eXIf: duplicate
libpng warning: eXIf: duplicate
libpng warning: eXIf: duplicate
libpng warning: eXIf: duplicate
libpng warning: eXIf: duplicate
libpng warning: eXIf: duplicate
libpng warning: eXIf: duplicate
libpng warning: eXIf: duplicate
libpng warning: eXIf: duplicate
libpng warning: eXIf: duplicate
libpng warning: eXIf: duplicate
libpng warning: eXIf: duplicate
libpng warning: eXIf: duplicate
libpng warning: eXIf: duplicate
libpng warning: eXIf: duplicate
libpng warning: eXIf: duplicate
libpng warning: eXIf: duplicate
libpng warning: eXIf: duplicate
libpng warning: eXIf: duplicate
libpng warning: eXIf: duplicate
libpng warning: eXIf: duplicate
libpng warning: eXIf: duplicate
libpng warning: eXIf: duplicate
libpng warning: eXIf: duplicate
libpng warning: eXIf: duplicate
libpng warning: eXIf: duplicate
libpng warning: eXIf: duplicate
libpng warning: eXIf: duplicate
libpng warning: eXIf: duplicate
libpng warning: eXIf: duplicate
libpng warning: eXIf: duplicate
libpng warning: eXIf: duplicate
libpng warning: eXIf: duplicate
libpng warning: eXIf: duplicate
libpng warning: eXIf: duplicate
libpng warning: eXIf: duplicate
libpng warning: eXIf: duplicate
libpng warning: eXIf: duplicate
libpng warning: eXIf: duplicate
libpng warning: eXIf: duplicate
libpng warning: eXIf: duplicate
libpng warning: eXIf: duplicate
libpng warning: eXIf: duplicate
libpng warning: eXIf: duplicate
libpng warning: eXIf: duplicate
libpng warning: eXIf: duplicate
libpng warning: eXIf: duplicate
libpng warning: eXIf: duplicate
libpng warning: eXIf: duplicate
libpng warning: eXIf: duplicate
libpng warning: eXIf: duplicate
libpng warning: eXIf: duplicate
libpng warning: eXIf: duplicate
libpng warning: eXIf: duplicate
libpng warning: eXIf: duplicate
libpng warning: eXIf: duplicate
libpng warning: eXIf: duplicate
libpng warning: eXIf: duplicate
libpng warning: eXIf: duplicate
libpng warning: eXIf: duplicate
libpng warning: eXIf: duplicate
libpng warning: eXIf: duplicate
libpng warning: eXIf: duplicate
libpng warning: eXIf: duplicate
libpng warning: eXIf: duplicate
libpng warning: eXIf: duplicate
libpng warning: eXIf: duplicate
libpng warning: eXIf: duplicate
libpng warning: eXIf: duplicate
libpng warning: eXIf: duplicate
libpng warning: eXIf: duplicate
libpng warning: eXIf: duplicate
libpng warning: eXIf: duplicate
libpng warning: eXIf: duplicate
libpng warning: eXIf: duplicate
libpng warning: eXIf: duplicate
libpng warning: eXIf: duplicate
libpng warning: eXIf: duplicate
libpng warning: eXIf: duplicate
libpng warning: eXIf: duplicate
libpng warning: eXIf: duplicate
libpng warning: eXIf: duplicate
libpng warning: eXIf: duplicate
libpng warning: eXIf: duplicate
libpng warning: eXIf: duplicate
libpng warning: eXIf: duplicate
libpng warning: eXIf: duplicate
libpng warning: eXIf: duplicate
libpng warning: eXIf: duplicate
libpng warning: eXIf: duplicate
libpng warning: eXIf: duplicate
libpng warning: eXIf: duplicate
libpng warning: eXIf: duplicate
libpng warning: eXIf: duplicate
libpng warning: eXIf: duplicate
libpng warning: eXIf: duplicate
libpng warning: eXIf: duplicate
libpng warning: eXIf: duplicate
libpng warning: eXIf: duplicate
libpng warning: eXIf: duplicate
libpng warning: eXIf: duplicate
libpng warning: eXIf: duplicate
libpng warning: eXIf: duplicate
libpng warning: eXIf: duplicate
libpng warning: eXIf: duplicate
libpng warning: eXIf: duplicate
libpng warning: eXIf: duplicate
libpng warning: eXIf: duplicate
libpng warning: eXIf: duplicate
libpng warning: eXIf: duplicate
libpng warning: eXIf: duplicate
libpng warning: eXIf: duplicate
libpng warning: eXIf: duplicate
libpng warning: eXIf: duplicate
libpng warning: eXIf: duplicate
libpng warning: eXIf: duplicate
libpng warning: eXIf: duplicate
libpng warning: eXIf: duplicate
libpng warning: eXIf: duplicate
libpng warning: eXIf: duplicate
libpng warning: eXIf: duplicate
libpng warning: eXIf: duplicate
libpng warning: eXIf: duplicate
libpng warning: eXIf: duplicate
libpng warning: eXIf: duplicate
libpng warning: eXIf: duplicate
libpng warning: eXIf: duplicate
libpng warning: eXIf: duplicate
libpng warning: eXIf: duplicate
libpng warning: eXIf: duplicate
libpng warning: eXIf: duplicate
libpng warning: eXIf: duplicate
libpng warning: eXIf: duplicate
libpng warning: eXIf: duplicate
libpng warning: eXIf: duplicate
libpng warning: eXIf: duplicate
libpng warning: eXIf: duplicate
libpng warning: eXIf: duplicate
libpng warning: eXIf: duplicate
libpng warning: eXIf: duplicate
libpng warning: eXIf: duplicate
libpng warning: eXIf: duplicate
libpng warning: eXIf: duplicate
libpng warning: eXIf: duplicate
libpng warning: eXIf: duplicate
libpng warning: eXIf: duplicate
libpng warning: eXIf: duplicate
libpng warning: eXIf: duplicate
libpng warning: eXIf: duplicate
libpng warning: eXIf: duplicate
libpng warning: eXIf: duplicate
libpng warning: eXIf: duplicate
libpng warning: eXIf: duplicate
libpng warning: eXIf: duplicate
libpng warning: eXIf: duplicate
libpng warning: eXIf: duplicate
libpng warning: eXIf: duplicate
libpng warning: eXIf: duplicate
libpng warning: eXIf: duplicate
libpng warning: eXIf: duplicate
libpng warning: eXIf: duplicate
libpng warning: eXIf: duplicate
libpng warning: eXIf: duplicate
libpng warning: eXIf: duplicate
libpng warning: eXIf: duplicate
libpng warning: eXIf: duplicate
libpng warning: eXIf: duplicate
libpng warning: eXIf: duplicate
libpng warning: eXIf: duplicate
libpng warning: eXIf: duplicate
libpng warning: eXIf: duplicate
libpng warning: eXIf: duplicate
libpng warning: eXIf: duplicate
libpng warning: eXIf: duplicate
libpng warning: eXIf: duplicate
libpng warning: eXIf: duplicate
libpng warning: eXIf: duplicate
libpng warning: eXIf: duplicate
libpng warning: eXIf: duplicate
libpng warning: eXIf: duplicate
libpng warning: eXIf: duplicate
libpng warning: eXIf: duplicate
libpng warning: eXIf: duplicate
libpng warning: eXIf: duplicate
libpng warning: eXIf: duplicate
libpng warning: eXIf: duplicate
libpng warning: eXIf: duplicate
libpng warning: eXIf: duplicate
libpng warning: eXIf: duplicate
libpng warning: eXIf: duplicate
libpng warning: eXIf: duplicate
libpng warning: eXIf: duplicate
libpng warning: eXIf: duplicate
libpng warning: eXIf: duplicate
libpng warning: eXIf: duplicate
libpng warning: eXIf: duplicate
libpng warning: eXIf: duplicate
libpng warning: eXIf: duplicate
libpng warning: eXIf: duplicate
libpng warning: eXIf: duplicate
libpng warning: eXIf: duplicate
libpng warning: eXIf: duplicate
libpng warning: eXIf: duplicate
libpng warning: eXIf: duplicate
libpng warning: eXIf: duplicate
libpng warning: eXIf: duplicate
libpng warning: eXIf: duplicate
libpng warning: eXIf: duplicate
libpng warning: eXIf: duplicate
libpng warning: eXIf: duplicate
libpng warning: eXIf: duplicate
libpng warning: eXIf: duplicate
libpng warning: eXIf: duplicate
libpng warning: eXIf: duplicate
libpng warning: eXIf: duplicate
libpng warning: eXIf: duplicate
libpng warning: eXIf: duplicate
libpng warning: eXIf: duplicate
libpng warning: eXIf: duplicate
libpng warning: eXIf: duplicate
libpng warning: eXIf: duplicate
libpng warning: eXIf: duplicate
libpng warning: eXIf: duplicate
libpng warning: eXIf: duplicate
libpng warning: eXIf: duplicate
libpng warning: eXIf: duplicate
libpng warning: eXIf: duplicate
libpng warning: eXIf: duplicate
base dir name: ['', '4T', 'CXY', 'MV-Painter', 'data', 'train_data']
alpha count: 257959 198259
reverse true
base dir name: ['', '4T', 'CXY', 'MV-Painter', 'data', 'train_data']
alpha count: 257959 198259
reverse true
base dir name: ['', '4T', 'CXY', 'MV-Painter', 'data', 'train_data']
alpha count: 222287 210997
reverse true
base dir name: ['', '4T', 'CXY', 'MV-Painter', 'data', 'train_data']
alpha count: 222287 210997
reverse true
base dir name: ['', '4T', 'CXY', 'MV-Painter', 'data', 'train_data']
alpha count: 203540 207469
reverse false
base dir name: ['', '4T', 'CXY', 'MV-Painter', 'data', 'train_data']
alpha count: 203540 207469
reverse false
base dir name: ['', '4T', 'CXY', 'MV-Painter', 'data', 'train_data']
alpha count: 255646 192813
reverse true
base dir name: ['', '4T', 'CXY', 'MV-Painter', 'data', 'train_data']
alpha count: 255646 192813
reverse true
base dir name: ['', '4T', 'CXY', 'MV-Painter', 'data', 'train_data']
alpha count: 256296 233393
reverse true
base dir name: ['', '4T', 'CXY', 'MV-Painter', 'data', 'train_data']
alpha count: 256296 233393
reverse true
base dir name: ['', '4T', 'CXY', 'MV-Painter', 'data', 'train_data']
alpha count: 206410 179973
reverse true
base dir name: ['', '4T', 'CXY', 'MV-Painter', 'data', 'train_data']
alpha count: 206410 179973
reverse true
base dir name: ['', '4T', 'CXY', 'MV-Painter', 'data', 'train_data']
alpha count: 256562 195151
reverse true
base dir name: ['', '4T', 'CXY', 'MV-Painter', 'data', 'train_data']
alpha count: 256562 195151
reverse true
base dir name: ['', '4T', 'CXY', 'MV-Painter', 'data', 'train_data']
alpha count: 245236 250131
reverse false
base dir name: ['', '4T', 'CXY', 'MV-Painter', 'data', 'train_data']
alpha count: 245236 250131
reverse false
base dir name: ['', '4T', 'CXY', 'MV-Painter', 'data', 'train_data']
alpha count: 193638 155483
reverse true
base dir name: ['', '4T', 'CXY', 'MV-Painter', 'data', 'train_data']
alpha count: 193638 155483
reverse true
base dir name: ['', '4T', 'CXY', 'MV-Painter', 'data', 'train_data']
alpha count: 230526 235892
reverse false
base dir name: ['', '4T', 'CXY', 'MV-Painter', 'data', 'train_data']
alpha count: 230526 235892
reverse false
base dir name: ['', '4T', 'CXY', 'MV-Painter', 'data', 'train_data']
alpha count: 195914 226420
reverse false
base dir name: ['', '4T', 'CXY', 'MV-Painter', 'data', 'train_data']
alpha count: 195914 226420
reverse false
base dir name: ['', '4T', 'CXY', 'MV-Painter', 'data', 'train_data']
alpha count: 212735 198254
reverse true
base dir name: ['', '4T', 'CXY', 'MV-Painter', 'data', 'train_data']
alpha count: 212735 198254
reverse true
base dir name: ['', '4T', 'CXY', 'MV-Painter', 'data', 'train_data']
alpha count: 253071 204227
reverse true
base dir name: ['', '4T', 'CXY', 'MV-Painter', 'data', 'train_data']
alpha count: 253071 204227
reverse true
base dir name: ['', '4T', 'CXY', 'MV-Painter', 'data', 'train_data']
alpha count: 198968 199835
reverse false
base dir name: ['', '4T', 'CXY', 'MV-Painter', 'data', 'train_data']
alpha count: 198968 199835
reverse false
base dir name: ['', '4T', 'CXY', 'MV-Painter', 'data', 'train_data']
alpha count: 198833 174608
reverse true
base dir name: ['', '4T', 'CXY', 'MV-Painter', 'data', 'train_data']
alpha count: 198833 174608
reverse true
base dir name: ['', '4T', 'CXY', 'MV-Painter', 'data', 'train_data']
alpha count: 200586 197377
reverse true
base dir name: ['', '4T', 'CXY', 'MV-Painter', 'data', 'train_data']
alpha count: 200586 197377
reverse true
base dir name: ['', '4T', 'CXY', 'MV-Painter', 'data', 'train_data']
alpha count: 250401 207680
reverse true
base dir name: ['', '4T', 'CXY', 'MV-Painter', 'data', 'train_data']
alpha count: 250401 207680
reverse true
base dir name: ['', '4T', 'CXY', 'MV-Painter', 'data', 'train_data']
alpha count: 236089 178848
reverse true
base dir name: ['', '4T', 'CXY', 'MV-Painter', 'data', 'train_data']
alpha count: 236089 178848
reverse true
base dir name: ['', '4T', 'CXY', 'MV-Painter', 'data', 'train_data']
alpha count: 256771 241973
reverse true
base dir name: ['', '4T', 'CXY', 'MV-Painter', 'data', 'train_data']
alpha count: 256771 241973
reverse true
base dir name: ['', '4T', 'CXY', 'MV-Painter', 'data', 'train_data']
alpha count: 253220 211703
reverse true
base dir name: ['', '4T', 'CXY', 'MV-Painter', 'data', 'train_data']
alpha count: 253220 211703
reverse true
base dir name: ['', '4T', 'CXY', 'MV-Painter', 'data', 'train_data']
alpha count: 237062 191410
reverse true
base dir name: ['', '4T', 'CXY', 'MV-Painter', 'data', 'train_data']
alpha count: 237062 191410
reverse true
base dir name: ['', '4T', 'CXY', 'MV-Painter', 'data', 'train_data']
alpha count: 208371 161627
reverse true
base dir name: ['', '4T', 'CXY', 'MV-Painter', 'data', 'train_data']
alpha count: 208371 161627
reverse true
base dir name: ['', '4T', 'CXY', 'MV-Painter', 'data', 'train_data']
alpha count: 255913 184987
reverse true
base dir name: ['', '4T', 'CXY', 'MV-Painter', 'data', 'train_data']
alpha count: 255913 184987
reverse true
base dir name: ['', '4T', 'CXY', 'MV-Painter', 'data', 'train_data']
alpha count: 232496 223466
reverse true
base dir name: ['', '4T', 'CXY', 'MV-Painter', 'data', 'train_data']
alpha count: 232496 223466
reverse true
base dir name: ['', '4T', 'CXY', 'MV-Painter', 'data', 'train_data']
alpha count: 215461 208329
reverse true
base dir name: ['', '4T', 'CXY', 'MV-Painter', 'data', 'train_data']
alpha count: 215461 208329
reverse true
[276/276] obj_0299 mae=0.0236 ssim=0.9337
{
 "n_objects": 276,
 "cond_mae": {
  "median": 0.030659429728984833,
  "iqr": [
   0.017469041049480438,
   0.049598366022109985
  ],
  "p05": 0.005155665799975395,
  "p95": 0.09145812690258026,
  "mean": 0.03717349090426148
 },
 "cond_ssim": {
  "median": 0.9280335009098053,
  "iqr": [
   0.8893248438835144,
   0.9566709399223328
  ],
  "p05": 0.8235499262809753,
  "p95": 0.9778823256492615,
  "mean": 0.9181482694719149
 },
 "cond_lat_l2_diff": {
  "median": 455.6770935058594,
  "iqr": [
   373.0875549316406,
   565.1649169921875
  ],
  "p05": 237.29701232910156,
  "p95": 738.810302734375,
  "mean": 472.17230014524597
 }
}
done
